# Time (seconds),Pressure (normalized),Temp (normalized)
0.0078125,0.7284004574730283,0.24012084960937485
0.0234375,0.728804452078683,0.2398974609375
0.0390625,0.7287750244140618,0.24125366210937485
0.0546875,0.7287968226841525,0.24095520019531236
0.0703125,0.7288178943452381,0.24050811767578126
0.0859375,0.7287488664899546,0.24044891357421874
0.1015625,0.728715079171317,0.2407763671875
0.1171875,0.7288218906947544,0.24080657958984375
0.1328125,0.7287103562127977,0.24052307128906236
0.1484375,0.7287234351748512,0.24052307128906236
0.1640625,0.7287158057803199,0.24097045898437486
0.1796875,0.7287713913690477,0.2408807373046875
0.1953125,0.7287619454520096,0.24125366210937485
0.2109375,0.7287822905040929,0.24125366210937485
0.2265625,0.7288731166294643,0.240836181640625
0.2421875,0.72877211797805,0.24062774658203126
0.2578125,0.7287001836867559,0.24091064453125
0.2734375,0.7287190755208334,0.2407916259765625
0.2890625,0.7287350609188988,0.24097045898437486
0.3046875,0.7287488664899546,0.24097045898437486
0.3203125,0.7288327898297992,0.2407763671875
0.3359375,0.7287750244140618,0.240836181640625
0.3515625,0.7287216186523438,0.24122344970703125
0.3671875,0.7287350609188988,0.2411044311523439
0.3828125,0.7286860148111979,0.241134033203125
0.3984375,0.7288680303664428,0.2405975341796875
0.4140625,0.7288593110584071,0.2411044311523439
0.4296875,0.7286097208658854,0.24125366210937485
0.4453125,0.7287822905040929,0.24170074462890626
0.4609375,0.7287321544828869,0.24097045898437486
0.4765625,0.7287564958844867,0.2411492919921875
0.4921875,0.728834969656808,0.24140228271484376
0.5078125,0.7287633986700142,0.24117889404296874
0.5234375,0.7286402384440104,0.2410150146484375
0.5390625,0.7288331531343,0.2414471435546875
0.5546875,0.7288037254696801,0.24131286621093764
0.5703125,0.7287437802269345,0.2417303466796875
0.5859375,0.7287648518880215,0.24149169921875
0.6015625,0.7288080851236979,0.24125366210937485
0.6171875,0.7287681216285342,0.2414471435546875
0.6328125,0.7287314278738832,0.2411492919921875
0.6484375,0.7288567679268974,0.24140228271484376
0.6640625,0.7287165323893229,0.24131286621093764
0.6796875,0.7287619454520096,0.241685791015625
0.6953125,0.7287423270089286,0.2414324951171875
0.7109375,0.7287350609188988,0.24135772705078126
0.7265625,0.7287623087565104,0.241328125
0.7421875,0.7287797473725819,0.24125366210937485
0.7578125,0.7287099929082961,0.24131286621093764
0.7734375,0.7288560413178944,0.24125366210937485
0.7890625,0.7287822905040929,0.2411492919921875
0.8046875,0.7287666684105283,0.2415069580078125
0.8203125,0.7287724812825521,0.2414471435546875
0.8359375,0.7287637619745164,0.24125366210937485
0.8515625,0.7287281581333706,0.24134307861328125
0.8671875,0.7287623087565104,0.2410748291015625
0.8828125,0.7286820184616809,0.24146209716796874
0.8984375,0.7287713913690477,0.24149169921875
0.9140625,0.7287499564034599,0.24153656005859375
0.9296875,0.7287870134626117,0.24146209716796874
0.9453125,0.7287281581333706,0.24131286621093764
0.9609375,0.7288378760928199,0.24120880126953126
0.9765625,0.7288182576497396,0.241328125
0.9921875,0.7287114461263021,0.241417236328125
1.0078125,0.7288138979957217,0.24116424560546876
1.0234375,0.7287815638950893,0.24211761474609375
1.0390625,0.7287713913690477,0.24211761474609375
1.0546875,0.7287822905040929,0.24153656005859375
1.0703125,0.7287187122163319,0.24134307861328125
1.0859375,0.7287623087565104,0.2414324951171875
1.1015625,0.7287819271995908,0.2416705322265625
1.1171875,0.7287673950195312,0.241968994140625
1.1328125,0.7287332443963914,0.241834716796875
1.1484375,0.7287376040504092,0.242266845703125
1.1640625,0.7287554059709821,0.24177490234375
1.1796875,0.7288088117327008,0.2417901611328125
1.1953125,0.7287768409365699,0.2415069580078125
1.2109375,0.7287652151925224,0.2415069580078125
1.2265625,0.7288335164388021,0.24210296630859374
1.2421875,0.7288433256603429,0.2419537353515625
1.2578125,0.7287390572684151,0.2419537353515625
1.2734375,0.7287103562127977,0.24193878173828126
1.2890625,0.7287139892578118,0.24170074462890626
1.3046875,0.7287172589983258,0.2420135498046875
1.3203125,0.7287372407459071,0.24184936523437486
1.3359375,0.7287851969401048,0.241685791015625
1.3515625,0.7287241617838548,0.24153656005859375
1.3671875,0.728805178687686,0.242266845703125
1.3828125,0.7287663051060261,0.2423858642578125
1.3984375,0.7287790207635789,0.24153656005859375
1.4140625,0.7287870134626117,0.24184936523437486
1.4296875,0.7287416003999263,0.24225189208984374
1.4453125,0.7287259783063617,0.24170074462890626
1.4609375,0.7287248883928571,0.24211761474609375
1.4765625,0.7287822905040929,0.2420135498046875
1.4921875,0.7286460513160342,0.24193878173828126
1.5078125,0.7287390572684151,0.2415664672851561
1.5234375,0.7287154424758191,0.2423858642578125
1.5390625,0.7287357875279025,0.24153656005859375
1.5546875,0.728715079171317,0.24217742919921875
1.5703125,0.7287539527529762,0.24177490234375
1.5859375,0.7286932809012276,0.24229644775390624
1.6015625,0.7287267049153646,0.2416259765625
1.6171875,0.7288211640857515,0.24153656005859375
1.6328125,0.7288200741722477,0.24225189208984374
1.6484375,0.7287841070265997,0.24253509521484376
1.6640625,0.7287990025111607,0.2424160766601561
1.6796875,0.728830246698288,0.24211761474609375
1.6953125,0.7287568591889881,0.2423114013671875
1.7109375,0.7287524995349702,0.2423858642578125
1.7265625,0.7287866501581094,0.24210296630859374
1.7421875,0.7287819271995908,0.24153656005859375
1.7578125,0.7287804739815849,0.2423114013671875
1.7734375,0.7287564958844867,0.24307159423828126
1.7890625,0.7287572224934896,0.24265411376953125
1.8046875,0.7287655784970238,0.2423858642578125
1.8203125,0.7288186209542404,0.24310119628906235
1.8359375,0.7286638532366071,0.242490234375
1.8515625,0.7287772042410714,0.242490234375
1.8671875,0.7286616734095975,0.242490234375
1.8828125,0.7289185296921503,0.2424160766601561
1.8984375,0.7287365141369048,0.24232666015625
1.9140625,0.7287601289295015,0.24296722412109376
1.9296875,0.7287957327706474,0.24260955810546875
1.9453125,0.728750319707962,0.24307159423828126
1.9609375,0.7287390572684151,0.24269897460937487
1.9765625,0.7288237072172619,0.24260955810546875
1.9921875,0.7287717546735492,0.24281829833984375
2.0078125,0.7287354242234003,0.242684326171875
2.0234375,0.7287514096214658,0.24281829833984375
2.0390625,0.7287862868536086,0.243280029296875
2.0546875,0.7287939162481406,0.24307159423828126
2.0703125,0.7287899198986235,0.2431314086914064
2.0859375,0.7288455054873512,0.24307159423828126
2.1015625,0.7288880121140253,0.24277374267578125
2.1171875,0.7286587669735857,0.2428033447265625
2.1328125,0.7286769321986607,0.242684326171875
2.1484375,0.7287913731166294,0.24342926025390624
2.1640625,0.7295721144903273,0.24314605712890625
2.1796875,0.7292120797293526,0.24307159423828126
2.1953125,0.7290511358351928,0.2425201416015625
2.2109375,0.7289374215262276,0.2423858642578125
2.2265625,0.7288553147088914,0.24301177978515612
2.2421875,0.7292720249720975,0.24271392822265625
2.2578125,0.7296149844215023,0.24281829833984375
2.2734375,0.7289824712844122,0.242684326171875
2.2890625,0.7290413266136533,0.2428631591796875
2.3046875,0.7288593110584071,0.2432354736328125
2.3203125,0.7287888299851191,0.2430419921875
2.3359375,0.7293196178617931,0.24310119628906235
2.3515625,0.7290046328590023,0.24307159423828126
2.3671875,0.7289639427548357,0.24292236328125
2.3828125,0.7291652134486607,0.2431314086914064
2.3984375,0.7298896426246286,0.24326538085937485
2.4140625,0.7290689377557664,0.2424160766601561
2.4296875,0.7289864676339286,0.24265411376953125
2.4453125,0.7293712071010044,0.242490234375
2.4609375,0.7305537632533475,0.2424160766601561
2.4765625,0.7297948201497396,0.24298217773437486
2.4921875,0.7296665736607143,0.2424160766601561
2.5078125,0.7298783801850819,0.24171539306640638
2.5234375,0.7290874662853429,0.24225189208984374
2.5390625,0.7295423235212046,0.24281829833984375
2.5546875,0.7294209798177084,0.2423858642578125
2.5703125,0.7294863746279762,0.24265411376953125
2.5859375,0.7300055367606026,0.2423858642578125
2.6015625,0.7297072637648809,0.24211761474609375
2.6171875,0.7297025408063617,0.24210296630859374
2.6328125,0.7296415056501117,0.2416259765625
2.6484375,0.7300683884393594,0.2416259765625
2.6640625,0.7298979986281622,0.24146209716796874
2.6796875,0.7294206165132069,0.24146209716796874
2.6953125,0.730010986328125,0.24146209716796874
2.7109375,0.7293911888485857,0.24170074462890626
2.7265625,0.7300011771065849,0.24159606933593764
2.7421875,0.729440598260788,0.24170074462890626
2.7578125,0.7295841035388765,0.241417236328125
2.7734375,0.7302031744094122,0.24146209716796874
2.7890625,0.7293835594540551,0.241417236328125
2.8046875,0.7297170729864211,0.24117889404296874
2.8203125,0.729299636114212,0.24125366210937485
2.8359375,0.7291633969261533,0.24044891357421874
2.8515625,0.7292771112351191,0.24100006103515612
2.8671875,0.7298086257207961,0.24067230224609376
2.8828125,0.7298031761532738,0.2403741455078125
2.8984375,0.7295554024832596,0.24032928466796874
2.9140625,0.7291194370814739,0.24061279296875
2.9296875,0.7293486822219122,0.2402996826171875
2.9453125,0.7295612153552834,0.24097045898437486
2.9609375,0.7289010910760789,0.2401806640625
2.9765625,0.7295593988327753,0.2401806640625
2.9921875,0.7290478660946801,0.2400018310546875
3.0078125,0.7286718459356406,0.2396588134765625
3.0234375,0.729783194405692,0.23974822998046874
3.0390625,0.7300160725911452,0.2393310546875
3.0546875,0.7296142578125,0.2396588134765625
3.0703125,0.7290108090355283,0.23943511962890626
3.0859375,0.72960190545945,0.2394500732421875
3.1015625,0.7293159848167783,0.23898803710937486
3.1171875,0.7293221609933036,0.23937591552734389
3.1328125,0.7296008155459449,0.2391522216796875
3.1484375,0.7290787469773072,0.23888397216796875
3.1640625,0.7301802862258191,0.23870513916015612
3.1796875,0.7293101719447544,0.2391522216796875
3.1953125,0.7294881911504836,0.23839233398437487
3.2109375,0.7288233439127604,0.23837707519531237
3.2265625,0.7294358753022694,0.237974853515625
3.2421875,0.7297414143880215,0.23830291748046875
3.2578125,0.7292171659923735,0.23834747314453125
3.2734375,0.7290587652297247,0.23860076904296876
3.2890625,0.7290224347795758,0.2381387329101561
3.3046875,0.7290547688802084,0.23806427001953126
3.3203125,0.7298042660667783,0.23831756591796874
3.3359375,0.7291521344866071,0.23737854003906236
3.3515625,0.7292531331380215,0.23810913085937485
3.3671875,0.7290144420805431,0.23758758544921876
3.3828125,0.7293908255440849,0.238406982421875
3.3984375,0.7297951834542404,0.23776641845703125
3.4140625,0.7295343308221727,0.2372891235351561
3.4296875,0.7291172572544643,0.2373040771484375
3.4453125,0.7294373285202753,0.23737854003906236
3.4609375,0.7294049944196429,0.237840576171875
3.4765625,0.7291085379464286,0.237557373046875
3.4921875,0.7289581298828118,0.23749816894531237
3.5078125,0.7290264311290929,0.23749816894531237
3.5234375,0.7289795648484003,0.237333984375
3.5390625,0.7291176205589658,0.2370208740234375
3.5546875,0.7289675757998512,0.2371405029296875
3.5703125,0.728926522391183,0.23661865234375
3.5859375,0.7290049961635044,0.23699127197265624
3.6015625,0.7289563133603051,0.23635040283203124
3.6171875,0.7289788382393974,0.23718505859375
3.6328125,0.7288687569754464,0.2367974853515625
3.6484375,0.7288367861793155,0.23664855957031236
3.6640625,0.7289290655226928,0.236260986328125
3.6796875,0.7289548601422992,0.236767578125
3.6953125,0.7288367861793155,0.23687225341796875
3.7109375,0.7288386027018229,0.23605224609375
3.7265625,0.7289192563011533,0.23700622558593765
3.7421875,0.7288883754185261,0.23669342041015612
3.7578125,0.7288898286365334,0.23636535644531237
3.7734375,0.7289683024088548,0.23597808837890624
3.7890625,0.7287917364211309,0.23605224609375
3.8046875,0.728973388671875,0.23621612548828125
3.8203125,0.7288280668712798,0.23608215332031235
3.8359375,0.7288255237397694,0.23597808837890624
3.8515625,0.7289726620628714,0.23608215332031235
3.8671875,0.7288800194149926,0.2356649780273439
3.8828125,0.7289130801246286,0.23597808837890624
3.8984375,0.7288894653320312,0.23608215332031235
3.9140625,0.7288800194149926,0.23573944091796875
3.9296875,0.7288709368024546,0.23621612548828125
3.9453125,0.7288280668712798,0.236112060546875
3.9609375,0.7288411458333334,0.23608215332031235
3.9765625,0.7289058140345975,0.2359478759765625
3.9921875,0.7288306100027901,0.23608215332031235
4.0078125,0.7289196196056548,0.23567962646484375
4.0234375,0.7288048153831845,0.23587341308593765
4.0390625,0.7288625807989211,0.23605224609375
4.0546875,0.7288106282552084,0.23608215332031235
4.0703125,0.7288367861793155,0.23573944091796875
4.0859375,0.7289181663876488,0.23597808837890624
4.1015625,0.7289112636021206,0.23617156982421875
4.1171875,0.7289076305571056,0.23615692138671876
4.1328125,0.7289029075985857,0.23609710693359376
4.1484375,0.728866213843936,0.23579925537109375
4.1640625,0.7288211640857515,0.2362759399414064
4.1796875,0.7288796561104904,0.23567962646484375
4.1953125,0.7288516816638765,0.23593322753906235
4.2109375,0.7288233439127604,0.23597808837890624
4.2265625,0.7288277035667783,0.2361419677734375
4.2421875,0.7286932809012276,0.2359478759765625
4.2578125,0.7288382393973214,0.23615692138671876
4.2734375,0.7288596743629092,0.236246337890625
4.2890625,0.7287670317150298,0.23655914306640638
4.3046875,0.7288985479445691,0.23550079345703126
4.3203125,0.7288237072172619,0.23608215332031235
4.3359375,0.7289196196056548,0.23608215332031235
4.3515625,0.7287317911783854,0.23645477294921874
4.3671875,0.7287953694661452,0.2362759399414064
4.3828125,0.7288182576497396,0.236767578125
4.3984375,0.7288084484282,0.23608215332031235
4.4140625,0.7288295200892857,0.236767578125
4.4296875,0.7288876488095238,0.23663360595703126
4.4453125,0.7288022722516742,0.236246337890625
4.4609375,0.7288360595703118,0.236767578125
4.4765625,0.7288698468889508,0.2364251708984375
4.4921875,0.7289250691731771,0.2371551513671875
4.5078125,0.7288796561104904,0.23651458740234388
4.5234375,0.728898184640067,0.236260986328125
4.5390625,0.72889418829055,0.2367974853515625
4.5546875,0.7288011823381689,0.2373040771484375
4.5703125,0.7288782028924858,0.23664855957031236
4.5859375,0.7288204374767485,0.23640991210937487
4.6015625,0.7287913731166294,0.236767578125
4.6171875,0.7288048153831845,0.236767578125
4.6328125,0.7287281581333706,0.237333984375
4.6484375,0.7288531348818824,0.236678466796875
4.6640625,0.7287812005905878,0.23639495849609374
4.6796875,0.7287906465076265,0.237333984375
4.6953125,0.7288062686011905,0.23688690185546876
4.7109375,0.7288062686011905,0.2367974853515625
4.7265625,0.728891281854538,0.2372891235351561
4.7421875,0.7289392380487358,0.2371551513671875
4.7578125,0.7287920997256324,0.23746795654296876
4.7734375,0.7287935529436383,0.23758758544921876
4.7890625,0.7288752964564739,0.23718505859375
4.8046875,0.7287928263346354,0.2373193359375
4.8203125,0.7288531348818824,0.2373040771484375
4.8359375,0.7288531348818824,0.23727447509765626
4.8515625,0.7287946428571429,0.2370806884765625
4.8671875,0.7288927350725454,0.237840576171875
4.8828125,0.7288218906947544,0.23776641845703125
4.8984375,0.7287190755208334,0.23724456787109374
4.9140625,0.728790283203125,0.23742340087890626
4.9296875,0.7288367861793155,0.2374383544921875
4.9453125,0.7288335164388021,0.23758758544921876
4.9609375,0.7288462320963548,0.23794525146484374
4.9765625,0.7288451421828497,0.23781097412109375
4.9921875,0.7288215273902523,0.23749816894531237
5.0078125,0.7286671229771206,0.23745330810546875
5.0234375,0.7288153512137276,0.23788543701171874
5.0390625,0.7289025442940849,0.23806427001953126
5.0546875,0.7287633986700142,0.23778106689453124
5.0703125,0.7286722092401414,0.2373040771484375
5.0859375,0.7287950061616444,0.23818328857421875
5.1015625,0.728805178687686,0.2377362060546875
5.1171875,0.7288200741722477,0.238555908203125
5.1328125,0.728811354864212,0.2384219360351561
5.1484375,0.7287913731166294,0.23806427001953126
5.1640625,0.7287488664899546,0.23806427001953126
5.1796875,0.7287165323893229,0.23837707519531237
5.1953125,0.7288197108677456,0.23806427001953126
5.2109375,0.7287307012648809,0.23837707519531237
5.2265625,0.7288233439127604,0.23867523193359375
5.2421875,0.7288713001069569,0.23870513916015612
5.2578125,0.7287590390159977,0.238406982421875
5.2734375,0.7288084484282,0.2382431030273439
5.2890625,0.7288102649507069,0.23866058349609376
5.3046875,0.728867667061942,0.23870513916015612
5.3203125,0.7287990025111607,0.23888397216796875
5.3359375,0.7288280668712798,0.238555908203125
5.3515625,0.7288335164388021,0.23839233398437487
5.3671875,0.7288306100027901,0.238272705078125
5.3828125,0.7287884666806176,0.2387646484375
5.3984375,0.7287862868536086,0.23852630615234388
5.4140625,0.7288106282552084,0.23866058349609376
5.4296875,0.7288927350725454,0.23852630615234388
5.4453125,0.7287964593796503,0.23839233398437487
5.4609375,0.7288269769577753,0.23836212158203124
5.4765625,0.728790283203125,0.23852630615234388
5.4921875,0.7288545880998883,0.23867523193359375
5.5078125,0.728834969656808,0.23877960205078125
5.5234375,0.7287285214378714,0.23866058349609376
5.5390625,0.7287368774414062,0.23883941650390625
5.5546875,0.7287979125976562,0.23863037109375
5.5703125,0.728714352562314,0.23866058349609376
5.5859375,0.7288168044317336,0.23866058349609376
5.6015625,0.7287187122163319,0.23906280517578124
5.6171875,0.7287615821475074,0.23834747314453125
5.6328125,0.7288117181687128,0.2388540649414064
5.6484375,0.7287041800362724,0.23870513916015612
5.6640625,0.728773934500558,0.23891357421875
5.6796875,0.7287198021298357,0.23898803710937486
5.6953125,0.7287637619745164,0.23907745361328125
5.7109375,0.7288633074079242,0.2391372680664064
5.7265625,0.728744143531436,0.23946533203125
5.7421875,0.7287103562127977,0.23870513916015612
5.7578125,0.7287339710053944,0.238973388671875
5.7734375,0.7287201654343378,0.2393310546875
5.7890625,0.7288055419921882,0.23906280517578124
5.8046875,0.7288415091378349,0.239822998046875
5.8203125,0.7287772042410714,0.23992706298828126
5.8359375,0.728775387718564,0.23977813720703126
5.8515625,0.728715079171317,0.239822998046875
5.8671875,0.7288353329613095,0.2394500732421875
5.8828125,0.7287390572684151,0.23992706298828126
5.8984375,0.7288952782040551,0.2400164794921875
5.9140625,0.7289217994326643,0.24003143310546876
5.9296875,0.7289406912667404,0.24032928466796874
5.9453125,0.7287423270089286,0.2400164794921875
5.9609375,0.728708176385788,0.2401806640625
5.9765625,0.72877211797805,0.2402252197265625
5.9921875,0.7287873767671131,0.2402252197265625
6.0078125,0.7288099016462046,0.2402252197265625
6.0234375,0.7287841070265997,0.2402996826171875
6.0390625,0.7287524995349702,0.24049346923828124
6.0546875,0.7288284301757812,0.24052307128906236
6.0703125,0.7287884666806176,0.24089599609375
6.0859375,0.728834969656808,0.24044891357421874
6.1015625,0.7287804739815849,0.24080657958984375
6.1171875,0.7288916451590401,0.24052307128906236
6.1328125,0.7287884666806176,0.2405828857421875
6.1484375,0.7288880121140253,0.24071716308593763
6.1640625,0.7289512270972842,0.2405828857421875
6.1796875,0.7288436889648438,0.24049346923828124
6.1953125,0.7288429623558408,0.24068695068359375
6.2109375,0.7288277035667783,0.24117889404296874
6.2265625,0.728973388671875,0.24117889404296874
6.2421875,0.7288829258510044,0.240836181640625
6.2578125,0.7288484119233631,0.24120880126953126
6.2734375,0.7289119902111235,0.24091064453125
6.2890625,0.728834969656808,0.24125366210937485
6.3046875,0.7288367861793155,0.2411044311523439
6.3203125,0.7287586757114956,0.2412982177734375
6.3359375,0.7288164411272321,0.24116424560546876
6.3515625,0.7288360595703118,0.24125366210937485
6.3671875,0.7288836524600074,0.24193878173828126
6.3828125,0.7288480486188617,0.24117889404296874
6.3984375,0.7288647606259301,0.24125366210937485
6.4140625,0.7289130801246286,0.24175994873046874
6.4296875,0.7288346063523072,0.2421923828125
6.4453125,0.7288771129789806,0.24193878173828126
6.4609375,0.7289025442940849,0.2415069580078125
6.4765625,0.7289029075985857,0.241834716796875
6.4921875,0.7288247971307664,0.24153656005859375
6.5078125,0.7289363316127239,0.24153656005859375
6.5234375,0.7289250691731771,0.24211761474609375
6.5390625,0.7288509550548735,0.24153656005859375
6.5546875,0.7288527715773809,0.2423114013671875
6.5703125,0.7287855602446056,0.24217742919921875
6.5859375,0.7287939162481406,0.2421923828125
6.6015625,0.7288698468889508,0.2419985961914064
6.6171875,0.7288084484282,0.24153656005859375
6.6328125,0.7288745698474702,0.242266845703125
6.6484375,0.7288531348818824,0.24235626220703124
6.6640625,0.7288182576497396,0.2423114013671875
6.6796875,0.7288138979957217,0.242266845703125
6.6953125,0.7288861955915179,0.242266845703125
6.7109375,0.7289330618722099,0.2424160766601561
6.7265625,0.7289759318033854,0.2423858642578125
6.7421875,0.7288186209542404,0.24225189208984374
6.7578125,0.7289475940522694,0.24253509521484376
6.7734375,0.7289192563011533,0.2420281982421875
6.7890625,0.728867667061942,0.2428033447265625
6.8046875,0.7288796561104904,0.2423114013671875
6.8203125,0.7287957327706474,0.2423114013671875
6.8359375,0.7288945515950521,0.24253509521484376
6.8515625,0.7288171677362358,0.2423858642578125
6.8671875,0.7289930071149546,0.2423858642578125
6.8828125,0.7288480486188617,0.2423858642578125
6.8984375,0.7288149879092262,0.2425201416015625
6.9140625,0.7287990025111607,0.24293762207031236
6.9296875,0.7289439610072544,0.24310119628906235
6.9453125,0.7288338797433036,0.2423858642578125
6.9609375,0.7287466866629464,0.24314605712890625
6.9765625,0.7287881033761168,0.24307159423828126
6.9921875,0.7288262503487724,0.24310119628906235
7.0078125,0.728896004813058,0.24375732421875
7.0234375,0.7289065406436012,0.24307159423828126
7.0390625,0.7289497738792783,0.24307159423828126
7.0546875,0.7290398733956474,0.242847900390625
7.0703125,0.7288702101934523,0.24320556640625
7.0859375,0.7287376040504092,0.24326538085937485
7.1015625,0.7300262451171882,0.24260955810546875
7.1171875,0.7297802879696801,0.24317596435546876
7.1328125,0.7294522240048357,0.24342926025390624
7.1484375,0.7293799264090401,0.24354827880859375
7.1640625,0.7290663946242559,0.24317596435546876
7.1796875,0.7292306082589286,0.24310119628906235
7.1953125,0.7298060825892857,0.2435186767578125
7.2109375,0.7299216134207596,0.24353363037109374
7.2265625,0.728743416922433,0.2431610107421875
7.2421875,0.7296509515671503,0.243280029296875
7.2578125,0.7294722057524181,0.2435186767578125
7.2734375,0.7295808337983631,0.24353363037109374
7.2890625,0.7288128080822166,0.24299713134765624
7.3046875,0.7287056332542783,0.24347412109375
7.3203125,0.7290391467866444,0.243280029296875
7.3359375,0.7283187139601928,0.24350372314453125
7.3515625,0.7290874662853429,0.24333984375
7.3671875,0.7289759318033854,0.24314605712890625
7.3828125,0.7296872820172992,0.24331024169921875
7.3984375,0.729421706426712,0.24342926025390624
7.4140625,0.7293069022042404,0.24298217773437486
7.4296875,0.7289119902111235,0.243623046875
7.4453125,0.72972397577195,0.24320556640625
7.4609375,0.7290424165271571,0.24310119628906235
7.4765625,0.7288847423735119,0.24307159423828126
7.4921875,0.7289061773390997,0.24243072509765626
7.5078125,0.7292800176711309,0.24298217773437486
7.5234375,0.728745596749442,0.24293762207031236
7.5390625,0.7292589460100454,0.242684326171875
7.5546875,0.7292048136393229,0.24253509521484376
7.5703125,0.7292273385184151,0.24253509521484376
7.5859375,0.7292200724283854,0.24232666015625
7.6015625,0.7291441417875737,0.24310119628906235
7.6171875,0.728562491280692,0.24225189208984374
7.6328125,0.7291001819428944,0.24225189208984374
7.6484375,0.7291252499534977,0.24225189208984374
7.6640625,0.7290631248837426,0.24153656005859375
7.6796875,0.7291139875139508,0.24210296630859374
7.6953125,0.7287855602446056,0.2423858642578125
7.7109375,0.7291819254557285,0.2423114013671875
7.7265625,0.7291808355422247,0.24184936523437486
7.7421875,0.7291328793480283,0.24210296630859374
7.7578125,0.7294024512881324,0.24184936523437486
7.7734375,0.7285276140485492,0.24158111572265625
7.7890625,0.728896731422061,0.2419537353515625
7.8046875,0.7290769304547992,0.24170074462890626
7.8203125,0.7290438697451643,0.2414324951171875
7.8359375,0.7290391467866444,0.24170074462890626
7.8515625,0.7290438697451643,0.24123840332031235
7.8671875,0.7290471394856771,0.24153656005859375
7.8828125,0.7289904639834449,0.2411492919921875
7.8984375,0.7293683006649926,0.24120880126953126
7.9140625,0.728836422874814,0.241119384765625
7.9296875,0.7292880103701643,0.24122344970703125
7.9453125,0.7291154407319569,0.24068695068359375
7.9609375,0.7288567679268974,0.24038909912109374
7.9765625,0.7287615821475074,0.240701904296875
7.9921875,0.7290747506277901,0.24080657958984375
8.0078125,0.7290111723400298,0.24080657958984375
8.0234375,0.7293519519624263,0.24043395996093764
8.0390625,0.7294947306315104,0.2402252197265625
8.0546875,0.7290020897274926,0.24050811767578126
8.0703125,0.7291223435174858,0.24068695068359375
8.0859375,0.729262942359561,0.2396588134765625
8.1015625,0.7289926438104539,0.23995697021484375
8.1171875,0.7289501371837798,0.2398974609375
8.1328125,0.729141598656064,0.23906280517578124
8.1484375,0.7291027250744048,0.2394500732421875
8.1640625,0.7289530436197916,0.23947998046875
8.1796875,0.7291524977911086,0.23918212890625
8.1953125,0.7290322440011168,0.238973388671875
8.2109375,0.7292894635881689,0.2391522216796875
8.2265625,0.7290754772367931,0.238973388671875
8.2421875,0.7289810180664062,0.23906280517578124
8.2578125,0.729446774437314,0.239405517578125
8.2734375,0.7294456845238095,0.23877960205078125
8.2890625,0.7292756580171131,0.23867523193359375
8.3046875,0.7290049961635044,0.238690185546875
8.3203125,0.7295495896112358,0.23852630615234388
8.3359375,0.7293802897135416,0.23852630615234388
8.3515625,0.7293802897135416,0.2388540649414064
8.3671875,0.7292048136393229,0.23788543701171874
8.3828125,0.7291524977911086,0.23806427001953126
8.3984375,0.7292059035528273,0.23830291748046875
8.4140625,0.7292930966331845,0.23812408447265626
8.4296875,0.7293010893322166,0.2382431030273439
8.4453125,0.7289697556268594,0.2382135009765625
8.4609375,0.7291143508184523,0.2382135009765625
8.4765625,0.7289980933779762,0.2382135009765625
8.4921875,0.729233877999442,0.23806427001953126
8.5078125,0.7291586739676332,0.2381982421875
8.5234375,0.7288709368024546,0.2382431030273439
8.5390625,0.7294195265997023,0.23803466796875
8.5546875,0.7295245216006324,0.23718505859375
8.5703125,0.7290722074962798,0.2371405029296875
8.5859375,0.7297098068963914,0.23718505859375
8.6015625,0.7290976388113832,0.23718505859375
8.6171875,0.7291336059570312,0.2371102905273439
8.6328125,0.7291325160435261,0.23740875244140638
8.6484375,0.7292970929827008,0.2370806884765625
8.6640625,0.7292916434151786,0.2370208740234375
8.6796875,0.7296422322591146,0.23693145751953126
8.6953125,0.7292887369791666,0.23724456787109374
8.7109375,0.7297766549246651,0.2368572998046875
8.7265625,0.7292004539853051,0.23636535644531237
8.7421875,0.7293167114257812,0.23681243896484375
8.7578125,0.7291274297805059,0.236767578125
8.7734375,0.7289025442940849,0.236767578125
8.7890625,0.7295514061337426,0.23669342041015612
8.8046875,0.7296371459960938,0.23649963378906236
8.8203125,0.729630606515067,0.2367974853515625
8.8359375,0.7292978195917039,0.2366632080078125
8.8515625,0.729813711983817,0.23608215332031235
8.8671875,0.7292353312174479,0.23576904296875
8.8828125,0.7297054472423735,0.23605224609375
8.8984375,0.7286656697591146,0.23524780273437484
8.9140625,0.7290475027901786,0.23575439453125
8.9296875,0.7292266119094122,0.23602264404296874
8.9453125,0.7296222505115334,0.23573944091796875
8.9609375,0.7295310610816592,0.23559020996093763
8.9765625,0.7291074480329242,0.23602264404296874
8.9921875,0.7295208885556176,0.2357098388671875
9.0078125,0.729048592703683,0.2354266357421875
9.0234375,0.7295804704938617,0.23544158935546874
9.0390625,0.7291056315104166,0.23480041503906235
9.0546875,0.7289610363188237,0.23559020996093763
9.0703125,0.7293508620489211,0.2342938232421875
9.0859375,0.729446047828311,0.23491973876953126
9.1015625,0.7297352382114956,0.2352178955078125
9.1171875,0.7291455950055811,0.2350689697265625
9.1328125,0.7299623035249263,0.23477081298828126
9.1484375,0.7296567644391742,0.2348748779296875
9.1640625,0.7294478643508191,0.2350985717773439
9.1796875,0.7297599429175967,0.2342938232421875
9.1953125,0.7298518589564739,0.23411499023437485
9.2109375,0.7296422322591146,0.23480041503906235
9.2265625,0.7296389625186012,0.23433837890625
9.2421875,0.7294500441778273,0.2338018798828125
9.2578125,0.7294307890392485,0.2342938232421875
9.2734375,0.7296738397507441,0.23387664794921875
9.2890625,0.729196457635788,0.23387664794921875
9.3046875,0.7290802001953118,0.23401092529296874
9.3203125,0.7291837419782367,0.2338018798828125
9.3359375,0.7296335129510789,0.2334442138671875
9.3515625,0.7293632144019717,0.23375732421875
9.3671875,0.7290238879975819,0.233623046875
9.3828125,0.7295623052687872,0.233966064453125
9.3984375,0.7290631248837426,0.2336978149414064
9.4140625,0.7290772937593,0.233623046875
9.4296875,0.7291485014415929,0.233399658203125
9.4453125,0.7292970929827008,0.23322082519531237
9.4609375,0.7297766549246651,0.23322082519531237
9.4765625,0.7291782924107143,0.23359344482421876
9.4921875,0.7291841052827381,0.23347442626953124
9.5078125,0.7293926420665929,0.23341461181640638
9.5234375,0.7295841035388765,0.2331463623046875
9.5390625,0.7291009085518974,0.23334014892578125
9.5546875,0.7291437784830729,0.23326538085937487
9.5703125,0.7292407807849702,0.2331463623046875
9.5859375,0.7294380551292783,0.23269927978515612
9.6015625,0.728926522391183,0.23347442626953124
9.6171875,0.7292694818405878,0.2331463623046875
9.6328125,0.7295179821196056,0.23289306640625
9.6484375,0.7293908255440849,0.232833251953125
9.6640625,0.7290453229631689,0.2331463623046875
9.6796875,0.7287819271995908,0.2330419921875
9.6953125,0.7289399646577381,0.232744140625
9.7109375,0.7291056315104166,0.23240142822265625
9.7265625,0.7293930053710938,0.2328485107421875
9.7421875,0.7292051769438237,0.23240142822265625
9.7578125,0.7294260660807285,0.232535400390625
9.7734375,0.7291815621512276,0.23237121582031237
9.7890625,0.7292556762695312,0.2328485107421875
9.8046875,0.7290638514927456,0.232744140625
9.8203125,0.7288222539992559,0.23237121582031237
9.8359375,0.7292447771344867,0.232550048828125
9.8515625,0.7286958240327381,0.2324755859375
9.8671875,0.7291666666666666,0.23180511474609375
9.8828125,0.7291477748325893,0.23237121582031237
9.8984375,0.7297050839378714,0.23193908691406237
9.9140625,0.7290562220982143,0.2320733642578125
9.9296875,0.7286416916620164,0.2320733642578125
9.9453125,0.7296309698195691,0.2324160766601561
9.9609375,0.729629153297061,0.2321923828125
9.9765625,0.7287485031854539,0.232550048828125
9.9921875,0.7291855585007441,0.2320733642578125
10.0078125,0.7295009068080357,0.23240142822265625
10.0234375,0.7292015438988095,0.231611328125
10.0390625,0.7293446858723952,0.23269927978515612
10.0546875,0.7295288812546503,0.2315814208984375
10.0703125,0.7294129871186763,0.23180511474609375
10.0859375,0.7292059035528273,0.232117919921875
10.1015625,0.7285693940662202,0.2320135498046875
10.1171875,0.7289159865606406,0.2320135498046875
10.1328125,0.729318527948288,0.23153686523437486
10.1484375,0.7291655767531622,0.2316860961914064
10.1640625,0.7291608537946429,0.2316860961914064
10.1796875,0.7294362386067715,0.23134307861328124
10.1953125,0.7296880086263021,0.2320733642578125
10.2109375,0.7290511358351928,0.23176025390625
10.2265625,0.7297348749069941,0.231611328125
10.2421875,0.7288011823381689,0.23192413330078124
10.2578125,0.7292189825148809,0.23138763427734388
10.2734375,0.7291012718563988,0.231671142578125
10.2890625,0.7291859218052456,0.23162628173828126
10.3046875,0.7290431431361607,0.23192413330078124
10.3203125,0.729048592703683,0.23150726318359374
10.3359375,0.7289225260416666,0.2315814208984375
10.3515625,0.7296484084356406,0.23098541259765626
10.3671875,0.7291343325660342,0.23144744873046874
10.3828125,0.7287615821475074,0.23114959716796876
10.3984375,0.7289999099004836,0.23137298583984375
10.4140625,0.7289050874255952,0.23088134765625
10.4296875,0.7290137154715401,0.23098541259765626
10.4453125,0.7292945498511905,0.2314324951171875
10.4609375,0.7287688482375372,0.230821533203125
10.4765625,0.728994460332962,0.23091094970703124
10.4921875,0.7287928263346354,0.23098541259765626
10.5078125,0.7291851951962426,0.231402587890625
10.5234375,0.7289788382393974,0.23173065185546876
10.5390625,0.7290093558175224,0.23144744873046874
10.5546875,0.7289501371837798,0.2316412353515625
10.5703125,0.7290079025995164,0.23098541259765626
10.5859375,0.7289134434291294,0.231611328125
10.6015625,0.7287968226841525,0.2315814208984375
10.6171875,0.7295107160295758,0.231104736328125
10.6328125,0.7288033621651786,0.231968994140625
10.6484375,0.7290137154715401,0.23098541259765626
10.6640625,0.7288415091378349,0.23125366210937487
10.6796875,0.7288851056780133,0.23150726318359374
10.6953125,0.728987557547433,0.23208831787109374
10.7109375,0.7291234334309896,0.23125366210937487
10.7265625,0.7291285196940104,0.23144744873046874
10.7421875,0.7289861043294271,0.23138763427734388
10.7578125,0.7287532261439739,0.23073211669921875
10.7734375,0.7291019984654025,0.23153686523437486
10.7890625,0.7288611275809151,0.23098541259765626
10.8046875,0.7291056315104166,0.230821533203125
10.8203125,0.7289145333426332,0.23091094970703124
10.8359375,0.7289959135509666,0.2314324951171875
10.8515625,0.7287757510230655,0.23068725585937486
10.8671875,0.7289741152808786,0.2308364868164064
10.8828125,0.7288462320963548,0.2308364868164064
10.8984375,0.7291143508184523,0.23144744873046874
10.9140625,0.7288709368024546,0.2309707641601561
10.9296875,0.7292396908714658,0.2315966796875
10.9453125,0.7294747488839286,0.2315966796875
10.9609375,0.7292680286225819,0.23088134765625
10.9765625,0.7293105352492559,0.2310748291015625
10.9921875,0.7292778378441214,0.2308364868164064
11.0078125,0.7295059930710572,0.2314324951171875
11.0234375,0.7291128976004464,0.23091094970703124
11.0390625,0.7288978213355655,0.23101531982421875
11.0546875,0.7294326055617559,0.23061309814453124
11.0703125,0.7287848336356026,0.230821533203125
11.0859375,0.7294438680013021,0.23088134765625
11.1015625,0.7291299729120164,0.23134307861328124
11.1171875,0.7298729306175595,0.2303448486328125
11.1328125,0.7298565819149926,0.2305084228515625
11.1484375,0.7298594883510044,0.2305084228515625
11.1640625,0.729446047828311,0.2304638671875
11.1796875,0.729231698172433,0.23077697753906234
11.1953125,0.7292912801106771,0.2305828857421875
11.2109375,0.7287946428571429,0.23032958984375
11.2265625,0.7292186192103794,0.2299871826171875
11.2421875,0.7289810180664062,0.23064270019531236
11.2578125,0.7290787469773072,0.230538330078125
11.2734375,0.7291782924107143,0.2305828857421875
11.2890625,0.7290264311290929,0.23013580322265625
11.3046875,0.7289726620628714,0.23064270019531236
11.3203125,0.7289515904017857,0.23091094970703124
11.3359375,0.7290322440011168,0.2307919311523439
11.3515625,0.7289683024088548,0.22979309082031235
11.3671875,0.728898184640067,0.23029998779296876
11.3828125,0.7289461408342633,0.2304638671875
11.3984375,0.7289094470796131,0.2300018310546875
11.4140625,0.7289232526506689,0.23031463623046874
11.4296875,0.7288880121140253,0.22979309082031235
11.4453125,0.7288327898297992,0.2299871826171875
11.4609375,0.7289116269066214,0.23029998779296876
11.4765625,0.7289065406436012,0.2307470703125
11.4921875,0.7288949148995536,0.2305828857421875
11.5078125,0.7288927350725454,0.2305682373046875
11.5234375,0.7289722987583706,0.2305682373046875
11.5390625,0.7288564046223952,0.2304638671875
11.5546875,0.7288436889648438,0.2305084228515625
11.5703125,0.7288553147088914,0.23085113525390624
11.5859375,0.7289116269066214,0.2299871826171875
11.6015625,0.728926522391183,0.2304638671875
11.6171875,0.7288909185500372,0.23032958984375
11.6328125,0.7288415091378349,0.2299871826171875
11.6484375,0.7288578578404025,0.2305828857421875
11.6640625,0.7288451421828497,0.23031463623046874
11.6796875,0.728927975609189,0.23061309814453124
11.6953125,0.7288204374767485,0.23001678466796874
11.7109375,0.728836422874814,0.23031463623046874
11.7265625,0.7288411458333334,0.230389404296875
11.7421875,0.7288713001069569,0.230821533203125
11.7578125,0.7288713001069569,0.230821533203125
11.7734375,0.7288418724423357,0.2305828857421875
11.7890625,0.7288382393973214,0.23013580322265625
11.8046875,0.7289000011625737,0.23137298583984375
11.8203125,0.7289050874255952,0.23076171875
11.8359375,0.7289323352632069,0.23061309814453124
11.8515625,0.7288495018368676,0.2304638671875
11.8671875,0.7288073585146949,0.2305828857421875
11.8828125,0.7288019089471727,0.23088134765625
11.8984375,0.7289083571661086,0.23156646728515612
11.9140625,0.7289595831008191,0.23126861572265625
11.9296875,0.7288858322870164,0.23098541259765626
11.9453125,0.7288160778227306,0.23120880126953125
11.9609375,0.7288197108677456,0.231239013671875
11.9765625,0.7288851056780133,0.2305828857421875
11.9921875,0.7288745698474702,0.23144744873046874
12.0078125,0.7288596743629092,0.23137298583984375
12.0234375,0.7288436889648438,0.23091094970703124
12.0390625,0.7288800194149926,0.23134307861328124
12.0546875,0.7288687569754464,0.2312982177734375
12.0703125,0.7288861955915179,0.23073211669921875
12.0859375,0.7288949148995536,0.231239013671875
12.1015625,0.7288128080822166,0.23098541259765626
12.1171875,0.7288338797433036,0.231834716796875
12.1328125,0.7288553147088914,0.23187957763671874
12.1484375,0.7288120814732143,0.23162628173828126
12.1640625,0.7288295200892857,0.231611328125
12.1796875,0.7288367861793155,0.23190948486328125
12.1953125,0.7288237072172619,0.2315814208984375
12.2109375,0.7288069952101928,0.23180511474609375
12.2265625,0.7288106282552084,0.23192413330078124
12.2421875,0.7288963681175595,0.232117919921875
12.2578125,0.7289359683082217,0.2327142333984375
12.2734375,0.7288545880998883,0.232535400390625
12.2890625,0.7288767496744785,0.2324160766601561
12.3046875,0.7289225260416666,0.2320733642578125
12.3203125,0.7288411458333334,0.23213317871093764
12.3359375,0.7288996378580729,0.2324755859375
12.3515625,0.728865487234933,0.2324160766601561
12.3671875,0.7288604009719122,0.232117919921875
12.3828125,0.7288451421828497,0.23208831787109374
12.3984375,0.7288985479445691,0.2320733642578125
12.4140625,0.7288985479445691,0.23210296630859376
12.4296875,0.7287837437220975,0.2325204467773439
12.4453125,0.7287935529436383,0.2328485107421875
12.4609375,0.7289112636021206,0.2328485107421875
12.4765625,0.7288062686011905,0.23269927978515612
12.4921875,0.7288469587053571,0.2328485107421875
12.5078125,0.7289443243117559,0.2324755859375
12.5234375,0.7288331531343,0.2331463623046875
12.5390625,0.7288327898297992,0.23272888183593765
12.5546875,0.7287713913690477,0.23277374267578124
12.5703125,0.7288128080822166,0.23277374267578124
12.5859375,0.7288378760928199,0.23277374267578124
12.6015625,0.7288992745535714,0.23259490966796875
12.6171875,0.7287873767671131,0.23307189941406237
12.6328125,0.7287663051060261,0.23258026123046874
12.6484375,0.728714352562314,0.2331463623046875
12.6640625,0.7287782941545758,0.23307189941406237
12.6796875,0.7287623087565104,0.2328485107421875
12.6953125,0.7289112636021206,0.23299713134765626
12.7109375,0.7288698468889508,0.2331463623046875
12.7265625,0.728811354864212,0.23354858398437486
12.7421875,0.7288861955915179,0.23322082519531237
12.7578125,0.7288197108677456,0.23351898193359374
12.7734375,0.7288244338262642,0.23322082519531237
12.7890625,0.7288197108677456,0.2336083984375
12.8046875,0.7288433256603429,0.23326538085937487
12.8203125,0.7288742065429688,0.2328485107421875
12.8359375,0.7288135346912202,0.2330865478515625
12.8515625,0.7287339710053944,0.23329559326171875
12.8671875,0.7288237072172619,0.233399658203125
12.8828125,0.7287535894484747,0.23334014892578125
12.8984375,0.7288316999162954,0.233399658203125
12.9140625,0.7287386939639143,0.23366790771484375
12.9296875,0.7288266136532738,0.23322082519531237
12.9453125,0.7287979125976562,0.233399658203125
12.9609375,0.7287750244140618,0.2333697509765625
12.9765625,0.7288146246047247,0.23371246337890625
12.9921875,0.7288382393973214,0.2333697509765625
13.0078125,0.7288687569754464,0.233966064453125
13.0234375,0.7288386027018229,0.2335638427734375
13.0390625,0.7288353329613095,0.2338018798828125
13.0546875,0.7287339710053944,0.2339361572265625
13.0703125,0.7287906465076265,0.233623046875
13.0859375,0.7288262503487724,0.2338018798828125
13.1015625,0.7288429623558408,0.2342938232421875
13.1171875,0.7288476853143594,0.2334442138671875
13.1328125,0.7287833804175967,0.233966064453125
13.1484375,0.7288244338262642,0.2338018798828125
13.1640625,0.7286551339285714,0.23378723144531235
13.1796875,0.7288215273902523,0.23411499023437485
13.1953125,0.7288876488095238,0.23377227783203125
13.2109375,0.7288643973214286,0.23404052734375
13.2265625,0.7288683936709449,0.23359344482421876
13.2421875,0.7287532261439739,0.23329559326171875
13.2578125,0.7288280668712798,0.2338018798828125
13.2734375,0.728774661109561,0.23347442626953124
13.2890625,0.7287288847423735,0.23432373046875
13.3046875,0.7288516816638765,0.233966064453125
13.3203125,0.7287768409365699,0.2339361572265625
13.3359375,0.7287724812825521,0.23447265625
13.3515625,0.7288651239304309,0.2345770263671875
13.3671875,0.7289174397786452,0.23387664794921875
13.3828125,0.7288444155738467,0.23401092529296874
13.3984375,0.7288465954008556,0.23401092529296874
13.4140625,0.7287633986700142,0.2350689697265625
13.4296875,0.728867667061942,0.23499450683593764
13.4453125,0.7287939162481406,0.23404052734375
13.4609375,0.7288327898297992,0.234263916015625
13.4765625,0.7287350609188988,0.23447265625
13.4921875,0.7288320632207961,0.234696044921875
13.5078125,0.7288360595703118,0.23491973876953126
13.5234375,0.7287920997256324,0.2350985717773439
13.5390625,0.7288643973214286,0.235113525390625
13.5546875,0.7288498651413691,0.23499450683593764
13.5703125,0.7287535894484747,0.23477081298828126
13.5859375,0.7288803827194941,0.2350537109375
13.6015625,0.7288847423735119,0.23491973876953126
13.6171875,0.7289003644670758,0.23484527587890625
13.6328125,0.7288055419921882,0.2355606079101561
13.6484375,0.7288680303664428,0.23545623779296876
13.6640625,0.7288629441034227,0.23547119140625
13.6796875,0.7288484119233631,0.23559020996093763
13.6953125,0.7288502284458706,0.234979248046875
13.7109375,0.7288582211449033,0.2352178955078125
13.7265625,0.7288011823381689,0.2355755615234375
13.7421875,0.728806631905692,0.2357843017578125
13.7578125,0.7288611275809151,0.2357843017578125
13.7734375,0.7288244338262642,0.23550079345703126
13.7890625,0.7288894653320312,0.2360076904296875
13.8046875,0.7288571312313988,0.23612670898437485
13.8203125,0.7287830171130952,0.2357843017578125
13.8359375,0.7288244338262642,0.23609710693359376
13.8515625,0.7288803827194941,0.2356649780273439
13.8671875,0.7288229806082596,0.23605224609375
13.8828125,0.728774661109561,0.23636535644531237
13.8984375,0.7288633074079242,0.23575439453125
13.9140625,0.7288600376674107,0.23636535644531237
13.9296875,0.7288920084635416,0.23608215332031235
13.9453125,0.7289196196056548,0.23605224609375
13.9609375,0.7288106282552084,0.2366632080078125
13.9765625,0.7288636707124263,0.23609710693359376
13.9921875,0.7288734799339658,0.23621612548828125
14.0078125,0.7287732078915551,0.23632080078125
14.0234375,0.7288876488095238,0.236767578125
14.0390625,0.7289130801246286,0.23651458740234388
14.0546875,0.7289490472702753,0.236246337890625
14.0703125,0.7288138979957217,0.23691680908203125
14.0859375,0.7288465954008556,0.23661865234375
14.1015625,0.7288451421828497,0.23687225341796875
14.1171875,0.7288022722516742,0.23687225341796875
14.1328125,0.7288280668712798,0.237333984375
14.1484375,0.7288785661969867,0.23691680908203125
14.1640625,0.7287085396902901,0.23718505859375
14.1796875,0.7288687569754464,0.23740875244140638
14.1953125,0.7287928263346354,0.2370208740234375
14.2109375,0.7288411458333334,0.2370806884765625
14.2265625,0.7289359683082217,0.2370806884765625
14.2421875,0.7288418724423357,0.23705108642578124
14.2578125,0.7288814726329985,0.2370806884765625
14.2734375,0.7287913731166294,0.23681243896484375
14.2890625,0.7288778395879836,0.23717010498046875
14.3046875,0.7288978213355655,0.23705108642578124
14.3203125,0.7288487752278646,0.23699127197265624
14.3359375,0.7288331531343,0.2371551513671875
14.3515625,0.7288760230654762,0.23746795654296876
14.3671875,0.7287935529436383,0.2370806884765625
14.3828125,0.7288200741722477,0.23721496582031235
14.3984375,0.7288843790690104,0.23725952148437485
14.4140625,0.7288992745535714,0.2371102905273439
14.4296875,0.728896731422061,0.2372891235351561
14.4453125,0.7289392380487358,0.2374383544921875
14.4609375,0.7288335164388021,0.237393798828125
14.4765625,0.7288796561104904,0.23810913085937485
14.4921875,0.7288585844494048,0.23718505859375
14.5078125,0.7287568591889881,0.23737854003906236
14.5234375,0.7289119902111235,0.23764678955078125
14.5390625,0.728811354864212,0.23758758544921876
14.5546875,0.7288396926153273,0.237677001953125
14.5703125,0.7288702101934523,0.23794525146484374
14.5859375,0.7288633074079242,0.23794525146484374
14.6015625,0.7288200741722477,0.23718505859375
14.6171875,0.7288545880998883,0.2375128173828125
14.6328125,0.7288564046223952,0.23776641845703125
14.6484375,0.7288418724423357,0.23781097412109375
14.6640625,0.7288720267159599,0.23782562255859374
14.6796875,0.7288178943452381,0.2384219360351561
14.6953125,0.7288313366117931,0.23794525146484374
14.7109375,0.7288596743629092,0.23806427001953126
14.7265625,0.7289083571661086,0.23837707519531237
14.7421875,0.7288487752278646,0.23816864013671876
14.7578125,0.7288451421828497,0.23837707519531237
14.7734375,0.7288553147088914,0.23810913085937485
14.7890625,0.7288266136532738,0.2384219360351561
14.8046875,0.7288277035667783,0.23845153808593764
14.8203125,0.7288752964564739,0.23839233398437487
14.8359375,0.7288487752278646,0.23852630615234388
14.8515625,0.7288545880998883,0.2382135009765625
14.8671875,0.7289003644670758,0.23867523193359375
14.8828125,0.7289148966471354,0.23852630615234388
14.8984375,0.7289414178757441,0.23837707519531237
14.9140625,0.7288084484282,0.23877960205078125
14.9296875,0.7289639427548357,0.23860076904296876
14.9453125,0.7288117181687128,0.2385711669921875
14.9609375,0.728891281854538,0.23849639892578126
14.9765625,0.7288251604352679,0.23849639892578126
14.9921875,0.7289152599516369,0.23873474121093763
15.0078125,0.7289014543805811,0.23891357421875
15.0234375,0.7287990025111607,0.23852630615234388
15.0390625,0.7289159865606406,0.23870513916015612
15.0546875,0.7288171677362358,0.23870513916015612
15.0703125,0.7288422357468378,0.23863037109375
15.0859375,0.7289541335332961,0.23849639892578126
15.1015625,0.728958493187314,0.238555908203125
15.1171875,0.7288335164388021,0.23873474121093763
15.1328125,0.728836422874814,0.23870513916015612
15.1484375,0.7287590390159977,0.238973388671875
15.1640625,0.7288178943452381,0.238973388671875
15.1796875,0.7288000924246651,0.23837707519531237
15.1953125,0.7289134434291294,0.23873474121093763
15.2109375,0.7287819271995908,0.23877960205078125
15.2265625,0.7288080851236979,0.23930114746093764
15.2421875,0.7288269769577753,0.238690185546875
15.2578125,0.7288171677362358,0.23937591552734389
15.2734375,0.728806631905692,0.23877960205078125
15.2890625,0.7288593110584071,0.23943511962890626
15.3046875,0.7289345150902158,0.23895843505859374
15.3203125,0.7289301554361979,0.23906280517578124
15.3359375,0.7287870134626117,0.23889862060546874
15.3515625,0.7289036342075893,0.238973388671875
15.3671875,0.7287670317150298,0.23943511962890626
15.3828125,0.7288295200892857,0.23888397216796875
15.3984375,0.7288785661969867,0.239405517578125
15.4140625,0.7288614908854166,0.239822998046875
15.4296875,0.7288465954008556,0.23891357421875
15.4453125,0.7288029988606771,0.23877960205078125
15.4609375,0.7289025442940849,0.238824462890625
15.4765625,0.7288952782040551,0.23930114746093764
15.4921875,0.7288455054873512,0.2391522216796875
15.5078125,0.7288211640857515,0.2391522216796875
15.5234375,0.7287666684105283,0.23922668457031235
15.5390625,0.7287899198986235,0.23903289794921875
15.5546875,0.7288593110584071,0.23979278564453124
15.5703125,0.7288313366117931,0.23906280517578124
15.5859375,0.7288015456426711,0.23937591552734389
15.6015625,0.728897458031064,0.23930114746093764
15.6171875,0.7288633074079242,0.2390478515625
15.6328125,0.7287797473725819,0.2391522216796875
15.6484375,0.7289159865606406,0.2394500732421875
15.6640625,0.7288080851236979,0.23918212890625
15.6796875,0.7288327898297992,0.23891357421875
15.6953125,0.7289116269066214,0.23919708251953126
15.7109375,0.7288400559198289,0.23959930419921874
15.7265625,0.7288720267159599,0.23930114746093764
15.7421875,0.7286751156761533,0.23974822998046874
15.7578125,0.7287906465076265,0.23979278564453124
15.7734375,0.7287917364211309,0.23974822998046874
15.7890625,0.7287757510230655,0.2394500732421875
15.8046875,0.7287681216285342,0.23930114746093764
15.8203125,0.7288382393973214,0.239345703125
15.8359375,0.7287623087565104,0.2394500732421875
15.8515625,0.7287648518880215,0.2393310546875
15.8671875,0.7288055419921882,0.23950988769531237
15.8828125,0.7287870134626117,0.23950988769531237
15.8984375,0.7289065406436012,0.23930114746093764
15.9140625,0.728866940452939,0.23947998046875
15.9296875,0.728837149483817,0.2396588134765625
15.9453125,0.7287532261439739,0.23959930419921874
15.9609375,0.7288792928059896,0.2400018310546875
15.9765625,0.7288963681175595,0.23943511962890626
15.9921875,0.7288073585146949,0.2396588134765625
16.0078125,0.7288367861793155,0.239822998046875
16.0234375,0.7288138979957217,0.23961395263671875
16.0390625,0.7287703014555431,0.2401504516601561
16.0546875,0.7288480486188617,0.23974822998046874
16.0703125,0.7287546793619785,0.23974822998046874
16.0859375,0.7287546793619785,0.239822998046875
16.1015625,0.7289624895368311,0.23943511962890626
16.1171875,0.7291702997116809,0.23950988769531237
16.1328125,0.7294395083472842,0.2398974609375
16.1484375,0.7290257045200893,0.2401504516601561
16.1640625,0.7297323317754836,0.2396588134765625
16.1796875,0.7291739327566964,0.2399420166015625
16.1953125,0.7296316964285714,0.2398974609375
16.2109375,0.7297138032459071,0.2402996826171875
16.2265625,0.7297784714471727,0.2402252197265625
16.2421875,0.7305642990838914,0.24050811767578126
16.2578125,0.7298002697172619,0.24003143310546876
16.2734375,0.7293683006649926,0.2400164794921875
16.2890625,0.7300890967959449,0.23974822998046874
16.3046875,0.729842049734933,0.23986755371093765
16.3203125,0.7296269734700521,0.23959930419921874
16.3359375,0.7299379621233258,0.2402252197265625
16.3515625,0.7287950061616444,0.239822998046875
16.3671875,0.7292673020135789,0.23974822998046874
16.3828125,0.7298892793201265,0.2394500732421875
16.3984375,0.7290689377557664,0.239405517578125
16.4140625,0.7297283354259666,0.239405517578125
16.4296875,0.7297828311011905,0.23943511962890626
16.4453125,0.7291372390020461,0.23906280517578124
16.4609375,0.7301032656715023,0.23906280517578124
16.4765625,0.7294725690569189,0.23877960205078125
16.4921875,0.7293410528273809,0.23906280517578124
16.5078125,0.7292836507161452,0.23877960205078125
16.5234375,0.7292433239164806,0.23860076904296876
16.5390625,0.7292004539853051,0.23889862060546874
16.5546875,0.7292665754045758,0.23866058349609376
16.5703125,0.7298064458937872,0.23891357421875
16.5859375,0.7294700259254092,0.23834747314453125
16.6015625,0.7297290620349702,0.23830291748046875
16.6171875,0.7294598533993676,0.23794525146484374
16.6328125,0.7293817429315477,0.23837707519531237
16.6484375,0.7295158022925967,0.23806427001953126
16.6640625,0.7292462303524926,0.2381982421875
16.6796875,0.7293203444707961,0.23804931640625
16.6953125,0.7294198899042039,0.23788543701171874
16.7109375,0.7292171659923735,0.23788543701171874
16.7265625,0.7293334234328497,0.23806427001953126
16.7421875,0.7294198899042039,0.23725952148437485
16.7578125,0.7294972737630215,0.2373638916015625
16.7734375,0.7289406912667404,0.23782562255859374
16.7890625,0.7295757475353429,0.23737854003906236
16.8046875,0.7292280651274181,0.2373638916015625
16.8203125,0.7293683006649926,0.23718505859375
16.8359375,0.7293766566685261,0.236767578125
16.8515625,0.7290111723400298,0.23660400390625
16.8671875,0.7295920962379092,0.2371405029296875
16.8828125,0.7292851039341525,0.23635040283203124
16.8984375,0.7293087187267485,0.23721496582031235
16.9140625,0.7293228876023072,0.23663360595703126
16.9296875,0.7296505882626488,0.236767578125
16.9453125,0.7291089012509301,0.23663360595703126
16.9609375,0.7290271577380952,0.2355755615234375
16.9765625,0.7291187104724702,0.23609710693359376
16.9921875,0.7297330583844867,0.2360675048828125
17.0078125,0.7292066301618311,0.2356649780273439
17.0234375,0.7289748418898809,0.2359033203125
17.0390625,0.7292037237258191,0.23559020996093763
17.0546875,0.7296117146809896,0.2352178955078125
17.0703125,0.7290369669596354,0.23544158935546874
17.0859375,0.7292651221865699,0.23526275634765625
17.1015625,0.7292836507161452,0.23448760986328124
17.1171875,0.7294424147832961,0.23502410888671876
17.1328125,0.729842049734933,0.23472625732421876
17.1484375,0.7298158918108258,0.23502410888671876
17.1640625,0.729095458984375,0.2344580078125
17.1796875,0.7295790172758556,0.2345474243164064
17.1953125,0.7295041765485492,0.23447265625
17.2109375,0.7291619437081474,0.23411499023437485
17.2265625,0.7293087187267485,0.23414489746093764
17.2421875,0.7297439575195312,0.23432373046875
17.2578125,0.7289061773390997,0.234263916015625
17.2734375,0.7293475923084071,0.2341595458984375
17.2890625,0.7299554007393974,0.233966064453125
17.3046875,0.7293570382254464,0.2338018798828125
17.3203125,0.7293145315987724,0.23377227783203125
17.3359375,0.7293940952845975,0.233623046875
17.3515625,0.7301603044782367,0.2330419921875
17.3671875,0.7297119867234003,0.23322082519531237
17.3828125,0.7291532244001117,0.233399658203125
17.3984375,0.7291953677222842,0.2329229736328125
17.4140625,0.7294344220842633,0.2332061767578125
17.4296875,0.7294391450427834,0.23299713134765626
17.4453125,0.7300524030412954,0.23272888183593765
17.4609375,0.7297286987304688,0.2331463623046875
17.4765625,0.7294129871186763,0.2333251953125
17.4921875,0.7294307890392485,0.232744140625
17.5078125,0.7297217959449405,0.23237121582031237
17.5234375,0.7296981811523438,0.23237121582031237
17.5390625,0.7295237949916294,0.23237121582031237
17.5546875,0.7295386904761905,0.23322082519531237
17.5703125,0.7294100806826643,0.2330419921875
17.5859375,0.7296469552176332,0.233101806640625
17.6015625,0.7293501354399181,0.2330419921875
17.6171875,0.7288782028924858,0.2323565673828125
17.6328125,0.7294507707868311,0.2325204467773439
17.6484375,0.7294206165132069,0.232252197265625
17.6640625,0.7296302432105655,0.232252197265625
17.6796875,0.7293297903878349,0.23180511474609375
17.6953125,0.7288945515950521,0.23208831787109374
17.7109375,0.7295336042131689,0.23250549316406235
17.7265625,0.7295405069986979,0.2317156982421875
17.7421875,0.7295274280366444,0.23226715087890626
17.7578125,0.7296011788504464,0.23173065185546876
17.7734375,0.7291176205589658,0.231834716796875
17.7890625,0.7291739327566964,0.2320733642578125
17.8046875,0.7294028145926332,0.2320733642578125
17.8203125,0.7296022687639508,0.23137298583984375
17.8359375,0.7294711158389143,0.2315814208984375
17.8515625,0.7295325142996651,0.23137298583984375
17.8671875,0.7296818324497761,0.23091094970703124
17.8828125,0.7290322440011168,0.23134307861328124
17.8984375,0.7294089907691592,0.23098541259765626
17.9140625,0.7291056315104166,0.23088134765625
17.9296875,0.7293762933640253,0.23126861572265625
17.9453125,0.7292266119094122,0.2305682373046875
17.9609375,0.7292153494698668,0.2305084228515625
17.9765625,0.7293592180524546,0.23029998779296876
17.9921875,0.7298053559802834,0.2300616455078125
18.0078125,0.7289893740699405,0.2305084228515625
18.0234375,0.7291161673409599,0.2300616455078125
18.0390625,0.7299143473307285,0.22989776611328125
18.0546875,0.7294692993164062,0.230166015625
18.0703125,0.7292883736746651,0.23013580322265625
18.0859375,0.7293566749209449,0.23013580322265625
18.1015625,0.7293210710797992,0.2302252197265625
18.1171875,0.7295143490745908,0.2305828857421875
18.1328125,0.7291426885695691,0.230538330078125
18.1484375,0.7292149861653646,0.23013580322265625
18.1640625,0.7291790190197166,0.2300616455078125
18.1796875,0.7289643060593378,0.2299871826171875
18.1953125,0.7295357840401786,0.230166015625
18.2109375,0.7294409615652901,0.2299423217773439
18.2265625,0.72918701171875,0.23013580322265625
18.2421875,0.7295670282273072,0.22986755371093764
18.2578125,0.729233151390439,0.2300616455078125
18.2734375,0.7293377830868676,0.2300018310546875
18.2890625,0.7290896461123512,0.2304638671875
18.3046875,0.7296851021902901,0.2299423217773439
18.3203125,0.7293861025855655,0.23013580322265625
18.3359375,0.7294580368768594,0.22986755371093764
18.3515625,0.7294540405273438,0.22986755371093764
18.3671875,0.729055495489212,0.22946533203125
18.3828125,0.729440598260788,0.23031463623046874
18.3984375,0.7298275175548735,0.2294204711914064
18.4140625,0.7291786557152158,0.2300018310546875
18.4296875,0.7294089907691592,0.23013580322265625
18.4453125,0.7290631248837426,0.2305084228515625
18.4609375,0.7292829241071429,0.2299871826171875
18.4765625,0.7292524065290179,0.2305828857421875
18.4921875,0.7296865554082961,0.22971893310546876
18.5078125,0.7292734781901048,0.22918243408203126
18.5234375,0.7299430483863467,0.2299871826171875
18.5390625,0.7293613978794643,0.22971893310546876
18.5546875,0.7293570382254464,0.22958465576171874
18.5703125,0.7293330601283475,0.22948028564453124
18.5859375,0.7293784731910342,0.22971893310546876
18.6015625,0.7292120797293526,0.22952514648437486
18.6171875,0.7292782011486235,0.2293463134765625
18.6328125,0.7294925508045015,0.22916748046875
18.6484375,0.7291270664760044,0.2292120361328125
18.6640625,0.7291931878952753,0.22918243408203126
18.6796875,0.7291557675316214,0.22918243408203126
18.6953125,0.7290762038457961,0.22952514648437486
18.7109375,0.7290173485165551,0.22959930419921876
18.7265625,0.7289348783947166,0.22912261962890626
18.7421875,0.7290758405412954,0.2293463134765625
18.7578125,0.7290064493815104,0.22918243408203126
18.7734375,0.7290475027901786,0.22918243408203126
18.7890625,0.7289276123046882,0.22931640625
18.8046875,0.7289152599516369,0.22948028564453124
18.8203125,0.7288894653320312,0.22945068359375
18.8359375,0.7288742065429688,0.2295697021484375
18.8515625,0.7288760230654762,0.2291522216796875
18.8671875,0.72886948358445,0.22891418457031235
18.8828125,0.7289813813709071,0.22912261962890626
18.8984375,0.7289127168201265,0.22907775878906236
18.9140625,0.7289842878069189,0.22883941650390624
18.9296875,0.7289374215262276,0.2294952392578125
18.9453125,0.7288280668712798,0.22922698974609376
18.9609375,0.7288164411272321,0.22883941650390624
18.9765625,0.7289374215262276,0.22883941650390624
18.9921875,0.7287917364211309,0.22922698974609376
19.0078125,0.7289871942429309,0.229107666015625
19.0234375,0.7287888299851191,0.22900360107421874
19.0390625,0.7288851056780133,0.22842224121093765
19.0546875,0.7289196196056548,0.22898864746093764
19.0703125,0.728866940452939,0.22876495361328125
19.0859375,0.7288629441034227,0.229107666015625
19.1015625,0.7288469587053571,0.22948028564453124
19.1171875,0.7288894653320312,0.22922698974609376
19.1328125,0.7288709368024546,0.22894378662109374
19.1484375,0.728865487234933,0.22907775878906236
19.1640625,0.7288901919410342,0.22846710205078125
19.1796875,0.728811354864212,0.22846710205078125
19.1953125,0.7288582211449033,0.2293310546875
19.2109375,0.7288909185500372,0.22948028564453124
19.2265625,0.7289908272879464,0.22931640625
19.2421875,0.7288716634114584,0.22940582275390625
19.2578125,0.7288734799339658,0.22912261962890626
19.2734375,0.7289094470796131,0.2288543701171875
19.2890625,0.7288796561104904,0.22924163818359375
19.3046875,0.7287982759021571,0.229093017578125
19.3203125,0.7288683936709449,0.22952514648437486
19.3359375,0.7288465954008556,0.22869049072265624
19.3515625,0.7288843790690104,0.22948028564453124
19.3671875,0.7288277035667783,0.2291522216796875
19.3828125,0.7288222539992559,0.22946533203125
19.3984375,0.7288200741722477,0.22898864746093764
19.4140625,0.7288095383417039,0.22919708251953125
19.4296875,0.7288702101934523,0.2289288330078125
19.4453125,0.728775387718564,0.22912261962890626
19.4609375,0.7287786574590773,0.22919708251953125
19.4765625,0.7288229806082596,0.2289288330078125
19.4921875,0.7288367861793155,0.22898864746093764
19.5078125,0.7287652151925224,0.2285263061523439
19.5234375,0.7288120814732143,0.22955474853515612
19.5390625,0.7288287934802834,0.22891418457031235
19.5546875,0.7288295200892857,0.2292864990234375
19.5703125,0.7288716634114584,0.22945068359375
19.5859375,0.7288382393973214,0.229688720703125
19.6015625,0.7288313366117931,0.22976348876953126
19.6171875,0.7288792928059896,0.22959930419921876
19.6328125,0.7288516816638765,0.2295697021484375
19.6484375,0.7288469587053571,0.22971893310546876
19.6640625,0.7287881033761168,0.22995697021484374
19.6796875,0.7288502284458706,0.22986755371093764
19.6953125,0.7288338797433036,0.2294952392578125
19.7109375,0.7287848336356026,0.22954010009765624
19.7265625,0.7288135346912202,0.2299871826171875
19.7421875,0.7288211640857515,0.22979309082031235
19.7578125,0.7287895565941214,0.2305084228515625
19.7734375,0.7288553147088914,0.22986755371093764
19.7890625,0.7287252516973586,0.23013580322265625
19.8046875,0.7288277035667783,0.2304638671875
19.8203125,0.7288287934802834,0.2300616455078125
19.8359375,0.7288298833937872,0.2305084228515625
19.8515625,0.7288011823381689,0.2300018310546875
19.8671875,0.7288287934802834,0.2303448486328125
19.8828125,0.7288306100027901,0.230240478515625
19.8984375,0.7288618541899181,0.23032958984375
19.9140625,0.7288164411272321,0.23032958984375
19.9296875,0.7288596743629092,0.2305828857421875
19.9453125,0.7288745698474702,0.2305828857421875
19.9609375,0.7288019089471727,0.2305682373046875
19.9765625,0.7287514096214658,0.23125366210937487
19.9921875,0.7288346063523072,0.23125366210937487
20.0078125,0.7287873767671131,0.23125366210937487
20.0234375,0.7288600376674107,0.2313580322265625
20.0390625,0.7288251604352679,0.23073211669921875
20.0546875,0.7288048153831845,0.23101531982421875
20.0703125,0.7287619454520096,0.2305828857421875
20.0859375,0.728834969656808,0.23073211669921875
20.1015625,0.7288048153831845,0.2308364868164064
20.1171875,0.7289406912667404,0.23073211669921875
20.1328125,0.7288404192243311,0.23073211669921875
20.1484375,0.7288404192243311,0.23077697753906234
20.1640625,0.7288382393973214,0.23098541259765626
20.1796875,0.728837149483817,0.23134307861328124
20.1953125,0.7288429623558408,0.23061309814453124
20.2109375,0.7288313366117931,0.23153686523437486
20.2265625,0.7287376040504092,0.23153686523437486
20.2421875,0.7288462320963548,0.23091094970703124
20.2578125,0.7287419637044271,0.2311346435546875
20.2734375,0.7287274315243676,0.23153686523437486
20.2890625,0.728806631905692,0.2319989013671875
20.3046875,0.7288534981863832,0.23150726318359374
20.3203125,0.7288604009719122,0.23125366210937487
20.3359375,0.7288742065429688,0.2316412353515625
20.3515625,0.7288480486188617,0.23091094970703124
20.3671875,0.7287492297944569,0.231671142578125
20.3828125,0.7288088117327008,0.23180511474609375
20.3984375,0.7288509550548735,0.2314324951171875
20.4140625,0.7288266136532738,0.23106018066406236
20.4296875,0.7288382393973214,0.23106018066406236
20.4453125,0.7288382393973214,0.23138763427734388
20.4609375,0.7288436889648438,0.23190948486328125
20.4765625,0.728866940452939,0.2315814208984375
20.4921875,0.7288909185500372,0.2320733642578125
20.5078125,0.7288153512137276,0.23192413330078124
20.5234375,0.7288055419921882,0.23190948486328125
20.5390625,0.7287619454520096,0.23173065185546876
20.5546875,0.7288386027018229,0.23237121582031237
20.5703125,0.7287986392066592,0.23204376220703124
20.5859375,0.7287281581333706,0.232252197265625
20.6015625,0.7287092662992931,0.232535400390625
20.6171875,0.7287866501581094,0.232535400390625
20.6328125,0.7288444155738467,0.23272888183593765
20.6484375,0.728811354864212,0.2324160766601561
20.6640625,0.7289043608165929,0.2320733642578125
20.6796875,0.7287830171130952,0.23192413330078124
20.6953125,0.7287982759021571,0.2320733642578125
20.7109375,0.7288011823381689,0.232252197265625
20.7265625,0.7288651239304309,0.23210296630859376
20.7421875,0.7287470499674479,0.23277374267578124
20.7578125,0.7288665771484382,0.2321923828125
20.7734375,0.7287812005905878,0.232252197265625
20.7890625,0.7287492297944569,0.2319989013671875
20.8046875,0.7287779308500737,0.23258026123046874
20.8203125,0.7287550426664806,0.23258026123046874
20.8359375,0.7288778395879836,0.23258026123046874
20.8515625,0.728867667061942,0.232744140625
20.8671875,0.7287608555385044,0.2324908447265625
20.8828125,0.7288000924246651,0.23237121582031237
20.8984375,0.7288600376674107,0.23237121582031237
20.9140625,0.7288164411272321,0.2328485107421875
20.9296875,0.7286972772507441,0.23351898193359374
20.9453125,0.7288386027018229,0.233101806640625
20.9609375,0.7288713001069569,0.2328485107421875
20.9765625,0.7288716634114584,0.232967529296875
20.9921875,0.7288295200892857,0.23289306640625
21.0078125,0.7288396926153273,0.23329559326171875
21.0234375,0.7288462320963548,0.23277374267578124
21.0390625,0.7288665771484382,0.232833251953125
21.0546875,0.7287586757114956,0.23266967773437486
21.0703125,0.7288029988606771,0.23322082519531237
21.0859375,0.7287979125976562,0.2331463623046875
21.1015625,0.7287423270089286,0.23351898193359374
21.1171875,0.7287372407459071,0.23319091796875
21.1328125,0.7288985479445691,0.23319091796875
21.1484375,0.7287648518880215,0.233623046875
21.1640625,0.7288080851236979,0.23322082519531237
21.1796875,0.7287107195172992,0.23375732421875
21.1953125,0.7288462320963548,0.2333697509765625
21.2109375,0.7288146246047247,0.233623046875
21.2265625,0.7287717546735492,0.23377227783203125
21.2421875,0.7287630353655133,0.233385009765625
21.2578125,0.728811354864212,0.23374267578125
21.2734375,0.7288204374767485,0.23375732421875
21.2890625,0.7288280668712798,0.23404052734375
21.3046875,0.7288106282552084,0.2339361572265625
21.3203125,0.7287550426664806,0.2342938232421875
21.3359375,0.728851318359375,0.23433837890625
21.3515625,0.7287615821475074,0.23418975830078126
21.3671875,0.7288204374767485,0.23401092529296874
21.3828125,0.7288465954008556,0.23436859130859375
21.3984375,0.7288233439127604,0.2345770263671875
21.4140625,0.728790283203125,0.23387664794921875
21.4296875,0.7288480486188617,0.23438323974609376
21.4453125,0.7288306100027901,0.23418975830078126
21.4609375,0.7288280668712798,0.23402557373046876
21.4765625,0.7288865588960194,0.23447265625
21.4921875,0.7288614908854166,0.23401092529296874
21.5078125,0.7286976405552456,0.2351431274414064
21.5234375,0.7287957327706474,0.23451721191406236
21.5390625,0.72889418829055,0.23480041503906235
21.5546875,0.7288197108677456,0.23480041503906235
21.5703125,0.7287219819568452,0.23474090576171874
21.5859375,0.7288436889648438,0.23480041503906235
21.6015625,0.7287615821475074,0.23499450683593764
21.6171875,0.7288484119233631,0.23460662841796875
21.6328125,0.7287873767671131,0.235113525390625
21.6484375,0.7288422357468378,0.235113525390625
21.6640625,0.7287953694661452,0.23447265625
21.6796875,0.7288320632207961,0.2345474243164064
21.6953125,0.7288080851236979,0.23494964599609375
21.7109375,0.7288255237397694,0.235113525390625
21.7265625,0.7289036342075893,0.23472625732421876
21.7421875,0.7288262503487724,0.23477081298828126
21.7578125,0.72877211797805,0.234696044921875
21.7734375,0.7287673950195312,0.2351580810546875
21.7890625,0.7287419637044271,0.23480041503906235
21.8046875,0.7288269769577753,0.234696044921875
21.8203125,0.7287092662992931,0.23502410888671876
21.8359375,0.7287906465076265,0.23499450683593764
21.8515625,0.728790283203125,0.23480041503906235
21.8671875,0.7286921909877239,0.2353369140625
21.8828125,0.7288465954008556,0.234979248046875
21.8984375,0.7287532261439739,0.2355606079101561
21.9140625,0.728806631905692,0.2355606079101561
21.9296875,0.7288429623558408,0.23499450683593764
21.9453125,0.728790283203125,0.23544158935546874
21.9609375,0.728866213843936,0.2350689697265625
21.9765625,0.7287663051060261,0.23526275634765625
21.9921875,0.7287982759021571,0.23499450683593764
22.0078125,0.7288411458333334,0.23573944091796875
22.0234375,0.7287114461263021,0.2357244873046875
22.0390625,0.7286384219215023,0.23517333984375
22.0546875,0.7287713913690477,0.23562042236328126
22.0703125,0.7288287934802834,0.23553100585937486
22.0859375,0.7287623087565104,0.2353369140625
22.1015625,0.7287815638950893,0.23532196044921874
22.1171875,0.7287405104864211,0.23585845947265624
22.1328125,0.728811354864212,0.2353369140625
22.1484375,0.7287198021298357,0.2352178955078125
22.1640625,0.7288367861793155,0.23581390380859374
22.1796875,0.7287888299851191,0.23563507080078125
22.1953125,0.7286660330636168,0.23545623779296876
22.2109375,0.7288229806082596,0.23581390380859374
22.2265625,0.7288284301757812,0.23621612548828125
22.2421875,0.7288930983770461,0.23609710693359376
22.2578125,0.7287935529436383,0.23553100585937486
22.2734375,0.7288422357468378,0.23579925537109375
22.2890625,0.7287121727353051,0.23605224609375
22.3046875,0.7288106282552084,0.23609710693359376
22.3203125,0.7288447788783475,0.235963134765625
22.3359375,0.7292847406296503,0.23591827392578124
22.3515625,0.7292400541759666,0.23565002441406235
22.3671875,0.7289563133603051,0.23608215332031235
22.3828125,0.7289381481352306,0.23548614501953125
22.3984375,0.7289792015438988,0.23532196044921874
22.4140625,0.7292920067196801,0.23609710693359376
22.4296875,0.7290834699358258,0.23597808837890624
22.4453125,0.7289799281529025,0.23597808837890624
22.4609375,0.7293570382254464,0.2359033203125
22.4765625,0.7293486822219122,0.2359033203125
22.4921875,0.7296320597330729,0.2357098388671875
22.5078125,0.7290736607142857,0.2355755615234375
22.5234375,0.7294594900948668,0.23576904296875
22.5390625,0.7292814708891369,0.2361419677734375
22.5546875,0.7290406000046503,0.2355755615234375
22.5703125,0.7291150774274546,0.235396728515625
22.5859375,0.7289345150902158,0.23562042236328126
22.6015625,0.7297025408063617,0.23547119140625
22.6171875,0.7288560413178944,0.23573944091796875
22.6328125,0.729567391531808,0.2359033203125
22.6484375,0.7293414161318824,0.23550079345703126
22.6640625,0.728957766578311,0.23559020996093763
22.6796875,0.728959219796317,0.23563507080078125
22.6953125,0.7296814691452753,0.2357098388671875
22.7109375,0.729461669921875,0.23499450683593764
22.7265625,0.7290656680152523,0.2353369140625
22.7421875,0.729292733328683,0.2350091552734375
22.7578125,0.7291891915457596,0.234979248046875
22.7734375,0.7291702997116809,0.2353369140625
22.7890625,0.7293101719447544,0.23499450683593764
22.8046875,0.7290511358351928,0.23499450683593764
22.8203125,0.7295372372581845,0.2352178955078125
22.8359375,0.7292469569614956,0.23526275634765625
22.8515625,0.7291750226702008,0.23477081298828126
22.8671875,0.7290329706101191,0.23480041503906235
22.8828125,0.7289683024088548,0.23491973876953126
22.8984375,0.7295644850957961,0.23494964599609375
22.9140625,0.7291699364071801,0.23404052734375
22.9296875,0.7289991832914806,0.23472625732421876
22.9453125,0.7291666666666666,0.23462158203125
22.9609375,0.7289908272879464,0.23472625732421876
22.9765625,0.7293446858723952,0.23433837890625
22.9921875,0.7293701171875,0.2342938232421875
23.0078125,0.7290689377557664,0.234263916015625
23.0234375,0.7294380551292783,0.2338018798828125
23.0390625,0.7288829258510044,0.233623046875
23.0546875,0.7291201636904762,0.2338018798828125
23.0703125,0.7292673020135789,0.2334442138671875
23.0859375,0.7293301536923357,0.234263916015625
23.1015625,0.7294961838495164,0.2336978149414064
23.1171875,0.7290122622535342,0.23375732421875
23.1328125,0.7289439610072544,0.23404052734375
23.1484375,0.7289127168201265,0.23322082519531237
23.1640625,0.7292582194010416,0.23359344482421876
23.1796875,0.7292640322730655,0.23322082519531237
23.1953125,0.7292433239164806,0.2330865478515625
23.2109375,0.7290674845377604,0.233623046875
23.2265625,0.7293010893322166,0.23351898193359374
23.2421875,0.7291470482235857,0.23299713134765626
23.2578125,0.7296422322591146,0.23319091796875
23.2734375,0.7291125342959449,0.2328485107421875
23.2890625,0.7292887369791666,0.23351898193359374
23.3046875,0.7292633056640618,0.23351898193359374
23.3203125,0.7291906447637642,0.23322082519531237
23.3359375,0.7292582194010416,0.23322082519531237
23.3515625,0.7293454124813988,0.2333697509765625
23.3671875,0.7294049944196429,0.232744140625
23.3828125,0.7292614891415551,0.23287811279296874
23.3984375,0.7291361490885416,0.23295257568359376
23.4140625,0.7290653047107515,0.23269927978515612
23.4296875,0.7292861938476562,0.232550048828125
23.4453125,0.7291205269949776,0.23287811279296874
23.4609375,0.7292349679129464,0.2327142333984375
23.4765625,0.7291445050920758,0.23307189941406237
23.4921875,0.7291503179640997,0.2325204467773439
23.5078125,0.729141598656064,0.23240142822265625
23.5234375,0.7290594918387276,0.23187957763671874
23.5390625,0.7291201636904762,0.232252197265625
23.5546875,0.7294057210286452,0.2323565673828125
23.5703125,0.7292803809756324,0.232117919921875
23.5859375,0.7292694818405878,0.2324160766601561
23.6015625,0.7289661225818452,0.2325204467773439
23.6171875,0.7292469569614956,0.23269927978515612
23.6328125,0.7292861938476562,0.23299713134765626
23.6484375,0.7290656680152523,0.23180511474609375
23.6640625,0.7293984549386168,0.23180511474609375
23.6796875,0.7289813813709071,0.232117919921875
23.6953125,0.7293599446614584,0.2320733642578125
23.7109375,0.7294714791434151,0.23176025390625
23.7265625,0.7295753842308408,0.23144744873046874
23.7421875,0.7289501371837798,0.2316412353515625
23.7578125,0.7290079025995164,0.23149230957031236
23.7734375,0.7294947306315104,0.23125366210937487
23.7890625,0.7291826520647321,0.231671142578125
23.8046875,0.7292404174804688,0.23173065185546876
23.8203125,0.7292157127743676,0.23190948486328125
23.8359375,0.7290921892438617,0.231611328125
23.8515625,0.7292433239164806,0.23088134765625
23.8671875,0.729843502952939,0.23125366210937487
23.8828125,0.7293134416852679,0.2314324951171875
23.8984375,0.7291128976004464,0.23061309814453124
23.9140625,0.7291975475492931,0.2314324951171875
23.9296875,0.7293494088309151,0.23064270019531236
23.9453125,0.7296509515671503,0.23088134765625
23.9609375,0.7289955502464658,0.2305828857421875
23.9765625,0.7295561290922619,0.2305828857421875
23.9921875,0.7291426885695691,0.230821533203125
24.0078125,0.7299554007393974,0.2303448486328125
24.0234375,0.7293018159412202,0.2305828857421875
24.0390625,0.7293893723260789,0.230389404296875
24.0546875,0.7292665754045758,0.23088134765625
24.0703125,0.7296553112211681,0.23073211669921875
24.0859375,0.7294791085379464,0.2305682373046875
24.1015625,0.7295455932617188,0.230538330078125
24.1171875,0.7298311505998883,0.230538330078125
24.1328125,0.729385739281064,0.230538330078125
24.1484375,0.7291492280505952,0.2303448486328125
24.1640625,0.7296320597330729,0.23013580322265625
24.1796875,0.7288851056780133,0.22986755371093764
24.1953125,0.7293744768415179,0.2305084228515625
24.2109375,0.7293446858723952,0.2299871826171875
24.2265625,0.7300037202380952,0.2303448486328125
24.2421875,0.7296138945079985,0.23073211669921875
24.2578125,0.7306605747767857,0.22971893310546876
24.2734375,0.7296106247674858,0.23032958984375
24.2890625,0.7301250639415929,0.23029998779296876
24.3046875,0.7299942743210572,0.229674072265625
24.3203125,0.7299837384905133,0.2296591186523439
24.3359375,0.7299837384905133,0.22986755371093764
24.3515625,0.7298097156343,0.2299423217773439
24.3671875,0.7291975475492931,0.22986755371093764
24.3828125,0.7292763846261168,0.229674072265625
24.3984375,0.7293454124813988,0.23003173828125
24.4140625,0.7294496808733258,0.22974853515625
24.4296875,0.7294340587797619,0.22918243408203126
24.4453125,0.7301969982328869,0.2293463134765625
24.4609375,0.7295939127604166,0.2296295166015625
24.4765625,0.7302046276274181,0.22912261962890626
24.4921875,0.7297900971912202,0.22940582275390625
24.5078125,0.7293446858723952,0.2293759155273439
24.5234375,0.7304505847749263,0.2298379516601561
24.5390625,0.7294932774135044,0.229390869140625
24.5546875,0.7295804704938617,0.22948028564453124
24.5703125,0.7299150739397321,0.229390869140625
24.5859375,0.7305991763160342,0.22955474853515612
24.6015625,0.7296415056501117,0.22924163818359375
24.6171875,0.7300636654808408,0.22916748046875
24.6328125,0.7296999976748512,0.2293463134765625
24.6484375,0.7297933669317336,0.22946533203125
24.6640625,0.7302812848772321,0.22904815673828124
24.6796875,0.7292778378441214,0.22901824951171876
24.6953125,0.7292840140206474,0.229107666015625
24.7109375,0.7291009085518974,0.22948028564453124
24.7265625,0.7291971842447916,0.2294952392578125
24.7421875,0.7290166219075521,0.22948028564453124
24.7578125,0.7290089925130215,0.2287200927734375
24.7734375,0.7289966401599702,0.22931640625
24.7890625,0.7289697556268594,0.22924163818359375
24.8046875,0.7289326985677084,0.22931640625
24.8203125,0.7290060860770096,0.22931640625
24.8359375,0.7289879208519345,0.2298379516601561
24.8515625,0.7289243425641742,0.22964416503906235
24.8671875,0.7288920084635416,0.22931640625
24.8828125,0.7289297921316964,0.22901824951171876
24.8984375,0.7289112636021206,0.22916748046875
24.9140625,0.7289134434291294,0.22959930419921876
24.9296875,0.7289276123046882,0.229107666015625
24.9453125,0.7289083571661086,0.229107666015625
24.9609375,0.7289664858863467,0.22930145263671875
24.9765625,0.7289079938616071,0.229256591796875
24.9921875,0.7289508637927834,0.2297039794921875
25.0078125,0.7288858322870164,0.22906280517578126
25.0234375,0.7289116269066214,0.22924163818359375
25.0390625,0.7288709368024546,0.22876495361328125
25.0546875,0.72894287109375,0.22930145263671875
25.0703125,0.7289297921316964,0.22931640625
25.0859375,0.7289116269066214,0.22901824951171876
25.1015625,0.728867667061942,0.229256591796875
25.1171875,0.7288898286365334,0.22886932373046875
25.1328125,0.7289446876162574,0.2287051391601561
25.1484375,0.7289417811802456,0.22931640625
25.1640625,0.7288538614908854,0.229107666015625
25.1796875,0.7288832891555059,0.2291375732421875
25.1953125,0.7288836524600074,0.22976348876953126
25.2109375,0.7289955502464658,0.22936126708984375
25.2265625,0.7288949148995536,0.2291522216796875
25.2421875,0.7288222539992559,0.22927185058593763
25.2578125,0.7287812005905878,0.22927185058593763
25.2734375,0.7289294288271949,0.22898864746093764
25.2890625,0.728866940452939,0.229033203125
25.3046875,0.728867667061942,0.229093017578125
25.3203125,0.7288327898297992,0.22973358154296875
25.3359375,0.7289010910760789,0.22898864746093764
25.3515625,0.7288378760928199,0.2287051391601561
25.3671875,0.7288436889648438,0.2296295166015625
25.3828125,0.7288771129789806,0.22948028564453124
25.3984375,0.7288745698474702,0.22883941650390624
25.4140625,0.7288099016462046,0.22927185058593763
25.4296875,0.7288713001069569,0.2291375732421875
25.4453125,0.728851318359375,0.22912261962890626
25.4609375,0.7288218906947544,0.22907775878906236
25.4765625,0.7288901919410342,0.22919708251953125
25.4921875,0.7289065406436012,0.2293310546875
25.5078125,0.7288545880998883,0.22924163818359375
25.5234375,0.7288088117327008,0.229093017578125
25.5390625,0.7288683936709449,0.2293310546875
25.5546875,0.7289090837751117,0.22898864746093764
25.5703125,0.7288306100027901,0.22974853515625
25.5859375,0.7289079938616071,0.22959930419921876
25.6015625,0.7289130801246286,0.2291522216796875
25.6171875,0.7288404192243311,0.22979309082031235
25.6328125,0.7287782941545758,0.22916748046875
25.6484375,0.7288843790690104,0.2296295166015625
25.6640625,0.7288480486188617,0.22931640625
25.6796875,0.7289083571661086,0.2291522216796875
25.6953125,0.7288335164388021,0.229390869140625
25.7109375,0.7289461408342633,0.229390869140625
25.7265625,0.7290075392950142,0.22995697021484374
25.7421875,0.7288393293108258,0.229390869140625
25.7578125,0.7288734799339658,0.2292120361328125
25.7734375,0.7287979125976562,0.2292120361328125
25.7890625,0.7288702101934523,0.22924163818359375
25.8046875,0.7288858322870164,0.2292120361328125
25.8203125,0.7288233439127604,0.22989776611328125
25.8359375,0.7287801106770834,0.22995697021484374
25.8515625,0.7288353329613095,0.22992736816406237
25.8671875,0.728834969656808,0.229674072265625
25.8828125,0.7288778395879836,0.2299871826171875
25.8984375,0.7288465954008556,0.2305084228515625
25.9140625,0.7287830171130952,0.2296142578125
25.9296875,0.7288149879092262,0.23001678466796874
25.9453125,0.7287928263346354,0.23029998779296876
25.9609375,0.7287979125976562,0.2299871826171875
25.9765625,0.7287920997256324,0.2305828857421875
25.9921875,0.728867667061942,0.2303448486328125
26.0078125,0.7288415091378349,0.2305084228515625
26.0234375,0.7288836524600074,0.230538330078125
26.0390625,0.7288197108677456,0.23013580322265625
26.0546875,0.7288055419921882,0.23032958984375
26.0703125,0.7287982759021571,0.23088134765625
26.0859375,0.7289410545712426,0.23032958984375
26.1015625,0.7288883754185261,0.23004638671875
26.1171875,0.7287386939639143,0.23073211669921875
26.1328125,0.7288480486188617,0.23068725585937486
26.1484375,0.7287928263346354,0.230821533203125
26.1640625,0.7288346063523072,0.2305828857421875
26.1796875,0.7287768409365699,0.2305084228515625
26.1953125,0.7288836524600074,0.2305828857421875
26.2109375,0.7288306100027901,0.2305828857421875
26.2265625,0.7287619454520096,0.2307470703125
26.2421875,0.7288771129789806,0.230821533203125
26.2578125,0.7288346063523072,0.23061309814453124
26.2734375,0.7288462320963548,0.23031463623046874
26.2890625,0.7287579491024926,0.23061309814453124
26.3046875,0.7288313366117931,0.23076171875
26.3203125,0.7287252516973586,0.2299871826171875
26.3359375,0.7287848336356026,0.23031463623046874
26.3515625,0.7286671229771206,0.23108978271484376
26.3671875,0.7287557692754836,0.23125366210937487
26.3828125,0.7287873767671131,0.23137298583984375
26.3984375,0.7288436889648438,0.2316412353515625
26.4140625,0.7288916451590401,0.23088134765625
26.4296875,0.7288353329613095,0.23088134765625
26.4453125,0.7288069952101928,0.23098541259765626
26.4609375,0.7287935529436383,0.230821533203125
26.4765625,0.7288346063523072,0.230821533203125
26.4921875,0.7288346063523072,0.23098541259765626
26.5078125,0.7287615821475074,0.23068725585937486
26.5234375,0.7288215273902523,0.23125366210937487
26.5390625,0.7288564046223952,0.23137298583984375
26.5546875,0.7288436889648438,0.23137298583984375
26.5703125,0.7288436889648438,0.23126861572265625
26.5859375,0.7287881033761168,0.23126861572265625
26.6015625,0.7288418724423357,0.230821533203125
26.6171875,0.7288346063523072,0.23177551269531235
26.6328125,0.7287964593796503,0.23180511474609375
26.6484375,0.7287423270089286,0.23149230957031236
26.6640625,0.7288055419921882,0.23138763427734388
26.6796875,0.7288436889648438,0.23098541259765626
26.6953125,0.7287935529436383,0.2319989013671875
26.7109375,0.7288099016462046,0.23173065185546876
26.7265625,0.7288422357468378,0.23117919921875
26.7421875,0.7288404192243311,0.23091094970703124
26.7578125,0.728745596749442,0.2315814208984375
26.7734375,0.7288069952101928,0.2315814208984375
26.7890625,0.7288069952101928,0.231239013671875
26.8046875,0.7287982759021571,0.23144744873046874
26.8203125,0.7287688482375372,0.2320733642578125
26.8359375,0.7287971859886533,0.232117919921875
26.8515625,0.7288269769577753,0.231104736328125
26.8671875,0.7287703014555431,0.23190948486328125
26.8828125,0.7288346063523072,0.23180511474609375
26.8984375,0.7287673950195312,0.232252197265625
26.9140625,0.7288396926153273,0.2321923828125
26.9296875,0.7288168044317336,0.2325204467773439
26.9453125,0.7288222539992559,0.23190948486328125
26.9609375,0.728866940452939,0.23237121582031237
26.9765625,0.7288313366117931,0.2319989013671875
26.9921875,0.7287779308500737,0.23228179931640638
27.0078125,0.7288149879092262,0.232550048828125
27.0234375,0.7288698468889508,0.2321923828125
27.0390625,0.7288102649507069,0.2320733642578125
27.0546875,0.7287648518880215,0.232550048828125
27.0703125,0.7289243425641742,0.232535400390625
27.0859375,0.7288444155738467,0.2320733642578125
27.1015625,0.7288367861793155,0.231671142578125
27.1171875,0.7287870134626117,0.2325204467773439
27.1328125,0.728866213843936,0.23213317871093764
27.1484375,0.7288160778227306,0.23311676025390626
27.1640625,0.7287703014555431,0.23289306640625
27.1796875,0.728806631905692,0.232744140625
27.1953125,0.728865487234933,0.23272888183593765
27.2109375,0.7287713913690477,0.232744140625
27.2265625,0.7287608555385044,0.2328485107421875
27.2421875,0.7289112636021206,0.23258026123046874
27.2578125,0.7288095383417039,0.232535400390625
27.2734375,0.7287357875279025,0.23258026123046874
27.2890625,0.7288633074079242,0.23213317871093764
27.3046875,0.7287801106770834,0.23240142822265625
27.3203125,0.7288062686011905,0.23258026123046874
27.3359375,0.7288233439127604,0.2325204467773439
27.3515625,0.7287535894484747,0.2328485107421875
27.3671875,0.7287372407459071,0.23262481689453124
27.3828125,0.7287699381510416,0.23237121582031237
27.3984375,0.7287986392066592,0.23237121582031237
27.4140625,0.7289214361281622,0.23237121582031237
27.4296875,0.7287804739815849,0.232177734375
27.4453125,0.7287735711960572,0.232550048828125
27.4609375,0.7287365141369048,0.23281829833984374
27.4765625,0.7288055419921882,0.23275909423828126
27.4921875,0.728775387718564,0.23269927978515612
27.5078125,0.7288215273902523,0.23277374267578124
27.5234375,0.7288266136532738,0.23347442626953124
27.5390625,0.7287906465076265,0.23258026123046874
27.5546875,0.7288095383417039,0.233385009765625
27.5703125,0.7288222539992559,0.23259490966796875
27.5859375,0.7287688482375372,0.23269927978515612
27.6015625,0.7287706647600454,0.23322082519531237
27.6171875,0.7287797473725819,0.23295257568359376
27.6328125,0.7288295200892857,0.23299713134765626
27.6484375,0.7288011823381689,0.23322082519531237
27.6640625,0.7288734799339658,0.2328485107421875
27.6796875,0.7288386027018229,0.23329559326171875
27.6953125,0.7286827450706845,0.2328485107421875
27.7109375,0.7287917364211309,0.2328485107421875
27.7265625,0.7287735711960572,0.23322082519531237
27.7421875,0.7289352416992188,0.2330865478515625
27.7578125,0.7288247971307664,0.233399658203125
27.7734375,0.7287895565941214,0.23347442626953124
27.7890625,0.7287325177873883,0.2330419921875
27.8046875,0.7288277035667783,0.2333697509765625
27.8203125,0.7288760230654762,0.23322082519531237
27.8359375,0.7287506830124628,0.233399658203125
27.8515625,0.7288582211449033,0.23322082519531237
27.8671875,0.7287652151925224,0.2329229736328125
27.8828125,0.7289127168201265,0.23354858398437486
27.8984375,0.7287957327706474,0.2330865478515625
27.9140625,0.7287230718703497,0.23347442626953124
27.9296875,0.7287797473725819,0.23322082519531237
27.9453125,0.7288734799339658,0.2334442138671875
27.9609375,0.7291641235351562,0.23322082519531237
27.9765625,0.7298965454101562,0.23404052734375
27.9921875,0.7296375093005952,0.233399658203125
28.0078125,0.7286693028041294,0.23347442626953124
28.0234375,0.7286820184616809,0.233623046875
28.0390625,0.7291920979817715,0.23387664794921875
28.0546875,0.7290802001953118,0.23386169433593765
28.0703125,0.7292683919270834,0.23414489746093764
28.0859375,0.7294722057524181,0.23350402832031236
28.1015625,0.7293098086402523,0.2334442138671875
28.1171875,0.7293882824125737,0.233966064453125
28.1328125,0.7294692993164062,0.2338018798828125
28.1484375,0.7294700259254092,0.23411499023437485
28.1640625,0.7302039010184151,0.23347442626953124
28.1796875,0.7291899181547619,0.23348907470703126
28.1953125,0.7293566749209449,0.2338018798828125
28.2109375,0.7292240687779025,0.2338018798828125
28.2265625,0.7292963663736979,0.2338018798828125
28.2421875,0.7291405087425595,0.2338018798828125
28.2578125,0.7286075410388765,0.2342938232421875
28.2734375,0.7297286987304688,0.23389129638671874
28.2890625,0.7295121692475819,0.2338018798828125
28.3046875,0.7294849214099702,0.23347442626953124
28.3203125,0.7291455950055811,0.23322082519531237
28.3359375,0.7292149861653646,0.23341461181640638
28.3515625,0.7296309698195691,0.23307189941406237
28.3671875,0.7287881033761168,0.233399658203125
28.3828125,0.7299786522274926,0.23319091796875
28.3984375,0.7292578560965401,0.2333697509765625
28.4140625,0.7298878261021206,0.2336978149414064
28.4296875,0.7298929123651414,0.23354858398437486
28.4453125,0.7295717511858258,0.233250732421875
28.4609375,0.7294907342819941,0.23329559326171875
28.4765625,0.7293534051804309,0.23287811279296874
28.4921875,0.7298329671223952,0.23302734375
28.5078125,0.7293486822219122,0.23295257568359376
28.5234375,0.7293984549386168,0.23351898193359374
28.5390625,0.7294442313058036,0.23263946533203125
28.5546875,0.7292487734840023,0.232833251953125
28.5703125,0.7291070847284227,0.232833251953125
28.5859375,0.7295379638671882,0.2324160766601561
28.6015625,0.7294954572405133,0.23307189941406237
28.6171875,0.7293352399553571,0.232684326171875
28.6328125,0.7291227068219867,0.2324160766601561
28.6484375,0.7296327863420758,0.232550048828125
28.6640625,0.7294464111328118,0.2325204467773439
28.6796875,0.729949951171875,0.232252197265625
28.6953125,0.7293693905784977,0.23192413330078124
28.7109375,0.7293312436058408,0.23162628173828126
28.7265625,0.7296200706845238,0.2316860961914064
28.7421875,0.729421706426712,0.23149230957031236
28.7578125,0.7294910975864956,0.2312237548828125
28.7734375,0.7294500441778273,0.23149230957031236
28.7890625,0.7288346063523072,0.23192413330078124
28.8046875,0.7291208902994785,0.23125366210937487
28.8203125,0.7297446841285342,0.231402587890625
28.8359375,0.7288444155738467,0.23088134765625
28.8515625,0.7291910080682664,0.23088134765625
28.8671875,0.7291583106631324,0.2314324951171875
28.8828125,0.7299034481956845,0.23126861572265625
28.8984375,0.7294373285202753,0.230821533203125
28.9140625,0.7291212536039806,0.23098541259765626
28.9296875,0.7293777465820312,0.2300616455078125
28.9453125,0.7292069934663319,0.2300616455078125
28.9609375,0.7291452317010789,0.2305084228515625
28.9765625,0.7293014526367188,0.23013580322265625
28.9921875,0.7294260660807285,0.22986755371093764
29.0078125,0.729928879510788,0.2296142578125
29.0234375,0.7297069004603794,0.2299871826171875
29.0390625,0.7291183471679688,0.22986755371093764
29.0546875,0.7298020862397694,0.22986755371093764
29.0703125,0.7294358753022694,0.2305084228515625
29.0859375,0.7296705700102306,0.22971893310546876
29.1015625,0.7294805617559523,0.22946533203125
29.1171875,0.7300745646158854,0.229390869140625
29.1328125,0.7293991815476191,0.2296591186523439
29.1484375,0.7299583071754092,0.22931640625
29.1640625,0.7295862833658854,0.22924163818359375
29.1796875,0.7296763828822544,0.2293463134765625
29.1953125,0.7298660278320312,0.22919708251953125
29.2109375,0.7293486822219122,0.22948028564453124
29.2265625,0.729421706426712,0.22945068359375
29.2421875,0.7294213431222099,0.22952514648437486
29.2578125,0.7294231596447166,0.229688720703125
29.2734375,0.7296614873976928,0.22918243408203126
29.2890625,0.7294863746279762,0.22931640625
29.3046875,0.7295535859607515,0.2291522216796875
29.3203125,0.7285828363327753,0.22959930419921876
29.3359375,0.7297395978655133,0.22883941650390624
29.3515625,0.7293428693498883,0.229107666015625
29.3671875,0.7297098068963914,0.2291375732421875
29.3828125,0.7293835594540551,0.22900360107421874
29.3984375,0.7292836507161452,0.22894378662109374
29.4140625,0.7292756580171131,0.22924163818359375
29.4296875,0.7295524960472477,0.22888397216796874
29.4453125,0.7298841930571056,0.2289288330078125
29.4609375,0.7298518589564739,0.22869049072265624
29.4765625,0.7294206165132069,0.22869049072265624
29.4921875,0.7293152582077753,0.22894378662109374
29.5078125,0.7294678460984003,0.228541259765625
29.5234375,0.7296534946986607,0.22869049072265624
29.5390625,0.7299027215866809,0.22879455566406237
29.5546875,0.7298315139043906,0.22886932373046875
29.5703125,0.7295935494559151,0.22819885253906236
29.5859375,0.7290605817522321,0.2280047607421875
29.6015625,0.729568844749814,0.22866058349609375
29.6171875,0.7295506795247396,0.22813903808593763
29.6328125,0.7294547671363467,0.2280792236328125
29.6484375,0.7294980003720238,0.2277215576171875
29.6640625,0.7293069022042404,0.2279306030273439
29.6796875,0.7292920067196801,0.2280047607421875
29.6953125,0.7296269734700521,0.22757293701171874
29.7109375,0.729536873953683,0.2277215576171875
29.7265625,0.7295786539713548,0.22819885253906236
29.7421875,0.72972397577195,0.2276025390625
29.7578125,0.729355948311942,0.22794525146484376
29.7734375,0.7293977283296131,0.2278857421875
29.7890625,0.7295455932617188,0.2276470947265625
29.8046875,0.7297014508928571,0.2277215576171875
29.8203125,0.7299306960332961,0.22733428955078125
29.8359375,0.7290645781017485,0.2276025390625
29.8515625,0.7298809233165929,0.2276025390625
29.8671875,0.7297613961356026,0.2276025390625
29.8828125,0.7294028145926332,0.22715545654296876
29.8984375,0.7299430483863467,0.22718505859375
29.9140625,0.7293417794363832,0.2267529296875
29.9296875,0.7296135312034977,0.22715545654296876
29.9453125,0.7297617594401048,0.2268426513671875
29.9609375,0.7295252482096354,0.22666381835937485
29.9765625,0.7297788347516742,0.22694702148437484
29.9921875,0.7295263381231406,0.22728942871093763
30.0078125,0.7294118972051711,0.2268426513671875
30.0234375,0.7302645728701643,0.22649993896484374
30.0390625,0.7296825590587798,0.2269915771484375
30.0546875,0.7299477713448668,0.22717041015625
30.0703125,0.7299510410853794,0.22672332763671876
30.0859375,0.7295772007533475,0.226246337890625
30.1015625,0.7301021757579985,0.22666381835937485
30.1171875,0.7294129871186763,0.22582916259765626
30.1328125,0.7298634847005215,0.226171875
30.1484375,0.7299056280226928,0.2257098388671875
30.1640625,0.7292418706984747,0.2257098388671875
30.1796875,0.7301657540457596,0.225888671875
30.1953125,0.7292880103701643,0.22547149658203125
30.2109375,0.7293759300595238,0.225322265625
30.2265625,0.7299459548223586,0.22576965332031235
30.2421875,0.7293261573428199,0.225396728515625
30.2578125,0.7300088065011168,0.225516357421875
30.2734375,0.7298834664481026,0.2255010986328125
30.2890625,0.7301813761393229,0.22545654296875
30.3046875,0.7299583071754092,0.226112060546875
30.3203125,0.7299514043898809,0.225396728515625
30.3359375,0.7296026320684523,0.225396728515625
30.3515625,0.7297701154436383,0.22632110595703125
30.3671875,0.7293098086402523,0.2252178955078125
30.3828125,0.7290122622535342,0.22499450683593764
30.3984375,0.7291615804036452,0.2257098388671875
30.4140625,0.7291361490885416,0.22547149658203125
30.4296875,0.7290856497628349,0.225396728515625
30.4453125,0.7289069039481026,0.2256649780273439
30.4609375,0.7289112636021206,0.22527770996093766
30.4765625,0.7290129888625372,0.22547149658203125
30.4921875,0.72901625860305,0.225888671875
30.5078125,0.7289145333426332,0.22536712646484375
30.5234375,0.7289065406436012,0.225098876953125
30.5390625,0.7288476853143594,0.224801025390625
30.5546875,0.728897458031064,0.22468139648437485
30.5703125,0.7288153512137276,0.22489044189453125
30.5859375,0.7288189842587426,0.2250390625
30.6015625,0.7288465954008556,0.2251434326171875
30.6171875,0.7288229806082596,0.225098876953125
30.6328125,0.7288476853143594,0.22448791503906235
30.6484375,0.7289392380487358,0.2245025634765625
30.6640625,0.7289283389136905,0.22511383056640638
30.6796875,0.7288037254696801,0.2247857666015625
30.6953125,0.728896731422061,0.2247857666015625
30.7109375,0.7288244338262642,0.22489044189453125
30.7265625,0.7289167131696429,0.22468139648437485
30.7421875,0.7289312453497023,0.22496459960937487
30.7578125,0.7288596743629092,0.22489044189453125
30.7734375,0.7288404192243311,0.22496459960937487
30.7890625,0.7289032709030878,0.225098876953125
30.8046875,0.728811354864212,0.22460693359375
30.8203125,0.72889418829055,0.22448791503906235
30.8359375,0.7288742065429688,0.22493499755859375
30.8515625,0.7288629441034227,0.22511383056640638
30.8671875,0.7288037254696801,0.22493499755859375
30.8828125,0.7288011823381689,0.22468139648437485
30.8984375,0.7287968226841525,0.22460693359375
30.9140625,0.72889418829055,0.22511383056640638
30.9296875,0.728811354864212,0.2245025634765625
30.9453125,0.7287939162481406,0.2247857666015625
30.9609375,0.7288713001069569,0.2250390625
30.9765625,0.7289366949172247,0.2248602294921875
30.9921875,0.7288400559198289,0.22460693359375
31.0078125,0.7289119902111235,0.2245025634765625
31.0234375,0.7288378760928199,0.22460693359375
31.0390625,0.7288396926153273,0.2245025634765625
31.0546875,0.7289722987583706,0.22477081298828125
31.0703125,0.728896731422061,0.22489044189453125
31.0859375,0.7288549514043906,0.2250244140625
31.1015625,0.7287557692754836,0.2250390625
31.1171875,0.7288029988606771,0.22499450683593764
31.1328125,0.7288204374767485,0.22517333984375
31.1484375,0.7289210728236607,0.225322265625
31.1640625,0.7288869222005215,0.225098876953125
31.1796875,0.7288731166294643,0.22506927490234388
31.1953125,0.7288360595703118,0.225233154296875
31.2109375,0.7288643973214286,0.22520324707031236
31.2265625,0.7288055419921882,0.22565032958984374
31.2421875,0.7288313366117931,0.2252178955078125
31.2578125,0.7288455054873512,0.225322265625
31.2734375,0.7287782941545758,0.225396728515625
31.2890625,0.7288088117327008,0.22518829345703126
31.3046875,0.7289828345889143,0.22620147705078125
31.3203125,0.7288218906947544,0.225396728515625
31.3359375,0.7288378760928199,0.225396728515625
31.3515625,0.7289250691731771,0.22565032958984374
31.3671875,0.7288277035667783,0.22612731933593763
31.3828125,0.7287913731166294,0.2258438110351561
31.3984375,0.7288596743629092,0.2258438110351561
31.4140625,0.7287688482375372,0.225516357421875
31.4296875,0.7287815638950893,0.2255908203125
31.4453125,0.7288553147088914,0.22548614501953124
31.4609375,0.7288171677362358,0.225322265625
31.4765625,0.7288069952101928,0.22547149658203125
31.4921875,0.7288680303664428,0.22562042236328125
31.5078125,0.7288560413178944,0.22603759765625
31.5234375,0.7288338797433036,0.22603759765625
31.5390625,0.7288189842587426,0.2262762451171875
31.5546875,0.7288048153831845,0.2262908935546875
31.5703125,0.7288229806082596,0.22638031005859374
31.5859375,0.7287953694661452,0.2265145874023439
31.6015625,0.7288451421828497,0.22690216064453125
31.6171875,0.7289130801246286,0.22644012451171874
31.6328125,0.7288255237397694,0.22690216064453125
31.6484375,0.7287862868536086,0.2265740966796875
31.6640625,0.728834969656808,0.22644012451171874
31.6796875,0.7287786574590773,0.22614227294921874
31.6953125,0.7287735711960572,0.2267681884765625
31.7109375,0.7288019089471727,0.22658935546875
31.7265625,0.7287986392066592,0.227110595703125
31.7421875,0.7288832891555059,0.2264849853515625
31.7578125,0.728790283203125,0.2264697265625
31.7734375,0.7288262503487724,0.2267529296875
31.7890625,0.728866940452939,0.227021484375
31.8046875,0.7287881033761168,0.22615692138671875
31.8203125,0.7288898286365334,0.22700622558593764
31.8359375,0.7287913731166294,0.227244873046875
31.8515625,0.7288095383417039,0.22658935546875
31.8671875,0.7288716634114584,0.22717041015625
31.8828125,0.728837149483817,0.22743865966796875
31.8984375,0.7288600376674107,0.2277215576171875
31.9140625,0.7288171677362358,0.227021484375
31.9296875,0.7287804739815849,0.2274237060546875
31.9453125,0.7288415091378349,0.22746826171875
31.9609375,0.7288567679268974,0.227244873046875
31.9765625,0.7288095383417039,0.2277215576171875
31.9921875,0.7288752964564739,0.22782592773437485
32.0078125,0.7288480486188617,0.22743865966796875
32.0234375,0.7287695748465401,0.2277215576171875
32.0390625,0.7288462320963548,0.22851165771484375
32.0546875,0.7287968226841525,0.2280792236328125
32.0703125,0.7288520449683786,0.22812408447265625
32.0859375,0.7288713001069569,0.2273193359375
32.1015625,0.7287383306594122,0.228258056640625
32.1171875,0.7287466866629464,0.2278411865234375
32.1328125,0.7287572224934896,0.2280792236328125
32.1484375,0.7288338797433036,0.22864593505859376
32.1640625,0.7288829258510044,0.22839233398437486
32.1796875,0.7288792928059896,0.22861572265625
32.1953125,0.7287884666806176,0.2283624267578125
32.2109375,0.7288095383417039,0.2285711669921875
32.2265625,0.7288596743629092,0.22842224121093765
32.2421875,0.7288178943452381,0.22879455566406237
32.2578125,0.7288019089471727,0.228541259765625
32.2734375,0.7287506830124628,0.2287200927734375
32.2890625,0.7288153512137276,0.22869049072265624
32.3046875,0.7288767496744785,0.229390869140625
32.3203125,0.7287830171130952,0.22883941650390624
32.3359375,0.7288462320963548,0.22927185058593763
32.3515625,0.7288280668712798,0.22927185058593763
32.3671875,0.7288168044317336,0.22927185058593763
32.3828125,0.7288244338262642,0.22948028564453124
32.3984375,0.7288894653320312,0.22879455566406237
32.4140625,0.7288636707124263,0.22895874023437485
32.4296875,0.728830246698288,0.22867553710937485
32.4453125,0.7288320632207961,0.229256591796875
32.4609375,0.7288861955915179,0.22919708251953125
32.4765625,0.7288771129789806,0.229256591796875
32.4921875,0.7288244338262642,0.22927185058593763
32.5078125,0.7288531348818824,0.22924163818359375
32.5234375,0.7288346063523072,0.22900360107421874
32.5390625,0.7287764776320691,0.22945068359375
32.5546875,0.7287833804175967,0.229390869140625
32.5703125,0.7288444155738467,0.2287353515625
32.5859375,0.7288916451590401,0.2298379516601561
32.6015625,0.7289094470796131,0.22952514648437486
32.6171875,0.7287670317150298,0.2293463134765625
32.6328125,0.7288545880998883,0.22912261962890626
32.6484375,0.7287132626488095,0.22973358154296875
32.6640625,0.7288316999162954,0.22918243408203126
32.6796875,0.7287790207635789,0.22918243408203126
32.6953125,0.7288447788783475,0.2292120361328125
32.7109375,0.7288338797433036,0.22952514648437486
32.7265625,0.7288465954008556,0.22952514648437486
32.7421875,0.7288284301757812,0.22971893310546876
32.7578125,0.7287768409365699,0.22986755371093764
32.7734375,0.7288560413178944,0.23003173828125
32.7890625,0.7288262503487724,0.2295697021484375
32.8046875,0.7287673950195312,0.229674072265625
32.8203125,0.7288160778227306,0.2300018310546875
32.8359375,0.7288582211449033,0.22986755371093764
32.8515625,0.7288516816638765,0.23029998779296876
32.8671875,0.7288520449683786,0.23013580322265625
32.8828125,0.7288277035667783,0.230389404296875
32.8984375,0.7288600376674107,0.230166015625
32.9140625,0.7287485031854539,0.2300616455078125
32.9296875,0.728837149483817,0.2300616455078125
32.9453125,0.7288484119233631,0.2303448486328125
32.9609375,0.7288883754185261,0.2305084228515625
32.9765625,0.7288444155738467,0.2305828857421875
32.9921875,0.7288633074079242,0.2302252197265625
33.0078125,0.7288687569754464,0.2305084228515625
33.0234375,0.7288444155738467,0.23025543212890626
33.0390625,0.7288295200892857,0.2305828857421875
33.0546875,0.7288451421828497,0.2307025146484375
33.0703125,0.7287895565941214,0.23137298583984375
33.0859375,0.7288436889648438,0.2305828857421875
33.1015625,0.7288745698474702,0.23073211669921875
33.1171875,0.7289098103841146,0.2307470703125
33.1328125,0.7288480486188617,0.2305828857421875
33.1484375,0.7287550426664806,0.230821533203125
33.1640625,0.7288713001069569,0.230821533203125
33.1796875,0.7288055419921882,0.230821533203125
33.1953125,0.728866940452939,0.23098541259765626
33.2109375,0.7288992745535714,0.2305084228515625
33.2265625,0.7288444155738467,0.23125366210937487
33.2421875,0.7288415091378349,0.23088134765625
33.2578125,0.7288614908854166,0.23061309814453124
33.2734375,0.7288022722516742,0.2305084228515625
33.2890625,0.7288295200892857,0.23108978271484376
33.3046875,0.7288280668712798,0.23125366210937487
33.3203125,0.7288131713867188,0.2305828857421875
33.3359375,0.7288128080822166,0.23088134765625
33.3515625,0.7288720267159599,0.2315966796875
33.3671875,0.7288836524600074,0.2315814208984375
33.3828125,0.7288836524600074,0.231834716796875
33.3984375,0.7289058140345975,0.23125366210937487
33.4140625,0.7288131713867188,0.23091094970703124
33.4296875,0.7288360595703118,0.23137298583984375
33.4453125,0.7289345150902158,0.23180511474609375
33.4609375,0.7289345150902158,0.231834716796875
33.4765625,0.728851318359375,0.23106018066406236
33.4921875,0.7288382393973214,0.231834716796875
33.5078125,0.7288480486188617,0.23153686523437486
33.5234375,0.7289079938616071,0.232252197265625
33.5390625,0.7288727533249628,0.232252197265625
33.5546875,0.7288945515950521,0.232535400390625
33.5703125,0.7289236159551711,0.23177551269531235
33.5859375,0.7288829258510044,0.232252197265625
33.6015625,0.7289119902111235,0.23240142822265625
33.6171875,0.7288600376674107,0.23237121582031237
33.6328125,0.728896731422061,0.23258026123046874
33.6484375,0.7292298816499263,0.2324908447265625
33.6640625,0.7290213448660714,0.23272888183593765
33.6796875,0.7298300606863832,0.232550048828125
33.6953125,0.7300088065011168,0.232535400390625
33.7109375,0.7300451369512642,0.2325204467773439
33.7265625,0.7305519467308408,0.2325204467773439
33.7421875,0.7300080798921131,0.2325653076171875
33.7578125,0.7300269717261905,0.2328485107421875
33.7734375,0.7299695696149546,0.23192413330078124
33.7890625,0.7296905517578118,0.23269927978515612
33.8046875,0.7304963611421131,0.2329824829101561
33.8203125,0.7301464989071801,0.23226715087890626
33.8359375,0.7296484084356406,0.23269927978515612
33.8515625,0.7308847336542039,0.232967529296875
33.8671875,0.7294860113234747,0.23277374267578124
33.8828125,0.7292763846261168,0.232177734375
33.8984375,0.729629153297061,0.232252197265625
33.9140625,0.7296738397507441,0.23238647460937487
33.9296875,0.7292556762695312,0.23213317871093764
33.9453125,0.7293668474469867,0.232550048828125
33.9609375,0.7298453194754464,0.23240142822265625
33.9765625,0.7295056297665551,0.23237121582031237
33.9921875,0.7289036342075893,0.23237121582031237
34.0078125,0.7290558587937128,0.2321478271484375
34.0234375,0.7298569452194941,0.23190948486328125
34.0390625,0.7292367844354539,0.2325204467773439
34.0546875,0.7296524047851562,0.2320733642578125
34.0703125,0.7295187087286086,0.2316860961914064
34.0859375,0.7291027250744048,0.2320733642578125
34.1015625,0.7291673932756689,0.2321478271484375
34.1171875,0.7292734781901048,0.23162628173828126
34.1328125,0.7292683919270834,0.231611328125
34.1484375,0.7293261573428199,0.23092590332031235
34.1640625,0.7291045415969122,0.23119415283203126
34.1796875,0.7290362403506324,0.23098541259765626
34.1953125,0.7290329706101191,0.230821533203125
34.2109375,0.7292952764601928,0.230389404296875
34.2265625,0.7293679373604904,0.2305828857421875
34.2421875,0.7302449544270834,0.23067230224609375
34.2578125,0.7293617611839658,0.23061309814453124
34.2734375,0.7288462320963548,0.2302252197265625
34.2890625,0.7292098999023438,0.2305682373046875
34.3046875,0.728896004813058,0.23013580322265625
34.3203125,0.7288382393973214,0.23013580322265625
34.3359375,0.7291608537946429,0.2305828857421875
34.3515625,0.7288200741722477,0.2303448486328125
34.3671875,0.7290514991396949,0.22986755371093764
34.3828125,0.7289824712844122,0.22952514648437486
34.3984375,0.7290823800223214,0.22952514648437486
34.4140625,0.7290097191220238,0.2299423217773439
34.4296875,0.7290602184477306,0.2293463134765625
34.4453125,0.7291299729120164,0.22952514648437486
34.4609375,0.7288752964564739,0.22918243408203126
34.4765625,0.7292829241071429,0.22895874023437485
34.4921875,0.728866213843936,0.22900360107421874
34.5078125,0.7287870134626117,0.22924163818359375
34.5234375,0.7290885561988467,0.22916748046875
34.5390625,0.7291270664760044,0.22918243408203126
34.5546875,0.7291924612862724,0.22891418457031235
34.5703125,0.7287750244140618,0.22930145263671875
34.5859375,0.7292669387090773,0.22936126708984375
34.6015625,0.7288255237397694,0.22895874023437485
34.6171875,0.7293018159412202,0.22904815673828124
34.6328125,0.7288495018368676,0.22883941650390624
34.6484375,0.7288280668712798,0.228809814453125
34.6640625,0.7290990920293906,0.229107666015625
34.6796875,0.7289050874255952,0.22883941650390624
34.6953125,0.7290707542782738,0.22912261962890626
34.7109375,0.7288218906947544,0.22886932373046875
34.7265625,0.7291699364071801,0.229093017578125
34.7421875,0.7292854672386533,0.22919708251953125
34.7578125,0.7291855585007441,0.22940582275390625
34.7734375,0.7291532244001117,0.22879455566406237
34.7890625,0.7290631248837426,0.2283624267578125
34.8046875,0.7293061755952381,0.22861572265625
34.8203125,0.7292851039341525,0.22861572265625
34.8359375,0.7293726603190104,0.2284967041015625
34.8515625,0.7293664841424858,0.228541259765625
34.8671875,0.7289904639834449,0.2287200927734375
34.8828125,0.7292981828962046,0.2287200927734375
34.8984375,0.7294714791434151,0.22869049072265624
34.9140625,0.7293010893322166,0.22794525146484376
34.9296875,0.7291187104724702,0.228541259765625
34.9453125,0.7285802932012642,0.22846710205078125
34.9609375,0.7294242495582217,0.228541259765625
34.9765625,0.7292545863560261,0.22869049072265624
34.9921875,0.7289058140345975,0.22818359375
35.0078125,0.7288978213355655,0.22901824951171876
35.0234375,0.7289112636021206,0.228541259765625
35.0390625,0.7292291550409227,0.22840728759765624
35.0546875,0.7288611275809151,0.228541259765625
35.0703125,0.7298892793201265,0.2287200927734375
35.0859375,0.7291888282412574,0.228243408203125
35.1015625,0.7291699364071801,0.22818359375
35.1171875,0.7292313348679309,0.22782592773437485
35.1328125,0.7291524977911086,0.2279306030273439
35.1484375,0.7291434151785714,0.22830291748046874
35.1640625,0.7302078973679309,0.22861572265625
35.1796875,0.7294013613746286,0.228258056640625
35.1953125,0.7289345150902158,0.228243408203125
35.2109375,0.7290326073056176,0.22860107421875
35.2265625,0.728994460332962,0.22840728759765624
35.2421875,0.7295786539713548,0.22813903808593763
35.2578125,0.72947983514695,0.22812408447265625
35.2734375,0.7292589460100454,0.228377685546875
35.2890625,0.7289548601422992,0.2279306030273439
35.3046875,0.7291107177734382,0.2280792236328125
35.3203125,0.7289501371837798,0.228258056640625
35.3359375,0.7289563133603051,0.22840728759765624
35.3515625,0.7292269752139143,0.2280047607421875
35.3671875,0.7290177118210572,0.228243408203125
35.3828125,0.7291590372721354,0.2279306030273439
35.3984375,0.7291833786737358,0.2280047607421875
35.4140625,0.7292749314081094,0.22815399169921874
35.4296875,0.7291470482235857,0.2279306030273439
35.4453125,0.7294954572405133,0.22791564941406237
35.4609375,0.7291543143136168,0.22818359375
35.4765625,0.7297461373465401,0.2278411865234375
35.4921875,0.7290406000046503,0.22776641845703124
35.5078125,0.7291699364071801,0.22785583496093764
35.5234375,0.7290547688802084,0.22782592773437485
35.5390625,0.7290544055757069,0.2277215576171875
35.5546875,0.7292564028785342,0.2280047607421875
35.5703125,0.7292204357328869,0.2278411865234375
35.5859375,0.7297116234188988,0.2280047607421875
35.6015625,0.7290573120117188,0.227960205078125
35.6171875,0.7292633056640618,0.2277069091796875
35.6328125,0.7291757492792039,0.2277069091796875
35.6484375,0.7288604009719122,0.2277069091796875
35.6640625,0.7289766584123883,0.2274087524414064
35.6796875,0.7291459583100819,0.2280047607421875
35.6953125,0.7291477748325893,0.22818359375
35.7109375,0.728952317010788,0.22775177001953126
35.7265625,0.7288909185500372,0.2280047607421875
35.7421875,0.7293548583984382,0.227900390625
35.7578125,0.7291539510091146,0.22812408447265625
35.7734375,0.7290703909737724,0.22828826904296876
35.7890625,0.7290224347795758,0.2280792236328125
35.8046875,0.7292694818405878,0.2282733154296875
35.8203125,0.729177565801712,0.2280792236328125
35.8359375,0.7291750226702008,0.2277215576171875
35.8515625,0.7291688464936763,0.2280047607421875
35.8671875,0.7291554042271206,0.2282733154296875
35.8828125,0.7290511358351928,0.2280047607421875
35.8984375,0.7290896461123512,0.2280047607421875
35.9140625,0.7295539492652523,0.22840728759765624
35.9296875,0.7298544020879836,0.228258056640625
35.9453125,0.7293515886579242,0.2280792236328125
35.9609375,0.7292872837611607,0.22839233398437486
35.9765625,0.7294409615652901,0.228243408203125
35.9921875,0.7289708455403646,0.22861572265625
36.0078125,0.7291543143136168,0.22846710205078125
36.0234375,0.7295179821196056,0.2284967041015625
36.0390625,0.7292538597470238,0.22822845458984375
36.0546875,0.7293330601283475,0.22866058349609375
36.0703125,0.7295212518601191,0.2282733154296875
36.0859375,0.7293810163225454,0.2284967041015625
36.1015625,0.7291815621512276,0.22879455566406237
36.1171875,0.7292662121000737,0.2289288330078125
36.1328125,0.7293370564778646,0.2287799072265625
36.1484375,0.729095458984375,0.22901824951171876
36.1640625,0.7295128958565849,0.2287353515625
36.1796875,0.7298162551153273,0.22886932373046875
36.1953125,0.7299706595284599,0.22869049072265624
36.2109375,0.7296996343703497,0.22869049072265624
36.2265625,0.7295906430199033,0.22869049072265624
36.2421875,0.7295942760649181,0.228377685546875
36.2578125,0.7296327863420758,0.22904815673828124
36.2734375,0.729019528343564,0.22912261962890626
36.2890625,0.7296814691452753,0.22894378662109374
36.3046875,0.7293519519624263,0.228258056640625
36.3203125,0.7290613083612358,0.2285565185546875
36.3359375,0.7296538580031622,0.2287353515625
36.3515625,0.7294645763578869,0.22833282470703126
36.3671875,0.7298896426246286,0.22866058349609375
36.3828125,0.7297828311011905,0.228541259765625
36.3984375,0.7295408703032,0.22861572265625
36.4140625,0.7294445946103051,0.22894378662109374
36.4296875,0.7299248831612724,0.22894378662109374
36.4453125,0.7291270664760044,0.228541259765625
36.4609375,0.7295230683826265,0.228541259765625
36.4765625,0.729294913155692,0.228243408203125
36.4921875,0.7294380551292783,0.22861572265625
36.5078125,0.729339599609375,0.228541259765625
36.5234375,0.7291750226702008,0.22818359375
36.5390625,0.7292894635881689,0.2280792236328125
36.5546875,0.7300923665364584,0.22851165771484375
36.5703125,0.7296349661690849,0.22866058349609375
36.5859375,0.7294275192987358,0.22840728759765624
36.6015625,0.7295859200613832,0.2281094360351561
36.6171875,0.729965573265439,0.22839233398437486
36.6328125,0.7301846458798357,0.228541259765625
36.6484375,0.729874747140067,0.2279306030273439
36.6640625,0.7298649379185261,0.22833282470703126
36.6796875,0.7296287899925595,0.22782592773437485
36.6953125,0.7290656680152523,0.2279306030273439
36.7109375,0.7297236124674479,0.228094482421875
36.7265625,0.7294362386067715,0.22822845458984375
36.7421875,0.7295325142996651,0.2279751586914064
36.7578125,0.7297319684709821,0.22840728759765624
36.7734375,0.7295822870163691,0.22779632568359376
36.7890625,0.729568844749814,0.22840728759765624
36.8046875,0.7298071725027901,0.22818359375
36.8203125,0.7297352382114956,0.2280792236328125
36.8359375,0.7294943673270096,0.22822845458984375
36.8515625,0.729630606515067,0.22819885253906236
36.8671875,0.7295826503208706,0.2277215576171875
36.8828125,0.7295572190057664,0.22779632568359376
36.8984375,0.7292135329473586,0.2280792236328125
36.9140625,0.7294831048874628,0.22822845458984375
36.9296875,0.7297828311011905,0.2277215576171875
36.9453125,0.729379563104538,0.2280792236328125
36.9609375,0.7292800176711309,0.22757293701171874
36.9765625,0.7294064476376488,0.22693176269531234
36.9921875,0.7293196178617931,0.2283624267578125
37.0078125,0.7296800159272694,0.227677001953125
37.0234375,0.7295423235212046,0.2277215576171875
37.0390625,0.7297454107375372,0.22728942871093763
37.0546875,0.7297781081426711,0.22761749267578124
37.0703125,0.7294108072916666,0.22782592773437485
37.0859375,0.729170663016183,0.2276025390625
37.1015625,0.7291670299711681,0.22746826171875
37.1171875,0.7291648501441592,0.2274087524414064
37.1328125,0.7291641235351562,0.22733428955078125
37.1484375,0.7290645781017485,0.226827392578125
37.1640625,0.7290707542782738,0.2273046875
37.1796875,0.7290573120117188,0.2266934204101561
37.1953125,0.7289639427548357,0.2267977905273439
37.2109375,0.7290376935686383,0.22688720703125
37.2265625,0.7290391467866444,0.22685760498046875
37.2421875,0.7289664858863467,0.227021484375
37.2578125,0.7289690290178571,0.22700622558593764
37.2734375,0.7290413266136533,0.2267529296875
37.2890625,0.7289101736886168,0.2267529296875
37.3046875,0.7288745698474702,0.2268426513671875
37.3203125,0.7290387834821429,0.22687225341796874
37.3359375,0.7290391467866444,0.22661895751953126
37.3515625,0.728926522391183,0.22615692138671875
37.3671875,0.7289515904017857,0.22690216064453125
37.3828125,0.7288767496744785,0.2262908935546875
37.3984375,0.7288665771484382,0.22632110595703125
37.4140625,0.7288851056780133,0.2267529296875
37.4296875,0.7289290655226928,0.22641052246093765
37.4453125,0.7288760230654762,0.22658935546875
37.4609375,0.7289076305571056,0.2268426513671875
37.4765625,0.7289301554361979,0.226529541015625
37.4921875,0.7289247058686763,0.22615692138671875
37.5078125,0.7289988199869785,0.2262908935546875
37.5234375,0.7289392380487358,0.22666381835937485
37.5390625,0.7289268856956845,0.22602264404296876
37.5546875,0.7289526803152901,0.22641052246093765
37.5703125,0.728959219796317,0.2259930419921875
37.5859375,0.7288618541899181,0.22690216064453125
37.6015625,0.72886948358445,0.22632110595703125
37.6171875,0.7289792015438988,0.226529541015625
37.6328125,0.728866940452939,0.22709564208984376
37.6484375,0.7289050874255952,0.225948486328125
37.6640625,0.7290242513020834,0.22618682861328124
37.6796875,0.7289555867513021,0.2264697265625
37.6953125,0.7289606730143229,0.22621643066406236
37.7109375,0.728865487234933,0.2262908935546875
37.7265625,0.7289210728236607,0.22718505859375
37.7421875,0.7289101736886168,0.2267529296875
37.7578125,0.7289290655226928,0.22649993896484374
37.7734375,0.7289610363188237,0.2269766235351561
37.7890625,0.7289683024088548,0.22706604003906236
37.8046875,0.7289515904017857,0.226827392578125
37.8203125,0.7289297921316964,0.22717041015625
37.8359375,0.7290155319940477,0.2262908935546875
37.8515625,0.7288520449683786,0.226231689453125
37.8671875,0.7289563133603051,0.22690216064453125
37.8828125,0.7289494105747761,0.22664855957031235
37.8984375,0.7289268856956845,0.2262908935546875
37.9140625,0.7288593110584071,0.22693176269531234
37.9296875,0.7288767496744785,0.22722991943359375
37.9453125,0.7288527715773809,0.2273193359375
37.9609375,0.7288396926153273,0.22718505859375
37.9765625,0.7289174397786452,0.22746826171875
37.9921875,0.7289581298828118,0.22715545654296876
38.0078125,0.7288771129789806,0.22694702148437484
38.0234375,0.7289134434291294,0.2267681884765625
38.0390625,0.7288131713867188,0.22754272460937486
38.0546875,0.7288876488095238,0.22715545654296876
38.0703125,0.7289530436197916,0.22708099365234388
38.0859375,0.728952317010788,0.22717041015625
38.1015625,0.7288084484282,0.22754272460937486
38.1171875,0.7289232526506689,0.22754272460937486
38.1328125,0.7288836524600074,0.227021484375
38.1484375,0.7289363316127239,0.2276025390625
38.1640625,0.7289857410249263,0.2282733154296875
38.1796875,0.728891281854538,0.2276919555664064
38.1953125,0.7288894653320312,0.2277215576171875
38.2109375,0.7288171677362358,0.2276025390625
38.2265625,0.7289606730143229,0.2277215576171875
38.2421875,0.7288462320963548,0.2276919555664064
38.2578125,0.7288604009719122,0.2277215576171875
38.2734375,0.7288534981863832,0.2277215576171875
38.2890625,0.7289043608165929,0.22751312255859374
38.3046875,0.7288429623558408,0.228258056640625
38.3203125,0.7288549514043906,0.22794525146484376
38.3359375,0.7289661225818452,0.22804962158203124
38.3515625,0.7289025442940849,0.2281094360351561
38.3671875,0.7288233439127604,0.228258056640625
38.3828125,0.7289345150902158,0.2280792236328125
38.3984375,0.7289250691731771,0.2280792236328125
38.4140625,0.7288709368024546,0.2280047607421875
38.4296875,0.7288909185500372,0.2281094360351561
38.4453125,0.728866940452939,0.228258056640625
38.4609375,0.7288625807989211,0.2285711669921875
38.4765625,0.7288596743629092,0.2280047607421875
38.4921875,0.7288796561104904,0.22860107421875
38.5078125,0.7288353329613095,0.22840728759765624
38.5234375,0.7288280668712798,0.2281094360351561
38.5390625,0.7288709368024546,0.22819885253906236
38.5546875,0.7288247971307664,0.22858612060546876
38.5703125,0.7288749331519717,0.2282733154296875
38.5859375,0.7288476853143594,0.2285263061523439
38.6015625,0.728896004813058,0.2283624267578125
38.6171875,0.7288095383417039,0.22886932373046875
38.6328125,0.7289083571661086,0.228541259765625
38.6484375,0.7288120814732143,0.22869049072265624
38.6640625,0.7288803827194941,0.22879455566406237
38.6796875,0.7287913731166294,0.22894378662109374
38.6953125,0.7288298833937872,0.22851165771484375
38.7109375,0.7288298833937872,0.228541259765625
38.7265625,0.7287688482375372,0.228809814453125
38.7421875,0.7288858322870164,0.2291375732421875
38.7578125,0.7288836524600074,0.22906280517578126
38.7734375,0.7288829258510044,0.22894378662109374
38.7890625,0.7288186209542404,0.22861572265625
38.8046875,0.7288138979957217,0.2288543701171875
38.8203125,0.7288832891555059,0.229093017578125
38.8359375,0.7287782941545758,0.22895874023437485
38.8515625,0.7289824712844122,0.2291522216796875
38.8671875,0.7288222539992559,0.2292864990234375
38.8828125,0.72889418829055,0.22883941650390624
38.8984375,0.7289079938616071,0.2288543701171875
38.9140625,0.7288029988606771,0.22901824951171876
38.9296875,0.7289112636021206,0.22901824951171876
38.9453125,0.728867667061942,0.22901824951171876
38.9609375,0.7288894653320312,0.22883941650390624
38.9765625,0.7287812005905878,0.22895874023437485
38.9921875,0.7288847423735119,0.22883941650390624
39.0078125,0.7288099016462046,0.2293310546875
39.0234375,0.7288433256603429,0.22898864746093764
39.0390625,0.7288487752278646,0.22895874023437485
39.0546875,0.728866213843936,0.22918243408203126
39.0703125,0.7287608555385044,0.22952514648437486
39.0859375,0.7288578578404025,0.22940582275390625
39.1015625,0.7288117181687128,0.22883941650390624
39.1171875,0.7287917364211309,0.22936126708984375
39.1328125,0.7288004557291666,0.22924163818359375
39.1484375,0.7288088117327008,0.22906280517578126
39.1640625,0.7288680303664428,0.2294354248046875
39.1796875,0.7288814726329985,0.229688720703125
39.1953125,0.7287804739815849,0.22989776611328125
39.2109375,0.7288346063523072,0.229971923828125
39.2265625,0.7287920997256324,0.2296295166015625
39.2421875,0.7288593110584071,0.22979309082031235
39.2578125,0.7288800194149926,0.22952514648437486
39.2734375,0.7288752964564739,0.22979309082031235
39.2890625,0.7288327898297992,0.2296142578125
39.3046875,0.7287750244140618,0.22973358154296875
39.3203125,0.7287703014555431,0.2298379516601561
39.3359375,0.7288803827194941,0.22931640625
39.3515625,0.7288099016462046,0.22924163818359375
39.3671875,0.7288131713867188,0.22924163818359375
39.3828125,0.728715079171317,0.22976348876953126
39.3984375,0.7288320632207961,0.2298379516601561
39.4140625,0.7288335164388021,0.2294204711914064
39.4296875,0.7288269769577753,0.22974853515625
39.4453125,0.7287884666806176,0.22952514648437486
39.4609375,0.7288509550548735,0.2299871826171875
39.4765625,0.7287957327706474,0.22986755371093764
39.4921875,0.7288338797433036,0.22995697021484374
39.5078125,0.7289443243117559,0.2299871826171875
39.5234375,0.7288611275809151,0.2300018310546875
39.5390625,0.7288215273902523,0.2299871826171875
39.5546875,0.7287920997256324,0.22971893310546876
39.5703125,0.7287953694661452,0.2305084228515625
39.5859375,0.7288731166294643,0.22971893310546876
39.6015625,0.7288709368024546,0.23004638671875
39.6171875,0.7287386939639143,0.23004638671875
39.6328125,0.728865487234933,0.2301806640625
39.6484375,0.7288498651413691,0.230389404296875
39.6640625,0.7287986392066592,0.23029998779296876
39.6796875,0.7289243425641742,0.2305084228515625
39.6953125,0.7288625807989211,0.2305084228515625
39.7109375,0.7288553147088914,0.230389404296875
39.7265625,0.7287913731166294,0.23032958984375
39.7421875,0.7288527715773809,0.2305084228515625
39.7578125,0.7288593110584071,0.2305084228515625
39.7734375,0.7287208920433408,0.2305828857421875
39.7890625,0.7288745698474702,0.23067230224609375
39.8046875,0.7288469587053571,0.2305828857421875
39.8203125,0.728834969656808,0.23029998779296876
39.8359375,0.7288633074079242,0.2305828857421875
39.8515625,0.7288851056780133,0.23071716308593765
39.8671875,0.728804452078683,0.23064270019531236
39.8828125,0.7288393293108258,0.23134307861328124
39.8984375,0.7288429623558408,0.23091094970703124
39.9140625,0.7288509550548735,0.23088134765625
39.9296875,0.7288502284458706,0.23108978271484376
39.9453125,0.7288386027018229,0.2305084228515625
39.9609375,0.7288295200892857,0.2305828857421875
39.9765625,0.7287586757114956,0.2312237548828125
39.9921875,0.7288411458333334,0.23061309814453124
40.0078125,0.7288353329613095,0.23134307861328124
40.0234375,0.7288251604352679,0.23098541259765626
40.0390625,0.7287288847423735,0.23106018066406236
40.0546875,0.7287005469912574,0.2313580322265625
40.0703125,0.7288433256603429,0.23149230957031236
40.0859375,0.7287837437220975,0.23137298583984375
40.1015625,0.7288037254696801,0.23085113525390624
40.1171875,0.728834969656808,0.23162628173828126
40.1328125,0.7288731166294643,0.23208831787109374
40.1484375,0.7290329706101191,0.23208831787109374
40.1640625,0.7291234334309896,0.23174530029296875
40.1796875,0.7288643973214286,0.2319989013671875
40.1953125,0.7300360543387276,0.23153686523437486
40.2109375,0.7293686639694941,0.23180511474609375
40.2265625,0.7295038132440477,0.2316412353515625
40.2421875,0.729475838797433,0.23226715087890626
40.2578125,0.7296302432105655,0.2317901611328125
40.2734375,0.7289628528413319,0.23126861572265625
40.2890625,0.7295968191964286,0.231611328125
40.3046875,0.7291626703171503,0.231671142578125
40.3203125,0.7295957292829242,0.23180511474609375
40.3359375,0.7295506795247396,0.23150726318359374
40.3515625,0.7303873697916666,0.23192413330078124
40.3671875,0.7292985462007069,0.2320733642578125
40.3828125,0.7288734799339658,0.2314324951171875
40.3984375,0.7286238897414428,0.2321923828125
40.4140625,0.729629153297061,0.2321478271484375
40.4296875,0.7296287899925595,0.23180511474609375
40.4453125,0.7289127168201265,0.2315814208984375
40.4609375,0.7293148949032738,0.23192413330078124
40.4765625,0.7298060825892857,0.23205841064453125
40.4921875,0.7290253412155878,0.23176025390625
40.5078125,0.7292455037434896,0.231671142578125
40.5234375,0.7293712071010044,0.23106018066406236
40.5390625,0.7301290602911086,0.23144744873046874
40.5546875,0.7292218889508929,0.23144744873046874
40.5703125,0.7292182559058786,0.23144744873046874
40.5859375,0.7288160778227306,0.23144744873046874
40.6015625,0.7296207972935261,0.2320733642578125
40.6171875,0.7292396908714658,0.23165588378906235
40.6328125,0.7294976370675224,0.23192413330078124
40.6484375,0.7289363316127239,0.231611328125
40.6640625,0.7298631213960194,0.2315966796875
40.6796875,0.7289090837751117,0.2314324951171875
40.6953125,0.7294108072916666,0.23125366210937487
40.7109375,0.7290013631184896,0.2314324951171875
40.7265625,0.7295702979678199,0.2314324951171875
40.7421875,0.7292836507161452,0.230821533203125
40.7578125,0.729262215750558,0.23155181884765624
40.7734375,0.7292745681036086,0.2305828857421875
40.7890625,0.7295630318777901,0.23061309814453124
40.8046875,0.7297926403227306,0.23088134765625
40.8203125,0.7294522240048357,0.2305828857421875
40.8359375,0.7292153494698668,0.2305084228515625
40.8515625,0.7295619419642857,0.2305828857421875
40.8671875,0.7292153494698668,0.2304638671875
40.8828125,0.7294816516694569,0.2305084228515625
40.8984375,0.7293083554222477,0.2305084228515625
40.9140625,0.7294173467726928,0.2303448486328125
40.9296875,0.7296356927780878,0.2299871826171875
40.9453125,0.7290166219075521,0.23025543212890626
40.9609375,0.7297065371558786,0.22979309082031235
40.9765625,0.7298300606863832,0.22992736816406237
40.9921875,0.7292989095052084,0.2300616455078125
41.0078125,0.7291891915457596,0.22976348876953126
41.0234375,0.7291623070126488,0.229390869140625
41.0390625,0.7294140770321801,0.23013580322265625
41.0546875,0.7295310610816592,0.22979309082031235
41.0703125,0.7294674827938988,0.2299871826171875
41.0859375,0.7289991832914806,0.22931640625
41.1015625,0.7290137154715401,0.22971893310546876
41.1171875,0.7292008172898072,0.22954010009765624
41.1328125,0.7292531331380215,0.22931640625
41.1484375,0.7294558570498512,0.22912261962890626
41.1640625,0.7294529506138393,0.22959930419921876
41.1796875,0.7295223417736235,0.2291522216796875
41.1953125,0.7291488647460938,0.22931640625
41.2109375,0.7293214343843,0.2293759155273439
41.2265625,0.7293515886579242,0.22948028564453124
41.2421875,0.7292266119094122,0.2293310546875
41.2578125,0.7296487717401414,0.229256591796875
41.2734375,0.7291764758882069,0.22898864746093764
41.2890625,0.7293345133463548,0.22888397216796874
41.3046875,0.7299096243722099,0.22931640625
41.3203125,0.730086916968936,0.22927185058593763
41.3359375,0.7295172555106026,0.22894378662109374
41.3515625,0.7295474097842262,0.22922698974609376
41.3671875,0.7291935511997761,0.22866058349609375
41.3828125,0.7294456845238095,0.2287200927734375
41.3984375,0.7291673932756689,0.2287200927734375
41.4140625,0.7296999976748512,0.228541259765625
41.4296875,0.7293632144019717,0.22834747314453124
41.4453125,0.7291615804036452,0.22861572265625
41.4609375,0.7296880086263021,0.22869049072265624
41.4765625,0.7294638497488832,0.22861572265625
41.4921875,0.7297236124674479,0.22894378662109374
41.5078125,0.730087643577939,0.228809814453125
41.5234375,0.7295379638671882,0.22866058349609375
41.5390625,0.7294416881742931,0.22869049072265624
41.5546875,0.7301708403087798,0.228809814453125
41.5703125,0.7294296991257441,0.22819885253906236
41.5859375,0.7294013613746286,0.22842224121093765
41.6015625,0.7294049944196429,0.22904815673828124
41.6171875,0.7290231613885789,0.22861572265625
41.6328125,0.7294158935546882,0.22930145263671875
41.6484375,0.7295684814453118,0.22833282470703126
41.6640625,0.7294725690569189,0.2284967041015625
41.6796875,0.7292938232421882,0.22861572265625
41.6953125,0.7295717511858258,0.22818359375
41.7109375,0.7292930966331845,0.22833282470703126
41.7265625,0.7296389625186012,0.22866058349609375
41.7421875,0.7292207990373883,0.22848175048828126
41.7578125,0.7293628510974702,0.22869049072265624
41.7734375,0.7296451386951265,0.22883941650390624
41.7890625,0.7294809250604539,0.2280792236328125
41.8046875,0.7296465919131324,0.2283624267578125
41.8203125,0.7300967261904762,0.22822845458984375
41.8359375,0.7297577630905878,0.22840728759765624
41.8515625,0.7289555867513021,0.2280792236328125
41.8671875,0.7299873715355283,0.228258056640625
41.8828125,0.729177565801712,0.2280792236328125
41.8984375,0.7297911871047247,0.2275579833984375
41.9140625,0.7297606695265997,0.2273638916015625
41.9296875,0.7294424147832961,0.2278411865234375
41.9453125,0.7294351486932664,0.22782592773437485
41.9609375,0.72987075079055,0.22840728759765624
41.9765625,0.7295859200613832,0.2273193359375
41.9921875,0.7297174362909227,0.22743865966796875
42.0078125,0.7293203444707961,0.22785583496093764
42.0234375,0.7292981828962046,0.2278411865234375
42.0390625,0.7291633969261533,0.22785583496093764
42.0546875,0.7296244303385416,0.22722991943359375
42.0703125,0.7292734781901048,0.22715545654296876
42.0859375,0.7291234334309896,0.2273638916015625
42.1015625,0.7291194370814739,0.22700622558593764
42.1171875,0.7293897356305811,0.22733428955078125
42.1328125,0.7293112618582596,0.227110595703125
42.1484375,0.7293330601283475,0.227021484375
42.1640625,0.7289617629278273,0.22693176269531234
42.1796875,0.7295619419642857,0.22706604003906236
42.1953125,0.7293319702148438,0.22658935546875
42.2109375,0.7293719337100074,0.2266934204101561
42.2265625,0.7296524047851562,0.2266934204101561
42.2421875,0.7292789277576265,0.2269915771484375
42.2578125,0.729110354468936,0.22717041015625
42.2734375,0.7291604904901414,0.22664855957031235
42.2890625,0.7291121709914428,0.22666381835937485
42.3046875,0.7290071759905133,0.22614227294921874
42.3203125,0.7289192563011533,0.22690216064453125
42.3359375,0.7289312453497023,0.22703643798828124
42.3515625,0.728933425176712,0.22632110595703125
42.3671875,0.7290304274786086,0.226112060546875
42.3828125,0.7289980933779762,0.2266934204101561
42.3984375,0.7289276123046882,0.2262908935546875
42.4140625,0.7290293375651048,0.2267529296875
42.4296875,0.7290373302641369,0.22605285644531237
42.4453125,0.7289352416992188,0.22614227294921874
42.4609375,0.7289766584123883,0.2266934204101561
42.4765625,0.7289276123046882,0.225948486328125
42.4921875,0.728897458031064,0.2256649780273439
42.5078125,0.7289145333426332,0.225948486328125
42.5234375,0.7289842878069189,0.22602264404296876
42.5390625,0.7288803827194941,0.22527770996093766
42.5546875,0.7288760230654762,0.225396728515625
42.5703125,0.7289864676339286,0.22547149658203125
42.5859375,0.7289079938616071,0.22524810791015612
42.6015625,0.7289439610072544,0.225396728515625
42.6171875,0.7289069039481026,0.22544158935546876
42.6328125,0.7289432343982515,0.2252178955078125
42.6484375,0.7289036342075893,0.2256353759765625
42.6640625,0.7289908272879464,0.22527770996093766
42.6796875,0.7289341517857143,0.22520324707031236
42.6953125,0.7289396013532367,0.22512847900390626
42.7109375,0.7289058140345975,0.22508392333984376
42.7265625,0.7288651239304309,0.2250390625
42.7421875,0.7289548601422992,0.22518829345703126
42.7578125,0.7288665771484382,0.22576965332031235
42.7734375,0.7289130801246286,0.22517333984375
42.7890625,0.7289032709030878,0.22518829345703126
42.8046875,0.7289032709030878,0.2252178955078125
42.8203125,0.7289217994326643,0.22511383056640638
42.8359375,0.7289050874255952,0.22517333984375
42.8515625,0.7288487752278646,0.22511383056640638
42.8671875,0.7288436889648438,0.225233154296875
42.8828125,0.7288498651413691,0.2258438110351561
42.8984375,0.7289174397786452,0.22520324707031236
42.9140625,0.7288636707124263,0.22527770996093766
42.9296875,0.7289079938616071,0.22496459960937487
42.9453125,0.7289032709030878,0.225098876953125
42.9609375,0.7288476853143594,0.225396728515625
42.9765625,0.7289864676339286,0.2258438110351561
42.9921875,0.7288596743629092,0.22518829345703126
43.0078125,0.7288487752278646,0.22489044189453125
43.0234375,0.7287717546735492,0.22506927490234388
43.0390625,0.7289196196056548,0.22506927490234388
43.0546875,0.7289014543805811,0.22506927490234388
43.0703125,0.7288763863699776,0.225322265625
43.0859375,0.7289232526506689,0.2259930419921875
43.1015625,0.7288182576497396,0.225888671875
43.1171875,0.7288600376674107,0.225233154296875
43.1328125,0.7288785661969867,0.2254119873046875
43.1484375,0.7288487752278646,0.2255908203125
43.1640625,0.7288553147088914,0.22492004394531237
43.1796875,0.7289018176850819,0.225322265625
43.1953125,0.7288651239304309,0.2251434326171875
43.2109375,0.7288189842587426,0.22506927490234388
43.2265625,0.7289014543805811,0.22520324707031236
43.2421875,0.7289036342075893,0.22506927490234388
43.2578125,0.7289014543805811,0.2258438110351561
43.2734375,0.7289174397786452,0.2258438110351561
43.2890625,0.7288447788783475,0.22520324707031236
43.3046875,0.7288782028924858,0.22527770996093766
43.3203125,0.7288215273902523,0.22562042236328125
43.3359375,0.7288702101934523,0.2258438110351561
43.3515625,0.7288306100027901,0.225396728515625
43.3671875,0.7287615821475074,0.2255908203125
43.3828125,0.7289457775297619,0.22518829345703126
43.3984375,0.7288233439127604,0.22518829345703126
43.4140625,0.7289032709030878,0.2258438110351561
43.4296875,0.7289792015438988,0.2258438110351561
43.4453125,0.7288338797433036,0.2258438110351561
43.4609375,0.7288952782040551,0.2259185791015625
43.4765625,0.7288353329613095,0.22602264404296876
43.4921875,0.7289966401599702,0.2256951904296875
43.5078125,0.7288360595703118,0.22602264404296876
43.5234375,0.7288186209542404,0.2259185791015625
43.5390625,0.7288749331519717,0.22612731933593763
43.5546875,0.7289363316127239,0.22641052246093765
43.5703125,0.7288832891555059,0.22632110595703125
43.5859375,0.7288455054873512,0.22661895751953126
43.6015625,0.7289079938616071,0.22687225341796874
43.6171875,0.7289490472702753,0.22632110595703125
43.6328125,0.728866940452939,0.22644012451171874
43.6484375,0.7289268856956845,0.2259930419921875
43.6640625,0.7288327898297992,0.22694702148437484
43.6796875,0.7289497738792783,0.2264697265625
43.6953125,0.7289061773390997,0.227244873046875
43.7109375,0.7289116269066214,0.22717041015625
43.7265625,0.7289359683082217,0.22693176269531234
43.7421875,0.7289748418898809,0.22688720703125
43.7578125,0.7289127168201265,0.227021484375
43.7734375,0.728834969656808,0.22687225341796874
43.7890625,0.728851318359375,0.226827392578125
43.8046875,0.7287848336356026,0.22690216064453125
43.8203125,0.7288331531343,0.22693176269531234
43.8359375,0.7288767496744785,0.22715545654296876
43.8515625,0.7288553147088914,0.22715545654296876
43.8671875,0.7289530436197916,0.22715545654296876
43.8828125,0.7287899198986235,0.22715545654296876
43.8984375,0.7288367861793155,0.22782592773437485
43.9140625,0.7288916451590401,0.227677001953125
43.9296875,0.7288604009719122,0.22779632568359376
43.9453125,0.728891281854538,0.2274087524414064
43.9609375,0.7289141700381324,0.22715545654296876
43.9765625,0.7288367861793155,0.2280047607421875
43.9921875,0.7288146246047247,0.228258056640625
44.0078125,0.7288255237397694,0.228258056640625
44.0234375,0.7288549514043906,0.2280792236328125
44.0390625,0.728830246698288,0.22785583496093764
44.0546875,0.7288484119233631,0.2277215576171875
44.0703125,0.7288462320963548,0.2280047607421875
44.0859375,0.7288509550548735,0.2277069091796875
44.1015625,0.7288022722516742,0.22840728759765624
44.1171875,0.7288393293108258,0.22775177001953126
44.1328125,0.7288178943452381,0.22822845458984375
44.1484375,0.7288000924246651,0.227379150390625
44.1640625,0.7289566766648072,0.228094482421875
44.1796875,0.7288520449683786,0.22785583496093764
44.1953125,0.7288484119233631,0.22842224121093765
44.2109375,0.7288578578404025,0.22840728759765624
44.2265625,0.7288571312313988,0.22842224121093765
44.2421875,0.7289846511114211,0.228809814453125
44.2578125,0.7288782028924858,0.22822845458984375
44.2734375,0.7288545880998883,0.228541259765625
44.2890625,0.7288778395879836,0.22839233398437486
44.3046875,0.7289010910760789,0.22834747314453124
44.3203125,0.7288564046223952,0.2288543701171875
44.3359375,0.7288647606259301,0.228809814453125
44.3515625,0.7288346063523072,0.22866058349609375
44.3671875,0.7288320632207961,0.22912261962890626
44.3828125,0.7288836524600074,0.228243408203125
44.3984375,0.7288073585146949,0.2284967041015625
44.4140625,0.7289025442940849,0.228541259765625
44.4296875,0.7288120814732143,0.228541259765625
44.4453125,0.7288415091378349,0.2287200927734375
44.4609375,0.7288266136532738,0.22883941650390624
44.4765625,0.7288171677362358,0.22927185058593763
44.4921875,0.7287986392066592,0.2287200927734375
44.5078125,0.7288625807989211,0.22869049072265624
44.5234375,0.7288436889648438,0.22886932373046875
44.5390625,0.728774661109561,0.22869049072265624
44.5546875,0.7288545880998883,0.22875
44.5703125,0.7288269769577753,0.22886932373046875
44.5859375,0.728774661109561,0.22904815673828124
44.6015625,0.7288382393973214,0.228809814453125
44.6171875,0.7287732078915551,0.2292864990234375
44.6328125,0.7288099016462046,0.2288247680664064
44.6484375,0.7288643973214286,0.22886932373046875
44.6640625,0.7287920997256324,0.22924163818359375
44.6796875,0.7288382393973214,0.22864593505859376
44.6953125,0.7288316999162954,0.22864593505859376
44.7109375,0.7288247971307664,0.22940582275390625
44.7265625,0.7288916451590401,0.22879455566406237
44.7421875,0.7287732078915551,0.22922698974609376
44.7578125,0.7288527715773809,0.22900360107421874
44.7734375,0.728805178687686,0.22863098144531235
44.7890625,0.7287703014555431,0.2293310546875
44.8046875,0.7288251604352679,0.229107666015625
44.8203125,0.7288832891555059,0.2293310546875
44.8359375,0.7288102649507069,0.22931640625
44.8515625,0.7288429623558408,0.22927185058593763
44.8671875,0.7288244338262642,0.22940582275390625
44.8828125,0.7288553147088914,0.22901824951171876
44.8984375,0.7288495018368676,0.2294354248046875
44.9140625,0.7288887387230283,0.2293310546875
44.9296875,0.7288102649507069,0.22976348876953126
44.9453125,0.7288792928059896,0.22889892578125
44.9609375,0.7287673950195312,0.229390869140625
44.9765625,0.7288117181687128,0.22918243408203126
44.9921875,0.7287608555385044,0.22883941650390624
45.0078125,0.7288022722516742,0.22912261962890626
45.0234375,0.7287673950195312,0.22924163818359375
45.0390625,0.7287801106770834,0.22924163818359375
45.0546875,0.7288455054873512,0.22931640625
45.0703125,0.7288716634114584,0.22895874023437485
45.0859375,0.728804452078683,0.22940582275390625
45.1015625,0.7287357875279025,0.22924163818359375
45.1171875,0.7288088117327008,0.2297039794921875
45.1328125,0.7288600376674107,0.22931640625
45.1484375,0.7288099016462046,0.22952514648437486
45.1640625,0.7288135346912202,0.2297039794921875
45.1796875,0.7287881033761168,0.2292864990234375
45.1953125,0.7288099016462046,0.22959930419921876
45.2109375,0.7287205287388393,0.2293463134765625
45.2265625,0.7287819271995908,0.22979309082031235
45.2421875,0.7287099929082961,0.2292120361328125
45.2578125,0.7288520449683786,0.2295697021484375
45.2734375,0.7287855602446056,0.22986755371093764
45.2890625,0.7287906465076265,0.2293463134765625
45.3046875,0.7288037254696801,0.22986755371093764
45.3203125,0.7288084484282,0.22931640625
45.3359375,0.7288429623558408,0.22979309082031235
45.3515625,0.728774661109561,0.2295697021484375
45.3671875,0.7288182576497396,0.2299871826171875
45.3828125,0.7288720267159599,0.2299871826171875
45.3984375,0.7288211640857515,0.2299871826171875
45.4140625,0.7288211640857515,0.22971893310546876
45.4296875,0.7287986392066592,0.22954010009765624
45.4453125,0.7287779308500737,0.22992736816406237
45.4609375,0.7288643973214286,0.230166015625
45.4765625,0.7288680303664428,0.23013580322265625
45.4921875,0.7288604009719122,0.22979309082031235
45.5078125,0.7288327898297992,0.2305682373046875
45.5234375,0.729110354468936,0.2305682373046875
45.5390625,0.7294580368768594,0.22989776611328125
45.5546875,0.7297374180385044,0.2305084228515625
45.5703125,0.7302002679734003,0.22995697021484374
45.5859375,0.7294413248697916,0.22986755371093764
45.6015625,0.7290155319940477,0.2299871826171875
45.6171875,0.7290787469773072,0.2303448486328125
45.6328125,0.7295306977771571,0.230389404296875
45.6484375,0.7298064458937872,0.230166015625
45.6640625,0.7299993605840773,0.2305084228515625
45.6796875,0.729721432640439,0.2305084228515625
45.6953125,0.7288160778227306,0.23029998779296876
45.7109375,0.730301993233817,0.2305828857421875
45.7265625,0.7303067161923357,0.2305084228515625
45.7421875,0.7288516816638765,0.23073211669921875
45.7578125,0.7287717546735492,0.230389404296875
45.7734375,0.7290307907831094,0.230821533203125
45.7890625,0.7289109002976191,0.2307025146484375
45.8046875,0.7300008138020834,0.23031463623046874
45.8203125,0.7291931878952753,0.230166015625
45.8359375,0.7285127185639881,0.2304638671875
45.8515625,0.7289526803152901,0.2304638671875
45.8671875,0.7294925508045015,0.2305084228515625
45.8828125,0.7297544933500737,0.2305084228515625
45.8984375,0.7293951851981026,0.2300018310546875
45.9140625,0.7296665736607143,0.22986755371093764
45.9296875,0.7294358753022694,0.22986755371093764
45.9453125,0.729475838797433,0.23001678466796874
45.9609375,0.7289813813709071,0.2295697021484375
45.9765625,0.72943115234375,0.2299871826171875
45.9921875,0.7288211640857515,0.22995697021484374
46.0078125,0.729299636114212,0.2293463134765625
46.0234375,0.7296193440755215,0.2293759155273439
46.0390625,0.7291590372721354,0.22924163818359375
46.0546875,0.7292872837611607,0.2293463134765625
46.0703125,0.7293584914434523,0.22979309082031235
46.0859375,0.7289708455403646,0.2292864990234375
46.1015625,0.72918701171875,0.22976348876953126
46.1171875,0.7288614908854166,0.22948028564453124
46.1328125,0.7293893723260789,0.22936126708984375
46.1484375,0.7293628510974702,0.2292864990234375
46.1640625,0.7301475888206845,0.22931640625
46.1796875,0.7303219749813988,0.22898864746093764
46.1953125,0.7294689360119048,0.22948028564453124
46.2109375,0.7299477713448668,0.2293310546875
46.2265625,0.7293980916341146,0.2293310546875
46.2421875,0.7296487717401414,0.229093017578125
46.2578125,0.7295971825009301,0.2288543701171875
46.2734375,0.7295575823102679,0.22861572265625
46.2890625,0.7294082641601562,0.22867553710937485
46.3046875,0.7293294270833334,0.22888397216796874
46.3203125,0.7291881016322544,0.2282733154296875
46.3359375,0.7293592180524546,0.22869049072265624
46.3515625,0.7294892810639881,0.22869049072265624
46.3671875,0.7297181628999263,0.2282135009765625
46.3828125,0.7291590372721354,0.22846710205078125
46.3984375,0.729844229561942,0.228541259765625
46.4140625,0.7291386922200521,0.22840728759765624
46.4296875,0.7299012683686763,0.22879455566406237
46.4453125,0.7291684831891742,0.2280792236328125
46.4609375,0.7287437802269345,0.22785583496093764
46.4765625,0.7290264311290929,0.2277215576171875
46.4921875,0.72935776483445,0.2279306030273439
46.5078125,0.7295346941266742,0.22864593505859376
46.5234375,0.7294812883649546,0.228243408203125
46.5390625,0.72886948358445,0.2277215576171875
46.5546875,0.7288611275809151,0.2277215576171875
46.5703125,0.7291038149879092,0.2277215576171875
46.5859375,0.7292818341936383,0.2281094360351561
46.6015625,0.7293744768415179,0.2280047607421875
46.6171875,0.7294093540736607,0.2276025390625
46.6328125,0.7289425077892485,0.2273638916015625
46.6484375,0.7294496808733258,0.2277215576171875
46.6640625,0.7298580351329985,0.22715545654296876
46.6796875,0.7292723882765997,0.22757293701171874
46.6953125,0.729050772530692,0.22700622558593764
46.7109375,0.7293428693498883,0.2267083740234375
46.7265625,0.7289755684988832,0.22703643798828124
46.7421875,0.7291837419782367,0.2267681884765625
46.7578125,0.7292738414946056,0.22690216064453125
46.7734375,0.7295187087286086,0.2259930419921875
46.7890625,0.7291953677222842,0.22641052246093765
46.8046875,0.729292733328683,0.22615692138671875
46.8203125,0.7295971825009301,0.22658935546875
46.8359375,0.7299339657738095,0.22658935546875
46.8515625,0.7291038149879092,0.2263507080078125
46.8671875,0.7288422357468378,0.2258438110351561
46.8828125,0.7296175275530133,0.22630615234375
46.8984375,0.7293530418759301,0.2267529296875
46.9140625,0.7296683901832217,0.22632110595703125
46.9296875,0.7297588530040929,0.225516357421875
46.9453125,0.7299561273484003,0.2258438110351561
46.9609375,0.7295808337983631,0.2262908935546875
46.9765625,0.7296858287992931,0.2258587646484375
46.9921875,0.7295125325520834,0.2258438110351561
47.0078125,0.7295808337983631,0.22602264404296876
47.0234375,0.7292353312174479,0.22572479248046876
47.0390625,0.7294158935546882,0.2262908935546875
47.0546875,0.7295702979678199,0.22603759765625
47.0703125,0.7291419619605655,0.225396728515625
47.0859375,0.7289069039481026,0.22602264404296876
47.1015625,0.7292284284319189,0.2258438110351561
47.1171875,0.7294540405273438,0.2256649780273439
47.1328125,0.7292916434151786,0.2258438110351561
47.1484375,0.7296458653041294,0.22602264404296876
47.1640625,0.7297105335053944,0.22527770996093766
47.1796875,0.7293181646437872,0.22527770996093766
47.1953125,0.7294881911504836,0.225396728515625
47.2109375,0.7290696643647694,0.2259185791015625
47.2265625,0.7294373285202753,0.225396728515625
47.2421875,0.7297948201497396,0.22511383056640638
47.2578125,0.7293584914434523,0.22524810791015612
47.2734375,0.7295891898018974,0.2245025634765625
47.2890625,0.7294540405273438,0.22506927490234388
47.3046875,0.7294049944196429,0.2247857666015625
47.3203125,0.7297664823986235,0.22526275634765625
47.3359375,0.7292200724283854,0.22530731201171875
47.3515625,0.7291841052827381,0.225396728515625
47.3671875,0.7292872837611607,0.22520324707031236
47.3828125,0.7292840140206474,0.22448791503906235
47.3984375,0.7289283389136905,0.22492004394531237
47.4140625,0.7293265206473214,0.22536712646484375
47.4296875,0.7289425077892485,0.22512847900390626
47.4453125,0.7289461408342633,0.2250390625
47.4609375,0.7297999064127604,0.22506927490234388
47.4765625,0.729238600957962,0.22477081298828125
47.4921875,0.7295274280366444,0.22489044189453125
47.5078125,0.7294533139183408,0.22472625732421875
47.5234375,0.7295920962379092,0.2252178955078125
47.5390625,0.7289036342075893,0.22544158935546876
47.5546875,0.7291503179640997,0.2247857666015625
47.5703125,0.7292008172898072,0.22439849853515612
47.5859375,0.7292894635881689,0.2245025634765625
47.6015625,0.7292654854910714,0.22429412841796875
47.6171875,0.72911362420945,0.22399627685546875
47.6328125,0.7290940057663691,0.22441314697265624
47.6484375,0.7290972755068824,0.2242645263671875
47.6640625,0.7290475027901786,0.224249267578125
47.6796875,0.7289962768554688,0.22436859130859374
47.6953125,0.7289988199869785,0.2245025634765625
47.7109375,0.7289864676339286,0.2242645263671875
47.7265625,0.7289966401599702,0.22442810058593765
47.7421875,0.7289995465959821,0.22447296142578124
47.7578125,0.7290438697451643,0.22404083251953125
47.7734375,0.7289207095191592,0.22448791503906235
47.7890625,0.7288920084635416,0.2242645263671875
47.8046875,0.7289683024088548,0.22387664794921874
47.8203125,0.7288818359375,0.2242645263671875
47.8359375,0.7288883754185261,0.22374267578125
47.8515625,0.7289196196056548,0.22448791503906235
47.8671875,0.7290006365094867,0.22408569335937487
47.8828125,0.7289657592773438,0.22408569335937487
47.8984375,0.7289290655226928,0.22489044189453125
47.9140625,0.7288985479445691,0.22429412841796875
47.9296875,0.7288636707124263,0.22441314697265624
47.9453125,0.728926522391183,0.22429412841796875
47.9609375,0.7289250691731771,0.22387664794921874
47.9765625,0.7288277035667783,0.2241152954101561
47.9921875,0.7289294288271949,0.2241152954101561
48.0078125,0.7288604009719122,0.2241152954101561
48.0234375,0.7288277035667783,0.22408569335937487
48.0390625,0.7289185296921503,0.22387664794921874
48.0546875,0.729034423828125,0.2238470458984375
48.0703125,0.7287833804175967,0.2247857666015625
48.0859375,0.7288422357468378,0.22387664794921874
48.1015625,0.7288277035667783,0.22460693359375
48.1171875,0.7288396926153273,0.22453277587890624
48.1328125,0.7289290655226928,0.22414489746093763
48.1484375,0.7290057227725074,0.22477081298828125
48.1640625,0.728896731422061,0.2242645263671875
48.1796875,0.7289247058686763,0.2248455810546875
48.1953125,0.728933425176712,0.224249267578125
48.2109375,0.7289236159551711,0.224249267578125
48.2265625,0.72886948358445,0.22496459960937487
48.2421875,0.7288745698474702,0.22442810058593765
48.2578125,0.7288331531343,0.22453277587890624
48.2734375,0.7288527715773809,0.22387664794921874
48.2890625,0.7287986392066592,0.22496459960937487
48.3046875,0.7288418724423357,0.22496459960937487
48.3203125,0.7288418724423357,0.2247857666015625
48.3359375,0.7288168044317336,0.22512847900390626
48.3515625,0.7288229806082596,0.22429412841796875
48.3671875,0.7288487752278646,0.22460693359375
48.3828125,0.7288647606259301,0.22468139648437485
48.3984375,0.7289748418898809,0.224249267578125
48.4140625,0.7289061773390997,0.22489044189453125
48.4296875,0.7288404192243311,0.22429412841796875
48.4453125,0.7288095383417039,0.22432373046875
48.4609375,0.728834969656808,0.22477081298828125
48.4765625,0.7287695748465401,0.22496459960937487
48.4921875,0.7289000011625737,0.22511383056640638
48.5078125,0.7289199829101562,0.2250244140625
48.5234375,0.7289479573567715,0.225233154296875
48.5390625,0.7288062686011905,0.2251434326171875
48.5546875,0.7287572224934896,0.22499450683593764
48.5703125,0.7289003644670758,0.22518829345703126
48.5859375,0.728805178687686,0.22527770996093766
48.6015625,0.7288465954008556,0.225322265625
48.6171875,0.7288869222005215,0.22506927490234388
48.6328125,0.7288106282552084,0.22576965332031235
48.6484375,0.7288295200892857,0.22536712646484375
48.6640625,0.728790283203125,0.2252178955078125
48.6796875,0.7288200741722477,0.2258438110351561
48.6953125,0.7288306100027901,0.2257098388671875
48.7109375,0.7289116269066214,0.2252178955078125
48.7265625,0.7287764776320691,0.22527770996093766
48.7421875,0.7289228893461681,0.225322265625
48.7578125,0.7287601289295015,0.225516357421875
48.7734375,0.7287920997256324,0.2256951904296875
48.7890625,0.7289297921316964,0.22576965332031235
48.8046875,0.7288945515950521,0.2262908935546875
48.8203125,0.7288153512137276,0.2262908935546875
48.8359375,0.728830246698288,0.22614227294921874
48.8515625,0.7288353329613095,0.22638031005859374
48.8671875,0.7287953694661452,0.22654449462890625
48.8828125,0.7288346063523072,0.2264697265625
48.8984375,0.7287790207635789,0.22658935546875
48.9140625,0.7289439610072544,0.2265145874023439
48.9296875,0.7288487752278646,0.2267681884765625
48.9453125,0.7288306100027901,0.22614227294921874
48.9609375,0.7288353329613095,0.22690216064453125
48.9765625,0.7288186209542404,0.2267681884765625
48.9921875,0.7289650326683408,0.226395263671875
49.0078125,0.7288247971307664,0.22658935546875
49.0234375,0.7288280668712798,0.22690216064453125
49.0390625,0.7288836524600074,0.22690216064453125
49.0546875,0.72886948358445,0.2269766235351561
49.0703125,0.7289141700381324,0.22717041015625
49.0859375,0.7288520449683786,0.2267681884765625
49.1015625,0.7287950061616444,0.22715545654296876
49.1171875,0.7287466866629464,0.2273046875
49.1328125,0.7288037254696801,0.22685760498046875
49.1484375,0.7288320632207961,0.22700622558593764
49.1640625,0.728834969656808,0.22709564208984376
49.1796875,0.7288178943452381,0.22685760498046875
49.1953125,0.7288901919410342,0.227110595703125
49.2109375,0.7287968226841525,0.22703643798828124
49.2265625,0.7288353329613095,0.22715545654296876
49.2421875,0.7287466866629464,0.22733428955078125
49.2578125,0.7288545880998883,0.22733428955078125
49.2734375,0.7288218906947544,0.226827392578125
49.2890625,0.7288135346912202,0.22746826171875
49.3046875,0.7288418724423357,0.2268426513671875
49.3203125,0.7288320632207961,0.2280792236328125
49.3359375,0.7289178030831474,0.22754272460937486
49.3515625,0.728865487234933,0.2278411865234375
49.3671875,0.7287572224934896,0.22822845458984375
49.3828125,0.7288545880998883,0.2277215576171875
49.3984375,0.7288171677362358,0.2276919555664064
49.4140625,0.7288022722516742,0.2280047607421875
49.4296875,0.7288327898297992,0.22840728759765624
49.4453125,0.7287953694661452,0.2275579833984375
49.4609375,0.7287964593796503,0.2277069091796875
49.4765625,0.7287884666806176,0.22813903808593763
49.4921875,0.728867667061942,0.22715545654296876
49.5078125,0.7287899198986235,0.2271258544921875
49.5234375,0.7288218906947544,0.227960205078125
49.5390625,0.7288029988606771,0.22791564941406237
49.5546875,0.7287768409365699,0.22812408447265625
49.5703125,0.7287906465076265,0.2279306030273439
49.5859375,0.7288680303664428,0.22840728759765624
49.6015625,0.7287488664899546,0.22791564941406237
