t,i
0.00000000,18.455
0.00000500,18.446
0.00001000,18.441
0.00001500,18.436
0.00002000,18.442
0.00002500,18.442
0.00003000,18.450
0.00003500,18.458
0.00004000,18.466
0.00004500,18.465
0.00005000,18.449
0.00005500,18.441
0.00006000,18.446
0.00006500,18.454
0.00007000,18.454
0.00007500,18.457
0.00008000,18.452
0.00008500,18.452
0.00009000,18.438
0.00009500,18.429
0.00010000,18.428
0.00010500,18.425
0.00011000,18.429
0.00011500,18.434
0.00012000,18.449
0.00012500,18.452
0.00013000,18.452
0.00013500,18.452
0.00014000,18.455
0.00014500,18.463
0.00015000,18.475
0.00015500,18.486
0.00016000,18.494
0.00016500,18.495
0.00017000,18.479
0.00017500,18.458
0.00018000,18.450
0.00018500,18.457
0.00019000,18.465
0.00019500,18.468
0.00020000,18.484
0.00020500,18.484
0.00021000,18.478
0.00021500,18.465
0.00022000,18.455
0.00022500,18.466
0.00023000,18.463
0.00023500,18.473
0.00024000,18.476
0.00024500,18.479
0.00025000,18.471
0.00025500,18.463
0.00026000,18.463
0.00026500,18.465
0.00027000,18.468
0.00027500,18.475
0.00028000,18.478
0.00028500,18.481
0.00029000,18.481
0.00029500,18.470
0.00030000,18.463
0.00030500,18.468
0.00031000,18.463
0.00031500,18.466
0.00032000,18.476
0.00032500,18.475
0.00033000,18.466
0.00033500,18.454
0.00034000,18.441
0.00034500,18.436
0.00035000,18.438
0.00035500,18.442
0.00036000,18.450
0.00036500,18.460
0.00037000,18.455
0.00037500,18.455
0.00038000,18.458
0.00038500,18.455
0.00039000,18.463
0.00039500,18.475
0.00040000,18.481
0.00040500,18.500
0.00041000,18.499
0.00041500,18.483
0.00042000,18.462
0.00042500,18.444
0.00043000,18.444
0.00043500,18.452
0.00044000,18.466
0.00044500,18.478
0.00045000,18.471
0.00045500,18.465
0.00046000,18.460
0.00046500,18.441
0.00047000,18.441
0.00047500,18.452
0.00048000,18.449
0.00048500,18.458
0.00049000,18.454
0.00049500,18.449
0.00050000,18.436
0.00050500,18.431
0.00051000,18.431
0.00051500,18.425
0.00052000,18.436
0.00052500,18.438
0.00053000,18.441
0.00053500,18.436
0.00054000,18.431
0.00054500,18.417
0.00055000,18.417
0.00055500,18.413
0.00056000,18.415
0.00056500,18.405
0.00057000,18.415
0.00057500,18.412
0.00058000,18.396
0.00058500,18.378
0.00059000,18.373
0.00059500,18.365
0.00060000,18.360
0.00060500,18.365
0.00061000,18.367
0.00061500,18.365
0.00062000,18.368
0.00062500,18.354
0.00063000,18.352
0.00063500,18.359
0.00064000,18.362
0.00064500,18.362
0.00065000,18.363
0.00065500,18.365
0.00066000,18.360
0.00066500,18.349
0.00067000,18.346
0.00067500,18.351
0.00068000,18.349
0.00068500,18.347
0.00069000,18.343
0.00069500,18.328
0.00070000,18.306
0.00070500,18.285
0.00071000,18.275
0.00071500,18.278
0.00072000,18.278
0.00072500,18.267
0.00073000,18.260
0.00073500,18.265
0.00074000,18.267
0.00074500,18.246
0.00075000,18.240
0.00075500,18.228
0.00076000,18.222
0.00076500,18.211
0.00077000,18.207
0.00077500,18.206
0.00078000,18.198
0.00078500,18.193
0.00079000,18.188
0.00079500,18.177
0.00080000,18.169
0.00080500,18.159
0.00081000,18.153
0.00081500,18.146
0.00082000,18.130
0.00082500,18.109
0.00083000,18.079
0.00083500,18.070
0.00084000,18.064
0.00084500,18.056
0.00085000,18.054
0.00085500,18.050
0.00086000,18.051
0.00086500,18.033
0.00087000,18.017
0.00087500,17.996
0.00088000,17.987
0.00088500,17.982
0.00089000,17.967
0.00089500,17.956
0.00090000,17.948
0.00090500,17.927
0.00091000,17.905
0.00091500,17.887
0.00092000,17.877
0.00092500,17.866
0.00093000,17.855
0.00093500,17.848
0.00094000,17.847
0.00094500,17.831
0.00095000,17.811
0.00095500,17.797
0.00096000,17.787
0.00096500,17.771
0.00097000,17.761
0.00097500,17.757
0.00098000,17.749
0.00098500,17.739
0.00099000,17.723
0.00099500,17.702
0.00100000,17.691
0.00100500,17.676
0.00101000,17.668
0.00101500,17.665
0.00102000,17.655
0.00102500,17.645
0.00103000,17.628
0.00103500,17.613
0.00104000,17.592
0.00104500,17.583
0.00105000,17.581
0.00105500,17.576
0.00106000,17.573
0.00106500,17.563
0.00107000,17.544
0.00107500,17.520
0.00108000,17.505
0.00108500,17.491
0.00109000,17.480
0.00109500,17.470
0.00110000,17.467
0.00110500,17.459
0.00111000,17.441
0.00111500,17.418
0.00112000,17.404
0.00112500,17.394
0.00113000,17.383
0.00113500,17.373
0.00114000,17.364
0.00114500,17.361
0.00115000,17.344
0.00115500,17.324
0.00116000,17.304
0.00116500,17.288
0.00117000,17.275
0.00117500,17.267
0.00118000,17.258
0.00118500,17.246
0.00119000,17.230
0.00119500,17.216
0.00120000,17.193
0.00120500,17.175
0.00121000,17.167
0.00121500,17.166
0.00122000,17.153
0.00122500,17.143
0.00123000,17.134
0.00123500,17.114
0.00124000,17.095
0.00124500,17.079
0.00125000,17.066
0.00125500,17.058
0.00126000,17.051
0.00126500,17.039
0.00127000,17.034
0.00127500,17.019
0.00128000,16.993
0.00128500,16.976
0.00129000,16.963
0.00129500,16.955
0.00130000,16.942
0.00130500,16.936
0.00131000,16.932
0.00131500,16.913
0.00132000,16.889
0.00132500,16.871
0.00133000,16.857
0.00133500,16.852
0.00134000,16.842
0.00134500,16.834
0.00135000,16.823
0.00135500,16.808
0.00136000,16.784
0.00136500,16.763
0.00137000,16.744
0.00137500,16.734
0.00138000,16.721
0.00138500,16.712
0.00139000,16.709
0.00139500,16.697
0.00140000,16.672
0.00140500,16.649
0.00141000,16.643
0.00141500,16.631
0.00142000,16.615
0.00142500,16.607
0.00143000,16.606
0.00143500,16.591
0.00144000,16.567
0.00144500,16.544
0.00145000,16.523
0.00145500,16.512
0.00146000,16.506
0.00146500,16.494
0.00147000,16.486
0.00147500,16.478
0.00148000,16.453
0.00148500,16.427
0.00149000,16.414
0.00149500,16.401
0.00150000,16.380
0.00150500,16.374
0.00151000,16.369
0.00151500,16.358
0.00152000,16.337
0.00152500,16.319
0.00153000,16.298
0.00153500,16.287
0.00154000,16.263
0.00154500,16.256
0.00155000,16.242
0.00155500,16.234
0.00156000,16.214
0.00156500,16.190
0.00157000,16.171
0.00157500,16.155
0.00158000,16.139
0.00158500,16.126
0.00159000,16.115
0.00159500,16.105
0.00160000,16.087
0.00160500,16.066
0.00161000,16.040
0.00161500,16.020
0.00162000,16.003
0.00162500,15.994
0.00163000,15.981
0.00163500,15.973
0.00164000,15.955
0.00164500,15.929
0.00165000,15.910
0.00165500,15.886
0.00166000,15.875
0.00166500,15.857
0.00167000,15.846
0.00167500,15.838
0.00168000,15.818
0.00168500,15.793
0.00169000,15.775
0.00169500,15.749
0.00170000,15.730
0.00170500,15.720
0.00171000,15.707
0.00171500,15.690
0.00172000,15.673
0.00172500,15.648
0.00173000,15.624
0.00173500,15.593
0.00174000,15.578
0.00174500,15.564
0.00175000,15.551
0.00175500,15.540
0.00176000,15.532
0.00176500,15.512
0.00177000,15.483
0.00177500,15.458
0.00178000,15.437
0.00178500,15.421
0.00179000,15.413
0.00179500,15.395
0.00180000,15.387
0.00180500,15.371
0.00181000,15.342
0.00181500,15.318
0.00182000,15.297
0.00182500,15.281
0.00183000,15.265
0.00183500,15.252
0.00184000,15.240
0.00184500,15.226
0.00185000,15.205
0.00185500,15.174
0.00186000,15.149
0.00186500,15.129
0.00187000,15.120
0.00187500,15.102
0.00188000,15.089
0.00188500,15.076
0.00189000,15.054
0.00189500,15.034
0.00190000,15.007
0.00190500,14.988
0.00191000,14.975
0.00191500,14.959
0.00192000,14.939
0.00192500,14.935
0.00193000,14.915
0.00193500,14.878
0.00194000,14.864
0.00194500,14.844
0.00195000,14.828
0.00195500,14.815
0.00196000,14.803
0.00196500,14.786
0.00197000,14.770
0.00197500,14.741
0.00198000,14.712
0.00198500,14.696
0.00199000,14.683
0.00199500,14.667
0.00200000,14.650
0.00200500,14.640
0.00201000,14.621
0.00201500,14.587
0.00202000,14.567
0.00202500,14.553
0.00203000,14.527
0.00203500,14.513
0.00204000,14.501
0.00204500,14.484
0.00205000,14.468
0.00205500,14.445
0.00206000,14.415
0.00206500,14.395
0.00207000,14.384
0.00207500,14.363
0.00208000,14.350
0.00208500,14.337
0.00209000,14.321
0.00209500,14.294
0.00210000,14.260
0.00210500,14.244
0.00211000,14.218
0.00211500,14.200
0.00212000,14.189
0.00212500,14.175
0.00213000,14.160
0.00213500,14.147
0.00214000,14.118
0.00214500,14.094
0.00215000,14.075
0.00215500,14.048
0.00216000,14.035
0.00216500,14.022
0.00217000,14.006
0.00217500,13.986
0.00218000,13.949
0.00218500,13.925
0.00219000,13.907
0.00219500,13.890
0.00220000,13.869
0.00220500,13.853
0.00221000,13.843
0.00221500,13.814
0.00222000,13.793
0.00222500,13.764
0.00223000,13.743
0.00223500,13.721
0.00224000,13.708
0.00224500,13.685
0.00225000,13.666
0.00225500,13.661
0.00226000,13.631
0.00226500,13.608
0.00227000,13.581
0.00227500,13.561
0.00228000,13.544
0.00228500,13.528
0.00229000,13.508
0.00229500,13.495
0.00230000,13.465
0.00230500,13.437
0.00231000,13.404
0.00231500,13.383
0.00232000,13.367
0.00232500,13.352
0.00233000,13.328
0.00233500,13.315
0.00234000,13.292
0.00234500,13.260
0.00235000,13.241
0.00235500,13.212
0.00236000,13.189
0.00236500,13.172
0.00237000,13.152
0.00237500,13.140
0.00238000,13.120
0.00238500,13.090
0.00239000,13.053
0.00239500,13.035
0.00240000,13.008
0.00240500,12.996
0.00241000,12.972
0.00241500,12.961
0.00242000,12.930
0.00242500,12.909
0.00243000,12.872
0.00243500,12.851
0.00244000,12.829
0.00244500,12.818
0.00245000,12.802
0.00245500,12.776
0.00246000,12.752
0.00246500,12.726
0.00247000,12.694
0.00247500,12.665
0.00248000,12.644
0.00248500,12.623
0.00249000,12.603
0.00249500,12.583
0.00250000,12.568
0.00250500,12.546
0.00251000,12.505
0.00251500,12.481
0.00252000,12.460
0.00252500,12.434
0.00253000,12.405
0.00253500,12.394
0.00254000,12.368
0.00254500,12.344
0.00255000,12.319
0.00255500,12.291
0.00256000,12.261
0.00256500,12.241
0.00257000,12.222
0.00257500,12.199
0.00258000,12.185
0.00258500,12.161
0.00259000,12.125
0.00259500,12.095
0.00260000,12.069
0.00260500,12.046
0.00261000,12.021
0.00261500,12.006
0.00262000,11.990
0.00262500,11.958
0.00263000,11.934
0.00263500,11.898
0.00264000,11.874
0.00264500,11.855
0.00265000,11.826
0.00265500,11.805
0.00266000,11.789
0.00266500,11.771
0.00267000,11.737
0.00267500,11.704
0.00268000,11.676
0.00268500,11.649
0.00269000,11.634
0.00269500,11.610
0.00270000,11.591
0.00270500,11.570
0.00271000,11.538
0.00271500,11.506
0.00272000,11.483
0.00272500,11.454
0.00273000,11.430
0.00273500,11.409
0.00274000,11.390
0.00274500,11.367
0.00275000,11.337
0.00275500,11.308
0.00276000,11.277
0.00276500,11.251
0.00277000,11.230
0.00277500,11.208
0.00278000,11.185
0.00278500,11.172
0.00279000,11.142
0.00279500,11.113
0.00280000,11.085
0.00280500,11.053
0.00281000,11.029
0.00281500,11.010
0.00282000,10.990
0.00282500,10.968
0.00283000,10.944
0.00283500,10.913
0.00284000,10.887
0.00284500,10.855
0.00285000,10.839
0.00285500,10.813
0.00286000,10.797
0.00286500,10.776
0.00287000,10.747
0.00287500,10.725
0.00288000,10.701
0.00288500,10.664
0.00289000,10.643
0.00289500,10.628
0.00290000,10.601
0.00290500,10.586
0.00291000,10.565
0.00291500,10.538
0.00292000,10.503
0.00292500,10.470
0.00293000,10.451
0.00293500,10.427
0.00294000,10.409
0.00294500,10.392
0.00295000,10.366
0.00295500,10.340
0.00296000,10.309
0.00296500,10.277
0.00297000,10.250
0.00297500,10.231
0.00298000,10.208
0.00298500,10.182
0.00299000,10.166
0.00299500,10.142
0.00300000,10.105
0.00300500,10.074
0.00301000,10.047
0.00301500,10.023
0.00302000,10.007
0.00302500,9.984
0.00303000,9.959
0.00303500,9.933
0.00304000,9.907
0.00304500,9.868
0.00305000,9.833
0.00305500,9.815
0.00306000,9.798
0.00306500,9.773
0.00307000,9.752
0.00307500,9.724
0.00308000,9.698
0.00308500,9.666
0.00309000,9.633
0.00309500,9.611
0.00310000,9.587
0.00310500,9.563
0.00311000,9.548
0.00311500,9.526
0.00312000,9.492
0.00312500,9.461
0.00313000,9.426
0.00313500,9.397
0.00314000,9.379
0.00314500,9.355
0.00315000,9.328
0.00315500,9.315
0.00316000,9.289
0.00316500,9.245
0.00317000,9.213
0.00317500,9.186
0.00318000,9.160
0.00318500,9.142
0.00319000,9.120
0.00319500,9.099
0.00320000,9.072
0.00320500,9.038
0.00321000,9.006
0.00321500,8.977
0.00322000,8.949
0.00322500,8.927
0.00323000,8.904
0.00323500,8.883
0.00324000,8.857
0.00324500,8.819
0.00325000,8.783
0.00325500,8.756
0.00326000,8.732
0.00326500,8.706
0.00327000,8.692
0.00327500,8.672
0.00328000,8.642
0.00328500,8.614
0.00329000,8.571
0.00329500,8.547
0.00330000,8.519
0.00330500,8.494
0.00331000,8.466
0.00331500,8.452
0.00332000,8.423
0.00332500,8.392
0.00333000,8.358
0.00333500,8.329
0.00334000,8.304
0.00334500,8.276
0.00335000,8.252
0.00335500,8.233
0.00336000,8.209
0.00336500,8.178
0.00337000,8.146
0.00337500,8.112
0.00338000,8.086
0.00338500,8.057
0.00339000,8.030
0.00339500,8.012
0.00340000,7.987
0.00340500,7.958
0.00341000,7.933
0.00341500,7.895
0.00342000,7.872
0.00342500,7.842
0.00343000,7.813
0.00343500,7.792
0.00344000,7.772
0.00344500,7.748
0.00345000,7.710
0.00345500,7.682
0.00346000,7.655
0.00346500,7.619
0.00347000,7.600
0.00347500,7.584
0.00348000,7.557
0.00348500,7.533
0.00349000,7.504
0.00349500,7.470
0.00350000,7.436
0.00350500,7.412
0.00351000,7.386
0.00351500,7.367
0.00352000,7.346
0.00352500,7.318
0.00353000,7.285
0.00353500,7.254
0.00354000,7.220
0.00354500,7.194
0.00355000,7.169
0.00355500,7.151
0.00356000,7.124
0.00356500,7.103
0.00357000,7.074
0.00357500,7.043
0.00358000,7.009
0.00358500,6.980
0.00359000,6.961
0.00359500,6.934
0.00360000,6.910
0.00360500,6.890
0.00361000,6.863
0.00361500,6.829
0.00362000,6.792
0.00362500,6.765
0.00363000,6.741
0.00363500,6.718
0.00364000,6.697
0.00364500,6.676
0.00365000,6.647
0.00365500,6.615
0.00366000,6.584
0.00366500,6.549
0.00367000,6.525
0.00367500,6.509
0.00368000,6.486
0.00368500,6.460
0.00369000,6.441
0.00369500,6.409
0.00370000,6.367
0.00370500,6.345
0.00371000,6.314
0.00371500,6.287
0.00372000,6.264
0.00372500,6.245
0.00373000,6.221
0.00373500,6.195
0.00374000,6.163
0.00374500,6.127
0.00375000,6.098
0.00375500,6.077
0.00376000,6.052
0.00376500,6.034
0.00377000,6.013
0.00377500,5.982
0.00378000,5.945
0.00378500,5.916
0.00379000,5.886
0.00379500,5.863
0.00380000,5.841
0.00380500,5.815
0.00381000,5.797
0.00381500,5.768
0.00382000,5.731
0.00382500,5.697
0.00383000,5.672
0.00383500,5.646
0.00384000,5.623
0.00384500,5.601
0.00385000,5.581
0.00385500,5.557
0.00386000,5.522
0.00386500,5.486
0.00387000,5.462
0.00387500,5.429
0.00388000,5.412
0.00388500,5.385
0.00389000,5.363
0.00389500,5.340
0.00390000,5.308
0.00390500,5.269
0.00391000,5.247
0.00391500,5.213
0.00392000,5.192
0.00392500,5.173
0.00393000,5.153
0.00393500,5.126
0.00394000,5.095
0.00394500,5.057
0.00395000,5.021
0.00395500,4.994
0.00396000,4.968
0.00396500,4.946
0.00397000,4.933
0.00397500,4.907
0.00398000,4.875
0.00398500,4.843
0.00399000,4.809
0.00399500,4.778
0.00400000,4.759
0.00400500,4.730
0.00401000,4.714
0.00401500,4.690
0.00402000,4.662
0.00402500,4.625
0.00403000,4.591
0.00403500,4.569
0.00404000,4.540
0.00404500,4.516
0.00405000,4.487
0.00405500,4.466
0.00406000,4.440
0.00406500,4.410
0.00407000,4.379
0.00407500,4.345
0.00408000,4.319
0.00408500,4.300
0.00409000,4.269
0.00409500,4.247
0.00410000,4.221
0.00410500,4.191
0.00411000,4.162
0.00411500,4.126
0.00412000,4.099
0.00412500,4.073
0.00413000,4.052
0.00413500,4.025
0.00414000,3.999
0.00414500,3.972
0.00415000,3.936
0.00415500,3.899
0.00416000,3.877
0.00416500,3.853
0.00417000,3.825
0.00417500,3.799
0.00418000,3.772
0.00418500,3.738
0.00419000,3.703
0.00419500,3.666
0.00420000,3.635
0.00420500,3.608
0.00421000,3.584
0.00421500,3.555
0.00422000,3.532
0.00422500,3.500
0.00423000,3.465
0.00423500,3.428
0.00424000,3.399
0.00424500,3.371
0.00425000,3.344
0.00425500,3.315
0.00426000,3.296
0.00426500,3.265
0.00427000,3.238
0.00427500,3.189
0.00428000,3.164
0.00428500,3.139
0.00429000,3.115
0.00429500,3.083
0.00430000,3.062
0.00430500,3.040
0.00431000,3.004
0.00431500,2.975
0.00432000,2.938
0.00432500,2.906
0.00433000,2.887
0.00433500,2.862
0.00434000,2.842
0.00434500,2.816
0.00435000,2.787
0.00435500,2.755
0.00436000,2.718
0.00436500,2.692
0.00437000,2.671
0.00437500,2.647
0.00438000,2.623
0.00438500,2.597
0.00439000,2.569
0.00439500,2.537
0.00440000,2.494
0.00440500,2.470
0.00441000,2.446
0.00441500,2.425
0.00442000,2.402
0.00442500,2.384
0.00443000,2.352
0.00443500,2.323
0.00444000,2.285
0.00444500,2.267
0.00445000,2.235
0.00445500,2.212
0.00446000,2.190
0.00446500,2.173
0.00447000,2.148
0.00447500,2.114
0.00448000,2.077
0.00448500,2.053
0.00449000,2.022
0.00449500,2.001
0.00450000,1.977
0.00450500,1.961
0.00451000,1.932
0.00451500,1.901
0.00452000,1.864
0.00452500,1.832
0.00453000,1.808
0.00453500,1.782
0.00454000,1.760
0.00454500,1.736
0.00455000,1.710
0.00455500,1.674
0.00456000,1.644
0.00456500,1.615
0.00457000,1.578
0.00457500,1.559
0.00458000,1.536
0.00458500,1.513
0.00459000,1.481
0.00459500,1.452
0.00460000,1.417
0.00460500,1.386
0.00461000,1.357
0.00461500,1.322
0.00462000,1.298
0.00462500,1.278
0.00463000,1.257
0.00463500,1.219
0.00464000,1.195
0.00464500,1.154
0.00465000,1.117
0.00465500,1.095
0.00466000,1.068
0.00466500,1.042
0.00467000,1.019
0.00467500,0.989
0.00468000,0.955
0.00468500,0.916
0.00469000,0.886
0.00469500,0.855
0.00470000,0.828
0.00470500,0.807
0.00471000,0.783
0.00471500,0.754
0.00472000,0.715
0.00472500,0.680
0.00473000,0.647
0.00473500,0.617
0.00474000,0.593
0.00474500,0.564
0.00475000,0.538
0.00475500,0.517
0.00476000,0.477
0.00476500,0.435
0.00477000,0.404
0.00477500,0.369
0.00478000,0.345
0.00478500,0.319
0.00479000,0.292
0.00479500,0.269
0.00480000,0.230
0.00480500,0.193
0.00481000,0.158
0.00481500,0.124
0.00482000,0.097
0.00482500,0.074
0.00483000,0.040
0.00483500,0.015
0.00484000,-0.013
0.00484500,-0.050
0.00485000,-0.093
0.00485500,-0.124
0.00486000,-0.148
0.00486500,-0.180
0.00487000,-0.204
0.00487500,-0.228
0.00488000,-0.261
0.00488500,-0.296
0.00489000,-0.330
0.00489500,-0.367
0.00490000,-0.401
0.00490500,-0.426
0.00491000,-0.455
0.00491500,-0.481
0.00492000,-0.507
0.00492500,-0.544
0.00493000,-0.583
0.00493500,-0.616
0.00494000,-0.640
0.00494500,-0.676
0.00495000,-0.697
0.00495500,-0.724
0.00496000,-0.761
0.00496500,-0.790
0.00497000,-0.830
0.00497500,-0.861
0.00498000,-0.900
0.00498500,-0.924
0.00499000,-0.950
0.00499500,-0.979
0.00500000,-1.008
0.00500500,-1.038
0.00501000,-1.075
0.00501500,-1.117
0.00502000,-1.141
0.00502500,-1.175
0.00503000,-1.196
0.00503500,-1.222
0.00504000,-1.249
0.00504500,-1.281
0.00505000,-1.317
0.00505500,-1.352
0.00506000,-1.384
0.00506500,-1.410
0.00507000,-1.437
0.00507500,-1.458
0.00508000,-1.489
0.00508500,-1.516
0.00509000,-1.547
0.00509500,-1.585
0.00510000,-1.622
0.00510500,-1.647
0.00511000,-1.666
0.00511500,-1.701
0.00512000,-1.727
0.00512500,-1.743
0.00513000,-1.779
0.00513500,-1.814
0.00514000,-1.848
0.00514500,-1.874
0.00515000,-1.898
0.00515500,-1.919
0.00516000,-1.946
0.00516500,-1.967
0.00517000,-1.994
0.00517500,-2.036
0.00518000,-2.070
0.00518500,-2.089
0.00519000,-2.118
0.00519500,-2.149
0.00520000,-2.170
0.00520500,-2.186
0.00521000,-2.216
0.00521500,-2.258
0.00522000,-2.289
0.00522500,-2.315
0.00523000,-2.340
0.00523500,-2.365
0.00524000,-2.389
0.00524500,-2.413
0.00525000,-2.434
0.00525500,-2.469
0.00526000,-2.506
0.00526500,-2.534
0.00527000,-2.551
0.00527500,-2.585
0.00528000,-2.604
0.00528500,-2.625
0.00529000,-2.651
0.00529500,-2.683
0.00530000,-2.722
0.00530500,-2.751
0.00531000,-2.772
0.00531500,-2.799
0.00532000,-2.820
0.00532500,-2.843
0.00533000,-2.867
0.00533500,-2.902
0.00534000,-2.936
0.00534500,-2.963
0.00535000,-2.994
0.00535500,-3.013
0.00536000,-3.041
0.00536500,-3.058
0.00537000,-3.086
0.00537500,-3.113
0.00538000,-3.149
0.00538500,-3.178
0.00539000,-3.208
0.00539500,-3.231
0.00540000,-3.258
0.00540500,-3.276
0.00541000,-3.297
0.00541500,-3.327
0.00542000,-3.363
0.00542500,-3.395
0.00543000,-3.422
0.00543500,-3.450
0.00544000,-3.466
0.00544500,-3.496
0.00545000,-3.516
0.00545500,-3.549
0.00546000,-3.580
0.00546500,-3.617
0.00547000,-3.649
0.00547500,-3.675
0.00548000,-3.699
0.00548500,-3.722
0.00549000,-3.747
0.00549500,-3.781
0.00550000,-3.817
0.00550500,-3.849
0.00551000,-3.889
0.00551500,-3.912
0.00552000,-3.939
0.00552500,-3.965
0.00553000,-3.991
0.00553500,-4.021
0.00554000,-4.050
0.00554500,-4.084
0.00555000,-4.118
0.00555500,-4.145
0.00556000,-4.172
0.00556500,-4.192
0.00557000,-4.224
0.00557500,-4.253
0.00558000,-4.285
0.00558500,-4.324
0.00559000,-4.358
0.00559500,-4.390
0.00560000,-4.412
0.00560500,-4.435
0.00561000,-4.467
0.00561500,-4.494
0.00562000,-4.531
0.00562500,-4.570
0.00563000,-4.604
0.00563500,-4.642
0.00564000,-4.670
0.00564500,-4.688
0.00565000,-4.720
0.00565500,-4.744
0.00566000,-4.771
0.00566500,-4.810
0.00567000,-4.849
0.00567500,-4.882
0.00568000,-4.906
0.00568500,-4.926
0.00569000,-4.939
0.00569500,-4.958
0.00570000,-4.984
0.00570500,-5.008
0.00571000,-5.043
0.00571500,-5.079
0.00572000,-5.095
0.00572500,-5.122
0.00573000,-5.148
0.00573500,-5.169
0.00574000,-5.201
0.00574500,-5.238
0.00575000,-5.277
0.00575500,-5.325
0.00576000,-5.352
0.00576500,-5.378
0.00577000,-5.409
0.00577500,-5.431
0.00578000,-5.457
0.00578500,-5.488
0.00579000,-5.529
0.00579500,-5.562
0.00580000,-5.587
0.00580500,-5.612
0.00581000,-5.642
0.00581500,-5.673
0.00582000,-5.692
0.00582500,-5.723
0.00583000,-5.756
0.00583500,-5.787
0.00584000,-5.816
0.00584500,-5.847
0.00585000,-5.877
0.00585500,-5.893
0.00586000,-5.914
0.00586500,-5.946
0.00587000,-5.985
0.00587500,-6.008
0.00588000,-6.035
0.00588500,-6.056
0.00589000,-6.095
0.00589500,-6.114
0.00590000,-6.136
0.00590500,-6.164
0.00591000,-6.199
0.00591500,-6.236
0.00592000,-6.257
0.00592500,-6.286
0.00593000,-6.310
0.00593500,-6.331
0.00594000,-6.354
0.00594500,-6.379
0.00595000,-6.416
0.00595500,-6.452
0.00596000,-6.479
0.00596500,-6.499
0.00597000,-6.524
0.00597500,-6.544
0.00598000,-6.563
0.00598500,-6.582
0.00599000,-6.616
0.00599500,-6.655
0.00600000,-6.679
0.00600500,-6.711
0.00601000,-6.730
0.00601500,-6.745
0.00602000,-6.771
0.00602500,-6.788
0.00603000,-6.819
0.00603500,-6.854
0.00604000,-6.882
0.00604500,-6.909
0.00605000,-6.941
0.00605500,-6.961
0.00606000,-6.977
0.00606500,-6.999
0.00607000,-7.025
0.00607500,-7.054
0.00608000,-7.091
0.00608500,-7.123
0.00609000,-7.141
0.00609500,-7.165
0.00610000,-7.191
0.00610500,-7.215
0.00611000,-7.236
0.00611500,-7.266
0.00612000,-7.302
0.00612500,-7.324
0.00613000,-7.355
0.00613500,-7.379
0.00614000,-7.400
0.00614500,-7.415
0.00615000,-7.444
0.00615500,-7.468
0.00616000,-7.500
0.00616500,-7.535
0.00617000,-7.558
0.00617500,-7.582
0.00618000,-7.601
0.00618500,-7.619
0.00619000,-7.645
0.00619500,-7.675
0.00620000,-7.706
0.00620500,-7.735
0.00621000,-7.761
0.00621500,-7.782
0.00622000,-7.809
0.00622500,-7.833
0.00623000,-7.852
0.00623500,-7.878
0.00624000,-7.907
0.00624500,-7.941
0.00625000,-7.968
0.00625500,-7.993
0.00626000,-8.012
0.00626500,-8.041
0.00627000,-8.062
0.00627500,-8.084
0.00628000,-8.110
0.00628500,-8.150
0.00629000,-8.176
0.00629500,-8.199
0.00630000,-8.228
0.00630500,-8.242
0.00631000,-8.265
0.00631500,-8.287
0.00632000,-8.319
0.00632500,-8.351
0.00633000,-8.377
0.00633500,-8.405
0.00634000,-8.427
0.00634500,-8.453
0.00635000,-8.469
0.00635500,-8.492
0.00636000,-8.519
0.00636500,-8.561
0.00637000,-8.588
0.00637500,-8.607
0.00638000,-8.633
0.00638500,-8.661
0.00639000,-8.675
0.00639500,-8.698
0.00640000,-8.730
0.00640500,-8.764
0.00641000,-8.793
0.00641500,-8.822
0.00642000,-8.844
0.00642500,-8.865
0.00643000,-8.880
0.00643500,-8.902
0.00644000,-8.931
0.00644500,-8.971
0.00645000,-9.005
0.00645500,-9.028
0.00646000,-9.053
0.00646500,-9.082
0.00647000,-9.092
0.00647500,-9.111
0.00648000,-9.144
0.00648500,-9.174
0.00649000,-9.206
0.00649500,-9.234
0.00650000,-9.256
0.00650500,-9.280
0.00651000,-9.303
0.00651500,-9.322
0.00652000,-9.351
0.00652500,-9.382
0.00653000,-9.417
0.00653500,-9.437
0.00654000,-9.470
0.00654500,-9.490
0.00655000,-9.511
0.00655500,-9.527
0.00656000,-9.548
0.00656500,-9.586
0.00657000,-9.615
0.00657500,-9.646
0.00658000,-9.673
0.00658500,-9.696
0.00659000,-9.712
0.00659500,-9.733
0.00660000,-9.760
0.00660500,-9.791
0.00661000,-9.818
0.00661500,-9.850
0.00662000,-9.882
0.00662500,-9.905
0.00663000,-9.929
0.00663500,-9.947
0.00664000,-9.969
0.00664500,-9.997
0.00665000,-10.022
0.00665500,-10.060
0.00666000,-10.085
0.00666500,-10.101
0.00667000,-10.121
0.00667500,-10.145
0.00668000,-10.172
0.00668500,-10.198
0.00669000,-10.232
0.00669500,-10.264
0.00670000,-10.288
0.00670500,-10.312
0.00671000,-10.333
0.00671500,-10.351
0.00672000,-10.364
0.00672500,-10.394
0.00673000,-10.425
0.00673500,-10.457
0.00674000,-10.486
0.00674500,-10.507
0.00675000,-10.531
0.00675500,-10.550
0.00676000,-10.575
0.00676500,-10.594
0.00677000,-10.623
0.00677500,-10.655
0.00678000,-10.686
0.00678500,-10.713
0.00679000,-10.732
0.00679500,-10.755
0.00680000,-10.769
0.00680500,-10.794
0.00681000,-10.823
0.00681500,-10.852
0.00682000,-10.882
0.00682500,-10.905
0.00683000,-10.926
0.00683500,-10.948
0.00684000,-10.964
0.00684500,-10.984
0.00685000,-11.013
0.00685500,-11.046
0.00686000,-11.082
0.00686500,-11.106
0.00687000,-11.128
0.00687500,-11.148
0.00688000,-11.170
0.00688500,-11.182
0.00689000,-11.212
0.00689500,-11.241
0.00690000,-11.275
0.00690500,-11.294
0.00691000,-11.317
0.00691500,-11.339
0.00692000,-11.359
0.00692500,-11.381
0.00693000,-11.409
0.00693500,-11.442
0.00694000,-11.471
0.00694500,-11.497
0.00695000,-11.521
0.00695500,-11.541
0.00696000,-11.553
0.00696500,-11.568
0.00697000,-11.590
0.00697500,-11.626
0.00698000,-11.656
0.00698500,-11.689
0.00699000,-11.713
0.00699500,-11.734
0.00700000,-11.751
0.00700500,-11.769
0.00701000,-11.790
0.00701500,-11.816
0.00702000,-11.851
0.00702500,-11.872
0.00703000,-11.896
0.00703500,-11.917
0.00704000,-11.935
0.00704500,-11.953
0.00705000,-11.970
0.00705500,-11.998
0.00706000,-12.033
0.00706500,-12.054
0.00707000,-12.081
0.00707500,-12.102
0.00708000,-12.128
0.00708500,-12.136
0.00709000,-12.157
0.00709500,-12.184
0.00710000,-12.215
0.00710500,-12.244
0.00711000,-12.268
0.00711500,-12.287
0.00712000,-12.305
0.00712500,-12.328
0.00713000,-12.339
0.00713500,-12.365
0.00714000,-12.395
0.00714500,-12.426
0.00715000,-12.452
0.00715500,-12.476
0.00716000,-12.494
0.00716500,-12.508
0.00717000,-12.529
0.00717500,-12.550
0.00718000,-12.576
0.00718500,-12.606
0.00719000,-12.632
0.00719500,-12.656
0.00720000,-12.679
0.00720500,-12.693
0.00721000,-12.711
0.00721500,-12.733
0.00722000,-12.761
0.00722500,-12.795
0.00723000,-12.824
0.00723500,-12.846
0.00724000,-12.864
0.00724500,-12.878
0.00725000,-12.891
0.00725500,-12.917
0.00726000,-12.931
0.00726500,-12.964
0.00727000,-12.991
0.00727500,-13.025
0.00728000,-13.046
0.00728500,-13.065
0.00729000,-13.080
0.00729500,-13.097
0.00730000,-13.123
0.00730500,-13.150
0.00731000,-13.178
0.00731500,-13.207
0.00732000,-13.226
0.00732500,-13.245
0.00733000,-13.263
0.00733500,-13.281
0.00734000,-13.303
0.00734500,-13.327
0.00735000,-13.361
0.00735500,-13.390
0.00736000,-13.410
0.00736500,-13.424
0.00737000,-13.443
0.00737500,-13.463
0.00738000,-13.477
0.00738500,-13.505
0.00739000,-13.542
0.00739500,-13.564
0.00740000,-13.583
0.00740500,-13.598
0.00741000,-13.617
0.00741500,-13.640
0.00742000,-13.656
0.00742500,-13.682
0.00743000,-13.720
0.00743500,-13.749
0.00744000,-13.770
0.00744500,-13.793
0.00745000,-13.807
0.00745500,-13.826
0.00746000,-13.839
0.00746500,-13.859
0.00747000,-13.891
0.00747500,-13.920
0.00748000,-13.936
0.00748500,-13.960
0.00749000,-13.976
0.00749500,-13.996
0.00750000,-14.018
0.00750500,-14.034
0.00751000,-14.074
0.00751500,-14.099
0.00752000,-14.121
0.00752500,-14.140
0.00753000,-14.155
0.00753500,-14.171
0.00754000,-14.179
0.00754500,-14.202
0.00755000,-14.231
0.00755500,-14.266
0.00756000,-14.293
0.00756500,-14.305
0.00757000,-14.326
0.00757500,-14.345
0.00758000,-14.358
0.00758500,-14.380
0.00759000,-14.406
0.00759500,-14.438
0.00760000,-14.461
0.00760500,-14.480
0.00761000,-14.496
0.00761500,-14.509
0.00762000,-14.520
0.00762500,-14.536
0.00763000,-14.567
0.00763500,-14.591
0.00764000,-14.607
0.00764500,-14.631
0.00765000,-14.651
0.00765500,-14.667
0.00766000,-14.673
0.00766500,-14.693
0.00767000,-14.720
0.00767500,-14.738
0.00768000,-14.765
0.00768500,-14.789
0.00769000,-14.799
0.00769500,-14.815
0.00770000,-14.829
0.00770500,-14.837
0.00771000,-14.858
0.00771500,-14.881
0.00772000,-14.910
0.00772500,-14.931
0.00773000,-14.949
0.00773500,-14.960
0.00774000,-14.974
0.00774500,-14.987
0.00775000,-15.008
0.00775500,-15.032
0.00776000,-15.058
0.00776500,-15.074
0.00777000,-15.098
0.00777500,-15.108
0.00778000,-15.116
0.00778500,-15.130
0.00779000,-15.150
0.00779500,-15.176
0.00780000,-15.201
0.00780500,-15.217
0.00781000,-15.240
0.00781500,-15.254
0.00782000,-15.266
0.00782500,-15.280
0.00783000,-15.303
0.00783500,-15.325
0.00784000,-15.345
0.00784500,-15.370
0.00785000,-15.388
0.00785500,-15.398
0.00786000,-15.407
0.00786500,-15.420
0.00787000,-15.435
0.00787500,-15.454
0.00788000,-15.480
0.00788500,-15.504
0.00789000,-15.522
0.00789500,-15.536
0.00790000,-15.549
0.00790500,-15.565
0.00791000,-15.576
0.00791500,-15.600
0.00792000,-15.620
0.00792500,-15.644
0.00793000,-15.671
0.00793500,-15.678
0.00794000,-15.691
0.00794500,-15.702
0.00795000,-15.716
0.00795500,-15.726
0.00796000,-15.747
0.00796500,-15.774
0.00797000,-15.792
0.00797500,-15.805
0.00798000,-15.818
0.00798500,-15.824
0.00799000,-15.832
0.00799500,-15.844
0.00800000,-15.871
0.00800500,-15.887
0.00801000,-15.908
0.00801500,-15.918
0.00802000,-15.927
0.00802500,-15.937
0.00803000,-15.947
0.00803500,-15.951
0.00804000,-15.974
0.00804500,-16.011
0.00805000,-16.025
0.00805500,-16.032
0.00806000,-16.043
0.00806500,-16.059
0.00807000,-16.064
0.00807500,-16.069
0.00808000,-16.083
0.00808500,-16.104
0.00809000,-16.124
0.00809500,-16.133
0.00810000,-16.148
0.00810500,-16.164
0.00811000,-16.169
0.00811500,-16.178
0.00812000,-16.190
0.00812500,-16.214
0.00813000,-16.235
0.00813500,-16.252
0.00814000,-16.261
0.00814500,-16.269
0.00815000,-16.280
0.00815500,-16.286
0.00816000,-16.296
0.00816500,-16.318
0.00817000,-16.339
0.00817500,-16.351
0.00818000,-16.368
0.00818500,-16.372
0.00819000,-16.378
0.00819500,-16.384
0.00820000,-16.397
0.00820500,-16.413
0.00821000,-16.439
0.00821500,-16.452
0.00822000,-16.470
0.00822500,-16.478
0.00823000,-16.484
0.00823500,-16.489
0.00824000,-16.502
0.00824500,-16.512
0.00825000,-16.536
0.00825500,-16.554
0.00826000,-16.563
0.00826500,-16.579
0.00827000,-16.586
0.00827500,-16.600
0.00828000,-16.607
0.00828500,-16.628
0.00829000,-16.647
0.00829500,-16.658
0.00830000,-16.673
0.00830500,-16.686
0.00831000,-16.697
0.00831500,-16.687
0.00832000,-16.697
0.00832500,-16.710
0.00833000,-16.734
0.00833500,-16.755
0.00834000,-16.766
0.00834500,-16.789
0.00835000,-16.800
0.00835500,-16.805
0.00836000,-16.816
0.00836500,-16.837
0.00837000,-16.847
0.00837500,-16.872
0.00838000,-16.890
0.00838500,-16.900
0.00839000,-16.898
0.00839500,-16.911
0.00840000,-16.911
0.00840500,-16.927
0.00841000,-16.953
0.00841500,-16.969
0.00842000,-16.990
0.00842500,-16.995
0.00843000,-17.007
0.00843500,-17.012
0.00844000,-17.016
0.00844500,-17.036
0.00845000,-17.049
0.00845500,-17.072
0.00846000,-17.096
0.00846500,-17.112
0.00847000,-17.120
0.00847500,-17.130
0.00848000,-17.130
0.00848500,-17.135
0.00849000,-17.149
0.00849500,-17.164
0.00850000,-17.177
0.00850500,-17.196
0.00851000,-17.202
0.00851500,-17.209
0.00852000,-17.223
0.00852500,-17.238
0.00853000,-17.252
0.00853500,-17.270
0.00854000,-17.299
0.00854500,-17.315
0.00855000,-17.321
0.00855500,-17.334
0.00856000,-17.339
0.00856500,-17.336
0.00857000,-17.346
0.00857500,-17.358
0.00858000,-17.379
0.00858500,-17.392
0.00859000,-17.405
0.00859500,-17.420
0.00860000,-17.431
0.00860500,-17.441
0.00861000,-17.455
0.00861500,-17.473
0.00862000,-17.494
0.00862500,-17.507
0.00863000,-17.511
0.00863500,-17.519
0.00864000,-17.529
0.00864500,-17.536
0.00865000,-17.537
0.00865500,-17.547
0.00866000,-17.569
0.00866500,-17.582
0.00867000,-17.593
0.00867500,-17.592
0.00868000,-17.593
0.00868500,-17.592
0.00869000,-17.593
0.00869500,-17.598
0.00870000,-17.618
0.00870500,-17.627
0.00871000,-17.635
0.00871500,-17.647
0.00872000,-17.651
0.00872500,-17.651
0.00873000,-17.651
0.00873500,-17.661
0.00874000,-17.685
0.00874500,-17.703
0.00875000,-17.708
0.00875500,-17.708
0.00876000,-17.711
0.00876500,-17.716
0.00877000,-17.713
0.00877500,-17.722
0.00878000,-17.730
0.00878500,-17.750
0.00879000,-17.758
0.00879500,-17.764
0.00880000,-17.772
0.00880500,-17.766
0.00881000,-17.769
0.00881500,-17.771
0.00882000,-17.788
0.00882500,-17.804
0.00883000,-17.811
0.00883500,-17.827
0.00884000,-17.825
0.00884500,-17.827
0.00885000,-17.832
0.00885500,-17.832
0.00886000,-17.846
0.00886500,-17.859
0.00887000,-17.877
0.00887500,-17.882
0.00888000,-17.886
0.00888500,-17.893
0.00889000,-17.885
0.00889500,-17.885
0.00890000,-17.890
0.00890500,-17.904
0.00891000,-17.914
0.00891500,-17.912
0.00892000,-17.920
0.00892500,-17.922
0.00893000,-17.927
0.00893500,-17.935
0.00894000,-17.938
0.00894500,-17.951
0.00895000,-17.969
0.00895500,-17.975
0.00896000,-17.983
0.00896500,-17.980
0.00897000,-17.978
0.00897500,-17.969
0.00898000,-17.980
0.00898500,-17.986
0.00899000,-17.999
0.00899500,-18.006
0.00900000,-18.018
0.00900500,-18.010
0.00901000,-18.009
0.00901500,-18.015
0.00902000,-18.015
0.00902500,-18.022
0.00903000,-18.030
0.00903500,-18.041
0.00904000,-18.041
0.00904500,-18.043
0.00905000,-18.041
0.00905500,-18.043
0.00906000,-18.047
0.00906500,-18.055
0.00907000,-18.067
0.00907500,-18.081
0.00908000,-18.076
0.00908500,-18.073
0.00909000,-18.068
0.00909500,-18.059
0.00910000,-18.064
0.00910500,-18.065
0.00911000,-18.072
0.00911500,-18.080
0.00912000,-18.086
0.00912500,-18.089
0.00913000,-18.093
0.00913500,-18.094
0.00914000,-18.091
0.00914500,-18.097
0.00915000,-18.112
0.00915500,-18.121
0.00916000,-18.126
0.00916500,-18.126
0.00917000,-18.118
0.00917500,-18.117
0.00918000,-18.112
0.00918500,-18.112
0.00919000,-18.126
0.00919500,-18.141
0.00920000,-18.142
0.00920500,-18.144
0.00921000,-18.142
0.00921500,-18.142
0.00922000,-18.139
0.00922500,-18.133
0.00923000,-18.147
0.00923500,-18.152
0.00924000,-18.157
0.00924500,-18.155
0.00925000,-18.157
0.00925500,-18.155
0.00926000,-18.157
0.00926500,-18.163
0.00927000,-18.170
0.00927500,-18.181
0.00928000,-18.192
0.00928500,-18.192
0.00929000,-18.191
0.00929500,-18.191
0.00930000,-18.187
0.00930500,-18.181
0.00931000,-18.189
0.00931500,-18.200
0.00932000,-18.210
0.00932500,-18.215
0.00933000,-18.218
0.00933500,-18.225
0.00934000,-18.208
0.00934500,-18.207
0.00935000,-18.212
0.00935500,-18.223
0.00936000,-18.231
0.00936500,-18.234
0.00937000,-18.237
0.00937500,-18.247
0.00938000,-18.239
0.00938500,-18.229
0.00939000,-18.233
0.00939500,-18.245
0.00940000,-18.255
0.00940500,-18.255
0.00941000,-18.253
0.00941500,-18.250
0.00942000,-18.241
0.00942500,-18.236
0.00943000,-18.236
0.00943500,-18.244
0.00944000,-18.253
0.00944500,-18.263
0.00945000,-18.271
0.00945500,-18.266
0.00946000,-18.265
0.00946500,-18.263
0.00947000,-18.260
0.00947500,-18.266
0.00948000,-18.281
0.00948500,-18.286
0.00949000,-18.289
0.00949500,-18.286
0.00950000,-18.278
0.00950500,-18.268
0.00951000,-18.273
0.00951500,-18.279
0.00952000,-18.294
0.00952500,-18.302
0.00953000,-18.300
0.00953500,-18.305
0.00954000,-18.297
0.00954500,-18.292
0.00955000,-18.284
0.00955500,-18.284
0.00956000,-18.294
0.00956500,-18.300
0.00957000,-18.300
0.00957500,-18.305
0.00958000,-18.300
0.00958500,-18.294
0.00959000,-18.294
0.00959500,-18.294
0.00960000,-18.305
0.00960500,-18.315
0.00961000,-18.328
0.00961500,-18.323
0.00962000,-18.321
0.00962500,-18.318
0.00963000,-18.308
0.00963500,-18.311
0.00964000,-18.307
0.00964500,-18.323
0.00965000,-18.326
0.00965500,-18.326
0.00966000,-18.328
0.00966500,-18.326
0.00967000,-18.319
0.00967500,-18.328
0.00968000,-18.332
0.00968500,-18.334
0.00969000,-18.347
0.00969500,-18.348
0.00970000,-18.345
0.00970500,-18.342
0.00971000,-18.344
0.00971500,-18.344
0.00972000,-18.347
0.00972500,-18.358
0.00973000,-18.368
0.00973500,-18.368
0.00974000,-18.366
0.00974500,-18.363
0.00975000,-18.360
0.00975500,-18.357
0.00976000,-18.353
0.00976500,-18.360
0.00977000,-18.368
0.00977500,-18.365
0.00978000,-18.352
0.00978500,-18.352
0.00979000,-18.357
0.00979500,-18.358
0.00980000,-18.357
0.00980500,-18.373
0.00981000,-18.382
0.00981500,-18.387
0.00982000,-18.389
0.00982500,-18.381
0.00983000,-18.377
0.00983500,-18.371
0.00984000,-18.376
0.00984500,-18.389
0.00985000,-18.398
0.00985500,-18.406
0.00986000,-18.406
0.00986500,-18.400
0.00987000,-18.392
0.00987500,-18.389
0.00988000,-18.387
0.00988500,-18.377
0.00989000,-18.398
0.00989500,-18.403
0.00990000,-18.406
0.00990500,-18.405
0.00991000,-18.406
0.00991500,-18.397
0.00992000,-18.395
0.00992500,-18.394
0.00993000,-18.419
0.00993500,-18.413
0.00994000,-18.416
0.00994500,-18.418
0.00995000,-18.414
0.00995500,-18.413
0.00996000,-18.418
0.00996500,-18.413
0.00997000,-18.421
0.00997500,-18.434
0.00998000,-18.432
0.00998500,-18.434
0.00999000,-18.429
0.00999500,-18.421
0.01000000,-18.414
0.01000500,-18.414
0.01001000,-18.419
0.01001500,-18.423
0.01002000,-18.423
0.01002500,-18.431
0.01003000,-18.432
0.01003500,-18.429
0.01004000,-18.424
0.01004500,-18.434
0.01005000,-18.443
0.01005500,-18.460
0.01006000,-18.461
0.01006500,-18.461
0.01007000,-18.460
0.01007500,-18.448
0.01008000,-18.447
0.01008500,-18.442
0.01009000,-18.440
0.01009500,-18.447
0.01010000,-18.456
0.01010500,-18.453
0.01011000,-18.448
0.01011500,-18.442
0.01012000,-18.432
0.01012500,-18.434
0.01013000,-18.439
0.01013500,-18.447
0.01014000,-18.456
0.01014500,-18.461
0.01015000,-18.466
0.01015500,-18.463
0.01016000,-18.455
0.01016500,-18.451
0.01017000,-18.455
0.01017500,-18.464
0.01018000,-18.471
0.01018500,-18.466
0.01019000,-18.468
0.01019500,-18.456
0.01020000,-18.450
0.01020500,-18.448
0.01021000,-18.447
0.01021500,-18.448
0.01022000,-18.461
0.01022500,-18.468
0.01023000,-18.464
0.01023500,-18.464
0.01024000,-18.460
0.01024500,-18.451
0.01025000,-18.458
0.01025500,-18.464
0.01026000,-18.471
0.01026500,-18.471
0.01027000,-18.472
0.01027500,-18.469
0.01028000,-18.455
0.01028500,-18.451
0.01029000,-18.453
0.01029500,-18.450
0.01030000,-18.461
0.01030500,-18.472
0.01031000,-18.472
0.01031500,-18.479
0.01032000,-18.469
0.01032500,-18.466
0.01033000,-18.460
0.01033500,-18.458
0.01034000,-18.463
0.01034500,-18.472
0.01035000,-18.474
0.01035500,-18.472
0.01036000,-18.474
0.01036500,-18.463
0.01037000,-18.456
0.01037500,-18.453
0.01038000,-18.461
0.01038500,-18.464
0.01039000,-18.469
0.01039500,-18.460
0.01040000,-18.460
0.01040500,-18.453
0.01041000,-18.440
0.01041500,-18.445
0.01042000,-18.453
0.01042500,-18.456
0.01043000,-18.461
0.01043500,-18.464
0.01044000,-18.466
0.01044500,-18.455
0.01045000,-18.447
0.01045500,-18.440
0.01046000,-18.439
0.01046500,-18.448
0.01047000,-18.453
0.01047500,-18.448
0.01048000,-18.447
0.01048500,-18.445
0.01049000,-18.439
0.01049500,-18.434
0.01050000,-18.437
0.01050500,-18.442
0.01051000,-18.443
0.01051500,-18.443
0.01052000,-18.439
0.01052500,-18.426
0.01053000,-18.419
0.01053500,-18.413
0.01054000,-18.410
0.01054500,-18.418
0.01055000,-18.424
0.01055500,-18.429
0.01056000,-18.423
0.01056500,-18.419
0.01057000,-18.414
0.01057500,-18.405
0.01058000,-18.403
0.01058500,-18.406
0.01059000,-18.408
0.01059500,-18.402
0.01060000,-18.402
0.01060500,-18.392
0.01061000,-18.387
0.01061500,-18.384
0.01062000,-18.377
0.01062500,-18.384
0.01063000,-18.385
0.01063500,-18.384
0.01064000,-18.376
0.01064500,-18.368
0.01065000,-18.355
0.01065500,-18.347
0.01066000,-18.344
0.01066500,-18.344
0.01067000,-18.345
0.01067500,-18.339
0.01068000,-18.340
0.01068500,-18.326
0.01069000,-18.311
0.01069500,-18.300
0.01070000,-18.294
0.01070500,-18.289
0.01071000,-18.284
0.01071500,-18.284
0.01072000,-18.287
0.01072500,-18.278
0.01073000,-18.279
0.01073500,-18.266
0.01074000,-18.252
0.01074500,-18.253
0.01075000,-18.253
0.01075500,-18.249
0.01076000,-18.239
0.01076500,-18.228
0.01077000,-18.210
0.01077500,-18.197
0.01078000,-18.187
0.01078500,-18.175
0.01079000,-18.170
0.01079500,-18.173
0.01080000,-18.171
0.01080500,-18.160
0.01081000,-18.147
0.01081500,-18.136
0.01082000,-18.120
0.01082500,-18.109
0.01083000,-18.099
0.01083500,-18.089
0.01084000,-18.086
0.01084500,-18.073
0.01085000,-18.055
0.01085500,-18.036
0.01086000,-18.018
0.01086500,-18.009
0.01087000,-17.999
0.01087500,-17.998
0.01088000,-17.996
0.01088500,-17.986
0.01089000,-17.967
0.01089500,-17.954
0.01090000,-17.946
0.01090500,-17.932
0.01091000,-17.919
0.01091500,-17.919
0.01092000,-17.914
0.01092500,-17.903
0.01093000,-17.893
0.01093500,-17.875
0.01094000,-17.859
0.01094500,-17.837
0.01095000,-17.828
0.01095500,-17.819
0.01096000,-17.809
0.01096500,-17.803
0.01097000,-17.787
0.01097500,-17.771
0.01098000,-17.750
0.01098500,-17.732
0.01099000,-17.716
0.01099500,-17.711
0.01100000,-17.706
0.01100500,-17.693
0.01101000,-17.679
0.01101500,-17.664
0.01102000,-17.650
0.01102500,-17.632
0.01103000,-17.618
0.01103500,-17.614
0.01104000,-17.618
0.01104500,-17.605
0.01105000,-17.595
0.01105500,-17.573
0.01106000,-17.555
0.01106500,-17.536
0.01107000,-17.521
0.01107500,-17.513
0.01108000,-17.513
0.01108500,-17.505
0.01109000,-17.484
0.01109500,-17.473
0.01110000,-17.452
0.01110500,-17.437
0.01111000,-17.418
0.01111500,-17.413
0.01112000,-17.410
0.01112500,-17.400
0.01113000,-17.389
0.01113500,-17.375
0.01114000,-17.358
0.01114500,-17.341
0.01115000,-17.320
0.01115500,-17.313
0.01116000,-17.313
0.01116500,-17.307
0.01117000,-17.296
0.01117500,-17.289
0.01118000,-17.276
0.01118500,-17.249
0.01119000,-17.231
0.01119500,-17.217
0.01120000,-17.210
0.01120500,-17.201
0.01121000,-17.191
0.01121500,-17.173
0.01122000,-17.164
0.01122500,-17.143
0.01123000,-17.123
0.01123500,-17.115
0.01124000,-17.109
0.01124500,-17.099
0.01125000,-17.086
0.01125500,-17.072
0.01126000,-17.064
0.01126500,-17.041
0.01127000,-17.019
0.01127500,-17.011
0.01128000,-17.001
0.01128500,-16.988
0.01129000,-16.988
0.01129500,-16.975
0.01130000,-16.959
0.01130500,-16.937
0.01131000,-16.922
0.01131500,-16.904
0.01132000,-16.900
0.01132500,-16.892
0.01133000,-16.888
0.01133500,-16.875
0.01134000,-16.863
0.01134500,-16.847
0.01135000,-16.826
0.01135500,-16.808
0.01136000,-16.797
0.01136500,-16.782
0.01137000,-16.777
0.01137500,-16.769
0.01138000,-16.740
0.01138500,-16.716
0.01139000,-16.705
0.01139500,-16.687
0.01140000,-16.674
0.01140500,-16.666
0.01141000,-16.660
0.01141500,-16.663
0.01142000,-16.645
0.01142500,-16.631
0.01143000,-16.618
0.01143500,-16.594
0.01144000,-16.578
0.01144500,-16.574
0.01145000,-16.563
0.01145500,-16.545
0.01146000,-16.536
0.01146500,-16.508
0.01147000,-16.492
0.01147500,-16.471
0.01148000,-16.450
0.01148500,-16.441
0.01149000,-16.436
0.01149500,-16.420
0.01150000,-16.410
0.01150500,-16.396
0.01151000,-16.383
0.01151500,-16.364
0.01152000,-16.347
0.01152500,-16.338
0.01153000,-16.333
0.01153500,-16.320
0.01154000,-16.309
0.01154500,-16.288
0.01155000,-16.259
0.01155500,-16.232
0.01156000,-16.212
0.01156500,-16.195
0.01157000,-16.186
0.01157500,-16.186
0.01158000,-16.172
0.01158500,-16.154
0.01159000,-16.137
0.01159500,-16.111
0.01160000,-16.087
0.01160500,-16.069
0.01161000,-16.063
0.01161500,-16.061
0.01162000,-16.040
0.01162500,-16.019
0.01163000,-16.003
0.01163500,-15.974
0.01164000,-15.953
0.01164500,-15.939
0.01165000,-15.929
0.01165500,-15.922
0.01166000,-15.906
0.01166500,-15.884
0.01167000,-15.868
0.01167500,-15.852
0.01168000,-15.824
0.01168500,-15.805
0.01169000,-15.794
0.01169500,-15.792
0.01170000,-15.774
0.01170500,-15.758
0.01171000,-15.739
0.01171500,-15.718
0.01172000,-15.692
0.01172500,-15.675
0.01173000,-15.652
0.01173500,-15.647
0.01174000,-15.631
0.01174500,-15.610
0.01175000,-15.596
0.01175500,-15.570
0.01176000,-15.544
0.01176500,-15.522
0.01177000,-15.506
0.01177500,-15.509
0.01178000,-15.489
0.01178500,-15.475
0.01179000,-15.464
0.01179500,-15.435
0.01180000,-15.411
0.01180500,-15.383
0.01181000,-15.362
0.01181500,-15.348
0.01182000,-15.330
0.01182500,-15.319
0.01183000,-15.298
0.01183500,-15.275
0.01184000,-15.254
0.01184500,-15.227
0.01185000,-15.216
0.01185500,-15.198
0.01186000,-15.188
0.01186500,-15.171
0.01187000,-15.150
0.01187500,-15.129
0.01188000,-15.110
0.01188500,-15.082
0.01189000,-15.060
0.01189500,-15.050
0.01190000,-15.040
0.01190500,-15.024
0.01191000,-15.003
0.01191500,-14.984
0.01192000,-14.961
0.01192500,-14.937
0.01193000,-14.915
0.01193500,-14.897
0.01194000,-14.886
0.01194500,-14.873
0.01195000,-14.857
0.01195500,-14.829
0.01196000,-14.805
0.01196500,-14.779
0.01197000,-14.760
0.01197500,-14.741
0.01198000,-14.718
0.01198500,-14.709
0.01199000,-14.693
0.01199500,-14.664
0.01200000,-14.647
0.01200500,-14.625
0.01201000,-14.599
0.01201500,-14.578
0.01202000,-14.577
0.01202500,-14.564
0.01203000,-14.544
0.01203500,-14.530
0.01204000,-14.503
0.01204500,-14.478
0.01205000,-14.461
0.01205500,-14.432
0.01206000,-14.414
0.01206500,-14.406
0.01207000,-14.393
0.01207500,-14.364
0.01208000,-14.345
0.01208500,-14.329
0.01209000,-14.297
0.01209500,-14.280
0.01210000,-14.264
0.01210500,-14.250
0.01211000,-14.242
0.01211500,-14.216
0.01212000,-14.190
0.01212500,-14.161
0.01213000,-14.142
0.01213500,-14.115
0.01214000,-14.092
0.01214500,-14.089
0.01215000,-14.073
0.01215500,-14.047
0.01216000,-14.031
0.01216500,-14.013
0.01217000,-13.989
0.01217500,-13.960
0.01218000,-13.941
0.01218500,-13.926
0.01219000,-13.913
0.01219500,-13.896
0.01220000,-13.870
0.01220500,-13.847
0.01221000,-13.823
0.01221500,-13.789
0.01222000,-13.770
0.01222500,-13.757
0.01223000,-13.746
0.01223500,-13.722
0.01224000,-13.701
0.01224500,-13.683
0.01225000,-13.664
0.01225500,-13.637
0.01226000,-13.606
0.01226500,-13.590
0.01227000,-13.575
0.01227500,-13.559
0.01228000,-13.540
0.01228500,-13.516
0.01229000,-13.485
0.01229500,-13.463
0.01230000,-13.442
0.01230500,-13.426
0.01231000,-13.411
0.01231500,-13.393
0.01232000,-13.364
0.01232500,-13.347
0.01233000,-13.319
0.01233500,-13.289
0.01234000,-13.258
0.01234500,-13.245
0.01235000,-13.234
0.01235500,-13.210
0.01236000,-13.189
0.01236500,-13.168
0.01237000,-13.134
0.01237500,-13.108
0.01238000,-13.084
0.01238500,-13.065
0.01239000,-13.052
0.01239500,-13.036
0.01240000,-13.009
0.01240500,-12.983
0.01241000,-12.956
0.01241500,-12.925
0.01242000,-12.894
0.01242500,-12.875
0.01243000,-12.862
0.01243500,-12.841
0.01244000,-12.820
0.01244500,-12.804
0.01245000,-12.775
0.01245500,-12.743
0.01246000,-12.716
0.01246500,-12.688
0.01247000,-12.677
0.01247500,-12.656
0.01248000,-12.640
0.01248500,-12.606
0.01249000,-12.585
0.01249500,-12.555
0.01250000,-12.532
0.01250500,-12.506
0.01251000,-12.489
0.01251500,-12.469
0.01252000,-12.450
0.01252500,-12.429
0.01253000,-12.400
0.01253500,-12.368
0.01254000,-12.331
0.01254500,-12.315
0.01255000,-12.291
0.01255500,-12.267
0.01256000,-12.247
0.01256500,-12.226
0.01257000,-12.201
0.01257500,-12.168
0.01258000,-12.149
0.01258500,-12.120
0.01259000,-12.099
0.01259500,-12.083
0.01260000,-12.067
0.01260500,-12.043
0.01261000,-12.012
0.01261500,-11.986
0.01262000,-11.951
0.01262500,-11.927
0.01263000,-11.901
0.01263500,-11.882
0.01264000,-11.867
0.01264500,-11.848
0.01265000,-11.816
0.01265500,-11.795
0.01266000,-11.764
0.01266500,-11.735
0.01267000,-11.706
0.01267500,-11.690
0.01268000,-11.674
0.01268500,-11.642
0.01269000,-11.613
0.01269500,-11.586
0.01270000,-11.557
0.01270500,-11.529
0.01271000,-11.507
0.01271500,-11.487
0.01272000,-11.473
0.01272500,-11.452
0.01273000,-11.426
0.01273500,-11.399
0.01274000,-11.373
0.01274500,-11.341
0.01275000,-11.309
0.01275500,-11.286
0.01276000,-11.268
0.01276500,-11.252
0.01277000,-11.225
0.01277500,-11.204
0.01278000,-11.180
0.01278500,-11.153
0.01279000,-11.120
0.01279500,-11.091
0.01280000,-11.083
0.01280500,-11.062
0.01281000,-11.038
0.01281500,-11.016
0.01282000,-10.980
0.01282500,-10.950
0.01283000,-10.921
0.01283500,-10.898
0.01284000,-10.877
0.01284500,-10.871
0.01285000,-10.843
0.01285500,-10.819
0.01286000,-10.795
0.01286500,-10.763
0.01287000,-10.728
0.01287500,-10.703
0.01288000,-10.689
0.01288500,-10.678
0.01289000,-10.658
0.01289500,-10.629
0.01290000,-10.600
0.01290500,-10.578
0.01291000,-10.544
0.01291500,-10.517
0.01292000,-10.497
0.01292500,-10.486
0.01293000,-10.462
0.01293500,-10.438
0.01294000,-10.412
0.01294500,-10.378
0.01295000,-10.346
0.01295500,-10.325
0.01296000,-10.301
0.01296500,-10.282
0.01297000,-10.262
0.01297500,-10.240
0.01298000,-10.217
0.01298500,-10.180
0.01299000,-10.153
0.01299500,-10.121
0.01300000,-10.103
0.01300500,-10.080
0.01301000,-10.063
0.01301500,-10.040
0.01302000,-10.010
0.01302500,-9.981
0.01303000,-9.950
0.01303500,-9.921
0.01304000,-9.897
0.01304500,-9.878
0.01305000,-9.857
0.01305500,-9.834
0.01306000,-9.805
0.01306500,-9.778
0.01307000,-9.741
0.01307500,-9.710
0.01308000,-9.692
0.01308500,-9.665
0.01309000,-9.651
0.01309500,-9.626
0.01310000,-9.597
0.01310500,-9.570
0.01311000,-9.538
0.01311500,-9.511
0.01312000,-9.475
0.01312500,-9.459
0.01313000,-9.443
0.01313500,-9.414
0.01314000,-9.391
0.01314500,-9.354
0.01315000,-9.324
0.01315500,-9.295
0.01316000,-9.264
0.01316500,-9.238
0.01317000,-9.218
0.01317500,-9.203
0.01318000,-9.172
0.01318500,-9.140
0.01319000,-9.108
0.01319500,-9.076
0.01320000,-9.039
0.01320500,-9.020
0.01321000,-8.995
0.01321500,-8.978
0.01322000,-8.954
0.01322500,-8.920
0.01323000,-8.889
0.01323500,-8.859
0.01324000,-8.823
0.01324500,-8.796
0.01325000,-8.778
0.01325500,-8.759
0.01326000,-8.730
0.01326500,-8.704
0.01327000,-8.675
0.01327500,-8.638
0.01328000,-8.609
0.01328500,-8.578
0.01329000,-8.558
0.01329500,-8.543
0.01330000,-8.517
0.01330500,-8.492
0.01331000,-8.456
0.01331500,-8.424
0.01332000,-8.397
0.01332500,-8.363
0.01333000,-8.340
0.01333500,-8.331
0.01334000,-8.298
0.01334500,-8.273
0.01335000,-8.244
0.01335500,-8.216
0.01336000,-8.181
0.01336500,-8.152
0.01337000,-8.128
0.01337500,-8.110
0.01338000,-8.094
0.01338500,-8.059
0.01339000,-8.031
0.01339500,-8.002
0.01340000,-7.975
0.01340500,-7.933
0.01341000,-7.912
0.01341500,-7.898
0.01342000,-7.878
0.01342500,-7.849
0.01343000,-7.822
0.01343500,-7.791
0.01344000,-7.759
0.01344500,-7.724
0.01345000,-7.698
0.01345500,-7.690
0.01346000,-7.669
0.01346500,-7.637
0.01347000,-7.614
0.01347500,-7.584
0.01348000,-7.550
0.01348500,-7.518
0.01349000,-7.487
0.01349500,-7.471
0.01350000,-7.460
0.01350500,-7.431
0.01351000,-7.397
0.01351500,-7.374
0.01352000,-7.339
0.01352500,-7.305
0.01353000,-7.276
0.01353500,-7.260
0.01354000,-7.239
0.01354500,-7.217
0.01355000,-7.192
0.01355500,-7.163
0.01356000,-7.128
0.01356500,-7.097
0.01357000,-7.065
0.01357500,-7.049
0.01358000,-7.028
0.01358500,-7.004
0.01359000,-6.980
0.01359500,-6.951
0.01360000,-6.924
0.01360500,-6.887
0.01361000,-6.856
0.01361500,-6.837
0.01362000,-6.817
0.01362500,-6.790
0.01363000,-6.771
0.01363500,-6.742
0.01364000,-6.708
0.01364500,-6.679
0.01365000,-6.645
0.01365500,-6.621
0.01366000,-6.603
0.01366500,-6.581
0.01367000,-6.550
0.01367500,-6.524
0.01368000,-6.497
0.01368500,-6.462
0.01369000,-6.429
0.01369500,-6.399
0.01370000,-6.379
0.01370500,-6.365
0.01371000,-6.333
0.01371500,-6.312
0.01372000,-6.280
0.01372500,-6.244
0.01373000,-6.212
0.01373500,-6.185
0.01374000,-6.165
0.01374500,-6.140
0.01375000,-6.120
0.01375500,-6.090
0.01376000,-6.053
0.01376500,-6.029
0.01377000,-5.995
0.01377500,-5.964
0.01378000,-5.942
0.01378500,-5.919
0.01379000,-5.897
0.01379500,-5.868
0.01380000,-5.842
0.01380500,-5.805
0.01381000,-5.774
0.01381500,-5.748
0.01382000,-5.716
0.01382500,-5.699
0.01383000,-5.678
0.01383500,-5.655
0.01384000,-5.623
0.01384500,-5.587
0.01385000,-5.557
0.01385500,-5.523
0.01386000,-5.492
0.01386500,-5.480
0.01387000,-5.451
0.01387500,-5.435
0.01388000,-5.406
0.01388500,-5.372
0.01389000,-5.336
0.01389500,-5.312
0.01390000,-5.280
0.01390500,-5.256
0.01391000,-5.237
0.01391500,-5.220
0.01392000,-5.185
0.01392500,-5.154
0.01393000,-5.127
0.01393500,-5.093
0.01394000,-5.055
0.01394500,-5.043
0.01395000,-5.027
0.01395500,-5.006
0.01396000,-4.971
0.01396500,-4.947
0.01397000,-4.915
0.01397500,-4.878
0.01398000,-4.849
0.01398500,-4.828
0.01399000,-4.816
0.01399500,-4.784
0.01400000,-4.760
0.01400500,-4.733
0.01401000,-4.699
0.01401500,-4.673
0.01402000,-4.639
0.01402500,-4.617
0.01403000,-4.596
0.01403500,-4.580
0.01404000,-4.551
0.01404500,-4.522
0.01405000,-4.499
0.01405500,-4.461
0.01406000,-4.422
0.01406500,-4.399
0.01407000,-4.378
0.01407500,-4.361
0.01408000,-4.340
0.01408500,-4.309
0.01409000,-4.285
0.01409500,-4.248
0.01410000,-4.213
0.01410500,-4.180
0.01411000,-4.168
0.01411500,-4.150
0.01412000,-4.121
0.01412500,-4.095
0.01413000,-4.061
0.01413500,-4.028
0.01414000,-3.995
0.01414500,-3.970
0.01415000,-3.947
0.01415500,-3.928
0.01416000,-3.902
0.01416500,-3.876
0.01417000,-3.846
0.01417500,-3.809
0.01418000,-3.776
0.01418500,-3.744
0.01419000,-3.722
0.01419500,-3.698
0.01420000,-3.678
0.01420500,-3.656
0.01421000,-3.620
0.01421500,-3.586
0.01422000,-3.553
0.01422500,-3.517
0.01423000,-3.495
0.01423500,-3.466
0.01424000,-3.450
0.01424500,-3.421
0.01425000,-3.393
0.01425500,-3.355
0.01426000,-3.324
0.01426500,-3.285
0.01427000,-3.264
0.01427500,-3.237
0.01428000,-3.219
0.01428500,-3.190
0.01429000,-3.158
0.01429500,-3.128
0.01430000,-3.095
0.01430500,-3.063
0.01431000,-3.034
0.01431500,-3.010
0.01432000,-2.983
0.01432500,-2.959
0.01433000,-2.934
0.01433500,-2.899
0.01434000,-2.867
0.01434500,-2.833
0.01435000,-2.806
0.01435500,-2.777
0.01436000,-2.762
0.01436500,-2.736
0.01437000,-2.703
0.01437500,-2.675
0.01438000,-2.643
0.01438500,-2.606
0.01439000,-2.582
0.01439500,-2.559
0.01440000,-2.527
0.01440500,-2.511
0.01441000,-2.482
0.01441500,-2.455
0.01442000,-2.418
0.01442500,-2.392
0.01443000,-2.350
0.01443500,-2.326
0.01444000,-2.313
0.01444500,-2.287
0.01445000,-2.255
0.01445500,-2.231
0.01446000,-2.191
0.01446500,-2.163
0.01447000,-2.130
0.01447500,-2.105
0.01448000,-2.078
0.01448500,-2.054
0.01449000,-2.035
0.01449500,-1.994
0.01450000,-1.972
0.01450500,-1.940
0.01451000,-1.903
0.01451500,-1.875
0.01452000,-1.858
0.01452500,-1.837
0.01453000,-1.804
0.01453500,-1.772
0.01454000,-1.740
0.01454500,-1.709
0.01455000,-1.674
0.01455500,-1.647
0.01456000,-1.624
0.01456500,-1.605
0.01457000,-1.577
0.01457500,-1.548
0.01458000,-1.519
0.01458500,-1.489
0.01459000,-1.455
0.01459500,-1.418
0.01460000,-1.395
0.01460500,-1.376
0.01461000,-1.352
0.01461500,-1.318
0.01462000,-1.291
0.01462500,-1.260
0.01463000,-1.220
0.01463500,-1.186
0.01464000,-1.162
0.01464500,-1.140
0.01465000,-1.114
0.01465500,-1.088
0.01466000,-1.057
0.01466500,-1.025
0.01467000,-0.991
0.01467500,-0.954
0.01468000,-0.922
0.01468500,-0.908
0.01469000,-0.880
0.01469500,-0.851
0.01470000,-0.819
0.01470500,-0.789
0.01471000,-0.752
0.01471500,-0.716
0.01472000,-0.690
0.01472500,-0.666
0.01473000,-0.644
0.01473500,-0.620
0.01474000,-0.587
0.01474500,-0.549
0.01475000,-0.521
0.01475500,-0.483
0.01476000,-0.449
0.01476500,-0.426
0.01477000,-0.401
0.01477500,-0.380
0.01478000,-0.343
0.01478500,-0.314
0.01479000,-0.272
0.01479500,-0.236
0.01480000,-0.203
0.01480500,-0.180
0.01481000,-0.156
0.01481500,-0.129
0.01482000,-0.106
0.01482500,-0.067
0.01483000,-0.030
0.01483500,0.003
0.01484000,0.042
0.01484500,0.065
0.01485000,0.087
0.01485500,0.115
0.01486000,0.145
0.01486500,0.174
0.01487000,0.209
0.01487500,0.251
0.01488000,0.277
0.01488500,0.311
0.01489000,0.337
0.01489500,0.353
0.01490000,0.388
0.01490500,0.417
0.01491000,0.454
0.01491500,0.490
0.01492000,0.523
0.01492500,0.557
0.01493000,0.580
0.01493500,0.597
0.01494000,0.626
0.01494500,0.663
0.01495000,0.696
0.01495500,0.733
0.01496000,0.775
0.01496500,0.807
0.01497000,0.829
0.01497500,0.857
0.01498000,0.882
0.01498500,0.915
0.01499000,0.945
0.01499500,0.976
0.01500000,1.013
0.01500500,1.058
0.01501000,1.077
0.01501500,1.095
0.01502000,1.121
0.01502500,1.158
0.01503000,1.183
0.01503500,1.220
0.01504000,1.264
0.01504500,1.296
0.01505000,1.317
0.01505500,1.338
0.01506000,1.361
0.01506500,1.391
0.01507000,1.417
0.01507500,1.454
0.01508000,1.491
0.01508500,1.523
0.01509000,1.549
0.01509500,1.570
0.01510000,1.592
0.01510500,1.620
0.01511000,1.649
0.01511500,1.678
0.01512000,1.713
0.01512500,1.748
0.01513000,1.774
0.01513500,1.797
0.01514000,1.824
0.01514500,1.843
0.01515000,1.864
0.01515500,1.905
0.01516000,1.932
0.01516500,1.964
0.01517000,1.995
0.01517500,2.029
0.01518000,2.038
0.01518500,2.061
0.01519000,2.090
0.01519500,2.125
0.01520000,2.156
0.01520500,2.190
0.01521000,2.215
0.01521500,2.244
0.01522000,2.267
0.01522500,2.283
0.01523000,2.315
0.01523500,2.341
0.01524000,2.378
0.01524500,2.409
0.01525000,2.439
0.01525500,2.468
0.01526000,2.487
0.01526500,2.507
0.01527000,2.534
0.01527500,2.566
0.01528000,2.595
0.01528500,2.635
0.01529000,2.664
0.01529500,2.692
0.01530000,2.719
0.01530500,2.737
0.01531000,2.766
0.01531500,2.790
0.01532000,2.832
0.01532500,2.862
0.01533000,2.893
0.01533500,2.928
0.01534000,2.954
0.01534500,2.972
0.01535000,2.996
0.01535500,3.025
0.01536000,3.056
0.01536500,3.086
0.01537000,3.125
0.01537500,3.154
0.01538000,3.176
0.01538500,3.194
0.01539000,3.226
0.01539500,3.250
0.01540000,3.279
0.01540500,3.320
0.01541000,3.347
0.01541500,3.382
0.01542000,3.411
0.01542500,3.429
0.01543000,3.452
0.01543500,3.485
0.01544000,3.514
0.01544500,3.550
0.01545000,3.585
0.01545500,3.619
0.01546000,3.646
0.01546500,3.663
0.01547000,3.687
0.01547500,3.717
0.01548000,3.751
0.01548500,3.783
0.01549000,3.819
0.01549500,3.854
0.01550000,3.883
0.01550500,3.906
0.01551000,3.931
0.01551500,3.956
0.01552000,3.993
0.01552500,4.020
0.01553000,4.052
0.01553500,4.091
0.01554000,4.120
0.01554500,4.139
0.01555000,4.160
0.01555500,4.192
0.01556000,4.220
0.01556500,4.250
0.01557000,4.286
0.01557500,4.321
0.01558000,4.353
0.01558500,4.374
0.01559000,4.392
0.01559500,4.422
0.01560000,4.455
0.01560500,4.490
0.01561000,4.524
0.01561500,4.558
0.01562000,4.595
0.01562500,4.612
0.01563000,4.635
0.01563500,4.667
0.01564000,4.696
0.01564500,4.719
0.01565000,4.752
0.01565500,4.797
0.01566000,4.823
0.01566500,4.847
0.01567000,4.872
0.01567500,4.884
0.01568000,4.915
0.01568500,4.944
0.01569000,4.981
0.01569500,5.010
0.01570000,5.052
0.01570500,5.076
0.01571000,5.094
0.01571500,5.119
0.01572000,5.144
0.01572500,5.169
0.01573000,5.203
0.01573500,5.235
0.01574000,5.277
0.01574500,5.303
0.01575000,5.327
0.01575500,5.350
0.01576000,5.371
0.01576500,5.406
0.01577000,5.430
0.01577500,5.467
0.01578000,5.498
0.01578500,5.525
0.01579000,5.551
0.01579500,5.569
0.01580000,5.594
0.01580500,5.620
0.01581000,5.659
0.01581500,5.689
0.01582000,5.710
0.01582500,5.742
0.01583000,5.767
0.01583500,5.789
0.01584000,5.804
0.01584500,5.836
0.01585000,5.866
0.01585500,5.899
0.01586000,5.929
0.01586500,5.961
0.01587000,5.982
0.01587500,6.005
0.01588000,6.029
0.01588500,6.050
0.01589000,6.084
0.01589500,6.113
0.01590000,6.151
0.01590500,6.179
0.01591000,6.209
0.01591500,6.235
0.01592000,6.254
0.01592500,6.277
0.01593000,6.307
0.01593500,6.343
0.01594000,6.372
0.01594500,6.402
0.01595000,6.422
0.01595500,6.441
0.01596000,6.456
0.01596500,6.473
0.01597000,6.504
0.01597500,6.538
0.01598000,6.571
0.01598500,6.604
0.01599000,6.636
0.01599500,6.660
0.01600000,6.683
0.01600500,6.703
0.01601000,6.737
0.01601500,6.765
0.01602000,6.797
0.01602500,6.819
0.01603000,6.855
0.01603500,6.881
0.01604000,6.898
0.01604500,6.918
0.01605000,6.945
0.01605500,6.974
0.01606000,7.006
0.01606500,7.040
0.01607000,7.077
0.01607500,7.096
0.01608000,7.120
0.01608500,7.141
0.01609000,7.172
0.01609500,7.201
0.01610000,7.223
0.01610500,7.264
0.01611000,7.291
0.01611500,7.314
0.01612000,7.335
0.01612500,7.351
0.01613000,7.378
0.01613500,7.402
0.01614000,7.430
0.01614500,7.465
0.01615000,7.500
0.01615500,7.521
0.01616000,7.541
0.01616500,7.558
0.01617000,7.586
0.01617500,7.611
0.01618000,7.634
0.01618500,7.668
0.01619000,7.698
0.01619500,7.727
0.01620000,7.750
0.01620500,7.764
0.01621000,7.789
0.01621500,7.813
0.01622000,7.840
0.01622500,7.877
0.01623000,7.908
0.01623500,7.930
0.01624000,7.953
0.01624500,7.974
0.01625000,7.998
0.01625500,8.024
0.01626000,8.043
0.01626500,8.077
0.01627000,8.109
0.01627500,8.139
0.01628000,8.162
0.01628500,8.181
0.01629000,8.202
0.01629500,8.222
0.01630000,8.244
0.01630500,8.284
0.01631000,8.307
0.01631500,8.337
0.01632000,8.370
0.01632500,8.389
0.01633000,8.413
0.01633500,8.436
0.01634000,8.461
0.01634500,8.494
0.01635000,8.524
0.01635500,8.556
0.01636000,8.582
0.01636500,8.601
0.01637000,8.618
0.01637500,8.643
0.01638000,8.667
0.01638500,8.696
0.01639000,8.732
0.01639500,8.762
0.01640000,8.785
0.01640500,8.809
0.01641000,8.825
0.01641500,8.848
0.01642000,8.882
0.01642500,8.903
0.01643000,8.941
0.01643500,8.970
0.01644000,8.997
0.01644500,9.022
0.01645000,9.044
0.01645500,9.057
0.01646000,9.089
0.01646500,9.112
0.01647000,9.146
0.01647500,9.171
0.01648000,9.200
0.01648500,9.228
0.01649000,9.245
0.01649500,9.266
0.01650000,9.289
0.01650500,9.323
0.01651000,9.348
0.01651500,9.374
0.01652000,9.410
0.01652500,9.435
0.01653000,9.453
0.01653500,9.469
0.01654000,9.498
0.01654500,9.534
0.01655000,9.553
0.01655500,9.585
0.01656000,9.617
0.01656500,9.643
0.01657000,9.666
0.01657500,9.682
0.01658000,9.704
0.01658500,9.732
0.01659000,9.761
0.01659500,9.791
0.01660000,9.818
0.01660500,9.852
0.01661000,9.870
0.01661500,9.883
0.01662000,9.909
0.01662500,9.936
0.01663000,9.967
0.01663500,9.991
0.01664000,10.029
0.01664500,10.058
0.01665000,10.073
0.01665500,10.091
0.01666000,10.111
0.01666500,10.140
0.01667000,10.161
0.01667500,10.187
0.01668000,10.224
0.01668500,10.258
0.01669000,10.282
0.01669500,10.303
0.01670000,10.319
0.01670500,10.348
0.01671000,10.377
0.01671500,10.400
0.01672000,10.429
0.01672500,10.464
0.01673000,10.477
0.01673500,10.499
0.01674000,10.522
0.01674500,10.548
0.01675000,10.569
0.01675500,10.601
0.01676000,10.635
0.01676500,10.662
0.01677000,10.685
0.01677500,10.702
0.01678000,10.723
0.01678500,10.744
0.01679000,10.780
0.01679500,10.799
0.01680000,10.829
0.01680500,10.858
0.01681000,10.881
0.01681500,10.904
0.01682000,10.923
0.01682500,10.942
0.01683000,10.970
0.01683500,10.997
0.01684000,11.024
0.01684500,11.055
0.01685000,11.076
0.01685500,11.105
0.01686000,11.121
0.01686500,11.135
0.01687000,11.164
0.01687500,11.190
0.01688000,11.221
0.01688500,11.253
0.01689000,11.279
0.01689500,11.300
0.01690000,11.317
0.01690500,11.338
0.01691000,11.356
0.01691500,11.380
0.01692000,11.404
0.01692500,11.438
0.01693000,11.457
0.01693500,11.488
0.01694000,11.507
0.01694500,11.522
0.01695000,11.549
0.01695500,11.576
0.01696000,11.607
0.01696500,11.636
0.01697000,11.665
0.01697500,11.691
0.01698000,11.705
0.01698500,11.720
0.01699000,11.733
0.01699500,11.762
0.01700000,11.791
0.01700500,11.818
0.01701000,11.844
0.01701500,11.868
0.01702000,11.890
0.01702500,11.906
0.01703000,11.924
0.01703500,11.950
0.01704000,11.979
0.01704500,12.003
0.01705000,12.035
0.01705500,12.063
0.01706000,12.080
0.01706500,12.092
0.01707000,12.106
0.01707500,12.133
0.01708000,12.161
0.01708500,12.191
0.01709000,12.216
0.01709500,12.243
0.01710000,12.265
0.01710500,12.283
0.01711000,12.299
0.01711500,12.322
0.01712000,12.352
0.01712500,12.380
0.01713000,12.404
0.01713500,12.434
0.01714000,12.455
0.01714500,12.470
0.01715000,12.486
0.01715500,12.509
0.01716000,12.534
0.01716500,12.558
0.01717000,12.589
0.01717500,12.613
0.01718000,12.641
0.01718500,12.666
0.01719000,12.676
0.01719500,12.695
0.01720000,12.732
0.01720500,12.763
0.01721000,12.787
0.01721500,12.818
0.01722000,12.848
0.01722500,12.861
0.01723000,12.874
0.01723500,12.898
0.01724000,12.916
0.01724500,12.948
0.01725000,12.974
0.01725500,13.001
0.01726000,13.030
0.01726500,13.046
0.01727000,13.061
0.01727500,13.085
0.01728000,13.111
0.01728500,13.130
0.01729000,13.156
0.01729500,13.188
0.01730000,13.207
0.01730500,13.233
0.01731000,13.249
0.01731500,13.262
0.01732000,13.288
0.01732500,13.305
0.01733000,13.326
0.01733500,13.354
0.01734000,13.376
0.01734500,13.399
0.01735000,13.413
0.01735500,13.423
0.01736000,13.442
0.01736500,13.473
0.01737000,13.495
0.01737500,13.529
0.01738000,13.553
0.01738500,13.581
0.01739000,13.598
0.01739500,13.614
0.01740000,13.637
0.01740500,13.663
0.01741000,13.689
0.01741500,13.714
0.01742000,13.740
0.01742500,13.763
0.01743000,13.780
0.01743500,13.795
0.01744000,13.819
0.01744500,13.840
0.01745000,13.859
0.01745500,13.888
0.01746000,13.920
0.01746500,13.946
0.01747000,13.964
0.01747500,13.980
0.01748000,13.999
0.01748500,14.015
0.01749000,14.041
0.01749500,14.072
0.01750000,14.093
0.01750500,14.109
0.01751000,14.134
0.01751500,14.157
0.01752000,14.162
0.01752500,14.188
0.01753000,14.212
0.01753500,14.244
0.01754000,14.266
0.01754500,14.294
0.01755000,14.313
0.01755500,14.328
0.01756000,14.342
0.01756500,14.358
0.01757000,14.381
0.01757500,14.406
0.01758000,14.432
0.01758500,14.455
0.01759000,14.477
0.01759500,14.492
0.01760000,14.503
0.01760500,14.518
0.01761000,14.537
0.01761500,14.564
0.01762000,14.588
0.01762500,14.609
0.01763000,14.633
0.01763500,14.643
0.01764000,14.654
0.01764500,14.671
0.01765000,14.688
0.01765500,14.711
0.01766000,14.737
0.01766500,14.761
0.01767000,14.785
0.01767500,14.801
0.01768000,14.807
0.01768500,14.815
0.01769000,14.833
0.01769500,14.857
0.01770000,14.872
0.01770500,14.894
0.01771000,14.914
0.01771500,14.938
0.01772000,14.944
0.01772500,14.955
0.01773000,14.970
0.01773500,14.989
0.01774000,15.017
0.01774500,15.033
0.01775000,15.055
0.01775500,15.075
0.01776000,15.081
0.01776500,15.094
0.01777000,15.116
0.01777500,15.139
0.01778000,15.152
0.01778500,15.174
0.01779000,15.202
0.01779500,15.218
0.01780000,15.229
0.01780500,15.236
0.01781000,15.252
0.01781500,15.274
0.01782000,15.297
0.01782500,15.324
0.01783000,15.351
0.01783500,15.366
0.01784000,15.384
0.01784500,15.390
0.01785000,15.403
0.01785500,15.429
0.01786000,15.446
0.01786500,15.471
0.01787000,15.496
0.01787500,15.516
0.01788000,15.527
0.01788500,15.538
0.01789000,15.553
0.01789500,15.575
0.01790000,15.590
0.01790500,15.609
0.01791000,15.638
0.01791500,15.657
0.01792000,15.667
0.01792500,15.675
0.01793000,15.685
0.01793500,15.698
0.01794000,15.720
0.01794500,15.743
0.01795000,15.765
0.01795500,15.781
0.01796000,15.805
0.01796500,15.812
0.01797000,15.823
0.01797500,15.841
0.01798000,15.854
0.01798500,15.865
0.01799000,15.891
0.01799500,15.910
0.01800000,15.918
0.01800500,15.933
0.01801000,15.939
0.01801500,15.947
0.01802000,15.966
0.01802500,15.983
0.01803000,16.007
0.01803500,16.020
0.01804000,16.039
0.01804500,16.045
0.01805000,16.057
0.01805500,16.061
0.01806000,16.066
0.01806500,16.086
0.01807000,16.103
0.01807500,16.131
0.01808000,16.144
0.01808500,16.158
0.01809000,16.166
0.01809500,16.179
0.01810000,16.189
0.01810500,16.211
0.01811000,16.232
0.01811500,16.245
0.01812000,16.263
0.01812500,16.271
0.01813000,16.274
0.01813500,16.284
0.01814000,16.293
0.01814500,16.313
0.01815000,16.330
0.01815500,16.351
0.01816000,16.364
0.01816500,16.374
0.01817000,16.385
0.01817500,16.388
0.01818000,16.398
0.01818500,16.416
0.01819000,16.435
0.01819500,16.445
0.01820000,16.464
0.01820500,16.474
0.01821000,16.485
0.01821500,16.488
0.01822000,16.507
0.01822500,16.523
0.01823000,16.540
0.01823500,16.552
0.01824000,16.573
0.01824500,16.586
0.01825000,16.589
0.01825500,16.599
0.01826000,16.609
0.01826500,16.614
0.01827000,16.636
0.01827500,16.643
0.01828000,16.657
0.01828500,16.680
0.01829000,16.691
0.01829500,16.696
0.01830000,16.704
0.01830500,16.721
0.01831000,16.744
0.01831500,16.760
0.01832000,16.776
0.01832500,16.800
0.01833000,16.805
0.01833500,16.808
0.01834000,16.815
0.01834500,16.829
0.01835000,16.850
0.01835500,16.865
0.01836000,16.881
0.01836500,16.897
0.01837000,16.915
0.01837500,16.915
0.01838000,16.916
0.01838500,16.929
0.01839000,16.948
0.01839500,16.961
0.01840000,16.977
0.01840500,17.002
0.01841000,17.014
0.01841500,17.018
0.01842000,17.024
0.01842500,17.039
0.01843000,17.050
0.01843500,17.068
0.01844000,17.077
0.01844500,17.098
0.01845000,17.111
0.01845500,17.116
0.01846000,17.117
0.01846500,17.129
0.01847000,17.143
0.01847500,17.153
0.01848000,17.169
0.01848500,17.196
0.01849000,17.204
0.01849500,17.217
0.01850000,17.229
0.01850500,17.235
0.01851000,17.251
0.01851500,17.254
0.01852000,17.277
0.01852500,17.295
0.01853000,17.309
0.01853500,17.314
0.01854000,17.315
0.01854500,17.325
0.01855000,17.335
0.01855500,17.354
0.01856000,17.373
0.01856500,17.391
0.01857000,17.414
0.01857500,17.423
0.01858000,17.428
0.01858500,17.443
0.01859000,17.447
0.01859500,17.462
0.01860000,17.476
0.01860500,17.497
0.01861000,17.507
0.01861500,17.523
0.01862000,17.528
0.01862500,17.528
0.01863000,17.533
0.01863500,17.552
0.01864000,17.557
0.01864500,17.570
0.01865000,17.583
0.01865500,17.591
0.01866000,17.594
0.01866500,17.596
0.01867000,17.604
0.01867500,17.610
0.01868000,17.621
0.01868500,17.637
0.01869000,17.644
0.01869500,17.655
0.01870000,17.665
0.01870500,17.658
0.01871000,17.654
0.01871500,17.658
0.01872000,17.663
0.01872500,17.668
0.01873000,17.673
0.01873500,17.684
0.01874000,17.689
0.01874500,17.689
0.01875000,17.695
0.01875500,17.702
0.01876000,17.716
0.01876500,17.726
0.01877000,17.740
0.01877500,17.755
0.01878000,17.766
0.01878500,17.769
0.01879000,17.769
0.01879500,17.776
0.01880000,17.787
0.01880500,17.803
0.01881000,17.818
0.01881500,17.829
0.01882000,17.831
0.01882500,17.832
0.01883000,17.824
0.01883500,17.831
0.01884000,17.845
0.01884500,17.852
0.01885000,17.861
0.01885500,17.879
0.01886000,17.889
0.01886500,17.892
0.01887000,17.893
0.01887500,17.895
0.01888000,17.901
0.01888500,17.914
0.01889000,17.927
0.01889500,17.935
0.01890000,17.938
0.01890500,17.948
0.01891000,17.947
0.01891500,17.948
0.01892000,17.967
0.01892500,17.979
0.01893000,17.990
0.01893500,18.009
0.01894000,18.017
0.01894500,18.016
0.01895000,18.013
0.01895500,18.009
0.01896000,18.003
0.01896500,18.001
0.01897000,18.000
0.01897500,18.013
0.01898000,18.030
0.01898500,18.030
0.01899000,18.022
0.01899500,18.019
0.01900000,18.029
0.01900500,18.032
0.01901000,18.040
0.01901500,18.050
0.01902000,18.054
0.01902500,18.056
0.01903000,18.056
0.01903500,18.053
0.01904000,18.048
0.01904500,18.058
0.01905000,18.059
0.01905500,18.069
0.01906000,18.077
0.01906500,18.085
0.01907000,18.079
0.01907500,18.080
0.01908000,18.077
0.01908500,18.082
0.01909000,18.083
0.01909500,18.082
0.01910000,18.088
0.01910500,18.085
0.01911000,18.083
0.01911500,18.067
0.01912000,18.074
0.01912500,18.074
0.01913000,18.077
0.01913500,18.087
0.01914000,18.101
0.01914500,18.116
0.01915000,18.119
0.01915500,18.122
0.01916000,18.122
0.01916500,18.125
0.01917000,18.125
0.01917500,18.140
0.01918000,18.145
0.01918500,18.151
0.01919000,18.146
0.01919500,18.140
0.01920000,18.135
0.01920500,18.132
0.01921000,18.140
0.01921500,18.140
0.01922000,18.151
0.01922500,18.161
0.01923000,18.162
0.01923500,18.156
0.01924000,18.151
0.01924500,18.157
0.01925000,18.167
0.01925500,18.177
0.01926000,18.182
0.01926500,18.191
0.01927000,18.190
0.01927500,18.199
0.01928000,18.185
0.01928500,18.180
0.01929000,18.183
0.01929500,18.185
0.01930000,18.194
0.01930500,18.202
0.01931000,18.204
0.01931500,18.206
0.01932000,18.202
0.01932500,18.201
0.01933000,18.202
0.01933500,18.211
0.01934000,18.220
0.01934500,18.220
0.01935000,18.230
0.01935500,18.228
0.01936000,18.223
0.01936500,18.220
0.01937000,18.219
0.01937500,18.227
0.01938000,18.233
0.01938500,18.240
0.01939000,18.248
0.01939500,18.254
0.01940000,18.246
0.01940500,18.236
0.01941000,18.238
0.01941500,18.243
0.01942000,18.246
0.01942500,18.256
0.01943000,18.264
0.01943500,18.264
0.01944000,18.262
0.01944500,18.251
0.01945000,18.256
0.01945500,18.260
0.01946000,18.267
0.01946500,18.270
0.01947000,18.278
0.01947500,18.278
0.01948000,18.275
0.01948500,18.273
0.01949000,18.273
0.01949500,18.272
0.01950000,18.272
0.01950500,18.288
0.01951000,18.289
0.01951500,18.294
0.01952000,18.294
0.01952500,18.285
0.01953000,18.281
0.01953500,18.281
0.01954000,18.286
0.01954500,18.294
0.01955000,18.306
0.01955500,18.310
0.01956000,18.310
0.01956500,18.304
0.01957000,18.301
0.01957500,18.307
0.01958000,18.302
0.01958500,18.309
0.01959000,18.320
0.01959500,18.330
0.01960000,18.325
0.01960500,18.325
0.01961000,18.318
0.01961500,18.320
0.01962000,18.320
0.01962500,18.330
0.01963000,18.328
0.01963500,18.339
0.01964000,18.346
0.01964500,18.343
0.01965000,18.334
0.01965500,18.333
0.01966000,18.339
0.01966500,18.341
0.01967000,18.351
0.01967500,18.359
0.01968000,18.360
0.01968500,18.357
0.01969000,18.352
0.01969500,18.351
0.01970000,18.349
0.01970500,18.346
0.01971000,18.359
0.01971500,18.360
0.01972000,18.370
0.01972500,18.368
0.01973000,18.368
0.01973500,18.362
0.01974000,18.365
0.01974500,18.373
0.01975000,18.372
0.01975500,18.391
0.01976000,18.391
0.01976500,18.384
0.01977000,18.383
0.01977500,18.373
0.01978000,18.376
0.01978500,18.384
0.01979000,18.392
0.01979500,18.399
0.01980000,18.399
0.01980500,18.405
0.01981000,18.392
0.01981500,18.392
0.01982000,18.392
0.01982500,18.397
0.01983000,18.397
0.01983500,18.409
0.01984000,18.412
0.01984500,18.413
0.01985000,18.410
0.01985500,18.409
0.01986000,18.402
0.01986500,18.410
0.01987000,18.415
0.01987500,18.421
0.01988000,18.426
0.01988500,18.428
0.01989000,18.425
0.01989500,18.418
0.01990000,18.415
0.01990500,18.420
0.01991000,18.425
0.01991500,18.421
0.01992000,18.431
0.01992500,18.434
0.01993000,18.436
0.01993500,18.431
0.01994000,18.426
0.01994500,18.426
0.01995000,18.433
0.01995500,18.436
0.01996000,18.442
0.01996500,18.450
0.01997000,18.450
0.01997500,18.442
0.01998000,18.434
0.01998500,18.439
0.01999000,18.444
0.01999500,18.438
0.02000000,18.452
0.02000500,18.457
0.02001000,18.455
0.02001500,18.447
0.02002000,18.442
0.02002500,18.442
0.02003000,18.447
0.02003500,18.452
0.02004000,18.462
0.02004500,18.468
0.02005000,18.471
0.02005500,18.466
0.02006000,18.460
0.02006500,18.454
0.02007000,18.455
0.02007500,18.457
0.02008000,18.462
0.02008500,18.466
0.02009000,18.471
0.02009500,18.466
0.02010000,18.458
0.02010500,18.458
0.02011000,18.458
0.02011500,18.458
0.02012000,18.463
0.02012500,18.470
0.02013000,18.476
0.02013500,18.471
0.02014000,18.468
0.02014500,18.458
0.02015000,18.465
0.02015500,18.462
0.02016000,18.468
0.02016500,18.476
0.02017000,18.481
0.02017500,18.473
0.02018000,18.468
0.02018500,18.460
0.02019000,18.468
0.02019500,18.462
0.02020000,18.466
0.02020500,18.476
0.02021000,18.479
0.02021500,18.475
0.02022000,18.466
0.02022500,18.460
0.02023000,18.462
0.02023500,18.466
0.02024000,18.473
0.02024500,18.478
0.02025000,18.483
0.02025500,18.484
0.02026000,18.486
0.02026500,18.475
0.02027000,18.468
0.02027500,18.470
0.02028000,18.470
0.02028500,18.478
0.02029000,18.486
0.02029500,18.483
0.02030000,18.481
0.02030500,18.471
0.02031000,18.468
0.02031500,18.470
0.02032000,18.470
0.02032500,18.475
0.02033000,18.486
0.02033500,18.484
0.02034000,18.478
0.02034500,18.468
0.02035000,18.466
0.02035500,18.466
0.02036000,18.468
0.02036500,18.473
0.02037000,18.475
0.02037500,18.475
0.02038000,18.473
0.02038500,18.463
0.02039000,18.457
0.02039500,18.455
0.02040000,18.462
0.02040500,18.471
0.02041000,18.475
0.02041500,18.487
0.02042000,18.481
0.02042500,18.466
0.02043000,18.463
0.02043500,18.460
0.02044000,18.463
0.02044500,18.466
0.02045000,18.478
0.02045500,18.473
0.02046000,18.478
0.02046500,18.470
0.02047000,18.457
0.02047500,18.452
0.02048000,18.455
0.02048500,18.455
0.02049000,18.454
0.02049500,18.460
0.02050000,18.457
0.02050500,18.449
0.02051000,18.438
0.02051500,18.438
0.02052000,18.439
0.02052500,18.438
0.02053000,18.444
0.02053500,18.447
0.02054000,18.447
0.02054500,18.446
0.02055000,18.431
0.02055500,18.426
0.02056000,18.423
0.02056500,18.415
0.02057000,18.418
0.02057500,18.423
0.02058000,18.423
0.02058500,18.417
0.02059000,18.405
0.02059500,18.400
0.02060000,18.392
0.02060500,18.394
0.02061000,18.394
0.02061500,18.391
0.02062000,18.399
0.02062500,18.397
0.02063000,18.383
0.02063500,18.376
0.02064000,18.367
0.02064500,18.368
0.02065000,18.375
0.02065500,18.368
0.02066000,18.372
0.02066500,18.362
0.02067000,18.352
0.02067500,18.341
0.02068000,18.326
0.02068500,18.323
0.02069000,18.322
0.02069500,18.320
0.02070000,18.323
0.02070500,18.322
0.02071000,18.307
0.02071500,18.291
0.02072000,18.278
0.02072500,18.277
0.02073000,18.270
0.02073500,18.265
0.02074000,18.268
0.02074500,18.265
0.02075000,18.251
0.02075500,18.230
0.02076000,18.222
0.02076500,18.214
0.02077000,18.214
0.02077500,18.204
0.02078000,18.207
0.02078500,18.206
0.02079000,18.199
0.02079500,18.191
0.02080000,18.182
0.02080500,18.170
0.02081000,18.157
0.02081500,18.146
0.02082000,18.146
0.02082500,18.130
0.02083000,18.117
0.02083500,18.093
0.02084000,18.079
0.02084500,18.067
0.02085000,18.064
0.02085500,18.061
0.02086000,18.056
0.02086500,18.050
0.02087000,18.032
0.02087500,18.013
0.02088000,17.993
0.02088500,17.977
0.02089000,17.964
0.02089500,17.958
0.02090000,17.950
0.02090500,17.948
0.02091000,17.943
0.02091500,17.922
0.02092000,17.911
0.02092500,17.893
0.02093000,17.889
0.02093500,17.876
0.02094000,17.872
0.02094500,17.868
0.02095000,17.855
0.02095500,17.835
0.02096000,17.815
0.02096500,17.803
0.02097000,17.784
0.02097500,17.776
0.02098000,17.774
0.02098500,17.763
0.02099000,17.753
0.02099500,17.732
0.02100000,17.708
0.02100500,17.700
0.02101000,17.684
0.02101500,17.670
0.02102000,17.666
0.02102500,17.660
0.02103000,17.650
0.02103500,17.641
0.02104000,17.621
0.02104500,17.604
0.02105000,17.589
0.02105500,17.579
0.02106000,17.573
0.02106500,17.563
0.02107000,17.560
0.02107500,17.544
0.02108000,17.528
0.02108500,17.504
0.02109000,17.491
0.02109500,17.481
0.02110000,17.478
0.02110500,17.468
0.02111000,17.457
0.02111500,17.446
0.02112000,17.430
0.02112500,17.409
0.02113000,17.391
0.02113500,17.380
0.02114000,17.369
0.02114500,17.364
0.02115000,17.354
0.02115500,17.340
0.02116000,17.322
0.02116500,17.304
0.02117000,17.286
0.02117500,17.272
0.02118000,17.264
0.02118500,17.256
0.02119000,17.245
0.02119500,17.237
0.02120000,17.219
0.02120500,17.195
0.02121000,17.171
0.02121500,17.154
0.02122000,17.148
0.02122500,17.140
0.02123000,17.124
0.02123500,17.113
0.02124000,17.109
0.02124500,17.088
0.02125000,17.061
0.02125500,17.047
0.02126000,17.037
0.02126500,17.024
0.02127000,17.019
0.02127500,17.008
0.02128000,16.992
0.02128500,16.976
0.02129000,16.965
0.02129500,16.944
0.02130000,16.931
0.02130500,16.919
0.02131000,16.916
0.02131500,16.903
0.02132000,16.894
0.02132500,16.870
0.02133000,16.839
0.02133500,16.826
0.02134000,16.812
0.02134500,16.800
0.02135000,16.789
0.02135500,16.783
0.02136000,16.770
0.02136500,16.755
0.02137000,16.729
0.02137500,16.712
0.02138000,16.705
0.02138500,16.691
0.02139000,16.680
0.02139500,16.675
0.02140000,16.667
0.02140500,16.644
0.02141000,16.630
0.02141500,16.604
0.02142000,16.591
0.02142500,16.580
0.02143000,16.565
0.02143500,16.569
0.02144000,16.549
0.02144500,16.536
0.02145000,16.512
0.02145500,16.491
0.02146000,16.480
0.02146500,16.464
0.02147000,16.461
0.02147500,16.453
0.02148000,16.443
0.02148500,16.420
0.02149000,16.403
0.02149500,16.375
0.02150000,16.358
0.02150500,16.345
0.02151000,16.337
0.02151500,16.324
0.02152000,16.319
0.02152500,16.303
0.02153000,16.279
0.02153500,16.261
0.02154000,16.247
0.02154500,16.224
0.02155000,16.213
0.02155500,16.201
0.02156000,16.192
0.02156500,16.176
0.02157000,16.163
0.02157500,16.139
0.02158000,16.119
0.02158500,16.108
0.02159000,16.086
0.02159500,16.076
0.02160000,16.063
0.02160500,16.047
0.02161000,16.026
0.02161500,16.008
0.02162000,15.984
0.02162500,15.962
0.02163000,15.949
0.02163500,15.936
0.02164000,15.923
0.02164500,15.917
0.02165000,15.899
0.02165500,15.873
0.02166000,15.851
0.02166500,15.831
0.02167000,15.822
0.02167500,15.809
0.02168000,15.799
0.02168500,15.781
0.02169000,15.770
0.02169500,15.741
0.02170000,15.717
0.02170500,15.699
0.02171000,15.683
0.02171500,15.667
0.02172000,15.646
0.02172500,15.636
0.02173000,15.611
0.02173500,15.596
0.02174000,15.564
0.02174500,15.545
0.02175000,15.527
0.02175500,15.521
0.02176000,15.511
0.02176500,15.493
0.02177000,15.483
0.02177500,15.461
0.02178000,15.427
0.02178500,15.406
0.02179000,15.388
0.02179500,15.376
0.02180000,15.361
0.02180500,15.345
0.02181000,15.327
0.02181500,15.314
0.02182000,15.292
0.02182500,15.261
0.02183000,15.242
0.02183500,15.231
0.02184000,15.205
0.02184500,15.199
0.02185000,15.181
0.02185500,15.160
0.02186000,15.131
0.02186500,15.105
0.02187000,15.091
0.02187500,15.071
0.02188000,15.060
0.02188500,15.049
0.02189000,15.033
0.02189500,15.020
0.02190000,14.994
0.02190500,14.962
0.02191000,14.944
0.02191500,14.930
0.02192000,14.912
0.02192500,14.896
0.02193000,14.883
0.02193500,14.872
0.02194000,14.849
0.02194500,14.830
0.02195000,14.804
0.02195500,14.785
0.02196000,14.769
0.02196500,14.754
0.02197000,14.740
0.02197500,14.722
0.02198000,14.701
0.02198500,14.675
0.02199000,14.650
0.02199500,14.629
0.02200000,14.608
0.02200500,14.587
0.02201000,14.576
0.02201500,14.559
0.02202000,14.540
0.02202500,14.511
0.02203000,14.490
0.02203500,14.476
0.02204000,14.452
0.02204500,14.440
0.02205000,14.431
0.02205500,14.416
0.02206000,14.389
0.02206500,14.369
0.02207000,14.336
0.02207500,14.318
0.02208000,14.297
0.02208500,14.281
0.02209000,14.270
0.02209500,14.258
0.02210000,14.241
0.02210500,14.210
0.02211000,14.183
0.02211500,14.162
0.02212000,14.136
0.02212500,14.125
0.02213000,14.115
0.02213500,14.096
0.02214000,14.073
0.02214500,14.054
0.02215000,14.023
0.02215500,13.999
0.02216000,13.975
0.02216500,13.959
0.02217000,13.943
0.02217500,13.930
0.02218000,13.909
0.02218500,13.883
0.02219000,13.858
0.02219500,13.832
0.02220000,13.814
0.02220500,13.796
0.02221000,13.779
0.02221500,13.759
0.02222000,13.737
0.02222500,13.717
0.02223000,13.695
0.02223500,13.661
0.02224000,13.645
0.02224500,13.626
0.02225000,13.608
0.02225500,13.594
0.02226000,13.582
0.02226500,13.555
0.02227000,13.531
0.02227500,13.497
0.02228000,13.474
0.02228500,13.458
0.02229000,13.441
0.02229500,13.421
0.02230000,13.410
0.02230500,13.391
0.02231000,13.357
0.02231500,13.331
0.02232000,13.305
0.02232500,13.284
0.02233000,13.270
0.02233500,13.251
0.02234000,13.230
0.02234500,13.214
0.02235000,13.189
0.02235500,13.157
0.02236000,13.130
0.02236500,13.111
0.02237000,13.090
0.02237500,13.070
0.02238000,13.048
0.02238500,13.025
0.02239000,13.008
0.02239500,12.969
0.02240000,12.948
0.02240500,12.921
0.02241000,12.909
0.02241500,12.884
0.02242000,12.868
0.02242500,12.853
0.02243000,12.829
0.02243500,12.793
0.02244000,12.766
0.02244500,12.744
0.02245000,12.718
0.02245500,12.702
0.02246000,12.684
0.02246500,12.660
0.02247000,12.639
0.02247500,12.610
0.02248000,12.579
0.02248500,12.555
0.02249000,12.531
0.02249500,12.505
0.02250000,12.489
0.02250500,12.470
0.02251000,12.451
0.02251500,12.418
0.02252000,12.385
0.02252500,12.362
0.02253000,12.336
0.02253500,12.319
0.02254000,12.298
0.02254500,12.282
0.02255000,12.254
0.02255500,12.230
0.02256000,12.198
0.02256500,12.169
0.02257000,12.140
0.02257500,12.122
0.02258000,12.098
0.02258500,12.082
0.02259000,12.061
0.02259500,12.037
0.02260000,12.001
0.02260500,11.971
0.02261000,11.947
0.02261500,11.926
0.02262000,11.903
0.02262500,11.890
0.02263000,11.865
0.02263500,11.844
0.02264000,11.811
0.02264500,11.776
0.02265000,11.755
0.02265500,11.733
0.02266000,11.718
0.02266500,11.696
0.02267000,11.675
0.02267500,11.649
0.02268000,11.617
0.02268500,11.586
0.02269000,11.564
0.02269500,11.541
0.02270000,11.514
0.02270500,11.499
0.02271000,11.481
0.02271500,11.452
0.02272000,11.423
0.02272500,11.395
0.02273000,11.364
0.02273500,11.343
0.02274000,11.327
0.02274500,11.304
0.02275000,11.282
0.02275500,11.261
0.02276000,11.230
0.02276500,11.200
0.02277000,11.177
0.02277500,11.153
0.02278000,11.131
0.02278500,11.108
0.02279000,11.093
0.02279500,11.069
0.02280000,11.040
0.02280500,11.013
0.02281000,10.978
0.02281500,10.952
0.02282000,10.937
0.02282500,10.912
0.02283000,10.891
0.02283500,10.873
0.02284000,10.847
0.02284500,10.818
0.02285000,10.786
0.02285500,10.768
0.02286000,10.736
0.02286500,10.722
0.02287000,10.701
0.02287500,10.685
0.02288000,10.657
0.02288500,10.627
0.02289000,10.598
0.02289500,10.574
0.02290000,10.549
0.02290500,10.528
0.02291000,10.512
0.02291500,10.490
0.02292000,10.466
0.02292500,10.435
0.02293000,10.409
0.02293500,10.377
0.02294000,10.358
0.02294500,10.334
0.02295000,10.313
0.02295500,10.293
0.02296000,10.271
0.02296500,10.245
0.02297000,10.211
0.02297500,10.181
0.02298000,10.149
0.02298500,10.134
0.02299000,10.103
0.02299500,10.079
0.02300000,10.063
0.02300500,10.037
0.02301000,9.997
0.02301500,9.965
0.02302000,9.947
0.02302500,9.922
0.02303000,9.893
0.02303500,9.878
0.02304000,9.857
0.02304500,9.823
0.02305000,9.796
0.02305500,9.759
0.02306000,9.738
0.02306500,9.714
0.02307000,9.698
0.02307500,9.672
0.02308000,9.653
0.02308500,9.625
0.02309000,9.587
0.02309500,9.556
0.02310000,9.526
0.02310500,9.509
0.02311000,9.479
0.02311500,9.460
0.02312000,9.440
0.02312500,9.411
0.02313000,9.379
0.02313500,9.340
0.02314000,9.319
0.02314500,9.287
0.02315000,9.266
0.02315500,9.242
0.02316000,9.223
0.02316500,9.195
0.02317000,9.167
0.02317500,9.129
0.02318000,9.101
0.02318500,9.076
0.02319000,9.044
0.02319500,9.023
0.02320000,9.002
0.02320500,8.981
0.02321000,8.949
0.02321500,8.914
0.02322000,8.888
0.02322500,8.856
0.02323000,8.827
0.02323500,8.808
0.02324000,8.785
0.02324500,8.761
0.02325000,8.730
0.02325500,8.701
0.02326000,8.663
0.02326500,8.637
0.02327000,8.614
0.02327500,8.589
0.02328000,8.569
0.02328500,8.540
0.02329000,8.511
0.02329500,8.476
0.02330000,8.444
0.02330500,8.420
0.02331000,8.394
0.02331500,8.366
0.02332000,8.342
0.02332500,8.323
0.02333000,8.297
0.02333500,8.267
0.02334000,8.233
0.02334500,8.201
0.02335000,8.176
0.02335500,8.148
0.02336000,8.128
0.02336500,8.106
0.02337000,8.080
0.02337500,8.048
0.02338000,8.017
0.02338500,7.985
0.02339000,7.954
0.02339500,7.932
0.02340000,7.909
0.02340500,7.895
0.02341000,7.866
0.02341500,7.837
0.02342000,7.798
0.02342500,7.766
0.02343000,7.739
0.02343500,7.716
0.02344000,7.695
0.02344500,7.674
0.02345000,7.653
0.02345500,7.626
0.02346000,7.592
0.02346500,7.553
0.02347000,7.526
0.02347500,7.500
0.02348000,7.481
0.02348500,7.460
0.02349000,7.436
0.02349500,7.409
0.02350000,7.375
0.02350500,7.341
0.02351000,7.312
0.02351500,7.289
0.02352000,7.265
0.02352500,7.240
0.02353000,7.220
0.02353500,7.198
0.02354000,7.164
0.02354500,7.132
0.02355000,7.104
0.02355500,7.080
0.02356000,7.054
0.02356500,7.035
0.02357000,7.013
0.02357500,6.987
0.02358000,6.958
0.02358500,6.927
0.02359000,6.885
0.02359500,6.869
0.02360000,6.848
0.02360500,6.824
0.02361000,6.798
0.02361500,6.781
0.02362000,6.750
0.02362500,6.712
0.02363000,6.684
0.02363500,6.660
0.02364000,6.637
0.02364500,6.613
0.02365000,6.592
0.02365500,6.568
0.02366000,6.544
0.02366500,6.504
0.02367000,6.477
0.02367500,6.451
0.02368000,6.428
0.02368500,6.401
0.02369000,6.385
0.02369500,6.362
0.02370000,6.333
0.02370500,6.299
0.02371000,6.269
0.02371500,6.243
0.02372000,6.222
0.02372500,6.185
0.02373000,6.171
0.02373500,6.153
0.02374000,6.126
0.02374500,6.087
0.02375000,6.055
0.02375500,6.027
0.02376000,5.998
0.02376500,5.979
0.02377000,5.958
0.02377500,5.934
0.02378000,5.913
0.02378500,5.878
0.02379000,5.845
0.02379500,5.820
0.02380000,5.789
0.02380500,5.767
0.02381000,5.744
0.02381500,5.725
0.02382000,5.696
0.02382500,5.667
0.02383000,5.636
0.02383500,5.609
0.02384000,5.573
0.02384500,5.551
0.02385000,5.523
0.02385500,5.507
0.02386000,5.488
0.02386500,5.457
0.02387000,5.412
0.02387500,5.387
0.02388000,5.361
0.02388500,5.335
0.02389000,5.313
0.02389500,5.297
0.02390000,5.269
0.02390500,5.239
0.02391000,5.206
0.02391500,5.169
0.02392000,5.139
0.02392500,5.121
0.02393000,5.095
0.02393500,5.070
0.02394000,5.053
0.02394500,5.018
0.02395000,4.983
0.02395500,4.950
0.02396000,4.928
0.02396500,4.899
0.02397000,4.873
0.02397500,4.852
0.02398000,4.825
0.02398500,4.797
0.02399000,4.772
0.02399500,4.730
0.02400000,4.702
0.02400500,4.678
0.02401000,4.653
0.02401500,4.627
0.02402000,4.608
0.02402500,4.577
0.02403000,4.554
0.02403500,4.514
0.02404000,4.476
0.02404500,4.450
0.02405000,4.432
0.02405500,4.410
0.02406000,4.387
0.02406500,4.363
0.02407000,4.327
0.02407500,4.295
0.02408000,4.258
0.02408500,4.228
0.02409000,4.208
0.02409500,4.183
0.02410000,4.160
0.02410500,4.139
0.02411000,4.115
0.02411500,4.076
0.02412000,4.039
0.02412500,4.012
0.02413000,3.993
0.02413500,3.964
0.02414000,3.939
0.02414500,3.917
0.02415000,3.888
0.02415500,3.861
0.02416000,3.820
0.02416500,3.790
0.02417000,3.764
0.02417500,3.738
0.02418000,3.711
0.02418500,3.685
0.02419000,3.663
0.02419500,3.624
0.02420000,3.584
0.02420500,3.553
0.02421000,3.521
0.02421500,3.492
0.02422000,3.473
0.02422500,3.442
0.02423000,3.419
0.02423500,3.387
0.02424000,3.352
0.02424500,3.318
0.02425000,3.286
0.02425500,3.267
0.02426000,3.234
0.02426500,3.217
0.02427000,3.194
0.02427500,3.164
0.02428000,3.125
0.02428500,3.094
0.02429000,3.065
0.02429500,3.038
0.02430000,3.012
0.02430500,2.988
0.02431000,2.967
0.02431500,2.940
0.02432000,2.901
0.02432500,2.872
0.02433000,2.842
0.02433500,2.814
0.02434000,2.788
0.02434500,2.774
0.02435000,2.747
0.02435500,2.718
0.02436000,2.687
0.02436500,2.652
0.02437000,2.621
0.02437500,2.602
0.02438000,2.571
0.02438500,2.550
0.02439000,2.532
0.02439500,2.510
0.02440000,2.468
0.02440500,2.441
0.02441000,2.413
0.02441500,2.383
0.02442000,2.363
0.02442500,2.336
0.02443000,2.318
0.02443500,2.293
0.02444000,2.267
0.02444500,2.230
0.02445000,2.202
0.02445500,2.175
0.02446000,2.151
0.02446500,2.128
0.02447000,2.107
0.02447500,2.087
0.02448000,2.054
0.02448500,2.024
0.02449000,1.988
0.02449500,1.959
0.02450000,1.935
0.02450500,1.914
0.02451000,1.890
0.02451500,1.866
0.02452000,1.837
0.02452500,1.805
0.02453000,1.773
0.02453500,1.744
0.02454000,1.713
0.02454500,1.694
0.02455000,1.663
0.02455500,1.641
0.02456000,1.616
0.02456500,1.589
0.02457000,1.549
0.02457500,1.515
0.02458000,1.494
0.02458500,1.464
0.02459000,1.441
0.02459500,1.415
0.02460000,1.391
0.02460500,1.352
0.02461000,1.322
0.02461500,1.280
0.02462000,1.259
0.02462500,1.238
0.02463000,1.208
0.02463500,1.175
0.02464000,1.158
0.02464500,1.132
0.02465000,1.084
0.02465500,1.050
0.02466000,1.022
0.02466500,0.998
0.02467000,0.971
0.02467500,0.950
0.02468000,0.923
0.02468500,0.892
0.02469000,0.850
0.02469500,0.812
0.02470000,0.792
0.02470500,0.758
0.02471000,0.733
0.02471500,0.707
0.02472000,0.678
0.02472500,0.649
0.02473000,0.610
0.02473500,0.572
0.02474000,0.543
0.02474500,0.509
0.02475000,0.486
0.02475500,0.449
0.02476000,0.428
0.02476500,0.406
0.02477000,0.366
0.02477500,0.329
0.02478000,0.290
0.02478500,0.264
0.02479000,0.229
0.02479500,0.206
0.02480000,0.182
0.02480500,0.150
0.02481000,0.119
0.02481500,0.079
0.02482000,0.042
0.02482500,0.010
0.02483000,-0.017
0.02483500,-0.045
0.02484000,-0.067
0.02484500,-0.093
0.02485000,-0.129
0.02485500,-0.170
0.02486000,-0.209
0.02486500,-0.241
0.02487000,-0.267
0.02487500,-0.293
0.02488000,-0.317
0.02488500,-0.343
0.02489000,-0.381
0.02489500,-0.418
0.02490000,-0.455
0.02490500,-0.491
0.02491000,-0.523
0.02491500,-0.547
0.02492000,-0.568
0.02492500,-0.600
0.02493000,-0.628
0.02493500,-0.671
0.02494000,-0.706
0.02494500,-0.742
0.02495000,-0.768
0.02495500,-0.795
0.02496000,-0.822
0.02496500,-0.853
0.02497000,-0.879
0.02497500,-0.914
0.02498000,-0.954
0.02498500,-0.985
0.02499000,-1.024
0.02499500,-1.041
0.02500000,-1.069
0.02500500,-1.094
0.02501000,-1.125
0.02501500,-1.154
0.02502000,-1.194
0.02502500,-1.233
0.02503000,-1.259
0.02503500,-1.288
0.02504000,-1.318
0.02504500,-1.338
0.02505000,-1.358
0.02505500,-1.400
0.02506000,-1.436
0.02506500,-1.470
0.02507000,-1.502
0.02507500,-1.521
0.02508000,-1.550
0.02508500,-1.577
0.02509000,-1.598
0.02509500,-1.626
0.02510000,-1.666
0.02510500,-1.706
0.02511000,-1.724
0.02511500,-1.756
0.02512000,-1.785
0.02512500,-1.803
0.02513000,-1.824
0.02513500,-1.851
0.02514000,-1.893
0.02514500,-1.922
0.02515000,-1.951
0.02515500,-1.975
0.02516000,-2.001
0.02516500,-2.025
0.02517000,-2.047
0.02517500,-2.070
0.02518000,-2.105
0.02518500,-2.144
0.02519000,-2.170
0.02519500,-2.197
0.02520000,-2.221
0.02520500,-2.249
0.02521000,-2.266
0.02521500,-2.291
0.02522000,-2.324
0.02522500,-2.361
0.02523000,-2.392
0.02523500,-2.413
0.02524000,-2.442
0.02524500,-2.461
0.02525000,-2.484
0.02525500,-2.508
0.02526000,-2.538
0.02526500,-2.571
0.02527000,-2.601
0.02527500,-2.630
0.02528000,-2.654
0.02528500,-2.680
0.02529000,-2.693
0.02529500,-2.719
0.02530000,-2.751
0.02530500,-2.783
0.02531000,-2.814
0.02531500,-2.841
0.02532000,-2.873
0.02532500,-2.893
0.02533000,-2.910
0.02533500,-2.936
0.02534000,-2.962
0.02534500,-2.994
0.02535000,-3.028
0.02535500,-3.055
0.02536000,-3.078
0.02536500,-3.105
0.02537000,-3.129
0.02537500,-3.145
0.02538000,-3.174
0.02538500,-3.210
0.02539000,-3.240
0.02539500,-3.269
0.02540000,-3.302
0.02540500,-3.322
0.02541000,-3.347
0.02541500,-3.368
0.02542000,-3.393
0.02542500,-3.430
0.02543000,-3.464
0.02543500,-3.495
0.02544000,-3.520
0.02544500,-3.548
0.02545000,-3.574
0.02545500,-3.593
0.02546000,-3.625
0.02546500,-3.656
0.02547000,-3.691
0.02547500,-3.726
0.02548000,-3.754
0.02548500,-3.783
0.02549000,-3.807
0.02549500,-3.833
0.02550000,-3.863
0.02550500,-3.886
0.02551000,-3.923
0.02551500,-3.966
0.02552000,-3.997
0.02552500,-4.019
0.02553000,-4.048
0.02553500,-4.073
0.02554000,-4.090
0.02554500,-4.118
0.02555000,-4.153
0.02555500,-4.192
0.02556000,-4.226
0.02556500,-4.255
0.02557000,-4.277
0.02557500,-4.295
0.02558000,-4.329
0.02558500,-4.356
0.02559000,-4.383
0.02559500,-4.424
0.02560000,-4.465
0.02560500,-4.488
0.02561000,-4.522
0.02561500,-4.551
0.02562000,-4.578
0.02562500,-4.602
0.02563000,-4.633
0.02563500,-4.676
0.02564000,-4.713
0.02564500,-4.739
0.02565000,-4.766
0.02565500,-4.797
0.02566000,-4.818
0.02566500,-4.840
0.02567000,-4.858
0.02567500,-4.894
0.02568000,-4.918
0.02568500,-4.942
0.02569000,-4.963
0.02569500,-4.998
0.02570000,-5.029
0.02570500,-5.047
0.02571000,-5.085
0.02571500,-5.127
0.02572000,-5.162
0.02572500,-5.193
0.02573000,-5.222
0.02573500,-5.249
0.02574000,-5.275
0.02574500,-5.301
0.02575000,-5.327
0.02575500,-5.369
0.02576000,-5.402
0.02576500,-5.430
0.02577000,-5.449
0.02577500,-5.481
0.02578000,-5.499
0.02578500,-5.518
0.02579000,-5.542
0.02579500,-5.576
0.02580000,-5.605
0.02580500,-5.624
0.02581000,-5.650
0.02581500,-5.686
0.02582000,-5.708
0.02582500,-5.727
0.02583000,-5.753
0.02583500,-5.790
0.02584000,-5.831
0.02584500,-5.861
0.02585000,-5.892
0.02585500,-5.916
0.02586000,-5.937
0.02586500,-5.963
0.02587000,-5.987
0.02587500,-6.014
0.02588000,-6.046
0.02588500,-6.077
0.02589000,-6.103
0.02589500,-6.136
0.02590000,-6.159
0.02590500,-6.172
0.02591000,-6.199
0.02591500,-6.238
0.02592000,-6.264
0.02592500,-6.301
0.02593000,-6.330
0.02593500,-6.344
0.02594000,-6.376
0.02594500,-6.396
0.02595000,-6.415
0.02595500,-6.445
0.02596000,-6.479
0.02596500,-6.520
0.02597000,-6.544
0.02597500,-6.569
0.02598000,-6.597
0.02598500,-6.611
0.02599000,-6.640
0.02599500,-6.669
0.02600000,-6.700
0.02600500,-6.729
0.02601000,-6.764
0.02601500,-6.793
0.02602000,-6.813
0.02602500,-6.832
0.02603000,-6.859
0.02603500,-6.885
0.02604000,-6.909
0.02604500,-6.948
0.02605000,-6.977
0.02605500,-7.002
0.02606000,-7.019
0.02606500,-7.043
0.02607000,-7.062
0.02607500,-7.089
0.02608000,-7.120
0.02608500,-7.146
0.02609000,-7.184
0.02609500,-7.213
0.02610000,-7.234
0.02610500,-7.252
0.02611000,-7.276
0.02611500,-7.294
0.02612000,-7.321
0.02612500,-7.358
0.02613000,-7.389
0.02613500,-7.416
0.02614000,-7.442
0.02614500,-7.461
0.02615000,-7.482
0.02615500,-7.510
0.02616000,-7.530
0.02616500,-7.566
0.02617000,-7.598
0.02617500,-7.630
0.02618000,-7.650
0.02618500,-7.664
0.02619000,-7.696
0.02619500,-7.716
0.02620000,-7.732
0.02620500,-7.767
0.02621000,-7.803
0.02621500,-7.825
0.02622000,-7.852
0.02622500,-7.875
0.02623000,-7.901
0.02623500,-7.920
0.02624000,-7.944
0.02624500,-7.970
0.02625000,-8.009
0.02625500,-8.039
0.02626000,-8.062
0.02626500,-8.083
0.02627000,-8.107
0.02627500,-8.128
0.02628000,-8.150
0.02628500,-8.184
0.02629000,-8.219
0.02629500,-8.250
0.02630000,-8.276
0.02630500,-8.294
0.02631000,-8.321
0.02631500,-8.335
0.02632000,-8.356
0.02632500,-8.389
0.02633000,-8.417
0.02633500,-8.455
0.02634000,-8.479
0.02634500,-8.506
0.02635000,-8.525
0.02635500,-8.549
0.02636000,-8.567
0.02636500,-8.601
0.02637000,-8.630
0.02637500,-8.665
0.02638000,-8.680
0.02638500,-8.706
0.02639000,-8.736
0.02639500,-8.752
0.02640000,-8.770
0.02640500,-8.797
0.02641000,-8.833
0.02641500,-8.867
0.02642000,-8.892
0.02642500,-8.921
0.02643000,-8.939
0.02643500,-8.960
0.02644000,-8.981
0.02644500,-9.007
0.02645000,-9.034
0.02645500,-9.068
0.02646000,-9.098
0.02646500,-9.127
0.02647000,-9.150
0.02647500,-9.171
0.02648000,-9.187
0.02648500,-9.216
0.02649000,-9.245
0.02649500,-9.274
0.02650000,-9.305
0.02650500,-9.325
0.02651000,-9.354
0.02651500,-9.377
0.02652000,-9.396
0.02652500,-9.420
0.02653000,-9.453
0.02653500,-9.488
0.02654000,-9.517
0.02654500,-9.541
0.02655000,-9.562
0.02655500,-9.581
0.02656000,-9.599
0.02656500,-9.620
0.02657000,-9.644
0.02657500,-9.676
0.02658000,-9.707
0.02658500,-9.741
0.02659000,-9.765
0.02659500,-9.783
0.02660000,-9.807
0.02660500,-9.821
0.02661000,-9.849
0.02661500,-9.881
0.02662000,-9.908
0.02662500,-9.937
0.02663000,-9.961
0.02663500,-9.982
0.02664000,-10.008
0.02664500,-10.027
0.02665000,-10.055
0.02665500,-10.077
0.02666000,-10.117
0.02666500,-10.151
0.02667000,-10.174
0.02667500,-10.193
0.02668000,-10.212
0.02668500,-10.233
0.02669000,-10.253
0.02669500,-10.282
0.02670000,-10.319
0.02670500,-10.348
0.02671000,-10.369
0.02671500,-10.391
0.02672000,-10.415
0.02672500,-10.435
0.02673000,-10.457
0.02673500,-10.483
0.02674000,-10.513
0.02674500,-10.549
0.02675000,-10.573
0.02675500,-10.591
0.02676000,-10.605
0.02676500,-10.629
0.02677000,-10.650
0.02677500,-10.671
0.02678000,-10.707
0.02678500,-10.739
0.02679000,-10.768
0.02679500,-10.787
0.02680000,-10.811
0.02680500,-10.831
0.02681000,-10.848
0.02681500,-10.871
0.02682000,-10.905
0.02682500,-10.938
0.02683000,-10.964
0.02683500,-10.985
0.02684000,-11.004
0.02684500,-11.025
0.02685000,-11.038
0.02685500,-11.064
0.02686000,-11.093
0.02686500,-11.127
0.02687000,-11.157
0.02687500,-11.182
0.02688000,-11.199
0.02688500,-11.227
0.02689000,-11.240
0.02689500,-11.262
0.02690000,-11.288
0.02690500,-11.322
0.02691000,-11.346
0.02691500,-11.376
0.02692000,-11.397
0.02692500,-11.421
0.02693000,-11.439
0.02693500,-11.458
0.02694000,-11.481
0.02694500,-11.520
0.02695000,-11.552
0.02695500,-11.573
0.02696000,-11.592
0.02696500,-11.624
0.02697000,-11.632
0.02697500,-11.647
0.02698000,-11.674
0.02698500,-11.708
0.02699000,-11.740
0.02699500,-11.761
0.02700000,-11.784
0.02700500,-11.805
0.02701000,-11.821
0.02701500,-11.845
0.02702000,-11.862
0.02702500,-11.895
0.02703000,-11.920
0.02703500,-11.949
0.02704000,-11.974
0.02704500,-11.990
0.02705000,-12.014
0.02705500,-12.023
0.02706000,-12.052
0.02706500,-12.077
0.02707000,-12.104
0.02707500,-12.133
0.02708000,-12.159
0.02708500,-12.181
0.02709000,-12.196
0.02709500,-12.213
0.02710000,-12.236
0.02710500,-12.263
0.02711000,-12.292
0.02711500,-12.325
0.02712000,-12.347
0.02712500,-12.365
0.02713000,-12.378
0.02713500,-12.395
0.02714000,-12.416
0.02714500,-12.450
0.02715000,-12.484
0.02715500,-12.503
0.02716000,-12.532
0.02716500,-12.556
0.02717000,-12.576
0.02717500,-12.587
0.02718000,-12.609
0.02718500,-12.630
0.02719000,-12.661
0.02719500,-12.687
0.02720000,-12.714
0.02720500,-12.735
0.02721000,-12.750
0.02721500,-12.774
0.02722000,-12.790
0.02722500,-12.820
0.02723000,-12.846
0.02723500,-12.870
0.02724000,-12.894
0.02724500,-12.922
0.02725000,-12.931
0.02725500,-12.952
0.02726000,-12.975
0.02726500,-12.997
0.02727000,-13.022
0.02727500,-13.052
0.02728000,-13.083
0.02728500,-13.099
0.02729000,-13.118
0.02729500,-13.134
0.02730000,-13.152
0.02730500,-13.175
0.02731000,-13.202
0.02731500,-13.231
0.02732000,-13.260
0.02732500,-13.278
0.02733000,-13.298
0.02733500,-13.319
0.02734000,-13.339
0.02734500,-13.356
0.02735000,-13.374
0.02735500,-13.408
0.02736000,-13.440
0.02736500,-13.467
0.02737000,-13.479
0.02737500,-13.496
0.02738000,-13.519
0.02738500,-13.537
0.02739000,-13.554
0.02739500,-13.591
0.02740000,-13.622
0.02740500,-13.649
0.02741000,-13.667
0.02741500,-13.688
0.02742000,-13.707
0.02742500,-13.725
0.02743000,-13.748
0.02743500,-13.775
0.02744000,-13.804
0.02744500,-13.825
0.02745000,-13.839
0.02745500,-13.867
0.02746000,-13.886
0.02746500,-13.902
0.02747000,-13.920
0.02747500,-13.947
0.02748000,-13.981
0.02748500,-14.004
0.02749000,-14.021
0.02749500,-14.049
0.02750000,-14.065
0.02750500,-14.074
0.02751000,-14.097
0.02751500,-14.121
0.02752000,-14.148
0.02752500,-14.176
0.02753000,-14.197
0.02753500,-14.218
0.02754000,-14.240
0.02754500,-14.258
0.02755000,-14.269
0.02755500,-14.297
0.02756000,-14.330
0.02756500,-14.351
0.02757000,-14.371
0.02757500,-14.393
0.02758000,-14.408
0.02758500,-14.422
0.02759000,-14.433
0.02759500,-14.456
0.02760000,-14.487
0.02760500,-14.514
0.02761000,-14.536
0.02761500,-14.553
0.02762000,-14.575
0.02762500,-14.588
0.02763000,-14.599
0.02763500,-14.615
0.02764000,-14.647
0.02764500,-14.670
0.02765000,-14.693
0.02765500,-14.717
0.02766000,-14.730
0.02766500,-14.739
0.02767000,-14.755
0.02767500,-14.775
0.02768000,-14.794
0.02768500,-14.820
0.02769000,-14.841
0.02769500,-14.858
0.02770000,-14.881
0.02770500,-14.892
0.02771000,-14.905
0.02771500,-14.926
0.02772000,-14.944
0.02772500,-14.969
0.02773000,-14.998
0.02773500,-15.024
0.02774000,-15.031
0.02774500,-15.044
0.02775000,-15.053
0.02775500,-15.074
0.02776000,-15.087
0.02776500,-15.113
0.02777000,-15.137
0.02777500,-15.163
0.02778000,-15.171
0.02778500,-15.185
0.02779000,-15.193
0.02779500,-15.216
0.02780000,-15.232
0.02780500,-15.264
0.02781000,-15.293
0.02781500,-15.314
0.02782000,-15.332
0.02782500,-15.336
0.02783000,-15.346
0.02783500,-15.362
0.02784000,-15.374
0.02784500,-15.398
0.02785000,-15.425
0.02785500,-15.448
0.02786000,-15.462
0.02786500,-15.478
0.02787000,-15.489
0.02787500,-15.499
0.02788000,-15.517
0.02788500,-15.538
0.02789000,-15.565
0.02789500,-15.591
0.02790000,-15.599
0.02790500,-15.615
0.02791000,-15.626
0.02791500,-15.634
0.02792000,-15.646
0.02792500,-15.671
0.02793000,-15.691
0.02793500,-15.712
0.02794000,-15.731
0.02794500,-15.745
0.02795000,-15.757
0.02795500,-15.765
0.02796000,-15.771
0.02796500,-15.789
0.02797000,-15.813
0.02797500,-15.842
0.02798000,-15.852
0.02798500,-15.865
0.02799000,-15.874
0.02799500,-15.882
0.02800000,-15.892
0.02800500,-15.902
0.02801000,-15.929
0.02801500,-15.951
0.02802000,-15.963
0.02802500,-15.974
0.02803000,-15.980
0.02803500,-15.992
0.02804000,-15.997
0.02804500,-16.013
0.02805000,-16.037
0.02805500,-16.056
0.02806000,-16.075
0.02806500,-16.090
0.02807000,-16.103
0.02807500,-16.117
0.02808000,-16.119
0.02808500,-16.133
0.02809000,-16.154
0.02809500,-16.174
0.02810000,-16.183
0.02810500,-16.198
0.02811000,-16.209
0.02811500,-16.214
0.02812000,-16.212
0.02812500,-16.232
0.02813000,-16.248
0.02813500,-16.273
0.02814000,-16.288
0.02814500,-16.304
0.02815000,-16.314
0.02815500,-16.322
0.02816000,-16.323
0.02816500,-16.327
0.02817000,-16.338
0.02817500,-16.362
0.02818000,-16.375
0.02818500,-16.393
0.02819000,-16.402
0.02819500,-16.412
0.02820000,-16.425
0.02820500,-16.434
0.02821000,-16.447
0.02821500,-16.467
0.02822000,-16.486
0.02822500,-16.507
0.02823000,-16.516
0.02823500,-16.526
0.02824000,-16.529
0.02824500,-16.537
0.02825000,-16.555
0.02825500,-16.571
0.02826000,-16.586
0.02826500,-16.610
0.02827000,-16.628
0.02827500,-16.634
0.02828000,-16.637
0.02828500,-16.647
0.02829000,-16.657
0.02829500,-16.674
0.02830000,-16.694
0.02830500,-16.713
0.02831000,-16.724
0.02831500,-16.739
0.02832000,-16.742
0.02832500,-16.750
0.02833000,-16.763
0.02833500,-16.776
0.02834000,-16.797
0.02834500,-16.818
0.02835000,-16.824
0.02835500,-16.837
0.02836000,-16.842
0.02836500,-16.856
0.02837000,-16.869
0.02837500,-16.877
0.02838000,-16.900
0.02838500,-16.922
0.02839000,-16.929
0.02839500,-16.940
0.02840000,-16.946
0.02840500,-16.954
0.02841000,-16.961
0.02841500,-16.975
0.02842000,-16.995
0.02842500,-17.009
0.02843000,-17.025
0.02843500,-17.040
0.02844000,-17.043
0.02844500,-17.057
0.02845000,-17.062
0.02845500,-17.072
0.02846000,-17.090
0.02846500,-17.114
0.02847000,-17.130
0.02847500,-17.135
0.02848000,-17.141
0.02848500,-17.146
0.02849000,-17.148
0.02849500,-17.164
0.02850000,-17.177
0.02850500,-17.202
0.02851000,-17.223
0.02851500,-17.244
0.02852000,-17.255
0.02852500,-17.259
0.02853000,-17.267
0.02853500,-17.267
0.02854000,-17.289
0.02854500,-17.305
0.02855000,-17.320
0.02855500,-17.333
0.02856000,-17.339
0.02856500,-17.354
0.02857000,-17.358
0.02857500,-17.371
0.02858000,-17.387
0.02858500,-17.408
0.02859000,-17.431
0.02859500,-17.444
0.02860000,-17.453
0.02860500,-17.457
0.02861000,-17.460
0.02861500,-17.465
0.02862000,-17.468
0.02862500,-17.487
0.02863000,-17.507
0.02863500,-17.529
0.02864000,-17.532
0.02864500,-17.547
0.02865000,-17.547
0.02865500,-17.547
0.02866000,-17.558
0.02866500,-17.577
0.02867000,-17.589
0.02867500,-17.593
0.02868000,-17.598
0.02868500,-17.602
0.02869000,-17.605
0.02869500,-17.605
0.02870000,-17.603
0.02870500,-17.619
0.02871000,-17.634
0.02871500,-17.647
0.02872000,-17.656
0.02872500,-17.671
0.02873000,-17.664
0.02873500,-17.672
0.02874000,-17.666
0.02874500,-17.682
0.02875000,-17.695
0.02875500,-17.703
0.02876000,-17.713
0.02876500,-17.717
0.02877000,-17.724
0.02877500,-17.725
0.02878000,-17.732
0.02878500,-17.743
0.02879000,-17.761
0.02879500,-17.772
0.02880000,-17.780
0.02880500,-17.787
0.02881000,-17.785
0.02881500,-17.783
0.02882000,-17.783
0.02882500,-17.793
0.02883000,-17.803
0.02883500,-17.816
0.02884000,-17.830
0.02884500,-17.843
0.02885000,-17.841
0.02885500,-17.840
0.02886000,-17.845
0.02886500,-17.854
0.02887000,-17.862
0.02887500,-17.880
0.02888000,-17.891
0.02888500,-17.890
0.02889000,-17.888
0.02889500,-17.891
0.02890000,-17.886
0.02890500,-17.891
0.02891000,-17.899
0.02891500,-17.909
0.02892000,-17.923
0.02892500,-17.936
0.02893000,-17.938
0.02893500,-17.932
0.02894000,-17.941
0.02894500,-17.940
0.02895000,-17.949
0.02895500,-17.965
0.02896000,-17.970
0.02896500,-17.980
0.02897000,-17.978
0.02897500,-17.985
0.02898000,-17.986
0.02898500,-17.986
0.02899000,-17.988
0.02899500,-18.007
0.02900000,-18.017
0.02900500,-18.028
0.02901000,-18.022
0.02901500,-18.027
0.02902000,-18.028
0.02902500,-18.023
0.02903000,-18.027
0.02903500,-18.038
0.02904000,-18.047
0.02904500,-18.051
0.02905000,-18.052
0.02905500,-18.044
0.02906000,-18.039
0.02906500,-18.038
0.02907000,-18.043
0.02907500,-18.055
0.02908000,-18.070
0.02908500,-18.081
0.02909000,-18.078
0.02909500,-18.078
0.02910000,-18.080
0.02910500,-18.075
0.02911000,-18.070
0.02911500,-18.078
0.02912000,-18.089
0.02912500,-18.097
0.02913000,-18.105
0.02913500,-18.107
0.02914000,-18.112
0.02914500,-18.110
0.02915000,-18.109
0.02915500,-18.115
0.02916000,-18.130
0.02916500,-18.133
0.02917000,-18.126
0.02917500,-18.128
0.02918000,-18.130
0.02918500,-18.120
0.02919000,-18.126
0.02919500,-18.130
0.02920000,-18.142
0.02920500,-18.150
0.02921000,-18.159
0.02921500,-18.163
0.02922000,-18.157
0.02922500,-18.155
0.02923000,-18.144
0.02923500,-18.150
0.02924000,-18.159
0.02924500,-18.167
0.02925000,-18.168
0.02925500,-18.173
0.02926000,-18.178
0.02926500,-18.176
0.02927000,-18.171
0.02927500,-18.178
0.02928000,-18.189
0.02928500,-18.208
0.02929000,-18.207
0.02929500,-18.215
0.02930000,-18.216
0.02930500,-18.218
0.02931000,-18.212
0.02931500,-18.212
0.02932000,-18.216
0.02932500,-18.233
0.02933000,-18.233
0.02933500,-18.228
0.02934000,-18.226
0.02934500,-18.220
0.02935000,-18.213
0.02935500,-18.213
0.02936000,-18.215
0.02936500,-18.229
0.02937000,-18.239
0.02937500,-18.242
0.02938000,-18.244
0.02938500,-18.242
0.02939000,-18.244
0.02939500,-18.247
0.02940000,-18.245
0.02940500,-18.247
0.02941000,-18.258
0.02941500,-18.263
0.02942000,-18.265
0.02942500,-18.258
0.02943000,-18.257
0.02943500,-18.258
0.02944000,-18.268
0.02944500,-18.273
0.02945000,-18.282
0.02945500,-18.284
0.02946000,-18.287
0.02946500,-18.279
0.02947000,-18.265
0.02947500,-18.258
0.02948000,-18.258
0.02948500,-18.262
0.02949000,-18.279
0.02949500,-18.281
0.02950000,-18.287
0.02950500,-18.289
0.02951000,-18.284
0.02951500,-18.289
0.02952000,-18.291
0.02952500,-18.291
0.02953000,-18.300
0.02953500,-18.300
0.02954000,-18.305
0.02954500,-18.299
0.02955000,-18.294
0.02955500,-18.295
0.02956000,-18.292
0.02956500,-18.302
0.02957000,-18.315
0.02957500,-18.324
0.02958000,-18.326
0.02958500,-18.324
0.02959000,-18.319
0.02959500,-18.307
0.02960000,-18.308
0.02960500,-18.307
0.02961000,-18.316
0.02961500,-18.319
0.02962000,-18.329
0.02962500,-18.326
0.02963000,-18.328
0.02963500,-18.326
0.02964000,-18.331
0.02964500,-18.323
0.02965000,-18.337
0.02965500,-18.344
0.02966000,-18.347
0.02966500,-18.345
0.02967000,-18.339
0.02967500,-18.332
0.02968000,-18.328
0.02968500,-18.328
0.02969000,-18.331
0.02969500,-18.348
0.02970000,-18.360
0.02970500,-18.348
0.02971000,-18.347
0.02971500,-18.350
0.02972000,-18.347
0.02972500,-18.345
0.02973000,-18.358
0.02973500,-18.366
0.02974000,-18.371
0.02974500,-18.368
0.02975000,-18.365
0.02975500,-18.363
0.02976000,-18.350
0.02976500,-18.350
0.02977000,-18.357
0.02977500,-18.365
0.02978000,-18.369
0.02978500,-18.373
0.02979000,-18.371
0.02979500,-18.374
0.02980000,-18.376
0.02980500,-18.366
0.02981000,-18.373
0.02981500,-18.384
0.02982000,-18.397
0.02982500,-18.389
0.02983000,-18.392
0.02983500,-18.392
0.02984000,-18.389
0.02984500,-18.382
0.02985000,-18.385
0.02985500,-18.394
0.02986000,-18.398
0.02986500,-18.406
0.02987000,-18.402
0.02987500,-18.398
0.02988000,-18.394
0.02988500,-18.385
0.02989000,-18.390
0.02989500,-18.398
0.02990000,-18.406
0.02990500,-18.413
0.02991000,-18.408
0.02991500,-18.414
0.02992000,-18.410
0.02992500,-18.406
0.02993000,-18.414
0.02993500,-18.416
0.02994000,-18.427
0.02994500,-18.423
0.02995000,-18.426
0.02995500,-18.419
0.02996000,-18.408
0.02996500,-18.406
0.02997000,-18.402
0.02997500,-18.410
0.02998000,-18.424
0.02998500,-18.432
0.02999000,-18.434
0.02999500,-18.434
0.03000000,-18.437
0.03000500,-18.432
0.03001000,-18.427
0.03001500,-18.427
0.03002000,-18.439
0.03002500,-18.443
0.03003000,-18.448
0.03003500,-18.443
0.03004000,-18.439
0.03004500,-18.435
0.03005000,-18.427
0.03005500,-18.427
0.03006000,-18.434
0.03006500,-18.447
0.03007000,-18.450
0.03007500,-18.447
0.03008000,-18.448
0.03008500,-18.443
0.03009000,-18.432
0.03009500,-18.442
0.03010000,-18.443
0.03010500,-18.451
0.03011000,-18.461
0.03011500,-18.460
0.03012000,-18.451
0.03012500,-18.448
0.03013000,-18.445
0.03013500,-18.443
0.03014000,-18.445
0.03014500,-18.461
0.03015000,-18.466
0.03015500,-18.463
0.03016000,-18.455
0.03016500,-18.450
0.03017000,-18.448
0.03017500,-18.437
0.03018000,-18.442
0.03018500,-18.451
0.03019000,-18.468
0.03019500,-18.469
0.03020000,-18.458
0.03020500,-18.458
0.03021000,-18.456
0.03021500,-18.455
0.03022000,-18.451
0.03022500,-18.456
0.03023000,-18.469
0.03023500,-18.469
0.03024000,-18.464
0.03024500,-18.460
0.03025000,-18.455
0.03025500,-18.447
0.03026000,-18.450
0.03026500,-18.464
0.03027000,-18.471
0.03027500,-18.474
0.03028000,-18.471
0.03028500,-18.466
0.03029000,-18.463
0.03029500,-18.456
0.03030000,-18.451
0.03030500,-18.458
0.03031000,-18.466
0.03031500,-18.466
0.03032000,-18.460
0.03032500,-18.455
0.03033000,-18.453
0.03033500,-18.443
0.03034000,-18.443
0.03034500,-18.448
0.03035000,-18.458
0.03035500,-18.464
0.03036000,-18.471
0.03036500,-18.472
0.03037000,-18.469
0.03037500,-18.463
0.03038000,-18.464
0.03038500,-18.461
0.03039000,-18.464
0.03039500,-18.468
0.03040000,-18.451
0.03040500,-18.450
0.03041000,-18.443
0.03041500,-18.435
0.03042000,-18.427
0.03042500,-18.435
0.03043000,-18.456
0.03043500,-18.466
0.03044000,-18.463
0.03044500,-18.456
0.03045000,-18.455
0.03045500,-18.440
0.03046000,-18.437
0.03046500,-18.431
0.03047000,-18.431
0.03047500,-18.435
0.03048000,-18.435
0.03048500,-18.434
0.03049000,-18.427
0.03049500,-18.426
0.03050000,-18.408
0.03050500,-18.411
0.03051000,-18.423
0.03051500,-18.424
0.03052000,-18.431
0.03052500,-18.424
0.03053000,-18.416
0.03053500,-18.408
0.03054000,-18.398
0.03054500,-18.390
0.03055000,-18.390
0.03055500,-18.397
0.03056000,-18.398
0.03056500,-18.397
0.03057000,-18.390
0.03057500,-18.381
0.03058000,-18.377
0.03058500,-18.377
0.03059000,-18.376
0.03059500,-18.382
0.03060000,-18.382
0.03060500,-18.384
0.03061000,-18.374
0.03061500,-18.369
0.03062000,-18.357
0.03062500,-18.347
0.03063000,-18.352
0.03063500,-18.350
0.03064000,-18.355
0.03064500,-18.352
0.03065000,-18.345
0.03065500,-18.329
0.03066000,-18.313
0.03066500,-18.299
0.03067000,-18.294
0.03067500,-18.297
0.03068000,-18.303
0.03068500,-18.295
0.03069000,-18.297
0.03069500,-18.282
0.03070000,-18.273
0.03070500,-18.265
0.03071000,-18.252
0.03071500,-18.249
0.03072000,-18.247
0.03072500,-18.250
0.03073000,-18.233
0.03073500,-18.223
0.03074000,-18.213
0.03074500,-18.204
0.03075000,-18.199
0.03075500,-18.199
0.03076000,-18.196
0.03076500,-18.191
0.03077000,-18.181
0.03077500,-18.170
0.03078000,-18.154
0.03078500,-18.133
0.03079000,-18.128
0.03079500,-18.112
0.03080000,-18.112
0.03080500,-18.118
0.03081000,-18.104
0.03081500,-18.089
0.03082000,-18.075
0.03082500,-18.055
0.03083000,-18.041
0.03083500,-18.028
0.03084000,-18.027
0.03084500,-18.028
0.03085000,-18.017
0.03085500,-18.006
0.03086000,-17.993
0.03086500,-17.975
0.03087000,-17.960
0.03087500,-17.952
0.03088000,-17.944
0.03088500,-17.940
0.03089000,-17.933
0.03089500,-17.917
0.03090000,-17.903
0.03090500,-17.888
0.03091000,-17.872
0.03091500,-17.864
0.03092000,-17.851
0.03092500,-17.849
0.03093000,-17.843
0.03093500,-17.819
0.03094000,-17.809
0.03094500,-17.787
0.03095000,-17.764
0.03095500,-17.748
0.03096000,-17.745
0.03096500,-17.746
0.03097000,-17.737
0.03097500,-17.727
0.03098000,-17.716
0.03098500,-17.696
0.03099000,-17.684
0.03099500,-17.661
0.03100000,-17.653
0.03100500,-17.648
0.03101000,-17.650
0.03101500,-17.635
0.03102000,-17.621
0.03102500,-17.610
0.03103000,-17.587
0.03103500,-17.563
0.03104000,-17.552
0.03104500,-17.548
0.03105000,-17.547
0.03105500,-17.531
0.03106000,-17.515
0.03106500,-17.502
0.03107000,-17.486
0.03107500,-17.466
0.03108000,-17.457
0.03108500,-17.458
0.03109000,-17.453
0.03109500,-17.439
0.03110000,-17.424
0.03110500,-17.405
0.03111000,-17.383
0.03111500,-17.362
0.03112000,-17.347
0.03112500,-17.339
0.03113000,-17.329
0.03113500,-17.321
0.03114000,-17.312
0.03114500,-17.305
0.03115000,-17.284
0.03115500,-17.263
0.03116000,-17.251
0.03116500,-17.247
0.03117000,-17.236
0.03117500,-17.228
0.03118000,-17.222
0.03118500,-17.199
0.03119000,-17.185
0.03119500,-17.162
0.03120000,-17.148
0.03120500,-17.144
0.03121000,-17.136
0.03121500,-17.133
0.03122000,-17.125
0.03122500,-17.109
0.03123000,-17.088
0.03123500,-17.065
0.03124000,-17.049
0.03124500,-17.040
0.03125000,-17.028
0.03125500,-17.024
0.03126000,-17.012
0.03126500,-16.998
0.03127000,-16.979
0.03127500,-16.959
0.03128000,-16.941
0.03128500,-16.933
0.03129000,-16.925
0.03129500,-16.921
0.03130000,-16.914
0.03130500,-16.896
0.03131000,-16.879
0.03131500,-16.866
0.03132000,-16.845
0.03132500,-16.830
0.03133000,-16.821
0.03133500,-16.819
0.03134000,-16.800
0.03134500,-16.787
0.03135000,-16.772
0.03135500,-16.752
0.03136000,-16.737
0.03136500,-16.731
0.03137000,-16.718
0.03137500,-16.718
0.03138000,-16.711
0.03138500,-16.697
0.03139000,-16.674
0.03139500,-16.658
0.03140000,-16.637
0.03140500,-16.611
0.03141000,-16.600
0.03141500,-16.600
0.03142000,-16.587
0.03142500,-16.571
0.03143000,-16.557
0.03143500,-16.539
0.03144000,-16.521
0.03144500,-16.512
0.03145000,-16.494
0.03145500,-16.496
0.03146000,-16.491
0.03146500,-16.478
0.03147000,-16.457
0.03147500,-16.436
0.03148000,-16.409
0.03148500,-16.386
0.03149000,-16.367
0.03149500,-16.359
0.03150000,-16.354
0.03150500,-16.351
0.03151000,-16.330
0.03151500,-16.322
0.03152000,-16.307
0.03152500,-16.288
0.03153000,-16.275
0.03153500,-16.265
0.03154000,-16.252
0.03154500,-16.236
0.03155000,-16.217
0.03155500,-16.196
0.03156000,-16.180
0.03156500,-16.159
0.03157000,-16.140
0.03157500,-16.129
0.03158000,-16.130
0.03158500,-16.111
0.03159000,-16.093
0.03159500,-16.079
0.03160000,-16.048
0.03160500,-16.034
0.03161000,-16.011
0.03161500,-16.003
0.03162000,-15.995
0.03162500,-15.976
0.03163000,-15.956
0.03163500,-15.939
0.03164000,-15.916
0.03164500,-15.895
0.03165000,-15.866
0.03165500,-15.852
0.03166000,-15.847
0.03166500,-15.837
0.03167000,-15.818
0.03167500,-15.810
0.03168000,-15.794
0.03168500,-15.765
0.03169000,-15.742
0.03169500,-15.737
0.03170000,-15.723
0.03170500,-15.713
0.03171000,-15.702
0.03171500,-15.683
0.03172000,-15.652
0.03172500,-15.628
0.03173000,-15.604
0.03173500,-15.588
0.03174000,-15.584
0.03174500,-15.567
0.03175000,-15.555
0.03175500,-15.541
0.03176000,-15.528
0.03176500,-15.501
0.03177000,-15.473
0.03177500,-15.448
0.03178000,-15.430
0.03178500,-15.415
0.03179000,-15.401
0.03179500,-15.377
0.03180000,-15.362
0.03180500,-15.336
0.03181000,-15.316
0.03181500,-15.298
0.03182000,-15.283
0.03182500,-15.274
0.03183000,-15.269
0.03183500,-15.250
0.03184000,-15.230
0.03184500,-15.206
0.03185000,-15.179
0.03185500,-15.148
0.03186000,-15.130
0.03186500,-15.124
0.03187000,-15.111
0.03187500,-15.095
0.03188000,-15.068
0.03188500,-15.040
0.03189000,-15.015
0.03189500,-15.000
0.03190000,-14.981
0.03190500,-14.973
0.03191000,-14.969
0.03191500,-14.957
0.03192000,-14.937
0.03192500,-14.910
0.03193000,-14.886
0.03193500,-14.858
0.03194000,-14.842
0.03194500,-14.826
0.03195000,-14.810
0.03195500,-14.800
0.03196000,-14.775
0.03196500,-14.752
0.03197000,-14.726
0.03197500,-14.707
0.03198000,-14.683
0.03198500,-14.665
0.03199000,-14.657
0.03199500,-14.644
0.03200000,-14.620
0.03200500,-14.602
0.03201000,-14.578
0.03201500,-14.559
0.03202000,-14.533
0.03202500,-14.517
0.03203000,-14.501
0.03203500,-14.488
0.03204000,-14.470
0.03204500,-14.445
0.03205000,-14.425
0.03205500,-14.400
0.03206000,-14.377
0.03206500,-14.363
0.03207000,-14.350
0.03207500,-14.335
0.03208000,-14.319
0.03208500,-14.295
0.03209000,-14.268
0.03209500,-14.243
0.03210000,-14.214
0.03210500,-14.195
0.03211000,-14.189
0.03211500,-14.176
0.03212000,-14.147
0.03212500,-14.131
0.03213000,-14.110
0.03213500,-14.082
0.03214000,-14.053
0.03214500,-14.034
0.03215000,-14.023
0.03215500,-14.010
0.03216000,-13.996
0.03216500,-13.970
0.03217000,-13.947
0.03217500,-13.921
0.03218000,-13.894
0.03218500,-13.870
0.03219000,-13.857
0.03219500,-13.843
0.03220000,-13.826
0.03220500,-13.799
0.03221000,-13.783
0.03221500,-13.756
0.03222000,-13.725
0.03222500,-13.706
0.03223000,-13.693
0.03223500,-13.677
0.03224000,-13.661
0.03224500,-13.638
0.03225000,-13.619
0.03225500,-13.596
0.03226000,-13.561
0.03226500,-13.543
0.03227000,-13.524
0.03227500,-13.505
0.03228000,-13.485
0.03228500,-13.466
0.03229000,-13.445
0.03229500,-13.419
0.03230000,-13.392
0.03230500,-13.369
0.03231000,-13.348
0.03231500,-13.337
0.03232000,-13.318
0.03232500,-13.300
0.03233000,-13.276
0.03233500,-13.245
0.03234000,-13.220
0.03234500,-13.189
0.03235000,-13.168
0.03235500,-13.155
0.03236000,-13.141
0.03236500,-13.120
0.03237000,-13.099
0.03237500,-13.071
0.03238000,-13.042
0.03238500,-13.015
0.03239000,-12.993
0.03239500,-12.978
0.03240000,-12.957
0.03240500,-12.943
0.03241000,-12.920
0.03241500,-12.894
0.03242000,-12.865
0.03242500,-12.838
0.03243000,-12.816
0.03243500,-12.790
0.03244000,-12.783
0.03244500,-12.762
0.03245000,-12.743
0.03245500,-12.717
0.03246000,-12.685
0.03246500,-12.656
0.03247000,-12.632
0.03247500,-12.614
0.03248000,-12.593
0.03248500,-12.572
0.03249000,-12.558
0.03249500,-12.531
0.03250000,-12.503
0.03250500,-12.476
0.03251000,-12.442
0.03251500,-12.423
0.03252000,-12.407
0.03252500,-12.389
0.03253000,-12.362
0.03253500,-12.339
0.03254000,-12.310
0.03254500,-12.278
0.03255000,-12.252
0.03255500,-12.230
0.03256000,-12.209
0.03256500,-12.193
0.03257000,-12.175
0.03257500,-12.147
0.03258000,-12.115
0.03258500,-12.098
0.03259000,-12.062
0.03259500,-12.028
0.03260000,-12.014
0.03260500,-12.003
0.03261000,-11.977
0.03261500,-11.951
0.03262000,-11.924
0.03262500,-11.891
0.03263000,-11.866
0.03263500,-11.837
0.03264000,-11.813
0.03264500,-11.800
0.03265000,-11.784
0.03265500,-11.753
0.03266000,-11.727
0.03266500,-11.697
0.03267000,-11.669
0.03267500,-11.644
0.03268000,-11.616
0.03268500,-11.600
0.03269000,-11.584
0.03269500,-11.558
0.03270000,-11.531
0.03270500,-11.504
0.03271000,-11.475
0.03271500,-11.444
0.03272000,-11.421
0.03272500,-11.402
0.03273000,-11.386
0.03273500,-11.363
0.03274000,-11.333
0.03274500,-11.306
0.03275000,-11.278
0.03275500,-11.246
0.03276000,-11.220
0.03276500,-11.206
0.03277000,-11.188
0.03277500,-11.161
0.03278000,-11.140
0.03278500,-11.119
0.03279000,-11.080
0.03279500,-11.046
0.03280000,-11.017
0.03280500,-11.003
0.03281000,-10.985
0.03281500,-10.964
0.03282000,-10.940
0.03282500,-10.919
0.03283000,-10.887
0.03283500,-10.856
0.03284000,-10.824
0.03284500,-10.810
0.03285000,-10.795
0.03285500,-10.776
0.03286000,-10.750
0.03286500,-10.731
0.03287000,-10.697
0.03287500,-10.668
0.03288000,-10.642
0.03288500,-10.623
0.03289000,-10.600
0.03289500,-10.583
0.03290000,-10.562
0.03290500,-10.533
0.03291000,-10.509
0.03291500,-10.475
0.03292000,-10.443
0.03292500,-10.420
0.03293000,-10.401
0.03293500,-10.383
0.03294000,-10.365
0.03294500,-10.333
0.03295000,-10.306
0.03295500,-10.274
0.03296000,-10.251
0.03296500,-10.222
0.03297000,-10.201
0.03297500,-10.180
0.03298000,-10.163
0.03298500,-10.135
0.03299000,-10.105
0.03299500,-10.072
0.03300000,-10.043
0.03300500,-10.010
0.03301000,-9.994
0.03301500,-9.979
0.03302000,-9.960
0.03302500,-9.926
0.03303000,-9.902
0.03303500,-9.874
0.03304000,-9.842
0.03304500,-9.815
0.03305000,-9.795
0.03305500,-9.773
0.03306000,-9.757
0.03306500,-9.731
0.03307000,-9.699
0.03307500,-9.668
0.03308000,-9.641
0.03308500,-9.606
0.03309000,-9.583
0.03309500,-9.564
0.03310000,-9.549
0.03310500,-9.520
0.03311000,-9.494
0.03311500,-9.464
0.03312000,-9.428
0.03312500,-9.399
0.03313000,-9.374
0.03313500,-9.354
0.03314000,-9.337
0.03314500,-9.311
0.03315000,-9.285
0.03315500,-9.253
0.03316000,-9.219
0.03316500,-9.190
0.03317000,-9.161
0.03317500,-9.139
0.03318000,-9.124
0.03318500,-9.097
0.03319000,-9.069
0.03319500,-9.039
0.03320000,-9.002
0.03320500,-8.971
0.03321000,-8.941
0.03321500,-8.925
0.03322000,-8.900
0.03322500,-8.878
0.03323000,-8.854
0.03323500,-8.818
0.03324000,-8.789
0.03324500,-8.759
0.03325000,-8.723
0.03325500,-8.701
0.03326000,-8.686
0.03326500,-8.659
0.03327000,-8.636
0.03327500,-8.599
0.03328000,-8.575
0.03328500,-8.543
0.03329000,-8.508
0.03329500,-8.487
0.03330000,-8.469
0.03330500,-8.446
0.03331000,-8.421
0.03331500,-8.392
0.03332000,-8.358
0.03332500,-8.323
0.03333000,-8.295
0.03333500,-8.271
0.03334000,-8.250
0.03334500,-8.234
0.03335000,-8.207
0.03335500,-8.176
0.03336000,-8.147
0.03336500,-8.112
0.03337000,-8.079
0.03337500,-8.055
0.03338000,-8.034
0.03338500,-8.015
0.03339000,-7.989
0.03339500,-7.962
0.03340000,-7.933
0.03340500,-7.901
0.03341000,-7.869
0.03341500,-7.840
0.03342000,-7.817
0.03342500,-7.798
0.03343000,-7.777
0.03343500,-7.749
0.03344000,-7.722
0.03344500,-7.687
0.03345000,-7.654
0.03345500,-7.625
0.03346000,-7.605
0.03346500,-7.580
0.03347000,-7.563
0.03347500,-7.532
0.03348000,-7.502
0.03348500,-7.469
0.03349000,-7.440
0.03349500,-7.410
0.03350000,-7.382
0.03350500,-7.365
0.03351000,-7.347
0.03351500,-7.313
0.03352000,-7.287
0.03352500,-7.250
0.03353000,-7.223
0.03353500,-7.188
0.03354000,-7.162
0.03354500,-7.147
0.03355000,-7.123
0.03355500,-7.101
0.03356000,-7.077
0.03356500,-7.043
0.03357000,-7.006
0.03357500,-6.977
0.03358000,-6.951
0.03358500,-6.924
0.03359000,-6.912
0.03359500,-6.890
0.03360000,-6.862
0.03360500,-6.829
0.03361000,-6.796
0.03361500,-6.772
0.03362000,-6.743
0.03362500,-6.722
0.03363000,-6.700
0.03363500,-6.677
0.03364000,-6.652
0.03364500,-6.621
0.03365000,-6.589
0.03365500,-6.560
0.03366000,-6.531
0.03366500,-6.503
0.03367000,-6.482
0.03367500,-6.465
0.03368000,-6.439
0.03368500,-6.405
0.03369000,-6.376
0.03369500,-6.342
0.03370000,-6.317
0.03370500,-6.291
0.03371000,-6.273
0.03371500,-6.251
0.03372000,-6.228
0.03372500,-6.194
0.03373000,-6.162
0.03373500,-6.133
0.03374000,-6.106
0.03374500,-6.072
0.03375000,-6.054
0.03375500,-6.038
0.03376000,-6.012
0.03376500,-5.979
0.03377000,-5.948
0.03377500,-5.921
0.03378000,-5.887
0.03378500,-5.855
0.03379000,-5.839
0.03379500,-5.824
0.03380000,-5.792
0.03380500,-5.765
0.03381000,-5.736
0.03381500,-5.703
0.03382000,-5.673
0.03382500,-5.644
0.03383000,-5.621
0.03383500,-5.600
0.03384000,-5.579
0.03384500,-5.550
0.03385000,-5.525
0.03385500,-5.492
0.03386000,-5.460
0.03386500,-5.425
0.03387000,-5.406
0.03387500,-5.391
0.03388000,-5.369
0.03388500,-5.333
0.03389000,-5.307
0.03389500,-5.282
0.03390000,-5.243
0.03390500,-5.211
0.03391000,-5.193
0.03391500,-5.167
0.03392000,-5.153
0.03392500,-5.127
0.03393000,-5.092
0.03393500,-5.071
0.03394000,-5.037
0.03394500,-5.005
0.03395000,-4.963
0.03395500,-4.953
0.03396000,-4.932
0.03396500,-4.905
0.03397000,-4.879
0.03397500,-4.855
0.03398000,-4.818
0.03398500,-4.784
0.03399000,-4.760
0.03399500,-4.741
0.03400000,-4.725
0.03400500,-4.694
0.03401000,-4.667
0.03401500,-4.639
0.03402000,-4.610
0.03402500,-4.573
0.03403000,-4.546
0.03403500,-4.527
0.03404000,-4.502
0.03404500,-4.481
0.03405000,-4.454
0.03405500,-4.427
0.03406000,-4.391
0.03406500,-4.361
0.03407000,-4.329
0.03407500,-4.303
0.03408000,-4.282
0.03408500,-4.258
0.03409000,-4.227
0.03409500,-4.208
0.03410000,-4.174
0.03410500,-4.139
0.03411000,-4.111
0.03411500,-4.085
0.03412000,-4.060
0.03412500,-4.042
0.03413000,-4.013
0.03413500,-3.984
0.03414000,-3.953
0.03414500,-3.916
0.03415000,-3.891
0.03415500,-3.859
0.03416000,-3.831
0.03416500,-3.812
0.03417000,-3.786
0.03417500,-3.757
0.03418000,-3.723
0.03418500,-3.691
0.03419000,-3.662
0.03419500,-3.630
0.03420000,-3.596
0.03420500,-3.586
0.03421000,-3.551
0.03421500,-3.525
0.03422000,-3.490
0.03422500,-3.456
0.03423000,-3.425
0.03423500,-3.396
0.03424000,-3.369
0.03424500,-3.348
0.03425000,-3.324
0.03425500,-3.300
0.03426000,-3.258
0.03426500,-3.231
0.03427000,-3.200
0.03427500,-3.160
0.03428000,-3.136
0.03428500,-3.115
0.03429000,-3.092
0.03429500,-3.062
0.03430000,-3.033
0.03430500,-3.004
0.03431000,-2.962
0.03431500,-2.939
0.03432000,-2.905
0.03432500,-2.885
0.03433000,-2.870
0.03433500,-2.838
0.03434000,-2.806
0.03434500,-2.773
0.03435000,-2.740
0.03435500,-2.712
0.03436000,-2.682
0.03436500,-2.661
0.03437000,-2.640
0.03437500,-2.614
0.03438000,-2.584
0.03438500,-2.561
0.03439000,-2.522
0.03439500,-2.490
0.03440000,-2.463
0.03440500,-2.435
0.03441000,-2.419
0.03441500,-2.402
0.03442000,-2.368
0.03442500,-2.337
0.03443000,-2.300
0.03443500,-2.276
0.03444000,-2.242
0.03444500,-2.218
0.03445000,-2.205
0.03445500,-2.176
0.03446000,-2.144
0.03446500,-2.120
0.03447000,-2.084
0.03447500,-2.052
0.03448000,-2.022
0.03448500,-1.999
0.03449000,-1.978
0.03449500,-1.951
0.03450000,-1.924
0.03450500,-1.888
0.03451000,-1.858
0.03451500,-1.833
0.03452000,-1.795
0.03452500,-1.759
0.03453000,-1.748
0.03453500,-1.730
0.03454000,-1.703
0.03454500,-1.666
0.03455000,-1.640
0.03455500,-1.598
0.03456000,-1.565
0.03456500,-1.539
0.03457000,-1.521
0.03457500,-1.500
0.03458000,-1.470
0.03458500,-1.441
0.03459000,-1.413
0.03459500,-1.376
0.03460000,-1.339
0.03460500,-1.312
0.03461000,-1.286
0.03461500,-1.265
0.03462000,-1.239
0.03462500,-1.209
0.03463000,-1.185
0.03463500,-1.143
0.03464000,-1.109
0.03464500,-1.085
0.03465000,-1.061
0.03465500,-1.032
0.03466000,-1.014
0.03466500,-0.985
0.03467000,-0.950
0.03467500,-0.917
0.03468000,-0.876
0.03468500,-0.847
0.03469000,-0.819
0.03469500,-0.797
0.03470000,-0.772
0.03470500,-0.744
0.03471000,-0.716
0.03471500,-0.678
0.03472000,-0.640
0.03472500,-0.608
0.03473000,-0.583
0.03473500,-0.560
0.03474000,-0.534
0.03474500,-0.504
0.03475000,-0.471
0.03475500,-0.439
0.03476000,-0.404
0.03476500,-0.370
0.03477000,-0.343
0.03477500,-0.312
0.03478000,-0.296
0.03478500,-0.265
0.03479000,-0.227
0.03479500,-0.209
0.03480000,-0.161
0.03480500,-0.127
0.03481000,-0.100
0.03481500,-0.085
0.03482000,-0.048
0.03482500,-0.027
0.03483000,0.005
0.03483500,0.045
0.03484000,0.079
0.03484500,0.116
0.03485000,0.147
0.03485500,0.174
0.03486000,0.192
0.03486500,0.222
0.03487000,0.253
0.03487500,0.284
0.03488000,0.316
0.03488500,0.354
0.03489000,0.396
0.03489500,0.412
0.03490000,0.440
0.03490500,0.470
0.03491000,0.504
0.03491500,0.531
0.03492000,0.567
0.03492500,0.606
0.03493000,0.639
0.03493500,0.670
0.03494000,0.691
0.03494500,0.712
0.03495000,0.746
0.03495500,0.778
0.03496000,0.818
0.03496500,0.855
0.03497000,0.890
0.03497500,0.919
0.03498000,0.939
0.03498500,0.963
0.03499000,0.997
0.03499500,1.024
0.03500000,1.058
0.03500500,1.095
0.03501000,1.134
0.03501500,1.156
0.03502000,1.183
0.03502500,1.212
0.03503000,1.237
0.03503500,1.270
0.03504000,1.295
0.03504500,1.333
0.03505000,1.370
0.03505500,1.396
0.03506000,1.420
0.03506500,1.441
0.03507000,1.470
0.03507500,1.497
0.03508000,1.530
0.03508500,1.565
0.03509000,1.596
0.03509500,1.623
0.03510000,1.652
0.03510500,1.668
0.03511000,1.697
0.03511500,1.728
0.03512000,1.755
0.03512500,1.777
0.03513000,1.818
0.03513500,1.848
0.03514000,1.874
0.03514500,1.905
0.03515000,1.919
0.03515500,1.945
0.03516000,1.975
0.03516500,2.014
0.03517000,2.041
0.03517500,2.069
0.03518000,2.101
0.03518500,2.128
0.03519000,2.143
0.03519500,2.167
0.03520000,2.199
0.03520500,2.235
0.03521000,2.262
0.03521500,2.293
0.03522000,2.323
0.03522500,2.352
0.03523000,2.370
0.03523500,2.391
0.03524000,2.418
0.03524500,2.450
0.03525000,2.481
0.03525500,2.516
0.03526000,2.545
0.03526500,2.568
0.03527000,2.589
0.03527500,2.616
0.03528000,2.647
0.03528500,2.682
0.03529000,2.705
0.03529500,2.745
0.03530000,2.776
0.03530500,2.801
0.03531000,2.824
0.03531500,2.850
0.03532000,2.877
0.03532500,2.911
0.03533000,2.941
0.03533500,2.977
0.03534000,3.006
0.03534500,3.027
0.03535000,3.057
0.03535500,3.075
0.03536000,3.101
0.03536500,3.130
0.03537000,3.154
0.03537500,3.196
0.03538000,3.228
0.03538500,3.252
0.03539000,3.276
0.03539500,3.291
0.03540000,3.323
0.03540500,3.352
0.03541000,3.382
0.03541500,3.413
0.03542000,3.452
0.03542500,3.487
0.03543000,3.506
0.03543500,3.529
0.03544000,3.551
0.03544500,3.588
0.03545000,3.616
0.03545500,3.648
0.03546000,3.693
0.03546500,3.722
0.03547000,3.748
0.03547500,3.769
0.03548000,3.795
0.03548500,3.825
0.03549000,3.854
0.03549500,3.891
0.03550000,3.925
0.03550500,3.954
0.03551000,3.994
0.03551500,4.007
0.03552000,4.039
0.03552500,4.060
0.03553000,4.097
0.03553500,4.123
0.03554000,4.162
0.03554500,4.191
0.03555000,4.218
0.03555500,4.239
0.03556000,4.263
0.03556500,4.287
0.03557000,4.323
0.03557500,4.355
0.03558000,4.393
0.03558500,4.427
0.03559000,4.453
0.03559500,4.472
0.03560000,4.501
0.03560500,4.527
0.03561000,4.572
0.03561500,4.596
0.03562000,4.630
0.03562500,4.667
0.03563000,4.694
0.03563500,4.725
0.03564000,4.736
0.03564500,4.764
0.03565000,4.797
0.03565500,4.834
0.03566000,4.863
0.03566500,4.894
0.03567000,4.923
0.03567500,4.949
0.03568000,4.971
0.03568500,4.992
0.03569000,5.016
0.03569500,5.053
0.03570000,5.084
0.03570500,5.116
0.03571000,5.155
0.03571500,5.181
0.03572000,5.198
0.03572500,5.222
0.03573000,5.245
0.03573500,5.280
0.03574000,5.313
0.03574500,5.350
0.03575000,5.374
0.03575500,5.409
0.03576000,5.440
0.03576500,5.446
0.03577000,5.474
0.03577500,5.509
0.03578000,5.543
0.03578500,5.570
0.03579000,5.610
0.03579500,5.638
0.03580000,5.660
0.03580500,5.686
0.03581000,5.705
0.03581500,5.738
0.03582000,5.765
0.03582500,5.796
0.03583000,5.828
0.03583500,5.855
0.03584000,5.884
0.03584500,5.907
0.03585000,5.926
0.03585500,5.963
0.03586000,5.990
0.03586500,6.016
0.03587000,6.048
0.03587500,6.080
0.03588000,6.105
0.03588500,6.124
0.03589000,6.148
0.03589500,6.179
0.03590000,6.208
0.03590500,6.238
0.03591000,6.272
0.03591500,6.304
0.03592000,6.320
0.03592500,6.340
0.03593000,6.362
0.03593500,6.394
0.03594000,6.420
0.03594500,6.452
0.03595000,6.481
0.03595500,6.515
0.03596000,6.544
0.03596500,6.554
0.03597000,6.580
0.03597500,6.604
0.03598000,6.631
0.03598500,6.662
0.03599000,6.699
0.03599500,6.723
0.03600000,6.750
0.03600500,6.771
0.03601000,6.784
0.03601500,6.811
0.03602000,6.844
0.03602500,6.871
0.03603000,6.898
0.03603500,6.937
0.03604000,6.964
0.03604500,6.984
0.03605000,6.998
0.03605500,7.027
0.03606000,7.051
0.03606500,7.079
0.03607000,7.109
0.03607500,7.140
0.03608000,7.172
0.03608500,7.193
0.03609000,7.214
0.03609500,7.238
0.03610000,7.272
0.03610500,7.298
0.03611000,7.325
0.03611500,7.360
0.03612000,7.394
0.03612500,7.413
0.03613000,7.431
0.03613500,7.452
0.03614000,7.479
0.03614500,7.504
0.03615000,7.534
0.03615500,7.568
0.03616000,7.594
0.03616500,7.615
0.03617000,7.634
0.03617500,7.653
0.03618000,7.681
0.03618500,7.710
0.03619000,7.740
0.03619500,7.766
0.03620000,7.797
0.03620500,7.822
0.03621000,7.838
0.03621500,7.853
0.03622000,7.887
0.03622500,7.914
0.03623000,7.938
0.03623500,7.970
0.03624000,8.001
0.03624500,8.028
0.03625000,8.051
0.03625500,8.069
0.03626000,8.091
0.03626500,8.112
0.03627000,8.149
0.03627500,8.183
0.03628000,8.209
0.03628500,8.238
0.03629000,8.259
0.03629500,8.278
0.03630000,8.300
0.03630500,8.317
0.03631000,8.358
0.03631500,8.381
0.03632000,8.412
0.03632500,8.440
0.03633000,8.469
0.03633500,8.486
0.03634000,8.500
0.03634500,8.527
0.03635000,8.563
0.03635500,8.592
0.03636000,8.622
0.03636500,8.648
0.03637000,8.676
0.03637500,8.690
0.03638000,8.711
0.03638500,8.737
0.03639000,8.771
0.03639500,8.793
0.03640000,8.824
0.03640500,8.857
0.03641000,8.888
0.03641500,8.903
0.03642000,8.919
0.03642500,8.938
0.03643000,8.973
0.03643500,9.002
0.03644000,9.030
0.03644500,9.059
0.03645000,9.086
0.03645500,9.104
0.03646000,9.123
0.03646500,9.141
0.03647000,9.176
0.03647500,9.207
0.03648000,9.233
0.03648500,9.268
0.03649000,9.295
0.03649500,9.324
0.03650000,9.334
0.03650500,9.353
0.03651000,9.382
0.03651500,9.413
0.03652000,9.437
0.03652500,9.466
0.03653000,9.501
0.03653500,9.527
0.03654000,9.537
0.03654500,9.554
0.03655000,9.590
0.03655500,9.614
0.03656000,9.643
0.03656500,9.675
0.03657000,9.714
0.03657500,9.728
0.03658000,9.740
0.03658500,9.764
0.03659000,9.796
0.03659500,9.820
0.03660000,9.847
0.03660500,9.876
0.03661000,9.913
0.03661500,9.936
0.03662000,9.954
0.03662500,9.971
0.03663000,10.004
0.03663500,10.026
0.03664000,10.055
0.03664500,10.089
0.03665000,10.120
0.03665500,10.147
0.03666000,10.163
0.03666500,10.186
0.03667000,10.211
0.03667500,10.232
0.03668000,10.260
0.03668500,10.292
0.03669000,10.316
0.03669500,10.334
0.03670000,10.353
0.03670500,10.366
0.03671000,10.387
0.03671500,10.413
0.03672000,10.437
0.03672500,10.477
0.03673000,10.512
0.03673500,10.541
0.03674000,10.564
0.03674500,10.585
0.03675000,10.611
0.03675500,10.627
0.03676000,10.659
0.03676500,10.685
0.03677000,10.714
0.03677500,10.741
0.03678000,10.768
0.03678500,10.783
0.03679000,10.805
0.03679500,10.826
0.03680000,10.854
0.03680500,10.883
0.03681000,10.915
0.03681500,10.936
0.03682000,10.966
0.03682500,10.979
0.03683000,11.002
0.03683500,11.026
0.03684000,11.045
0.03684500,11.081
0.03685000,11.111
0.03685500,11.135
0.03686000,11.161
0.03686500,11.182
0.03687000,11.197
0.03687500,11.217
0.03688000,11.245
0.03688500,11.271
0.03689000,11.301
0.03689500,11.327
0.03690000,11.353
0.03690500,11.375
0.03691000,11.393
0.03691500,11.412
0.03692000,11.440
0.03692500,11.473
0.03693000,11.496
0.03693500,11.527
0.03694000,11.546
0.03694500,11.573
0.03695000,11.586
0.03695500,11.604
0.03696000,11.638
0.03696500,11.660
0.03697000,11.686
0.03697500,11.713
0.03698000,11.739
0.03698500,11.762
0.03699000,11.781
0.03699500,11.800
0.03700000,11.823
0.03700500,11.852
0.03701000,11.871
0.03701500,11.897
0.03702000,11.931
0.03702500,11.955
0.03703000,11.974
0.03703500,11.980
0.03704000,12.006
0.03704500,12.034
0.03705000,12.063
0.03705500,12.082
0.03706000,12.114
0.03706500,12.141
0.03707000,12.153
0.03707500,12.174
0.03708000,12.199
0.03708500,12.220
0.03709000,12.243
0.03709500,12.272
0.03710000,12.298
0.03710500,12.325
0.03711000,12.348
0.03711500,12.356
0.03712000,12.383
0.03712500,12.404
0.03713000,12.428
0.03713500,12.457
0.03714000,12.483
0.03714500,12.507
0.03715000,12.525
0.03715500,12.542
0.03716000,12.565
0.03716500,12.587
0.03717000,12.605
0.03717500,12.641
0.03718000,12.663
0.03718500,12.689
0.03719000,12.713
0.03719500,12.723
0.03720000,12.747
0.03720500,12.771
0.03721000,12.795
0.03721500,12.824
0.03722000,12.856
0.03722500,12.880
0.03723000,12.903
0.03723500,12.914
0.03724000,12.937
0.03724500,12.961
0.03725000,12.979
0.03725500,13.006
0.03726000,13.038
0.03726500,13.062
0.03727000,13.085
0.03727500,13.098
0.03728000,13.120
0.03728500,13.140
0.03729000,13.167
0.03729500,13.185
0.03730000,13.220
0.03730500,13.249
0.03731000,13.268
0.03731500,13.281
0.03732000,13.304
0.03732500,13.317
0.03733000,13.342
0.03733500,13.368
0.03734000,13.397
0.03734500,13.418
0.03735000,13.450
0.03735500,13.465
0.03736000,13.487
0.03736500,13.495
0.03737000,13.519
0.03737500,13.545
0.03738000,13.574
0.03738500,13.602
0.03739000,13.629
0.03739500,13.645
0.03740000,13.671
0.03740500,13.684
0.03741000,13.701
0.03741500,13.727
0.03742000,13.753
0.03742500,13.777
0.03743000,13.793
0.03743500,13.798
0.03744000,13.806
0.03744500,13.814
0.03745000,13.832
0.03745500,13.849
0.03746000,13.885
0.03746500,13.907
0.03747000,13.943
0.03747500,13.969
0.03748000,13.993
0.03748500,14.017
0.03749000,14.041
0.03749500,14.062
0.03750000,14.091
0.03750500,14.123
0.03751000,14.146
0.03751500,14.171
0.03752000,14.188
0.03752500,14.200
0.03753000,14.212
0.03753500,14.233
0.03754000,14.263
0.03754500,14.281
0.03755000,14.308
0.03755500,14.328
0.03756000,14.345
0.03756500,14.353
0.03757000,14.379
0.03757500,14.405
0.03758000,14.424
0.03758500,14.453
0.03759000,14.476
0.03759500,14.501
0.03760000,14.526
0.03760500,14.539
0.03761000,14.547
0.03761500,14.564
0.03762000,14.593
0.03762500,14.609
0.03763000,14.629
0.03763500,14.653
0.03764000,14.671
0.03764500,14.675
0.03765000,14.683
0.03765500,14.708
0.03766000,14.730
0.03766500,14.746
0.03767000,14.777
0.03767500,14.799
0.03768000,14.814
0.03768500,14.828
0.03769000,14.844
0.03769500,14.856
0.03770000,14.881
0.03770500,14.901
0.03771000,14.923
0.03771500,14.943
0.03772000,14.967
0.03772500,14.978
0.03773000,14.981
0.03773500,14.997
0.03774000,15.018
0.03774500,15.036
0.03775000,15.057
0.03775500,15.087
0.03776000,15.108
0.03776500,15.121
0.03777000,15.128
0.03777500,15.145
0.03778000,15.162
0.03778500,15.190
0.03779000,15.200
0.03779500,15.226
0.03780000,15.256
0.03780500,15.269
0.03781000,15.282
0.03781500,15.289
0.03782000,15.310
0.03782500,15.334
0.03783000,15.351
0.03783500,15.379
0.03784000,15.400
0.03784500,15.417
0.03785000,15.432
0.03785500,15.442
0.03786000,15.459
0.03786500,15.475
0.03787000,15.496
0.03787500,15.521
0.03788000,15.545
0.03788500,15.561
0.03789000,15.575
0.03789500,15.583
0.03790000,15.599
0.03790500,15.612
0.03791000,15.636
0.03791500,15.657
0.03792000,15.680
0.03792500,15.694
0.03793000,15.709
0.03793500,15.715
0.03794000,15.730
0.03794500,15.749
0.03795000,15.765
0.03795500,15.789
0.03796000,15.807
0.03796500,15.823
0.03797000,15.838
0.03797500,15.846
0.03798000,15.852
0.03798500,15.871
0.03799000,15.884
0.03799500,15.902
0.03800000,15.928
0.03800500,15.939
0.03801000,15.954
0.03801500,15.960
0.03802000,15.971
0.03802500,15.981
0.03803000,15.999
0.03803500,16.016
0.03804000,16.032
0.03804500,16.055
0.03805000,16.071
0.03805500,16.081
0.03806000,16.078
0.03806500,16.095
0.03807000,16.111
0.03807500,16.126
0.03808000,16.140
0.03808500,16.163
0.03809000,16.179
0.03809500,16.185
0.03810000,16.189
0.03810500,16.201
0.03811000,16.218
0.03811500,16.232
0.03812000,16.248
0.03812500,16.263
0.03813000,16.284
0.03813500,16.292
0.03814000,16.298
0.03814500,16.301
0.03815000,16.319
0.03815500,16.338
0.03816000,16.351
0.03816500,16.375
0.03817000,16.388
0.03817500,16.399
0.03818000,16.401
0.03818500,16.408
0.03819000,16.425
0.03819500,16.441
0.03820000,16.457
0.03820500,16.472
0.03821000,16.491
0.03821500,16.498
0.03822000,16.504
0.03822500,16.514
0.03823000,16.520
0.03823500,16.541
0.03824000,16.557
0.03824500,16.580
0.03825000,16.594
0.03825500,16.614
0.03826000,16.614
0.03826500,16.614
0.03827000,16.630
0.03827500,16.644
0.03828000,16.655
0.03828500,16.681
0.03829000,16.697
0.03829500,16.712
0.03830000,16.720
0.03830500,16.728
0.03831000,16.736
0.03831500,16.757
0.03832000,16.767
0.03832500,16.786
0.03833000,16.800
0.03833500,16.816
0.03834000,16.826
0.03834500,16.829
0.03835000,16.841
0.03835500,16.850
0.03836000,16.870
0.03836500,16.889
0.03837000,16.911
0.03837500,16.926
0.03838000,16.940
0.03838500,16.940
0.03839000,16.950
0.03839500,16.966
0.03840000,16.974
0.03840500,16.993
0.03841000,17.013
0.03841500,17.026
0.03842000,17.034
0.03842500,17.040
0.03843000,17.048
0.03843500,17.058
0.03844000,17.076
0.03844500,17.092
0.03845000,17.119
0.03845500,17.126
0.03846000,17.142
0.03846500,17.150
0.03847000,17.156
0.03847500,17.167
0.03848000,17.180
0.03848500,17.190
0.03849000,17.212
0.03849500,17.229
0.03850000,17.238
0.03850500,17.238
0.03851000,17.249
0.03851500,17.261
0.03852000,17.275
0.03852500,17.290
0.03853000,17.312
0.03853500,17.330
0.03854000,17.340
0.03854500,17.349
0.03855000,17.356
0.03855500,17.362
0.03856000,17.372
0.03856500,17.390
0.03857000,17.407
0.03857500,17.423
0.03858000,17.435
0.03858500,17.446
0.03859000,17.451
0.03859500,17.457
0.03860000,17.459
0.03860500,17.470
0.03861000,17.491
0.03861500,17.505
0.03862000,17.517
0.03862500,17.531
0.03863000,17.531
0.03863500,17.534
0.03864000,17.547
0.03864500,17.559
0.03865000,17.570
0.03865500,17.581
0.03866000,17.592
0.03866500,17.592
0.03867000,17.591
0.03867500,17.594
0.03868000,17.594
0.03868500,17.602
0.03869000,17.615
0.03869500,17.628
0.03870000,17.644
0.03870500,17.645
0.03871000,17.645
0.03871500,17.645
0.03872000,17.650
0.03872500,17.662
0.03873000,17.671
0.03873500,17.681
0.03874000,17.700
0.03874500,17.708
0.03875000,17.711
0.03875500,17.708
0.03876000,17.711
0.03876500,17.718
0.03877000,17.737
0.03877500,17.752
0.03878000,17.758
0.03878500,17.774
0.03879000,17.779
0.03879500,17.787
0.03880000,17.789
0.03880500,17.802
0.03881000,17.805
0.03881500,17.813
0.03882000,17.826
0.03882500,17.837
0.03883000,17.840
0.03883500,17.842
0.03884000,17.852
0.03884500,17.858
0.03885000,17.864
0.03885500,17.872
0.03886000,17.885
0.03886500,17.905
0.03887000,17.903
0.03887500,17.906
0.03888000,17.903
0.03888500,17.906
0.03889000,17.914
0.03889500,17.919
0.03890000,17.934
0.03890500,17.947
0.03891000,17.955
0.03891500,17.958
0.03892000,17.948
0.03892500,17.956
0.03893000,17.964
0.03893500,17.979
0.03894000,17.987
0.03894500,17.995
0.03895000,18.000
0.03895500,18.001
0.03896000,17.996
0.03896500,18.000
0.03897000,18.001
0.03897500,18.008
0.03898000,18.011
0.03898500,18.024
0.03899000,18.027
0.03899500,18.025
0.03900000,18.024
0.03900500,18.019
0.03901000,18.024
0.03901500,18.022
0.03902000,18.033
0.03902500,18.048
0.03903000,18.050
0.03903500,18.048
0.03904000,18.043
0.03904500,18.043
0.03905000,18.050
0.03905500,18.056
0.03906000,18.064
0.03906500,18.066
0.03907000,18.070
0.03907500,18.074
0.03908000,18.069
0.03908500,18.070
0.03909000,18.066
0.03909500,18.067
0.03910000,18.080
0.03910500,18.085
0.03911000,18.093
0.03911500,18.095
0.03912000,18.093
0.03912500,18.095
0.03913000,18.091
0.03913500,18.096
0.03914000,18.104
0.03914500,18.112
0.03915000,18.122
0.03915500,18.124
0.03916000,18.124
0.03916500,18.116
0.03917000,18.119
0.03917500,18.120
0.03918000,18.120
0.03918500,18.128
0.03919000,18.140
0.03919500,18.143
0.03920000,18.146
0.03920500,18.138
0.03921000,18.136
0.03921500,18.140
0.03922000,18.149
0.03922500,18.154
0.03923000,18.153
0.03923500,18.170
0.03924000,18.174
0.03924500,18.157
0.03925000,18.167
0.03925500,18.162
0.03926000,18.170
0.03926500,18.178
0.03927000,18.180
0.03927500,18.183
0.03928000,18.191
0.03928500,18.191
0.03929000,18.180
0.03929500,18.180
0.03930000,18.186
0.03930500,18.193
0.03931000,18.190
0.03931500,18.201
0.03932000,18.209
0.03932500,18.204
0.03933000,18.194
0.03933500,18.199
0.03934000,18.209
0.03934500,18.219
0.03935000,18.222
0.03935500,18.228
0.03936000,18.231
0.03936500,18.231
0.03937000,18.227
0.03937500,18.220
0.03938000,18.222
0.03938500,18.230
0.03939000,18.236
0.03939500,18.244
0.03940000,18.251
0.03940500,18.249
0.03941000,18.236
0.03941500,18.240
0.03942000,18.236
0.03942500,18.244
0.03943000,18.248
0.03943500,18.254
0.03944000,18.262
0.03944500,18.256
0.03945000,18.256
0.03945500,18.252
0.03946000,18.256
0.03946500,18.251
0.03947000,18.259
0.03947500,18.270
0.03948000,18.277
0.03948500,18.280
0.03949000,18.273
0.03949500,18.268
0.03950000,18.272
0.03950500,18.278
0.03951000,18.278
0.03951500,18.283
0.03952000,18.294
0.03952500,18.293
0.03953000,18.291
0.03953500,18.283
0.03954000,18.281
0.03954500,18.278
0.03955000,18.289
0.03955500,18.299
0.03956000,18.312
0.03956500,18.310
0.03957000,18.309
0.03957500,18.297
0.03958000,18.304
0.03958500,18.304
0.03959000,18.306
0.03959500,18.314
0.03960000,18.317
0.03960500,18.326
0.03961000,18.318
0.03961500,18.314
0.03962000,18.314
0.03962500,18.315
0.03963000,18.318
0.03963500,18.325
0.03964000,18.330
0.03964500,18.333
0.03965000,18.331
0.03965500,18.328
0.03966000,18.326
0.03966500,18.325
0.03967000,18.331
0.03967500,18.339
0.03968000,18.349
0.03968500,18.354
0.03969000,18.359
0.03969500,18.351
0.03970000,18.347
0.03970500,18.325
0.03971000,18.343
0.03971500,18.349
0.03972000,18.355
0.03972500,18.370
0.03973000,18.365
0.03973500,18.359
0.03974000,18.351
0.03974500,18.351
0.03975000,18.355
0.03975500,18.365
0.03976000,18.368
0.03976500,18.373
0.03977000,18.381
0.03977500,18.373
0.03978000,18.373
0.03978500,18.367
0.03979000,18.370
0.03979500,18.378
0.03980000,18.386
0.03980500,18.391
0.03981000,18.397
0.03981500,18.396
0.03982000,18.389
0.03982500,18.383
0.03983000,18.383
0.03983500,18.388
0.03984000,18.388
0.03984500,18.402
0.03985000,18.409
0.03985500,18.409
0.03986000,18.399
0.03986500,18.394
0.03987000,18.394
0.03987500,18.402
0.03988000,18.404
0.03988500,18.413
0.03989000,18.423
0.03989500,18.425
0.03990000,18.418
0.03990500,18.410
0.03991000,18.413
0.03991500,18.417
0.03992000,18.420
0.03992500,18.423
0.03993000,18.431
0.03993500,18.433
0.03994000,18.423
0.03994500,18.417
0.03995000,18.412
0.03995500,18.425
0.03996000,18.429
0.03996500,18.434
0.03997000,18.446
0.03997500,18.444
0.03998000,18.439
0.03998500,18.431
0.03999000,18.431
0.03999500,18.433
0.04000000,18.434
0.04000500,18.444
0.04001000,18.446
0.04001500,18.455
0.04002000,18.446
0.04002500,18.444
0.04003000,18.433
0.04003500,18.439
0.04004000,18.436
0.04004500,18.446
0.04005000,18.450
0.04005500,18.458
0.04006000,18.455
0.04006500,18.446
0.04007000,18.439
0.04007500,18.442
0.04008000,18.444
0.04008500,18.449
0.04009000,18.454
0.04009500,18.460
0.04010000,18.463
0.04010500,18.454
0.04011000,18.449
0.04011500,18.442
0.04012000,18.444
0.04012500,18.450
0.04013000,18.458
0.04013500,18.465
0.04014000,18.465
0.04014500,18.455
0.04015000,18.454
0.04015500,18.449
0.04016000,18.455
0.04016500,18.450
0.04017000,18.458
0.04017500,18.473
0.04018000,18.468
0.04018500,18.462
0.04019000,18.452
0.04019500,18.447
0.04020000,18.449
0.04020500,18.449
0.04021000,18.458
0.04021500,18.458
0.04022000,18.463
0.04022500,18.470
0.04023000,18.460
0.04023500,18.455
0.04024000,18.454
0.04024500,18.458
0.04025000,18.460
0.04025500,18.470
0.04026000,18.466
0.04026500,18.468
0.04027000,18.465
0.04027500,18.462
0.04028000,18.454
0.04028500,18.463
0.04029000,18.463
0.04029500,18.470
0.04030000,18.475
0.04030500,18.473
0.04031000,18.463
0.04031500,18.457
0.04032000,18.455
0.04032500,18.457
0.04033000,18.460
0.04033500,18.466
0.04034000,18.466
0.04034500,18.475
0.04035000,18.470
0.04035500,18.455
0.04036000,18.442
0.04036500,18.458
0.04037000,18.463
0.04037500,18.462
0.04038000,18.471
0.04038500,18.466
0.04039000,18.462
0.04039500,18.462
0.04040000,18.449
0.04040500,18.449
0.04041000,18.454
0.04041500,18.457
0.04042000,18.465
0.04042500,18.463
0.04043000,18.460
0.04043500,18.444
0.04044000,18.438
0.04044500,18.441
0.04045000,18.442
0.04045500,18.447
0.04046000,18.454
0.04046500,18.458
0.04047000,18.450
0.04047500,18.446
0.04048000,18.433
0.04048500,18.431
0.04049000,18.431
0.04049500,18.433
0.04050000,18.433
0.04050500,18.438
0.04051000,18.436
0.04051500,18.420
0.04052000,18.418
0.04052500,18.418
0.04053000,18.409
0.04053500,18.412
0.04054000,18.417
0.04054500,18.418
0.04055000,18.425
0.04055500,18.412
0.04056000,18.405
0.04056500,18.394
0.04057000,18.392
0.04057500,18.391
0.04058000,18.392
0.04058500,18.396
0.04059000,18.397
0.04059500,18.384
0.04060000,18.373
0.04060500,18.372
0.04061000,18.368
0.04061500,18.367
0.04062000,18.367
0.04062500,18.365
0.04063000,18.365
0.04063500,18.362
0.04064000,18.351
0.04064500,18.338
0.04065000,18.341
0.04065500,18.333
0.04066000,18.338
0.04066500,18.341
0.04067000,18.338
0.04067500,18.325
0.04068000,18.307
0.04068500,18.301
0.04069000,18.291
0.04069500,18.288
0.04070000,18.281
0.04070500,18.286
0.04071000,18.289
0.04071500,18.277
0.04072000,18.260
0.04072500,18.248
0.04073000,18.236
0.04073500,18.231
0.04074000,18.230
0.04074500,18.225
0.04075000,18.230
0.04075500,18.219
0.04076000,18.202
0.04076500,18.190
0.04077000,18.185
0.04077500,18.190
0.04078000,18.182
0.04078500,18.186
0.04079000,18.177
0.04079500,18.165
0.04080000,18.153
0.04080500,18.130
0.04081000,18.112
0.04081500,18.103
0.04082000,18.103
0.04082500,18.093
0.04083000,18.095
0.04083500,18.087
0.04084000,18.070
0.04084500,18.050
0.04085000,18.037
0.04085500,18.022
0.04086000,18.011
0.04086500,18.008
0.04087000,18.000
0.04087500,17.995
0.04088000,17.979
0.04088500,17.961
0.04089000,17.943
0.04089500,17.932
0.04090000,17.924
0.04090500,17.921
0.04091000,17.916
0.04091500,17.903
0.04092000,17.890
0.04092500,17.874
0.04093000,17.858
0.04093500,17.835
0.04094000,17.827
0.04094500,17.821
0.04095000,17.810
0.04095500,17.800
0.04096000,17.792
0.04096500,17.774
0.04097000,17.753
0.04097500,17.737
0.04098000,17.724
0.04098500,17.718
0.04099000,17.707
0.04099500,17.695
0.04100000,17.686
0.04100500,17.671
0.04101000,17.645
0.04101500,17.629
0.04102000,17.628
0.04102500,17.618
0.04103000,17.612
0.04103500,17.604
0.04104000,17.594
0.04104500,17.581
0.04105000,17.563
0.04105500,17.542
0.04106000,17.530
0.04106500,17.522
0.04107000,17.513
0.04107500,17.509
0.04108000,17.501
0.04108500,17.488
0.04109000,17.465
0.04109500,17.447
0.04110000,17.430
0.04110500,17.425
0.04111000,17.417
0.04111500,17.404
0.04112000,17.396
0.04112500,17.378
0.04113000,17.362
0.04113500,17.343
0.04114000,17.325
0.04114500,17.320
0.04115000,17.311
0.04115500,17.298
0.04116000,17.291
0.04116500,17.272
0.04117000,17.258
0.04117500,17.229
0.04118000,17.220
0.04118500,17.208
0.04119000,17.195
0.04119500,17.192
0.04120000,17.182
0.04120500,17.174
0.04121000,17.158
0.04121500,17.140
0.04122000,17.116
0.04122500,17.103
0.04123000,17.090
0.04123500,17.085
0.04124000,17.080
0.04124500,17.072
0.04125000,17.053
0.04125500,17.031
0.04126000,17.014
0.04126500,17.000
0.04127000,16.990
0.04127500,16.977
0.04128000,16.979
0.04128500,16.965
0.04129000,16.947
0.04129500,16.932
0.04130000,16.913
0.04130500,16.903
0.04131000,16.890
0.04131500,16.882
0.04132000,16.876
0.04132500,16.861
0.04133000,16.847
0.04133500,16.829
0.04134000,16.810
0.04134500,16.791
0.04135000,16.781
0.04135500,16.771
0.04136000,16.763
0.04136500,16.754
0.04137000,16.739
0.04137500,16.715
0.04138000,16.697
0.04138500,16.686
0.04139000,16.672
0.04139500,16.655
0.04140000,16.651
0.04140500,16.646
0.04141000,16.631
0.04141500,16.614
0.04142000,16.589
0.04142500,16.577
0.04143000,16.557
0.04143500,16.546
0.04144000,16.541
0.04144500,16.531
0.04145000,16.520
0.04145500,16.498
0.04146000,16.482
0.04146500,16.461
0.04147000,16.446
0.04147500,16.435
0.04148000,16.428
0.04148500,16.416
0.04149000,16.403
0.04149500,16.390
0.04150000,16.369
0.04150500,16.340
0.04151000,16.325
0.04151500,16.313
0.04152000,16.298
0.04152500,16.296
0.04153000,16.280
0.04153500,16.264
0.04154000,16.247
0.04154500,16.222
0.04155000,16.203
0.04155500,16.195
0.04156000,16.177
0.04156500,16.166
0.04157000,16.148
0.04157500,16.137
0.04158000,16.116
0.04158500,16.097
0.04159000,16.073
0.04159500,16.063
0.04160000,16.050
0.04160500,16.034
0.04161000,16.023
0.04161500,16.008
0.04162000,15.986
0.04162500,15.960
0.04163000,15.934
0.04163500,15.918
0.04164000,15.913
0.04164500,15.900
0.04165000,15.891
0.04165500,15.875
0.04166000,15.854
0.04166500,15.825
0.04167000,15.809
0.04167500,15.786
0.04168000,15.775
0.04168500,15.756
0.04169000,15.741
0.04169500,15.731
0.04170000,15.706
0.04170500,15.675
0.04171000,15.648
0.04171500,15.627
0.04172000,15.615
0.04172500,15.603
0.04173000,15.588
0.04173500,15.577
0.04174000,15.559
0.04174500,15.543
0.04175000,15.511
0.04175500,15.493
0.04176000,15.480
0.04176500,15.463
0.04177000,15.450
0.04177500,15.438
0.04178000,15.417
0.04178500,15.397
0.04179000,15.369
0.04179500,15.348
0.04180000,15.335
0.04180500,15.326
0.04181000,15.306
0.04181500,15.298
0.04182000,15.287
0.04182500,15.248
0.04183000,15.223
0.04183500,15.202
0.04184000,15.184
0.04184500,15.168
0.04185000,15.157
0.04185500,15.141
0.04186000,15.131
0.04186500,15.104
0.04187000,15.081
0.04187500,15.057
0.04188000,15.044
0.04188500,15.033
0.04189000,15.013
0.04189500,15.007
0.04190000,14.996
0.04190500,14.970
0.04191000,14.946
0.04191500,14.922
0.04192000,14.894
0.04192500,14.881
0.04193000,14.870
0.04193500,14.854
0.04194000,14.846
0.04194500,14.830
0.04195000,14.804
0.04195500,14.774
0.04196000,14.757
0.04196500,14.732
0.04197000,14.722
0.04197500,14.716
0.04198000,14.698
0.04198500,14.675
0.04199000,14.651
0.04199500,14.625
0.04200000,14.596
0.04200500,14.587
0.04201000,14.566
0.04201500,14.556
0.04202000,14.540
0.04202500,14.518
0.04203000,14.500
0.04203500,14.473
0.04204000,14.456
0.04204500,14.432
0.04205000,14.418
0.04205500,14.406
0.04206000,14.390
0.04206500,14.374
0.04207000,14.353
0.04207500,14.318
0.04208000,14.291
0.04208500,14.278
0.04209000,14.263
0.04209500,14.242
0.04210000,14.226
0.04210500,14.210
0.04211000,14.189
0.04211500,14.160
0.04212000,14.136
0.04212500,14.115
0.04213000,14.094
0.04213500,14.085
0.04214000,14.064
0.04214500,14.046
0.04215000,14.022
0.04215500,14.004
0.04216000,13.970
0.04216500,13.949
0.04217000,13.928
0.04217500,13.917
0.04218000,13.898
0.04218500,13.883
0.04219000,13.862
0.04219500,13.838
0.04220000,13.804
0.04220500,13.782
0.04221000,13.764
0.04221500,13.750
0.04222000,13.726
0.04222500,13.714
0.04223000,13.700
0.04223500,13.671
0.04224000,13.642
0.04224500,13.614
0.04225000,13.598
0.04225500,13.581
0.04226000,13.565
0.04226500,13.542
0.04227000,13.529
0.04227500,13.500
0.04228000,13.470
0.04228500,13.450
0.04229000,13.426
0.04229500,13.408
0.04230000,13.387
0.04230500,13.371
0.04231000,13.354
0.04231500,13.333
0.04232000,13.297
0.04232500,13.273
0.04233000,13.246
0.04233500,13.230
0.04234000,13.207
0.04234500,13.188
0.04235000,13.181
0.04235500,13.151
0.04236000,13.122
0.04236500,13.085
0.04237000,13.075
0.04237500,13.048
0.04238000,13.028
0.04238500,13.003
0.04239000,12.993
0.04239500,12.969
0.04240000,12.943
0.04240500,12.911
0.04241000,12.887
0.04241500,12.869
0.04242000,12.845
0.04242500,12.827
0.04243000,12.810
0.04243500,12.789
0.04244000,12.758
0.04244500,12.731
0.04245000,12.707
0.04245500,12.684
0.04246000,12.665
0.04246500,12.645
0.04247000,12.624
0.04247500,12.602
0.04248000,12.576
0.04248500,12.541
0.04249000,12.512
0.04249500,12.489
0.04250000,12.473
0.04250500,12.454
0.04251000,12.433
0.04251500,12.418
0.04252000,12.386
0.04252500,12.352
0.04253000,12.320
0.04253500,12.299
0.04254000,12.277
0.04254500,12.253
0.04255000,12.241
0.04255500,12.216
0.04256000,12.188
0.04256500,12.162
0.04257000,12.133
0.04257500,12.106
0.04258000,12.082
0.04258500,12.061
0.04259000,12.042
0.04259500,12.027
0.04260000,12.001
0.04260500,11.974
0.04261000,11.932
0.04261500,11.913
0.04262000,11.887
0.04262500,11.863
0.04263000,11.847
0.04263500,11.829
0.04264000,11.799
0.04264500,11.774
0.04265000,11.742
0.04265500,11.713
0.04266000,11.691
0.04266500,11.670
0.04267000,11.650
0.04267500,11.631
0.04268000,11.607
0.04268500,11.581
0.04269000,11.546
0.04269500,11.518
0.04270000,11.494
0.04270500,11.472
0.04271000,11.451
0.04271500,11.433
0.04272000,11.411
0.04272500,11.383
0.04273000,11.356
0.04273500,11.320
0.04274000,11.295
0.04274500,11.277
0.04275000,11.254
0.04275500,11.232
0.04276000,11.209
0.04276500,11.188
0.04277000,11.156
0.04277500,11.126
0.04278000,11.095
0.04278500,11.074
0.04279000,11.053
0.04279500,11.034
0.04280000,11.015
0.04280500,10.994
0.04281000,10.963
0.04281500,10.926
0.04282000,10.902
0.04282500,10.879
0.04283000,10.858
0.04283500,10.836
0.04284000,10.815
0.04284500,10.796
0.04285000,10.768
0.04285500,10.733
0.04286000,10.704
0.04286500,10.681
0.04287000,10.665
0.04287500,10.651
0.04288000,10.623
0.04288500,10.609
0.04289000,10.582
0.04289500,10.548
0.04290000,10.520
0.04290500,10.496
0.04291000,10.479
0.04291500,10.454
0.04292000,10.440
0.04292500,10.421
0.04293000,10.398
0.04293500,10.361
0.04294000,10.327
0.04294500,10.306
0.04295000,10.281
0.04295500,10.260
0.04296000,10.242
0.04296500,10.227
0.04297000,10.198
0.04297500,10.165
0.04298000,10.132
0.04298500,10.110
0.04299000,10.084
0.04299500,10.058
0.04300000,10.045
0.04300500,10.026
0.04301000,10.000
0.04301500,9.971
0.04302000,9.936
0.04302500,9.912
0.04303000,9.884
0.04303500,9.859
0.04304000,9.846
0.04304500,9.820
0.04305000,9.798
0.04305500,9.764
0.04306000,9.732
0.04306500,9.703
0.04307000,9.682
0.04307500,9.658
0.04308000,9.638
0.04308500,9.616
0.04309000,9.595
0.04309500,9.559
0.04310000,9.529
0.04310500,9.497
0.04311000,9.471
0.04311500,9.450
0.04312000,9.422
0.04312500,9.410
0.04313000,9.387
0.04313500,9.356
0.04314000,9.319
0.04314500,9.294
0.04315000,9.263
0.04315500,9.241
0.04316000,9.215
0.04316500,9.195
0.04317000,9.163
0.04317500,9.146
0.04318000,9.109
0.04318500,9.072
0.04319000,9.043
0.04319500,9.020
0.04320000,8.991
0.04320500,8.972
0.04321000,8.954
0.04321500,8.923
0.04322000,8.888
0.04322500,8.856
0.04323000,8.824
0.04323500,8.796
0.04324000,8.772
0.04324500,8.751
0.04325000,8.727
0.04325500,8.705
0.04326000,8.669
0.04326500,8.637
0.04327000,8.601
0.04327500,8.579
0.04328000,8.550
0.04328500,8.534
0.04329000,8.505
0.04329500,8.481
0.04330000,8.453
0.04330500,8.420
0.04331000,8.387
0.04331500,8.357
0.04332000,8.339
0.04332500,8.310
0.04333000,8.284
0.04333500,8.265
0.04334000,8.236
0.04334500,8.197
0.04335000,8.173
0.04335500,8.136
0.04336000,8.114
0.04336500,8.088
0.04337000,8.067
0.04337500,8.048
0.04338000,8.017
0.04338500,7.985
0.04339000,7.954
0.04339500,7.916
0.04340000,7.890
0.04340500,7.872
0.04341000,7.850
0.04341500,7.817
0.04342000,7.803
0.04342500,7.771
0.04343000,7.731
0.04343500,7.695
0.04344000,7.674
0.04344500,7.652
0.04345000,7.629
0.04345500,7.608
0.04346000,7.581
0.04346500,7.555
0.04347000,7.521
0.04347500,7.487
0.04348000,7.465
0.04348500,7.441
0.04349000,7.418
0.04349500,7.392
0.04350000,7.372
0.04350500,7.347
0.04351000,7.307
0.04351500,7.280
0.04352000,7.251
0.04352500,7.225
0.04353000,7.203
0.04353500,7.182
0.04354000,7.166
0.04354500,7.133
0.04355000,7.104
0.04355500,7.069
0.04356000,7.045
0.04356500,7.017
0.04357000,6.996
0.04357500,6.976
0.04358000,6.955
0.04358500,6.927
0.04359000,6.893
0.04359500,6.860
0.04360000,6.834
0.04360500,6.810
0.04361000,6.782
0.04361500,6.763
0.04362000,6.742
0.04362500,6.720
0.04363000,6.684
0.04363500,6.655
0.04364000,6.623
0.04364500,6.600
0.04365000,6.576
0.04365500,6.557
0.04366000,6.538
0.04366500,6.509
0.04367000,6.475
0.04367500,6.448
0.04368000,6.412
0.04368500,6.388
0.04369000,6.365
0.04369500,6.346
0.04370000,6.319
0.04370500,6.299
0.04371000,6.270
0.04371500,6.232
0.04372000,6.204
0.04372500,6.175
0.04373000,6.148
0.04373500,6.126
0.04374000,6.106
0.04374500,6.084
0.04375000,6.053
0.04375500,6.024
0.04376000,5.986
0.04376500,5.958
0.04377000,5.939
0.04377500,5.911
0.04378000,5.897
0.04378500,5.873
0.04379000,5.834
0.04379500,5.802
0.04380000,5.773
0.04380500,5.739
0.04381000,5.715
0.04381500,5.691
0.04382000,5.675
0.04382500,5.647
0.04383000,5.620
0.04383500,5.591
0.04384000,5.554
0.04384500,5.523
0.04385000,5.503
0.04385500,5.472
0.04386000,5.448
0.04386500,5.432
0.04387000,5.406
0.04387500,5.377
0.04388000,5.340
0.04388500,5.308
0.04389000,5.284
0.04389500,5.259
0.04390000,5.234
0.04390500,5.213
0.04391000,5.189
0.04391500,5.160
0.04392000,5.123
0.04392500,5.099
0.04393000,5.068
0.04393500,5.049
0.04394000,5.016
0.04394500,4.991
0.04395000,4.976
0.04395500,4.942
0.04396000,4.910
0.04396500,4.878
0.04397000,4.847
0.04397500,4.828
0.04398000,4.806
0.04398500,4.785
0.04399000,4.760
0.04399500,4.728
0.04400000,4.696
0.04400500,4.665
0.04401000,4.630
0.04401500,4.616
0.04402000,4.591
0.04402500,4.564
0.04403000,4.545
0.04403500,4.516
0.04404000,4.484
0.04404500,4.445
0.04405000,4.416
0.04405500,4.393
0.04406000,4.366
0.04406500,4.350
0.04407000,4.321
0.04407500,4.300
0.04408000,4.263
0.04408500,4.226
0.04409000,4.195
0.04409500,4.178
0.04410000,4.150
0.04410500,4.131
0.04411000,4.108
0.04411500,4.086
0.04412000,4.047
0.04412500,4.013
0.04413000,3.986
0.04413500,3.954
0.04414000,3.931
0.04414500,3.904
0.04415000,3.890
0.04415500,3.861
0.04416000,3.828
0.04416500,3.796
0.04417000,3.754
0.04417500,3.730
0.04418000,3.700
0.04418500,3.672
0.04419000,3.653
0.04419500,3.627
0.04420000,3.597
0.04420500,3.560
0.04421000,3.522
0.04421500,3.492
0.04422000,3.466
0.04422500,3.429
0.04423000,3.408
0.04423500,3.392
0.04424000,3.365
0.04424500,3.323
0.04425000,3.284
0.04425500,3.263
0.04426000,3.228
0.04426500,3.207
0.04427000,3.181
0.04427500,3.162
0.04428000,3.135
0.04428500,3.096
0.04429000,3.060
0.04429500,3.038
0.04430000,3.007
0.04430500,2.975
0.04431000,2.953
0.04431500,2.935
0.04432000,2.906
0.04432500,2.875
0.04433000,2.842
0.04433500,2.806
0.04434000,2.780
0.04434500,2.747
0.04435000,2.727
0.04435500,2.705
0.04436000,2.684
0.04436500,2.650
0.04437000,2.613
0.04437500,2.587
0.04438000,2.560
0.04438500,2.531
0.04439000,2.507
0.04439500,2.489
0.04440000,2.462
0.04440500,2.433
0.04441000,2.405
0.04441500,2.367
0.04442000,2.338
0.04442500,2.315
0.04443000,2.291
0.04443500,2.273
0.04444000,2.249
0.04444500,2.222
0.04445000,2.188
0.04445500,2.153
0.04446000,2.125
0.04446500,2.098
0.04447000,2.072
0.04447500,2.054
0.04448000,2.027
0.04448500,2.003
0.04449000,1.977
0.04449500,1.942
0.04450000,1.905
0.04450500,1.877
0.04451000,1.852
0.04451500,1.832
0.04452000,1.803
0.04452500,1.784
0.04453000,1.748
0.04453500,1.716
0.04454000,1.679
0.04454500,1.658
0.04455000,1.634
0.04455500,1.599
0.04456000,1.579
0.04456500,1.555
0.04457000,1.526
0.04457500,1.493
0.04458000,1.457
0.04458500,1.423
0.04459000,1.401
0.04459500,1.380
0.04460000,1.348
0.04460500,1.323
0.04461000,1.303
0.04461500,1.262
0.04462000,1.224
0.04462500,1.203
0.04463000,1.177
0.04463500,1.143
0.04464000,1.121
0.04464500,1.098
0.04465000,1.071
0.04465500,1.035
0.04466000,0.997
0.04466500,0.968
0.04467000,0.940
0.04467500,0.915
0.04468000,0.884
0.04468500,0.860
0.04469000,0.841
0.04469500,0.805
0.04470000,0.762
0.04470500,0.731
0.04471000,0.704
0.04471500,0.675
0.04472000,0.652
0.04472500,0.625
0.04473000,0.596
0.04473500,0.567
0.04474000,0.527
0.04474500,0.494
0.04475000,0.459
0.04475500,0.440
0.04476000,0.409
0.04476500,0.385
0.04477000,0.358
0.04477500,0.329
0.04478000,0.292
0.04478500,0.250
0.04479000,0.222
0.04479500,0.190
0.04480000,0.168
0.04480500,0.139
0.04481000,0.110
0.04481500,0.082
0.04482000,0.042
0.04482500,0.005
0.04483000,-0.029
0.04483500,-0.059
0.04484000,-0.085
0.04484500,-0.116
0.04485000,-0.141
0.04485500,-0.172
0.04486000,-0.207
0.04486500,-0.241
0.04487000,-0.275
0.04487500,-0.309
0.04488000,-0.335
0.04488500,-0.367
0.04489000,-0.385
0.04489500,-0.418
0.04490000,-0.452
0.04490500,-0.491
0.04491000,-0.526
0.04491500,-0.560
0.04492000,-0.579
0.04492500,-0.605
0.04493000,-0.642
0.04493500,-0.669
0.04494000,-0.702
0.04494500,-0.742
0.04495000,-0.782
0.04495500,-0.811
0.04496000,-0.837
0.04496500,-0.869
0.04497000,-0.895
0.04497500,-0.916
0.04498000,-0.948
0.04498500,-0.988
0.04499000,-1.027
0.04499500,-1.057
0.04500000,-1.082
0.04500500,-1.112
0.04501000,-1.141
0.04501500,-1.164
0.04502000,-1.194
0.04502500,-1.228
0.04503000,-1.272
0.04503500,-1.296
0.04504000,-1.325
0.04504500,-1.354
0.04505000,-1.375
0.04505500,-1.400
0.04506000,-1.423
0.04506500,-1.466
0.04507000,-1.505
0.04507500,-1.529
0.04508000,-1.560
0.04508500,-1.592
0.04509000,-1.616
0.04509500,-1.635
0.04510000,-1.663
0.04510500,-1.697
0.04511000,-1.730
0.04511500,-1.761
0.04512000,-1.788
0.04512500,-1.817
0.04513000,-1.845
0.04513500,-1.856
0.04514000,-1.880
0.04514500,-1.917
0.04515000,-1.956
0.04515500,-1.981
0.04516000,-2.007
0.04516500,-2.043
0.04517000,-2.060
0.04517500,-2.080
0.04518000,-2.105
0.04518500,-2.144
0.04519000,-2.170
0.04519500,-2.199
0.04520000,-2.229
0.04520500,-2.260
0.04521000,-2.281
0.04521500,-2.300
0.04522000,-2.320
0.04522500,-2.355
0.04523000,-2.390
0.04523500,-2.414
0.04524000,-2.448
0.04524500,-2.474
0.04525000,-2.500
0.04525500,-2.516
0.04526000,-2.537
0.04526500,-2.571
0.04527000,-2.601
0.04527500,-2.637
0.04528000,-2.666
0.04528500,-2.690
0.04529000,-2.717
0.04529500,-2.736
0.04530000,-2.756
0.04530500,-2.785
0.04531000,-2.814
0.04531500,-2.849
0.04532000,-2.880
0.04532500,-2.909
0.04533000,-2.928
0.04533500,-2.954
0.04534000,-2.970
0.04534500,-3.004
0.04535000,-3.031
0.04535500,-3.062
0.04536000,-3.099
0.04536500,-3.126
0.04537000,-3.144
0.04537500,-3.173
0.04538000,-3.197
0.04538500,-3.221
0.04539000,-3.253
0.04539500,-3.284
0.04540000,-3.318
0.04540500,-3.345
0.04541000,-3.374
0.04541500,-3.398
0.04542000,-3.414
0.04542500,-3.440
0.04543000,-3.471
0.04543500,-3.506
0.04544000,-3.543
0.04544500,-3.578
0.04545000,-3.604
0.04545500,-3.620
0.04546000,-3.654
0.04546500,-3.675
0.04547000,-3.706
0.04547500,-3.738
0.04548000,-3.778
0.04548500,-3.810
0.04549000,-3.841
0.04549500,-3.863
0.04550000,-3.892
0.04550500,-3.916
0.04551000,-3.944
0.04551500,-3.974
0.04552000,-4.013
0.04552500,-4.042
0.04553000,-4.069
0.04553500,-4.100
0.04554000,-4.121
0.04554500,-4.148
0.04555000,-4.169
0.04555500,-4.211
0.04556000,-4.245
0.04556500,-4.282
0.04557000,-4.312
0.04557500,-4.341
0.04558000,-4.364
0.04558500,-4.391
0.04559000,-4.411
0.04559500,-4.443
0.04560000,-4.485
0.04560500,-4.523
0.04561000,-4.554
0.04561500,-4.583
0.04562000,-4.615
0.04562500,-4.634
0.04563000,-4.654
0.04563500,-4.688
0.04564000,-4.725
0.04564500,-4.765
0.04565000,-4.786
0.04565500,-4.816
0.04566000,-4.844
0.04566500,-4.868
0.04567000,-4.889
0.04567500,-4.919
0.04568000,-4.955
0.04568500,-4.989
0.04569000,-5.013
0.04569500,-5.045
0.04570000,-5.064
0.04570500,-5.087
0.04571000,-5.101
0.04571500,-5.119
0.04572000,-5.153
0.04572500,-5.187
0.04573000,-5.216
0.04573500,-5.246
0.04574000,-5.283
0.04574500,-5.314
0.04575000,-5.333
0.04575500,-5.369
0.04576000,-5.401
0.04576500,-5.443
0.04577000,-5.470
0.04577500,-5.501
0.04578000,-5.523
0.04578500,-5.550
0.04579000,-5.567
0.04579500,-5.587
0.04580000,-5.615
0.04580500,-5.644
0.04581000,-5.666
0.04581500,-5.692
0.04582000,-5.723
0.04582500,-5.740
0.04583000,-5.766
0.04583500,-5.793
0.04584000,-5.829
0.04584500,-5.864
0.04585000,-5.898
0.04585500,-5.932
0.04586000,-5.958
0.04586500,-5.979
0.04587000,-6.000
0.04587500,-6.019
0.04588000,-6.053
0.04588500,-6.086
0.04589000,-6.122
0.04589500,-6.152
0.04590000,-6.181
0.04590500,-6.198
0.04591000,-6.220
0.04591500,-6.241
0.04592000,-6.270
0.04592500,-6.297
0.04593000,-6.333
0.04593500,-6.363
0.04594000,-6.394
0.04594500,-6.416
0.04595000,-6.436
0.04595500,-6.457
0.04596000,-6.484
0.04596500,-6.515
0.04597000,-6.547
0.04597500,-6.577
0.04598000,-6.608
0.04598500,-6.627
0.04599000,-6.648
0.04599500,-6.672
0.04600000,-6.700
0.04600500,-6.726
0.04601000,-6.764
0.04601500,-6.795
0.04602000,-6.821
0.04602500,-6.841
0.04603000,-6.864
0.04603500,-6.888
0.04604000,-6.904
0.04604500,-6.935
0.04605000,-6.969
0.04605500,-7.002
0.04606000,-7.028
0.04606500,-7.048
0.04607000,-7.075
0.04607500,-7.089
0.04608000,-7.120
0.04608500,-7.144
0.04609000,-7.168
0.04609500,-7.209
0.04610000,-7.246
0.04610500,-7.263
0.04611000,-7.286
0.04611500,-7.313
0.04612000,-7.334
0.04612500,-7.357
0.04613000,-7.386
0.04613500,-7.423
0.04614000,-7.452
0.04614500,-7.477
0.04615000,-7.503
0.04615500,-7.529
0.04616000,-7.547
0.04616500,-7.569
0.04617000,-7.598
0.04617500,-7.635
0.04618000,-7.664
0.04618500,-7.687
0.04619000,-7.712
0.04619500,-7.733
0.04620000,-7.756
0.04620500,-7.775
0.04621000,-7.809
0.04621500,-7.848
0.04622000,-7.872
0.04622500,-7.899
0.04623000,-7.920
0.04623500,-7.947
0.04624000,-7.957
0.04624500,-7.978
0.04625000,-8.012
0.04625500,-8.044
0.04626000,-8.075
0.04626500,-8.105
0.04627000,-8.131
0.04627500,-8.149
0.04628000,-8.173
0.04628500,-8.186
0.04629000,-8.219
0.04629500,-8.253
0.04630000,-8.284
0.04630500,-8.313
0.04631000,-8.337
0.04631500,-8.356
0.04632000,-8.382
0.04632500,-8.401
0.04633000,-8.430
0.04633500,-8.459
0.04634000,-8.490
0.04634500,-8.522
0.04635000,-8.551
0.04635500,-8.572
0.04636000,-8.595
0.04636500,-8.607
0.04637000,-8.635
0.04637500,-8.662
0.04638000,-8.701
0.04638500,-8.727
0.04639000,-8.751
0.04639500,-8.783
0.04640000,-8.804
0.04640500,-8.820
0.04641000,-8.838
0.04641500,-8.871
0.04642000,-8.904
0.04642500,-8.941
0.04643000,-8.968
0.04643500,-8.991
0.04644000,-9.012
0.04644500,-9.032
0.04645000,-9.049
0.04645500,-9.082
0.04646000,-9.113
0.04646500,-9.147
0.04647000,-9.176
0.04647500,-9.205
0.04648000,-9.230
0.04648500,-9.245
0.04649000,-9.267
0.04649500,-9.296
0.04650000,-9.327
0.04650500,-9.356
0.04651000,-9.391
0.04651500,-9.416
0.04652000,-9.432
0.04652500,-9.453
0.04653000,-9.474
0.04653500,-9.490
0.04654000,-9.528
0.04654500,-9.564
0.04655000,-9.594
0.04655500,-9.623
0.04656000,-9.641
0.04656500,-9.657
0.04657000,-9.681
0.04657500,-9.702
0.04658000,-9.729
0.04658500,-9.763
0.04659000,-9.794
0.04659500,-9.821
0.04660000,-9.841
0.04660500,-9.868
0.04661000,-9.889
0.04661500,-9.915
0.04662000,-9.932
0.04662500,-9.971
0.04663000,-9.997
0.04663500,-10.026
0.04664000,-10.045
0.04664500,-10.068
0.04665000,-10.087
0.04665500,-10.114
0.04666000,-10.135
0.04666500,-10.171
0.04667000,-10.203
0.04667500,-10.230
0.04668000,-10.253
0.04668500,-10.270
0.04669000,-10.295
0.04669500,-10.319
0.04670000,-10.333
0.04670500,-10.365
0.04671000,-10.394
0.04671500,-10.422
0.04672000,-10.447
0.04672500,-10.465
0.04673000,-10.493
0.04673500,-10.515
0.04674000,-10.538
0.04674500,-10.568
0.04675000,-10.602
0.04675500,-10.629
0.04676000,-10.650
0.04676500,-10.668
0.04677000,-10.689
0.04677500,-10.708
0.04678000,-10.734
0.04678500,-10.757
0.04679000,-10.798
0.04679500,-10.824
0.04680000,-10.852
0.04680500,-10.879
0.04681000,-10.895
0.04681500,-10.916
0.04682000,-10.934
0.04682500,-10.966
0.04683000,-10.993
0.04683500,-11.022
0.04684000,-11.043
0.04684500,-11.072
0.04685000,-11.088
0.04685500,-11.104
0.04686000,-11.130
0.04686500,-11.148
0.04687000,-11.183
0.04687500,-11.211
0.04688000,-11.241
0.04688500,-11.260
0.04689000,-11.285
0.04689500,-11.302
0.04690000,-11.314
0.04690500,-11.344
0.04691000,-11.373
0.04691500,-11.405
0.04692000,-11.433
0.04692500,-11.458
0.04693000,-11.479
0.04693500,-11.497
0.04694000,-11.515
0.04694500,-11.547
0.04695000,-11.573
0.04695500,-11.595
0.04696000,-11.624
0.04696500,-11.645
0.04697000,-11.668
0.04697500,-11.684
0.04698000,-11.697
0.04698500,-11.721
0.04699000,-11.750
0.04699500,-11.784
0.04700000,-11.816
0.04700500,-11.838
0.04701000,-11.862
0.04701500,-11.874
0.04702000,-11.891
0.04702500,-11.916
0.04703000,-11.941
0.04703500,-11.967
0.04704000,-11.999
0.04704500,-12.030
0.04705000,-12.044
0.04705500,-12.056
0.04706000,-12.083
0.04706500,-12.091
0.04707000,-12.123
0.04707500,-12.149
0.04708000,-12.178
0.04708500,-12.212
0.04709000,-12.238
0.04709500,-12.249
0.04710000,-12.265
0.04710500,-12.286
0.04711000,-12.313
0.04711500,-12.345
0.04712000,-12.373
0.04712500,-12.402
0.04713000,-12.421
0.04713500,-12.442
0.04714000,-12.465
0.04714500,-12.482
0.04715000,-12.498
0.04715500,-12.529
0.04716000,-12.561
0.04716500,-12.585
0.04717000,-12.606
0.04717500,-12.629
0.04718000,-12.646
0.04718500,-12.671
0.04719000,-12.685
0.04719500,-12.712
0.04720000,-12.743
0.04720500,-12.772
0.04721000,-12.799
0.04721500,-12.814
0.04722000,-12.836
0.04722500,-12.857
0.04723000,-12.880
0.04723500,-12.910
0.04724000,-12.943
0.04724500,-12.975
0.04725000,-12.994
0.04725500,-13.012
0.04726000,-13.031
0.04726500,-13.051
0.04727000,-13.067
0.04727500,-13.091
0.04728000,-13.117
0.04728500,-13.154
0.04729000,-13.176
0.04729500,-13.199
0.04730000,-13.218
0.04730500,-13.237
0.04731000,-13.247
0.04731500,-13.268
0.04732000,-13.302
0.04732500,-13.326
0.04733000,-13.353
0.04733500,-13.368
0.04734000,-13.395
0.04734500,-13.411
0.04735000,-13.424
0.04735500,-13.443
0.04736000,-13.476
0.04736500,-13.501
0.04737000,-13.530
0.04737500,-13.546
0.04738000,-13.566
0.04738500,-13.583
0.04739000,-13.596
0.04739500,-13.620
0.04740000,-13.645
0.04740500,-13.682
0.04741000,-13.704
0.04741500,-13.727
0.04742000,-13.746
0.04742500,-13.773
0.04743000,-13.788
0.04743500,-13.809
0.04744000,-13.826
0.04744500,-13.860
0.04745000,-13.894
0.04745500,-13.913
0.04746000,-13.930
0.04746500,-13.954
0.04747000,-13.965
0.04747500,-13.976
0.04748000,-14.008
0.04748500,-14.036
0.04749000,-14.063
0.04749500,-14.087
0.04750000,-14.110
0.04750500,-14.128
0.04751000,-14.142
0.04751500,-14.160
0.04752000,-14.179
0.04752500,-14.208
0.04753000,-14.239
0.04753500,-14.266
0.04754000,-14.293
0.04754500,-14.309
0.04755000,-14.321
0.04755500,-14.334
0.04756000,-14.358
0.04756500,-14.382
0.04757000,-14.403
0.04757500,-14.424
0.04758000,-14.448
0.04758500,-14.462
0.04759000,-14.485
0.04759500,-14.503
0.04760000,-14.527
0.04760500,-14.549
0.04761000,-14.575
0.04761500,-14.599
0.04762000,-14.619
0.04762500,-14.635
0.04763000,-14.644
0.04763500,-14.657
0.04764000,-14.676
0.04764500,-14.704
0.04765000,-14.723
0.04765500,-14.757
0.04766000,-14.779
0.04766500,-14.789
0.04767000,-14.804
0.04767500,-14.817
0.04768000,-14.831
0.04768500,-14.854
0.04769000,-14.878
0.04769500,-14.902
0.04770000,-14.931
0.04770500,-14.942
0.04771000,-14.952
0.04771500,-14.961
0.04772000,-14.977
0.04772500,-14.995
0.04773000,-15.016
0.04773500,-15.042
0.04774000,-15.066
0.04774500,-15.082
0.04775000,-15.093
0.04775500,-15.101
0.04776000,-15.124
0.04776500,-15.132
0.04777000,-15.155
0.04777500,-15.182
0.04778000,-15.216
0.04778500,-15.230
0.04779000,-15.237
0.04779500,-15.250
0.04780000,-15.261
0.04780500,-15.275
0.04781000,-15.296
0.04781500,-15.332
0.04782000,-15.356
0.04782500,-15.364
0.04783000,-15.385
0.04783500,-15.391
0.04784000,-15.404
0.04784500,-15.419
0.04785000,-15.435
0.04785500,-15.465
0.04786000,-15.488
0.04786500,-15.507
0.04787000,-15.518
0.04787500,-15.525
0.04788000,-15.543
0.04788500,-15.552
0.04789000,-15.563
0.04789500,-15.589
0.04790000,-15.613
0.04790500,-15.626
0.04791000,-15.647
0.04791500,-15.663
0.04792000,-15.670
0.04792500,-15.679
0.04793000,-15.697
0.04793500,-15.723
0.04794000,-15.744
0.04794500,-15.763
0.04795000,-15.771
0.04795500,-15.779
0.04796000,-15.787
0.04796500,-15.802
0.04797000,-15.811
0.04797500,-15.837
0.04798000,-15.863
0.04798500,-15.884
0.04799000,-15.895
0.04799500,-15.903
0.04800000,-15.918
0.04800500,-15.919
0.04801000,-15.931
0.04801500,-15.950
0.04802000,-15.971
0.04802500,-15.995
0.04803000,-16.009
0.04803500,-16.022
0.04804000,-16.029
0.04804500,-16.038
0.04805000,-16.046
0.04805500,-16.067
0.04806000,-16.085
0.04806500,-16.104
0.04807000,-16.122
0.04807500,-16.132
0.04808000,-16.146
0.04808500,-16.146
0.04809000,-16.159
0.04809500,-16.177
0.04810000,-16.193
0.04810500,-16.217
0.04811000,-16.232
0.04811500,-16.243
0.04812000,-16.254
0.04812500,-16.257
0.04813000,-16.262
0.04813500,-16.280
0.04814000,-16.296
0.04814500,-16.317
0.04815000,-16.331
0.04815500,-16.349
0.04816000,-16.356
0.04816500,-16.364
0.04817000,-16.375
0.04817500,-16.388
0.04818000,-16.409
0.04818500,-16.423
0.04819000,-16.447
0.04819500,-16.460
0.04820000,-16.463
0.04820500,-16.465
0.04821000,-16.476
0.04821500,-16.491
0.04822000,-16.508
0.04822500,-16.528
0.04823000,-16.550
0.04823500,-16.570
0.04824000,-16.581
0.04824500,-16.587
0.04825000,-16.597
0.04825500,-16.611
0.04826000,-16.626
0.04826500,-16.640
0.04827000,-16.663
0.04827500,-16.679
0.04828000,-16.692
0.04828500,-16.692
0.04829000,-16.698
0.04829500,-16.711
0.04830000,-16.716
0.04830500,-16.737
0.04831000,-16.760
0.04831500,-16.774
0.04832000,-16.785
0.04832500,-16.798
0.04833000,-16.805
0.04833500,-16.813
0.04834000,-16.832
0.04834500,-16.850
0.04835000,-16.866
0.04835500,-16.885
0.04836000,-16.896
0.04836500,-16.906
0.04837000,-16.908
0.04837500,-16.919
0.04838000,-16.925
0.04838500,-16.946
0.04839000,-16.967
0.04839500,-16.990
0.04840000,-16.998
0.04840500,-17.012
0.04841000,-17.009
0.04841500,-17.017
0.04842000,-17.022
0.04842500,-17.041
0.04843000,-17.061
0.04843500,-17.090
0.04844000,-17.102
0.04844500,-17.111
0.04845000,-17.117
0.04845500,-17.125
0.04846000,-17.133
0.04846500,-17.144
0.04847000,-17.172
0.04847500,-17.185
0.04848000,-17.194
0.04848500,-17.201
0.04849000,-17.218
0.04849500,-17.226
0.04850000,-17.231
0.04850500,-17.239
0.04851000,-17.265
0.04851500,-17.284
0.04852000,-17.296
0.04852500,-17.302
0.04853000,-17.317
0.04853500,-17.320
0.04854000,-17.328
0.04854500,-17.336
0.04855000,-17.362
0.04855500,-17.386
0.04856000,-17.400
0.04856500,-17.413
0.04857000,-17.420
0.04857500,-17.424
0.04858000,-17.426
0.04858500,-17.432
0.04859000,-17.450
0.04859500,-17.473
0.04860000,-17.481
0.04860500,-17.490
0.04861000,-17.511
0.04861500,-17.511
0.04862000,-17.518
0.04862500,-17.527
0.04863000,-17.545
0.04863500,-17.564
0.04864000,-17.574
0.04864500,-17.579
0.04865000,-17.584
0.04865500,-17.587
0.04866000,-17.587
0.04866500,-17.590
0.04867000,-17.605
0.04867500,-17.619
0.04868000,-17.630
0.04868500,-17.642
0.04869000,-17.648
0.04869500,-17.653
0.04870000,-17.655
0.04870500,-17.656
0.04871000,-17.669
0.04871500,-17.684
0.04872000,-17.701
0.04872500,-17.706
0.04873000,-17.716
0.04873500,-17.717
0.04874000,-17.714
0.04874500,-17.714
0.04875000,-17.729
0.04875500,-17.738
0.04876000,-17.754
0.04876500,-17.762
0.04877000,-17.779
0.04877500,-17.780
0.04878000,-17.782
0.04878500,-17.785
0.04879000,-17.800
0.04879500,-17.803
0.04880000,-17.820
0.04880500,-17.832
0.04881000,-17.833
0.04881500,-17.833
0.04882000,-17.833
0.04882500,-17.830
0.04883000,-17.840
0.04883500,-17.848
0.04884000,-17.864
0.04884500,-17.883
0.04885000,-17.890
0.04885500,-17.891
0.04886000,-17.898
0.04886500,-17.898
0.04887000,-17.899
0.04887500,-17.906
0.04888000,-17.922
0.04888500,-17.933
0.04889000,-17.940
0.04889500,-17.940
0.04890000,-17.941
0.04890500,-17.946
0.04891000,-17.941
0.04891500,-17.951
0.04892000,-17.965
0.04892500,-17.973
0.04893000,-17.980
0.04893500,-17.981
0.04894000,-17.985
0.04894500,-17.985
0.04895000,-17.986
0.04895500,-17.989
0.04896000,-18.002
0.04896500,-18.023
0.04897000,-18.035
0.04897500,-18.036
0.04898000,-18.028
0.04898500,-18.027
0.04899000,-18.015
0.04899500,-18.010
0.04900000,-18.009
0.04900500,-18.031
0.04901000,-18.038
0.04901500,-18.047
0.04902000,-18.047
0.04902500,-18.051
0.04903000,-18.057
0.04903500,-18.059
0.04904000,-18.065
0.04904500,-18.076
0.04905000,-18.078
0.04905500,-18.078
0.04906000,-18.070
0.04906500,-18.068
0.04907000,-18.062
0.04907500,-18.059
0.04908000,-18.064
0.04908500,-18.078
0.04909000,-18.088
0.04909500,-18.093
0.04910000,-18.097
0.04910500,-18.101
0.04911000,-18.104
0.04911500,-18.109
0.04912000,-18.115
0.04912500,-18.126
0.04913000,-18.138
0.04913500,-18.134
0.04914000,-18.131
0.04914500,-18.121
0.04915000,-18.113
0.04915500,-18.104
0.04916000,-18.112
0.04916500,-18.125
0.04917000,-18.136
0.04917500,-18.139
0.04918000,-18.146
0.04918500,-18.149
0.04919000,-18.152
0.04919500,-18.146
0.04920000,-18.144
0.04920500,-18.159
0.04921000,-18.170
0.04921500,-18.175
0.04922000,-18.171
0.04922500,-18.171
0.04923000,-18.171
0.04923500,-18.167
0.04924000,-18.165
0.04924500,-18.175
0.04925000,-18.184
0.04925500,-18.196
0.04926000,-18.207
0.04926500,-18.202
0.04927000,-18.199
0.04927500,-18.202
0.04928000,-18.204
0.04928500,-18.204
0.04929000,-18.207
0.04929500,-18.216
0.04930000,-18.223
0.04930500,-18.213
0.04931000,-18.204
0.04931500,-18.199
0.04932000,-18.199
0.04932500,-18.212
0.04933000,-18.226
0.04933500,-18.234
0.04934000,-18.237
0.04934500,-18.242
0.04935000,-18.244
0.04935500,-18.237
0.04936000,-18.233
0.04936500,-18.233
0.04937000,-18.244
0.04937500,-18.252
0.04938000,-18.257
0.04938500,-18.257
0.04939000,-18.255
0.04939500,-18.255
0.04940000,-18.257
0.04940500,-18.249
0.04941000,-18.257
0.04941500,-18.262
0.04942000,-18.270
0.04942500,-18.271
0.04943000,-18.273
0.04943500,-18.260
0.04944000,-18.260
0.04944500,-18.263
0.04945000,-18.268
0.04945500,-18.276
0.04946000,-18.287
0.04946500,-18.287
0.04947000,-18.289
0.04947500,-18.281
0.04948000,-18.284
0.04948500,-18.276
0.04949000,-18.278
0.04949500,-18.284
0.04950000,-18.299
0.04950500,-18.302
0.04951000,-18.300
0.04951500,-18.299
0.04952000,-18.291
0.04952500,-18.294
0.04953000,-18.291
0.04953500,-18.302
0.04954000,-18.308
0.04954500,-18.311
0.04955000,-18.308
0.04955500,-18.313
0.04956000,-18.302
0.04956500,-18.302
0.04957000,-18.295
0.04957500,-18.311
0.04958000,-18.324
0.04958500,-18.329
0.04959000,-18.328
0.04959500,-18.324
0.04960000,-18.318
0.04960500,-18.315
0.04961000,-18.316
0.04961500,-18.324
0.04962000,-18.336
0.04962500,-18.342
0.04963000,-18.348
0.04963500,-18.345
0.04964000,-18.342
0.04964500,-18.334
0.04965000,-18.326
0.04965500,-18.326
0.04966000,-18.337
0.04966500,-18.347
0.04967000,-18.344
0.04967500,-18.345
0.04968000,-18.345
0.04968500,-18.340
0.04969000,-18.336
0.04969500,-18.345
0.04970000,-18.350
0.04970500,-18.365
0.04971000,-18.371
0.04971500,-18.366
0.04972000,-18.368
0.04972500,-18.358
0.04973000,-18.357
0.04973500,-18.350
0.04974000,-18.361
0.04974500,-18.369
0.04975000,-18.376
0.04975500,-18.377
0.04976000,-18.377
0.04976500,-18.374
0.04977000,-18.368
0.04977500,-18.374
0.04978000,-18.384
0.04978500,-18.389
0.04979000,-18.394
0.04979500,-18.389
0.04980000,-18.385
0.04980500,-18.379
0.04981000,-18.376
0.04981500,-18.373
0.04982000,-18.379
0.04982500,-18.394
0.04983000,-18.398
0.04983500,-18.400
0.04984000,-18.400
0.04984500,-18.397
0.04985000,-18.394
0.04985500,-18.397
0.04986000,-18.403
0.04986500,-18.414
0.04987000,-18.418
0.04987500,-18.421
0.04988000,-18.414
0.04988500,-18.410
0.04989000,-18.410
0.04989500,-18.403
0.04990000,-18.408
0.04990500,-18.419
0.04991000,-18.421
0.04991500,-18.426
0.04992000,-18.424
0.04992500,-18.419
0.04993000,-18.411
0.04993500,-18.408
0.04994000,-18.418
0.04994500,-18.424
0.04995000,-18.434
0.04995500,-18.442
0.04996000,-18.442
0.04996500,-18.442
0.04997000,-18.437
0.04997500,-18.442
0.04998000,-18.440
0.04998500,-18.445
0.04999000,-18.455
0.04999500,-18.453
0.05000000,-18.451
0.05000500,-18.447
0.05001000,-18.439
0.05001500,-18.432
0.05002000,-18.427
0.05002500,-18.437
0.05003000,-18.445
0.05003500,-18.448
0.05004000,-18.455
0.05004500,-18.450
0.05005000,-18.450
0.05005500,-18.450
0.05006000,-18.447
0.05006500,-18.448
0.05007000,-18.464
0.05007500,-18.472
0.05008000,-18.471
0.05008500,-18.469
0.05009000,-18.460
0.05009500,-18.448
0.05010000,-18.443
0.05010500,-18.453
0.05011000,-18.461
0.05011500,-18.466
0.05012000,-18.466
0.05012500,-18.468
0.05013000,-18.464
0.05013500,-18.460
0.05014000,-18.460
0.05014500,-18.460
0.05015000,-18.463
0.05015500,-18.469
0.05016000,-18.472
0.05016500,-18.476
0.05017000,-18.472
0.05017500,-18.466
0.05018000,-18.464
0.05018500,-18.464
0.05019000,-18.474
0.05019500,-18.482
0.05020000,-18.489
0.05020500,-18.492
0.05021000,-18.485
0.05021500,-18.489
0.05022000,-18.471
0.05022500,-18.466
0.05023000,-18.469
0.05023500,-18.474
0.05024000,-18.472
0.05024500,-18.471
0.05025000,-18.469
0.05025500,-18.464
0.05026000,-18.456
0.05026500,-18.460
0.05027000,-18.464
0.05027500,-18.479
0.05028000,-18.484
0.05028500,-18.493
0.05029000,-18.490
0.05029500,-18.487
0.05030000,-18.474
0.05030500,-18.474
0.05031000,-18.472
0.05031500,-18.485
0.05032000,-18.487
0.05032500,-18.482
0.05033000,-18.480
0.05033500,-18.477
0.05034000,-18.464
0.05034500,-18.458
0.05035000,-18.458
0.05035500,-18.469
0.05036000,-18.479
0.05036500,-18.484
0.05037000,-18.484
0.05037500,-18.479
0.05038000,-18.477
0.05038500,-18.474
0.05039000,-18.471
0.05039500,-18.479
0.05040000,-18.487
0.05040500,-18.490
0.05041000,-18.482
0.05041500,-18.472
0.05042000,-18.471
0.05042500,-18.464
0.05043000,-18.460
0.05043500,-18.468
0.05044000,-18.479
0.05044500,-18.479
0.05045000,-18.482
0.05045500,-18.487
0.05046000,-18.472
0.05046500,-18.466
0.05047000,-18.463
0.05047500,-18.463
0.05048000,-18.469
0.05048500,-18.469
0.05049000,-18.464
0.05049500,-18.456
0.05050000,-18.448
0.05050500,-18.442
0.05051000,-18.432
0.05051500,-18.439
0.05052000,-18.453
0.05052500,-18.450
0.05053000,-18.455
0.05053500,-18.453
0.05054000,-18.450
0.05054500,-18.434
0.05055000,-18.426
0.05055500,-18.429
0.05056000,-18.431
0.05056500,-18.431
0.05057000,-18.435
0.05057500,-18.431
0.05058000,-18.419
0.05058500,-18.413
0.05059000,-18.403
0.05059500,-18.400
0.05060000,-18.408
0.05060500,-18.418
0.05061000,-18.414
0.05061500,-18.403
0.05062000,-18.403
0.05062500,-18.385
0.05063000,-18.381
0.05063500,-18.371
0.05064000,-18.363
0.05064500,-18.369
0.05065000,-18.374
0.05065500,-18.358
0.05066000,-18.353
0.05066500,-18.345
0.05067000,-18.340
0.05067500,-18.329
0.05068000,-18.329
0.05068500,-18.339
0.05069000,-18.344
0.05069500,-18.339
0.05070000,-18.326
0.05070500,-18.308
0.05071000,-18.299
0.05071500,-18.284
0.05072000,-18.278
0.05072500,-18.278
0.05073000,-18.278
0.05073500,-18.268
0.05074000,-18.262
0.05074500,-18.255
0.05075000,-18.239
0.05075500,-18.218
0.05076000,-18.218
0.05076500,-18.216
0.05077000,-18.221
0.05077500,-18.212
0.05078000,-18.213
0.05078500,-18.205
0.05079000,-18.196
0.05079500,-18.178
0.05080000,-18.159
0.05080500,-18.149
0.05081000,-18.146
0.05081500,-18.138
0.05082000,-18.125
0.05082500,-18.109
0.05083000,-18.093
0.05083500,-18.076
0.05084000,-18.064
0.05084500,-18.059
0.05085000,-18.052
0.05085500,-18.049
0.05086000,-18.031
0.05086500,-18.022
0.05087000,-18.010
0.05087500,-17.989
0.05088000,-17.981
0.05088500,-17.978
0.05089000,-17.978
0.05089500,-17.970
0.05090000,-17.957
0.05090500,-17.943
0.05091000,-17.920
0.05091500,-17.893
0.05092000,-17.877
0.05092500,-17.870
0.05093000,-17.874
0.05093500,-17.866
0.05094000,-17.854
0.05094500,-17.841
0.05095000,-17.828
0.05095500,-17.806
0.05096000,-17.787
0.05096500,-17.774
0.05097000,-17.772
0.05097500,-17.774
0.05098000,-17.771
0.05098500,-17.764
0.05099000,-17.761
0.05099500,-17.737
0.05100000,-17.709
0.05100500,-17.690
0.05101000,-17.682
0.05101500,-17.676
0.05102000,-17.666
0.05102500,-17.655
0.05103000,-17.635
0.05103500,-17.614
0.05104000,-17.603
0.05104500,-17.597
0.05105000,-17.592
0.05105500,-17.597
0.05106000,-17.581
0.05106500,-17.573
0.05107000,-17.548
0.05107500,-17.518
0.05108000,-17.498
0.05108500,-17.481
0.05109000,-17.471
0.05109500,-17.466
0.05110000,-17.465
0.05110500,-17.452
0.05111000,-17.439
0.05111500,-17.423
0.05112000,-17.412
0.05112500,-17.397
0.05113000,-17.386
0.05113500,-17.375
0.05114000,-17.360
0.05114500,-17.358
0.05115000,-17.337
0.05115500,-17.307
0.05116000,-17.294
0.05116500,-17.278
0.05117000,-17.263
0.05117500,-17.255
0.05118000,-17.252
0.05118500,-17.238
0.05119000,-17.230
0.05119500,-17.214
0.05120000,-17.199
0.05120500,-17.177
0.05121000,-17.164
0.05121500,-17.156
0.05122000,-17.143
0.05122500,-17.135
0.05123000,-17.127
0.05123500,-17.104
0.05124000,-17.093
0.05124500,-17.075
0.05125000,-17.059
0.05125500,-17.046
0.05126000,-17.035
0.05126500,-17.017
0.05127000,-17.006
0.05127500,-16.983
0.05128000,-16.967
0.05128500,-16.953
0.05129000,-16.943
0.05129500,-16.929
0.05130000,-16.927
0.05130500,-16.921
0.05131000,-16.904
0.05131500,-16.890
0.05132000,-16.871
0.05132500,-16.850
0.05133000,-16.826
0.05133500,-16.813
0.05134000,-16.808
0.05134500,-16.800
0.05135000,-16.782
0.05135500,-16.768
0.05136000,-16.753
0.05136500,-16.740
0.05137000,-16.716
0.05137500,-16.703
0.05138000,-16.700
0.05138500,-16.692
0.05139000,-16.681
0.05139500,-16.663
0.05140000,-16.653
0.05140500,-16.626
0.05141000,-16.608
0.05141500,-16.595
0.05142000,-16.582
0.05142500,-16.578
0.05143000,-16.566
0.05143500,-16.547
0.05144000,-16.528
0.05144500,-16.507
0.05145000,-16.484
0.05145500,-16.471
0.05146000,-16.470
0.05146500,-16.463
0.05147000,-16.460
0.05147500,-16.444
0.05148000,-16.433
0.05148500,-16.410
0.05149000,-16.391
0.05149500,-16.364
0.05150000,-16.351
0.05150500,-16.344
0.05151000,-16.323
0.05151500,-16.301
0.05152000,-16.283
0.05152500,-16.267
0.05153000,-16.241
0.05153500,-16.228
0.05154000,-16.228
0.05154500,-16.217
0.05155000,-16.214
0.05155500,-16.198
0.05156000,-16.182
0.05156500,-16.157
0.05157000,-16.141
0.05157500,-16.112
0.05158000,-16.100
0.05158500,-16.087
0.05159000,-16.074
0.05159500,-16.061
0.05160000,-16.051
0.05160500,-16.030
0.05161000,-16.006
0.05161500,-15.982
0.05162000,-15.974
0.05162500,-15.958
0.05163000,-15.948
0.05163500,-15.935
0.05164000,-15.918
0.05164500,-15.893
0.05165000,-15.874
0.05165500,-15.844
0.05166000,-15.829
0.05166500,-15.821
0.05167000,-15.811
0.05167500,-15.800
0.05168000,-15.782
0.05168500,-15.760
0.05169000,-15.741
0.05169500,-15.718
0.05170000,-15.694
0.05170500,-15.678
0.05171000,-15.657
0.05171500,-15.646
0.05172000,-15.628
0.05172500,-15.604
0.05173000,-15.578
0.05173500,-15.554
0.05174000,-15.543
0.05174500,-15.534
0.05175000,-15.520
0.05175500,-15.517
0.05176000,-15.499
0.05176500,-15.475
0.05177000,-15.448
0.05177500,-15.419
0.05178000,-15.393
0.05178500,-15.372
0.05179000,-15.359
0.05179500,-15.351
0.05180000,-15.336
0.05180500,-15.322
0.05181000,-15.299
0.05181500,-15.274
0.05182000,-15.256
0.05182500,-15.233
0.05183000,-15.219
0.05183500,-15.214
0.05184000,-15.196
0.05184500,-15.174
0.05185000,-15.148
0.05185500,-15.124
0.05186000,-15.097
0.05186500,-15.076
0.05187000,-15.055
0.05187500,-15.042
0.05188000,-15.031
0.05188500,-15.011
0.05189000,-14.984
0.05189500,-14.973
0.05190000,-14.945
0.05190500,-14.931
0.05191000,-14.920
0.05191500,-14.916
0.05192000,-14.905
0.05192500,-14.883
0.05193000,-14.857
0.05193500,-14.834
0.05194000,-14.812
0.05194500,-14.779
0.05195000,-14.757
0.05195500,-14.747
0.05196000,-14.736
0.05196500,-14.712
0.05197000,-14.693
0.05197500,-14.670
0.05198000,-14.647
0.05198500,-14.620
0.05199000,-14.606
0.05199500,-14.598
0.05200000,-14.586
0.05200500,-14.573
0.05201000,-14.553
0.05201500,-14.530
0.05202000,-14.511
0.05202500,-14.482
0.05203000,-14.458
0.05203500,-14.449
0.05204000,-14.430
0.05204500,-14.414
0.05205000,-14.400
0.05205500,-14.377
0.05206000,-14.350
0.05206500,-14.322
0.05207000,-14.306
0.05207500,-14.292
0.05208000,-14.288
0.05208500,-14.269
0.05209000,-14.247
0.05209500,-14.227
0.05210000,-14.203
0.05210500,-14.166
0.05211000,-14.142
0.05211500,-14.132
0.05212000,-14.118
0.05212500,-14.099
0.05213000,-14.081
0.05213500,-14.062
0.05214000,-14.034
0.05214500,-14.005
0.05215000,-13.983
0.05215500,-13.962
0.05216000,-13.949
0.05216500,-13.930
0.05217000,-13.913
0.05217500,-13.897
0.05218000,-13.880
0.05218500,-13.841
0.05219000,-13.814
0.05219500,-13.799
0.05220000,-13.785
0.05220500,-13.767
0.05221000,-13.746
0.05221500,-13.725
0.05222000,-13.699
0.05222500,-13.667
0.05223000,-13.643
0.05223500,-13.624
0.05224000,-13.611
0.05224500,-13.596
0.05225000,-13.582
0.05225500,-13.561
0.05226000,-13.537
0.05226500,-13.506
0.05227000,-13.482
0.05227500,-13.464
0.05228000,-13.439
0.05228500,-13.426
0.05229000,-13.398
0.05229500,-13.377
0.05230000,-13.348
0.05230500,-13.319
0.05231000,-13.294
0.05231500,-13.278
0.05232000,-13.253
0.05232500,-13.239
0.05233000,-13.226
0.05233500,-13.202
0.05234000,-13.176
0.05234500,-13.147
0.05235000,-13.118
0.05235500,-13.088
0.05236000,-13.073
0.05236500,-13.052
0.05237000,-13.038
0.05237500,-13.017
0.05238000,-12.994
0.05238500,-12.968
0.05239000,-12.936
0.05239500,-12.912
0.05240000,-12.890
0.05240500,-12.872
0.05241000,-12.856
0.05241500,-12.838
0.05242000,-12.807
0.05242500,-12.787
0.05243000,-12.761
0.05243500,-12.730
0.05244000,-12.709
0.05244500,-12.693
0.05245000,-12.680
0.05245500,-12.653
0.05246000,-12.622
0.05246500,-12.598
0.05247000,-12.568
0.05247500,-12.542
0.05248000,-12.518
0.05248500,-12.497
0.05249000,-12.484
0.05249500,-12.468
0.05250000,-12.442
0.05250500,-12.413
0.05251000,-12.389
0.05251500,-12.352
0.05252000,-12.328
0.05252500,-12.304
0.05253000,-12.289
0.05253500,-12.271
0.05254000,-12.241
0.05254500,-12.220
0.05255000,-12.196
0.05255500,-12.159
0.05256000,-12.133
0.05256500,-12.115
0.05257000,-12.099
0.05257500,-12.080
0.05258000,-12.056
0.05258500,-12.032
0.05259000,-11.999
0.05259500,-11.969
0.05260000,-11.935
0.05260500,-11.917
0.05261000,-11.900
0.05261500,-11.887
0.05262000,-11.856
0.05262500,-11.834
0.05263000,-11.808
0.05263500,-11.779
0.05264000,-11.747
0.05264500,-11.724
0.05265000,-11.706
0.05265500,-11.685
0.05266000,-11.668
0.05266500,-11.634
0.05267000,-11.611
0.05267500,-11.582
0.05268000,-11.555
0.05268500,-11.524
0.05269000,-11.510
0.05269500,-11.492
0.05270000,-11.466
0.05270500,-11.441
0.05271000,-11.417
0.05271500,-11.381
0.05272000,-11.352
0.05272500,-11.326
0.05273000,-11.307
0.05273500,-11.289
0.05274000,-11.270
0.05274500,-11.243
0.05275000,-11.223
0.05275500,-11.185
0.05276000,-11.157
0.05276500,-11.127
0.05277000,-11.107
0.05277500,-11.091
0.05278000,-11.070
0.05278500,-11.046
0.05279000,-11.022
0.05279500,-10.993
0.05280000,-10.963
0.05280500,-10.930
0.05281000,-10.908
0.05281500,-10.892
0.05282000,-10.868
0.05282500,-10.852
0.05283000,-10.824
0.05283500,-10.797
0.05284000,-10.765
0.05284500,-10.740
0.05285000,-10.715
0.05285500,-10.697
0.05286000,-10.684
0.05286500,-10.662
0.05287000,-10.634
0.05287500,-10.608
0.05288000,-10.578
0.05288500,-10.550
0.05289000,-10.525
0.05289500,-10.509
0.05290000,-10.491
0.05290500,-10.470
0.05291000,-10.446
0.05291500,-10.412
0.05292000,-10.383
0.05292500,-10.354
0.05293000,-10.328
0.05293500,-10.307
0.05294000,-10.290
0.05294500,-10.270
0.05295000,-10.246
0.05295500,-10.216
0.05296000,-10.188
0.05296500,-10.158
0.05297000,-10.132
0.05297500,-10.106
0.05298000,-10.090
0.05298500,-10.072
0.05299000,-10.047
0.05299500,-10.016
0.05300000,-9.984
0.05300500,-9.958
0.05301000,-9.934
0.05301500,-9.907
0.05302000,-9.886
0.05302500,-9.870
0.05303000,-9.852
0.05303500,-9.816
0.05304000,-9.787
0.05304500,-9.757
0.05305000,-9.726
0.05305500,-9.707
0.05306000,-9.681
0.05306500,-9.665
0.05307000,-9.643
0.05307500,-9.612
0.05308000,-9.585
0.05308500,-9.556
0.05309000,-9.522
0.05309500,-9.496
0.05310000,-9.470
0.05310500,-9.454
0.05311000,-9.435
0.05311500,-9.404
0.05312000,-9.375
0.05312500,-9.345
0.05313000,-9.316
0.05313500,-9.282
0.05314000,-9.258
0.05314500,-9.238
0.05315000,-9.219
0.05315500,-9.189
0.05316000,-9.166
0.05316500,-9.135
0.05317000,-9.103
0.05317500,-9.068
0.05318000,-9.042
0.05318500,-9.023
0.05319000,-9.007
0.05319500,-8.978
0.05320000,-8.944
0.05320500,-8.918
0.05321000,-8.883
0.05321500,-8.852
0.05322000,-8.826
0.05322500,-8.810
0.05323000,-8.786
0.05323500,-8.760
0.05324000,-8.730
0.05324500,-8.699
0.05325000,-8.670
0.05325500,-8.638
0.05326000,-8.606
0.05326500,-8.590
0.05327000,-8.570
0.05327500,-8.546
0.05328000,-8.517
0.05328500,-8.487
0.05329000,-8.455
0.05329500,-8.424
0.05330000,-8.395
0.05330500,-8.371
0.05331000,-8.355
0.05331500,-8.334
0.05332000,-8.306
0.05332500,-8.268
0.05333000,-8.239
0.05333500,-8.208
0.05334000,-8.171
0.05334500,-8.155
0.05335000,-8.136
0.05335500,-8.107
0.05336000,-8.084
0.05336500,-8.055
0.05337000,-8.026
0.05337500,-7.986
0.05338000,-7.962
0.05338500,-7.941
0.05339000,-7.918
0.05339500,-7.894
0.05340000,-7.873
0.05340500,-7.840
0.05341000,-7.807
0.05341500,-7.770
0.05342000,-7.743
0.05342500,-7.717
0.05343000,-7.701
0.05343500,-7.679
0.05344000,-7.653
0.05344500,-7.627
0.05345000,-7.590
0.05345500,-7.559
0.05346000,-7.529
0.05346500,-7.503
0.05347000,-7.481
0.05347500,-7.461
0.05348000,-7.437
0.05348500,-7.416
0.05349000,-7.379
0.05349500,-7.350
0.05350000,-7.313
0.05350500,-7.289
0.05351000,-7.268
0.05351500,-7.249
0.05352000,-7.225
0.05352500,-7.200
0.05353000,-7.167
0.05353500,-7.138
0.05354000,-7.104
0.05354500,-7.073
0.05355000,-7.046
0.05355500,-7.035
0.05356000,-7.014
0.05356500,-6.993
0.05357000,-6.957
0.05357500,-6.924
0.05358000,-6.895
0.05358500,-6.872
0.05359000,-6.833
0.05359500,-6.819
0.05360000,-6.796
0.05360500,-6.775
0.05361000,-6.742
0.05361500,-6.711
0.05362000,-6.679
0.05362500,-6.650
0.05363000,-6.623
0.05363500,-6.598
0.05364000,-6.582
0.05364500,-6.561
0.05365000,-6.532
0.05365500,-6.495
0.05366000,-6.465
0.05366500,-6.436
0.05367000,-6.408
0.05367500,-6.384
0.05368000,-6.367
0.05368500,-6.346
0.05369000,-6.312
0.05369500,-6.284
0.05370000,-6.259
0.05370500,-6.217
0.05371000,-6.188
0.05371500,-6.169
0.05372000,-6.149
0.05372500,-6.135
0.05373000,-6.099
0.05373500,-6.070
0.05374000,-6.038
0.05374500,-6.006
0.05375000,-5.975
0.05375500,-5.948
0.05376000,-5.935
0.05376500,-5.909
0.05377000,-5.882
0.05377500,-5.856
0.05378000,-5.834
0.05378500,-5.795
0.05379000,-5.760
0.05379500,-5.736
0.05380000,-5.721
0.05380500,-5.692
0.05381000,-5.668
0.05381500,-5.637
0.05382000,-5.610
0.05382500,-5.575
0.05383000,-5.550
0.05383500,-5.523
0.05384000,-5.504
0.05384500,-5.480
0.05385000,-5.455
0.05385500,-5.423
0.05386000,-5.397
0.05386500,-5.365
0.05387000,-5.336
0.05387500,-5.303
0.05388000,-5.290
0.05388500,-5.264
0.05389000,-5.238
0.05389500,-5.212
0.05390000,-5.182
0.05390500,-5.153
0.05391000,-5.124
0.05391500,-5.092
0.05392000,-5.071
0.05392500,-5.045
0.05393000,-5.022
0.05393500,-4.990
0.05394000,-4.963
0.05394500,-4.932
0.05395000,-4.897
0.05395500,-4.865
0.05396000,-4.850
0.05396500,-4.831
0.05397000,-4.807
0.05397500,-4.783
0.05398000,-4.757
0.05398500,-4.723
0.05399000,-4.692
0.05399500,-4.662
0.05400000,-4.642
0.05400500,-4.622
0.05401000,-4.602
0.05401500,-4.575
0.05402000,-4.546
0.05402500,-4.510
0.05403000,-4.478
0.05403500,-4.451
0.05404000,-4.420
0.05404500,-4.399
0.05405000,-4.385
0.05405500,-4.356
0.05406000,-4.335
0.05406500,-4.298
0.05407000,-4.267
0.05407500,-4.232
0.05408000,-4.211
0.05408500,-4.187
0.05409000,-4.166
0.05409500,-4.145
0.05410000,-4.118
0.05410500,-4.085
0.05411000,-4.055
0.05411500,-4.023
0.05412000,-3.992
0.05412500,-3.960
0.05413000,-3.952
0.05413500,-3.928
0.05414000,-3.896
0.05414500,-3.868
0.05415000,-3.833
0.05415500,-3.801
0.05416000,-3.773
0.05416500,-3.744
0.05417000,-3.717
0.05417500,-3.702
0.05418000,-3.675
0.05418500,-3.638
0.05419000,-3.611
0.05419500,-3.578
0.05420000,-3.543
0.05420500,-3.522
0.05421000,-3.496
0.05421500,-3.475
0.05422000,-3.445
0.05422500,-3.414
0.05423000,-3.384
0.05423500,-3.350
0.05424000,-3.319
0.05424500,-3.289
0.05425000,-3.271
0.05425500,-3.253
0.05426000,-3.224
0.05426500,-3.186
0.05427000,-3.155
0.05427500,-3.129
0.05428000,-3.091
0.05428500,-3.063
0.05429000,-3.039
0.05429500,-3.023
0.05430000,-3.000
0.05430500,-2.959
0.05431000,-2.928
0.05431500,-2.904
0.05432000,-2.865
0.05432500,-2.835
0.05433000,-2.814
0.05433500,-2.790
0.05434000,-2.770
0.05434500,-2.745
0.05435000,-2.712
0.05435500,-2.679
0.05436000,-2.648
0.05436500,-2.608
0.05437000,-2.585
0.05437500,-2.566
0.05438000,-2.550
0.05438500,-2.511
0.05439000,-2.489
0.05439500,-2.461
0.05440000,-2.419
0.05440500,-2.390
0.05441000,-2.368
0.05441500,-2.345
0.05442000,-2.328
0.05442500,-2.291
0.05443000,-2.265
0.05443500,-2.236
0.05444000,-2.205
0.05444500,-2.159
0.05445000,-2.136
0.05445500,-2.118
0.05446000,-2.096
0.05446500,-2.072
0.05447000,-2.041
0.05447500,-2.010
0.05448000,-1.978
0.05448500,-1.940
0.05449000,-1.917
0.05449500,-1.895
0.05450000,-1.869
0.05450500,-1.840
0.05451000,-1.814
0.05451500,-1.783
0.05452000,-1.748
0.05452500,-1.717
0.05453000,-1.687
0.05453500,-1.664
0.05454000,-1.639
0.05454500,-1.611
0.05455000,-1.584
0.05455500,-1.556
0.05456000,-1.521
0.05456500,-1.482
0.05457000,-1.457
0.05457500,-1.441
0.05458000,-1.413
0.05458500,-1.383
0.05459000,-1.355
0.05459500,-1.328
0.05460000,-1.289
0.05460500,-1.255
0.05461000,-1.231
0.05461500,-1.194
0.05462000,-1.172
0.05462500,-1.157
0.05463000,-1.130
0.05463500,-1.093
0.05464000,-1.059
0.05464500,-1.028
0.05465000,-0.996
0.05465500,-0.969
0.05466000,-0.940
0.05466500,-0.919
0.05467000,-0.893
0.05467500,-0.867
0.05468000,-0.826
0.05468500,-0.790
0.05469000,-0.760
0.05469500,-0.731
0.05470000,-0.702
0.05470500,-0.682
0.05471000,-0.655
0.05471500,-0.623
0.05472000,-0.592
0.05472500,-0.555
0.05473000,-0.523
0.05473500,-0.484
0.05474000,-0.463
0.05474500,-0.439
0.05475000,-0.417
0.05475500,-0.385
0.05476000,-0.347
0.05476500,-0.319
0.05477000,-0.285
0.05477500,-0.243
0.05478000,-0.224
0.05478500,-0.199
0.05479000,-0.170
0.05479500,-0.140
0.05480000,-0.106
0.05480500,-0.074
0.05481000,-0.037
0.05481500,-0.006
0.05482000,0.028
0.05482500,0.055
0.05483000,0.077
0.05483500,0.106
0.05484000,0.139
0.05484500,0.172
0.05485000,0.205
0.05485500,0.243
0.05486000,0.269
0.05486500,0.298
0.05487000,0.316
0.05487500,0.348
0.05488000,0.379
0.05488500,0.411
0.05489000,0.451
0.05489500,0.486
0.05490000,0.514
0.05490500,0.540
0.05491000,0.564
0.05491500,0.596
0.05492000,0.620
0.05492500,0.662
0.05493000,0.696
0.05493500,0.729
0.05494000,0.765
0.05494500,0.789
0.05495000,0.813
0.05495500,0.844
0.05496000,0.871
0.05496500,0.905
0.05497000,0.939
0.05497500,0.979
0.05498000,1.013
0.05498500,1.035
0.05499000,1.066
0.05499500,1.088
0.05500000,1.111
0.05500500,1.143
0.05501000,1.185
0.05501500,1.216
0.05502000,1.253
0.05502500,1.275
0.05503000,1.301
0.05503500,1.328
0.05504000,1.348
0.05504500,1.380
0.05505000,1.418
0.05505500,1.454
0.05506000,1.476
0.05506500,1.509
0.05507000,1.528
0.05507500,1.550
0.05508000,1.576
0.05508500,1.608
0.05509000,1.644
0.05509500,1.671
0.05510000,1.700
0.05510500,1.737
0.05511000,1.757
0.05511500,1.781
0.05512000,1.802
0.05512500,1.835
0.05513000,1.861
0.05513500,1.892
0.05514000,1.929
0.05514500,1.959
0.05515000,1.985
0.05515500,1.998
0.05516000,2.021
0.05516500,2.054
0.05517000,2.091
0.05517500,2.114
0.05518000,2.143
0.05518500,2.180
0.05519000,2.207
0.05519500,2.223
0.05520000,2.246
0.05520500,2.276
0.05521000,2.305
0.05521500,2.343
0.05522000,2.365
0.05522500,2.410
0.05523000,2.431
0.05523500,2.447
0.05524000,2.468
0.05524500,2.497
0.05525000,2.529
0.05525500,2.558
0.05526000,2.595
0.05526500,2.629
0.05527000,2.656
0.05527500,2.679
0.05528000,2.695
0.05528500,2.727
0.05529000,2.764
0.05529500,2.788
0.05530000,2.824
0.05530500,2.856
0.05531000,2.888
0.05531500,2.911
0.05532000,2.937
0.05532500,2.956
0.05533000,2.985
0.05533500,3.012
0.05534000,3.052
0.05534500,3.083
0.05535000,3.114
0.05535500,3.141
0.05536000,3.160
0.05536500,3.181
0.05537000,3.220
0.05537500,3.242
0.05538000,3.276
0.05538500,3.312
0.05539000,3.342
0.05539500,3.366
0.05540000,3.392
0.05540500,3.415
0.05541000,3.444
0.05541500,3.474
0.05542000,3.506
0.05542500,3.547
0.05543000,3.572
0.05543500,3.605
0.05544000,3.624
0.05544500,3.650
0.05545000,3.677
0.05545500,3.709
0.05546000,3.740
0.05546500,3.775
0.05547000,3.806
0.05547500,3.844
0.05548000,3.859
0.05548500,3.886
0.05549000,3.917
0.05549500,3.943
0.05550000,3.973
0.05550500,4.017
0.05551000,4.046
0.05551500,4.073
0.05552000,4.096
0.05552500,4.117
0.05553000,4.137
0.05553500,4.173
0.05554000,4.207
0.05554500,4.239
0.05555000,4.273
0.05555500,4.310
0.05556000,4.327
0.05556500,4.345
0.05557000,4.374
0.05557500,4.401
0.05558000,4.434
0.05558500,4.466
0.05559000,4.501
0.05559500,4.533
0.05560000,4.567
0.05560500,4.591
0.05561000,4.614
0.05561500,4.643
0.05562000,4.674
0.05562500,4.698
0.05563000,4.733
0.05563500,4.767
0.05564000,4.796
0.05564500,4.822
0.05565000,4.844
0.05565500,4.868
0.05566000,4.904
0.05566500,4.933
0.05567000,4.968
0.05567500,4.994
0.05568000,5.021
0.05568500,5.049
0.05569000,5.073
0.05569500,5.099
0.05570000,5.134
0.05570500,5.161
0.05571000,5.185
0.05571500,5.224
0.05572000,5.251
0.05572500,5.277
0.05573000,5.293
0.05573500,5.322
0.05574000,5.354
0.05574500,5.391
0.05575000,5.416
0.05575500,5.453
0.05576000,5.483
0.05576500,5.506
0.05577000,5.527
0.05577500,5.546
0.05578000,5.572
0.05578500,5.610
0.05579000,5.643
0.05579500,5.667
0.05580000,5.705
0.05580500,5.728
0.05581000,5.742
0.05581500,5.767
0.05582000,5.796
0.05582500,5.826
0.05583000,5.857
0.05583500,5.891
0.05584000,5.926
0.05584500,5.950
0.05585000,5.969
0.05585500,5.987
0.05586000,6.016
0.05586500,6.045
0.05587000,6.079
0.05587500,6.103
0.05588000,6.150
0.05588500,6.171
0.05589000,6.188
0.05589500,6.209
0.05590000,6.243
0.05590500,6.262
0.05591000,6.295
0.05591500,6.325
0.05592000,6.369
0.05592500,6.388
0.05593000,6.411
0.05593500,6.423
0.05594000,6.452
0.05594500,6.480
0.05595000,6.509
0.05595500,6.547
0.05596000,6.575
0.05596500,6.610
0.05597000,6.625
0.05597500,6.646
0.05598000,6.668
0.05598500,6.695
0.05599000,6.726
0.05599500,6.757
0.05600000,6.790
0.05600500,6.815
0.05601000,6.842
0.05601500,6.860
0.05602000,6.884
0.05602500,6.906
0.05603000,6.932
0.05603500,6.966
0.05604000,6.998
0.05604500,7.027
0.05605000,7.051
0.05605500,7.075
0.05606000,7.093
0.05606500,7.125
0.05607000,7.151
0.05607500,7.178
0.05608000,7.215
0.05608500,7.252
0.05609000,7.265
0.05609500,7.289
0.05610000,7.317
0.05610500,7.338
0.05611000,7.365
0.05611500,7.399
0.05612000,7.428
0.05612500,7.459
0.05613000,7.486
0.05613500,7.504
0.05614000,7.525
0.05614500,7.547
0.05615000,7.571
0.05615500,7.591
0.05616000,7.615
0.05616500,7.642
0.05617000,7.657
0.05617500,7.668
0.05618000,7.689
0.05618500,7.705
0.05619000,7.732
0.05619500,7.769
0.05620000,7.798
0.05620500,7.834
0.05621000,7.871
0.05621500,7.895
0.05622000,7.914
0.05622500,7.929
0.05623000,7.961
0.05623500,7.985
0.05624000,8.017
0.05624500,8.053
0.05625000,8.078
0.05625500,8.101
0.05626000,8.122
0.05626500,8.139
0.05627000,8.164
0.05627500,8.191
0.05628000,8.215
0.05628500,8.255
0.05629000,8.283
0.05629500,8.304
0.05630000,8.326
0.05630500,8.344
0.05631000,8.368
0.05631500,8.397
0.05632000,8.429
0.05632500,8.457
0.05633000,8.487
0.05633500,8.515
0.05634000,8.539
0.05634500,8.553
0.05635000,8.574
0.05635500,8.601
0.05636000,8.629
0.05636500,8.659
0.05637000,8.690
0.05637500,8.722
0.05638000,8.740
0.05638500,8.759
0.05639000,8.782
0.05639500,8.809
0.05640000,8.838
0.05640500,8.864
0.05641000,8.901
0.05641500,8.930
0.05642000,8.951
0.05642500,8.967
0.05643000,8.989
0.05643500,9.017
0.05644000,9.055
0.05644500,9.075
0.05645000,9.104
0.05645500,9.142
0.05646000,9.162
0.05646500,9.178
0.05647000,9.191
0.05647500,9.220
0.05648000,9.247
0.05648500,9.278
0.05649000,9.308
0.05649500,9.344
0.05650000,9.361
0.05650500,9.382
0.05651000,9.406
0.05651500,9.432
0.05652000,9.455
0.05652500,9.485
0.05653000,9.511
0.05653500,9.546
0.05654000,9.572
0.05654500,9.592
0.05655000,9.608
0.05655500,9.630
0.05656000,9.662
0.05656500,9.683
0.05657000,9.714
0.05657500,9.746
0.05658000,9.773
0.05658500,9.793
0.05659000,9.815
0.05659500,9.838
0.05660000,9.864
0.05660500,9.884
0.05661000,9.912
0.05661500,9.939
0.05662000,9.962
0.05662500,9.983
0.05663000,9.999
0.05663500,10.020
0.05664000,10.049
0.05664500,10.078
0.05665000,10.105
0.05665500,10.145
0.05666000,10.174
0.05666500,10.192
0.05667000,10.213
0.05667500,10.235
0.05668000,10.255
0.05668500,10.281
0.05669000,10.314
0.05669500,10.350
0.05670000,10.375
0.05670500,10.398
0.05671000,10.419
0.05671500,10.438
0.05672000,10.462
0.05672500,10.490
0.05673000,10.522
0.05673500,10.545
0.05674000,10.580
0.05674500,10.602
0.05675000,10.620
0.05675500,10.635
0.05676000,10.662
0.05676500,10.681
0.05677000,10.712
0.05677500,10.738
0.05678000,10.763
0.05678500,10.794
0.05679000,10.821
0.05679500,10.826
0.05680000,10.849
0.05680500,10.878
0.05681000,10.905
0.05681500,10.928
0.05682000,10.958
0.05682500,10.986
0.05683000,11.008
0.05683500,11.021
0.05684000,11.042
0.05684500,11.069
0.05685000,11.098
0.05685500,11.122
0.05686000,11.148
0.05686500,11.180
0.05687000,11.205
0.05687500,11.221
0.05688000,11.238
0.05688500,11.263
0.05689000,11.293
0.05689500,11.314
0.05690000,11.346
0.05690500,11.372
0.05691000,11.398
0.05691500,11.414
0.05692000,11.435
0.05692500,11.457
0.05693000,11.478
0.05693500,11.509
0.05694000,11.541
0.05694500,11.562
0.05695000,11.591
0.05695500,11.610
0.05696000,11.621
0.05696500,11.646
0.05697000,11.676
0.05697500,11.699
0.05698000,11.728
0.05698500,11.763
0.05699000,11.789
0.05699500,11.805
0.05700000,11.815
0.05700500,11.840
0.05701000,11.866
0.05701500,11.897
0.05702000,11.919
0.05702500,11.950
0.05703000,11.976
0.05703500,11.995
0.05704000,12.013
0.05704500,12.030
0.05705000,12.059
0.05705500,12.085
0.05706000,12.106
0.05706500,12.140
0.05707000,12.166
0.05707500,12.180
0.05708000,12.199
0.05708500,12.220
0.05709000,12.245
0.05709500,12.269
0.05710000,12.299
0.05710500,12.328
0.05711000,12.357
0.05711500,12.378
0.05712000,12.393
0.05712500,12.410
0.05713000,12.434
0.05713500,12.459
0.05714000,12.478
0.05714500,12.510
0.05715000,12.542
0.05715500,12.565
0.05716000,12.587
0.05716500,12.597
0.05717000,12.621
0.05717500,12.642
0.05718000,12.665
0.05718500,12.697
0.05719000,12.729
0.05719500,12.747
0.05720000,12.771
0.05720500,12.782
0.05721000,12.802
0.05721500,12.832
0.05722000,12.859
0.05722500,12.885
0.05723000,12.914
0.05723500,12.935
0.05724000,12.953
0.05724500,12.966
0.05725000,12.985
0.05725500,13.008
0.05726000,13.033
0.05726500,13.064
0.05727000,13.091
0.05727500,13.112
0.05728000,13.132
0.05728500,13.154
0.05729000,13.157
0.05729500,13.183
0.05730000,13.207
0.05730500,13.239
0.05731000,13.262
0.05731500,13.284
0.05732000,13.317
0.05732500,13.326
0.05733000,13.336
0.05733500,13.360
0.05734000,13.386
0.05734500,13.413
0.05735000,13.441
0.05735500,13.465
0.05736000,13.491
0.05736500,13.513
0.05737000,13.521
0.05737500,13.539
0.05738000,13.561
0.05738500,13.594
0.05739000,13.623
0.05739500,13.643
0.05740000,13.666
0.05740500,13.690
0.05741000,13.700
0.05741500,13.722
0.05742000,13.738
0.05742500,13.767
0.05743000,13.792
0.05743500,13.819
0.05744000,13.846
0.05744500,13.869
0.05745000,13.875
0.05745500,13.891
0.05746000,13.916
0.05746500,13.943
0.05747000,13.969
0.05747500,13.994
0.05748000,14.025
0.05748500,14.049
0.05749000,14.059
0.05749500,14.080
0.05750000,14.096
0.05750500,14.125
0.05751000,14.141
0.05751500,14.173
0.05752000,14.199
0.05752500,14.221
0.05753000,14.234
0.05753500,14.255
0.05754000,14.274
0.05754500,14.297
0.05755000,14.316
0.05755500,14.342
0.05756000,14.373
0.05756500,14.390
0.05757000,14.400
0.05757500,14.413
0.05758000,14.437
0.05758500,14.460
0.05759000,14.485
0.05759500,14.498
0.05760000,14.535
0.05760500,14.559
0.05761000,14.576
0.05761500,14.582
0.05762000,14.596
0.05762500,14.621
0.05763000,14.640
0.05763500,14.662
0.05764000,14.685
0.05764500,14.711
0.05765000,14.719
0.05765500,14.730
0.05766000,14.748
0.05766500,14.767
0.05767000,14.783
0.05767500,14.804
0.05768000,14.827
0.05768500,14.851
0.05769000,14.859
0.05769500,14.873
0.05770000,14.886
0.05770500,14.906
0.05771000,14.923
0.05771500,14.946
0.05772000,14.970
0.05772500,14.989
0.05773000,15.009
0.05773500,15.015
0.05774000,15.026
0.05774500,15.042
0.05775000,15.062
0.05775500,15.076
0.05776000,15.102
0.05776500,15.129
0.05777000,15.139
0.05777500,15.157
0.05778000,15.170
0.05778500,15.181
0.05779000,15.205
0.05779500,15.219
0.05780000,15.244
0.05780500,15.265
0.05781000,15.285
0.05781500,15.305
0.05782000,15.313
0.05782500,15.326
0.05783000,15.345
0.05783500,15.366
0.05784000,15.390
0.05784500,15.413
0.05785000,15.427
0.05785500,15.446
0.05786000,15.459
0.05786500,15.467
0.05787000,15.488
0.05787500,15.514
0.05788000,15.529
0.05788500,15.556
0.05789000,15.570
0.05789500,15.578
0.05790000,15.596
0.05790500,15.607
0.05791000,15.620
0.05791500,15.648
0.05792000,15.662
0.05792500,15.686
0.05793000,15.709
0.05793500,15.720
0.05794000,15.733
0.05794500,15.743
0.05795000,15.759
0.05795500,15.776
0.05796000,15.793
0.05796500,15.809
0.05797000,15.834
0.05797500,15.854
0.05798000,15.857
0.05798500,15.862
0.05799000,15.871
0.05799500,15.886
0.05800000,15.910
0.05800500,15.929
0.05801000,15.942
0.05801500,15.962
0.05802000,15.974
0.05802500,15.976
0.05803000,15.989
0.05803500,16.008
0.05804000,16.028
0.05804500,16.040
0.05805000,16.058
0.05805500,16.081
0.05806000,16.089
0.05806500,16.094
0.05807000,16.095
0.05807500,16.115
0.05808000,16.134
0.05808500,16.145
0.05809000,16.164
0.05809500,16.185
0.05810000,16.193
0.05810500,16.198
0.05811000,16.205
0.05811500,16.218
0.05812000,16.238
0.05812500,16.253
0.05813000,16.272
0.05813500,16.287
0.05814000,16.304
0.05814500,16.306
0.05815000,16.314
0.05815500,16.332
0.05816000,16.345
0.05816500,16.359
0.05817000,16.375
0.05817500,16.398
0.05818000,16.414
0.05818500,16.419
0.05819000,16.424
0.05819500,16.441
0.05820000,16.449
0.05820500,16.467
0.05821000,16.482
0.05821500,16.506
0.05822000,16.520
0.05822500,16.523
0.05823000,16.530
0.05823500,16.536
0.05824000,16.557
0.05824500,16.575
0.05825000,16.586
0.05825500,16.612
0.05826000,16.626
0.05826500,16.635
0.05827000,16.638
0.05827500,16.646
0.05828000,16.659
0.05828500,16.673
0.05829000,16.696
0.05829500,16.710
0.05830000,16.723
0.05830500,16.734
0.05831000,16.739
0.05831500,16.749
0.05832000,16.755
0.05832500,16.770
0.05833000,16.786
0.05833500,16.808
0.05834000,16.823
0.05834500,16.834
0.05835000,16.834
0.05835500,16.844
0.05836000,16.857
0.05836500,16.873
0.05837000,16.889
0.05837500,16.908
0.05838000,16.923
0.05838500,16.942
0.05839000,16.940
0.05839500,16.952
0.05840000,16.955
0.05840500,16.971
0.05841000,16.987
0.05841500,17.002
0.05842000,17.018
0.05842500,17.029
0.05843000,17.039
0.05843500,17.050
0.05844000,17.055
0.05844500,17.060
0.05845000,17.082
0.05845500,17.103
0.05846000,17.116
0.05846500,17.127
0.05847000,17.134
0.05847500,17.138
0.05848000,17.145
0.05848500,17.154
0.05849000,17.175
0.05849500,17.187
0.05850000,17.208
0.05850500,17.225
0.05851000,17.237
0.05851500,17.243
0.05852000,17.249
0.05852500,17.262
0.05853000,17.274
0.05853500,17.283
0.05854000,17.303
0.05854500,17.322
0.05855000,17.330
0.05855500,17.338
0.05856000,17.341
0.05856500,17.348
0.05857000,17.367
0.05857500,17.386
0.05858000,17.396
0.05858500,17.417
0.05859000,17.428
0.05859500,17.431
0.05860000,17.438
0.05860500,17.443
0.05861000,17.459
0.05861500,17.475
0.05862000,17.489
0.05862500,17.499
0.05863000,17.504
0.05863500,17.515
0.05864000,17.510
0.05864500,17.517
0.05865000,17.526
0.05865500,17.538
0.05866000,17.549
0.05866500,17.562
0.05867000,17.576
0.05867500,17.573
0.05868000,17.576
0.05868500,17.583
0.05869000,17.583
0.05869500,17.592
0.05870000,17.602
0.05870500,17.605
0.05871000,17.625
0.05871500,17.631
0.05872000,17.631
0.05872500,17.626
0.05873000,17.634
0.05873500,17.649
0.05874000,17.658
0.05874500,17.674
0.05875000,17.687
0.05875500,17.691
0.05876000,17.695
0.05876500,17.695
0.05877000,17.703
0.05877500,17.715
0.05878000,17.728
0.05878500,17.742
0.05879000,17.755
0.05879500,17.760
0.05880000,17.760
0.05880500,17.758
0.05881000,17.771
0.05881500,17.779
0.05882000,17.781
0.05882500,17.803
0.05883000,17.816
0.05883500,17.824
0.05884000,17.829
0.05884500,17.826
0.05885000,17.829
0.05885500,17.839
0.05886000,17.848
0.05886500,17.860
0.05887000,17.882
0.05887500,17.885
0.05888000,17.889
0.05888500,17.887
0.05889000,17.895
0.05889500,17.895
0.05890000,17.903
0.05890500,17.919
0.05891000,17.924
0.05891500,17.934
0.05892000,17.938
0.05892500,17.937
0.05893000,17.942
0.05893500,17.942
0.05894000,17.950
0.05894500,17.956
0.05895000,17.972
0.05895500,17.979
0.05896000,17.980
0.05896500,17.982
0.05897000,17.980
0.05897500,17.985
0.05898000,17.992
0.05898500,18.003
0.05899000,18.009
0.05899500,18.022
0.05900000,18.024
0.05900500,18.017
0.05901000,18.016
0.05901500,18.016
0.05902000,18.019
0.05902500,18.024
0.05903000,18.035
0.05903500,18.046
0.05904000,18.051
0.05904500,18.046
0.05905000,18.046
0.05905500,18.045
0.05906000,18.048
0.05906500,18.054
0.05907000,18.058
0.05907500,18.072
0.05908000,18.074
0.05908500,18.077
0.05909000,18.066
0.05909500,18.067
0.05910000,18.075
0.05910500,18.082
0.05911000,18.090
0.05911500,18.099
0.05912000,18.101
0.05912500,18.101
0.05913000,18.101
0.05913500,18.093
0.05914000,18.096
0.05914500,18.101
0.05915000,18.109
0.05915500,18.117
0.05916000,18.125
0.05916500,18.128
0.05917000,18.125
0.05917500,18.119
0.05918000,18.116
0.05918500,18.125
0.05919000,18.127
0.05919500,18.138
0.05920000,18.146
0.05920500,18.151
0.05921000,18.156
0.05921500,18.141
0.05922000,18.146
0.05922500,18.148
0.05923000,18.151
0.05923500,18.162
0.05924000,18.167
0.05924500,18.174
0.05925000,18.170
0.05925500,18.167
0.05926000,18.164
0.05926500,18.174
0.05927000,18.177
0.05927500,18.186
0.05928000,18.193
0.05928500,18.199
0.05929000,18.194
0.05929500,18.190
0.05930000,18.191
0.05930500,18.191
0.05931000,18.201
0.05931500,18.199
0.05932000,18.207
0.05932500,18.217
0.05933000,18.214
0.05933500,18.212
0.05934000,18.206
0.05934500,18.211
0.05935000,18.215
0.05935500,18.215
0.05936000,18.230
0.05936500,18.230
0.05937000,18.231
0.05937500,18.228
0.05938000,18.217
0.05938500,18.227
0.05939000,18.225
0.05939500,18.228
0.05940000,18.238
0.05940500,18.251
0.05941000,18.252
0.05941500,18.246
0.05942000,18.236
0.05942500,18.246
0.05943000,18.251
0.05943500,18.256
0.05944000,18.257
0.05944500,18.270
0.05945000,18.277
0.05945500,18.264
0.05946000,18.257
0.05946500,18.259
0.05947000,18.259
0.05947500,18.257
0.05948000,18.268
0.05948500,18.280
0.05949000,18.289
0.05949500,18.283
0.05950000,18.277
0.05950500,18.275
0.05951000,18.277
0.05951500,18.278
0.05952000,18.285
0.05952500,18.291
0.05953000,18.299
0.05953500,18.299
0.05954000,18.289
0.05954500,18.288
0.05955000,18.288
0.05955500,18.291
0.05956000,18.296
0.05956500,18.307
0.05957000,18.310
0.05957500,18.314
0.05958000,18.302
0.05958500,18.301
0.05959000,18.289
0.05959500,18.301
0.05960000,18.307
0.05960500,18.325
0.05961000,18.323
0.05961500,18.326
0.05962000,18.328
0.05962500,18.315
0.05963000,18.315
0.05963500,18.310
0.05964000,18.326
0.05964500,18.334
0.05965000,18.339
0.05965500,18.341
0.05966000,18.331
0.05966500,18.331
0.05967000,18.326
0.05967500,18.331
0.05968000,18.338
0.05968500,18.339
0.05969000,18.338
0.05969500,18.357
0.05970000,18.352
0.05970500,18.349
0.05971000,18.341
0.05971500,18.343
0.05972000,18.352
0.05972500,18.355
0.05973000,18.365
0.05973500,18.370
0.05974000,18.373
0.05974500,18.365
0.05975000,18.360
0.05975500,18.363
0.05976000,18.365
0.05976500,18.372
0.05977000,18.376
0.05977500,18.381
0.05978000,18.386
0.05978500,18.386
0.05979000,18.372
0.05979500,18.373
0.05980000,18.375
0.05980500,18.380
0.05981000,18.389
0.05981500,18.396
0.05982000,18.397
0.05982500,18.397
0.05983000,18.383
0.05983500,18.384
0.05984000,18.392
0.05984500,18.391
0.05985000,18.402
0.05985500,18.407
0.05986000,18.412
0.05986500,18.404
0.05987000,18.402
0.05987500,18.397
0.05988000,18.400
0.05988500,18.409
0.05989000,18.409
0.05989500,18.415
0.05990000,18.418
0.05990500,18.418
0.05991000,18.412
0.05991500,18.417
0.05992000,18.412
0.05992500,18.418
0.05993000,18.434
0.05993500,18.442
0.05994000,18.454
0.05994500,18.454
0.05995000,18.454
0.05995500,18.447
0.05996000,18.441
0.05996500,18.429
0.05997000,18.431
0.05997500,18.441
0.05998000,18.447
0.05998500,18.458
0.05999000,18.446
0.05999500,18.434
