Time (seconds),X,Y,Z
0.0,0.9888052940368652,4.592078685760498,8.767566680908203
0.02,1.036689281463623,4.594472885131836,9.081207275390623
0.04,0.9792284965515136,4.817133903503418,8.899248123168945
0.06,1.0630255937576294,4.76924991607666,8.492233276367188
0.08,1.015141487121582,4.941632270812988,8.396465301513672
0.1,0.9217676520347596,4.812345504760742,8.705317497253418
0.12,1.158793568611145,4.697423934936523,8.796297073364258
0.14,1.2186486721038818,4.838681697845459,9.05247688293457
0.16,1.137245774269104,4.788403511047363,8.518569946289062
0.18,1.2497732639312744,4.924872875213623,8.030152320861816
0.2,1.3910311460494995,5.137956619262695,7.812280178070068
0.22,1.1827356815338137,5.418078422546387,8.398859977722168
0.24,1.2689268589019775,5.319916248321533,8.633491516113281
0.26,1.0821791887283323,4.9583916664123535,8.554482460021973
0.28,0.9169792532920836,4.8267107009887695,8.406042098999023
0.3,0.8762778043746948,4.752490520477295,8.793902397155762
0.32,1.4077905416488647,4.893748283386231,5.781997203826904
0.34,1.37906014919281,5.092466831207275,8.621520042419434
0.36,0.811634361743927,5.489904403686523,10.975020408630373
0.38,0.7876923680305481,4.728548526763916,9.684545516967772
0.4,1.335964560508728,4.683058738708496,8.128314971923828
0.42,1.1324573755264282,4.819528102874756,7.0988078117370605
0.44,0.7996633648872375,4.821922302246094,8.276755332946777
0.46,0.6536170840263367,4.716577529907227,9.126696586608888
0.48,0.8451532125473022,4.8267107009887695,9.318233489990234
0.5,0.9313444495201112,4.929661273956299,9.361329078674316
0.52,0.8978256583213806,4.845864295959473,8.47547435760498
0.54,1.1994950771331787,4.60165548324585,7.905653953552246
0.56,1.1252747774124146,4.831499099731445,8.183381080627441
0.58,0.7613561153411865,4.922478675842285,8.56884765625
0.6,0.6967126727104187,4.982333660125732,8.65982723236084
0.62,0.7038952708244324,4.857835292816162,8.597578048706055
0.64,0.7996633648872375,4.929661273956299,8.556877136230469
0.66,0.6847416758537292,4.711789131164551,8.26239013671875
0.68,0.3543418645858764,5.0900726318359375,8.571242332458496
0.7,0.4381389021873474,4.714183330535889,8.588001251220703
0.72,0.2082955539226532,4.817133903503418,8.71489429473877
0.74,0.2489969730377197,4.857835292816162,9.188945770263672
0.76,0.3136404156684875,4.7189717292785645,9.421183586120604
0.78,0.3136404156684875,4.49870491027832,8.947132110595703
0.8,0.119710087776184,4.771644115447998,8.44195556640625
0.82,0.181959331035614,4.726154327392578,8.271966934204102
0.84,0.1771709322929382,4.750096321105957,8.530540466308594
0.86,0.1843535304069519,4.757278919219971,9.090784072875977
0.88,0.332794040441513,4.6255974769592285,9.047688484191896
0.9,0.2801215946674347,4.786009311676025,8.5903959274292
0.92,0.2681505978107452,4.716577529907227,8.47786808013916
0.94,0.2298433631658554,4.730942726135254,8.564059257507324
0.96,0.102950669825077,4.728548526763916,8.755595207214355
0.98,0.2082955539226532,4.67827033996582,8.995016098022461
1.0,0.3280056416988373,4.553771495819092,8.916007041931152
1.02,0.2896983921527862,4.659116744995117,8.604761123657227
1.04,0.1843535304069519,4.766855716705322,8.580819129943848
1.06,0.1053448766469955,4.728548526763916,8.62391471862793
1.08,0.0,4.757278919219971,8.827422142028809
1.1,0.0263362191617488,4.702212333679199,8.932766914367676
1.12,0.2274491637945175,4.668693542480469,8.868123054504395
1.14,0.2513911724090576,4.733336925506592,8.674192428588867
1.16,0.2896983921527862,4.754884719848633,8.542511940002441
1.18,0.1939303427934646,4.6950297355651855,8.71489429473877
1.2,0.1412578970193863,4.656722068786621,8.884882926940918
1.22,0.1795651316642761,4.671087741851807,8.686163902282715
1.24,0.2130839526653289,4.699818134307861,8.667010307312012
1.26,0.1628057211637497,4.821922302246094,8.571242332458496
1.28,0.1101332753896713,4.754884719848633,8.96149730682373
1.3,0.2489969730377197,4.651933670043945,8.887276649475098
1.32,0.2920926213264465,4.654327869415283,8.667010307312012
1.34,0.2059013396501541,4.733336925506592,8.559270858764648
1.36,0.2298433631658554,4.714183330535889,8.683769226074219
1.38,0.2011129409074783,4.656722068786621,8.753201484680176
1.4,0.1843535304069519,4.663905143737793,8.834604263305664
1.42,0.3303998410701751,4.611232280731201,8.93037223815918
1.44,0.3208230137825012,4.6471452713012695,8.746018409729004
1.46,0.2322375625371933,4.69024133682251,8.583212852478027
1.48,0.2825157940387726,4.654327869415283,8.650250434875488
1.5,0.2178723514080047,4.716577529907227,8.710105895996094
1.52,0.1651999205350875,4.709394931793213,8.786720275878906
1.54,0.2250549644231796,4.771644115447998,8.681375503540039
1.56,0.1604115068912506,4.69024133682251,8.669404029846191
1.58,0.1580173075199127,4.637568473815918,8.801085472106934
1.6,0.3112462162971496,4.608838081359863,8.978256225585938
1.62,0.4070142805576324,4.534617900848389,9.062053680419922
1.64,0.272938996553421,4.553771495819092,8.655038833618164
1.66,0.1987187415361404,4.683058738708496,8.456320762634277
1.68,0.1699883192777633,4.742913722991943,8.60236644744873
1.7,0.150834709405899,4.742913722991943,8.875306129455566
1.72,0.0191536135971546,4.757278919219971,9.002198219299316
1.74,0.1795651316642761,4.927267074584961,8.5903959274292
1.76,0.3974374830722809,4.752490520477295,8.379706382751465
1.78,0.4094084799289703,4.671087741851807,8.724471092224121
1.8,0.2705447971820831,4.687847137451172,8.789113998413086
1.82,0.2226607650518417,4.821922302246094,8.640673637390137
1.84,0.2442085742950439,4.69024133682251,8.78432559967041
1.86,0.2011129409074783,4.697423934936523,8.757989883422852
1.88,0.2130839526653289,4.608838081359863,8.772355079650879
1.9,0.1556231081485748,4.683058738708496,8.662221908569336
1.92,0.3208230137825012,4.800374507904053,8.619126319885254
1.94,0.2106897532939911,4.659116744995117,8.853757858276367
1.96,0.2968810200691223,4.668693542480469,8.705317497253418
1.98,0.2873041927814483,4.639962673187256,8.825027465820312
2.0,0.1747767180204391,4.616020679473877,8.880094528198242
2.02,0.0119710080325603,4.627991676330566,8.595184326171875
2.04,0.1580173075199127,4.661510944366455,8.765172004699707
2.06,0.0814028605818748,4.697423934936523,8.705317497253418
2.08,0.3232172429561615,4.611232280731201,8.734047889709473
2.1,0.2849099934101105,4.608838081359863,8.741230010986328
2.12,0.2394201755523681,4.67827033996582,8.887276649475098
2.14,0.1987187415361404,4.687847137451172,8.772355079650879
2.16,0.1125274822115898,4.685452938079834,8.65982723236084
2.18,0.0981622710824012,4.692635536193848,8.719682693481445
2.2,0.2801215946674347,4.709394931793213,8.655038833618164
2.22,0.2250549644231796,4.613626480102539,8.78193187713623
2.24,0.241814374923706,4.728548526763916,8.75080680847168
2.26,0.2035071402788162,4.692635536193848,8.83699893951416
2.28,0.1221042871475219,4.663905143737793,8.760383605957031
2.3,0.2442085742950439,4.69024133682251,8.707711219787598
2.32,0.2059013396501541,4.649539470672607,8.712499618530273
2.34,0.241814374923706,4.661510944366455,8.700529098510742
2.36,0.2298433631658554,4.596867084503174,8.683769226074219
2.38,0.2753331959247589,4.627991676330566,8.741230010986328
2.4,0.241814374923706,4.659116744995117,8.923190116882324
2.42,0.071826048195362,4.618414878845215,8.87051773071289
2.44,0.1604115068912506,4.742913722991943,8.494627952575684
2.46,0.2202665507793426,4.685452938079834,8.619126319885254
2.48,0.2322375625371933,4.6734819412231445,8.774748802185059
2.5,0.272938996553421,4.680664539337158,8.87051773071289
2.52,0.0550666376948356,4.639962673187256,8.87051773071289
2.54,0.0646434426307678,4.656722068786621,8.719682693481445
2.56,0.1891419291496276,4.675876140594482,8.688557624816895
2.58,0.1939303427934646,4.637568473815918,8.650250434875488
2.6,0.1436520963907241,4.6471452713012695,8.78193187713623
2.62,0.0766144543886184,4.627991676330566,8.947132110595703
2.64,0.1987187415361404,4.63517427444458,8.767566680908203
2.66,0.1125274822115898,4.671087741851807,8.69334602355957
2.68,0.1963245421648025,4.668693542480469,8.760383605957031
2.7,0.1891419291496276,4.613626480102539,8.75080680847168
2.72,0.1412578970193863,4.620809078216553,8.87291145324707
2.74,0.1580173075199127,4.644751071929932,8.7484130859375
2.76,0.2537853717803955,4.687847137451172,8.674192428588867
2.78,0.241814374923706,4.60165548324585,8.810662269592285
2.8,0.1891419291496276,4.616020679473877,8.834604263305664
2.82,-0.0167594123631715,4.800374507904053,8.676587104797363
2.84,0.1675941199064254,4.6255974769592285,8.78432559967041
2.86,0.2059013396501541,4.608838081359863,8.803479194641113
2.88,0.1125274822115898,4.659116744995117,8.793902397155762
2.9,0.2202665507793426,4.60165548324585,8.683769226074219
2.92,0.2011129409074783,4.6734819412231445,8.762778282165527
2.94,0.2489969730377197,4.613626480102539,8.803479194641113
2.96,0.1628057211637497,4.606443881988525,8.698134422302246
2.98,0.1412578970193863,4.663905143737793,8.611943244934082
3.0,0.0574608407914638,4.663905143737793,8.772355079650879
3.02,0.1460463106632232,4.584896087646484,8.825027465820312
3.04,0.1556231081485748,4.570530891418457,8.820239067077637
3.06,0.090979665517807,4.72376012802124,8.810662269592285
3.08,0.0167594123631715,4.742913722991943,8.789113998413086
3.1,-0.0335188247263431,4.675876140594482,8.62630844116211
3.12,0.1005564704537391,4.671087741851807,8.686163902282715
3.14,0.1556231081485748,4.6950297355651855,8.848969459533691
3.16,0.2011129409074783,4.592078685760498,8.789113998413086
3.18,0.0981622710824012,4.639962673187256,8.786720275878906
3.2,0.0981622710824012,4.702212333679199,8.80587387084961
3.22,0.0215478148311376,4.762067317962647,8.710105895996094
3.24,0.1292868852615356,4.656722068786621,8.738836288452148
3.26,-0.0622492432594299,4.702212333679199,8.801085472106934
3.28,0.119710087776184,4.620809078216553,8.820239067077637
3.3,0.1963245421648025,4.434061527252197,8.901641845703125
3.32,0.2681505978107452,4.563348293304443,8.865729331970215
3.34,0.2011129409074783,4.649539470672607,8.619126319885254
3.36,0.0957680642604827,4.596867084503174,8.731653213500977
3.38,0.0861912593245506,4.558559894561768,8.738836288452148
3.4,0.0191536135971546,4.666299343109131,8.712499618530273
3.42,0.059855043888092,4.592078685760498,8.78193187713623
3.44,0.1388636976480484,4.627991676330566,8.856152534484863
3.46,0.0191536135971546,4.627991676330566,8.913613319396973
3.48,-0.0574608407914638,4.649539470672607,8.83939266204834
3.5,-0.0023942016996443,4.604049682617188,8.729259490966797
3.52,0.1436520963907241,4.671087741851807,8.798690795898438
3.54,0.1939303427934646,4.570530891418457,8.793902397155762
3.56,0.102950669825077,4.63517427444458,8.793902397155762
3.58,0.0263362191617488,4.611232280731201,8.863334655761719
3.6,-0.0215478148311376,4.651933670043945,8.7484130859375
3.62,-0.1484405100345611,4.69024133682251,8.786720275878906
3.64,0.1149216815829277,4.63517427444458,8.724471092224121
3.66,-0.0215478148311376,4.654327869415283,8.789113998413086
3.68,0.0383072271943092,4.577713489532471,8.827422142028809
3.7,0.0191536135971546,4.644751071929932,8.614337921142578
3.72,0.0742202550172805,4.577713489532471,8.81784439086914
3.74,0.1221042871475219,4.503493309020996,8.954314231872559
3.76,0.0814028605818748,4.596867084503174,8.760383605957031
3.78,0.1388636976480484,4.522646903991699,8.638279914855957
3.8,-0.0478840321302413,4.63517427444458,8.80587387084961
3.82,-0.0119710080325603,4.5609540939331055,8.796297073364258
3.84,0.0383072271943092,4.513070106506348,8.856152534484863
3.86,-0.0287304203957319,4.553771495819092,8.89445972442627
3.88,0.0790086537599563,4.534617900848389,8.743624687194824
3.9,0.0670376494526863,4.5609540939331055,8.822632789611816
3.92,0.0646434426307678,4.627991676330566,8.743624687194824
3.94,0.0215478148311376,4.680664539337158,8.667010307312012
3.96,0.1125274822115898,4.604049682617188,8.829815864562988
3.98,0.0119710080325603,4.537012100219727,8.875306129455566
4.0,0.0119710080325603,4.548983097076416,8.827422142028809
4.02,-0.0215478148311376,4.517858505249023,8.731653213500977
4.04,0.1101332753896713,4.668693542480469,8.734047889709473
4.06,0.0502782352268695,4.587290287017822,8.7268648147583
4.08,0.0335188247263431,4.6255974769592285,8.798690795898438
4.1,-0.0335188247263431,4.596867084503174,8.927978515625
4.12,0.0646434426307678,4.537012100219727,8.762778282165527
4.14,0.1460463106632232,4.51067590713501,8.882488250732422
4.16,0.0861912593245506,4.666299343109131,8.815450668334961
4.18,0.0311246216297149,4.606443881988525,8.62391471862793
4.2,-0.0095768067985773,4.572925090789795,8.688557624816895
4.22,-0.0095768067985773,4.565742492675781,8.87051773071289
4.24,0.0550666376948356,4.534617900848389,8.949525833129883
4.26,0.071826048195362,4.55616569519043,8.78193187713623
4.28,0.1723825186491012,4.568136692047119,8.7484130859375
4.3,0.1651999205350875,4.55616569519043,8.738836288452148
4.32,-0.0526724383234977,4.627991676330566,8.746018409729004
4.34,-0.0047884033992886,4.491522312164307,8.877699851989746
4.36,-0.0023942016996443,4.568136692047119,8.829815864562988
4.38,0.0095768067985773,4.534617900848389,8.820239067077637
4.4,0.0742202550172805,4.604049682617188,8.75080680847168
4.42,0.0670376494526863,4.558559894561768,8.808267593383789
4.44,-0.0646434426307678,4.661510944366455,8.710105895996094
4.46,-0.0047884033992886,4.577713489532471,8.808267593383789
4.48,0.1675941199064254,4.522646903991699,8.734047889709473
4.5,0.0143652101978659,4.546588897705078,8.889671325683594
4.52,0.0047884033992886,4.606443881988525,8.832210540771484
4.54,-0.0071826050989329,4.6255974769592285,8.695740699768066
4.56,0.0047884033992886,4.532223701477051,8.760383605957031
4.58,0.0766144543886184,4.522646903991699,8.877699851989746
4.6,0.0167594123631715,4.618414878845215,8.791508674621582
4.62,0.0191536135971546,4.630385875701904,8.765172004699707
4.64,-0.0071826050989329,4.565742492675781,8.827422142028809
4.66,0.1077390760183334,4.503493309020996,8.803479194641113
4.68,0.059855043888092,4.584896087646484,8.774748802185059
4.7,0.0215478148311376,4.572925090789795,8.793902397155762
4.72,-0.0430956296622753,4.637568473815918,8.810662269592285
4.74,-0.0957680642604827,4.613626480102539,8.767566680908203
4.76,-0.0167594123631715,4.517858505249023,8.81784439086914
4.78,0.0287304203957319,4.568136692047119,8.81784439086914
4.8,-0.0574608407914638,4.594472885131836,8.71728801727295
4.82,0.1149216815829277,4.532223701477051,8.78432559967041
4.84,0.0119710080325603,4.604049682617188,8.832210540771484
4.86,0.0335188247263431,4.58968448638916,8.796297073364258
4.88,0.0861912593245506,4.551377296447754,8.731653213500977
4.9,0.035913024097681,4.623203277587891,8.820239067077637
4.92,-0.0119710080325603,4.613626480102539,8.772355079650879
4.94,0.0215478148311376,4.604049682617188,8.78193187713623
4.96,-0.0239420160651206,4.6255974769592285,8.810662269592285
4.98,-0.0119710080325603,4.563348293304443,8.834604263305664
5.0,-0.0478840321302413,4.55616569519043,8.801085472106934
5.02,0.0311246216297149,4.592078685760498,8.83939266204834
5.04,-0.1460463106632232,4.594472885131836,8.755595207214355
5.06,-0.059855043888092,4.627991676330566,8.78193187713623
5.08,0.0574608407914638,4.592078685760498,8.798690795898438
5.1,0.0670376494526863,4.522646903991699,8.83699893951416
5.12,-0.0502782352268695,4.604049682617188,8.710105895996094
5.14,0.0383072271943092,4.522646903991699,8.676587104797363
5.16,0.0622492432594299,4.599261283874512,8.810662269592285
5.18,-0.0191536135971546,4.565742492675781,8.865729331970215
5.2,-0.0574608407914638,4.570530891418457,8.901641845703125
5.22,-0.0407014302909374,4.639962673187256,8.765172004699707
5.24,-0.1173158809542656,4.616020679473877,8.856152534484863
5.26,0.0215478148311376,4.58968448638916,8.801085472106934
5.28,0.0550666376948356,4.599261283874512,8.769960403442383
5.3,-0.0119710080325603,4.580107688903809,8.860940933227539
5.32,0.0526724383234977,4.63517427444458,8.779537200927734
5.34,-0.090979665517807,4.596867084503174,8.882488250732422
5.36,-0.0837970599532127,4.596867084503174,8.925583839416504
5.38,-0.0861912593245506,4.594472885131836,8.681375503540039
5.4,0.0526724383234977,4.546588897705078,8.702922821044922
5.42,0.0095768067985773,4.6255974769592285,8.801085472106934
5.44,-0.0143652101978659,4.687847137451172,8.820239067077637
5.46,-0.0095768067985773,4.587290287017822,8.80587387084961
5.48,0.0239420160651206,4.568136692047119,8.731653213500977
5.5,-0.0167594123631715,4.620809078216553,8.655038833618164
5.52,-0.0407014302909374,4.587290287017822,8.80587387084961
5.54,0.0383072271943092,4.683058738708496,8.757989883422852
5.56,-0.0311246216297149,4.656722068786621,8.801085472106934
5.58,-0.0095768067985773,4.587290287017822,8.676587104797363
5.6,0.0502782352268695,4.534617900848389,8.803479194641113
5.62,-0.0407014302909374,4.716577529907227,8.803479194641113
5.64,-0.0885854661464691,4.541800498962402,8.743624687194824
5.66,-0.0263362191617488,4.632780075073242,8.738836288452148
5.68,0.0119710080325603,4.649539470672607,8.738836288452148
5.7,0.0407014302909374,4.580107688903809,8.777143478393555
5.72,0.0287304203957319,4.630385875701904,8.75080680847168
5.74,-0.0023942016996443,4.570530891418457,8.80587387084961
5.76,-0.0526724383234977,4.558559894561768,8.789113998413086
5.78,-0.0430956296622753,4.620809078216553,8.71489429473877
5.8,-0.0957680642604827,4.584896087646484,8.753201484680176
5.82,-0.0263362191617488,4.639962673187256,8.695740699768066
5.84,0.0335188247263431,4.656722068786621,8.825027465820312
5.86,-0.0311246216297149,4.587290287017822,8.810662269592285
5.88,0.0981622710824012,4.5609540939331055,8.769960403442383
5.9,-0.059855043888092,4.671087741851807,8.774748802185059
5.92,-0.0430956296622753,4.55616569519043,8.700529098510742
5.94,-0.0766144543886184,4.568136692047119,8.791508674621582
5.96,-0.0191536135971546,4.714183330535889,8.556877136230469
5.98,-0.0311246216297149,4.786009311676025,8.798690795898438
6.0,-0.0071826050989329,4.611232280731201,9.0859956741333
6.02,-0.0574608407914638,4.663905143737793,8.722076416015625
6.04,-0.0957680642604827,4.704606533050537,8.518569946289062
6.06,0.0742202550172805,4.587290287017822,8.798690795898438
6.08,-0.0526724383234977,4.666299343109131,8.774748802185059
6.1,-0.0191536135971546,4.572925090789795,8.628703117370605
6.12,-0.0502782352268695,4.611232280731201,8.777143478393555
6.14,-0.0023942016996443,4.551377296447754,8.913613319396973
6.16,0.0047884033992886,4.709394931793213,8.772355079650879
6.18,-0.0239420160651206,4.527435302734375,8.738836288452148
6.2,0.0550666376948356,4.594472885131836,8.772355079650879
6.22,0.0023942016996443,4.546588897705078,8.712499618530273
6.24,0.0047884033992886,4.596867084503174,8.683769226074219
6.26,-0.0478840321302413,4.592078685760498,8.765172004699707
6.28,-0.0119710080325603,4.584896087646484,8.822632789611816
6.3,-0.0622492432594299,4.5609540939331055,8.808267593383789
6.32,0.0311246216297149,4.649539470672607,8.78432559967041
6.34,0.0526724383234977,4.584896087646484,8.83939266204834
6.36,0.0071826050989329,4.654327869415283,8.698134422302246
6.38,-0.0263362191617488,4.687847137451172,8.62630844116211
6.4,-0.090979665517807,4.606443881988525,8.722076416015625
6.42,-0.0646434426307678,4.599261283874512,8.911218643188477
6.44,-0.0550666376948356,4.611232280731201,8.844181060791016
6.46,0.0071826050989329,4.627991676330566,8.62630844116211
6.48,-0.0742202550172805,4.6471452713012695,8.698134422302246
6.5,0.0215478148311376,4.683058738708496,8.736441612243652
6.52,0.1244984865188598,4.659116744995117,8.911218643188477
6.54,0.0981622710824012,4.5609540939331055,8.868123054504395
6.56,0.0167594123631715,4.532223701477051,8.700529098510742
6.58,0.0,4.551377296447754,8.655038833618164
6.6,-0.0239420160651206,4.594472885131836,8.793902397155762
6.62,-0.0766144543886184,4.537012100219727,8.7268648147583
6.64,-0.1316810995340347,4.630385875701904,8.760383605957031
6.66,-0.1149216815829277,4.632780075073242,8.83699893951416
6.68,-0.1101332753896713,4.513070106506348,8.858546257019043
6.7,0.0502782352268695,4.563348293304443,8.652645111083984
6.72,0.1316810995340347,4.608838081359863,8.698134422302246
6.74,0.0885854661464691,4.532223701477051,8.832210540771484
6.76,-0.1173158809542656,4.568136692047119,8.825027465820312
6.78,0.0,4.4939165115356445,8.729259490966797
6.8,-0.1268926858901977,4.553771495819092,8.927978515625
6.82,-0.0526724383234977,4.443638324737549,8.810662269592285
6.84,0.035913024097681,4.656722068786621,8.880094528198242
6.86,-0.0766144543886184,4.666299343109131,8.741230010986328
6.88,0.0143652101978659,4.680664539337158,8.762778282165527
6.9,-0.1077390760183334,4.613626480102539,8.729259490966797
6.92,-0.0933738648891449,4.522646903991699,8.848969459533691
6.94,-0.0311246216297149,4.58968448638916,8.789113998413086
6.96,0.0574608407914638,4.496310710906982,8.851364135742188
6.98,-0.0287304203957319,4.551377296447754,8.767566680908203
7.0,-0.0574608407914638,4.616020679473877,8.767566680908203
7.02,-0.059855043888092,4.541800498962402,8.853757858276367
7.04,0.0526724383234977,4.553771495819092,8.822632789611816
7.06,0.0023942016996443,4.5394062995910645,8.741230010986328
7.08,-0.0478840321302413,4.513070106506348,8.724471092224121
7.1,0.0646434426307678,4.54419469833374,8.798690795898438
7.12,-0.150834709405899,4.529829502105713,8.911218643188477
7.14,-0.1005564704537391,4.623203277587891,8.595184326171875
7.16,-0.0574608407914638,4.520252704620361,8.667010307312012
7.18,-0.0047884033992886,4.620809078216553,8.75080680847168
7.2,-0.0047884033992886,4.541800498962402,8.83699893951416
7.22,-0.0071826050989329,4.54419469833374,8.868123054504395
7.24,-0.0430956296622753,4.594472885131836,8.710105895996094
7.26,-0.0430956296622753,4.5609540939331055,8.62391471862793
7.28,-0.0071826050989329,4.522646903991699,8.899248123168945
7.3,-0.090979665517807,4.570530891418457,8.923190116882324
7.32,-0.1005564704537391,4.608838081359863,8.753201484680176
7.34,-0.102950669825077,4.580107688903809,8.769960403442383
7.36,-0.0574608407914638,4.553771495819092,8.741230010986328
7.38,-0.0502782352268695,4.54419469833374,8.820239067077637
7.4,0.0071826050989329,4.55616569519043,8.741230010986328
7.42,-0.0167594123631715,4.587290287017822,8.815450668334961
7.44,-0.090979665517807,4.5825018882751465,8.7484130859375
7.46,-0.0861912593245506,4.594472885131836,8.789113998413086
7.48,-0.0790086537599563,4.525041103363037,8.825027465820312
7.5,-0.0239420160651206,4.501099109649658,8.69334602355957
7.52,0.0239420160651206,4.594472885131836,8.81784439086914
7.54,-0.0263362191617488,4.649539470672607,8.83699893951416
7.56,0.0095768067985773,4.577713489532471,8.65982723236084
7.58,-0.0071826050989329,4.553771495819092,8.875306129455566
7.6,-0.071826048195362,4.517858505249023,8.80587387084961
7.62,-0.1388636976480484,4.599261283874512,8.724471092224121
7.64,-0.0694318488240242,4.604049682617188,8.75080680847168
7.66,-0.0383072271943092,4.541800498962402,8.80587387084961
7.68,-0.059855043888092,4.522646903991699,8.765172004699707
7.7,-0.0526724383234977,4.577713489532471,8.772355079650879
7.72,-0.0047884033992886,4.60165548324585,8.757989883422852
7.74,-0.0311246216297149,4.596867084503174,8.765172004699707
7.76,0.0143652101978659,4.546588897705078,8.808267593383789
7.78,0.0694318488240242,4.584896087646484,8.875306129455566
7.8,-0.1436520963907241,4.486733913421631,8.860940933227539
7.82,-0.0694318488240242,4.594472885131836,8.674192428588867
7.84,-0.0766144543886184,4.592078685760498,8.724471092224121
7.86,-0.1077390760183334,4.592078685760498,8.729259490966797
7.88,-0.0502782352268695,4.6255974769592285,8.769960403442383
7.9,0.0287304203957319,4.54419469833374,8.796297073364258
7.92,-0.0239420160651206,4.60165548324585,8.880094528198242
7.94,-0.1221042871475219,4.529829502105713,8.791508674621582
7.96,0.0143652101978659,4.472368717193604,8.803479194641113
7.98,0.0023942016996443,4.553771495819092,8.767566680908203
8.0,0.0119710080325603,4.513070106506348,8.789113998413086
8.02,-0.0694318488240242,4.5609540939331055,8.793902397155762
8.04,-0.1460463106632232,4.568136692047119,8.78432559967041
8.06,-0.0287304203957319,4.503493309020996,8.820239067077637
8.08,-0.0574608407914638,4.572925090789795,8.822632789611816
8.1,-0.0957680642604827,4.537012100219727,8.801085472106934
8.12,-0.035913024097681,4.63517427444458,8.741230010986328
8.14,-0.0814028605818748,4.508281707763672,8.829815864562988
8.16,0.0622492432594299,4.520252704620361,8.798690795898438
8.18,-0.0502782352268695,4.527435302734375,8.769960403442383
8.2,0.0119710080325603,4.613626480102539,8.825027465820312
8.22,-0.0742202550172805,4.525041103363037,8.899248123168945
8.24,-0.1436520963907241,4.5609540939331055,8.798690795898438
8.26,-0.1268926858901977,4.551377296447754,8.746018409729004
8.28,-0.1149216815829277,4.577713489532471,8.846575736999512
8.3,-0.0430956296622753,4.592078685760498,8.762778282165527
8.32,0.0,4.486733913421631,8.868123054504395
8.34,-0.0550666376948356,4.541800498962402,8.760383605957031
8.36,-0.1987187415361404,4.60165548324585,8.741230010986328
8.38,-0.0550666376948356,4.584896087646484,8.786720275878906
8.4,-0.0071826050989329,4.477157115936279,8.911218643188477
8.42,-0.0095768067985773,4.489128112792969,8.803479194641113
8.44,0.0239420160651206,4.563348293304443,8.734047889709473
8.46,-0.0191536135971546,4.51067590713501,8.846575736999512
8.48,-0.0981622710824012,4.63517427444458,8.89445972442627
8.5,-0.272938996553421,4.537012100219727,8.743624687194824
8.52,-0.0981622710824012,4.505887508392334,8.731653213500977
8.54,0.0095768067985773,4.558559894561768,8.916007041931152
8.56,-0.0478840321302413,4.503493309020996,8.796297073364258
8.58,-0.0215478148311376,4.503493309020996,8.734047889709473
8.6,-0.0933738648891449,4.60165548324585,8.808267593383789
8.62,-0.0430956296622753,4.513070106506348,8.932766914367676
8.64,-0.0335188247263431,4.501099109649658,8.712499618530273
8.66,-0.0957680642604827,4.639962673187256,8.65982723236084
8.68,-0.0622492432594299,4.489128112792969,8.820239067077637
8.7,-0.0861912593245506,4.517858505249023,8.827422142028809
8.72,0.0550666376948356,4.5609540939331055,8.87291145324707
8.74,-0.0933738648891449,4.623203277587891,8.755595207214355
8.76,-0.1556231081485748,4.630385875701904,8.698134422302246
8.78,0.0430956296622753,4.467580318450928,8.7484130859375
8.8,-0.0215478148311376,4.489128112792969,8.882488250732422
8.82,-0.1412578970193863,4.505887508392334,8.851364135742188
8.84,0.0047884033992886,4.49870491027832,8.801085472106934
8.86,-0.0047884033992886,4.390965938568115,8.923190116882324
8.88,0.0478840321302413,4.446032524108887,8.87051773071289
8.9,0.0239420160651206,4.522646903991699,8.75080680847168
8.92,-0.0023942016996443,4.527435302734375,8.853757858276367
8.94,-0.1005564704537391,4.486733913421631,8.87291145324707
8.96,0.0502782352268695,4.34068775177002,8.798690795898438
8.98,-0.0335188247263431,4.529829502105713,8.81784439086914
9.0,0.059855043888092,4.481945514678955,8.810662269592285
9.02,-0.0885854661464691,4.532223701477051,8.757989883422852
9.04,-0.0095768067985773,4.477157115936279,8.83699893951416
9.06,-0.0502782352268695,4.517858505249023,8.755595207214355
9.08,0.0071826050989329,4.474762916564941,8.899248123168945
9.1,0.0861912593245506,4.414907932281494,8.939949035644531
9.12,-0.0383072271943092,4.467580318450928,8.87291145324707
9.14,-0.102950669825077,4.565742492675781,8.65982723236084
9.16,-0.1101332753896713,4.489128112792969,8.832210540771484
9.18,0.0837970599532127,4.551377296447754,8.935160636901855
9.2,0.1221042871475219,4.3622355461120605,8.822632789611816
9.22,0.0311246216297149,4.484339714050293,8.853757858276367
9.24,-0.1101332753896713,4.534617900848389,8.865729331970215
9.26,-0.059855043888092,4.501099109649658,8.736441612243652
9.28,-0.0407014302909374,4.505887508392334,8.743624687194824
9.3,0.0383072271943092,4.486733913421631,8.83939266204834
9.32,0.059855043888092,4.527435302734375,8.810662269592285
9.34,0.0478840321302413,4.513070106506348,8.743624687194824
9.36,-0.0526724383234977,4.541800498962402,8.813055992126465
9.38,-0.0478840321302413,4.462791919708252,8.863334655761719
9.4,-0.0430956296622753,4.46518611907959,8.731653213500977
9.42,0.0071826050989329,4.5394062995910645,8.765172004699707
9.44,0.0478840321302413,4.46518611907959,8.877699851989746
9.46,-0.0574608407914638,4.489128112792969,8.767566680908203
9.48,-0.0790086537599563,4.460397720336914,8.767566680908203
9.5,-0.1221042871475219,4.472368717193604,8.786720275878906
9.52,-0.1149216815829277,4.484339714050293,8.856152534484863
9.54,0.0047884033992886,4.441244125366211,8.87291145324707
9.56,-0.0622492432594299,4.474762916564941,8.925583839416504
9.58,-0.0526724383234977,4.553771495819092,8.81784439086914
9.6,-0.1053448766469955,4.553771495819092,8.791508674621582
9.62,-0.0837970599532127,4.446032524108887,8.825027465820312
9.64,-0.0071826050989329,4.402936935424805,8.877699851989746
9.66,-0.0287304203957319,4.489128112792969,8.803479194641113
9.68,-0.0981622710824012,4.551377296447754,8.798690795898438
9.7,0.0143652101978659,4.513070106506348,8.746018409729004
9.72,0.0,4.501099109649658,8.786720275878906
9.74,-0.0383072271943092,4.434061527252197,8.911218643188477
9.76,-0.1053448766469955,4.489128112792969,8.877699851989746
9.78,-0.059855043888092,4.474762916564941,8.767566680908203
9.8,-0.0814028605818748,4.5154643058776855,8.765172004699707
9.82,-0.0790086537599563,4.472368717193604,8.80587387084961
9.84,-0.0215478148311376,4.4508209228515625,8.848969459533691
9.86,-0.0981622710824012,4.424484729766846,8.774748802185059
9.88,-0.0287304203957319,4.462791919708252,8.746018409729004
9.9,-0.0095768067985773,4.398148536682129,8.848969459533691
9.92,-0.1388636976480484,4.484339714050293,8.827422142028809
9.94,-0.0502782352268695,4.584896087646484,8.643068313598633
9.96,-0.1173158809542656,4.484339714050293,8.83699893951416
9.98,-0.0454898327589035,4.410119533538818,8.913613319396973
10.0,0.0430956296622753,4.460397720336914,8.83939266204834
10.02,-0.0239420160651206,4.338293552398682,9.490615844726562
10.04,0.0191536135971546,4.405331134796143,8.913613319396973
10.06,-0.0861912593245506,4.491522312164307,8.449137687683105
10.08,-0.102950669825077,4.209006786346436,8.676587104797363
10.1,-0.1987187415361404,4.151545524597168,9.296685218811035
10.12,-0.0383072271943092,4.14915132522583,9.241618156433104
10.14,0.0790086537599563,4.0533833503723145,8.892065048217773
10.16,-0.1173158809542656,4.065354347229004,8.736441612243652
10.18,-0.150834709405899,4.232948780059815,8.846575736999512
10.2,0.0023942016996443,4.223371982574463,8.87291145324707
10.22,-0.0095768067985773,4.141968727111816,8.774748802185059
10.24,-0.1005564704537391,4.086902141571045,8.813055992126465
10.26,-0.1675941199064254,4.16112232208252,9.016563415527344
10.28,-0.1987187415361404,4.098873138427734,9.29429054260254
10.3,-0.0071826050989329,4.266467571258545,8.87051773071289
10.32,0.0766144543886184,4.194641590118408,8.755595207214355
10.34,-0.0670376494526863,4.228160381317139,8.87291145324707
10.36,-0.102950669825077,4.261679172515869,8.951920509338379
10.38,-0.1053448766469955,4.132391929626465,9.148244857788086
10.4,-0.1747767180204391,4.10366153717041,9.169792175292969
10.42,-0.0454898327589035,4.254496574401856,8.765172004699707
10.44,-0.1795651316642761,4.335899353027344,8.643068313598633
10.46,-0.1077390760183334,4.206612586975098,8.939949035644531
10.48,0.0095768067985773,4.218583583831787,8.949525833129883
10.5,-0.1101332753896713,4.201824188232422,9.100360870361328
10.52,0.0047884033992886,4.220977783203125,8.884882926940918
10.54,-0.0287304203957319,4.1156325340271,8.959102630615234
10.56,-0.0837970599532127,4.240131378173828,8.89445972442627
10.58,-0.119710087776184,4.321534156799316,8.796297073364258
10.6,-0.0885854661464691,4.225766181945801,8.760383605957031
10.62,-0.1221042871475219,4.230554580688477,8.973467826843262
10.64,-0.1149216815829277,4.091690540313721,9.095572471618652
10.66,0.0143652101978659,4.194641590118408,9.150638580322266
10.68,-0.1125274822115898,4.228160381317139,8.734047889709473
10.7,-0.1053448766469955,4.280832767486572,8.793902397155762
10.72,-0.0454898327589035,4.242525577545166,8.904036521911621
10.74,-0.241814374923706,4.247313976287842,8.87051773071289
10.76,-0.1651999205350875,4.252102375030518,8.844181060791016
10.78,-0.0311246216297149,4.24970817565918,8.892065048217773
10.8,-0.102950669825077,4.209006786346436,8.983044624328613
10.82,-0.0790086537599563,4.383783340454102,8.87051773071289
10.84,-0.0335188247263431,4.347870349884033,8.808267593383789
10.86,0.0047884033992886,4.388571739196777,8.856152534484863
10.88,-0.0263362191617488,4.350264549255371,8.853757858276367
10.9,-0.1388636976480484,4.402936935424805,8.803479194641113
10.92,-0.181959331035614,4.462791919708252,8.834604263305664
10.94,-0.1843535304069519,4.72376012802124,8.554482460021973
10.96,-0.2609679996967315,4.477157115936279,8.832210540771484
10.98,-0.3711012601852417,4.680664539337158,9.39245319366455
11.0,-1.2665326595306396,6.268020153045654,10.170568466186523
11.02,-1.0414776802062988,6.8043212890625,10.33098030090332
11.04,0.1484405100345611,6.493074893951416,9.368511199951172
11.06,0.9576807022094728,4.72376012802124,7.879317760467529
11.08,1.194706678390503,3.1747114658355717,7.706935405731201
11.1,2.6671407222747803,3.270479440689087,7.838616371154785
11.12,2.832340717315674,2.815581083297729,15.148114204406738
11.14,0.0646434426307678,3.5913026332855225,14.259865760803224
11.16,-3.4356794357299805,6.222530364990234,16.17522621154785
11.18,-2.0661959648132324,5.489904403686523,15.524003982543944
11.2,1.501164436340332,6.2201361656188965,11.353304862976074
11.22,0.9289502501487732,7.42681360244751,13.46259593963623
11.24,0.3591302633285522,8.279149055480957,10.54406452178955
11.26,0.0407014302909374,7.948749542236328,7.462726593017578
11.28,0.629675030708313,6.347028732299805,7.46033239364624
11.3,0.9241618514060974,7.0988078117370605,9.569623947143556
11.32,3.296815633773804,7.343016624450684,10.405200958251951
11.34,2.2649147510528564,7.307103633880615,8.006210327148438
11.36,1.0414776802062988,7.453149795532227,4.218583583831787
11.38,1.0869675874710083,6.993463039398193,2.042253971099853
11.4,1.2234370708465576,5.825092792510986,0.0694318488240242
11.42,1.5634137392044067,5.130774021148682,-1.721431016921997
11.44,0.6775590777397156,5.676652431488037,-2.43011474609375
11.46,2.0183119773864746,3.780444383621216,-1.2282254695892334
11.48,5.054159641265869,1.869871497154236,-0.3974374830722809
11.5,6.344634532928467,1.7094600200653076,-1.8363527059555051
11.52,7.797914981842041,1.8267759084701536,-0.8882488012313843
11.54,9.459490776062012,2.851494312286377,0.4932055473327636
11.56,9.495404243469238,3.739742994308472,0.5937620401382446
11.58,8.619126319885254,4.10366153717041,-0.0861912593245506
11.6,6.497863292694092,4.726154327392578,0.0622492432594299
11.62,4.831499099731445,5.549759387969971,-0.4046200811862945
11.64,3.852270603179932,6.98628044128418,-1.0678139925003052
11.66,3.325546264648437,7.2113356590271,-1.4077905416488647
11.68,2.2816741466522217,7.038952827453613,-2.7078421115875244
11.7,0.8786720037460327,5.245696067810059,-2.9927520751953125
11.72,-0.3303998410701751,6.294356346130371,1.036689281463623
11.74,-0.90979665517807,6.567295074462891,6.356605529785156
11.76,-1.6855180263519287,6.461950302124023,5.765237808227539
11.78,-2.7724854946136475,5.805939197540283,4.912901878356934
11.8,-3.5458126068115234,4.446032524108887,6.088454723358154
11.82,-4.390965938568115,3.1076738834381104,10.900800704956056
11.84,-4.240131378173828,0.9313444495201112,12.105083465576172
11.86,-5.228936672210693,-0.3112462162971496,14.810531616210938
11.88,-4.5609540939331055,0.1316810995340347,15.088258743286133
11.9,-3.1747114658355717,-2.08056116104126,14.075511932373049
11.92,-1.6855180263519287,-2.0015525817871094,14.781801223754885
11.94,-2.389413356781006,-0.912190854549408,14.930241584777832
11.96,-0.181959331035614,-1.7501614093780518,13.39555835723877
11.98,0.8571242094039917,-1.6950948238372805,11.982979774475098
12.0,1.5921441316604614,-1.0055646896362305,12.732364654541016
12.02,0.90979665517807,-0.5817909836769104,11.477803230285645
12.04,0.3926490843296051,-0.181959331035614,8.978256225585938
12.06,1.1061211824417114,-0.6847416758537292,9.04290008544922
12.08,2.6862943172454834,-1.2497732639312744,9.837775230407717
12.1,3.1531636714935303,-1.1755530834197998,10.63743782043457
12.12,1.7549498081207275,-1.5275006294250488,9.962273597717283
12.14,1.417367458343506,-0.8475474119186401,9.205705642700195
12.16,0.6248866319656372,-0.6320692300796509,9.914389610290527
12.18,0.9648633003234864,-1.0678139925003052,10.618284225463867
12.2,0.9193734526634216,-0.4788403511047363,10.66137981414795
12.22,0.9672574996948242,-1.3646949529647827,10.587160110473633
12.24,1.4724340438842771,-1.623268723487854,10.436325073242188
12.26,2.382230758666992,-2.154781579971313,10.35252857208252
12.28,2.48757553100586,-2.121262788772583,11.46104335784912
12.3,1.8962076902389529,-2.7724854946136475,14.480132102966309
12.32,0.4381389021873474,-4.527435302734375,18.41619873046875
12.34,-1.0462661981582642,-3.31118106842041,20.638019561767575
12.36,-3.495534420013428,-2.286462545394897,19.402610778808597
12.38,-3.9600095748901367,-0.9792284965515136,18.89982795715332
12.4,-1.4245500564575195,-0.768538773059845,15.456966400146484
12.42,-2.6384103298187256,2.2649147510528564,10.757147789001465
12.44,-2.9089550971984863,3.658340215682984,6.794744491577148
12.46,-3.406949043273926,6.390124320983887,6.13633918762207
12.48,-2.099714994430542,6.361393928527832,6.198588371276856
12.5,0.8068459630012512,5.061342239379883,4.422090530395508
12.52,1.41257905960083,5.159504890441895,-0.7445967197418213
12.54,0.9481038451194764,4.750096321105957,-5.372588634490967
12.56,1.6615760326385498,5.659893035888672,-6.378153324127197
12.58,1.6735470294952393,4.910507678985596,-5.102043628692627
12.6,0.9409212470054626,6.1315507888793945,-2.3271639347076416
12.62,1.1228805780410769,5.652710437774658,-4.074931144714356
12.64,2.0039467811584477,4.831499099731445,-6.919242858886719
12.66,2.183511972427368,4.513070106506348,-8.355764389038086
12.68,2.784456491470337,5.216965675354004,-6.854599475860596
12.7,0.9241618514060974,7.295132637023926,-5.861005783081055
12.72,-0.5841852426528931,7.41484260559082,-7.759607791900635
12.74,-1.7046716213226318,7.331045627593994,-10.541669845581056
12.76,-0.2011129409074783,4.137180328369141,-15.387534141540527
12.78,0.8738836050033569,2.829946517944336,-15.993267059326172
12.8,-0.849941611289978,3.2776620388031006,-10.457873344421388
12.82,-0.7445967197418213,1.417367458343506,-8.860940933227539
12.84,0.90979665517807,-0.1987187415361404,-12.263101577758787
12.86,2.47560453414917,-1.2689268589019775,-11.317391395568848
12.88,1.015141487121582,0.272938996553421,-5.130774021148682
12.9,-1.5466543436050415,1.000776290893555,0.181959331035614
12.92,-2.6575639247894287,0.2873041927814483,3.2393548488616943
12.94,-2.52109432220459,-0.0407014302909374,8.772355079650879
12.96,-2.3558945655822754,-0.1364694982767105,15.40668773651123
12.98,-3.998316764831543,-1.3551181554794312,16.182409286499023
13.0,-4.177882194519043,-1.900996208190918,14.501679420471191
13.02,-2.7533318996429443,-4.910507678985596,13.639766693115234
13.04,-0.035913024097681,-7.050923824310303,10.680533409118652
13.06,1.745373010635376,-11.48259162902832,13.340492248535156
13.08,5.257667064666748,-13.431471824645996,16.086641311645508
13.1,6.303933143615723,-12.631808280944824,22.874202728271484
13.12,4.371812343597412,-10.699687004089355,20.22861099243164
13.14,4.122815132141113,-9.17697525024414,13.711592674255373
13.16,4.146757125854492,-7.24485445022583,13.278243064880373
13.18,2.6216509342193604,-5.497087001800537,12.22000503540039
13.2,1.9177556037902832,-4.620809078216553,10.170568466186523
13.22,2.032677173614502,-4.2951979637146,8.40843677520752
13.24,4.3191399574279785,-4.9583916664123535,7.814674377441406
13.26,6.576871871948242,-5.585672378540039,7.726089000701904
13.28,8.305485725402832,-5.319916248321533,9.157821655273438
13.3,8.504204750061035,-4.173093795776367,8.69095230102539
13.32,7.702147006988525,-2.925714492797852,6.799532890319824
13.34,5.791574001312256,-1.594538331031799,5.770026206970215
13.36,3.248931646347046,-0.3998316824436188,5.9304375648498535
13.38,2.1140801906585693,0.3854664862155914,6.473921298980713
13.4,3.155557870864868,0.4477157294750213,7.196970462799072
13.42,4.268861770629883,0.0454898327589035,8.291120529174805
13.44,5.612008571624756,-1.0558429956436155,8.427590370178223
13.46,5.377377033233643,-1.6831238269805908,7.8960771560668945
13.48,5.592854976654053,-2.2625205516815186,7.050923824310303
13.5,6.00226354598999,-3.110068082809448,7.024587631225586
13.52,6.145915985107422,-3.957615375518799,7.797914981842041
13.54,5.43723201751709,-4.627991676330566,8.848969459533691
13.56,2.9951462745666504,-4.01268196105957,8.370129585266113
13.58,0.7805097699165344,-2.784456491470337,5.683835029602051
13.6,-1.2713210582733154,-2.43011474609375,3.971980571746826
13.62,-4.05817174911499,-2.1978771686553955,6.191405773162842
13.64,-6.5696892738342285,-0.706289529800415,10.405200958251951
13.66,-8.26478385925293,0.7948749661445618,12.54801082611084
13.68,-10.019734382629396,1.9823989868164065,13.469779014587402
13.7,-10.529699325561523,1.50355863571167,16.03875732421875
13.72,-9.081207275390623,0.5889736413955688,19.38585090637207
13.74,-7.208941459655762,-0.9241618514060974,18.246212005615234
13.76,-5.928043365478516,-1.3024457693099976,19.405004501342773
13.78,-7.158663272857666,-0.5674257874488831,17.944541931152344
13.8,-8.238448143005371,0.9768342971801758,13.029245376586914
13.82,-6.617573261260986,2.2026655673980717,8.037335395812988
13.84,-3.924096584320069,2.042253971099853,3.335123062133789
13.86,-1.429338455200195,3.1962592601776123,-0.8451532125473022
13.88,-0.0119710080325603,3.7684733867645264,-1.7573440074920654
13.9,0.7637503147125244,4.34068775177002,-3.8355112075805664
13.92,0.3423708379268646,4.620809078216553,-4.728548526763916
13.94,-0.2035071402788162,5.578489780426025,-6.586448669433594
13.96,0.1221042871475219,5.7987565994262695,-6.378153324127197
13.98,0.2777273952960968,6.33026933670044,-6.01423454284668
14.0,-0.1987187415361404,7.122750282287598,-5.013458251953125
14.02,-1.1492167711257937,6.873753070831299,-3.1052796840667725
14.04,-2.118868589401245,7.06528902053833,-0.1891419291496276
14.06,-2.935291290283203,6.445190906524658,4.855441093444824
14.08,-2.6192567348480225,5.054159641265869,11.403582572937012
14.1,-1.845929503440857,4.062960147857666,15.380352020263672
14.12,-2.779668092727661,4.333505153656006,13.30457878112793
14.14,-2.597708940505981,2.7246015071868896,12.507309913635254
14.16,-0.4884171485900879,1.6424223184585571,15.093047142028809
14.18,-0.8738836050033569,2.652775526046753,13.527239799499512
14.2,-1.261744260787964,4.345476150512695,12.215216636657717
14.22,-1.6974890232086182,4.321534156799316,12.921506881713867
14.24,-1.1468225717544556,4.93923807144165,13.261483192443848
14.26,-0.0837970599532127,4.431667327880859,9.955090522766112
14.28,0.6368576288223267,4.350264549255371,6.28477954864502
14.3,0.6488286852836609,4.754884719848633,4.616020679473877
14.32,-0.6631938815116882,4.687847137451172,5.6191911697387695
14.34,-1.558625340461731,4.668693542480469,7.649474620819092
14.36,-1.9345149993896484,4.611232280731201,9.160215377807615
14.38,-1.903390407562256,4.941632270812988,9.476250648498535
14.4,-1.7980455160140991,5.48272180557251,8.497021675109863
14.42,-2.535459518432617,5.537788391113281,8.04691219329834
14.44,-2.1164743900299072,5.216965675354004,8.99740982055664
14.46,-1.3239935636520386,3.84269380569458,10.271124839782717
14.48,-1.170764684677124,4.999093055725098,10.78587818145752
14.5,-1.742978811264038,4.946420669555664,10.163386344909668
14.52,-0.5267243981361389,4.9583916664123535,8.695740699768066
14.54,0.1173158809542656,5.094861030578613,9.512163162231444
14.56,1.2282254695892334,3.4763808250427246,10.47942066192627
14.58,1.0414776802062988,2.834734916687012,10.76193618774414
14.6,0.629675030708313,3.6176388263702393,8.722076416015625
14.62,0.0191536135971546,5.34625244140625,7.709329605102539
14.64,-1.4269442558288574,6.67982292175293,7.196970462799072
14.66,-1.6112977266311646,6.514622688293457,8.60236644744873
14.68,-1.8626888990402224,6.706159114837647,9.20091724395752
14.7,-1.3431471586227417,4.920084476470947,8.058882713317871
14.72,-1.1971008777618408,3.8498764038085938,5.743690013885498
14.74,-0.059855043888092,4.113238334655762,4.357447147369385
14.76,0.9433154463768004,5.023035049438477,6.10521411895752
14.78,1.3048399686813354,5.200206279754639,6.612784862518311
14.8,1.4748282432556152,4.376600742340088,7.158663272857666
14.82,0.6751648783683777,4.199429988861084,7.170634269714356
14.84,1.0223240852355957,4.299986362457275,7.343016624450684
14.86,1.000776290893555,4.309563159942627,9.059659004211426
14.88,1.4652514457702637,4.522646903991699,10.441113471984863
14.9,1.939303398132324,4.259284973144531,11.219228744506836
14.92,1.6974890232086182,4.898536682128906,11.942277908325195
14.94,1.3024457693099976,4.762067317962647,11.305420875549316
14.96,2.27209734916687,3.646369218826294,9.315838813781738
14.98,2.296039342880249,3.110068082809448,8.281543731689453
15.0,2.8778305053710938,3.4835634231567383,6.574477672576904
15.02,3.315969467163086,3.5242648124694824,5.825092792510986
15.04,2.8658595085144043,4.711789131164551,6.485892295837402
15.06,1.3527239561080933,7.022193431854248,7.541735172271728
15.08,-1.7070658206939695,11.556811332702637,6.710947513580322
15.1,-0.6033388376235962,6.129156112670898,5.109226226806641
15.12,0.6320692300796509,7.4986395835876465,5.841852188110352
15.14,1.577778935432434,5.904101371765137,6.708553314208984
15.16,1.534683346748352,5.363011837005615,6.892906665802002
15.18,2.9520506858825684,4.608838081359863,6.991068840026856
15.2,2.23857855796814,4.395754337310791,7.613561630249023
15.22,1.7932571172714231,4.220977783203125,7.340622425079346
15.24,1.3862427473068235,10.38844108581543,7.484274387359619
15.26,1.256955862045288,4.948814868927002,5.789179801940918
15.28,1.2114660739898682,2.6671407222747803,6.754043102264404
15.3,0.2466027736663818,0.7541735172271729,12.25352382659912
15.32,-0.8355764150619507,0.5219359993934631,12.25113010406494
15.34,0.3256114423274994,0.0861912593245506,11.245565414428713
15.36,0.8690952062606812,1.5322890281677246,11.022904396057127
15.38,0.8643068075180054,1.7525556087493896,11.791443824768066
15.4,0.9528923034667968,1.7381904125213623,10.93910789489746
15.42,1.05105459690094,0.3878606855869293,10.323798179626465
15.44,0.7374141216278076,0.150834709405899,9.895236015319824
15.46,0.8331822156906128,-0.7733271718025208,10.632649421691896
15.48,0.8092401623725891,1.5203180313110352,11.693281173706056
15.5,1.237802267074585,1.874659895896912,10.975020408630373
15.52,1.8555063009262085,2.52109432220459,8.559270858764648
15.54,2.3774423599243164,2.7916390895843506,6.9240312576293945
15.56,1.9105730056762693,2.4803929328918457,7.256825447082519
15.58,1.37906014919281,3.1196448802948,9.198522567749023
15.6,1.2689268589019775,3.770867586135864,10.524910926818848
15.62,1.7908629179000854,3.56017804145813,9.909601211547852
15.64,2.070984363555908,3.833117008209229,8.611943244934082
15.66,2.19308876991272,3.866635799407959,8.166622161865234
15.68,2.341529369354248,3.904942989349365,7.723694801330566
15.7,2.1499931812286377,3.969586372375488,8.058882713317871
15.72,2.365471363067627,3.773261785507202,9.215282440185549
15.74,2.185906171798706,4.194641590118408,9.947908401489258
15.76,2.28406834602356,4.754884719848633,9.114726066589355
15.78,2.4013843536376958,4.41969633102417,7.762001991271973
15.8,2.3582887649536133,5.195417881011963,6.691793918609619
15.82,2.288856744766236,5.058948040008545,6.366182327270508
15.84,2.4636335372924805,4.268861770629883,8.087613105773926
15.86,2.0159177780151367,3.9863457679748535,10.216058731079102
15.88,1.944091796875,3.995922565460205,10.979808807373049
15.9,1.946485996246338,3.73016619682312,10.350133895874023
15.92,2.3127987384796143,4.491522312164307,8.741230010986328
15.94,2.3702597618103027,5.286397457122803,7.453149795532227
15.96,2.683900117874145,5.181052684783936,7.173028469085693
15.98,3.023876667022705,4.503493309020996,6.9240312576293945
16.0,3.840299606323242,4.290409564971924,7.493851184844971
16.02,4.247313976287842,4.321534156799316,8.925583839416504
16.04,4.304774761199951,3.612850427627564,9.394847869873049
16.06,4.398148536682129,3.138798475265503,8.674192428588867
16.08,4.525041103363037,4.604049682617188,7.771578788757324
16.1,3.5218706130981445,3.9217023849487305,7.886500358581543
16.12,2.157175779342652,5.013458251953125,8.40843677520752
16.14,2.557007312774658,5.31273365020752,8.796297073364258
16.16,3.509899616241455,3.931279182434082,7.970297336578369
16.18,3.8810009956359854,4.508281707763672,8.973467826843262
16.2,3.952826976776123,4.441244125366211,9.265560150146484
16.22,3.957615375518799,5.389348030090332,8.015787124633789
16.24,4.517858505249023,3.770867586135864,6.045359134674072
16.26,5.051765441894531,4.508281707763672,6.217741966247559
16.28,4.426878929138184,4.309563159942627,8.530540466308594
16.3,3.878606796264648,4.522646903991699,10.465055465698242
16.32,3.313575267791748,4.764461517333984,7.728483200073242
16.34,3.6176388263702393,4.999093055725098,5.552153587341309
16.36,3.658340215682984,5.616796970367432,5.166687488555908
16.38,4.424484729766846,5.710171222686768,5.810727596282959
16.4,4.513070106506348,5.049371242523193,6.864176273345947
16.42,4.2951979637146,4.479551315307617,8.815450668334961
16.44,3.840299606323242,4.084507942199707,9.581595420837402
16.46,4.079719543457031,2.8371291160583496,8.010998725891113
16.48,3.9600095748901367,3.3303346633911133,7.661445617675781
16.5,3.45962142944336,3.5913026332855225,8.401253700256348
16.52,3.426102638244629,3.24414324760437,9.165003776550291
16.54,3.1028854846954346,2.085349798202514,9.725247383117676
16.56,3.3686418533325195,2.2649147510528564,10.256759643554688
16.58,3.162740468978882,1.656787633895874,10.153809547424316
16.6,3.60566782951355,2.427720546722412,9.75397777557373
16.62,3.998316764831543,2.5761611461639404,9.131484985351562
16.64,3.711012601852417,3.1028854846954346,8.681375503540039
16.66,4.048594951629639,2.602497339248657,9.220070838928224
16.68,4.189853191375732,3.263296842575073,9.191340446472168
16.7,4.20421838760376,2.434903144836426,8.31985092163086
16.72,4.479551315307617,2.3774423599243164,7.86734676361084
16.74,5.027823448181152,3.464409828186035,7.673416614532471
16.76,4.987122058868408,2.1164743900299072,6.727706909179688
16.78,3.897760391235352,2.1092917919158936,7.860164165496826
16.8,3.4835634231567383,1.6879122257232666,9.634267807006836
16.82,1.7621324062347412,0.0766144543886184,8.317456245422363
16.84,1.5682021379470823,0.0071826050989329,9.038111686706545
16.86,1.8363527059555051,3.93367338180542,10.237606048583984
16.88,0.7829039692878723,5.738901615142822,11.348516464233398
16.9,-0.9074024558067322,4.194641590118408,10.194510459899902
16.92,0.4381389021873474,1.9057846069335935,10.261548042297363
16.94,2.070984363555908,2.8371291160583496,10.32858657836914
16.96,1.134851574897766,-0.4836287498474121,10.931924819946287
16.98,1.0031704902648926,0.8331822156906128,10.757147789001465
17.0,3.6559460163116455,3.667917013168335,8.571242332458496
17.02,2.9975404739379883,4.213795185089111,8.822632789611816
17.04,3.258508443832397,3.313575267791748,8.164227485656738
17.06,5.056553840637207,2.935291290283203,6.888118267059326
17.08,5.231330871582031,4.022258758544922,9.090784072875977
17.1,4.7189717292785645,4.2951979637146,9.04290008544922
17.12,4.079719543457031,4.766855716705322,7.307103633880615
17.14,4.194641590118408,5.537788391113281,3.512293815612793
17.16,3.770867586135864,5.415684223175049,4.347870349884033
17.18,4.532223701477051,5.0685248374938965,7.173028469085693
17.2,3.8810009956359854,5.281609058380127,8.312667846679688
17.22,4.821922302246094,4.759673118591309,6.744466304779053
17.24,3.718195199966431,4.7189717292785645,6.282385349273682
17.26,4.426878929138184,4.074931144714356,6.562506675720215
17.28,4.812345504760742,4.106055736541748,8.62630844116211
17.3,4.879383087158203,3.780444383621216,8.734047889709473
17.32,5.621585369110107,3.189076662063598,8.911218643188477
17.34,5.738901615142822,3.16513466835022,9.677363395690918
17.36,5.75326681137085,3.318363666534424,7.819462776184082
17.38,5.157110691070557,3.1675288677215576,6.962338447570801
17.4,4.120420932769775,3.667917013168335,6.598419666290283
17.42,5.310339450836182,3.028665065765381,8.245630264282227
17.44,5.4013190269470215,2.497152328491211,8.899248123168945
17.46,5.202600479125977,2.537853717803955,8.638279914855957
17.48,4.347870349884033,2.1811177730560303,8.506598472595215
17.5,5.288791656494141,2.138022184371948,9.121908187866213
17.52,5.489904403686523,2.269703149795532,8.123526573181152
17.54,5.674258232116699,2.276885747909546,7.580042362213135
17.56,5.566518783569336,2.5115175247192383,7.450755596160889
17.58,5.65031623840332,2.6791117191314697,7.817068576812744
17.6,5.382165431976318,2.4468741416931152,8.178592681884766
17.62,5.109226226806641,1.821987509727478,8.312667846679688
17.64,5.552153587341309,2.5761611461639404,7.417236804962158
17.66,5.999869346618652,2.920926094055176,7.357381820678711
17.68,6.44279670715332,3.093308687210083,6.933608055114746
17.7,6.502651691436768,3.090914487838745,6.710947513580322
17.72,6.399701118469238,2.846705913543701,6.955155849456787
17.74,5.856217384338379,2.454056739807129,8.456320762634277
17.76,5.987898349761963,2.8179752826690674,8.259995460510254
17.78,6.100425720214844,2.980781078338623,6.607996463775635
17.8,6.315904140472412,3.383007049560547,6.0621185302734375
17.82,6.631938934326172,3.641580820083618,6.339846134185791
17.84,6.581660270690918,3.136404275894165,6.665457725524902
17.86,7.951143741607666,3.335123062133789,6.083666324615479
17.88,7.280767440795898,2.5091233253479004,6.648698329925537
17.9,6.780379295349121,2.868253707885742,7.053318023681641
17.92,6.3949127197265625,2.9089550971984863,7.620744228363037
17.94,6.7708024978637695,3.248931646347046,7.541735172271728
17.96,6.63433313369751,2.894589900970459,7.264008045196533
17.98,6.888118267059326,2.7317841053009038,6.718130111694336
18.0,7.400477409362793,2.681505918502808,6.598419666290283
18.02,6.742072105407715,2.7700912952423096,6.962338447570801
18.04,6.375759124755859,2.427720546722412,7.161057472229004
18.06,5.188235282897949,2.980781078338623,7.328651428222656
18.08,4.742913722991943,3.129221677780152,6.643909931182861
18.1,5.439626216888428,2.585737943649292,7.738059997558594
18.12,5.542576789855957,2.157175779342652,8.815450668334961
18.14,5.612008571624756,2.121262788772583,8.920795440673828
18.16,5.410895824432373,1.5322890281677246,9.30386734008789
18.18,4.759673118591309,1.6184803247451782,9.05247688293457
18.2,4.2951979637146,3.136404275894165,7.141903877258301
18.22,5.125985622406006,3.375824451446533,6.517016887664795
18.24,5.894524574279785,3.615244626998901,5.626373767852783
18.26,7.445967197418213,3.6559460163116455,5.382165431976318
18.28,7.216124057769775,2.6408045291900635,8.178592681884766
18.3,6.382941722869873,2.8107926845550537,7.829039573669434
18.32,5.992686748504639,3.440467834472656,6.864176273345947
18.34,5.535394191741943,3.7158010005950928,6.698976516723633
18.36,5.125985622406006,3.584120035171509,7.12035608291626
18.38,5.995080947875977,3.938461780548096,6.538564682006836
18.4,6.234501361846924,3.375824451446533,6.868964672088623
18.42,5.185841083526611,3.21062445640564,7.484274387359619
18.44,4.656722068786621,2.8634653091430664,8.183381080627441
18.46,5.188235282897949,2.8227639198303223,8.269572257995605
18.48,5.386953830718994,2.7700912952423096,8.573636054992676
18.5,5.339069843292236,2.846705913543701,8.130708694458008
18.52,4.941632270812988,2.80361008644104,8.530540466308594
18.54,5.135562419891357,3.1531636714935303,7.987056732177734
18.56,5.418078422546387,3.375824451446533,7.60637903213501
18.58,5.791574001312256,3.464409828186035,7.795520782470703
18.6,6.200982570648193,3.555389642715454,7.675810813903809
18.62,5.975927352905273,3.31118106842041,7.144298076629639
18.64,5.978321552276611,3.44765043258667,7.297526836395264
18.66,5.700594425201416,3.495534420013428,7.158663272857666
18.68,5.580883979797363,3.248931646347046,7.888894557952881
18.7,5.631162166595459,2.959233283996582,7.752425193786621
18.72,5.281609058380127,2.7557260990142822,8.497021675109863
18.74,5.03021764755249,2.918531894683838,8.777143478393555
18.76,5.145139217376709,3.189076662063598,7.94635534286499
18.78,5.20978307723999,3.308786630630493,7.422025203704834
18.8,5.643133640289307,3.0573954582214355,7.948749542236328
18.82,5.494692802429199,3.1076738834381104,7.881711959838867
18.84,5.47075080871582,3.155557870864868,7.587224960327148
18.86,5.406107425689697,3.426102638244629,7.654263019561768
18.88,4.98472785949707,2.9065608978271484,7.625532627105713
18.9,5.31273365020752,3.0190882682800293,8.04930591583252
18.92,5.353435039520264,3.0334534645080566,8.161833763122559
18.94,5.224148273468018,2.9065608978271484,7.989450931549072
18.96,5.214571475982666,2.748543500900269,8.195352554321289
18.98,5.181052684783936,2.937685489654541,8.133103370666504
19.0,5.39174222946167,3.134010076522827,7.781155586242676
19.02,5.233725070953369,3.241749048233032,7.8314337730407715
19.04,5.578489780426025,3.454833030700684,7.477091789245605
19.06,5.801150798797607,3.9193081855773926,7.043741226196289
19.08,5.714959621429443,3.998316764831543,6.8162922859191895
19.1,5.693411827087402,3.931279182434082,7.247248649597168
19.12,5.322310447692871,3.9217023849487305,7.718906402587891
19.14,5.032611846923828,3.883395195007324,7.864952564239502
19.16,4.460397720336914,4.043806552886963,7.450755596160889
19.18,4.302380561828613,3.624821424484253,7.879317760467529
19.2,3.88818359375,3.9408559799194336,8.916007041931152
19.22,3.660734415054321,3.971980571746826,8.492233276367188
19.24,3.825934410095215,4.256890773773193,8.185775756835938
19.26,4.067748546600342,4.350264549255371,8.22887134552002
19.28,4.137180328369141,4.323928356170654,8.08043098449707
19.3,4.7405195236206055,4.551377296447754,6.789956092834473
19.32,4.089296340942383,3.720589399337769,6.825869083404541
19.34,4.156333923339844,4.489128112792969,8.255207061767578
19.36,3.600879430770874,3.7229835987091056,8.801085472106934
19.38,4.264073371887207,3.936067581176758,8.674192428588867
19.4,3.964797973632813,4.175487995147705,8.1139497756958
19.42,3.7493197917938232,4.4508209228515625,8.066065788269043
19.44,3.8355112075805664,4.541800498962402,8.209717750549316
19.46,3.699041604995728,4.400542736053467,8.281543731689453
19.48,4.163516521453857,4.137180328369141,7.979874134063721
19.5,4.369418144226074,4.1156325340271,7.982268333435059
19.52,4.436455726623535,3.912125587463379,7.716512203216553
19.54,4.247313976287842,4.050989151000977,7.800309181213379
19.56,3.608062028884888,3.955221176147461,8.825027465820312
19.58,3.450044631958008,3.7014358043670654,9.284713745117188
19.6,3.84269380569458,3.5266590118408203,8.793902397155762
19.62,4.38617753982544,3.945644378662109,8.40843677520752
19.64,4.410119533538818,3.8546648025512695,7.754819393157959
19.66,4.527435302734375,4.050989151000977,7.412448406219482
19.68,4.496310710906982,3.780444383621216,7.592013359069824
19.7,4.613626480102539,3.5960910320281982,7.85537576675415
19.72,4.462791919708252,3.4787750244140625,8.487444877624512
19.74,4.127603530883789,3.177105665206909,8.609549522399902
19.76,4.10366153717041,3.445256233215332,8.382100105285645
19.78,4.177882194519043,3.4620156288146973,8.226476669311523
19.8,4.189853191375732,3.457227230072021,8.149862289428711
19.82,4.201824188232422,3.28963303565979,8.616731643676758
19.84,4.132391929626465,3.205836057662964,8.611943244934082
19.86,4.153939723968506,3.224989652633667,8.516175270080566
19.88,4.0964789390563965,3.292027235031128,8.485051155090332
19.9,4.139574527740479,3.1938650608062744,8.40843677520752
19.92,4.01268196105957,3.25611424446106,8.310274124145508
19.94,3.998316764831543,3.1699230670928955,8.497021675109863
19.96,4.113238334655762,3.2537200450897217,8.60236644744873
19.98,3.9815573692321777,3.3039982318878174,8.75080680847168
20.0,3.866635799407959,3.181894063949585,8.71728801727295
20.02,4.151545524597168,3.220201253890991,8.434772491455078
20.04,4.225766181945801,3.31118106842041,8.317456245422363
20.06,4.259284973144531,3.3016040325164795,8.267178535461426
20.08,4.170699596405029,3.3063924312591557,8.374917984008789
20.1,4.065354347229004,3.428496837615967,8.724471092224121
20.12,3.955221176147461,3.2992098331451416,8.540117263793945
20.14,3.9408559799194336,3.3662476539611816,8.47547435760498
20.16,3.974374771118164,3.3303346633911133,8.377311706542969
20.18,4.122815132141113,3.251325845718384,8.422801971435547
20.2,4.163516521453857,3.335123062133789,8.614337921142578
20.22,4.199429988861084,3.428496837615967,8.437167167663574
20.24,4.170699596405029,3.3949780464172363,8.446743965148926
20.26,4.213795185089111,3.4308910369873047,8.183381080627441
20.28,4.220977783203125,3.440467834472656,8.315062522888184
20.3,4.311957359313965,3.2776620388031006,8.508993148803711
20.32,4.180276393890381,3.3734302520751958,8.597578048706055
20.34,4.156333923339844,3.3016040325164795,8.528146743774414
20.36,4.209006786346436,3.3446998596191406,8.446743965148926
20.38,4.4077253341674805,3.423708438873291,8.149862289428711
20.4,4.371812343597412,3.445256233215332,8.190564155578613
20.42,4.4292731285095215,3.3279404640197754,8.212111473083496
20.44,4.34068775177002,3.272873640060425,8.324639320373535
20.46,4.393360137939453,3.4308910369873047,8.209717750549316
20.48,4.304774761199951,3.28963303565979,8.377311706542969
20.5,4.378994941711426,3.258508443832397,8.585607528686523
20.52,4.376600742340088,3.3518824577331543,8.358158111572266
20.54,4.4292731285095215,3.375824451446533,8.248024940490723
20.56,4.503493309020996,3.315969467163086,8.216899871826172
20.58,4.630385875701904,3.3279404640197754,8.188169479370117
20.6,4.443638324737549,3.1723172664642334,8.35336971282959
20.62,4.486733913421631,3.2992098331451416,8.520963668823242
20.64,4.460397720336914,3.2992098331451416,8.233659744262695
20.66,4.477157115936279,3.332728862762451,8.269572257995605
20.68,4.4508209228515625,3.2752678394317627,8.343792915344238
20.7,4.412513732910156,3.2297780513763428,8.389283180236816
20.72,4.460397720336914,3.1962592601776123,8.480262756347656
20.74,4.570530891418457,3.2824504375457764,8.166622161865234
20.76,4.553771495819092,3.224989652633667,8.037335395812988
20.78,4.639962673187256,3.3063924312591557,8.051700592041016
20.8,4.580107688903809,3.296815633773804,8.190564155578613
20.82,4.580107688903809,3.3949780464172363,8.291120529174805
20.84,4.551377296447754,3.1747114658355717,8.286332130432129
20.86,4.60165548324585,3.31118106842041,8.406042098999023
20.88,4.364629745483398,3.0573954582214355,8.47547435760498
20.9,4.568136692047119,3.047818660736084,8.418013572692871
20.92,4.771644115447998,3.1938650608062744,8.149862289428711
20.94,4.766855716705322,3.1531636714935303,8.008605003356934
20.96,4.6471452713012695,3.126827478408813,8.10437297821045
20.98,4.244919776916504,3.0813376903533936,8.863334655761719
21.0,4.414907932281494,3.162740468978882,8.406042098999023
21.02,4.467580318450928,2.784456491470337,8.461109161376953
21.04,4.49870491027832,2.786850690841675,8.44195556640625
21.06,4.1156325340271,2.7246015071868896,8.808267593383789
21.08,3.995922565460205,2.5522189140319824,8.848969459533691
21.1,4.02465295791626,2.6599581241607666,9.074024200439451
21.12,4.022258758544922,2.473210334777832,9.126696586608888
21.14,4.194641590118408,2.693476915359497,8.801085472106934
21.16,4.414907932281494,2.8993782997131348,8.037335395812988
21.18,4.606443881988525,2.980781078338623,7.754819393157959
21.2,4.67827033996582,2.7437551021575928,8.245630264282227
21.22,4.472368717193604,2.652775526046753,8.530540466308594
21.24,4.185064792633057,2.497152328491211,8.935160636901855
21.26,4.223371982574463,3.3016040325164795,8.983044624328613
21.28,4.254496574401856,2.9759926795959477,8.379706382751465
21.3,4.400542736053467,2.932897090911865,8.489839553833008
21.32,4.414907932281494,2.9735984802246094,8.911218643188477
21.34,4.378994941711426,2.6216509342193604,8.473079681396484
21.36,4.529829502105713,2.2457611560821533,8.106766700744629
21.38,4.189853191375732,2.7102363109588623,8.813055992126465
21.4,4.1874589920043945,2.7892448902130127,8.765172004699707
21.42,4.333505153656006,3.2178070545196533,8.329427719116211
21.44,4.367023944854736,3.464409828186035,7.752425193786621
21.46,5.717353820800781,2.937685489654541,8.20732307434082
21.48,5.664681434631348,3.8714241981506343,8.183381080627441
21.5,4.383783340454102,4.608838081359863,8.473079681396484
21.52,3.691859006881714,3.711012601852417,8.180987358093262
21.54,3.821146011352539,3.4787750244140625,8.851364135742188
21.56,4.532223701477051,3.660734415054321,8.197746276855469
21.58,4.259284973144531,3.2776620388031006,8.176198959350586
21.6,4.709394931793213,3.734954595565796,8.31985092163086
21.62,4.742913722991943,4.05817174911499,8.094796180725098
21.64,4.548983097076416,3.8355112075805664,7.599195957183838
21.66,4.393360137939453,3.670311212539673,7.110779285430908
21.68,4.797980308532715,4.113238334655762,7.953537940979004
21.7,4.537012100219727,4.129997730255127,8.29590892791748
21.72,4.170699596405029,3.615244626998901,8.020575523376465
21.74,4.355052947998047,4.120420932769775,7.364564418792725
21.76,4.78122091293335,4.587290287017822,7.410054206848144
21.78,5.140350818634033,5.094861030578613,7.850587368011475
21.8,5.480327606201172,4.932055473327637,7.864952564239502
21.82,5.827486991882324,4.084507942199707,7.484274387359619
21.84,4.8267107009887695,3.380612850189209,8.269572257995605
21.86,4.587290287017822,3.7636849880218506,8.389283180236816
21.88,5.513846397399902,4.611232280731201,8.027758598327637
21.9,6.528987884521484,5.04218864440918,8.003816604614258
21.92,5.202600479125977,4.395754337310791,10.043676376342772
21.94,5.856217384338379,4.225766181945801,8.04691219329834
21.96,4.95120906829834,5.171475887298584,7.572859764099121
21.98,3.9480385780334473,5.394136428833008,4.965574264526367
22.0,3.567360639572144,6.471527099609375,3.6296098232269287
22.02,4.072536945343018,7.90086555480957,3.550601005554199
22.04,4.486733913421631,8.006210327148438,4.675876140594482
22.06,4.10366153717041,7.043741226196289,5.166687488555908
22.08,3.292027235031128,7.441178798675537,2.676717519760132
22.1,2.523488521575928,7.857769966125488,1.5969325304031372
22.12,2.324769735336304,9.026140213012695,2.925714492797852
22.14,1.2473790645599363,8.947132110595703,3.813963413238525
22.16,2.363077163696289,7.3693528175354,4.309563159942627
22.18,2.449268341064453,7.513004779815674,5.990292549133301
22.2,2.604891538619995,7.12035608291626,6.959944248199463
22.22,2.695871114730835,6.967126846313477,6.473921298980713
22.24,2.23857855796814,6.919242858886719,6.416460514068604
22.26,2.5091233253479004,6.847416877746582,6.421248912811279
22.28,3.3662476539611816,6.36378812789917,6.833051681518555
22.3,4.757278919219971,6.859387874603272,7.129932880401611
22.32,4.908113479614258,6.114790916442871,7.050923824310303
22.34,4.58968448638916,6.794744491577148,7.122750282287598
22.36,4.220977783203125,6.481103897094727,6.5912370681762695
22.38,3.4141316413879395,5.889736175537109,5.801150798797607
22.4,3.2752678394317627,6.67982292175293,6.004657745361328
22.42,2.535459518432617,7.268796443939209,6.145915985107422
22.44,2.470816135406494,7.177816867828369,5.477933406829834
22.46,3.066972494125366,7.062894821166992,4.778826713562012
22.48,3.9624037742614746,7.668628215789795,4.651933670043945
22.5,4.891354084014893,7.326257228851318,3.912125587463379
22.52,5.679046630859375,7.582436561584473,3.485957622528076
22.54,4.185064792633057,7.015010833740234,5.023035049438477
22.56,2.547430515289306,7.903259754180908,7.929595947265625
22.58,1.3958195447921753,6.552929878234863,8.69334602355957
22.6,0.9600749015808104,6.92881965637207,8.678980827331543
22.62,1.4939818382263184,6.627150535583496,7.943961143493652
22.64,1.874659895896912,6.754043102264404,6.780379295349121
22.66,1.9129672050476076,6.797138690948486,7.177816867828369
22.68,1.8722656965255735,6.746860504150391,7.479485988616943
22.7,1.869871497154236,5.74129581451416,6.991068840026856
22.72,2.075772762298584,6.064512729644775,7.457938194274902
22.74,2.3319525718688965,6.167463779449463,8.24084186553955
22.76,2.590526342391968,5.568912982940674,8.042123794555664
22.78,1.678335428237915,5.128379821777344,6.502651691436768
22.8,1.05105459690094,5.801150798797607,8.078036308288574
22.82,0.6607996821403503,5.762843608856201,9.883264541625977
22.84,1.3263877630233765,5.331887245178223,9.265560150146484
22.86,1.747767210006714,5.116408824920654,8.305485725402832
22.88,1.984793186187744,4.821922302246094,7.65186882019043
22.9,2.363077163696289,4.441244125366211,7.977479934692383
22.92,2.3989901542663574,4.5394062995910645,9.040505409240724
22.94,1.9057846069335935,4.766855716705322,9.552865028381348
22.96,1.53707754611969,5.743690013885498,8.60236644744873
22.98,1.7693150043487549,5.894524574279785,7.632715225219727
23.0,1.7621324062347412,6.114790916442871,7.503427982330322
23.02,1.802833914756775,5.837063789367676,7.536946773529053
23.04,1.534683346748352,4.903325080871582,7.0988078117370605
23.06,1.4748282432556152,5.48272180557251,8.786720275878906
23.08,1.9129672050476076,5.523423194885254,8.283937454223633
23.1,1.900996208190918,5.410895824432373,7.740454196929932
23.12,1.9967641830444336,6.14831018447876,7.374141216278076
23.14,1.9512743949890137,6.009446144104004,6.864176273345947
23.16,2.2026655673980717,6.14831018447876,7.218518257141113
23.18,1.9345149993896484,6.672640323638916,7.508216381072998
23.2,1.984793186187744,6.435614109039307,7.141903877258301
23.22,2.6791117191314697,6.387730121612549,7.163451671600342
23.24,2.1739351749420166,6.399701118469238,7.048529624938965
23.26,1.8363527059555051,6.572083473205566,6.66785192489624
23.28,2.2816741466522217,6.4380083084106445,6.335057735443115
23.3,1.9991583824157717,6.253654956817627,6.5912370681762695
23.32,1.7764976024627686,6.607996463775635,6.900089263916016
23.34,1.3934253454208374,5.9974751472473145,7.232883453369141
23.36,1.2401964664459229,5.518634796142578,7.706935405731201
23.38,1.6735470294952393,6.042964935302734,8.271966934204102
23.4,1.9800047874450684,5.432443618774414,9.006986618041992
23.42,1.2018892765045166,4.594472885131836,9.095572471618652
23.44,0.9840168952941896,5.434837818145752,9.220070838928224
23.46,1.0749965906143188,6.030993938446045,7.989450931549072
23.48,0.6799532771110535,5.822698593139648,7.074865818023682
23.5,1.039083480834961,6.2392897605896,7.673416614532471
23.52,0.9313444495201112,5.779603004455566,8.583212852478027
23.54,1.261744260787964,6.004657745361328,9.074024200439451
23.56,1.2186486721038818,5.568912982940674,8.252813339233398
23.58,1.2761094570159912,6.382941722869873,6.727706909179688
23.6,1.0989385843276978,6.871358871459961,5.817910194396973
23.62,0.6775590777397156,7.433996200561523,5.796362400054932
23.64,0.8667010068893433,7.297526836395264,6.268020153045654
23.66,1.1492167711257937,6.7923502922058105,6.698976516723633
23.68,1.414973258972168,6.519411087036133,7.541735172271728
23.7,1.316810965538025,6.244078159332275,7.508216381072998
23.72,1.434126853942871,6.50025749206543,6.916848659515381
23.74,1.501164436340332,6.888118267059326,6.291962146759033
23.76,0.8427590131759644,7.017405033111572,6.703764915466309
23.78,0.6105214357376099,7.275979042053223,6.897695064544678
23.8,0.7541735172271729,6.746860504150391,7.163451671600342
23.82,1.0462661981582642,6.184223175048828,8.133103370666504
23.84,0.9959878921508788,6.636727333068848,8.099584579467773
23.86,0.90979665517807,7.062894821166992,7.204153060913086
23.88,0.6344634294509888,6.967126846313477,5.846640586853027
23.9,0.7230489253997803,6.138733386993408,5.56173038482666
23.92,0.7637503147125244,6.521805286407471,7.175422668457031
23.94,0.8451532125473022,4.07014274597168,9.138668060302734
23.96,1.0223240852355957,3.909731388092041,11.200075149536133
23.98,0.5363011956214905,4.989516258239746,9.962273597717283
24.0,0.7924807667732239,5.360617637634277,8.848969459533691
24.02,0.454898327589035,5.542576789855957,8.341399192810059
24.04,0.524330198764801,5.260061264038086,7.869740962982178
24.06,0.8188169598579407,5.169081687927246,7.726089000701904
24.08,0.9528923034667968,5.226542472839356,7.936778545379639
24.1,1.2545616626739502,6.2632317543029785,8.26239013671875
24.12,0.8475474119186401,6.145915985107422,8.303091049194336
24.14,1.0342950820922852,5.868188381195068,7.824251174926758
24.16,1.6184803247451782,4.975151062011719,7.556100368499756
24.18,2.166752576828003,4.07014274597168,7.661445617675781
24.2,2.008735179901123,4.546588897705078,8.310274124145508
24.22,1.5921441316604614,5.384559631347656,8.65982723236084
24.24,1.6352397203445437,5.116408824920654,8.762778282165527
24.26,1.7190368175506592,5.774814605712891,8.118738174438477
24.28,1.7956513166427612,5.983109951019287,7.345410823822021
24.3,2.10210919380188,5.8442463874816895,6.878541469573975
24.32,2.1332337856292725,6.074089527130127,6.976703643798828
24.34,1.98958158493042,5.884947776794434,8.097189903259277
24.36,2.0374655723571777,5.959167957305908,8.406042098999023
24.38,2.185906171798706,5.540182590484619,8.042123794555664
24.4,2.030282974243164,5.621585369110107,7.814674377441406
24.42,2.085349798202514,5.698200225830078,7.529764175415039
24.44,1.9177556037902832,5.566518783569336,7.812280178070068
24.46,1.953668594360352,5.834669589996338,7.824251174926758
24.48,2.169146776199341,5.635950565338135,7.627926826477051
24.5,2.0661959648132324,5.882553577423096,7.625532627105713
24.52,2.03507137298584,5.961562156677246,7.627926826477051
24.54,2.123656988143921,6.019022941589356,7.55131196975708
24.56,2.343923568725586,5.377377033233643,8.003816604614258
24.58,1.98958158493042,5.365406036376953,8.04691219329834
24.6,2.099714994430542,5.442020416259766,7.850587368011475
24.62,2.0446481704711914,5.710171222686768,7.886500358581543
24.64,2.097320795059204,5.559336185455322,8.152256965637207
24.66,2.154781579971313,5.600037574768066,8.159439086914062
24.68,2.169146776199341,5.422866821289063,8.08282470703125
24.7,2.3774423599243164,5.202600479125977,8.142680168151855
24.72,1.965639591217041,5.394136428833008,8.334216117858887
24.74,2.1164743900299072,5.3797712326049805,8.075642585754395
24.76,2.042253971099853,5.394136428833008,7.975085735321045
24.78,2.1499931812286377,5.305551052093506,7.948749542236328
24.8,2.152387380599976,5.3342814445495605,8.056488990783691
24.82,2.4157495498657227,4.98472785949707,8.334216117858887
24.84,1.994369983673096,5.104437828063965,8.607154846191406
24.86,2.1739351749420166,5.327098846435547,8.224082946777344
24.88,2.094926595687866,5.260061264038086,7.642292022705078
24.9,2.157175779342652,5.370194435119629,7.589619159698486
24.92,2.2649147510528564,5.31273365020752,7.927201747894287
24.94,2.286462545394897,5.106832027435303,8.283937454223633
24.96,2.3511061668396,5.106832027435303,8.432378768920898
24.98,2.650381326675415,5.188235282897949,8.145073890686035
25.0,2.324769735336304,5.310339450836182,7.929595947265625
25.02,2.3319525718688965,5.13316822052002,7.807491779327393
25.04,2.205059766769409,5.671864032745361,7.943961143493652
25.06,2.1715409755706787,5.434837818145752,8.437167167663574
25.08,2.315192937850952,5.583278179168701,8.250418663024902
25.1,2.5665841102600098,5.585672378540039,7.635109424591064
25.12,2.557007312774658,5.729324817657471,7.778761386871338
25.14,2.477998733520508,5.566518783569336,7.613561630249023
25.16,2.602497339248657,5.384559631347656,7.261613845825195
25.18,2.3989901542663574,5.882553577423096,7.445967197418213
25.2,2.406172752380371,6.102819919586182,7.395689010620117
25.22,2.60010313987732,5.858611583709717,7.750030994415283
25.24,2.3367409706115723,5.9304375648498535,8.183381080627441
25.26,2.2601263523101807,5.700594425201416,7.941566944122314
25.28,2.248155355453491,5.578489780426025,7.7763671875
25.3,2.056619167327881,5.837063789367676,7.838616371154785
25.32,2.094926595687866,5.329493045806885,7.625532627105713
25.34,2.030282974243164,5.990292549133301,7.960720539093018
25.36,2.011129379272461,5.892130374908447,7.848193168640137
25.38,2.33913516998291,5.537788391113281,7.589619159698486
25.4,2.406172752380371,5.825092792510986,7.513004779815674
25.42,2.0231003761291504,6.358999729156494,7.541735172271728
25.44,1.8507179021835327,6.315904140472412,7.168240070343018
25.46,2.099714994430542,6.114790916442871,7.129932880401611
25.48,2.23857855796814,5.731719017028809,7.615955829620361
25.5,2.296039342880249,5.640739440917969,7.941566944122314
25.52,2.403778553009033,5.676652431488037,8.061277389526367
25.54,2.0829553604125977,5.616796970367432,8.135497093200684
25.56,1.903390407562256,5.779603004455566,8.099584579467773
25.58,2.0207061767578125,5.674258232116699,7.723694801330566
25.6,2.152387380599976,5.743690013885498,7.723694801330566
25.62,2.013523578643799,5.652710437774658,7.996633529663086
25.64,2.142810583114624,5.762843608856201,7.999027729034424
25.66,2.2194249629974365,5.710171222686768,7.771578788757324
25.68,2.2146365642547607,5.78678560256958,7.778761386871338
25.7,1.9776105880737305,5.947196960449219,7.481880187988281
25.72,2.085349798202514,5.987898349761963,7.122750282287598
25.74,2.099714994430542,6.18182897567749,7.359776020050049
25.76,2.19308876991272,6.007051944732666,7.589619159698486
25.78,2.2218191623687744,5.963956356048584,7.90086555480957
25.8,2.1499931812286377,5.825092792510986,7.915230751037598
25.82,2.121262788772583,5.990292549133301,7.668628215789795
25.84,2.1164743900299072,6.071695327758789,7.331045627593994
25.86,2.073378562927246,6.14831018447876,7.304709434509277
25.88,2.075772762298584,6.088454723358154,7.218518257141113
25.9,2.126051187515259,6.042964935302734,7.352593421936035
25.92,2.121262788772583,6.215347766876221,7.407660007476807
25.94,2.1954829692840576,6.200982570648193,7.565677165985107
25.96,2.3511061668396,5.849034786224365,7.711723804473877
25.98,2.1092917919158936,6.28477954864502,7.635109424591064
26.0,2.286462545394897,6.229712963104248,7.07726001739502
26.02,2.205059766769409,6.1315507888793945,7.331045627593994
26.04,2.269703149795532,6.064512729644775,7.627926826477051
26.06,2.33913516998291,5.863399982452393,7.876923561096191
26.08,2.085349798202514,5.983109951019287,7.666234016418457
26.1,2.3032219409942627,6.007051944732666,7.350199222564697
26.12,2.1164743900299072,6.13633918762207,7.230489253997803
26.14,2.075772762298584,6.224924564361572,7.304709434509277
26.16,2.205059766769409,5.983109951019287,7.280767440795898
26.18,2.188300371170044,5.995080947875977,7.340622425079346
26.2,2.248155355453491,5.975927352905273,7.65186882019043
26.22,2.1284453868865967,5.817910194396973,7.800309181213379
26.24,2.0231003761291504,5.916072368621826,7.994239330291748
26.26,2.2146365642547607,5.638344764709473,8.08043098449707
26.28,2.2457611560821533,5.609614372253418,8.090007781982422
26.3,2.2002713680267334,5.738901615142822,7.7643961906433105
26.32,1.886630892753601,6.124367713928223,7.4316020011901855
26.34,1.766920804977417,6.3973069190979,7.228095054626465
26.36,1.6711528301239014,6.538564682006836,7.38132381439209
26.38,1.8483237028121948,6.2201361656188965,7.309497833251953
26.4,1.98958158493042,6.004657745361328,7.479485988616943
26.42,1.766920804977417,5.820304393768311,7.90086555480957
26.44,1.8818424940109253,5.839457988739014,7.9631147384643555
26.46,1.599326729774475,5.846640586853027,8.154650688171387
26.48,1.53707754611969,5.791574001312256,7.977479934692383
26.5,1.6831238269805908,5.992686748504639,7.927201747894287
26.52,1.6950948238372805,5.87776517868042,7.80988597869873
26.54,1.4939818382263184,6.10521411895752,7.778761386871338
26.56,1.5131354331970217,6.169857978820801,7.546523571014404
26.58,1.625662922859192,6.083666324615479,7.627926826477051
26.6,1.6160861253738403,5.983109951019287,7.850587368011475
26.62,1.194706678390503,6.215347766876221,7.826645374298096
26.64,0.9576807022094728,6.461950302124023,7.443572998046875
26.66,1.2066776752471924,6.469132900238037,7.074865818023682
26.68,1.321599364280701,6.48828649520874,6.847416877746582
26.7,0.8427590131759644,6.562506675720215,7.46033239364624
26.72,0.7350199222564697,6.648698329925537,7.410054206848144
26.74,0.7709329724311829,6.84981107711792,7.180211067199707
26.76,0.4357447028160095,6.94079065322876,6.926425457000732
26.78,0.3663128614425659,7.003039836883545,6.75883150100708
26.8,0.3112462162971496,7.261613845825195,6.40927791595459
26.82,0.3974374830722809,7.520187377929687,6.301538944244385
26.84,0.5554547905921936,7.096413612365723,6.607996463775635
26.86,0.5530605912208557,7.086836814880371,7.062894821166992
26.88,0.6847416758537292,6.833051681518555,7.599195957183838
26.9,0.6368576288223267,6.658275127410889,7.321468830108643
26.92,0.7182605266571045,7.036558628082275,7.026981830596924
26.94,0.3256114423274994,7.223306655883789,6.7708024978637695
26.96,0.2992752194404602,6.797138690948486,6.433219909667969
26.98,0.1771709322929382,7.0988078117370605,6.828263282775879
27.0,0.4381389021873474,6.5265936851501465,7.003039836883545
27.02,1.5490485429763794,6.244078159332275,7.422025203704834
27.04,1.8267759084701536,5.882553577423096,7.618350028991699
27.06,1.4628572463989258,5.975927352905273,7.259219646453857
27.08,0.8307880163192749,6.7708024978637695,7.364564418792725
27.1,0.5961562395095825,6.703764915466309,7.501033782958984
27.12,0.2346317619085312,6.964732646942139,7.484274387359619
27.14,0.8355764150619507,6.524199485778809,7.546523571014404
27.16,0.8331822156906128,6.358999729156494,7.50582218170166
27.18,0.828393816947937,6.584054470062256,7.271190643310547
27.2,0.7948749661445618,6.744466304779053,6.964732646942139
27.22,0.6703764796257019,7.043741226196289,6.71334171295166
27.24,0.2705447971820831,6.732495307922363,6.98628044128418
27.26,0.7924807667732239,6.490680694580078,7.627926826477051
27.28,1.015141487121582,6.445190906524658,8.044517517089844
27.3,1.168370485305786,6.00226354598999,7.90086555480957
27.32,1.0630255937576294,6.256049156188965,7.534552574157715
27.34,1.015141487121582,6.275202751159668,7.419631004333496
27.36,0.8882488012313843,6.19379997253418,7.659051418304443
27.38,0.7852981686592102,6.406883716583252,7.491456985473633
27.4,0.8690952062606812,6.260837554931641,7.671022415161133
27.42,0.849941611289978,6.177040576934815,8.030152320861816
27.44,0.8547300100326538,5.949591159820557,7.553706169128418
27.46,1.0295066833496094,6.112396717071533,7.268796443939209
27.48,0.8020575642585754,6.8809356689453125,7.297526836395264
27.5,0.9193734526634216,6.246472358703613,7.38132381439209
27.52,0.8475474119186401,6.258443355560303,7.5968017578125
27.54,0.6607996821403503,6.253654956817627,7.675810813903809
27.56,0.608127236366272,6.153098583221436,7.690176010131836
27.58,1.0103530883789062,5.856217384338379,8.20492935180664
27.6,1.3886369466781616,5.35822343826294,8.403648376464844
27.62,1.0869675874710083,5.975927352905273,8.17141056060791
27.64,0.7158663272857666,6.270414352416992,7.489062786102295
27.66,0.7996633648872375,5.928043365478516,7.544129371643066
27.68,0.9361328482627868,5.887341976165772,7.95832633972168
27.7,0.8092401623725891,5.935225963592529,8.188169479370117
27.72,0.7613561153411865,5.992686748504639,7.910442352294922
27.74,0.8834604024887085,5.8657941818237305,7.841010570526123
27.76,0.8307880163192749,5.906495571136475,7.797914981842041
27.78,0.7733271718025208,5.932831764221191,7.716512203216553
27.8,0.7038952708244324,6.009446144104004,7.742848396301269
27.82,0.8164227604866028,5.949591159820557,7.876923561096191
27.84,0.6177040338516235,6.004657745361328,8.276755332946777
27.86,0.5817909836769104,6.042964935302734,7.927201747894287
27.88,0.6344634294509888,5.990292549133301,7.486668586730957
27.9,0.6200982332229614,5.983109951019287,7.759607791900635
27.92,0.586579442024231,5.901707172393799,8.022970199584961
27.94,0.6224924325942993,5.966350555419922,7.862558364868164
27.96,0.6943184733390808,6.035782337188721,7.841010570526123
27.98,0.6177040338516235,6.009446144104004,7.948749542236328
28.0,0.5913678407669067,6.18182897567749,7.833827972412109
28.02,0.5410895943641663,5.937620162963867,7.572859764099121
28.04,0.646434485912323,6.026205539703369,7.577648162841797
28.06,0.5386953949928284,6.107608318328857,7.766790390014648
28.08,0.6512228846549988,5.884947776794434,7.771578788757324
28.1,0.5889736413955688,5.829881191253662,7.874529361724853
28.12,0.5267243981361389,6.019022941589356,7.941566944122314
28.14,0.4955997467041015,6.038176536560059,7.833827972412109
28.16,0.8547300100326538,5.913678169250488,7.876923561096191
28.18,0.5913678407669067,5.846640586853027,8.063671112060547
28.2,0.6200982332229614,5.743690013885498,7.872135162353516
28.22,0.7158663272857666,5.755661010742188,7.790732383728027
28.24,0.454898327589035,6.253654956817627,7.680599212646484
28.26,0.3447650372982025,6.212953567504883,7.824251174926758
28.28,0.4932055473327636,6.145915985107422,7.513004779815674
28.3,0.5291185975074768,6.246472358703613,7.486668586730957
28.32,0.4932055473327636,6.311115741729736,7.553706169128418
28.34,0.5554547905921936,6.179434776306152,7.546523571014404
28.36,0.5386953949928284,6.052541732788086,7.632715225219727
28.38,0.3423708379268646,6.160281181335449,7.7643961906433105
28.4,0.3711012601852417,6.244078159332275,7.728483200073242
28.42,0.4572925269603729,6.217741966247559,7.625532627105713
28.44,0.1771709322929382,6.174646377563477,7.716512203216553
28.46,0.2322375625371933,6.124367713928223,7.682993412017822
28.48,0.1843535304069519,6.203376770019531,7.630321025848389
28.5,0.3423708379268646,6.251260757446289,7.60637903213501
28.52,0.2202665507793426,6.13633918762207,7.714118003845215
28.54,0.363918662071228,6.064512729644775,7.711723804473877
28.56,0.1436520963907241,6.320692539215088,7.627926826477051
28.58,-0.0287304203957319,6.141127586364746,7.295132637023926
28.6,-0.0263362191617488,6.0405707359313965,7.735665798187256
28.62,0.0502782352268695,5.822698593139648,7.800309181213379
28.64,0.2657563984394073,5.961562156677246,7.999027729034424
28.66,-0.035913024097681,5.896918773651123,8.221688270568848
28.68,-0.059855043888092,5.935225963592529,8.037335395812988
28.7,-0.0694318488240242,6.1315507888793945,7.850587368011475
28.72,-0.1149216815829277,5.918466567993164,7.594407558441162
28.74,-0.1005564704537391,5.995080947875977,7.5632829666137695
28.76,-0.059855043888092,6.076483726501465,7.807491779327393
28.78,-0.1484405100345611,6.050147533416748,7.874529361724853
28.8,0.0095768067985773,6.110002517700195,7.666234016418457
28.82,-0.1843535304069519,5.904101371765137,7.841010570526123
28.84,-0.1675941199064254,6.009446144104004,7.807491779327393
28.86,-0.2513911724090576,6.143521785736084,7.778761386871338
28.88,-0.1292868852615356,6.030993938446045,7.797914981842041
28.9,-0.0837970599532127,5.947196960449219,7.740454196929932
28.92,-0.1221042871475219,6.00226354598999,7.941566944122314
28.94,-0.1244984865188598,6.076483726501465,7.884106159210205
28.96,-0.150834709405899,6.0597243309021,7.654263019561768
28.98,-0.1125274822115898,6.114790916442871,7.532158374786377
29.0,-0.241814374923706,6.071695327758789,7.513004779815674
29.02,-0.2537853717803955,6.121973514556885,7.637503623962402
29.04,-0.1364694982767105,6.033388137817383,7.745242595672607
29.06,-0.2537853717803955,5.990292549133301,7.709329605102539
29.08,-0.1604115068912506,5.975927352905273,7.951143741607666
29.1,-0.2657563984394073,6.0621185302734375,7.745242595672607
29.12,-0.2322375625371933,6.162675380706787,7.582436561584473
29.14,-0.2346317619085312,6.119579315185547,7.627926826477051
29.16,-0.2226607650518417,6.114790916442871,7.745242595672607
29.18,-0.071826048195362,6.050147533416748,7.826645374298096
29.2,-0.1628057211637497,6.0405707359313965,7.869740962982178
29.22,-0.2298433631658554,6.153098583221436,7.601590633392334
29.24,-0.2346317619085312,6.045359134674072,7.534552574157715
29.26,-0.237025961279869,6.169857978820801,7.673416614532471
29.28,-0.2394201755523681,6.028599739074707,7.68538761138916
29.3,-0.1675941199064254,6.184223175048828,7.790732383728027
29.32,-0.1939303427934646,6.088454723358154,7.8529815673828125
29.34,-0.2226607650518417,6.074089527130127,7.666234016418457
29.36,-0.1795651316642761,6.150704383850098,7.515398979187012
29.38,-0.2466027736663818,6.191405773162842,7.527369976043701
29.4,-0.2944868206977844,6.177040576934815,7.704541206359863
29.42,-0.2130839526653289,6.098031520843506,7.762001991271973
29.44,-0.2346317619085312,6.1315507888793945,7.7643961906433105
29.46,-0.2178723514080047,6.2201361656188965,7.6997528076171875
29.48,-0.2442085742950439,6.174646377563477,7.714118003845215
29.5,-0.2298433631658554,6.200982570648193,7.575253963470459
29.52,-0.2106897532939911,6.150704383850098,7.4986395835876465
29.54,-0.2346317619085312,6.102819919586182,7.642292022705078
29.56,-0.304063618183136,6.186617374420166,7.750030994415283
29.58,-0.2322375625371933,6.102819919586182,7.833827972412109
29.6,-0.3088520169258117,6.100425720214844,7.711723804473877
29.62,-0.2489969730377197,6.2416839599609375,7.513004779815674
29.64,-0.3016694188117981,6.174646377563477,7.496245384216309
29.66,-0.241814374923706,6.205770969390869,7.558494567871094
29.68,-0.2633621990680694,6.189011573791504,7.778761386871338
29.7,-0.3734954595565796,6.162675380706787,7.771578788757324
29.72,-0.3615244626998901,6.069301128387451,7.627926826477051
29.74,-0.3902548849582672,6.14831018447876,7.479485988616943
29.76,-0.3687070608139038,6.150704383850098,7.663839817047119
29.78,-0.3543418645858764,6.138733386993408,7.65186882019043
29.8,-0.2274491637945175,6.129156112670898,7.673416614532471
29.82,-0.4572925269603729,6.191405773162842,7.759607791900635
29.84,-0.4764461517333984,6.196194171905518,7.68538761138916
29.86,-0.4309563040733337,6.253654956817627,7.508216381072998
29.88,-0.3878606855869293,6.189011573791504,7.419631004333496
29.9,-0.4165911078453064,6.287173748016357,7.587224960327148
29.92,-0.3758896589279175,6.2416839599609375,7.637503623962402
29.94,-0.3734954595565796,6.265625953674316,7.704541206359863
29.96,-0.4070142805576324,6.2416839599609375,7.632715225219727
29.98,-0.4740519225597381,6.251260757446289,7.572859764099121
30.0,-0.4979939460754394,6.210559368133545,7.491456985473633
30.02,-0.4525041282176971,6.167463779449463,7.541735172271728
30.04,-0.5578489899635315,6.229712963104248,7.862558364868164
30.06,-0.5434837937355042,6.1267619132995605,7.745242595672607
30.08,-0.5291185975074768,6.1267619132995605,7.539340972900391
30.1,-0.5195417404174805,6.179434776306152,7.477091789245605
30.12,-0.524330198764801,6.203376770019531,7.565677165985107
30.14,-0.4501099288463592,6.189011573791504,7.615955829620361
30.16,-0.4525041282176971,6.117185115814209,7.682993412017822
30.18,-0.5123591423034668,6.208165168762207,7.654263019561768
30.2,-0.5793967843055725,6.030993938446045,7.618350028991699
30.22,-0.5003881454467773,6.165069580078125,7.690176010131836
30.24,-0.48602294921875,6.174646377563477,7.515398979187012
30.26,-0.5626373887062073,6.184223175048828,7.630321025848389
30.28,-0.5722141861915588,6.129156112670898,7.654263019561768
30.3,-0.4740519225597381,6.212953567504883,7.520187377929687
30.32,-0.5195417404174805,6.256049156188965,7.443572998046875
30.34,-0.5889736413955688,6.18182897567749,7.340622425079346
30.36,-0.4477157294750213,6.27280855178833,7.429207801818848
30.38,-0.5171475410461426,6.009446144104004,7.829039573669434
30.4,-0.5793967843055725,6.10521411895752,7.778761386871338
30.42,-0.48602294921875,6.165069580078125,7.445967197418213
30.44,-0.5386953949928284,6.069301128387451,7.556100368499756
30.46,-0.6153098344802856,6.129156112670898,7.833827972412109
30.48,-0.6775590777397156,6.045359134674072,7.690176010131836
30.5,-0.6512228846549988,6.119579315185547,7.680599212646484
30.52,-0.7038952708244324,6.160281181335449,7.642292022705078
30.54,-0.6248866319656372,6.222530364990234,7.836222171783447
30.56,-0.5889736413955688,5.906495571136475,7.7643961906433105
30.58,-0.4764461517333984,5.940014362335205,7.812280178070068
30.6,-0.4453215301036834,6.01423454284668,7.812280178070068
30.62,-0.6224924325942993,5.975927352905273,7.812280178070068
30.64,-0.608127236366272,5.999869346618652,7.680599212646484
30.66,-0.5889736413955688,6.038176536560059,7.716512203216553
30.68,-0.6129156351089478,6.0597243309021,7.6566572189331055
30.7,-0.5099649429321289,5.863399982452393,7.85537576675415
30.72,-0.5363011956214905,5.894524574279785,7.838616371154785
30.74,-0.4979939460754394,5.949591159820557,7.706935405731201
30.76,-0.5626373887062073,6.107608318328857,7.750030994415283
30.78,-0.5339069962501526,6.196194171905518,7.675810813903809
30.8,-0.5554547905921936,6.124367713928223,7.489062786102295
30.82,-0.5003881454467773,5.978321552276611,7.692570209503174
30.84,-0.5027823448181152,6.054935932159424,7.850587368011475
30.86,-0.4932055473327636,6.069301128387451,7.750030994415283
30.88,-0.5147533416748047,6.016628742218018,7.795520782470703
30.9,-0.5363011956214905,6.066906929016113,7.661445617675781
30.92,-0.4525041282176971,6.019022941589356,7.668628215789795
30.94,-0.4309563040733337,5.987898349761963,7.82185697555542
30.96,-0.4357447028160095,5.916072368621826,7.826645374298096
30.98,-0.5339069962501526,5.959167957305908,7.884106159210205
31.0,-0.4477157294750213,5.995080947875977,7.728483200073242
31.02,-0.5913678407669067,5.942408561706543,7.795520782470703
31.04,-0.6631938815116882,5.935225963592529,8.226476669311523
31.06,-0.4501099288463592,5.7987565994262695,7.807491779327393
31.08,-0.1651999205350875,6.0621185302734375,7.714118003845215
31.1,-0.4070142805576324,5.987898349761963,8.398859977722168
31.12,-0.0047884033992886,6.026205539703369,7.917624950408935
31.14,-0.1268926858901977,6.026205539703369,7.666234016418457
31.16,0.059855043888092,6.40927791595459,7.752425193786621
31.18,0.2561795711517334,6.509834289550781,7.601590633392334
31.2,0.1101332753896713,7.491456985473633,7.127538681030273
31.22,0.0933738648891449,7.304709434509277,6.715735912322998
31.24,-0.1915361285209655,5.966350555419922,6.955155849456787
31.26,-0.0502782352268695,5.6455278396606445,6.742072105407715
31.28,0.1915361285209655,6.004657745361328,7.046135425567627
31.3,0.8786720037460327,6.445190906524658,7.520187377929687
31.32,1.3263877630233765,8.755595207214355,7.642292022705078
31.34,1.9704279899597168,5.336675643920898,6.7708024978637695
31.36,1.213860273361206,5.758055210113525,7.194576263427734
31.38,0.2825157940387726,6.2201361656188965,7.82185697555542
31.4,-0.6751648783683777,6.440402507781982,9.215282440185549
31.42,-0.9864110946655272,5.001487255096436,8.176198959350586
31.44,-1.3551181554794312,6.133944988250732,9.24640655517578
31.46,-1.723825216293335,7.91283655166626,8.087613105773926
31.48,-2.2433669567108154,7.7213006019592285,7.47230339050293
31.5,-2.231395959854126,7.718906402587891,6.919242858886719
31.52,-2.0614075660705566,7.043741226196289,6.165069580078125
31.54,-1.4676456451416016,6.260837554931641,5.846640586853027
31.56,-0.8954314589500427,5.149928092956543,5.932831764221191
31.58,-0.5267243981361389,4.800374507904053,6.339846134185791
31.6,-1.015141487121582,4.8722004890441895,6.809109687805176
31.62,-0.8331822156906128,5.566518783569336,6.299144744873047
31.64,-0.5434837937355042,5.2049946784973145,5.3797712326049805
31.66,-0.5841852426528931,5.406107425689697,5.549759387969971
31.68,-0.3064578175544739,4.5154643058776855,6.40927791595459
31.7,0.0143652101978659,2.978386878967285,8.35336971282959
31.72,0.5841852426528931,2.353500366210937,9.586383819580078
31.74,0.6129156351089478,2.3295583724975586,10.204087257385254
31.76,0.5770025849342346,2.7940332889556885,10.560823440551758
31.78,0.3471592366695404,2.959233283996582,10.062829971313477
31.8,-0.1077390760183334,3.1052796840667725,9.854534149169922
31.82,-0.9265560507774352,2.403778553009033,9.552865028381348
31.84,-1.213860273361206,1.886630892753601,9.919178009033203
31.86,-1.4053963422775269,1.8100165128707888,10.216058731079102
31.88,-0.5171475410461426,0.629675030708313,9.911994934082031
31.9,-0.0119710080325603,0.2609679996967315,10.072406768798828
31.92,0.3830722570419311,1.0271124839782717,14.211980819702148
31.94,-0.6440402865409851,1.5466543436050415,10.723628997802734
31.96,-0.8738836050033569,0.3160346150398254,12.502521514892578
31.98,-1.3958195447921753,0.2753331959247589,11.30302619934082
32.0,-0.6320692300796509,0.2657563984394073,9.976638793945312
32.02,0.1771709322929382,-0.1316810995340347,8.125920295715332
32.04,0.1005564704537391,0.0311246216297149,7.623138427734375
32.06,-0.8667010068893433,0.828393816947937,8.753201484680176
32.08,-1.9967641830444336,1.316810965538025,9.215282440185549
32.1,-4.266467571258545,0.569819986820221,9.84256362915039
32.12,-3.1962592601776123,-0.5291185975074768,9.23443603515625
32.14,-2.930502891540528,-0.545877993106842,9.284713745117188
32.16,-3.924096584320069,-0.5506663918495178,8.439560890197754
32.18,-3.162740468978882,-2.23857855796814,12.641385078430176
32.2,-2.449268341064453,-2.470816135406494,9.320627212524414
32.22,-8.633491516113281,-4.503493309020996,10.400412559509276
32.24,-5.932831764221191,-2.10210919380188,10.33098030090332
32.26,-5.080495834350586,-2.142810583114624,8.176198959350586
32.28,-3.2776620388031006,-1.6711528301239014,7.261613845825195
32.3,-2.698265314102173,-0.3447650372982025,6.358999729156494
32.32,-2.4133553504943848,0.4620809257030487,6.9240312576293945
32.34,-3.6966474056243896,-2.892195701599121,5.9088897705078125
32.36,-5.578489780426025,-0.3088520169258117,4.72376012802124
32.38,-6.354211330413818,-0.1651999205350875,1.946485996246338
32.4,-8.9064302444458,6.069301128387451,-6.864176273345947
32.42,-3.093308687210083,-2.978386878967285,-0.8643068075180054
32.44,6.888118267059326,-1.3455413579940796,-11.338939666748049
32.46,-6.871358871459961,1.0438719987869265,-3.3470940589904785
32.48,-7.769184589385986,1.7381904125213623,-3.83072280883789
32.5,-7.319074630737305,-0.8786720037460327,-2.48757553100586
32.52,-8.238448143005371,0.237025961279869,8.71728801727295
32.54,-8.051700592041016,0.0502782352268695,3.706224203109741
32.56,-8.468291282653809,-0.0766144543886184,4.180276393890381
32.58,-8.528146743774414,0.3136404156684875,4.199429988861084
32.6,-8.738836288452148,0.6584054827690125,3.9624037742614746
32.62,-9.263166427612305,1.194706678390503,1.436521053314209
32.64,-7.948749542236328,0.2489969730377197,4.616020679473877
32.66,-8.02536392211914,0.8690952062606812,1.7549498081207275
32.68,-7.402871608734131,0.2202665507793426,-2.9759926795959477
32.7,-6.854599475860596,0.1460463106632232,-4.3622355461120605
32.72,-9.332598686218262,-0.7110779285430908,11.851298332214355
32.74,-8.975862503051758,-0.7158663272857666,12.382811546325684
32.76,-9.014169692993164,-0.5841852426528931,6.414066314697266
32.78,-6.071695327758789,-0.4668693244457245,9.519346237182615
32.8,-7.350199222564697,-0.8259995579719543,6.378153324127197
32.82,-7.003039836883545,0.3064578175544739,5.410895824432373
32.84,-7.587224960327148,-0.7493851184844971,5.70777702331543
32.86,-4.991910457611084,-0.1460463106632232,7.637503623962402
32.88,-6.962338447570801,-1.455674648284912,6.536170482635498
32.9,-6.2201361656188965,-1.1252747774124146,7.240066051483154
32.92,-5.928043365478516,-0.8164227604866028,7.515398979187012
32.94,-6.184223175048828,-0.5937620401382446,7.113173484802246
32.96,-5.738901615142822,-1.2090718746185305,7.273584842681885
32.98,-4.948814868927002,-1.115697979927063,7.163451671600342
33.0,-4.072536945343018,-1.3072341680526731,8.245630264282227
33.02,-3.928884983062744,-0.8403648138046265,8.889671325683594
33.04,-2.5306711196899414,-0.7829039692878723,9.44991397857666
33.06,-2.6862943172454834,-0.7110779285430908,9.715670585632324
33.08,-1.292868971824646,-1.1204863786697388,9.732429504394531
33.1,-0.395043283700943,-1.2473790645599363,9.078812599182127
33.12,-1.915361404418945,-1.3886369466781616,8.255207061767578
33.14,-1.6615760326385498,-0.6751648783683777,10.644620895385742
33.16,-1.1444283723831177,-0.5889736413955688,9.069235801696776
33.18,0.1532289087772369,-0.6368576288223267,10.14902114868164
33.2,1.1779472827911377,-0.5027823448181152,10.405200958251951
33.22,1.2306196689605713,-0.608127236366272,9.720458984375
33.24,0.1915361285209655,-1.0821791887283323,9.57441234588623
33.26,-0.6751648783683777,-0.6272808313369751,10.079588890075684
33.28,-0.6224924325942993,-0.5099649429321289,9.485827445983888
33.3,-0.6799532771110535,-0.3375824391841888,9.75637149810791
33.32,-0.1053448766469955,-0.4453215301036834,10.007762908935549
33.34,0.3830722570419311,-0.4165911078453064,9.92636013031006
33.36,0.1460463106632232,-0.7661445140838623,9.081207275390623
33.38,-0.0933738648891449,-0.3423708379268646,10.108319282531738
33.4,0.9241618514060974,-0.5913678407669067,10.139444351196287
33.42,-0.9648633003234864,-0.4118026793003082,9.93354320526123
33.44,-0.871489405632019,-0.1173158809542656,9.220070838928224
33.46,-0.5315127968788147,-0.7781155705451965,9.658209800720217
33.48,-0.0766144543886184,-2.1475989818573,9.48343276977539
33.5,0.3423708379268646,0.0383072271943092,9.911994934082031
33.52,-0.6105214357376099,-0.4118026793003082,9.852140426635742
33.54,-0.7158663272857666,-0.9648633003234864,9.952696800231934
33.56,-0.363918662071228,-1.1635819673538208,10.007762908935549
33.58,-1.6735470294952393,-0.5554547905921936,11.12346076965332
33.6,-0.3184288144111633,0.2466027736663818,11.046846389770508
33.62,-1.6639702320098877,-2.212242364883423,10.781089782714844
33.64,-0.3351882398128509,-0.5841852426528931,11.355698585510254
33.66,2.38462495803833,0.6727706789970398,8.161833763122559
33.68,2.097320795059204,-0.4692635238170624,7.742848396301269
33.7,0.2035071402788162,-0.2705447971820831,10.235212326049805
33.72,1.7166426181793213,-1.7884687185287476,10.369287490844728
33.74,1.9991583824157717,-0.0239420160651206,9.0859956741333
33.76,1.53707754611969,-0.102950669825077,11.013327598571776
33.78,1.984793186187744,-0.2154781520366668,10.948684692382812
33.8,1.9369091987609863,-0.5339069962501526,9.157821655273438
33.82,1.9297266006469729,0.3495534360408783,7.529764175415039
33.84,2.19308876991272,0.2394201755523681,8.62630844116211
33.86,3.687070608139038,0.1532289087772369,8.597578048706055
33.88,3.1004912853240967,-1.1851298809051514,9.157821655273438
33.9,1.7046716213226318,-1.0031704902648926,10.036493301391602
33.92,-0.0071826050989329,-1.0414776802062988,12.097901344299316
33.94,0.3687070608139038,-0.7110779285430908,10.005369186401367
33.96,0.3303998410701751,-0.5602431893348694,9.057265281677246
33.98,0.2106897532939911,-0.6105214357376099,10.438719749450684
34.0,0.2130839526653289,-0.5770025849342346,9.81143856048584
34.02,0.2657563984394073,-0.6177040338516235,9.888052940368652
34.04,0.1580173075199127,-0.6248866319656372,10.18493366241455
34.06,0.1412578970193863,-0.5674257874488831,9.72285270690918
34.08,-0.4094084799289703,-0.5602431893348694,10.975020408630373
34.1,0.2106897532939911,-0.706289529800415,9.648633003234863
34.12,0.1340752989053726,-0.9552865028381348,10.278307914733888
34.14,0.2968810200691223,-1.429338455200195,9.440337181091309
34.16,0.0814028605818748,-0.0311246216297149,10.338163375854492
34.18,-0.3184288144111633,-0.1412578970193863,10.017339706420898
34.2,-0.3160346150398254,-0.5578489899635315,10.170568466186523
34.22,-0.5578489899635315,-1.5203180313110352,10.230423927307127
34.24,-0.6009446382522583,-0.7733271718025208,11.405977249145508
34.26,-0.9720458984375,-0.9648633003234864,10.589553833007812
34.28,0.4429273009300232,-0.237025961279869,10.247182846069336
34.3,0.6392518281936646,-0.5123591423034668,10.57040023803711
34.32,0.5051765441894531,-0.8978256583213806,10.074800491333008
34.34,2.217030763626098,-0.2130839526653289,10.6709566116333
34.36,1.4915876388549805,-0.5554547905921936,11.367670059204102
34.38,0.667982280254364,-1.1276689767837524,9.57201862335205
34.4,1.3239935636520386,-0.1675941199064254,8.765172004699707
34.42,2.999934673309326,-0.9528923034667968,10.773907661437988
34.44,2.0231003761291504,-0.2585737705230713,11.595118522644045
34.46,1.3910311460494995,0.3519476354122162,10.160991668701172
34.48,2.152387380599976,-0.1077390760183334,9.373299598693848
34.5,2.834734916687012,0.4644751250743866,8.520963668823242
34.52,2.142810583114624,1.1204863786697388,7.625532627105713
34.54,1.094150185585022,-0.272938996553421,6.789956092834473
34.56,0.119710087776184,-0.1460463106632232,9.964667320251465
34.58,-1.33357036113739,1.6879122257232666,10.584765434265137
34.6,-0.2968810200691223,0.3208230137825012,9.100360870361328
34.62,-0.3088520169258117,0.9672574996948242,7.496245384216309
34.64,-0.2896983921527862,0.0957680642604827,7.125144481658936
34.66,-1.5682021379470823,-0.2609679996967315,9.184157371520996
34.68,-0.119710087776184,0.1316810995340347,10.737994194030762
34.7,-0.8619126081466675,0.0167594123631715,10.062829971313477
34.72,-1.3742717504501345,0.3519476354122162,8.93037223815918
34.74,-0.6129156351089478,-0.3232172429561615,10.48899745941162
34.76,-0.4908113479614258,-0.4716577231884002,12.157755851745604
34.78,-0.1532289087772369,-0.1077390760183334,11.927912712097168
34.8,-1.0678139925003052,-0.2968810200691223,10.350133895874023
34.82,0.1388636976480484,-0.4453215301036834,10.319009780883787
34.84,1.3958195447921753,-0.1412578970193863,10.158597946166992
34.86,0.2082955539226532,0.4477157294750213,8.604761123657227
34.88,-0.3663128614425659,0.1604115068912506,7.797914981842041
34.9,1.4963760375976562,-1.6424223184585571,9.600749015808104
34.92,0.6440402865409851,-1.4532804489135742,11.0300874710083
34.94,0.1651999205350875,-0.150834709405899,12.411541938781738
34.96,0.0383072271943092,-0.42377370595932,11.662156105041504
34.98,-0.2585737705230713,0.1939303427934646,9.859322547912598
35.0,-0.4764461517333984,-0.4572925269603729,9.248801231384276
35.02,-0.1795651316642761,-0.7158663272857666,9.296685218811035
35.04,-0.2705447971820831,-0.9720458984375,10.055646896362305
35.06,0.2202665507793426,-0.6967126727104187,10.472238540649414
35.08,0.0119710080325603,-0.8140285611152649,10.651803016662598
35.1,-0.2849099934101105,-1.0534487962722778,9.986215591430664
35.12,-0.2825157940387726,-0.6919242739677429,9.773131370544434
35.14,0.2944868206977844,-0.6727706789970398,8.525752067565918
35.16,-0.0335188247263431,-0.3663128614425659,8.803479194641113
35.18,-0.6631938815116882,-0.1891419291496276,12.461819648742676
35.2,-0.3064578175544739,-0.6009446382522583,9.703699111938477
35.22,-0.6248866319656372,-0.7038952708244324,9.909601211547852
35.24,-0.5099649429321289,-0.4357447028160095,10.216058731079102
35.26,-0.2633621990680694,-0.3303998410701751,9.818621635437012
35.28,0.3495534360408783,-0.7924807667732239,10.005369186401367
35.3,0.1675941199064254,-0.629675030708313,10.141838073730469
35.32,0.1005564704537391,-0.395043283700943,10.000580787658691
35.34,-0.181959331035614,-0.727837324142456,9.682151794433594
35.36,-0.4668693244457245,-0.6440402865409851,10.216058731079102
35.38,0.0790086537599563,-0.4525041282176971,9.96706199645996
35.4,0.4501099288463592,-0.828393816947937,10.11789608001709
35.42,0.1388636976480484,-0.7637503147125244,10.038887977600098
35.44,-0.2537853717803955,-0.706289529800415,9.763554573059082
35.46,-0.0167594123631715,-0.6919242739677429,10.002974510192873
35.48,0.1125274822115898,-0.4261679053306579,10.050858497619627
35.5,0.0502782352268695,-0.5506663918495178,10.022128105163574
35.52,0.1723825186491012,-0.1340752989053726,9.943120002746582
35.54,-0.3782838582992553,-1.874659895896912,9.962273597717283
35.56,0.0047884033992886,-0.5626373887062073,9.983820915222168
35.58,0.0478840321302413,-0.6009446382522583,10.034099578857422
35.6,-0.4094084799289703,-0.3974374830722809,9.485827445983888
35.62,0.0670376494526863,-0.569819986820221,10.012551307678224
35.64,0.0646434426307678,-0.5506663918495178,9.916783332824709
35.66,-0.0454898327589035,-0.5985504388809204,9.909601211547852
35.68,-0.035913024097681,-0.5770025849342346,9.962273597717283
35.7,-0.0478840321302413,-0.646434485912323,10.010157585144045
35.72,0.1580173075199127,-0.4668693244457245,9.847352027893066
35.74,0.3016694188117981,-0.524330198764801,9.83538055419922
35.76,0.1268926858901977,-0.5339069962501526,9.9000244140625
35.78,0.1651999205350875,-0.5961562395095825,9.883264541625977
35.8,0.1053448766469955,-0.5985504388809204,9.96706199645996
35.82,0.1891419291496276,-0.5339069962501526,9.931148529052734
35.84,0.1843535304069519,-0.5674257874488831,9.947908401489258
35.86,0.1077390760183334,-0.5171475410461426,9.943120002746582
35.88,0.090979665517807,-0.6344634294509888,9.914389610290527
35.9,0.0814028605818748,-0.5937620401382446,9.964667320251465
35.92,0.1795651316642761,-0.4955997467041015,9.96945571899414
35.94,0.1604115068912506,-0.5674257874488831,9.907206535339355
35.96,0.1771709322929382,-0.6129156351089478,9.904812812805176
35.98,0.119710087776184,-0.5602431893348694,9.880870819091797
36.0,0.1604115068912506,-0.5650315880775452,9.909601211547852
36.02,0.1915361285209655,-0.5482721924781799,10.022128105163574
36.04,0.1675941199064254,-0.6105214357376099,9.943120002746582
36.06,0.1077390760183334,-0.5961562395095825,9.847352027893066
36.08,0.0933738648891449,-0.5291185975074768,9.871294021606444
36.1,0.1939303427934646,-0.5770025849342346,9.931148529052734
36.12,0.1604115068912506,-0.5578489899635315,9.940725326538086
36.14,0.0957680642604827,-0.5817909836769104,9.911994934082031
36.16,0.090979665517807,-0.5219359993934631,9.909601211547852
36.18,0.1723825186491012,-0.569819986820221,9.856928825378418
36.2,0.1556231081485748,-0.5363011956214905,9.92396640777588
36.22,0.1795651316642761,-0.667982280254364,9.940725326538086
36.24,0.1532289087772369,-0.5746083855628967,9.940725326538086
36.26,0.1723825186491012,-0.5817909836769104,9.86650562286377
36.28,0.1891419291496276,-0.4955997467041015,9.873687744140623
36.3,0.1699883192777633,-0.5626373887062073,9.914389610290527
36.32,0.1005564704537391,-0.5554547905921936,9.890447616577148
36.34,0.181959331035614,-0.5363011956214905,9.849745750427246
36.36,0.2154781520366668,-0.5626373887062073,9.916783332824709
36.38,0.2513911724090576,-0.5267243981361389,9.909601211547852
36.4,0.1771709322929382,-0.5530605912208557,9.871294021606444
36.42,0.1747767180204391,-0.6416460275650024,9.854534149169922
36.44,0.1915361285209655,-0.6560112833976746,9.840168952941896
36.46,0.1412578970193863,-0.6200982332229614,9.93593692779541
36.48,0.1771709322929382,-0.48602294921875,9.895236015319824
36.5,0.1963245421648025,-0.507570743560791,9.914389610290527
36.52,0.1580173075199127,-0.6153098344802856,9.90241813659668
36.54,0.1101332753896713,-0.768538773059845,9.83298683166504
36.56,0.1316810995340347,-0.6129156351089478,9.87608242034912
36.58,0.1221042871475219,-0.5937620401382446,9.87608242034912
36.6,0.2011129409074783,-0.4668693244457245,9.945513725280762
36.62,0.1987187415361404,-0.5602431893348694,9.940725326538086
36.64,0.1675941199064254,-0.7350199222564697,9.751583099365234
36.66,0.1580173075199127,-0.6224924325942993,9.84495735168457
36.68,0.1963245421648025,-0.4477157294750213,9.95748519897461
36.7,0.150834709405899,-0.5051765441894531,9.914389610290527
36.72,0.2274491637945175,-0.6440402865409851,9.892841339111328
36.74,0.102950669825077,-0.6847416758537292,9.883264541625977
36.76,0.1484405100345611,-0.629675030708313,9.792284965515137
36.78,0.2250549644231796,-0.4357447028160095,9.93354320526123
36.8,0.1915361285209655,-0.5123591423034668,9.955090522766112
36.82,0.1604115068912506,-0.6919242739677429,9.87608242034912
36.84,0.1747767180204391,-0.5961562395095825,9.84495735168457
36.86,0.1891419291496276,-0.5722141861915588,9.84256362915039
36.88,0.1675941199064254,-0.6416460275650024,9.92636013031006
36.9,0.1867477297782898,-0.5315127968788147,9.856928825378418
36.92,0.2346317619085312,-0.5770025849342346,9.859322547912598
36.94,0.1340752989053726,-0.6177040338516235,9.909601211547852
36.96,0.1292868852615356,-0.4979939460754394,9.962273597717283
36.98,0.2298433631658554,-0.5913678407669067,9.880870819091797
37.0,0.1987187415361404,-0.5722141861915588,9.943120002746582
37.02,0.2035071402788162,-0.608127236366272,9.962273597717283
37.04,0.1867477297782898,-0.646434485912323,9.83538055419922
37.06,0.1604115068912506,-0.48602294921875,9.911994934082031
37.08,0.2106897532939911,-0.6224924325942993,9.830592155456545
37.1,0.1173158809542656,-0.7326257228851318,9.569623947143556
37.12,0.3184288144111633,-0.5554547905921936,10.53688144683838
37.14,0.2466027736663818,-0.5123591423034668,9.406818389892578
37.16,0.1556231081485748,-0.6368576288223267,10.005369186401367
37.18,0.0790086537599563,-0.6153098344802856,9.734824180603027
37.2,0.1939303427934646,-0.7086837291717529,9.77791976928711
37.22,0.2968810200691223,-0.5410895943641663,9.96706199645996
37.24,0.2130839526653289,-0.42377370595932,10.062829971313477
37.26,0.1675941199064254,-0.608127236366272,9.794678688049316
37.28,0.2250549644231796,-0.5841852426528931,9.856928825378418
37.3,0.1867477297782898,-0.586579442024231,9.914389610290527
37.32,0.1795651316642761,-0.6105214357376099,9.888052940368652
37.34,0.2178723514080047,-0.4692635238170624,9.859322547912598
37.36,0.237025961279869,-0.5195417404174805,9.883264541625977
37.38,0.2035071402788162,-0.6871358752250671,9.830592155456545
37.4,0.1939303427934646,-0.5937620401382446,9.928754806518556
37.42,0.2178723514080047,-0.4764461517333984,9.847352027893066
37.44,0.1340752989053726,-0.5937620401382446,9.837775230407717
37.46,0.2130839526653289,-0.4740519225597381,9.84256362915039
37.48,0.2250549644231796,-0.5746083855628967,9.885659217834473
37.5,0.1723825186491012,-0.608127236366272,9.823410034179688
37.52,0.1628057211637497,-0.5674257874488831,9.9000244140625
37.54,0.2202665507793426,-0.6703764796257019,9.897629737854004
37.56,0.2274491637945175,-0.5889736413955688,9.821015357971191
37.58,0.2035071402788162,-0.5291185975074768,9.883264541625977
37.6,0.2035071402788162,-0.586579442024231,9.816226959228516
37.62,0.1699883192777633,-0.5578489899635315,9.864110946655272
37.64,0.1939303427934646,-0.5051765441894531,9.914389610290527
37.66,0.1675941199064254,-0.608127236366272,9.892841339111328
37.68,0.2298433631658554,-0.5746083855628967,9.849745750427246
37.7,0.1604115068912506,-0.5147533416748047,9.895236015319824
37.72,0.2178723514080047,-0.5817909836769104,9.840168952941896
37.74,0.1891419291496276,-0.6344634294509888,9.854534149169922
37.76,0.272938996553421,-0.5602431893348694,9.916783332824709
37.78,0.2202665507793426,-0.5578489899635315,9.804255485534668
37.8,0.1915361285209655,-0.5267243981361389,9.859322547912598
37.82,0.2178723514080047,-0.6129156351089478,9.892841339111328
37.84,0.2178723514080047,-0.6631938815116882,9.84256362915039
37.86,0.2106897532939911,-0.5363011956214905,9.919178009033203
37.88,0.1651999205350875,-0.5506663918495178,9.888052940368652
37.9,0.1891419291496276,-0.6129156351089478,9.92636013031006
37.92,0.2561795711517334,-0.5363011956214905,9.861717224121094
37.94,0.2322375625371933,-0.5554547905921936,9.871294021606444
37.96,0.2035071402788162,-0.5602431893348694,9.84256362915039
37.98,0.1771709322929382,-0.5722141861915588,9.859322547912598
38.0,0.1364694982767105,-0.6248866319656372,9.854534149169922
38.02,0.1484405100345611,-0.5554547905921936,9.861717224121094
38.04,0.1675941199064254,-0.5386953949928284,9.86650562286377
38.06,0.2202665507793426,-0.5482721924781799,9.81143856048584
38.08,0.2442085742950439,-0.5482721924781799,9.888052940368652
38.1,0.2466027736663818,-0.5410895943641663,9.859322547912598
38.12,0.2681505978107452,-0.5961562395095825,9.818621635437012
38.14,0.1891419291496276,-0.5051765441894531,9.780313491821287
38.16,0.181959331035614,-0.5722141861915588,9.847352027893066
38.18,0.1723825186491012,-0.586579442024231,9.8784761428833
38.2,0.1675941199064254,-0.5482721924781799,9.892841339111328
38.22,0.2154781520366668,-0.5722141861915588,9.854534149169922
38.24,0.1795651316642761,-0.5386953949928284,9.840168952941896
38.26,0.1963245421648025,-0.5817909836769104,9.90241813659668
38.28,0.1939303427934646,-0.5817909836769104,9.892841339111328
38.3,0.2035071402788162,-0.5770025849342346,9.880870819091797
38.32,0.2896983921527862,-0.5674257874488831,9.86889934539795
38.34,0.1747767180204391,-0.5602431893348694,9.861717224121094
38.36,0.2226607650518417,-0.5722141861915588,9.86889934539795
38.38,0.241814374923706,-0.5171475410461426,9.847352027893066
38.4,0.2250549644231796,-0.6224924325942993,9.8784761428833
38.42,0.2035071402788162,-0.5674257874488831,9.892841339111328
38.44,0.1292868852615356,-0.5793967843055725,9.854534149169922
38.46,0.1628057211637497,-0.6392518281936646,9.861717224121094
38.48,0.1699883192777633,-0.5841852426528931,9.895236015319824
38.5,0.1556231081485748,-0.5506663918495178,9.84256362915039
38.52,0.1771709322929382,-0.5530605912208557,9.86650562286377
38.54,0.2346317619085312,-0.608127236366272,9.861717224121094
38.56,0.181959331035614,-0.5267243981361389,9.890447616577148
38.58,0.2178723514080047,-0.629675030708313,9.797073364257812
38.6,0.2106897532939911,-0.5937620401382446,9.83538055419922
38.62,0.2035071402788162,-0.6177040338516235,9.914389610290527
38.64,0.2059013396501541,-0.5195417404174805,9.87608242034912
38.66,0.1987187415361404,-0.6272808313369751,9.897629737854004
38.68,0.2154781520366668,-0.5817909836769104,9.825803756713867
38.7,0.1604115068912506,-0.5793967843055725,9.847352027893066
38.72,0.2274491637945175,-0.5913678407669067,9.852140426635742
38.74,0.1939303427934646,-0.5985504388809204,9.816226959228516
38.76,0.2226607650518417,-0.6560112833976746,9.80904483795166
38.78,0.2106897532939911,-0.6105214357376099,9.890447616577148
38.8,0.2346317619085312,-0.5051765441894531,9.84256362915039
38.82,0.2466027736663818,-0.6033388376235962,9.9000244140625
38.84,0.1580173075199127,-0.5530605912208557,9.885659217834473
38.86,0.2561795711517334,-0.569819986820221,9.83298683166504
38.88,0.2226607650518417,-0.5722141861915588,9.873687744140623
38.9,0.2202665507793426,-0.5793967843055725,9.823410034179688
38.92,0.2059013396501541,-0.5746083855628967,9.885659217834473
38.94,0.1651999205350875,-0.6153098344802856,9.804255485534668
38.96,0.2250549644231796,-0.5985504388809204,9.895236015319824
38.98,0.237025961279869,-0.5985504388809204,9.840168952941896
39.0,0.2346317619085312,-0.6009446382522583,9.907206535339355
39.02,0.2298433631658554,-0.5578489899635315,9.883264541625977
39.04,0.2274491637945175,-0.5602431893348694,9.914389610290527
39.06,0.2154781520366668,-0.6057330369949341,9.86650562286377
39.08,0.2059013396501541,-0.5722141861915588,9.864110946655272
39.1,0.1939303427934646,-0.6009446382522583,9.87608242034912
39.12,0.2585737705230713,-0.507570743560791,9.84256362915039
39.14,0.1795651316642761,-0.6057330369949341,9.823410034179688
39.16,0.1891419291496276,-0.6129156351089478,9.849745750427246
39.18,0.2059013396501541,-0.5889736413955688,9.888052940368652
39.2,0.2035071402788162,-0.6440402865409851,9.909601211547852
39.22,0.237025961279869,-0.5626373887062073,9.873687744140623
39.24,0.1915361285209655,-0.5961562395095825,9.8784761428833
39.26,0.2106897532939911,-0.6440402865409851,9.83298683166504
39.28,0.1867477297782898,-0.545877993106842,9.816226959228516
39.3,0.2442085742950439,-0.6200982332229614,9.888052940368652
39.32,0.1675941199064254,-0.5770025849342346,9.837775230407717
39.34,0.2226607650518417,-0.5985504388809204,9.890447616577148
39.36,0.2202665507793426,-0.5817909836769104,9.84495735168457
39.38,0.2035071402788162,-0.6607996821403503,9.852140426635742
39.4,0.2178723514080047,-0.5817909836769104,9.92396640777588
39.42,0.2633621990680694,-0.5554547905921936,9.87608242034912
39.44,0.2178723514080047,-0.5722141861915588,9.871294021606444
39.46,0.2753331959247589,-0.5961562395095825,9.83298683166504
39.48,0.2106897532939911,-0.5626373887062073,9.883264541625977
39.5,0.1556231081485748,-0.5961562395095825,9.83298683166504
39.52,0.2801215946674347,-0.5889736413955688,9.890447616577148
39.54,0.2035071402788162,-0.5626373887062073,9.871294021606444
39.56,0.2226607650518417,-0.5051765441894531,9.90241813659668
39.58,0.237025961279869,-0.5746083855628967,9.883264541625977
39.6,0.181959331035614,-0.5626373887062073,9.816226959228516
39.62,0.2442085742950439,-0.5985504388809204,9.828198432922363
39.64,0.2202665507793426,-0.6009446382522583,9.837775230407717
39.66,0.1963245421648025,-0.5913678407669067,9.897629737854004
39.68,0.2106897532939911,-0.5626373887062073,9.86889934539795
39.7,0.2178723514080047,-0.5650315880775452,9.861717224121094
39.72,0.2657563984394073,-0.5219359993934631,9.856928825378418
39.74,0.241814374923706,-0.5913678407669067,9.854534149169922
39.76,0.2130839526653289,-0.586579442024231,9.888052940368652
39.78,0.2896983921527862,-0.545877993106842,9.916783332824709
39.8,0.2226607650518417,-0.6248866319656372,9.864110946655272
39.82,0.1891419291496276,-0.5793967843055725,9.8784761428833
39.84,0.181959331035614,-0.6033388376235962,9.916783332824709
39.86,0.2274491637945175,-0.6009446382522583,9.818621635437012
39.88,0.1723825186491012,-0.5650315880775452,9.847352027893066
39.9,0.2681505978107452,-0.5434837937355042,9.856928825378418
39.92,0.1915361285209655,-0.5674257874488831,9.86650562286377
39.94,0.2154781520366668,-0.5889736413955688,9.871294021606444
39.96,0.2250549644231796,-0.507570743560791,9.84495735168457
39.98,0.2801215946674347,-0.5722141861915588,9.861717224121094
40.0,0.2154781520366668,-0.5650315880775452,9.849745750427246
40.02,0.2513911724090576,-0.545877993106842,9.856928825378418
40.04,0.2633621990680694,-0.6344634294509888,9.828198432922363
40.06,0.237025961279869,-0.6153098344802856,9.864110946655272
40.08,0.2130839526653289,-0.5434837937355042,9.861717224121094
40.1,0.2705447971820831,-0.6057330369949341,9.856928825378418
40.12,0.2968810200691223,-0.5410895943641663,9.885659217834473
40.14,0.272938996553421,-0.6320692300796509,9.871294021606444
40.16,0.3016694188117981,-0.5913678407669067,9.837775230407717
40.18,0.1747767180204391,-0.524330198764801,9.897629737854004
40.2,0.2298433631658554,-0.586579442024231,9.80904483795166
40.22,0.2226607650518417,-0.5817909836769104,9.84495735168457
40.24,0.1316810995340347,-0.6392518281936646,9.840168952941896
40.26,0.2657563984394073,-0.5530605912208557,9.86889934539795
40.28,0.1891419291496276,-0.5482721924781799,9.847352027893066
40.3,0.241814374923706,-0.5434837937355042,9.816226959228516
40.32,0.2442085742950439,-0.5626373887062073,9.86650562286377
40.34,0.1580173075199127,-0.5482721924781799,9.840168952941896
40.36,0.2968810200691223,-0.5219359993934631,9.856928825378418
40.38,0.2513911724090576,-0.5841852426528931,9.919178009033203
40.4,0.1987187415361404,-0.5889736413955688,9.904812812805176
40.42,0.2609679996967315,-0.5937620401382446,9.873687744140623
40.44,0.2442085742950439,-0.6224924325942993,9.854534149169922
40.46,0.2394201755523681,-0.5650315880775452,9.830592155456545
40.48,0.2346317619085312,-0.6033388376235962,9.830592155456545
40.5,0.2130839526653289,-0.6536170840263367,9.86650562286377
40.52,0.1795651316642761,-0.5386953949928284,9.897629737854004
40.54,0.2585737705230713,-0.6129156351089478,9.873687744140623
40.56,0.2298433631658554,-0.608127236366272,9.852140426635742
40.58,0.1771709322929382,-0.6224924325942993,9.84495735168457
40.6,0.2322375625371933,-0.5434837937355042,9.8784761428833
40.62,0.2106897532939911,-0.5937620401382446,9.847352027893066
40.64,0.2537853717803955,-0.5841852426528931,9.849745750427246
40.66,0.2130839526653289,-0.6512228846549988,9.83298683166504
40.68,0.272938996553421,-0.6248866319656372,9.885659217834473
40.7,0.1963245421648025,-0.5961562395095825,9.840168952941896
40.72,0.2896983921527862,-0.4979939460754394,9.861717224121094
40.74,0.2346317619085312,-0.5889736413955688,9.823410034179688
40.76,0.2777273952960968,-0.586579442024231,9.880870819091797
40.78,0.2896983921527862,-0.5841852426528931,9.864110946655272
40.8,0.2466027736663818,-0.5147533416748047,9.828198432922363
40.82,0.2825157940387726,-0.4955997467041015,9.892841339111328
40.84,0.2657563984394073,-0.6416460275650024,9.861717224121094
40.86,0.2489969730377197,-0.5985504388809204,9.830592155456545
40.88,0.181959331035614,-0.5817909836769104,9.871294021606444
40.9,0.3016694188117981,-0.5674257874488831,9.801861763000488
40.92,0.1580173075199127,-0.5482721924781799,9.799467086791992
40.94,0.2466027736663818,-0.5482721924781799,9.86650562286377
40.96,0.2178723514080047,-0.5602431893348694,9.86889934539795
40.98,0.2849099934101105,-0.4979939460754394,9.871294021606444
41.0,0.1747767180204391,-0.5554547905921936,9.794678688049316
41.02,0.2154781520366668,-0.5171475410461426,9.799467086791992
41.04,0.2059013396501541,-0.646434485912323,9.86650562286377
41.06,0.1963245421648025,-0.5410895943641663,9.83538055419922
41.08,0.1771709322929382,-0.5746083855628967,9.87608242034912
41.1,0.2202665507793426,-0.5506663918495178,9.84495735168457
41.12,0.2561795711517334,-0.5817909836769104,9.84495735168457
41.14,0.2753331959247589,-0.5291185975074768,9.823410034179688
41.16,0.2873041927814483,-0.6105214357376099,9.90241813659668
41.18,0.2059013396501541,-0.6033388376235962,9.83298683166504
41.2,0.2442085742950439,-0.6033388376235962,9.859322547912598
41.22,0.237025961279869,-0.5434837937355042,9.86889934539795
41.24,0.237025961279869,-0.5793967843055725,9.828198432922363
41.26,0.1771709322929382,-0.5291185975074768,9.888052940368652
41.28,0.1987187415361404,-0.6799532771110535,9.83538055419922
41.3,0.2298433631658554,-0.5746083855628967,9.885659217834473
41.32,0.2178723514080047,-0.667982280254364,9.84256362915039
41.34,0.2298433631658554,-0.5937620401382446,9.883264541625977
41.36,0.2442085742950439,-0.6200982332229614,9.921571731567385
41.38,0.1987187415361404,-0.5722141861915588,9.873687744140623
41.4,0.1939303427934646,-0.6033388376235962,9.775525093078612
41.42,0.1867477297782898,-0.5554547905921936,9.821015357971191
41.44,0.2298433631658554,-0.6057330369949341,9.880870819091797
41.46,0.2250549644231796,-0.5554547905921936,9.892841339111328
41.48,0.2250549644231796,-0.545877993106842,9.84256362915039
41.5,0.2346317619085312,-0.6129156351089478,9.861717224121094
41.52,0.2226607650518417,-0.5386953949928284,9.86650562286377
41.54,0.1891419291496276,-0.6320692300796509,9.84495735168457
41.56,0.2777273952960968,-0.5961562395095825,9.883264541625977
41.58,0.2178723514080047,-0.6009446382522583,9.9000244140625
41.6,0.2561795711517334,-0.5147533416748047,9.92636013031006
41.62,0.2537853717803955,-0.5889736413955688,9.847352027893066
41.64,0.2489969730377197,-0.5793967843055725,9.81143856048584
41.66,0.1939303427934646,-0.6272808313369751,9.825803756713867
41.68,0.2082955539226532,-0.5674257874488831,9.837775230407717
41.7,0.2609679996967315,-0.5961562395095825,9.86650562286377
41.72,0.272938996553421,-0.608127236366272,9.864110946655272
41.74,0.2035071402788162,-0.5482721924781799,9.859322547912598
41.76,0.2513911724090576,-0.5913678407669067,9.818621635437012
41.78,0.2394201755523681,-0.6009446382522583,9.840168952941896
41.8,0.237025961279869,-0.6009446382522583,9.847352027893066
41.82,0.2106897532939911,-0.5626373887062073,9.86889934539795
41.84,0.2202665507793426,-0.5937620401382446,9.864110946655272
41.86,0.1747767180204391,-0.6033388376235962,9.83298683166504
41.88,0.2801215946674347,-0.5961562395095825,9.856928825378418
41.9,0.2657563984394073,-0.5650315880775452,9.828198432922363
41.92,0.237025961279869,-0.5817909836769104,9.852140426635742
41.94,0.1747767180204391,-0.6105214357376099,9.828198432922363
41.96,0.241814374923706,-0.5770025849342346,9.818621635437012
41.98,0.2298433631658554,-0.5937620401382446,9.840168952941896
42.0,0.2274491637945175,-0.5889736413955688,9.8784761428833
42.02,0.2106897532939911,-0.6512228846549988,9.854534149169922
42.04,0.1771709322929382,-0.608127236366272,9.823410034179688
42.06,0.2681505978107452,-0.6105214357376099,9.828198432922363
42.08,0.2513911724090576,-0.6488286852836609,9.861717224121094
42.1,0.2944868206977844,-0.608127236366272,9.861717224121094
42.12,0.237025961279869,-0.5746083855628967,9.825803756713867
42.14,0.2657563984394073,-0.6200982332229614,9.806650161743164
42.16,0.237025961279869,-0.5410895943641663,9.873687744140623
42.18,0.2561795711517334,-0.5913678407669067,9.83298683166504
42.2,0.2513911724090576,-0.4979939460754394,9.9000244140625
42.22,0.1699883192777633,-0.6272808313369751,9.84256362915039
42.24,0.2346317619085312,-0.5841852426528931,9.792284965515137
42.26,0.3016694188117981,-0.6272808313369751,9.87608242034912
42.28,0.2082955539226532,-0.5746083855628967,9.83538055419922
42.3,0.2394201755523681,-0.5530605912208557,9.856928825378418
42.32,0.2585737705230713,-0.5841852426528931,9.797073364257812
42.34,0.2059013396501541,-0.6368576288223267,9.880870819091797
42.36,0.2992752194404602,-0.5578489899635315,9.849745750427246
42.38,0.2322375625371933,-0.569819986820221,9.84495735168457
42.4,0.272938996553421,-0.6033388376235962,9.83298683166504
42.42,0.304063618183136,-0.6248866319656372,9.83538055419922
42.44,0.2442085742950439,-0.6033388376235962,9.86889934539795
42.46,0.3064578175544739,-0.6488286852836609,9.78749656677246
42.48,0.2250549644231796,-0.629675030708313,9.86650562286377
42.5,0.2801215946674347,-0.5626373887062073,9.773131370544434
42.52,0.2849099934101105,-0.6177040338516235,9.87608242034912
42.54,0.2992752194404602,-0.6344634294509888,9.847352027893066
42.56,0.2657563984394073,-0.5506663918495178,9.840168952941896
42.58,0.2082955539226532,-0.6751648783683777,9.806650161743164
42.6,0.272938996553421,-0.5267243981361389,9.864110946655272
42.62,0.2609679996967315,-0.5746083855628967,9.897629737854004
42.64,0.2537853717803955,-0.5219359993934631,9.78989028930664
42.66,0.237025961279869,-0.7086837291717529,9.854534149169922
42.68,0.2442085742950439,-0.6153098344802856,9.83298683166504
42.7,0.2035071402788162,-0.5267243981361389,9.947908401489258
42.72,0.2849099934101105,-0.5985504388809204,9.890447616577148
42.74,0.2059013396501541,-0.5386953949928284,9.895236015319824
42.76,0.2394201755523681,-0.5650315880775452,9.792284965515137
42.78,0.304063618183136,-0.5985504388809204,9.873687744140623
42.8,0.2753331959247589,-0.5913678407669067,9.8784761428833
42.82,0.2011129409074783,-0.608127236366272,9.816226959228516
42.84,0.2130839526653289,-0.6272808313369751,9.818621635437012
42.86,0.3112462162971496,-0.5961562395095825,9.84256362915039
42.88,0.2801215946674347,-0.586579442024231,9.9000244140625
42.9,0.2394201755523681,-0.6224924325942993,9.8784761428833
42.92,0.1963245421648025,-0.5889736413955688,9.87608242034912
42.94,0.2944868206977844,-0.5961562395095825,9.854534149169922
42.96,0.395043283700943,-0.5602431893348694,9.880870819091797
42.98,0.2992752194404602,-0.6488286852836609,9.828198432922363
43.0,0.181959331035614,-0.6248866319656372,9.883264541625977
43.02,0.2226607650518417,-0.5171475410461426,9.873687744140623
43.04,0.2561795711517334,-0.5578489899635315,9.9000244140625
43.06,0.2489969730377197,-0.4668693244457245,9.87608242034912
43.08,0.237025961279869,-0.6488286852836609,9.818621635437012
43.1,0.2011129409074783,-0.5746083855628967,9.801861763000488
43.12,0.2298433631658554,-0.4908113479614258,9.83538055419922
43.14,0.2920926213264465,-0.5434837937355042,9.873687744140623
43.16,0.2920926213264465,-0.6560112833976746,9.837775230407717
43.18,0.1915361285209655,-0.6033388376235962,9.823410034179688
43.2,0.2011129409074783,-0.5434837937355042,9.86889934539795
43.22,0.272938996553421,-0.586579442024231,9.804255485534668
43.24,0.2920926213264465,-0.7038952708244324,9.859322547912598
43.26,0.3064578175544739,-0.6177040338516235,9.818621635437012
43.28,0.2059013396501541,-0.5841852426528931,9.916783332824709
43.3,0.2825157940387726,-0.5267243981361389,9.84256362915039
43.32,0.2753331959247589,-0.6248866319656372,9.83538055419922
43.34,0.2609679996967315,-0.5650315880775452,9.821015357971191
43.36,0.2585737705230713,-0.5889736413955688,9.859322547912598
43.38,0.1891419291496276,-0.5554547905921936,9.84256362915039
43.4,0.2346317619085312,-0.5722141861915588,9.890447616577148
43.42,0.272938996553421,-0.5937620401382446,9.83298683166504
43.44,0.2106897532939911,-0.5746083855628967,9.8784761428833
43.46,0.2059013396501541,-0.5817909836769104,9.856928825378418
43.48,0.237025961279869,-0.5482721924781799,9.837775230407717
43.5,0.2274491637945175,-0.608127236366272,9.856928825378418
43.52,0.3136404156684875,-0.5793967843055725,9.907206535339355
43.54,0.2537853717803955,-0.5027823448181152,9.830592155456545
43.56,0.2442085742950439,-0.6129156351089478,9.911994934082031
43.58,0.3423708379268646,-0.6320692300796509,9.823410034179688
43.6,0.3471592366695404,-0.5937620401382446,9.828198432922363
43.62,0.2154781520366668,-0.6153098344802856,9.8784761428833
43.64,0.3160346150398254,-0.6440402865409851,9.892841339111328
43.66,0.3184288144111633,-0.5841852426528931,9.904812812805176
43.68,0.2992752194404602,-0.5841852426528931,9.909601211547852
43.7,0.2968810200691223,-0.5961562395095825,9.84495735168457
43.72,0.2681505978107452,-0.5913678407669067,9.895236015319824
43.74,0.2466027736663818,-0.5793967843055725,9.883264541625977
43.76,0.2657563984394073,-0.5961562395095825,9.83298683166504
43.78,0.2873041927814483,-0.5674257874488831,9.849745750427246
43.8,0.2394201755523681,-0.5315127968788147,9.847352027893066
43.82,0.2873041927814483,-0.5961562395095825,9.873687744140623
43.84,0.2705447971820831,-0.5051765441894531,9.854534149169922
43.86,0.2873041927814483,-0.5889736413955688,9.914389610290527
43.88,0.3160346150398254,-0.5889736413955688,9.849745750427246
43.9,0.2992752194404602,-0.5674257874488831,9.864110946655272
43.92,0.2513911724090576,-0.6416460275650024,9.911994934082031
43.94,0.3064578175544739,-0.5770025849342346,9.818621635437012
43.96,0.2154781520366668,-0.5027823448181152,9.823410034179688
43.98,0.1963245421648025,-0.6057330369949341,9.880870819091797
44.0,0.2609679996967315,-0.5410895943641663,9.87608242034912
44.02,0.2609679996967315,-0.5482721924781799,9.864110946655272
44.04,0.3112462162971496,-0.6033388376235962,9.806650161743164
44.06,0.2442085742950439,-0.5506663918495178,9.895236015319824
44.08,0.2322375625371933,-0.5817909836769104,9.93354320526123
44.1,0.3136404156684875,-0.524330198764801,9.80904483795166
44.12,0.2944868206977844,-0.5315127968788147,9.813833236694336
44.14,0.2705447971820831,-0.5722141861915588,9.890447616577148
44.16,0.1915361285209655,-0.6153098344802856,9.840168952941896
44.18,0.2202665507793426,-0.5746083855628967,9.77791976928711
44.2,0.2705447971820831,-0.6153098344802856,9.84495735168457
44.22,0.2968810200691223,-0.5602431893348694,9.84256362915039
44.24,0.181959331035614,-0.5889736413955688,9.830592155456545
44.26,0.2561795711517334,-0.6009446382522583,9.856928825378418
44.28,0.2394201755523681,-0.5770025849342346,9.854534149169922
44.3,0.3184288144111633,-0.5626373887062073,9.84495735168457
44.32,0.2968810200691223,-0.48602294921875,9.823410034179688
44.34,0.2489969730377197,-0.6847416758537292,9.885659217834473
44.36,0.2944868206977844,-0.6368576288223267,9.847352027893066
44.38,0.3016694188117981,-0.569819986820221,9.919178009033203
44.4,0.2513911724090576,-0.5506663918495178,9.785101890563965
44.42,0.2346317619085312,-0.5722141861915588,9.871294021606444
44.44,0.181959331035614,-0.6129156351089478,9.895236015319824
44.46,0.2896983921527862,-0.5554547905921936,9.828198432922363
44.48,0.2585737705230713,-0.5841852426528931,9.84495735168457
44.5,0.2777273952960968,-0.5267243981361389,9.828198432922363
44.52,0.2657563984394073,-0.5434837937355042,9.895236015319824
44.54,0.3303998410701751,-0.5841852426528931,9.873687744140623
44.56,0.1987187415361404,-0.6584054827690125,9.765948295593262
44.58,0.3016694188117981,-0.6105214357376099,9.825803756713867
44.6,0.3543418645858764,-0.6009446382522583,9.86650562286377
44.62,0.3303998410701751,-0.5674257874488831,9.849745750427246
44.64,0.2082955539226532,-0.6129156351089478,9.859322547912598
44.66,0.2322375625371933,-0.586579442024231,9.907206535339355
44.68,0.3112462162971496,-0.569819986820221,9.821015357971191
44.7,0.2442085742950439,-0.5530605912208557,9.849745750427246
44.72,0.3016694188117981,-0.6129156351089478,9.86650562286377
44.74,0.2896983921527862,-0.5554547905921936,9.885659217834473
44.76,0.2250549644231796,-0.6105214357376099,9.847352027893066
44.78,0.2633621990680694,-0.5099649429321289,9.861717224121094
44.8,0.2298433631658554,-0.5003881454467773,9.892841339111328
44.82,0.2609679996967315,-0.608127236366272,9.864110946655272
44.84,0.2561795711517334,-0.5793967843055725,9.84495735168457
44.86,0.2849099934101105,-0.5554547905921936,9.825803756713867
44.88,0.363918662071228,-0.569819986820221,9.873687744140623
44.9,0.2992752194404602,-0.5219359993934631,9.856928825378418
44.92,0.237025961279869,-0.629675030708313,9.83538055419922
44.94,0.2609679996967315,-0.6536170840263367,9.86650562286377
44.96,0.237025961279869,-0.5650315880775452,9.871294021606444
44.98,0.237025961279869,-0.6584054827690125,9.854534149169922
45.0,0.3232172429561615,-0.5291185975074768,9.914389610290527
45.02,0.2753331959247589,-0.5530605912208557,9.895236015319824
45.04,0.2226607650518417,-0.5817909836769104,9.883264541625977
45.06,0.2346317619085312,-0.6177040338516235,9.871294021606444
45.08,0.3734954595565796,-0.5339069962501526,9.80904483795166
45.1,0.3136404156684875,-0.5434837937355042,9.888052940368652
45.12,0.2777273952960968,-0.5722141861915588,9.852140426635742
45.14,0.2609679996967315,-0.5985504388809204,9.78989028930664
45.16,0.2873041927814483,-0.5482721924781799,9.914389610290527
45.18,0.3543418645858764,-0.5746083855628967,9.823410034179688
45.2,0.3064578175544739,-0.6248866319656372,9.919178009033203
45.22,0.3256114423274994,-0.5626373887062073,9.859322547912598
45.24,0.272938996553421,-0.6416460275650024,9.825803756713867
45.26,0.2585737705230713,-0.6703764796257019,9.854534149169922
45.28,0.2561795711517334,-0.5889736413955688,9.83298683166504
45.3,0.3184288144111633,-0.5530605912208557,9.8784761428833
45.32,0.2992752194404602,-0.5985504388809204,9.86889934539795
45.34,0.2968810200691223,-0.5770025849342346,9.87608242034912
45.36,0.2681505978107452,-0.5770025849342346,9.888052940368652
45.38,0.2873041927814483,-0.5315127968788147,9.890447616577148
45.4,0.2920926213264465,-0.5434837937355042,9.87608242034912
45.42,0.2561795711517334,-0.5889736413955688,9.856928825378418
45.44,0.3543418645858764,-0.6584054827690125,9.87608242034912
45.46,0.2609679996967315,-0.5554547905921936,9.895236015319824
45.48,0.3088520169258117,-0.5626373887062073,9.823410034179688
45.5,0.2705447971820831,-0.5530605912208557,9.847352027893066
45.52,0.304063618183136,-0.6200982332229614,9.84256362915039
45.54,0.2130839526653289,-0.586579442024231,9.84495735168457
45.56,0.3351882398128509,-0.5099649429321289,9.87608242034912
45.58,0.3016694188117981,-0.569819986820221,9.873687744140623
45.6,0.2394201755523681,-0.6153098344802856,9.837775230407717
45.62,0.2298433631658554,-0.6105214357376099,9.892841339111328
45.64,0.2920926213264465,-0.6177040338516235,9.871294021606444
45.66,0.304063618183136,-0.586579442024231,9.837775230407717
45.68,0.2609679996967315,-0.5674257874488831,9.83538055419922
45.7,0.2489969730377197,-0.5386953949928284,9.854534149169922
45.72,0.2394201755523681,-0.5195417404174805,9.828198432922363
45.74,0.2346317619085312,-0.6177040338516235,9.871294021606444
45.76,0.3088520169258117,-0.4932055473327636,9.856928825378418
45.78,0.3303998410701751,-0.5482721924781799,9.921571731567385
45.8,0.2801215946674347,-0.5578489899635315,9.856928825378418
45.82,0.2322375625371933,-0.5793967843055725,9.873687744140623
45.84,0.2753331959247589,-0.5530605912208557,9.931148529052734
45.86,0.2705447971820831,-0.5793967843055725,9.818621635437012
45.88,0.3256114423274994,-0.5746083855628967,9.890447616577148
45.9,0.2442085742950439,-0.5793967843055725,9.880870819091797
45.92,0.2633621990680694,-0.5363011956214905,9.80904483795166
45.94,0.2561795711517334,-0.5363011956214905,9.77791976928711
45.96,0.2992752194404602,-0.569819986820221,9.84256362915039
45.98,0.2681505978107452,-0.6009446382522583,9.964667320251465
46.0,0.2561795711517334,-0.569819986820221,9.861717224121094
46.02,0.2633621990680694,-0.6009446382522583,9.821015357971191
46.04,0.272938996553421,-0.5363011956214905,9.911994934082031
46.06,0.3160346150398254,-0.6607996821403503,9.885659217834473
46.08,0.2657563984394073,-0.5267243981361389,9.883264541625977
46.1,0.2657563984394073,-0.608127236366272,9.813833236694336
46.12,0.2944868206977844,-0.5554547905921936,9.847352027893066
46.14,0.304063618183136,-0.5746083855628967,9.830592155456545
46.16,0.2944868206977844,-0.5410895943641663,9.8784761428833
46.18,0.2849099934101105,-0.6488286852836609,9.823410034179688
46.2,0.237025961279869,-0.5674257874488831,9.823410034179688
46.22,0.2873041927814483,-0.586579442024231,9.864110946655272
46.24,0.2154781520366668,-0.5674257874488831,9.861717224121094
46.26,0.3160346150398254,-0.5530605912208557,9.8784761428833
46.28,0.2585737705230713,-0.5985504388809204,9.837775230407717
46.3,0.1795651316642761,-0.6584054827690125,9.782708168029783
46.32,0.1460463106632232,-0.5793967843055725,9.945513725280762
46.34,0.3687070608139038,-0.5099649429321289,9.909601211547852
46.36,0.2825157940387726,-0.5626373887062073,9.81143856048584
46.38,0.2394201755523681,-0.5817909836769104,9.87608242034912
46.4,0.2753331959247589,-0.5626373887062073,9.840168952941896
46.42,0.2825157940387726,-0.6057330369949341,9.87608242034912
46.44,0.2322375625371933,-0.5363011956214905,9.890447616577148
46.46,0.241814374923706,-0.5602431893348694,9.84256362915039
46.48,0.2130839526653289,-0.5602431893348694,9.885659217834473
46.5,0.2968810200691223,-0.5985504388809204,9.825803756713867
46.52,0.3591302633285522,-0.5386953949928284,9.854534149169922
46.54,0.2489969730377197,-0.5315127968788147,9.92396640777588
46.56,0.2394201755523681,-0.586579442024231,9.849745750427246
46.58,0.2394201755523681,-0.5722141861915588,9.828198432922363
46.6,0.3016694188117981,-0.5841852426528931,9.80904483795166
46.62,0.2992752194404602,-0.5650315880775452,9.916783332824709
46.64,0.2226607650518417,-0.5291185975074768,9.837775230407717
46.66,0.2322375625371933,-0.6153098344802856,9.782708168029783
46.68,0.2561795711517334,-0.6057330369949341,9.837775230407717
46.7,0.2681505978107452,-0.5817909836769104,9.87608242034912
46.72,0.2873041927814483,-0.5626373887062073,9.921571731567385
46.74,0.2585737705230713,-0.4908113479614258,9.90241813659668
46.76,0.2825157940387726,-0.6272808313369751,9.801861763000488
46.78,0.272938996553421,-0.6272808313369751,9.840168952941896
46.8,0.2202665507793426,-0.5267243981361389,9.890447616577148
46.82,0.2681505978107452,-0.5363011956214905,9.911994934082031
46.84,0.2801215946674347,-0.586579442024231,9.821015357971191
46.86,0.2322375625371933,-0.6967126727104187,9.852140426635742
46.88,0.304063618183136,-0.6129156351089478,9.859322547912598
46.9,0.2920926213264465,-0.4046200811862945,9.93354320526123
46.92,0.2968810200691223,-0.6847416758537292,9.84495735168457
46.94,0.2681505978107452,-0.6560112833976746,9.888052940368652
46.96,0.2489969730377197,-0.5817909836769104,9.892841339111328
46.98,0.2609679996967315,-0.5602431893348694,9.86889934539795
47.0,0.2777273952960968,-0.5147533416748047,9.854534149169922
47.02,0.2681505978107452,-0.6272808313369751,9.983820915222168
47.04,0.3208230137825012,-0.6129156351089478,9.818621635437012
47.06,0.2035071402788162,-0.5793967843055725,9.782708168029783
47.08,0.2513911724090576,-0.5961562395095825,9.971850395202637
47.1,0.2489969730377197,-0.5961562395095825,9.847352027893066
47.12,0.3375824391841888,-0.5626373887062073,9.892841339111328
47.14,0.2920926213264465,-0.5554547905921936,9.852140426635742
47.16,0.2011129409074783,-0.6871358752250671,9.859322547912598
47.18,0.2849099934101105,-0.6009446382522583,9.885659217834473
47.2,0.3256114423274994,-0.5770025849342346,9.988609313964844
47.22,0.3375824391841888,-0.5722141861915588,9.773131370544434
47.24,0.2202665507793426,-0.5267243981361389,9.780313491821287
47.26,0.2705447971820831,-0.5913678407669067,9.909601211547852
47.28,0.3160346150398254,-0.5578489899635315,9.916783332824709
47.3,0.3399766385555267,-0.5889736413955688,9.852140426635742
47.32,0.2489969730377197,-0.6799532771110535,9.847352027893066
47.34,0.2059013396501541,-0.545877993106842,9.888052940368652
47.36,0.2513911724090576,-0.5554547905921936,9.840168952941896
47.38,0.3136404156684875,-0.569819986820221,9.907206535339355
47.4,0.2753331959247589,-0.5219359993934631,9.83298683166504
47.42,0.2968810200691223,-0.5913678407669067,9.837775230407717
47.44,0.0885854661464691,-0.3519476354122162,9.533711433410645
47.46,-0.524330198764801,1.2665326595306396,9.512163162231444
47.48,2.408566951751709,-1.7621324062347412,8.700529098510742
47.5,0.1699883192777633,-0.8427590131759644,9.880870819091797
47.52,0.3687070608139038,-0.5506663918495178,9.737217903137209
47.54,0.3687070608139038,-0.3351882398128509,9.77791976928711
47.56,-0.090979665517807,-0.7805097699165344,10.055646896362305
47.58,0.42377370595932,-0.6416460275650024,9.66299819946289
47.6,0.1053448766469955,-0.4141969084739685,10.15141487121582
47.62,0.9145850539207458,-0.5650315880775452,9.66539192199707
47.64,-0.3184288144111633,-0.4118026793003082,9.797073364257812
47.66,0.2394201755523681,-0.9433154463768004,9.86889934539795
47.68,-0.6320692300796509,-1.091755986213684,10.342951774597168
47.7,0.1005564704537391,-0.3734954595565796,10.230423927307127
47.72,-1.580173134803772,-1.3239935636520386,13.374011039733888
47.74,-2.0638017654418945,-0.7637503147125244,12.720393180847168
47.76,-2.655169725418091,-0.4381389021873474,9.047688484191896
47.78,-2.1763293743133545,-1.09654438495636,7.117961883544922
47.8,1.948880195617676,-7.122750282287598,11.872846603393556
47.82,2.217030763626098,1.7836803197860718,9.667786598205566
47.84,-2.169146776199341,-0.0023942016996443,12.157755851745604
47.86,-3.4979286193847656,-0.3758896589279175,11.02051067352295
47.88,-3.31118106842041,0.2274491637945175,9.033323287963867
47.9,-4.218583583831787,-0.0646434426307678,9.75397777557373
47.92,-1.0534487962722778,0.8834604024887085,9.952696800231934
47.94,-0.4285621047019958,0.4333505034446716,10.78348445892334
47.96,-3.665522813796997,0.2561795711517334,11.592724800109863
47.98,-3.442862033843994,-0.4405331015586853,11.051634788513184
48.0,-2.9951462745666504,0.4309563040733337,10.6925048828125
48.02,-2.729389905929565,2.485181331634521,10.912771224975586
48.04,-1.0534487962722778,-1.3838485479354858,14.528016090393066
48.06,-1.6879122257232666,1.50355863571167,7.501033782958984
48.08,-0.0837970599532127,0.3615244626998901,6.598419666290283
48.1,1.3048399686813354,1.2210428714752195,6.703764915466309
48.12,-0.1101332753896713,1.256955862045288,7.879317760467529
48.14,-0.5003881454467773,3.466804027557373,10.457873344421388
48.16,-2.925714492797852,5.7125654220581055,7.90086555480957
48.18,-0.3208230137825012,7.47230339050293,7.987056732177734
48.2,3.129221677780152,-1.6639702320098877,4.975151062011719
48.22,5.880159378051758,1.216254472732544,8.978256225585938
48.24,5.700594425201416,2.085349798202514,7.354987621307373
48.26,1.3623007535934448,4.091690540313721,5.638344764709473
48.28,1.357512354850769,3.859453201293945,8.001421928405762
48.3,1.764526605606079,3.7229835987091056,9.224859237670898
48.32,1.036689281463623,3.971980571746826,10.158597946166992
48.34,0.8164227604866028,3.313575267791748,10.110713958740234
48.36,0.2705447971820831,2.940079689025879,9.188945770263672
48.38,0.0574608407914638,4.311957359313965,7.5968017578125
48.4,-0.569819986820221,4.570530891418457,6.833051681518555
48.42,-1.161187767982483,4.065354347229004,8.884882926940918
48.44,-0.9672574996948242,6.368576526641846,9.828198432922363
48.46,-0.2178723514080047,6.095637321472168,9.560047149658203
48.48,0.3854664862155914,4.20421838760376,8.877699851989746
48.5,-0.3758896589279175,3.9001545906066895,9.378087997436523
48.52,-0.8188169598579407,4.146757125854492,9.512163162231444
48.54,-0.6943184733390808,4.929661273956299,8.707711219787598
48.56,-0.5889736413955688,5.418078422546387,8.355764389038086
48.58,-0.7805097699165344,4.876988887786865,8.42040729522705
48.6,-0.5674257874488831,4.37420654296875,9.373299598693848
48.62,-1.0558429956436155,4.474762916564941,9.648633003234863
48.64,-0.5602431893348694,4.888959884643555,7.917624950408935
48.66,0.2753331959247589,5.856217384338379,7.735665798187256
48.68,-0.1340752989053726,5.69580602645874,7.141903877258301
48.7,-0.706289529800415,5.492298603057861,6.246472358703613
48.72,-0.6105214357376099,5.4875102043151855,6.962338447570801
48.74,-0.545877993106842,5.197812080383301,8.44434928894043
48.76,0.0287304203957319,5.305551052093506,8.683769226074219
48.78,0.0670376494526863,5.413290023803711,8.379706382751465
48.8,0.1292868852615356,5.430049419403076,8.547300338745117
48.82,-0.1125274822115898,6.112396717071533,8.995016098022461
48.84,0.1987187415361404,6.567295074462891,8.061277389526367
48.86,0.5123591423034668,5.803544998168945,7.82185697555542
48.88,0.1723825186491012,5.130774021148682,8.497021675109863
48.9,0.4764461517333984,5.085284233093262,9.342175483703612
48.92,0.7709329724311829,6.33026933670044,3.5865142345428467
48.94,0.9983820915222168,6.282385349273682,5.760449409484863
48.96,0.7757213711738586,5.91128396987915,9.493009567260742
48.98,0.3543418645858764,5.748478412628174,9.885659217834473
49.0,0.3112462162971496,5.664681434631348,6.368576526641846
49.02,0.3543418645858764,6.67982292175293,5.319916248321533
49.04,-0.2394201755523681,6.1315507888793945,7.99184513092041
49.06,0.0526724383234977,5.683835029602051,9.062053680419922
49.08,0.0143652101978659,5.001487255096436,9.402029991149902
49.1,-0.0239420160651206,5.260061264038086,8.595184326171875
49.12,0.1915361285209655,4.845864295959473,7.771578788757324
49.14,0.0023942016996443,4.8722004890441895,7.850587368011475
49.16,-0.3830722570419311,4.922478675842285,8.516175270080566
49.18,-0.2920926213264465,5.252878665924072,8.274360656738281
49.2,-0.3112462162971496,5.382165431976318,8.322244644165039
49.22,-0.646434485912323,4.668693542480469,8.528146743774414
49.24,-0.8762778043746948,4.8602294921875,8.47547435760498
49.26,-1.137245774269104,4.797980308532715,8.259995460510254
49.28,-1.2306196689605713,5.16429328918457,8.667010307312012
49.3,-0.8858546018600464,5.43723201751709,8.607154846191406
49.32,-1.139639973640442,5.025429248809815,8.992621421813965
49.34,-1.1994950771331787,4.728548526763916,8.916007041931152
49.36,-1.1180921792984009,4.819528102874756,8.501810073852539
49.38,-1.0462661981582642,4.910507678985596,7.592013359069824
49.4,-1.4724340438842771,4.81473970413208,8.054094314575195
49.42,-1.5658079385757446,4.836287498474121,9.026140213012695
49.44,-1.1971008777618408,4.6734819412231445,8.820239067077637
49.46,-1.0773907899856567,4.994304656982422,8.180987358093262
49.48,-1.1444283723831177,4.819528102874756,8.31985092163086
49.5,-1.0558429956436155,4.778826713562012,8.592789649963379
49.52,-1.1827356815338137,4.793191909790039,8.523358345031738
49.54,-1.359906554222107,4.778826713562012,8.461109161376953
49.56,-1.37906014919281,4.764461517333984,8.312667846679688
49.58,-1.321599364280701,4.592078685760498,8.327033042907715
49.6,-1.3072341680526731,4.728548526763916,8.406042098999023
49.62,-1.656787633895874,4.941632270812988,9.07641887664795
49.64,-1.3263877630233765,4.6950297355651855,8.973467826843262
49.66,-1.012747287750244,4.520252704620361,8.640673637390137
49.68,-1.2186486721038818,4.776432514190674,8.506598472595215
49.7,-1.625662922859192,4.759673118591309,8.583212852478027
49.72,-1.874659895896912,4.642356872558594,8.327033042907715
49.74,-1.6615760326385498,4.467580318450928,7.982268333435059
49.76,-1.7860745191574097,4.680664539337158,8.288725852966309
49.78,-1.5107412338256836,4.644751071929932,8.449137687683105
49.8,-1.292868971824646,4.376600742340088,8.789113998413086
49.82,-1.094150185585022,4.685452938079834,8.892065048217773
49.84,-0.8595184087753296,4.218583583831787,8.868123054504395
49.86,-0.6967126727104187,4.177882194519043,8.65743350982666
49.88,-1.235408067703247,4.355052947998047,8.729259490966797
49.9,-1.7501614093780518,4.55616569519043,8.683769226074219
49.92,-1.867477297782898,4.757278919219971,8.753201484680176
49.94,-1.2018892765045166,4.513070106506348,8.633491516113281
49.96,-0.5793967843055725,4.271255970001221,8.192957878112793
49.98,-0.8379706144332886,4.412513732910156,8.073247909545898
50.0,-1.2761094570159912,4.627991676330566,8.099584579467773
50.02,-1.3742717504501345,5.049371242523193,8.24084186553955
50.04,-1.6519991159439087,4.898536682128906,9.311050415039062
50.06,-1.5275006294250488,4.5825018882751465,9.907206535339355
50.08,-1.216254472732544,4.156333923339844,9.670180320739746
50.1,-1.3694833517074585,4.101267337799072,9.29429054260254
50.12,-1.6136919260025024,4.398148536682129,9.30386734008789
50.14,-1.237802267074585,4.367023944854736,8.834604263305664
50.16,-0.3280056416988373,4.209006786346436,8.513781547546387
50.18,-0.1484405100345611,4.14915132522583,8.635885238647461
50.2,-0.7158663272857666,4.393360137939453,8.734047889709473
50.22,-1.3934253454208374,4.69024133682251,8.585607528686523
50.24,-1.6496049165725708,4.821922302246094,8.35097599029541
50.26,-1.4724340438842771,4.5609540939331055,8.35336971282959
50.28,-1.108515381813049,4.484339714050293,8.473079681396484
50.3,-0.8571242094039917,4.32871675491333,8.736441612243652
50.32,-1.1755530834197998,4.4939165115356445,8.968679428100586
50.34,-1.6927006244659424,4.587290287017822,8.975862503051758
50.36,-1.867477297782898,4.613626480102539,8.676587104797363
50.38,-1.498770236968994,4.534617900848389,8.451532363891602
50.4,-1.278503656387329,4.4077253341674805,8.640673637390137
50.42,-1.3072341680526731,4.446032524108887,8.676587104797363
50.44,-1.3958195447921753,4.558559894561768,8.51138687133789
50.46,-1.6400281190872192,4.644751071929932,8.458714485168457
50.48,-1.6759412288665771,4.546588897705078,8.530540466308594
50.5,-1.5298948287963867,4.558559894561768,8.619126319885254
50.52,-1.403002142906189,4.355052947998047,8.834604263305664
50.54,-1.3646949529647827,4.417302131652832,8.904036521911621
50.56,-1.4269442558288574,4.24970817565918,8.678980827331543
50.58,-1.3455413579940796,4.402936935424805,8.157045364379883
50.6,-0.8858546018600464,4.639962673187256,8.856152534484863
50.62,-0.6224924325942993,4.398148536682129,9.770736694335938
50.64,-1.278503656387329,4.220977783203125,9.658209800720217
50.66,-2.085349798202514,4.232948780059815,9.11233139038086
50.68,-3.011905670166016,4.795586109161377,8.722076416015625
50.7,-2.9951462745666504,5.353435039520264,8.394071578979492
50.72,-2.252943754196167,5.513846397399902,8.822632789611816
50.74,-1.460463047027588,5.5114521980285645,8.540117263793945
50.76,-1.4317326545715332,5.193023681640625,8.159439086914062
50.78,-1.2449848651885986,4.58968448638916,8.293514251708984
50.8,-1.273715257644653,5.159504890441895,8.951920509338379
50.82,-0.6320692300796509,4.388571739196777,8.83699893951416
50.84,-0.7876923680305481,4.16112232208252,9.035717010498049
50.86,-0.9648633003234864,5.351040840148926,9.102754592895508
50.88,-0.7230489253997803,5.197812080383301,9.095572471618652
50.9,-0.5363011956214905,4.259284973144531,9.208099365234377
50.92,0.0622492432594299,3.665522813796997,8.707711219787598
50.94,0.4812345504760742,3.699041604995728,8.609549522399902
50.96,0.2753331959247589,4.252102375030518,8.382100105285645
50.98,-0.3663128614425659,4.697423934936523,8.327033042907715
51.0,-0.6177040338516235,4.565742492675781,8.2312650680542
51.02,-0.4046200811862945,4.156333923339844,8.042123794555664
51.04,-0.0287304203957319,4.120420932769775,7.977479934692383
51.06,0.4118026793003082,4.606443881988525,8.621520042419434
51.08,0.2753331959247589,4.378994941711426,9.17936897277832
51.1,0.1436520963907241,4.659116744995117,8.35336971282959
51.12,-0.7924807667732239,5.815515995025635,7.843404769897461
51.14,-1.3958195447921753,5.973533153533936,7.718906402587891
51.16,-1.2473790645599363,5.547365188598633,7.261613845825195
51.18,-1.2186486721038818,5.171475887298584,7.082048416137695
51.2,-1.108515381813049,5.473145008087158,7.819462776184082
51.22,-0.5482721924781799,5.011064052581787,8.465897560119629
51.24,-0.6943184733390808,4.821922302246094,8.415618896484375
51.26,-0.6919242739677429,5.0685248374938965,7.7883381843566895
51.28,-0.8164227604866028,4.982333660125732,7.558494567871094
51.3,-1.072602391242981,5.410895824432373,8.233659744262695
51.32,-0.912190854549408,5.353435039520264,9.153033256530762
51.34,-0.5434837937355042,5.274426460266113,9.567230224609377
51.36,-0.1388636976480484,5.351040840148926,9.423578262329102
51.38,-0.0239420160651206,5.018246650695801,9.2033109664917
51.4,-0.2226607650518417,5.085284233093262,8.98543930053711
51.42,-0.3088520169258117,5.161899089813232,8.69334602355957
51.44,-0.2106897532939911,5.190629482269287,8.267178535461426
51.46,-0.48602294921875,4.774038314819336,8.358158111572266
51.48,-0.304063618183136,4.898536682128906,8.53293514251709
51.5,-0.2873041927814483,5.16429328918457,8.683769226074219
51.52,-0.2442085742950439,5.125985622406006,8.346187591552734
51.54,-0.0933738648891449,5.152322292327881,8.130708694458008
51.56,-0.241814374923706,5.202600479125977,8.40843677520752
51.58,-0.3591302633285522,4.72376012802124,8.925583839416504
51.6,-0.4022258818149566,4.8482584953308105,8.865729331970215
51.62,-0.5961562395095825,4.76924991607666,8.736441612243652
51.64,-0.5386953949928284,5.078101634979248,8.688557624816895
51.66,-0.2705447971820831,4.845864295959473,8.681375503540039
51.68,-0.4525041282176971,4.855441093444824,8.635885238647461
51.7,-0.7374141216278076,4.874594688415527,8.47547435760498
51.72,-0.9528923034667968,4.8267107009887695,8.38449478149414
51.74,-0.9816226959228516,5.195417881011963,8.473079681396484
51.76,-0.7829039692878723,5.142745018005371,8.44195556640625
51.78,-0.5099649429321289,4.912901878356934,8.69095230102539
51.8,-0.332794040441513,4.855441093444824,8.951920509338379
51.82,-0.1292868852615356,4.78122091293335,8.772355079650879
51.84,-0.3303998410701751,4.95120906829834,8.71728801727295
51.86,-0.4979939460754394,5.125985622406006,8.650250434875488
51.88,-0.5386953949928284,5.298368453979492,8.65982723236084
51.9,-0.5674257874488831,5.374982833862305,8.65743350982666
51.92,-0.4094084799289703,5.355829238891602,8.78193187713623
51.94,0.0239420160651206,4.879383087158203,8.255207061767578
51.96,-0.2489969730377197,5.061342239379883,8.097189903259277
51.98,-0.5650315880775452,5.250484466552734,8.20492935180664
52.0,-0.8020575642585754,5.310339450836182,8.248024940490723
52.02,-0.9409212470054626,5.279214859008789,8.49941635131836
52.04,-0.7781155705451965,5.418078422546387,8.564059257507324
52.06,-0.4764461517333984,5.1116204261779785,8.83939266204834
52.08,-0.1484405100345611,4.924872875213623,8.635885238647461
52.1,0.090979665517807,4.987122058868408,8.525752067565918
52.12,0.2657563984394073,5.197812080383301,8.35336971282959
52.14,0.4357447028160095,5.027823448181152,8.951920509338379
52.16,0.1053448766469955,5.262455463409424,8.485051155090332
52.18,-0.3064578175544739,5.284003257751465,8.257601737976074
52.2,-0.395043283700943,5.336675643920898,8.310274124145508
52.22,-0.4022258818149566,4.948814868927002,8.688557624816895
52.24,-0.7230489253997803,5.224148273468018,8.226476669311523
52.26,-1.072602391242981,5.281609058380127,7.965508937835693
52.28,-0.7876923680305481,4.99669885635376,8.542511940002441
52.3,-0.3256114423274994,4.898536682128906,8.736441612243652
52.32,-0.3064578175544739,5.145139217376709,8.480262756347656
52.34,-0.3543418645858764,5.523423194885254,8.068459510803223
52.36,-0.5291185975074768,6.145915985107422,7.6566572189331055
52.38,-0.4213795065879822,6.117185115814209,7.484274387359619
52.4,-0.2609679996967315,5.729324817657471,7.723694801330566
52.42,-0.1963245421648025,5.612008571624756,7.989450931549072
52.44,-0.1675941199064254,5.590460777282715,7.927201747894287
52.46,-0.071826048195362,5.559336185455322,7.917624950408935
52.48,-0.1173158809542656,5.942408561706543,7.860164165496826
52.5,-0.059855043888092,6.011840343475342,7.69735860824585
52.52,0.0383072271943092,5.932831764221191,7.82185697555542
52.54,0.0143652101978659,5.884947776794434,8.097189903259277
52.56,-0.0814028605818748,5.990292549133301,7.996633529663086
52.58,0.1292868852615356,5.676652431488037,7.982268333435059
52.6,0.2059013396501541,5.57370138168335,8.2312650680542
52.62,0.2992752194404602,5.760449409484863,8.259995460510254
52.64,0.2274491637945175,6.150704383850098,8.432378768920898
52.66,0.0861912593245506,6.28477954864502,8.528146743774414
52.68,0.1651999205350875,6.200982570648193,7.833827972412109
52.7,0.1244984865188598,6.265625953674316,7.615955829620361
52.72,-0.1843535304069519,6.517016887664795,7.481880187988281
52.74,-0.1628057211637497,6.6630635261535645,7.053318023681641
52.76,0.1388636976480484,6.368576526641846,6.904877662658691
52.78,0.1867477297782898,6.33026933670044,6.957550048828125
52.8,-0.0837970599532127,6.411672115325928,6.766014099121094
52.82,-0.059855043888092,6.402095317840576,6.576871871948242
52.84,0.2920926213264465,6.54574728012085,6.631938934326172
52.86,0.5913678407669067,6.452373504638672,7.0341644287109375
52.88,0.7038952708244324,6.531382083892822,7.101202011108398
52.9,0.2849099934101105,6.473921298980713,7.015010833740234
52.92,-0.059855043888092,6.715735912322998,7.228095054626465
52.94,-0.3064578175544739,6.732495307922363,6.789956092834473
52.96,-0.3303998410701751,6.57926607131958,7.000645637512207
52.98,-0.1436520963907241,6.936002254486084,7.742848396301269
53.0,0.5051765441894531,6.837840080261231,8.149862289428711
53.02,0.3399766385555267,6.833051681518555,7.311892032623291
53.04,-0.3064578175544739,7.060500621795654,6.8809356689453125
53.06,-0.3519476354122162,7.024587631225586,6.878541469573975
53.08,0.090979665517807,6.823474884033203,7.043741226196289
53.1,0.1292868852615356,6.866570472717285,6.727706909179688
53.12,0.1699883192777633,6.885724067687988,6.478709697723389
53.14,-0.1915361285209655,7.1921820640563965,6.5696892738342285
53.16,-0.3016694188117981,7.4555439949035645,6.720524311065674
53.18,-0.5339069962501526,7.328651428222656,7.364564418792725
53.2,-0.5578489899635315,6.98628044128418,7.417236804962158
53.22,-0.4979939460754394,6.581660270690918,7.082048416137695
53.24,-0.1723825186491012,6.5265936851501465,6.809109687805176
53.26,0.1221042871475219,6.416460514068604,7.3693528175354
53.28,0.3830722570419311,6.203376770019531,7.723694801330566
53.3,0.4213795065879822,6.035782337188721,7.960720539093018
53.32,0.2298433631658554,6.3973069190979,7.69735860824585
53.34,0.2489969730377197,6.368576526641846,7.570465564727783
53.36,0.3591302633285522,6.222530364990234,7.841010570526123
53.38,0.2082955539226532,6.14831018447876,7.728483200073242
53.4,-0.0766144543886184,6.349422931671143,7.4316020011901855
53.42,-0.1651999205350875,6.5265936851501465,7.340622425079346
53.44,0.150834709405899,6.847416877746582,7.043741226196289
53.46,0.0646434426307678,6.718130111694336,7.352593421936035
53.48,-0.0574608407914638,6.703764915466309,7.601590633392334
53.5,-0.150834709405899,6.57926607131958,7.7763671875
53.52,-0.3878606855869293,6.3733649253845215,7.757213592529297
53.54,-0.241814374923706,6.358999729156494,7.489062786102295
53.56,-0.1580173075199127,6.418854713439941,7.309497833251953
53.58,-0.119710087776184,6.4595561027526855,7.122750282287598
53.6,-0.0957680642604827,6.708553314208984,7.0557122230529785
53.62,0.0191536135971546,6.818686485290527,6.998251438140869
53.64,0.1316810995340347,6.823474884033203,7.026981830596924
53.66,0.3998316824436188,6.617573261260986,7.156269073486328
53.68,0.3782838582992553,6.627150535583496,7.175422668457031
53.7,0.5219359993934631,6.670246124267578,7.242460250854492
53.72,0.5817909836769104,6.7923502922058105,7.311892032623291
53.74,0.7852981686592102,6.581660270690918,7.491456985473633
53.76,0.8140285611152649,6.624756336212158,7.529764175415039
53.78,0.7852981686592102,6.734889507293701,7.443572998046875
53.8,0.6799532771110535,6.890512466430664,7.295132637023926
53.82,0.6847416758537292,6.6846113204956055,7.2352776527404785
53.84,0.9361328482627868,6.349422931671143,7.287950038909912
53.86,0.9528923034667968,6.354211330413818,7.352593421936035
53.88,0.6368576288223267,6.485892295837402,7.556100368499756
53.9,0.6177040338516235,6.540958881378174,7.417236804962158
53.92,0.7254431247711182,6.62236213684082,7.022193431854248
53.94,0.7086837291717529,6.701370716094971,6.878541469573975
53.96,0.7493851184844971,6.763619899749756,6.919242858886719
53.98,0.7781155705451965,6.734889507293701,7.161057472229004
54.0,0.8834604024887085,6.782773494720459,7.438784599304199
54.02,0.7565677165985107,6.71334171295166,7.407660007476807
54.04,0.395043283700943,6.555324077606201,7.15387487411499
54.06,0.3399766385555267,6.370970726013184,7.223306655883789
54.08,0.2513911724090576,6.610390663146973,7.129932880401611
54.1,0.3184288144111633,6.710947513580322,7.12035608291626
54.12,0.2896983921527862,6.981492042541504,7.01979923248291
54.14,0.3423708379268646,6.876147270202637,7.024587631225586
54.16,0.3615244626998901,6.8162922859191895,7.208941459655762
54.18,0.2753331959247589,6.777985095977783,7.388506412506103
54.2,0.272938996553421,6.9240312576293945,7.216124057769775
54.22,0.2250549644231796,6.763619899749756,7.319074630737305
54.24,0.1244984865188598,6.938396453857422,7.398083209991455
54.26,0.2585737705230713,6.856993675231934,7.465120792388916
54.28,0.4572925269603729,6.691793918609619,7.496245384216309
54.3,0.6536170840263367,6.610390663146973,7.230489253997803
54.32,0.4596867263317108,6.742072105407715,7.378929615020752
54.34,0.3184288144111633,6.92881965637207,7.297526836395264
54.36,0.2346317619085312,7.015010833740234,7.572859764099121
54.38,0.1221042871475219,7.101202011108398,7.4555439949035645
54.4,0.0694318488240242,6.859387874603272,7.252037048339844
54.42,0.2705447971820831,6.248866558074951,7.017405033111572
54.44,0.569819986820221,5.959167957305908,7.07726001739502
54.46,0.6416460275650024,6.071695327758789,7.058106422424316
54.48,0.8188169598579407,6.224924564361572,7.0557122230529785
54.5,0.8858546018600464,6.5050458908081055,6.988674640655518
54.52,0.8547300100326538,6.464344501495361,7.103596210479736
54.54,0.8020575642585754,6.581660270690918,7.2113356590271
54.56,0.667982280254364,6.5696892738342285,7.410054206848144
54.58,0.689530074596405,6.828263282775879,7.623138427734375
54.6,0.4213795065879822,6.835445880889893,7.910442352294922
54.62,0.4716577231884002,6.691793918609619,7.814674377441406
54.64,0.4525041282176971,6.507440090179443,7.714118003845215
54.66,0.48602294921875,6.524199485778809,7.723694801330566
54.68,0.608127236366272,6.730101108551025,7.668628215789795
54.7,0.6033388376235962,6.751648902893066,7.716512203216553
54.72,0.4572925269603729,6.739677906036377,7.630321025848389
54.74,0.3998316824436188,6.560112476348877,7.637503623962402
54.76,0.3399766385555267,6.315904140472412,7.534552574157715
54.78,0.241814374923706,6.033388137817383,7.252037048339844
54.8,0.2035071402788162,6.054935932159424,7.187393665313721
54.82,0.0287304203957319,6.265625953674316,6.933608055114746
54.84,0.0790086537599563,6.392518520355225,7.050923824310303
54.86,0.4477157294750213,6.260837554931641,7.180211067199707
54.88,0.4740519225597381,6.3063273429870605,7.417236804962158
54.9,0.3734954595565796,6.4834980964660645,7.520187377929687
54.92,0.2322375625371933,6.694188117980957,7.536946773529053
54.94,0.0311246216297149,6.703764915466309,7.630321025848389
54.96,0.0526724383234977,6.63433313369751,7.817068576812744
54.98,0.1077390760183334,6.636727333068848,7.773972988128662
55.0,0.2011129409074783,6.493074893951416,7.7213006019592285
55.02,0.1915361285209655,6.332663536071777,7.65186882019043
55.04,0.1412578970193863,6.3733649253845215,7.539340972900391
55.06,0.0023942016996443,6.385335922241211,7.539340972900391
55.08,-0.0095768067985773,6.380547523498535,7.508216381072998
55.1,-0.1101332753896713,6.466738700866699,7.362170219421387
55.12,-0.1460463106632232,6.624756336212158,7.266402244567871
55.14,0.0526724383234977,6.655880928039551,7.4316020011901855
55.16,0.0239420160651206,6.399701118469238,7.548917770385742
55.18,-0.0143652101978659,6.31829833984375,7.359776020050049
55.2,-0.1101332753896713,6.277596950531006,7.151480674743652
55.22,-0.237025961279869,6.452373504638672,7.256825447082519
55.24,-0.2561795711517334,6.445190906524658,7.254431247711182
55.26,0.1005564704537391,6.524199485778809,7.33583402633667
55.28,0.0454898327589035,6.368576526641846,7.515398979187012
55.3,-0.1316810995340347,6.550535678863525,7.548917770385742
55.32,-0.3567360639572143,6.785167694091797,7.714118003845215
55.34,-0.2657563984394073,6.751648902893066,7.479485988616943
55.36,0.1628057211637497,6.354211330413818,7.548917770385742
55.38,0.2274491637945175,6.31829833984375,7.479485988616943
55.4,0.1077390760183334,6.335057735443115,7.347805023193359
55.42,-0.0454898327589035,6.40927791595459,7.386112213134766
55.44,-0.1292868852615356,6.536170482635498,7.539340972900391
55.46,-0.1556231081485748,6.536170482635498,7.711723804473877
55.48,-0.2226607650518417,6.687005519866943,7.625532627105713
55.5,-0.059855043888092,6.3733649253845215,7.383718013763428
55.52,-0.0766144543886184,6.313509941101074,7.405265808105469
55.54,-0.1484405100345611,6.426037311553955,7.3023152351379395
55.56,-0.3447650372982025,6.708553314208984,7.304709434509277
55.58,-0.4836287498474121,6.756437301635742,7.422025203704834
55.6,-0.4285621047019958,6.787561893463135,7.541735172271728
55.62,-0.3208230137825012,6.833051681518555,7.424419403076172
55.64,-0.1580173075199127,6.811503887176514,7.268796443939209
55.66,-0.0215478148311376,6.801927089691162,7.194576263427734
55.68,-0.2920926213264465,6.931213855743408,7.350199222564697
55.7,-0.5171475410461426,6.952761650085449,7.453149795532227
55.72,-0.524330198764801,6.828263282775879,7.264008045196533
55.74,-0.5482721924781799,6.780379295349121,7.096413612365723
55.76,-0.3519476354122162,6.976703643798828,6.919242858886719
55.78,-0.1532289087772369,6.703764915466309,6.768408298492432
55.8,-0.0574608407914638,6.763619899749756,6.691793918609619
55.82,-0.237025961279869,7.067683219909668,6.567295074462891
55.84,-0.5051765441894531,7.16584587097168,6.447585105895996
55.86,-0.3711012601852417,7.357381820678711,6.358999729156494
55.88,-0.2178723514080047,7.175422668457031,6.28477954864502
55.9,-0.0119710080325603,7.357381820678711,6.426037311553955
55.92,-0.059855043888092,7.618350028991699,6.94079065322876
55.94,0.1675941199064254,7.41484260559082,6.847416877746582
55.96,-0.1125274822115898,7.314286231994629,6.722918510437012
55.98,-0.3567360639572143,7.16584587097168,6.215347766876221
56.0,-0.5937620401382446,7.189787864685059,5.96874475479126
56.02,-0.7637503147125244,6.988674640655518,5.846640586853027
56.04,-0.6607996821403503,7.144298076629639,6.155492782592773
56.06,-0.272938996553421,7.321468830108643,6.404489517211914
56.08,-0.1915361285209655,7.273584842681885,6.222530364990234
56.1,-0.4070142805576324,7.508216381072998,5.686229228973389
56.12,-0.6488286852836609,7.757213592529297,5.525817394256592
56.14,-0.9169792532920836,8.044517517089844,5.983109951019287
56.16,-0.9528923034667968,8.037335395812988,6.44279670715332
56.18,-0.7182605266571045,7.929595947265625,6.382941722869873
56.2,-0.4596867263317108,7.587224960327148,5.916072368621826
56.22,-0.3998316824436188,7.419631004333496,5.935225963592529
56.24,-0.4525041282176971,7.254431247711182,6.138733386993408
56.26,-0.304063618183136,7.311892032623291,6.18182897567749
56.28,-0.1699883192777633,7.0341644287109375,6.200982570648193
56.3,-0.2753331959247589,7.206547260284424,6.169857978820801
56.32,-0.3112462162971496,7.2352776527404785,6.375759124755859
56.34,-0.5339069962501526,7.326257228851318,6.493074893951416
56.36,-0.5841852426528931,7.457938194274902,6.787561893463135
56.38,-0.5099649429321289,7.513004779815674,6.730101108551025
56.4,-0.7613561153411865,7.548917770385742,6.811503887176514
56.42,-1.2521674633026123,7.69735860824585,7.264008045196533
56.44,-1.0749965906143188,7.582436561584473,6.947973251342773
56.46,-0.912190854549408,7.465120792388916,6.641515731811523
56.48,-0.6512228846549988,7.297526836395264,6.478709697723389
56.5,-0.6727706789970398,7.249642848968506,6.339846134185791
56.52,-0.6416460275650024,7.271190643310547,6.27280855178833
56.54,-0.5410895943641663,7.259219646453857,6.303933143615723
56.56,-0.4979939460754394,7.177816867828369,6.399701118469238
56.58,-0.6153098344802856,7.187393665313721,6.682217121124268
56.6,-0.7876923680305481,7.333439826965332,6.691793918609619
56.62,-0.8164227604866028,7.390900611877441,6.62236213684082
56.64,-0.8307880163192749,7.47230339050293,6.8162922859191895
56.66,-0.8523358106613159,7.496245384216309,6.696582317352295
56.68,-0.6775590777397156,7.424419403076172,6.435614109039307
56.7,-0.6512228846549988,7.1921820640563965,6.550535678863525
56.72,-0.6129156351089478,7.089231014251709,6.631938934326172
56.74,-0.646434485912323,7.201758861541748,6.48828649520874
56.76,-0.6751648783683777,7.275979042053223,6.296750545501709
56.78,-0.689530074596405,7.3238630294799805,6.315904140472412
56.8,-0.5602431893348694,7.307103633880615,6.361393928527832
56.82,-0.5410895943641663,7.256825447082519,6.50025749206543
56.84,-0.5650315880775452,7.225700855255127,6.5050458908081055
56.86,-0.5937620401382446,7.1921820640563965,6.586448669433594
56.88,-0.5315127968788147,7.175422668457031,6.519411087036133
56.9,-0.3591302633285522,7.2352776527404785,6.660669326782227
56.92,-0.3567360639572143,7.259219646453857,6.801927089691162
56.94,-0.3447650372982025,7.189787864685059,6.6391215324401855
56.96,-0.42377370595932,7.122750282287598,6.6630635261535645
56.98,-0.4213795065879822,6.991068840026856,6.675034523010254
57.0,-0.4955997467041015,7.007828235626221,6.557718276977539
57.02,-0.5626373887062073,7.163451671600342,6.509834289550781
57.04,-0.6416460275650024,7.465120792388916,6.593631267547607
57.06,-0.6272808313369751,7.299921035766602,6.457161903381348
57.08,-0.6009446382522583,7.352593421936035,6.653486728668213
57.1,-0.5841852426528931,7.256825447082519,6.890512466430664
57.12,-0.5650315880775452,7.139509677886963,6.845022678375244
57.14,-0.7757213711738586,7.132327079772949,6.825869083404541
57.16,-0.8571242094039917,7.156269073486328,6.744466304779053
57.18,-0.9672574996948242,7.110779285430908,6.672640323638916
57.2,-0.90979665517807,7.170634269714356,6.509834289550781
57.22,-0.8834604024887085,7.177816867828369,6.514622688293457
57.24,-0.8619126081466675,7.350199222564697,6.766014099121094
57.26,-0.6799532771110535,7.242460250854492,6.727706909179688
57.28,-0.454898327589035,7.1490864753723145,6.672640323638916
57.3,-0.4932055473327636,7.0317702293396,6.720524311065674
57.32,-0.4165911078453064,7.086836814880371,6.648698329925537
57.34,-0.4788403511047363,7.050923824310303,6.586448669433594
57.36,-0.524330198764801,7.158663272857666,6.557718276977539
57.38,-0.586579442024231,7.218518257141113,6.581660270690918
57.4,-0.4884171485900879,7.163451671600342,6.701370716094971
57.42,-0.5650315880775452,7.268796443939209,6.799532890319824
57.44,-0.5386953949928284,7.240066051483154,6.648698329925537
57.46,-0.6057330369949341,7.184999465942383,6.44279670715332
57.48,-0.7158663272857666,7.15387487411499,6.54574728012085
57.5,-0.4572925269603729,7.096413612365723,6.449979305267334
57.52,-0.2561795711517334,6.98628044128418,6.643909931182861
57.54,-0.3878606855869293,6.993463039398193,6.856993675231934
57.56,-0.6703764796257019,7.247248649597168,6.962338447570801
57.58,-0.6751648783683777,7.292738437652588,7.017405033111572
57.6,-0.5434837937355042,7.043741226196289,7.079654216766357
57.62,-0.4046200811862945,6.823474884033203,6.957550048828125
57.64,-0.727837324142456,6.967126846313477,6.7492547035217285
57.66,-0.811634361743927,7.07726001739502,6.754043102264404
57.68,-0.6392518281936646,6.859387874603272,6.900089263916016
57.7,-0.9050082564353944,6.967126846313477,6.900089263916016
57.72,-0.8834604024887085,7.094019412994385,6.4595561027526855
57.74,-0.8307880163192749,7.223306655883789,6.493074893951416
57.76,-0.7733271718025208,7.170634269714356,6.643909931182861
57.78,-0.8164227604866028,7.144298076629639,6.722918510437012
57.8,-0.7445967197418213,7.201758861541748,6.536170482635498
57.82,-0.8858546018600464,7.125144481658936,6.71334171295166
57.84,-0.8738836050033569,7.0988078117370605,6.754043102264404
57.86,-0.7493851184844971,7.067683219909668,6.756437301635742
57.88,-0.6248866319656372,7.041347026824951,6.564900875091553
57.9,-0.6512228846549988,7.0317702293396,6.665457725524902
57.92,-0.6033388376235962,7.144298076629639,6.852205276489258
57.94,-0.4381389021873474,7.390900611877441,6.682217121124268
57.96,-0.0263362191617488,7.0317702293396,6.449979305267334
57.98,-0.2178723514080047,6.71334171295166,6.605602264404297
58.0,-0.6488286852836609,6.864176273345947,6.988674640655518
58.02,-0.629675030708313,7.096413612365723,6.782773494720459
58.04,-0.7230489253997803,6.92881965637207,7.129932880401611
58.06,-0.5889736413955688,7.137115478515625,6.947973251342773
58.08,-0.7757213711738586,7.110779285430908,6.991068840026856
58.1,-0.7733271718025208,7.113173484802246,6.890512466430664
58.12,-0.9265560507774352,7.168240070343018,6.687005519866943
58.14,-0.969651699066162,7.204153060913086,6.761225700378418
58.16,-1.0079588890075684,7.0988078117370605,6.801927089691162
58.18,-1.0821791887283323,7.15387487411499,6.878541469573975
58.2,-0.9313444495201112,7.089231014251709,6.842628479003906
58.22,-0.9313444495201112,6.801927089691162,6.715735912322998
58.24,-0.8834604024887085,6.761225700378418,6.54574728012085
58.26,-0.9313444495201112,6.92881965637207,6.476315498352051
58.28,-0.8212111592292786,7.113173484802246,6.658275127410889
58.3,-0.7254431247711182,7.168240070343018,6.63433313369751
58.32,-0.646434485912323,7.1921820640563965,6.782773494720459
58.34,-0.7086837291717529,7.094019412994385,6.84981107711792
58.36,-0.7254431247711182,6.952761650085449,6.715735912322998
58.38,-0.6416460275650024,7.026981830596924,6.888118267059326
58.4,-0.5219359993934631,7.005434036254883,6.897695064544678
58.42,-0.4740519225597381,6.936002254486084,6.897695064544678
58.44,-0.6560112833976746,6.861782073974609,6.914454460144043
58.46,-0.6727706789970398,6.859387874603272,6.88332986831665
58.48,-0.7541735172271729,6.871358871459961,6.945579051971436
58.5,-0.7110779285430908,7.010222434997559,6.909666061401367
58.52,-0.6512228846549988,7.053318023681641,6.773196697235107
58.54,-0.7038952708244324,7.0317702293396,6.7708024978637695
58.56,-0.828393816947937,7.079654216766357,6.864176273345947
58.58,-0.689530074596405,6.92881965637207,6.840234279632568
58.6,-0.7110779285430908,6.610390663146973,7.010222434997559
58.62,-0.8068459630012512,6.615179061889648,6.892906665802002
58.64,-0.9959878921508788,6.919242858886719,6.861782073974609
58.66,-1.0678139925003052,6.98628044128418,6.799532890319824
58.68,-1.2042834758758545,7.07726001739502,7.0988078117370605
58.7,-1.0558429956436155,7.2113356590271,6.981492042541504
58.72,-0.933738648891449,7.0126166343688965,7.125144481658936
58.74,-0.8451532125473022,7.237671852111816,7.091625213623047
58.76,-1.1109095811843872,6.892906665802002,6.7708024978637695
58.78,-0.9481038451194764,6.8809356689453125,6.567295074462891
58.8,-0.9361328482627868,6.615179061889648,6.607996463775635
58.82,-0.7876923680305481,6.744466304779053,6.45476770401001
58.84,-0.5267243981361389,6.830657482147217,6.478709697723389
58.86,-0.629675030708313,6.797138690948486,6.837840080261231
58.88,-0.6967126727104187,6.842628479003906,7.079654216766357
58.9,-0.646434485912323,6.833051681518555,6.988674640655518
58.92,-0.608127236366272,6.871358871459961,7.115567684173584
58.94,-0.5937620401382446,6.787561893463135,7.213729858398437
58.96,-0.7374141216278076,6.9024834632873535,7.175422668457031
58.98,-0.6727706789970398,6.964732646942139,7.029376029968262
59.0,-0.5650315880775452,6.835445880889893,7.058106422424316
59.02,-0.6105214357376099,6.945579051971436,7.163451671600342
59.04,-0.6607996821403503,6.921637058258057,6.993463039398193
59.06,-0.6512228846549988,6.919242858886719,6.926425457000732
59.08,-0.586579442024231,6.828263282775879,6.931213855743408
59.1,-0.5770025849342346,6.727706909179688,6.995857238769531
59.12,-0.5937620401382446,6.737283706665039,6.947973251342773
59.14,-0.5530605912208557,6.785167694091797,6.746860504150391
59.16,-0.6919242739677429,6.794744491577148,6.825869083404541
59.18,-0.569819986820221,6.653486728668213,6.845022678375244
59.2,-0.730231523513794,6.641515731811523,6.9240312576293945
59.22,-0.7565677165985107,6.919242858886719,6.892906665802002
59.24,-0.871489405632019,6.971915245056152,6.9240312576293945
59.26,-0.9552865028381348,7.000645637512207,6.971915245056152
59.28,-0.9361328482627868,7.046135425567627,7.01979923248291
59.3,-1.1252747774124146,6.904877662658691,7.0988078117370605
59.32,-1.113303780555725,6.8162922859191895,6.995857238769531
59.34,-0.993593692779541,6.687005519866943,6.84981107711792
59.36,-0.9050082564353944,6.715735912322998,6.7923502922058105
59.38,-0.9600749015808104,6.885724067687988,6.734889507293701
59.4,-0.9145850539207458,6.950367450714111,6.588842868804932
59.42,-0.8810662031173706,6.873753070831299,6.780379295349121
59.44,-0.8810662031173706,6.7708024978637695,7.046135425567627
59.46,-0.8379706144332886,6.698976516723633,7.134721279144287
59.48,-0.8212111592292786,6.825869083404541,7.084442615509033
59.5,-0.9433154463768004,6.856993675231934,7.1490864753723145
59.52,-1.048660397529602,6.916848659515381,7.105990409851074
59.54,-1.070208191871643,7.048529624938965,7.0126166343688965
59.56,-1.0534487962722778,6.993463039398193,7.036558628082275
59.58,-0.9528923034667968,6.916848659515381,6.794744491577148
59.6,-1.015141487121582,6.907271862030029,6.72531270980835
59.62,-1.0031704902648926,6.813898086547852,6.7708024978637695
59.64,-1.1061211824417114,6.766014099121094,6.909666061401367
59.66,-1.1300631761550903,6.710947513580322,6.828263282775879
59.68,-1.0893617868423462,6.627150535583496,6.734889507293701
59.7,-0.7876923680305481,6.555324077606201,6.854599475860596
59.72,-0.7398083209991455,6.847416877746582,6.8162922859191895
59.74,-0.727837324142456,6.703764915466309,6.885724067687988
59.76,-0.5386953949928284,6.347028732299805,7.0988078117370605
59.78,-0.42377370595932,6.27280855178833,7.29034423828125
59.8,-0.3734954595565796,6.335057735443115,7.115567684173584
59.82,-0.727837324142456,6.495469093322754,7.3238630294799805
59.84,-0.7948749661445618,6.552929878234863,7.388506412506103
59.86,-0.7948749661445618,6.636727333068848,7.625532627105713
59.88,-0.7086837291717529,6.636727333068848,7.766790390014648
59.9,-0.5650315880775452,6.677428722381592,7.5968017578125
59.92,-0.689530074596405,6.8043212890625,7.644686222076416
59.94,-0.7996633648872375,6.8809356689453125,7.560888767242432
59.96,-0.8379706144332886,6.871358871459961,7.513004779815674
59.98,-0.7374141216278076,6.627150535583496,7.275979042053223
60.0,-0.629675030708313,6.392518520355225,7.017405033111572
60.02,-0.6368576288223267,6.48828649520874,6.969521045684815
60.04,-0.6129156351089478,6.581660270690918,6.952761650085449
60.06,-0.5291185975074768,6.653486728668213,6.991068840026856
60.08,-0.3543418645858764,6.557718276977539,6.952761650085449
60.1,-0.4429273009300232,6.617573261260986,7.082048416137695
60.12,-0.667982280254364,6.682217121124268,7.175422668457031
60.14,-0.5674257874488831,6.7923502922058105,7.398083209991455
60.16,-0.6440402865409851,6.794744491577148,7.659051418304443
60.18,-0.7254431247711182,6.665457725524902,7.592013359069824
60.2,-0.8020575642585754,6.524199485778809,7.467514991760254
60.22,-0.8475474119186401,6.507440090179443,7.072471618652344
60.24,-0.7565677165985107,6.45476770401001,6.959944248199463
60.26,-0.6033388376235962,6.512228488922119,6.912060260772705
60.28,-0.3256114423274994,6.428431510925293,6.797138690948486
60.3,-0.2657563984394073,6.402095317840576,6.782773494720459
60.32,-0.3064578175544739,6.581660270690918,6.964732646942139
60.34,-0.4429273009300232,6.636727333068848,7.283161640167236
60.36,-0.4022258818149566,6.744466304779053,7.453149795532227
60.38,-0.3806780576705932,6.687005519866943,7.6566572189331055
60.4,-0.332794040441513,6.543353080749512,7.797914981842041
60.42,-0.3615244626998901,6.552929878234863,7.5968017578125
60.44,-0.2585737705230713,6.519411087036133,7.2352776527404785
60.46,-0.2753331959247589,6.3973069190979,6.952761650085449
60.48,-0.2920926213264465,6.521805286407471,6.9240312576293945
60.5,-0.5027823448181152,6.62236213684082,7.082048416137695
60.52,-0.4357447028160095,6.703764915466309,7.000645637512207
60.54,-0.3184288144111633,6.6630635261535645,7.204153060913086
60.56,-0.3615244626998901,6.737283706665039,7.24485445022583
60.58,-0.3878606855869293,6.754043102264404,7.29034423828125
60.6,-0.5363011956214905,6.761225700378418,7.161057472229004
60.62,-0.4908113479614258,6.823474884033203,7.084442615509033
60.64,-0.3830722570419311,6.689399719238281,7.2352776527404785
60.66,-0.3160346150398254,6.708553314208984,7.168240070343018
60.68,-0.2322375625371933,6.552929878234863,7.141903877258301
60.7,-0.2561795711517334,6.610390663146973,7.247248649597168
60.72,-0.2705447971820831,6.5912370681762695,7.16584587097168
60.74,-0.3303998410701751,6.677428722381592,7.15387487411499
60.76,-0.2585737705230713,6.603208065032959,7.259219646453857
60.78,-0.3447650372982025,6.550535678863525,7.271190643310547
60.8,-0.4572925269603729,6.557718276977539,7.237671852111816
60.82,-0.3878606855869293,6.6391215324401855,7.043741226196289
60.84,-0.4261679053306579,6.710947513580322,7.043741226196289
60.86,-0.4189853072166443,6.682217121124268,7.079654216766357
60.88,-0.4189853072166443,6.646304130554199,7.134721279144287
60.9,-0.4333505034446716,6.651092529296875,7.163451671600342
60.92,-0.3280056416988373,6.66785192489624,7.177816867828369
60.94,-0.2753331959247589,6.708553314208984,7.177816867828369
60.96,-0.2202665507793426,6.627150535583496,7.170634269714356
60.98,-0.2920926213264465,6.562506675720215,7.220912456512451
61.0,-0.3543418645858764,6.555324077606201,7.264008045196533
61.02,-0.3088520169258117,6.576871871948242,7.410054206848144
61.04,-0.2896983921527862,6.5265936851501465,7.33583402633667
61.06,-0.3064578175544739,6.62236213684082,7.297526836395264
61.08,-0.4118026793003082,6.660669326782227,7.232883453369141
61.1,-0.48602294921875,6.6846113204956055,7.237671852111816
61.12,-0.4572925269603729,6.670246124267578,7.285555839538574
61.14,-0.4764461517333984,6.574477672576904,7.2352776527404785
61.16,-0.4141969084739685,6.576871871948242,7.196970462799072
61.18,-0.4357447028160095,6.658275127410889,7.225700855255127
61.2,-0.5027823448181152,6.703764915466309,7.247248649597168
61.22,-0.4596867263317108,6.586448669433594,7.16584587097168
61.24,-0.4046200811862945,6.584054470062256,7.132327079772949
61.26,-0.3878606855869293,6.629544734954834,7.2113356590271
61.28,-0.3806780576705932,6.627150535583496,7.275979042053223
61.3,-0.3591302633285522,6.653486728668213,7.283161640167236
61.32,-0.4118026793003082,6.641515731811523,7.259219646453857
61.34,-0.332794040441513,6.617573261260986,7.184999465942383
61.36,-0.3303998410701751,6.53377628326416,7.182605266571045
61.38,-0.3926490843296051,6.514622688293457,7.144298076629639
61.4,-0.3734954595565796,6.531382083892822,7.156269073486328
61.42,-0.3399766385555267,6.600813865661621,7.16584587097168
61.44,-0.3303998410701751,6.677428722381592,7.264008045196533
61.46,-0.4094084799289703,6.687005519866943,7.297526836395264
61.48,-0.4979939460754394,6.612784862518311,7.283161640167236
61.5,-0.689530074596405,6.682217121124268,7.12035608291626
61.52,-0.7326257228851318,6.574477672576904,7.220912456512451
61.54,-0.6057330369949341,6.507440090179443,7.2113356590271
61.56,-0.4620809257030487,6.502651691436768,7.1921820640563965
61.58,-0.5482721924781799,6.660669326782227,7.184999465942383
61.6,-0.4955997467041015,6.696582317352295,7.113173484802246
61.62,-0.3902548849582672,6.794744491577148,7.333439826965332
61.64,-0.4094084799289703,6.696582317352295,7.42681360244751
61.66,-0.4333505034446716,6.54574728012085,7.345410823822021
61.68,-0.3495534360408783,6.574477672576904,7.314286231994629
61.7,-0.3711012601852417,6.552929878234863,7.252037048339844
61.72,-0.2154781520366668,6.509834289550781,7.07726001739502
61.74,-0.2777273952960968,6.550535678863525,7.223306655883789
61.76,-0.4213795065879822,6.617573261260986,7.299921035766602
61.78,-0.4764461517333984,6.528987884521484,7.287950038909912
61.8,-0.4261679053306579,6.528987884521484,7.223306655883789
61.82,-0.5315127968788147,6.490680694580078,7.2352776527404785
61.84,-0.5027823448181152,6.528987884521484,7.213729858398437
61.86,-0.4740519225597381,6.62236213684082,7.275979042053223
61.88,-0.4932055473327636,6.574477672576904,7.254431247711182
61.9,-0.5195417404174805,6.5912370681762695,7.299921035766602
61.92,-0.5099649429321289,6.672640323638916,7.259219646453857
61.94,-0.5003881454467773,6.607996463775635,7.311892032623291
61.96,-0.4812345504760742,6.631938934326172,7.321468830108643
61.98,-0.5578489899635315,6.524199485778809,7.316680431365967
62.0,-0.4141969084739685,6.517016887664795,7.101202011108398
62.02,-0.4094084799289703,6.619967937469482,7.15387487411499
62.04,-0.4189853072166443,6.631938934326172,7.189787864685059
62.06,-0.4094084799289703,6.560112476348877,7.345410823822021
62.08,-0.5267243981361389,6.435614109039307,7.469909191131592
62.1,-0.4788403511047363,6.485892295837402,7.429207801818848
62.12,-0.48602294921875,6.478709697723389,7.201758861541748
62.14,-0.3974374830722809,6.552929878234863,7.201758861541748
62.16,-0.4046200811862945,6.54574728012085,7.029376029968262
62.18,-0.454898327589035,6.603208065032959,7.237671852111816
62.2,-0.4572925269603729,6.57926607131958,7.3023152351379395
62.22,-0.4094084799289703,6.629544734954834,7.333439826965332
62.24,-0.4908113479614258,6.605602264404297,7.398083209991455
62.26,-0.4836287498474121,6.615179061889648,7.326257228851318
62.28,-0.4118026793003082,6.531382083892822,7.175422668457031
62.3,-0.3806780576705932,6.481103897094727,7.170634269714356
62.32,-0.42377370595932,6.5265936851501465,7.144298076629639
62.34,-0.5386953949928284,6.619967937469482,7.156269073486328
62.36,-0.524330198764801,6.655880928039551,7.249642848968506
62.38,-0.5339069962501526,6.600813865661621,7.38132381439209
62.4,-0.5770025849342346,6.567295074462891,7.331045627593994
62.42,-0.4165911078453064,6.435614109039307,7.240066051483154
62.44,-0.4620809257030487,6.471527099609375,7.254431247711182
62.46,-0.4668693244457245,6.665457725524902,7.208941459655762
62.48,-0.3112462162971496,6.71334171295166,7.137115478515625
62.5,-0.4189853072166443,6.560112476348877,7.402871608734131
62.52,-0.4908113479614258,6.787561893463135,7.556100368499756
62.54,-0.6224924325942993,6.811503887176514,7.433996200561523
62.56,-0.6536170840263367,6.71334171295166,7.2352776527404785
62.58,-0.6320692300796509,6.703764915466309,7.173028469085693
62.6,-0.6320692300796509,6.5912370681762695,7.058106422424316
62.62,-0.5195417404174805,6.452373504638672,7.072471618652344
62.64,-0.6847416758537292,6.588842868804932,7.29034423828125
62.66,-0.7254431247711182,6.619967937469482,7.299921035766602
62.68,-0.6224924325942993,6.615179061889648,7.0341644287109375
62.7,-0.7422025203704834,6.636727333068848,7.170634269714356
62.72,-0.7541735172271729,6.610390663146973,7.048529624938965
62.74,-0.7015010714530945,6.62236213684082,7.125144481658936
62.76,-0.629675030708313,6.562506675720215,7.108384609222412
62.78,-0.569819986820221,6.62236213684082,7.218518257141113
62.8,-0.3399766385555267,6.612784862518311,7.326257228851318
62.82,-0.363918662071228,6.710947513580322,7.350199222564697
62.84,-0.4453215301036834,6.703764915466309,7.362170219421387
62.86,-0.4525041282176971,6.6846113204956055,7.275979042053223
62.88,-0.3902548849582672,6.617573261260986,7.247248649597168
62.9,-0.4309563040733337,6.48828649520874,7.424419403076172
62.92,-0.3232172429561615,6.481103897094727,7.218518257141113
62.94,-0.4788403511047363,6.596025466918945,7.12035608291626
62.96,-0.5889736413955688,6.689399719238281,7.15387487411499
62.98,-0.6991068720817566,6.799532890319824,7.15387487411499
63.0,-0.727837324142456,6.543353080749512,7.132327079772949
63.02,-0.7541735172271729,6.552929878234863,7.050923824310303
63.04,-0.7805097699165344,6.509834289550781,7.0988078117370605
63.06,-0.8044517636299133,6.514622688293457,7.156269073486328
63.08,-0.7469909191131592,6.631938934326172,7.103596210479736
63.1,-0.8619126081466675,6.670246124267578,7.256825447082519
63.12,-0.8475474119186401,6.696582317352295,7.340622425079346
63.14,-0.7757213711738586,6.718130111694336,7.27837324142456
63.16,-0.768538773059845,6.62236213684082,7.216124057769775
63.18,-0.706289529800415,6.646304130554199,7.177816867828369
63.2,-0.6751648783683777,6.588842868804932,7.19936466217041
63.22,-0.6009446382522583,6.507440090179443,7.247248649597168
63.24,-0.4740519225597381,6.528987884521484,7.134721279144287
63.26,-0.586579442024231,6.677428722381592,7.3238630294799805
63.28,-0.5937620401382446,6.655880928039551,7.343016624450684
63.3,-0.5841852426528931,6.588842868804932,7.3238630294799805
63.32,-0.507570743560791,6.519411087036133,7.266402244567871
63.34,-0.5506663918495178,6.48828649520874,7.340622425079346
63.36,-0.586579442024231,6.387730121612549,7.161057472229004
63.38,-0.6057330369949341,6.619967937469482,7.070077419281006
63.4,-0.6560112833976746,6.72531270980835,7.026981830596924
63.42,-0.5889736413955688,6.7708024978637695,7.228095054626465
63.44,-0.5386953949928284,6.6391215324401855,7.299921035766602
63.46,-0.5315127968788147,6.665457725524902,7.371747016906738
63.48,-0.5602431893348694,6.588842868804932,7.429207801818848
63.5,-0.6416460275650024,6.581660270690918,7.273584842681885
63.52,-0.5937620401382446,6.538564682006836,7.0988078117370605
63.54,-0.7829039692878723,6.54574728012085,7.003039836883545
63.56,-0.689530074596405,6.557718276977539,7.070077419281006
63.58,-0.667982280254364,6.538564682006836,7.086836814880371
63.6,-0.6392518281936646,6.584054470062256,7.177816867828369
63.62,-0.6799532771110535,6.550535678863525,7.182605266571045
63.64,-0.7805097699165344,6.722918510437012,7.247248649597168
63.66,-0.7254431247711182,6.641515731811523,7.338228225708008
63.68,-0.646434485912323,6.751648902893066,7.266402244567871
63.7,-0.6033388376235962,6.596025466918945,7.168240070343018
63.72,-0.6105214357376099,6.560112476348877,7.24485445022583
63.74,-0.4836287498474121,6.615179061889648,7.271190643310547
63.76,-0.4453215301036834,6.624756336212158,7.208941459655762
63.78,-0.4932055473327636,6.507440090179443,7.280767440795898
63.8,-0.5410895943641663,6.50025749206543,7.307103633880615
63.82,-0.5961562395095825,6.593631267547607,7.259219646453857
63.84,-0.6751648783683777,6.727706909179688,7.333439826965332
63.86,-0.6727706789970398,6.658275127410889,7.264008045196533
63.88,-0.6584054827690125,6.5696892738342285,7.3238630294799805
63.9,-0.6967126727104187,6.54574728012085,7.264008045196533
63.92,-0.7110779285430908,6.543353080749512,7.134721279144287
63.94,-0.7038952708244324,6.512228488922119,7.180211067199707
63.96,-0.7134721279144287,6.643909931182861,7.158663272857666
63.98,-0.7206547260284424,6.641515731811523,7.266402244567871
64.0,-0.7589619159698486,6.581660270690918,7.309497833251953
64.02,-0.6823474764823914,6.617573261260986,7.170634269714356
64.04,-0.6105214357376099,6.576871871948242,7.175422668457031
64.06,-0.4955997467041015,6.548141479492188,7.240066051483154
64.08,-0.5219359993934631,6.574477672576904,7.228095054626465
64.1,-0.5961562395095825,6.672640323638916,7.237671852111816
64.12,-0.6129156351089478,6.619967937469482,7.338228225708008
64.14,-0.569819986820221,6.493074893951416,7.27837324142456
64.16,-0.629675030708313,6.555324077606201,7.247248649597168
64.18,-0.507570743560791,6.493074893951416,7.261613845825195
64.2,-0.5434837937355042,6.514622688293457,7.228095054626465
64.22,-0.6368576288223267,6.610390663146973,7.218518257141113
64.24,-0.7158663272857666,6.624756336212158,7.105990409851074
64.26,-0.5937620401382446,6.6391215324401855,7.184999465942383
64.28,-0.5554547905921936,6.528987884521484,7.003039836883545
64.3,-0.5985504388809204,6.5912370681762695,7.101202011108398
64.32,-0.7015010714530945,6.696582317352295,7.240066051483154
64.34,-0.6943184733390808,6.538564682006836,7.3669586181640625
64.36,-0.6153098344802856,6.524199485778809,7.599195957183838
64.38,-0.7374141216278076,6.627150535583496,7.623138427734375
64.4,-0.7086837291717529,6.703764915466309,7.402871608734131
64.42,-0.7326257228851318,6.54574728012085,7.311892032623291
64.44,-0.727837324142456,6.562506675720215,7.113173484802246
64.46,-0.6607996821403503,6.5050458908081055,7.146692276000977
64.48,-0.667982280254364,6.332663536071777,7.110779285430908
64.5,-0.7158663272857666,6.435614109039307,7.173028469085693
64.52,-0.6991068720817566,6.509834289550781,7.067683219909668
64.54,-0.7254431247711182,6.5265936851501465,7.196970462799072
64.56,-0.8307880163192749,6.660669326782227,7.271190643310547
64.58,-0.8475474119186401,6.720524311065674,7.283161640167236
64.6,-0.768538773059845,6.63433313369751,7.27837324142456
64.62,-0.608127236366272,6.6846113204956055,7.280767440795898
64.64,-0.6560112833976746,6.574477672576904,7.292738437652588
64.66,-0.5506663918495178,6.476315498352051,7.299921035766602
64.68,-0.6607996821403503,6.536170482635498,7.29034423828125
64.7,-0.5003881454467773,6.476315498352051,7.096413612365723
64.72,-0.4692635238170624,6.514622688293457,7.103596210479736
64.74,-0.5410895943641663,6.619967937469482,7.256825447082519
64.76,-0.4884171485900879,6.612784862518311,7.328651428222656
64.78,-0.5554547905921936,6.423643112182617,7.402871608734131
64.8,-0.7015010714530945,6.524199485778809,7.350199222564697
64.82,-0.6775590777397156,6.524199485778809,7.285555839538574
64.84,-0.7110779285430908,6.485892295837402,7.232883453369141
64.86,-0.7422025203704834,6.617573261260986,7.113173484802246
64.88,-0.7876923680305481,6.627150535583496,7.089231014251709
64.9,-0.8595184087753296,6.63433313369751,7.24485445022583
64.92,-0.7709329724311829,6.550535678863525,7.331045627593994
64.94,-0.7613561153411865,6.478709697723389,7.3238630294799805
64.96,-0.7589619159698486,6.531382083892822,7.3238630294799805
64.98,-0.7589619159698486,6.53377628326416,7.249642848968506
65.0,-0.6655880808830261,6.581660270690918,7.043741226196289
65.02,-0.6248866319656372,6.572083473205566,7.139509677886963
65.04,-0.7134721279144287,6.564900875091553,7.331045627593994
65.06,-0.5770025849342346,6.536170482635498,7.261613845825195
65.08,-0.6033388376235962,6.4380083084106445,7.362170219421387
65.1,-0.5937620401382446,6.560112476348877,7.422025203704834
65.12,-0.5650315880775452,6.5050458908081055,7.297526836395264
65.14,-0.569819986820221,6.54574728012085,7.180211067199707
65.16,-0.6607996821403503,6.600813865661621,7.208941459655762
65.18,-0.7852981686592102,6.586448669433594,7.283161640167236
65.2,-0.7230489253997803,6.646304130554199,7.340622425079346
65.22,-0.6200982332229614,6.538564682006836,7.321468830108643
65.24,-0.667982280254364,6.493074893951416,7.338228225708008
65.26,-0.6584054827690125,6.574477672576904,7.206547260284424
65.28,-0.5674257874488831,6.5696892738342285,7.103596210479736
65.3,-0.6177040338516235,6.4595561027526855,7.254431247711182
65.32,-0.6248866319656372,6.466738700866699,7.218518257141113
65.34,-0.6631938815116882,6.509834289550781,7.295132637023926
65.36,-0.7709329724311829,6.560112476348877,7.383718013763428
65.38,-0.8259995579719543,6.48828649520874,7.27837324142456
65.4,-0.7637503147125244,6.517016887664795,7.299921035766602
65.42,-0.8020575642585754,6.641515731811523,7.213729858398437
65.44,-0.8164227604866028,6.643909931182861,7.307103633880615
65.46,-0.8595184087753296,6.550535678863525,7.216124057769775
65.48,-0.7924807667732239,6.521805286407471,7.146692276000977
65.5,-0.7230489253997803,6.562506675720215,7.19936466217041
65.52,-0.6751648783683777,6.543353080749512,7.232883453369141
65.54,-0.667982280254364,6.562506675720215,7.194576263427734
65.56,-0.569819986820221,6.612784862518311,7.390900611877441
65.58,-0.5554547905921936,6.502651691436768,7.371747016906738
65.6,-0.5339069962501526,6.552929878234863,7.390900611877441
65.62,-0.569819986820221,6.5696892738342285,7.249642848968506
65.64,-0.5961562395095825,6.624756336212158,7.105990409851074
65.66,-0.5482721924781799,6.497863292694092,7.125144481658936
65.68,-0.6847416758537292,6.476315498352051,7.3023152351379395
65.7,-0.7254431247711182,6.490680694580078,7.441178798675537
65.72,-0.8307880163192749,6.5050458908081055,7.41484260559082
65.74,-0.7733271718025208,6.584054470062256,7.275979042053223
65.76,-0.8834604024887085,6.588842868804932,7.206547260284424
65.78,-0.9552865028381348,6.435614109039307,7.122750282287598
65.8,-0.8738836050033569,6.512228488922119,7.158663272857666
65.82,-0.7733271718025208,6.471527099609375,7.201758861541748
65.84,-0.6943184733390808,6.588842868804932,7.232883453369141
65.86,-0.7445967197418213,6.636727333068848,7.386112213134766
65.88,-0.7541735172271729,6.63433313369751,7.412448406219482
65.9,-0.5817909836769104,6.497863292694092,7.331045627593994
65.92,-0.5267243981361389,6.390124320983887,7.299921035766602
65.94,-0.5961562395095825,6.509834289550781,7.27837324142456
65.96,-0.569819986820221,6.45476770401001,7.268796443939209
65.98,-0.6631938815116882,6.387730121612549,7.252037048339844
66.0,-0.646434485912323,6.550535678863525,7.33583402633667
66.02,-0.6943184733390808,6.562506675720215,7.264008045196533
66.04,-0.7637503147125244,6.646304130554199,7.240066051483154
66.06,-0.768538773059845,6.521805286407471,7.287950038909912
66.08,-0.8643068075180054,6.572083473205566,7.295132637023926
66.1,-0.7829039692878723,6.509834289550781,7.287950038909912
66.12,-0.7326257228851318,6.521805286407471,7.254431247711182
66.14,-0.730231523513794,6.567295074462891,7.264008045196533
66.16,-0.7733271718025208,6.646304130554199,7.264008045196533
66.18,-0.706289529800415,6.528987884521484,7.3693528175354
66.2,-0.6584054827690125,6.4380083084106445,7.402871608734131
66.22,-0.6440402865409851,6.435614109039307,7.357381820678711
66.24,-0.6775590777397156,6.435614109039307,7.156269073486328
66.26,-0.5530605912208557,6.531382083892822,7.0317702293396
66.28,-0.5889736413955688,6.512228488922119,7.0988078117370605
66.3,-0.5195417404174805,6.57926607131958,7.208941459655762
66.32,-0.6057330369949341,6.564900875091553,7.412448406219482
66.34,-0.6320692300796509,6.548141479492188,7.515398979187012
66.36,-0.6129156351089478,6.481103897094727,7.474697589874268
66.38,-0.6512228846549988,6.44279670715332,7.441178798675537
66.4,-0.8236053586006165,6.584054470062256,7.249642848968506
66.42,-0.828393816947937,6.617573261260986,7.024587631225586
66.44,-0.8379706144332886,6.584054470062256,7.082048416137695
66.46,-0.7829039692878723,6.517016887664795,7.297526836395264
66.48,-0.7350199222564697,6.476315498352051,7.347805023193359
66.5,-0.6943184733390808,6.524199485778809,7.350199222564697
66.52,-0.7086837291717529,6.550535678863525,7.390900611877441
66.54,-0.6607996821403503,6.560112476348877,7.38132381439209
66.56,-0.6057330369949341,6.50025749206543,7.33583402633667
66.58,-0.5506663918495178,6.502651691436768,7.347805023193359
66.6,-0.5578489899635315,6.461950302124023,7.256825447082519
66.62,-0.5123591423034668,6.519411087036133,7.259219646453857
66.64,-0.5889736413955688,6.548141479492188,7.314286231994629
66.66,-0.5722141861915588,6.512228488922119,7.285555839538574
66.68,-0.6033388376235962,6.555324077606201,7.297526836395264
66.7,-0.7469909191131592,6.560112476348877,7.275979042053223
66.72,-0.7158663272857666,6.557718276977539,7.359776020050049
66.74,-0.7996633648872375,6.536170482635498,7.33583402633667
66.76,-0.7374141216278076,6.507440090179443,7.326257228851318
66.78,-0.7326257228851318,6.600813865661621,7.333439826965332
66.8,-0.790086567401886,6.574477672576904,7.340622425079346
66.82,-0.7565677165985107,6.540958881378174,7.259219646453857
66.84,-0.7422025203704834,6.512228488922119,7.259219646453857
66.86,-0.6655880808830261,6.57926607131958,7.393294811248779
66.88,-0.5889736413955688,6.574477672576904,7.388506412506103
66.9,-0.6512228846549988,6.531382083892822,7.354987621307373
66.92,-0.6153098344802856,6.497863292694092,7.371747016906738
66.94,-0.6655880808830261,6.512228488922119,7.390900611877441
66.96,-0.5674257874488831,6.557718276977539,7.287950038909912
66.98,-0.5506663918495178,6.457161903381348,7.29034423828125
67.0,-0.6512228846549988,6.478709697723389,7.319074630737305
67.02,-0.6871358752250671,6.517016887664795,7.247248649597168
67.04,-0.6392518281936646,6.567295074462891,7.146692276000977
67.06,-0.7158663272857666,6.517016887664795,7.151480674743652
67.08,-0.6560112833976746,6.560112476348877,7.275979042053223
67.1,-0.7948749661445618,6.564900875091553,7.38132381439209
67.12,-0.7541735172271729,6.548141479492188,7.457938194274902
67.14,-0.7206547260284424,6.677428722381592,7.465120792388916
67.16,-0.6991068720817566,6.5696892738342285,7.390900611877441
67.18,-0.6584054827690125,6.433219909667969,7.196970462799072
67.2,-0.667982280254364,6.555324077606201,7.170634269714356
67.22,-0.6751648783683777,6.50025749206543,7.232883453369141
67.24,-0.5195417404174805,6.509834289550781,7.280767440795898
67.26,-0.6368576288223267,6.507440090179443,7.3669586181640625
67.28,-0.6105214357376099,6.48828649520874,7.362170219421387
67.3,-0.5746083855628967,6.495469093322754,7.429207801818848
67.32,-0.646434485912323,6.550535678863525,7.383718013763428
67.34,-0.7134721279144287,6.502651691436768,7.328651428222656
67.36,-0.6871358752250671,6.509834289550781,7.295132637023926
67.38,-0.7469909191131592,6.435614109039307,7.362170219421387
67.4,-0.8212111592292786,6.5265936851501465,7.292738437652588
67.42,-0.8331822156906128,6.552929878234863,7.292738437652588
67.44,-0.8451532125473022,6.548141479492188,7.357381820678711
67.46,-0.7829039692878723,6.524199485778809,7.343016624450684
67.48,-0.7733271718025208,6.528987884521484,7.223306655883789
67.5,-0.7158663272857666,6.512228488922119,7.275979042053223
67.52,-0.7015010714530945,6.502651691436768,7.304709434509277
67.54,-0.5195417404174805,6.4380083084106445,7.321468830108643
67.56,-0.5817909836769104,6.445190906524658,7.400477409362793
67.58,-0.6248866319656372,6.564900875091553,7.400477409362793
67.6,-0.5410895943641663,6.567295074462891,7.438784599304199
67.62,-0.5027823448181152,6.44279670715332,7.429207801818848
67.64,-0.569819986820221,6.469132900238037,7.292738437652588
67.66,-0.7422025203704834,6.54574728012085,7.259219646453857
67.68,-0.6967126727104187,6.557718276977539,7.230489253997803
67.7,-0.6967126727104187,6.507440090179443,7.259219646453857
67.72,-0.6607996821403503,6.57926607131958,7.321468830108643
67.74,-0.7350199222564697,6.560112476348877,7.558494567871094
67.76,-0.7589619159698486,6.598419666290283,7.4316020011901855
67.78,-0.7565677165985107,6.485892295837402,7.292738437652588
67.8,-0.7350199222564697,6.567295074462891,7.307103633880615
67.82,-0.7637503147125244,6.586448669433594,7.295132637023926
67.84,-0.6440402865409851,6.507440090179443,7.254431247711182
67.86,-0.6919242739677429,6.552929878234863,7.343016624450684
67.88,-0.6871358752250671,6.648698329925537,7.280767440795898
67.9,-0.6129156351089478,6.521805286407471,7.33583402633667
67.92,-0.6991068720817566,6.461950302124023,7.407660007476807
67.94,-0.6224924325942993,6.548141479492188,7.450755596160889
67.96,-0.6224924325942993,6.519411087036133,7.393294811248779
67.98,-0.629675030708313,6.485892295837402,7.196970462799072
68.0,-0.646434485912323,6.509834289550781,7.230489253997803
68.02,-0.6631938815116882,6.574477672576904,7.252037048339844
68.04,-0.6943184733390808,6.564900875091553,7.275979042053223
68.06,-0.7589619159698486,6.512228488922119,7.405265808105469
68.08,-0.7445967197418213,6.557718276977539,7.457938194274902
68.1,-0.7374141216278076,6.440402507781982,7.405265808105469
68.12,-0.6703764796257019,6.574477672576904,7.314286231994629
68.14,-0.7445967197418213,6.572083473205566,7.264008045196533
68.16,-0.7565677165985107,6.584054470062256,7.33583402633667
68.18,-0.6919242739677429,6.469132900238037,7.331045627593994
68.2,-0.8068459630012512,6.423643112182617,7.448361396789551
68.22,-0.8331822156906128,6.598419666290283,7.383718013763428
68.24,-0.6440402865409851,6.5696892738342285,7.225700855255127
68.26,-0.7015010714530945,6.517016887664795,7.319074630737305
68.28,-0.7134721279144287,6.524199485778809,7.41484260559082
68.3,-0.6248866319656372,6.457161903381348,7.3669586181640625
68.32,-0.646434485912323,6.548141479492188,7.522581577301025
68.34,-0.6847416758537292,6.435614109039307,7.522581577301025
68.36,-0.667982280254364,6.402095317840576,7.400477409362793
68.38,-0.7469909191131592,6.375759124755859,7.252037048339844
68.4,-0.7733271718025208,6.5050458908081055,7.036558628082275
68.42,-0.7781155705451965,6.641515731811523,7.218518257141113
68.44,-0.7661445140838623,6.600813865661621,7.319074630737305
68.46,-0.8619126081466675,6.54574728012085,7.539340972900391
68.48,-0.8858546018600464,6.607996463775635,7.556100368499756
68.5,-0.7637503147125244,6.461950302124023,7.450755596160889
68.52,-0.6536170840263367,6.457161903381348,7.275979042053223
68.54,-0.7613561153411865,6.471527099609375,7.287950038909912
68.56,-0.7230489253997803,6.538564682006836,7.1921820640563965
68.58,-0.6177040338516235,6.45476770401001,7.316680431365967
68.6,-0.6775590777397156,6.512228488922119,7.398083209991455
68.62,-0.6943184733390808,6.560112476348877,7.438784599304199
68.64,-0.6919242739677429,6.461950302124023,7.405265808105469
68.66,-0.6272808313369751,6.481103897094727,7.333439826965332
68.68,-0.6727706789970398,6.466738700866699,7.292738437652588
68.7,-0.7613561153411865,6.53377628326416,7.390900611877441
68.72,-0.7493851184844971,6.560112476348877,7.307103633880615
68.74,-0.7565677165985107,6.548141479492188,7.429207801818848
68.76,-0.7661445140838623,6.54574728012085,7.378929615020752
68.78,-0.8403648138046265,6.495469093322754,7.328651428222656
68.8,-0.828393816947937,6.584054470062256,7.345410823822021
68.82,-0.7876923680305481,6.481103897094727,7.29034423828125
68.84,-0.6919242739677429,6.490680694580078,7.33583402633667
68.86,-0.790086567401886,6.536170482635498,7.371747016906738
68.88,-0.6943184733390808,6.567295074462891,7.393294811248779
68.9,-0.6368576288223267,6.485892295837402,7.433996200561523
68.92,-0.608127236366272,6.4834980964660645,7.465120792388916
68.94,-0.727837324142456,6.6391215324401855,7.493851184844971
68.96,-0.751779317855835,6.5050458908081055,7.280767440795898
68.98,-0.6057330369949341,6.464344501495361,7.285555839538574
69.0,-0.6009446382522583,6.421248912811279,7.264008045196533
69.02,-0.7398083209991455,6.567295074462891,7.371747016906738
69.04,-0.6943184733390808,6.581660270690918,7.395689010620117
69.06,-0.730231523513794,6.445190906524658,7.515398979187012
69.08,-0.7398083209991455,6.531382083892822,7.359776020050049
69.1,-0.7110779285430908,6.538564682006836,7.249642848968506
69.12,-0.7086837291717529,6.540958881378174,7.232883453369141
69.14,-0.7493851184844971,6.53377628326416,7.390900611877441
69.16,-0.8403648138046265,6.5050458908081055,7.462726593017578
69.18,-0.730231523513794,6.528987884521484,7.412448406219482
69.2,-0.6703764796257019,6.543353080749512,7.41484260559082
69.22,-0.6368576288223267,6.445190906524658,7.3669586181640625
69.24,-0.730231523513794,6.524199485778809,7.362170219421387
69.26,-0.7445967197418213,6.548141479492188,7.3023152351379395
69.28,-0.706289529800415,6.466738700866699,7.223306655883789
69.3,-0.6536170840263367,6.449979305267334,7.292738437652588
69.32,-0.6943184733390808,6.54574728012085,7.453149795532227
69.34,-0.6943184733390808,6.497863292694092,7.479485988616943
69.36,-0.7422025203704834,6.524199485778809,7.469909191131592
69.38,-0.751779317855835,6.509834289550781,7.402871608734131
69.4,-0.667982280254364,6.430825710296631,7.240066051483154
69.42,-0.646434485912323,6.3973069190979,7.19936466217041
69.44,-0.811634361743927,6.584054470062256,7.316680431365967
69.46,-0.8475474119186401,6.560112476348877,7.374141216278076
69.48,-0.8068459630012512,6.548141479492188,7.398083209991455
69.5,-0.6919242739677429,6.624756336212158,7.378929615020752
69.52,-0.6488286852836609,6.550535678863525,7.237671852111816
69.54,-0.629675030708313,6.524199485778809,7.3023152351379395
69.56,-0.730231523513794,6.497863292694092,7.412448406219482
69.58,-0.790086567401886,6.536170482635498,7.450755596160889
69.6,-0.5626373887062073,6.426037311553955,7.400477409362793
69.62,-0.5626373887062073,6.457161903381348,7.273584842681885
69.64,-0.7086837291717529,6.440402507781982,7.225700855255127
69.66,-0.706289529800415,6.600813865661621,7.204153060913086
69.68,-0.7924807667732239,6.435614109039307,7.422025203704834
69.7,-0.7398083209991455,6.548141479492188,7.47230339050293
69.72,-0.7829039692878723,6.548141479492188,7.433996200561523
69.74,-0.871489405632019,6.564900875091553,7.350199222564697
69.76,-0.8044517636299133,6.4380083084106445,7.273584842681885
69.78,-0.6871358752250671,6.461950302124023,7.2352776527404785
69.8,-0.727837324142456,6.560112476348877,7.328651428222656
69.82,-0.6344634294509888,6.430825710296631,7.390900611877441
69.84,-0.7015010714530945,6.490680694580078,7.331045627593994
69.86,-0.6488286852836609,6.5050458908081055,7.338228225708008
69.88,-0.7158663272857666,6.48828649520874,7.424419403076172
69.9,-0.7110779285430908,6.502651691436768,7.402871608734131
69.92,-0.7206547260284424,6.538564682006836,7.283161640167236
69.94,-0.7110779285430908,6.493074893951416,7.283161640167236
69.96,-0.6560112833976746,6.517016887664795,7.319074630737305
69.98,-0.7254431247711182,6.485892295837402,7.333439826965332
70.0,-0.6751648783683777,6.440402507781982,7.3238630294799805
70.02,-0.5793967843055725,6.4380083084106445,7.362170219421387
70.04,-0.7158663272857666,6.548141479492188,7.297526836395264
70.06,-0.7541735172271729,6.447585105895996,7.220912456512451
70.08,-0.706289529800415,6.54574728012085,7.218518257141113
70.1,-0.6775590777397156,6.548141479492188,7.38132381439209
70.12,-0.7374141216278076,6.517016887664795,7.410054206848144
70.14,-0.7493851184844971,6.521805286407471,7.352593421936035
70.16,-0.6200982332229614,6.619967937469482,7.311892032623291
70.18,-0.646434485912323,6.481103897094727,7.271190643310547
70.2,-0.6703764796257019,6.423643112182617,7.326257228851318
70.22,-0.6871358752250671,6.5265936851501465,7.311892032623291
70.24,-0.6105214357376099,6.524199485778809,7.27837324142456
70.26,-0.6153098344802856,6.5050458908081055,7.328651428222656
70.28,-0.6153098344802856,6.540958881378174,7.321468830108643
70.3,-0.6440402865409851,6.593631267547607,7.314286231994629
70.32,-0.6823474764823914,6.564900875091553,7.268796443939209
70.34,-0.6009446382522583,6.564900875091553,7.27837324142456
70.36,-0.5961562395095825,6.421248912811279,7.316680431365967
70.38,-0.6607996821403503,6.507440090179443,7.393294811248779
70.4,-0.5650315880775452,6.478709697723389,7.29034423828125
70.42,-0.7350199222564697,6.50025749206543,7.457938194274902
70.44,-0.7637503147125244,6.560112476348877,7.285555839538574
70.46,-0.8403648138046265,6.481103897094727,7.292738437652588
70.48,-0.8355764150619507,6.476315498352051,7.141903877258301
70.5,-0.7996633648872375,6.469132900238037,7.139509677886963
70.52,-0.7589619159698486,6.588842868804932,7.134721279144287
70.54,-0.790086567401886,6.550535678863525,7.340622425079346
70.56,-0.7038952708244324,6.5265936851501465,7.469909191131592
70.58,-0.6440402865409851,6.550535678863525,7.508216381072998
70.6,-0.6272808313369751,6.584054470062256,7.441178798675537
70.62,-0.6368576288223267,6.476315498352051,7.378929615020752
70.64,-0.4979939460754394,6.48828649520874,7.1921820640563965
70.66,-0.4644751250743866,6.497863292694092,7.230489253997803
70.68,-0.608127236366272,6.493074893951416,7.268796443939209
70.7,-0.5889736413955688,6.562506675720215,7.252037048339844
70.72,-0.5674257874488831,6.4595561027526855,7.307103633880615
70.74,-0.5841852426528931,6.40927791595459,7.42681360244751
70.76,-0.6823474764823914,6.433219909667969,7.422025203704834
70.78,-0.7350199222564697,6.524199485778809,7.240066051483154
70.8,-0.8092401623725891,6.497863292694092,7.230489253997803
70.82,-0.8140285611152649,6.557718276977539,7.383718013763428
70.84,-0.871489405632019,6.48828649520874,7.383718013763428
70.86,-0.7805097699165344,6.5696892738342285,7.3023152351379395
70.88,-0.7134721279144287,6.53377628326416,7.285555839538574
70.9,-0.7374141216278076,6.574477672576904,7.275979042053223
70.92,-0.7254431247711182,6.564900875091553,7.213729858398437
70.94,-0.6272808313369751,6.564900875091553,7.402871608734131
70.96,-0.6967126727104187,6.473921298980713,7.448361396789551
70.98,-0.5722141861915588,6.368576526641846,7.357381820678711
71.0,-0.5363011956214905,6.339846134185791,7.259219646453857
71.02,-0.5770025849342346,6.469132900238037,7.101202011108398
71.04,-0.6919242739677429,6.528987884521484,7.275979042053223
71.06,-0.7110779285430908,6.562506675720215,7.316680431365967
71.08,-0.7422025203704834,6.555324077606201,7.441178798675537
71.1,-0.6991068720817566,6.497863292694092,7.445967197418213
71.12,-0.7852981686592102,6.514622688293457,7.47230339050293
71.14,-0.811634361743927,6.418854713439941,7.285555839538574
71.16,-0.7733271718025208,6.428431510925293,7.161057472229004
71.18,-0.8475474119186401,6.48828649520874,7.223306655883789
71.2,-0.7781155705451965,6.528987884521484,7.177816867828369
71.22,-0.7805097699165344,6.519411087036133,7.388506412506103
71.24,-0.6871358752250671,6.5265936851501465,7.321468830108643
71.26,-0.730231523513794,6.464344501495361,7.417236804962158
71.28,-0.6799532771110535,6.464344501495361,7.347805023193359
71.3,-0.6751648783683777,6.461950302124023,7.242460250854492
71.32,-0.6129156351089478,6.433219909667969,7.249642848968506
71.34,-0.5841852426528931,6.512228488922119,7.271190643310547
71.36,-0.6248866319656372,6.481103897094727,7.398083209991455
71.38,-0.6751648783683777,6.464344501495361,7.46033239364624
71.4,-0.6655880808830261,6.524199485778809,7.405265808105469
71.42,-0.6320692300796509,6.528987884521484,7.311892032623291
71.44,-0.6943184733390808,6.473921298980713,7.256825447082519
71.46,-0.6919242739677429,6.418854713439941,7.177816867828369
71.48,-0.6560112833976746,6.411672115325928,7.297526836395264
71.5,-0.7805097699165344,6.552929878234863,7.402871608734131
71.52,-0.6991068720817566,6.50025749206543,7.390900611877441
71.54,-0.7924807667732239,6.490680694580078,7.395689010620117
71.56,-0.7541735172271729,6.531382083892822,7.275979042053223
71.58,-0.8092401623725891,6.53377628326416,7.134721279144287
71.6,-0.7469909191131592,6.560112476348877,7.187393665313721
71.62,-0.6991068720817566,6.550535678863525,7.402871608734131
71.64,-0.6919242739677429,6.342240333557129,7.443572998046875
71.66,-0.7182605266571045,6.392518520355225,7.33583402633667
71.68,-0.6272808313369751,6.557718276977539,7.29034423828125
71.7,-0.6823474764823914,6.469132900238037,7.292738437652588
71.72,-0.6560112833976746,6.53377628326416,7.271190643310547
71.74,-0.5913678407669067,6.387730121612549,7.232883453369141
71.76,-0.6751648783683777,6.4834980964660645,7.314286231994629
71.78,-0.646434485912323,6.581660270690918,7.450755596160889
71.8,-0.6057330369949341,6.519411087036133,7.393294811248779
71.82,-0.6536170840263367,6.495469093322754,7.390900611877441
71.84,-0.7374141216278076,6.449979305267334,7.347805023193359
71.86,-0.7781155705451965,6.447585105895996,7.364564418792725
71.88,-0.7829039692878723,6.4595561027526855,7.206547260284424
71.9,-0.7326257228851318,6.5265936851501465,7.252037048339844
71.92,-0.8355764150619507,6.63433313369751,7.3023152351379395
71.94,-0.7924807667732239,6.449979305267334,7.354987621307373
71.96,-0.8236053586006165,6.471527099609375,7.383718013763428
71.98,-0.6967126727104187,6.45476770401001,7.354987621307373
