# Time (seconds),Pressure,Temp,Pressure (high-pass),Temperature (high-pass)
0.0078125,957.7783203125,29.18836212158203,0.0,0.0
0.0234375,957.7001953125,29.18760681152344,-0.07659912109375,-0.0007494091987574336
0.0390625,957.7001342773438,29.18425750732422,-0.07516288757324219,-0.00406669219955802
0.0546875,957.6930541992188,29.18389129638672,-0.0806366577744484,-0.004398271081299754
0.0703125,957.6997680664062,29.18760681152344,-0.07247898608329706,-0.000677421913760412
0.0859375,957.6940307617188,29.18389129638672,-0.07668862884167993,-0.004358617229776485
0.1015625,957.70654296875,29.1741943359375,-0.06292297607194541,-0.01394576847837925
0.1171875,957.6986694335938,29.17792510986328,-0.06941376686825151,-0.010135189907657605
0.1328125,957.7015991210938,29.179786682128903,-0.06518556219305083,-0.00820898000420911
0.1484375,957.6993408203124,29.1812744140625,-0.06612660002565462,-0.006668738320058765
0.1640625,957.6897583007812,29.1741943359375,-0.07423042581547179,-0.013641403816581743
0.1796875,957.7146606445312,29.16786193847656,-0.04836464296261056,-0.019817755955042315
0.1953125,957.6956176757812,29.17718505859375,-0.06609105679638105,-0.010412646495367994
0.2109375,957.6935424804688,29.16637420654297,-0.06683487999737281,-0.02105768996375801
0.2265625,957.6824951171876,29.17271423339844,-0.07636110571445442,-0.014602681365250447
0.2421875,957.7052612304688,29.17271423339844,-0.052548215237379736,-0.014488597917083013
0.2578125,957.7034912109376,29.17718505859375,-0.05325733174572633,-0.009939508872385261
0.2734375,957.696533203125,29.179786682128903,-0.05903925870757121,-0.007280558108035962
0.2890625,957.7079467773438,29.17271423339844,-0.04669549533866757,-0.014240873972571677
0.3046875,957.7064819335938,29.164138793945312,-0.047219707465842475,-0.022638060977062224
0.3203125,957.7135620117188,29.16712188720703,-0.03935565220524495,-0.019501413280067936
0.3359375,957.69921875,29.17345428466797,-0.05265010701145911,-0.01306613288304348
0.3515625,957.7114868164062,29.17047882080078,-0.03959332887461642,-0.015916271775619606
0.3671875,957.6915283203124,29.164512634277344,-0.05838870338709512,-0.021711501593596694
0.3828125,957.7075805664062,29.16377258300781,-0.04150957336173633,-0.02227615010638928
0.3984375,957.7056274414062,29.17904663085937,-0.04261381753440219,-0.006947398330961363
0.4140625,957.7090454101562,29.18760681152344,-0.03843030486279986,0.0016001824711295853
0.4296875,957.70263671875,29.17904663085937,-0.04396323462322016,-0.006905623207057232
0.4453125,957.7059936523438,29.172332763671875,-0.03981320921252518,-0.013513088125847617
0.4609375,957.6959838867188,29.17718505859375,-0.048849869860191575,-0.008593130757066803
0.4765625,957.70703125,29.1741943359375,-0.037064176372268776,-0.011493354558524516
0.4921875,957.7054443359376,29.186866760253903,-0.03789618632458769,0.001169858275396507
0.5078125,957.7080078125,29.175689697265625,-0.03464261777469346,-0.009929023426060724
0.5234375,957.71484375,29.16004180908203,-0.027263581050533503,-0.025377091987703437
0.5390625,957.7118530273438,29.17271423339844,-0.0296633993375508,-0.012605412455112486
0.5546875,957.7145385742188,29.168243408203125,-0.02645094128160963,-0.016942829543783233
0.5703125,957.7140502929688,29.168243408203125,-0.026413065841552452,-0.016810463687971122
0.5859375,957.7140502929688,29.16153717041016,-0.025897185649341736,-0.023332977250618114
0.6015625,957.7120971679688,29.172332763671875,-0.02730635926945979,-0.012439435676490973
0.6171875,957.7034912109376,29.1741943359375,-0.03521090387289405,-0.010495223852966973
0.6328125,957.7115478515624,29.16712188720703,-0.026623906544045894,-0.01743042514137727
0.6484375,957.7200317382812,29.168243408203125,-0.01778572256296229,-0.01618149083164866
0.6640625,957.7127685546876,29.175315856933597,-0.024559669708196452,-0.009037877709761943
0.6796875,957.7135009765624,29.171958923339844,-0.023361871899169273,-0.012297976840205394
0.6953125,957.7144165039062,29.1812744140625,-0.022007939388231534,-0.0029591854447552635
0.7109375,957.7154541015624,29.187240600585938,-0.02056076474514157,0.00298350888275678
0.7265625,957.7149047851562,29.1741943359375,-0.02069777487884039,-0.009984140486260173
0.7421875,957.7146606445312,29.1812744140625,-0.02053289371667688,-0.002881374374062773
0.7578125,957.7074584960938,29.16786193847656,-0.02719334211212754,-0.016166554257189603
0.7734375,957.712158203125,29.18574523925781,-0.022054306270661073,0.0017033344418422303
0.7890625,957.7159423828124,29.17047882080078,-0.01791328817341764,-0.013457122421318246
0.8046875,957.7142944335938,29.1812744140625,-0.019179181974209314,-0.002640735963041152
0.8203125,957.7093505859376,29.1812744140625,-0.023651876707845076,-0.0026201052133316693
0.8359375,957.7141723632812,29.18202209472656,-0.01846232398600023,-0.0018577962324819453
0.8515625,957.7154541015624,29.18202209472656,-0.01684502739033178,-0.0018432821994167625
0.8671875,957.7154541015624,29.18389129638672,-0.016516022949076614,2.57169649557909e-05
0.8828125,957.7218627929688,29.18389129638672,-0.009909922723522868,2.5516051167073783e-05
0.8984375,957.7022705078124,29.17792510986328,-0.028925992882250284,-0.005894258984206147
0.9140625,957.7059326171876,29.1741943359375,-0.02477044828231101,-0.0095498373403764
0.9296875,957.7146606445312,29.17904663085937,-0.015729092404740186,-0.004660842868361215
0.9453125,957.7090454101562,29.181655883789062,-0.02092744539731939,-0.0020355618922742735
0.9609375,957.7154541015624,29.17792510986328,-0.014235184577273685,-0.00572128631947777
0.9765625,957.7070922851562,29.1741943359375,-0.02215565330800473,-0.009378216024593655
0.9921875,957.7134399414062,29.183135986328125,-0.01549924711548556,-0.00043315496495210937
1.0078125,957.7046508789062,29.17718505859375,-0.02381392856830189,-0.0063342070532392825
1.0234375,957.7218017578124,29.1812744140625,-0.006532911973408773,-0.002227313681483878
1.0390625,957.7044067382812,29.172332763671875,-0.023460589092337614,-0.0110817065402955
1.0546875,957.7009887695312,29.18612670898437,-0.02635358600946347,0.00269104940679199
1.0703125,957.7110595703124,29.17904663085937,-0.015964762079306638,-0.004354739431345678
1.0859375,957.7078857421876,29.198043823242188,-0.01876478961412431,0.014528058787785625
1.1015625,957.7240600585938,29.181655883789062,-0.002539878028187559,-0.0018453503476401067
1.1171875,957.7141723632812,29.18760681152344,-0.012184847298840396,0.004073502563404219
1.1328125,957.7210693359376,29.1741943359375,-0.005184595840887596,-0.0092660122957966
1.1484375,957.7146606445312,29.181655883789062,-0.011366855855726499,-0.0017903670657624104
1.1640625,957.7154541015624,29.18389129638672,-0.010366887128839153,0.00044156861367739
1.1796875,957.7041015625,29.1741943359375,-0.02129521864844719,-0.009183084086824778
1.1953125,957.709716796875,29.16004180908203,-0.015373734580634846,-0.0231533014818055
1.2109375,957.7051391601562,29.165252685546875,-0.019561696078653767,-0.01780224982151779
1.2265625,957.7056884765624,29.17047882080078,-0.0186410441319822,-0.012477863672550882
1.2421875,957.7081909179688,29.172332763671875,-0.01582339564117774,-0.010540921420194138
1.2578125,957.7070922851562,29.165252685546875,-0.01659152008539877,-0.017483335486247142
1.2734375,957.70263671875,29.164138793945312,-0.020636010583643838,-0.018451936251185685
1.2890625,957.71044921875,29.1741943359375,-0.012573051392564594,-0.0083307974288509
1.3046875,957.7115478515624,29.17271423339844,-0.011250308842249979,-0.009734252311911717
1.3203125,957.7095947265624,29.17345428466797,-0.012945554275006543,-0.008923933846741505
1.3359375,957.7114868164062,29.16712188720703,-0.010837576453923248,-0.015137141219337735
1.3515625,957.7108154296876,29.173828125,-0.01128417873565013,-0.008365036993350117
1.3671875,957.7115478515624,29.1741943359375,-0.010345667859724017,-0.007936335227288538
1.3828125,957.7213745117188,29.164512634277344,-0.000508870834210029,-0.017480395974260432
1.3984375,957.7056884765624,29.169357299804688,-0.0158785992329058,-0.012537013802798924
1.4140625,957.714111328125,29.168983459472656,-0.0073101275986573455,-0.012809988086900148
1.4296875,957.7153930664062,29.1741943359375,-0.005910647338509989,-0.007539743562510637
1.4453125,957.7115478515624,29.174575805664062,-0.009565317999090439,-0.007102349821604292
1.4609375,957.7116088867188,29.16712188720703,-0.009318652318484055,-0.014442547432707897
1.4765625,957.6954345703124,29.16153717041016,-0.02499505917944589,-0.019870801227785506
1.4921875,957.7120971679688,29.16153717041016,-0.008169718134013237,-0.01971556059319468
1.5078125,957.7052612304688,29.16153717041016,-0.014712576422425627,-0.01956153277605921
1.5234375,957.7151489257812,29.16786193847656,-0.00473064515074384,-0.01313335248536518
1.5390625,957.7005004882812,29.18389129638672,-0.019000584942773457,0.002873380382414581
1.5546875,957.7047729492188,29.1812744140625,-0.01444046533333676,0.00025449416711609274
1.5703125,957.7154541015624,29.1741943359375,-0.003685888907853041,-0.006772259083213328
1.5859375,957.7146606445312,29.1812744140625,-0.004391858713574948,0.0003054142055241016
1.6015625,957.7020263671876,29.17047882080078,-0.01669359433731188,-0.01040822453231982
1.6171875,957.7142944335938,29.1741943359375,-0.004339091838801323,-0.006640422603446439
1.6328125,957.7103881835938,29.1741943359375,-0.00808430000597582,-0.006588544301855848
1.6484375,957.7115478515624,29.17866516113281,-0.00678938531791573,-0.002101174426027086
1.6640625,957.7120361328124,29.172332763671875,-0.006178035629091028,-0.008367684606593428
1.6796875,957.7145385742188,29.17792510986328,-0.003603805273087346,-0.002753656083818612
1.6953125,957.7249755859376,29.18389129638672,0.00669974538243423,0.003187432545558977
1.7109375,957.7157592773438,29.17755126953125,-0.0024674115861671453,-0.003127964666862937
1.7265625,957.7150268554688,29.17792510986328,-0.0031373367138485264,-0.002732607738465731
1.7421875,957.7120361328124,29.17792510986328,-0.006008370710674171,-0.0027112592405096336
1.7578125,957.7138671875,29.172332763671875,-0.004095727819503736,-0.008238733514478014
1.7734375,957.7041015625,29.175689697265625,-0.013590623272193625,-0.004843660858846022
1.7890625,957.708740234375,29.1741943359375,-0.008777108596518701,-0.006289498576133923
1.8046875,957.7103881835938,29.16786193847656,-0.006989917983673877,-0.012523287474284217
1.8203125,957.7078857421876,29.16712188720703,-0.009306961745437548,-0.01315971890987555
1.8359375,957.7127075195312,29.18202209472656,-0.0043975831439411195,0.0017268910423879902
1.8515625,957.694580078125,29.16712188720703,-0.022085082664489164,-0.01307039994216197
1.8671875,957.7127075195312,29.1741943359375,-0.003880343577407075,-0.005951092217852505
1.8828125,957.7146606445312,29.16637420654297,-0.0018895775896226041,-0.013663633943536979
1.8984375,957.712646484375,29.183135986328125,-0.0038274928680266385,0.003073941577230954
1.9140625,957.7046508789062,29.16712188720703,-0.011592178447358492,-0.012839062563053005
1.9296875,957.7035522460938,29.171958923339844,-0.012442943852420285,-0.007939510598752975
1.9453125,957.708251953125,29.18202209472656,-0.00759200172706187,0.0021070696880549633
1.9609375,957.7062377929688,29.179786682128903,-0.009418541534046199,-0.00012734023061966582
1.9765625,957.7005004882812,29.16488647460937,-0.014859833599984995,-0.014910145033351085
1.9921875,957.6976928710938,29.182395935058597,-0.017322383389341667,0.0025790082641883316
2.0078125,957.6995849609376,29.17010498046875,-0.015128920624647435,-0.009636071744989039
2.0234375,957.7099609375,29.1741943359375,-0.004660113123577503,-0.005503382555332337
2.0390625,957.7054443359376,29.173828125,-0.008997481977303323,-0.005823737293670916
2.0546875,957.6986694335938,29.1812744140625,-0.015464329939845811,0.0016098755831350786
2.0703125,957.7074584960938,29.1741943359375,-0.006544891122644003,-0.005427466584507101
2.0859375,957.6981201171876,29.17345428466797,-0.01557304991104047,-0.006119334120803899
2.1015625,957.6918334960938,29.17718505859375,-0.021432724305554984,-0.002369899568499534
2.1171875,957.7057495117188,29.175689697265625,-0.007369897964167649,-0.0038350635458712645
2.1328125,957.7037963867188,29.181655883789062,-0.009140932671925839,0.002114473579304388
2.1484375,957.7154541015624,29.172332763671875,0.0024676262698903884,-0.007152328986805401
2.1640625,957.697265625,29.174949645996094,-0.01541380243520507,-0.004500013485536414
2.1796875,957.685302734375,29.17904663085937,-0.026841992023832972,-0.0003998799611473203
2.1953125,957.69921875,29.16712188720703,-0.012673515922301704,-0.01222833749150709
2.2109375,957.70654296875,29.171958923339844,-0.0052448187119580325,-0.007333556816828235
2.2265625,957.6873779296876,29.16712188720703,-0.02393310273964744,-0.012075510192222083
2.2421875,957.6893310546876,29.17345428466797,-0.02155068129945903,-0.005698244663072671
2.2578125,957.6820068359376,29.168983459472656,-0.028310937157812077,-0.01008962400011626
2.2734375,957.6901245117188,29.17345428466797,-0.019798861740468965,-0.005574901939141341
2.2890625,957.6795043945312,29.17047882080078,-0.02982485824577452,-0.008483566073465454
2.3046875,957.692138671875,29.16786193847656,-0.01685482736877475,-0.011013726144579294
2.3203125,957.6912841796876,29.17345428466797,-0.017363434408594003,-0.005379025422286077
2.3359375,957.6875610351562,29.165252685546875,-0.02067473169506684,-0.013474525914134006
2.3515625,957.6879272460938,29.17271423339844,-0.019911869961561024,-0.005966001671453114
2.3671875,957.6806640625,29.1593017578125,-0.026644290790613923,-0.01922708290382147
2.3828125,957.7037963867188,29.16786193847656,-0.0034433734747381095,-0.010583567066014155
2.3984375,957.678955078125,29.1741943359375,-0.02773224687189213,-0.004217957342532941
2.4140625,957.6820678710938,29.1741943359375,-0.024138605194139018,-0.004185004550794957
2.4296875,957.6925659179688,29.16004180908203,-0.013374141164490538,-0.018194269442151523
2.4453125,957.696533203125,29.169723510742188,-0.009223128351777632,-0.008446063346198684
2.4609375,957.7037963867188,29.16786193847656,-0.0019216645869164495,-0.01022710720861042
2.4765625,957.704833984375,29.165252685546875,-0.0008667999984481867,-0.012736076074713054
2.4921875,957.6915283203124,29.168983459472656,-0.013895658122351051,-0.00893494822589247
2.5078125,957.6883544921876,29.16637420654297,-0.016736097843818243,-0.011454012084051612
2.5234375,957.6923828125,29.17345428466797,-0.012459578751531808,-0.004339762599997243
2.5390625,957.6925048828124,29.17345428466797,-0.012096541477490064,-0.004305858204684654
2.5546875,957.6820068359376,29.1741943359375,-0.022153287798460042,-0.0035379490684732673
2.5703125,957.6931762695312,29.16712188720703,-0.010769325802357343,-0.010527504066136117
2.5859375,957.6844482421876,29.168983459472656,-0.019116545467340984,-0.008598229208320873
2.6015625,957.6975708007812,29.16004180908203,-0.005876916817555866,-0.017402849289577915
2.6171875,957.6984252929688,29.15631103515625,-0.0049243303990351706,-0.020968516783987923
2.6328125,957.697998046875,29.168983459472656,-0.00524705351438115,-0.00823127924518019
2.6484375,957.6993408203124,29.171592712402344,-0.0038280246067188273,-0.005578104234903236
2.6640625,957.7034301757812,29.16786193847656,0.0002562267437724586,-0.009236152550059273
2.6796875,957.7232666015624,29.16712188720703,0.01970021790532428,-0.009898264727247863
2.6953125,957.7120971679688,29.15966796875,0.008364167430613634,-0.017216619253151322
2.7109375,957.7377319335938,29.172332763671875,0.033334891394360966,-0.004516263203687032
2.7265625,957.7255859375,29.16786193847656,0.020775049689291336,-0.008916876770886262
2.7421875,957.7472534179688,29.18090057373047,0.0416135744908388,0.0040895572448746975
2.7578125,957.7430419921876,29.17718505859375,0.03667163799275386,0.00037111990418736696
2.7734375,957.755615234375,29.1954345703125,0.04828306611409516,0.018475157938382836
2.7890625,957.760498046875,29.18836212158203,0.05212748254746202,0.011313625542229033
2.8046875,957.7592163085938,29.189476013183597,0.049852663323463275,0.012330427166109104
2.8203125,957.7667236328124,29.200279235839844,0.05623967528538287,0.022952918183118953
2.8359375,957.76904296875,29.19618225097656,0.05741528053499678,0.018708621340774556
2.8515625,957.745849609375,29.205490112304688,0.03355352426228819,0.027797603898051193
2.8671875,957.7756958007812,29.20884704589844,0.06216143997187373,0.030911142667651603
2.8828125,957.7637939453124,29.217041015625,0.04927795199319007,0.038799603703630225
2.8984375,957.7850341796876,29.226730346679688,0.06914087804091196,0.04811011495552009
2.9140625,957.7744140625,29.23418426513672,0.05737777724289117,0.05512993940151745
2.9296875,957.75927734375,29.240142822265625,0.041416037819203666,0.06061124265128015
2.9453125,957.7758178710938,29.24201202392578,0.05682460099956188,0.06199231584025355
2.9609375,957.7809448242188,29.25579071044922,0.06074156283307275,0.07517904140772558
2.9765625,957.7848510742188,29.265846252441406,0.06338516023868124,0.08456868821710017
2.9921875,957.7921142578124,29.2811279296875,0.06926849336684882,0.09907028448301247
3.0078125,957.7642822265624,29.289695739746094,0.04062715621614643,0.10679717192800098
3.0234375,957.789794921875,29.298263549804688,0.06484805755360412,0.11446369306482396
3.0390625,957.7907104492188,29.31949615478516,0.06447913987983611,0.1346361707168171
3.0546875,957.79052734375,29.3243408203125,0.06304025248903145,0.1383911422109989
3.0703125,957.7824096679688,29.339996337890625,0.05384987013144382,0.15284317025952276
3.0859375,957.7952270507812,29.35302734375,0.06536515815992061,0.16457828411796882
3.1015625,957.7947387695312,29.36532592773437,0.06360975040774974,0.17549501757029162
3.1171875,957.7979736328124,29.369796752929688,0.0655390548278092,0.1785598596189999
3.1328125,957.8014526367188,29.39252471923828,0.06767004977450597,0.19971526478753532
3.1484375,957.7928466796876,29.3958740234375,0.057910497181978826,0.20147812704154333
3.1640625,957.7926635742188,29.419723510742188,0.05659990359367839,0.22356724235915237
3.1796875,957.7970581054688,29.42829132080078,0.059803137288099606,0.23032149732073393
3.1953125,957.803466796875,29.4454345703125,0.06491862891516575,0.2455314284978236
3.2109375,957.7893676757812,29.45884704589844,0.049826939309241425,0.2569209048331089
3.2265625,957.7969360351562,29.47449493408203,0.05627429675678286,0.2704393493212578
3.2421875,957.7789916992188,29.4886474609375,0.037581328772034794,0.28236850214409515
3.2578125,957.8112182617188,29.49237823486328,0.06844445589558745,0.2838641254755814
3.2734375,957.7955932617188,29.49982452392578,0.05178782589757702,0.28903455192450167
3.2890625,957.8185424804688,29.51844787597656,0.07327733674435422,0.3052543266004726
3.3046875,957.8003540039062,29.530746459960938,0.054012905881450024,0.3150720284709081
3.3203125,957.8114013671876,29.5318603515625,0.06378956078071951,0.3137157175719061
3.3359375,957.81591796875,29.5318603515625,0.0669720576098598,0.3112648135283749
3.3515625,957.7987060546876,29.55235290527344,0.048788265743837655,0.32916551280775863
3.3671875,957.818115234375,29.547508239746094,0.0668654640751356,0.32178709066103295
3.3828125,957.824951171875,29.576950073242188,0.07226192107566476,0.34848494818714926
3.3984375,957.8416137695312,29.582534790039062,0.08718771172539164,0.3513034957263379
3.4140625,957.8128051757812,29.595947265625,0.05723890082742855,0.361866627786398
3.4296875,957.81787109375,29.59632110595703,0.06108792780401018,0.3594104644612557
3.4453125,957.7964477539062,29.61532592773437,0.03888988897665513,0.375458916814857
3.4609375,957.8077392578124,29.62127685546875,0.04920128755304631,0.3784300801386955
3.4765625,957.7904663085938,29.62686920166016,0.031304737976370234,0.3810222511244028
3.4921875,957.794189453125,29.63954162597656,0.03434374417736308,0.3906189357889218
3.5078125,957.8164672851562,29.64997100830078,0.05551568604823842,0.39791512812788454
3.5234375,957.8248901367188,29.65630340576172,0.06268973804799316,0.40108934179516
3.5390625,957.7967529296876,29.66151428222656,0.03387767689548582,0.4031259978048425
3.5546875,957.7973022460938,29.66151428222656,0.03375459108872292,0.39997657594699376
3.5703125,957.7973022460938,29.687599182128903,0.03309532173148,0.42273287056926634
3.5859375,957.8154296875,29.68685913085937,0.050222318545252165,0.41869600039895616
3.6015625,957.8141479492188,29.701385498046875,0.04798470955574885,0.4298378178396902
3.6171875,957.8016357421876,29.70287322998047,0.03477968020968092,0.4279558189156809
3.6328125,957.81396484375,29.69915008544922,0.04618868837803802,0.4209183566158039
3.6484375,957.8240966796876,29.72113037109375,0.05522051407513118,0.43943849661767587
3.6640625,957.8246459960938,29.718894958496094,0.05468057597965981,0.4337874349261135
3.6796875,957.8009643554688,29.72895812988281,0.030393487398555408,0.4403830234510089
3.6953125,957.8107299804688,29.72895812988281,0.03937475473446739,0.4369425310802981
3.7109375,957.7855224609376,29.736404418945312,0.013890531390757133,0.44091703248543723
3.7265625,957.7998046875,29.747581481933597,0.027622508774356902,0.4485621103528352
3.7421875,957.8145751953124,29.74237060546875,0.04156502798150541,0.4398875523732393
3.7578125,957.7980346679688,29.744598388671875,0.02453574085973287,0.4386613095171725
3.7734375,957.8001098632812,29.759506225585938,0.026091191325122054,0.45002563747474156
3.7890625,957.812255859375,29.75763702392578,0.0374903673521203,0.44465521365978233
3.8046875,957.81201171875,29.76360321044922,0.036518761361321594,0.4471009204942895
3.8203125,957.8077392578124,29.763229370117188,0.0316164898686111,0.44323702484848937
3.8359375,957.8045654296876,29.762481689453125,0.027887141006658567,0.4390323961829843
3.8515625,957.8112182617188,29.77552032470703,0.033865364189409775,0.4485392265037902
3.8671875,957.8169555664062,29.783721923828125,0.038829179250456036,0.45317253792469003
3.8828125,957.8068237304688,29.7822265625,0.028136848326425934,0.44814844865440406
3.8984375,957.8176879882812,29.793777465820312,0.038239365784647816,0.4561079507874126
3.9140625,957.8128051757812,29.80049133300781,0.03270505810326085,0.45920602252197895
3.9296875,957.8037109375,29.789306640625,0.02314967099732712,0.44452116349745907
3.9453125,957.80859375,29.80458068847656,0.02748497405400485,0.4562030612603536
3.9609375,957.8207397460938,29.80160522460937,0.038856927762026316,0.4496867567885303
3.9765625,957.809326171875,29.82246398925781,0.02690735054443394,0.46686938455074056
3.9921875,957.8287963867188,29.822097778320312,0.045471753564243045,0.46285861756939184
4.0078125,957.8165283203124,29.82284545898437,0.032555177643075695,0.459984374028501
4.0234375,957.8109741210938,29.81128692626953,0.026473615564555075,0.4449225144283986
4.0390625,957.8079223632812,29.83216094970703,0.022964399592865448,0.46215750241382025
4.0546875,957.813232421875,29.84258270263672,0.027722222675151897,0.46888722991113596
4.0703125,957.8052368164062,29.834762573242188,0.01934133171414487,0.45746501379381854
4.0859375,957.8049926757812,29.82805633544922,0.01872419907567746,0.44723722306334324
4.1015625,957.8165283203124,29.83848571777344,0.029668831036360643,0.45409108503297446
4.1171875,957.8225708007812,29.84481811523437,0.03501382495244343,0.4568264240369224
4.1328125,957.8109741210938,29.84295654296875,0.022959779146503934,0.4514104388668372
4.1484375,957.811279296875,29.840347290039062,0.02281056127685588,0.4452949266720161
4.1640625,957.8110961914062,29.854515075683597,0.022185513311796967,0.45587315987657817
4.1796875,957.79296875,29.865692138671875,0.003978812688615108,0.4634013929987226
4.1953125,957.8106689453124,29.879844665527344,0.02125558987597742,0.47382302985533187
4.2109375,957.818359375,29.879844665527344,0.02838066761898972,0.47012128743458703
4.2265625,957.8153076171876,29.884315490722656,0.024834204536887228,0.4708843617499774
4.2421875,957.8059692382812,29.88282012939453,0.015193172786212017,0.4657218988560565
4.2578125,957.8125610351562,29.88282012939453,0.02135948197246762,0.46208344652124467
4.2734375,957.8181762695312,29.88282012939453,0.026447866418834565,0.45847341959529686
4.2890625,957.8088989257812,29.89437866210937,0.01683516089792647,0.46635982768271234
4.3046875,957.8064575195312,29.904808044433597,0.014112626627479585,0.4730642943037573
4.3203125,957.8192138671876,29.909278869628903,0.026344189629867287,0.4738043763779771
4.3359375,957.821533203125,29.910400390625,0.028103691083515514,0.4712155388008412
4.3515625,957.8125610351562,29.91523742675781,0.018757860553932915,0.4723334141919793
4.3671875,957.825927734375,29.92567443847656,0.03149712696460938,0.47899878195830325
4.3828125,957.8301391601562,29.92120361328125,0.0350111200750689,0.47082070710078483
4.3984375,957.8032836914062,29.91523742675781,0.007996361260097729,0.4612228446353335
4.4140625,957.8192138671876,29.940200805664062,0.023459221864868596,0.4823878936701682
4.4296875,957.8070678710938,29.93275451660156,0.011092264330159196,0.47123112332166883
4.4453125,957.8111572265624,29.934234619140625,0.01488510378715091,0.4690181694086988
4.4609375,957.8045654296876,29.93535614013672,0.00813132826169749,0.46646672407350565
4.4765625,957.806640625,29.940940856933597,0.010007177410557233,0.4683635389885836
4.4921875,957.8071899414062,29.941696166992188,0.010350312296964148,0.4654538580389911
4.5078125,957.8115234375,29.95734405517578,0.014397015258055035,0.4773431388302214
4.5234375,957.8102416992188,29.947280883789062,0.012859119223321613,0.4636293426978497
4.5390625,957.8226318359376,29.951004028320312,0.024756106412041845,0.4637012959226219
4.5546875,957.8297729492188,29.951377868652344,0.031274227121002696,0.46044954925266524
4.5703125,957.8175659179688,29.946533203125,0.018694789701612535,0.4520454705712176
4.5859375,957.8157348632812,29.95734405517578,0.01653436518961371,0.45924025760151466
4.6015625,957.8064575195312,29.969635009765625,0.007115282739619033,0.4678473745961149
4.6171875,957.8151245117188,29.969635009765625,0.015474027369918986,0.4641923169820821
4.6328125,957.8151245117188,29.969635009765625,0.015171800272810287,0.46056581450566014
4.6484375,957.831787109375,29.96776580810547,0.031212632344477242,0.4551130455576491
4.6640625,957.8204956054688,29.983795166015625,0.019532043898379925,0.4674616034407144
4.6796875,957.8290405273438,29.97596740722656,0.027528587535584848,0.45604295524030647
4.6953125,957.8084716796876,29.97299194335937,0.006823807459909403,0.4495279015967668
4.7109375,957.80810546875,29.969635009765625,0.0063314715902151875,0.442685257315496
4.7265625,957.8151245117188,29.999435424804688,0.013089762321442322,0.4687943780392878
4.7421875,957.833740234375,29.99720764160156,0.031086237224258184,0.46292154331400326
4.7578125,957.813232421875,30.001296997070312,0.010371814866402929,0.46336237613601483
4.7734375,957.821044921875,30.006149291992188,0.017829152466674714,0.4645567439402498
4.7890625,957.8129272460938,29.990875244140625,0.009521799406456921,0.4457726750254949
4.8046875,957.8162231445312,29.994224548339844,0.01256735218294125,0.44561321376201946
4.8203125,957.8043823242188,30.002052307128903,0.0007123417948378119,0.4498984649530229
4.8359375,957.811279296875,30.00800323486328,0.007460695028271402,0.4522880693070306
4.8515625,957.8033447265624,29.994224548339844,-0.00046461990768875694,0.4350835282305958
4.8671875,957.8197631835938,29.998321533203125,0.015642238742316295,0.43574941533533007
4.8828125,957.8146362304688,30.00316619873047,0.010309908945146162,0.4371519396059327
4.8984375,957.8040161132812,29.99571228027344,-0.00030414948764700966,0.4263410053586796
4.9140625,957.809326171875,29.999435424804688,0.00490813744386287,0.4267042737189115
4.9296875,957.8086547851562,29.979698181152344,0.004154001687538766,0.4037876001441738
4.9453125,957.8014526367188,29.990875244140625,-0.0029886126337714813,0.4117227517017312
4.9609375,957.8162231445312,29.98453521728516,0.011551780038530524,0.4022156723084045
4.9765625,957.8118286132812,29.98267364501953,0.007017458773134422,0.39722633363619053
4.9921875,957.7969360351562,29.95957946777344,-0.007721308426994256,0.3712092489183014
5.0078125,957.800537109375,29.95287322998047,-0.004039760883870258,0.36165533135091366
5.0234375,957.8084106445312,29.940940856933597,0.0037588958686001206,0.346990747692292
5.0390625,957.794189453125,29.932373046875,-0.010257953827931487,0.33577900843343045
5.0546875,957.8111572265624,29.937225341796875,0.006578768445251626,0.3379701212978432
5.0703125,957.8013305664062,29.92120361328125,-0.0031844563259255665,0.319433170963606
5.0859375,957.7952270507812,29.927902221679688,-0.009106566248760828,0.32358387483577644
5.1015625,957.82421875,29.920455932617188,0.019496751466704154,0.31366776088442094
5.1171875,957.7982788085938,29.912635803222656,-0.0063173463860266565,0.3034581968688741
5.1328125,957.8065185546876,29.907791137695312,0.0018848528385433383,0.296280613127923
5.1484375,957.8084716796876,29.896987915039062,0.00376301733388118,0.2832470983586113
5.1640625,957.802490234375,29.87537384033203,-0.0021750993072373603,0.2595890156543028
5.1796875,957.809326171875,29.87611389160156,0.004569806196855097,0.25829524608848686
5.1953125,957.8002319335938,29.87611389160156,-0.004436064270294082,0.25627731447842095
5.2109375,957.7903442382812,29.86680603027344,-0.01404399865339201,0.245040004297568
5.2265625,957.8096923828124,29.859352111816406,0.005200549278583821,0.2357299445449037
5.2421875,957.7952880859376,29.865692138671875,-0.009023986900956515,0.24017879974880785
5.2578125,957.7977905273438,29.85189819335937,-0.00639417155935007,0.22461622276102133
5.2734375,957.8018798828124,29.836631774902344,-0.0022598001514779753,0.20771425895786777
5.2890625,957.8094482421876,29.834014892578125,0.005204876426432747,0.203495053378699
5.3046875,957.8140258789062,29.82433319091797,0.009591448435230632,0.19229918490824005
5.3203125,957.8050537109376,29.80943298339844,0.0006071851449860333,0.17601304787786276
5.3359375,957.7978515625,29.810546875,-0.006466155415864705,0.17574313526473873
5.3515625,957.8053588867188,29.7960205078125,0.001020833474740357,0.15995726207663452
5.3671875,957.7915649414062,29.784835815429688,-0.012523636997229914,0.14761028399308884
5.3828125,957.7786254882812,29.77925109863281,-0.024965764143303204,0.14091599245249142
5.3984375,957.804443359375,29.776275634765625,0.000835464236615735,0.13686286820573557
5.4140625,957.80419921875,29.76993560791016,0.0005797743223183716,0.12950313165222127
5.4296875,957.803466796875,29.755035400390625,-0.00014966615515277226,0.1137075887879
5.4453125,957.8013305664062,29.75689697265625,-0.0022412502054294237,0.11466627698279552
5.4609375,957.7935180664062,29.741622924804688,-0.009857387896772707,0.09861572734114432
5.4765625,957.8059692382812,29.74945068359375,0.002543124134945174,0.10561189639481583
5.4921875,957.7908325195312,29.73827362060547,-0.012347625970278386,0.09369706127054656
5.5078125,957.7964477539062,29.729331970214844,-0.00660089957193577,0.0840932592324215
5.5234375,957.8021850585938,29.704360961914062,-0.0008467277968975395,0.05866035834623773
5.5390625,957.7982788085938,29.69654083251953,-0.004660146199285009,0.05044303966302266
5.5546875,957.7986450195312,29.711448669433597,-0.0042100693386828425,0.06484032285382924
5.5703125,957.8150024414062,29.70250701904297,0.011910099557098874,0.05546196408458215
5.5859375,957.7992553710938,29.687599182128903,-0.0037620299203808827,0.04023729805199494
5.6015625,957.797607421875,29.68983459472656,-0.005304315484067956,0.042140892597700486
5.6171875,957.8047485351562,29.67939758300781,0.0018009228401751898,0.03145619430958391
5.6328125,957.79248046875,29.674560546875,-0.010262707168294583,0.02641119600351871
5.6484375,957.7999877929688,29.66450500488281,-0.0027015668763397116,0.016227875464362995
5.6640625,957.7951049804688,29.659278869628903,-0.007436246966676663,0.010915789115063745
5.6796875,957.7933959960938,29.654067993164062,-0.008966613542042978,0.005660343020142733
5.6953125,957.8118286132812,29.648101806640625,0.009281120761784223,-0.00030345410092635916
5.7109375,957.8112182617188,29.63916015625,0.008501418238324732,-0.009172877112710864
5.7265625,957.7960815429688,29.64102935791016,-0.006505704798541956,-0.007246615488078589
5.7421875,957.8018798828124,29.64215087890625,-0.0006935492331194837,-0.006077242191270926
5.7578125,957.7835693359376,29.62910461425781,-0.018632922355777737,-0.018974104442527562
5.7734375,957.8042602539062,29.63842010498047,0.0020178003860564786,-0.009583155800182652
5.7890625,957.7998046875,29.626129150390625,-0.002390153402643591,-0.02170321890260496
5.8046875,957.7947387695312,29.64289093017578,-0.007310444977406405,-0.004902834124344224
5.8203125,957.7927856445312,29.622772216796875,-0.009082640876272308,-0.02482606666337972
5.8359375,957.7949829101562,29.619796752929688,-0.006750895265895451,-0.027584331073295942
5.8515625,957.8001098632812,29.6104736328125,-0.0015922245210049368,-0.036619111728057874
5.8671875,957.7924194335938,29.6104736328125,-0.00910135236847509,-0.0363330249176812
5.8828125,957.7930297851562,29.61345672607422,-0.008325160946469623,-0.03308938531489858
5.8984375,957.8001098632812,29.604888916015625,-0.0012207647976083535,-0.04133174853463828
5.9140625,957.8016967773438,29.597442626953125,0.00035899791203064524,-0.04839695917841169
5.9296875,957.7971801757812,29.606002807617188,-0.004076400454209761,-0.039525553682207004
5.9453125,957.788818359375,29.59557342529297,-0.012195282937454976,-0.04956466306887464
5.9609375,957.7981567382812,29.576950073242188,-0.0028011051243765905,-0.06765529625153377
5.9765625,957.8096923828124,29.5888671875,0.008563942933960789,-0.05530272744689668
5.9921875,957.7869262695312,29.584396362304688,-0.013924784207574703,-0.05930657176219256
6.0078125,957.8080444335938,29.58179473876953,0.007052884154632011,-0.06142453752158872
6.0234375,957.8027954101562,29.58179473876953,0.001768629062553373,-0.06094465832219953
6.0390625,957.7893676757812,29.576202392578125,-0.011431388411779153,-0.0660171841658439
6.0546875,957.8034057617188,29.5601806640625,0.0025557854646649503,-0.08139798367614404
6.0703125,957.78515625,29.576950073242188,-0.015387208163133437,-0.06412366375820255
6.0859375,957.8004760742188,29.565025329589844,-6.606785177609709e-05,-0.07545427922765313
6.1015625,957.7832641601562,29.566146850585938,-0.016940521329956937,-0.07375203355787363
6.1171875,957.7900390625,29.566146850585938,-0.009967071740334177,-0.0731758457957028
6.1328125,957.786376953125,29.561676025390625,-0.013362986171728153,-0.07704005637389955
6.1484375,957.7938842773438,29.572479248046875,-0.005741293555502125,-0.06571935845423127
6.1640625,957.8031005859376,29.56092071533203,0.003407143650861144,-0.07667415764431595
6.1796875,957.8067626953124,29.56055450439453,0.006931181677487075,-0.07643849070226949
6.1953125,957.7858276367188,29.55868530273437,-0.013730363695117376,-0.07769591351584637
6.2109375,957.801513671875,29.561294555664062,0.0019174747528722946,-0.0745000460503249
6.2265625,957.8018798828124,29.54900360107422,0.002239082454138952,-0.0861129459476686
6.2421875,957.7986450195312,29.544158935546875,-0.0009763319827698069,-0.09024700513536388
6.2578125,957.7926635742188,29.54639434814453,-0.006821883207521751,-0.08732400197100532
6.2734375,957.7990112304688,29.551612854003903,-0.0004649647122505485,-0.08146404692326215
6.2890625,957.8069458007812,29.547142028808597,0.007323714865833608,-0.08526350593013987
6.3046875,957.7911987304688,29.548629760742188,-0.008258836785557833,-0.08312127576220263
6.3203125,957.7826538085938,29.537826538085938,-0.016475560249205046,-0.0931907132745593
6.3359375,957.79443359375,29.54937744140625,-0.004604060735687199,-0.08100199893898008
6.3515625,957.795654296875,29.533729553222656,-0.003317276407301506,-0.09589480987942878
6.3671875,957.7958374023438,29.533729553222656,-0.0030729566624358995,-0.09514563167724432
6.3828125,957.7810668945312,29.540802001953125,-0.01749495930937428,-0.08738511120500547
6.3984375,957.7996826171876,29.533729553222656,0.0010988734378543086,-0.09371961024847764
6.4140625,957.8050537109376,29.530746459960938,0.006343600641230296,-0.09594721363902181
6.4296875,957.7788696289062,29.532981872558597,-0.019452971988016543,-0.09297967759572501
6.4453125,957.7835083007812,29.5244140625,-0.014524958313927527,-0.10075414790702197
6.4609375,957.7857055664062,29.525909423828125,-0.012086917441138212,-0.09848332730874887
6.4765625,957.7801513671876,29.5318603515625,-0.017296563599984438,-0.09180949020269935
6.4921875,957.783935546875,29.514732360839844,-0.013248470164285209,-0.10808640685562665
6.5078125,957.7894287109376,29.516586303710938,-0.00760383527938302,-0.10540252285965224
6.5234375,957.7791748046876,29.5169677734375,-0.01750895751513326,-0.10420057615548828
6.5390625,957.7970581054688,29.51920318603516,0.0003670318741342271,-0.10116856071753233
6.5546875,957.7972412109376,29.515846252441406,0.0005393924730014987,-0.10370888888697749
6.5703125,957.788330078125,29.51920318603516,-0.008208229786077936,-0.09956795564249532
6.5859375,957.7972412109376,29.50727081298828,0.0006891744518497944,-0.11062923237148681
6.6015625,957.780029296875,29.50727081298828,-0.01620002985271185,-0.10976494149358373
6.6171875,957.7899169921876,29.500946044921875,-0.006189046756162497,-0.11518275870405148
6.6328125,957.8009643554688,29.49274444580078,0.004763427530292574,-0.12242041752963573
6.6484375,957.800048828125,29.512115478515625,0.0037727458860672414,-0.10224431149592661
6.6640625,957.7830200195312,29.50355529785156,-0.012997155232937985,-0.10993883206499433
6.6796875,957.8030395507812,29.50653076171875,0.006885220235517409,-0.10612771688375844
6.6953125,957.7958984375,29.493858337402344,-0.0002508951346271715,-0.11787201509703849
6.7109375,957.7798461914062,29.50653076171875,-0.015984720501251104,-0.10437771897765913
6.7265625,957.7958984375,29.49647521972656,6.620673332236038e-05,-0.11353925111852448
6.7421875,957.7825317382812,29.49647521972656,-0.013040717241551647,-0.11265222571915956
6.7578125,957.7947998046876,29.4815673828125,-0.0007575599985329973,-0.1265634996438969
6.7734375,957.7883911132812,29.484176635742188,-0.007026285557117262,-0.12298585416175456
6.7890625,957.772705078125,29.49535369873047,-0.022268720699457845,-0.11093528499242922
6.8046875,957.7916259765624,29.49088287353516,-0.00328243510853099,-0.11450449995189516
6.8203125,957.7942504882812,29.47784423828125,-0.0006450733234260042,-0.1265467044620081
6.8359375,957.7854614257812,29.47373962402344,-0.009249875358136705,-0.12963060529231996
6.8515625,957.8028564453124,29.480445861816406,0.007986059325844508,-0.12196402087826641
6.8671875,957.7992553710938,29.47002410888672,0.004299340866850798,-0.13135150995007905
6.8828125,957.7828979492188,29.47784423828125,-0.011822571613492983,-0.12256629164495791
6.8984375,957.7971801757812,29.46368408203125,0.0024116148132407034,-0.13565827252077867
6.9140625,957.7833251953124,29.468902587890625,-0.011219862420148274,-0.12942070598436217
6.9296875,957.7918701171876,29.47225952148437,-0.0026226956124446588,-0.12507889916881254
6.9453125,957.7891235351562,29.46405792236328,-0.0052644089398654614,-0.13223924439701307
6.9609375,957.79638671875,29.459213256835938,0.001959736086405428,-0.13601294187807156
6.9765625,957.7896118164062,29.45958709716797,-0.004721120041381255,-0.1345794210652116
6.9921875,957.7994384765624,29.457725524902344,0.005005822534371873,-0.13537504807043987
7.0078125,957.7833251953124,29.46405792236328,-0.010890516162589847,-0.12803450490161694
7.0234375,957.7882690429688,29.45884704589844,-0.005830522636983915,-0.13220440182453075
7.0390625,957.790771484375,29.45884704589844,-0.00326307964417083,-0.13117155493527832
7.0546875,957.7816162109376,29.45884704589844,-0.012175807122957849,-0.13014677716234502
7.0703125,957.790771484375,29.45399475097656,-0.002961538887007009,-0.13394439183356965
7.0859375,957.7964477539062,29.4454345703125,0.0026617085613906966,-0.1413912555249901
7.1015625,957.8027954101562,29.443565368652344,0.008833400654907564,-0.14214123486338792
7.1171875,957.7872314453124,29.432762145996094,-0.006599107857141462,-0.15174957894526742
7.1328125,957.802734375,29.42829132080078,0.008729919060328939,-0.15499993223323116
7.1484375,957.7874755859376,29.448410034179688,-0.006401353009778177,-0.133827459332025
7.1640625,957.7890625,29.42791748046875,-0.004720406936712607,-0.1531143879410628
7.1796875,957.8009643554688,29.43090057373047,0.007041185865432453,-0.1489583939396617
7.1953125,957.7804565429688,29.42642974853516,-0.01320360658314712,-0.15223055336047864
7.2109375,957.7940673828124,29.4241943359375,0.0003992794859186688,-0.15325920059909137
7.2265625,957.7981567382812,29.429786682128903,0.004400966303364839,-0.1465132071076276
7.2421875,957.8011474609376,29.44207763671875,0.007247320034707627,-0.13317364116998576
7.2578125,957.8080444335938,29.433883666992188,0.013868036974258757,-0.14026317643642017
7.2734375,957.8072509765624,29.42791748046875,0.012819217053333887,-0.14508694606173478
7.2890625,957.8095703125,29.43052673339844,0.014842878127865333,-0.1413645861544488
7.3046875,957.8068237304688,29.42344665527344,0.01186004031342236,-0.14728494033976602
7.3203125,957.8029174804688,29.426055908203125,0.007798442846365106,-0.1435454086021899
7.3359375,957.7823486328124,29.4241943359375,-0.012520982841010664,-0.14427098882978484
7.3515625,957.7950439453124,29.42791748046875,0.000170924782878501,-0.13944981426495318
7.3671875,957.7936401367188,29.427169799804688,-0.0012088040488151819,-0.13910220199988288
7.3828125,957.7825317382812,29.42344665527344,-0.012076632125285869,-0.14170952351135568
7.3984375,957.7796020507812,29.433502197265625,-0.01471322744509962,-0.13062543478855204
7.4140625,957.791748046875,29.427169799804688,-0.0025170901139972557,-0.13588784918503904
7.4296875,957.7935791015624,29.42344665527344,-0.0006726362971676281,-0.13852028282787643
7.4453125,957.7882080078124,29.42791748046875,-0.00592568844467678,-0.13300219624481358
7.4609375,957.7973022460938,29.44393920898437,0.003106664097686007,-0.11606655782505726
7.4765625,957.7953491210938,29.43090057373047,0.0011310090371807746,-0.12809655875803116
7.4921875,957.7852783203124,29.4383544921875,-0.008765186436676231,-0.11970011967364869
7.5078125,957.8020629882812,29.44915008544922,0.007862851033564766,-0.1080537097993357
7.5234375,957.7958984375,29.44207763671875,0.0016651303254775485,-0.1142267354162918
7.5390625,957.7921142578124,29.43573760986328,-0.002077661679322773,-0.11962483444151317
7.5546875,957.7896118164062,29.448410034179688,-0.004490647947022808,-0.1061168444210061
7.5703125,957.8069458007812,29.45399475097656,0.012592490013389579,-0.09974672037706966
7.5859375,957.790283203125,29.47373962402344,-0.00399061335292572,-0.07937683289792119
7.6015625,957.8009643554688,29.459213256835938,0.006559864401197046,-0.09316958133475595
7.6171875,957.800048828125,29.45399475097656,0.005534096099268027,-0.09761943026293096
7.6328125,957.7964477539062,29.47039031982422,0.0018952675469563474,-0.08058929999796405
7.6484375,957.7969970703124,29.45399475097656,0.002396838172785465,-0.09622717455776808
7.6640625,957.7958984375,29.47373962402344,0.001272849786914776,-0.07588478353033068
7.6796875,957.8009643554688,29.46703338623047,0.006214963697971143,-0.08194577896921373
7.6953125,957.7990112304688,29.47039031982422,0.0041785996609178255,-0.07797487002096659
7.7109375,957.7951049804688,29.477096557617188,0.00026703033165631496,-0.07071184603871572
7.7265625,957.8013916015624,29.49237823486328,0.006425650420851525,-0.05499712059893014
7.7421875,957.800537109375,29.47449493408203,0.005462346549165886,-0.07231104308814906
7.7578125,957.78515625,29.47373962402344,-0.00972479187225872,-0.07249552226278055
7.7734375,957.8065185546876,29.48081970214844,0.011410217643174292,-0.064904385980455
7.7890625,957.8017578125,29.48380279541016,0.00651960288803366,-0.06143753261937235
7.8046875,957.78857421875,29.50019836425781,-0.006533834790388937,-0.04469007342975573
7.8203125,957.806396484375,29.49423217773437,0.011067953669908093,-0.05026050792231018
7.8359375,957.809326171875,29.501319885253903,0.013724249740789674,-0.04283551289963228
7.8515625,957.7991333007812,29.503921508789062,0.003462406407834351,-0.039919562103811757
7.8671875,957.8103637695312,29.50019836425781,0.014405904939962966,-0.043301747989477946
7.8828125,957.8051147460938,29.50839233398437,0.008978036160669944,-0.03483349874523611
7.8984375,957.8109130859376,29.50727081298828,0.014487774910662665,-0.03567412114959723
7.9140625,957.8193359375,29.503921508789062,0.02246315329978188,-0.03871855483827957
7.9296875,957.8091430664062,29.50653076171875,0.01203062825663892,-0.03582719798743028
7.9453125,957.7940673828124,29.514732360839844,-0.0029855816001145286,-0.027409773875191945
7.9609375,957.805419921875,29.516586303710938,0.008203540324529968,-0.025356176074378567
7.9765625,957.8025512695312,29.516586303710938,0.00523069094992934,-0.02515808094879901
7.9921875,957.7896728515624,29.511741638183597,-0.007498357350641527,-0.029768350019296008
8.0078125,957.8051147460938,29.514732360839844,0.0077883899701873816,-0.02656842714927521
8.0234375,957.8011474609376,29.517333984375,0.0037464738607013714,-0.023779562960882572
8.0390625,957.7946166992188,29.51547241210937,-0.0027299072359028287,-0.02544081385755348
8.0546875,957.7889404296876,29.533729553222656,-0.00824199362705258,-0.0071275503009538
8.0703125,957.8050537109376,29.52814483642578,0.007717551536529754,-0.012612952511126707
8.0859375,957.8038940429688,29.51920318603516,0.006429799904253741,-0.02138620756657872
8.1015625,957.7899169921876,29.526275634765625,-0.007399843633152159,-0.014201932595206301
8.1171875,957.798095703125,29.5169677734375,0.0007636550521965546,-0.023326123658304
8.1328125,957.7970581054688,29.537826538085938,-0.0002685921625698029,-0.0024480827676036654
8.1484375,957.8141479492188,29.527023315429688,0.016492711517344105,-0.013147779600231502
8.1640625,957.7963256835938,29.527389526367188,-0.0013035862540391463,-0.012681712657553135
8.1796875,957.7803955078124,29.541183471679688,-0.016897165120667523,0.0011035433373294268
8.1953125,957.7818603515624,29.526275634765625,-0.015130908843843827,-0.013696447533163791
8.2109375,957.7802734375,29.532981872558597,-0.01639130292755908,-0.006935598726595771
8.2265625,957.7896728515624,29.544906616210938,-0.006855328535721128,0.004950167231012159
8.2421875,957.8161010742188,29.540802001953125,0.01919061103239983,0.000838947090596065
8.2578125,957.7935180664062,29.544906616210938,-0.003326139030491504,0.004904939775375539
8.2734375,957.7969970703124,29.554969787597656,0.00014987923350417987,0.014851172793640899
8.2890625,957.8011474609376,29.550865173339844,0.0042162802130860655,0.010662601047268794
8.3046875,957.7933349609376,29.548629760742188,-0.003525981119196331,0.008361351039848586
8.3203125,957.8004760742188,29.544158935546875,0.0035445241119305138,0.003860131111377285
8.3359375,957.7919921875,29.55384826660156,-0.004842890680947676,0.013443606992890267
8.3515625,957.7991943359376,29.55682373046875,0.002313178503641211,0.01629079686898649
8.3671875,957.8074951171876,29.554595947265625,0.01040665585219358,0.01395314637159828
8.3828125,957.8011474609376,29.554595947265625,0.003979722266194585,0.013844137415571112
8.3984375,957.8011474609376,29.54602813720703,0.0039019933157078412,0.005235106049500615
8.4140625,957.8002319335938,29.56055450439453,0.0029281365583528896,0.01960708672733702
8.4296875,957.7852172851562,29.55757141113281,-0.011850447193978653,0.016494118516664713
8.4453125,957.7965698242188,29.56353759765625,-0.0004881833632452981,0.022284833906979884
8.4609375,957.7947387695312,29.56800842285156,-0.002273940432587551,0.026546630515550618
8.4765625,957.7847290039062,29.584396362304688,-0.012043789923609438,0.04259914364079975
8.4921875,957.802490234375,29.576950073242188,0.005605771784530589,0.03487822290190579
8.5078125,957.7913208007812,29.568382263183597,-0.005454996539469903,0.026104862742975854
8.5234375,957.7847290039062,29.561676025390625,-0.011811504480647272,0.0192470731925809
8.5390625,957.7944946289062,29.56465148925781,-0.0020059208970906184,0.022048923488984684
8.5546875,957.808349609375,29.561294555664062,0.011617632626894192,0.0185459587241823
8.5703125,957.8062133789062,29.576202392578125,0.009296218522194977,0.033192437859820956
8.5859375,957.7837524414062,29.58179473876953,-0.012907595560250229,0.03848177792582774
8.6015625,957.801513671875,29.56949615478516,0.004758837351687362,0.02597863773878828
8.6171875,957.7904663085938,29.576202392578125,-0.006165703157535063,0.03242952494166218
8.6328125,957.8126220703124,29.587379455566406,0.015677752729857275,0.043265911461741524
8.6484375,957.8096923828124,29.56465148925781,0.012499079580834405,0.020377492456635338
8.6640625,957.80224609375,29.56465148925781,0.004954103203658633,0.02021829329681779
8.6796875,957.794921875,29.576950073242188,-0.0023238242271190757,0.032262839177437996
8.6953125,957.8121948242188,29.57880401611328,0.014657149894105714,0.03385024468877873
8.7109375,957.8005981445312,29.55868530273437,0.0030006953978727324,0.01362425372150966
8.7265625,957.8082885742188,29.57880401611328,0.01048231404854505,0.03347935016994796
8.7421875,957.8018798828124,29.572479248046875,0.003994059699948593,0.026942436930859515
8.7578125,957.8031005859376,29.576202392578125,0.005112911988703672,0.030426006606937506
8.7734375,957.7960815429688,29.56055450439453,-0.0018689018594386653,0.014662664373162215
8.7890625,957.7999267578124,29.56055450439453,0.0019377131212650056,0.014548112307746663
8.8046875,957.8140258789062,29.561294555664062,0.015723614796911534,0.015168724799330846
8.8203125,957.7840576171876,29.55757141113281,-0.013966431161520632,0.01135616167223219
8.8359375,957.7891845703124,29.56353759765625,-0.008666831981372525,0.01718701735039474
8.8515625,957.8002319335938,29.5601806640625,0.002334036548063523,0.013722036227296286
8.8671875,957.805419921875,29.56465148925781,0.007375110281827801,0.01805072969274235
8.8828125,957.8095703125,29.55757141113281,0.011300393467195136,0.010884943352369447
8.8984375,957.7933959960938,29.55757141113281,-0.00477872913165811,0.010799904732429866
8.9140625,957.8148803710938,29.55757141113281,0.016379363722421658,0.010715530476709034
8.9296875,957.7940673828124,29.557205200195312,-0.004347030329313384,0.010268465480312017
8.9453125,957.8259887695312,29.561676025390625,0.027035794741323116,0.014624139967221339
8.9609375,957.800048828125,29.569862365722656,0.0010744499496695425,0.022632273421915983
8.9765625,957.7924194335938,29.567626953125,-0.006426918320244113,0.02023751034906951
8.9921875,957.79638671875,29.56465148925781,-0.0024115934537576322,0.01712718674373903
9.0078125,957.8072509765624,29.56055450439453,0.008287573257916847,0.012928403428269064
9.0234375,957.79443359375,29.55868530273437,-0.0044413367115794244,0.010972801754295602
9.0390625,957.8236694335938,29.56465148925781,0.024310235492862375,0.01680665243181423
9.0546875,957.7899780273438,29.57433319091797,-0.009197944765787724,0.026281413825628874
9.0703125,957.8013916015624,29.56353759765625,0.0021723554400523426,0.015364837590755798
9.0859375,957.8076171875,29.56055450439453,0.008233919085114394,0.012285011951465918
9.1015625,957.79443359375,29.56241607666016,-0.004853001331639462,0.014036064027898476
9.1171875,957.7885131835938,29.55644989013672,-0.010562993294797707,0.00800683158645299
9.1328125,957.787841796875,29.56465148925781,-0.011014958528903662,0.016081802342640117
9.1484375,957.794921875,29.555709838867188,-0.0038580272710078134,0.00708436951489233
9.1640625,957.8056030273438,29.56055450439453,0.006689860911137657,0.011835839455969221
9.1796875,957.800537109375,29.554595947265625,0.0015922253068083592,0.005831366058881571
9.1953125,957.8097534179688,29.550125122070312,0.010597429722793095,0.0013499116380728537
9.2109375,957.8056030273438,29.55644989013672,0.006321120365441857,0.007614721269288083
9.2265625,957.8063354492188,29.547142028808597,0.006915777743529361,-0.001679912402124728
9.2421875,957.8089599609376,29.547882080078125,0.009353955683877757,-0.0009325184674970899
9.2578125,957.784423828125,29.551239013671875,-0.014885650231690306,0.0024054743830781433
9.2734375,957.7933959960938,29.551612854003903,-0.005797984562491365,0.0027576013188941317
9.2890625,957.7933959960938,29.54900360107422,-0.005684742676521637,0.00014718941741875824
9.3046875,957.7808227539062,29.54602813720703,-0.0179013835971773,-0.0028061785556303676
9.3203125,957.8123779296876,29.533729553222656,0.01338711655557745,-0.014986756582661798
9.3359375,957.7958374023438,29.53671264648437,-0.0030918207338572756,-0.011909884701250206
9.3515625,957.7991943359376,29.52515411376953,0.00025993487440700846,-0.023285070405027142
9.3671875,957.7801513671876,29.52814483642578,-0.01841617774516635,-0.020135798156989182
9.3828125,957.7908935546876,29.526275634765625,-0.007524107623225973,-0.02183308575607512
9.3984375,957.8116455078124,29.529998779296875,0.012969489144097679,-0.017968457309006425
9.4140625,957.7862548828124,29.51844787597656,-0.01217853554624071,-0.029288740624405563
9.4296875,957.7899169921876,29.507644653320312,-0.00835008972239848,-0.03977874481752153
9.4453125,957.8016967773438,29.52255249023437,0.003362709194789204,-0.024676603935468222
9.4609375,957.776123046875,29.515098571777344,-0.0217772122647375,-0.03187950268630502
9.4765625,957.779052734375,29.511001586914062,-0.018479409046676665,-0.035695421240603764
9.4921875,957.7872924804688,29.50690460205078,-0.01003966953589952,-0.039481527931197746
9.5078125,957.780029296875,29.511741638183597,-0.016964906779435296,-0.034373831706208335
9.5234375,957.8009033203124,29.511741638183597,0.0038327667232351814,-0.03410528614600494
9.5390625,957.7775268554688,29.512863159179688,-0.0191619852664644,-0.0327260794846822
9.5546875,957.796630859375,29.50839233398437,-5.684891175405937e-05,-0.0369063038621853
9.5703125,957.7752685546876,29.508026123046875,-0.021000810755367638,-0.036981323277810674
9.5859375,957.7782592773438,29.501319885253903,-0.0176583285660854,-0.043346251999917484
9.6015625,957.7843627929688,29.49647521972656,-0.01132913300079963,-0.04781442598407892
9.6171875,957.7947998046876,29.49647521972656,-0.0008746970381707797,-0.04744087578107781
9.6328125,957.786865234375,29.49311828613281,-0.008637211347831908,-0.050400951489088186
9.6484375,957.7852783203124,29.493858337402344,-0.010024435460991299,-0.049272924436589705
9.6640625,957.8019409179688,29.49647521972656,0.006508510590037986,-0.046291541783372026
9.6796875,957.7874755859376,29.48790740966797,-0.007801414772302451,-0.05443076315569684
9.6953125,957.7724609375,29.484176635742188,-0.022370436975393204,-0.0577071500730284
9.7109375,957.7935791015624,29.483062744140625,-0.0012278144577066996,-0.05836150228650894
9.7265625,957.7767944335938,29.48827362060547,-0.0176606761289122,-0.05273538655743337
9.7421875,957.7749633789062,29.478591918945312,-0.019111032948899265,-0.06192945471589084
9.7578125,957.7739868164062,29.485671997070312,-0.0196952596003257,-0.054420865836274146
9.7734375,957.7796020507812,29.4815673828125,-0.013805024732619131,-0.058068249780852454
9.7890625,957.7791748046876,29.46368408203125,-0.0139542967866646,-0.07535817907333708
9.8046875,957.8011474609376,29.473373413085938,0.007861750880010732,-0.06515581014350502
9.8203125,957.7874755859376,29.47784423828125,-0.0056966451332982615,-0.06021088350328441
9.8359375,957.799560546875,29.47784423828125,0.0062635440110625495,-0.05974048597591519
9.8515625,957.7787475585938,29.45958709716797,-0.014265275436741831,-0.07738827062756215
9.8671875,957.7767944335938,29.46703338623047,-0.015901634803185516,-0.06939555983408496
9.8828125,957.7825317382812,29.45884704589844,-0.009965808043148172,-0.0769757915710656
9.8984375,957.7827758789062,29.459213256835938,-0.009531791101380804,-0.07601106828487048
9.9140625,957.7730102539062,29.45884704589844,-0.018920513443163145,-0.07578058172844138
9.9296875,957.7698974609376,29.459213256835938,-0.02160296839599596,-0.07482519601914106
9.9453125,957.7767944335938,29.45399475097656,-0.014418769260601039,-0.07941836045759487
9.9609375,957.7762451171876,29.45325469970703,-0.014675740243546898,-0.07953217413550462
9.9765625,957.771240234375,29.43760681152344,-0.019296235887054536,-0.09443646808222539
9.9921875,957.7743530273438,29.450271606445312,-0.015867360048787305,-0.08113283196378873
10.0078125,957.7788696289062,29.45325469970703,-0.011129063984640197,-0.07753919386846064
10.0234375,957.7779541015624,29.45325469970703,-0.011809345404117266,-0.07693341891636152
10.0390625,957.7816162109376,29.450271606445312,-0.007988110325186426,-0.07929216442668974
10.0546875,957.78125,29.44393920898437,-0.008191150925654256,-0.08495561999788492
10.0703125,957.759765625,29.43425750732422,-0.029095925809883738,-0.09389796758258484
10.0859375,957.770263671875,29.432762145996094,-0.018234639111938122,-0.09464806852859553
10.1015625,957.7830810546876,29.42344665527344,-0.005311450512181182,-0.10315134394459946
10.1171875,957.7760009765624,29.42344665527344,-0.012149506593686965,-0.10234547407003092
10.1328125,957.7857666015624,29.425682067871094,-0.0023373214063440173,-0.09932795161712704
10.1484375,957.7731323242188,29.427169799804688,-0.014679184711894777,-0.09707584296725713
10.1640625,957.780029296875,29.41637420654297,-0.007630215726408096,-0.10702869063343812
10.1796875,957.7721557617188,29.414878845214844,-0.015200943248260046,-0.10767620780561415
10.1953125,957.76708984375,29.42047119140625,-0.019871024083840894,-0.1012863314453476
10.2109375,957.7688598632812,29.4241943359375,-0.017747469307437314,-0.09680097451633074
10.2265625,957.7796630859376,29.401840209960938,-0.006808616833723136,-0.11822420127029076
10.2421875,957.7772216796876,29.42047119140625,-0.009069358570400254,-0.09881514779509715
10.2578125,957.7854614257812,29.39997100830078,-0.000813409108104679,-0.11838317987790603
10.2734375,957.7764892578124,29.39997100830078,-0.009594452524652297,-0.11745831128510886
10.2890625,957.7734375,29.39997100830078,-0.012399214041352025,-0.11654066822819331
10.3046875,957.762939453125,29.388427734375,-0.0224500487890964,-0.12708328635589794
10.3203125,957.7654418945312,29.401840209960938,-0.019558005676117318,-0.11278275756081868
10.3359375,957.7680053710938,29.407432556152344,-0.016662604716884744,-0.1063529862805872
10.3515625,957.7717895507812,29.390289306640625,-0.012626893290530461,-0.12253142145018003
10.3671875,957.7833862304688,29.38507843017578,-0.0010100922436322435,-0.1267443112125619
10.3828125,957.7816162109376,29.38246154785156,-0.002725812716676046,-0.12835055921227934
10.3984375,957.7684326171876,29.38246154785156,-0.015598675871615342,-0.12734782046843307
10.4140625,957.7745971679688,29.37725067138672,-0.009249864834828259,-0.13152308211348185
10.4296875,957.7630004882812,29.38208770751953,-0.02043938544966295,-0.12569631124644687
10.4453125,957.7573852539062,29.38023376464844,-0.0255457405312427,-0.12655376775724392
10.4609375,957.7810668945312,29.40072631835937,-0.0018276917049888652,-0.10523261081157642
10.4765625,957.7704467773438,29.38097381591797,-0.012204687625057886,-0.12400866705569058
10.4921875,957.7658081054688,29.389549255371094,-0.016514387634856575,-0.1145314055119222
10.5078125,957.7760009765624,29.390663146972656,-0.006198049421300311,-0.11253143958293421
10.5234375,957.7833862304688,29.37054443359375,0.0011640168975191045,-0.13161382364182472
10.5390625,957.763427734375,29.37837219238281,-0.018427399524398425,-0.12281898622110177
10.5546875,957.7643432617188,29.37054443359375,-0.017169843427154774,-0.1296260673147671
10.5703125,957.7696533203124,29.369796752929688,-0.011628148410977701,-0.12935520307274473
10.5859375,957.7645874023438,29.382843017578125,-0.016368010395581223,-0.11540027484286597
10.6015625,957.7734985351562,29.369049072265625,-0.007311235442784891,-0.1281848903104006
10.6171875,957.768798828125,29.3668212890625,-0.011776353753816693,-0.129393824501701
10.6328125,957.7329711914062,29.373146057128903,-0.046674225033598304,-0.12210757943189776
10.6484375,957.7545776367188,29.368675231933597,-0.02457817464846812,-0.12558951084105274
10.6640625,957.7632446289062,29.3668212890625,-0.015600417178575299,-0.12644780173002346
10.6796875,957.7631225585938,29.368675231933597,-0.015415407657314972,-0.12362046933658988
10.6953125,957.7719116210938,29.36532592773437,-0.006496924353427858,-0.1259778221800687
10.7109375,957.7715454101562,29.36532592773437,-0.006729089679765821,-0.12499362044428608
10.7265625,957.7697143554688,29.367935180664062,-0.00839295404762197,-0.1214282396433859
10.7421875,957.7626342773438,29.37240600585937,-0.015170824513006664,-0.11604368464769976
10.7578125,957.7654418945312,29.37240600585937,-0.012121738432483653,-0.11513709336139044
10.7734375,957.7439575195312,29.37054443359375,-0.03294974402945172,-0.11608461355180211
10.7890625,957.7720947265624,29.368675231933597,-0.004718542135037751,-0.11703230103061202
10.8046875,957.7632446289062,29.35899353027344,-0.013303627295272236,-0.12572404954474692
10.8203125,957.7560424804688,29.368309020996094,-0.020105272300497745,-0.11549911695629689
10.8359375,957.7731323242188,29.35899353027344,-0.002956533461656363,-0.1238394935564564
10.8515625,957.7689819335938,29.37240600585937,-0.006968116975599514,-0.10956430689263286
10.8671875,957.762451171875,29.35601806640625,-0.013235228719850056,-0.12496824442117926
10.8828125,957.7533569335938,29.355262756347656,-0.021893344598765907,-0.12474133921039865
10.8984375,957.7630004882812,29.35191345214844,-0.012010536202069488,-0.12708993525797752
10.9140625,957.7603149414062,29.35899353027344,-0.014409050204449159,-0.11907228012412574
10.9296875,957.7560424804688,29.348556518554688,-0.018316637877433095,-0.12849750050035524
10.9453125,957.7678833007812,29.35191345214844,-0.006349336753146417,-0.12416290622764237
10.9609375,957.7479248046876,29.34781646728516,-0.02579400798651932,-0.12725786069177403
10.9765625,957.7474975585938,29.347442626953125,-0.025709120211672598,-0.12663457835956038
10.9921875,957.7474975585938,29.35116577148437,-0.025206988957506837,-0.12195118825152917
11.0078125,957.7405395507812,29.344467163085938,-0.03153677417685685,-0.12764472011363637
11.0234375,957.7465209960938,29.326583862304688,-0.02505620134752462,-0.14439108323164618
11.0390625,957.745849609375,29.33179473876953,-0.025225096111853418,-0.13809286140143584
11.0546875,957.7562255859376,29.339996337890625,-0.014559097682990796,-0.1288764867937786
11.0703125,957.7467041015624,29.326583862304688,-0.02361025818993312,-0.14117732986112586
11.0859375,957.7495727539062,29.33477783203125,-0.020336496356890166,-0.13194442763351333
11.1015625,957.756591796875,29.321365356445312,-0.013057346876621523,-0.14422130241304743
11.1171875,957.7509155273438,29.32881164550781,-0.01836772546243992,-0.13570645855875085
11.1328125,957.7503662109376,29.31949615478516,-0.018547568394524205,-0.14388896530264006
11.1484375,957.753662109375,29.33067321777344,-0.014953785778288875,-0.13167509057752724
11.1640625,957.7622680664062,29.342605590820312,-0.006223847716796627,-0.11880722754994721
11.1796875,957.7365112304688,29.325462341308597,-0.03135606092666876,-0.13488836395961812
11.1953125,957.7494506835938,29.325462341308597,-0.018056908430594376,-0.13383454861618205
11.2109375,957.7389526367188,29.33067321777344,-0.02799724133478776,-0.127618799712657
11.2265625,957.7395629882812,29.323226928710938,-0.02685198958147339,-0.1340098927691038
11.2421875,957.744873046875,29.32769775390625,-0.021121190148164715,-0.12852704360837208
11.2578125,957.7569580078124,29.31018829345703,-0.008859740358957424,-0.14489559386964146
11.2734375,957.7453002929688,29.315025329589844,-0.020116723655632995,-0.13896435025451126
11.2890625,957.7445678710938,29.32025146484375,-0.02044193565700425,-0.132693385195914
11.3046875,957.7506713867188,29.31354522705078,-0.014058372765703098,-0.13831056343428116
11.3203125,957.7542724609376,29.326202392578125,-0.010253054434542719,-0.12467173073579119
11.3359375,957.7360229492188,29.31949615478516,-0.027945875408249776,-0.13035157814962517
11.3515625,957.7615966796876,29.326202392578125,-0.002325813983588887,-0.12267936113512334
11.3671875,957.755615234375,29.3243408203125,-0.008145008138058074,-0.12356795735855641
11.3828125,957.749267578125,29.316146850585938,-0.014209604536745246,-0.13073253702976473
11.3984375,957.7600708007812,29.34185028076172,-0.003339850984389159,-0.1042085669566859
11.4140625,957.7493286132812,29.31092834472656,-0.013806998670247594,-0.13407479593722016
11.4296875,957.7374267578124,29.315025329589844,-0.02520672808168456,-0.1289623594249214
11.4453125,957.753173828125,29.3243408203125,-0.009274898828266487,-0.11871212754052962
11.4609375,957.7308349609376,29.31317138671875,-0.03099630964811695,-0.12886686143791692
11.4765625,957.7578735351562,29.321365356445312,-0.0038804359094228857,-0.11973013474485938
11.4921875,957.7330322265624,29.31949615478516,-0.028160772930959865,-0.12064934158934904
11.5078125,957.7327880859376,29.314659118652344,-0.02785013008781334,-0.12450601539621076
11.5234375,957.745849609375,29.308319091796875,-0.01449976667674946,-0.12982380754658962
11.5390625,957.7383422851562,29.31018829345703,-0.02157726490145251,-0.12695496052794653
11.5546875,957.7440185546876,29.312049865722656,-0.015590429054213928,-0.12411609616652086
11.5703125,957.7349853515624,29.31018829345703,-0.024142701863411276,-0.12499346789751797
11.5859375,957.7366943359376,29.29267120361328,-0.02199555894344485,-0.14139719400891337
11.6015625,957.7421875,29.30460357666016,-0.016180082481014324,-0.1284533770482703
11.6171875,957.7318725585938,29.308319091796875,-0.02597754295197774,-0.12376334736537231
11.6328125,957.7413940429688,29.31018829345703,-0.016134651182937887,-0.12094184769189553
11.6484375,957.7409057617188,29.30460357666016,-0.01629826578380289,-0.12553807570369813
11.6640625,957.7367553710938,29.31092834472656,-0.020049268588309133,-0.1182819536713815
11.6796875,957.7405395507812,29.31092834472656,-0.015947411383194776,-0.11735787590832558
11.6953125,957.7374267578124,29.31092834472656,-0.018687934735794443,-0.11644101750279034
11.7109375,957.7392578125,29.31018829345703,-0.016527644109714856,-0.11626559167253347
11.7265625,957.7244262695312,29.29230499267578,-0.030746702955866567,-0.13310085423148976
11.7421875,957.7372436523438,29.31018829345703,-0.01757913810934042,-0.11431741631390935
11.7578125,957.7354736328124,29.298263549804688,-0.018971244405520338,-0.1252558930915164
11.7734375,957.7330322265624,29.290817260742188,-0.020994434822455332,-0.1316654463559388
11.7890625,957.7303466796876,29.287086486816406,-0.02321748205474705,-0.13433843731077033
11.8046875,957.7219848632812,29.307205200195312,-0.030962515288024406,-0.11332738233864603
11.8203125,957.7357788085938,29.315025329589844,-0.016833246343139763,-0.10468297753048716
11.8359375,957.7335815429688,29.30645751953125,-0.018658822281281573,-0.11236601581104111
11.8515625,957.7289428710938,29.302734375,-0.022842464973564347,-0.11518221377711768
11.8671875,957.7266235351562,29.31317138671875,-0.024670359487004134,-0.10392688016728613
11.8828125,957.7247924804688,29.30310821533203,-0.025983808428918564,-0.1130995042762386
11.8984375,957.7285766601562,29.308319091796875,-0.021766042242575168,-0.1070457479066178
11.9140625,957.7291259765624,29.303482055664062,-0.020802336659926368,-0.11100869978912087
11.9296875,957.731689453125,29.302734375,-0.01788263236107923,-0.1108832837308924
11.9453125,957.729736328125,29.30087280273437,-0.019448340225153515,-0.11186403680904888
11.9609375,957.7338256835938,29.29901123046875,-0.015059004585395996,-0.11283712775377452
11.9765625,957.7280883789062,29.28895568847656,-0.02039013135743062,-0.12193257076357611
11.9921875,957.7301635742188,29.29267120361328,-0.017957222450263544,-0.1172934848797702
12.0078125,957.7200317382812,29.27777862548828,-0.027540443966131534,-0.1311533593875467
12.0234375,957.7326049804688,29.28522491455078,-0.014674873618901074,-0.1227406088381322
12.0390625,957.7266235351562,29.28895568847656,-0.020252875202231735,-0.11808007057710057
12.0546875,957.7271118164062,29.29193115234375,-0.0193785667265729,-0.11420535196998927
12.0703125,957.7352905273438,29.27777862548828,-0.010981108605733425,-0.12735508289713238
12.0859375,957.7166137695312,29.28336334228516,-0.02907861121479982,-0.12081903511509395
12.1015625,957.7184448242188,29.30087280273437,-0.026715377688901754,-0.10250246861380674
12.1171875,957.7264404296876,29.301986694335938,-0.01835415166885923,-0.10059647875433342
12.1328125,957.741943359375,29.29230499267578,-0.002795534052097537,-0.10941663213000297
12.1484375,957.7236328125,29.300132751464844,-0.020693852784006594,-0.10079521026796456
12.1640625,957.7467041015624,29.28746032714844,0.0023310019760174328,-0.11258116868917867
12.1796875,957.7318725585938,29.290817260742188,-0.012256389801336809,-0.10837092075874821
12.1953125,957.7345581054688,29.29901123046875,-0.009383912400380723,-0.09939431860224701
12.2109375,957.7342529296876,29.301986694335938,-0.009499848177938475,-0.09566558243244216
12.2265625,957.7271728515624,29.29975891113281,-0.016256099617521613,-0.09712857371654238
12.2421875,957.728271484375,29.28336334228516,-0.014861422531339485,-0.11263723520040969
12.2578125,957.724609375,29.27777862548828,-0.018161744173767147,-0.11729834299730868
12.2734375,957.7326049804688,29.28895568847656,-0.009967581308387707,-0.10529220750895973
12.2890625,957.7271118164062,29.282615661621094,-0.015158777687815927,-0.11076010753345145
12.3046875,957.7294311523438,29.300132751464844,-0.012588671403591434,-0.09251455661399888
12.3203125,957.7325439453124,29.27777862548828,-0.009290802684290611,-0.11397127100782356
12.3359375,957.7431030273438,29.287086486816406,0.0012435082660431362,-0.103845726791576
12.3515625,957.714599609375,29.298263549804688,-0.026727489591280573,-0.09194468986733284
12.3671875,957.7200317382812,29.28746032714844,-0.020879435671645297,-0.10194519445698802
12.3828125,957.7207641601562,29.278892517089844,-0.019753517433400702,-0.10964962166780623
12.3984375,957.7149658203124,29.29379272460937,-0.02505279756485379,-0.09400918435024508
12.4140625,957.721435546875,29.29267120361328,-0.018220120396676975,-0.09438749671081581
12.4296875,957.7194213867188,29.28038024902344,-0.01983907976091359,-0.1058450258998711
12.4453125,957.7261352539062,29.29230499267578,-0.012868860765365753,-0.09318653004247324
12.4609375,957.7232055664062,29.29975891113281,-0.015489982869553387,-0.08506282555743283
12.4765625,957.72021484375,29.301612854003903,-0.018119754245958575,-0.0825588132903512
12.4921875,957.7315673828124,29.29901123046875,-0.00663504301201101,-0.08449512091280553
12.5078125,957.7280883789062,29.302734375,-0.009916506939248393,-0.08014094531607441
12.5234375,957.7236328125,29.298263549804688,-0.014091368787944702,-0.08395074105426659
12.5390625,957.7169799804688,29.281494140625,-0.02033904064694525,-0.09993327406025188
12.5546875,957.7169799804688,29.289695739746094,-0.019941793759358006,-0.09101502122869576
12.5703125,957.716796875,29.301986694335938,-0.019731834790036373,-0.07810903486823761
12.5859375,957.7174072265624,29.28820037841797,-0.01874801675830895,-0.09117741835818904
12.6015625,957.716552734375,29.29901123046875,-0.01921964744281013,-0.07973870250813064
12.6171875,957.7250366210938,29.29901123046875,-0.010526077897452524,-0.0791157438947856
12.6328125,957.7188720703124,29.29901123046875,-0.01636463983743397,-0.07849765214560733
12.6484375,957.697998046875,29.301612854003903,-0.036511345632789016,-0.07530309088693699
12.6640625,957.7174072265624,29.298263549804688,-0.01676813926678733,-0.07803792324954273
12.6796875,957.7200317382812,29.301986694335938,-0.013867384822333406,-0.0737341945095551
12.6953125,957.7174072265624,29.30460357666016,-0.016169789186847083,-0.07056170818388452
12.7109375,957.72265625,29.303482055664062,-0.010707469543149273,-0.07112320395201266
12.7265625,957.7266845703124,29.302734375,-0.006548697097400691,-0.07130939333001152
12.7421875,957.7303466796876,29.31317138671875,-0.0028302090556735493,-0.060396816129923536
12.7578125,957.741943359375,29.302734375,0.008595250502139606,-0.07028043856860577
12.7734375,957.7518310546876,29.304229736328125,0.018121950779345752,-0.06824769382453866
12.7890625,957.7465209960938,29.304229736328125,0.012561659916286771,-0.06771450871653428
12.8046875,957.7532348632812,29.31018829345703,0.01889905196503605,-0.06127348321584947
12.8203125,957.7569580078124,29.308319091796875,0.02218035672080987,-0.06264938265041309
12.8359375,957.7567749023438,29.303482055664062,0.02156761743867719,-0.06695918113648247
12.8515625,957.7562255859376,29.30645751953125,0.020607787340509276,-0.06348384447812805
12.8671875,957.74365234375,29.315399169921875,0.007877620442855005,-0.05411608319619532
12.8828125,957.7562866210938,29.315399169921875,0.020111274782948385,-0.053693301296224405
12.8984375,957.7445678710938,29.31949615478516,0.008228608283275207,-0.04920884521080637
12.9140625,957.753662109375,29.33067321777344,0.016984509717531182,-0.037734658923913145
12.9296875,957.7561645507812,29.337013244628903,0.019106346609646607,-0.031149361505416806
12.9453125,957.753173828125,29.32508850097656,0.015800865673099906,-0.04273758871121558
12.9609375,957.7684326171876,29.339614868164062,0.030453020854110946,-0.027990821355558637
12.9765625,957.7711791992188,29.34893798828125,0.03255117314142808,-0.01852185982244592
12.9921875,957.76171875,29.35601806640625,0.022639733221012648,-0.011352392777933318
13.0078125,957.7674560546876,29.35191345214844,0.027822798886973032,-0.015336249168274918
13.0234375,957.761474609375,29.35302734375,0.021414764637370354,-0.014111245398225947
13.0390625,957.7640380859376,29.346694946289062,0.023509916176521983,-0.020283926899324456
13.0546875,957.7639770507812,29.35713195800781,0.022990895062775962,-0.009769986155728105
13.0703125,957.755859375,29.36532592773437,0.014582726717435435,-0.0015637038008122772
13.0859375,957.7715454101562,29.374267578125,0.02967757511828495,0.007320306382084141
13.1015625,957.7816772460938,29.37054443359375,0.03903188349613629,0.003569059023874388
13.1171875,957.7659301757812,29.35713195800781,0.022830031676107865,-0.009766514870175769
13.1328125,957.7589721679688,29.375762939453125,0.015562023397478697,0.008795212930021279
13.1484375,957.7818603515624,29.37725067138672,0.03769922638582557,0.010202609356866787
13.1640625,957.7640991210938,29.378738403320312,0.01954858193448672,0.011599010499129037
13.1796875,957.7865600585938,29.368675231933597,0.0411890210079946,0.0015238403693480507
13.1953125,957.7933349609376,29.385818481445312,0.0470271279739336,0.01852125324136722
13.2109375,957.7828979492188,29.39252471923828,0.03587546554695109,0.025030401260629276
13.2265625,957.780517578125,29.39997100830078,0.03284089338967533,0.03222296617997955
13.2421875,957.7635498046876,29.407432556152344,0.015563098078246185,0.03937447876566935
13.2578125,957.7711791992188,29.41226959228516,0.022739514238082847,0.04386611243834082
13.2734375,957.776611328125,29.416000366210938,0.027621415739190525,0.04722503568939729
13.2890625,957.7653198242188,29.436111450195312,0.016010968242426316,0.06681005623882186
13.3046875,957.781005859375,29.4241943359375,0.031077921301061906,0.05446409087178239
13.3203125,957.787109375,29.42791748046875,0.03645523698605757,0.05773264762644459
13.3359375,957.7862548828124,29.44393920898437,0.034905417751588175,0.07317817007845662
13.3515625,957.7781982421876,29.42791748046875,0.026324386948544998,0.05670990686312649
13.3671875,957.7850341796876,29.43573760986328,0.032512661861687775,0.06402589534939551
13.3828125,957.7791748046876,29.43425750732422,0.026132714852678873,0.062057153804001786
13.3984375,957.7789916992188,29.43760681152344,0.025442781075526,0.06489547005007523
13.4140625,957.7706909179688,29.43760681152344,0.01680719514138218,0.06438847419030935
13.4296875,957.7725830078124,29.458465576171875,0.01833406457512865,0.08458124478531559
13.4453125,957.774169921875,29.45399475097656,0.019531897023739475,0.07948455693695422
13.4609375,957.7977294921876,29.461448669433597,0.04224983711492314,0.08625926855497568
13.4765625,957.7991333007812,29.45884704589844,0.04280103544078884,0.08300406966810314
13.4921875,957.7944946289062,29.47523498535156,0.037417004902408735,0.09861550904996008
13.5078125,957.7969360351562,29.46331787109375,0.03907992655956605,0.08602106358283734
13.5234375,957.7734985351562,29.462936401367188,0.015336910415840066,0.08497053452927261
13.5390625,957.7911987304688,29.462936401367188,0.03239184975711851,0.08430670222826109
13.5546875,957.7789916992188,29.47784423828125,0.01979058377060028,0.09843942555527363
13.5703125,957.7879638671876,29.46368408203125,0.028200979244502378,0.08362083751382698
13.5859375,957.779052734375,29.486785888671875,0.018913091618742328,0.10588887349699405
13.6015625,957.7816162109376,29.484176635742188,0.021057103959037704,0.1024727485316248
13.6171875,957.7862548828124,29.49237823486328,0.025193905212063328,0.10980970431168302
13.6328125,957.7765502929688,29.486785888671875,0.015186789677613888,0.10340316000996097
13.6484375,957.7816162109376,29.498329162597656,0.019857146950243987,0.1140484149206209
13.6640625,957.785888671875,29.493492126464844,0.023658326483541714,0.10835816489102967
13.6796875,957.7854614257812,29.48938751220703,0.02277734835092815,0.10343906976889627
13.6953125,957.775146484375,29.49647521972656,0.012219000559070992,0.1096632868408598
13.7109375,957.7979736328124,29.50355529785156,0.03436165389882717,0.11583130742706516
13.7265625,957.7888793945312,29.503921508789062,0.024773911406441584,0.11528972525234593
13.7421875,957.7894897460938,29.507644653320312,0.02488847658287341,0.11808308173841198
13.7578125,957.7899780273438,29.517333984375,0.02488111803143056,0.12677419081815344
13.7734375,957.791015625,29.49200439453125,0.02541249077194152,0.10065206502929058
13.7890625,957.769287109375,29.50205993652344,0.0036120225073545953,0.10984270384162542
13.8046875,957.7954711914062,29.51920318603516,0.02921414937179634,0.12599387559277275
13.8203125,957.7972412109376,29.503921508789062,0.030379009354305708,0.10984725929709072
13.8359375,957.790771484375,29.507644653320312,0.023442304612217413,0.11268313504843164
13.8515625,957.7893676757812,29.49982452392578,0.02160805664311738,0.10404376342222932
13.8671875,957.8013305664062,29.52367401123047,0.03291526470434292,0.12689408470561148
13.8828125,957.7977905273438,29.514732360839844,0.028801490765999915,0.11703093092189931
13.8984375,957.8024291992188,29.52255249023437,0.03278703446437703,0.12387566140770545
13.9140625,957.79638671875,29.516212463378903,0.026222199425433246,0.11661738740729888
13.9296875,957.7957763671876,29.51920318603516,0.025111616459525976,0.11867367170368581
13.9453125,957.7794189453124,29.516212463378903,0.008583214221289381,0.11477917600799614
13.9609375,957.811767578125,29.517333984375,0.04013239689652437,0.11499522280874785
13.9765625,957.7848510742188,29.5169677734375,0.01295777008033383,0.11373347271600309
13.9921875,957.780517578125,29.52255249023437,0.008455831135279368,0.11838601615730582
14.0078125,957.7779541015624,29.525909423828125,0.005777269522468487,0.1207918329561295
14.0234375,957.7980346679688,29.517333984375,0.025352800070891135,0.11133970292876327
14.0390625,957.7970581054688,29.51844787597656,0.02390013918079603,0.11157505082305263
14.0546875,957.8009643554688,29.526649475097656,0.027263295642114826,0.11884089486646232
14.0703125,957.7802734375,29.5244140625,0.006444010921882182,0.11569450193858088
14.0859375,957.8028564453124,29.533355712890625,0.028460084774565075,0.12366243238913555
14.1015625,957.798828125,29.52478790283203,0.023954581562520616,0.11419544559358386
14.1171875,957.7887573242188,29.51920318603516,0.0136126131878882,0.10776220747798959
14.1328125,957.7794189453124,29.526275634765625,0.00419075314323436,0.11393751045682521
14.1484375,957.796875,29.527389526367188,0.02122401861538492,0.11415256297980747
14.1640625,957.7981567382812,29.528884887695312,0.022066191332214657,0.11474442489927839
14.1796875,957.79833984375,29.53485107421875,0.02181474022279417,0.11976755977097753
14.1953125,957.7989501953124,29.533355712890625,0.021987101711260948,0.11734819689251808
14.2109375,957.8038330078124,29.52552795410156,0.02634511119936178,0.10866480968076786
14.2265625,957.7980346679688,29.532241821289062,0.020145467227735026,0.11447728095523857
14.2421875,957.7809448242188,29.53409576416016,0.0029959433317117146,0.1154223861401924
14.2578125,957.7958374023438,29.53820037841797,0.01753913627203474,0.11859319570739046
14.2734375,957.8043823242188,29.532615661621094,0.025574603886298064,0.11212560016902628
14.2890625,957.7987060546876,29.53671264648437,0.01950969501228883,0.11531459608674055
14.3046875,957.7911987304688,29.53968811035156,0.011767949488898921,0.11736591886053915
14.3203125,957.7921752929688,29.544906616210938,0.012495595739096643,0.1216267339017918
14.3359375,957.7914428710938,29.531494140625,0.011533424374533752,0.10736883442276124
14.3515625,957.786376953125,29.531494140625,0.006341187921293567,0.106530015403834
14.3671875,957.7894897460938,29.540802001953125,0.009269332825738275,0.11493289331999179
14.3828125,957.792236328125,29.544906616210938,0.01178122901990264,0.11810752704985106
14.3984375,957.7877807617188,29.540802001953125,0.007182583265716858,0.11311226503585203
14.4140625,957.8052368164062,29.53820037841797,0.024157414555702417,0.1096472771139716
14.4296875,957.8214721679688,29.54676818847656,0.03960384490494562,0.11729153180402463
14.4453125,957.8076171875,29.544906616210938,0.025245956927619773,0.11452816297951074
14.4609375,957.8056640625,29.544906616210938,0.022837893804080522,0.11363341170623187
14.4765625,957.792724609375,29.544906616210938,0.00970511175955835,0.11274565067727593
14.4921875,957.792724609375,29.55347442626953,0.00951555879555599,0.12036569932386953
14.5078125,957.7874755859376,29.55384826660156,0.004183204589480738,0.1197962620023354
14.5234375,957.8010864257812,29.55682373046875,0.017446504502800053,0.121812571761172
14.5390625,957.7762451171876,29.55384826660156,-0.007250374323461983,0.11790869298856066
14.5546875,957.7813720703124,29.55868530273437,-0.002081948128420663,0.12178677811261096
14.5703125,957.80029296875,29.54267120361328,0.01651006456097548,0.1049463299369009
14.5859375,957.7875366210938,29.54900360107422,0.0036804021214038585,0.11040936234004306
14.6015625,957.78271484375,29.5601806640625,-0.0011190827375457957,0.12063653138044828
14.6171875,957.78515625,29.54937744140625,0.0012964968813093947,0.10897523599978953
14.6328125,957.7882690429688,29.55868530273437,0.004323170907696294,0.11735901063003595
14.6484375,957.801513671875,29.555709838867188,0.017224678723778197,0.11348992530376734
14.6640625,957.7852783203124,29.544906616210938,0.0009700043650582302,0.10188446278308305
14.6796875,957.7810668945312,29.554969787597656,-0.0031781124040435316,0.11107304327785172
14.6953125,957.7821655273438,29.547142028808597,-0.0020388647557183504,0.10243868070372386
14.7109375,957.7843627929688,29.535964965820312,0.00015530710231814737,0.09054863632703558
14.7265625,957.772705078125,29.540061950683597,-0.01127775134023068,0.09390620227476987
14.7421875,957.7872924804688,29.533729553222656,0.0032450093823399584,0.08688963446372
14.7578125,957.77490234375,29.540061950683597,-0.008966511568132773,0.09249373480025014
14.7734375,957.7835693359376,29.544158935546875,-0.0002936693925903455,0.09583610466615511
14.7890625,957.7791137695312,29.533355712890625,-0.004656477287198868,0.08436856261920411
14.8046875,957.7877807617188,29.554969787597656,0.003932184531208804,0.10515464797212459
14.8203125,957.7833251953124,29.53856658935547,-0.0005131595729608307,0.08805807902892226
14.8359375,957.7914428710938,29.53820037841797,0.0074559905011710725,0.08700677537195745
14.8515625,957.7815551757812,29.526275634765625,-0.0023842105766789246,0.07449545334680252
14.8671875,957.7791137695312,29.533355712890625,-0.004731366498049283,0.08093822263217731
14.8828125,957.7877807617188,29.5318603515625,0.003858758000205853,0.07882221395011513
14.8984375,957.790771484375,29.5389404296875,0.006715701737334712,0.0852311804182797
14.9140625,957.790283203125,29.51844787597656,0.0061057911809712095,0.06423285618618735
14.9296875,957.7794189453124,29.526275634765625,-0.004665527830297833,0.0714976414207591
14.9453125,957.7797241210938,29.53038024902344,-0.0042751889229748485,0.07501161305608761
14.9609375,957.7911376953124,29.51323699951172,0.0069989637078151645,0.05741626695417423
14.9765625,957.7807006835938,29.522178649902344,-0.003370898635580488,0.06583949611554374
14.9921875,957.7896728515624,29.515098571777344,0.005491869541401684,0.05830036003749228
15.0078125,957.7760620117188,29.51920318603516,-0.007960396663520442,0.06191743543362449
15.0234375,957.7794189453124,29.52105712890625,-0.00451355168183909,0.06327316441170794
15.0390625,957.7896118164062,29.512115478515625,0.005568395204704757,0.0539070490677922
15.0546875,957.7787475585938,29.50839233398437,-0.0051924277912576144,0.04979184278234783
15.0703125,957.7783203125,29.500946044921875,-0.005509914629442392,0.04201472908141568
15.0859375,957.7745361328124,29.50579071044922,-0.009112569037370122,0.04649330558837761
15.1015625,957.7816772460938,29.503921508789062,-0.001932950760760832,0.044275478116283296
15.1171875,957.7748413085938,29.511741638183597,-0.008597620911928061,0.05168861057714125
15.1328125,957.7787475585938,29.50727081298828,-0.004599742573759613,0.04684889643353074
15.1484375,957.76904296875,29.50019836425781,-0.01402495092497702,0.039465694205379265
15.1640625,957.7744140625,29.51920318603516,-0.008484836527031803,0.05801371507661557
15.1796875,957.7892456054688,29.500946044921875,0.006222747331548817,0.0394459757292438
15.1953125,957.7763671875,29.503921508789062,-0.006525677070044367,0.04209002209958257
15.2109375,957.776611328125,29.49982452392578,-0.006158850186352538,0.03769621663289158
15.2265625,957.7791748046876,29.50205993652344,-0.003525151482676847,0.03961966337718792
15.2421875,957.7745971679688,29.503921508789062,-0.00794453061951117,0.04115716348934839
15.2578125,957.7711791992188,29.49647521972656,-0.011140575553667986,0.03344750822038378
15.2734375,957.7862548828124,29.4815673828125,0.0038582504610076285,0.01839483012424381
15.2890625,957.778564453125,29.49237823486328,-0.0037573319758621437,0.028977512783033177
15.3046875,957.7734985351562,29.49237823486328,-0.008650920844161192,0.028751125964415536
15.3203125,957.7734985351562,29.498329162597656,-0.008481957546450758,0.03443094390426893
15.3359375,957.7766723632812,29.498329162597656,-0.0052044550186565175,0.03416195215501716
15.3515625,957.7643432617188,29.47486114501953,-0.017191104304174587,0.01061038821300997
15.3671875,957.755126953125,29.485671997070312,-0.025891643114732688,0.021253886824229795
15.3828125,957.7796020507812,29.485671997070312,-0.0013888785549625027,0.02108784083341675
15.3984375,957.7727661132812,29.485671997070312,-0.008064175116373917,0.020923092076905903
15.4140625,957.7623291015624,29.482681274414062,-0.018139835529837,0.01779227278455764
15.4296875,957.7632446289062,29.48081970214844,-0.01688789591673867,0.015806241921133335
15.4453125,957.7785034179688,29.480445861816406,-0.0015972883610402278,0.015311835951685282
15.4609375,957.7623901367188,29.478591918945312,-0.017364660048315272,0.013352753290899244
15.4765625,957.7640991210938,29.480445861816406,-0.01534990075776932,0.015087893848228617
15.4921875,957.772216796875,29.482681274414062,-0.0070909705824533376,0.01718796811427481
15.5078125,957.7725830078124,29.469650268554688,-0.006593416683244868,0.004124485987283322
15.5234375,957.7477416992188,29.468902587890625,-0.03082076579880777,0.0033504240316339917
15.5390625,957.774658203125,29.46405792236328,-0.003828006777439441,-0.0014825677340262189
15.5546875,957.752685546875,29.46368408203125,-0.02529674382765279,-0.0018419048780415892
15.5703125,957.7698364257812,29.46405792236328,-0.007986765997202383,-0.0014565952917457992
15.5859375,957.7539672851562,29.452880859375,-0.02338997094602746,-0.012534957824716031
15.6015625,957.7649536132812,29.45214080810547,-0.012161384172145517,-0.013171298085698169
15.6171875,957.764892578125,29.47412109375,-0.011983700200858038,0.008740167343528782
15.6328125,957.7703857421876,29.45884704589844,-0.006363767854281832,-0.006482834566561735
15.6484375,957.747802734375,29.45958709716797,-0.028381408954601284,-0.005697917802525154
15.6640625,957.7601318359376,29.45958709716797,-0.015738785763232954,-0.005653402819692843
15.6796875,957.7632446289062,29.45399475097656,-0.012379391372860482,-0.011157891596951686
15.6953125,957.7595825195312,29.43573760986328,-0.015728190186337088,-0.029185227767179356
15.7109375,957.752685546875,29.448410034179688,-0.022183265130820473,-0.016383797173812553
15.7265625,957.749755859375,29.4454345703125,-0.024622465274774186,-0.019208016814118878
15.7421875,957.743896484375,29.45399475097656,-0.029886491831916828,-0.010564649930138614
15.7578125,957.7743530273438,29.45214080810547,0.0005589173255202695,-0.012321572544969683
15.7734375,957.7409057617188,29.44915008544922,-0.03224599774671333,-0.015192667894961431
15.7890625,957.7628173828124,29.43573760986328,-0.010132533359069384,-0.028381665797454048
15.8046875,957.7508544921876,29.444679260253903,-0.021663872734166034,-0.019288140286466415
15.8203125,957.7364501953124,29.43425750732422,-0.03536371317170506,-0.029477784675400187
15.8359375,957.7470092773438,29.43425750732422,-0.024320165688436646,-0.0292474894826249
15.8515625,957.7506713867188,29.425315856933597,-0.020254578651019983,-0.03789078721798589
15.8671875,957.74169921875,29.4241943359375,-0.028655911724854377,-0.038707524556159
15.8828125,957.7416381835938,29.426795959472656,-0.02815606901231149,-0.03582382366927561
15.8984375,957.7529296875,29.42791748046875,-0.016535179068796424,-0.03443119093354596
15.9140625,957.748779296875,29.433883666992188,-0.02028155466075532,-0.028242621563155268
15.9296875,957.7427368164062,29.4171142578125,-0.025809893818404817,-0.04466037425266478
15.9453125,957.7666015625,29.43052673339844,-0.0019071565581043615,-0.031003774458390865
15.9609375,957.7435913085938,29.42791748046875,-0.024430742291201568,-0.03335042561161217
15.9765625,957.7371826171876,29.42121124267578,-0.030237101007969613,-0.03974372072173438
15.9921875,957.7400512695312,29.44282531738281,-0.026833908651383354,-0.017988008155217727
16.0078125,957.7423706054688,29.41748809814453,-0.024035772465595073,-0.042986749054485074
16.0234375,957.7322387695312,29.41226959228516,-0.033500272301466794,-0.04782865135984338
16.0390625,957.7422485351562,29.4241943359375,-0.023031707717905192,-0.035623408428538283
16.0546875,957.7416381835938,29.40928649902344,-0.023180300310059465,-0.05013646998835952
16.0703125,957.7657470703124,29.42269897460937,0.0009104499553131973,-0.036437088196159095
16.0859375,957.740234375,29.43126678466797,-0.024121732752405478,-0.027651549402111897
16.1015625,957.7423706054688,29.42158508300781,-0.02155609794215252,-0.03704158503834876
16.1171875,957.7425537109376,29.42158508300781,-0.02095555121400139,-0.036752197655236074
16.1328125,957.7413330078124,29.394386291503903,-0.02174312437171011,-0.06345137205633478
16.1484375,957.7384033203124,29.408172607421875,-0.024190921014792366,-0.049277047887279934
16.1640625,957.7521362304688,29.404075622558597,-0.010253752833818908,-0.05295704811969415
16.1796875,957.7381591796876,29.394760131835938,-0.0237575457318826,-0.06178603463264665
16.1953125,957.7372436523438,29.391403198242188,-0.024191177117245388,-0.06463403878712626
16.2109375,957.7442016601562,29.38507843017578,-0.016896583966740764,-0.07040444117498978
16.2265625,957.7374877929688,29.389915466308597,-0.023149309530140272,-0.06505515969028153
16.2421875,957.7299194335938,29.387680053710938,-0.03011771443436828,-0.06676486469194032
16.2578125,957.7432861328124,29.376876831054688,-0.01642384694980592,-0.07696208666578386
16.2734375,957.743896484375,29.387680053710938,-0.01550463805540403,-0.0656419978844589
16.2890625,957.7450561523438,29.39662170410156,-0.014064794889691257,-0.05625737602904124
16.3046875,957.745361328125,29.3958740234375,-0.013490876547734842,-0.05655970468768601
16.3203125,957.747802734375,29.3958740234375,-0.01083366033094535,-0.05611783199481479
16.3359375,957.7385864257812,29.387680053710938,-0.019658367969100254,-0.06380936577042817
16.3515625,957.7345581054688,29.387680053710938,-0.0232240576510776,-0.0633108551003474
16.3671875,957.7328491210938,29.39960479736328,-0.02444606854896847,-0.05098465745231451
16.3828125,957.7389526367188,29.394386291503903,-0.01798429993721129,-0.05576407609832046
16.3984375,957.7249755859376,29.394386291503903,-0.031337105587113,-0.05532841925380083
16.4140625,957.7341918945312,29.411903381347656,-0.02168875017719074,-0.037515928399031395
16.4296875,957.7470092773438,29.39997100830078,-0.008698098470858895,-0.049061986590860585
16.4453125,957.7279663085938,29.3958740234375,-0.027199249501677514,-0.052743666989655935
16.4609375,957.7373046875,29.388427734375,-0.017512025466658088,-0.05971972202049969
16.4765625,957.7329711914062,29.39178466796875,-0.02141885121739051,-0.055922454142166345
16.4921875,957.73193359375,29.39997100830078,-0.022017846356561677,-0.047363175420994
16.5078125,957.7377319335938,29.401840209960938,-0.015902719276255084,-0.04513855209082962
16.5234375,957.7232055664062,29.39997100830078,-0.029834768368800724,-0.046640505674805155
16.5390625,957.7230224609376,29.396995544433597,-0.02943158723905981,-0.04922834477994087
16.5546875,957.7374877929688,29.40593719482422,-0.014673945535946586,-0.03997195458940439
16.5703125,957.7249145507812,29.40332794189453,-0.026715016088246557,-0.042248541835348874
16.5859375,957.7516479492188,29.3958740234375,1.8023318943960476e-05,-0.04931415982134624
16.6015625,957.7373046875,29.391403198242188,-0.014045448587353349,-0.05336478982121662
16.6171875,957.7368774414062,29.389549255371094,-0.014190024863069084,-0.05478733634315347
16.6328125,957.7440185546876,29.38023376464844,-0.006911237527333469,-0.06360202372935575
16.6484375,957.7430419921876,29.38731384277344,-0.007733741433071373,-0.056080367904321804
16.6640625,957.7266235351562,29.389549255371094,-0.023680475838204984,-0.05342429159333406
16.6796875,957.7378540039062,29.390289306640625,-0.0122068428872808,-0.052272644696273574
16.6953125,957.738037109375,29.390663146972656,-0.01178889879702183,-0.05149334495514779
16.7109375,957.7244873046876,29.389915466308597,-0.024843806931926338,-0.05183289260655499
16.7265625,957.7286376953124,29.38023376464844,-0.020289248019935258,-0.06103401149900378
16.7421875,957.7485961914062,29.38507843017578,-0.0003242919275407985,-0.05575036670625977
16.7578125,957.7374877929688,29.37613677978516,-0.011209395631340158,-0.06418661071331044
16.7734375,957.7254638671876,29.38172149658203,-0.02277954560361195,-0.05814406662021554
16.7890625,957.7339477539062,29.385818481445312,-0.014016446797427307,-0.05362483893070902
16.8046875,957.7264404296876,29.3958740234375,-0.02110338486340879,-0.04322891180618882
16.8203125,957.7250366210938,29.388427734375,-0.022067599835054352,-0.05027930086190224
16.8359375,957.7346801757812,29.38507843017578,-0.012181388015733319,-0.05320963158408176
16.8515625,957.7294311523438,29.389549255371094,-0.01708997372952581,-0.048358034463856114
16.8671875,957.7213134765624,29.37054443359375,-0.024715312606417683,-0.0668365839268148
16.8828125,957.7149658203124,29.3887939453125,-0.030456270245963424,-0.04820748570643829
16.8984375,957.724365234375,29.389549255371094,-0.02064558946096895,-0.04708145552559628
16.9140625,957.7268676757812,29.383583068847656,-0.017788789694236584,-0.05263320734552579
16.9296875,957.7360229492188,29.390289306640625,-0.00846489289233432,-0.04556816510292805
16.9453125,957.7213745117188,29.38246154785156,-0.02266189815816233,-0.052978768236588536
16.9609375,957.7339477539062,29.37240600585937,-0.009891611908756204,-0.06254185468011286
16.9765625,957.7299194335938,29.383956909179688,-0.013648058545072672,-0.05059258455229809
16.9921875,957.72802734375,29.388427734375,-0.015236629865626128,-0.04576143311200909
17.0078125,957.7138061523438,29.390289306640625,-0.0288824732001558,-0.04355689318352063
17.0234375,957.7269897460938,29.387680053710938,-0.01539226071088251,-0.045805473096699245
17.0390625,957.7241821289062,29.3958740234375,-0.017844411533133098,-0.037317663500058273
17.0546875,957.7250366210938,29.387680053710938,-0.01665808498341903,-0.04515607359203955
17.0703125,957.729736328125,29.38060760498047,-0.011724815882757866,-0.05182048699186481
17.0859375,957.7258911132812,29.390289306640625,-0.01526592856384923,-0.04180957607130509
17.1015625,957.7244873046876,29.379852294921875,-0.016344156353625294,-0.051838411322943756
17.1171875,957.725830078125,29.37054443359375,-0.01470838715613354,-0.060668567395982365
17.1328125,957.7247924804688,29.37761688232422,-0.015438446046573517,-0.05317739898843854
17.1484375,957.732421875,29.38208770751953,-0.007656530977897091,-0.048326053685368464
17.1640625,957.73583984375,29.40332794189453,-0.004155777809387473,-0.02687421134700685
17.1796875,957.724609375,29.3958740234375,-0.015085733931300638,-0.03405994128994294
17.1953125,957.7373046875,29.396255493164062,-0.0023437335127027836,-0.03341535850429267
17.2109375,957.731201171875,29.3958740234375,-0.008282263802925627,-0.0335327905103
17.2265625,957.732421875,29.387680053710938,-0.00692363957091402,-0.04140076992251096
17.2421875,957.7107543945312,29.387680053710938,-0.02803269972639555,-0.04107732640749262
17.2578125,957.7199096679688,29.3958740234375,-0.018508726556660804,-0.03262645545686027
17.2734375,957.729248046875,29.3958740234375,-0.00899123929787038,-0.03237156127360308
17.2890625,957.729248046875,29.40034484863281,-0.008815629155378701,-0.027682761577683124
17.3046875,957.7268676757812,29.386932373046875,-0.01097732836922205,-0.04077418062327709
17.3203125,957.7155151367188,29.390289306640625,-0.021893737208415587,-0.037124924787107716
17.3359375,957.7213745117188,29.394386291503903,-0.01572119107152048,-0.03276990914317679
17.3515625,957.7291870117188,29.38805389404297,-0.007754224449058711,-0.038796819833766705
17.3671875,957.7137451171876,29.38507843017578,-0.022743069781313352,-0.041445937734540195
17.3828125,957.7196044921876,29.38246154785156,-0.016553935117599394,-0.043718579277054914
17.3984375,957.7149658203124,29.394386291503903,-0.02077868888750345,-0.031545446283892886
17.4140625,957.7114868164062,29.38060760498047,-0.02378390973126443,-0.04497003801976973
17.4296875,957.7277221679688,29.38060760498047,-0.007401125391993446,-0.044618709597738615
17.4453125,957.7258911132812,29.39102935791016,-0.009051864062371351,-0.03392979294407894
17.4609375,957.7271118164062,29.385818481445312,-0.007678208575271128,-0.03883488292916937
17.4765625,957.7264404296876,29.389549255371094,-0.008186517260810433,-0.03482985815179873
17.4921875,957.721923828125,29.401840209960938,-0.012455011033921437,-0.02236281837787857
17.5078125,957.7317504882812,29.396995544433597,-0.0025770158996465398,-0.02699492543720794
17.5234375,957.7387084960938,29.408172607421875,0.004295425664508912,-0.015694285398549113
17.5390625,957.723876953125,29.39997100830078,-0.010330333763135968,-0.023709197921832015
17.5546875,957.7076416015624,29.408172607421875,-0.026046824284208014,-0.015386445685106054
17.5703125,957.7190551757812,29.39997100830078,-0.014347444399959386,-0.023403763206150785
17.5859375,957.7132568359376,29.39252471923828,-0.019752311895103958,-0.03060903623530109
17.6015625,957.71240234375,29.389549255371094,-0.02020432744052414,-0.033322121195439536
17.6171875,957.7158203125,29.394386291503903,-0.01645850012232586,-0.028262545335579148
17.6328125,957.7291870117188,29.3958740234375,-0.003031414167139701,-0.026565635172278945
17.6484375,957.732421875,29.39997100830078,0.00019947549856169644,-0.0222931139784599
17.6640625,957.7267456054688,29.404075622558597,-0.005369825399270667,-0.01804640206657737
17.6796875,957.736328125,29.40332794189453,0.004130414949713668,-0.018647253959311882
17.6953125,957.7431030273438,29.40593719482422,0.010692322815089028,-0.015912704146579415
17.7109375,957.7328491210938,29.39997100830078,0.00042985374159343337,-0.021707961836657574
17.7265625,957.7476196289062,29.415252685546875,0.014903479492545557,-0.006376079242201627
17.7421875,957.7467651367188,29.408172607421875,0.013774593021707915,-0.013351031137769809
17.7578125,957.7491455078124,29.41338348388672,0.015839437472436657,-0.008076559714542242
17.7734375,957.7509155273438,29.42344665527344,0.017265522296725067,0.00197109126849071
17.7890625,957.7562255859376,29.43462371826172,0.02213465157626615,0.013045434301638181
17.8046875,957.7477416992188,29.42344665527344,0.013384148356294645,0.0018537746624751605
17.8203125,957.7464599609376,29.429412841796875,0.01186603487838056,0.007758867739145359
17.8359375,957.7489013671876,29.43537139892578,0.014027998918891171,0.013610257486270427
17.8515625,957.7599487304688,29.444679260253903,0.024585609032101274,0.022739071011155687
17.8671875,957.7481689453124,29.45325469970703,0.012555710128140163,0.031069865851282685
17.8828125,957.771240234375,29.448410034179688,0.0349311593628272,0.026020315946407635
17.8984375,957.7718505859376,29.4454345703125,0.03484734079017926,0.02286481417235109
17.9140625,957.7642211914062,29.45884704589844,0.02668634574592943,0.03599387343205507
17.9296875,957.7594604492188,29.45399475097656,0.021497369113944842,0.0308982849280639
17.9453125,957.7633666992188,29.45399475097656,0.024907454678100294,0.030656892077065123
17.9609375,957.7694091796876,29.45958709716797,0.03034544422609997,0.035966041094503964
17.9765625,957.7699584960938,29.459213256835938,0.030291347338675223,0.03531413669401573
17.9921875,957.7952270507812,29.467788696289062,0.05447474768971006,0.043546688833490776
18.0078125,957.7709350585938,29.47784423828125,0.029593248558853702,0.05318346339735314
18.0234375,957.7916259765624,29.473373413085938,0.04930205389996445,0.048332070716085695
18.0390625,957.7579956054688,29.47373962402344,0.0153655952515237,0.04831782632816939
18.0546875,957.7782592773438,29.478591918945312,0.03493338300290816,0.05275472967777617
18.0703125,957.7659301757812,29.49647521972656,0.022162791568575813,0.07008617084606072
18.0859375,957.7770385742188,29.490509033203125,0.03262136207627009,0.06361904694510656
18.1015625,957.7763671875,29.48231506347656,0.031325952401289214,0.054992068802771854
18.1171875,957.7724609375,29.48603820800781,0.026884161338784907,0.05825650072985056
18.1328125,957.7814331054688,29.494613647460938,0.035156010375771984,0.0663098156502997
18.1484375,957.7824096679688,29.49982452392578,0.03542685856177741,0.07096193670799522
18.1640625,957.7791748046876,29.49982452392578,0.031563245372808524,0.07040754657746362
18.1796875,957.790283203125,29.501319885253903,0.041838213267055835,0.07134116643757338
18.1953125,957.7928466796876,29.49982452392578,0.0435344693252091,0.06930013475703589
18.2109375,957.7700805664062,29.51397705078125,0.02036272408986406,0.08280068769365556
18.2265625,957.78076171875,29.49982452392578,0.03043755072201293,0.06811184708163864
18.2421875,957.80078125,29.50727081298828,0.04947159208973062,0.074967838205513
18.2578125,957.775146484375,29.507644653320312,0.02337126344787066,0.07475307167397105
18.2734375,957.7752075195312,29.511741638183597,0.02297463652200804,0.0782340404705586
18.2890625,957.7787475585938,29.53038024902344,0.025996810826995898,0.09611583372203825
18.3046875,957.7777099609376,29.528884887695312,0.024471728538628668,0.09388124995333058
18.3203125,957.7824096679688,29.5244140625,0.028601680968790788,0.08871190581459487
18.3359375,957.7788696289062,29.53820037841797,0.024572156712793003,0.10169745437527666
18.3515625,957.7785034179688,29.544906616210938,0.023733173396863094,0.10755678832317983
18.3671875,957.7822265625,29.544158935546875,0.0269200617185561,0.10597466150553103
18.3828125,957.7821655273438,29.540802001953125,0.026334436199704214,0.10181602691246994
18.3984375,957.7817993164062,29.544158935546875,0.025461033362603303,0.10435129675226662
18.4140625,957.769287109375,29.55384826660156,0.012695919567022429,0.1131496854022096
18.4296875,957.7900390625,29.544158935546875,0.03279459392854278,0.10265207032918511
18.4453125,957.7791137695312,29.54937744140625,0.021442166175461352,0.10702783731208854
18.4609375,957.7796630859376,29.551612854003903,0.021561961437669197,0.10840963076982035
18.4765625,957.782958984375,29.55682373046875,0.02437235479942501,0.11273284702189557
18.4921875,957.7891235351562,29.55868530273437,0.029940481643507155,0.11369915038683232
18.5078125,957.7825317382812,29.551979064941406,0.022892655769169323,0.10615703046422809
18.5234375,957.78857421875,29.55384826660156,0.028369996858259583,0.10718227718590967
18.5390625,957.7869262695312,29.576202392578125,0.026200132646522434,0.12852440001276833
18.5546875,957.7855834960938,29.55384826660156,0.024371863911937908,0.10534081877029422
18.5703125,957.7832641601562,29.55644989013672,0.02162181453741141,0.10709914197494186
18.5859375,957.7921752929688,29.56241607666016,0.029936600721953255,0.11218200561948777
18.6015625,957.782958984375,29.575454711914062,0.02031559892259338,0.12424235461656608
18.6171875,957.7781982421876,29.56465148925781,0.015251050939582456,0.11255288874187386
18.6328125,957.8009643554688,29.561676025390625,0.03727464148198578,0.1087213512428562
18.6484375,957.7877807617188,29.56465148925781,0.023620519456017064,0.11082418374199321
18.6640625,957.784423828125,29.572479248046875,0.01986781270090887,0.11772497423003614
18.6796875,957.7852172851562,29.57433319091797,0.02025772930767289,0.1186447068112777
18.6953125,957.7688598632812,29.58179473876953,0.00382412955309519,0.1251210495482873
18.7109375,957.7862548828124,29.57880401611328,0.02080471257863792,0.12117618371319239
18.7265625,957.78466796875,29.583274841308597,0.01884245088899661,0.124665391651412
18.7421875,957.7919921875,29.572479248046875,0.025655601872585976,0.11298019058977005
18.7578125,957.7938842773438,29.576950073242188,0.02700965086251017,0.11653342972426017
18.7734375,957.788818359375,29.57843780517578,0.021515144360705563,0.11709912133240152
18.7890625,957.8055419921876,29.58179473876953,0.03749192605664575,0.11951499199703974
18.8046875,957.7899780273438,29.584396362304688,0.021499680720353354,0.1211625794733493
18.8203125,957.8062133789062,29.584030151367188,0.036998019933548676,0.11985264690666142
18.8359375,957.7952270507812,29.590362548828125,0.025503650952941825,0.1251992237084778
18.8515625,957.7841186523438,29.58551025390625,0.014114095239733615,0.11940671840545747
18.8671875,957.78662109375,29.583648681640625,0.016291994914581664,0.11662682468561414
18.8828125,957.7876586914062,29.58924102783203,0.016991123965908628,0.12126433360454314
18.8984375,957.7938842773438,29.5888671875,0.022763258538134323,0.11994603629382183
18.9140625,957.788818359375,29.57769012451172,0.017351689386373437,0.10791921570159246
18.9296875,957.7791137695312,29.587379455566406,0.007497742129658036,0.11668972998474558
18.9453125,957.7966918945312,29.59185028076172,0.024586104099739714,0.12021398834271224
18.9609375,957.7928466796876,29.59557342529297,0.02033579376279704,0.12296887402338541
18.9765625,957.790771484375,29.584396362304688,0.017903946136698323,0.11091843751139407
18.9921875,957.788330078125,29.58998107910156,0.015160537154542908,0.11559297341523234
19.0078125,957.8123168945312,29.58551025390625,0.03838275681152936,0.11025400643695349
19.0234375,957.787841796875,29.60562896728516,0.013636025187452105,0.1293541829423006
19.0390625,957.7905883789062,29.5888671875,0.016062634421473376,0.11171277500747578
19.0546875,957.783935546875,29.59632110595703,0.009226017187302205,0.11823570367181446
19.0703125,957.792724609375,29.600418090820312,0.01766322266212228,0.12137696440591483
19.0859375,957.7900390625,29.600418090820312,0.0146851430569086,0.12042870687149332
19.1015625,957.7894287109376,29.591102600097656,0.013799893223108484,0.11024514414767594
19.1171875,957.77685546875,29.598556518554688,0.0012026930074853226,0.11677953867810942
19.1328125,957.7819213867188,29.588119506835938,0.006146177168147915,0.1055117259674887
19.1484375,957.7974243164062,29.607498168945312,0.02122627273740818,0.12391468192001298
19.1640625,957.7921142578124,29.59221649169922,0.015605350586042732,0.10778430932490579
19.1796875,957.7910766601562,29.609359741210938,0.01428322650554037,0.12395156228321369
19.1953125,957.79296875,29.603775024414062,0.015859392201832634,0.11744210450597592
19.2109375,957.7984008789062,29.58924102783203,0.02087567108640087,0.10210413833078746
19.2265625,957.7974853515624,29.60302734375,0.019570297185055097,0.11498506007493603
19.2421875,957.7903442382812,29.5888671875,0.012186426405833117,0.1000372092638031
19.2578125,957.7869262695312,29.58924102783203,0.00859719871721154,0.09962658827086557
19.2734375,957.8017578125,29.59221649169922,0.022971149074919595,0.1018004736057243
19.2890625,957.7843017578124,29.58924102783203,0.005407377700066718,0.09805293934995518
19.3046875,957.8017578125,29.593711853027344,0.022416880973878506,0.101722797634757
19.3203125,957.80224609375,29.58924102783203,0.022457795774244005,0.09649219140476006
19.3359375,957.796875,29.59483337402344,0.016752977375290357,0.10128700214620068
19.3515625,957.798095703125,29.60675048828125,0.017622632052962217,0.112319709244602
19.3671875,957.8055419921876,29.59668731689453,0.02457929375009371,0.10145765865586753
19.3828125,957.7848510742188,29.59632110595703,0.0038124309417071345,0.10030167078306818
19.3984375,957.8056030273438,29.5888671875,0.024084610940349194,0.09212237926098865
19.4140625,957.7869262695312,29.584396362304688,0.005302230996448998,0.08696677629953697
19.4296875,957.79638671875,29.5888671875,0.014474346617248557,0.09072324523317121
19.4453125,957.8097534179688,29.59297180175781,0.027297275409523536,0.09408701683870646
19.4609375,957.7874145507812,29.5888671875,0.004861564311454458,0.08927941506073367
19.4765625,957.7900390625,29.601158142089844,0.0073398636077399715,0.10077685113768098
19.4921875,957.7871704101562,29.604148864746094,0.0043838829190008255,0.10295688962366611
19.5078125,957.7886352539062,29.606002807617188,0.0057344937262087115,0.10399199786589364
19.5234375,957.7852172851562,29.60265350341797,0.0022712803477134003,0.09985642262240546
19.5390625,957.7958984375,29.60265350341797,0.012699455490405853,0.09907629432066756
19.5546875,957.7885131835938,29.587379455566406,0.005210408584503057,0.0831475414185654
19.5703125,957.78076171875,29.591102600097656,-0.0024914262542097276,0.08619200871583388
19.5859375,957.7762451171876,29.6033935546875,-0.0068711522733337915,0.09771356515485152
19.6015625,957.7891845703124,29.58924102783203,0.005949779350430617,0.08290821768767032
19.6171875,957.7840576171876,29.576950073242188,0.0008067554009585365,0.07006556572987321
19.6328125,957.7796020507812,29.58179473876953,-0.0035775451653989876,0.07432499507552137
19.6484375,957.7850341796876,29.582534790039062,0.0018183614022291295,0.0744786006704814
19.6640625,957.78515625,29.57880401611328,0.0019025326577093438,0.07019510934825846
19.6796875,957.7662353515624,29.576202392578125,-0.01668597582329312,0.06706541170518676
19.6953125,957.762939453125,29.58179473876953,-0.019591603279081937,0.07209011916302543
19.7109375,957.7789916992188,29.57992553710937,-0.003470229115350776,0.0696723165848745
19.7265625,957.7793579101562,29.56800842285156,-0.003043392822860369,0.05730398980888296
19.7421875,957.7620849609376,29.557205200195312,-0.01991953848596495,0.04613747990925532
19.7578125,957.7639770507812,29.55644989013672,-0.017675350036029158,0.04502762164870333
19.7734375,957.7774047851562,29.548629760742188,-0.0041646544176501266,0.03691680872093528
19.7890625,957.7789916992188,29.55868530273437,-0.0025273938638292748,0.046605379223173315
19.8046875,957.7935791015624,29.56391143798828,0.011824461439232437,0.051426580770229435
19.8203125,957.7781982421876,29.544158935546875,-0.003486937038360338,0.03142662459188017
19.8359375,957.7821655273438,29.55384826660156,0.00047096631863041694,0.040794737243075474
19.8515625,957.7765502929688,29.551612854003903,-0.0050437940708434326,0.038258079921625665
19.8671875,957.77685546875,29.554969787597656,-0.004646067151156785,0.041289896222291844
19.8828125,957.7760620117188,29.548629760742188,-0.0053332834756929515,0.034676823512395316
19.8984375,957.7894287109376,29.53521728515625,0.00787651309190096,0.02109822020828389
19.9140625,957.780029296875,29.554969787597656,-0.0014931568110796434,0.04053157637898863
19.9296875,957.7637329101562,29.54602813720703,-0.017442091507746227,0.03134312969157804
19.9453125,957.7559814453124,29.53409576416016,-0.024701494704117977,0.019259110108418298
19.9609375,957.7780151367188,29.54676818847656,-0.00261569776455417,0.03168206931212225
19.9765625,957.7695922851562,29.53409576416016,-0.010822952660532792,0.01886113214419538
19.9921875,957.767578125,29.532615661621094,-0.012586387957071565,0.01724524031133967
20.0078125,957.7747192382812,29.532615661621094,-0.005338921654811202,0.017110511871408107
20.0234375,957.775390625,29.532615661621094,-0.004576372144356355,0.0169768359974114
20.0390625,957.7612915039062,29.53038024902344,-0.018310737510773833,0.014626256029448115
20.0546875,957.7899169921876,29.526275634765625,0.010113290794606655,0.01043944144529263
20.0703125,957.7606201171876,29.527389526367188,-0.01880890482641462,0.011463072632427185
20.0859375,957.7625732421876,29.515098571777344,-0.016526565376693725,-0.0008214141296249977
20.1015625,957.7594604492188,29.52367401123047,-0.019255777127909823,0.007693447000658438
20.1171875,957.75732421875,29.527023315429688,-0.020974194948280456,0.010956479706127453
20.1328125,957.766845703125,29.53409576416016,-0.01122902481984056,0.017888077433187988
20.1484375,957.7749633789062,29.52255249023437,-0.0030505805026450616,0.006295234729996935
20.1640625,957.7767944335938,29.512863159179688,-0.001195706951534703,-0.0033675799471488688
20.1796875,957.76904296875,29.516586303710938,-0.00877242234616915,0.0003527867357888681
20.1953125,957.7804565429688,29.512863159179688,0.0025895668750308687,-0.0033440268751832036
20.2109375,957.7813110351562,29.522178649902344,0.0033767922839160747,0.005924811786165662
20.2265625,957.7804565429688,29.5169677734375,0.00247303642265706,0.0007083577016224751
20.2421875,957.7799072265624,29.511741638183597,0.0018861473597553413,-0.004482482415152589
20.2578125,957.7633666992188,29.50579071044922,-0.014368161624815912,-0.010351899132736264
20.2734375,957.7626342773438,29.516586303710938,-0.014805650228367995,0.00044022776859975465
20.2890625,957.7730102539062,29.5169677734375,-0.004343156602089948,0.000815277983480911
20.3046875,957.7688598632812,29.512115478515625,-0.008327657632776209,-0.004005477743561414
20.3203125,957.7750854492188,29.517333984375,-0.0020610156075235864,0.0012035513336599024
20.3359375,957.76513671875,29.50205993652344,-0.011775180723248013,-0.013960570763853042
20.3515625,957.7634887695312,29.50839233398437,-0.013160959435367658,-0.0075685781989918155
20.3671875,957.7587280273438,29.514732360839844,-0.017571668388086437,-0.0012189532861484054
20.3828125,957.743408203125,29.50914001464844,-0.03224908064180454,-0.006758086200381541
20.3984375,957.7575073242188,29.501686096191406,-0.017795468150666238,-0.014100973371029113
20.4140625,957.7420043945312,29.500946044921875,-0.03264803850538556,-0.014725079135555319
20.4296875,957.7646484375,29.498329162597656,-0.009808604998852388,-0.017206477385869334
20.4453125,957.7625732421876,29.498329162597656,-0.011651694836359638,-0.01707205178129101
20.4609375,957.7589111328124,29.49609375,-0.015014706473039041,-0.0191566248134869
20.4765625,957.75927734375,29.498329162597656,-0.014362392107045707,-0.016789015245393557
20.4921875,957.7496948242188,29.504669189453125,-0.023477237582824273,-0.010367355668130074
20.5078125,957.7564086914062,29.49647521972656,-0.01643596081726173,-0.01841631504004937
20.5234375,957.7598876953124,29.49982452392578,-0.012703891346404816,-0.0149492998186318
20.5390625,957.7589721679688,29.49274444580078,-0.013353414418702414,-0.021857273428448565
20.5546875,957.7649536132812,29.49200439453125,-0.007227985334566256,-0.022420783098777264
20.5703125,957.7489624023438,29.49274444580078,-0.022765696344890785,-0.02151135111182967
20.5859375,957.7515258789062,29.48491668701172,-0.019807645177252198,-0.029109898104792364
20.6015625,957.7463989257812,29.486785888671875,-0.024447594429148012,-0.02702787850366306
20.6171875,957.7471923828124,29.48603820800781,-0.023192142526909265,-0.027558562611730508
20.6328125,957.7470703125,29.48790740966797,-0.02285885711978608,-0.025488662819135754
20.6484375,957.7503662109376,29.480445861816406,-0.019180869645424536,-0.032692787149834146
20.6640625,957.753173828125,29.47150421142578,-0.016053462371019123,-0.041309168497175364
20.6796875,957.7455444335938,29.481201171875,-0.023220301103378915,-0.03136523767258126
20.6953125,957.7582397460938,29.485671997070312,-0.010319422419684088,-0.02668429987978982
20.7109375,957.7433471679688,29.49237823486328,-0.024719578659073704,-0.019821983476767002
20.7265625,957.7477416992188,29.486785888671875,-0.01992807382691808,-0.02521578021763915
20.7421875,957.7349243164062,29.48790740966797,-0.03210589693946986,-0.02390602282137877
20.7578125,957.7484741210938,29.475975036621094,-0.0181936685751225,-0.035558408400532926
20.7734375,957.7368774414062,29.478591918945312,-0.02920850552311549,-0.03268417040384364
20.7890625,957.7462158203124,29.482681274414062,-0.01948203820654726,-0.02837141794341491
20.8046875,957.7498168945312,29.4674072265625,-0.01557078890982666,-0.04330448559345257
20.8203125,957.7327880859376,29.46666717529297,-0.03196288661467861,-0.04370043891874076
20.8359375,957.7327270507812,29.47412109375,-0.03139845454893475,-0.0359633445206029
20.8515625,957.7470092773438,29.475608825683597,-0.016781926658609336,-0.03420627186367042
20.8671875,957.7471923828124,29.45958709716797,-0.016274625463552184,-0.049835594126335536
20.8828125,957.7454223632812,29.475975036621094,-0.017692210522113783,-0.0331863448710763
20.8984375,957.7472534179688,29.479705810546875,-0.01555136763477094,-0.029225449297285877
20.9140625,957.7445068359376,29.468902587890625,-0.017940567836490118,-0.03971594795389777
20.9296875,957.7463989257812,29.47523498535156,-0.015735031157078083,-0.03312274150473726
20.9453125,957.7428588867188,29.47523498535156,-0.01889860400433463,-0.03286397008672992
20.9609375,957.7286376953124,29.47039031982422,-0.03247292440653382,-0.03741403689833689
20.9765625,957.74169921875,29.452880859375,-0.019032272043773446,-0.05449440752452617
20.9921875,957.7354736328124,29.47373962402344,-0.024764540442674843,-0.03337286441611553
21.0078125,957.7456665039062,29.46815490722656,-0.014287066431847961,-0.03865322510977265
21.0234375,957.7218627929688,29.45958709716797,-0.0373468168738782,-0.04685212083111168
21.0390625,957.7344360351562,29.459213256835938,-0.024289715805821288,-0.04685700834155426
21.0546875,957.738037109375,29.45884704589844,-0.02028456655602895,-0.04685428787843193
21.0703125,957.7286987304688,29.46517944335937,-0.029044372308703714,-0.04020531314861486
21.0859375,957.742919921875,29.45958709716797,-0.014533665650446892,-0.04543986512642206
21.1015625,957.7294311523438,29.45325469970703,-0.02747512199459834,-0.051367791785896344
21.1171875,957.7313232421876,29.459213256835938,-0.025083363554017524,-0.04505447501123072
21.1328125,957.7344360351562,29.45176696777344,-0.02154145787858397,-0.05209060185440251
21.1484375,957.741455078125,29.45399475097656,-0.014238773993611176,-0.04947326538056984
21.1640625,957.7417602539062,29.44915008544922,-0.013661457622220041,-0.05389357207269185
21.1796875,957.7412109375,29.45101928710937,-0.013933219848240697,-0.05161793001868986
21.1953125,957.72607421875,29.45399475097656,-0.028502166359999137,-0.04826244688469217
21.2109375,957.7135009765624,29.45399475097656,-0.04027315447444835,-0.04788539651840651
21.2265625,957.728271484375,29.4454345703125,-0.02500454809421626,-0.0560045961107285
21.2421875,957.722412109375,29.45399475097656,-0.03026111209624105,-0.0470737559509935
21.2578125,957.7197265625,29.450271606445312,-0.032303169538181464,-0.05040004969722389
21.2734375,957.7431640625,29.455856323242188,-0.00869251193000764,-0.04446521311206553
21.2890625,957.7266235351562,29.46703338623047,-0.024740206475485138,-0.033028086450940464
21.3046875,957.7327270507812,29.458465576171875,-0.018272692982350236,-0.04127092856805348
21.3203125,957.7139892578124,29.45214080810547,-0.03628762489745441,-0.04722385525450434
21.3359375,957.7445678710938,29.45399475097656,-0.005597507483003028,-0.045015459942920444
21.3515625,957.7387084960938,29.459213256835938,-0.011233115247023306,-0.039486040379763665
21.3671875,957.7177734375,29.454742431640625,-0.03153988919541462,-0.04361345256277005
21.3828125,957.7333374023438,29.446548461914062,-0.015663894579120097,-0.05140267680269872
21.3984375,957.7183227539062,29.45399475097656,-0.03007935272330542,-0.04361297846098111
21.4140625,957.7313842773438,29.45399475097656,-0.016685449807596342,-0.043272252066753225
21.4296875,957.735595703125,29.44393920898437,-0.012230390744548458,-0.05291117066785489
21.4453125,957.7186279296876,29.44915008544922,-0.028627887537709285,-0.047327635654546896
21.4609375,957.7173461914062,29.43425750732422,-0.02932545343981019,-0.06173411835939291
21.4765625,957.719970703125,29.45325469970703,-0.026179438953022327,-0.04240304374238946
21.4921875,957.72021484375,29.43760681152344,-0.025428749532579786,-0.057597409020306856
21.5078125,957.7173461914062,29.454742431640625,-0.027744718245912736,-0.04014568117731798
21.5234375,957.7289428710938,29.448410034179688,-0.01583264718033206,-0.04611496864889375
21.5390625,957.7172241210938,29.44915008544922,-0.027013283954147482,-0.04502042583733612
21.5546875,957.7216186523438,29.43573760986328,-0.02217698019035197,-0.05797639438090485
21.5703125,957.7257080078124,29.425315856933597,-0.017734350801333676,-0.0678637867847236
21.5859375,957.7324829101562,29.45325469970703,-0.010745396729817003,-0.03961303038620301
21.6015625,957.7355346679688,29.42791748046875,-0.007543372532268222,-0.0644428257992935
21.6171875,957.7310791015624,29.43462371826172,-0.011764584662500965,-0.05728552091252581
21.6328125,957.7200317382812,29.43499755859375,-0.022366402085367554,-0.05646705807595964
21.6484375,957.729248046875,29.42791748046875,-0.012893255728158692,-0.06305067419938837
21.6640625,957.7180786132812,29.44393920898437,-0.023592714921051083,-0.04666153204561141
21.6796875,957.7124633789062,29.44915008544922,-0.028637481536406995,-0.041126822334039304
21.6953125,957.7173461914062,29.43573760986328,-0.023290710656738156,-0.054113209654975236
21.7109375,957.7115478515624,29.444679260253903,-0.028520904982997308,-0.044818656457600525
21.7265625,957.7426147460938,29.429786682128903,0.0024962631899825283,-0.05924474056242346
21.7421875,957.7262573242188,29.43425750732422,-0.013590432929504459,-0.05434599415330155
21.7578125,957.7156982421876,29.427169799804688,-0.023677844746543997,-0.06095375087851451
21.7734375,957.7045288085938,29.448410034179688,-0.034166667435329146,-0.03940325465583072
21.7890625,957.7263793945312,29.448410034179688,-0.012075533031065788,-0.039095416728830656
21.8046875,957.7202758789062,29.433883666992188,-0.01782398911200289,-0.05320286372948502
21.8203125,957.7113647460938,29.43537139892578,-0.026212951574393628,-0.05131110732873623
21.8359375,957.7249755859376,29.446548461914062,-0.012355976735761942,-0.03982049711904523
21.8515625,957.7280883789062,29.4454345703125,-0.009062652834131768,-0.04061458880872948
21.8671875,957.7359008789062,29.4454345703125,-0.0012257357865337326,-0.04029728733366156
21.8828125,957.7346801757812,29.444679260253903,-0.002398656901505092,-0.040731873975133226
21.8984375,957.7328491210938,29.43573760986328,-0.004147100034515461,-0.04928544995664552
21.9140625,957.7159423828124,29.444679260253903,-0.020642630536258366,-0.04002861363191457
21.9296875,957.722412109375,29.44282531738281,-0.01389608944293741,-0.04155534903032887
21.9453125,957.7276611328124,29.44282531738281,-0.008478177997631064,-0.0412306978660304
21.9609375,957.7012329101562,29.42866516113281,-0.03422463501601669,-0.05495811306824905
21.9765625,957.7193603515624,29.432762145996094,-0.015782795297241137,-0.05046377564086413
21.9921875,957.7155151367188,29.42791748046875,-0.019244650567770805,-0.05487634397158203
22.0078125,957.719970703125,29.43425750732422,-0.014500234861543504,-0.048157127138644285
22.0234375,957.7088623046876,29.43573760986328,-0.0251084646797608,-0.04631236034489916
22.0390625,957.7054443359376,29.43537139892578,-0.027969276526846443,-0.046313894944255196
22.0546875,957.7182006835938,29.439468383789062,-0.014915801353708957,-0.04188709047096495
22.0703125,957.7138061523438,29.42791748046875,-0.018933177670078294,-0.053020509464783316
22.0859375,957.7125854492188,29.43425750732422,-0.01976025031081008,-0.04631579133893027
22.1015625,957.7132568359376,29.427169799804688,-0.01871603422489443,-0.05298628402362837
22.1171875,957.7124633789062,29.42791748046875,-0.019128446505192187,-0.051830489270820124
22.1328125,957.7095336914062,29.425315856933597,-0.021627311075349098,-0.05400686192467674
22.1484375,957.7042846679688,29.43425750732422,-0.026351406104367925,-0.044713139568944626
22.1640625,957.7247924804688,29.42791748046875,-0.005729460916768403,-0.05065431356172212
22.1796875,957.708251953125,29.42642974853516,-0.021835027552356223,-0.05173468576488105
22.1953125,957.7031860351562,29.4241943359375,-0.026375536428872692,-0.05354845696908228
22.2109375,957.7134399414062,29.42791748046875,-0.015806754589448246,-0.049436052184411494
22.2265625,957.71630859375,29.42791748046875,-0.012685404936178202,-0.0490498330267215
22.2421875,957.71630859375,29.44393920898437,-0.01243764312107487,-0.03277007244460606
22.2578125,957.7014770507812,29.44393920898437,-0.02673658479898222,-0.03251405625363191
22.2734375,957.716796875,29.431640625,-0.011193776975119363,-0.04446254148614415
22.2890625,957.7154541015624,29.43090057373047,-0.012291695912495015,-0.0448494474997716
22.3046875,957.7263793945312,29.43090057373047,-0.0013397153861660627,-0.04449906119117841
22.3203125,957.7251586914062,29.44393920898437,-0.0025104103370949815,-0.031214641359639472
22.3359375,957.7124633789062,29.42829132080078,-0.01490873606292098,-0.046496416031171606
22.3515625,957.7144165039062,29.433883666992188,-0.012702571784302563,-0.04058450679414349
22.3671875,957.7101440429688,29.425315856933597,-0.016643489113903343,-0.04876831437732321
22.3828125,957.712890625,29.44393920898437,-0.013625483116243231,-0.02990945480837226
22.3984375,957.7210693359376,29.448410034179688,-0.005340389909520127,-0.025239890319205927
22.4140625,957.718505859375,29.429031372070312,-0.007749494080144359,-0.04426996998773092
22.4296875,957.7108154296876,29.43425750732422,-0.015138362756488277,-0.038738804774965274
22.4453125,957.7254638671876,29.43090057373047,-0.0004803564038411423,-0.04176686541271124
22.4609375,957.7109985351562,29.448410034179688,-0.014653780457933863,-0.024067893987215427
22.4765625,957.706787109375,29.43573760986328,-0.018496745179845675,-0.0364532845668748
22.4921875,957.7102661132812,29.44393920898437,-0.014724426014367964,-0.02803096915323877
22.5078125,957.716796875,29.425315856933597,-0.008033631789885476,-0.046289834319605205
22.5234375,957.7042846679688,29.4383544921875,-0.02014455290668593,-0.03299142407300337
22.5390625,957.7106323242188,29.4383544921875,-0.013527426018868027,-0.032733678572434144
22.5546875,957.7056884765624,29.440963745117188,-0.01811050661126501,-0.029889078567411076
22.5703125,957.7213134765624,29.44393920898437,-0.002436961560306372,-0.02670335208538077
22.5859375,957.7026977539062,29.43425750732422,-0.02064149897785228,-0.03610079551314627
22.6015625,957.7088623046876,29.433883666992188,-0.014194195302025037,-0.03618967775263826
22.6171875,957.7101440429688,29.44393920898437,-0.012660260594657302,-0.025929962824825736
22.6328125,957.7216796875,29.44282531738281,-0.0011026509058638112,-0.026832574313683466
22.6484375,957.6975708007812,29.448410034179688,-0.024719124780403945,-0.021081858629955263
22.6640625,957.7018432617188,29.43425750732422,-0.020047314939688476,-0.03495911684881747
22.6796875,957.7205810546876,29.44282531738281,-0.001283945369777939,-0.02618512470592904
22.6953125,957.7048950195312,29.416000366210938,-0.01663853559398376,-0.05259593466000467
22.7109375,957.7081298828124,29.433883666992188,-0.013141881838009795,-0.03444144142657635
22.7265625,957.6965942382812,29.42791748046875,-0.024195543432256272,-0.04009194335665356
22.7421875,957.7064819335938,29.43090057373047,-0.014028397961169503,-0.03681893720356655
22.7578125,957.7072143554688,29.43052673339844,-0.01303628905327514,-0.03690220896109864
22.7734375,957.6981201171876,29.432762145996094,-0.02169829047238636,-0.034395962016855464
22.7890625,957.71240234375,29.432762145996094,-0.007271218911796495,-0.03412724356359931
22.8046875,957.705078125,29.429031372070312,-0.014310370519979188,-0.03756225172774563
22.8203125,957.7108154296876,29.44207763671875,-0.008405623140333773,-0.024324455930251787
22.8359375,957.7275390625,29.44393920898437,0.008155548545687452,-0.022287392386001414
22.8515625,957.7099609375,29.42791748046875,-0.009238541757895291,-0.03800983089458043
22.8671875,957.719970703125,29.4383544921875,0.0007561609010053871,-0.02735740652601848
22.8828125,957.7210693359376,29.43090057373047,0.001818567273858207,-0.034539361506620736
22.8984375,957.7042846679688,29.43462371826172,-0.014673794040845678,-0.03057546528025057
22.9140625,957.700439453125,29.43090057373047,-0.018157309492266904,-0.03403065192234678
22.9296875,957.7030029296876,29.444679260253903,-0.015289265880255698,-0.02009374691923327
22.9453125,957.7051391601562,29.44915008544922,-0.012896140188786376,-0.015500867647947558
22.9609375,957.708740234375,29.42866516113281,-0.009113521712833972,-0.0357046529646361
22.9765625,957.712646484375,29.4454345703125,-0.005105567187229099,-0.018787312192873884
22.9921875,957.7100830078124,29.43425750732422,-0.00751925773909079,-0.02973027850005394
23.0078125,957.7039794921876,29.44393920898437,-0.01335670357161689,-0.019891947333338322
23.0234375,957.705078125,29.43573760986328,-0.012018655314705029,-0.027874065622754074
23.0390625,957.7159423828124,29.43462371826172,-0.001131850676074464,-0.028761488808502378
23.0546875,957.7034912109376,29.42791748046875,-0.013317729141704149,-0.03519063498739783
23.0703125,957.708251953125,29.44393920898437,-0.008389858302848552,-0.019019149389965406
23.0859375,957.7112426757812,29.43090057373047,-0.005293683778518243,-0.031807333201339105
23.1015625,957.6901245117188,29.431640625,-0.025895991437892008,-0.030824568791715024
23.1171875,957.7202758789062,29.44393920898437,0.004172262942006455,-0.018381250551037454
23.1328125,957.698974609375,29.42121124267578,-0.016794455679246312,-0.04078805110291128
23.1484375,957.70263671875,29.42755126953125,-0.012875855165475514,-0.03417889905800919
23.1640625,957.7032470703124,29.425315856933597,-0.012025942985815163,-0.03612982484585103
23.1796875,957.7030029296876,29.42829132080078,-0.012030433540076046,-0.03289534253352144
23.1953125,957.70458984375,29.43573760986328,-0.01023954448794484,-0.025250232740777534
23.2109375,957.7042236328124,29.42791748046875,-0.010398611764912857,-0.032811999931126934
23.2265625,957.6959838867188,29.4383544921875,-0.018274327431640813,-0.02220018361696674
23.2421875,957.698974609375,29.4241943359375,-0.014985096869622794,-0.036076274711756895
23.2578125,957.7059936523438,29.44393920898437,-0.007810466910655123,-0.016203812589377975
23.2734375,957.705078125,29.42791748046875,-0.008555564679113559,-0.03197377906511534
23.2890625,957.7033081054688,29.42791748046875,-0.010123912643734911,-0.031723983916169374
23.3046875,957.72607421875,29.427169799804688,0.012395282656257223,-0.03221797970070028
23.3203125,957.7137451171876,29.42791748046875,6.488849442121136e-05,-0.031224437325413135
23.3359375,957.7327880859376,29.43090057373047,0.018734656907668068,-0.02802070856319716
23.3515625,957.723876953125,29.43909454345703,0.00963165839004887,-0.01967184243947173
23.3671875,957.7272338867188,29.44393920898437,0.012734908546576662,-0.014711339592505368
23.3828125,957.716796875,29.43760681152344,0.0022530160304086166,-0.0208793328577066
23.3984375,957.7406005859376,29.43425750732422,0.025547806519398364,-0.024039350829919925
23.4140625,957.7617797851562,29.44915008544922,0.04581436890725854,-0.009075313543164043
23.4296875,957.7609252929688,29.450271606445312,0.044081754127546446,-0.007891653542795751
23.4453125,957.7634887695312,29.45399475097656,0.04573419102814569,-0.004135942534897907
23.4609375,957.7626953125,29.457725524902344,0.044062985286018375,-0.00040200322935390886
23.4765625,957.750732421875,29.45958709716797,0.03147313968713661,0.0014481661531746681
23.4921875,957.7724609375,29.47523498535156,0.052162560481860965,0.01696249141225792
23.5078125,957.76123046875,29.45399475097656,0.040132636815201295,-0.00424432309584688
23.5234375,957.7626953125,29.476348876953125,0.040785029772905546,0.017968320045714137
23.5390625,957.7687377929688,29.475975036621094,0.045912910432207354,0.017457022840918768
23.5546875,957.77734375,29.47412109375,0.053454045833291275,0.015481180907560343
23.5703125,957.7734985351562,29.485671997070312,0.04863990850924438,0.02682089606984306
23.5859375,957.75927734375,29.483062744140625,0.03374647653458851,0.02402248967812426
23.6015625,957.7811279296876,29.48603820800781,0.05451118234577734,0.026787032033237068
23.6171875,957.7630004882812,29.496849060058597,0.03567312099914943,0.03730415061462011
23.6328125,957.7826538085938,29.498329162597656,0.05424584675472488,0.0384812511759165
23.6484375,957.787109375,29.50279998779297,0.057554901185199014,0.04261651327457727
23.6640625,957.7796020507812,29.511001586914062,0.049070085228777316,0.050421095892581036
23.6796875,957.7799072265624,29.52404022216797,0.048410900443286664,0.06296395199690608
23.6953125,957.8021850585938,29.512863159179688,0.06930809316850173,0.05138230393824372
23.7109375,957.7855834960938,29.512863159179688,0.05167710624141364,0.05098087968872633
23.7265625,957.796630859375,29.512863159179688,0.06149938222733908,0.050582591566158186
23.7421875,957.7709350585938,29.537826538085938,0.03510429274592752,0.07495576757809275
23.7578125,957.7827758789062,29.5244140625,0.046028216318973136,0.06106248502346645
23.7734375,957.7813110351562,29.537826538085938,0.04369299419852268,0.0738931249796444
23.7890625,957.7803955078124,29.53820037841797,0.04194196945513795,0.07368675464517693
23.8046875,957.7649536132812,29.55384826660156,0.025982495335597378,0.088636715931667
23.8203125,957.7930908203124,29.55682373046875,0.053062676929926056,0.0908964596441777
23.8359375,957.8031616210938,29.56055450439453,0.06190040197475355,0.09388795830769325
23.8515625,957.7938232421876,29.561676025390625,0.05153542105551878,0.09426721774672586
23.8671875,957.785888671875,29.576950073242188,0.04274927162680342,0.10868547446080257
23.8828125,957.7857055664062,29.584030151367188,0.0417347957252332,0.11486113420622601
23.8984375,957.7828979492188,29.588119506835938,0.03816688208189589,0.11802118897438874
23.9140625,957.7796630859376,29.588119506835938,0.03424975280859144,0.11709914843552482
23.9296875,957.7869262695312,29.590362548828125,0.040702136863160376,0.11840982956499602
23.9453125,957.7871704101562,29.58924102783203,0.040146545505990616,0.11637199365820905
23.9609375,957.7815551757812,29.59297180175781,0.03385687146044347,0.11916446471223807
23.9765625,957.7892456054688,29.598182678222656,0.040735830422363506,0.12340365882413806
23.9921875,957.8027954101562,29.60302734375,0.05322536879907602,0.12724638431748758
24.0078125,957.7854614257812,29.598182678222656,0.03519038082208681,0.12144545536209606
24.0234375,957.7892456054688,29.6104736328125,0.03821333862458687,0.13269159424919152
24.0390625,957.7911376953124,29.626129150390625,0.03932211931839902,0.14718815001616647
24.0546875,957.7953491210938,29.6246337890625,0.042683280547066715,0.14455456377641696
24.0703125,957.8056030273438,29.63842010498047,0.05190325736748491,0.1571038415717716
24.0859375,957.7930297851562,29.646240234375,0.03856185082099728,0.1636355024431282
24.1015625,957.7969360351562,29.643630981445312,0.04163864572683451,0.15976823193911827
24.1171875,957.8034057617188,29.646240234375,0.04716875564304246,0.1611089107682666
24.1328125,957.7931518554688,29.64997100830078,0.0361938562408568,0.16355187465737586
24.1484375,957.7978515625,29.644386291503903,0.04009486086442848,0.15673303943971106
24.1640625,957.7857055664062,29.67157745361328,0.027402988505627945,0.18248729372448835
24.1796875,957.8106079101562,29.66785430908203,0.051283743734984455,0.17736755427766582
24.1953125,957.7986450195312,29.672691345214844,0.038552867697717375,0.18078111704789634
24.2109375,957.7960205078124,29.673812866210938,0.03522663027615636,0.1804815236842714
24.2265625,957.800537109375,29.677536010742188,0.03896699684196392,0.18276556924508824
24.2421875,957.8020629882812,29.672691345214844,0.03970199926880014,0.17653089665745014
24.2578125,957.79296875,29.68647766113281,0.030009953155740732,0.18883035935217052
24.2734375,957.7975463867188,29.67865753173828,0.033912051009792776,0.17959608753609757
24.2890625,957.7998046875,29.69840240478516,0.03546389960763463,0.19778360932842176
24.3046875,957.8086547851562,29.68833923339844,0.04344848950483993,0.1862538720202842
24.3203125,957.7965698242188,29.69951629638672,0.03075095965004948,0.19588850582880823
24.3359375,957.80078125,29.693565368652344,0.03427952634081066,0.18845369076557006
24.3515625,957.80810546875,29.693565368652344,0.040791171944533744,0.18698139630646438
24.3671875,957.7970581054688,29.704360961914062,0.0291628749002939,0.19623185683717992
24.3828125,957.7994384765624,29.697662353515625,0.030927166970627695,0.18805251993531513
24.3984375,957.80859375,29.70957946777344,0.03929958024400548,0.19840737142599707
24.4140625,957.8037109375,29.71703338623047,0.03374456524898051,0.20425299855581258
24.4296875,957.8045043945312,29.71442413330078,0.03386345153262482,0.20006840386342262
24.4453125,957.8233642578124,29.711814880371094,0.0516935625713586,0.19591650131706473
24.4609375,957.8002319335938,29.733428955078125,0.02800340166618298,0.21583111839890634
24.4765625,957.8063354492188,29.72075653076172,0.03344076656287598,0.20157151678498053
24.4921875,957.8012084960938,29.73565673828125,0.027760809269125275,0.214780538958383
24.5078125,957.81640625,29.7244873046875,0.042119528738339795,0.2020203936039735
24.5234375,957.8016357421876,29.737518310546875,0.026814860361014325,0.21337131040504076
24.5390625,957.8086547851562,29.74237060546875,0.03317308490522919,0.21651873341030026
24.5546875,957.796875,29.741989135742188,0.020975461863258715,0.21444869131120825
24.5703125,957.7918701171876,29.747581481933597,0.01565865367876995,0.21832196689712902
24.5859375,957.8041381835938,29.752426147460938,0.027381276333244386,0.22142314310865174
24.6015625,957.8034057617188,29.74945068359375,0.02612836901960236,0.21674105674739153
24.6171875,957.8098754882812,29.75763702392578,0.031961414027819046,0.2231701517897413
24.6328125,957.8064575195312,29.75763702392578,0.027985956112274835,0.22142663497888293
24.6484375,957.8033447265624,29.75763702392578,0.024387359175761958,0.21969673939311107
24.6640625,957.81201171875,29.754661560058597,0.032408758563292395,0.21502814056088226
24.6796875,957.8037109375,29.76807403564453,0.0236371183814299,0.2266559238331709
24.6953125,957.8131103515624,29.772544860839844,0.032391287669497615,0.22932107130169754
24.7109375,957.8056030273438,29.76807403564453,0.024397948539672143,0.22309360355867724
24.7265625,957.8198852539062,29.762481689453125,0.037924702932173204,0.21580202879409072
24.7421875,957.7860717773438,29.76993560791016,0.00403092897965962,0.22151176016322438
24.7578125,957.820068359375,29.77925109863281,0.03728478618643294,0.22902391298832825
24.7734375,957.809326171875,29.77552032470703,0.026024188555879846,0.22353303641362388
24.7890625,957.8102416992188,29.77925109863281,0.026413549573476303,0.22548831182112394
24.8046875,957.8112182617188,29.776275634765625,0.026855148946992813,0.2207744663292992
24.8203125,957.800537109375,29.77552032470703,0.01585809823211548,0.21830025661234131
24.8359375,957.81396484375,29.78521728515625,0.02871384368904728,0.22621598880326488
24.8515625,957.7996826171876,29.79192352294922,0.01414974960471227,0.2311025217009508
24.8671875,957.8003540039062,29.79340362548828,0.014531661004525631,0.23076557248813856
24.8828125,957.8126831054688,29.797508239746094,0.026336138298120204,0.23303526341199898
24.8984375,957.8021850585938,29.80049133300781,0.01552875369998219,0.2341744632621996
24.9140625,957.809814453125,29.7822265625,0.022705840648541198,0.21422289827974694
24.9296875,957.7949829101562,29.7960205078125,0.007720502803181262,0.2262354620016822
24.9453125,957.807373046875,29.797508239746094,0.019717853593760992,0.2259441064826575
24.9609375,957.811279296875,29.807937622070312,0.023162695320479543,0.23452682092557353
24.9765625,957.8125,29.797874450683597,0.023907160194539756,0.2227100272768361
24.9921875,957.8095703125,29.79192352294922,0.02056775643097808,0.21506566907728342
25.0078125,957.8126220703124,29.810546875,0.023158195605788023,0.23186332565050094
25.0234375,957.8176879882812,29.80718994140625,0.027672861356450085,0.22672118586880785
25.0390625,957.8253173828124,29.810546875,0.03461275870233749,0.22828063415425603
25.0546875,957.8109130859376,29.80943298339844,0.019813765307503672,0.22539200237650547
25.0703125,957.8200073242188,29.812408447265625,0.028343394143576006,0.22658334541366187
25.0859375,957.8161010742188,29.80681610107422,0.023959856172041327,0.21926450704083322
25.1015625,957.8092651367188,29.80868530273437,0.016789467135481573,0.21940610160175922
25.1171875,957.8077392578124,29.812408447265625,0.014965471271466413,0.2213860488975996
25.1328125,957.7994384765624,29.804214477539062,0.006534520294508184,0.21152651605251194
25.1484375,957.8102416992188,29.810546875,0.016999115158910172,0.21615689075162692
25.1640625,957.807861328125,29.808311462402344,0.014333221720107758,0.2122502166058915
25.1796875,957.8076171875,29.80049133300781,0.01381390373001068,0.20283297715501902
25.1953125,957.8092651367188,29.79192352294922,0.015159863633357418,0.19274747047848706
25.2109375,957.8095092773438,29.806076049804688,0.015103144800150403,0.20528359110478434
25.2265625,957.80615234375,29.79340362548828,0.011516793018813587,0.19110639204784263
25.2421875,957.78076171875,29.77925109863281,-0.01360285870032385,0.17557141312055435
25.2578125,957.7860107421876,29.776275634765625,-0.008190674417733135,0.17124754339982928
25.2734375,957.7943725585938,29.75763702392578,0.00016779937141109258,0.15141667527436198
25.2890625,957.7991333007812,29.776275634765625,0.004832280981645454,0.16872672919143739
25.3046875,957.8053588867188,29.759506225585938,0.010841892955909316,0.15077015344915878
25.3203125,957.7949829101562,29.75763702392578,0.0004568164638385497,0.1477376631031504
25.3359375,957.7807006835938,29.74609375,-0.013555382557683515,0.13513037051192
25.3515625,957.7910766601562,29.74012756347656,-0.0031173082218174386,0.12815508880106918
25.3671875,957.80029296875,29.74012756347656,0.005979879270967103,0.12715387716981041
25.3828125,957.7904663085938,29.737518310546875,-0.0037716484461043365,0.12357161936325056
25.3984375,957.785888671875,29.736404418945312,-0.008186213188992042,0.1215010267635499
25.4140625,957.798583984375,29.708091735839844,0.004421030965090722,0.09246030972325414
25.4296875,957.7844848632812,29.70995330810547,-0.009489064930789937,0.09358499228584094
25.4453125,957.7981567382812,29.694305419921875,0.004101114560057795,0.07732822047644916
25.4609375,957.7830200195312,29.691696166992188,-0.010820065045663796,0.07413522561280317
25.4765625,957.7735595703124,29.70250701904297,-0.01988441047035394,0.08428243643183819
25.4921875,957.7876586914062,29.691696166992188,-0.005672295443332587,0.07289758762808063
25.5078125,957.7754516601562,29.68610382080078,-0.017530121093841444,0.06677941923794961
25.5234375,957.7955932617188,29.676795959472656,0.0025604749907870428,0.05702256136365236
25.5390625,957.7897338867188,29.677536010742188,-0.003234468368418675,0.057311342221986195
25.5546875,957.7880249023438,29.677536010742188,-0.004846900932079734,0.056863597360877094
25.5703125,957.7868041992188,29.677536010742188,-0.005949096165295487,0.056419350506494936
25.5859375,957.80029296875,29.6600341796875,0.007392414120545254,0.03861347633108991
25.6015625,957.7860717773438,29.646240234375,-0.006695402729292255,0.024625628432506375
25.6171875,957.795654296875,29.65033721923828,0.0028307278018928628,0.02849821787941309
25.6328125,957.781982421875,29.641769409179688,-0.010629406041857692,0.01977470150971783
25.6484375,957.7731323242188,29.6246337890625,-0.019099044641507135,0.0026184635691528513
25.6640625,957.7804565429688,29.634689331054688,-0.011544848823291431,0.01257498989289374
25.6796875,957.7852783203124,29.62127685546875,-0.006591761489858072,-0.0008309428360675497
25.6953125,957.79296875,29.626129150390625,0.0010772098345341874,0.003989935272638689
25.7109375,957.78125,29.626129150390625,-0.010433697584062429,0.003958763903320062
25.7265625,957.7713623046876,29.608985900878903,-0.019924490691437313,-0.013081481814587903
25.7421875,957.7793579101562,29.608985900878903,-0.011695899183337133,-0.012979282737912712
25.7578125,957.7774658203124,29.605262756347656,-0.013322598616468895,-0.01657193955611902
25.7734375,957.7857666015624,29.604148864746094,-0.004923734996054918,-0.017547660601760384
25.7890625,957.7855834960938,29.59297180175781,-0.005007097486895873,-0.028500311686997293
25.8046875,957.7709350585938,29.5888671875,-0.019271637819201715,-0.03235019996086308
25.8203125,957.8035888671876,29.58924102783203,0.013120800251726905,-0.0317265443192305
25.8359375,957.7840576171876,29.576950073242188,-0.006285245651611149,-0.04367361219884813
25.8515625,957.7844848632812,29.58924102783203,-0.005743585504092152,-0.03113748059643484
25.8671875,957.7840576171876,29.576950073242188,-0.006050307543091549,-0.04308915053638529
25.8828125,957.7734375,29.561294555664062,-0.01634483049770097,-0.05828572539486743
25.8984375,957.7840576171876,29.57880401611328,-0.0056129025032305435,-0.04045770037576091
25.9140625,957.7816162109376,29.566146850585938,-0.007896998035448632,-0.05269990601323826
25.9296875,957.7814331054688,29.567626953125,-0.00792228898274061,-0.05081964875953204
25.9453125,957.7883911132812,29.56241607666016,-0.0009454475535903839,-0.0555927867460575
25.9609375,957.7743530273438,29.57433319091797,-0.01469088635258231,-0.043334456296932444
25.9765625,957.7824096679688,29.55868530273437,-0.006504670615754549,-0.058521544914274415
25.9921875,957.7807006835938,29.56055450439453,-0.008053232041675074,-0.05620974682244295
26.0078125,957.7846069335938,29.55384826660156,-0.004065986298655844,-0.06242445348560821
26.0234375,957.7869262695312,29.551612854003903,-0.001712536096306394,-0.06415471087948887
26.0390625,957.79833984375,29.537826538085938,0.009511564721606192,-0.07733211252559968
26.0546875,957.788330078125,29.544906616210938,-0.000488470417053577,-0.06970319038184414
26.0703125,957.7687377929688,29.547142028808597,-0.019688553315972968,-0.06694068577024481
26.0859375,957.7794799804688,29.544906616210938,-0.008771632108619087,-0.06863566009940669
26.1015625,957.7791748046876,29.541183471679688,-0.008899526485606657,-0.07179350146947883
26.1171875,957.782470703125,29.528884887695312,-0.005494182187931074,-0.0834351160362452
26.1328125,957.7640380859376,29.53559112548828,-0.023459479074972478,-0.07612943388200222
26.1484375,957.780029296875,29.533729553222656,-0.007322403525563459,-0.07738170141209721
26.1640625,957.7810668945312,29.53038024902344,-0.006162055754657558,-0.08010029462997537
26.1796875,957.7672729492188,29.51323699951172,-0.019566235421279998,-0.09648382895309027
26.1953125,957.7855834960938,29.533729553222656,-0.0012311633793160581,-0.07539759340432184
26.2109375,957.7799072265624,29.515846252441406,-0.00677252211164614,-0.0925521371997462
26.2265625,957.7662353515624,29.522178649902344,-0.02004509248058639,-0.08554614802210025
26.2421875,957.7662963867188,29.525909423828125,-0.019593743704604094,-0.08117619148619326
26.2578125,957.7838745117188,29.517333984375,-0.0019762511517456005,-0.08905044632260584
26.2734375,957.7725830078124,29.533729553222656,-0.01300861921708929,-0.07208726124467546
26.2890625,957.7780151367188,29.512863159179688,-0.0074285119843580105,-0.09222745485570982
26.3046875,957.7855834960938,29.5169677734375,0.00013711599626731186,-0.08743438090572653
26.3203125,957.7848510742188,29.53038024902344,-0.0005836788108126711,-0.07344360918447634
26.3359375,957.7807006835938,29.51547241210937,-0.004641607142161774,-0.08766120042590231
26.3515625,957.7760620117188,29.525909423828125,-0.009099023567614495,-0.07662087473287471
26.3671875,957.7740478515624,29.49982452392578,-0.010896129354364348,-0.10190338577088198
26.3828125,957.7749633789062,29.511001586914062,-0.009785668377503498,-0.09001752338586044
26.3984375,957.76953125,29.511001586914062,-0.014920574680559184,-0.08931426148440735
26.4140625,957.7620849609376,29.511741638183597,-0.021930010935420796,-0.08788222419756764
26.4296875,957.7725830078124,29.514732360839844,-0.011208683512563766,-0.08422828668552995
26.4453125,957.7728881835938,29.5169677734375,-0.01069054859578955,-0.08135230475906141
26.4609375,957.7762451171876,29.50579071044922,-0.0071903803338955186,-0.0918064820618163
26.4765625,957.77685546875,29.49982452392578,-0.006451512584590091,-0.09700881961193275
26.4921875,957.7810668945312,29.49982452392578,-0.0021963351080103166,-0.09625093820871555
26.5078125,957.7774047851562,29.504669189453125,-0.0057440217392468185,-0.09069216117604739
26.5234375,957.781005859375,29.514732360839844,-0.002101093076703364,-0.07999907580660093
26.5390625,957.7858276367188,29.51026153564453,0.002667545902454549,-0.08380997990033734
26.5546875,957.7589111328124,29.508026123046875,-0.02377534554284466,-0.08537316286910368
26.5703125,957.777099609375,29.51062774658203,-0.005477750445493257,-0.08212488668290163
26.5859375,957.778564453125,29.49982452392578,-0.003934529611569815,-0.09220210848494048
26.6015625,957.7731323242188,29.50653076171875,-0.009183715968674733,-0.08482793420219181
26.6171875,957.7639770507812,29.500564575195312,-0.017980806019295414,-0.09008479165746053
26.6328125,957.7609252929688,29.50653076171875,-0.02062177156949474,-0.08346142853141458
26.6484375,957.7584838867188,29.508766174316406,-0.02261272512771484,-0.08059143768427646
26.6640625,957.7642822265624,29.50653076171875,-0.01648597932148732,-0.08217976551410544
26.6796875,957.7664794921876,29.49647521972656,-0.014009637256890528,-0.09151471916640475
26.6953125,957.7604370117188,29.511001586914062,-0.01966047480141242,-0.07638688047906683
26.7109375,957.7620849609376,29.498329162597656,-0.017660718442243706,-0.08836352897675681
26.7265625,957.7607421875,29.493858337402344,-0.018632329929118896,-0.09210908578009835
26.7421875,957.7835693359376,29.503921508789062,0.00411288845953095,-0.08140493068718158
26.7578125,957.7716674804688,29.498329162597656,-0.0076368387474303745,-0.08631761065297283
26.7734375,957.787109375,29.49088287353516,0.0076526132880871955,-0.09303136924894062
26.7890625,957.7679443359376,29.498329162597656,-0.011287573708386844,-0.08491644674748855
26.8046875,957.7637939453124,29.498329162597656,-0.015136441592744632,-0.08425303700727227
26.8203125,957.7760620117188,29.50019836425781,-0.0028123522334908557,-0.08174021163346978
26.8359375,957.7701416015624,29.50243377685547,-0.00856220062439661,-0.07888366779334177
26.8515625,957.784423828125,29.50019836425781,0.005608306681665454,-0.08048533757544618
26.8671875,957.7658081054688,29.49609375,-0.012753364881291418,-0.08392909283455907
26.8828125,957.7640991210938,29.48938751220703,-0.014179881497398128,-0.08992724210699876
26.8984375,957.7665405273438,29.49088287353516,-0.011509208152688188,-0.08774100671028506
26.9140625,957.7679443359376,29.48938751220703,-0.009908028473660124,-0.08853920891311517
26.9296875,957.7640380859376,29.49647521972656,-0.013544468347276961,-0.08081516153895052
26.9453125,957.7708129882812,29.48603820800781,-0.00663734791760362,-0.09053926565412596
26.9609375,957.7661743164062,29.489761352539062,-0.01105578503097604,-0.08613787017660002
26.9765625,957.7498779296876,29.486785888671875,-0.026817949645078443,-0.08841713612157065
26.9921875,957.77294921875,29.480445861816406,-0.003673483618172213,-0.09401687264128
27.0078125,957.7623901367188,29.480445861816406,-0.013954585851593038,-0.09328236582377158
27.0234375,957.7623901367188,29.4886474609375,-0.013682035346732846,-0.08441607321281452
27.0390625,957.7738037109376,29.480445861816406,-0.0022241552464947745,-0.09189409676880089
27.0546875,957.757568359375,29.48491668701172,-0.01809896956672219,-0.08674027726431888
27.0703125,957.7783203125,29.486412048339844,0.002601167473130772,-0.0845789400304433
27.0859375,957.7630004882812,29.494613647460938,-0.012470245481040365,-0.07578064293349485
27.1015625,957.7571411132812,29.4886474609375,-0.01797162008097075,-0.08110818235180162
27.1171875,957.7767944335938,29.478591918945312,0.0016488545238644292,-0.09045150774755228
27.1328125,957.746826171875,29.484176635742188,-0.027766293773083817,-0.08420376914637373
27.1484375,957.7525024414062,29.48380279541016,-0.021658578455912902,-0.08391684690435142
27.1640625,957.778076171875,29.48231506347656,0.0038386842001045807,-0.08473735556578177
27.1796875,957.7662963867188,29.484176635742188,-0.007786001328099701,-0.08222831624312121
27.1953125,957.7615966796876,29.478965759277344,-0.01224184686782337,-0.08675607401493224
27.2109375,957.7634887695312,29.47784423828125,-0.010147613332264882,-0.08719105130000315
27.2265625,957.7473754882812,29.47225952148437,-0.025747986484930152,-0.0920509574086239
27.2421875,957.748046875,29.476348876953125,-0.024586822426954313,-0.08727440192471647
27.2578125,957.7564697265624,29.47784423828125,-0.01584826830867314,-0.08510889184193005
27.2734375,957.7461547851562,29.483436584472656,-0.025652209525105718,-0.07889532263762788
27.2890625,957.7651977539062,29.48231506347656,-0.0064801540412418035,-0.07939171204283824
27.3046875,957.7478637695312,29.47373962402344,-0.023349018525323118,-0.08727990812489494
27.3203125,957.7567749023438,29.478591918945312,-0.014155895757539838,-0.08178364747487521
27.3359375,957.7407836914062,29.482681274414062,-0.02955829601739879,-0.07708730534982777
27.3515625,957.7540283203124,29.47784423828125,-0.01599504080047609,-0.08128430756480753
27.3671875,957.7572631835938,29.47412109375,-0.012510955301991089,-0.0843433313765587
27.3828125,957.7470092773438,29.480445861816406,-0.022320235349752693,-0.0774090432842911
27.3984375,957.7464599609376,29.47784423828125,-0.02242288082311461,-0.07938558348492109
27.4140625,957.749267578125,29.47784423828125,-0.01923215301781056,-0.0787653836139448
27.4296875,957.7400512695312,29.47784423828125,-0.027892827595678682,-0.07815002905445922
27.4453125,957.7540893554688,29.48081970214844,-0.0135841412351283,-0.07458726389674197
27.4609375,957.7545166015624,29.475608825683597,-0.012899924533257945,-0.07917471739001058
27.4765625,957.7459106445312,29.473373413085938,-0.021085844815047494,-0.08077411334714313
27.4921875,957.7383422851562,29.467788696289062,-0.028094551764411335,-0.08568415178351785
27.5078125,957.7518310546876,29.476730346679688,-0.014320513048801331,-0.0761429506007616
27.5234375,957.7540283203124,29.46703338623047,-0.011886465247812339,-0.08516928674490387
27.5390625,957.7462158203124,29.480079650878903,-0.019314219832835988,-0.07155956098634064
27.5546875,957.7464599609376,29.46368408203125,-0.018697616723102328,-0.08726798038216543
27.5703125,957.740966796875,29.47784423828125,-0.023718304598446593,-0.07253666925613445
27.5859375,957.7363891601562,29.478591918945312,-0.027743286213308238,-0.07122813711869469
27.6015625,957.7518310546876,29.47784423828125,-0.01206113012563037,-0.07141350670632818
27.6171875,957.7534790039062,29.47039031982422,-0.010209798467371911,-0.07825127340426974
27.6328125,957.7545776367188,29.46666717529297,-0.008933213200634782,-0.08133399279539688
27.6484375,957.7542114257812,29.47225952148437,-0.009117794760413744,-0.07514991498990042
27.6640625,957.7424926757812,29.462936401367188,-0.020429580995596552,-0.08381308952030864
27.6796875,957.73779296875,29.473373413085938,-0.024638481620058883,-0.07280282719373332
27.6953125,957.72607421875,29.47784423828125,-0.03564712944000803,-0.06779815823280799
27.7109375,957.7326049804688,29.47225952148437,-0.028547688664161797,-0.07280957131851551
27.7265625,957.7344970703124,29.459213256835938,-0.026134981656014133,-0.0851850872484583
27.7421875,957.7367553710938,29.4599609375,-0.023410339451288564,-0.08377773934545374
27.7578125,957.7269897460938,29.47039031982422,-0.03252799639562909,-0.0727753229820074
27.7734375,957.7423095703124,29.477096557617188,-0.01687207506415689,-0.06555292046099837
27.7890625,957.7288818359376,29.45958709716797,-0.029708016285781014,-0.08241345605935635
27.8046875,957.7344360351562,29.47225952148437,-0.023682062827560912,-0.06919617993246163
27.8203125,957.7406616210938,29.4603271484375,-0.01711553007578459,-0.08049473615918146
27.8359375,957.7412109375,29.455856323242188,-0.01624265480882059,-0.08430176790641042
27.8515625,957.7340698242188,29.45399475097656,-0.02292705386958005,-0.08549018907694617
27.8671875,957.7166137695312,29.459213256835938,-0.03959437596802218,-0.07964456069242942
27.8828125,957.733154296875,29.475975036621094,-0.022603578143275627,-0.06239150918143466
27.8984375,957.7391967773438,29.46331787109375,-0.016237638735560722,-0.07446235693761594
27.9140625,957.745849609375,29.4674072265625,-0.009397603448405789,-0.06982321239489053
27.9296875,957.7420043945312,29.47412109375,-0.012984169497372022,-0.06261630344795677
27.9453125,957.739013671875,29.468528747558597,-0.015662882541278123,-0.06767576956405108
27.9609375,957.7329711914062,29.46405792236328,-0.021281430138742508,-0.07158294948780863
27.9765625,957.7459106445312,29.46703338623047,-0.008179047775229265,-0.06807148963920895
27.9921875,957.7339477539062,29.46368408203125,-0.01974854116588176,-0.07086281888656387
28.0078125,957.7274169921876,29.469268798828125,-0.02576603525005794,-0.06476811691711148
28.0234375,957.7422485351562,29.45958709716797,-0.010720927979036787,-0.07386817936963297
28.0390625,957.7411499023438,29.46405792236328,-0.011588709994839519,-0.06885518734483398
28.0546875,957.72998046875,29.45399475097656,-0.022313648596650637,-0.07830180905396489
28.0703125,957.7269897460938,29.454742431640625,-0.024810145251876747,-0.07694823676185436
28.0859375,957.7235107421876,29.45884704589844,-0.027736626713476653,-0.07227453170322562
28.1015625,957.7318725585938,29.461082458496094,-0.01899639604357617,-0.06949193848755897
28.1171875,957.7345581054688,29.459213256835938,-0.015992277895747975,-0.07080363124030953
28.1328125,957.7208251953124,29.457725524902344,-0.02914461797297463,-0.07172658689910705
28.1484375,957.7360229492188,29.45884704589844,-0.013674464377800177,-0.0700534638256407
28.1640625,957.7183227539062,29.461448669433597,-0.030761873368192028,-0.06692487278821346
28.1796875,957.7333984375,29.47225952148437,-0.01537981888043305,-0.05567562995042863
28.1953125,957.737548828125,29.46331787109375,-0.011010103484863976,-0.06411245783838737
28.2109375,957.7145385742188,29.47486114501953,-0.03335589728578725,-0.052158487163289635
28.2265625,957.736083984375,29.469268798828125,-0.011579813552771157,-0.057299654969114044
28.2421875,957.7354736328124,29.47113800048828,-0.011952075952990526,-0.05499740289248223
28.2578125,957.7454223632812,29.46405792236328,-0.001964217642694166,-0.06159250069703148
28.2734375,957.7539672851562,29.47076416015625,0.00645217485282501,-0.054457463975126075
28.2890625,957.754638671875,29.45958709716797,0.006984429509657275,-0.0651217572215046
28.3046875,957.7553100585938,29.47523498535156,0.007506288567697084,-0.04908735443605394
28.3203125,957.7532348632812,29.477096557617188,0.005325017215000116,-0.04685683074722036
28.3359375,957.7608642578124,29.47373962402344,0.012701395891667744,-0.04982146930705156
28.3515625,957.7537231445312,29.47373962402344,0.005451683340766067,-0.049432239078090134
28.3671875,957.76171875,29.477096557617188,0.013184646449985848,-0.04571534216024631
28.3828125,957.7767944335938,29.483062744140625,0.027708370472623756,-0.03943861535839588
28.3984375,957.779296875,29.4815673828125,0.029620756959388927,-0.04061417999365702
28.4140625,957.7841186523438,29.48491668701172,0.033769828555023196,-0.036973743952295024
28.4296875,957.7691040039062,29.47784423828125,0.018388868005899894,-0.043702081802429404
28.4453125,957.7749633789062,29.4886474609375,0.023774644509671816,-0.03264183680909838
28.4609375,957.7830200195312,29.4886474609375,0.031209580346853727,-0.0323868224590278
28.4765625,957.773193359375,29.501319885253903,0.020965285030683845,-0.019560379407135287
28.4921875,957.7713623046876,29.49982452392578,0.01876051490694408,-0.020891242760761486
28.5078125,957.7816772460938,29.50839233398437,0.028507576306992632,-0.012227155884186658
28.5234375,957.7752685546876,29.517333984375,0.021667266055146683,-0.0032598374818881837
28.5390625,957.7762451171876,29.504295349121094,0.02220156627868164,-0.016171140917546012
28.5546875,957.7797241210938,29.516586303710938,0.025178996548447685,-0.0038498723720188366
28.5703125,957.7810668945312,29.52515411376953,0.026003766665894545,0.00468107879839863
28.5859375,957.788818359375,29.526275634765625,0.03309594964423468,0.00575726698359702
28.6015625,957.7784423828124,29.5244140625,0.022276223607377688,0.003865259602989113
28.6171875,957.7966918945312,29.547142028808597,0.03973421705813962,0.026385466334151175
28.6328125,957.7874755859376,29.547142028808597,0.029921855564793987,0.02617932987841698
28.6484375,957.7954711914062,29.548629760742188,0.03717688562267085,0.027450912891602286
28.6640625,957.7741088867188,29.550498962402344,0.01550570240124216,0.02909105115682209
28.6796875,957.797607421875,29.550865173339844,0.03824243604265121,0.02922712723421128
28.6953125,957.797607421875,29.55868530273437,0.03749551346368207,0.036757824936326955
28.7109375,957.801513671875,29.575454711914062,0.04059313527102404,0.05310905259948839
28.7265625,957.7953491210938,29.583274841308597,0.03375615119898612,0.06045317275969353
28.7421875,957.786376953125,29.60265350341797,0.024299921057718166,0.07920814865915204
28.7578125,957.7971801757812,29.59483337402344,0.034417535438251434,0.07083030036411841
28.7734375,957.7919921875,29.60562896728516,0.028658657564051282,0.08098819133188684
28.7890625,957.7962036132812,29.6104736328125,0.03222808953000822,0.08516228766501399
28.8046875,957.7892456054688,29.612335205078125,0.024776525433935603,0.0863439860249322
28.8203125,957.7987060546876,29.6104736328125,0.03356828374160159,0.0838223949018122
28.8359375,957.8071899414062,29.62835693359375,0.04123083900594793,0.1009111199355388
28.8515625,957.800537109375,29.622398376464844,0.03390265527593783,0.0942107459097059
28.8671875,957.8206787109376,29.63097381591797,0.05298870494721086,0.10198316828968501
28.8828125,957.8081665039062,29.63954162597656,0.03968594131595182,0.10968729882992889
28.8984375,957.7980346679688,29.64922332763672,0.028976876757724312,0.11843643017375882
28.9140625,957.8033447265624,29.64997100830078,0.03361726864523007,0.11825298497189962
28.9296875,957.8040161132812,29.664871215820312,0.0336189550639574,0.13211293317509032
28.9453125,957.804443359375,29.66077423095703,0.033381236291347705,0.1270158237156238
28.9609375,957.8052368164062,29.655563354492188,0.03350721884362429,0.12085334610038245
28.9765625,957.8046875,29.66785430908203,0.03231419340534103,0.13210411084108387
28.9921875,957.7955322265624,29.672325134277344,0.022706597312094345,0.13550794434861047
29.0078125,957.8064575195312,29.683128356933597,0.0329750174239507,0.14516811101263727
29.0234375,957.7990112304688,29.68573760986328,0.025030120385622467,0.14662285328652302
29.0390625,957.8153076171876,29.70548248291016,0.04051934876258656,0.16506797847142352
29.0546875,957.8173828125,29.697662353515625,0.04176261938596326,0.15601935025597413
29.0703125,957.8005981445312,29.71368408203125,0.02449010080363223,0.170697007843696
29.0859375,957.8059692382812,29.71368408203125,0.02927796809751726,0.16936343746991867
29.1015625,957.810302734375,29.727096557617188,0.03295499028126869,0.1813479762351058
29.1171875,957.8056030273438,29.71368408203125,0.027703422249032883,0.1666235045503477
29.1328125,957.7930908203124,29.729331970214844,0.014894511795432663,0.18084739747820677
29.1484375,957.8108520507812,29.737518310546875,0.032017934798204806,0.18755691173359423
29.1640625,957.8048706054688,29.733428955078125,0.025527964300408712,0.18203421598152403
29.1796875,957.804443359375,29.747581481933597,0.024610469804201784,0.19465403390858071
29.1953125,957.8097534179688,29.74012756347656,0.029336143077671295,0.18573761454957705
29.2109375,957.8137817382812,29.75763702392578,0.032712813714624644,0.20165920722537223
29.2265625,957.8052368164062,29.76360321044922,0.023695862702084014,0.20600332036014635
29.2421875,957.815673828125,29.76807403564453,0.03346621671732919,0.20882981629330644
29.2578125,957.81005859375,29.790428161621094,0.027307017843440917,0.22937781772088428
29.2734375,957.8192138671876,29.790428161621094,0.0357501371544231,0.22758580351993984
29.2890625,957.8106079101562,29.80049133300781,0.02661402035505489,0.2357923422901962
29.3046875,957.8263549804688,29.78633117675781,0.04153372561540891,0.21990068458675793
29.3203125,957.8139038085938,29.806076049804688,0.028514535112662998,0.23777332671462403
29.3359375,957.8141479492188,29.82246398925781,0.028196982852136898,0.25217563127581144
29.3515625,957.8178100585938,29.816131591796875,0.031236844332056535,0.24392258355069885
29.3671875,957.8348999023438,29.80681610107422,0.047382807455505827,0.23277422491532462
29.3828125,957.8092651367188,29.818748474121094,0.02132327538845402,0.24279482766561955
29.3984375,957.8186645507812,29.834014892578125,0.0301226369226697,0.25604514263731915
29.4140625,957.8221435546876,29.84221649169922,0.03294535878160332,0.26218231408842385
29.4296875,957.8058471679688,29.83140563964844,0.01632379682712326,0.24940762249047665
29.4453125,957.8101196289062,29.84481811523437,0.020193987105130873,0.2607668160601868
29.4609375,957.8116455078124,29.85189819335937,0.021295649878197764,0.2657543403243636
29.4765625,957.8092041015624,29.843338012695312,0.018485996682329642,0.25518483028795913
29.4921875,957.8114013671876,29.85786437988281,0.020279292340660504,0.26760407874517966
29.5078125,957.8129272460938,29.854515075683597,0.021379288995831303,0.2621902841198285
29.5234375,957.8193359375,29.87164306640625,0.027245246409847823,0.2771361008202753
29.5390625,957.8267822265624,29.88170623779297,0.034013966420047836,0.28495552789287615
29.5546875,957.8156127929688,29.87164306640625,0.02239835054467676,0.2727447599709514
29.5703125,957.8243408203124,29.86122131347656,0.030518440820173964,0.2602736085487507
29.5859375,957.7998046875,29.87910461425781,0.005865466054501667,0.27598380847586057
29.6015625,957.8091430664062,29.876495361328125,0.01490689486388419,0.27123881683097295
29.6171875,957.8267211914062,29.876495361328125,0.031850546819669034,0.26911976357448
29.6328125,957.8267211914062,29.87164306640625,0.031228465827098262,0.2622028790537563
29.6484375,957.8077392578124,29.875,0.01200734215058219,0.2634851266111973
29.6640625,957.809326171875,29.886550903320312,0.013328743396527898,0.27288731094767016
29.6796875,957.79638671875,29.893630981445312,0.0003816869459569716,0.27778014384553984
29.6953125,957.813720703125,29.883575439453125,0.01736966211547042,0.26563300340137275
29.7109375,957.8206176757812,29.88804626464844,0.02379267706135124,0.2679936424357763
29.7265625,957.8229370117188,29.88170623779297,0.025602012744911917,0.2596094467085841
29.7421875,957.811279296875,29.889907836914062,0.013671948332785178,0.2657187720341341
29.7578125,957.8212890625,29.88617706298828,0.023219180482101365,0.25994121687313054
29.7734375,957.8055419921876,29.88617706298828,0.007326170518012987,0.257910426116311
29.7890625,957.810546875,29.88021850585937,0.012090212445059478,0.24998349501093742
29.8046875,957.8172607421876,29.88804626464844,0.018436812452364393,0.2557971033796953
29.8203125,957.8057861328124,29.88804626464844,0.006826222548284022,0.2537986885095407
29.8359375,957.8162231445312,29.891395568847656,0.016926061722870145,0.255139024015719
29.8515625,957.8067016601562,29.8746337890625,0.007259956696543668,0.2365149220100129
29.8671875,957.8172607421876,29.88804626464844,0.01747101062778711,0.2479748398022359
29.8828125,957.799560546875,29.88021850585937,-0.0002247084214559436,0.2382709319427505
29.8984375,957.8067626953124,29.87834930419922,0.0068411618906338845,0.2345548417647656
29.9140625,957.8250732421876,29.88804626464844,0.024660464453972963,0.2423435850091913
29.9296875,957.8223266601562,29.879844665527344,0.021485876906581325,0.23231275162334342
29.9453125,957.8201904296876,29.891395568847656,0.018971723655909045,0.24195847013940863
29.9609375,957.819580078125,29.86829376220703,0.01800275154459996,0.2171468458152006
29.9765625,957.8141479492188,29.86829376220703,0.012325102664931364,0.21545038608227074
29.9921875,957.8109741210938,29.86680603027344,0.008972538709031141,0.21229107091314248
30.0078125,957.8206787109376,29.87164306640625,0.018312340885813683,0.21543179370965504
30.0234375,957.81640625,29.861961364746094,0.013765663542926632,0.20414266945536141
30.0390625,957.810302734375,29.865692138671875,0.007512496591402851,0.2062494321047268
30.0546875,957.8020629882812,29.86680603027344,-0.0007130454105208628,0.20574329773983635
30.0703125,957.8126831054688,29.86829376220703,0.009713574281363435,0.20561203725410238
30.0859375,957.8318481445312,29.86829376220703,0.028314577926948914,0.2040056932130554
30.1015625,957.8109741210938,29.86122131347656,0.0072952311595599895,0.19539470351006116
30.1171875,957.815185546875,29.866432189941406,0.011281917547421472,0.19903834888135563
30.1328125,957.8279418945312,29.87164306640625,0.02356876783642292,0.2026535282731814
30.1484375,957.8169555664062,29.85264587402344,0.01233668893576123,0.18222152076623033
30.1640625,957.8209838867188,29.869041442871094,0.01604538016135848,0.1970653936012745
30.1796875,957.8209228515624,29.86382293701172,0.015672150766590676,0.1903480839314149
30.1953125,957.8154296875,29.853759765625,0.009980178370142312,0.1788764366654405
30.2109375,957.8253784179688,29.853759765625,0.019539672338169112,0.17747896450399026
30.2265625,957.8223266601562,29.853759765625,0.01616588494505322,0.17609241009380128
30.2421875,957.8173828125,29.851158142089844,0.01100285687300584,0.17213538978865728
30.2578125,957.8017578125,29.84854888916016,-0.004531866894012637,0.1682017139147618
30.2734375,957.8150024414062,29.85562896728516,0.008542590879187628,0.1739124030394521
30.2890625,957.8175659179688,29.847808837890625,0.010889152061963614,0.16479467775706524
30.3046875,957.8045043945312,29.837371826171875,-0.0021299422470519858,0.15315174677239085
30.3203125,957.8077392578124,29.840347290039062,0.0010833405451649014,0.15490746680645628
30.3359375,957.8141479492188,29.84854888916016,0.007345703202531695,0.16183477634999477
30.3515625,957.8088989257812,29.84854888916016,0.002055728988352712,0.16057044215975935
30.3671875,957.8150024414062,29.830665588378903,0.007999884366995502,0.14157239808648114
30.3828125,957.799560546875,29.841842651367188,-0.007296658403220135,0.15155610591012092
30.3984375,957.8099975585938,29.83551025390625,0.003079018289781743,0.1440891482269251
30.4140625,957.8050537109376,29.82880401611328,-0.0018284069177525453,0.13630960644618995
30.4296875,957.8043823242188,29.836631774902344,-0.002450969542110215,0.14301129206935315
30.4453125,957.8052368164062,29.82805633544922,-0.001565296156286422,0.13338557251766403
30.4609375,957.8116455078124,29.82098388671875,0.004748797686374928,0.12532630250760946
30.4765625,957.7936401367188,29.82433319091797,-0.012997655957860843,0.1276703285294296
30.4921875,957.809326171875,29.831787109375,0.002635871792222133,0.13406858880687977
30.5078125,957.8101196289062,29.82843017578125,0.0033623497448616035,0.1296904704067785
30.5234375,957.80615234375,29.82246398925781,-0.0005931202666715762,0.12275768791549879
30.5390625,957.8079223632812,29.82769012451172,0.0011539129508264523,0.12698394955089753
30.5546875,957.7998046875,29.812408447265625,-0.0068277518375907675,0.11082959830242345
30.5703125,957.7994384765624,29.804214477539062,-0.007053455689742805,0.10183378772761031
30.5859375,957.808349609375,29.80868530273437,0.0018213943665159604,0.10547410813445879
30.6015625,957.8077392578124,29.80010986328125,0.001187389624192292,0.09614164783226542
30.6171875,957.80859375,29.80049133300781,0.002002001307687351,0.09576903070289688
30.6328125,957.809814453125,29.79192352294922,0.003159760986704896,0.08651996110802429
30.6484375,957.805908203125,29.797134399414062,-0.0007319091497492991,0.09101419040433001
30.6640625,957.8027954101562,29.783721923828125,-0.0037696102803010945,0.0769954514213751
30.6796875,957.7944946289062,29.77925109863281,-0.011834641695713799,0.07195802758366909
30.6953125,957.8056030273438,29.777389526367188,-0.0007120588195448363,0.06954882676087593
30.7109375,957.8092041015624,29.78633117675781,0.0028325893171086136,0.07787727029874958
30.7265625,957.8021850585938,29.777389526367188,-0.00410468697862143,0.06839706037759541
30.7421875,957.80615234375,29.755035400390625,-0.00013471819306687394,0.04568322397602387
30.7578125,957.798828125,29.761741638183597,-0.007313254580935791,0.051980169098925444
30.7734375,957.8192138671876,29.76993560791016,0.012817165583101087,0.05970402836591404
30.7890625,957.7936401367188,29.752052307128903,-0.012507413227808684,0.04149400315040097
30.8046875,957.7954711914062,29.752052307128903,-0.010467835912550072,0.041169831250787325
30.8203125,957.801513671875,29.753921508789062,-0.004338922720307892,0.04270279046632908
30.8359375,957.8035888671876,29.755035400390625,-0.002219513981799537,0.04347436423923767
30.8515625,957.7921142578124,29.75131225585937,-0.013426660010168234,0.039440663304016965
30.8671875,957.8033447265624,29.741622924804688,-0.0021532968995643387,0.02951889996613488
30.8828125,957.8023071289062,29.74945068359375,-0.003128572396462914,0.03705488798367185
30.8984375,957.8031616210938,29.73827362060547,-0.002229664579886048,0.025675654487613997
30.9140625,957.7969970703124,29.74012756347656,-0.008230265842485096,0.027314522379338513
30.9296875,957.8052368164062,29.737518310546875,9.295090194427758e-06,0.024512259532080805
30.9453125,957.8030395507812,29.73491668701172,-0.0021452367352594592,0.021739459153199192
30.9609375,957.8027954101562,29.733428955078125,-0.002342709833669687,0.020093510600702302
30.9765625,957.816162109375,29.73007202148437,0.010808677092427388,0.016605822499080602
30.9921875,957.79248046875,29.72895812988281,-0.012621538463577053,0.015370900187381409
31.0078125,957.7958984375,29.732681274414062,-0.009023812492614525,0.018944872494270015
31.0234375,957.7994995117188,29.73491668701172,-0.005316825416912252,0.021014814114646896
31.0390625,957.796630859375,29.708091735839844,-0.008025605148191062,-0.00576474536146776
31.0546875,957.7987060546876,29.71405029296875,-0.005834190893438063,0.00019229761300465498
31.0703125,957.7962036132812,29.718894958496094,-0.008173807450248205,0.0049976118658143776
31.0859375,957.7979736328124,29.70063781738281,-0.006278713936353597,-0.013155939175224063
31.1015625,957.7960815429688,29.706222534179688,-0.008011217768626011,-0.007512072203514464
31.1171875,957.796630859375,29.706222534179688,-0.007316161101357466,-0.007453384139424202
31.1328125,957.7935180664062,29.706222534179688,-0.01022526356086928,-0.007395154575835505
31.1484375,957.7984008789062,29.706222534179688,-0.005238106313640856,-0.007337379930710597
31.1640625,957.7830810546876,29.70362091064453,-0.02015640845161215,-0.009861355001291372
31.1796875,957.7963256835938,29.687973022460938,-0.0067767838512509115,-0.02530995222250354
31.1953125,957.8026123046876,29.683868408203125,-0.00048058926597605023,-0.029184765179689265
31.2109375,957.7966918945312,29.67865753173828,-0.006275979902397921,-0.03412692569418496
31.2265625,957.79248046875,29.677536010742188,-0.01028257354141715,-0.03497306820051094
31.2421875,957.7868041992188,29.6820068359375,-0.015647146918922772,-0.030263944231720075
31.2578125,957.7970581054688,29.68126678466797,-0.005287903937073679,-0.030761776786398798
31.2734375,957.7743530273438,29.67083740234375,-0.027446244131169806,-0.040869353180067236
31.2890625,957.7662963867188,29.648101806640625,-0.034809469038236784,-0.06310803522004349
31.3046875,957.7835693359376,29.677536010742188,-0.01719400966669582,-0.03341075431286811
31.3203125,957.7769165039062,29.66785430908203,-0.023381083071171815,-0.04275579616073344
31.3359375,957.7894287109376,29.67121124267578,-0.010656593304702255,-0.039091058953179214
31.3515625,957.7824096679688,29.664871215820312,-0.017330409002624947,-0.045076155450768596
31.3671875,957.7816772460938,29.671951293945312,-0.017710041212012584,-0.037699232971661445
31.3828125,957.7985229492188,29.6529541015625,-0.0008474564837115395,-0.05625348453139267
31.3984375,957.7877807617188,29.651832580566406,-0.01136328374968798,-0.05692676329680424
31.4140625,957.79443359375,29.648101806640625,-0.004618450708335331,-0.06018365021303396
31.4296875,957.7835693359376,29.650711059570312,-0.0151803118699263,-0.05712459730457198
31.4453125,957.7782592773438,29.654067993164062,-0.020090167915668644,-0.05334760383808046
31.4609375,957.7755737304688,29.64586639404297,-0.022330876611135864,-0.061068349811055356
31.4765625,957.7734985351562,29.646240234375,-0.023929390831426645,-0.06022033362371815
31.4921875,957.7796630859376,29.65220642089844,-0.01741787051787469,-0.05383028657605493
31.5078125,957.7711791992188,29.64289093017578,-0.02539586354066614,-0.06265245091356775
31.5234375,957.7872924804688,29.63208770751953,-0.009101281855350862,-0.07288180112005449
31.5390625,957.7615356445312,29.634689331054688,-0.03417729517968837,-0.0697311136975145
31.5546875,957.7857666015624,29.63842010498047,-0.009752073731533528,-0.06548471211726792
31.5703125,957.7850341796876,29.633209228515625,-0.010279720301468842,-0.07014327929631392
31.5859375,957.765380859375,29.63916015625,-0.029348410914622036,-0.06369084881536224
31.6015625,957.7893676757812,29.629478454589844,-0.005256875865597976,-0.0727993274249279
31.6171875,957.7951049804688,29.63021850585937,0.0004710454464884606,-0.07149631306043602
31.6328125,957.7921142578124,29.62538146972656,-0.0024704647643147837,-0.07573699490267671
31.6484375,957.7811279296876,29.62091064453125,-0.013193964902939115,-0.07958119650346873
31.6640625,957.7708129882812,29.619415283203125,-0.023049747982895497,-0.08044314722353363
31.6796875,957.7767944335938,29.61420440673828,-0.016734937383830584,-0.08498485162831315
31.6953125,957.763427734375,29.61345672607422,-0.029513714012637138,-0.08506274688384252
31.7109375,957.7830200195312,29.608619689941406,-0.009727650949002964,-0.08919744096183635
31.7265625,957.7676391601562,29.60191345214844,-0.024618109731704862,-0.09515443126452894
31.7421875,957.7799072265624,29.58924102783203,-0.012108831541922882,-0.10698445827171099
31.7578125,957.7716674804688,29.60562896728516,-0.019951144478568494,-0.08988873351531268
31.7734375,957.79248046875,29.61309051513672,0.0008450109158957275,-0.08178322327575671
31.7890625,957.7718505859376,29.601158142089844,-0.019398448617266695,-0.09298344322636254
31.8046875,957.7766723632812,29.5888671875,-0.014291970662839049,-0.10445194158326743
31.8203125,957.7698364257812,29.59706115722656,-0.020715253706498515,-0.09550595645157856
31.8359375,957.7700805664062,29.5888671875,-0.020071286654115283,-0.10288977050486992
31.8515625,957.7759399414062,29.5888671875,-0.013934335254589314,-0.10208594417279926
31.8671875,957.7759399414062,29.576950073242188,-0.013662180269193414,-0.1131124095366225
31.8828125,957.7679443359376,29.584396362304688,-0.021234782110127526,-0.10484060390791683
31.8984375,957.7711791992188,29.59632110595703,-0.017648357914367807,-0.09218995509732508
31.9140625,957.7717895507812,29.587379455566406,-0.016705232790286573,-0.10034151482007658
31.9296875,957.7610473632812,29.588119506835938,-0.02691133786277078,-0.0988233271165555
31.9453125,957.767333984375,29.58924102783203,-0.020221890269681353,-0.09693851076014681
31.9609375,957.7716674804688,29.576950073242188,-0.01557807397716715,-0.10837611015194426
31.9765625,957.7660522460938,29.576950073242188,-0.020779376548375694,-0.10752942179138358
31.9921875,957.7630004882812,29.575454711914062,-0.023365682517919595,-0.10817302700138853
32.0078125,957.7578735351562,29.55868530273437,-0.027936138852965087,-0.12396632339841318
32.0234375,957.7671508789062,29.567626953125,-0.0182943655111103,-0.11412604274991267
32.0390625,957.7681884765624,29.56353759765625,-0.01691972160779187,-0.11729184042008
32.0546875,957.749267578125,29.55384826660156,-0.0351406079349772,-0.12598913107262533
32.0703125,957.7617797851562,29.55384826660156,-0.022186439948541192,-0.1250048409861222
32.0859375,957.763671875,29.56576538085937,-0.019897976079278124,-0.11220422886324499
32.1015625,957.7606201171876,29.55757141113281,-0.022501496901554674,-0.11945758766332304
32.1171875,957.7540893554688,29.56055450439453,-0.02846522231925519,-0.11556453741408745
32.1328125,957.7564086914062,29.56055450439453,-0.025635224538405055,-0.11466168946553879
32.1484375,957.7643432617188,29.55384826660156,-0.017354938323023816,-0.12041974032680258
32.1640625,957.7667236328124,29.56055450439453,-0.014682095213174762,-0.11282511579528531
32.1796875,957.7581787109376,29.55384826660156,-0.022773364410454633,-0.11859751488835002
32.1953125,957.7568359375,29.55868530273437,-0.023645119530669945,-0.11287172501526044
32.2109375,957.7592163085938,29.55384826660156,-0.02084942131898515,-0.11678916145160301
32.2265625,957.755615234375,29.54676818847656,-0.023972946796789074,-0.12290151114241255
32.2421875,957.7548217773438,29.544906616210938,-0.024282685003299775,-0.12378837181890745
32.2578125,957.754638671875,29.544158935546875,-0.02398794300188456,-0.12356311457294566
32.2734375,957.7533569335938,29.533355712890625,-0.024776132820534258,-0.1333166002195938
32.2890625,957.7533569335938,29.52552795410156,-0.02429222397643116,-0.14004166870390478
32.3046875,957.7525634765624,29.5318603515625,-0.02459572630061757,-0.13266466756137874
32.3203125,957.7564086914062,29.5318603515625,-0.020345228029896134,-0.13162822484605385
32.3359375,957.7532348632812,29.530746459960938,-0.02305969958933929,-0.13170506866286757
32.3515625,957.7518310546876,29.540061950683597,-0.023985705288737336,-0.12143340936254887
32.3671875,957.7289428710938,29.530746459960938,-0.04595838324041779,-0.12972742430329376
32.3828125,957.7383422851562,29.52552795410156,-0.03584492681113716,-0.13389166508327577
32.3984375,957.7648315429688,29.527023315429688,-0.00917294108853639,-0.13136195763205905
32.4140625,957.7466430664062,29.526275634765625,-0.026827014962577778,-0.13107753174693215
32.4296875,957.7446899414062,29.526275634765625,-0.028218027853881722,-0.13005348853015875
32.4453125,957.7599487304688,29.53409576416016,-0.01270612865869225,-0.12127841101737857
32.4609375,957.739990234375,29.5244140625,-0.03202664380023634,-0.12993698679724375
32.4765625,957.7592163085938,29.52515411376953,-0.01255055845683728,-0.128187584468904
32.4921875,957.7476196289062,29.52255249023437,-0.023675612399301826,-0.12976741731653263
32.5078125,957.74609375,29.5244140625,-0.024709274678457405,-0.12690658063644378
32.5234375,957.751220703125,29.51770782470703,-0.019199854335624877,-0.1325689682854332
32.5390625,957.7517700195312,29.527023315429688,-0.01828626961048485,-0.12229055976931846
32.5546875,957.7447509765624,29.52552795410156,-0.02481106819300294,-0.12281884358887396
32.5703125,957.7512817382812,29.534469604492188,-0.017923269238281136,-0.11298752762638387
32.5859375,957.7350463867188,29.53038024902344,-0.033491460238224136,-0.11616221994594866
32.6015625,957.7469482421876,29.503921508789062,-0.021167932801176903,-0.14150673392891733
32.6171875,957.7520751953124,29.525909423828125,-0.015727679292126595,-0.11858507811727748
32.6328125,957.7512817382812,29.525909423828125,-0.01619845787945451,-0.11765863219448747
32.6484375,957.7470703125,29.526275634765625,-0.020011253120401307,-0.11637607421591767
32.6640625,957.7526245117188,29.511001586914062,-0.014174689567653331,-0.13062160548882673
32.6796875,957.7467651367188,29.514732360839844,-0.01964277424406191,-0.12589949694146085
32.6953125,957.7453002929688,29.51920318603516,-0.02069535983014248,-0.12048001024812649
32.7109375,957.7408447265624,29.52105712890625,-0.02465969720844896,-0.11769930122565242
32.7265625,957.7305908203124,29.5244140625,-0.03423169714085361,-0.11344906788477971
32.7421875,957.7316284179688,29.511001586914062,-0.032545777228961015,-0.1258704376623534
32.7578125,957.7479248046876,29.52031707763672,-0.015932019601677894,-0.11564436141673085
32.7734375,957.7384643554688,29.514732360839844,-0.024896522163885493,-0.12028197604006152
32.7890625,957.7384643554688,29.511741638183597,-0.02441026196538587,-0.12230963073774248
32.8046875,957.7406616210938,29.5169677734375,-0.02177914875562692,-0.11616878067537328
32.8203125,957.7369384765624,29.515098571777344,-0.02500420162118644,-0.11711581059853415
32.8359375,957.7286987304688,29.50615692138672,-0.032594651861018065,-0.12507263707518135
32.8515625,957.7412109375,29.511001586914062,-0.019690209579152906,-0.11928869052011848
32.8671875,957.7417602539062,29.51435852050781,-0.01876704760309167,-0.11502604007538508
32.8828125,957.7489013671876,29.50727081298828,-0.011398865291994298,-0.12115973394182689
32.8984375,957.7345581054688,29.511001586914062,-0.025239351092636753,-0.11651154626591875
32.9140625,957.7301635742188,29.51844787597656,-0.029055095578087275,-0.10821318488152087
32.9296875,957.7426147460938,29.511741638183597,-0.016279628318216055,-0.1140216146848374
32.9453125,957.7265625,29.51026153564453,-0.03170039248982448,-0.11459936005809013
32.9609375,957.7467041015624,29.503173828125,-0.011333033292089567,-0.12073638736217163
32.9765625,957.7421875,29.50579071044922,-0.015540071673740385,-0.11719669640484298
32.9921875,957.7503662109376,29.50579071044922,-0.0072175841592070356,-0.11628109721418056
33.0078125,957.7503662109376,29.50579071044922,-0.0070766157185744305,-0.11537265114219508
33.0234375,957.7369384765624,29.51026153564453,-0.02010387450604867,-0.1100354054316739
33.0390625,957.7681274414062,29.517333984375,0.010868584667150571,-0.1021585586019782
33.0546875,957.7578125,29.52068328857422,0.0005428299159575545,-0.09803730710273939
33.0703125,957.7618408203124,29.5169677734375,0.00448186995049582,-0.10095787831571101
33.0859375,957.7632446289062,29.51397705078125,0.0057707238852344744,-0.10313650252686912
33.1015625,957.7635498046876,29.503921508789062,0.005957229751288651,-0.11230773167125108
33.1171875,957.78466796875,29.5169677734375,0.02654657752827916,-0.09848598681169918
33.1328125,957.7676391601562,29.511001586914062,0.009331875010047952,-0.10363614073095562
33.1484375,957.7589721679688,29.507644653320312,0.0006518968299360495,-0.10615719093154397
33.1640625,957.781982421875,29.52105712890625,0.023199999354574175,-0.09202014725696728
33.1796875,957.7735595703124,29.522918701171875,0.014488531624124334,-0.0894542111242238
33.1953125,957.7572631835938,29.518829345703125,-0.0017725454247283778,-0.092812757478967
33.2109375,957.7862548828124,29.526649475097656,0.026687529696346246,-0.08432862317752665
33.2265625,957.787109375,29.522178649902344,0.027004091769072147,-0.08810570268242657
33.2421875,957.7872314453124,29.526275634765625,0.02659635422833162,-0.08335239971118469
33.2578125,957.783935546875,29.53820037841797,0.022845368763796614,-0.0708696274958811
33.2734375,957.7649536132812,29.540435791015625,0.0037879774519069542,-0.06809801009433158
33.2890625,957.7726440429688,29.53521728515625,0.011254219499960527,-0.07274373067281914
33.3046875,957.7676391601562,29.551979064941406,0.006127279330257807,-0.05554459189635352
33.3203125,957.7664794921876,29.555709838867188,0.004870587702271223,-0.05140902251767798
33.3359375,957.7871704101562,29.544906616210938,0.025062257513241093,-0.061726212008505144
33.3515625,957.776123046875,29.55757141113281,0.013741165829060265,-0.048678124765643815
33.3671875,957.782470703125,29.55868530273437,0.019696462272804638,-0.04719263759248804
33.3828125,957.7825317382812,29.58179473876953,0.019371608807432494,-0.023895051545160584
33.3984375,957.7733154296876,29.576202392578125,0.009956954506492366,-0.029257027441751404
33.4140625,957.7862548828124,29.56465148925781,0.02244921216970397,-0.04048911880298789
33.4296875,957.7905883789062,29.58179473876953,0.026259608492750885,-0.023163479687426047
33.4453125,957.791748046875,29.561676025390625,0.026883743718144615,-0.04294405093300213
33.4609375,957.781005859375,29.576202392578125,0.015826291448206575,-0.028195670591241395
33.4765625,957.7794189453124,29.5888671875,0.01396126454608293,-0.015409540703199553
33.4921875,957.7808227539062,29.598182678222656,0.015064974055235325,-0.006046440215069282
33.5078125,957.7849731445312,29.61309051513672,0.018840064588857786,0.008792167037281473
33.5234375,957.7883911132812,29.593338012695312,0.021823306125156705,-0.01087470778378119
33.5390625,957.7911987304688,29.584396362304688,0.02414985059169794,-0.01966154287616817
33.5546875,957.7835083007812,29.601158142089844,0.0161379478396384,-0.002877108691862418
33.5703125,957.7871704101562,29.60562896728516,0.019413337347145898,0.001581265593269876
33.5859375,957.7974853515624,29.607498168945312,0.02914764830893546,0.003423510478004488
33.6015625,957.7890625,29.594451904296875,0.0203200155600598,-0.009547576403477365
33.6171875,957.7894287109376,29.61420440673828,0.020282198636436988,0.010125200053256123
33.6328125,957.7836303710938,29.615692138671875,0.01420097092557171,0.011522205955703413
33.6484375,957.7763671875,29.63021850585937,0.006802283672982412,0.025845068665518056
33.6640625,957.7946166992188,29.62091064453125,0.02456250251293568,0.01640801040507256
33.6796875,957.7874755859376,29.616065979003903,0.017081127723372447,0.011473006245868334
33.6953125,957.8078002929688,29.621658325195312,0.03667525204446065,0.016932029371361068
33.7109375,957.7974243164062,29.62910461425781,0.025785617757719592,0.024187862821094086
33.7265625,957.7913208007812,29.62910461425781,0.019297686075447018,0.023998895142803178
33.7421875,957.8042602539062,29.63097381591797,0.03160750757547248,0.02566600229668836
33.7578125,957.7896728515624,29.63842010498047,0.016687681301277735,0.03285360158294637
33.7734375,957.8010864257812,29.63916015625,0.02755240287331162,0.033331202439566
33.7890625,957.7924194335938,29.63842010498047,0.01851655500831839,0.03233653280151927
33.8046875,957.8028564453124,29.64512634277344,0.028388067376795334,0.03873774894922377
33.8203125,957.7943725585938,29.63842010498047,0.01951542712970422,0.031781264975343504
33.8359375,957.7979736328124,29.63916015625,0.02266500718133102,0.03226724346171039
33.8515625,957.7942504882812,29.63245391845703,0.018571904395344063,0.0253613103119541
33.8671875,957.7953491210938,29.651092529296875,0.01928634702801446,0.043656171767800345
33.8828125,957.793701171875,29.646240234375,0.01729389785202784,0.03850072155806572
33.8984375,957.7931518554688,29.655929565429688,0.016417538839391455,0.04781356782671509
33.9140625,957.7807006835938,29.661148071289062,0.0038888988595999763,0.05261776061041701
33.9296875,957.798583984375,29.661148071289062,0.021346961366589312,0.05220668435564946
33.9453125,957.7960815429688,29.654067993164062,0.018476462929811532,0.0447740546194737
33.9609375,957.7940673828124,29.65630340576172,0.016140773422421262,0.046642205754494626
33.9765625,957.8120727539062,29.64550018310547,0.03347922763123279,0.03555899104279092
33.9921875,957.7919311523438,29.64922332763672,0.013077125559561864,0.03897524388986895
34.0078125,957.7922973632812,29.64215087890625,0.013180771331121832,0.03165355457221608
34.0234375,957.8179321289062,29.66077423095703,0.03805742099996223,0.04988411829000583
34.0390625,957.7910766601562,29.66077423095703,0.010983164120034417,0.049494398615866686
34.0546875,957.7916870117188,29.651832580566406,0.011367079829369686,0.04023592987973146
34.0703125,957.7938232421876,29.66785430908203,0.013239573768942137,0.05581814543914376
34.0859375,957.79248046875,29.651832580566406,0.011664440949857635,0.03948550741630541
34.1015625,957.790771484375,29.67344665527344,0.009761014063656148,0.06062224163800067
34.1171875,957.8029174804688,29.664871215820312,0.021479138865288405,0.05164018654280156
34.1328125,957.7940673828124,29.66674041748047,0.012382380247800029,0.05309134610762101
34.1484375,957.794189453125,29.646240234375,0.012260223010457594,0.03233654454119872
34.1640625,957.7919921875,29.66785430908203,0.009866415249007332,0.0535291300353542
34.1796875,957.7943725585938,29.66226959228516,0.01200759129699236,0.04756984751005788
34.1953125,957.794921875,29.655929565429688,0.012311655599660298,0.040907712680720465
34.2109375,957.8016357421876,29.66151428222656,0.018653930545383446,0.04612920737229942
34.2265625,957.8145141601562,29.67344665527344,0.03091648233214528,0.05760797432215625
34.2421875,957.8225708007812,29.659278869628903,0.03821192914938365,0.04310081220357276
34.2578125,957.7933959960938,29.66077423095703,0.00886061812468597,0.04424776592598434
34.2734375,957.7781982421876,29.664871215820312,-0.006213363598249089,0.04796705742372609
34.2890625,957.7933349609376,29.66077423095703,0.008749070871431286,0.043527337618566975
34.3046875,957.7916870117188,29.659652709960938,0.006962427870234933,0.0420745211801119
34.3203125,957.8033447265624,29.664871215820312,0.01825646805150427,0.04692355026574191
34.3359375,957.802001953125,29.665985107421875,0.016583349016173088,0.04766214935271762
34.3515625,957.803955078125,29.664871215820312,0.018174433508079346,0.046184599487475
34.3671875,957.7921752929688,29.66822052001953,0.006269752876164603,0.04914692006414256
34.3828125,957.7869873046876,29.665985107421875,0.0010606363803162822,0.046545011314403695
34.3984375,957.799560546875,29.665985107421875,0.013367591876885854,0.046181378413511
34.4140625,957.7971801757812,29.669715881347656,0.010772626627158388,0.04952221364914067
34.4296875,957.8025512695312,29.66151428222656,0.01582841333856777,0.040997797227042554
34.4453125,957.7960815429688,29.67344665527344,0.009175899925025988,0.05251665331865851
34.4609375,957.7764892578124,29.657798767089844,-0.010212940207338761,0.036580727907445265
34.4765625,957.7914428710938,29.669715881347656,0.0046480818029976945,0.04811895277334344
34.4921875,957.8025512695312,29.664871215820312,0.01544873648583689,0.0429362068768917
34.5078125,957.79638671875,29.657798767089844,0.009102853952526857,0.035583572535905716
34.5234375,957.795654296875,29.674560546875,0.008206947076018878,0.05193640425605395
34.5390625,957.8031005859376,29.66450500488281,0.015347508870263482,0.04155366802742577
34.5546875,957.7988891601562,29.665985107421875,0.01091858146605773,0.04269756923394041
34.5703125,957.7952880859376,29.66077423095703,0.007174587183953918,0.03719382798183801
34.5859375,957.7935791015624,29.65704345703125,0.005358852753829524,0.03320162394624404
34.6015625,957.7931518554688,29.669715881347656,0.0048352862175988776,0.04551565726059792
34.6171875,957.7975463867188,29.66151428222656,0.009049547595168406,0.03702254206028499
34.6328125,957.7857055664062,29.66450500488281,-0.002736755672117397,0.03970066108593784
34.6484375,957.7921752929688,29.65853881835937,0.0036600613026394058,0.03347092397997997
34.6640625,957.79638671875,29.66822052001953,0.007717747101764871,0.04281549575232546
34.6796875,957.7999267578124,29.64922332763672,0.011037907528134383,0.02363222287443989
34.6953125,957.7952880859376,29.657798767089844,0.006274250582009699,0.03195603996563179
34.7109375,957.7809448242188,29.665985107421875,-0.00791141326305933,0.03982876795158674
34.7265625,957.791015625,29.66785430908203,0.0021172119807033596,0.041372204224149556
34.7421875,957.7974243164062,29.651832580566406,0.008359381836385182,0.025152425117052957
34.7578125,957.8036499023438,29.64997100830078,0.014300105122060813,0.023108893063525926
34.7734375,957.786865234375,29.669715881347656,-0.0024360362285733572,0.04251897106266256
34.7890625,957.7883911132812,29.66151428222656,-0.000892380812160809,0.03404926747327153
34.8046875,957.783203125,29.669715881347656,-0.005961611884572449,0.041920781699101184
34.8203125,957.7994384765624,29.658912658691406,0.010073080699726233,0.03087445311282977
34.8359375,957.7853393554688,29.6600341796875,-0.003947406792462971,0.031746005561196
34.8515625,957.7811279296876,29.6600341796875,-0.007999480374905943,0.03149798989274899
34.8671875,957.7749633789062,29.66822052001953,-0.013887389922729199,0.0393742963949002
34.8828125,957.7992553710938,29.651092529296875,0.01020138737681009,0.022072506409180903
34.8984375,957.8011474609376,29.64922332763672,0.011857276493742575,0.020045466430673287
34.9140625,957.7769165039062,29.655929565429688,-0.012132007089576291,0.026542706534396387
34.9296875,957.7838134765624,29.643630981445312,-0.0051327876672075945,0.014132840342600872
34.9453125,957.7899169921876,29.64102935791016,0.0009517684276261207,0.011441129176141374
34.9609375,957.7797241210938,29.64922332763672,-0.009060612379812483,0.019481699692523335
34.9765625,957.7872924804688,29.64102935791016,-0.0014631074383260056,0.011199544575603682
34.9921875,957.7755126953124,29.63954162597656,-0.012984242348693442,0.009635939105738345
35.0078125,957.777099609375,29.626129150390625,-0.01117472421799448,-0.003747032288945462
35.0234375,957.7799682617188,29.63208770751953,-0.008143843907987502,0.0021942473021496767
35.0390625,957.7653198242188,29.63097381591797,-0.022347119661731085,0.0010719154216758398
35.0546875,957.7774658203124,29.61532592773437,-0.010001882873439172,-0.014462097974718091
35.0703125,957.7757568359376,29.626129150390625,-0.011482139372219535,-0.0036302903550406995
35.0859375,957.7799682617188,29.619796752929688,-0.007128707466222295,-0.00988485431741637
35.1015625,957.7860107421876,29.6104736328125,-0.001065011626337764,-0.01905791213433261
35.1171875,957.76171875,29.61792755126953,-0.02486174983323508,-0.01151333747669625
35.1328125,957.7674560546876,29.6104736328125,-0.018750920826391848,-0.018819074246746226
35.1484375,957.7752075195312,29.60004425048828,-0.01078462285806836,-0.02901995300400273
35.1640625,957.7741088867188,29.598556518554688,-0.011651160833253016,-0.030269343649020897
35.1796875,957.772705078125,29.604888916015625,-0.012799989555333013,-0.023749938795990744
35.1953125,957.7759399414062,29.584396362304688,-0.00937830740156187,-0.043896848034219005
35.2109375,957.7576293945312,29.590362548828125,-0.027148056341502524,-0.037634328217727386
35.2265625,957.776123046875,29.607498168945312,-0.008485372669724711,-0.02033856194350392
35.2421875,957.7706909179688,29.586265563964844,-0.013645675373368249,-0.04124639218238002
35.2578125,957.7584228515624,29.59073638916016,-0.025407614010646284,-0.03648825786997634
35.2734375,957.7670288085938,29.597442626953125,-0.01647349961638156,-0.029549348045158297
35.2890625,957.7664794921876,29.586265563964844,-0.016690339147089617,-0.040408235947239746
35.3046875,957.7713012695312,29.588119506835938,-0.011636753955713175,-0.03825308766148794
35.3203125,957.7679443359376,29.58924102783203,-0.014700842089382604,-0.036841476300821796
35.3359375,957.7594604492188,29.583648681640625,-0.02273190207370135,-0.04210230825400885
35.3515625,957.764892578125,29.57992553710937,-0.016961886972808315,-0.04546744143537751
35.3671875,957.76953125,29.58179473876953,-0.012082527302936796,-0.043257628526973235
35.3828125,957.7506103515624,29.597442626953125,-0.03039789008153093,-0.027394039246946278
35.3984375,957.7603149414062,29.58179473876953,-0.020289134217364335,-0.042705662372487296
35.4140625,957.7758178710938,29.588119506835938,-0.004692723972652857,-0.03609666856931426
35.4296875,957.7581176757812,29.576950073242188,-0.021955557580326968,-0.04689683573991488
35.4453125,957.7697143554688,29.588119506835938,-0.010156556058973365,-0.03544828181689752
35.4609375,957.753173828125,29.588119506835938,-0.026175655992460634,-0.03517134211520201
35.4765625,957.7593383789062,29.58179473876953,-0.019620263312503994,-0.04117192182081553
35.4921875,957.7555541992188,29.584030151367188,-0.022947324972619754,-0.03863231774485243
35.5078125,957.7528076171876,29.567626953125,-0.025192072882532557,-0.054605551018390486
35.5234375,957.7448120117188,29.56055450439453,-0.03253948150859287,-0.06119614037582011
35.5390625,957.7501831054688,29.568748474121094,-0.026637755185220158,-0.05258809119106189
35.5546875,957.744873046875,29.576202392578125,-0.03132383304114228,-0.04478156200954686
35.5703125,957.7579345703124,29.561294555664062,-0.017905623869296505,-0.05922307549451844
35.5859375,957.7533569335938,29.56688690185547,-0.022044134404609395,-0.053211739230430766
35.6015625,957.7570190429688,29.568748474121094,-0.018023001103301795,-0.050948993785393526
35.6171875,957.7498168945312,29.555709838867188,-0.024732470838785048,-0.06348772568743044
35.6328125,957.7391967773438,29.56465148925781,-0.034662107791405106,-0.05411993408355187
35.6484375,957.7555541992188,29.55868530273437,-0.017947172519598098,-0.0596166977897461
35.6640625,957.7529296875,29.561676025390625,-0.02016989353057852,-0.056183584702761635
35.6796875,957.7472534179688,29.575454711914062,-0.025341355189539172,-0.042073609912296916
35.6953125,957.7554321289062,29.575454711914062,-0.01682743635649331,-0.04174490983485768
35.7109375,957.7517700195312,29.55944061279297,-0.02008935929143263,-0.057307766698482254
35.7265625,957.748779296875,29.55757141113281,-0.022629299097161493,-0.05871464829333917
35.7421875,957.7437133789062,29.54900360107422,-0.027154294857609784,-0.0667568141460535
35.7578125,957.7550659179688,29.55235290527344,-0.015493127752279179,-0.06291213877537061
35.7734375,957.7542114257812,29.55235290527344,-0.016028330487870335,-0.06242063769118644
35.7890625,957.7444458007812,29.551239013671875,-0.025290167294770072,-0.06303816578265398
35.8046875,957.7443237304688,29.547142028808597,-0.024915904841464,-0.06661065728151172
35.8203125,957.74755859375,29.56055450439453,-0.02125758371721531,-0.05278257090107985
35.8359375,957.7391357421876,29.5531005859375,-0.029100739278078436,-0.05976589178500191
35.8515625,957.7377319335938,29.551979064941406,-0.029908755921269403,-0.060411729868743436
35.8671875,957.7522583007812,29.544158935546875,-0.015081951453794318,-0.0676987978627821
35.8828125,957.7453002929688,29.53968811035156,-0.02160949131189227,-0.0716057978779574
35.8984375,957.735595703125,29.55384826660156,-0.03070247800803827,-0.05699684755273893
35.9140625,957.755615234375,29.551239013671875,-0.010474295454173443,-0.059140427822402586
35.9296875,957.7393798828124,29.54900360107422,-0.02618797422348962,-0.060896341666776266
35.9453125,957.745849609375,29.551239013671875,-0.01933312563619438,-0.058202640560768515
35.9609375,957.7313842773438,29.54900360107422,-0.03313833154118129,-0.05996588086812338
35.9765625,957.7495727539062,29.54379272460937,-0.014657865623576072,-0.06466756391630568
35.9921875,957.7490234375,29.540061950683597,-0.014910166755839782,-0.067863975827688
36.0078125,957.7455444335938,29.551239013671875,-0.01803000717256964,-0.056244046332853515
36.0234375,957.7473754882812,29.53521728515625,-0.015882566694358502,-0.0717011984824758
36.0390625,957.7413330078124,29.537826538085938,-0.021496823585835045,-0.06855216472815684
36.0546875,957.732421875,29.533355712890625,-0.029814050999789288,-0.07245249781469099
36.0703125,957.7374267578124,29.551239013671875,-0.024324614121269406,-0.05414287518161842
36.0859375,957.7283325195312,29.533729553222656,-0.0327661404413675,-0.07109255175872065
36.1015625,957.7534790039062,29.5318603515625,-0.007470834658874992,-0.07239173972029178
36.1171875,957.720703125,29.537826538085938,-0.03946064494084567,-0.06590660356250311
36.1328125,957.7428588867188,29.541183471679688,-0.016966897221664112,-0.06206100067212361
36.1484375,957.7493286132812,29.528884887695312,-0.010292147794757511,-0.0737786504013691
36.1640625,957.7486572265624,29.522918701171875,-0.010749402980195555,-0.07912183038633103
36.1796875,957.7308349609376,29.530746459960938,-0.028013628202529617,-0.07073708666291623
36.1953125,957.748779296875,29.53559112548828,-0.009872626400579065,-0.06537763659544993
36.2109375,957.7327880859376,29.530746459960938,-0.02535868426491561,-0.06967369038746085
36.2265625,957.7359008789062,29.5318603515625,-0.021811401231843774,-0.06802417535788408
36.2421875,957.7311401367188,29.532981872558597,-0.026053156243165176,-0.06637997737458434
36.2578125,957.7423095703124,29.51844787597656,-0.014593024941518706,-0.08028183353508567
36.2734375,957.73583984375,29.522918701171875,-0.020651369638585493,-0.07521873483711516
36.2890625,957.730224609375,29.526275634765625,-0.025753584403901186,-0.07130038092115143
36.3046875,957.7366943359376,29.527023315429688,-0.018907219992797764,-0.07000150728633159
36.3203125,957.7269897460938,29.52367401123047,-0.028052985425802035,-0.07277775827082067
36.3359375,957.716796875,29.516586303710938,-0.03749886713444539,-0.07924151683886649
36.3515625,957.7189331054688,29.52255249023437,-0.034671960168338956,-0.07270286679734284
36.3671875,957.7387084960938,29.51397705078125,-0.014605620919496687,-0.08064331948288128
36.3828125,957.7420654296876,29.51844787597656,-0.011028986401356633,-0.07557739667594987
36.3984375,957.729736328125,29.52105712890625,-0.022901875308434683,-0.07239808012324289
36.4140625,957.719482421875,29.5244140625,-0.0325082076998342,-0.0685017625722324
36.4296875,957.7241821289062,29.52255249023437,-0.027265365889888926,-0.06981362128443891
36.4453125,957.7362060546876,29.53038024902344,-0.014943755731451347,-0.0615015979446234
36.4609375,957.727294921875,29.512863159179688,-0.023388972752172776,-0.0784013542900297
36.4765625,957.7216796875,29.51323699951172,-0.028437718706754822,-0.07741792400519998
36.4921875,957.73583984375,29.51323699951172,-0.013998703814991131,-0.07681309647390933
36.5078125,957.7291259765624,29.51844787597656,-0.02030802860019776,-0.07104282766524861
36.5234375,957.7247924804688,29.51920318603516,-0.024160244914696705,-0.06973839637534596
36.5390625,957.7130737304688,29.52068328857422,-0.03517823329525527,-0.06772502591569207
36.5546875,957.7096557617188,29.51920318603516,-0.03784236997410062,-0.06866446338869991
36.5703125,957.729736328125,29.518829345703125,-0.01741489334187918,-0.06849894197291562
36.5859375,957.71435546875,29.516586303710938,-0.032155210671589884,-0.07018931221537628
36.6015625,957.706787109375,29.52330017089844,-0.038947719069142295,-0.06297954311359177
36.6171875,957.7350463867188,29.52552795410156,-0.010479683097969428,-0.06027713678617275
36.6328125,957.7151489257812,29.50727081298828,-0.02978384044104132,-0.07792072885336054
36.6484375,957.7235717773438,29.53038024902344,-0.020943782064478,-0.05438307959305888
36.6640625,957.7205200195312,29.52330017089844,-0.023526876988739787,-0.06098297679838538
36.6796875,957.7210083007812,29.52330017089844,-0.02258862316568866,-0.06050654729214955
36.6953125,957.7210083007812,29.52330017089844,-0.02214743911952155,-0.06003383989142819
36.7109375,957.730224609375,29.5169677734375,-0.01267856938272871,-0.06584775112305508
36.7265625,957.7141723632812,29.511001586914062,-0.028169666736744148,-0.07125289125863077
36.7421875,957.7196655273438,29.516212463378903,-0.022233602231381155,-0.06552606155321428
36.7578125,957.7294311523438,29.518829345703125,-0.012224462051108276,-0.062417701266266334
36.7734375,957.7130737304688,29.529998779296875,-0.028023644005656934,-0.05084789058132344
36.7890625,957.7308959960938,29.53038024902344,-0.010002132709132638,-0.0500721519418299
36.8046875,957.7236328125,29.52515411376953,-0.016928103093846403,-0.054866269327021655
36.8203125,957.73046875,29.5244140625,-0.009895052984575159,-0.05517189621689056
36.8359375,957.7168579101562,29.526275634765625,-0.02304679335907167,-0.05289383704539574
36.8515625,957.7188110351562,29.533729553222656,-0.020681682648955757,-0.045084919224393616
36.8671875,957.725830078125,29.533729553222656,-0.013395791248967726,-0.044732693292953485
36.8828125,957.7178955078124,29.53038024902344,-0.020913752937303798,-0.04770635688675995
36.8984375,957.7205200195312,29.52552795410156,-0.01793202947590089,-0.052148037341385844
36.9140625,957.719970703125,29.52068328857422,-0.018120382095389687,-0.05654744737756445
36.9296875,957.7194213867188,29.53038024902344,-0.018305055952737348,-0.046484467499215754
36.9453125,957.715576171875,29.5244140625,-0.0217176483199637,-0.052040883288103856
36.9609375,957.7211303710938,29.526275634765625,-0.0158477567359796,-0.04978728515511577
36.9765625,957.7354736328124,29.533729553222656,-0.0014751103490198147,-0.04200263727075537
36.9921875,957.7252197265624,29.52068328857422,-0.011499934243602183,-0.054618832372948845
37.0078125,957.700439453125,29.526275634765625,-0.03557160987475072,-0.04864346675825004
37.0234375,957.7102661132812,29.526275634765625,-0.025242118669325464,-0.048263439674201436
37.0390625,957.7366943359376,29.52404022216797,0.0011629378935822388,-0.050104329988485574
37.0546875,957.7266235351562,29.52255249023437,-0.008733881190778447,-0.05118899893831497
37.0703125,957.714111328125,29.5244140625,-0.02083112556147171,-0.04894205615180525
37.0859375,957.7266845703124,29.525909423828125,-0.008096596589439287,-0.047076017520371494
37.1015625,957.7151489257812,29.5244140625,-0.0192487989112351,-0.048191914951242865
37.1171875,957.7199096679688,29.51920318603516,-0.01420508686589983,-0.05298558210814619
37.1328125,957.73583984375,29.529258728027344,0.0016913957724682405,-0.04259464917755551
37.1484375,957.7308349609376,29.522178649902344,-0.0032487704961567943,-0.0492866434955026
37.1640625,957.7362060546876,29.515846252441406,0.002080871627754277,-0.05518451719896689
37.1796875,957.7159423828124,29.51920318603516,-0.01782766743008324,-0.051422680608297355
37.1953125,957.7192993164062,29.51323699951172,-0.014188102315983997,-0.056940516607273395
37.2109375,957.7199096679688,29.53038024902344,-0.013312560309032051,-0.039486350946365434
37.2265625,957.737060546875,29.53038024902344,0.003763351437100937,-0.03917786382959676
37.2421875,957.7310180664062,29.52478790283203,-0.0022346147927692073,-0.04442044275521795
37.2578125,957.7199096679688,29.526275634765625,-0.013082407503134164,-0.04259729901832898
37.2734375,957.7139892578124,29.51844787597656,-0.018631668877105767,-0.05003111204327482
37.2890625,957.71435546875,29.512863159179688,-0.017908710714095832,-0.05518133017733362
37.3046875,957.7278442382812,29.53038024902344,-0.004333614206643688,-0.037369988455974834
37.3203125,957.7144165039062,29.526275634765625,-0.017414447242117603,-0.04115058238009084
37.3359375,957.7102661132812,29.526275634765625,-0.02114364962756099,-0.040829093455247545
37.3515625,957.7102661132812,29.52515411376953,-0.020730687720742935,-0.041622875275940885
37.3671875,957.71875,29.526275634765625,-0.012007605669964505,-0.040184937449534885
37.3828125,957.7169799804688,29.52068328857422,-0.013508530959029486,-0.04541964861249781
37.3984375,957.714599609375,29.535964965820312,-0.015578571934611318,-0.02990251846510361
37.4140625,957.718017578125,29.5244140625,-0.011923091403673425,-0.04112956692771874
37.4296875,957.7303466796876,29.52330017089844,0.00039808027304388816,-0.041913431509517096
37.4453125,957.7197265625,29.52255249023437,-0.010022387756066564,-0.04232782223473208
37.4609375,957.7196044921876,29.52068328857422,-0.009946324121756334,-0.04385173464570613
37.4765625,957.7034912109376,29.530746459960938,-0.02555062870430902,-0.033524590108527264
37.4921875,957.7205200195312,29.52105712890625,-0.008355378311648565,-0.04287631240412537
37.5078125,957.72998046875,29.527389526367188,0.0010834874909733117,-0.03625841560769416
37.5234375,957.7152709960938,29.532615661621094,-0.013359852642565784,-0.030789840663523194
37.5390625,957.726318359375,29.53038024902344,-0.0022673235534966807,-0.032767243470072316
37.5546875,957.7095336914062,29.52068328857422,-0.01867988231288109,-0.04213245232617524
37.5703125,957.714599609375,29.52330017089844,-0.013348066603043662,-0.03920685461131157
37.5859375,957.7037353515624,29.529998779296875,-0.023739427454415818,-0.03225427553934068
37.6015625,957.7247314453124,29.533729553222656,-0.0026897529679672516,-0.02830066175720347
37.6171875,957.706787109375,29.533729553222656,-0.0202310793564493,-0.028079562837223904
37.6328125,957.7147216796876,29.526275634765625,-0.012056342851565205,-0.035255875971643036
37.6484375,957.7152099609376,29.5318603515625,-0.01134212289844072,-0.029439353243716937
37.6640625,957.714599609375,29.533729553222656,-0.011719027694198303,-0.02735475977431534
37.6796875,957.7160034179688,29.5318603515625,-0.010113749977335829,-0.02899564923576392
37.6953125,957.720703125,29.53409576416016,-0.005308299919761339,-0.026551172289369873
37.7109375,957.7147216796876,29.526275634765625,-0.011069242395592482,-0.03410277588950095
37.7265625,957.7200317382812,29.527389526367188,-0.005646699743351746,-0.03273115862943854
37.7421875,957.7140502929688,29.526275634765625,-0.011401032847743409,-0.0335806357760724
37.7578125,957.7152099609376,29.533355712890625,-0.010041338221071783,-0.0262935220444227
37.7734375,957.7313232421876,29.530746459960938,0.005953350391678214,-0.02867697204462516
37.7890625,957.715576171875,29.528884887695312,-0.00960243632869151,-0.030299961932826136
37.8046875,957.6926879882812,29.5244140625,-0.03185603750205246,-0.03449914035369872
37.8203125,957.7137451171876,29.522178649902344,-0.010587992412183667,-0.0364475642564237
37.8359375,957.7252197265624,29.522918701171875,0.0008693002250765858,-0.03542854804168272
37.8515625,957.7252807617188,29.531494140625,0.000912164768465118,-0.02664331867770997
37.8671875,957.7145385742188,29.533729553222656,-0.009638030100063588,-0.024217219313804605
37.8828125,957.7196655273438,29.537826538085938,-0.004422970002906368,-0.019963045118878142
37.8984375,957.7200317382812,29.53820037841797,-0.003977525489858635,-0.019436164124449817
37.9140625,957.7152099609376,29.51920318603516,-0.008627441450016704,-0.038133095909547166
37.9296875,957.700927734375,29.53820037841797,-0.022462213559265365,-0.01898640428043663
37.9453125,957.721923828125,29.530746459960938,-0.0014374846567761779,-0.026233757716081385
37.9609375,957.715576171875,29.5244140625,-0.0076330873733923,-0.03231173208969906
37.9765625,957.727294921875,29.532615661621094,0.004005864528380698,-0.023921772554789555
37.9921875,957.7194213867188,29.530746459960938,-0.003792130185956921,-0.02558948222889157
38.0078125,957.7174682617188,29.532615661621094,-0.005633043170632845,-0.023534965876791603
38.0234375,957.714599609375,29.51770782470703,-0.008335646773844019,-0.038142468394049445
38.0390625,957.6970825195312,29.528884887695312,-0.0253478003555756,-0.026754738176034465
38.0546875,957.7068481445312,29.526275634765625,-0.015277835993174449,-0.029134584925209595
38.0703125,957.721923828125,29.527023315429688,-0.00019820411034743302,-0.02816513157160827
38.0859375,957.7103881835938,29.52255249023437,-0.011504671910302022,-0.032380988354681506
38.1015625,957.7196044921876,29.528884887695312,-0.002243668720439018,-0.025845086277382023
38.1171875,957.7191162109376,29.53038024902344,-0.0026785915725895393,-0.024159492723086373
38.1328125,957.72607421875,29.522178649902344,0.004195833891344591,-0.03210827081415246
38.1484375,957.7080078125,29.530746459960938,-0.013599662742308283,-0.023356550905905493
38.1640625,957.715576171875,29.53038024902344,-0.005913504473369358,-0.02353742776649881
38.1796875,957.7205200195312,29.5244140625,-0.0009507182073775766,-0.029273117303301177
38.1953125,957.7186279296876,29.53521728515625,-0.002787284456303496,-0.018325598595122727
38.2109375,957.7149047851562,29.53038024902344,-0.006383272171547105,-0.02298167664411821
38.2265625,957.7192993164062,29.522178649902344,-0.0019498983253924962,-0.030939656423299766
38.2421875,957.706787109375,29.53521728515625,-0.014179642361341394,-0.017761169441506297
38.2578125,957.693359375,29.5244140625,-0.027068170159509464,-0.02834123278449141
38.2734375,957.6904296875,29.52255249023437,-0.02941196200208651,-0.029966845635666317
38.2890625,957.7239379882812,29.533355712890625,0.0040163321623367665,-0.01901390717488738
38.3046875,957.704833984375,29.532981872558597,-0.014792990655109861,-0.019236280729518995
38.3203125,957.7196044921876,29.532981872558597,-2.2043724470677262e-05,-0.01908599728631799
38.3359375,957.701171875,29.5244140625,-0.018094218316150545,-0.027437761975033226
38.3515625,957.7218017578124,29.53409576416016,0.00248613979908896,-0.017617341093664862
38.3671875,957.7264404296876,29.52515411376953,0.006985655196331209,-0.02635149936332226
38.3828125,957.6886596679688,29.54229736328125,-0.030193639598223854,-0.009136310399636471
38.3984375,957.71875,29.53409576416016,-0.00010128984104085248,-0.017202457102595048
38.4140625,957.7147216796876,29.5244140625,-0.004048953705137137,-0.026674126272421717
38.4296875,957.703857421875,29.53820037841797,-0.01462193785528143,-0.012787124336057332
38.4453125,957.7023315429688,29.526275634765625,-0.01583242971537402,-0.024518806519740366
38.4609375,957.7366943359376,29.532981872558597,0.01816844209622559,-0.017673408033591187
38.4765625,957.702392578125,29.537826538085938,-0.015818211893815715,-0.01272851795541996
38.4921875,957.7078857421876,29.5244140625,-0.01012338674070179,-0.025936767029314467
38.5078125,957.7137451171876,29.544158935546875,-0.004180730261396093,-0.006143519810702713
38.5234375,957.7158203125,29.527023315429688,-0.0020644112195213893,-0.023097271647202433
38.5390625,957.7140502929688,29.527023315429688,-0.003759539525162836,-0.022916824212458664
38.5546875,957.7103881835938,29.527023315429688,-0.0072766948201206105,-0.022737786523297387
38.5703125,957.7171630859376,29.526275634765625,-0.0004919918419545866,-0.02330198697495689
38.5859375,957.7017211914062,29.531494140625,-0.015622677655073858,-0.017942203919368183
38.6015625,957.7145385742188,29.527023315429688,-0.002750503927700265,-0.02223792732472063
38.6171875,957.7146606445312,29.532981872558597,-0.0025770970211169697,-0.01615218761615722
38.6328125,957.7017822265624,29.529998779296875,-0.015153649462831709,-0.018985786496021007
38.6484375,957.7174072265624,29.537826538085938,0.0004621444719532519,-0.01107085561549681
38.6640625,957.7213134765624,29.526275634765625,0.004283074267391385,-0.022445026444124494
38.6796875,957.7017211914062,29.535964965820312,-0.015010202863550148,-0.012656041519207406
38.6953125,957.7216796875,29.53968811035156,0.00485164687802353,-0.00886310873024243
38.7109375,957.7024536132812,29.526275634765625,-0.014093676806737676,-0.02210155631370725
38.7265625,957.7200317382812,29.527023315429688,0.003416392564531634,-0.021187048496130956
38.7421875,957.7171630859376,29.5244140625,0.0005370421697534766,-0.023610392820927473
38.7578125,957.7149658203124,29.528884887695312,-0.0016277972160878562,-0.018990039753539634
38.7734375,957.7154541015624,29.533729553222656,-0.0011172597949098417,-0.01403486349005334
38.7890625,957.6945190429688,29.53112030029297,-0.021621609045041623,-0.01651408426021206
38.8046875,957.7157592773438,29.5318603515625,-0.0003739259460644462,-0.015650798357942364
38.8203125,957.714599609375,29.53112030029297,-0.0015036409087088032,-0.016262796114759226
38.8359375,957.7157592773438,29.532615661621094,-0.0003372547184881114,-0.014652064202362425
38.8515625,957.7047729492188,29.52515411376953,-0.011102419116127749,-0.021940849459753053
38.8671875,957.7169189453124,29.5318603515625,0.0010231946146177506,-0.015115591263135997
38.8828125,957.7158203125,29.533355712890625,-7.396479543331225e-05,-0.013513821888643918
38.8984375,957.7159423828124,29.5318603515625,4.716595606168994e-05,-0.01489192397288619
38.9140625,957.7311401367188,29.533355712890625,0.014947167521313531,-0.01329190199910002
38.9296875,957.7146606445312,29.540802001953125,-0.001502396450064225,-0.0057999440855311946
38.9453125,957.7166748046876,29.547142028808597,0.0005017683214418867,0.0005358633733010265
38.9609375,957.7223510742188,29.54229736328125,0.006057373050794013,-0.004275139637218928
38.9765625,957.7236328125,29.53856658935547,0.007195769313852907,-0.007943367363289155
38.9921875,957.6900024414062,29.537826538085938,-0.02591830096389458,-0.00861557942475244
39.0078125,957.7200317382812,29.537826538085938,0.004030703022181115,-0.008548270210496867
39.0234375,957.7317504882812,29.537826538085938,0.015441846517887825,-0.008481486849476028
39.0390625,957.7078857421876,29.53820037841797,-0.008258389818365686,-0.008044305529026019
39.0546875,957.7213134765624,29.540802001953125,0.00506838079559202,-0.0054001610407929945
39.0703125,957.7216186523438,29.54379272460937,0.005268604300113111,-0.0023906146471688317
39.0859375,957.7171020507812,29.540802001953125,0.0007373151840965875,-0.0053392956057329855
39.1015625,957.7203979492188,29.544158935546875,0.0039544399180613254,-0.00196687480876534
39.1171875,957.744140625,29.544906616210938,0.02715615640829583,-0.0012096691904481816
39.1328125,957.7171630859376,29.544158935546875,0.00017512872591396444,-0.0019420580587734548
39.1484375,957.7533569335938,29.55868530273437,0.035658644812087914,0.01248599421365526
39.1640625,957.7529296875,29.547142028808597,0.03454328546206398,0.0009353552856303793
39.1796875,957.7469482421876,29.54937744140625,0.028003991709283582,0.0031459962591959822
39.1953125,957.7631225585938,29.551612854003903,0.04331545053503305,0.005339366600153994
39.2109375,957.7540893554688,29.557205200195312,0.03361267226534892,0.010846308785378511
39.2265625,957.7547607421876,29.550865173339844,0.03361444845722872,0.004471076602332147
39.2421875,957.7553100585938,29.55868530273437,0.033496503830861,0.012195180950008933
39.2578125,957.7548217773438,29.55682373046875,0.03236353073361897,0.010252877366539792
39.2734375,957.759033203125,29.561294555664062,0.035860601895478794,0.014608673635589042
39.2890625,957.7564697265624,29.57433319091797,0.032646790853732455,0.027431314288797637
39.3046875,957.7639770507812,29.58179473876953,0.039369855012637345,0.03462026165489007
39.3203125,957.772705078125,29.57135772705078,0.0471584705916257,0.023994318296015393
39.3359375,957.7808227539062,29.56465148925781,0.0541965341390096,0.017153017374113233
39.3515625,957.774658203125,29.56465148925781,0.04709385868284244,0.01701900942587642
39.3671875,957.7727661132812,29.59221649169922,0.04431892179150054,0.04423569927457294
39.3828125,957.7738037109376,29.5888671875,0.04447064992734795,0.04056697011382937
39.3984375,957.7869262695312,29.584396362304688,0.05646834116703303,0.035814143786339514
39.4140625,957.7803955078124,29.595947265625,0.04896223609955541,0.04699500767613074
39.4296875,957.8013305664062,29.59557342529297,0.06853211315649332,0.04625693947422249
39.4453125,957.7815551757812,29.60302734375,0.047804442794586066,0.053291241853667515
39.4609375,957.7903442382812,29.6104736328125,0.055488163394329604,0.060263018955886594
39.4765625,957.7911376953124,29.6104736328125,0.055182370026500394,0.0597922141202929
39.4921875,957.796142578125,29.62127685546875,0.059011720557123226,0.07004390992672782
39.5078125,957.7874755859376,29.61494445800781,0.04936143289376105,0.06321376627464659
39.5234375,957.7886352539062,29.61532592773437,0.04953436061123284,0.06309839821994956
39.5390625,957.7904663085938,29.629852294921875,0.05036218453119545,0.07701832192770652
39.5546875,957.7902221679688,29.63916015625,0.04913917586111438,0.08565175994914398
39.5703125,957.80224609375,29.64586639404297,0.05996850981341595,0.09163645088475292
39.5859375,957.7846069335938,29.6529541015625,0.041502604546622024,0.09795287591675006
39.6015625,957.792724609375,29.647735595703125,0.04865113422772538,0.09200988279130229
39.6171875,957.7903442382812,29.655929565429688,0.04536703729149849,0.09942100992006786
39.6328125,957.8040161132812,29.67344665527344,0.05788580853584335,0.1160245208594155
39.6484375,957.7966918945312,29.66674041748047,0.04957405873528842,0.10846423397998706
39.6640625,957.7849731445312,29.672691345214844,0.037115947236543434,0.11352129326346727
39.6796875,957.8016357421876,29.687599182128903,0.05272818268792889,0.1274257775980132
39.6953125,957.8031616210938,29.68909454345703,0.05319441195354102,0.1279139425282807
39.7109375,957.8034057617188,29.701011657714844,0.05239483084847052,0.13873862665495196
39.7265625,957.7924194335938,29.702133178710938,0.04059974290464652,0.13876749024752044
39.7421875,957.7875366210938,29.711448669433597,0.03501933410768743,0.14692608268135032
39.7578125,957.8131713867188,29.715919494628903,0.059469449347261616,0.15021411953387087
39.7734375,957.810546875,29.70660400390625,0.05573468494048939,0.13979785827363145
39.7890625,957.801513671875,29.7177734375,0.045789343498768176,0.1497878598996678
39.8046875,957.7916870117188,29.72075653076172,0.03526028718351881,0.15157743008981228
39.8203125,957.8049926757812,29.73491668701172,0.04761739751074856,0.16444276144653358
39.8359375,957.8027954101562,29.72895812988281,0.044533019934874574,0.15724604647139273
39.8515625,957.8020629882812,29.72783660888672,0.04294511762907405,0.15490480262002748
39.8671875,957.8056640625,29.74945068359375,0.045637086538249605,0.17513982359794156
39.8828125,957.7908325195312,29.75131225585937,0.03020387279661918,0.17561857245837942
39.8984375,957.8131713867188,29.75316619873047,0.05151651459379991,0.17608601130346457
39.9140625,957.8115234375,29.754661560058597,0.048894569957610656,0.1761940181579078
39.9296875,957.8226928710938,29.762481689453125,0.05889087848197505,0.18257653702468346
39.9453125,957.8125,29.76397705078125,0.04774687443136827,0.18263383664692867
39.9609375,957.7966918945312,29.780746459960938,0.0313149648812896,0.19784540796859673
39.9765625,957.8145141601562,29.77925109863281,0.04817751897292055,0.1948160619010899
39.9921875,957.809326171875,29.783721923828125,0.04214989142030845,0.19772995829096374
40.0078125,957.8148193359376,29.776275634765625,0.04671252705554707,0.18879707806261692
40.0234375,957.8109130859376,29.791168212890625,0.041970216956769946,0.20209833074865102
40.0390625,957.8186645507812,29.79192352294922,0.04875055520278693,0.20126884673843648
40.0546875,957.8157348632812,29.80980682373047,0.0449259288805024,0.21744002136718876
40.0703125,957.8041381835938,29.810546875,0.03267828729474331,0.21647554081924625
40.0859375,957.7974243164062,29.818748474121094,0.025457302527001957,0.2229218497845551
40.1015625,957.811767578125,29.815017700195312,0.039023209475317344,0.21747864557862684
40.1171875,957.8114013671876,29.82843017578125,0.037901979035268596,0.22908728428046743
40.1328125,957.8196411132812,29.83587646484375,0.04524051956002495,0.2346856548012255
40.1484375,957.8106079101562,29.826934814453125,0.03550014228585496,0.2239803793761439
40.1640625,957.8126220703124,29.840728759765625,0.03678160122240115,0.2359167127770121
40.1796875,957.8159790039062,29.836631774902344,0.039354579058112904,0.23000863628940493
40.1953125,957.8204956054688,29.86009979248047,0.04301432162412766,0.2514963675091906
40.2109375,957.818115234375,29.84593963623047,0.03984031868412785,0.2354820221087266
40.2265625,957.8117065429688,29.847808837890625,0.03277866580765476,0.23549691733318667
40.2421875,957.8253784179688,29.85562896728516,0.04554330368250703,0.2414161323001629
40.2578125,957.8225708007812,29.86382293701172,0.04190100511812034,0.24766002310463975
40.2734375,957.8154296875,29.855255126953125,0.0340809876994399,0.23722430513162251
40.2890625,957.8187866210938,29.84854888916016,0.03670671189297536,0.22871714493757267
40.3046875,957.8187255859376,29.84854888916016,0.03592994086307044,0.22693029224274852
40.3203125,957.8187255859376,29.86345672607422,0.03522818420560725,0.23994876877276994
40.3359375,957.81787109375,29.85786437988281,0.03370233084581287,0.23252551302994462
40.3515625,957.8159790039062,29.869781494140625,0.03118894723252197,0.2425329192620751
40.3671875,957.8111572265624,29.865692138671875,0.025852186101815278,0.23658072345119052
40.3828125,957.8156127929688,29.869781494140625,0.029715804216948527,0.2387898439283802
40.3984375,957.8209838867188,29.869781494140625,0.03440160699108219,0.23692429827269024
40.4140625,957.8111572265624,29.87090301513672,0.02409496740438044,0.23618608630574656
40.4296875,957.8211669921876,29.869781494140625,0.03343862496262773,0.23322812339317167
40.4453125,957.819091796875,29.8746337890625,0.030750862664717715,0.23622041504696156
40.4609375,957.8013305664062,29.879844665527344,0.012735928442111799,0.2395451095468708
40.4765625,957.8189697265624,29.87537384033203,0.029781825149029828,0.2332377665050629
40.4921875,957.8062133789062,29.87611389160156,0.01669294863563664,0.2321498660732253
40.5078125,957.8167724609376,29.879844665527344,0.02671976444298707,0.23403782249901894
40.5234375,957.8220825195312,29.879470825195312,0.03140424055538915,0.23183848230630844
40.5390625,957.8201904296876,29.87910461425781,0.028935741518125724,0.22966389424873768
40.5546875,957.8120727539062,29.87834930419922,0.02041146289036533,0.2271202358761606
40.5703125,957.8182373046876,29.88804626464844,0.02605695090471727,0.23496706197909134
40.5859375,957.8358154296876,29.879844665527344,0.04278282832842706,0.22499385767941504
40.6015625,957.812255859375,29.88804626464844,0.018847803757694237,0.23137361729425976
40.6171875,957.8131103515624,29.876495361328125,0.019317485477358787,0.2181053490210232
40.6328125,957.8118286132812,29.861961364746094,0.017683486508758506,0.2019809512480606
40.6484375,957.8201293945312,29.879844665527344,0.025476762529137886,0.2181465625603316
40.6640625,957.812255859375,29.879844665527344,0.017259414338241186,0.21644229254032865
40.6796875,957.8201904296876,29.87834930419922,0.02470191463817173,0.21326765831210892
40.6953125,957.8201293945312,29.8746337890625,0.02415961230440189,0.20791501705683402
40.7109375,957.8245849609376,29.87910461425781,0.028056288501602467,0.21072657785954974
40.7265625,957.8250732421876,29.87164306640625,0.027987058623693883,0.20167702196105353
40.7421875,957.81640625,29.87834930419922,0.018942721388498285,0.20675526553719337
40.7578125,957.8084716796876,29.8746337890625,0.010793148125458174,0.20145350235047133
40.7734375,957.7981567382812,29.87164306640625,0.00046886674408597173,0.19691228922786053
40.7890625,957.8145141601562,29.85749053955078,0.016497650169526423,0.18133195172885763
40.8046875,957.8129272460938,29.8746337890625,0.014619510792385881,0.19692461373088577
40.8203125,957.8147583007812,29.87164306640625,0.016129265372910595,0.1924187825506145
40.8359375,957.8009643554688,29.854515075683597,0.002289708340526886,0.1739213325168052
40.8515625,957.8156127929688,29.8675537109375,0.016607322679533354,0.18549934302249937
40.8671875,957.8367919921876,29.847427368164062,0.03704850389260628,0.1640810236846164
40.8828125,957.8032836914062,29.847427368164062,0.0034710585192669896,0.16279914068708123
40.8984375,957.813720703125,29.841102600097656,0.013636428241170506,0.15525191658457516
40.9140625,957.8161010742188,29.84854888916016,0.015703971222933433,0.16142712591545916
40.9296875,957.8187255859376,29.834762573242188,0.01797050475931883,0.14648736616938152
40.9453125,957.8134765625,29.834014892578125,0.01247301488967878,0.14460109421230882
40.9609375,957.817138671875,29.836631774902344,0.015819985118923796,0.14606783609483642
40.9765625,957.8002319335938,29.844078063964844,-0.001065527514583664,0.15231479605454368
40.9921875,957.8016357421876,29.840728759765625,0.00033167402693834447,0.14780169895020379
41.0078125,957.8130493164062,29.831787109375,0.01151584886576984,0.13777520443020563
41.0234375,957.8088989257812,29.82880401611328,0.00722160163445551,0.1337390477999847
41.0390625,957.8067626953124,29.834014892578125,0.004986047509987657,0.13786437798150786
41.0546875,957.8165283203124,29.82284545898437,0.014463553906239213,0.12570514013472334
41.0703125,957.8060913085938,29.82098388671875,0.003947898785554571,0.12287603999512342
41.0859375,957.8108520507812,29.82284545898437,0.008538550329035388,0.12376309966495924
41.1015625,957.8092041015624,29.82843017578125,0.006756019057206686,0.1283372866457313
41.1171875,957.8140258789062,29.815757751464844,0.011351667565122625,0.11476123059237864
41.1328125,957.815185546875,29.819488525390625,0.012266973511714241,0.11756628573286321
41.1484375,957.7989501953124,29.818748474121094,-0.003890870667078161,0.11591352950658873
41.1640625,957.8099975585938,29.819114685058597,0.007016717367946512,0.1153713049718732
41.1796875,957.816162109375,29.8031005859375,0.012923821505637534,0.09858097768006502
41.1953125,957.801513671875,29.810546875,-0.0016909320881950407,0.10519892872113701
41.2109375,957.8097534179688,29.804214477539062,0.006420907482038274,0.09809413648472898
41.2265625,957.7973022460938,29.797508239746094,-0.0059124857915549,0.0906739307332316
41.2421875,957.8052368164062,29.78633117675781,0.001982590682700902,0.07887579846568826
41.2578125,957.81201171875,29.800865173339844,0.008586448240748723,0.09268003102391376
41.2734375,957.8037109375,29.784461975097656,0.0002800875573711892,0.07568092002561855
41.2890625,957.7885131835938,29.78633117675781,-0.014626305678007157,0.0769442613601008
41.3046875,957.8021850585938,29.776275634765625,-0.0009357894538197797,0.0663661512478555
41.3203125,957.7943725585938,29.776275634765625,-0.008577424425425306,0.0658476656912299
41.3359375,957.7875366210938,29.776275634765625,-0.015112319700278931,0.06533323080301656
41.3515625,957.8140258789062,29.77925109863281,0.011154732289696767,0.06777503299309018
41.3671875,957.804443359375,29.76807403564453,0.0015415054780305582,0.056155798364148524
41.3828125,957.8051147460938,29.76807403564453,0.0021696716460155585,0.055717081189428086
41.3984375,957.7990112304688,29.776275634765625,-0.003857011088825857,0.063419315620596
41.4140625,957.8060913085938,29.76807403564453,0.003160116508070132,0.05478632808934947
41.4296875,957.7872924804688,29.76807403564453,-0.015333268030644831,0.05435830990115065
41.4453125,957.81005859375,29.76025390625,0.007287672491770536,0.046174600971411905
41.4609375,957.781005859375,29.752052307128903,-0.02133996301836305,0.03767633777335888
41.4765625,957.801513671875,29.741989135742188,-0.000815897578604563,0.02739743852424681
41.4921875,957.7899780273438,29.747581481933597,-0.01211030105298505,0.032732052022566904
41.5078125,957.8010864257812,29.746841430664062,-0.0009823342049912753,0.031742063247147456
41.5234375,957.7875366210938,29.74012756347656,-0.01424830805478905,0.02483266327792677
41.5390625,957.7971801757812,29.741622924804688,-0.0045148167780553194,0.026122336913822153
41.5546875,957.7974243164062,29.72783660888672,-0.004187264509482702,0.012239645831822799
41.5703125,957.7958374023438,29.737518310546875,-0.005661401646761988,0.0217500869646976
41.5859375,957.7901611328124,29.729698181152344,-0.011116232287918137,0.013821129776648178
41.6015625,957.7794799804688,29.71442413330078,-0.021371654462996048,-0.0014415671524545814
41.6171875,957.7943725585938,29.72075653076172,-0.006352531878292211,0.004852620696699006
41.6328125,957.8117065429688,29.70995330810547,0.010766971002681203,-0.005904112881740531
41.6484375,957.7841186523438,29.71442413330078,-0.016492386035906748,-0.0014220901263790608
41.6640625,957.7741088867188,29.70995330810547,-0.025984531511312525,-0.005846876920742261
41.6796875,957.7969970703124,29.70175170898437,-0.0030358723723793446,-0.013938722322762942
41.6953125,957.7899780273438,29.69654083251953,-0.009858530275778321,-0.018999992547076516
41.7109375,957.798095703125,29.70883178710937,-0.0017068534301643012,-0.0066566235981966315
41.7265625,957.7931518554688,29.69580078125,-0.0065208045808731185,-0.019533819852430412
41.7421875,957.7893676757812,29.69207000732422,-0.010103715044351702,-0.0230828391393203
41.7578125,957.8005981445312,29.70548248291016,0.0011047467972957747,-0.009594813838116778
41.7734375,957.7744140625,29.691696166992188,-0.024589504467712686,-0.023198464679868636
41.7890625,957.776611328125,29.701011657714844,-0.02195489042776444,-0.013774513223172136
41.8046875,957.7849731445312,29.698776245117188,-0.013327584294529515,-0.01588484827535197
41.8203125,957.7724609375,29.68909454345703,-0.0253351079014692,-0.025366811264138533
41.8359375,957.7916870117188,29.676422119140625,-0.005989716618614693,-0.037742054052571916
41.8515625,957.790283203125,29.68163299560547,-0.0072491204230118456,-0.03227702776282371
41.8671875,957.7774047851562,29.68536376953125,-0.019734422407509555,-0.028323236228938953
41.8828125,957.77294921875,29.679031372070312,-0.023717528094721274,-0.03438488655167404
41.8984375,957.7838134765624,29.676048278808597,-0.012602229847175295,-0.03707604247109586
41.9140625,957.7724609375,29.66077423095703,-0.023486902329295845,-0.05194110524201534
41.9296875,957.7805786132812,29.66450500488281,-0.01506904634197781,-0.04783368810283051
41.9453125,957.7656860351562,29.67121124267578,-0.02937643648908761,-0.040806142104312215
41.9609375,957.7763061523438,29.677536010742188,-0.01838998494019961,-0.03421198830323391
41.9765625,957.7836303710938,29.67121124267578,-0.010849637944261303,-0.040220062960504066
41.9921875,957.7645874023438,29.67344665527344,-0.029308766719736923,-0.03768789528188421
42.0078125,957.78076171875,29.66785430908203,-0.012877918080789641,-0.042942114586782765
42.0234375,957.7838745117188,29.6529541015625,-0.009574400012184014,-0.05739042896485813
42.0390625,957.7742919921876,29.64215087890625,-0.01878276095851561,-0.06766088871781761
42.0546875,957.766357421875,29.648101806640625,-0.0261955083947214,-0.061227851913258746
42.0703125,957.782958984375,29.63916015625,-0.009406564138998874,-0.06962130306713377
42.0859375,957.7838745117188,29.63954162597656,-0.008325196232817689,-0.06869889714260324
42.1015625,957.7814331054688,29.63916015625,-0.01055631727808759,-0.06854067650299811
42.1171875,957.7727661132812,29.63208770751953,-0.018847854202590497,-0.07502239769258168
42.1328125,957.7640380859376,29.646240234375,-0.027037290109774403,-0.0603943249711989
42.1484375,957.7778930664062,29.636924743652344,-0.012924842655934299,-0.06916520775874702
42.1640625,957.7713012695312,29.63021850585937,-0.019135455165042004,-0.07527869988334501
42.1796875,957.767578125,29.62910461425781,-0.022412142670987123,-0.07579577436393237
42.1953125,957.7876586914062,29.626502990722656,-0.0022860376658400128,-0.07778491822799793
42.2109375,957.7720336914062,29.621658325195312,-0.017561212711484586,-0.08198404013225158
42.2265625,957.7660522460938,29.62053680419922,-0.023082840484448752,-0.08245629893202988
42.2421875,957.770751953125,29.63021850585937,-0.018024087877961392,-0.07220604573069167
42.2578125,957.76513671875,29.63021850585937,-0.023177616740213125,-0.0716419359984215
42.2734375,957.7706298828124,29.621658325195312,-0.017339053211458122,-0.07957553762605585
42.2890625,957.76171875,29.639915466308597,-0.025737487078117738,-0.060839346540014105
42.3046875,957.7599487304688,29.6246337890625,-0.026970250620934166,-0.07552632828778272
42.3203125,957.7662963867188,29.621658325195312,-0.020219809324657945,-0.07788849690376054
42.3359375,957.7623291015624,29.61830139160156,-0.0237146902919676,-0.08061070057175357
42.3515625,957.7614135742188,29.6104736328125,-0.024149158697355233,-0.08774753389705481
42.3671875,957.76171875,29.61345672607422,-0.023378280124802586,-0.08410221844287236
42.3828125,957.7620239257812,29.615692138671875,-0.02262245777433236,-0.08122722142455174
42.3984375,957.760986328125,29.60302734375,-0.023197944972935147,-0.09315848496872192
42.4140625,957.7658081054688,29.6104736328125,-0.01801725810514654,-0.08504256937570531
42.4296875,957.7715454101562,29.597442626953125,-0.012040110577459018,-0.0973073754285565
42.4453125,957.7713623046876,29.60675048828125,-0.011984481357671939,-0.08731201789652232
42.4609375,957.7533569335938,29.615692138671875,-0.029404113145801603,-0.07775809900975617
42.4765625,957.7542724609376,29.607498168945312,-0.027932168110510247,-0.08528056819931606
42.4921875,957.75341796875,29.595947265625,-0.028224420839137565,-0.09607497564838141
42.5078125,957.7601318359376,29.59930419921875,-0.021090425650527322,-0.09199368235108096
42.5234375,957.7672729492188,29.604148864746094,-0.013676864862190996,-0.08646816512980138
42.5390625,957.7776489257812,29.603775024414062,-0.0032364178250645637,-0.08616355229416328
42.5546875,957.760986328125,29.586265563964844,-0.019510362835148953,-0.10286306733132378
42.5703125,957.7473754882812,29.59483337402344,-0.03247430418912245,-0.09355857557528324
42.5859375,957.7587890625,29.59073638916016,-0.020649387588150603,-0.09689262637263951
42.6015625,957.7583618164062,29.584396362304688,-0.02066498068029432,-0.10242614812476702
42.6171875,957.7620239257812,29.588119506835938,-0.016670783975087033,-0.09793188637794259
42.6328125,957.7692260742188,29.601158142089844,-0.009283701249728438,-0.08423002259963042
42.6484375,957.7625732421876,29.584396362304688,-0.015625272865236184,-0.10020280392865644
42.6640625,957.7589111328124,29.5888671875,-0.01891067555607151,-0.09498407264948838
42.6796875,957.7575073242188,29.60265350341797,-0.0199177168811957,-0.08056339925705558
42.6953125,957.7682495117188,29.58924102783203,-0.008996319822927035,-0.09324168832078072
42.7109375,957.7594604492188,29.57992553710937,-0.017438011574427037,-0.10175595108216484
42.7265625,957.7571411132812,29.58514404296875,-0.0193714618183094,-0.09578324643198499
42.7421875,957.7503662109376,29.58477020263672,-0.025635692986952563,-0.09540585952367309
42.7578125,957.7583618164062,29.573219299316406,-0.017295554558927506,-0.10612116313426867
42.7734375,957.7699584960938,29.59930419921875,-0.005587568721580283,-0.07941097992542723
42.7890625,957.7525634765624,29.587379455566406,-0.02253370957612333,-0.09062216323732031
42.8046875,957.7635498046876,29.572853088378903,-0.011321846656983325,-0.104327057530881
42.8203125,957.752685546875,29.588119506835938,-0.021752782116664093,-0.08836485283108075
42.8359375,957.7581176757812,29.582908630371094,-0.016001890452344014,-0.09284466891080001
42.8515625,957.7648315429688,29.584396362304688,-0.009106616560416114,-0.09064321090707139
42.8671875,957.7607421875,29.584396362304688,-0.01293823820049056,-0.08993506082185831
42.8828125,957.74169921875,29.576202392578125,-0.03135657400218861,-0.09736239749726039
42.8984375,957.7548828125,29.587379455566406,-0.017818039231656257,-0.08551201158312693
42.9140625,957.7579956054688,29.576202392578125,-0.014418034421851189,-0.09593369117632022
42.9296875,957.7531127929688,29.586631774902344,-0.01892387725536082,-0.08483630643919327
42.9453125,957.7579345703124,29.576202392578125,-0.013826668272827192,-0.09452142556994758
42.9609375,957.7567749023438,29.58179473876953,-0.014693634361719887,-0.08823432094589734
42.9765625,957.7401123046876,29.56949615478516,-0.03074380561122325,-0.09974749161050056
42.9921875,957.7542114257812,29.58179473876953,-0.0163195930231268,-0.08676571303530167
43.0078125,957.7451171875,29.570236206054688,-0.024917467411682992,-0.09755608758022305
43.0234375,957.7493286132812,29.57880401611328,-0.020301626754871904,-0.08829305660349007
43.0390625,957.7649536132812,29.56688690185547,-0.00458528638853295,-0.09942727890144809
43.0546875,957.7342529296876,29.567626953125,-0.03459679088098255,-0.09791623366604085
43.0703125,957.7491455078124,29.58179473876953,-0.019319364850844067,-0.08309416327134045
43.0859375,957.7573852539062,29.56949615478516,-0.010863219953080261,-0.09464749141777773
43.1015625,957.7486572265624,29.561676025390625,-0.019208605748190166,-0.10166709252471762
43.1171875,957.7472534179688,29.56465148925781,-0.02020982812416605,-0.09792060030864747
43.1328125,957.74755859375,29.57880401611328,-0.019515889601848357,-0.08311363537932337
43.1484375,957.7466430664062,29.56465148925781,-0.020032365833344556,-0.09650627034233494
43.1640625,957.7457885742188,29.587379455566406,-0.020478911575082748,-0.0732019110334754
43.1796875,957.751220703125,29.587379455566406,-0.01475290019482145,-0.07263002110352801
43.1953125,957.7426147460938,29.561294555664062,-0.022902629545910713,-0.097943710685513
43.2109375,957.7391967773438,29.55682373046875,-0.025806524110407736,-0.10161442231925832
43.2265625,957.7386474609376,29.57880401611328,-0.025841078006465068,-0.0790119949819541
43.2421875,957.7367553710938,29.557205200195312,-0.02719150441578222,-0.09982478893976676
43.2578125,957.7381591796876,29.561676025390625,-0.02528402988787093,-0.09460901090270113
43.2734375,957.7294311523438,29.56465148925781,-0.03334775923894995,-0.09091765994930157
43.2890625,957.7395629882812,29.561676025390625,-0.022762487299473833,-0.09315958378666878
43.3046875,957.7251586914062,29.56465148925781,-0.03644087042107458,-0.08947955648261541
43.3203125,957.7395629882812,29.551979064941406,-0.021606171718985934,-0.10135391844902486
43.3359375,957.7393798828124,29.56241607666016,-0.021363705367775765,-0.09020661839644006
43.3515625,957.747314453125,29.56427764892578,-0.013166847261118164,-0.08765485045792332
43.3671875,957.7432861328124,29.55682373046875,-0.016859324457072944,-0.09436573165780615
43.3828125,957.7399291992188,29.548629760742188,-0.019821409260657674,-0.10175845371730219
43.3984375,957.739013671875,29.55682373046875,-0.020331918311399022,-0.09283351145956331
43.4140625,957.7399291992188,29.576202392578125,-0.019037164581618526,-0.07288098333964044
43.4296875,957.7322387695312,29.566146850585938,-0.026205570943602652,-0.08228858372767434
43.4453125,957.7354736328124,29.555709838867188,-0.022522061028439566,-0.0920011767319977
43.4609375,957.7244873046876,29.548629760742188,-0.03285392842758483,-0.09830718255342674
43.4765625,957.72802734375,29.554969787597656,-0.028741352463498515,-0.09124866229406692
43.4921875,957.7372436523438,29.56055450439453,-0.019143695356660828,-0.08499469592299391
43.5078125,957.744140625,29.54937744140625,-0.012007528897697739,-0.09542041704478166
43.5234375,957.7237548828124,29.554969787597656,-0.031760590009412226,-0.08912628904983322
43.5390625,957.7447509765624,29.544158935546875,-0.01055425219180961,-0.09915638218576461
43.5546875,957.7385864257812,29.54937744140625,-0.01639226385236725,-0.09320398666758933
43.5703125,957.745849609375,29.55682373046875,-0.008950777909831231,-0.08508771559255024
43.5859375,957.7288818359376,29.56055450439453,-0.025412329641198994,-0.08072134055999669
43.6015625,957.7403564453124,29.55682373046875,-0.013665499167473172,-0.08379233234135697
43.6171875,957.7325439453124,29.551612854003903,-0.02105850699626899,-0.08830787123740436
43.6328125,957.7380981445312,29.554969787597656,-0.01520148926613274,-0.08428725844331098
43.6484375,957.7464599609376,29.54379272460937,-0.0067060854992178065,-0.09471850642040991
43.6640625,957.7379760742188,29.54602813720703,-0.014893293073214409,-0.09176056965225854
43.6796875,957.7455444335938,29.55384826660156,-0.007181868586940254,-0.0832846555682174
43.6953125,957.7384033203124,29.54937744140625,-0.014043236128713943,-0.0870698910700618
43.7109375,957.7550659179688,29.55757141113281,0.0025682021228021767,-0.07825970320800835
43.7265625,957.739990234375,29.55757141113281,-0.012263194723459492,-0.07764829927669581
43.7421875,957.74560546875,29.56092071533203,-0.0065181173729342845,-0.073718534178429
43.7578125,957.7305908203124,29.575454711914062,-0.021112203978304933,-0.05872215839642436
43.7734375,957.741943359375,29.561676025390625,-0.009569046460342179,-0.07193443206892525
43.7890625,957.7404174804688,29.55682373046875,-0.01087822760553081,-0.07618683068618637
43.8046875,957.7277221679688,29.54639434814453,-0.023113119400363757,-0.08593952384626036
43.8203125,957.7290649414062,29.561676025390625,-0.021345143893313434,-0.07010583217360278
43.8359375,957.7306518554688,29.54974365234375,-0.019372326904431247,-0.0813972817421913
43.8515625,957.7324829101562,29.561676025390625,-0.01719866924395319,-0.06892221409613342
43.8671875,957.7275390625,29.55868530273437,-0.021710045866939254,-0.07135111693400731
43.8828125,957.7303466796876,29.56055450439453,-0.018533240619149183,-0.06893908781077229
43.8984375,957.7391357421876,29.557205200195312,-0.009553862140251113,-0.07172363894741451
43.9140625,957.7289428710938,29.566146850585938,-0.019361054850605797,-0.062291504271190234
43.9296875,957.7299194335938,29.55868530273437,-0.018025420234380363,-0.06920810640304609
43.9453125,957.73828125,29.55868530273437,-0.00947486156587729,-0.06866741807177235
43.9609375,957.7339477539062,29.55868530273437,-0.013538663174131216,-0.06813095386808499
43.9765625,957.7345581054688,29.557205200195312,-0.012675805525418582,-0.0690672200289626
43.9921875,957.7443237304688,29.55644989013672,-0.002853341062063919,-0.06927704157124737
44.0078125,957.7516479492188,29.5601806640625,0.004383555858112231,-0.06503418742948597
44.0234375,957.7581176757812,29.56465148925781,0.010641304248338201,-0.060090210966723845
44.0390625,957.7623291015624,29.55868530273437,0.014562637646122312,-0.06554033188476893
44.0546875,957.7579345703124,29.56055450439453,0.009969510568112128,-0.06317369951973006
44.0703125,957.7723388671876,29.576202392578125,0.02389775651670334,-0.04715451593507325
44.0859375,957.7880859375,29.567626953125,0.0388705138051364,-0.05529456511172626
44.1015625,957.7687377929688,29.567626953125,0.01914107299899115,-0.054862576321792034
44.1171875,957.771240234375,29.58179473876953,0.021220789514472926,-0.0403768626250951
44.1328125,957.772705078125,29.58924102783203,0.022242554489821487,-0.03267330345663666
44.1484375,957.764892578125,29.593338012695312,0.01414821748801387,-0.028353066104344293
44.1640625,957.7813720703124,29.583648681640625,0.030029512220835386,-0.037745190931225636
44.1796875,957.7667846679688,29.59073638916016,0.015140506168677348,-0.030417971822537027
44.1953125,957.7737426757812,29.583648681640625,0.021666902379934072,-0.03721266622221364
44.2109375,957.786376953125,29.598922729492188,0.03363123480721697,-0.021767222914629514
44.2265625,957.7849731445312,29.59297180175781,0.03159798429521743,-0.027501602597062913
44.2421875,957.7972412109376,29.58924102783203,0.043009291898783886,-0.0309883735812555
44.2578125,957.790771484375,29.60265350341797,0.03582590195071589,-0.017438586292229274
44.2734375,957.7897338867188,29.61532592773437,0.03410884522622837,-0.0047289263353889055
44.2890625,957.789794921875,29.615692138671875,0.03350249990626253,-0.004328631683840456
44.3046875,957.7935791015624,29.629852294921875,0.036558424132863365,0.009754715780484702
44.3203125,957.8165893554688,29.63916015625,0.058405227296248086,0.018913650724947217
44.3359375,957.8175659179688,29.64997100830078,0.058221989214302994,0.02949228009779148
44.3515625,957.7954711914062,29.64922332763672,0.0354216520531736,0.028520032250654026
44.3671875,957.7990112304688,29.661148071289062,0.03820072058601909,0.040128801091256605
44.3828125,957.8052978515624,29.67157745361328,0.043618448287475076,0.05016319760754229
44.3984375,957.8118286132812,29.670455932617188,0.04916973324839091,0.04865853851292101
44.4140625,957.8136596679688,29.67121124267578,0.05000467879654025,0.04902780287955011
44.4296875,957.813720703125,29.68983459472656,0.049087867977164024,0.0671226302824337
44.4453125,957.8003540039062,29.68983459472656,0.03502348968106617,0.0665982347333518
44.4609375,957.7978515625,29.68909454345703,0.0318858715506849,0.06534366640551426
44.4765625,957.8156127929688,29.705108642578125,0.048677432058070735,0.08072215798343052
44.4921875,957.8192138671876,29.705108642578125,0.05125744170118196,0.08009151612418464
44.5078125,957.8087158203124,29.72187042236328,0.039963312895793024,0.09609662953504738
44.5234375,957.8013305664062,29.74571990966797,0.03194176877502741,0.11900903780192351
44.5390625,957.8051147460938,29.736404418945312,0.03502817603157382,0.10883656624271154
44.5546875,957.8028564453124,29.741622924804688,0.0321298386242006,0.11316401685128952
44.5703125,957.81396484375,29.75131225585937,0.0423937402441652,0.12189355612545683
44.5859375,957.8081665039062,29.74945068359375,0.03588064648636191,0.11909423398592978
44.6015625,957.8196411132812,29.762481689453125,0.046430348520289044,0.13109301140901408
44.6171875,957.8056640625,29.75801086425781,0.03181944426762584,0.12563295038390265
44.6328125,957.8286743164062,29.776275634765625,0.053758805631446194,0.14277351994725151
44.6484375,957.8189086914062,29.770309448242188,0.04313393882227956,0.13573852613144055
44.6640625,957.8121948242188,29.77925109863281,0.03570874211061437,0.14354986264298475
44.6796875,957.8074951171876,29.791168212890625,0.030403389863067787,0.1542523911437641
44.6953125,957.8267211914062,29.791168212890625,0.04866013861135343,0.15304729433795217
44.7109375,957.825439453125,29.807937622070312,0.04645304094867697,0.16849001052140977
44.7265625,957.8284912109376,29.812408447265625,0.04853790816048331,0.1716095791876846
44.7421875,957.833251953125,29.80718994140625,0.0522576610832175,0.16509114306793293
44.7578125,957.810546875,29.82284545898437,0.028975384072282395,0.17933457735975722
44.7734375,957.8343505859376,29.80943298339844,0.0517482533105067,0.16462583535371778
44.7890625,957.8212280273438,29.815017700195312,0.037871286616677935,0.1688807822119145
44.8046875,957.8212280273438,29.820602416992188,0.03713161304995083,0.17310248729778266
44.8203125,957.8341674804688,29.826568603515625,0.049093115663708886,0.17766969980699088
44.8359375,957.8304443359376,29.82992553710937,0.04448383888393437,0.17961236282729232
44.8515625,957.8148193359376,29.833274841308597,0.0282951896870145,0.18153227900287305
44.8671875,957.8133544921876,29.845199584960938,0.026306315742886,0.1919456396657182
44.8828125,957.829345703125,29.851524353027344,0.04147140311226849,0.19672142017171623
44.8984375,957.8306884765624,29.84854888916016,0.041977962163969096,0.19223231602090252
44.9140625,957.837158203125,29.840347290039062,0.047501444806130166,0.182592976924024
44.9296875,957.8209228515624,29.83848571777344,0.03065542735987492,0.1793194405595102
44.9453125,957.8305053710938,29.847427368164062,0.03945204949104664,0.1867903011770835
44.9609375,957.8253784179688,29.863082885742188,0.033654684327643736,0.20086421079618333
44.9765625,957.823974609375,29.85264587402344,0.03162097581719081,0.1889394865846441
44.9921875,957.8142700195312,29.854515075683597,0.021488331559908147,0.18931799536788674
45.0078125,957.8125610351562,29.85749053955078,0.019393031810182038,0.19079116658479833
45.0234375,957.8159790039062,29.85749053955078,0.022365473205468334,0.18930061059585412
45.0390625,957.8196411132812,29.85749053955078,0.025519231358202887,0.1878216995755757
45.0546875,957.8264770507812,29.868667602539062,0.03172323196645266,0.1974440847313268
45.0703125,957.817138671875,29.8675537109375,0.021947648898844818,0.19479636349593932
45.0859375,957.8348999023438,29.890647888183597,0.03893331531742206,0.21618827089248782
45.1015625,957.8232421875,29.891395568847656,0.026742873901866915,0.21524113943501177
45.1171875,957.8251953125,29.895118713378903,0.028135530173358347,0.21725362549777216
45.1328125,957.834716796875,29.89251708984375,0.03692152598296161,0.21297503319728506
45.1484375,957.8363037109376,29.889907836914062,0.03775632207589297,0.2087222976092562
45.1640625,957.8323974609376,29.89958953857422,0.033188937855697986,0.21669771802512017
45.1796875,957.8285522460938,29.91114044189453,0.028770603421776286,0.2264654289911725
45.1953125,957.8255004882812,29.908531188964844,0.025216524406005192,0.22210729968600518
45.2109375,957.809814453125,29.89623260498047,0.00934434688156216,0.20816958511021255
45.2265625,957.8257446289062,29.894752502441406,0.024780879642094078,0.20507472098856283
45.2421875,957.8218383789062,29.909645080566406,0.02046692203191469,0.218248804589237
45.2578125,957.8234252929688,29.913375854492188,0.021623097108204092,0.22024536305787024
45.2734375,957.8306274414062,29.89623260498047,0.028262252468607585,0.2015153782840713
45.2890625,957.8239135742188,29.912635803222656,0.02112751838103577,0.2162160876471475
45.3046875,957.8483276367188,29.908905029296875,0.04465209687941751,0.21082527220791647
45.3203125,957.8245849609376,29.902572631835938,0.020501033967434523,0.20289527416301922
45.3359375,957.822021484375,29.913375854492188,0.0175872144867526,0.21202897731286896
45.3515625,957.820068359375,29.909645080566406,0.015328736176456914,0.20667087367312575
45.3671875,957.8271484375,29.91411590576172,0.021971142147094724,0.2094921543460302
45.3828125,957.8190307617188,29.912261962890625,0.013582890850898366,0.2060160379477871
45.3984375,957.8212890625,29.926788330078125,0.015531793358036339,0.2188194175951672
45.4140625,957.8270874023438,29.92120361328125,0.02091352903767074,0.21156880469830597
45.4296875,957.8253784179688,29.909645080566406,0.018829455899776804,0.19844769173359111
45.4453125,957.8234252929688,29.92008209228516,0.01654671506184968,0.20725279170662247
45.4609375,957.8331909179688,29.93647003173828,0.02579842717000247,0.22189353794755817
45.4765625,957.831298828125,29.91411590576172,0.023439416675387292,0.19798051031497366
45.4921875,957.8209228515624,29.92120361328125,0.012808294798105635,0.2034661223826717
45.5078125,957.8002319335938,29.92343139648437,-0.007728665686727254,0.20408692194840583
45.5234375,957.8298950195312,29.93647003173828,0.02150601360528981,0.21542926378667104
45.5390625,957.841064453125,29.919708251953125,0.03203725487094289,0.19711539428275415
45.5546875,957.821533203125,29.937225341796875,0.012261746963304176,0.21295566784426612
45.5703125,957.8313598632812,29.934616088867188,0.02165699291799683,0.208703083548059
45.5859375,957.8078002929688,29.9249267578125,-0.0018654176797099353,0.1974589575520156
45.6015625,957.8170776367188,29.93163299560547,0.007267161889217277,0.20257015475635143
45.6171875,957.8228149414062,29.93163299560547,0.012750473088885883,0.20098757542231738
45.6328125,957.8209228515624,29.934616088867188,0.010646305447266968,0.20237714783494098
45.6484375,957.8212890625,29.934616088867188,0.010797428174214474,0.20079607636748165
45.6640625,957.8242797851562,29.937225341796875,0.01351885100950767,0.2018162251620339
45.6796875,957.8282470703124,29.93647003173828,0.017144610068612565,0.19949012670419464
45.6953125,957.82568359375,29.92716217041016,0.014296345742423,0.188696466427821
45.7109375,957.8131103515624,29.923057556152344,0.0016894491884613672,0.1831497283249277
45.7265625,957.8248901367188,29.930885314941406,0.013206163361473955,0.18948547549591055
45.7421875,957.8176879882812,29.930885314941406,0.005886749007459002,0.18800512021859817
45.7578125,957.8239135742188,29.918960571289062,0.011875765903027968,0.17470474862432894
45.7734375,957.819580078125,29.93759155273437,0.007394959852035754,0.19182529467846976
45.7890625,957.8375854492188,29.930145263671875,0.024904230731976895,0.1829385446345988
45.8046875,957.8164672851562,29.93535614013672,0.0037121200548426714,0.1866795037471043
45.8203125,957.8341674804688,29.9249267578125,0.020994106082866892,0.1748731673492685
45.8359375,957.8231811523438,29.930885314941406,0.00981231354467127,0.1794189766306893
45.8515625,957.8226928710938,29.93647003173828,0.009141922288904425,0.18355835207266225
45.8671875,957.8245239257812,29.93535614013672,0.010758661019849569,0.1810191131236678
45.8828125,957.8214111328124,29.934616088867188,0.0074965346906310515,0.17887063168340234
45.8984375,957.8242797851562,29.926414489746094,0.010162741975250356,0.16933568074541583
45.9140625,957.8399658203124,29.9178466796875,0.02534391820302062,0.15951187169708092
45.9296875,957.8262329101562,29.9178466796875,0.011384230546013896,0.15826568519944573
45.9453125,957.8212890625,29.927902221679688,0.006314594161494824,0.1670062176042002
45.9609375,957.8352661132812,29.927902221679688,0.019895323752507466,0.16570148152916886
45.9765625,957.8204956054688,29.91710662841797,0.005024721878726268,0.15369568601536088
45.9921875,957.8223876953124,29.929763793945312,0.006781717743365334,0.16505321989002653
46.0078125,957.8256225585938,29.909645080566406,0.009820944676562249,0.14380220567900182
46.0234375,957.8234252929688,29.9178466796875,0.007474779070093973,0.1508162750750941
46.0390625,957.8323364257812,29.908905029296875,0.016065874541141056,0.14076622917912118
46.0546875,957.8214721679688,29.914871215820312,0.00510002265195908,0.14558606870488333
46.0703125,957.8418579101562,29.92864990234375,0.024987995994933954,0.1581197180781011
46.0859375,957.8206176757812,29.909278869628903,0.003674563150752874,0.1376647112588536
46.1015625,957.8203735351562,29.915985107421875,0.003363422085840284,0.1432430510123588
46.1171875,957.8400268554688,29.920455932617188,0.022567196648424215,0.14655986154980027
46.1328125,957.83935546875,29.915985107421875,0.021468157391950626,0.1409789657579701
46.1484375,957.8087158203124,29.898849487304688,-0.008992360361162355,0.12287581950296556
46.1640625,957.8204345703124,29.90033721923828,0.0026731398412493945,0.1233919611909613
46.1796875,957.82373046875,29.90369415283203,0.005852455499962161,0.12575866904420607
46.1953125,957.8240356445312,29.89176177978516,0.006037365045244769,0.11293702805985717
46.2109375,957.8165893554688,29.895118713378903,-0.0013814059700507642,0.11538541507817968
46.2265625,957.820068359375,29.88804626464844,0.0020566292265584707,0.1074667712981281
46.2421875,957.821044921875,29.876495361328125,0.0029739497006175952,0.09516652525923419
46.2578125,957.8179321289062,29.8746337890625,-0.000136131485533042,0.09257600804834709
46.2734375,957.8117065429688,29.8675537109375,-0.006237465129629527,0.08482799297082266
46.2890625,957.8140258789062,29.87164306640625,-0.0038416032313079995,0.08822268165488723
46.3046875,957.8243408203124,29.872764587402344,0.006346905788632284,0.0886462010677711
46.3203125,957.7880859375,29.854515075683597,-0.029323836847538587,0.06984671521348673
46.3359375,957.7960205078124,29.86122131347656,-0.020971507423155344,0.07595488306108678
46.3515625,957.8133544921876,29.84593963623047,-0.0035664776759176675,0.06019919639456717
46.3671875,957.8055419921876,29.83513641357422,-0.011156732018207549,0.04901006769348726
46.3828125,957.8197631835938,29.834762573242188,0.0030046066655131654,0.04825625683519519
46.3984375,957.8019409179688,29.834762573242188,-0.014528251557976546,0.04787925482867195
46.4140625,957.7938842773438,29.82098388671875,-0.022143781007571306,0.033834157615348914
46.4296875,957.8089599609376,29.831787109375,-0.006930048636149877,0.04428865073822763
46.4453125,957.811279296875,29.82284545898437,-0.00452065971637694,0.03507085190738479
46.4609375,957.7987060546876,29.830291748046875,-0.016760036632149422,0.0421849758060624
46.4765625,957.8087158203124,29.836631774902344,-0.006618429776722223,0.04814590107823946
46.4921875,957.8106689453124,29.818748474121094,-0.004574185542765008,0.03002617373216765
46.5078125,957.8051147460938,29.806076049804688,-0.009930564746582604,0.017218173248451762
46.5234375,957.7974853515624,29.79192352294922,-0.017216991323266484,0.003041696030539498
46.5390625,957.805908203125,29.80644989013672,-0.008622379218422793,0.017430812724150258
46.5546875,957.792724609375,29.784835815429688,-0.021380075058914372,-0.0041505802486412335
46.5703125,957.8050537109376,29.783721923828125,-0.008874196670149104,-0.005223343163873295
46.5859375,957.8049926757812,29.78633117675781,-0.008760715579910539,-0.0025936676542350767
46.6015625,957.8009643554688,29.7822265625,-0.012539250035160876,-0.0066459515846055695
46.6171875,957.8011474609376,29.78521728515625,-0.012114813617699838,-0.003626672452352153
46.6328125,957.8020629882812,29.776275634765625,-0.010980550214071627,-0.012470132820766366
46.6484375,957.810302734375,29.75131225585937,-0.002687272789898998,-0.037141062416651494
46.6640625,957.7928466796876,29.76360321044922,-0.01974990311248348,-0.0246559663594077
46.6796875,957.8027954101562,29.76695251464844,-0.009609743490614164,-0.021140203862060503
46.6953125,957.7988891601562,29.768814086914062,-0.013252009242705753,-0.019128017287091126
46.7109375,957.780029296875,29.76434326171875,-0.03148468751373912,-0.023414476525509542
46.7265625,957.8029174804688,29.765098571777344,-0.008428603452784955,-0.022482141728893623
46.7421875,957.7907104492188,29.74945068359375,-0.020232594962521944,-0.037832139053797675
46.7578125,957.8031616210938,29.759506225585938,-0.007629442167853995,-0.027559592397064847
46.7734375,957.7992553710938,29.74012756347656,-0.011310385680189938,-0.0465715493931107
46.7890625,957.8021850585938,29.74012756347656,-0.008217012668865209,-0.046207709163475386
46.8046875,957.7904663085938,29.733428955078125,-0.019546392304278015,-0.05249298695595783
46.8203125,957.7841796875,29.72783660888672,-0.02532846235510533,-0.05763154148214866
46.8359375,957.7989501953124,29.7244873046875,-0.010351744493050319,-0.06050443282448015
46.8515625,957.7899780273438,29.7315673828125,-0.01894649229643619,-0.053006976928390515
46.8671875,957.7932739257812,29.72895812988281,-0.01534491819768391,-0.05518172806231547
46.8828125,957.7891845703124,29.7177734375,-0.019054698008972082,-0.06584793278539536
46.8984375,957.7713623046876,29.7177734375,-0.036156710437808215,-0.06533349581050985
46.9140625,957.7904663085938,29.718894958496094,-0.01671964585727892,-0.06371031876117783
46.9296875,957.784423828125,29.71703338623047,-0.02231755354625875,-0.06505961062815757
46.9453125,957.7811279296876,29.71405029296875,-0.025113189249623247,-0.06751112026573836
46.9609375,957.7974853515624,29.71368408203125,-0.008584756293316786,-0.06734703955321208
46.9765625,957.7808227539062,29.712188720703125,-0.02475424156762074,-0.06830456962445197
46.9921875,957.7874145507812,29.726341247558597,-0.01780770944469623,-0.05372897993484571
47.0078125,957.7919921875,29.715164184570312,-0.01297167286804779,-0.06439896446279292
47.0234375,957.7877197265624,29.708091735839844,-0.016907334317238565,-0.07091304277768984
47.0390625,957.8035888671876,29.69840240478516,-0.0010179164714827493,-0.07997266778680867
47.0546875,957.7915649414062,29.70995330810547,-0.012787118771370842,-0.06788721943160425
47.0703125,957.785888671875,29.69691467285156,-0.01810277524987214,-0.080293621445783
47.0859375,957.7869873046876,29.693931579589844,-0.01667203028023323,-0.08262611537384501
47.1015625,957.7952880859376,29.68833923339844,-0.00820774807266389,-0.08752925483426921
47.1171875,957.794677734375,29.68909454345703,-0.00864587112675963,-0.08609602333211797
47.1328125,957.784912109375,29.68462371826172,-0.01805189659307871,-0.08985929502330947
47.1484375,957.7796020507812,29.687599182128903,-0.02290566699957708,-0.08620505122521749
47.1640625,957.7799072265624,29.693565368652344,-0.022159075374361237,-0.07961199857129486
47.1796875,957.7780151367188,29.684249877929688,-0.02358141589729712,-0.08823274328384301
47.1953125,957.7843627929688,29.67344665527344,-0.016897162779173414,-0.09826224745618362
47.2109375,957.7697143554688,29.66785430908203,-0.03092947527375145,-0.10304322963472146
47.2265625,957.7826538085938,29.67939758300781,-0.017638654528695952,-0.09078511230496744
47.2421875,957.7905883789062,29.67716217041016,-0.009514551321331055,-0.09229380205181315
47.2578125,957.7855224609376,29.67939758300781,-0.014295694499196543,-0.08935480828655429
47.2734375,957.7691040039062,29.67344665527344,-0.030114265758470538,-0.09456115995825698
47.2890625,957.7703857421876,29.672325134277344,-0.028269392174820496,-0.09493516000939906
47.3046875,957.7733154296876,29.66077423095703,-0.024844788567861542,-0.10565414095994896
47.3203125,957.775146484375,29.66748046875,-0.022564246890624418,-0.09817487267348923
47.3359375,957.7598266601562,29.646240234375,-0.0371441478455381,-0.11848217652467241
47.3515625,957.7766723632812,29.66077423095703,-0.019901990722132723,-0.10313608478683989
47.3671875,957.7720947265624,29.650711059570312,-0.024001509717550107,-0.11231488698470216
47.3828125,957.7727661132812,29.646240234375,-0.02287445653382747,-0.11587332380360849
47.3984375,957.765625,29.648101806640625,-0.029429328217133843,-0.11312103472909385
47.4140625,957.7626342773438,29.63842010498047,-0.03178684675481236,-0.12184334001121044
47.4296875,957.7857055664062,29.63208770751953,-0.008545331956156588,-0.127174364523146
47.4453125,957.7579345703124,29.644752502441406,-0.03560702476784172,-0.11361496358876266
47.4609375,957.7573852539062,29.629852294921875,-0.035450162635470406,-0.12751114633401173
47.4765625,957.766845703125,29.63134002685547,-0.025482101826582948,-0.12503885647541324
47.4921875,957.7626953125,29.646240234375,-0.029053732833403956,-0.10927819076091438
47.5078125,957.762451171875,29.621658325195312,-0.028725649367402184,-0.13281431790981557
47.5234375,957.7684936523438,29.63916015625,-0.022240138256051978,-0.11441160805157224
47.5390625,957.7659912109376,29.63097381591797,-0.024259326153128313,-0.12164015191185484
47.5546875,957.7639770507812,29.626129150390625,-0.025760332280015064,-0.12549665480295502
47.5703125,957.7596435546876,29.6246337890625,-0.02950605828823427,-0.12599989100505482
47.5859375,957.7620239257812,29.6246337890625,-0.026595888616611774,-0.1250155168565783
47.6015625,957.7754516601562,29.61532592773437,-0.012910963729041214,-0.13327397679264052
47.6171875,957.7622680664062,29.61532592773437,-0.025584898153283575,-0.13223277384894772
47.6328125,957.7745361328124,29.62127685546875,-0.013056737377041827,-0.125295269191799
47.6484375,957.7567749023438,29.616439819335938,-0.030216054411198456,-0.12911564668926445
47.6640625,957.7610473632812,29.61830139160156,-0.025436882663711913,-0.1262599019672095
47.6796875,957.7533569335938,29.61680603027344,-0.032480294531865184,-0.1267571753008312
47.6953125,957.7611694335938,29.607498168945312,-0.02418600166993201,-0.13500202853029464
47.7109375,957.7669067382812,29.60004425048828,-0.018088370869463688,-0.14134300990148674
47.7265625,957.7483520507812,29.604888916015625,-0.035927373635672666,-0.1354319510587203
47.7421875,957.7611694335938,29.595947265625,-0.022658623814891143,-0.14324568268802196
47.7578125,957.7601318359376,29.604888916015625,-0.023233404645452538,-0.1332547820450749
47.7734375,957.7630004882812,29.604888916015625,-0.01996700323343248,-0.13221372906034645
47.7890625,957.7525634765624,29.58924102783203,-0.029810186535314642,-0.14670644835922175
47.8046875,957.7471923828124,29.59632110595703,-0.03449414590477318,-0.1385355392167682
47.8203125,957.7681884765624,29.59632110595703,-0.013234418323577302,-0.1374532303166376
47.8359375,957.7601318359376,29.60675048828125,-0.020875217953289393,-0.12603147417997818
47.8515625,957.7539672851562,29.58924102783203,-0.02651164825158503,-0.1424195210774073
47.8671875,957.7562866210938,29.60302734375,-0.023719806214216987,-0.1276282582441297
47.8828125,957.7609252929688,29.587379455566406,-0.01870845593418835,-0.14215680153375843
47.8984375,957.7476196289062,29.601158142089844,-0.031388844215484824,-0.12737516098680146
47.9140625,957.755859375,29.58924102783203,-0.02269696729899806,-0.1382040543442642
47.9296875,957.7416381835938,29.593711853027344,-0.036197100918002434,-0.13268843829622412
47.9453125,957.7371826171876,29.60675048828125,-0.03985866991547482,-0.11871503895605073
47.9609375,957.7600708007812,29.59297180175781,-0.01663903151086288,-0.1314586182491837
47.9765625,957.7542724609376,29.59408569335937,-0.021999141445235182,-0.12932640847068555
47.9921875,957.7587280273438,29.60302734375,-0.0172009270891067,-0.11944425215755672
48.0078125,957.7498779296876,29.597442626953125,-0.025542215668224344,-0.12405218013447694
48.0234375,957.7493286132812,29.584396362304688,-0.025581931838701166,-0.13602736318304665
48.0390625,957.7478637695312,29.59297180175781,-0.026518518252942158,-0.12645620557578496
48.0546875,957.748779296875,29.588119506835938,-0.025102932493041408,-0.1302826528375185
48.0703125,957.751953125,29.584396362304688,-0.021500801548313575,-0.13295887707682397
48.0859375,957.7515258789062,29.584396362304688,-0.02149976546149901,-0.13192013584966134
48.1015625,957.7325439453124,29.576950073242188,-0.039691040870707184,-0.13827762471753502
48.1171875,957.7630004882812,29.58179473876953,-0.009054136614736308,-0.13239051419651915
48.1328125,957.743896484375,29.588119506835938,-0.027608176838953113,-0.1250808574884701
48.1484375,957.753173828125,29.600418090820312,-0.01797280900518672,-0.11190116199234268
48.1640625,957.7360229492188,29.588119506835938,-0.0344376783818916,-0.12322943546127618
48.1796875,957.7501220703124,29.583648681640625,-0.01994131984122305,-0.1267026023702087
48.1953125,957.7305908203124,29.586265563964844,-0.03870162121154408,-0.12311630035813081
48.2109375,957.7406005859376,29.59073638916016,-0.028131467781918218,-0.11771855738810544
48.2265625,957.739990234375,29.5888671875,-0.02818045568551497,-0.11865347968070239
48.2421875,957.7537841796876,29.5888671875,-0.014105523842204093,-0.11772649937069701
48.2578125,957.72802734375,29.582534790039062,-0.039083798065348674,-0.12308968670013698
48.2734375,957.74951171875,29.58477020263672,-0.017255684333576937,-0.11991010008605585
48.2890625,957.7430419921876,29.573219299316406,-0.023262023964434775,-0.1304339643172554
48.3046875,957.7306518554688,29.588119506835938,-0.03495582941991415,-0.11463114932274365
48.3203125,957.7483520507812,29.59557342529297,-0.01691861000369954,-0.10633990874957533
48.3359375,957.7508544921876,29.588119506835938,-0.014134602804460883,-0.11290481293155352
48.3515625,957.741455078125,29.588119506835938,-0.02307436810008312,-0.11202274408052659
48.3671875,957.72802734375,29.593711853027344,-0.035789170786074465,-0.10559891040561098
48.3828125,957.7489013671876,29.588119506835938,-0.014623835876818703,-0.11032257490485264
48.3984375,957.7550659179688,29.584396362304688,-0.008294064683695979,-0.11315473725300862
48.4140625,957.7392578125,29.588119506835938,-0.02363142464162138,-0.10857665840362074
48.4296875,957.7378540039062,29.600791931152344,-0.024546263836214166,-0.09515498225840702
48.4453125,957.7459716796876,29.59297180175781,-0.016107717194358884,-0.1021706185931528
48.4609375,957.7377319335938,29.5888671875,-0.02387192689582207,-0.10544495759431527
48.4765625,957.7483520507812,29.584396362304688,-0.012992985300002147,-0.10905706573658236
48.4921875,957.7367553710938,29.58179473876953,-0.024109398093173695,-0.11078635576180318
48.5078125,957.743896484375,29.5888671875,-0.01663687299924277,-0.10290364213265235
48.5234375,957.7433471679688,29.56949615478516,-0.016850521643618777,-0.12131940395024543
48.5390625,957.7462158203124,29.59557342529297,-0.013708785915241606,-0.09449805427491853
48.5546875,957.7428588867188,29.586265563964844,-0.016732404674712598,-0.10299493188739461
48.5703125,957.7277221679688,29.60675048828125,-0.031246679607875194,-0.08186539813684135
48.5859375,957.7398071289062,29.58998107910156,-0.018787466352591764,-0.0978642228843718
48.6015625,957.7503051757812,29.59073638916016,-0.00812751675346135,-0.09635024944432047
48.6171875,957.7350463867188,29.59557342529297,-0.022929542030510675,-0.09079826633251642
48.6328125,957.734375,29.58924102783203,-0.023139973109664425,-0.09637183048256759
48.6484375,957.7366943359376,29.59706115722656,-0.020413984102333416,-0.0878598909232906
48.6640625,957.7492065429688,29.60786437988281,-0.007747445487780169,-0.07645466304620285
48.6796875,957.7521362304688,29.59297180175781,-0.004723661152070235,-0.0906335908495528
48.6953125,957.7555541992188,29.595947265625,-0.0012801905972992245,-0.08697329786531327
48.7109375,957.74169921875,29.59221649169922,-0.014839562256156569,-0.08999544623022615
48.7265625,957.7462158203124,29.593711853027344,-0.010121340367732046,-0.08780867798880365
48.7421875,957.7489013671876,29.593711853027344,-0.007290563150831986,-0.0871226726920149
48.7578125,957.7642211914062,29.584396362304688,0.00787243956256134,-0.09568474026299256
48.7734375,957.7687377929688,29.604888916015625,0.012147067665637223,-0.07460474759461633
48.7890625,957.7703857421876,29.600418090820312,0.013525582960937754,-0.07845779487750804
48.8046875,957.7618408203124,29.586265563964844,0.004883382548882764,-0.0918868035944378
48.8203125,957.7688598632812,29.600791931152344,0.011669956269315662,-0.07675605799750684
48.8359375,957.77294921875,29.61830139160156,0.015451512680670021,-0.0587837335049457
48.8515625,957.785888671875,29.612335205078125,0.02783645475483354,-0.0642440612781563
48.8671875,957.775390625,29.61532592773437,0.01699976710096962,-0.0607747969139254
48.8828125,957.7689819335938,29.6104736328125,0.010384218747503837,-0.06511438018083027
48.8984375,957.7874755859376,29.615692138671875,0.028313850171571175,-0.059427937803320674
48.9140625,957.7807006835938,29.61532592773437,0.021118265252994206,-0.059327006953786565
48.9296875,957.7702026367188,29.61680603027344,0.01041279223784386,-0.05739497547397576
48.9453125,957.7844848632812,29.627243041992188,0.0242126942143841,-0.046591104663392
48.9609375,957.7947998046876,29.62910461425781,0.03385326773752695,-0.04438008292591178
48.9765625,957.7949829101562,29.63097381591797,0.03337160029195729,-0.042178765005864705
48.9921875,957.7885131835938,29.63916015625,0.026376446508152185,-0.03372685885607041
49.0078125,957.7862548828124,29.63916015625,0.02364708819311545,-0.033463367771258135
49.0234375,957.7857055664062,29.63544464111328,0.022646643431812663,-0.03688842288525862
49.0390625,957.7889404296876,29.634689331054688,0.025376008535204164,-0.03734964128022966
49.0546875,957.779052734375,29.644752502441406,0.015185807105012827,-0.02707329434746697
49.0703125,957.7899780273438,29.63916015625,0.02560111765046713,-0.03241044022216499
49.0859375,957.798583984375,29.651092529296875,0.033538967754338955,-0.020318082275483818
49.1015625,957.7907104492188,29.650711059570312,0.025164154617641543,-0.02053783675203036
49.1171875,957.7893676757812,29.665985107421875,0.023356119828918054,-0.005222665549684535
49.1328125,957.7824096679688,29.66151428222656,0.016077836391104938,-0.009617760348554327
49.1484375,957.8003540039062,29.674560546875,0.033357676775267464,0.00340171911004461
49.1640625,957.776611328125,29.680519104003903,0.009427208005831744,0.009287149080829948
49.1796875,957.7950439453124,29.693565368652344,0.027315687982422787,0.022158933934509406
49.1953125,957.78662109375,29.68536376953125,0.01852383570872007,0.013848293135186651
49.2109375,957.7748413085938,29.682388305664062,0.006612330815073619,0.010787885289342825
49.2265625,957.789794921875,29.679031372070312,0.021144734250697184,0.007372897385472754
49.2421875,957.7973022460938,29.690574645996094,0.028092447952417388,0.018768388722886442
49.2578125,957.7991943359376,29.69915008544922,0.02939890229242792,0.02713020451838588
49.2734375,957.8056640625,29.698776245117188,0.03516806969753361,0.02654733009114807
49.2890625,957.7903442382812,29.70548248291016,0.019460584434227712,0.0329937743850266
49.3046875,957.787841796875,29.70362091064453,0.016626929296990056,0.03088898179034061
49.3203125,957.7797241210938,29.715164184570312,0.008343057157958356,0.042100753718340655
49.3359375,957.7994384765624,29.70175170898437,0.0275094162861933,0.028464150959489842
49.3515625,957.8047485351562,29.716285705566406,0.032178469511336516,0.04266222451385815
49.3671875,957.7977294921876,29.727096557617188,0.024668031493092712,0.05305531815397657
49.3828125,957.7883911132812,29.72075653076172,0.015030245309617385,0.04635032808523931
49.3984375,957.8043823242188,29.71256256103516,0.03041556842981663,0.03785826180900287
49.4140625,957.8034057617188,29.71368408203125,0.028864025345228583,0.038675253251927444
49.4296875,957.8004760742188,29.719635009765625,0.025427807809137448,0.044277538947348205
49.4453125,957.7894287109376,29.71405029296875,0.01409957647081228,0.03839053447742202
49.4609375,957.7919921875,29.7244873046875,0.016337602778662585,0.04844608099151415
49.4765625,957.7887573242188,29.71442413330078,0.01284682661662373,0.038083043123506854
49.4921875,957.7913818359376,29.715164184570312,0.015169163758628201,0.03851978896809172
49.5078125,957.7969360351562,29.727096557617188,0.020318609794117037,0.05005800449922404
49.5234375,957.8037109375,29.732681274414062,0.02656434197888302,0.055208012535974404
49.5390625,957.7933349609376,29.73491668701172,0.01587218640440824,0.056994648374775636
49.5546875,957.80224609375,29.730445861816406,0.024299270013329988,0.05211348081087408
49.5703125,957.7960815429688,29.737518310546875,0.01778052549707354,0.058723539466800645
49.5859375,957.7919921875,29.729698181152344,0.013423764363665214,0.05050572718107915
49.6015625,957.7825317382812,29.722625732421875,0.003885906646019066,0.04309395596271415
49.6171875,957.78857421875,29.73491668701172,0.00973447330397903,0.05495221593886512
49.6328125,957.7782592773438,29.733428955078125,-0.0005691308346058577,0.05304679272397905
49.6484375,957.7774658203124,29.722625732421875,-0.0013359748216998923,0.04191354217657661
49.6640625,957.7843017578124,29.722625732421875,0.0053925415322737535,0.04158609262832158
49.6796875,957.7817993164062,29.737518310546875,0.0028336528580439335,0.05603743113806203
49.6953125,957.7901611328124,29.72075653076172,0.010976807755127993,0.03896881032671118
49.7109375,957.7803955078124,29.722625732421875,0.0011875268419316853,0.04051896501821872
49.7265625,957.7817993164062,29.727096557617188,0.0025407234155636615,0.04463830747748787
49.7421875,957.8031005859376,29.736404418945312,0.02337632902219866,0.05352471436182071
49.7578125,957.7796020507812,29.7244873046875,-0.000119819295605339,0.04128254072819715
49.7734375,957.781982421875,29.71442413330078,0.0022164003958096146,0.0309754680184966
49.7890625,957.764892578125,29.715919494628903,-0.01458294641372504,0.032217150992348564
49.8046875,957.7896728515624,29.711814880371094,0.009998160480222396,0.02789290754130036
49.8203125,957.7776489257812,29.715164184570312,-0.001986199572343139,0.030998131961297304
49.8359375,957.7921142578124,29.71815490722656,0.012235399402925395,0.03372331669084261
49.8515625,957.7684936523438,29.70995330810547,-0.011162838759787519,0.025322329151237
49.8671875,957.7804565429688,29.716285705566406,0.0007844258522027303,0.031407424060518
49.8828125,957.7724609375,29.706222534179688,-0.007070336264632715,0.021177500699785412
49.8984375,957.7713623046876,29.71703338623047,-0.008009418899746379,0.031738443744703915
49.9140625,957.7811279296876,29.701011657714844,0.00172190519981541,0.015593928391350431
49.9296875,957.7733154296876,29.70362091064453,-0.005971637870516133,0.018060968966967295
49.9453125,957.7735595703124,29.695045471191406,-0.005615632065200771,0.009411423814515985
49.9609375,957.7695922851562,29.693565368652344,-0.009395750869316544,0.007869357827988921
49.9765625,957.7626342773438,29.697662353515625,-0.016034349332585407,0.01187285563899465
49.9921875,957.7618408203124,29.693565368652344,-0.01649913827088767,0.007715121785278001
50.0078125,957.7571411132812,29.710693359375,-0.020784805354765012,0.024649025691466875
50.0234375,957.7713012695312,29.70175170898437,-0.006495261426948673,0.015584661431301328
50.0390625,957.770263671875,29.691696166992188,-0.007385732929265032,0.005485923193500497
50.0546875,957.7594604492188,29.687225341796875,-0.017833702546681707,0.0010071675450760154
50.0703125,957.776123046875,29.687599182128903,-0.0011482317480613347,0.0013702187530633125
50.0859375,957.768798828125,29.693565368652344,-0.008306972949299052,0.007279089610282341
50.1015625,957.7645263671876,29.687599182128903,-0.012333741818565613,0.001302646031476229
50.1171875,957.7589721679688,29.682388305664062,-0.017538567189035348,-0.0038776973831033956
50.1328125,957.759033203125,29.68685913085937,-0.017136173985250025,0.0005884940011711137
50.1484375,957.7686767578124,29.67865753173828,-0.007346279077182771,-0.007553627736168522
50.1640625,957.7691040039062,29.68536376953125,-0.006783895620401381,-0.000840769709267164
50.1796875,957.7698364257812,29.687599182128903,-0.005933280898830162,0.0013837472408191331
50.1953125,957.7565307617188,29.67716217041016,-0.01886318431752443,-0.008982535849188622
50.2109375,957.7567138671876,29.67716217041016,-0.01831523355861009,-0.00891235978786753
50.2265625,957.7567138671876,29.67939758300781,-0.017957514153181364,-0.006624783540296164
50.2421875,957.7581176757812,29.67716217041016,-0.016230390997861832,-0.008790975855617944
50.2578125,957.7596435546876,29.68126678466797,-0.014417314589763919,-0.004649749397824365
50.2734375,957.7645263671876,29.670455932617188,-0.009348281345864962,-0.015339815499789466
50.2890625,957.7368774414062,29.663009643554688,-0.036274605425546724,-0.022608088120396275
50.3046875,957.75390625,29.67121124267578,-0.01886990236243946,-0.014293938303996612
50.3203125,957.7388305664062,29.672691345214844,-0.03328258623048441,-0.012713727673020259
50.3359375,957.7653198242188,29.67344665527344,-0.0066606462223717244,-0.011864992476809277
50.3515625,957.7550048828124,29.665985107421875,-0.016644033182842577,-0.019175551732061535
50.3671875,957.7498168945312,29.68163299560547,-0.021405614794730354,-0.0035001036769948257
50.3828125,957.7515258789062,29.665985107421875,-0.01931193060681835,-0.018998398174176145
50.3984375,957.7615356445312,29.67344665527344,-0.009120482072034974,-0.011446718679465562
50.4140625,957.760498046875,29.67344665527344,-0.00995967973358347,-0.011357291189781904
50.4296875,957.7470092773438,29.661148071289062,-0.022990471740172325,-0.0234710636493638
50.4453125,957.7506103515624,29.668975830078125,-0.019010698351166866,-0.015521091541081944
50.4609375,957.7619018554688,29.66374969482422,-0.007568428928266258,-0.020585139085653736
50.4765625,957.7539672851562,29.66822052001953,-0.01520020628686325,-0.01598842081307339
50.4921875,957.751953125,29.665985107421875,-0.016878148348496325,-0.018081459712206538
50.5078125,957.7504272460938,29.67157745361328,-0.01804457359742173,-0.012391542321420701
50.5234375,957.7504272460938,29.67157745361328,-0.01769214051932977,-0.012294733397034463
50.5390625,957.7609252929688,29.655929565429688,-0.0070535840028469465,-0.027724319849529167
50.5546875,957.7395629882812,29.659278869628903,-0.027860890864417343,-0.024184585840547612
50.5703125,957.75341796875,29.64922332763672,-0.013732357458252409,-0.03397262683403923
50.5859375,957.7548217773438,29.64922332763672,-0.012087756894516133,-0.03370721568689916
50.6015625,957.7529296875,29.64922332763672,-0.013706802856631839,-0.03344387806434668
50.6171875,957.7658081054688,29.650711059570312,-0.0008122054955492786,-0.03170648873910764
50.6328125,957.7579956054688,29.657798767089844,-0.008456254216298476,-0.024426446991299144
50.6484375,957.765625,29.663009643554688,-0.0008107100818506296,-0.019065448881718794
50.6640625,957.7734985351562,29.654808044433597,0.0069248792722191865,-0.027054024190288573
50.6796875,957.7677001953124,29.66450500488281,0.0011045367051565336,-0.017221461680598793
50.6953125,957.7841796875,29.66151428222656,0.01724059082846452,-0.020054276646717994
50.7109375,957.7739868164062,29.663009643554688,0.00691006895863211,-0.018413923792664377
50.7265625,957.7723388671876,29.651832580566406,0.005159343963782703,-0.0293598071967196
50.7421875,957.77294921875,29.66822052001953,0.005657006160390665,-0.012870525026848156
50.7578125,957.7679443359376,29.66785430908203,0.0006393865638756324,-0.013133323964627408
50.7734375,957.7784423828124,29.66785430908203,0.010919905441824085,-0.013030719871153451
50.7890625,957.7728881835938,29.66077423095703,0.005260907273509474,-0.01995368238680939
50.8046875,957.7793579101562,29.65369415283203,0.011501519893954537,-0.026822559257812628
50.8203125,957.7786254882812,29.677536010742188,0.010558764073266502,-0.0029574146183790617
50.8359375,957.7628173828124,29.67716217041016,-0.005146815196440002,-0.0033052295211071225
50.8515625,957.7688598632812,29.66859436035156,0.0008781718100863145,-0.011780281457991038
50.8671875,957.7791137695312,29.6749267578125,0.010914654660496126,-0.005405322403323254
50.8828125,957.7686767578124,29.669715881347656,0.00046831397787627793,-0.010533259814508256
50.8984375,957.7466430664062,29.67865753173828,-0.021144178650388312,-0.0015791749752587236
50.9140625,957.7611694335938,29.670089721679688,-0.006488557332772871,-0.01006771171327614
50.9296875,957.7649536132812,29.67344665527344,-0.00265155776935444,-0.006658350165462679
50.9453125,957.7739868164062,29.69244384765625,0.006257003844780229,0.012242445012521586
50.9609375,957.7625732421876,29.670455932617188,-0.005055856108697299,-0.009669333541957315
50.9765625,957.7681884765624,29.68126678466797,0.0005484529093564561,0.0011326003954721386
50.9921875,957.7693481445312,29.672691345214844,0.0016747591423609265,-0.007384691877515337
51.0078125,957.7671508789062,29.67939758300781,-0.0005123012779222336,-0.0006731536620137035
51.0234375,957.762939453125,29.68126678466797,-0.0046314667650904084,0.0011867038731594448
51.0390625,957.7693481445312,29.67157745361328,0.0017425132224389017,-0.008436200406674033
51.0546875,957.7548217773438,29.67716217041016,-0.012534169317291344,-0.00282920639409312
51.0703125,957.7504272460938,29.68126678466797,-0.016598061884337767,0.001265443739779215
51.0859375,957.7693481445312,29.67157745361328,0.0022774686517550435,-0.00835807569525926
51.1015625,957.759033203125,29.674560546875,-0.007880490864749845,-0.005332990383276837
51.1171875,957.76318359375,29.68126678466797,-0.0036572467193991542,0.0013625189143020577
51.1328125,957.7681274414062,29.68126678466797,0.0012614720122883227,0.001351874235282935
51.1484375,957.7583618164062,29.683128356933597,-0.008338056249726833,0.0031883414501230334
51.1640625,957.7664794921876,29.67344665527344,-0.0002160761623599683,-0.0064426308333906945
51.1796875,957.7684936523438,29.67939758300781,0.0017629651657671275,-0.00048786166856018554
51.1953125,957.7581176757812,29.67344665527344,-0.008444788517863344,-0.006388486360716428
51.2109375,957.7550048828124,29.67939758300781,-0.01133184747334326,-0.000434140199580213
51.2265625,957.7635498046876,29.67121124267578,-0.002732493457529017,-0.008553133027454862
51.2421875,957.7603149414062,29.669715881347656,-0.005850806802641273,-0.009969990493427616
51.2578125,957.7545776367188,29.665985107421875,-0.011361781187588349,-0.013593727197182659
51.2734375,957.7449951171876,29.664871215820312,-0.02053523234530985,-0.014592715526880795
51.2890625,957.7516479492188,29.664871215820312,-0.01361125968298893,-0.014478709936827983
51.3046875,957.7454223632812,29.66785430908203,-0.01944940722944466,-0.011405807169836635
51.3203125,957.7500610351562,29.657798767089844,-0.014521463179562488,-0.021293682371695155
51.3359375,957.7606811523438,29.658164978027344,-0.0038251478281381424,-0.020763975563614423
51.3515625,957.765625,29.66785430908203,0.0010968502220976006,-0.010988123848701292
51.3671875,957.7464599609376,29.67344665527344,-0.01771529452696541,-0.00535362314434451
51.3828125,957.7575073242188,29.66561889648437,-0.006537698213719523,-0.01307840238705893
51.3984375,957.744873046875,29.654441833496094,-0.018797522909835607,-0.024065969552090394
51.4140625,957.7590942382812,29.663009643554688,-0.00448695002887689,-0.015377080122455311
51.4296875,957.7564086914062,29.658164978027344,-0.007032409073758572,-0.020063763261909173
51.4453125,957.7398071289062,29.66226959228516,-0.023172370566499012,-0.015834468152498005
51.4609375,957.7494506835938,29.665985107421875,-0.013264581193880076,-0.012024273695345755
51.4765625,957.7321166992188,29.66151428222656,-0.030000937335103117,-0.016366230930579206
51.4921875,957.7346801757812,29.648101806640625,-0.026901572866904644,-0.029546060371853144
51.5078125,957.7485961914062,29.651092529296875,-0.012731933077020585,-0.026347874139698746
51.5234375,957.7501220703124,29.651092529296875,-0.010987185925387166,-0.026142031372980767
51.5390625,957.7501220703124,29.651832580566406,-0.010772592450280172,-0.025203527133889736
51.5546875,957.7483520507812,29.665245056152344,-0.012297639091116253,-0.011698933957735136
51.5703125,957.7394409179688,29.6529541015625,-0.020794538077325342,-0.02380246754330173
51.5859375,957.7288208007812,29.65630340576172,-0.030801087779195768,-0.020293373005458193
51.6015625,957.7409057617188,29.66151428222656,-0.01835057748928648,-0.014964664536393002
51.6171875,957.751220703125,29.66077423095703,-0.007878690065808769,-0.015582022713687138
51.6328125,957.7498779296876,29.65704345703125,-0.009041356794114108,-0.01916191541572232
51.6484375,957.729248046875,29.664871215820312,-0.029091723208125586,-0.011245608528014372
51.6640625,957.7448120117188,29.654808044433597,-0.01326354433376764,-0.021142305071645495
51.6796875,957.7530517578124,29.659652709960938,-0.004925677180722232,-0.016170314235363747
51.6953125,957.744873046875,29.64512634277344,-0.012848443037682955,-0.0304568635992446
51.7109375,957.7476196289062,29.646240234375,-0.009904559033657279,-0.029113730028953455
51.7265625,957.7280883789062,29.66151428222656,-0.028860890888495305,-0.013731559660381976
51.7421875,957.729736328125,29.65332794189453,-0.026681438902755872,-0.021746666398719583
51.7578125,957.7288818359376,29.646240234375,-0.026998119936024523,-0.028609105372012777
51.7734375,957.7342529296876,29.6529541015625,-0.021204623330845607,-0.021724181636194828
51.7890625,957.7392578125,29.646240234375,-0.015883339336483004,-0.0282158765672591
51.8046875,957.7477416992188,29.665245056152344,-0.007254932058799568,-0.009139093424369804
51.8203125,957.7350463867188,29.64922332763672,-0.019560591344770728,-0.024964253018588067
51.8359375,957.7498779296876,29.648101806640625,-0.004636684149772918,-0.025881978905193392
51.8515625,957.7498168945312,29.65704345703125,-0.00460596697598703,-0.016807982198049132
51.8671875,957.7341918945312,29.650711059570312,-0.019835830902252383,-0.02295959544290227
51.8828125,957.73046875,29.6529541015625,-0.023098839194517495,-0.02055470537688109
51.8984375,957.7349853515624,29.66077423095703,-0.018219303303339984,-0.012635087107486953
51.9140625,957.7296752929688,29.648483276367188,-0.023069804047395337,-0.024731306996571334
51.9296875,957.7363891601562,29.648101806640625,-0.01603648496814003,-0.02491658315498313
51.9453125,957.7498168945312,29.63208770751953,-0.0025577984331448533,-0.040610911320793974
51.9609375,957.7327270507812,29.651092529296875,-0.0192638991717331,-0.02143729196889055
51.9765625,957.7353515625,29.655929565429688,-0.016314399416842207,-0.01647056633735744
51.9921875,957.7340698242188,29.64289093017578,-0.01725246313367279,-0.029278660953831803
52.0078125,957.7326049804688,29.64922332763672,-0.018351734483644577,-0.022766995809355706
52.0234375,957.7437133789062,29.65332794189453,-0.0071018646390257345,-0.018516581695671164
52.0390625,957.7337036132812,29.636558532714844,-0.016777418735387073,-0.03501031907164531
52.0546875,957.7269897460938,29.647361755371094,-0.023032471744727445,-0.024017978474649482
52.0703125,957.7269897460938,29.648483276367188,-0.022582618780916164,-0.022717578904504876
52.0859375,957.7283935546876,29.646240234375,-0.020765161550571065,-0.02476561604593641
52.1015625,957.7330322265624,29.629852294921875,-0.015811519174349087,-0.0408320433467253
52.1171875,957.726318359375,29.648101806640625,-0.0220854374093733,-0.022406105599632298
52.1328125,957.7350463867188,29.64215087890625,-0.013096523150238681,-0.02813549401108517
52.1484375,957.7264404296876,29.64215087890625,-0.02127860361531475,-0.02791568546412293
52.1640625,957.7423706054688,29.648101806640625,-0.005243966353077667,-0.021793158059985274
52.1796875,957.733154296875,29.64586639404297,-0.014177847701716928,-0.02384084744937809
52.1953125,957.743408203125,29.655929565429688,-0.0038473019702678357,-0.0136700379684207
52.2109375,957.7395629882812,29.646240234375,-0.007542272344949197,-0.023176873952614585
52.2265625,957.736083984375,29.64215087890625,-0.010806016949459263,-0.027053212004009453
52.2421875,957.7240600585938,29.63842010498047,-0.02238404541174077,-0.030543486039714907
52.2578125,957.7371826171876,29.636558532714844,-0.009080598403443219,-0.0321518937873293
52.2734375,957.7252197265624,29.63208770751953,-0.02063248338356516,-0.03633660399059124
52.2890625,957.7314453125,29.63208770751953,-0.014125512730174705,-0.03605272427191508
52.3046875,957.737060546875,29.641395568847656,-0.008344061981006234,-0.026535918702041528
52.3203125,957.7294311523438,29.64102935791016,-0.015661474939747677,-0.02669195675172986
52.3359375,957.7324829101562,29.648101806640625,-0.012363433589598571,-0.019466230614849422
52.3515625,957.7388305664062,29.63916015625,-0.005898281688473617,-0.028185944435119126
52.3671875,957.732177734375,29.63916015625,-0.012305974779906137,-0.027965741744218064
52.3828125,957.727294921875,29.64215087890625,-0.016853068778345914,-0.02477990175134437
52.3984375,957.7208862304688,29.646240234375,-0.022807428930946116,-0.020528901389759824
52.4140625,957.7330322265624,29.644386291503903,-0.010453201727159467,-0.022207978290069263
52.4296875,957.7494506835938,29.62538146972656,0.005848746411516004,-0.04089082506688513
52.4453125,957.724609375,29.62538146972656,-0.018621613702066497,-0.04057136549604934
52.4609375,957.71240234375,29.62538146972656,-0.030226522980342452,-0.04025440170311256
52.4765625,957.7277221679688,29.64586639404297,-0.014615552301393109,-0.01961502834462081
52.4921875,957.7322998046876,29.646240234375,-0.009841862543794377,-0.019090866231241677
52.5078125,957.7330322265624,29.63842010498047,-0.008931521905992668,-0.026700753472447047
52.5234375,957.7192993164062,29.64102935791016,-0.022221767373366674,-0.02390328569476452
52.5390625,957.7490234375,29.63245391845703,0.007355823374268766,-0.0322249851076748
52.5546875,957.725341796875,29.63916015625,-0.0160069536325409,-0.025319382101308463
52.5703125,957.7310180664062,29.64102935791016,-0.010128912927484635,-0.023266975906452103
52.5859375,957.742919921875,29.636558532714844,0.001738314757290027,-0.0275210995306594
52.6015625,957.7252197265624,29.64289093017578,-0.015650125075694632,-0.021023165334803195
52.6171875,957.73388671875,29.63097381591797,-0.006846743573873937,-0.032682933658296776
52.6328125,957.718505859375,29.62538146972656,-0.021793470078819155,-0.03797625422588169
52.6484375,957.7117919921876,29.646240234375,-0.027950553335244877,-0.01698375919011852
52.6640625,957.7268676757812,29.63208770751953,-0.01262340744199264,-0.030893033810855286
52.6796875,957.725341796875,29.64289093017578,-0.013872933099264628,-0.0199328595049586
52.6953125,957.7222290039062,29.628738403320312,-0.016653973605798456,-0.033819094279486706
52.7109375,957.7255859375,29.63842010498047,-0.013037332199360208,-0.02394881923949299
52.7265625,957.7266845703124,29.62538146972656,-0.011705521664566731,-0.03669849000517189
52.7421875,957.7277221679688,29.64586639404297,-0.010459566117447139,-0.016086897206818662
52.7578125,957.7267456054688,29.62798309326172,-0.011212766730409385,-0.03370480581628854
52.7734375,957.7353515625,29.63842010498047,-0.0025558954472444384,-0.023086014456151105
52.7890625,957.732177734375,29.64512634277344,-0.0056178149087600104,-0.016251809657997995
52.8046875,957.7261352539062,29.62798309326172,-0.011432555233454877,-0.03313416026995597
52.8203125,957.7120361328124,29.644012451171875,-0.025033010773995557,-0.016971171091363146
52.8359375,957.7088623046876,29.655181884765625,-0.027655924076498195,-0.005756411423412544
52.8515625,957.7199096679688,29.621658325195312,-0.016284174842326138,-0.03897309622033518
52.8671875,957.7064819335938,29.62910461425781,-0.029131598490380384,-0.031280503976919505
52.8828125,957.7225341796876,29.63581085205078,-0.012823896295003578,-0.024382279729383782
52.8984375,957.7079467773438,29.63394927978516,-0.026875921712303352,-0.02603882190129525
52.9140625,957.7071533203124,29.616065979003903,-0.02712896119010111,-0.043578981099095415
52.9296875,957.7162475585938,29.62835693359375,-0.01768248222697366,-0.031043588802145194
52.9453125,957.7047729492188,29.62127685546875,-0.028587617156631495,-0.037825825779275846
52.9609375,957.7186279296876,29.621658325195312,-0.01444488987749537,-0.03715182202105183
52.9765625,957.727294921875,29.62798309326172,-0.005665048125820249,-0.030586217595626408
52.9921875,957.7193603515624,29.629852294921875,-0.01333400089083625,-0.028492664248474853
53.0078125,957.721435546875,29.63842010498047,-0.011038907031775125,-0.019769191266522768
53.0234375,957.727294921875,29.62910461425781,-0.005078369296825258,-0.02885745791114047
53.0390625,957.7072143554688,29.621658325195312,-0.02466755024011036,-0.036020123950404326
53.0546875,957.7291259765624,29.636558532714844,-0.00270210240535107,-0.020954917083756186
53.0703125,957.7362060546876,29.634323120117188,0.004292468381549952,-0.023009155230777623
53.0859375,957.7255859375,29.62798309326172,-0.0062040619153549414,-0.029119891601197878
53.1015625,957.7243041992188,29.622398376464844,-0.007339593161532321,-0.0344334786449636
53.1171875,957.7543334960938,29.63804626464844,0.022246545437837995,-0.018638828035886235
53.1328125,957.763427734375,29.64922332763672,0.030728659037094985,-0.007403470008174651
53.1484375,957.7645874023438,29.639915466308597,0.031265508118963226,-0.016580774060230397
53.1640625,957.7568359375,29.64959716796875,0.023054784617443147,-0.006845173396950344
53.1796875,957.7579345703124,29.637680053710938,0.02368167099564289,-0.018615707282460647
53.1953125,957.7745361328124,29.650711059570312,0.039496451591389814,-0.005541070943216653
53.2109375,957.7752685546876,29.632827758789062,0.03944315328169523,-0.023241368820368535
53.2265625,957.760986328125,29.661148071289062,0.024669502369079055,0.005039264432134871
53.2421875,957.791748046875,29.651092529296875,0.05434858008163701,-0.004977087891614218
53.2578125,957.7931518554688,29.674560546875,0.05466347483411482,0.018346469298336388
53.2734375,957.776611328125,29.67083740234375,0.03737835867218564,0.014509080042344635
53.2890625,957.7988891601562,29.676422119140625,0.05849103072876005,0.019936814051412455
53.3046875,957.7964477539062,29.68126678466797,0.054954905250610864,0.024587874269546006
53.3203125,957.7841186523438,29.679031372070312,0.041793268459855426,0.022177833065079255
53.3359375,957.7966918945312,29.691329956054688,0.05330466473628803,0.034207070041254894
53.3515625,957.798095703125,29.700271606445312,0.053639948460272535,0.04281162105350589
53.3671875,957.7860717773438,29.713302612304688,0.04080320973605467,0.05540635639012237
53.3828125,957.8004760742188,29.713302612304688,0.05412923499750377,0.05497349423082554
53.3984375,957.8010864257812,29.69989013671875,0.053670454009989044,0.04123632318672321
53.4140625,957.8008422851562,29.71703338623047,0.05238283070173111,0.057923482286735606
53.4296875,957.8173828125,29.725975036621094,0.0675771987087046,0.06634274882831903
53.4453125,957.8017578125,29.73491668701172,0.05093750732771696,0.07469623985004503
53.4609375,957.813232421875,29.74012756347656,0.06119313004842297,0.07928284196867352
53.4765625,957.8070068359376,29.74869537353516,0.053893959265110425,0.08716431880831266
53.4921875,957.80419921875,29.741249084472656,0.050088561958773425,0.07909523263841933
53.5078125,957.8071899414062,29.754661560058597,0.05204257983734806,0.09178499175385824
53.5234375,957.80859375,29.76993560791016,0.05240251365705717,0.10622264085850475
53.5390625,957.820068359375,29.77552032470703,0.06262952297288393,0.11093386267369354
53.5546875,957.8169555664062,29.78111267089844,0.05835429387127533,0.11561584785834356
53.5703125,957.8243408203124,29.77925109863281,0.0644555722349196,0.11286557031464284
53.5859375,957.8240966796876,29.800865173339844,0.0629573020864882,0.13342902279494595
53.6015625,957.8264770507812,29.80681610107422,0.06406154675084963,0.13829104466580944
53.6171875,957.8270874023438,29.82246398925781,0.0634087752994219,0.1527362849365126
53.6328125,957.8121948242188,29.82246398925781,0.047568615198315456,0.1515430327104461
53.6484375,957.822021484375,29.82246398925781,0.05627427388276374,0.15035910276739628
53.6640625,957.8153076171876,29.83252716064453,0.04859243000214519,0.1591689751372911
53.6796875,957.8102416992188,29.84481811523437,0.04267638484509462,0.17012039902613907
53.6953125,957.8164672851562,29.853759765625,0.047946854165729746,0.1776631271557001
53.7109375,957.8253784179688,29.8675537109375,0.05574747942000613,0.18996131408954398
53.7265625,957.826904296875,29.86345672607422,0.05615473804641624,0.184412264154183
53.7421875,957.8234252929688,29.868667602539062,0.05164691120774023,0.18814170983294076
53.7578125,957.817138671875,29.8675537109375,0.04447434694770891,0.18556666340144545
53.7734375,957.8189086914062,29.88021850585937,0.04534115619617296,0.19668277505516585
53.7890625,957.821533203125,29.895118713378903,0.0470288384634614,0.2099299905233316
53.8046875,957.8170166015624,29.896987915039062,0.041681919773850495,0.21014451099455655
53.8203125,957.8129272460938,29.896987915039062,0.03685833453357645,0.20850275700241028
53.8359375,957.80859375,29.91114044189453,0.031889587689079235,0.22091578945273938
53.8515625,957.8255004882812,29.91523742675781,0.04784327272875544,0.22325486201667388
53.8671875,957.8192138671876,29.914871215820312,0.040744998282889355,0.2211473334926204
53.8828125,957.83203125,29.91635131835937,0.05251624083950901,0.22088815918768034
53.8984375,957.8401489257812,29.92529296875,0.05944966043671229,0.2280342641909776
53.9140625,957.8214721679688,29.937225341796875,0.039976556869874,0.23809189788443064
53.9296875,957.8313598632812,29.940200805664062,0.0488903410068815,0.23918402298793495
53.9453125,957.8323364257812,29.937965393066406,0.048892940547716535,0.23509744937160448
53.9609375,957.8314819335938,29.940940856933597,0.04710019741571614,0.2362129686041179
53.9765625,957.8237915039062,29.948028564453125,0.03864004570232282,0.2413998895914311
53.9921875,957.8226928710938,29.962181091308597,0.03680818216935222,0.25355591319341286
54.0078125,957.815673828125,29.951004028320312,0.02920732007555671,0.2404852654379006
54.0234375,957.827880859375,29.96479034423828,0.04060547727624453,0.252285084626525
54.0390625,957.8263549804688,29.961441040039062,0.03831632496428483,0.2469909696427166
54.0546875,957.8204956054688,29.97857666015625,0.03182302516029267,0.2620631007774037
54.0703125,957.8186645507812,29.96776580810547,0.029406189799487947,0.2492893405334442
54.0859375,957.8296508789062,29.987518310546875,0.03960360155872422,0.2669399535766104
54.1015625,957.8287963867188,29.983795166015625,0.03799229082881084,0.2611604277246933
54.1171875,957.819091796875,29.995346069335938,0.02773520682524122,0.2705807737712149
54.1328125,957.8320922851562,29.999435424804688,0.039940076061498075,0.27252426885527825
54.1484375,957.8282470703124,29.997581481933597,0.03538988345951566,0.26855571406243683
54.1640625,957.8409423828124,30.00726318359375,0.04714603197589895,0.2760636859122556
54.1796875,957.8290405273438,30.00316619873047,0.034555813684846726,0.26984196119703086
54.1953125,957.8385009765624,29.997947692871094,0.043156570268592986,0.26255608459283053
54.2109375,957.8477172851562,30.00390625,0.05134997107222716,0.2664168710832868
54.2265625,957.8120727539062,30.019561767578125,0.01539869295072549,0.27986869812499293
54.2421875,957.8169555664062,30.01470947265625,0.019885382297388787,0.2728678375530933
54.2578125,957.8298950195312,30.00390625,0.032183725355594106,0.26001723509296326
54.2734375,957.8311767578124,30.004653930664062,0.03281184130003112,0.25872768985267314
54.2890625,957.831787109375,30.01620483398437,0.03276941565832203,0.2681670416638191
54.3046875,957.8423461914062,30.01620483398437,0.04248223796912498,0.26607198665082166
54.3203125,957.826904296875,30.01620483398437,0.026512211730050694,0.2639932992551124
54.3359375,957.8312377929688,30.020301818847656,0.030243252592867975,0.26599582877372185
54.3515625,957.827392578125,30.02104949951172,0.025882451074380697,0.2646595757703025
54.3671875,957.8324584960938,30.01844024658203,0.03034390871027881,0.2600030546934242
54.3828125,957.8267211914062,30.020301818847656,0.024126006287929158,0.25981880956093306
54.3984375,957.8305053710938,30.027755737304688,0.027365065155549928,0.26518465983032513
54.4140625,957.8281860351562,30.022911071777344,0.024556554819241683,0.2583060880974877
54.4296875,957.835693359375,30.029991149902344,0.03143763140053579,0.2633128367988746
54.4453125,957.8363647460938,30.040054321289062,0.0314818888591617,0.27124025812164376
54.4609375,957.8522338867188,30.034461975097656,0.04642620468951009,0.26357253761828403
54.4765625,957.8289794921876,30.02924346923828,0.02271923574119228,0.2563356408857942
54.4921875,957.8283081054688,30.022911071777344,0.021617226971102355,0.2480500930855989
54.5078125,957.8369140625,30.02626037597656,0.029632887439788647,0.2494353394935267
54.5234375,957.8410034179688,30.041915893554688,0.03306360535168551,0.26301983475078217
54.5390625,957.8427124023438,30.040054321289062,0.034093437583578634,0.25911796355949335
54.5546875,957.8325805664062,30.02104949951172,0.023493601613949977,0.23823725786197514
54.5703125,957.8336791992188,30.022537231445312,0.024111917347795497,0.2378521383127925
54.5859375,957.83740234375,30.033348083496094,0.02729140832673238,0.24672031075135692
54.6015625,957.8367919921876,30.02588653564453,0.026159942374420098,0.23738955381464066
54.6171875,957.814453125,30.02178955078125,0.003746444812009031,0.23146997075642517
54.6328125,957.83740234375,30.02403259277344,0.026174263883035565,0.23188712983651882
54.6484375,957.8142700195312,30.029991149902344,0.0029825267802152666,0.2359875175360031
54.6640625,957.837646484375,30.02477264404297,0.025844167568834564,0.22896612877290323
54.6796875,957.827880859375,30.029991149902344,0.015764508534289234,0.23235506717421472
54.6953125,957.8345336914062,30.020301818847656,0.021979501882583463,0.220926160056095
54.7109375,957.8422241210938,30.01470947265625,0.02909044071907374,0.21365151844387142
54.7265625,957.8194580078124,30.038558959960938,0.006200805417392985,0.23564552914114856
54.7421875,957.8324584960938,30.03111267089844,0.018826268431212156,0.22641643351553853
54.7578125,957.8335571289062,30.02217102050781,0.01953574301626304,0.21577576138174237
54.7734375,957.8343505859376,30.03929901123047,0.01993214535923471,0.23108419154108617
54.7890625,957.8355102539062,30.033348083496094,0.020679863848840796,0.22337441018322224
54.8046875,957.8435668945312,30.029991149902344,0.028175244620797457,0.2182985900536174
54.8203125,957.8284301757812,30.033348083496094,0.012783867162397655,0.21992383986887276
54.8359375,957.8263549804688,30.03482818603516,0.010499518102847105,0.21967422410787663
54.8515625,957.8185424804688,30.033348083496094,0.002634537280528093,0.21648947999405266
54.8671875,957.8385620117188,30.03111267089844,0.022211606254586513,0.2125802074948666
54.8828125,957.8451538085938,30.02887725830078,0.02824083666223487,0.20870147618707335
54.8984375,957.8566284179688,30.02887725830078,0.03893975373182457,0.2070709959043633
54.9140625,957.8313598632812,30.037818908691406,0.013404183437955908,0.21432504749580872
54.9296875,957.8158569335938,30.03594970703125,-0.0020577551118776682,0.2107960345400599
54.9453125,957.833984375,30.03744506835937,0.015755825233895848,0.21063286933796022
54.9609375,957.837158203125,30.040054321289062,0.0185599335667348,0.21157616818743463
54.9765625,957.8325805664062,30.03185272216797,0.013709205112718337,0.2017857052455092
54.9921875,957.8348388671876,30.033348083496094,0.015655640544537164,0.2016929332410271
55.0078125,957.8318481445312,30.027755737304688,0.012417556210721159,0.19456855121329397
55.0234375,957.8411254882812,30.033714294433597,0.02127117144584645,0.19896049030828067
55.0390625,957.831298828125,30.027008056640625,0.011220985678505713,0.19075226616753227
55.0546875,957.8226318359376,30.02887725830078,0.002504110805716664,0.19111661261028345
55.0703125,957.8313598632812,30.03185272216797,0.011012760451080794,0.1925757321299919
55.0859375,957.8121948242188,30.033348083496094,-0.00799305441978504,0.19255491304047467
55.1015625,957.8287353515624,30.025146484375,0.008380530093290872,0.18291305365438504
55.1171875,957.8242797851562,30.025146484375,0.003848304240136713,0.18148404542271024
55.1328125,957.8187255859376,30.008758544921875,-0.0016725767171692496,0.16380629264169855
55.1484375,957.8292236328124,30.02104949951172,0.008653097693581913,0.17472148748754535
55.1640625,957.8373413085938,30.015464782714844,0.016443219305529055,0.1678153896696486
55.1796875,957.8287353515624,30.01434326171875,0.007684190745408159,0.16539157282454298
55.1953125,957.8194580078124,30.020301818847656,-0.0015620367349811204,0.17001145706318965
55.2109375,957.83349609375,30.01509094238281,0.012232376366682729,0.1635130760624186
55.2265625,957.8318481445312,30.01099395751953,0.010377700055187233,0.158170652986648
55.2421875,957.8282470703124,30.01099395751953,0.006644269862931651,0.15693494476019154
55.2578125,957.8190307617188,30.012107849121094,-0.0025218035992793375,0.15681407982767936
55.2734375,957.8161010742188,29.994224548339844,-0.005345016663795832,0.13784538233512933
55.2890625,957.8344116210938,30.01434326171875,0.012712297199300338,0.15673000121627112
55.3046875,957.8328857421876,30.00316619873047,0.010967933560891652,0.14441580589808467
55.3203125,957.8316040039062,30.00316619873047,0.00949701177796669,0.1432875574145065
55.3359375,957.8304443359376,30.002418518066406,0.00817450506303885,0.14142628396333023
55.3515625,957.822998046875,30.00353240966797,0.0007139930316952814,0.14142658044329082
55.3671875,957.8323364257812,29.99608612060547,0.009856036548512748,0.13293357035437836
55.3828125,957.8297729492188,30.001296997070312,0.007150127173758847,0.13706519332844636
55.3984375,957.833984375,29.99347686767578,0.011139647623849669,0.12823533687193134
55.4140625,957.817138671875,29.9822998046875,-0.005594609104605297,0.1161437561189338
55.4296875,957.8282470703124,29.9822998046875,0.005406098134926651,0.11523638302425354
55.4453125,957.843017578125,29.99161529541016,0.01978253161257726,0.12357881223326572
55.4609375,957.8372192382812,29.974853515625,0.01371106302337921,0.10598252438210665
55.4765625,957.83544921875,29.979324340820312,0.011707819986440882,0.10959043278384684
55.4921875,957.832763671875,29.979698181152344,0.0088460568397295,0.10910517723215918
55.5078125,957.8267211914062,29.96776580810547,0.002748819019984694,0.09641364165258537
55.5234375,957.8401489257812,29.962181091308597,0.015860605086459145,0.09011932388027688
55.5390625,957.826171875,29.95957946777344,0.001846766135145117,0.08683396831117562
55.5546875,957.8367919921876,29.962181091308597,0.012223389507880711,0.0887368762850329
55.5703125,957.8272705078124,29.946533203125,0.0026491335480613998,0.0725179803818925
55.5859375,957.827392578125,29.951004028320312,0.0027170787852810463,0.07638733053363467
55.6015625,957.83349609375,29.94355773925781,0.00864831717569814,0.06840243958463788
55.6171875,957.8251953125,29.93535614013672,0.0003407481146950886,0.05973052139742663
55.6328125,957.8176879882812,29.934234619140625,-0.007026603914482621,0.05815111758569813
55.6484375,957.8211669921876,29.914871215820312,-0.0034783109454110672,0.03848468524768833
55.6640625,957.81787109375,29.93572998046875,-0.006641900606041418,0.05887982919381329
55.6796875,957.8115234375,29.93163299560547,-0.012735854573747929,0.054354853359200206
55.6953125,957.8178100585938,29.930519104003903,-0.006323271888618365,0.05282501674390261
55.7109375,957.8208618164062,29.93275451660156,-0.003207617316775213,0.0546302697373271
55.7265625,957.8228759765624,29.91710662841797,-0.0011701474504661746,0.038677831697849996
55.7421875,957.8162841796876,29.934616088867188,-0.0076103438501604614,0.05574832892716941
55.7578125,957.8206787109376,29.92008209228516,-0.0031530037603033634,0.04089234537369535
55.7734375,957.8092041015624,29.91747283935547,-0.014341917566525808,0.03798400578428485
55.7890625,957.8223876953124,29.90666961669922,-0.0011357003045304737,0.02696843325984588
55.8046875,957.8212280273438,29.89996337890625,-0.0022505368615384214,0.020103897064792875
55.8203125,957.8101196289062,29.907791137695312,-0.013098018593950655,0.027713439792496075
55.8359375,957.8184204101562,29.89251708984375,-0.004703541302092162,0.01234220919139517
55.8515625,957.8086547851562,29.891021728515625,-0.014186565397722006,0.01076210686433754
55.8671875,957.8245849609376,29.898101806640625,0.0017095554933348467,0.01770279291910981
55.8828125,957.8062133789062,29.89437866210937,-0.016336596332166664,0.013870432384827325
55.8984375,957.8187866210938,29.896987915039062,-0.003689851134026867,0.01635093777299801
55.9140625,957.8270874023438,29.891395568847656,0.004520872887155747,0.01067454008486024
55.9296875,957.8190307617188,29.87834930419922,-0.003466709774215815,-0.0023531954654245624
55.9453125,957.815185546875,29.879844665527344,-0.0071691135902938186,-0.0008511323081030753
55.9609375,957.7987060546876,29.8675537109375,-0.023186718946135443,-0.013039414344056866
55.9765625,957.8140258789062,29.87611389160156,-0.007713244439855771,-0.004444239666874239
55.9921875,957.811279296875,29.87090301513672,-0.010255532985297577,-0.009579685536934335
56.0078125,957.7977905273438,29.85749053955078,-0.023280546608020813,-0.022812534864097955
56.0234375,957.7981567382812,29.86122131347656,-0.022466790051907992,-0.01893268468099052
56.0390625,957.7966918945312,29.847427368164062,-0.023464219079187387,-0.032470953196661156
56.0546875,957.7952880859376,29.84481811523437,-0.024382324007319767,-0.034806142015991526
56.0703125,957.8073120117188,29.847808837890625,-0.012117023260884707,-0.03156686139599074
56.0859375,957.8118286132812,29.840728759765625,-0.007451975962112556,-0.038345010305981475
56.1015625,957.814208984375,29.847808837890625,-0.00497255008576758,-0.03102067489831839
56.1171875,957.8026123046876,29.84146881103516,-0.016245612004126997,-0.03706882127133326
56.1328125,957.8038940429688,29.836997985839844,-0.014671610564391813,-0.04121511797862709
56.1484375,957.8143310546876,29.836631774902344,-0.0041518918368410596,-0.04125647478397099
56.1640625,957.813720703125,29.834014892578125,-0.004669230833087568,-0.04353059650578217
56.1796875,957.8104248046876,29.834014892578125,-0.007809560339410382,-0.04319051372058169
56.1953125,957.787109375,29.82284545898437,-0.03051708006557874,-0.053935260225941306
56.2109375,957.8011474609376,29.83587646484375,-0.0161571387739059,-0.04058468987932429
56.2265625,957.8074951171876,29.831787109375,-0.009617891068387507,-0.04432502936879246
56.2421875,957.8070678710938,29.82098388671875,-0.009848943077031436,-0.05469756255609681
56.2578125,957.8089599609376,29.82284545898437,-0.007801445943414365,-0.05242320911633058
56.2734375,957.7987060546876,29.810546875,-0.017702708595834338,-0.06421615409210446
56.2890625,957.7974243164062,29.810546875,-0.01861365689910599,-0.06371446538825865
56.3046875,957.8097534179688,29.812408447265625,-0.006161810115145272,-0.061369667395112515
56.3203125,957.7933349609376,29.80757141113281,-0.022139246303595428,-0.06568946365661787
56.3359375,957.8063354492188,29.807937622070312,-0.008960266654867155,-0.06481291480724494
56.3515625,957.7897338867188,29.80644989013672,-0.025062574679168392,-0.06578267293817674
56.3671875,957.7975463867188,29.810546875,-0.01691315915809355,-0.06120376863681187
56.3828125,957.806640625,29.793777465820312,-0.007666207578495232,-0.07736401236480717
56.3984375,957.8048095703124,29.790428161621094,-0.009311768862517056,-0.08008274377836955
56.4140625,957.8143310546876,29.790054321289062,0.00020561950657338457,-0.07982801704703846
56.4296875,957.8056030273438,29.791168212890625,-0.008355954559192469,-0.07809917134043332
56.4453125,957.7793579101562,29.77925109863281,-0.03392526956417896,-0.0893130333670129
56.4609375,957.7946166992188,29.77925109863281,-0.01830190080443117,-0.08861527529383295
56.4765625,957.79833984375,29.78260803222656,-0.014294014939764565,-0.08459226090555205
56.4921875,957.7882690429688,29.776275634765625,-0.023888940413939963,-0.09021430947299791
56.5078125,957.7918701171876,29.78521728515625,-0.01989161880840129,-0.08063771643329076
56.5234375,957.794677734375,29.797508239746094,-0.016750329714341206,-0.06781280276654655
56.5390625,957.789794921875,29.76993560791016,-0.021210619905446038,-0.09464023589464787
56.5546875,957.803466796875,29.76360321044922,-0.00739150379399689,-0.10018378465749933
56.5703125,957.8064575195312,29.7677001953125,-0.004314828381097868,-0.09533612167082595
56.5859375,957.8026123046876,29.75763702392578,-0.008000667380542836,-0.10457586108053363
56.6015625,957.8046875,29.772918701171875,-0.0058097401918075775,-0.08859657302323498
56.6171875,957.799560546875,29.75019073486328,-0.010723086025450357,-0.1104548163682999
56.6328125,957.7933959960938,29.776275634765625,-0.016557800150280855,-0.08371077649356451
56.6484375,957.793701171875,29.75131225585937,-0.015935190299273927,-0.10782513856075582
56.6640625,957.8014526367188,29.75131225585937,-0.008023887067679425,-0.10698275466575069
56.6796875,957.7799682617188,29.758758544921875,-0.028931928824135866,-0.09875883696572174
56.6953125,957.7808227539062,29.752052307128903,-0.027529049202371425,-0.10464112886214139
56.7109375,957.7819213867188,29.766212463378903,-0.025914197319707455,-0.08977409001360925
56.7265625,957.7864379882812,29.74012756347656,-0.020979673965030088,-0.11495384155723443
56.7421875,957.80029296875,29.744598388671875,-0.006985539326478829,-0.10961986779659227
56.7578125,957.7883911132812,29.750564575195312,-0.018518500365644286,-0.10284388688820911
56.7734375,957.7890625,29.747581481933597,-0.017498537208439302,-0.10500020686750133
56.7890625,957.7777709960938,29.752426147460938,-0.028227735624113848,-0.0993730761734426
56.8046875,957.7916870117188,29.736404418945312,-0.014032194217861615,-0.11449328277743476
56.8203125,957.7844848632812,29.740875244140625,-0.02081960940040517,-0.10916290713226218
56.8359375,957.7788696289062,29.7244873046875,-0.02591853823287238,-0.12456998059643709
56.8515625,957.8041381835938,29.72895812988281,-0.0006372885542305085,-0.11916088074955766
56.8671875,957.773193359375,29.73827362060547,-0.03096527463287657,-0.10898722291731389
56.8828125,957.7786254882812,29.72075653076172,-0.02503445147419825,-0.1255159978176188
56.8984375,957.7908325195312,29.727096557617188,-0.012576884672967026,-0.11824490868900739
56.9140625,957.7865600585938,29.70734405517578,-0.01652025682903968,-0.1369193063559564
56.9296875,957.770263671875,29.72895812988281,-0.03217569347850713,-0.11440440952667075
56.9453125,957.7695922851562,29.72895812988281,-0.032205535662114926,-0.11351062507724308
56.9609375,957.7910766601562,29.704360961914062,-0.01051176299290546,-0.13702882591281806
56.9765625,957.7718505859376,29.711448669433597,-0.029157020078514506,-0.12892595340583668
56.9921875,957.7677001953124,29.7032470703125,-0.032656875338489044,-0.1360562435228161
57.0078125,957.7716674804688,29.70957946777344,-0.028129246623848303,-0.1287103785145156
57.0234375,957.7797241210938,29.69541931152344,-0.01968056291298126,-0.14175435871166897
57.0390625,957.7905883789062,29.710693359375,-0.008644111641501695,-0.1254921834315148
57.0546875,957.7848510742188,29.69580078125,-0.014100529291340536,-0.13928800560685417
57.0703125,957.7677612304688,29.68983459472656,-0.030581186067820454,-0.14411939375427707
57.0859375,957.770263671875,29.69541931152344,-0.0275303316799409,-0.13745237479366423
57.1015625,957.7807006835938,29.69541931152344,-0.016759466055646044,-0.13637852811558915
57.1171875,957.7727661132812,29.693565368652344,-0.024211730970364442,-0.13715252980710346
57.1328125,957.7657470703124,29.68909454345703,-0.030620797885717366,-0.1405169225414582
57.1484375,957.7621459960938,29.70548248291016,-0.03355347616479776,-0.12315922540795299
57.1640625,957.7719116210938,29.691696166992188,-0.02332324469671221,-0.13587565428431603
57.1796875,957.7704467773438,29.676795959472656,-0.024303946094278217,-0.14959792538350314
57.1953125,957.7743530273438,29.676422119140625,-0.01999930359238533,-0.14880011129588055
57.2109375,957.768798828125,29.691696166992188,-0.02505441095934202,-0.13248289107366062
57.2265625,957.7704467773438,29.690208435058597,-0.022949304284679783,-0.13292397751500573
57.2421875,957.76904296875,29.676422119140625,-0.023877466142494086,-0.1455641192655328
57.2578125,957.7601928710938,29.687599182128903,-0.03208835356826967,-0.13333715740008856
57.2734375,957.7491455078124,29.687599182128903,-0.04229322237995348,-0.13229546085790034
57.2890625,957.7565307617188,29.67865753173828,-0.03422617221428936,-0.14013369631689443
57.3046875,957.7525024414062,29.687599182128903,-0.0375073344696375,-0.1301671080674751
57.3203125,957.75341796875,29.670455932617188,-0.03587712339299287,-0.14615949541060402
57.3359375,957.7516479492188,29.676795959472656,-0.036911847163992206,-0.13872712895704709
57.3515625,957.7578125,29.672691345214844,-0.030146763250286313,-0.14171587022099175
57.3671875,957.7548828125,29.67939758300781,-0.032430426321525374,-0.13395486967468173
57.3828125,957.7678833007812,29.66785430908203,-0.01905044706290937,-0.14436143935358103
57.3984375,957.760498046875,29.67121124267578,-0.02591937868464811,-0.13990290805858407
57.4140625,957.7670288085938,29.672325134277344,-0.019009933040820215,-0.13770472726595173
57.4296875,957.7567749023438,29.67344665527344,-0.02869227992971446,-0.13551614997087214
57.4453125,957.7684936523438,29.67344665527344,-0.016642015673255628,-0.13445743004922406
57.4609375,957.7715454101562,29.67939758300781,-0.013324823136940722,-0.1275025452655214
57.4765625,957.7691040039062,29.68126678466797,-0.015458295219218599,-0.12465183310844452
57.4921875,957.7743530273438,29.68126678466797,-0.010009871942202153,-0.12367799066228358
57.5078125,957.76513671875,29.68126678466797,-0.0188506691973771,-0.12271175636023557
57.5234375,957.7559204101562,29.67939758300781,-0.027518794631191668,-0.12360766928586031
57.5390625,957.7581176757812,29.677536010742188,-0.024826967892749963,-0.12448901310186145
57.5546875,957.7615356445312,29.67121124267578,-0.02099085462828043,-0.12979179850288958
57.5703125,957.7651977539062,29.67344665527344,-0.016990293197522988,-0.12655985164034433
57.5859375,957.75927734375,29.66859436035156,-0.022463228678930136,-0.13038548916721027
57.6015625,957.7618408203124,29.66151428222656,-0.01951108508296784,-0.13639161754774065
57.6171875,957.7672729492188,29.67344665527344,-0.013803976563735887,-0.12348690665319495
57.6328125,957.7684936523438,29.66151428222656,-0.012337506379367369,-0.13436131657741868
57.6484375,957.7807006835938,29.648101806640625,-0.00012792678694495407,-0.14661930941207757
57.6640625,957.7534790039062,29.663009643554688,-0.026815434472950983,-0.1306824766191248
57.6796875,957.7403564453124,29.664871215820312,-0.03915795413968226,-0.1278144910382366
57.6953125,957.7565307617188,29.68126678466797,-0.02253473855887478,-0.11054846186096512
57.7109375,957.7509155273438,29.66151428222656,-0.027600168775052225,-0.1292829880187618
57.7265625,957.7493286132812,29.66077423095703,-0.028617022625894606,-0.12900723429385152
57.7421875,957.7444458007812,29.663009643554688,-0.032845541471147044,-0.12578141683919242
57.7578125,957.7587890625,29.665985107421875,-0.018140907100928416,-0.12184653146440994
57.7734375,957.756591796875,29.66151428222656,-0.019940942789844485,-0.12533050231082044
57.7890625,957.7659912109376,29.66450500488281,-0.010335639494314819,-0.12138400012601736
57.8046875,957.7503662109376,29.651092529296875,-0.025453595754242997,-0.1337433782454518
57.8203125,957.7415161132812,29.655929565429688,-0.033633699398706085,-0.12789926131488372
57.8359375,957.7531127929688,29.654067993164062,-0.02160660917002133,-0.12874707706816224
57.8515625,957.744873046875,29.664871215820312,-0.02926341863746984,-0.11702241804932001
57.8671875,957.7583618164062,29.66151428222656,-0.015466550490828013,-0.11943888795836344
57.8828125,957.7525024414062,29.650711059570312,-0.02090940350853998,-0.1292245941254322
57.8984375,957.7335205078124,29.646240234375,-0.039112209424615685,-0.1326509238573017
57.9140625,957.7612915039062,29.63804626464844,-0.011119705257897294,-0.13974454285273552
57.9296875,957.7487182617188,29.66226959228516,-0.02323019456559905,-0.11461870572214039
57.9453125,957.7494506835938,29.66151428222656,-0.022058363067685605,-0.11447265628245518
57.9609375,957.7377319335938,29.6529541015625,-0.03311740382810058,-0.1220716429078692
57.9765625,957.7484741210938,29.659652709960938,-0.02193820038417016,-0.11447168267732621
57.9921875,957.751708984375,29.64215087890625,-0.01833803755016561,-0.13094247065598097
58.0078125,957.7516479492188,29.651832580566406,-0.018039715817621982,-0.12031341923804462
58.0234375,957.7373046875,29.654067993164062,-0.03175049750632297,-0.11715552221351189
58.0390625,957.7394409179688,29.654067993164062,-0.029035863384478944,-0.1162402446962183
58.0546875,957.7406616210938,29.663009643554688,-0.02727189541064945,-0.10646032403758099
58.0703125,957.7453002929688,29.655929565429688,-0.02219116838841728,-0.11265336777068669
58.0859375,957.7352294921876,29.665985107421875,-0.03163185258415524,-0.10179628026460463
58.1015625,957.7498168945312,29.651092529296875,-0.016711550821810306,-0.11577722668343426
58.1171875,957.731689453125,29.655929565429688,-0.0341585431610838,-0.1100734703119457
58.1328125,957.7291259765624,29.663009643554688,-0.036004792775997885,-0.10218875631048618
58.1484375,957.7299194335938,29.661895751953125,-0.03452361434335671,-0.10249559597523472
58.1640625,957.7452392578124,29.64550018310547,-0.01882871609882386,-0.11796232759771286
58.1796875,957.7562255859376,29.66151428222656,-0.007689216333460536,-0.10115175794165054
58.1953125,957.740234375,29.665985107421875,-0.023217918925979575,-0.0959256129592525
58.2109375,957.7406616210938,29.65369415283203,-0.02234554250344445,-0.10737112561512063
58.2265625,957.7417602539062,29.675308227539062,-0.020831930985991676,-0.08508707394787152
58.2421875,957.7528076171876,29.665245056152344,-0.009593462866632763,-0.09440688404291464
58.2578125,957.751708984375,29.66077423095703,-0.010483265685479637,-0.09810522713480196
58.2734375,957.7401123046876,29.646240234375,-0.021648696439797277,-0.11175922978154418
58.2890625,957.7434692382812,29.659652709960938,-0.0179345018531194,-0.0975784201784542
58.3046875,957.7578125,29.657798767089844,-0.0035210987255140935,-0.09865554771322493
58.3203125,957.7508544921876,29.66151428222656,-0.010274436488316496,-0.09419831357200437
58.3359375,957.73583984375,29.654067993164062,-0.0247951574859826,-0.10085050417641739
58.3515625,957.7430419921876,29.654067993164062,-0.0172493955903974,-0.10006260961253943
58.3671875,957.7442626953124,29.64997100830078,-0.01571563206596238,-0.10334584764397903
58.3828125,957.7487182617188,29.64512634277344,-0.011040142502224626,-0.10734527478716771
58.3984375,957.72802734375,29.64997100830078,-0.031111313196106494,-0.10169982324998372
58.4140625,957.7389526367188,29.64215087890625,-0.01979176201973587,-0.10866432801448056
58.4296875,957.7294921875,29.64215087890625,-0.02868087898775684,-0.10781538795186663
58.4453125,957.7313232421876,29.643630981445312,-0.026325413669269437,-0.10550454099551487
58.4609375,957.7383422851562,29.64586639404297,-0.01892929314783487,-0.10246233833225205
58.4765625,957.7581176757812,29.6529541015625,0.0008295721357853836,-0.09462951650949591
58.4921875,957.7392578125,29.644012451171875,-0.01767813702156218,-0.1027620171587138
58.5078125,957.7314453125,29.651092529296875,-0.024992773017288528,-0.0949344238850145
58.5234375,957.7366333007812,29.64102935791016,-0.01941797253414279,-0.10417730155866778
58.5390625,957.7355346679688,29.641395568847656,-0.020115890398415104,-0.10300006647569404
58.5546875,957.7275390625,29.648483276367188,-0.027562443213469123,-0.09516304365181938
58.5703125,957.7332763671876,29.64922332763672,-0.02139886628901877,-0.09368531275430314
58.5859375,957.7437133789062,29.6529541015625,-0.010747755848342422,-0.0892517689939254
58.6015625,957.7208251953124,29.648483276367188,-0.0329789874999733,-0.09299038642213375
58.6171875,957.7332763671876,29.63916015625,-0.020126881725786916,-0.10151418226948294
58.6328125,957.727294921875,29.636558532714844,-0.025598398775969144,-0.10330240107179023
58.6484375,957.72216796875,29.63916015625,-0.030125247371643127,-0.09991405271212983
58.6640625,957.72607421875,29.622398376464844,-0.025706907579206018,-0.11576430255590253
58.6796875,957.7291259765624,29.63394927978516,-0.022212666372979584,-0.1033992320540591
58.6953125,957.7360229492188,29.63394927978516,-0.015016559073728786,-0.1025914255536371
58.7109375,957.7372436523438,29.636558532714844,-0.013526405637207972,-0.0992010619003274
58.7265625,957.7350463867188,29.64550018310547,-0.015416568307841771,-0.08955425985728382
58.7421875,957.7372436523438,29.64512634277344,-0.012961113177311745,-0.08922553690658219
58.7578125,957.7384643554688,29.63954162597656,-0.011511105168438007,-0.09406954859640493
58.7734375,957.7322387695312,29.63916015625,-0.017390271357726306,-0.09371311974231489
58.7890625,957.722412109375,29.641395568847656,-0.026685350820343956,-0.09076303755758985
58.8046875,957.726318359375,29.62910461425781,-0.02233419650747237,-0.1022488828337842
58.8203125,957.7280883789062,29.64885711669922,-0.0201625328946875,-0.08185187742055788
58.8359375,957.7319946289062,29.64102935791016,-0.015938777369456147,-0.08897901405173059
58.8515625,957.75341796875,29.634323120117188,0.005377442113513098,-0.09493771081466562
58.8671875,957.7422485351562,29.64215087890625,-0.0056788666466900395,-0.08642940552540423
58.8828125,957.7264404296876,29.63842010498047,-0.02106730469120066,-0.08945580304922274
58.8984375,957.732177734375,29.64102935791016,-0.015030585941190111,-0.08616806144672395
58.9140625,957.726318359375,29.63804626464844,-0.02048195389158991,-0.08845466131228363
58.9296875,957.7321166992188,29.629852294921875,-0.014396824710956935,-0.09589356360885759
58.9453125,957.726318359375,29.64289093017578,-0.019800727746996927,-0.08220762422717698
58.9609375,957.7431030273438,29.64289093017578,-0.002957152360750115,-0.08156537716290302
58.9765625,957.713623046875,29.636558532714844,-0.031803595078940816,-0.0872110732595921
58.9921875,957.7306518554688,29.63134002685547,-0.014486216436694122,-0.09170747303210192
59.0078125,957.7172241210938,29.64289093017578,-0.027368756459850374,-0.07953034651091428
59.0234375,957.7313842773438,29.62538146972656,-0.012950619737011948,-0.09628168346825916
59.0390625,957.7294921875,29.63842010498047,-0.014552812909300883,-0.08259271190017614
59.0546875,957.7205200195312,29.63842010498047,-0.02306550859532308,-0.08194745633845457
59.0703125,957.72607421875,29.63842010498047,-0.017169291615346083,-0.08130724183580895
59.0859375,957.7162475585938,29.63916015625,-0.02646868708859529,-0.07993775938997771
59.1015625,957.7365112304688,29.64215087890625,-0.006083823510152797,-0.07634588800924647
59.1171875,957.7177734375,29.64215087890625,-0.024336819282098077,-0.07574943575917459
59.1328125,957.7491455078124,29.64289093017578,0.006897843783576718,-0.0744233736733193
59.1484375,957.7313842773438,29.63916015625,-0.010651211163917651,-0.07754356832098352
59.1640625,957.732177734375,29.626502990722656,-0.00966521987231772,-0.08949604061513838
59.1796875,957.7308349609376,29.634689331054688,-0.010792993440418286,-0.08067446824964364
59.1953125,957.7317504882812,29.627243041992188,-0.009684546837092967,-0.08743231389564343
59.2109375,957.7296752929688,29.62538146972656,-0.01153005968569687,-0.08859627767563794
59.2265625,957.724609375,29.637680053710938,-0.016271837465865246,-0.07570161795929664
59.2421875,957.6995239257812,29.62538146972656,-0.040549527179109646,-0.0873127003659917
59.2578125,957.7172241210938,29.63134002685547,-0.022403055853601472,-0.08071856399304167
59.2734375,957.7369384765624,29.63618469238281,-0.00263618670555843,-0.07528113363393985
59.2890625,957.7374877929688,29.622398376464844,-0.0020461111137137777,-0.088371610102282
59.3046875,957.7076416015624,29.63208770751953,-0.03126940598644978,-0.07806757374253692
59.3203125,957.7155151367188,29.64289093017578,-0.022938920227943527,-0.06673884834342658
59.3359375,957.7296142578124,29.626502990722656,-0.008667146807511017,-0.08247735976689086
59.3515625,957.7247314453124,29.626502990722656,-0.013285311664731125,-0.08183300539371174
59.3671875,957.7258911132812,29.626129150390625,-0.01188881471739478,-0.08156460474351235
59.3828125,957.7363891601562,29.63021850585937,-0.0013636044079703424,-0.07686997388980643
59.3984375,957.7171630859376,29.63134002685547,-0.020187536465982703,-0.07515666810547827
59.4140625,957.725830078125,29.63245391845703,-0.011295533648194578,-0.07346431731247804
59.4296875,957.703857421875,29.63208770751953,-0.03261842056429032,-0.07325372724802648
59.4453125,957.730224609375,29.636558532714844,-0.006129138668484302,-0.06824553563042812
59.4609375,957.7306518554688,29.64102935791016,-0.005590527485423991,-0.06327647050983742
59.4765625,957.7330932617188,29.64289093017578,-0.0030876149612595327,-0.06093509435168443
59.4921875,957.7271728515624,29.636558532714844,-0.008832087127075283,-0.06674196453283443
59.5078125,957.7484741210938,29.63134002685547,0.012225643685496834,-0.07139827921727004
59.5234375,957.7216186523438,29.621658325195312,-0.014344086293704095,-0.08044654352682201
59.5390625,957.7243041992188,29.634689331054688,-0.011430833570670984,-0.066888853779421
59.5546875,957.7255859375,29.63916015625,-0.009950870772058806,-0.06193038773579573
59.5703125,957.72607421875,29.62686920166016,-0.009277773320491178,-0.07364148808871818
59.5859375,957.7125854492188,29.63208770751953,-0.02232188381162814,-0.06788842768067838
59.6015625,957.7266235351562,29.63021850585937,-0.008122004946926609,-0.06921264786161174
59.6171875,957.7313232421876,29.622398376464844,-0.003355456159397363,-0.07643095868382588
59.6328125,957.7243041992188,29.633209228515625,-0.010171872192131559,-0.0651074495499735
59.6484375,957.7247924804688,29.644012451171875,-0.009494458306562592,-0.05387997512111653
59.6640625,957.71435546875,29.62538146972656,-0.019542183501357613,-0.071944464718257
59.6796875,957.725830078125,29.63916015625,-0.007910004319228392,-0.057711358052667805
59.6953125,957.722412109375,29.63134002685547,-0.01110672359527598,-0.0650195227015189
59.7109375,957.7252807617188,29.64215087890625,-0.008077171422428364,-0.05378516541127709
59.7265625,957.725830078125,29.640281677246094,-0.007380826597909618,-0.05521956732868816
59.7421875,957.7115478515624,29.63097381591797,-0.021239946653508923,-0.06402330812043289
59.7578125,957.7264404296876,29.626502990722656,-0.006223396486689126,-0.06795902289921685
59.7734375,957.6982421875,29.63916015625,-0.03374934104397198,-0.05486981161115523
59.7890625,957.7125854492188,29.6246337890625,-0.019027054338380367,-0.06885402115178962
59.8046875,957.7276611328124,29.626129150390625,-0.0038741955348768897,-0.06683242029379244
59.8203125,957.7069091796876,29.634689331054688,-0.02414516919361631,-0.05781698775762223
59.8359375,957.721923828125,29.61792755126953,-0.008952190272680127,-0.07399612092135044
59.8515625,957.7060546875,29.63097381591797,-0.02433653927857904,-0.060473685520779696
59.8671875,957.7203979492188,29.628738403320312,-0.00979809635748552,-0.06221918328938614
59.8828125,957.7280883789062,29.628738403320312,-0.002066501305307611,-0.06173309591993714
59.8984375,957.7114868164062,29.622398376464844,-0.01830345318410309,-0.06754130150372362
59.9140625,957.7243041992188,29.627243041992188,-0.0053789205596785905,-0.06220681850781418
59.9296875,957.7247924804688,29.64289093017578,-0.004795119010623239,-0.046195188681060984
59.9453125,957.7265625,29.63134002685547,-0.002966015505194264,-0.0572949506576137
59.9609375,957.7197265625,29.629852294921875,-0.009610508610535362,-0.05832344288346292
59.9765625,957.7282104492188,29.6246337890625,-0.001104617557984966,-0.06304552726828305
59.9921875,957.7306518554688,29.626502990722656,0.0013106795378234892,-0.06069838556431506
60.0078125,957.7112426757812,29.63208770751953,-0.01774501381862592,-0.05468309323019582
60.0234375,957.725341796875,29.63954162597656,-0.003574683882561658,-0.04686019684525178
60.0390625,957.7261352539062,29.63394927978516,-0.0027269060143453316,-0.05204275754417864
60.0546875,957.712646484375,29.626129150390625,-0.01589896313259942,-0.05939520813450372
60.0703125,957.7296142578124,29.629852294921875,0.0010479351035428408,-0.05523712560635374
60.0859375,957.7196044921876,29.62538146972656,-0.008786794768866457,-0.059241482436032555
60.1015625,957.7191162109376,29.621658325195312,-0.009093922190345438,-0.06247271581909786
60.1171875,957.71875,29.626502990722656,-0.00927536490280545,-0.05717783114884867
60.1328125,957.7247314453124,29.6246337890625,-0.003229585223380127,-0.05858572786518579
60.1484375,957.716552734375,29.629852294921875,-0.011185477876324512,-0.052950290583890336
60.1640625,957.72998046875,29.64289093017578,0.0021984624264632657,-0.039599845522719335
60.1796875,957.7210083007812,29.63842010498047,-0.006641406605922384,-0.04372636860304624
60.1953125,957.727294921875,29.63134002685547,-0.00034785610762355645,-0.050409521362983156
60.2109375,957.7074584960938,29.6246337890625,-0.019790057633258584,-0.056669542287547614
60.2265625,957.7294311523438,29.6246337890625,0.002139969737527281,-0.056226811488425454
60.2421875,957.7208862304688,29.6171875,-0.006279855415982638,-0.06317565445286988
60.2578125,957.7373046875,29.62388610839844,0.009940582052422542,-0.056035819132127074
60.2734375,957.7207641601562,29.633209228515625,-0.006471040109886417,-0.04634775605389052
60.2890625,957.7125854492188,29.63842010498047,-0.01436362309721062,-0.0408154977172579
60.3046875,957.7236328125,29.621658325195312,-0.003251489116451012,-0.057127455021927176
60.3203125,957.7162475585938,29.607498168945312,-0.010428994135509129,-0.07073067680886425
60.3359375,957.7276611328124,29.62127685546875,0.0009653500034119133,-0.05650705286132052
60.3515625,957.7113037109376,29.6171875,-0.015091445467646736,-0.06012299888999095
60.3671875,957.7213134765624,29.62910461425781,-0.004982428283483387,-0.04782927615849175
60.3828125,957.7249755859376,29.6246337890625,-0.0012945314296075594,-0.05189150681197319
60.3984375,957.7171630859376,29.639915466308597,-0.008929159722015356,-0.036323815272393034
60.4140625,957.7132568359376,29.63097381591797,-0.012584718125935979,-0.04491182921253056
60.4296875,957.71240234375,29.63208770751953,-0.01317672573713935,-0.04345576622338143
60.4453125,957.7388916015624,29.63134002685547,0.013052521683107443,-0.04385810745863594
60.4609375,957.71240234375,29.62686920166016,-0.013174299876709483,-0.047951362867586056
60.4765625,957.70703125,29.621658325195312,-0.018183178907406727,-0.05274690933764958
60.4921875,957.700927734375,29.634689331054688,-0.023812345029796234,-0.03940562298235051
60.5078125,957.7305297851562,29.62686920166016,0.0056766255610227745,-0.04685680118643276
60.5234375,957.7192993164062,29.63021850585937,-0.005445369689141444,-0.04316759466700759
60.5390625,957.7073974609376,29.63842010498047,-0.017008412166433118,-0.03469282370570781
60.5546875,957.7308959960938,29.62538146972656,0.006363362775005044,-0.04735855693649427
60.5703125,957.703125,29.626129150390625,-0.02098951548043715,-0.0462467288015489
60.5859375,957.7308349609376,29.626502990722656,0.00658918675685527,-0.045514506528348875
60.6015625,957.7247314453124,29.62538146972656,0.00047618536734717054,-0.0462716835594108
60.6171875,957.7307739257812,29.63097381591797,0.006391348144120457,-0.040361530044812355
60.6328125,957.7294921875,29.63916015625,0.005009812795265134,-0.031923821043150724
60.6484375,957.748779296875,29.64215087890625,0.023822372909080514,-0.02870705855575295
60.6640625,957.7338256835938,29.64251708984375,0.008695541666384088,-0.028119434746233907
60.6796875,957.7571411132812,29.64922332763672,0.03138575706964275,-0.02124590635206758
60.6953125,957.7658081054688,29.648483276367188,0.03927046899821107,-0.02181419232768178
60.7109375,957.756591796875,29.64215087890625,0.02946716508404279,-0.02792669455589447
60.7265625,957.7608642578124,29.6529541015625,0.03308064895065854,-0.016989694775428887
60.7421875,957.7723999023438,29.646240234375,0.04374488149994704,-0.023518377885093145
60.7578125,957.7778930664062,29.661148071289062,0.04827636498509946,-0.008543271119695106
60.7734375,957.7752075195312,29.658164978027344,0.044700372443912784,-0.011436314659682978
60.7890625,957.7816162109376,29.67344665527344,0.050110839946910346,0.003815320691206381
60.8046875,957.7863159179688,29.67157745361328,0.05374002848236614,0.001930914976117748
60.8203125,957.7793579101562,29.67157745361328,0.0458683093286254,0.0019158297028667448
60.8359375,957.7843017578124,29.67344665527344,0.049819732043602016,0.0037554608055039296
60.8515625,957.8029174804688,29.67939758300781,0.067098824725349,0.00963055737940266
60.8671875,957.7966918945312,29.68275451660156,0.059684308342752956,0.012886026199925738
60.8828125,957.7958984375,29.687599182128903,0.05774063937178653,0.01759217069815122
60.8984375,957.7964477539062,29.693565368652344,0.057151480079255634,0.02337430755579817
60.9140625,957.8013916015624,29.697662353515625,0.060882528365596045,0.027256672947054028
60.9296875,957.7852172851562,29.69654083251953,0.04383500469464252,0.02593097107634179
60.9453125,957.7986450195312,29.711814880371094,0.0561443261972272,0.04088310471752976
60.9609375,957.8058471679688,29.72895812988281,0.062109238802008804,0.05757302333682901
60.9765625,957.825439453125,29.741989135742188,0.08010579106849036,0.07005243521811266
60.9921875,957.803466796875,29.74945068359375,0.056997722029109354,0.07690840507694219
61.0078125,957.8098754882812,29.762481689453125,0.062168006923002395,0.08923675928837582
61.0234375,957.823486328125,29.765464782714844,0.07429879116580196,0.09149938495204779
61.0390625,957.8239135742188,29.790054321289062,0.07326654434427837,0.1151819788112185
61.0546875,957.8264770507812,29.790428161621094,0.07434896581094108,0.11465303930619442
61.0703125,957.7952270507812,29.79527282714844,0.042257189134943474,0.11856412901452984
61.0859375,957.8184814453124,29.80160522460937,0.06423206054762431,0.12392077236237142
61.1015625,957.8026123046876,29.80943298339844,0.047418331643143574,0.1307192457518198
61.1171875,957.8285522460938,29.82582092285156,0.07192549427873018,0.14595791032052574
61.1328125,957.8303833007812,29.833274841308597,0.07231599136923705,0.15221329886523804
61.1484375,957.8072509765624,29.84593963623047,0.04822304865137994,0.16358998367939748
61.1640625,957.821533203125,29.85189819335937,0.06128446905745477,0.1682239428332366
61.1796875,957.8331909179688,29.85711669921875,0.0715175318719048,0.1720874295622039
61.1953125,957.8140258789062,29.87164306640625,0.051329983184245975,0.18515587646259846
61.2109375,957.8187255859376,29.895118713378903,0.05493536032861357,0.20700158965841453
61.2265625,957.81640625,29.89437866210937,0.05158836766463537,0.20465012012022044
61.2421875,957.8255004882812,29.897727966308597,0.05949739879849858,0.20637442881695023
61.2578125,957.821533203125,29.91523742675781,0.05444554111022626,0.22213479638126898
61.2734375,957.8192138671876,29.93275451660156,0.051108115228089446,0.23777960586388502
61.2890625,957.8130493164062,29.93647003173828,0.04406576045357724,0.23960844036778894
61.3046875,957.8245239257812,29.93163299560547,0.054455596980346854,0.2329372526393918
61.3203125,957.823974609375,29.955108642578125,0.052853423531587396,0.2544096738338304
61.3359375,957.822265625,29.962928771972656,0.05014552432930941,0.26018113289064004
61.3515625,957.837158203125,29.95957946777344,0.06376782701579486,0.2548253300297745
61.3671875,957.833740234375,29.979698181152344,0.05917115009651752,0.2727960430695475
61.3828125,957.8279418945312,29.990875244140625,0.05233037255254658,0.28175456616675376
61.3984375,957.8322143554688,29.99571228027344,0.055497309398447214,0.28435260540660323
61.4140625,957.8278198242188,30.00316619873047,0.05010467701276866,0.289526785395946
61.4296875,957.8255004882812,30.00353240966797,0.04685203363237633,0.2876282072995906
61.4453125,957.8287353515624,30.00390625,0.04910863720817815,0.28575203163449814
61.4609375,957.83544921875,30.02328491210937,0.05473222110686038,0.3027468601989973
61.4765625,957.807373046875,30.017318725585938,0.026135423270261526,0.2944620746624729
61.4921875,957.8270263671876,30.02217102050781,0.044894432184719335,0.29697597607196613
61.5078125,957.8201904296876,30.02178955078125,0.037315164710435056,0.29427736176458197
61.5234375,957.823974609375,30.03893280029297,0.04029662282755453,0.3089876377507039
61.5390625,957.8392944335938,30.048995971679688,0.054530188314970474,0.3165582246910361
61.5546875,957.8385009765624,30.04414367675781,0.052687185750755816,0.30927072719283544
61.5703125,957.831787109375,30.055702209472656,0.04507540218514805,0.3183227813146523
61.5859375,957.8312377929688,30.06501007080078,0.0436564356659801,0.3250710282471303
61.6015625,957.837158203125,30.05830383300781,0.04860854805224335,0.3158775655287336
61.6171875,957.8345947265624,30.065757751464844,0.04514575368705209,0.320805456767129
61.6328125,957.8322143554688,30.07209014892578,0.041930121214591054,0.3245820897419094
61.6484375,957.8330078125,30.08140563964844,0.04188913335826783,0.3312890056171902
61.6640625,957.8328857421876,30.07879638671875,0.040951300095798615,0.3261119421196277
61.6796875,957.8368530273438,30.07879638671875,0.044041269133686,0.3235641925718191
61.6953125,957.8533935546876,30.10041046142578,0.05939855826511575,0.34248156206573555
61.7109375,957.8359985351562,30.101890563964844,0.041183157117870905,0.3412744641000742
61.7265625,957.8460083007812,30.094070434570312,0.050193060970514125,0.3308492227156563
61.7421875,957.8439331054688,30.094070434570312,0.047178063594401465,0.32826446316319036
61.7578125,957.8285522460938,30.094070434570312,0.031176165074498385,0.32569989704472846
61.7734375,957.8285522460938,30.1041259765625,0.030567255600431054,0.33313234966944094
61.7890625,957.849365234375,30.1041259765625,0.05037672349340028,0.33052975318764766
61.8046875,957.8432006835938,30.109718322753903,0.04334865371390606,0.33349614547765327
61.8203125,957.8320922851562,30.120895385742188,0.03161056279054719,0.34198044902479907
61.8359375,957.8438110351562,30.130210876464844,0.04248303715007751,0.3485514402181771
61.8515625,957.8441772460938,30.133560180664062,0.04201234871084125,0.3491515198516346
61.8671875,957.839599609375,30.1324462890625,0.03670356527345575,0.3453185842793687
61.8828125,957.832763671875,30.12983703613281,0.02928427566848768,0.3400319146985069
61.8984375,957.838623046875,30.14399719238281,0.034457251241406084,0.3514249453942213
61.9140625,957.8271484375,30.15293884277344,0.02253376214241598,0.35755123175528425
61.9296875,957.8466186523438,30.148468017578125,0.04118358681068912,0.3503219658837189
61.9453125,957.8276977539062,30.148094177246094,0.021827870240940683,0.34721415582081505
61.9609375,957.8399658203124,30.14362335205078,0.03343000038444188,0.3400656483549902
61.9765625,957.8395385742188,30.147720336914062,0.0323581692460948,0.3414738626462537
61.9921875,957.8338012695312,30.151824951171875,0.026100925797663876,0.34287864505325416
62.0078125,957.8477172851562,30.14735412597656,0.0392353605354856,0.3357640087652989
62.0234375,957.8441772460938,30.16150665283203,0.03499814722545125,0.34718281268623485
62.0390625,957.8444213867188,30.153305053710938,0.034553961915889886,0.3363329228341634
62.0546875,957.826904296875,30.151824951171875,0.016704120664485345,0.33223678263654577
62.0703125,957.828125,30.158531188964844,0.01757472957490336,0.3362950280824073
62.0859375,957.8423461914062,30.15777587890625,0.031174906899536836,0.33291831397675153
62.1015625,957.8244018554688,30.14288330078125,0.012972161372886148,0.31554115979040986
62.1171875,957.8302001953124,30.148094177246094,0.018403889864657685,0.3182461609720093
62.1328125,957.8344116210938,30.151824951171875,0.02217361026225717,0.3194614900939001
62.1484375,957.8335571289062,30.155914306640625,0.020902729049907975,0.32102310458169114
62.1640625,957.8383178710938,30.147720336914062,0.025162231564763715,0.3103851572390717
62.1796875,957.8478393554688,30.145484924316406,0.03400629961276991,0.30574232476140395
62.1953125,957.8397216796876,30.14585876464844,0.025382986647400685,0.3037246325536458
62.2109375,957.83544921875,30.1324462890625,0.020698210754517277,0.2880440932413961
62.2265625,957.8272705078124,30.1253662109375,0.012274978336108688,0.27876898374830006
62.2421875,957.8319091796876,30.1253662109375,0.01658330548059439,0.27659110106276685
62.2578125,957.8448486328124,30.1253662109375,0.028946142226345728,0.2744302330857131
62.2734375,957.8448486328124,30.11605834960937,0.028380787886021608,0.26305110322822856
62.2890625,957.8507080078124,30.122390747070312,0.033571409704677535,0.2672789420900372
62.3046875,957.834716796875,30.13691711425781,0.01723683551006161,0.2796037052988041
62.3203125,957.8388061523438,30.1324462890625,0.02090966381126691,0.2729834044776851
62.3359375,957.8180541992188,30.119407653808597,0.0001546303993791298,0.2579139507142223
62.3515625,957.8270874023438,30.105995178222656,0.009008383650893848,0.24259130735384105
62.3671875,957.8292846679688,30.104507446289062,0.010986788938453174,0.23921995373727611
62.3828125,957.8296508789062,30.109718322753903,0.011131261597142839,0.24252121434116347
62.3984375,957.8395385742188,30.105995178222656,0.02060843040749205,0.23693245988952683
62.4140625,957.84521484375,30.084762573242188,0.025771326893050173,0.2140146997925818
62.4296875,957.82763671875,30.09481811523437,0.008033178418600073,0.22231969302082177
62.4453125,957.8219604492188,30.08997344970703,0.0023108755106022727,0.21577600384118867
62.4609375,957.8184204101562,30.099655151367188,-0.001205156451305811,0.22369631717711513
62.4765625,957.8223876953124,30.09481811523437,0.0027081808785851536,0.2171494429111398
62.4921875,957.8305053710938,30.088851928710938,0.010614414147084972,0.20953338719717607
62.5078125,957.8145751953124,30.08140563964844,-0.005211938164848107,0.20050829268050308
62.5234375,957.813720703125,30.05941772460937,-0.005947945384377817,0.17712568719111133
62.5390625,957.818115234375,30.0538330078125,-0.0015230740145852906,0.1702008065630345
62.5546875,957.8267822265624,30.062774658203125,0.007004388520954308,0.1777429065087084
62.5703125,957.8251953125,30.055702209472656,0.00531166441055575,0.16933709482684733
62.5859375,957.8244018554688,30.047874450683597,0.0044299611414544415,0.16024754434999267
62.6015625,957.8187255859376,30.04973602294922,-0.001221966428943233,0.16084263914205366
62.6171875,957.8404541015624,30.033714294433597,0.020106030656847906,0.1436894972621623
62.6328125,957.8258666992188,30.04452514648437,0.005410842603964738,0.15329331533392931
62.6484375,957.8448486328124,30.03706359863281,0.023916354787502314,0.14469245679891074
62.6640625,957.8304443359376,30.029991149902344,0.009326275531634565,0.13654485175540998
62.6796875,957.8314819335938,30.029991149902344,0.010161453789578445,0.135478095101071
62.6953125,957.8302612304688,30.029991149902344,0.008766126628188431,0.1344196724830944
62.7109375,957.827880859375,30.027008056640625,0.0062610337466821875,0.13040973094620867
62.7265625,957.828125,30.02217102050781,0.006378120184763247,0.12459165813516293
62.7421875,957.8361206054688,30.008758544921875,0.014092988824359054,0.11031059518556319
62.7578125,957.82373046875,30.006149291992188,0.0016695932754373644,0.10685992551950108
62.7734375,957.8154296875,30.00316619873047,-0.006501672584477092,0.10306529450576818
62.7890625,957.8285522460938,30.006149291992188,0.006491571829428722,0.10521988473805521
62.8046875,957.83203125,29.999435424804688,0.009775837928373221,0.09773643928844322
62.8203125,957.8214721679688,30.00652313232422,-0.0007679463665226649,0.10400520816103764
62.8359375,957.8123779296876,29.98155212402344,-0.009669563853776708,0.07841674517385044
62.8515625,957.8299560546876,29.98267364501953,0.007754097061365428,0.07891687346548792
62.8671875,957.8245849609376,29.974105834960938,0.0023364602778883636,0.06979946134902804
62.8828125,957.8089599609376,29.969635009765625,-0.013028997930632613,0.06481825618376291
62.8984375,957.8182373046876,29.979324340820312,-0.003678379684970423,0.07392549671315152
62.9140625,957.8193359375,29.97112274169922,-0.0025293611914776193,0.06521042964212143
62.9296875,957.8294067382812,29.966651916503903,0.0073941458477975175,0.060265076287063124
62.9453125,957.8276977539062,29.959197998046875,0.005574123162773503,0.05239857065948783
62.9609375,957.8257446289062,29.969635009765625,0.0035502755423522103,0.06234467939090749
62.9765625,957.836669921875,29.958457946777344,0.014192842563602426,0.05076786939947908
62.9921875,957.8355102539062,29.946533203125,0.012778620403537388,0.038539663827236836
63.0078125,957.8256225585938,29.94988250732422,0.002834461710335745,0.04156171046374979
63.0234375,957.825927734375,29.949142456054688,0.003078316446817553,0.04050273998176479
63.0390625,957.8246459960938,29.940940856933597,0.0017614887482295671,0.032048788197702294
63.0546875,957.831787109375,29.933120727539062,0.008728723083549994,0.024039372406267745
63.0703125,957.827880859375,29.91822052001953,0.0047282841561582245,0.009067765161059782
63.0859375,957.8224487304688,29.9249267578125,-0.0006900977823534049,0.01565076855595038
63.1015625,957.8237915039062,29.92343139648437,0.0006399280837285914,0.014044818108853718
63.1171875,957.8200073242188,29.930145263671875,-0.003082840439674328,0.020596508067480812
63.1328125,957.8201293945312,29.919708251953125,-0.0029029425855924273,0.01008012528350477
63.1484375,957.8257446289062,29.937225341796875,0.002659317340430789,0.027381611884074175
63.1640625,957.8245849609376,29.9178466796875,0.0014703593450349217,0.007940426729582839
63.1796875,957.8243408203124,29.915985107421875,0.0012022691354331982,0.006031363413459445
63.1953125,957.8278198242188,29.91151428222656,0.004589841927668203,0.001548346513313703
63.2109375,957.8206176757812,29.915985107421875,-0.002561284898320082,0.00597214692965764
63.2265625,957.825927734375,29.90666961669922,0.0026950867091954933,-0.0033172239196161968
63.2421875,957.8181762695312,29.89922332763672,-0.004957620749109992,-0.010679423036943803
63.2578125,957.8204345703124,29.9033203125,-0.002646598874889605,-0.00653101287543123
63.2734375,957.7982788085938,29.897727966308597,-0.024317939488128104,-0.01202864532412562
63.2890625,957.8203125,29.90666961669922,-0.0022396338615635614,-0.0030628777855845613
63.3046875,957.8047485351562,29.90293884277344,-0.017455872168056885,-0.006740576307368684
63.3203125,957.8306884765624,29.8966064453125,0.008318364760725672,-0.012970841160743873
63.3359375,957.822021484375,29.89325714111328,-0.0003418182972154682,-0.016192644224336306
63.3515625,957.8136596679688,29.896987915039062,-0.008533641838198491,-0.012364511936848288
63.3671875,957.8110961914062,29.89325714111328,-0.010880377806984143,-0.015969541441826607
63.3828125,957.823486328125,29.88617706298828,0.001480271433024427,-0.02286954441396105
63.3984375,957.8209228515624,29.876495361328125,-0.0010620487794312794,-0.0322969394641639
63.4140625,957.8118286132812,29.87611389160156,-0.009957922078910997,-0.032423109118926874
63.4296875,957.8167724609376,29.87164306640625,-0.004916143281434415,-0.03660570045240519
63.4453125,957.827392578125,29.868667602539062,0.0055925681656390225,-0.03927193647334448
63.4609375,957.8109741210938,29.88282012939453,-0.010614445723717836,-0.02492316423023766
63.4765625,957.8187255859376,29.876495361328125,-0.002807063284535616,-0.031003807825577212
63.4921875,957.813720703125,29.863082885742188,-0.00765936902496378,-0.04406928119736264
63.5078125,957.809814453125,29.85749053955078,-0.011339728028360696,-0.04927364592479577
63.5234375,957.8056030273438,29.844078063964844,-0.015247420336777395,-0.062196386186432306
63.5390625,957.8133544921876,29.851524353027344,-0.00734955011216698,-0.0543223619901525
63.5546875,957.8251953125,29.84854888916016,0.004403550079132401,-0.05685018659282548
63.5703125,957.8187255859376,29.844451904296875,-0.0020258214738078095,-0.06047102167910978
63.5859375,957.8133544921876,29.844078063964844,-0.0072524442233543596,-0.06036951152668024
63.6015625,957.8016357421876,29.837371826171875,-0.018600663086203895,-0.06655172002809095
63.6171875,957.8126220703124,29.84854888916016,-0.007465617481670961,-0.05494204253168178
63.6328125,957.8212280273438,29.84854888916016,0.0011180672928503554,-0.05451280782440193
63.6484375,957.8168334960938,29.836631774902344,-0.0032124705204523707,-0.06591093831595174
63.6640625,957.8106689453124,29.84481811523437,-0.00919387635451585,-0.057273624562174774
63.6796875,957.8164672851562,29.836631774902344,-0.0033292174381358564,-0.0649485589184664
63.6953125,957.7971801757812,29.841842651367188,-0.022174601680035266,-0.05927098180945478
63.7109375,957.8013916015624,29.826194763183597,-0.017612332619592053,-0.07433356632122567
63.7265625,957.7996826171876,29.83252716064453,-0.018943947521847804,-0.06746990972857247
63.7421875,957.8071899414062,29.82098388671875,-0.011213251754270459,-0.07839589315705453
63.7578125,957.81201171875,29.822097778320312,-0.0062666409259009015,-0.07667823591834022
63.7734375,957.8060913085938,29.810546875,-0.011949022740736837,-0.08753984908835122
63.7890625,957.8109130859376,29.80160522460937,-0.006988041385170618,-0.09572773776429955
63.8046875,957.8098754882812,29.806076049804688,-0.007868888278949271,-0.09054396793953856
63.8203125,957.8042602539062,29.79192352294922,-0.013220760883314142,-0.10387855342942132
63.8359375,957.817626953125,29.81092071533203,0.00014308797733519896,-0.0842182254134336
63.8515625,957.819580078125,29.813156127929688,0.0020552713176584803,-0.08134232209065573
63.8671875,957.8198852539062,29.803466796875,0.0023143446164795023,-0.09032046835514507
63.8828125,957.8101196289062,29.797508239746094,-0.007305747563577825,-0.09552684559745828
63.8984375,957.8027954101562,29.791168212890625,-0.01434422478405395,-0.10107103751188973
63.9140625,957.8076171875,29.79936981201172,-0.009336462138776369,-0.09214389590336935
63.9296875,957.8096923828124,29.791168212890625,-0.007119445208672914,-0.09956154584458332
63.9453125,957.8094482421876,29.78633117675781,-0.007219765797685795,-0.10358296805570077
63.9609375,957.8046875,29.77552032470703,-0.011746513688763116,-0.11350011838689511
63.9765625,957.7942504882812,29.7822265625,-0.021750253426944255,-0.1059595534017852
63.9921875,957.807861328125,29.78521728515625,-0.007980440661640387,-0.10216438675533723
64.0078125,957.8180541992188,29.765464782714844,0.002169218900235137,-0.12096441349989462
64.0234375,957.8048706054688,29.783721923828125,-0.01079925034093776,-0.10190487182109464
64.0390625,957.7982788085938,29.776275634765625,-0.017051378325049882,-0.10849685493919026
64.0546875,957.8096923828124,29.776275634765625,-0.005527690744997926,-0.10764922325997617
64.0703125,957.7930908203124,29.769195556640625,-0.021697041267543682,-0.11383297871790532
64.0859375,957.8045043945312,29.776275634765625,-0.010082618082833505,-0.10591889355702477
64.1015625,957.793701171875,29.762481689453125,-0.02047791416214295,-0.11877758231585744
64.1171875,957.802001953125,29.76993560791016,-0.011939298284914912,-0.1104539477349249
64.1328125,957.7936401367188,29.76434326171875,-0.019904608544834446,-0.1151396822550339
64.1484375,957.8047485351562,29.75652313232422,-0.00862440912862894,-0.12199918812105182
64.1640625,957.7940673828124,29.75131225585937,-0.018928499725006986,-0.1262162359563206
64.1796875,957.8014526367188,29.750564575195312,-0.011317791798774124,-0.12597201102178346
64.1953125,957.7977294921876,29.74571990966797,-0.014747168042163139,-0.12979467126358557
64.2109375,957.802734375,29.741989135742188,-0.009552006221383635,-0.13248227764882614
64.2265625,957.7857666015624,29.741989135742188,-0.026001815212566726,-0.13144725985469563
64.2421875,957.8023071289062,29.747581481933597,-0.009276497090013436,-0.1248716721502916
64.2578125,957.8010864257812,29.73938751220703,-0.010292176773305073,-0.1320260665496953
64.2734375,957.7897338867188,29.74497985839844,-0.021221967479618797,-0.12544595691798577
64.2890625,957.7965698242188,29.73827362060547,-0.01410505283161001,-0.1311197556897774
64.3046875,957.7871704101562,29.737518310546875,-0.02304539527506222,-0.13084479179721242
64.3203125,957.7957763671876,29.739013671875,-0.014157417965520835,-0.12833888804354743
64.3359375,957.7921752929688,29.737518310546875,-0.017411646633945566,-0.12881991929845782
64.3515625,957.798828125,29.729698181152344,-0.010548681505042623,-0.13557254831257382
64.3671875,957.7892456054688,29.730445861816406,-0.019738013516075625,-0.1337715483700066
64.3828125,957.7960815429688,29.736778259277344,-0.01265008234383913,-0.12644353254259144
64.3984375,957.795654296875,29.71405029296875,-0.012821911866581104,-0.1480060965164114
64.4140625,957.7796630859376,29.71442413330078,-0.028250366499150914,-0.1464788791829399
64.4296875,957.7723388671876,29.72075653076172,-0.03487976913095281,-0.13905158733355094
64.4453125,957.7975463867188,29.705856323242188,-0.009483338474865377,-0.15274904645579213
64.4609375,957.7861328125,29.71815490722656,-0.02048876986759751,-0.1393531932333616
64.4765625,957.7911376953124,29.711814880371094,-0.015181467386128134,-0.14455499180688136
64.4921875,957.7818603515624,29.711814880371094,-0.023981099981142506,-0.14342565593339174
64.5078125,957.7874145507812,29.71703338623047,-0.01806700035672293,-0.13712740671406465
64.5234375,957.7977905273438,29.72113037109375,-0.007540808485714479,-0.13199112168007332
64.5390625,957.7969970703124,29.70883178710937,-0.008171486893729707,-0.14316244233894793
64.5546875,957.7716064453124,29.71703338623047,-0.032906601895774656,-0.13390646163021103
64.5703125,957.7786254882812,29.71703338623047,-0.025381942541571334,-0.13286031739872328
64.5859375,957.7916259765624,29.705108642578125,-0.01213962898191312,-0.1436539277616049
64.6015625,957.7811279296876,29.69654083251953,-0.02219553375016403,-0.1510325054934789
64.6171875,957.7808227539062,29.70771789550781,-0.022061242548488735,-0.13876282186063094
64.6328125,957.7801513671876,29.705856323242188,-0.022288632601771496,-0.1395257660471394
64.6484375,957.789794921875,29.69840240478516,-0.01239810373635919,-0.14583140571897957
64.6640625,957.7723999023438,29.70548248291016,-0.02921122632881179,-0.13766733284715116
64.6796875,957.7940673828124,29.70250701904297,-0.007396407073883893,-0.13954402486501039
64.6953125,957.786376953125,29.701011657714844,-0.014792171980730018,-0.13993751598850324
64.7109375,957.7880249023438,29.701011657714844,-0.012887499661133006,-0.1388442541448427
64.7265625,957.7899169921876,29.69541931152344,-0.010780655719258903,-0.14330818939611945
64.7421875,957.7893676757812,29.691696166992188,-0.011108683607517378,-0.14588265163106584
64.7578125,957.7735595703124,29.691696166992188,-0.026391070539716566,-0.14474294341519922
64.7734375,957.7809448242188,29.691696166992188,-0.018634609277228265,-0.14361213916976823
64.7890625,957.7735595703124,29.693565368652344,-0.02551166273076433,-0.14063557081031774
64.8046875,957.7737426757812,29.69580078125,-0.024833858877855164,-0.13731890697662408
64.8203125,957.78076171875,29.698776245117188,-0.017466870285829827,-0.1332938849601426
64.8359375,957.7724609375,29.690208435058597,-0.02526437709173024,-0.14075340052639973
64.8515625,957.7825317382812,29.693565368652344,-0.01489682677311066,-0.13632305703474046
64.8671875,957.7737426757812,29.69951629638672,-0.023223274248266534,-0.12935359704020755
64.8828125,957.7767944335938,29.68573760986328,-0.019777541505391127,-0.14201406259830307
64.8984375,957.7748413085938,29.69281005859375,-0.021306239425257445,-0.13388738250949217
64.9140625,957.7705078125,29.691696166992188,-0.025138959434684693,-0.13394657665706333
64.9296875,957.7716674804688,29.68462371826172,-0.02351094592950176,-0.13991731425169363
64.9453125,957.7697143554688,29.682388305664062,-0.02496672579411552,-0.1410421586708388
64.9609375,957.7694091796876,29.69244384765625,-0.02477830974760309,-0.12996328373585087
64.9765625,957.7705078125,29.67828369140625,-0.02321718324503763,-0.14299747561096154
64.9921875,957.76904296875,29.67939758300781,-0.024199956155257496,-0.14077511850932822
65.0078125,957.7691040039062,29.680519104003903,-0.023667457698252292,-0.1385625537826627
65.0234375,957.7612915039062,29.679031372070312,-0.030865114774428548,-0.13895614285909375
65.0390625,957.7678833007812,29.682388305664062,-0.02379922965917558,-0.13453984044295808
65.0546875,957.7799072265624,29.68163299560547,-0.01154531747420151,-0.1342381571382596
65.0703125,957.7791748046876,29.68126678466797,-0.012037939752303828,-0.13355277145016942
65.0859375,957.7816162109376,29.680519104003903,-0.009409101207324966,-0.13325122983209425
65.1015625,957.769287109375,29.67977905273437,-0.02131362849706875,-0.13294447421801792
65.1171875,957.7710571289062,29.67157745361328,-0.01916189785322331,-0.14004336964114472
65.1328125,957.778076171875,29.67939758300781,-0.011905689750051351,-0.13119024618218944
65.1484375,957.7802124023438,29.67865753173828,-0.009578649529657923,-0.13089959200287637
65.1640625,957.77099609375,29.677536010742188,-0.01842786909753613,-0.13098969805366423
65.1796875,957.770751953125,29.67344665527344,-0.01830732203268326,-0.1340237484167659
65.1953125,957.7715454101562,29.67865753173828,-0.0171717973256591,-0.1278065213898003
65.2109375,957.7659912109376,29.67865753173828,-0.022282129424297636,-0.12680803294144383
65.2265625,957.7587280273438,29.66785430908203,-0.02896825612322118,-0.13653616766333698
65.2421875,957.7667236328124,29.67939758300781,-0.020563028571473296,-0.1240163867552333
65.2578125,957.7691040039062,29.68163299560547,-0.017827527448730507,-0.12082956029696845
65.2734375,957.7681274414062,29.665985107421875,-0.018436822566968658,-0.13541121841430837
65.2890625,957.7676391601562,29.665985107421875,-0.018555472883008406,-0.1343533182704455
65.3046875,957.7554321289062,29.66822052001953,-0.03016167397413483,-0.1310857345347216
65.3203125,957.7679443359376,29.663009643554688,-0.017304750791595325,-0.13523179372613114
65.3359375,957.7642822265624,29.665985107421875,-0.02055735117914992,-0.13122307728191984
65.3515625,957.7572631835938,29.66785430908203,-0.027037792699616148,-0.1283432984684687
65.3671875,957.7734375,29.66077423095703,-0.010651299022015337,-0.1343653814638337
65.3828125,957.7486572265624,29.659278869628903,-0.03473954956007219,-0.13479933073890038
65.3984375,957.7656860351562,29.665985107421875,-0.017364828056656734,-0.12709236565728688
65.4140625,957.7542114257812,29.66374969482422,-0.028276167169337896,-0.12831740498732813
65.4296875,957.7662353515624,29.66674041748047,-0.01593481479858383,-0.12434756762536736
65.4453125,957.749267578125,29.66822052001953,-0.032259959559496565,-0.12190756301531636
65.4609375,957.7569580078124,29.672691345214844,-0.024089656241812918,-0.11651926330578632
65.4765625,957.7671508789062,29.67344665527344,-0.013625363563050996,-0.11485954736244608
65.4921875,957.75927734375,29.674560546875,-0.021078998353686984,-0.11285701782525592
65.5078125,957.7501831054688,29.674560546875,-0.029583915606963274,-0.11197532237349606
65.5234375,957.7723999023438,29.669715881347656,-0.007223229694204747,-0.11590733174536538
65.5390625,957.771240234375,29.665985107421875,-0.008219169193012021,-0.11870343297059094
65.5546875,957.7609252929688,29.67344665527344,-0.018172116251662374,-0.11037280789153314
65.5703125,957.7850341796876,29.66785430908203,0.005820817919016008,-0.11505917631667018
65.5859375,957.7826538085938,29.66859436035156,0.003373250598087907,-0.11342600688271176
65.6015625,957.77294921875,29.67121124267578,-0.006207680276020255,-0.10994342827287795
65.6171875,957.7763061523438,29.68126678466797,-0.0027950680361072955,-0.09910751216912317
65.6328125,957.798828125,29.67828369140625,0.019341613514257006,-0.10129302257591277
65.6484375,957.80224609375,29.68909454345703,0.022315059173138252,-0.08977527856790246
65.6640625,957.814453125,29.69541931152344,0.03384783084459286,-0.08279855338820141
65.6796875,957.81640625,29.68462371826172,0.03510171842572163,-0.09286294237922021
65.6953125,957.8071899414062,29.68946075439453,0.025379835421176722,-0.08733820385385727
65.7109375,957.8206176757812,29.69654083251953,0.03804960944864888,-0.07963110912159976
65.7265625,957.8201293945312,29.70995330810547,0.036827708507303214,-0.06570130046116418
65.7421875,957.8215942382812,29.7177734375,0.03754465084602998,-0.05742897441767525
65.7578125,957.8095703125,29.71368408203125,0.02502227340335139,-0.06103771793418744
65.7734375,957.8151245117188,29.73938751220703,0.02997927589115079,-0.035058238635294
65.7890625,957.8119506835938,29.74571990966797,0.02628190386451479,-0.02850142054018079
65.8046875,957.835205078125,29.752052307128903,0.048568792567721175,-0.021995827586440697
65.8203125,957.8255004882812,29.76397705078125,0.038105136264562134,-0.00999240359085718
65.8359375,957.8206176757812,29.769195556640625,0.03257345025349423,-0.00473660165545553
65.8515625,957.8316040039062,29.77925109863281,0.04270900145706946,0.005277386115349003
65.8671875,957.833984375,29.797508239746094,0.04420872074319959,0.02335066373466077
65.8828125,957.8322143554688,29.807937622070312,0.041609820328858405,0.03351613944904486
65.8984375,957.821044921875,29.813156127929688,0.029845847931710523,0.03843203089194702
65.9140625,957.8215942382812,29.836631774902344,0.029801508784430553,0.06142402413128778
65.9296875,957.8273315429688,29.84854888916016,0.034844696021309574,0.07276816074544001
65.9453125,957.8303833007812,29.86122131347656,0.037156288719870645,0.08477308049104337
65.9609375,957.846435546875,29.85749053955078,0.052169305618008366,0.0804091635452231
65.9765625,957.8264770507812,29.87834930419922,0.03158169215078033,0.10047677250464915
65.9921875,957.8421630859376,29.891021728515625,0.04634452950813284,0.11226521872088924
66.0078125,957.830078125,29.90443420410156,0.033590436371923715,0.12469583732005063
66.0234375,957.813720703125,29.912261962890625,0.016896432182534227,0.13148825551451537
66.0390625,957.8396606445312,29.927902221679688,0.041999725667096754,0.14597907278558253
66.0546875,957.8413696289062,29.91710662841797,0.04285502429911503,0.13412735859008507
66.0703125,957.8536987304688,29.942062377929688,0.05410631090342122,0.15784027131975975
66.0859375,957.8473510742188,29.95287322998047,0.046825868429777984,0.1673335364692079
66.1015625,957.836669921875,29.96776580810547,0.035438764599916794,0.18080247307393904
66.1171875,957.842529296875,29.98155212402344,0.040491535310820836,0.19306856407791173
66.1328125,957.8447265625,29.99161529541016,0.0418550352925422,0.20154476878131433
66.1484375,957.8348388671876,30.002418518066406,0.03134297787119067,0.21068902275445467
66.1640625,957.8359375,30.01844024658203,0.03180798547487029,0.22493957352578065
66.1796875,957.842529296875,30.027008056640625,0.03764978660080942,0.23168310715012197
66.1953125,957.8331298828124,30.038185119628903,0.027698607449565316,0.2409628250591922
66.2109375,957.8323974609376,30.04452514648437,0.026439502262746828,0.2453707983840765
66.2265625,957.8416748046876,30.051597595214844,0.03501925136401951,0.2504710342464662
66.2421875,957.8473510742188,30.05830383300781,0.039900686502619465,0.25516807460162383
66.2578125,957.837646484375,30.070594787597656,0.029606329145963173,0.2653695055259142
66.2734375,957.844482421875,30.0966796875,0.03573050362558661,0.28917741788584905
66.2890625,957.8399047851562,30.108230590820312,0.03054441247502382,0.29837888119674005
66.3046875,957.86083984375,30.109718322753903,0.05047401264948803,0.2975239052152503
66.3203125,957.8487548828124,30.140647888183597,0.03763926554563568,0.32588742790553127
66.3359375,957.8519897460938,30.123504638671875,0.040075805998299074,0.30633211450010833
66.3515625,957.8446655273438,30.148468017578125,0.03211190780984907,0.3287072473641217
66.3671875,957.8462524414062,30.1324462890625,0.03304064175767962,0.3102426632324935
66.3828125,957.849365234375,30.156295776367188,0.035447312954374866,0.331482055611108
66.3984375,957.8451538085938,30.1607666015625,0.030625811251752566,0.33332824892512036
66.4140625,957.8572998046876,30.17156982421875,0.041936420483352777,0.3414429444596401
66.4296875,957.8497924804688,30.170074462890625,0.03375665297812702,0.33729174263829975
66.4453125,957.8674926757812,30.170074462890625,0.05045183172239831,0.33465665089893903
66.4609375,957.8466186523438,30.170074462890625,0.029000116716815683,0.33204214581379077
66.4765625,957.843505859375,30.193923950195312,0.02538171195612904,0.35311122973473985
66.4921875,957.8541259765624,30.198768615722656,0.035298668418022316,0.3551593648303495
66.5078125,957.8516235351562,30.230064392089844,0.03215567570305211,0.3834359604069313
66.5234375,957.8530883789062,30.220748901367188,0.032963868682486464,0.3711976535148658
66.5390625,957.8569946289062,30.234901428222656,0.03614999917692785,0.3823396320861896
66.5546875,957.8597412109376,30.245330810546875,0.03813688235652535,0.38970050648532606
66.5703125,957.8381958007812,30.2542724609375,0.016267420008716726,0.39552776502535636
66.5859375,957.8526611328124,30.259864807128903,0.030132502976584874,0.39798636034787904
66.6015625,957.8673706054688,30.259864807128903,0.04396615579639729,0.39487709190766296
66.6171875,957.84765625,30.27477264404297,0.023778132352504144,0.4065834840653082
66.6328125,957.8547973632812,30.27588653564453,0.0303153541174197,0.40451223991947316
66.6484375,957.8544311523438,30.285568237304688,0.029364198977191336,0.4109580514110398
66.6640625,957.859130859375,30.30010223388672,0.03339859534423795,0.42216789136812594
66.6796875,957.860595703125,30.299728393554688,0.034182512549477906,0.4184987850123747
66.6953125,957.860595703125,30.298606872558597,0.03351488535122371,0.41411650414115897
66.7109375,957.8500366210938,30.30754852294922,0.02250744778632452,0.41975301269950194
66.7265625,957.8516235351562,30.322830200195312,0.02362376884400419,0.4316359814303965
66.7421875,957.8599853515624,30.3187255859375,0.03136086678819083,0.4241912783665498
66.7578125,957.8430786132812,30.32208251953125,0.01417182130967376,0.4242079915543613
66.7734375,957.8458251953124,30.334747314453125,0.016587965775556768,0.43345971783189086
66.7890625,957.83984375,30.331024169921875,0.010399361860322642,0.4263792563217308
66.8046875,957.8585205078124,30.335494995117188,0.028508226710300733,0.427484065255193
66.8203125,957.8497314453124,30.344070434570312,0.01933402428426234,0.43265278982778455
66.8359375,957.8377075195312,30.342575073242188,0.007167323141743509,0.42778901108950507
66.8515625,957.8505249023438,30.344070434570312,0.019594379666045825,0.4259305882581188
66.8671875,957.8592529296876,30.358963012695312,0.027769234998004322,0.4373792353957491
66.8828125,957.8583984375,30.357101440429688,0.02638906423987919,0.4321151813869193
66.8984375,957.84716796875,30.348541259765625,0.014862529171750793,0.42024597727970914
66.9140625,957.8585205078124,30.345932006835938,0.025703055182702883,0.414373937441038
66.9296875,957.8489379882812,30.357101440429688,0.015805681439587715,0.4222188134485805
66.9453125,957.8655395507812,30.34555053710937,0.0317742899563882,0.40745956708038733
66.9609375,957.8477172851562,30.3541259765625,0.013679523856126252,0.41278473304497254
66.9765625,957.866455078125,30.357101440429688,0.03178416610569457,0.4125120703737828
66.9921875,957.8594360351562,30.357101440429688,0.02428142932569699,0.4092893198239871
67.0078125,957.8544311523438,30.36119842529297,0.01890005146412932,0.4101567241818991
67.0234375,957.8419799804688,30.357101440429688,0.006322924909682115,0.4028873976051912
67.0390625,957.8489379882812,30.363433837890625,0.013021539504961765,0.4060227654171733
67.0546875,957.8521728515624,30.369773864746094,0.01593889491914524,0.4091412079580117
67.0703125,957.8435668945312,30.369773864746094,0.007189716444827354,0.4059447922708408
67.0859375,957.8435668945312,30.370513916015625,0.007049292295505438,0.4035076182002122
67.1015625,957.8516235351562,30.374244689941406,0.014810895168125171,0.4040568421875079
67.1171875,957.850830078125,30.367904663085938,0.013743660048248785,0.39460965271225845
67.1328125,957.84521484375,30.367164611816406,0.007969667359361665,0.3907924951814543
67.1484375,957.8555297851562,30.35859680175781,0.01792748750062856,0.3792385547703354
67.1640625,957.8516235351562,30.37275695800781,0.013747385205647333,0.3903252835904887
67.1796875,957.8463745117188,30.367164611816406,0.008332378139812135,0.3817272113256571
67.1953125,957.84326171875,30.370513916015625,0.00511764014822802,0.38206810524733825
67.2109375,957.8558959960938,30.357101440429688,0.017405200353437067,0.3657755075546696
67.2265625,957.85693359375,30.377227783203125,0.018082587111052817,0.38288699212241895
67.2421875,957.85546875,30.357101440429688,0.016293178061005165,0.35992658177594095
67.2578125,957.8519897460938,30.369773864746094,0.01256389731577201,0.36968807635724943
67.2734375,957.8460083007812,30.370513916015625,0.006453888487612858,0.367534157879696
67.2890625,957.8583374023438,30.370513916015625,0.018416134775748105,0.3646627972712615
67.3046875,957.8528442382812,30.3753662109375,0.012670568941530291,0.36662825553537814
67.3203125,957.8552856445312,30.370895385742188,0.01481681942607338,0.359328075415533
67.3359375,957.844970703125,30.367164611816406,0.004413950714706516,0.3528191975718613
67.3515625,957.844482421875,30.370513916015625,0.0038489962329322225,0.3533859353509925
67.3671875,957.850341796875,30.36195373535156,0.009518754607256597,0.3421318034784342
67.3828125,957.8427124023438,30.34741973876953,0.0018524585120758275,0.32503844903002843
67.3984375,957.8491821289062,30.34741973876953,0.008159642397345124,0.32249908614697986
67.4140625,957.8638916015624,30.35487365722656,0.02242245265006204,0.3273752467555404
67.4296875,957.8401489257812,30.34220123291016,-0.0012944375230290461,0.3122442066388338
67.4453125,957.8528442382812,30.34741973876953,0.011178201637562779,0.3149825350568136
67.4609375,957.8491821289062,30.34220123291016,0.007369293585611558,0.30734399771933596
67.4765625,957.8424682617188,30.33921813964844,0.0006426251012499051,0.3019830848915426
67.4921875,957.8482666015624,30.33289337158203,0.006315164848274435,0.2933484862249358
67.5078125,957.8475341796876,30.32357788085937,0.005473705024769515,0.28181398772491306
67.5234375,957.8465576171876,30.32357788085937,0.004409307709806853,0.27961231594581193
67.5390625,957.8477783203124,30.3258056640625,0.005520049685515005,0.27963822337433797
67.5546875,957.85107421875,30.306808471679688,0.008643761636335512,0.25860477293690565
67.5703125,957.8399047851562,30.29413604736328,-0.0024763424270304313,0.24401100214690175
67.5859375,957.8397216796876,30.29413604736328,-0.0026075055540104586,0.2421046661926276
67.6015625,957.8335571289062,30.29525756835937,-0.008600727110092521,0.24132598260130678
67.6171875,957.8521728515624,30.29042053222656,0.00981939016423894,0.23464137657420991
67.6328125,957.8516235351562,30.28109741210937,0.009089017630003582,0.22355795757845343
67.6484375,957.8302612304688,30.271041870117188,-0.012033574419660908,0.2118344279645008
67.6640625,957.8427734375,30.256515502929688,0.00046928431834203366,0.19576659155218223
67.6796875,957.8460693359376,30.27477264404297,0.0036916440302547926,0.21235167225401597
67.6953125,957.8363647460938,30.266944885253903,-0.005895505465673523,0.20292607039100474
67.7109375,957.8405151367188,30.25800323486328,-0.0017110305664118641,0.1924689167191289
67.7265625,957.8413696289062,30.241241455078125,-0.00083980911369963,0.17433442492667695
67.7421875,957.8407592773438,30.247573852539062,-0.0014218372255072609,0.17925536283771137
67.7578125,957.8536987304688,30.23638916015625,0.011292662463915804,0.16675761834196834
67.7734375,957.84326171875,30.22559356689453,0.0008389388165142009,0.15474357175931175
67.7890625,957.8311767578124,30.22260284423828,-0.011026373251525001,0.15056727996944375
67.8046875,957.8442993164062,30.205474853515625,0.0020552442223333856,0.13239679479954702
67.8203125,957.8370361328124,30.217018127441406,-0.005106221805704081,0.14281553693841076
67.8359375,957.8412475585938,30.198768615722656,-0.0008773195395406219,0.12359285314763113
67.8515625,957.8184204101562,30.198768615722656,-0.023241490086888916,0.12262728398241407
67.8671875,957.8546752929688,30.18683624267578,0.012759224898900356,0.10983010694385342
67.8828125,957.8521118164062,30.18572235107422,0.009996612626650858,0.10786686990993033
67.8984375,957.8385009765624,30.176040649414062,-0.003543636841868647,0.09741809662282108
67.9140625,957.8239135742188,30.158531188964844,-0.017776917326386865,0.07928434995349676
67.9296875,957.8472290039062,30.16411590576172,0.005430338291603221,0.0842060271663847
67.9453125,957.829345703125,30.169708251953125,-0.012209740566049732,0.08909682356593152
67.9609375,957.8521118164062,30.17194366455078,0.010350193560611842,0.09061870306856079
67.9765625,957.8388671875,30.1607666015625,-0.0028379034052932184,0.07882100226715139
67.9921875,957.84375,30.15070343017578,0.002004969463996531,0.06822066032668062
68.0078125,957.8346557617188,30.16448211669922,-0.006950806535655829,0.08135872695285329
68.0234375,957.8405151367188,30.140647888183597,-0.0010701145134817125,0.05707508829319252
68.0390625,957.83984375,30.148468017578125,-0.0017074875362368402,0.06438822379953635
68.0546875,957.8560791015624,30.14399719238281,0.01424411668187986,0.059449293927624325
68.0703125,957.8468627929688,30.139892578125,0.00492960871156356,0.054912299359894945
68.0859375,957.8433227539062,30.14399719238281,0.0013624296168472938,0.05855584398006641
68.1015625,957.8333129882812,30.12983703613281,-0.00847844272675502,0.04404884641967399
68.1171875,957.8336791992188,30.13095092773437,-0.007953789762154884,0.04480990413044594
68.1328125,957.8442993164062,30.11493682861328,0.0026142507177837615,0.02857083778271985
68.1484375,957.8406982421876,30.11418914794922,-0.0009675496042973464,0.027605788703667145
68.1640625,957.8370361328124,30.109718322753903,-0.004539235952620402,0.02295422160594285
68.1796875,957.82958984375,30.10636138916016,-0.01175143272951118,0.019444184199603143
68.1953125,957.8397216796876,30.090347290039062,-0.0015879640420735086,0.0034032875388305683
68.2109375,957.8399047851562,30.09332275390625,-0.0013774199294402933,0.006328917410659329
68.2265625,957.8402099609376,30.09258270263672,-0.0010513018795563767,0.005545203124398768
68.2421875,957.8468627929688,30.094444274902344,0.005492125265845971,0.007348909957290317
68.2578125,957.8433227539062,30.09332275390625,0.0019139595196975279,0.006178737484937358
68.2734375,957.8413696289062,30.07022857666016,-3.84005295472889e-05,-0.01678328788801764
68.2890625,957.8388671875,30.07506561279297,-0.002491216116709438,-0.011852921663372484
68.3046875,957.844970703125,30.05830383300781,0.003541746783525923,-0.02839114909346563
68.3203125,957.8406982421876,30.05606842041016,-0.0007164423930134944,-0.030387291677904216
68.3359375,957.83544921875,30.04973602294922,-0.005848952826113418,-0.0364328165674479
68.3515625,957.8422241210938,30.04973602294922,0.0009078645661020346,-0.03614818518801499
68.3671875,957.8336791992188,30.06314849853516,-0.007487896033353536,-0.02255808687080929
68.3828125,957.8468627929688,30.048995971679688,0.005584453620599561,-0.03642381205654388
68.3984375,957.8335571289062,30.05047607421875,-0.007570405550495707,-0.03467071178687675
68.4140625,957.8564453125,30.04638671875,0.015018602690815896,-0.03845725423019175
68.4296875,957.8363037109376,30.03632354736328,-0.005022940299909351,-0.048141359791777916
68.4453125,957.8291015625,30.03744506835937,-0.011986317473088093,-0.04665249630509649
68.4609375,957.8353881835938,30.04973602294922,-0.005588374184412714,-0.034093092170600414
68.4765625,957.836669921875,30.03744506835937,-0.004222521920723921,-0.046021671395131136
68.4921875,957.8353881835938,30.03929901123047,-0.005396755119932095,-0.043822668144940735
68.5078125,957.8367919921876,30.027008056640625,-0.003914959289204489,-0.0556752350571692
68.5234375,957.8331298828124,30.034461975097656,-0.0074290790420263875,-0.047844587564199514
68.5390625,957.8418579101562,30.02217102050781,0.0012735782178197042,-0.05966573323096824
68.5546875,957.8325805664062,30.020301818847656,-0.007847441986655213,-0.06105419321228567
68.5703125,957.8323364257812,30.01620483398437,-0.00793354388872558,-0.06464218449685433
68.5859375,957.8319091796876,30.00688934326172,-0.008197493302986913,-0.07337988088185554
68.6015625,957.842529296875,30.00316619873047,0.0023753070116754316,-0.07650065802706507
68.6171875,957.8494262695312,29.99347686767578,0.009091180455698122,-0.08551662979204977
68.6328125,957.8362426757812,29.992355346679688,-0.004012483347196394,-0.08596129023511168
68.6484375,957.827392578125,29.99273681640625,-0.012611358718231713,-0.08491122816082708
68.6640625,957.8170166015624,29.990875244140625,-0.02253836388865693,-0.08609488792312092
68.6796875,957.8340454101562,29.992355346679688,-0.005401946792972012,-0.08395373237324577
68.6953125,957.8396606445312,29.97299194335937,0.00020912180889354204,-0.10250997057095645
68.7109375,957.844970703125,29.983795166015625,0.005411383910427503,-0.09099028894662098
68.7265625,957.8351440429688,29.98267364501953,-0.004329040381662708,-0.09139218642753733
68.7421875,957.8264770507812,29.968521118164062,-0.012742203808102204,-0.10472014521048223
68.7578125,957.8316040039062,29.969635009765625,-0.007466515318242273,-0.10279682975259874
68.7734375,957.8458251953124,29.969635009765625,0.006622748820518609,-0.1019937295201565
68.7890625,957.846435546875,29.959197998046875,0.007091828891248042,-0.11155237607297863
68.8046875,957.8508911132812,29.951004028320312,0.011321860233124426,-0.11881082747298066
68.8203125,957.8259887695312,29.946533203125,-0.01331523969815862,-0.12231851475682376
68.8359375,957.8256225585938,29.946533203125,-0.013414234802894498,-0.12136290136028549
68.8515625,957.8256225585938,29.955474853515625,-0.013152238029420005,-0.11154295994645835
68.8671875,957.849365234375,29.93610382080078,0.010383593264464253,-0.12989122709363699
68.8828125,957.8244018554688,29.940940856933597,-0.014295024203420326,-0.12407720509393982
68.8984375,957.8267822265624,29.9390869140625,-0.011681945041232211,-0.12494731087156197
68.9140625,957.846923828125,29.937225341796875,0.008294428854924263,-0.12581818873767858
68.9296875,957.8234252929688,29.930519104003903,-0.01490715110014662,-0.13148907944837873
68.9453125,957.8237915039062,29.940200805664062,-0.014256937425102478,-0.12085575764924883
68.9609375,957.8317260742188,29.93647003173828,-0.0061988833799659915,-0.12361319929710035
68.9765625,957.8262939453124,29.92157745361328,-0.011403844077563008,-0.13742370103598844
68.9921875,957.8364868164062,29.937225341796875,-0.001187321167662958,-0.12082443931448594
69.0078125,957.8375854492188,29.91635131835937,-8.695616077147861e-05,-0.14059144351173813
69.0234375,957.82421875,29.915985107421875,-0.013190888672852452,-0.1398564227738497
69.0390625,957.8240966796876,29.915985107421875,-0.013052940255079193,-0.138763794470929
69.0546875,957.8388061523438,29.915985107421875,0.0016241782526549287,-0.13767970232662563
69.0703125,957.8388061523438,29.91858673095703,0.0015924560211715288,-0.13402278130091005
69.0859375,957.819580078125,29.91300201416016,-0.017289211592128595,-0.1385168145188942
69.1015625,957.8348999023438,29.919708251953125,-0.001930922776296029,-0.13078080659525781
69.1171875,957.8270263671876,29.91523742675781,-0.009612964613438635,-0.1341949784172094
69.1328125,957.822265625,29.905548095703125,-0.014092970340129796,-0.14276021330414324
69.1484375,957.8279418945312,29.891021728515625,-0.008252312121157956,-0.1560577790815536
69.1640625,957.841796875,29.89176177978516,0.005493241231420143,-0.15410430806348785
69.1796875,957.8344116210938,29.89437866210937,-0.0018550593023292095,-0.15030393022568944
69.1953125,957.8421630859376,29.891021728515625,0.005781241370755197,-0.15246038832084707
69.2109375,957.830078125,29.87834930419922,-0.006180600044103812,-0.1638427125385249
69.2265625,957.8170776367188,29.87164306640625,-0.018806457694040546,-0.16921653665702863
69.2421875,957.8193359375,29.87164306640625,-0.016224950723085385,-0.16789453246439479
69.2578125,957.8372192382812,29.867172241210938,0.0016259604085462342,-0.17101875330299166
69.2734375,957.8348388671876,29.85562896728516,-0.0007396761013751529,-0.18113576139104381
69.2890625,957.8262329101562,29.85562896728516,-0.009163101235571958,-0.17972063825517637
69.3046875,957.8256225585938,29.86493682861328,-0.009582565048162905,-0.16908142710731155
69.3203125,957.8223876953124,29.85562896728516,-0.01256708793243888,-0.1769956221195308
69.3359375,957.8028564453124,29.87164306640625,-0.031471417269699486,-0.1597238548500144
69.3515625,957.8175048828124,29.86122131347656,-0.016494405946104962,-0.16881634521892508
69.3671875,957.8262329101562,29.85562896728516,-0.007614691520188899,-0.17304612350867998
69.3828125,957.8335571289062,29.84854888916016,-0.0002847994738885973,-0.17871896568341583
69.3984375,957.8200073242188,29.85711669921875,-0.01356439704886725,-0.16882184972150682
69.4140625,957.81591796875,29.84295654296875,-0.017308952663711352,-0.18155245904985406
69.4296875,957.8309326171876,29.847808837890625,-0.002249493596650609,-0.17531969409573023
69.4453125,957.8327026367188,29.84295654296875,-0.000470109337697977,-0.17876439535340438
69.4609375,957.82421875,29.82880401611328,-0.008779113320997567,-0.1914097587541157
69.4765625,957.8441772460938,29.83216094970703,0.010961035452965007,-0.18658366246379998
69.4921875,957.813232421875,29.843338012695312,-0.019593480391449702,-0.1740362354171161
69.5078125,957.814453125,29.833274841308597,-0.018013933960446593,-0.1826611301881762
69.5234375,957.8133544921876,29.834014892578125,-0.018739274453082544,-0.18049982048959734
69.5390625,957.8104248046876,29.82917022705078,-0.021245740039944394,-0.18389648221993227
69.5546875,957.8056030273438,29.831787109375,-0.025558386184911797,-0.17986335302152767
69.5703125,957.8169555664062,29.82098388671875,-0.013928389170814626,-0.18917699305529467
69.5859375,957.8108520507812,29.83252716064453,-0.019640656655269595,-0.17624595569881407
69.6015625,957.8120727539062,29.823219299316406,-0.018060188812910383,-0.18410417783141497
69.6171875,957.8301391601562,29.82284545898437,6.096002721278637e-06,-0.1830367836465463
69.6328125,957.810302734375,29.830291748046875,-0.019443018650008526,-0.17421869384510558
69.6484375,957.7994995117188,29.82284545898437,-0.02965549440580162,-0.18024572522864446
69.6640625,957.8208618164062,29.818748474121094,-0.008131213356591616,-0.18290253266932766
69.6796875,957.821044921875,29.823219299316406,-0.007792871405627011,-0.17703770975937516
69.6953125,957.819091796875,29.810546875,-0.00955564491334826,-0.1882280236533127
69.7109375,957.8262329101562,29.807937622070312,-0.0023673728111361925,-0.18934636035969632
69.7265625,957.821044921875,29.812408447265625,-0.007407795446056298,-0.18343119504591243
69.7421875,957.80810546875,29.800865173339844,-0.019949841372408628,-0.1934512309328511
69.7578125,957.8196411132812,29.806076049804688,-0.008249857059126953,-0.18676972669872782
69.7734375,957.8270263671876,29.79974365234375,-0.0008477163723910053,-0.1915935138146665
69.7890625,957.8245239257812,29.80644989013672,-0.00328472500962107,-0.18344284417777956
69.8046875,957.8301391601562,29.8031005859375,0.0022849916043696794,-0.18533283471780138
69.8203125,957.8131713867188,29.791549682617188,-0.014396008750395595,-0.19534558383469047
69.8359375,957.8322143554688,29.80533599853516,0.004556199062108135,-0.1801408361361183
69.8515625,957.8134765625,29.77925109863281,-0.01390460965069451,-0.20461459747566835
69.8671875,957.8142700195312,29.793777465820312,-0.012855075419793138,-0.18860316598903992
69.8828125,957.82568359375,29.77925109863281,-0.001413346880667632,-0.20154258369860045
69.8984375,957.8296508789062,29.776275634765625,0.002504056668612975,-0.2029202503191776
69.9140625,957.8170776367188,29.77701568603516,-0.009872521739225704,-0.20060066624456852
69.9296875,957.8079223632812,29.773666381835938,-0.01865615855217584,-0.20235661129969884
69.9453125,957.8032836914062,29.772544860839844,-0.022839853270397725,-0.20188845938723077
69.9609375,957.8031005859376,29.76360321044922,-0.022573291576122756,-0.20918299954521657
69.9765625,957.8114624023438,29.759506225585938,-0.01393390729560906,-0.21161373453030663
69.9921875,957.815185546875,29.755783081054688,-0.01001133380407282,-0.21365455969388947
70.0078125,957.8148193359376,29.75131225585937,-0.010174858320738167,-0.21642128031975716
70.0234375,957.7916259765624,29.74945068359375,-0.03271649469411386,-0.21657751779955703
70.0390625,957.8031616210938,29.76062774658203,-0.02076716168301118,-0.20379576375806252
70.0546875,957.7828979492188,29.752052307128903,-0.040229450090123464,-0.21071205318610353
70.0703125,957.801513671875,29.761741638183597,-0.021191584319922185,-0.1994522321147585
70.0859375,957.8013916015624,29.74571990966797,-0.020897372315516805,-0.21379057031296256
70.1015625,957.8045043945312,29.75131225585937,-0.017437224281252384,-0.20657167549560995
70.1171875,957.7977905273438,29.733428955078125,-0.023679390463485106,-0.2227014217746941
70.1328125,957.7897338867188,29.737518310546875,-0.031116186731310336,-0.21690415953792908
70.1484375,957.8134765625,29.722625732421875,-0.007229497064372481,-0.22998582564993697
70.1640625,957.7872924804688,29.73491668701172,-0.03276097012894752,-0.2159941298799346
70.1796875,957.7911376953124,29.705108642578125,-0.028350994439847454,-0.24388184482670283
70.1953125,957.7964477539062,29.715164184570312,-0.02259091756775433,-0.23199953484362013
70.2109375,957.7896118164062,29.708091735839844,-0.028852111804667402,-0.2372042337024176
70.2265625,957.7901611328124,29.708091735839844,-0.027750006425890206,-0.2353510756266175
70.2421875,957.7857666015624,29.693931579589844,-0.03151671467435335,-0.24756192537758182
70.2578125,957.7910766601562,29.70548248291016,-0.025694807328932256,-0.23416718594744168
70.2734375,957.7786254882812,29.697662353515625,-0.037400940547627215,-0.24009678944086588
70.2890625,957.7889404296876,29.679031372070312,-0.026556975720495757,-0.2567064601761295
70.3046875,957.7894287109376,29.691696166992188,-0.025559540281619775,-0.24213508974445475
70.3203125,957.7852172851562,29.680519104003903,-0.02918950188211511,-0.25133315153951585
70.3359375,957.788330078125,29.67083740234375,-0.025567398192379187,-0.2589756746590446
70.3515625,957.7694091796876,29.67157745361328,-0.043619384586236265,-0.256218157581781
70.3671875,957.7830200195312,29.66151428222656,-0.029422440353073398,-0.264201006085937
70.3828125,957.7819213867188,29.67157745361328,-0.02992495845535359,-0.2521523828656278
70.3984375,957.8014526367188,29.651832580566406,-0.01019070633708452,-0.2697730586006877
70.4140625,957.7809448242188,29.655929565429688,-0.030098938391006413,-0.263600479411334
70.4296875,957.7764892578124,29.66151428222656,-0.03387961212558821,-0.25600001446903775
70.4453125,957.777099609375,29.655563354492188,-0.03261947031762702,-0.25990445046744526
70.4609375,957.7763671875,29.6529541015625,-0.0327004880482491,-0.260462815089344
70.4765625,957.7919921875,29.648101806640625,-0.016741982422331603,-0.26324233571425637
70.4921875,957.780517578125,29.64922332763672,-0.027665486488785973,-0.26007299585317867
70.5078125,957.80029296875,29.64512634277344,-0.007735992428933969,-0.2621061527421098
70.5234375,957.7802124023438,29.636558532714844,-0.027273266670476914,-0.2685593224663272
70.5390625,957.7860107421876,29.644012451171875,-0.021055494662050478,-0.2590655180404724
70.5546875,957.7665405273438,29.63097381591797,-0.03973419174212722,-0.269978339596765
70.5703125,957.7719116210938,29.63842010498047,-0.03369194373442497,-0.2604810188894646
70.5859375,957.7893676757812,29.62538146972656,-0.01591878183899098,-0.2713827818453787
70.6015625,957.7989501953124,29.64289093017578,-0.006212507184613969,-0.25188993607275023
70.6171875,957.7866821289062,29.63544464111328,-0.01811962488784502,-0.2573101608763828
70.6328125,957.7919921875,29.634689331054688,-0.012559379452454777,-0.256049334443297
70.6484375,957.795654296875,29.622398376464844,-0.008723495271283355,-0.26624388052507086
70.6640625,957.7887573242188,29.622398376464844,-0.015315380663309952,-0.2641638502084689
70.6796875,957.784423828125,29.622398376464844,-0.019265109632897293,-0.2621000701287137
70.6953125,957.7875366210938,29.622398376464844,-0.015836841729310436,-0.2600524133308326
70.7109375,957.777099609375,29.61494445800781,-0.025760692247899897,-0.26541643857077446
70.7265625,957.7904663085938,29.619415283203125,-0.012151922852808639,-0.25890697577096233
70.7421875,957.7841796875,29.619796752929688,-0.01807841613515393,-0.2565057755284279
70.7578125,957.7891235351562,29.61532592773437,-0.012878033938250155,-0.2589377210305912
70.7734375,957.7702026367188,29.60675048828125,-0.03117785947779339,-0.2654232139174333
70.7890625,957.7944946289062,29.608985900878903,-0.006751377694740768,-0.2611316466219691
70.8046875,957.7830200195312,29.6104736328125,-0.01787001075979333,-0.2576154466048699
70.8203125,957.796142578125,29.60191345214844,-0.004654728490891102,-0.2640961301808886
70.8359375,957.7810668945312,29.598182678222656,-0.019345052473568103,-0.2657345064183403
70.8515625,957.7696533203124,29.6033935546875,-0.030157872264794605,-0.2584882890944833
70.8671875,957.7891845703124,29.6104736328125,-0.010419071048659134,-0.24944408432128284
70.8828125,957.7696533203124,29.59297180175781,-0.029365353840717034,-0.26486040041210046
70.8984375,957.7745361328124,29.6033935546875,-0.02400436670518502,-0.25245084554895314
70.9140625,957.7756958007812,29.609359741210938,-0.022398513214170634,-0.2445589976268785
70.9296875,957.7781982421876,29.598556518554688,-0.01950747665534891,-0.2533672029371665
70.9453125,957.772705078125,29.59483337402344,-0.024512346953883934,-0.25508182912881594
70.9609375,957.7748413085938,29.601158142089844,-0.02193908295998881,-0.2468136465228632
70.9765625,957.77734375,29.59483337402344,-0.01905701964835771,-0.25116077072528853
70.9921875,957.7698974609376,29.60302734375,-0.025985665962480198,-0.241068622865928
71.0078125,957.7854614257812,29.593711853027344,-0.010218152268862468,-0.2484279877011737
71.0234375,957.7838745117188,29.59706115722656,-0.011574498629556729,-0.243164006287099
71.0390625,957.7633666992188,29.59632110595703,-0.03145570349033733,-0.24199855710696383
71.0546875,957.76513671875,29.595947265625,-0.02910588544420989,-0.2404788630840038
71.0703125,957.7699584960938,29.597442626953125,-0.02380980911414099,-0.23711644314841251
71.0859375,957.7702026367188,29.5888671875,-0.023105401526436253,-0.24377241476871347
71.1015625,957.7642822265624,29.576950073242188,-0.02845890129833606,-0.2536919545810079
71.1171875,957.7771606445312,29.58179473876953,-0.015276177014470704,-0.24690316960793268
71.1328125,957.7684936523438,29.567626953125,-0.023475529178540455,-0.2590313384145553
71.1484375,957.7755126953124,29.567626953125,-0.016135070463633383,-0.25700765608319287
71.1640625,957.771240234375,29.567626953125,-0.020008946803386607,-0.2549997837700424
71.1796875,957.7551879882812,29.56688690185547,-0.03535687272335508,-0.2537418675783272
71.1953125,957.7532348632812,29.57359313964844,-0.03658128683036921,-0.24510566392765654
71.2109375,957.7786254882812,29.567626953125,-0.010972094216526784,-0.24911035161944994
71.2265625,957.7755126953124,29.58179473876953,-0.013809791732569465,-0.2331070771782393
71.2421875,957.7720947265624,29.576950073242188,-0.01689128078567137,-0.23609274471569464
71.2578125,957.7500610351562,29.57880401611328,-0.03816471882873884,-0.23240881120518964
71.2734375,957.7717895507812,29.56465148925781,-0.016115183609940686,-0.2446350776070645
71.2890625,957.7579956054688,29.576950073242188,-0.029324966248168494,-0.23052136476625762
71.3046875,957.7727661132812,29.56055450439453,-0.014270191669311316,-0.2449878950700537
71.3203125,957.755126953125,29.56092071533203,-0.03128612229772898,-0.24271057722526734
71.3359375,957.7581787109376,29.56055450439453,-0.027682912053819564,-0.24117775075524506
71.3515625,957.755126953125,29.55868530273437,-0.030134383345625793,-0.2411481480996578
71.3671875,957.7493286132812,29.55644989013672,-0.03523091218960417,-0.2414821266293643
71.3828125,957.7491455078124,29.55384826660156,-0.034722337626021726,-0.24217684586636423
71.3984375,957.7543334960938,29.57173156738281,-0.028957506583992654,-0.22254125176413808
71.4140625,957.7673950195312,29.56241607666016,-0.015585514725671601,-0.23004536168610912
71.4296875,957.7578125,29.561294555664062,-0.024676471087786922,-0.22936089141125038
71.4453125,957.7625732421876,29.555709838867188,-0.01952674982010194,-0.2331100956440011
71.4609375,957.7533569335938,29.554969787597656,-0.02818167055431786,-0.23202319264077076
71.4765625,957.7667846679688,29.54676818847656,-0.014465773363326662,-0.2383480355762302
71.4921875,957.7548217773438,29.55757141113281,-0.025912479144835743,-0.2257671190690438
71.5078125,957.7547607421876,29.555709838867188,-0.02546621909982605,-0.22585034218361244
71.5234375,957.757080078125,29.547142028808597,-0.022694795600727957,-0.2325867604278109
71.5390625,957.7413940429688,29.55384826660156,-0.03763120515623086,-0.22411583105176547
71.5546875,957.7543334960938,29.540802001953125,-0.024209491249393977,-0.23530926682754227
71.5703125,957.7542114257812,29.53820037841797,-0.023856335750110702,-0.23605221153173872
71.5859375,957.7526245117188,29.544158935546875,-0.024946311339704152,-0.22829604772780954
71.6015625,957.759521484375,29.544906616210938,-0.01769681253733779,-0.22577064544606174
71.6171875,957.7459716796876,29.530746459960938,-0.030636331732011968,-0.2380563423078108
71.6328125,957.743896484375,29.540435791015625,-0.03207263003207572,-0.2265828939777066
71.6484375,957.7400512695312,29.537826538085938,-0.03521632446813783,-0.22740158325968096
71.6640625,957.747802734375,29.53820037841797,-0.026928436584853443,-0.2252540886860288
71.6796875,957.7606811523438,29.540802001953125,-0.013775604189959267,-0.22091299276688048
71.6953125,957.7542114257812,29.540061950683597,-0.019849914136216285,-0.21992137962987357
71.7109375,957.7418823242188,29.541183471679688,-0.03155051929832098,-0.21709048473820758
71.7265625,957.7530517578124,29.53820037841797,-0.019983017624554122,-0.21835425317180324
71.7421875,957.7496948242188,29.537826538085938,-0.022884092795948163,-0.2170192802733375
71.7578125,957.7257080078124,29.526275634765625,-0.04595546175698928,-0.22678447903432541
71.7734375,957.7403564453124,29.537826538085938,-0.03069555893944198,-0.21355206340374622
71.7890625,957.7391967773438,29.53820037841797,-0.031233054507538327,-0.21151276820396703
71.8046875,957.74169921875,29.53968811035156,-0.02816946831410405,-0.20838421567451348
71.8203125,957.7492065429688,29.533729553222656,-0.020258586593513428,-0.21266821989089024
71.8359375,957.7522583007812,29.533729553222656,-0.016870757906417566,-0.21100674942299236
71.8515625,957.7454223632812,29.533729553222656,-0.02324367401172367,-0.20935825919312379
71.8671875,957.7349853515624,29.544906616210938,-0.03302285983738784,-0.19663290560949065
71.8828125,957.7423706054688,29.528884887695312,-0.02513687144016785,-0.2109932697960133
71.8984375,957.7486572265624,29.540802001953125,-0.018482081394495253,-0.19752087307306
71.9140625,957.7529296875,29.53856658935547,-0.013932088807337095,-0.19819568968891232
71.9296875,957.7447509765624,29.540802001953125,-0.021678948187400238,-0.19442933742648094
71.9453125,957.751708984375,29.537826538085938,-0.014433422008096386,-0.19586257628356307
71.9609375,957.7446899414062,29.533729553222656,-0.02103347152024071,-0.19839737707538418
71.9765625,957.7362060546876,29.54229736328125,-0.028940847335775288,-0.1883465235244728
71.9921875,957.7274169921876,29.544158935546875,-0.03699299753429841,-0.18502803757713693
72.0078125,957.7385864257812,29.531494140625,-0.025319197457406517,-0.19614835724511437
72.0234375,957.7237548828124,29.52255249023437,-0.03936654627727876,-0.20348774195108987
72.0390625,957.7387084960938,29.521804809570312,-0.023936117898301745,-0.2026398333759687
72.0546875,957.7387084960938,29.529624938964844,-0.02346861559556146,-0.19329767504408224
72.0703125,957.739501953125,29.528884887695312,-0.022232284373558286,-0.19252180657678863
72.0859375,957.7246704101562,29.528884887695312,-0.03633992446452794,-0.19101772996290833
72.1015625,957.7344360351562,29.52330017089844,-0.02605527017806253,-0.19506649014446964
72.1171875,957.7265625,29.526275634765625,-0.03326613335514139,-0.19059031513449298
72.1328125,957.7341918945312,29.512863159179688,-0.02513602126873593,-0.20240901891792618
72.1484375,957.7450561523438,29.530746459960938,-0.013993018076234875,-0.18308411096373334
72.1640625,957.7352905273438,29.52515411376953,-0.023294607078696572,-0.18720242233361617
72.1796875,957.724365234375,29.53038024902344,-0.03355154262465021,-0.18055459733689716
72.1953125,957.737060546875,29.533729553222656,-0.02044888188004279,-0.17582087678504266
72.2109375,957.7424926757812,29.526275634765625,-0.014723457017225883,-0.18184296090424468
72.2265625,957.72802734375,29.537086486816406,-0.028618695512363956,-0.16969592050304527
72.2421875,957.7268676757812,29.526649475097656,-0.02919675481939521,-0.17872564368881427
72.2578125,957.7225341796876,29.526275634765625,-0.03287536319987794,-0.1777002693019334
72.2734375,957.7269287109376,29.5244140625,-0.027924565700800486,-0.17815901468031115
72.2890625,957.7364501953124,29.526275634765625,-0.018043646143837577,-0.17492011864582224
72.3046875,957.7366943359376,29.533729553222656,-0.017451858926506247,-0.16615787049981634
72.3203125,957.7374877929688,29.522178649902344,-0.01633304248332479,-0.17632042402465942
72.3359375,957.7239379882812,29.51323699951172,-0.02929919781206536,-0.18381471445891506
72.3515625,957.729736328125,29.5169677734375,-0.023041856836130137,-0.178677034747718
72.3671875,957.7294921875,29.5169677734375,-0.02283119282321877,-0.17728112041375255
72.3828125,957.7202758789062,29.52105712890625,-0.031421573654938584,-0.17183870428137027
72.3984375,957.7146606445312,29.529998779296875,-0.03631343287315758,-0.1616244206572226
72.4140625,957.7142944335938,29.51323699951172,-0.035963244517461135,-0.17699255825142401
72.4296875,957.7364501953124,29.526275634765625,-0.013537805400460456,-0.16267303297409796
72.4453125,957.7232055664062,29.52031707763672,-0.026259339886564703,-0.16731415580532527
72.4609375,957.7262573242188,29.51920318603516,-0.022754308986691285,-0.16711220328651777
72.4765625,957.7291259765624,29.515846252441406,-0.019497264911706225,-0.16913734674839276
72.4921875,957.7244873046876,29.50839233398437,-0.023664531771146358,-0.17521164594601046
72.5078125,957.7415161132812,29.51844787597656,-0.0065061192092343845,-0.16386582189168308
72.5234375,957.73583984375,29.516586303710938,-0.011944451460408345,-0.1644326488904504
72.5390625,957.72021484375,29.5169677734375,-0.027030985611531833,-0.16276952932667044
72.5546875,957.7294921875,29.51844787597656,-0.017406891043947326,-0.1600293531408319
72.5703125,957.729736328125,29.51062774658203,-0.01682754044986723,-0.16653815845305076
72.5859375,957.7158203125,29.516586303710938,-0.030143095995299518,-0.15932507318879985
72.6015625,957.716552734375,29.511375427246094,-0.028836246891387418,-0.16325051254697343
72.6171875,957.7123413085938,29.51323699951172,-0.0324022103156949,-0.1601280891853989
72.6328125,957.7352294921876,29.516586303710938,-0.009328205887413787,-0.1555539507284749
72.6484375,957.7160034179688,29.515098571777344,-0.02799657932291666,-0.1558147945162709
72.6640625,957.7140502929688,29.51026153564453,-0.02936474916032239,-0.15939673822213862
72.6796875,957.7349853515624,29.511001586914062,-0.00826504817280238,-0.15741718158578877
72.6953125,957.7288818359376,29.511741638183597,-0.014087927785908505,-0.1554530902356568
72.7109375,957.725341796875,29.503173828125,-0.017283670621054625,-0.16273948701070395
72.7265625,957.7046508789062,29.50839233398437,-0.03723289740639757,-0.15629034848608825
72.7421875,957.7194213867188,29.507644653320312,-0.02202367104712266,-0.15581116954741248
72.7578125,957.7255249023438,29.52255249023437,-0.015609214886580958,-0.13980252534715376
72.7734375,957.7184448242188,29.511741638183597,-0.02224614275746717,-0.14943671038700757
72.7890625,957.7260131835938,29.498703002929688,-0.014391107925803226,-0.1612060070030985
72.8046875,957.712158203125,29.49647521972656,-0.02769440698057224,-0.16215696372023913
72.8203125,957.710693359375,29.512115478515625,-0.028589734114689236,-0.14537204317390007
72.8359375,957.7228393554688,29.516586303710938,-0.01612257126271288,-0.13980042721312813
72.8515625,957.7294311523438,29.511001586914062,-0.009344626450456417,-0.14424932257242418
72.8671875,957.7240600585938,29.514732360839844,-0.01442830379028237,-0.1394207474853424
72.8828125,957.729248046875,29.51062774658203,-0.009059840596705726,-0.14240406985453546
72.8984375,957.7233276367188,29.511001586914062,-0.014687667730413523,-0.14092061835436098
72.9140625,957.7215576171876,29.52031707763672,-0.01613624805725067,-0.13057696257208207
72.9296875,957.740966796875,29.51844787597656,0.0032090071841821555,-0.13141142857417876
72.9453125,957.7383422851562,29.522918701171875,0.0005730795384124576,-0.12594887991496506
72.9609375,957.7461547851562,29.519943237304688,0.00822179868805506,-0.12791712234635355
72.9765625,957.751953125,29.529998779296875,0.01374630770112617,-0.11694078675764885
72.9921875,957.760986328125,29.516586303710938,0.022334598505267422,-0.12933487748152572
73.0078125,957.776123046875,29.516586303710938,0.036739455590122816,-0.12832444875120075
73.0234375,957.7730102539062,29.516586303710938,0.03296989186708288,-0.12732191399533122
73.0390625,957.7890625,29.527389526367188,0.04806467432877071,-0.11560838906299509
73.0546875,957.781005859375,29.528884887695312,0.03922662679553923,-0.11322151970569294
73.0703125,957.7774658203124,29.53409576416016,0.03498958406623842,-0.10716681009052564
73.0859375,957.78662109375,29.53968811035156,0.043282653255687364,-0.10078091339991602
73.1015625,957.7964477539062,29.544906616210938,0.05207202213432538,-0.09481582623162765
73.1171875,957.7822265625,29.55384826660156,0.037111556690433645,-0.0852032838422474
73.1328125,957.8010864257812,29.56391143798828,0.05487822817531196,-0.07455308032696806
73.1484375,957.818115234375,29.572479248046875,0.070502602457168,-0.06546976034440277
73.1640625,957.8110961914062,29.582534790039062,0.06224364621721179,-0.05498129477133773
73.1796875,957.8053588867188,29.59632110595703,0.0554027020467629,-0.04087314308107537
73.1953125,957.7982788085938,29.602279663085938,0.04737882267329496,-0.03464181574941705
73.2109375,957.7939453125,29.59297180175781,0.042204597544809985,-0.04360632022537558
73.2265625,957.8200073242188,29.61792755126953,0.06693327705136198,-0.018504863129951588
73.2421875,957.8226928710938,29.621658325195312,0.0682590812715489,-0.01465866663226123
73.2578125,957.805908203125,29.64289093017578,0.05046905366793908,0.00652257945486312
73.2734375,957.8173828125,29.64997100830078,0.06073382587408105,0.013496386817521966
73.2890625,957.8304443359376,29.646240234375,0.07235403389540807,0.00968931904102277
73.3046875,957.8245239257812,29.66151428222656,0.06513609202534099,0.02476834058873223
73.3203125,957.8298950195312,29.694305419921875,0.06913009230311218,0.05710979485995438
73.3359375,957.825439453125,29.68909454345703,0.0634113515629906,0.05149345809514827
73.3515625,957.8156127929688,29.70398712158203,0.052538115402740004,0.06586739531217845
73.3671875,957.8153686523438,29.71368408203125,0.051272608082854276,0.0749740092320117
73.3828125,957.8189086914062,29.726341247558597,0.05374208763078059,0.08694655620655212
73.3984375,957.812255859375,29.733428955078125,0.04616954357607028,0.09329962104072109
73.4140625,957.8130493164062,29.768814086914062,0.04604575450173343,0.12767940324480875
73.4296875,957.8303833007812,29.759506225585938,0.0621418533518181,0.11744676424546086
73.4453125,957.8158569335938,29.765464782714844,0.046685496200211674,0.12244121730113022
73.4609375,957.8147583007812,29.790428161621094,0.04469649496218153,0.14625299779951106
73.4765625,957.8217163085938,29.789306640625,0.050645625767401725,0.14399763714089175
73.4921875,957.8203125,29.79192352294922,0.04828006293200815,0.1454690935317906
73.5078125,957.8366088867188,29.818748474121094,0.06331519086847948,0.1709479974794199
73.5234375,957.8296508789062,29.82992553710937,0.05525645682439517,0.18070220843279472
73.5390625,957.8406982421876,29.83587646484375,0.06500882361933691,0.1851949085408684
73.5546875,957.8240966796876,29.84258270263672,0.04746180680058387,0.19040191862810474
73.5703125,957.8482055664062,29.854515075683597,0.07017282841138694,0.20075355502127223
73.5859375,957.83349609375,29.87164306640625,0.054380087088020446,0.21617934616779877
73.6015625,957.8328857421876,29.88170623779297,0.05271954537863621,0.2244749978861229
73.6171875,957.833984375,29.889907836914062,0.05276704189827797,0.23085881109309625
73.6328125,957.8440551757812,29.893630981445312,0.061610541064737845,0.23274928409603035
73.6484375,957.8377075195312,29.91448974609375,0.054183531595754175,0.2516267358636526
73.6640625,957.8368530273438,29.91710662841797,0.05228745660735967,0.2522573399207779
73.6796875,957.8402099609376,29.9178466796875,0.05455758570508351,0.2510208490716366
73.6953125,957.8372192382812,29.933120727539062,0.05055969775480662,0.26421446804098636
73.7109375,957.8240966796876,29.962181091308597,0.03670594503694247,0.290983622187003
73.7265625,957.8507080078124,29.96479034423828,0.062080607670282006,0.29129918077983774
73.7421875,957.8380126953124,29.969635009765625,0.0484207386240314,0.293830222507907
73.7578125,957.8458251953124,29.988265991210938,0.05513493318210294,0.31002010079733466
73.7734375,957.8602294921876,29.98564910888672,0.06818104197031971,0.3050016308287944
73.7890625,957.84765625,29.995346069335938,0.054521709943173846,0.31224000853365297
73.8046875,957.8289794921876,30.00652313232422,0.03514485540949863,0.32089037565067
73.8203125,957.8406982421876,30.020301818847656,0.04594830061637367,0.33205446012587103
73.8359375,957.8403930664062,30.02104949951172,0.04475165755309263,0.3302021240650106
73.8515625,957.8324584960938,30.01620483398437,0.03609800350545811,0.32281560339283644
73.8671875,957.8435668945312,30.022911071777344,0.046284401905040795,0.3269474518015443
73.8828125,957.8375854492188,30.031478881835938,0.03951578947157941,0.3328940488768559
73.8984375,957.8317260742188,30.038185119628903,0.03299906262645891,0.33694715943021336
73.9140625,957.8323974609376,30.05755615234375,0.033012823381568523,0.3535344562689282
73.9296875,957.8541259765624,30.05755615234375,0.05367217222885756,0.3507724683293283
73.9453125,957.83935546875,30.05755615234375,0.03814186628335392,0.3480320584205039
73.9609375,957.8443603515624,30.06128692626953,0.042304039152440964,0.3490146852185809
73.9765625,957.8318481445312,30.06017303466797,0.029209960400180535,0.3451828186668848
73.9921875,957.8390502929688,30.065757751464844,0.03570093483699566,0.34802716409295087
74.0078125,957.8372192382812,30.069114685058597,0.03320835905287822,0.3486389094235278
74.0234375,957.8474731445312,30.081031799316406,0.04261339293373112,0.35773917974632496
74.0390625,957.8468627929688,30.07209014892578,0.041182669469435496,0.3460725486576095
74.0546875,957.8372192382812,30.08252716064453,0.03092311644638812,0.35372432943592
74.0703125,957.8568725585938,30.087364196777344,0.04958861572845308,0.35576010490022725
74.0859375,957.8272705078124,30.10041046142578,0.01959620235049897,0.3659250697865666
74.1015625,957.8458251953124,30.10636138916016,0.03740575528308909,0.3689707162903133
74.1171875,957.8526611328124,30.103759765625,0.0433775972209105,0.3635068342180041
74.1328125,957.8462524414062,30.10785675048828,0.03624685687304918,0.3647319142447145
74.1484375,957.8429565429688,30.12834930419922,0.03230738502861641,0.38221490179974893
74.1640625,957.84521484375,30.13095092773437,0.03389057475885693,0.3818101462307233
74.1796875,957.845458984375,30.12908935546875,0.0334680217240475,0.37698022573099976
74.1953125,957.8452758789062,30.135421752929688,0.03263482023464803,0.3803179933232492
74.2109375,957.8330078125,30.13654327392578,0.019968965667658267,0.378459518113722
74.2265625,957.843017578125,30.13691711425781,0.02939320919711008,0.37587372283289255
74.2421875,957.8491821289062,30.149215698242188,0.03486327247878762,0.38513971067026276
74.2578125,957.8529663085938,30.13691711425781,0.03789261911617814,0.3699283053836524
74.2734375,957.8430786132812,30.148468017578125,0.02745795263558648,0.3784989023859673
74.2890625,957.85107421875,30.148094177246094,0.034761105797656455,0.3751709600066384
74.3046875,957.8560180664062,30.15815734863281,0.03892946608175407,0.3822244897418443
74.3203125,957.858154296875,30.151824951171875,0.04026363216473783,0.3729554353099651
74.3359375,957.8514404296876,30.156295776367188,0.03289449613009765,0.3744776178450806
74.3515625,957.8482055664062,30.160385131835938,0.02908034314464203,0.37560941883481647
74.3671875,957.8424682617188,30.173797607421875,0.02288711973722002,0.3859826608705923
74.3828125,957.8439331054688,30.173797607421875,0.023876339200342045,0.38296717133254177
74.3984375,957.8458251953124,30.16709899902344,0.02526513941415942,0.37332896478618594
74.4140625,957.849365234375,30.158897399902344,0.0282425773345949,0.36227480812083
74.4296875,957.8638305664062,30.16635131835937,0.041873770511074326,0.3668402209014694
74.4453125,957.8493041992188,30.165603637695312,0.026813274352434746,0.3632324422668063
74.4609375,957.8596801757812,30.18348693847656,0.03646289835796779,0.3781382763054886
74.4765625,957.8529663085938,30.16747283935547,0.029167995405373404,0.3592950820501457
74.4921875,957.8505859375,30.17417907714844,0.0262644285243141,0.36314193453184274
74.5078125,957.8611450195312,30.16747283935547,0.03610430136507148,0.3536510428580968
74.5234375,957.8585815429688,30.16932678222656,0.032885730568182225,0.3527276030281783
74.5390625,957.8465576171876,30.18907165527344,0.02045434766228027,0.3695625348557243
74.5546875,957.8516845703124,30.192428588867188,0.0250816660060309,0.370006035102211
74.5703125,957.8458862304688,30.18013000488281,0.018906698698287983,0.3549128616559756
74.5859375,957.8310546875,30.173057556152344,0.0039955628442385205,0.34512290969952986
74.6015625,957.844482421875,30.17230987548828,0.017082998445403064,0.3416847975586279
74.6171875,957.8487548828124,30.181625366210938,0.02093836056667442,0.3482580985290866
74.6328125,957.8497314453124,30.173423767089844,0.021486897225486246,0.33739980800636715
74.6484375,957.8518676757812,30.177154541015625,0.02316173848157632,0.3384654992608027
74.6640625,957.8485717773438,30.18721008300781,0.019477835355701245,0.345798220618196
74.6796875,957.8485107421876,30.176040649414062,0.019037565820667623,0.33201449962582075
74.6953125,957.8502807617188,30.177154541015625,0.020401187200377535,0.33052582567091804
74.7109375,957.8572387695312,30.165603637695312,0.02682483573528316,0.316482930769741
74.7265625,957.85107421875,30.155540466308597,0.02025676376354113,0.3040258550128456
74.7421875,957.8450317382812,30.181251525878903,0.013936660574245252,0.32716084493797126
74.7578125,957.8312377929688,30.173797607421875,0.00013992785432037635,0.31720921611780994
74.7734375,957.8458251953124,30.151824951171875,0.014439687030062487,0.2929300242438444
74.7890625,957.849609375,30.15032958984375,0.01786793182088786,0.289157829611689
74.8046875,957.8279418945312,30.15777587890625,-0.003725338713366,0.2942868989970471
74.8203125,957.8299560546876,30.15703582763672,-0.0016777571007651204,0.29125351297964386
74.8359375,957.8421630859376,30.135055541992188,0.010323624263492093,0.26716953024655865
74.8515625,957.83984375,30.142127990722656,0.007847954569569993,0.2720994635162697
74.8671875,957.8368530273438,30.142127990722656,0.004762364102475658,0.26997368645754705
74.8828125,957.8460693359376,30.142127990722656,0.013705651745226533,0.26786451703209835
74.8984375,957.83935546875,30.1324462890625,0.006855226265429337,0.25616576212684805
74.9140625,957.844482421875,30.1253662109375,0.011748152449172267,0.2471397020955841
74.9296875,957.8516235351562,30.10636138916016,0.018520334759159596,0.22635257656575902
74.9453125,957.849609375,30.10636138916016,0.016183788380203623,0.2245841970613398
74.9609375,957.831787109375,30.09481811523437,-0.0016064757361391457,0.21137654092355618
74.9765625,957.8446655273438,30.09556579589844,0.011051787110886835,0.21046700110647265
74.9921875,957.838623046875,30.086997985839844,0.004911468621799031,0.2003218536178153
75.0078125,957.8438110351562,30.069480895996094,0.009902201885438444,0.1813766015570799
75.0234375,957.8388061523438,30.05830383300781,0.004801668309823981,0.1688698546737264
75.0390625,957.8345947265624,30.047874450683597,0.0005787143541056139,0.15720265615928497
75.0546875,957.8494262695312,30.048995971679688,0.0151092757346305,0.1570872695213481
75.0703125,957.8366088867188,30.040054321289062,0.002247129388479152,0.14698823148126294
75.0859375,957.8226928710938,30.027755737304688,-0.011440978302175608,0.13363738462581765
75.1015625,957.8214721679688,30.02477264404297,-0.012414382961765114,0.129633554712818
75.1171875,957.8309326171876,30.004653930664062,-0.002896239724464067,0.10865925663599185
75.1328125,957.8355102539062,30.01620483398437,0.001648557209136925,0.11927101808164053
75.1484375,957.8319091796876,30.01434326171875,-0.001914381911660712,0.11649218452058108
75.1640625,957.8328857421876,29.99311065673828,-0.000919502626288704,0.09451536407495453
75.1796875,957.8342895507812,29.988265991210938,0.0004748468663819949,0.08897014621520682
75.1953125,957.8497924804688,29.99273681640625,0.015665710605617278,0.092710963821375
75.2109375,957.8391723632812,29.987518310546875,0.004947046671645694,0.08680892313417132
75.2265625,957.8164672851562,29.97857666015625,-0.017411194901569615,0.07725893467523903
75.2421875,957.8228759765624,29.96479034423828,-0.010787610849092744,0.06297673892322919
75.2578125,957.831298828125,29.96479034423828,-0.002318572581657463,0.06248473315039149
75.2734375,957.8079223632812,29.946533203125,-0.02519318122574532,0.04388206397431915
75.2890625,957.8323974609376,29.930519104003903,-0.000704058499650273,0.027650246377806553
75.3046875,957.8226928710938,29.93647003173828,-0.010205354430581792,0.03333866493943205
75.3203125,957.8233642578124,29.93647003173828,-0.009347757405066659,0.033078206619592265
75.3359375,957.8233642578124,29.937225341796875,-0.00916518401822941,0.03356919232913924
75.3515625,957.8270874023438,29.91300201416016,-0.005335749653113453,0.009272850124514065
75.3671875,957.8231811523438,29.92455291748047,-0.00906149184743299,0.0206610678710355
75.3828125,957.8379516601562,29.908164978027344,0.0055975117470552505,0.004239744602145379
75.3984375,957.8214111328124,29.904808044433597,-0.010729284823469243,0.0008759140473948435
75.4140625,957.821044921875,29.89437866210937,-0.010878786859279899,-0.00947883180591802
75.4296875,957.8200073242188,29.88282012939453,-0.011683642630487157,-0.020873010110438628
75.4453125,957.8352661132812,29.885055541992188,0.003505319353280356,-0.01849199128221457
75.4609375,957.838623046875,29.876495361328125,0.006728224569201302,-0.026840826852946975
75.4765625,957.8358154296876,29.87834930419922,0.0038440330189359884,-0.024791673950744553
75.4921875,957.8182373046876,29.86382293701172,-0.01346584799705397,-0.03901086894185113
75.5078125,957.8154296875,29.87537384033203,-0.015955624067828467,-0.027245434640121857
75.5234375,957.8197631835938,29.85675048828125,-0.011395133287123826,-0.045510436794881315
75.5390625,957.812255859375,29.84258270263672,-0.018533268882720222,-0.059211986326605626
75.5546875,957.811279296875,29.836997985839844,-0.019128779988477618,-0.06429047888032713
75.5703125,957.8125610351562,29.83216094970703,-0.01749846667382826,-0.06858745630210095
75.5859375,957.813232421875,29.82805633544922,-0.016498426049679438,-0.07212416375866582
75.6015625,957.8190307617188,29.81390380859375,-0.0104911001471919,-0.08560265396871003
75.6171875,957.8131103515624,29.82284545898437,-0.01609097299296991,-0.07606208948763538
75.6328125,957.8109741210938,29.82843017578125,-0.017871203393951873,-0.06992676821661092
75.6484375,957.8184204101562,29.826568603515625,-0.010221302723380177,-0.07122749407221818
75.6640625,957.8065185546876,29.815017700195312,-0.021691065258551134,-0.08213169116289976
75.6796875,957.808349609375,29.812408447265625,-0.019472119739702975,-0.08407890546686403
75.6953125,957.8394165039062,29.804214477539062,0.011368314346441366,-0.09155199335597786
75.7109375,957.8114624023438,29.791168212890625,-0.016261846059478557,-0.10378108411375564
75.7265625,957.8087768554688,29.791168212890625,-0.01857732666621814,-0.10297029439411531
75.7421875,957.8192749023438,29.797508239746094,-0.0079214813578119,-0.0958753435734998
75.7578125,957.8033447265624,29.77925109863281,-0.023385804460644977,-0.11324082465016971
75.7734375,957.8013916015624,29.773666381835938,-0.024844028494612758,-0.11789721690448474
75.7890625,957.8087768554688,29.77068328857422,-0.01711778289711674,-0.11993593274302938
75.8046875,957.8231811523438,29.77068328857422,-0.002660488248238835,-0.11899893326847533
75.8203125,957.8065185546876,29.77068328857422,-0.01894568188276935,-0.11806925410231628
75.8359375,957.810302734375,29.76695251464844,-0.01486537910568586,-0.1208484653091233
75.8515625,957.811767578125,29.75131225585937,-0.013138806149527227,-0.13542240594117416
75.8671875,957.81005859375,29.75652313232422,-0.014557794615825514,-0.1291942519022946
75.8828125,957.8050537109376,29.74945068359375,-0.019180593884698283,-0.13520211703406915
75.8984375,957.8147583007812,29.748329162597656,-0.009290925837149189,-0.13525860960805147
75.9140625,957.8079223632812,29.747581481933597,-0.01581188553757329,-0.13494374112935859
75.9296875,957.8207397460938,29.733428955078125,-0.0029360163437104347,-0.14793145339119818
75.9453125,957.8142700195312,29.73715209960937,-0.009222036990081506,-0.14308168144698286
75.9609375,957.8263549804688,29.727096557617188,0.002807007464070921,-0.1519408388810497
75.9765625,957.8043823242188,29.726341247558597,-0.018791319708043375,-0.15150321027605074
75.9921875,957.8116455078124,29.72783660888672,-0.011302977205900788,-0.14883591262802298
76.0078125,957.8075561523438,29.72895812988281,-0.015091701176970673,-0.1465603729473095
76.0234375,957.8125610351562,29.71368408203125,-0.009889810193271842,-0.16057008938637551
76.0390625,957.8109130859376,29.704360961914062,-0.011312412548363682,-0.16856591880431537
76.0546875,957.8086547851562,29.715919494628903,-0.013305660335049652,-0.15578076588565182
76.0703125,957.8161010742188,29.71442413330078,-0.005744930427340478,-0.15604740746991652
76.0859375,957.826904296875,29.69915008544922,0.004959497458798978,-0.16998300645177977
76.1015625,957.8167114257812,29.70548248291016,-0.005131159306188238,-0.16237208860809815
76.1171875,957.7994995117188,29.702133178710938,-0.02190668521700445,-0.16442669442601243
76.1328125,957.8016357421876,29.70287322998047,-0.019384313053819824,-0.1624078412568224
76.1484375,957.8145751953124,29.69840240478516,-0.006318983758546892,-0.16557492687047315
76.1640625,957.8147583007812,29.687599182128903,-0.006016036916889789,-0.17500019523355093
76.1796875,957.8154296875,29.694305419921875,-0.005240262499000892,-0.16697916089807308
76.1953125,957.8087768554688,29.679031372070312,-0.011660807527732686,-0.18082935555628055
76.2109375,957.8145751953124,29.682388305664062,-0.0057479663621506916,-0.17608591866594736
76.2265625,957.7958984375,29.68983459472656,-0.023947678780473325,-0.16732213249717276
76.2421875,957.8292236328124,29.680152893066406,0.009194361912136628,-0.17562099170297074
76.2578125,957.8055419921876,29.68610382080078,-0.014204324050297146,-0.16834451659384086
76.2734375,957.8121948242188,29.687973022460938,-0.007404001940699345,-0.16517472653576348
76.2890625,957.8290405273438,29.68909454345703,0.00925729295806832,-0.1627715398713896
76.3046875,957.8291015625,29.68275451660156,0.009136329518355524,-0.167790382611809
76.3203125,957.8186645507812,29.674560546875,-0.0012752782511142868,-0.17460947458572562
76.3359375,957.8018798828124,29.674560546875,-0.017707212895402336,-0.17324533806552367
76.3515625,957.8116455078124,29.66674041748047,-0.007786478756770521,-0.17965089349552343
76.3671875,957.8131713867188,29.680519104003903,-0.006138322509627869,-0.16457633035512131
76.3828125,957.809814453125,29.68946075439453,-0.009309801882636748,-0.15441878402727127
76.3984375,957.8255004882812,29.676048278808597,0.0062516974675190795,-0.16652007789747714
76.4140625,957.814208984375,29.67344665527344,-0.004941372719258652,-0.16780043814019052
76.4296875,957.8065185546876,29.67791748046875,-0.012385087515895066,-0.16205360034375005
76.4453125,957.8131713867188,29.68126678466797,-0.0056202973697736525,-0.15746441883090156
76.4609375,957.800048828125,29.67418670654297,-0.018376784557972314,-0.16325899307343406
76.4765625,957.796142578125,29.66785430908203,-0.021847819039294336,-0.1682664577958235
76.4921875,957.8133544921876,29.67344665527344,-0.0045453599576603665,-0.16140322010750552
76.5078125,957.8108520507812,29.676048278808597,-0.006910148993597431,-0.15756095909912915
76.5234375,957.8129272460938,29.68126678466797,-0.004740520991958874,-0.15115227782382235
76.5390625,957.8062133789062,29.64922332763672,-0.01123066966033548,-0.18176451817651795
76.5546875,957.7977905273438,29.66561889648437,-0.019269663386467073,-0.16407700441223483
76.5703125,957.8008422851562,29.664871215820312,-0.01590114960572464,-0.16353699222413454
76.5859375,957.8185424804688,29.66785430908203,0.001763908095313127,-0.15929957162677155
76.6015625,957.7955322265624,29.651832580566406,-0.020831378119396504,-0.17395160248503316
76.6171875,957.8190307617188,29.665985107421875,0.0026150641260755947,-0.15855064535120889
76.6328125,957.8235473632812,29.665985107421875,0.006992375343088497,-0.15731196843440287
76.6484375,957.8118286132812,29.663009643554688,-0.004634062651916793,-0.1590351867367339
76.6640625,957.7919311523438,29.665985107421875,-0.024052392269254597,-0.15484050628462853
76.6796875,957.8057861328124,29.654067993164062,-0.009998243601444301,-0.16545482663195443
76.6953125,957.7928466796876,29.66077423095703,-0.022489694837076968,-0.15750836548868108
76.7109375,957.7947387695312,29.65220642089844,-0.020195308020902303,-0.16477870542580675
76.7265625,957.8067626953124,29.646240234375,-0.008011784930431531,-0.1694109474808947
76.7421875,957.8184204101562,29.646240234375,0.003574720344772686,-0.16808742445369873
76.7578125,957.7950439453124,29.661148071289062,-0.019414991676853788,-0.15198287201198113
76.7734375,957.817626953125,29.64102935791016,0.003106140820591463,-0.17075704175501727
76.7890625,957.7926635742188,29.646240234375,-0.021430338904337987,-0.16425283587384598
76.8046875,957.7999877929688,29.6600341796875,-0.013830609995125087,-0.1492834304788353
76.8203125,957.79833984375,29.66077423095703,-0.015176243604173578,-0.14738288405922972
76.8359375,957.7984008789062,29.64922332763672,-0.014819989532952604,-0.15769211716563802
76.8515625,957.806396484375,29.655929565429688,-0.006691095312930884,-0.14980630219007196
76.8671875,957.7960815429688,29.6529541015625,-0.016673887564479628,-0.1515881585099379
76.8828125,957.792724609375,29.650711059570312,-0.019639594182535802,-0.15262939424820132
76.8984375,957.7905883789062,29.654067993164062,-0.021350515576045836,-0.14810626955558703
76.9140625,957.8038940429688,29.66412353515625,-0.007887725507430332,-0.13697220625430973
76.9296875,957.7939453125,29.651832580566406,-0.01748808769536936,-0.14809704240006027
76.9453125,957.8036499023438,29.646240234375,-0.007631476409187599,-0.15248869024309641
76.9609375,957.7919921875,29.66077423095703,-0.018912449236268003,-0.13687692261683893
76.9765625,957.7935791015624,29.648101806640625,-0.016987145815051008,-0.14838099266032856
76.9921875,957.8031616210938,29.64215087890625,-0.0072600046765955994,-0.15312620226661977
77.0078125,957.7915649414062,29.64922332763672,-0.018488389747631118,-0.14491270858664862
77.0234375,957.7935180664062,29.64215087890625,-0.016212310358014292,-0.15079777327557764
77.0390625,957.7915649414062,29.64997100830078,-0.017810641698702057,-0.14186063103822733
77.0546875,957.8009643554688,29.64922332763672,-0.008246945846394738,-0.1414941842671169
77.0703125,957.7947387695312,29.64215087890625,-0.014189865147500313,-0.14740595617729113
77.0859375,957.7706298828124,29.63842010498047,-0.03755072936894521,-0.1499559743991412
77.1015625,957.7924194335938,29.643630981445312,-0.015453343068315917,-0.1436142768566846
77.1171875,957.7868041992188,29.63916015625,-0.02065708179009107,-0.14692818719221634
77.1328125,957.7862548828124,29.64102935791016,-0.02079221073165627,-0.14392571220758654
77.1484375,957.7797241210938,29.64102935791016,-0.026789320644638792,-0.14280129258096608
77.1640625,957.7944946289062,29.63208770751953,-0.011784070394014634,-0.1505574512296306
77.1796875,957.77880859375,29.647735595703125,-0.02693358005126356,-0.13385558208473824
77.1953125,957.7799072265624,29.636558532714844,-0.02533035842566278,-0.14389957753338578
77.2109375,957.7804565429688,29.63842010498047,-0.024297037292399182,-0.14092833335160648
77.2265625,957.7788696289062,29.64289093017578,-0.02537840543004677,-0.13539143387382424
77.2421875,957.7866821289062,29.63842010498047,-0.01722282133960107,-0.13876958517015936
77.2578125,957.7794799804688,29.63544464111328,-0.023947919586134958,-0.1406376658417443
77.2734375,957.7803955078124,29.63208770751953,-0.02258254083153588,-0.1428696416274029
77.2890625,957.7720336914062,29.63842010498047,-0.030339975260403662,-0.13547054694641503
77.3046875,957.7758178710938,29.63842010498047,-0.026037127690642592,-0.13441218329839444
77.3203125,957.7770385742188,29.62538146972656,-0.024331728773290706,-0.14629885903236328
77.3359375,957.7774047851562,29.633209228515625,-0.023497441315612377,-0.13738929477264605
77.3515625,957.7709350585938,29.6317138671875,-0.029381871630448586,-0.13779961972498356
77.3671875,957.7653198242188,29.621658325195312,-0.03431356877877079,-0.1467000432662573
77.3828125,957.7740478515624,29.61680603027344,-0.025085823828931098,-0.1503683355460339
77.3984375,957.7703857421876,29.616065979003903,-0.02818645013337573,-0.149927852543577
77.4140625,957.770263671875,29.626129150390625,-0.02775561965597717,-0.1387719883353178
77.4296875,957.7756958007812,29.622398376464844,-0.021887485071033552,-0.14138945943093262
77.4453125,957.7648315429688,29.621658325195312,-0.03211206040532488,-0.14101912389811488
77.4609375,957.7752075195312,29.61532592773437,-0.021311550955260827,-0.14620033759843665
77.4765625,957.7745361328124,29.6104736328125,-0.021553583422701195,-0.14987253382874144
77.4921875,957.758544921875,29.6104736328125,-0.036811497595294895,-0.14870165465820406
77.5078125,957.7801513671876,29.61309051513672,-0.014908078605230912,-0.14494348505012766
77.5234375,957.7607421875,29.6104736328125,-0.033646999341840456,-0.14640755200423428
77.5390625,957.7684326171876,29.608619689941406,-0.025449605403196074,-0.14710320194661364
77.5546875,957.7799682617188,29.59483337402344,-0.013642203823792443,-0.15963256850626095
