spi_time,coil_temp_filtered
0.0,0.03
10.0,0.0
20.0,0.035
30.0,0.075
40.0,0.04
50.0,0.075
60.0,0.06
70.0,0.08
80.0,0.0949999999999999
90.0,0.065
100.0,0.13
110.0,0.075
120.0,0.0999999999999999
130.0,0.1099999999999999
140.0,0.1049999999999999
150.0,0.14
160.0,0.085
170.0,0.1149999999999999
180.0,0.125
190.0,0.0949999999999999
200.0,0.13
210.0,0.0999999999999999
220.0,0.14
230.0,0.13
240.0,0.0949999999999999
250.0,0.12
260.0,0.13
270.0,0.12
280.0,0.16
290.0,0.0999999999999999
300.0,0.125
310.0,0.14
320.0,0.1099999999999999
330.0,0.13
340.0,0.14
350.0,0.0999999999999999
360.0,0.16
370.0,0.12
380.0,0.13
390.0,0.135
400.0,0.13
410.0,0.17
420.0,0.1099999999999999
430.0,0.13
440.0,0.135
450.0,0.13
460.0,0.14
470.0,0.1149999999999999
480.0,0.15
490.0,0.145
500.0,0.14
510.0,0.15
520.0,0.12
530.0,0.16
540.0,0.12
550.0,0.135
560.0,0.15
570.0,0.1149999999999999
580.0,0.175
590.0,0.13
600.0,0.14
610.0,0.155
620.0,0.17
630.0,0.15
640.0,0.185
650.0,0.2149999999999999
660.0,0.205
670.0,0.18
680.0,0.175
690.0,0.235
700.0,0.2199999999999999
710.0,0.205
720.0,0.2249999999999999
730.0,0.24
740.0,0.2299999999999999
750.0,0.21
760.0,0.2249999999999999
770.0,0.26
780.0,0.2199999999999999
790.0,0.2149999999999999
800.0,0.235
810.0,0.275
820.0,0.24
830.0,0.21
840.0,0.2299999999999999
850.0,0.28
860.0,0.25
870.0,0.2299999999999999
880.0,0.24
890.0,0.27
900.0,0.235
910.0,0.2199999999999999
920.0,0.265
930.0,0.25
940.0,0.25
950.0,0.2249999999999999
960.0,0.25
970.0,0.26
980.0,0.24
990.0,0.2249999999999999
1000.0,0.25
1010.0,0.26
1020.0,0.25
1030.0,0.2249999999999999
1040.0,0.26
1050.0,0.27
1060.0,0.275
1070.0,0.235
1080.0,0.265
1090.0,0.28
1100.0,0.265
1110.0,0.24
1120.0,0.245
1130.0,0.275
1140.0,0.27
1150.0,0.24
1160.0,0.26
1170.0,0.275
1180.0,0.31
1190.0,0.255
1200.0,0.265
1210.0,0.275
1220.0,0.31
1230.0,0.3350000000000001
1240.0,0.385
1250.0,0.44
1260.0,0.455
1270.0,0.48
1280.0,0.455
1290.0,0.495
1300.0,0.47
1310.0,0.48
1320.0,0.5250000000000001
1330.0,0.49
1340.0,0.505
1350.0,0.5549999999999999
1360.0,0.51
1370.0,0.55
1380.0,0.52
1390.0,0.5349999999999999
1400.0,0.53
1410.0,0.565
1420.0,0.53
1430.0,0.54
1440.0,0.55
1450.0,0.56
1460.0,0.56
1470.0,0.585
1480.0,0.5700000000000001
1490.0,0.5700000000000001
1500.0,0.56
1510.0,0.565
1520.0,0.5349999999999999
1530.0,0.55
1540.0,0.575
1550.0,0.5700000000000001
1560.0,0.585
1570.0,0.5800000000000001
1580.0,0.615
1590.0,0.585
1600.0,0.6200000000000001
1610.0,0.5900000000000001
1620.0,0.6100000000000001
1630.0,0.635
1640.0,0.6000000000000001
1650.0,0.595
1660.0,0.56
1670.0,0.5900000000000001
1680.0,0.56
1690.0,0.5900000000000001
1700.0,0.5900000000000001
1710.0,0.6300000000000001
1720.0,0.605
1730.0,0.615
1740.0,0.6100000000000001
1750.0,0.6500000000000001
1760.0,0.5900000000000001
1770.0,0.6100000000000001
1780.0,0.615
1790.0,0.625
1800.0,0.645
1810.0,0.615
1820.0,0.5449999999999999
1830.0,0.5549999999999999
1840.0,0.53
1850.0,0.48
1860.0,0.5
1870.0,0.48
1880.0,0.425
1890.0,0.45
1900.0,0.445
1910.0,0.395
1920.0,0.42
1930.0,0.44
1940.0,0.395
1950.0,0.38
1960.0,0.44
1970.0,0.38
1980.0,0.365
1990.0,0.395
2000.0,0.43
2010.0,0.4
2020.0,0.39
2030.0,0.36
2040.0,0.38
2050.0,0.395
2060.0,0.365
2070.0,0.355
2080.0,0.385
2090.0,0.395
2100.0,0.41
2110.0,0.36
2120.0,0.385
2130.0,0.395
2140.0,0.375
2150.0,0.38
2160.0,0.405
2170.0,0.385
2180.0,0.355
2190.0,0.425
2200.0,0.39
2210.0,0.36
2220.0,0.39
2230.0,0.42
2240.0,0.395
2250.0,0.375
2260.0,0.39
2270.0,0.42
2280.0,0.42
2290.0,0.38
2300.0,0.36
2310.0,0.395
2320.0,0.395
2330.0,0.36
2340.0,0.39
2350.0,0.4
2360.0,0.395
2370.0,0.405
2380.0,0.425
2390.0,0.375
2400.0,0.375
2410.0,0.435
2420.0,0.415
2430.0,0.36
2440.0,0.365
2450.0,0.375
2460.0,0.3400000000000001
2470.0,0.35
2480.0,0.375
2490.0,0.355
2500.0,0.3350000000000001
2510.0,0.3400000000000001
2520.0,0.325
2530.0,0.37
2540.0,0.345
2550.0,0.33
2560.0,0.36
2570.0,0.3
2580.0,0.33
2590.0,0.33
2600.0,0.325
2610.0,0.3350000000000001
2620.0,0.295
2630.0,0.35
2640.0,0.31
2650.0,0.325
2660.0,0.325
2670.0,0.32
2680.0,0.325
2690.0,0.295
2700.0,0.315
2710.0,0.3400000000000001
2720.0,0.3
2730.0,0.33
2740.0,0.31
2750.0,0.32
2760.0,0.3350000000000001
2770.0,0.325
2780.0,0.35
2790.0,0.295
2800.0,0.325
2810.0,0.3
2820.0,0.32
2830.0,0.33
2840.0,0.3
2850.0,0.365
2860.0,0.325
2870.0,0.325
2880.0,0.33
2890.0,0.305
2900.0,0.355
2910.0,0.305
2920.0,0.325
2930.0,0.3400000000000001
2940.0,0.3
2950.0,0.3400000000000001
2960.0,0.315
2970.0,0.345
2980.0,0.3400000000000001
2990.0,0.325
3000.0,0.35
3010.0,0.3
3020.0,0.35
3030.0,0.37
3040.0,0.38
3050.0,0.395
3060.0,0.385
3070.0,0.405
3080.0,0.42
3090.0,0.415
3100.0,0.43
3110.0,0.485
3120.0,0.48
3130.0,0.48
3140.0,0.495
3150.0,0.5150000000000001
3160.0,0.52
3170.0,0.5349999999999999
3180.0,0.51
3190.0,0.54
3200.0,0.54
3210.0,0.5549999999999999
3220.0,0.5549999999999999
3230.0,0.5700000000000001
3240.0,0.56
3250.0,0.54
3260.0,0.585
3270.0,0.575
3280.0,0.605
3290.0,0.6100000000000001
3300.0,0.6100000000000001
3310.0,0.655
3320.0,0.6300000000000001
3330.0,0.605
3340.0,0.635
3350.0,0.6500000000000001
3360.0,0.655
3370.0,0.6600000000000001
3380.0,0.7
3390.0,0.6799999999999999
3400.0,0.6799999999999999
3410.0,0.6699999999999999
3420.0,0.6950000000000001
3430.0,0.665
3440.0,0.6600000000000001
3450.0,0.7150000000000001
3460.0,0.685
3470.0,0.69
3480.0,0.7
3490.0,0.685
3500.0,0.69
3510.0,0.665
3520.0,0.655
3530.0,0.675
3540.0,0.6600000000000001
3550.0,0.675
3560.0,0.69
3570.0,0.675
3580.0,0.675
3590.0,0.665
3600.0,0.655
3610.0,0.6600000000000001
3620.0,0.6500000000000001
3630.0,0.6400000000000001
3640.0,0.6100000000000001
3650.0,0.6400000000000001
3660.0,0.645
3670.0,0.605
3680.0,0.635
3690.0,0.595
3700.0,0.6400000000000001
3710.0,0.585
3720.0,0.625
3730.0,0.5900000000000001
3740.0,0.6000000000000001
3750.0,0.6000000000000001
3760.0,0.595
3770.0,0.56
3780.0,0.565
3790.0,0.585
3800.0,0.5900000000000001
3810.0,0.6000000000000001
3820.0,0.5700000000000001
3830.0,0.565
3840.0,0.5349999999999999
3850.0,0.5349999999999999
3860.0,0.53
3870.0,0.5900000000000001
3880.0,0.5250000000000001
3890.0,0.5800000000000001
3900.0,0.5449999999999999
3910.0,0.55
3920.0,0.505
3930.0,0.53
3940.0,0.53
3950.0,0.5250000000000001
3960.0,0.5
3970.0,0.49
3980.0,0.5150000000000001
3990.0,0.54
4000.0,0.5150000000000001
4010.0,0.5150000000000001
4020.0,0.49
4030.0,0.5150000000000001
4040.0,0.475
4050.0,0.475
4060.0,0.48
4070.0,0.495
4080.0,0.495
4090.0,0.52
4100.0,0.485
4110.0,0.49
4120.0,0.51
4130.0,0.4650000000000001
4140.0,0.475
4150.0,0.49
4160.0,0.47
4170.0,0.5
4180.0,0.445
4190.0,0.4600000000000001
4200.0,0.4600000000000001
4210.0,0.42
4220.0,0.435
4230.0,0.4650000000000001
4240.0,0.455
4250.0,0.4600000000000001
4260.0,0.4650000000000001
4270.0,0.425
4280.0,0.47
4290.0,0.4650000000000001
4300.0,0.44
4310.0,0.475
4320.0,0.45
4330.0,0.45
4340.0,0.44
4350.0,0.4600000000000001
4360.0,0.505
4370.0,0.485
4380.0,0.455
4390.0,0.48
4400.0,0.48
4410.0,0.52
4420.0,0.495
4430.0,0.4650000000000001
4440.0,0.53
4450.0,0.5150000000000001
4460.0,0.5150000000000001
4470.0,0.5
4480.0,0.54
4490.0,0.485
4500.0,0.5250000000000001
4510.0,0.5250000000000001
4520.0,0.54
4530.0,0.5349999999999999
4540.0,0.5700000000000001
4550.0,0.5449999999999999
4560.0,0.53
4570.0,0.5150000000000001
4580.0,0.5349999999999999
4590.0,0.565
4600.0,0.565
4610.0,0.55
4620.0,0.565
4630.0,0.575
4640.0,0.585
4650.0,0.5900000000000001
4660.0,0.585
4670.0,0.5900000000000001
4680.0,0.565
4690.0,0.625
4700.0,0.5900000000000001
4710.0,0.595
4720.0,0.595
4730.0,0.655
4740.0,0.635
4750.0,0.6400000000000001
4760.0,0.625
4770.0,0.635
4780.0,0.645
4790.0,0.655
4800.0,0.7
4810.0,0.6400000000000001
4820.0,0.6400000000000001
4830.0,0.685
4840.0,0.675
4850.0,0.6500000000000001
4860.0,0.7050000000000001
4870.0,0.6799999999999999
4880.0,0.6799999999999999
4890.0,0.6699999999999999
4900.0,0.665
4910.0,0.7
4920.0,0.6300000000000001
4930.0,0.665
4940.0,0.6300000000000001
4950.0,0.6600000000000001
4960.0,0.6600000000000001
4970.0,0.645
4980.0,0.6200000000000001
4990.0,0.615
5000.0,0.6400000000000001
5010.0,0.645
5020.0,0.625
5030.0,0.6300000000000001
5040.0,0.6200000000000001
5050.0,0.6100000000000001
5060.0,0.5900000000000001
5070.0,0.605
5080.0,0.6100000000000001
5090.0,0.625
5100.0,0.5800000000000001
5110.0,0.6100000000000001
5120.0,0.595
5130.0,0.6200000000000001
5140.0,0.595
5150.0,0.585
5160.0,0.5549999999999999
5170.0,0.5800000000000001
5180.0,0.5800000000000001
5190.0,0.5800000000000001
5200.0,0.575
5210.0,0.565
5220.0,0.5449999999999999
5230.0,0.5900000000000001
5240.0,0.565
5250.0,0.5549999999999999
5260.0,0.5700000000000001
5270.0,0.565
5280.0,0.55
5290.0,0.56
5300.0,0.6000000000000001
5310.0,0.53
5320.0,0.575
5330.0,0.55
5340.0,0.5449999999999999
5350.0,0.585
5360.0,0.5449999999999999
5370.0,0.56
5380.0,0.5549999999999999
5390.0,0.575
5400.0,0.575
5410.0,0.565
5420.0,0.5449999999999999
5430.0,0.51
5440.0,0.54
5450.0,0.54
5460.0,0.54
5470.0,0.505
5480.0,0.53
5490.0,0.55
5500.0,0.52
5510.0,0.5
5520.0,0.5449999999999999
5530.0,0.5250000000000001
5540.0,0.505
5550.0,0.505
5560.0,0.5349999999999999
5570.0,0.5
5580.0,0.505
5590.0,0.495
5600.0,0.505
5610.0,0.51
5620.0,0.53
5630.0,0.495
5640.0,0.5150000000000001
5650.0,0.51
5660.0,0.51
5670.0,0.49
5680.0,0.51
5690.0,0.54
5700.0,0.485
5710.0,0.5150000000000001
5720.0,0.5
5730.0,0.51
5740.0,0.51
5750.0,0.495
5760.0,0.48
5770.0,0.475
5780.0,0.485
5790.0,0.495
5800.0,0.48
5810.0,0.5349999999999999
5820.0,0.505
5830.0,0.48
5840.0,0.53
5850.0,0.5150000000000001
5860.0,0.5349999999999999
5870.0,0.53
5880.0,0.51
5890.0,0.5250000000000001
5900.0,0.575
5910.0,0.5349999999999999
5920.0,0.585
5930.0,0.5549999999999999
5940.0,0.56
5950.0,0.585
5960.0,0.5549999999999999
5970.0,0.5800000000000001
5980.0,0.5700000000000001
5990.0,0.565
6000.0,0.595
6010.0,0.615
6020.0,0.645
6030.0,0.665
6040.0,0.635
6050.0,0.6100000000000001
6060.0,0.6300000000000001
6070.0,0.69
6080.0,0.6699999999999999
6090.0,0.675
6100.0,0.69
6110.0,0.6699999999999999
6120.0,0.72
6130.0,0.72
6140.0,0.73
6150.0,0.7050000000000001
6160.0,0.7650000000000001
6170.0,0.73
6180.0,0.78
6190.0,0.77
6200.0,0.7650000000000001
6210.0,0.7550000000000001
6220.0,0.77
6230.0,0.78
6240.0,0.7850000000000001
6250.0,0.7750000000000001
6260.0,0.79
6270.0,0.7650000000000001
6280.0,0.815
6290.0,0.7450000000000001
6300.0,0.81
6310.0,0.7350000000000001
6320.0,0.7550000000000001
6330.0,0.7750000000000001
6340.0,0.79
6350.0,0.76
6360.0,0.7350000000000001
6370.0,0.76
6380.0,0.79
6390.0,0.75
6400.0,0.71
6410.0,0.75
6420.0,0.7050000000000001
6430.0,0.76
6440.0,0.7
6450.0,0.74
6460.0,0.7150000000000001
6470.0,0.6950000000000001
6480.0,0.7
6490.0,0.71
6500.0,0.7050000000000001
6510.0,0.675
6520.0,0.665
6530.0,0.69
6540.0,0.6699999999999999
6550.0,0.7
6560.0,0.685
6570.0,0.6600000000000001
6580.0,0.685
6590.0,0.6500000000000001
6600.0,0.665
6610.0,0.635
6620.0,0.6600000000000001
6630.0,0.6400000000000001
6640.0,0.665
6650.0,0.625
6660.0,0.6000000000000001
6670.0,0.6100000000000001
6680.0,0.595
6690.0,0.575
6700.0,0.595
6710.0,0.585
6720.0,0.575
6730.0,0.55
6740.0,0.575
6750.0,0.595
6760.0,0.5349999999999999
6770.0,0.5449999999999999
6780.0,0.595
6790.0,0.56
6800.0,0.5349999999999999
6810.0,0.565
6820.0,0.5549999999999999
6830.0,0.55
6840.0,0.5449999999999999
6850.0,0.5700000000000001
6860.0,0.55
6870.0,0.53
6880.0,0.585
6890.0,0.5250000000000001
6900.0,0.5349999999999999
6910.0,0.575
6920.0,0.5549999999999999
6930.0,0.5250000000000001
6940.0,0.55
6950.0,0.56
6960.0,0.5449999999999999
6970.0,0.53
6980.0,0.55
6990.0,0.5449999999999999
7000.0,0.53
7010.0,0.55
7020.0,0.5800000000000001
7030.0,0.5449999999999999
7040.0,0.5250000000000001
7050.0,0.5700000000000001
7060.0,0.5449999999999999
7070.0,0.54
7080.0,0.5449999999999999
7090.0,0.54
7100.0,0.5349999999999999
7110.0,0.5549999999999999
7120.0,0.55
7130.0,0.5349999999999999
7140.0,0.5250000000000001
7150.0,0.5800000000000001
7160.0,0.54
7170.0,0.52
7180.0,0.5449999999999999
7190.0,0.5449999999999999
7200.0,0.5349999999999999
7210.0,0.575
7220.0,0.54
7230.0,0.53
7240.0,0.565
7250.0,0.5900000000000001
7260.0,0.5800000000000001
7270.0,0.595
7280.0,0.6300000000000001
7290.0,0.6400000000000001
7300.0,0.615
7310.0,0.645
7320.0,0.6950000000000001
7330.0,0.6600000000000001
7340.0,0.635
7350.0,0.645
7360.0,0.675
7370.0,0.685
7380.0,0.7150000000000001
7390.0,0.69
7400.0,0.645
7410.0,0.69
7420.0,0.69
7430.0,0.73
7440.0,0.73
7450.0,0.6950000000000001
7460.0,0.69
7470.0,0.665
7480.0,0.6699999999999999
7490.0,0.675
7500.0,0.7050000000000001
7510.0,0.7250000000000001
7520.0,0.7250000000000001
7530.0,0.7
7540.0,0.7050000000000001
7550.0,0.675
7560.0,0.675
7570.0,0.72
7580.0,0.71
7590.0,0.73
7600.0,0.71
7610.0,0.685
7620.0,0.7
7630.0,0.7150000000000001
7640.0,0.72
7650.0,0.71
7660.0,0.685
7670.0,0.7150000000000001
7680.0,0.75
7690.0,0.72
7700.0,0.6950000000000001
7710.0,0.6950000000000001
7720.0,0.72
7730.0,0.7550000000000001
7740.0,0.72
7750.0,0.69
7760.0,0.7150000000000001
7770.0,0.7250000000000001
7780.0,0.74
7790.0,0.71
7800.0,0.6950000000000001
7810.0,0.72
7820.0,0.76
7830.0,0.7250000000000001
7840.0,0.7350000000000001
7850.0,0.71
7860.0,0.7750000000000001
7870.0,0.7650000000000001
7880.0,0.7949999999999999
7890.0,0.7949999999999999
7900.0,0.79
7910.0,0.8500000000000001
7920.0,0.8200000000000001
7930.0,0.825
7940.0,0.8049999999999999
7950.0,0.8300000000000001
7960.0,0.81
7970.0,0.865
7980.0,0.81
7990.0,0.885
8000.0,0.8200000000000001
8010.0,0.8900000000000001
8020.0,0.825
8030.0,0.8600000000000001
8040.0,0.855
8050.0,0.825
8060.0,0.8700000000000001
8070.0,0.845
8080.0,0.895
8090.0,0.8700000000000001
8100.0,0.91
8110.0,0.8800000000000001
8120.0,0.8700000000000001
8130.0,0.905
8140.0,0.875
8150.0,0.8700000000000001
8160.0,0.8400000000000001
8170.0,0.875
8180.0,0.875
8190.0,0.8900000000000001
8200.0,0.845
8210.0,0.8800000000000001
8220.0,0.875
8230.0,0.855
8240.0,0.895
8250.0,0.8900000000000001
8260.0,0.8800000000000001
8270.0,0.9000000000000001
8280.0,0.8800000000000001
8290.0,0.8500000000000001
8300.0,0.915
8310.0,0.885
8320.0,0.8800000000000001
8330.0,0.91
8340.0,0.8600000000000001
8350.0,0.8600000000000001
8360.0,0.905
8370.0,0.8900000000000001
8380.0,0.885
8390.0,0.8900000000000001
8400.0,0.8600000000000001
8410.0,0.895
8420.0,0.8600000000000001
8430.0,0.8800000000000001
8440.0,0.8900000000000001
8450.0,0.845
8460.0,0.835
8470.0,0.885
8480.0,0.8400000000000001
8490.0,0.8300000000000001
8500.0,0.825
8510.0,0.7949999999999999
8520.0,0.7949999999999999
8530.0,0.8
8540.0,0.7750000000000001
8550.0,0.8
8560.0,0.8
8570.0,0.78
8580.0,0.78
8590.0,0.78
8600.0,0.8049999999999999
8610.0,0.825
8620.0,0.7850000000000001
8630.0,0.79
8640.0,0.75
8650.0,0.75
8660.0,0.79
8670.0,0.78
8680.0,0.8200000000000001
8690.0,0.825
8700.0,0.78
8710.0,0.7750000000000001
8720.0,0.75
8730.0,0.79
8740.0,0.8200000000000001
8750.0,0.78
8760.0,0.78
8770.0,0.7550000000000001
8780.0,0.7550000000000001
8790.0,0.7850000000000001
8800.0,0.7850000000000001
8810.0,0.8200000000000001
8820.0,0.7850000000000001
8830.0,0.75
8840.0,0.7949999999999999
8850.0,0.79
8860.0,0.8200000000000001
8870.0,0.81
8880.0,0.78
8890.0,0.78
8900.0,0.7650000000000001
8910.0,0.76
8920.0,0.7949999999999999
8930.0,0.7949999999999999
8940.0,0.7850000000000001
8950.0,0.815
8960.0,0.79
8970.0,0.7850000000000001
8980.0,0.77
8990.0,0.77
9000.0,0.79
9010.0,0.7949999999999999
9020.0,0.8
9030.0,0.8
9040.0,0.7850000000000001
9050.0,0.76
9060.0,0.74
9070.0,0.74
9080.0,0.69
9090.0,0.72
9100.0,0.73
9110.0,0.665
9120.0,0.6699999999999999
9130.0,0.7150000000000001
9140.0,0.6699999999999999
9150.0,0.655
9160.0,0.675
9170.0,0.6799999999999999
9180.0,0.655
9190.0,0.665
9200.0,0.655
9210.0,0.625
9220.0,0.6699999999999999
9230.0,0.675
9240.0,0.6200000000000001
9250.0,0.635
9260.0,0.645
9270.0,0.645
9280.0,0.625
9290.0,0.6500000000000001
9300.0,0.645
9310.0,0.645
9320.0,0.6500000000000001
9330.0,0.6500000000000001
9340.0,0.6400000000000001
9350.0,0.6100000000000001
9360.0,0.6400000000000001
9370.0,0.665
9380.0,0.6100000000000001
9390.0,0.615
9400.0,0.6699999999999999
9410.0,0.635
9420.0,0.615
9430.0,0.6400000000000001
9440.0,0.635
9450.0,0.6300000000000001
9460.0,0.635
9470.0,0.6500000000000001
9480.0,0.595
9490.0,0.635
9500.0,0.6600000000000001
9510.0,0.615
9520.0,0.605
9530.0,0.6600000000000001
9540.0,0.625
9550.0,0.6100000000000001
9560.0,0.635
9570.0,0.635
9580.0,0.6300000000000001
9590.0,0.635
9600.0,0.6300000000000001
9610.0,0.6300000000000001
9620.0,0.605
9630.0,0.635
9640.0,0.6600000000000001
9650.0,0.615
9660.0,0.615
9670.0,0.6200000000000001
9680.0,0.615
9690.0,0.625
9700.0,0.635
9710.0,0.6200000000000001
9720.0,0.645
9730.0,0.6500000000000001
9740.0,0.6200000000000001
9750.0,0.625
9760.0,0.625
9770.0,0.615
9780.0,0.605
9790.0,0.6000000000000001
9800.0,0.605
9810.0,0.615
9820.0,0.605
9830.0,0.625
9840.0,0.615
9850.0,0.6300000000000001
9860.0,0.6500000000000001
9870.0,0.655
9880.0,0.655
9890.0,0.69
9900.0,0.6300000000000001
9910.0,0.69
9920.0,0.665
9930.0,0.6600000000000001
9940.0,0.6950000000000001
9950.0,0.7150000000000001
9960.0,0.655
9970.0,0.69
9980.0,0.69
9990.0,0.675
10000.0,0.7250000000000001
10010.0,0.7
10020.0,0.7250000000000001
10030.0,0.69
10040.0,0.7450000000000001
10050.0,0.7
10060.0,0.7450000000000001
10070.0,0.71
10080.0,0.7550000000000001
10090.0,0.7450000000000001
10100.0,0.7550000000000001
10110.0,0.7350000000000001
10120.0,0.7550000000000001
10130.0,0.81
10140.0,0.7650000000000001
10150.0,0.7450000000000001
10160.0,0.7750000000000001
10170.0,0.77
10180.0,0.7750000000000001
10190.0,0.77
10200.0,0.7750000000000001
10210.0,0.7550000000000001
10220.0,0.74
10230.0,0.76
10240.0,0.7949999999999999
10250.0,0.7949999999999999
10260.0,0.73
10270.0,0.7550000000000001
10280.0,0.72
10290.0,0.7450000000000001
10300.0,0.72
10310.0,0.74
10320.0,0.7050000000000001
10330.0,0.71
10340.0,0.72
10350.0,0.7250000000000001
10360.0,0.7550000000000001
10370.0,0.73
10380.0,0.73
10390.0,0.7450000000000001
10400.0,0.7450000000000001
10410.0,0.7150000000000001
10420.0,0.7150000000000001
10430.0,0.7
10440.0,0.7250000000000001
10450.0,0.7150000000000001
10460.0,0.69
10470.0,0.6600000000000001
10480.0,0.6799999999999999
10490.0,0.69
10500.0,0.675
10510.0,0.6799999999999999
10520.0,0.645
10530.0,0.71
10540.0,0.6500000000000001
10550.0,0.645
10560.0,0.675
10570.0,0.6500000000000001
10580.0,0.6699999999999999
10590.0,0.6699999999999999
10600.0,0.6300000000000001
10610.0,0.6699999999999999
10620.0,0.6500000000000001
10630.0,0.655
10640.0,0.69
10650.0,0.6300000000000001
10660.0,0.655
10670.0,0.6400000000000001
10680.0,0.655
10690.0,0.635
10700.0,0.6300000000000001
10710.0,0.6500000000000001
10720.0,0.6400000000000001
10730.0,0.685
10740.0,0.6799999999999999
10750.0,0.665
10760.0,0.675
10770.0,0.7
10780.0,0.685
10790.0,0.69
10800.0,0.665
10810.0,0.685
10820.0,0.69
10830.0,0.675
10840.0,0.6950000000000001
10850.0,0.665
10860.0,0.7
10870.0,0.7350000000000001
10880.0,0.69
10890.0,0.7250000000000001
10900.0,0.69
10910.0,0.7350000000000001
10920.0,0.7250000000000001
10930.0,0.73
10940.0,0.7250000000000001
10950.0,0.73
10960.0,0.71
10970.0,0.75
10980.0,0.72
10990.0,0.7250000000000001
11000.0,0.74
11010.0,0.7850000000000001
11020.0,0.77
11030.0,0.74
11040.0,0.7750000000000001
11050.0,0.7450000000000001
11060.0,0.7949999999999999
11070.0,0.76
11080.0,0.81
11090.0,0.76
11100.0,0.7650000000000001
11110.0,0.815
11120.0,0.815
11130.0,0.7949999999999999
11140.0,0.835
11150.0,0.8
11160.0,0.8300000000000001
11170.0,0.825
11180.0,0.8700000000000001
11190.0,0.8700000000000001
11200.0,0.855
11210.0,0.855
11220.0,0.9000000000000001
11230.0,0.905
11240.0,0.95
11250.0,0.925
11260.0,0.895
11270.0,0.935
11280.0,0.935
11290.0,0.94
11300.0,1.0
11310.0,0.975
11320.0,0.96
11330.0,0.96
11340.0,0.965
11350.0,0.935
11360.0,0.99
11370.0,0.93
11380.0,0.995
11390.0,0.94
11400.0,0.96
11410.0,0.945
11420.0,0.945
11430.0,0.97
11440.0,0.93
11450.0,0.945
11460.0,0.91
11470.0,0.955
11480.0,0.905
11490.0,0.93
11500.0,0.92
11510.0,0.905
11520.0,0.895
11530.0,0.91
11540.0,0.905
11550.0,0.8700000000000001
11560.0,0.895
11570.0,0.875
11580.0,0.8900000000000001
11590.0,0.885
11600.0,0.875
11610.0,0.875
11620.0,0.8500000000000001
11630.0,0.875
11640.0,0.8600000000000001
11650.0,0.835
11660.0,0.8200000000000001
11670.0,0.845
11680.0,0.8400000000000001
11690.0,0.845
11700.0,0.865
11710.0,0.825
11720.0,0.855
11730.0,0.835
11740.0,0.815
11750.0,0.81
11760.0,0.8400000000000001
11770.0,0.8
11780.0,0.81
11790.0,0.78
11800.0,0.76
11810.0,0.78
11820.0,0.7550000000000001
11830.0,0.79
11840.0,0.75
11850.0,0.77
11860.0,0.76
11870.0,0.7949999999999999
11880.0,0.7250000000000001
11890.0,0.7450000000000001
11900.0,0.7450000000000001
11910.0,0.7350000000000001
11920.0,0.74
11930.0,0.72
11940.0,0.7350000000000001
11950.0,0.7350000000000001
11960.0,0.7250000000000001
11970.0,0.7050000000000001
11980.0,0.6950000000000001
11990.0,0.7
12000.0,0.72
12010.0,0.685
12020.0,0.685
12030.0,0.685
12040.0,0.69
12050.0,0.6799999999999999
12060.0,0.7
12070.0,0.7050000000000001
12080.0,0.665
12090.0,0.69
12100.0,0.685
12110.0,0.685
12120.0,0.7050000000000001
12130.0,0.6799999999999999
12140.0,0.6500000000000001
12150.0,0.6799999999999999
12160.0,0.6600000000000001
12170.0,0.685
12180.0,0.6600000000000001
12190.0,0.6799999999999999
12200.0,0.6799999999999999
12210.0,0.6950000000000001
12220.0,0.675
12230.0,0.6799999999999999
12240.0,0.6600000000000001
12250.0,0.6300000000000001
12260.0,0.6500000000000001
12270.0,0.675
12280.0,0.645
12290.0,0.635
12300.0,0.6400000000000001
12310.0,0.6400000000000001
12320.0,0.6300000000000001
12330.0,0.6500000000000001
12340.0,0.625
12350.0,0.665
12360.0,0.6100000000000001
12370.0,0.605
12380.0,0.6100000000000001
12390.0,0.6200000000000001
12400.0,0.6200000000000001
12410.0,0.625
12420.0,0.6500000000000001
12430.0,0.595
12440.0,0.645
12450.0,0.5900000000000001
12460.0,0.6400000000000001
12470.0,0.5900000000000001
12480.0,0.605
12490.0,0.625
12500.0,0.6400000000000001
12510.0,0.6100000000000001
12520.0,0.5900000000000001
12530.0,0.6000000000000001
12540.0,0.625
12550.0,0.6000000000000001
12560.0,0.6100000000000001
12570.0,0.6100000000000001
12580.0,0.6000000000000001
12590.0,0.615
12600.0,0.615
12610.0,0.605
12620.0,0.635
12630.0,0.6699999999999999
12640.0,0.625
12650.0,0.625
12660.0,0.6500000000000001
12670.0,0.635
12680.0,0.6500000000000001
12690.0,0.6699999999999999
12700.0,0.645
12710.0,0.665
12720.0,0.685
12730.0,0.6950000000000001
12740.0,0.6500000000000001
12750.0,0.675
12760.0,0.6950000000000001
12770.0,0.69
12780.0,0.71
12790.0,0.74
12800.0,0.72
12810.0,0.7150000000000001
12820.0,0.7250000000000001
12830.0,0.7250000000000001
12840.0,0.7350000000000001
12850.0,0.7150000000000001
12860.0,0.7450000000000001
12870.0,0.8
12880.0,0.7650000000000001
12890.0,0.7750000000000001
12900.0,0.78
12910.0,0.8300000000000001
12920.0,0.8049999999999999
12930.0,0.845
12940.0,0.8
12950.0,0.8700000000000001
12960.0,0.8500000000000001
12970.0,0.865
12980.0,0.875
12990.0,0.875
13000.0,0.8800000000000001
13010.0,0.9000000000000001
13020.0,0.925
13030.0,0.915
13040.0,0.94
13050.0,0.905
13060.0,0.91
13070.0,0.935
13080.0,0.915
13090.0,0.98
13100.0,0.945
13110.0,0.945
13120.0,0.945
13130.0,0.93
13140.0,0.94
13150.0,0.935
13160.0,0.93
13170.0,0.915
13180.0,0.925
13190.0,0.905
13200.0,0.905
13210.0,0.935
13220.0,0.865
13230.0,0.895
13240.0,0.8500000000000001
13250.0,0.885
13260.0,0.8500000000000001
13270.0,0.81
13280.0,0.7750000000000001
13290.0,0.7450000000000001
13300.0,0.7250000000000001
13310.0,0.7050000000000001
13320.0,0.69
13330.0,0.675
13340.0,0.6600000000000001
13350.0,0.6500000000000001
13360.0,0.645
13370.0,0.635
13380.0,0.625
13390.0,0.625
13400.0,0.615
13410.0,0.6100000000000001
13420.0,0.6100000000000001
13430.0,0.605
13440.0,0.595
13450.0,0.6000000000000001
13460.0,0.5900000000000001
13470.0,0.5900000000000001
13480.0,0.585
13490.0,0.585
13500.0,0.585
13510.0,0.5800000000000001
13520.0,0.5800000000000001
13530.0,0.575
13540.0,0.5700000000000001
13550.0,0.5700000000000001
13560.0,0.5700000000000001
13570.0,0.575
13580.0,0.565
13590.0,0.565
13600.0,0.56
13610.0,0.56
13620.0,0.56
13630.0,0.56
13640.0,0.5549999999999999
13650.0,0.5549999999999999
13660.0,0.5549999999999999
13670.0,0.56
13680.0,0.55
13690.0,0.55
13700.0,0.5449999999999999
13710.0,0.55
13720.0,0.54
13730.0,0.55
13740.0,0.54
13750.0,0.54
13760.0,0.5349999999999999
13770.0,0.5349999999999999
13780.0,0.5349999999999999
13790.0,0.53
13800.0,0.53
13810.0,0.53
13820.0,0.53
13830.0,0.53
13840.0,0.53
13850.0,0.5250000000000001
13860.0,0.5250000000000001
13870.0,0.52
13880.0,0.5250000000000001
13890.0,0.52
13900.0,0.52
13910.0,0.5150000000000001
13920.0,0.52
13930.0,0.51
13940.0,0.51
13950.0,0.51
13960.0,0.505
13970.0,0.51
13980.0,0.505
13990.0,0.505
14000.0,0.5
14010.0,0.505
14020.0,0.5
14030.0,0.5
14040.0,0.49
14050.0,0.495
14060.0,0.49
14070.0,0.495
14080.0,0.485
14090.0,0.495
14100.0,0.49
14110.0,0.485
14120.0,0.48
14130.0,0.49
14140.0,0.48
14150.0,0.48
14160.0,0.48
14170.0,0.48
14180.0,0.475
14190.0,0.475
14200.0,0.47
14210.0,0.475
14220.0,0.47
14230.0,0.47
14240.0,0.47
14250.0,0.47
14260.0,0.4650000000000001
14270.0,0.4650000000000001
14280.0,0.4600000000000001
14290.0,0.47
14300.0,0.4650000000000001
14310.0,0.4650000000000001
14320.0,0.455
14330.0,0.45
14340.0,0.455
14350.0,0.455
14360.0,0.4600000000000001
14370.0,0.455
14380.0,0.45
14390.0,0.45
14400.0,0.45
14410.0,0.445
14420.0,0.45
14430.0,0.445
14440.0,0.445
14450.0,0.445
14460.0,0.445
14470.0,0.435
14480.0,0.445
14490.0,0.44
14500.0,0.44
14510.0,0.435
14520.0,0.435
14530.0,0.435
14540.0,0.435
14550.0,0.43
14560.0,0.435
14570.0,0.43
14580.0,0.43
14590.0,0.43
14600.0,0.425
14610.0,0.435
14620.0,0.425
14630.0,0.425
14640.0,0.42
14650.0,0.425
14660.0,0.42
14670.0,0.42
14680.0,0.42
14690.0,0.415
14700.0,0.415
14710.0,0.415
14720.0,0.415
14730.0,0.415
14740.0,0.405
14750.0,0.41
14760.0,0.415
14770.0,0.41
14780.0,0.405
14790.0,0.405
14800.0,0.395
14810.0,0.41
14820.0,0.4
14830.0,0.405
14840.0,0.4
14850.0,0.395
14860.0,0.4
14870.0,0.39
14880.0,0.395
14890.0,0.395
14900.0,0.395
14910.0,0.39
14920.0,0.39
14930.0,0.4
14940.0,0.39
14950.0,0.385
14960.0,0.39
14970.0,0.395
14980.0,0.375
14990.0,0.38
15000.0,0.385
15010.0,0.38
15020.0,0.385
15030.0,0.38
15040.0,0.385
15050.0,0.38
15060.0,0.38
15070.0,0.375
15080.0,0.375
15090.0,0.38
15100.0,0.375
15110.0,0.38
15120.0,0.375
15130.0,0.375
15140.0,0.365
15150.0,0.375
15160.0,0.375
15170.0,0.375
15180.0,0.37
15190.0,0.37
15200.0,0.37
15210.0,0.37
15220.0,0.37
15230.0,0.37
15240.0,0.37
15250.0,0.365
15260.0,0.36
15270.0,0.365
15280.0,0.365
15290.0,0.365
15300.0,0.36
15310.0,0.365
15320.0,0.36
15330.0,0.36
15340.0,0.36
15350.0,0.355
15360.0,0.355
15370.0,0.355
15380.0,0.35
15390.0,0.36
15400.0,0.355
15410.0,0.355
15420.0,0.35
15430.0,0.35
15440.0,0.345
15450.0,0.35
15460.0,0.35
15470.0,0.35
15480.0,0.345
15490.0,0.345
15500.0,0.3400000000000001
15510.0,0.345
15520.0,0.3400000000000001
15530.0,0.3400000000000001
15540.0,0.345
15550.0,0.3400000000000001
15560.0,0.3350000000000001
15570.0,0.3350000000000001
15580.0,0.3400000000000001
15590.0,0.3400000000000001
15600.0,0.3350000000000001
15610.0,0.3400000000000001
15620.0,0.3350000000000001
15630.0,0.3350000000000001
15640.0,0.3350000000000001
15650.0,0.33
15660.0,0.325
15670.0,0.33
15680.0,0.33
15690.0,0.325
15700.0,0.325
15710.0,0.325
15720.0,0.32
15730.0,0.325
15740.0,0.325
15750.0,0.32
15760.0,0.325
15770.0,0.32
15780.0,0.325
15790.0,0.32
15800.0,0.32
15810.0,0.32
15820.0,0.325
15830.0,0.32
15840.0,0.325
15850.0,0.315
15860.0,0.315
15870.0,0.32
15880.0,0.32
15890.0,0.315
15900.0,0.31
15910.0,0.315
15920.0,0.31
15930.0,0.31
15940.0,0.315
15950.0,0.31
15960.0,0.31
15970.0,0.315
15980.0,0.31
15990.0,0.31
16000.0,0.31
16010.0,0.315
16020.0,0.31
16030.0,0.305
16040.0,0.305
16050.0,0.305
16060.0,0.305
16070.0,0.305
16080.0,0.3
16090.0,0.3
16100.0,0.3
16110.0,0.305
16120.0,0.3
16130.0,0.3
16140.0,0.3
16150.0,0.3
16160.0,0.295
16170.0,0.295
16180.0,0.295
16190.0,0.295
16200.0,0.295
16210.0,0.295
16220.0,0.295
16230.0,0.295
16240.0,0.295
16250.0,0.29
16260.0,0.295
16270.0,0.295
16280.0,0.295
16290.0,0.29
16300.0,0.29
16310.0,0.29
16320.0,0.29
16330.0,0.29
16340.0,0.29
16350.0,0.285
16360.0,0.28
16370.0,0.285
16380.0,0.285
16390.0,0.285
16400.0,0.28
16410.0,0.285
16420.0,0.28
16430.0,0.285
16440.0,0.285
16450.0,0.285
16460.0,0.28
16470.0,0.28
16480.0,0.29
16490.0,0.28
16500.0,0.275
16510.0,0.28
16520.0,0.28
16530.0,0.275
16540.0,0.28
16550.0,0.275
16560.0,0.275
16570.0,0.275
16580.0,0.28
16590.0,0.275
16600.0,0.28
16610.0,0.275
16620.0,0.27
16630.0,0.275
16640.0,0.275
16650.0,0.275
16660.0,0.265
16670.0,0.27
16680.0,0.265
16690.0,0.27
16700.0,0.265
16710.0,0.27
16720.0,0.27
16730.0,0.27
16740.0,0.265
16750.0,0.265
16760.0,0.265
16770.0,0.265
16780.0,0.265
16790.0,0.265
16800.0,0.275
16810.0,0.265
16820.0,0.26
16830.0,0.265
16840.0,0.265
16850.0,0.26
16860.0,0.26
16870.0,0.26
16880.0,0.26
16890.0,0.26
16900.0,0.26
16910.0,0.26
16920.0,0.255
16930.0,0.26
16940.0,0.265
16950.0,0.26
16960.0,0.255
16970.0,0.25
16980.0,0.26
16990.0,0.255
17000.0,0.255
17010.0,0.25
17020.0,0.245
17030.0,0.255
17040.0,0.25
17050.0,0.255
17060.0,0.25
17070.0,0.255
17080.0,0.25
17090.0,0.25
17100.0,0.255
17110.0,0.25
17120.0,0.25
17130.0,0.25
17140.0,0.25
17150.0,0.245
17160.0,0.25
17170.0,0.245
17180.0,0.245
17190.0,0.25
17200.0,0.245
17210.0,0.24
17220.0,0.245
17230.0,0.245
17240.0,0.245
17250.0,0.25
17260.0,0.245
17270.0,0.24
17280.0,0.245
17290.0,0.24
17300.0,0.24
17310.0,0.245
17320.0,0.24
17330.0,0.245
17340.0,0.245
17350.0,0.24
17360.0,0.235
17370.0,0.235
17380.0,0.24
17390.0,0.24
17400.0,0.235
17410.0,0.24
17420.0,0.24
17430.0,0.24
17440.0,0.235
17450.0,0.24
17460.0,0.24
17470.0,0.24
17480.0,0.24
17490.0,0.235
17500.0,0.235
17510.0,0.235
17520.0,0.24
17530.0,0.235
17540.0,0.235
17550.0,0.2299999999999999
17560.0,0.235
17570.0,0.24
17580.0,0.235
17590.0,0.235
17600.0,0.235
17610.0,0.235
17620.0,0.235
17630.0,0.235
17640.0,0.235
17650.0,0.235
17660.0,0.2299999999999999
17670.0,0.235
17680.0,0.235
17690.0,0.235
17700.0,0.2199999999999999
17710.0,0.235
17720.0,0.2299999999999999
17730.0,0.2299999999999999
17740.0,0.2299999999999999
17750.0,0.2299999999999999
17760.0,0.2299999999999999
17770.0,0.2299999999999999
17780.0,0.2249999999999999
17790.0,0.2299999999999999
17800.0,0.2299999999999999
17810.0,0.2249999999999999
17820.0,0.2299999999999999
17830.0,0.2299999999999999
17840.0,0.2249999999999999
17850.0,0.2299999999999999
17860.0,0.2299999999999999
17870.0,0.2249999999999999
17880.0,0.2249999999999999
17890.0,0.2299999999999999
17900.0,0.2199999999999999
17910.0,0.2249999999999999
17920.0,0.2199999999999999
17930.0,0.2199999999999999
17940.0,0.2249999999999999
17950.0,0.2199999999999999
17960.0,0.2199999999999999
17970.0,0.2199999999999999
17980.0,0.2199999999999999
17990.0,0.2199999999999999
18000.0,0.2199999999999999
18010.0,0.2199999999999999
18020.0,0.2249999999999999
18030.0,0.2199999999999999
18040.0,0.2199999999999999
18050.0,0.2149999999999999
18060.0,0.2199999999999999
18070.0,0.2149999999999999
18080.0,0.2199999999999999
18090.0,0.2199999999999999
18100.0,0.2199999999999999
18110.0,0.2199999999999999
18120.0,0.2199999999999999
18130.0,0.2149999999999999
18140.0,0.2199999999999999
18150.0,0.2199999999999999
18160.0,0.2149999999999999
18170.0,0.2199999999999999
18180.0,0.2149999999999999
18190.0,0.2149999999999999
18200.0,0.2199999999999999
18210.0,0.2149999999999999
18220.0,0.21
18230.0,0.2149999999999999
18240.0,0.21
18250.0,0.2149999999999999
18260.0,0.2149999999999999
18270.0,0.2149999999999999
18280.0,0.2149999999999999
18290.0,0.2149999999999999
18300.0,0.2149999999999999
18310.0,0.2149999999999999
18320.0,0.21
18330.0,0.2149999999999999
18340.0,0.2149999999999999
18350.0,0.2149999999999999
18360.0,0.21
18370.0,0.2199999999999999
18380.0,0.21
18390.0,0.21
18400.0,0.21
18410.0,0.2149999999999999
18420.0,0.21
18430.0,0.21
18440.0,0.2149999999999999
18450.0,0.2149999999999999
18460.0,0.21
18470.0,0.21
18480.0,0.21
18490.0,0.21
18500.0,0.21
18510.0,0.21
18520.0,0.21
18530.0,0.205
18540.0,0.205
18550.0,0.205
18560.0,0.21
18570.0,0.21
18580.0,0.21
18590.0,0.205
18600.0,0.21
18610.0,0.21
18620.0,0.21
18630.0,0.205
18640.0,0.205
18650.0,0.2149999999999999
18660.0,0.205
18670.0,0.2
18680.0,0.205
18690.0,0.21
18700.0,0.205
18710.0,0.205
18720.0,0.205
18730.0,0.205
18740.0,0.205
18750.0,0.205
18760.0,0.2
18770.0,0.2
18780.0,0.2
18790.0,0.205
18800.0,0.2
18810.0,0.21
18820.0,0.205
18830.0,0.2
18840.0,0.2
18850.0,0.2
18860.0,0.2
18870.0,0.2
18880.0,0.2
18890.0,0.2
18900.0,0.205
18910.0,0.205
18920.0,0.205
18930.0,0.2
18940.0,0.2
18950.0,0.195
18960.0,0.2
18970.0,0.2
18980.0,0.2
18990.0,0.2
19000.0,0.195
19010.0,0.195
19020.0,0.195
19030.0,0.195
19040.0,0.195
19050.0,0.2
19060.0,0.195
19070.0,0.195
19080.0,0.195
19090.0,0.195
19100.0,0.195
19110.0,0.19
19120.0,0.2
19130.0,0.195
19140.0,0.195
19150.0,0.195
19160.0,0.19
19170.0,0.2
19180.0,0.195
19190.0,0.195
19200.0,0.195
19210.0,0.195
19220.0,0.195
19230.0,0.195
19240.0,0.195
19250.0,0.195
19260.0,0.19
19270.0,0.19
19280.0,0.195
19290.0,0.19
19300.0,0.19
19310.0,0.19
19320.0,0.19
19330.0,0.19
19340.0,0.19
19350.0,0.185
19360.0,0.185
19370.0,0.195
19380.0,0.19
19390.0,0.185
19400.0,0.19
19410.0,0.19
19420.0,0.195
19430.0,0.185
19440.0,0.185
19450.0,0.19
19460.0,0.195
19470.0,0.185
19480.0,0.19
19490.0,0.19
19500.0,0.19
19510.0,0.19
19520.0,0.19
19530.0,0.185
19540.0,0.185
19550.0,0.19
19560.0,0.19
19570.0,0.18
19580.0,0.18
19590.0,0.195
19600.0,0.185
19610.0,0.185
19620.0,0.18
19630.0,0.185
19640.0,0.185
19650.0,0.175
19660.0,0.185
19670.0,0.185
19680.0,0.185
19690.0,0.185
19700.0,0.185
19710.0,0.185
19720.0,0.185
19730.0,0.185
19740.0,0.185
19750.0,0.185
19760.0,0.185
19770.0,0.185
19780.0,0.18
19790.0,0.185
19800.0,0.185
19810.0,0.185
19820.0,0.185
19830.0,0.18
19840.0,0.18
19850.0,0.185
19860.0,0.18
19870.0,0.18
19880.0,0.185
19890.0,0.19
19900.0,0.175
19910.0,0.18
19920.0,0.185
19930.0,0.18
19940.0,0.185
19950.0,0.18
19960.0,0.18
19970.0,0.18
19980.0,0.18
19990.0,0.185
20000.0,0.18
20010.0,0.18
20020.0,0.185
20030.0,0.185
20040.0,0.185
20050.0,0.185
20060.0,0.18
20070.0,0.18
20080.0,0.175
20090.0,0.175
20100.0,0.18
20110.0,0.18
20120.0,0.175
20130.0,0.18
20140.0,0.175
20150.0,0.18
20160.0,0.185
20170.0,0.18
20180.0,0.175
20190.0,0.175
20200.0,0.18
20210.0,0.185
20220.0,0.175
20230.0,0.18
20240.0,0.175
20250.0,0.175
20260.0,0.175
20270.0,0.17
20280.0,0.18
20290.0,0.18
20300.0,0.175
20310.0,0.18
20320.0,0.175
20330.0,0.175
20340.0,0.175
20350.0,0.175
20360.0,0.17
20370.0,0.17
20380.0,0.175
20390.0,0.175
20400.0,0.18
20410.0,0.175
20420.0,0.17
20430.0,0.175
20440.0,0.17
20450.0,0.175
20460.0,0.175
20470.0,0.17
20480.0,0.18
20490.0,0.18
20500.0,0.175
20510.0,0.175
20520.0,0.175
20530.0,0.175
20540.0,0.175
20550.0,0.175
20560.0,0.17
20570.0,0.17
20580.0,0.17
20590.0,0.175
20600.0,0.17
20610.0,0.17
20620.0,0.17
20630.0,0.17
20640.0,0.17
20650.0,0.175
20660.0,0.175
20670.0,0.175
20680.0,0.17
20690.0,0.175
20700.0,0.17
20710.0,0.17
20720.0,0.18
20730.0,0.17
20740.0,0.17
20750.0,0.17
20760.0,0.165
20770.0,0.165
20780.0,0.17
20790.0,0.17
20800.0,0.17
20810.0,0.17
20820.0,0.175
20830.0,0.17
20840.0,0.175
20850.0,0.17
20860.0,0.18
20870.0,0.17
20880.0,0.175
20890.0,0.17
20900.0,0.165
20910.0,0.17
20920.0,0.17
20930.0,0.175
20940.0,0.165
20950.0,0.18
20960.0,0.17
20970.0,0.165
20980.0,0.165
20990.0,0.165
21000.0,0.17
21010.0,0.175
21020.0,0.17
21030.0,0.165
21040.0,0.17
21050.0,0.17
21060.0,0.17
21070.0,0.165
21080.0,0.17
21090.0,0.17
21100.0,0.165
21110.0,0.165
21120.0,0.16
21130.0,0.165
21140.0,0.165
21150.0,0.17
21160.0,0.175
21170.0,0.165
21180.0,0.165
21190.0,0.16
21200.0,0.17
21210.0,0.165
21220.0,0.165
21230.0,0.17
21240.0,0.165
21250.0,0.17
21260.0,0.165
21270.0,0.17
21280.0,0.16
21290.0,0.165
21300.0,0.165
21310.0,0.17
21320.0,0.165
21330.0,0.17
21340.0,0.165
21350.0,0.165
21360.0,0.165
21370.0,0.165
21380.0,0.165
21390.0,0.165
21400.0,0.165
21410.0,0.165
21420.0,0.16
21430.0,0.165
21440.0,0.165
21450.0,0.165
21460.0,0.165
21470.0,0.165
21480.0,0.16
21490.0,0.165
21500.0,0.165
21510.0,0.16
21520.0,0.165
21530.0,0.165
21540.0,0.16
21550.0,0.16
21560.0,0.16
21570.0,0.17
21580.0,0.16
21590.0,0.165
21600.0,0.165
21610.0,0.165
21620.0,0.16
21630.0,0.165
21640.0,0.16
21650.0,0.165
21660.0,0.165
21670.0,0.17
21680.0,0.165
21690.0,0.165
21700.0,0.155
21710.0,0.165
21720.0,0.16
21730.0,0.155
21740.0,0.16
21750.0,0.16
21760.0,0.17
21770.0,0.16
21780.0,0.16
21790.0,0.16
21800.0,0.16
21810.0,0.165
21820.0,0.165
21830.0,0.16
21840.0,0.16
21850.0,0.16
21860.0,0.16
21870.0,0.16
21880.0,0.155
21890.0,0.165
21900.0,0.16
21910.0,0.16
21920.0,0.16
21930.0,0.16
21940.0,0.165
21950.0,0.16
21960.0,0.16
21970.0,0.16
21980.0,0.16
21990.0,0.16
22000.0,0.155
22010.0,0.16
22020.0,0.165
22030.0,0.16
22040.0,0.16
22050.0,0.16
22060.0,0.155
22070.0,0.155
22080.0,0.16
22090.0,0.155
22100.0,0.155
22110.0,0.155
22120.0,0.16
22130.0,0.155
22140.0,0.16
22150.0,0.15
22160.0,0.16
22170.0,0.16
22180.0,0.16
22190.0,0.165
22200.0,0.155
22210.0,0.16
22220.0,0.165
22230.0,0.16
22240.0,0.16
22250.0,0.16
22260.0,0.15
22270.0,0.16
22280.0,0.16
22290.0,0.16
22300.0,0.155
22310.0,0.16
22320.0,0.16
22330.0,0.155
22340.0,0.16
22350.0,0.16
22360.0,0.16
22370.0,0.16
22380.0,0.16
22390.0,0.16
22400.0,0.155
22410.0,0.16
22420.0,0.16
22430.0,0.17
22440.0,0.155
22450.0,0.155
22460.0,0.16
22470.0,0.155
22480.0,0.155
22490.0,0.16
22500.0,0.16
22510.0,0.16
22520.0,0.155
22530.0,0.16
22540.0,0.16
22550.0,0.16
22560.0,0.155
22570.0,0.155
22580.0,0.145
22590.0,0.165
22600.0,0.16
22610.0,0.155
22620.0,0.155
22630.0,0.155
22640.0,0.145
22650.0,0.15
22660.0,0.15
22670.0,0.155
22680.0,0.155
22690.0,0.16
22700.0,0.16
22710.0,0.155
22720.0,0.155
22730.0,0.155
22740.0,0.155
22750.0,0.16
22760.0,0.15
22770.0,0.155
22780.0,0.16
22790.0,0.155
22800.0,0.155
22810.0,0.15
22820.0,0.155
22830.0,0.16
22840.0,0.15
22850.0,0.16
22860.0,0.15
22870.0,0.155
22880.0,0.155
22890.0,0.155
22900.0,0.155
22910.0,0.15
22920.0,0.155
22930.0,0.16
22940.0,0.16
22950.0,0.155
22960.0,0.155
22970.0,0.155
22980.0,0.155
22990.0,0.155
23000.0,0.155
23010.0,0.145
23020.0,0.15
23030.0,0.15
23040.0,0.15
23050.0,0.155
23060.0,0.155
23070.0,0.155
23080.0,0.15
23090.0,0.15
23100.0,0.155
23110.0,0.15
23120.0,0.155
23130.0,0.15
23140.0,0.15
23150.0,0.155
23160.0,0.15
23170.0,0.155
23180.0,0.155
23190.0,0.15
23200.0,0.155
23210.0,0.145
23220.0,0.145
23230.0,0.155
23240.0,0.15
23250.0,0.15
23260.0,0.155
23270.0,0.15
23280.0,0.155
23290.0,0.155
23300.0,0.155
23310.0,0.15
23320.0,0.15
23330.0,0.15
23340.0,0.15
23350.0,0.15
23360.0,0.15
23370.0,0.15
23380.0,0.155
23390.0,0.15
23400.0,0.155
23410.0,0.15
23420.0,0.155
23430.0,0.145
23440.0,0.15
23450.0,0.15
23460.0,0.155
23470.0,0.145
23480.0,0.155
23490.0,0.155
23500.0,0.145
23510.0,0.15
23520.0,0.15
23530.0,0.15
23540.0,0.145
23550.0,0.15
23560.0,0.145
23570.0,0.155
23580.0,0.15
23590.0,0.15
23600.0,0.145
23610.0,0.15
23620.0,0.15
23630.0,0.15
23640.0,0.15
23650.0,0.15
23660.0,0.15
23670.0,0.15
23680.0,0.155
23690.0,0.15
23700.0,0.15
23710.0,0.15
23720.0,0.15
23730.0,0.145
23740.0,0.155
23750.0,0.15
23760.0,0.15
23770.0,0.145
23780.0,0.15
23790.0,0.15
23800.0,0.145
23810.0,0.155
23820.0,0.145
23830.0,0.15
23840.0,0.15
23850.0,0.15
23860.0,0.145
23870.0,0.145
23880.0,0.145
23890.0,0.15
23900.0,0.15
23910.0,0.145
23920.0,0.15
23930.0,0.15
23940.0,0.15
23950.0,0.15
23960.0,0.15
23970.0,0.15
23980.0,0.155
23990.0,0.145
24000.0,0.15
24010.0,0.145
24020.0,0.15
24030.0,0.15
24040.0,0.15
24050.0,0.15
24060.0,0.145
24070.0,0.15
24080.0,0.145
24090.0,0.15
24100.0,0.15
24110.0,0.15
24120.0,0.145
24130.0,0.15
24140.0,0.155
24150.0,0.15
24160.0,0.15
24170.0,0.145
24180.0,0.145
24190.0,0.145
24200.0,0.145
24210.0,0.15
24220.0,0.145
24230.0,0.145
24240.0,0.145
24250.0,0.15
24260.0,0.15
24270.0,0.15
24280.0,0.15
24290.0,0.145
24300.0,0.145
24310.0,0.145
24320.0,0.145
24330.0,0.145
24340.0,0.145
24350.0,0.145
24360.0,0.145
24370.0,0.15
24380.0,0.15
24390.0,0.14
24400.0,0.15
24410.0,0.14
24420.0,0.145
24430.0,0.15
24440.0,0.15
24450.0,0.145
24460.0,0.145
24470.0,0.145
24480.0,0.145
24490.0,0.155
24500.0,0.145
24510.0,0.14
24520.0,0.15
24530.0,0.145
24540.0,0.15
24550.0,0.145
24560.0,0.145
24570.0,0.145
24580.0,0.145
24590.0,0.145
24600.0,0.145
24610.0,0.15
24620.0,0.145
24630.0,0.145
24640.0,0.145
24650.0,0.145
24660.0,0.145
24670.0,0.145
24680.0,0.14
24690.0,0.145
24700.0,0.14
24710.0,0.145
24720.0,0.14
24730.0,0.145
24740.0,0.145
24750.0,0.14
24760.0,0.145
24770.0,0.15
24780.0,0.14
24790.0,0.145
24800.0,0.145
24810.0,0.145
24820.0,0.14
24830.0,0.15
24840.0,0.145
24850.0,0.14
24860.0,0.15
24870.0,0.14
24880.0,0.14
24890.0,0.145
24900.0,0.14
24910.0,0.145
24920.0,0.145
24930.0,0.145
24940.0,0.145
24950.0,0.145
24960.0,0.145
24970.0,0.145
24980.0,0.15
24990.0,0.14
25000.0,0.145
25010.0,0.14
25020.0,0.15
25030.0,0.145
25040.0,0.145
25050.0,0.145
25060.0,0.15
25070.0,0.14
25080.0,0.14
25090.0,0.145
25100.0,0.15
25110.0,0.14
25120.0,0.15
25130.0,0.145
25140.0,0.14
25150.0,0.145
25160.0,0.15
25170.0,0.145
25180.0,0.135
25190.0,0.14
25200.0,0.145
25210.0,0.145
25220.0,0.145
25230.0,0.145
25240.0,0.14
25250.0,0.15
25260.0,0.145
25270.0,0.145
25280.0,0.145
25290.0,0.14
25300.0,0.15
25310.0,0.15
25320.0,0.145
25330.0,0.14
25340.0,0.145
25350.0,0.14
25360.0,0.14
25370.0,0.145
25380.0,0.145
25390.0,0.145
25400.0,0.14
25410.0,0.14
25420.0,0.145
25430.0,0.14
25440.0,0.145
25450.0,0.145
25460.0,0.14
25470.0,0.15
25480.0,0.14
25490.0,0.14
25500.0,0.14
25510.0,0.14
25520.0,0.145
25530.0,0.145
25540.0,0.14
25550.0,0.145
25560.0,0.145
25570.0,0.145
25580.0,0.145
25590.0,0.145
25600.0,0.14
25610.0,0.14
25620.0,0.14
25630.0,0.145
25640.0,0.145
25650.0,0.14
25660.0,0.145
25670.0,0.14
25680.0,0.145
25690.0,0.14
25700.0,0.14
25710.0,0.145
25720.0,0.145
25730.0,0.145
25740.0,0.145
25750.0,0.145
25760.0,0.14
25770.0,0.14
25780.0,0.145
25790.0,0.145
25800.0,0.14
25810.0,0.14
25820.0,0.14
25830.0,0.14
25840.0,0.14
25850.0,0.14
25860.0,0.14
25870.0,0.14
25880.0,0.145
25890.0,0.14
25900.0,0.145
25910.0,0.14
25920.0,0.14
25930.0,0.145
25940.0,0.145
25950.0,0.145
25960.0,0.14
25970.0,0.145
25980.0,0.14
25990.0,0.145
26000.0,0.135
26010.0,0.145
26020.0,0.14
26030.0,0.14
26040.0,0.14
26050.0,0.14
26060.0,0.14
26070.0,0.145
26080.0,0.14
26090.0,0.15
26100.0,0.145
26110.0,0.145
26120.0,0.14
26130.0,0.14
26140.0,0.14
26150.0,0.14
26160.0,0.14
26170.0,0.14
26180.0,0.14
26190.0,0.145
26200.0,0.145
26210.0,0.14
26220.0,0.145
26230.0,0.145
26240.0,0.14
26250.0,0.14
26260.0,0.145
26270.0,0.135
26280.0,0.14
26290.0,0.135
26300.0,0.15
26310.0,0.14
26320.0,0.14
26330.0,0.135
26340.0,0.14
26350.0,0.14
26360.0,0.145
26370.0,0.135
26380.0,0.145
26390.0,0.14
26400.0,0.14
26410.0,0.14
26420.0,0.135
26430.0,0.14
26440.0,0.14
26450.0,0.14
26460.0,0.14
26470.0,0.14
26480.0,0.14
26490.0,0.14
26500.0,0.14
26510.0,0.14
26520.0,0.14
26530.0,0.14
26540.0,0.14
26550.0,0.14
26560.0,0.14
26570.0,0.14
26580.0,0.14
26590.0,0.14
26600.0,0.14
26610.0,0.145
26620.0,0.135
26630.0,0.14
26640.0,0.135
26650.0,0.14
26660.0,0.14
26670.0,0.145
26680.0,0.14
26690.0,0.14
26700.0,0.15
26710.0,0.14
26720.0,0.14
26730.0,0.135
26740.0,0.14
26750.0,0.15
26760.0,0.135
26770.0,0.14
26780.0,0.14
26790.0,0.14
26800.0,0.145
26810.0,0.14
26820.0,0.14
26830.0,0.14
26840.0,0.135
26850.0,0.14
26860.0,0.14
26870.0,0.14
26880.0,0.14
26890.0,0.14
26900.0,0.135
26910.0,0.15
26920.0,0.14
26930.0,0.14
26940.0,0.14
26950.0,0.14
26960.0,0.14
26970.0,0.14
26980.0,0.14
26990.0,0.135
27000.0,0.14
27010.0,0.14
27020.0,0.135
27030.0,0.14
27040.0,0.135
27050.0,0.135
27060.0,0.14
27070.0,0.14
27080.0,0.145
27090.0,0.14
27100.0,0.14
27110.0,0.14
27120.0,0.14
27130.0,0.14
27140.0,0.14
27150.0,0.14
27160.0,0.145
27170.0,0.14
27180.0,0.14
27190.0,0.14
27200.0,0.135
27210.0,0.14
27220.0,0.14
27230.0,0.14
27240.0,0.14
27250.0,0.135
27260.0,0.14
27270.0,0.14
27280.0,0.14
27290.0,0.14
27300.0,0.135
27310.0,0.14
27320.0,0.135
27330.0,0.14
27340.0,0.14
27350.0,0.145
27360.0,0.14
27370.0,0.145
27380.0,0.14
27390.0,0.14
27400.0,0.14
27410.0,0.14
27420.0,0.14
27430.0,0.135
27440.0,0.14
27450.0,0.135
27460.0,0.14
27470.0,0.135
27480.0,0.14
27490.0,0.14
27500.0,0.14
27510.0,0.14
27520.0,0.14
27530.0,0.135
27540.0,0.14
27550.0,0.135
27560.0,0.14
27570.0,0.135
27580.0,0.14
27590.0,0.135
27600.0,0.14
27610.0,0.14
27620.0,0.14
27630.0,0.14
27640.0,0.135
27650.0,0.135
27660.0,0.14
27670.0,0.14
27680.0,0.14
27690.0,0.14
27700.0,0.14
27710.0,0.14
27720.0,0.135
27730.0,0.135
27740.0,0.135
27750.0,0.135
27760.0,0.14
27770.0,0.14
27780.0,0.14
27790.0,0.14
27800.0,0.135
27810.0,0.14
27820.0,0.14
27830.0,0.14
27840.0,0.14
27850.0,0.14
27860.0,0.14
27870.0,0.135
27880.0,0.14
27890.0,0.14
27900.0,0.14
27910.0,0.14
27920.0,0.135
27930.0,0.14
27940.0,0.135
27950.0,0.14
27960.0,0.14
27970.0,0.14
27980.0,0.14
27990.0,0.14
28000.0,0.14
28010.0,0.14
28020.0,0.13
28030.0,0.145
28040.0,0.14
28050.0,0.14
28060.0,0.14
28070.0,0.14
28080.0,0.135
28090.0,0.13
28100.0,0.14
28110.0,0.135
28120.0,0.14
28130.0,0.14
28140.0,0.135
28150.0,0.145
28160.0,0.14
28170.0,0.135
28180.0,0.14
28190.0,0.14
28200.0,0.14
28210.0,0.14
28220.0,0.135
28230.0,0.135
28240.0,0.14
28250.0,0.135
28260.0,0.135
28270.0,0.135
28280.0,0.14
28290.0,0.14
28300.0,0.135
28310.0,0.145
28320.0,0.135
28330.0,0.145
28340.0,0.135
28350.0,0.135
28360.0,0.14
28370.0,0.14
28380.0,0.14
28390.0,0.135
28400.0,0.135
28410.0,0.135
28420.0,0.14
28430.0,0.14
28440.0,0.14
28450.0,0.14
28460.0,0.14
28470.0,0.14
28480.0,0.14
28490.0,0.135
28500.0,0.14
28510.0,0.135
28520.0,0.135
28530.0,0.135
28540.0,0.135
28550.0,0.14
28560.0,0.135
28570.0,0.135
28580.0,0.14
28590.0,0.14
28600.0,0.14
28610.0,0.135
28620.0,0.135
28630.0,0.145
28640.0,0.14
28650.0,0.135
28660.0,0.135
28670.0,0.14
28680.0,0.14
28690.0,0.14
28700.0,0.14
28710.0,0.14
28720.0,0.14
28730.0,0.14
28740.0,0.14
28750.0,0.145
28760.0,0.145
28770.0,0.135
28780.0,0.14
28790.0,0.135
28800.0,0.14
28810.0,0.135
28820.0,0.145
28830.0,0.14
28840.0,0.14
28850.0,0.135
28860.0,0.135
28870.0,0.14
28880.0,0.135
28890.0,0.135
28900.0,0.135
28910.0,0.135
28920.0,0.14
28930.0,0.13
28940.0,0.135
28950.0,0.135
28960.0,0.135
28970.0,0.135
28980.0,0.135
28990.0,0.135
29000.0,0.135
29010.0,0.135
29020.0,0.14
29030.0,0.135
29040.0,0.135
29050.0,0.135
29060.0,0.135
29070.0,0.14
29080.0,0.135
29090.0,0.14
29100.0,0.13
29110.0,0.14
29120.0,0.135
29130.0,0.135
29140.0,0.14
29150.0,0.14
29160.0,0.14
29170.0,0.135
29180.0,0.135
29190.0,0.14
29200.0,0.135
29210.0,0.14
29220.0,0.13
29230.0,0.14
29240.0,0.14
29250.0,0.14
29260.0,0.135
29270.0,0.13
29280.0,0.14
29290.0,0.13
29300.0,0.135
29310.0,0.135
29320.0,0.135
29330.0,0.135
29340.0,0.135
29350.0,0.14
29360.0,0.13
29370.0,0.14
29380.0,0.13
29390.0,0.14
29400.0,0.135
29410.0,0.14
29420.0,0.14
29430.0,0.14
29440.0,0.14
29450.0,0.135
29460.0,0.135
29470.0,0.14
29480.0,0.13
29490.0,0.13
29500.0,0.135
29510.0,0.14
29520.0,0.14
29530.0,0.135
29540.0,0.135
29550.0,0.14
29560.0,0.135
29570.0,0.135
29580.0,0.135
29590.0,0.135
29600.0,0.14
29610.0,0.135
29620.0,0.135
29630.0,0.135
29640.0,0.14
29650.0,0.13
29660.0,0.14
29670.0,0.135
29680.0,0.14
29690.0,0.135
29700.0,0.135
29710.0,0.14
29720.0,0.14
29730.0,0.14
29740.0,0.13
29750.0,0.14
29760.0,0.13
29770.0,0.135
29780.0,0.13
29790.0,0.135
29800.0,0.14
29810.0,0.135
29820.0,0.135
29830.0,0.135
29840.0,0.135
29850.0,0.13
29860.0,0.135
29870.0,0.14
29880.0,0.14
29890.0,0.135
29900.0,0.135
29910.0,0.13
29920.0,0.14
29930.0,0.135
29940.0,0.135
29950.0,0.135
29960.0,0.135
29970.0,0.135
29980.0,0.135
29990.0,0.135
30000.0,0.135
30010.0,0.135
30020.0,0.135
30030.0,0.14
30040.0,0.135
30050.0,0.135
30060.0,0.14
30070.0,0.135
30080.0,0.135
30090.0,0.135
30100.0,0.13
30110.0,0.13
30120.0,0.135
30130.0,0.135
30140.0,0.14
30150.0,0.14
30160.0,0.14
30170.0,0.135
30180.0,0.135
30190.0,0.14
30200.0,0.14
30210.0,0.135
30220.0,0.135
30230.0,0.135
30240.0,0.135
30250.0,0.135
30260.0,0.135
30270.0,0.135
30280.0,0.135
30290.0,0.135
30300.0,0.14
30310.0,0.135
30320.0,0.135
30330.0,0.135
30340.0,0.135
30350.0,0.135
30360.0,0.14
30370.0,0.145
30380.0,0.14
30390.0,0.135
30400.0,0.135
30410.0,0.135
30420.0,0.135
30430.0,0.135
30440.0,0.135
30450.0,0.135
30460.0,0.135
30470.0,0.135
30480.0,0.13
30490.0,0.135
30500.0,0.135
30510.0,0.135
30520.0,0.13
30530.0,0.135
30540.0,0.135
30550.0,0.13
30560.0,0.135
30570.0,0.135
30580.0,0.135
30590.0,0.14
30600.0,0.135
30610.0,0.14
30620.0,0.135
30630.0,0.135
30640.0,0.13
30650.0,0.135
30660.0,0.135
30670.0,0.135
30680.0,0.135
30690.0,0.14
30700.0,0.135
30710.0,0.14
30720.0,0.135
30730.0,0.13
30740.0,0.135
30750.0,0.135
30760.0,0.14
30770.0,0.135
30780.0,0.13
30790.0,0.135
30800.0,0.14
30810.0,0.14
30820.0,0.135
30830.0,0.135
30840.0,0.135
30850.0,0.13
30860.0,0.135
30870.0,0.135
30880.0,0.135
30890.0,0.135
30900.0,0.14
30910.0,0.13
30920.0,0.135
30930.0,0.14
30940.0,0.13
30950.0,0.135
30960.0,0.135
30970.0,0.135
30980.0,0.14
30990.0,0.135
31000.0,0.14
31010.0,0.14
31020.0,0.13
31030.0,0.135
31040.0,0.135
31050.0,0.14
31060.0,0.135
31070.0,0.13
31080.0,0.135
31090.0,0.135
31100.0,0.13
31110.0,0.135
31120.0,0.14
31130.0,0.135
31140.0,0.14
31150.0,0.14
31160.0,0.13
31170.0,0.13
31180.0,0.14
31190.0,0.135
31200.0,0.135
31210.0,0.135
31220.0,0.135
31230.0,0.135
31240.0,0.14
31250.0,0.135
31260.0,0.135
31270.0,0.135
31280.0,0.13
31290.0,0.135
31300.0,0.14
31310.0,0.13
31320.0,0.135
31330.0,0.135
31340.0,0.14
31350.0,0.135
31360.0,0.135
31370.0,0.135
31380.0,0.14
31390.0,0.135
31400.0,0.135
31410.0,0.135
31420.0,0.135
31430.0,0.135
31440.0,0.135
31450.0,0.135
31460.0,0.135
31470.0,0.13
31480.0,0.135
31490.0,0.135
31500.0,0.135
31510.0,0.14
31520.0,0.135
31530.0,0.14
31540.0,0.13
31550.0,0.135
31560.0,0.13
31570.0,0.145
31580.0,0.135
31590.0,0.14
31600.0,0.135
31610.0,0.13
31620.0,0.135
31630.0,0.135
31640.0,0.125
31650.0,0.13
31660.0,0.135
31670.0,0.135
31680.0,0.135
31690.0,0.135
31700.0,0.135
31710.0,0.14
31720.0,0.13
31730.0,0.135
31740.0,0.135
31750.0,0.135
31760.0,0.135
31770.0,0.135
31780.0,0.13
31790.0,0.135
31800.0,0.135
31810.0,0.135
31820.0,0.135
31830.0,0.135
31840.0,0.13
31850.0,0.13
31860.0,0.135
31870.0,0.135
31880.0,0.135
31890.0,0.135
31900.0,0.13
31910.0,0.135
31920.0,0.135
31930.0,0.135
31940.0,0.135
31950.0,0.135
31960.0,0.135
31970.0,0.135
31980.0,0.135
31990.0,0.135
32000.0,0.135
32010.0,0.135
32020.0,0.135
32030.0,0.13
32040.0,0.14
32050.0,0.13
32060.0,0.135
32070.0,0.135
32080.0,0.135
32090.0,0.135
32100.0,0.135
32110.0,0.135
32120.0,0.135
32130.0,0.14
32140.0,0.135
32150.0,0.14
32160.0,0.135
32170.0,0.135
32180.0,0.135
32190.0,0.135
32200.0,0.135
32210.0,0.135
32220.0,0.135
32230.0,0.14
32240.0,0.135
32250.0,0.14
32260.0,0.135
32270.0,0.135
32280.0,0.14
32290.0,0.135
32300.0,0.135
32310.0,0.135
32320.0,0.135
32330.0,0.135
32340.0,0.135
32350.0,0.13
32360.0,0.135
32370.0,0.135
32380.0,0.135
32390.0,0.13
32400.0,0.135
32410.0,0.14
32420.0,0.14
32430.0,0.135
32440.0,0.135
32450.0,0.135
32460.0,0.13
32470.0,0.13
32480.0,0.13
32490.0,0.14
32500.0,0.135
32510.0,0.135
32520.0,0.135
32530.0,0.135
32540.0,0.135
32550.0,0.135
32560.0,0.14
32570.0,0.13
32580.0,0.145
32590.0,0.135
32600.0,0.135
32610.0,0.135
32620.0,0.135
32630.0,0.14
32640.0,0.135
32650.0,0.135
32660.0,0.135
32670.0,0.135
32680.0,0.135
32690.0,0.135
32700.0,0.13
32710.0,0.135
32720.0,0.13
32730.0,0.135
32740.0,0.135
32750.0,0.135
32760.0,0.135
32770.0,0.135
32780.0,0.135
32790.0,0.14
32800.0,0.135
32810.0,0.135
32820.0,0.135
32830.0,0.135
32840.0,0.14
32850.0,0.13
32860.0,0.135
32870.0,0.135
32880.0,0.135
32890.0,0.135
32900.0,0.14
32910.0,0.14
32920.0,0.135
32930.0,0.14
32940.0,0.135
32950.0,0.135
32960.0,0.135
32970.0,0.135
32980.0,0.135
32990.0,0.13
33000.0,0.135
33010.0,0.135
33020.0,0.135
33030.0,0.135
33040.0,0.135
33050.0,0.14
33060.0,0.135
33070.0,0.135
33080.0,0.135
33090.0,0.135
33100.0,0.14
33110.0,0.14
33120.0,0.135
33130.0,0.135
33140.0,0.13
33150.0,0.135
33160.0,0.135
33170.0,0.13
33180.0,0.135
33190.0,0.135
33200.0,0.135
33210.0,0.135
33220.0,0.13
33230.0,0.13
33240.0,0.135
33250.0,0.135
33260.0,0.135
33270.0,0.135
33280.0,0.135
33290.0,0.135
33300.0,0.14
33310.0,0.135
33320.0,0.135
33330.0,0.135
33340.0,0.135
33350.0,0.135
33360.0,0.13
33370.0,0.13
33380.0,0.13
33390.0,0.135
33400.0,0.135
33410.0,0.135
33420.0,0.135
33430.0,0.13
33440.0,0.13
33450.0,0.135
33460.0,0.135
33470.0,0.135
33480.0,0.135
33490.0,0.135
33500.0,0.135
33510.0,0.135
33520.0,0.13
33530.0,0.135
33540.0,0.135
33550.0,0.135
33560.0,0.14
33570.0,0.13
33580.0,0.13
33590.0,0.13
33600.0,0.14
33610.0,0.135
33620.0,0.135
33630.0,0.135
33640.0,0.135
33650.0,0.135
33660.0,0.14
33670.0,0.135
33680.0,0.14
33690.0,0.135
33700.0,0.13
33710.0,0.135
33720.0,0.135
33730.0,0.14
33740.0,0.13
33750.0,0.13
33760.0,0.135
33770.0,0.13
33780.0,0.135
33790.0,0.14
33800.0,0.135
33810.0,0.135
33820.0,0.135
33830.0,0.135
33840.0,0.135
33850.0,0.13
33860.0,0.135
33870.0,0.13
33880.0,0.135
33890.0,0.135
33900.0,0.14
33910.0,0.135
33920.0,0.135
33930.0,0.13
33940.0,0.135
33950.0,0.135
33960.0,0.135
33970.0,0.14
33980.0,0.13
33990.0,0.135
34000.0,0.135
34010.0,0.13
34020.0,0.14
34030.0,0.13
34040.0,0.13
34050.0,0.135
34060.0,0.135
34070.0,0.135
34080.0,0.13
34090.0,0.14
34100.0,0.135
34110.0,0.13
34120.0,0.135
34130.0,0.135
34140.0,0.135
34150.0,0.135
34160.0,0.14
34170.0,0.14
34180.0,0.135
34190.0,0.13
34200.0,0.13
34210.0,0.135
34220.0,0.135
34230.0,0.13
34240.0,0.135
34250.0,0.135
34260.0,0.135
34270.0,0.135
34280.0,0.135
34290.0,0.135
34300.0,0.135
34310.0,0.135
34320.0,0.135
34330.0,0.135
34340.0,0.135
34350.0,0.135
34360.0,0.135
34370.0,0.135
34380.0,0.13
34390.0,0.135
34400.0,0.135
34410.0,0.135
34420.0,0.135
34430.0,0.13
34440.0,0.135
34450.0,0.135
34460.0,0.135
34470.0,0.135
34480.0,0.135
34490.0,0.135
34500.0,0.135
34510.0,0.135
34520.0,0.135
34530.0,0.135
34540.0,0.135
34550.0,0.14
34560.0,0.13
34570.0,0.13
34580.0,0.13
34590.0,0.135
34600.0,0.13
34610.0,0.135
34620.0,0.135
34630.0,0.135
34640.0,0.135
34650.0,0.13
34660.0,0.13
34670.0,0.13
34680.0,0.135
34690.0,0.135
34700.0,0.13
34710.0,0.135
34720.0,0.135
34730.0,0.135
34740.0,0.135
34750.0,0.135
34760.0,0.135
34770.0,0.135
34780.0,0.135
34790.0,0.13
34800.0,0.135
34810.0,0.135
34820.0,0.135
34830.0,0.14
34840.0,0.135
34850.0,0.135
34860.0,0.135
34870.0,0.13
34880.0,0.135
34890.0,0.135
34900.0,0.13
34910.0,0.13
34920.0,0.135
34930.0,0.13
34940.0,0.135
34950.0,0.135
34960.0,0.13
34970.0,0.14
34980.0,0.135
34990.0,0.14
35000.0,0.135
35010.0,0.13
35020.0,0.13
35030.0,0.13
35040.0,0.135
35050.0,0.13
35060.0,0.14
35070.0,0.135
35080.0,0.135
35090.0,0.135
35100.0,0.135
35110.0,0.13
35120.0,0.13
35130.0,0.135
35140.0,0.13
35150.0,0.135
35160.0,0.135
35170.0,0.13
35180.0,0.135
35190.0,0.135
35200.0,0.135
35210.0,0.13
35220.0,0.135
35230.0,0.13
35240.0,0.13
35250.0,0.135
35260.0,0.135
35270.0,0.135
35280.0,0.135
35290.0,0.135
35300.0,0.135
35310.0,0.135
35320.0,0.13
35330.0,0.13
35340.0,0.13
35350.0,0.13
35360.0,0.13
35370.0,0.135
35380.0,0.135
35390.0,0.135
35400.0,0.125
35410.0,0.135
35420.0,0.135
35430.0,0.135
35440.0,0.13
35450.0,0.135
35460.0,0.135
35470.0,0.13
35480.0,0.13
35490.0,0.135
35500.0,0.135
35510.0,0.135
35520.0,0.135
35530.0,0.13
35540.0,0.135
35550.0,0.13
35560.0,0.135
35570.0,0.135
35580.0,0.13
35590.0,0.135
35600.0,0.135
35610.0,0.13
35620.0,0.135
35630.0,0.135
35640.0,0.14
35650.0,0.135
35660.0,0.14
35670.0,0.135
35680.0,0.135
35690.0,0.135
35700.0,0.135
35710.0,0.14
35720.0,0.135
35730.0,0.135
35740.0,0.13
35750.0,0.135
35760.0,0.135
35770.0,0.13
35780.0,0.13
35790.0,0.13
35800.0,0.13
35810.0,0.135
35820.0,0.135
35830.0,0.14
35840.0,0.13
35850.0,0.135
35860.0,0.13
35870.0,0.135
35880.0,0.135
35890.0,0.135
35900.0,0.13
35910.0,0.135
35920.0,0.13
35930.0,0.135
35940.0,0.13
35950.0,0.13
35960.0,0.145
35970.0,0.135
35980.0,0.135
35990.0,0.135
36000.0,0.135
36010.0,0.13
36020.0,0.135
36030.0,0.135
36040.0,0.13
36050.0,0.135
36060.0,0.135
36070.0,0.135
36080.0,0.13
36090.0,0.135
36100.0,0.135
36110.0,0.135
36120.0,0.135
36130.0,0.13
36140.0,0.135
36150.0,0.13
36160.0,0.135
36170.0,0.13
36180.0,0.135
36190.0,0.13
36200.0,0.135
36210.0,0.135
36220.0,0.14
36230.0,0.13
36240.0,0.135
36250.0,0.14
36260.0,0.135
36270.0,0.14
36280.0,0.13
36290.0,0.13
36300.0,0.14
36310.0,0.14
36320.0,0.135
36330.0,0.13
36340.0,0.135
36350.0,0.14
36360.0,0.135
36370.0,0.135
36380.0,0.135
36390.0,0.135
36400.0,0.14
36410.0,0.135
36420.0,0.135
36430.0,0.13
36440.0,0.135
36450.0,0.135
36460.0,0.13
36470.0,0.135
36480.0,0.135
36490.0,0.135
36500.0,0.14
36510.0,0.13
36520.0,0.135
36530.0,0.14
36540.0,0.135
36550.0,0.14
36560.0,0.135
36570.0,0.135
36580.0,0.14
36590.0,0.135
36600.0,0.13
36610.0,0.13
36620.0,0.135
36630.0,0.135
36640.0,0.135
36650.0,0.135
36660.0,0.135
36670.0,0.13
36680.0,0.13
36690.0,0.135
36700.0,0.135
36710.0,0.135
36720.0,0.135
36730.0,0.135
36740.0,0.135
36750.0,0.135
36760.0,0.135
36770.0,0.135
36780.0,0.135
36790.0,0.13
36800.0,0.135
36810.0,0.135
36820.0,0.135
36830.0,0.14
36840.0,0.13
36850.0,0.13
36860.0,0.13
36870.0,0.13
36880.0,0.135
36890.0,0.13
36900.0,0.14
36910.0,0.13
36920.0,0.13
36930.0,0.135
36940.0,0.13
36950.0,0.135
36960.0,0.135
36970.0,0.135
36980.0,0.13
36990.0,0.135
37000.0,0.135
37010.0,0.135
37020.0,0.13
37030.0,0.13
37040.0,0.135
37050.0,0.13
37060.0,0.135
37070.0,0.135
37080.0,0.13
37090.0,0.135
37100.0,0.135
37110.0,0.13
37120.0,0.13
37130.0,0.135
37140.0,0.135
37150.0,0.135
37160.0,0.13
37170.0,0.135
37180.0,0.14
37190.0,0.13
37200.0,0.135
37210.0,0.135
37220.0,0.135
37230.0,0.135
37240.0,0.13
37250.0,0.135
37260.0,0.135
37270.0,0.135
37280.0,0.14
37290.0,0.135
37300.0,0.13
37310.0,0.135
37320.0,0.14
37330.0,0.135
37340.0,0.135
37350.0,0.13
37360.0,0.135
37370.0,0.135
37380.0,0.13
37390.0,0.13
37400.0,0.135
37410.0,0.13
37420.0,0.135
37430.0,0.135
37440.0,0.13
37450.0,0.14
37460.0,0.135
37470.0,0.135
37480.0,0.135
37490.0,0.14
37500.0,0.135
37510.0,0.135
37520.0,0.13
37530.0,0.135
37540.0,0.135
37550.0,0.135
37560.0,0.135
37570.0,0.13
37580.0,0.13
37590.0,0.135
37600.0,0.13
37610.0,0.135
37620.0,0.13
37630.0,0.13
37640.0,0.135
37650.0,0.13
37660.0,0.135
37670.0,0.135
37680.0,0.135
37690.0,0.135
37700.0,0.13
37710.0,0.135
37720.0,0.135
37730.0,0.13
37740.0,0.13
37750.0,0.13
37760.0,0.13
37770.0,0.13
37780.0,0.13
37790.0,0.135
37800.0,0.135
37810.0,0.135
37820.0,0.14
37830.0,0.135
37840.0,0.135
37850.0,0.13
37860.0,0.13
37870.0,0.135
37880.0,0.135
37890.0,0.135
37900.0,0.135
37910.0,0.13
37920.0,0.13
37930.0,0.135
37940.0,0.13
37950.0,0.13
37960.0,0.14
37970.0,0.135
37980.0,0.135
37990.0,0.135
38000.0,0.14
38010.0,0.13
38020.0,0.135
38030.0,0.135
38040.0,0.135
38050.0,0.13
38060.0,0.135
38070.0,0.13
38080.0,0.13
38090.0,0.135
38100.0,0.13
38110.0,0.135
38120.0,0.13
38130.0,0.14
38140.0,0.13
38150.0,0.13
38160.0,0.13
38170.0,0.135
38180.0,0.13
38190.0,0.135
38200.0,0.135
38210.0,0.13
38220.0,0.13
38230.0,0.135
38240.0,0.135
38250.0,0.13
38260.0,0.13
38270.0,0.135
38280.0,0.135
38290.0,0.135
38300.0,0.13
38310.0,0.13
38320.0,0.13
38330.0,0.13
38340.0,0.135
38350.0,0.135
38360.0,0.135
38370.0,0.135
38380.0,0.13
38390.0,0.135
38400.0,0.135
38410.0,0.13
38420.0,0.135
38430.0,0.125
38440.0,0.13
38450.0,0.135
38460.0,0.13
38470.0,0.13
38480.0,0.13
38490.0,0.13
38500.0,0.135
38510.0,0.135
38520.0,0.13
38530.0,0.13
38540.0,0.13
38550.0,0.13
38560.0,0.135
38570.0,0.135
38580.0,0.13
38590.0,0.135
38600.0,0.135
38610.0,0.13
38620.0,0.135
38630.0,0.135
38640.0,0.135
38650.0,0.13
38660.0,0.13
38670.0,0.13
38680.0,0.13
38690.0,0.135
38700.0,0.135
38710.0,0.125
38720.0,0.13
38730.0,0.125
38740.0,0.13
38750.0,0.13
38760.0,0.135
38770.0,0.135
38780.0,0.135
38790.0,0.14
38800.0,0.13
38810.0,0.135
38820.0,0.13
38830.0,0.135
38840.0,0.135
38850.0,0.13
38860.0,0.13
38870.0,0.135
38880.0,0.135
38890.0,0.14
38900.0,0.13
38910.0,0.13
38920.0,0.135
38930.0,0.13
38940.0,0.13
38950.0,0.13
38960.0,0.14
38970.0,0.13
38980.0,0.135
38990.0,0.135
39000.0,0.135
39010.0,0.14
39020.0,0.135
39030.0,0.13
39040.0,0.13
39050.0,0.135
39060.0,0.13
39070.0,0.13
39080.0,0.135
39090.0,0.13
39100.0,0.13
39110.0,0.135
39120.0,0.13
39130.0,0.135
39140.0,0.135
39150.0,0.13
39160.0,0.135
39170.0,0.135
39180.0,0.135
39190.0,0.135
39200.0,0.13
39210.0,0.13
39220.0,0.14
39230.0,0.135
39240.0,0.135
39250.0,0.14
39260.0,0.135
39270.0,0.135
39280.0,0.135
39290.0,0.13
39300.0,0.13
39310.0,0.13
39320.0,0.13
39330.0,0.14
39340.0,0.135
39350.0,0.135
39360.0,0.13
39370.0,0.13
39380.0,0.13
39390.0,0.13
39400.0,0.13
39410.0,0.13
39420.0,0.13
39430.0,0.13
39440.0,0.13
39450.0,0.135
39460.0,0.135
39470.0,0.135
39480.0,0.135
39490.0,0.14
39500.0,0.135
39510.0,0.135
39520.0,0.13
39530.0,0.135
39540.0,0.13
39550.0,0.135
39560.0,0.135
39570.0,0.135
39580.0,0.13
39590.0,0.13
39600.0,0.13
39610.0,0.13
39620.0,0.13
39630.0,0.13
39640.0,0.14
39650.0,0.13
39660.0,0.13
39670.0,0.125
39680.0,0.135
39690.0,0.135
39700.0,0.13
39710.0,0.13
39720.0,0.135
39730.0,0.13
39740.0,0.135
39750.0,0.135
39760.0,0.13
39770.0,0.13
39780.0,0.135
39790.0,0.135
39800.0,0.135
39810.0,0.13
39820.0,0.135
39830.0,0.13
39840.0,0.13
39850.0,0.13
39860.0,0.13
39870.0,0.13
39880.0,0.13
39890.0,0.13
39900.0,0.13
39910.0,0.13
39920.0,0.135
39930.0,0.135
39940.0,0.13
39950.0,0.135
39960.0,0.14
39970.0,0.135
39980.0,0.135
39990.0,0.13
40000.0,0.135
40010.0,0.135
40020.0,0.13
40030.0,0.135
40040.0,0.14
40050.0,0.125
40060.0,0.13
40070.0,0.135
40080.0,0.135
40090.0,0.14
40100.0,0.135
40110.0,0.135
40120.0,0.135
40130.0,0.13
40140.0,0.13
40150.0,0.135
40160.0,0.13
40170.0,0.125
40180.0,0.135
40190.0,0.135
40200.0,0.135
40210.0,0.135
40220.0,0.14
40230.0,0.135
40240.0,0.135
40250.0,0.125
40260.0,0.13
40270.0,0.135
40280.0,0.135
40290.0,0.135
40300.0,0.135
40310.0,0.135
40320.0,0.135
40330.0,0.13
40340.0,0.13
40350.0,0.135
40360.0,0.135
40370.0,0.135
40380.0,0.13
40390.0,0.13
40400.0,0.135
40410.0,0.13
40420.0,0.135
40430.0,0.13
40440.0,0.13
40450.0,0.13
40460.0,0.135
40470.0,0.135
40480.0,0.13
40490.0,0.135
40500.0,0.13
40510.0,0.135
40520.0,0.135
40530.0,0.13
40540.0,0.135
40550.0,0.135
40560.0,0.13
40570.0,0.13
40580.0,0.13
40590.0,0.135
40600.0,0.135
40610.0,0.135
40620.0,0.135
40630.0,0.135
40640.0,0.135
40650.0,0.13
40660.0,0.13
40670.0,0.125
40680.0,0.135
40690.0,0.135
40700.0,0.13
40710.0,0.135
40720.0,0.13
40730.0,0.135
40740.0,0.135
40750.0,0.13
40760.0,0.13
40770.0,0.135
40780.0,0.135
40790.0,0.13
40800.0,0.135
40810.0,0.13
40820.0,0.14
40830.0,0.13
40840.0,0.135
40850.0,0.135
40860.0,0.135
40870.0,0.13
40880.0,0.13
40890.0,0.135
40900.0,0.13
40910.0,0.135
40920.0,0.135
40930.0,0.14
40940.0,0.13
40950.0,0.135
40960.0,0.13
40970.0,0.13
40980.0,0.135
40990.0,0.14
41000.0,0.135
41010.0,0.135
41020.0,0.135
41030.0,0.125
41040.0,0.14
41050.0,0.13
41060.0,0.13
41070.0,0.135
41080.0,0.13
41090.0,0.13
41100.0,0.135
41110.0,0.13
41120.0,0.125
41130.0,0.13
41140.0,0.13
41150.0,0.13
41160.0,0.135
41170.0,0.13
41180.0,0.135
41190.0,0.13
41200.0,0.135
41210.0,0.135
41220.0,0.125
41230.0,0.13
41240.0,0.135
41250.0,0.135
41260.0,0.135
41270.0,0.13
41280.0,0.135
41290.0,0.13
41300.0,0.135
41310.0,0.13
41320.0,0.13
41330.0,0.13
41340.0,0.13
41350.0,0.13
41360.0,0.13
41370.0,0.13
41380.0,0.135
41390.0,0.135
41400.0,0.135
41410.0,0.135
41420.0,0.14
41430.0,0.135
41440.0,0.13
41450.0,0.13
41460.0,0.13
41470.0,0.13
41480.0,0.13
41490.0,0.135
41500.0,0.13
41510.0,0.135
41520.0,0.135
41530.0,0.135
41540.0,0.135
41550.0,0.135
41560.0,0.135
41570.0,0.14
41580.0,0.125
41590.0,0.13
41600.0,0.135
41610.0,0.13
41620.0,0.13
41630.0,0.13
41640.0,0.135
41650.0,0.135
41660.0,0.14
41670.0,0.125
41680.0,0.13
41690.0,0.13
41700.0,0.13
41710.0,0.135
41720.0,0.135
41730.0,0.13
41740.0,0.14
41750.0,0.13
41760.0,0.135
41770.0,0.13
41780.0,0.13
41790.0,0.135
41800.0,0.14
41810.0,0.13
41820.0,0.13
41830.0,0.135
41840.0,0.13
41850.0,0.135
41860.0,0.135
41870.0,0.13
41880.0,0.13
41890.0,0.13
41900.0,0.13
41910.0,0.13
41920.0,0.135
41930.0,0.135
41940.0,0.13
41950.0,0.135
41960.0,0.13
41970.0,0.13
41980.0,0.13
41990.0,0.13
42000.0,0.13
42010.0,0.125
42020.0,0.13
42030.0,0.13
42040.0,0.135
42050.0,0.13
42060.0,0.135
42070.0,0.13
42080.0,0.13
42090.0,0.135
42100.0,0.13
42110.0,0.13
42120.0,0.13
42130.0,0.135
42140.0,0.13
42150.0,0.13
42160.0,0.13
42170.0,0.135
42180.0,0.13
42190.0,0.135
42200.0,0.13
42210.0,0.13
42220.0,0.14
42230.0,0.13
42240.0,0.13
42250.0,0.13
42260.0,0.125
42270.0,0.13
42280.0,0.125
42290.0,0.135
42300.0,0.13
42310.0,0.135
42320.0,0.135
42330.0,0.135
42340.0,0.135
42350.0,0.13
42360.0,0.13
42370.0,0.13
42380.0,0.13
42390.0,0.13
42400.0,0.13
42410.0,0.13
42420.0,0.13
42430.0,0.135
42440.0,0.13
42450.0,0.13
42460.0,0.13
42470.0,0.135
42480.0,0.13
42490.0,0.135
42500.0,0.13
42510.0,0.13
42520.0,0.13
42530.0,0.135
42540.0,0.13
42550.0,0.13
42560.0,0.13
42570.0,0.13
42580.0,0.13
42590.0,0.13
42600.0,0.135
42610.0,0.135
42620.0,0.135
42630.0,0.13
42640.0,0.135
42650.0,0.135
42660.0,0.13
42670.0,0.13
42680.0,0.13
42690.0,0.135
42700.0,0.135
42710.0,0.135
42720.0,0.13
42730.0,0.135
42740.0,0.135
42750.0,0.135
42760.0,0.135
42770.0,0.13
42780.0,0.13
42790.0,0.135
42800.0,0.13
42810.0,0.135
42820.0,0.13
42830.0,0.135
42840.0,0.13
42850.0,0.13
42860.0,0.13
42870.0,0.135
42880.0,0.135
42890.0,0.13
42900.0,0.135
42910.0,0.135
42920.0,0.135
42930.0,0.13
42940.0,0.135
42950.0,0.13
42960.0,0.135
42970.0,0.135
42980.0,0.135
42990.0,0.135
43000.0,0.14
43010.0,0.125
43020.0,0.135
43030.0,0.13
43040.0,0.135
43050.0,0.13
43060.0,0.13
43070.0,0.13
43080.0,0.13
43090.0,0.135
43100.0,0.125
43110.0,0.13
43120.0,0.135
43130.0,0.135
43140.0,0.13
43150.0,0.13
43160.0,0.135
43170.0,0.13
43180.0,0.13
43190.0,0.135
43200.0,0.13
43210.0,0.13
43220.0,0.135
43230.0,0.135
43240.0,0.13
43250.0,0.13
43260.0,0.13
43270.0,0.13
43280.0,0.135
43290.0,0.135
43300.0,0.13
43310.0,0.13
43320.0,0.135
43330.0,0.13
43340.0,0.13
43350.0,0.13
43360.0,0.135
43370.0,0.125
43380.0,0.13
43390.0,0.13
43400.0,0.13
43410.0,0.135
43420.0,0.135
43430.0,0.13
43440.0,0.135
43450.0,0.135
43460.0,0.13
43470.0,0.135
43480.0,0.135
43490.0,0.13
43500.0,0.125
43510.0,0.13
43520.0,0.135
43530.0,0.13
43540.0,0.13
43550.0,0.135
43560.0,0.125
43570.0,0.13
43580.0,0.13
43590.0,0.135
43600.0,0.13
43610.0,0.13
43620.0,0.125
43630.0,0.135
43640.0,0.135
43650.0,0.13
43660.0,0.135
43670.0,0.135
43680.0,0.13
43690.0,0.13
43700.0,0.135
43710.0,0.135
43720.0,0.135
43730.0,0.13
43740.0,0.13
43750.0,0.13
43760.0,0.13
43770.0,0.135
43780.0,0.13
43790.0,0.13
43800.0,0.13
43810.0,0.13
43820.0,0.135
43830.0,0.13
43840.0,0.13
43850.0,0.13
43860.0,0.135
43870.0,0.125
43880.0,0.13
43890.0,0.135
43900.0,0.135
43910.0,0.135
43920.0,0.135
43930.0,0.135
43940.0,0.13
43950.0,0.13
43960.0,0.125
43970.0,0.13
43980.0,0.13
43990.0,0.13
44000.0,0.135
44010.0,0.125
44020.0,0.135
44030.0,0.125
44040.0,0.13
44050.0,0.135
44060.0,0.13
44070.0,0.135
44080.0,0.13
44090.0,0.13
44100.0,0.13
44110.0,0.13
44120.0,0.13
44130.0,0.13
44140.0,0.135
44150.0,0.13
44160.0,0.135
44170.0,0.135
44180.0,0.135
44190.0,0.13
44200.0,0.13
44210.0,0.13
44220.0,0.13
44230.0,0.13
44240.0,0.13
44250.0,0.14
44260.0,0.135
44270.0,0.135
44280.0,0.13
44290.0,0.13
44300.0,0.13
44310.0,0.13
44320.0,0.13
44330.0,0.13
44340.0,0.135
44350.0,0.135
44360.0,0.13
44370.0,0.135
44380.0,0.13
44390.0,0.13
44400.0,0.14
44410.0,0.135
44420.0,0.135
44430.0,0.135
44440.0,0.13
44450.0,0.135
44460.0,0.135
44470.0,0.13
44480.0,0.13
44490.0,0.13
44500.0,0.135
44510.0,0.13
44520.0,0.13
44530.0,0.13
44540.0,0.125
44550.0,0.135
44560.0,0.14
44570.0,0.135
44580.0,0.135
44590.0,0.125
44600.0,0.135
44610.0,0.13
44620.0,0.13
44630.0,0.14
44640.0,0.135
44650.0,0.135
44660.0,0.135
44670.0,0.13
44680.0,0.13
44690.0,0.13
44700.0,0.135
44710.0,0.13
44720.0,0.135
44730.0,0.135
44740.0,0.13
44750.0,0.13
44760.0,0.135
44770.0,0.135
44780.0,0.135
44790.0,0.135
44800.0,0.13
44810.0,0.125
44820.0,0.14
44830.0,0.13
44840.0,0.13
44850.0,0.13
44860.0,0.13
44870.0,0.13
44880.0,0.13
44890.0,0.125
44900.0,0.13
44910.0,0.125
44920.0,0.13
44930.0,0.13
44940.0,0.135
44950.0,0.135
44960.0,0.135
44970.0,0.13
44980.0,0.135
44990.0,0.125
45000.0,0.13
45010.0,0.13
45020.0,0.135
45030.0,0.13
45040.0,0.135
45050.0,0.13
45060.0,0.13
45070.0,0.13
45080.0,0.13
45090.0,0.13
45100.0,0.135
45110.0,0.135
45120.0,0.135
45130.0,0.135
45140.0,0.13
45150.0,0.13
45160.0,0.135
45170.0,0.135
45180.0,0.13
45190.0,0.13
45200.0,0.13
45210.0,0.135
45220.0,0.13
45230.0,0.13
45240.0,0.13
45250.0,0.135
45260.0,0.125
45270.0,0.13
45280.0,0.135
45290.0,0.13
45300.0,0.135
45310.0,0.13
45320.0,0.135
45330.0,0.13
45340.0,0.125
45350.0,0.13
45360.0,0.13
45370.0,0.13
45380.0,0.13
45390.0,0.13
45400.0,0.135
45410.0,0.13
45420.0,0.135
45430.0,0.13
45440.0,0.13
45450.0,0.13
45460.0,0.135
45470.0,0.125
45480.0,0.13
45490.0,0.135
45500.0,0.13
45510.0,0.13
45520.0,0.135
45530.0,0.13
45540.0,0.13
45550.0,0.125
45560.0,0.13
45570.0,0.13
45580.0,0.13
45590.0,0.135
45600.0,0.13
45610.0,0.135
45620.0,0.135
45630.0,0.13
45640.0,0.13
45650.0,0.13
45660.0,0.13
45670.0,0.13
45680.0,0.13
45690.0,0.13
45700.0,0.135
45710.0,0.135
45720.0,0.13
45730.0,0.135
45740.0,0.14
45750.0,0.135
45760.0,0.13
45770.0,0.135
45780.0,0.125
45790.0,0.13
45800.0,0.135
45810.0,0.13
45820.0,0.135
45830.0,0.13
45840.0,0.135
45850.0,0.13
45860.0,0.13
45870.0,0.135
45880.0,0.14
45890.0,0.135
45900.0,0.135
45910.0,0.135
45920.0,0.135
45930.0,0.13
45940.0,0.13
45950.0,0.13
45960.0,0.135
45970.0,0.13
45980.0,0.13
45990.0,0.135
46000.0,0.125
46010.0,0.135
46020.0,0.135
46030.0,0.135
46040.0,0.14
46050.0,0.125
46060.0,0.13
46070.0,0.14
46080.0,0.125
46090.0,0.13
46100.0,0.13
46110.0,0.13
46120.0,0.13
46130.0,0.13
46140.0,0.13
46150.0,0.135
46160.0,0.13
46170.0,0.13
46180.0,0.13
46190.0,0.135
46200.0,0.135
46210.0,0.125
46220.0,0.13
46230.0,0.135
46240.0,0.135
46250.0,0.135
46260.0,0.13
46270.0,0.13
46280.0,0.13
46290.0,0.13
46300.0,0.13
46310.0,0.125
46320.0,0.135
46330.0,0.13
46340.0,0.13
46350.0,0.135
46360.0,0.135
46370.0,0.12
46380.0,0.135
46390.0,0.13
46400.0,0.13
46410.0,0.135
46420.0,0.135
46430.0,0.135
46440.0,0.13
46450.0,0.135
46460.0,0.135
46470.0,0.125
46480.0,0.13
46490.0,0.14
46500.0,0.13
46510.0,0.135
46520.0,0.13
46530.0,0.135
46540.0,0.135
46550.0,0.135
46560.0,0.13
46570.0,0.135
46580.0,0.135
46590.0,0.13
46600.0,0.13
46610.0,0.13
46620.0,0.135
46630.0,0.135
46640.0,0.135
46650.0,0.135
46660.0,0.135
46670.0,0.13
46680.0,0.13
46690.0,0.13
46700.0,0.135
46710.0,0.135
46720.0,0.135
46730.0,0.135
46740.0,0.135
46750.0,0.14
46760.0,0.135
46770.0,0.135
46780.0,0.135
46790.0,0.13
46800.0,0.135
46810.0,0.13
46820.0,0.13
46830.0,0.135
46840.0,0.135
46850.0,0.14
46860.0,0.13
46870.0,0.135
46880.0,0.13
46890.0,0.13
46900.0,0.135
46910.0,0.13
46920.0,0.13
46930.0,0.13
46940.0,0.135
46950.0,0.13
46960.0,0.135
46970.0,0.13
46980.0,0.135
46990.0,0.13
47000.0,0.13
47010.0,0.13
47020.0,0.14
47030.0,0.135
47040.0,0.13
47050.0,0.14
47060.0,0.135
47070.0,0.135
47080.0,0.135
47090.0,0.135
47100.0,0.135
47110.0,0.13
47120.0,0.135
47130.0,0.13
47140.0,0.13
47150.0,0.135
47160.0,0.135
47170.0,0.135
47180.0,0.135
47190.0,0.135
47200.0,0.12
47210.0,0.13
47220.0,0.125
47230.0,0.135
47240.0,0.135
47250.0,0.135
47260.0,0.135
47270.0,0.135
47280.0,0.13
47290.0,0.13
47300.0,0.125
47310.0,0.135
47320.0,0.13
47330.0,0.13
47340.0,0.14
47350.0,0.13
47360.0,0.13
47370.0,0.14
47380.0,0.135
47390.0,0.13
47400.0,0.135
47410.0,0.135
47420.0,0.135
47430.0,0.135
47440.0,0.135
47450.0,0.13
47460.0,0.135
47470.0,0.125
47480.0,0.13
47490.0,0.14
47500.0,0.135
47510.0,0.13
47520.0,0.13
47530.0,0.13
47540.0,0.13
47550.0,0.135
47560.0,0.135
47570.0,0.13
47580.0,0.135
47590.0,0.135
47600.0,0.13
47610.0,0.135
47620.0,0.135
47630.0,0.135
47640.0,0.13
47650.0,0.135
47660.0,0.135
47670.0,0.14
47680.0,0.13
47690.0,0.135
47700.0,0.135
47710.0,0.125
47720.0,0.135
47730.0,0.135
47740.0,0.14
47750.0,0.135
47760.0,0.135
47770.0,0.13
47780.0,0.135
47790.0,0.13
47800.0,0.135
47810.0,0.135
47820.0,0.135
47830.0,0.14
47840.0,0.13
47850.0,0.135
47860.0,0.135
47870.0,0.135
47880.0,0.13
47890.0,0.13
47900.0,0.13
47910.0,0.135
47920.0,0.135
47930.0,0.135
47940.0,0.135
47950.0,0.13
47960.0,0.13
47970.0,0.135
47980.0,0.13
47990.0,0.135
48000.0,0.135
48010.0,0.135
48020.0,0.13
48030.0,0.13
48040.0,0.135
48050.0,0.135
48060.0,0.14
48070.0,0.14
48080.0,0.135
48090.0,0.135
48100.0,0.125
48110.0,0.135
48120.0,0.135
48130.0,0.135
48140.0,0.135
48150.0,0.13
48160.0,0.135
48170.0,0.135
48180.0,0.135
48190.0,0.14
48200.0,0.125
48210.0,0.135
48220.0,0.135
48230.0,0.135
48240.0,0.135
48250.0,0.14
48260.0,0.135
48270.0,0.135
48280.0,0.14
48290.0,0.135
48300.0,0.125
48310.0,0.13
48320.0,0.13
48330.0,0.135
48340.0,0.13
48350.0,0.135
48360.0,0.14
48370.0,0.13
48380.0,0.13
48390.0,0.135
48400.0,0.13
48410.0,0.135
48420.0,0.14
48430.0,0.14
48440.0,0.135
48450.0,0.14
48460.0,0.135
48470.0,0.135
48480.0,0.14
48490.0,0.135
48500.0,0.135
48510.0,0.135
48520.0,0.135
48530.0,0.135
48540.0,0.135
48550.0,0.135
48560.0,0.135
48570.0,0.135
48580.0,0.135
48590.0,0.135
48600.0,0.13
48610.0,0.135
48620.0,0.135
48630.0,0.135
48640.0,0.13
48650.0,0.135
48660.0,0.14
48670.0,0.135
48680.0,0.135
48690.0,0.135
48700.0,0.13
48710.0,0.135
48720.0,0.13
48730.0,0.135
48740.0,0.135
48750.0,0.135
48760.0,0.13
48770.0,0.135
48780.0,0.13
48790.0,0.14
48800.0,0.135
48810.0,0.135
48820.0,0.135
48830.0,0.135
48840.0,0.135
48850.0,0.135
48860.0,0.135
48870.0,0.135
48880.0,0.135
48890.0,0.135
48900.0,0.135
48910.0,0.135
48920.0,0.13
48930.0,0.135
48940.0,0.13
48950.0,0.135
48960.0,0.13
48970.0,0.135
48980.0,0.135
48990.0,0.13
49000.0,0.135
49010.0,0.13
49020.0,0.14
49030.0,0.13
49040.0,0.13
49050.0,0.13
49060.0,0.13
49070.0,0.13
49080.0,0.135
49090.0,0.13
49100.0,0.125
49110.0,0.135
49120.0,0.135
49130.0,0.135
49140.0,0.13
49150.0,0.145
49160.0,0.135
49170.0,0.135
49180.0,0.135
49190.0,0.135
49200.0,0.135
49210.0,0.13
49220.0,0.135
49230.0,0.14
49240.0,0.135
49250.0,0.135
49260.0,0.14
49270.0,0.135
49280.0,0.135
49290.0,0.14
49300.0,0.135
49310.0,0.135
49320.0,0.13
49330.0,0.135
49340.0,0.14
49350.0,0.135
49360.0,0.135
49370.0,0.135
49380.0,0.135
49390.0,0.135
49400.0,0.135
49410.0,0.13
49420.0,0.13
49430.0,0.135
49440.0,0.14
49450.0,0.135
49460.0,0.135
49470.0,0.14
49480.0,0.13
49490.0,0.135
49500.0,0.135
49510.0,0.13
49520.0,0.135
49530.0,0.135
49540.0,0.13
49550.0,0.135
49560.0,0.135
49570.0,0.135
49580.0,0.14
49590.0,0.135
49600.0,0.135
49610.0,0.135
49620.0,0.135
49630.0,0.135
49640.0,0.145
49650.0,0.135
49660.0,0.13
49670.0,0.135
49680.0,0.135
49690.0,0.14
49700.0,0.135
49710.0,0.135
49720.0,0.135
49730.0,0.14
49740.0,0.135
49750.0,0.135
49760.0,0.135
49770.0,0.13
49780.0,0.13
49790.0,0.135
49800.0,0.135
49810.0,0.135
49820.0,0.135
49830.0,0.135
49840.0,0.135
49850.0,0.135
49860.0,0.135
49870.0,0.135
49880.0,0.135
49890.0,0.145
49900.0,0.135
49910.0,0.135
49920.0,0.135
49930.0,0.135
49940.0,0.135
49950.0,0.135
49960.0,0.135
49970.0,0.135
49980.0,0.135
49990.0,0.14
50000.0,0.135
50010.0,0.13
50020.0,0.135
50030.0,0.135
50040.0,0.135
50050.0,0.135
50060.0,0.135
50070.0,0.135
50080.0,0.14
50090.0,0.135
50100.0,0.135
50110.0,0.145
50120.0,0.135
50130.0,0.14
50140.0,0.135
50150.0,0.14
50160.0,0.14
50170.0,0.135
50180.0,0.14
50190.0,0.145
50200.0,0.14
50210.0,0.14
50220.0,0.135
50230.0,0.14
50240.0,0.135
50250.0,0.135
50260.0,0.135
50270.0,0.135
50280.0,0.14
50290.0,0.14
50300.0,0.135
50310.0,0.14
50320.0,0.14
50330.0,0.135
50340.0,0.135
50350.0,0.135
50360.0,0.14
50370.0,0.135
50380.0,0.14
50390.0,0.135
50400.0,0.14
50410.0,0.135
50420.0,0.14
50430.0,0.13
50440.0,0.14
50450.0,0.14
50460.0,0.135
50470.0,0.14
50480.0,0.14
50490.0,0.135
50500.0,0.14
50510.0,0.14
50520.0,0.135
50530.0,0.135
50540.0,0.135
50550.0,0.135
50560.0,0.135
50570.0,0.14
50580.0,0.135
50590.0,0.14
50600.0,0.14
50610.0,0.14
50620.0,0.14
50630.0,0.135
50640.0,0.135
50650.0,0.14
50660.0,0.14
50670.0,0.135
50680.0,0.14
50690.0,0.145
50700.0,0.135
50710.0,0.14
50720.0,0.135
50730.0,0.135
50740.0,0.135
50750.0,0.14
50760.0,0.14
50770.0,0.135
50780.0,0.135
50790.0,0.14
50800.0,0.135
50810.0,0.14
50820.0,0.135
50830.0,0.135
50840.0,0.14
50850.0,0.135
50860.0,0.135
50870.0,0.135
50880.0,0.14
50890.0,0.14
50900.0,0.135
50910.0,0.14
50920.0,0.14
50930.0,0.14
50940.0,0.14
50950.0,0.14
50960.0,0.14
50970.0,0.14
50980.0,0.135
50990.0,0.135
51000.0,0.14
51010.0,0.14
51020.0,0.135
51030.0,0.14
51040.0,0.14
51050.0,0.14
51060.0,0.14
51070.0,0.145
51080.0,0.14
51090.0,0.14
51100.0,0.135
51110.0,0.14
51120.0,0.14
51130.0,0.145
51140.0,0.14
51150.0,0.145
51160.0,0.145
51170.0,0.135
51180.0,0.14
51190.0,0.14
51200.0,0.145
51210.0,0.14
51220.0,0.135
51230.0,0.14
51240.0,0.14
51250.0,0.14
51260.0,0.14
51270.0,0.14
51280.0,0.145
51290.0,0.14
51300.0,0.14
51310.0,0.145
51320.0,0.14
51330.0,0.145
51340.0,0.14
51350.0,0.14
51360.0,0.15
51370.0,0.145
51380.0,0.145
51390.0,0.14
51400.0,0.14
51410.0,0.145
51420.0,0.15
51430.0,0.145
51440.0,0.145
51450.0,0.145
51460.0,0.145
51470.0,0.14
51480.0,0.145
51490.0,0.15
51500.0,0.145
51510.0,0.145
51520.0,0.15
51530.0,0.145
51540.0,0.15
51550.0,0.15
51560.0,0.15
51570.0,0.14
51580.0,0.155
51590.0,0.15
51600.0,0.145
51610.0,0.15
51620.0,0.15
51630.0,0.15
51640.0,0.155
51650.0,0.155
51660.0,0.155
51670.0,0.155
51680.0,0.15
51690.0,0.15
51700.0,0.155
51710.0,0.155
51720.0,0.15
51730.0,0.155
51740.0,0.16
51750.0,0.155
51760.0,0.155
51770.0,0.155
51780.0,0.15
51790.0,0.155
51800.0,0.155
51810.0,0.16
51820.0,0.16
51830.0,0.16
51840.0,0.16
51850.0,0.16
51860.0,0.155
51870.0,0.16
51880.0,0.16
51890.0,0.16
51900.0,0.155
51910.0,0.16
51920.0,0.155
51930.0,0.16
51940.0,0.16
51950.0,0.16
51960.0,0.165
51970.0,0.16
51980.0,0.165
51990.0,0.16
52000.0,0.165
52010.0,0.16
52020.0,0.165
52030.0,0.16
52040.0,0.165
52050.0,0.165
52060.0,0.165
52070.0,0.165
52080.0,0.165
52090.0,0.16
52100.0,0.165
52110.0,0.165
52120.0,0.165
52130.0,0.165
52140.0,0.17
52150.0,0.175
52160.0,0.165
52170.0,0.165
52180.0,0.16
52190.0,0.16
52200.0,0.17
52210.0,0.165
52220.0,0.17
52230.0,0.165
52240.0,0.165
52250.0,0.165
52260.0,0.17
52270.0,0.17
52280.0,0.17
52290.0,0.17
52300.0,0.165
52310.0,0.17
52320.0,0.165
52330.0,0.17
52340.0,0.165
52350.0,0.165
52360.0,0.17
52370.0,0.17
52380.0,0.17
52390.0,0.165
52400.0,0.175
52410.0,0.17
52420.0,0.17
52430.0,0.17
52440.0,0.175
52450.0,0.165
52460.0,0.17
52470.0,0.165
52480.0,0.17
52490.0,0.175
52500.0,0.17
52510.0,0.165
52520.0,0.17
52530.0,0.17
52540.0,0.17
52550.0,0.17
52560.0,0.17
52570.0,0.17
52580.0,0.175
52590.0,0.17
52600.0,0.17
52610.0,0.175
52620.0,0.175
52630.0,0.17
52640.0,0.17
52650.0,0.175
52660.0,0.175
52670.0,0.175
52680.0,0.175
52690.0,0.17
52700.0,0.175
52710.0,0.18
52720.0,0.18
52730.0,0.17
52740.0,0.17
52750.0,0.175
52760.0,0.175
52770.0,0.175
52780.0,0.175
52790.0,0.17
52800.0,0.175
52810.0,0.175
52820.0,0.175
52830.0,0.175
52840.0,0.165
52850.0,0.18
52860.0,0.17
52870.0,0.17
52880.0,0.18
52890.0,0.175
52900.0,0.18
52910.0,0.18
52920.0,0.175
52930.0,0.18
52940.0,0.18
52950.0,0.175
52960.0,0.17
52970.0,0.18
52980.0,0.175
52990.0,0.175
53000.0,0.175
53010.0,0.18
53020.0,0.17
53030.0,0.175
53040.0,0.18
53050.0,0.18
53060.0,0.18
53070.0,0.18
53080.0,0.175
53090.0,0.18
53100.0,0.18
53110.0,0.17
53120.0,0.175
53130.0,0.185
53140.0,0.18
53150.0,0.185
53160.0,0.18
53170.0,0.175
53180.0,0.18
53190.0,0.18
53200.0,0.18
53210.0,0.185
53220.0,0.185
53230.0,0.18
53240.0,0.175
53250.0,0.175
53260.0,0.18
53270.0,0.18
53280.0,0.18
53290.0,0.18
53300.0,0.18
53310.0,0.175
53320.0,0.18
53330.0,0.175
53340.0,0.185
53350.0,0.18
53360.0,0.18
53370.0,0.18
53380.0,0.18
53390.0,0.18
53400.0,0.18
53410.0,0.18
53420.0,0.175
53430.0,0.18
53440.0,0.185
53450.0,0.175
53460.0,0.18
53470.0,0.18
53480.0,0.18
53490.0,0.185
53500.0,0.18
53510.0,0.18
53520.0,0.175
53530.0,0.175
53540.0,0.18
53550.0,0.18
53560.0,0.18
53570.0,0.18
53580.0,0.18
53590.0,0.18
53600.0,0.18
53610.0,0.18
53620.0,0.18
53630.0,0.18
53640.0,0.18
53650.0,0.18
53660.0,0.175
53670.0,0.185
53680.0,0.185
53690.0,0.18
53700.0,0.175
53710.0,0.175
53720.0,0.18
53730.0,0.18
53740.0,0.18
53750.0,0.185
53760.0,0.18
53770.0,0.18
53780.0,0.18
53790.0,0.18
53800.0,0.175
53810.0,0.18
53820.0,0.18
53830.0,0.18
53840.0,0.175
53850.0,0.175
53860.0,0.175
53870.0,0.18
53880.0,0.175
53890.0,0.175
53900.0,0.175
53910.0,0.175
53920.0,0.175
53930.0,0.175
53940.0,0.175
53950.0,0.175
53960.0,0.175
53970.0,0.18
53980.0,0.175
53990.0,0.18
54000.0,0.18
54010.0,0.175
54020.0,0.175
54030.0,0.18
54040.0,0.185
54050.0,0.18
54060.0,0.185
54070.0,0.18
54080.0,0.185
54090.0,0.18
54100.0,0.18
54110.0,0.18
54120.0,0.18
54130.0,0.18
54140.0,0.18
54150.0,0.18
54160.0,0.18
54170.0,0.18
54180.0,0.18
54190.0,0.18
54200.0,0.18
54210.0,0.18
54220.0,0.18
54230.0,0.18
54240.0,0.18
54250.0,0.18
54260.0,0.185
54270.0,0.18
54280.0,0.175
54290.0,0.18
54300.0,0.18
54310.0,0.175
54320.0,0.175
54330.0,0.185
54340.0,0.18
54350.0,0.18
54360.0,0.18
54370.0,0.18
54380.0,0.18
54390.0,0.18
54400.0,0.175
54410.0,0.175
54420.0,0.18
54430.0,0.18
54440.0,0.18
54450.0,0.18
54460.0,0.185
54470.0,0.185
54480.0,0.18
54490.0,0.18
54500.0,0.18
54510.0,0.18
54520.0,0.18
54530.0,0.18
54540.0,0.175
54550.0,0.18
54560.0,0.18
54570.0,0.18
54580.0,0.18
54590.0,0.18
54600.0,0.18
54610.0,0.175
54620.0,0.175
54630.0,0.18
54640.0,0.18
54650.0,0.175
54660.0,0.175
54670.0,0.175
54680.0,0.18
54690.0,0.18
54700.0,0.18
54710.0,0.185
54720.0,0.18
54730.0,0.18
54740.0,0.185
54750.0,0.175
54760.0,0.175
54770.0,0.18
54780.0,0.175
54790.0,0.18
54800.0,0.18
54810.0,0.175
54820.0,0.18
54830.0,0.175
54840.0,0.175
54850.0,0.175
54860.0,0.18
54870.0,0.18
54880.0,0.18
54890.0,0.175
54900.0,0.18
54910.0,0.18
54920.0,0.18
54930.0,0.18
54940.0,0.175
54950.0,0.175
54960.0,0.17
54970.0,0.175
54980.0,0.175
54990.0,0.175
55000.0,0.18
55010.0,0.18
55020.0,0.175
55030.0,0.175
55040.0,0.175
55050.0,0.175
55060.0,0.175
55070.0,0.17
55080.0,0.175
55090.0,0.18
55100.0,0.175
55110.0,0.175
55120.0,0.18
55130.0,0.175
55140.0,0.18
55150.0,0.17
55160.0,0.18
55170.0,0.175
55180.0,0.18
55190.0,0.175
55200.0,0.175
55210.0,0.175
55220.0,0.17
55230.0,0.175
55240.0,0.17
55250.0,0.175
55260.0,0.17
55270.0,0.175
55280.0,0.175
55290.0,0.185
55300.0,0.175
55310.0,0.175
55320.0,0.17
55330.0,0.175
55340.0,0.18
55350.0,0.175
55360.0,0.175
55370.0,0.17
55380.0,0.175
55390.0,0.175
55400.0,0.18
55410.0,0.18
55420.0,0.175
55430.0,0.175
55440.0,0.17
55450.0,0.175
55460.0,0.17
55470.0,0.17
55480.0,0.18
55490.0,0.17
55500.0,0.175
55510.0,0.17
55520.0,0.18
55530.0,0.17
55540.0,0.175
55550.0,0.175
55560.0,0.175
55570.0,0.175
55580.0,0.17
55590.0,0.18
55600.0,0.17
55610.0,0.165
55620.0,0.175
55630.0,0.17
55640.0,0.175
55650.0,0.175
55660.0,0.175
55670.0,0.17
55680.0,0.175
55690.0,0.175
55700.0,0.175
55710.0,0.175
55720.0,0.17
55730.0,0.175
55740.0,0.18
55750.0,0.17
55760.0,0.17
55770.0,0.17
55780.0,0.175
55790.0,0.17
55800.0,0.165
55810.0,0.17
55820.0,0.17
55830.0,0.175
55840.0,0.17
55850.0,0.18
55860.0,0.175
55870.0,0.175
55880.0,0.175
55890.0,0.17
55900.0,0.17
55910.0,0.175
55920.0,0.175
55930.0,0.17
55940.0,0.175
55950.0,0.175
55960.0,0.175
55970.0,0.17
55980.0,0.165
55990.0,0.165
56000.0,0.175
56010.0,0.17
56020.0,0.175
56030.0,0.175
56040.0,0.175
56050.0,0.175
56060.0,0.17
56070.0,0.17
56080.0,0.17
56090.0,0.175
56100.0,0.17
56110.0,0.165
56120.0,0.175
56130.0,0.17
56140.0,0.175
56150.0,0.175
56160.0,0.18
56170.0,0.175
56180.0,0.175
56190.0,0.175
56200.0,0.17
56210.0,0.17
56220.0,0.17
56230.0,0.175
56240.0,0.17
56250.0,0.17
56260.0,0.175
56270.0,0.175
56280.0,0.175
56290.0,0.17
56300.0,0.17
56310.0,0.175
56320.0,0.175
56330.0,0.17
56340.0,0.17
56350.0,0.17
56360.0,0.17
56370.0,0.17
56380.0,0.175
56390.0,0.17
56400.0,0.175
56410.0,0.17
56420.0,0.17
56430.0,0.17
56440.0,0.175
56450.0,0.17
56460.0,0.17
56470.0,0.165
56480.0,0.165
56490.0,0.175
56500.0,0.17
56510.0,0.17
56520.0,0.165
56530.0,0.165
56540.0,0.17
56550.0,0.17
56560.0,0.17
56570.0,0.175
56580.0,0.17
56590.0,0.175
56600.0,0.175
56610.0,0.17
56620.0,0.17
56630.0,0.17
56640.0,0.18
56650.0,0.205
56660.0,0.16
56670.0,0.2
56680.0,0.17
56690.0,0.185
56700.0,0.195
56710.0,0.2299999999999999
56720.0,0.24
56730.0,0.21
56740.0,0.2249999999999999
56750.0,0.21
56760.0,0.21
56770.0,0.2
56780.0,0.19
56790.0,0.2199999999999999
56800.0,0.245
56810.0,0.195
56820.0,0.2
56830.0,0.21
56840.0,0.2249999999999999
56850.0,0.25
56860.0,0.2249999999999999
56870.0,0.2149999999999999
56880.0,0.26
56890.0,0.275
56900.0,0.26
56910.0,0.27
56920.0,0.3
56930.0,0.245
56940.0,0.28
56950.0,0.32
56960.0,0.295
56970.0,0.305
56980.0,0.28
56990.0,0.315
57000.0,0.325
57010.0,0.3
57020.0,0.355
57030.0,0.39
57040.0,0.365
57050.0,0.375
57060.0,0.38
57070.0,0.43
57080.0,0.41
57090.0,0.385
57100.0,0.435
57110.0,0.415
57120.0,0.4600000000000001
57130.0,0.455
57140.0,0.475
57150.0,0.445
57160.0,0.505
57170.0,0.485
57180.0,0.48
57190.0,0.48
57200.0,0.51
57210.0,0.5449999999999999
57220.0,0.5150000000000001
57230.0,0.5349999999999999
57240.0,0.5449999999999999
57250.0,0.505
57260.0,0.495
57270.0,0.5250000000000001
57280.0,0.5
57290.0,0.49
57300.0,0.5
57310.0,0.47
57320.0,0.475
57330.0,0.475
57340.0,0.455
57350.0,0.43
57360.0,0.405
57370.0,0.43
57380.0,0.43
57390.0,0.445
57400.0,0.375
57410.0,0.405
57420.0,0.38
57430.0,0.42
57440.0,0.355
57450.0,0.3400000000000001
57460.0,0.365
57470.0,0.4
57480.0,0.365
57490.0,0.33
57500.0,0.355
57510.0,0.3350000000000001
57520.0,0.295
57530.0,0.3400000000000001
57540.0,0.325
57550.0,0.315
57560.0,0.315
57570.0,0.31
57580.0,0.275
57590.0,0.27
57600.0,0.28
57610.0,0.27
57620.0,0.31
57630.0,0.285
57640.0,0.275
57650.0,0.31
57660.0,0.24
57670.0,0.26
57680.0,0.26
57690.0,0.2299999999999999
57700.0,0.235
57710.0,0.25
57720.0,0.255
57730.0,0.2299999999999999
57740.0,0.2299999999999999
57750.0,0.245
57760.0,0.24
57770.0,0.26
57780.0,0.2299999999999999
57790.0,0.2199999999999999
57800.0,0.2299999999999999
57810.0,0.2299999999999999
57820.0,0.26
57830.0,0.2149999999999999
57840.0,0.2299999999999999
57850.0,0.2299999999999999
57860.0,0.27
57870.0,0.275
57880.0,0.245
57890.0,0.25
57900.0,0.25
57910.0,0.2299999999999999
57920.0,0.285
57930.0,0.2249999999999999
57940.0,0.27
57950.0,0.265
57960.0,0.24
57970.0,0.265
57980.0,0.275
57990.0,0.275
58000.0,0.255
58010.0,0.31
58020.0,0.295
58030.0,0.29
58040.0,0.28
58050.0,0.315
58060.0,0.295
58070.0,0.295
58080.0,0.355
58090.0,0.295
58100.0,0.325
58110.0,0.35
58120.0,0.395
58130.0,0.365
58140.0,0.33
58150.0,0.365
58160.0,0.3400000000000001
58170.0,0.4
58180.0,0.435
58190.0,0.445
58200.0,0.455
58210.0,0.415
58220.0,0.435
58230.0,0.415
58240.0,0.475
58250.0,0.425
58260.0,0.48
58270.0,0.48
58280.0,0.5250000000000001
58290.0,0.4650000000000001
58300.0,0.5
58310.0,0.53
58320.0,0.5449999999999999
58330.0,0.53
58340.0,0.565
58350.0,0.54
58360.0,0.5549999999999999
58370.0,0.585
58380.0,0.6000000000000001
58390.0,0.645
58400.0,0.6500000000000001
58410.0,0.615
58420.0,0.6600000000000001
58430.0,0.6400000000000001
58440.0,0.665
58450.0,0.6300000000000001
58460.0,0.615
58470.0,0.625
58480.0,0.6500000000000001
58490.0,0.625
58500.0,0.625
58510.0,0.6000000000000001
58520.0,0.635
58530.0,0.6200000000000001
58540.0,0.6500000000000001
58550.0,0.595
58560.0,0.635
58570.0,0.6300000000000001
58580.0,0.625
58590.0,0.6300000000000001
58600.0,0.5900000000000001
58610.0,0.5900000000000001
58620.0,0.6200000000000001
58630.0,0.615
58640.0,0.6200000000000001
58650.0,0.575
58660.0,0.6200000000000001
58670.0,0.615
58680.0,0.615
58690.0,0.6500000000000001
58700.0,0.6500000000000001
58710.0,0.635
58720.0,0.605
58730.0,0.5900000000000001
58740.0,0.6100000000000001
58750.0,0.645
58760.0,0.605
58770.0,0.595
58780.0,0.595
58790.0,0.615
58800.0,0.6000000000000001
58810.0,0.635
58820.0,0.6000000000000001
58830.0,0.5900000000000001
58840.0,0.595
58850.0,0.5800000000000001
58860.0,0.625
58870.0,0.595
58880.0,0.585
58890.0,0.5800000000000001
58900.0,0.605
58910.0,0.595
58920.0,0.5800000000000001
58930.0,0.5449999999999999
58940.0,0.5700000000000001
58950.0,0.5900000000000001
58960.0,0.5349999999999999
58970.0,0.585
58980.0,0.5549999999999999
58990.0,0.6000000000000001
59000.0,0.5349999999999999
59010.0,0.56
59020.0,0.585
59030.0,0.5800000000000001
59040.0,0.575
59050.0,0.5349999999999999
59060.0,0.5349999999999999
59070.0,0.5900000000000001
59080.0,0.5250000000000001
59090.0,0.56
59100.0,0.53
59110.0,0.565
59120.0,0.56
59130.0,0.56
59140.0,0.55
59150.0,0.5800000000000001
59160.0,0.6100000000000001
59170.0,0.55
59180.0,0.575
59190.0,0.585
59200.0,0.585
59210.0,0.56
59220.0,0.595
59230.0,0.615
59240.0,0.595
59250.0,0.625
59260.0,0.595
59270.0,0.615
59280.0,0.5800000000000001
59290.0,0.615
59300.0,0.635
59310.0,0.605
59320.0,0.6300000000000001
59330.0,0.6699999999999999
59340.0,0.645
59350.0,0.635
59360.0,0.6500000000000001
59370.0,0.655
59380.0,0.635
59390.0,0.645
59400.0,0.6950000000000001
59410.0,0.6600000000000001
59420.0,0.6300000000000001
59430.0,0.6699999999999999
59440.0,0.6500000000000001
59450.0,0.69
59460.0,0.645
59470.0,0.7
59480.0,0.6799999999999999
59490.0,0.7050000000000001
59500.0,0.655
59510.0,0.73
59520.0,0.6699999999999999
59530.0,0.7050000000000001
59540.0,0.675
59550.0,0.7250000000000001
59560.0,0.675
59570.0,0.7450000000000001
59580.0,0.685
59590.0,0.7550000000000001
59600.0,0.73
59610.0,0.7450000000000001
59620.0,0.7750000000000001
59630.0,0.74
59640.0,0.7450000000000001
59650.0,0.7150000000000001
59660.0,0.74
59670.0,0.79
59680.0,0.7450000000000001
59690.0,0.7350000000000001
59700.0,0.8049999999999999
59710.0,0.77
59720.0,0.7750000000000001
59730.0,0.75
59740.0,0.78
59750.0,0.7550000000000001
59760.0,0.72
59770.0,0.75
59780.0,0.71
59790.0,0.7350000000000001
59800.0,0.72
59810.0,0.72
59820.0,0.7150000000000001
59830.0,0.685
59840.0,0.6699999999999999
59850.0,0.6600000000000001
59860.0,0.7050000000000001
59870.0,0.6699999999999999
59880.0,0.635
59890.0,0.6300000000000001
59900.0,0.6600000000000001
59910.0,0.6200000000000001
59920.0,0.615
59930.0,0.6500000000000001
59940.0,0.595
59950.0,0.635
59960.0,0.6000000000000001
59970.0,0.6100000000000001
59980.0,0.5900000000000001
59990.0,0.5549999999999999
60000.0,0.575
60010.0,0.5900000000000001
60020.0,0.575
60030.0,0.5549999999999999
60040.0,0.5349999999999999
60050.0,0.585
60060.0,0.51
60070.0,0.54
60080.0,0.54
60090.0,0.53
60100.0,0.55
60110.0,0.53
60120.0,0.51
60130.0,0.505
60140.0,0.475
60150.0,0.49
60160.0,0.49
60170.0,0.475
60180.0,0.51
60190.0,0.4600000000000001
60200.0,0.4600000000000001
60210.0,0.44
60220.0,0.435
60230.0,0.4600000000000001
60240.0,0.48
60250.0,0.45
60260.0,0.45
60270.0,0.475
60280.0,0.4600000000000001
60290.0,0.43
60300.0,0.43
60310.0,0.405
60320.0,0.45
60330.0,0.43
60340.0,0.445
60350.0,0.425
60360.0,0.44
60370.0,0.425
60380.0,0.43
60390.0,0.435
60400.0,0.41
60410.0,0.42
60420.0,0.415
60430.0,0.415
60440.0,0.4650000000000001
60450.0,0.45
60460.0,0.425
60470.0,0.4650000000000001
60480.0,0.455
60490.0,0.47
60500.0,0.48
60510.0,0.475
60520.0,0.4650000000000001
60530.0,0.475
60540.0,0.495
60550.0,0.4600000000000001
60560.0,0.495
60570.0,0.485
60580.0,0.485
60590.0,0.53
60600.0,0.485
60610.0,0.5349999999999999
60620.0,0.51
60630.0,0.53
60640.0,0.54
60650.0,0.55
60660.0,0.5549999999999999
60670.0,0.55
60680.0,0.5549999999999999
60690.0,0.5449999999999999
60700.0,0.56
60710.0,0.5900000000000001
60720.0,0.605
60730.0,0.5900000000000001
60740.0,0.585
60750.0,0.625
60760.0,0.6699999999999999
60770.0,0.645
60780.0,0.6799999999999999
60790.0,0.655
60800.0,0.6600000000000001
60810.0,0.6600000000000001
60820.0,0.685
60830.0,0.7
60840.0,0.7
60850.0,0.7550000000000001
60860.0,0.7
60870.0,0.76
60880.0,0.7650000000000001
60890.0,0.7550000000000001
60900.0,0.77
60910.0,0.8200000000000001
60920.0,0.815
60930.0,0.7949999999999999
60940.0,0.7850000000000001
60950.0,0.78
60960.0,0.7550000000000001
60970.0,0.79
60980.0,0.7850000000000001
60990.0,0.78
61000.0,0.7750000000000001
61010.0,0.78
61020.0,0.76
61030.0,0.74
61040.0,0.7550000000000001
61050.0,0.7250000000000001
61060.0,0.75
61070.0,0.76
61080.0,0.74
61090.0,0.7350000000000001
61100.0,0.7050000000000001
61110.0,0.7250000000000001
61120.0,0.685
61130.0,0.6799999999999999
61140.0,0.675
61150.0,0.69
61160.0,0.6950000000000001
61170.0,0.6600000000000001
61180.0,0.675
61190.0,0.6699999999999999
61200.0,0.6699999999999999
61210.0,0.645
61220.0,0.655
61230.0,0.69
61240.0,0.6200000000000001
61250.0,0.635
61260.0,0.6400000000000001
61270.0,0.6300000000000001
61280.0,0.6200000000000001
61290.0,0.625
61300.0,0.595
61310.0,0.615
61320.0,0.605
61330.0,0.5800000000000001
61340.0,0.605
61350.0,0.605
61360.0,0.585
61370.0,0.5549999999999999
61380.0,0.5800000000000001
61390.0,0.5700000000000001
61400.0,0.5449999999999999
61410.0,0.605
61420.0,0.56
61430.0,0.5449999999999999
61440.0,0.565
61450.0,0.55
61460.0,0.55
61470.0,0.5449999999999999
61480.0,0.54
61490.0,0.53
61500.0,0.5449999999999999
61510.0,0.53
61520.0,0.53
61530.0,0.505
61540.0,0.51
61550.0,0.5449999999999999
61560.0,0.5449999999999999
61570.0,0.51
61580.0,0.48
61590.0,0.505
61600.0,0.48
61610.0,0.47
61620.0,0.49
61630.0,0.505
61640.0,0.505
61650.0,0.52
61660.0,0.5150000000000001
61670.0,0.48
61680.0,0.4650000000000001
61690.0,0.455
61700.0,0.45
61710.0,0.47
61720.0,0.455
61730.0,0.47
61740.0,0.45
61750.0,0.47
61760.0,0.455
61770.0,0.475
61780.0,0.48
61790.0,0.48
61800.0,0.495
61810.0,0.495
61820.0,0.495
61830.0,0.485
61840.0,0.485
61850.0,0.5
61860.0,0.5
61870.0,0.485
61880.0,0.51
61890.0,0.48
61900.0,0.5150000000000001
61910.0,0.5349999999999999
61920.0,0.5250000000000001
61930.0,0.53
61940.0,0.56
61950.0,0.54
61960.0,0.52
61970.0,0.56
61980.0,0.56
61990.0,0.5349999999999999
62000.0,0.575
62010.0,0.5700000000000001
62020.0,0.6100000000000001
62030.0,0.5900000000000001
62040.0,0.595
62050.0,0.595
62060.0,0.6000000000000001
62070.0,0.595
62080.0,0.6200000000000001
62090.0,0.56
62100.0,0.5800000000000001
62110.0,0.565
62120.0,0.54
62130.0,0.5700000000000001
62140.0,0.5800000000000001
62150.0,0.54
62160.0,0.5250000000000001
62170.0,0.5549999999999999
62180.0,0.56
62190.0,0.52
62200.0,0.5449999999999999
62210.0,0.5349999999999999
62220.0,0.5250000000000001
62230.0,0.575
62240.0,0.5150000000000001
62250.0,0.5449999999999999
62260.0,0.5700000000000001
62270.0,0.5349999999999999
62280.0,0.51
62290.0,0.5549999999999999
62300.0,0.5349999999999999
62310.0,0.5150000000000001
62320.0,0.53
62330.0,0.5349999999999999
62340.0,0.5150000000000001
62350.0,0.54
62360.0,0.53
62370.0,0.505
62380.0,0.5349999999999999
62390.0,0.565
62400.0,0.5250000000000001
62410.0,0.51
62420.0,0.5349999999999999
62430.0,0.5349999999999999
62440.0,0.52
62450.0,0.53
62460.0,0.565
62470.0,0.5250000000000001
62480.0,0.52
62490.0,0.54
62500.0,0.52
62510.0,0.5700000000000001
62520.0,0.505
62530.0,0.56
62540.0,0.51
62550.0,0.53
62560.0,0.5449999999999999
62570.0,0.53
62580.0,0.5449999999999999
62590.0,0.52
62600.0,0.5549999999999999
62610.0,0.505
62620.0,0.565
62630.0,0.52
62640.0,0.53
62650.0,0.54
62660.0,0.53
62670.0,0.56
62680.0,0.55
62690.0,0.5549999999999999
62700.0,0.565
62710.0,0.54
62720.0,0.56
62730.0,0.5700000000000001
62740.0,0.5900000000000001
62750.0,0.6200000000000001
62760.0,0.585
62770.0,0.595
62780.0,0.585
62790.0,0.6100000000000001
62800.0,0.585
62810.0,0.5700000000000001
62820.0,0.6000000000000001
62830.0,0.605
62840.0,0.575
62850.0,0.6000000000000001
62860.0,0.605
62870.0,0.5900000000000001
62880.0,0.6000000000000001
62890.0,0.645
62900.0,0.585
62910.0,0.575
62920.0,0.635
62930.0,0.6200000000000001
62940.0,0.6000000000000001
62950.0,0.615
62960.0,0.6100000000000001
62970.0,0.5900000000000001
62980.0,0.605
62990.0,0.6100000000000001
63000.0,0.645
63010.0,0.5900000000000001
63020.0,0.585
63030.0,0.645
63040.0,0.6200000000000001
63050.0,0.5900000000000001
63060.0,0.5900000000000001
63070.0,0.6100000000000001
63080.0,0.645
63090.0,0.6200000000000001
63100.0,0.6000000000000001
63110.0,0.615
63120.0,0.655
63130.0,0.6000000000000001
63140.0,0.5900000000000001
63150.0,0.615
63160.0,0.6200000000000001
63170.0,0.6200000000000001
63180.0,0.6000000000000001
63190.0,0.615
63200.0,0.6200000000000001
63210.0,0.595
63220.0,0.5900000000000001
63230.0,0.615
63240.0,0.645
63250.0,0.6200000000000001
63260.0,0.6000000000000001
63270.0,0.6600000000000001
63280.0,0.685
63290.0,0.675
63300.0,0.7350000000000001
63310.0,0.7050000000000001
63320.0,0.7350000000000001
63330.0,0.7150000000000001
63340.0,0.76
63350.0,0.8049999999999999
63360.0,0.77
63370.0,0.75
63380.0,0.7949999999999999
63390.0,0.7650000000000001
63400.0,0.8
63410.0,0.815
63420.0,0.7750000000000001
63430.0,0.815
63440.0,0.845
63450.0,0.7850000000000001
63460.0,0.825
63470.0,0.835
63480.0,0.8200000000000001
63490.0,0.835
63500.0,0.8300000000000001
63510.0,0.8300000000000001
63520.0,0.875
63530.0,0.8400000000000001
63540.0,0.835
63550.0,0.8500000000000001
63560.0,0.8400000000000001
63570.0,0.875
63580.0,0.8200000000000001
63590.0,0.8500000000000001
63600.0,0.815
63610.0,0.8800000000000001
63620.0,0.8200000000000001
63630.0,0.845
63640.0,0.8200000000000001
63650.0,0.8300000000000001
63660.0,0.8600000000000001
63670.0,0.835
63680.0,0.8600000000000001
63690.0,0.845
63700.0,0.8700000000000001
63710.0,0.835
63720.0,0.885
63730.0,0.835
63740.0,0.845
63750.0,0.8600000000000001
63760.0,0.8600000000000001
63770.0,0.875
63780.0,0.835
63790.0,0.8700000000000001
63800.0,0.8700000000000001
63810.0,0.845
63820.0,0.875
63830.0,0.895
63840.0,0.8500000000000001
63850.0,0.8700000000000001
63860.0,0.905
63870.0,0.8800000000000001
63880.0,0.8500000000000001
63890.0,0.8049999999999999
63900.0,0.7949999999999999
63910.0,0.77
63920.0,0.73
63930.0,0.72
63940.0,0.6799999999999999
63950.0,0.6600000000000001
63960.0,0.645
63970.0,0.655
63980.0,0.645
63990.0,0.635
64000.0,0.665
64010.0,0.6300000000000001
64020.0,0.6300000000000001
64030.0,0.615
64040.0,0.645
64050.0,0.5800000000000001
64060.0,0.6000000000000001
64070.0,0.5900000000000001
64080.0,0.595
64090.0,0.605
64100.0,0.5700000000000001
64110.0,0.6300000000000001
64120.0,0.6000000000000001
64130.0,0.585
64140.0,0.595
64150.0,0.5800000000000001
64160.0,0.6100000000000001
64170.0,0.565
64180.0,0.585
64190.0,0.5900000000000001
64200.0,0.56
64210.0,0.5900000000000001
64220.0,0.5900000000000001
64230.0,0.575
64240.0,0.605
64250.0,0.575
64260.0,0.575
64270.0,0.585
64280.0,0.585
64290.0,0.6000000000000001
64300.0,0.5549999999999999
64310.0,0.5900000000000001
64320.0,0.5900000000000001
64330.0,0.5549999999999999
64340.0,0.595
64350.0,0.565
64360.0,0.5900000000000001
64370.0,0.6000000000000001
64380.0,0.5549999999999999
64390.0,0.5800000000000001
64400.0,0.585
64410.0,0.5800000000000001
64420.0,0.6000000000000001
64430.0,0.5549999999999999
64440.0,0.575
64450.0,0.575
64460.0,0.56
64470.0,0.585
64480.0,0.605
64490.0,0.6000000000000001
64500.0,0.6000000000000001
64510.0,0.6400000000000001
64520.0,0.6600000000000001
64530.0,0.6699999999999999
64540.0,0.655
64550.0,0.655
64560.0,0.69
64570.0,0.69
64580.0,0.7450000000000001
64590.0,0.7450000000000001
64600.0,0.7150000000000001
64610.0,0.7250000000000001
64620.0,0.69
64630.0,0.7250000000000001
64640.0,0.7650000000000001
64650.0,0.7350000000000001
64660.0,0.7
64670.0,0.7450000000000001
64680.0,0.7750000000000001
64690.0,0.77
64700.0,0.78
64710.0,0.74
64720.0,0.71
64730.0,0.71
64740.0,0.75
64750.0,0.7450000000000001
64760.0,0.78
64770.0,0.79
64780.0,0.7450000000000001
64790.0,0.7450000000000001
64800.0,0.7150000000000001
64810.0,0.7250000000000001
64820.0,0.75
64830.0,0.79
64840.0,0.75
64850.0,0.7250000000000001
64860.0,0.7250000000000001
64870.0,0.76
64880.0,0.79
64890.0,0.7550000000000001
64900.0,0.7250000000000001
64910.0,0.7250000000000001
64920.0,0.76
64930.0,0.7650000000000001
64940.0,0.79
64950.0,0.78
64960.0,0.7550000000000001
64970.0,0.76
64980.0,0.7450000000000001
64990.0,0.7350000000000001
65000.0,0.7650000000000001
65010.0,0.76
65020.0,0.7650000000000001
65030.0,0.77
65040.0,0.7550000000000001
65050.0,0.74
65060.0,0.7450000000000001
65070.0,0.7450000000000001
65080.0,0.77
65090.0,0.73
65100.0,0.7
65110.0,0.675
65120.0,0.6600000000000001
65130.0,0.645
65140.0,0.6300000000000001
65150.0,0.6200000000000001
65160.0,0.605
65170.0,0.6000000000000001
65180.0,0.595
65190.0,0.5800000000000001
65200.0,0.5800000000000001
65210.0,0.575
65220.0,0.5700000000000001
65230.0,0.56
65240.0,0.56
65250.0,0.5549999999999999
65260.0,0.55
65270.0,0.55
65280.0,0.55
65290.0,0.5449999999999999
65300.0,0.5449999999999999
65310.0,0.54
65320.0,0.5349999999999999
65330.0,0.5349999999999999
65340.0,0.5349999999999999
65350.0,0.53
65360.0,0.53
65370.0,0.53
65380.0,0.53
65390.0,0.5250000000000001
65400.0,0.5250000000000001
65410.0,0.5250000000000001
65420.0,0.53
65430.0,0.5150000000000001
65440.0,0.52
65450.0,0.52
65460.0,0.5150000000000001
65470.0,0.5150000000000001
65480.0,0.5150000000000001
65490.0,0.5150000000000001
65500.0,0.51
65510.0,0.51
65520.0,0.51
65530.0,0.505
65540.0,0.505
65550.0,0.51
65560.0,0.505
65570.0,0.5
65580.0,0.5
65590.0,0.5
65600.0,0.5
65610.0,0.495
65620.0,0.495
65630.0,0.49
65640.0,0.49
65650.0,0.49
65660.0,0.49
65670.0,0.485
65680.0,0.485
65690.0,0.485
65700.0,0.48
65710.0,0.48
65720.0,0.485
65730.0,0.48
65740.0,0.48
65750.0,0.475
65760.0,0.475
65770.0,0.475
65780.0,0.47
65790.0,0.475
65800.0,0.47
65810.0,0.475
65820.0,0.47
65830.0,0.4650000000000001
65840.0,0.4650000000000001
65850.0,0.4650000000000001
65860.0,0.4600000000000001
65870.0,0.4600000000000001
65880.0,0.4600000000000001
65890.0,0.4650000000000001
65900.0,0.4600000000000001
65910.0,0.455
65920.0,0.4600000000000001
65930.0,0.455
65940.0,0.4600000000000001
65950.0,0.455
65960.0,0.45
65970.0,0.45
65980.0,0.45
65990.0,0.45
66000.0,0.45
66010.0,0.445
66020.0,0.45
66030.0,0.45
66040.0,0.445
66050.0,0.445
66060.0,0.445
66070.0,0.44
66080.0,0.44
66090.0,0.44
66100.0,0.435
66110.0,0.435
66120.0,0.435
66130.0,0.435
66140.0,0.435
66150.0,0.435
66160.0,0.435
66170.0,0.435
66180.0,0.435
66190.0,0.435
66200.0,0.425
66210.0,0.425
66220.0,0.425
66230.0,0.425
66240.0,0.42
66250.0,0.425
66260.0,0.425
66270.0,0.42
66280.0,0.425
66290.0,0.425
66300.0,0.42
66310.0,0.42
66320.0,0.415
66330.0,0.42
66340.0,0.415
66350.0,0.415
66360.0,0.41
66370.0,0.41
66380.0,0.415
66390.0,0.415
66400.0,0.41
66410.0,0.415
66420.0,0.41
66430.0,0.41
66440.0,0.41
66450.0,0.41
66460.0,0.405
66470.0,0.405
66480.0,0.405
66490.0,0.405
66500.0,0.4
66510.0,0.4
66520.0,0.4
66530.0,0.4
66540.0,0.4
66550.0,0.395
66560.0,0.39
66570.0,0.395
66580.0,0.39
66590.0,0.39
66600.0,0.395
66610.0,0.39
66620.0,0.4
66630.0,0.39
66640.0,0.385
66650.0,0.385
66660.0,0.385
66670.0,0.38
66680.0,0.38
66690.0,0.38
66700.0,0.38
66710.0,0.38
66720.0,0.385
66730.0,0.38
66740.0,0.375
66750.0,0.375
66760.0,0.375
66770.0,0.38
66780.0,0.375
66790.0,0.375
66800.0,0.37
66810.0,0.37
66820.0,0.38
66830.0,0.37
66840.0,0.37
66850.0,0.37
66860.0,0.365
66870.0,0.37
66880.0,0.37
66890.0,0.42
66900.0,0.4600000000000001
66910.0,0.445
66920.0,0.445
66930.0,0.51
66940.0,0.5349999999999999
66950.0,0.54
66960.0,0.595
66970.0,0.6100000000000001
66980.0,0.675
66990.0,0.685
67000.0,0.675
67010.0,0.69
67020.0,0.7150000000000001
67030.0,0.7550000000000001
67040.0,0.72
67050.0,0.76
67060.0,0.78
67070.0,0.75
67080.0,0.79
67090.0,0.81
67100.0,0.8
67110.0,0.7750000000000001
67120.0,0.7850000000000001
67130.0,0.8
67140.0,0.825
67150.0,0.825
67160.0,0.79
67170.0,0.79
67180.0,0.7949999999999999
67190.0,0.78
67200.0,0.79
67210.0,0.81
67220.0,0.8049999999999999
67230.0,0.79
67240.0,0.79
67250.0,0.7150000000000001
67260.0,0.7350000000000001
67270.0,0.7750000000000001
67280.0,0.7350000000000001
67290.0,0.69
67300.0,0.69
67310.0,0.71
67320.0,0.6799999999999999
67330.0,0.7
67340.0,0.7150000000000001
67350.0,0.685
67360.0,0.665
67370.0,0.69
67380.0,0.7
67390.0,0.675
67400.0,0.675
67410.0,0.71
67420.0,0.7150000000000001
67430.0,0.665
67440.0,0.72
67450.0,0.6950000000000001
67460.0,0.72
67470.0,0.7050000000000001
67480.0,0.74
67490.0,0.7550000000000001
67500.0,0.7350000000000001
67510.0,0.78
67520.0,0.7550000000000001
67530.0,0.8
67540.0,0.79
67550.0,0.8300000000000001
67560.0,0.8600000000000001
67570.0,0.8300000000000001
67580.0,0.8400000000000001
67590.0,0.8400000000000001
67600.0,0.8500000000000001
67610.0,0.855
67620.0,0.8700000000000001
67630.0,0.8600000000000001
67640.0,0.8600000000000001
67650.0,0.8800000000000001
67660.0,0.855
67670.0,0.8700000000000001
67680.0,0.8300000000000001
67690.0,0.8500000000000001
67700.0,0.845
67710.0,0.8300000000000001
67720.0,0.8400000000000001
67730.0,0.8200000000000001
67740.0,0.8200000000000001
67750.0,0.835
67760.0,0.8400000000000001
67770.0,0.8049999999999999
67780.0,0.8
67790.0,0.8
67800.0,0.7750000000000001
67810.0,0.7450000000000001
67820.0,0.74
67830.0,0.77
67840.0,0.7650000000000001
67850.0,0.79
67860.0,0.7650000000000001
67870.0,0.74
67880.0,0.7650000000000001
67890.0,0.7350000000000001
67900.0,0.6950000000000001
67910.0,0.69
67920.0,0.72
67930.0,0.6950000000000001
67940.0,0.685
67950.0,0.7350000000000001
67960.0,0.6950000000000001
67970.0,0.665
67980.0,0.6950000000000001
67990.0,0.7
68000.0,0.7050000000000001
68010.0,0.7350000000000001
68020.0,0.7
68030.0,0.685
68040.0,0.7050000000000001
68050.0,0.71
68060.0,0.72
68070.0,0.7650000000000001
68080.0,0.73
68090.0,0.74
68100.0,0.78
68110.0,0.7650000000000001
68120.0,0.8200000000000001
68130.0,0.75
68140.0,0.8049999999999999
68150.0,0.7550000000000001
68160.0,0.8049999999999999
68170.0,0.7850000000000001
68180.0,0.825
68190.0,0.815
68200.0,0.8400000000000001
68210.0,0.8600000000000001
68220.0,0.855
68230.0,0.885
68240.0,0.8800000000000001
68250.0,0.8900000000000001
68260.0,0.9000000000000001
68270.0,0.8900000000000001
68280.0,0.905
68290.0,0.8800000000000001
68300.0,0.9000000000000001
68310.0,0.93
68320.0,0.91
68330.0,0.8600000000000001
68340.0,0.905
68350.0,0.855
68360.0,0.925
68370.0,0.865
68380.0,0.915
68390.0,0.865
68400.0,0.865
68410.0,0.8600000000000001
68420.0,0.8500000000000001
68430.0,0.815
68440.0,0.81
68450.0,0.865
68460.0,0.825
68470.0,0.8
68480.0,0.7750000000000001
68490.0,0.77
68500.0,0.815
68510.0,0.8300000000000001
68520.0,0.78
68530.0,0.78
68540.0,0.7750000000000001
68550.0,0.7650000000000001
68560.0,0.73
68570.0,0.76
68580.0,0.7550000000000001
68590.0,0.71
68600.0,0.7350000000000001
68610.0,0.73
68620.0,0.7250000000000001
68630.0,0.7
68640.0,0.7250000000000001
68650.0,0.7150000000000001
68660.0,0.73
68670.0,0.6799999999999999
68680.0,0.7
68690.0,0.6950000000000001
68700.0,0.665
68710.0,0.675
68720.0,0.7
68730.0,0.7
68740.0,0.71
68750.0,0.71
68760.0,0.71
68770.0,0.72
68780.0,0.7150000000000001
68790.0,0.73
68800.0,0.7
68810.0,0.77
68820.0,0.7450000000000001
68830.0,0.7450000000000001
68840.0,0.7350000000000001
68850.0,0.7350000000000001
68860.0,0.7550000000000001
68870.0,0.78
68880.0,0.7949999999999999
68890.0,0.7650000000000001
68900.0,0.815
68910.0,0.8200000000000001
68920.0,0.8700000000000001
68930.0,0.8049999999999999
68940.0,0.8400000000000001
68950.0,0.855
68960.0,0.875
68970.0,0.885
68980.0,0.8900000000000001
68990.0,0.93
69000.0,0.945
69010.0,0.93
69020.0,0.905
69030.0,0.8900000000000001
69040.0,0.905
69050.0,0.91
69060.0,0.875
69070.0,0.91
69080.0,0.885
69090.0,0.865
69100.0,0.9000000000000001
69110.0,0.865
69120.0,0.8600000000000001
69130.0,0.905
69140.0,0.825
69150.0,0.865
69160.0,0.815
69170.0,0.845
69180.0,0.8600000000000001
69190.0,0.8049999999999999
69200.0,0.835
69210.0,0.78
69220.0,0.8500000000000001
69230.0,0.78
69240.0,0.835
69250.0,0.76
69260.0,0.7949999999999999
69270.0,0.7750000000000001
69280.0,0.75
69290.0,0.8
69300.0,0.7350000000000001
69310.0,0.7850000000000001
69320.0,0.73
69330.0,0.75
69340.0,0.74
69350.0,0.7450000000000001
69360.0,0.7250000000000001
69370.0,0.73
69380.0,0.7050000000000001
69390.0,0.7
69400.0,0.6950000000000001
69410.0,0.6950000000000001
69420.0,0.71
69430.0,0.72
69440.0,0.7350000000000001
69450.0,0.6950000000000001
69460.0,0.71
69470.0,0.72
69480.0,0.7550000000000001
69490.0,0.7750000000000001
69500.0,0.73
69510.0,0.7350000000000001
69520.0,0.7150000000000001
69530.0,0.73
69540.0,0.78
69550.0,0.7350000000000001
69560.0,0.78
69570.0,0.7550000000000001
69580.0,0.8200000000000001
69590.0,0.78
69600.0,0.79
69610.0,0.81
69620.0,0.8300000000000001
69630.0,0.8700000000000001
69640.0,0.8400000000000001
69650.0,0.8500000000000001
69660.0,0.885
69670.0,0.8400000000000001
69680.0,0.92
69690.0,0.8800000000000001
69700.0,0.9000000000000001
69710.0,0.905
69720.0,0.955
69730.0,0.895
69740.0,0.93
69750.0,0.945
69760.0,0.96
69770.0,0.965
69780.0,0.945
69790.0,0.96
69800.0,0.93
69810.0,0.935
69820.0,0.97
69830.0,0.965
69840.0,0.925
69850.0,0.97
69860.0,0.91
69870.0,0.93
69880.0,0.93
69890.0,0.91
69900.0,0.91
69910.0,0.895
69920.0,0.905
69930.0,0.9000000000000001
69940.0,0.9000000000000001
69950.0,0.915
69960.0,0.8500000000000001
69970.0,0.875
69980.0,0.875
69990.0,0.8700000000000001
70000.0,0.8600000000000001
70010.0,0.8300000000000001
70020.0,0.815
70030.0,0.855
70040.0,0.8400000000000001
70050.0,0.7949999999999999
70060.0,0.8
70070.0,0.855
70080.0,0.7850000000000001
70090.0,0.835
70100.0,0.8
70110.0,0.76
70120.0,0.7750000000000001
70130.0,0.7850000000000001
70140.0,0.75
70150.0,0.7750000000000001
70160.0,0.7550000000000001
70170.0,0.7350000000000001
70180.0,0.7650000000000001
70190.0,0.75
70200.0,0.7750000000000001
70210.0,0.7350000000000001
70220.0,0.72
70230.0,0.74
70240.0,0.72
70250.0,0.7250000000000001
70260.0,0.72
70270.0,0.7250000000000001
70280.0,0.7
70290.0,0.72
70300.0,0.7450000000000001
70310.0,0.7350000000000001
70320.0,0.75
70330.0,0.7050000000000001
70340.0,0.7450000000000001
70350.0,0.7350000000000001
70360.0,0.7250000000000001
70370.0,0.79
70380.0,0.7550000000000001
70390.0,0.7650000000000001
70400.0,0.74
70410.0,0.7750000000000001
70420.0,0.78
70430.0,0.7850000000000001
70440.0,0.8049999999999999
70450.0,0.79
70460.0,0.7949999999999999
70470.0,0.835
70480.0,0.835
70490.0,0.8400000000000001
70500.0,0.81
70510.0,0.825
70520.0,0.81
70530.0,0.75
70540.0,0.7650000000000001
70550.0,0.74
70560.0,0.74
70570.0,0.7350000000000001
70580.0,0.6950000000000001
70590.0,0.7450000000000001
70600.0,0.7050000000000001
70610.0,0.7
70620.0,0.7050000000000001
70630.0,0.675
70640.0,0.7050000000000001
70650.0,0.6600000000000001
70660.0,0.6799999999999999
70670.0,0.69
70680.0,0.6600000000000001
70690.0,0.685
70700.0,0.6600000000000001
70710.0,0.665
70720.0,0.7
70730.0,0.665
70740.0,0.665
70750.0,0.655
70760.0,0.645
70770.0,0.6950000000000001
70780.0,0.6400000000000001
70790.0,0.6600000000000001
70800.0,0.6699999999999999
70810.0,0.665
70820.0,0.6699999999999999
70830.0,0.645
70840.0,0.69
70850.0,0.6699999999999999
70860.0,0.665
70870.0,0.6799999999999999
70880.0,0.6500000000000001
70890.0,0.665
70900.0,0.645
70910.0,0.655
70920.0,0.6699999999999999
70930.0,0.635
70940.0,0.69
70950.0,0.645
70960.0,0.655
70970.0,0.655
70980.0,0.635
70990.0,0.69
71000.0,0.635
71010.0,0.6500000000000001
71020.0,0.6600000000000001
71030.0,0.635
71040.0,0.6699999999999999
71050.0,0.635
71060.0,0.675
71070.0,0.665
71080.0,0.6500000000000001
71090.0,0.6799999999999999
71100.0,0.6300000000000001
71110.0,0.6699999999999999
71120.0,0.6950000000000001
71130.0,0.74
71140.0,0.76
71150.0,0.73
71160.0,0.7450000000000001
71170.0,0.7350000000000001
71180.0,0.77
71190.0,0.8049999999999999
71200.0,0.77
71210.0,0.78
71220.0,0.76
71230.0,0.76
71240.0,0.7949999999999999
71250.0,0.8049999999999999
71260.0,0.8200000000000001
71270.0,0.815
71280.0,0.8
71290.0,0.79
71300.0,0.81
71310.0,0.8300000000000001
71320.0,0.8
71330.0,0.8049999999999999
71340.0,0.8400000000000001
71350.0,0.8200000000000001
71360.0,0.8200000000000001
71370.0,0.81
71380.0,0.7850000000000001
71390.0,0.78
71400.0,0.825
71410.0,0.8500000000000001
71420.0,0.8200000000000001
71430.0,0.79
71440.0,0.79
71450.0,0.8300000000000001
71460.0,0.825
71470.0,0.855
71480.0,0.8400000000000001
71490.0,0.8600000000000001
71500.0,0.825
71510.0,0.7949999999999999
71520.0,0.7949999999999999
71530.0,0.835
71540.0,0.8300000000000001
71550.0,0.865
71560.0,0.8600000000000001
71570.0,0.825
71580.0,0.8300000000000001
71590.0,0.7949999999999999
71600.0,0.8049999999999999
71610.0,0.835
71620.0,0.8400000000000001
71630.0,0.8049999999999999
71640.0,0.81
71650.0,0.825
71660.0,0.81
71670.0,0.845
71680.0,0.8600000000000001
71690.0,0.855
71700.0,0.8300000000000001
71710.0,0.8300000000000001
71720.0,0.855
71730.0,0.825
71740.0,0.8300000000000001
71750.0,0.8200000000000001
71760.0,0.8300000000000001
71770.0,0.8200000000000001
71780.0,0.8200000000000001
71790.0,0.815
71800.0,0.79
71810.0,0.8200000000000001
71820.0,0.815
71830.0,0.815
71840.0,0.8200000000000001
71850.0,0.81
71860.0,0.8300000000000001
71870.0,0.7850000000000001
71880.0,0.835
71890.0,0.79
71900.0,0.8400000000000001
71910.0,0.7949999999999999
71920.0,0.81
71930.0,0.81
71940.0,0.81
71950.0,0.825
71960.0,0.81
71970.0,0.8300000000000001
71980.0,0.78
71990.0,0.8400000000000001
72000.0,0.7850000000000001
72010.0,0.845
72020.0,0.7850000000000001
72030.0,0.815
72040.0,0.7949999999999999
72050.0,0.8200000000000001
72060.0,0.8200000000000001
72070.0,0.815
72080.0,0.825
72090.0,0.8200000000000001
72100.0,0.815
72110.0,0.8500000000000001
72120.0,0.7949999999999999
72130.0,0.8200000000000001
72140.0,0.7949999999999999
72150.0,0.8200000000000001
72160.0,0.81
72170.0,0.79
72180.0,0.825
72190.0,0.79
72200.0,0.8500000000000001
72210.0,0.815
72220.0,0.825
72230.0,0.79
72240.0,0.855
72250.0,0.7949999999999999
72260.0,0.825
72270.0,0.78
72280.0,0.815
72290.0,0.8300000000000001
72300.0,0.7949999999999999
72310.0,0.815
72320.0,0.835
72330.0,0.825
72340.0,0.7750000000000001
72350.0,0.79
72360.0,0.81
72370.0,0.79
72380.0,0.7850000000000001
72390.0,0.8049999999999999
72400.0,0.77
72410.0,0.7450000000000001
72420.0,0.81
72430.0,0.7750000000000001
72440.0,0.74
72450.0,0.7650000000000001
72460.0,0.7750000000000001
72470.0,0.7450000000000001
72480.0,0.77
72490.0,0.8049999999999999
72500.0,0.7550000000000001
72510.0,0.75
72520.0,0.81
72530.0,0.7750000000000001
72540.0,0.7450000000000001
72550.0,0.7650000000000001
72560.0,0.7650000000000001
72570.0,0.74
72580.0,0.76
72590.0,0.8049999999999999
72600.0,0.7650000000000001
72610.0,0.74
72620.0,0.7450000000000001
72630.0,0.8
72640.0,0.77
72650.0,0.75
72660.0,0.7650000000000001
72670.0,0.8
72680.0,0.7750000000000001
72690.0,0.7450000000000001
72700.0,0.76
72710.0,0.8
72720.0,0.77
72730.0,0.74
72740.0,0.74
72750.0,0.7949999999999999
72760.0,0.77
72770.0,0.76
72780.0,0.7550000000000001
72790.0,0.78
72800.0,0.77
72810.0,0.75
72820.0,0.77
72830.0,0.8049999999999999
72840.0,0.74
72850.0,0.75
72860.0,0.8049999999999999
72870.0,0.77
72880.0,0.7650000000000001
72890.0,0.76
72900.0,0.7750000000000001
72910.0,0.74
72920.0,0.7550000000000001
72930.0,0.7450000000000001
72940.0,0.73
72950.0,0.76
72960.0,0.7150000000000001
72970.0,0.71
72980.0,0.71
72990.0,0.7150000000000001
73000.0,0.6699999999999999
73010.0,0.6950000000000001
73020.0,0.6799999999999999
73030.0,0.685
73040.0,0.69
73050.0,0.665
73060.0,0.7050000000000001
73070.0,0.69
73080.0,0.685
73090.0,0.685
73100.0,0.6950000000000001
73110.0,0.685
73120.0,0.6799999999999999
73130.0,0.6600000000000001
73140.0,0.6500000000000001
73150.0,0.6699999999999999
73160.0,0.6699999999999999
73170.0,0.6699999999999999
73180.0,0.6950000000000001
73190.0,0.7050000000000001
73200.0,0.675
73210.0,0.6799999999999999
73220.0,0.6600000000000001
73230.0,0.6500000000000001
73240.0,0.645
73250.0,0.665
73260.0,0.665
73270.0,0.675
73280.0,0.6950000000000001
73290.0,0.6699999999999999
73300.0,0.6699999999999999
73310.0,0.655
73320.0,0.645
73330.0,0.645
73340.0,0.6600000000000001
73350.0,0.6500000000000001
73360.0,0.665
73370.0,0.6500000000000001
73380.0,0.6799999999999999
73390.0,0.665
73400.0,0.6600000000000001
73410.0,0.6950000000000001
73420.0,0.6400000000000001
73430.0,0.6699999999999999
73440.0,0.6500000000000001
73450.0,0.6600000000000001
73460.0,0.665
73470.0,0.6400000000000001
73480.0,0.6950000000000001
73490.0,0.645
73500.0,0.6600000000000001
73510.0,0.675
73520.0,0.6500000000000001
73530.0,0.6400000000000001
73540.0,0.635
73550.0,0.6300000000000001
73560.0,0.6200000000000001
73570.0,0.625
73580.0,0.6100000000000001
73590.0,0.6100000000000001
73600.0,0.6100000000000001
73610.0,0.6000000000000001
73620.0,0.6000000000000001
73630.0,0.595
73640.0,0.595
73650.0,0.5900000000000001
73660.0,0.585
73670.0,0.5800000000000001
73680.0,0.5800000000000001
73690.0,0.5800000000000001
73700.0,0.575
73710.0,0.575
73720.0,0.5700000000000001
73730.0,0.575
73740.0,0.565
73750.0,0.575
73760.0,0.565
73770.0,0.565
73780.0,0.56
73790.0,0.56
73800.0,0.56
73810.0,0.56
73820.0,0.5449999999999999
73830.0,0.5549999999999999
73840.0,0.5549999999999999
73850.0,0.55
73860.0,0.55
73870.0,0.55
73880.0,0.5449999999999999
73890.0,0.55
73900.0,0.5449999999999999
73910.0,0.5449999999999999
73920.0,0.5449999999999999
73930.0,0.5449999999999999
73940.0,0.5349999999999999
73950.0,0.54
73960.0,0.5349999999999999
73970.0,0.54
73980.0,0.54
73990.0,0.5349999999999999
74000.0,0.5349999999999999
74010.0,0.53
74020.0,0.53
74030.0,0.53
74040.0,0.5349999999999999
74050.0,0.53
74060.0,0.52
74070.0,0.5250000000000001
74080.0,0.52
74090.0,0.52
74100.0,0.52
74110.0,0.52
74120.0,0.5150000000000001
74130.0,0.5150000000000001
74140.0,0.51
74150.0,0.51
74160.0,0.51
74170.0,0.51
74180.0,0.505
74190.0,0.505
74200.0,0.5
74210.0,0.505
74220.0,0.505
74230.0,0.5
74240.0,0.5
74250.0,0.5
74260.0,0.5
74270.0,0.495
74280.0,0.5
74290.0,0.495
74300.0,0.495
74310.0,0.49
74320.0,0.49
74330.0,0.485
74340.0,0.485
74350.0,0.485
74360.0,0.49
74370.0,0.485
74380.0,0.485
74390.0,0.48
74400.0,0.475
74410.0,0.48
74420.0,0.475
74430.0,0.475
74440.0,0.48
74450.0,0.475
74460.0,0.475
74470.0,0.47
74480.0,0.4650000000000001
74490.0,0.475
74500.0,0.47
74510.0,0.47
74520.0,0.47
74530.0,0.4650000000000001
74540.0,0.4650000000000001
74550.0,0.4650000000000001
74560.0,0.4650000000000001
74570.0,0.4600000000000001
74580.0,0.4600000000000001
74590.0,0.455
74600.0,0.455
74610.0,0.455
74620.0,0.455
74630.0,0.455
74640.0,0.45
74650.0,0.45
74660.0,0.445
74670.0,0.445
74680.0,0.445
74690.0,0.445
74700.0,0.445
74710.0,0.445
74720.0,0.445
74730.0,0.445
74740.0,0.435
74750.0,0.435
74760.0,0.435
74770.0,0.43
74780.0,0.44
74790.0,0.435
74800.0,0.43
74810.0,0.435
74820.0,0.435
74830.0,0.43
74840.0,0.435
74850.0,0.43
74860.0,0.43
74870.0,0.43
74880.0,0.43
74890.0,0.425
74900.0,0.425
74910.0,0.425
74920.0,0.425
74930.0,0.415
74940.0,0.42
74950.0,0.42
74960.0,0.42
74970.0,0.42
74980.0,0.42
74990.0,0.415
75000.0,0.415
75010.0,0.415
75020.0,0.41
75030.0,0.415
75040.0,0.405
75050.0,0.41
75060.0,0.41
75070.0,0.41
75080.0,0.41
75090.0,0.405
75100.0,0.41
75110.0,0.405
75120.0,0.41
75130.0,0.4
75140.0,0.4
75150.0,0.4
75160.0,0.4
75170.0,0.4
75180.0,0.395
75190.0,0.4
75200.0,0.395
75210.0,0.395
75220.0,0.39
75230.0,0.395
75240.0,0.395
75250.0,0.39
75260.0,0.395
75270.0,0.39
75280.0,0.39
75290.0,0.39
75300.0,0.39
75310.0,0.39
75320.0,0.38
75330.0,0.385
75340.0,0.385
75350.0,0.385
75360.0,0.39
75370.0,0.385
75380.0,0.38
75390.0,0.385
75400.0,0.38
75410.0,0.38
75420.0,0.38
75430.0,0.37
75440.0,0.375
75450.0,0.375
75460.0,0.375
75470.0,0.375
75480.0,0.375
75490.0,0.37
75500.0,0.37
75510.0,0.37
75520.0,0.37
75530.0,0.365
75540.0,0.37
75550.0,0.365
75560.0,0.365
75570.0,0.365
75580.0,0.37
75590.0,0.365
75600.0,0.365
75610.0,0.36
75620.0,0.365
75630.0,0.355
75640.0,0.36
75650.0,0.36
75660.0,0.36
75670.0,0.365
75680.0,0.36
75690.0,0.36
75700.0,0.355
75710.0,0.355
75720.0,0.35
75730.0,0.36
75740.0,0.355
75750.0,0.355
75760.0,0.355
75770.0,0.355
75780.0,0.35
75790.0,0.35
75800.0,0.35
75810.0,0.35
75820.0,0.35
75830.0,0.345
75840.0,0.35
75850.0,0.345
75860.0,0.345
75870.0,0.345
75880.0,0.345
75890.0,0.345
75900.0,0.345
75910.0,0.345
75920.0,0.345
75930.0,0.345
75940.0,0.3400000000000001
75950.0,0.3350000000000001
75960.0,0.3400000000000001
75970.0,0.3350000000000001
75980.0,0.3350000000000001
75990.0,0.3350000000000001
76000.0,0.3350000000000001
76010.0,0.3350000000000001
76020.0,0.3400000000000001
76030.0,0.3350000000000001
76040.0,0.3350000000000001
76050.0,0.33
76060.0,0.3350000000000001
76070.0,0.33
76080.0,0.325
76090.0,0.325
76100.0,0.33
76110.0,0.33
76120.0,0.325
76130.0,0.32
76140.0,0.325
76150.0,0.325
76160.0,0.325
76170.0,0.325
76180.0,0.325
76190.0,0.32
76200.0,0.32
76210.0,0.32
76220.0,0.325
76230.0,0.32
76240.0,0.32
76250.0,0.315
76260.0,0.31
76270.0,0.32
76280.0,0.315
76290.0,0.315
76300.0,0.315
76310.0,0.315
76320.0,0.315
76330.0,0.31
76340.0,0.315
76350.0,0.315
76360.0,0.315
76370.0,0.315
76380.0,0.31
76390.0,0.31
76400.0,0.31
76410.0,0.305
76420.0,0.31
76430.0,0.31
76440.0,0.31
76450.0,0.31
76460.0,0.305
76470.0,0.31
76480.0,0.305
76490.0,0.3
76500.0,0.305
76510.0,0.3
76520.0,0.305
76530.0,0.3
76540.0,0.3
76550.0,0.3
76560.0,0.295
76570.0,0.305
76580.0,0.3
76590.0,0.3
76600.0,0.3
76610.0,0.3
76620.0,0.29
76630.0,0.3
76640.0,0.295
76650.0,0.295
76660.0,0.295
76670.0,0.29
76680.0,0.295
76690.0,0.295
76700.0,0.29
76710.0,0.295
76720.0,0.295
76730.0,0.29
76740.0,0.295
76750.0,0.29
76760.0,0.295
76770.0,0.295
76780.0,0.295
76790.0,0.29
76800.0,0.29
76810.0,0.29
76820.0,0.29
76830.0,0.29
76840.0,0.285
76850.0,0.285
76860.0,0.29
76870.0,0.285
76880.0,0.285
76890.0,0.285
76900.0,0.285
76910.0,0.285
76920.0,0.285
76930.0,0.285
76940.0,0.28
76950.0,0.28
76960.0,0.285
76970.0,0.28
76980.0,0.275
76990.0,0.285
77000.0,0.285
77010.0,0.285
77020.0,0.28
77030.0,0.275
77040.0,0.28
77050.0,0.28
77060.0,0.275
77070.0,0.275
77080.0,0.275
77090.0,0.275
77100.0,0.27
77110.0,0.27
77120.0,0.275
77130.0,0.275
77140.0,0.27
77150.0,0.275
77160.0,0.275
77170.0,0.27
77180.0,0.275
77190.0,0.27
77200.0,0.27
77210.0,0.27
77220.0,0.27
77230.0,0.265
77240.0,0.265
77250.0,0.27
77260.0,0.265
77270.0,0.265
77280.0,0.265
77290.0,0.27
77300.0,0.265
77310.0,0.265
77320.0,0.265
77330.0,0.27
77340.0,0.265
77350.0,0.26
77360.0,0.265
77370.0,0.265
77380.0,0.265
77390.0,0.265
77400.0,0.26
77410.0,0.265
77420.0,0.26
77430.0,0.265
77440.0,0.26
77450.0,0.26
77460.0,0.265
77470.0,0.26
77480.0,0.255
77490.0,0.26
77500.0,0.26
77510.0,0.265
77520.0,0.25
77530.0,0.26
77540.0,0.255
77550.0,0.265
77560.0,0.26
77570.0,0.26
77580.0,0.255
77590.0,0.255
77600.0,0.255
77610.0,0.26
77620.0,0.255
77630.0,0.26
77640.0,0.25
77650.0,0.25
77660.0,0.26
77670.0,0.25
77680.0,0.26
77690.0,0.255
77700.0,0.255
77710.0,0.255
77720.0,0.255
77730.0,0.245
77740.0,0.25
77750.0,0.255
77760.0,0.255
77770.0,0.25
77780.0,0.25
77790.0,0.245
77800.0,0.25
77810.0,0.25
77820.0,0.245
77830.0,0.245
77840.0,0.245
77850.0,0.245
77860.0,0.245
77870.0,0.245
77880.0,0.245
77890.0,0.245
77900.0,0.245
77910.0,0.245
77920.0,0.25
77930.0,0.25
77940.0,0.245
77950.0,0.245
77960.0,0.245
77970.0,0.24
77980.0,0.24
77990.0,0.245
78000.0,0.24
78010.0,0.24
78020.0,0.24
78030.0,0.235
78040.0,0.24
78050.0,0.235
78060.0,0.24
78070.0,0.24
78080.0,0.24
78090.0,0.24
78100.0,0.24
78110.0,0.245
78120.0,0.24
78130.0,0.24
78140.0,0.235
78150.0,0.235
78160.0,0.235
78170.0,0.24
78180.0,0.235
78190.0,0.2299999999999999
78200.0,0.235
78210.0,0.24
78220.0,0.235
78230.0,0.245
78240.0,0.24
78250.0,0.235
78260.0,0.235
78270.0,0.235
78280.0,0.24
78290.0,0.235
78300.0,0.235
78310.0,0.2299999999999999
78320.0,0.235
78330.0,0.235
78340.0,0.235
78350.0,0.235
78360.0,0.235
78370.0,0.2299999999999999
78380.0,0.235
78390.0,0.235
78400.0,0.235
78410.0,0.2299999999999999
78420.0,0.235
78430.0,0.235
78440.0,0.2299999999999999
78450.0,0.235
78460.0,0.235
78470.0,0.2299999999999999
78480.0,0.2299999999999999
78490.0,0.235
78500.0,0.2299999999999999
78510.0,0.2249999999999999
78520.0,0.2299999999999999
78530.0,0.2299999999999999
78540.0,0.2299999999999999
78550.0,0.2299999999999999
78560.0,0.2299999999999999
78570.0,0.2299999999999999
78580.0,0.2249999999999999
78590.0,0.2299999999999999
78600.0,0.235
78610.0,0.2299999999999999
78620.0,0.2299999999999999
78630.0,0.2299999999999999
78640.0,0.2249999999999999
78650.0,0.2299999999999999
78660.0,0.2249999999999999
78670.0,0.235
78680.0,0.2249999999999999
78690.0,0.2249999999999999
78700.0,0.2199999999999999
78710.0,0.2249999999999999
78720.0,0.2299999999999999
78730.0,0.2249999999999999
78740.0,0.2249999999999999
78750.0,0.2199999999999999
78760.0,0.2249999999999999
78770.0,0.2199999999999999
78780.0,0.2199999999999999
78790.0,0.2249999999999999
78800.0,0.2199999999999999
78810.0,0.2249999999999999
78820.0,0.2199999999999999
78830.0,0.2199999999999999
78840.0,0.2199999999999999
78850.0,0.2199999999999999
78860.0,0.2249999999999999
78870.0,0.2249999999999999
78880.0,0.2249999999999999
78890.0,0.2199999999999999
78900.0,0.2199999999999999
78910.0,0.2299999999999999
78920.0,0.2249999999999999
78930.0,0.2249999999999999
78940.0,0.2199999999999999
78950.0,0.2149999999999999
78960.0,0.2199999999999999
78970.0,0.2199999999999999
78980.0,0.2149999999999999
78990.0,0.2199999999999999
79000.0,0.2249999999999999
79010.0,0.2199999999999999
79020.0,0.2199999999999999
79030.0,0.2199999999999999
79040.0,0.2249999999999999
79050.0,0.2199999999999999
79060.0,0.2199999999999999
79070.0,0.2149999999999999
79080.0,0.2149999999999999
79090.0,0.2149999999999999
79100.0,0.2149999999999999
79110.0,0.2199999999999999
79120.0,0.2149999999999999
79130.0,0.2149999999999999
79140.0,0.2149999999999999
79150.0,0.2149999999999999
79160.0,0.2149999999999999
79170.0,0.2149999999999999
79180.0,0.21
79190.0,0.2149999999999999
79200.0,0.2149999999999999
79210.0,0.2149999999999999
79220.0,0.2199999999999999
79230.0,0.2149999999999999
79240.0,0.2149999999999999
79250.0,0.2149999999999999
79260.0,0.2149999999999999
79270.0,0.2149999999999999
79280.0,0.2149999999999999
79290.0,0.2149999999999999
79300.0,0.2199999999999999
79310.0,0.2149999999999999
79320.0,0.2149999999999999
79330.0,0.2149999999999999
79340.0,0.2149999999999999
79350.0,0.2149999999999999
79360.0,0.21
79370.0,0.2149999999999999
79380.0,0.21
79390.0,0.2149999999999999
79400.0,0.21
79410.0,0.2149999999999999
79420.0,0.2149999999999999
79430.0,0.21
79440.0,0.21
79450.0,0.2149999999999999
79460.0,0.21
79470.0,0.21
79480.0,0.205
79490.0,0.21
79500.0,0.21
79510.0,0.21
79520.0,0.2149999999999999
79530.0,0.21
79540.0,0.205
79550.0,0.205
79560.0,0.2149999999999999
79570.0,0.21
79580.0,0.205
79590.0,0.205
79600.0,0.21
79610.0,0.21
79620.0,0.21
79630.0,0.21
79640.0,0.205
79650.0,0.21
79660.0,0.21
79670.0,0.2
79680.0,0.205
79690.0,0.21
79700.0,0.205
79710.0,0.2
79720.0,0.205
79730.0,0.21
79740.0,0.205
79750.0,0.205
79760.0,0.205
79770.0,0.205
79780.0,0.21
79790.0,0.205
79800.0,0.205
79810.0,0.205
79820.0,0.2
79830.0,0.205
79840.0,0.2
79850.0,0.205
79860.0,0.21
79870.0,0.2
79880.0,0.2
79890.0,0.205
79900.0,0.205
79910.0,0.205
79920.0,0.205
79930.0,0.205
79940.0,0.21
79950.0,0.2
79960.0,0.2
79970.0,0.205
79980.0,0.205
79990.0,0.2
80000.0,0.205
80010.0,0.2
80020.0,0.2
80030.0,0.2
80040.0,0.2
80050.0,0.2
80060.0,0.205
80070.0,0.205
80080.0,0.2
80090.0,0.205
80100.0,0.2
80110.0,0.2
80120.0,0.2
80130.0,0.195
80140.0,0.205
80150.0,0.195
80160.0,0.205
80170.0,0.2
80180.0,0.205
80190.0,0.2
80200.0,0.195
80210.0,0.195
80220.0,0.2
80230.0,0.195
80240.0,0.2
80250.0,0.195
80260.0,0.205
80270.0,0.195
80280.0,0.19
80290.0,0.195
80300.0,0.195
80310.0,0.195
80320.0,0.195
80330.0,0.2
80340.0,0.195
80350.0,0.195
80360.0,0.2
80370.0,0.195
80380.0,0.195
80390.0,0.19
80400.0,0.195
80410.0,0.19
80420.0,0.19
80430.0,0.195
80440.0,0.195
80450.0,0.195
80460.0,0.185
80470.0,0.195
80480.0,0.19
80490.0,0.195
80500.0,0.195
80510.0,0.19
80520.0,0.19
80530.0,0.195
80540.0,0.19
80550.0,0.195
80560.0,0.19
80570.0,0.195
80580.0,0.195
80590.0,0.195
80600.0,0.19
80610.0,0.19
80620.0,0.19
80630.0,0.19
80640.0,0.19
80650.0,0.185
80660.0,0.195
80670.0,0.19
80680.0,0.19
80690.0,0.19
80700.0,0.195
80710.0,0.19
80720.0,0.19
80730.0,0.19
80740.0,0.185
80750.0,0.19
80760.0,0.195
80770.0,0.19
80780.0,0.19
80790.0,0.19
80800.0,0.19
80810.0,0.185
80820.0,0.19
80830.0,0.19
80840.0,0.19
80850.0,0.19
80860.0,0.19
80870.0,0.19
80880.0,0.185
80890.0,0.19
80900.0,0.19
80910.0,0.19
80920.0,0.19
80930.0,0.19
80940.0,0.19
80950.0,0.19
80960.0,0.19
80970.0,0.185
80980.0,0.19
80990.0,0.19
81000.0,0.19
81010.0,0.185
81020.0,0.185
81030.0,0.19
81040.0,0.19
81050.0,0.185
81060.0,0.19
81070.0,0.185
81080.0,0.185
81090.0,0.185
81100.0,0.185
81110.0,0.185
81120.0,0.185
81130.0,0.185
81140.0,0.185
81150.0,0.18
81160.0,0.185
81170.0,0.185
81180.0,0.185
81190.0,0.185
81200.0,0.185
81210.0,0.195
81220.0,0.19
81230.0,0.185
81240.0,0.185
81250.0,0.19
81260.0,0.185
81270.0,0.185
81280.0,0.185
81290.0,0.19
81300.0,0.19
81310.0,0.185
81320.0,0.18
81330.0,0.19
81340.0,0.185
81350.0,0.185
81360.0,0.18
81370.0,0.185
81380.0,0.18
81390.0,0.19
81400.0,0.185
81410.0,0.185
81420.0,0.185
81430.0,0.185
81440.0,0.185
81450.0,0.18
81460.0,0.185
81470.0,0.185
81480.0,0.185
81490.0,0.18
81500.0,0.18
81510.0,0.185
81520.0,0.185
81530.0,0.185
81540.0,0.175
81550.0,0.175
81560.0,0.185
81570.0,0.185
81580.0,0.175
81590.0,0.185
81600.0,0.18
81610.0,0.185
81620.0,0.185
81630.0,0.18
81640.0,0.185
81650.0,0.185
81660.0,0.18
81670.0,0.18
81680.0,0.175
81690.0,0.18
81700.0,0.18
81710.0,0.18
81720.0,0.185
81730.0,0.185
81740.0,0.185
81750.0,0.185
81760.0,0.18
81770.0,0.18
81780.0,0.185
81790.0,0.18
81800.0,0.18
81810.0,0.18
81820.0,0.18
81830.0,0.185
81840.0,0.18
81850.0,0.18
81860.0,0.19
81870.0,0.18
81880.0,0.18
81890.0,0.175
81900.0,0.18
81910.0,0.18
81920.0,0.175
81930.0,0.18
81940.0,0.185
81950.0,0.18
81960.0,0.18
81970.0,0.175
81980.0,0.18
81990.0,0.185
82000.0,0.18
82010.0,0.18
82020.0,0.185
82030.0,0.175
82040.0,0.185
82050.0,0.185
82060.0,0.185
82070.0,0.175
82080.0,0.18
82090.0,0.18
82100.0,0.175
82110.0,0.18
82120.0,0.185
82130.0,0.18
82140.0,0.175
82150.0,0.18
82160.0,0.18
82170.0,0.18
82180.0,0.175
82190.0,0.175
82200.0,0.18
82210.0,0.18
82220.0,0.18
82230.0,0.18
82240.0,0.18
82250.0,0.175
82260.0,0.175
82270.0,0.17
82280.0,0.175
82290.0,0.175
82300.0,0.18
82310.0,0.17
82320.0,0.18
82330.0,0.175
82340.0,0.175
82350.0,0.175
82360.0,0.18
82370.0,0.175
82380.0,0.18
82390.0,0.175
82400.0,0.175
82410.0,0.18
82420.0,0.175
82430.0,0.18
82440.0,0.17
82450.0,0.175
82460.0,0.175
82470.0,0.18
82480.0,0.175
82490.0,0.18
82500.0,0.175
82510.0,0.175
82520.0,0.18
82530.0,0.175
82540.0,0.18
82550.0,0.175
82560.0,0.175
82570.0,0.175
82580.0,0.175
82590.0,0.17
82600.0,0.175
82610.0,0.18
82620.0,0.18
82630.0,0.175
82640.0,0.175
82650.0,0.17
82660.0,0.175
82670.0,0.175
82680.0,0.18
82690.0,0.175
82700.0,0.175
82710.0,0.175
82720.0,0.17
82730.0,0.175
82740.0,0.175
82750.0,0.175
82760.0,0.175
82770.0,0.17
82780.0,0.18
82790.0,0.175
82800.0,0.175
82810.0,0.175
82820.0,0.17
82830.0,0.175
82840.0,0.175
82850.0,0.175
82860.0,0.175
82870.0,0.17
82880.0,0.17
82890.0,0.175
82900.0,0.175
82910.0,0.175
82920.0,0.17
82930.0,0.17
82940.0,0.17
82950.0,0.175
82960.0,0.175
82970.0,0.17
82980.0,0.17
82990.0,0.175
83000.0,0.165
83010.0,0.17
83020.0,0.17
83030.0,0.175
83040.0,0.175
83050.0,0.175
83060.0,0.175
83070.0,0.175
83080.0,0.175
83090.0,0.165
83100.0,0.175
83110.0,0.17
83120.0,0.175
83130.0,0.175
83140.0,0.17
83150.0,0.17
83160.0,0.175
83170.0,0.17
83180.0,0.17
83190.0,0.17
83200.0,0.17
83210.0,0.17
83220.0,0.17
83230.0,0.17
83240.0,0.175
83250.0,0.175
83260.0,0.17
83270.0,0.165
83280.0,0.175
83290.0,0.165
83300.0,0.175
83310.0,0.17
83320.0,0.17
83330.0,0.175
83340.0,0.175
83350.0,0.17
83360.0,0.17
83370.0,0.175
83380.0,0.17
83390.0,0.175
83400.0,0.175
83410.0,0.17
83420.0,0.17
83430.0,0.17
83440.0,0.17
83450.0,0.17
83460.0,0.17
83470.0,0.175
83480.0,0.17
83490.0,0.17
83500.0,0.17
83510.0,0.17
83520.0,0.17
83530.0,0.17
83540.0,0.17
83550.0,0.17
83560.0,0.165
83570.0,0.165
83580.0,0.175
83590.0,0.17
83600.0,0.17
83610.0,0.17
83620.0,0.17
83630.0,0.17
83640.0,0.17
83650.0,0.165
83660.0,0.165
83670.0,0.17
83680.0,0.17
83690.0,0.165
83700.0,0.165
83710.0,0.165
83720.0,0.165
83730.0,0.175
83740.0,0.165
83750.0,0.17
83760.0,0.165
83770.0,0.165
83780.0,0.165
83790.0,0.175
83800.0,0.165
83810.0,0.165
83820.0,0.165
83830.0,0.17
83840.0,0.17
83850.0,0.175
83860.0,0.17
83870.0,0.17
83880.0,0.17
83890.0,0.17
83900.0,0.165
83910.0,0.17
83920.0,0.165
83930.0,0.175
83940.0,0.17
83950.0,0.17
83960.0,0.165
83970.0,0.165
83980.0,0.17
83990.0,0.175
84000.0,0.165
84010.0,0.175
84020.0,0.165
84030.0,0.17
84040.0,0.165
84050.0,0.165
84060.0,0.17
84070.0,0.165
84080.0,0.17
84090.0,0.17
84100.0,0.165
84110.0,0.165
84120.0,0.165
84130.0,0.17
84140.0,0.17
84150.0,0.165
84160.0,0.17
84170.0,0.165
84180.0,0.17
84190.0,0.165
84200.0,0.165
84210.0,0.17
84220.0,0.17
84230.0,0.165
84240.0,0.165
84250.0,0.17
84260.0,0.165
84270.0,0.17
84280.0,0.165
84290.0,0.165
84300.0,0.165
84310.0,0.165
84320.0,0.165
84330.0,0.165
84340.0,0.165
84350.0,0.165
84360.0,0.165
84370.0,0.17
84380.0,0.165
84390.0,0.165
84400.0,0.16
84410.0,0.165
84420.0,0.165
84430.0,0.165
84440.0,0.165
84450.0,0.17
84460.0,0.165
84470.0,0.17
84480.0,0.16
84490.0,0.17
84500.0,0.165
84510.0,0.17
84520.0,0.17
84530.0,0.16
84540.0,0.17
84550.0,0.165
84560.0,0.165
84570.0,0.165
84580.0,0.165
84590.0,0.165
84600.0,0.16
84610.0,0.16
84620.0,0.16
84630.0,0.165
84640.0,0.165
84650.0,0.165
84660.0,0.16
84670.0,0.165
84680.0,0.165
84690.0,0.165
84700.0,0.165
84710.0,0.17
84720.0,0.165
84730.0,0.17
84740.0,0.17
84750.0,0.165
84760.0,0.165
84770.0,0.165
84780.0,0.165
84790.0,0.16
84800.0,0.16
84810.0,0.165
84820.0,0.165
84830.0,0.17
84840.0,0.165
84850.0,0.165
84860.0,0.165
84870.0,0.17
84880.0,0.16
84890.0,0.165
84900.0,0.17
84910.0,0.165
84920.0,0.165
84930.0,0.16
84940.0,0.165
84950.0,0.165
84960.0,0.16
84970.0,0.165
84980.0,0.17
84990.0,0.17
85000.0,0.165
85010.0,0.165
85020.0,0.165
85030.0,0.165
85040.0,0.165
85050.0,0.16
85060.0,0.165
85070.0,0.165
85080.0,0.165
85090.0,0.165
85100.0,0.165
85110.0,0.16
85120.0,0.17
85130.0,0.165
85140.0,0.165
85150.0,0.16
85160.0,0.16
85170.0,0.165
85180.0,0.165
85190.0,0.165
85200.0,0.165
85210.0,0.165
85220.0,0.16
85230.0,0.16
85240.0,0.165
85250.0,0.165
85260.0,0.17
85270.0,0.165
85280.0,0.16
85290.0,0.16
85300.0,0.16
85310.0,0.16
85320.0,0.16
85330.0,0.165
85340.0,0.16
85350.0,0.16
85360.0,0.165
85370.0,0.16
85380.0,0.16
85390.0,0.17
85400.0,0.165
85410.0,0.16
85420.0,0.16
85430.0,0.16
85440.0,0.165
85450.0,0.16
85460.0,0.165
85470.0,0.165
85480.0,0.16
85490.0,0.165
85500.0,0.17
85510.0,0.16
85520.0,0.165
85530.0,0.165
85540.0,0.165
85550.0,0.165
85560.0,0.165
85570.0,0.17
85580.0,0.16
85590.0,0.165
85600.0,0.16
85610.0,0.165
85620.0,0.16
85630.0,0.16
85640.0,0.16
85650.0,0.165
85660.0,0.155
85670.0,0.165
85680.0,0.165
85690.0,0.16
85700.0,0.16
85710.0,0.16
85720.0,0.16
85730.0,0.16
85740.0,0.165
85750.0,0.16
85760.0,0.16
85770.0,0.17
85780.0,0.165
85790.0,0.16
85800.0,0.16
85810.0,0.16
85820.0,0.16
85830.0,0.16
85840.0,0.16
85850.0,0.165
85860.0,0.16
85870.0,0.155
85880.0,0.16
85890.0,0.16
85900.0,0.16
85910.0,0.155
85920.0,0.16
85930.0,0.16
85940.0,0.165
85950.0,0.16
85960.0,0.16
85970.0,0.16
85980.0,0.16
85990.0,0.16
86000.0,0.16
86010.0,0.165
86020.0,0.17
86030.0,0.155
86040.0,0.165
86050.0,0.16
86060.0,0.165
86070.0,0.16
86080.0,0.16
86090.0,0.16
86100.0,0.155
86110.0,0.16
86120.0,0.16
86130.0,0.165
86140.0,0.16
86150.0,0.165
86160.0,0.165
86170.0,0.16
86180.0,0.16
86190.0,0.16
86200.0,0.155
86210.0,0.16
86220.0,0.16
86230.0,0.16
86240.0,0.16
86250.0,0.165
86260.0,0.16
86270.0,0.155
86280.0,0.16
86290.0,0.16
86300.0,0.165
86310.0,0.16
86320.0,0.155
86330.0,0.16
86340.0,0.16
86350.0,0.16
86360.0,0.165
86370.0,0.16
86380.0,0.165
86390.0,0.16
86400.0,0.155
86410.0,0.16
86420.0,0.155
86430.0,0.16
86440.0,0.15
86450.0,0.16
86460.0,0.16
86470.0,0.16
86480.0,0.16
86490.0,0.165
86500.0,0.16
86510.0,0.16
86520.0,0.155
86530.0,0.16
86540.0,0.155
86550.0,0.16
86560.0,0.17
86570.0,0.165
86580.0,0.16
86590.0,0.16
86600.0,0.155
86610.0,0.165
86620.0,0.16
86630.0,0.16
86640.0,0.155
86650.0,0.16
86660.0,0.155
86670.0,0.16
86680.0,0.16
86690.0,0.16
86700.0,0.16
86710.0,0.16
86720.0,0.155
86730.0,0.16
86740.0,0.16
86750.0,0.155
86760.0,0.155
86770.0,0.165
86780.0,0.16
86790.0,0.16
86800.0,0.165
86810.0,0.16
86820.0,0.165
86830.0,0.165
86840.0,0.155
86850.0,0.155
86860.0,0.155
86870.0,0.155
86880.0,0.16
86890.0,0.16
86900.0,0.16
86910.0,0.16
86920.0,0.16
86930.0,0.16
86940.0,0.16
86950.0,0.165
86960.0,0.155
86970.0,0.155
86980.0,0.16
86990.0,0.16
87000.0,0.16
87010.0,0.155
87020.0,0.16
87030.0,0.155
87040.0,0.16
87050.0,0.155
87060.0,0.155
87070.0,0.16
87080.0,0.16
87090.0,0.16
87100.0,0.16
87110.0,0.155
87120.0,0.16
87130.0,0.16
87140.0,0.155
87150.0,0.16
87160.0,0.155
87170.0,0.165
87180.0,0.15
87190.0,0.16
87200.0,0.16
87210.0,0.16
87220.0,0.16
87230.0,0.16
87240.0,0.155
87250.0,0.16
87260.0,0.155
87270.0,0.155
87280.0,0.155
87290.0,0.155
87300.0,0.15
87310.0,0.155
87320.0,0.155
87330.0,0.16
87340.0,0.155
87350.0,0.16
87360.0,0.16
87370.0,0.155
87380.0,0.16
87390.0,0.16
87400.0,0.155
87410.0,0.155
87420.0,0.16
87430.0,0.165
87440.0,0.16
87450.0,0.16
87460.0,0.16
87470.0,0.155
87480.0,0.16
87490.0,0.155
87500.0,0.155
87510.0,0.155
87520.0,0.155
87530.0,0.16
87540.0,0.16
87550.0,0.16
87560.0,0.155
87570.0,0.15
87580.0,0.155
87590.0,0.16
87600.0,0.155
87610.0,0.16
87620.0,0.16
87630.0,0.16
87640.0,0.155
87650.0,0.155
87660.0,0.16
87670.0,0.16
87680.0,0.16
87690.0,0.155
87700.0,0.16
87710.0,0.155
87720.0,0.15
87730.0,0.165
87740.0,0.16
87750.0,0.155
87760.0,0.155
87770.0,0.15
87780.0,0.155
87790.0,0.16
87800.0,0.155
87810.0,0.155
87820.0,0.155
87830.0,0.15
87840.0,0.155
87850.0,0.155
87860.0,0.15
87870.0,0.16
87880.0,0.155
87890.0,0.155
87900.0,0.155
87910.0,0.16
87920.0,0.16
87930.0,0.155
87940.0,0.155
87950.0,0.16
87960.0,0.15
87970.0,0.155
87980.0,0.14
87990.0,0.165
88000.0,0.185
88010.0,0.185
88020.0,0.175
88030.0,0.2149999999999999
88040.0,0.25
88050.0,0.21
88060.0,0.235
88070.0,0.26
88080.0,0.27
88090.0,0.2249999999999999
88100.0,0.27
88110.0,0.285
88120.0,0.28
88130.0,0.26
88140.0,0.285
88150.0,0.285
88160.0,0.26
88170.0,0.31
88180.0,0.31
88190.0,0.295
88200.0,0.31
88210.0,0.31
88220.0,0.275
88230.0,0.305
88240.0,0.33
88250.0,0.3
88260.0,0.295
88270.0,0.32
88280.0,0.31
88290.0,0.3
88300.0,0.345
88310.0,0.305
88320.0,0.33
88330.0,0.3350000000000001
88340.0,0.29
88350.0,0.31
88360.0,0.3350000000000001
88370.0,0.315
88380.0,0.29
88390.0,0.33
88400.0,0.325
88410.0,0.295
88420.0,0.3400000000000001
88430.0,0.295
88440.0,0.3400000000000001
88450.0,0.315
88460.0,0.325
88470.0,0.3350000000000001
88480.0,0.325
88490.0,0.3350000000000001
88500.0,0.295
88510.0,0.345
88520.0,0.3
88530.0,0.3350000000000001
88540.0,0.315
88550.0,0.33
88560.0,0.345
88570.0,0.325
88580.0,0.3350000000000001
88590.0,0.305
88600.0,0.365
88610.0,0.31
88620.0,0.3350000000000001
88630.0,0.32
88640.0,0.325
88650.0,0.3400000000000001
88660.0,0.33
88670.0,0.35
88680.0,0.305
88690.0,0.315
88700.0,0.375
88710.0,0.35
88720.0,0.3350000000000001
88730.0,0.365
88740.0,0.375
88750.0,0.355
88760.0,0.39
88770.0,0.415
88780.0,0.36
88790.0,0.385
88800.0,0.4
88810.0,0.4
88820.0,0.395
88830.0,0.42
88840.0,0.41
88850.0,0.385
88860.0,0.43
88870.0,0.41
88880.0,0.375
88890.0,0.41
88900.0,0.42
88910.0,0.4
88920.0,0.41
88930.0,0.44
88940.0,0.405
88950.0,0.385
88960.0,0.455
88970.0,0.425
88980.0,0.415
88990.0,0.425
89000.0,0.435
89010.0,0.4
89020.0,0.43
89030.0,0.47
89040.0,0.39
89050.0,0.42
89060.0,0.44
89070.0,0.435
89080.0,0.425
89090.0,0.425
89100.0,0.44
89110.0,0.435
89120.0,0.41
89130.0,0.43
89140.0,0.445
89150.0,0.4
89160.0,0.415
89170.0,0.445
89180.0,0.435
89190.0,0.405
89200.0,0.43
89210.0,0.435
89220.0,0.445
89230.0,0.41
89240.0,0.45
89250.0,0.4600000000000001
89260.0,0.445
89270.0,0.41
89280.0,0.425
89290.0,0.47
89300.0,0.445
89310.0,0.43
89320.0,0.445
89330.0,0.45
89340.0,0.42
89350.0,0.47
89360.0,0.475
89370.0,0.415
89380.0,0.44
89390.0,0.445
89400.0,0.45
89410.0,0.445
89420.0,0.4600000000000001
89430.0,0.43
89440.0,0.445
89450.0,0.455
89460.0,0.505
89470.0,0.51
89480.0,0.51
89490.0,0.52
89500.0,0.495
89510.0,0.53
89520.0,0.54
89530.0,0.5549999999999999
89540.0,0.5349999999999999
89550.0,0.5150000000000001
89560.0,0.52
89570.0,0.55
89580.0,0.5800000000000001
89590.0,0.5549999999999999
89600.0,0.5349999999999999
89610.0,0.5250000000000001
89620.0,0.56
89630.0,0.5700000000000001
89640.0,0.565
89650.0,0.575
89660.0,0.54
89670.0,0.5449999999999999
89680.0,0.575
89690.0,0.5900000000000001
89700.0,0.575
89710.0,0.565
89720.0,0.575
89730.0,0.565
89740.0,0.605
89750.0,0.595
89760.0,0.585
89770.0,0.6100000000000001
89780.0,0.5900000000000001
89790.0,0.5549999999999999
89800.0,0.565
89810.0,0.605
89820.0,0.605
89830.0,0.5900000000000001
89840.0,0.5900000000000001
89850.0,0.565
89860.0,0.5549999999999999
89870.0,0.6000000000000001
89880.0,0.615
89890.0,0.575
89900.0,0.5900000000000001
89910.0,0.5700000000000001
89920.0,0.5700000000000001
89930.0,0.565
89940.0,0.5900000000000001
89950.0,0.6300000000000001
89960.0,0.6200000000000001
89970.0,0.6000000000000001
89980.0,0.6100000000000001
89990.0,0.6000000000000001
90000.0,0.5800000000000001
90010.0,0.6000000000000001
90020.0,0.6000000000000001
90030.0,0.6100000000000001
90040.0,0.6100000000000001
90050.0,0.6100000000000001
90060.0,0.6100000000000001
90070.0,0.6000000000000001
90080.0,0.575
90090.0,0.6100000000000001
90100.0,0.635
90110.0,0.615
90120.0,0.6000000000000001
90130.0,0.5800000000000001
90140.0,0.5900000000000001
90150.0,0.595
90160.0,0.575
90170.0,0.565
90180.0,0.52
90190.0,0.53
90200.0,0.55
90210.0,0.49
90220.0,0.47
90230.0,0.52
90240.0,0.485
90250.0,0.45
90260.0,0.4650000000000001
90270.0,0.485
90280.0,0.4600000000000001
90290.0,0.445
90300.0,0.4600000000000001
90310.0,0.45
90320.0,0.45
90330.0,0.49
90340.0,0.425
90350.0,0.425
90360.0,0.485
90370.0,0.47
90380.0,0.44
90390.0,0.43
90400.0,0.4650000000000001
90410.0,0.435
90420.0,0.425
90430.0,0.48
90440.0,0.43
90450.0,0.45
90460.0,0.455
90470.0,0.44
90480.0,0.43
90490.0,0.445
90500.0,0.41
90510.0,0.42
90520.0,0.455
90530.0,0.435
90540.0,0.42
90550.0,0.4600000000000001
90560.0,0.435
90570.0,0.445
90580.0,0.4650000000000001
90590.0,0.44
90600.0,0.42
90610.0,0.445
90620.0,0.4600000000000001
90630.0,0.41
90640.0,0.44
90650.0,0.435
90660.0,0.425
90670.0,0.45
90680.0,0.44
90690.0,0.43
90700.0,0.445
90710.0,0.455
90720.0,0.435
90730.0,0.415
90740.0,0.45
90750.0,0.44
90760.0,0.435
90770.0,0.45
90780.0,0.44
90790.0,0.425
90800.0,0.455
90810.0,0.435
90820.0,0.435
90830.0,0.45
90840.0,0.44
90850.0,0.415
90860.0,0.45
90870.0,0.415
90880.0,0.44
90890.0,0.42
90900.0,0.43
90910.0,0.44
90920.0,0.415
90930.0,0.47
90940.0,0.43
90950.0,0.43
90960.0,0.44
90970.0,0.425
90980.0,0.4600000000000001
90990.0,0.415
91000.0,0.425
91010.0,0.44
91020.0,0.405
91030.0,0.44
91040.0,0.41
91050.0,0.41
91060.0,0.4650000000000001
91070.0,0.43
91080.0,0.425
91090.0,0.45
91100.0,0.43
91110.0,0.45
91120.0,0.41
91130.0,0.43
91140.0,0.445
91150.0,0.405
91160.0,0.45
91170.0,0.415
91180.0,0.44
91190.0,0.44
91200.0,0.43
91210.0,0.475
91220.0,0.41
91230.0,0.435
91240.0,0.425
91250.0,0.435
91260.0,0.43
91270.0,0.41
91280.0,0.455
91290.0,0.44
91300.0,0.425
91310.0,0.44
91320.0,0.425
91330.0,0.455
91340.0,0.435
91350.0,0.41
91360.0,0.43
91370.0,0.42
91380.0,0.43
91390.0,0.44
91400.0,0.415
91410.0,0.4650000000000001
91420.0,0.435
91430.0,0.43
91440.0,0.4650000000000001
91450.0,0.43
91460.0,0.435
91470.0,0.415
91480.0,0.425
91490.0,0.44
91500.0,0.41
91510.0,0.47
91520.0,0.425
91530.0,0.43
91540.0,0.435
91550.0,0.435
91560.0,0.455
91570.0,0.41
91580.0,0.435
91590.0,0.425
91600.0,0.41
91610.0,0.44
91620.0,0.415
91630.0,0.4650000000000001
91640.0,0.445
91650.0,0.435
91660.0,0.4
91670.0,0.445
91680.0,0.435
91690.0,0.425
91700.0,0.445
91710.0,0.44
91720.0,0.445
91730.0,0.45
91740.0,0.445
91750.0,0.455
91760.0,0.455
91770.0,0.445
91780.0,0.4600000000000001
91790.0,0.4650000000000001
91800.0,0.47
91810.0,0.435
91820.0,0.48
91830.0,0.47
91840.0,0.495
91850.0,0.455
91860.0,0.4650000000000001
91870.0,0.485
91880.0,0.48
91890.0,0.495
91900.0,0.49
91910.0,0.48
91920.0,0.5
91930.0,0.495
91940.0,0.475
91950.0,0.5250000000000001
91960.0,0.51
91970.0,0.49
91980.0,0.495
91990.0,0.51
92000.0,0.505
92010.0,0.5250000000000001
92020.0,0.565
92030.0,0.565
92040.0,0.5150000000000001
92050.0,0.53
92060.0,0.5800000000000001
92070.0,0.5549999999999999
92080.0,0.56
92090.0,0.56
92100.0,0.5549999999999999
92110.0,0.575
92120.0,0.54
92130.0,0.585
92140.0,0.5700000000000001
92150.0,0.565
92160.0,0.5900000000000001
92170.0,0.595
92180.0,0.6000000000000001
92190.0,0.605
92200.0,0.615
92210.0,0.6200000000000001
92220.0,0.6300000000000001
92230.0,0.625
92240.0,0.635
92250.0,0.6300000000000001
92260.0,0.6400000000000001
92270.0,0.615
92280.0,0.6500000000000001
92290.0,0.675
92300.0,0.6400000000000001
92310.0,0.6600000000000001
92320.0,0.6699999999999999
92330.0,0.645
92340.0,0.685
92350.0,0.73
92360.0,0.675
92370.0,0.73
92380.0,0.6799999999999999
92390.0,0.7550000000000001
92400.0,0.69
92410.0,0.7150000000000001
92420.0,0.73
92430.0,0.74
92440.0,0.78
92450.0,0.7550000000000001
92460.0,0.77
92470.0,0.8049999999999999
92480.0,0.7850000000000001
92490.0,0.7750000000000001
92500.0,0.7750000000000001
92510.0,0.78
92520.0,0.7750000000000001
92530.0,0.81
92540.0,0.7949999999999999
92550.0,0.79
92560.0,0.77
92570.0,0.7850000000000001
92580.0,0.76
92590.0,0.7850000000000001
92600.0,0.8300000000000001
92610.0,0.7850000000000001
92620.0,0.79
92630.0,0.77
92640.0,0.78
92650.0,0.7650000000000001
92660.0,0.78
92670.0,0.78
92680.0,0.815
92690.0,0.77
92700.0,0.76
92710.0,0.7750000000000001
92720.0,0.7750000000000001
92730.0,0.77
92740.0,0.76
92750.0,0.74
92760.0,0.7650000000000001
92770.0,0.73
92780.0,0.76
92790.0,0.7350000000000001
92800.0,0.76
92810.0,0.7550000000000001
92820.0,0.79
92830.0,0.72
92840.0,0.76
92850.0,0.7150000000000001
92860.0,0.7550000000000001
92870.0,0.77
92880.0,0.73
92890.0,0.7150000000000001
92900.0,0.7250000000000001
92910.0,0.7450000000000001
92920.0,0.71
92930.0,0.7050000000000001
92940.0,0.73
92950.0,0.74
92960.0,0.7350000000000001
92970.0,0.73
92980.0,0.7550000000000001
92990.0,0.71
93000.0,0.75
93010.0,0.6950000000000001
93020.0,0.7550000000000001
93030.0,0.685
93040.0,0.685
93050.0,0.71
93060.0,0.74
93070.0,0.74
93080.0,0.7
93090.0,0.6950000000000001
93100.0,0.7050000000000001
93110.0,0.665
93120.0,0.665
93130.0,0.7250000000000001
93140.0,0.73
93150.0,0.7250000000000001
93160.0,0.685
93170.0,0.655
93180.0,0.6950000000000001
93190.0,0.665
93200.0,0.685
93210.0,0.655
93220.0,0.71
93230.0,0.69
93240.0,0.675
93250.0,0.69
93260.0,0.6699999999999999
93270.0,0.645
93280.0,0.645
93290.0,0.655
93300.0,0.6600000000000001
93310.0,0.665
93320.0,0.685
93330.0,0.675
93340.0,0.625
93350.0,0.685
93360.0,0.635
93370.0,0.675
93380.0,0.6400000000000001
93390.0,0.655
93400.0,0.645
93410.0,0.625
93420.0,0.635
93430.0,0.6500000000000001
93440.0,0.675
93450.0,0.635
93460.0,0.635
93470.0,0.645
93480.0,0.6500000000000001
93490.0,0.675
93500.0,0.655
93510.0,0.6500000000000001
93520.0,0.6600000000000001
93530.0,0.6500000000000001
93540.0,0.6600000000000001
93550.0,0.6400000000000001
93560.0,0.665
93570.0,0.665
93580.0,0.6699999999999999
93590.0,0.6500000000000001
93600.0,0.685
93610.0,0.7250000000000001
93620.0,0.69
93630.0,0.685
93640.0,0.7
93650.0,0.71
93660.0,0.71
93670.0,0.7
93680.0,0.69
93690.0,0.7150000000000001
93700.0,0.7650000000000001
93710.0,0.7050000000000001
93720.0,0.75
93730.0,0.7150000000000001
93740.0,0.7250000000000001
93750.0,0.7250000000000001
93760.0,0.76
93770.0,0.77
93780.0,0.77
93790.0,0.815
93800.0,0.7850000000000001
93810.0,0.8200000000000001
93820.0,0.79
93830.0,0.7750000000000001
93840.0,0.81
93850.0,0.825
93860.0,0.8049999999999999
93870.0,0.825
93880.0,0.7949999999999999
93890.0,0.8400000000000001
93900.0,0.885
93910.0,0.8500000000000001
93920.0,0.865
93930.0,0.8700000000000001
93940.0,0.835
93950.0,0.8500000000000001
93960.0,0.885
93970.0,0.8900000000000001
93980.0,0.865
93990.0,0.895
94000.0,0.875
94010.0,0.895
94020.0,0.885
94030.0,0.94
94040.0,0.91
94050.0,0.91
94060.0,0.91
94070.0,0.91
94080.0,0.905
94090.0,0.94
94100.0,0.8700000000000001
94110.0,0.905
94120.0,0.885
94130.0,0.935
94140.0,0.9000000000000001
94150.0,0.865
94160.0,0.92
94170.0,0.8900000000000001
94180.0,0.895
94190.0,0.895
94200.0,0.925
94210.0,0.8900000000000001
94220.0,0.885
94230.0,0.8800000000000001
94240.0,0.845
94250.0,0.8900000000000001
94260.0,0.91
94270.0,0.8800000000000001
94280.0,0.8700000000000001
94290.0,0.8400000000000001
94300.0,0.875
94310.0,0.8500000000000001
94320.0,0.865
94330.0,0.865
94340.0,0.8600000000000001
94350.0,0.865
94360.0,0.855
94370.0,0.8600000000000001
94380.0,0.8200000000000001
94390.0,0.8700000000000001
94400.0,0.8300000000000001
94410.0,0.885
94420.0,0.8500000000000001
94430.0,0.8400000000000001
94440.0,0.875
94450.0,0.845
94460.0,0.81
94470.0,0.835
94480.0,0.8400000000000001
94490.0,0.8400000000000001
94500.0,0.8300000000000001
94510.0,0.8200000000000001
94520.0,0.8
94530.0,0.7949999999999999
94540.0,0.825
94550.0,0.8049999999999999
94560.0,0.81
94570.0,0.8049999999999999
94580.0,0.78
94590.0,0.8
94600.0,0.81
94610.0,0.7750000000000001
94620.0,0.8
94630.0,0.81
94640.0,0.8300000000000001
94650.0,0.8300000000000001
94660.0,0.79
94670.0,0.7850000000000001
94680.0,0.79
94690.0,0.7850000000000001
94700.0,0.77
94710.0,0.81
94720.0,0.76
94730.0,0.74
94740.0,0.74
94750.0,0.7550000000000001
94760.0,0.7750000000000001
94770.0,0.7949999999999999
94780.0,0.73
94790.0,0.75
94800.0,0.7250000000000001
94810.0,0.75
94820.0,0.74
94830.0,0.74
94840.0,0.76
94850.0,0.7550000000000001
94860.0,0.69
94870.0,0.7250000000000001
94880.0,0.72
94890.0,0.685
94900.0,0.71
94910.0,0.685
94920.0,0.71
94930.0,0.7
94940.0,0.7
94950.0,0.7
94960.0,0.675
94970.0,0.685
94980.0,0.6600000000000001
94990.0,0.7150000000000001
95000.0,0.685
95010.0,0.655
95020.0,0.675
95030.0,0.655
95040.0,0.6500000000000001
95050.0,0.6500000000000001
95060.0,0.6500000000000001
95070.0,0.6600000000000001
95080.0,0.645
95090.0,0.6600000000000001
95100.0,0.6799999999999999
95110.0,0.6500000000000001
95120.0,0.6200000000000001
95130.0,0.655
95140.0,0.655
95150.0,0.635
95160.0,0.6400000000000001
95170.0,0.6200000000000001
95180.0,0.6400000000000001
95190.0,0.6100000000000001
95200.0,0.655
95210.0,0.655
95220.0,0.6300000000000001
95230.0,0.645
95240.0,0.625
95250.0,0.6200000000000001
95260.0,0.6100000000000001
95270.0,0.585
95280.0,0.615
95290.0,0.6400000000000001
95300.0,0.6000000000000001
95310.0,0.605
95320.0,0.595
95330.0,0.6000000000000001
95340.0,0.595
95350.0,0.585
95360.0,0.5900000000000001
95370.0,0.585
95380.0,0.6100000000000001
95390.0,0.575
95400.0,0.5700000000000001
95410.0,0.56
95420.0,0.575
95430.0,0.585
95440.0,0.605
95450.0,0.56
95460.0,0.5800000000000001
95470.0,0.575
95480.0,0.5800000000000001
95490.0,0.585
95500.0,0.5800000000000001
95510.0,0.595
95520.0,0.565
95530.0,0.55
95540.0,0.5449999999999999
95550.0,0.56
95560.0,0.565
95570.0,0.565
95580.0,0.5449999999999999
95590.0,0.595
95600.0,0.5549999999999999
95610.0,0.565
95620.0,0.56
95630.0,0.55
95640.0,0.575
95650.0,0.6000000000000001
95660.0,0.575
95670.0,0.5449999999999999
95680.0,0.5449999999999999
95690.0,0.54
95700.0,0.565
95710.0,0.5800000000000001
95720.0,0.575
95730.0,0.575
95740.0,0.575
95750.0,0.5800000000000001
95760.0,0.595
95770.0,0.5800000000000001
95780.0,0.595
95790.0,0.565
95800.0,0.585
95810.0,0.5800000000000001
95820.0,0.595
95830.0,0.5900000000000001
95840.0,0.5900000000000001
95850.0,0.605
95860.0,0.6000000000000001
95870.0,0.6000000000000001
95880.0,0.635
95890.0,0.605
95900.0,0.6200000000000001
95910.0,0.615
95920.0,0.6100000000000001
95930.0,0.6200000000000001
95940.0,0.6200000000000001
95950.0,0.5900000000000001
95960.0,0.615
95970.0,0.625
95980.0,0.6600000000000001
95990.0,0.6600000000000001
96000.0,0.6000000000000001
96010.0,0.6400000000000001
96020.0,0.635
96030.0,0.6100000000000001
96040.0,0.6799999999999999
96050.0,0.6400000000000001
96060.0,0.635
96070.0,0.6699999999999999
96080.0,0.6500000000000001
96090.0,0.665
96100.0,0.6600000000000001
96110.0,0.69
96120.0,0.685
96130.0,0.6950000000000001
96140.0,0.69
96150.0,0.685
96160.0,0.69
96170.0,0.69
96180.0,0.655
96190.0,0.675
96200.0,0.7250000000000001
96210.0,0.7
96220.0,0.665
96230.0,0.7150000000000001
96240.0,0.7050000000000001
96250.0,0.7050000000000001
96260.0,0.69
96270.0,0.7250000000000001
96280.0,0.6950000000000001
96290.0,0.6950000000000001
96300.0,0.7050000000000001
96310.0,0.7350000000000001
96320.0,0.74
96330.0,0.77
96340.0,0.74
96350.0,0.7550000000000001
96360.0,0.7650000000000001
96370.0,0.7350000000000001
96380.0,0.7450000000000001
96390.0,0.78
96400.0,0.79
96410.0,0.7850000000000001
96420.0,0.76
96430.0,0.8049999999999999
96440.0,0.8
96450.0,0.845
96460.0,0.7850000000000001
96470.0,0.815
96480.0,0.8300000000000001
96490.0,0.8300000000000001
96500.0,0.8300000000000001
96510.0,0.815
96520.0,0.835
96530.0,0.8500000000000001
96540.0,0.895
96550.0,0.835
96560.0,0.855
96570.0,0.845
96580.0,0.875
96590.0,0.885
96600.0,0.8900000000000001
96610.0,0.94
96620.0,0.9000000000000001
96630.0,0.8800000000000001
96640.0,0.92
96650.0,0.915
96660.0,0.8900000000000001
96670.0,0.93
96680.0,0.9000000000000001
96690.0,0.93
96700.0,0.9000000000000001
96710.0,0.935
96720.0,0.93
96730.0,0.93
96740.0,0.9000000000000001
96750.0,0.9000000000000001
96760.0,0.925
96770.0,0.94
96780.0,0.925
96790.0,0.935
96800.0,0.915
96810.0,0.905
96820.0,0.895
96830.0,0.91
96840.0,0.93
96850.0,0.885
96860.0,0.925
96870.0,0.875
96880.0,0.8900000000000001
96890.0,0.8800000000000001
96900.0,0.945
96910.0,0.93
96920.0,0.94
96930.0,0.8800000000000001
96940.0,0.915
96950.0,0.8700000000000001
96960.0,0.895
96970.0,0.885
96980.0,0.9000000000000001
96990.0,0.865
97000.0,0.855
97010.0,0.8900000000000001
97020.0,0.92
97030.0,0.885
97040.0,0.8700000000000001
97050.0,0.875
97060.0,0.8500000000000001
97070.0,0.875
97080.0,0.8800000000000001
97090.0,0.865
97100.0,0.8400000000000001
97110.0,0.8600000000000001
97120.0,0.865
97130.0,0.865
97140.0,0.8900000000000001
97150.0,0.855
97160.0,0.845
97170.0,0.815
97180.0,0.8600000000000001
97190.0,0.835
97200.0,0.865
97210.0,0.845
97220.0,0.825
97230.0,0.8300000000000001
97240.0,0.8400000000000001
97250.0,0.835
97260.0,0.825
97270.0,0.79
97280.0,0.8049999999999999
97290.0,0.8500000000000001
97300.0,0.8600000000000001
97310.0,0.81
97320.0,0.8300000000000001
97330.0,0.7850000000000001
97340.0,0.815
97350.0,0.78
97360.0,0.815
97370.0,0.7750000000000001
97380.0,0.8
97390.0,0.77
97400.0,0.79
97410.0,0.77
97420.0,0.77
97430.0,0.8
97440.0,0.8049999999999999
97450.0,0.79
97460.0,0.7850000000000001
97470.0,0.8049999999999999
97480.0,0.7949999999999999
97490.0,0.76
97500.0,0.7750000000000001
97510.0,0.7650000000000001
97520.0,0.79
97530.0,0.7450000000000001
97540.0,0.78
97550.0,0.7650000000000001
97560.0,0.77
97570.0,0.75
97580.0,0.7650000000000001
97590.0,0.7350000000000001
97600.0,0.74
97610.0,0.77
97620.0,0.7850000000000001
97630.0,0.78
97640.0,0.7550000000000001
97650.0,0.7250000000000001
97660.0,0.7450000000000001
97670.0,0.7550000000000001
97680.0,0.77
97690.0,0.72
97700.0,0.7350000000000001
97710.0,0.75
97720.0,0.7350000000000001
97730.0,0.7550000000000001
97740.0,0.7850000000000001
97750.0,0.7450000000000001
97760.0,0.7150000000000001
97770.0,0.7150000000000001
97780.0,0.7250000000000001
97790.0,0.7350000000000001
97800.0,0.7050000000000001
97810.0,0.7350000000000001
97820.0,0.72
97830.0,0.6950000000000001
97840.0,0.73
97850.0,0.72
97860.0,0.7050000000000001
97870.0,0.7250000000000001
97880.0,0.7150000000000001
97890.0,0.7250000000000001
97900.0,0.7150000000000001
97910.0,0.7350000000000001
97920.0,0.69
97930.0,0.71
97940.0,0.7150000000000001
97950.0,0.685
97960.0,0.7
97970.0,0.7050000000000001
97980.0,0.7050000000000001
97990.0,0.7150000000000001
98000.0,0.6799999999999999
98010.0,0.7
98020.0,0.6950000000000001
98030.0,0.69
98040.0,0.6950000000000001
98050.0,0.675
98060.0,0.6950000000000001
98070.0,0.665
98080.0,0.685
98090.0,0.6600000000000001
98100.0,0.675
98110.0,0.7150000000000001
98120.0,0.69
98130.0,0.655
98140.0,0.71
98150.0,0.69
98160.0,0.6799999999999999
98170.0,0.675
98180.0,0.6699999999999999
98190.0,0.675
98200.0,0.675
98210.0,0.665
98220.0,0.6799999999999999
98230.0,0.6699999999999999
98240.0,0.645
98250.0,0.6699999999999999
98260.0,0.6600000000000001
98270.0,0.6699999999999999
98280.0,0.645
98290.0,0.6500000000000001
98300.0,0.685
98310.0,0.635
98320.0,0.655
98330.0,0.655
98340.0,0.655
98350.0,0.6400000000000001
98360.0,0.625
98370.0,0.6100000000000001
98380.0,0.605
98390.0,0.6000000000000001
98400.0,0.5800000000000001
98410.0,0.5800000000000001
98420.0,0.575
98430.0,0.5700000000000001
98440.0,0.565
98450.0,0.56
98460.0,0.5549999999999999
98470.0,0.55
98480.0,0.5449999999999999
98490.0,0.5449999999999999
98500.0,0.5449999999999999
98510.0,0.5349999999999999
98520.0,0.5349999999999999
98530.0,0.5349999999999999
98540.0,0.53
98550.0,0.5250000000000001
98560.0,0.53
98570.0,0.53
98580.0,0.52
98590.0,0.52
98600.0,0.5150000000000001
98610.0,0.5150000000000001
98620.0,0.51
98630.0,0.51
98640.0,0.51
98650.0,0.505
98660.0,0.51
98670.0,0.505
98680.0,0.5
98690.0,0.505
98700.0,0.5
98710.0,0.495
98720.0,0.5
98730.0,0.5
98740.0,0.495
98750.0,0.49
98760.0,0.49
98770.0,0.485
98780.0,0.485
98790.0,0.48
98800.0,0.48
98810.0,0.475
98820.0,0.475
98830.0,0.47
98840.0,0.475
98850.0,0.475
98860.0,0.47
98870.0,0.475
98880.0,0.47
98890.0,0.4650000000000001
98900.0,0.4600000000000001
98910.0,0.4600000000000001
98920.0,0.4650000000000001
98930.0,0.4600000000000001
98940.0,0.455
98950.0,0.45
98960.0,0.455
98970.0,0.45
98980.0,0.45
98990.0,0.45
99000.0,0.45
99010.0,0.45
99020.0,0.445
99030.0,0.445
99040.0,0.44
99050.0,0.445
99060.0,0.44
99070.0,0.44
99080.0,0.435
99090.0,0.44
99100.0,0.435
99110.0,0.43
99120.0,0.43
99130.0,0.43
99140.0,0.425
99150.0,0.425
99160.0,0.42
99170.0,0.42
99180.0,0.415
99190.0,0.42
99200.0,0.42
99210.0,0.42
99220.0,0.415
99230.0,0.415
99240.0,0.415
99250.0,0.42
99260.0,0.415
99270.0,0.405
99280.0,0.405
99290.0,0.405
99300.0,0.405
99310.0,0.4
99320.0,0.405
99330.0,0.4
99340.0,0.395
99350.0,0.395
99360.0,0.395
99370.0,0.395
99380.0,0.395
99390.0,0.395
99400.0,0.385
99410.0,0.39
99420.0,0.385
99430.0,0.385
99440.0,0.38
99450.0,0.385
99460.0,0.385
99470.0,0.38
99480.0,0.38
99490.0,0.375
99500.0,0.38
99510.0,0.375
99520.0,0.375
99530.0,0.375
99540.0,0.375
99550.0,0.375
99560.0,0.37
99570.0,0.37
99580.0,0.37
99590.0,0.365
99600.0,0.37
99610.0,0.365
99620.0,0.365
99630.0,0.365
99640.0,0.365
99650.0,0.36
99660.0,0.365
99670.0,0.355
99680.0,0.36
99690.0,0.35
99700.0,0.355
99710.0,0.36
99720.0,0.355
99730.0,0.35
99740.0,0.355
99750.0,0.35
99760.0,0.345
99770.0,0.345
99780.0,0.3400000000000001
99790.0,0.35
99800.0,0.35
99810.0,0.3400000000000001
99820.0,0.3400000000000001
99830.0,0.3400000000000001
99840.0,0.3400000000000001
99850.0,0.3350000000000001
99860.0,0.3350000000000001
99870.0,0.3400000000000001
99880.0,0.3350000000000001
99890.0,0.3400000000000001
99900.0,0.33
99910.0,0.33
99920.0,0.33
99930.0,0.33
99940.0,0.325
99950.0,0.32
99960.0,0.32
99970.0,0.32
99980.0,0.32
99990.0,0.32
100000.0,0.32
100010.0,0.32
100020.0,0.32
100030.0,0.315
100040.0,0.32
100050.0,0.315
100060.0,0.31
100070.0,0.32
100080.0,0.32
100090.0,0.31
100100.0,0.315
100110.0,0.31
100120.0,0.31
100130.0,0.31
100140.0,0.3
100150.0,0.305
100160.0,0.3
100170.0,0.305
100180.0,0.305
100190.0,0.295
100200.0,0.3
100210.0,0.3
100220.0,0.3
100230.0,0.295
100240.0,0.295
100250.0,0.295
100260.0,0.295
100270.0,0.295
100280.0,0.295
100290.0,0.285
100300.0,0.29
100310.0,0.285
100320.0,0.29
100330.0,0.29
100340.0,0.29
100350.0,0.285
100360.0,0.29
100370.0,0.28
100380.0,0.285
100390.0,0.28
100400.0,0.28
100410.0,0.275
100420.0,0.28
100430.0,0.275
100440.0,0.275
100450.0,0.27
100460.0,0.275
100470.0,0.27
100480.0,0.275
100490.0,0.27
100500.0,0.27
100510.0,0.27
100520.0,0.27
100530.0,0.27
100540.0,0.265
100550.0,0.265
100560.0,0.265
100570.0,0.265
100580.0,0.26
100590.0,0.265
100600.0,0.265
100610.0,0.255
100620.0,0.26
100630.0,0.26
100640.0,0.26
100650.0,0.255
100660.0,0.255
100670.0,0.26
100680.0,0.26
100690.0,0.255
100700.0,0.255
100710.0,0.255
100720.0,0.255
100730.0,0.255
100740.0,0.25
100750.0,0.255
100760.0,0.245
100770.0,0.25
100780.0,0.25
100790.0,0.245
100800.0,0.24
100810.0,0.25
100820.0,0.245
100830.0,0.245
100840.0,0.245
100850.0,0.25
100860.0,0.245
100870.0,0.245
100880.0,0.24
100890.0,0.24
100900.0,0.24
100910.0,0.24
100920.0,0.235
100930.0,0.24
100940.0,0.235
100950.0,0.24
100960.0,0.235
100970.0,0.235
100980.0,0.235
100990.0,0.235
101000.0,0.235
101010.0,0.24
101020.0,0.235
101030.0,0.2299999999999999
101040.0,0.235
101050.0,0.2299999999999999
101060.0,0.2249999999999999
101070.0,0.2299999999999999
101080.0,0.2299999999999999
101090.0,0.2249999999999999
101100.0,0.2249999999999999
101110.0,0.2249999999999999
101120.0,0.2299999999999999
101130.0,0.2249999999999999
101140.0,0.2199999999999999
101150.0,0.2299999999999999
101160.0,0.2249999999999999
101170.0,0.2249999999999999
101180.0,0.2199999999999999
101190.0,0.2199999999999999
101200.0,0.2249999999999999
101210.0,0.2199999999999999
101220.0,0.2149999999999999
101230.0,0.2149999999999999
101240.0,0.2199999999999999
101250.0,0.2199999999999999
101260.0,0.2199999999999999
101270.0,0.2199999999999999
101280.0,0.2149999999999999
101290.0,0.2149999999999999
101300.0,0.21
101310.0,0.2149999999999999
101320.0,0.205
101330.0,0.21
101340.0,0.2149999999999999
101350.0,0.2149999999999999
101360.0,0.21
101370.0,0.21
101380.0,0.2149999999999999
101390.0,0.2149999999999999
101400.0,0.21
101410.0,0.205
101420.0,0.205
101430.0,0.205
101440.0,0.205
101450.0,0.205
101460.0,0.205
101470.0,0.205
101480.0,0.2
101490.0,0.2
101500.0,0.205
101510.0,0.2
101520.0,0.195
101530.0,0.2
101540.0,0.2
101550.0,0.195
101560.0,0.2
101570.0,0.2
101580.0,0.2
101590.0,0.2
101600.0,0.195
101610.0,0.195
101620.0,0.195
101630.0,0.195
101640.0,0.19
101650.0,0.195
101660.0,0.195
101670.0,0.19
101680.0,0.19
101690.0,0.195
101700.0,0.19
101710.0,0.19
101720.0,0.19
101730.0,0.185
101740.0,0.19
101750.0,0.185
101760.0,0.19
101770.0,0.19
101780.0,0.19
101790.0,0.185
101800.0,0.185
101810.0,0.185
101820.0,0.19
101830.0,0.185
101840.0,0.185
101850.0,0.185
101860.0,0.185
101870.0,0.185
101880.0,0.18
101890.0,0.18
101900.0,0.18
101910.0,0.175
101920.0,0.18
101930.0,0.18
101940.0,0.18
101950.0,0.18
101960.0,0.175
101970.0,0.18
101980.0,0.18
101990.0,0.18
102000.0,0.175
102010.0,0.175
102020.0,0.175
102030.0,0.175
102040.0,0.175
102050.0,0.175
102060.0,0.17
102070.0,0.17
102080.0,0.175
102090.0,0.175
102100.0,0.165
102110.0,0.17
102120.0,0.165
102130.0,0.17
102140.0,0.165
102150.0,0.17
102160.0,0.165
102170.0,0.165
102180.0,0.165
102190.0,0.165
102200.0,0.175
102210.0,0.17
102220.0,0.165
102230.0,0.175
102240.0,0.165
102250.0,0.17
102260.0,0.165
102270.0,0.165
102280.0,0.165
102290.0,0.16
102300.0,0.16
102310.0,0.165
102320.0,0.16
102330.0,0.165
102340.0,0.16
102350.0,0.16
102360.0,0.16
102370.0,0.16
102380.0,0.155
102390.0,0.155
102400.0,0.16
102410.0,0.155
102420.0,0.155
102430.0,0.155
102440.0,0.16
102450.0,0.15
102460.0,0.155
102470.0,0.16
102480.0,0.155
102490.0,0.155
102500.0,0.15
102510.0,0.155
102520.0,0.15
102530.0,0.145
102540.0,0.155
102550.0,0.15
102560.0,0.155
102570.0,0.155
102580.0,0.155
102590.0,0.155
102600.0,0.15
102610.0,0.145
102620.0,0.15
102630.0,0.15
102640.0,0.15
102650.0,0.15
102660.0,0.145
102670.0,0.15
102680.0,0.145
102690.0,0.15
102700.0,0.145
102710.0,0.145
102720.0,0.14
102730.0,0.145
102740.0,0.14
102750.0,0.145
102760.0,0.145
102770.0,0.145
102780.0,0.14
102790.0,0.145
102800.0,0.14
102810.0,0.14
102820.0,0.145
102830.0,0.14
102840.0,0.14
102850.0,0.14
102860.0,0.135
102870.0,0.145
102880.0,0.14
102890.0,0.14
102900.0,0.14
102910.0,0.13
102920.0,0.14
102930.0,0.135
102940.0,0.135
102950.0,0.135
102960.0,0.135
102970.0,0.14
102980.0,0.135
102990.0,0.135
103000.0,0.135
103010.0,0.135
103020.0,0.135
103030.0,0.13
103040.0,0.135
103050.0,0.135
103060.0,0.135
103070.0,0.14
103080.0,0.13
103090.0,0.135
103100.0,0.135
103110.0,0.13
103120.0,0.13
103130.0,0.135
103140.0,0.13
103150.0,0.13
103160.0,0.125
103170.0,0.135
103180.0,0.13
103190.0,0.125
103200.0,0.13
103210.0,0.125
103220.0,0.125
103230.0,0.125
103240.0,0.125
103250.0,0.125
103260.0,0.125
103270.0,0.125
103280.0,0.12
103290.0,0.125
103300.0,0.125
103310.0,0.125
103320.0,0.125
103330.0,0.125
103340.0,0.125
103350.0,0.125
103360.0,0.12
103370.0,0.125
103380.0,0.125
103390.0,0.12
103400.0,0.12
103410.0,0.12
103420.0,0.125
103430.0,0.125
103440.0,0.125
103450.0,0.1149999999999999
103460.0,0.12
103470.0,0.125
103480.0,0.1149999999999999
103490.0,0.12
103500.0,0.1149999999999999
103510.0,0.1149999999999999
103520.0,0.1149999999999999
103530.0,0.12
103540.0,0.1149999999999999
103550.0,0.1149999999999999
103560.0,0.1149999999999999
103570.0,0.1149999999999999
103580.0,0.1099999999999999
103590.0,0.12
103600.0,0.1099999999999999
103610.0,0.1149999999999999
103620.0,0.1149999999999999
103630.0,0.1099999999999999
103640.0,0.1149999999999999
103650.0,0.1149999999999999
103660.0,0.1099999999999999
103670.0,0.1149999999999999
103680.0,0.12
103690.0,0.1149999999999999
103700.0,0.1099999999999999
103710.0,0.1149999999999999
103720.0,0.1099999999999999
103730.0,0.1149999999999999
103740.0,0.1099999999999999
103750.0,0.1099999999999999
103760.0,0.1099999999999999
103770.0,0.1149999999999999
103780.0,0.1149999999999999
103790.0,0.1099999999999999
103800.0,0.1049999999999999
103810.0,0.1099999999999999
103820.0,0.1099999999999999
103830.0,0.1099999999999999
103840.0,0.1099999999999999
103850.0,0.1049999999999999
103860.0,0.1149999999999999
103870.0,0.1099999999999999
103880.0,0.1099999999999999
103890.0,0.1099999999999999
103900.0,0.1049999999999999
103910.0,0.1099999999999999
103920.0,0.1049999999999999
103930.0,0.1099999999999999
103940.0,0.1049999999999999
103950.0,0.1049999999999999
103960.0,0.1049999999999999
103970.0,0.1099999999999999
103980.0,0.1099999999999999
103990.0,0.1099999999999999
104000.0,0.1099999999999999
104010.0,0.1049999999999999
104020.0,0.1049999999999999
104030.0,0.1099999999999999
104040.0,0.0999999999999999
104050.0,0.1049999999999999
104060.0,0.1049999999999999
104070.0,0.1049999999999999
104080.0,0.1049999999999999
104090.0,0.1099999999999999
104100.0,0.1049999999999999
104110.0,0.1049999999999999
104120.0,0.1049999999999999
104130.0,0.1049999999999999
104140.0,0.1049999999999999
104150.0,0.1049999999999999
104160.0,0.1049999999999999
104170.0,0.0999999999999999
104180.0,0.1049999999999999
104190.0,0.1049999999999999
104200.0,0.1049999999999999
104210.0,0.0999999999999999
104220.0,0.1049999999999999
104230.0,0.0949999999999999
104240.0,0.0999999999999999
104250.0,0.0999999999999999
104260.0,0.0999999999999999
104270.0,0.0999999999999999
104280.0,0.0999999999999999
104290.0,0.0949999999999999
104300.0,0.0999999999999999
104310.0,0.0999999999999999
104320.0,0.0949999999999999
104330.0,0.0999999999999999
104340.0,0.0999999999999999
104350.0,0.0949999999999999
104360.0,0.0949999999999999
104370.0,0.0999999999999999
104380.0,0.0999999999999999
104390.0,0.0949999999999999
104400.0,0.0999999999999999
104410.0,0.0999999999999999
104420.0,0.0999999999999999
104430.0,0.0949999999999999
104440.0,0.0949999999999999
104450.0,0.1049999999999999
104460.0,0.0999999999999999
104470.0,0.0949999999999999
104480.0,0.0999999999999999
104490.0,0.0999999999999999
104500.0,0.0949999999999999
104510.0,0.0949999999999999
104520.0,0.0949999999999999
104530.0,0.0999999999999999
104540.0,0.0949999999999999
104550.0,0.0949999999999999
104560.0,0.0949999999999999
104570.0,0.0949999999999999
104580.0,0.0949999999999999
104590.0,0.0949999999999999
104600.0,0.0899999999999999
104610.0,0.0899999999999999
104620.0,0.0949999999999999
104630.0,0.0899999999999999
104640.0,0.0999999999999999
104650.0,0.0899999999999999
104660.0,0.0999999999999999
104670.0,0.0949999999999999
104680.0,0.0899999999999999
104690.0,0.0899999999999999
104700.0,0.0949999999999999
104710.0,0.0949999999999999
104720.0,0.0949999999999999
104730.0,0.0899999999999999
104740.0,0.085
104750.0,0.0949999999999999
104760.0,0.0899999999999999
104770.0,0.0899999999999999
104780.0,0.0899999999999999
104790.0,0.0899999999999999
104800.0,0.0899999999999999
104810.0,0.0949999999999999
104820.0,0.0899999999999999
104830.0,0.085
