:020000043200C8
:10000000000001343D0D0012C30C0012C90C001297
:10001000C10C0012C90C0012C90C00120000000033
:10002000000000000000000000000000C90C0012E9
:100030000000000000000000C10C0012F1140012CA
:10004000E10C0012E10C0012E10C0012E10C0012B4
:10005000E10C0012E10C0012E10C0012E10C0012A4
:10006000E10C0012E10C0012000000000000000092
:100070000000000000000000000000000000000080
:100080000000000000000000000000000000000070
:100090000000000000000000000000000000000060
:1000A0000000000000000000000000000000000050
:1000B0000000000000000000000000000000000040
:1000C0000000000000000000000000000000000030
:1000D0000000000000000000000000000000000020
:1000E0000000000000000000000000000000000010
:1000F0000000000000000000000000000000000000
:1001000000000000000000000000000000000000EF
:1001100000000000000000000000000000000000DF
:1001200000000000000000000000000000000000CF
:1001300000000000000000000000000000000000BF
:1001400000000000000000000000000000000000AF
:10015000000000000000000000000000000000009F
:10016000000000000000000000000000000000008F
:10017000000000000000000000000000000000007F
:10018000000000000000000000000000000000006F
:10019000000000000000000000000000000000005F
:1001A000000000000000000000000000000000004F
:1001B000000000000000000000000000000000003F
:1001C000000000000000000000000000000000002F
:1001D000000000000000000000000000000000001F
:1001E000000000000000000000000000000000000F
:1001F00000000000000000000000000000000000FF
:1002000000000000000000000000000000000000EE
:1002100000000000000000000000000000000000DE
:1002200000000000000000000000000000000000CE
:1002300000000000000000000000000000000000BE
:1002400000000000000000000000000000000000AE
:10025000000000000000000000000000000000009E
:10026000000000000000000000000000000000008E
:100270000348044B834202D0034B03B11847704735
:10028000200C0034200C003400000000064B07490D
:10029000C91A891048BF0131491003D0044B0BB172
:1002A00001481847704700BF200C0034200C003470
:1002B0000000000010B5064C237843B9FFF7D8FFC3
:1002C000044B13B10448AFF300800123237010BD29
:1002D000980C00340000000050EA001208B5054BED
:1002E0001BB105490548AFF30080BDE80840FFF7A2
:1002F000CDBF00BF000000009C0C003450EA00128B
:10030000A3F5803A704700BF174B002B08BF134B73
:100310009D46FFF7F5FF00218B460F461348144A10
:10032000121A0CF063FF0E4B002B00D098470D4BB8
:10033000002B00D098470020002104000D000D483C
:10034000002802D00C48AFF300800CF05DFF2000C5
:10035000290000F00EFE0CF037FF00BF000008007F
:1003600000000000E70D001200000134980C00347A
:100370009C88003400000000000000001D4B1B6A38
:1003800013F4407F35D11C4BD3F89C35002B30DB68
:100390000B884A7AC3F30B0343EA82738A7A00F527
:1003A000003043EAC2738A784030120392B213439A
:1003B000CA78120402F4403213430A79920402F418
:1003C000402213434A79120502F4401213438A79FA
:1003D000920502F440021343CA79120602F07062D9
:1003E00013430A7A120702F040521343034A42F8B9
:1003F000203070470000BD520000B8520000B052DB
:100400007FB56A46224B1868596803C29868196913
:100410001060D86803AA03C25869694610600020BA
:10042000FFF7ACFF03A90120FFF7A8FF4FF47A7193
:10043000002007F021FC0021164A174B1360174BD0
:1004400019701749516001215970164991600821AE
:1004500099701549D1600921D9701449116107219A
:100460001971134951610521597112499161022194
:1004700099711149D1610421D97110491162062184
:1004800019720F49516203225A7207B05DF804FBDA
:10049000B8D20012B40C00341005B852DC0C003491
:1004A0001805B8523005B8523805B8524005B85250
:1004B0001405B8522005B8523405B8523C05B8525C
:1004C0006005B85210B586B06A46214B0124986980
:1004D000D96903C2186A996A1060586A03AA03C2EC
:1004E000D86A694610600020FFF748FF03A9012081
:1004F000FFF744FF4FF47A71002007F0BDFB0021A5
:10050000144B154A1970154915485160022159704C
:100510001449106091605061042105209970587150
:1005200011491248D1609061116208200621DC70E7
:1005300098710F4C0F4819720F491461D06107244C
:100540000920516203221C71D8715A7206B010BD85
:10055000B8D20012DC0C0034B40C00342005B852C0
:100560001C05B8523405B8523C05B8523005B85293
:100570004005B8523805B8526005B8527722014B91
:100580005A6570470000A0520722014B5A65704718
:100590000000A05208B500F037FA00F01CF800F097
:1005A00059F800F069F9BDE8084000F0AFB808B5A7
:1005B00000F02CFB00F04BF800F04AF800F0A4F833
:1005C000BDE8084000F056B908B5FFF7E3FFBDE805
:1005D0000840FFF7ECBF002208B511464FF4A060B9
:1005E00008F0E6FA00234FF4A0601A46194608F016
:1005F0007DF900224FF4A060114608F095FA01221F
:1006000000214FF4A06008F0D3FA012300211A461C
:100610004FF4A06008F06AF9012200214FF4A060B5
:1006200008F082FA022200214FF4A06008F0C0FA1C
:100630000323022200214FF4A06008F057F9BDE81F
:100640000840022200214FF4A06008F06DBA704704
:100650007047FEE710B52A4807F06AF9044608B16A
:10066000FFF7F7FF024601464FF4A06008F0E0FAFA
:10067000244B2246C3F80048214640F2015008F0BE
:10068000D7FA2146012240F2025008F0D1FA224660
:10069000214640F2045008F0CBFA2246214640F2AF
:1006A000055008F0C5FA2246214640F2065008F0EF
:1006B000BFFA2246214640F2075008F0B9FA224616
:1006C00021464FF4A16008F0B3FA2246214640F2D9
:1006D000095008F0ADFA2246214640F20A5008F0CF
:1006E000A7FA2146022240F20B5008F0A1FA224656
:1006F0002146BDE8104040F2145008F099BA00BFFE
:10070000DCDB00120000A9527047000010B5404C1D
:10071000022120463F4A07F03FF8032120463E4A87
:1007200004F5C07407F038F8002120463B4A07F072
:1007300033F8012120463A4A07F02EF802212046DC
:10074000384A07F029F803212046374A07F024F8F1
:1007500004212046354A07F01FF805212046344A77
:1007600007F01AF806212046324A07F015F807214B
:100770002046314A04F5C07407F00EF804212046E3
:100780002E4A07F009F8052120462D4A07F004F803
:10079000062120462B4A803406F0FEFF0021204629
:1007A000294A06F0F9FF02212046284A06F0F4FF04
:1007B00003212046264A06F0EFFF04212046254A61
:1007C00006F0EAFF05212046234A803406F0E4FFC4
:1007D00000212046214A06F0DFFF01212046204A61
:1007E00006F0DAFF022120461E4A06F0D5FF03215B
:1007F00020461D4A06F0D0FF042120461B4A06F081
:10080000CBFF2046BDE810400521194A06F0C4BFC1
:100810008000415218DD001250DD001248DF001246
:1008200080DF0012B8DF0012F0DF001228E00012B3
:1008300060E0001288DD001210DF001230DE0012CE
:1008400068DE0012A0DE0012D8DE001278E100128D
:10085000B0E10012E8E1001220E2001298E000127C
:10086000D0E0001208E1001240E10012F8DD0012B1
:10087000C0DD001270470000002310B51A464FF08B
:10088000804170200AF0A2F9002349491A467120DC
:100890000AF09CF9002347491A4640F621200AF045
:1008A00095F9002344491A4640F628200AF08EF9AB
:1008B000002342491A4640F62A200AF087F900230D
:1008C0003F491A4640F635200AF080F900233D4999
:1008D0001A4640F636200AF079F900233A491A46BA
:1008E00040F637200AF072F9002338491A4640F6DC
:1008F0004B500AF06BF9002335491A4640F64C502C
:100900000AF064F9002333491A4640F609600AF0F8
:100910005DF9002330491A4640F60A600AF056F99C
:1009200000232E491A4640F23D200AF04FF90023D9
:100930002B491A4640F245200AF048F9002329497C
:100940001A4640F246200AF041F9002326491A4689
:1009500040F247200AF03AF9002324491A464FF49E
:1009600012700AF033F9002321491A4640F2492057
:100970000AF02CF900231F491A4640F24A200AF0D7
:1009800025F900231C491A4640F24D200AF01EF9B1
:1009900000231A491A4640F24E200AF017F9BDE822
:1009A0001040002340F24F201A4615490AF00EB9B4
:1009B00001000040070A0040060A0040050A004006
:1009C000040A0040080A0040090A0040000D0040E7
:1009D000010D0040000E0040010E00402B020040BF
:1009E0000F02004011020040130200402A020040A2
:1009F00028020040290200400E0200401002004080
:100A000012020040FEE7000007B5B421002009F003
:100A100073F90AF009F909F053FA09F007F940B936
:100A200009F0F6F808F0C6F908F0BAF9012008F064
:100A3000D7F909F00FFC012009F0ECF908F0B8FC37
:100A400000236A481A461946009306F051FF002316
:100A500001211A466548009306F04AFF64233222BA
:100A60001221634808F0C8F9624B984202D1012074
:100A7000FFF7C8FF40F6B83008F0D0FB5E4B984255
:100A800002D10120FFF7BEFF002008F0DFF808F0D8
:100A900007FC0621012008F00DFC0621022008F0C9
:100AA00009FC0621032008F005FC0621042008F0BB
:100AB00001FC0621052008F0FDFB0021062008F0BE
:100AC000F9FB012008F062FF01204C4908F068FFA3
:100AD00010B10320FFF796FF42F21071012008F0D9
:100AE00069FF10B10320FFF78DFF022008F04EFFD1
:100AF0000220434908F054FF10B10320FFF782FFA2
:100B000042F21071022008F055FF10B10320FFF7E8
:100B100079FF0121084608F0F9F80021012008F0CA
:100B200009F9012008F098FF0021022008F0EEF8F2
:100B30000021022008F0FEF8022008F08DFF0221BB
:100B4000032008F0E3F80021032008F0F3F8032065
:100B500008F082FF0221042008F0D8F800210420C8
:100B600008F0E8F8042008F077FF0521084608F0AF
:100B7000CDF80021052008F0DDF8052008F06CFF15
:100B80000621084608F0C2F80021062008F0D2F835
:100B9000062008F061FF012008F04CF808F000F989
:100BA000012008F01DF9B421002009F0A5F8022168
:100BB000002008F07FFB134808F02AFC10B1042045
:100BC000FFF720FF104808F09DFC10B10420FFF74C
:100BD00019FF0121002008F099F80021084608F0CB
:100BE000A9F803B05DF804EB00F080B98000415231
:100BF0000024F40001004A0002004A006C030034A3
:100C0000CC03003458E20012400D0300014808F004
:100C100041BB00BF0024F40008B5FFF7D5FC00F08D
:100C200007F818B9BDE8084000F00CB808BD7047D7
:100C300008B50121024809F085F8002008BD00BF71
:100C4000D003003413B50024684601A9019400F0D4
:100C50002FF8019B63B1009B1B684BB1009B53F8BD
:100C6000240009F04DFA30B1019B0134A342F5D8BC
:100C7000002002B010BD0148FBE700BF00000206E3
:100C8000042908B50CD005D801390129064898BFB8
:100C9000002008BD082905D10121044809F052F8B7
:100CA0000020F6E70048F4E7FF004200D0030034DC
:100CB000024B036002230B60704700BFD80300346F
:100CC000FEE70ABEFEE77047EFF3148010F0020F54
:100CD0000CBFEFF30880EFF3098000F004B8704711
:100CE00001BEFEE7704708F0BBBF0000EFF31081C4
:100CF00072B6074AD2F8883043F47003C2F88830DD
:100D0000BFF34F8FBFF36F8F81F31088704700BF21
:100D100000ED00E0EFF3108172B6074AD2F8883098
:100D200043F47003C2F88830BFF34F8FBFF36F8F67
:100D300081F31088704700BF00ED02E008B5204B3A
:100D40001A6822F000421A601A6842F000421A60E3
:100D5000FFF7CCFFFFF7DEFF1A4B4FF41C7218466B
:100D600019490CF07FFA194A9060BFF35F8F184B56
:100D700083F30A8800F0F2F8164B17498B4212D31E
:100D80000020164B16498B4218D3FFF7BDFA18689E
:100D900050F82240586840F8224001329868824258
:100DA000F5D30C33EAE70022F8E71C6844F8220088
:100DB00001325C68A242F8D30833E4E70022F8E786
:100DC00000301052000000340000001200ED00E07E
:100DD00000F000345CEA001274EA001274EA0012B7
:100DE0007CEA0012704708B5FFF7FCFF08BD08B5A4
:100DF0000021022007F08AFF0021022007F09AFF5D
:100E0000022008F029FE0021032007F07FFF0021C7
:100E1000032007F08FFF032008F01EFE00210420AE
:100E200007F074FF0021042007F084FFBDE80840AC
:100E3000042008F011BE0021012008B507F038FF9A
:100E40000F280AD001210022084607F00DFF4FF0BD
:100E5000FF320021012007F007FF0021022007F0E8
:100E600027FF03280AD000220121022007F0FCFE00
:100E70004FF0FF320021022007F0F6FE0021032090
:100E800007F016FF3F280AD000220121032007F0B7
:100E9000EBFE4FF0FF320021032007F0E5FE0021BA
:100EA000042007F005FF03280AD0002201210420B6
:100EB00007F0DAFE4FF0FF320021042007F0D4FEE5
:100EC0000021052007F0F4FE01280CD000220121AA
:100ED000052007F0C9FEBDE808404FF0FF320021B1
:100EE000052007F0C1BE08BD00BF704710B5002047
:100EF00008F092FD114C124B20601860012008F0A0
:100F00008BFD104B104A186023681049136003F5DD
:100F1000742202F23F22B2FBF1F20D4903F2E733F1
:100F20000A704FF47A72B3FBF2F30A4A002013609E
:100F300008F072FD084B186010BD00BF18040034A3
:100F400020040034240400342804003440420F00FC
:100F5000300400342C0400341C04003408B5FFF7BE
:100F600046FFFFF768FFFFF7BFFFBDE80840FFF748
:100F7000BDBF08B5FFF750FE01F06CF805F0ACF806
:100F800000F07AFA00F0B2FA62B600F0C7F8FCE7B7
:100F9000F0B5154F3A78032A23D803680BB30369D9
:100FA000FBB190F82130E3B190F82030CBB12C2484
:100FB00003460E4D00F1280C02FB04542646186827
:100FC0005968083303C663453446F7D118682C23A3
:100FD0003060002003FB0255013285F822003A7090
:100FE000F0BD4FF0FF30FBE70C0F0034100F003462
:100FF0002DE9F8430027DFF89480214E98F800305F
:10100000FDB2AB4236D84FF080721E4BC3F8882138
:1010100001221D4B1A671B6FBDE8F883043394F857
:10102000240056F8233094F8202000FB0C300CF0FC
:1010300019F90B236B4353FA89F356F8231094F8EC
:1010400022C009F101090029E8D194F821300CF1FE
:10105000010C5FFA8CFC634584F822C008D1A36AB6
:1010600003B198472C23002203FB056383F8222059
:101070000137C3E72C244FF0000904FB0564D8E7CF
:10108000100F003400E100E00000A2520C0F003409
:1010900008B500F0A3F8C022074B084983F858238D
:1010A000074A9268C2F8A011BFF34F8F4FF08072C9
:1010B0009A60002008BD00BF00E100E0F10F0012BF
:1010C00000ED00E008B500F0A3F8002008BD08B569
:1010D00000F000F9002008BD0F4B37B51B7804461F
:1010E0000D46B3B143F24213ADF8003040F60D2384
:1010F00002216846ADF8043000F07EF9294620460A
:1011000000F07AF9022101A800F076F9002003B07E
:1011100030BD4FF0FF30FAE70010003438B5264CF0
:10112000264D28680121204400F076F960B92B682B
:101130005A1C012A2A60F4D9E21812F8012C0D2A4F
:10114000EFD1E35C0A2BECD12B68012B00D838BD22
:101150009A1EA15C0D29FAD1234413F8013C0A2BF5
:10116000F5D1002316491448A3540CF071F838B98E
:101170004FF49571134B1870134800F03DF907E0D8
:1011800012490D480CF064F828B901220D4B1A7071
:1011900000232B60DBE70E4907480CF059F820B913
:1011A000084B042118700B48E7E70B4902480CF084
:1011B0004FF80028ECD1F3E7C00F003404100034DE
:1011C0006CE2001200100034A0E2001274E200127F
:1011D00086E20012CCE3001294E20012002210B565
:1011E000094C114640F20C5007F022FD20464FF406
:1011F000007104F50034054A09F006F9236843F04C
:101200000043236010BD00BF0000A052D4E30012D1
:101210001022014B1A6470470000A25208B504491D
:10122000044807F009FA0122034BC3F8842108BDE2
:101230001C3200340000855200E100E038B50F4D4B
:101240000020D5F8084200F06DF9C4F30804C4F199
:101250000804844228BF04467CB10122084B094996
:101260001A700020A2B200F06DF922462846054906
:1012700007F093F8844200D001BE38BD00008552CB
:101280000832003411320034810710B506D500222F
:101290000C4B1A70BDE81040FFF7D0BF820601D595
:1012A00001BE10BD4307FCD501220749104600F0DE
:1012B000A3F9BDE810400122044B0349044807F09C
:1012C00049B900BF08320034093200341C320034FE
:1012D0000000855273B5002202214FF4806007F0B0
:1012E00067FC10230022009302210B234FF480603F
:1012F00007F05AFB314C324D002202214FF480603E
:1013000007F012FC0022022140F2024007F0C8FB65
:101310002A4620462B4907F05DF82B4B4FF400522C
:101320002A4900206B6300F0EBF84FF40072284963
:10133000012000F0E5F82368264E43F000432360C7
:1013400001213046244A06F027FA02213046234A7A
:1013500006F022FA22490B6F23F4F81343F48013AA
:101360000B670A6F1F4B22F4F85242F480520A674F
:10137000D3F8C4201C4922F4706242F40062C3F81E
:10138000C420D3F8C42022F0F00242F06002C3F877
:10139000C4200022154B83F82023154A9268C2F816
:1013A000C010BFF34F8F01225A602B4620461149CF
:1013B00002B0BDE8704007F0CDB800BF0000855214
:1013C0001C320034B0E400128912001208120034FA
:1013D000081000348003415278E4001240E4001207
:1013E00000004052000341521D12001200E100E0D3
:1013F00000ED00E0093200340A4608B5014600203D
:1014000000F0FAF8034B1B780BB9FFF717FF002029
:1014100008BD00BF0832003438B5054601200C462F
:1014200000F080F8A04206D322462946012000F0B1
:1014300089F8002038BD4FF0FF30FBE700210C4A4F
:101440000C4B10880331C000188050883C294FEAAB
:10145000C0005880908803F106034FEAC00023F8CB
:10146000020C02F10602ECD178210248FFF734BEEB
:1014700054320034CC32003400B58DB000211C222F
:1014800004A80BF0B3FE164B01A893F8E22020321B
:1014900003EB8202019293F8E320203203EB8202F5
:1014A000029293F8E420203203EB820303930D4B66
:1014B0009A1C05930433079306238DF8283041F2D4
:1014C0000243ADF82430084B06920B93FFF760FD02
:1014D000FFF7DEFDFFF7FBFD00200DB05DF804FB1C
:1014E000AC350034543200343D140012FFF7EABD2D
:1014F000024A136801331360704700BF443300345D
:10150000032810B509D80C235843054C2318215043
:1015100000209A80D880188110BD4FF0FF30FBE783
:10152000483300340C22064B02FB0030C38802898A
:10153000934237BF8188981A5818801A80B2704732
:10154000483300342DE9F84F144606468846FFF725
:10155000E9FFA0423AD3CCB10C235E43DFF874B06C
:101560000BEB06073B89B7F804901D19ADB2B5FB2C
:10157000F9FA1AF0FF0A0CD15BF80610224619445A
:1015800040460BF06FFE3B8923443B810020BDE8C1
:10159000F88FBAF1010F19D1A9EB03045BF806101B
:1015A000A4B21944224640460BF05CFEA5EB0902AA
:1015B00092B25BF8061008EB04000BF053FEBB88F8
:1015C000B5FBF3F203FB12553D81DFE74FF0FF302F
:1015D000DDE700BF483300340C22064B02FB00302D
:1015E000C28803899A4229BF8188981A5818801A9C
:1015F00080B27047483300342DE9F3471446019117
:101600000646FFF7E9FFA042019903D801BE4FF05B
:10161000FF301BE0002C39D00C235E43DFF87090C4
:1016200009EB0607F888B7F804800519ADB2B5FBD9
:10163000F8FA1AF0FF0A0CD159F80630224618447D
:101640000BF010FEFB882344FB80002002B0BDE8B5
:10165000F087BAF1010FD9D159F80630A8EB000490
:10166000A4B21844224601910BF0FCFD0199A5EBB0
:10167000080292B259F8060021440BF0F3FDBB8832
:10168000B5FBF3F203FB1255FD80DEE72046DDE7F4
:1016900048330034000000000230800803D00130DD
:1016A0000238FCD100BF00BF7047EFF3108072B664
:1016B000704780F3108870470120704700487047DA
:1016C00000001606004870470000160608B505F031
:1016D000D4FE08B1007E08BD0120FCE708B505F086
:1016E000CCFE003818BF012008BD08B5002205F067
:1016F000C4FE00B1407E08BD08B5002205F0BDFE65
:1017000020B10378022B0CBF4069006908BDFFF7C8
:10171000F3BF0000F8B5154606460C46FFF7ECFF90
:10172000B5FBF0F300FB1353074663B92544A5420C
:1017300001D8002006E02146304605F0DBFE3C449F
:101740000028F4D0F8BD0148FCE700BF02001606EF
:101750002DE9F04115461E4607460C46FFF7CCFF23
:10176000B5FBF0F300FB1353804683B9361B2544C9
:10177000A54206EB040201D8002006E021463846C7
:1017800005F0D4FE44440028F2D0BDE8F0810148C1
:10179000FBE700BF0200160610B414461A462346A3
:1017A0005DF8044B05F090BEC8B10E4B43610E4B83
:1017B00083610E4BC3610E4B03620E4B43620E4BB3
:1017C00043600E4B83600E4BC3600E4B03610E4BA8
:1017D00083620E4BC3620E4B0360002070470D48BE
:1017E000704700BF99170012511700121517001209
:1017F000BD160012C5160012B9160012F916001215
:101800000F170012EB160012DD160012CD16001293
:10181000783300340300160630B50022441CFF2044
:10182000043993B2994200D130BDE35C584008239B
:1018300045B24000002DC0B203F1FF33B8BF80F0C5
:10184000310013F0FF03F3D10132EAE710B504468B
:10185000FFF7E2FF2268034B904214BF18460020B6
:1018600010BD00BF01003E0910B54C88CA68A3082E
:1018700000EB83000B88097A634301FB0323984242
:1018800028BF104610BD10B50A7A012A0BD90B8863
:101890004C88C96863431944814286BF02F1FF3214
:1018A00003FB0200C01A10BD70B50C468B694A8854
:1018B000DE6A014605461868B047E37A73B128B17D
:1018C000A3692946DE6962881868B047A06929467D
:1018D0008669044B62880068B04708B9002070BD73
:1018E0000148FCE7AC33003403003E092DE9F84F12
:1018F000C768467A044647615EB93D46B246B0F8CD
:101900000080037A03FB08F8D04504D1A37A73BBA7
:101910006761BDE8F88FD5F804B0B4F80290B3451C
:1019200007D949462846FFF791FF002804BF2F46F4
:101930005E464FEA990905EB89050AF1010AE3E7DA
:10194000D5F804B0B4F80290B34507D94946284603
:10195000FFF77CFF002804BF2F465E464FEA990937
:1019600005EB89050AF1010AD045E9D1D0E74FF02E
:10197000000AF9E773B54B7A06460C461BB1002303
:10198000336002B070BD4D69498828460191FFF768
:101990005DFF019908B96B68F2E7A37A6BB1227A0F
:1019A0002388019153438A08534305EB8305284656
:1019B000FFF74CFF01990028EDD020460191FFF779
:1019C00095FF646901992046FFF740FF0028D6D1B2
:1019D0006368D5E7F8B5054616460C4609B933489D
:1019E000F8BD0028FBD0002AF9D01C220021204697
:1019F0000BF0FCFBA968A661E1602B796372B36808
:101A0000306898477F28627A06D82AB97F23B3FBCB
:101A1000F0F3013313FB00F080B2012A08BF024645
:101A20002E6818BF4208A2F110036382731EB3FB35
:101A3000F2F3A96801339BB2608022826660238042
:101A400009B91B48CCE7002EFBD02A79012AF8D827
:101A5000EE79012EF5D895F806C0BCF1010FF0D84B
:101A60006E79771E092FECD80CFB0666C2F1010CCB
:101A70000CFB06224343A7695A43BE6A3868B04745
:101A80000028DED0EB79002BA9D0627A1AB96A79E6
:101A90002272AA7902E00122227200222046A2725A
:101AA000E372FFF723FF00209AE700BF00003E0922
:101AB00002003E0910B5044686B00A480191FFF7BE
:101AC00073FE019958B92268A3680392626803A85B
:101AD000CDE90423034AFFF77DFF06B010BD0020C7
:101AE000FBE700BF7C3300342DE9F04F8FB01C467C
:101AF0008046894613460392002A00F0158103446C
:101B0000049304996368994200F20E81B9F1000FC1
:101B100000F00A81667A86B1A069E1684B464469A3
:101B200041440068A047031E834B024618BF1A4673
:101B3000019201980FB0BDE8F08F238831464846E6
:101B400008930BF053FB21460DA8FFF713FF049BEE
:101B5000218A013BB8FBF1F2B3FBF1F3C3469B1AB8
:101B600006930133E56809936388CDF8149002FB6E
:101B7000035502960196099B029A934228D8214662
:101B80006069FFF780FE4FF0000A0746089B534547
:101B9000CFD921463846FFF767FE61880746029194
:101BA000FFF754FE002800F09980A37A029963B1F0
:101BB0002588237A5D434D4325F003053D4428469F
:101BC000FFF744FE002800F08A800AF1010ADDE7F1
:101BD000237A012B1E4609D921466069FFF753FE7F
:101BE00000270546B4F800A0BA4551D8238A0299C7
:101BF000BBFBF3F203FB12B20792069A28468A4215
:101C000088BF079A618888BFA3EB020A0A9398BF2E
:101C1000DDF80CA00B91FFF719FE0A9B074680B177
:101C2000A27A002A4BD022880B997243880842433B
:101C300005EB82052846FFF709FE00283FD13F4FFC
:101C40000A9BA069079952461944436929441E46D4
:101C50000068059BB047237A012B04D8284621460B
:101C6000FFF702FE0546039BD344A3EB0A0303934D
:101C7000059B53440593324B9F4204D0019B002B9C
:101C800008BF3B461F46029B0133CDE9017372E753
:101C900021462846FFF7E8FDE3686188C31AB3FBD5
:101CA000F1F34A08B3FBFAF10AFB113353435B45E6
:101CB000054602D81A445A4598D8013794E7524647
:101CC000002105980BF092FA6B682BB92F681C4B1A
:101CD000002F18BF1F46BEE7194FBCE73D46A86856
:101CE000049B83427FF671AFEA6802449045BFF4DB
:101CF0006CAF80451BD20021A0EB0803049ED4F8F2
:101D000018C0B24228BF324605F1100E804538BFD8
:101D1000121ADCF81450DCF800004B4428BFA2EB88
:101D200008027144A84750E7064B019301E70023DE
:101D3000A8EB0001E2E700BF02003E0904003E09F3
:101D400001003E0900003E092DE9F04F83461C4684
:101D500016468FB0002A00F0718113186268934212
:101D600000F26C81002900F06981657A0191002DF3
:101D700043D063884FF00009B0FBF3F503FB150572
:101D800006EB050808F1FF38B8FBF3F8E768DFF861
:101D9000B0A2074408F101087F1BC84504D80025FC
:101DA00028460FB0BDE8F08FA069A54BD0F814B05D
:101DB000394662880068D847B4F802B00199ABEBA5
:101DC000050BB34528BFB3460AEB05005A460BF096
:101DD00049FA21463846FFF767FD05460028DFD15E
:101DE000019B67615B4401936388A6EB0B069B082C
:101DF00007EB830709F10109CFE7628A731EB3FB82
:101E0000F2F3214607930DA801330893DFF83082DF
:101E1000FFF7B0FD6769029521463846FFF724FDBC
:101E20000D9D074601350021628885480D950BF010
:101E3000DDF9079B0299628AC8E9015B8B4208BF02
:101E4000324680480199C8F80C200BF00BFA214665
:101E50003846FFF718FDB4F802A0054651464FEA90
:101E6000DA09FFF7F3FC50B9A069228AD0F814A070
:101E700008EB890305EB89010068D0470FE0A37ADE
:101E80006BB1227A2388514653434FEA9A02534357
:101E900005EB83052846FFF7D9FC0028E4D021464E
:101EA0003846FFF7F0FCB4F80090D8F804309945B4
:101EB000039346D9E568B9F1000F00F0AB80E36801
:101EC0006288FB1AB3FBF2F3B3FBF9F009FB1033A2
:101ED0004FF0000951084B43D2080493CB180693E6
:101EE00008EB820309934B46039ACDF81490013A0C
:101EF0000A92039A05998A422AD16188504803932D
:101F0000FFF78AFC2146C8F800003846FFF7CCFCF2
:101F1000054600287FF444AFA27A039B002A7BD1B8
:101F2000628A0199B61A11449344029A01910132CE
:101F300002920299089A67618A423FF66DAF1D4688
:101F40002EE72146FFF790FCCDF80C900546B2E74E
:101F50000A9A05998A4233D9618828460B91FFF77E
:101F600075FC034680B3A27A0B99002A41D0237AEC
:101F7000B4F800A003FB0AFA8B0803FB0AFA05EB8E
:101F80008A0A5046FFF762FC034693BBDAF8080062
:101F9000069B83422CD9DAF80C20049B00EB020C40
:101FA000634525D2218AB0FBF1F301FB130E049B9C
:101FB00083420BD8069B634500D21A1A00210CE01D
:101FC0004FF00109C246E0E7AA46DFE7A1EB0E01A8
:101FD0004FF0000E049BACEB0302099B0AF1100AC0
:101FE00051447344B9F1000F0ED018460BF03AF982
:101FF0000023284621460B93FFF736FC059B054638
:10200000013305930B9B74E7A069D0F814A0006816
:10201000D047EDE70C4B70E7227A208821465043E9
:10202000628803939208504307EB8000FFF73CFC63
:10203000039B054600283FF473AFB1E6034DAFE6BE
:10204000AC330034BC33003403003E0900003E09C9
:1020500000F040BD0A4B0B4A1A600B4A5A600B4A0B
:102060009A600B4ADA600B4A1A610B4A5A610B4AB2
:102070009A610B4ADA610B4A1A620B4A5A6270473C
:10208000143C0034512000123D2600124D2600124F
:10209000592600126B2600121D2B00122D2C001247
:1020A000992D00125D2D0012E52D0012002807DB8E
:1020B00001234109034A00F01F00834042F8213008
:1020C000704700BF00E100E000280CDB0122064958
:1020D000430900F01F008240203341F82320BFF362
:1020E0004F8FBFF36F8F704700E100E0002808DBDF
:1020F00001224309034900F01F008240603341F888
:102100002320704700E100E0074B1A6C22F4F852DC
:102110001A641A6C22F01F021A64022203F581333A
:102120005A6001225A60704700004052064A136C00
:1021300023F4F85343F4D8531364136C23F01F03B0
:1021400043F01B031364704700004052074B1A6CA6
:1021500022F0F8521A641A6C22F4F8121A64082257
:1021600003F581335A6004225A60704700004052E0
:10217000064A136C23F0F85343F0D8531364136CDE
:1021800023F4F81343F4D81313647047000040524B
:10219000074B5A6C22F4F8525A645A6C22F01F0210
:1021A0005A64202203F581335A6010225A60704726
:1021B00000004052064A536C23F4F85343F4D853BA
:1021C0005364536C23F01F0343F01B0353647047A5
:1021D00000004052034B0268D3F8083143609B1A59
:1021E000836070470000A052D0ED027A90ED057A2E
:1021F000F8EEE77A67EE877A90ED067AC0ED037A1B
:1022000067EE277AC0ED047A70470000324B70B554
:10221000DB6A324C324DB4F97A002B672B6FFFF733
:1022200065FFD5F80831C4F8C430A36B5A1C012BE4
:10223000A26301D1FEF7A2F92A4C2B4A216992F838
:10224000E030C943294D61F38203297943F38000CB
:1022500060F3020129712649264882F8E0300969B5
:102260000678C1F38011017003F0010316B109B9BA
:1022700083F0010392F8E010F7EE007A63F30001B7
:102280001D4B82F8E01093ED017AB4EE677A1023CB
:10229000F1EE10FA14BFC4F88430C4F8883092F814
:1022A000E0306FF3410382F8E03003F0A7FFD5E997
:1022B000023213434FF0200310480CBFC4F884309F
:1022C000C4F88830FFF786FF1C38FFF78DFFBDE8A4
:1022D00070401C30FFF788BF0CDB0012AC350034B7
:1022E0000000A05200044152D8410034083B0034A1
:1022F000000241523C040034C839003470360034C6
:10230000174BB3F88C20D3ED077A07EE102AB8EEFE
:10231000C77A144A27EE277AD2ED016A66EE877AE9
:10232000FCEEE77A17EE903A0F2B28BF0F23012B14
:1023300038BF012307EE903A92ED006AF8EEE77A93
:1023400002EB830191ED010AA6EE677AD1ED027AE4
:1023500066EE876A77EEC07AA6EEA70A704700BFDE
:10236000AC350034C0020034F8B58A4CE36A01335E
:10237000E362DB0700F10D81874B884DD3F808310C
:10238000C4F8A83095F83433022B13D1F7EE007A55
:10239000BFEE007A824A834BD2F80816D2F8102793
:1023A00099819A80804A126E12F4807F47FE277AC4
:1023B000C3ED027A7D4A7E48D2F89010D2F890C0E0
:1023C0000B096FEA11116FEA5C1601F0010101704F
:1023D000784806F001060670D2F89000764F6FEA52
:1023E0009010764A00F0010E82F800E03A7883EA15
:1023F0005C1361F3000266F3410271496EF38202DD
:102400003A700A78434003F00103002A40F0B58097
:10241000002B40F0B5800B7094F8E23094ED037A15
:10242000203334F823306748C3F5006307EE903A51
:10243000F8EEE77A67EE877A94F8E330C0ED017A38
:10244000203334F82330C3F5006307EE903AF8EEFA
:10245000E77A67EE877A94F8E430C0ED057A2033A6
:1024600034F82330C3F5006307EE903AF8EEE77ACC
:1024700067EE877AB4F8A030C0ED097A07EE903A9B
:1024800094ED047AF8EEE77A67EE877AB4F8903044
:10249000C0ED217A07EE903AF8EEE77A67EE877A98
:1024A000B4F8A430C0ED257A07EE903AF8EEE77A5A
:1024B00067EE877AB4F88830C0ED297A07EE903A53
:1024C00094ED057AF8EEE77A67EE877AB4F89C30F7
:1024D000C0ED2D7A07EE903A94ED067AF8EEE77AA1
:1024E00067EE877AC0ED357AFFF70AFF80ED310A93
:1024F00003F070FED4ED0A7A334C294B94ED497AFF
:1025000027EE877ABCEEC77A17EE100A94ED4A7A66
:1025100027EE877ABCEEC77A17EE101A94ED4B7A45
:1025200027EE877ABCEEC77A5861D861C3F81411D8
:10253000C3F81C1183ED857A83ED877A95F8DC2248
:10254000012A13D194ED4C7AD4ED4D6A27EE877AA7
:1025500067EEA67ABCEEC77AFCEEE77A17EE102A91
:10256000C3F8142417EE902AC3F81C2504F036FF94
:10257000BDE8F8401548FFF72DBE002B7FF44BAFA8
:10258000054A1348D2F8086202680660B21AFA6077
:1025900041E7F8BDAC3500340000A052483C00349F
:1025A0000000A152E88300340040AA5200034152C7
:1025B0009C3600349D360034BC3B00349E360034DB
:1025C00094360034D8410034C839003454360034CD
:1025D00098360034012310B5084C2365236D084B51
:1025E000B3F97600FFF782FD064BE364A36C1B0C86
:1025F0001B04A364BDE81040FFF7B6BE008018526C
:10260000AC350034600D0034012310B5084C236153
:102610002369084BB3F97400FFF768FD064BE360CC
:10262000A3681B0C1B04A360BDE81040FFF79CBE11
:1026300000801852AC350034E80C003408B5FFF7C0
:1026400034F8014BD86708BDAC350034014BD86F66
:10265000FFF72FB8AC35003408B5FFF755FDFFF78D
:1026600075FDBDE80840FFF793BD08B5FFF75EFDB7
:10267000FFF77EFDBDE80840FFF79CBD10B507F0F1
:102680005DFB044C0004206007F04CFB23681843FA
:10269000206010BD3C3C003410B52523002486B0DA
:1026A00068461049ADF80030019407F07FFA262300
:1026B0000D4902A8ADF80830039407F077FA0B4AE9
:1026C00004AB92E8030083E803001846084907F0CA
:1026D0006DFA084B084A5A674C22A3F87A2006B0D4
:1026E00010BD00BF09260012D5250012F4E4001227
:1026F0000D220012AC350034250026000D4A9FED56
:102700000E7AD2EDBC7A67EE877A92EDB87AF1EE66
:10271000046A67EE877A094B094A86EEA77A1A613E
:102720005A614FF06652074883ED037A9A61DA6185
:1027300005F0FEB8483C003400008045AC3500345C
:1027400000005C3CDCDB001238B54FF4A0630125CF
:10275000094C0A4AA4F8E230094B84F8E45093F893
:10276000DC12084BA94218BF1346074A136098476A
:1027700084F8E05038BD00BFAC35003401040012CD
:10278000483C0034C5040012380400342DE9F84FE9
:102790000025254E254A264BDFF8B8B0B046052463
:1027A000AF1805EB030A05EB0B095AF8041B386850
:1027B00004F0E6FE59F8041B57F8040B1D4B41606A
:1027C00018F8011B013C203103EB810114F0FF04D8
:1027D000164A174B8160E8D11435282D06F10506FD
:1027E000DCD101252146144A1448154C04F03EFF63
:1027F000144B154EE360A36829463340A360A561DE
:102800002368124A43F0004323600C4804F02EFF73
:102810000F4BE364A36C3340A364A565236C43F0C2
:1028200000432364BDE8F88FDC0C003498020034C8
:1028300070020034AC350034D8D3001200001852B6
:1028400000801852E80C00340000FFFFD8D40012BA
:10285000600D0034B40C003400222DE9F041114623
:102860004FF4A06007F056F907EE900AF8EE677A89
:102870006E4C012200214FF4A060C4ED007A07F0F5
:1028800049F907EE900AF8EE677A022200214FF428
:10289000A060C4ED017A07F03DF907EE900AF8EE6A
:1028A000677A6268624B94ED007A9A60614A624B83
:1028B000C4ED027AC3ED007AD2ED137A67EE277A7F
:1028C000FCEEE77A17EE903A23F001034FEA530843
:1028D00007EE908AF8EEE77A116D63624B43C4ED20
:1028E0000A7A07EE903AF8EE677AD16D23634B438C
:1028F000C4ED0D7A07EE903AF7EE006AF8EE677ACB
:102900000027C4ED107AC6EE877AE363536D4B4E11
:10291000C4F8C030136E4FF48271494A3046C4ED9A
:102920002F7AC4ED367AC4F8DC302762E762A763F9
:1029300007F05CFF40F20511424A304607F056FFAF
:10294000236B06F58035013BC5F8203440F20311B6
:10295000C5F820353C4AC5F810843046C5F81885BE
:10296000C5F81484C5F81C8507F040FF236B4FF4AD
:102970008071013BC5F82033344AC5F810833046D6
:1029800007F034FF636A40F201115A089B082A627B
:1029900030462B612E4AAB616B61EB6107F026FF7D
:1029A000636A4FF481715A089B08C5F820213046AC
:1029B000C5F81031274AC5F81831C5F81431C5F8E3
:1029C0001C3107F013FF636A39465A089B08C5F8A3
:1029D0002022C5F81032C5F81832C5F81432C5F8EF
:1029E0001C32E36B1C4A30465D1E07F0FFFEE36BB2
:1029F0000221013B3362194A3046356107F004FD7C
:102A00000121174A304607F0FFFC4FF48371154A45
:102A1000304607F0F9FC144A40F20711304607F03F
:102A2000F3FC124B124ADA63BDE8F081AC35003496
:102A3000BC3B0034483C0034E88300340000A05222
:102A4000E8D4001294D500125CD8001208D9001204
:102A5000B4D9001260DA00120CDB0012E0D70012C9
:102A600074D700129CD6001208D70012D841003447
:102A7000C039003410B5144C14492368204643F083
:102A80000103236007F0A6FD114A537891781B01DA
:102A9000090201F4E06103F070030B43117801F0C7
:102AA00007010B43D178090301F4E0410B4311798D
:102AB0005279090401F4E02112050B4302F4E0020B
:102AC0001343636610BD00BF0040AA524CD80012E9
:102AD0000803003408B5FFF7D1FDFFF7DDFDFFF770
:102AE0000DFEFFF731FEFFF751FEFFF7B5FEFFF7D2
:102AF000C1FF084BD3ED157AFCEEE77A17EE900A8A
:102B000004F000FC044A92F8E03043F0010382F83C
:102B1000E03008BD483C0034D841003470B53D4D2C
:102B20003D4CFFF78BFDB5F97400FFF7BFFA236842
:102B3000102643F000432360B5F97600FFF7B6FA9C
:102B40002368B5F97A0043F000432360FFF7AEFA3B
:102B50000121324B04F50804D3F8002642F000426C
:102B6000C3F80026C3F84066D3F8002742F00042BD
:102B7000C3F800272A4A91600022AA63EA62D3F8C8
:102B8000002442F00042C3F80024D3F8002542F0AC
:102B90000042C3F80025D3F8002342F00042C3F8F6
:102BA00000231A6842F000421A60D3F8002142F074
:102BB0000042C3F80021D3F8002242F00042C3F8DB
:102BC0000022236843F000432360FDF7DDFC266408
:102BD000D4F8003243F00043C4F80032C4F8406235
:102BE000D4F8003143F00043C4F800310D4BC4F871
:102BF000406193F83433012B06D180220A4B5A608E
:102C0000BDE87040FFF722BD022B02BF8022064BB9
:102C10009A60F5E7AC350034000018520000A1526C
:102C20000040AA52483C00340002415238B5FFF738
:102C300005FD364B93F83433022B60D18022344BA0
:102C40005A60344B0021D3F80021334D22F000426A
:102C5000C3F80021D3F80022304C22F00042C3F820
:102C600000221A68B5F97A0022F000421A6003F5D2
:102C70008033D3F8002222F00042C3F80022D3F8B8
:102C8000002122F00042C3F800211A6822F000421D
:102C90001A60D3F8002322F00042C3F80023D3F8CF
:102CA000002522F00042C3F80025D3F8002422F0CA
:102CB0000042C3F800241A4A9160D3F8002722F09A
:102CC0000042C3F80027D3F8002622F00042C3F8E0
:102CD0000026FFF7F9F92368B5F9760023F00043E1
:102CE0002360FFF7F1F92368B5F9740023F000437E
:102CF0002360FFF7E9F9BDE83840FFF7A7BC012BD7
:102D000002BF8022024B9A609BE700BF483C003420
:102D1000000241520000A052AC35003400001852AD
:102D20000040AA524FF4805210B5094B094CC4E937
:102D30001223094B04F158011B6804F14800236574
:102D4000FEF7B8FE0123606584F8443010BD00BF73
:102D500001010001AC3500343404003413B50C4CCF
:102D6000014694F844301BB90190FFF7DBFF01994D
:102D7000606D50B94FF4B262064BFEF7E5FF606537
:102D8000B0FA80F0400902B010BD0020FBE700BFA0
:102D9000AC3500340436003437B5104D02AB03E9CE
:102DA000030095F8443014460BB9FFF7BBFF686D7C
:102DB00078B94FF4B2622146094BFEF795FE68657B
:102DC00038B92268009B9A4203D16268019B9A42FB
:102DD00002D0002003B030BD0120FBE7AC35003449
:102DE00004360034014B93F8E0007047AC350034F2
:102DF000816170470A461649D2ED017A91ED167A43
:102E000067EE877A034610B5C0ED077A1088DFEDCC
:102E1000117A07EE100AB8EE477AF6EE006A27EE4E
:102E2000277AD1ED027AD2E9020167EEA67AD2EDD5
:102E3000046A67EEA67AC7EE276A03F1280403F155
:102E40000C02C3ED086A84E803009A6110BD00BF5C
:102E5000483C003483F9223E002380ED000A80EDD7
:102E6000010A80ED050A8360C360036170470000BA
:102E700010B5D0ED027A2DED028B90ED038A90ED26
:102E8000077A77EEC87AA7EE878A80ED038A83698E
:102E900090ED087AD3ED007AF0EEE77AD0ED0A8A69
:102EA00067EE877AF4EEE87AF1EE10FA044607D47A
:102EB000D0ED0B8AF4EEE87AF1EE10FA78FEA78AEC
:102EC000D4ED057A94ED000AC4ED098A30EE670A64
:102ED00000F030FF084BA0EE288AD3ED167A94ED6F
:102EE000050A84ED048AA8EE270A00F023FFBDEC52
:102EF000028B84ED050A10BD483C0034034610B532
:102F000083ED000A1346303002F10C04F1EC016A43
:102F100092ED007AC6EE877AE0EC017AF3EC016A72
:102F200092ED007AC6EE877AA342C0ED027AEDD127
:102F300010BD30B500F1180387B001F10C0451F851
:102F4000045B43F8045B52F8045BA1429D60F6D138
:102F500020EE007AD0ED087A27EE876A77EEA77A1E
:102F6000D0ED075AD0ED066A67EE677AE5EE806A23
:102F7000E5EEC07A76EE866ACDED017AD0ED0B7A79
:102F8000D0ED0A5ACDED006A8DED026AD0ED096AE6
:102F900027EE276A77EEA77AE5EE806A27EE677A52
:102FA00076EE866AA5EEC07A694603AACDED036A7D
:102FB0008DED047A8DED056AFFF7A0FF07B030BDF7
:102FC000C0ED010AD1ED006AC0ED026A92ED007A0F
:102FD00080ED047AF7EE007A91ED015A87EEA66A49
:102FE000C7EE854A36EE246A80ED035A26EE206A43
:102FF00066EE856A7FB5D2ED015A8DED016A80EEED
:10300000A66AC7EE876A8DED026A87EEA56A27EE8B
:10301000257A76EE866ACDED046AC7EE876AC0ED42
:10302000055A694603AACDED000ACDED037ACDED30
:10303000056AFFF77EFF07B05DF804FB90ED0D7A9F
:10304000D0ED0C7A77EE877A90ED0E7A77EE877A6C
:1030500080EE277A80ED127A80ED137A7047D0EDFA
:10306000127A90ED107A80ED150AA7EEC70AD0ED1E
:10307000136A90ED116AB0EE407AA6EEC67A90ED32
:103080000D6AC0ED137A27EE860AD0ED0C7AA7EE12
:10309000270AD0ED0E7AA6EEA70AC0ED146A80EDDD
:1030A000127A80ED160A7047034BD3ED017A20EEB9
:1030B000270A83ED070A7047C8390034094BF0EE40
:1030C000400A93EDBE7A93ED160A13B5064C27EE2F
:1030D000000A94ED071A00F049FE84ED070A02B0D9
:1030E00010BD00BF483C0034C83900340D4A38B523
:1030F0000D4DA2F57D7494ED150A2846F7EE000AF1
:10310000A2F10801FFF75CFFD4EDFF0A20EEA01A40
:10311000D4ED161A05F15C00B0EE410ABDE8384066
:1031200001F01CBD3C400034A036003410B52DED3C
:10313000028B9FED0B8A0B4CB0EE480A2046FFF73E
:103140007DFF04F15C0001F005FD074B83ED0E8A65
:1031500083ED0F8A83ED108ABDEC028B10BD00BF9A
:1031600000000000A0360034C839003410B5094B07
:10317000094C93F8E83394ED0D0A012B02D107486E
:10318000FFF76DFF84ED0E0AB0EEC00A84ED0F0A62
:1031900010BD00BF483C0034C8390034A0360034AC
:1031A00010B5044C044894ED070A01F0E6FC84EDE8
:1031B000100A10BDC8390034FC36003408B5FFF7DA
:1031C000D5FFBDE80840FFF7EBBF000038B51E4C47
:1031D0002DED028B04F23C43D3ED001A04F234438C
:1031E000D3ED007A04F22C43B0EE408A60EE277AE9
:1031F000D4ED160A93ED000A144DB1EE611A67EE94
:10320000A00A28EE000A284600F0EAFB04F58863CD
:10321000D3ED001A04F58763D3ED007AD4ED160AD6
:1032200004F5866468EE277A94ED000A05F1200023
:1032300028EE000ABDEC028BBDE83840B1EE611A01
:1032400067EEA00A00F0CCBB483C00345437003491
:1032500010B5054C204600F0BEFB04F12000BDE88F
:10326000104000F0B8BB00BF54370034F8B5394FF8
:10327000394C97F84C316BB904F1600094ED170AA2
:1032800000F034FC04F1980204F1600104F1BC0088
:1032900000F090FC314BD4ED260AD3ED046AD3ED57
:1032A000037A94ED277A93ED051A60EEA77AA6EEDD
:1032B000871AD4ED0D6A03F2444393ED007AC4ED0E
:1032C000227A84ED231A67EEE67A21EE261A67EE5B
:1032D000877A21EE071A224D94ED200A05F1B400F9
:1032E000C5ED2C7A85ED2B1A00F083FB95ED2C1A99
:1032F000D4ED270A94ED210A05F1D40000F079FB02
:10330000D5F8D030174EC4F8A030D5F8F030A6F17B
:103310006C01A6F12C003246C4F8A43000F05FFC2A
:1033200096E8030006F1080383E8030097F84C31A0
:103330007BB1D4ED357A95EDAE7A77EE877A95ED5F
:10334000AF7AC4ED357AD4ED367A77EE877AC4ED6C
:10335000367AF8BDBC420034C8390034483C0034E9
:10336000A0360034943A003470B5204D204B95EDD2
:10337000097AD5ED107A67EE877AC3ED007AD5ED3C
:10338000117A95ED166A67EE877AD5ED0F6AC3ED6F
:10339000017AC6EE267AC3ED027AD5EDC07A67EEE1
:1033A000877A144C144BC4ED0D7A1E68D5ED190ABA
:1033B00095EDC30A04F13800B047D5ED190A95ED33
:1033C000C30A04F14800B04700220023C4E90423E3
:1033D00040F2833241F6FF537C21C4E906230023E7
:1033E0004022C4E90813C4E90A2370BD483C0034F4
:1033F000603B0034083B003400E50012002100204F
:103400000022074BC3E90201C3E90001002183F850
:103410003020044B1A75044AD960126A9A617047C9
:10342000083B0034603B0034483C00340B4BD3ED88
:103430002E7A93ED2D7A67EEA77AE7EE077AC3ED41
:10344000327A074B93ED037AD3ED026A77EEC77AAF
:10345000A7EEA67A83ED037A704700BFC83900341F
:10346000603B0034F8B5524C524D94ED030A08F01D
:1034700023FDD4ED007AB4EEE70AF1EE10FA84ED04
:10348000040A85ED310A4C4E67DB237D002B64D1A5
:1034900001232375736AA361484C96EDC27AD4ED7B
:1034A0000D7AB4EEE70AD5ED4E7AF1EE10FAF4EEAD
:1034B000C77AACBF01220022F1EE10FA237862F342
:1034C0000003237057DB3E4B04F138001B6898471C
:1034D0003C4B3D481F68B847237860F38203237054
:1034E0003A48B84795ED4F7AD6EDC47AB4EEE77A0C
:1034F00095ED0F7AD6EDC57AF1EE10FAB4EEE77AD3
:10350000ACBF01220022F1EE10FA4FEAC00343EAF9
:103510004203ACBF0122002243EA0213AA7843EA25
:10352000C2136A7843EA0223228803F4CD7322F49B
:10353000CD7213432380D4E90001D4E9023203435E
:103540000A43D4E90810194010400143C4E902328B
:1035500025D0022384F83030F8BDD4ED017AB4EEE2
:10356000E70AF1EE10FA97D5237D012B94D10023C1
:103570002375336A8FE796EDC17AF4EEC77AF1EEE0
:1035800010FA03D80E4B04F148009FE704F138000D
:1035900000F042FC04F1480000F03EFC98E7D4E95A
:1035A000060103400A401343D6D00123D2E700BFEF
:1035B000603B0034C8390034483C0034083B0034D8
:1035C000FCE4001204E50012403B0034503B0034A0
:1035D000094B10B5D3E90012D3E90A40214002405B
:1035E000C3E90012D3E9021202402140C3E90212EA
:1035F000002283F8302010BD083B003410B5094B81
:1036000093F800313BB9084CA3699847236A0748EF
:10361000984763699847064A936843F004039360A8
:1036200010BD00BFBC420034143C0034483C0034A0
:10363000803B003410B50A4B93F800314BB9094C6C
:10364000A3699847022007F0E7FD00F027FF6369B0
:103650009847054A936843F02003936010BD00BF6C
:10366000BC420034143C0034803B003410B50A4B9B
:1036700093F800314BB9094CA3699847012007F032
:10368000CBFD00F00BFF63699847054A936843F050
:103690001003936010BD00BFBC420034143C0034E2
:1036A000803B003438B50A4B93F800514DB9094CB2
:1036B000A3699847284607F0AFFD00F0EFFE636965
:1036C0009847054A936843F00803936038BD00BFEC
:1036D000BC420034143C0034803B003410B5084B2D
:1036E00093F8003133B9074CA369984700F0D6FE30
:1036F00063699847044A936843F00103936010BDDF
:10370000BC420034143C0034803B003470B50F4D93
:1037100095F800619EB90E4CA369984723689847B5
:1037200002F0D2FB0B4B05F58670D3ED160A93ED34
:10373000BD0A00F031F9636985F809619847064AC6
:10374000936843F00203936070BD00BFBC42003435
:10375000143C0034483C0034803B0034064B074A9C
:10376000DA60074A1A61074A5A61074A9A61074AAA
:10377000DA61074A1A627047803B0034DD36001276
:103780000D370012FD350012A53600126D360012FD
:10379000353600120022024BC3E90122704700BFF8
:1037A000803B00342DE9F04100254FF00108284608
:1037B000104C276808FA05F263683A42A16803EAE8
:1037C000020610D056B948B91343636021EA0201DA
:1037D00004EB8503DB68A160984701200135062DC5
:1037E000E7D1BDE8F081002EF8D011421CBF934311
:1037F0006360F3E7803B00340022024BC3F80421EE
:10380000704700BFA0360034F8B54A4E4A4D96F8CE
:1038100050342DED028B012BD5ED1F8AAF6F40F098
:10382000868006F2544393ED007AD5ED4E7A95EDFD
:10383000290A67EE877A20EE400AA7EEA70AB5EEBE
:10384000C00AF1EE10FA48BF9FED3C0A3C4C84EDF3
:103850003E0A08F031FBD5ED287AF0EEE77A394BD5
:1038600084ED3F0A94ED418A30EE670AD3ED007A89
:1038700084ED400AA0EE278A95ED260A324B20EE11
:10388000400AD3ED067AA7EEA70AB5EEC00AF1EE1C
:1038900010FA48BF9FED290A08F00EFB96ED0A7A50
:1038A000DFED2A7A67EE277AB4EE670AF1EE10FAB6
:1038B000B4EEC70A48BFF0EE407AF1EE10FA84ED9C
:1038C000440ACCBFB1EE470AB1EE400A30EE680AB6
:1038D000B4EEC08AF1EE10FA77EEE87A24D4B4EEB2
:1038E000678AF1EE10FA37FE888AB5EEC08A9FED3E
:1038F000137AF1EE10FA48BFB0EE487A4CBF0123BC
:103900000023C4ED437A84ED420A84ED418A84EDBC
:10391000457A78EE878A84F8F430C5F88070C5ED72
:10392000218ABDEC028BF8BDB0EE408ADDE7C5F818
:103930008070F4E7483C0034C839003400000000CF
:10394000A0360034A4400034603B0034CDCC4C3D64
:1039500090ED017A67EE007AFDEEE77A17EE903A85
:103960001E2BA8BF1E2323EAE37307EE903A90EDC7
:10397000006AF8EEE77A00EB8302A7EEC60AD2ED02
:10398000026AD2ED037A27EE007A77EEE67AE7EE66
:10399000276AB0EE660A7047C0EE207A0023FCEE7C
:1039A000E77A80ED000AC0ED010AC0ED027AC3603B
:1039B00070470023C3607047D0E90223934238BFA9
:1039C0000133C3607047D0E90202824234BF002055
:1039D000012070477047002303618361C361704712
:1039E00080ED000AC0ED010A80ED021AC0ED031A55
:1039F000704730EE600A90ED017AD0ED047AE0EE87
:103A0000077A90ED007A80ED051AA0EE071AC0ED56
:103A1000047A90ED027A77EE817AB4EEE77AF1EEED
:103A200010FA80ED060A06DB80ED077A37EE417A60
:103A300080ED047A704790ED037AB4EEE77AF1EE08
:103A400010FAF1D9C0ED077A7047D0ED007A80ED19
:103A5000051AA7EEA01A80ED070A30EE410AC0ED64
:103A6000060A80ED040A7047002380ED010A036016
:103A7000704790ED007AD0ED017A30EE077AF6EEDD
:103A8000006AE7EE267A80ED000AC0ED017AB0EE1A
:103A9000670A704790ED017AD0ED027A77EEC77A27
:103AA0009FED047A67EE877A0368C1ED017A0B60B7
:103AB000704700BF3ACD133FD0ED017ADFED0A6ABF
:103AC00067EEA67A90ED007AFEEE006AB0EE676AC5
:103AD000E7EE267A97EE266A81ED007A81ED016A9B
:103AE000C1ED027A704700BFD7B35D3FB5EEC00AA3
:103AF000BFEE007AF1EE10FADFED2A7A67FE877AE0
:103B00009FED297A40EE077AFDEEE77A9FED277A5E
:103B1000F8EEE76A2649A6EEC70A91ED1B7A20EE79
:103B2000077ABCEEC77A17EE102AF8EE476A91EDD5
:103B30001A7A17EE903A10B501EB8204C2F15B02DB
:103B400001EB8201A6EEC70AD1ED005AD4ED1C6A42
:103B500003F00303022B20EE267A60EE257A15D0BF
:103B6000032B1AD0012B35EEC77A0BBFF1EE666A34
:103B700036EEA76AB0EE476AF0EE477A08BF76EEF7
:103B8000E77A80ED006AC0ED017A10BDF1EE666A59
:103B900036EEE76A77EE657AF3E737EE656A76EE3A
:103BA000A77AEEE70000000083F9223FDB0FC93F50
:103BB000483C0034D0ED015AD1ED006A90ED006A26
:103BC000D1ED017A26EEE57AA6EE277A67EEA57AA0
:103BD000E6EE267A82ED007AC2ED017A7047D0EDEA
:103BE000015AD1ED006A90ED006AD1ED017A25EE1F
:103BF000A67AA6EE277A67EEA57AE6EE667A82EDD9
:103C0000007AC2ED017A7047B5EEC00AF1EE10FA03
:103C1000F5EEC00ACCBF01220022F1EE10FA08B581
:103C2000CCBF0123002343EA4203012B4AD0022BDD
:103C300017D070EEC07AF5EEC07A7BB3F1EE10FAD1
:103C40002E4805DDBDE8084080EE200AFFF780BE63
:103C500080EE800AFFF77CFEDFED297A37EEC00A9E
:103C600011E070EE207AF5EEC07AF1EE10FA0BDD7D
:103C7000F1EE600A214880EE800AFFF769FEDFED71
:103C8000207A30EE270A08BDB1EE400A1B4880EECC
:103C9000200AFFF75DFEDFED1B7ADFE7F1EE10FA99
:103CA000164808D580EE200AFFF752FEDFED157AA0
:103CB00030EE670AE7E780EE800AFFF749FEDFEDA6
:103CC000127ACBE770EE207AF5EEC07AF1EE10FAB8
:103CD00009D5F1EE600A094880EE800AFFF738FE48
:103CE000DFED077AE4E7B1EE400A044880EE200AEF
:103CF000FFF72EFEB1EE400AC5E700BFB83D003425
:103D0000DB0FC93FDB0F4940DB0FC9BFB5EEC00A6F
:103D1000F1EE10FA08B5064803D4BDE80840FFF7F5
:103D200017BEB1EE400AFFF713FEB1EE400A08BD20
:103D3000403E0034B5EEC00ABEEE007AF1EE10FA55
:103D4000F6EE007A67FE877A9FED067A40EE077AF4
:103D5000FDEEE77A9FED047AF8EEE77AA7EEC70A60
:103D6000704700BF83F9223EDB0FC940B4EEE01A72
:103D7000F1EE10FA0BDB31EE401AB4EEE01AF1EE80
:103D800010FA58BFF0EE410AB0EE600A704731EE0B
:103D9000001AB4EE601AF1EE10FA48BFF0EE410AD4
:103DA000F2E7000090ED007AD0ED016AB4EEE67A19
:103DB000F1EE10FAD0ED027A0CDBB4EEE77AF1EE18
:103DC00010FA13D9F4EEE76AF1EE10FA14DD0F4B96
:103DD00018460EE0F4EEE76AF1EE10FA0FD9B4EEF1
:103DE000E77AF1EE10FA0DDD094BF1E740F2012020
:103DF000084B0B60106070474FF48133E8E74FF4D5
:103E00008173E5E740F201230248F2E70001020076
:103E10000100020002000100C368002B18BF013B33
:103E2000C36070470023036043608360C360036125
:103E300043617047D0ED007AB7EE007A77EE877A6B
:103E4000C0ED007AD0ED017A77EE807AC0ED017A8C
:103E5000D0ED027AE0EE007AC0ED027AD0ED037A7E
:103E6000E0EE207AC0ED037AD0ED047A77EEA07A06
:103E7000C0ED047AD0ED057AE0EEA07AC0ED057AC7
:103E8000704710B52DED068BD0ED019A90ED009A9C
:103E900090ED048A90ED027A69EEE97A28EE480AFC
:103EA000E9EE077A90ED057A68EE698AA9EE070ACD
:103EB00090ED037AE9EE078A88EEA7AAC0ED067AAC
:103EC00080ED070AC0ED088A80ED09AA27EE800A76
:103ED000044607F0F1FFA9EECA8AC8EE807AC4ED65
:103EE0000B7AC8EE097ABDEC068BC4ED0A7A10BDD8
:103EF00038B5184D9FED187AD5ED027A174C67EE5C
:103F0000877A94ED027AB5F8383367EE877A07EE50
:103F1000103AB8EEC77AC7EE876A04F1200005F5BB
:103F20004E71C4ED156AFEF765FF04F12801A1F199
:103F30000800FEF75DFFD5EDD37A9FED090AD5EDB8
:103F4000160A04F1100080EE270ABDE83840FFF79A
:103F500023BD00BF483C0034DB0F4940BC3B00346C
:103F6000920A863F022310B50A4C9FED0B0AC4E962
:103F700000334FF0FF33E3604FF07E5304F1200035
:103F80002365FEF769FF04F11000BDE81040FFF75C
:103F900010BD00BFBC3B00340000000010B52D4C2C
:103FA00023680BB1072B05D12B4A137843F020036C
:103FB000137010BD04F11000FFF705FD002833D089
:103FC0000023A3622268254B03EB8203D3ED007A22
:103FD000234B93EDD57A77EE877A6368C4ED087A40
:103FE0009A4216D094ED090A37EEC00AFFF7A2FEF6
:103FF000B5EEC00AF7EE007AF1EE10FABFEE007AE5
:10400000236A67FE877A1748C4ED147A6362FFF764
:10401000D0FC236814486360FEF72AFF134BA26AA2
:104020009A62626B1A65C4E704F11000FFF7C4FCE2
:10403000E368002BC6D0D4ED157A94ED147A27EE00
:10404000277A07EE903AF8EE677AC7EE276AC4ED52
:104050000A6AB7E7BC3B0034083B00346004003414
:10406000483C0034CC3B0034DC3B0034C8390034DD
:104070004FF44032CC4BCD492DE9F04FC3E900124B
:104080004FF08242CA499A605964CA49CA4A59657E
:104090000F21DA601A61C94A01279A61C84AD965B5
:1040A000DA61C84A00211A62C74AC84DDA62C84AB2
:1040B000DFF8A4B31A63C74ADFF8A0E35A63C64A1D
:1040C000C64EDA634FF07E521F65C3F88412C3F800
:1040D0008C12C3F89412C3F89C12C3F8A412C3F84C
:1040E00014B0C3F824E09D621A64C3F88022C3F8B8
:1040F0008822C3F89022C3F89822C3F8A022C3F8FC
:10410000A822C3F8AC12C3F8FC62B54E4FF00A09FE
:10411000C3F80063B34E0024C3F80C63B24E4FF0F3
:104120007C5CC3F81063022683F818634FF47A7638
:10413000F5EE007AC3E9C896DFEDAC6A4FF07F5622
:104140009FEDAB7A4FF48048AA48DFF814A3C3F878
:10415000C802C3F8CC02A848C3F8B412C3F8D80206
:10416000A648C3F8BC12C3F8E002A548C3F8C412BD
:10417000C3F8E402A348C3F8ECC2C3F8F002A248B3
:10418000C3EDBD7AC3F8F802C3F82C039F48C3ED12
:10419000D06AC3F83C03C3F84403C3F8B022C3F8A1
:1041A000B822C3F8C022C3F8D0A2C3F8D42283F83F
:1041B000DC4283F82843C3F83053C3F8486383EDE7
:1041C000D37AC3F85413C3F8A813C3F8AC139049B7
:1041D000A3F85883C3F8B4138E49DFF88882C3F874
:1041E000B8138D49C3F87883C3F8C813DFF8788211
:1041F0008A49C3F88083C3F8D013DFF870828849F6
:10420000C3F88483C3F8DC13DFF864828549C3F8FC
:104210008883C3F8E013DFF85C828349C3F85C034A
:10422000C3F86403C3F8BC03C3F8F403C3F8F8038A
:104230007E48C3F874C3C3F8D483C3F8D8C383F8E3
:10424000E873C3F8EC1303F5806CC3EDD86A83ED13
:10425000DB7AC3EDDC7A83F85043C3F86863C3F8B4
:10426000A423C3F8B023C3F8E4B3C3F8F01383F86E
:104270000494DFF80492CCF8000003F5816CCCF8CC
:10428000009003F2144CCCF800A0DFF8F09103F298
:10429000244CCCF8002003F5856CCCF8009003F298
:1042A000444CDFF8DC91CCF8002003F5896CCCF8A5
:1042B0000090DFF8D09103F24C4CCCF8009003F260
:1042C000C44CCCF80080DFF8C08103F5996CCCF8C1
:1042D0000080DFF8B88103F2CC4CCCF80080DFF826
:1042E000B08103F59A6CCCF80080DFF8A88103F266
:1042F000DC4CCCF80080DFF8A0C103F59C6883F8A3
:104300005074C8F800C04A4F03F2E448C3F8FC03F5
:10431000C8F8000003F254400760464F03F58B6075
:10432000076003F58C60444F026003F2644007604D
:1043300003F58D60C0F800E003F58F6001603F4831
:1043400003F27C4108603E4803F5906108603D48F7
:1043500003F28C41086003F593610D603A4803F263
:10436000EC41C1F800C003F59E6183F8D44483F8A2
:10437000D84483F8E844086003F2F44133480D6000
:1043800003F59F610860324803F2FC410860314840
:1043900003F5A061086003F2045103F5A2630A600B
:1043A0001E60BDE8F08F00BF483C0034213F52F44E
:1043B0003333733F00606A46F0A22F3A6666E63EEA
:1043C00014AEC73ECDCC2C41D7B35D410000E03FD9
:1043D0008570D14464141D45000020400000D8427F
:1043E0009A99993F9A99993E0000B442E4CB1641BC
:1043F00052775641FF5F6A460000A04000004041EE
:104400009C5349360AD7233C8570D143959EEB4394
:104410005B120B3CD1A66237969E6B45378DA74346
:10442000A48C38379C5349371D431346DB0FC940D2
:10443000907BEC3EE4CB96419999493F959E6B4425
:10444000DD7EBC4334898445CDCCCC3C0000603F4C
:10445000378D274464149D44A69BC43B00006040F4
:10446000000020410000C041CDCC4C3E0AD7A33C07
:104470006F12033B378DA742DD7EBC421D4393453F
:104480006766063F3F0AD73E378D27429A99193E05
:104490008FC2F53BCDCCCC3DCDCC4C3D70B5544C12
:1044A0002DED068BD4ED036A94ED047AC6EE877A7F
:1044B0009FED507AF4EE477AF1EE10FAD4ED156ADA
:1044C00048BFF0EE477AB7EE008AC4ED0E7AC8EE28
:1044D000267AC4ED167AD4ED147AF8EE677A67EE90
:1044E000A67A88EE277A84ED137A94ED177AB8EEDF
:1044F000477A86EE876A88EE067A84ED197A94ED1B
:10450000B97A37EE077ADFED3C8A27EE277AC4EDD9
:10451000127A84ED186A84EDBA7AC4ED1A8A0025FD
:10452000364B04F17006E36607EE905AB8EEE70AE0
:1045300020EE280A07F0C0FD0135402DA6EC010A47
:10454000F2D19FED2F9A002584ED5C9A84ED7E9A3E
:104550002C4B2D4EC4F87431C4F8FC3107EE905A40
:10456000F8EEE78A68EE898AB0EE680A07F0C6FCC2
:10457000A6EC010AB0EE680A07F072FC0135202DA6
:1045800086ED210AEAD194F88C35DA070DD4D4ED02
:10459000DE7A9FED1E7A27EE877A84EDC17A9FED51
:1045A0001C7A67EE877AC4EDC27A9E075CBFD4EDB1
:1045B0000D7A77EEA77A94F8043458BFC4EDC57A23
:1045C0000D2BD4ED027ADFED139AB6EE00AA0CD8CB
:1045D000012241F281719A400A421DD112F05E0F10
:1045E00040F0B0810D2B00F0B981B0EE697A22E085
:1045F000483C0034AE47813FDE40CC3C9D6D2042BC
:104600000821043D0000F841C03D00343333333FFE
:104610006666A63F00000000D84AD4EDCB6AB2EC33
:10462000016A66EE8A6A92ED007A66EEA76A36EE55
:10463000476A86EE267A0C2B84EDC77A02D0062BC9
:1046400040F09481012394EDE07AD4EDE16AFCEE30
:10465000E77A27EE266A77EE26AAB0EE469A84F825
:10466000343317EE903AD4EDE27A7AEEA7AA67EEE9
:10467000868AA6EEA79A38EEEA0AA7EE279A20EED7
:10468000000A84EDE49A38EE499A03EB4303A9EE5D
:10469000090AA4F83833C4EDE3AAC4EDE58A07F0AB
:1046A0000BFCF0EE490A84EDDF0A3AEEE80AFFF768
:1046B000ABFAB34884EDE60AB1EE400AFFF716FA0A
:1046C00094F88C25D5060FD4D4EDEF7AD4ED056A95
:1046D00087EEA67A67EEA77A84EDF07A87EEA67A5F
:1046E00067EE0A7AC4EDF17A94ED027A94ED054A08
:1046F00067EE077A9FEDA36A67EE847AC6EE276AB3
:1047000094EDF76AD4EDF87AD4F89833500726EE92
:10471000866AC4F8CC3366EEA76A0FD49A4B194662
:10472000F1EC017A67EE865A67EEA67AC1ED005A7F
:10473000D3ED035A67EEA57AC3ED027A934B27EEC9
:10474000047A1946A1EC016AC1ED006ADFED906AB6
:10475000C6EE877A94EDF97A67EE877A1107C3ED92
:10476000027AD3ED044A94ED036A94ED047AD4ED11
:10477000066A0DD466EE247AC3ED057A67EE247AD4
:10478000C3ED067A66EEA47AC3ED077AC3ED087A24
:10479000DFED805AD4EDDE7A7F4B67EEA57A1946BD
:1047A000E1EC017A9206C1ED007AD4ED165A0BD4F1
:1047B00067EE877A84EE275AD3ED077A65EE277A7B
:1047C00067EEA57AC3ED087A37EE066A26EE0A6A26
:1047D00086EE265AC5EE257AF5EEC07AB6EE006A68
:1047E000F1EE10FABEEE004A66FE043A77EEA37AC6
:1047F000FDEEE77AF8EEE77A684B67EEA57A1A469F
:10480000E2EC017AF2EE047A25EE275AC5EE257A1B
:10481000F5EEC07AF1EE10FA26FE046A77EE867A9B
:10482000FDEEE77AF8EEE77A67EEA57AC2ED007A58
:10483000DFED5B7A66EEA76A53ED017A66EEA76A52
:10484000D3ED0B7AC3ED026A27EE877AD3ED036AC4
:1048500083ED0C7A26EE877AD4ED0E6A83ED0D7A1D
:1048600067EE8A7A36EEC87A67EE877A87EEA67A9E
:10487000D3ED057AC7EE876AB5EE006AC3ED066A26
:1048800067EEA76A66EE866A86EE876A83ED0A7A25
:1048900083ED076A93ED047AB0EE006AC6EE076A0C
:1048A00027EE076AC3ED126AC8EE066AC3ED136A03
:1048B000C7EE246A88EE277ADFED3A7A67EE277A28
:1048C000C3ED146A00229FED386ADFED386A9FED70
:1048D000387AC3ED099A83ED0E8AC3ED0F9AC3EDC2
:1048E000109A83ED118AC3ED157AA83307EE902A4A
:1048F000F8EEE75AF0EE667AE5EE867A67EE877AAA
:104900000132192AE3EC017AF0D12A4B9FED2A7A81
:1049100053ED1A7A67EE877A1A4688EE277ABDEC4D
:10492000068B264983ED047A42F8041B2449116062
:10493000244A9A60244ADA60244A43F8702C43F8E7
:104940006C2C70BD224A94EDCC6AF2EC016A92EDB7
:10495000007A76EEC76A86EE867A6CE61D4AB2EC7D
:10496000017AD2ED006A37EE667A64E60B2B03D04B
:10497000052B01D0002366E6022364E60C410034D7
:10498000E43F0034ABAA2A40504000346040003479
:10499000ABAAAA3F3ACD133F84400034B440003460
:1049A000A9DE174000002042555505410000614432
:1049B000DB0FC940C0410034CDCCCC3D265F0D4457
:1049C000265F8D438FC2353E6EBFC842CADD103EA2
:1049D000904000343441003437B54FF44032104930
:1049E000104DCDE9001202A9EB690F4A11E903004D
:1049F00098470D4C30B9FFF73BFBFFF74FFD2046C2
:104A00002B6A9847094BE2889A806FF06F029A717F
:104A10000122DA7109221A7200225A7203B030BDE3
:104A2000213F52F4143C0034483C00343C3C0034F8
:104A3000114BDFED126A93ED047AD3ED037A77EE32
:104A4000C77AB0EEE76AB4EEE66A93ED057AF1EE66
:104A500010FA54BFC7EE276ADFED096A094B54BF4D
:104A600001220022C3ED296AC7EE876A83F8A020DD
:104A7000C3ED2A6A704700BF483C00345F7089303C
:104A800000000000A036003410B52DED048B1A4B49
:104A90001A4C93F8A02094ED1D8A32B90023E367E5
:104AA00084ED1E8ABDEC048B10BD28EE089AB2EE90
:104AB000000AD3ED298A29EE000AA8EEA80A07F019
:104AC000FBF9F5EE007A38EEC00A20EE270AA0EED8
:104AD000409A84ED1F0AB0EE490A07F0EDF9B5EEF1
:104AE000C08AFFEE007AF1EE10FAB7EE008A28FED7
:104AF000278A20EE088AD3E7A0360034C83900346C
:104B0000F7EE006A10B5124B2DED028BD3ED2A7A29
:104B100090ED017AB0EE668AA7EEC78A90ED007A32
:104B200028EE078AB0EE667A67EE887AA7EEA77A53
:104B300027EE077A86EE870AA7EEA70A0C4607F04B
:104B4000BBF920EE080ABDEC028B84ED000A10BD13
:104B5000A0360034002303604360704760EE217A82
:104B6000C0ED027AC0EE807AC0ED037AC1EE007A21
:104B700067EEA17AC0ED047A7047D0ED007AD0EDEF
:104B8000046A90ED017AA6EEA77AD0ED036AA7EE4B
:104B9000E60A80ED017AD0ED026A30EE477AE7EE60
:104BA000267AB0EE670AC0ED007A704790ED007A81
:104BB000D0ED017AD1ED016AE6EE877AC1ED027A95
:104BC0007047D0ED037A90ED027AD0ED006A37EEAF
:104BD000677AE7EE267AC0ED037A70471E4A1F4BCC
:104BE000D2ED167A92EDB27A27EE877A83ED107ABB
:104BF00083ED147A83ED187A92EDB37A67EE877AB3
:104C000092ED197AC3ED207AC3ED247AC3ED287AA8
:104C1000D2EDB47A67EE877AC3ED2C7AD2EDB57A0D
:104C200067EE877AC3ED307AD2EDB67A67EE877A8F
:104C300092EDBD7AC3ED347AD2ED157AF1EE046AC5
:104C400067EE877A86EEA77A4FF07E5283ED1F7A61
:104C5000034B5A60704700BF483C0034D8410034D1
:104C6000C83900340022084BDA64DA65DA66C3F822
:104C70008C20C3F89C20C3F8AC20C3F8BC20C3F838
:104C8000CC20C3F8DC207047D8410034F8B5794B0C
:104C9000794C93F8DC2294ED1D6A012A00F09D8086
:104CA000626804F140016264626903F52070626524
:104CB000626A6266FFF77AFF04F1500103F5227021
:104CC000FFF774FF04F1600103F52470FFF76EFF36
:104CD000D4ED127A94ED1C7A77EEC77AC4ED127A8D
:104CE000D4ED167A77EEC67A94ED1E7AC4ED167A74
:104CF000D4ED1A7A77EEC77AC4ED1A7A5F48FFF7D7
:104D000060FF1030FFF75DFF1030FFF75AFF5C4D7A
:104D1000E36C05F1B406C5F8A830E36D3146C5F87B
:104D2000AC30E36E05F1A800C5F8B030FEF7B2FE76
:104D3000544B93F84C314BB9534B93F844312BB946
:104D400096E8030005F1BC0383E803004F4B504F86
:104D50005B6A98470646002872D04E494E48FFF7D6
:104D600025FF10310830FFF721FF10310830FFF721
:104D70001DFFA1F12000FFF724FFA1F11000FFF7B4
:104D800020FF0846FFF71DFF94ED236AD4ED276A44
:104D900094ED2B7A76EE267ADFED405A77EE877A1D
:104DA00067EEA57A85ED426AC5ED436A85ED447AE2
:104DB00036EE676A76EEE76A37EE677A3849C5ED10
:104DC000487A01F1380085ED456AC5ED466A85ED02
:104DD000477AFEF75FFE3E70F8BD03F5227021466C
:104DE000FFF7E4FE04F11001FFF7E0FE94ED027A14
:104DF000D4ED067A37EE467A77EEC67AF1EE676A38
:104E0000C4ED067A77EEC77AC4ED0C6AC4ED0D7A6C
:104E100084ED0E7AE36B84ED027A1B68DAB204EB60
:104E20008202126BA264C3F30722C3F3074304EBAD
:104E3000820204EB8303126B1B6BA265A3665DE722
:104E40003B78002BC7D0174B174C94E8070083E83A
:104E500007000022C5F8202103F10C0594E80700A3
:104E600085E80700114A2C3B92E8030083E8030021
:104E7000B1E700BF483C0034D84100341842003448
:104E8000C8390034BC4200344C850034143C003432
:104E90008004003458420034E03E0034ABAAAA3EFD
:104EA000A43A0034D03A0034B03B0034A43B003480
:104EB0003F4A404808B502F1B001FFF777FE02F122
:104EC000C0010830FFF772FE02F1D0010830FFF791
:104ED0006DFE02F1B000FFF774FE02F1C000FFF7B3
:104EE00070FE0846FFF76DFED2ED377A324BD2F8EE
:104EF000BC10C3ED027AC3F83811D2F8CC10C3F855
:104F00003C112E4991F8280301282CD091EDC77A45
:104F1000F4EEC77AF1EE10FAC3ED047ABFEE007A30
:104F2000F7EE007A92F8E020C2F3400098704CBF90
:104F30000120002012F0010F47FE277AC3ED017A0D
:104F4000D87091F80424D3ED017A062A0ED87AB1EC
:104F500093ED047A67EE877A91EDCC7A67EE877AE3
:104F6000C3ED1A7A08BDDA681A61EAE70D2A14D08F
:104F700093ED047A67EE877A91EDCB7A67EE877AC4
:104F8000B6EE007AC3ED067A67EE877A91ED027A83
:104F900067EE277AC3ED057AE4E7094A92ED697A6C
:104FA00027EE277A83ED067A92ED687AF0E700BF64
:104FB000D8410034F83E0034C8390034483C00344D
:104FC0004C850034174A184B92F8DC22D3ED1D7A39
:104FD000012AD3ED1F6A16D093ED1C7A93ED126A65
:104FE000A6EE267A83ED1C7A93ED167AE7EE267A02
:104FF00093ED1A7AC3ED1D7AD3ED1E7AE7EE267A89
:10500000C3ED1E7A704793ED066A93ED027A37EE90
:10501000067AB6EE006A27EE067AE7EE267AC3ED48
:105020001D7A7047483C0034D841003401220023E7
:10503000F0B500F10C0400EB8306B4EC017AD6ED78
:10504000027AB4EE677AF1EE10FA55B202F101027B
:10505000C8BF2B46062AEED1C35693FBF2F40B7061
:1050600002FB1434043393FBF2F502FB15330022E8
:10507000154616460134013364B25BB210F902C022
:1050800057B2644516D0634508BF3D460132062A33
:10509000F4D100EB850300EB8602D3ED027A92EDAA
:1050A000027AB4EEE77AF1EE10FAACBF83574357B9
:1050B0004B70F0BD3E46E9E710B51E4C1E4804F2A9
:1050C0006C4393ED000AD4ED160AFEF765FC04F577
:1050D0008E6393ED000AD4ED160A1848FEF75CFCC7
:1050E00004F2744394EDDE7AD3ED006AC6EE877A5B
:1050F000F5EEC07AF1EE10FAB7EE007A16D4F4EEBF
:10510000477AF1EE10FA77FE277A37EE677AF6EEF5
:10511000006A27EE267A002277EE277A084B83F87A
:105120003821C3ED617A83ED627A10BDDFED057A37
:10513000EBE700BF483C0034B8370034C8370034D0
:10514000A0360034000000000022024B83F8382112
:10515000704700BFA036003438B56F4C94F8385112
:10516000012D33D0022D67D0002D64D104F58C7051
:10517000FEF71FFC694BD4ED617A9A8894ED627A50
:10518000A4F84021A4F860210022C4F8A8219A794B
:10519000186812F0010F624B47FE276A12F0020FE7
:1051A000C3ED496A47FE276A12F0040F47FE277ACB
:1051B000C3ED4A6AC3ED4B7AC4F83C01C4F85C0104
:1051C00084F88C51012384F8383134E004F58C7074
:1051D000FEF7F2FB04F58C70FEF7F5FB58B304F50F
:1051E0009470FEF7E6FB00234E4AC4F87C31C4F805
:1051F00080314D4B07CA83E807000223F7EE007A9F
:10520000BFEE007A94F98C2184F83831434B134473
:105210009B7913F0010F47FE276A13F0020FC4EDCC
:10522000656A47FE276A13F0040F47FE277AC4ED2C
:10523000666AC4ED677A38BD394D94ED667AD5ED6E
:105240002B7AD5ED2A6A67EE877A94ED657AE6EED9
:10525000877A94ED677AD5ED2C6AE6EE877AB6EE1A
:10526000007A67EE877AD4F83431C4ED687A002B7F
:1052700040D194F98C3104EB8303C3ED517A2B4870
:10528000C4ED697AFEF798FB2848FEF79CFB0028DE
:10529000D1D0D4ED5F6A94ED607AC6EE877A94F946
:1052A0008C3104EB8302042BC2ED597A31DC2048A7
:1052B000FEF77FFBD4ED617A94ED627A94F88C313D
:1052C000164A01335BB284F88C3113449B7913F096
:1052D000010F47FE276A13F0020FC5ED496A47FE2A
:1052E000276A13F0040F47FE277AC5ED4A6AC5ED19
:1052F0004B7A67E7D4ED696A94ED5F7AA6EEA67AF9
:1053000084ED5F7A94ED607AA7EEA67A84ED607AF8
:10531000B5E7032357E700BFA0360034810400340B
:10532000C8390034B03B0034EC3A0034C83700349C
:10533000B837003438B52A4C94F83831032B41D1B2
:1053400004F28D1104F59E70FFF770FE04F5AE7047
:1053500004F28F11FFF76AFE94F98F0194F98D31F1
:10536000834230D194F98E3194F99021934214BF45
:105370000523042394F9901184F83831451A032D3C
:1053800094F89021C3B220DD013B05325BB252B2EA
:1053900007EE903A9FED137AF8EEE77A9FED120A46
:1053A000A7EE870A07EE902A9FED107AF8EEE77ACB
:1053B000A7EE870A84F8913184F89221FEF7BAFCAF
:1053C00084ED6A0A38BD0523D4E7091A032902F1DE
:1053D000FF32CCBF053303F1FF3352B25BB2D7E7E4
:1053E000A0360034DB0F493FDB0FC93F920A863EEF
:1053F000094B0A4803F58262D3ED081AD3ED167AF9
:10540000D2ED000A03F20C43B1EE611A60EEA70A76
:1054100093ED000AFEF7E4BA483C0034203700342C
:105420000148FEF7D8BA00BF2037003414491548A8
:10543000D1ED007A90ED107A67EE877A90ED077AD9
:10544000B5EEC07AB7EE006AF1EE10FAFFEE005A40
:10545000D1ED026A26FE256A66EE866A91ED016A42
:10546000094B27EE067AC3ED1C7A77EEA67A77EE23
:10547000877AC3ED1D6A83ED1E7AC3ED1F7A7047EC
:1054800060400034C8390034A036003408B5FFF756
:10549000CDFF074B0748D3ED070AD3ED0E7ABDE8E1
:1054A000084090ED1F1A70EEE70A8030FEF7CDBA83
:1054B000C8390034A036003438B5094D094CFFF71F
:1054C000B5FF95ED1F1AD4ED0E0A94ED070A05F10C
:1054D0008000FEF78EFAD5F89C30E36638BD00BF39
:1054E000A0360034C8390034014B1B69184700BF8F
:1054F000143C0034054B064A93ED017AD2ED007A54
:1055000067EE877AC3ED1D7A704700BFC839003453
:105510009040003408B5FFF7CBFCFDF7A3FFBDE8D2
:105520000840FEF73FB908B5FFF7B0FBBDE80840FB
:10553000FDF77CBF7FB51D4B1D4D93F8303001AC9E
:10554000022B95E807001B4E84E8070029D1336938
:105550009847194B93F818331BB1012B1DD0174BEB
:105560001CE095E8070084E807000023144D85F847
:10557000753185F8763173689847FDF7D7FD94E863
:105580000700104B83E8070095F8013185F80031DA
:10559000B36804B0BDE8704018470B4B93E80700B0
:1055A000E1E7012BE1D1F3689847DEE7083B0034DF
:1055B000B03B0034143C0034483C00344804003410
:1055C000BC420034EC3A003454040034FFF7BCBD54
:1055D00070B501F0FFF800230A4C0B4D6367FDF72F
:1055E00037FE6B689847D4E9370104F1CC03C4F85F
:1055F000E43083E803002B699847AB68BDE870404E
:10560000184700BFC8390034143C003408B5044BB7
:1056100093ED000AFDF7DAFDBDE80840FDF718BE7E
:10562000044100341FB5164B164C1B680093164BF3
:105630000193FDF70DFE94F83433022B03D19DED59
:10564000010A05F0D9FB94F83433BBB90F4B94ED44
:10565000047AD3ED007AD4ED066A27EE277AC7EEF6
:10566000267A94ED057A002377EE877A694601AAB7
:1056700002A8CDED027A039305F08AFC04B010BDB8
:10568000AC3B0034483C0034DB0FC93FAC40003435
:1056900008B50F4B93F800315A1E032A17D8023B66
:1056A000012B10D80B4B93F8342362B993EDF40A15
:1056B000FDF7FAFCFFF7B4FE0022074B5A67BDE87E
:1056C0000840FEF799B8054B93ED000AF0E708BDD6
:1056D000BC420034483C0034C83900340C4100342A
:1056E00038B5244B244D1B68984795F83433234C28
:1056F000012B36D0022B38D0236B6363A36DE36597
:10570000FDF734FD1E4BD4ED1A7A93ED067AF1EED7
:10571000470AF4EEE07AF1EE10FA05D4F4EEC77A17
:10572000F1EE10FA77FE270AD5ED167A95EDBF0A4D
:1057300094ED1D1A20EE270AC4ED1C0AFEF716FB95
:1057400084ED1D0AFFF7A0F90E4B13E9030083E86F
:105750000300FDF78BFD01F095FABDE8384001F03C
:1057600041B8A36A6363236DC9E7E36A6363636D4A
:10577000C5E700BF98040034483C0034C839003401
:10578000603B0034483A003408B506F0EDF8BDE857
:10579000084001F077BA05F0CDBF000010B5074C06
:1057A0006368984705F06EFE054B93F8012183F876
:1057B0000021A368BDE81040184700BF143C003426
:1057C000BC42003408B50C48FEF7F6F80B4B1B68DA
:1057D00098470B4B93F83433012B0A4B15BF1A6BC8
:1057E0009A6A5A635A6314BF9A6D1A6DDA65BDE8F6
:1057F0000840FDF7BBBC00BF1C44003498040034D3
:10580000483C0034C839003410B50D48FEF7D4F8D0
:105810000C4B0D4C1B689847236BD43444F8A03CC8
:1058200054F87C3C44F8783CFDF7A0FC074B93E827
:10583000030084E80300BDE8104001F023BA00BF74
:10584000F843003498040034C8390034583900341F
:105850007FB5194B194D1A4CD3ED160A93EDDD0A9D
:1058600005F5B070FEF798F863689847E3689847C5
:10587000144B154A03F5927607CA86E8070003F130
:10588000DC02C3F8E420114A02AB92E80300104A9C
:1058900083E803001268184669460092019201AA43
:1058A00005F076FBFDF742FC95F8013185F80031F3
:1058B000A368984704B070BD483C0034BC42003433
:1058C000143C0034C8390034B03B0034A43B0034ED
:1058D000AC3B00341FB5114A114C92E80300114A49
:1058E000D4EDF47A92ED017A67EE877A0E4A02AB34
:1058F000126883E8030001921846694601AACDEDBB
:10590000007A05F045FB00F065FFD4ED160A94ED32
:10591000F60A0648FEF740F804B010BDA43B003478
:10592000483C0034C8390034AC3B00340C440034EB
:105930000F4B10B5D3ED6A0A0E4B0F4C93ED000AD6
:1059400005F0CAF90D4B04F59E7003F59862D3ED8E
:10595000160A92ED000AFEF71FF80123084A84F8A0
:105960004C31084B92E8030083E8030010BD00BFF0
:10597000A0360034AC3B0034BC420034483C003418
:10598000A43B0034943A003408B500F067FF0A4B9A
:105990000A4A03F264410968D3ED160AC2F8A0105E
:1059A0000021C2F8A41003F58C6292ED000ABDE854
:1059B00008400348FDF7F0BF483C0034C8390034C4
:1059C000E84300342DE9F041144C154E154DD6ED49
:1059D000160A96EDDC0A04F58E70FDF7DDFF6B68A4
:1059E0009847FDF7A3FB104B104A03F5927707CABF
:1059F00087E807000022DA615A6796F804340D2B15
:105A000004BF0B4BC4F8783194F8013184F80031AD
:105A10002B699847AB68BDE8F0411847BC42003499
:105A2000483C0034143C0034C8390034B03B0034E6
:105A3000D539001208B500F017FF01F023F9BDE8D1
:105A400008400148FDF7B8BFE843003413B51D4CCA
:105A5000D4ED060A94ED050AFDF730FB1A4B1B68DE
:105A6000984794ED160A6846FEF740F8694604F137
:105A7000980204F1BC00FEF79DF800F0B3FE94ED2F
:105A8000077A124BB0EEC77AD3ED006A53ED017A74
:105A9000E7EE267AF5EEC07AF1EE10FA94ED017A8F
:105AA00048BFDFED0B7A67EE277AC4ED287A00F065
:105AB000DBFE01F0E7F8FDF781FB0648FDF77CFF10
:105AC00002B010BDC83900349804003418410034C5
:105AD000000000000C44003410B5134C94ED050A8E
:105AE000D4ED060AFDF7EAFA94ED077A0F4BB0EE13
:105AF000C77AD3ED006A53ED017AE7EE267AF5EE28
:105B0000C07AF1EE10FA94ED017A48BFDFED087A21
:105B100067EE277AC4ED287A00F0A6FE01F0B2F80D
:105B2000BDE81040FDF74ABBC839003418410034C5
:105B30000000000070B5184E8AB0184CFFF770FCDA
:105B400073689847D4E92F0194ED160A08ADB3683D
:105B500085E803008DED010A98479DED010A04A830
:105B6000FDF7C4FF06AA284604A9FEF723F803A9F7
:105B700006A8FEF7C5FF0A4BDDED037A93ED000A98
:105B800020EE270A84ED1D0AFFF780FCFDF734FEA6
:105B9000FDF75EFB0AB070BD143C0034C839003418
:105BA0006C400034FFF7C6BBFFF7D6BA00B589B02A
:105BB000FDF74EFB0E4B02A81B6800930D4B93EDB7
:105BC0006A0A8DED010AFDF791FF002304930A4B49
:105BD00006AA5B6902A904A80593FEF700F86946C6
:105BE00001AA06A805F0D4F909B05DF804FB00BFCE
:105BF000AC3B0034A0360034483C0034234B10B595
:105C0000234CD97894F87431224A13BB19B3138901
:105C100003F4C073B3FA83F35B0992F90000002820
:105C200003DB92F90800002817DB5078C00716D470
:105C3000527A02F0010284F8741194F8761181B15D
:105C4000002384F87631FDF7C3FC012384F8753115
:105C500010BD0023E1E70B46DFE70122EBE700225E
:105C6000E9E76BB10C49D4F87031D1F820138B42BD
:105C700006D20122134484F87621C4F87031E7E794
:105C8000002AE5D0012384F87631E1E7C8390034F1
:105C9000BC420034083B0034483C003438B5264C44
:105CA000264D94ED050AD4ED060AFDF707FA244BBC
:105CB0001B68984795F83433012B35D0022B37D029
:105CC000236B6363A36DE365FDF778FAFFF7F4FBDD
:105CD0001C4BD4ED1B7A93ED067AF1EE470AF4EEF5
:105CE000E07AF1EE10FA05D4F4EEC77AF1EE10FA8C
:105CF00077FE270AD5ED167A95EDBF0A94ED1D1AA9
:105D000020EE270AC4ED1C0AFEF730F884ED1D0AC8
:105D1000FEF7BAFEFDF778FDFDF7A8FA00F062FD88
:105D2000BDE8384000F0AEBFA36A6363236DCAE7E5
:105D3000E36A6363636DC6E7C8390034483C0034E6
:105D400098040034603B0034034B93F8DC020128D4
:105D500001D100F0C3BF7047483C003470B5144C0B
:105D6000144D04F2C44393ED000AFDF79DF900229F
:105D7000114BC3F8A42000F071FD6B68984794F8AC
:105D8000DC32012B02D1002000F0A8FF94F804348B
:105D90000D2B08BF094A0A4B08BFC3F8782193F8B6
:105DA000012183F80021AB68BDE87040184700BFAF
:105DB000483C0034143C0034C839003469B900123E
:105DC000BC4200340C4A92F804319BB10B4B93ED6A
:105DD000057A0B4BB0EEC77AF3EC017AD3ED006A8B
:105DE00077EEE67AB4EEE77AF1EE10FA44BF0023DC
:105DF00082F80431704700BFBC420034C839003417
:105E00000C41003410B5144C94F84C311BB9BDE86A
:105E1000104007F049BA114BD3ED0E7A104BF0EE5B
:105E2000E77A93EDF47AF4EEC77AF1EE10FA0ADD30
:105E30000023B7EE000A84F84C31FDF7C7F994F857
:105E40004C31002BE3D007F033FA07F02DFABDE810
:105E5000104007F025BA00BFBC420034C8390034F6
:105E6000483C003408B50848FDF7A6FD074B93F8F9
:105E70003433012B07D1064B1B689847054B9A6AB0
:105E80005A631A6DDA6508BDD8430034483C0034C3
:105E900098040034C839003410B50A4C94F808311D
:105EA0005BB104F58670FDF787FD04F58670FDF79C
:105EB0008AFD18B1012384F8093110BDBDE81040F6
:105EC000FFF780B8BC42003408B5FEF787FEFDF747
:105ED0004BFA05F033F8FDF709F9FFF789FA00F0FE
:105EE00033FFFEF7A5FDFFF7E7F804F0C5FE05F068
:105EF00043FAFDF7FDFF04F02DFFB7EE000AFDF7B2
:105F000065F9FEF7AFFEFDF779FA124B124A1A60F7
:105F1000124B134A1A60134B93F80424092A15D024
:105F2000032A13D093F83423012A09D1FEF71AF873
:105F30000D4B00220D490B600D4B83F84C2108BD21
:105F40000C4B0D49022A08BF0B46F2E701220B4B0E
:105F5000F0E700BF90040034275500129404003489
:105F600015550012483C00349D3F0012980400343F
:105F7000BC420034A907003449AE0012055E00128D
:105F8000F0B500242D4F85B03B682D4E0093FDF7F2
:105F9000CDF8FEF767FEFFF743FA00F05FFC9DEDDA
:105FA000000AFDF781F8274B274D019396F834330B
:105FB000C5F8A440C5F8A040BBB906F26443D3EDD0
:105FC000007A96ED047AD6ED066A27EE277AC7EEB8
:105FD000267A96ED057A77EE877A694601AA02A8B5
:105FE000CDED027A039404F0D3FFFFF7ADF800F093
:105FF000F1FB164B97ED000AD3ED6A0A04F06CFE34
:1060000096F83433012B01D1FDF7ACFFFDF720F9F1
:1060100096F834336C67022B03D19DED010A04F02E
:10602000EBFEFDF7E9FBC5F88440C5F88040C5F8F4
:106030009C40C5F8984005B0F0BD00BFAC3B0034B3
:10604000483C0034DB0FC93FC8390034A036003467
:1060500038B5174D174CEB68984794F80831B3B929
:10606000AB699847144B154A1360154A1360154ADB
:10607000154B1A60FEF7B0FC2B689847FFF724FF1A
:106080000123124A84F8083113706B699847FFF7AF
:1060900077FF0F4B0F48D3ED160A93EDBD0AFDF7BE
:1060A0007BFC002384F8043184F8093138BD00BF3B
:1060B000143C0034BC420034D53900129004003442
:1060C00094040034A907003498040034C83900341B
:1060D000483C0034C8430034F8B53B4C3B4D3C4B86
:1060E00004F11006C4E95E3395E80F0084E80F0060
:1060F00005F110030FCB86E80F0004F1C00605F18F
:1061000020030FCB86E80F0004F1D00605F1300321
:106110000FCB86E80F0004F1E00605F140030FCB3A
:1061200086E80F0004F1200605F150030FCB86E846
:106130000F0004F1300605F160030FCB86E80F0075
:1061400004F1400605F170030FCB86E80F0004F15F
:10615000500605F180030FCB86E80F0004F16006BE
:1061600005F1900304F180070FCB86E80F0005F1DD
:10617000A00696E80F0087E80F0004F1900787E873
:106180000F0004F1A00787E80F0004F1B00787E8CB
:106190000F00B03504F1700787E80F0095E80F0095
:1061A000002504F1F00686E80F0084F8005184F819
:1061B0000851FFF74DFFC4F87051FDF7CFFABDE865
:1061C000F840FDF7E7BA00BFBC42003408E5001212
:1061D000D5390012074B10B5074C1B68984794F847
:1061E000003104EB03139B689847D4F87831BDE87D
:1061F0001040184790040034BC420034F8B5B84B46
:10620000B84E2DED0A8B1B68984796F80031B64DB5
:1062100006EB0313DB689847D6F87C31984705F204
:10622000C441D1ED009A05F5996191ED00AAAF4BFB
:1062300005F5896191ED009A05F24C4191ED00BAA6
:1062400093F8302005F2EC41A94B91ED00CA05F519
:106250009E6191ED007A93ED058AD3ED077AD5ED35
:10626000F4BAD5EDF56AD3ED1A8A96F80041B0EE8E
:10627000C88A611EF0EEE77A39EECAAA7BEEE66ABA
:10628000F0EEE88A93ED1D6A39EE4BBA3CEE477AA0
:10629000D3ED04AA96F804710E2910D8DFE811F0A6
:1062A0002400D1002E017601AB01CD01F901E401FA
:1062B000E401E401E401A30028026E020702002ABF
:1062C00040F06A8296F80821002A4DD096F80921FC
:1062D000002A49D01B78002B46D095F80434042BB3
:1062E00000F0B68101243FE01B78002B00F05682BD
:1062F000002A40F051827F48FDF765FB0028F1D06D
:10630000B4EEEACAF1EE10FA04D595F804340D2B78
:1063100000F03C82B4EEE98AF1EE10FA87F0010752
:1063200042DD95F80424002A00F032820A2A31D195
:10633000002F40F02D82F4EEC98AF1EE10FA07DD4D
:1063400095F80424911E01294BD9062A00F0C68035
:10635000B4EEE98AF1EE10FAC4DD002FC2D095F850
:1063600004340C2B08BF0D2496F8003186F8014147
:10637000A3420CD006EB03135B68984796F80131F3
:106380001B01F358984796F8013186F80031BDECAF
:106390000A8BF8BD002F00F00382072A02D00B2AD7
:1063A00040F005820224DFE7F4EEC98AF1EE10FA2C
:1063B0000BDD95F8042402F0FB02012AF2D0B4EEC2
:1063C000E98AF1EE10FABBDD04E0B4EEE98AF1EE01
:1063D00010FAB0DD002FAED095F80424083A012A57
:1063E000A9D80324C0E71B78002B00F0D781002A2E
:1063F00040F0D281F4EECA7AF1EE10FA07D595F8A2
:106400000434002B3FF46EAF0A2B3FF46BAFB4EEB5
:10641000EA7AF1EE10FA04DD95F804340D2B3FF41E
:1064200061AFF4EEEB7AF1EE10FA9DDD95F80434ED
:106430000A2B01D00D2B97D10123052486F80431B6
:1064400092E71B78002B00F0A981002A40F0A4817C
:106450002948FDF7B8FA002886D0B4EECA8AF1EED2
:1064600010FA07D595F80434072B3FF43BAF0B2BFC
:106470003FF438AFF4EECB8AF1EE10FA23D595F85D
:10648000043403F0FB03012B3FF42CAFB4EEEB8A92
:10649000F1EE10FA03DD95F80434072B0AD0B4EEC0
:1064A000E98AF1EE10FA7FF75FAF95F804340B2B11
:1064B0007FF45AAF95F80434DA1F534253410D2448
:1064C00086F8043150E7F4EEC98AF1EE10FADDDD0A
:1064D00095F8043403F0FB03012BD7D10F2443E7D5
:1064E00094040034BC420034483C0034083B00347F
:1064F000C8390034D8430034E84300341B78002BFB
:1065000000F04C81002A40F04781AC4B93F83831C1
:10651000043B012B3FF628AFB4EECA8AF1EE10FA25
:1065200005D595F80434083B012B7FF6DBAEF4EE7D
:10653000CB8AF1EE10FA05D595F80434023B012B15
:106540007FF6D0AEF4EEC98AF1EE10FA07DD95F8C9
:106550000434022BC2D0032B01D1042404E7B4EE8F
:10656000EB8AF1EE10FA05DD95F80434082B01D121
:106570000123A4E7B4EEE98AF1EE10FA7FF7F4AE56
:1065800095F80434092B7FF4EFAEE6E71C78002C75
:106590003FF4EAAE002A40F0FF808948FDF713FA85
:1065A0000028DAD0B4EECA8AF1EE10FA04D595F8D4
:1065B0000434092B3FF496AEF4EECB8AF1EE10FAD8
:1065C0000ED595F80434032B3FF48CAEB4EEE98A73
:1065D000F1EE10FAC1DD95F80434092BBDD1C7E7FF
:1065E000F4EEC98AF1EE10FAF0DD95F80434032BCD
:1065F0003FF474AFEAE71B78002B00F0CF80002A4D
:1066000040F0CA80F4EEE67AF1EE10FA04D595F87F
:1066100004340A2B3FF466AEB4EEEA7AF1EE10FAD7
:1066200004DD95F804340D2B3FF45CAE6548FDF7AE
:10663000CAF9002818BF0D2496E61C78002C3FF4F8
:1066400093AE002A40F0A8805F48FDF7BCF908B976
:10665000062489E6F4EEC98AF1EE10FAF8DD95F821
:106660000434042BF4D139E71D781DB1002A0CBF86
:1066700025460E25B4EEEA7AF1EE10FA3FF732AE77
:106680005248FDF7A0F9002800F084800134E4B2FC
:106690006AE61B784BB1002A18BF0E24B4EEEA7AE2
:1066A000F1EE10FA3FF71EAE5EE61C46F6E71B78E9
:1066B000002B73D0002A6FD1F0EEC67AF4EECB7ABD
:1066C000F1EE10FA7FF50AAF95F80434012B3FF490
:1066D00009AE032B08D8012B3FF604AE95F804341D
:1066E000042B7FF441AEB3E7053B012BF6D8F9E567
:1066F0001B78002B52D0002A4ED1F4EEE67AF1EE50
:1067000010FA08D595F80434DA1F012A7FF6EAADAD
:106710000A2B3FF4E7AD96F84C31D3B1F4EECA7AC8
:10672000F1EE10FA1AD4B4EEEA7AF1EE10FA04DDC2
:1067300095F804340D2B3FF4D5AD254B93F8453136
:10674000022B7FF411AE95F804340D2B08BF0724FB
:106750000AE6F4EEE67AF1EE10FA04D595F8043480
:10676000092B3FF4BFADF4EECA7AF1EE10FADAD598
:1067700095F804340B3B012BD5D8B3E51B786BB1EE
:1067800096F87531002B18BF0024EDE50824EBE5E1
:106790000C24E9E52C46E7E50E24E5E51C46E3E597
:1067A000F4EEC98AF1EE10FA3FF703AE9AE5F4EE83
:1067B000C98AF1EE10FA3FF7FCAD0DE6A0360034C1
:1067C000F84300340C4400341C440034DC860034AC
:1067D0004C8500340022024BC3F89420704700BF60
:1067E000C8390034194B1A4A93F8341301BB1949BC
:1067F00091ED397AF6EE086AD3ED027A67EEA67A61
:1068000067EE877A92ED267A134967EE877AD1EDA3
:10681000006A92ED257A93ED166AC2ED247A66EE4F
:10682000866A77EEC77AA7EEA67A82ED257A704758
:1068300093ED037AD3ED047AD2ED276A77EEC77A27
:1068400093ED057AA7EEA67AD4E700BF483C003462
:10685000C839003448840034484000340022014BD9
:106860005A647047C839003438B5134C134B94ED53
:10687000077AD3ED167A94ED110AA7EE270AFDF7F1
:1068800059FAE36904F1600104F1CC05084684ED8E
:10689000110A84ED170A6363FDF728F904F1A000DB
:1068A000A5F16C012A46D434FDF799F995E8030067
:1068B00084E8030038BD00BFC8390034483C0034C8
:1068C000854ADFED865A92ED366AD2ED356AB0EE32
:1068D000667AE6EE656AF5EEC06ADFED817AA6EECD
:1068E000257AF1EE10FA66EE677AB5EEC07A30B529
:1068F0006EDBF1EE10FA65DBF5EEC07AF1EE10FA20
:1069000080F28280F1EE677AB0EE667A0621754BEE
:10691000F7EE086A93EDC46A26EE266A83EDB27A32
:10692000C3EDB37A26EE077A66EE277AF7EE006AB1
:10693000C3EDB57A77EE277AF4EEE67AF1EE10FA47
:1069400083EDB47A88BFC7EE275A92ED3A7A88BFB2
:10695000C3EDB45A26EE076A88BF76EEE55A93ED8A
:10696000C67A614888BFC3EDB55A00F2E444D4ED5D
:10697000005A83EDC56A36EE476A26EE256AD0EDE9
:10698000165A94BF76EEE77ADFED587AA6EE257AAE
:1069900090F8D844C3EDB67A012C83EDC67AC3F8DB
:1069A000C4123FD100F2DC4595ED006AB4EEC67A20
:1069B000F1EE10FA2ADD83F8DC4277EEA77AC3ED18
:1069C000B67A2FE0B1EE477AF0EE667A02219EE7C2
:1069D000F1EE10FA12D8F5EEC07AF1EE10FAB5BF6A
:1069E000F1EE676AB0EE677AF1EE477AF1EE667A19
:1069F000AEBF0321B0EE667A042188E7F0EE477A55
:106A00000521B1EE667A82E7012180E700F59C60FE
:106A100090ED006AB4EEC67AF1EE10FA1ED50020B1
:106A200083F8DC02B6EE007AF0EE667A93EDB66A91
:106A3000E6EE477A93EDB47AD3EDB56A37EEC77ACE
:106A4000D3F82003023977EE666AC3F824030429D9
:106A500009D8DFE801F01119252E380093F8DC027F
:106A60000028DFD0A9E7C2ED497A82ED4A7AC2ED6B
:106A70004B6A1F4A114610E0C2ED4A7A82ED497A0C
:106A8000C2ED4B6A1B4AF5E7C2ED4A7A82ED4B7ABA
:106A9000C2ED496A40F201221749C3E9C72130BD5E
:106AA000C2ED4B7A82ED4A7AC2ED496A4FF48172A7
:106AB000E0E7C2ED4B7A82ED497AC2ED4A6A40F2D4
:106AC00001210D4AE9E7C2ED497A82ED4B7AC2ED28
:106AD0004A6A4FF48132CDE7C83900343ACD133FCA
:106AE0003ACD933FA0360034483C0034000000000B
:106AF000000102000100020002000100144BDFED62
:106B0000156AD3F81C23144BC2F3072103EB810150
:106B1000D1ED007AD0B203EB800090ED006A67EE11
:106B2000A67A9FED0E7AE6EE077AC2F30742C3ED2E
:106B3000047AA3F5927003EB8203D3ED007A67EE3B
:106B4000A67AD1ED006AE6EE877AC0ED4C7A7047FE
:106B5000A0360034CCCC4C3EEC3A0034CDCC4C3F8B
:106B600038B5454C454D2146A4F11C00FCF7A4FF67
:106B7000D5F8203305F5477105F548722046C5F86C
:106B80002433FDF70FF9D5F81C3394ED005AC3F305
:106B90000742DBB204EB820204EB830393ED007A3D
:106BA000D2ED007A77EE877ABEEE007AD4ED015A04
:106BB00067EE877A94ED027A37EE855A77EEA55A1A
:106BC000C5EDB07A77EE877AB6EE007AD5EDC46A75
:106BD000B0EE476AA5EE266AB5EEC06AF1EE10FA8D
:106BE000A4F1F00181ED3F5AC1ED405AC1ED417A67
:106BF00038D4B7EE005AB4EE456AF1EE10FA35FE1D
:106C0000066A81ED496AB0EE476AA5EEA66AB5EE5E
:106C1000C06AF1EE10FA28D4F7EE005AB4EE656AB5
:106C2000F1EE10FA35FE866AA7EEA67AB5EEC07AC6
:106C3000F1EE10FA81ED4A6A1AD4F7EE007AB4EE5A
:106C4000677AF1EE10FA37FE877AD1ED3A7A66EE7E
:106C5000A76AF7EE087A66EEA76A81ED4B7AC5ED72
:106C6000C56A38BD9FED066ACBE79FED056ADBE795
:106C70009FED037AE9E700BFB83A0034A03600344C
:106C80000000000010B5104CF7EE006A94ED4E7A4B
:106C900094ED360AC6EE877A0C4B20EE000AC3ED5F
:106CA000C47AD4ED357AA7EEA70A05F005F9084BAA
:106CB00084ED3A0A1B689847064B1B689847BDE865
:106CC0001040054B1B681847C8390034A036003403
:106CD000A0040034A40400349C040034124B93F844
:106CE000E022012A0ED1E8B9104A83F8E002104BE5
:106CF0001360104A1360104B104AC3F83021C3F8D8
:106D00003421704772B901280CD1084A0C4983F824
:106D1000E0021160074A0B4911600022C3F8EC221F
:106D2000C3F80423704700BFA03600349C0400342D
:106D3000D5390012A0040034C8390034FEFF7F3F6B
:106D4000FD6A0012510A003408B50B4A0B4992F84B
:106D5000D4040B4B012808BF0B4692F8DC0209490A
:106D6000012818BF00200B60FFF7B8FF0022064B78
:106D7000C3F8182308BD00BF483C0034C1680012A6
:106D8000616B0012A4040034A0360034054A0649A1
:106D900013680B600133B3F57A7F28BF00231360BB
:106DA000704700BF288300342C830034036810B57B
:106DB000012B11D1334B02791B68062A0CD8DFE86E
:106DC00002F00416273849495B0001698268097896
:106DD000063312B900F8231010BD0124027B04FA17
:106DE00002F20A4018BF224600F82320F4E70269A5
:106DF000816892F9002006330029F5D00124017B37
:106E000004FA01F10A4052B2002A18BF2246EBE709
:106E10008268046906331AB9228820F82320DBE748
:106E20000121027B248801FA02F2224018BF0A469F
:106E3000F3E702698168B2F9002006330029ECD03B
:106E40000124017B04FA01F10A4012B2002A18BFA2
:106E50002246E2E7016982680968063312B940F800
:106E60002310B9E70124027B04FA02F20A4018BF9A
:106E7000224640F82320AFE7026900EB8300126846
:106E80008261A9E72883003408B50748FFF78EFF21
:106E90000648FFF78BFF0648FFF788FFBDE808406C
:106EA0000448FFF783BF00BF3C440034F453003470
:106EB000AC630034647300349B4A70B51388012BB3
:106EC00002D9013B138070BD984B198809B9012183
:106ED00019801B88964C13802378032B00F2FF81C6
:106EE000DFE813F004001C00CC01E6010023914A06
:106EF0001360914A1360914A1360914A1360914A5A
:106F00001360914A1360914B1A68914B1A60FFF716
:106F1000BBFFFFF73BFF01232370D4E7FFF7B4FF6C
:106F20008B4A854813687BB1013B1360FFF72EFF46
:106F30000368012BC7D1854B834A1B68C3F579735E
:106F4000023313600223E7E7824A1378013BDBB286
:106F5000032B8BBF0123804A137052F823304FF06C
:106F6000000288BF7D4B02601A68012ADED1744995
:106F7000724A0D687A49126809680129197940F046
:106F8000AA800629D2D8DFE801F004223B4F6673BD
:106F900089009968063281B913F82210AA1D13F8E6
:106FA00022209142C2D21B7D9942BFD89A42BDD3C2
:106FB000012303606B4B1D60B8E713F82220002A01
:106FC000B4D1AA1D13F82230002BAFD0F0E7996896
:106FD000063269B913F92210AA1D13F92220914231
:106FE000A4DA93F914309942A0DC9A429EDBDFE7E1
:106FF00013F92220002A99D1AA1D13F92230E3E7C0
:107000009968063241B933F82210AA1D33F82220BC
:1070100091428BD29B8AC7E733F82220002A85D180
:10702000AA1D33F82230CFE79968063251B933F9F7
:107030002210AA1D33F922209142BFF677AFB3F98F
:107040001430D0E733F92220002A7FF46FAFAA1D55
:1070500033F92230B8E799680632B1B953F82210F3
:10706000AA1D53F822209142BFF460AF5B699BE7F1
:107070009968063249B953F82210AA1D53F8222004
:107080009142BFF653AF5B69ADE753F82220002A67
:107090007FF44CAFAA1D53F8223095E703EB820230
:1070A000D2ED066A03EB850292ED067AF4EEC76A2A
:1070B000F1EE10FA7FF53AAFD3ED057AF4EEE76A18
:1070C000F1EE10FA3FF632AFB4EEE77AF1EE10FAD5
:1070D000FFF62CAF6CE706293FF628AFDFE801F09A
:1070E000044461778E9BB1009968063279B913F830
:1070F0002210AA1D13F8222091427FF617AF1B7DA4
:107100009942FFF413AF9A423FF610AF50E713F8DD
:107110002220002A3FF40AAFAA1D13F82230002BC8
:107120007FF404AF44E700BF3A830034388300346F
:10713000408300341C830034488300342C830034A3
:107140002883003450830034308300344483003477
:107150003483003441830034C8E500123C440034D9
:1071600058830034548300349968063281B913F986
:107170002210AA1D13F9222091427FF7D7AE93F96E
:1071800014309942FFF6D2AE9A423FF7CFAE0FE7E6
:1071900013F92220002A3FF4C9AEAA1D13F92230A8
:1071A000BDE79968063249B933F82210AA1D33F8B1
:1071B000222091427FF6BAAE9B8AA1E733F82220C3
:1071C000002A3FF4B3AEAA1D33F82230A7E799682E
:1071D000063251B933F92210AA1D33F92220914207
:1071E0007FF7A4AEB3F91430CBE733F92220002A9D
:1071F0003FF49CAEAA1D33F9223090E7996806321D
:10720000B1B953F82210AA1D53F8222091427FF6FB
:107210008DAE5B6974E79968063249B953F822105C
:10722000AA1D53F8222091427FF780AE5B69A8E740
:1072300053F82220002A3FF479AEAA1D53F82230D9
:107240006DE703EB8202D2ED066A03EB850292ED55
:10725000067AF4EEC76AF1EE10FA7FF767AED3ED67
:10726000057AF4EEE76AF1EE10FAFFF65FAEB4EEDF
:10727000E77AF1EE10FA3FF659AE99E6FFF704FE11
:10728000FFF784FD174A136813B1013B13601AE638
:10729000154A1178012917BF144B13701A68144B43
:1072A0001CBF1A60032301222370124B1A600AE6E6
:1072B0000F4A1368002BE8D10E4B1B68002B7FF49C
:1072C00002AE0D4A13600D4B1A680D4B1A60012374
:1072D0002370FFF7D9FDBDE87040FFF757BD0023CD
:1072E0001AE600BF30830034248300344C8300341A
:1072F000508300341C8300344883003444830034BA
:107300003483003400231C4A10B513601B4A1C4907
:1073100013601C4A1C4C13601C4A13601C4A1370F7
:107320001C4A137001220A701B490B601B490B6039
:107330001B490B601B490B6023601B4C23601B4CDB
:1073400023600C681A490C604FF47A7419490C6078
:1073500019490A60194909881949097819490968B8
:107360001949096819490A8019490B80194B186095
:10737000194B1A6010BD00BF3C440034F453003474
:1073800041830034AC6300344C83003464730034B4
:1073900024830034408300342C8300342883003459
:1073A0004883003444830034508300341C83003409
:1073B000348300343083003458830034B204003402
:1073C000B0040034A8040034AC0400343883003422
:1073D0003A8300343C8300342083003438B51B4B9F
:1073E0001B78032B0BD8DFE803F0020B0F0B0022F6
:1073F000174B1A70174B1A880AB901221A8038BD28
:10740000BDE83840FFF758BD134D2B683BB9134C0E
:10741000134A23601388012B05D9013B13800022F6
:107420000B4B1A70EBE70B4B198809B90121198036
:107430001B881380FFF728FDFFF7A8FC094B1B688A
:10744000002BECD101232B602360E8E72483003478
:1074500040830034388300341C8300344883003474
:107460003A8300342883003410B50C4600F082F8CB
:10747000207000F081F8606010BDF7B50C4615462D
:1074800000266946FFF7F0FF9DF800700199621928
:10749000B74202D8002003B0F0BD4B680846A342B3
:1074A00005D8CD681D44A54201D99542F3D243F0D9
:1074B0000053A34205D8CD682B44A34201D993427F
:1074C000E9D201361C31E3E737B514461A460D46BA
:1074D0000193FFF7D2FF40B12046019A25F00051F9
:1074E00005F0C0FE002003B030BD0148FBE700BF3F
:1074F0000009020410B500220C46FFF7BEFF60B180
:10750000204600F0FFF8064B064A984208BF0020CC
:10751000936843F00103936010BD0348FCE700BF8C
:1075200001005000003010520009020438B5144622
:1075300000220D46FFF7A1FFA0B104F14C43B3F5C3
:10754000803F0DD22146284600F0EEF8064B9842C7
:1075500008BF0020054A936843F00103936038BDDB
:107560000348F7E70248FAE70100500000301052E4
:10757000000902040220704700487047D8E5001255
:1075800010B500286CD000296AD00B784A780C7AA4
:1075900003F00303920002F00C0243EA84731343E6
:1075A0008A78120102F0300213430A799201D2B2B2
:1075B00013438A79920602F080621343CA79D20695
:1075C00002F000621343CA78120602F0807213437D
:1075D0004A79120702F0405213430360CB684360BC
:1075E0000B698360032C3BD8DFE804F002061632F7
:1075F000CB6AC360002010BDCB698C695A1E4B69F1
:10760000C3F30B0343EA0263164A02EA043213434C
:10761000C360CB6A0361EDE7CB698C695A1E4B6985
:10762000C3F30B0343EA02630E4A02EA0434234322
:10763000C3608B6A5C1E0B6AC3F30B0343EA0463EB
:107640004C6A02EA043213430361CB6A4361D1E717
:10765000CB695A1E4B69C3F30B0343EA0263D7E7B6
:107660000148C8E700F0FF0001004E0010B5E8B186
:10767000E2B11368D3B10F2918D8890101F500418F
:107680004418E360A3681B0C1B04A360936814797F
:107690001B0203F4407343EAC423147B527B43EA86
:1076A000C47343EA82034350002010BD0048FCE746
:1076B00001004E000B4B98420FD00AD80A4B98425B
:1076C0000DD00A490A4B0B4A884208BF1346184698
:1076D00070470949064B094AF6E7094BF7E70023CB
:1076E000F5E700BF4C00F0BA02B0500D4B00F0BA05
:1076F000FF005200140052004D00F0BA0600520084
:107700000200520008B50023054940F000500B600C
:10771000044BD3F8E0309847BDE80840FFF7CABFF4
:107720005C83003400FF801008B50023054A40F058
:1077300000501360044BD3F8E4309847BDE808408C
:10774000FFF7B8BF5C83003400FF801000F12D40CC
:1077500000F53F00C30903F1A46303F58023032967
:107760004FF01F0010B54FEA031302F01F0208D8B4
:107770001C68C900884024EA00008A4002431A605D
:1077800010BD04395C68C900884024EA00008A40C2
:1077900002435A60F4E700002DE9F8438846154695
:1077A0000446002800F09D80002A00F09A800126FF
:1077B0004D4A00F12D4303F53F0302EBD3121201B2
:1077C0006B6B116806FA08F603F0010303FA08F37D
:1077D00021EA06010B4313600722436E4FEA880734
:1077E000BA4023EA0203AA69B8F1030F02F00702C4
:1077F00002FA07F243EA02034366EB696FEA0609FD
:107800004FF01F0203F01F035DD8816E4FEAC800DE
:10781000824021EA020203FA00F00243A2664146D6
:1078200020462A7AFFF792FF0F22636CBA4023EAC0
:1078300002036A684FEA480102F00F02BA4013439C
:1078400003226364236C8A4023EA0203EA6807F494
:107850007E7702F003028A40134323642B69A269F6
:1078600003F0010302EA090203FA08F31343A361D8
:107870006B69A26C03F0010302EA090203FA08F340
:107880001343A364A96A6B6A89005B0001F00401D9
:1078900003F002030B43296A226D01F001010B433F
:1078A000E96A22F0FF02C90001F018010B43296BBD
:1078B00028684901C9B20B43BB401343236568B92B
:1078C0006660BDE8F883C16EA8F10400C000824084
:1078D00021EA020283401343E366A0E70020A6608A
:1078E000EFE70248EDE700BF0001240501005A0060
:1078F000F8B5074616469DF818200C461D46FFF7BA
:1079000025FF01223B68A24023EA02030F2205F073
:107910000105A5402B433B607B6CA400A24006F010
:107920000F0623EA0203A64033437B64F8BD000040
:107930004FF000432DE9F74F7A4A064613600028BE
:1079400000F0E680156A15F4407540F0E480136994
:10795000DB0700F1E080744BD3F89C30072B40F03C
:10796000DC802A46D30003F10D53D3F8A01603F2AE
:107970009C639B680132072A0B60F3D14FF00D52D4
:107980006A4BD2F830161961D2F834165961D2F820
:1079900038169961D2F83C16D961D2F89416196656
:1079A000D2F898265A660022930003F10D51D1F8BF
:1079B000541603F1A543013203F55C13102A196232
:1079C000F2D15B4A5B4B7168C2F8003E738937465F
:1079D000013BDBB21362337AA2F5803203F01F035E
:1079E00053623078002200F0AFF83246044600219E
:1079F000DFF850C1937B507B5B0243EA0023107B8E
:107A000005320343907A43EA8023D07A43EAC023C5
:107A100001F5603001310C3004294CF82030E9D1F7
:107A2000306A10B100F040FA0443706A10B100F0FF
:107A30008FFA04433346DFF8EC80DFF80091DFF87B
:107A4000F0C006F1370B4FF0070E93F82810D8F866
:107A50002000AA00DCF8006091400EFA02FE71409E
:107A600001EA0E014FF00F0E7140CCF8001093F8B0
:107A70002910DCF8046091400EFA02FE714001EA20
:107A80000E017140CCF80410D8F8206010F440705A
:107A900018BF484616F4407618BF4E461BF8011F23
:107AA00002F1A54201F00F0102F57C12C2F880102C
:107AB000D8F8201097F841E011F4407118BF4946FA
:107AC00030431EF0E00F019029D101261A48AE4044
:107AD000D0F850A097F84000A84080EA0A00304053
:107AE000154E80EA0A00306597F842004EEA002001
:107AF0001066019A01351143082D44EA010407F18B
:107B0000030703F102039ED1204603B0BDE8F08FC6
:107B10004FF0EF74F8E7094CF6E7094CF4E74FF043
:107B2000EF71E6E70000BD52000640230000B752A7
:107B30000000BE52040011800000BF520101DE01AE
:107B40001000DE010000B052F0B5002900F088807E
:107B5000102800F285800F2A00F28280104410283D
:107B60007EDC414B1B6A13F4407F7BD1C3B23F4E96
:107B70003F489A4200D1F0BD00200546074601F17A
:107B8000070C1CF8014F00F1080E04FA0EF404F47F
:107B90007F4427439CF80A4004FA0EF49CF805E061
:107BA00004F47F440EFA00FE013044EA0E04052876
:107BB00045EA0405E5D1887991F817C0000440EA48
:107BC0000C1091F807C04FEA021E4FEA0C5C0CF053
:107BD000F87C40EA0C0038434EF80600887891F8AB
:107BE00000C0CF7800F00F0040EAC7404FEA0C27F2
:107BF00007F47C5738434F7806EB02143F0407F430
:107C0000E0273843BCF1030F606005D18F886068BE
:107C1000013F40EA07506060A5608E464FF0000CBF
:107C20000C259EF81B002F1DB8409EF81A7000F41A
:107C30007F00AF4007F4704701353843102D4CEA00
:107C4000000C0EF1020EECD10D7E487E013240EAAE
:107C5000052040EA0C00E060D2B20020223188E723
:107C6000034888E7034886E70000BD520008BD527C
:107C70000100DE010101DE010F2870B50D461FD89D
:107C8000124E346A14F440741CD1114B1B6DDA0788
:107C90001AD50123B060736031B9204670BD013D33
:107CA0000120ADB201F0ACFF3369DB0703D4002D36
:107CB000F5D1084CF1E7074B002D08BF1C46ECE757
:107CC000054CEAE7054CE8E7054CE6E70000BD5245
:107CD0000000BE524000DE010100DE010101DE01B4
:107CE0002000DE010246F0B5002900F0AB80042838
:107CF00000F2A880564B186A10F4407040F0A4803F
:107D0000A3F5502303EB821303F53023DB689401C2
:107D1000DB0700F19B800B784D7903F0010343EA08
:107D200005434D7804F1A542AD0005F00C052B4349
:107D30008D784F7A2D0105F030052B43CD782D023B
:107D400005F470652B430D792D0305F440552B4345
:107D500002F5401502F56C1213608B790E7A03F070
:107D60000F0343EA07338F7A43EA4733CF7A43EA74
:107D700087330F7B43EAC733CF793F01FFB23B43E1
:107D8000370207F4E0673B434F7B3F0707F0E047CC
:107D90003B435360072E0DD8DFE806F0041B28286C
:107DA000283E3E3E0A8A04F1A543C2F3090203F5C8
:107DB0006C131A61CA8A274B013A03EA02230A7D2F
:107DC00004F1A544D200D2B2134304F56C14A361AC
:107DD000F0BD0D8A04F1A543C5F3090503F56C1345
:107DE0004A8A1D61C2F309025A61E3E78B7B05F5FC
:107DF00030256F68013B1B0503F07C7327F07C770F
:107E00000E8A3B434A8A6B6004F1A543C6F3090618
:107E100003F56C131E61E5E78B7B05F530256F6874
:107E2000013B1B0503F07C7327F07C770E7C3B4302
:107E30008A7C6B6004F1A543B60003F56C131E61E8
:107E40009200D1E70448C3E70448C1E70448BFE70C
:107E50000000BD5200FF0F000200DE010101DE0143
:107E60000201DE010128F0B517D85418802C14D86F
:107E70009AB193B100250A4EC0014C19044433F85D
:107E8000157004F5303404F58074013546F824701B
:107E9000ECB29442F1D30020F0BD0248FCE700BFF1
:107EA0000000B0520200DE0170B5054658B3184B11
:107EB0001C6A14F4407428D12646037F154A03F047
:107EC0000F03C2F8003A55F82610F0B211B1FFF7CF
:107ED00009FF04430136052EF5D16A693AB11368EA
:107EE0002BB1002112790846FFF7BCFF0443AA69B1
:107EF0003AB113682BB1002101201279FFF7B2FFCC
:107F00000443204670BD044CFBE7044CF9E700BF76
:107F10000000BD520000BB520200DE010101DE0183
:107F2000084B186A10F4407009D1A3F5A023D3F8C8
:107F30009C25054B30EA220028BF184670470348AD
:107F4000704700BF0000BD520401DE010101DE01E7
:107F500001462DE9F84F18B9C54C2046BDE8F88F09
:107F6000C44B1C6A14F4407440F0AA81C24AD2F88F
:107F70009C35002BC0F2A681D2F8000791F8D430CE
:107F800020F0FF0003F00303034391F8D50001F153
:107F90000D05800000F00C00034391F8D6000001AD
:107FA00000F03000034391F8D7008001C0B20343D2
:107FB000C2F80037D2F80037887923F0004343EA4B
:107FC000C073C2F800370B78487803F0030343EA24
:107FD0008003887843EA0013C87843EA401308799D
:107FE00043EA8013487943EA0023C2F80034234669
:107FF000224615F8010F98400233182B42EA00027E
:10800000F7D100264FF0010A35460B7FC87E1B01D1
:1080100043EA8003487F984F43EA8013887EDFF865
:108020005CB2034342EA0362C7F808248B7A0A89E8
:108030001B039BB2C2F30B021343C7F804348B89B2
:1080400001F12009013BC7F8AC35CB8B013BC3F3F1
:108050000903C7F810340B8C013BC3F30903C7F8BD
:1080600014344B8C013BC3F30903C7F81834C7F829
:10807000906559F8048FB8F1000F32D0FFF750FF28
:10808000002840F0E88098F8003098F8022013B1FA
:10809000002A40F0E28098F80100120643EA40030B
:1080A00098F8030002F0E062000500F4700003435A
:1080B000134398F805200AFA06F0120702F0E0428E
:1080C000134306F5003202F586724BF8223098F819
:1080D0000430D7F89025B340534003405340C7F8CD
:1080E000903501361C2EC4D10026DFF8908101F1B5
:1080F000900757F8049FB9F1000F3ED0FFF710FF2B
:10810000002840F0AC80B9F8003099F80920C3F39A
:108110000B0343EA827399F80A2043EAC27399F881
:108120000220120392B2134399F80320120402F4BE
:108130004032134399F80420920402F4402213437E
:1081400099F80520120502F44012134399F806200D
:10815000920502F44002134399F80720120602F038
:108160007062134399F80820120702F0405213433B
:1081700006F50032403248F822300136082EB8D1D8
:10818000002601F1B00858F8047F8FB1FFF7C8FE50
:10819000002866D1B3003A7803F1A54303F56013D4
:1081A000C3F8B0247A68C3F8D024BA68C3F8F024BE
:1081B0000136082EE7D14FF01E08DFF8C0A0DFF827
:1081C000B8B001F1D40959F8046FA8F11E07C6B37D
:1081D000FFF7A6FE002849D14FF0804C3378727823
:1081E00003F01F0343EA022396F822200CFA07FC4F
:1081F000120502F47002134396F82420120702F0CD
:10820000E042134307F5003202F584724AF8223047
:1082100096F82330DBF8902503FA08F3534003EA7D
:108220000C035340CBF890357F013B1836F9022FF1
:1082300003F50033013003F5007310284AF82320BA
:10824000F3D1B8F11F0F0ED1D1F8E010C1B9002D54
:108250003FF483AE80E6012543E71D4641E7012553
:108260008BE70125A4E74FF01F08ACE70125E8E7FD
:108270000400DE010000BD520000B8520000B05200
:10828000FFF74EFE00287FF467AE0B464A7813F8DE
:10829000011B120101F00301D2B20A430A490B4E3D
:1082A000C1F8002113F8012F00F57031013A0130B7
:1082B00002F01F024431042846F82120F2D1C6E71B
:1082C000034C4AE6034C48E60000BF520000B0529F
:1082D0000101DE010401DE01024B0001185800F02B
:1082E0000F00704704501C42D0F8003303F01F0306
:1082F0000133082B08D80A44914200D17047D0F8C6
:10830000403301F8013BF7E7102B04D901EB82025F
:1083100091420AD1704701EB4202914200D170476D
:10832000D0F8403321F8023BF7E7D0F8403341F86A
:10833000043BEDE710B5D0F80843C4F308049442B9
:1083400028BF14462246FFF7CFFF204610BDD0F8C5
:10835000003203F01F030133082B08D80A4491426E
:1083600000D1704711F8013BC0F84032F7E7102BFD
:1083700004D901EB820291420AD1704701EB42021B
:10838000914200D1704731F8023BC0F84032F7E724
:1083900051F8043BC0F84032EDE738B58024056859
:1083A000D0F80832C5F38135C3F30803EC40E41A72
:1083B000944228BF14462246FFF7C9FF204638BD25
:1083C0000368006D10F0FF0002BF4020C3F381334B
:1083D000D8407047F0B5002800F0AB80002900F0CD
:1083E000A8800E78022E01D18B7F0BB14B68013B28
:1083F0008C680D7F082C03F00F0343EA054394BFFC
:108400000025012543EA853343F0007303603306FA
:1084100003F0407303644B7F8F7C9B0143EA872307
:108420000F7C4D7B43EA07234F7C91F80EC043EA53
:108430004723CF6A013D013F3F0407F470273B43C8
:1084400005F007054FEA0C1C0CF0300C2B4343EAF7
:108450000C038364836C91F8307043EA0763836490
:108460004F78836C43EA873383640F7BCB7B3F0277
:10847000002B5BD1022E14BF002301235B02013CC1
:1084800004F01F043C432343C0F800338B690F7D85
:108490001B0403F47F033B43C0F81033771ECB7FEC
:1084A0007E427E4103B1330245EA0C051D4391F83B
:1084B000343044EA06444564C0F80042C0F804334E
:1084C00091F8204091F8243043EA446391F8214028
:1084D000651E6C426C4143EA046391F82840661EB5
:1084E0007442744143EA0443036591F83C30C0F898
:1084F00004328B6B23F4926323F002031B051B0DE4
:10850000C0F8C83F0B6C23F08C035B055B0DC0F813
:10851000883F00207AB1897FC2E902005060506331
:10852000106082F830101062D062F0BD4FF400731A
:10853000A5E70248F9E71046F7E700BF0160AA0087
:1085400008694B69834288BFCA684B6988BF801835
:10855000C01A70472DE9F0415D68074615F0010526
:10856000884616461C4662D19B68C0F8C85F002B3F
:1085700059D02146FFF7E4FF002854D0B04202460C
:1085800028BF32466169D7F8003303F0180C9542D2
:1085900013D1761B6161256222D14FF44873C7F86D
:1085A000C83F236A1BB1636B0BB1042098470123BA
:1085B000C7F8C83F3046BDE8F081E0680131884225
:1085C00008BF0021A068BCF1000F04D1405C08F88E
:1085D00005000135DBE730F8110028F81500F8E751
:1085E000BCF1000F1DD0530098443846FFF7E8FE59
:1085F000012363602262B042D7F804332CBF06F136
:10860000FF3000F1FF3023F0FF03C0B20343C4E9A1
:108610000686C7F8043340F621330026C7F8C83F62
:10862000C8E71346E0E7002EC4D00022DDE7014E84
:10863000C0E700BF0260AA00D0F8003E2DE9F0417B
:108640001A0704460D4664D5D0F8CC3F13F448739E
:108650000AD04A681A434A60C0F8C03FD0F8C03F09
:108660004B6B0BB110209847D4F8CC3F1B0509D5B4
:108670006B6843F400636B604FF40063C4F8C03F61
:10868000D4F8C03FD4F8CC3FDF0735D5EA69002ADB
:1086900000F0E7802046FFF793FEA96906462046D2
:1086A000FFF748FE2B6A03442B62EB691B1AEB6150
:1086B000002B40F0C080AB687BB1E868D4F804338D
:1086C000864294BF06F1FF3000F1FF3023F0FF0334
:1086D000C0B20343C4F804330123C4F8C83F6B6835
:1086E00023F001036B606B6B0BB1042098470123EF
:1086F000C4F8C03FD4F8C03FD4F8CC3F5E0708D5DB
:108700006B6B0BB1402098470423C4F8C03FD4F8EA
:10871000C03FD4F8003E580740F18B80D4F88C3F1E
:1087200013F4A0630AD02A681A432A60C4F8803F71
:10873000D4F8803F6B6B0BB120209847D4F88C3F66
:10874000D9074ED54FF080082368AA6AD4F8006292
:10875000C3F38133012A28FA03F806F018060DD96D
:108760006F6AEA6239462046013AFFF716FEAB6AA5
:108770001B1AAB6206B1400007446F62D4F808329E
:10878000C3F30803434527D0AB6A012B24D1002350
:10879000AB626B6A002E40F0A7801E78F8F785FF69
:1087A0004FF40073C4F8803FD4F8803FC4F84062AF
:1087B000F8F77FFFD4F8883F23F4007323F0010318
:1087C00043F40073C4F8883F2B6843F002032B6026
:1087D0006B6B0BB1012098470123C4F8803FD4F89C
:1087E000803FD4F88C3F9A0516D52B68012B15BF16
:1087F0004FF400730023C4F8803FC4F8883F18BFCB
:10880000D4F8803F2B6823F001032B600023EB6238
:108810006B6B0BB102209847D4F88C3FDB0608D570
:108820006B6B0BB1802098471023C4F8803FD4F8BD
:10883000803FBDE8F081D4F80013AA6911F0180F49
:1088400018BF400002449E42AA617FF650AFD4F8A0
:108850000423013BDBB222F0FF021343C4F80433CC
:1088600045E7AB68002B3FF442AF2046FFF7A8FD79
:108870008046D4F808732E69C7F30807EB6897B1F0
:1088800001369E4208BF00266B69B3421FD16B6B55
:108890000BB1082098476B699E4218D10023C4F899
:1088A000C83F96B1013E2E6129462046EE68FFF78B
:1088B00047FE331A98457FF61AAF03B1013BD4F84F
:1088C0000423DBB222F0FF02C7E7EE68EAE7D4F840
:1088D0004023D4F80013AB6811F0180F0CBF9A5561
:1088E00023F81620013FC9E71E8857E710B5000A94
:1088F000F1B9032893BF4FF4807140F60221041FA1
:10890000C40088BFE400E140C9B2914231D9FF2BD5
:108910002FD802EBC022900000F1A44000F5822085
:10892000026822F47F4242EA03230360002010BD64
:1089300001291ED103281CD940F20141041FE40083
:10894000E140C9B2914214D9B3F5803F11D202EB94
:10895000C022920002F1A44202F58222D2F8001451
:1089600021F47F0121F47F4141EA0321C2F8001480
:10897000DCE70148DBE700BF01004A00000AC00253
:10898000084B024431B902F5806253F82200C0F36B
:108990000720704702F5A06253F82200C0F30F20B1
:1089A000704700BF0000045230B50229039C4FEA13
:1089B000102029D1032845D9051FED0001F101112F
:1089C000E940C9B291423DD9B3F5803F3AD21F2C5C
:1089D00038D802EBC022900000F1A44000F58220BC
:1089E000D0F8002822F47F0222F47F4242EA0323D7
:1089F000C0F80038D0F8003823F0F80343EAC40385
:108A0000C0F80038002030BD03291BD10121032804
:108A10008ABF051FC500ED00E940914212D9B3F1AC
:108A2000807F0FD21F2C0DD8074A40031158C9B2BE
:108A300041EA03231350135823F0F80343EAC40315
:108A40001350DFE70148DEE7001C045201004A0032
:108A500010B50229029C4FEA102011D102EBC0226E
:108A6000920002F1A44202F58222D2F80018C1F36A
:108A70000F211960D2F80038C3F3C403236010BD7E
:108A80000329FCD102EBC022920002F1A44202F5BC
:108A90008222D2F8001C090A1960D2F8003CEBE7E8
:108AA000032930B527D8030AC9B9032B93BF4FF464
:108AB000807440F602241D1FDD0088BFED00EC40ED
:108AC000E4B2944217D9DB0253FA80F0134B00F55D
:108AD000407042EA012143F82010002030BD0129F6
:108AE0000BD1032B07D940F201441D1FED00EC40D0
:108AF000E4B2A242E7D30A48F0E7022905D1032BEA
:108B0000F9D91D1F074CED00F1E70124032B8ABFA3
:108B10001D1FDD00ED00EC40D3E700BF0000045254
:108B200001004A0003000100032910B52AD8000AF9
:108B3000E1B9032893BF4FF4807340F60223041F6A
:108B4000C40088BFE400E340DBB293421AD942EA92
:108B50000121400341F0034100F1A44000F58020D1
:108B600041F47F0101600368002010BD01290BD191
:108B7000032807D940F20143041FE400E340DBB2BD
:108B80009A42E4D30848F0E7022905D10328F9D92D
:108B9000041F064BE400F1E7012303288ABF041FEA
:108BA000C400E400E340D0E701004A0003000100F4
:108BB000032910B524D8000AB1B9032893BF4FF494
:108BC000807340F60223041FC40088BFE400E34022
:108BD000DBB2934214D9134B42EA0121400341F026
:108BE00080411950002010BD01290BD1032807D95D
:108BF00040F20143041FE400E340DBB29A42EAD3AF
:108C00000948F0E7022905D10328F9D9041F074BC9
:108C1000E400F1E7012303288ABF041FC400E40035
:108C2000E340D6E70000045201004A0003000100BF
:108C3000FFF736BF044A0002136800F4E06023F433
:108C4000E06318431060704700002252054A00F0AC
:108C50000700D2F8003523F007030343C2F80035BC
:108C6000704700BF00102052030A10B5C0B219B1FE
:108C700001290ED00D4810BD4FF02E44DBB26343E6
:108C800003F1A44303EB801344F210001A500020B8
:108C9000F1E74FF02E41DBB24B4344F2140103F1F4
:108CA000A44303EB80135A50F1E700BF01004A00D0
:108CB00001294FEA1023C0B20ED0022917D009BBF8
:108CC0004FF02E42DBB2534303F1A44303EB801079
:108CD00044F21003C05870474FF02E42DBB25343AA
:108CE00003F1A44303EB801044F21403F2E74FF0C6
:108CF0002E42DBB2534303F1A44303EB801044F252
:108D00001803E7E70048704701004A0006280AD820
:108D10000F2908D8054A8000135823F00F03194380
:108D20001150002070470248704700BF4012205287
:108D300001004A0006280BD80F2909D8054A8000EF
:108D4000135823F4706343EA012111500020704747
:108D5000014870474012205201004A00034B00F5C1
:108D6000926053F82000C0F30320704700002052A7
:108D700006289FBF054B00F5946053F8200080F44F
:108D8000807094BFC0F30020002070470000205284
:108D9000024B1869C0F38000704700BF00002252E8
:108DA000034AD2F8483543F00043C2F848357047CB
:108DB00000102052074B186810F0010009BF064A46
:108DC0000648D2F8483523F0004308BFC2F84835BA
:108DD000704700BF00C020520010205203004A001C
:108DE000044AD2F8483523F001031843C2F8480575
:108DF000704700BF00102052F0B5C94F0646D7F8A3
:108E00001C050028C0F2C681C64C500804FB0303B1
:108E10000025B3FBF2F310204FF4004445EA040CA4
:108E20000CFB0CFE734528BF654601384FEA54041D
:108E3000F4D14FF47A7306F5FA74B4FBF3F44C43AF
:108E4000DFF848C363080CFB0533B3FBF4F307EE0C
:108E5000903ADFEDB56AB8EE677AC7EE267AF6EE9D
:108E6000006AF4EEE67AF1EE10FA5AD49FEDAF7A8A
:108E700009DB9FEDAF6AF4EEC67AF1EE10FA40F12D
:108E80009281042355E09FEDAB6AF4EEC67AF1EED1
:108E900010FA48D49FEDA86AF4EEC67AF1EE10FA03
:108EA00062D49FEDA66AF4EEC67AF1EE10FA5DD4B4
:108EB000B6EE086AF4EEC67AF1EE10FA58D49FEDD9
:108EC000A06AF4EEC67AF1EE10FA53D49FED9D6AD3
:108ED000F4EEC67AF1EE10FA4ED49FED9B6AF4EEF2
:108EE000C67AF1EE10FA49D49FED986AF4EEC67A8C
:108EF000F1EE10FA44D4B7EE006AF4EEC67AF1EE61
:108F000010FA3FD49FED926AF4EEC67AF1EE10FAB1
:108F10003AD4F4EEC77AF1EE10FA00F15A8180F2F9
:108F20003B818C48E2E00523F4EEE67AF1EE10FA9C
:108F300005DBF4EEC77AF1EE10FA00F14881F4EEA9
:108F4000C77AF1EE10FAECDBF4EEE67AF1EE10FA05
:108F50004FF000051DDBDFED776AF4EEE67AF1EE07
:108F600010FA16D502243CE00623DDE70723DBE7F1
:108F70000823D9E70923D7E70A23D5E70B23D3E74B
:108F80000C23D1E70D23CFE70E23CDE701250F23D7
:108F9000E1E7DFED6A6AF4EEE67AF1EE10FA1FD44B
:108FA000DFED676AF4EEE67AF1EE10FA00F19F80E9
:108FB000DFED656AF4EEE67AF1EE10FA00F19980E1
:108FC000F7EE006AF4EEE67AF1EE10FA00F1938023
:108FD000F4EEC77AF1EE10FA00D4A2DB072400E029
:108FE000032407EE906AB8EE677ADFED5B7AC7EE8E
:108FF000276A07EE901A02EB8202B8EE677A07EE54
:10900000902A9FED566AF8EE677A67EE867A67EEE9
:10901000A67A67EEA67A67EE877A9FED516A67EEC9
:10902000877A87EE867AB5EEC07AF1EE10FA06DB23
:10903000DFED4C7AB4EEE77AF1EE10FA60D4DFEDB2
:109040004A7AB4EEE77AF1EE10FA5BD4DFED477AB4
:10905000B4EEE77AF1EE10FA56D4DFED457AB4EECD
:10906000E77AF1EE10FA51D4F2EE067AB4EEE77A2E
:10907000F1EE10FA4CD4DFED3F7AB4EEE77AF1EE80
:1090800010FA47D4DFED3C7AB4EEE77AF1EE10FA4D
:109090007FF547AF0722DFED397AF4EEE76AF1EEAC
:1090A00010FA39DCDFED367AF4EEE76AF1EE10FA09
:1090B00034DCDFED347AF4EEE76AF1EE10FA67DCC7
:1090C000F5EEC06AF1EE10FA7FF72BAF032144EA08
:1090D000812444EA031444EA02342B4B44F44074E0
:1090E0006D00C7F84445C7F81C551E60F0BD042448
:1090F00077E7052475E7062473E70125052331E7A3
:109100000122C8E70222C6E70322C4E70422C2E71D
:109110000522C0E70622BEE70021D8E70121D6E7F5
:109120000010205280841E0000007A44CDCC8C3F79
:10913000CDCC0C3F9A99193F6666263F3333333FB7
:10914000CDCC4C3F9A99593F6666663F3333733FA7
:109150006666863F01004A0000247449E6E91D4323
:10916000286B6E4ECDCC0C40CDCC8C403333D340ED
:10917000CDCC0C413333534166667641CDCCE441CE
:10918000D7A3BA410000844194830034B36D020038
:1091900002219CE71848A9E7F4EEE67AF1EE10FA0E
:1091A0000FDA0023D0E69FED156AF4EEC67AF1EEF1
:1091B00010FA16D5F4EEC77AF1EE10FA9DD4052315
:1091C000BDE6F4EEC77AF1EE10FAEAD500230125E8
:1091D000C1E6F4EEE67AF1EE10FABFF6D7AE0F2351
:1091E000ADE69FED076AF4EEC67AF1EE10FA7FF570
:1091F00058AE06239DE600BF03004A009A99193F26
:109200006666263F044BD3F8240500F003000328CC
:1092100008BF0220704700BF0010205270B5144DE7
:109220000446D5F81C35002B1DDB0646D5F81C3549
:1092300043F00043C5F81C35FFF7E4FF022807D0D0
:109240000EB974B106E0012000F0DAFC013EF3E74C
:109250003CB156B9D5F81C35064C23F00043C5F88F
:109260001C35204670BD044CFBE70024F9E700BF25
:109270000010205202004A0003004A0008B5FFF720
:10928000C1FF02280ABF024B0020186808BD00BFBA
:1092900094830034014B1860704700BF94830034FE
:1092A000034AD2F8603543F00043C2F86035704796
:1092B00000102052062819D8FF290FD90423800056
:1092C00000F1A44000F5001001F01F01C0F80011EA
:1092D00000F58050C0F8003200207047044B01F0C8
:1092E000070100F5906043F82010F5E7014870474A
:1092F0000000205201004A00800000F1A44303F561
:10930000001303F58052D2F8000200F00700042891
:1093100002BFD3F8000100F01F0040F480707047D6
:1093200008B5FFF7E9FF062809D8062812D8DFE8B4
:1093300000F00413161111112000154808BD40F269
:109340001113984221D040F2131398420BD0B0F57C
:10935000887F16D00020F1E70E4B1868EEE7BDE8D5
:109360000840FFF78BBF0C4BD3F82805C00FC00394
:10937000E4E7094B0948D3F86035002BA8BF00206B
:10938000DCE7054BD3F84805F0E7FFF701FDEEE712
:1093900000127A009083003400102052006CDC022E
:1093A000024BD3F8400500F0010070470010205236
:1093B00038B56425144CD4F8383523F0405343F0C5
:1093C0000053C4F83835D4F83805C0F301700228CA
:1093D00007D00DB90D4815E0012000F011FC013D4A
:1093E000F1E7002DF6D000F00BFC0020D4F830356A
:1093F00023F00043C4F83035D4F83C3523F0004363
:10940000C4F83C3538BD00BF0010205202004A00AD
:10941000234A10B5D2F83035002B3EDB0368C17902
:10942000C3F3110343EA0163C2F83035038981882D
:109430001B04C1F30C0103F47F030B43C2F8343562
:10944000C37A848917491B0101EA0421DBB20B436B
:10945000817A01F00F010B43817B090701F0405134
:109460000B43C2F838358379D2F83C151B0221F43E
:10947000E06103F4E0630B43008AC2F83C350A4B19
:10948000D2F83C1503EA0043002021F0FF7121F4DB
:1094900080310B43C2F83C3510BD0448FCE700BFE7
:1094A0000010205200FF1F000000FF0103004A00CF
:1094B000134AD2F83035C3F311010160C3F30063DE
:1094C000C371D2F83435C3F30C01C3F307430381EE
:1094D000D2F83835818003F00F018172C3F3031194
:1094E000C172C3F30C21C3F301738373D2F83C350B
:1094F0008181C3F30222C3F3084382710382704760
:109500000010205238B50546214AD2F83C3543F0C8
:109510000043C2F83C35044603E0012000F070FB34
:10952000013C1B4BD3F8403513F0040F01D1002C44
:10953000F3D1174AD2F8383523F0405343F00053A3
:10954000C2F8383505B15CB1114AD2F8303543F074
:109550000043C2F8303503E0012000F051FB013C2C
:10956000FFF71EFF08B9002CF6D105B15CB1084A1F
:10957000D2F8383543F04053C2F838350DB12CB12C
:109580000025284638BDFFF713FFF7E7014DF8E740
:109590000010205202004A0030B587B0142200218A
:1095A00001A803F023FE01A8FFF782FF104BD3F8B8
:1095B0003035002B18DA9DF81230022B14D0BDF88C
:1095C000081099B100209DF80B40019DFFF7A8FEFF
:1095D000002304FB011259085408E0FB0541204612
:1095E00003F062FC07B030BD0020FBE70846F9E756
:1095F0000010205210B50B4C40010444D4F8003A3E
:10960000012023F0405343F00053C4F8003A00F027
:10961000F7FAD4F8003A002023F00043C4F8003AE7
:1096200010BD00BF0010205270B5594C40010444D9
:10963000D4F8003A002BC0F2A6800B689A78511E2D
:109640000F2900F2A2805E78711E0F2900F29D8022
:109650001D78A5F11001C9B2B82900F296801979D8
:10966000022900F08480120442EA06222A43DD78AF
:1096700000F1A44042EAC562C4F8002A5A7B1D7B6F
:10968000D20742EA05729D6800F5001025F07F457B
:109690002A43C4F8042A9A7D5D7D120742EA0562D6
:1096A0001D69C5F309052A43DD7D42EAC5721D7DAA
:1096B0002D0405F4E0252A4341F608254251DA69D4
:1096C0001D6A1204AD0405F4402502F440322A4319
:1096D0009D69C5F30A052A435D6A2D0505F4401509
:1096E0002A4393F8285042EA056241F60C2542517C
:1096F0001A6B5D6B12022D0405F4FE0502F4FE42A6
:109700002A43DD6A05F07F052A439D6B2D0605F08F
:10971000FE452A4341F6102542511A6C5D6C120237
:109720002D0405F4FE0502F4FE422A43DD6B05F02C
:109730007F052A439D6C2D0605F0FE452A4341F620
:10974000142542511A6D5D6D12022D0405F4FE05BB
:1097500002F4FE422A43DD6C9B6D05F07F051B067B
:109760002A4303F0FE43134341F61822835000209E
:10977000D4F8003A090701F0405123F0405319434F
:10978000C4F8001A70BD0348FCE70348FAE700BFBD
:109790000010205203004A0001004A000B6810B577
:1097A0005C2204460021184603F020FD03462D4AA2
:1097B00060010244D2F8001AC1F304245C70C1F3C2
:1097C000044419709C70C1F3C064C1F30171197134
:1097D000D2F8042ADC7022F07F41996012F0E04157
:1097E00018BF0121197341F60821D20F5A7300F1F5
:1097F000A44202F500125158C8B21861C1F30240E8
:109800001875C1F300605875C1F30070C90FD975A0
:1098100041F60C2151589875C8B29861C1F30140C6
:10982000D861C1F381401862C1F30150C1F30061F6
:1098300083F8281041F610215862515841F614213E
:10984000515841F618215258002002F07F01D96288
:10985000C2F306211963C2F30641C2F306625963DB
:109860009A6310BD00102052F8B50D460E461C4CF0
:1098700040010444D4F8003A1A4F43F00043C4F8BE
:10988000003A07443B68DB0719D49EB9D5B1D4F838
:10989000003A012023F0405343F00053C4F8003A4B
:1098A00000F0AEF9D4F8003A0F4823F00043C4F8B2
:1098B000003AF8BD012000F0A3F9013EE2E70DB146
:1098C000002EE4D0D4F8003AC3F30173022B05D183
:1098D000D4F8003A43F04053C4F8003A0020E8E7D7
:1098E000001020521C1A205202004A002DE9F041BB
:1098F00098B001AB06465C221846002103F076FCC6
:10990000694600903046FFF749FF184A06F1D00338
:109910005B01D358002B25DA9DF80830022B21D0AB
:109920009DF80570F7B19DF80640ECB1701C9DF8EC
:109930000450DDF80C80FFF7F3FC01462E0A2D06DB
:1099400015EB0805A5FB000546F10006A7FB04235F
:1099500001FB065103F0A8FA000E40EA012018B0FE
:10996000BDE8F0810020FAE72046F8E70000205229
:10997000431E012B9FBFCF30034B4001185894BFAB
:10998000C00F0020704700BF00002052013801289E
:1099900001D8FFF72FBE0148704700BF01004A0001
:1099A0000138012801D8FFF73FBE0148704700BFCA
:1099B00001004A000138012801D8FFF755BF0148CE
:1099C000704700BF01004A000138012801D8FFF7A5
:1099D0008DBF00207047000008B50146FFF7A0FCCE
:1099E000024641B90B4BD3F83035002B0FDABDE8F6
:1099F0000840FFF7D1BD4B1E012B08D80846FFF7E2
:109A0000B7FF20B1BDE808400846FFF7DDBF1046AC
:109A100008BD00BF0010205238B50546FFF79EF97B
:109A20000B4B05F59262044653F8220000F00F003C
:109A3000FFF7D2FF02462846FFF79AF928B9601CC3
:109A400002EB5002B2FBF0F038BD0248FCE700BF69
:109A50000000205200127A0010B50446FFF7DCFF28
:109A6000062C0AD8074B984209D80020064BA400C0
:109A70001A5942F000421A5110BD0448FCE704484C
:109A8000FAE700BF001C4E0E4012205201004A00AF
:109A900003004A000139072915D8DFE801F0060D57
:109AA00014041414141100207047084B187850B98E
:109AB0000122074B1A7070470020054B1870704741
:109AC0000022034B1A700348704700BF8C83003498
:109AD00098830034FF00420070B510F47F0F88B007
:109AE000C0F3072610D1062E0ED8094D01AC0FCDBC
:109AF0000FC495E8070084E8070008AB03EB86066F
:109B000056F81C0C08B070BD4FF0FF30FAE700BFEC
:109B100038E60012F0B5002687B007460D460392DE
:109B20000496FFF7D9FF431C2CD0FFF775FF012DDA
:109B30000446039A05D9AB1E012B0CD9204607B069
:109B4000F0BD29463846FEF719FF013004EB5004FA
:109B5000B4FBF0F4F2E705AB29463846009304ABBA
:109B600020250596FEF774FF3146049B059A0133C4
:109B700002EB43125008E4FB0501334603F094F96D
:109B80000446DBE73446D9E7064B9A68064B9A420F
:109B900003BF00F1100352F8230042F82310002005
:109BA000704700BF00ED00E00000003410B5F0B1D8
:109BB000B0F900404368002CB8BF04F00F020D4814
:109BC000ACBF04F16042043A4FEA4313DBB2ABBFCF
:109BD00002F56142121882F8003313768268064B50
:109BE0009A4202D12046FFF7CFFF002000E0034851
:109BF00010BD00BF00ED00E0000000340100560081
:109C0000024B1B785843F7F747BD00BF30040034C0
:109C10004FF00042034B04489A649B6C002BA8BF92
:109C20000020704700002252030046000A4BD3F880
:109C300000089A68D2B20AB140F00040D3F8042874
:109C400092B20AB140F48030D3F80438DB0348BF45
:109C500040F40030704700BF00102052FEE70000C3
:109C600008B50268224B1A6042685A6082689A609E
:109C7000C268DA6002691A6142695A6182699A614E
:109C8000C269DA611B4A916A1962D16A5962516AE2
:109C90009962516BD962926B1A63F1EE102A12F03D
:109CA000900F21D0026A5A63426A9A63826ADA6329
:109CB000C26A1A64026B5A64426B9A64826BDA64F9
:109CC000C26B1A65026C5A65426C9A65826CDA65E1
:109CD000C26C1A66026D5A66426D9A66826DDA66C9
:109CE000C26D1A67026E5A67FFF7B8FF08BD00BF62
:109CF000200C003400ED00E04FF47A7368B150227C
:109D00005143B1FBF3F1064A0131136801F00F0131
:109D100023F00F030B43136070473C22F0E700BFB2
:109D200000001552044A136910691B0DC0F303406B
:109D300040EA0310C0B2704700001C524FF48C7010
:109D400070470000024B0143C3F83014704700BF56
:109D50000000205208B500F075FF002008BD00F09B
:109D600086BF000008B5C9B200F076FF004808BD04
:109D7000030042004FF00D50064AD0F81437116826
:109D800023F4407301F440710B431360D0F804379F
:109D900053607047004020524FF00D50064AD0F8F3
:109DA0001837116823F4407301F440710B431360BA
:109DB000D0F8083753607047004020524FF00D50E4
:109DC000064AD0F83437116823F4407301F4407127
:109DD0000B431360D0F82437536070470040205283
:109DE0004FF00D50064AD0F83837116823F440730D
:109DF00001F440710B431360D0F82837536070476B
:109E000000402052024B5868C0F30040704700BF2A
:109E100000102052052808B511D0062815D00128B9
:109E20001DD105210F48FFF79DFF05210E48FFF7C3
:109E300099FF02210D48FFF795FF002008BD022180
:109E40000848FFF78FFF0021F0E700210548FFF7E2
:109E500089FF00210448FFF785FF0021EAE7044855
:109E6000ECE700BF001021520050105200001052C9
:109E70000100420008B50448FFF771FF052896BFAE
:109E8000024B0020185C08BD0010215254E600125D
:109E900008B50A4BD3F80028D3F8043802B143B907
:109EA000FFF7E8FF052806D0062814BF022001208E
:109EB00008BD0220FCE70020FAE700BF0010205296
:109EC00008B5FFF7E5FF68B10748FFF743FF07480C
:109ED000FFF740FF0648FFF73DFFBDE808400120BF
:109EE000FFF798BF08BD00BF00102152005010526C
:109EF00000001052024B5868C04300F00100704748
:109F0000001020524FF00D520B4BD3F8E030D2F836
:109F1000DC1603F01F0399420AD0D2F8E0169942EA
:109F200008D0D2F8E80698420CBF03200120704701
:109F30000020704702207047002020422DE9F8439E
:109F40006C4D06462B682A6803F4406322F4406295
:109F50002A60296883F440620A432A602A6802F46E
:109F60004062934200F0C380FFF7CCFF0746F7F74B
:109F70009CFB614C814696BB4FF00D52D2F8FC36EB
:109F8000DBB2C4F8E830D2F8DC86D2F83037296882
:109F900023F4407301F440710B432B60D2F8203757
:109FA0006B60D4F8E03008F01F0823F01F0343EA89
:109FB0000803C4F8E030002E6DD14FF00D534D4929
:109FC000D3F810370A6823F4407302F44072134345
:109FD0000B604846F7F76DFB0020BDE8F883022EC2
:109FE0001BD1FFF70FFF70B15023C4F8E8304FF0DA
:109FF0000D530320D3F8E086FFF702FE022F09D9A4
:10A00000FFF7CAFECDE74FF00D53D3F8FC36C3F38C
:10A010000723EAE7FFF7E4FEC3E7012E1AD1FFF7B3
:10A02000F1FE68B15023C4F8E8304FF00D5303201F
:10A03000D3F8E486FFF7E4FD4FB9FFF79BFEB0E7E6
:10A040004FF00D53D3F8FC36C3F30743EBE7FFF7AC
:10A05000B5FEA6E7FFF7D6FEB8B150234FF00D5579
:10A06000C4F8E8300320D5F8E886FFF7C9FD214A97
:10A07000D5F83C37116823F4407301F440710B4369
:10A080001360D5F82C3753608BE74FF00D53D3F89E
:10A09000FC361B0EE2E7022E4FF0030009D1FFF75A
:10A0A000AFFD012F02D9FFF79BFE92E7FFF774FE89
:10A0B0008FE7012E09D1FFF7A3FD012F02D9FFF78A
:10A0C0007DFE86E7FFF756FE83E7FFF799FD4FF029
:10A0D0000D50084AD0F81C37116823F4407301F47E
:10A0E00040710B431360D0F80C37536071E703489D
:10A0F00073E700BF004020520020204203004200CE
:10A1000070B5C0B1C3687BB303686BB30579174CF6
:10A1100054F8251081B9C0E9041144F825001AE06B
:10A12000017E1E7E8E4298BF1A4619464B692BB19E
:10A130008142F5D1002070BD0A46F7E7814213D075
:10A14000136953B9067E117E8E4206D2C0E90432ED
:10A1500044F8250010610120EDE75369C0E90423AC
:10A1600003B118615061F6E71846E4E7C483003490
:10A17000294B04292DE9F34106460D4653F82040AA
:10A1800001D001292AD10020244FDFF894800EE06D
:10A19000A3681D420AD1E36829461A685B686846CD
:10A1A0000193009223689847C8F80040646964B13D
:10A1B000B842EDD1012DEBD1194B18481A68194B53
:10A1C00043F8262002B0BDE8F081012DFAD1134BEF
:10A1D0009842F1D0134B43F82640F3E7022914D0FC
:10A1E00026466469002CFBD10020002EEAD0B3681B
:10A1F0001D4208D1F36829461A685B6868460193D6
:10A200000092336898473669EFE7054B18680028D5
:10A21000D8D00669E8E700BFC4830034FF004200DD
:10A22000C08300349C83003408B5F7F73EFA044A33
:10A23000536843F080435360BDE80840F7F739BAEC
:10A2400000102052024B5868C0F38070704700BF66
:10A250000010205270B5184D2B6A9BB9F7F725FAFC
:10A260002B6A0646D3B9FFF745FEE0B90024304615
:10A27000F7F71FFA2B6A1BB108210846FFF778FF92
:10A28000204670BD01210820FFF772FF0028E5D0AD
:10A2900002210820FFF76CFF084CF1E70421082099
:10A2A000FFF766FFDFE7FFF72DFE0328DED0032070
:10A2B000FFF744FE0446DAE7C4830034FF0042009F
:10A2C000F0B5059D9DF81870A5F1020C072F8ABF07
:10A2D000FE1F00260727BCF1030F4FEA1124C9B265
:10A2E0001AD8BCF1010F0BD8F60006F018063E4351
:10A2F000A70307EB81176744203700EB87077E60D1
:10A3000024020C44013A00EB0420042A12D8DFE8AE
:10A3100002F0243747596900A5F1050CBCF1100F74
:10A32000EED8F60006F018063E430CF5003C40F867
:10A330002C60E5E7826CEDB222F0FF028264C26C11
:10A340001B0222F44072C264826C03F44073154312
:10A350008564C26C1343C364F0BD426C2D0422F4C7
:10A360007F024264C26C05F47F0522F03002C264B1
:10A37000426C1B0115434564C26C03F03003E9E7EE
:10A38000426C9B0122F07F424264C26CDBB222F03D
:10A39000C002C264426C42EA05624264C26CD9E700
:10A3A000426C2D0222F47F424264C26CADB222F0B4
:10A3B0000C02C264426C9B0015434564C26C03F0FE
:10A3C0000C03C7E7426CEDB222F0FF024264C26C9C
:10A3D00003F0030322F00302C264426C1543456498
:10A3E000C26CB7E7826C2D0222F47F428264C26C99
:10A3F000ADB222F44062C264826C9B021543856454
:10A40000C26C03F44063A5E72DE9F04F8B46144678
:10A41000054685B0002800F0D980002A00F0D680DB
:10A420006368080205EB012203F007032E589363CB
:10A43000A3684FEA112E5FFA81FA21F0FF079B040F
:10A44000D4E903814FEA084909F4403903F4802331
:10A4500043EA090394F81C9006F0004643EA090316
:10A460004FEA016909F0E06943EA090394F868904A
:10A4700043EAC92394F869904FEA095909F440194D
:10A4800043EA090333432B502368B8F1000F40F02F
:10A490009680C2F808804FF0070828FA0EF808F0F6
:10A4A0000108A9B9626907EB0A00060205EB002062
:10A4B0000261A2694261B8F1000F09D0A26D826108
:10A4C000E26DC261AA5994F8540042EA4002AA51CE
:10A4D00007EB0A0294F86A6005EB022213620EB1E0
:10A4E00094F86B60A36CD4F83490039301332CD0B0
:10A4F000A36B002259462846009301964B46FFF76E
:10A50000DFFE236B01225946284600930196E36A39
:10A51000FFF7D6FE236C0222594628460093019687
:10A52000E36BFFF7CDFE039B0322594628460093B9
:10A530000196636CFFF7C4FEA36A04220093594698
:10A540002846636A0196FFF7BBFEE36A626A1B0155
:10A550004FEA092903F0300309F4407902F00302BD
:10A5600043EA09031343E26B9201D2B21343626CD4
:10A57000920002F00C02134307EB0A0205EB0222E1
:10A58000D364B8F1000F08D0236D0522009359461B
:10A590002846E36C0196FFF793FE0020636E226E5F
:10A5A0001B0103F0700302F007025744134305EB4D
:10A5B00007256B65236AAB6705B0BDE8F08FB8F17E
:10A5C000010F16BF01209360906064E70048F3E735
:10A5D0000100B600F0B5002860D000295ED00A78EE
:10A5E000CC7AD30003F0080343EA0473CC6843F049
:10A5F00003030360E4B16378A5781B012D0205F421
:10A60000E06503F070032B43257805F007052B4325
:10A61000E5782D0305F4E0452B43257964792D0475
:10A6200005F4E02524052B4304F4E00423434366AA
:10A630000F7A4E7ACB788D79CC7991F802E03F048D
:10A6400036059B002D03A40391F801C007F44037A1
:10A6500006F4401605F44055A4B243EA4E03B2B9DD
:10A6600091F804E043EA0C0343EACE033B4333434F
:10A670002B4323438C7A4979240604F04074090162
:10A68000234301F030010B4303660020F0BD43EA91
:10A690000C033B4333432B432343F5E70048F5E7E3
:10A6A0000100B600F0B5059D9DF81870A5F1020CEB
:10A6B000072F8ABFFE1F00260727BCF1030F4FEAB2
:10A6C0001124C9B21AD8BCF1010F0BD8F60006F05C
:10A6D00018063E43A70307EB81176744203700EBBA
:10A6E00087077E6024020C44013A00EB0420042A10
:10A6F00012D8DFE802F0243747596900A5F1050CAC
:10A70000BCF1100FEED8F60006F018063E430CF52B
:10A71000003C40F82C60E5E7826CEDB222F0FF02CD
:10A720008264C26C1B0222F44072C264826C03F425
:10A73000407315438564C26C1343C364F0BD426C1F
:10A740002D0422F47F024264C26C05F47F0522F0DE
:10A750003002C264426C1B0115434564C26C03F0B5
:10A760003003E9E7426C9B0122F07F424264C26CF5
:10A77000DBB222F0C002C264426C42EA056242646B
:10A78000C26CD9E7426C2D0222F47F424264C26C53
:10A79000ADB222F00C02C264426C9B0015434564CA
:10A7A000C26C03F00C03C7E7426CEDB222F0FF026B
:10A7B0004264C26C03F0030322F00302C264426CE1
:10A7C00015434564C26CB7E7826C2D0222F47F42C8
:10A7D0008264C26CADB222F44062C264826C9B029D
:10A7E00015438564C26C03F44063A5E72DE9F04F7F
:10A7F0008B461446054685B0002800F0DC81002A0F
:10A8000000F0D9810B0A03930B02C6581068D2E9F5
:10A810000C3243EA420C236994F81C909B0403F425
:10A82000802343EA890394F82890A26B43EA090342
:10A830004FEA00694FEA022E09F0E069920243EA0A
:10A84000090302F480621343D4F88420FF294FEAFD
:10A85000023202F4405243EA020394F8652094F86D
:10A86000A89043EA022394F890200EF4007E43EA75
:10A87000C20394F898204FEA0C5C43EAC22398BFC5
:10A88000002243EA893394F8A99088BF94F899206C
:10A8900043EAC93343EA0E0394F89FE00CF4401CEA
:10A8A0004FEACE6E0EF0C05E43EA0E0388BF9205FB
:10A8B00006F0004643EA0C0388BF02F440025FFA48
:10A8C00081F821F0FF073343134307EB0802160218
:10A8D0000528616905EB0222AB5140F00B81E66867
:10A8E000B4F896E0F3B243EA0E4306F47F463343EE
:10A8F000D4F8A060B4F8A4E01363F3B243EA0E43C3
:10A9000006F47F4633435363A668002E40F0FB8075
:10A9100007EB08031A0255F802E005EB032345F89C
:10A9200002E0F1229E601A65226A07EB080305EB3C
:10A9300003231A61626A06285A610CBFA26EA269DB
:10A9400019625A6294F8A630002B00F02D8194F819
:10A95000A790236D0022594628460093CDF8049015
:10A96000E36CFFF79FFEA36C012259462846009333
:10A97000CDF80490636CFFF795FEA36D0222594653
:10A9800028460093CDF80490636DFFF78BFE236E8D
:10A990000322594628460093CDF80490E36DFFF753
:10A9A00081FE236C0422594600932846E36BCDF8C0
:10A9B0000490FFF777FED4F88C3003991A01D4F88D
:10A9C000883002F0700203F007031A4307EB080314
:10A9D0004FEA032A05EB03235A65E26A9A670722C6
:10A9E000CA40D2072ED5E26E59469A61226F284698
:10A9F000DA6155F80A3094F8742043EA420345F8C6
:10AA00000A30D4F8803005220093CDF80490E36F2B
:10AA1000FFF748FEA368052B00F0C88094F8763055
:10AA200094F8750055F80A205B0143EA00131343BC
:10AA300094F8772043EA821394F8782043EAC2130B
:10AA400045F80A3094F8923094F891201B0102F0F6
:10AA5000070203F07003134307EB080205EB022221
:10AA6000936294F8943094F893001B0103F0700300
:10AA700000F007000343BBF1FF0FD3621ED894F828
:10AA80009D30DBB10020FDF727FC022809D84B4B95
:10AA9000D3F86C33C340DB0742BF0022484BC3F8F6
:10AAA000002894F89E3007EB08025B0103F0600376
:10AAB00043F0010305EB0222C2F8B03094F899305C
:10AAC0006BB194F89C30B4F89A201B0403F4E02393
:10AAD000134307EB080205EB0222C2F880306368DB
:10AAE000474403F0070305EB0725AB63304605B089
:10AAF000BDE8F08F06287FF407AF012393603F2362
:10AB00001365002610E7012E0CD107EB08031E0287
:10AB1000AA5905EB032342F48032AA51DC22996042
:10AB20001A65EEE7032E11D107EB08031E02AA599E
:10AB300005EB032342F44032AA5101229A6094F8B3
:10AB40006420002A14BFC622D222E9E7022E08D1CF
:10AB500007EB08031E02AA5905EB032342F4003257
:10AB6000EAE70723039AD340DB071BD5042E0AD15B
:10AB700007EB08031A02AE5805EB0323AE5001227F
:10AB80009A605422CCE7052E0CD107EB08031E0275
:10AB9000AA5905EB032342F40032AA5101229A601C
:10ABA0005022BDE7074EBFE69946D2E655F80A3077
:10ABB00043F0900344E7044E98E700BF00100252B0
:10ABC0000000A9520200B6000100B6002DE9F041D4
:10ABD00080EA010717F4F85706460D4690461C46D2
:10ABE0001ED1F6F762FD05F4F85303F1A45303F503
:10ABF000005353FA85F5AD006302296803F400732E
:10AC000043EA0822F6B242EA060321F47F7222F0F8
:10AC1000030213432B60F6F74CFD3846BDE8F08184
:10AC2000004FFAE70100CE00054A136823F04043C5
:10AC300043F080431360136843F000431360704790
:10AC400000C02052002303643F230363014B83634E
:10AC5000704700BFBFFF07FF036823F00F031943CE
:10AC600041F4807101608368DB05FCD570470068A2
:10AC700000F00F007047000070B5154D154C2868A6
:10AC8000A4F5966696ED150A2246A4F10C010C3047
:10AC9000F8F74FF92868224696ED150AA4F10C0141
:10ACA0006830F8F746F954ED091A54ED0A0AD6ED62
:10ACB000167A286814ED0B0AB1EE611A60EEA70A45
:10ACC000C430F8F78DFE00222B68C3F8002170BD58
:10ACD000B4040034F840003410B52DED028BB0EE12
:10ACE000408A9FED170AF0EE608A164C82B0206809
:10ACF0008DED010A0C30F8F7A1F920689DED010AED
:10AD00006830F8F79BF92068C430F8F764FE2368D0
:10AD1000B0EE680A83ED358A03F1E400F8F7A4FE8B
:10AD2000094B2468D3F800C0084A094B92E8030095
:10AD3000C4F800C083E8030002B0BDEC028B10BD74
:10AD400000000000B4040034AC3B00344004003484
:10AD5000283A003438B5254D254CD5ED155A94EDDB
:10AD6000006AB0EE655AF1EE004AA6EE245AB5F834
:10AD7000583395ED027A06EE903A25EE855ADFEDCE
:10AD80001D7AF8EEE66A27EE277AF1EEC57AC7EE6D
:10AD9000264AB6EE004A77EEE57A26EE246A67EE9A
:10ADA000847A84ED156A87EEA66A66EE077A04F166
:10ADB000240005F55671C4ED177AC4ED164AF8F76C
:10ADC00019F804F1240004F13001F8F711F894EDBA
:10ADD000160AD5EDDB7AD5ED160A04F1140080EEE3
:10ADE000270ABDE83840F8F7D7BD00BF483C00341B
:10ADF000E8830034DB0F494010B5114C2DED028B78
:10AE000004F12400B0EE408AF8F726F804F11400AB
:10AE1000F8F7CFFD94ED167AC8EE077ABDEC028BF9
:10AE2000FDEEE77AA389074AE38117EE903AB2F87C
:10AE300058231BB293FBF2F102FB1133638210BD66
:10AE4000E8830034483C003438B5374C04F1140032
:10AE5000F8F7B9FD002835D00023344DE362B4F98A
:10AE60000E10B4F90C308B4224D10A468A1AB4F978
:10AE70001230B5F8580312B21344228293FBF0F259
:10AE800000FB12331BB207EE103AD4ED167AB8EE7F
:10AE9000C70A20EE270AE1816382F8F74BFF2448B6
:10AEA00084ED090AF7F7E4FF224BE16AA26BD9624D
:10AEB0005A6538BD2048F8F77CFDB4F90C10B4F998
:10AEC0000E20D3E704F11400F8F776FDA388C3B190
:10AED00094ED0C7AD4ED177AB4EEE77AF1EE10FA2D
:10AEE00011D594ED157AD4ED026A07EE903A66EE2C
:10AEF000876AF8EE677A86EEA77A0C4D84ED0B7AB6
:10AF0000ADE70A4DABE7094DB4F9103094ED167A70
:10AF1000D5ED156A07EE903A27EE267AF8EEE77A35
:10AF200027EE277AEAE700BFE8830034483C003484
:10AF30000C840034C8390034FC83003438B5114C1B
:10AF4000114B124D03F1CC02D4F87CC394ED150AD9
:10AF5000C3F8E42004F5697105F1400004F56C7252
:10AF6000C5F830C0F7F7E5FFD4F8A03394ED160A22
:10AF700004F56F7105F1BC00C5F80031BDE838403B
:10AF800000F06CB8483C0034C839003448840034C0
:10AF9000F8B507462E4C2DED028B9FED2E0A20466C
:10AFA0000D461646D7ED008AF8F75EFD9FED290A9B
:10AFB00004F10800F8F758FD9FED260A04F110008F
:10AFC000F8F752FD94ED0C7AC8EE877A9FED210ACE
:10AFD00004F1180097ED018AC4ED017AF8F744FDF9
:10AFE0009FED1C0A04F12000F8F73EFD9FED190AC1
:10AFF00004F12800F8F738FD94ED0C7AC8EE077AD2
:10B0000095ED000A04F14000C4ED077AF8F716F850
:10B01000D6ED000A95ED000A04F1BC0000F030F80E
:10B02000BDEC028B2A680C4BF7EE007A1A6332688B
:10B03000FFEE006A9A6595ED007AB5EEC07AF1EE02
:10B0400010FA67FEA67A84ED3D7AC4ED3E7AF8BD2B
:10B050004884003400000000C8390034D1ED027A81
:10B0600067EE807AD1F804C0CA680B6980ED040AE3
:10B07000C0ED017AC0F800C08260C360704700BFB5
:10B08000002380ED0B0A80ED0C0AC0ED0D0AC361B0
:10B0900003627047254B30B5254C03F5AF62D4ED04
:10B0A0002F0AD3ED165AD4ED307A92ED007A94ED52
:10B0B0002D6AD4ED2E6A27EE257A36EE606A76EE9A
:10B0C000E76AE6EE070AE6EE877A9FED1A1A1A4D4E
:10B0D00003F2F44383B093ED000A2846C4ED307ABE
:10B0E0008DED011AC4ED2F0AF8F783FC9DED011ACE
:10B0F000D4ED300AB0EE410A05F12000F8F779FCF2
:10B1000095ED076AD5ED0F6A95ED127AD5ED137AB4
:10B1100037EE067A77EEA67A84ED336AC4ED346AA8
:10B1200084ED357AC4ED367A03B030BD483C003446
:10B13000C8390034000000004C850034334B344AD9
:10B1400093ED2D4A93ED2F1A93ED2E3AD3ED301A4D
:10B1500002F5AF6134EE414A33EE613AD2ED163A70
:10B16000D1ED007A2B4B67EEA37A83ED1D4A64EE96
:10B17000043A23EE034AD3ED214A93ED225A73EEAB
:10B18000A33A34EE044A83ED1E3AC3ED1F3A33EE80
:10B19000E43A74EE453AD3ED235A93ED246AE7EE90
:10B1A000834AA7EEA35A83ED204AC3ED214A34EE29
:10B1B000E54A75EE464AD3ED256A93ED267AE7EE29
:10B1C000845AA7EEA46A83ED225AC3ED235A35EEC2
:10B1D000E65A76EE475A93ED272AD3ED282AE7EE72
:10B1E000856AA7EEA57A83ED246AC3ED256A36EE5B
:10B1F000C26A77EE626AA7EE862AE7EEA62A83ED98
:10B20000267A83ED272AC3ED282A7047C8390034EF
:10B21000483C00344C85003430B568B3022859D01E
:10B22000DFED417A414B424ADFF838E1C3F8BC23F5
:10B23000C3F8F423C3F8F8233E49C3F83C23C3F80A
:10B240005C23DFF824C103F21442C2F800E03A4C58
:10B2500003F58562394803F58165C3F8EC13C3F83B
:10B26000F013C2F800C003F58B6203F59063C5EDDF
:10B27000007A1460186030BDF1EE007A9FED307AEC
:10B280002A4B304A3049C3F8BC23C3F8F423C3F82F
:10B29000F823C3F83C23C3F85C23DFF8D0E003F2C3
:10B2A0001442C2ED007ADFF8C8C003F58562274872
:10B2B00003F58164C3F8EC13C3F8F013C2F800E09F
:10B2C00003F58B6203F5906384ED007AC2F800C049
:10B2D000186030BDDFED1E7A144B1E4ADFF894C0B3
:10B2E000C3F8BC23C3F8F423C3F8F8231A49C3F8FE
:10B2F0003C23C3F85C23144D03F21442C2F800C08F
:10B30000164C03F58562164803F5816EC3F8EC13FD
:10B31000C3F8F013156003F58B6203F59063CEED6F
:10B32000007A1460186030BDDD7EBC42483C0034B9
:10B33000959EEB431D431346E4CB9641DD7EBC4313
:10B34000D2537B4263149D437C59C445D2537B4303
:10B35000D253FB4263141D447C594446DB0FC94160
:10B36000D253FB43000020411D4393457C59444583
:10B37000DB0F494100004041F0B53D4D3D4C83B0ED
:10B3800000214FF405722846D5F83C7101F02EFFDC
:10B3900004F2045204F5A163D2ED007AD3ED003A31
:10B3A00004F20C53D3ED004A9FED335A77EEA37AA3
:10B3B00004F5A26393ED006AD4EDDE1A9FED2F4AE7
:10B3C000E4EE857AB3EE0A7A61EE841AE6EE077A45
:10B3D000F7EE006AC5F83C7104F28457D4ED165AB2
:10B3E000D7ED000A86EEA77AB1EE611A04F5B066D1
:10B3F00060EEA50A96ED000A2846CDED011A8DED06
:10B40000001A85ED507AF8F7EBFAD4ED167AD7EDFD
:10B41000000ADDED011A60EEA70A9DED001A96ED17
:10B42000000A05F12000F8F7DBFA04F2FC4304F50A
:10B43000A06493ED006AD4ED006ADFED117A76EE38
:10B44000C66A002366EEA76A05F5D472D9B207EE84
:10B45000901AB0EE467AF8EE677AA7EEA67A013334
:10B46000192BA2EC017AF1D185ED836A03B0F0BD0E
:10B470004C850034483C0034000048423ACD133F2C
:10B48000ABAA2A3DF0B5A44B8BB093F80131083B31
:10B49000032B00F2B380DFE803F08F7432029F4B7E
:10B4A0009F4AD3ED5B7A67EEA77A02F59F6191ED33
:10B4B000007AF1EEE76A02F21450D2ED160A02F2B7
:10B4C0000C520021012492ED000A67EE267A002238
:10B4D000056803F5C870C3ED117AC3F8A45083F86A
:10B4E0001022C3F87011C3F8B810C3F8BC10196467
:10B4F00083F844410BB0BDE8F040F8F74DBA874BF4
:10B500008749D3ED5B7A67EEA77A01F59F6292EDEA
:10B51000007AF1EEE76A01F21450D1ED160A01F259
:10B520000C510022012491ED000A67EE267A0021D9
:10B53000056803F5C870C3ED107AC3F8A45083F80A
:10B540001012C3F8A820C3F87421C3F8B820C3F8B8
:10B55000BC205A64C3F88420C3F88820C3F88C2028
:10B56000C3F89020C3F89420C3F89820C3F89C2017
:10B57000C3F8A02083F844410BB0BDE8F040F8F7D1
:10B580000BBA6749002201F5A160012490ED000A81
:10B59000D1ED160A614B03F5C8701A655A659A65B4
:10B5A000DA651A665A669A66DA6683F844410BB021
:10B5B000BDE8F040F8F7F0B900250122574C594B8F
:10B5C0002046C3F8BC50C3F8C05084F84421F8F7B3
:10B5D00002FA04F12000F8F7FEF9514B04F5C870A7
:10B5E00003F20452D3ED160A92ED000AA564E56455
:10B5F000F8F7D2F9C4F83C510BB0F0BD484B474CBA
:10B60000D3ED027AD4ED425A03F2FC4103F5A06275
:10B61000F6EE006A91ED007A92ED006A67EEA57A87
:10B6200037EE467A67EEA67A0021C7EE876A93F86E
:10B63000E824C4ED5F6A84F84411002A4CD0C3EDBD
:10B64000F76AD4F86C11D4F87421D4F87851D4F88E
:10B6500070019961D4F880115D611A61D4F8885144
:10B66000D4F88421D860C3F8E01303F2CC40D4F8B6
:10B670008C110560C3F8E42300222B48294B01609C
:10B680002A492B4EC968C3F8CC20C3F8D020C3F890
:10B69000D420C3F8D820C3F82421C3F82821C3F844
:10B6A0002C2101AF88470FCE0FC70FCE35460FC7ED
:10B6B00055F820393B60FFF75FFE3B680DF1040C45
:10B6C00033604FF07E53C4F83C31BCE80F000FC527
:10B6D000BCE80F000FC58FE7D4F84801D4F84C112F
:10B6E000D4F85021D4F85451D4F864619861D960E9
:10B6F000D4F85801D4F85C111A61D4F860215D6166
:10B7000003F2CC45C3F8E0132E60D4F86811C3F8F7
:10B71000DC03C3F8E423AFE7BC4200344C850034BB
:10B72000483C0034C839003418410034143C00341B
:10B73000B886003438B52DED028B804B93F800317C
:10B74000083B032B00F29A80DFE803F0E0C99B027C
:10B750007B4CDFED7C3A94ED117A94ED284A27EE8C
:10B76000077AC7EE044AD4ED5B5AB0EE647AD4EDA2
:10B77000297AA5EEE57A67EEA77A87FE237A94ED1B
:10B780002E6A27EEA74AD4ED2F6A67EE277A74EE69
:10B79000266A36EE277AC4ED2D4AC7EE264A94ED86
:10B7A0005D5AB1EEE46AB4EEC65AF1EE10FA40F317
:10B7B000BC80B0EE457AD4ED6A7A634B37EEA76A67
:10B7C000D3ED026A9FED5F8A0025C4ED687AC6EE6C
:10B7D000267A03F2CC410968D868C4F864115B4941
:10B7E00003F59A62C4F8BC109969C4F84C01C4F816
:10B7F000481119695869C4F85011D3F8DC1312685C
:10B80000C4F85401C4F85811D3F8E003D3F8E41392
:10B81000C4F8682103F5A26284ED5C7AC4ED697A0C
:10B82000C4F86011C4F85C0184ED308A484884EDA6
:10B83000318A84ED328A84ED338A84ED348A84ED52
:10B840002E8A84F8445184F81052C3ED065A92EDC2
:10B85000000AD3ED160A83ED037A83ED045AF8F754
:10B860009BF83C48F8F7DEFA3B48F8F7DBFAB0EE15
:10B87000480A3A48F8F7F8F884F84551BDEC028BCD
:10B8800038BD2F4BDFED2F4ABDEC028B93ED106AD4
:10B8900093ED274A26EE066AC6EE045A93ED5B5AEC
:10B8A000B0EE656AD3ED297AA5EE456A67EEA77A10
:10B8B00093ED2E7AD3ED2F6A86FE246AE7EEA76A0F
:10B8C000A6EE277A87EE266AF1EEC67AC3ED2D5AE8
:10B8D000C3ED2F6A83ED2E7AC3ED5D7A38BD184B28
:10B8E0001F4AD3ED4F7ABDEC028BD2ED005A93ED97
:10B8F0001C5A93ED506AD2ED056A85EE257AE6EE84
:10B90000267A83ED5B7AC3ED4F7A38BD0C4B154A2E
:10B91000D3ED4F7ABDEC028BD3ED506A92ED007AF5
:10B92000E6EE877AC3ED4F7A38BD77EE877A34EE4C
:10B93000264AC7EE846AB1EEE67A3CE7BC420034A0
:10B940004C85003400000000483C00340000C84131
:10B95000DC8600342086003458860034508600345B
:10B960003C4100344C41003470B5CE4B93F800316B
:10B97000083B052B00F28A80DFE813F08900A20162
:10B980009000110188000600C74C94F81032182B63
:10B9900000F2F581C54DC64E95ED034A95ED042A9A
:10B9A000C44B34EE424A93ED395A96ED273A05F5E9
:10B9B000B16394ED316AA4EE035AD3ED007AD5ED6C
:10B9C000162A35EE464A67EEA27AD4ED326AA7EE21
:10B9D000846A84ED305A36EE665A94ED337AE7EE97
:10B9E000856AD6ED074A84ED316A36EEC76AD4ED32
:10B9F000345AA7EE867AD4ED683AF0EEE44AC4ED04
:10BA0000326AF4EE634A77EE656AF1EE10FAE7EE19
:10BA1000A65A84ED337AC4ED345A40F0C38104F55C
:10BA2000C870F7F7C9FF04F5C870F7F7CCFF68B323
:10BA300094ED347AD4ED2E7A77EE877AD6ED250A16
:10BA400096ED0E0A04F1D40085ED057AC4ED2E7A48
:10BA5000F8F7F0F994F8103204F5C8700133DBB24E
:10BA600004EB8302D2F8A82184F81032C4F8A02194
:10BA7000F7F79FFF05F5A265D4ED4F7A95ED007AB3
:10BA8000D4ED506AE6EE877AC4ED4F7A70BDFFF7C9
:10BA900001FBBDE870408848F7F78EBF824C834DAC
:10BAA00094ED297AD5ED167A94ED2A0AA7EE270AA5
:10BAB000F8F740F904F1AC0084ED2A0AF8F716F81B
:10BAC00094ED2C6AD4ED116A94ED107AD4ED2B7AB2
:10BAD00027EE067A67EEE67A84ED127AC4ED137AE1
:10BAE000FFF7D8FA04F5C870FFF728FBF7F764FFF3
:10BAF00004F5C870F7F767FF0028C7D094F8103234
:10BB00000133DBB2182B84F81032BFD894ED105AF1
:10BB100094ED273A25EE055A85EE034AD4ED5B6A8B
:10BB2000B0EE445A94ED297ADFED643AA6EEE65A77
:10BB300094ED2E6AD4ED2F5A27EE077A85FE235A0C
:10BB4000E7EE075AA5EE076A86EE255A03F5A273BB
:10BB500005EB8303D3ED017AB1EEC57AC4ED297A02
:10BB600067EE877A67EEA77AE6EEA67A05F59F6319
:10BB7000D3ED004A84ED5D7AB1EEE77A64EE877A20
:10BB800004F5C87084ED2D4AC4ED2F5A84ED2E6A59
:10BB9000C4ED107A05F20C55F7F70BFF6CE7424C39
:10BBA000424D94ED297AD5ED167A94ED2A0AA7EE46
:10BBB000270AF8F7BFF804F1AC0084ED2A0AF7F77A
:10BBC00095FF94ED2C6AD4ED116A94ED107AD4EDC2
:10BBD0002B7A27EE067A67EEE67A84ED127AC4EDC8
:10BBE000137AFFF757FA04F5C870FFF7A7FAF7F7CB
:10BBF000E3FE04F5C870F7F7E6FE00283FF446AF11
:10BC000094F810320133DBB2182B84F810323FF66F
:10BC10003DAF94ED115A94ED283A25EE055A85EE84
:10BC2000034AD4ED5B6AB0EE445A94ED297ADFED15
:10BC3000233AA6EEE65A94ED2E6AD4ED2F5A27EE5B
:10BC4000077A85FE235AE7EE075AA7EE056A86EEC5
:10BC5000255A03F5A27305EB8303D3ED017AB1EE08
:10BC6000C57AC4ED297A67EE877A67EEA77AE6EEA1
:10BC7000A67A05F59F63D3ED004A84ED5C7AB1EEB8
:10BC8000E77A64EE877A04F5C87084ED2D4AC4ED36
:10BC90002F5A84ED2E6AC4ED117A05F20C55F7F790
:10BCA00088FEE9E6BC4200344C850034483C003450
:10BCB000C839003448840034DC86003400000000B9
:10BCC000FFF7E8F9BDE870406249634B634A01F54C
:10BCD000AF60D3ED153AD0ED007A91ED162AD2ED92
:10BCE000342A67EE827A93ED144A92ED333A72EE7B
:10BCF000E32AD3ED174AE7EEA23A33EE443A93ED46
:10BD0000165AA7EE834A33EEE43AD3ED195AE7EE1A
:10BD1000834AC3ED153A74EE453A93ED186AA7EEDF
:10BD2000A35A83ED144A34EEE54AD3ED1B6AE7EEDD
:10BD3000845AC3ED174A75EE464A93ED1A7AA7EE78
:10BD4000A46A83ED165A35EEE65AC3ED195AE7EEAA
:10BD5000856A76EE475AA7EEA57A66EEA67AE7EEF2
:10BD6000077A83ED1A7AB1EEE77A83ED186AC3EDAC
:10BD70001B6A03F5C87083ED1C7AF7F71DBE94F8B3
:10BD80004531C3B3354B94ED687AD3ED077AF0EEC5
:10BD9000E77AF4EE477AF1EE10FA0DD1022384F837
:10BDA000453170BDD6ED3A0A96ED0C0A04F5867061
:10BDB000BDE87040F8F73EB8D4ED607AD3ED0C5A88
:10BDC00067EEA57A234AD4ED616A93ED247A92ED69
:10BDD000026A77EEA77A37EE667AC7EE866A92ED48
:10BDE000160A37EE667A04F5827027EE000ABDE87F
:10BDF0007040F7F73EBED4ED2E6A94ED2F7A012302
:10BE0000C6EE877A134D04F1D400C4ED5E7AC5ED19
:10BE1000057A84F84531F8F734F804F58670F8F7B8
:10BE200030F8D4ED3E7AD5ED026AB6EE007A67EED0
:10BE3000A67A67EE877AD4F8FC10D4F83021D4F8CB
:10BE40003431C4ED607AC4F88411C4F88C21C4F88C
:10BE5000883170BD483C00344C850034C83900340A
:10BE600008B52DED028BB0EE408A00F03FFAF0EEFF
:10BE7000408AB4EE488AF1EE10FA0AD6B0EE480ACB
:10BE800000F012F9F7EE007AB4EEE70AF1EE10FADC
:10BE900004DCB0EE680ABDEC028B08BD01F0AEF91F
:10BEA000212203460348BDEC028B1A60BDE808401E
:10BEB00000F048B95CE6001208B52DED028BB0EE3B
:10BEC000408A00F045F9B4EE488AF1EE10FA06D641
:10BED000DFED098AB4EEE88AF1EE10FA02D4BDEC87
:10BEE000028B08BD01F08AF988EEA80A21230360BD
:10BEF000BDEC028B08BD00BF0000000038B510EE9D
:10BF0000105AF0EE407A25F00044B4F1A14F0ADB5C
:10BF1000B4F1FF4F58DCDFED517A002D9FED507AE0
:10BF200037FE870A38BD4F4B9C425CDCB4F1445F5E
:10BF30004DDB4FF0FF3327EEA76ADFED4B1A9FED85
:10BF40004B2A5A1CDFED4A5A26EE067A9FED493AF3
:10BF5000DFED492A9FED494AA7EE212ADFED483A55
:10BF6000E7EE252A9FED475ADFED474ADFED476AA6
:10BF7000DFED475AA2EE073AE2EE873AA3EE074A10
:10BF8000E3EE874AA4EE075AE4EE875AE5EE076A25
:10BF900065EE875A66EE866A3AD03E4976EEA56A25
:10BFA0003D4A002D01EB830102EB830391ED007A02
:10BFB00093ED006A96EEA77A77EE677A36EE670A17
:10BFC000B0DAB1EE400A38BD30EE000A38BD9FED60
:10BFD000337AF7EE006A30EE077AB4EEE67AF1EEE5
:10BFE00010FAA6DD38BD00F05FF82D4B9C4216DC40
:10BFF000A3F5D0039C4227DCF0EE007A0023BFEECD
:10C00000007AA0EE277A30EE270AC7EE007A92E790
:10C0100076EEA56AE6EEE77AB0EE670A38BD214B08
:10C020009C420BDCF7EE087A0223B7EE007AA0EE12
:10C03000277A30EE670AC0EE077A7CE7BFEE007A17
:10C040000323C7EE007A76E7F7EE007A012330EE9D
:10C05000677A30EE270AC7EE007A6CE7DB0FC93F3C
:10C06000DB0FC9BFFFFFDF3ED769853C59DA4B3D87
:10C0700021A215BD356B883D6BF16EBD6E2EBA3DAC
:10C0800095879DBD2549123E388EE3BDABAAAA3ED9
:10C09000CDCC4CBE70E6001260E60012CAF24971C7
:10C0A000FFFF973FFFFF1B4010EE103A23F00043C5
:10C0B00000EE103A704700BF10EE103A1F4A23F00E
:10C0C000004393421CDDB3F1FF4F02DB30EE400A28
:10C0D000704700B583B0684600F00EFA00F0030028
:10C0E000012812D002281FD0B0B1DDED010A9DED6C
:10C0F000000A00F031F8B1EE400A03B05DF804FB2D
:10C100000020DFED0F0A00F0A9B8DDED010A9DED7A
:10C11000000A00F021F8F0E70120DDED010A9DEDB5
:10C12000000A00F09BF8E8E70120DDED010A9DED33
:10C13000000A00F093F8B1EE400ADEE7D80F493F5D
:10C14000000000009FED010A704700BF0000C07FA3
:10C15000B1EEC00A704700BF10EE103A23F0004362
:10C16000B3F1485F2CDAFDEEC07A17EE903A002B5F
:10C1700060D020EE007ADFED316A9FED315ADFEDBD
:10C18000315AA7EE265A9FED306ADFED307ADFEDA7
:10C19000306AE7EE055AA7EE256AE7EE067AE7EE83
:10C1A000276A67EE266A60EEC00AF6EE007AB7EEFE
:10C1B000000AE7EE260AD7EE270A30EE600A70473B
:10C1C00020EE007ADFED1D6A9FED1D5ADFED1D5A4E
:10C1D000A7EE265A9FED1C6ADFED1C7ADFED1C6A84
:10C1E0001C4A9342E5EE075AA5EE876AE6EE077A07
:10C1F000E7EE876A66EE876AD5DD174A934214DC5C
:10C2000003F17F43B7EE006A07EE903A36EE676AB5
:10C21000F6EE005A60EEC00AD7EE257AE7EE260A5F
:10C2200077EEE07A36EE670A7047B6EE076AF5EE0B
:10C23000027AEDE7B7EE000A704700BF4ED747AD70
:10C24000F6740F317CF293B4010DD037610BB6BA9E
:10C25000ABAA2A3D9999993E0000483F10EE103A4A
:10C2600023F00043B3F1485F04DAFDEEC07A17EE25
:10C27000903A5BB360EE007A9FED155ADFED155AE8
:10C280009FED156AE7EE855ADFED146A9FED147A8B
:10C2900020EE275AA5EEA76AE6EE276AA6EEA77A51
:10C2A00030B9DFED106AE7EE876AA6EE850A7047BF
:10C2B00027EE457ADFED0C6AB6EE006AA0EE867ACC
:10C2C000D7EE270AE5EE260A30EE600A704700BF77
:10C2D000D3C92E2F342FD7B21BEF3836010D50B9EA
:10C2E0008988083CABAA2ABEABAA2A3E38B510EE14
:10C2F000105A25F00044B4F17E5F2DED048B00F060
:10C3000085807ADCB4F17C5F0FDAB4F1485F80F2AB
:10C310009C80DFED697AB7EE007A70EE277AF4EE52
:10C32000C77AF1EE10FA00F38D80FFF7BDFEF7EE4D
:10C33000007AF6EE006A9FED613A9FED614A37EEB2
:10C34000C00ADFED603ADFED604A9FED605A20EEF3
:10C35000268ADFED5F5A9FED5F6ADFED5F6AA8EE28
:10C36000034A9FED5E7AE8EE234ADFED5D8AB0EE88
:10C37000480AA4EE085AE4EE885AA5EE086AE5EEEB
:10C38000886AA6EE087AE6EE887AE7EE088AB0EECA
:10C39000679AFFF7DDFE534B9C4268EE888A42DCC9
:10C3A00010EE103A9FED507AB0EE006ADFED4F7A52
:10C3B00023F47F6370EE004AF0EE475A23F00F0338
:10C3C00088EE895A06EE903AA6EEE68A30EE260A04
:10C3D000E6EEC65AC8EE006AE6EEC67AD4EE857A74
:10C3E00077EEE57A37EE677A002D0ADCB1EE477A10
:10C3F000BDEC048BB0EE470A38BD70EE407A87EE94
:10C40000A77AB0EE470ABDEC048B38BD9FED377AB2
:10C41000DFED377A20EE077ABDEC048BA0EE277AA9
:10C42000B0EE470A38BD88EE896ADFED327A9FEDBB
:10C43000307AF0EE006AA0EE060AE0EE267A37EED9
:10C44000677AD1E7B0EE407ADBE760EE007ADFEDA5
:10C450001B6A9FED1B3A9FED1D4AA7EEA63A9FED82
:10C46000197ADFED193AF7EE006A9FED1A5AE7EEF6
:10C47000873ADFED174A9FED196ADFED175AA3EEF1
:10C48000274A9FED177ABDEC048BE3EEA74AA4EE92
:10C49000275AE4EEA75AA5EE276AE5EEA76AA6EEAC
:10C4A000277A67EE277AB0EE407A87EEA66AA0EE8A
:10C4B000067AB0EE470A38BDCAF2497108EF113862
:10C4C000047F4F3A2EC69D3D613330BF461124BDD7
:10C4D0002D570140A80A4E3E39D119C090B0A6BED2
:10C4E000ABAA2A3E9999793FDB0F493F2EBD3BB35A
:10C4F000DB0FC93F2EBD3B3310EE103A8A4A70B5B0
:10C5000023F0004486B00546944268DD874A10EE69
:10C51000106A94421ADC002BDFED857A24F00F04B8
:10C52000844A40F3E480944270EE677A66D09FEDCF
:10C53000827A012077EEC76A77EEE67AC5ED006A67
:10C5400077EEC77AC5ED017A06B070BD7B4A94429A
:10C550005CDDB4F1FF4F49DAE215DFED796A863A26
:10C56000A4EBC25307EE903ABDEEE77AB8EEC77A75
:10C5700077EEC77A8DED037A67EEA67ABDEEE77A9D
:10C58000B8EEC77A77EEC77A8DED047A67EEA67AB1
:10C59000F5EE407ACDED057AF1EE10FA40F0968096
:10C5A000B5EE407AF1EE10FA14BF0223012365497B
:10C5B00003A8019102210091294600F0D1F8002E34
:10C5C000C2DA95ED007A4042D5ED017AB1EE477AB4
:10C5D000F1EE677A85ED007AC5ED017AB4E70022C5
:10C5E000002085ED000A6A6006B070BD70EE407AEA
:10C5F0000020C5ED017AC5ED007AA5E7DFED526AAE
:10C6000001209FED527A77EEE67A93E7FFF74CFD33
:10C61000B6EE007ADFED4E6A9FED456AA0EE267A0F
:10C62000DFED457ABDEEC77A17EE100AF8EEC76A5D
:10C630001F28A6EEC60A66EEA77AB1EE666A1EDC71
:10C64000444A411E24F0FF0352F82120934216D0A1
:10C6500030EE677A85ED007A30EE470A002E30EE34
:10C66000670A85ED010ABFF66FAFB1EE477A404227
:10C67000B1EE400A85ED007A85ED010A64E730EEFF
:10C68000677AE21517EE103AC3F3C753C3EBD453DE
:10C69000082BDFDDF0EE405A9FED2B7A9FED2B5AF1
:10C6A000E6EE075A70EE657AE6EE077AD6EE857A00
:10C6B00035EEE77A17EE103AC3F3C753D21A192AA8
:10C6C00006DCB0EE650A85ED007AC5E703236EE768
:10C6D000B0EE650A9FED207A9FED205AA6EE070A7C
:10C6E00075EEC07AE6EE077AD6EE857AB0E7944228
:10C6F00070EE277A0ED09FED107A4FF0FF3077EE74
:10C70000876A77EEE67AC5ED006A77EE877AC5ED3F
:10C71000017A19E7DFED0C6A4FF0FF309FED0B7ADD
:10C7200077EEA67AEBE700BFD80F493FE3CB164080
:10C73000800FC93FD00FC93F43443537800F49436D
:10C740000000804300E700120044353708A3852E1F
:10C7500084F9223F80E6001200A3852E32318D2419
:10C760002DE9F04F2DED048BDBB01C468246039380
:10C7700004F1FF389F4B06916899089253F82150B5
:10C78000111DC0F29982D31E48BF131DDB10029306
:10C790000133DB00079315EB0801DDE90723A3EB69
:10C7A00002030593029BA3EB080314D401319FED10
:10C7B000927A1EAA69981944002BF0EE477A05DB9D
:10C7C00050F8234007EE904AF8EEE77A0133E2ECA6
:10C7D000017A8B42F0D1002DC0F2DE82039B1EAAAB
:10C7E00046AE404602EB8304EF184FEA830C0AEB97
:10C7F0008301B8F1000FDFED807A09DB2246534652
:10C80000F3EC016A32ED017A8B42E6EE877AF7D1DA
:10C8100001300434E6EC017AB842EAD10AAF0AEBFF
:10C820000C049FED779A46AE07EB8502DFED738A25
:10C8300007EB85090598043A009504925AAB002D40
:10C840004FEA850B03EB850313ED140A16DD06EBA7
:10C8500085033A4660EE097A73ED016AB0EE407ADC
:10C86000B342FDEEE77AF8EEE77AA7EEE87A37EE24
:10C87000A60ABDEEC77AA2EC017AEBD1019000F0D6
:10C880009DFAB0EE408AB4EE000A28EE000A00F0ED
:10C8900007FBF2EE007A0198A0EE678A0028FDEE11
:10C8A000C89AF8EEE97A38EE678A77DD05F1FF3C41
:10C8B000C0F10803C0F1070157F82C2042FA03FE2B
:10C8C0000EFA03F3019319EE903A734409EE903A8D
:10C8D000019BD31A47F82C300B41002B66DCB5EED8
:10C8E000408AF1EE10FA40F0BE8005F1FF3B009A5D
:10C8F0005A450EDC4FEA850C002107EB85029E4667
:10C9000052F8043D4A4541EA0301F9D1002940F0BB
:10C91000F280009B013B57F82330002B40F0E6806B
:10C92000049B4FF0010C53F8042D0CF1010C002A6C
:10C93000F9D005F1010BAC44DE46039B029A2B446F
:10C940006FF040455A4406EB8B0B1544699A02EB95
:10C9500085051EAA02EB8301D5ED017AB8F1000F1F
:10C9600005F104050A46F8EEE77A01F104019FEDAE
:10C97000227A41ED017A09DB534601E072ED017A3A
:10C98000F3EC016AA342A6EEA77AF7D10EF1010EED
:10C99000ABEC017AE645DFDD65464FE740F09C8071
:10C9A0006B1E57F82330DB11002B98DD19EE902A0F
:10C9B000002D02F1010209EE902A40F38C813968C2
:10C9C00000297FD1012D27D03A464FF0010C52F8B3
:10C9D000041F00297AD00CF10102C1F58071954243
:10C9E00047F82C1017DD57F82210BB4407EB8202E2
:10C9F0000BE000BF44EA001200000000000080438A
:10CA00000000803B0000C93F1168C1F1FF0142F8FE
:10CA1000041B5A45F8D1012100280CDD012800F043
:10CA20004281022807D105F1FF3C57F82C2002F083
:10CA30003F0247F82C20022B7FF451AFB7EE000ADB
:10CA400030EE488A00293FF44AAF0993019000F084
:10CA5000B5F938EE408A099B0198B5EE408AF1EEAF
:10CA600010FA3FF442AF9846B0EE480A0195009D97
:10CA7000DDE90732981A00F0A1F91FED207A019B39
:10CA8000B4EEC70AF1EE10FAC0F24F815FED247ADE
:10CA900003F1010B059A60EE277A0832FDEEE77A82
:10CAA0000592F8EEE77AA7EEC70AFDEEE77ABDEE4B
:10CAB000C00A10EE102A47F8232017EE903A47F8E4
:10CAC0002B302CE001224FF0000C86E70CF1010C1A
:10CAD000AC457FF47CAF9FE7F6EE007AB4EEE78AD0
:10CAE000F1EE10FA80F2ED800023F8E605F1010B7B
:10CAF000DE46DC4621E7059BF046009DA3F10802D7
:10CB000057F82B30059253B9ACF104033B4453F86A
:10CB1000041D0BF1FF3B083A0029F8D00592B7EE4F
:10CB2000000A059800F04AF9BBF1000FC0F22A8113
:10CB30000BF1010646AA1FED4E7A4FEA860C07EB71
:10CB4000860302EB860273ED017AF8EEE77ABB42C8
:10CB500067EE807A20EE070A62ED017AF3D1ACF13C
:10CB6000040346AA002D1FED596A02EB03044FF09F
:10CB7000000022DBB0EE467A8E492246DFED8E7A47
:10CB8000002303E0984208DBB1EC017A0133F2ECB8
:10CB9000016A9D42E6EE877AF4DA5AAB58454FEACD
:10CBA000800100F1010203EB8003A4F1040443EDD2
:10CBB000287A05D0002D1046DCDADFED7F7AECE72D
:10CBC000689A022A1DDC002A00F3878010D132AB5C
:10CBD000DFED797A9C443CED017A634577EE877A04
:10CBE000F9D143460BB1F1EE677A069BC3ED007AAB
:10CBF00019EE903A03F007005BB0BDEC048BBDE882
:10CC0000F08F689A032AF3D1BBF1000F00F0CC80BB
:10CC100032AA13ED287A0BF1804302EB8B0070ED02
:10CC2000017AF0EE476A37EE277A824277EEC77ACA
:10CC300080ED007A77EEA67AC0ED017AEFD1BBF1F4
:10CC4000010F40F3B18001F5B47133A8694411EDCF
:10CC5000287A990002EB830373ED017AF0EE476ABC
:10CC600037EE277A984277EEC77A83ED007A77EE2F
:10CC7000A67AC3ED017AEFD10B1DDFED4F7A02F1F9
:10CC80000801134433ED017A994277EE877AF9D19E
:10CC90004346002B51D10699329A339BC1ED027A5B
:10CCA0000A604B60A4E705F1FF3C57F82C2002F026
:10CCB0007F0247F82C20BEE6082307930023029347
:10CCC00069E519EE903A002D03F1010309EE903A5F
:10CCD00052DD022373E600219EE632ABDFED367AA9
:10CCE00003EB860636ED017AB34277EE877AF9D107
:10CCF0004346A3BB9DED327ABBF1000F069BC3ED0B
:10CD0000007A77EE677A0CDD33AA01230133B2ECA7
:10CD1000017A9B4577EE877AF8DA43460BB1F1EE5C
:10CD2000677A069BC3ED017A62E7BDEEC00A9B46B7
:10CD300010EE102A47F82320F1E6DDED326AF1EE1D
:10CD4000677A9DED337AF1EE666A069BB1EE477A1B
:10CD5000C3ED027AC3ED006A83ED017A48E7B1EED4
:10CD6000677ADDED326A069BBBF1000F76EEE77A5B
:10CD700083ED007AC8DCD2E7F7EE007A022337EEC3
:10CD8000C88AACE5689B022B0ADC002B0FDC7FF421
:10CD90002FAFDFED097A24E7039B4FEA830C3DE5D3
:10CDA000689B032B7FF424AFDFED037A70E7DFEDA0
:10CDB000027A9DE71CEA00120000000010EE103A13
:10CDC00010EE102A33F0004127D0B1F1FF4F21D2ED
:10CDD00013F0FF4F22D1DFED2B7A2B4A60EE277A3A
:10CDE000904217EE903A32DB4CF2503CC3F3C751FD
:10CDF00017EE902A6045A1F1190114DDDFED237AC9
:10CE0000002B9FED237AB0EE670A67FE877A27EE44
:10CE1000800A704730EE000A704770474CF2503C71
:10CE2000C90D6045EADC0144FE29E7DC002915DC78
:10CE300011F1160F19DB193122F0FF429FED150A8F
:10CE400042EAC15207EE902A27EE800A7047DFEDD2
:10CE5000127A07EE103A27EE270A704722F0FF42B7
:10CE600042EAC15300EE103A7047DFED0B7A002B17
:10CE70009FED0A7AB0EE670A67FE877A27EE800A8E
:10CE8000704700BF0000004CB03CFFFFCAF2497180
:10CE9000CAF249F1000000336042A20D6042A28D47
:10CEA000BBFE400A704700BF53B94AB9002908BF0A
:10CEB00000281CBF4FF0FF314FF0FF3000F082B967
:10CEC000ADF1080C6DE904CE00F006F8DDF804E0E1
:10CED000DDE9022304B070472DE9F04F099E0D46AD
:10CEE00004460F46002B46D18A4294465ED9B2FAD8
:10CEF00082F343B102FA03FCC3F120029F409C403D
:10CF000020FA02F217434FEA1C4E1FFA8CF5220C4E
:10CF1000B7FBFEF10EFB117701FB05F042EA074279
:10CF2000904208D91CEB020201F1FF3702D2904275
:10CF300000F234813946121AA4B2B2FBFEF00EFBA5
:10CF4000102200FB05F544EA0244A54208D91CEB77
:10CF5000040400F1FF3202D2A54200F2198110460A
:10CF600040EA0140641B00211EB1DC400023C6E9F9
:10CF70000043BDE8F08F8B4208D9002E00F0FC8002
:10CF80000021C6E900050846BDE8F08FB3FA83F139
:10CF900000294CD1AB42C0F0F280824240F2EF80D7
:10CFA0000846002EE5D0C6E90047E2E702B9FFDEF9
:10CFB000B2FA82F3002B40F09F808A1A4FEA1C4E8F
:10CFC0001FFA8CF70121B2FBFEF50EFB1520220C97
:10CFD00042EA004207FB05F090420FD91CEB020227
:10CFE00005F1FF382CBF4FF001094FF000099042C6
:10CFF00003D9B9F1000F00F0CE804546121AA4B251
:10D00000B2FBFEF00EFB102200FB07F744EA0244DD
:10D01000A74208D91CEB040400F1FF3202D2A74258
:10D0200000F2B3801046E41B40EA05409CE7C1F1E2
:10D0300020048B4005FA01FC22FA04F7E5408A40FF
:10D040001F4320FA04F388404FEA174843EA0C03D1
:10D050001FFA87FC4FEA1349B5FBF8FE08FB1E5583
:10D0600049EA05450EFB0CF9A9450ED97D190EF1CB
:10D07000FF3A2CBF4FF0010B4FF0000BA94503D92D
:10D08000BBF1000F00F08D80D646A5EB09051FFA15
:10D0900083F9B5FBF8F308FB135503FB0CFC49EAD5
:10D0A0000545AC4506D97D1903F1FF3801D2AC45E1
:10D0B0007ED8434643EA0E43A5EB0C05A3FB02983A
:10D0C0004545CE46C44602D306D1484504D2013B6D
:10D0D000B9EB020E68EB070C002E6FD0B0EB0E021E
:10D0E00065EB0C05CA4005FA04F4CD40184614431C
:10D0F0000021C6E900453CE702FA03FCC3F1200227
:10D1000099409C40D5404FEA1C4E20FA02F21FFA8B
:10D110008CF7B5FBFEF00A430EFB1055110C41EAEB
:10D12000054100FB07F58D420ED91CEB010100F112
:10D13000FF382CBF4FF001094FF000098D4202D992
:10D14000B9F1000F31D04046491B92B2B1FBFEF558
:10D150000EFB151142EA014205FB07F1914207D986
:10D160001CEB020205F1FF3801D2914223D845465B
:10D17000521A45EA004126E731463046F9E6841A5C
:10D1800065EB0302012017460BE7644402384AE7C7
:10D1900064440238E4E6023D62442FE70239624407
:10D1A000C9E6AEF1020E3D446FE702386144CBE7B9
:10D1B000023B3D447EE7023D6244D9E718463146D2
:10D1C000D7E600BF704700BF08B5064B044613B151
:10D1D0000021AFF30080044B1B6803B19847204641
:10D1E00000F04EF800000000988800340244034626
:10D1F000934200D1704703F8011BF9E7014B18680F
:10D20000704700BF0405003470B50D4D00260D4C6D
:10D21000641BA410A64209D10B4D00260B4C00F054
:10D2200031F8641BA410A64205D170BD55F8043B2B
:10D2300001369847EEE755F8043B01369847F2E788
:10D240000805003408050034080500340C050034D6
:10D2500010F8012B11F8013B012A28BF9A42F7D0A0
:10D26000D01A70470A44431E914200D1704710B54E
:10D2700011F8014B914203F8014FF9D110BD0000A4
:10D28000FEE700BFF8B500BFF8BC08BC9E4670477B
:10D29000F8B500BFF8BC08BC9E467047000000000F
:10D2A0005FF800F0B50600345FF800F0A90700341D
:10D2B0005FF800F0410600340505010000000001A0
:10D2C00001010000120A0400000000020100000039
:10D2D000180A01000000000101010000080D04000F
:10D2E000000000020100000003030300030101002D
:10D2F000000000000000000000000000000000002E
:10D30000000000000100000000000000000000001C
:10D3100001000000000D00340303030003010100BD
:10D3200000000000000000000000000000000000FD
:10D3300000000000010000000000000000000000EC
:10D3400001000000180D0034030303000301010075
:10D3500000000000000000000000000000000000CD
:10D3600000000000010000000000000000000000BC
:10D3700001000000300D003403030300030101002D
:10D38000000000000000000000000000000000009D
:10D39000000000000100000000000000000000008C
:10D3A00001000000480D00340303030003010100E5
:10D3B000000000000000000000000000000000006D
:10D3C000000000000100000000000000000000005C
:10D3D0000100000000000000E80C00340000000024
:10D3E000000000000000000003030300030101002F
:10D3F000000000000000000000000000000000002D
:10D40000000000000100000000000000000000001B
:10D4100001000000780D0034030303000301010044
:10D4200000000000000000000000000000000000FC
:10D4300000000000010000000000000000000000EB
:10D4400001000000900D00340303030003010100FC
:10D4500000000000000000000000000000000000CC
:10D4600000000000010000000000000000000000BB
:10D4700001000000A80D00340303030003010100B4
:10D48000000000000000000000000000000000009C
:10D49000000000000100000000000000000000008B
:10D4A00001000000C00D003403030300030101006C
:10D4B000000000000000000000000000000000006C
:10D4C000000000000100000000000000000000005B
:10D4D0000100000000000000600D003400000000AA
:10D4E0000000000000000000040000000000000038
:10D4F000000000000000000000000000C05D00000F
:10D500000080000000000000E02E0000E02E00007F
:10D51000010000000000000000000000000000000A
:10D5200002000000000000000E00000000000000EB
:10D5300010000000030000000000000003000000D5
:10D5400000000000030000000100000000000000D7
:10D550002D000000E02E0000E02E0000010100017F
:10D5600000000000030000000000000000000000B8
:10D570000700000003000000000203020300000097
:10D580000000808007000000000000000000000094
:10D590000000000004000000000000000400000083
:10D5A0000000000000000000C05D000000800000DE
:10D5B000000000000000000000000000010000006A
:10D5C0000000000000000000000000000200000059
:10D5D000000000000E00000000000000100000002D
:10D5E0000300000000000000030000000000000035
:10D5F0000300000001000000000000002D000000FA
:10D60000E02E0000E02E00000101000100000000FB
:10D610000300000000000000000000000700000000
:10D6200004000000000203020300000000008080EC
:10D6300007000000000000000000000000000000E3
:10D6400000000000010000000000010000000000D8
:10D6500001000000000001000000000001000000C7
:10D6600000000100000000000100000000000100B7
:10D6700000000000010000000000010000000000A8
:10D680000100050501000000000101010000120A6F
:10D69000040000000002010000000000FFFF000085
:10D6A000000000000000000000000000000000007A
:10D6B00000400000004000000000000000000000EA
:10D6C0000300000011000000030000000000000043
:10D6D0000300000000000000030000000000000044
:10D6E000000000000D00000003000000000000002A
:10D6F00000000000004000000040000007000000A3
:10D700000700000000030000FFFF00000000000011
:10D7100000000000000000000200000000400000C7
:10D7200000400000000000000000000000000000B9
:10D7300012000000000000001200000003000000C2
:10D7400000000000030000000000000003000000D3
:10D7500001000000030000000000000000000000C5
:10D76000004000000040000007000000070000002B
:10D7700000000000FFFFFFFF0000000000000000AD
:10D780000000000002000000004000000040000017
:10D790000000000000000000030000000000000086
:10D7A0000300000000000000030000000000000073
:10D7B0000300000000000000030000000100000062
:10D7C0000300000000000000000000000040000016
:10D7D00000400000070000000700000000000000FB
:10D7E000FFFFFFFF0000000000000000000000003D
:10D7F00002000000004000000040000000000000A7
:10D800000000000003000000000000000300000012
:10D810000000000003000000000000000300000002
:10D8200000000000030000000100000003000000F1
:10D830000000000000000000004000000040000068
:10D8400007000000070000000000000000000000CA
:10D850000000000001020002080300340400000080
:10D8600000000000000000000000000000000000B8
:10D87000C05D00000080000000000000E02E0000FD
:10D880000040000000000000000000000000000058
:10D890000000000002000000030000000000000083
:10D8A0000000000010000000030000000000000065
:10D8B0000300000000000000030000000100000061
:10D8C000000000002D000000E02E000000400000DD
:10D8D0000001000100000000030000000000000043
:10D8E0000000000007000000030000000002030227
:10D8F000030000000000808007000000000000001E
:10D900000000000000000000050000000000000012
:10D91000050000006400000000000000E02E000090
:10D920000080000000000000D0070000D0070000C9
:10D9300001000000000000000000000000000000E6
:10D9400002000000000000000F00000000000000C6
:10D9500010000000030000000000000003000000B1
:10D9600000000000030000000100000000000000B3
:10D970002D000000D0070000D007000001010000CA
:10D980000100000003000000000000000000000093
:10D99000070000000700000000020302030064000B
:10D9A00000008080070000006400000064000000A8
:10D9B000000000000500000000000000050000005D
:10D9C0006400000000000000E02E00000080000065
:10D9D0000000000070170000701700000100000038
:10D9E0000000000000000000000000000200000035
:10D9F000000000000F000000000000001000000008
:10DA00000300000000000000030000000000000010
:10DA10000300000001000000000000002D000000D5
:10DA200070170000701700000101000001000000E5
:10DA300003000000000000000000000007000000DC
:10DA40000700000000020302030064000000808061
:10DA500007000000640000006400000000000000F7
:10DA60000500000000000000050000006400000048
:10DA700000000000E02E0000008000000000000018
:10DA80001027000010270000010000000000000027
:10DA90000000000000000000020000000000000084
:10DAA0000F00000000000000100000000300000054
:10DAB0000000000003000000000000000300000060
:10DAC00001000000000000002D00000010270000F1
:10DAD0001027000001010000010000000300000009
:10DAE0000000000000000000070000000700000028
:10DAF00000020302030064000000808007000000B1
:10DB00006400000064000000000000000400000049
:10DB10000000000000000000000000000000000005
:10DB200080A903000080000000000000B0A10300F5
:10DB300000400000000000000200000000000000A3
:10DB400000000000020000000300000000000000D0
:10DB500003000000000000000300000000000000BF
:10DB600003000000000000000300000001000000AE
:10DB7000000000002D000000B0A1030000400000E4
:10DB80000001000100000000030000000000000090
:10DB90000000000007000000000000000002030277
:10DBA000030000000000808007000000000000006B
:10DBB0000000000000000000000000000100000064
:10DBC0000000000000000000000000000000000154
:10DBD0000100000000000000000000000100000043
:10DBE000B8DB001200001800C8010100003200007C
:10DBF0000100000000000100000000000000000023
:10DC000034DC0012010401040000000000000000E8
:10DC100000000000010200000000000001000001FF
:10DC200000000100000100000100000100000100EF
:10DC30000001000000000000000001001F0F0500AF
:10DC400020000000000000000000000000000000B4
:10DC500000000800100020004CD6001252D600121E
:10DC600058D6001246D6001264D6001200000000FA
:10DC7000000000000000000070D6001276D60012EE
:10DC80007CD6001240D600126AD6001200000000B6
:10DC90000000000000000000000000000000000084
:10DCA00000000000000000005ED60012000000002E
:10DCB0000000000000000000000000000000000064
:10DCC000000000000000000082D600128ED6001274
:10DCD0000000000000000000000000000000000044
:10DCE0000000000000000000000000000000000034
:10DCF0000000000000000000000000000000000024
:10DD00000000000000000000000000000000000013
:10DD10000000000000000000010000000B000000F7
:10DD20001D000000000000000000000000000000D6
:10DD300000000000010000000000000000000000E2
:10DD400000000000000000000000000000000000D3
:10DD5000010000000A0000001D000000000000009B
:10DD600000000000000000000000000001000000B2
:10DD700000000000000000000000000000000000A3
:10DD8000000000000000000001000000080000008A
:10DD90000000000000000000000000000000000083
:10DDA0000000000001000000000000000000000072
:10DDB0000000000000000000000000000000000063
:10DDC000000000000600000000000000000000004D
:10DDD0000000000000000000000000000100000042
:10DDE0000000000000000000000000000000000033
:10DDF000000000000000000000000000060000001D
:10DE00000000000000000000000000000000000012
:10DE10000000000001000000000000000000000001
:10DE200000000000000000000000000000000000F2
:10DE300000000000080000001A00000000000000C0
:10DE400000000000000000000000000001000000D1
:10DE500000000000000000000000000000000000C2
:10DE600000000000000000000000000008000000AA
:10DE70001A00000000000000000000000000000088
:10DE80000000000001000000000000000000000091
:10DE90000000000000000000000000000000000082
:10DEA000000000000800000000000000000000006A
:10DEB0000000000000000000000000000100000061
:10DEC0000000000000000000000000000000000052
:10DED0000000000000000000010000000800000039
:10DEE0000000000000000000000000000000000032
:10DEF0000000000001000000000000000000000021
:10DF00000000000000000000000000000000000011
:10DF100000000000060000000000000000000000FB
:10DF200000000000000000000000000001000000F0
:10DF300000000000000000000000000000000000E1
:10DF400000000000000000000000000006000000CB
:10DF50001B000000000000000000000000000000A6
:10DF600000000000010000000000000000000000B0
:10DF700000000000000000000000000000000000A1
:10DF800000000000060000001B0000000000000070
:10DF90000000000000000000000000000100000080
:10DFA0000000000000000000000000000000000071
:10DFB000000000000000000000000000060000005B
:10DFC0001B00000000000000000000000000000036
:10DFD0000000000001000000000000000000000040
:10DFE0000000000000000000000000000000000031
:10DFF00000000000060000001B0000000000000000
:10E00000000000000000000000000000010000000F
:10E010000000000000000000000000000000000000
:10E0200000000000000000000000000006000000EA
:10E030001B000000000000000000000000000000C5
:10E0400000000000010000000000000000000000CF
:10E0500000000000000000000000000000000000C0
:10E0600000000000060000001B000000000000008F
:10E07000000000000000000000000000010000009F
:10E080000000000000000000000000000000000090
:10E09000000000000000000000000000060000007A
:10E0A0000000000000000000000000000000000070
:10E0B000000000000100000000000000000000005F
:10E0C0000000000000000000000000000000000050
:10E0D000000000000600000000000000000000003A
:10E0E000000000000000000000000000010000002F
:10E0F0000000000000000000000000000000000020
:10E100000000000000000000000000000600000009
:10E1100000000000000000000000000000000000FF
:10E1200000000000010000000000000000000000EE
:10E1300000000000000000000000000000000000DF
:10E1400000000000060000000000000000000000C9
:10E1500000000000000000000000000001000000BE
:10E1600000000000000000000000000000000000AF
:10E170000000000000000000000000000600000099
:10E180001B00000000000000000000000000000074
:10E19000000000000100000000000000000000007E
:10E1A000000000000000000000000000000000006F
:10E1B00000000000060000001B000000000000003E
:10E1C000000000000000000000000000010000004E
:10E1D000000000000000000000000000000000003F
:10E1E0000000000000000000000000000600000029
:10E1F0001B00000000000000000000000000000004
:10E20000000000000100000000000000000000000D
:10E2100000000000000000000000000000000000FE
:10E2200000000000060000001B00000000000000CD
:10E2300000000000000000000000000001000000DD
:10E2400000000000000000000000000000000000CE
:10E250000000000000000000F4010000280004019C
:10E26000020009051000030063010000636F6E6681
:10E2700069673F007375627363726962652C312C44
:10E28000313530303000756E737562736372696258
:10E29000652C3100756E7375627363726962650017
:10E2A0007B0D0A20202020226465766963655F6EFD
:10E2B000616D65223A202250534F434333222C0D87
:10E2C0000A202020202270726F746F636F6C5F765B
:10E2D000657273696F6E223A20312C0D0A2020205E
:10E2E00020226865617274626561745F74696D652E
:10E2F0006F7574223A2031302C0D0A202020202204
:10E3000073656E736F7273223A205B0D0A202020B2
:10E3100020202020207B0D0A2020202020202020CB
:10E3200020202020226368616E6E656C223A2031C5
:10E330002C0D0A20202020202020202020202022F8
:10E3400074797065223A202243757272656E747317
:10E35000222C0D0A202020202020202020202020D8
:10E36000226461746174797065223A2022733136B7
:10E37000222C0D0A202020202020202020202020B8
:10E38000227368617065223A205B2032302C203382
:10E39000205D2C0D0A20202020202020202020205D
:10E3A00020227261746573223A205B20313530304F
:10E3B00030205D0D0A20202020202020207D0D0A05
:10E3C000202020205D0D0A7D0D0A00004F4B0D0A14
:10E3D000000000007F3E0000000000000000000080
:10E3E00000000000000000007F3E00000040000030
:10E3F0000000000001000000030000000000000019
:10E400000300000000000000030000000000000006
:10E4100003000000000000000300000001000000F5
:10E420000300000000000000000000007F3E00002C
:10E43000004000000700000007000000000000008E
:10E4400001000000080000000000000000000000C3
:10E4500000000000000000000000000001000000BB
:10E4600000000000000000000000000000000000AC
:10E470000000000000000000010000000600000095
:10E48000000000000000000000000000000000008C
:10E49000000000000100000000000000000000007B
:10E4A000000000000000000000000000000000006C
:10E4B000000000000800000008000000000200004A
:10E4C000000000000000000000000000000000004C
:10E4D0000000000000000000000000000B00000031
:10E4E000000000000100000000000000000000002B
:10E4F000000200004C00000001000000B9390012C9
:10E5000099390012C739001251600012D539001232
:10E51000995E0012D5390012C5590012D539001282
:10E52000655E0012C55D00125D5D0012495D00125E
:10E53000D95A0012D539001291560012D53900125D
:10E540009D5C0012D539001235550012E9540012B5
:10E55000D5390012FD5B00128959001225560012B0
:10E56000355A0012D5390012CD550012AD5B00129C
:10E57000A95B0012A55B0012315900120D56001262
:10E5800009580012D5390012D5580012355B001217
:10E590004D5A0012D539001251580012D1550012AF
:10E5A000C5570012D53900129D5700129757001217
:10E5B00089570012D5390012F5540012D5390012CE
:10E5C000E1560012D53900123C440034F4530034B3
:10E5D000AC630034647300340100000000000012DA
:10E5E0000000000000000400000200000002000023
:10E5F0000100000001000000000080120000000087
:10E600000000040000020000000200000100000001
:10E6100004AF010078AE0100B0AD0100B0AD010063
:10E6200046C90100B40100004502000004030000D7
:10E6300006040000280500000000000001000000A2
:10E6400000000000010000000200000003000000C4
:10E6500004000000060005000001000000000000AA
:10E660003863ED3EDA0F493F5E987B3FDA0FC93FD2
:10E670006937AC3168212233B40F14336821A233D7
:10E68000000FC93F000F494000CB9640000FC94022
:10E690000053FB4000CB164100ED2F41000F4941D4
:10E6A0000031624100537B41003A8A4100CB9641E0
:10E6B000005CA34100EDAF41007EBC41000FC941A9
:10E6C00000A0D5410031E24100C2EE410053FB41C0
:10E6D00000F20342003A0A420083104200CB164285
:10E6E00000141D42005C234200A5294200ED2F4288
:10E6F00000363642007E3C4200C74242000F49428B
:10E70000A2000000F9000000830000006E0000007D
:10E710004E00000044000000150000002900000029
:10E72000FC0000002700000057000000D10000009E
:10E73000F500000034000000DD000000C000000013
:10E74000DB0000006200000095000000990000005E
:10E750003C00000043000000900000004100000069
:10E76000FE0000005100000063000000AB0000004C
:10E77000DE000000BB000000C500000061000000DA
:10E78000B7000000240000006E0000003A00000006
:10E79000420000004D000000D2000000E000000038
:10E7A00006000000490000002E000000EA00000002
:10E7B00009000000D1000000920000001C000000D1
:10E7C000FE0000001D000000EB0000001C00000027
:10E7D000B100000029000000A70000003E0000007A
:10E7E000E80000008200000035000000F500000095
:10E7F0002E000000BB000000440000008400000068
:10E80000E90000009C0000007000000026000000ED
:10E81000B40000005F0000007E0000004100000026
:10E820003900000091000000D6000000390000000F
:10E83000830000005300000039000000F4000000D5
:10E840009C000000840000005F0000008B000000BE
:10E85000BD000000F9000000280000003B0000009F
:10E860001F000000F800000097000000FF000000FB
:10E87000DE00000005000000980000000F0000000E
:10E88000EF0000002F000000110000008B000000CE
:10E890005A0000000A0000006D0000001F00000088
:10E8A0006D000000360000007E000000CF00000078
:10E8B00027000000CB00000009000000B7000000A6
:10E8C0004F000000460000003F000000660000000E
:10E8D0009E0000005F000000EA0000002D00000024
:10E8E0007500000027000000BA000000C70000000B
:10E8F000EB000000E5000000F10000007B000000DC
:10E900003D0000000700000039000000F700000093
:10E910008A0000005200000092000000EA0000009F
:10E920006B000000FB0000005F000000B100000071
:10E930001F0000008D0000005D00000008000000C6
:10E9400056000000030000003000000046000000F8
:10E95000FC0000007B0000006B000000AB0000002A
:10E96000F0000000CF000000BC000000200000000C
:10E970009A000000F4000000360000001D000000B6
:10E98000A9000000E3000000910000006100000009
:10E990005E000000E60000001B0000000800000010
:10E9A0006500000099000000850000005F00000085
:10E9B00014000000A00000006800000040000000FB
:10E9C0008D000000FF000000D80000008000000063
:10E9D0004D0000007300000027000000310000001F
:10E9E00006000000060000001500000056000000B0
:10E9F000CA00000073000000A8000000C900000069
:10EA000060000000E20000007B000000C000000089
:10EA10008C0000006B0000000000C93F0000F039CE
:10EA20000000DA370000A2330000842E0000502BD3
:10EA30000000C2270000D0220000C41F0000C61B37
:10EA40000000441704000000070000000900000057
:04EA500000000000C2
:08EA5400AC18FF7F0100000077
:10EA5C0000000012000000349C0000007CEA001250
:08EA6C00700200346C0200008E
:08EA7400980C0034011F0000A2
:10EA7C00E8D2001218D3001248D3001278D3001237
:10EA8C00A8D30012E8D3001218D4001248D40012F4
:10EA9C0078D40012A8D40012E80C0034000D003415
:10EAAC00180D0034300D0034480D0034600D003466
:10EABC00780D0034900D0034A80D0034C00D0034D6
:10EACC00F1F0703D000088410000DB42CDCCAA4241
:10EADC0066668F420000784233335942CDCC3E42B9
:10EAEC009A992742000012423333FB416666D241A9
:10EAFC009A99A9410000804133332341CDCC6C401D
:10EB0C009A9989C0CDCC80C101020300000000009D
:10EB1C002D060201000000000000000000010000B2
:10EB2C0000000000000000000000000001000000D8
:10EB3C0001000000000000000000000024000000A4
:10EB4C001C000000230000001A000000240000003C
:10EB5C0020000000230000001A0000001800000034
:10EB6C001800000016000000140000001003003410
:10EB7C003C06020100000000000000000001000043
:10EB8C000000000000000000000000000100000078
:10EB9C000100000000000000000000002400000044
:10EBAC001C000000230000001A00000024000000DC
:10EBBC0020000000230000001A00000018000000D4
:10EBCC001800000016000000140000007003003450
:10EBDC000000013411050034FC030034E003003460
:10EBEC00810C00120500000000000000D80D00345C
:10EBFC00000000000000000000000000959A0012C8
:10EC0C000100000000000000E00D003400000000D6
:10EC1C0000000000FF000000006CDC02006CDC0255
:10EC2C00006CDC02006CDC02006CDC0280BB0000BF
:10EC3C003000000000F00332D53900120100000052
:10EC4C00000000000000803F0000003F0000003F7B
:10EC5C000000003F0000803F0000803F0000803F2C
:10EC6C000000C07F920A063F368D2740DB0FC93F5C
:10EC7C00DB0FC9BF920A06BF368D27C00000C07FCC
:10EC8C00010104020503060106030402050000004D
:10EC9C00D5390012D5390012A9070034D539001224
:10ECAC00D5390012D5390012010000000100000016
:10ECBC000400E8034C380034000000006087003486
:10ECCC00C8870034308800340000000000000000C9
:10ECDC000000000000000000000000000000000028
:10ECEC000000000000000000000000000000000018
:10ECFC000000000000000000000000000000000008
:10ED0C0000000000B8040034DD020012B50200124D
:10ED1C0008B500F005F800F06BFB00F049FB08BDEE
:10ED2C00012108B5204A214B08469A60002200F0C8
:10ED3C006BFB00220121022000F066FB0022012166
:10ED4C00032000F061FB00220121042000F05CFB99
:10ED5C0000220121052000F057FB4FF0FF3200216B
:10ED6C00012000F051FB4FF0FF320021022000F097
:10ED7C004BFB4FF0FF320021032000F045FB4FF01E
:10ED8C00FF320021042000F03FFB4FF0FF32002146
:10ED9C00052000F039FB00F013FB08B100F03CFB40
:10EDAC000122034B1A7008BD0000003400ED00E096
:10EDBC00998300340C4A0D4B1168196051685960E5
:10EDCC009168996000230A49D01890F80003013328
:10EDDC00452B41F8040BF7D14FF0E023D3F8202D4D
:10EDEC00044B1A60704700BF00E100E0FC0E0034D9
:10EDFC00E80D0034080F00340D4B0E4A196810B59D
:10EE0C00116059680C4851609B689360002350F85E
:10EE1C00041BD4180133C9B2452B84F80013F6D166
:10EE2C00064B1A684FF0E023C3F8202D10BD00BF2D
:10EE3C00FC0E003400E100E0E80D0034080F003453
:10EE4C0070B51A4D1A4C2A682146EC3204F1540064
:10EE5C0000F0DEFA2B6803F10C0093ED3B0A00F096
:10EE6C00CFFAF0EE407A2868C4ED0E7A90ED3C0AA9
:10EE7C00683000F0C5FA2B68D4ED0E6A93ED3B7A3E
:10EE8C00D3ED3C7A37EE667A77EEC07A214684ED84
:10EE9C000F0A04F15C0204F1380083ED3D7ABDE801
:10EEAC007040C3ED3E7A00F08FBA00BFB40400345A
:10EEBC00283A00342DE9F041334C344DD4F800801D
:10EECC0005F58F6393ED007AD5ED167A98ED000A6F
:10EEDC00A7EE270A00F088FA88ED000A20682C4E6D
:10EEEC00B0EC010A00F07CFA05F29C42D6ED0E5A09
:10EEFC00D2ED007A236805F5946293ED026AD3EDA6
:10EF0C00016A92ED007A67EEA57A27EE067A67EE33
:10EF1C00A67A06F16007394683ED427A03F58672CC
:10EF2C00C3ED417A03F5827000F04EFA23689FED31
:10EF3C00191AD3ED3D7AD3ED010A60EEA70A03F15D
:10EF4C00C400C3ED3F0AB0EE410AF1EE600A00F0D6
:10EF5C0043FA206895ED160AD0ED387AE43027EEA6
:10EF6C00800AC6ED0C7A00F033FA256800F03CFA02
:10EF7C0085ED3A0A2368384693ED3A0A86ED160A6F
:10EF8C00BDE8F04100F02CBAB4040034483C003425
:10EF9C00C83900340000000008B5FFF751FFBDE888
:10EFAC000840FFF787BF00BF70B5784C784DD4EDA3
:10EFBC003D7AD5EDF56A774E95ED066AD6F8E430D4
:10EFCC002DED028B93ED017A93ED008A96ED2F5A7D
:10EFDC00D6ED305AF4EEE67AA6EE458AA6EE657AC0
:10EFEC00F1EE10FA84ED278A84ED287A40F3C28082
:10EFFC004FF07E53C4F8F830F0EEE75A67EEA77A7C
:10F00C0095EDE55A25EEA77AD5ED164A94ED010A51
:10F01C00D5EDE46A95EDE36A20EE240A66EEA76A64
:10F02C0067EE057A26EE256A20EE270A5A4884ED0B
:10F03C000D6AC4ED0E6AC4ED0F7A00F0C9F9D4ED77
:10F04C000E6A94ED017A94ED050AD5ED167AA6EECA
:10F05C00870A524820EE270A00F0BAF9D4ED0D6A5F
:10F06C0094ED017AD4ED037AA6EEC78A95ED160AD3
:10F07C0038EE678A454828EE000A00F0A9F994EDAD
:10F08C00076A94ED0F7AD4ED0C6AD4ED017A27EE71
:10F09C00067A95ED160A67EEA67A27EE000A404826
:10F0AC0094ED288AC4ED297A00F092F9D4ED0E6A19
:10F0BC0094ED077A94ED0B0AD5ED167AA6EE870A35
:10F0CC00384820EE270A00F083F9D4ED096A94ED54
:10F0DC000D7AD4ED077A38EE668A95ED160AA7EE0E
:10F0EC00678A314828EE000A00F072F994ED0C6A38
:10F0FC00D5EDE76A94ED077AD4ED3E7A27EE067AE1
:10F10C0067EEA67A294A2A4802F1480184ED2A7A48
:10F11C00C4ED3F7A00F07CF995ED036AD4ED2D4AED
:10F12C0094ED2E5AD4ED3E5AD4ED296A94ED2A7AF8
:10F13C00D5EDF37AE6EE646AA6EE457A67EEA57A2B
:10F14C001C49C4ED2B6A01F1100084ED2C7AC4ED3E
:10F15C00327A00F035F894ED3B0AD4F8F0301648CA
:10F16C0086ED0C0AB36500F04BF9BDEC028B84ED17
:10F17C003D0A70BDF1EE666AF4EEE67AF1EE10FA35
:10F18C0044BF0E4BC4F8F83036E700BF4884003457
:10F19C00483C0034C839003458840034508400345E
:10F1AC00708400346884003460840034FC8400343F
:10F1BC00843A0034F484003488840034000080BF26
:10F1CC0070B5D0ED037A044690ED0D0A0D4600F1B2
:10F1DC00140184B0084630EE270A04F11C06019194
:10F1EC0000F0FEF83046019902AA00F011F995E8FA
:10F1FC000300D4ED0B7A94ED017ADDED026AE6EEB4
:10F20C00877A94ED005A94ED026AF0EE675AB1EEEB
:10F21C00467AE6EE855AF4EEC75AF1EE10FA039BE5
:10F22C0086E80300C4ED096AC4ED0B7AA36201D42D
:10F23C0085FEC67AD4ED047A94ED0D0A84ED0C7A31
:10F24C00A7EE870A00F0D0F884ED0D0A04B070BD6B
:10F25C0070B54E4C4E4D94EDC47AD5ED3A7A4D4E78
:10F26C0067EE877ADFED4C6A96EDBA0A67EEA67AFE
:10F27C0030EE007AF4EEC77AF1EE10FAC4EDB97AFA
:10F28C0082B007D5454BD43593E8030085E80300DD
:10F29C0002B070BD80EE270A00F0AEF8D5ED367ADC
:10F2AC00D5ED350A84EDBA0AB1EE670A00F084F8A0
:10F2BC0094EDC17AF0EE407A30EE470AC5ED3B7A18
:10F2CC0000F092F8D4EDBB7A96EDBB7AD4EDBA6A25
:10F2DC00E0EE077AB1EE667AF4EEC77AF1EE10FA48
:10F2EC00C4EDBB7A4ED595ED3B0A37EE000A84EDA2
:10F2FC00BC7A00F079F89FED2A7ADFED2A7A30EEAD
:10F30C00077A67EE277AFDEEE77ACDED017A9DF963
:10F31C0004309FED256A07EE903AF8EEE77A67EE37
:10F32C00867AD4EDBA6A84EDBE7A37EE677AB4EE9B
:10F33C00E67AF1EE10FA84EDBD0AC4EDBF7A1CD565
:10F34C009FED177A37EEC70A30EE260A1748C4ED40
:10F35C00C06A84EDC10A00F043F8D5ED3A6A94ED29
:10F36C00C37AD4EDC27A27EE267A67EEE67A85ED7B
:10F37C00357AC5ED367A02B070BD76EE666AC6FE99
:10F38C00C76ADDE787FEE67AADE700BFA03600343A
:10F39C00C8390034483C0034D7B3DD3FA43B0034BB
:10F3AC00DB0F49404576743F920A863FA8390034FA
:10F3BC005FF800F02F0C00125FF800F0093C00120F
:10F3CC005FF800F045A200125FF800F0DF3B00127E
:10F3DC005FF800F0733A00125FF800F0F339001296
:10F3EC005FF800F0ED3A00125FF800F0353D0012C6
:10F3FC005FF800F0C90500125FF800F00D3D001237
:10F40C005FF800F05F3000125FF800F0698C0012BA
:10F41C005FF800F0B53B00125FF800F029A2001273
:0400000512000D3D9B
:00000001FF
