# Time (seconds),f0
0.0078125,967.5121459960938
0.0234375,967.5225830078125
0.0390625,967.5126342773438
0.0546875,967.5128784179688
0.0703125,967.5065307617188
0.0859375,967.509765625
0.1015625,967.5143432617188
0.1171875,967.5150756835938
0.1328125,967.5216064453125
0.1484375,967.5070190429688
0.1640625,967.51123046875
0.1796875,967.5247192382812
0.1953125,967.5104370117188
0.2109375,967.5265502929688
0.2265625,967.5237426757812
0.2421875,967.4977416992188
0.2578125,967.5179443359375
0.2734375,967.5249633789062
0.2890625,967.5178833007812
0.3046875,967.5070190429688
0.3203125,967.531005859375
0.3359375,967.4990234375
0.3515625,967.5098876953125
0.3671875,967.5218505859375
0.3828125,967.5257568359375
0.3984375,967.5100708007812
0.4140625,967.5205078125
0.4296875,967.5209350585938
0.4453125,967.5147705078125
0.4609375,967.5114135742188
0.4765625,967.5095825195312
0.4921875,967.5072631835938
0.5078125,967.4959716796875
0.5234375,967.5187377929688
0.5390625,967.512939453125
0.5546875,967.5242919921875
0.5703125,967.4978637695312
0.5859375,967.5184326171875
0.6015625,967.5241088867188
0.6171875,967.5234375
0.6328125,967.5151977539062
0.6484375,967.5161743164062
0.6640625,967.5062866210938
0.6796875,967.5154418945312
0.6953125,967.5087890625
0.7109375,967.5100708007812
0.7265625,967.5228881835938
0.7421875,967.5159912109375
0.7578125,967.5225830078125
0.7734375,967.5274658203125
0.7890625,967.5220336914062
0.8046875,967.5231323242188
0.8203125,967.5249633789062
0.8359375,967.5131225585938
0.8515625,967.5068359375
0.8671875,967.5076904296875
0.8828125,967.513427734375
0.8984375,967.5276489257812
0.9140625,967.5162353515625
0.9296875,967.5254516601562
0.9453125,967.5269165039062
0.9609375,967.5087280273438
0.9765625,967.5223999023438
0.9921875,967.5062866210938
1.0078125,967.5285034179688
1.0234375,967.5087280273438
1.0390625,967.5223388671875
1.0546875,967.510498046875
1.0703125,967.506591796875
1.0859375,967.5179443359375
1.1015625,967.5206298828125
1.1171875,967.5233154296875
1.1328125,967.50390625
1.1484375,967.510498046875
1.1640625,967.5282592773438
1.1796875,967.5094604492188
1.1953125,967.5260620117188
1.2109375,967.5090942382812
1.2265625,967.5156860351562
1.2421875,967.5259399414062
1.2578125,967.50927734375
1.2734375,967.5294189453125
1.2890625,967.5094604492188
1.3046875,967.509765625
1.3203125,967.529052734375
1.3359375,967.5165405273438
1.3515625,967.5184326171875
1.3671875,967.5137329101562
1.3828125,967.5249633789062
1.3984375,967.5115356445312
1.4140625,967.5248413085938
1.4296875,967.5301513671875
1.4453125,967.5101928710938
1.4609375,967.518798828125
1.4765625,967.500732421875
1.4921875,967.5149536132812
1.5078125,967.5132446289062
1.5234375,967.5123901367188
1.5390625,967.51171875
1.5546875,967.5135498046875
1.5703125,967.5174560546875
1.5859375,967.509521484375
1.6015625,967.5180053710938
1.6171875,967.5100708007812
1.6328125,967.5192260742188
1.6484375,967.5355224609375
1.6640625,967.5205078125
1.6796875,967.524169921875
1.6953125,967.5093383789062
1.7109375,967.5123291015625
1.7265625,967.5211791992188
1.7421875,967.5278930664062
1.7578125,967.5298461914062
1.7734375,967.4913330078125
1.7890625,967.5267944335938
1.8046875,967.5012817382812
1.8203125,967.523193359375
1.8359375,967.5137939453125
1.8515625,967.5103149414062
1.8671875,967.5244140625
1.8828125,967.5122680664062
1.8984375,967.5271606445312
1.9140625,967.5082397460938
1.9296875,967.5298461914062
1.9453125,967.5179443359375
1.9609375,967.5009155273438
1.9765625,967.5277709960938
1.9921875,967.5110473632812
2.0078125,967.524169921875
2.0234375,967.606689453125
2.0390625,967.641357421875
2.0546875,967.5454711914062
2.0703125,967.6033325195312
2.0859375,967.6640625
2.1015625,967.6696166992188
2.1171875,967.5588989257812
2.1328125,967.6773071289062
2.1484375,967.8034057617188
2.1640625,967.8226318359375
2.1796875,967.86279296875
2.1953125,967.5902099609375
2.2109375,967.6412963867188
2.2265625,967.6201171875
2.2421875,967.6351318359375
2.2578125,967.7560424804688
2.2734375,967.6124877929688
2.2890625,967.6211547851562
2.3046875,967.6233520507812
2.3203125,967.69921875
2.3359375,967.6463623046875
2.3515625,967.611083984375
2.3671875,967.6481323242188
2.3828125,967.7190551757812
2.3984375,967.58740234375
2.4140625,967.7367553710938
2.4296875,967.5511474609375
2.4453125,967.7564697265625
2.4609375,967.7715454101562
2.4765625,967.69091796875
2.4921875,967.6128540039062
2.5078125,967.7381591796875
2.5234375,967.6767578125
2.5390625,967.5848388671875
2.5546875,967.6743774414062
2.5703125,967.5966796875
2.5859375,967.6178588867188
2.6015625,967.6417846679688
2.6171875,967.6156616210938
2.6328125,967.6015625
2.6484375,967.7599487304688
2.6640625,967.5980224609375
2.6796875,967.6516723632812
2.6953125,967.6071166992188
2.7109375,967.6259155273438
2.7265625,967.6614379882812
2.7421875,967.638671875
2.7578125,967.6646728515625
2.7734375,967.6484985351562
2.7890625,967.6565551757812
2.8046875,967.6224975585938
2.8203125,967.6019897460938
2.8359375,967.587158203125
2.8515625,967.5584716796875
2.8671875,967.6204223632812
2.8828125,967.6481323242188
2.8984375,967.5676879882812
2.9140625,967.604736328125
2.9296875,967.634033203125
2.9453125,967.6376953125
2.9609375,967.6079711914062
2.9765625,967.6028442382812
2.9921875,967.5863037109375
3.0078125,967.6145629882812
3.0234375,967.6128540039062
3.0390625,967.6122436523438
3.0546875,967.5845336914062
3.0703125,967.6014404296875
3.0859375,967.5239868164062
3.1015625,967.5919189453125
3.1171875,967.5910034179688
3.1328125,967.6314697265625
3.1484375,967.586669921875
3.1640625,967.5762939453125
3.1796875,967.5996704101562
3.1953125,967.622802734375
3.2109375,967.6430053710938
3.2265625,967.6354370117188
3.2421875,967.6292114257812
3.2578125,967.6028442382812
3.2734375,967.6139526367188
3.2890625,967.5647583007812
3.3046875,967.5767822265625
3.3203125,967.5648193359375
3.3359375,967.61279296875
3.3515625,967.6827392578125
3.3671875,967.6578979492188
3.3828125,967.6353759765625
3.3984375,967.5631103515625
3.4140625,967.6875
3.4296875,967.5608520507812
3.4453125,967.5733642578125
3.4609375,967.5548095703125
3.4765625,967.5825805664062
3.4921875,967.5770874023438
3.5078125,967.6227416992188
3.5234375,967.6509399414062
3.5390625,967.544921875
3.5546875,967.5630493164062
3.5703125,967.6364135742188
3.5859375,967.5473022460938
3.6015625,967.5804443359375
3.6171875,967.6301879882812
3.6328125,967.6005249023438
3.6484375,967.6315307617188
3.6640625,967.5756225585938
3.6796875,967.5648193359375
3.6953125,967.5844116210938
3.7109375,967.5836791992188
3.7265625,967.5774536132812
3.7421875,967.5433349609375
3.7578125,967.62060546875
3.7734375,967.4962158203125
3.7890625,967.63671875
3.8046875,967.5748291015625
3.8203125,967.5859375
3.8359375,967.56640625
3.8515625,967.5454711914062
3.8671875,967.580810546875
3.8828125,967.5782470703125
3.8984375,967.580810546875
3.9140625,967.7448120117188
3.9296875,967.6246948242188
3.9453125,967.6080322265625
3.9609375,967.6216430664062
3.9765625,967.5204467773438
3.9921875,967.5690307617188
4.0078125,967.6525268554688
4.0234375,967.5557861328125
4.0390625,967.6541748046875
4.0546875,967.5584716796875
4.0703125,967.5414428710938
4.0859375,967.6446533203125
4.1015625,967.6572265625
4.1171875,967.61279296875
4.1328125,967.57177734375
4.1484375,967.5828857421875
4.1640625,967.63623046875
4.1796875,967.5313720703125
4.1953125,967.589599609375
4.2109375,967.5789794921875
4.2265625,967.6282348632812
4.2421875,967.5892944335938
4.2578125,967.57177734375
4.2734375,967.6823120117188
4.2890625,967.6524658203125
4.3046875,967.5874633789062
4.3203125,967.6901245117188
4.3359375,967.5634155273438
4.3515625,967.5843505859375
4.3671875,967.5939331054688
4.3828125,967.5516967773438
4.3984375,967.573974609375
4.4140625,967.5778198242188
4.4296875,967.48583984375
4.4453125,967.5852661132812
4.4609375,967.5631103515625
4.4765625,967.5611572265625
4.4921875,967.5829467773438
4.5078125,967.6078491210938
4.5234375,967.56201171875
4.5390625,967.5260620117188
4.5546875,967.5877075195312
4.5703125,967.6311645507812
4.5859375,967.6810913085938
4.6015625,967.6307373046875
4.6171875,967.5601196289062
4.6328125,967.6184692382812
4.6484375,967.6240234375
4.6640625,967.6178588867188
4.6796875,967.6967163085938
4.6953125,967.683349609375
4.7109375,967.716064453125
4.7265625,967.7874145507812
4.7421875,967.6873779296875
4.7578125,967.8209228515625
4.7734375,967.788330078125
4.7890625,967.7030029296875
4.8046875,967.8255004882812
4.8203125,967.7540283203125
4.8359375,967.7799682617188
4.8515625,967.7105102539062
4.8671875,967.9155883789062
4.8828125,967.8125
4.8984375,967.7688598632812
4.9140625,967.6903686523438
4.9296875,967.7357788085938
4.9453125,967.7374267578125
4.9609375,967.8546142578125
4.9765625,967.6085815429688
4.9921875,967.8324584960938
5.0078125,967.901123046875
5.0234375,967.64990234375
5.0390625,967.792724609375
5.0546875,967.7648315429688
5.0703125,967.8265380859375
5.0859375,967.8706665039062
5.1015625,967.9243774414062
5.1171875,967.7096557617188
5.1328125,967.8956298828125
5.1484375,967.7767944335938
5.1640625,967.6278076171875
5.1796875,967.86328125
5.1953125,967.734375
5.2109375,967.7544555664062
5.2265625,967.8041381835938
5.2421875,967.82958984375
5.2578125,967.7913818359375
5.2734375,967.5987548828125
5.2890625,967.7374267578125
5.3046875,967.760498046875
5.3203125,967.9778442382812
5.3359375,967.900390625
5.3515625,967.9016723632812
5.3671875,967.8343505859375
5.3828125,967.7171630859375
5.3984375,967.6792602539062
5.4140625,967.7061767578125
5.4296875,967.9097290039062
5.4453125,967.8263549804688
5.4609375,967.9066772460938
5.4765625,967.725830078125
5.4921875,967.8433227539062
5.5078125,967.9298095703125
5.5234375,967.8505859375
5.5390625,967.8794555664062
5.5546875,967.7036743164062
5.5703125,967.9568481445312
5.5859375,967.8848266601562
5.6015625,967.8121948242188
5.6171875,967.90185546875
5.6328125,967.9666137695312
5.6484375,967.8750610351562
5.6640625,967.7894897460938
5.6796875,967.7868041992188
5.6953125,967.7483520507812
5.7109375,967.7425537109375
5.7265625,967.8411254882812
5.7421875,967.9071655273438
5.7578125,967.7511596679688
5.7734375,968.0362548828125
5.7890625,967.9121704101562
5.8046875,967.9212036132812
5.8203125,967.7673950195312
5.8359375,968.0311279296875
5.8515625,967.8064575195312
5.8671875,968.0775756835938
5.8828125,968.0130004882812
5.8984375,968.0025024414062
5.9140625,968.0746459960938
5.9296875,967.8178100585938
5.9453125,968.018798828125
5.9609375,967.91357421875
5.9765625,967.8983154296875
5.9921875,967.866943359375
6.0078125,967.9052124023438
6.0234375,967.8565673828125
6.0390625,967.804443359375
6.0546875,967.6008911132812
6.0703125,967.6742553710938
6.0859375,967.718505859375
6.1015625,967.5900268554688
6.1171875,967.6270141601562
6.1328125,967.6110229492188
6.1484375,967.5978393554688
6.1640625,967.5536499023438
6.1796875,967.4982299804688
6.1953125,967.5156860351562
6.2109375,967.5128784179688
6.2265625,967.5138549804688
6.2421875,967.5039672851562
6.2578125,967.5079956054688
6.2734375,967.4805297851562
6.2890625,967.50390625
6.3046875,967.5029296875
6.3203125,967.4971923828125
6.3359375,967.4846801757812
6.3515625,967.4829711914062
6.3671875,967.497802734375
6.3828125,967.5012817382812
6.3984375,967.5084838867188
6.4140625,967.4932861328125
6.4296875,967.4905395507812
6.4453125,967.4827880859375
6.4609375,967.4833374023438
6.4765625,967.4896850585938
6.4921875,967.5033569335938
6.5078125,967.4938354492188
6.5234375,967.4806518554688
6.5390625,967.50537109375
6.5546875,967.5014038085938
6.5703125,967.4971923828125
6.5859375,967.4790649414062
6.6015625,967.4954223632812
6.6171875,967.5029296875
6.6328125,967.5050048828125
6.6484375,967.4835205078125
6.6640625,967.5012817382812
6.6796875,967.4950561523438
6.6953125,967.4913330078125
6.7109375,967.4942626953125
6.7265625,967.5025024414062
6.7421875,967.5053100585938
6.7578125,967.5004272460938
6.7734375,967.49560546875
6.7890625,967.5076293945312
6.8046875,967.5076293945312
6.8203125,967.5023193359375
6.8359375,967.5025634765625
6.8515625,967.5039672851562
6.8671875,967.5009155273438
6.8828125,967.4998168945312
6.8984375,967.50537109375
6.9140625,967.5053100585938
6.9296875,967.496826171875
6.9453125,967.4833374023438
6.9609375,967.496826171875
6.9765625,967.5070190429688
6.9921875,967.5068359375
7.0078125,967.4948120117188
7.0234375,967.5047607421875
7.0390625,967.4992065429688
7.0546875,967.5071411132812
7.0703125,967.513671875
7.0859375,967.5090942382812
7.1015625,967.5050048828125
7.1171875,967.5051879882812
7.1328125,967.514892578125
7.1484375,967.4927368164062
7.1640625,967.5079345703125
7.1796875,967.4964599609375
7.1953125,967.4852294921875
7.2109375,967.502685546875
7.2265625,967.50537109375
7.2421875,967.5106201171875
7.2578125,967.5192260742188
7.2734375,967.502685546875
7.2890625,967.5095825195312
7.3046875,967.5004272460938
7.3203125,967.508544921875
7.3359375,967.5009155273438
7.3515625,967.4925537109375
7.3671875,967.498046875
7.3828125,967.5123901367188
7.3984375,967.5174560546875
7.4140625,967.488037109375
7.4296875,967.4970703125
7.4453125,967.4846801757812
7.4609375,967.5037841796875
7.4765625,967.5040893554688
7.4921875,967.494140625
7.5078125,967.5040893554688
7.5234375,967.510498046875
7.5390625,967.5126342773438
7.5546875,967.489501953125
7.5703125,967.498779296875
7.5859375,967.4867553710938
7.6015625,967.503173828125
7.6171875,967.4939575195312
7.6328125,967.4995727539062
7.6484375,967.5045166015625
7.6640625,967.4898071289062
7.6796875,967.4927368164062
7.6953125,967.4818725585938
7.7109375,967.4972534179688
7.7265625,967.4878540039062
7.7421875,967.4893798828125
7.7578125,967.4907836914062
7.7734375,967.4976196289062
7.7890625,967.50927734375
7.8046875,967.51171875
7.8203125,967.4930419921875
7.8359375,967.5086669921875
7.8515625,967.5050048828125
7.8671875,967.5017700195312
7.8828125,967.5050659179688
7.8984375,967.5089721679688
7.9140625,967.4924926757812
7.9296875,967.495361328125
7.9453125,967.49365234375
7.9609375,967.5079956054688
7.9765625,967.49755859375
7.9921875,967.4900512695312
8.0078125,967.507568359375
8.0234375,967.509521484375
8.0390625,967.5126953125
8.0546875,967.4961547851562
8.0703125,967.515380859375
8.0859375,967.5082397460938
8.1015625,967.5029296875
8.1171875,967.487060546875
8.1328125,967.498046875
8.1484375,967.5028686523438
8.1640625,967.5098266601562
8.1796875,967.4945678710938
8.1953125,967.5071411132812
8.2109375,967.513427734375
8.2265625,967.5103759765625
8.2421875,967.4939575195312
8.2578125,967.509765625
8.2734375,967.483642578125
8.2890625,967.5107421875
8.3046875,967.4903564453125
8.3203125,967.4948120117188
8.3359375,967.4796752929688
8.3515625,967.4983520507812
8.3671875,967.5184326171875
8.3828125,967.499755859375
8.3984375,967.5045776367188
8.4140625,967.5032348632812
8.4296875,967.4841918945312
8.4453125,967.5059204101562
8.4609375,967.4947509765625
8.4765625,967.4880981445312
8.4921875,967.4983520507812
8.5078125,967.5067749023438
8.5234375,967.4976196289062
8.5390625,967.5095825195312
8.5546875,967.491455078125
8.5703125,967.5206909179688
8.5859375,967.5045166015625
8.6015625,967.51123046875
8.6171875,967.4915161132812
8.6328125,967.5014038085938
8.6484375,967.4893798828125
8.6640625,967.4986572265625
8.6796875,967.4954223632812
8.6953125,967.5098876953125
8.7109375,967.5042724609375
8.7265625,967.5121459960938
8.7421875,967.503662109375
8.7578125,967.4926147460938
8.7734375,967.5089721679688
8.7890625,967.4939575195312
8.8046875,967.512451171875
8.8203125,967.5134887695312
8.8359375,967.5081787109375
8.8515625,967.5122680664062
8.8671875,967.5134887695312
8.8828125,967.5192260742188
8.8984375,967.517333984375
8.9140625,967.51318359375
8.9296875,967.5009765625
8.9453125,967.5040283203125
8.9609375,967.51318359375
8.9765625,967.5014038085938
8.9921875,967.4957885742188
9.0078125,967.5037841796875
9.0234375,967.5001831054688
9.0390625,967.5125732421875
9.0546875,967.5181884765625
9.0703125,967.4981079101562
9.0859375,967.5006713867188
9.1015625,967.5033569335938
9.1171875,967.5145874023438
9.1328125,967.5159912109375
9.1484375,967.5087280273438
9.1640625,967.50732421875
9.1796875,967.4930419921875
9.1953125,967.5191040039062
9.2109375,967.5145874023438
9.2265625,967.4810791015625
9.2421875,967.4951171875
9.2578125,967.5238647460938
9.2734375,967.5056762695312
9.2890625,967.5204467773438
9.3046875,967.5065307617188
9.3203125,967.501953125
9.3359375,967.4915161132812
9.3515625,967.4986572265625
9.3671875,967.4946899414062
9.3828125,967.4984741210938
9.3984375,967.5206298828125
9.4140625,967.4964599609375
9.4296875,967.5192260742188
9.4453125,967.52099609375
9.4609375,967.510498046875
9.4765625,967.5110473632812
9.4921875,967.5020141601562
9.5078125,967.517578125
9.5234375,967.4923706054688
9.5390625,967.5181884765625
9.5546875,967.5020751953125
9.5703125,967.5111694335938
9.5859375,967.5177612304688
9.6015625,967.4990234375
9.6171875,967.499267578125
9.6328125,967.4995727539062
9.6484375,967.5084838867188
9.6640625,967.4952392578125
9.6796875,967.504638671875
9.6953125,967.5176391601562
9.7109375,967.5146484375
9.7265625,967.5112915039062
9.7421875,967.5167846679688
9.7578125,967.5123901367188
9.7734375,967.5131225585938
9.7890625,967.5681762695312
9.8046875,967.65380859375
9.8203125,967.6087036132812
9.8359375,967.66748046875
9.8515625,967.7335815429688
9.8671875,967.7286987304688
9.8828125,967.6415405273438
9.8984375,967.748046875
9.9140625,967.7006225585938
9.9296875,967.7865600585938
9.9453125,967.6898193359375
9.9609375,967.7576904296875
9.9765625,967.6283569335938
9.9921875,967.8626098632812
10.0078125,967.7056274414062
10.0234375,967.6282348632812
10.0390625,967.604248046875
10.0546875,967.8421020507812
10.0703125,967.7919921875
10.0859375,967.621826171875
10.1015625,967.6708984375
10.1171875,967.6983642578125
10.1328125,967.71044921875
10.1484375,967.7237548828125
10.1640625,967.6739501953125
10.1796875,967.7045288085938
10.1953125,967.6731567382812
10.2109375,967.6077270507812
10.2265625,967.6484375
10.2421875,967.7311401367188
10.2578125,967.5599975585938
10.2734375,967.631591796875
10.2890625,967.670654296875
10.3046875,967.6234741210938
10.3203125,967.7406005859375
10.3359375,967.6451416015625
10.3515625,967.630859375
10.3671875,967.5999145507812
10.3828125,967.5612182617188
10.3984375,967.5823364257812
10.4140625,967.6598510742188
10.4296875,967.5767822265625
10.4453125,967.7332763671875
10.4609375,967.6278686523438
10.4765625,967.607421875
10.4921875,967.6025390625
10.5078125,967.5791015625
10.5234375,967.587158203125
10.5390625,967.6356811523438
10.5546875,967.6253662109375
10.5703125,967.6029663085938
10.5859375,967.6734008789062
10.6015625,967.6633911132812
10.6171875,967.5770263671875
10.6328125,967.5010986328125
10.6484375,967.6013793945312
10.6640625,967.7020874023438
10.6796875,967.5867919921875
10.6953125,967.5980224609375
10.7109375,967.5809936523438
10.7265625,967.6134643554688
10.7421875,967.5762329101562
10.7578125,967.6322631835938
10.7734375,967.647216796875
10.7890625,967.579833984375
10.8046875,967.6196899414062
10.8203125,967.5579223632812
10.8359375,967.6834106445312
10.8515625,967.615234375
10.8671875,967.616943359375
10.8828125,967.6078491210938
10.8984375,967.623779296875
10.9140625,967.6057739257812
10.9296875,967.5961303710938
10.9453125,967.6154174804688
10.9609375,967.5991821289062
10.9765625,967.6075439453125
10.9921875,967.642578125
11.0078125,967.5645751953125
11.0234375,967.56005859375
11.0390625,967.7277221679688
11.0546875,967.5712280273438
11.0703125,967.5831909179688
11.0859375,967.6273803710938
11.1015625,967.610107421875
11.1171875,967.5841064453125
11.1328125,967.6577758789062
11.1484375,967.574951171875
11.1640625,967.6820678710938
11.1796875,967.563232421875
11.1953125,967.546142578125
11.2109375,967.5973510742188
11.2265625,967.6115112304688
11.2421875,967.6432495117188
11.2578125,967.5203857421875
11.2734375,967.57763671875
11.2890625,967.6336669921875
11.3046875,967.6742553710938
11.3203125,967.7164916992188
11.3359375,967.7785034179688
11.3515625,967.7184448242188
11.3671875,967.8483276367188
11.3828125,967.6932373046875
11.3984375,967.7268676757812
11.4140625,967.6452026367188
11.4296875,967.752685546875
11.4453125,967.7308349609375
11.4609375,967.7514038085938
11.4765625,967.7177124023438
11.4921875,967.6057739257812
11.5078125,967.74951171875
11.5234375,967.6756591796875
11.5390625,967.7030029296875
11.5546875,967.8698120117188
11.5703125,967.7774658203125
11.5859375,967.685302734375
11.6015625,967.8402099609375
11.6171875,967.6392211914062
11.6328125,967.7353515625
11.6484375,967.908935546875
11.6640625,967.6810913085938
11.6796875,967.654052734375
11.6953125,967.7700805664062
11.7109375,967.8876953125
11.7265625,967.7424926757812
11.7421875,967.6454467773438
11.7578125,967.744140625
11.7734375,967.8045043945312
11.7890625,967.7227172851562
11.8046875,967.6478881835938
11.8203125,967.7759399414062
11.8359375,967.8338012695312
11.8515625,967.7704467773438
11.8671875,967.738037109375
11.8828125,967.7291259765625
11.8984375,967.743896484375
11.9140625,967.8219604492188
11.9296875,967.6586303710938
11.9453125,967.6253051757812
11.9609375,967.7286376953125
11.9765625,967.9236450195312
11.9921875,967.6768798828125
12.0078125,967.6396484375
12.0234375,967.606689453125
12.0390625,967.8320922851562
12.0546875,967.7556762695312
12.0703125,967.5990600585938
12.0859375,967.614990234375
12.1015625,967.6827392578125
12.1171875,967.7157592773438
12.1328125,967.7455444335938
12.1484375,967.8405151367188
12.1640625,967.7410888671875
12.1796875,967.7748413085938
12.1953125,967.7752075195312
12.2109375,967.94677734375
12.2265625,967.8859252929688
12.2421875,967.8267211914062
12.2578125,967.9191284179688
12.2734375,967.8356323242188
12.2890625,967.7933959960938
12.3046875,967.8338012695312
12.3203125,967.6669921875
12.3359375,967.7615966796875
12.3515625,967.6638793945312
12.3671875,967.79296875
12.3828125,967.851318359375
12.3984375,967.669189453125
12.4140625,967.7872314453125
12.4296875,967.865234375
12.4453125,967.590576171875
12.4609375,967.975341796875
12.4765625,967.870361328125
12.4921875,967.7400512695312
12.5078125,967.6520385742188
12.5234375,967.7294921875
12.5390625,967.7805786132812
12.5546875,967.7076416015625
12.5703125,967.7046508789062
12.5859375,967.7243041992188
12.6015625,967.8499755859375
12.6171875,967.8740234375
12.6328125,967.7647705078125
12.6484375,967.754638671875
12.6640625,967.7706909179688
12.6796875,967.9085693359375
12.6953125,967.743408203125
12.7109375,967.7755126953125
12.7265625,968.0182495117188
12.7421875,967.7935791015625
12.7578125,967.8444213867188
12.7734375,967.7328491210938
12.7890625,967.7782592773438
12.8046875,967.875732421875
12.8203125,967.9523315429688
12.8359375,967.798095703125
12.8515625,967.9573364257812
12.8671875,967.8217163085938
12.8828125,967.6812133789062
12.8984375,967.7765502929688
12.9140625,967.7124633789062
12.9296875,967.6431274414062
12.9453125,967.6925659179688
12.9609375,967.8818359375
12.9765625,968.009765625
12.9921875,967.8153686523438
13.0078125,967.9340209960938
13.0234375,967.764892578125
13.0390625,967.8116455078125
13.0546875,968.0831909179688
13.0703125,967.7426147460938
13.0859375,967.8267211914062
13.1015625,967.8021850585938
13.1171875,967.7081909179688
13.1328125,967.9266357421875
13.1484375,967.819580078125
13.1640625,967.775390625
13.1796875,967.962890625
13.1953125,967.8636474609375
13.2109375,967.82958984375
13.2265625,967.8819580078125
13.2421875,967.7669067382812
13.2578125,967.9479370117188
13.2734375,967.6021728515625
13.2890625,967.9163208007812
13.3046875,967.8848876953125
13.3203125,968.0681762695312
13.3359375,967.727783203125
13.3515625,967.830078125
13.3671875,967.8326416015625
13.3828125,968.0067138671875
13.3984375,968.0404663085938
13.4140625,967.857177734375
13.4296875,967.923828125
13.4453125,967.7257690429688
13.4609375,967.7915649414062
13.4765625,967.97216796875
13.4921875,967.9434204101562
13.5078125,967.9395141601562
13.5234375,967.8078002929688
13.5390625,967.7717895507812
13.5546875,967.9415283203125
13.5703125,967.8435668945312
13.5859375,967.8659057617188
13.6015625,968.140625
13.6171875,967.9791259765625
13.6328125,967.9671630859375
13.6484375,967.6486206054688
13.6640625,968.0460815429688
13.6796875,967.8485717773438
13.6953125,967.7070922851562
13.7109375,967.7534790039062
13.7265625,967.793701171875
13.7421875,967.8394165039062
13.7578125,967.934814453125
13.7734375,967.9962768554688
13.7890625,967.8687133789062
13.8046875,967.8414916992188
13.8203125,967.8142700195312
13.8359375,967.5980834960938
13.8515625,967.7407836914062
13.8671875,967.935546875
13.8828125,967.710693359375
13.8984375,967.9334106445312
13.9140625,967.873046875
13.9296875,967.68505859375
13.9453125,968.0263061523438
13.9609375,967.6962890625
13.9765625,967.753173828125
13.9921875,967.7183227539062
14.0078125,967.641845703125
14.0234375,967.9732055664062
14.0390625,967.904052734375
14.0546875,967.6607666015625
14.0703125,967.9302978515625
14.0859375,967.828125
14.1015625,967.8157348632812
14.1171875,968.0697631835938
14.1328125,967.864013671875
14.1484375,967.9794311523438
14.1640625,967.7704467773438
14.1796875,967.8717651367188
14.1953125,967.8231201171875
14.2109375,967.8497314453125
14.2265625,967.7777099609375
14.2421875,967.6669921875
14.2578125,967.5673828125
14.2734375,967.6555786132812
14.2890625,967.66357421875
14.3046875,967.588623046875
14.3203125,967.5896606445312
14.3359375,967.5589599609375
14.3515625,967.5647583007812
14.3671875,967.5414428710938
14.3828125,967.5067749023438
14.3984375,967.5188598632812
14.4140625,967.4965209960938
14.4296875,967.5022583007812
14.4453125,967.4899291992188
14.4609375,967.5031127929688
14.4765625,967.48779296875
14.4921875,967.4964599609375
14.5078125,967.4951171875
14.5234375,967.4824829101562
14.5390625,967.4963989257812
14.5546875,967.4863891601562
14.5703125,967.477783203125
14.5859375,967.4738159179688
14.6015625,967.4901123046875
14.6171875,967.4893798828125
14.6328125,967.4911499023438
14.6484375,967.4900512695312
14.6640625,967.48779296875
14.6796875,967.4794311523438
14.6953125,967.47021484375
14.7109375,967.485595703125
14.7265625,967.4887084960938
14.7421875,967.4769287109375
14.7578125,967.4869995117188
14.7734375,967.4746704101562
14.7890625,967.4881591796875
14.8046875,967.4835815429688
14.8203125,967.4954223632812
14.8359375,967.4848022460938
14.8515625,967.4749755859375
14.8671875,967.4852294921875
14.8828125,967.4876098632812
14.8984375,967.4635620117188
14.9140625,967.4749755859375
14.9296875,967.4746704101562
14.9453125,967.4708862304688
14.9609375,967.4794311523438
14.9765625,967.485595703125
14.9921875,967.4944458007812
15.0078125,967.4738159179688
15.0234375,967.4810791015625
15.0390625,967.4639892578125
15.0546875,967.4806518554688
15.0703125,967.4746704101562
15.0859375,967.4708251953125
15.1015625,967.4963989257812
15.1171875,967.4840698242188
15.1328125,967.4752197265625
15.1484375,967.4708862304688
15.1640625,967.4943237304688
15.1796875,967.4662475585938
15.1953125,967.486083984375
15.2109375,967.4635009765625
15.2265625,967.4640502929688
15.2421875,967.4613037109375
15.2578125,967.4761352539062
15.2734375,967.4801635742188
15.2890625,967.4614868164062
15.3046875,967.4816284179688
15.3203125,967.4713134765625
15.3359375,967.468017578125
15.3515625,967.4666137695312
15.3671875,967.4627075195312
15.3828125,967.4849853515625
15.3984375,967.4855346679688
15.4140625,967.4730834960938
15.4296875,967.4678955078125
15.4453125,967.4788208007812
15.4609375,967.4571533203125
15.4765625,967.4497680664062
15.4921875,967.462890625
15.5078125,967.468017578125
15.5234375,967.461669921875
15.5390625,967.4645385742188
15.5546875,967.4794921875
15.5703125,967.4569091796875
15.5859375,967.4854736328125
15.6015625,967.4768676757812
15.6171875,967.4803466796875
15.6328125,967.4735717773438
15.6484375,967.4808349609375
15.6640625,967.478515625
15.6796875,967.466796875
15.6953125,967.46630859375
15.7109375,967.4764404296875
15.7265625,967.48193359375
15.7421875,967.4649047851562
15.7578125,967.4758911132812
15.7734375,967.4755249023438
15.7890625,967.4752197265625
15.8046875,967.4755859375
15.8203125,967.4656982421875
15.8359375,967.4769287109375
15.8515625,967.4712524414062
15.8671875,967.4736328125
15.8828125,967.454345703125
15.8984375,967.4625854492188
15.9140625,967.4553833007812
15.9296875,967.4719848632812
15.9453125,967.48193359375
15.9609375,967.4551391601562
15.9765625,967.48046875
15.9921875,967.465576171875
16.0078125,967.4554443359375
16.0234375,967.4689331054688
16.0390625,967.464111328125
16.0546875,967.468505859375
16.0703125,967.4736328125
16.0859375,967.4633178710938
16.1015625,967.4685668945312
16.1171875,967.4737548828125
16.1328125,967.4552001953125
16.1484375,967.470703125
16.1640625,967.4601440429688
16.1796875,967.470458984375
16.1953125,967.4718627929688
16.2109375,967.4698486328125
16.2265625,967.4750366210938
16.2421875,967.4833984375
16.2578125,967.4568481445312
16.2734375,967.46875
16.2890625,967.4631958007812
16.3046875,967.4684448242188
16.3203125,967.4669189453125
16.3359375,967.4613647460938
16.3515625,967.4774780273438
16.3671875,967.4631958007812
16.3828125,967.4563598632812
16.3984375,967.4671630859375
16.4140625,967.4827880859375
16.4296875,967.456787109375
16.4453125,967.4503173828125
16.4609375,967.4627075195312
16.4765625,967.4721069335938
16.4921875,967.4730224609375
16.5078125,967.4598388671875
16.5234375,967.4619140625
16.5390625,967.4649047851562
16.5546875,967.4692993164062
16.5703125,967.4664916992188
16.5859375,967.4638061523438
16.6015625,967.471923828125
16.6171875,967.4660034179688
16.6328125,967.4657592773438
16.6484375,967.4732666015625
16.6640625,967.458740234375
16.6796875,967.4696655273438
16.6953125,967.4778442382812
16.7109375,967.4609375
16.7265625,967.468017578125
16.7421875,967.458984375
16.7578125,967.4684448242188
16.7734375,967.4829711914062
16.7890625,967.47265625
16.8046875,967.4719848632812
16.8203125,967.4785766601562
16.8359375,967.4615478515625
16.8515625,967.4774169921875
16.8671875,967.4705810546875
16.8828125,967.458740234375
16.8984375,967.4574584960938
16.9140625,967.4677734375
16.9296875,967.4437866210938
16.9453125,967.4647216796875
16.9609375,967.4713745117188
16.9765625,967.4426879882812
16.9921875,967.4593505859375
17.0078125,967.4598388671875
17.0234375,967.4437255859375
17.0390625,967.4593505859375
17.0546875,967.4679565429688
17.0703125,967.4655151367188
17.0859375,967.4585571289062
17.1015625,967.45849609375
17.1171875,967.4530029296875
17.1328125,967.4600830078125
17.1484375,967.4440307617188
17.1640625,967.4585571289062
17.1796875,967.460693359375
17.1953125,967.4671020507812
17.2109375,967.4577026367188
17.2265625,967.4664916992188
17.2421875,967.4611206054688
17.2578125,967.4478759765625
17.2734375,967.4534301757812
17.2890625,967.4610595703125
17.3046875,967.4468383789062
17.3203125,967.4607543945312
17.3359375,967.4420166015625
17.3515625,967.4540405273438
17.3671875,967.4573364257812
17.3828125,967.4549560546875
17.3984375,967.457763671875
17.4140625,967.4671020507812
17.4296875,967.4530029296875
17.4453125,967.4769897460938
17.4609375,967.4623413085938
17.4765625,967.458251953125
17.4921875,967.461669921875
17.5078125,967.4412841796875
17.5234375,967.4593505859375
17.5390625,967.4494018554688
17.5546875,967.4673461914062
17.5703125,967.447021484375
17.5859375,967.4451293945312
17.6015625,967.4549560546875
17.6171875,967.4425659179688
17.6328125,967.4634399414062
17.6484375,967.4418334960938
17.6640625,967.4682006835938
17.6796875,967.4503173828125
17.6953125,967.4462890625
17.7109375,967.44873046875
17.7265625,967.4429321289062
17.7421875,967.4497680664062
17.7578125,967.4376220703125
17.7734375,967.4453125
17.7890625,967.4258422851562
17.8046875,967.4346923828125
17.8203125,967.443115234375
17.8359375,967.45263671875
17.8515625,967.4401245117188
17.8671875,967.4380493164062
17.8828125,967.4436645507812
17.8984375,967.4266967773438
17.9140625,967.4376831054688
17.9296875,967.430908203125
17.9453125,967.4406127929688
17.9609375,967.4212036132812
17.9765625,967.4243774414062
17.9921875,967.4249877929688
18.0078125,967.4096069335938
18.0234375,967.4118041992188
18.0390625,967.416748046875
18.0546875,967.4309692382812
18.0703125,967.4302368164062
18.0859375,967.4102172851562
18.1015625,967.4158325195312
18.1171875,967.430908203125
18.1328125,967.410888671875
18.1484375,967.4321899414062
18.1640625,967.4298706054688
18.1796875,967.4217529296875
18.1953125,967.4157104492188
18.2109375,967.4190673828125
18.2265625,967.4232788085938
18.2421875,967.4102172851562
18.2578125,967.4249267578125
18.2734375,967.4378051757812
18.2890625,967.4175415039062
18.3046875,967.4290161132812
18.3203125,967.4033203125
18.3359375,967.4298095703125
18.3515625,967.428466796875
18.3671875,967.415283203125
18.3828125,967.415283203125
18.3984375,967.4190673828125
18.4140625,967.4114379882812
18.4296875,967.4091796875
18.4453125,967.4071655273438
18.4609375,967.4108276367188
18.4765625,967.4183349609375
18.4921875,967.417236328125
18.5078125,967.4267578125
18.5234375,967.4224853515625
18.5390625,967.4114379882812
18.5546875,967.4249877929688
18.5703125,967.4290161132812
18.5859375,967.4276123046875
18.6015625,967.4193725585938
18.6171875,967.4225463867188
18.6328125,967.4318237304688
18.6484375,967.421875
18.6640625,967.4166870117188
18.6796875,967.4102172851562
18.6953125,967.411865234375
18.7109375,967.4141235351562
18.7265625,967.4172973632812
18.7421875,967.4097290039062
18.7578125,967.4022216796875
18.7734375,967.4297485351562
18.7890625,967.4097290039062
18.8046875,967.4127197265625
18.8203125,967.40576171875
18.8359375,967.4157104492188
18.8515625,967.4166259765625
18.8671875,967.4102172851562
18.8828125,967.4107666015625
18.8984375,967.4149169921875
18.9140625,967.417236328125
18.9296875,967.4091186523438
18.9453125,967.4110107421875
18.9609375,967.4213256835938
18.9765625,967.4112548828125
18.9921875,967.4241333007812
19.0078125,967.431396484375
19.0234375,967.4617919921875
19.0390625,967.5623168945312
19.0546875,967.5719604492188
19.0703125,967.66796875
19.0859375,967.6605834960938
19.1015625,967.6074829101562
19.1171875,967.9697265625
19.1328125,967.7514038085938
19.1484375,967.8999633789062
19.1640625,967.8237915039062
19.1796875,967.6878051757812
19.1953125,968.0216674804688
19.2109375,968.0117797851562
19.2265625,967.800537109375
19.2421875,967.8178100585938
19.2578125,967.90576171875
19.2734375,967.7631225585938
19.2890625,967.9513549804688
19.3046875,967.9973754882812
19.3203125,967.849365234375
19.3359375,967.8280029296875
19.3515625,967.901611328125
19.3671875,967.832763671875
19.3828125,967.8931884765625
19.3984375,967.9749145507812
19.4140625,967.832763671875
19.4296875,967.8102416992188
19.4453125,967.9849853515625
19.4609375,967.9970703125
19.4765625,967.9213256835938
19.4921875,967.7864379882812
19.5078125,967.8556518554688
19.5234375,967.9264526367188
19.5390625,967.6565551757812
19.5546875,967.7498779296875
19.5703125,967.6693725585938
19.5859375,967.921630859375
19.6015625,967.7548828125
19.6171875,968.0842895507812
19.6328125,967.6828002929688
19.6484375,967.616943359375
19.6640625,967.7645874023438
19.6796875,967.9716186523438
19.6953125,967.8110961914062
19.7109375,967.8519287109375
19.7265625,967.7521362304688
19.7421875,967.734375
19.7578125,967.837158203125
19.7734375,967.8579711914062
19.7890625,967.6728515625
19.8046875,967.8528442382812
19.8203125,967.6942749023438
19.8359375,967.8737182617188
19.8515625,967.7725830078125
19.8671875,967.7838134765625
19.8828125,967.6450805664062
19.8984375,967.851318359375
19.9140625,967.8185424804688
19.9296875,967.8077392578125
19.9453125,967.6881713867188
19.9609375,967.7276611328125
19.9765625,967.8990478515625
19.9921875,968.0250854492188
20.0078125,967.8963012695312
20.0234375,967.7109985351562
20.0390625,967.647705078125
20.0546875,967.705078125
20.0703125,967.743408203125
20.0859375,967.8359375
20.1015625,968.0946655273438
20.1171875,967.9264526367188
20.1328125,967.8780517578125
20.1484375,967.7424926757812
20.1640625,967.8068237304688
20.1796875,967.857421875
20.1953125,967.7137451171875
20.2109375,967.8600463867188
20.2265625,967.8377685546875
20.2421875,967.7459106445312
20.2578125,967.5734252929688
20.2734375,967.6466064453125
20.2890625,967.8136596679688
20.3046875,968.0919189453125
20.3203125,967.9634399414062
20.3359375,967.9061279296875
20.3515625,967.7255859375
20.3671875,967.8303833007812
20.3828125,967.8702392578125
20.3984375,967.6823120117188
20.4140625,967.992919921875
20.4296875,967.8050537109375
20.4453125,967.9924926757812
20.4609375,967.7788696289062
20.4765625,967.7755126953125
20.4921875,967.9228515625
20.5078125,967.7640380859375
20.5234375,967.8521118164062
20.5390625,967.8211669921875
20.5546875,967.6716918945312
20.5703125,967.7791748046875
20.5859375,967.9107055664062
20.6015625,967.6983642578125
20.6171875,967.7161254882812
20.6328125,967.9207763671875
20.6484375,967.7928466796875
20.6640625,967.8026123046875
20.6796875,967.7528686523438
20.6953125,967.8828735351562
20.7109375,967.7293701171875
20.7265625,967.6569213867188
20.7421875,967.7308349609375
20.7578125,967.8599243164062
20.7734375,967.7269897460938
20.7890625,967.768798828125
20.8046875,967.6658325195312
20.8203125,967.671630859375
20.8359375,967.734130859375
20.8515625,967.8784790039062
20.8671875,967.8045654296875
20.8828125,967.6593627929688
20.8984375,967.708251953125
20.9140625,967.7020263671875
20.9296875,967.9119873046875
20.9453125,967.8265380859375
20.9609375,967.697021484375
20.9765625,967.8292846679688
20.9921875,967.7213134765625
21.0078125,967.7286987304688
21.0234375,967.8873291015625
21.0390625,967.7857666015625
21.0546875,967.7575073242188
21.0703125,967.7037353515625
21.0859375,967.80078125
21.1015625,967.6563720703125
21.1171875,967.8780517578125
21.1328125,967.833740234375
21.1484375,967.6444091796875
21.1640625,968.0362548828125
21.1796875,967.6973266601562
21.1953125,967.8741455078125
21.2109375,967.8052978515625
21.2265625,967.775146484375
21.2421875,967.6532592773438
21.2578125,967.839111328125
21.2734375,967.6591796875
21.2890625,967.7572631835938
21.3046875,967.7567749023438
21.3203125,967.9602661132812
21.3359375,967.7111206054688
21.3515625,967.7863159179688
21.3671875,967.5902709960938
21.3828125,967.747314453125
21.3984375,967.723388671875
21.4140625,967.6973266601562
21.4296875,967.6388549804688
21.4453125,967.8279418945312
21.4609375,967.7399291992188
21.4765625,967.9727172851562
21.4921875,967.7561645507812
21.5078125,967.943115234375
21.5234375,967.5988159179688
21.5390625,967.6652221679688
21.5546875,967.9849853515625
21.5703125,968.00732421875
21.5859375,967.6223754882812
21.6015625,967.7699584960938
21.6171875,967.7444458007812
21.6328125,967.6887817382812
21.6484375,967.7146606445312
21.6640625,967.8727416992188
21.6796875,967.7012329101562
21.6953125,967.94921875
21.7109375,967.9071044921875
21.7265625,967.7688598632812
21.7421875,967.8299560546875
21.7578125,967.7366943359375
21.7734375,967.6417846679688
21.7890625,967.7122192382812
21.8046875,967.9035034179688
21.8203125,967.6508178710938
21.8359375,967.7621459960938
21.8515625,967.7680053710938
21.8671875,967.723876953125
21.8828125,967.6405029296875
21.8984375,967.88037109375
21.9140625,967.6766967773438
21.9296875,967.7949829101562
21.9453125,967.9083862304688
21.9609375,967.6759643554688
21.9765625,967.8429565429688
21.9921875,967.75
22.0078125,967.647705078125
22.0234375,967.6903076171875
22.0390625,967.629638671875
22.0546875,967.7034301757812
22.0703125,967.7571411132812
22.0859375,967.7947387695312
22.1015625,967.6519165039062
22.1171875,967.6948852539062
22.1328125,967.885986328125
22.1484375,967.8297729492188
22.1640625,967.8750610351562
22.1796875,967.6759033203125
22.1953125,967.744873046875
22.2109375,967.8323974609375
22.2265625,967.6547241210938
22.2421875,967.7723388671875
22.2578125,967.8890380859375
22.2734375,967.7814331054688
22.2890625,967.7173461914062
22.3046875,967.764892578125
22.3203125,967.6906127929688
22.3359375,967.8400268554688
22.3515625,967.8134155273438
22.3671875,967.637939453125
22.3828125,967.8236694335938
22.3984375,967.7832641601562
22.4140625,967.7688598632812
22.4296875,967.7743530273438
22.4453125,967.853515625
22.4609375,967.858642578125
22.4765625,967.909912109375
22.4921875,967.5843505859375
22.5078125,967.7511596679688
22.5234375,967.723876953125
22.5390625,967.7978515625
22.5546875,967.7076416015625
22.5703125,967.6796875
22.5859375,967.8441772460938
22.6015625,967.80078125
22.6171875,967.8278198242188
22.6328125,967.7140502929688
22.6484375,967.822998046875
22.6640625,967.6422729492188
22.6796875,967.8123168945312
22.6953125,967.7068481445312
22.7109375,967.80029296875
22.7265625,967.7161254882812
22.7421875,967.9780883789062
22.7578125,967.7804565429688
22.7734375,967.967529296875
22.7890625,967.7936401367188
22.8046875,967.7311401367188
22.8203125,967.7957763671875
22.8359375,967.8595581054688
22.8515625,968.0140380859375
22.8671875,967.981201171875
22.8828125,967.9461669921875
22.8984375,967.8858642578125
22.9140625,967.817626953125
22.9296875,967.82958984375
22.9453125,967.9575805664062
22.9609375,968.0489501953125
22.9765625,968.1144409179688
22.9921875,968.239501953125
23.0078125,967.947265625
23.0234375,967.8052368164062
23.0390625,967.8590698242188
23.0546875,967.8497924804688
23.0703125,967.8331298828125
23.0859375,967.729248046875
23.1015625,967.58154296875
23.1171875,967.5435180664062
23.1328125,967.478271484375
23.1484375,967.458984375
23.1640625,967.4228515625
23.1796875,967.4556274414062
23.1953125,967.4487915039062
23.2109375,967.4470825195312
23.2265625,967.4476318359375
23.2421875,967.4409790039062
23.2578125,967.4229736328125
23.2734375,967.4475708007812
23.2890625,967.4338989257812
23.3046875,967.4485473632812
23.3203125,967.434326171875
23.3359375,967.4331665039062
23.3515625,967.4318237304688
23.3671875,967.4236450195312
23.3828125,967.4326171875
23.3984375,967.4276123046875
23.4140625,967.4328002929688
23.4296875,967.4223022460938
23.4453125,967.41357421875
23.4609375,967.412109375
23.4765625,967.4373168945312
23.4921875,967.4093017578125
23.5078125,967.4044799804688
23.5234375,967.4141845703125
23.5390625,967.4013061523438
23.5546875,967.4048461914062
23.5703125,967.404296875
23.5859375,967.4141235351562
23.6015625,967.4141235351562
23.6171875,967.4262084960938
23.6328125,967.3968505859375
23.6484375,967.419921875
23.6640625,967.412841796875
23.6796875,967.4005126953125
23.6953125,967.3976440429688
23.7109375,967.396484375
23.7265625,967.4088134765625
23.7421875,967.3965454101562
23.7578125,967.3973388671875
23.7734375,967.4085083007812
23.7890625,967.3978881835938
23.8046875,967.4248046875
23.8203125,967.4010009765625
23.8359375,967.41015625
23.8515625,967.3971557617188
23.8671875,967.4177856445312
23.8828125,967.4169921875
23.8984375,967.412841796875
23.9140625,967.3906860351562
23.9296875,967.408203125
23.9453125,967.40576171875
23.9609375,967.39794921875
23.9765625,967.395751953125
23.9921875,967.3967895507812
24.0078125,967.4024658203125
24.0234375,967.41357421875
24.0390625,967.4014892578125
24.0546875,967.40234375
24.0703125,967.3870239257812
24.0859375,967.4010009765625
24.1015625,967.3985595703125
24.1171875,967.3948364257812
24.1328125,967.38623046875
24.1484375,967.3961791992188
24.1640625,967.3961791992188
24.1796875,967.3985595703125
24.1953125,967.3948974609375
24.2109375,967.395751953125
24.2265625,967.3965454101562
24.2421875,967.3970336914062
24.2578125,967.386474609375
24.2734375,967.3862915039062
24.2890625,967.3923950195312
24.3046875,967.3878173828125
24.3203125,967.3826904296875
24.3359375,967.374267578125
24.3515625,967.3948364257812
24.3671875,967.3920288085938
24.3828125,967.3976440429688
24.3984375,967.3898315429688
24.4140625,967.395751953125
24.4296875,967.3899536132812
24.4453125,967.3800048828125
24.4609375,967.4010009765625
24.4765625,967.3948364257812
24.4921875,967.3963623046875
24.5078125,967.3723754882812
24.5234375,967.3942260742188
24.5390625,967.3775634765625
24.5546875,967.3892822265625
24.5703125,967.3873291015625
24.5859375,967.4021606445312
24.6015625,967.3949584960938
24.6171875,967.3832397460938
24.6328125,967.3870239257812
24.6484375,967.393310546875
24.6640625,967.4083251953125
24.6796875,967.3945922851562
24.6953125,967.3947143554688
24.7109375,967.3724975585938
24.7265625,967.3809814453125
24.7421875,967.3809814453125
24.7578125,967.3906860351562
24.7734375,967.3872680664062
24.7890625,967.3857421875
24.8046875,967.3715209960938
24.8203125,967.3844604492188
24.8359375,967.3924560546875
24.8515625,967.3865966796875
24.8671875,967.3961791992188
24.8828125,967.3991088867188
24.8984375,967.3924560546875
24.9140625,967.4031982421875
24.9296875,967.3934936523438
24.9453125,967.3903198242188
24.9609375,967.3944091796875
24.9765625,967.3973388671875
24.9921875,967.4094848632812
25.0078125,967.4038696289062
25.0234375,967.383544921875
25.0390625,967.3975830078125
25.0546875,967.3956909179688
25.0703125,967.3927612304688
25.0859375,967.395751953125
25.1015625,967.3984375
25.1171875,967.3967895507812
25.1328125,967.3999633789062
25.1484375,967.3960571289062
25.1640625,967.3905029296875
25.1796875,967.389892578125
25.1953125,967.4014892578125
25.2109375,967.401611328125
25.2265625,967.4039916992188
25.2421875,967.3985595703125
25.2578125,967.3977661132812
25.2734375,967.393310546875
25.2890625,967.3978881835938
25.3046875,967.3889770507812
25.3203125,967.4020385742188
25.3359375,967.3930053710938
25.3515625,967.3990478515625
25.3671875,967.3950805664062
25.3828125,967.3970336914062
25.3984375,967.3924560546875
25.4140625,967.3986206054688
25.4296875,967.385498046875
25.4453125,967.3819580078125
25.4609375,967.3953857421875
25.4765625,967.3804321289062
25.4921875,967.3831176757812
25.5078125,967.39599609375
25.5234375,967.3797607421875
25.5390625,967.3890380859375
25.5546875,967.3895874023438
25.5703125,967.3794555664062
25.5859375,967.3917236328125
25.6015625,967.3993530273438
25.6171875,967.3721923828125
25.6328125,967.3910522460938
25.6484375,967.3878784179688
25.6640625,967.3927001953125
25.6796875,967.387939453125
25.6953125,967.3948364257812
25.7109375,967.388671875
25.7265625,967.375
25.7421875,967.391845703125
25.7578125,967.3801879882812
25.7734375,967.3948364257812
25.7890625,967.3812255859375
25.8046875,967.3884887695312
25.8203125,967.388671875
25.8359375,967.3844604492188
25.8515625,967.3988647460938
25.8671875,967.37646484375
25.8828125,967.387451171875
25.8984375,967.380859375
25.9140625,967.3854370117188
25.9296875,967.380859375
25.9453125,967.3759155273438
25.9609375,967.3967895507812
25.9765625,967.3826293945312
25.9921875,967.3731079101562
26.0078125,967.374755859375
26.0234375,967.3806762695312
26.0390625,967.3936767578125
26.0546875,967.3812866210938
26.0703125,967.3656005859375
26.0859375,967.39599609375
26.1015625,967.3770141601562
26.1171875,967.3958129882812
26.1328125,967.3760986328125
26.1484375,967.3884887695312
26.1640625,967.3873291015625
26.1796875,967.3884887695312
26.1953125,967.3754272460938
26.2109375,967.3850708007812
26.2265625,967.3766479492188
26.2421875,967.3845825195312
26.2578125,967.376953125
26.2734375,967.3759155273438
26.2890625,967.3781127929688
26.3046875,967.3860473632812
26.3203125,967.3919067382812
26.3359375,967.3927612304688
26.3515625,967.3803100585938
26.3671875,967.370849609375
26.3828125,967.3850708007812
26.3984375,967.3770141601562
26.4140625,967.3806762695312
26.4296875,967.3807373046875
26.4453125,967.3716430664062
26.4609375,967.3637084960938
26.4765625,967.378173828125
26.4921875,967.3709106445312
26.5078125,967.38671875
26.5234375,967.3812866210938
26.5390625,967.3681640625
26.5546875,967.3869018554688
26.5703125,967.3806762695312
26.5859375,967.3817749023438
26.6015625,967.365234375
26.6171875,967.3828735351562
26.6328125,967.3809204101562
26.6484375,967.3712768554688
26.6640625,967.3645629882812
26.6796875,967.3649291992188
26.6953125,967.3522338867188
26.7109375,967.3714599609375
26.7265625,967.362060546875
26.7421875,967.3881225585938
26.7578125,967.3895263671875
26.7734375,967.3819580078125
26.7890625,967.3960571289062
26.8046875,967.4009399414062
26.8203125,967.3956909179688
26.8359375,967.4214477539062
26.8515625,967.4366455078125
26.8671875,967.4319458007812
26.8828125,967.4512939453125
26.8984375,967.4577026367188
26.9140625,967.458984375
26.9296875,967.4679565429688
26.9453125,967.46875
26.9609375,967.4685668945312
26.9765625,967.47216796875
26.9921875,967.4833984375
27.0078125,967.4935913085938
27.0234375,967.4926147460938
27.0390625,967.4908447265625
27.0546875,967.5051879882812
27.0703125,967.5042114257812
27.0859375,967.501708984375
27.1015625,967.5044555664062
27.1171875,967.4981689453125
27.1328125,967.5142211914062
27.1484375,967.5096435546875
27.1640625,967.4989624023438
27.1796875,967.5012817382812
27.1953125,967.5167236328125
27.2109375,967.519287109375
27.2265625,967.503173828125
27.2421875,967.505859375
27.2578125,967.5030517578125
27.2734375,967.5081176757812
27.2890625,967.5126342773438
27.3046875,967.5138549804688
27.3203125,967.513671875
27.3359375,967.5255126953125
27.3515625,967.5287475585938
27.3671875,967.4931640625
27.3828125,967.531982421875
27.3984375,967.5200805664062
27.4140625,967.5023803710938
27.4296875,967.5005493164062
27.4453125,967.5101928710938
27.4609375,967.5206298828125
27.4765625,967.5220336914062
27.4921875,967.5255737304688
27.5078125,967.5150756835938
27.5234375,967.5137939453125
27.5390625,967.5209350585938
27.5546875,967.5151977539062
27.5703125,967.5106201171875
27.5859375,967.5115966796875
27.6015625,967.5123291015625
27.6171875,967.5123291015625
27.6328125,967.4998168945312
27.6484375,967.5069580078125
27.6640625,967.529052734375
27.6796875,967.5064086914062
27.6953125,967.509033203125
27.7109375,967.511474609375
27.7265625,967.5084228515625
27.7421875,967.524658203125
27.7578125,967.506591796875
27.7734375,967.5185546875
27.7890625,967.5146484375
27.8046875,967.512939453125
27.8203125,967.50732421875
27.8359375,967.5122680664062
27.8515625,967.497802734375
27.8671875,967.5259399414062
27.8828125,967.5219116210938
27.8984375,967.5072631835938
27.9140625,967.5037231445312
27.9296875,967.4982299804688
27.9453125,967.5087280273438
27.9609375,967.5204467773438
27.9765625,967.5028686523438
27.9921875,967.5087280273438
28.0078125,967.4907836914062
28.0234375,967.5159301757812
28.0390625,967.5165405273438
28.0546875,967.5072631835938
28.0703125,967.5165405273438
28.0859375,967.5045166015625
28.1015625,967.5001831054688
28.1171875,967.4998779296875
28.1328125,967.4966430664062
28.1484375,967.50390625
28.1640625,967.486328125
28.1796875,967.5025024414062
28.1953125,967.510498046875
28.2109375,967.5031127929688
28.2265625,967.475830078125
28.2421875,967.4876098632812
28.2578125,967.4989624023438
28.2734375,967.4915161132812
28.2890625,967.4978637695312
28.3046875,967.492919921875
28.3203125,967.5155029296875
28.3359375,967.4931030273438
28.3515625,967.48779296875
28.3671875,967.503662109375
28.3828125,967.5026245117188
28.3984375,967.5161743164062
28.4140625,967.5026245117188
28.4296875,967.5151977539062
28.4453125,967.4913330078125
28.4609375,967.5050659179688
28.4765625,967.4953002929688
28.4921875,967.5107421875
28.5078125,967.505615234375
28.5234375,967.5033569335938
28.5390625,967.5033569335938
28.5546875,967.48583984375
28.5703125,967.5
28.5859375,967.508544921875
28.6015625,967.4935913085938
28.6171875,967.5053100585938
28.6328125,967.50146484375
28.6484375,967.5031127929688
28.6640625,967.4874877929688
28.6796875,967.5031127929688
28.6953125,967.4978637695312
28.7109375,967.489990234375
28.7265625,967.494873046875
28.7421875,967.493896484375
28.7578125,967.4970703125
28.7734375,967.50732421875
28.7890625,967.498779296875
28.8046875,967.5042724609375
28.8203125,967.5009765625
28.8359375,967.5034790039062
28.8515625,967.5023193359375
28.8671875,967.4973754882812
28.8828125,967.4985961914062
28.8984375,967.4848022460938
28.9140625,967.5130004882812
28.9296875,967.4922485351562
28.9453125,967.5015258789062
28.9609375,967.4925537109375
28.9765625,967.489990234375
28.9921875,967.4948120117188
29.0078125,967.5083618164062
29.0234375,967.4991455078125
29.0390625,967.5006103515625
29.0546875,967.4868774414062
29.0703125,967.4918823242188
29.0859375,967.4884033203125
29.1015625,967.4994506835938
29.1171875,967.479736328125
29.1328125,967.4957885742188
29.1484375,967.4912109375
29.1640625,967.510498046875
29.1796875,967.4722290039062
29.1953125,967.5032348632812
29.2109375,967.466064453125
29.2265625,967.4923095703125
29.2421875,967.4791870117188
29.2578125,967.5067749023438
29.2734375,967.5003051757812
29.2890625,967.4970092773438
29.3046875,967.4923095703125
29.3203125,967.4856567382812
29.3359375,967.5040893554688
29.3515625,967.4903564453125
29.3671875,967.5060424804688
29.3828125,967.4863891601562
29.3984375,967.4945068359375
29.4140625,967.49560546875
29.4296875,967.5114135742188
29.4453125,967.4956665039062
29.4609375,967.491455078125
29.4765625,967.493408203125
29.4921875,967.489013671875
29.5078125,967.4867553710938
29.5234375,967.4984130859375
29.5390625,967.4808349609375
29.5546875,967.5140991210938
29.5703125,967.5011596679688
29.5859375,967.5012817382812
29.6015625,967.4881591796875
29.6171875,967.5039672851562
29.6328125,967.4962768554688
29.6484375,967.5059814453125
29.6640625,967.5023803710938
29.6796875,967.4892578125
29.6953125,967.4905395507812
29.7109375,967.5057373046875
29.7265625,967.51171875
29.7421875,967.5
29.7578125,967.4895629882812
29.7734375,967.4942626953125
29.7890625,967.489013671875
29.8046875,967.4848022460938
29.8203125,967.4869384765625
29.8359375,967.4976196289062
29.8515625,967.481689453125
29.8671875,967.5045166015625
29.8828125,967.4949951171875
29.8984375,967.4876098632812
29.9140625,967.4927368164062
29.9296875,967.4923095703125
29.9453125,967.4906005859375
29.9609375,967.4931640625
29.9765625,967.5018310546875
29.9921875,967.49609375
30.0078125,967.5045166015625
30.0234375,967.5064697265625
30.0390625,967.493896484375
30.0546875,967.4766845703125
30.0703125,967.5149536132812
30.0859375,967.505615234375
30.1015625,967.4924926757812
30.1171875,967.5014038085938
30.1328125,967.503662109375
30.1484375,967.4924926757812
30.1640625,967.5155029296875
30.1796875,967.4871826171875
30.1953125,967.4954223632812
30.2109375,967.4910888671875
30.2265625,967.4891357421875
30.2421875,967.4948120117188
30.2578125,967.484375
30.2734375,967.4959716796875
30.2890625,967.4952392578125
30.3046875,967.510986328125
30.3203125,967.5050659179688
30.3359375,967.5033569335938
30.3515625,967.4993286132812
30.3671875,967.4846801757812
30.3828125,967.4867553710938
30.3984375,967.5057373046875
30.4140625,967.4990234375
30.4296875,967.4931030273438
30.4453125,967.5198974609375
30.4609375,967.5003051757812
30.4765625,967.4991455078125
30.4921875,967.49951171875
30.5078125,967.4984130859375
30.5234375,967.5022583007812
30.5390625,967.4928588867188
30.5546875,967.5009765625
30.5703125,967.4869384765625
30.5859375,967.4964599609375
30.6015625,967.499755859375
30.6171875,967.4991455078125
30.6328125,967.4906616210938
30.6484375,967.5067138671875
30.6640625,967.4998779296875
30.6796875,967.5094604492188
30.6953125,967.5016479492188
30.7109375,967.52099609375
30.7265625,967.4984741210938
30.7421875,967.5
30.7578125,967.5001831054688
30.7734375,967.5014038085938
30.7890625,967.4894409179688
30.8046875,967.4923706054688
30.8203125,967.5028076171875
30.8359375,967.4979248046875
30.8515625,967.5145874023438
30.8671875,967.5125732421875
30.8828125,967.5104370117188
30.8984375,967.4965209960938
30.9140625,967.4931030273438
30.9296875,967.5032348632812
30.9453125,967.4927978515625
30.9609375,967.495361328125
30.9765625,967.5126342773438
30.9921875,967.4863891601562
31.0078125,967.5081176757812
31.0234375,967.4852294921875
31.0390625,967.4866943359375
31.0546875,967.4984741210938
31.0703125,967.4917602539062
31.0859375,967.4883422851562
31.1015625,967.4940185546875
31.1171875,967.4906616210938
31.1328125,967.494873046875
31.1484375,967.4955444335938
31.1640625,967.5028686523438
31.1796875,967.497314453125
31.1953125,967.4754638671875
31.2109375,967.4833374023438
31.2265625,967.5001220703125
31.2421875,967.49560546875
31.2578125,967.4873046875
31.2734375,967.4656982421875
31.2890625,967.4909057617188
31.3046875,967.4778442382812
31.3203125,967.4895629882812
31.3359375,967.4946899414062
31.3515625,967.4808349609375
31.3671875,967.4961547851562
31.3828125,967.4906616210938
31.3984375,967.4711303710938
31.4140625,967.4901123046875
31.4296875,967.4906616210938
31.4453125,967.4775390625
31.4609375,967.4805297851562
31.4765625,967.5096435546875
31.4921875,967.4910888671875
31.5078125,967.48779296875
31.5234375,967.4924926757812
31.5390625,967.4871826171875
31.5546875,967.4998168945312
31.5703125,967.50537109375
31.5859375,967.4913330078125
31.6015625,967.5020141601562
31.6171875,967.5014038085938
31.6328125,967.4951171875
31.6484375,967.4931640625
31.6640625,967.4754638671875
31.6796875,967.5004272460938
31.6953125,967.4886474609375
31.7109375,967.4869384765625
31.7265625,967.4888305664062
31.7421875,967.4864501953125
31.7578125,967.5025024414062
31.7734375,967.4916381835938
31.7890625,967.4899291992188
31.8046875,967.4886474609375
31.8203125,967.5079345703125
31.8359375,967.486328125
31.8515625,967.4931640625
31.8671875,967.4855346679688
31.8828125,967.505126953125
31.8984375,967.4733276367188
31.9140625,967.4855346679688
31.9296875,967.5037841796875
31.9453125,967.4998168945312
31.9609375,967.4846801757812
31.9765625,967.4805908203125
31.9921875,967.5012817382812
32.0078125,967.48974609375
32.0234375,967.5001220703125
32.0390625,967.4747314453125
32.0546875,967.4894409179688
32.0703125,967.471923828125
32.0859375,967.4747314453125
32.1015625,967.479736328125
32.1171875,967.49169921875
32.1328125,967.4961547851562
32.1484375,967.4981689453125
32.1640625,967.4977416992188
32.1796875,967.4937133789062
32.1953125,967.4896850585938
32.2109375,967.5016479492188
32.2265625,967.4949951171875
32.2421875,967.4993286132812
32.2578125,967.4959106445312
32.2734375,967.5115356445312
32.2890625,967.4927978515625
32.3046875,967.4895629882812
32.3203125,967.5030517578125
32.3359375,967.5062255859375
32.3515625,967.4852905273438
32.3671875,967.485595703125
32.3828125,967.4923095703125
32.3984375,967.485107421875
32.4140625,967.4803466796875
32.4296875,967.5081176757812
32.4453125,967.4985961914062
32.4609375,967.4903564453125
32.4765625,967.4856567382812
32.4921875,967.4898071289062
32.5078125,967.5004272460938
32.5234375,967.4769897460938
32.5390625,967.4967041015625
32.5546875,967.4752807617188
32.5703125,967.495849609375
32.5859375,967.4892578125
32.6015625,967.4909057617188
32.6171875,967.4946899414062
32.6328125,967.4722290039062
32.6484375,967.4881591796875
32.6640625,967.493896484375
32.6796875,967.4954223632812
32.6953125,967.49560546875
32.7109375,967.4903564453125
32.7265625,967.4943237304688
32.7421875,967.4932861328125
32.7578125,967.4985961914062
32.7734375,967.4849243164062
32.7890625,967.4788208007812
32.8046875,967.4971923828125
32.8203125,967.5110473632812
32.8359375,967.4805297851562
32.8515625,967.494140625
32.8671875,967.4801635742188
32.8828125,967.4953002929688
32.8984375,967.4855346679688
32.9140625,967.4974975585938
32.9296875,967.4793701171875
32.9453125,967.489990234375
32.9609375,967.4746704101562
32.9765625,967.4927978515625
32.9921875,967.4808349609375
33.0078125,967.4861450195312
33.0234375,967.4776611328125
33.0390625,967.4946899414062
33.0546875,967.4905395507812
33.0703125,967.4769287109375
33.0859375,967.4833374023438
33.1015625,967.4764404296875
33.1171875,967.477294921875
33.1328125,967.47265625
33.1484375,967.4964599609375
33.1640625,967.4853515625
33.1796875,967.46484375
33.1953125,967.4995727539062
33.2109375,967.4906005859375
33.2265625,967.4821166992188
33.2421875,967.501953125
33.2578125,967.4774780273438
33.2734375,967.4948120117188
33.2890625,967.4889526367188
33.3046875,967.49560546875
33.3203125,967.4953002929688
33.3359375,967.4861450195312
33.3515625,967.4866943359375
33.3671875,967.4944458007812
33.3828125,967.4782104492188
33.3984375,967.4852294921875
33.4140625,967.483642578125
33.4296875,967.484130859375
33.4453125,967.4845581054688
33.4609375,967.4835205078125
33.4765625,967.4785766601562
33.4921875,967.4810791015625
33.5078125,967.48974609375
33.5234375,967.4874267578125
33.5390625,967.496826171875
33.5546875,967.4863891601562
33.5703125,967.4880981445312
33.5859375,967.4859008789062
33.6015625,967.4965209960938
33.6171875,967.4839477539062
33.6328125,967.48779296875
33.6484375,967.4793701171875
33.6640625,967.4839477539062
33.6796875,967.4874877929688
33.6953125,967.4847412109375
33.7109375,967.487060546875
33.7265625,967.4879760742188
33.7421875,967.4857788085938
33.7578125,967.4844970703125
33.7734375,967.485595703125
33.7890625,967.4948120117188
33.8046875,967.4891357421875
33.8203125,967.4885864257812
33.8359375,967.4837036132812
33.8515625,967.5004272460938
33.8671875,967.4942626953125
33.8828125,967.4790649414062
33.8984375,967.4952392578125
33.9140625,967.49169921875
33.9296875,967.4806518554688
33.9453125,967.4998168945312
33.9609375,967.4871826171875
33.9765625,967.4866333007812
33.9921875,967.4808349609375
34.0078125,967.4764404296875
34.0234375,967.4814453125
34.0390625,967.4807739257812
34.0546875,967.4910888671875
34.0703125,967.481201171875
34.0859375,967.5032348632812
34.1015625,967.4845581054688
34.1171875,967.4830322265625
34.1328125,967.4832763671875
34.1484375,967.4783935546875
34.1640625,967.4783935546875
34.1796875,967.4777221679688
34.1953125,967.4900512695312
34.2109375,967.489013671875
34.2265625,967.4912109375
34.2421875,967.4854736328125
34.2578125,967.479248046875
34.2734375,967.4771118164062
34.2890625,967.4817504882812
34.3046875,967.48828125
34.3203125,967.493408203125
34.3359375,967.4771118164062
34.3515625,967.5062255859375
34.3671875,967.4935913085938
34.3828125,967.48583984375
34.3984375,967.4849243164062
34.4140625,967.4948120117188
34.4296875,967.4869384765625
34.4453125,967.4953002929688
34.4609375,967.48779296875
34.4765625,967.5048828125
34.4921875,967.4873046875
34.5078125,967.5
34.5234375,967.496826171875
34.5390625,967.4746704101562
34.5546875,967.5040893554688
34.5703125,967.4835815429688
34.5859375,967.4967041015625
34.6015625,967.5033569335938
34.6171875,967.5025024414062
34.6328125,967.4861450195312
34.6484375,967.4841918945312
34.6640625,967.4844360351562
34.6796875,967.49560546875
34.6953125,967.4935913085938
34.7109375,967.501220703125
34.7265625,967.4822998046875
34.7421875,967.4935913085938
34.7578125,967.5025024414062
34.7734375,967.49951171875
34.7890625,967.503662109375
34.8046875,967.4891357421875
34.8203125,967.4984741210938
34.8359375,967.4853515625
34.8515625,967.4887084960938
34.8671875,967.4969482421875
34.8828125,967.4911499023438
34.8984375,967.487548828125
34.9140625,967.499267578125
34.9296875,967.4718627929688
34.9453125,967.4774780273438
34.9609375,967.4915161132812
34.9765625,967.4817504882812
34.9921875,967.4811401367188
35.0078125,967.4861450195312
35.0234375,967.4771728515625
35.0390625,967.4772338867188
35.0546875,967.4771728515625
35.0703125,967.4766235351562
35.0859375,967.4737548828125
35.1015625,967.4769287109375
35.1171875,967.4763793945312
35.1328125,967.471435546875
35.1484375,967.4779663085938
35.1640625,967.4755859375
35.1796875,967.4830322265625
35.1953125,967.3675537109375
35.2109375,967.50341796875
35.2265625,967.5111694335938
35.2421875,967.4907836914062
35.2578125,967.4953002929688
35.2734375,967.4920654296875
35.2890625,967.4923706054688
35.3046875,967.490966796875
35.3203125,967.5213623046875
35.3359375,967.5023193359375
35.3515625,967.4996948242188
35.3671875,967.4938354492188
35.3828125,967.4959716796875
35.3984375,967.5028686523438
35.4140625,967.5009765625
35.4296875,967.5028076171875
35.4453125,967.490234375
35.4609375,967.49560546875
35.4765625,967.4959106445312
35.4921875,967.4853515625
35.5078125,967.4934692382812
35.5234375,967.5128173828125
35.5390625,967.5121459960938
35.5546875,967.4917602539062
35.5703125,967.4927978515625
35.5859375,967.484375
35.6015625,967.4786987304688
35.6171875,967.5076293945312
35.6328125,967.4994506835938
35.6484375,967.4948120117188
35.6640625,967.50341796875
35.6796875,967.5045776367188
35.6953125,967.4884033203125
35.7109375,967.4866333007812
35.7265625,967.4778442382812
35.7421875,967.4794921875
35.7578125,967.478515625
35.7734375,967.5086669921875
35.7890625,967.486328125
35.8046875,967.4911499023438
35.8203125,967.4837036132812
35.8359375,967.486083984375
35.8515625,967.4922485351562
35.8671875,967.4856567382812
35.8828125,967.4774780273438
35.8984375,967.4932861328125
35.9140625,967.4880981445312
35.9296875,967.490234375
35.9453125,967.4898071289062
35.9609375,967.4925537109375
35.9765625,967.5011596679688
35.9921875,967.4771728515625
36.0078125,967.47998046875
36.0234375,967.490234375
36.0390625,967.4887084960938
36.0546875,967.498046875
36.0703125,967.5022583007812
36.0859375,967.4824829101562
36.1015625,967.48193359375
36.1171875,967.4913940429688
36.1328125,967.490234375
36.1484375,967.4828491210938
36.1640625,967.4719848632812
36.1796875,967.496826171875
36.1953125,967.5059814453125
36.2109375,967.5025634765625
36.2265625,967.487060546875
36.2421875,967.471435546875
36.2578125,967.4923095703125
36.2734375,967.4978637695312
36.2890625,967.5094604492188
36.3046875,967.50390625
36.3203125,967.4972534179688
36.3359375,967.5042724609375
36.3515625,967.5180053710938
36.3671875,967.5012817382812
36.3828125,967.4945068359375
36.3984375,967.5030517578125
36.4140625,967.5137939453125
36.4296875,967.4913940429688
36.4453125,967.510498046875
36.4609375,967.4998168945312
36.4765625,967.4822387695312
36.4921875,967.493408203125
36.5078125,967.5187377929688
36.5234375,967.5176391601562
36.5390625,967.4959716796875
36.5546875,967.5059204101562
36.5703125,967.5056762695312
36.5859375,967.481689453125
36.6015625,967.5062866210938
36.6171875,967.4986572265625
36.6328125,967.5286254882812
36.6484375,967.5117797851562
36.6640625,967.4976196289062
36.6796875,967.5025634765625
36.6953125,967.5010986328125
36.7109375,967.5064697265625
36.7265625,967.5059814453125
36.7421875,967.4913940429688
36.7578125,967.489501953125
36.7734375,967.5057373046875
36.7890625,967.5093383789062
36.8046875,967.5075073242188
36.8203125,967.4849853515625
36.8359375,967.4966430664062
36.8515625,967.4885864257812
36.8671875,967.5026245117188
36.8828125,967.5009765625
36.8984375,967.485107421875
36.9140625,967.5032348632812
36.9296875,967.4817504882812
36.9453125,967.5071411132812
36.9609375,967.5039672851562
36.9765625,967.515380859375
36.9921875,967.4908447265625
37.0078125,967.490234375
37.0234375,967.493896484375
37.0390625,967.4991455078125
37.0546875,967.4892578125
37.0703125,967.494873046875
37.0859375,967.4905395507812
37.1015625,967.4998168945312
37.1171875,967.4973754882812
37.1328125,967.490234375
37.1484375,967.4998168945312
37.1640625,967.496826171875
37.1796875,967.5126953125
37.1953125,967.5026245117188
37.2109375,967.4948120117188
37.2265625,967.4956665039062
37.2421875,967.48046875
37.2578125,967.498779296875
37.2734375,967.5021362304688
37.2890625,967.5015258789062
37.3046875,967.4788818359375
37.3203125,967.4932861328125
37.3359375,967.4990234375
37.3515625,967.4916381835938
37.3671875,967.4951171875
37.3828125,967.4782104492188
37.3984375,967.4872436523438
37.4140625,967.4967651367188
37.4296875,967.4923706054688
37.4453125,967.4913940429688
37.4609375,967.4913940429688
37.4765625,967.5037841796875
37.4921875,967.4901123046875
37.5078125,967.48828125
37.5234375,967.4869384765625
37.5390625,967.4866333007812
37.5546875,967.4959716796875
37.5703125,967.4869384765625
37.5859375,967.5070190429688
37.6015625,967.4708251953125
37.6171875,967.4828491210938
37.6328125,967.5000610351562
37.6484375,967.51171875
37.6640625,967.5159912109375
37.6796875,967.4854736328125
37.6953125,967.4790649414062
37.7109375,967.4998779296875
37.7265625,967.4978637695312
37.7421875,967.4833374023438
37.7578125,967.4993286132812
37.7734375,967.4942626953125
37.7890625,967.5050048828125
37.8046875,967.4850463867188
37.8203125,967.4944458007812
37.8359375,967.4906005859375
37.8515625,967.481201171875
37.8671875,967.4839477539062
37.8828125,967.4942016601562
37.8984375,967.4802856445312
37.9140625,967.5045166015625
37.9296875,967.4984741210938
37.9453125,967.50732421875
37.9609375,967.4900512695312
37.9765625,967.5010986328125
37.9921875,967.48388671875
38.0078125,967.49560546875
38.0234375,967.48583984375
38.0390625,967.4850463867188
38.0546875,967.4889526367188
38.0703125,967.4849243164062
38.0859375,967.4769897460938
38.1015625,967.4922485351562
38.1171875,967.4754638671875
38.1328125,967.4844360351562
38.1484375,967.4855346679688
38.1640625,967.4927368164062
38.1796875,967.4730224609375
38.1953125,967.4930419921875
38.2109375,967.4981689453125
38.2265625,967.47216796875
38.2421875,967.4786376953125
38.2578125,967.4950561523438
38.2734375,967.5011596679688
38.2890625,967.4949951171875
38.3046875,967.4649047851562
38.3203125,967.4716186523438
38.3359375,967.4978637695312
38.3515625,967.4977416992188
38.3671875,967.4854736328125
38.3828125,967.4937133789062
38.3984375,967.497314453125
38.4140625,967.4967041015625
38.4296875,967.4965209960938
38.4453125,967.4866333007812
38.4609375,967.4718017578125
38.4765625,967.4766845703125
38.4921875,967.4810791015625
38.5078125,967.4939575195312
38.5234375,967.4755859375
38.5390625,967.4696655273438
38.5546875,967.4789428710938
38.5703125,967.478271484375
38.5859375,967.477783203125
38.6015625,967.4934692382812
38.6171875,967.4954223632812
38.6328125,967.4894409179688
38.6484375,967.4699096679688
38.6640625,967.4743041992188
38.6796875,967.4837036132812
38.6953125,967.4872436523438
38.7109375,967.4810791015625
38.7265625,967.4846801757812
38.7421875,967.484130859375
38.7578125,967.4891357421875
38.7734375,967.4891357421875
38.7890625,967.496826171875
38.8046875,967.4797973632812
38.8203125,967.4881591796875
38.8359375,967.4884643554688
38.8515625,967.4801635742188
38.8671875,967.4923095703125
38.8828125,967.4900512695312
38.8984375,967.490234375
38.9140625,967.4974975585938
38.9296875,967.4620971679688
38.9453125,967.4725341796875
38.9609375,967.4942626953125
38.9765625,967.4854736328125
38.9921875,967.4816284179688
39.0078125,967.4927978515625
39.0234375,967.4813842773438
39.0390625,967.496826171875
39.0546875,967.4950561523438
39.0703125,967.4826049804688
39.0859375,967.4708862304688
39.1015625,967.5021362304688
39.1171875,967.5008544921875
39.1328125,967.4839477539062
39.1484375,967.5001831054688
39.1640625,967.4913940429688
39.1796875,967.4794921875
39.1953125,967.4838256835938
39.2109375,967.469482421875
39.2265625,967.4800415039062
39.2421875,967.4821166992188
39.2578125,967.50341796875
39.2734375,967.5031127929688
39.2890625,967.5040893554688
39.3046875,967.4885864257812
39.3203125,967.4771118164062
39.3359375,967.4896850585938
39.3515625,967.4986572265625
39.3671875,967.4764404296875
39.3828125,967.46435546875
39.3984375,967.4832763671875
39.4140625,967.4827880859375
39.4296875,967.4840698242188
39.4453125,967.4844360351562
39.4609375,967.4879760742188
39.4765625,967.4817504882812
39.4921875,967.485107421875
39.5078125,967.4713134765625
39.5234375,967.49609375
39.5390625,967.4933471679688
39.5546875,967.4778442382812
39.5703125,967.4660034179688
39.5859375,967.4830322265625
39.6015625,967.4933471679688
39.6171875,967.4860229492188
39.6328125,967.4829711914062
39.6484375,967.4662475585938
39.6640625,967.4873046875
39.6796875,967.4814453125
39.6953125,967.4671630859375
39.7109375,967.4981689453125
39.7265625,967.475341796875
39.7421875,967.5003051757812
39.7578125,967.474609375
39.7734375,967.4738159179688
39.7890625,967.4835205078125
39.8046875,967.4719848632812
39.8203125,967.4848022460938
39.8359375,967.4739379882812
39.8515625,967.4853515625
39.8671875,967.47265625
39.8828125,967.48193359375
39.8984375,967.4703979492188
39.9140625,967.4657592773438
39.9296875,967.4772338867188
39.9453125,967.4850463867188
39.9609375,967.4778442382812
39.9765625,967.4868774414062
39.9921875,967.4884643554688
40.0078125,967.4844360351562
40.0234375,967.4796752929688
40.0390625,967.46875
40.0546875,967.4708251953125
40.0703125,967.4691162109375
40.0859375,967.4771118164062
40.1015625,967.4864501953125
40.1171875,967.4741821289062
40.1328125,967.4915161132812
40.1484375,967.483154296875
40.1640625,967.4866943359375
40.1796875,967.4889526367188
40.1953125,967.4617919921875
40.2109375,967.4876098632812
40.2265625,967.4869384765625
40.2421875,967.4871826171875
40.2578125,967.48583984375
40.2734375,967.4701538085938
40.2890625,967.481689453125
40.3046875,967.4789428710938
40.3203125,967.482177734375
40.3359375,967.4702758789062
40.3515625,967.4699096679688
40.3671875,967.47998046875
40.3828125,967.4637451171875
40.3984375,967.4769287109375
40.4140625,967.4864501953125
40.4296875,967.4835205078125
40.4453125,967.4854736328125
40.4609375,967.4796752929688
40.4765625,967.4728393554688
40.4921875,967.4678955078125
40.5078125,967.4712524414062
40.5234375,967.466796875
40.5390625,967.4627685546875
40.5546875,967.4793701171875
40.5703125,967.45458984375
40.5859375,967.4826049804688
40.6015625,967.4674072265625
40.6171875,967.47607421875
40.6328125,967.4789428710938
40.6484375,967.474609375
40.6640625,967.4718017578125
40.6796875,967.4743041992188
40.6953125,967.4659423828125
40.7109375,967.4716186523438
40.7265625,967.47265625
40.7421875,967.4696655273438
40.7578125,967.4623413085938
40.7734375,967.4825439453125
40.7890625,967.487548828125
40.8046875,967.4684448242188
40.8203125,967.4749755859375
40.8359375,967.4859008789062
40.8515625,967.48388671875
40.8671875,967.4746704101562
40.8828125,967.4666137695312
40.8984375,967.4838256835938
40.9140625,967.4786987304688
40.9296875,967.477294921875
40.9453125,967.4664916992188
40.9609375,967.4794921875
40.9765625,967.4775390625
40.9921875,967.469970703125
41.0078125,967.4595336914062
41.0234375,967.4744262695312
41.0390625,967.4737548828125
41.0546875,967.4874877929688
41.0703125,967.4859008789062
41.0859375,967.4718627929688
41.1015625,967.4947509765625
41.1171875,967.4678955078125
41.1328125,967.4849243164062
41.1484375,967.4708862304688
41.1640625,967.47021484375
41.1796875,967.456787109375
41.1953125,967.4832763671875
41.2109375,967.4630737304688
41.2265625,967.4669799804688
41.2421875,967.4688110351562
41.2578125,967.4907836914062
41.2734375,967.4662475585938
41.2890625,967.4780883789062
41.3046875,967.4715576171875
41.3203125,967.4602661132812
41.3359375,967.468505859375
41.3515625,967.469970703125
41.3671875,967.4862060546875
41.3828125,967.4764404296875
41.3984375,967.4776611328125
41.4140625,967.4869995117188
41.4296875,967.4668579101562
41.4453125,967.4697265625
41.4609375,967.4583129882812
41.4765625,967.47265625
41.4921875,967.481201171875
41.5078125,967.4842529296875
41.5234375,967.4625854492188
41.5390625,967.469482421875
41.5546875,967.4718627929688
41.5703125,967.4783325195312
41.5859375,967.478515625
41.6015625,967.46435546875
41.6171875,967.4680786132812
41.6328125,967.4830322265625
41.6484375,967.4598388671875
41.6640625,967.4791259765625
41.6796875,967.4705810546875
41.6953125,967.48779296875
41.7109375,967.4657592773438
41.7265625,967.471435546875
41.7421875,967.4616088867188
41.7578125,967.4688720703125
41.7734375,967.46826171875
41.7890625,967.4860229492188
41.8046875,967.4640502929688
41.8203125,967.4747314453125
41.8359375,967.4632568359375
41.8515625,967.4839477539062
41.8671875,967.4947509765625
41.8828125,967.4840698242188
41.8984375,967.494873046875
41.9140625,967.465576171875
41.9296875,967.4860229492188
41.9453125,967.4844360351562
41.9609375,967.4765625
41.9765625,967.4840698242188
41.9921875,967.4633178710938
42.0078125,967.4623413085938
42.0234375,967.4816284179688
42.0390625,967.4761352539062
42.0546875,967.4801635742188
42.0703125,967.4841918945312
42.0859375,967.4801635742188
42.1015625,967.4920043945312
42.1171875,967.4721069335938
42.1328125,967.4703979492188
42.1484375,967.4799194335938
42.1640625,967.4774780273438
42.1796875,967.4605102539062
42.1953125,967.4581909179688
42.2109375,967.4721069335938
42.2265625,967.47265625
42.2421875,967.4783935546875
42.2578125,967.4774780273438
42.2734375,967.4595336914062
42.2890625,967.4749755859375
42.3046875,967.476318359375
42.3203125,967.4810180664062
42.3359375,967.4705810546875
42.3515625,967.4763793945312
42.3671875,967.4761352539062
42.3828125,967.4747314453125
42.3984375,967.4852905273438
42.4140625,967.4786376953125
42.4296875,967.475341796875
42.4453125,967.4696655273438
42.4609375,967.4766235351562
42.4765625,967.4822387695312
42.4921875,967.4886474609375
42.5078125,967.4737548828125
42.5234375,967.4815673828125
42.5390625,967.4682006835938
42.5546875,967.48046875
42.5703125,967.4855346679688
42.5859375,967.482421875
42.6015625,967.4829711914062
42.6171875,967.4835205078125
42.6328125,967.4863891601562
42.6484375,967.4777221679688
42.6640625,967.4713745117188
42.6796875,967.4669799804688
42.6953125,967.4703979492188
42.7109375,967.4755249023438
42.7265625,967.4917602539062
42.7421875,967.4780883789062
42.7578125,967.483642578125
42.7734375,967.4677124023438
42.7890625,967.4788208007812
42.8046875,967.4747314453125
42.8203125,967.4799194335938
42.8359375,967.4813232421875
42.8515625,967.48779296875
42.8671875,967.4805297851562
42.8828125,967.473388671875
42.8984375,967.4807739257812
42.9140625,967.4780883789062
42.9296875,967.4856567382812
42.9453125,967.482177734375
42.9609375,967.4768676757812
42.9765625,967.4826049804688
42.9921875,967.481689453125
43.0078125,967.4786376953125
43.0234375,967.4785766601562
43.0390625,967.4688720703125
43.0546875,967.4749145507812
43.0703125,967.484130859375
43.0859375,967.4878540039062
43.1015625,967.4727783203125
43.1171875,967.46044921875
43.1328125,967.4800415039062
43.1484375,967.4800415039062
43.1640625,967.4888305664062
43.1796875,967.475830078125
43.1953125,967.4749145507812
43.2109375,967.471923828125
43.2265625,967.4877319335938
43.2421875,967.4757080078125
43.2578125,967.4619140625
43.2734375,967.4730224609375
43.2890625,967.4751586914062
43.3046875,967.471923828125
43.3203125,967.4725341796875
43.3359375,967.4772338867188
43.3515625,967.4730834960938
43.3671875,967.4688110351562
43.3828125,967.4811401367188
43.3984375,967.4833374023438
43.4140625,967.4697265625
43.4296875,967.4692993164062
43.4453125,967.4766235351562
43.4609375,967.477783203125
43.4765625,967.4865112304688
43.4921875,967.4813232421875
43.5078125,967.4737548828125
43.5234375,967.4633178710938
43.5390625,967.4733276367188
43.5546875,967.4840698242188
43.5703125,967.4633178710938
43.5859375,967.4797973632812
43.6015625,967.4819946289062
43.6171875,967.4910888671875
43.6328125,967.4832763671875
43.6484375,967.4712524414062
43.6640625,967.4647216796875
43.6796875,967.4946899414062
43.6953125,967.486328125
43.7109375,967.4716796875
43.7265625,967.4876098632812
43.7421875,967.4895629882812
43.7578125,967.4840698242188
43.7734375,967.4830322265625
43.7890625,967.4910888671875
43.8046875,967.490966796875
43.8203125,967.4972534179688
43.8359375,967.4920043945312
43.8515625,967.5079956054688
43.8671875,967.486083984375
43.8828125,967.4949951171875
43.8984375,967.4895629882812
43.9140625,967.4796752929688
43.9296875,967.48193359375
43.9453125,967.5042724609375
43.9609375,967.5099487304688
43.9765625,967.4998779296875
43.9921875,967.5005493164062
44.0078125,967.4864501953125
44.0234375,967.5010986328125
44.0390625,967.4998168945312
44.0546875,967.4922485351562
44.0703125,967.5098266601562
44.0859375,967.4954223632812
44.1015625,967.507080078125
44.1171875,967.5055541992188
44.1328125,967.5159301757812
44.1484375,967.5039672851562
44.1640625,967.4905395507812
44.1796875,967.5126953125
44.1953125,967.5132446289062
44.2109375,967.4866943359375
44.2265625,967.512451171875
44.2421875,967.5181884765625
44.2578125,967.49560546875
44.2734375,967.4962158203125
44.2890625,967.501953125
44.3046875,967.5008544921875
44.3203125,967.5117797851562
44.3359375,967.4981689453125
44.3515625,967.4888916015625
44.3671875,967.5010986328125
44.3828125,967.5048828125
44.3984375,967.5028686523438
44.4140625,967.509521484375
44.4296875,967.4869384765625
44.4453125,967.5184326171875
44.4609375,967.4926147460938
44.4765625,967.5036010742188
44.4921875,967.512939453125
44.5078125,967.5045776367188
44.5234375,967.4985961914062
44.5390625,967.49609375
44.5546875,967.5028076171875
44.5703125,967.4927368164062
44.5859375,967.4950561523438
44.6015625,967.5120849609375
44.6171875,967.4860229492188
44.6328125,967.4886474609375
44.6484375,967.5006713867188
44.6640625,967.5003662109375
44.6796875,967.5065307617188
44.6953125,967.499755859375
44.7109375,967.4908447265625
44.7265625,967.4904174804688
44.7421875,967.4952392578125
44.7578125,967.500732421875
44.7734375,967.4930419921875
44.7890625,967.491943359375
44.8046875,967.5025024414062
44.8203125,967.508544921875
44.8359375,967.4893798828125
44.8515625,967.4981689453125
44.8671875,967.4991455078125
44.8828125,967.4985961914062
44.8984375,967.5
44.9140625,967.4874877929688
44.9296875,967.487548828125
44.9453125,967.4921875
44.9609375,967.4930419921875
44.9765625,967.4757690429688
44.9921875,967.4928588867188
45.0078125,967.490966796875
45.0234375,967.4847412109375
45.0390625,967.4822387695312
45.0546875,967.4768676757812
45.0703125,967.4920654296875
45.0859375,967.4972534179688
45.1015625,967.4963989257812
45.1171875,967.4969482421875
45.1328125,967.5087890625
45.1484375,967.511474609375
45.1640625,967.5025634765625
45.1796875,967.5042724609375
45.1953125,967.507080078125
45.2109375,967.5067749023438
45.2265625,967.5086669921875
45.2421875,967.4959716796875
45.2578125,967.48828125
45.2734375,967.4827880859375
45.2890625,967.5126953125
45.3046875,967.4840698242188
45.3203125,967.5123901367188
45.3359375,967.489501953125
45.3515625,967.5125732421875
45.3671875,967.493896484375
45.3828125,967.5166015625
45.3984375,967.5084228515625
45.4140625,967.494140625
45.4296875,967.484375
45.4453125,967.4911499023438
45.4609375,967.4984741210938
45.4765625,967.5223388671875
45.4921875,967.513671875
45.5078125,967.4991455078125
45.5234375,967.4907836914062
45.5390625,967.5170288085938
45.5546875,967.5001831054688
45.5703125,967.5073852539062
45.5859375,967.5145263671875
45.6015625,967.50732421875
45.6171875,967.4788208007812
45.6328125,967.5106811523438
45.6484375,967.497314453125
45.6640625,967.5114135742188
45.6796875,967.505615234375
45.6953125,967.4966430664062
45.7109375,967.483154296875
45.7265625,967.5098266601562
45.7421875,967.50341796875
45.7578125,967.4924926757812
45.7734375,967.4898071289062
45.7890625,967.5039672851562
45.8046875,967.4909057617188
45.8203125,967.4989624023438
45.8359375,967.5040893554688
45.8515625,967.4953002929688
45.8671875,967.5087280273438
45.8828125,967.5003662109375
45.8984375,967.4766845703125
45.9140625,967.501953125
45.9296875,967.4894409179688
45.9453125,967.4959716796875
45.9609375,967.4915161132812
45.9765625,967.4874267578125
45.9921875,967.5061645507812
46.0078125,967.4899291992188
46.0234375,967.4923706054688
46.0390625,967.4855346679688
46.0546875,967.4930419921875
46.0703125,967.4934692382812
46.0859375,967.4952392578125
46.1015625,967.4872436523438
46.1171875,967.4945678710938
46.1328125,967.5045776367188
46.1484375,967.466552734375
46.1640625,967.4866333007812
46.1796875,967.4970092773438
46.1953125,967.4971923828125
46.2109375,967.490234375
46.2265625,967.4953002929688
46.2421875,967.4814453125
46.2578125,967.48974609375
46.2734375,967.5005493164062
46.2890625,967.501220703125
46.3046875,967.4771728515625
46.3203125,967.4949951171875
46.3359375,967.4874267578125
46.3515625,967.4874267578125
46.3671875,967.5032348632812
46.3828125,967.4806518554688
46.3984375,967.4739379882812
46.4140625,967.4780883789062
46.4296875,967.4862060546875
46.4453125,967.48974609375
46.4609375,967.4867553710938
46.4765625,967.4930419921875
46.4921875,967.4981079101562
46.5078125,967.4959106445312
46.5234375,967.4845581054688
46.5390625,967.4961547851562
46.5546875,967.4946899414062
46.5703125,967.4866943359375
46.5859375,967.4755249023438
46.6015625,967.479736328125
46.6171875,967.4904174804688
46.6328125,967.4762573242188
46.6484375,967.4852294921875
46.6640625,967.4816284179688
46.6796875,967.4707641601562
46.6953125,967.482421875
46.7109375,967.4786376953125
46.7265625,967.4867553710938
46.7421875,967.4684448242188
46.7578125,967.4771118164062
46.7734375,967.465576171875
46.7890625,967.487548828125
46.8046875,967.4688720703125
46.8203125,967.4889526367188
46.8359375,967.4774780273438
46.8515625,967.46044921875
46.8671875,967.4868774414062
46.8828125,967.4769287109375
46.8984375,967.4766235351562
46.9140625,967.4718017578125
46.9296875,967.489990234375
46.9453125,967.4938354492188
46.9609375,967.4666748046875
46.9765625,967.4769897460938
46.9921875,967.4850463867188
47.0078125,967.4721069335938
47.0234375,967.4782104492188
47.0390625,967.4735107421875
47.0546875,967.46044921875
47.0703125,967.4833984375
47.0859375,967.4755249023438
47.1015625,967.473876953125
47.1171875,967.4813842773438
47.1328125,967.4749145507812
47.1484375,967.4754638671875
47.1640625,967.4751586914062
47.1796875,967.4844360351562
47.1953125,967.4994506835938
47.2109375,967.4777221679688
47.2265625,967.481689453125
47.2421875,967.475341796875
47.2578125,967.4727172851562
47.2734375,967.4827270507812
47.2890625,967.4802856445312
47.3046875,967.489013671875
47.3203125,967.477294921875
47.3359375,967.4730224609375
47.3515625,967.4785766601562
47.3671875,967.4712524414062
47.3828125,967.4705810546875
47.3984375,967.4771728515625
47.4140625,967.4751586914062
47.4296875,967.4828491210938
47.4453125,967.4886474609375
47.4609375,967.4907836914062
47.4765625,967.470458984375
47.4921875,967.482421875
47.5078125,967.481201171875
47.5234375,967.4707641601562
47.5390625,967.4710693359375
47.5546875,967.4766235351562
47.5703125,967.4783325195312
47.5859375,967.469482421875
47.6015625,967.4692993164062
47.6171875,967.4728393554688
47.6328125,967.4718627929688
47.6484375,967.4771728515625
47.6640625,967.4588012695312
47.6796875,967.4737548828125
47.6953125,967.4723510742188
47.7109375,967.4708251953125
47.7265625,967.4694213867188
47.7421875,967.47021484375
47.7578125,967.4631958007812
47.7734375,967.4724731445312
47.7890625,967.4724731445312
47.8046875,967.4698486328125
47.8203125,967.4718017578125
47.8359375,967.4779663085938
47.8515625,967.4983520507812
47.8671875,967.4671630859375
47.8828125,967.4682006835938
47.8984375,967.4590454101562
47.9140625,967.4730834960938
47.9296875,967.4518432617188
47.9453125,967.4576416015625
47.9609375,967.4523315429688
47.9765625,967.45849609375
47.9921875,967.4705810546875
48.0078125,967.4523315429688
48.0234375,967.4708251953125
48.0390625,967.471435546875
48.0546875,967.4735717773438
48.0703125,967.4793701171875
48.0859375,967.4563598632812
48.1015625,967.4559326171875
48.1171875,967.473876953125
48.1328125,967.4730834960938
48.1484375,967.4685668945312
48.1640625,967.4577026367188
48.1796875,967.4810180664062
48.1953125,967.4600830078125
48.2109375,967.4735107421875
48.2265625,967.469482421875
48.2421875,967.4639892578125
48.2578125,967.4710083007812
48.2734375,967.4721069335938
48.2890625,967.4713745117188
48.3046875,967.467529296875
48.3203125,967.4751586914062
48.3359375,967.4701538085938
48.3515625,967.4629516601562
48.3671875,967.4622192382812
48.3828125,967.4561767578125
48.3984375,967.4588012695312
48.4140625,967.46240234375
48.4296875,967.4668579101562
48.4453125,967.4691162109375
48.4609375,967.4807739257812
48.4765625,967.4637451171875
48.4921875,967.4533081054688
48.5078125,967.46435546875
48.5234375,967.4553833007812
48.5390625,967.4727783203125
48.5546875,967.4653930664062
48.5703125,967.4650268554688
48.5859375,967.4595336914062
48.6015625,967.453857421875
48.6171875,967.4652099609375
48.6328125,967.4561767578125
48.6484375,967.465576171875
48.6640625,967.465576171875
48.6796875,967.4711303710938
48.6953125,967.4598388671875
48.7109375,967.4677734375
48.7265625,967.45654296875
48.7421875,967.462646484375
48.7578125,967.4708251953125
48.7734375,967.4721069335938
48.7890625,967.4534912109375
48.8046875,967.4754638671875
48.8203125,967.4612426757812
48.8359375,967.4608154296875
48.8515625,967.4605102539062
48.8671875,967.4627075195312
48.8828125,967.4763793945312
48.8984375,967.467529296875
48.9140625,967.4534912109375
48.9296875,967.4715576171875
48.9453125,967.4691162109375
48.9609375,967.4598999023438
48.9765625,967.4651489257812
48.9921875,967.4657592773438
49.0078125,967.4774780273438
49.0234375,967.4677734375
49.0390625,967.4552001953125
49.0546875,967.4757690429688
49.0703125,967.481689453125
49.0859375,967.4860229492188
49.1015625,967.4747924804688
49.1171875,967.480224609375
49.1328125,967.4826049804688
49.1484375,967.47607421875
49.1640625,967.4583129882812
49.1796875,967.4752197265625
49.1953125,967.4806518554688
49.2109375,967.4754638671875
49.2265625,967.4922485351562
49.2421875,967.467529296875
49.2578125,967.4721069335938
49.2734375,967.4813232421875
49.2890625,967.4777221679688
49.3046875,967.4599609375
49.3203125,967.4920654296875
49.3359375,967.4652099609375
49.3515625,967.4805908203125
49.3671875,967.4797973632812
49.3828125,967.4775390625
49.3984375,967.4786987304688
49.4140625,967.4810180664062
49.4296875,967.4652099609375
49.4453125,967.4728393554688
49.4609375,967.47216796875
49.4765625,967.4732055664062
49.4921875,967.483642578125
49.5078125,967.462890625
49.5234375,967.4716186523438
49.5390625,967.4906005859375
49.5546875,967.4736328125
49.5703125,967.4910888671875
49.5859375,967.458740234375
49.6015625,967.4614868164062
49.6171875,967.4594116210938
49.6328125,967.4762573242188
49.6484375,967.475830078125
49.6640625,967.471435546875
49.6796875,967.4660034179688
49.6953125,967.4680786132812
49.7109375,967.47998046875
49.7265625,967.4610595703125
49.7421875,967.4729614257812
49.7578125,967.487548828125
49.7734375,967.4788208007812
49.7890625,967.4835815429688
49.8046875,967.4752197265625
49.8203125,967.4649047851562
49.8359375,967.4802856445312
49.8515625,967.4788818359375
49.8671875,967.46435546875
49.8828125,967.4733276367188
49.8984375,967.473388671875
49.9140625,967.4755859375
49.9296875,967.4708862304688
49.9453125,967.4833374023438
49.9609375,967.470703125
49.9765625,967.4730834960938
49.9921875,967.47998046875
50.0078125,967.4707641601562
50.0234375,967.4774169921875
50.0390625,967.4767456054688
50.0546875,967.4758911132812
50.0703125,967.4673461914062
50.0859375,967.4676513671875
50.1015625,967.4746704101562
50.1171875,967.4740600585938
50.1328125,967.4715576171875
50.1484375,967.4840698242188
50.1640625,967.4713745117188
50.1796875,967.4822998046875
50.1953125,967.4724731445312
50.2109375,967.4845581054688
50.2265625,967.4849853515625
50.2421875,967.4786987304688
50.2578125,967.4645385742188
50.2734375,967.482421875
50.2890625,967.4749145507812
50.3046875,967.4730224609375
50.3203125,967.4718627929688
50.3359375,967.4697265625
50.3515625,967.4671020507812
50.3671875,967.4652099609375
50.3828125,967.474365234375
50.3984375,967.4841918945312
50.4140625,967.4776611328125
50.4296875,967.4738159179688
50.4453125,967.4730834960938
50.4609375,967.4967651367188
50.4765625,967.4814453125
50.4921875,967.4898071289062
50.5078125,967.4710693359375
50.5234375,967.4758911132812
50.5390625,967.46240234375
50.5546875,967.4715576171875
50.5703125,967.466552734375
50.5859375,967.4768676757812
50.6015625,967.4716186523438
50.6171875,967.4708251953125
50.6328125,967.4642944335938
50.6484375,967.4708862304688
50.6640625,967.4711303710938
50.6796875,967.4689331054688
50.6953125,967.4755859375
50.7109375,967.4678955078125
50.7265625,967.4852294921875
50.7421875,967.4783935546875
50.7578125,967.4672241210938
50.7734375,967.4735717773438
50.7890625,967.4900512695312
50.8046875,967.4646606445312
50.8203125,967.4721069335938
50.8359375,967.4641723632812
50.8515625,967.4691772460938
50.8671875,967.4743041992188
50.8828125,967.4783935546875
50.8984375,967.4678955078125
50.9140625,967.4771728515625
50.9296875,967.4772338867188
50.9453125,967.4713745117188
50.9609375,967.4649047851562
50.9765625,967.4650268554688
50.9921875,967.4708251953125
51.0078125,967.4766845703125
51.0234375,967.4730834960938
51.0390625,967.4884033203125
51.0546875,967.4639892578125
51.0703125,967.465576171875
51.0859375,967.4723510742188
51.1015625,967.4622192382812
51.1171875,967.4752807617188
51.1328125,967.4632568359375
51.1484375,967.4729614257812
51.1640625,967.4789428710938
51.1796875,967.4822998046875
51.1953125,967.4666748046875
51.2109375,967.4686279296875
51.2265625,967.4899291992188
51.2421875,967.4632568359375
51.2578125,967.4771728515625
51.2734375,967.4657592773438
51.2890625,967.4739379882812
51.3046875,967.4703979492188
51.3203125,967.4559326171875
51.3359375,967.4615478515625
51.3515625,967.4887084960938
51.3671875,967.4635620117188
51.3828125,967.4649047851562
51.3984375,967.4881591796875
51.4140625,967.4817504882812
51.4296875,967.4723510742188
51.4453125,967.4572143554688
51.4609375,967.4757080078125
51.4765625,967.4849243164062
51.4921875,967.4656982421875
51.5078125,967.4578857421875
51.5234375,967.4835205078125
51.5390625,967.4893798828125
51.5546875,967.4588012695312
51.5703125,967.454345703125
51.5859375,967.4856567382812
51.6015625,967.4807739257812
51.6171875,967.4766235351562
51.6328125,967.4805297851562
51.6484375,967.4594116210938
51.6640625,967.4713745117188
51.6796875,967.4553833007812
51.6953125,967.4743041992188
51.7109375,967.4847412109375
51.7265625,967.477783203125
51.7421875,967.474609375
51.7578125,967.4791870117188
51.7734375,967.462646484375
51.7890625,967.4840698242188
51.8046875,967.470458984375
51.8203125,967.486328125
51.8359375,967.4846801757812
51.8515625,967.4862060546875
51.8671875,967.485595703125
51.8828125,967.466552734375
51.8984375,967.4785766601562
51.9140625,967.5054321289062
51.9296875,967.4863891601562
51.9453125,967.486328125
51.9609375,967.4802856445312
51.9765625,967.479248046875
51.9921875,967.485107421875
52.0078125,967.4848022460938
52.0234375,967.4796142578125
52.0390625,967.475830078125
52.0546875,967.478271484375
52.0703125,967.482177734375
52.0859375,967.4766235351562
52.1015625,967.4768676757812
52.1171875,967.495361328125
52.1328125,967.4943237304688
52.1484375,967.4790649414062
52.1640625,967.4654541015625
52.1796875,967.460205078125
52.1953125,967.48193359375
52.2109375,967.490966796875
52.2265625,967.489501953125
52.2421875,967.4934692382812
52.2578125,967.4584350585938
52.2734375,967.4908447265625
52.2890625,967.4776611328125
52.3046875,967.477783203125
52.3203125,967.4771728515625
52.3359375,967.4702758789062
52.3515625,967.4718017578125
52.3671875,967.4569091796875
52.3828125,967.4620971679688
52.3984375,967.4943237304688
52.4140625,967.4891967773438
52.4296875,967.4855346679688
52.4453125,967.4924926757812
52.4609375,967.4872436523438
52.4765625,967.490234375
52.4921875,967.4942626953125
52.5078125,967.470703125
52.5234375,967.4769287109375
52.5390625,967.468505859375
52.5546875,967.4683227539062
52.5703125,967.4679565429688
52.5859375,967.456787109375
52.6015625,967.4630737304688
52.6171875,967.466064453125
52.6328125,967.4699096679688
52.6484375,967.4766845703125
52.6640625,967.4844360351562
52.6796875,967.4676513671875
52.6953125,967.4641723632812
52.7109375,967.4590454101562
52.7265625,967.474365234375
52.7421875,967.4615478515625
52.7578125,967.4696655273438
52.7734375,967.4793701171875
52.7890625,967.468017578125
52.8046875,967.4790649414062
52.8203125,967.4806518554688
52.8359375,967.4764404296875
52.8515625,967.4639892578125
52.8671875,967.464111328125
52.8828125,967.4705200195312
52.8984375,967.4778442382812
52.9140625,967.4783935546875
52.9296875,967.4645385742188
52.9453125,967.4830322265625
52.9609375,967.4752807617188
52.9765625,967.4808349609375
52.9921875,967.4591674804688
53.0078125,967.4596557617188
53.0234375,967.478515625
53.0390625,967.47607421875
53.0546875,967.4623413085938
53.0703125,967.4653930664062
53.0859375,967.4760131835938
53.1015625,967.4884643554688
53.1171875,967.4849853515625
53.1328125,967.4715576171875
53.1484375,967.4752197265625
53.1640625,967.4710083007812
53.1796875,967.5026245117188
53.1953125,967.5030517578125
53.2109375,967.4984130859375
53.2265625,967.4883422851562
53.2421875,967.5110473632812
53.2578125,967.4965209960938
53.2734375,967.4896850585938
53.2890625,967.5025634765625
53.3046875,967.4906005859375
53.3203125,967.4967651367188
53.3359375,967.4954223632812
53.3515625,967.497802734375
53.3671875,967.5012817382812
53.3828125,967.5093383789062
53.3984375,967.5067138671875
53.4140625,967.515625
53.4296875,967.514892578125
53.4453125,967.5050048828125
53.4609375,967.5033569335938
53.4765625,967.5006713867188
53.4921875,967.5079345703125
53.5078125,967.5081787109375
53.5234375,967.513427734375
53.5390625,967.5162353515625
53.5546875,967.5187377929688
53.5703125,967.5173950195312
53.5859375,967.51171875
53.6015625,967.5242919921875
53.6171875,967.5134887695312
53.6328125,967.5087890625
53.6484375,967.512451171875
53.6640625,967.5119018554688
53.6796875,967.5040283203125
53.6953125,967.5206909179688
53.7109375,967.534912109375
53.7265625,967.5309448242188
53.7421875,967.5380859375
53.7578125,967.5270385742188
53.7734375,967.5272216796875
53.7890625,967.5181274414062
53.8046875,967.5053100585938
53.8203125,967.5101928710938
53.8359375,967.5227661132812
53.8515625,967.5220947265625
53.8671875,967.5239868164062
53.8828125,967.5139770507812
53.8984375,967.540771484375
53.9140625,967.5199584960938
53.9296875,967.5310668945312
53.9453125,967.5499267578125
53.9609375,967.5162963867188
53.9765625,967.522216796875
53.9921875,967.5418701171875
54.0078125,967.5440673828125
54.0234375,967.5245361328125
54.0390625,967.5280151367188
54.0546875,967.532470703125
54.0703125,967.526611328125
54.0859375,967.5291137695312
54.1015625,967.55615234375
54.1171875,967.521484375
54.1328125,967.5408325195312
54.1484375,967.5302734375
54.1640625,967.54443359375
54.1796875,967.5208129882812
54.1953125,967.5250854492188
54.2109375,967.5256958007812
54.2265625,967.5410766601562
54.2421875,967.5225830078125
54.2578125,967.5316772460938
54.2734375,967.532958984375
54.2890625,967.5307006835938
54.3046875,967.5545654296875
54.3203125,967.5257568359375
54.3359375,967.5596923828125
54.3515625,967.51904296875
54.3671875,967.5452270507812
54.3828125,967.5302124023438
54.3984375,967.5252685546875
54.4140625,967.5365600585938
54.4296875,967.5240478515625
54.4453125,967.538818359375
54.4609375,967.529052734375
54.4765625,967.52880859375
54.4921875,967.529296875
54.5078125,967.525146484375
54.5234375,967.5321044921875
54.5390625,967.5501098632812
54.5546875,967.5363159179688
54.5703125,967.5492553710938
54.5859375,967.5525512695312
54.6015625,967.5537109375
54.6171875,967.5324096679688
54.6328125,967.5414428710938
54.6484375,967.5548706054688
54.6640625,967.5440673828125
54.6796875,967.5219116210938
54.6953125,967.5377197265625
54.7109375,967.5516967773438
54.7265625,967.5432739257812
54.7421875,967.5357055664062
54.7578125,967.5426635742188
54.7734375,967.5362548828125
54.7890625,967.5192260742188
54.8046875,967.5481567382812
54.8203125,967.5475463867188
54.8359375,967.5315551757812
54.8515625,967.5442504882812
54.8671875,967.5493774414062
54.8828125,967.5191040039062
54.8984375,967.5333862304688
54.9140625,967.51953125
54.9296875,967.5156860351562
54.9453125,967.5308227539062
54.9609375,967.5264892578125
54.9765625,967.5283203125
54.9921875,967.5277099609375
55.0078125,967.5344848632812
55.0234375,967.527099609375
55.0390625,967.5065307617188
55.0546875,967.5361328125
55.0703125,967.52734375
55.0859375,967.5317993164062
55.1015625,967.5333251953125
55.1171875,967.53271484375
55.1328125,967.5204467773438
55.1484375,967.5286254882812
55.1640625,967.5118408203125
55.1796875,967.5146484375
55.1953125,967.5119018554688
55.2109375,967.5400390625
55.2265625,967.5145874023438
55.2421875,967.5296630859375
55.2578125,967.5181274414062
55.2734375,967.5379638671875
55.2890625,967.5447998046875
55.3046875,967.5297241210938
55.3203125,967.5318603515625
55.3359375,967.5215454101562
55.3515625,967.5216064453125
55.3671875,967.5204467773438
55.3828125,967.525146484375
55.3984375,967.5179443359375
55.4140625,967.518798828125
55.4296875,967.5189819335938
55.4453125,967.5249633789062
55.4609375,967.520263671875
55.4765625,967.51904296875
55.4921875,967.523193359375
55.5078125,967.5233154296875
55.5234375,967.5285034179688
55.5390625,967.5272216796875
55.5546875,967.5343017578125
55.5703125,967.5332641601562
55.5859375,967.5279541015625
55.6015625,967.53857421875
55.6171875,967.5023193359375
55.6328125,967.5223999023438
55.6484375,967.5068359375
55.6640625,967.5287475585938
55.6796875,967.5362548828125
55.6953125,967.5200805664062
55.7109375,967.527099609375
55.7265625,967.517578125
55.7421875,967.5264892578125
55.7578125,967.517578125
55.7734375,967.5259399414062
55.7890625,967.522216796875
55.8046875,967.5158081054688
55.8203125,967.5187377929688
55.8359375,967.51708984375
55.8515625,967.5255126953125
55.8671875,967.5252685546875
55.8828125,967.5169067382812
55.8984375,967.5355834960938
55.9140625,967.5187377929688
55.9296875,967.5084838867188
55.9453125,967.5260620117188
55.9609375,967.5266723632812
55.9765625,967.5240478515625
55.9921875,967.51708984375
56.0078125,967.507080078125
56.0234375,967.5287475585938
56.0390625,967.5213012695312
56.0546875,967.5216674804688
56.0703125,967.5169067382812
56.0859375,967.5240478515625
56.1015625,967.508544921875
56.1171875,967.5031127929688
56.1328125,967.519287109375
56.1484375,967.5209350585938
56.1640625,967.5145263671875
56.1796875,967.514892578125
56.1953125,967.5275268554688
56.2109375,967.5293579101562
56.2265625,967.5008544921875
56.2421875,967.5094604492188
56.2578125,967.5123901367188
56.2734375,967.52685546875
56.2890625,967.5259399414062
56.3046875,967.5278930664062
56.3203125,967.5104370117188
56.3359375,967.4987182617188
56.3515625,967.521240234375
56.3671875,967.5225830078125
56.3828125,967.4976196289062
56.3984375,967.5199584960938
56.4140625,967.5237426757812
56.4296875,967.5197143554688
56.4453125,967.5032348632812
56.4609375,967.5224609375
56.4765625,967.5008544921875
56.4921875,967.5162353515625
56.5078125,967.5122680664062
56.5234375,967.5181274414062
56.5390625,967.52880859375
56.5546875,967.5128784179688
56.5703125,967.513671875
56.5859375,967.5078735351562
56.6015625,967.5078735351562
56.6171875,967.5092163085938
56.6328125,967.521484375
56.6484375,967.5145263671875
56.6640625,967.5045776367188
56.6796875,967.5068359375
56.6953125,967.5071411132812
56.7109375,967.5181274414062
56.7265625,967.518310546875
56.7421875,967.5156860351562
56.7578125,967.5087280273438
56.7734375,967.5138549804688
56.7890625,967.5061645507812
56.8046875,967.5071411132812
56.8203125,967.5072631835938
56.8359375,967.5075073242188
56.8515625,967.4994506835938
56.8671875,967.5016479492188
56.8828125,967.5130004882812
56.8984375,967.5155029296875
56.9140625,967.5067138671875
56.9296875,967.5239868164062
56.9453125,967.5173950195312
56.9609375,967.5034790039062
56.9765625,967.5060424804688
56.9921875,967.5236206054688
57.0078125,967.5012817382812
57.0234375,967.5159301757812
57.0390625,967.5083618164062
57.0546875,967.516357421875
57.0703125,967.5219116210938
57.0859375,967.5098876953125
57.1015625,967.5179443359375
57.1171875,967.505615234375
57.1328125,967.486083984375
57.1484375,967.5282592773438
57.1640625,967.5139770507812
57.1796875,967.5067138671875
57.1953125,967.4902954101562
57.2109375,967.5150756835938
57.2265625,967.49609375
57.2421875,967.4962768554688
57.2578125,967.5117797851562
57.2734375,967.510986328125
57.2890625,967.5095825195312
57.3046875,967.5081787109375
57.3203125,967.4957885742188
57.3359375,967.5108642578125
57.3515625,967.5119018554688
57.3671875,967.50732421875
57.3828125,967.515625
57.3984375,967.5132446289062
57.4140625,967.4982299804688
57.4296875,967.52490234375
57.4453125,967.4963989257812
57.4609375,967.5072631835938
57.4765625,967.5059814453125
57.4921875,967.5011596679688
57.5078125,967.5064697265625
57.5234375,967.5043334960938
57.5390625,967.513427734375
57.5546875,967.5028076171875
57.5703125,967.5181884765625
57.5859375,967.50927734375
57.6015625,967.5003051757812
57.6171875,967.5374755859375
57.6328125,967.516845703125
57.6484375,967.5117797851562
57.6640625,967.515625
57.6796875,967.4928588867188
57.6953125,967.5223388671875
57.7109375,967.5107421875
57.7265625,967.51318359375
57.7421875,967.5221557617188
57.7578125,967.519287109375
57.7734375,967.5093383789062
57.7890625,967.5188598632812
57.8046875,967.5120849609375
57.8203125,967.5182495117188
57.8359375,967.51513671875
57.8515625,967.5081787109375
57.8671875,967.5108642578125
57.8828125,967.5210571289062
57.8984375,967.5298461914062
57.9140625,967.51318359375
57.9296875,967.5200805664062
57.9453125,967.5240478515625
57.9609375,967.5173950195312
57.9765625,967.5095825195312
57.9921875,967.5263671875
58.0078125,967.5120849609375
58.0234375,967.5184326171875
58.0390625,967.5037841796875
58.0546875,967.5045776367188
58.0703125,967.5025634765625
58.0859375,967.5296020507812
58.1015625,967.5089721679688
58.1171875,967.52490234375
58.1328125,967.528564453125
58.1484375,967.5234375
58.1640625,967.5067138671875
58.1796875,967.5215454101562
58.1953125,967.5192260742188
58.2109375,967.5084838867188
58.2265625,967.5137939453125
58.2421875,967.5131225585938
58.2578125,967.524658203125
58.2734375,967.5034790039062
58.2890625,967.5022583007812
58.3046875,967.5374145507812
58.3203125,967.5042724609375
58.3359375,967.5186767578125
58.3515625,967.5130004882812
58.3671875,967.5147705078125
58.3828125,967.5055541992188
58.3984375,967.5137329101562
58.4140625,967.5245361328125
58.4296875,967.5110473632812
58.4453125,967.5015258789062
58.4609375,967.524658203125
58.4765625,967.5040893554688
58.4921875,967.5402221679688
58.5078125,967.5084228515625
58.5234375,967.5258178710938
58.5390625,967.5145263671875
58.5546875,967.5279541015625
58.5703125,967.5092163085938
58.5859375,967.522216796875
58.6015625,967.503173828125
58.6171875,967.4951171875
58.6328125,967.5241088867188
58.6484375,967.5194091796875
58.6640625,967.50732421875
58.6796875,967.5272216796875
58.6953125,967.5115356445312
58.7109375,967.5114135742188
58.7265625,967.5260620117188
58.7421875,967.5055541992188
58.7578125,967.51171875
58.7734375,967.5062866210938
58.7890625,967.510986328125
58.8046875,967.5166015625
58.8203125,967.5082397460938
58.8359375,967.4931030273438
58.8515625,967.4970092773438
58.8671875,967.5115356445312
58.8828125,967.4932861328125
58.8984375,967.525390625
58.9140625,967.5094604492188
58.9296875,967.5142211914062
58.9453125,967.49365234375
58.9609375,967.5054321289062
58.9765625,967.5166015625
58.9921875,967.489013671875
59.0078125,967.522216796875
59.0234375,967.4994506835938
59.0390625,967.5094604492188
59.0546875,967.5142211914062
59.0703125,967.4944458007812
59.0859375,967.51953125
59.1015625,967.5101318359375
59.1171875,967.5050659179688
59.1328125,967.5048828125
59.1484375,967.5062866210938
59.1640625,967.5055541992188
59.1796875,967.504638671875
59.1953125,967.5025634765625
59.2109375,967.5128784179688
59.2265625,967.507080078125
59.2421875,967.5159301757812
59.2578125,967.5036010742188
59.2734375,967.5098266601562
59.2890625,967.5050659179688
59.3046875,967.5098266601562
59.3203125,967.5059814453125
59.3359375,967.5069580078125
59.3515625,967.5114135742188
59.3671875,967.5089111328125
59.3828125,967.5154418945312
59.3984375,967.5078735351562
59.4140625,967.5078125
59.4296875,967.5061645507812
59.4453125,967.5123901367188
59.4609375,967.5109252929688
59.4765625,967.521484375
59.4921875,967.5150756835938
59.5078125,967.5146484375
59.5234375,967.512939453125
59.5390625,967.4985961914062
59.5546875,967.5178833007812
59.5703125,967.4954223632812
59.5859375,967.5101318359375
59.6015625,967.5010986328125
59.6171875,967.495849609375
59.6328125,967.5092163085938
59.6484375,967.5115966796875
59.6640625,967.5010986328125
59.6796875,967.513427734375
59.6953125,967.5026245117188
59.7109375,967.5042724609375
59.7265625,967.5115356445312
59.7421875,967.503173828125
59.7578125,967.501220703125
59.7734375,967.5073852539062
59.7890625,967.51123046875
59.8046875,967.5032348632812
59.8203125,967.5087280273438
59.8359375,967.5056762695312
59.8515625,967.5028686523438
59.8671875,967.5108642578125
59.8828125,967.498779296875
59.8984375,967.4984130859375
59.9140625,967.5032348632812
59.9296875,967.4952392578125
59.9453125,967.5006713867188
59.9609375,967.505859375
59.9765625,967.5036010742188
59.9921875,967.5111694335938
60.0078125,967.509765625
60.0234375,967.4946899414062
60.0390625,967.5081176757812
60.0546875,967.5020141601562
60.0703125,967.5022583007812
60.0859375,967.48828125
60.1015625,967.5079956054688
60.1171875,967.4883422851562
60.1328125,967.5043334960938
60.1484375,967.5109252929688
60.1640625,967.4963989257812
60.1796875,967.5072631835938
60.1953125,967.491455078125
60.2109375,967.5067138671875
60.2265625,967.5096435546875
60.2421875,967.5257568359375
60.2578125,967.5040893554688
60.2734375,967.5067138671875
60.2890625,967.4906616210938
60.3046875,967.4857788085938
60.3203125,967.4994506835938
60.3359375,967.4962158203125
60.3515625,967.4970092773438
60.3671875,967.4974975585938
60.3828125,967.4945068359375
60.3984375,967.524169921875
60.4140625,967.4973754882812
60.4296875,967.486328125
60.4453125,967.4862060546875
60.4609375,967.4924926757812
60.4765625,967.4846801757812
60.4921875,967.50537109375
60.5078125,967.4886474609375
60.5234375,967.4927978515625
60.5390625,967.4950561523438
60.5546875,967.4880981445312
60.5703125,967.4857788085938
60.5859375,967.4878540039062
60.6015625,967.5003051757812
60.6171875,967.4905395507812
60.6328125,967.4828491210938
60.6484375,967.4955444335938
60.6640625,967.4861450195312
60.6796875,967.4827270507812
60.6953125,967.4876098632812
60.7109375,967.494873046875
60.7265625,967.4852294921875
60.7421875,967.4863891601562
60.7578125,967.4931640625
60.7734375,967.4827270507812
60.7890625,967.4774780273438
60.8046875,967.4848022460938
60.8203125,967.4923095703125
60.8359375,967.4922485351562
60.8515625,967.4732055664062
60.8671875,967.4771728515625
60.8828125,967.486328125
60.8984375,967.4817504882812
60.9140625,967.477783203125
60.9296875,967.4872436523438
60.9453125,967.4874267578125
60.9609375,967.47998046875
60.9765625,967.4782104492188
60.9921875,967.4886474609375
61.0078125,967.4901123046875
61.0234375,967.486083984375
61.0390625,967.4865112304688
61.0546875,967.4671630859375
61.0703125,967.4817504882812
61.0859375,967.4691772460938
61.1015625,967.4887084960938
61.1171875,967.4732055664062
61.1328125,967.4911499023438
61.1484375,967.4923095703125
61.1640625,967.4928588867188
61.1796875,967.488037109375
61.1953125,967.472412109375
61.2109375,967.4921875
61.2265625,967.4738159179688
61.2421875,967.4829711914062
61.2578125,967.4891967773438
61.2734375,967.4815673828125
61.2890625,967.4797973632812
61.3046875,967.486328125
61.3203125,967.4786987304688
61.3359375,967.481689453125
61.3515625,967.4860229492188
61.3671875,967.4880981445312
61.3828125,967.4688720703125
61.3984375,967.4694213867188
61.4140625,967.4716796875
61.4296875,967.4855346679688
61.4453125,967.4652099609375
61.4609375,967.4739379882812
61.4765625,967.4758911132812
61.4921875,967.4827270507812
61.5078125,967.4671630859375
61.5234375,967.4746704101562
61.5390625,967.4786987304688
61.5546875,967.4791259765625
61.5703125,967.4658203125
61.5859375,967.4794921875
61.6015625,967.4771118164062
61.6171875,967.476318359375
61.6328125,967.4827880859375
61.6484375,967.4910888671875
61.6640625,967.4728393554688
61.6796875,967.4771118164062
61.6953125,967.4768676757812
61.7109375,967.4746704101562
61.7265625,967.4708862304688
61.7421875,967.480224609375
61.7578125,967.4727783203125
61.7734375,967.4679565429688
61.7890625,967.4861450195312
61.8046875,967.4752807617188
61.8203125,967.4819946289062
61.8359375,967.4757080078125
61.8515625,967.4749145507812
61.8671875,967.4634399414062
61.8828125,967.4733276367188
61.8984375,967.471435546875
61.9140625,967.4847412109375
61.9296875,967.47216796875
61.9453125,967.468505859375
61.9609375,967.4813842773438
61.9765625,967.4815673828125
61.9921875,967.4788818359375
62.0078125,967.4676513671875
62.0234375,967.4623413085938
62.0390625,967.4774169921875
62.0546875,967.4686279296875
62.0703125,967.4794311523438
62.0859375,967.473876953125
62.1015625,967.4724731445312
62.1171875,967.4586791992188
62.1328125,967.4614868164062
62.1484375,967.4660034179688
62.1640625,967.474365234375
62.1796875,967.4735717773438
62.1953125,967.4719848632812
62.2109375,967.4780883789062
62.2265625,967.470703125
62.2421875,967.4649047851562
62.2578125,967.4684448242188
62.2734375,967.4697265625
62.2890625,967.4613647460938
62.3046875,967.4689331054688
62.3203125,967.4627685546875
62.3359375,967.4498901367188
62.3515625,967.4638671875
62.3671875,967.4564819335938
62.3828125,967.4573974609375
62.3984375,967.4660034179688
62.4140625,967.4478759765625
62.4296875,967.466552734375
62.4453125,967.4517822265625
62.4609375,967.4517822265625
62.4765625,967.4624633789062
62.4921875,967.468017578125
62.5078125,967.4585571289062
62.5234375,967.458984375
62.5390625,967.4573364257812
62.5546875,967.4755249023438
62.5703125,967.4680786132812
62.5859375,967.4456176757812
62.6015625,967.4736328125
62.6171875,967.4708251953125
62.6328125,967.489013671875
62.6484375,967.4750366210938
62.6640625,967.5001220703125
62.6796875,967.4967041015625
62.6953125,967.4884033203125
62.7109375,967.4853515625
62.7265625,967.4838256835938
62.7421875,967.4755859375
62.7578125,967.4957885742188
62.7734375,967.5084228515625
62.7890625,967.505126953125
62.8046875,967.4998168945312
62.8203125,967.4887084960938
62.8359375,967.487548828125
62.8515625,967.489990234375
62.8671875,967.4959106445312
62.8828125,967.4764404296875
62.8984375,967.5017700195312
62.9140625,967.5087280273438
62.9296875,967.4996948242188
62.9453125,967.5060424804688
62.9609375,967.5137329101562
62.9765625,967.4871826171875
62.9921875,967.5165405273438
63.0078125,967.5185546875
63.0234375,967.497802734375
63.0390625,967.5178833007812
63.0546875,967.4959106445312
63.0703125,967.5226440429688
63.0859375,967.524169921875
63.1015625,967.514404296875
63.1171875,967.5192260742188
63.1328125,967.4996948242188
63.1484375,967.5042724609375
63.1640625,967.5209350585938
63.1796875,967.5126953125
63.1953125,967.5055541992188
63.2109375,967.5255126953125
63.2265625,967.5040283203125
63.2421875,967.5159912109375
63.2578125,967.531982421875
63.2734375,967.51904296875
63.2890625,967.5226440429688
63.3046875,967.538818359375
63.3203125,967.5173950195312
63.3359375,967.5258178710938
63.3515625,967.5352783203125
63.3671875,967.5170288085938
63.3828125,967.5341186523438
63.3984375,967.5101318359375
63.4140625,967.5286254882812
63.4296875,967.524169921875
63.4453125,967.5298461914062
63.4609375,967.5161743164062
63.4765625,967.5364379882812
63.4921875,967.5151977539062
63.5078125,967.5347290039062
63.5234375,967.5380859375
63.5390625,967.5326538085938
63.5546875,967.5470581054688
63.5703125,967.539794921875
63.5859375,967.5311279296875
63.6015625,967.5494384765625
63.6171875,967.5422973632812
63.6328125,967.5513305664062
63.6484375,967.5377197265625
63.6640625,967.555908203125
63.6796875,967.543701171875
63.6953125,967.5648193359375
63.7109375,967.5377197265625
63.7265625,967.5534057617188
63.7421875,967.552001953125
63.7578125,967.5296630859375
63.7734375,967.5438842773438
63.7890625,967.5524291992188
63.8046875,967.5479736328125
63.8203125,967.552490234375
63.8359375,967.530029296875
63.8515625,967.5254516601562
63.8671875,967.5294189453125
63.8828125,967.53125
63.8984375,967.5377197265625
63.9140625,967.5263671875
63.9296875,967.5296020507812
63.9453125,967.5284423828125
63.9609375,967.5355224609375
63.9765625,967.5218505859375
63.9921875,967.5285034179688
64.0078125,967.536865234375
64.0234375,967.517333984375
64.0390625,967.5169067382812
64.0546875,967.5128784179688
64.0703125,967.512451171875
64.0859375,967.5276489257812
64.1015625,967.5294189453125
64.1171875,967.5338745117188
64.1328125,967.5232543945312
64.1484375,967.5121459960938
64.1640625,967.5286254882812
64.1796875,967.5263671875
64.1953125,967.5234375
64.2109375,967.514892578125
64.2265625,967.532958984375
64.2421875,967.514892578125
64.2578125,967.517578125
64.2734375,967.5140380859375
64.2890625,967.5147705078125
64.3046875,967.5133666992188
64.3203125,967.5304565429688
64.3359375,967.5232543945312
64.3515625,967.527099609375
64.3671875,967.5180053710938
64.3828125,967.5208129882812
64.3984375,967.5302124023438
64.4140625,967.5204467773438
64.4296875,967.5267944335938
64.4453125,967.515625
64.4609375,967.5276489257812
64.4765625,967.515380859375
64.4921875,967.5185546875
64.5078125,967.5313110351562
64.5234375,967.5399780273438
64.5390625,967.5352172851562
64.5546875,967.5135498046875
64.5703125,967.5336303710938
64.5859375,967.5123291015625
64.6015625,967.5245361328125
64.6171875,967.5048217773438
64.6328125,967.521240234375
64.6484375,967.5247192382812
64.6640625,967.5153198242188
64.6796875,967.5332641601562
64.6953125,967.5341796875
64.7109375,967.5323486328125
64.7265625,967.5180053710938
64.7421875,967.5228881835938
64.7578125,967.4963989257812
64.7734375,967.4909057617188
64.7890625,967.5192260742188
64.8046875,967.5285034179688
64.8203125,967.521240234375
64.8359375,967.503173828125
64.8515625,967.5267944335938
64.8671875,967.5343017578125
64.8828125,967.4913330078125
64.8984375,967.5210571289062
64.9140625,967.5203857421875
64.9296875,967.510986328125
64.9453125,967.5347290039062
64.9609375,967.5280151367188
64.9765625,967.5184326171875
64.9921875,967.5298461914062
65.0078125,967.5302734375
65.0234375,967.542724609375
65.0390625,967.5358276367188
65.0546875,967.5526123046875
65.0703125,967.5313720703125
65.0859375,967.512939453125
65.1015625,967.53857421875
65.1171875,967.5344848632812
65.1328125,967.5263061523438
65.1484375,967.5098876953125
65.1640625,967.5195922851562
65.1796875,967.5278930664062
65.1953125,967.5126953125
65.2109375,967.5188598632812
65.2265625,967.5023803710938
65.2421875,967.516357421875
65.2578125,967.5209350585938
65.2734375,967.5305786132812
65.2890625,967.5254516601562
65.3046875,967.5252075195312
65.3203125,967.5318603515625
65.3359375,967.521484375
65.3515625,967.516845703125
65.3671875,967.5362548828125
65.3828125,967.5193481445312
65.3984375,967.5165405273438
65.4140625,967.5354614257812
65.4296875,967.5106201171875
65.4453125,967.53076171875
65.4609375,967.5211791992188
65.4765625,967.5126342773438
65.4921875,967.515380859375
65.5078125,967.5225830078125
65.5234375,967.531982421875
65.5390625,967.5260009765625
65.5546875,967.520751953125
65.5703125,967.5353393554688
65.5859375,967.52880859375
65.6015625,967.5108642578125
65.6171875,967.5263671875
65.6328125,967.5234985351562
65.6484375,967.5202026367188
65.6640625,967.5174560546875
65.6796875,967.5397338867188
65.6953125,967.53515625
65.7109375,967.509521484375
65.7265625,967.530517578125
65.7421875,967.5110473632812
65.7578125,967.5050048828125
65.7734375,967.5151977539062
65.7890625,967.5137939453125
65.8046875,967.5096435546875
65.8203125,967.5403442382812
65.8359375,967.5084228515625
65.8515625,967.5120239257812
65.8671875,967.5240478515625
65.8828125,967.5122680664062
65.8984375,967.5060424804688
65.9140625,967.5115966796875
65.9296875,967.5179443359375
65.9453125,967.5224609375
65.9609375,967.5201416015625
65.9765625,967.5219116210938
65.9921875,967.515625
66.0078125,967.5110473632812
66.0234375,967.5291137695312
66.0390625,967.5123291015625
66.0546875,967.509765625
66.0703125,967.5220947265625
66.0859375,967.5250854492188
66.1015625,967.5093383789062
66.1171875,967.5167846679688
66.1328125,967.5003662109375
66.1484375,967.5154418945312
66.1640625,967.516357421875
66.1796875,967.53466796875
66.1953125,967.5245971679688
66.2109375,967.5138549804688
66.2265625,967.5284423828125
66.2421875,967.51123046875
66.2578125,967.5257568359375
66.2734375,967.5315551757812
66.2890625,967.5213623046875
66.3046875,967.5194091796875
66.3203125,967.5185546875
66.3359375,967.5274658203125
66.3515625,967.5115356445312
66.3671875,967.5155029296875
66.3828125,967.5232543945312
66.3984375,967.5211791992188
66.4140625,967.5265502929688
66.4296875,967.5230102539062
66.4453125,967.5220947265625
66.4609375,967.5232543945312
66.4765625,967.5118408203125
66.4921875,967.5256958007812
66.5078125,967.5332641601562
66.5234375,967.5191040039062
66.5390625,967.51318359375
66.5546875,967.514404296875
66.5703125,967.4913940429688
66.5859375,967.514404296875
66.6015625,967.511474609375
66.6171875,967.5316162109375
66.6328125,967.5157470703125
66.6484375,967.5103759765625
66.6640625,967.5167846679688
66.6796875,967.5101928710938
66.6953125,967.5123291015625
66.7109375,967.5110473632812
66.7265625,967.5193481445312
66.7421875,967.51318359375
66.7578125,967.5217895507812
66.7734375,967.510986328125
66.7890625,967.513671875
66.8046875,967.5132446289062
66.8203125,967.4956665039062
66.8359375,967.4984130859375
66.8515625,967.5206909179688
66.8671875,967.5042114257812
66.8828125,967.500732421875
66.8984375,967.5045776367188
66.9140625,967.5114135742188
66.9296875,967.51171875
66.9453125,967.5106811523438
66.9609375,967.4954223632812
66.9765625,967.5166015625
66.9921875,967.5139770507812
67.0078125,967.5017700195312
67.0234375,967.5150756835938
67.0390625,967.5119018554688
67.0546875,967.5108642578125
67.0703125,967.505615234375
67.0859375,967.5145263671875
67.1015625,967.5054321289062
67.1171875,967.5117797851562
67.1328125,967.5045776367188
67.1484375,967.5009765625
67.1640625,967.5064086914062
67.1796875,967.5107421875
67.1953125,967.5040283203125
67.2109375,967.5012817382812
67.2265625,967.5059204101562
67.2421875,967.5040893554688
67.2578125,967.5106201171875
67.2734375,967.5050048828125
67.2890625,967.5106811523438
67.3046875,967.5082397460938
67.3203125,967.498046875
67.3359375,967.4878540039062
67.3515625,967.5079345703125
67.3671875,967.5011596679688
67.3828125,967.49609375
67.3984375,967.4955444335938
67.4140625,967.5033569335938
67.4296875,967.5267944335938
67.4453125,967.4947509765625
67.4609375,967.5115966796875
67.4765625,967.5137939453125
67.4921875,967.4952392578125
67.5078125,967.5192260742188
67.5234375,967.5176391601562
67.5390625,967.5081176757812
67.5546875,967.4986572265625
67.5703125,967.5069580078125
67.5859375,967.5053100585938
67.6015625,967.4931030273438
67.6171875,967.5094604492188
67.6328125,967.5240478515625
67.6484375,967.5014038085938
67.6640625,967.505126953125
67.6796875,967.4811401367188
67.6953125,967.5009155273438
67.7109375,967.4921875
67.7265625,967.5078125
67.7421875,967.4976196289062
67.7578125,967.5232543945312
67.7734375,967.4985961914062
67.7890625,967.4957885742188
67.8046875,967.51904296875
67.8203125,967.4991455078125
67.8359375,967.49951171875
67.8515625,967.5017700195312
67.8671875,967.4865112304688
67.8828125,967.4970703125
67.8984375,967.5132446289062
67.9140625,967.5120849609375
67.9296875,967.48828125
67.9453125,967.4874877929688
67.9609375,967.5200805664062
67.9765625,967.5095825195312
67.9921875,967.51171875
68.0078125,967.5008544921875
68.0234375,967.4916381835938
68.0390625,967.5001220703125
68.0546875,967.5023193359375
68.0703125,967.5100708007812
68.0859375,967.4813232421875
68.1015625,967.50341796875
68.1171875,967.5025024414062
68.1328125,967.4794311523438
68.1484375,967.49755859375
68.1640625,967.49951171875
68.1796875,967.5042724609375
68.1953125,967.4691772460938
68.2109375,967.49560546875
68.2265625,967.5023193359375
68.2421875,967.4969482421875
68.2578125,967.4751586914062
68.2734375,967.503173828125
68.2890625,967.5005493164062
68.3046875,967.50146484375
68.3203125,967.4987182617188
68.3359375,967.4852905273438
68.3515625,967.4817504882812
68.3671875,967.4849853515625
68.3828125,967.5016479492188
68.3984375,967.4895629882812
68.4140625,967.4846801757812
68.4296875,967.4827880859375
68.4453125,967.4816284179688
68.4609375,967.501708984375
68.4765625,967.4998168945312
68.4921875,967.4974975585938
68.5078125,967.4863891601562
68.5234375,967.4871826171875
68.5390625,967.4925537109375
68.5546875,967.5000610351562
68.5703125,967.4995727539062
68.5859375,967.5061645507812
68.6015625,967.4915161132812
68.6171875,967.49755859375
68.6328125,967.5006103515625
68.6484375,967.4932861328125
68.6640625,967.4948120117188
68.6796875,967.4846801757812
68.6953125,967.4959716796875
68.7109375,967.4945068359375
68.7265625,967.4853515625
68.7421875,967.4815673828125
68.7578125,967.490234375
68.7734375,967.5081176757812
68.7890625,967.4928588867188
68.8046875,967.482421875
68.8203125,967.4956665039062
68.8359375,967.5040893554688
68.8515625,967.5045166015625
68.8671875,967.4986572265625
68.8828125,967.4978637695312
68.8984375,967.4915161132812
68.9140625,967.4874877929688
68.9296875,967.4977416992188
68.9453125,967.4981079101562
68.9609375,967.4910888671875
68.9765625,967.4853515625
68.9921875,967.4899291992188
69.0078125,967.4888305664062
69.0234375,967.4869995117188
69.0390625,967.4808349609375
69.0546875,967.4840698242188
69.0703125,967.4862060546875
69.0859375,967.4943237304688
69.1015625,967.4971923828125
69.1171875,967.4877319335938
69.1328125,967.4871826171875
69.1484375,967.4801635742188
69.1640625,967.4685668945312
69.1796875,967.48828125
69.1953125,967.48388671875
69.2109375,967.5054321289062
69.2265625,967.4799194335938
69.2421875,967.4967041015625
69.2578125,967.4852294921875
69.2734375,967.484130859375
69.2890625,967.4841918945312
69.3046875,967.484130859375
69.3203125,967.4879760742188
69.3359375,967.4928588867188
69.3515625,967.4757690429688
69.3671875,967.4808349609375
69.3828125,967.4803466796875
69.3984375,967.4852294921875
69.4140625,967.4849853515625
69.4296875,967.4867553710938
69.4453125,967.4841918945312
69.4609375,967.4846801757812
69.4765625,967.478515625
69.4921875,967.4854736328125
69.5078125,967.49365234375
69.5234375,967.4828491210938
69.5390625,967.4903564453125
69.5546875,967.4886474609375
69.5703125,967.4838256835938
69.5859375,967.4857788085938
69.6015625,967.4750366210938
69.6171875,967.4796142578125
69.6328125,967.4833984375
69.6484375,967.4869384765625
69.6640625,967.4934692382812
69.6796875,967.4769287109375
69.6953125,967.4786987304688
69.7109375,967.4904174804688
69.7265625,967.4727172851562
69.7421875,967.4701538085938
69.7578125,967.4805908203125
69.7734375,967.4762573242188
69.7890625,967.4767456054688
69.8046875,967.4830932617188
69.8203125,967.4826049804688
