Time (seconds),X,Y,Z
0.0,0.45374812822785193,-0.8307306787275005,0.29826116187391133
0.03,0.4659719463374385,-0.8353757296091434,0.31366317269199034
0.05,0.513644836964826,-0.8233963878617486,0.3356660452892461
0.07,0.557161629434954,-0.7965039880206582,0.34226690706842283
0.09,0.5596063930568713,-0.7688781590929927,0.3388442379977386
0.11,0.5351587568376982,-0.7436970937872445,0.3285762307856859
0.13,0.5058215933746906,-0.7248724138984812,0.3205085108333588
0.15,0.48626348439935213,-0.7300064175045076,0.31048497998349783
0.17,0.4676832808727806,-0.7278061302447819,0.2923937291813098
0.19,0.4554594627631941,-0.724138984811906,0.27405800201693
0.21,0.450080982794976,-0.739540995629985,0.25621122757693365
0.23,0.4491030773462091,-0.7556764355346393,0.24643217308926443
0.25,0.45594841548757753,-0.787702838981756,0.2415426458454298
0.27,0.46230480090456255,-0.8527335513247563,0.23445283134186962
0.29,0.4525257464168933,-0.901139871038719,0.20976071876050484
0.31,0.44543593191333314,-0.9265654127066589,0.18971365706078294
0.33,0.44250221556703234,-0.9551691470830914,0.1677107844635272
0.35,0.43932402285853983,-0.9761941142315802,0.15622039544051583
0.37,0.4376126883231977,-0.988173455978975,0.1454634355040797
0.39,0.41781010298566756,-0.9832839287351404,0.1271277083396999
0.41,0.3828499831922501,-0.9316994163126853,0.10463588301806069
0.43,0.3525349142804755,-0.8815817620633805,0.0838553922317636
0.45,0.33859976163554684,-0.8471105949943465,0.07578767227943647
0.47,0.3349326162026709,-0.8324420132628426,0.07407633774409436
0.49,0.34177795434403935,-0.8209516242398313,0.07407633774409436
0.516,0.34031109617088895,-0.8013935152644929,0.07383186138190263
0.536,0.3300430889588363,-0.7862359808086056,0.06698652324053418
0.556,0.3200195581089753,-0.7610549155028573,0.061119090547932645
0.576,0.3060844054640467,-0.7282950829691655,0.05500718149313938
0.596,0.30339516547993767,-0.6938239159001314,0.058185374201631876
0.616,0.31366317269199034,-0.6686428505943831,0.059896708736973996
0.636,0.323931179904043,-0.6789108578064358,0.05402927604437246
0.656,0.3368884271002047,-0.6955352504354735,0.045717079729853616
0.676,0.35766891788650185,-0.72047183937903,0.04449469791889497
0.696,0.380160743208141,-0.764966537297925,0.047428414265195735
0.716,0.40974238303334043,-0.8177734315313387,0.053295846957797266
0.736,0.4366347828744308,-0.8881826238425572,0.05085108333587996
0.756,0.44592488463771657,-0.9554136234452831,0.04693946154081227
0.776,0.46254927726675427,-1.0358463466063625,0.04425022155670324
0.796,0.4772178589982581,-1.1187238333893592,0.03569354887999267
0.816,0.478195764447025,-1.1583290040644194,0.011979341747394798
0.836,0.4513033646059347,-1.1084558261773065,-0.02884821073862421
0.856,0.456437368211961,-1.0720288482107385,-0.057451945115056684
0.876,0.5393148549949577,-1.0739846591082725,-0.052317941509030345
0.896,0.588943556519879,-1.025333863032118,-0.02884821073862421
0.916,0.6036121382513828,-0.8972282492436512,0.001711334535342114
0.926,0.6104574763927513,-0.7969929407450417,0.02542554166793998
0.95,0.6253705344864469,-0.7312287993154661,0.05427375240656419
0.97,0.6527518870519207,-0.6989579195061577,0.07872138862573724
0.99,0.6683983742321914,-0.7160712648595788,0.08776701402683128
1.01,0.6126577636524768,-0.7378296610946429,0.09216758854628243
1.03,0.5520276258289276,-0.7774348317697033,0.10170216667175992
1.05,0.5256241787122208,-0.8079943770436696,0.10585826482901935
1.07,0.48724138984811904,-0.8226629587751734,0.10585826482901935
1.09,0.47061699721908135,-0.8155731442716132,0.1014576903095682
1.11,0.4816184335177092,-0.8009045625401093,0.1127036029703878
1.13,0.5143782660514011,-0.7874583626195643,0.13617333374079393
1.15,0.5302692295938636,-0.7940592243987409,0.1486416282125722
1.17,0.5229349387281117,-0.792103413501207,0.14032943189805336
1.19,0.5200012223818109,-0.7808575008403875,0.14570791186627144
1.21,0.5229349387281117,-0.7955260825718913,0.15524248999174892
1.23,0.5246462732634538,-0.8165510497203802,0.15842068270024143
1.25,0.5224459860037283,-0.8292638205543501,0.15377563181859855
1.27,0.5082663569966078,-0.8456437368211961,0.15035296274791432
1.29,0.49115301164318675,-0.8637349876233842,0.14155181370901201
1.31,0.47110594994346483,-0.8649573694343428,0.13079485377257585
1.33,0.45986003728264524,-0.8546893622222901,0.1254163738043578
1.35,0.456437368211961,-0.8564006967576322,0.12590532652874126
1.37,0.4403019283073068,-0.8568896494820157,0.11930446474956452
1.4,0.4510588882437429,-0.8317085841762675,0.11881551202518106
1.42,0.4412798337560737,-0.8160620969959966,0.11221465024600434
1.44,0.4253888702136112,-0.8053051370595605,0.10732512300216973
1.46,0.4224551538673105,-0.7960150352962748,0.10292454848271858
1.48,0.41927696115881796,-0.7906365553280567,0.10341350120710203
1.5,0.41365400482840814,-0.7811019772025792,0.0982794976010757
1.52,0.40558628487608106,-0.7747455917855942,0.09241206490847416
1.54,0.40558628487608106,-0.7779237844940867,0.08996730128655686
1.56,0.4094979066711487,-0.7725453045258687,0.08923387219998166
1.58,0.4202548666075849,-0.7769458790453198,0.09094520673532377
1.6,0.4278336338355285,-0.7886807444305228,0.09021177764874859
1.62,0.4285670629221037,-0.7886807444305228,0.08972282492436512
1.64,0.4376126883231977,-0.7938147480365492,0.0951013048925832
1.66,0.44543593191333314,-0.793081318949974,0.09974635577422608
1.68,0.4486141246218256,-0.7903920789658649,0.10219111939614338
1.7,0.4547260336766189,-0.793081318949974,0.11074779207285396
1.72,0.46083794273141215,-0.7974818934694251,0.11490389023011337
1.74,0.46474956452647986,-0.795770558934083,0.11783760657641414
1.76,0.47135042630565654,-0.7991932280047672,0.12223818109586529
1.78,0.4796626226201754,-0.7979708461938086,0.1254163738043578
1.8,0.48650796076154385,-0.7991932280047672,0.13226171194572625
1.82,0.494575680713871,-0.8077499006814779,0.13299514103230142
1.85,0.5021544479418146,-0.8048161843351771,0.13690676282736913
1.87,0.5092442624453748,-0.808483329768053,0.14399657733092933
1.89,0.5109555969807169,-0.8167955260825719,0.1486416282125722
1.91,0.5116890260672922,-0.8182623842557223,0.14693029367723007
1.93,0.5121779787916756,-0.812150475200929,0.14913058093695566
1.95,0.5151116951379764,-0.8048161843351771,0.1486416282125722
1.97,0.5134003606026343,-0.7989487516425755,0.14766372276380527
1.99,0.5173119823977019,-0.8053051370595605,0.14815267548818872
2.01,0.5170675060355102,-0.805794089783944,0.14913058093695566
2.03,0.5124224551538673,-0.799437704366959,0.14913058093695566
2.05,0.5112000733429086,-0.7955260825718913,0.1525532500076399
2.07,0.5104666442563335,-0.7989487516425755,0.14815267548818872
2.09,0.4943312043516792,-0.8055496134217522,0.14595238822846315
2.11,0.4838187207774348,-0.817528955169147,0.14155181370901201
2.13,0.4813739571555175,-0.8209516242398313,0.14130733734682027
2.15,0.478195764447025,-0.8180179078935306,0.1373957155517526
2.17,0.47623995354949117,-0.817528955169147,0.13421752284326008
2.19,0.47379518992757386,-0.8192402897044891,0.13006142468600068
2.21,0.47037252085688963,-0.8136173333740794,0.12688323197750817
2.23,0.4684167099593558,-0.8104391406655869,0.1317727592213428
2.25,0.46083794273141215,-0.80946123521682,0.12614980289093297
2.27,0.4535036518656602,-0.8119059988387373,0.12419399199339913
2.3,0.4525257464168933,-0.8111725697521621,0.1254163738043578
2.32,0.4503254591571677,-0.8045717079729854,0.12370503926901567
2.34,0.44665831372429177,-0.8016379916266846,0.12223818109586529
2.36,0.44592488463771657,-0.8009045625401093,0.12101579928490663
2.38,0.44494697918894965,-0.8038382788864101,0.1215047520092901
2.4,0.44421355010237445,-0.8013935152644929,0.11930446474956452
2.42,0.44543593191333314,-0.7984597989181921,0.12174922837148183
2.44,0.4444580264645662,-0.7977263698316169,0.12003789383613972
2.46,0.4429911682914158,-0.8001711334535342,0.12052684656052318
2.48,0.45790422638511136,-0.8011490389023012,0.1246829447177826
2.5,0.46034899000702867,-0.7974818934694251,0.12492742107997433
2.52,0.4645050881642881,-0.7952816062096996,0.1271277083396999
2.54,0.4662164226996302,-0.8013935152644929,0.12835009015065857
2.56,0.4679277572349723,-0.8001711334535342,0.1246829447177826
2.58,0.4698835681325062,-0.7960150352962748,0.12590532652874126
2.6,0.47599547718729945,-0.7955260825718913,0.12786113742627508
2.62,0.47917366989579196,-0.7969929407450417,0.12810561378846683
2.64,0.47917366989579196,-0.792103413501207,0.12810561378846683
2.66,0.4799070989823671,-0.7999266570913425,0.12761666106408337
2.68,0.4821073862420927,-0.7979708461938086,0.12810561378846683
2.7,0.4830852916908596,-0.7938147480365492,0.12737218470189163
2.72,0.48821929529688596,-0.7974818934694251,0.1254163738043578
2.75,0.4923753934541454,-0.7984597989181921,0.12688323197750817
2.77,0.4933532989029123,-0.8035938025242184,0.12566085016654951
2.79,0.4975093970601717,-0.8001711334535342,0.12346056290682395
2.81,0.4987317788711304,-0.8009045625401093,0.12028237019833145
2.83,0.500932066130856,-0.8048161843351771,0.12614980289093297
2.85,0.4970204443357883,-0.7962595116584665,0.12810561378846683
2.87,0.49286434617852887,-0.7908810316902485,0.12639427925312471
2.89,0.49139748800537847,-0.7943037007609327,0.12786113742627508
2.91,0.4852855789505852,-0.799437704366959,0.12737218470189163
2.93,0.4830852916908596,-0.799437704366959,0.12370503926901567
2.95,0.4843076735018183,-0.7989487516425755,0.12614980289093297
2.97,0.4860190080371604,-0.8023714207132597,0.12614980289093297
2.99,0.48699691348592733,-0.8026158970754514,0.12321608654463222
3.01,0.48406319713962653,-0.8018824679888763,0.1207713229227149
3.03,0.4801515753445589,-0.805794089783944,0.12223818109586529
3.05,0.47428414265195734,-0.8048161843351771,0.12101579928490663
3.07,0.47477309537634077,-0.8070164715949026,0.12101579928490663
3.09,0.47355071356538214,-0.8092167588546282,0.12248265745805702
3.11,0.47110594994346483,-0.8062830425083275,0.12028237019833145
3.13,0.4681722335971641,-0.8060385661461358,0.12101579928490663
3.15,0.4679277572349723,-0.8087278061302448,0.12126027564709838
3.17,0.4669498517862054,-0.8053051370595605,0.11881551202518106
3.2,0.4676832808727806,-0.8043272316107937,0.1215047520092901
3.22,0.4637716590777129,-0.8045717079729854,0.11954894111175625
3.24,0.46401613543990466,-0.8004156098157259,0.11881551202518106
3.26,0.4652385172508633,-0.8033493261620267,0.1183265593007976
3.28,0.46963909177031443,-0.8062830425083275,0.11783760657641414
3.3,0.47183937903004003,-0.8033493261620267,0.1183265593007976
3.32,0.4708614735812731,-0.802126944351068,0.11979341747394799
3.34,0.47183937903004003,-0.8011490389023012,0.11881551202518106
3.36,0.47403966628976557,-0.8023714207132597,0.11954894111175625
3.38,0.4772178589982581,-0.8040827552486018,0.12248265745805702
3.4,0.47770681172264157,-0.8040827552486018,0.12321608654463222
3.42,0.47770681172264157,-0.8050606606973688,0.1254163738043578
3.44,0.4794181462579837,-0.8055496134217522,0.12492742107997433
3.46,0.4823518626042844,-0.8053051370595605,0.12835009015065857
3.48,0.4830852916908596,-0.8023714207132597,0.12981694832380894
3.5,0.47672890627387465,-0.7984597989181921,0.13079485377257585
3.52,0.47428414265195734,-0.7979708461938086,0.12981694832380894
3.54,0.4786847171714085,-0.8035938025242184,0.1312838064969593
3.56,0.47746233536044985,-0.805794089783944,0.13079485377257585
3.58,0.47746233536044985,-0.8023714207132597,0.13323961739449316
3.6,0.47428414265195734,-0.8009045625401093,0.12932799559942548
3.61,0.47281728447880694,-0.8026158970754514,0.12614980289093297
3.63,0.4786847171714085,-0.8050606606973688,0.12639427925312471
3.65,0.4786847171714085,-0.8028603734376433,0.1320172355835345
3.67,0.4698835681325062,-0.7952816062096996,0.13055037741038414
3.69,0.47281728447880694,-0.7960150352962748,0.12810561378846683
3.71,0.4701280444946979,-0.79674846438285,0.1271277083396999
3.73,0.46890566268373923,-0.7991932280047672,0.12443846835559087
3.75,0.4686611863215475,-0.8072609479570944,0.12297161018244049
3.77,0.47110594994346483,-0.8033493261620267,0.12199370473367356
3.79,0.4772178589982581,-0.8001711334535342,0.11930446474956452
3.81,0.47917366989579196,-0.8009045625401093,0.12052684656052318
3.83,0.47477309537634077,-0.7969929407450417,0.1207713229227149
3.85,0.47183937903004003,-0.8033493261620267,0.1215047520092901
3.87,0.46963909177031443,-0.795770558934083,0.1215047520092901
3.89,0.47379518992757386,-0.8004156098157259,0.1271277083396999
3.91,0.47403966628976557,-0.8026158970754514,0.13006142468600068
3.93,0.4701280444946979,-0.803104849799835,0.12883904287504203
3.95,0.47208385539223174,-0.802126944351068,0.12786113742627508
3.97,0.47526204810072425,-0.7991932280047672,0.1312838064969593
3.99,0.47844024080921677,-0.7996821807291508,0.13226171194572625
4.01,0.47257280811661523,-0.8028603734376433,0.13299514103230142
4.03,0.47355071356538214,-0.8053051370595605,0.13250618830791797
4.05,0.47746233536044985,-0.8009045625401093,0.1312838064969593
4.06,0.478195764447025,-0.8011490389023012,0.13446199920545182
4.09,0.4779512880848333,-0.7974818934694251,0.13495095192983528
4.11,0.47770681172264157,-0.8023714207132597,0.13495095192983528
4.13,0.47623995354949117,-0.8013935152644929,0.13250618830791797
4.15,0.47575100082510774,-0.802126944351068,0.13250618830791797
4.17,0.47477309537634077,-0.8011490389023012,0.13446199920545182
4.19,0.47403966628976557,-0.8026158970754514,0.13470647556764356
4.21,0.47208385539223174,-0.799437704366959,0.13299514103230142
4.23,0.4733062372031904,-0.8043272316107937,0.1312838064969593
4.25,0.47208385539223174,-0.8011490389023012,0.1310393301347676
4.27,0.47599547718729945,-0.8033493261620267,0.13055037741038414
4.29,0.47623995354949117,-0.803104849799835,0.13079485377257585
4.31,0.4764844299116829,-0.802126944351068,0.13152828285915105
4.33,0.47550652446291597,-0.8009045625401093,0.1303059010481924
4.35,0.47550652446291597,-0.7979708461938086,0.12932799559942548
4.37,0.47746233536044985,-0.7984597989181921,0.12786113742627508
4.39,0.4772178589982581,-0.7972374171072334,0.13079485377257585
4.41,0.47428414265195734,-0.8023714207132597,0.1295724719616172
4.43,0.47477309537634077,-0.8016379916266846,0.12639427925312471
4.45,0.47575100082510774,-0.7969929407450417,0.12492742107997433
4.47,0.4806405280689423,-0.8070164715949026,0.13323961739449316
4.49,0.47452861901414906,-0.8004156098157259,0.13617333374079393
4.51,0.4708614735812731,-0.7952816062096996,0.13079485377257585
4.53,0.47501757173853254,-0.7982153225560004,0.13519542829202702
4.55,0.4701280444946979,-0.8009045625401093,0.1359288573786022
4.57,0.4686611863215475,-0.8026158970754514,0.13372857011887662
4.59,0.47208385539223174,-0.803104849799835,0.1327506646701097
4.61,0.4789291935336002,-0.8040827552486018,0.1310393301347676
4.63,0.4816184335177092,-0.802126944351068,0.13006142468600068
4.65,0.4779512880848333,-0.8013935152644929,0.1303059010481924
4.67,0.4733062372031904,-0.803104849799835,0.1310393301347676
4.69,0.4715949026678483,-0.7996821807291508,0.1303059010481924
4.71,0.47257280811661523,-0.7940592243987409,0.13079485377257585
4.73,0.47501757173853254,-0.8011490389023012,0.1327506646701097
4.75,0.4733062372031904,-0.8004156098157259,0.1334840937566849
4.77,0.47501757173853254,-0.8009045625401093,0.13250618830791797
4.79,0.47844024080921677,-0.8033493261620267,0.1327506646701097
4.81,0.47623995354949117,-0.8028603734376433,0.13470647556764356
4.83,0.47672890627387465,-0.7989487516425755,0.13543990465421873
4.85,0.47403966628976557,-0.8006600861779176,0.13543990465421873
4.87,0.47477309537634077,-0.7987042752803838,0.13250618830791797
4.89,0.47599547718729945,-0.799437704366959,0.1310393301347676
4.91,0.47550652446291597,-0.7991932280047672,0.1310393301347676
4.93,0.47257280811661523,-0.8018824679888763,0.13226171194572625
4.95,0.4701280444946979,-0.8018824679888763,0.1312838064969593
4.96,0.4662164226996302,-0.7965039880206582,0.12908351923723374
4.99,0.4681722335971641,-0.7979708461938086,0.13079485377257585
5.01,0.46890566268373923,-0.799437704366959,0.13152828285915105
5.03,0.4657274699752468,-0.8004156098157259,0.1312838064969593
5.05,0.4657274699752468,-0.8077499006814779,0.13006142468600068
5.07,0.4679277572349723,-0.8114170461143538,0.12932799559942548
5.09,0.4679277572349723,-0.8087278061302448,0.1295724719616172
5.11,0.46890566268373923,-0.8067719952327109,0.1271277083396999
5.13,0.4679277572349723,-0.8067719952327109,0.12932799559942548
5.15,0.4684167099593558,-0.8072609479570944,0.12981694832380894
5.17,0.46474956452647986,-0.8072609479570944,0.12786113742627508
5.19,0.462793753628946,-0.8097057115790117,0.12810561378846683
5.21,0.46474956452647986,-0.8097057115790117,0.12663875561531643
5.23,0.4669498517862054,-0.8109280933899703,0.12810561378846683
5.25,0.4649940408886716,-0.813128380649696,0.12663875561531643
5.27,0.4642606118020964,-0.8126394279253124,0.1246829447177826
5.29,0.469150139045931,-0.8123949515631207,0.12908351923723374
5.31,0.47232833175442346,-0.8089722824924365,0.13152828285915105
5.33,0.4637716590777129,-0.8087278061302448,0.13372857011887662
5.35,0.45986003728264524,-0.8033493261620267,0.13250618830791797
5.37,0.46328270635332947,-0.8116615224765455,0.1312838064969593
5.39,0.46181584818017907,-0.8119059988387373,0.13323961739449316
5.4,0.46254927726675427,-0.8114170461143538,0.13250618830791797
5.42,0.46474956452647986,-0.8116615224765455,0.12883904287504203
5.44,0.4671943281483971,-0.8109280933899703,0.12688323197750817
5.46,0.46963909177031443,-0.812150475200929,0.12517189744216606
5.48,0.47037252085688963,-0.808483329768053,0.12810561378846683
5.5,0.4669498517862054,-0.813128380649696,0.12737218470189163
5.52,0.4659719463374385,-0.8111725697521621,0.12883904287504203
5.54,0.4649940408886716,-0.8055496134217522,0.12761666106408337
5.56,0.466460899061822,-0.8106836170277786,0.13006142468600068
5.58,0.4645050881642881,-0.8097057115790117,0.1310393301347676
5.6,0.46474956452647986,-0.8070164715949026,0.13055037741038414
5.62,0.4674388045105889,-0.8079943770436696,0.1303059010481924
5.64,0.4667053754240137,-0.8092167588546282,0.1320172355835345
5.66,0.4659719463374385,-0.8114170461143538,0.13250618830791797
5.68,0.4662164226996302,-0.8111725697521621,0.13152828285915105
5.7,0.4652385172508633,-0.8062830425083275,0.1320172355835345
5.72,0.4659719463374385,-0.8067719952327109,0.1317727592213428
5.74,0.466460899061822,-0.808483329768053,0.13152828285915105
5.76,0.4642606118020964,-0.8111725697521621,0.1310393301347676
5.78,0.46230480090456255,-0.8101946643033952,0.1303059010481924
5.8,0.45937108455826176,-0.80946123521682,0.12932799559942548
5.82,0.4613268954557956,-0.8079943770436696,0.12761666106408337
5.84,0.4642606118020964,-0.8092167588546282,0.13055037741038414
5.85,0.462793753628946,-0.8116615224765455,0.12908351923723374
5.88,0.46059346636922044,-0.8111725697521621,0.12835009015065857
5.9,0.45986003728264524,-0.8109280933899703,0.1254163738043578
5.92,0.46108241909360387,-0.808483329768053,0.12908351923723374
5.94,0.46181584818017907,-0.8109280933899703,0.12614980289093297
5.96,0.4613268954557956,-0.8109280933899703,0.12761666106408337
5.98,0.4635271827155212,-0.812150475200929,0.12786113742627508
6.0,0.4642606118020964,-0.8138618097362711,0.13006142468600068
6.02,0.46181584818017907,-0.8133728570118877,0.12932799559942548
6.04,0.4649940408886716,-0.8072609479570944,0.13152828285915105
6.06,0.4635271827155212,-0.8082388534058613,0.13372857011887662
6.08,0.4588821318338783,-0.805794089783944,0.1317727592213428
6.1,0.46328270635332947,-0.808483329768053,0.13323961739449316
6.12,0.4674388045105889,-0.8153286679094215,0.13397304648106836
6.14,0.4662164226996302,-0.8104391406655869,0.13226171194572625
6.16,0.4676832808727806,-0.8089722824924365,0.13152828285915105
6.18,0.47257280811661523,-0.8141062860984628,0.13690676282736913
6.2,0.4669498517862054,-0.8048161843351771,0.13935152644928644
6.22,0.4671943281483971,-0.8026158970754514,0.13519542829202702
6.24,0.4676832808727806,-0.8035938025242184,0.13690676282736913
6.26,0.46230480090456255,-0.8026158970754514,0.13568438101641048
6.28,0.4657274699752468,-0.8079943770436696,0.13372857011887662
6.3,0.47208385539223174,-0.8082388534058613,0.13152828285915105
6.33,0.4764844299116829,-0.808483329768053,0.13152828285915105
6.35,0.4786847171714085,-0.8111725697521621,0.1317727592213428
6.37,0.47697338263606637,-0.8070164715949026,0.1327506646701097
6.39,0.47526204810072425,-0.8045717079729854,0.1334840937566849
6.41,0.4789291935336002,-0.8055496134217522,0.1366622864651774
6.43,0.4779512880848333,-0.7940592243987409,0.13519542829202702
6.45,0.47672890627387465,-0.7972374171072334,0.1359288573786022
6.47,0.47379518992757386,-0.8053051370595605,0.13715123918956085
6.49,0.4701280444946979,-0.7960150352962748,0.13397304648106836
6.51,0.47599547718729945,-0.803104849799835,0.13226171194572625
6.53,0.47355071356538214,-0.8040827552486018,0.1383736210005195
6.55,0.4693946154081227,-0.8048161843351771,0.13568438101641048
6.57,0.4662164226996302,-0.8067719952327109,0.13641781010298568
6.59,0.4671943281483971,-0.8099501879412034,0.13861809736271125
6.61,0.4630382299911377,-0.80946123521682,0.13886257372490296
6.63,0.46010451364483695,-0.8099501879412034,0.13886257372490296
6.65,0.4613268954557956,-0.8072609479570944,0.13886257372490296
6.67,0.46254927726675427,-0.8072609479570944,0.14130733734682027
6.69,0.4667053754240137,-0.8070164715949026,0.14301867188216238
6.71,0.469150139045931,-0.8104391406655869,0.14326314824435413
6.73,0.4684167099593558,-0.8106836170277786,0.14277419551997067
6.75,0.4733062372031904,-0.8077499006814779,0.14326314824435413
6.78,0.47575100082510774,-0.8070164715949026,0.14668581731503835
6.8,0.47599547718729945,-0.7991932280047672,0.14326314824435413
6.82,0.4794181462579837,-0.7974818934694251,0.14204076643339547
6.84,0.4806405280689423,-0.8011490389023012,0.14301867188216238
6.86,0.47917366989579196,-0.8004156098157259,0.14057390826024507
6.88,0.47232833175442346,-0.7965039880206582,0.1376401919139443
6.9,0.4708614735812731,-0.8013935152644929,0.13446199920545182
6.92,0.4708614735812731,-0.8038382788864101,0.13470647556764356
6.94,0.4657274699752468,-0.8045717079729854,0.13886257372490296
6.96,0.4515478409681264,-0.7991932280047672,0.13519542829202702
6.98,0.44616936099990834,-0.7960150352962748,0.1295724719616172
7.0,0.456437368211961,-0.8006600861779176,0.13397304648106836
7.02,0.4557039391253858,-0.8062830425083275,0.13421752284326008
7.04,0.46010451364483695,-0.8077499006814779,0.1359288573786022
7.06,0.46157137181798735,-0.8141062860984628,0.13886257372490296
7.08,0.4635271827155212,-0.8165510497203802,0.1376401919139443
7.1,0.4701280444946979,-0.8133728570118877,0.14839715185038047
7.12,0.46328270635332947,-0.8033493261620267,0.1535311554564068
7.14,0.4701280444946979,-0.8013935152644929,0.15695382452709103
7.16,0.4679277572349723,-0.8045717079729854,0.1598875408733918
7.18,0.4635271827155212,-0.8038382788864101,0.1549980136295572
7.2,0.4693946154081227,-0.8043272316107937,0.15206429728325643
7.23,0.47697338263606637,-0.8043272316107937,0.15719830088928277
7.25,0.4786847171714085,-0.8050606606973688,0.15524248999174892
7.27,0.47550652446291597,-0.8128839042875042,0.15304220273202335
7.29,0.4652385172508633,-0.813128380649696,0.15475353726736546
7.31,0.4637716590777129,-0.8163065733581885,0.15133086819668123
7.33,0.46034899000702867,-0.8192402897044891,0.14668581731503835
7.35,0.46010451364483695,-0.8182623842557223,0.14570791186627144
7.37,0.45668184457415273,-0.8106836170277786,0.1447300064175045
7.39,0.4525257464168933,-0.8082388534058613,0.13715123918956085
7.41,0.4539926045900437,-0.8079943770436696,0.1381291446383278
7.43,0.4513033646059347,-0.8155731442716132,0.13470647556764356
7.45,0.44641383736210005,-0.8197292424288727,0.13055037741038414
7.47,0.4493475537084008,-0.8299972496409254,0.12663875561531643
7.49,0.44788069553525045,-0.8314641078140758,0.12297161018244049
7.51,0.4510588882437429,-0.8255966751214742,0.12101579928490663
7.53,0.4486141246218256,-0.8307306787275005,0.12248265745805702
7.55,0.44176878648045714,-0.8277969623811997,0.12590532652874126
7.57,0.4341900192525135,-0.8251077223970907,0.12810561378846683
7.59,0.43516792470128046,-0.8177734315313387,0.1320172355835345
7.61,0.4395684992207316,-0.8070164715949026,0.1334840937566849
7.63,0.44641383736210005,-0.803104849799835,0.14057390826024507
7.64,0.4476362191730587,-0.8038382788864101,0.14521895914188795
7.67,0.4513033646059347,-0.8089722824924365,0.15084191547229778
7.69,0.456437368211961,-0.8150841915472298,0.15206429728325643
7.71,0.45863765547168656,-0.8204626715154478,0.15328667909421506
7.73,0.45839317910949484,-0.8224184824129817,0.1525532500076399
7.75,0.46230480090456255,-0.8187513369801057,0.15622039544051583
7.77,0.45912660819607004,-0.8192402897044891,0.15744277725147449
7.79,0.4535036518656602,-0.8204626715154478,0.15646487180270757
7.81,0.44959203007059256,-0.824863246034899,0.15622039544051583
7.83,0.44470250282675794,-0.8302417260031171,0.15573144271613237
7.85,0.4444580264645662,-0.8295082969165418,0.15768725361366623
7.87,0.437368211961006,-0.8251077223970907,0.1527977263698316
7.89,0.4339455428903218,-0.8280414387433915,0.1525532500076399
7.91,0.4339455428903218,-0.8385539223176359,0.15133086819668123
7.93,0.44005745194511503,-0.8505332640650307,0.15548696635394066
7.95,0.4383461174097729,-0.8488219295296886,0.15964306451120008
7.97,0.43516792470128046,-0.8495553586162637,0.15768725361366623
7.99,0.4349234483390887,-0.8468661186321548,0.16966659536106102
8.01,0.437368211961006,-0.8292638205543501,0.1894691806985912
8.03,0.4390795464963481,-0.8207071478776395,0.2117165296580387
8.05,0.4285670629221037,-0.8180179078935306,0.22125110778351617
8.07,0.4285670629221037,-0.8053051370595605,0.22565168230296734
8.08,0.42954496837087064,-0.8062830425083275,0.23029673318461022
8.11,0.406564190324848,-0.8104391406655869,0.23005225682241848
8.13,0.3791828377593741,-0.8106836170277786,0.21513919872872292
8.15,0.3650032087522538,-0.8207071478776395,0.19778137701311005
8.17,0.3786938850349907,-0.8187513369801057,0.19973718791064388
8.19,0.4075420957736149,-0.8070164715949026,0.20487119151667021
8.21,0.41658772117470894,-0.7757234972343612,0.20095956972160253
8.23,0.4036304739785472,-0.7322067047642331,0.18971365706078294
8.25,0.3911621795067689,-0.7148488830486203,0.1870244170766739
8.27,0.3835834122788253,-0.715093359410812,0.1806680316596889
8.29,0.3796717904837576,-0.7187605048436879,0.17333374079393699
8.31,0.3740488341533478,-0.7126485957888946,0.15793172997585794
8.33,0.36744797237417104,-0.6999358249549247,0.14668581731503835
8.35,0.3650032087522538,-0.6855117195856125,0.1310393301347676
8.37,0.36818140146074624,-0.6701097087675335,0.11417046114353818
8.39,0.37184854689362223,-0.6720655196650673,0.100724261222993
8.41,0.38260550683005834,-0.6928460104513645,0.10121321394737647
8.43,0.3821165541056749,-0.6806221923417779,0.11930446474956452
8.45,0.3588912996974605,-0.6468844543593191,0.10096873758518474
8.47,0.32417565626623474,-0.6283042508327475,0.06943128686245148
8.49,0.30975155089692263,-0.6258594872108303,0.055251657855331114
8.51,0.31268526724322343,-0.623414723588913,0.04547260336766189
8.52,0.31146288543226475,-0.6383277816826085,0.02542554166793998
8.54,0.3080402163615805,-0.6779329523576689,-0.005134003606026342
8.56,0.3068178345506219,-0.7248724138984812,-0.03251535617150017
8.58,0.317574794487058,-0.7571432937077897,-0.04522812700547016
8.6,0.3327323289429453,-0.7632552027625829,-0.05378479968218073
8.62,0.35840234697307705,-0.7842801699110717,-0.07383186138190263
8.64,0.37771597958622377,-0.8050606606973688,-0.08605567949148916
8.66,0.40143018671882164,-0.8373315405066772,-0.07187605048436879
8.68,0.40167466308101335,-0.8539559331357149,-0.06747547596491764
8.7,0.37209302325581395,-0.8549338385844818,-0.07089814503560186
8.72,0.35717996516211836,-0.8380649695932524,-0.07065366867341014
8.74,0.3623139687681447,-0.7982153225560004,-0.0655196650673838
8.76,0.37771597958622377,-0.7757234972343612,-0.0591632796503988
8.78,0.3877395104360847,-0.7334290865751918,-0.04913974880053785
8.8,0.38896189224704336,-0.673287901476026,-0.044739174281086695
8.82,0.3782049323106072,-0.6441952143752101,-0.042783363383552854
8.84,0.38969532133361856,-0.6454175961861688,-0.03153745072273324
8.86,0.38260550683005834,-0.6302600617302815,-0.014668581731503835
8.88,0.3835834122788253,-0.6412614980289093,-0.021758396235064023
8.9,0.37771597958622377,-0.6334382544387739,-0.03178192708492498
8.92,0.37600464505088166,-0.6771995232710937,-0.02933716346300767
8.94,0.38969532133361856,-0.7319622284020414,-0.027625828927665557
8.96,0.4332121138037466,-0.8011490389023012,-0.02542554166793998
8.986,0.49041958255661156,-0.8625126058124255,-0.047183937903004
9.006,0.5385814259083824,-0.925587507257892,-0.042783363383552854
9.026,0.6038566146135745,-0.9764385905937719,-0.035204596155609204
9.046,0.6119243345659017,-0.9950187941203434,-0.04449469791889497
9.066,0.5754973565993338,-1.0025975613482871,-0.05451822876875592
9.086,0.5818537420163188,-1.017266143079791,-0.07554319591724475
9.106,0.5754973565993338,-1.0116431867493811,-0.0295816398251994
9.126,0.5926107019527549,-1.020933288512667,0.04033859976163555
9.146,0.6031231855269994,-1.0512483574244416,0.043761268832319775
9.166,0.5772086911346759,-1.0803410445252575,0.009779054487669223
9.186,0.5547168658130367,-1.0620053173608777,0.05794089783944015
9.206,0.5334474223023561,-1.07789628090334,0.1063472175534028
9.226,0.5055771170124989,-1.0822968554227912,0.12370503926901567
9.246,0.47428414265195734,-1.0414693029367723,0.1381291446383278
9.266,0.44348012101579926,-0.9598141979647342,0.14081838462243682
9.286,0.4366347828744308,-0.8879381474803655,0.17895669712434678
9.306,0.40191913944320506,-0.8365981114201021,0.13446199920545182
9.326,0.49848730250893863,-0.7600770100540903,0.10610274119121108
9.346,0.4588821318338783,-0.6718210433028756,0.14839715185038047
9.366,0.047672890627387464,-0.9118968309751551,-0.11563731931668857
9.386,-0.16844421355010236,-0.9842618341839073,-0.242276074932005
9.415,0.0679644286893011,-0.7681447300064175,-0.0591632796503988
9.435,0.7336735629373835,-0.777679308131895,0.23298597316871925
9.455,1.2492742107997432,-0.8903829111022827,0.3095070745347309
9.475,1.1954894111175625,-1.0023530849860953,0.09999083213641781
9.495,0.9453900925954222,-0.9160529291324145,-0.06258594872108303
9.515,0.7771903554075115,-1.3069706322769916,0.4112092412064908
9.535,0.19973718791064388,-1.4785930385355865,0.7732787336124438
9.555,0.7065366867341014,-0.9424563762491214,0.7701005409039513
9.575,1.064450080982795,-0.5385814259083824,0.3921400849555359
9.595,0.8542004094979067,-0.6485957888946612,0.04816184335177093
9.615,0.8424655441127036,-0.6933349631757479,0.0655196650673838
9.635,0.8612902240014668,-0.5957888946612474,0.1320172355835345
9.655,0.8038382788864101,-0.6417504507532927,0.061119090547932645
9.675,1.1925556947712619,-0.5847874583626196,0.09852397396326742
9.695,1.3035479632063074,-0.4970204443357883,0.14448553005531278
9.715,0.8559117440332488,-0.6373498762338417,-0.008801149038902301
9.735,0.5877211747089203,-0.7361183265593008,0.09681263942792531
9.755,0.900161965589952,-0.5921217492283715,0.23836445313693733
9.775,0.8925831983620084,-0.6429728325642514,0.2021819515325612
9.795,0.456437368211961,-0.7392965192677933,0.005134003606026342
9.815,0.4532591755034685,-0.5813647892919354,-0.13323961739449316
9.835,0.1904470861473581,-0.6527518870519207,-0.2510772239709073
9.855,-0.06356385416984996,-0.9206979800140573,-0.383827888641017
9.875,0.2899489655593925,-0.9703266815389787,-0.5830761238272775
9.895,0.5385814259083824,-0.8803593802524218,-0.6165693854475446
9.915,0.028603734376432478,-0.8321975369006509,-0.645173119823977
9.935,-0.03789383613971824,-0.8180179078935306,-0.25229960578186594
9.955,0.4398129755829233,-0.705069828560951,0.1518198209210647
9.975,0.5312471350426305,-0.8053051370595605,0.45692632093634444
9.995,0.736851755645876,-0.8170400024447636,0.3962961831127953
10.015,1.2945023378052134,-0.610701952754943,0.13323961739449316
10.035,1.6609724047306176,-0.3356660452892461,-0.11808208293860586
10.055,1.5934969287657,-0.3676924487363628,0.02469211258136479
10.075,0.8473550713565382,-0.6586193197445221,0.21220548238242215
10.095,0.5686520184579653,-0.7718118754392934,0.17333374079393699
10.115,0.6481068361702778,-0.7451639519603949,0.21049414784708004
10.135,0.364758732390062,-0.874736423922012,0.22760749320050117
10.155,0.4197659138832014,-0.952724383461174,0.3324878525807536
10.175,0.724138984811906,-0.8287748678299667,0.4708614735812731
10.195,0.553494484002078,-0.761299391865049,0.41609876845032545
10.215,0.2936161109922684,-0.6219478654157626,0.43370106652813006
10.235,0.10830302845093664,-0.6239036763132965,0.3486232924854078
10.255,0.019313632613146715,-0.7348959447483421,0.2109831005714635
10.275,-0.21880634416159886,-0.9356110381077529,-0.005378479968218073
10.285,-0.3767380741374568,-1.098921248051829,-0.03544907251780093
10.315,0.015646487180270757,-0.8862268129450234,0.051340036060263425
10.335,0.746875286495737,-0.6549521743116462,0.20022614063502733
10.355,0.5393148549949577,-0.7952816062096996,0.44885860098401736
10.375,0.08483329768053051,-0.9326773217614521,0.5454267640497509
10.395,0.06356385416984996,-0.9461235216819973,0.4843076735018183
10.415,-0.5131558842404425,-1.2165143782660515,0.44005745194511503
10.435,-1.2460960180912508,-1.225071050942762,0.04693946154081227
10.455,-0.4090089539467653,-0.9294991290529597,-0.7344069920239586
10.475,0.594322036488097,-0.7524982428261467,-0.9678819179170614
10.495,1.0854750481312838,-0.529046847782905,-0.733184610213
10.515,1.569049292546527,-0.3141521254163738,-0.3351770925648626
10.535,2.054579347859304,-0.36915930690951315,0.02591449439232344
10.555,1.4534119732298383,-0.6754881887357516,0.20853833694954618
10.575,0.5050881642881154,-0.8106836170277786,-0.03667145432875959
10.595,1.0492925465269076,-0.53540323319989,0.21929529688598234
10.615,0.8048161843351771,-0.4987317788711304,0.24032026403447115
10.635,0.44323564465360754,-0.5933441310393301,0.17895669712434678
10.655,0.500932066130856,-0.5554502948996118,0.005867432692601534
10.675,0.29972802004706167,-0.7136265012376616,-0.17382269351832044
10.695,0.8468661186321548,-0.8654463221587263,0.04302783974574458
10.715,0.2542554166793998,-0.8561562203954405,-0.023469730770406136
10.735,0.44396907374018274,-0.697735537695199,-0.0919231121840907
10.755,0.3667145432875959,-0.6129022400146685,-0.05207346514683862
10.775,0.21220548238242215,-0.56082877486783,-0.14155181370901201
10.795,0.4046083794273141,-0.6356385416984995,-0.14081838462243682
10.815,0.5676741130091985,-0.7353848974727256,-0.27210219111939615
10.835,0.6349051126119243,-0.7965039880206582,-0.3980075176481374
10.855,0.5899214619686459,-0.7524982428261467,-0.44885860098401736
10.875,0.5266020841609876,-0.7336735629373835,-0.4916419643675702
10.895,0.7326956574886165,-0.6960242031598569,-0.47746233536044985
10.915,0.9595697216025425,-0.799437704366959,-0.056229563304098035
10.935,0.6948018213488983,-0.8065275188705192,0.39996332854567124
10.955,0.9021177764874858,-0.7872138862573724,0.44543593191333314
10.975,0.989151361427742,-0.7637441554869664,0.14081838462243682
10.995,0.9136081655104972,-0.6935794395379397,-0.1838462243681814
11.015,1.1727531094337316,-0.5300247532316719,-0.18898022797420774
11.035,1.2905907160101457,-0.36182501604376127,-0.15768725361366623
11.055,1.0201998594260917,-0.4916419643675702,0.11881551202518106
11.075,0.8075054243192861,-0.6383277816826085,0.013201723558353452
11.095,0.3958072303884118,-0.7314732756776579,0.01295724719616172
11.115,0.4821073862420927,-0.8033493261620267,-0.07163157412217706
11.135,0.22027320233474926,-0.8776701402683128,-0.27136876203282095
11.155,-0.37062616508266355,-0.9013843474009107,-0.5649848730250894
11.175,0.44470250282675794,-0.5398038077193411,-0.49188644072976195
11.185,0.896494820157076,-0.5204901751061944,-0.45448155731442713
11.21,0.5904104146930294,-0.6992023958683494,-0.18042355529749718
11.23,-0.28677077285089997,-1.269565748861657,-0.013201723558353452
11.25,0.9849952632704825,-1.0287565321028023,0.24814350762460655
11.27,1.4135623261925863,-0.543470953152217,0.11734865385203068
11.29,0.7207163157412217,-0.45521498640100233,0.11123674479723741
11.31,0.5116890260672922,-0.777679308131895,0.2615897075451517
11.33,0.8458882131833878,-0.8334199187116096,0.4733062372031904
11.35,0.8236408642239403,-0.7373407083702594,0.5500718149313938
11.37,0.6077682364086422,-0.6529963634141124,0.5879656510711121
11.39,0.2774806710876142,-0.6468844543593191,0.5908993674174128
11.41,0.34348928887938146,-0.6085016654952174,0.7143599303242367
11.43,0.4764844299116829,-0.6273263453839807,0.8006600861779176
11.45,0.4657274699752468,-0.6630198942639733,0.638816734406992
11.47,0.4581487027473031,-0.5185343642086606,0.5767197384102924
11.49,0.4361458301500474,-0.5246462732634538,0.5339363750267396
11.51,0.35742444152431013,-0.7058032576475262,0.40338599761635546
11.53,0.1726003117073618,-0.762277297313816,0.2606118020963848
11.55,0.031292974360541514,-0.799437704366959,0.11148122115942914
11.57,-0.233230449530911,-0.8960058674326926,0.29826116187391133
11.59,-0.3779604559484155,-0.9786388778534976,0.437368211961006
11.61,-0.466460899061822,-1.113345353421141,0.38480579408978394
11.63,-0.466460899061822,-1.335818843015616,0.02469211258136479
11.66,-0.3253980380771934,-1.0456254010940318,-0.10047978486080127
11.68,0.35840234697307705,-0.4241664884026526,-0.792103413501207
11.7,1.31381597041836,-0.7710784463527183,-0.6967576322464322
11.72,2.0308651407267058,-0.9578583870672004,-0.7182715521193045
11.74,1.5030406747547596,-0.28652629648870825,-0.7336735629373835
11.76,1.188644072976194,-0.19802585337530176,-0.7197384102924549
11.78,1.392781835406289,-0.1975369006509183,-0.5710967820798827
11.8,1.8797787488922164,-0.0031781927084924976,-0.7009137304036915
11.82,1.8553311126730434,-0.06380833053204168,-0.776701402683128
11.84,1.3289735048742475,-0.374782263239923,-0.5649848730250894
11.86,0.610701952754943,-0.7554319591724475,-0.6111909054793264
11.88,-0.16917764263667756,-1.095254102618953,-0.48895272438346116
11.9,-0.7642331082113498,-1.0219111939614338,-0.03764935977752651
11.92,-0.6862451486721878,-0.7456529046847783,0.18286831891941446
11.94,-0.3613360633193778,-0.38407236500320874,0.10683617027778626
11.96,-0.7307398465910827,-0.8224184824129817,0.1518198209210647
11.98,-0.2334749258931027,-1.275922134278642,0.4982428261467469
12.0,1.3707789628090334,-1.012621092198148,0.7647220609357332
12.02,1.0441585429208813,-0.891116340188858,0.7400299483543684
12.04,0.21049414784708004,-0.7324511811264248,0.8419765913883202
12.06,0.576230785685909,-0.54811600403386,0.7669223481954588
12.08,0.3165968890382911,-0.5490939094826269,0.7955260825718913
12.11,-0.3412890016196559,-0.6412614980289093,0.4420132628426489
12.13,-0.5537389603642697,-0.6813556214283532,-0.016624392629037678
12.15,-0.6852672432234208,-1.065427986431562,-0.12663875561531643
12.17,0.4349234483390887,-1.0681172264156709,-0.6390612107691838
12.19,1.584451303364606,-0.627081869021789,-0.7131375485132782
12.21,2.124988540170522,-0.23640864223940347,-0.6439507380130184
12.23,1.9176725850319347,-0.44665831372429177,-0.5662072548360481
12.25,0.9744827796962381,-0.48455214986401,-0.28163676924487363
12.27,0.7637441554869664,-0.22174006050789963,-0.26843504568652016
12.29,1.7455612260489564,-0.3224643217308926,-0.03447116706903401
12.31,1.6096323686703542,-0.5549613421752284,-0.1535311554564068
12.33,1.225804480029337,-0.539070378632766,-0.4261222993001864
12.35,1.7443388442379977,-0.39776304128594564,-0.5488494331204351
12.37,1.841151483665923,-0.3916511322311524,-0.849310882254072
12.39,0.2757693365522721,-0.9852397396326742,-0.9576139107050087
12.41,-0.8444213550102374,-0.9522354307367906,-0.6300155853680897
12.43,-1.2196925709745439,-0.5911438437796045,-0.3293096598722611
12.45,-1.0737401827460806,-0.32588699080157685,-0.035204596155609204
12.47,-0.18042355529749718,-0.7911255080524402,-0.2285853986492681
12.49,0.4686611863215475,-1.1773981603153745,0.24912141307337346
12.51,0.13299514103230142,-1.2353390581548147,0.9461235216819973
12.53,-0.04449469791889497,-0.9246096018091251,0.4637716590777129
12.56,0.10659169391559453,-0.8930721510863918,0.14106286098462856
12.58,0.6930904868135562,-0.7786572135806619,0.11954894111175625
12.6,1.5284662164226996,-0.6608196070042478,0.29606087461418573
12.62,1.9484766066680927,-0.29923906732267824,0.1166152247654555
12.64,2.2873208446658313,-0.038871741588485165,-0.2317635913577606
12.66,0.8566451731198239,-0.4085200012223818,-0.38578369953855085
12.68,0.045717079729853616,-0.7617883445894325,-0.11245912660819607
12.7,0.9263209363444672,-0.20584909696543716,0.14424105369312104
12.72,1.1695749167252392,-0.13397304648106836,0.12321608654463222
12.74,1.117012498854017,-0.5129114078782507,0.26672371115117804
12.76,0.7527427191883385,-0.8669131803318767,0.08507777404272224
12.78,-0.35717996516211836,-1.038046633866088,-0.1757785044158543
12.8,-0.7652110136601167,-0.8277969623811997,-0.6265929162974054
12.82,-0.6038566146135745,-0.5422485713412585,-0.9805946887510314
12.84,-0.27161323839501267,-0.4422577392048406,-0.08238853405861321
12.86,0.034960119793417475,-1.0214222412370504,0.062096995996699565
12.88,0.8581120312929743,-2.376554716865813,-0.7160712648595788
12.9,2.14307979097271,-0.922898267273783,-0.6444396907374018
12.92,2.3315710662225344,0.5847874583626196,0.18286831891941446
12.94,1.3062372031904166,0.4701280444946979,0.47281728447880694
12.96,1.430186718821624,-1.3206613085597285,0.5087553097209914
12.98,1.3678452464627326,-1.3971824099257402,0.293127158267885
13.01,0.11441493750572991,-0.38749503407389296,0.03960517067506036
13.03,-0.0004889527243834612,-0.4994652079577056,-0.10096873758518474
13.05,0.8067719952327109,-0.9950187941203434,-0.12737218470189163
13.07,0.8627570821746172,-0.8957613910705009,-0.07089814503560186
13.09,0.2933716346300767,-0.7258503193472481,-0.03202640344711671
13.11,0.29557192188980225,-0.7197384102924549,-0.023714207132597868
13.13,0.5666962075604315,-0.8055496134217522,0.0647862359808086
13.15,0.8806038566146136,-0.7725453045258687,0.1806680316596889
13.17,1.3453534211410934,-0.6522629343275372,0.051340036060263425
13.19,1.043425113834306,-0.7028695413012255,-0.12908351923723374
13.21,0.6309934908168566,-0.69504629771109,-0.02126944351068056
13.23,0.7698560645417596,-0.4975093970601717,0.09901292668765088
13.25,0.9224093145493995,-0.5080218806344161,0.20413776243009504
13.27,1.4030498426183418,-0.48797481893469424,0.12737218470189163
13.29,1.217003330990435,-0.6930904868135562,0.10439140665586896
13.31,0.27381352565473827,-0.7683892063686092,0.10756959936436146
13.33,-0.5168230296733185,-0.5427375240656419,0.034960119793417475
13.35,-0.4957980625248296,-0.22980778046022673,0.25718913302570057
13.37,0.8659352748831097,-0.38260550683005834,0.3989854230969043
13.39,1.5832289215536473,-1.2769000397274088,0.4368792592366226
13.41,0.5818537420163188,-1.3732237264309506,0.21562815145310638
13.43,0.17113345353421142,-0.5730525929774165,0.35693548879992665
13.46,0.7786572135806619,-0.5473825749472848,0.33199889985637016
13.48,0.6598417015554808,-0.6681538978699997,0.15475353726736546
13.5,-0.5649848730250894,-0.7913699844146319,-0.45594841548757753
13.52,-1.6191669467958316,-0.7175381230327292,-0.9947743177581517
13.54,-1.9587446138801454,-0.7388075665434098,-1.628701524921309
13.56,-1.881001130703175,-1.264920697980014,-1.080585520887449
13.58,-0.6617975124530147,-1.5213764019191394,-1.1233688842710021
13.6,5.439599058766006,-1.334840937566849,-1.7717201968034715
13.62,5.996271735476576,-0.31341869632979863,-1.626256761299392
13.64,-0.19778137701311005,0.27014638022186227,-0.90554044555817
13.66,-1.6839531827766403,-0.4588821318338783,-0.5175564587598936
13.68,2.0660697368823153,-0.7187605048436879,0.9869510741680163
13.7,2.790208721694221,-0.4940867279894875,0.7595880573297069
13.72,0.13641781010298568,-0.5332029459401644,0.2415426458454298
13.74,-0.3828499831922501,-1.0160437612688322,-0.17113345353421142
13.76,0.7982153225560004,-0.8197292424288727,-0.21220548238242215
13.78,0.7781682608562784,-0.6031231855269994,-0.14937505729914738
13.8,0.19851480609968522,-0.7610549155028573,-0.10047978486080127
13.82,0.3351770925648626,-0.8842710020474895,-0.01637991626684595
13.84,0.6297711090058979,-0.739540995629985,-0.047672890627387464
13.86,0.6085016654952174,-0.6904012468294471,-0.05109555969807169
13.87,0.5578950585215292,-0.7969929407450417,-0.020536014424105367
13.9,0.519023316933044,-0.795770558934083,0.018335727164379794
13.92,0.6168138618097363,-0.7480976683066956,0.04693946154081227
13.94,0.6036121382513828,-0.755920911896831,0.027625828927665557
13.96,0.5542279130886533,-0.7163157412217706,0.014179629007120373
13.98,0.5432264767900253,-0.7265837484338233,-0.03422669070684228
14.0,0.521712556917153,-0.8067719952327109,-0.04302783974574458
14.02,0.4285670629221037,-0.780368548116004,-0.05207346514683862
14.04,0.4701280444946979,-0.7297619411423157,-0.06185251963450784
14.06,0.519023316933044,-0.7828133117379213,-0.05451822876875592
14.08,0.5033768297527733,-0.7879473153439477,-0.021758396235064023
14.1,0.5319805641292057,-0.7412523301653271,0.001711334535342114
14.12,0.5830761238272775,-0.729517464780124,-0.0075787672279436485
14.14,0.5918772728661797,-0.7524982428261467,-0.034960119793417475
14.16,0.5654738257494728,-0.7801240717538123,-0.026158970754515173
14.18,0.4989762552333221,-0.7568988173455978,-0.014913058093695565
14.2,0.4982428261467469,-0.7378296610946429,-0.022247348959447483
14.22,0.5879656510711121,-0.7498090028420377,-0.014668581731503835
14.24,0.5740304984261834,-0.7666778718332671,-0.0009779054487669223
14.26,0.5395593313571494,-0.7248724138984812,-0.02151391987287229
14.28,0.5923662255905632,-0.7410078538031354,-0.022491825321639215
14.3,0.5774531674968676,-0.7627662500381994,-0.0014668581731503835
14.32,0.6026342328026159,-0.7329401338508083,-0.002444763621917306
14.34,0.600678421905082,-0.7441860465116279,0.0070898145035601864
14.36,0.5559392476239954,-0.7422302356140941,0.010023530849860953
14.38,0.5273355132475629,-0.7414968065275188,-0.006356385416984995
14.4,0.5446933349631757,-0.7539651009992971,-0.01686886899122941
14.42,0.5466491458607096,-0.7583656755187482,-0.014424105369312105
14.44,0.5376035204596156,-0.7556764355346393,-0.03178192708492498
14.46,0.5488494331204351,-0.7573877700699814,-0.011245912660819608
14.48,0.5278244659719463,-0.7471197628579287,-0.0007334290865751917
14.5,0.5358921859242735,-0.7285395593313572,-0.008312196314518839
14.52,0.5654738257494728,-0.762277297313816,-0.013446199920545182
14.54,0.5684075420957736,-0.7544540537236806,0.002444763621917306
14.56,0.5520276258289276,-0.7290285120557406,0.01686886899122941
14.58,0.5820982183785105,-0.7280506066069736,-0.0022002872597255752
14.6,0.5901659383308376,-0.7571432937077897,-0.005867432692601534
14.62,0.5632735384897473,-0.7463863337713534,0.007823243590135379
14.64,0.5263576077987959,-0.730495370228891,-0.002933716346300767
14.66,0.5539834367264616,-0.7517648137395715,-0.02151391987287229
14.68,0.5808758365675518,-0.7568988173455978,-0.009779054487669223
14.7,0.5464046694985178,-0.7392965192677933,-0.001222381810958653
14.72,0.544448858600984,-0.740518901078752,0.0009779054487669223
14.74,0.5591174403324879,-0.7537206246371054,0.0019558108975338447
14.76,0.5686520184579653,-0.7373407083702594,-0.002933716346300767
14.77,0.5578950585215292,-0.746875286495737,0.003911621795067689
14.8,0.5520276258289276,-0.7512758610151881,0.002444763621917306
14.82,0.5586284876081044,-0.7490755737554625,-0.003911621795067689
14.84,0.5312471350426305,-0.7476087155823121,-0.0041560981572594195
14.86,0.5476270513094765,-0.7473642392201204,-0.0004889527243834612
14.88,0.5549613421752284,-0.7493200501176542,0.001222381810958653
14.9,0.544448858600984,-0.749564526479846,0.0073342908657519175
14.92,0.5473825749472848,-0.7400299483543684,-0.0022002872597255752
14.94,0.5838095529138526,-0.7500534792042294,-0.0070898145035601864
14.96,0.5486049567582434,-0.7598325336918986,-0.0009779054487669223
14.98,0.5373590440974239,-0.7422302356140941,-0.0014668581731503835
15.0,0.5547168658130367,-0.7546985300858723,-0.006111909054793264
15.02,0.5488494331204351,-0.7598325336918986,-0.011001436298627876
15.04,0.56082877486783,-0.7461418574091617,-0.010268007212052684
15.06,0.5554502948996118,-0.7554319591724475,-0.006845338141368456
15.08,0.5530055312776946,-0.7444305228738196,0.005378479968218073
15.1,0.5356477095620817,-0.7510313846529963,0.011001436298627876
15.12,0.5488494331204351,-0.755920911896831,0.0
15.14,0.5532500076398863,-0.7444305228738196,-0.011245912660819608
15.16,0.5398038077193411,-0.7595880573297069,-0.006356385416984995
15.18,0.5363811386486569,-0.7578767227943648,-0.011245912660819608
15.2,0.5446933349631757,-0.7537206246371054,-0.0031781927084924976
15.22,0.5388259022705743,-0.7502979555664212,-0.002444763621917306
15.24,0.56082877486783,-0.752253766463955,-0.005378479968218073
15.26,0.5476270513094765,-0.754943006448064,0.003911621795067689
15.28,0.5251352259878372,-0.744919475598203,0.0036671454328759587
15.3,0.5522721021911193,-0.7586101518809399,0.0009779054487669223
15.32,0.5388259022705743,-0.7529871955505302,0.001222381810958653
15.34,0.506310546099074,-0.767655777282034,0.02126944351068056
15.36,0.5011765424930477,-0.8013935152644929,0.028114781652049017
15.38,0.5904104146930294,-0.8703358494025609,0.05207346514683862
15.4,0.5517831494667359,-0.8610457476392751,0.04816184335177093
15.42,0.46230480090456255,-0.9028512055740611,0.02151391987287229
15.44,0.5923662255905632,-0.993551935947193,-0.003422669070684228
15.46,0.5835650765516609,-1.1729975857959234,-0.019069156250954986
15.48,0.31464107814075726,-1.421874522507105,-0.160620969959967
15.5,0.3679369250985545,-1.438254438773951,-0.20682700241420407
15.52,0.4867524371237356,-1.3688231519114995,-0.14497448277969624
15.54,0.4821073862420927,-1.2991473886868563,-0.1063472175534028
15.56,0.5410261895302998,-1.254897167130153,-0.07285395593313572
15.58,0.5388259022705743,-1.1864437857164685,-0.07016471594902668
15.6,0.5835650765516609,-1.3407083702594504,-0.06723099960272591
15.62,0.5894325092442624,-1.4184518534364208,-0.05696299239067323
15.64,0.4126760993796412,-1.1771536839531827,-0.02029153806191364
15.66,0.2625676129939186,-0.9876845032545916,0.024447636219173056
15.69,0.19460318430461754,-0.9798612596644561,0.005378479968218073
15.71,0.13861809736271125,-0.9862176450814412,-0.10879198117532012
15.73,0.16013201723558354,-0.9138526418726889,-0.25596675121474194
15.75,0.2591449439232344,-0.8101946643033952,-0.35693548879992665
15.77,0.35522415426458454,-0.7598325336918986,-0.3892063686092351
15.79,0.48650796076154385,-0.7830577881001131,-0.3082846927237723
15.81,0.6375943525960334,-0.8170400024447636,-0.1591541117868166
15.83,0.6647312287993155,-0.8737585184732451,-0.08581120312929744
15.85,0.4926198698163371,-0.9062738746447453,-0.14766372276380527
15.87,0.35742444152431013,-0.9353665617455612,-0.18286831891941446
15.89,0.34740091067444917,-0.9260764599822754,-0.21049414784708004
15.91,0.2630565657183021,-0.9304770345017266,-0.1814014607462641
15.93,0.2669681875133698,-0.906518351006937,-0.11417046114353818
15.95,0.3068178345506219,-0.9145860709592641,-0.05696299239067323
15.97,0.31464107814075726,-0.8889160529291324,-0.026892399841090365
15.99,0.29923906732267824,-0.8857378602206399,-0.01637991626684595
16.01,0.27283562020597135,-0.9082296855422791,-0.023469730770406136
16.03,0.2892155364728173,-0.8654463221587263,-0.0002444763621917306
16.05,0.31268526724322343,-0.8505332640650307,0.02542554166793998
16.07,0.31072945634568955,-0.8456437368211961,0.03544907251780093
16.09,0.293127158267885,-0.7947926534853161,0.04693946154081227
16.11,0.3173303181248663,-0.7424747119762858,0.060874614185740916
16.13,0.3332212816673288,-0.708736973993827,0.07285395593313572
16.15,0.32833175442349416,-0.6439507380130184,0.07896586498792897
16.17,0.3217308926443174,-0.5940775601259053,0.08238853405861321
16.19,0.3195306053845919,-0.5664517311982398,0.08678910857806435
16.21,0.32344222717965954,-0.578920025670018,0.07823243590135379
16.23,0.33199889985637016,-0.6104574763927513,0.07480976683066956
16.25,0.3197750817467836,-0.6358830180606913,0.049628701524921305
16.27,0.31928612902240017,-0.6564190324847966,0.022491825321639215
16.29,0.34202243070623106,-0.6952907740732818,0.014668581731503835
16.31,0.3664700669254041,-0.7620328209516243,0.009534578125477493
16.33,0.37698255049964857,-0.8241298169483238,-0.009534578125477493
16.35,0.35864682333526876,-0.8705803257647526,-0.04204993429697766
16.37,0.362069492405953,-0.9214314091006326,-0.07089814503560186
16.39,0.35693548879992665,-0.9480793325795311,-0.09607921034135011
16.41,0.3373773798245882,-0.9744827796962381,-0.11808208293860586
16.43,0.32588699080157685,-1.0334015829844452,-0.15377563181859855
16.45,0.3183082235736332,-1.0612718882743024,-0.1726003117073618
16.47,0.31928612902240017,-1.0568713137548513,-0.18433517709256486
16.49,0.32588699080157685,-1.021666717599242,-0.182379366195031
16.51,0.33371023439171227,-0.9793723069400727,-0.1679552608257189
16.53,0.336643950738013,-0.9449011398710387,-0.15597591907832412
16.55,0.33859976163554684,-0.9177642636677567,-0.13935152644928644
16.56,0.3359105216514378,-0.9067628273691287,-0.13495095192983528
16.59,0.3173303181248663,-0.9250985545335085,-0.14424105369312104
16.61,0.29899459096048653,-0.9422118998869297,-0.12517189744216606
16.63,0.3187971762980167,-0.9385447544540537,-0.08287748678299667
16.65,0.34348928887938146,-0.9649482015707606,-0.04816184335177093
16.67,0.3437337652415732,-0.979127830577881,-0.02542554166793998
16.69,0.3293096598722611,-0.9744827796962381,-0.03300430889588363
16.71,0.2877486782996669,-0.9277877945176175,-0.057207468752864955
16.73,0.2469211258136479,-0.8082388534058613,-0.05769642147724842
16.75,0.20853833694954618,-0.6928460104513645,-0.030070592549582862
16.77,0.2056046206032454,-0.5950554655746723,0.0036671454328759587
16.79,0.25547779849035845,-0.5173119823977019,0.034960119793417475
16.81,0.3165968890382911,-0.5043547352015402,0.06405280689423341
16.83,0.368425877822938,-0.53540323319989,0.08409986859395532
16.85,0.3962961831127953,-0.5576505821593375,0.10781407572655319
16.87,0.40314152125416375,-0.5547168658130367,0.1381291446383278
16.89,0.4053418085138893,-0.5537389603642697,0.1718668826207866
16.91,0.4236775356782691,-0.5742749747883752,0.20047061699721908
16.93,0.4317452556305962,-0.6327048253521987,0.21709500962625675
16.95,0.4226996302295022,-0.7080035449072518,0.21758396235064023
16.97,0.3960517067506035,-0.7598325336918986,0.1919139443205085
16.99,0.3823610304678666,-0.8326864896250343,0.15230877364544815
17.01,0.3909177031445772,-0.8945390092595422,0.1271277083396999
17.04,0.42636677566237813,-0.9263209363444672,0.1447300064175045
17.06,0.45961556092045347,-0.9216758854628243,0.18653546435229043
17.08,0.5248907496256455,-0.8942945328973505,0.21782843871283195
17.1,0.5813647892919354,-0.8744919475598203,0.23640864223940347
17.12,0.5950554655746723,-0.8534669804113315,0.23860892949912904
17.14,0.5774531674968676,-0.8475995477187299,0.23371940225529445
17.16,0.5654738257494728,-0.8497998349784555,0.2173394859884485
17.18,0.5285578950585215,-0.850288787702839,0.18800232252544083
17.2,0.5158451242245515,-0.8407542095773615,0.16428811539284294
17.22,0.5310026586804388,-0.8295082969165418,0.14008495553586162
17.24,0.5351587568376982,-0.840265256852978,0.11905998838737279
17.26,0.5295358005072884,-0.843932402285854,0.10121321394737647
17.28,0.5642514439385142,-0.8600678421905081,0.09925740304984261
17.3,0.5681630657335819,-0.8588454603795496,0.10194664303395165
17.32,0.5613177275922134,-0.821196100602023,0.10683617027778626
17.34,0.553494484002078,-0.78403569354888,0.11881551202518106
17.36,0.5476270513094765,-0.7781682608562784,0.13470647556764356
17.38,0.5168230296733185,-0.79674846438285,0.14057390826024507
17.4,0.48577453167496865,-0.8197292424288727,0.12786113742627508
17.42,0.4649940408886716,-0.837576016868869,0.11905998838737279
17.44,0.4525257464168933,-0.8524890749625645,0.11490389023011337
17.46,0.45374812822785193,-0.855667267671057,0.11197017388381261
17.49,0.4469027900864835,-0.8471105949943465,0.11172569752162087
17.51,0.45619289184976924,-0.8158176206338049,0.12028237019833145
17.53,0.46254927726675427,-0.8011490389023012,0.13323961739449316
17.55,0.45912660819607004,-0.8009045625401093,0.1383736210005195
17.57,0.44885860098401736,-0.8013935152644929,0.1327506646701097
17.59,0.4390795464963481,-0.8043272316107937,0.12761666106408337
17.61,0.4341900192525135,-0.8204626715154478,0.1317727592213428
17.63,0.4332121138037466,-0.8219295296885982,0.1312838064969593
17.65,0.43076735018182927,-0.8143507624606545,0.12761666106408337
17.67,0.4381016410475812,-0.8055496134217522,0.12859456651285028
17.69,0.44885860098401736,-0.8038382788864101,0.1295724719616172
17.71,0.4530146991412768,-0.803104849799835,0.1246829447177826
17.73,0.46401613543990466,-0.8018824679888763,0.12052684656052318
17.75,0.4679277572349723,-0.7982153225560004,0.12517189744216606
17.77,0.465482993613055,-0.7925923662255906,0.12321608654463222
17.79,0.4613268954557956,-0.7940592243987409,0.11857103566298934
17.81,0.4662164226996302,-0.8018824679888763,0.11612627204107202
17.83,0.4693946154081227,-0.8141062860984628,0.11808208293860586
17.85,0.47061699721908135,-0.8199737187910644,0.11319255569477125
17.87,0.4686611863215475,-0.8114170461143538,0.10903645753751184
17.89,0.47526204810072425,-0.8106836170277786,0.10879198117532012
17.9,0.4808850044311341,-0.8104391406655869,0.11001436298627876
17.926,0.4811294807933258,-0.8087278061302448,0.10854750481312837
17.946,0.48332976805305133,-0.8077499006814779,0.10585826482901935
17.966,0.4811294807933258,-0.8104391406655869,0.1095254102618953
17.986,0.47501757173853254,-0.8072609479570944,0.1127036029703878
18.006,0.46890566268373923,-0.802126944351068,0.11050331571066223
18.026,0.4679277572349723,-0.8053051370595605,0.11294807933257953
18.046,0.4667053754240137,-0.8035938025242184,0.1183265593007976
18.066,0.4676832808727806,-0.8038382788864101,0.12101579928490663
18.086,0.4667053754240137,-0.8033493261620267,0.12126027564709838
18.106,0.465482993613055,-0.8053051370595605,0.12517189744216606
18.126,0.4637716590777129,-0.8070164715949026,0.12590532652874126
18.146,0.46157137181798735,-0.8062830425083275,0.12786113742627508
18.166,0.4613268954557956,-0.8075054243192861,0.13226171194572625
18.186,0.45839317910949484,-0.8065275188705192,0.13323961739449316
18.206,0.4549705100388106,-0.8043272316107937,0.1334840937566849
18.226,0.4549705100388106,-0.8026158970754514,0.13250618830791797
18.246,0.45619289184976924,-0.8053051370595605,0.13886257372490296
18.266,0.4542370809522354,-0.8099501879412034,0.1366622864651774
18.286,0.4515478409681264,-0.8043272316107937,0.13323961739449316
18.306,0.45448155731442713,-0.80946123521682,0.13519542829202702
18.326,0.456437368211961,-0.8114170461143538,0.13446199920545182
18.346,0.456437368211961,-0.8187513369801057,0.13495095192983528
18.366,0.45937108455826176,-0.8326864896250343,0.1317727592213428
18.386,0.46157137181798735,-0.8468661186321548,0.1295724719616172
18.41,0.45790422638511136,-0.8407542095773615,0.12663875561531643
18.43,0.45594841548757753,-0.8167955260825719,0.1327506646701097
18.45,0.4429911682914158,-0.786724933532989,0.14032943189805336
18.47,0.44396907374018274,-0.7784127372184702,0.14741924640161355
18.49,0.450080982794976,-0.7786572135806619,0.16208782813311737
18.51,0.43052287381963755,-0.7500534792042294,0.1672218317391437
18.53,0.4085200012223818,-0.7163157412217706,0.15964306451120008
18.55,0.383827888641017,-0.6928460104513645,0.15084191547229778
18.57,0.3669590196497876,-0.6745102832869847,0.13446199920545182
18.59,0.36182501604376127,-0.6539742688628793,0.11783760657641414
18.61,0.3535128197292424,-0.6241481526754882,0.10194664303395165
18.63,0.32882070714787764,-0.5874766983467286,0.0799437704366959
18.65,0.2933716346300767,-0.5363811386486569,0.05085108333587996
18.67,0.27136876203282095,-0.4557039391253858,0.055251657855331114
18.69,0.2611007548207683,-0.3892063686092351,0.07260947957094398
18.71,0.2909268710081594,-0.38651712862512605,0.06283042508327476
18.73,0.34593405250129877,-0.4801515753445589,0.06747547596491764
18.75,0.38700608134950953,-0.5630290621275555,0.060874614185740916
18.77,0.3471564343122574,-0.5833206001894692,0.019558108975338447
18.79,0.29557192188980225,-0.6082571891330257,-0.022491825321639215
18.81,0.26721266387556153,-0.6627754179017816,-0.04889527243834611
18.83,0.25938942028542616,-0.6957797267976652,-0.04058307612382728
18.85,0.2596338966476179,-0.6767105705467102,-0.052562417871222074
18.87,0.2662347584267946,-0.6747547596491764,-0.07896586498792897
18.88,0.2718577147572044,-0.6952907740732818,-0.10928093389970357
18.91,0.2757693365522721,-0.6901567704672554,-0.12126027564709838
18.93,0.29459401644103533,-0.6373498762338417,-0.1271277083396999
18.95,0.3117073617944565,-0.5877211747089203,-0.15793172997585794
18.97,0.32735384897472725,-0.5505607676557772,-0.1726003117073618
18.99,0.411942670293066,-0.5505607676557772,-0.18677994071448217
19.01,0.7581211991565565,-0.5263576077987959,-0.20658252605201236
19.03,0.8471105949943465,-0.5654738257494728,-0.044739174281086695
19.05,0.6283042508327475,-0.6847782904990374,-0.06429728325642514
19.07,0.47452861901414906,-0.7126485957888946,-0.1598875408733918
19.09,0.5948109892124805,-0.7234055557253308,-0.2134278641933808
19.11,0.22271796595666657,-1.0204443357882835,-0.18286831891941446
19.13,-0.001222381810958653,-1.1593069095131865,-0.1975369006509183
19.15,0.20340433334351984,-0.9994193686397946,-0.1870244170766739
19.17,0.40167466308101335,-0.9189866454787152,-0.14375210096873758
19.19,0.3958072303884118,-1.0184885248907496,-0.07260947957094398
19.21,0.3610915869571861,-1.0182440485285578,-0.16184335177092565
19.23,0.37135959416923875,-0.9964856522934938,-0.17480059896708736
19.25,0.40485285578950586,-1.1605292913241452,-0.07921034135012071
19.27,0.4148763866393668,-1.3145493995049353,-0.05696299239067323
19.29,0.90554044555817,-1.1478165204901751,0.07823243590135379
19.31,1.0370687284173212,-1.080585520887449,0.042783363383552854
19.33,0.7659444427466919,-1.1485499495767504,-0.08776701402683128
19.35,0.5806313602053601,-1.295969195978364,-0.04131650521040247
19.37,0.4554594627631941,-1.4008495553586162,-0.011979341747394798
19.39,0.4799070989823671,-1.3737126791553342,0.08263301042080494
19.41,0.799437704366959,-1.1654188185679797,0.2806588637961067
19.43,0.7009137304036915,-1.1382819423646975,0.20853833694954618
19.45,0.3371329034623965,-1.2932799559942547,0.13446199920545182
19.47,0.2166060569018733,-1.493750572991474,0.16991107172325276
19.49,0.6459065489105522,-1.3277511230632888,0.2036488097057116
19.51,1.0038199431592458,-0.9331662744858357,0.12101579928490663
19.53,0.7899031262414815,-0.6725544723894509,0.018335727164379794
19.55,0.2606118020963848,-0.6683983742321914,-0.07163157412217706
19.57,0.4222106775051187,-0.6830669559636953,-0.1166152247654555
19.59,1.0928093389970357,-0.5336918986645479,-0.0982794976010757
19.61,1.1248357424441524,-0.4926198698163371,-0.1894691806985912
19.63,0.963725819759802,-0.5671851602848149,-0.22125110778351617
19.65,0.7718118754392934,-0.7143599303242367,-0.1655104972038016
19.67,0.4539926045900437,-0.9490572380282981,-0.13519542829202702
19.69,0.5855208874491947,-1.0294899611893775,-0.1902026097851664
19.71,0.2615897075451517,-1.0255783393943099,-0.10683617027778626
19.73,0.09045625401094032,-0.8475995477187299,-0.16013201723558354
19.75,0.1383736210005195,-0.6806221923417779,-0.18017907893530544
19.77,0.21440576964214772,-0.6867341013965712,-0.18995813342297466
19.79,0.48479662622620173,-0.7749900681477859,-0.07260947957094398
19.81,0.8199737187910644,-0.7133820248754699,0.05305137059560554
19.83,0.8744919475598203,-0.6899122941050637,0.11441493750572991
19.85,0.7383186138190263,-0.7168046939461541,0.0743208141062861
19.88,0.5825871711028939,-0.6598417015554808,-0.009045625401094031
19.9,0.6583748433823304,-0.56082877486783,0.01686886899122941
19.92,0.8304862023653088,-0.4979983497845552,0.09632368670354186
19.94,0.8187513369801057,-0.5476270513094765,0.14252971915777893
19.96,0.7094704030804021,-0.6901567704672554,0.11245912660819607
19.98,0.47844024080921677,-0.7982153225560004,0.13299514103230142
20.0,0.4060752376004645,-0.7747455917855942,0.12101579928490663
20.02,0.4498365064327843,-0.6373498762338417,-0.03202640344711671
20.04,0.5322250404913975,-0.47501757173853254,-0.17308926443174524
20.06,0.698713443143966,-0.4332121138037466,-0.07480976683066956
20.08,0.8989395837789933,-0.5801424074809767,-0.019558108975338447
20.1,0.9449011398710387,-0.7583656755187482,0.08018824679888763
20.12,0.6175472908963114,-0.928276747242001,0.21391681691776426
20.14,0.2633010420804938,-1.0446474956452647,0.23934235858570424
20.16,0.07652110136601167,-1.0060202304189714,0.21318338783118906
20.18,0.22051767869694097,-0.8744919475598203,0.03569354887999267
20.2,0.40094123399443815,-0.8568896494820157,-0.06576414142957553
20.22,0.4806405280689423,-0.9013843474009107,-0.1391070500870947
20.24,0.4637716590777129,-0.828530391467775,-0.14155181370901201
20.26,0.4405464046694985,-0.7862359808086056,-0.032270879809308435
20.28,0.088011490389023,-1.0155548085444488,-0.04889527243834611
20.3,0.1398404791736699,-1.2852122360419276,-0.24252055129419675
20.32,0.2784585765363811,-1.0576047428414266,-0.4261222993001864
20.34,1.2319163890841305,-0.6165693854475446,-0.3388442379977386
20.37,1.0067536595055466,-0.3642697796656786,-0.002933716346300767
20.39,0.7094704030804021,-0.6373498762338417,0.15768725361366623
20.41,1.5331112673043426,-0.7517648137395715,0.5366256150108486
20.43,0.47110594994346483,-0.7730342572502521,0.4317452556305962
20.45,0.24374293310515538,-0.721449744827797,0.44568040827552485
20.47,0.28505943831555786,-0.47232833175442346,0.22100663142132446
20.49,0.657885890657947,-0.48650796076154385,0.18262384255722275
20.51,0.7480976683066956,-0.8625126058124255,0.23445283134186962
20.53,0.8578675549307826,-0.9241206490847416,0.17088897717201967
20.55,0.8588454603795496,-0.7158267884973871,0.0046450508816428815
20.57,0.8043272316107937,-0.481862909879901,-0.08043272316107936
20.59,1.152461571371818,-0.2317635913577606,0.14301867188216238
20.61,0.5398038077193411,-0.22736301683830945,0.0295816398251994
20.63,0.36744797237417104,-0.5791645020322097,0.009779054487669223
20.65,0.4363903065122391,-0.8612902240014668,-0.057207468752864955
20.67,0.4960425388870214,-0.7388075665434098,-0.09363444671943282
20.69,0.10854750481312837,-0.9324328453992604,-0.10561378846682762
20.71,-0.06820890505149284,-0.7476087155823121,-0.201448522445986
20.73,0.31390764905418206,-0.28114781652049015,-0.1383736210005195
20.75,0.6334382544387739,-0.35449072517800934,0.16282125721969257
20.77,0.6082571891330257,-0.7483421446688873,0.3346881398404792
20.79,0.5918772728661797,-0.8859823365828317,0.3804052195703328
20.81,1.3228615958194543,-0.5001986370442808,0.4332121138037466
20.83,1.0089539467652722,-0.6816000977905449,0.3046175472908963
20.86,0.4483696482596339,-0.8390428750420194,0.3989854230969043
20.88,0.532713993215781,-0.7786572135806619,0.42489991748922773
20.9,0.594322036488097,-0.6759771414601351,0.3818720777434832
20.92,0.4799070989823671,-0.6363719707850747,0.3014393545824038
20.94,0.37160407053143046,-0.6591082724689057,0.2126944351068056
20.96,0.16991107172325276,-0.6970021086086239,0.03667145432875959
20.98,0.15059743911010604,-0.7735232099746355,0.010023530849860953
21.0,0.27063533294624575,-0.8710692784891361,-0.05305137059560554
21.02,0.05549613421752284,-0.9343886562967942,-0.1166152247654555
21.04,-0.24520979127830578,-0.8671576566940684,-0.19558108975338445
21.06,0.2158726278152981,-0.9598141979647342,-0.5363811386486569
21.08,1.2448736362802921,-0.9693487760902118,-0.5774531674968676
21.1,1.4091617516731352,-0.5845429820004279,-0.7544540537236806
21.12,1.2769000397274088,-0.5984781346453565,-0.34324481251718975
21.14,1.456345689576139,-0.6654646578858906,0.11930446474956452
21.16,0.9742383033340464,-0.39702961219937044,0.10121321394737647
21.18,0.6476178834458943,-0.33126547076979496,-0.08189958133422974
21.2,0.897472725605843,-0.46181584818017907,0.013690676282736913
21.22,1.1979341747394798,-0.5845429820004279,0.22002872597255752
21.24,0.9989304159154112,-0.6199920545182288,0.2733245729303548
21.26,0.6214589126913791,-0.6779329523576689,0.18286831891941446
21.28,0.6573969379335636,-0.7273171775203985,0.05207346514683862
21.3,1.2209149527855025,-0.658863796106714,-0.05378479968218073
21.32,1.6771078446352718,-0.5517831494667359,-0.0295816398251994
21.346,1.592519023316933,-0.3650032087522538,-0.020536014424105367
21.366,1.3548879992665708,-0.321241939919934,-0.15646487180270757
21.386,0.8791369984414632,-0.5358921859242735,-0.31366317269199034
21.406,0.49066405891880327,-0.8615347003636585,-0.4258778229379947
21.426,0.02884821073862421,-0.9647037252085688,-0.24374293310515538
21.446,0.027136876203282093,-0.6874675304831463,0.06331937780765821
21.466,0.14668581731503835,-0.2950829691654188,0.3659811142010207
21.486,0.465482993613055,-0.1904470861473581,0.2053601442410537
21.506,-0.4234330593160774,-1.122390978822235,0.14008495553586162
21.526,-0.553494484002078,-1.2666320325153562,0.2972832564251444
21.546,-0.3945848485774532,-0.7952816062096996,0.5202456987440027
21.566,-0.3224643217308926,-0.5486049567582434,0.5082663569966078
21.586,0.16184335177092565,-0.6256150108486386,0.3452006234147236
21.606,0.1911805152339333,-0.8082388534058613,0.16282125721969257
21.626,0.188735751612016,-0.948323808941723,-0.008801149038902301
21.646,0.7082480212694435,-1.023622528496776,-0.03422669070684228
21.666,1.4592794059224399,-1.0913424808238854,-0.12346056290682395
21.686,1.6140329431898053,-0.8358646823335268,-0.38700608134950953
21.706,1.067139320966904,-0.31219631451883995,-0.36255844513033647
21.726,0.6862451486721878,-0.22247348959447483,-0.27161323839501267
21.746,1.1913333129603032,-0.2633010420804938,-0.3219753690065092
21.766,1.4514561623323046,-0.2791920056229563,-0.41560981572594197
21.786,1.4903279039207897,-0.2669681875133698,-0.4938422516272958
21.806,1.5164868746753049,-0.2950829691654188,-0.4539926045900437
21.83,0.8612902240014668,-0.48650796076154385,-0.4102313357577239
21.85,0.10976988662408703,-0.8581120312929743,-0.07578767227943647
21.87,-0.17284478806955353,-0.8446658313724291,0.38480579408978394
21.89,0.18409070073037312,-0.6688873269565748,0.19411423158023408
21.91,0.5065550224612657,-0.884759954771873,0.2789475292607646
21.93,0.4693946154081227,-1.210402469211258,0.2126944351068056
21.95,0.5855208874491947,-0.7263392720716315,0.17724536258900467
21.97,0.755920911896831,-0.402897044891972,0.4943312043516792
21.99,0.8444213550102374,-0.3613360633193778,0.3823610304678666
22.01,1.0033309904348624,-0.5031323533905815,0.24741007853803135
22.03,1.0585826482901934,-0.6708431378541088,0.24374293310515538
22.05,0.3461785288634905,-0.7617883445894325,0.3779604559484155
22.07,-0.6187696727072701,-0.620725483604804,0.4359013537878556
22.09,0.2412981694832381,-0.3327323289429453,0.4613268954557956
22.11,0.4635271827155212,-0.3055954527396632,0.44396907374018274
22.13,0.3762491214130734,-0.5466491458607096,0.3686703541851297
22.15,0.8466216422699631,-0.9253430308957002,0.736851755645876
22.17,0.8713137548513278,-0.6053234727867249,0.6593527488310974
22.19,0.7996821807291508,-0.3923845613177276,0.5160896005867432
22.21,0.8622681294502338,-0.44152431011826543,0.5652293493872811
22.23,0.7434526174250528,-0.6581303670201387,0.5713412584420744
22.25,0.41218714665525774,-0.8033493261620267,0.4388350701341564
22.27,0.1750450753292791,-0.842954496837087,0.22491825321639214
22.29,0.2916603000947346,-0.749564526479846,0.14326314824435413
22.32,0.8336643950738013,-0.6209699599669957,0.2500993185221404
22.34,0.8764477584573541,-0.6454175961861688,0.34153347798184763
22.36,0.38333893591663354,-0.6840448614124621,0.38969532133361856
22.38,0.36818140146074624,-0.5696299239067323,0.41829905571005105
22.4,0.7642331082113498,-0.4503254591571677,0.4116981939308743
22.42,0.9140971182348806,-0.5429820004278336,0.3324878525807536
22.44,0.6948018213488983,-0.714115453962045,0.3642697796656786
22.46,0.5559392476239954,-0.8087278061302448,0.5033768297527733
22.48,0.4786847171714085,-0.7554319591724475,0.47452861901414906
22.5,0.2884821073862421,-0.7278061302447819,0.38700608134950953
22.52,0.2733245729303548,-0.7375851847324512,0.45619289184976924
22.54,0.37062616508266355,-0.6774439996332854,0.5148672187757846
22.56,0.6109464291171347,-0.568896494820157,0.5050881642881154
22.58,0.664242276074932,-0.5913883201417963,0.5031323533905815
22.6,0.39922989945909604,-0.7192494575680713,0.40240809216758855
22.62,0.04669498517862054,-0.843932402285854,0.37453778687773126
22.64,-0.02982611618739113,-0.8600678421905081,0.09999083213641781
22.66,0.3327323289429453,-0.8483329768053052,-0.08458882131833878
22.68,0.8060385661461358,-0.7872138862573724,-0.23616416587721173
22.7,1.2886349051126118,-0.6771995232710937,-0.32637594352596033
22.72,1.3380191302753415,-0.32906518351006936,-0.4642606118020964
22.74,1.3397304648106836,-0.11319255569477125,-0.600678421905082
22.76,1.3612443846835558,-0.26990190385967056,-0.5715857348042661
22.78,0.799437704366959,-0.5341808513889313,-0.38602817590074257
22.81,0.323931179904043,-0.7715673990771017,0.11123674479723741
22.83,0.6908901995538306,-0.5085108333587997,0.29875011459829476
22.85,1.784921920361825,-0.20658252605201236,-0.11637074840326375
22.87,1.5648931943892674,-0.34226690706842283,-0.36329187421691167
22.89,0.5647403966628977,-0.90554044555817,-0.1686886899122941
22.91,0.32564251443938513,-0.8197292424288727,0.15817620633804969
22.93,0.6297711090058979,-0.4977538734223635,0.02518106530574825
22.95,0.3967851358371787,-0.5498273385692021,-0.3236867035418513
22.97,0.3080402163615805,-0.5923662255905632,0.05060660697368823
22.99,0.19338080249365888,-0.45986003728264524,0.2789475292607646
23.01,-0.7742566390612108,-0.5872322219845368,0.374782263239923
23.03,-0.6625309415395899,-0.5781865965834428,0.5979891819209731
23.05,0.043516792470128046,-0.6089906182196009,0.49188644072976195
23.07,0.7351404211105339,-0.8011490389023012,0.717782599394921
23.09,1.1121229716101824,-0.7686336827308009,0.7172936466705375
23.11,0.4581487027473031,-0.7688781590929927,0.6449286434617852
23.13,0.4354124010634722,-0.6175472908963114,0.692357057726981
23.15,0.6085016654952174,-0.5874766983467286,0.78403569354888
23.17,0.7779237844940867,-0.5050881642881154,0.884759954771873
23.19,0.26599028206460285,-0.6236591999511047,0.8586009840173578
23.21,0.11734865385203068,-0.7055587812853344,0.7576322464321731
23.23,0.21880634416159886,-0.6962686795220487,0.6635088469883568
23.25,0.17382269351832044,-0.6085016654952174,0.5622956330409803
23.27,0.10781407572655319,-0.6703541851297252,0.5314916114048223
23.3,0.28383705650459923,-0.7835467408244965,0.6014118509916573
23.32,0.05109555969807169,-0.8876936711181738,0.24276502765638847
23.34,0.11148122115942914,-0.9136081655104972,0.37453778687773126
23.36,0.04669498517862054,-0.883782049323106,0.28505943831555786
23.38,0.3491122452097913,-0.764966537297925,0.1327506646701097
23.4,0.7207163157412217,-0.6798887632552028,0.01735782171561287
23.42,0.8696024203159857,-0.7248724138984812,0.17333374079393699
23.44,0.9348776090211778,-0.72047183937903,0.2493658894355652
23.46,1.1566176695290773,-0.6507960761543868,0.3070623109128136
23.48,1.3935152644928643,-0.5498273385692021,0.1303059010481924
23.5,1.3795801118479356,-0.45765975002291964,-0.10683617027778626
23.52,1.6316352412676098,-0.2923937291813098,-0.3351770925648626
23.54,1.4825046603306542,-0.2941050637166519,-0.2769917183632308
23.56,0.8253521987592825,-0.4635271827155212,-0.08898939583778993
23.58,0.16013201723558354,-0.7402744247165602,0.01686886899122941
23.6,-0.2246737768542004,-0.7454084283225866,0.21367234055557252
23.62,0.3708706414448553,-0.1767564098646212,0.402897044891972
23.64,1.1057665861931973,0.13641781010298568,0.29972802004706167
23.66,0.7089814503560187,-0.35986920514622744,-0.052562417871222074
23.68,-0.2799254347095315,-1.0074870885921217,-0.23714207132597867
23.7,-0.5823426947407022,-1.245118112642484,0.5097332151697582
23.72,0.7246279375362894,-0.7911255080524402,1.0529596919597837
23.74,1.698621764508144,-0.5566726767105705,0.6190141490694618
23.76,1.07789628090334,-0.6911346759160224,0.289460012835009
23.787,0.3205085108333588,-0.7231610793631391,0.43443449561470526
23.807,0.24643217308926443,-0.679644286893011,0.588943556519879
23.827,0.5266020841609876,-0.7383186138190263,0.5779421202212511
23.847,0.17235583534517007,-0.8255966751214742,0.37307092870458086
23.867,0.010268007212052684,-0.648840265256853,0.4275891574733368
23.887,-0.061119090547932645,-0.6314824435412401,0.4965314916114048
23.907,-0.14839715185038047,-0.8453992604590044,0.5994560400941233
23.927,-0.1972924242887266,-1.00724261222993,0.5588729639702961
23.947,-0.0440057451945115,-0.9272988417932341,0.39042875042019376
23.967,0.8828041438743391,-0.6644867524371237,0.43370106652813006
23.987,1.056137884668276,-0.6121688109280934,0.39996332854567124
24.007,0.28554839103994134,-0.733184610213,0.4209882956941601
24.027,0.24203159856981327,-0.7207163157412217,0.5300247532316719
24.047,0.23616416587721173,-0.7502979555664212,0.5021544479418146
24.067,-0.05842985056382361,-0.8233963878617486,0.2669681875133698
24.087,-0.5099776915319499,-0.78403569354888,-0.20413776243009504
24.107,-0.9006509183143354,-0.8207071478776395,-0.9622589615866516
24.127,-0.8578675549307826,-0.9478348562173394,-1.4492558750725788
24.147,1.5367784127372184,-0.19142499159612505,-0.8177734315313387
24.167,3.878128533447422,-0.5148672187757846,0.07138709775998534
24.187,1.249518687161935,-1.4485224459860038,0.0831219631451884
24.207,0.5938330837637136,-0.7605659627784739,-0.011734865385203068
24.227,1.6739296519267792,0.20071509335941082,0.012223818109586528
24.237,0.6080127127708339,0.061119090547932645,0.946367998044189
24.26,0.6417504507532927,-0.4195214375210097,0.9133636891483055
24.28,1.7137792989640315,-1.1096782079882652,0.47379518992757386
24.3,0.8189958133422974,-1.1038107752956636,-0.011734865385203068
24.32,0.26819056932432844,-0.5757418329615255,0.03911621795067689
24.34,0.374782263239923,-0.393851419490878,-0.20047061699721908
24.36,0.5231794150903034,-0.8011490389023012,-0.29899459096048653
24.38,0.5432264767900253,-1.0632276991718363,-0.25718913302570057
24.4,0.3972740885615622,-0.8561562203954405,-0.18433517709256486
24.42,0.49995416068208903,-0.6067903309598753,-0.10756959936436146
24.44,0.6598417015554808,-0.6698652324053418,-0.01637991626684595
24.46,0.7080035449072518,-0.8307306787275005,0.06503071234300034
24.48,0.6598417015554808,-0.7705894936283348,0.0735873850197109
24.5,0.568896494820157,-0.6341716835253491,0.06771995232710937
24.52,0.5989670873697399,-0.6647312287993155,0.040094123399443814
24.54,0.617058338171928,-0.7666778718332671,0.02933716346300767
24.56,0.5361366622864652,-0.7539651009992971,-0.031048497998349783
24.58,0.5114445497051003,-0.733184610213,-0.08141062860984628
24.6,0.4975093970601717,-0.7708339699905266,-0.08898939583778993
24.62,0.5031323533905815,-0.7656999663845002,-0.07456529046847783
24.64,0.5344253277511231,-0.7180270757571127,-0.03789383613971824
24.66,0.5454267640497509,-0.7439415701494362,-0.019313632613146715
24.68,0.5794089783944015,-0.7742566390612108,-0.0002444763621917306
24.7,0.5498273385692021,-0.7363628029214925,0.03911621795067689
24.72,0.5075329279100327,-0.7067811630962931,0.0019558108975338447
24.73,0.5537389603642697,-0.7329401338508083,-0.010512483574244415
24.76,0.5363811386486569,-0.7811019772025792,-0.0014668581731503835
24.78,0.503621306114965,-0.7691226354551844,-0.011979341747394798
24.8,0.5239128441768787,-0.7326956574886165,-0.022247348959447483
24.82,0.5556947712618037,-0.7578767227943648,-0.01637991626684595
24.84,0.5596063930568713,-0.7270727011582068,0.009779054487669223
24.86,0.5720746875286495,-0.7116706903401278,0.06747547596491764
24.88,0.6202365308804205,-0.7441860465116279,0.09216758854628243
24.9,0.6593527488310974,-0.7116706903401278,0.10268007212052685
24.92,0.6209699599669957,-0.6960242031598569,0.11881551202518106
24.94,0.6212144363291874,-0.7833022644623048,0.18335727164379795
24.96,0.6307490144546649,-0.8199737187910644,0.2036488097057116
24.98,0.6124132872902851,-0.7664333954710754,0.21220548238242215
25.0,0.44665831372429177,-0.7336735629373835,0.2271185404761177
25.02,0.45594841548757753,-0.9160529291324145,0.16282125721969257
25.04,0.4444580264645662,-1.0908535280995018,0.07505424319286129
25.06,0.46181584818017907,-1.0089539467652722,0.009779054487669223
25.08,0.5124224551538673,-0.9625034379488433,0.010023530849860953
25.1,0.6356385416984995,-1.0903645753751183,0.05207346514683862
25.12,0.7072701158206766,-1.2602756470983711,0.016135439904654218
25.14,0.6419949271154846,-1.3345964612046572,-0.008801149038902301
25.16,0.5094887388075665,-1.2133361855575588,0.006111909054793264
25.18,0.355713106988968,-1.3543990465421873,-0.04302783974574458
25.2,0.3686703541851297,-1.4612352168199736,-0.07480976683066956
25.22,0.24398740946734712,-1.0771628518167649,-0.12419399199339913
25.25,0.25596675121474194,-0.9505240962014485,-0.15866515906243314
25.27,0.30168383094459555,-0.979127830577881,-0.1510863918344895
25.29,0.32735384897472725,-0.9625034379488433,-0.12272713382024875
25.31,0.28652629648870825,-0.9771720196803472,-0.1391070500870947
25.33,0.2166060569018733,-0.9798612596644561,-0.20095956972160253
25.35,0.18042355529749718,-1.0143324267334901,-0.22980778046022673
25.37,0.22345139504324174,-1.0429361611099226,-0.19166946795831677
25.39,0.34568957613910706,-1.047092259267182,-0.16917764263667756
25.41,0.38578369953855085,-1.051737310148825,-0.14424105369312104
25.43,0.3073067872750053,-1.0346239647954039,-0.1398404791736699
25.45,0.23714207132597867,-1.041713779298964,-0.1464413409528466
25.47,0.21929529688598234,-1.1020994407603215,-0.19411423158023408
25.49,0.2608562784585765,-1.091586957186077,-0.2038932860679033
25.51,0.3606026342328026,-0.9908626959630841,-0.18409070073037312
25.53,0.4202548666075849,-0.9532133361855576,-0.14301867188216238
25.55,0.3231977508174678,-0.9678819179170614,-0.1525532500076399
25.57,0.30046144913363687,-0.9764385905937719,-0.15939858814900834
25.59,0.35644653607554316,-0.9568804816184335,-0.12028237019833145
25.61,0.3635363505791034,-0.9114078782507716,-0.0838553922317636
25.63,0.3510680561073251,-0.8517556458759894,-0.0655196650673838
25.65,0.37062616508266355,-0.8060385661461358,-0.04204993429697766
25.67,0.34177795434403935,-0.7605659627784739,-0.013935152644928643
25.69,0.3219753690065092,-0.708736973993827,0.02518106530574825
25.71,0.33028756532102804,-0.6784219050820524,0.06454175961861687
25.74,0.27283562020597135,-0.7133820248754699,0.052562417871222074
25.76,0.23029673318461022,-0.6730434251138343,0.033248785258075356
25.78,0.2591449439232344,-0.6275708217461724,0.06331937780765821
25.8,0.2743024783791217,-0.5957888946612474,0.11514836659230511
25.82,0.28823763102405037,-0.6072792836842588,0.12443846835559087
25.84,0.29997249640925344,-0.6671759924212327,0.13006142468600068
25.86,0.3087736454481557,-0.7104483085291691,0.10488035938025242
25.88,0.28090334015829843,-0.7625217736760077,0.06674204687834245
25.9,0.26599028206460285,-0.8133728570118877,0.03667145432875959
25.92,0.2608562784585765,-0.8207071478776395,0.0207804907862971
25.94,0.26745714023775324,-0.8424655441127036,0.005867432692601534
25.96,0.3224643217308926,-0.8935611038107752,-0.006600861779176726
25.98,0.35864682333526876,-0.9312104635883018,-0.028603734376432478
26.0,0.3332212816673288,-0.9275433181554258,-0.04938422516272958
26.02,0.3092625981725392,-0.8820707147877639,-0.06454175961861687
26.04,0.28408153286679094,-0.8578675549307826,-0.07701005409039513
26.06,0.27381352565473827,-0.8793814748036549,-0.0975460685145005
26.08,0.276747242001039,-0.9197200745652905,-0.12248265745805702
26.1,0.28163676924487363,-0.9468569507685726,-0.16184335177092565
26.12,0.3095070745347309,-0.9867065978058246,-0.18677994071448217
26.14,0.33150994713198667,-1.0138434740091067,-0.18482412981694832
26.16,0.3508235797451334,-0.9952632704825352,-0.17382269351832044
26.18,0.3750267396021147,-0.9911071723252758,-0.14888610457476392
26.2,0.37184854689362223,-1.0446474956452647,-0.1254163738043578
26.23,0.3948293249396449,-1.1292363169636035,-0.1158817956788803
26.25,0.37062616508266355,-1.0248449103077346,-0.0887449194755982
26.27,0.3197750817467836,-0.8573786022063992,-0.07163157412217706
26.29,0.29606087461418573,-0.7820798826513461,-0.03447116706903401
26.31,0.28823763102405037,-0.6771995232710937,-0.0031781927084924976
26.33,0.2743024783791217,-0.5708523057176909,0.04033859976163555
26.35,0.27405800201693,-0.49995416068208903,0.09265654127066589
26.37,0.28237019833144883,-0.45374812822785193,0.10243559575833511
26.39,0.2965498273385692,-0.42636677566237813,0.09559025761696666
26.41,0.31781927084924977,-0.4180545793478593,0.08605567949148916
26.43,0.3772270268618403,-0.48553005531277693,0.12223818109586529
26.45,0.4530146991412768,-0.6808666687039697,0.17088897717201967
26.47,0.48821929529688596,-0.7793906426672371,0.1806680316596889
26.49,0.44568040827552485,-0.7476087155823121,0.18115698438407235
26.51,0.40094123399443815,-0.7146044066864284,0.201448522445986
26.53,0.4261222993001864,-0.704091923112184,0.2510772239709073
26.55,0.4852855789505852,-0.7102038321669774,0.26721266387556153
26.57,0.6173028145341197,-0.7441860465116279,0.23518626042844482
26.59,0.7292729884179323,-0.8040827552486018,0.1031690248449103
26.61,0.6818445741527366,-0.8625126058124255,0.08263301042080494
26.63,0.2342083549796779,-0.9972190813800691,0.3300430889588363
26.65,0.0951013048925832,-1.049048070164716,0.512666931516059
26.67,0.2750359074656969,-0.9304770345017266,0.56082877486783
26.68,0.2630565657183021,-0.844910307734621,0.5901659383308376
26.7,0.4498365064327843,-0.7818354062891544,0.6038566146135745
26.72,0.5737860220639917,-0.7180270757571127,0.5356477095620817
26.74,0.4444580264645662,-0.6867341013965712,0.47672890627387465
26.76,0.35644653607554316,-0.7004247776793081,0.4381016410475812
26.78,0.3070623109128136,-0.7292729884179323,0.38822846316046816
26.8,0.28432600922898266,-0.780368548116004,0.3227087980930844
26.82,0.2454542676404975,-0.8099501879412034,0.24838798398679826
26.84,0.21049414784708004,-0.8258411514836659,0.19289184976927543
26.86,0.24423188582953886,-0.8639794639855759,0.17137792989640313
26.88,0.3650032087522538,-0.8879381474803655,0.1679552608257189
26.9,0.4630382299911377,-0.8752253766463954,0.17455612260489564
26.92,0.5339363750267396,-0.8446658313724291,0.17553402805366256
26.94,0.5182898878464688,-0.8233963878617486,0.1750450753292791
26.96,0.5625401094031721,-0.8026158970754514,0.20878281331173792
26.98,0.5234238914524951,-0.8273080096568163,0.2134278641933808
27.0,0.4361458301500474,-0.844910307734621,0.21220548238242215
27.02,0.4094979066711487,-0.8353757296091434,0.21244995874461386
27.04,0.3997188521834795,-0.833908871435993,0.19875928246187696
27.06,0.38896189224704336,-0.8314641078140758,0.1757785044158543
27.08,0.4036304739785472,-0.824863246034899,0.17308926443174524
27.1,0.43198973199278795,-0.827552486019008,0.18164593710845583
27.12,0.4816184335177092,-0.812150475200929,0.19215842068270023
27.14,0.5204901751061944,-0.8004156098157259,0.19533661339119274
27.16,0.47623995354949117,-0.8101946643033952,0.18824679888763254
27.17,0.46401613543990466,-0.8180179078935306,0.1838462243681814
27.197,0.4557039391253858,-0.8263301042080494,0.18604651162790697
27.217,0.45961556092045347,-0.8231519114995569,0.17773431531338812
27.237,0.46401613543990466,-0.8229074351373651,0.1757785044158543
27.257,0.47232833175442346,-0.8280414387433915,0.17846774439996332
27.277,0.47672890627387465,-0.8214405769642148,0.18189041347064755
27.297,0.4652385172508633,-0.8231519114995569,0.18115698438407235
27.317,0.46083794273141215,-0.8255966751214742,0.182379366195031
27.337,0.46083794273141215,-0.8207071478776395,0.18800232252544083
27.357,0.4635271827155212,-0.8116615224765455,0.18922470433639946
27.377,0.46010451364483695,-0.8075054243192861,0.18629098799009872
27.397,0.4539926045900437,-0.8092167588546282,0.1870244170766739
27.417,0.4517923173303181,-0.8123949515631207,0.18653546435229043
27.437,0.4491030773462091,-0.8106836170277786,0.17797879167557987
27.457,0.45937108455826176,-0.8109280933899703,0.17700088622681295
27.477,0.46034899000702867,-0.8160620969959966,0.17822326803777158
27.497,0.45863765547168656,-0.8116615224765455,0.17724536258900467
27.517,0.4554594627631941,-0.8087278061302448,0.17064450080982796
27.537,0.45374812822785193,-0.8106836170277786,0.16991107172325276
27.557,0.4491030773462091,-0.8150841915472298,0.1677107844635272
27.577,0.44494697918894965,-0.8138618097362711,0.1672218317391437
27.597,0.44421355010237445,-0.80946123521682,0.16428811539284294
27.617,0.44323564465360754,-0.8040827552486018,0.1630657335818843
27.637,0.443724597377991,-0.8087278061302448,0.16502154447941814
27.657,0.450080982794976,-0.8072609479570944,0.1662439262903768
27.68,0.4503254591571677,-0.8028603734376433,0.16599944992818508
27.7,0.4522812700547016,-0.7996821807291508,0.17015554808544447
27.72,0.45668184457415273,-0.8028603734376433,0.16819973718791065
27.74,0.44885860098401736,-0.8153286679094215,0.17064450080982796
27.76,0.4403019283073068,-0.8116615224765455,0.16257678085750082
27.78,0.44665831372429177,-0.8155731442716132,0.16037649359777525
27.8,0.45912660819607004,-0.8165510497203802,0.1662439262903768
27.82,0.45839317910949484,-0.8104391406655869,0.17284478806955353
27.84,0.45986003728264524,-0.8035938025242184,0.17211135898297833
27.86,0.452770222779085,-0.8067719952327109,0.16966659536106102
27.88,0.4503254591571677,-0.8109280933899703,0.17088897717201967
27.9,0.44616936099990834,-0.8138618097362711,0.17162240625859487
27.92,0.4469027900864835,-0.8143507624606545,0.17113345353421142
27.94,0.45619289184976924,-0.8158176206338049,0.1750450753292791
27.96,0.45961556092045347,-0.823885340586132,0.1767564098646212
27.98,0.45863765547168656,-0.8229074351373651,0.17480059896708736
28.0,0.4549705100388106,-0.8207071478776395,0.17333374079393699
28.02,0.4517923173303181,-0.8138618097362711,0.17455612260489564
28.04,0.4508144118815512,-0.8123949515631207,0.1774898389511964
28.06,0.4493475537084008,-0.8160620969959966,0.176022980778046
28.08,0.4508144118815512,-0.823885340586132,0.17773431531338812
28.1,0.44812517189744216,-0.8233963878617486,0.17333374079393699
28.12,0.4420132628426489,-0.8167955260825719,0.17333374079393699
28.14,0.4395684992207316,-0.8148397151850381,0.1735782171561287
28.15,0.43932402285853983,-0.8167955260825719,0.17846774439996332
28.18,0.4388350701341564,-0.8123949515631207,0.1735782171561287
28.2,0.4376126883231977,-0.8106836170277786,0.16893316627448582
28.22,0.434678971976897,-0.8202181951532561,0.1655104972038016
28.24,0.437368211961006,-0.8324420132628426,0.16355468630626777
28.26,0.4388350701341564,-0.8395318277664028,0.16331020994407602
28.28,0.4378571646853895,-0.8331754423494179,0.15670934816489931
28.3,0.4361458301500474,-0.8270635332946246,0.14693029367723007
28.32,0.4371237355988143,-0.818506860617914,0.14448553005531278
28.34,0.4234330593160774,-0.7938147480365492,0.13959600281147816
28.36,0.41365400482840814,-0.7693671118173762,0.1359288573786022
28.38,0.411942670293066,-0.7480976683066956,0.1381291446383278
28.4,0.4099868593955322,-0.7190049812058796,0.13470647556764356
28.42,0.3816276013812914,-0.6957797267976652,0.12297161018244049
28.44,0.3779604559484155,-0.6586193197445221,0.11343703205696298
28.46,0.35473520154020105,-0.6285487271949394,0.1063472175534028
28.48,0.33150994713198667,-0.5926107019527549,0.10536931210463588
28.5,0.308529169085964,-0.5488494331204351,0.11612627204107202
28.52,0.27381352565473827,-0.5129114078782507,0.11905998838737279
28.54,0.20511566787886196,-0.450080982794976,0.08043272316107936
28.56,0.12419399199339913,-0.3958072303884118,0.035204596155609204
28.58,0.10536931210463588,-0.38260550683005834,0.02884821073862421
28.6,0.1183265593007976,-0.3962961831127953,0.014913058093695565
28.62,0.10463588301806069,-0.4388350701341564,-0.013201723558353452
28.63,0.11123674479723741,-0.4975093970601717,-0.03667145432875959
28.66,0.1454634355040797,-0.5864987928979617,-0.053295846957797266
28.68,0.16502154447941814,-0.7097148794425939,-0.0591632796503988
28.7,0.18091250802188064,-0.8035938025242184,-0.06380833053204168
28.72,0.19851480609968522,-0.8319530605384592,-0.08776701402683128
28.74,0.20071509335941082,-0.8119059988387373,-0.13470647556764356
28.76,0.1831127952816062,-0.7886807444305228,-0.15597591907832412
28.78,0.22320691868105003,-0.7561653882590227,-0.1630657335818843
28.8,0.32686489625034376,-0.7199828866546466,-0.13470647556764356
28.82,0.3818720777434832,-0.7182715521193045,-0.08776701402683128
28.84,0.4173211502612841,-0.7466308101335452,-0.06258594872108303
28.86,0.4967759679735965,-0.7339180392995752,-0.03911621795067689
28.88,0.5151116951379764,-0.7270727011582068,-0.04302783974574458
28.9,0.5094887388075665,-0.7835467408244965,-0.04449469791889497
28.92,0.5415151422546832,-0.8759588057329707,-0.048650796076154385
28.94,0.5141337896892094,-0.900161965589952,-0.088011490389023
28.96,0.478195764447025,-0.8143507624606545,-0.14766372276380527
28.98,0.5004431134064725,-0.8065275188705192,-0.14521895914188795
29.0,0.5622956330409803,-0.8207071478776395,-0.08972282492436512
29.02,0.559850869419063,-0.8524890749625645,-0.05549613421752284
29.04,0.5060660697368823,-0.8996730128655686,-0.08263301042080494
29.06,0.48870824802126944,-0.9510130489258319,-0.1327506646701097
29.08,0.4938422516272958,-0.99452984139596,-0.12981694832380894
29.1,0.5427375240656419,-1.0822968554227912,-0.11172569752162087
29.12,0.5424930477034502,-1.1866882620786603,-0.052562417871222074
29.15,0.5329584695779727,-1.1385264187268893,-0.07774348317697033
29.17,0.4662164226996302,-1.0514928337866332,-0.2525440821440577
29.19,0.6173028145341197,-1.0084649940408887,-0.21513919872872292
29.21,0.793081318949974,-1.0774073281789567,-0.16819973718791065
29.23,0.9522354307367906,-1.1324145096720961,-0.22980778046022673
29.25,1.1866882620786603,-1.146838615041408,-0.18898022797420774
29.27,1.1817987348348256,-1.06518351006937,-0.14888610457476392
29.29,0.9353665617455612,-1.099899153500596,-0.09216758854628243
29.31,0.3926290376799193,-1.369312104635883,0.06820890505149284
29.33,-0.0863001558536809,-1.8252605201234606,0.26819056932432844
29.35,0.6639977997127403,-1.5159979219509214,0.37111511780704703
29.37,0.6053234727867249,-1.0255783393943099,0.05378479968218073
29.39,0.3461785288634905,-0.8600678421905081,-0.18335727164379795
29.41,0.529046847782905,-0.8106836170277786,-0.31121840907007303
29.43,0.5288023714207133,-0.6974910613330073,-0.2901934419215842
29.45,0.5297802768694801,-0.6625309415395899,-0.2669681875133698
29.47,0.5830761238272775,-0.6317269199034318,-0.14448553005531278
29.49,1.0541820737707424,-0.4420132628426489,-0.15157534455887295
29.51,1.1404822296244232,-0.3075512636371971,0.04645050881642881
29.53,1.0945206735323778,-0.42563334657580293,0.027136876203282093
29.55,1.086941906304434,-0.6517739816031537,-0.019069156250954986
29.57,1.1057665861931973,-0.7439415701494362,0.2542554166793998
29.59,0.657885890657947,-0.6635088469883568,0.5728081166152248
29.61,0.4542370809522354,-0.6092350945817926,0.5930996546771384
29.64,0.411942670293066,-0.5314916114048223,0.21000519512269658
29.66,0.3806496959325245,-0.7512758610151881,-0.055251657855331114
29.68,0.828530391467775,-0.868380038505027,-0.05109555969807169
29.7,1.66415059743911,-0.4390795464963481,-0.13886257372490296
29.72,1.337530177550958,-0.18800232252544083,0.411942670293066
29.74,0.11099226843504569,-0.915563976408031,0.8106836170277786
29.76,-0.4131650521040247,-1.1128564006967576,-0.36915930690951315
29.78,-0.006356385416984995,-0.32784280169911073,-0.7573877700699814
29.8,1.2336277236194726,0.2926382055435015,-1.2275158145646792
29.82,2.3750878586926625,-0.07652110136601167,-0.08018824679888763
29.84,1.614277419551997,-0.8842710020474895,0.6287932035571311
29.86,-0.29899459096048653,-1.7047336735629373,-0.17211135898297833
29.88,0.45521498640100233,-0.6476178834458943,0.16526602084160988
29.9,0.38260550683005834,0.0774990068147786,0.21416129327995598
29.92,-1.4380099624117593,-0.23469730770406136,-0.14081838462243682
29.94,-0.6874675304831463,-0.018091250802188062,-0.3341991871160957
29.96,1.6482596338966475,-0.09779054487669223,-0.5747639275127586
29.98,3.7915839012315495,-1.0248449103077346,-0.3755156923264982
30.0,0.8928276747242001,-1.0837637135959417,-0.32955413623445284
30.02,-0.3224643217308926,-0.12028237019833145,-0.006356385416984995
30.04,0.14301867188216238,0.601656327353849,0.24325398038077192
30.06,2.0648473550713566,-0.2655013293402194,0.4813739571555175
30.08,1.7636524768511443,-0.95639152889405,-0.09803502123888397
30.1,0.6583748433823304,-0.4102313357577239,-0.12810561378846683
30.12,0.3549796779023928,-0.2535219875928246,-0.0070898145035601864
30.14,0.19142499159612505,-0.4493475537084008,-0.01246829447177826
30.16,0.1334840937566849,-0.4207438193319683,-0.11368150841915473
30.18,0.8539559331357149,-0.3535128197292424,0.0
30.2,0.9933074595850013,-0.42661125202456984,0.059896708736973996
30.22,0.37038168872047184,-0.42954496837087064,-0.06258594872108303
30.24,0.23787550041255387,-0.2471656021758396,0.0044005745194511505
30.26,0.4779512880848333,-0.27405800201693,-0.0041560981572594195
30.28,0.7483421446688873,-0.5376035204596156,0.13226171194572625
30.3,0.9639702961219937,-0.9512575252880237,0.20829386058735447
30.32,1.0140879503712985,-1.2487852580753598,0.02982611618739113
30.34,0.6808666687039697,-0.9852397396326742,0.16502154447941814
30.36,0.4187880084344345,-0.7872138862573724,0.5028878770283898
30.38,1.1111450661614155,-0.8280414387433915,0.7014026831280751
30.4,1.1539284295449683,-0.8317085841762675,1.022644623048009
30.42,0.7070256394584848,-0.5820982183785105,0.8864712893072151
30.44,0.7138709775998533,-0.3733154050667726,0.3173303181248663
30.46,0.7270727011582068,-0.6375943525960334,0.29948354368486996
30.48,0.5940775601259053,-0.7512758610151881,0.3669590196497876
30.5,0.07212052684656052,-0.6879564832075299,0.295816398251994
30.52,0.3051065000152798,-0.6754881887357516,0.28530391467774957
30.54,0.7361183265593008,-0.7515203373773798,0.20609357332762887
30.56,0.6657091342480824,-0.7444305228738196,0.06600861779176725
30.58,0.4684167099593558,-0.5402927604437245,0.01295724719616172
30.59,0.3642697796656786,-0.4383461174097729,0.013935152644928643
30.62,0.4131650521040247,-0.4217217247807353,0.030070592549582862
30.64,0.4486141246218256,-0.5182898878464688,-0.02518106530574825
30.66,0.5620511566787886,-0.5525165785533112,-0.0655196650673838
30.68,1.0412248265745805,-0.4581487027473031,-0.06331937780765821
30.7,1.1690859640008557,-0.5473825749472848,0.16819973718791065
30.72,0.6520184579653454,-0.787702838981756,0.5295358005072884
30.74,0.6050789964245332,-0.8265745805702411,0.47061699721908135
30.76,0.6945573449867066,-0.6882009595697216,0.2510772239709073
30.78,0.6862451486721878,-0.5517831494667359,0.1677107844635272
30.8,0.9864621214436329,-0.5278244659719463,0.2021819515325612
30.82,1.145127280506066,-0.6099685236683678,0.25498884576597497
30.84,0.780368548116004,-0.704091923112184,0.28163676924487363
30.86,0.544448858600984,-0.617058338171928,0.5679185893713902
30.88,0.9744827796962381,-0.2628120893561104,0.4698835681325062
30.9,0.8515111695137976,-0.25938942028542616,0.22198453687009137
30.92,0.242276074932005,-0.5112000733429086,0.25865599119885097
30.94,-0.16208782813311737,-0.6072792836842588,0.43345659016593835
30.96,0.039849647037252085,-0.5334474223023561,0.5385814259083824
30.98,0.2789475292607646,-0.6703541851297252,0.41927696115881796
31.0,0.3051065000152798,-0.7969929407450417,0.24594322036488098
31.02,0.2796809583473398,-0.6984689667817743,0.3222198453687009
31.04,0.47355071356538214,-0.6938239159001314,0.506310546099074
31.06,0.34226690706842283,-0.827552486019008,0.5886990801576872
31.07,0.3332212816673288,-0.8568896494820157,0.6119243345659017
31.1,0.35522415426458454,-0.8691134675916022,0.705069828560951
31.12,0.18262384255722275,-0.9365889435565199,0.6177917672585032
31.14,-0.10854750481312837,-1.0510038810622497,0.48699691348592733
31.16,0.10439140665586896,-1.0412248265745805,0.18751336980105734
31.18,0.35522415426458454,-0.932921798123644,0.2647679002536442
31.2,0.7202273630168383,-0.7424747119762858,0.4522812700547016
31.22,1.353910093817804,-0.6551966506738379,0.7038474467499923
31.24,1.34486446841671,-0.7219386975521804,0.6610640833664395
31.26,0.267701616599945,-0.6852672432234208,0.25572227485255017
31.28,-0.07603214864162822,-0.6503071234300033,0.29777220914952784
31.3,0.5737860220639917,-0.6573969379335636,0.47623995354949117
31.32,1.4375210096873758,-0.5376035204596156,0.6175472908963114
31.34,1.4658802677016165,-0.3899397976958103,0.5527610549155029
31.36,0.7864804571707973,-0.3796717904837576,0.5490939094826269
31.38,0.1295724719616172,-0.4060752376004645,0.6617975124530147
31.4,-0.41829905571005105,-0.5994560400941233,0.4253888702136112
31.42,-0.4547260336766189,-0.8314641078140758,0.22125110778351617
31.44,0.3503346270207499,-0.6217033890535709,0.5679185893713902
31.46,0.49213091709195367,-0.5845429820004279,0.6537297925006875
31.48,0.018824679888763254,-0.7507869082908046,0.48577453167496865
31.5,0.11123674479723741,-0.7067811630962931,0.41218714665525774
31.52,0.1686886899122941,-0.7344069920239586,0.4268557283867616
31.54,0.1718668826207866,-0.7128930721510863,0.4356568774256639
31.56,0.2919047764569263,-0.6664425633346576,0.5332029459401644
31.59,0.7104483085291691,-0.6960242031598569,0.812150475200929
31.61,1.1407267059866149,-0.7747455917855942,0.8441768786480457
31.63,0.8678910857806436,-0.8815817620633805,0.6402835925801424
31.65,0.47599547718729945,-0.8468661186321548,0.6045900437001497
31.67,0.4789291935336002,-0.7945481771231244,0.6595972251932891
31.69,0.5239128441768787,-0.7708339699905266,0.6094795709439843
31.71,0.591632796503988,-0.6916236286404058,0.4197659138832014
31.73,0.575252880237142,-0.6336827308009657,0.2950829691654188
31.75,0.24203159856981327,-0.6407725453045259,0.4075420957736149
31.77,-0.05769642147724842,-0.6698652324053418,0.4278336338355285
31.79,0.022736301683830944,-0.6549521743116462,0.5067994988234575
31.81,0.13299514103230142,-0.6745102832869847,0.543470953152217
31.83,0.01295724719616172,-0.7471197628579287,0.6385722580448003
31.85,0.23445283134186962,-0.6869785777587629,0.6500626470678116
31.87,0.755920911896831,-0.6283042508327475,0.7566543409834061
31.89,0.7566543409834061,-0.6503071234300033,0.49848730250893863
31.91,0.013690676282736913,-0.7021361122146502,0.1909360388717416
31.93,-0.047183937903004,-0.8715582312135195,0.3356660452892461
31.95,0.4070531430492314,-1.0661614155181371,0.41145371756868254
31.97,0.2574336093878923,-0.9211869327384409,0.4933532989029123
31.99,0.5141337896892094,-0.6444396907374018,0.6048345200623415
32.01,0.45668184457415273,-0.7045808758365676,0.5512941967423525
32.03,0.05940775601259053,-0.843932402285854,0.5028878770283898
32.05,-0.09412339944381627,-0.827552486019008,0.5334474223023561
32.08,-0.09876845032545915,-0.8830486202365309,0.6407725453045259
32.1,0.01295724719616172,-0.922898267273783,0.6363719707850747
32.12,0.6529963634141124,-0.7417412828897106,0.5879656510711121
32.14,0.6067903309598753,-0.6124132872902851,0.5864987928979617
32.16,0.28823763102405037,-0.6190141490694618,0.6581303670201387
32.18,0.16746630810133545,-0.7686336827308009,0.6745102832869847
32.2,0.1320172355835345,-0.8534669804113315,0.698713443143966
32.22,0.07383186138190263,-0.8779146166305045,0.6840448614124621
32.24,-0.060141185099165724,-0.9006509183143354,0.5202456987440027
32.26,0.22442930049200868,-0.7234055557253308,0.23591968951502001
32.28,0.3390887143599303,-0.7104483085291691,0.3398221434465055
32.3,0.6378388289582251,-0.7979708461938086,0.554472389450845
32.32,0.5344253277511231,-0.9678819179170614,0.6375943525960334
32.34,0.2278519695626929,-0.9642147724841854,0.4850411025883935
32.36,0.2769917183632308,-0.7326956574886165,0.364758732390062
32.38,0.3014393545824038,-0.6571524615713717,0.3261314671637686
32.4,0.18017907893530544,-0.7380741374568346,0.39702961219937044
32.42,0.06576414142957553,-0.8233963878617486,0.5825871711028939
32.44,-0.06454175961861687,-0.7762124499587446,0.48968615347003636
32.46,0.05182898878464688,-0.7903920789658649,0.5693854475445406
32.48,-0.17797879167557987,-0.8458882131833878,0.40265256852978026
32.5,-0.3652476851144455,-0.8986951074168016,0.2760138129144638
32.52,-0.059896708736973996,-0.8806038566146136,0.21147205329584695
32.54,0.49922073159551383,-0.7175381230327292,0.09925740304984261
32.56,0.9427008526113131,-0.5099776915319499,-0.01686886899122941
32.58,1.0576047428414266,-0.4187880084344345,-0.11881551202518106
32.6,1.0138434740091067,-0.5134003606026343,-0.14057390826024507
32.62,0.9649482015707606,-0.6111909054793264,-0.03667145432875959
32.64,1.0400024447636218,-0.6752437123735598,0.1454634355040797
32.66,0.8422210677505119,-0.6864896250343795,0.11245912660819607
32.68,0.5016654952174312,-0.7322067047642331,0.027625828927665557
32.7,0.36744797237417104,-0.7485866210310791,0.06063013782354919
32.72,0.45668184457415273,-0.7216942211899887,0.062096995996699565
32.74,0.6982244904195826,-0.65690798520918,-0.03471564343122574
32.76,0.8691134675916022,-0.658863796106714,-0.04302783974574458
32.78,0.5503162912935855,-0.6605751306420561,-0.07652110136601167
32.8,0.3398221434465055,-0.6979800140573909,-0.1525532500076399
32.82,0.31390764905418206,-0.7478531919445038,-0.22956330409803502
32.84,0.44103535739388194,-0.7542095773614889,-0.31072945634568955
32.86,0.915563976408031,-0.7018916358524585,-0.3471564343122574
32.88,0.8598233658283164,-0.538092473183999,-0.2655013293402194
32.9,0.5297802768694801,-0.5640069675763224,-0.24423188582953886
32.92,0.6407725453045259,-0.6747547596491764,-0.2769917183632308
32.94,0.8358646823335268,-0.6349051126119243,-0.24667664945145615
32.96,0.941967423524738,-0.6102130000305596,-0.28114781652049015
32.98,1.031934724811295,-0.6278152981083641,-0.24105369312104635
33.0,0.9035846346606362,-0.5872322219845368,-0.16893316627448582
33.02,0.9343886562967942,-0.4808850044311341,-0.14130733734682027
33.03,1.0233780521345843,-0.45448155731442713,-0.23078568590899368
33.058,1.1319255569477127,-0.5559392476239954,-0.20487119151667021
33.078,1.0089539467652722,-0.7424747119762858,-0.07480976683066956
33.098,0.42001039024539316,-1.0028420377104788,0.07212052684656052
33.118,0.47599547718729945,-0.8224184824129817,0.1215047520092901
33.138,0.9074962564557039,-0.4789291935336002,0.14693029367723007
33.158,0.9879289796167833,-0.5412706658924915,-0.034960119793417475
33.178,0.6109464291171347,-0.8407542095773615,-0.047428414265195735
33.198,0.6740213305626012,-0.8534669804113315,-0.17944564984873024
33.218,0.9236316963603581,-0.7106927848913608,-0.22662958775173425
33.238,0.6894233413806803,-0.7221831739143721,-0.14228524279558719
33.258,-0.007823243590135379,-0.8490664058918803,0.022491825321639215
33.278,0.3452006234147236,-0.47306176084099866,0.16966659536106102
33.298,0.9214314091006326,-0.3498456742963665,0.07407633774409436
33.318,0.523668367814687,-0.6889343886562967,-0.03349326162026709
33.338,0.12443846835559087,-0.8451547840968127,0.14497448277969624
33.358,0.01735782171561287,-0.7644775845735415,0.4261222993001864
33.378,0.19704794792653485,-0.688689912294105,0.7058032576475262
33.398,0.3933624667664945,-0.7265837484338233,0.8475995477187299
33.418,0.14913058093695566,-0.7072701158206766,0.8612902240014668
33.438,0.11979341747394799,-0.6341716835253491,0.8207071478776395
33.458,0.10512483574244415,-0.8018824679888763,0.729517464780124
33.478,0.32417565626623474,-0.776701402683128,0.6598417015554808
33.498,0.4293004920086789,-0.7038474467499923,0.692357057726981
33.508,0.38480579408978394,-0.7334290865751918,0.7671668245576506
33.54,0.35375729609143414,-0.6610640833664395,0.8075054243192861
33.56,0.25547779849035845,-0.5385814259083824,0.7473642392201204
33.58,0.3588912996974605,-0.44543593191333314,0.7021361122146502
33.6,0.3190416526602084,-0.48699691348592733,0.6661980869724659
33.62,0.17088897717201967,-0.5630290621275555,0.47061699721908135
33.64,-0.12614980289093297,-0.8676466094184518,0.5258686550744125
33.66,0.0207804907862971,-0.8659352748831097,0.7422302356140941
33.68,-0.1317727592213428,-0.6373498762338417,0.5231794150903034
33.7,-0.003422669070684228,-0.5302692295938636,0.5261131314366042
33.72,0.2782141001741894,-0.6329493017143905,0.61167985820371
33.74,0.23738654768817039,-0.8451547840968127,0.6407725453045259
33.76,0.4366347828744308,-0.9114078782507716,0.7011582067658834
33.78,0.3535128197292424,-0.8854933838584481,0.7202273630168383
33.8,0.15010848638572258,-0.7972374171072334,0.7004247776793081
33.82,0.19338080249365888,-0.776701402683128,0.6165693854475446
33.84,0.5248907496256455,-0.78403569354888,0.37282645234238915
33.86,0.5400482840815328,-0.8603123185527,0.17308926443174524
33.88,0.24594322036488098,-0.8906273874644746,0.22394034776762523
33.9,0.0009779054487669223,-0.8999174892277603,0.24105369312104635
33.92,-0.03642697796656786,-0.93096598722611,0.15793172997585794
33.94,0.05402927604437246,-0.8884271002047489,-0.03642697796656786
33.96,0.34348928887938146,-0.7397854719921767,-0.07969929407450417
33.98,0.8771811875439294,-0.5468936222229013,0.20267090425694465
34.0,0.9280322708798093,-0.547138098585093,0.5613177275922134
34.03,0.5923662255905632,-0.5899214619686459,0.6825780032393118
34.05,1.1837545457323595,-0.3359105216514378,0.5772086911346759
34.07,1.101610488035938,-0.31048497998349783,0.41438743391498334
34.09,0.7407633774409437,-0.5346698041133148,0.5451822876875592
34.11,0.7106927848913608,-0.6444396907374018,0.4635271827155212
34.13,0.9341441799346025,-0.568896494820157,0.3821165541056749
34.15,0.7842801699110717,-0.6258594872108303,0.3708706414448553
34.17,0.3542462488158176,-0.8304862023653088,0.3931179904043028
34.19,0.4209882956941601,-0.8016379916266846,0.43052287381963755
34.21,0.47281728447880694,-0.6427283562020597,0.3784494086727989
34.23,0.5045992115637319,-0.5449378113253674,0.3960517067506035
34.25,0.6434617852886348,-0.44348012101579926,0.396540659474987
34.27,0.8637349876233842,-0.3642697796656786,0.3789383613971824
34.29,0.6021452800782324,-0.595299941936864,0.4293004920086789
34.31,0.4860190080371604,-0.8615347003636585,0.4679277572349723
34.33,1.1610182440485286,-0.7490755737554625,0.550805244017969
34.35,1.324817406716988,-0.666931516059041,0.5847874583626196
34.37,0.6287932035571311,-0.8224184824129817,0.4483696482596339
34.39,0.43003392109525407,-0.9104299728020047,0.25938942028542616
34.41,0.10047978486080127,-0.98181707056199,0.15890963542462488
34.43,-0.29997249640925344,-0.9867065978058246,-0.3376218561867799
34.45,-0.5346698041133148,-0.9360999908321364,-0.3229532744552761
34.47,-0.1207713229227149,-0.715093359410812,0.06527518870519207
34.49,0.13372857011887662,-0.8136173333740794,0.383827888641017
34.52,0.8644684167099593,-0.7045808758365676,0.7045808758365676
34.54,0.9581028634293921,-0.6339272071631574,0.6671759924212327
34.56,0.08043272316107936,-0.7182715521193045,0.4693946154081227
34.58,-0.1398404791736699,-0.645173119823977,0.6539742688628793
34.6,0.11099226843504569,-0.6434617852886348,0.8182623842557223
34.62,0.18653546435229043,-0.8221740060507899,0.8302417260031171
34.64,0.35742444152431013,-0.7094704030804021,0.780368548116004
34.66,0.5884546037954955,-0.4733062372031904,0.7180270757571127
34.68,0.3884729395226599,-0.4867524371237356,0.72047183937903
34.7,0.6060569018733001,-0.5618066803165969,0.767655777282034
34.72,0.5791645020322097,-0.7388075665434098,0.6791553341686276
34.74,0.38725055771170125,-0.8070164715949026,0.5512941967423525
34.76,0.07505424319286129,-0.8097057115790117,0.3478898633988326
34.78,0.05476270513094765,-0.855667267671057,0.393851419490878
34.8,0.380160743208141,-0.7461418574091617,0.5921217492283715
34.82,0.43052287381963755,-0.5618066803165969,0.7219386975521804
34.84,0.41658772117470894,-0.5168230296733185,0.6666870396968493
34.86,0.4645050881642881,-0.6287932035571311,0.6573969379335636
34.88,0.43003392109525407,-0.6754881887357516,0.569874400268924
34.9,0.2589004675610427,-0.7862359808086056,0.33786633254897164
34.92,0.26965742749747884,-0.627081869021789,0.538092473183999
34.94,0.3376218561867799,-0.6146135745500106,0.674265806924793
34.96,0.2909268710081594,-0.6175472908963114,0.6317269199034318
34.98,0.40338599761635546,-0.6791553341686276,0.6967576322464322
35.0,0.5759863093237173,-0.7106927848913608,0.8473550713565382
35.02,0.32759832533691896,-0.7344069920239586,0.7400299483543684
35.04,0.30021697277144516,-0.746875286495737,0.7080035449072518
35.06,0.2787030528985729,-0.7947926534853161,0.6635088469883568
35.08,0.24814350762460655,-0.8055496134217522,0.5850319347248113
35.1,0.452770222779085,-0.7314732756776579,0.6862451486721878
35.12,0.4214772484185435,-0.7302508938666993,0.7146044066864284
35.14,0.38700608134950953,-0.7754790208721694,0.6955352504354735
35.16,0.3063288818262384,-0.726828224796015,0.6427283562020597
35.18,0.2056046206032454,-0.7038474467499923,0.434678971976897
35.2,0.11025883934847049,-0.7155823121351954,0.21489472236653118
35.22,-0.28823763102405037,-0.7955260825718913,-0.3117073617944565
35.24,-0.6119243345659017,-0.7923478898633988,-0.96910429972802
35.26,-0.6256150108486386,-0.803104849799835,-1.7582739968829264
35.28,0.2095162423983131,-0.7872138862573724,-1.8355285273355133
35.3,1.7169574916725239,-0.5153561715001681,-1.3641781010298566
35.32,2.521040246921126,-0.9859731687192494,-0.07872138862573724
35.34,2.41713779298964,-0.705069828560951,0.35864682333526876
35.36,1.5279772636983162,-0.37527121596430646,0.16453259175503468
35.38,1.6947101427130764,-0.4979983497845552,0.7407633774409437
35.4,1.7108455826177307,-0.16917764263667756,0.7075145921828683
35.42,0.8776701402683128,-0.21049414784708004,0.4112092412064908
35.44,0.36011368150841916,-0.8202181951532561,0.18091250802188064
35.46,0.23885340586132078,-1.2989029123246645,-0.2038932860679033
35.49,0.4987317788711304,-0.8644684167099593,-0.39776304128594564
35.51,0.697735537695199,-0.4803960517067506,-0.3031506891177459
35.53,0.47526204810072425,-0.6380833053204168,-0.2478990312624148
35.55,0.3253980380771934,-0.8730250893866699,-0.233230449530911
35.57,0.434678971976897,-0.7955260825718913,-0.19069156250954986
35.59,0.5578950585215292,-0.6867341013965712,-0.11905998838737279
35.61,0.6385722580448003,-0.7099593558047856,0.011001436298627876
35.63,0.6204810072426122,-0.7111817376157442,0.06283042508327476
35.65,0.6019008037160407,-0.7351404211105339,0.003911621795067689
35.67,0.6041010909757663,-0.7251168902606729,0.015402010818079027
35.69,0.5882101274333038,-0.6930904868135562,0.02518106530574825
35.71,0.5652293493872811,-0.7344069920239586,-0.031292974360541514
35.73,0.5596063930568713,-0.7297619411423157,-0.052562417871222074
35.75,0.5913883201417963,-0.6891788650184885,-0.031292974360541514
35.77,0.5657183021116645,-0.7248724138984812,-0.05940775601259053
35.79,0.5388259022705743,-0.752253766463955,-0.03642697796656786
35.81,0.5522721021911193,-0.7258503193472481,0.0026892399841090364
35.83,0.5625401094031721,-0.6693762796809584,-0.043516792470128046
35.85,0.5838095529138526,-0.7344069920239586,-0.07016471594902668
35.87,0.5490939094826269,-0.786724933532989,-0.027870305289857285
35.89,0.5278244659719463,-0.724138984811906,-0.02493658894355652
35.91,0.48699691348592733,-0.7058032576475262,-0.060874614185740916
35.93,0.4786847171714085,-0.7480976683066956,-0.12663875561531643
35.95,0.5816092656541271,-0.8016379916266846,-0.08141062860984628
35.976,0.5212236041927696,-0.7507869082908046,-0.04522812700547016
35.996,0.5283134186963298,-0.7102038321669774,-0.07505424319286129
36.016,0.5510497203801608,-0.7674113009198423,-0.06625309415395898
36.036,0.5141337896892094,-0.7422302356140941,-0.07309843229532745
36.056,0.5850319347248113,-0.711426213977936,-0.08287748678299667
36.076,0.6185251963450784,-0.7708339699905266,-0.08996730128655686
36.096,0.4931088225407206,-0.7745011154234025,-0.11685970112764722
36.116,0.47183937903004003,-0.7209607921034135,-0.1063472175534028
36.136,0.5346698041133148,-0.7121596430645112,-0.11563731931668857
36.156,0.5642514439385142,-0.7380741374568346,-0.1031690248449103
36.176,0.6028787091648076,-0.7226721266387556,-0.05427375240656419
36.196,0.6434617852886348,-0.6882009595697216,-0.039849647037252085
36.216,0.627081869021789,-0.7554319591724475,-0.05891880328820707
36.236,0.5104666442563335,-0.7891696971549064,-0.06429728325642514
36.256,0.5349142804755065,-0.7370962320080677,-0.028114781652049017
36.276,0.7089814503560187,-0.8160620969959966,0.16331020994407602
36.296,0.8326864896250343,-0.8128839042875042,0.23543073679063656
36.316,0.9380558017296703,-0.7749900681477859,0.20022614063502733
36.336,0.7679002536442258,-0.9544357179965162,-0.031048497998349783
36.356,0.36084711059499436,-1.0458698774562234,-0.08483329768053051
36.376,0.5855208874491947,-1.2189591418879686,0.01271277083396999
36.396,0.8236408642239403,-1.5001069584084588,-0.04669498517862054
36.416,0.6356385416984995,-1.5321333618555755,-0.1870244170766739
36.436,0.3757601686886899,-1.499129052959692,-0.2598783730098096
36.458,0.23787550041255387,-1.3045258686550745,-0.25547779849035845
36.478,0.16428811539284294,-1.2003789383613972,-0.2760138129144638
36.498,0.16282125721969257,-1.0006417504507532,-0.3080402163615805
36.518,0.10830302845093664,-0.9673929651926779,-0.4058307612382728
36.538,0.1447300064175045,-0.957369434342817,-0.48993062983222807
36.558,0.25596675121474194,-0.8786480457170797,-0.5209791278305779
36.578,0.37453778687773126,-0.893805580172967,-0.47599547718729945
36.598,0.4630382299911377,-0.8982061546924182,-0.4808850044311341
36.618,0.4258778229379947,-0.8664242276074932,-0.4520367936925098
36.638,0.3354215689270544,-0.9082296855422791,-0.42636677566237813
36.658,0.2892155364728173,-0.9427008526113131,-0.4190324847966262
36.678,0.3510680561073251,-0.9681263942792531,-0.34422271796595666
36.698,0.42807811019772024,-0.9708156342633621,-0.2591449439232344
36.718,0.4659719463374385,-0.9996638450019864,-0.1909360388717416
36.738,0.4493475537084008,-1.018977477615133,-0.13250618830791797
36.758,0.40387495034073895,-1.0065091831433548,-0.10268007212052685
36.778,0.32955413623445284,-0.9622589615866516,-0.11319255569477125
36.798,0.374782263239923,-0.9334107508480274,-0.031048497998349783
36.818,0.3914066558689607,-0.9622589615866516,-0.003422669070684228
36.838,0.29801668551171956,-0.9368334199187116,-0.045717079729853616
36.858,0.22980778046022673,-0.8969837728814595,-0.12297161018244049
36.878,0.2782141001741894,-0.8441768786480457,-0.07089814503560186
36.898,0.3224643217308926,-0.8055496134217522,-0.004889527243834612
36.918,0.3483788161232161,-0.7784127372184702,0.03153745072273324
36.928,0.32710937261253553,-0.7862359808086056,0.03936069431286862
36.96,0.31292974360541514,-0.8158176206338049,-0.009534578125477493
36.98,0.3346881398404792,-0.7857470280842221,-0.005622956330409804
37.0,0.24912141307337346,-0.7918589371390153,0.053540323319988994
37.02,0.19215842068270023,-0.7642331082113498,0.07847691226354551
37.04,0.2173394859884485,-0.6908901995538306,0.06918681050025975
37.06,0.23396387861748616,-0.6412614980289093,0.055251657855331114
37.08,0.24178712220762155,-0.6224368181401461,0.08825596675121473
37.1,0.22345139504324174,-0.6498181707056199,0.0951013048925832
37.12,0.20413776243009504,-0.6806221923417779,0.08018824679888763
37.14,0.1767564098646212,-0.697735537695199,0.06894233413806802
37.16,0.17797879167557987,-0.7546985300858723,0.04522812700547016
37.18,0.18482412981694832,-0.8116615224765455,0.0
37.2,0.20756043150077927,-0.8378204932310607,-0.047428414265195735
37.22,0.2271185404761177,-0.874736423922012,-0.03740488341533478
37.24,0.21758396235064023,-0.9023622528496775,-0.06771995232710937
37.26,0.24349845674296366,-0.9175197873055648,-0.10047978486080127
37.28,0.2628120893561104,-0.9478348562173394,-0.10365797756929376
37.3,0.28359258014240746,-0.9771720196803472,-0.1246829447177826
37.32,0.30266173639336247,-0.9915961250496592,-0.1327506646701097
37.34,0.3117073617944565,-0.9859731687192494,-0.13519542829202702
37.36,0.3227087980930844,-0.9622589615866516,-0.14521895914188795
37.38,0.2933716346300767,-0.9224093145493995,-0.14913058093695566
37.4,0.2469211258136479,-0.8960058674326926,-0.1527977263698316
37.42,0.22100663142132446,-0.8969837728814595,-0.15573144271613237
37.44,0.22760749320050117,-0.9035846346606362,-0.14155181370901201
37.46,0.23005225682241848,-0.9048070164715949,-0.1320172355835345
37.48,0.23396387861748616,-0.9114078782507716,-0.1295724719616172
37.5,0.2733245729303548,-0.9299880817773432,-0.12835009015065857
37.52,0.32784280169911073,-0.9480793325795311,-0.10708064663997799
37.54,0.37111511780704703,-0.9889068850655502,-0.07701005409039513
37.56,0.40118571035662987,-1.023622528496776,-0.05427375240656419
37.58,0.41634324481251717,-1.039024539314855,-0.04425022155670324
37.6,0.43101182654402104,-1.0876753353910094,-0.09021177764874859
37.62,0.4251443938514195,-1.0732512300216972,-0.12810561378846683
37.64,0.36084711059499436,-0.8202181951532561,-0.13519542829202702
37.66,0.3381108089111634,-0.6622864651773982,-0.09656816306573358
37.68,0.3796717904837576,-0.6124132872902851,-0.018824679888763254
37.7,0.4082755248601901,-0.564495920300706,0.04327231610793631
37.72,0.40558628487608106,-0.5740304984261834,0.0743208141062861
37.74,0.4077865721358066,-0.6028787091648076,0.08923387219998166
37.76,0.4236775356782691,-0.6031231855269994,0.09803502123888397
37.78,0.42807811019772024,-0.6349051126119243,0.10781407572655319
37.8,0.4388350701341564,-0.6847782904990374,0.11417046114353818
37.82,0.4491030773462091,-0.7104483085291691,0.11710417748983895
37.84,0.4359013537878556,-0.7212052684656052,0.10928093389970357
37.86,0.4209882956941601,-0.7270727011582068,0.10047978486080127
37.88,0.43027839745744584,-0.7348959447483421,0.11368150841915473
37.9,0.4588821318338783,-0.7534761482749136,0.1366622864651774
37.93,0.4806405280689423,-0.767655777282034,0.15597591907832412
37.95,0.49726492069798,-0.7735232099746355,0.1672218317391437
37.97,0.5170675060355102,-0.8163065733581885,0.1968034715643431
37.99,0.5089997860831831,-0.8920942456376248,0.18604651162790697
38.01,0.4525257464168933,-0.8852489074962564,0.15842068270024143
38.03,0.43370106652813006,-0.8346423005225682,0.14766372276380527
38.05,0.47232833175442346,-0.818506860617914,0.1694221189988693
38.07,0.5415151422546832,-0.8126394279253124,0.20804938422516273
38.09,0.6048345200623415,-0.7828133117379213,0.2095162423983131
38.11,0.48797481893469424,-0.7925923662255906,0.19069156250954986
38.13,0.36818140146074624,-0.8226629587751734,0.1623323044953091
38.15,0.30095040185802036,-0.8419765913883202,0.15475353726736546
38.17,0.29777220914952784,-0.8456437368211961,0.16453259175503468
38.19,0.3217308926443174,-0.842954496837087,0.17480059896708736
38.21,0.39776304128594564,-0.8082388534058613,0.20829386058735447
38.23,0.4813739571555175,-0.7833022644623048,0.21465024600433946
38.25,0.46254927726675427,-0.7901476026036732,0.21880634416159886
38.27,0.4090089539467653,-0.7960150352962748,0.2109831005714635
38.29,0.3285762307856859,-0.844910307734621,0.18898022797420774
38.31,0.31121840907007303,-0.858356507655166,0.17480059896708736
38.33,0.3371329034623965,-0.8512666931516059,0.18091250802188064
38.35,0.383827888641017,-0.8453992604590044,0.18531308254133178
38.37,0.3960517067506035,-0.8356202059713351,0.18824679888763254
38.39,0.40314152125416375,-0.8251077223970907,0.17944564984873024
38.42,0.3877395104360847,-0.817528955169147,0.16379916266845948
38.44,0.3906732267823855,-0.8099501879412034,0.15719830088928277
38.46,0.41829905571005105,-0.8273080096568163,0.16037649359777525
38.48,0.456437368211961,-0.8292638205543501,0.16184335177092565
38.5,0.48699691348592733,-0.8180179078935306,0.15939858814900834
38.52,0.5119335024294839,-0.8077499006814779,0.160620969959967
38.54,0.5222015096415366,-0.8026158970754514,0.1549980136295572
38.56,0.5175564587598936,-0.7974818934694251,0.14913058093695566
38.58,0.5085108333587997,-0.7974818934694251,0.14277419551997067
38.6,0.4967759679735965,-0.8013935152644929,0.14081838462243682
38.62,0.48968615347003636,-0.7996821807291508,0.13886257372490296
38.64,0.4828408153286679,-0.8006600861779176,0.13495095192983528
38.66,0.4835742444152431,-0.8018824679888763,0.1334840937566849
38.68,0.49017510619441984,-0.8079943770436696,0.13886257372490296
38.7,0.49066405891880327,-0.808483329768053,0.13861809736271125
38.72,0.4860190080371604,-0.8045717079729854,0.13323961739449316
38.74,0.48944167710784464,-0.8133728570118877,0.13617333374079393
38.76,0.48993062983222807,-0.8197292424288727,0.14350762460654584
38.78,0.4794181462579837,-0.8101946643033952,0.14204076643339547
38.8,0.47452861901414906,-0.8055496134217522,0.13715123918956085
38.82,0.47526204810072425,-0.8087278061302448,0.14204076643339547
38.84,0.47135042630565654,-0.8214405769642148,0.1461968645906549
38.86,0.45937108455826176,-0.8075054243192861,0.14106286098462856
38.88,0.4508144118815512,-0.8053051370595605,0.1327506646701097
38.91,0.4637716590777129,-0.8236408642239403,0.13886257372490296
38.93,0.46010451364483695,-0.8148397151850381,0.13641781010298568
38.95,0.4532591755034685,-0.8077499006814779,0.13152828285915105
38.97,0.45374812822785193,-0.8099501879412034,0.1303059010481924
38.99,0.4493475537084008,-0.8011490389023012,0.13226171194572625
39.01,0.45668184457415273,-0.8079943770436696,0.13519542829202702
39.03,0.456437368211961,-0.8114170461143538,0.14252971915777893
39.05,0.4469027900864835,-0.8106836170277786,0.14008495553586162
39.07,0.4444580264645662,-0.813128380649696,0.13886257372490296
39.09,0.44641383736210005,-0.8143507624606545,0.14204076643339547
39.11,0.4510588882437429,-0.8136173333740794,0.1461968645906549
39.13,0.4510588882437429,-0.8062830425083275,0.1461968645906549
39.15,0.450080982794976,-0.8035938025242184,0.14326314824435413
39.17,0.4542370809522354,-0.8109280933899703,0.14326314824435413
39.19,0.4535036518656602,-0.805794089783944,0.13886257372490296
39.21,0.46254927726675427,-0.8048161843351771,0.14179629007120373
39.23,0.4659719463374385,-0.8035938025242184,0.14693029367723007
39.25,0.4652385172508633,-0.8045717079729854,0.1454634355040797
39.27,0.4652385172508633,-0.8013935152644929,0.1461968645906549
39.29,0.46890566268373923,-0.8006600861779176,0.14766372276380527
39.31,0.47232833175442346,-0.8006600861779176,0.15230877364544815
39.33,0.47257280811661523,-0.8033493261620267,0.15157534455887295
39.35,0.4708614735812731,-0.8043272316107937,0.14961953366133912
39.37,0.47110594994346483,-0.8067719952327109,0.1464413409528466
39.4,0.47599547718729945,-0.8082388534058613,0.1464413409528466
39.42,0.47697338263606637,-0.8153286679094215,0.14766372276380527
39.44,0.47183937903004003,-0.8172844788069553,0.14130733734682027
39.46,0.4676832808727806,-0.8116615224765455,0.1391070500870947
39.48,0.4642606118020964,-0.8097057115790117,0.13861809736271125
39.5,0.4645050881642881,-0.8187513369801057,0.13886257372490296
39.52,0.45937108455826176,-0.8197292424288727,0.1327506646701097
39.54,0.45765975002291964,-0.8297527732787336,0.1317727592213428
39.56,0.45594841548757753,-0.8297527732787336,0.13446199920545182
39.58,0.452770222779085,-0.8197292424288727,0.13397304648106836
39.6,0.44592488463771657,-0.8158176206338049,0.13079485377257585
39.62,0.4390795464963481,-0.8197292424288727,0.12932799559942548
39.64,0.4332121138037466,-0.8216850533264065,0.13079485377257585
39.66,0.42881153928429544,-0.8204626715154478,0.1303059010481924
39.68,0.4231885829538856,-0.8167955260825719,0.12810561378846683
39.7,0.4214772484185435,-0.8158176206338049,0.12419399199339913
39.72,0.4229441065916939,-0.8199737187910644,0.12419399199339913
39.74,0.4224551538673105,-0.808483329768053,0.12321608654463222
39.76,0.41756562662347585,-0.7916144607768236,0.12199370473367356
39.78,0.41463191027717505,-0.7769458790453198,0.12370503926901567
39.8,0.40338599761635546,-0.7488310973932708,0.12786113742627508
39.82,0.38798398679827645,-0.7258503193472481,0.12248265745805702
39.84,0.381138648656908,-0.7158267884973871,0.1183265593007976
39.85,0.3764935977752651,-0.7097148794425939,0.12003789383613972
39.88,0.3515570088317086,-0.7089814503560187,0.12199370473367356
39.9,0.333954710753904,-0.6713320905784922,0.10463588301806069
39.92,0.3205085108333588,-0.6380833053204168,0.09632368670354186
39.94,0.31488555450294897,-0.6102130000305596,0.0919231121840907
39.96,0.3036396418421294,-0.5703633529933074,0.08043272316107936
39.98,0.28285915105583226,-0.5415151422546832,0.0767655777282034
40.0,0.2628120893561104,-0.5239128441768787,0.06258594872108303
40.02,0.25596675121474194,-0.5288023714207133,0.051340036060263425
40.04,0.2662347584267946,-0.5539834367264616,0.05305137059560554
40.06,0.2750359074656969,-0.6019008037160407,0.026403447116706905
40.08,0.28408153286679094,-0.6691318033187666,-0.03813831250190997
40.1,0.2933716346300767,-0.7884362680683311,-0.09045625401094032
40.12,0.3483788161232161,-0.8945390092595422,-0.0919231121840907
40.14,0.4224551538673105,-0.9023622528496775,-0.06723099960272591
40.16,0.4222106775051187,-0.8427100204748953,-0.07383186138190263
40.18,0.3943403722152614,-0.8233963878617486,-0.10781407572655319
40.2,0.3383552852733551,-0.8551783149466736,-0.12908351923723374
40.22,0.317574794487058,-0.8434434495614705,-0.13323961739449316
40.24,0.31464107814075726,-0.824863246034899,-0.13421752284326008
40.26,0.34422271796595666,-0.7759679735965529,-0.11783760657641414
40.28,0.36158053968156956,-0.7128930721510863,-0.10414693029367723
40.3,0.3388442379977386,-0.7031140176634172,-0.10488035938025242
40.32,0.34642300522568226,-0.6908901995538306,-0.10390245393148549
40.34,0.3540017724536259,-0.6559300797604132,-0.10121321394737647
40.37,0.3645142560278703,-0.6363719707850747,-0.088011490389023
40.39,0.4082755248601901,-0.6657091342480824,-0.07016471594902668
40.41,0.40143018671882164,-0.7143599303242367,-0.06405280689423341
40.43,0.3764935977752651,-0.7642331082113498,-0.06723099960272591
40.45,0.3581578706108853,-0.762277297313816,-0.06258594872108303
40.47,0.3469119579500657,-0.7749900681477859,-0.058185374201631876
40.49,0.36329187421691167,-0.8358646823335268,-0.07480976683066956
40.51,0.3975185649237539,-0.8488219295296886,-0.11025883934847049
40.53,0.4515478409681264,-0.8040827552486018,-0.14595238822846315
40.55,0.4645050881642881,-0.8292638205543501,-0.09412339944381627
40.57,0.48479662622620173,-0.9048070164715949,-0.04620603245423708
40.59,0.46034899000702867,-0.9385447544540537,-0.058185374201631876
40.61,0.3980075176481374,-0.9805946887510314,-0.06943128686245148
40.63,0.44568040827552485,-1.0179995721663662,-0.06943128686245148
40.65,0.568896494820157,-1.0395134920392384,-0.015646487180270757
40.67,0.6657091342480824,-1.0502704519756745,0.05867432692601534
40.69,0.4383461174097729,-1.0573602664792348,-0.09852397396326742
40.71,0.34080004889527243,-1.0025975613482871,-0.1975369006509183
40.73,0.4469027900864835,-1.0539375974085505,-0.19313632613146717
40.75,0.6860006723099961,-1.1717752039849647,-0.029092687100815938
40.77,0.7488310973932708,-1.177887113039758,0.013446199920545182
40.79,0.6385722580448003,-1.1602848149619533,-0.03153745072273324
40.81,0.6820890505149283,-1.095987531705528,-0.1320172355835345
40.83,0.6891788650184885,-1.0791186627142988,-0.1510863918344895
40.85,0.6904012468294471,-1.159551385875378,-0.02200287259725575
40.87,0.6331937780765822,-1.20502398924304,0.17455612260489564
40.89,0.35913577605965225,-1.4252971915777892,0.4503254591571677
40.91,0.11612627204107202,-1.6211227576933656,0.47452861901414906
40.93,0.3527793906426672,-1.4221189988692968,0.24887693671118175
40.95,0.5845429820004279,-0.9268098890688506,-0.12737218470189163
40.97,0.4923753934541454,-0.6512850288787703,-0.12566085016654951
40.99,0.708736973993827,-0.6481068361702778,-0.0415609815725942
41.01,0.80946123521682,-0.8475995477187299,-0.07945481771231244
41.03,0.6004339455428903,-0.8542004094979067,-0.057207468752864955
41.05,0.29875011459829476,-0.7348959447483421,0.09730159215230877
41.07,0.2271185404761177,-0.6757326650979433,0.19215842068270023
41.09,0.6730434251138343,-0.5938330837637136,0.10781407572655319
41.11,0.8610457476392751,-0.697735537695199,0.04204993429697766
41.13,0.7329401338508083,-0.7322067047642331,-0.0831219631451884
41.15,0.9830394523729487,-0.6818445741527366,0.0070898145035601864
41.17,1.2989029123246645,-0.538092473183999,0.32882070714787764
41.19,0.4469027900864835,-0.6661980869724659,0.4385905937719647
41.21,-0.04131650521040247,-0.5877211747089203,0.4063197139626562
41.23,0.42636677566237813,-0.381138648656908,0.19998166427283562
41.25,0.6221923417779543,-0.636127494422883,0.17553402805366256
41.27,0.8268190569324328,-0.808483329768053,0.292149252819118
41.29,0.8180179078935306,-0.6331937780765822,0.25523332212816674
41.31,0.8341533477981847,-0.4508144118815512,0.14424105369312104
41.32,0.8620236530880421,-0.37111511780704703,0.16819973718791065
41.35,0.8048161843351771,-0.38676160498731776,0.19069156250954986
41.37,0.9581028634293921,-0.44592488463771657,0.15548696635394066
41.39,1.6096323686703542,-0.6943128686245148,0.1391070500870947
41.41,1.560737096232008,-1.1245912660819606,0.4349234483390887
41.43,-0.027870305289857285,-1.0155548085444488,0.17088897717201967
41.45,-1.0065091831433548,-0.5874766983467286,-0.3686703541851297
41.47,-0.941967423524738,0.5168230296733185,-0.6901567704672554
41.49,0.2906823946459677,0.5781865965834428,0.01271277083396999
41.51,1.544601656327354,-0.5569171530727622,0.29875011459829476
41.53,1.9511658466522017,-1.1610182440485286,-0.08287748678299667
41.55,1.1492833786633254,-0.6290376799193228,-0.006845338141368456
41.57,0.3371329034623965,-0.572563640253033,0.0647862359808086
41.59,0.5383369495461907,-0.7573877700699814,0.09265654127066589
41.61,0.8207071478776395,-0.7194939339302631,0.027136876203282093
41.63,0.916541881856798,-0.6930904868135562,0.19142499159612505
41.65,0.9837728814595239,-0.7634996791247746,0.4803960517067506
41.67,1.1128564006967576,-0.5921217492283715,0.302172783668979
41.69,0.8608012712770834,-0.4620603245423708,0.23811997677474558
41.71,0.6999358249549247,-0.3581578706108853,0.3368884271002047
41.73,0.48773034257250253,-0.4789291935336002,0.4126760993796412
41.75,0.147908199125997,-0.610701952754943,0.28823763102405037
41.77,0.07701005409039513,-0.616080432723161,0.26965742749747884
41.79,0.3183082235736332,-0.6168138618097363,0.317574794487058
41.81,0.5432264767900253,-0.8982061546924182,0.1904470861473581
41.837,0.22345139504324174,-1.1683525349142805,0.09461235216819973
41.857,0.20853833694954618,-0.9576139107050087,0.11685970112764722
41.877,0.3799162668459493,-0.6845338141368457,0.2755248601900804
41.897,0.557161629434954,-0.5825871711028939,0.21073862420927175
41.917,0.8087278061302448,-0.7011582067658834,-0.057451945115056684
41.937,1.058827124652385,-0.749564526479846,-0.3845613177275922
41.957,1.3033034868441158,-0.7256058429850564,-0.3892063686092351
41.977,1.3690676282736913,-0.6591082724689057,-0.10121321394737647
41.997,0.8478440240809216,-0.6789108578064358,-0.17480059896708736
42.017,0.6295266326437062,-0.5461601931363261,-0.40314152125416375
42.037,1.4367875806008006,-0.22760749320050117,-0.4383461174097729
42.057,1.7421385569782721,-0.29923906732267824,-0.0026892399841090364
42.077,0.16966659536106102,-0.9353665617455612,0.28285915105583226
42.097,-0.8994285365033768,-1.1539284295449683,0.4630382299911377
42.117,-0.16502154447941814,-0.5586284876081044,0.41854353207224276
42.137,1.3365522721021912,-0.2366531186015952,0.1982703297374935
42.157,1.6218561867799406,-0.5867432692601534,0.0002444763621917306
42.177,0.5060660697368823,-0.7842801699110717,-0.14204076643339547
42.197,0.09143415945970723,-0.6407725453045259,-0.09314549399504936
42.217,0.7190049812058796,-0.28603734376432477,0.16844421355010236
42.237,1.2502521162485103,-0.17064450080982796,0.3437337652415732
42.257,0.8507777404272224,-0.2779696238119977,0.38969532133361856
42.277,-0.1919139443205085,-0.8620236530880421,1.0646945573449866
42.287,-0.7478531919445038,-1.3118601595208264,1.1771536839531827
42.309,0.30095040185802036,-0.5410261895302998,0.5620511566787886
42.329,1.0700730373132048,-0.27014638022186227,0.31244079088103166
42.349,0.14375210096873758,-0.69504629771109,0.47281728447880694
42.369,0.23616416587721173,-0.8434434495614705,0.47232833175442346
42.389,0.2412981694832381,-0.8617791767258502,0.559850869419063
42.409,0.39042875042019376,-0.8060385661461358,0.684289337774654
42.429,0.7962595116584665,-0.9072517800935122,0.5427375240656419
42.449,0.6050789964245332,-1.0111542340249977,0.2589004675610427
42.469,0.47526204810072425,-0.8996730128655686,0.07407633774409436
42.489,0.6065458545976836,-0.792103413501207,0.2637899948048773
42.509,0.9084741619044708,-0.5561837239861871,0.4860190080371604
42.529,0.5600953457812547,-0.469150139045931,0.4997096843198973
42.549,0.3395776670843138,-0.465482993613055,0.5640069675763224
42.569,0.39996332854567124,-0.5561837239861871,0.5070439751856493
42.589,0.1215047520092901,-0.762277297313816,0.35913577605965225
42.609,-0.22320691868105003,-0.8923387219998167,0.31855269993582497
42.629,-0.3755156923264982,-0.9493017143904898,0.30070592549582864
42.649,-0.16379916266845948,-0.8040827552486018,0.033248785258075356
42.669,0.47037252085688963,-0.6104574763927513,-0.2390978822235125
42.689,0.8769367111817375,-0.683311432325887,-0.3923845613177276
42.709,1.0615163646364942,-0.8578675549307826,-0.22394034776762523
42.729,0.9246096018091251,-0.8456437368211961,-0.023958683494789596
42.749,0.7894141735170981,-0.7004247776793081,-0.11710417748983895
42.769,1.0661614155181371,-0.6104574763927513,-0.1814014607462641
42.779,1.0722733245729303,-0.5630290621275555,-0.1613543990465422
42.81,0.837576016868869,-0.5796534547565932,-0.09901292668765088
42.83,0.8495553586162637,-0.6258594872108303,0.033248785258075356
42.85,1.1236133606331937,-0.5640069675763224,0.014668581731503835
42.87,1.5746722488769367,-0.3845613177275922,-0.1518198209210647
42.89,1.9169391559453595,-0.24447636219173058,-0.35693548879992665
42.91,1.683219753690065,-0.24667664945145615,-0.44494697918894965
42.93,1.2133361855575588,-0.3791828377593741,-0.5038657824771567
42.95,0.44421355010237445,-0.6175472908963114,-0.4204993429697766
42.97,0.19851480609968522,-0.8197292424288727,-0.28725972557528345
42.99,0.4058307612382728,-0.90554044555817,-0.020047061699721907
43.01,0.10341350120710203,-1.0793631390764906,0.017602298077804602
43.03,-0.04816184335177093,-0.8505332640650307,0.11514836659230511
43.05,0.057451945115056684,-0.5715857348042661,0.17137792989640313
43.07,0.3789383613971824,-0.6674204687834245,0.20169299880817773
43.09,0.35522415426458454,-0.8072609479570944,0.5955444182990557
43.11,0.4251443938514195,-0.564495920300706,0.8133728570118877
43.13,0.3918956085933441,-0.4224551538673105,0.6466399779971274
43.15,-0.0031781927084924976,-0.5828316474650858,0.30046144913363687
43.17,-0.1295724719616172,-0.7749900681477859,0.4779512880848333
43.19,0.15719830088928277,-0.9268098890688506,0.5911438437796045
43.21,0.021758396235064023,-0.7309843229532744,0.44103535739388194
43.23,0.16110992268435045,-0.6561745561226049,0.652507410689729
43.25,0.3899397976958103,-0.5666962075604315,0.6918681050025975
43.27,0.7072701158206766,-0.4522812700547016,0.7224276502765639
43.29,0.715093359410812,-0.5319805641292057,0.557161629434954
43.31,0.37209302325581395,-0.5838095529138526,0.3931179904043028
43.33,0.3958072303884118,-0.6745102832869847,0.41560981572594197
43.35,0.18726889343886563,-0.8380649695932524,0.3652476851144455
43.37,0.1958255661155762,-1.0157992849066406,0.813128380649696
43.39,0.48944167710784464,-0.792103413501207,0.8128839042875042
43.41,0.6126577636524768,-0.6268373926595973,0.6004339455428903
43.43,0.3845613177275922,-0.7180270757571127,0.5493383858448186
43.45,0.47917366989579196,-0.7661889191088836,0.5764752620481007
43.47,0.3948293249396449,-0.8202181951532561,0.4926198698163371
43.49,0.25132170033309903,-0.8977172019680347,0.481862909879901
43.51,0.45986003728264524,-0.7219386975521804,0.5970112764722061
43.53,0.6600861779176725,-0.610701952754943,0.4356568774256639
43.55,0.6446841670995935,-0.6327048253521987,0.36011368150841916
43.57,0.5950554655746723,-0.6283042508327475,0.44494697918894965
43.59,0.46890566268373923,-0.7412523301653271,0.3341991871160957
43.61,0.154264584542982,-0.777679308131895,0.32710937261253553
43.63,0.005867432692601534,-0.8004156098157259,0.6155914799987776
43.65,0.10561378846682762,-0.7084924976316352,0.8229074351373651
43.67,0.07285395593313572,-0.7664333954710754,0.8417321150261284
43.69,0.5314916114048223,-0.657885890657947,0.8177734315313387
43.71,0.764966537297925,-0.5904104146930294,0.781346453564771
43.73,0.5429820004278336,-0.7209607921034135,0.6133911927390521
43.75,0.4803960517067506,-1.3380191302753415,0.4134095284662164
43.76,1.2969471014271308,-1.4585459768358646,0.9121413073373468
43.79,0.9898847905143171,-1.275922134278642,1.3145493995049353
43.81,0.11001436298627876,-0.7901476026036732,1.1734865385203068
43.83,-0.21513919872872292,-0.47208385539223174,0.7092259267182104
43.85,-0.9735048742474712,-0.5109555969807169,0.23127463863337713
43.87,-1.2116248510222167,-0.41585429208813374,-0.06576414142957553
43.89,-0.3894508449714268,-0.45863765547168656,-0.22834092228707636
43.91,0.06649757051615071,-1.3451089447789017,-0.7099593558047856
43.93,0.1303059010481924,-1.2118693273844086,-0.7190049812058796
43.95,0.3327323289429453,-0.1757785044158543,-0.6268373926595973
43.97,0.9187421691165235,0.1359288573786022,-0.28579286740213306
43.99,1.5878739724352902,0.05794089783944015,-0.0295816398251994
44.01,1.7770986767716896,-0.29703878006295265,-0.017846774439996334
44.03,1.400116126272041,-0.6559300797604132,-0.308529169085964
44.05,0.8713137548513278,-1.006264706781163,-0.4532591755034685
44.07,0.4112092412064908,-1.1321700333099043,-0.015157534455887297
44.09,0.07260947957094398,-1.254897167130153,0.34251138343061455
44.11,0.6774439996332854,-0.8461326895455795,0.9903737432387005
44.13,2.089050514928338,-0.559850869419063,0.7620328209516243
44.15,1.241450967209608,-0.6627754179017816,0.1990037588240687
44.17,0.47477309537634077,-0.9338997035724108,-0.154264584542982
44.19,0.5811203129297436,-0.736851755645876,-0.19607004247776794
44.21,0.6745102832869847,-0.42661125202456984,-0.11221465024600434
44.23,0.4867524371237356,-0.40020780490786295,-0.11514836659230511
44.24,0.4412798337560737,-0.4085200012223818,0.057207468752864955
44.27,0.3588912996974605,-0.5055771170124989,0.2630565657183021
44.29,0.48797481893469424,-0.5975002291965895,0.7224276502765639
44.31,1.8851572288604346,-0.2095162423983131,0.4520367936925098
44.33,2.266784830241726,-0.09167863582189897,0.07945481771231244
44.35,1.633346575802952,-0.31610793631390766,-0.13299514103230142
44.37,1.547046419949271,-0.3911621795067689,-0.34740091067444917
44.39,1.0505149283378663,-0.4860190080371604,-0.3630473978547199
44.41,-0.24325398038077192,-0.855667267671057,-0.3588912996974605
44.43,-0.9497906671148734,-1.0077315649543135,-0.26990190385967056
44.45,-1.1940225529444122,-1.0402469211258136,-0.3349326162026709
44.47,-0.3207529871955505,-0.8109280933899703,0.02884821073862421
44.49,0.5625401094031721,-0.8850044311340647,0.4830852916908596
44.51,0.04816184335177093,-1.1192127861137426,0.5955444182990557
44.53,-0.1630657335818843,-0.8598233658283164,0.47403966628976557
44.55,0.242276074932005,-0.7571432937077897,0.52269046236592
44.57,0.18971365706078294,-0.9439232344222718,0.6307490144546649
44.59,-0.14252971915777893,-0.9436787580600801,0.4239220120404608
44.61,-0.47428414265195734,-0.9915961250496592,0.12174922837148183
44.63,-0.5512941967423525,-1.1446383277816825,-0.25058827124652383
44.65,-0.42661125202456984,-1.317727592213428,-0.8441768786480457
44.67,-0.35693548879992665,-1.269565748861657,-1.8795342725300248
44.69,-0.8994285365033768,-1.0954985789811447,-3.0960486507960763
44.71,-0.3980075176481374,0.013935152644928643,-3.6446536075543197
44.73,6.524340677810714,1.4624575986309323,-1.8365064327842802
44.76,-2.208843932402286,-3.0114598294777375,1.7084008189958133
44.78,3.344681111145066,-0.7747455917855942,0.18262384255722275
44.8,1.9775692937689087,2.138190263728876,0.6292821562815145
44.82,0.27112428567062924,0.28285915105583226,0.9942853650337683
44.84,1.5512025181065305,-1.652415732053907,0.0073342908657519175
44.86,0.7444305228738196,-1.888335421568927,-0.16208782813311737
44.88,-0.005378479968218073,-0.5437154295144088,-0.14595238822846315
44.9,-0.12419399199339913,-0.3092625981725392,-0.21538367509091463
44.92,0.4053418085138893,-0.8700913730403691,-0.21782843871283195
44.94,0.7023805885768419,-1.0566268373926595,-0.12688323197750817
44.96,0.6534853161384958,-0.572563640253033,0.008312196314518839
44.98,0.8326864896250343,-0.45374812822785193,0.15573144271613237
45.0,0.6720655196650673,-0.7847691226354552,0.1926473734070837
45.02,0.44812517189744216,-0.7935702716743575,0.13299514103230142
45.04,0.5239128441768787,-0.6422394034776763,0.06674204687834245
45.06,0.6302600617302815,-0.7554319591724475,0.0207804907862971
45.08,0.5415151422546832,-0.8219295296885982,-0.005622956330409804
45.1,0.44421355010237445,-0.7466308101335452,0.06283042508327476
45.12,0.45765975002291964,-0.708736973993827,0.09265654127066589
45.14,0.6038566146135745,-0.6948018213488983,0.07285395593313572
45.16,0.6698652324053418,-0.7275616538825902,0.09167863582189897
45.18,0.5581395348837209,-0.7336735629373835,0.08214405769642147
45.2,0.5605842985056382,-0.6952907740732818,0.08556672676710571
45.22,0.5517831494667359,-0.7544540537236806,0.07774348317697033
45.25,0.6094795709439843,-0.7375851847324512,0.0655196650673838
45.27,0.5669406839226232,-0.7427191883384775,0.05305137059560554
45.29,0.5649848730250894,-0.7234055557253308,0.06625309415395898
45.31,0.5828316474650858,-0.7236500320875225,0.07578767227943647
45.33,0.5740304984261834,-0.7207163157412217,0.09070073037313205
45.35,0.5495828622070104,-0.6999358249549247,0.08336643950738012
45.37,0.5737860220639917,-0.7146044066864284,0.0919231121840907
45.39,0.5879656510711121,-0.7238945084497143,0.08214405769642147
45.41,0.6187696727072701,-0.7226721266387556,0.07921034135012071
45.43,0.5713412584420744,-0.7270727011582068,0.07921034135012071
45.45,0.569874400268924,-0.7067811630962931,0.08141062860984628
45.47,0.5310026586804388,-0.7270727011582068,0.07725453045258686
45.49,0.5622956330409803,-0.7124041194267029,0.0679644286893011
45.51,0.6202365308804205,-0.7089814503560187,0.06845338141368457
45.53,0.6622864651773982,-0.7209607921034135,0.0831219631451884
45.55,0.5913883201417963,-0.7234055557253308,0.0831219631451884
45.57,0.5510497203801608,-0.7075145921828683,0.07823243590135379
45.59,0.5718302111664578,-0.7082480212694435,0.06331937780765821
45.61,0.6185251963450784,-0.7278061302447819,0.06356385416984996
45.63,0.5989670873697399,-0.7099593558047856,0.06771995232710937
45.65,0.5732970693396082,-0.6943128686245148,0.062096995996699565
45.67,0.5982336582831648,-0.7067811630962931,0.07847691226354551
45.69,0.5994560400941233,-0.7048253521987593,0.05940775601259053
45.71,0.6199920545182288,-0.7016471594902668,0.0655196650673838
45.73,0.6185251963450784,-0.7346514683861504,0.057207468752864955
45.75,0.5911438437796045,-0.7058032576475262,0.052317941509030345
45.77,0.5750084038749503,-0.6835559086880787,0.05891880328820707
45.79,0.5982336582831648,-0.6940683922623231,0.051340036060263425
45.817,0.6182807199828867,-0.7048253521987593,0.05842985056382361
45.837,0.5835650765516609,-0.7158267884973871,0.04645050881642881
45.857,0.5894325092442624,-0.7092259267182104,0.0383827888641017
45.877,0.5913883201417963,-0.7001803013171164,0.04889527243834611
45.897,0.6295266326437062,-0.6960242031598569,0.05182898878464688
45.917,0.6681538978699997,-0.7060477340097179,0.06429728325642514
45.937,0.6121688109280934,-0.7290285120557406,0.09534578125477493
45.957,0.543470953152217,-0.7737676863368272,0.08850044311340648
45.977,0.5684075420957736,-0.7461418574091617,0.05476270513094765
45.997,0.6906457231916389,-0.6666870396968493,0.03813831250190997
46.017,0.780368548116004,-0.6806221923417779,0.05891880328820707
46.037,0.8260856278458576,-0.7243834611740977,0.14766372276380527
46.057,0.8363536350579103,-0.7950371298475079,0.2214955841457079
46.077,0.7679002536442258,-0.8627570821746172,0.088011490389023
46.097,0.9263209363444672,-0.7852580753598386,0.022247348959447483
46.117,0.9610365797756929,-0.7446749992360113,-0.04596155609204535
46.137,0.6793998105308193,-1.0864529535800507,-0.07652110136601167
46.157,0.6622864651773982,-1.31381597041836,0.030559545273966322
46.177,0.7158267884973871,-1.3433976102435596,0.12003789383613972
46.197,0.5686520184579653,-1.2989029123246645,0.09143415945970723
46.217,0.3906732267823855,-1.2485407817131682,0.06185251963450784
46.237,0.21538367509091463,-1.1575955749778444,0.04693946154081227
46.247,0.07798795953916206,-1.1087003025394981,-0.03398221434465055
46.27,0.08996730128655686,-1.0742291354704643,-0.10243559575833511
46.29,0.20976071876050484,-1.0060202304189714,-0.1366622864651774
46.31,0.2914158237325429,-1.007976041316505,-0.16893316627448582
46.33,0.3581578706108853,-1.0025975613482871,-0.17528955169147084
46.35,0.4395684992207316,-1.0505149283378663,-0.0951013048925832
46.37,0.4207438193319683,-1.085230571769092,-0.01711334535342114
46.39,0.40411942670293066,-0.9925740304984262,-0.060874614185740916
46.41,0.43003392109525407,-0.9466124744063809,-0.09876845032545915
46.43,0.46059346636922044,-0.9519909543745989,-0.10463588301806069
46.45,0.5288023714207133,-0.9585918161537756,-0.06992023958683495
46.47,0.538092473183999,-0.9647037252085688,-0.023958683494789596
46.49,0.47697338263606637,-0.9417229471625462,-0.0070898145035601864
46.51,0.38700608134950953,-0.9084741619044708,-0.01271277083396999
46.53,0.34666748158787397,-0.8764477584573541,-0.02542554166793998
46.55,0.3899397976958103,-0.8666687039696849,-0.009779054487669223
46.57,0.4239220120404608,-0.9246096018091251,0.020047061699721907
46.59,0.40485285578950586,-0.9544357179965162,0.02982611618739113
46.61,0.37355988142896435,-0.9764385905937719,0.0295816398251994
46.63,0.34740091067444917,-0.9986859395532194,0.016624392629037678
46.65,0.3525349142804755,-0.973749350609663,0.014424105369312105
46.67,0.36915930690951315,-0.9307215108639183,0.023469730770406136
46.69,0.3933624667664945,-0.881092809338997,0.04547260336766189
46.72,0.38969532133361856,-0.8219295296885982,0.05207346514683862
46.74,0.3852947468141674,-0.7524982428261467,0.05769642147724842
46.76,0.38333893591663354,-0.6818445741527366,0.06600861779176725
46.78,0.3899397976958103,-0.6038566146135745,0.08263301042080494
46.8,0.3894508449714268,-0.5356477095620817,0.10928093389970357
46.82,0.37258197598019743,-0.5065550224612657,0.11221465024600434
46.84,0.333954710753904,-0.4967759679735965,0.10756959936436146
46.86,0.3077957399993888,-0.4806405280689423,0.10268007212052685
46.88,0.30168383094459555,-0.5006875897686642,0.08898939583778993
46.9,0.3036396418421294,-0.5615622039544051,0.08141062860984628
46.92,0.30266173639336247,-0.6089906182196009,0.0591632796503988
46.94,0.29899459096048653,-0.6287932035571311,0.040827552486019006
46.96,0.29801668551171956,-0.6666870396968493,0.015157534455887297
46.98,0.3205085108333588,-0.7248724138984812,-0.01271277083396999
47.0,0.3542462488158176,-0.7610549155028573,-0.027870305289857285
47.02,0.3764935977752651,-0.7928368425877823,-0.051340036060263425
47.04,0.3750267396021147,-0.8158176206338049,-0.06698652324053418
47.06,0.3794273141215659,-0.8321975369006509,-0.07725453045258686
47.08,0.37184854689362223,-0.8343978241603764,-0.0774990068147786
47.1,0.3606026342328026,-0.8224184824129817,-0.07407633774409436
47.12,0.3662255905632124,-0.8219295296885982,-0.07016471594902668
47.14,0.38969532133361856,-0.850288787702839,-0.059896708736973996
47.17,0.3830944595544418,-0.9412339944381627,-0.06454175961861687
47.19,0.3412890016196559,-0.9559025761696666,-0.06527518870519207
47.21,0.3222198453687009,-1.0157992849066406,-0.09216758854628243
47.23,0.3334657580295205,-1.0945206735323778,-0.09999083213641781
47.25,0.3102405036213061,-0.9788833542156893,-0.07578767227943647
47.27,0.2948384928032271,-0.805794089783944,-0.04938422516272958
47.29,0.3349326162026709,-0.704091923112184,0.012223818109586528
47.31,0.355713106988968,-0.6053234727867249,0.048650796076154385
47.33,0.34813433976102437,-0.5283134186963298,0.07065366867341014
47.35,0.3884729395226599,-0.5246462732634538,0.11074779207285396
47.37,0.42489991748922773,-0.6368609235094582,0.14448553005531278
47.39,0.45937108455826176,-0.704091923112184,0.2109831005714635
47.41,0.4825963389664762,-0.736851755645876,0.2324970204443358
47.43,0.46890566268373923,-0.7874583626195643,0.2254072059407756
47.45,0.43052287381963755,-0.8097057115790117,0.21293891146899735
47.47,0.38505027045197565,-0.8067719952327109,0.1968034715643431
47.49,0.35522415426458454,-0.8138618097362711,0.18751336980105734
47.51,0.35546863062677625,-0.8270635332946246,0.17822326803777158
47.53,0.36158053968156956,-0.8473550713565382,0.1694221189988693
47.55,0.40143018671882164,-0.8317085841762675,0.1806680316596889
47.57,0.46034899000702867,-0.8097057115790117,0.18800232252544083
47.59,0.49115301164318675,-0.8045717079729854,0.2036488097057116
47.62,0.5258686550744125,-0.7886807444305228,0.22174006050789963
47.64,0.5488494331204351,-0.7950371298475079,0.2349417840662531
47.66,0.564495920300706,-0.8092167588546282,0.23543073679063656
47.68,0.531736087767014,-0.8163065733581885,0.21220548238242215
47.7,0.4938422516272958,-0.8194847660666809,0.19460318430461754
47.72,0.47281728447880694,-0.8106836170277786,0.1814014607462641
47.74,0.4686611863215475,-0.8001711334535342,0.17822326803777158
47.76,0.47770681172264157,-0.7889252207927145,0.17308926443174524
47.78,0.481862909879901,-0.7855025517220303,0.16355468630626777
47.8,0.4789291935336002,-0.7764569263209363,0.1549980136295572
47.82,0.47428414265195734,-0.77132292271491,0.14937505729914738
47.84,0.47428414265195734,-0.7874583626195643,0.14326314824435413
47.86,0.47379518992757386,-0.7940592243987409,0.13641781010298568
47.88,0.47452861901414906,-0.8070164715949026,0.1366622864651774
47.9,0.47428414265195734,-0.8363536350579103,0.1312838064969593
47.92,0.4681722335971641,-0.8409986859395532,0.12199370473367356
47.94,0.4669498517862054,-0.8353757296091434,0.12297161018244049
47.96,0.47110594994346483,-0.8314641078140758,0.12126027564709838
47.98,0.4684167099593558,-0.8253521987592825,0.12590532652874126
48.0,0.4637716590777129,-0.8187513369801057,0.13250618830791797
48.02,0.4505699355193595,-0.8160620969959966,0.13788466827613605
48.04,0.44323564465360754,-0.8087278061302448,0.14032943189805336
48.07,0.4376126883231977,-0.8136173333740794,0.1447300064175045
48.09,0.4359013537878556,-0.8165510497203802,0.15475353726736546
48.11,0.43003392109525407,-0.8087278061302448,0.15719830088928277
48.13,0.4231885829538856,-0.8114170461143538,0.15377563181859855
48.15,0.4268557283867616,-0.812150475200929,0.15670934816489931
48.17,0.4381016410475812,-0.817528955169147,0.16502154447941814
48.19,0.44079088103169023,-0.8104391406655869,0.16282125721969257
48.21,0.44494697918894965,-0.8145952388228463,0.16208782813311737
48.23,0.44592488463771657,-0.8229074351373651,0.15768725361366623
48.25,0.4508144118815512,-0.8224184824129817,0.15475353726736546
48.27,0.4535036518656602,-0.8209516242398313,0.15304220273202335
48.29,0.45594841548757753,-0.8221740060507899,0.14961953366133912
48.31,0.45790422638511136,-0.8263301042080494,0.14252971915777893
48.33,0.4581487027473031,-0.8167955260825719,0.13568438101641048
48.35,0.4635271827155212,-0.8189958133422974,0.13250618830791797
48.37,0.4671943281483971,-0.8189958133422974,0.12932799559942548
48.39,0.4679277572349723,-0.8153286679094215,0.12517189744216606
48.41,0.4659719463374385,-0.8160620969959966,0.12248265745805702
48.43,0.46254927726675427,-0.8075054243192861,0.12003789383613972
48.45,0.46328270635332947,-0.8119059988387373,0.12370503926901567
48.47,0.46474956452647986,-0.813128380649696,0.11881551202518106
48.48,0.462793753628946,-0.8143507624606545,0.11539284295449684
48.51,0.465482993613055,-0.8221740060507899,0.11417046114353818
48.53,0.4698835681325062,-0.8253521987592825,0.11294807933257953
48.55,0.4676832808727806,-0.8114170461143538,0.11294807933257953
48.57,0.4667053754240137,-0.8111725697521621,0.11099226843504569
48.59,0.46890566268373923,-0.8116615224765455,0.11905998838737279
48.61,0.45961556092045347,-0.8097057115790117,0.12566085016654951
48.63,0.4515478409681264,-0.812150475200929,0.12297161018244049
48.65,0.44959203007059256,-0.8123949515631207,0.12370503926901567
48.67,0.45790422638511136,-0.8123949515631207,0.1303059010481924
48.69,0.46034899000702867,-0.8182623842557223,0.1373957155517526
48.71,0.4557039391253858,-0.8101946643033952,0.13446199920545182
48.73,0.45692632093634444,-0.8189958133422974,0.13568438101641048
48.75,0.46157137181798735,-0.821196100602023,0.14252971915777893
48.77,0.45937108455826176,-0.813128380649696,0.14277419551997067
48.79,0.46401613543990466,-0.8133728570118877,0.1471747700394218
48.81,0.4554594627631941,-0.8126394279253124,0.15377563181859855
48.83,0.4508144118815512,-0.8072609479570944,0.14986401002353084
48.85,0.4549705100388106,-0.8023714207132597,0.14424105369312104
48.87,0.4620603245423708,-0.8062830425083275,0.14570791186627144
48.89,0.47037252085688963,-0.8199737187910644,0.14888610457476392
48.91,0.4674388045105889,-0.8104391406655869,0.14130733734682027
48.93,0.46328270635332947,-0.8060385661461358,0.13935152644928644
48.95,0.469150139045931,-0.8077499006814779,0.13935152644928644
48.97,0.4674388045105889,-0.8067719952327109,0.13690676282736913
48.99,0.4652385172508633,-0.8072609479570944,0.13250618830791797
49.01,0.4679277572349723,-0.8092167588546282,0.13152828285915105
49.03,0.4669498517862054,-0.8155731442716132,0.1312838064969593
49.05,0.4657274699752468,-0.8060385661461358,0.1327506646701097
49.07,0.465482993613055,-0.8075054243192861,0.13421752284326008
49.09,0.46401613543990466,-0.8099501879412034,0.13226171194572625
49.11,0.4613268954557956,-0.8150841915472298,0.13495095192983528
49.13,0.4620603245423708,-0.8163065733581885,0.1359288573786022
49.15,0.46254927726675427,-0.8109280933899703,0.13299514103230142
49.17,0.46157137181798735,-0.8101946643033952,0.13470647556764356
49.19,0.4637716590777129,-0.8104391406655869,0.13886257372490296
49.21,0.45937108455826176,-0.8097057115790117,0.14057390826024507
49.23,0.4571707972985362,-0.8099501879412034,0.1391070500870947
49.25,0.45765975002291964,-0.8123949515631207,0.13715123918956085
49.27,0.45839317910949484,-0.8114170461143538,0.14497448277969624
49.29,0.4571707972985362,-0.8099501879412034,0.14448553005531278
49.31,0.45741527366072793,-0.8158176206338049,0.14277419551997067
49.33,0.4684167099593558,-0.8231519114995569,0.14301867188216238
49.35,0.4667053754240137,-0.8111725697521621,0.14741924640161355
49.37,0.46083794273141215,-0.8040827552486018,0.14521895914188795
49.38,0.4635271827155212,-0.808483329768053,0.14595238822846315
49.41,0.4669498517862054,-0.8109280933899703,0.147908199125997
49.43,0.45986003728264524,-0.8087278061302448,0.14693029367723007
49.45,0.4542370809522354,-0.8104391406655869,0.14277419551997067
49.47,0.4530146991412768,-0.8126394279253124,0.14350762460654584
49.49,0.4630382299911377,-0.8163065733581885,0.14252971915777893
49.51,0.4662164226996302,-0.8150841915472298,0.14252971915777893
49.53,0.46059346636922044,-0.8092167588546282,0.13519542829202702
49.55,0.4571707972985362,-0.8119059988387373,0.13495095192983528
49.57,0.45765975002291964,-0.8106836170277786,0.1391070500870947
49.59,0.45790422638511136,-0.8079943770436696,0.13886257372490296
49.61,0.4547260336766189,-0.8079943770436696,0.13299514103230142
49.63,0.4554594627631941,-0.8165510497203802,0.13372857011887662
49.65,0.4554594627631941,-0.813128380649696,0.13568438101641048
49.67,0.45741527366072793,-0.8097057115790117,0.13372857011887662
49.69,0.46181584818017907,-0.8143507624606545,0.13617333374079393
49.71,0.46059346636922044,-0.8126394279253124,0.13617333374079393
49.73,0.4549705100388106,-0.8138618097362711,0.1359288573786022
49.75,0.45765975002291964,-0.8097057115790117,0.13690676282736913
49.77,0.45790422638511136,-0.8065275188705192,0.13886257372490296
49.79,0.4645050881642881,-0.8119059988387373,0.14179629007120373
49.81,0.4613268954557956,-0.8045717079729854,0.13959600281147816
49.83,0.46230480090456255,-0.8055496134217522,0.13861809736271125
49.85,0.4630382299911377,-0.8104391406655869,0.13959600281147816
49.87,0.4667053754240137,-0.8060385661461358,0.14032943189805336
49.89,0.4649940408886716,-0.8018824679888763,0.14179629007120373
49.91,0.4669498517862054,-0.8097057115790117,0.13959600281147816
49.93,0.4669498517862054,-0.8038382788864101,0.13715123918956085
49.95,0.46890566268373923,-0.8136173333740794,0.14375210096873758
49.97,0.46474956452647986,-0.8092167588546282,0.14228524279558719
49.99,0.4669498517862054,-0.8116615224765455,0.1373957155517526
50.01,0.466460899061822,-0.8128839042875042,0.14252971915777893
50.03,0.46328270635332947,-0.8087278061302448,0.1447300064175045
50.05,0.45619289184976924,-0.8104391406655869,0.14106286098462856
50.07,0.45741527366072793,-0.8082388534058613,0.1391070500870947
50.09,0.46010451364483695,-0.8148397151850381,0.14057390826024507
50.11,0.4571707972985362,-0.8119059988387373,0.14057390826024507
50.13,0.4539926045900437,-0.813128380649696,0.1366622864651774
50.15,0.45765975002291964,-0.823885340586132,0.1366622864651774
50.17,0.4659719463374385,-0.8180179078935306,0.1398404791736699
50.19,0.47281728447880694,-0.8101946643033952,0.14521895914188795
50.21,0.47697338263606637,-0.808483329768053,0.15084191547229778
50.23,0.4684167099593558,-0.7979708461938086,0.15084191547229778
50.25,0.4520367936925098,-0.7989487516425755,0.1383736210005195
50.27,0.4515478409681264,-0.8018824679888763,0.14106286098462856
50.28,0.4515478409681264,-0.8099501879412034,0.14204076643339547
50.31,0.44250221556703234,-0.8023714207132597,0.13641781010298568
50.33,0.44616936099990834,-0.8004156098157259,0.12981694832380894
50.35,0.4422577392048406,-0.8158176206338049,0.12297161018244049
50.37,0.4398129755829233,-0.8192402897044891,0.12419399199339913
50.39,0.4383461174097729,-0.8177734315313387,0.12932799559942548
50.41,0.4361458301500474,-0.8165510497203802,0.13397304648106836
50.43,0.443724597377991,-0.8180179078935306,0.1373957155517526
50.45,0.44470250282675794,-0.8099501879412034,0.14179629007120373
50.47,0.4515478409681264,-0.8099501879412034,0.15084191547229778
50.49,0.4444580264645662,-0.8194847660666809,0.14497448277969624
50.51,0.4354124010634722,-0.8280414387433915,0.13470647556764356
50.53,0.4285670629221037,-0.8260856278458576,0.12835009015065857
50.55,0.424655441127036,-0.8260856278458576,0.12174922837148183
50.57,0.4207438193319683,-0.8290193441921584,0.11392598478134645
50.59,0.4195214375210097,-0.8246187696727073,0.10659169391559453
50.61,0.4217217247807353,-0.8199737187910644,0.10512483574244415
50.63,0.4214772484185435,-0.7943037007609327,0.10659169391559453
50.65,0.41438743391498334,-0.767655777282034,0.10708064663997799
50.67,0.40411942670293066,-0.7581211991565565,0.10561378846682762
50.69,0.3911621795067689,-0.752253766463955,0.09656816306573358
50.71,0.3845613177275922,-0.746875286495737,0.08776701402683128
50.72,0.3818720777434832,-0.7510313846529963,0.08018824679888763
50.74,0.38260550683005834,-0.752253766463955,0.06992023958683495
50.76,0.3818720777434832,-0.7370962320080677,0.06258594872108303
50.78,0.3794273141215659,-0.6974910613330073,0.057451945115056684
50.8,0.3652476851144455,-0.6613085597286312,0.05182898878464688
50.82,0.3667145432875959,-0.6390612107691838,0.04131650521040247
50.84,0.3818720777434832,-0.6630198942639733,0.03398221434465055
50.86,0.4241664884026526,-0.7270727011582068,0.038871741588485165
50.88,0.4412798337560737,-0.7974818934694251,0.031048497998349783
50.9,0.4251443938514195,-0.8586009840173578,0.014913058093695565
50.92,0.4077865721358066,-0.9028512055740611,0.0004889527243834612
50.94,0.3936069431286862,-0.9074962564557039,-0.011245912660819608
50.96,0.3767380741374568,-0.8737585184732451,-0.026158970754515173
50.98,0.3796717904837576,-0.8845154784096813,-0.05011765424930477
51.0,0.3923845613177276,-0.8762032820951624,-0.056229563304098035
51.02,0.3923845613177276,-0.808483329768053,-0.05158451242245515
51.04,0.40118571035662987,-0.7693671118173762,-0.05402927604437246
51.06,0.38651712862512605,-0.7446749992360113,-0.05280689423341381
51.08,0.38871741588485165,-0.7517648137395715,-0.060141185099165724
51.1,0.393851419490878,-0.7913699844146319,-0.07065366867341014
51.12,0.39874094673471255,-0.7759679735965529,-0.07260947957094398
51.14,0.3926290376799193,-0.7410078538031354,-0.06820890505149284
51.16,0.37184854689362223,-0.7324511811264248,-0.08605567949148916
51.17,0.35522415426458454,-0.7483421446688873,-0.09950187941203435
51.2,0.3461785288634905,-0.7346514683861504,-0.09974635577422608
51.22,0.3395776670843138,-0.6855117195856125,-0.0911896830975155
51.24,0.3522904379182838,-0.6419949271154846,-0.07383186138190263
51.26,0.35717996516211836,-0.6048345200623415,-0.06160804327231611
51.28,0.34593405250129877,-0.588943556519879,-0.07065366867341014
51.3,0.32955413623445284,-0.588943556519879,-0.0655196650673838
51.32,0.3205085108333588,-0.579897931118785,-0.047428414265195735
51.34,0.29899459096048653,-0.5498273385692021,-0.0415609815725942
51.36,0.26672371115117804,-0.5200012223818109,-0.06356385416984996
51.38,0.24569874400268923,-0.5490939094826269,-0.08507777404272224
51.4,0.27063533294624575,-0.5960333710234391,-0.0679644286893011
51.42,0.33371023439171227,-0.6517739816031537,-0.035938025242184396
51.44,0.3657366378388289,-0.7319622284020414,-0.03202640344711671
51.46,0.34153347798184763,-0.7774348317697033,-0.04131650521040247
51.48,0.3334657580295205,-0.8331754423494179,-0.03813831250190997
51.5,0.3503346270207499,-0.8820707147877639,-0.03642697796656786
51.52,0.33859976163554684,-0.9380558017296703,-0.06038566146135745
51.54,0.3454450997769153,-1.012621092198148,-0.05891880328820707
51.56,0.38700608134950953,-1.0568713137548513,-0.05769642147724842
51.58,0.4190324847966262,-1.062494270085261,-0.07603214864162822
51.6,0.4557039391253858,-1.0546710264951258,-0.07016471594902668
51.62,0.4987317788711304,-1.029978913913761,-0.06527518870519207
51.65,0.5219570332793448,-1.0167771903554075,-0.04596155609204535
51.67,0.5270910368853712,-1.0527152155975918,-0.021758396235064023
51.69,0.49139748800537847,-1.0642056046206032,-0.019558108975338447
51.71,0.45790422638511136,-1.0512483574244416,-0.01246829447177826
51.73,0.4715949026678483,-1.0522262628732084,0.008067719952327109
51.75,0.4830852916908596,-1.0976988662408702,0.02126944351068056
51.77,0.4635271827155212,-1.1013660116737463,0.019313632613146715
51.79,0.4388350701341564,-1.1255691715307277,0.006356385416984995
51.81,0.42881153928429544,-1.153195000458393,0.007823243590135379
51.83,0.41536533936375025,-1.1338813678452464,0.01295724719616172
51.85,0.4197659138832014,-1.1118784952479908,0.010512483574244415
51.87,0.43345659016593835,-1.0950096262567612,0.0046450508816428815
51.89,0.44274669192922406,-1.063472175534028,0.002444763621917306
51.91,0.4649940408886716,-1.0524707392354002,0.0075787672279436485
51.93,0.47061699721908135,-1.0143324267334901,0.002444763621917306
51.95,0.45863765547168656,-0.9720380160743208,-0.00855667267671057
51.97,0.4708614735812731,-0.9395226599028206,-0.01637991626684595
51.99,0.47770681172264157,-0.890138434740091,-0.013446199920545182
52.01,0.48626348439935213,-0.8077499006814779,0.010268007212052684
52.03,0.4933532989029123,-0.74589738104697,0.02151391987287229
52.05,0.4349234483390887,-0.736851755645876,-0.03740488341533478
52.07,0.4214772484185435,-0.7158267884973871,-0.057207468752864955
52.1,0.667909421507808,-0.704091923112184,0.009779054487669223
52.12,0.7588546282431318,-0.7016471594902668,0.044739174281086695
52.14,0.7837912171866882,-0.673287901476026,0.04547260336766189
52.16,0.8823151911499557,-0.7285395593313572,0.20780490786297098
52.18,0.749564526479846,-0.6869785777587629,0.14155181370901201
52.2,0.6459065489105522,-0.65690798520918,-0.13079485377257585
52.22,0.7590991046053235,-0.7312287993154661,-0.23591968951502001
52.24,0.9180087400299484,-0.8952724383461174,-0.22174006050789963
52.26,0.9805946887510314,-0.9118968309751551,-0.08678910857806435
52.28,0.6718210433028756,-0.7806130244781957,-0.08947834856217339
52.3,0.48870824802126944,-0.7111817376157442,-0.07040919231121841
52.32,0.6625309415395899,-0.7260947957094398,0.09656816306573358
52.34,0.6696207560431501,-0.8192402897044891,0.3500901506585582
52.36,-0.46059346636922044,-1.3326406503071233,0.4187880084344345
52.38,-0.2926382055435015,-1.198667603826055,0.2214955841457079
52.4,0.22296244231885828,-0.843932402285854,-0.055985086941906306
52.42,0.28799315466185865,-0.8916052929132414,-0.15719830088928277
52.44,0.4681722335971641,-1.065427986431562,-0.23127463863337713
52.46,0.4989762552333221,-0.9735048742474712,-0.2469211258136479
52.48,0.42563334657580293,-0.8600678421905081,-0.17064450080982796
52.5,0.22076215505913271,-0.8427100204748953,-0.10292454848271858
52.52,0.30168383094459555,-0.6632643706261651,-0.07505424319286129
52.55,0.37282645234238915,-0.6009228982672737,-0.06405280689423341
52.57,0.5119335024294839,-0.6845338141368457,-0.08141062860984628
52.59,0.7779237844940867,-0.6879564832075299,-0.11808208293860586
52.61,1.1695749167252392,-0.53540323319989,-0.03569354887999267
52.63,1.119701738838126,-0.4173211502612841,0.033248785258075356
52.65,0.7576322464321731,-0.5449378113253674,0.06698652324053418
52.67,1.3128380649695932,-0.8774256639061211,0.1246829447177826
52.69,1.1038107752956636,-0.9338997035724108,0.06283042508327476
52.71,0.5669406839226232,-0.9116523546129633,0.10096873758518474
52.73,0.5219570332793448,-0.9808391651132231,-0.005622956330409804
52.75,0.48797481893469424,-0.8395318277664028,-0.1767564098646212
52.77,0.5899214619686459,-0.7278061302447819,-0.31635241267609937
52.79,1.457323595024906,-0.5669406839226232,-0.18726889343886563
52.81,1.263209363444672,-0.5031323533905815,-0.29997249640925344
52.83,0.2611007548207683,-0.970082205176787,0.2933716346300767
52.85,-0.4828408153286679,-0.9808391651132231,0.12663875561531643
52.87,0.0911896830975155,-0.5248907496256455,-0.022491825321639215
52.89,1.040735873850197,-0.5439599058766006,0.1535311554564068
52.91,0.5244017969012621,-0.7659444427466919,-0.08263301042080494
52.93,0.6317269199034318,-0.5395593313571494,-0.06380833053204168
52.95,0.6268373926595973,-0.5368700913730403,0.07823243590135379
52.96,0.6290376799193228,-0.754943006448064,-0.09559025761696666
52.99,0.6781774287198606,-0.579897931118785,-0.04302783974574458
53.01,0.4508144118815512,-0.3486232924854078,0.03153745072273324
53.03,0.5896769856064542,-0.3755156923264982,0.025670018030131712
53.05,0.7011582067658834,-0.5158451242245515,-0.06918681050025975
53.07,0.7583656755187482,-0.6708431378541088,-0.029092687100815938
53.09,0.635149588974116,-0.721449744827797,0.03740488341533478
53.11,0.6033676618891911,-0.6891788650184885,0.06845338141368457
53.13,0.635149588974116,-0.5972557528343978,0.10170216667175992
53.15,0.8204626715154478,-0.5146227424135928,0.06454175961861687
53.17,1.128991840601412,-0.5618066803165969,0.10194664303395165
53.19,1.1913333129603032,-0.6141246218256272,0.2598783730098096
53.21,0.7380741374568346,-0.6226812945023378,0.20511566787886196
53.23,0.5794089783944015,-0.48797481893469424,0.08263301042080494
53.25,0.5596063930568713,-0.42954496837087064,0.02126944351068056
53.27,0.42489991748922773,-0.38505027045197565,-0.05427375240656419
53.29,0.7505424319286129,-0.18824679888763254,0.11710417748983895
53.31,0.5248907496256455,-0.15230877364544815,0.01980258533753018
53.33,0.6214589126913791,-0.292149252819118,0.02151391987287229
53.35,0.6767105705467102,-0.34226690706842283,-0.039849647037252085
53.37,0.7737676863368272,-0.24398740946734712,-0.1911805152339333
53.39,0.9984414631910277,-0.1904470861473581,-0.017602298077804602
53.4,1.524554594627632,0.03911621795067689,0.2782141001741894
53.43,2.077315649543135,0.09632368670354186,0.33859976163554684
53.45,0.8307306787275005,-0.6092350945817926,0.24349845674296366
53.47,0.0679644286893011,-1.4380099624117593,0.6554411270360296
53.49,0.13323961739449316,-1.494484002078049,0.37282645234238915
53.51,-0.8082388534058613,-1.1346147969318217,0.045717079729853616
53.53,-0.7065366867341014,-0.6019008037160407,0.34031109617088895
53.55,0.5833206001894692,-0.05011765424930477,0.638816734406992
53.57,1.386425449989304,-0.10365797756929376,0.5872322219845368
53.59,0.05451822876875592,-0.4989762552333221,0.28261467469364054
53.61,-0.3884729395226599,-0.9314549399504936,0.15010848638572258
53.63,0.1774898389511964,-1.1754423494178405,0.25327751123063286
53.65,0.19949271154845216,-1.3399749411728754,0.08923387219998166
53.67,0.18262384255722275,-1.1473275677657917,-0.09607921034135011
53.69,1.5839623506402225,-0.6698652324053418,0.23543073679063656
53.71,1.928185068606179,-0.8666687039696849,0.7307398465910827
53.73,0.16673287901476025,-1.3849585918161538,0.8307306787275005
53.75,0.733184610213,-0.7055587812853344,0.6129022400146685
53.77,0.6613085597286312,-0.4075420957736149,0.33126547076979496
53.79,0.5104666442563335,-0.5192677932952358,0.20267090425694465
53.81,0.15548696635394066,-0.9561470525318583,0.4867524371237356
53.83,-0.26134523118296,-1.2644317452556306,0.735873850197109
53.84,-0.08434434495614705,-1.088897717201968,0.8145952388228463
53.87,0.25718913302570057,-0.8297527732787336,0.47477309537634077
53.89,0.35766891788650185,-0.47379518992757386,0.09803502123888397
53.91,-0.2430095040185802,-0.46963909177031443,0.1806680316596889
53.93,-0.21318338783118906,-0.44543593191333314,0.37135959416923875
53.95,0.48748586621031076,-0.554472389450845,0.3909177031445772
53.97,0.4053418085138893,-0.8207071478776395,0.42978944473306235
53.99,0.1373957155517526,-0.7038474467499923,0.49286434617852887
54.01,0.4222106775051187,-0.3246646089906182,-0.09045625401094032
54.03,0.29752773278733613,-0.27454695474131346,-0.1677107844635272
54.05,-0.047672890627387464,-0.697735537695199,0.03789383613971824
54.07,0.787702838981756,-0.8947834856217339,0.7270727011582068
54.09,2.4535647709562083,-0.754943006448064,0.6173028145341197
54.11,1.2309384836353634,-0.8485774531674969,0.09656816306573358
54.13,0.4652385172508633,-0.7417412828897106,0.43198973199278795
54.15,0.8762032820951624,-0.7045808758365676,0.3180637472114415
54.17,-0.055251657855331114,-1.2636983161690554,0.698713443143966
54.19,1.5499801362955719,-0.9512575252880237,0.5659627784738563
54.21,1.0703175136753964,-0.6591082724689057,0.14448553005531278
54.23,1.1683525349142805,-0.4620603245423708,0.09852397396326742
54.25,1.076184946367998,-0.6060569018733001,0.02126944351068056
54.27,0.3659811142010207,-0.9324328453992604,0.06771995232710937
54.28,0.4786847171714085,-0.7104483085291691,0.15524248999174892
54.307,0.8082388534058613,-0.44348012101579926,0.17700088622681295
54.327,-0.2904379182837759,-0.7806130244781957,-0.10781407572655319
54.347,-0.578920025670018,-0.9625034379488433,0.06992023958683495
54.367,0.4520367936925098,-0.7248724138984812,0.3997188521834795
54.387,0.3510680561073251,-0.8835375729609143,0.4429911682914158
54.407,0.21073862420927175,-0.6053234727867249,0.47452861901414906
54.427,0.8387983986798276,-0.22076215505913271,0.5561837239861871
54.447,0.6727989487516426,-0.48650796076154385,0.5263576077987959
54.467,0.47110594994346483,-0.9585918161537756,0.34275585979280626
54.487,0.15328667909421506,-1.1712862512605813,0.4324786847171714
54.507,0.34642300522568226,-0.9771720196803472,0.578920025670018
54.527,0.4803960517067506,-0.7666778718332671,0.6600861779176725
54.547,0.5860098401735782,-0.6573969379335636,0.609724047306176
54.567,0.16575497356599334,-0.7004247776793081,0.434678971976897
54.587,0.04131650521040247,-0.7312287993154661,0.5021544479418146
54.607,0.4667053754240137,-0.7725453045258687,0.5769642147724842
54.627,0.15402010818079026,-0.9238761727225498,0.5505607676557772
54.647,-0.08458882131833878,-0.8268190569324328,0.5486049567582434
54.667,0.20780490786297098,-0.6654646578858906,0.683311432325887
54.687,0.053540323319988994,-0.7725453045258687,0.6405280689423342
54.707,0.04816184335177093,-0.7322067047642331,0.47403966628976557
54.735,0.6625309415395899,-0.5112000733429086,0.5671851602848149
54.755,0.9214314091006326,-0.4645050881642881,0.5945665128502888
54.775,0.34593405250129877,-0.5388259022705743,0.5603398221434465
54.795,0.10561378846682762,-0.5075329279100327,0.5498273385692021
54.815,0.27087980930843747,-0.579897931118785,0.4503254591571677
54.835,0.2046267151544785,-0.7363628029214925,0.4241664884026526
54.855,0.1726003117073618,-0.7786572135806619,0.6004339455428903
54.875,-0.11074779207285396,-0.9422118998869297,0.984506310546099
54.895,0.14986401002353084,-0.813128380649696,1.207957705589341
54.915,0.1686886899122941,-0.7009137304036915,1.0512483574244416
54.935,0.3513125324695168,-0.47526204810072425,0.8268190569324328
54.955,0.6165693854475446,-0.28897106011062557,0.8180179078935306
54.975,0.6781774287198606,-0.40143018671882164,0.8798704275280383
54.995,0.6092350945817926,-0.44788069553525045,0.6393056871313755
55.015,0.3361549980136295,-0.5791645020322097,0.44250221556703234
55.035,-0.038871741588485165,-0.8128839042875042,0.4513033646059347
55.055,-0.22271796595666657,-0.8341533477981847,0.6099685236683678
55.075,0.007823243590135379,-0.6970021086086239,0.3623139687681447
55.095,0.14693029367723007,-0.6532408397763041,0.1990037588240687
55.115,0.3542462488158176,-0.7400299483543684,0.2948384928032271
55.135,0.3997188521834795,-0.8451547840968127,0.4222106775051187
55.155,0.5050881642881154,-0.8752253766463954,0.5877211747089203
55.185,0.04987317788711304,-0.9493017143904898,0.6559300797604132
55.205,0.05402927604437246,-1.000886226812945,0.6485957888946612
55.225,0.001222381810958653,-1.135348226018397,0.8312196314518839
55.245,-0.060874614185740916,-1.0358463466063625,0.7625217736760077
55.265,0.18164593710845583,-0.7891696971549064,0.5075329279100327
55.285,0.610701952754943,-0.7224276502765639,0.31464107814075726
55.305,0.2334749258931027,-0.8918497692754331,0.38798398679827645
55.325,0.05696299239067323,-0.9402560889893958,0.41438743391498334
55.345,0.3173303181248663,-0.8590899367417413,0.450080982794976
55.365,0.6089906182196009,-0.6632643706261651,0.5605842985056382
55.385,0.39996332854567124,-0.5691409711823487,0.5517831494667359
55.405,0.2774806710876142,-0.47550652446291597,0.543470953152217
55.425,0.14570791186627144,-0.4525257464168933,0.5016654952174312
55.445,0.1359288573786022,-0.6050789964245332,0.37771597958622377
55.465,-0.09632368670354186,-0.7317177520398497,0.23445283134186962
55.485,-0.07652110136601167,-0.8079943770436696,0.20853833694954618
55.505,0.21636158053968157,-0.884759954771873,0.16013201723558354
55.525,0.5938330837637136,-1.0148213794578735,0.03691593069095132
55.545,0.780368548116004,-1.1091892552638816,0.15524248999174892
55.565,0.5813647892919354,-1.048070164715949,0.2070714787763958
55.585,0.39849647037252084,-0.9414784708003545,0.12786113742627508
55.605,0.8400207804907863,-0.7811019772025792,0.03862726522629343
55.635,0.9725269687987043,-0.7009137304036915,0.02102496714848883
55.655,0.9092075909910461,-0.5701188766311157,-0.07578767227943647
55.675,0.9453900925954222,-0.5104666442563335,-0.03667145432875959
55.695,0.8908718638266663,-0.5156006478623598,-0.01711334535342114
55.715,0.8378204932310607,-0.5160896005867432,-0.023958683494789596
55.735,0.9297436054151514,-0.47428414265195734,-0.011979341747394798
55.755,0.8876936711181738,-0.47208385539223174,-0.05965223237478226
55.775,0.47306176084099866,-0.6615530360908229,-0.020536014424105367
55.795,0.13446199920545182,-0.8688689912294105,0.06258594872108303
55.815,0.3359105216514378,-0.7537206246371054,0.16844421355010236
55.835,0.8818262384255722,-0.5718302111664578,0.20095956972160253
55.855,1.256852978027687,-0.500932066130856,0.02493658894355652
55.875,1.0822968554227912,-0.6500626470678116,0.015646487180270757
55.895,0.3972740885615622,-0.7955260825718913,0.16819973718791065
55.915,0.28897106011062557,-0.6576414142957553,0.2821257219692571
55.935,0.5840540292760443,-0.5806313602053601,0.3471564343122574
55.955,1.0864529535800507,-0.4403019283073068,0.4515478409681264
55.975,1.460990740457782,-0.396540659474987,0.32784280169911073
55.995,0.6466399779971274,-0.673287901476026,0.19069156250954986
56.015,0.019313632613146715,-0.8128839042875042,0.31121840907007303
56.035,-0.2943495400788436,-0.6830669559636953,0.4356568774256639
56.055,-0.08165510497203801,-0.5023989243040063,0.4923753934541454
56.075,0.5510497203801608,-0.31072945634568955,0.6309934908168566
56.095,0.7674113009198423,-0.4046083794273141,0.6654646578858906
56.115,0.6982244904195826,-0.6063013782354918,0.6818445741527366
56.135,0.3899397976958103,-0.7116706903401278,0.666931516059041
56.155,0.11294807933257953,-0.8480885004431133,0.6397946398557589
56.175,0.19875928246187696,-0.8414876386639366,0.5671851602848149
56.195,0.450080982794976,-0.7170491703083458,0.3755156923264982
56.215,0.5300247532316719,-0.7659444427466919,0.31244079088103166
56.235,0.33933319072212204,-0.9082296855422791,0.2630565657183021
56.255,0.07529871955505302,-0.9458790453198056,0.3043730709287046
56.275,0.4571707972985362,-0.8551783149466736,0.29899459096048653
56.295,0.6840448614124621,-0.7571432937077897,0.3921400849555359
56.315,1.1177459279405921,-0.47623995354949117,0.6779329523576689
56.335,1.5438682272407787,-0.30046144913363687,0.6779329523576689
56.355,0.6899122941050637,-0.45765975002291964,0.1376401919139443
56.375,0.02884821073862421,-0.5515386731045442,0.06331937780765821
56.395,0.4271002047489533,-0.4994652079577056,0.24349845674296366
56.415,1.065427986431562,-0.5997005164563152,0.5067994988234575
56.435,0.6718210433028756,-1.0184885248907496,0.6808666687039697
56.455,0.16477706811722642,-0.985484215994866,0.7573877700699814
56.475,0.30119487822021207,-0.772300828163677,0.6691318033187666
56.495,0.5011765424930477,-0.770345017266143,0.5143782660514011
56.505,0.7370962320080677,-0.7300064175045076,0.506310546099074
56.53,0.7979708461938086,-0.761299391865049,0.35913577605965225
56.55,0.5385814259083824,-0.8202181951532561,0.2750359074656969
56.57,0.5911438437796045,-0.7979708461938086,0.6353940653363078
56.59,0.7043363994743758,-0.6857561959478042,0.6789108578064358
56.61,0.08850044311340648,-0.5950554655746723,0.32637594352596033
56.63,-0.2525440821440577,-0.4398129755829233,-0.043761268832319775
56.65,0.10928093389970357,-0.36255844513033647,0.06307490144546649
56.67,0.3806496959325245,-0.6412614980289093,0.617058338171928
56.69,0.572563640253033,-0.808483329768053,0.6620419888152064
56.71,0.3461785288634905,-0.7608104391406656,0.5816092656541271
56.73,0.16599944992818508,-0.7634996791247746,0.6674204687834245
56.75,0.434678971976897,-0.8035938025242184,0.7270727011582068
56.77,0.5285578950585215,-0.844910307734621,0.7771903554075115
56.79,0.37380435779115606,-0.8661797512453014,0.8461326895455795
56.81,0.3933624667664945,-0.7551874828102557,0.6378388289582251
56.83,0.44959203007059256,-0.6363719707850747,0.6236591999511047
56.85,0.39702961219937044,-0.5610732512300217,0.43003392109525407
56.87,0.2158726278152981,-0.6287932035571311,0.25792256211227577
56.89,0.02518106530574825,-0.7862359808086056,0.15084191547229778
56.91,-0.06600861779176725,-1.0285120557406107,0.14913058093695566
56.93,-0.1623323044953091,-1.1228799315466185,0.13519542829202702
56.95,-0.2518106530574825,-1.025333863032118,0.0887449194755982
56.98,-0.24349845674296366,-0.8458882131833878,-0.06331937780765821
57.0,-0.28897106011062557,-0.7833022644623048,-0.5715857348042661
57.02,-0.43296763744155486,-0.7512758610151881,-1.0067536595055466
57.04,-0.7742566390612108,-0.7341625156617669,-1.67686336827308
57.06,-0.6407725453045259,-0.8605567949148917,-2.7508480273813527
57.08,2.177062005317361,-0.8079943770436696,-2.772850899978608
57.1,6.934327537206246,-0.30412859456651287,-0.4535036518656602
57.12,3.020016502154448,0.6713320905784922,0.19411423158023408
57.14,0.4850411025883935,-0.5913883201417963,2.249671484888305
57.16,1.7954344039360695,-1.2952357668917887,1.1585734804266112
57.18,0.6786663814442441,-0.8588454603795496,0.04498365064327843
57.2,0.4381016410475812,-0.31610793631390766,-0.03349326162026709
57.22,0.12370503926901567,-0.6441952143752101,-0.33224337621856187
57.24,-0.044739174281086695,-1.0793631390764906,-0.5006875897686642
57.26,0.3205085108333588,-1.0021086086239037,-0.3102405036213061
57.28,0.5138893133270177,-0.7899031262414815,-0.14399657733092933
57.3,0.6813556214283532,-0.6554411270360296,-0.03153745072273324
57.32,0.6305045380924732,-0.7764569263209363,0.05280689423341381
57.34,0.5632735384897473,-0.7894141735170981,0.06723099960272591
57.36,0.6615530360908229,-0.7128930721510863,0.1535311554564068
57.38,0.6138801454634355,-0.7762124499587446,0.1447300064175045
57.4,0.5669406839226232,-0.8436879259236623,0.022247348959447483
57.43,0.45961556092045347,-0.79674846438285,-0.030804021636158054
57.45,0.45912660819607004,-0.7099593558047856,-0.03936069431286862
57.47,0.49359777526510407,-0.7422302356140941,-0.043516792470128046
57.49,0.38749503407389296,-0.7879473153439477,-0.05109555969807169
57.51,0.43296763744155486,-0.7231610793631391,-0.0951013048925832
57.53,0.5187788405708523,-0.714115453962045,-0.03764935977752651
57.55,0.5285578950585215,-0.8302417260031171,0.0014668581731503835
57.57,0.529046847782905,-0.7974818934694251,0.04425022155670324
57.59,0.5385814259083824,-0.7062922103719097,0.07138709775998534
57.61,0.6185251963450784,-0.7397854719921767,0.11759313021422241
57.63,0.5630290621275555,-0.7979708461938086,0.11001436298627876
57.65,0.5574061057971458,-0.7370962320080677,0.10121321394737647
57.67,0.5031323533905815,-0.7608104391406656,0.09974635577422608
57.69,0.563518014851939,-0.7576322464321731,0.08825596675121473
57.71,0.554472389450845,-0.7520092901017633,0.11319255569477125
57.73,0.5517831494667359,-0.7725453045258687,0.12419399199339913
57.75,0.5686520184579653,-0.7786572135806619,0.10903645753751184
57.77,0.5292913241450967,-0.7451639519603949,0.08238853405861321
57.79,0.5055771170124989,-0.7463863337713534,0.10805855208874492
57.81,0.48553005531277693,-0.7945481771231244,0.1031690248449103
57.83,0.4476362191730587,-0.8422210677505119,0.09167863582189897
57.85,0.26745714023775324,-0.8989395837789933,0.05305137059560554
57.88,0.36744797237417104,-0.8762032820951624,0.09290101763285762
57.9,0.4236775356782691,-0.8581120312929743,0.12346056290682395
57.92,0.4571707972985362,-0.859334413103933,0.13495095192983528
57.94,0.4422577392048406,-0.8820707147877639,0.12492742107997433
57.96,0.4239220120404608,-0.9040735873850196,0.10928093389970357
57.98,0.38578369953855085,-0.8955169147083091,0.06820890505149284
58.0,0.35522415426458454,-0.8608012712770834,0.08092167588546283
58.02,0.5549613421752284,-0.855667267671057,0.0774990068147786
58.04,0.5867432692601534,-0.8845154784096813,0.08483329768053051
58.06,0.5950554655746723,-0.9040735873850196,0.10268007212052685
58.08,0.5992115637319316,-1.0121321394737646,0.06820890505149284
58.1,0.5737860220639917,-1.0404913974880055,0.03349326162026709
58.12,0.5735415457017999,-1.049781499251291,0.04987317788711304
58.14,0.5713412584420744,-1.0903645753751183,0.05549613421752284
58.16,0.6180362436206949,-1.0884087644775846,0.08409986859395532
58.18,0.6801332396173945,-1.1654188185679797,0.10292454848271858
58.2,0.6933349631757479,-1.274944228829875,0.10194664303395165
58.22,0.6972465849708156,-1.3913149772331388,0.07969929407450417
58.24,0.5987226110075482,-1.4448553005531277,0.028603734376432478
58.26,0.4794181462579837,-1.2671209852397396,0.023469730770406136
58.28,0.4244109647648443,-1.0238670048589678,0.038871741588485165
58.3,0.35669101243773493,-0.8950279619839256,0.05182898878464688
58.33,0.3635363505791034,-0.7918589371390153,0.02518106530574825
58.35,0.31195183815664823,-0.715093359410812,-0.015402010818079027
58.37,0.31219631451883995,-0.6461510252727439,-0.02029153806191364
58.39,0.3845613177275922,-0.6302600617302815,-0.003911621795067689
58.41,0.47379518992757386,-0.6877120068453382,0.01686886899122941
58.43,0.5407817131681081,-0.7889252207927145,0.027870305289857285
58.45,0.5891880328820707,-0.890138434740091,0.059896708736973996
58.47,0.6065458545976836,-0.9194755982030988,0.08923387219998166
58.49,0.5913883201417963,-0.884759954771873,0.09901292668765088
58.51,0.5583840112459126,-0.859334413103933,0.1158817956788803
58.53,0.5542279130886533,-0.8681355621428353,0.12028237019833145
58.55,0.5031323533905815,-0.8969837728814595,0.09779054487669223
58.57,0.4686611863215475,-0.9478348562173394,0.061119090547932645
58.59,0.47183937903004003,-0.972771445160896,0.0415609815725942
58.61,0.46963909177031443,-0.9676374415548696,0.02518106530574825
58.63,0.4825963389664762,-0.9449011398710387,0.03422669070684228
58.65,0.5023989243040063,-0.928276747242001,0.045717079729853616
58.67,0.4786847171714085,-0.881092809338997,0.04816184335177093
58.69,0.45912660819607004,-0.8417321150261284,0.06967576322464322
58.71,0.41854353207224276,-0.8554227913088653,0.0735873850197109
58.73,0.38431684136540045,-0.8319530605384592,0.07236500320875225
58.74,0.3755156923264982,-0.7940592243987409,0.08141062860984628
58.77,0.3686703541851297,-0.7424747119762858,0.08116615224765455
58.79,0.3899397976958103,-0.6901567704672554,0.08703358494025609
58.81,0.3835834122788253,-0.6400391162179506,0.0951013048925832
58.83,0.3662255905632124,-0.5877211747089203,0.09999083213641781
58.85,0.3491122452097913,-0.5297802768694801,0.09167863582189897
58.87,0.3361549980136295,-0.466460899061822,0.08825596675121473
58.89,0.32588699080157685,-0.4226996302295022,0.09974635577422608
58.91,0.34080004889527243,-0.42001039024539316,0.094367875806008
58.93,0.3664700669254041,-0.44176878648045714,0.09412339944381627
58.95,0.38725055771170125,-0.46963909177031443,0.09338997035724109
58.97,0.393851419490878,-0.5160896005867432,0.07212052684656052
58.99,0.38798398679827645,-0.553494484002078,0.06307490144546649
59.01,0.40387495034073895,-0.588943556519879,0.06503071234300034
59.03,0.4258778229379947,-0.6341716835253491,0.06625309415395898
59.05,0.4493475537084008,-0.7062922103719097,0.055985086941906306
59.07,0.4613268954557956,-0.7583656755187482,0.03936069431286862
59.09,0.4539926045900437,-0.7573877700699814,0.02029153806191364
59.11,0.44959203007059256,-0.772300828163677,0.0
59.13,0.45937108455826176,-0.7828133117379213,-0.013201723558353452
59.15,0.45668184457415273,-0.7801240717538123,-0.013935152644928643
59.17,0.44543593191333314,-0.7845246462732635,-0.011490389023011338
59.19,0.44592488463771657,-0.7899031262414815,-0.0070898145035601864
59.22,0.44885860098401736,-0.7969929407450417,-0.003422669070684228
59.24,0.4444580264645662,-0.821196100602023,0.00855667267671057
59.26,0.4376126883231977,-0.824863246034899,0.024203159856981328
59.28,0.43223420835497967,-0.8299972496409254,0.02469211258136479
59.3,0.41658772117470894,-0.8708248021269444,-0.023225254408214404
59.32,0.38578369953855085,-0.9500351434770651,-0.0767655777282034
59.34,0.3762491214130734,-0.9216758854628243,-0.05891880328820707
59.36,0.3967851358371787,-0.7234055557253308,-0.03764935977752651
59.38,0.4180545793478593,-0.688689912294105,-0.013201723558353452
59.4,0.4674388045105889,-0.7282950829691655,0.02884821073862421
59.42,0.5148672187757846,-0.6970021086086239,0.10879198117532012
59.44,0.5204901751061944,-0.6737768542004094,0.16331020994407602
59.46,0.4799070989823671,-0.6811111450661614,0.18531308254133178
59.48,0.4772178589982581,-0.6916236286404058,0.20267090425694465
59.5,0.4261222993001864,-0.7297619411423157,0.1694221189988693
59.52,0.38407236500320874,-0.7537206246371054,0.11930446474956452
59.54,0.37233749961800566,-0.7642331082113498,0.100724261222993
59.56,0.38871741588485165,-0.7913699844146319,0.1312838064969593
59.58,0.4239220120404608,-0.802126944351068,0.1831127952816062
59.6,0.47281728447880694,-0.7903920789658649,0.2031598569813281
59.62,0.5138893133270177,-0.7762124499587446,0.19998166427283562
59.64,0.5402927604437245,-0.7720563518014851,0.2109831005714635
59.67,0.564495920300706,-0.8016379916266846,0.22980778046022673
59.69,0.5708523057176909,-0.8109280933899703,0.22907435137365156
59.71,0.5691409711823487,-0.8331754423494179,0.21953977324817406
59.73,0.5525165785533112,-0.8627570821746172,0.19973718791064388
59.75,0.5395593313571494,-0.8705803257647526,0.1831127952816062
59.77,0.5207346514683862,-0.8605567949148917,0.1735782171561287
59.79,0.5173119823977019,-0.8214405769642148,0.1726003117073618
59.81,0.5214680805549613,-0.7933257953121657,0.1757785044158543
59.83,0.5368700913730403,-0.7793906426672371,0.17235583534517007
59.85,0.5248907496256455,-0.7693671118173762,0.16991107172325276
59.87,0.5077774042722244,-0.7634996791247746,0.16013201723558354
59.89,0.4979983497845552,-0.7789016899428536,0.1525532500076399
59.91,0.48821929529688596,-0.7982153225560004,0.13617333374079393
59.93,0.4835742444152431,-0.7901476026036732,0.12786113742627508
59.95,0.49139748800537847,-0.7862359808086056,0.12688323197750817
59.97,0.4923753934541454,-0.7833022644623048,0.12321608654463222
59.99,0.48895272438346116,-0.7847691226354552,0.12492742107997433
60.01,0.4821073862420927,-0.7786572135806619,0.11710417748983895
60.03,0.47281728447880694,-0.7578767227943648,0.10610274119121108
60.05,0.47257280811661523,-0.7534761482749136,0.11025883934847049
60.07,0.47135042630565654,-0.7679002536442258,0.11930446474956452
60.09,0.46157137181798735,-0.7671668245576506,0.11074779207285396
60.12,0.4525257464168933,-0.7642331082113498,0.1031690248449103
60.14,0.4554594627631941,-0.7737676863368272,0.10708064663997799
60.16,0.456437368211961,-0.786724933532989,0.11050331571066223
60.18,0.4530146991412768,-0.8001711334535342,0.10365797756929376
60.2,0.44641383736210005,-0.7943037007609327,0.09730159215230877
60.22,0.4493475537084008,-0.7974818934694251,0.09290101763285762
60.24,0.462793753628946,-0.8099501879412034,0.09681263942792531
60.26,0.469150139045931,-0.8280414387433915,0.10096873758518474
60.28,0.4698835681325062,-0.8299972496409254,0.10683617027778626
60.3,0.4535036518656602,-0.7869694098951807,0.11294807933257953
60.32,0.4359013537878556,-0.7412523301653271,0.11905998838737279
60.34,0.4271002047489533,-0.7182715521193045,0.12737218470189163
60.36,0.424655441127036,-0.7182715521193045,0.13250618830791797
60.38,0.41560981572594197,-0.7414968065275188,0.12614980289093297
60.4,0.4195214375210097,-0.7881917917061394,0.11099226843504569
60.42,0.43370106652813006,-0.8590899367417413,0.10170216667175992
60.44,0.44788069553525045,-0.9346331326589861,0.09387892308162454
60.46,0.45448155731442713,-0.984506310546099,0.0655196650673838
60.48,0.46474956452647986,-0.9849952632704825,0.0295816398251994
60.5,0.4852855789505852,-0.9488127616661064,0.0007334290865751917
60.52,0.5031323533905815,-0.9436787580600801,-0.02126944351068056
