# Time (seconds),Pressure (normalized),Temp (normalized),Temperature (slope)
0.0078125,0.6454838344029025,0.5480624389648437,0.0
0.0234375,0.6453955514090401,0.5480767822265625,0.0
0.0390625,0.6452574956984747,0.5478860473632813,0.0
0.0546875,0.6453650338309151,0.5483270263671876,0.0
0.0703125,0.6451681227911086,0.548253173828125,0.0
0.0859375,0.645437331426712,0.5480624389648437,0.0
0.1015625,0.6453675769624263,0.5485916137695312,0.0
0.1171875,0.6455281575520834,0.5483856201171875,0.0
0.1328125,0.6454932803199405,0.5486651611328125,0.12054443359375
0.1484375,0.6455503191266742,0.5483270263671876,0.050048828125
0.1640625,0.6453991844540551,0.54848876953125,0.12054443359375
0.1796875,0.645402090890067,0.5486651611328125,0.067626953125
0.1953125,0.6459528605143229,0.5486651611328125,0.0823974609375
0.2109375,0.6453584943498883,0.5492822265625,0.24395751953125
0.2265625,0.6454489571707596,0.5491943359375,0.12054443359375
0.2421875,0.6455230712890618,0.5489294433593749,0.10876464843747158
0.2578125,0.6456327892485119,0.5491351318359377,0.09399414062502842
0.2734375,0.6455045427594867,0.54923828125,0.1822509765625
0.2890625,0.6456160772414428,0.5495321655273439,0.20867919921877842
0.3046875,0.6456131708054309,0.5493997192382812,0.14691162109375
0.3203125,0.6456396920340401,0.5496942138671875,0.205810546875
0.3359375,0.6454980032784599,0.54998779296875,0.14111328125
0.3515625,0.6455346970331094,0.5493414306640624,0.02941894531247158
0.3671875,0.6459448678152901,0.5498263549804687,0.17938232421877842
0.3828125,0.6457207089378714,0.54994384765625,0.16174316406247158
0.3984375,0.645676022484189,0.55072265625,0.296875
0.4140625,0.6458514985584071,0.54994384765625,0.08233642578122158
0.4296875,0.646010262625558,0.5505319213867188,0.2264404296875
0.4453125,0.6458126249767485,0.5503848266601561,0.13812255859372158
0.4609375,0.6458642142159599,0.550928955078125,0.188232421875
0.4765625,0.6457584926060261,0.5511636352539062,0.3644409179687784
0.4921875,0.6463281540643594,0.550928955078125,0.22052001953125
0.5078125,0.6462809244791666,0.5515313720703123,0.3175048828124716
0.5234375,0.6459452311197916,0.5515164184570313,0.15875244140625
0.5390625,0.6458060854957217,0.55203125,0.41748046875
0.5546875,0.6459702991303944,0.5514138793945312,0.1763916015625
0.5703125,0.6460320608956474,0.5516488647460938,0.2528076171875284
0.5859375,0.6460607619512642,0.5515463256835937,0.12347412109375
0.6015625,0.6461831955682664,0.5522808837890624,0.22344970703122158
0.6171875,0.6464651198614211,0.5521929931640623,0.2528076171874716
0.6328125,0.645965576171875,0.5522219848632812,0.13812255859377842
0.6484375,0.6461861020042783,0.552340087890625,0.16473388671875
0.6640625,0.6460168021065849,0.5528692626953123,0.16760253906247158
0.6796875,0.6458049955822166,0.5531039428710938,0.3380126953125
0.6953125,0.6459365118117559,0.5529425048828125,0.25872802734375
0.7109375,0.6456131708054309,0.5528543090820313,0.2615966796875
0.7265625,0.6460534958612358,0.5525308227539063,0.04998779296877842
0.7421875,0.6456396920340401,0.5529574584960938,0.15289306640627842
0.7578125,0.6457886468796503,0.5531188964843748,0.17938232421872158
0.7734375,0.6460004534040179,0.5529132080078125,0.1146240234375
0.7890625,0.6459477742513021,0.5533245849609376,0.09106445312505684
0.8046875,0.6456513177780878,0.5531338500976563,0.0059814453125
0.8203125,0.6458442324683786,0.5536331176757813,0.13812255859375
0.8359375,0.6454605829148072,0.5536773681640623,0.16461181640622158
0.8515625,0.6455495925176711,0.5533392333984375,0.16168212890625
0.8671875,0.6455833798363095,0.5533245849609376,0.07342529296877842
0.8828125,0.6457646687825521,0.5539126586914064,0.15875244140630684
0.8984375,0.6454714820498512,0.553751220703125,0.1676025390625
0.9140625,0.6457712082635789,0.5540597534179688,0.14703369140622158
0.9296875,0.6455485026041666,0.5538095092773438,0.13513183593752842
0.9453125,0.6453490484328497,0.5542654418945312,0.12646484375
0.9609375,0.6453839256649926,0.5542654418945312,0.11761474609377842
0.9765625,0.6452912830171131,0.55413330078125,0.1588134765625
0.9921875,0.6451332455589658,0.5545889282226563,0.2528686523437216
1.0078125,0.6452247982933408,0.5539569091796875,0.008850097656221578
1.0234375,0.6452909197126117,0.554530029296875,0.15576171875
1.0390625,0.6451143537248883,0.5548828125,0.16461181640625
1.0546875,0.6451412382579985,0.5546182250976562,0.16174316406247158
1.0703125,0.6450264340355283,0.5546182250976562,0.070556640625
1.0859375,0.6449268886021206,0.5542654418945312,0.0
1.1015625,0.64503188360305,0.5549417114257813,0.16168212890625
1.1171875,0.6449319748651414,0.5549560546875,0.07342529296875
1.1328125,0.6451176234654025,0.5548388671875,0.1763916015625
1.1484375,0.6449944632393974,0.5548095703125,0.055908203125
1.1640625,0.6449614025297619,0.5550003051757812,0.02349853515625
1.1796875,0.6449501400902158,0.5546182250976562,0.0
1.1953125,0.6448273431687128,0.5547357177734376,0.02349853515625
1.2109375,0.6449356079101562,0.5546914672851561,0.08520507812497158
1.2265625,0.6448102678571429,0.5542654418945312,-0.13525390625
1.2421875,0.6449363345191592,0.5546182250976562,-0.06756591796875
1.2578125,0.6448952811104904,0.5546032714843748,-0.04711914062502842
1.2734375,0.6448091779436383,0.55410400390625,-0.14111328125
1.2890625,0.6447946457635789,0.5544125366210938,-0.1175537109375
1.3046875,0.644805908203125,0.5540597534179688,-0.1116943359375
1.3203125,0.6447445097423735,0.5536773681640623,-0.21166992187502842
1.3359375,0.6447564987909227,0.5536773681640623,-0.20281982421875
1.3515625,0.6447888328915551,0.5541921997070313,-0.0146484375
1.3671875,0.6447463262648809,0.5535748291015625,-0.20867919921875
1.3828125,0.6447554088774181,0.553751220703125,-0.17041015624997158
1.3984375,0.6448186238606771,0.5538394165039062,-0.05291748046875
1.4140625,0.6447906494140618,0.553751220703125,-0.13226318359375
1.4296875,0.644789559500558,0.5533102416992187,-0.14990234375
1.4453125,0.6447332473028273,0.5535891723632812,-0.01763916015622158
1.4609375,0.6447870163690477,0.5536773681640623,0.0
1.4765625,0.6447851998465401,0.5532803344726562,-0.182373046875
1.4921875,0.6447619483584449,0.5536187744140624,0.008789062499971578
1.5078125,0.6448302496047247,0.5528985595703123,-0.17053222656252842
1.5234375,0.6447376069568452,0.553074951171875,-0.15289306640625
1.5390625,0.6447793869745164,0.5528543090820313,-0.17938232421875
1.5546875,0.6447764805385044,0.5531338500976563,-0.0352783203125
1.5703125,0.6447412400018594,0.5529132080078125,-0.13519287109375
1.5859375,0.6447310674758191,0.55276611328125,-0.18225097656247158
1.6015625,0.6446042742047992,0.5522219848632812,-0.211669921875
1.6171875,0.6446856544131324,0.5531039428710938,-0.10296630859372158
1.6328125,0.6447408766973586,0.5529275512695313,0.005798339843778422
1.6484375,0.6447132655552456,0.5529132080078125,-0.0323486328125
1.6640625,0.6447376069568452,0.55276611328125,-0.01763916015625
1.6796875,0.6447288876488095,0.5529425048828125,-0.03826904296875
1.6953125,0.6447027297247023,0.5523251342773439,-0.11761474609372158
1.7109375,0.644729250953311,0.5522662353515625,-0.0999755859375
1.7265625,0.6447212582542783,0.5521929931640623,-0.005798339843778422
1.7421875,0.6448055448986235,0.5517227172851561,-0.2762451171875284
1.7578125,0.6447416033063617,0.5516928100585937,-0.2469482421875
1.7734375,0.6447092692057285,0.5518991088867188,-0.20281982421875
1.7890625,0.6447623116629464,0.5521929931640623,-0.11462402343752842
1.8046875,0.6447663080124628,0.5523983764648438,-0.10882568359375
1.8203125,0.6446307954334071,0.5520455932617188,-0.05590820312502842
1.8359375,0.64471435546875,0.5511935424804687,-0.21453857421875
1.8515625,0.6446231660388765,0.5516928100585937,-0.10003662109372158
1.8671875,0.6446776617140997,0.5515164184570313,-0.04125976562497158
1.8828125,0.6447172619047619,0.5516195678710938,-0.0146484375
1.8984375,0.6446940104166666,0.5516488647460938,-0.050048828125
1.9140625,0.6447125389462426,0.5515463256835937,-0.12933349609372158
1.9296875,0.6447176252092633,0.5515463256835937,-0.17041015625
1.9453125,0.6447572253999263,0.5515164184570313,-0.1058349609375
1.9609375,0.6446816580636168,0.5512225341796875,0.00579833984375
1.9765625,0.6445744832356771,0.5514874267578125,-0.04107666015625
1.9921875,0.6447027297247023,0.5515164184570313,0.0
2.0078125,0.6447495960053944,0.5512667846679687,-0.070556640625
2.0234375,0.6446137201218378,0.5520166015625,0.07354736328125
2.0390625,0.6446533203125,0.5509140014648437,-0.12646484375
2.0546875,0.6445701235816592,0.5514138793945312,-0.0264892578125
2.0703125,0.6446911039806548,0.5515164184570313,0.0
2.0859375,0.6445784795851928,0.5510903930664064,-0.02642822265622158
2.1015625,0.6447437831333706,0.5508258056640624,-0.13232421875002842
2.1171875,0.6445719401041666,0.5514724731445313,-0.0087890625
2.1328125,0.6446914672851562,0.5510610961914064,-0.04113769531247158
2.1484375,0.6449207124255952,0.5511785888671875,-0.1676025390625
2.1640625,0.6447586786179309,0.5507525634765625,-0.03228759765625
2.1796875,0.6449621291387642,0.5514874267578125,0.01470947265625
2.1953125,0.6449839274088548,0.5508551025390623,-0.13226318359377842
2.2109375,0.6451132638113832,0.5514874267578125,0.07940673828122158
2.2265625,0.6449381510416666,0.5512374877929688,0.08233642578127842
2.2421875,0.6453323364257812,0.5514138793945312,-0.01171875
2.2578125,0.6450613112676711,0.5509140014648437,-0.02941894531252842
2.2734375,0.6454307919456845,0.5512225341796875,0.0087890625
2.2890625,0.6454140799386168,0.5509140014648437,0.03228759765625
2.3046875,0.6454166230701265,0.5516928100585937,0.04107666015625
2.3203125,0.6451964605422247,0.5513400268554688,0.09698486328127842
2.3359375,0.6455049060639881,0.5515753173828125,0.017578125
2.3515625,0.6452763875325521,0.550972900390625,-0.05291748046875
2.3671875,0.6456629435221354,0.5515463256835937,0.0264892578125
2.3828125,0.6455928257533475,0.5519134521484375,0.19989013671875
2.3984375,0.6456484113420758,0.55138427734375,0.0323486328125
2.4140625,0.6456480480375737,0.5515753173828125,0.13226318359375
2.4296875,0.6456970941452753,0.551075439453125,-0.12347412109375
2.4453125,0.645646231515067,0.5514874267578125,0.02947998046875
2.4609375,0.6454108101981026,0.5515463256835937,-0.00579833984375
2.4765625,0.6452872866675967,0.5515463256835937,0.11468505859375
2.4921875,0.6455397832961309,0.5521929931640623,0.12933349609372158
2.5078125,0.6455350603376117,0.552384033203125,0.0941162109375
2.5234375,0.6459296090262276,0.55272216796875,0.267578125
2.5390625,0.6453112647646949,0.5521337890625,0.1116943359375
2.5546875,0.6456015450613832,0.5523983764648438,0.26458740234375
2.5703125,0.6455630347842262,0.5522369384765625,0.14990234375
2.5859375,0.6458133515857515,0.5529425048828125,0.27923583984375
2.6015625,0.6452861967540929,0.5522662353515625,0.14398193359375
2.6171875,0.6458489554268974,0.5529425048828125,0.14990234375002842
2.6328125,0.6456208001999628,0.5526486206054687,0.05291748046875
2.6484375,0.645766122000558,0.5531338500976563,0.08233642578125
2.6640625,0.6457272484188988,0.5530599975585937,0.18524169921875
2.6796875,0.6459463210332961,0.5531481933593748,0.14996337890622158
2.6953125,0.6454137166341146,0.5529132080078125,0.13525390625
2.7109375,0.6458442324683786,0.55276611328125,-0.0352783203125
2.7265625,0.645721435546875,0.5532070922851561,0.18817138671872158
2.7421875,0.6455328805106026,0.5532659912109377,0.06469726562502842
2.7578125,0.6455648513067336,0.5536041259765625,0.19110107421875
2.7734375,0.6457341512044271,0.5530895996093749,-0.008850097656278422
2.7890625,0.6456048148018974,0.5534423828125,0.07647705078125
2.8046875,0.645585196358817,0.5534423828125,0.05883789062502842
2.8203125,0.6458874657040551,0.5533102416992187,0.07940673828125
2.8359375,0.6457297915504092,0.5534716796875,0.14111328125
2.8515625,0.6455038161504836,0.553853759765625,0.12933349609377842
2.8671875,0.6458972749255952,0.5535891723632812,0.06463623046872158
2.8828125,0.6457014537992931,0.5532803344726562,-0.06475830078125
2.8984375,0.645782470703125,0.5538833618164064,0.15875244140630684
2.9140625,0.6459586733863467,0.5539419555664064,0.09991455078127842
2.9296875,0.6459023611886168,0.5532803344726562,-0.03240966796875
2.9453125,0.6457112630208334,0.5539126586914064,0.12048339843752842
2.9609375,0.6458057221912202,0.5533984375,-0.0146484375
2.9765625,0.6455815633138021,0.5539126586914064,0.011779785156278422
2.9921875,0.6459801083519345,0.5538394165039062,0.050048828125
3.0078125,0.6459681193033854,0.5538095092773438,0.10583496093752842
3.0234375,0.645857674734933,0.5541921997070313,0.06176757812497158
3.0390625,0.6456316993350074,0.5540740966796875,0.02642822265622158
3.0546875,0.6456273396809896,0.5540597534179688,0.1558837890625
3.0703125,0.6454838344029025,0.5544567871093748,0.10882568359369316
3.0859375,0.6454402378627239,0.5540597534179688,0.13226318359375
3.1015625,0.6456019083658854,0.5542361450195312,0.06469726562497158
3.1171875,0.6455045427594867,0.554530029296875,0.13812255859375
3.1328125,0.6454700288318452,0.5547213745117188,0.18237304687497158
3.1484375,0.64539809454055,0.5547357177734376,0.10870361328125
3.1640625,0.6453228905087426,0.554559326171875,0.0970458984375
3.1796875,0.6454416910807285,0.5544125366210938,0.070556640625
3.1953125,0.6453185308547247,0.5543829345703124,-0.0147705078125
3.2109375,0.6451975504557285,0.5545150756835937,0.091064453125
3.2265625,0.6451815650576643,0.554559326171875,0.06463623046875
3.2421875,0.6451532273065477,0.5548095703125,0.055908203125
3.2578125,0.6450860159737724,0.5547357177734376,0.00286865234375
3.2734375,0.6450671241396949,0.5544125366210938,-0.06463623046875
3.2890625,0.6449414207821801,0.5543975830078125,-0.0323486328125
3.3046875,0.6449701218377977,0.5544268798828125,0.00286865234375
3.3203125,0.6451096307663691,0.5548095703125,0.08532714843752842
3.3359375,0.6449472336542039,0.5545889282226563,0.0147705078125
3.3515625,0.6448981875465023,0.55417724609375,-0.076416015625
3.3671875,0.6449276152111235,0.5543685913085937,-0.08819580078125
3.3828125,0.6448589506603429,0.5539569091796875,-0.15576171875
3.3984375,0.6447713942754836,0.5540597534179688,-0.070556640625
3.4140625,0.6447445097423735,0.55413330078125,-0.0528564453125
3.4296875,0.6447953723725819,0.5532220458984375,-0.240966796875
3.4453125,0.6448673066638765,0.5539276123046875,-0.1763916015625
3.4609375,0.644820803687686,0.553751220703125,-0.16754150390625
3.4765625,0.6447506859188988,0.5535305786132813,-0.12933349609375
3.4921875,0.6447546822684151,0.5536773681640623,-0.13824462890627842
3.5078125,0.6447321573893229,0.5536041259765625,-0.070556640625
3.5234375,0.6446060907273072,0.5533984375,-0.13226318359375
3.5390625,0.644744873046875,0.5536041259765625,-0.1058349609375
3.5546875,0.6447412400018594,0.5535598754882812,0.06756591796875
3.5703125,0.6447227114722842,0.5529718017578125,-0.191162109375
3.5859375,0.6446961902436763,0.5534423828125,-0.061767578125
3.6015625,0.6447354271298357,0.5534423828125,-0.01763916015625
3.6171875,0.6447281610398072,0.5527810668945312,-0.17926025390622158
3.6328125,0.644729250953311,0.5530157470703123,-0.11767578125002842
3.6484375,0.64471435546875,0.5533245849609376,-0.014770507812471578
3.6640625,0.6447441464378714,0.55276611328125,-0.1676025390625
3.6796875,0.6446932838076643,0.5525164794921875,-0.20867919921875
3.6953125,0.6446860177176332,0.5525897216796875,-0.076416015625
3.7109375,0.6447724841889881,0.5526046752929688,-0.16754150390625
3.7265625,0.6445519583565849,0.5524722290039062,-0.19403076171875
3.7421875,0.6445319766090023,0.5529425048828125,0.03228759765625
3.7578125,0.6445250738234747,0.5522958374023439,-0.14398193359369316
3.7734375,0.6445933750697544,0.552384033203125,-0.18811035156252842
3.7890625,0.6446983700706845,0.5521929931640623,-0.11462402343752842
3.8046875,0.6447663080124628,0.5522808837890624,-0.04711914062502842
3.8203125,0.6445472353980655,0.55203125,-0.1116943359375
3.8359375,0.6447074526832217,0.5521929931640623,-0.08233642578127842
3.8515625,0.6445668538411452,0.5521929931640623,-0.05584716796877842
3.8671875,0.6446812947591146,0.5522808837890624,-0.13232421875002842
3.8828125,0.6445047287713914,0.5515164184570313,-0.15588378906252842
3.8984375,0.6445428757440477,0.5515164184570313,-0.17352294921875
3.9140625,0.6445178077334449,0.5515463256835937,-0.12933349609372158
3.9296875,0.6446042742047992,0.5515463256835937,-0.14691162109372158
3.9453125,0.6446714855375737,0.5516488647460938,-0.07647705078125
3.9609375,0.6446943737211681,0.5515164184570313,-0.13531494140622158
3.9765625,0.6445817493257069,0.5515753173828125,-0.12353515624997158
3.9921875,0.6447009132021949,0.551737060546875,-0.10876464843747158
4.0078125,0.6445537748790929,0.5515463256835937,0.0059814453125
4.0234375,0.6447390601748512,0.5514874267578125,-0.00579833984375
4.0390625,0.6446460542224702,0.5515164184570313,-0.0059814453125
4.0546875,0.6446634928385416,0.551075439453125,-0.09417724609375
4.0703125,0.6445832025437128,0.5515164184570313,-0.0264892578125
4.0859375,0.6447564987909227,0.5519134521484375,0.07940673828125
4.1015625,0.6447557721819189,0.5516345214843749,0.011840820312471578
4.1171875,0.6445381527855283,0.5512960815429687,-0.08819580078125
4.1328125,0.6445610409691214,0.5513400268554688,-0.041259765625
4.1484375,0.644607907249814,0.5512225341796875,-0.052978515625
4.1640625,0.6445777529761905,0.5508551025390623,-0.13226318359377842
4.1796875,0.6446115402948289,0.5507376098632812,-0.06756591796875
4.1953125,0.6445247105189739,0.5514138793945312,-0.0205078125
4.2109375,0.6445777529761905,0.5516345214843749,-0.05578613281252842
4.2265625,0.6446591331845238,0.551031494140625,-0.12060546874997158
4.2421875,0.6447099958147321,0.5512374877929688,-0.01171875
4.2578125,0.6447132655552456,0.550972900390625,-0.07342529296875
4.2734375,0.6446914672851562,0.5509872436523439,-0.04705810546872158
4.2890625,0.6448665800548735,0.5510171508789062,0.03240966796877842
4.3046875,0.6449090866815477,0.5513400268554688,0.1204833984375
4.3203125,0.6449247087751117,0.5515463256835937,0.0264892578125
4.3359375,0.6451445079985119,0.55128173828125,-0.07055664062497158
4.3515625,0.645066397530692,0.5515902709960937,0.11175537109375
4.3671875,0.6449032738095238,0.5516488647460938,0.082275390625
4.3828125,0.6455768403552834,0.5515463256835937,0.11468505859375
4.3984375,0.6457279750279025,0.5513400268554688,0.07055664062497158
4.4140625,0.645521981375558,0.5515463256835937,0.1058349609375
4.4296875,0.6455466860816592,0.5511636352539062,-0.0352783203125
4.4453125,0.6456480480375737,0.5515313720703123,-0.0029907226562784217
4.4609375,0.6456749325706845,0.5510610961914064,-0.04412841796872158
4.4765625,0.6452269781203497,0.551737060546875,0.02935791015625
4.4921875,0.6453290666852679,0.5514138793945312,-0.0469970703125
4.5078125,0.645644778297061,0.5510610961914064,-0.09704589843747158
4.5234375,0.6457563127790179,0.5515463256835937,0.041259765625
4.5390625,0.6459702991303944,0.5516345214843749,0.01763916015622158
4.5546875,0.6461210704985119,0.5512225341796875,0.01177978515625
4.5703125,0.6455350603376117,0.5515164184570313,-0.0029907226562215783
4.5859375,0.6460545857747396,0.5514138793945312,0.07055664062497158
4.6015625,0.6452745710100454,0.55203125,0.058837890625
4.6171875,0.6457036336263021,0.5512225341796875,-0.03826904296875
4.6328125,0.6458940051850819,0.5519134521484375,0.17047119140622158
4.6484375,0.6461250668480283,0.5515164184570313,-0.0059814453125
4.6640625,0.6457919166201643,0.5510610961914064,-0.11468505859369316
4.6796875,0.6457319713774181,0.55138427734375,0.0323486328125
4.6953125,0.6456832885742188,0.5516488647460938,0.0264892578125
4.7109375,0.6458188011532738,0.551737060546875,0.06463623046875
4.7265625,0.6454322451636905,0.5516488647460938,-0.07647705078125
4.7421875,0.6457475934709821,0.5515463256835937,0.06475830078125
4.7578125,0.6458809262230283,0.5522518920898437,0.06768798828125
4.7734375,0.6458489554268974,0.5516928100585937,0.0352783203125
4.7890625,0.6458482288178944,0.5516928100585937,0.12634277343747158
4.8046875,0.6456771123976928,0.5521487426757813,0.15289306640625
4.8203125,0.6460251581101191,0.5521636962890624,0.10296630859372158
4.8359375,0.6458227975027901,0.5522518920898437,0.10296630859375
4.8515625,0.6456247965494785,0.5520016479492188,0.070556640625
4.8671875,0.6455179850260416,0.5523983764648438,0.17041015625
4.8828125,0.6460077194940477,0.5521337890625,-0.02362060546875
4.8984375,0.6461570376441592,0.5521636962890624,0.09417724609372158
4.9140625,0.6458689371744785,0.5524722290039062,0.1558837890625
4.9296875,0.6457635788690477,0.5529574584960938,0.1617431640625
4.9453125,0.6459379650297619,0.55208984375,-0.014770507812471578
4.9609375,0.6457679385230655,0.55269287109375,0.08819580078125
4.9765625,0.64564223516555,0.55276611328125,0.15289306640625
4.9921875,0.646087646484375,0.5528543090820313,0.0911865234375
5.0078125,0.646042960030692,0.5525604248046875,0.0853271484375
5.0234375,0.6461312430245536,0.552457275390625,0.05871582031252842
5.0390625,0.6459303356352306,0.55276611328125,0.05877685546875
5.0546875,0.6455750238327753,0.5525015258789062,-0.0911865234375
5.0703125,0.6460019066220238,0.5529864501953123,0.17932128906247158
5.0859375,0.645742507207962,0.5529425048828125,0.0499267578125
5.1015625,0.6457737513950893,0.5529275512695313,0.03228759765625
5.1171875,0.6456989106677834,0.5529275512695313,0.0146484375
5.1328125,0.6456313360305059,0.5533685302734375,0.16162109375
5.1484375,0.6452502296084449,0.5533685302734375,0.1822509765625
5.1640625,0.6460683913457961,0.5536041259765625,0.1676025390625
5.1796875,0.645951407296317,0.5530599975585937,0.1116943359375
5.1953125,0.645615713936942,0.55283935546875,-0.02941894531247158
5.2109375,0.6453632173084071,0.5530599975585937,0.02349853515625
5.2265625,0.6453345162527901,0.5535305786132813,0.12060546875
5.2421875,0.6458754766555059,0.5532070922851561,0.05590820312497158
5.2578125,0.6455713907877604,0.55279541015625,-0.1146240234375
5.2734375,0.6452415103004092,0.55279541015625,-0.1146240234375
5.2890625,0.6455081758045015,0.553074951171875,-0.1058349609375
5.3046875,0.6452851068405878,0.553162841796875,0.02056884765625
5.3203125,0.6452393304734003,0.5534866333007813,0.12945556640625
5.3359375,0.6452088128952753,0.5532803344726562,0.0440673828125
5.3515625,0.6451812017531622,0.553427734375,-0.02056884765625
5.3671875,0.645212082635788,0.5529425048828125,-0.05291748046872158
5.3828125,0.6450903756277901,0.5535305786132813,0.14703369140625
5.3984375,0.6450609479631689,0.5540597534179688,0.25286865234375
5.4140625,0.6450613112676711,0.5540740966796875,0.1998291015625
5.4296875,0.6450965518043155,0.5538095092773438,0.12933349609377842
5.4453125,0.6449719383603051,0.5534866333007813,0.0
5.4609375,0.6450020926339286,0.5535891723632812,0.061767578125
5.4765625,0.6450355166480655,0.5539126586914064,0.09698486328127842
5.4921875,0.6450231642950142,0.5540597534179688,0.22344970703125
5.5078125,0.6450213477725074,0.5540301513671875,0.09991455078125
5.5234375,0.6449218023390997,0.553751220703125,-0.06170654296875
5.5390625,0.6449174426850819,0.5539126586914064,-0.03228759765622158
5.5546875,0.6449305216471354,0.5536773681640623,-0.026428222656306843
5.5703125,0.6449025472005215,0.5540447998046875,0.11163330078125
5.5859375,0.6449076334635416,0.5535748291015625,-0.00286865234375
5.6015625,0.6449014572870164,0.5538095092773438,-0.0206298828125
5.6171875,0.6449297950381324,0.553427734375,-0.12640380859375
5.6328125,0.6449167160760789,0.5532070922851561,-0.16461181640627842
5.6484375,0.6447426932198668,0.5534716796875,-0.055908203125
5.6640625,0.6447532290504092,0.5536041259765625,-0.06170654296877842
5.6796875,0.6448727562313988,0.553427734375,-0.04992675781247158
5.6953125,0.6447921026320691,0.5530599975585937,-0.19696044921875
5.7109375,0.6447862897600454,0.5529718017578125,-0.12060546875
5.7265625,0.6447463262648809,0.5522076416015625,-0.3203735351562784
5.7421875,0.6448600405738467,0.55276611328125,-0.13232421875
5.7578125,0.6447430565243676,0.5526486206054687,-0.11169433593747158
5.7734375,0.644723801385788,0.55269287109375,-0.15576171875
5.7890625,0.6447423299153646,0.5523983764648438,-0.24114990234375
5.8046875,0.6447695777529762,0.5523251342773439,-0.22052001953122158
5.8203125,0.644789559500558,0.55269287109375,-0.07342529296875
5.8359375,0.6447423299153646,0.55273681640625,-0.0469970703125
5.8515625,0.6446293422154025,0.5526486206054687,0.08819580078125
5.8671875,0.6447804768880215,0.5522369384765625,-0.1058349609375
5.8828125,0.6447030930292039,0.5526190185546875,-0.00592041015625
5.8984375,0.6446798415411086,0.5521929931640623,-0.09997558593752842
5.9140625,0.6446347917829242,0.5521929931640623,-0.04107666015627842
5.9296875,0.6447663080124628,0.5522662353515625,-0.011779785156278422
5.9453125,0.6447673979259666,0.5529425048828125,0.0499267578125
5.9609375,0.6447132655552456,0.5529275512695313,0.03814697265625
5.9765625,0.6446108136858258,0.5522518920898437,-0.079345703125
5.9921875,0.6447673979259666,0.5521929931640623,-0.008789062500028422
6.0078125,0.6446914672851562,0.552060546875,-0.1116943359375
6.0234375,0.6445937383742559,0.5521487426757813,-0.008850097656221578
6.0390625,0.6447016398111979,0.5521929931640623,0.0
6.0546875,0.6446202596028646,0.5522219848632812,-0.00885009765625
6.0703125,0.6445534115745908,0.5518991088867188,-0.20867919921875
6.0859375,0.6447230747767857,0.5516488647460938,-0.2557373046875
6.1015625,0.6446551368350074,0.5516488647460938,-0.12060546875
6.1171875,0.6447514125279025,0.5522518920898437,0.011779785156278422
6.1328125,0.6447107224237358,0.5522219848632812,0.03228759765625
6.1484375,0.6446921938941592,0.5515753173828125,-0.11468505859375
6.1640625,0.6447179885137642,0.5512960815429687,-0.17938232421872158
6.1796875,0.6446714855375737,0.5511935424804687,-0.2056884765625
6.1953125,0.6446449643089658,0.551075439453125,-0.16473388671875
6.2109375,0.6446507771809896,0.5515902709960937,-0.01171875
6.2265625,0.6447114490327381,0.5512225341796875,-0.08526611328125
6.2421875,0.6446776617140997,0.5514138793945312,-0.1676025390625
6.2578125,0.6446805681501117,0.5512960815429687,-0.1851806640625
6.2734375,0.6446892874581474,0.5508990478515625,-0.13525390625
6.2890625,0.6445337931315104,0.5515020751953124,0.04119873046872158
6.3046875,0.6446711222330729,0.5506494140625,-0.10882568359375
6.3203125,0.6446725754510789,0.5511935424804687,0.02362060546875
6.3359375,0.6446700323195691,0.5506201171875,-0.19403076171875
6.3515625,0.6447248912992931,0.5506494140625,-0.1146240234375
6.3671875,0.6446794782366071,0.5511196899414064,-0.05883789062497158
6.3828125,0.6447575887044271,0.5508697509765625,-0.08526611328125
6.3984375,0.6448927379789806,0.5505319213867188,-0.07342529296875
6.4140625,0.6451441446940104,0.5508697509765625,-0.12646484374997158
6.4296875,0.6454798380533854,0.5508697509765625,0.0440673828125
6.4453125,0.6453483218238467,0.5508258056640624,-0.07354736328127842
6.4609375,0.6456930977957596,0.5502673339843749,-0.07055664062502842
6.4765625,0.6455212547665551,0.550693359375,0.0087890625
6.4921875,0.645523434593564,0.5506643676757812,-0.09106445312502842
6.5078125,0.6454064505440849,0.550972900390625,0.0206298828125
6.5234375,0.6451114472888765,0.5505612182617188,0.005859375
6.5390625,0.6455397832961309,0.5505462646484375,-0.064697265625
6.5546875,0.6455779302687872,0.5507525634765625,-0.0234375
6.5703125,0.6456807454427084,0.5508407592773439,0.0029907226563068434
6.5859375,0.64573960077195,0.5505169677734375,0.04992675781252842
6.6015625,0.6460898263113832,0.5507525634765625,0.0118408203125
6.6171875,0.6457951863606771,0.5511935424804687,0.1058349609375
6.6328125,0.6453494117373512,0.5512225341796875,0.0499267578125
6.6484375,0.6457272484188988,0.5508551025390623,0.05877685546872158
6.6640625,0.6458885556175595,0.5506344604492187,0.01763916015625
6.6796875,0.6462413242885044,0.5506494140625,-0.0206298828125
6.6953125,0.6460033598400298,0.5508407592773439,0.0
6.7109375,0.6458747500465023,0.551046142578125,0.1058349609375
6.7265625,0.6459485008603051,0.550958251953125,0.0411376953125
6.7421875,0.6463354201543906,0.551031494140625,-0.03240966796875
6.7578125,0.6457777477446056,0.5509432983398438,-0.05584716796875
6.7734375,0.6455089024135044,0.5512374877929688,0.07647705078127842
6.7890625,0.6455884660993311,0.5512225341796875,0.11761474609375
6.8046875,0.6461824689592633,0.5510903930664064,0.08819580078127842
6.8203125,0.6461810157412574,0.5512374877929688,0.07934570312497158
6.8359375,0.6460618518647694,0.5512225341796875,0.0352783203125
6.8515625,0.6459223429361979,0.5507525634765625,-0.0411376953125
6.8671875,0.6461181640625,0.5512960815429687,0.05291748046875
6.8828125,0.6458950950985857,0.5516195678710938,0.13525390625
6.8984375,0.6461559477306548,0.55139892578125,0.03228759765625
6.9140625,0.6462064470563617,0.5516488647460938,0.08526611328125
6.9296875,0.6460037231445312,0.5514138793945312,0.06469726562497158
6.9453125,0.6462776547386533,0.5515164184570313,0.0557861328125
6.9609375,0.6457741146995908,0.551737060546875,0.1029052734375
6.9765625,0.6460447765532,0.551075439453125,0.0645751953125
6.9921875,0.6460840134393594,0.5516488647460938,0.070556640625
7.0078125,0.6460534958612358,0.5519134521484375,0.05877685546875
7.0234375,0.6455982753208706,0.5516928100585937,0.05877685546875
7.0390625,0.6457802908761168,0.5517517089843749,0.02056884765622158
7.0546875,0.6460015433175224,0.5515463256835937,0.0264892578125
7.0703125,0.6459379650297619,0.5522518920898437,0.1470947265625
7.0859375,0.6457490466889881,0.5526779174804688,0.18817138671875
7.1015625,0.6460226149786086,0.5522662353515625,0.2381591796875
7.1171875,0.6455321539015997,0.5521929931640623,0.10882568359372158
7.1328125,0.6457944597516742,0.5525457763671875,0.12646484375
7.1484375,0.6457181658063617,0.5521929931640623,0.10003662109372158
7.1640625,0.6460433233351928,0.5523251342773439,0.11468505859380684
7.1796875,0.6461664835611979,0.5519873046875,0.08819580078125
7.1953125,0.645920163109189,0.55269287109375,0.08819580078125
7.2109375,0.6459016345796131,0.5523983764648438,-0.055908203125
7.2265625,0.6458798363095238,0.5532363891601562,0.19403076171872158
7.2421875,0.6459772019159227,0.552369384765625,0.03527832031252842
7.2578125,0.6458398728143594,0.5522662353515625,-0.055908203125
7.2734375,0.6457243419828869,0.5528692626953123,0.13525390625
7.2890625,0.6456342424665179,0.55276611328125,0.08819580078122158
7.3046875,0.6456109909784227,0.5528543090820313,0.17340087890625
7.3203125,0.6452640351795015,0.5530599975585937,0.07342529296875
7.3359375,0.6454416910807285,0.5531338500976563,0.1470947265625
7.3515625,0.645218258812314,0.5532363891601562,0.0
7.3671875,0.6451052711123512,0.5531481933593748,0.15576171874997158
7.3828125,0.6450580415271571,0.5529132080078125,0.12939453125
7.3984375,0.6451078142438617,0.5532070922851561,0.06756591796875
7.4140625,0.6450166248139881,0.5536041259765625,0.1676025390625
7.4296875,0.6449868338448668,0.5535891723632812,0.14697265625
7.4453125,0.6450355166480655,0.553751220703125,0.13824462890625
7.4609375,0.6450703938802084,0.5532803344726562,0.029296875
7.4765625,0.6449784778413319,0.553192138671875,-0.008850097656221578
7.4921875,0.6450943719773072,0.553074951171875,-0.014648437499971578
7.5078125,0.6450609479631689,0.5533245849609376,0.08227539062502842
7.5234375,0.6450645810081845,0.5532070922851561,0.0
7.5390625,0.6449523199172247,0.5532070922851561,-0.07940673828127842
7.5546875,0.6449065435500372,0.5529275512695313,-0.13232421875
7.5703125,0.6448840186709449,0.5532803344726562,-0.09417724609375
7.5859375,0.6449821108863467,0.5532070922851561,-0.014648437500028422
7.6015625,0.6449381510416666,0.553427734375,0.047119140625
7.6171875,0.6448807489304309,0.5534423828125,0.073486328125
7.6328125,0.6449305216471354,0.5533245849609376,0.0
7.6484375,0.6448974609375,0.5530599975585937,-0.02941894531247158
7.6640625,0.6449323381696429,0.5536187744140624,0.08233642578125
7.6796875,0.6449334280831474,0.5531039428710938,0.0352783203125
7.6953125,0.6449076334635416,0.5533984375,0.02362060546875
7.7109375,0.6449232555571056,0.5532070922851561,0.0
7.7265625,0.6448317028227306,0.5532070922851561,-0.04412841796877842
7.7421875,0.6448673066638765,0.5536041259765625,0.0323486328125
7.7578125,0.6448088146391369,0.5529275512695313,-0.07940673828127842
7.7734375,0.6449021838960194,0.5532363891601562,0.03527832031247158
7.7890625,0.6448883783249628,0.5529425048828125,-0.13525390624997158
7.8046875,0.6448378789992559,0.55276611328125,-0.06756591796875
7.8203125,0.6449065435500372,0.55272216796875,-0.13525390625
7.8359375,0.6449203491210938,0.5526779174804688,-0.10583496093747158
7.8515625,0.6447594052269345,0.5526629638671875,-0.10882568359372158
7.8671875,0.6448589506603429,0.5521194458007812,-0.29693603515625
7.8828125,0.644882565452939,0.5523983764648438,-0.1058349609375
7.8984375,0.6448120843796503,0.5527072143554688,-0.10583496093747158
7.9140625,0.6447426932198668,0.5528692626953123,-0.014648437500028422
7.9296875,0.6448905581519717,0.5523983764648438,-0.07354736328125
7.9453125,0.6447695777529762,0.5525604248046875,-0.0323486328125
7.9609375,0.6448898315429688,0.5523983764648438,-0.055908203125
7.9765625,0.6447376069568452,0.5522808837890624,-0.07641601562502842
7.9921875,0.6447179885137642,0.5522808837890624,0.03228759765622158
8.0078125,0.6448426019577753,0.5521194458007812,-0.0557861328125
8.0234375,0.6447546822684151,0.5515164184570313,-0.2381591796875
8.0390625,0.6447354271298357,0.5519134521484375,-0.19116210937497158
8.0546875,0.6447059994652158,0.5516345214843749,-0.15277099609377842
8.0703125,0.6447372436523438,0.5518109130859377,-0.14990234374997158
8.0859375,0.6445901053292404,0.5515753173828125,-0.16461181640625
8.1015625,0.6447575887044271,0.5512960815429687,-0.19696044921872158
8.1171875,0.6447532290504092,0.5515463256835937,-0.14691162109372158
8.1328125,0.6445432390485492,0.55132568359375,-0.15875244140625
8.1484375,0.6447539556594122,0.5516488647460938,0.0264892578125
8.1640625,0.6446943737211681,0.5515463256835937,-0.07342529296875
8.1796875,0.6447960989815849,0.5516928100585937,0.011657714843778422
8.1953125,0.6446812947591146,0.5521636962890624,0.07055664062494316
8.2109375,0.6447198050362724,0.5512960815429687,-0.05584716796875
8.2265625,0.6447038196382069,0.5515164184570313,0.0440673828125
8.2421875,0.6447172619047619,0.5515463256835937,0.0
8.2578125,0.6447572253999263,0.5515463256835937,0.04412841796875
8.2734375,0.6447390601748512,0.5516345214843749,-0.0028686523437784217
8.2890625,0.6447586786179309,0.5521194458007812,0.1146240234375
8.3046875,0.6447870163690477,0.5514874267578125,-0.04107666015625
8.3203125,0.6446816580636168,0.5510903930664064,-0.21466064453119316
8.3359375,0.6447183518182664,0.5509432983398438,-0.070556640625
8.3515625,0.6447477794828869,0.5515164184570313,0.0
8.3671875,0.6447564987909227,0.5508697509765625,-0.13531494140625
8.3828125,0.6445334298270096,0.5507083129882813,-0.1676025390625
8.3984375,0.644744873046875,0.55138427734375,-0.05004882812497158
8.4140625,0.6446231660388765,0.5508697509765625,-0.24993896484375
8.4296875,0.6447648547944569,0.5506787109375,-0.1617431640625
8.4453125,0.644822256905692,0.5505319213867188,-0.11169433593752842
8.4609375,0.645033700125558,0.5513400268554688,0.079345703125
8.4765625,0.6447608584449405,0.55072265625,-0.15875244140625
8.4921875,0.6450435093470975,0.5506787109375,-0.0382080078125
8.5078125,0.6452211652483258,0.5510610961914064,0.07055664062502842
8.5234375,0.6453548613048735,0.5505319213867188,-0.17047119140625
8.5390625,0.6457239786783854,0.55072265625,-0.0294189453125
8.5546875,0.6457940964471727,0.5507376098632812,0.01177978515625
8.5703125,0.6461181640625,0.5505319213867188,0.0
8.5859375,0.6456277029854904,0.55072265625,-0.12347412109375
8.6015625,0.6457733880905878,0.5504580688476562,-0.05291748046875
8.6171875,0.6458405994233631,0.5504141235351561,-0.05291748046877842
8.6328125,0.6459397815522694,0.5507083129882813,-0.07055664062502842
8.6484375,0.6458260672433036,0.5508258056640624,0.05877685546872158
8.6640625,0.6463401431129092,0.5508697509765625,0.0294189453125
8.6796875,0.6462518601190477,0.5508258056640624,0.01763916015622158
8.6953125,0.6461802891322544,0.5511935424804687,0.13232421875
8.7109375,0.6458405994233631,0.5508258056640624,0.02062988281247158
8.7265625,0.6456215268089658,0.5507525634765625,0.05889892578125
8.7421875,0.6455597650437128,0.5514138793945312,0.19995117187502842
8.7578125,0.6460890997023809,0.5507525634765625,0.00885009765625
8.7734375,0.6463851928710938,0.5508990478515625,0.014648437500028422
8.7890625,0.6462453206380215,0.5508258056640624,-0.008789062500028422
8.8046875,0.6456356956845238,0.5515463256835937,0.14410400390627842
8.8203125,0.6459735688709071,0.5515164184570313,0.0645751953125
8.8359375,0.6459165300641742,0.5515164184570313,0.13812255859377842
8.8515625,0.6461225237165179,0.5519134521484375,0.232177734375
8.8671875,0.6459263392857143,0.5509140014648437,-0.0999755859375
8.8828125,0.6459648495628714,0.551075439453125,0.0645751953125
8.8984375,0.6457995460146949,0.5512667846679687,0.07354736328125
8.9140625,0.6459732055664062,0.5516345214843749,0.1617431640625
8.9296875,0.646071297781808,0.5515164184570313,-0.0059814453125
8.9453125,0.6456887381417404,0.5514138793945312,-0.0205078125
8.9609375,0.6460502261207217,0.5516488647460938,0.0264892578125
8.9765625,0.6456978207542783,0.5518841552734375,-0.005859375
8.9921875,0.6458791097005215,0.5516488647460938,0.14697265625
9.0078125,0.6457294282459071,0.5521487426757813,0.21466064453125
9.0234375,0.6458936418805811,0.5517666625976563,0.0999755859375
9.0390625,0.6463931855701265,0.5521929931640623,0.1116943359375
9.0546875,0.6461930047898072,0.5522219848632812,0.14111328125
9.0703125,0.6461112612769717,0.552340087890625,0.18524169921875
9.0859375,0.6461414155505952,0.5521929931640623,0.10882568359372158
9.1015625,0.6458551316034227,0.5523983764648438,0.10284423828125
9.1171875,0.6457733880905878,0.5523251342773439,0.13525390625002842
9.1328125,0.6460066295805431,0.55276611328125,0.12347412109375
9.1484375,0.6456854684012276,0.5525164794921875,0.14996337890625
9.1640625,0.6456215268089658,0.5530895996093749,0.1793212890625
9.1796875,0.6458573114304309,0.5525308227539063,0.061767578125
9.1953125,0.6457893734886533,0.55269287109375,0.070556640625
9.2109375,0.6459052676246286,0.553074951171875,0.17639160156252842
9.2265625,0.6451855614071801,0.5526046752929688,0.041259765625
9.2421875,0.6458791097005215,0.553544921875,0.24395751953122158
9.2578125,0.6458075387137276,0.5534423828125,0.13525390625
9.2734375,0.6457951863606771,0.5532803344726562,0.15277099609375
9.2890625,0.6459423246837798,0.553515625,0.08520507812502842
9.3046875,0.6455510457356771,0.553162841796875,0.12640380859375
9.3203125,0.6456164405459449,0.5530599975585937,0.07342529296875
9.3359375,0.6454554966517857,0.5532803344726562,0.04107666015625
9.3515625,0.6456687563941592,0.5534423828125,0.16754150390625
9.3671875,0.6456280662899926,0.5530599975585937,-0.09698486328125
9.3828125,0.6454340616861979,0.5530014038085938,-0.08819580078125
9.3984375,0.6455968221028646,0.5532220458984375,-0.01165771484375
9.4140625,0.6455608549572166,0.5534423828125,-0.0146484375
9.4296875,0.6454856509254092,0.5532070922851561,0.008850097656221578
9.4453125,0.6453010922386533,0.553897705078125,0.16754150390625
9.4609375,0.6454039074125737,0.5536920166015625,0.08233642578125
9.4765625,0.6452545892624628,0.5535891723632812,0.02935791015625
9.4921875,0.645157223656064,0.5539715576171875,0.18231201171875
9.5078125,0.6450950985863095,0.5539126586914064,0.18225097656252842
9.5234375,0.6449980962844122,0.5536331176757813,0.08221435546875
9.5390625,0.6450903756277901,0.5539126586914064,0.09405517578127842
9.5546875,0.6450903756277901,0.553751220703125,0.10882568359377842
9.5703125,0.6450533185686383,0.5537069702148437,-0.03814697265625
9.5859375,0.6449850173223586,0.5540597534179688,0.07354736328125
9.6015625,0.6450180780319941,0.553751220703125,0.03240966796875
9.6171875,0.6449566795712426,0.553751220703125,-0.0440673828125
9.6328125,0.6450169881184896,0.5535305786132813,-0.07641601562502842
9.6484375,0.6449392409551711,0.5540301513671875,0.07940673828125
9.6640625,0.6450111752464658,0.5533102416992187,-0.12048339843752842
9.6796875,0.6449148995535714,0.5533685302734375,-0.0765380859375
9.6953125,0.6448941911969867,0.5541183471679687,0.082275390625
9.7109375,0.6449090866815477,0.5537069702148437,-0.070556640625
9.7265625,0.6449316115606406,0.5530014038085938,-0.14996337890625
9.7421875,0.6449247087751117,0.5535891723632812,-0.03240966796875
9.7578125,0.6449257986886168,0.5536187744140624,0.01763916015622158
9.7734375,0.6448622204008556,0.5532803344726562,-0.14996337890625
9.7890625,0.6448967343284977,0.553427734375,0.02349853515625
9.8046875,0.6448989141555059,0.5531481933593748,-0.04406738281252842
9.8203125,0.644912356422061,0.5534423828125,-0.13519287109375
9.8359375,0.6447921026320691,0.5533102416992187,-0.079345703125
9.8515625,0.6447830200195312,0.5532070922851561,0.04113769531247158
9.8671875,0.6448240734282,0.5529132080078125,-0.13519287109375
9.8828125,0.6449225289481026,0.5523544311523438,-0.25286865234369316
9.8984375,0.6448113577706474,0.552486572265625,-0.15875244140625
9.9140625,0.644845871698288,0.5526629638671875,-0.1529541015625
9.9296875,0.6448338826497396,0.55269287109375,-0.09106445312497158
9.9453125,0.6447808401925224,0.5531039428710938,-0.06768798828125
9.9609375,0.6449188959030878,0.552340087890625,-0.19403076171875
9.9765625,0.6447757539295015,0.552486572265625,-0.14410400390622158
9.9921875,0.6449170793805811,0.5528692626953123,-0.008789062500028422
10.0078125,0.6447837466285342,0.5522662353515625,-0.01763916015627842
10.0234375,0.6447960989815849,0.552486572265625,0.0
10.0390625,0.6448171706426711,0.5523251342773439,-0.06756591796872158
10.0546875,0.6448360624767485,0.5521636962890624,-0.10583496093752842
10.0703125,0.6447347005208334,0.5523251342773439,-0.15576171874997158
10.0859375,0.6449000040690104,0.5522808837890624,-0.011840820312528422
10.1015625,0.6448106311616444,0.5525308227539063,0.00885009765625
10.1171875,0.6449174426850819,0.5521929931640623,-0.13525390625
10.1328125,0.6447735741024926,0.5521929931640623,-0.014648437500028422
10.1484375,0.644912356422061,0.5521487426757813,-0.06756591796875
10.1640625,0.6447942824590773,0.5515753173828125,-0.14996337890627842
10.1796875,0.6447256179082961,0.5520016479492188,-0.03240966796872158
10.1953125,0.6449025472005215,0.5512225341796875,-0.22052001953127842
10.2109375,0.6447913760230655,0.5518841552734375,-0.07934570312497158
10.2265625,0.6447623116629464,0.5520755004882812,-0.091064453125
10.2421875,0.6447328839983258,0.5515753173828125,-0.12353515624997158
10.2578125,0.6448356991722477,0.5515463256835937,-0.12933349609372158
10.2734375,0.6447248912992931,0.5515753173828125,-0.11468505859375
10.2890625,0.6447644914899546,0.5510903930664064,-0.09698486328122158
10.3046875,0.6448360624767485,0.5516638183593748,-0.06756591796877842
10.3203125,0.6448836553664428,0.551075439453125,-0.0294189453125
10.3359375,0.6447503226143974,0.5512667846679687,-0.12347412109375
10.3515625,0.6449090866815477,0.5514138793945312,-0.13232421875
10.3671875,0.6449014572870164,0.551031494140625,-0.1087646484375
10.3828125,0.6447495960053944,0.5508258056640624,-0.14410400390627842
10.3984375,0.6447532290504092,0.5507965087890624,-0.15576171875002842
10.4140625,0.6448705764043906,0.5508258056640624,-0.05291748046880684
10.4296875,0.6447463262648809,0.5515313720703123,-0.0264892578125
10.4453125,0.6447067260742188,0.5509432983398438,-0.02642822265625
10.4609375,0.6447339739118311,0.55131103515625,0.00885009765625
10.4765625,0.6447539556594122,0.55072265625,-0.13824462890625
10.4921875,0.6448055448986235,0.5507525634765625,-0.0557861328125
10.5078125,0.6448840186709449,0.551031494140625,0.04113769531252842
10.5234375,0.6451942807152158,0.55138427734375,0.11755371093752842
10.5390625,0.6452564057849702,0.5507083129882813,-0.02349853515622158
10.5546875,0.6451361519949776,0.5507525634765625,-0.15576171874997158
10.5703125,0.645186288016183,0.551031494140625,0.01763916015625
10.5859375,0.6455575852167039,0.5508551025390623,-0.09118652343752842
10.6015625,0.6456295195079985,0.5502673339843749,-0.09106445312502842
10.6171875,0.6454638526553199,0.5505612182617188,-0.03826904296875
10.6328125,0.6451659429640997,0.5509872436523439,-0.008850097656221578
10.6484375,0.6454035441080729,0.5508258056640624,-0.11169433593752842
10.6640625,0.6454718453543526,0.5506494140625,-0.01177978515625
10.6796875,0.6459139869326643,0.5508258056640624,0.014648437499971578
10.6953125,0.6457639421735492,0.5513400268554688,0.06170654296875
10.7109375,0.6455470493861607,0.5512374877929688,0.07647705078127842
10.7265625,0.6455354236421131,0.5512225341796875,0.19104003906252842
10.7421875,0.6459158034551711,0.5511492919921875,0.11761474609375
10.7578125,0.6455336071196056,0.5511053466796875,0.02362060546872158
10.7734375,0.6457610357375372,0.5514874267578125,0.13232421875002842
10.7890625,0.6459230695452008,0.5511053466796875,0.0911865234375
10.8046875,0.6459030877976191,0.5515020751953124,0.13525390625
10.8203125,0.6459732055664062,0.5512225341796875,-0.02349853515625
10.8359375,0.6457021804082961,0.550928955078125,-0.06170654296875
10.8515625,0.6457904634021571,0.5514138793945312,0.03826904296875
10.8671875,0.6465944562639508,0.5513400268554688,0.03814697265625
10.8828125,0.6464153471447166,0.5515020751953124,0.07934570312497158
10.8984375,0.645766848609561,0.5518692016601561,0.07635498046872158
10.9140625,0.6458151681082596,0.5519134521484375,0.16162109375
10.9296875,0.6456589471726191,0.5514874267578125,-0.0029296874999715783
10.9453125,0.6462932768322166,0.5514581298828125,0.047119140625
10.9609375,0.6457842872256324,0.5515753173828125,0.1292724609375
10.9765625,0.645461672828311,0.5514581298828125,0.00885009765625
10.9921875,0.6459190731956845,0.5516488647460938,0.061767578125
11.0078125,0.6457123529343378,0.5521929931640623,0.13818359375
11.0234375,0.6460149855840773,0.5519134521484375,0.008850097656278422
11.0390625,0.6457733880905878,0.5521929931640623,0.05590820312497158
11.0546875,0.6457944597516742,0.5518252563476562,0.06756591796875
11.0703125,0.64539809454055,0.5526629638671875,0.240966796875
11.0859375,0.6456415085565477,0.55276611328125,0.2381591796875
11.1015625,0.6456749325706845,0.5525308227539063,0.21453857421875
11.1171875,0.6457530430385044,0.55283935546875,0.23809814453125
11.1328125,0.6459179832821801,0.5528985595703123,0.14111328125
11.1484375,0.6463455926804309,0.552486572265625,0.1146240234375
11.1640625,0.6457817440941214,0.5529275512695313,0.14691162109377842
11.1796875,0.6459019978841146,0.55276611328125,0.18817138671875
11.1953125,0.6454540434337798,0.5529275512695313,0.05291748046875
11.2109375,0.6457414172944569,0.553045654296875,0.055908203125
11.2265625,0.6456011817568824,0.553162841796875,0.12640380859375
11.2421875,0.6457908267066592,0.5531039428710938,0.05291748046875
11.2578125,0.6457014537992931,0.5533685302734375,0.09399414062502842
11.2734375,0.6454565865652901,0.5529718017578125,0.0970458984375
11.2890625,0.6456280662899926,0.5533102416992187,0.0765380859375
11.3046875,0.6456622169131324,0.5530599975585937,0.05877685546875
11.3203125,0.6456941877092633,0.55279541015625,-0.02642822265625
11.3359375,0.6455401466006324,0.5531338500976563,0.01763916015625
11.3515625,0.6455528622581845,0.553751220703125,0.11767578125
11.3671875,0.6455045427594867,0.5530895996093749,-0.0028686523437784217
11.3828125,0.6453134445917039,0.5528250122070313,-0.10870361328125
11.3984375,0.6454947335379464,0.5532070922851561,0.04705810546872158
11.4140625,0.64527602422805,0.5531481933593748,-0.03240966796877842
11.4296875,0.645399911063058,0.5531338500976563,0.0147705078125
11.4453125,0.645218258812314,0.5534423828125,0.12939453125
11.4609375,0.6450980050223214,0.553427734375,0.05877685546875
11.4765625,0.6450874691917783,0.553427734375,-0.064697265625
11.4921875,0.6450485956101191,0.553544921875,0.09106445312502842
11.5078125,0.645050048828125,0.553074951171875,0.04998779296875
11.5234375,0.6449574061802456,0.5535891723632812,0.07641601562502842
11.5390625,0.6449788411458334,0.5534127807617187,0.05291748046877842
11.5546875,0.6450082688104539,0.5528985595703123,-0.04705810546877842
11.5703125,0.6450580415271571,0.5536187744140624,0.03527832031247158
11.5859375,0.6451183500744048,0.5529132080078125,-0.1029052734375
11.6015625,0.6449087233770461,0.5532220458984375,-0.0411376953125
11.6171875,0.6449276152111235,0.5531338500976563,-0.08221435546875
11.6328125,0.6448055448986235,0.5532659912109377,0.03820800781252842
11.6484375,0.6449319748651414,0.5528985595703123,-0.13812255859377842
11.6640625,0.6449297950381324,0.5530895996093749,-0.06463623046877842
11.6796875,0.6448970976329985,0.5531338500976563,0.04705810546877842
11.6953125,0.6448306129092262,0.5530895996093749,-0.1058349609375
11.7109375,0.6448756626674107,0.5523544311523438,-0.11175537109372158
11.7265625,0.6448113577706474,0.5526190185546875,-0.12060546875
11.7421875,0.6448901948474702,0.5530599975585937,-0.0147705078125
11.7578125,0.6447793869745164,0.5533245849609376,0.01171875
11.7734375,0.644790286109561,0.5534423828125,0.10876464843752842
11.7890625,0.6448135375976562,0.5528543090820313,-0.04705810546872158
11.8046875,0.6448618570963548,0.5530599975585937,-0.0147705078125
11.8203125,0.6447477794828869,0.55276611328125,-0.06469726562497158
11.8359375,0.6447746640159977,0.5528692626953123,0.10296630859369316
11.8515625,0.6447764805385044,0.5521194458007812,-0.09991455078125
11.8671875,0.6448720296223952,0.5518841552734375,-0.23516845703125
11.8828125,0.6447623116629464,0.5518109130859377,-0.302734375
11.8984375,0.6447681245349702,0.5528692626953123,-0.11462402343752842
11.9140625,0.6447764805385044,0.5528692626953123,0.0029907226562215783
11.9296875,0.6448905581519717,0.5522518920898437,-0.16162109375
11.9453125,0.6447673979259666,0.5523251342773439,-0.08819580078122158
11.9609375,0.6447971888950893,0.5516488647460938,-0.24407958984372158
11.9765625,0.6447089059012276,0.5523251342773439,0.04113769531252842
11.9921875,0.6446758451915929,0.5522518920898437,0.07354736328125
12.0078125,0.6447673979259666,0.5519134521484375,0.02050781249997158
12.0234375,0.6447129022507441,0.55142822265625,-0.2882080078124716
12.0390625,0.6447125389462426,0.5509140014648437,-0.3910522460937216
12.0546875,0.644698006766183,0.5514138793945312,-0.1676025390625
12.0703125,0.6448484148297992,0.550576171875,-0.3497924804687784
12.0859375,0.6447426932198668,0.551046142578125,-0.12054443359375
12.1015625,0.6447139921642485,0.5512960815429687,-0.20581054687502842
12.1171875,0.6447957356770834,0.5512225341796875,-0.20587158203125
12.1328125,0.6447455996558786,0.5507525634765625,-0.232177734375
12.1484375,0.6447455996558786,0.5515463256835937,0.02362060546875
12.1640625,0.6445861089797247,0.5507083129882813,-0.0411376953125
12.1796875,0.6446060907273072,0.551031494140625,-0.07647705078125
12.1953125,0.6447779337565104,0.5508258056640624,0.04992675781247158
12.2109375,0.6447463262648809,0.5508697509765625,-0.0352783203125
12.2265625,0.6447183518182664,0.5508551025390623,-0.08819580078127842
12.2421875,0.644607907249814,0.5511636352539062,-0.01177978515625
12.2578125,0.6447198050362724,0.551031494140625,0.0557861328125
12.2734375,0.6447281610398072,0.5508258056640624,-0.14410400390627842
12.2890625,0.6447463262648809,0.5508258056640624,0.02349853515622158
12.3046875,0.6447463262648809,0.5507525634765625,-0.0557861328125
12.3203125,0.6446889241536452,0.5509872436523439,0.03228759765630684
12.3359375,0.6446921938941592,0.550958251953125,0.0177001953125
12.3515625,0.6447735741024926,0.550693359375,-0.03234863281247158
12.3671875,0.644704909551712,0.5511196899414064,-0.008789062499971578
12.3828125,0.6447114490327381,0.5508407592773439,-0.03814697265622158
12.3984375,0.6446972801571801,0.5511053466796875,0.05590820312502842
12.4140625,0.6447114490327381,0.55072265625,-0.02062988281247158
12.4296875,0.6447841099330357,0.5505319213867188,-0.04412841796875
12.4453125,0.6447277977353051,0.5505612182617188,-0.08520507812502842
12.4609375,0.6447495960053944,0.5512374877929688,0.05584716796875
12.4765625,0.6447953723725819,0.5508258056640624,0.02648925781247158
12.4921875,0.6448782057989211,0.5508258056640624,-0.05877685546880684
12.5078125,0.6447248912992931,0.5505612182617188,-0.05590820312502842
12.5234375,0.6447495960053944,0.5505612182617188,-0.10882568359375
12.5390625,0.6447677612304688,0.5503555297851561,-0.07342529296877842
12.5546875,0.6450667608351928,0.5508697509765625,0.06756591796875
12.5703125,0.6452411469959071,0.5504879760742187,-0.0146484375
12.5859375,0.6456912812732515,0.5503848266601561,-0.17053222656252842
12.6015625,0.6455049060639881,0.5503259277343748,-0.0999755859375
12.6171875,0.6452654883975074,0.5503555297851561,-0.09405517578125
12.6328125,0.6453871954055059,0.5505905151367188,0.005859375
12.6484375,0.6454191662016369,0.5500762939453123,-0.09698486328127842
12.6640625,0.6458344232468378,0.5512667846679687,0.18225097656252842
12.6796875,0.6454569498697916,0.5505023193359376,-0.07348632812497158
12.6953125,0.6460542224702381,0.5503259277343748,-0.03240966796877842
12.7109375,0.6456821986607143,0.5512374877929688,0.17053222656252842
12.7265625,0.6458947317940849,0.5515020751953124,0.2352294921875
12.7421875,0.6460618518647694,0.5516046142578125,0.24981689453127842
12.7578125,0.6457861037481406,0.5508258056640624,0.04705810546872158
12.7734375,0.6460484095982143,0.5515020751953124,0.28515625
12.7890625,0.6457312447684151,0.5521194458007812,0.1705322265625
12.8046875,0.6458823794410342,0.551075439453125,0.11462402343747158
12.8203125,0.6467423211960572,0.5515463256835937,0.24407958984377842
12.8359375,0.6460909162248883,0.5517959594726562,0.1116943359375
12.8515625,0.6460560389927456,0.5519134521484375,0.08227539062502842
12.8671875,0.6460469563802084,0.5515753173828125,-0.005859375
12.8828125,0.6460059029715401,0.5521929931640623,0.2734375
12.8984375,0.6461395990280878,0.5523544311523438,0.17047119140630684
12.9140625,0.6461777460007441,0.55276611328125,0.12933349609375
12.9296875,0.6462583996000737,0.5528985595703123,0.3646240234374716
12.9453125,0.6459546770368311,0.5523983764648438,0.17041015625
12.9609375,0.6457192557198668,0.55269287109375,0.17938232421875
12.9765625,0.6466878255208334,0.5531039428710938,0.23809814453125
12.9921875,0.6462605794270834,0.5523101806640623,0.14697265624997158
13.0078125,0.646127609979538,0.5529574584960938,0.15289306640627842
13.0234375,0.646499997093564,0.5529425048828125,0.11761474609372158
13.0390625,0.6461508614676332,0.5536187744140624,0.17053222656247158
13.0546875,0.6460683913457961,0.5531777954101561,0.05584716796875
13.0703125,0.6458020891462046,0.5532803344726562,0.1763916015625
13.0859375,0.6463158017113095,0.5533984375,0.14111328125
13.1015625,0.6460153488885789,0.5540740966796875,0.19403076171875
13.1171875,0.6460785638718378,0.553751220703125,0.2882080078125284
13.1328125,0.6460382370721727,0.5536773681640623,0.14398193359372158
13.1484375,0.6464963640485492,0.5539569091796875,0.202880859375
13.1640625,0.6457639421735492,0.5543829345703124,0.15283203125
13.1796875,0.6460298810686383,0.5547653198242187,0.3175048828125284
13.1953125,0.6456513177780878,0.5548388671875,0.31170654296875
13.2109375,0.6459223429361979,0.5550592041015625,0.3321533203125
13.2265625,0.6455699375697544,0.5547357177734376,0.13232421875
13.2421875,0.6457181658063617,0.5547213745117188,0.19403076171875
13.2578125,0.6458249773297992,0.5554412841796875,0.3527832031250284
13.2734375,0.6458209809802834,0.555279541015625,0.2645263671875
13.2890625,0.6462104434058786,0.5554412841796875,0.21166992187502842
13.3046875,0.6460349673316592,0.555264892578125,0.09991455078125
13.3203125,0.6458049955822166,0.5561614990234375,0.2645263671875
13.3359375,0.6459670293898809,0.5559411621093748,0.17639160156247158
13.3515625,0.6459034511021206,0.555985107421875,0.2498779296875
13.3671875,0.6456476847330729,0.5560293579101561,0.2615966796874716
13.3828125,0.6457559494745164,0.5569845581054688,0.30865478515625
13.3984375,0.6457054501488095,0.5564114379882813,0.22637939453125
13.4140625,0.6456509544735857,0.556719970703125,0.2557373046875
13.4296875,0.6457544962565104,0.5572052001953124,0.3880615234374716
13.4453125,0.6455841064453118,0.5572052001953124,0.20874023437497158
13.4609375,0.6454736618768594,0.557381591796875,0.2880859375000284
13.4765625,0.6454300653366809,0.5575286865234375,0.3087158203125
13.4921875,0.6452509562174479,0.5582049560546875,0.4351196289062784
13.5078125,0.6451648530505952,0.5578814697265625,0.17938232421875
13.5234375,0.6451812017531622,0.55843994140625,0.40570068359375
13.5390625,0.6452396937779025,0.5585720825195313,0.37042236328125
13.5546875,0.6452378772553944,0.5581903076171875,0.19702148437502842
13.5703125,0.6451826549711681,0.55843994140625,0.24694824218752842
13.5859375,0.6451227097284227,0.558131103515625,0.14990234375
13.6015625,0.6451176234654025,0.558131103515625,0.1204833984375
13.6171875,0.6450533185686383,0.5585137939453123,0.06176757812497158
13.6328125,0.6449846540178571,0.5582342529296875,0.070556640625
13.6484375,0.6450584048316592,0.5584988403320312,0.01177978515625
13.6640625,0.6450765700567336,0.5585870361328125,0.00299072265625
13.6796875,0.6449922834123883,0.5584695434570313,0.05584716796875
13.6953125,0.6450119018554688,0.55841064453125,-0.005859375
13.7109375,0.6450111752464658,0.55838134765625,0.050048828125
13.7265625,0.6449185325985857,0.5584988403320312,0.07354736328125
13.7421875,0.6450304303850454,0.5581460571289063,-0.07354736328122158
13.7578125,0.6450002761114211,0.5582049560546875,-0.005859375
13.7734375,0.6449799310593378,0.5575579833984375,-0.18817138671875
13.7890625,0.6450482323056176,0.5583074951171875,-0.055908203125
13.8046875,0.6448636736188617,0.5578814697265625,-0.11761474609375
13.8203125,0.6448574974423357,0.5579547119140623,-0.09118652343752842
13.8359375,0.6448585873558408,0.557322998046875,-0.211669921875
13.8515625,0.6449566795712426,0.5571759033203123,-0.2645874023437784
13.8671875,0.6449795677548357,0.5571026611328125,-0.20867919921875
13.8828125,0.6448462350027901,0.557322998046875,-0.1763916015625
13.8984375,0.6449882870628714,0.5572491455078125,-0.061767578125
13.9140625,0.6448484148297992,0.556573486328125,-0.3468017578125
13.9296875,0.6449770246233258,0.5568670654296874,-0.202880859375
13.9453125,0.6448426019577753,0.5569845581054688,-0.19403076171872158
13.9609375,0.6448836553664428,0.5560293579101561,-0.2587280273437784
13.9765625,0.6448306129092262,0.5557940673828125,-0.2763671874999716
13.9921875,0.644826979864212,0.5557208251953124,-0.2763671875000284
14.0078125,0.6449254353841146,0.5552944946289062,-0.40570068359375
14.0234375,0.6449188959030878,0.5552944946289062,-0.39093017578125
14.0390625,0.6448124476841525,0.5558529663085937,-0.14410400390625
14.0546875,0.644845871698288,0.5554412841796875,-0.28515625
14.0703125,0.6447644914899546,0.5554269409179687,-0.3115234375
14.0859375,0.6449214390345975,0.5551031494140624,-0.18524169921875
14.1015625,0.644852047874814,0.5553387451171875,-0.091064453125
14.1171875,0.6448128109886533,0.5548678588867187,-0.17059326171872158
14.1328125,0.6447670346214658,0.5548095703125,-0.09698486328125
14.1484375,0.644729977562314,0.5545449829101561,-0.14990234375002842
14.1640625,0.644698006766183,0.5542361450195312,-0.3233642578125
14.1796875,0.6447677612304688,0.5540597534179688,-0.27630615234375
14.1953125,0.6447125389462426,0.5547357177734376,-0.13824462890625
14.2109375,0.6447644914899546,0.5545449829101561,-0.11163330078125
14.2265625,0.644698006766183,0.5540597534179688,-0.25579833984375
14.2421875,0.6447296142578118,0.5539126586914064,-0.19104003906247158
14.2578125,0.6447990054175967,0.55410400390625,-0.14111328125
14.2734375,0.6447205316452753,0.5540597534179688,-0.09704589843747158
14.2890625,0.6447372436523438,0.5538095092773438,-0.08532714843747158
14.3046875,0.6447339739118311,0.55413330078125,0.01470947265625
14.3203125,0.6447314307803199,0.5541921997070313,-0.10870361328125
14.3359375,0.6447321573893229,0.5539569091796875,-0.11761474609372158
14.3515625,0.6447532290504092,0.5540301513671875,-0.00592041015625
14.3671875,0.6447757539295015,0.553780517578125,-0.02642822265627842
14.3828125,0.6447081792922247,0.5535748291015625,-0.1058349609375
14.3984375,0.6446126302083334,0.5541921997070313,0.0264892578125
14.4140625,0.6447212582542783,0.5534716796875,-0.06756591796877842
14.4296875,0.6447394234793526,0.5539276123046875,-0.0411376953125
14.4453125,0.6446925571986607,0.5532803344726562,-0.182373046875
14.4609375,0.6446725754510789,0.553427734375,-0.1058349609375
14.4765625,0.6447208949497761,0.553751220703125,-0.0557861328125
14.4921875,0.6448186238606771,0.5532803344726562,-0.10003662109375
14.5078125,0.6448287963867188,0.5528985595703123,-0.13525390625002842
14.5234375,0.6450976417178199,0.5535009765625,-0.13824462890625
14.5390625,0.6450958251953118,0.5532220458984375,-0.0499267578125
14.5546875,0.6452545892624628,0.5529275512695313,-0.20001220703125
14.5703125,0.6454286121186763,0.553074951171875,-0.04107666015625
14.5859375,0.6457722981770834,0.5532070922851561,-0.04412841796877842
14.6015625,0.6458315168108258,0.553427734375,-0.064697265625
14.6171875,0.645766848609561,0.5531481933593748,-0.02642822265627842
14.6328125,0.6460967290969122,0.553544921875,0.12927246093752842
14.6484375,0.6457646687825521,0.5532070922851561,-0.05877685546877842
14.6640625,0.6457287016369048,0.5536041259765625,0.076416015625
14.6796875,0.6460044497535342,0.5532070922851561,0.05590820312497158
14.6953125,0.6458024524507069,0.5540740966796875,0.1998291015625
14.7109375,0.6456378755115334,0.5530014038085938,-0.04113769531247158
14.7265625,0.6466994512648809,0.5534423828125,0.0029296875
14.7421875,0.646371750604538,0.553427734375,0.05590820312502842
14.7578125,0.6459412347702753,0.5535891723632812,0.00885009765625
14.7734375,0.6460320608956474,0.5535009765625,0.05877685546877842
14.7890625,0.6460811070033475,0.5534567260742187,-0.02947998046875
14.8046875,0.6459561302548357,0.5540597534179688,0.17053222656252842
14.8203125,0.6462355114164806,0.5543243408203123,0.05004882812497158
14.8359375,0.6460930960518974,0.5541921997070313,0.2381591796875
14.8515625,0.6460342407226562,0.5542361450195312,0.15875244140625
14.8671875,0.6462732950846354,0.5544125366210938,0.19696044921875
14.8828125,0.646194094703311,0.5551031494140624,0.3027954101562216
14.8984375,0.6459448678152901,0.5543829345703124,0.17639160156247158
14.9140625,0.6462823776971727,0.5542654418945312,0.1617431640625
14.9296875,0.6461842854817715,0.5550299072265625,0.19403076171875
14.9453125,0.6465127127511168,0.5550152587890623,0.13818359375
14.9609375,0.6463125319707961,0.5550299072265625,0.16754150390625
14.9765625,0.6468400501069569,0.5555294799804688,0.2586669921875
14.9921875,0.6461788359142485,0.5554412841796875,0.20574951171875
15.0078125,0.6460992722284227,0.5560586547851561,0.19110107421875
15.0234375,0.6462711152576265,0.5563821411132812,0.3998413085937784
15.0390625,0.6459383283342633,0.5566616821289062,0.479248046875
15.0546875,0.646590096609933,0.556573486328125,0.3087158203125
15.0703125,0.6459554036458334,0.5568081665039063,0.3585815429687784
15.0859375,0.6466060820079985,0.5570584106445312,0.40570068359375
15.1015625,0.6461010887509301,0.5573373413085938,0.361572265625
15.1171875,0.6464295160202753,0.5577200317382812,0.45574951171875
15.1328125,0.6461755661737358,0.557705078125,0.3292846679687784
15.1484375,0.6461959112258191,0.5583517456054687,0.3939208984375
15.1640625,0.6460564022972477,0.55843994140625,0.35565185546875
15.1796875,0.6459688459123883,0.5587783813476562,0.44097900390625
15.1953125,0.6457243419828869,0.5594839477539062,0.53515625
15.2109375,0.646087646484375,0.5596453857421875,0.51739501953125
15.2265625,0.6460469563802084,0.55979248046875,0.49102783203125
15.2421875,0.6462700253441214,0.5594839477539062,0.352783203125
15.2578125,0.6461512247721354,0.5594100952148438,0.34100341796875
15.2734375,0.6459016345796131,0.5597628784179688,0.2822265625
15.2890625,0.645721435546875,0.5604684448242188,0.40570068359375
15.3046875,0.6457392374674479,0.5599981689453124,0.24395751953122158
15.3203125,0.6458456856863832,0.5603359985351561,0.17041015624997158
15.3359375,0.6458369663783475,0.5604098510742187,0.15289306640625
15.3515625,0.6454605829148072,0.560850830078125,0.211669921875
15.3671875,0.6456593104771206,0.5610858154296875,0.32037353515625
15.3828125,0.6453748430524546,0.5611447143554688,0.346923828125
15.3984375,0.6453039986746651,0.5614242553710938,0.332275390625
15.4140625,0.6452338809058786,0.5615563964843748,0.21759033203122158
15.4296875,0.6452571323939739,0.5618353271484375,0.3674316406250284
15.4453125,0.6452825637090773,0.561865234375,0.3058471679687784
15.4609375,0.6453039986746651,0.5621737670898438,0.352783203125
15.4765625,0.6451485043480283,0.5619091796875,0.211669921875
15.4921875,0.6451448713030133,0.5616149902343749,0.10583496093747158
15.5078125,0.6451623099190849,0.5619384765625,0.15875244140625
15.5234375,0.6449853806268594,0.5620559692382813,0.1263427734375
15.5390625,0.6450366065615699,0.5620416259765625,0.09704589843752842
15.5546875,0.6450762067522321,0.5616738891601561,-0.03228759765627842
15.5703125,0.6450950985863095,0.5612918090820312,-0.11468505859375
15.5859375,0.6450929187593,0.5618209838867188,-0.070556640625
15.6015625,0.645064944312686,0.561541748046875,-0.073486328125
15.6171875,0.6449901035853794,0.5619091796875,0.05883789062502842
15.6328125,0.6449523199172247,0.5611154174804688,-0.16461181640625
15.6484375,0.6450086321149546,0.560924072265625,-0.22637939453125
15.6640625,0.6449624924432664,0.5612918090820312,-0.14996337890625
15.6796875,0.6450467790876117,0.5614242553710938,-0.04992675781247158
15.6953125,0.644852774483817,0.5610858154296875,-0.04119873046875
15.7109375,0.6450435093470975,0.5609390258789062,-0.1763916015625
15.7265625,0.6450097220284599,0.5604541015625,-0.217529296875
15.7421875,0.6448952811104904,0.5603070068359376,-0.3204345703124716
15.7578125,0.6448865618024546,0.5600863647460937,-0.205810546875
15.7734375,0.6450536818731406,0.5596160888671875,-0.2615966796875
15.7890625,0.6450220743815104,0.5601596069335938,-0.2264404296875
15.8046875,0.644913083031064,0.5596603393554688,-0.352783203125
15.8203125,0.6449730282738095,0.5594839477539062,-0.32037353515625
15.8359375,0.6450449625651048,0.5594839477539062,-0.291015625
15.8515625,0.6448989141555059,0.5594100952148438,-0.20880126953125
15.8671875,0.645004635765439,0.5588516235351562,-0.29107666015630684
15.8828125,0.6450104486374628,0.5589398193359376,-0.22930908203122158
15.8984375,0.6448342459542404,0.558807373046875,-0.1617431640625
15.9140625,0.6448640369233631,0.55843994140625,-0.34393310546875
15.9296875,0.6448589506603429,0.5585577392578125,-0.22052001953125
15.9453125,0.6448673066638765,0.5587783813476562,-0.14111328125
15.9609375,0.6450028192429309,0.5585720825195313,-0.182373046875
15.9765625,0.644967942010788,0.5586163330078125,-0.15875244140625
15.9921875,0.6449040004185261,0.5578814697265625,-0.19403076171872158
16.0078125,0.6448858351934523,0.5575579833984375,-0.2763671875000284
16.0234375,0.6448455083937872,0.5579989624023439,-0.16168212890622158
16.0390625,0.6448524111793155,0.5576901245117187,-0.14996337890625
16.0546875,0.6448901948474702,0.5577200317382812,-0.16754150390625
16.0703125,0.6448091779436383,0.5573962402343748,-0.2764282226562784
16.0859375,0.644850594656808,0.5576019287109376,-0.19403076171872158
16.1015625,0.6448571341378349,0.5576611328125,-0.1910400390625
16.1171875,0.6448898315429688,0.5575436401367188,-0.06756591796875
16.1328125,0.6447710309709821,0.5572790527343748,-0.05578613281252842
16.1484375,0.6448840186709449,0.5578082275390623,-0.03814697265630684
16.1640625,0.6447993687220975,0.5575579833984375,-0.02642822265625
16.1796875,0.6448026384626117,0.55702880859375,-0.13824462890625
16.1953125,0.6447379702613467,0.556646728515625,-0.14990234374997158
16.2109375,0.644729250953311,0.5571466064453123,-0.09106445312505684
16.2265625,0.6447009132021949,0.5562057495117188,-0.29107666015625
16.2421875,0.6447259812127977,0.5568963623046875,-0.12945556640625
16.2578125,0.644790286109561,0.5568380737304688,-0.08819580078122158
16.2734375,0.6450700305757069,0.5639520263671876,1.2287597656250284
16.2890625,0.6452709379650298,0.5638937377929687,1.26715087890625
16.3046875,0.6452204386393229,0.5642608642578125,1.4464111328125
16.3203125,0.6451158069428944,0.564334716796875,1.53759765625
16.3359375,0.6451913742792039,0.5643048095703124,1.431640625
16.3515625,0.6450554983956474,0.5644079589843749,1.6404418945312216
16.3671875,0.6452673049200142,0.5649960327148438,1.61993408203125
16.3828125,0.6451866513206845,0.5645693969726563,1.5462646484375
16.3984375,0.645126706077939,0.5644229125976562,0.09417724609375
16.4140625,0.6451822916666666,0.5646575927734375,0.15277099609375
16.4296875,0.6450714837937128,0.5646575927734375,0.079345703125
16.4453125,0.6451499575660342,0.5644372558593749,0.02050781249997158
16.4609375,0.6450685773577008,0.5634378051757812,-0.17340087890622158
16.4765625,0.6451216198149181,0.5642755126953124,-0.0264892578125
16.4921875,0.6450976417178199,0.5643490600585938,-0.12939453125
16.5078125,0.6451165335518974,0.563746337890625,-0.16461181640625
16.5234375,0.6450580415271571,0.56408447265625,-0.06768798828125
16.5390625,0.6450845627557664,0.5634085083007813,-0.24981689453125
16.5546875,0.6450634910946801,0.5638198852539062,-0.16754150390625
16.5703125,0.6450482323056176,0.5629086303710937,-0.3057250976562216
16.5859375,0.6450958251953118,0.5628497314453124,-0.11761474609377842
16.6015625,0.6450267973400298,0.5620999145507812,-0.4351196289062216
16.6171875,0.6450231642950142,0.5626290893554687,-0.343994140625
16.6328125,0.6451096307663691,0.5623062133789063,-0.28802490234375
16.6484375,0.6451009114583334,0.562218017578125,-0.373291015625
16.6640625,0.6450387863885789,0.5620416259765625,-0.27337646484375
16.6796875,0.6450366065615699,0.5622030639648438,-0.3233642578125
16.6953125,0.6450387863885789,0.5617181396484375,-0.23809814453125
16.7109375,0.6450994582403273,0.5612918090820312,-0.3115844726562216
16.7265625,0.6450431460425967,0.561541748046875,-0.11163330078125
16.7421875,0.6451713925316214,0.56130615234375,-0.26458740234375
16.7578125,0.6450398763020834,0.5609683227539063,-0.267578125
16.7734375,0.6450776599702381,0.5610858154296875,-0.2264404296875
16.7890625,0.6451328822544643,0.5604684448242188,-0.31463623046875
16.8046875,0.6450776599702381,0.5603359985351561,-0.3734130859375284
16.8203125,0.6451034545898438,0.5606155395507812,-0.22052001953125
16.8359375,0.6450867425827753,0.5606155395507812,-0.13525390625
16.8515625,0.6451365152994785,0.5600863647460937,-0.29107666015625
16.8671875,0.6450827462332596,0.5596160888671875,-0.3380126953125
16.8828125,0.6450260707310261,0.5595571899414064,-0.2822265624999716
16.8984375,0.6451099940708706,0.55979248046875,-0.2586669921875
16.9140625,0.6450315202985492,0.5596160888671875,-0.17047119140625
16.9296875,0.645111083984375,0.5596304321289063,-0.14111328124997158
16.9453125,0.6451575869605655,0.5587341308593748,-0.3762817382812784
16.9609375,0.6450903756277901,0.5589248657226562,-0.338134765625
16.9765625,0.6450184413364956,0.5587783813476562,-0.2615966796875
16.9921875,0.6450809297107515,0.5589398193359376,-0.13525390624997158
17.0078125,0.6450831095377604,0.5589691162109376,-0.11761474609375
17.0234375,0.6450903756277901,0.5583956909179687,-0.27935791015625
17.0390625,0.6450932820638021,0.5589691162109376,-0.12939453124997158
17.0546875,0.6451016380673357,0.55841064453125,-0.24395751953125
17.0703125,0.6451216198149181,0.5586309814453123,-0.0206298828125
17.0859375,0.6450035458519345,0.558131103515625,-0.15875244140625
17.1015625,0.6451176234654025,0.55843994140625,-0.06768798828125
17.1171875,0.6450115385509666,0.5582342529296875,-0.14111328125002842
17.1328125,0.6449802943638393,0.558101806640625,-0.17346191406252842
17.1484375,0.6449712117513021,0.5578814697265625,-0.10284423828125
17.1640625,0.645003182547433,0.557734375,-0.24694824218752842
17.1796875,0.6449944632393974,0.5571466064453123,-0.2528076171875284
17.1953125,0.6449962797619048,0.5572052001953124,-0.28515625
17.2109375,0.6451216198149181,0.556719970703125,-0.2822265625
17.2265625,0.6449403308686763,0.5576318359375,-0.16162109375
17.2421875,0.6450460524786086,0.5571759033203123,-0.21166992187502842
17.2578125,0.6449864705403646,0.5574111938476562,-0.13812255859375
17.2734375,0.6450322469075521,0.5574111938476562,-0.09405517578125
17.2890625,0.64500717889695,0.5572491455078125,-0.0970458984375
17.3046875,0.6449515933082217,0.5572052001953124,0.01171875
17.3203125,0.6449541364397321,0.5572491455078125,0.008789062500028422
17.3359375,0.6450300670805431,0.556690673828125,-0.005859375
17.3515625,0.6452560424804688,0.5562350463867187,-0.27935791015625
17.3671875,0.6450896490187872,0.5562057495117188,-0.19403076171872158
17.3828125,0.6449715750558036,0.556014404296875,-0.27935791015625
17.3984375,0.6450580415271571,0.5562057495117188,-0.2410888671875
17.4140625,0.6452629452659977,0.5560443115234375,-0.240966796875
17.4296875,0.6451009114583334,0.555985107421875,-0.24401855468747158
17.4453125,0.6452560424804688,0.5562057495117188,-0.20867919921875
17.4609375,0.6451815650576643,0.5553680419921875,-0.2645263671875
17.4765625,0.6451590401785714,0.555264892578125,-0.19403076171875
17.4921875,0.645157223656064,0.5553680419921875,-0.16754150390625
17.5078125,0.6451514107840401,0.5551766967773439,-0.16754150390622158
17.5234375,0.6451416015625,0.5554412841796875,-0.15289306640625
17.5390625,0.6451455979120164,0.5557940673828125,-0.050048828125
17.5546875,0.6451183500744048,0.5560882568359377,0.02062988281252842
17.5703125,0.6451550438290551,0.5563528442382812,0.0294189453125
17.5859375,0.6452091761997761,0.555985107421875,0.1234130859375
17.6015625,0.6451710292271206,0.5559704589843748,0.14111328124997158
17.6171875,0.6451317923409599,0.5561175537109376,0.14990234375002842
17.6328125,0.6452193487258191,0.5559704589843748,0.15875244140619316
17.6484375,0.6450929187593,0.5560586547851561,0.12347412109372158
17.6640625,0.645090012323288,0.5560882568359377,0.05883789062502842
17.6796875,0.6451368786039806,0.5568670654296874,0.15576171874997158
17.6953125,0.6452771141415551,0.5560293579101561,-0.06469726562502842
17.7109375,0.6452643984840023,0.5566616821289062,0.13531494140625
17.7265625,0.6451383318219867,0.5568380737304688,0.17352294921877842
17.7421875,0.6451979137602306,0.556719970703125,0.12048339843747158
17.7578125,0.6452037266322544,0.5572052001953124,0.2469482421875
17.7734375,0.6452389671688988,0.55767578125,0.3234252929687784
17.7890625,0.6453061785016742,0.5579547119140623,0.37329101562494316
17.8046875,0.6452571323939739,0.5578814697265625,0.202880859375
17.8203125,0.6451528640020461,0.5578814697265625,0.3704223632812784
17.8359375,0.6452920096261168,0.5578814697265625,0.24395751953125
17.8515625,0.6452952793666294,0.5579107666015625,0.21453857421875
17.8671875,0.6453094482421882,0.55843994140625,0.343994140625
17.8828125,0.6451688494001117,0.5583224487304688,0.22344970703127842
17.8984375,0.6452985491071429,0.5586163330078125,0.1881103515625
17.9140625,0.6453203473772321,0.5585720825195313,0.12347412109377842
17.9296875,0.6453199840727306,0.559498291015625,0.3233642578125
17.9453125,0.6452088128952753,0.5590130615234375,0.226318359375
17.9609375,0.6453690301804309,0.5591012573242188,0.24395751953125
17.9765625,0.6453519548688617,0.5599392700195313,0.40570068359375
17.9921875,0.6452080862862724,0.5599688720703123,0.3057861328124716
18.0078125,0.6452553158714658,0.5597042846679687,0.2763671875
18.0234375,0.6452258882068452,0.55979248046875,0.2352294921875
18.0390625,0.6452386038643974,0.5606448364257812,0.41455078125
18.0546875,0.6453541346958706,0.5609390258789062,0.28814697265625
18.0703125,0.6452763875325521,0.5610714721679687,0.41168212890625
18.0859375,0.6452426002139143,0.560953369140625,0.37042236328125
18.1015625,0.6451663062686012,0.56127685546875,0.26751708984375
18.1171875,0.6451641264415929,0.5615563964843748,0.3175048828125
18.1328125,0.6452752976190477,0.5614825439453124,0.3556518554687216
18.1484375,0.6452771141415551,0.561658935546875,0.373291015625
18.1640625,0.6452193487258191,0.5616738891601561,0.20581054687497158
18.1796875,0.6452836536225819,0.561658935546875,0.14398193359375
18.1953125,0.6452375139508929,0.5618060302734375,0.14691162109375
18.2109375,0.6451859247116809,0.5618060302734375,0.1705322265625
18.2265625,0.6450831095377604,0.5614825439453124,0.04113769531247158
18.2421875,0.6451848347981771,0.5620855712890623,0.1058349609375
18.2578125,0.6452226184663319,0.5620416259765625,0.11181640625002842
18.2734375,0.645193190801712,0.5621148681640623,0.09118652343747158
18.2890625,0.6452157156808036,0.5621588134765625,0.09698486328127842
18.3046875,0.6452160789853051,0.5620999145507812,0.08819580078125
18.3203125,0.6451724824451265,0.5618795776367187,0.01470947265625
18.3359375,0.6451797485351562,0.562364501953125,0.1116943359375
18.3515625,0.6451059977213548,0.5618502807617187,0.07354736328127842
18.3671875,0.6451328822544643,0.5615267944335938,-0.11175537109372158
18.3828125,0.6451176234654025,0.5617327880859376,-0.06176757812497158
18.3984375,0.6451888311476928,0.5613800048828125,-0.14697265624997158
18.4140625,0.645125979468936,0.5610714721679687,-0.21746826171875
18.4296875,0.6452073596772694,0.5610415649414064,-0.21166992187497158
18.4453125,0.6450576782226562,0.56130615234375,-0.11468505859375
18.4609375,0.645090012323288,0.5604098510742187,-0.39093017578125
18.4765625,0.6451692127046131,0.5609390258789062,-0.1822509765625
18.4921875,0.6451092674618676,0.560189514160156,-0.2674560546875284
18.5078125,0.6451659429640997,0.5606304931640623,-0.22045898437505684
18.5234375,0.6452258882068452,0.5605422973632812,-0.16754150390625
18.5390625,0.6451673961821056,0.55989501953125,-0.23529052734375
18.5546875,0.6451826549711681,0.5596603393554688,-0.2762451171875284
18.5703125,0.645090012323288,0.5597042846679687,-0.32037353515625
18.5859375,0.6450445992606026,0.559189453125,-0.24407958984375
18.6015625,0.6451441446940104,0.5591751098632812,-0.352783203125
18.6171875,0.6449799310593378,0.5591162109375,-0.21466064453122158
18.6328125,0.6450079055059523,0.559189453125,-0.2882080078124716
18.6484375,0.645157950265067,0.558690185546875,-0.37042236328125
18.6640625,0.6450976417178199,0.5596160888671875,-0.0557861328125
18.6796875,0.6451822916666666,0.5589398193359376,-0.14410400390622158
18.6953125,0.645090012323288,0.5590280151367187,-0.13525390625
18.7109375,0.6450562250046503,0.5588665771484375,-0.0645751953125
18.7265625,0.6451067243303571,0.5584255981445313,-0.14990234375
18.7421875,0.6451114472888765,0.5589398193359376,-0.03527832031247158
18.7578125,0.6451150803338914,0.5585577392578125,-0.1263427734375
18.7734375,0.645127432686942,0.5584988403320312,-0.03826904296875
18.7890625,0.6452157156808036,0.5585720825195313,-0.20880126953125
18.8046875,0.6450958251953118,0.5581167602539062,-0.16461181640627842
18.8203125,0.6450998215448289,0.558057861328125,-0.19403076171875
18.8359375,0.6450133550734747,0.5581753540039063,-0.13824462890625
18.8515625,0.6450511387416294,0.55841064453125,-0.00299072265625
18.8671875,0.6451216198149181,0.5582342529296875,-0.14111328125002842
18.8828125,0.6450333368210572,0.5582492065429687,-0.06170654296875
18.8984375,0.6450798397972477,0.557984619140625,-0.10284423828125
18.9140625,0.6450297037760416,0.557381591796875,-0.23809814453125
18.9296875,0.6450137183779762,0.5574847412109376,-0.12640380859372158
18.9453125,0.6450049990699405,0.5573962402343748,-0.13232421875002842
18.9609375,0.6451107206798735,0.5573672485351561,-0.16162109375002842
18.9765625,0.6450780232747396,0.5576019287109376,-0.16174316406247158
18.9921875,0.6450958251953118,0.5571759033203123,-0.21166992187502842
19.0078125,0.6450820196242559,0.556690673828125,-0.31170654296875
19.0234375,0.6450678507486979,0.5564996337890623,-0.2969970703125284
19.0390625,0.6449723016648072,0.5569845581054688,-0.07940673828125
19.0546875,0.6450184413364956,0.5564114379882813,-0.21466064453127842
19.0703125,0.6450525919596354,0.5562646484375,-0.22631835937497158
19.0859375,0.6451365152994785,0.5564996337890623,-0.17352294921875
19.1015625,0.6449799310593378,0.5564852905273439,-0.22332763671875
19.1171875,0.645111083984375,0.5561468505859376,-0.20581054687494316
19.1328125,0.6449566795712426,0.5559118652343749,-0.15576171875002842
19.1484375,0.6450562250046503,0.5562939453125,-0.04113769531247158
19.1640625,0.6449414207821801,0.555985107421875,-0.19989013671875
19.1796875,0.6450144449869785,0.5563528442382812,-0.01171875
19.1953125,0.6450060889834449,0.5553530883789063,-0.18231201171875
19.2109375,0.6449272519066214,0.5557940673828125,-0.14111328124997158
19.2265625,0.6449653988792783,0.5555001831054688,-0.19702148437502842
19.2421875,0.6450787498837426,0.5550741577148437,-0.21453857421877842
19.2578125,0.6449762980143229,0.5558822631835938,-0.005920410156221578
19.2734375,0.6450769333612358,0.55554443359375,-0.14990234375
19.2890625,0.6451365152994785,0.5549560546875,-0.205810546875
19.3046875,0.6452771141415551,0.5548095703125,-0.30865478515625
19.3203125,0.6451397850399926,0.5547357177734376,-0.12347412109375
19.3359375,0.6450387863885789,0.5551031494140624,-0.13818359375002842
19.3515625,0.6451227097284227,0.5550741577148437,-0.085205078125
19.3671875,0.6452040899367559,0.5544125366210938,-0.13232421875
19.3828125,0.6452440534319189,0.5543685913085937,-0.302734375
19.3984375,0.6452396937779025,0.5545449829101561,-0.19989013671877842
19.4140625,0.6452389671688988,0.5548828125,-0.0146484375
19.4296875,0.6453643072219122,0.5550741577148437,0.05291748046875
19.4453125,0.6454711187453497,0.5547503662109377,0.0029296875000284217
19.4609375,0.6453167143322166,0.554559326171875,-0.10876464843747158
19.4765625,0.6450965518043155,0.5549859619140624,-0.01763916015627842
19.4921875,0.6453021821521571,0.5553680419921875,0.19110107421875
19.5078125,0.6454322451636905,0.5550299072265625,0.13226318359375
19.5234375,0.6450860159737724,0.5552505493164064,0.14111328125005684
19.5390625,0.6451746622721354,0.5550003051757812,0.02349853515625
19.5546875,0.6453203473772321,0.5558529663085937,0.15576171875
19.5703125,0.6452869233630952,0.5556765747070312,0.18524169921872158
19.5859375,0.6452164422898072,0.5553680419921875,0.1617431640625
19.6015625,0.6451085408528646,0.555867919921875,0.17639160156252842
19.6171875,0.6451833815801711,0.5553387451171875,-0.005859375
19.6328125,0.6452894664946056,0.5561325073242187,0.22052001953125
19.6484375,0.6453050885881689,0.5561468505859376,0.17926025390625
19.6640625,0.645248049781436,0.555897216796875,0.17938232421875
19.6796875,0.6452876499720975,0.5556765747070312,-0.0352783203125
19.6953125,0.6452952793666294,0.5560443115234375,0.07354736328125
19.7109375,0.6452822004045758,0.5561614990234375,0.15869140625
19.7265625,0.6453192574637276,0.5561325073242187,0.05291748046875
19.7421875,0.6453050885881689,0.556602783203125,0.2528076171875
19.7578125,0.6452589489164806,0.5572052001953124,0.21453857421872158
19.7734375,0.6452709379650298,0.5567938232421875,0.12939453124997158
19.7890625,0.6453966413225454,0.55692626953125,0.205810546875
19.8046875,0.645277840750558,0.5571319580078125,0.29107666015625
19.8203125,0.6452807471865699,0.5568963623046875,0.17041015625
19.8359375,0.6452342442103794,0.5574111938476562,0.24993896484375
19.8515625,0.6453239804222477,0.5578082275390623,0.3351440429687216
19.8671875,0.6451764787946429,0.5578082275390623,0.24108886718747158
19.8828125,0.6453261602492559,0.557734375,0.10583496093752842
19.8984375,0.6453570411318824,0.5578521728515625,0.211669921875
19.9140625,0.6452978224981406,0.5575579833984375,0.1263427734375
19.9296875,0.645212082635788,0.557734375,0.1204833984375
19.9453125,0.6451757521856406,0.558087158203125,0.2381591796875
19.9609375,0.645248049781436,0.55843994140625,0.20574951171875
19.9765625,0.6453003656296503,0.5583956909179687,0.11749267578127842
19.9921875,0.6453170776367188,0.5582492065429687,0.08819580078127842
20.0078125,0.6451910109747023,0.5586309814453123,0.17932128906247158
20.0234375,0.6452851068405878,0.5588958740234375,0.208740234375
20.0390625,0.6451928274972099,0.55843994140625,0.1763916015625
20.0546875,0.6453003656296503,0.55843994140625,0.14111328125
20.0703125,0.6452436901274181,0.55843994140625,0.070556640625
20.0859375,0.6452822004045758,0.5585137939453123,0.014770507812471578
20.1015625,0.6452829270135789,0.5586019897460938,0.041259765625
20.1171875,0.6452669416155133,0.5593365478515625,0.21746826171875
20.1328125,0.6451848347981771,0.558807373046875,0.03527832031252842
20.1484375,0.6451346987769717,0.5587783813476562,-0.02349853515625
20.1640625,0.6452015468052456,0.5590130615234375,0.1146240234375
20.1796875,0.6452048165457596,0.559189453125,0.14990234375
20.1953125,0.6452222551618311,0.5593365478515625,0.1793212890625
20.2109375,0.6451815650576643,0.5587783813476562,0.05291748046877842
20.2265625,0.6451946440197166,0.5590573120117187,0.091064453125
20.2421875,0.6451844714936763,0.5591012573242188,-0.04705810546875
20.2578125,0.6451495942615334,0.5587783813476562,-0.00579833984375
20.2734375,0.6451732090541294,0.5596160888671875,0.16754150390625
20.2890625,0.6451430547805059,0.5590130615234375,0.0
20.3046875,0.6451416015625,0.5589398193359376,-0.04992675781247158
20.3203125,0.6451012747628349,0.5593365478515625,0.0
20.3359375,0.6451463245210194,0.5587927246093749,0.0028686523437215783
20.3515625,0.6452520461309523,0.5587783813476562,-0.0557861328125
20.3671875,0.645212082635788,0.5589398193359376,-0.03228759765622158
20.3828125,0.6451012747628349,0.5593515014648438,0.1146240234375
20.3984375,0.6451208932059151,0.5587783813476562,-0.16754150390625
20.4140625,0.6450449625651048,0.559189453125,0.0352783203125
20.4296875,0.6451655796595975,0.559189453125,0.04992675781247158
20.4453125,0.6450620378766742,0.5587341308593748,-0.12048339843752842
20.4609375,0.6451085408528646,0.5585720825195313,-0.04412841796872158
20.4765625,0.6451561337425595,0.5588665771484375,0.01763916015625
20.4921875,0.6451394217354904,0.5588665771484375,-0.014648437500028422
20.5078125,0.6451357886904762,0.5585430908203124,-0.16168212890627842
20.5234375,0.6451201665969122,0.55841064453125,-0.07354736328125
20.5390625,0.6451179867699033,0.55843994140625,-0.14990234375
20.5546875,0.6450511387416294,0.5582342529296875,-0.1910400390625
20.5703125,0.6449948265438988,0.55841064453125,-0.06469726562497158
20.5859375,0.6451713925316214,0.5585430908203124,-0.005798339843778422
20.6015625,0.6451517740885416,0.5586459350585937,-0.04412841796875
20.6171875,0.6450860159737724,0.558131103515625,-0.1470947265625
20.6328125,0.6451245262509301,0.558087158203125,-0.09118652343747158
20.6484375,0.6450315202985492,0.557984619140625,-0.085205078125
20.6640625,0.6451263427734382,0.5585720825195313,0.02642822265625
20.6796875,0.6451208932059151,0.558087158203125,-0.0294189453125
20.6953125,0.6449781145368311,0.5582342529296875,-0.0352783203125
20.7109375,0.6450445992606026,0.5578814697265625,-0.13232421874997158
20.7265625,0.6450671241396949,0.5578814697265625,-0.15289306640625
20.7421875,0.6450743902297247,0.5578082275390623,-0.06457519531252842
20.7578125,0.6451307024274546,0.558101806640625,0.0029296875
20.7734375,0.6450776599702381,0.5575579833984375,-0.0853271484375
20.7890625,0.6451550438290551,0.5578375244140623,-0.14691162109377842
20.8046875,0.6450028192429309,0.5581167602539062,0.00592041015625
20.8203125,0.6450068155924479,0.5572491455078125,-0.197021484375
20.8359375,0.6451227097284227,0.5571759033203123,-0.14111328125002842
20.8515625,0.6450609479631689,0.5577490234375,-0.0264892578125
20.8671875,0.6450017293294271,0.5578082275390623,0.0
20.8828125,0.6450133550734747,0.5572052001953124,-0.17932128906252842
20.8984375,0.6449970063709071,0.5570584106445312,-0.09991455078125
20.9140625,0.6450733003162202,0.55707275390625,-0.15295410156247158
20.9296875,0.6449599493117559,0.55692626953125,-0.23809814453125
20.9453125,0.6449614025297619,0.5576019287109376,0.07055664062502842
20.9609375,0.6449995495024181,0.55704345703125,-0.02648925781247158
20.9765625,0.6449624924432664,0.556719970703125,-0.205810546875
20.9921875,0.6449650355747761,0.5568380737304688,-0.19403076171872158
21.0078125,0.6448774791899181,0.556690673828125,-0.10290527343747158
21.0234375,0.6450602213541666,0.5573672485351561,0.06176757812497158
21.0390625,0.6449995495024181,0.5568380737304688,-0.04693603515625
21.0546875,0.6449879237583706,0.556573486328125,-0.070556640625
21.0703125,0.6449701218377977,0.5555001831054688,-0.4203491210937784
21.0859375,0.6449683053152901,0.5564996337890623,-0.10876464843752842
21.1015625,0.6449832007998512,0.5563821411132812,-0.06756591796875
21.1171875,0.6449348813011533,0.5562057495117188,-0.12646484375
21.1328125,0.6448927379789806,0.5562057495117188,-0.09698486328125
21.1484375,0.6449715750558036,0.5559704589843748,-0.27935791015625
21.1640625,0.6448687598818824,0.555867919921875,-0.19403076171875
21.1796875,0.644881112234933,0.5555001831054688,-0.21466064453125
21.1953125,0.644911629813058,0.5553530883789063,-0.0294189453125
21.2109375,0.6449595860072544,0.5555001831054688,-0.19989013671872158
21.2265625,0.6449541364397321,0.5559704589843748,-0.08233642578127842
21.2421875,0.6449683053152901,0.5552944946289062,-0.1822509765625
21.2578125,0.64495849609375,0.5563088989257813,0.0206298828125
21.2734375,0.6448342459542404,0.5553237915039062,-0.12933349609372158
21.2890625,0.6447812034970238,0.5555294799804688,-0.06768798828125
21.3046875,0.6449552263532367,0.5553680419921875,-0.02642822265625
21.3203125,0.6448204403831845,0.5550442504882812,-0.061767578125
21.3359375,0.6448157174246651,0.5554269409179687,-0.0146484375
21.3515625,0.6447826567150298,0.555191650390625,-0.15576171874997158
21.3671875,0.6448106311616444,0.555162353515625,-0.02642822265625
21.3828125,0.6449563162667404,0.5550299072265625,-0.25579833984375
21.3984375,0.6447481427873883,0.5549560546875,-0.07354736328125
21.4140625,0.6447757539295015,0.5554708862304687,-0.01171875
21.4296875,0.6448153541201643,0.5548977661132812,-0.09405517578125
21.4453125,0.6449454171316964,0.555162353515625,0.02362060546875
21.4609375,0.6448171706426711,0.555162353515625,-0.05291748046875
21.4765625,0.6449813842773438,0.5553680419921875,0.0352783203125
21.4921875,0.645005362374442,0.5551324462890623,-0.005981445312528422
21.5078125,0.6451194399879092,0.5550442504882812,0.00286865234375
21.5234375,0.6452854701450893,0.5550152587890623,0.011840820312471578
21.5390625,0.6453810192289806,0.5548239135742188,-0.12939453125
21.5546875,0.6454387846447166,0.5547796630859376,-0.02362060546872158
21.5703125,0.6452462332589286,0.5549560546875,-0.041259765625
21.5859375,0.645369393484933,0.5549859619140624,-0.03527832031252842
21.6015625,0.6458006359282,0.5549859619140624,-0.07641601562502842
21.6171875,0.6457007271902901,0.5552944946289062,0.03240966796877842
21.6328125,0.6452040899367559,0.5551031494140624,0.011779785156221578
21.6484375,0.6453933715820312,0.5555001831054688,0.09698486328127842
21.6640625,0.6455630347842262,0.5558380126953124,0.20281982421872158
21.6796875,0.6456633068266369,0.5557940673828125,0.20288085937497158
21.6953125,0.645431881859189,0.556676025390625,0.343994140625
21.7109375,0.6452596755254836,0.556676025390625,0.3380126953125284
21.7265625,0.6452244349888393,0.5575579833984375,0.5144042968750284
21.7421875,0.6453119913736979,0.55699951171875,0.34100341796875
21.7578125,0.6454565865652901,0.55767578125,0.5145263671875284
21.7734375,0.6453061785016742,0.5582049560546875,0.54095458984375
21.7890625,0.6453534080868676,0.5582192993164063,0.47625732421880684
21.8046875,0.6452538626534599,0.5589398193359376,0.6291503906250284
21.8203125,0.6452222551618311,0.5588516235351562,0.4351196289062216
21.8359375,0.6452273414248512,0.5596160888671875,0.5880126953125
21.8515625,0.6453029087611607,0.5596304321289063,0.41448974609375
21.8671875,0.6452324276878714,0.5603070068359376,0.6614990234375284
21.8828125,0.6453276134672619,0.5614682006835937,0.75848388671875
21.8984375,0.6453450520833334,0.5618353271484375,0.72607421875
21.9140625,0.6453501383463548,0.5617913818359377,0.71441650390625
21.9296875,0.6451895577566964,0.5622030639648438,0.6526489257812216
21.9453125,0.6452491396949405,0.5629086303710937,0.8114013671875284
21.9609375,0.6452520461309523,0.5633645629882813,0.74969482421875
21.9765625,0.64539809454055,0.5634085083007813,0.755615234375
21.9921875,0.6452346075148809,0.5638198852539062,0.7025756835937216
22.0078125,0.6452124459402901,0.5643490600585938,0.576171875
22.0234375,0.6452978224981406,0.5644961547851561,0.5321655273437216
22.0390625,0.645218258812314,0.5649810791015625,0.6379394531249716
22.0546875,0.6452113560267857,0.5647607421875,0.51153564453125
22.0703125,0.6453366960797992,0.56542236328125,0.50274658203125
22.0859375,0.6452324276878714,0.5656134033203124,0.4497680664062216
22.1015625,0.6453490484328497,0.56542236328125,0.40277099609375
22.1171875,0.6452604021344867,0.5656719970703123,0.3704223632812216
22.1328125,0.6452109927222842,0.5659515380859377,0.3204956054687784
22.1484375,0.6452825637090773,0.5666571044921875,0.4321899414062784
22.1640625,0.6452934628441214,0.5660394287109376,0.21166992187502842
22.1796875,0.6451946440197166,0.5674359130859377,0.5350341796875284
22.1953125,0.6452262515113467,0.5673626708984375,0.3880615234375
22.2109375,0.6453319731212798,0.5673626708984375,0.3498535156250284
22.2265625,0.6453003656296503,0.5667449951171875,0.2645263671875
22.2421875,0.6451841081891742,0.5672009277343748,0.3057861328125
22.2578125,0.6451481410435261,0.5668624877929688,0.18218994140622158
22.2734375,0.6452066330682664,0.5669805908203124,0.06469726562497158
22.2890625,0.6451739356631324,0.5674798583984375,0.2880859374999716
22.3046875,0.6451666695731026,0.5675537109375,0.02355957031247158
22.3203125,0.6452280680338548,0.5674066162109377,0.008789062500028422
22.3359375,0.6452080862862724,0.5669805908203124,-0.07641601562502842
22.3515625,0.6451808384486607,0.5667742919921875,0.005859375
22.3671875,0.6453021821521571,0.5674798583984375,0.05578613281252842
22.3828125,0.6453054518926711,0.567509765625,0.12945556640625
22.3984375,0.6452593122209821,0.567509765625,0.10583496093752842
22.4140625,0.6452840169270834,0.5675830078125,0.0206298828125
22.4296875,0.6452745710100454,0.5674066162109377,-0.02941894531247158
22.4453125,0.6452545892624628,0.5669805908203124,-0.08520507812505684
22.4609375,0.6452662150065104,0.56692138671875,-0.011840820312471578
22.4765625,0.6452258882068452,0.5674798583984375,0.14111328125
22.4921875,0.6452560424804688,0.5667160034179688,-0.15277099609375
22.5078125,0.6452622186569941,0.56690673828125,-0.12060546875
22.5234375,0.6452008201962426,0.5664215087890624,-0.21765136718752842
22.5390625,0.6451655796595975,0.5665396118164064,-0.20867919921872158
22.5546875,0.6451990036737358,0.5656719970703123,-0.34692382812505684
22.5703125,0.6451826549711681,0.5664657592773439,-0.10296630859369316
22.5859375,0.6452901931036086,0.5661279296875,-0.15869140625
22.6015625,0.6452854701450893,0.5655987548828125,-0.376220703125
22.6171875,0.6452742077055431,0.5652310180664064,-0.2969970703124716
22.6328125,0.6451615833100819,0.5656719970703123,-0.24694824218752842
22.6484375,0.6452469598679309,0.5654513549804687,-0.19403076171872158
22.6640625,0.6452077229817715,0.5649221801757812,-0.3234863281250284
22.6796875,0.6451147170293906,0.5650546264648437,-0.12347412109372158
22.6953125,0.6451982770647321,0.5647607421875,-0.3410034179687784
22.7109375,0.6452226184663319,0.5642166137695312,-0.38226318359375
22.7265625,0.6452142624627977,0.5645843505859376,-0.20288085937497158
22.7421875,0.6452978224981406,0.5643490600585938,-0.17639160156252842
22.7578125,0.6452128092447916,0.5638198852539062,-0.3704223632812216
22.7734375,0.6452404203869048,0.5643490600585938,-0.220458984375
22.7890625,0.645248049781436,0.5643490600585938,-0.1146240234375
22.8046875,0.6452520461309523,0.5633346557617187,-0.343994140625
22.8203125,0.6451517740885416,0.5628353881835938,-0.38507080078125
22.8359375,0.6451049078078497,0.5634085083007813,-0.16162109375
22.8515625,0.6451492309570312,0.5628793334960938,-0.3410034179687784
22.8671875,0.6452375139508929,0.5630850219726562,-0.2528076171875
22.8828125,0.6451692127046131,0.5624526977539063,-0.2734375
22.8984375,0.6451990036737358,0.5624676513671875,-0.37628173828125
22.9140625,0.6451528640020461,0.5624676513671875,-0.37628173828125
22.9296875,0.6451815650576643,0.5617471313476563,-0.3175048828125
22.9453125,0.6451888311476928,0.56201171875,-0.16473388671875
22.9609375,0.6451285226004464,0.5622030639648438,-0.2410888671875
22.9765625,0.6451742989676332,0.562247314453125,-0.12640380859375
22.9921875,0.6451390584309896,0.561865234375,-0.24395751953125
23.0078125,0.6450485956101191,0.5615707397460937,-0.1763916015625
23.0234375,0.6452178955078118,0.5614093017578125,-0.211669921875
23.0390625,0.6451590401785714,0.56126220703125,-0.2410888671875
23.0546875,0.6451641264415929,0.5610565185546875,-0.13812255859375
23.0703125,0.6453138078962046,0.5610125732421875,-0.1998291015625
23.0859375,0.6452491396949405,0.5609390258789062,-0.2528076171875
23.1015625,0.6452411469959071,0.5609390258789062,-0.26165771484375
23.1171875,0.6451594034830729,0.560189514160156,-0.3351440429687784
23.1328125,0.6452011835007441,0.5601596069335938,-0.2822265625
23.1484375,0.6450551350911452,0.560189514160156,-0.24395751953127842
23.1640625,0.6452298845563617,0.5599392700195313,-0.26458740234375
23.1796875,0.6452407836914062,0.5596603393554688,-0.27923583984375
23.1953125,0.6452291579473586,0.5596160888671875,-0.279296875
23.2109375,0.6451285226004464,0.5593515014648438,-0.3175048828125
23.2265625,0.6451848347981771,0.5591162109375,-0.36456298828125
23.2421875,0.6450464157831094,0.5591012573242188,-0.21765136718747158
23.2578125,0.6451993669782367,0.5589398193359376,-0.24395751953122158
23.2734375,0.6451296125139508,0.559189453125,-0.20001220703122158
23.2890625,0.6451688494001117,0.5589398193359376,-0.19989013671872158
23.3046875,0.6451296125139508,0.5584988403320312,-0.2322998046875
23.3203125,0.6451307024274546,0.5582781982421875,-0.267578125
23.3359375,0.6450911022367931,0.55843994140625,-0.18231201171875
23.3515625,0.645090012323288,0.5582492065429687,-0.17340087890625
23.3671875,0.6451125372023809,0.5582342529296875,-0.17340087890625
23.3828125,0.6450551350911452,0.557984619140625,-0.19104003906252842
23.3984375,0.6450049990699405,0.5583517456054687,-0.16754150390625
23.4140625,0.6450812930152523,0.5582192993164063,-0.14410400390625
23.4296875,0.645151047479538,0.55843994140625,-0.01177978515625
23.4453125,0.6452004568917404,0.557984619140625,-0.0587158203125
23.4609375,0.6450438726515997,0.55843994140625,0.0
23.4765625,0.6450402396065849,0.5579989624023439,-0.05004882812497158
23.4921875,0.6450627644856771,0.5581167602539062,-0.02349853515625
23.5078125,0.6451245262509301,0.5578375244140623,-0.02941894531252842
23.5234375,0.6451132638113832,0.5579254150390623,-0.08526611328127842
23.5390625,0.6450682140532,0.557734375,-0.09698486328127842
23.5546875,0.6451009114583334,0.5574554443359376,-0.19689941406247158
23.5703125,0.6449970063709071,0.5572790527343748,-0.14111328125002842
23.5859375,0.6449871971493676,0.5572491455078125,-0.2381591796875
23.6015625,0.6449944632393974,0.5570584106445312,-0.18811035156252842
23.6171875,0.6450620378766742,0.5569845581054688,-0.2264404296875
23.6328125,0.6450718470982143,0.5572491455078125,-0.11767578124997158
23.6484375,0.6451081775483631,0.55692626953125,-0.19982910156247158
23.6640625,0.6450820196242559,0.557322998046875,-0.082275390625
23.6796875,0.6451695760091146,0.5565142822265625,-0.18823242187502842
23.6953125,0.6451430547805059,0.55695556640625,-0.06469726562497158
23.7109375,0.6452066330682664,0.5565142822265625,-0.14697265625
23.7265625,0.6451612200055811,0.5572491455078125,0.03814697265625
23.7421875,0.6451365152994785,0.5571026611328125,0.02362060546875
23.7578125,0.6451699393136168,0.5568670654296874,-0.076416015625
23.7734375,0.6453192574637276,0.5573373413085938,0.08221435546875
23.7890625,0.6451695760091146,0.55697021484375,-0.070556640625
23.8046875,0.6452178955078118,0.556719970703125,0.0411376953125
23.8203125,0.6452393304734003,0.5570584106445312,0.02056884765625
23.8359375,0.6453359694707961,0.556676025390625,0.0323486328125
23.8515625,0.6451957339332217,0.5570584106445312,-0.03814697265625
23.8671875,0.6452113560267857,0.557322998046875,0.0440673828125
23.8828125,0.6452193487258191,0.5578814697265625,0.202880859375
23.8984375,0.6452240716843378,0.557322998046875,-0.00286865234375
23.9140625,0.6451198032924107,0.5572052001953124,0.04699707031247158
23.9296875,0.645263671875,0.5578814697265625,0.2322998046875
23.9453125,0.6451775687081474,0.557984619140625,0.18524169921875
23.9609375,0.6452364240373883,0.5579989624023439,0.2645874023437784
23.9765625,0.6451049078078497,0.557734375,0.13519287109375
23.9921875,0.6451227097284227,0.5578082275390623,0.09704589843747158
24.0078125,0.6450911022367931,0.5578082275390623,-0.014648437500028422
24.0234375,0.6452015468052456,0.557705078125,0.076416015625
24.0390625,0.6451608567010789,0.5575137329101562,0.06170654296875
24.0546875,0.6451655796595975,0.5575579833984375,-0.064697265625
24.0703125,0.645212082635788,0.5581167602539062,0.02642822265625
24.0859375,0.6452062697637642,0.557705078125,-0.05877685546877842
24.1015625,0.6450827462332596,0.557984619140625,0.050048828125
24.1171875,0.6451158069428944,0.557734375,-0.014770507812471578
24.1328125,0.6451717558361235,0.5578375244140623,0.005859375
24.1484375,0.6451626732235857,0.5576318359375,-0.0146484375
24.1640625,0.6452131725492931,0.558057861328125,0.10882568359377842
24.1796875,0.6453192574637276,0.5573962402343748,-0.03234863281252842
24.1953125,0.6455303373790929,0.558101806640625,-0.00299072265625
24.2109375,0.645355224609375,0.5579547119140623,0.04992675781247158
24.2265625,0.6453494117373512,0.558057861328125,0.0146484375
24.2421875,0.6454471406482515,0.5583517456054687,0.12347412109375
24.2578125,0.6453159877232143,0.5579403686523439,0.020568847656306843
24.2734375,0.6453352428617931,0.5583517456054687,0.14398193359375
24.2890625,0.6453236171177456,0.5583956909179687,0.06756591796875
24.3046875,0.6454100835890997,0.5582049560546875,0.16174316406252842
24.3203125,0.6455096290225074,0.5582931518554688,0.03826904296875
24.3359375,0.6453799293154762,0.5586309814453123,0.13525390625
24.3515625,0.6452138991582961,0.5587484741210937,0.13812255859375
24.3671875,0.6451343354724702,0.5590869140625,0.14703369140625
24.3828125,0.6451993669782367,0.5586309814453123,0.13812255859369316
24.3984375,0.6452138991582961,0.5582492065429687,-0.0205078125
24.4140625,0.6451659429640997,0.5582781982421875,-0.02349853515625
24.4296875,0.6451623099190849,0.55843994140625,0.0469970703125
24.4453125,0.6451717558361235,0.557984619140625,-0.06170654296875
24.4609375,0.6451648530505952,0.5584695434570313,-0.03228759765622158
24.4765625,0.6451724824451265,0.5582492065429687,-0.099853515625
24.4921875,0.6451764787946429,0.5589105224609376,-0.03527832031247158
24.5078125,0.6451147170293906,0.5587484741210937,0.02349853515627842
24.5234375,0.6451052711123512,0.5591162109375,0.17340087890625
24.5390625,0.6451357886904762,0.5582492065429687,-0.00579833984375
24.5546875,0.6450198945545015,0.5582049560546875,-0.0469970703125
24.5703125,0.6451361519949776,0.55838134765625,0.079345703125
24.5859375,0.6451212565104166,0.5582192993164063,-0.05004882812497158
24.6015625,0.6451045445033475,0.5585577392578125,0.06170654296875
24.6171875,0.6450133550734747,0.5584695434570313,-0.08819580078127842
24.6328125,0.6450119018554688,0.5581753540039063,-0.1146240234375
24.6484375,0.6450438726515997,0.558101806640625,-0.202880859375
24.6640625,0.6450246175130215,0.558087158203125,-0.03240966796875
24.6796875,0.6450246175130215,0.5581610107421875,-0.0087890625
24.6953125,0.6450148082914806,0.5579254150390623,-0.09118652343752842
24.7109375,0.6449762980143229,0.5578814697265625,-0.06756591796877842
24.7265625,0.644989013671875,0.5578375244140623,-0.14404296875002842
24.7421875,0.6449955531529025,0.5578814697265625,-0.11761474609375
24.7578125,0.6450104486374628,0.5575579833984375,-0.12347412109375
24.7734375,0.6449846540178571,0.5575579833984375,-0.1087646484375
24.7890625,0.6450060889834449,0.557734375,-0.070556640625
24.8046875,0.6450653076171882,0.5574847412109376,-0.13525390624997158
24.8203125,0.6450794764927456,0.5578375244140623,-0.017578125
24.8359375,0.6450028192429309,0.5578375244140623,-0.008789062500028422
24.8515625,0.6449530465262276,0.5576019287109376,-0.04711914062494316
24.8671875,0.6449919201078869,0.55707275390625,-0.1617431640625
24.8828125,0.6449599493117559,0.5572491455078125,-0.061767578125
24.8984375,0.6449341546921503,0.5575436401367188,-0.00286865234375
24.9140625,0.6449846540178571,0.5574111938476562,-0.06463623046875
24.9296875,0.6449574061802456,0.5572052001953124,-0.05590820312505684
24.9453125,0.6448473249162954,0.5576019287109376,-0.04711914062494316
24.9609375,0.6448535010928199,0.5571026611328125,-0.14697265624997158
24.9765625,0.6449813842773438,0.5572491455078125,-0.07055664062502842
24.9921875,0.6448484148297992,0.5568963623046875,-0.0352783203125
25.0078125,0.6448433285667783,0.5578375244140623,0.11767578124997158
25.0234375,0.6449955531529025,0.5571759033203123,-0.07354736328127842
25.0390625,0.6449864705403646,0.556719970703125,-0.13824462890625
25.0546875,0.6449650355747761,0.556602783203125,-0.12048339843747158
25.0703125,0.6449170793805811,0.556602783203125,-0.19982910156252842
25.0859375,0.6447822934105283,0.556690673828125,-0.0823974609375
25.1015625,0.6448618570963548,0.5571319580078125,-0.0234375
25.1171875,0.6448854718889508,0.5568081665039063,-0.01763916015625
25.1328125,0.6448771158854166,0.5568081665039063,-0.20587158203122158
25.1484375,0.6447844732375372,0.5564410400390624,-0.14697265625
25.1640625,0.644790286109561,0.556573486328125,-0.029296875
25.1796875,0.6448491414388021,0.5566616821289062,0.01177978515625
25.1953125,0.6447826567150298,0.5568081665039063,0.04107666015625
25.2109375,0.6448026384626117,0.556690673828125,0.0
25.2265625,0.6448752993629092,0.556573486328125,-0.1116943359375
25.2421875,0.6448102678571429,0.5565292358398437,-0.0557861328125
25.2578125,0.6447990054175967,0.5561468505859376,-0.13226318359372158
25.2734375,0.6448320661272321,0.5561468505859376,-0.05883789062494316
25.2890625,0.6447256179082961,0.5562789916992188,-0.05889892578125
25.3046875,0.6447706676664806,0.5568081665039063,0.029296875
25.3203125,0.6448633103143594,0.556573486328125,-0.04693603515625
25.3359375,0.6448317028227306,0.5562350463867187,-0.09112548828125
25.3515625,0.6447761172340023,0.5562350463867187,-0.06768798828125
25.3671875,0.6447797502790179,0.5561325073242187,-0.079345703125
25.3828125,0.6448244367327008,0.5561175537109376,-0.005859375
25.3984375,0.6448244367327008,0.555867919921875,-0.05578613281252842
25.4140625,0.6447746640159977,0.5557940673828125,-0.09698486328125
25.4296875,0.6447557721819189,0.556573486328125,-0.04693603515625
25.4453125,0.6448600405738467,0.5561614990234375,-0.0823974609375
25.4609375,0.6448040916806176,0.5561468505859376,-0.01763916015622158
25.4765625,0.6447935558500737,0.5559561157226562,-0.0557861328125
25.4921875,0.6450177147274926,0.555985107421875,-0.02947998046875
25.5078125,0.6449752081008191,0.5559704589843748,-0.029418945312556843
25.5234375,0.6450431460425967,0.5557940673828125,-0.0147705078125
25.5390625,0.6452611287434896,0.5560882568359377,0.05883789062502842
25.5546875,0.6453007289341525,0.5566616821289062,0.01763916015625
25.5703125,0.6455579485212046,0.5562789916992188,0.02349853515625
25.5859375,0.6453392392113095,0.5557940673828125,-0.07055664062502842
25.6015625,0.6458765665690104,0.5562939453125,0.06756591796875
25.6171875,0.6454533168247761,0.5562057495117188,0.04412841796875
25.6328125,0.6457221621558786,0.55561767578125,-0.07055664062497158
25.6484375,0.645578293573288,0.5559704589843748,0.03527832031247158
25.6640625,0.6457010904947916,0.5563821411132812,0.05877685546872158
25.6796875,0.6457752046130952,0.5564114379882813,-0.050048828125
25.6953125,0.6459455944242931,0.556676025390625,0.07940673828125
25.7109375,0.6458609444754464,0.5568081665039063,0.20281982421875
25.7265625,0.6458700270879836,0.556690673828125,0.079345703125
25.7421875,0.6454947335379464,0.556573486328125,0.07354736328125
25.7578125,0.6457457769484747,0.5571759033203123,0.3116455078124716
25.7734375,0.6453239804222477,0.556690673828125,0.14404296875002842
25.7890625,0.6454947335379464,0.556646728515625,0.05291748046875
25.8046875,0.645309084937686,0.55767578125,0.25286865234375
25.8203125,0.6455310639880952,0.5576318359375,0.191162109375
25.8359375,0.6457857404436383,0.5576611328125,0.17059326171875
25.8515625,0.6454594930013021,0.5578082275390623,0.22351074218747158
25.8671875,0.6457243419828869,0.5574255371093748,0.17041015624997158
25.8828125,0.6452854701450893,0.557734375,0.11169433593752842
25.8984375,0.6450863792782738,0.5582049560546875,0.3028564453125
25.9140625,0.6453781127929688,0.55843994140625,0.358642578125
25.9296875,0.6454780215308786,0.5585577392578125,0.1763916015625
25.9453125,0.6454478672572544,0.55841064453125,0.15576171875
25.9609375,0.6456444149925595,0.5583517456054687,0.13812255859375
25.9765625,0.6455263410295758,0.5589398193359376,0.22631835937505684
25.9921875,0.6455633980887276,0.5591311645507813,0.3411254882812784
26.0078125,0.6458791097005215,0.5585720825195313,0.16754150390625
26.0234375,0.6454943702334449,0.5591162109375,0.1822509765625
26.0390625,0.6459684826078869,0.559189453125,0.14990234375
26.0546875,0.6454678490048357,0.5594839477539062,0.18524169921875
26.0703125,0.6455713907877604,0.5587783813476562,0.07354736328125
26.0859375,0.6455321539015997,0.5596304321289063,0.2557373046875
26.1015625,0.6456051781063988,0.5592633056640623,0.06469726562494316
26.1171875,0.6455648513067336,0.5594839477539062,0.070556640625
26.1328125,0.6455143519810261,0.560189514160156,0.3234863281249716
26.1484375,0.6455216180710572,0.5596304321289063,0.10284423828125
26.1640625,0.6455165318080357,0.5600863647460937,0.17938232421875
26.1796875,0.6454453241257441,0.5604098510742187,0.1851806640625
26.1953125,0.6455601283482143,0.5606155395507812,0.367431640625
26.2109375,0.6456346057710194,0.5606744384765625,0.20880126953125
26.2265625,0.6455103556315104,0.5606155395507812,0.2704467773437784
26.2421875,0.6455176217215401,0.5608651733398438,0.2762451171875
26.2578125,0.6453606741768974,0.5606744384765625,0.09698486328127842
26.2734375,0.6452901931036086,0.5606155395507812,0.197021484375
26.2890625,0.6452258882068452,0.560806884765625,0.14410400390625
26.3046875,0.6452280680338548,0.5606744384765625,0.05291748046875
26.3203125,0.6451158069428944,0.5606448364257812,0.005859375
26.3359375,0.6451550438290551,0.5606448364257812,-0.00592041015625
26.3515625,0.6452044532412574,0.5611740112304687,0.1116943359375
26.3671875,0.6451626732235857,0.5607769775390623,-0.01763916015627842
26.3828125,0.6451063610258556,0.5611154174804688,0.08819580078125
26.3984375,0.6450874691917783,0.560880126953125,0.05291748046875
26.4140625,0.6451583135695691,0.5611004638671875,0.0587158203125
26.4296875,0.6450228009905133,0.5611740112304687,0.09991455078125
26.4453125,0.6450696672712046,0.5610714721679687,0.0853271484375
26.4609375,0.6450536818731406,0.560924072265625,0.05584716796875
26.4765625,0.6451590401785714,0.5609390258789062,-0.0469970703125
26.4921875,0.6450485956101191,0.5604098510742187,-0.07342529296872158
26.5078125,0.6450620378766742,0.5606155395507812,-0.0999755859375
26.5234375,0.6450155349004836,0.5605123901367187,-0.07354736328125
26.5390625,0.6450387863885789,0.5611297607421875,0.005859375
26.5546875,0.6450511387416294,0.5604541015625,-0.14398193359375
26.5703125,0.6450449625651048,0.5606448364257812,-0.0853271484375
26.5859375,0.6450304303850454,0.5606448364257812,-0.05584716796875
26.6015625,0.6450693039667039,0.5605422973632812,-0.079345703125
26.6171875,0.6451532273065477,0.560953369140625,0.10870361328125
26.6328125,0.6450416928245908,0.5600863647460937,-0.1058349609375
26.6484375,0.6449897402808786,0.5604684448242188,-0.0087890625
26.6640625,0.6450064522879464,0.5599249267578125,-0.240966796875
26.6796875,0.64501953125,0.5593218994140624,-0.22644042968752842
26.6953125,0.6449683053152901,0.5596304321289063,-0.202880859375
26.7109375,0.644883292061942,0.5603948974609376,-0.04998779296872158
26.7265625,0.6448378789992559,0.5601596069335938,-0.0765380859375
26.7421875,0.644913083031064,0.5596160888671875,-0.2674560546875
26.7578125,0.6449901035853794,0.5593365478515625,-0.14996337890625
26.7734375,0.644822256905692,0.5592776489257812,-0.2381591796875
26.7890625,0.6448782057989211,0.5594839477539062,-0.08819580078125
26.8046875,0.6449167160760789,0.5593075561523438,-0.0028686523436931566
26.8203125,0.6448400588262642,0.5587783813476562,-0.17041015625
26.8359375,0.6448320661272321,0.5588958740234375,-0.2998046875000284
26.8515625,0.6449403308686763,0.5589398193359376,-0.24395751953122158
26.8671875,0.6446951003301711,0.5585577392578125,-0.211669921875
26.8828125,0.6449850173223586,0.5591162109375,-0.0440673828125
26.8984375,0.6448371523902523,0.5590869140625,-0.03814697265625
26.9140625,0.6448367890857515,0.55848388671875,-0.20001220703125
26.9296875,0.6448593139648438,0.5591162109375,-0.03826904296877842
26.9453125,0.6449541364397321,0.5585720825195313,-0.041259765625
26.9609375,0.6448538643973214,0.5585720825195313,-0.06475830078125
26.9765625,0.6448607671828497,0.5584988403320312,-0.08819580078127842
26.9921875,0.6448284330822166,0.55833740234375,-0.0440673828125
27.0078125,0.6449000040690104,0.5586459350585937,-0.09405517578125
27.0234375,0.6447979155040929,0.5584255981445313,-0.13226318359375
27.0390625,0.6448872884114584,0.55843994140625,-0.0087890625
27.0546875,0.6447946457635789,0.5583074951171875,-0.1617431640625
27.0703125,0.6447997320265997,0.5579989624023439,-0.11462402343747158
27.0859375,0.6448062715076265,0.55836669921875,-0.04107666015625
27.1015625,0.6448186238606771,0.5584255981445313,-0.0146484375
27.1171875,0.6448193504696801,0.5579696655273438,-0.07354736328122158
27.1328125,0.644852047874814,0.5585281372070312,-0.0235595703125
27.1484375,0.6448139009021571,0.5577490234375,-0.13531494140625
27.1640625,0.6448026384626117,0.5582049560546875,-0.0469970703125
27.1796875,0.6448055448986235,0.5584255981445313,0.02362060546875
27.1953125,0.6448193504696801,0.557734375,-0.05291748046877842
27.2109375,0.6448484148297992,0.5582931518554688,-0.01470947265625
27.2265625,0.6447713942754836,0.5582049560546875,-0.04412841796875
27.2421875,0.6447986421130952,0.5581167602539062,0.02941894531247158
27.2578125,0.6448542277018229,0.5578082275390623,-0.14398193359377842
27.2734375,0.6448491414388021,0.5577783203125,0.005859375
27.2890625,0.6449199858165929,0.5578082275390623,-0.07934570312502842
27.3046875,0.6452585856119785,0.5577200317382812,-0.14111328125
27.3203125,0.6450584048316592,0.557322998046875,-0.082275390625
27.3359375,0.6450278872535342,0.5578375244140623,-0.09112548828127842
27.3515625,0.644974118187314,0.5578814697265625,-0.064697265625
27.3671875,0.6452843802315849,0.5578814697265625,-0.04705810546875
27.3828125,0.6451314290364584,0.5581753540039063,0.07342529296877842
27.3984375,0.6454740251813617,0.558131103515625,0.070556640625
27.4140625,0.6454267955961681,0.558087158203125,0.05578613281252842
27.4296875,0.645341055733817,0.5578082275390623,0.01763916015622158
27.4453125,0.6453937348865334,0.557705078125,0.076416015625
27.4609375,0.6455732073102679,0.558057861328125,0.04406738281252842
27.4765625,0.6459063575381324,0.558057861328125,0.0352783203125
27.4921875,0.6453472319103429,0.5579107666015625,0.005859375
27.5078125,0.6455198015485492,0.5579547119140623,-0.04412841796877842
27.5234375,0.6455663045247396,0.5582049560546875,0.0147705078125
27.5390625,0.6456698463076643,0.5579254150390623,-0.03234863281252842
27.5546875,0.6455059959774926,0.5578082275390623,0.0
27.5703125,0.6456571306501117,0.5578814697265625,0.0352783203125
27.5859375,0.6457359677269345,0.5579547119140623,-0.02062988281252842
27.6015625,0.6455165318080357,0.5579989624023439,-0.011779785156221578
27.6171875,0.6458805629185261,0.558057861328125,0.0294189453125
27.6328125,0.6453337896437872,0.55843994140625,0.09704589843752842
27.6484375,0.6456840151832217,0.5581460571289063,-0.01177978515625
27.6640625,0.6455626714797247,0.55838134765625,0.09118652343752842
27.6796875,0.6455267043340773,0.558057861328125,0.04992675781252842
27.6953125,0.6455216180710572,0.55843994140625,0.1116943359375
27.7109375,0.645737784249442,0.5584988403320312,0.10882568359377842
27.7265625,0.6455321539015997,0.558087158203125,0.01763916015622158
27.7421875,0.6459423246837798,0.5585430908203124,0.09704589843747158
27.7578125,0.6454649425688237,0.5580429077148438,-0.07940673828125
27.7734375,0.6453759329659599,0.55841064453125,0.05291748046875
27.7890625,0.6454380580357143,0.5587927246093749,0.08227539062497158
27.8046875,0.6457606724330357,0.558690185546875,0.12646484375
27.8203125,0.6457410539899546,0.5585720825195313,0.02642822265625
27.8359375,0.6458674839564739,0.558719482421875,0.04412841796875
27.8515625,0.6458838326590401,0.5589105224609376,0.16467285156252842
27.8671875,0.6458405994233631,0.5587783813476562,0.04705810546877842
27.8828125,0.6458384195963548,0.5589547729492188,0.182373046875
27.8984375,0.6455245245070691,0.5588516235351562,0.08819580078122158
27.9140625,0.6457610357375372,0.5593365478515625,0.10876464843752842
27.9296875,0.6456262497674858,0.5590280151367187,0.06756591796875
27.9453125,0.6455575852167039,0.5591751098632812,0.12060546875
27.9609375,0.6455205281575521,0.5594100952148438,0.13812255859375
27.9765625,0.6454315185546882,0.5587783813476562,-0.02642822265627842
27.9921875,0.6456640334356406,0.5595571899414064,0.15576171875002842
28.0078125,0.6455692109607515,0.5599392700195313,0.1968994140625
28.0234375,0.6454896472749263,0.5601596069335938,0.2615966796875284
28.0390625,0.6456673031761533,0.5599981689453124,0.13232421874997158
28.0546875,0.6453835623604904,0.5594100952148438,0.076416015625
28.0703125,0.6454420543852306,0.5605123901367187,0.2674560546875
28.0859375,0.6457857404436383,0.560174560546875,0.15289306640625
28.1015625,0.6454783848353794,0.5602627563476562,0.296875
28.1171875,0.6454547700427834,0.5603070068359376,0.14996337890625
28.1328125,0.6453523181733631,0.5601596069335938,0.0440673828125
28.1484375,0.6452901931036086,0.5605422973632812,0.0765380859375
28.1640625,0.6452956426711309,0.5603802490234375,0.07641601562502842
28.1796875,0.6452934628441214,0.56052734375,0.22344970703125
28.1953125,0.6453203473772321,0.5604391479492188,-0.0146484375
28.2109375,0.6452088128952753,0.5606448364257812,0.09405517578125
28.2265625,0.6452687581380215,0.56052734375,0.05291748046875
28.2421875,0.6451706659226191,0.560189514160156,-0.023498535156306843
28.2578125,0.6451550438290551,0.5604684448242188,0.061767578125
28.2734375,0.6451982770647321,0.5606155395507812,0.0146484375
28.2890625,0.6452222551618311,0.5606744384765625,0.058837890625
28.3046875,0.6452440534319189,0.5606744384765625,0.0294189453125
28.3203125,0.6450802031017485,0.5606155395507812,0.0352783203125
28.3359375,0.645125979468936,0.5599981689453124,-0.12933349609377842
28.3515625,0.6449882870628714,0.5606448364257812,0.02349853515625
28.3671875,0.6451728457496286,0.5597628784179688,-0.08532714843747158
28.3828125,0.6450384230840773,0.5600863647460937,-0.076416015625
28.3984375,0.6451466878255215,0.5605422973632812,-0.0146484375
28.4140625,0.6451532273065477,0.5598367309570312,-0.16754150390625
28.4296875,0.6450431460425967,0.5604541015625,-0.0440673828125
28.4453125,0.6451125372023809,0.5604391479492188,-0.0352783203125
28.4609375,0.6451695760091146,0.5603359985351561,0.06756591796875
28.4765625,0.6451074509393594,0.5600421142578125,-0.12054443359375
28.4921875,0.6450387863885789,0.5606448364257812,0.1763916015625
28.5078125,0.6451049078078497,0.5601596069335938,0.0146484375
28.5234375,0.6450369698660714,0.5595864868164064,-0.19116210937497158
28.5390625,0.6451107206798735,0.5595571899414064,-0.05590820312497158
28.5546875,0.6451390584309896,0.5596160888671875,-0.1676025390625
28.5703125,0.6450863792782738,0.5590573120117187,-0.2763671875
28.5859375,0.6449922834123883,0.5599099731445313,-0.08520507812497158
28.6015625,0.6451158069428944,0.5596453857421875,-0.079345703125
28.6171875,0.6451223464239211,0.5591012573242188,-0.3087158203125
28.6328125,0.6450104486374628,0.5594839477539062,-0.1351318359375
28.6484375,0.6451092674618676,0.5596453857421875,0.011779785156221578
28.6640625,0.6449515933082217,0.5591162109375,-0.08819580078127842
28.6796875,0.6450002761114211,0.5596893310546875,0.0146484375
28.6953125,0.6450017293294271,0.5590869140625,0.00592041015625
28.7109375,0.6448752993629092,0.5596453857421875,-0.05291748046875
28.7265625,0.6450478690011168,0.5596453857421875,0.0
28.7421875,0.6449904668898809,0.5590280151367187,-0.0146484375
28.7578125,0.6449276152111235,0.5593365478515625,-0.02947998046875
28.7734375,0.6450180780319941,0.5585720825195313,-0.21466064453125
28.7890625,0.6448676699683786,0.5591311645507813,0.00299072265625
28.8046875,0.6450079055059523,0.5589398193359376,-0.14990234374997158
28.8203125,0.6450049990699405,0.5587341308593748,-0.07055664062502842
28.8359375,0.6450020926339286,0.5584988403320312,-0.22930908203125
28.8515625,0.644866943359375,0.5586309814453123,-0.20288085937502842
28.8671875,0.6449930100213914,0.55848388671875,-0.10882568359375
28.8828125,0.6450515020461309,0.5582781982421875,-0.211669921875
28.8984375,0.6449701218377977,0.55838134765625,-0.03814697265625
28.9140625,0.6448865618024546,0.5582492065429687,-0.1763916015625
28.9296875,0.6449021838960194,0.558719482421875,-0.04406738281252842
28.9453125,0.6449555896577381,0.5589398193359376,0.04113769531255684
28.9609375,0.6448734828404025,0.558131103515625,-0.07354736328125
28.9765625,0.644882565452939,0.5583956909179687,-0.04705810546872158
28.9921875,0.6449970063709071,0.5582342529296875,-0.0499267578125
29.0078125,0.6448625837053571,0.55836669921875,0.0177001953125
29.0234375,0.6449003673735119,0.5582492065429687,-0.02642822265625
29.0390625,0.6449236188616071,0.558101806640625,-0.02947998046875
29.0546875,0.6449995495024181,0.5581460571289063,-0.11468505859375
29.0703125,0.6449795677548357,0.5582049560546875,-0.14697265625002842
29.0859375,0.6449944632393974,0.5585281372070312,0.07940673828125
29.1015625,0.6448887416294643,0.5582931518554688,-0.0205078125
29.1171875,0.6448251633417039,0.5576901245117187,-0.10882568359375
29.1328125,0.6449937366303944,0.5579989624023439,-0.07354736328122158
29.1484375,0.6448985508510044,0.5579696655273438,-0.05590820312497158
29.1640625,0.6449766613188237,0.5578814697265625,-0.0440673828125
29.1796875,0.6450144449869785,0.557984619140625,-0.03228759765625
29.1953125,0.6450119018554688,0.557705078125,-0.0999755859375
29.2109375,0.6448160807291666,0.5575579833984375,-0.19403076171875
29.2265625,0.6447423299153646,0.557734375,-0.11175537109375
29.2421875,0.6449944632393974,0.5578814697265625,0.03826904296875
29.2578125,0.6448574974423357,0.558028564453125,0.005920410156221578
29.2734375,0.6451339721679688,0.558028564453125,0.011779785156221578
29.2890625,0.6452258882068452,0.5579989624023439,0.02349853515627842
29.3046875,0.645233154296875,0.5579989624023439,0.0028686523437784217
29.3203125,0.6451979137602306,0.55767578125,-0.005859375
29.3359375,0.6449901035853794,0.558101806640625,0.1087646484375
29.3515625,0.6451241629464286,0.5581753540039063,0.08819580078125
29.3671875,0.645125252859933,0.5582342529296875,0.070556640625
29.3828125,0.6451118105933786,0.5584988403320312,0.09405517578125
29.3984375,0.6453050885881689,0.5578814697265625,-0.0294189453125
29.4140625,0.6453308832077753,0.558087158203125,0.01763916015622158
29.4296875,0.6452985491071429,0.5583224487304688,0.06469726562497158
29.4453125,0.6452593122209821,0.5586309814453123,0.19104003906247158
29.4609375,0.6452989124116444,0.5589105224609376,0.16174316406252842
29.4765625,0.6454275222051711,0.5588665771484375,0.13824462890625
29.4921875,0.6453592209588914,0.5585720825195313,0.06756591796875
29.5078125,0.6453443254743311,0.5589105224609376,0.08233642578127842
29.5234375,0.6455059959774926,0.5596453857421875,0.352783203125
29.5390625,0.6452040899367559,0.5589837646484375,0.1793212890625
29.5546875,0.6454856509254092,0.5594839477539062,0.2322998046875
29.5703125,0.6454366048177084,0.5599688720703123,0.267578125
29.5859375,0.6454224359421503,0.5601013183593748,0.23815917968744316
29.6015625,0.6453668503534227,0.5600863647460937,0.24395751953125
29.6171875,0.6455019996279762,0.5604098510742187,0.3675537109375
29.6328125,0.6455499558221727,0.5610125732421875,0.4204101562499716
29.6484375,0.6454198928106406,0.5609683227539063,0.26458740234375
29.6640625,0.6454155331566214,0.5614825439453124,0.4997558593749716
29.6796875,0.645341055733817,0.56123291015625,0.34979248046875
29.6953125,0.6454689389183408,0.5616888427734374,0.3439941406250284
29.7109375,0.6455259777250737,0.561658935546875,0.3115234375000284
29.7265625,0.6454188028971354,0.5621588134765625,0.41448974609375
29.7421875,0.645401364281064,0.5626589965820312,0.4498291015625
29.7578125,0.6455899193173357,0.5627764892578125,0.352783203125
29.7734375,0.6454849243164062,0.5628497314453124,0.3762817382812216
29.7890625,0.645400637672061,0.5631143188476563,0.3263549804687784
29.8046875,0.6454900105794271,0.5632025146484375,0.3939208984375
29.8203125,0.6455161685035342,0.56408447265625,0.4791259765625
29.8359375,0.6454689389183408,0.5638937377929687,0.44696044921875
29.8515625,0.6454802013578869,0.5641876220703124,0.4057617187499716
29.8671875,0.6455982753208706,0.5641876220703124,0.3057250976562216
29.8828125,0.6455630347842262,0.5654074096679688,0.52618408203125
29.8984375,0.6454529535202753,0.565084228515625,0.4468994140625284
29.9140625,0.6455263410295758,0.5655545043945313,0.488037109375
29.9296875,0.6454445975167404,0.5659515380859377,0.5498046875000284
29.9453125,0.6452934628441214,0.5660394287109376,0.3909912109375284
29.9609375,0.645355224609375,0.5664657592773439,0.5144042968750284
29.9765625,0.6454220726376488,0.566451416015625,0.4527587890625284
29.9921875,0.6453792027064739,0.5668624877929688,0.5349731445312784
30.0078125,0.6453138078962046,0.5670538330078125,0.32928466796875
30.0234375,0.6454097202845975,0.5672009277343748,0.4233398437499716
30.0390625,0.6453653971354166,0.567186279296875,0.32635498046875
30.0546875,0.6453359694707961,0.5677301025390623,0.35571289062494316
30.0703125,0.6453483218238467,0.5676123046875,0.3145751953124716
30.0859375,0.645310538155692,0.5681121826171875,0.3292846679687216
30.1015625,0.6453039986746651,0.5684356689453124,0.3968505859374716
30.1171875,0.6453406924293155,0.5683474731445313,0.2969970703125
30.1328125,0.6453784760974702,0.5680682373046875,0.202880859375
30.1484375,0.6453741164434523,0.5681414794921875,0.18811035156252842
30.1640625,0.6452654883975074,0.5680682373046875,0.1763916015625
30.1796875,0.6452822004045758,0.567979736328125,0.04992675781252842
30.1953125,0.6452705746605283,0.5680389404296875,0.0853271484375
30.2109375,0.6452709379650298,0.5678033447265625,-0.061767578125
30.2265625,0.6453283400762642,0.5682296752929688,-0.04119873046872158
30.2421875,0.6453770228794643,0.568009033203125,-0.06768798828125
30.2578125,0.6453021821521571,0.567979736328125,-0.0177001953125
30.2734375,0.6453094482421882,0.5675390625,-0.1204833984375
30.2890625,0.6453025454566592,0.567862548828125,-0.0411376953125
30.3046875,0.6451724824451265,0.5669363403320312,-0.20867919921875
30.3203125,0.6452077229817715,0.5671713256835937,-0.17352294921875
30.3359375,0.6451942807152158,0.5672302246093749,-0.11462402343752842
30.3515625,0.6452593122209821,0.566568603515625,-0.33221435546875
30.3671875,0.6453203473772321,0.566568603515625,-0.2880859375
30.3828125,0.6452811104910714,0.566142578125,-0.367431640625
30.3984375,0.6451960972377239,0.5662750244140624,-0.2528076171875284
30.4140625,0.6452229817708334,0.566495361328125,-0.2734375
30.4296875,0.645248049781436,0.5658923339843749,-0.20880126953127842
30.4453125,0.645217532203311,0.5659515380859377,-0.24395751953122158
30.4609375,0.645233154296875,0.5655252075195313,-0.3410034179687216
30.4765625,0.6452444167364211,0.5656427001953124,-0.18518066406252842
30.4921875,0.645277840750558,0.5648638916015625,-0.3409423828125
30.5078125,0.6452556791759666,0.5644079589843749,-0.3469238281250284
30.5234375,0.6452564057849702,0.5638937377929687,-0.4762573242187216
30.5390625,0.6452520461309523,0.5638198852539062,-0.53509521484375
30.5546875,0.6452691214425224,0.5634085083007813,-0.4967651367187216
30.5703125,0.64520263671875,0.5633645629882813,-0.5173950195312784
30.5859375,0.6451310657319569,0.5631881713867187,-0.4674072265625
30.6015625,0.6451957339332217,0.5634085083007813,-0.4468383789062216
30.6171875,0.6451099940708706,0.5628054809570312,-0.41168212890625
30.6328125,0.6451227097284227,0.562967529296875,-0.2880859374999716
30.6484375,0.6452313377743676,0.5628793334960938,-0.202880859375
30.6640625,0.645187741234189,0.5630557250976562,-0.15283203125
30.6796875,0.6452080862862724,0.5622763061523439,-0.22644042968747158
30.6953125,0.6451964605422247,0.5623944091796875,-0.19403076171875
30.7109375,0.6451408749534977,0.5622030639648438,-0.197021484375
30.7265625,0.6451706659226191,0.5620855712890623,-0.2645874023437784
