# Time (seconds),Pressure,Temp,Pressure (high-pass),Temperature (high-pass)
0.0078125,957.5492553710938,26.556900024414062,0.0,0.0
0.0234375,957.5694580078124,26.56137084960937,0.019808053970223227,0.004435896873470568
0.0390625,957.5748291015624,26.54237365722656,0.024687367491310397,-0.014447535388175226
0.0546875,957.5634765625,26.54534912109375,0.01307438256117166,-0.011382445962226484
0.0703125,957.5731201171876,26.546104431152344,0.022274227536854596,-0.010544111404385603
0.0859375,957.5731811523438,26.54460906982422,0.02189902709346825,-0.011945414351789196
0.1015625,957.5680541992188,26.563232421875,0.01644449439879736,0.0066257663107194276
0.1171875,957.5731811523438,26.56137084960937,0.021150130189312222,0.004726973779114019
0.1328125,957.5686645507812,26.549819946289062,0.016308655020793594,-0.006770617591655537
0.1484375,957.5784301757812,26.55429077148437,0.025565016739165003,-0.002281825268248383
0.1640625,957.5753784179688,26.54534912109375,0.022073546838214497,-0.011135792255284827
0.1796875,957.5675659179688,26.55652618408203,0.013982510767164058,4.0948305393584405e-05
0.1953125,957.5816040039062,26.553550720214844,0.027473319425325826,-0.0029115896589679835
0.2109375,957.5740356445312,26.54460906982422,0.019516191299317143,-0.011760636611704456
0.2265625,957.5698852539062,26.549819946289062,0.015065687379888004,-0.006498590145714189
0.2421875,957.585205078125,26.546844482421875,0.02979204457517426,-0.009400037965924923
0.2578125,957.5745239257812,26.553550720214844,0.01873763261755812,-0.002672754859105453
0.2734375,957.5740356445312,26.539764404296875,0.01789291872364629,-0.016330484286626756
0.2890625,957.5724487304688,26.543487548828125,0.015987528007599394,-0.012508844913536876
0.3046875,957.5729370117188,26.54460906982422,0.01615401610808931,-0.011298360449337963
0.3203125,957.5606689453124,26.54460906982422,0.0038100522466493203,-0.011210092008326455
0.3359375,957.5680541992188,26.54163360595703,0.01097664782969332,-0.014074731220237169
0.3515625,957.5634765625,26.543869018554688,0.006274030425174715,-0.011746823945841811
0.3671875,957.56982421875,26.54534912109375,0.0123751693572558,-0.01018651264578807
0.3828125,957.5651245117188,26.54460906982422,0.007525550952436788,-0.01084120013473111
0.3984375,957.5803833007812,26.55429077148437,0.022339333374020498,-0.0011504398927471016
0.4140625,957.5740966796876,26.543487548828125,0.015739182743686797,-0.011860274560330453
0.4296875,957.5679321289062,26.54534912109375,0.009387627431806322,-0.009920587433029482
0.4453125,957.5780029296876,26.54460906982422,0.01907838078716395,-0.010577352462696865
0.4609375,957.5834350585938,26.549819946289062,0.024031788800812137,-0.005324550404118611
0.4765625,957.5735473632812,26.549819946289062,0.013867841662317915,-0.00528295235408649
0.4921875,957.5748291015624,26.546470642089844,0.014853689710207618,-0.008564817048981155
0.5078125,957.56396484375,26.56510162353516,0.003911513306093184,0.009987522486987643
0.5234375,957.5703125,26.556900024414062,0.010058795150712285,0.0017719708395951272
0.5390625,957.56640625,26.550201416015625,0.006032378253280513,-0.00488814820291239
0.5546875,957.564453125,26.556900024414062,0.003999580338131636,0.0017963159752483193
0.5703125,957.5712280273438,26.553550720214844,0.010564043567001136,-0.0015408555034710503
0.5859375,957.5709228515624,26.54833984375,0.010058499274236965,-0.006698984062310842
0.6015625,957.573486328125,26.55988311767578,0.0123754528713107,0.004806443848913489
0.6171875,957.5623168945312,26.549819946289062,0.0011824642135707109,-0.005215659353915214
0.6328125,957.5809326171876,26.557281494140625,0.019411503532637653,0.002228342493758362
0.6484375,957.5651245117188,26.55541229248047,0.003533019195288034,0.0003563350458399839
0.6640625,957.5784301757812,26.552810668945312,0.016509802725408917,-0.0022277471729950094
0.6796875,957.5739135742188,26.546470642089844,0.011758958952668763,-0.008500838293866053
0.6953125,957.5806274414062,26.563232421875,0.018112028754671883,0.008196402885889853
0.7109375,957.5626831054688,26.54833984375,0.0001644175667934178,-0.006643861370054793
0.7265625,957.564208984375,26.563232421875,0.001657282870041854,0.008184273655295726
0.7421875,957.574951171875,26.54163360595703,0.0121572932143863,-0.013309741151246612
0.7578125,957.573974609375,26.54163360595703,0.010962357067569428,-0.013205758798502387
0.7734375,957.5726928710938,26.54833984375,0.009491544200614044,-0.006448743497678322
0.7890625,957.573486328125,26.54460906982422,0.010084122301577736,-0.010099989943590515
0.8046875,957.5637817382812,26.55652618408203,0.0003721197144841426,0.0018029280305178474
0.8203125,957.5650634765624,26.55652618408203,0.0016215560816590369,0.0017888426552801207
0.8359375,957.5545654296876,26.56510162353516,-0.008703121832354554,0.01028331115443848
0.8515625,957.5838012695312,26.552810668945312,0.02013168836265322,-0.00199195872107083
0.8671875,957.576904296875,26.563232421875,0.012976225165289179,0.008363936441362796
0.8828125,957.5657348632812,26.575164794921875,0.001771502673705072,0.020137744570359217
0.8984375,957.5732421875,26.55168914794922,0.00909759980470426,-0.003311825039780558
0.9140625,957.5645751953124,26.54833984375,0.0004221973121047995,-0.0066090891668189045
0.9296875,957.573486328125,26.55242919921875,0.009151038520712973,-0.002500048278552214
0.9453125,957.5737915039062,26.549819946289062,0.009271522616359107,-0.0050693847925487034
0.9609375,957.5735473632812,26.55168914794922,0.008851065936823943,-0.0031751817016711925
0.9765625,957.5737915039062,26.55168914794922,0.00891756580870151,-0.0031503755946253875
0.9921875,957.5737915039062,26.56137084960937,0.008743394601538057,0.0064803000806392674
1.0078125,957.5791015625,26.55205535888672,0.013778971687543162,-0.002813040715121673
1.0234375,957.5812377929688,26.5628662109375,0.015604358364157633,0.007935328434598432
1.0390625,957.5639038085938,26.55429077148437,-0.0016958442528220985,-0.0006351101511974377
1.0546875,957.5587158203124,26.56510162353516,-0.006749382680027338,0.010096243915999281
1.0703125,957.5795288085938,26.56137084960937,0.013788925804419705,0.006315739755912375
1.0859375,957.5723266601562,26.560997009277344,0.006458129371480936,0.00589547833463655
1.1015625,957.5656127929688,26.5628662109375,-0.00025074293682791904,0.007704018432335147
1.1171875,957.5823974609376,26.561752319335938,0.016210996808808886,0.0065386414649069025
1.1328125,957.565673828125,26.572174072265625,-0.0005026235818377245,0.0168278913133868
1.1484375,957.5606689453124,26.567703247070312,-0.005399937910169683,0.012260526539026984
1.1640625,957.5675659179688,26.5703125,0.0014677957863113988,0.014753609316613847
1.1796875,957.5751953125,26.55168914794922,0.008919510819168863,-0.0038395103690582744
1.1953125,957.5645751953124,26.56137084960937,-0.0016673914003604295,0.005796549171630971
1.2109375,957.5656127929688,26.567703247070312,-0.0006174930849738303,0.012034189237006387
1.2265625,957.5662841796876,26.55615997314453,5.284102383029676e-05,0.00048708003535580247
1.2421875,957.5742797851562,26.57404327392578,0.0078912502718822,0.01822686221647629
1.2578125,957.5639038085938,26.56361389160156,-0.0024361964802892544,0.007736562080594922
1.2734375,957.5658569335938,26.56361389160156,-0.00047363649048293155,0.007676120189341162
1.2890625,957.572021484375,26.568084716796875,0.005579763620971789,0.012052047373838803
1.3046875,957.5631713867188,26.56137084960937,-0.0032064603236676703,0.005296475653629784
1.3203125,957.5656127929688,26.557281494140625,-0.0007501116112962336,0.0011976895584382419
1.3359375,957.560302734375,26.56957244873047,-0.005941807505678298,0.013383264115873317
1.3515625,957.5664672851562,26.56361389160156,0.00021839282101154822,0.007366701463627834
1.3671875,957.5701293945312,26.563232421875,0.0038047111374908127,0.0069306596141238686
1.3828125,957.5731811523438,26.56361389160156,0.006722553540839726,0.007255003330207899
1.3984375,957.5609741210938,26.55168914794922,-0.00537735900388725,-0.00463325797586478
1.4140625,957.5707397460938,26.575164794921875,0.004302557675828211,0.018695182832754398
1.4296875,957.567138671875,26.55914306640625,0.0006877826083382388,0.0026525679552769077
1.4453125,957.5714721679688,26.56957244873047,0.004923206852481599,0.012979747542935627
1.4609375,957.5714111328124,26.55802154541016,0.004767207405166118,0.001417681377137825
1.4765625,957.565185546875,26.56957244873047,-0.001429894576517654,0.012867267629498969
1.4921875,957.5664672851562,26.55615997314453,-0.00014526261759328918,-0.0005409485192799934
1.5078125,957.5650634765624,26.57329559326172,-0.001518815914323568,0.01646502572604902
1.5234375,957.5692749023438,26.567703247070312,0.002640019830550955,0.010787736725777819
1.5390625,957.5785522460938,26.56993865966797,0.011684602573154734,0.01292140596934388
1.5546875,957.5689086914062,26.575164794921875,0.0020011836691082863,0.018005763557443544
1.5703125,957.5763549804688,26.561752319335938,0.009262951779874129,0.004557402909227903
1.5859375,957.551513671875,26.55168914794922,-0.015274092032314002,-0.005462754661259339
1.6015625,957.5670166015624,26.56137084960937,0.00022436816959725547,0.004185986475462755
1.6171875,957.5748291015624,26.567703247070312,0.007879898088162918,0.01043620906190057
1.6328125,957.5631713867188,26.567703247070312,-0.0037040312719227586,0.010354676178604194
1.6484375,957.5755004882812,26.58111572265625,0.008456611886458631,0.02358147089138285
1.6640625,957.5690307617188,26.5703125,0.0019480789700310197,0.012678418170796846
1.6796875,957.5665893554688,26.56137084960937,-0.0004836919815716101,0.0037075742818863944
1.6953125,957.5606689453124,26.568084716796875,-0.0062790220180204415,0.010340023957908784
1.7109375,957.5675659179688,26.56137084960937,0.0006058812899709665,0.0035978274206378558
1.7265625,957.5692749023438,26.568458557128903,0.002269653444955111,0.010602054198450617
1.7421875,957.567626953125,26.575164794921875,0.0006095615655112852,0.01717307096024001
1.7578125,957.568359375,26.58037567138672,0.0013157728263877289,0.022209072835824628
1.7734375,957.5615234375,26.57776641845703,-0.005412348957293034,0.019446696313121237
1.7890625,957.5673828125,26.58037567138672,0.0004382950653507578,0.021883637139350043
1.8046875,957.5676879882812,26.5770263671875,0.0007289499316129877,0.018389533464038266
1.8203125,957.5765380859376,26.58745574951172,0.009391956814738478,0.02859376800866187
1.8359375,957.562255859375,26.567703247070312,-0.004794756666910871,0.0087721931800111
1.8515625,957.5602416992188,26.58111572265625,-0.00667593016646606,0.022011351041214766
1.8671875,957.5739135742188,26.5770263671875,0.006859305285956907,0.017781979982053997
1.8828125,957.5673217773438,26.579635620117188,0.0002622836373120663,0.02023192640461957
1.8984375,957.5645141601562,26.58558654785156,-0.0024956200043106946,0.025978300591031456
1.9140625,957.5694580078124,26.575164794921875,0.0024004107054906854,0.015435012132744674
1.9296875,957.5714111328124,26.575164794921875,0.004268505711252146,0.015314426100456302
1.9453125,957.557861328125,26.58634185791016,-0.009100023605469687,0.026284524330236536
1.9609375,957.560302734375,26.58484649658203,-0.006528566235260769,0.024595497666155097
1.9765625,957.5343627929688,26.59229278564453,-0.03183435710161575,0.03179146026983659
1.9921875,957.5670776367188,26.596763610839844,0.0008632896435756265,0.03597898635995378
2.0078125,957.5645141601562,26.58074951171875,-0.0016669801431135056,0.019808911557305464
2.0234375,957.5559692382812,26.59081268310547,-0.010012450806812012,0.029638707296022915
2.0390625,957.5687255859376,26.586708068847656,0.0026903051142426193,0.025334607936351006
2.0546875,957.5775756835938,26.59081268310547,0.011315004278799279,0.02920922827077277
2.0703125,957.565673828125,26.583724975585938,-0.0005753892526172422,0.021948696370373
2.0859375,957.566162109375,26.58111572265625,-8.540667442957783e-05,0.019188354038803368
2.1015625,957.5616455078124,26.58111572265625,-0.0045121252636590725,0.01903844502287555
2.1171875,957.5640258789062,26.58037567138672,-0.0020901183461319306,0.01815543755214577
2.1328125,957.5737915039062,26.59751892089844,0.0075255944145737885,0.03502291607118124
2.1484375,957.610595703125,26.596763610839844,0.04346397735139362,0.033999890340609795
2.1640625,957.6148071289062,26.5989990234375,0.04674424291522428,0.03595221463406162
2.1796875,957.700439453125,26.586708068847656,0.12979108730712596,0.023476406450122056
2.1953125,957.7548828125,26.58111572265625,0.18063611764534926,0.0177443410379432
2.2109375,957.9649658203124,26.59266662597656,0.3830878925385832,0.02906637526170286
2.2265625,957.8550415039062,26.586708068847656,0.2678283500360976,0.022927288303637994
2.2421875,957.8985595703124,26.58074951171875,0.30526543174607923,0.016836162962430734
2.2578125,958.0206909179688,26.58558654785156,0.4190491860547354,0.021503877227306845
2.2734375,957.7523193359376,26.59043884277344,0.14773468206999496,0.026150264554274827
2.2890625,957.8953857421876,26.59564971923828,0.2851213795637477,0.03111613210490205
2.3046875,957.8351440429688,26.59528350830078,0.22048749908810805,0.030509687408279973
2.3203125,958.0162353515624,26.60198974609375,0.3937354715942547,0.036925175785615494
2.3359375,958.030517578125,26.594161987304688,0.40004860248973273,0.02887009342626712
2.3515625,957.8607788085938,26.575164794921875,0.22581159403353013,0.009795769004053767
2.3671875,957.7211303710938,26.572174072265625,0.08448028238251482,0.0067518819232113
2.3828125,957.93701171875,26.571060180664062,0.29449519195202356,0.005593943522260503
2.3984375,957.8988037109376,26.575164794921875,0.25128157507435844,0.0096227877974151
2.4140625,957.8728637695312,26.568084716796875,0.22094042988544516,0.0025228447530984965
2.4296875,958.0439453125,26.576644897460938,0.3843652936968738,0.010996439281090176
2.4453125,957.8428955078124,26.564353942871094,0.17973510836452533,-0.001284401907902577
2.4609375,957.745849609375,26.55205535888672,0.08107418629572294,-0.013476868814993992
2.4765625,957.9746704101562,26.567703247070312,0.30384235061058007,0.0021540582797818786
2.4921875,957.8247680664062,26.561752319335938,0.15093336610163988,-0.0037672064119789184
2.5078125,957.8480834960938,26.561752319335938,0.17084549899641388,-0.0037377751118867764
2.5234375,957.99169921875,26.563232421875,0.3083194009172985,-0.0022400345058493087
2.5390625,958.030517578125,26.549819946289062,0.3403577259116446,-0.015530224856693309
2.5546875,957.940673828125,26.561752319335938,0.2456211248196496,-0.003569743592553465
2.5703125,957.878173828125,26.549819946289062,0.17954454035054823,-0.01538100635318429
2.5859375,957.986083984375,26.540138244628903,0.28184034705759586,-0.024866905606991452
2.6015625,958.0028686523438,26.524864196777344,0.2927924952016383,-0.039827352259656834
2.6171875,957.936767578125,26.524864196777344,0.22226385416684025,-0.03951620107012843
2.6328125,957.9183959960938,26.536041259765625,0.19991000119546243,-0.02811773856558375
2.6484375,957.9920043945312,26.521881103515625,0.268176243390144,-0.04194759876233789
2.6640625,957.6705932617188,26.51405334472656,-0.05219514548832649,-0.04938648757053343
2.6796875,957.8355102539062,26.508102416992188,0.11052024813079697,-0.05490509174783398
2.6953125,957.9122314453124,26.51927947998047,0.18358438017094159,-0.04338640353486767
2.7109375,957.7974853515624,26.50287628173828,0.06749378863923994,-0.0593224955131717
2.7265625,957.795654296875,26.5125732421875,0.06438025867930719,-0.049237835571265265
2.7421875,957.9531860351562,26.49580383300781,0.2175777782699697,-0.06549156315134042
2.7578125,957.8513793945312,26.500640869140625,0.11350998261286804,-0.060180663526193
2.7734375,957.9127197265624,26.48089599609375,0.17143526943607412,-0.07930111831858966
2.7890625,958.0044555664062,26.485748291015625,0.25803104855185666,-0.07386719196392733
2.8046875,957.9454345703124,26.490219116210938,0.1951231373709561,-0.06885420765323502
2.8203125,957.6598510742188,26.48387908935547,-0.08869355484137031,-0.07460677955160477
2.8359375,957.7708129882812,26.47642517089844,0.02183343033004803,-0.08141959880543936
2.8515625,957.9100341796876,26.460037231445312,0.15790902365563397,-0.09704341686592244
2.8671875,957.9733276367188,26.44811248779297,0.21688211973582838,-0.10811684676421862
2.8828125,957.8702392578124,26.44512939453125,0.11157120682889854,-0.1102319717444864
2.8984375,957.9907836914062,26.449981689453125,0.2275821318207818,-0.10455639809743644
2.9140625,957.8292236328124,26.43321228027344,0.06473257960919909,-0.12037794940776791
2.9296875,957.7274169921876,26.43321228027344,-0.03634995826132581,-0.11943749667802095
2.9453125,957.9470825195312,26.43768310546875,0.1797351868736996,-0.11406849436175293
2.9609375,957.8322143554688,26.420921325683597,0.06360008877186374,-0.12980816263013395
2.9765625,957.9458618164062,26.421661376953125,0.17378568350409296,-0.12805976674060204
2.9921875,957.8373413085938,26.41011047363281,0.06399046522881235,-0.13851996170106773
3.0078125,957.841552734375,26.41011047363281,0.06686982282622012,-0.1374377745002775
3.0234375,957.808349609375,26.403778076171875,0.03300914513431508,-0.14264696749276595
3.0390625,957.9102172851562,26.401168823242188,0.13224250800703885,-0.14412140620040148
3.0546875,957.9185791015624,26.39930725097656,0.13785814620200654,-0.14484248644676256
3.0703125,957.8642578125,26.407135009765625,0.08190527789861335,-0.13594430009787217
3.0859375,957.8976440429688,26.3914794921875,0.11303972109453753,-0.1504154441004033
3.1015625,957.9457397460938,26.38739013671875,0.15798824796524968,-0.15329773082251918
3.1171875,957.9171142578124,26.385154724121094,0.1268361432837537,-0.15431804073720556
3.1328125,957.8504638671876,26.39222717285156,0.05901024967738522,-0.14609523581918893
3.1484375,957.6836547851562,26.372108459472656,-0.10569338640959813,-0.16491540271998062
3.1640625,957.7999267578124,26.367637634277344,0.010371973233873177,-0.16806289800970475
3.1796875,957.697021484375,26.365036010742188,-0.09072600918386797,-0.16933120497029108
3.1953125,957.6463012695312,26.360565185546875,-0.13868360246453904,-0.17244420180493591
3.2109375,957.6607055664062,26.361305236816406,-0.1218519754022509,-0.17036271185934737
3.2265625,957.6607666015624,26.351242065429688,-0.11941221094446064,-0.17901630603320484
3.2421875,957.6454467773438,26.361305236816406,-0.13210055010131327,-0.16763318828206053
3.2578125,957.6417236328124,26.360565185546875,-0.1331708880968563,-0.16705782361759347
3.2734375,957.6384887695312,26.3486328125,-0.13374157654641294,-0.17759183575302728
3.2890625,957.6359252929688,26.3486328125,-0.1336428450404128,-0.17620439953620703
3.3046875,957.6205444335938,26.343048095703125,-0.1461130851885173,-0.18036888886172875
3.3203125,957.6163940429688,26.332618713378903,-0.1473286423015452,-0.1893076596923109
3.3359375,957.6268310546876,26.328147888183597,-0.13421796592285773,-0.19226459047443356
3.3515625,957.6319580078124,26.325164794921875,-0.12656970395437384,-0.1937223112069688
3.3671875,957.626708984375,26.32627868652344,-0.1292441428723805,-0.19110366632723697
3.3828125,957.626220703125,26.32627868652344,-0.12719858771379222,-0.18961066893405487
3.3984375,957.6194458007812,26.32069396972656,-0.13135682032987006,-0.19367042177991323
3.4140625,957.6138916015624,26.32777404785156,-0.1342369761981672,-0.18513260659510777
3.4296875,957.6098022460938,26.32069396972656,-0.1356246455014798,-0.19071102312073052
3.4453125,957.6090698242188,26.325538635253903,-0.13369384340433044,-0.18441427667468702
3.4609375,957.5972290039062,26.313987731933597,-0.14269218981610265,-0.19443420202628303
3.4765625,957.6083374023438,26.313987731933597,-0.12901379545326108,-0.19291518482295444
3.4921875,957.6168823242188,26.310264587402344,-0.11811596589120654,-0.19510209240612753
3.5078125,957.616455078125,26.3128662109375,-0.11622791487582163,-0.19099655895791656
3.5234375,957.6167602539062,26.308395385742188,-0.11365862309662589,-0.1939402952145315
3.5390625,957.6163330078124,26.313987731933597,-0.11185762955790324,-0.18687648067137985
3.5546875,957.611328125,26.3199462890625,-0.1145800414255973,-0.17950450226480186
3.5703125,957.6168823242188,26.30168914794922,-0.10689643122623238,-0.19621663053919036
3.5859375,957.6094360351562,26.30504608154297,-0.11210946403309663,-0.19135298056305317
3.6015625,957.6098022460938,26.29536437988281,-0.10956076768354706,-0.19946409876834537
3.6171875,957.6141967773438,26.30915069580078,-0.10311220837820656,-0.1842271751718556
3.6328125,957.607177734375,26.288650512695312,-0.10798025034409875,-0.2031279257907812
3.6484375,957.5816040039062,26.29871368408203,-0.1309455046250605,-0.1915564360102806
3.6640625,957.5980834960938,26.296852111816406,-0.11223034813212962,-0.19190693008625104
3.6796875,957.6094970703124,26.29536437988281,-0.09884769629798029,-0.19188376622281922
3.6953125,957.5989379882812,26.27896881103516,-0.10726992718991823,-0.20665215276522986
3.7109375,957.6094360351562,26.296852111816406,-0.09488180452751749,-0.18729409532785724
3.7265625,957.6094970703124,26.281951904296875,-0.09296880121962658,-0.2006146598563916
3.7421875,957.61279296875,26.28939819335937,-0.08792147889960233,-0.19165924289706737
3.7578125,957.6050415039062,26.286041259765625,-0.09380433156081835,-0.1934926126119798
3.7734375,957.5966796875,26.31212615966797,-0.10017071538959499,-0.16609983995409294
3.7890625,957.6080932617188,26.30653381347656,-0.08702360325730751,-0.1703508409412393
3.8046875,957.615966796875,26.29498291015625,-0.07760416833343697,-0.18048063688450355
3.8203125,957.6148071289062,26.30132293701172,-0.07722548012441166,-0.17278013651318247
3.8359375,957.6099853515624,26.296852111816406,-0.08044477197086053,-0.17586618857014713
3.8515625,957.59912109375,26.29871368408203,-0.08952565029528614,-0.17264520523964322
3.8671875,957.6085815429688,26.296852111816406,-0.07850142761799361,-0.17314344330600662
3.8828125,957.5825805664062,26.292007446289062,-0.10246134159888243,-0.17659757673309073
3.8984375,957.5997314453124,26.297218322753903,-0.08364424271826465,-0.17004774167240555
3.9140625,957.5978393554688,26.297218322753903,-0.0838657010665429,-0.16871924369058888
3.9296875,957.5935668945312,26.292007446289062,-0.08641671352745561,-0.17257129109171387
3.9453125,957.5997314453124,26.296852111816406,-0.07868473769269713,-0.1664162613021496
3.9609375,957.6008911132812,26.303924560546875,-0.07601090820583067,-0.15809893903596617
3.9765625,957.58935546875,26.30132293701172,-0.08583665912897231,-0.1594450894260362
3.9921875,957.608154296875,26.29871368408203,-0.06572849836720707,-0.1607882928060711
4.0078125,957.5980834960938,26.30504608154297,-0.07431884408697442,-0.15324920866274994
4.0234375,957.6000366210938,26.30132293701172,-0.07095232613608005,-0.15574600668467298
4.0390625,957.6007690429688,26.30504608154297,-0.0688484217560017,-0.1508351835428492
4.0546875,957.5919799804688,26.29945373535156,-0.07612112714161867,-0.15520543965821076
4.0703125,957.6098022460938,26.30168914794922,-0.057160211877658185,-0.15177494872413888
4.0859375,957.598388671875,26.293869018554688,-0.06723445433669895,-0.15834824157086658
4.1015625,957.5821533203124,26.30132293701172,-0.08183953625280083,-0.14971546121450885
4.1171875,957.5830078125,26.29871368408203,-0.0794033049232894,-0.15113467731494623
4.1328125,957.5993041992188,26.29424285888672,-0.0618743612083108,-0.15438983452189703
4.1484375,957.5859375,26.296852111816406,-0.07377150846559744,-0.15059479579852209
4.1640625,957.5825805664062,26.303184509277344,-0.07562202717542732,-0.1431353483505724
4.1796875,957.5924072265624,26.2979736328125,-0.06451030125720081,-0.1471872699340473
4.1953125,957.5912475585938,26.30915069580078,-0.06438735263941453,-0.13494762720400288
4.2109375,957.600341796875,26.30168914794922,-0.054213170718412584,-0.14129660337544436
4.2265625,957.6057739257812,26.286041259765625,-0.0478282870892599,-0.15571836271873352
4.2421875,957.5776977539062,26.30168914794922,-0.07442195000010088,-0.1389761739528339
4.2578125,957.5946655273438,26.30168914794922,-0.05633202467663523,-0.1378904225938271
4.2734375,957.5935668945312,26.311752319335938,-0.05630896496006699,-0.12682860080705183
4.2890625,957.5877685546876,26.31212615966797,-0.060894271506754194,-0.12546683265880887
4.3046875,957.5994873046876,26.310264587402344,-0.04821506210237203,-0.12633365176096234
4.3203125,957.5962524414062,26.30653381347656,-0.05044504402860639,-0.12904829736107004
4.3359375,957.5804443359376,26.31585693359375,-0.06495914267111402,-0.11878982429666252
4.3515625,957.5900268554688,26.313247680664062,-0.05429504846927102,-0.12045064693552021
4.3671875,957.5873413085938,26.31585693359375,-0.05586769309149986,-0.11692075811516389
4.3828125,957.5845336914062,26.3199462890625,-0.05752930812514023,-0.11194990731323884
4.3984375,957.5849609375,26.318832397460938,-0.0559867873823805,-0.1121804879857784
4.4140625,957.5848999023438,26.31585693359375,-0.05495313850462935,-0.11425629597911424
4.4296875,957.5820922851562,26.31622314453125,-0.05663261593247171,-0.11300031875222771
4.4453125,957.5895385742188,26.30504608154297,-0.048225656423255714,-0.12320724594566101
4.4609375,957.5834350585938,26.328147888183597,-0.05326805540664736,-0.09932336556046195
4.4765625,957.5859375,26.31138610839844,-0.04977409810192057,-0.11517823014760609
4.4921875,957.5994262695312,26.31659698486328,-0.03557663074707307,-0.10910823373211898
4.5078125,957.5845947265624,26.308395385742188,-0.04942363907309755,-0.11639334978404747
4.5234375,957.59912109375,26.328147888183597,-0.03421568454393764,-0.09588584072277229
4.5390625,957.5859375,26.311752319335938,-0.04647351113976583,-0.11140421105816145
4.5546875,957.5890502929688,26.32367706298828,-0.042513829144240844,-0.09870228406671089
4.5703125,957.58544921875,26.325164794921875,-0.045214221656692644,-0.09645506344457644
4.5859375,957.5899047851562,26.31659698486328,-0.03996258776510331,-0.10420238230392798
4.6015625,957.5882568359376,26.328147888183597,-0.04079783118322666,-0.09192763930405334
4.6171875,957.5803833007812,26.35050201416016,-0.04772075371579376,-0.06902997025461843
4.6328125,957.583984375,26.32627868652344,-0.04325796700686624,-0.092524756501561
4.6484375,957.5844116210938,26.31138610839844,-0.041994183395331675,-0.10657813669979177
4.6640625,957.5797729492188,26.32703399658203,-0.045722057315856546,-0.09021985594966964
4.6796875,957.5875854492188,26.333740234375,-0.037169136274542325,-0.08286116801485122
4.6953125,957.5773315429688,26.3341064453125,-0.04649681122521088,-0.08185046522518391
4.7109375,957.5865478515624,26.33448028564453,-0.036552367814579156,-0.08084008876117466
4.7265625,957.5921020507812,26.33074951171875,-0.03039273561535083,-0.08391015282221304
4.7421875,957.5830078125,26.331871032714844,-0.03871574393770061,-0.08214184563997762
4.7578125,957.5764770507812,26.33708953857422,-0.04436278484286049,-0.07632237618856763
4.7734375,957.5849609375,26.32627868652344,-0.03517813839516748,-0.08645249989372417
4.7890625,957.5813598632812,26.34044647216797,-0.038021806117512824,-0.07171998991912432
4.8046875,957.570068359375,26.34901428222656,-0.04835015943740473,-0.06265880345537411
4.8203125,957.591796875,26.34491729736328,-0.0261016898316484,-0.06623425872241384
4.8359375,957.5833129882812,26.34565734863281,-0.033910077008386,-0.06498253395715992
4.8515625,957.5865478515624,26.338951110839844,-0.030076088459168204,-0.07112870322082898
4.8671875,957.57421875,26.342300415039062,-0.04157696365393804,-0.0672498724667534
4.8828125,957.5745849609376,26.34565734863281,-0.040405855202379826,-0.06339377528806267
4.8984375,957.5779418945312,26.34491729736328,-0.03632530985862559,-0.06363278103760805
4.9140625,957.5668334960938,26.357574462890625,-0.04650726868101174,-0.05057736851409089
4.9296875,957.576171875,26.3486328125,-0.03644293489639949,-0.05905402656952319
4.9453125,957.5659790039062,26.33708953857422,-0.04572495040440572,-0.07004575908518618
4.9609375,957.583251953125,26.3486328125,-0.02789629803748994,-0.05804543449409749
4.9765625,957.5757446289062,26.338211059570312,-0.034712145259049976,-0.06793228752203717
4.9921875,957.5703735351562,26.3486328125,-0.039300363247207315,-0.057061233540846246
5.0078125,957.5726928710938,26.34491729736328,-0.03625874162003129,-0.060301930328520825
5.0234375,957.5833129882812,26.35236358642578,-0.02513787004909318,-0.05244270656863037
5.0390625,957.56640625,26.35236358642578,-0.04122342457390005,-0.0520329979235612
5.0546875,957.56640625,26.3486328125,-0.04041827956268662,-0.05532811738176946
5.0703125,957.5775756835938,26.351242065429688,-0.028677579446139134,-0.05230699832355157
5.0859375,957.572998046875,26.3411865234375,-0.03260570022416687,-0.06187533296952097
5.1015625,957.5829467773438,26.338951110839844,-0.022214450814885822,-0.06360988036743365
5.1171875,957.57421875,26.35533905029297,-0.030338132882093305,-0.04685301950091514
5.1328125,957.5721435546876,26.35533905029297,-0.0317802553781803,-0.04648698028606546
5.1484375,957.5728149414062,26.357574462890625,-0.030501273568575016,-0.043905852315845095
5.1640625,957.5645141601562,26.35533905029297,-0.038044202185346876,-0.04578078628136595
5.1796875,957.5745849609376,26.357574462890625,-0.02742704590775702,-0.043205175451806355
5.1953125,957.5681762695312,26.364280700683597,-0.033174883069705174,-0.03621378970837341
5.2109375,957.568359375,26.3624267578125,-0.032347406944722934,-0.03777032841869499
5.2265625,957.5736694335938,26.351242065429688,-0.02650927514093837,-0.0485725597014941
5.2421875,957.5534057617188,26.35533905029297,-0.04585941289451512,-0.044128109409790284
5.2578125,957.5667114257812,26.360565185546875,-0.03191793342512028,-0.038598052482790024
5.2734375,957.5734252929688,26.36316680908203,-0.024711799318879457,-0.03571520684647922
5.2890625,957.5595703125,26.357208251953125,-0.037813522369901875,-0.041348187694328686
5.3046875,957.5541381835938,26.365402221679688,-0.042401009649665866,-0.03289520063989215
5.3203125,957.5739135742188,26.364280700683597,-0.022183712403034406,-0.03375096599820182
5.3359375,957.568359375,26.3624267578125,-0.027196155535420985,-0.03532674551875914
5.3515625,957.568115234375,26.369873046875,-0.026904352876044868,-0.027662640390193616
5.3671875,957.5775756835938,26.381797790527344,-0.01710320241397767,-0.015614944419585441
5.3828125,957.56396484375,26.37024688720703,-0.030114158619880982,-0.02695361455442935
5.3984375,957.5676879882812,26.36801147460937,-0.025875564594684874,-0.028960987877464817
5.4140625,957.5889892578124,26.368385314941406,-0.004484953363089517,-0.028363810455232397
5.4296875,957.6172485351562,26.376953125,0.023309981715556205,-0.01964134414354035
5.4453125,957.7114868164062,26.368385314941406,0.11525239845445867,-0.027988770184929734
5.4609375,957.8572998046876,26.37024688720703,0.255966453401129,-0.025923079185560027
5.4765625,957.758544921875,26.364654541015625,0.15414103210048324,-0.031269211116207174
5.4921875,957.7059326171876,26.37621307373047,0.09954574445578146,-0.019556688726353855
5.5078125,957.7236328125,26.363914489746094,0.11495598000703922,-0.03160640339267573
5.5234375,957.8532104492188,26.372482299804688,0.2397575695241585,-0.022858604323658938
5.5390625,957.7551879882812,26.369873046875,0.138966844747074,-0.025268889618555335
5.5546875,957.7972412109376,26.375457763671875,0.1774845192119301,-0.019530390221511595
5.5703125,957.8457641601562,26.367637634277344,0.2215932600628321,-0.0271368436815429
5.5859375,957.9885864257812,26.384780883789062,0.35729803495178203,-0.00991551921537237
5.6015625,957.8209838867188,26.37621307373047,0.18599050573516251,-0.018338928264014953
5.6171875,957.834716796875,26.360183715820312,0.19582256792477892,-0.034099783938437156
5.6328125,957.8999633789062,26.37621307373047,0.255970143120976,-0.017929250824934684
5.6484375,958.001708984375,26.383285522460938,0.3507291128751149,-0.010771983328101697
5.6640625,957.8956909179688,26.37397766113281,0.23993153384253674,-0.019922970869853174
5.6796875,957.8775634765624,26.369873046875,0.21747198125581235,-0.02383986961885398
5.6953125,957.9065551757812,26.3695068359375,0.24164993671536195,-0.024016970552008132
5.7109375,957.8402099609376,26.36614990234375,0.17188080152266139,-0.027160045519618592
5.7265625,957.76123046875,26.367637634277344,0.09108683063709577,-0.02547174863613577
5.7421875,957.9609375,26.35273742675781,0.28511429427214807,-0.04005655024820598
5.7578125,957.759765625,26.369873046875,0.08230291889572072,-0.022741860364366318
5.7734375,957.815673828125,26.365036010742188,0.13551168604374197,-0.027363436368293748
5.7890625,957.8403930664062,26.357208251953125,0.157101414084309,-0.03491626394518832
5.8046875,957.6283569335938,26.3486328125,-0.05386177500304257,-0.043151924465515634
5.8203125,957.9196166992188,26.353858947753903,0.23276131111765608,-0.03762949398339899
5.8359375,957.9950561523438,26.338951110839844,0.30218121806603904,-0.052126882999822044
5.8515625,957.900146484375,26.34677124023437,0.20322327763449266,-0.04396060709275318
5.8671875,958.0078125,26.331871032714844,0.3048172367505231,-0.05840096449812293
5.8828125,957.8090209960938,26.332618713378903,0.10395491774966104,-0.057202867554110526
5.8984375,958.1001586914062,26.318092346191406,0.3873759604632596,-0.07116885009518725
5.9140625,957.768310546875,26.313987731933597,0.05444328827707068,-0.07468539041273914
5.9296875,957.892578125,26.296852111816406,0.17522041979270853,-0.0911036588851637
5.9453125,957.939208984375,26.29871368408203,0.2175182463714691,-0.0885448828178248
5.9609375,957.614013671875,26.285301208496094,-0.1055739984307138,-0.10116081654123121
5.9765625,957.9298706054688,26.286041259765625,0.20617584658566557,-0.09963622804301409
5.9921875,957.9889526367188,26.27896881103516,0.2600770599092357,-0.1058750152361867
6.0078125,957.7715454101562,26.27896881103516,0.041836438164182255,-0.10504786667965504
6.0234375,957.8365478515624,26.27338409423828,0.10475218270369169,-0.1097682664181221
6.0390625,957.5763549804688,26.28009033203125,-0.15240473744484007,-0.10225685652651961
6.0546875,957.6298217773438,26.261085510253903,-0.09700555891811291,-0.12031432144211962
6.0703125,957.6713256835938,26.24506378173828,-0.054417636014477466,-0.13527092456744683
6.0859375,957.715576171875,26.24356842041016,-0.009968570629098394,-0.13569779928700854
6.1015625,957.6258544921876,26.246925354003903,-0.09774317511494246,-0.13130695268003834
6.1171875,957.8184204101562,26.235748291015625,0.09297073615732643,-0.14137085929590754
6.1328125,957.7030029296876,26.231277465820312,-0.022008331336451192,-0.14470229633113263
6.1484375,957.716064453125,26.22344970703125,-0.008772065557309361,-0.15133841406456838
6.1640625,957.6506958007812,26.218978881835938,-0.07269265700460892,-0.15459197957816428
6.1796875,957.69873046875,26.211158752441406,-0.024176387687475653,-0.16114326437134707
6.1953125,957.60888671875,26.19327545166016,-0.11179318187328136,-0.1776279201123394
6.2109375,957.7327880859376,26.19662475585937,0.011871697319861596,-0.17291706422630782
6.2265625,957.733154296875,26.18396759033203,0.01199888661165005,-0.18412443108369914
6.2421875,957.8920288085938,26.178001403808597,0.16753602726930694,-0.18860553465707852
6.2578125,957.6587524414062,26.19178771972656,-0.06445634890417296,-0.17345344359271664
6.2734375,957.6356201171876,26.17613983154297,-0.08587795685082256,-0.18762397762180427
6.2890625,957.7935791015624,26.17427062988281,0.07067319495513402,-0.18801276381882204
6.3046875,957.618408203125,26.15937805175781,-0.1024567327110617,-0.20132014395988662
6.3203125,957.5952758789062,26.1697998046875,-0.12313614566164688,-0.18940699735027167
6.3359375,957.6485595703124,26.146705627441406,-0.06848814850832241,-0.21084100916982962
6.3515625,957.7344970703124,26.14521026611328,0.017108543845324675,-0.2106774926034376
6.3671875,957.6920166015624,26.14373016357422,-0.024876379496390655,-0.21050011393045054
6.3828125,957.6672973632812,26.136268615722656,-0.04862695336782963,-0.2162588362993425
6.3984375,957.6763305664062,26.12696075439453,-0.03882043480837183,-0.22380445780225244
6.4140625,957.8538818359376,26.118019104003903,0.1360212481073404,-0.23092777922262542
6.4296875,957.7762451171876,26.12696075439453,0.05724420651836226,-0.2202518622004952
6.4453125,957.7322998046876,26.107208251953125,0.01303914999459721,-0.2381293305431349
6.4609375,957.7007446289062,26.11614990234375,-0.018154384658146228,-0.22739715140131977
6.4765625,957.6759643554688,26.114669799804688,-0.04209609055476449,-0.22708915039397226
6.4921875,957.6702880859376,26.098648071289062,-0.04683930617795795,-0.24121157516811564
6.5078125,957.6488647460938,26.093429565429688,-0.0669293912167177,-0.24450484601946343
6.5234375,957.6600341796876,26.10125732421875,-0.054670895950494014,-0.23482804748641328
6.5390625,957.6480102539062,26.098648071289062,-0.06539218849491135,-0.23558232150660174
6.5546875,957.6482543945312,26.0908203125,-0.06387562505994993,-0.24150843904335417
6.5703125,957.6376342773438,26.10497283935547,-0.07304074728165233,-0.22557969412391898
6.5859375,957.640380859375,26.077781677246094,-0.06892123233535585,-0.2507960839189707
6.6015625,957.6301879882812,26.088584899902344,-0.07756890609653055,-0.23811791703410634
6.6171875,957.6312866210938,26.09044647216797,-0.07497671325893407,-0.23441059207497617
6.6328125,957.6387939453124,26.082618713378903,-0.06615162753564618,-0.24034586374791544
6.6484375,957.616455078125,26.07964324951172,-0.08676216474793819,-0.24142037974310782
6.6640625,957.622314453125,26.0833740234375,-0.07932265713566267,-0.23583265577187973
6.6796875,957.6165161132812,26.06175994873047,-0.08345847750717894,-0.2554354278970443
6.6953125,957.6283569335938,26.07554626464844,-0.07021887482756028,-0.23976122829173718
6.7109375,957.6156616210938,26.06884002685547,-0.081294769606302,-0.24454193900592358
6.7265625,957.6143798828124,26.07479858398437,-0.08096368546796384,-0.236719449206106
6.7421875,957.61328125,26.06660461425781,-0.08045953862642818,-0.2430000328472559
6.7578125,957.6123046875,26.06996154785156,-0.07984555227631063,-0.23777088754058795
6.7734375,957.6212158203124,26.063621520996094,-0.06954898158380729,-0.24220379787733393
6.7890625,957.6236572265624,26.06660461425781,-0.06579688050305776,-0.2373517928608102
6.8046875,957.620849609375,26.075912475585938,-0.06726456609487741,-0.22626233831758213
6.8203125,957.625,26.065109252929688,-0.061881476730263785,-0.23521348627872385
6.8359375,957.6065673828124,26.05915069580078,-0.07874545927109011,-0.23928788681850932
6.8515625,957.6268310546876,26.065109252929688,-0.05733956498579573,-0.23150644430140233
6.8671875,957.6096801757812,26.07479858398437,-0.07303555240991955,-0.2200841670494782
6.8828125,957.6217651367188,26.07479858398437,-0.0597601502327052,-0.2183647594944027
6.8984375,957.6076049804688,26.07479858398437,-0.07247655049673085,-0.21665878481085343
6.9140625,957.6211547851562,26.056915283203125,-0.057775832805191385,-0.23270972554841052
6.9296875,957.61865234375,26.05915069580078,-0.059100964168237624,-0.22867373238082678
6.9453125,957.61328125,26.065109252929688,-0.06321283803697497,-0.220975212945266
6.9609375,957.6145629882812,26.07293701171875,-0.060721507963648946,-0.21148223967060886
6.9765625,957.6154174804688,26.071823120117188,-0.05869773812423773,-0.21093522399660714
6.9921875,957.6152954101562,26.07554626464844,-0.057670984053174834,-0.2055932350945291
7.0078125,957.6077270507812,26.078903198242188,-0.0639651375018957,-0.20065633039530795
7.0234375,957.62109375,26.07367706298828,-0.04961018753544977,-0.20427400888632974
7.0390625,957.6284790039062,26.082618713378903,-0.041400227894200725,-0.19380632444496015
7.0546875,957.6294555664062,26.071075439453125,-0.03963414067948179,-0.20374530463346474
7.0703125,957.6128540039062,26.07367706298828,-0.05513734960175043,-0.19957224608972624
7.0859375,957.6149291992188,26.070327758789062,-0.0520257840883005,-0.2013362256773128
7.1015625,957.6145629882812,26.069580078125,-0.05136871387298925,-0.200505125823085
7.1171875,957.6040649414062,26.065109252929688,-0.06065842557711676,-0.2033745764010675
7.1328125,957.6052856445312,26.07293701171875,-0.05827682943549917,-0.19401910809941114
7.1484375,957.6148071289062,26.07964324951172,-0.047803092227240995,-0.18584948850717353
7.1640625,957.5996704101562,26.078903198242188,-0.06171051779404024,-0.18513180899719828
7.1796875,957.6173095703124,26.07367706298828,-0.043210588934016414,-0.18887077281164366
7.1953125,957.6228637695312,26.07293701171875,-0.03692091335358327,-0.18812948951804032
7.2109375,957.6000366210938,26.078903198242188,-0.05858110745919021,-0.18074015218995854
7.2265625,957.6080932617188,26.09193420410156,-0.04953766084133804,-0.16639891862487843
7.2421875,957.6156616210938,26.068092346191406,-0.041149588547114035,-0.1887545204683505
7.2578125,957.60693359375,26.078903198242188,-0.04890344370551247,-0.17655348350805866
7.2734375,957.6007690429688,26.066970825195312,-0.053992447719451775,-0.18701331080059802
7.2890625,957.6038208007812,26.06996154785156,-0.049945754557256805,-0.18258491167447488
7.3046875,957.6127319335938,26.0762939453125,-0.04023316428879298,-0.17487554144624085
7.3203125,957.6066284179688,26.07964324951172,-0.045431666634272005,-0.17018618851852807
7.3359375,957.600830078125,26.09008026123047,-0.05022942041398437,-0.1585011363560298
7.3515625,957.607421875,26.078903198242188,-0.04278532620423903,-0.1683525884119348
7.3671875,957.6136474609376,26.088211059570312,-0.03584568283952194,-0.1578021901534683
7.3828125,957.6170654296876,26.07293701171875,-0.031794360298704305,-0.17172407989561478
7.3984375,957.6000366210938,26.065109252929688,-0.04786959137516078,-0.17814908994495227
7.4140625,957.6052856445312,26.08970642089844,-0.04178813497014744,-0.15235229758576097
7.4296875,957.606201171875,26.0908203125,-0.040074314508729,-0.15005685593745
7.4453125,957.600830078125,26.088211059570312,-0.044557802628673926,-0.15147340489161465
7.4609375,957.594970703125,26.077781677246094,-0.04943246712809923,-0.16063792169071078
7.4765625,957.6080322265624,26.09678649902344,-0.03566057369675946,-0.14052659132029177
7.4921875,957.6087036132812,26.082618713378903,-0.03430580441977327,-0.15348582714479164
7.5078125,957.5999145507812,26.09491729736328,-0.042253170300227794,-0.14008421782322245
7.5234375,957.601318359375,26.07964324951172,-0.040051522610610846,-0.15414452922420097
7.5390625,957.5891723632812,26.08411407470703,-0.05117803591713255,-0.14850437821616325
7.5546875,957.5914916992188,26.078903198242188,-0.04790442849559895,-0.15251435425381032
7.5703125,957.5829467773438,26.0908203125,-0.05534682399616031,-0.13949882405852776
7.5859375,957.5940551757812,26.078903198242188,-0.04337439380947217,-0.15023300129824335
7.6015625,957.5859985351562,26.08970642089844,-0.050426522043153454,-0.13834048349634998
7.6171875,957.5927124023438,26.09193420410156,-0.04285889206551019,-0.13504931982219048
7.6328125,957.6008911132812,26.09008026123047,-0.03400283384030445,-0.1358337059534911
7.6484375,957.5921020507812,26.07964324951172,-0.041956117114864355,-0.14512797769042507
7.6640625,957.5904541015624,26.07964324951172,-0.04275242441315186,-0.14399416536472032
7.6796875,957.6002197265624,26.07964324951172,-0.03234252598713283,-0.1428692109478078
7.6953125,957.5831298828124,26.082618713378903,-0.048466893765748864,-0.13880082718155506
7.7109375,957.5863647460938,26.08970642089844,-0.044348592389042096,-0.13068411091465748
7.7265625,957.591552734375,26.11019897460937,-0.0383957485588553,-0.10933068566307469
7.7421875,957.5887451171876,26.08411407470703,-0.040398612508965925,-0.13435765130318345
7.7578125,957.5896606445312,26.09678649902344,-0.03871193115821825,-0.12073456115093961
7.7734375,957.5848999023438,26.09678649902344,-0.04262359769438717,-0.11979132239194712
7.7890625,957.5934448242188,26.102371215820312,-0.033413076682336396,-0.11331436648886495
7.8046875,957.5958862304688,26.10497283935547,-0.030366754994247458,-0.1098477996493834
7.8203125,957.6035766601562,26.103492736816406,-0.022233428328149785,-0.11045815295259942
7.8359375,957.5849609375,26.11243438720703,-0.040051316004223736,-0.1007234048857093
7.8515625,957.5969848632812,26.10609436035156,-0.027479980257680836,-0.10622699868070384
7.8671875,957.5919799804688,26.09752655029297,-0.03185039308834803,-0.11389797429601956
7.8828125,957.5849609375,26.10944366455078,-0.03811026738412693,-0.10118413456915931
7.8984375,957.5947265625,26.09455108642578,-0.027791036087592147,-0.11516986337623791
7.9140625,957.5760498046876,26.10162353515625,-0.0455602198003362,-0.10725290359384942
7.9296875,957.5927734375,26.105728149414062,-0.028273372398302854,-0.10234244332560039
7.9453125,957.5858154296876,26.10609436035156,-0.034543267315939374,-0.10117954307257193
7.9609375,957.5772705078124,26.10162353515625,-0.04224662299600368,-0.104824974765787
7.9765625,957.5767822265624,26.118019104003903,-0.04190023814749111,-0.08773855118439755
7.9921875,957.5786743164062,26.110939025878903,-0.0392267391570158,-0.09407785876791763
8.0078125,957.5938110351562,26.107208251953125,-0.023619512195978132,-0.09704450275077647
8.0234375,957.5774536132812,26.096405029296875,-0.039196134577423436,-0.10700516505228563
8.0390625,957.5774536132812,26.11614990234375,-0.03843058507391106,-0.08657857097411892
8.0546875,957.5869140625,26.112060546875,-0.028404312889279026,-0.0899595832675324
8.0703125,957.5865478515624,26.106468200683597,-0.028208599533400047,-0.09480543001003738
8.0859375,957.56201171875,26.11875915527344,-0.05171456179220968,-0.08186983108097223
8.1015625,957.5786743164062,26.119140625,-0.034367355461426996,-0.08085173353133257
8.1171875,957.5946655273438,26.107208251953125,-0.018017235451225133,-0.09205923074556566
8.1328125,957.5934448242188,26.112060546875,-0.018862197588418894,-0.0865256316375671
8.1484375,957.5698852539062,26.118019104003903,-0.041593217746594746,-0.07993764423906669
8.1640625,957.5748901367188,26.13031768798828,-0.03587371901744518,-0.06711063009644747
8.1796875,957.576171875,26.117645263671875,-0.033916356112399626,-0.07915974930025271
8.1953125,957.595703125,26.112060546875,-0.014104147008652035,-0.08408239995574363
8.2109375,957.5877075195312,26.118019104003903,-0.021668116686782923,-0.07751350030475734
8.2265625,957.579833984375,26.116905212402344,-0.028964666455522092,-0.07801311540704958
8.2421875,957.5814819335938,26.12621307373047,-0.02678318760320053,-0.06816849428143357
8.2578125,957.583740234375,26.12621307373047,-0.024045885126156463,-0.06763592791985928
8.2734375,957.5794067382812,26.123611450195312,-0.027825096430433405,-0.06968882058427184
8.2890625,957.5675048828124,26.139625549316406,-0.03895103487002416,-0.053255387701746315
8.3046875,957.5838623046876,26.128082275390625,-0.022152331491042787,-0.06429242208356101
8.3203125,957.5796508789062,26.12696075439453,-0.02584884013822375,-0.06490289664934323
8.3359375,957.5751953125,26.136268615722656,-0.0297125236041893,-0.05516069910776977
8.3515625,957.5921630859376,26.14373016357422,-0.01249582926493531,-0.0473265016370199
8.3671875,957.5911254882812,26.12882232666016,-0.013269102176764136,-0.06174813278114755
8.3828125,957.5643310546876,26.13813781738281,-0.03928104483736661,-0.05202301204241522
8.3984375,957.5770874023438,26.142608642578125,-0.026006636689430707,-0.04718068538735665
8.4140625,957.5836791992188,26.13441467285156,-0.019035643724350848,-0.05494204062084407
8.4296875,957.5816040039062,26.13702392578125,-0.02069851796193234,-0.051923937787314856
8.4453125,957.5739135742188,26.124351501464844,-0.027834476015641485,-0.06409170302478628
8.4609375,957.5792846679688,26.14073944091797,-0.022024644330713272,-0.047331077918759235
8.4765625,957.5779418945312,26.136268615722656,-0.022911022889957167,-0.05139720074599197
8.4921875,957.5835571289062,26.14373016357422,-0.01695798014554839,-0.04359240560619071
8.5078125,957.5659790039062,26.14521026611328,-0.033861571841953264,-0.041783300699417936
8.5234375,957.5845336914062,26.152671813964844,-0.015007921757160148,-0.03405361415373065
8.5390625,957.5670166015624,26.1336669921875,-0.03188975746820688,-0.05264391690036163
8.5546875,957.587646484375,26.153785705566406,-0.011039955228739018,-0.03227110036894487
8.5703125,957.579345703125,26.149314880371094,-0.01896298771941929,-0.03645487927078506
8.5859375,957.5665893554688,26.124351501464844,-0.031099817106564842,-0.06093842803502625
8.6015625,957.5792846679688,26.14521026611328,-0.01804504162601006,-0.03976654101638033
8.6171875,957.58154296875,26.156768798828125,-0.015478406062584327,-0.02798763323668041
8.6328125,957.582763671875,26.15714263916016,-0.013979232177121048,-0.027398060147579173
8.6484375,957.5840454101562,26.15714263916016,-0.012449495968212432,-0.027184012802674573
8.6640625,957.5723266601562,26.15937805175781,-0.023696209914191968,-0.024753689265924805
8.6796875,957.5842895507812,26.156768798828125,-0.011504152896804953,-0.027149169209707225
8.6953125,957.5840454101562,26.149314880371094,-0.011518834664002497,-0.0343327510443423
8.7109375,957.5770874023438,26.15191650390625,-0.018115966646860215,-0.031483228075519065
8.7265625,957.5637817382812,26.166824340820312,-0.030807926984607548,-0.01644589591800738
8.7421875,957.5801391601562,26.157508850097656,-0.014168268681714835,-0.02556012580753375
8.7578125,957.5631713867188,26.157508850097656,-0.030527916296591684,-0.025360437324660978
8.7734375,957.5828857421876,26.15341186523437,-0.010602358467849626,-0.02922728607710212
8.7890625,957.5848388671876,26.16049194335937,-0.008480303126702893,-0.0219741828899771
8.8046875,957.5678100585938,26.16905975341797,-0.02501088688222808,-0.01330163554363395
8.8203125,957.5656127929688,26.16049194335937,-0.02667674327858549,-0.021698590558465014
8.8359375,957.5726928710938,26.15862274169922,-0.019213917787283208,-0.0233836688419089
8.8515625,957.5724487304688,26.157508850097656,-0.019078018208915637,-0.0243061732525085
8.8671875,957.5723876953124,26.16123962402344,-0.018765243729262693,-0.020414654019482725
8.8828125,957.5728149414062,26.16049194335937,-0.017979833619051533,-0.020997003943836745
8.8984375,957.5831909179688,26.16309356689453,-0.0074553442234446266,-0.018251666499235597
8.9140625,957.5538940429688,26.16123962402344,-0.03603440244171452,-0.019948534297121512
8.9296875,957.5783081054688,26.15862274169922,-0.011393380177196377,-0.022389124303987984
8.9453125,957.5645141601562,26.16049194335937,-0.024695385538734627,-0.020359610748180046
8.9609375,957.5831909179688,26.170921325683597,-0.0059010764034610474,-0.009852648514392826
8.9765625,957.5739135742188,26.170181274414062,-0.014881966634789023,-0.010509944316865472
8.9921875,957.5916137695312,26.170181274414062,0.0027631851488649772,-0.010427835376891181
9.0078125,957.5958251953124,26.16049194335937,0.006838388060259604,-0.019960001068834998
9.0234375,957.6138916015624,26.156768798828125,0.024418372546392675,-0.02349812102508153
9.0390625,957.7283325195312,26.16049194335937,0.13614719499742023,-0.019620484489976775
9.0546875,957.7064819335938,26.16943359375,0.1120642534142462,-0.010595405707945815
9.0703125,957.9260864257812,26.170921325683597,0.3251908404141659,-0.00903652007298561
9.0859375,957.7794799804688,26.17353057861328,0.1750964186347801,-0.006377054118743786
9.1015625,958.01123046875,26.15937805175781,0.39890067826536324,-0.020369193622855164
9.1171875,957.8931274414062,26.1768798828125,0.27531332180205936,-0.0028449612981020778
9.1328125,957.953857421875,26.17465209960937,0.32947995652330064,-0.005033113684813628
9.1484375,958.0401611328124,26.17465209960937,0.4076628927056163,-0.004993792484150106
9.1640625,957.8646850585938,26.16645050048828,0.22765191968835552,-0.013092302608324502
9.1796875,957.9336547851562,26.16049194335937,0.29082825472255536,-0.018902024895538716
9.1953125,958.0121459960938,26.17986297607422,0.362106194846433,0.0004653436957191559
9.2109375,958.0535888671876,26.17465209960937,0.3956672482461272,-0.004708458294370388
9.2265625,957.607421875,26.16272735595703,-0.04951342081767507,-0.016503255056502297
9.2421875,957.8167114257812,26.164215087890625,0.15665550242522386,-0.014898214348509242
9.2578125,957.8088989257812,26.166824340820312,0.14593591253412797,-0.01219295390773567
9.2734375,957.8399047851562,26.16049194335937,0.1734858779265096,-0.01838062206110891
9.2890625,957.9115600585938,26.16309356689453,0.2403532382514868,-0.015655725099964712
9.3046875,957.6939086914062,26.164215087890625,0.022258475144781187,-0.01442065563431072
9.3203125,957.9303588867188,26.15714263916016,0.25365576673743817,-0.021325189486926632
9.3359375,957.779296875,26.164215087890625,0.10058997074099807,-0.014141391219300914
9.3515625,957.6032104492188,26.14484405517578,-0.07402191490280075,-0.03325060812215952
9.3671875,957.8810424804688,26.14521026611328,0.19982945001231656,-0.03262748783165392
9.3828125,957.734375,26.139625549316406,0.052123649825944085,-0.03791367177986871
9.3984375,957.8282470703124,26.12696075439453,0.14314424122937908,-0.05018332243063739
9.4140625,957.7734985351562,26.146705627441406,0.08666922743896066,-0.030200648997951163
9.4296875,957.6148071289062,26.136268615722656,-0.07061549563115932,-0.04032017899235285
9.4453125,957.598876953125,26.134033203125,-0.08485532626764325,-0.042223126030712876
9.4609375,957.7301635742188,26.12584686279297,0.045524433598984615,-0.05001564240678391
9.4765625,957.903564453125,26.118385314941406,0.21464942749537386,-0.05702814970945269
9.4921875,957.6964721679688,26.112060546875,0.00740954190280263,-0.06285797310573571
9.5078125,957.6527709960938,26.11019897460937,-0.03558280907429889,-0.06421392392315184
9.5234375,957.7010498046876,26.11019897460937,0.012448030778955399,-0.06371225264250313
9.5390625,957.5789794921876,26.107208251953125,-0.10748122153120221,-0.06618185830422973
9.5546875,957.8192749023438,26.1053466796875,0.13022016150330273,-0.0675118412685265
9.5703125,957.7362060546876,26.110939025878903,0.046230389748643574,-0.061435749021832464
9.5859375,957.7337036132812,26.082992553710938,0.04287388685122551,-0.08868392258675328
9.6015625,957.647216796875,26.09678649902344,-0.04276111452463738,-0.07430489932679407
9.6171875,957.6848754882812,26.085235595703125,-0.0050027664168510455,-0.08518505418892985
9.6328125,957.7843627929688,26.074050903320312,0.09263913713255079,-0.09561685792665031
9.6484375,957.7757568359376,26.078903198242188,0.08239190705251076,-0.09005546485629878
9.6640625,957.75,26.07479858398437,0.055528917382162035,-0.09342445349603423
9.6796875,957.6917724609376,26.0833740234375,-0.0026459142255816914,-0.0841861311206955
9.6953125,957.6932373046876,26.078147888183597,-0.0011580026928186271,-0.0887137330435479
9.7109375,957.8468017578124,26.05915069580078,0.14942976194697621,-0.10686943382146907
9.7265625,957.8447265625,26.06063842773437,0.1444765477550618,-0.10455840734188016
9.7421875,957.8449096679688,26.042381286621094,0.14183426937177046,-0.12185605198285288
9.7578125,957.7275390625,26.05355834960937,0.02398585796743191,-0.10981430939305525
9.7734375,957.733642578125,26.042381286621094,0.029501690514507573,-0.12004612728460273
9.7890625,957.8117065429688,26.04834747314453,0.105464763652094,-0.11318869122396791
9.8046875,957.8031005859376,26.02040100097656,0.09496703305410392,-0.1400325449279407
9.8203125,957.6509399414062,26.028228759765625,-0.05607654875313983,-0.1311719362471635
9.8359375,957.5657348632812,26.032325744628903,-0.13852222010314108,-0.12608217832620028
9.8515625,957.8025512695312,26.013702392578125,0.09637437782362213,-0.1435750184209077
9.8671875,957.6821899414062,26.01407623291016,-0.023518455178304976,-0.14208241888505313
9.8828125,957.7313232421876,26.011085510253903,0.025114555649906833,-0.14393975762301991
9.8984375,957.7198486328124,26.0047607421875,0.013373541073974593,-0.14909058408247233
9.9140625,957.560302734375,25.996192932128903,-0.14331742850868068,-0.15642668793684322
9.9296875,957.6231079101562,25.999908447265625,-0.07893974779130986,-0.15151811676262028
9.9453125,957.6309204101562,25.98426055908203,-0.06973804373285475,-0.16586002053257332
9.9609375,957.7200317382812,25.981658935546875,0.01899489993138559,-0.16714553747345207
9.9765625,957.6044311523438,25.97234344482422,-0.09471885620132525,-0.17508242641332572
9.9921875,957.805908203125,25.97681427001953,0.10467307359203915,-0.16927869808349882
10.0078125,957.802734375,25.970481872558597,0.09951683832900926,-0.1742391338604925
10.0234375,957.8555297851562,25.96563720703125,0.14933739988202888,-0.17768470720512397
10.0390625,957.7180786132812,25.954833984375,0.01165407511621197,-0.18701536790933204
10.0546875,957.9004516601562,25.95743560791016,0.19023752976477226,-0.18297301199624982
10.0703125,957.7140502929688,25.9552001953125,0.0037612375269873155,-0.18376148377677026
10.0859375,957.6758422851562,25.94775390625,-0.03377398180339242,-0.18971396211396296
10.1015625,957.801513671875,25.94178771972656,0.09010253372559873,-0.1941513974761726
10.1171875,957.7609252929688,25.940673828125,0.04854708148297959,-0.19373977900681183
10.1328125,957.6742553710938,25.945518493652344,-0.03737825366556535,-0.18741937040541146
10.1484375,957.6821899414062,25.94178771972656,-0.028868611412576684,-0.1896567838286103
10.1640625,957.6184692382812,25.93024444580078,-0.09078092948800531,-0.1996281823031829
10.1796875,957.6160888671876,25.93657684326172,-0.09134174392966088,-0.19178566152316634
10.1953125,957.63818359375,25.926513671875,-0.06789453655926536,-0.20027188890277614
10.2109375,957.6303100585938,25.91831970214844,-0.0742882265648177,-0.20683721910879171
10.2265625,957.632568359375,25.924659729003903,-0.07062309129560163,-0.19893080793885076
10.2421875,957.6332397460938,25.926513671875,-0.06858546034686697,-0.1955372020594126
10.2578125,957.6303100585938,25.91757202148437,-0.0701183676154642,-0.20288136141527602
10.2734375,957.6282348632812,25.913482666015625,-0.0707835324020607,-0.20535375815836687
10.2890625,957.6240234375,25.906776428222656,-0.07353021290634842,-0.2104032772329667
10.3046875,957.6116943359376,25.89783477783203,-0.08418237473301815,-0.21763129537653114
10.3203125,957.619873046875,25.90863037109375,-0.07451921723713895,-0.20521979819204006
10.3359375,957.6119384765624,25.91124725341797,-0.08084336201170572,-0.2010200805876039
10.3515625,957.6121826171876,25.913482666015625,-0.07902501784371907,-0.19723166277127646
10.3671875,957.6333618164062,25.91049194335937,-0.0567160174800847,-0.19865814804137827
10.3828125,957.612060546875,25.91049194335937,-0.07649351187444609,-0.19710613125980458
10.3984375,957.6052856445312,25.91049194335937,-0.08164207800302847,-0.19556623960933806
10.4140625,957.612060546875,25.899688720703125,-0.07340492613468541,-0.20475720084163385
10.4296875,957.6102905273438,25.90415954589844,-0.07370668500834654,-0.19872163833658263
10.4453125,957.5972290039062,25.89373016357422,-0.08507351687467235,-0.20751702831189078
10.4609375,957.58935546875,25.89559936523437,-0.09113167992097715,-0.20404120300602102
10.4765625,957.6104736328124,25.89559936523437,-0.0686460643769351,-0.20244713110753665
10.4921875,957.6195678710938,25.898948669433597,-0.05838870449213118,-0.19754237513559048
10.5078125,957.5966186523438,25.90415954589844,-0.07974929192880609,-0.19082890883738202
10.5234375,957.62060546875,25.891128540039062,-0.05467336467245332,-0.2022672591131922
10.5390625,957.6087036132812,25.90155029296875,-0.06527492287284531,-0.19034671316644491
10.5546875,957.6098022460938,25.88665771484375,-0.06292284689504868,-0.20363585932823014
10.5703125,957.6002807617188,25.89037322998047,-0.07102940292497806,-0.19835846650251554
10.5859375,957.5957641601562,25.89410400390625,-0.07407049658729647,-0.19310716372847736
10.6015625,957.5961303710938,25.89410400390625,-0.07226474882065759,-0.19159851401184724
10.6171875,957.6195068359376,25.89037322998047,-0.04793343468031708,-0.1938032778756167
10.6328125,957.5933227539062,25.90118408203125,-0.07266990896346215,-0.1815627974980778
10.6484375,957.5901489257812,25.892990112304688,-0.07436241409845934,-0.18827429248069905
10.6640625,957.5966186523438,25.8974609375,-0.06656665848254306,-0.18236750269721824
10.6796875,957.6094970703124,25.89484405517578,-0.05263964206642413,-0.18353919451345746
10.6953125,957.5955810546876,25.891128540039062,-0.06525574250190402,-0.18579178223103554
10.7109375,957.5909423828124,25.892242431640625,-0.06852928909631828,-0.18323509460893206
10.7265625,957.60888671875,25.89559936523437,-0.04959696579237516,-0.1784728628822556
10.7421875,957.6055297851562,25.891128540039062,-0.0519196435387812,-0.18151444051445864
10.7578125,957.5946655273438,25.892990112304688,-0.0615576532779869,-0.17824933021563893
10.7734375,957.5911254882812,25.89037322998047,-0.06382625303695022,-0.1794531952543892
10.7890625,957.5889892578124,25.891128540039062,-0.0646741537498201,-0.17730180796770156
10.8046875,957.6019287109376,25.89820098876953,-0.0507242572530231,-0.16889944236819332
10.8203125,957.5916748046876,25.89037322998047,-0.059787183747062045,-0.17534651989821626
10.8359375,957.5877075195312,25.8974609375,-0.06250926443260596,-0.16694429040697756
10.8515625,957.5885620117188,25.89783477783203,-0.060450577474739475,-0.16526911843373426
10.8671875,957.5885620117188,25.89783477783203,-0.05926990213345107,-0.163977953445972
10.8828125,957.5916748046876,25.89410400390625,-0.05506029062621565,-0.1663985029391597
10.8984375,957.5944213867188,25.91049194335937,-0.05129195647407414,-0.1488386059588045
10.9140625,957.6028442382812,25.900070190429688,-0.042031817706288166,-0.15801613733467335
10.9296875,957.5950317382812,25.90863037109375,-0.048870795876041484,-0.14828833200912328
10.9453125,957.5897216796876,25.903785705566406,-0.05312263465577871,-0.15193664599321366
10.9609375,957.5947265625,25.90415954589844,-0.047177952002698476,-0.15037872124194962
10.9765625,957.5819091796876,25.91049194335937,-0.058823550931947466,-0.14292096187648085
10.9921875,957.593017578125,25.90081024169922,-0.046783215922346244,-0.15141045522775443
11.0078125,957.5888671875,25.90081024169922,-0.04993880954441465,-0.15022756104628598
11.0234375,957.587646484375,25.91272735595703,-0.050160303437564835,-0.13722989642293726
11.0390625,957.5889892578124,25.901931762695312,-0.0478640626173501,-0.14686904054649474
11.0546875,957.5792846679688,25.90415954589844,-0.05644426471758379,-0.14351124752037236
11.0703125,957.5862426757812,25.903785705566406,-0.04851972844994634,-0.14276098560355877
11.0859375,957.5737915039062,25.916831970214844,-0.05978006242798983,-0.1287013246976585
11.1015625,957.5962524414062,25.902305603027344,-0.036590235769267565,-0.14210872554230747
11.1171875,957.5816040039062,25.90415954589844,-0.05023791793200871,-0.1391590421815927
11.1328125,957.581298828125,25.900070190429688,-0.049555923914226696,-0.14212926954370175
11.1484375,957.5919189453124,25.91049194335937,-0.03817534175175297,-0.1306785516404716
11.1640625,957.6028442382812,25.91757202148437,-0.026717821267652653,-0.12263286044113286
11.1796875,957.5753784179688,25.920188903808597,-0.053125367330494555,-0.11907835328786831
11.1953125,957.5879516601562,25.90155029296875,-0.039760091448783896,-0.13664105034546736
11.2109375,957.575439453125,25.91757202148437,-0.05125135515038437,-0.11967698337804933
11.2265625,957.5895385742188,25.91608428955078,-0.03642660448520019,-0.12021811597326604
11.2421875,957.58203125,25.91571807861328,-0.04307584415892052,-0.11964226185677518
11.2578125,957.5732421875,25.91571807861328,-0.05085192020078466,-0.11870755668601873
11.2734375,957.5739135742188,25.906776428222656,-0.049200444937469,-0.12665194764635856
11.2890625,957.5809936523438,25.913482666015625,-0.04129770339818606,-0.11900863399516126
11.3046875,957.5736694335938,25.92279052734375,-0.047672275231207095,-0.10884373538057446
11.3203125,957.5827026367188,25.916831970214844,-0.037884402729105204,-0.1139053995992505
11.3359375,957.5753173828124,25.93024444580078,-0.04438548365430961,-0.09970782304445791
11.3515625,957.579833984375,25.91236114501953,-0.039090192988396666,-0.11667244317082037
11.3671875,957.5759887695312,25.917953491210938,-0.04209682564794548,-0.1102122837217614
11.3828125,957.5827026367188,25.92949676513672,-0.034691885053007354,-0.0978981581569478
11.3984375,957.5698852539062,25.92913055419922,-0.046581352477460314,-0.09749667871089684
11.4140625,957.5919189453124,25.936203002929688,-0.02406821456600028,-0.08971779068370722
11.4296875,957.5841674804688,25.92279052734375,-0.031198201296206207,-0.1023245610644139
11.4453125,957.5827026367188,25.92949676513672,-0.03202509494769856,-0.09487130512088626
11.4609375,957.5668334960938,25.92279052734375,-0.04695880128417684,-0.10078396835984194
11.4765625,957.566162109375,25.923904418945312,-0.046699910893494234,-0.09889140428360577
11.4921875,957.577880859375,25.93360137939453,-0.03429793509474166,-0.08849761224193031
11.5078125,957.5850830078124,25.91236114501953,-0.02656657207421631,-0.10888051969023493
11.5234375,957.5747680664062,25.92949676513672,-0.03616117142018993,-0.09102814254513447
11.5390625,957.5753784179688,25.926513671875,-0.03485646790738883,-0.09327677302711379
11.5546875,957.5665283203124,25.91869354248047,-0.042852921705048175,-0.1003070828714776
11.5703125,957.5828857421876,25.917953491210938,-0.025978009598816243,-0.10025770340553208
11.5859375,957.5656127929688,25.936203002929688,-0.04240621352823837,-0.0813675026892291
11.6015625,957.5552978515624,25.932846069335938,-0.05169144487729227,-0.08406252662451763
11.6171875,957.5849609375,25.938438415527344,-0.021598117554162855,-0.07785713214847689
11.6328125,957.5739135742188,25.94178771972656,-0.03200787378784753,-0.07392573554340842
11.6484375,957.5711669921876,25.936203002929688,-0.03407565785380484,-0.07888927693137049
11.6640625,957.5804443359376,25.94104766845703,-0.02431397203145025,-0.07346613787743195
11.6796875,957.5767211914062,25.934341430664062,-0.027489516629998434,-0.07954602898547591
11.6953125,957.5704345703124,25.938072204589844,-0.03311644753398468,-0.07522294837954036
11.7109375,957.57568359375,25.94775390625,-0.027323138469455444,-0.0650292057293882
11.7265625,957.5927124023438,25.94664001464844,-0.010093268745322348,-0.06562635438304909
11.7421875,957.5760498046876,25.952224731445312,-0.0262332908857843,-0.05957256229253716
11.7578125,957.5767211914062,25.94365692138672,-0.025062648226366946,-0.06760802569213809
11.7734375,957.5714721679688,25.95185089111328,-0.029719646826720236,-0.058949883653344415
11.7890625,957.5704345703124,25.939186096191406,-0.030156517051750598,-0.07105518889884976
11.8046875,957.56787109375,25.94701385498047,-0.03208093123885192,-0.0627334658120553
11.8203125,957.5687866210938,25.94775390625,-0.030556704600257945,-0.061509090991410886
11.8359375,957.560302734375,25.95148468017578,-0.03827807976983877,-0.05732692396355432
11.8515625,957.5765991210938,25.949249267578125,-0.021552363108639838,-0.05909700580682653
11.8671875,957.5762939453124,25.94849395751953,-0.021430633833574575,-0.05938471964772063
11.8828125,957.5712890625,25.939926147460938,-0.02591919796145703,-0.067421650567983
11.8984375,957.5679321289062,25.95185089111328,-0.028704332110805808,-0.05506333733035973
11.9140625,957.5692138671876,25.954833984375,-0.026886996293683296,-0.05167336716185389
11.9296875,957.569580078125,25.96005249023437,-0.02600280126728194,-0.04609193269855538
11.9453125,957.5714111328124,25.96005249023437,-0.02369964215449727,-0.045731839474349556
11.9609375,957.5695190429688,25.95893096923828,-0.025091893482567684,-0.04648731859176536
11.9765625,957.5577392578124,25.95893096923828,-0.03615152866552762,-0.04612413641526558
11.9921875,957.5724487304688,25.954833984375,-0.021023265852704753,-0.049828768768559684
12.0078125,957.576904296875,25.954833984375,-0.01624411156660699,-0.04943948151255384
12.0234375,957.576904296875,25.967498779296875,-0.015926843762599674,-0.036487384351687524
12.0390625,957.5795288085938,25.974952697753903,-0.013042520871067609,-0.028806641942356492
12.0546875,957.566162109375,25.967498779296875,-0.02589341500993214,-0.03597727477126256
12.0703125,957.5783081054688,25.971221923828125,-0.013478914640472794,-0.03200214484751385
12.0859375,957.5628051757812,25.96526336669922,-0.028415792680902996,-0.03766413399223012
12.1015625,957.5719604492188,25.97681427001953,-0.018884337226950265,-0.025909221057293763
12.1171875,957.5792846679688,25.970481872558597,-0.011334334912930899,-0.031989730873554834
12.1328125,957.5626831054688,25.970481872558597,-0.027390274416575267,-0.031739811101104465
12.1484375,957.5589599609376,25.97681427001953,-0.03050573498387621,-0.025208918221107268
12.1640625,957.5731811523438,25.970481872558597,-0.015966486085972065,-0.03129489915327355
12.1796875,957.5743408203124,25.974952697753903,-0.014517622450966883,-0.026614510880172304
12.1953125,957.5514526367188,25.970481872558597,-0.03667522389525857,-0.030842481887386697
12.2109375,957.5786743164062,25.982406616210938,-0.009268904672467215,-0.01876994340508631
12.2265625,957.5798950195312,25.97681427001953,-0.007891010110938623,-0.0241719592090206
12.2421875,957.5712890625,25.97681427001953,-0.016174760752733164,-0.023983115777699737
12.2578125,957.5719604492188,25.970481872558597,-0.015200573759898361,-0.03007867329145597
12.2734375,957.56396484375,25.995819091796875,-0.02274312885310792,-0.004704411443388068
12.2890625,957.5684204101562,25.98910522460937,-0.017930383492853252,-0.011329073329086725
12.3046875,957.5646362304688,25.992088317871094,-0.021290450618266732,-0.00828077709808639
12.3203125,957.5612182617188,25.98910522460937,-0.02422583305246917,-0.01117587137262177
12.3359375,957.5609741210938,26.002517700195312,-0.023992044504097976,0.002219130742901143
12.3515625,957.5623779296876,25.999168395996094,-0.022147059427652493,-0.0011213439761910138
12.3671875,957.5762329101562,25.992088317871094,-0.008130124291824359,-0.008137348491025875
12.3828125,957.5612182617188,25.99283599853516,-0.022692726386935647,-0.007331936047062726
12.3984375,957.5545654296876,25.990966796875,-0.02877240298016659,-0.009129253818883853
12.4140625,957.55810546875,25.99730682373047,-0.02473954431002312,-0.0027674361277618686
12.4296875,957.5618286132812,25.98910522460937,-0.020605923220614386,-0.010883339660978208
12.4453125,957.56591796875,25.9835205078125,-0.016193978538012743,-0.016339399766771123
12.4609375,957.5603637695312,25.99767303466797,-0.021323408659895904,-0.002169787966682435
12.4765625,957.5502319335938,25.992088317871094,-0.03084088435139165,-0.0076939226950933914
12.4921875,957.5612182617188,25.99507141113281,-0.019466771925067405,-0.004674026078429705
12.5078125,957.5616455078124,26.0047607421875,-0.018667660092546612,0.004976122906136027
12.5234375,957.5823974609376,26.00140380859375,0.0020435841844346214,0.0016065393958832885
12.5390625,957.5673217773438,26.00102996826172,-0.012777566217891945,0.0012230686024139459
12.5546875,957.562255859375,25.998046875,-0.017494978636136693,-0.0017462744666545404
12.5703125,957.5669555664062,25.995819091796875,-0.012545363956405708,-0.0039430103442335
12.5859375,957.5549926757812,26.00140380859375,-0.024029577734154373,0.001628880620980766
12.6015625,957.5623168945312,26.011459350585938,-0.016379082441517312,0.011593138061503083
12.6171875,957.567138671875,25.998046875,-0.011331576482575656,-0.001805123950024523
12.6328125,957.565673828125,26.00848388671875,-0.012546490149929923,0.008564451145531393
12.6484375,957.5630493164062,26.006248474121094,-0.014874693238425607,0.006279592934220091
12.6640625,957.5634155273438,26.01407623291016,-0.014225113505972331,0.01399713803794711
12.6796875,957.5747680664062,25.98910522460937,-0.002816469473827965,-0.010888136901414214
12.6953125,957.5646362304688,26.00848388671875,-0.012695408821286946,0.0084241929797777
12.7109375,957.5680541992188,26.0047607421875,-0.009096240069879968,0.004664321507522828
12.7265625,957.5615234375,26.00066375732422,-0.015321786909908042,0.0005629043267099121
12.7421875,957.5555419921876,26.011085510253903,-0.02088715346792469,0.01089883962157856
12.7578125,957.5516967773438,26.017791748046875,-0.024249314243206754,0.017467537747251072
12.7734375,957.5690307617188,26.00848388671875,-0.006780264831718341,0.008095928947103204
12.7890625,957.5667724609376,26.011085510253903,-0.008862031128273884,0.010613977853488166
12.8046875,957.5578002929688,26.003639221191406,-0.0174858748960105,0.0031429412223111797
12.8203125,957.5509033203124,26.0047607421875,-0.023906620061097783,0.004231146107322559
12.8359375,957.567626953125,26.00848388671875,-0.0070426945287636045,0.007892147742957434
12.8515625,957.5692138671876,25.99730682373047,-0.0053492222539262,-0.0032592518449696684
12.8671875,957.6380004882812,26.00848388671875,0.06219838714366688,0.00785595324375521
12.8828125,957.6256713867188,26.00923156738281,0.048895276097141505,0.008536418017907721
12.8984375,957.6817016601562,26.006614685058597,0.10287622239525263,0.005873289321087327
12.9140625,957.6427001953124,26.017791748046875,0.06262720369295494,0.01691714643194686
12.9296875,957.85498046875,26.023757934570312,0.26953819046786975,0.022704556916671947
12.9453125,957.8084106445312,26.0047607421875,0.21861351534585083,0.003678400748437838
12.9609375,957.703857421875,26.01407623291016,0.11183255259800262,0.012892376693979912
12.9765625,957.6724243164062,26.0267333984375,0.07882914542756225,0.025349936422717434
12.9921875,957.6688842773438,26.011085510253903,0.07381861600640605,0.009626250987253115
13.0078125,957.5994873046876,26.011085510253903,0.004335283128625633,0.009551045901414312
13.0234375,957.7776489257812,26.01817321777344,0.17893251156169754,0.016508763159851725
13.0390625,957.7999267578124,26.006614685058597,0.19728045406952788,0.004911556769656045
13.0546875,957.6543579101562,26.021522521972656,0.050701614100603365,0.019664554670562495
13.0703125,957.7149047851562,26.014442443847656,0.10907566704781857,0.012486160322549011
13.0859375,957.7828979492188,26.005874633789062,0.17361045550273957,0.003887738152517528
13.1015625,957.8477172851562,26.006614685058597,0.2337729595761857,0.004591634817192158
13.1171875,957.8489379882812,26.00550079345703,0.2304039427265252,0.0034505733467540267
13.1328125,957.8973388671876,26.00550079345703,0.27335941496039595,0.0034236157424842872
13.1484375,957.7401123046876,26.00102996826172,0.11386463268581792,-0.001039028128978714
13.1640625,958.0822143554688,26.000289916992188,0.44706108418051826,-0.0017651803407083833
13.1796875,957.7274169921876,25.995437622070312,0.0904616951005437,-0.006565776237096088
13.1953125,957.6290893554688,25.995437622070312,-0.007712309946100504,-0.006514481110244219
13.2109375,957.6290893554688,26.00102996826172,-0.007561678892443524,-0.0009149307397855466
13.2265625,957.6297607421876,25.99469757080078,-0.006755716154543734,-0.007190708449154926
13.2421875,957.7180786132812,25.974952697753903,0.07996914410045974,-0.026725147265594273
13.2578125,957.7540893554688,25.971221923828125,0.1137146541339007,-0.030217984307064683
13.2734375,957.6370849609376,25.97867584228516,-0.0032254876550723566,-0.022586221585576993
13.2890625,957.6414794921876,25.974952697753903,0.00114621071224974,-0.026103824194045444
13.3046875,957.5974731445312,25.96005249023437,-0.04202302489443355,-0.040683687715812766
13.3203125,957.665283203125,25.970481872558597,0.025283380697374014,-0.030017943630713972
13.3359375,957.7020263671876,25.963401794433597,0.06081508880765796,-0.03680819346074671
13.3515625,957.734375,25.95185089111328,0.09134411768218342,-0.047981291337460874
13.3671875,957.5906982421876,25.955581665039062,-0.05131051825264876,-0.043904810244402626
13.3828125,957.6488037109376,25.94775390625,0.006662236620400108,-0.05132840833789132
13.3984375,957.6198120117188,25.950363159179688,-0.02189334028207668,-0.048338537006578974
13.4140625,957.7484130859376,25.939186096191406,0.10462359850828307,-0.05905063436989977
13.4296875,957.495361328125,25.94439697265625,-0.14552917181788416,-0.05341913479642102
13.4453125,957.912841796875,25.94775390625,0.2666397481639251,-0.04967109025577443
13.4609375,957.416015625,25.935455322265625,-0.22569059512295553,-0.06148553616014851
13.4765625,957.4778442382812,25.92987060546875,-0.1606615525088273,-0.06654626660579765
13.4921875,957.4379272460938,25.93360137939453,-0.19666099499522716,-0.06232474664345489
13.5078125,957.3978881835938,25.923904418945312,-0.2320770094972886,-0.07145903750601335
13.5234375,957.5834350585938,25.91422271728516,-0.045621342807862675,-0.08050682714143065
13.5390625,957.5382080078124,25.91534423828125,-0.08907401090198164,-0.07876510844107898
13.5546875,957.3282470703124,25.903785705566406,-0.29319442206599433,-0.08961798770939211
13.5703125,957.4259033203124,25.89037322998047,-0.19171906714279885,-0.10222553780083388
13.5859375,957.5711669921876,25.89783477783203,-0.04554806332873795,-0.09402364627779392
13.6015625,957.4080810546876,25.89484405517578,-0.20455911800002013,-0.0962564441767455
13.6171875,957.6041870117188,25.876220703125,-0.008288060168752054,-0.11398229781950064
13.6328125,957.6482543945312,25.89037322998047,0.03508050774837557,-0.09904985087837659
13.6484375,957.4747924804688,25.884048461914062,-0.13567864447202282,-0.10455137973427497
13.6640625,957.4877319335938,25.86951446533203,-0.12034194151601696,-0.11815502181383408
13.6796875,957.4571533203124,25.873985290527344,-0.14797288771148942,-0.11279603883243894
13.6953125,957.4970092773438,25.878456115722656,-0.10600527187773423,-0.10747892290558525
13.7109375,957.5121459960938,25.86504364013672,-0.08909377669942842,-0.11994693444080795
13.7265625,957.7422485351562,25.86243438720703,0.1382546849731625,-0.1215987171566617
13.7421875,957.4577026367188,25.84976959228516,-0.14343396320134616,-0.13321457839041884
13.7578125,957.4938354492188,25.84976959228516,-0.10520542510175801,-0.132173839496744
13.7734375,957.4201049804688,25.84268951416016,-0.17544105217496053,-0.1381659963903239
13.7890625,957.3947143554688,25.84268951416016,-0.196909183480102,-0.1370865745435239
13.8046875,957.5236206054688,25.843429565429688,-0.06667475118558741,-0.13528131606091875
13.8203125,957.6011352539062,25.83412170410156,0.01062818050866099,-0.14345957444069413
13.8359375,957.4423828125,25.838592529296875,-0.14523120892692987,-0.1379028996418974
13.8515625,957.635498046875,25.830772399902344,0.046948790576038846,-0.14458456787208007
13.8671875,957.5322265625,25.830772399902344,-0.0552226411856509,-0.14345500093557817
13.8828125,957.7907104492188,25.830772399902344,0.19929129933132117,-0.14233425874076744
13.8984375,957.775390625,25.812889099121094,0.1803782822393032,-0.15896585983825062
13.9140625,957.634033203125,25.807662963867188,0.038258734185319554,-0.16290924513049987
13.9296875,957.800537109375,25.812889099121094,0.20076337011437317,-0.15645121058068412
13.9453125,957.7433471679688,25.799842834472656,0.14076926017867208,-0.16817327620389477
13.9609375,957.7567138671876,25.8046875,0.15112549144055265,-0.16205260590563952
13.9765625,957.644287109375,25.799842834472656,0.03794289898678471,-0.16559338649991417
13.9921875,957.6572265625,25.796119689941406,0.0498885561720499,-0.16799374563248293
14.0078125,957.6365356445312,25.778976440429688,0.028627371832158133,-0.18369061236963802
14.0234375,957.6290893554688,25.79425048828125,0.02076738974676573,-0.16710081010777955
14.0390625,957.630859375,25.78680419921875,0.02209722550310289,-0.17318344995801027
14.0546875,957.6213989257812,25.77972412109375,0.012389964247518037,-0.17885521926986314
14.0703125,957.6243286132812,25.778976440429688,0.015020439799286578,-0.17819975227819285
14.0859375,957.624267578125,25.78270721435547,0.014667228771145346,-0.17310593945903463
14.1015625,957.6068725585938,25.767807006835938,-0.002674513596844008,-0.1865373489552944
14.1171875,957.6175537109376,25.76109313964844,0.007850259083966193,-0.19174144101667423
14.1328125,957.6260986328124,25.77265167236328,0.016074962580660213,-0.17877522933072498
14.1484375,957.6137084960938,25.77115631103516,0.0036128566068782675,-0.17886222666932383
14.1640625,957.6135864257812,25.771896362304688,0.003422606874551093,-0.17673059590448403
14.1796875,957.6266479492188,25.770782470703125,0.016162174641863203,-0.17645507744740385
14.1953125,957.6240234375,25.748062133789062,0.013273255444119059,-0.19761935643676765
14.2109375,957.6061401367188,25.76482391357422,-0.004520005389167636,-0.17944462683401952
14.2265625,957.6227416992188,25.76109313964844,0.011845589198514972,-0.18174434294136077
14.2421875,957.6130981445312,25.74359130859375,0.0021590260245147874,-0.19768956326170795
14.2578125,957.603271484375,25.76482391357422,-0.007517875652638395,-0.17507838829466849
14.2734375,957.6024780273438,25.76966094970703,-0.008149001967353797,-0.16891134159808985
14.2890625,957.6078491210938,25.74395751953125,-0.002723652197460069,-0.19309434386938662
14.3046875,957.6094970703124,25.75476837158203,-0.0010546931549697547,-0.1808594020387737
14.3203125,957.5982666015624,25.756622314453125,-0.012045217336549285,-0.1776069790179342
14.3359375,957.6065673828124,25.749176025390625,-0.0036713025692733936,-0.183607539423555
14.3515625,957.6100463867188,25.75141143798828,-0.0001885428296191094,-0.1799551570850717
14.3671875,957.6010131835938,25.755882263183597,-0.009041633728998022,-0.17411336054686544
14.3828125,957.6119384765624,25.746192932128903,0.0018468690201416393,-0.18236673307342244
14.3984375,957.6157836914062,25.74395751953125,0.005580910351000057,-0.1831599414080216
14.4140625,957.5923461914062,25.7406005859375,-0.017507828132465875,-0.1850597119158195
14.4296875,957.6220092773438,25.74283599853516,0.01191785042601623,-0.18139598447973526
14.4453125,957.60498046875,25.74359130859375,-0.005011134766050418,-0.17922941915222879
14.4609375,957.5941162109376,25.75066375732422,-0.0155653263171871,-0.17081199409033943
14.4765625,957.6107788085938,25.7476806640625,0.0010758402580677284,-0.17243731323211975
14.4921875,957.6007080078124,25.73986053466797,-0.008819277700581551,-0.17884918135613148
14.5078125,957.6145629882812,25.740234375,0.004937349198598895,-0.17708100242234792
14.5234375,957.5997924804688,25.745826721191406,-0.00964110473466917,-0.17014890110413816
14.5390625,957.597412109375,25.735015869140625,-0.011786681378680441,-0.17954600508339524
14.5546875,957.5932006835938,25.749176025390625,-0.015685644129462162,-0.1640937718893838
14.5703125,957.5977172851562,25.7476806640625,-0.010950897204338617,-0.164295468114247
14.5859375,957.6007080078124,25.730918884277344,-0.007804702389080376,-0.17964273815018927
14.6015625,957.5914916992188,25.75476837158203,-0.01668856936191787,-0.15457611607327237
14.6171875,957.5952758789062,25.74730682373047,-0.012652350813596058,-0.1607717446754222
14.6328125,957.6007080078124,25.75066375732422,-0.007079201948386071,-0.15618500787009637
14.6484375,957.6021728515624,25.73352813720703,-0.0055047027648242874,-0.1719665605811329
14.6640625,957.593017578125,25.742095947265625,-0.014373648542004958,-0.16212219778408254
14.6796875,957.6000366210938,25.75401306152344,-0.007210960933207389,-0.14903160631121892
14.6953125,957.6044311523438,25.75103759765625,-0.0027614212909838898,-0.1508195149426399
14.7109375,957.5936279296876,25.75177764892578,-0.01329970949507242,-0.14890696786316227
14.7265625,957.583251953125,25.7476806640625,-0.023213270314386136,-0.15180860934576756
14.7421875,957.6036376953124,25.7476806640625,-0.002772302968310214,-0.150622604585255
14.7578125,957.6007080078124,25.73986053466797,-0.005590623467014666,-0.15720490012056842
14.7734375,957.6028442382812,25.75029754638672,-0.003386924384926715,-0.14562126427367872
14.7890625,957.58984375,25.75401306152344,-0.016067346012505368,-0.14079711047182286
14.8046875,957.5743408203124,25.749923706054688,-0.030953668752886188,-0.1437545404254159
14.8203125,957.5867919921876,25.75177764892578,-0.018141119985557452,-0.14079199913592788
14.8359375,957.5900268554688,25.74545288085937,-0.014615118878168687,-0.1459674174585679
14.8515625,957.5942993164062,25.74359130859375,-0.010140652902805414,-0.14667407574197
14.8671875,957.5774536132812,25.75141143798828,-0.02645927876164933,-0.13776914989160005
14.8828125,957.5868530273438,25.75848388671875,-0.016726664216776044,-0.12967563318331088
14.8984375,957.5747680664062,25.75177764892578,-0.028248898100514452,-0.13531638760927578
14.9140625,957.5802001953124,25.74359130859375,-0.022371129171006032,-0.14238161287926587
14.9296875,957.5859985351562,25.765945434570312,-0.016249102035544638,-0.11908977216127425
14.9453125,957.5885009765624,25.75141143798828,-0.013478171164024388,-0.13257983304999854
14.9609375,957.5868530273438,25.75550842285156,-0.014830688343977272,-0.12747907593526264
14.9765625,957.5731811523438,25.74842834472656,-0.027945872653617698,-0.13350791066916656
14.9921875,957.5817260742188,25.76742553710937,-0.01902202595874769,-0.1136161032997407
15.0078125,957.5824584960938,25.75476837158203,-0.017932385253971006,-0.12528675891437047
15.0234375,957.570068359375,25.767807006835938,-0.02973028521546439,-0.1113711851943684
15.0390625,957.595458984375,25.75177764892578,-0.004254901226886432,-0.12640522636151985
15.0546875,957.594970703125,25.778976440429688,-0.004650542194099216,-0.09843138458528955
15.0703125,957.581298828125,25.77265167236328,-0.017964557483310273,-0.10393774520910526
15.0859375,957.5923461914062,25.770782470703125,-0.006782092752814606,-0.10498033009684704
15.1015625,957.5828857421876,25.76966094970703,-0.015925304823554143,-0.10527293038127894
15.1171875,957.6060791015624,25.76407623291016,0.007126100360778764,-0.10999157180956942
15.1328125,957.5772705078124,25.76482391357422,-0.02125900719022411,-0.10839042324593606
15.1484375,957.5797729492188,25.778976440429688,-0.01839022660840328,-0.09350166282491656
15.1640625,957.5966186523438,25.777862548828125,-0.0015143570091140646,-0.09387637040752139
15.1796875,957.5756225585938,25.770782470703125,-0.02207079351774155,-0.1001677262783609
15.1953125,957.5804443359376,25.7763671875,-0.01691212132675446,-0.09384407971991138
15.2109375,957.582763671875,25.78680419921875,-0.014307770049754254,-0.08275545028240217
15.2265625,957.5765991210938,25.78941345214844,-0.020072470814739063,-0.07952005518589189
15.2421875,957.5628051757812,25.770782470703125,-0.03320496268725037,-0.09738423165752508
15.2578125,957.5748901367188,25.777122497558597,-0.02070750171560576,-0.09033292195203657
15.2734375,957.5755004882812,25.781593322753903,-0.019704627689179688,-0.08519129912581747
15.2890625,957.5747680664062,25.780838012695312,-0.020037888439901508,-0.08527515130015573
15.3046875,957.5680541992188,25.7760009765625,-0.026229260400327803,-0.0894081859686473
15.3203125,957.575439453125,25.77972412109375,-0.01847595949220704,-0.08501562705116683
15.3359375,957.5537109375,25.76631164550781,-0.03941923146260251,-0.09765913308525498
15.3515625,957.5731201171876,25.7763671875,-0.01961923045121239,-0.08691918803764764
15.3671875,957.5723876953124,25.78941345214844,-0.019954159116991832,-0.07329579117523011
15.3828125,957.57568359375,25.791648864746094,-0.01633290402548937,-0.07050521936994159
15.3984375,957.5635986328124,25.778976440429688,-0.027862828537990936,-0.0825278183450493
15.4140625,957.5584716796876,25.79574584960937,-0.03234544998963429,-0.06524467159376002
15.4296875,957.5689697265624,25.791648864746094,-0.021420696022801167,-0.06879992476596541
15.4453125,957.5673217773438,25.770782470703125,-0.022618085764065654,-0.0889658006932379
15.4609375,957.572998046875,25.79798126220703,-0.016610921384540234,-0.061284454430040824
15.4765625,957.5692749023438,25.798355102539062,-0.019936916190886222,-0.06043474992537057
15.4921875,957.5655517578124,25.80095672607422,-0.02319795016126136,-0.057381305090292045
15.5078125,957.569580078125,25.79798126220703,-0.01879522301567249,-0.05988523170000093
15.5234375,957.5704345703124,25.807296752929688,-0.017590325929290884,-0.05017466487596067
15.5390625,957.5775756835938,25.792388916015625,-0.010245126463360066,-0.06457404474478778
15.5546875,957.5648803710938,25.791648864746094,-0.022492383514872927,-0.06480382963920661
15.5703125,957.564208984375,25.802078247070312,-0.022711352846272348,-0.0539496469453411
15.5859375,957.5751953125,25.799842834472656,-0.01149602033217434,-0.05574611376531635
15.6015625,957.5681762695312,25.799842834472656,-0.018153440970877455,-0.05531059725152332
15.6171875,957.5645141601562,25.80095672607422,-0.021389465378206296,-0.053773293887068974
15.6328125,957.5781860351562,25.8121337890625,-0.007566856191147053,-0.042263447844892
15.6484375,957.5848999023438,25.8121337890625,-0.0008363290621673514,-0.04193326465860281
15.6640625,957.5626831054688,25.814002990722656,-0.02260286957118751,-0.039751062506272916
15.6796875,957.564208984375,25.802078247070312,-0.02066533069103116,-0.05127208892300317
15.6953125,957.5616455078124,25.80095672607422,-0.022775119611992523,-0.051984284841605444
15.7109375,957.5615234375,25.799102783203125,-0.022449979183647883,-0.05341761655869348
15.7265625,957.5656127929688,25.80095672607422,-0.01800201778291921,-0.05116083248691439
15.7421875,957.5615234375,25.800216674804688,-0.021659901117800473,-0.05149540810209885
15.7578125,957.5695190429688,25.814002990722656,-0.013397414874702918,-0.03741448990144036
15.7734375,957.5629272460938,25.809898376464844,-0.01959879745766102,-0.04119473615800828
15.7890625,957.5618286132812,25.80095672607422,-0.020293183585181396,-0.049744696028721336
15.8046875,957.5646362304688,25.806182861328125,-0.017144051428999774,-0.04417075951876015
15.8203125,957.565185546875,25.814002990722656,-0.016270619104375328,-0.03606664082638389
15.8359375,957.5659790039062,25.80878448486328,-0.015174873751334417,-0.0409626064772759
15.8515625,957.561767578125,25.81586456298828,-0.0190076608698746,-0.03361782109952216
15.8671875,957.5717163085938,25.797607421875,-0.008881998166771155,-0.0514696890705153
15.8828125,957.5704345703124,25.809898376464844,-0.009965225970631764,-0.03887265061754164
15.8984375,957.5477294921876,25.8121337890625,-0.03203221221849617,-0.036351009597854755
15.9140625,957.5670776367188,25.80282592773437,-0.012436331990329563,-0.045302160996875784
15.9296875,957.55810546875,25.81698608398437,-0.020990365194279548,-0.03089870783479043
15.9453125,957.5491943359376,25.810272216796875,-0.02931748437367787,-0.03731872677992598
15.9609375,957.577880859375,25.807662963867188,-0.000618637480556572,-0.03961604236813088
15.9765625,957.5647583007812,25.81996154785156,-0.013472813338466949,-0.027104040740137947
15.9921875,957.5648193359376,25.834487915039062,-0.013149829389476508,-0.012479410478004382
16.0078125,957.5645751953124,25.81996154785156,-0.01313236903786219,-0.026794795027495155
16.0234375,957.5629272460938,25.807662963867188,-0.014491640165601893,-0.038787961988337116
16.0390625,957.5537109375,25.820709228515625,-0.02324490288515335,-0.025540590329431012
16.0546875,957.5630493164062,25.814743041992188,-0.013634912182396874,-0.03126063015870528
16.0703125,957.566162109375,25.821456909179688,-0.010316609072788196,-0.024354991385493463
16.0859375,957.5545654296876,25.824806213378903,-0.021485294839067137,-0.02084158025513716
16.1015625,957.5481567382812,25.824806213378903,-0.02734918182659385,-0.020678755409395677
16.1171875,957.55615234375,25.82554626464844,-0.01897557681957096,-0.019782933013765103
16.1328125,957.5556640625,25.81847381591797,-0.01908370459159414,-0.026645574074361633
16.1484375,957.557861328125,25.81660461425781,-0.0165566257055616,-0.02829200404909571
16.1640625,957.5552978515624,25.81996154785156,-0.018746662770695366,-0.024740265217413793
16.1796875,957.5635986328124,25.82183074951172,-0.010241860397286473,-0.022692383373211555
16.1953125,957.546630859375,25.824806213378903,-0.026678195673866867,-0.019562881072385352
16.2109375,957.5556030273438,25.838592529296875,-0.017360206851549265,-0.005731435739143365
16.2265625,957.56005859375,25.81660461425781,-0.01265259668662111,-0.02750279335025496
16.2421875,957.5546875,25.831138610839844,-0.01767166523279684,-0.012867478043467884
16.2578125,957.5636596679688,25.843429565429688,-0.008529585208066237,-0.0005720193641423066
16.2734375,957.5575561523438,25.8333740234375,-0.014347298082384441,-0.010544533533234812
16.2890625,957.5650024414062,25.82183074951172,-0.006766223687463935,-0.021915246463240834
16.3046875,957.5428466796876,25.8333740234375,-0.028357102878658225,-0.010290941502010043
16.3203125,957.5533447265624,25.83709716796875,-0.01751024631630571,-0.006516486056927562
16.3359375,957.5648193359376,25.824806213378903,-0.005917753407061355,-0.01866050751672077
16.3515625,957.5556030273438,25.83412170410156,-0.014838474852467698,-0.009272008850359725
16.3671875,957.5491943359376,25.827415466308597,-0.020832182542562805,-0.015853416591419034
16.3828125,957.5435180664062,25.83262634277344,-0.02599070886935806,-0.010559395281838135
16.3984375,957.5502319335938,25.835983276367188,-0.018900340867730847,-0.007146192456154665
16.4140625,957.557373046875,25.834487915039062,-0.011529555172728578,-0.008574041645339037
16.4296875,957.556640625,25.83784484863281,-0.01202248530853467,-0.005176349394940161
16.4453125,957.5570068359376,25.83971405029297,-0.011428612762074408,-0.003281310643103552
16.4609375,957.5651245117188,25.838592529296875,-0.003246270243039362,-0.004368434517015629
16.4765625,957.5680541992188,25.838592529296875,-0.000310399486352253,-0.004334306122352416
16.4921875,957.5484008789062,25.835243225097656,-0.01957380339649717,-0.0076235821159329475
16.5078125,957.5732421875,25.83971405029297,0.005164624236385862,-0.0031281260071764905
16.5234375,957.5645751953124,25.834869384765625,-0.003433962327221707,-0.007910504100657079
16.5390625,957.5596923828124,25.831138610839844,-0.00815433781883712,-0.0115503305418585
16.5546875,957.5592651367188,25.842315673828125,-0.008413974851691819,-0.0003703514008144282
16.5703125,957.5659790039062,25.83784484863281,-0.0016669024363409335,-0.004803354903973656
16.5859375,957.5538940429688,25.84418487548828,-0.01348327229231927,0.0015246667018757876
16.6015625,957.5520629882812,25.845298767089844,-0.015015219030942717,0.0026179445666940637
16.6171875,957.5662841796876,25.83560943603516,-0.0007785192725577872,-0.007016141281052768
16.6328125,957.5327758789062,25.84268951416016,-0.0336171555996998,6.34373373529229e-05
16.6484375,957.5659790039062,25.84976959228516,-0.00040594406459604215,0.007087706747803679
16.6640625,957.5509033203124,25.84603881835937,-0.015179252118286968,0.003330706784343107
16.6796875,957.5504760742188,25.84268951416016,-0.015301683793722987,-1.845212256412765e-05
16.6953125,957.5501098632812,25.847900390625,-0.015361881162220925,0.005151858527103315
16.7109375,957.55810546875,25.850135803222656,-0.007222403121318166,0.0073295580690988515
16.7265625,957.5509033203124,25.852752685546875,-0.014142822036319558,0.009868733827744336
16.7421875,957.5609741210938,25.84716033935547,-0.003992489589791148,0.004242978357929417
16.7578125,957.557373046875,25.8687744140625,-0.007445252015372716,0.025655044837890273
16.7734375,957.5687866210938,25.850135803222656,0.0038908159103812068,0.006961618107435896
16.7890625,957.5576171875,25.859451293945312,-0.007136457181786682,0.01614994391735536
16.8046875,957.5586547851562,25.857223510742188,-0.005979741175451636,0.013813393833650878
16.8203125,957.5762329101562,25.859451293945312,0.011371852890420087,0.01591585534117712
16.8359375,957.5469360351562,25.850135803222656,-0.017574924021459992,0.006548799269939565
16.8515625,957.5667724609376,25.85759735107422,0.0022173318036493583,0.013900891284613692
16.8671875,957.5591430664062,25.85536193847656,-0.005306358377538345,0.011574342134711202
16.8828125,957.5765991210938,25.85536193847656,0.011912397553942355,0.011483917586783576
16.8984375,957.614013671875,25.8687744140625,0.048363531375571256,0.024701890101063384
16.9140625,957.6400756835938,25.85796356201172,0.07297191920577006,0.01378251431551547
16.9296875,957.546875,25.87212371826172,-0.019833671333572056,0.02772436845172166
16.9453125,957.5618286132812,25.862808227539062,-0.004784744418543596,0.018265058371806475
16.9609375,957.644287109375,25.86206817626953,0.07615668621281202,0.01738809298428734
16.9765625,957.5595703125,25.869140625,-0.00839292100079092,0.024269443732610085
16.9921875,957.5842895507812,25.85833740234375,0.016007443896114637,0.01336101622420216
17.0078125,957.8832397460938,25.85833740234375,0.3088061228178276,0.01325663328494997
17.0234375,957.5892944335938,25.864669799804688,0.014570560116339948,0.019435991443184975
17.0390625,957.643310546875,25.864303588867188,0.06724708993283457,0.018920797845485282
17.0546875,957.6758422851562,25.870635986328125,0.09783002297547227,0.025055904718090716
17.0703125,957.6212768554688,25.85498046875,0.04241958170030102,0.00932694661543465
17.0859375,957.7755126953124,25.870635986328125,0.19281449534196327,0.02478728869204616
17.1015625,957.762451171875,25.856101989746094,0.1762421716720155,0.010173188265405031
17.1171875,957.6510009765624,25.853492736816406,0.06352650807116333,0.007504842090906294
17.1328125,957.6586303710938,25.864303588867188,0.06976613887979966,0.018172602781206137
17.1484375,957.7569580078124,25.85460662841797,0.16481069404380833,0.008409426376267959
17.1640625,957.6619262695312,25.84976959228516,0.06841608553293099,0.0035444809446829595
17.1796875,957.6638793945312,25.853492736816406,0.06899481188975187,0.007210847151899458
17.1953125,957.7071533203124,25.84678649902344,0.11007598888829762,0.0005006670983185302
17.2109375,957.8242797851562,25.856475830078125,0.2227649058077077,0.010110388792433866
17.2265625,957.6050415039062,25.84268951416016,0.0034577451717723307,-0.003647208944862257
17.2421875,957.8005981445312,25.84976959228516,0.19512738607420488,0.0034060498896693048
17.2578125,957.7068481445312,25.84418487548828,0.09939735900240976,-0.00216164607199687
17.2734375,957.6337890625,25.83784484863281,0.025823857499062797,-0.008435253607721904
17.2890625,957.7263793945312,25.83784484863281,0.11610141239100358,-0.008369353188911077
17.3046875,957.7528686523438,25.841567993164062,0.13980569617604033,-0.004609910152520769
17.3203125,957.6021728515624,25.83971405029297,-0.010677407249772841,-0.006413354171868946
17.3359375,957.5725708007812,25.83971405029297,-0.03949274986621276,-0.006363249842401331
17.3515625,957.75732421875,25.83971405029297,0.14242354567863913,-0.006313536953008736
17.3671875,957.77880859375,25.819595336914062,0.16070659410286225,-0.02622574837619851
17.3828125,957.5770874023438,25.831512451171875,-0.0402135309498135,-0.014196847914334398
17.3984375,957.5740356445312,25.831512451171875,-0.042420263591225194,-0.014085935040004216
17.4140625,957.7698974609376,25.814002990722656,0.15044464748666542,-0.031348556461963994
17.4296875,957.5629272460938,25.80282592773437,-0.055421552369807614,-0.0421933880482932
17.4453125,957.659423828125,25.814002990722656,0.04027278298838155,-0.030774010020476084
17.4609375,957.5377807617188,25.81660461425781,-0.079781020069845,-0.027952289715905465
17.4765625,957.5030517578124,25.814002990722656,-0.11227350007038694,-0.030315210803784964
17.4921875,957.5795288085938,25.807662963867188,-0.03509729988888921,-0.036368868615042516
17.5078125,957.6691284179688,25.80095672607422,0.05343781125395708,-0.042738582139197234
17.5234375,957.5615234375,25.79798126220703,-0.05310921669104118,-0.045356905021961325
17.5390625,957.7607421875,25.789779663085938,0.14325583148649912,-0.05314007832943801
17.5546875,957.7598266601562,25.780838012695312,0.13956022007744195,-0.06159671521443855
17.5703125,957.7723999023438,25.778976440429688,0.14916210558010334,-0.06296251960912613
17.5859375,957.5173950195312,25.77450561523437,-0.1037755354896035,-0.06690652179815615
17.6015625,957.6986694335938,25.770782470703125,0.07598522860075718,-0.07007787206120497
17.6171875,957.5804443359376,25.770782470703125,-0.041414871612914794,-0.06953038868572747
17.6328125,957.4263916015624,25.7476806640625,-0.19164987930867028,-0.09190850630036707
17.6484375,957.6007080078124,25.760353088378903,-0.016994928662938946,-0.07861705009346309
17.6640625,957.5565185546876,25.74842834472656,-0.05998937433093943,-0.08983443598216923
17.6796875,957.5332641601562,25.73426818847656,-0.08161791400175389,-0.10318213448035607
17.6953125,957.6746826171876,25.75029754638672,0.05863256367354097,-0.08647189550324086
17.7109375,957.516845703125,25.73986053466797,-0.09726676542049972,-0.09615180638432008
17.7265625,957.5826416015624,25.741355895996094,-0.030856201612323275,-0.09391694157919517
17.7421875,957.5360717773438,25.74395751953125,-0.07591379876396331,-0.09060191712181975
17.7578125,957.6076049804688,25.72794342041016,-0.004295037130418677,-0.10578307861601388
17.7734375,957.7777099609376,25.726821899414062,0.1625714678825716,-0.10606940742763982
17.7890625,957.393310546875,25.735015869140625,-0.21749536910624556,-0.09711078584403765
17.8046875,957.5219116210938,25.7257080078125,-0.0871580781904413,-0.10558725149113002
17.8203125,957.4570922851562,25.725326538085938,-0.14900910525830113,-0.10514084058317863
17.8359375,957.5478515625,25.70856475830078,-0.057112135963052424,-0.12095025614670618
17.8515625,957.551513671875,25.69812774658203,-0.05240608075621367,-0.1303608048352558
17.8671875,957.7088623046876,25.70521545410156,0.1028928928365076,-0.12231002624294973
17.8828125,957.3455810546876,25.69329071044922,-0.25530264706264916,-0.13318606075548445
17.8984375,957.5056762695312,25.70782470703125,-0.09334791205844795,-0.11772509492209693
17.9140625,957.568115234375,25.692916870117188,-0.030305256839369576,-0.13159673705618857
17.9296875,957.4854736328124,25.68247985839844,-0.11074086507380798,-0.14092411011263195
17.9453125,957.3848266601562,25.67279815673828,-0.20725916902426889,-0.1494292038683156
17.9609375,957.7368774414062,25.67876434326172,0.14196365104942288,-0.1423422125218714
17.9765625,957.5802612304688,25.674293518066406,-0.014366377077749348,-0.14566606086001954
17.9921875,957.5154418945312,25.663116455078125,-0.07763911705797,-0.15561778694323536
18.0078125,957.6437377929688,25.65565490722656,0.04966739111819152,-0.16180527749171603
18.0234375,957.6035766601562,25.64559936523437,0.00932058919818246,-0.1705181568316867
18.0390625,957.4686279296876,25.649322509765625,-0.12317446663621467,-0.16549192626683507
18.0546875,957.5366821289062,25.65641021728516,-0.054043699694602765,-0.15716668578833648
18.0703125,957.47412109375,25.649322509765625,-0.11432729862326596,-0.1629711558601521
18.0859375,957.830078125,25.641876220703125,0.23691040191135926,-0.16908605863419268
18.1015625,957.6959838867188,25.64373779296875,0.10080803543417005,-0.16591804506881402
18.1171875,957.7501831054688,25.627716064453125,0.1519797687508344,-0.18051836910331076
18.1328125,957.4151611328124,25.6187744140625,-0.17946716086055403,-0.18797986309164116
18.1484375,957.6486206054688,25.627716064453125,0.05293777445604064,-0.17763947666428948
18.1640625,957.4176635742188,25.634796142578125,-0.17454231818464905,-0.16922690323820078
18.1796875,957.7081909179688,25.626968383789062,0.11371969303479545,-0.17567142248017475
18.1953125,957.56982421875,25.638153076171875,-0.024165619344444167,-0.16320167751847592
18.2109375,957.8508911132812,25.638153076171875,0.2518836721558273,-0.16192666441286363
18.2265625,957.6790161132812,25.62324523925781,0.07844600277780955,-0.17545298178531255
18.2421875,957.7162475585938,25.613182067871094,0.11341812293233033,-0.1840668082253707
18.2578125,957.6144409179688,25.60200500488281,0.011384695543483758,-0.1937185284697982
18.2734375,957.6603393554688,25.609832763671875,0.05616432185126996,-0.18443849804260282
18.2890625,957.7085571289062,25.60387420654297,0.10234338249017583,-0.18890957817798082
18.3046875,957.6134033203124,25.604995727539062,0.00704915253118088,-0.18632096298515322
18.3203125,957.6306762695312,25.593063354492188,0.023847060700290967,-0.1967044818442787
18.3359375,957.6183471679688,25.60238647460937,0.011292998998328585,-0.1859174448386014
18.3515625,957.6071166992188,25.60424041748047,6.13089544003742e-05,-0.18262550585838255
18.3671875,957.6182861328124,25.60834503173828,0.011011392107661777,-0.17712619713493893
18.3828125,957.5985107421876,25.58711242675781,-0.008592826671019793,-0.1968091239738854
18.3984375,957.5943603515624,25.592697143554688,-0.012494326333467143,-0.18973046649593783
18.4140625,957.594970703125,25.59605407714844,-0.01165186588866618,-0.184917489676387
18.4296875,957.5952758789062,25.593063354492188,-0.011125075066274803,-0.18644017942379065
18.4453125,957.5857543945312,25.599403381347656,-0.020243306327188293,-0.1786931201263826
18.4609375,957.6110229492188,25.58897399902344,0.004927098978328104,-0.1876449829002027
18.4765625,957.5780029296876,25.577415466308597,-0.02754423069825407,-0.19764723814930463
18.4921875,957.5994262695312,25.58711242675781,-0.006001342205081528,-0.18648191615556087
18.5078125,957.614013671875,25.57965087890625,0.00841836365157178,-0.19242828069456408
18.5234375,957.5831298828124,25.5755615234375,-0.02202664757101047,-0.19498234213078902
18.5390625,957.5918579101562,25.595672607421875,-0.013038881550869519,-0.17350507644214375
18.5546875,957.6211547851562,25.59120178222656,0.015940454514520752,-0.17658546490591576
18.5703125,957.6021118164062,25.56810760498047,-0.0030419182543255374,-0.19811964494769185
18.5859375,957.59716796875,25.566993713378903,-0.007829793920109296,-0.19767702454496572
18.6015625,957.6044921875,25.56549835205078,-0.0004957006550512233,-0.1976163516084526
18.6171875,957.6030883789062,25.57146453857422,-0.0018624094587949003,-0.19015289817028957
18.6328125,957.6067504882812,25.57257843017578,0.001764549527251802,-0.18756213932990917
18.6484375,957.6056518554688,25.566993713378903,0.0006529105289700965,-0.19163789631329564
18.6640625,957.6014404296876,25.556930541992188,-0.00348901300117177,-0.20012527810860448
18.6796875,957.616943359375,25.57146453857422,0.011779269875887621,-0.18414134963964557
18.6953125,957.6134643554688,25.566993713378903,0.008138151399862181,-0.18713864221906462
18.7109375,957.6063232421876,25.5614013671875,0.0009775647179139924,-0.19122527756351104
18.7265625,957.600830078125,25.559532165527344,-0.004427404045031835,-0.19158592860473078
18.7421875,957.6055297851562,25.5614013671875,0.000266984568497719,-0.1882345650153212
18.7578125,957.5910034179688,25.566993713378903,-0.013980879052269302,-0.18121532648935812
18.7734375,957.6112060546876,25.563262939453125,0.006100238962176263,-0.18350120900564093
18.7890625,957.6058959960938,25.556182861328125,0.000774747157947786,-0.1890923708249339
18.8046875,957.58984375,25.559532165527344,-0.014979110284684793,-0.1842919489177035
18.8203125,957.6024780273438,25.5614013671875,-0.002299035422538509,-0.18099756954459778
18.8359375,957.600830078125,25.57146453857422,-0.0038698950975231128,-0.16959897317227046
18.8515625,957.5951538085938,25.556930541992188,-0.009359716100902915,-0.18269443092809468
18.8671875,957.58935546875,25.56512451171875,-0.014862000164498568,-0.1731371763483942
18.8828125,957.60302734375,25.56065368652344,-0.00116688053242342,-0.17622043903164197
18.8984375,957.5909423828124,25.559532165527344,-0.012993016441328109,-0.17595647596502317
18.9140625,957.5951538085938,25.560287475585938,-0.008610075217347912,-0.17383240679778567
18.9296875,957.5859985351562,25.56363677978516,-0.017418369188931138,-0.16915120335951173
18.9453125,957.5912475585938,25.55022430419922,-0.011931663217183086,-0.18113740020369207
18.9609375,957.6044921875,25.56363677978516,0.0012873218279310095,-0.16641457364417533
18.9765625,957.5955810546876,25.546119689941406,-0.007474908426161164,-0.18249469736693058
18.9921875,957.5899658203124,25.548355102539062,-0.012834475949830448,-0.17885100910701368
19.0078125,957.5821533203124,25.55171203613281,-0.020243714700768578,-0.1741230280483208
19.0234375,957.5806884765624,25.54798889160156,-0.0212845631684786,-0.1764567493562943
19.0390625,957.572998046875,25.55171203613281,-0.028409075026615938,-0.17138412353734722
19.0546875,957.581298828125,25.552459716796875,-0.019715553663786523,-0.16930334566333372
19.0703125,957.5751953125,25.552459716796875,-0.025314790591778547,-0.16798066327534045
19.0859375,957.5826416015624,25.556182861328125,-0.017519507358883857,-0.16297425687890055
19.1015625,957.6021728515624,25.57146453857422,0.001972450792663949,-0.14653873135442552
19.1171875,957.5706176757812,25.575180053710938,-0.02900493739105059,-0.1417074098410076
19.1328125,957.5968017578124,25.559532165527344,-0.0027657605286321996,-0.15612595975878563
19.1484375,957.5742797851562,25.559532165527344,-0.024793832145974193,-0.15490622569816992
19.1640625,957.5834350585938,25.556930541992188,-0.015333118108742383,-0.15627731916119103
19.1796875,957.5770263671876,25.57257843017578,-0.021317164797778787,-0.13953076354808402
19.1953125,957.5786743164062,25.55282592773437,-0.019285051212364124,-0.15803886547395152
19.2109375,957.5735473632812,25.56810760498047,-0.02393520737768995,-0.14164189769482505
19.2265625,957.581298828125,25.5755615234375,-0.01586765381262012,-0.1331396356500001
19.2421875,957.5820922851562,25.574440002441406,-0.014779778875436023,-0.13321224135979648
19.2578125,957.573974609375,25.57891082763672,-0.02245023874547769,-0.12773562385070036
19.2734375,957.5745239257812,25.574440002441406,-0.021473169949786097,-0.13117358616284136
19.2890625,957.573974609375,25.566993713378903,-0.02159235966939832,-0.1375369074501478
19.3046875,957.5812377929688,25.57146453857422,-0.014049309355414152,-0.13202650348721434
19.3203125,957.5773315429688,25.5614013671875,-0.017604864836698653,-0.14097959928897907
19.3359375,957.5829467773438,25.57220458984375,-0.011755457991739604,-0.1291593736902854
19.3515625,957.5762329101562,25.577415466308597,-0.01810859617182814,-0.122980149590866
19.3671875,957.56201171875,25.58711242675781,-0.03169834641448688,-0.11239816422648374
19.3828125,957.5772705078124,25.566993713378903,-0.016118472247512727,-0.13148158949909927
19.3984375,957.5750732421876,25.581520080566406,-0.017958008616915322,-0.11604150963728799
19.4140625,957.5857543945312,25.581520080566406,-0.0071347301742434865,-0.11513493534324581
19.4296875,957.5838623046876,25.575180053710938,-0.00885051493935407,-0.12052593905653808
19.4453125,957.5746459960938,25.578536987304688,-0.017713955886051735,-0.11625362260760852
19.4609375,957.5670166015624,25.576675415039062,-0.02484836310452465,-0.11719241991328744
19.4765625,957.5416870117188,25.585243225097656,-0.049197914804608445,-0.10777598009020295
19.4921875,957.5855102539062,25.585243225097656,-0.005269698542520018,-0.10693398024574918
19.5078125,957.5818481445312,25.59605407714844,-0.008757358544130511,-0.09537216625594169
19.5234375,957.5762939453124,25.588592529296875,-0.014032035150421507,-0.10203032571604354
19.5390625,957.5767211914062,25.58711242675781,-0.013339070520260066,-0.10270175303436702
19.5546875,957.5802612304688,25.592697143554688,-0.00960764412457138,-0.09635830939188139
19.5703125,957.5778198242188,25.59344482421875,-0.01181371735947323,-0.0948636706908843
19.5859375,957.5704345703124,25.578170776367188,-0.01882399135831747,-0.10927726761633494
19.6015625,957.5762329101562,25.60238647460937,-0.012771244258260595,-0.08439702586341369
19.6171875,957.5646362304688,25.587852478027344,-0.023891987931165204,-0.0981581238325866
19.6328125,957.5772705078124,25.5975341796875,-0.01103783342762199,-0.08778520012420898
19.6484375,957.5783081054688,25.59605407714844,-0.00980491866630473,-0.08856791748621262
19.6640625,957.576904296875,25.60052490234375,-0.010989806805810076,-0.08344008375738099
19.6796875,957.5787353515624,25.610206604003903,-0.008979870241091703,-0.07318214473709261
19.6953125,957.5747680664062,25.60424041748047,-0.012694281268409213,-0.07852998492255381
19.7109375,957.5790405273438,25.603500366210938,-0.008257331652544053,-0.07865073903433384
19.7265625,957.5851440429688,25.600143432617188,-0.0021117493082556393,-0.0813669876856764
19.7421875,957.5595092773438,25.60797119140625,-0.027204590813425966,-0.07296470367085917
19.7578125,957.5794067382812,25.61914825439453,-0.007164412495512806,-0.06130492473974414
19.7734375,957.5647583007812,25.59976959228516,-0.021386817768984656,-0.08005324632685529
19.7890625,957.5650634765624,25.590087890625,-0.020669891167813148,-0.08903389370586723
19.8046875,957.5775756835938,25.613937377929688,-0.007998354368169203,-0.0646751532261689
19.8203125,957.5733642578124,25.606857299804688,-0.011971307881026405,-0.07119464360623695
19.8359375,957.5628051757812,25.60238647460937,-0.022090343234140164,-0.07507433232654037
19.8515625,957.5646362304688,25.606857299804688,-0.019863599317204716,-0.07005191723176196
19.8671875,957.579345703125,25.606857299804688,-0.005053460124599951,-0.06950463662838757
19.8828125,957.5712890625,25.59605407714844,-0.012854044094297024,-0.07968045413397107
19.8984375,957.5701293945312,25.609832763671875,-0.013740006749344502,-0.06538691005107822
19.9140625,957.5648803710938,25.62324523925781,-0.018618150691054325,-0.051568384195885386
19.9296875,957.5620727539062,25.62324523925781,-0.021007295849699403,-0.051165506194355004
19.9453125,957.5662841796876,25.62324523925781,-0.016467825731069752,-0.0507657756772133
19.9609375,957.5589599609376,25.618408203125,-0.023327356112304187,-0.055168414842757585
19.9765625,957.56640625,25.626968383789062,-0.015570889959121814,-0.04624410734917461
19.9921875,957.55810546875,25.613937377929688,-0.023405427630791564,-0.058812026386608096
20.0078125,957.5653686523438,25.620269775390625,-0.01582696583318466,-0.05206963182468982
20.0234375,957.564208984375,25.605735778808597,-0.016654863610483517,-0.06608328755978832
20.0390625,957.5650634765624,25.613182067871094,-0.015491770418748274,-0.05817889694653289
20.0546875,957.5708618164062,25.61541748046875,-0.00950410575899241,-0.05550642587740029
20.0703125,957.5679321289062,25.62995147705078,-0.012190945734346315,-0.040652332191498886
20.0859375,957.5646362304688,25.61952209472656,-0.015184366746666456,-0.05068263862106548
20.1015625,957.5573120117188,25.616539001464844,-0.022068964686241088,-0.05324646835244806
20.1171875,957.5662231445312,25.62622833251953,-0.012900842969997939,-0.043216847162621974
20.1328125,957.5580444335938,25.617286682128903,-0.020667843870228353,-0.051751009291116645
20.1484375,957.5570678710938,25.612815856933597,-0.02122166405831649,-0.05578260140449842
20.1640625,957.5609130859376,25.63032531738281,-0.017037065440717925,-0.03797413204157252
20.1796875,957.5596923828124,25.623619079589844,-0.017901171523590165,-0.04433130444520472
20.1953125,957.5731201171876,25.626968383789062,-0.004386065329072153,-0.04066182836906407
20.2109375,957.5796508789062,25.620643615722656,0.002102807788219252,-0.04661951365081762
20.2265625,957.5642700195312,25.63218688964844,-0.0130187146417029,-0.03480220660217981
20.2421875,957.5580444335938,25.634796142578125,-0.01886843533350202,-0.031941446221928516
20.2578125,957.5527954101562,25.634796142578125,-0.023646414654422188,-0.031691903673319644
20.2734375,957.5681762695312,25.638153076171875,-0.008104118652909165,-0.028113603125824227
20.2890625,957.5353393554688,25.63926696777344,-0.0401414031701961,-0.026788776277975046
20.3046875,957.5594482421876,25.63665771484375,-0.01571938136441986,-0.0291683571044814
20.3203125,957.5592041015624,25.637771606445312,-0.015651734450784716,-0.027835289991177348
20.3359375,957.5531616210938,25.634796142578125,-0.021270499784236563,-0.030570044843845068
20.3515625,957.5588989257812,25.63740539550781,-0.015229812379971008,-0.027742348227331348
20.3671875,957.5667114257812,25.63665771484375,-0.00727244299753238,-0.028267450540674588
20.3828125,957.5592041015624,25.64373779296875,-0.01449109988800501,-0.02102184606867752
20.3984375,957.5531616210938,25.631820678710938,-0.020132533865307778,-0.032681624698938094
20.4140625,957.5598754882812,25.63665771484375,-0.013156583344311912,-0.027627052717953404
20.4296875,957.5450439453124,25.638153076171875,-0.027441483221082308,-0.02592753755084587
20.4453125,957.54638671875,25.63368225097656,-0.02558896935795474,-0.03016087553720581
20.4609375,957.565673828125,25.641876220703125,-0.006178776780188855,-0.021795289358994552
20.4765625,957.5535888671876,25.638153076171875,-0.017907024090277446,-0.02531907112547671
20.4921875,957.5636596679688,25.627716064453125,-0.007683172072688649,-0.03547673844700583
20.5078125,957.5581665039062,25.650070190429688,-0.012918985820078888,-0.013020092060518351
20.5234375,957.5606079101562,25.64559936523437,-0.010272939344076804,-0.017354269464771477
20.5390625,957.5527954101562,25.659385681152344,-0.017732208106849612,-0.003540078909715305
20.5546875,957.5474853515624,25.65641021728516,-0.022592222429238973,-0.006464640098954533
20.5703125,957.552734375,25.64373779296875,-0.01700446463632943,-0.01898755609962066
20.5859375,957.5611572265624,25.649322509765625,-0.008414003443590445,-0.013298129620693544
20.6015625,957.5538330078124,25.649322509765625,-0.015430835041343016,-0.013194237983032764
20.6171875,957.5538330078124,25.66124725341797,-0.015129451544453332,-0.0012595764062304227
20.6328125,957.5458374023438,25.666831970214844,-0.022673395743254332,0.0042913502313410845
20.6484375,957.5563354492188,25.66050720214844,-0.011937549085700994,-0.002017531758223612
20.6640625,957.5610961914062,25.65864562988281,-0.007036634888436311,-0.0038487985236699274
20.6796875,957.556640625,25.65752410888672,-0.011267744238125488,-0.004931488898513692
20.6953125,957.5983276367188,25.670936584472656,0.029825141162632463,0.008414728978927144
20.7109375,957.602783203125,25.65752410888672,0.033611162499141756,-0.004958701711643698
20.7265625,957.5830078125,25.65975952148437,0.013565541954676519,-0.002702013417788862
20.7421875,957.7286376953124,25.65118408203125,0.15608613912706915,-0.01118934777035463
20.7578125,957.693359375,25.659385681152344,0.11844829110350474,-0.0029644068629401943
20.7734375,957.7132568359376,25.66124725341797,0.13564368657159775,-0.0010942187020219762
20.7890625,957.5047607421876,25.649322509765625,-0.07142950860065866,-0.012917251710973687
20.8046875,957.5888061523438,25.649322509765625,0.012369497228178261,-0.012816335681982594
20.8203125,957.5740966796876,25.64634704589844,-0.002294272782933149,-0.015668426115187373
20.8359375,957.7726440429688,25.65975952148437,0.192420022324427,-0.0022383259157479074
20.8515625,957.8108520507812,25.656776428222656,0.22612357642333336,-0.005180626840139979
20.8671875,957.756591796875,25.66124725341797,0.16850661699913871,-0.0007042563194765705
20.8828125,957.810546875,25.667953491210938,0.21811674014122673,0.005955090993229106
20.8984375,957.8074951171876,25.671676635742188,0.21086449439269472,0.009602624309444252
20.9140625,957.85693359375,25.66162109375,0.2552189285536315,-0.00044937926334753797
20.9296875,957.6434936523438,25.66497802734375,0.040962991304695606,0.0028848390621973863
20.9453125,957.7113647460938,25.66050720214844,0.10670841933097108,-0.0015735956164455445
20.9609375,957.5899658203124,25.653793334960938,-0.014403582496242961,-0.008222717000794688
20.9765625,957.8231811523438,25.65641021728516,0.2145380825520533,-0.005562039093160109
20.9921875,957.7252197265624,25.648208618164062,0.11429976894316951,-0.013656109790709081
21.0078125,957.724365234375,25.64559936523437,0.1112295486941548,-0.016138289574147535
21.0234375,957.7240600585938,25.634796142578125,0.10875788125440522,-0.026731031666095362
21.0390625,957.520263671875,25.631820678710938,-0.09318228465451739,-0.029474413536927813
21.0546875,957.678955078125,25.6258544921875,0.06422964656428576,-0.035163720372395346
21.0703125,957.6936645507812,25.634796142578125,0.07739733954826988,-0.026017210060036433
21.0859375,957.5982666015624,25.626968383789062,-0.017649035262934376,-0.03358055502996393
21.1015625,957.716552734375,25.62808990478516,0.09867152923811773,-0.03220544783047785
21.1171875,957.6429443359376,25.63926696777344,0.02457361652727741,-0.02086410058561583
21.1328125,957.7381591796876,25.620269775390625,0.11744884191250549,-0.03954987661711584
21.1484375,957.7158203125,25.61952209472656,0.09325235803100895,-0.03998273261492358
21.1640625,957.7500610351562,25.618408203125,0.1250029814550544,-0.04077555683979028
21.1796875,957.7088012695312,25.613555908203125,0.08210760614588253,-0.045271384169776496
21.1953125,957.6451416015624,25.620643615722656,0.018087626884494057,-0.03788536667641651
21.2109375,957.7509155273438,25.613555908203125,0.12144238171538291,-0.044621722053790336
21.2265625,957.5708618164062,25.60200500488281,-0.05746657669828892,-0.05573377673837143
21.2421875,957.7015380859376,25.610580444335938,0.07177981601989813,-0.04678991277520339
21.2578125,957.6067504882812,25.59716796875,-0.022558410901410753,-0.0597320572020692
21.2734375,957.5985717773438,25.596420288085938,-0.03013678742797765,-0.060007239914053656
21.2890625,957.6506958007812,25.60126495361328,0.0215577978061674,-0.054731616774315484
21.3046875,957.5989379882812,25.598655700683597,-0.02961017065683791,-0.05689289415943577
21.3203125,957.5059204101562,25.591583251953125,-0.12023267556344308,-0.06346561364858161
21.3359375,957.4911499023438,25.57965087890625,-0.132366402450657,-0.07480893992439874
21.3515625,957.5125732421876,25.5755615234375,-0.10877620591520554,-0.07828190246038957
21.3671875,957.6759643554688,25.56810760498047,0.05354820995648879,-0.08506600981650436
21.3828125,957.7021484375,25.566993713378903,0.07817502065984172,-0.08550662093824002
21.3984375,957.5026245117188,25.566993713378903,-0.11897880931826421,-0.08483860046215952
21.4140625,957.5192260742188,25.57891082763672,-0.1003776912162948,-0.0723517870933712
21.4296875,957.482421875,25.55767822265625,-0.13450255663747157,-0.09285326401076333
21.4453125,957.6231689453124,25.556182861328125,0.006122550517147829,-0.09361152670342676
21.4609375,957.5573120117188,25.545379638671875,-0.05856769590707245,-0.10359900913030273
21.4765625,957.5770263671876,25.525634765625,-0.03809448613276345,-0.1223802580976674
21.4921875,957.5245361328124,25.533462524414062,-0.08881548768556513,-0.11365755790775722
21.5078125,957.462158203125,25.541282653808597,-0.14824042093994194,-0.10501057360296429
21.5234375,957.604736328125,25.52265167236328,-0.005551704222398257,-0.12267560539946487
21.5390625,957.515625,25.52265167236328,-0.0928141449968507,-0.12171720223228277
21.5546875,957.53466796875,25.52228546142578,-0.07233033296074609,-0.12112963650439212
21.5703125,957.52294921875,25.52228546142578,-0.08240749930916991,-0.12018331121920056
21.5859375,957.6376342773438,25.523399353027344,0.03164713820478937,-0.11813918977687621
21.6015625,957.7213134765624,25.51258850097656,0.11307386989562929,-0.12794261962588394
21.6171875,957.4924926757812,25.49433898925781,-0.11348624864160684,-0.14505000531850243
21.6328125,957.6292114257812,25.49993133544922,0.02277874156618509,-0.13836814616516335
21.6484375,957.5849609375,25.495826721191406,-0.021052376662055394,-0.1413596919821707
21.6640625,957.5673828125,25.495826721191406,-0.03787599967643018,-0.14025531938856162
21.6796875,957.6348266601562,25.495826721191406,0.02899035094901592,-0.13915957470583962
21.6953125,957.4378051757812,25.48725891113281,-0.16474927535125516,-0.1465732645709643
21.7109375,957.5106201171876,25.480552673339844,-0.09013874148502055,-0.1520820062517103
21.7265625,957.4583129882812,25.47943115234375,-0.13966372448533093,-0.15200662469117887
21.7421875,957.5968627929688,25.48912048339844,-0.0010921635517888717,-0.14120543977995226
21.7578125,957.552490234375,25.47869110107422,-0.04457673929118755,-0.15045017505648417
21.7734375,957.7662353515624,25.4757080078125,0.16586430801544338,-0.15223457090946724
21.7890625,957.5633544921876,25.47496032714844,-0.0362935718405879,-0.15178707773310762
21.8046875,957.8860473632812,25.473846435546875,0.280805562939463,-0.15170643051174793
21.8203125,957.5901489257812,25.4615478515625,-0.014798091854231643,-0.16272372532037238
21.8359375,957.7686767578124,25.47645568847656,0.16053189368903986,-0.14666107677813756
21.8515625,957.8206176757812,25.48204803466797,0.20832295205525497,-0.1399666311290204
21.8671875,957.700927734375,25.458572387695312,0.08690189715980523,-0.16216538530400726
21.8828125,957.6984252929688,25.460060119628903,0.0827510288834219,-0.15942235920346093
21.8984375,957.6212158203124,25.457077026367188,0.005433322706949184,-0.16113665986779324
21.9140625,957.66015625,25.447021484375,0.04350707754315408,-0.16985476278295053
21.9296875,958.0482788085938,25.454849243164062,0.42319936980607054,-0.1607611680251857
21.9453125,957.9164428710938,25.454849243164062,0.2856727402688648,-0.15950522139998924
21.9609375,957.8532104492188,25.44739532470703,0.21809578092518223,-0.1656547715768859
21.9765625,957.7057495117188,25.45037841796875,0.06925525663950793,-0.16140080582832894
21.9921875,957.7244873046876,25.435470581054688,0.08627443535817747,-0.17493123147096767
22.0078125,957.6424560546876,25.445526123046875,0.004160310644124365,-0.16358759815472723
22.0234375,957.6085815429688,25.439193725585938,-0.029133845584965457,-0.16859249564991785
22.0390625,957.6244506835938,25.43323516845703,-0.013005628691189486,-0.17318737267898854
22.0546875,957.6177368164062,25.43323516845703,-0.01933434947477508,-0.1718343463299341
22.0703125,957.6195068359376,25.430252075195312,-0.017221276624241,-0.17345167834484343
22.0859375,957.5977172851562,25.432113647460938,-0.0382488971828252,-0.17024955837547395
22.1015625,957.593017578125,25.43658447265625,-0.042109764288056795,-0.16448358682719189
22.1171875,957.6192626953124,25.432113647460938,-0.015554790712030808,-0.16763445567857715
22.1328125,957.5874633789062,25.43286895751953,-0.04642922221353274,-0.16557540229482726
22.1484375,957.5924682617188,25.433982849121094,-0.04061527027215561,-0.16317665514097257
22.1640625,957.5907592773438,25.43323516845703,-0.04149760904863342,-0.1626436769315589
22.1796875,957.583251953125,25.43807983398437,-0.048047805664509724,-0.15656620662762322
22.1953125,957.5880737304688,25.43696594238281,-0.04238176995511367,-0.15644822246176915
22.2109375,957.56591796875,25.435104370117188,-0.06327703300837584,-0.15707299945608355
22.2265625,957.6067504882812,25.431373596191406,-0.022006144073316136,-0.15954749390231981
22.2421875,957.5899047851562,25.423553466796875,-0.038093022057751114,-0.16606006373984528
22.2578125,957.5743408203124,25.43323516845703,-0.05260899887616688,-0.15515665612594276
22.2734375,957.5900268554688,25.43658447265625,-0.03620181208464146,-0.15062135698979517
22.2890625,957.5787353515624,25.4324951171875,-0.046565712163101125,-0.15350203501746407
22.3046875,957.593017578125,25.43323516845703,-0.031652948772375566,-0.15156853074990195
22.3203125,957.5802001953124,25.44181060791016,-0.043601770421219044,-0.14187595777101691
22.3359375,957.5994873046876,25.42951202392578,-0.02383976532246379,-0.1529700531479321
22.3515625,957.59765625,25.427642822265625,-0.025169436806777412,-0.15362957312990133
22.3671875,957.5912475585938,25.423553466796875,-0.030961367896338743,-0.156486749468975
22.3828125,957.5731201171876,25.426528930664062,-0.048130043495802965,-0.1523119786830236
22.3984375,957.6028442382812,25.427642822265625,-0.018046431730226686,-0.15001685202613757
22.4140625,957.6029663085938,25.44181060791016,-0.017574276233744968,-0.1347877455504971
22.4296875,957.5927734375,25.433982849121094,-0.027224820231253943,-0.14150132071191024
22.4453125,957.6055297851562,25.441436767578125,-0.01418588522005848,-0.13300015692476208
22.4609375,957.5910034179688,25.42951202392578,-0.02815146622776865,-0.14379267479134583
22.4765625,957.5963745117188,25.417221069335938,-0.022335443327847315,-0.15486422602664973
22.4921875,957.5809326171876,25.433982849121094,-0.03703949922896754,-0.13702352088023062
22.5078125,957.5692138671876,25.431373596191406,-0.04780593967370805,-0.138541892764529
22.5234375,957.568359375,25.431373596191406,-0.04771003280154673,-0.1374595342273075
22.5390625,957.5916748046876,25.431373596191406,-0.023918146021856046,-0.13638563161615735
22.5546875,957.5965576171876,25.44366455078125,-0.01866354966398376,-0.12312518736204581
22.5703125,957.593017578125,25.42951202392578,-0.02176992488432461,-0.13620523207519142
22.5859375,957.5927124023438,25.442550659179688,-0.021643946355652588,-0.1222043577836196
22.6015625,957.599609375,25.4395751953125,-0.014458946869353895,-0.12420185429416009
22.6171875,957.592529296875,25.42951202392578,-0.021118340912380518,-0.13321608016774533
22.6328125,957.6032104492188,25.4324951171875,-0.010233337229351491,-0.1292155416958245
22.6484375,957.591796875,25.44366455078125,-0.021224120208898967,-0.11712387288252657
22.6640625,957.5942993164062,25.431373596191406,-0.01835602101357381,-0.1284037741327424
22.6796875,957.576904296875,25.44739532470703,-0.035052778034128096,-0.11150406088573206
22.6953125,957.58544921875,25.44366455078125,-0.02599012459347705,-0.11433456266454911
22.7109375,957.5813598632812,25.44739532470703,-0.02949199021725235,-0.10973969663924521
22.7265625,957.57568359375,25.43621826171875,-0.03448137967529874,-0.11997209744293613
22.7421875,957.5744018554688,25.452606201171875,-0.035064619558966115,-0.10277490675551704
22.7578125,957.5933227539062,25.43584442138672,-0.015828414068323582,-0.11860280617707275
22.7734375,957.5897216796876,25.442550659179688,-0.01905000609383478,-0.11102237644360358
22.7890625,957.58984375,25.448883056640625,-0.01855824953577212,-0.10387208852186447
22.8046875,957.5819091796876,25.44366455078125,-0.02597538196050664,-0.10823832411263723
22.8203125,957.604736328125,25.43323516845703,-0.0030867445871081145,-0.11774061498031685
22.8359375,957.5783081054688,25.447021484375,-0.02893850303939871,-0.10314215610092248
22.8515625,957.570068359375,25.44739532470703,-0.036452111454764236,-0.10196543830194571
22.8671875,957.5737915039062,25.444786071777344,-0.03208972928825915,-0.10375770145638441
22.8828125,957.5680541992188,25.43584442138672,-0.03708822471844542,-0.1118188881607054
22.8984375,957.5609130859376,25.43696594238281,-0.04336548374180893,-0.10983254398364295
22.9140625,957.5819091796876,25.445526123046875,-0.021932487843514537,-0.10048117298114434
22.9296875,957.5692749023438,25.44366455078125,-0.03389163305484999,-0.10154319254952782
22.9453125,957.5813598632812,25.431373596191406,-0.02138076055257443,-0.11294481786484667
22.9609375,957.5867919921876,25.417221069335938,-0.015637134934422647,-0.12610439671468754
22.9765625,957.575439453125,25.437705993652344,-0.02646253192676795,-0.10479432027016955
22.9921875,957.5701904296876,25.430633544921875,-0.03109218904842237,-0.11099280986782034
23.0078125,957.5682373046876,25.44181060791016,-0.03239989775840968,-0.09903593635704055
23.0234375,957.546142578125,25.43323516845703,-0.05343027618971519,-0.10677066193665041
23.0390625,957.5802001953124,25.442176818847656,-0.018994286756196743,-0.09706472239332342
23.0546875,957.5701293945312,25.43323516845703,-0.028497410046384175,-0.10517819799657246
23.0703125,957.5697631835938,25.44739532470703,-0.028299878386519595,-0.09030696329542565
23.0859375,957.5830078125,25.444786071777344,-0.014761201638862076,-0.09219030828585417
23.1015625,957.5753784179688,25.448516845703125,-0.021953279838612616,-0.08776844424788521
23.1171875,957.5628662109376,25.45037841796875,-0.03379233282930727,-0.0852357245448978
23.1328125,957.56982421875,25.44739532470703,-0.02631021710647019,-0.08752960829250256
23.1484375,957.5712890625,25.44739532470703,-0.024360112158092306,-0.08684578322771586
23.1640625,957.5621948242188,25.433982849121094,-0.03280094515730525,-0.09947499116667302
23.1796875,957.5606689453124,25.44329071044922,-0.03365637828119361,-0.08946269913668559
23.1953125,957.5849609375,25.447021484375,-0.009181487927662602,-0.08506214454519423
23.2109375,957.5694580078124,25.4395751953125,-0.024202300083743467,-0.09178571147013415
23.2265625,957.577880859375,25.447021484375,-0.015471256167188585,-0.08368052067007525
23.2421875,957.5584106445312,25.453353881835938,-0.03425902040521578,-0.07674384099656706
23.2578125,957.5689086914062,25.447021484375,-0.023296892015991943,-0.08242720534455472
23.2734375,957.5694580078124,25.447021484375,-0.022303287023760276,-0.0817832428027998
23.2890625,957.5706787109376,25.45111846923828,-0.020670814681807315,-0.0770793340493654
23.3046875,957.5704345703124,25.46080780029297,-0.02050646008615331,-0.06686351859628203
23.3203125,957.5635986328124,25.44292449951172,-0.026808366383306748,-0.08408473485114598
23.3359375,957.5733642578124,25.44739532470703,-0.016709875340666258,-0.07899192598664584
23.3515625,957.5694580078124,25.453353881835938,-0.020213466642644562,-0.07246279566354019
23.3671875,957.5719604492188,25.455223083496094,-0.01736510677460501,-0.07004208155023406
23.3828125,957.5745849609376,25.455223083496094,-0.014452692808504253,-0.06949487778812369
23.3984375,957.5623168945312,25.455223083496094,-0.02619886938646232,-0.06895194905540336
23.4140625,957.5629272460938,25.451492309570312,-0.02508874208524503,-0.07211488920789577
23.4296875,957.57177734375,25.45037841796875,-0.015921483405008985,-0.07265668095938338
23.4453125,957.56982421875,25.460433959960938,-0.017525494959613752,-0.06211206756901433
23.4609375,957.5635986328124,25.4615478515625,-0.023287192598445472,-0.06052162771770497
23.4765625,957.563720703125,25.46601867675781,-0.022712678491188854,-0.05561290562769017
23.4921875,957.5849609375,25.467140197753903,-0.0014436854420409873,-0.05406567068916246
23.5078125,957.5802001953124,25.454849243164062,-0.00608324740255739,-0.06583821414401214
23.5234375,957.5629272460938,25.470115661621094,-0.022900020905922247,-0.05017670353317527
23.5390625,957.5645751953124,25.467140197753903,-0.020836992162116985,-0.05273691609255238
23.5546875,957.5715942382812,25.470115661621094,-0.013548067373108097,-0.0493726908798493
23.5703125,957.5645751953124,25.47496032714844,-0.020165408968068732,-0.04418015015443544
23.5859375,957.5602416992188,25.47198486328125,-0.024020410822231497,-0.04678721078708392
23.6015625,957.559814453125,25.46863555908203,-0.02397016361680926,-0.04974482346297293
23.6171875,957.5704956054688,25.463409423828125,-0.013029460271582138,-0.054541498101905006
23.6328125,957.572998046875,25.477203369140625,-0.010321413028123061,-0.040429212533236836
23.6484375,957.5733642578124,25.469749450683597,-0.009760764549923806,-0.047509044029403924
23.6640625,957.5498046875,25.477577209472656,-0.0326695470720324,-0.039371275199403755
23.6796875,957.5684204101562,25.46788024902344,-0.01377933565765943,-0.048684890057614894
23.6953125,957.5692138671876,25.47496032714844,-0.012732248184420314,-0.04127977433939023
23.7109375,957.5723876953124,25.48912048339844,-0.009371732167892333,-0.026907746073067784
23.7265625,957.559814453125,25.471237182617188,-0.021516361574867915,-0.04444111680077256
23.7421875,957.5634155273438,25.460060119628903,-0.017565379399911762,-0.055183662759453966
23.7578125,957.55859375,25.470115661621094,-0.021949907588464157,-0.044775557323767146
23.7734375,957.57373046875,25.475341796875,-0.006680118743929597,-0.03924044220994105
23.7890625,957.5816040039062,25.473106384277344,0.0011701074980692283,-0.04115182469191225
23.8046875,957.5415649414062,25.459693908691406,-0.03810979572449469,-0.05413801668192875
23.8203125,957.580078125,25.47161102294922,0.0003955091999614524,-0.04189105162392792
23.8359375,957.5726928710938,25.483901977539062,-0.006853226254975198,-0.02936884627600378
23.8515625,957.55810546875,25.470115661621094,-0.021021866321461857,-0.042818012489330926
23.8671875,957.5565185546876,25.48352813720703,-0.02216720264198102,-0.029175806146334082
23.8828125,957.5648193359376,25.48204803466797,-0.01359559284912848,-0.030416409398792865
23.8984375,957.5578002929688,25.49433898925781,-0.02021200621220487,-0.017983849693258946
23.9140625,957.5672607421876,25.48017883300781,-0.010541565645780793,-0.031892880896826625
23.9296875,957.565673828125,25.474220275878903,-0.011891595339079686,-0.03755572366615567
23.9453125,957.5520629882812,25.495826721191406,-0.025004340745681475,-0.015824674616514045
23.9609375,957.5692138671876,25.49769592285156,-0.007700073912815242,-0.013846445823890718
23.9765625,957.5748901367188,25.487632751464844,-0.001984276952384789,-0.023722823326149722
23.9921875,957.560302734375,25.492469787597656,-0.01624801368484441,-0.018738241980887693
24.0078125,957.558349609375,25.49210357666016,-0.01784564769491226,-0.01895519937995971
24.0234375,957.5650634765624,25.490989685058597,-0.010914362919493215,-0.01991230120822962
24.0390625,957.5729370117188,25.48949432373047,-0.002981436595860032,-0.021240415172794513
24.0546875,957.5586547851562,25.48837280273437,-0.016926482237295204,-0.022187233542570794
24.0703125,957.5665893554688,25.490989685058597,-0.00881628864499362,-0.019417457849453257
24.0859375,957.5668334960938,25.48725891113281,-0.008404723253988777,-0.022967386214496344
24.1015625,957.5615234375,25.49210357666016,-0.013446915014810656,-0.01798113693177683
24.1171875,957.56201171875,25.49210357666016,-0.012705535449072158,-0.017840659299498185
24.1328125,957.56201171875,25.48688507080078,-0.012457380459863998,-0.022879015431072958
24.1484375,957.5571899414062,25.48204803466797,-0.01694167425273463,-0.027499519911042825
24.1640625,957.5645751953124,25.491355895996094,-0.009369771511728686,-0.018049536250238418
24.1796875,957.5619506835938,25.48316192626953,-0.011760019885969086,-0.026038478586357883
24.1953125,957.5661010742188,25.485763549804688,-0.0074610036895137455,-0.023253754621112677
24.2109375,957.5650634765624,25.477577209472656,-0.00833261303830568,-0.03119446921132152
24.2265625,957.5567016601562,25.48949432373047,-0.016368366369306386,-0.019126750617935784
24.2421875,957.559814453125,25.501785278320312,-0.012996675482554565,-0.006782391371622509
24.2578125,957.5587768554688,25.501785278320312,-0.013760166241581828,-0.006729403939033318
24.2734375,957.5765380859376,25.48949432373047,0.003922918441617185,-0.018871761977869994
24.2890625,957.5961303710938,25.488754272460938,0.0230559222775355,-0.019458595956404423
24.3046875,957.6144409179688,25.501785278320312,0.04055853030195067,-0.006377374549394688
24.3203125,957.6005249023438,25.488754272460938,0.026122153062146936,-0.019256752436827895
24.3359375,957.6727294921876,25.492843627929688,0.09640629870864359,-0.015048901679264759
24.3515625,957.672607421875,25.488754272460938,0.0944036770601997,-0.01898873951404667
24.3671875,957.5966796875,25.490234375,0.01811508442960985,-0.017371850748617135
24.3828125,957.7969360351562,25.49694061279297,0.21410636505288494,-0.010582287854433048
24.3984375,957.7755737304688,25.483901977539062,0.18897952793633976,-0.023436384646554842
24.4140625,957.7219848632812,25.49359130859375,0.13274631190608943,-0.013639654735680296
24.4296875,957.7199096679688,25.49359130859375,0.12811894634762666,-0.01353309493305943
24.4453125,958.05810546875,25.471237182617188,0.45720703722406597,-0.0356068519962669
24.4609375,958.0556640625,25.490234375,0.4458834897441193,-0.016479896647723535
24.4765625,957.7330322265624,25.505882263183597,0.12084439494310573,-0.000825508398001773
24.4921875,957.7703857421876,25.475341796875,0.15510810762759775,-0.0311209280292033
24.5078125,957.6743774414062,25.491355895996094,0.05794551374378898,-0.014988806807263444
24.5234375,957.6576538085938,25.485763549804688,0.04041676606937017,-0.020420362740868114
24.5390625,957.5994262695312,25.485763549804688,-0.017462906333093997,-0.020260828656955
24.5546875,957.704345703125,25.48352813720703,0.08574839196262474,-0.022320489369811014
24.5703125,957.7066040039062,25.470115661621094,0.0862878120261712,-0.03545380116703001
24.5859375,957.8917846679688,25.470115661621094,0.26616635741504524,-0.03517681834541264
24.6015625,957.505615234375,25.463409423828125,-0.11765926609712096,-0.0415558447622999
24.6171875,957.8535766601562,25.474586486816406,0.22580407062775976,-0.03014144754141057
24.6328125,957.8167114257812,25.46601867675781,0.1852486246071976,-0.038406841525006286
24.6484375,957.9428100585938,25.45075225830078,0.30526625629818227,-0.053253937638423565
24.6640625,957.7091674804688,25.46601867675781,0.07022477820885342,-0.03769074168778985
24.6796875,957.7672729492188,25.454849243164062,0.1258237968229423,-0.04847845516215088
24.6953125,957.4677734375,25.444786071777344,-0.17028361108930312,-0.05808427009145589
24.7109375,957.6870727539062,25.43621826171875,0.04805836732248281,-0.06613136077387693
24.7265625,957.5559692382812,25.433982849121094,-0.0814231727497372,-0.06783265795456828
24.7421875,957.6650390625,25.435104370117188,0.027106677807523738,-0.06618995620098644
24.7578125,957.5220336914062,25.42951202392578,-0.11363504693292725,-0.0712215031549519
24.7734375,957.51171875,25.423927307128903,-0.12152909012945656,-0.0762061713584572
24.7890625,957.59765625,25.4112548828125,-0.03489644188471175,-0.08818423164614941
24.8046875,957.5188598632812,25.41683959960937,-0.1114722655447622,-0.08195420613951754
24.8203125,957.6134643554688,25.416465759277344,-0.01653832465888172,-0.08168485860848662
24.8359375,957.787109375,25.40789794921875,0.1540382047381854,-0.08954756969311717
24.8515625,957.6259765625,25.40454864501953,-0.006956041203920904,-0.09217111706505321
24.8671875,957.5863647460938,25.395233154296875,-0.04565832914124712,-0.1006937436643689
24.8828125,957.6111450195312,25.384803771972656,-0.02047028117829086,-0.11025497656680017
24.8984375,957.58544921875,25.387039184570312,-0.04526440067127169,-0.10717566112563404
24.9140625,957.6875610351562,25.38219451904297,0.05573711464637654,-0.11114516785100292
24.9296875,957.4169311523438,25.380332946777344,-0.210695643787858,-0.1121238749594653
24.9453125,957.6156616210938,25.362815856933597,-0.011731480212915812,-0.1286281447656883
24.9609375,957.4970703125,25.36505126953125,-0.12777742183777718,-0.12540528894797376
24.9765625,957.4819946289062,25.35350799560547,-0.14006300571611519,-0.13587865222630313
24.9921875,957.6262817382812,25.363571166992188,0.004141601634273684,-0.12483254739552407
25.0078125,957.8047485351562,25.36505126953125,0.179041828225877,-0.12238875388101889
25.0234375,957.4501342773438,25.352020263671875,-0.1721432805712766,-0.13436179286742345
25.0390625,957.8532104492188,25.34419250488281,0.2264224832704258,-0.14107869578417365
25.0546875,957.3323974609376,25.34754943847656,-0.2886406904597152,-0.13664581092331218
25.0703125,957.58203125,25.336746215820312,-0.03824504785438876,-0.14629708800471874
25.0859375,957.5692138671876,25.337860107421875,-0.05006511756778309,-0.14404895268125628
25.1015625,957.4956665039062,25.34345245361328,-0.12119817458255966,-0.13737491425164805
25.1171875,957.7603149414062,25.34345245361328,0.1406484999698705,-0.13630167273405647
25.1328125,957.6565551757812,25.334136962890625,0.036168251252206574,-0.14447952936720654
25.1484375,957.7174682617188,25.33898162841797,0.09518521732275076,-0.13854396646611278
25.1640625,957.6548461914062,25.32333374023437,0.03192714804515617,-0.15298723078526066
25.1796875,957.6488037109376,25.330780029296875,0.025379107662956812,-0.14440390311554907
25.1953125,957.5574951171876,25.308425903320312,-0.06464180081195536,-0.16545523198982792
25.2109375,957.7300415039062,25.316627502441406,0.10579707446322573,-0.15602508886194855
25.2265625,957.4639892578124,25.308799743652344,-0.1571251878096973,-0.1625727472787375
25.2421875,957.6564331054688,25.310287475585938,0.034628842271558824,-0.15982653866275953
25.2578125,957.6019897460938,25.312896728515625,-0.019427514816243274,-0.15598902568828166
25.2734375,957.7010498046876,25.30097961425781,0.07807722065695089,-0.16659437322777038
25.2890625,957.7764892578124,25.30469512939453,0.15051830124696153,-0.16160636701221165
25.3046875,957.5921630859376,25.296875,-0.033147560654583685,-0.16810285190356566
25.3203125,957.5913696289062,25.30022430419922,-0.033278107184287364,-0.16346641061290512
25.3359375,957.5892944335938,25.30022430419922,-0.034662808307416526,-0.1621893292799932
25.3515625,957.6873779296876,25.28681182861328,0.062182002478152754,-0.1742299157654159
25.3671875,957.546630859375,25.29389953613281,-0.07703059385335109,-0.1658364097439673
25.3828125,957.6002197265624,25.280487060546875,-0.022983880441984184,-0.1778485034132622
25.3984375,957.7018432617188,25.277130126953125,0.07710372395820286,-0.1797897695303945
25.4140625,957.8856811523438,25.278244018554688,0.255845098673376,-0.17727997263251183
25.4296875,957.7059326171876,25.28197479248047,0.07461030251101874,-0.17219334559183253
25.4453125,957.8273315429688,25.283462524414062,0.1921809230520921,-0.16937197605153287
25.4609375,957.6739501953124,25.27899169921875,0.038041771188773055,-0.1724846543621048
25.4765625,957.5888061523438,25.278244018554688,-0.04618230553421654,-0.1718789574087758
25.4921875,957.595458984375,25.26483154296875,-0.038757413473604174,-0.18384384367444184
25.5078125,957.5939331054688,25.266326904296875,-0.03949650932554505,-0.18092388482798683
25.5234375,957.5965576171876,25.252914428710938,-0.03615184140346628,-0.19281810759818896
25.5390625,957.5859985351562,25.256271362304688,-0.04579860071146413,-0.18798100858252909
25.5546875,957.5653686523438,25.26483154296875,-0.06513105220517446,-0.17801910270035393
25.5703125,957.5742797851562,25.2611083984375,-0.055121874092037615,-0.18032238592510552
25.5859375,957.56591796875,25.26334381103516,-0.062243774668218066,-0.17669566884832477
25.6015625,957.5748291015624,25.255516052246094,-0.05229098869460813,-0.18308183835897296
25.6171875,957.5905151367188,25.24769592285156,-0.03589001303942041,-0.18941054613043207
25.6328125,957.5687866210938,25.25180053710937,-0.056493166776476755,-0.1838582292798634
25.6484375,957.5545654296876,25.253662109375,-0.06933321837436779,-0.18057480813131122
25.6640625,957.5724487304688,25.243972778320312,-0.05044503639021514,-0.18877770059860666
25.6796875,957.5628662109376,25.256271362304688,-0.0588551427197217,-0.17510037351568286
25.6953125,957.5887451171876,25.238754272460938,-0.032332169351207085,-0.19111263942693668
25.7109375,957.560546875,25.24657440185547,-0.05934817693844252,-0.1818605372977764
25.7265625,957.565673828125,25.23838806152344,-0.0531622155358491,-0.1885621363983212
25.7421875,957.5782470703124,25.24210357666016,-0.039796219962795476,-0.18340250703299787
25.7578125,957.5958251953124,25.23577880859375,-0.021784147795528952,-0.18824503076269394
25.7734375,957.5687866210938,25.223106384277344,-0.047869153224837646,-0.19934778746129567
25.7890625,957.552734375,25.22869110107422,-0.06267293448809141,-0.19224929667485569
25.8046875,957.566162109375,25.248443603515625,-0.04828337979836306,-0.17114916302849892
25.8203125,957.569580078125,25.23577880859375,-0.04398913348882161,-0.18237791140388637
25.8359375,957.5675659179688,25.238754272460938,-0.04510479181601568,-0.17800086591531894
25.8515625,957.5825805664062,25.241363525390625,-0.029502445265620736,-0.17402136600918183
25.8671875,957.5938720703124,25.234283447265625,-0.017855258911026795,-0.17968658910188395
25.8828125,957.5667724609376,25.235397338867188,-0.04407684351463104,-0.1771775983010997
25.8984375,957.5588989257812,25.22869110107422,-0.0509357228376075,-0.18244724362458342
25.9140625,957.5857543945312,25.22869110107422,-0.02360993662500732,-0.18102187453376573
25.9296875,957.552001953125,25.21714782714844,-0.05624201908528903,-0.19106073323720452
25.9453125,957.5944213867188,25.23056030273437,-0.013552613118690715,-0.17626038063837512
25.9609375,957.5571899414062,25.23056030273437,-0.04979218228993432,-0.17488334641463865
25.9765625,957.5479736328124,25.23056030273437,-0.05785598129625669,-0.17351707027077268
25.9921875,957.5743408203124,25.23056030273437,-0.030873778292402676,-0.17216146815928113
26.0078125,957.531982421875,25.224220275878903,-0.07180186077800954,-0.17710695208494798
26.0234375,957.5521850585938,25.22944641113281,-0.050591426714390764,-0.17053799794954827
26.0390625,957.5747680664062,25.22721099853516,-0.027461379470196334,-0.17142361827729857
26.0546875,957.54638671875,25.235031127929688,-0.054752048862269476,-0.162325336625873
26.0703125,957.5484008789062,25.227951049804688,-0.051707851817241135,-0.1680819349481304
26.0859375,957.5740356445312,25.230186462402344,-0.025563846227555587,-0.16455084639461148
26.1015625,957.553466796875,25.230186462402344,-0.045231664706420815,-0.16326529290715186
26.1171875,957.5748291015624,25.234283447265625,-0.023403161581200038,-0.15792480563727906
26.1328125,957.5717163085938,25.235031127929688,-0.02599806481248379,-0.15594917868436298
26.1484375,957.5557861328124,25.23056030273437,-0.04110932964476888,-0.1591667225993696
26.1640625,957.570068359375,25.227951049804688,-0.026303136225124035,-0.1605121007202328
26.1796875,957.5696411132812,25.230186462402344,-0.02620830453918188,-0.15704015149661998
26.1953125,957.5748291015624,25.235031127929688,-0.02060976320615282,-0.15100645873514296
26.2109375,957.5704956054688,25.235031127929688,-0.024456086266582133,-0.14982672077627512
26.2265625,957.585205078125,25.23204803466797,-0.009556250063269545,-0.1516159873658225
26.2421875,957.567138671875,25.230926513671875,-0.027083151307124353,-0.1515442465778385
26.2578125,957.5712890625,25.22832489013672,-0.022484855200104903,-0.15294160550273617
26.2734375,957.5581665039062,25.23577880859375,-0.034911956493147045,-0.14435106449066026
26.2890625,957.5675659179688,25.232421875,-0.025014250586309572,-0.14655402934937456
26.3046875,957.5714721679688,25.235031127929688,-0.020695734949867983,-0.1428202078539087
26.3203125,957.5551147460938,25.23056030273437,-0.0363294623556385,-0.146140321853526
26.3359375,957.5712890625,25.235031127929688,-0.01976149075505873,-0.14056270371556678
26.3515625,957.5410766601562,25.23577880859375,-0.04899784049916889,-0.13872271818391368
26.3671875,957.5442504882812,25.23204803466797,-0.04492901213245659,-0.14134057420258728
26.3828125,957.5597534179688,25.23130798339844,-0.028851354272205754,-0.1409706205856125
26.3984375,957.565185546875,25.22944641113281,-0.022961818620501617,-0.14171631634459558
26.4140625,957.568115234375,25.232421875,-0.019640878559584962,-0.13765693956742453
26.4296875,957.5401611328124,25.220870971679688,-0.04666539066670339,-0.14804215661517617
26.4453125,957.5689697265624,25.21714782714844,-0.017508031351894715,-0.1505796347312156
26.4609375,957.5656127929688,25.238006591796875,-0.02045744609893063,-0.12870742578526162
26.4765625,957.56591796875,25.23577880859375,-0.019758671288059304,-0.12991227766816493
26.4921875,957.565673828125,25.23204803466797,-0.01961213199285794,-0.13259896525336856
26.5078125,957.5584716796876,25.238006591796875,-0.02629056401553953,-0.12565102993599098
26.5234375,957.5615234375,25.233917236328125,-0.02278492326945525,-0.12872678864376752
26.5390625,957.5556640625,25.23056030273437,-0.028084839318921695,-0.13105181815754108
26.5546875,957.567626953125,25.23316192626953,-0.015807066883439802,-0.1274466774768932
26.5703125,957.5770874023438,25.235031127929688,-0.0062226602884720705,-0.124596401786917
26.5859375,957.5675048828124,25.24657440185547,-0.01549648490151867,-0.11216990029971896
26.6015625,957.57177734375,25.239501953125,-0.011004804745880392,-0.11831076817838948
26.6171875,957.5606079101562,25.23838806152344,-0.021741147747093237,-0.11849165462541933
26.6328125,957.562255859375,25.23838806152344,-0.019700753244592306,-0.11756593857365871
26.6484375,957.55615234375,25.24210357666016,-0.02530027924319711,-0.11296096700383984
26.6640625,957.5516357421876,25.25180053710937,-0.029234519852366248,-0.10245725650342052
26.6796875,957.552734375,25.248809814453125,-0.027586357996256083,-0.10462416682248232
26.6953125,957.56396484375,25.25738525390625,-0.01603643828445911,-0.0952983466867856
26.7109375,957.5698852539062,25.245834350585938,-0.00991844945383491,-0.10601449024141729
26.7265625,957.5551147460938,25.24769592285156,-0.024206751069755228,-0.10333922330411127
26.7421875,957.5687866210938,25.25180053710937,-0.010329116771572444,-0.09845933866312606
26.7578125,957.5489501953124,25.24993133544922,-0.029576371799976187,-0.09954472360200484
26.7734375,957.560546875,25.25180053710937,-0.01762852625074629,-0.09691243192668253
26.7890625,957.5564575195312,25.256271362304688,-0.02129370434215616,-0.0917194066787772
26.8046875,957.5611572265624,25.248443603515625,-0.01626989580108784,-0.09876945323762243
26.8203125,957.5523071289062,25.248443603515625,-0.024629368585010525,-0.0979978168842024
26.8359375,957.56396484375,25.25141906738281,-0.012718301129098109,-0.09427999088407191
26.8515625,957.5563354492188,25.24210357666016,-0.01995027972952812,-0.10278614190666957
26.8671875,957.5645141601562,25.256271362304688,-0.011541655339101453,-0.08792602535384475
26.8828125,957.5611572265624,25.259620666503903,-0.014607600867861947,-0.08391596552061031
26.8984375,957.5626831054688,25.2469482421875,-0.012826219579437748,-0.09583379304141104
26.9140625,957.5496826171876,25.256271362304688,-0.025322279972670003,-0.0858348082920024
26.9296875,957.5415649414062,25.24769592285156,-0.03278683161818208,-0.09367266768462201
26.9453125,957.5571899414062,25.24769592285156,-0.01682663959434194,-0.09294084996833618
26.9609375,957.55224609375,25.26445770263672,-0.021345282421521006,-0.07558392119737078
26.9765625,957.563232421875,25.24956512451172,-0.010156630970413971,-0.08976965167141415
26.9921875,957.5524291992188,25.255516052246094,-0.02055048148554306,-0.0831638901562819
27.0078125,957.5579223632812,25.237632751464844,-0.014763229192112703,-0.10025775975833184
27.0234375,957.5560913085938,25.25738525390625,-0.016270176772536615,-0.07987630999413753
27.0390625,957.5581665039062,25.241363525390625,-0.01391773572834154,-0.09514883508390426
27.0546875,957.5557861328124,25.256271362304688,-0.015979784423279852,-0.07961411537164054
27.0703125,957.5415649414062,25.26483154296875,-0.029611113020223456,-0.07049882584267664
27.0859375,957.5589599609376,25.26036071777344,-0.011977497912880608,-0.07438395063925185
27.1015625,957.5271606445312,25.2681884765625,-0.042921798414568,-0.06603622160136169
27.1171875,957.5519409179688,25.269302368164062,-0.017787198317364528,-0.0644151242966764
27.1328125,957.5588989257812,25.267074584960938,-0.010617682877864354,-0.066122259784958
27.1484375,957.573974609375,25.24769592285156,0.004370930389427485,-0.08483294594203628
27.1640625,957.56640625,25.262977600097656,-0.003134979200694943,-0.06900789940925023
27.1796875,957.5587158203124,25.26483154296875,-0.01061397512091844,-0.06662931625270119
27.1953125,957.5424194335938,25.262977600097656,-0.026384768834873285,-0.06794823366189107
27.2109375,957.5631103515624,25.25440216064453,-0.0055826428415457485,-0.07592583191880564
27.2265625,957.5413818359376,25.259246826171875,-0.02677773740253997,-0.07052584477902712
27.2421875,957.553466796875,25.263717651367188,-0.014405808174842605,-0.06553896474321519
27.2578125,957.5514526367188,25.262977600097656,-0.016099265824664144,-0.06576121120014733
27.2734375,957.542236328125,25.2681884765625,-0.024821129605584247,-0.06007728524518541
27.2890625,957.5458374023438,25.27899169921875,-0.02080560118008634,-0.04888910897495791
27.3046875,957.5390625,25.273399353027344,-0.027041821814350442,-0.054055818797877464
27.3203125,957.5550537109376,25.269302368164062,-0.01083477863301141,-0.057698484882557466
27.3359375,957.534912109375,25.27042388916016,-0.03037137276987778,-0.056134956356096666
27.3515625,957.5430908203124,25.27377319335937,-0.02175921140610626,-0.05237326424941102
27.3671875,957.5464477539062,25.2611083984375,-0.01804285832372443,-0.06452994933400547
27.3828125,957.5340576171876,25.27191925048828,-0.02983860060794541,-0.053299416835699276
27.3984375,957.5493774414062,25.274154663085938,-0.014235206537932754,-0.05066506670493354
27.4140625,957.5465698242188,25.269683837890625,-0.01670995607457826,-0.054705142744776225
27.4296875,957.54296875,25.27452087402344,-0.019914330482947662,-0.0494785120290544
27.4453125,957.5435180664062,25.28644561767578,-0.018986791145493953,-0.03726037956127115
27.4609375,957.5360717773438,25.271163940429688,-0.025916809110185568,-0.05213157198855711
27.4765625,957.5419311523438,25.277130126953125,-0.019665687350197913,-0.045804718391174504
27.4921875,957.5467529296876,25.27452087402344,-0.014553989889009245,-0.04803573716991494
27.5078125,957.5496826171876,25.269683837890625,-0.011397265232972131,-0.05245970476130424
27.5234375,957.5491333007812,25.27452087402344,-0.0117132499666468,-0.04725061652982987
27.5390625,957.542236328125,25.271163940429688,-0.018246741712346193,-0.0502121786382439
27.5546875,957.5419311523438,25.278244018554688,-0.018189575354995213,-0.04279513097798571
27.5703125,957.5511474609376,25.278244018554688,-0.008798007644713834,-0.04246079401722014
27.5859375,957.5597534179688,25.27899169921875,-0.00018829962505151343,-0.041387229655086344
27.6015625,957.5298461914062,25.281227111816406,-0.029507722941730208,-0.038845943486670365
27.6171875,957.544921875,25.281227111816406,-0.014150163579415675,-0.03854245955318092
27.6328125,957.5534057617188,25.28980255126953,-0.005555607390760997,-0.029732902755522872
27.6484375,957.5481567382812,25.280860900878903,-0.010593602882408959,-0.03837240819969878
27.6640625,957.5354614257812,25.280860900878903,-0.022834053753854278,-0.03807262376063747
27.6796875,957.55029296875,25.280860900878903,-0.007846211746368681,-0.037775181387505796
27.6953125,957.5360717773438,25.280487060546875,-0.02163639918478566,-0.03785098248734897
27.7109375,957.5471801757812,25.28569793701172,-0.010322375732698674,-0.03238510519420501
27.7265625,957.5538940429688,25.281227111816406,-0.0035380298626250806,-0.03656799343334782
27.7421875,957.5607299804688,25.2894287109375,0.0032334953788222265,-0.028144781856688894
27.7578125,957.5542602539062,25.280487060546875,-0.0031730235433542475,-0.03679669449538281
27.7734375,957.5299682617188,25.284576416015625,-0.026928589642352563,-0.03245181294048649
27.7890625,957.547607421875,25.29724884033203,-0.009107995316412598,-0.019624862150454447
27.8046875,957.5489501953124,25.28980255126953,-0.007613557389163361,-0.026859657844102713
27.8203125,957.5451049804688,25.283462524414062,-0.011234968087592279,-0.03294031216285731
27.8359375,957.5475463867188,25.280487060546875,-0.008621812582987332,-0.03563518402981103
27.8515625,957.5447387695312,25.275634765625,-0.01120619872028783,-0.04017117052237751
27.8671875,957.5368041992188,25.29389953613281,-0.01876692588757578,-0.021735256264456382
27.8828125,957.538818359375,25.28644561767578,-0.016425563275674904,-0.02896113429397218
27.8984375,957.5447998046876,25.296875,-0.010240131284149356,-0.018386972657488343
27.9140625,957.541015625,25.28980255126953,-0.013750398648085138,-0.025260519658363734
27.9296875,957.5432739257812,25.281227111816406,-0.011267642830375735,-0.03357161568093048
27.9453125,957.5472412109376,25.287567138671875,-0.007157772563232356,-0.02701884203776217
27.9609375,957.5430297851562,25.30022430419922,-0.011147143689413497,-0.01424947591268122
27.9765625,957.5382690429688,25.291656494140625,-0.015597184980833845,-0.022639025924625855
27.9921875,957.5514526367188,25.28868103027344,-0.0023664507771172794,-0.025414376590312315
28.0078125,957.5450439453124,25.287567138671875,-0.008603752687690758,-0.026321016096630956
28.0234375,957.5534057617188,25.30022430419922,-0.00023721096329154534,-0.013557101736715538
28.0390625,957.5413818359376,25.30022430419922,-0.012021661417406904,-0.01345118687939717
28.0546875,957.555419921875,25.298370361328125,0.0019770412285424754,-0.015185558424313683
28.0703125,957.5773315429688,25.296875,0.023422086886284887,-0.016550600066871368
28.0859375,957.609130859375,25.306564331054688,0.05414286025950332,-0.0068076653480275695
28.1015625,957.6990966796876,25.309539794921875,0.14129405790470173,-0.003802262406772172
28.1171875,957.7081298828124,25.30284118652344,0.14739118171246446,-0.01041883275204114
28.1328125,957.7448120117188,25.309539794921875,0.18047812877080105,-0.003691160100846247
28.1484375,957.859130859375,25.30469512939453,0.2890392229811596,-0.008469139490468791
28.1640625,957.8106689453124,25.31363677978516,0.23587853335368436,0.00046881940875209693
28.1796875,957.78466796875,25.312896728515625,0.20577838576025442,-0.0002691128618685923
28.1953125,957.8140258789062,25.309539794921875,0.23054379013683501,-0.003597717967682712
28.2109375,957.9174194335938,25.30284118652344,0.3274151310582738,-0.010215886316380818
28.2265625,957.8546752929688,25.312896728515625,0.2595016351514232,-0.00015909163416338856
28.2421875,957.8017578125,25.30209350585937,0.20254930791156767,-0.010876671210024114
28.2578125,957.6820678710938,25.30805206298828,0.08124101950329532,-0.004879691314854995
28.2734375,957.8663330078124,25.291656494140625,0.2603204891082669,-0.021109047192492625
28.2890625,957.776123046875,25.2965087890625,0.1667880569175395,-0.016129746393502842
28.3046875,957.798095703125,25.280487060546875,0.18507398048848245,-0.031900291511401946
28.3203125,957.7190551757812,25.284957885742188,0.10396248726294743,-0.027215173610496635
28.3359375,957.8391723632812,25.28793334960937,0.21970311861525715,-0.02405033701094439
28.3515625,957.7462158203124,25.284210205078125,0.12427105659082827,-0.027556501217642193
28.3671875,957.6837768554688,25.27750396728516,0.060624433705243064,-0.03399506136208785
28.3828125,957.6450805664062,25.277870178222656,0.021499860567701035,-0.03336612503064984
28.3984375,957.8397216796876,25.27377319335937,0.21191947045360848,-0.0371704293478885
28.4140625,957.7404174804688,25.28309631347656,0.11041575421847938,-0.02762975212733565
28.4296875,957.7634887695312,25.270050048828125,0.1308798744669275,-0.040358235394709396
28.4453125,957.8265991210938,25.27377319335937,0.19020135442724495,-0.0363488792160922
28.4609375,957.7612915039062,25.26856231689453,0.12245440643425809,-0.04123507008967664
28.4765625,957.7607421875,25.26557922363281,0.11952413123844963,-0.043872708950214445
28.4921875,957.8402099609376,25.259246826171875,0.19510534403787005,-0.0498128790173098
28.5078125,957.9064331054688,25.256271362304688,0.25622441652660655,-0.052375933955712384
28.5234375,957.6826171875,25.256271362304688,0.03177552007036866,-0.05196674697168291
28.5390625,957.478271484375,25.256271362304688,-0.1691996716668882,-0.05156075676096705
28.5546875,957.805419921875,25.245834350585938,0.15486382900041917,-0.06151341091347007
28.5703125,957.821533203125,25.25775146484375,0.16763771356579582,-0.04920882558803541
28.5859375,957.7233276367188,25.24657440185547,0.06807605053529642,-0.059914123821815934
28.6015625,957.5822143554688,25.235031127929688,-0.07161072230235277,-0.07089913682769478
28.6171875,957.5103759765624,25.23651885986328,-0.1406473609507657,-0.06886912829336467
28.6328125,957.5455932617188,25.234283447265625,-0.10337089462655058,-0.07054903666530876
28.6484375,957.6177368164062,25.232421875,-0.03061743095588554,-0.07184490104866015
28.6640625,957.352294921875,25.226089477539062,-0.2902769167861834,-0.07756653836499083
28.6796875,957.4443359375,25.226089477539062,-0.19436410621665345,-0.07696054978401534
28.6953125,957.6775512695312,25.212303161621094,0.03809241281044251,-0.09003790581368776
28.7109375,957.6368408203124,25.215652465820312,-0.0025669028848369635,-0.08601134691435419
28.7265625,957.4609985351562,25.21080780029297,-0.17492463358701116,-0.09014619984449723
28.7421875,957.46044921875,25.20448303222656,-0.17204672440743707,-0.09571728847410199
28.7578125,957.6801147460938,25.19515991210937,0.046688748191513696,-0.10421978039916979
28.7734375,957.50537109375,25.201499938964844,-0.1255538318055187,-0.09711506796913838
28.7890625,957.5748901367188,25.185104370117188,-0.054940359367265046,-0.11262383496666217
28.8046875,957.51171875,25.18212890625,-0.1158048760452175,-0.11469617931171072
28.8203125,957.6390991210938,25.18212890625,0.011349411160836098,-0.11380011541083945
28.8359375,957.5863037109376,25.166099548339844,-0.04063650682746811,-0.1288151805606752
28.8515625,957.6318359375,25.173561096191406,0.004800100208854019,-0.12040555745357295
28.8671875,957.4884033203124,25.169830322265625,-0.135924850631568,-0.12316651629045339
28.8828125,957.5985107421876,25.176910400390625,-0.025313182100944687,-0.1151795128672859
28.8984375,957.5642700195312,25.169456481933597,-0.058390742555047837,-0.12167535764209347
28.9140625,957.5548095703124,25.15492248535156,-0.06652597318452536,-0.13514521864425433
28.9296875,957.5980224609376,25.158279418945312,-0.02285774891561232,-0.13075868907354504
28.9453125,957.7628784179688,25.152320861816406,0.139224805613253,-0.13564914271649542
28.9609375,957.4639892578124,25.145240783691406,-0.15654591011843877,-0.14161414880367218
28.9765625,957.5602416992188,25.152687072753903,-0.05911586190131857,-0.13311967333694952
28.9921875,957.3602905273438,25.141510009765625,-0.254007130772834,-0.1431694180726879
29.0078125,957.5291137695312,25.13927459716797,-0.08352014076137948,-0.14426885543073098
29.0234375,957.5546875,25.12735748291016,-0.05681464446661266,-0.15496576680034835
29.0390625,957.534912109375,25.137420654296875,-0.07509413596869763,-0.14377054388696564
29.0546875,957.4088745117188,25.126617431640625,-0.1972033794526169,-0.15336615899209605
29.0703125,957.4121704101562,25.12921905517578,-0.19012022552658436,-0.14958668752368354
29.0859375,957.5161743164062,25.119537353515625,-0.08443435991569004,-0.1580241048933395
29.1015625,957.514404296875,25.131088256835938,-0.08452070016085145,-0.1453288796857386
29.1171875,957.3259887695312,25.110595703125,-0.2676054418111562,-0.16452595344826548
29.1328125,957.6001586914062,25.110595703125,0.006436267562548892,-0.1632405944369495
29.1484375,957.5779418945312,25.109474182128903,-0.015472315849365259,-0.1630780364062261
29.1640625,957.5287475585938,25.10350799560547,-0.06340363124411397,-0.1677235649380222
29.1796875,957.5341796875,25.104263305664062,-0.05683924643278715,-0.1656638153881822
29.1953125,957.4207763671876,25.10127258300781,-0.16691751661346643,-0.16733692446596393
29.2109375,957.4584350585938,25.091964721679688,-0.1267342387775443,-0.17526474840506978
29.2265625,957.6293334960938,25.08638000488281,0.043301616716121316,-0.17943657875505892
29.2421875,957.6232299804688,25.094940185546875,0.03647157567922932,-0.16954142623090718
29.2578125,957.4940185546876,25.08824157714844,-0.09092852490459791,-0.17486315935880015
29.2734375,957.3624877929688,25.08525848388672,-0.21811437868154826,-0.1764568287719257
29.2890625,957.4591674804688,25.072967529296875,-0.11906291986940687,-0.18727319130425713
29.3046875,957.6217651367188,25.090850830078125,0.042684448560635246,-0.16806653200329436
29.3203125,957.4647216796876,25.084510803222656,-0.11212543408635156,-0.1730440076176798
29.3359375,957.6414794921876,25.07221221923828,0.06337002727275376,-0.18389460260516444
29.3515625,957.5026245117188,25.07221221923828,-0.07401063770396377,-0.18245792602231248
29.3671875,957.7083129882812,25.07221221923828,0.12910600606835487,-0.18103247347526263
29.3828125,957.7297973632812,25.07221221923828,0.14764916268813977,-0.17961815727623787
29.3984375,957.9623413085938,25.07221221923828,0.37276746136001293,-0.1782148904225167
29.4140625,957.8592529296876,25.066627502441406,0.26441191287472066,-0.18236367278798937
29.4296875,957.7684326171876,25.063270568847656,0.1702011394298779,-0.18426966414438084
29.4453125,957.6588134765624,25.06402587890625,0.059398756640462125,-0.18208064819449277
29.4609375,957.6134033203124,25.05582427978516,0.013715385539057934,-0.18879566725842878
29.4765625,957.6167602539062,25.066627502441406,0.016738875399823883,-0.1766018786287269
29.4921875,957.5830078125,25.05768585205078,-0.016681269795412845,-0.1840939701988873
29.5078125,957.5900268554688,25.0465087890625,-0.009473511458963912,-0.19374547824039468
29.5234375,957.5962524414062,25.05694580078125,-0.0031844894760979514,-0.18187636912694316
29.5390625,957.575927734375,25.05396270751953,-0.02305003251308335,-0.18341524783874874
29.5546875,957.577392578125,25.058799743652344,-0.02116360304501086,-0.17718306942698447
29.5703125,957.5792236328124,25.05768585205078,-0.018954959522488934,-0.17690401602051153
29.5859375,957.5790405273438,25.04241180419922,-0.01876427465924735,-0.1906766727480722
29.6015625,957.5704956054688,25.06513977050781,-0.026775813789413405,-0.1666366071704246
29.6171875,957.5792236328124,25.058799743652344,-0.01769529061675712,-0.17162525407256268
29.6328125,957.5723876953124,25.049118041992188,-0.02405210256756618,-0.1798904951410556
29.6484375,957.5712890625,25.05321502685547,-0.02465951007957301,-0.17442012347872904
29.6640625,957.5859375,25.04241180419922,-0.009815543818262995,-0.18377628874329943
29.6796875,957.577392578125,25.05432891845703,-0.018001862847654593,-0.17051652468481748
29.6953125,957.5780029296876,25.05023193359375,-0.017051833330242516,-0.17324934150475357
29.7109375,957.5867919921876,25.05023193359375,-0.008101388587419933,-0.17189583102424777
29.7265625,957.5770263671876,25.049118041992188,-0.017518048478336823,-0.17165808416779527
29.7421875,957.5743408203124,25.05768585205078,-0.019808993881838433,-0.1618161313427251
29.7578125,957.5667114257812,25.054702758789062,-0.02690248238923232,-0.16351173066222202
29.7734375,957.56640625,25.056198120117188,-0.02667625859680811,-0.1607506164486736
29.7890625,957.5770874023438,25.05097961425781,-0.015682701834066393,-0.16467248854002037
29.8046875,957.5659790039062,25.04241180419922,-0.026267836594342953,-0.17188685876580934
29.8203125,957.576171875,25.056198120117188,-0.01576100133070213,-0.1568653823568411
29.8359375,957.5751953125,25.058799743652344,-0.016410658287099977,-0.15305857320588956
29.8515625,957.5729370117188,25.0606689453125,-0.018304330961541382,-0.15000820458053354
29.8671875,957.5737915039062,25.05097961425781,-0.017109021610508535,-0.15844989863807513
29.8828125,957.5770263671876,25.058799743652344,-0.013603178674316041,-0.14945297417132508
29.8984375,957.5650634765624,25.05097961425781,-0.025066732008554027,-0.1560444074442522
29.9140625,957.5659790039062,25.05768585205078,-0.02367950144855513,-0.14817146520087832
29.9296875,957.5636596679688,25.05023193359375,-0.02549104759339116,-0.15440956034808195
29.9453125,957.5629272460938,25.05023193359375,-0.025711292330356628,-0.15320323565786254
29.9609375,957.56591796875,25.05768585205078,-0.022276808547644578,-0.1446106506602014
29.9765625,957.55810546875,25.050613403320312,-0.029501626740056963,-0.15049807517668157
29.9921875,957.5801391601562,25.05097961425781,-0.007322077221829204,-0.1489589590498177
30.0078125,957.5617065429688,25.059555053710938,-0.025251673034176747,-0.1392867733498413
30.0234375,957.5595703125,25.0606689453125,-0.026852983512640094,-0.13709340610962073
30.0390625,957.5701293945312,25.05768585205078,-0.01597566121813543,-0.1389821517200005
30.0546875,957.561767578125,25.065887451171875,-0.023862136264483524,-0.12975882953172757
30.0703125,957.5633544921876,25.0606689453125,-0.02184015926820848,-0.13392282495836128
30.0859375,957.5621948242188,25.066627502441406,-0.02255061186133389,-0.1269645469870362
30.1015625,957.5621948242188,25.07221221923828,-0.02211017022341366,-0.12043155026680097
30.1171875,957.567138671875,25.06774139404297,-0.016831042829494436,-0.12392657565381526
30.1328125,957.5641479492188,25.06774139404297,-0.01943462162864762,-0.12295839928151864
30.1484375,957.5530395507812,25.06737518310547,-0.02994647670550421,-0.1223611367016808
30.1640625,957.5603637695312,25.07221221923828,-0.022180416979836082,-0.11660594353317322
30.1796875,957.55419921875,25.07221221923828,-0.027791355109457072,-0.11569495959932041
30.1953125,957.5609130859376,25.07221221923828,-0.02066581823589786,-0.11479109272745092
30.2109375,957.5529174804688,25.06700134277344,-0.0281016302729995,-0.11906445380797592
30.2265625,957.5782470703124,25.06700134277344,-0.0027178990147831428,-0.1181342627626023
30.2421875,957.5597534179688,25.06700134277344,-0.020797263245981412,-0.11721133883477108
30.2578125,957.55859375,25.072586059570312,-0.021528084901888178,-0.11075453905322874
30.2734375,957.5455932617188,25.075942993164062,-0.033854186988151014,-0.10655856166682653
30.2890625,957.564453125,25.077056884765625,-0.014701465821985948,-0.10462088358037747
30.3046875,957.5595703125,25.07855224609375,-0.019201772886049184,-0.1023198541096555
30.3203125,957.5591430664062,25.08599853515625,-0.019245639702830886,-0.09413236532022395
30.3359375,957.5574951171876,25.0748291015625,-0.020485511012793722,-0.10447912860995956
30.3515625,957.5508422851562,25.082275390625,-0.026608297281541127,-0.09627477048849542
30.3671875,957.56201171875,25.081153869628903,-0.015137323381395618,-0.09663538295736984
30.3828125,957.5650024414062,25.079673767089844,-0.011909362429719295,-0.09734895826598944
30.3984375,957.5383911132812,25.07221221923828,-0.03776833331733087,-0.1039916740385074
30.4140625,957.5455932617188,25.072586059570312,-0.029969189081384684,-0.10280831938064594
30.4296875,957.5573120117188,25.063270568847656,-0.017893985193040862,-0.11124784283687106
30.4453125,957.5563354492188,25.077438354492188,-0.018501982308407605,-0.09632161924552562
30.4609375,957.5626831054688,25.084510803222656,-0.011916936877582884,-0.08855191137040919
30.4765625,957.5401611328124,25.07929992675781,-0.03376627458214898,-0.09303026605529396
30.4921875,957.5519409179688,25.07109832763672,-0.021557065804131526,-0.10044099122969286
30.5078125,957.5386352539062,25.081527709960938,-0.03418181717393054,-0.08930839321089934
30.5234375,957.5490112304688,25.068862915039062,-0.02334088278701074,-0.10117652260048615
30.5390625,957.5692138671876,25.074447631835938,-0.0030769521996489857,-0.09484499482077169
30.5546875,957.5469970703124,25.07817840576172,-0.024799730538234144,-0.09040239104424685
30.5703125,957.5443725585938,25.082275390625,-0.02688861252534025,-0.08563114519517612
30.5859375,957.5571899414062,25.08861541748047,-0.013796401007539316,-0.07867165647767749
30.6015625,957.5590209960938,25.08414459228516,-0.011731648149748253,-0.08249293103491695
30.6171875,957.5512084960938,25.08414459228516,-0.019162426506227348,-0.08184845501120819
30.6328125,957.5358276367188,25.072586059570312,-0.03386861232888805,-0.09267724563444446
30.6484375,957.5388793945312,25.080039978027344,-0.03021496282656244,-0.08455751993383842
30.6640625,957.53662109375,25.08264923095703,-0.031839020177926614,-0.0813080461681821
30.6796875,957.5503540039062,25.079673767089844,-0.01775247506031974,-0.08362504511321944
30.6953125,957.5850830078124,25.082275390625,0.01664495601676208,-0.08039042609698299
30.7109375,957.5454711914062,25.082275390625,-0.022518288897344974,-0.07976237589310031
30.7265625,957.56201171875,25.09606170654297,-0.005861008398255763,-0.06546062200657587
30.7421875,957.576904296875,25.091964721679688,0.008855171880554735,-0.06901418806618764
30.7578125,957.5556640625,25.086746215820312,-0.012143166742589528,-0.07365275100426771
30.7734375,957.541015625,25.08749389648437,-0.02626833072224599,-0.07233549947817508
30.7890625,957.5404663085938,25.092330932617188,-0.026293864958006452,-0.06697113160047508
30.8046875,957.5668334960938,25.081527709960938,7.189046107214381e-05,-0.07716674211409469
30.8203125,957.5453491210938,25.08562469482422,-0.020994271950257826,-0.07249889977229174
30.8359375,957.55078125,25.08599853515625,-0.015258194937700864,-0.07156158241338417
30.8515625,957.532958984375,25.08824157714844,-0.032434357817351156,-0.06877698932415299
30.8671875,957.5454711914062,25.082275390625,-0.019533046278525035,-0.07415924478628355
30.8828125,957.5700073242188,25.094200134277344,0.004905370000074072,-0.061748294093831646
30.8984375,957.5596923828124,25.091964721679688,-0.005303915714762297,-0.06348383398296065
30.9140625,957.5440673828124,25.091590881347656,-0.020520147829756752,-0.0633587862344065
30.9296875,957.5408935546876,25.097923278808597,-0.023231202986721655,-0.05658087011117274
30.9453125,957.5673828125,25.0968017578125,0.003194420942350007,-0.05725159117674394
30.9609375,957.5764770507812,25.098670959472656,0.012048646348148395,-0.05494971459848941
30.9765625,957.5618286132812,25.09345245361328,-0.002549013980910786,-0.059698156235537425
30.9921875,957.5288696289062,25.08562469482422,-0.034814482763067645,-0.06699836881346855
31.0078125,957.5286254882812,25.09606170654297,-0.03437388464999458,-0.056119471492415585
31.0234375,957.5444946289062,25.08749389648437,-0.018143323243293707,-0.06418191216389602
31.0390625,957.5146484375,25.091590881347656,-0.04705221944152527,-0.05961551380607588
31.0546875,957.5360717773438,25.10127258300781,-0.025128315543156532,-0.04954370423853405
31.0703125,957.5676879882812,25.0968017578125,0.006361178687370739,-0.0535925409226401
31.0859375,957.5673217773438,25.0968017578125,0.005877878536011849,-0.053173849196682
31.1015625,957.531005859375,25.09979248046875,-0.02984354647503551,-0.049791070864333875
31.1171875,957.5498046875,25.08414459228516,-0.010829001194792909,-0.06492771718036394
31.1328125,957.55419921875,25.091590881347656,-0.006308796703706321,-0.05703235446069499
31.1484375,957.5550537109376,25.094200134277344,-0.00534777513098561,-0.05399792105029633
31.1640625,957.5602416992188,25.092330932617188,-0.00015666601291286497,-0.05543066081427739
31.1796875,957.575439453125,25.091964721679688,0.014747316645411956,-0.05536095869121738
31.1953125,957.5181884765624,25.097923278808597,-0.0416735103094652,-0.04901644530010074
31.2109375,957.5341796875,25.102027893066406,-0.025180691962191304,-0.04456095736227539
31.2265625,957.55615234375,25.091590881347656,-0.0031453787646569253,-0.05456829744758096
31.2421875,957.5255737304688,25.08861541748047,-0.03306532032627274,-0.05709420067949722
31.2578125,957.5595703125,25.08749389648437,0.0009130729997650633,-0.05776091135000527
31.2734375,957.5299682617188,25.091964721679688,-0.02812864618420008,-0.052873757356604045
31.2890625,957.5304565429688,25.09606170654297,-0.027100514056542124,-0.04839570395821724
31.3046875,957.5309448242188,25.104263305664062,-0.02609246263455134,-0.03988008839308321
31.3203125,957.556396484375,25.09345245361328,-0.0006282868048401724,-0.05029491747164627
31.3359375,957.5140991210938,25.09606170654297,-0.042087258482865764,-0.047313120287725496
31.3515625,957.5603637695312,25.09606170654297,0.004095800307027275,-0.046943486535479195
31.3671875,957.5555419921876,25.08599853515625,-0.0007117977976349721,-0.05656129340718152
31.3828125,957.5440673828124,25.09606170654297,-0.011948391407713643,-0.046134855442179656
31.3984375,957.5720825195312,25.09606170654297,0.015752941691744127,-0.04577442688403721
31.4140625,957.55859375,25.08562469482422,0.002219950048015562,-0.05577228673870138
31.4296875,957.5526123046876,25.105377197265625,-0.003688028559963641,-0.035738379732471515
31.4453125,957.5472412109376,25.09308624267578,-0.008882186327355157,-0.047654105147923786
31.4609375,957.5552368164062,25.091964721679688,-0.0008692648262922376,-0.048394566564766706
31.4765625,957.5550537109376,25.091964721679688,-0.0010318161876057275,-0.048016484013480465
31.4921875,957.5550537109376,25.08562469482422,-0.0010116635277199748,-0.05393185062778727
31.5078125,957.5532836914062,25.105377197265625,-0.002727353311797742,-0.033912322028676556
31.5234375,957.5577392578124,25.08749389648437,0.0016944589323202308,-0.05139096950672695
31.5390625,957.5698852539062,25.0968017578125,0.01357013363895021,-0.041754333895951845
31.5546875,957.5556030273438,25.091590881347656,-0.0006981848586065098,-0.04659829465485288
31.5703125,957.5550537109376,25.095687866210938,-0.0012231360057057827,-0.04216926830882528
31.5859375,957.5603637695312,25.097923278808597,0.004007099881164322,-0.03962187246342097
31.6015625,957.5556640625,25.091590881347656,-0.0006790796667246468,-0.045595252190576474
31.6171875,957.5550537109376,25.098670959472656,-0.0012642470254604632,-0.038214274268188575
31.6328125,957.5606689453124,25.105003356933597,0.004266007127625926,-0.031632799644690124
31.6484375,957.5516357421876,25.08562469482422,-0.004674086700333646,-0.050612934709114654
31.6640625,957.5457763671876,25.10835266113281,-0.010327730026460813,-0.027667117084895665
31.6796875,957.5568237304688,25.102394104003903,0.0007055779176425858,-0.033362973634005755
31.6953125,957.5623168945312,25.105377197265625,0.0060776728008704595,-0.03014253755687335
31.7109375,957.5626220703124,25.109474182128903,0.006258183570594156,-0.02584207181317666
31.7265625,957.542236328125,25.109100341796875,-0.013851629737587245,-0.02601110033156928
31.7421875,957.5551147460938,25.0968017578125,-0.0009542037264509418,-0.03801038990722461
31.7578125,957.5513305664062,25.092330932617188,-0.004645836862891883,-0.042149330609547064
31.7734375,957.5428466796876,25.102027893066406,-0.01287328366777274,-0.03219883601845197
31.7890625,957.5493774414062,25.105377197265625,-0.006218644567297815,-0.02862414485189646
31.8046875,957.553466796875,25.109474182128903,-0.002087701420805388,-0.02433554155120632
31.8203125,957.5569458007812,25.0968017578125,0.001364128608770443,-0.03671884113426671
31.8359375,957.5181274414062,25.10053253173828,-0.036722702821521125,-0.03273034793341978
31.8515625,957.5542602539062,25.102394104003903,-0.0005783690261296215,-0.030627613357893324
31.8671875,957.5494384765624,25.097923278808597,-0.005294674761216811,-0.03482423200200202
31.8828125,957.5464477539062,25.097923278808597,-0.008123573249008587,-0.03455216768948688
31.8984375,957.5526123046876,25.10314178466797,-0.0019207603100994675,-0.029104492597067377
31.9140625,957.5513916015624,25.102767944335938,-0.00308010672756609,-0.029248033453090017
31.9296875,957.5562133789062,25.104263305664062,0.001707653612129434,-0.02753585437398698
31.9453125,957.5533447265624,25.104263305664062,-0.001138322975293704,-0.027320730511689817
31.9609375,957.5552368164062,25.098670959472656,0.0007390448594151167,-0.032655943291352685
31.9765625,957.5557861328124,25.109848022460938,0.0012631979595880694,-0.021311076550702523
31.9921875,957.5540161132812,25.10314178466797,-0.0004969227127276099,-0.027798429075360787
32.0078125,957.5680541992188,25.116920471191406,0.013276687380539443,-0.01391021331323472
32.0234375,957.5474243164062,25.105003356933597,-0.007209578333686295,-0.02562555157439661
32.0390625,957.5626220703124,25.113571166992188,0.007832156518247757,-0.016924477910215785
32.0546875,957.5556030273438,25.115806579589844,0.0007972324256115826,-0.014574306989803887
32.0703125,957.5460205078124,25.115066528320312,-0.00861369946699142,-0.015194714835434553
32.0859375,957.5575561523438,25.126617431640625,0.0028648758247982187,-0.0036153442376587464
32.1015625,957.5558471679688,25.115066528320312,0.0011333154449175709,-0.01504776124892615
32.1171875,957.5458984375,25.110595703125,-0.008643238949161969,-0.019366097487644396
32.1328125,957.55224609375,25.109474182128903,-0.0022507470995378753,-0.020327558964336134
32.1484375,957.5520629882812,25.116180419921875,-0.002386316385354803,-0.013514904599713162
32.1640625,957.5460815429688,25.110595703125,-0.008204328852229992,-0.01895040560442851
32.1796875,957.5570678710938,25.119911193847656,0.0027276633494466296,-0.009559642109259414
32.1953125,957.5550537109376,25.12027740478516,0.0006995675840926197,-0.009121607490726547
32.2109375,957.5385131835938,25.12027740478516,-0.015531566014487908,-0.00905034493220569
32.2265625,957.537841796875,25.11431884765625,-0.015886488812611788,-0.014891645013761945
32.2421875,957.5458374023438,25.119911193847656,-0.007736764528544882,-0.00922664805030493
32.2578125,957.5286254882812,25.110595703125,-0.024461399712322418,-0.018397278313798893
32.2734375,957.55224609375,25.12474822998047,-0.0008243724810199637,-0.004211589337561605
32.2890625,957.5389404296876,25.109100341796875,-0.013854059267146113,-0.0197043253530218
32.3046875,957.5520629882812,25.12549591064453,-0.0007172135509563304,-0.0032829068451682986
32.3203125,957.5469970703124,25.126617431640625,-0.005670179732305769,-0.002144500022129847
32.3359375,957.5502319335938,25.115806579589844,-0.0023877516765651308,-0.012854138384842173
32.3515625,957.5202026367188,25.119911193847656,-0.03178390307209611,-0.008681168469788503
32.3671875,957.5550537109376,25.12549591064453,0.003007265460269082,-0.0030722606442203926
32.3828125,957.5439453125,25.12176513671875,-0.00794290772387285,-0.006749885862422644
32.3984375,957.5534057617188,25.12921905517578,0.0014879020125135867,0.0006985323399639753
32.4140625,957.5548095703124,25.116920471191406,0.002835231883409506,-0.01150942624093787
32.4296875,957.5528564453124,25.12921905517578,0.0008648782333011695,0.0007829924485669437
32.4453125,957.5560913085938,25.13890838623047,0.004019668438218105,0.010390508475886406
32.4609375,957.5497436523438,25.138160705566406,-0.002282519299797059,0.009567493219545753
32.4765625,957.5717163085938,25.129966735839844,0.019305563962916494,0.0013627928406947376
32.4921875,957.5481567382812,25.13145446777344,-0.004170920288061097,0.0028282550494935776
32.5078125,957.5488891601562,25.132568359375,-0.0033713402409603077,0.003911348630342815
32.5234375,957.5478515625,25.134803771972656,-0.00432282582892185,0.0060987396559042395
32.5390625,957.5584716796876,25.13182830810547,0.006174297386792205,0.0030988751966170014
32.5546875,957.556396484375,25.1251220703125,0.004019041486799324,-0.0035791800760662795
32.5703125,957.5352783203124,25.11767578125,-0.01676515533802103,-0.010939332660921508
32.5859375,957.5548095703124,25.134063720703125,0.0027120693756614855,0.005406039551640873
32.6015625,957.5546875,25.138160705566406,0.0025394131440634737,0.009428782036682293
32.6171875,957.5366821289062,25.12438201904297,-0.015163888458459951,-0.004315920857951738
32.6328125,957.5481567382812,25.144500732421875,-0.0036172228514033122,0.015679333204385415
32.6484375,957.5558471679688,25.13182830810547,0.003993652015083171,0.0029834174122918
32.6640625,957.5397338867188,25.138160705566406,-0.01188291772643879,0.009243035069530947
32.6796875,957.5452880859376,25.131088256835938,-0.006205110724181395,0.0021536286332874965
32.6953125,957.547607421875,25.133323669433597,-0.003809880748008254,0.00435475184633205
32.7109375,957.5565185546876,25.126235961914062,0.005001618235269234,-0.0027116044570050235
32.7265625,957.54833984375,25.13182830810547,-0.0031150401105151104,0.002858235939601883
32.7421875,957.556396484375,25.148216247558597,0.00484508487943458,0.019095814647474896
32.7578125,957.55810546875,25.1322021484375,0.006426060089324892,0.0030576396238259917
32.7734375,957.5477905273438,25.132568359375,-0.0038129266037003617,0.003397101728815244
32.7890625,957.5435791015624,25.132568359375,-0.007867626752499746,0.0033705618715593744
32.8046875,957.509765625,25.13443756103516,-0.04086701926576097,0.005198827879127066
32.8203125,957.5419311523438,25.141891479492188,-0.008531540907938506,0.01255389675540286
32.8359375,957.5770874023438,25.138160705566406,0.026104695242565867,0.008754192182514942
32.8515625,957.6213989257812,25.141143798828125,0.0690409019089202,0.011645587901700338
32.8671875,957.6260986328124,25.137039184570312,0.07230036267174,0.007482059787296436
32.8828125,957.7029418945312,25.144500732421875,0.1462306629766772,0.014826860704179268
32.8984375,957.6675415039062,25.12885284423828,0.10866561859484136,-0.0008146132022304187
32.9140625,957.6775512695312,25.144500732421875,0.11635750562174962,0.014717390020571486
32.9296875,957.6295166015624,25.130332946777344,0.06698840722992827,0.0005453105918533652
32.9453125,957.6788940429688,25.14300537109375,0.11409307815506509,0.013114471354288781
32.9609375,957.8533325195312,25.13927459716797,0.2828961727894921,0.009310387292348565
32.9765625,957.799560546875,25.12847900390625,0.2246491180993644,-0.0014736027977342303
32.9921875,957.8634033203124,25.12921905517578,0.28285728428022594,-0.000727820656887701
33.0078125,957.8635864257812,25.134063720703125,0.2775122571367774,0.004084682019904307
33.0234375,957.8848876953124,25.13070678710937,0.2929773249751406,0.0007220628915725058
33.0390625,957.6906127929688,25.134803771972656,0.09677464093942945,0.004781398944270876
33.0546875,957.99365234375,25.123260498046875,0.3920053207885985,-0.006709047833219017
33.0703125,957.8114624023438,25.12362670898437,0.20571742275376437,-0.006293283482474266
33.0859375,957.8248901367188,25.12027740478516,0.21486497827856965,-0.009567254965421768
33.1015625,957.876708984375,25.115806579589844,0.2614751574595857,-0.013928407659481223
33.1171875,957.8197631835938,25.119911193847656,0.2005346426807364,-0.009747045015718214
33.1328125,957.74169921875,25.10053253173828,0.12007867241050008,-0.028898162538180117
33.1484375,958.0071411132812,25.105003356933597,0.3779908683686699,-0.02423649876987355
33.1640625,957.8094482421876,25.109474182128903,0.1767765520157809,-0.019611254249767285
33.1796875,957.843017578125,25.102027893066406,0.20623756982911345,-0.026846156255135867
33.1953125,957.7053833007812,25.0968017578125,0.0672633844289976,-0.03182172673162853
33.2109375,957.9496459960938,25.105743408203125,0.3054415859965047,-0.022701325744588274
33.2265625,957.9076538085938,25.096435546875,0.25830390243208967,-0.03175911529870845
33.2421875,958.0779418945312,25.10314178466797,0.4202210510967461,-0.02485715190022475
33.2578125,957.7116088867188,25.08861541748047,0.052835542438856464,-0.03907583534485326
33.2734375,957.849365234375,25.09009552001953,0.1868693922416469,-0.03730201614324713
33.2890625,957.9114379882812,25.08898162841797,0.24407999485595155,-0.03811578346555322
33.3046875,958.1795654296876,25.091964721679688,0.5022033847727698,-0.03485821606161821
33.3203125,957.8594970703124,25.07817840576172,0.17857770068269474,-0.04826449657349485
33.3359375,957.9317016601562,25.07221221923828,0.24588419891472313,-0.053807005885236237
33.3515625,957.8623046875,25.072967529296875,0.17304021012057547,-0.05263722945299776
33.3671875,957.9176635742188,25.0748291015625,0.22393817697923168,-0.0503789723655963
33.3828125,957.8472290039062,25.065887451171875,0.15050548934902963,-0.05885718039093746
33.3984375,958.1119995117188,25.070358276367188,0.4071651378419574,-0.05396146179565875
33.4140625,957.9007568359376,25.066627502441406,0.19209585147370944,-0.05724151512986708
33.4296875,957.7739868164062,25.05023193359375,0.06404993678722803,-0.07306179425894754
33.4453125,957.824951171875,25.04241180419922,0.11276791936040809,-0.08025003362493521
33.4609375,957.7657470703124,25.050613403320312,0.05251764948138771,-0.07148555610928042
33.4765625,958.0293579101562,25.041671752929688,0.30995410476816687,-0.07979886894912624
33.4921875,957.9197998046876,25.03012084960937,0.1964820149381694,-0.09063610217358686
33.5078125,957.8566284179688,25.026763916015625,0.13070690501194804,-0.09325871517540207
33.5234375,957.8917846679688,25.03012084960937,0.16262364026556497,-0.08919942391304758
33.5390625,957.8780517578124,25.01596069335937,0.1459827080367404,-0.10255208344302247
33.5546875,957.8887329101562,25.022666931152344,0.15360401935754453,-0.0950970499809074
33.5703125,957.958251953125,25.00701904296875,0.2187651900152332,-0.10987974333509243
33.5859375,957.9191284179688,25.017822265625,0.17613302878748982,-0.0983024853610388
33.6015625,958.1326293945312,25.0103759765625,0.3820239661829419,-0.10492261212335663
33.6171875,957.8544311523438,24.987266540527344,0.10179787782362837,-0.1270317977822728
33.6328125,957.961669921875,25.002914428710938,0.20495390033624972,-0.11051372280493865
33.6484375,957.8395385742188,25.002914428710938,0.08120492469799956,-0.10965033434552396
33.6640625,958.0855102539062,24.9891357421875,0.3207864363311046,-0.1224647316434222
33.6796875,957.948486328125,24.997329711914062,0.18017339901564355,-0.11337802158938359
33.6953125,957.9732666015624,24.998825073242188,0.20095067103795827,-0.11100857697796584
33.7109375,957.86474609375,24.98764038085937,0.09062488660003964,-0.12123863444390182
33.7265625,957.7255249023438,24.976089477539062,-0.04764715822796006,-0.1317521195004261
33.7421875,957.8139038085938,24.972373962402344,0.03993620606843251,-0.1344092937415411
33.7578125,957.8540649414062,24.966033935546875,0.07853293773086989,-0.1396497165298456
33.7734375,957.7501831054688,24.962677001953125,-0.024853802538586933,-0.14188941066950633
33.7890625,957.9357299804688,24.95672607421875,0.15755453588985802,-0.14668533576010034
33.8046875,957.8412475585938,24.959701538085938,0.06184023678804351,-0.14258713851874916
33.8203125,957.9459838867188,24.96379852294922,0.16332311637961539,-0.13740819933003579
33.8359375,957.7763061523438,24.94107818603516,-0.0062305043626338374,-0.15887753205468869
33.8515625,957.7738647460938,24.948524475097656,-0.008502537358481277,-0.15024818640631565
33.8671875,957.774658203125,24.95038604736328,-0.007558512352034086,-0.1472273437177165
33.8828125,957.6926879882812,24.93213653564453,-0.08778011924277962,-0.16418406750337056
33.8984375,957.8060913085938,24.953369140625,0.025122747923774114,-0.14183465422194175
33.9140625,957.8243408203124,24.9317626953125,0.042525145196236736,-0.16216421594432973
33.9296875,957.8496704101562,24.92914581298828,0.0665294472463529,-0.16349374593832522
33.9453125,957.8340454101562,24.9317626953125,0.04991021976104548,-0.15962001311712015
33.9609375,957.9520874023438,24.92543029785156,0.1646718953089703,-0.16465590737042035
33.9765625,957.7459106445312,24.933616638183597,-0.04069422065776962,-0.15524714854589305
33.9921875,957.8817749023438,24.91499328613281,0.09331124736650054,-0.1725121373107683
34.0078125,957.8631591796876,24.919090270996094,0.07323662774331297,-0.1670994090689888
34.0234375,957.8881225585938,24.912384033203125,0.09628203776958344,-0.17244779024584744
34.0390625,957.6449584960938,24.91499328613281,-0.144013235184957,-0.1685116737433816
34.0546875,957.594970703125,24.922821044921875,-0.19021194557262788,-0.15942857186873383
34.0703125,957.6805419921876,24.9105224609375,-0.10259689368751879,-0.17038553744800566
34.0859375,957.7822265625,24.91126251220703,-0.0008945045592554379,-0.1683201308177047
34.1015625,957.7872924804688,24.913131713867188,0.0040899404913261606,-0.165150531273504
34.1171875,957.691162109375,24.908660888671875,-0.09024276594220737,-0.16829618962140458
34.1328125,957.6434326171876,24.89599609375,-0.13527748746298585,-0.17954722685153612
34.1484375,957.599609375,24.900840759277344,-0.17560266852456152,-0.17333769756384854
34.1640625,957.6092529296876,24.901206970214844,-0.16271772489483283,-0.17162014688707927
34.1796875,957.6001586914062,24.91425323486328,-0.16845626077042652,-0.15733502378365216
34.1953125,957.6015625,24.90791320800781,-0.1637897089700573,-0.1623963393060066
34.2109375,957.5966186523438,24.912384033203125,-0.1654379793484395,-0.15669172103170226
34.2265625,957.5633544921876,24.905311584472656,-0.19482123834234244,-0.16248476218590469
34.2421875,957.5779418945312,24.89561462402344,-0.17671364388934307,-0.1708365529270317
34.2578125,957.576904296875,24.90679168701172,-0.174279537609209,-0.1584121501736071
34.2734375,957.5712890625,24.91126251220703,-0.1763812022188631,-0.15273865837690082
34.2890625,957.5662841796876,24.89413452148437,-0.17784338805802236,-0.16853956590346897
34.3046875,957.5767211914062,24.89337921142578,-0.16413672055148254,-0.16797225974360686
34.3203125,957.5614013671876,24.884071350097656,-0.17595153413003572,-0.17589512012585828
34.3359375,957.5829467773438,24.89337921142578,-0.15139037936501154,-0.16528579583837555
34.3515625,957.5614013671876,24.891525268554688,-0.1695581373820687,-0.1658339595008016
34.3671875,957.569580078125,24.89337921142578,-0.15822748452194446,-0.1626989227497866
34.3828125,957.5601196289062,24.88519287109375,-0.16441277878482197,-0.16955022196399128
34.3984375,957.559814453125,24.89375305175781,-0.1615008070159547,-0.159732306602276
34.4140625,957.5614013671876,24.89599609375,-0.15679057473164448,-0.15625887973031993
34.4296875,957.5616455078124,24.89002990722656,-0.1534888865656967,-0.1609576829236552
34.4453125,957.556640625,24.89337921142578,-0.15539818794491111,-0.15637706326564782
34.4609375,957.5490112304688,24.89413452148437,-0.15984345000595113,-0.15440595826012782
34.4765625,957.5723876953124,24.895248413085938,-0.13380161435839,-0.15209447238779106
34.4921875,957.5491943359376,24.895248413085938,-0.15392866565241548,-0.15090623432226025
34.5078125,957.55419921875,24.895248413085938,-0.14601511520640997,-0.14972727936661911
34.5234375,957.5547485351562,24.889663696289062,-0.14262466991738165,-0.15409862119346585
34.5390625,957.5474243164062,24.886306762695312,-0.14702019943558753,-0.15622543326544047
34.5546875,957.5513305664062,24.889663696289062,-0.14031875511068392,-0.15167421451800678
34.5703125,957.5547485351562,24.891525268554688,-0.13422694287703507,-0.1486422309847839
34.5859375,957.5537109375,24.877731323242188,-0.13262265497598946,-0.1611671436699602
34.6015625,957.55224609375,24.88519287109375,-0.1314686022665228,-0.15250477085106695
34.6171875,957.5548706054688,24.877731323242188,-0.12632760440430957,-0.1587165818377656
34.6328125,957.5590209960938,24.877731323242188,-0.11979094007267577,-0.15747660854215795
34.6484375,957.546142578125,24.889663696289062,-0.13007815964215297,-0.14440717115547486
34.6640625,957.5523071289062,24.903076171875,-0.12149342118789264,-0.12997129951040165
34.6796875,957.5457763671876,24.88443756103516,-0.12552371058416156,-0.14744889542562944
34.6953125,957.5419311523438,24.888168334960938,-0.1268421886032911,-0.14259532367563565
34.7109375,957.5422973632812,24.87512969970703,-0.12400574372702522,-0.15441806862540375
34.7265625,957.5421752929688,24.891525268554688,-0.12170344267155997,-0.13694419899823274
34.7421875,957.548828125,24.88519287109375,-0.11280352840128671,-0.14215724804933316
34.7578125,957.5536499023438,24.87549591064453,-0.10587273248222573,-0.15066784749465612
34.7734375,957.5531616210938,24.888168334960938,-0.10428365018276509,-0.13691733393466876
34.7890625,957.5281982421876,24.876991271972656,-0.12672267305197238,-0.14693740944698774
34.8046875,957.5276489257812,24.879600524902344,-0.12478620841420707,-0.14320059279451058
34.8203125,957.5530395507812,24.87364196777344,-0.09745426342567498,-0.14799384406463645
34.8359375,957.5352172851562,24.884071350097656,-0.1130250343426269,-0.13648973938307307
34.8515625,957.5332641601562,24.87512969970703,-0.11273249216799286,-0.14429520704108967
34.8671875,957.5243530273438,24.876617431640625,-0.11926777293012947,-0.14169179170821877
34.8828125,957.5460815429688,24.88519287109375,-0.09563419368589621,-0.13207638075310157
34.8984375,957.5653686523438,24.86878967285156,-0.07485593032049564,-0.14731958228439268
34.9140625,957.5236206054688,24.876617431640625,-0.11432655576584239,-0.1384020436242679
34.9296875,957.544189453125,24.87512969970703,-0.09192650287309334,-0.13879688668631474
34.9453125,957.5396728515624,24.884071350097656,-0.09455945005220201,-0.12884074226213116
34.9609375,957.5399780273438,24.87512969970703,-0.09241337047649267,-0.13670596771015653
34.9765625,957.5354614257812,24.88519287109375,-0.09503680852265006,-0.12565339947716225
34.9921875,957.540771484375,24.877731323242188,-0.08797427434433303,-0.13207498680272067
35.0078125,957.5399780273438,24.889663696289062,-0.08703398662214568,-0.1192039995858778
35.0234375,957.5449829101562,24.87811279296875,-0.08042697287589817,-0.12973338022723624
35.0390625,957.5399780273438,24.879600524902344,-0.0837632647569535,-0.12724372916634863
35.0546875,957.5487060546876,24.889663696289062,-0.07356970543241914,-0.11626508467197638
35.0703125,957.5411987304688,24.889663696289062,-0.07949349391594751,-0.11535676369797798
35.0859375,957.5375366210938,24.889663696289062,-0.08153147041412012,-0.11445553898158778
35.1015625,957.5474243164062,24.879600524902344,-0.0702444826191595,-0.12354590794355502
35.1171875,957.5487060546876,24.88593292236328,-0.06761581573744024,-0.11629777993197266
35.1328125,957.5421142578124,24.87364196777344,-0.07275824517887486,-0.12758413503336286
35.1484375,957.5419921875,24.89673614501953,-0.0714568718293549,-0.10367362999205909
35.1640625,957.5419921875,24.901206970214844,-0.07006122980146756,-0.09842778288427212
35.1796875,957.536376953125,24.89673614501953,-0.07419840823547474,-0.10209471270396264
35.1953125,957.5298461914062,24.897850036621094,-0.07915242835360914,-0.10019190843753734
35.2109375,957.54833984375,24.888168334960938,-0.05947403429092901,-0.10901522251880635
35.2265625,957.5256958007812,24.891525268554688,-0.08051420856315872,-0.10483283354282946
35.2421875,957.5586547851562,24.89599609375,-0.04662641121569777,-0.09957793015730232
35.2578125,957.5560913085938,24.901206970214844,-0.04822914778253562,-0.09362981108548496
35.2734375,957.5462036132812,24.89413452148437,-0.056981748503289964,-0.09991552341114485
35.2890625,957.5325317382812,24.903076171875,-0.06927366991919826,-0.09026313963754262
35.3046875,957.5469970703124,24.897850036621094,-0.05373786253869639,-0.09474326493135976
35.3203125,957.5237426757812,24.90716552734375,-0.07548850204898372,-0.08476036972269796
35.3359375,957.533935546875,24.908660888671875,-0.06402032566313665,-0.08261450051649177
35.3515625,957.5421142578124,24.908660888671875,-0.054750958188151344,-0.08196907473120518
35.3671875,957.5525512695312,24.891525268554688,-0.0434484397022743,-0.09833043941988961
35.3828125,957.535888671875,24.90381622314453,-0.05893699366015426,-0.08536730135481108
35.3984375,957.5489501953124,24.90679168701172,-0.044979464944958636,-0.08174815125725132
35.4140625,957.5369873046876,24.91499328613281,-0.055830200187529044,-0.07297196969759767
35.4296875,957.5371704101562,24.900466918945312,-0.0545602374002101,-0.0868147561281809
35.4453125,957.5301513671876,24.915733337402344,-0.06037656004912151,-0.0709893662830936
35.4609375,957.5397338867188,24.901206970214844,-0.04980196941414761,-0.08484764180285609
35.4765625,957.5314331054688,24.912384033203125,-0.05696793131528466,-0.07309502741758678
35.4921875,957.5363159179688,24.912017822265625,-0.05106783133840054,-0.07288732243043938
35.5078125,957.5357055664062,24.912384033203125,-0.05066884339112221,-0.0719545403094024
35.5234375,957.5338745117188,24.91499328613281,-0.05147450944423326,-0.06880352732206418
35.5390625,957.5439453125,24.912017822265625,-0.04059504247811674,-0.07121821782058291
35.5546875,957.5436401367188,24.91126251220703,-0.04010138587148049,-0.07141123469262212
35.5703125,957.5435791015624,24.919464111328125,-0.03937799874211123,-0.06271581029362494
35.5859375,957.5396118164062,24.92914581298828,-0.042498696322127216,-0.05261977965977138
35.6015625,957.5332641601562,24.91835021972656,-0.047892322248458186,-0.06291994032054404
35.6171875,957.5486450195312,24.91089630126953,-0.0318764733642638,-0.0698240630058713
35.6328125,957.5245361328124,24.91835021972656,-0.05489189601905764,-0.061882877794555924
35.6484375,957.5283203125,24.915733337402344,-0.050109518746808135,-0.06399585574284217
35.6640625,957.5372924804688,24.912017822265625,-0.04033388689572348,-0.06718237579456598
35.6796875,957.5467529296876,24.926544189453125,-0.030270440847289137,-0.052244633539825
35.6953125,957.5274047851562,24.92467498779297,-0.048649472382976455,-0.05369107086248093
35.7109375,957.519287109375,24.92207336425781,-0.055658414801655454,-0.055852907722659495
35.7265625,957.5368041992188,24.915733337402344,-0.037396377204800046,-0.06170705227673423
35.7421875,957.5526123046876,24.92095947265625,-0.021166625803630268,-0.0560396598585875
35.7578125,957.5262451171876,24.926544189453125,-0.0466054185125131,-0.050060763819043785
35.7734375,957.5354614257812,24.926544189453125,-0.03665885386578793,-0.0496696641017067
35.7890625,957.532958984375,24.92543029785156,-0.03839642622381234,-0.05038680917434135
35.8046875,957.5335083007812,24.91722869873047,-0.03710790845389056,-0.058130686355625016
35.8203125,957.534423828125,24.94219207763672,-0.03548549866661688,-0.03290818785992755
35.8359375,957.5340576171876,24.933616638183597,-0.03515148090082221,-0.04115953647466597
35.8515625,957.5509643554688,24.933616638183597,-0.017888399990397374,-0.04083797759595598
35.8671875,957.525146484375,24.934738159179688,-0.042852632977087524,-0.03940617178268013
35.8828125,957.5523071289062,24.92543029785156,-0.01538550429654606,-0.04833345472713191
35.8984375,957.521240234375,24.922439575195312,-0.045545125413241294,-0.050923207247571156
35.9140625,957.5196533203124,24.922439575195312,-0.04621149182980844,-0.05052536969094845
35.9296875,957.520263671875,24.93026733398437,-0.044710492996387075,-0.04236403581671766
35.9453125,957.5542602539062,24.93026733398437,-0.010504654891633436,-0.04203306678689955
35.9609375,957.5321655273438,24.934738159179688,-0.03196267478506343,-0.03726878657914767
35.9765625,957.5498046875,24.933616638183597,-0.014043758483694546,-0.03809038329730541
35.9921875,957.5294189453124,24.934738159179688,-0.03375704948632574,-0.0366800430644858
36.0078125,957.5282592773438,24.929519653320312,-0.03423475031718226,-0.04157121651039475
36.0234375,957.5634155273438,24.934738159179688,0.000903501642142146,-0.03606870509905846
36.0390625,957.5294799804688,24.944053649902344,-0.032386888099381395,-0.026544204889088263
36.0546875,957.5220336914062,24.92430877685547,-0.03905518542046593,-0.04592744451458941
36.0703125,957.5179443359376,24.934738159179688,-0.04230187407483754,-0.03522073357950717
36.0859375,957.5240478515624,24.92430877685547,-0.035491359261641264,-0.04529347437322784
36.1015625,957.5333251953124,24.933990478515625,-0.025702023021153764,-0.03533355573875241
36.1171875,957.5319213867188,24.936607360839844,-0.02657642084102463,-0.032461074403482115
36.1328125,957.5291137695312,24.934738159179688,-0.028810131035811537,-0.03406207078189283
36.1484375,957.5216064453124,24.94331359863281,-0.035608129956699486,-0.025287517021514105
36.1640625,957.552001953125,24.943679809570312,-0.0051108131178807525,-0.024726608380230886
36.1796875,957.5213623046876,24.944053649902344,-0.0350522103530011,-0.02416251204782327
36.1953125,957.554443359375,24.944053649902344,-0.0019326565314941035,-0.02397374242244865
36.2109375,957.5452270507812,24.944053649902344,-0.010931211900128801,-0.023786447559771773
36.2265625,957.5176391601562,24.95038604736328,-0.03776677630389713,-0.017317690332436797
36.2421875,957.54296875,24.929901123046875,-0.012194272662100047,-0.037507281721900654
36.2578125,957.5247192382812,24.936607360839844,-0.029849179217194433,-0.030560410773237123
36.2734375,957.5291137695312,24.936607360839844,-0.0249574868740865,-0.03032165756406968
36.2890625,957.5266723632812,24.938461303710938,-0.026863758492709167,-0.02824531067193803
36.3046875,957.5514526367188,24.944053649902344,-0.0020427919877192835,-0.022475988195527208
36.3203125,957.50537109375,24.953369140625,-0.0471844065393725,-0.013057681086365847
36.3359375,957.5609741210938,24.94666290283203,0.008254194616824861,-0.01960951326309157
36.3515625,957.53076171875,24.94740295410156,-0.02152933648221733,-0.01872204432173774
36.3671875,957.5143432617188,24.959701538085938,-0.03720662567138788,-0.006373277053473458
36.3828125,957.5525512695312,24.963058471679688,0.0009818238961543102,-0.0029927782764431754
36.3984375,957.524658203125,24.94554901123047,-0.026385632304823048,-0.020342064985616304
36.4140625,957.5227661132812,24.94331359863281,-0.027725422887897366,-0.022401091039657928
36.4296875,957.5206909179688,24.954116821289062,-0.02921857487615398,-0.011507260036658806
36.4453125,957.5340576171876,24.951133728027344,-0.015542268710873941,-0.014377147413235036
36.4609375,957.5380859375,24.957839965820312,-0.01128906659380391,-0.007610980638858678
36.4765625,957.5025024414062,24.959701538085938,-0.04595708294755241,-0.005704491120319233
36.4921875,957.5341186523438,24.94107818603516,-0.014060776853625612,-0.024137781896321542
36.5078125,957.553466796875,24.953369140625,0.005184098777704094,-0.011754273968151097
36.5234375,957.5462036132812,24.953369140625,-0.002038477690689433,-0.01166244370277525
36.5390625,957.5119018554688,24.94740295410156,-0.03563046527847291,-0.017490906552573904
36.5546875,957.5388793945312,24.95299530029297,-0.008483923750873146,-0.011805602858341757
36.5703125,957.5302734375,24.951133728027344,-0.016756094048105297,-0.01356040031831185
36.5859375,957.5281982421876,24.94554901123047,-0.01846349074014597,-0.018995545887722898
36.6015625,957.5380859375,24.954856872558597,-0.008408299423308563,-0.009611999523972514
36.6171875,957.552001953125,24.957839965820312,0.00540014361968133,-0.006577117932081933
36.6328125,957.5172729492188,24.959701538085938,-0.028756030984141034,-0.004678705465938293
36.6484375,957.505859375,24.957839965820312,-0.039385042601224995,-0.006489181811787148
36.6640625,957.5516357421876,24.959701538085938,0.006266494028068337,-0.004591456346581424
36.6796875,957.5231323242188,24.966033935546875,-0.021802609020028285,0.0017273400119002247
36.6953125,957.5469970703124,24.962310791015625,0.002021860958848265,-0.001980212296540884
36.7109375,957.5527954101562,24.973854064941406,0.007667462505764888,0.009488350210261842
36.7265625,957.5257568359376,24.969757080078125,-0.01899276968720187,0.0053492453052079725
36.7421875,957.5419311523438,24.953369140625,-0.0027634053653855517,-0.01095245434988712
36.7578125,957.5530395507812,24.966781616210938,0.008182004926197806,0.0024408023201445417
36.7734375,957.5397338867188,24.966033935546875,-0.005023587668802065,0.0016798941431446224
36.7890625,957.504638671875,24.97944641113281,-0.03933523215096102,0.014974460590568839
36.8046875,957.54296875,24.962310791015625,-0.0009855221113639345,-0.0021442754678133724
36.8203125,957.5177612304688,24.966033935546875,-0.02568145879797612,0.001566534148878418
36.8359375,957.5108642578124,24.97944641113281,-0.03194213396500345,0.014861986221259116
36.8515625,957.5343627929688,24.97944641113281,-0.008278684769379652,0.01474587695390639
36.8671875,957.5545654296876,24.96528625488281,0.011691062263025742,0.0005811447609076481
36.8828125,957.5180053710938,24.96491241455078,-0.0243832737462526,0.00020568486302963152
36.8984375,957.5426635742188,24.959701538085938,0.0002695596642752207,-0.004966088542424529
36.9140625,957.5414428710938,24.959701538085938,-0.0009325664400421374,-0.00492729097568656
36.9296875,957.5174560546876,24.973854064941406,-0.02443267615001332,0.009153163724469948
36.9453125,957.5656127929688,24.962310791015625,0.023260701542653806,-0.0023714374653636128
36.9609375,957.5614013671876,24.97832489013672,0.018677219594337657,0.013536078361543247
36.9765625,957.6509399414062,24.97944641113281,0.10610220409012072,0.014543086862651933
36.9921875,957.5706176757812,24.959701538085938,0.025276424041976497,-0.005161147229653551
37.0078125,957.6488647460938,24.966781616210938,0.10150155110534342,0.0019039392477253614
37.0234375,957.8834228515624,24.9820556640625,0.3294959914064748,0.017043784075074342
37.0390625,957.9041137695312,24.972373962402344,0.3433473213016214,0.007304566146050462
37.0546875,957.7202758789062,24.972373962402344,0.15639401210876258,0.007247499223034026
37.0703125,957.8466186523438,24.95858764648437,0.27721458270355015,-0.006487732189508932
37.0859375,957.7653198242188,24.959701538085938,0.19208927499698802,-0.005331857458347855
37.1015625,957.8734741210938,24.973854064941406,0.2943794396088606,0.008751757917455194
37.1171875,957.852294921875,24.962310791015625,0.2678642981950361,-0.0027697072895094266
37.1328125,957.7774658203124,24.962310791015625,0.18926497794814168,-0.0027480689513090795
37.1484375,957.993408203125,24.959701538085938,0.39729315449585556,-0.005315467803800544
37.1640625,957.9171142578124,24.954490661621094,0.3147296933789221,-0.010444107204044428
37.1796875,957.8416137695312,24.94032287597656,0.23455675968568812,-0.024419612435700344
37.1953125,958.0997314453124,24.95672607421875,0.483051887899137,-0.007953785957621307
37.2109375,958.0806274414062,24.951133728027344,0.45488640188375484,-0.013440302991615027
37.2265625,957.9253540039062,24.93958282470703,0.2937611486731839,-0.0247959625126164
37.2421875,957.8381958007812,24.943679809570312,0.20256773176799925,-0.020537266886449856
37.2578125,957.838623046875,24.938461303710938,0.1990302322003572,-0.025554555771247323
37.2734375,957.8380126953124,24.94591522216797,0.19454449234399362,-0.01795922608519973
37.2890625,958.18310546875,24.93548583984375,0.5290974754343551,-0.02816682240622015
37.3046875,957.794189453125,24.934738159179688,0.13744354067250697,-0.028688608515047065
37.3203125,957.8917236328124,24.92543029785156,0.23038831175915675,-0.03769962242252589
37.3359375,958.1300048828124,24.934738159179688,0.4595158593810993,-0.028169950460846138
37.3515625,957.8892211914062,24.91089630126953,0.2144600553192504,-0.05160546611810446
37.3671875,957.711669921875,24.919090270996094,0.036187911065553635,-0.04307234407598415
37.3828125,957.8648071289062,24.923194885253903,0.1856273618840305,-0.03866329442897154
37.3984375,957.9230346679688,24.91387939453125,0.23909210991246255,-0.04760395089262559
37.4140625,957.7267456054688,24.923561096191406,0.041967050392713645,-0.03762598166034081
37.4296875,957.9088745117188,24.92766571044922,0.21971908248951877,-0.03325948171969628
37.4453125,958.027099609375,24.918724060058597,0.33134370787729495,-0.04187143576570662
37.4609375,957.7671508789062,24.915733337402344,0.0700005442560041,-0.04451167280928914
37.4765625,957.9718017578124,24.903076171875,0.2692871375535333,-0.05672220678712847
37.4921875,957.7562866210938,24.901206970214844,0.05272176644359661,-0.05813366306879075
37.5078125,958.014404296875,24.88519287109375,0.3047683593688362,-0.07356848279777495
37.5234375,957.96435546875,24.88593292236328,0.24974454039920602,-0.07225945940692924
37.5390625,957.9576416015624,24.891525268554688,0.23828398037539955,-0.06614627639352832
37.5546875,957.9085083007812,24.887794494628903,0.18545633038343112,-0.06933113586369188
37.5703125,957.95654296875,24.87364196777344,0.2289306272906515,-0.08283144660416042
37.5859375,957.8973388671876,24.869911193847656,0.16641155452259682,-0.0858859531820535
37.6015625,957.7540283203124,24.87364196777344,0.022649816091757202,-0.0815133419183276
37.6171875,957.9752807617188,24.876991271972656,0.23913854153136072,-0.07755338117443245
37.6328125,957.9609985351562,24.869911193847656,0.2204645900670812,-0.08397226039865657
37.6484375,958.0853881835938,24.850906372070312,0.3381188041587393,-0.10217257372150002
37.6640625,957.890625,24.850906372070312,0.14055570610082668,-0.10137435048930143
37.6796875,958.0133666992188,24.847557067871094,0.2581548778719025,-0.10390550113626773
37.6953125,957.895751953125,24.85277557373047,0.1377952073293045,-0.09791600312629356
37.7109375,957.7833251953124,24.85054016113281,0.024872971987065284,-0.0993689827886115
37.7265625,958.0065307617188,24.83861541748047,0.24323325444038346,-0.11042424420313068
37.7421875,957.9923706054688,24.826316833496094,0.22459901424133477,-0.12176405609229235
37.7578125,958.0580444335938,24.836013793945312,0.2846034509138917,-0.11119157145836311
37.7734375,957.7625732421876,24.8319091796875,-0.010655479935735457,-0.1143954342652691
37.7890625,957.911865234375,24.818130493164062,0.13592876787174646,-0.1271727604700459
37.8046875,957.8164672851562,24.80359649658203,0.03973920110115614,-0.14059967301260912
37.8203125,957.8658447265624,24.8106689453125,0.08737608308331346,-0.1324840428424352
37.8359375,957.9568481445312,24.805831909179688,0.17489552642223316,-0.1362482580457538
37.8515625,957.6622924804688,24.80396270751953,-0.11732302557697949,-0.13703841705195785
37.8671875,957.706298828125,24.811050415039062,-0.07188471155507159,-0.12893546961420554
37.8828125,957.9426879882812,24.814773559570312,0.16129147108938469,-0.12423410379324551
37.8984375,957.651611328125,24.814773559570312,-0.1272503220928911,-0.1232635248573608
37.9140625,957.7774658203124,24.814773559570312,-0.0013685676026398141,-0.12230052856941143
37.9296875,957.6566162109376,24.780494689941406,-0.11983110320829837,-0.15535612164989487
37.9453125,957.7265625,24.76484680175781,-0.04891050136961894,-0.16966804100666977
37.9609375,957.9088745117188,24.77416229248047,0.130796012100177,-0.15909979598491475
37.9765625,957.6962890625,24.76819610595703,-0.08019198717488507,-0.1637764045200072
37.9921875,957.9522705078124,24.76819610595703,0.1723560702832856,-0.1624969013596953
38.0078125,957.764404296875,24.755157470703125,-0.01520720821940813,-0.17416416523380818
38.0234375,957.9244995117188,24.75254821777344,0.14205816274500194,-0.17539237583408962
38.0390625,957.622314453125,24.74696350097656,-0.15699941741422663,-0.17956320909479118
38.0546875,957.945068359375,24.751434326171875,0.1625170964756535,-0.17372447465026042
38.0703125,957.8479614257812,24.72572326660156,0.06413262063813363,-0.19787744410947994
38.0859375,957.9108276367188,24.73578643798828,0.12451838564641093,-0.18634697371711084
38.1015625,957.9119262695312,24.736900329589844,0.12316356106714466,-0.18378594866151943
38.1171875,957.9119873046876,24.723121643066406,0.12081786582848508,-0.19602116147257576
38.1328125,957.7093505859376,24.71417999267578,-0.08022082845036493,-0.20336153989551775
38.1484375,957.94091796875,24.71417999267578,0.14839056697212527,-0.2017727778650844
38.1640625,957.8193359375,24.711570739746094,0.026284931508826048,-0.2027852961791865
38.1796875,957.7277221679688,24.708595275878903,-0.06405288415476207,-0.20415325410851537
38.1953125,957.7224731445312,24.697784423828125,-0.06794835470964244,-0.21328469907992442
38.2109375,957.9065551757812,24.69965362548828,0.11386544067045179,-0.20976381384617682
38.2265625,957.8313598632812,24.693687438964844,0.0379148522296191,-0.2140446097417268
38.2421875,957.7963256835938,24.693687438964844,0.002824409406571249,-0.21237238622811816
38.2578125,957.6600341796876,24.68177032470703,-0.13086031531008757,-0.22253723876338327
38.2734375,957.7643432617188,24.689956665039062,-0.026032654503978847,-0.2126762820373571
38.2890625,957.8579711914062,24.69182586669922,0.06627505496510366,-0.2091601500617557
38.3046875,957.6954345703124,24.691452026367188,-0.09438145741535209,-0.20789700609383388
38.3203125,957.7893676757812,24.67841339111328,-0.00043959507252111507,-0.21920958164971083
38.3359375,957.8167114257812,24.67543029785156,0.026378683151506266,-0.22045679463868595
38.3515625,957.78515625,24.676925659179688,-0.005075389258081486,-0.21725079711281836
38.3671875,957.9620361328124,24.675064086914062,0.16844893703955677,-0.21740055399267533
38.3828125,957.8839111328124,24.661651611328125,0.08855979764427957,-0.22900980278502914
38.3984375,957.8032836914062,24.667984008789062,0.007777427405358139,-0.22093773809499595
38.4140625,957.925537109375,24.66015625,0.12749118042540886,-0.22697826643965158
38.4296875,957.8541259765624,24.66351318359375,0.05498473418288086,-0.2218742911830418
38.4453125,957.7452392578124,24.65121459960937,-0.05284921143106658,-0.23234339958017358
38.4609375,957.6431884765624,24.655311584472656,-0.15187460219897275,-0.2264632396019124
38.4765625,957.6356811523438,24.644508361816406,-0.1562689981673202,-0.2354128180217714
38.4921875,957.6278076171876,24.646743774414062,-0.16093662446951384,-0.2313557069442389
38.5078125,957.6206665039062,24.629600524902344,-0.1647949694354338,-0.24655755835864568
38.5234375,957.602783203125,24.629234313964844,-0.17911033525149378,-0.24499467734851876
38.5390625,957.5708618164062,24.629234313964844,-0.20691000865053866,-0.24308065643173293
38.5546875,957.5708618164062,24.634445190429688,-0.20286879754405618,-0.23601142231089867
38.5703125,957.5714111328124,24.63109588623047,-0.1983679287719724,-0.2374907208342556
38.5859375,957.5709838867188,24.619918823242188,-0.19491245660651657,-0.24672506676142447
38.6015625,957.56982421875,24.62848663330078,-0.1922425908921923,-0.23629665313483983
38.6171875,957.5707397460938,24.62812042236328,-0.18759020683853578,-0.23481393544677331
38.6328125,957.5706787109376,24.612838745117188,-0.183986178674445,-0.24814174071870454
38.6484375,957.5690307617188,24.619918823242188,-0.1820084613328845,-0.23917836835468975
38.6640625,957.56982421875,24.618804931640625,-0.17767564874884556,-0.23841497667534384
38.6796875,957.5696411132812,24.61805725097656,-0.17438495042426894,-0.23729419907894567
38.6953125,957.569580078125,24.611351013183597,-0.17103883742470316,-0.24209418345884615
38.7109375,957.5597534179688,24.612472534179688,-0.17733296833137047,-0.23909006353726525
38.7265625,957.5647583007812,24.58676147460937,-0.16896230259862932,-0.2627323643333028
38.7421875,957.5282592773438,24.58676147460937,-0.2014484095119542,-0.26067976773694923
38.7578125,957.5570678710938,24.58676147460937,-0.16926794436039927,-0.2586432070515059
38.7734375,957.5662231445312,24.60613250732422,-0.15698547031888666,-0.23740286047465275
38.7890625,957.568359375,24.60986328125,-0.15182484063427637,-0.2318465233727096
38.8046875,957.5534057617188,24.61358642578125,-0.16352106223746432,-0.22634116494426237
38.8203125,957.569091796875,24.618804931640625,-0.14494762420849838,-0.21939513831078727
38.8359375,957.5654296875,24.625885009765625,-0.14570719972448387,-0.21065634877808748
38.8515625,957.5889892578124,24.619918823242188,-0.11976193352518294,-0.2149301717444807
38.8671875,957.5545043945312,24.60688018798828,-0.15123416405617718,-0.2261878006937117
38.8828125,957.5333862304688,24.612472534179688,-0.168986071710151,-0.21887205251400488
38.8984375,957.5396118164062,24.604270935058597,-0.15958157003490214,-0.22529963873169478
38.9140625,957.5386352539062,24.61358642578125,-0.15742223150880363,-0.2142967718527231
38.9296875,957.5311279296876,24.590484619140625,-0.1617082753421073,-0.23554390209886833
38.9453125,957.5371704101562,24.619918823242188,-0.1526254473174049,-0.20449946598170143
38.9609375,957.5403442382812,24.605010986328125,-0.14653264225501061,-0.2176931833418898
38.9765625,957.5411987304688,24.62178039550781,-0.1428328736990352,-0.19935405717656351
38.9921875,957.5609130859376,24.630355834960938,-0.12071385967101378,-0.18928815977247027
39.0078125,957.5414428710938,24.61805725097656,-0.13744610430956072,-0.20001184732124955
39.0234375,957.5401611328124,24.62401580810547,-0.13601831441530976,-0.19253724886271328
39.0390625,957.531005859375,24.61321258544922,-0.1423381662149268,-0.20175187408522177
39.0546875,957.569091796875,24.61358642578125,-0.10221605237279618,-0.1998047678644923
39.0703125,957.5494995117188,24.62401580810547,-0.11942926843664736,-0.18789589034074083
39.0859375,957.5641479492188,24.621414184570312,-0.10273433033239598,-0.18900925204874142
39.1015625,957.5516357421876,24.626998901367188,-0.11299562843066724,-0.18199153107021004
39.1171875,957.5411376953124,24.62662506103516,-0.12108168946008391,-0.1809406419381574
39.1328125,957.5706176757812,24.619918823242188,-0.08981261311248545,-0.18618088848322856
39.1484375,957.5606689453124,24.61321258544922,-0.09781287983958009,-0.19138019560216435
39.1640625,957.5396728515624,24.62178039550781,-0.11648848582410665,-0.1813841637815159
39.1796875,957.5474243164062,24.62997436523437,-0.10661325103922081,-0.17183714566390051
39.1953125,957.532958984375,24.64636993408203,-0.1187137669949152,-0.15422718949736236
39.2109375,957.5573120117188,24.63221740722656,-0.0925177564548676,-0.16706424981882861
39.2265625,957.533203125,24.647857666015625,-0.11434877904912355,-0.15024099109984235
39.2421875,957.5574951171876,24.63519287109375,-0.08829786524313477,-0.16163308456842174
39.2578125,957.5457763671876,24.63594055175781,-0.09806316572667129,-0.15962848668635843
39.2734375,957.530517578125,24.63519287109375,-0.11110863535975568,-0.15912322854299177
39.2890625,957.5488891601562,24.63109588623047,-0.09092578275567575,-0.16194505548903493
39.3046875,957.5372924804688,24.633331298828125,-0.10052007059857715,-0.15846191130628995
39.3203125,957.5418701171876,24.629600524902344,-0.09406855821805493,-0.16092555487869475
39.3359375,957.5444946289062,24.63780212402344,-0.08965802996624461,-0.1515307998532407
39.3515625,957.5325317382812,24.640411376953125,-0.09963613698596419,-0.14775809733821532
39.3671875,957.5425415039062,24.64227294921875,-0.08787585629534078,-0.14475670847046018
39.3828125,957.5341796875,24.637428283691406,-0.09435803065662185,-0.14843261326344503
39.3984375,957.5563354492188,24.63519287109375,-0.07079206837272523,-0.14949093190906027
39.4140625,957.5377807617188,24.64189910888672,-0.08760170204709539,-0.14166918869331013
39.4296875,957.5477294921876,24.644508361816406,-0.07613631197705217,-0.13797353001546853
39.4453125,957.5282592773438,24.652328491210938,-0.0937392118439675,-0.12913657717858484
39.4609375,957.5536499023438,24.647483825683597,-0.0670136535071606,-0.1329345142472853
39.4765625,957.5433349609376,24.650474548339844,-0.07581827079388859,-0.12892860571923492
39.4921875,957.5394287109376,24.655311584472656,-0.07816740124712851,-0.12312210419903025
39.5078125,957.5350341796876,24.64488220214844,-0.08094939475301999,-0.13250811553478314
39.5234375,957.5344848632812,24.662017822265625,-0.07990693945703242,-0.11447114779715051
39.5390625,957.529052734375,24.652328491210938,-0.08367228968427298,-0.12319047511080683
39.5546875,957.5352783203124,24.664627075195312,-0.07593407281433429,-0.11002554822700716
39.5703125,957.5366821289062,24.65121459960937,-0.07307459499736524,-0.12247366425190975
39.5859375,957.5278930664062,24.65121459960937,-0.08026475793690224,-0.12151683874994035
39.6015625,957.5413208007812,24.65121459960937,-0.06553161294550591,-0.12056748844720744
39.6171875,957.5260009765624,24.676544189453125,-0.07927230753227832,-0.09449385252061404
39.6328125,957.5379638671876,24.661651611328125,-0.06599477985810154,-0.10853184915619352
39.6484375,957.5405883789062,24.669471740722656,-0.06213256758985608,-0.09992490945102261
39.6640625,957.5568237304688,24.680648803710938,-0.04500078602677604,-0.08805450391225023
39.6796875,957.5383911132812,24.673194885253903,-0.06219446955776675,-0.09476226281952549
39.6953125,957.5369262695312,24.68177032470703,-0.062415967344691126,-0.08551348880884646
39.7109375,957.5372314453124,24.68548583984375,-0.06089769016580249,-0.08115892700281435
39.7265625,957.5377197265624,24.680648803710938,-0.05922953764786598,-0.08532411967362918
39.7421875,957.5628662109376,24.687721252441406,-0.033417368638424705,-0.07764032976391633
39.7578125,957.5385131835938,24.680648803710938,-0.05664206793574067,-0.0840509599123962
39.7734375,957.5340576171876,24.675064086914062,-0.05990432117118871,-0.0889353979849794
39.7890625,957.5236206054688,24.68251037597656,-0.06896747873202003,-0.08085247525902517
39.8046875,957.5244140625,24.69331359863281,-0.06684249783938867,-0.06950199281681435
39.8203125,957.5255737304688,24.68177032470703,-0.06439996209974197,-0.08041210059616688
39.8359375,957.5311279296876,24.691452026367188,-0.05769643157464088,-0.07017781769432219
39.8515625,957.5303955078124,24.68809509277344,-0.057287664905970814,-0.07296026104362952
39.8671875,957.5348510742188,24.67953491210937,-0.05180022157583153,-0.08088356325685808
39.8828125,957.54443359375,24.687721252441406,-0.041393137551494874,-0.07212927587072215
39.8984375,957.5360107421876,24.686607360839844,-0.04884302057655532,-0.07267095522640687
39.9140625,957.5316162109376,24.686241149902344,-0.052197755892393616,-0.07246656330325152
39.9296875,957.5383911132812,24.687355041503903,-0.04453568844041911,-0.07079522895402235
39.9453125,957.5206909179688,24.70150756835937,-0.061020339148399216,-0.05620018098840873
39.9609375,957.546142578125,24.69965362548828,-0.034873978230621105,-0.05760057601684565
39.9765625,957.5489501953124,24.69554901123047,-0.031440064929142864,-0.061223118475638216
39.9921875,957.5369262695312,24.687355041503903,-0.042615084641738576,-0.0688747672006258
40.0078125,957.5286254882812,24.693687438964844,-0.049921415386052104,-0.0620537574760931
40.0234375,957.5391235351562,24.68548583984375,-0.03865338084483483,-0.06970648662377243
40.0390625,957.53271484375,24.69965362548828,-0.04418195365246902,-0.05510480487784264
40.0546875,957.5343017578124,24.698898315429688,-0.041763105223139974,-0.05542370778849559
40.0703125,957.5330200195312,24.70635986328125,-0.042204123904639346,-0.04758745556242516
40.0859375,957.5288696289062,24.704124450683597,-0.04544915291774032,-0.04943362700257836
40.1015625,957.5365600585938,24.71343231201172,-0.03702124816709329,-0.03981228313012508
40.1171875,957.5296020507812,24.697784423828125,-0.04312028613628627,-0.05502688872532957
40.1328125,957.5260620117188,24.71007537841797,-0.04574899072224525,-0.04240205965005117
40.1484375,957.5274658203124,24.701133728027344,-0.04347906529017109,-0.050942587305982556
40.1640625,957.5264892578124,24.701133728027344,-0.043587353809925844,-0.05054459834265401
40.1796875,957.5301513671876,24.719017028808597,-0.03914545450436435,-0.0324061311742021
40.1953125,957.525390625,24.71044921875,-0.04304865378787781,-0.04065383231691655
40.2109375,957.5291748046876,24.703369140625,-0.03849758984051732,-0.047360989266589826
40.2265625,957.5335083007812,24.72647857666016,-0.03349682629084327,-0.024062087971810087
40.2421875,957.5347290039062,24.703369140625,-0.031645730135210215,-0.04680299647566599
40.2578125,957.5303955078124,24.71566772460937,-0.03527650696673845,-0.034234846768704585
40.2734375,957.5237426757812,24.703369140625,-0.041110406595521454,-0.04616988832531632
40.2890625,957.5316162109376,24.712310791015625,-0.03258771379387326,-0.03693739232582516
40.3046875,957.5313720703124,24.72051239013672,-0.032190607262464255,-0.028511294820319222
40.3203125,957.5210571289062,24.712310791015625,-0.0416753621711905,-0.036426074457494906
40.3359375,957.5277099609376,24.71417999267578,-0.03433849634802755,-0.034286897228611224
40.3515625,957.5167846679688,24.708961486816406,-0.044379730931837,-0.039196767126362886
40.3671875,957.5217895507812,24.724609375,-0.0386058081170404,-0.023364903326029918
40.3828125,957.5227661132812,24.716781616210938,-0.03689429941357503,-0.030948969442317065
40.3984375,957.5269165039062,24.719017028808597,-0.03210437932000332,-0.028489232181808433
40.4140625,957.5137329101562,24.723121643066406,-0.044403442345924304,-0.024194113096466907
40.4296875,957.5294799804688,24.733924865722656,-0.0280966772671718,-0.013286274108651241
40.4453125,957.5299682617188,24.733924865722656,-0.027069169532410342,-0.01318247509217585
40.4609375,957.5274658203124,24.72274780273437,-0.028994040412612776,-0.024169229189208608
40.4765625,957.5189819335938,24.726844787597656,-0.036745936366969545,-0.019915429917126914
40.4921875,957.5223999023438,24.723487854003903,-0.03267703074948258,-0.02309054817095202
40.5078125,957.5177612304688,24.73094940185547,-0.03658688030759549,-0.01550689875439204
40.5234375,957.526611328125,24.72088623046875,-0.02719504861522637,-0.025370303968134778
40.5390625,957.5138549804688,24.729454040527344,-0.03917109556300602,-0.016671224425873987
40.5546875,957.51904296875,24.730194091796875,-0.03331937471762103,-0.015806710866058893
40.5703125,957.5234375,24.73094940185547,-0.02835990511869113,-0.01493381173865771
40.5859375,957.522216796875,24.72498321533203,-0.02900286198894264,-0.020736717025673812
40.6015625,957.5185546875,24.733184814453125,-0.03202698364202661,-0.012437187295951446
40.6171875,957.5317993164062,24.71566772460937,-0.018415511869875445,-0.02972025934955269
40.6328125,957.5133666992188,24.72498321533203,-0.03612843903670182,-0.020245356371994205
40.6484375,957.5143432617188,24.725357055664062,-0.03446531644806328,-0.019716269820900578
40.6640625,957.5143432617188,24.73280334472656,-0.03379216573614485,-0.012174121533728766
40.6796875,957.5224609375,24.739517211914062,-0.0251730350729531,-0.00541759610914383
40.6953125,957.5109252929688,24.74883270263672,-0.03599171320570349,0.0038674423118436607
40.7109375,957.537109375,24.73876953125,-0.009616075878057018,-0.0061473249414767395
40.7265625,957.5200805664062,24.74584197998047,-0.026124476572022104,0.0009178962593914264
40.7421875,957.5245361328124,24.74883270263672,-0.021245689264219436,0.0038780828303615067
40.7578125,957.5235595703124,24.751808166503903,-0.02178822340943043,0.006800003363970575
40.7734375,957.5172729492188,24.755538940429688,-0.02752650769639331,0.010448505592179913
40.7890625,957.5187377929688,24.733184814453125,-0.025552647072458967,-0.011812607725129709
40.8046875,957.5324096679688,24.73876953125,-0.011648725742929855,-0.0061792355303786906
40.8203125,957.5280151367188,24.755538940429688,-0.015729912129813783,0.010507437917674167
40.8359375,957.5390625,24.75627899169922,-0.004591092816326636,0.011159618177931208
40.8515625,957.5225830078124,24.762985229492188,-0.020659050140579893,0.01772627897112855
40.8671875,957.52880859375,24.740257263183597,-0.014151560605228042,-0.004962611655138005
40.8828125,957.5238647460938,24.740257263183597,-0.018722451068924784,-0.004923841251581962
40.8984375,957.5313110351562,24.75627899169922,-0.011055924467200384,0.011011185019789593
40.9140625,957.523193359375,24.74696350097656,-0.018799115868546323,0.0016824466854323816
40.9296875,957.52099609375,24.772300720214844,-0.0205862959174965,0.026808574783686367
40.9453125,957.5242919921876,24.762985229492188,-0.01695269440415359,0.017356419341801654
40.9609375,957.5250854492188,24.772300720214844,-0.01584362726805466,0.026463535767078383
40.9765625,957.5254516601562,24.758888244628903,-0.015175123042808991,0.012949098773471945
40.9921875,957.52099609375,24.765594482421875,-0.019247277545787256,0.019501779249520013
41.0078125,957.5216674804688,24.766342163085938,-0.018213080459304365,0.020091261008008843
41.0234375,957.5303955078124,24.76372528076172,-0.009299798172037299,0.0173378601003229
41.0390625,957.520263671875,24.772300720214844,-0.01905211000575946,0.025710851900687004
41.0546875,957.528564453125,24.78496551513672,-0.010541341865973664,0.038075837081759545
41.0703125,957.5286254882812,24.772300720214844,-0.010275613219278057,0.025212518393011862
41.0859375,957.5322265625,24.772300720214844,-0.006544176910665556,0.0250155455930674
41.1015625,957.5347290039062,24.764480590820312,-0.003962795357892901,0.01706107700948678
41.1171875,957.5314331054688,24.76112365722656,-0.007116922432146566,0.013597079795296452
41.1328125,957.5255126953124,24.76372528076172,-0.012782697186366931,0.016072150960688703
41.1484375,957.5257568359376,24.772300720214844,-0.012293662878278155,0.024455031113706838
41.1640625,957.5194091796876,24.761489868164062,-0.018277230864100602,0.013537583913997508
41.1796875,957.5310668945312,24.789810180664062,-0.006490228598181602,0.04153088159826268
41.1953125,957.532958984375,24.779754638671875,-0.004508331356873896,0.031229438515403274
41.2109375,957.5355834960938,24.772300720214844,-0.0018470262858727438,0.023589773807916714
41.2265625,957.5266723632812,24.77900695800781,-0.010548038803449344,0.030059324010249355
41.2421875,957.5244140625,24.770431518554688,-0.012556215764675471,0.021316041709024347
41.2578125,957.53271484375,24.777511596679688,-0.00417232055929162,0.02817427514782267
41.2734375,957.516845703125,24.779754638671875,-0.01965002639553859,0.0301796818498552
41.2890625,957.5355834960938,24.779754638671875,-0.0008944163677142569,0.02994390308540318
41.3046875,957.5263061523438,24.775657653808597,-0.0099730929279076,0.025644989173514432
41.3203125,957.619140625,24.786834716796875,0.08124299340556718,0.03653437987927788
41.3359375,957.7450561523438,24.79949188232422,0.2031124558909596,0.04880723645813134
41.3515625,957.7648315429688,24.7957763671875,0.21853456826374895,0.044739442248587835
41.3671875,957.901123046875,24.794654846191406,0.34789587544787537,0.043277156242709225
41.3828125,957.896240234375,24.79651641845703,0.33631358906222886,0.04478608219186242
41.3984375,957.9976196289062,24.80284881591797,0.42914429250765807,0.05071911653051231
41.4140625,957.8517456054688,24.7957763671875,0.27773764662742906,0.04330567820785447
41.4296875,957.8067016601562,24.786834716796875,0.22814890246115738,0.03409555884990567
41.4453125,957.6652221679688,24.7957763671875,0.08497664835419982,0.04270098104333897
41.4609375,957.6072387695312,24.791671752929688,0.02646603800428693,0.03829483267001521
41.4765625,957.9320068359376,24.779754638671875,0.3443740633089192,0.026171642487106794
41.4921875,957.9307861328124,24.79316711425781,0.33645114611761073,0.03927486715059558
41.5078125,957.9322509765624,24.79651641845703,0.3313160681905174,0.04229117001114702
41.5234375,957.7221069335938,24.77900695800781,0.11880538410423469,0.024588102455972205
41.5390625,957.8208618164062,24.795021057128903,0.21331104295347814,0.04028499687724363
41.5546875,957.659912109375,24.77490234375,0.05133865358004641,0.02000873440850981
41.5703125,957.6644897460938,24.766342163085938,0.05482417525388428,0.011359111918320508
41.5859375,957.7777709960938,24.76819610595703,0.16482211616687437,0.013109827798871265
41.6015625,957.8048706054688,24.772300720214844,0.18817325433985843,0.017079954228115923
41.6171875,957.7010498046876,24.75962829589844,0.08270494470014,0.004373096084279382
41.6328125,957.8536987304688,24.75068664550781,0.23075711519845754,-0.004532862475834065
41.6484375,957.6373901367188,24.76074981689453,0.014166323763902255,0.00548710337252345
41.6640625,957.7642211914062,24.755157470703125,0.13824352340350288,-0.00010442060936100006
41.6796875,957.5323486328124,24.754783630371094,-0.09180034309679286,-0.00047452452778884435
41.6953125,957.6279296875,24.755905151367188,0.0037068695675088748,0.0006419418083964956
41.7109375,957.7122192382812,24.760009765625,0.08627774026376756,0.00470947359694307
41.7265625,957.7353515625,24.74696350097656,0.10727314916061914,-0.008271659871407877
41.7421875,957.71240234375,24.755538940429688,0.0826769786448267,0.0003014063037376502
41.7578125,957.693115234375,24.7462158203125,0.06215178588570325,-0.008951231674281246
41.7734375,957.5447998046876,24.72498321533203,-0.0844807601337152,-0.029948025430883263
41.7890625,957.9034423828124,24.71753692626953,0.26880709498345823,-0.03710217141140504
41.8046875,957.7620849609376,24.71566772460937,0.12496042168072563,-0.038666909219443824
41.8203125,957.6551513671876,24.71753692626953,0.017674741447649467,-0.03651022546897664
41.8359375,957.7933349609376,24.703369140625,0.15281422708835635,-0.05028208915168264
41.8515625,957.7360229492188,24.703369140625,0.09363693772559145,-0.04988926033018615
41.8671875,957.623046875,24.711570739746094,-0.018961418983508338,-0.04136197635589767
41.8828125,957.6558227539062,24.69107818603516,0.013544646252398707,-0.061371291550685214
41.8984375,957.760986328125,24.70523834228516,0.11638970054002584,-0.04684229830614939
41.9140625,957.6348876953124,24.703369140625,-0.009519304689092678,-0.048330941372821457
41.9296875,957.805908203125,24.697784423828125,0.15834688275003828,-0.05349444209024412
41.9453125,957.7322998046876,24.697784423828125,0.083083435790968,-0.053076516761414894
41.9609375,957.6168823242188,24.689956665039062,-0.03170252036773036,-0.060428460897739456
41.9765625,957.6671142578124,24.680648803710938,0.018167510623811722,-0.06919150720847611
41.9921875,957.836669921875,24.68177032470703,0.1840567064308516,-0.0675381894450986
42.0078125,957.6115112304688,24.67877960205078,-0.04029921183132501,-0.06997790497555556
42.0234375,957.6185913085938,24.685867309570312,-0.032570322501101145,-0.062398867788399315
42.0390625,957.7169189453124,24.67133331298828,0.064472991674279,-0.07633182636753588
42.0546875,957.6128540039062,24.671707153320312,-0.03881866946369428,-0.07536456426960214
42.0703125,957.735595703125,24.65679931640625,0.08228390808017139,-0.08956714804941868
42.0859375,957.7776489257812,24.66089630126953,0.12190867115168658,-0.08480242753624623
42.1015625,957.7098999023438,24.652328491210938,0.05310184209474755,-0.09264078261363196
42.1171875,957.6918334960938,24.644508361816406,0.03435114998842437,-0.09967606113309913
42.1328125,957.7137451171876,24.644508361816406,0.05516388883461332,-0.09889734190549504
42.1484375,957.685546875,24.644508361816406,0.026438973860877013,-0.09812470642186
42.1640625,957.9008178710938,24.638916015625,0.23698907210393827,-0.10290676313972469
42.1796875,957.5718383789062,24.641159057617188,-0.09019373219132376,-0.09987728582607147
42.1953125,957.6721801757812,24.633331298828125,0.009949860295364488,-0.10686359895407804
42.2109375,957.7487182617188,24.63519287109375,0.08479872853297366,-0.1041816983549495
42.2265625,957.7329711914062,24.625885009765625,0.0677029930208164,-0.11260292249805204
42.2421875,957.66943359375,24.619918823242188,0.004084039986310017,-0.11764278785726034
42.2578125,957.800048828125,24.60800170898437,0.13206842915894867,-0.1285477153798027
42.2734375,957.6151123046876,24.603530883789062,-0.05183551431207434,-0.1319793332268695
42.2890625,957.7547607421876,24.605392456054688,0.08609782703194924,-0.12910121595373525
42.3046875,957.7278442382812,24.58526611328125,0.05802543790832715,-0.1480617184246178
42.3203125,957.8895263671876,24.59272003173828,0.21541640340035428,-0.1395093015303388
42.3359375,957.7885131835938,24.57036590576172,0.11216878191964952,-0.16059886947950375
42.3515625,957.7860717773438,24.580795288085938,0.107584262863611,-0.14899628803688358
42.3671875,957.5570678710938,24.56403350830078,-0.11904816597655099,-0.16446308291718026
42.3828125,957.6190185546876,24.54875946044922,-0.05598229717986669,-0.17833293443461073
42.3984375,957.8359985351562,24.56068420410156,0.15785319728706781,-0.16510812679178244
42.4140625,957.7966918945312,24.55956268310547,0.11623119422722539,-0.164930978664529
42.4296875,957.7770385742188,24.55248260498047,0.0946915873148555,-0.1706672204083617
42.4453125,957.7662963867188,24.551742553710938,0.08230976309971538,-0.17006815236791084
42.4609375,957.8693237304688,24.54241943359375,0.18171724148157864,-0.1779897781688078
42.4765625,957.780029296875,24.542800903320312,0.09061767492130457,-0.17622074353253936
42.4921875,957.783203125,24.538330078125,0.09195963775243854,-0.17927991584716452
42.5078125,957.8421630859376,24.52938842773437,0.1479719502781336,-0.18675108525156148
42.5234375,957.7461547851562,24.540557861328125,0.0509487344675108,-0.1742099200042304
42.5390625,957.7227172851562,24.51411437988281,0.026973905669365195,-0.19908579675072247
42.5546875,957.703857421875,24.526031494140625,0.007955564997701003,-0.18570642716093033
42.5703125,957.8046875,24.524917602539062,0.10666092353051226,-0.18536078502216213
42.5859375,957.5313110351562,24.52044677734375,-0.1634593783969649,-0.188348550762651
42.6015625,957.75927734375,24.519699096679688,0.06324702921642711,-0.18761891711869083
42.6171875,957.8646850585938,24.508888244628903,0.16536070609026865,-0.19687953659784085
42.6328125,957.8555297851562,24.50330352783203,0.1531545452962746,-0.20088250141506592
42.6484375,958.0132446289062,24.49250030517578,0.30479772129149296,-0.21003192935200943
42.6640625,957.9483642578124,24.507408142089844,0.23523146445154453,-0.19359968546577377
42.6796875,957.8013916015624,24.50293731689453,0.08653500335390163,-0.1965230847965458
42.6953125,957.6603393554688,24.49176025390625,-0.05345245284252087,-0.20607749038025958
42.7109375,957.619873046875,24.493621826171875,-0.09208441062696693,-0.20262048125436394
42.7265625,957.6158447265624,24.493240356445312,-0.0942355291633703,-0.20141599823888967
42.7421875,957.5789794921876,24.498092651367188,-0.12854020175029746,-0.19502804938484886
42.7578125,957.5935668945312,24.48765563964844,-0.11172715879320094,-0.20385986531372424
42.7734375,957.5813598632812,24.49176025390625,-0.12151360039388237,-0.19819466315703949
42.7890625,957.5726318359376,24.469772338867188,-0.1276978459458178,-0.2184624018039436
42.8046875,957.5764770507812,24.48206329345703,-0.12143363440100075,-0.20456073278273834
42.8203125,957.5623779296876,24.487289428710938,-0.1328856313639335,-0.1977772959856381
42.8359375,957.5646362304688,24.48765563964844,-0.12807601553231507,-0.19586881094619457
42.8515625,957.5630493164062,24.48802947998047,-0.12713045050111305,-0.19396766615624372
42.8671875,957.5556030273438,24.471641540527344,-0.131948287619025,-0.20871220244054456
42.8828125,957.5538330078124,24.47982788085937,-0.13110662146391405,-0.19895925381079493
42.8984375,957.5547485351562,24.472381591796875,-0.12764829931302302,-0.2047929995695945
42.9140625,957.553955078125,24.471641540527344,-0.12593312829062597,-0.20392732387944434
42.9296875,957.5538330078124,24.471641540527344,-0.12359318300548239,-0.20233414166163755
42.9453125,957.5538330078124,24.476112365722656,-0.12117925364987059,-0.19631750930643221
42.9609375,957.557373046875,24.46753692626953,-0.11534157367736952,-0.20329222259737278
42.9765625,957.5534057617188,24.473876953125,-0.11697860768447299,-0.1954135067126721
42.9921875,957.5540161132812,24.473876953125,-0.11409543861964266,-0.19388683869147982
43.0078125,957.5614624023438,24.465675354003903,-0.10456615835482808,-0.20050962189216648
43.0234375,957.5531616210938,24.458229064941406,-0.11066250719068194,-0.20633125540032893
43.0390625,957.5524291992188,24.46753692626953,-0.1092192468573785,-0.19548414880601328
43.0546875,957.5534057617188,24.469406127929688,-0.10612856942850613,-0.19210233037128077
43.0703125,957.5535888671876,24.46791076660156,-0.1038762166166407,-0.19208520973300836
43.0859375,957.5534057617188,24.47759246826172,-0.10202691345102721,-0.18097848066603106
43.1015625,957.5545043945312,24.4742431640625,-0.09895702515734683,-0.1828877240459903
43.1171875,957.5541381835938,24.45635986328125,-0.09738332913991599,-0.19920250119577787
43.1328125,957.55224609375,24.4600830078125,-0.09733644595667101,-0.19395217419058497
43.1484375,957.5525512695312,24.458229064941406,-0.09513612817977446,-0.19427638177213424
43.1640625,957.5524291992188,24.473876953125,-0.09339768680297311,-0.17723295848238152
43.1796875,957.5540161132812,24.469024658203125,-0.090017593585344,-0.1806627123620359
43.1953125,957.5535888671876,24.461204528808597,-0.0886783389039465,-0.1870103195553412
43.2109375,957.552734375,24.47088623046875,-0.0877841429843329,-0.1759432380678838
43.2265625,957.5568237304688,24.461204528808597,-0.08206012369691962,-0.1841747448864126
43.2421875,957.552734375,24.469772338867188,-0.08446687215075599,-0.17423500564947858
43.2578125,957.5536499023438,24.471641540527344,-0.08191948260378012,-0.1710191961456573
43.2734375,957.5765991210938,24.46753692626953,-0.05781850088783358,-0.17375565563469308
43.2890625,957.5239868164062,24.45785522460937,-0.10827395390390393,-0.1820042529409882
43.3046875,957.5369262695312,24.471641540527344,-0.09347249881056996,-0.16690373439002215
43.3203125,957.5538330078124,24.475357055664062,-0.07507033551905806,-0.16191331129038744
43.3359375,957.55419921875,24.458229064941406,-0.07324505964822947,-0.17764254184106676
43.3515625,957.5524291992188,24.47759246826172,-0.07354994091429035,-0.15704258275106042
43.3671875,957.5631713867188,24.469024658203125,-0.06158103948041571,-0.16431656161582708
43.3828125,957.5535888671876,24.484298706054688,-0.0697736457495921,-0.14787811912547966
43.3984375,957.5325317382812,24.475357055664062,-0.08905673608842335,-0.15559461506676087
43.4140625,957.519287109375,24.491378784179688,-0.10030329145956784,-0.13848247337495678
43.4296875,957.555908203125,24.471641540527344,-0.06243840478555285,-0.15698362548802436
43.4453125,957.5538330078124,24.480209350585938,-0.06325356884622124,-0.1472563168713883
43.4609375,957.5516967773438,24.468284606933597,-0.06411265479698613,-0.15793745848838725
43.4765625,957.5240478515624,24.48876953125,-0.08996936220762564,-0.13637868624876504
43.4921875,957.5330200195312,24.478347778320312,-0.07941521778877814,-0.14565356074736968
43.5078125,957.5545654296876,24.489524841308597,-0.05673953795212583,-0.1334259001203435
43.5234375,957.5588989257812,24.489524841308597,-0.051382486353418244,-0.13238351027565187
43.5390625,957.5557861328124,24.49994659423828,-0.053430918398021277,-0.12100893111670175
43.5546875,957.5477905273438,24.483184814453125,-0.060226787072338084,-0.13669437722293765
43.5703125,957.532470703125,24.475357055664062,-0.07407109153928104,-0.14339305682440795
43.5859375,957.5511474609376,24.471641540527344,-0.054312413146021754,-0.14595928624267884
43.6015625,957.5508422851562,24.471641540527344,-0.05355083914366787,-0.1448189793189094
43.6171875,957.5243530273438,24.478347778320312,-0.07847681381247185,-0.13703373573276778
43.6328125,957.5166015625,24.480209350585938,-0.08454413258868954,-0.13411613094005403
43.6484375,957.5547485351562,24.501441955566406,-0.04549096540256414,-0.11200162341302544
43.6640625,957.553955078125,24.501441955566406,-0.045380429808119516,-0.11112661073011054
43.6796875,957.553955078125,24.498092651367188,-0.04449409328844922,-0.11358157184394457
43.6953125,957.556640625,24.5096435546875,-0.0409919732412618,-0.10123355392579114
43.7109375,957.5198974609376,24.494361877441406,-0.07621687290316004,-0.11560495592835451
43.7265625,957.5427856445312,24.50330352783203,-0.052287113346437764,-0.10582999846321428
43.7421875,957.519287109375,24.51411437988281,-0.07430546005537053,-0.09427680933108817
43.7578125,957.5399780273438,24.49250030517578,-0.05256738306150055,-0.11498548650656915
43.7734375,957.5181274414062,24.497344970703125,-0.07296449304203634,-0.10928034581532486
43.7890625,957.533935546875,24.49994659423828,-0.05604005187854,-0.1058452947623536
43.8046875,957.5538330078124,24.508888244628903,-0.035436680961879574,-0.09614658465007864
43.8203125,957.5492553710938,24.508888244628903,-0.03923278803836183,-0.0953954394575014
43.8359375,957.5486450195312,24.508888244628903,-0.03906495328055826,-0.09465016258673842
43.8515625,957.5352172851562,24.50181579589844,-0.05146743984983004,-0.10092790341628444
43.8671875,957.5276489257812,24.50293731689453,-0.057882756271169455,-0.09902664505753478
43.8828125,957.5314331054688,24.50628662109375,-0.053041963759824284,-0.09492986163285977
43.8984375,957.5484008789062,24.51335906982422,-0.03536961629254165,-0.08717102686409106
43.9140625,957.520263671875,24.511505126953125,-0.06226645568074218,-0.0883294621591304
43.9296875,957.5385131835938,24.5096435546875,-0.04315723802528737,-0.08948641696831316
43.9453125,957.52294921875,24.51335906982422,-0.057574304375521024,-0.0851008166610363
43.9609375,957.5233154296876,24.510757446289062,-0.056090747862981516,-0.0870172648821601
43.9765625,957.5353393554688,24.5025634765625,-0.0432061419630827,-0.09446739683834338
43.9921875,957.5277099609376,24.51335906982422,-0.049842654922031215,-0.08301811761118216
44.0078125,957.5447998046876,24.512619018554688,-0.03211310782887722,-0.08310380818633334
44.0234375,957.5447998046876,24.51782989501953,-0.031485898691585135,-0.07728439319241431
44.0390625,957.5453491210938,24.51597595214844,-0.030332352162645293,-0.07852006781300958
44.0546875,957.5316772460938,24.520065307617188,-0.04314476960087177,-0.07384922240407477
44.0703125,957.5516967773438,24.52044677734375,-0.0226735735393504,-0.07289378585971917
44.0859375,957.5241088867188,24.51746368408203,-0.04927979494243573,-0.0752840910033008
44.1015625,957.5238037109376,24.512619018554688,-0.04861651426415392,-0.07950275062025014
44.1171875,957.5079345703124,24.52118682861328,-0.06322616944237325,-0.07038076133851945
44.1328125,957.52734375,24.52044677734375,-0.04296118917363856,-0.0705651812595498
44.1484375,957.5455932617188,24.51373291015625,-0.024229027504588885,-0.0766753058810572
44.1640625,957.5191040039062,24.519699096679688,-0.04972769380697173,-0.07015670436263832
44.1796875,957.5393676757812,24.526405334472656,-0.028888552753642216,-0.0629547597995952
44.1953125,957.5505981445312,24.521934509277344,-0.017313199550471836,-0.06689882261213498
44.2109375,957.5242919921876,24.524917602539062,-0.04276741142746232,-0.06341638771486657
44.2265625,957.5215454101562,24.518951416015625,-0.044625048274042456,-0.06884052287706766
44.2421875,957.5392456054688,24.512619018554688,-0.026398976927112017,-0.0745856318978646
44.2578125,957.51904296875,24.532737731933597,-0.045691425879340386,-0.05404139571802702
44.2734375,957.5181274414062,24.529762268066406,-0.045696661167994534,-0.05657141536971011
44.2890625,957.5263671875,24.53236389160156,-0.03672533470171402,-0.05354815283585168
44.3046875,957.526611328125,24.53907012939453,-0.035768670754919185,-0.04647596258160647
44.3203125,957.5231323242188,24.526405334472656,-0.038481118515392154,-0.058678720335485934
44.3359375,957.5161743164062,24.532737731933597,-0.04455164339185558,-0.05193736722708664
44.3515625,957.5254516601562,24.52826690673828,-0.03458534847698047,-0.05596750341910095
44.3671875,957.5219116210938,24.53571319580078,-0.03738075106411998,-0.048142142369439256
44.3828125,957.5282592773438,24.54167938232422,-0.03042697968101038,-0.041846456190956616
44.3984375,957.5491333007812,24.53571319580078,-0.00936637506686111,-0.04743910644318916
44.4140625,957.5270385742188,24.540557861328125,-0.03084662698813645,-0.04226167184619101
44.4296875,957.5232543945312,24.537582397460938,-0.033954423732780015,-0.044883720590618736
44.4453125,957.5137329101562,24.537208557128903,-0.04262676927760367,-0.044903986227947
44.4609375,957.5216674804688,24.544654846191406,-0.0340146169540958,-0.037165058906339254
44.4765625,957.5433349609376,24.54205322265625,-0.012105981475770022,-0.03945600523492132
44.4921875,957.522216796875,24.542800903320312,-0.03257523644583671,-0.03840591578514818
44.5078125,957.52294921875,24.542800903320312,-0.031220884598724297,-0.03810586956807782
44.5234375,957.5265502929688,24.544654846191406,-0.0270803609585073,-0.035968708519664716
44.5390625,957.5224609375,24.54205322265625,-0.030560932903313187,-0.03826900133564237
44.5546875,957.5289916992188,24.543914794921875,-0.023560831903637336,-0.03612299603040725
44.5703125,957.5236206054688,24.540184020996094,-0.028366848980681425,-0.039542412378406055
44.5859375,957.5145874023438,24.55248260498047,-0.036669582337935935,-0.027030985984701772
44.6015625,957.5275268554688,24.557701110839844,-0.023266650126743116,-0.021642070124347157
44.6171875,957.5238647460938,24.55844116210937,-0.026402807167755782,-0.02073872183251524
44.6328125,957.5252075195312,24.55248260498047,-0.024570579946498583,-0.026488706469532275
44.6484375,957.5275268554688,24.561798095703125,-0.021816649399397647,-0.017039049998853528
44.6640625,957.5255126953124,24.561798095703125,-0.023365364056644466,-0.016905932420737457
44.6796875,957.5298461914062,24.561798095703125,-0.018660151791664248,-0.016773854823700418
44.6953125,957.5181884765624,24.542800903320312,-0.02972572080284408,-0.03549158590021051
44.7109375,957.5296630859376,24.561424255371094,-0.017894644407533633,-0.016736450772480538
44.7265625,957.52490234375,24.55844116210937,-0.022212898575730833,-0.019565485096435964
44.7421875,957.5252075195312,24.561058044433597,-0.021479837583683548,-0.01681619181305294
44.7578125,957.5211791992188,24.561058044433597,-0.025009951687252396,-0.01668481531451249
44.7734375,957.5131225585938,24.55136108398437,-0.03242076043113684,-0.026175668140584918
44.7890625,957.5176391601562,24.554718017578125,-0.027359155765680043,-0.022640463183183357
44.8046875,957.5204467773438,24.561798095703125,-0.024072016340369373,-0.015438819549917326
44.8203125,957.528564453125,24.5673828125,-0.01564273234509983,-0.009777117575282546
44.8359375,957.5156860351562,24.572975158691406,-0.027964096596747368,-0.004152077857440872
44.8515625,957.532958984375,24.565895080566406,-0.010482335905749096,-0.011144404763829385
44.8671875,957.5321044921876,24.572975158691406,-0.011115405669443135,-0.004032574086963336
44.8828125,957.532958984375,24.562911987304688,-0.010060505015644594,-0.013985622462168834
44.8984375,957.5188598632812,24.569244384765625,-0.023687758411938376,-0.007593434180908076
44.9140625,957.5122680664062,24.56776428222656,-0.029688157722716824,-0.009002649714350497
44.9296875,957.5304565429688,24.57036590576172,-0.011275078012545237,-0.006351018162167321
44.9453125,957.5067749023438,24.56626892089844,-0.03427397022664991,-0.01036637800180884
44.9609375,957.5254516601562,24.57483673095703,-0.015292579359197589,-0.0017845166311616367
44.9765625,957.5257568359376,24.562911987304688,-0.014694680851675912,-0.013602156687539946
44.9921875,957.5115966796876,24.56664276123047,-0.028291266064570664,-0.009794262583930902
45.0078125,957.5076293945312,24.58154296875,-0.031628501392447106,0.005066054740790804
45.0234375,957.5135498046876,24.57483673095703,-0.02520598007913577,-0.0016273691220831665
45.0390625,957.5195922851562,24.576705932617188,-0.018789212508750097,0.00023994322136999813
45.0546875,957.5357055664062,24.56664276123047,-0.0026236669763193277,-0.009746484195307659
45.0703125,957.5076293945312,24.57483673095703,-0.03010023262379491,-0.001540385449459336
45.0859375,957.5226440429688,24.57856750488281,-0.014790943870139017,0.0021732760663475403
45.1015625,957.5181274414062,24.58154296875,-0.018930444935904234,0.005108515402806546
45.1171875,957.5184936523438,24.57147979736328,-0.018201651303115796,-0.0049159477340374735
45.1328125,957.5260009765624,24.586387634277344,-0.010485453508636056,0.009913827545805276
45.1484375,957.5270385742188,24.59532928466797,-0.009263327417670553,0.018708169515051054
45.1640625,957.5291748046876,24.579307556152344,-0.006987895836573443,0.0026654531791194813
45.1796875,957.5274658203124,24.58154296875,-0.008527019270218261,0.004862577762896336
45.1953125,957.5233154296876,24.596450805664062,-0.01242980423296558,0.019615958312293458
45.2109375,957.5151977539062,24.59830474853516,-0.020146162045307392,0.021302167580394382
45.2265625,957.5221557617188,24.59532928466797,-0.012930573095445652,0.018183526340443734
45.2421875,957.5365600585938,24.586013793945312,0.0014449401120373295,0.00879875408952202
45.2578125,957.5219116210938,24.597190856933597,-0.012945616579600028,0.01981975600688557
45.2734375,957.528076171875,24.58154296875,-0.006648623107025742,0.0041392751059206034
45.2890625,957.5264892578124,24.603530883789062,-0.008074686834333988,0.02592307147197559
45.3046875,957.5177001953124,24.60240936279297,-0.01653437923016554,0.024607788362789762
45.3203125,957.5128173828124,24.60650634765625,-0.0209988872042004,0.028480517185244025
45.3359375,957.5304565429688,24.601661682128903,-0.0032941073789061193,0.023451196566821153
45.3515625,957.5157470703124,24.61060333251953,-0.017651947612762342,0.03213977784059452
45.3671875,957.5393676757812,24.600173950195312,0.005852082507317391,0.021540783051403167
45.3828125,957.5450439453124,24.605392456054688,0.011303188912734186,0.02655023196616213
45.3984375,957.5455932617188,24.593833923339844,0.011621011074566923,0.014874576600917067
45.4140625,957.5191040039062,24.603530883789062,-0.014577851293779531,0.024379571916931297
45.4296875,957.6030883789062,24.60613250732422,0.06805092754007092,0.02677040486261717
45.4453125,957.568359375,24.59458923339844,0.03267110481283453,0.015108168976396996
45.4609375,957.7291259765624,24.608741760253903,0.18965962617255627,0.029032096645671857
45.4765625,957.7889404296876,24.601661682128903,0.24460153868653833,0.02178051837598005
45.4921875,957.604736328125,24.60800170898437,0.05921779968014107,0.027900853471827247
45.5078125,957.6649780273438,24.60800170898437,0.11712630556098702,0.02768287805407965
45.5234375,957.7612915039062,24.60800170898437,0.20927103637893651,0.02746660556928049
45.5390625,957.6096801757812,24.605392456054688,0.056533542077090715,0.024663154572099444
45.5546875,957.5921630859376,24.625885009765625,0.03825441215076353,0.044802929312076856
45.5703125,957.5704956054688,24.605392456054688,0.016262968172441106,0.024120450791755843
45.5859375,957.6301879882812,24.61060333251953,0.07447184803606888,0.029102176262409074
45.6015625,957.6541137695312,24.60277557373047,0.09647580058901895,0.021108211086836803
45.6171875,957.6956787109376,24.60092163085937,0.13534463375333416,0.019103844245304202
45.6328125,957.6739501953124,24.60613250732422,0.11139705332095673,0.024124761954603002
45.6484375,957.5947265625,24.608741760253903,0.03154503338930681,0.02652515539300282
45.6640625,957.5717163085938,24.605392456054688,0.008368084571316103,0.022994789856337405
45.6796875,957.741943359375,24.605392456054688,0.17510694911516111,0.02281514306058341
45.6953125,957.7928466796876,24.583778381347656,0.22159600635302468,0.001191685007039922
45.7109375,957.79052734375,24.58154296875,0.2149939229464053,-0.0010355734688154428
45.7265625,957.7903442382812,24.591598510742188,0.21061529369876553,0.008949500019284073
45.7421875,957.6287841796876,24.57781982421875,0.04809712504447816,-0.004791458484589839
45.7578125,957.562255859375,24.575950622558597,-0.01807121098556763,-0.006608623737360375
45.7734375,957.587890625,24.584152221679688,0.007415828962848536,0.0015805302635456542
45.7890625,957.610107421875,24.56664276123047,0.02905386361442197,-0.0158044854185988
45.8046875,957.7150268554688,24.56664276123047,0.13135663124705843,-0.015681012876264333
45.8203125,957.7249145507812,24.569244384765625,0.13848564830641408,-0.012977206611878955
45.8359375,957.6270141601562,24.57856750488281,0.03979257686728488,-0.0036255389439538988
45.8515625,957.64208984375,24.56664276123047,0.05379661474887598,-0.015428796013509327
45.8671875,957.6353149414062,24.57036590576172,0.046103319584744895,-0.011614201080053732
45.8828125,957.4913940429688,24.57111358642578,-0.09590707926577124,-0.010781625725240218
45.8984375,957.5252685546876,24.54801177978516,-0.060820993962011016,-0.03361871805050498
45.9140625,957.6492919921876,24.55844116210937,0.06196802081262831,-0.023008169040931392
45.9296875,957.632568359375,24.55844116210937,0.04436070854683294,-0.022828417720297978
45.9453125,957.6920776367188,24.55248260498047,0.10184127522870767,-0.028562076608192655
45.9609375,957.6871948242188,24.55359649658203,0.09506474275349319,-0.027233746061266828
45.9765625,957.6038208007812,24.54167938232422,0.011462384954370464,-0.03884499422283483
45.9921875,957.5263671875,24.523422241210938,-0.0647023371486739,-0.05665602490380195
46.0078125,957.6514892578124,24.53087615966797,0.05923966025034133,-0.04881771499015386
46.0234375,957.6198120117188,24.52379608154297,0.02702408575521531,-0.055461091606442636
46.0390625,957.5299682617188,24.51597595214844,-0.061592717677513065,-0.06278683646189975
46.0546875,957.5206909179688,24.540557861328125,-0.06948588054024185,-0.03790645128782444
46.0703125,957.5612182617188,24.53236389160156,-0.02839294036857609,-0.045740261475216926
46.0859375,957.5512084960938,24.52118682861328,-0.03765265314211774,-0.056472657866123654
46.1015625,957.5592041015624,24.51746368408203,-0.029077808461124732,-0.05972552269114573
46.1171875,957.529296875,24.511505126953125,-0.05783298355822808,-0.06517092294645721
46.1328125,957.5201416015624,24.49883270263672,-0.065679892601338,-0.0772351961123725
46.1484375,957.5610961914062,24.50293731689453,-0.024242386688001716,-0.07255924918382206
46.1640625,957.5346069335938,24.50181579589844,-0.04974079206886017,-0.0731051391628803
46.1796875,957.5540161132812,24.48802947998047,-0.029739198076981666,-0.08621261558803184
46.1953125,957.5482788085938,24.501441955566406,-0.03478360231986244,-0.07223138890832814
46.2109375,957.5570068359376,24.493621826171875,-0.025546677027250553,-0.07942611581611914
46.2265625,957.5562133789062,24.48505401611328,-0.025825678315300138,-0.08730647332881603
46.2421875,957.546142578125,24.48505401611328,-0.03519537598924671,-0.0866243915059357
46.2578125,957.5258178710938,24.486167907714844,-0.054435706398976436,-0.08484244912386885
46.2734375,957.5173950195312,24.484298706054688,-0.06163085175126071,-0.08603421601227623
46.2890625,957.539794921875,24.469024658203125,-0.03846471992687839,-0.10051679305240313
46.3046875,957.5492553710938,24.471641540527344,-0.028437781045909105,-0.09713506767561952
46.3203125,957.6287841796876,24.471641540527344,0.05009315591621544,-0.09637619995940483
46.3359375,957.6392211914062,24.47461700439453,0.05934793779817937,-0.09267104284149852
46.3515625,957.6137084960938,24.47461700439453,0.0331743979058956,-0.09194705031929828
46.3671875,957.5737915039062,24.47461700439453,-0.0066109029870631275,-0.09122871398867716
46.3828125,957.6431274414062,24.458595275878903,0.06149993618259941,-0.10641254842224157
46.3984375,957.6917724609376,24.453758239746094,0.10799368704772405,-0.11038044717571438
46.4140625,957.6557006835938,24.453758239746094,0.07051718490492931,-0.10951809993215278
46.4296875,957.6488647460938,24.451889038085938,0.062437473041541125,-0.11051708829861795
46.4453125,957.6554565429688,24.43661499023437,0.06768104198852143,-0.12480839289900914
46.4609375,957.6255493164062,24.437728881835938,0.037036045593481504,-0.12272813800605675
46.4765625,957.6857299804688,24.453758239746094,0.09531794579550024,-0.10586519587640097
46.4921875,957.5610961914062,24.447052001953125,-0.028743268203243133,-0.11169196934382697
46.5078125,957.6744995117188,24.43661499023437,0.08300653546655212,-0.12117484839803083
46.5234375,957.7330322265624,24.44258117675781,0.1387748118276022,-0.11430859420369899
46.5390625,957.583251953125,24.433258056640625,-0.01079051118767893,-0.1226658415527524
46.5546875,957.5822143554688,24.41314697265625,-0.011597091093108247,-0.14166148080636987
46.5703125,957.580078125,24.40569305419922,-0.013465092625096986,-0.1479504352066563
46.5859375,957.591552734375,24.4168701171875,-0.0019516066241749286,-0.13570483024792068
46.6015625,957.7657470703124,24.41388702392578,0.16887861350630828,-0.13760442410722007
46.6171875,957.7409057617188,24.39190673828125,0.1412240763011141,-0.1583379542068144
46.6328125,957.8331909179688,24.399734497070312,0.2289485053528324,-0.14933433451605183
46.6484375,957.7437133789062,24.400474548339844,0.13674692398001298,-0.14743339040865777
46.6640625,957.7991333007812,24.400474548339844,0.18841358714689704,-0.1462815670460884
46.6796875,957.78125,24.39116668701172,0.16719961671003603,-0.15437388596503965
46.6953125,957.7034912109376,24.397117614746094,0.08769393648265122,-0.14726340386948777
46.7109375,957.70849609375,24.39116668701172,0.09088829548068134,-0.1520173446382067
46.7265625,957.6771850585938,24.36992645263672,0.05841364195873666,-0.1719040041771649
46.7421875,957.76318359375,24.3740234375,0.14159162678072335,-0.16649602697549426
46.7578125,957.8109130859376,24.37812042236328,0.18562344086353733,-0.1611302995957118
46.7734375,957.7523803710938,24.37104797363281,0.12460848527712187,-0.16688866435488592
46.7890625,957.75537109375,24.37066650390625,0.12510703590339745,-0.165963336158935
46.8046875,957.8098754882812,24.36322021484375,0.1761033946839916,-0.17205486252439428
46.8203125,957.9183349609376,24.37328338623047,0.2790049988376495,-0.16072613105066225
46.8359375,957.7494506835938,24.36284637451172,0.10796992615212275,-0.1698259307165273
46.8515625,957.7035522460938,24.36284637451172,0.060859154889385536,-0.16849916563280587
46.8671875,957.7698364257812,24.362106323242188,0.12466006632348581,-0.16791703552028636
46.8828125,957.82373046875,24.352783203125,0.17506672434512893,-0.17585546692155773
46.8984375,957.7601318359376,24.34384155273437,0.1092909803700195,-0.1833533898331865
46.9140625,957.7125854492188,24.343101501464844,0.060538644556459076,-0.18265521109410088
46.9296875,957.8162231445312,24.32745361328125,0.16096977073084417,-0.19675385631458653
46.9453125,957.826171875,24.32707977294922,0.16758024922307868,-0.1955876365165672
46.9609375,957.7874145507812,24.329689025878903,0.12630685225030902,-0.1914707399651121
46.9765625,957.8319091796876,24.322982788085938,0.16746551472783722,-0.1966287201193424
46.9921875,957.78466796875,24.308074951171875,0.11787617285676788,-0.20988392768158093
47.0078125,957.82958984375,24.315528869628903,0.15961839848455384,-0.20084852477748782
47.0234375,958.12060546875,24.30323028564453,0.4418325777133987,-0.21148189697465725
47.0390625,958.0100708007812,24.310691833496094,0.32482724744500047,-0.20242644014556888
47.0546875,957.6912231445312,24.325218200683597,0.005862802304477555,-0.18643210363807938
47.0703125,957.8805541992188,24.315162658691406,0.1913814769726514,-0.19495258589878262
47.0859375,957.7775268554688,24.29131317138672,0.08662846655818157,-0.2170926820065695
47.1015625,957.6743774414062,24.30323028564453,-0.016198272748397358,-0.20357263362571842
47.1171875,957.6149291992188,24.285720825195312,-0.07416904394108315,-0.21935489021497645
47.1328125,957.5748901367188,24.310691833496094,-0.11197747936216729,-0.1928652578367398
47.1484375,957.5899658203124,24.29243469238281,-0.09500918256992463,-0.20947300520822765
47.1640625,957.5897216796876,24.28870391845703,-0.09339290672608058,-0.21153812460952182
47.1796875,957.575927734375,24.28870391845703,-0.10509335883477888,-0.20988548301101062
47.1953125,957.5826416015624,24.28870391845703,-0.09645801720114378,-0.20824575267498702
47.2109375,957.5783081054688,24.28460693359375,-0.0988229290506979,-0.21068380990125135
47.2265625,957.587158203125,24.275665283203125,-0.08821554953124178,-0.2179096363833466
47.2421875,957.5744018554688,24.28646850585937,-0.09899978982059565,-0.2054883948698567
47.2578125,957.574951171875,24.28125,-0.09652761260542775,-0.20906075306728056
47.2734375,957.5714721679688,24.285720825195312,-0.09805336228293982,-0.2029915690604689
47.2890625,957.5748901367188,24.282371520996094,-0.09278704600296805,-0.2047288351873462
47.3046875,957.5745849609376,24.279396057128903,-0.09127401432738225,-0.20608160921817387
47.3203125,957.5742797851562,24.275665283203125,-0.08979053405198556,-0.20817322390064064
47.3359375,957.5676879882812,24.281997680664062,-0.09449986352603901,-0.20026394498314204
47.3515625,957.5518798828124,24.279396057128903,-0.10815351647545413,-0.20128068126425092
47.3671875,957.5422973632812,24.294288635253903,-0.11543650405337758,-0.18493194608347707
47.3828125,957.5758666992188,24.29243469238281,-0.08026819998860901,-0.18532662419711343
47.3984375,957.57568359375,24.28870391845703,-0.07887999089768982,-0.18758038720005743
47.4140625,957.5753173828124,24.278640747070312,-0.07769842445566155,-0.19609946828531832
47.4296875,957.5361328125,24.28050994873047,-0.11460012377654039,-0.19271284266715227
47.4453125,957.5363159179688,24.28050994873047,-0.11218231091891084,-0.19120727358381373
47.4609375,957.5407104492188,24.278640747070312,-0.10568254959730439,-0.1915680652811247
47.4765625,957.542236328125,24.29131317138672,-0.10212236071663483,-0.17749801876968263
47.4921875,957.5497436523438,24.2879638671875,-0.09276708656625487,-0.17943445325820662
47.5078125,957.5432739257812,24.28125,-0.09729859412232145,-0.18469403669222473
47.5234375,957.5333251953124,24.275665283203125,-0.10515265028277554,-0.18879220072746605
47.5390625,957.53271484375,24.271568298339844,-0.10369731821538153,-0.19138223882831795
47.5546875,957.5352783203124,24.279022216796875,-0.0991585713081804,-0.1824913803683863
47.5703125,957.5558471679688,24.28498077392578,-0.07705476811179324,-0.17515366055792114
47.5859375,957.5748291015624,24.279396057128903,-0.056938599468935536,-0.1793263587817151
47.6015625,957.5362548828124,24.285720825195312,-0.09364733348809295,-0.17165001578784356
47.6171875,957.5411987304688,24.282371520996094,-0.0869709958740259,-0.17363213779966458
47.6328125,957.5457763671876,24.28423309326172,-0.08078411385918116,-0.17042860799080373
47.6484375,957.5335693359376,24.27752685546875,-0.09117491180631987,-0.17575097980108723
47.6640625,957.5328979492188,24.275665283203125,-0.09005242550711046,-0.17622495400368976
47.6796875,957.5480346679688,24.276405334472656,-0.07345250935952663,-0.17411392693154681
47.6953125,957.5419921875,24.294288635253903,-0.07794235330823085,-0.155010074383501
47.7109375,957.5531005859376,24.28870391845703,-0.06552860418958062,-0.15934014437427635
47.7265625,957.5372314453124,24.275665283203125,-0.07980794511138356,-0.1710320704123376
47.7421875,957.53271484375,24.29951477050781,-0.08267758287149718,-0.1460327191771249
47.7578125,957.55810546875,24.28646850585937,-0.05616807197554863,-0.15783617926442517
47.7734375,957.5596923828124,24.28423309326172,-0.05351511967262468,-0.15882103255065516
47.7890625,957.5335693359376,24.278640747070312,-0.07808273360706153,-0.1631288992206379
47.8046875,957.5558471679688,24.29875946044922,-0.05471496209202087,-0.14189291876484234
47.8203125,957.5536499023438,24.28646850585937,-0.05580066076947787,-0.1529793118441063
47.8359375,957.56640625,24.275665283203125,-0.042203603872735584,-0.16250298344956704
47.8515625,957.53271484375,24.278640747070312,-0.07441268570630655,-0.15828121083564284
47.8671875,957.5558471679688,24.286102294921875,-0.050278791927212296,-0.14964138436701546
47.8828125,957.5338745117188,24.285720825195312,-0.07084028708004553,-0.1488508005459721
47.8984375,957.5719604492188,24.28870391845703,-0.03211461618980138,-0.14472811582109557
47.9140625,957.5667114257812,24.27827453613281,-0.03663388104087062,-0.15394533019105694
47.9296875,957.571044921875,24.296157836914062,-0.031669518053604406,-0.13499904480503844
47.9453125,957.534912109375,24.30323028564453,-0.066478066284958,-0.12692716954273564
47.9609375,957.5357055664062,24.298019409179688,-0.06440170672919976,-0.1311057175231447
47.9765625,957.53515625,24.29354858398437,-0.06368244846487414,-0.13451735097847362
47.9921875,957.5377197265624,24.29243469238281,-0.05992524198256888,-0.13457162349737928
48.0078125,957.5498046875,24.29354858398437,-0.04690590055577104,-0.13241509336538115
48.0234375,957.540771484375,24.289451599121094,-0.05484654306201264,-0.13544557761749587
48.0390625,957.53857421875,24.289451599121094,-0.05592967179859443,-0.13438740904235758
48.0546875,957.5341796875,24.28646850585937,-0.05914599595780601,-0.1362972952548276
48.0703125,957.5369262695312,24.278640747070312,-0.05529786287331717,-0.14299907705916937
48.0859375,957.5330200195312,24.30323028564453,-0.05804778254378107,-0.11748446396553547
48.1015625,957.5357055664062,24.29875946044922,-0.05428094200340183,-0.12100251346427982
48.1171875,957.5352172851562,24.307701110839844,-0.05369951186173694,-0.11118538758089258
48.1328125,957.5361328125,24.31329345703125,-0.05175304732040331,-0.10476809575363077
48.1484375,957.5368041992188,24.310691833496094,-0.05008397191807035,-0.10653089335684385
48.1640625,957.5364379882812,24.31329345703125,-0.04946482772163563,-0.10311732240120719
48.1796875,957.5368041992188,24.304725646972656,-0.04813965942503273,-0.110812592362457
48.1953125,957.5358276367188,24.31329345703125,-0.04815692071554167,-0.10144599494211448
48.2109375,957.5368041992188,24.318138122558597,-0.046258866844141266,-0.09584663152871542
48.2265625,957.5372924804688,24.318878173828125,-0.04487662884423571,-0.09436356010091274
48.2421875,957.5374145507812,24.318878173828125,-0.04388044606037056,-0.09362634478762288
48.2578125,957.5374145507812,24.308074951171875,-0.04302340609820021,-0.10361371144821874
48.2734375,957.5392456054688,24.310691833496094,-0.04038781329722951,-0.10020779139646763
48.2890625,957.5364379882812,24.31329345703125,-0.04235176973304533,-0.09684361967489608
48.3046875,957.5368041992188,24.32781982421875,-0.04116552835034781,-0.08167414895233804
48.3203125,957.5340576171876,24.312545776367188,-0.0430544519756495,-0.09619078901636868
48.3359375,957.5274658203124,24.31963348388672,-0.048676595553047264,-0.088406963672643
48.3515625,957.5374755859376,24.322608947753903,-0.037911618405814806,-0.08476406621322852
48.3671875,957.528564453125,24.326705932617188,-0.0459082443586567,-0.08003686977689739
48.3828125,957.5382080078124,24.336395263671875,-0.035556394951072434,-0.06979794857594257
48.3984375,957.5392456054688,24.34049224853516,-0.033844602035060234,-0.06518767493365374
48.4140625,957.504638671875,24.318138122558597,-0.06711459157361332,-0.08685788059060684
48.4296875,957.523193359375,24.32484436035156,-0.047611468447144034,-0.07952545808828759
48.4453125,957.5380249023438,24.326705932617188,-0.0321396925588715,-0.07705713671466796
48.4609375,957.5087280273438,24.33155059814453,-0.060236634598709315,-0.07164831125617255
48.4765625,957.50927734375,24.329689025878903,-0.05852155025900174,-0.0729355875567883
48.4921875,957.5416259765624,24.34049224853516,-0.025661727652732225,-0.061646955799744774
48.5078125,957.5396728515624,24.34384155273437,-0.027075500061869207,-0.05784220119740269
48.5234375,957.5369873046876,24.3453369140625,-0.029179776488604148,-0.055906630182796846
48.5390625,957.5402221679688,24.328201293945312,-0.02543817662137826,-0.072471607719514
48.5546875,957.538330078125,24.341232299804688,-0.02679647219827075,-0.05897622215810827
48.5703125,957.5397338867188,24.345703125,-0.024896713143448324,-0.05407957354902493
48.5859375,957.5372314453124,24.33415985107422,-0.026864014812531423,-0.06511016897890798
48.6015625,957.5390625,24.33788299560547,-0.024544035122517016,-0.06090743831915901
48.6171875,957.54248046875,24.34161376953125,-0.020713447888624614,-0.05672997170280425
48.6328125,957.539794921875,24.353904724121094,-0.02294198314712048,-0.04409183729176647
48.6484375,957.5031127929688,24.346824645996094,-0.058459578614815655,-0.05077213482757159
48.6640625,957.5403442382812,24.353530883789062,-0.020813521323702844,-0.04372163221401948
48.6796875,957.5410766601562,24.36322021484375,-0.019688890475094922,-0.033766423806525836
48.6953125,957.5421142578124,24.353904724121094,-0.018287009756136285,-0.04274533707192418
48.7109375,957.536865234375,24.35540008544922,-0.02307634504518319,-0.040927710308299226
48.7265625,957.5321044921876,24.353530883789062,-0.02729339412258014,-0.0424625610937035
48.7421875,957.5184936523438,24.361351013183597,-0.04010532314680404,-0.03437178770152016
48.7578125,957.5419311523438,24.35688018798828,-0.016342279726018205,-0.03853915498357807
48.7734375,957.5414428710938,24.3594970703125,-0.016501839081911385,-0.03564162990420883
48.7890625,957.5416870117188,24.357635498046875,-0.01594016528395059,-0.03721020840288247
48.8046875,957.5415649414062,24.365821838378903,-0.015748520057513815,-0.028797119101550805
48.8203125,957.5394287109376,24.361351013183597,-0.01753543899246779,-0.033008038482037705
48.8359375,957.5357666015624,24.361351013183597,-0.02078353375111419,-0.03275016318139734
48.8515625,957.5419311523438,24.361351013183597,-0.01433345595864921,-0.03249430253154273
48.8671875,957.5419311523438,24.361351013183597,-0.014053505646984377,-0.03224044079301436
48.8828125,957.5265502929688,24.361351013183597,-0.02885947508013942,-0.03198856234931924
48.8984375,957.5376586914062,24.36992645263672,-0.017404375926957982,-0.023230207873570663
48.9140625,957.5133666992188,24.36396789550781,-0.040881985924670516,-0.028960727775899642
48.9296875,957.5421752929688,24.36396789550781,-0.011837583733722568,-0.02873447209015012
48.9453125,957.51953125,24.381103515625,-0.0338081574309399,-0.011508235941921185
48.9609375,957.521484375,24.365455627441406,-0.03123286382879087,-0.026943966905783157
48.9765625,957.5128784179688,24.379608154296875,-0.03906071889014129,-0.012691506924920049
48.9921875,957.521240234375,24.37216186523437,-0.030099314544713707,-0.01998046945627152
49.0078125,957.533935546875,24.37812042236328,-0.017064080129784998,-0.013912366137304844
49.0234375,957.5346069335938,24.369178771972656,-0.0160725236178223,-0.02267546952380428
49.0390625,957.5048217773438,24.378494262695312,-0.04496202205791633,-0.013255603966765506
49.0546875,957.5284423828124,24.395263671875,-0.020924592046526413,0.0034863536096949588
49.0703125,957.5076293945312,24.37775421142578,-0.04092239321187208,-0.013913551317340733
49.0859375,957.5057373046876,24.379234313964844,-0.04197826268330118,-0.012336312459698462
49.1015625,957.5438842773438,24.3740234375,-0.0037564601437907186,-0.01741010151106792
49.1171875,957.5432739257812,24.3740234375,-0.004281522415112704,-0.01727408509301398
49.1328125,957.5432739257812,24.376998901367188,-0.004197898930442534,-0.014186913247499433
49.1484375,957.5436401367188,24.37775421142578,-0.003756850336799289,-0.01332666878899147
49.1640625,957.543701171875,24.366943359375,-0.0036236312903383805,-0.023948946458212106
49.1796875,957.5425415039062,24.39116668701172,-0.0046898754454787195,0.00027223757555105976
49.1953125,957.5451049804688,24.39116668701172,-0.002084867654843947,0.0002701107194909014
49.2109375,957.5225830078124,24.378494262695312,-0.02412623796135449,-0.012305420521940391
49.2265625,957.5438232421876,24.39116668701172,-0.002829636328556262,0.00036413657732126126
49.2421875,957.5101928710938,24.39116668701172,-0.03574789790241084,0.00036129176030996746
49.2578125,957.5482788085938,24.383338928222656,0.002292374761736937,-0.007408135255090542
49.2734375,957.5474243164062,24.386695861816406,0.0014097989302399583,-0.004019551648362096
49.2890625,957.5446166992188,24.399734497070312,-0.0013705171194260402,0.008948622014877117
49.3046875,957.5810546875,24.400474548339844,0.03438255961566483,0.009612980524373427
49.3203125,957.5842895507812,24.39116668701172,0.03688270760596879,0.0003027354525286796
49.3359375,957.6133422851562,24.40569305419922,0.0646476403798033,0.014713250275654843
49.3515625,957.6806030273438,24.404205322265625,0.12933204697026213,0.013122193980013463
49.3671875,957.658935546875,24.40569305419922,0.10556174293708409,0.014495785867406852
49.3828125,957.587890625,24.404579162597656,0.0338426644007086,0.013277348216892193
49.3984375,957.833251953125,24.40569305419922,0.2737507895467388,0.014278808257373043
49.4140625,957.9996948242188,24.400848388671875,0.431596128206138,0.009360438489949274
49.4296875,957.8677978515624,24.40196228027344,0.29384565641794325,0.010392499387673837
49.4453125,957.664794921875,24.39340209960937,0.08906845472415625,0.001818003733575324
49.4609375,957.6435546875,24.400848388671875,0.06650345042044137,0.009191915508608872
49.4765625,957.8316040039062,24.400108337402344,0.24958103309961643,0.008385834049711605
49.4921875,957.813720703125,24.41314697265625,0.2271723859839767,0.02125709063718162
49.5078125,957.588623046875,24.400474548339844,0.0020342076688848465,0.008517598615142674
49.5234375,957.675048828125,24.404579162597656,0.0867322547603635,0.012523601834885767
49.5390625,957.737548828125,24.400474548339844,0.1463175622845938,0.008353214236628048
49.5546875,957.6861572265624,24.404579162597656,0.09307193805159386,0.012360501709327565
49.5703125,957.619140625,24.386695861816406,0.025546443198436464,-0.00547965220417268
49.5859375,957.7987060546876,24.387062072753903,0.20110578161870762,-0.005073492506781463
49.6015625,957.671875,24.39116668701172,0.07282404867066816,-0.0009613088876463394
49.6171875,957.6507568359376,24.39116668701172,0.05069600404954144,-0.0009537986619605476
49.6328125,957.5071411132812,24.39116668701172,-0.09110488035275921,-0.0009463471099131482
49.6484375,957.6513671875,24.36881256103516,0.05208367054831342,-0.02311843814048231
49.6640625,957.603515625,24.386695861816406,0.004149449688043205,-0.005194237848616723
49.6796875,957.5446166992188,24.37066650390625,-0.053680150388231596,-0.021057786416907476
49.6953125,957.6817016601562,24.371414184570312,0.08177581034317427,-0.02015143305165168
49.7109375,957.6301879882812,24.371414184570312,0.02967108107623062,-0.01999399998093665
49.7265625,957.53076171875,24.379234313964844,-0.06839278243046465,-0.012078762222447637
49.7421875,957.4849853515624,24.37216186523437,-0.11193928341458559,-0.019001592117351862
49.7578125,957.60693359375,24.381103515625,0.009813471296979515,-0.00998134843198173
49.7734375,957.6962890625,24.371414184570312,0.09723204668671315,-0.019517002303178543
49.7890625,957.7142944335938,24.361351013183597,0.11298668696440473,-0.029349078582942667
49.8046875,957.6665649414062,24.36322021484375,0.06398264019139788,-0.027265190384330396
49.8203125,957.571533203125,24.35614013671875,-0.03044267039274473,-0.034076946099101946
49.8359375,957.5413818359376,24.34980773925781,-0.05941056028359526,-0.04009364556348061
49.8515625,957.748779296875,24.353904724121094,0.14509653150037138,-0.03571543678847533
49.8671875,957.5497436523438,24.343467712402344,-0.05288561472946185,-0.045791882503262826
49.8828125,957.5628051757812,24.34869384765625,-0.03904627700887886,-0.040248827348971616
49.8984375,957.6884765625,24.341232299804688,0.0849332130358107,-0.04733763789428025
49.9140625,957.6876831054688,24.33788299560547,0.08249640139513303,-0.05029095035839504
49.9296875,957.5762939453124,24.326705932617188,-0.028328447066655826,-0.0609877944924051
49.9453125,957.572021484375,24.33788299560547,-0.03196417151957576,-0.04942158516424655
49.9609375,957.6812133789062,24.337142944335938,0.0757193690466238,-0.04976974864914041
49.9765625,957.7485961914062,24.32148742675781,0.1403072170633095,-0.06491413133487
49.9921875,957.908935546875,24.322608947753903,0.29477456916231404,-0.06329423057050576
50.0078125,957.8717041015624,24.310691833496094,0.25251298471198425,-0.0746237561968428
50.0234375,957.6131591796876,24.293174743652344,-0.005914125890058131,-0.0914209956808989
50.0390625,957.6119384765624,24.308074951171875,-0.006995476886118013,-0.07592296950385702
50.0546875,957.701904296875,24.298019409179688,0.08134982890646825,-0.08530680437498006
50.0703125,957.6168823242188,24.310691833496094,-0.003600422192221231,-0.07206692396436765
50.0859375,957.7169189453124,24.298019409179688,0.09455267939165424,-0.08407732212232943
50.1015625,957.5867919921876,24.294288635253903,-0.034879463699212465,-0.08712209529773673
50.1171875,957.6930541992188,24.289451599121094,0.06998854912626484,-0.09124070071624502
50.1328125,957.755859375,24.275665283203125,0.13020009746787764,-0.10420649306675855
50.1484375,957.6351928710938,24.275665283203125,0.009347390562425062,-0.10339237983967564
50.1640625,957.6911010742188,24.27008056640625,0.06398107037318823,-0.1081257130690787
50.1796875,957.6719970703124,24.27827453613281,0.04400056126235086,-0.09915102659765651
50.1953125,957.7379760742188,24.26039123535156,0.10783152678652641,-0.11611999669625916
50.2109375,957.724365234375,24.27045440673828,0.0923804391509293,-0.105228256361805
50.2265625,957.6235961914062,24.26039123535156,-0.008224763899534082,-0.11439071346924123
50.2421875,957.7035522460938,24.261138916015625,0.0703302890148052,-0.11275519661138489
50.2578125,957.749755859375,24.25293731689453,0.11425784951688911,-0.12001182076581784
50.2734375,957.72607421875,24.25889587402344,0.08880714231202091,-0.11316222251474528
50.2890625,957.83349609375,24.261512756347656,0.19239641931767437,-0.10968170472029115
50.3046875,957.6435546875,24.239898681640625,0.002407063593750536,-0.1302700311505447
50.3203125,957.7504272460938,24.25331115722656,0.1071452545666034,-0.11594460591176059
50.3359375,957.7316284179688,24.23468780517578,0.08662091030021202,-0.13351664579095512
50.3515625,957.8382568359376,24.232818603515625,0.18947492732627325,-0.13432814551789818
50.3671875,957.7109985351562,24.25033569335937,0.06100145805771717,-0.11589846930169756
50.3828125,957.8651123046876,24.23692321777344,0.21091375830019388,-0.12830070313069442
50.3984375,957.7015991210938,24.22909545898437,0.04647478223159851,-0.13506495831101617
50.4140625,957.8406982421876,24.223129272460938,0.18194941302613188,-0.13992933901543125
50.4296875,957.6080932617188,24.21381378173828,-0.04966620089112439,-0.14807885450575853
50.4453125,957.846435546875,24.217918395996094,0.1849910044943499,-0.14284944149600776
50.4609375,957.56396484375,24.21568298339844,-0.09557579826673646,-0.1439513786710549
50.4765625,957.6834106445312,24.21269989013672,0.023403791527925932,-0.1457865463708039
50.4921875,957.7891845703124,24.21977996826172,0.12665471501782122,-0.1376228239626336
50.5078125,957.7721557617188,24.210838317871094,0.10748477543938861,-0.14541943939737223
50.5234375,957.7012939453124,24.210464477539062,0.03590766686443203,-0.14465426973151807
50.5390625,957.681640625,24.210464477539062,0.015936878845991487,-0.14352415824924236
50.5546875,957.6839599609376,24.210464477539062,0.017899648088587128,-0.14240287576291877
50.5703125,957.7042846679688,24.200035095214844,0.0374777856837909,-0.15163825607083226
50.5859375,957.6423950195312,24.203392028808597,-0.023935068559353567,-0.1471228746452269
50.6015625,957.6507568359376,24.19742584228516,-0.015269087071828835,-0.15189305287828248
50.6171875,957.5899658203124,24.19183349609375,-0.07457455381620548,-0.1562550443894608
50.6328125,957.5813598632812,24.19258117675781,-0.08155589149487241,-0.15429246244629624
50.6484375,957.5900268554688,24.182151794433597,-0.0714652879927371,-0.1634349553582375
50.6640625,957.5772705078124,24.18177795410156,-0.08257668182784528,-0.16252903947394515
50.6796875,957.5790405273438,24.186248779296875,-0.07922840717355939,-0.15682338447957633
50.6953125,957.580810546875,24.18028259277344,-0.07594552850866876,-0.1615177774795491
50.7109375,957.5696411132812,24.169479370117188,-0.08541349799884301,-0.1709747423222403
50.7265625,957.5715942382812,24.169479370117188,-0.08183028758867295,-0.16963900214784644
50.7421875,957.5715942382812,24.1739501953125,-0.08023203978416404,-0.16387780057009138
50.7578125,957.5720825195312,24.16613006591797,-0.07818626325024525,-0.17035653988677524
50.7734375,957.5681762695312,24.18103790283203,-0.08048914385085482,-0.1542342599807398
50.7890625,957.56787109375,24.185134887695312,-0.07921630557677872,-0.1489643276556052
50.8046875,957.5781860351562,24.175811767578125,-0.0675556344016286,-0.15705082708706897
50.8203125,957.5587768554688,24.17469787597656,-0.08526628256390723,-0.15692905682388059
50.8359375,957.5672607421876,24.169479370117188,-0.07528273967614041,-0.16088078484978752
50.8515625,957.5765380859376,24.15234375,-0.06471622803701393,-0.17662565180317102
50.8671875,957.5519409179688,24.164268493652344,-0.08756899374009208,-0.16341418230589966
50.8828125,957.575927734375,24.15234375,-0.062340337932823786,-0.17396909059919352
50.8984375,957.560546875,24.15569305419922,-0.07620320517287382,-0.16928681931872447
50.9140625,957.5774536132812,24.174331665039062,-0.058138332772614376,-0.14947126935014055
50.9296875,957.5475463867188,24.15345764160156,-0.08632591950436108,-0.16901447018774007
50.9453125,957.5471801757812,24.147872924804688,-0.08499892476913828,-0.17323513083629294
50.9609375,957.5570678710938,24.15234375,-0.07364421325632975,-0.16744583450315886
50.9765625,957.554443359375,24.15234375,-0.07477910144041289,-0.16613766392110207
50.9921875,957.5611572265624,24.14824676513672,-0.06673583514657366,-0.16890469059075386
51.0078125,957.56005859375,24.15421295166016,-0.06650957600663787,-0.16166554700428648
51.0234375,957.5650024414062,24.15048217773437,-0.0603632727185186,-0.16410416217280854
51.0390625,957.5573120117188,24.154953002929688,-0.06672452853092636,-0.1583862015323554
51.0546875,957.55224609375,24.15532684326172,-0.07038828934150843,-0.1567778896284473
51.0703125,957.5609130859376,24.161659240722656,-0.060515803068824425,-0.14927013675995227
51.0859375,957.5645751953124,24.15234375,-0.055743269989079636,-0.15734667726789908
51.1015625,957.5550537109376,24.15048217773437,-0.06399005213017972,-0.15796443508404678
51.1171875,957.5419921875,24.15048217773437,-0.07554666198245741,-0.1567303379349525
51.1328125,957.5603637695312,24.15345764160156,-0.056058379170963235,-0.1525536641141123
51.1484375,957.5648803710938,24.147872924804688,-0.05053510226457547,-0.15690292481011525
51.1640625,957.5355224609376,24.159423828125,-0.07833260202187375,-0.14421645882191214
51.1796875,957.5491333007812,24.147872924804688,-0.06345766526067109,-0.1545504296254876
51.1953125,957.5447387695312,24.15048217773437,-0.06652695829757249,-0.1507541362528677
51.2109375,957.5603637695312,24.159423828125,-0.04990777942452951,-0.14070457581643936
51.2265625,957.5460205078124,24.15569305419922,-0.06299613799603776,-0.14330694857235926
51.2421875,957.5491943359376,24.15271759033203,-0.0586539053811066,-0.14513958109236214
51.2578125,957.5576171875,24.16539001464844,-0.049249978548800755,-0.13143225711364082
51.2734375,957.5325317382812,24.1668701171875,-0.07288356394394668,-0.1289369033669665
51.2890625,957.543701171875,24.15048217773437,-0.06050877624181794,-0.14418949248556245
51.3046875,957.5419921875,24.15048217773437,-0.06100256997979159,-0.14306301207551897
51.3203125,957.5223388671876,24.162399291992188,-0.07908057993495277,-0.13012132049100344
51.3359375,957.5235595703124,24.161659240722656,-0.07633917609120999,-0.129839017293655
51.3515625,957.546142578125,24.16352081298828,-0.052706243116858786,-0.12697762123874767
51.3671875,957.5298461914062,24.15345764160156,-0.06765492222166358,-0.13597016143308238
51.3828125,957.5606079101562,24.15345764160156,-0.03617263309138252,-0.13490789454688468
51.3984375,957.5545043945312,24.151596069335938,-0.04145044268670972,-0.13570095535303395
51.4140625,957.557373046875,24.159423828125,-0.037828239750297143,-0.12687418721581523
51.4296875,957.5355224609376,24.159423828125,-0.058513223623435806,-0.1258829826281911
51.4453125,957.54296875,24.16613006591797,-0.050069533495388896,-0.11824567651619589
51.4609375,957.5209350585938,24.15644836425781,-0.07069495879022725,-0.1269279455343515
51.4765625,957.5579223632812,24.172096252441406,-0.03304930148351559,-0.11041068190270309
51.4921875,957.5473022460938,24.165008544921875,-0.04281650033760798,-0.11658043325487455
51.5078125,957.5281982421876,24.167991638183597,-0.060711119395250535,-0.112709860774455
51.5234375,957.5499877929688,24.18438720703125,-0.03816138172715,-0.09556183652112438
51.5390625,957.5455932617188,24.175071716308597,-0.04172474280176175,-0.10405797312468579
51.5546875,957.5629272460938,24.17804718017578,-0.023914376426205308,-0.10029280215392689
51.5703125,957.5221557617188,24.185874938964844,-0.06342246508245353,-0.09174266021357624
51.5859375,957.5230102539062,24.18885803222656,-0.06134594217439826,-0.08806613283504916
51.6015625,957.5645141601562,24.18401336669922,-0.019454496160278723,-0.09218493275018247
51.6171875,957.5486450195312,24.179542541503903,-0.03463372200428694,-0.09590063483654987
51.6328125,957.5408325195312,24.18736267089844,-0.04161719423075283,-0.08739237649324494
51.6484375,957.5305786132812,24.18736267089844,-0.050857993049476136,-0.08670962355189005
51.6640625,957.5643310546876,24.19481658935547,-0.01677145883763842,-0.07863651989880793
51.6796875,957.5363159179688,24.18438720703125,-0.04391185736199077,-0.08837007486190984
51.6953125,957.5227661132812,24.186248779296875,-0.05633936396259287,-0.08583265491975212
51.7109375,957.5525512695312,24.20189666748047,-0.026035570843191636,-0.06963644824603321
51.7265625,957.5277709960938,24.20450592041016,-0.04982334732210347,-0.06650354535293346
51.7421875,957.5249633789062,24.200035095214844,-0.05160301598402839,-0.07041988327834048
51.7578125,957.5337524414062,24.200035095214844,-0.041977743455049676,-0.06986972794022961
51.7734375,957.5362548828124,24.21269989013672,-0.038704300055769636,-0.05675801947914749
51.7890625,957.5486450195312,24.210464477539062,-0.025800214834248436,-0.058532545888702714
51.8046875,957.5299682617188,24.20450592041016,-0.04360828177470921,-0.06398726627528006
51.8203125,957.5575561523438,24.210464477539062,-0.015707492885098873,-0.05757535985616968
51.8359375,957.5484008789062,24.20450592041016,-0.024377165417831748,-0.06303755825862822
51.8515625,957.5477905273438,24.210464477539062,-0.024499479539258573,-0.05663307143339935
51.8671875,957.5255737304688,24.209716796875,-0.04580384914049773,-0.05693246497170179
51.8828125,957.5255126953124,24.207489013671875,-0.04496908577539216,-0.05869805873595979
51.8984375,957.525390625,24.221641540527344,-0.04421046944548834,-0.044197519912675176
51.9140625,957.5496826171876,24.21568298339844,-0.019529444498971316,-0.049764232689689436
51.9296875,957.5262451171876,24.22090148925781,-0.0421277463642582,-0.044197713339460876
51.9453125,957.5267944335938,24.217918395996094,-0.040766351247953025,-0.046812206549603275
51.9609375,957.5264892578124,24.22090148925781,-0.040269348766969415,-0.04348669834032748
51.9765625,957.5360107421876,24.226486206054688,-0.030147320165383462,-0.03760587231263912
51.9921875,957.5304565429688,24.226486206054688,-0.0350042240837638,-0.03731207643519596
52.0078125,957.52734375,24.22574615478516,-0.03737254406325974,-0.03775484545703023
52.0234375,957.5365600585938,24.21568298339844,-0.027606308995473228,-0.04744443858715641
52.0390625,957.5293579101562,24.22015380859375,-0.03412860474873014,-0.04263788203722285
52.0546875,957.5266723632812,24.21977996826172,-0.036095125224846925,-0.0426756932882455
52.0703125,957.5297241210938,24.2235107421875,-0.032397989142623373,-0.038640662179943774
52.0859375,957.527099609375,24.22722625732422,-0.0343384676414189,-0.0346522943319485
52.1015625,957.5274047851562,24.22722625732422,-0.033368579128477904,-0.034381573282480815
52.1171875,957.5182495117188,24.233566284179688,-0.04169330857052955,-0.027822471845549757
52.1328125,957.5631713867188,24.236541748046875,0.003165508491406399,-0.024652890728532384
52.1484375,957.5284423828124,24.236541748046875,-0.03094702089515522,-0.024460290019714392
52.1640625,957.5284423828124,24.236541748046875,-0.030342586893311818,-0.024269194003935013
52.1796875,957.5665283203124,24.23468780517578,0.007592113290115776,-0.025919049868193156
52.1953125,957.56640625,24.239158630371094,0.0073241437007709465,-0.021280660417623665
52.2109375,957.52880859375,24.23169708251953,-0.02968223300729278,-0.028517659767082648
52.2265625,957.5279541015624,24.23169708251953,-0.02994030478089371,-0.02829486555015137
52.2421875,957.5279541015624,24.24995422363281,-0.029355533203101913,-0.00995930471470885
52.2578125,957.5680541992188,24.24623107910156,0.010534709678836407,-0.013575555111223991
52.2734375,957.5294799804688,24.24623107910156,-0.027491862409647183,-0.013469496086916166
52.2890625,957.5326538085938,24.242507934570312,-0.02384307267755048,-0.017058323113332108
52.3046875,957.5291137695312,24.239158630371094,-0.02684828533892869,-0.020248192724171332
52.3203125,957.5330810546876,24.243629455566406,-0.022434105647789693,-0.01565410684504087
52.3359375,957.529296875,24.261138916015625,-0.02570620944993607,0.0018408586541447391
52.3515625,957.5311279296876,24.24995422363281,-0.02340884314583036,-0.009270835027667346
52.3671875,957.5299072265624,24.257041931152344,-0.024148500445448917,-0.0021660718244760346
52.3828125,957.4927368164062,24.265609741210938,-0.060121275628944204,0.0063517246541628936
52.3984375,957.5224609375,24.255172729492188,-0.029803460110656488,-0.004053370759393715
52.4140625,957.530517578125,24.24510955810547,-0.02132207691761323,-0.01400625666059696
52.4296875,957.5294189453124,24.264488220214844,-0.02198280524328311,0.005330433531209877
52.4453125,957.5285034179688,24.257041931152344,-0.02245109952855273,-0.0020993254099508363
52.4609375,957.5307006835938,24.257041931152344,-0.0198582512101666,-0.002082924430187205
52.4765625,957.5350341796876,24.265609741210938,-0.015221537242950944,0.006434222459436256
52.4921875,957.5224609375,24.26895904541016,-0.027251912644828735,0.009707092856636734
52.5078125,957.5350341796876,24.265609741210938,-0.014391977674790724,0.006308118433526744
52.5234375,957.5316162109376,24.254425048828125,-0.017462095908626907,-0.0048384757153066005
52.5390625,957.537841796875,24.26187896728516,-0.011017046885854143,0.0025950095953071184
52.5546875,957.5220947265624,24.267837524414062,-0.02624138053442948,0.008486741984178536
52.5703125,957.5349731445312,24.269332885742188,-0.013101967202942433,0.009904118130176442
52.5859375,957.531982421875,24.267837524414062,-0.015778379510379636,0.008343063389535388
52.6015625,957.5055541992188,24.264488220214844,-0.04138225446808974,0.004954745446642761
52.6171875,957.5272216796876,24.274925231933597,-0.019329719819552338,0.015271509062539934
52.6328125,957.5325317382812,24.27790069580078,-0.013745839717557828,0.018104418453710025
52.6484375,957.532958984375,24.27119445800781,-0.013058464842060857,0.011309132374325515
52.6640625,957.5231323242188,24.275665283203125,-0.022438149900722237,0.015656676651129686
52.6796875,957.53271484375,24.28460693359375,-0.012604543838847349,0.024406152611742726
52.6953125,957.5336303710938,24.28386688232422,-0.0114607153916495,0.023481209925474644
52.7109375,957.5335693359376,24.28498077392578,-0.0112967163573785,0.024402952296355807
52.7265625,957.5226440429688,24.28646850585937,-0.021787985706623658,0.025688413259398857
52.7421875,957.5338745117188,24.275665283203125,-0.01035131545359036,0.01476890005156406
52.7578125,957.53271484375,24.28870391845703,-0.011286159527344353,0.027590288935897433
52.7734375,957.5249633789062,24.28646850585937,-0.018665795770061777,0.025156791366846676
52.7890625,957.495849609375,24.289817810058597,-0.0468463706665716,0.028283391694461812
52.8046875,957.5341796875,24.278640747070312,-0.008349958702865479,0.016972685513160002
52.8203125,957.520751953125,24.28125,-0.021352347509946412,0.019428954548761368
52.8359375,957.5333251953124,24.289451599121094,-0.008607638421722186,0.027414689969308625
52.8515625,957.5188598632812,24.30323028564453,-0.022622326498662915,0.04087155323889746
52.8671875,957.5387573242188,24.283111572265625,-0.002671645530654132,0.02059070829858456
52.8828125,957.5519409179688,24.29354858398437,0.010306636730661012,0.030785315954695136
52.8984375,957.605224609375,24.296157836914062,0.06234832954044123,0.03313367381497656
52.9140625,957.5485229492188,24.29875946044922,0.005536382872833201,0.035456115339584926
52.9296875,957.579345703125,24.29951477050781,0.035648997388875614,0.03592852363725285
52.9453125,957.542724609375,24.2879638671875,-0.0009531101040920475,0.024187170158217697
52.9609375,957.52490234375,24.315162658691406,-0.018408669171890324,0.0509845088366383
52.9765625,957.5369262695312,24.307701110839844,-0.006260041371319858,0.0431829378523787
52.9921875,957.52880859375,24.29839324951172,-0.014096902364485686,0.03361042748890952
53.0078125,957.7052001953124,24.312545776367188,0.15912488085416499,0.04738980626356337
53.0234375,957.6356201171876,24.304725646972656,0.0877958808010817,0.03926053876849167
53.0390625,957.7040405273438,24.304725646972656,0.15316519152440833,0.0389538158093643
53.0546875,957.6046752929688,24.304725646972656,0.05274917673636992,0.03864948912335464
53.0703125,957.6255493164062,24.304725646972656,0.0721852470454678,0.03834753998958007
53.0859375,957.6322631835938,24.300994873046875,0.07735811590805497,0.03434632257892645
53.1015625,957.5353393554688,24.30286407470703,-0.019183569400183842,0.035932590455963975
53.1171875,957.5909423828124,24.31329345703125,0.03570814040551795,0.04599976986783716
53.1328125,957.5675048828124,24.29875946044922,0.012030979460064373,0.03121994693201202
53.1484375,957.5763549804688,24.307701110839844,0.020473243578976508,0.039847834843552477
53.1640625,957.6319580078124,24.30323028564453,0.07459040625610669,0.035100626760364406
53.1796875,957.7001342773438,24.317398071289062,0.1399782641509546,0.04888350293298416
53.1953125,957.6802978515624,24.308074951171875,0.11779531808895172,0.03925131732504994
53.2109375,957.5362548828124,24.310691833496094,-0.025735001234124866,0.041541104339508195
53.2265625,957.6188354492188,24.307701110839844,0.05573530022752493,0.03824920682635735
53.2421875,957.778564453125,24.296905517578125,0.21125601694370744,0.027239132208663364
53.2578125,957.7774047851562,24.29541015625,0.2059929046590696,0.025542647670533825
53.2734375,957.77734375,24.29875946044922,0.20190976267656424,0.02866623349576969
53.2890625,957.5701904296876,24.28870391845703,-0.005141144400795383,0.018465295476211452
53.3046875,957.6845092773438,24.275665283203125,0.10704532623867635,0.005384264439317832
53.3203125,957.5419311523438,24.28646850585937,-0.034838798785472136,0.016061022352630516
53.3359375,957.6161499023438,24.275665283203125,0.03861081154241219,0.0052167231362574285
53.3515625,957.6487426757812,24.28460693359375,0.06981288996075818,0.014047761233705103
53.3671875,957.5846557617188,24.275665283203125,0.005614140431475789,0.005066219352119816
53.3828125,957.5965576171876,24.268585205078125,0.01717388660540564,-0.0019981255012169186
53.3984375,957.7547607421876,24.267837524414062,0.17195167934744404,-0.002724354554612063
53.4140625,957.5767211914062,24.278640747070312,-0.00596896769502564,0.00801575194459403
53.4296875,957.7085571289062,24.27008056640625,0.12340863055101181,-0.0005401753700979839
53.4453125,957.641357421875,24.26522827148437,0.05511109298231531,-0.00535034161782022
53.4609375,957.4862060546876,24.27230834960937,-0.09808636259947434,0.0017162229407183816
53.4765625,957.5747680664062,24.25257110595703,-0.009338328402691332,-0.017880231487310994
53.4921875,957.7647705078124,24.261138916015625,0.17713551704639485,-0.009239668136306278
53.5078125,957.6348876953124,24.257781982421875,0.04632980016071997,-0.012498190779041352
53.5234375,957.5626831054688,24.24325561523437,-0.02536942269694009,-0.026813428607432854
53.5390625,957.578857421875,24.257408142089844,-0.009015514370958044,-0.012561988457022721
53.5546875,957.7418823242188,24.257041931152344,0.15100139211392616,-0.012827197836752902
53.5703125,957.637451171875,24.254425048828125,0.045660664774686666,-0.01532342328471259
53.5859375,957.6310424804688,24.24325561523437,0.038485333263565735,-0.026285881434102265
53.6015625,957.5745849609376,24.237289428710938,-0.017621167004563176,-0.032000098676618904
53.6171875,957.6181640625,24.24623107910156,0.02545094364847955,-0.022878304158762575
53.6328125,957.4902954101562,24.218658447265625,-0.10041736282232705,-0.0500567880572369
53.6484375,957.6517944335938,24.242507934570312,0.0598886594312944,-0.02600255621542047
53.6640625,957.5703125,24.233932495117188,-0.021171530526430615,-0.03430785507738321
53.6796875,957.5631713867188,24.22798156738281,-0.02775966248327677,-0.03994426107104587
53.6953125,957.6705932617188,24.214569091796875,0.0781063099285575,-0.05293988715184739
53.7109375,957.6304321289062,24.232452392578125,0.03720406037552948,-0.034782706789577844
53.7265625,957.5692138671876,24.217918395996094,-0.02354517397316158,-0.048931416626519564
53.7421875,957.6842651367188,24.21307373046875,0.08971886712913602,-0.05335595651203562
53.7578125,957.6026611328124,24.20189666748047,0.007956369800467655,-0.06402885528547131
53.7734375,957.5093383789062,24.20189666748047,-0.08369907191615766,-0.06352862985355401
53.7890625,957.6677856445312,24.20189666748047,0.07328826805041899,-0.06303231243282426
53.8046875,957.5757446289062,24.200035095214844,-0.018386482973482998,-0.06438690122424262
53.8203125,957.7485961914062,24.186248779296875,0.1514481834419712,-0.07756248888328798
53.8359375,957.5458374023438,24.185134887695312,-0.05030844535451706,-0.07806172126231203
53.8515625,957.5953979492188,24.18103790283203,-0.0007332910873856235,-0.08151684123398795
53.8671875,957.6256103515624,24.185134887695312,0.028903347364575893,-0.07681501374280941
53.8828125,957.5732421875,24.175071716308597,-0.023006519496675537,-0.08619944930820012
53.8984375,957.6660766601562,24.175071716308597,0.06846412594939011,-0.08552601611047805
53.9140625,957.52490234375,24.175811767578125,-0.07129006954949091,-0.08412357449062924
53.9296875,957.4716186523438,24.175811767578125,-0.12214067968704967,-0.08346635906492139
53.9453125,957.6041870117188,24.15421295166016,0.010224014069081022,-0.10424435330333282
53.9609375,957.5803833007812,24.15345764160156,-0.013314468413909708,-0.10417935349191865
53.9765625,957.5680541992188,24.17804718017578,-0.025142719000314173,-0.07896801948865217
53.9921875,957.5731811523438,24.164268493652344,-0.019624832948011317,-0.09202212237137175
54.0078125,957.6016845703124,24.15234375,0.008705175156933365,-0.10313478113290486
54.0234375,957.5575561523438,24.154953002929688,-0.034731382600512006,-0.09974017251412803
54.0390625,957.5817260742188,24.14936828613281,-0.010355182195667112,-0.10450203861326557
54.0546875,957.5572509765624,24.13818359375,-0.03415000094867082,-0.11478292841016824
54.0703125,957.6860961914062,24.133338928222656,0.09284569799876863,-0.11869300335987631
54.0859375,957.630859375,24.14116668701172,0.036874333123932956,-0.1099991098476032
54.1015625,957.6317749023438,24.122543334960938,0.037051777255442175,-0.12761759891480295
54.1171875,957.6297607421876,24.124771118164062,0.03435328864031817,-0.12441020777643175
54.1328125,957.587646484375,24.124771118164062,-0.007609387743173102,-0.1234382530281799
54.1484375,957.5987548828124,24.135574340820312,0.0034306706415918597,-0.11175506919714806
54.1640625,957.618896484375,24.13409423828125,0.023111876262760234,-0.11235052195702266
54.1796875,957.5690307617188,24.132225036621094,-0.026231310331127133,-0.11332738202641934
54.1953125,957.6209716796876,24.12701416015625,0.02520746686354869,-0.11761217834679982
54.2109375,957.6505126953124,24.11248016357422,0.053679176189689315,-0.13111378293719866
54.2265625,957.5532836914062,24.11732482910156,-0.042699245143808184,-0.12528263993009503
54.2421875,957.588623046875,24.11732482910156,-0.007216141829871958,-0.12430386930564197
54.2578125,957.5493774414062,24.100563049316406,-0.04555429129663935,-0.13996357370727353
54.2734375,957.5868530273438,24.096092224121094,-0.00792091814514606,-0.1433060051611612
54.2890625,957.5667724609376,24.100563049316406,-0.02745458055619565,-0.13775053012236427
54.3046875,957.593017578125,24.094970703125,-0.0011858410373406514,-0.1422230100925681
54.3203125,957.4862060546876,24.094223022460938,-0.10588804094982152,-0.141853732235095
54.3359375,957.452392578125,24.094223022460938,-0.13697297224848626,-0.1407454999520077
54.3515625,957.6015625,24.096832275390625,0.011958727954151982,-0.13705705759245745
54.3671875,957.5809936523438,24.08415985107422,-0.008441953301712601,-0.14855972033145193
54.3828125,957.454345703125,24.0804443359375,-0.13245142786183806,-0.15108558519107618
54.3984375,957.5921020507812,24.08491516113281,0.005201308079676892,-0.14546933218329983
54.4140625,957.6220703125,24.078208923339844,0.03448266413829515,-0.15098669833582434
54.4296875,957.623779296875,24.074851989746094,0.035484780378283176,-0.1531378223051263
54.4453125,957.6454467773438,24.064796447753903,0.05603600575238943,-0.16191841613874303
54.4609375,957.6370849609376,24.078208923339844,0.04674305283560898,-0.14734573789223404
54.4765625,957.6532592773438,24.076339721679688,0.06168851437371359,-0.148049197837139
54.4921875,957.6505126953124,24.06256103515625,0.057790722726281274,-0.16056360401400838
54.5078125,957.6680297851562,24.076339721679688,0.073836956855871,-0.14563816032267596
54.5234375,957.6382446289062,24.06256103515625,0.043191413875319995,-0.15817140273012953
54.5390625,957.6663208007812,24.064041137695312,0.0698756407161909,-0.15546714940832373
54.5546875,957.6278076171876,24.07074737548828,0.030749909131827735,-0.14759871699336102
54.5703125,957.6278686523438,24.053985595703125,0.03020916803234286,-0.16307643039743525
54.5859375,957.708984375,24.064041137695312,0.10915057641727799,-0.15182541271458305
54.6015625,957.5817260742188,24.05435943603516,-0.01775405787248019,-0.16024534004368363
54.6171875,957.5819091796876,24.04429626464844,-0.017227769739520227,-0.168977976184852
54.6328125,957.57958984375,24.04876708984375,-0.019165326269330762,-0.16322193887243586
54.6484375,957.5801391601562,24.057334899902344,-0.018252415920414933,-0.15344589343248316
54.6640625,957.5914916992188,24.046157836914062,-0.006765113638039111,-0.16333683957372713
54.6796875,957.5957641601562,24.064041137695312,-0.002443968077500358,-0.14431718302066088
54.6953125,957.5805053710938,24.055099487304688,-0.01735700016456576,-0.15206149877526087
54.7109375,957.5807495117188,24.039825439453125,-0.016778624001631215,-0.16602823766880093
54.7265625,957.5619506835938,24.04168701171875,-0.03488258001482336,-0.16288411332971364
54.7421875,957.5590209960938,24.04168701171875,-0.0370737466648734,-0.16161158119432528
54.7578125,957.5762939453124,24.0450439453125,-0.019414063121075742,-0.15701828316619526
54.7734375,957.561279296875,24.049148559570312,-0.033756275785890466,-0.15171903087003713
54.7890625,957.5703125,24.039085388183597,-0.024240200148028634,-0.1605182788016215
54.8046875,957.5636596679688,24.036102294921875,-0.030289652644569287,-0.16222401759409877
54.8203125,957.5621948242188,24.03386688232422,-0.031134291386820223,-0.1631745908933837
54.8359375,957.5582885742188,24.03163146972656,-0.034356155812815814,-0.16411773783876882
54.8515625,957.559814453125,24.03350067138672,-0.03218906056076776,-0.16098096948971374
54.8671875,957.56005859375,24.018966674804688,-0.03132099571826075,-0.17414375539931015
54.8828125,957.5645751953124,24.03350067138672,-0.026280870832465553,-0.15836280757651977
54.8984375,957.5569458007812,24.024185180664062,-0.03324795549326609,-0.16636831159371468
54.9140625,957.5534057617188,24.02679443359375,-0.036069479037109886,-0.1624796910182127
54.9296875,957.5543823242188,24.0308837890625,-0.03440750801098602,-0.15715291105298235
54.9453125,957.5548095703124,24.03014373779297,-0.0333165849267516,-0.15665942355436968
54.9609375,957.5584106445312,24.01971435546875,-0.02913512963937137,-0.16578342458266349
54.9765625,957.5603637695312,24.02827453613281,-0.026651106111216905,-0.15599493732549163
54.9921875,957.5612182617188,24.0238037109375,-0.025292773808018865,-0.15921212375110727
55.0078125,957.5540161132812,24.011886596679688,-0.03186025579543639,-0.16979229083697334
55.0234375,957.5435791015624,24.007041931152344,-0.0414711490082027,-0.1732726051427207
55.0390625,957.5509643554688,24.01039123535156,-0.03342015496309614,-0.1685957751548841
55.0546875,957.5606079101562,24.01039123535156,-0.02331221355143498,-0.16727862066148802
55.0703125,957.5494995117188,23.99884796142578,-0.033748334411029646,-0.17742484853580365
55.0859375,957.5538330078124,24.00927734375,-0.02884032975646278,-0.16569081413180697
55.1015625,957.5451049804688,24.000709533691406,-0.036834600125530415,-0.17289722868891388
55.1171875,957.5484008789062,24.01039123535156,-0.03288364892068785,-0.1619404057238505
55.1328125,957.552001953125,24.004440307617188,-0.02871064941473378,-0.16657968241558052
55.1484375,957.5538330078124,24.016357421875,-0.026354602642868485,-0.15345426684403662
55.1640625,957.5532836914062,24.01747131347656,-0.02637845188007759,-0.15115021606089485
55.1796875,957.56005859375,24.02306365966797,-0.019220667709419104,-0.1444206990111283
55.1953125,957.5502319335938,24.018966674804688,-0.028479997243266553,-0.14735738946913912
55.2109375,957.553466796875,24.021202087402344,-0.024752064939320917,-0.14398821142717466
55.2265625,957.547607421875,24.021202087402344,-0.030013560252996285,-0.14286330352539878
55.2421875,957.5390625,24.0238037109375,-0.03780538677392542,-0.13916588561531995
55.2578125,957.5436401367188,24.022689819335938,-0.03257877056194047,-0.13918384145737406
55.2734375,957.546630859375,24.01971435546875,-0.029010156345066207,-0.1410486857517128
55.2890625,957.5462036132812,24.011886596679688,-0.02886245317245084,-0.14771334731780073
55.3046875,957.5073852539062,24.025672912597656,-0.06635892167741986,-0.13288072646702176
55.3203125,957.5450439453124,24.022689819335938,-0.028139678898810416,-0.1348023836371084
55.3359375,957.5435791015624,24.01449584960937,-0.029026309315781873,-0.1418791943530202
55.3515625,957.5322265625,24.01709747314453,-0.03959019899582472,-0.13818946479584682
55.3671875,957.54296875,24.02306365966797,-0.02828457377131599,-0.13119028391090737
55.3828125,957.5404663085938,24.02603912353516,-0.030185706287397807,-0.12721314176212317
55.3984375,957.5316162109376,24.03014373779297,-0.03827338589780993,-0.12214674213318588
55.4140625,957.5473022460938,24.02603912353516,-0.022146191547449234,-0.1252650176691894
55.4296875,957.5408325195312,24.02679443359375,-0.028057013459374502,-0.12353697551989029
55.4453125,957.5352783203124,24.0238037109375,-0.03295474368064788,-0.12553920053413847
55.4609375,957.5355834960938,24.018966674804688,-0.03201188102627839,-0.12935767231799034
55.4765625,957.5277709960938,24.01971435546875,-0.039046561084319364,-0.12760522609413272
55.4921875,957.5432739257812,24.036476135253903,-0.02308379484611578,-0.10997748188469103
55.5078125,957.53271484375,24.04094696044922,-0.03298578943838493,-0.10468238593399093
55.5234375,957.5546875,24.018592834472656,-0.0107980329307793,-0.1260440391612505
55.5390625,957.5400390625,24.029029846191406,-0.024949469055172813,-0.11470384754060703
55.5546875,957.5330810546876,24.03014373779297,-0.03128428395996252,-0.11270253440827105
55.5703125,957.5123901367188,24.03014373779297,-0.05096006126620978,-0.11182204585820799
55.5859375,957.5338745117188,24.03014373779297,-0.02889998926877979,-0.11094843612493932
55.6015625,957.5355834960938,24.018966674804688,-0.02665993057939886,-0.12117139365139806
55.6171875,957.5430908203124,24.01971435546875,-0.018778532017790894,-0.11948290272962225
55.6328125,957.5462036132812,24.03350067138672,-0.015359767583163375,-0.10487083222718852
55.6484375,957.5415649414062,24.029029846191406,-0.019607844937468144,-0.10848742572388659
55.6640625,957.5288696289062,24.029029846191406,-0.031672236393774256,-0.107639867710418
55.6796875,957.5319213867188,24.018592834472656,-0.028061484858994845,-0.11715440380862674
55.6953125,957.5123901367188,24.03424072265625,-0.04666318925626456,-0.10071349597171064
55.7109375,957.5158081054688,24.029029846191406,-0.04240058729328666,-0.10509683827689287
55.7265625,957.5307006835938,24.046913146972656,-0.02697074336424521,-0.08653218173395771
55.7421875,957.546142578125,24.04802703857422,-0.011303676004217778,-0.08475095974073454
55.7578125,957.5463256835938,24.04951477050781,-0.010903371892140967,-0.08261273383990186
55.7734375,957.54638671875,24.053237915039062,-0.010630572346485678,-0.0782732643921733
55.7890625,957.546875,24.050262451171875,-0.009944199473466142,-0.08061397256983582
55.8046875,957.5408935546876,24.05175018310547,-0.015614597036119449,-0.07850806688126966
55.8203125,957.5466918945312,24.05883026123047,-0.009624533419241743,-0.07086995759411252
55.8359375,957.5382690429688,24.05435943603516,-0.017694896993816656,-0.07475218292388064
55.8515625,957.5438232421876,24.056968688964844,-0.01190357477150883,-0.07157931335361667
55.8671875,957.5441284179688,24.066650390625,-0.011371867760090026,-0.061414036602105426
55.8828125,957.5513305664062,24.06330108642578,-0.004088279492066249,-0.06425737720131508
55.8984375,957.5098266601562,24.06292724609375,-0.04470171336424755,-0.06412628614636873
55.9140625,957.5140380859376,24.07894897460937,-0.03969946165352667,-0.04772874077425726
55.9296875,957.541015625,24.061065673828125,-0.012473447540514826,-0.06509944748085061
55.9453125,957.547607421875,24.05548095703125,-0.005766774675976194,-0.0701319442443058
55.9609375,957.5335693359376,24.072242736816406,-0.01941804692955884,-0.052953210049313526
55.9765625,957.5182495117188,24.05845642089844,-0.03405939710251005,-0.0662181234206578
55.9921875,957.5277099609376,24.06256103515625,-0.024118499682799666,-0.06162824737251427
56.0078125,957.5368041992188,24.05585479736328,-0.014730818796124368,-0.06780062200012793
56.0234375,957.516357421875,24.068145751953125,-0.03449053371525679,-0.055075998133641946
56.0390625,957.5177612304688,24.07708740234375,-0.03244050002149379,-0.045773923151273266
56.0546875,957.526611328125,24.07074737548828,-0.023129652319084926,-0.05170680977231257
56.0703125,957.529052734375,24.068511962890625,-0.02028417876306321,-0.05352079875770244
56.0859375,957.513427734375,24.07894897460937,-0.03520782761529517,-0.04274719495271384
56.1015625,957.5115356445312,24.075592041015625,-0.036375309696154545,-0.045743940042189735
56.1171875,957.5111694335938,24.07373809814453,-0.03602391280878692,-0.047226024453024706
56.1328125,957.5324096679688,24.078575134277344,-0.014494934714321062,-0.042057824348962214
56.1484375,957.5114135742188,24.074851989746094,-0.03479784431465305,-0.04542330506083658
56.1640625,957.520263671875,24.074851989746094,-0.025440954731493548,-0.04506843549004813
56.1796875,957.5338134765624,24.068511962890625,-0.011658901019814039,-0.05100683373344239
56.1953125,957.5453491210938,24.072242736816406,-0.0001208491352144847,-0.046906715590413484
56.2109375,957.5170288085938,24.075973510742188,-0.027885670197065338,-0.04283862962037688
56.2265625,957.5155029296876,24.0804443359375,-0.028837104784770418,-0.03806805595299423
56.2421875,957.5497436523438,24.093101501464844,0.005298078459759381,-0.02521236784420111
56.2578125,957.5160522460938,24.08491516113281,-0.027838770606877006,-0.03313778076860885
56.2734375,957.5121459960938,24.08826446533203,-0.0311250006731143,-0.029555754096186604
56.2890625,957.515625,24.094223022460938,-0.02710603589252969,-0.023412843865973088
56.3046875,957.5254516601562,24.085655212402344,-0.016941887928965116,-0.03173080506578074
56.3203125,957.5503540039062,24.09124755859375,0.007804978168223897,-0.02593425216441858
56.3359375,957.53125,24.09385681152344,-0.011078341641564293,-0.02314277267820586
56.3515625,957.5388793945312,24.096092224121094,-0.003381584862040654,-0.020744021329925033
56.3671875,957.5427856445312,24.10726928710937,0.0005144177720239895,-0.009492216479603854
56.3828125,957.5556640625,24.104660034179688,0.013131256917745304,-0.012006926679529073
56.3984375,957.5185546875,24.11732482910156,-0.02350979546349663,0.0006527286466990745
56.4140625,957.5248413085938,24.11732482910156,-0.016886784245343733,0.0006476292041455167
56.4296875,957.5444946289062,24.11732482910156,0.002712502159624819,0.0006425696009877413
56.4453125,957.5450439453124,24.10651397705078,0.003198111171855089,-0.01008884274315136
56.4609375,957.5402221679688,24.11732482910156,-0.0015919539418973727,0.0007163686099111999
56.4765625,957.5537109375,24.109130859375,0.011664455909908611,-0.007419182357924825
56.4921875,957.5191040039062,24.10651397705078,-0.022494382416539338,-0.009957657926815244
56.5078125,957.514404296875,24.119186401367188,-0.02666295488825199,0.0026935572771726868
56.5234375,957.5158081054688,24.111358642578125,-0.024765803593481905,-0.0050940905625793675
56.5390625,957.5149536132812,24.114341735839844,-0.025119899378978516,-0.002094505134447644
56.5546875,957.5153198242188,24.118072509765625,-0.02427021796415829,0.0016234854414030053
56.5703125,957.531005859375,24.12701416015625,-0.008416522987431563,0.010482595708339204
56.5859375,957.5167236328124,24.126266479492188,-0.022255414597907475,0.009658861020493958
56.6015625,957.5165405273438,24.11248016357422,-0.022000267721523414,-0.00409520915608752
56.6171875,957.51513671875,24.12439727783203,-0.022946965449705203,0.007760796468119224
56.6328125,957.516357421875,24.11732482910156,-0.02130192126367092,0.0006829700209465273
56.6484375,957.515625,24.12701416015625,-0.02160398487421844,0.010291267473483856
56.6640625,957.5228881835938,24.13409423828125,-0.01406070750545041,0.017235631960996756
56.6796875,957.5235595703124,24.126266479492188,-0.013127810615173985,0.009334374162779824
56.6953125,957.5319213867188,24.128501892089844,-0.004672908384463881,0.011479397801370084
56.7109375,957.516845703125,24.13409423828125,-0.01936287729108699,0.016938370992832574
56.7265625,957.5173950195312,24.13409423828125,-0.018446108523789917,0.016806039969452513
56.7421875,957.5173950195312,24.13483428955078,-0.018085832966676207,0.017409012401177648
56.7578125,957.5174560546876,24.11732482910156,-0.01767275097813581,-9.966329766797344e-05
56.7734375,957.5198974609376,24.12328338623047,-0.014933857526443717,0.0058131212231842255
56.7890625,957.5193481445312,24.132225036621094,-0.015180768191953575,0.014639499960576785
56.8046875,957.5172729492188,24.13297271728516,-0.016918932967200817,0.015266968276012705
56.8203125,957.5203857421876,24.124771118164062,-0.013536488826503046,0.007010170958391626
56.8359375,957.5226440429688,24.128501892089844,-0.01105791093505104,0.010657031252264915
56.8515625,957.5549926757812,24.13446044921875,0.020874887465765823,0.01648577909694282
56.8671875,957.5174560546876,24.129623413085938,-0.01633630914295736,0.011557737159723303
56.8828125,957.5213012695312,24.147125244140625,-0.01224712761381852,0.02883254033773497
56.8984375,957.5341796875,24.13780975341797,0.0006189604652035996,0.019364572664962054
56.9140625,957.527099609375,24.12589263916016,-0.006334923955478189,0.007389275138347529
56.9296875,957.5165405273438,24.13706970214844,-0.016564044932351862,0.01842128861001413
56.9453125,957.5177001953124,24.15234375,-0.015103510226140315,0.03343209164546579
56.9609375,957.548828125,24.13780975341797,0.015711442518863805,0.0187504536957519
56.9765625,957.5178833007812,24.147125244140625,-0.014935854713598928,0.027846679227639726
56.9921875,957.5570068359376,24.136329650878903,0.023715264809084147,0.01691787435681036
57.0078125,957.5587768554688,24.14936828613281,0.0249875248804301,0.029722474379383357
57.0234375,957.5314331054688,24.138931274414062,-0.0023102050977286126,0.019134794983600045
57.0390625,957.5179443359376,24.146385192871094,-0.015490400905605384,0.02638098911687692
57.0546875,957.5446166992188,24.135955810546875,0.010963564672920256,0.01582698486459222
57.0703125,957.5176391601562,24.12775421142578,-0.015701201452316127,0.007565812417375639
57.0859375,957.5167846679688,24.135955810546875,-0.016232340248393484,0.01564422863582493
57.1015625,957.5176391601562,24.1448974609375,-0.015077499465974142,0.02439380184655704
57.1171875,957.5185546875,24.1448974609375,-0.013885371104265687,0.02420322526963048
57.1328125,957.5185546875,24.136329650878903,-0.013614172449933903,0.015513263529697952
