Time [s],Damage
0.0,1
0.00025,1
0.0005,1
0.00075,1
0.001,1
0.00125,1
0.0015,1
0.00175,1
0.002,1
0.00225,1
0.0025,1
0.00275,1
0.003,1
0.00325,1
0.0035,1
0.00375,1
0.004,1
0.00425,1
0.0045,1
0.00475,1
0.005,1
0.00525,1
0.0055,1
0.00575,1
0.006,1
0.00625,1
0.0065,1
0.00675,1
0.007,1
0.00725,1
0.0075,1
0.00775,1
0.008,1
0.00825,1
0.0085,1
0.00875,1
0.009,1
0.00925,1
0.0095,1
0.00975,1
0.01,1
0.01025,1
0.0105,1
0.01075,1
0.011,1
0.01125,1
0.0115,1
0.01175,1
0.012,1
0.01225,1
0.0125,1
0.01275,1
0.013,1
0.01325,1
0.0135,1
0.01375,1
0.014,1
0.01425,1
0.0145,1
0.01475,1
0.015,1
0.01525,1
0.0155,1
0.01575,1
0.016,1
0.01625,1
0.0165,1
0.01675,1
0.017,1
0.01725,1
0.0175,1
0.01775,1
0.018,1
0.01825,1
0.0185,1
0.01875,1
0.019,1
0.01925,1
0.0195,1
0.01975,1
0.02,1
0.02025,1
0.0205,1
0.02075,1
0.021,1
0.02125,1
0.0215,1
0.02175,1
0.022,1
0.02225,1
0.0225,1
0.02275,1
0.023,1
0.02325,1
0.0235,1
0.02375,1
0.024,1
0.02425,1
0.0245,1
0.02475,1
0.025,1
0.02525,1
0.0255,1
0.02575,1
0.026,1
0.02625,1
0.0265,1
0.02675,1
0.027,1
0.02725,1
0.0275,1
0.02775,1
0.028,1
0.02825,1
0.0285,1
0.02875,1
0.029,1
0.02925,1
0.0295,1
0.02975,1
0.03,1
0.03025,1
0.0305,1
0.03075,1
0.031,1
0.03125,1
0.0315,1
0.03175,1
0.032,1
0.03225,1
0.0325,1
0.03275,1
0.033,1
0.03325,1
0.0335,1
0.03375,1
0.034,1
0.03425,1
0.0345,1
0.03475,1
0.035,1
0.03525,1
0.0355,1
0.03575,1
0.036,1
0.03625,1
0.0365,1
0.03675,1
0.037,1
0.03725,1
0.0375,1
0.03775,1
0.038,1
0.03825,1
0.0385,1
0.03875,1
0.039,1
0.03925,1
0.0395,1
0.03975,1
0.04,1
0.04025,1
0.0405,1
0.04075,1
0.041,1
0.04125,1
0.0415,1
0.04175,1
0.042,1
0.04225,1
0.0425,1
0.04275,1
0.043,1
0.04325,1
0.0435,1
0.04375,1
0.044,1
0.04425,1
0.0445,1
0.04475,1
0.045,1
0.04525,1
0.0455,1
0.04575,1
0.046,1
0.04625,1
0.0465,1
0.04675,1
0.047,1
0.04725,1
0.0475,1
0.04775,1
0.048,1
0.04825,1
0.0485,1
0.04875,1
0.049,1
0.04925,1
0.0495,1
0.04975,1
0.05,1
0.05025,1
0.0505,1
0.05075,1
0.051,1
0.05125,1
0.0515,1
0.05175,1
0.052,1
0.05225,1
0.0525,1
0.05275,1
0.053,1
0.05325,1
0.0535,1
0.05375,1
0.054,1
0.05425,1
0.0545,1
0.05475,1
0.055,1
0.05525,1
0.0555,1
0.05575,1
0.056,1
0.05625,1
0.0565,1
0.05675,1
0.057,1
0.05725,1
0.0575,1
0.05775,1
0.058,1
0.05825,1
0.0585,1
0.05875,1
0.059,1
0.05925,1
0.0595,1
0.05975,1
0.06,1
0.06025,1
0.0605,1
0.06075,1
0.061,1
0.06125,1
0.0615,1
0.06175,1
0.062,1
0.06225,1
0.0625,1
0.06275,1
0.063,1
0.06325,1
0.0635,1
0.06375,1
0.064,1
0.06425,1
0.0645,1
0.06475,1
0.065,1
0.06525,1
0.0655,1
0.06575,1
0.066,1
0.06625,1
0.0665,1
0.06675,1
0.067,1
0.06725,1
0.0675,1
0.06775,1
0.068,1
0.06825,1
0.0685,1
0.06875,1
0.069,1
0.06925,1
0.0695,1
0.06975,1
0.07,1
0.07025,1
0.0705,1
0.07075,1
0.071,1
0.07125,1
0.0715,1
0.07175,1
0.072,1
0.07225,1
0.0725,1
0.07275,1
0.073,1
0.07325,1
0.0735,1
0.07375,1
0.074,1
0.07425,1
0.0745,1
0.07475,1
0.075,1
0.07525,1
0.0755,1
0.07575,1
0.076,1
0.07625,1
0.0765,1
0.07675,1
0.077,1
0.07725,1
0.0775,1
0.07775,1
0.078,1
0.07825,1
0.0785,1
0.07875,1
0.079,1
0.07925,1
0.0795,1
0.07975,1
0.08,1
0.08025,1
0.0805,1
0.08075,1
0.081,1
0.08125,1
0.0815,1
0.08175,1
0.082,1
0.08225,1
0.0825,1
0.08275,1
0.083,1
0.08325,1
0.0835,1
0.08375,1
0.084,1
0.08425,1
0.0845,1
0.08475,1
0.085,1
0.08525,1
0.0855,1
0.08575,1
0.086,1
0.08625,1
0.0865,1
0.08675,1
0.087,1
0.08725,1
0.0875,1
0.08775,1
0.088,1
0.08825,1
0.0885,1
0.08875,1
0.089,1
0.08925,1
0.0895,1
0.08975,1
0.09,1
0.09025,1
0.0905,1
0.09075,1
0.091,1
0.09125,1
0.0915,1
0.09175,1
0.092,1
0.09225,1
0.0925,1
0.09275,1
0.093,1
0.09325,1
0.0935,1
0.09375,1
0.094,1
0.09425,1
0.0945,1
0.09475,1
0.095,1
0.09525,1
0.0955,1
0.09575,1
0.096,1
0.09625,1
0.0965,1
0.09675,1
0.097,1
0.09725,1
0.0975,1
0.09775,1
0.098,1
0.09825,1
0.0985,1
0.09875,1
0.099,1
0.09925,1
0.0995,1
0.09975,1
0.1,1
0.10025,1
0.1005,1
0.10075,1
0.101,1
0.10125,1
0.1015,1
0.10175,1
0.102,1
0.10225,1
0.1025,1
0.10275,1
0.103,1
0.10325,1
0.1035,1
0.10375,1
0.104,1
0.10425,1
0.1045,1
0.10475,1
0.105,1
0.10525,1
0.1055,1
0.10575,1
0.106,1
0.10625,1
0.1065,1
0.10675,1
0.107,1
0.10725,1
0.1075,1
0.10775,1
0.108,1
0.10825,1
0.1085,1
0.10875,1
0.109,1
0.10925,1
0.1095,1
0.10975,1
0.11,1
0.11025,1
0.1105,1
0.11075,1
0.111,1
0.11125,1
0.1115,1
0.11175,1
0.112,1
0.11225,1
0.1125,1
0.11275,1
0.113,1
0.11325,1
0.1135,1
0.11375,1
0.114,1
0.11425,1
0.1145,1
0.11475,1
0.115,1
0.11525,1
0.1155,1
0.11575,1
0.116,1
0.11625,1
0.1165,1
0.11675,1
0.117,1
0.11725,1
0.1175,1
0.11775,1
0.118,1
0.11825,1
0.1185,1
0.11875,1
0.119,1
0.11925,1
0.1195,1
0.11975,1
0.12,1
0.12025,1
0.1205,1
0.12075,1
0.121,1
0.12125,1
0.1215,1
0.12175,1
0.122,1
0.12225,1
0.1225,1
0.12275,1
0.123,1
0.12325,1
0.1235,1
0.12375,1
0.124,1
0.12425,1
0.1245,1
0.12475,1
0.125,1
0.12525,1
0.1255,1
0.12575,1
0.126,1
0.12625,1
0.1265,1
0.12675,1
0.127,1
0.12725,1
0.1275,1
0.12775,1
0.128,1
0.12825,1
0.1285,1
0.12875,1
0.129,1
0.12925,1
0.1295,1
0.12975,1
0.13,1
0.13025,1
0.1305,1
0.13075,1
0.131,1
0.13125,1
0.1315,1
0.13175,1
0.132,1
0.13225,1
0.1325,1
0.13275,1
0.133,1
0.13325,1
0.1335,1
0.13375,1
0.134,1
0.13425,1
0.1345,1
0.13475,1
0.135,1
0.13525,1
0.1355,1
0.13575,1
0.136,1
0.13625,1
0.1365,1
0.13675,1
0.137,1
0.13725,1
0.1375,1
0.13775,1
0.138,1
0.13825,1
0.1385,1
0.13875,1
0.139,1
0.13925,1
0.1395,1
0.13975,1
0.14,1
0.14025,1
0.1405,1
0.14075,1
0.141,1
0.14125,1
0.1415,1
0.14175,1
0.142,1
0.14225,1
0.1425,1
0.14275,1
0.143,1
0.14325,1
0.1435,1
0.14375,1
0.144,1
0.14425,1
0.1445,1
0.14475,1
0.145,1
0.14525,1
0.1455,1
0.14575,1
0.146,1
0.14625,1
0.1465,1
0.14675,1
0.147,1
0.14725,1
0.1475,1
0.14775,1
0.148,1
0.14825,1
0.1485,1
0.14875,1
0.149,1
0.14925,1
0.1495,1
0.14975,1
0.15,1
0.15025,1
0.1505,1
0.15075,1
0.151,1
0.15125,1
0.1515,1
0.15175,1
0.152,1
0.15225,1
0.1525,1
0.15275,1
0.153,1
0.15325,1
0.1535,1
0.15375,1
0.154,1
0.15425,1
0.1545,1
0.15475,1
0.155,1
0.15525,1
0.1555,1
0.15575,1
0.156,1
0.15625,1
0.1565,1
0.15675,1
0.157,1
0.15725,1
0.1575,1
0.15775,1
0.158,1
0.15825,1
0.1585,1
0.15875,1
0.159,1
0.15925,1
0.1595,1
0.15975,1
0.16,1
0.16025,1
0.1605,1
0.16075,1
0.161,1
0.16125,1
0.1615,1
0.16175,1
0.162,1
0.16225,1
0.1625,1
0.16275,1
0.163,1
0.16325,1
0.1635,1
0.16375,1
0.164,1
0.16425,1
0.1645,1
0.16475,1
0.165,1
0.16525,1
0.1655,1
0.16575,1
0.166,1
0.16625,1
0.1665,1
0.16675,1
0.167,1
0.16725,1
0.1675,1
0.16775,1
0.168,1
0.16825,1
0.1685,1
0.16875,1
0.169,1
0.16925,1
0.1695,1
0.16975,1
0.17,1
0.17025,1
0.1705,1
0.17075,1
0.171,1
0.17125,1
0.1715,1
0.17175,1
0.172,1
0.17225,1
0.1725,1
0.17275,1
0.173,1
0.17325,1
0.1735,1
0.17375,1
0.174,1
0.17425,1
0.1745,1
0.17475,1
0.175,1
0.17525,1
0.1755,1
0.17575,1
0.176,1
0.17625,1
0.1765,1
0.17675,1
0.177,1
0.17725,1
0.1775,1
0.17775,1
0.178,1
0.17825,1
0.1785,1
0.17875,1
0.179,1
0.17925,1
0.1795,1
0.17975,1
0.18,1
0.18025,1
0.1805,1
0.18075,1
0.181,1
0.18125,1
0.1815,1
0.18175,1
0.182,1
0.18225,1
0.1825,1
0.18275,1
0.183,1
0.18325,1
0.1835,1
0.18375,1
0.184,1
0.18425,1
0.1845,1
0.18475,1
0.185,1
0.18525,1
0.1855,1
0.18575,1
0.186,1
0.18625,1
0.1865,1
0.18675,1
0.187,1
0.18725,1
0.1875,1
0.18775,1
0.188,1
0.18825,1
0.1885,1
0.18875,1
0.189,1
0.18925,1
0.1895,1
0.18975,1
0.19,1
0.19025,1
0.1905,1
0.19075,1
0.191,1
0.19125,1
0.1915,1
0.19175,1
0.192,1
0.19225,1
0.1925,1
0.19275,1
0.193,1
0.19325,1
0.1935,1
0.19375,1
0.194,1
0.19425,1
0.1945,1
0.19475,1
0.195,1
0.19525,1
0.1955,1
0.19575,1
0.196,1
0.19625,1
0.1965,1
0.19675,1
0.197,1
0.19725,1
0.1975,1
0.19775,1
0.198,1
0.19825,1
0.1985,1
0.19875,1
0.199,1
0.19925,1
0.1995,1
0.19975,1
0.2,1
0.20025,1
0.2005,1
0.20075,1
0.201,1
0.20125,1
0.2015,1
0.20175,1
0.202,1
0.20225,1
0.2025,1
0.20275,1
0.203,1
0.20325,1
0.2035,1
0.20375,1
0.204,1
0.20425,1
0.2045,1
0.20475,1
0.205,1
0.20525,1
0.2055,1
0.20575,1
0.206,1
0.20625,1
0.2065,1
0.20675,1
0.207,1
0.20725,1
0.2075,1
0.20775,1
0.208,1
0.20825,1
0.2085,1
0.20875,1
0.209,1
0.20925,1
0.2095,1
0.20975,1
0.21,1
0.21025,1
0.2105,1
0.21075,1
0.211,1
0.21125,1
0.2115,1
0.21175,1
0.212,1
0.21225,1
0.2125,1
0.21275,1
0.213,1
0.21325,1
0.2135,1
0.21375,1
0.214,1
0.21425,1
0.2145,1
0.21475,1
0.215,1
0.21525,1
0.2155,1
0.21575,1
0.216,1
0.21625,1
0.2165,1
0.21675,1
0.217,1
0.21725,1
0.2175,1
0.21775,1
0.218,1
0.21825,1
0.2185,1
0.21875,1
0.219,1
0.21925,1
0.2195,1
0.21975,1
0.22,1
0.22025,1
0.2205,1
0.22075,1
0.221,1
0.22125,1
0.2215,1
0.22175,1
0.222,1
0.22225,1
0.2225,1
0.22275,1
0.223,1
0.22325,1
0.2235,1
0.22375,1
0.224,1
0.22425,1
0.2245,1
0.22475,1
0.225,1
0.22525,1
0.2255,1
0.22575,1
0.226,1
0.22625,1
0.2265,1
0.22675,1
0.227,1
0.22725,1
0.2275,1
0.22775,1
0.228,1
0.22825,1
0.2285,1
0.22875,1
0.229,1
0.22925,1
0.2295,1
0.22975,1
0.23,1
0.23025,1
0.2305,1
0.23075,1
0.231,1
0.23125,1
0.2315,1
0.23175,1
0.232,1
0.23225,1
0.2325,1
0.23275,1
0.233,1
0.23325,1
0.2335,1
0.23375,1
0.234,1
0.23425,1
0.2345,1
0.23475,1
0.235,1
0.23525,1
0.2355,1
0.23575,1
0.236,1
0.23625,1
0.2365,1
0.23675,1
0.237,1
0.23725,1
0.2375,1
0.23775,1
0.238,1
0.23825,1
0.2385,1
0.23875,1
0.239,1
0.23925,1
0.2395,1
0.23975,1
0.24,1
0.24025,1
0.2405,1
0.24075,1
0.241,1
0.24125,1
0.2415,1
0.24175,1
0.242,1
0.24225,1
0.2425,1
0.24275,1
0.243,1
0.24325,1
0.2435,1
0.24375,1
0.244,1
0.24425,1
0.2445,1
0.24475,1
0.245,1
0.24525,1
0.2455,1
0.24575,1
0.246,1
0.24625,1
0.2465,1
0.24675,1
0.247,1
0.24725,1
0.2475,1
0.24775,1
0.248,1
0.24825,1
0.2485,1
0.24875,1
0.249,1
0.24925,1
0.2495,1
0.24975,1
0.25,1
0.25025,1
0.2505,1
0.25075,1
0.251,1
0.25125,1
0.2515,1
0.25175,1
0.252,1
0.25225,1
0.2525,1
0.25275,1
0.253,1
0.25325,1
0.2535,1
0.25375,1
0.254,1
0.25425,1
0.2545,1
0.25475,1
0.255,1
0.25525,1
0.2555,1
0.25575,1
0.256,1
0.25625,1
0.2565,1
0.25675,1
0.257,1
0.25725,1
0.2575,1
0.25775,1
0.258,1
0.25825,1
0.2585,1
0.25875,1
0.259,1
0.25925,1
0.2595,1
0.25975,1
0.26,1
0.26025,1
0.2605,1
0.26075,1
0.261,1
0.26125,1
0.2615,1
0.26175,1
0.262,1
0.26225,1
0.2625,1
0.26275,1
0.263,1
0.26325,1
0.2635,1
0.26375,1
0.264,1
0.26425,1
0.2645,1
0.26475,1
0.265,1
0.26525,1
0.2655,1
0.26575,1
0.266,1
0.26625,1
0.2665,1
0.26675,1
0.267,1
0.26725,1
0.2675,1
0.26775,1
0.268,1
0.26825,1
0.2685,1
0.26875,1
0.269,1
0.26925,1
0.2695,1
0.26975,1
0.27,1
0.27025,1
0.2705,1
0.27075,1
0.271,1
0.27125,1
0.2715,1
0.27175,1
0.272,1
0.27225,1
0.2725,1
0.27275,1
0.273,1
0.27325,1
0.2735,1
0.27375,1
0.274,1
0.27425,1
0.2745,1
0.27475,1
0.275,1
0.27525,1
0.2755,1
0.27575,1
0.276,1
0.27625,1
0.2765,1
0.27675,1
0.277,1
0.27725,1
0.2775,1
0.27775,1
0.278,1
0.27825,1
0.2785,1
0.27875,1
0.279,1
0.27925,1
0.2795,1
0.27975,1
0.28,1
0.28025,1
0.2805,1
0.28075,1
0.281,1
0.28125,1
0.2815,1
0.28175,1
0.282,1
0.28225,1
0.2825,1
0.28275,1
0.283,1
0.28325,1
0.2835,1
0.28375,1
0.284,1
0.28425,1
0.2845,1
0.28475,1
0.285,1
0.28525,1
0.2855,1
0.28575,1
0.286,1
0.28625,1
0.2865,1
0.28675,1
0.287,1
0.28725,1
0.2875,1
0.28775,1
0.288,1
0.28825,1
0.2885,1
0.28875,1
0.289,1
0.28925,1
0.2895,1
0.28975,1
0.29,1
0.29025,1
0.2905,1
0.29075,1
0.291,1
0.29125,1
0.2915,1
0.29175,1
0.292,1
0.29225,1
0.2925,1
0.29275,1
0.293,1
0.29325,1
0.2935,1
0.29375,1
0.294,1
0.29425,1
0.2945,1
0.29475,1
0.295,1
0.29525,1
0.2955,1
0.29575,1
0.296,1
0.29625,1
0.2965,1
0.29675,1
0.297,1
0.29725,1
0.2975,1
0.29775,1
0.298,1
0.29825,1
0.2985,1
0.29875,1
0.299,1
0.29925,1
0.2995,1
0.29975,1
0.3,1
0.30025,1
0.3005,1
0.30075,1
0.301,1
0.30125,1
0.3015,1
0.30175,1
0.302,1
0.30225,1
0.3025,1
0.30275,1
0.303,1
0.30325,1
0.3035,1
0.30375,1
0.304,1
0.30425,1
0.3045,1
0.30475,1
0.305,1
0.30525,1
0.3055,1
0.30575,1
0.306,1
0.30625,1
0.3065,1
0.30675,1
0.307,1
0.30725,1
0.3075,1
0.30775,1
0.308,1
0.30825,1
0.3085,1
0.30875,1
0.309,1
0.30925,1
0.3095,1
0.30975,1
0.31,1
0.31025,1
0.3105,1
0.31075,1
0.311,1
0.31125,1
0.3115,1
0.31175,1
0.312,1
0.31225,1
0.3125,1
0.31275,1
0.313,1
0.31325,1
0.3135,1
0.31375,1
0.314,1
0.31425,1
0.3145,1
0.31475,1
0.315,1
0.31525,1
0.3155,1
0.31575,1
0.316,1
0.31625,1
0.3165,1
0.31675,1
0.317,1
0.31725,1
0.3175,1
0.31775,1
0.318,1
0.31825,1
0.3185,1
0.31875,1
0.319,1
0.31925,1
0.3195,1
0.31975,1
0.32,1
0.32025,1
0.3205,1
0.32075,1
0.321,1
0.32125,1
0.3215,1
0.32175,1
0.322,1
0.32225,1
0.3225,1
0.32275,1
0.323,1
0.32325,1
0.3235,1
0.32375,1
0.324,1
0.32425,1
0.3245,1
0.32475,1
0.325,1
0.32525,1
0.3255,1
0.32575,1
0.326,1
0.32625,1
0.3265,1
0.32675,1
0.327,1
0.32725,1
0.3275,1
0.32775,1
0.328,1
0.32825,1
0.3285,1
0.32875,1
0.329,1
0.32925,1
0.3295,1
0.32975,1
0.33,1
0.33025,1
0.3305,1
0.33075,1
0.331,1
0.33125,1
0.3315,1
0.33175,1
0.332,1
0.33225,1
0.3325,1
0.33275,1
0.333,1
0.33325,1
0.3335,1
0.33375,1
0.334,1
0.33425,1
0.3345,1
0.33475,1
0.335,1
0.33525,1
0.3355,1
0.33575,1
0.336,1
0.33625,1
0.3365,1
0.33675,1
0.337,1
0.33725,1
0.3375,1
0.33775,1
0.338,1
0.33825,1
0.3385,1
0.33875,1
0.339,1
0.33925,1
0.3395,1
0.33975,1
0.34,1
0.34025,1
0.3405,1
0.34075,1
0.341,1
0.34125,1
0.3415,1
0.34175,1
0.342,1
0.34225,1
0.3425,1
0.34275,1
0.343,1
0.34325,1
0.3435,1
0.34375,1
0.344,1
0.34425,1
0.3445,1
0.34475,1
0.345,1
0.34525,1
0.3455,1
0.34575,1
0.346,1
0.34625,1
0.3465,1
0.34675,1
0.347,1
0.34725,1
0.3475,1
0.34775,1
0.348,1
0.34825,1
0.3485,1
0.34875,1
0.349,1
0.34925,1
0.3495,1
0.34975,1
0.35,1
0.35025,1
0.3505,1
0.35075,1
0.351,1
0.35125,1
0.3515,1
0.35175,1
0.352,1
0.35225,1
0.3525,1
0.35275,1
0.353,1
0.35325,1
0.3535,1
0.35375,1
0.354,1
0.35425,1
0.3545,1
0.35475,1
0.355,1
0.35525,1
0.3555,1
0.35575,1
0.356,1
0.35625,1
0.3565,1
0.35675,1
0.357,1
0.35725,1
0.3575,1
0.35775,1
0.358,1
0.35825,1
0.3585,1
0.35875,1
0.359,1
0.35925,1
0.3595,1
0.35975,1
0.36,1
0.36025,1
0.3605,1
0.36075,1
0.361,1
0.36125,1
0.3615,1
0.36175,1
0.362,1
0.36225,1
0.3625,1
0.36275,1
0.363,1
0.36325,1
0.3635,1
0.36375,1
0.364,1
0.36425,1
0.3645,1
0.36475,1
0.365,1
0.36525,1
0.3655,1
0.36575,1
0.366,1
0.36625,1
0.3665,1
0.36675,1
0.367,1
0.36725,1
0.3675,1
0.36775,1
0.368,1
0.36825,1
0.3685,1
0.36875,1
0.369,1
0.36925,1
0.3695,1
0.36975,1
0.37,1
0.37025,1
0.3705,1
0.37075,1
0.371,1
0.37125,1
0.3715,1
0.37175,1
0.372,1
0.37225,1
0.3725,1
0.37275,1
0.373,1
0.37325,1
0.3735,1
0.37375,1
0.374,1
0.37425,1
0.3745,1
0.37475,1
0.375,1
0.37525,1
0.3755,1
0.37575,1
0.376,1
0.37625,1
0.3765,1
0.37675,1
0.377,1
0.37725,1
0.3775,1
0.37775,1
0.378,1
0.37825,1
0.3785,1
0.37875,1
0.379,1
0.37925,1
0.3795,1
0.37975,1
0.38,1
0.38025,1
0.3805,1
0.38075,1
0.381,1
0.38125,1
0.3815,1
0.38175,1
0.382,1
0.38225,1
0.3825,1
0.38275,1
0.383,1
0.38325,1
0.3835,1
0.38375,1
0.384,1
0.38425,1
0.3845,1
0.38475,1
0.385,1
0.38525,1
0.3855,1
0.38575,1
0.386,1
0.38625,1
0.3865,1
0.38675,1
0.387,1
0.38725,1
0.3875,1
0.38775,1
0.388,1
0.38825,1
0.3885,1
0.38875,1
0.389,1
0.38925,1
0.3895,1
0.38975,1
0.39,1
0.39025,1
0.3905,1
0.39075,1
0.391,1
0.39125,1
0.3915,1
0.39175,1
0.392,1
0.39225,1
0.3925,1
0.39275,1
0.393,1
0.39325,1
0.3935,1
0.39375,1
0.394,1
0.39425,1
0.3945,1
0.39475,1
0.395,1
0.39525,1
0.3955,1
0.39575,1
0.396,1
0.39625,1
0.3965,1
0.39675,1
0.397,1
0.39725,1
0.3975,1
0.39775,1
0.398,1
0.39825,1
0.3985,1
0.39875,1
0.399,1
0.39925,1
0.3995,1
0.39975,1
0.4,1
0.40025,1
0.4005,1
0.40075,1
0.401,1
0.40125,1
0.4015,1
0.40175,1
0.402,1
0.40225,1
0.4025,1
0.40275,1
0.403,1
0.40325,1
0.4035,1
0.40375,1
0.404,1
0.40425,1
0.4045,1
0.40475,1
0.405,1
0.40525,1
0.4055,1
0.40575,1
0.406,1
0.40625,1
0.4065,1
0.40675,1
0.407,1
0.40725,1
0.4075,1
0.40775,1
0.408,1
0.40825,1
0.4085,1
0.40875,1
0.409,1
0.40925,1
0.4095,1
0.40975,1
0.41,1
0.41025,1
0.4105,1
0.41075,1
0.411,1
0.41125,1
0.4115,1
0.41175,1
0.412,1
0.41225,1
0.4125,1
0.41275,1
0.413,1
0.41325,1
0.4135,1
0.41375,1
0.414,1
0.41425,1
0.4145,1
0.41475,1
0.415,1
0.41525,1
0.4155,1
0.41575,1
0.416,1
0.41625,1
0.4165,1
0.41675,1
0.417,1
0.41725,1
0.4175,1
0.41775,1
0.418,1
0.41825,1
0.4185,1
0.41875,1
0.419,1
0.41925,1
0.4195,1
0.41975,1
0.42,1
0.42025,1
0.4205,1
0.42075,1
0.421,1
0.42125,1
0.4215,1
0.42175,1
0.422,1
0.42225,1
0.4225,1
0.42275,1
0.423,1
0.42325,1
0.4235,1
0.42375,1
0.424,1
0.42425,1
0.4245,1
0.42475,1
0.425,1
0.42525,1
0.4255,1
0.42575,1
0.426,1
0.42625,1
0.4265,1
0.42675,1
0.427,1
0.42725,1
0.4275,1
0.42775,1
0.428,1
0.42825,1
0.4285,1
0.42875,1
0.429,1
0.42925,1
0.4295,1
0.42975,1
0.43,1
0.43025,1
0.4305,1
0.43075,1
0.431,1
0.43125,1
0.4315,1
0.43175,1
0.432,1
0.43225,1
0.4325,1
0.43275,1
0.433,1
0.43325,1
0.4335,1
0.43375,1
0.434,1
0.43425,1
0.4345,1
0.43475,1
0.435,1
0.43525,1
0.4355,1
0.43575,1
0.436,1
0.43625,1
0.4365,1
0.43675,1
0.437,1
0.43725,1
0.4375,1
0.43775,1
0.438,1
0.43825,1
0.4385,1
0.43875,1
0.439,1
0.43925,1
0.4395,1
0.43975,1
0.44,1
0.44025,1
0.4405,1
0.44075,1
0.441,1
0.44125,1
0.4415,1
0.44175,1
0.442,1
0.44225,1
0.4425,1
0.44275,1
0.443,1
0.44325,1
0.4435,1
0.44375,1
0.444,1
0.44425,1
0.4445,1
0.44475,1
0.445,1
0.44525,1
0.4455,1
0.44575,1
0.446,1
0.44625,1
0.4465,1
0.44675,1
0.447,1
0.44725,1
0.4475,1
0.44775,1
0.448,1
0.44825,1
0.4485,1
0.44875,1
0.449,1
0.44925,1
0.4495,1
0.44975,1
0.45,1
0.45025,1
0.4505,1
0.45075,1
0.451,1
0.45125,1
0.4515,1
0.45175,1
0.452,1
0.45225,1
0.4525,1
0.45275,1
0.453,1
0.45325,1
0.4535,1
0.45375,1
0.454,1
0.45425,1
0.4545,1
0.45475,1
0.455,1
0.45525,1
0.4555,1
0.45575,1
0.456,1
0.45625,1
0.4565,1
0.45675,1
0.457,1
0.45725,1
0.4575,1
0.45775,1
0.458,1
0.45825,1
0.4585,1
0.45875,1
0.459,1
0.45925,1
0.4595,1
0.45975,1
0.46,1
0.46025,1
0.4605,1
0.46075,1
0.461,1
0.46125,1
0.4615,1
0.46175,1
0.462,1
0.46225,1
0.4625,1
0.46275,1
0.463,1
0.46325,1
0.4635,1
0.46375,1
0.464,1
0.46425,1
0.4645,1
0.46475,1
0.465,1
0.46525,1
0.4655,1
0.46575,1
0.466,1
0.46625,1
0.4665,1
0.46675,1
0.467,1
0.46725,1
0.4675,1
0.46775,1
0.468,1
0.46825,1
0.4685,1
0.46875,1
0.469,1
0.46925,1
0.4695,1
0.46975,1
0.47,1
0.47025,1
0.4705,1
0.47075,1
0.471,1
0.47125,1
0.4715,1
0.47175,1
0.472,1
0.47225,1
0.4725,1
0.47275,1
0.473,1
0.47325,1
0.4735,1
0.47375,1
0.474,1
0.47425,1
0.4745,1
0.47475,1
0.475,1
0.47525,1
0.4755,1
0.47575,1
0.476,1
0.47625,1
0.4765,1
0.47675,1
0.477,1
0.47725,1
0.4775,1
0.47775,1
0.478,1
0.47825,1
0.4785,1
0.47875,1
0.479,1
0.47925,1
0.4795,1
0.47975,1
0.48,1
0.48025,1
0.4805,1
0.48075,1
0.481,1
0.48125,1
0.4815,1
0.48175,1
0.482,1
0.48225,1
0.4825,1
0.48275,1
0.483,1
0.48325,1
0.4835,1
0.48375,1
0.484,1
0.48425,1
0.4845,1
0.48475,1
0.485,1
0.48525,1
0.4855,1
0.48575,1
0.486,1
0.48625,1
0.4865,1
0.48675,1
0.487,1
0.48725,1
0.4875,1
0.48775,1
0.488,1
0.48825,1
0.4885,1
0.48875,1
0.489,1
0.48925,1
0.4895,1
0.48975,1
0.49,1
0.49025,1
0.4905,1
0.49075,1
0.491,1
0.49125,1
0.4915,1
0.49175,1
0.492,1
0.49225,1
0.4925,1
0.49275,1
0.493,1
0.49325,1
0.4935,1
0.49375,1
0.494,1
0.49425,1
0.4945,1
0.49475,1
0.495,1
0.49525,1
0.4955,1
0.49575,1
0.496,1
0.49625,1
0.4965,1
0.49675,1
0.497,1
0.49725,1
0.4975,1
0.49775,1
0.498,1
0.49825,1
0.4985,1
0.49875,1
0.499,1
0.49925,1
0.4995,1
0.49975,1
0.5,1
0.50025,1
0.5005,1
0.50075,1
0.501,1
0.50125,1
0.5015,1
0.50175,1
0.502,1
0.50225,1
0.5025,1
0.50275,1
0.503,1
0.50325,1
0.5035,1
0.50375,1
0.504,1
0.50425,1
0.5045,1
0.50475,1
0.505,1
0.50525,1
0.5055,1
0.50575,1
0.506,1
0.50625,1
0.5065,1
0.50675,1
0.507,1
0.50725,1
0.5075,1
0.50775,1
0.508,1
0.50825,1
0.5085,1
0.50875,1
0.509,1
0.50925,1
0.5095,1
0.50975,1
0.51,1
0.51025,1
0.5105,1
0.51075,1
0.511,1
0.51125,1
0.5115,1
0.51175,1
0.512,1
0.51225,1
0.5125,1
0.51275,1
0.513,1
0.51325,1
0.5135,1
0.51375,1
0.514,1
0.51425,1
0.5145,1
0.51475,1
0.515,1
0.51525,1
0.5155,1
0.51575,1
0.516,1
0.51625,1
0.5165,1
0.51675,1
0.517,1
0.51725,1
0.5175,1
0.51775,1
0.518,1
0.51825,1
0.5185,1
0.51875,1
0.519,1
0.51925,1
0.5195,1
0.51975,1
0.52,1
0.52025,1
0.5205,1
0.52075,1
0.521,1
0.52125,1
0.5215,1
0.52175,1
0.522,1
0.52225,1
0.5225,1
0.52275,1
0.523,1
0.52325,1
0.5235,1
0.52375,1
0.524,1
0.52425,1
0.5245,1
0.52475,1
0.525,1
0.52525,1
0.5255,1
0.52575,1
0.526,1
0.52625,1
0.5265,1
0.52675,1
0.527,1
0.52725,1
0.5275,1
0.52775,1
0.528,1
0.52825,1
0.5285,1
0.52875,1
0.529,1
0.52925,1
0.5295,1
0.52975,1
0.53,1
0.53025,1
0.5305,1
0.53075,1
0.531,1
0.53125,1
0.5315,1
0.53175,1
0.532,1
0.53225,1
0.5325,1
0.53275,1
0.533,1
0.53325,1
0.5335,1
0.53375,1
0.534,1
0.53425,1
0.5345,1
0.53475,1
0.535,1
0.53525,1
0.5355,1
0.53575,1
0.536,1
0.53625,1
0.5365,1
0.53675,1
0.537,1
0.53725,1
0.5375,1
0.53775,1
0.538,1
0.53825,1
0.5385,1
0.53875,1
0.539,1
0.53925,1
0.5395,1
0.53975,1
0.54,1
0.54025,1
0.5405,1
0.54075,1
0.541,1
0.54125,1
0.5415,1
0.54175,1
0.542,1
0.54225,1
0.5425,1
0.54275,1
0.543,1
0.54325,1
0.5435,1
0.54375,1
0.544,1
0.54425,1
0.5445,1
0.54475,1
0.545,1
0.54525,1
0.5455,1
0.54575,1
0.546,1
0.54625,1
0.5465,1
0.54675,1
0.547,1
0.54725,1
0.5475,1
0.54775,1
0.548,1
0.54825,1
0.5485,1
0.54875,1
0.549,1
0.54925,1
0.5495,1
0.54975,1
0.55,1
0.55025,1
0.5505,1
0.55075,1
0.551,1
0.55125,1
0.5515,1
0.55175,1
0.552,1
0.55225,1
0.5525,1
0.55275,1
0.553,1
0.55325,1
0.5535,1
0.55375,1
0.554,1
0.55425,1
0.5545,1
0.55475,1
0.555,1
0.55525,1
0.5555,1
0.55575,1
0.556,1
0.55625,1
0.5565,1
0.55675,1
0.557,1
0.55725,1
0.5575,1
0.55775,1
0.558,1
0.55825,1
0.5585,1
0.55875,1
0.559,1
0.55925,1
0.5595,1
0.55975,1
0.56,1
0.56025,1
0.5605,1
0.56075,1
0.561,1
0.56125,1
0.5615,1
0.56175,1
0.562,1
0.56225,1
0.5625,1
0.56275,1
0.563,1
0.56325,1
0.5635,1
0.56375,1
0.564,1
0.56425,1
0.5645,1
0.56475,1
0.565,1
0.56525,1
0.5655,1
0.56575,1
0.566,1
0.56625,1
0.5665,1
0.56675,1
0.567,1
0.56725,1
0.5675,1
0.56775,1
0.568,1
0.56825,1
0.5685,1
0.56875,1
0.569,1
0.56925,1
0.5695,1
0.56975,1
0.57,1
0.57025,1
0.5705,1
0.57075,1
0.571,1
0.57125,1
0.5715,1
0.57175,1
0.572,1
0.57225,1
0.5725,1
0.57275,1
0.573,1
0.57325,1
0.5735,1
0.57375,1
0.574,1
0.57425,1
0.5745,1
0.57475,1
0.575,1
0.57525,1
0.5755,1
0.57575,1
0.576,1
0.57625,1
0.5765,1
0.57675,1
0.577,1
0.57725,1
0.5775,1
0.57775,1
0.578,1
0.57825,1
0.5785,1
0.57875,1
0.579,1
0.57925,1
0.5795,1
0.57975,1
0.58,1
0.58025,1
0.5805,1
0.58075,1
0.581,1
0.58125,1
0.5815,1
0.58175,1
0.582,1
0.58225,1
0.5825,1
0.58275,1
0.583,1
0.58325,1
0.5835,1
0.58375,1
0.584,1
0.58425,1
0.5845,1
0.58475,1
0.585,1
0.58525,1
0.5855,1
0.58575,1
0.586,1
0.58625,1
0.5865,1
0.58675,1
0.587,1
0.58725,1
0.5875,1
0.58775,1
0.588,1
0.58825,1
0.5885,1
0.58875,1
0.589,1
0.58925,1
0.5895,1
0.58975,1
0.59,1
0.59025,1
0.5905,1
0.59075,1
0.591,1
0.59125,1
0.5915,1
0.59175,1
0.592,1
0.59225,1
0.5925,1
0.59275,1
0.593,1
0.59325,1
0.5935,1
0.59375,1
0.594,1
0.59425,1
0.5945,1
0.59475,1
0.595,1
0.59525,1
0.5955,1
0.59575,1
0.596,1
0.59625,1
0.5965,1
0.59675,1
0.597,1
0.59725,1
0.5975,1
0.59775,1
0.598,1
0.59825,1
0.5985,1
0.59875,1
0.599,1
0.59925,1
0.5995,1
0.59975,1
0.6,1
0.60025,1
0.6005,1
0.60075,1
0.601,1
0.60125,1
0.6015,1
0.60175,1
0.602,1
0.60225,1
0.6025,1
0.60275,1
0.603,1
0.60325,1
0.6035,1
0.60375,1
0.604,1
0.60425,1
0.6045,1
0.60475,1
0.605,1
0.60525,1
0.6055,1
0.60575,1
0.606,1
0.60625,1
0.6065,1
0.60675,1
0.607,1
0.60725,1
0.6075,1
0.60775,1
0.608,1
0.60825,1
0.6085,1
0.60875,1
0.609,1
0.60925,1
0.6095,1
0.60975,1
0.61,1
0.61025,1
0.6105,1
0.61075,1
0.611,1
0.61125,1
0.6115,1
0.61175,1
0.612,1
0.61225,1
0.6125,1
0.61275,1
0.613,1
0.61325,1
0.6135,1
0.61375,1
0.614,1
0.61425,1
0.6145,1
0.61475,1
0.615,1
0.61525,1
0.6155,1
0.61575,1
0.616,1
0.61625,1
0.6165,1
0.61675,1
0.617,1
0.61725,1
0.6175,1
0.61775,1
0.618,1
0.61825,1
0.6185,1
0.61875,1
0.619,1
0.61925,1
0.6195,1
0.61975,1
0.62,1
0.62025,1
0.6205,1
0.62075,1
0.621,1
0.62125,1
0.6215,1
0.62175,1
0.622,1
0.62225,1
0.6225,1
0.62275,1
0.623,1
0.62325,1
0.6235,1
0.62375,1
0.624,1
0.62425,1
0.6245,1
0.62475,1
0.625,1
0.62525,1
0.6255,1
0.62575,1
0.626,1
0.62625,1
0.6265,1
0.62675,1
0.627,1
0.62725,1
0.6275,1
0.62775,1
0.628,1
0.62825,1
0.6285,1
0.62875,1
0.629,1
0.62925,1
0.6295,1
0.62975,1
0.63,1
0.63025,1
0.6305,1
0.63075,1
0.631,1
0.63125,1
0.6315,1
0.63175,1
0.632,1
0.63225,1
0.6325,1
0.63275,1
0.633,1
0.63325,1
0.6335,1
0.63375,1
0.634,1
0.63425,1
0.6345,1
0.63475,1
0.635,1
0.63525,1
0.6355,1
0.63575,1
0.636,1
0.63625,1
0.6365,1
0.63675,1
0.637,1
0.63725,1
0.6375,1
0.63775,1
0.638,1
0.63825,1
0.6385,1
0.63875,1
0.639,1
0.63925,1
0.6395,1
0.63975,1
0.64,1
0.64025,1
0.6405,1
0.64075,1
0.641,1
0.64125,1
0.6415,1
0.64175,1
0.642,1
0.64225,1
0.6425,1
0.64275,1
0.643,1
0.64325,1
0.6435,1
0.64375,1
0.644,1
0.64425,1
0.6445,1
0.64475,1
0.645,1
0.64525,1
0.6455,1
0.64575,1
0.646,1
0.64625,1
0.6465,1
0.64675,1
0.647,1
0.64725,1
0.6475,1
0.64775,1
0.648,1
0.64825,1
0.6485,1
0.64875,1
0.649,1
0.64925,1
0.6495,1
0.64975,1
0.65,1
0.65025,1
0.6505,1
0.65075,1
0.651,1
0.65125,1
0.6515,1
0.65175,1
0.652,1
0.65225,1
0.6525,1
0.65275,1
0.653,1
0.65325,1
0.6535,1
0.65375,1
0.654,1
0.65425,1
0.6545,1
0.65475,1
0.655,1
0.65525,1
0.6555,1
0.65575,1
0.656,1
0.65625,1
0.6565,1
0.65675,1
0.657,1
0.65725,1
0.6575,1
0.65775,1
0.658,1
0.65825,1
0.6585,1
0.65875,1
0.659,1
0.65925,1
0.6595,1
0.65975,1
0.66,1
0.66025,1
0.6605,1
0.66075,1
0.661,1
0.66125,1
0.6615,1
0.66175,1
0.662,1
0.66225,1
0.6625,1
0.66275,1
0.663,1
0.66325,1
0.6635,1
0.66375,1
0.664,1
0.66425,1
0.6645,1
0.66475,1
0.665,1
0.66525,1
0.6655,1
0.66575,1
0.666,1
0.66625,1
0.6665,1
0.66675,1
0.667,1
0.66725,1
0.6675,1
0.66775,1
0.668,1
0.66825,1
0.6685,1
0.66875,1
0.669,1
0.66925,1
0.6695,1
0.66975,1
0.67,1
0.67025,1
0.6705,1
0.67075,1
0.671,1
0.67125,1
0.6715,1
0.67175,1
0.672,1
0.67225,1
0.6725,1
0.67275,1
0.673,1
0.67325,1
0.6735,1
0.67375,1
0.674,1
0.67425,1
0.6745,1
0.67475,1
0.675,1
0.67525,1
0.6755,1
0.67575,1
0.676,1
0.67625,1
0.6765,1
0.67675,1
0.677,1
0.67725,1
0.6775,1
0.67775,1
0.678,1
0.67825,1
0.6785,1
0.67875,1
0.679,1
0.67925,1
0.6795,1
0.67975,1
0.68,1
0.68025,1
0.6805,1
0.68075,1
0.681,1
0.68125,1
0.6815,1
0.68175,1
0.682,1
0.68225,1
0.6825,1
0.68275,1
0.683,1
0.68325,1
0.6835,1
0.68375,1
0.684,1
0.68425,1
0.6845,1
0.68475,1
0.685,1
0.68525,1
0.6855,1
0.68575,1
0.686,1
0.68625,1
0.6865,1
0.68675,1
0.687,1
0.68725,1
0.6875,1
0.68775,1
0.688,1
0.68825,1
0.6885,1
0.68875,1
0.689,1
0.68925,1
0.6895,1
0.68975,1
0.69,1
0.69025,1
0.6905,1
0.69075,1
0.691,1
0.69125,1
0.6915,1
0.69175,1
0.692,1
0.69225,1
0.6925,1
0.69275,1
0.693,1
0.69325,1
0.6935,1
0.69375,1
0.694,1
0.69425,1
0.6945,1
0.69475,1
0.695,1
0.69525,1
0.6955,1
0.69575,1
0.696,1
0.69625,1
0.6965,1
0.69675,1
0.697,1
0.69725,1
0.6975,1
0.69775,1
0.698,1
0.69825,1
0.6985,1
0.69875,1
0.699,1
0.69925,1
0.6995,1
0.69975,1
0.7,1
0.70025,1
0.7005,1
0.70075,1
0.701,1
0.70125,1
0.7015,1
0.70175,1
0.702,1
0.70225,1
0.7025,1
0.70275,1
0.703,1
0.70325,1
0.7035,1
0.70375,1
0.704,1
0.70425,1
0.7045,1
0.70475,1
0.705,1
0.70525,1
0.7055,1
0.70575,1
0.706,1
0.70625,1
0.7065,1
0.70675,1
0.707,1
0.70725,1
0.7075,1
0.70775,1
0.708,1
0.70825,1
0.7085,1
0.70875,1
0.709,1
0.70925,1
0.7095,1
0.70975,1
0.71,1
0.71025,1
0.7105,1
0.71075,1
0.711,1
0.71125,1
0.7115,1
0.71175,1
0.712,1
0.71225,1
0.7125,1
0.71275,1
0.713,1
0.71325,1
0.7135,1
0.71375,1
0.714,1
0.71425,1
0.7145,1
0.71475,1
0.715,1
0.71525,1
0.7155,1
0.71575,1
0.716,1
0.71625,1
0.7165,1
0.71675,1
0.717,1
0.71725,1
0.7175,1
0.71775,1
0.718,1
0.71825,1
0.7185,1
0.71875,1
0.719,1
0.71925,1
0.7195,1
0.71975,1
0.72,1
0.72025,1
0.7205,1
0.72075,1
0.721,1
0.72125,1
0.7215,1
0.72175,1
0.722,1
0.72225,1
0.7225,1
0.72275,1
0.723,1
0.72325,1
0.7235,1
0.72375,1
0.724,1
0.72425,1
0.7245,1
0.72475,1
0.725,1
0.72525,1
0.7255,1
0.72575,1
0.726,1
0.72625,1
0.7265,1
0.72675,1
0.727,1
0.72725,1
0.7275,1
0.72775,1
0.728,1
0.72825,1
0.7285,1
0.72875,1
0.729,1
0.72925,1
0.7295,1
0.72975,1
0.73,1
0.73025,1
0.7305,1
0.73075,1
0.731,1
0.73125,1
0.7315,1
0.73175,1
0.732,1
0.73225,1
0.7325,1
0.73275,1
0.733,1
0.73325,1
0.7335,1
0.73375,1
0.734,1
0.73425,1
0.7345,1
0.73475,1
0.735,1
0.73525,1
0.7355,1
0.73575,1
0.736,1
0.73625,1
0.7365,1
0.73675,1
0.737,1
0.73725,1
0.7375,1
0.73775,1
0.738,1
0.73825,1
0.7385,1
0.73875,1
0.739,1
0.73925,1
0.7395,1
0.73975,1
0.74,1
0.74025,1
0.7405,1
0.74075,1
0.741,1
0.74125,1
0.7415,1
0.74175,1
0.742,1
0.74225,1
0.7425,1
0.74275,1
0.743,1
0.74325,1
0.7435,1
0.74375,1
0.744,1
0.74425,1
0.7445,1
0.74475,1
0.745,1
0.74525,1
0.7455,1
0.74575,1
0.746,1
0.74625,1
0.7465,1
0.74675,1
0.747,1
0.74725,1
0.7475,1
0.74775,1
0.748,1
0.74825,1
0.7485,1
0.74875,1
0.749,1
0.74925,1
0.7495,1
0.74975,1
0.75,1
0.75025,1
0.7505,1
0.75075,1
0.751,1
0.75125,1
0.7515,1
0.75175,1
0.752,1
0.75225,1
0.7525,1
0.75275,1
0.753,1
0.75325,1
0.7535,1
0.75375,1
0.754,1
0.75425,1
0.7545,1
0.75475,1
0.755,1
0.75525,1
0.7555,1
0.75575,1
0.756,1
0.75625,1
0.7565,1
0.75675,1
0.757,1
0.75725,1
0.7575,1
0.75775,1
0.758,1
0.75825,1
0.7585,1
0.75875,1
0.759,1
0.75925,1
0.7595,1
0.75975,1
0.76,1
0.76025,1
0.7605,1
0.76075,1
0.761,1
0.76125,1
0.7615,1
0.76175,1
0.762,1
0.76225,1
0.7625,1
0.76275,1
0.763,1
0.76325,1
0.7635,1
0.76375,1
0.764,1
0.76425,1
0.7645,1
0.76475,1
0.765,1
0.76525,1
0.7655,1
0.76575,1
0.766,1
0.76625,1
0.7665,1
0.76675,1
0.767,1
0.76725,1
0.7675,1
0.76775,1
0.768,1
0.76825,1
0.7685,1
0.76875,1
0.769,1
0.76925,1
0.7695,1
0.76975,1
0.77,1
0.77025,1
0.7705,1
0.77075,1
0.771,1
0.77125,1
0.7715,1
0.77175,1
0.772,1
0.77225,1
0.7725,1
0.77275,1
0.773,1
0.77325,1
0.7735,1
0.77375,1
0.774,1
0.77425,1
0.7745,1
0.77475,1
0.775,1
0.77525,1
0.7755,1
0.77575,1
0.776,1
0.77625,1
0.7765,1
0.77675,1
0.777,1
0.77725,1
0.7775,1
0.77775,1
0.778,1
0.77825,1
0.7785,1
0.77875,1
0.779,1
0.77925,1
0.7795,1
0.77975,1
0.78,1
0.78025,1
0.7805,1
0.78075,1
0.781,1
0.78125,1
0.7815,1
0.78175,1
0.782,1
0.78225,1
0.7825,1
0.78275,1
0.783,1
0.78325,1
0.7835,1
0.78375,1
0.784,1
0.78425,1
0.7845,1
0.78475,1
0.785,1
0.78525,1
0.7855,1
0.78575,1
0.786,1
0.78625,1
0.7865,1
0.78675,1
0.787,1
0.78725,1
0.7875,1
0.78775,1
0.788,1
0.78825,1
0.7885,1
0.78875,1
0.789,1
0.78925,1
0.7895,1
0.78975,1
0.79,1
0.79025,1
0.7905,1
0.79075,1
0.791,1
0.79125,1
0.7915,1
0.79175,1
0.792,1
0.79225,1
0.7925,1
0.79275,1
0.793,1
0.79325,1
0.7935,1
0.79375,1
0.794,1
0.79425,1
0.7945,1
0.79475,1
0.795,1
0.79525,1
0.7955,1
0.79575,1
0.796,1
0.79625,1
0.7965,1
0.79675,1
0.797,1
0.79725,1
0.7975,1
0.79775,1
0.798,1
0.79825,1
0.7985,1
0.79875,1
0.799,1
0.79925,1
0.7995,1
0.79975,1
0.8,1
0.80025,1
0.8005,1
0.80075,1
0.801,1
0.80125,1
0.8015,1
0.80175,1
0.802,1
0.80225,1
0.8025,1
0.80275,1
0.803,1
0.80325,1
0.8035,1
0.80375,1
0.804,1
0.80425,1
0.8045,1
0.80475,1
0.805,1
0.80525,1
0.8055,1
0.80575,1
0.806,1
0.80625,1
0.8065,1
0.80675,1
0.807,1
0.80725,1
0.8075,1
0.80775,1
0.808,1
0.80825,1
0.8085,1
0.80875,1
0.809,1
0.80925,1
0.8095,1
0.80975,1
0.81,1
0.81025,1
0.8105,1
0.81075,1
0.811,1
0.81125,1
0.8115,1
0.81175,1
0.812,1
0.81225,1
0.8125,1
0.81275,1
0.813,1
0.81325,1
0.8135,1
0.81375,1
0.814,1
0.81425,1
0.8145,1
0.81475,1
0.815,1
0.81525,1
0.8155,1
0.81575,1
0.816,1
0.81625,1
0.8165,1
0.81675,1
0.817,1
0.81725,1
0.8175,1
0.81775,1
0.818,1
0.81825,1
0.8185,1
0.81875,1
0.819,1
0.81925,1
0.8195,1
0.81975,1
0.82,1
0.82025,1
0.8205,1
0.82075,1
0.821,1
0.82125,1
0.8215,1
0.82175,1
0.822,1
0.82225,1
0.8225,1
0.82275,1
0.823,1
0.82325,1
0.8235,1
0.82375,1
0.824,1
0.82425,1
0.8245,1
0.82475,1
0.825,1
0.82525,1
0.8255,1
0.82575,1
0.826,1
0.82625,1
0.8265,1
0.82675,1
0.827,1
0.82725,1
0.8275,1
0.82775,1
0.828,1
0.82825,1
0.8285,1
0.82875,1
0.829,1
0.82925,1
0.8295,1
0.82975,1
0.83,1
0.83025,1
0.8305,1
0.83075,1
0.831,1
0.83125,1
0.8315,1
0.83175,1
0.832,1
0.83225,1
0.8325,1
0.83275,1
0.833,1
0.83325,1
0.8335,1
0.83375,1
0.834,1
0.83425,1
0.8345,1
0.83475,1
0.835,1
0.83525,1
0.8355,1
0.83575,1
0.836,1
0.83625,1
0.8365,1
0.83675,1
0.837,1
0.83725,1
0.8375,1
0.83775,1
0.838,1
0.83825,1
0.8385,1
0.83875,1
0.839,1
0.83925,1
0.8395,1
0.83975,1
0.84,1
0.84025,1
0.8405,1
0.84075,1
0.841,1
0.84125,1
0.8415,1
0.84175,1
0.842,1
0.84225,1
0.8425,1
0.84275,1
0.843,1
0.84325,1
0.8435,1
0.84375,1
0.844,1
0.84425,1
0.8445,1
0.84475,1
0.845,1
0.84525,1
0.8455,1
0.84575,1
0.846,1
0.84625,1
0.8465,1
0.84675,1
0.847,1
0.84725,1
0.8475,1
0.84775,1
0.848,1
0.84825,1
0.8485,1
0.84875,1
0.849,1
0.84925,1
0.8495,1
0.84975,1
0.85,1
0.85025,1
0.8505,1
0.85075,1
0.851,1
0.85125,1
0.8515,1
0.85175,1
0.852,1
0.85225,1
0.8525,1
0.85275,1
0.853,1
0.85325,1
0.8535,1
0.85375,1
0.854,1
0.85425,1
0.8545,1
0.85475,1
0.855,1
0.85525,1
0.8555,1
0.85575,1
0.856,1
0.85625,1
0.8565,1
0.85675,1
0.857,1
0.85725,1
0.8575,1
0.85775,1
0.858,1
0.85825,1
0.8585,1
0.85875,1
0.859,1
0.85925,1
0.8595,1
0.85975,1
0.86,1
0.86025,1
0.8605,1
0.86075,1
0.861,1
0.86125,1
0.8615,1
0.86175,1
0.862,1
0.86225,1
0.8625,1
0.86275,1
0.863,1
0.86325,1
0.8635,1
0.86375,1
0.864,1
0.86425,1
0.8645,1
0.86475,1
0.865,1
0.86525,1
0.8655,1
0.86575,1
0.866,1
0.86625,1
0.8665,1
0.86675,1
0.867,1
0.86725,1
0.8675,1
0.86775,1
0.868,1
0.86825,1
0.8685,1
0.86875,1
0.869,1
0.86925,1
0.8695,1
0.86975,1
0.87,1
0.87025,1
0.8705,1
0.87075,1
0.871,1
0.87125,1
0.8715,1
0.87175,1
0.872,1
0.87225,1
0.8725,1
0.87275,1
0.873,1
0.87325,1
0.8735,1
0.87375,1
0.874,1
0.87425,1
0.8745,1
0.87475,1
0.875,1
0.87525,1
0.8755,1
0.87575,1
0.876,1
0.87625,1
0.8765,1
0.87675,1
0.877,1
0.87725,1
0.8775,1
0.87775,1
0.878,1
0.87825,1
0.8785,1
0.87875,1
0.879,1
0.87925,1
0.8795,1
0.87975,1
0.88,1
0.88025,1
0.8805,1
0.88075,1
0.881,1
0.88125,1
0.8815,1
0.88175,1
0.882,1
0.88225,1
0.8825,1
0.88275,1
0.883,1
0.88325,1
0.8835,1
0.88375,1
0.884,1
0.88425,1
0.8845,1
0.88475,1
0.885,1
0.88525,1
0.8855,1
0.88575,1
0.886,1
0.88625,1
0.8865,1
0.88675,1
0.887,1
0.88725,1
0.8875,1
0.88775,1
0.888,1
0.88825,1
0.8885,1
0.88875,1
0.889,1
0.88925,1
0.8895,1
0.88975,1
0.89,1
0.89025,1
0.8905,1
0.89075,1
0.891,1
0.89125,1
0.8915,1
0.89175,1
0.892,1
0.89225,1
0.8925,1
0.89275,1
0.893,1
0.89325,1
0.8935,1
0.89375,1
0.894,1
0.89425,1
0.8945,1
0.89475,1
0.895,1
0.89525,1
0.8955,1
0.89575,1
0.896,1
0.89625,1
0.8965,1
0.89675,1
0.897,1
0.89725,1
0.8975,1
0.89775,1
0.898,1
0.89825,1
0.8985,1
0.89875,1
0.899,1
0.89925,1
0.8995,1
0.89975,1
0.9,1
0.90025,1
0.9005,1
0.90075,1
0.901,1
0.90125,1
0.9015,1
0.90175,1
0.902,1
0.90225,1
0.9025,1
0.90275,1
0.903,1
0.90325,1
0.9035,1
0.90375,1
0.904,1
0.90425,1
0.9045,1
0.90475,1
0.905,1
0.90525,1
0.9055,1
0.90575,1
0.906,1
0.90625,1
0.9065,1
0.90675,1
0.907,1
0.90725,1
0.9075,1
0.90775,1
0.908,1
0.90825,1
0.9085,1
0.90875,1
0.909,1
0.90925,1
0.9095,1
0.90975,1
0.91,1
0.91025,1
0.9105,1
0.91075,1
0.911,1
0.91125,1
0.9115,1
0.91175,1
0.912,1
0.91225,1
0.9125,1
0.91275,1
0.913,1
0.91325,1
0.9135,1
0.91375,1
0.914,1
0.91425,1
0.9145,1
0.91475,1
0.915,1
0.91525,1
0.9155,1
0.91575,1
0.916,1
0.91625,1
0.9165,1
0.91675,1
0.917,1
0.91725,1
0.9175,1
0.91775,1
0.918,1
0.91825,1
0.9185,1
0.91875,1
0.919,1
0.91925,1
0.9195,1
0.91975,1
0.92,1
0.92025,1
0.9205,1
0.92075,1
0.921,1
0.92125,1
0.9215,1
0.92175,1
0.922,1
0.92225,1
0.9225,1
0.92275,1
0.923,1
0.92325,1
0.9235,1
0.92375,1
0.924,1
0.92425,1
0.9245,1
0.92475,1
0.925,1
0.92525,1
0.9255,1
0.92575,1
0.926,1
0.92625,1
0.9265,1
0.92675,1
0.927,1
0.92725,1
0.9275,1
0.92775,1
0.928,1
0.92825,1
0.9285,1
0.92875,1
0.929,1
0.92925,1
0.9295,1
0.92975,1
0.93,1
0.93025,1
0.9305,1
0.93075,1
0.931,1
0.93125,1
0.9315,1
0.93175,1
0.932,1
0.93225,1
0.9325,1
0.93275,1
0.933,1
0.93325,1
0.9335,1
0.93375,1
0.934,1
0.93425,1
0.9345,1
0.93475,1
0.935,1
0.93525,1
0.9355,1
0.93575,1
0.936,1
0.93625,1
0.9365,1
0.93675,1
0.937,1
0.93725,1
0.9375,1
0.93775,1
0.938,1
0.93825,1
0.9385,1
0.93875,1
0.939,1
0.93925,1
0.9395,1
0.93975,1
0.94,1
0.94025,1
0.9405,1
0.94075,1
0.941,1
0.94125,1
0.9415,1
0.94175,1
0.942,1
0.94225,1
0.9425,1
0.94275,1
0.943,1
0.94325,1
0.9435,1
0.94375,1
0.944,1
0.94425,1
0.9445,1
0.94475,1
0.945,1
0.94525,1
0.9455,1
0.94575,1
0.946,1
0.94625,1
0.9465,1
0.94675,1
0.947,1
0.94725,1
0.9475,1
0.94775,1
0.948,1
0.94825,1
0.9485,1
0.94875,1
0.949,1
0.94925,1
0.9495,1
0.94975,1
0.95,1
0.95025,1
0.9505,1
0.95075,1
0.951,1
0.95125,1
0.9515,1
0.95175,1
0.952,1
0.95225,1
0.9525,1
0.95275,1
0.953,1
0.95325,1
0.9535,1
0.95375,1
0.954,1
0.95425,1
0.9545,1
0.95475,1
0.955,1
0.95525,1
0.9555,1
0.95575,1
0.956,1
0.95625,1
0.9565,1
0.95675,1
0.957,1
0.95725,1
0.9575,1
0.95775,1
0.958,1
0.95825,1
0.9585,1
0.95875,1
0.959,1
0.95925,1
0.9595,1
0.95975,1
0.96,1
0.96025,1
0.9605,1
0.96075,1
0.961,1
0.96125,1
0.9615,1
0.96175,1
0.962,1
0.96225,1
0.9625,1
0.96275,1
0.963,1
0.96325,1
0.9635,1
0.96375,1
0.964,1
0.96425,1
0.9645,1
0.96475,1
0.965,1
0.96525,1
0.9655,1
0.96575,1
0.966,1
0.96625,1
0.9665,1
0.96675,1
0.967,1
0.96725,1
0.9675,1
0.96775,1
0.968,1
0.96825,1
0.9685,1
0.96875,1
0.969,1
0.96925,1
0.9695,1
0.96975,1
0.97,1
0.97025,1
0.9705,1
0.97075,1
0.971,1
0.97125,1
0.9715,1
0.97175,1
0.972,1
0.97225,1
0.9725,1
0.97275,1
0.973,1
0.97325,1
0.9735,1
0.97375,1
0.974,1
0.97425,1
0.9745,1
0.97475,1
0.975,1
0.97525,1
0.9755,1
0.97575,1
0.976,1
0.97625,1
0.9765,1
0.97675,1
0.977,1
0.97725,1
0.9775,1
0.97775,1
0.978,1
0.97825,1
0.9785,1
0.97875,1
0.979,1
0.97925,1
0.9795,1
0.97975,1
0.98,1
0.98025,1
0.9805,1
0.98075,1
0.981,1
0.98125,1
0.9815,1
0.98175,1
0.982,1
0.98225,1
0.9825,1
0.98275,1
0.983,1
0.98325,1
0.9835,1
0.98375,1
0.984,1
0.98425,1
0.9845,1
0.98475,1
0.985,1
0.98525,1
0.9855,1
0.98575,1
0.986,1
0.98625,1
0.9865,1
0.98675,1
0.987,1
0.98725,1
0.9875,1
0.98775,1
0.988,1
0.98825,1
0.9885,1
0.98875,1
0.989,1
0.98925,1
0.9895,1
0.98975,1
0.99,1
0.99025,1
0.9905,1
0.99075,1
0.991,1
0.99125,1
0.9915,1
0.99175,1
0.992,1
0.99225,1
0.9925,1
0.99275,1
0.993,1
0.99325,1
0.9935,1
0.99375,1
0.994,1
0.99425,1
0.9945,1
0.99475,1
0.995,1
0.99525,1
0.9955,1
0.99575,1
0.996,1
0.99625,1
0.9965,1
0.99675,1
0.997,1
0.99725,1
0.9975,1
0.99775,1
0.998,1
0.99825,1
0.9985,1
0.99875,1
0.999,1
0.99925,1
0.9995,1
0.99975,1
1.0,1
1.00025,1
1.0005,1
1.00075,1
1.001,1
1.00125,1
1.0015,1
1.00175,1
1.002,1
1.00225,1
1.0025,1
1.00275,1
1.003,1
1.00325,1
1.0035,1
1.00375,1
1.004,1
1.00425,1
1.0045,1
1.00475,1
1.005,1
1.00525,1
1.0055,1
1.00575,1
1.006,1
1.00625,1
1.0065,1
1.00675,1
1.007,1
1.00725,1
1.0075,1
1.00775,1
1.008,1
1.00825,1
1.0085,1
1.00875,1
1.009,1
1.00925,1
1.0095,1
1.00975,1
1.01,1
1.01025,1
1.0105,1
1.01075,1
1.011,1
1.01125,1
1.0115,1
1.01175,1
1.012,1
1.01225,1
1.0125,1
1.01275,1
1.013,1
1.01325,1
1.0135,1
1.01375,1
1.014,1
1.01425,1
1.0145,1
1.01475,1
1.015,1
1.01525,1
1.0155,1
1.01575,1
1.016,1
1.01625,1
1.0165,1
1.01675,1
1.017,1
1.01725,1
1.0175,1
1.01775,1
1.018,1
1.01825,1
1.0185,1
1.01875,1
1.019,1
1.01925,1
1.0195,1
1.01975,1
1.02,1
1.02025,1
1.0205,1
1.02075,1
1.021,1
1.02125,1
1.0215,1
1.02175,1
1.022,1
1.02225,1
1.0225,1
1.02275,1
1.023,1
1.02325,1
1.0235,1
1.02375,1
1.024,1
1.02425,1
1.0245,1
1.02475,1
1.025,1
1.02525,1
1.0255,1
1.02575,1
1.026,1
1.02625,1
1.0265,1
1.02675,1
1.027,1
1.02725,1
1.0275,1
1.02775,1
1.028,1
1.02825,1
1.0285,1
1.02875,1
1.029,1
1.02925,1
1.0295,1
1.02975,1
1.03,1
1.03025,1
1.0305,1
1.03075,1
1.031,1
1.03125,1
1.0315,1
1.03175,1
1.032,1
1.03225,1
1.0325,1
1.03275,1
1.033,1
1.03325,1
1.0335,1
1.03375,1
1.034,1
1.03425,1
1.0345,1
1.03475,1
1.035,1
1.03525,1
1.0355,1
1.03575,1
1.036,1
1.03625,1
1.0365,1
1.03675,1
1.037,1
1.03725,1
1.0375,1
1.03775,1
1.038,1
1.03825,1
1.0385,1
1.03875,1
1.039,1
1.03925,1
1.0395,1
1.03975,1
1.04,1
1.04025,1
1.0405,1
1.04075,1
1.041,1
1.04125,1
1.0415,1
1.04175,1
1.042,1
1.04225,1
1.0425,1
1.04275,1
1.043,1
1.04325,1
1.0435,1
1.04375,1
1.044,1
1.04425,1
1.0445,1
1.04475,1
1.045,1
1.04525,1
1.0455,1
1.04575,1
1.046,1
1.04625,1
1.0465,1
1.04675,1
1.047,1
1.04725,1
1.0475,1
1.04775,1
1.048,1
1.04825,1
1.0485,1
1.04875,1
1.049,1
1.04925,1
1.0495,1
1.04975,1
1.05,1
1.05025,1
1.0505,1
1.05075,1
1.051,1
1.05125,1
1.0515,1
1.05175,1
1.052,1
1.05225,1
1.0525,1
1.05275,1
1.053,1
1.05325,1
1.0535,1
1.05375,1
1.054,1
1.05425,1
1.0545,1
1.05475,1
1.055,1
1.05525,1
1.0555,1
1.05575,1
1.056,1
1.05625,1
1.0565,1
1.05675,1
1.057,1
1.05725,1
1.0575,1
1.05775,1
1.058,1
1.05825,1
1.0585,1
1.05875,1
1.059,1
1.05925,1
1.0595,1
1.05975,1
1.06,1
1.06025,1
1.0605,1
1.06075,1
1.061,1
1.06125,1
1.0615,1
1.06175,1
1.062,1
1.06225,1
1.0625,1
1.06275,1
1.063,1
1.06325,1
1.0635,1
1.06375,1
1.064,1
1.06425,1
1.0645,1
1.06475,1
1.065,1
1.06525,1
1.0655,1
1.06575,1
1.066,1
1.06625,1
1.0665,1
1.06675,1
1.067,1
1.06725,1
1.0675,1
1.06775,1
1.068,1
1.06825,1
1.0685,1
1.06875,1
1.069,1
1.06925,1
1.0695,1
1.06975,1
1.07,1
1.07025,1
1.0705,1
1.07075,1
1.071,1
1.07125,1
1.0715,1
1.07175,1
1.072,1
1.07225,1
1.0725,1
1.07275,1
1.073,1
1.07325,1
1.0735,1
1.07375,1
1.074,1
1.07425,1
1.0745,1
1.07475,1
1.075,1
1.07525,1
1.0755,1
1.07575,1
1.076,1
1.07625,1
1.0765,1
1.07675,1
1.077,1
1.07725,1
1.0775,1
1.07775,1
1.078,1
1.07825,1
1.0785,1
1.07875,1
1.079,1
1.07925,1
1.0795,1
1.07975,1
1.08,1
1.08025,1
1.0805,1
1.08075,1
1.081,1
1.08125,1
1.0815,1
1.08175,1
1.082,1
1.08225,1
1.0825,1
1.08275,1
1.083,1
1.08325,1
1.0835,1
1.08375,1
1.084,1
1.08425,1
1.0845,1
1.08475,1
1.085,1
1.08525,1
1.0855,1
1.08575,1
1.086,1
1.08625,1
1.0865,1
1.08675,1
1.087,1
1.08725,1
1.0875,1
1.08775,1
1.088,1
1.08825,1
1.0885,1
1.08875,1
1.089,1
1.08925,1
1.0895,1
1.08975,1
1.09,1
1.09025,1
1.0905,1
1.09075,1
1.091,1
1.09125,1
1.0915,1
1.09175,1
1.092,1
1.09225,1
1.0925,1
1.09275,1
1.093,1
1.09325,1
1.0935,1
1.09375,1
1.094,1
1.09425,1
1.0945,1
1.09475,1
1.095,1
1.09525,1
1.0955,1
1.09575,1
1.096,1
1.09625,1
1.0965,1
1.09675,1
1.097,1
1.09725,1
1.0975,1
1.09775,1
1.098,1
1.09825,1
1.0985,1
1.09875,1
1.099,1
1.09925,1
1.0995,1
1.09975,1
1.1,1
1.10025,1
1.1005,1
1.10075,1
1.101,1
1.10125,1
1.1015,1
1.10175,1
1.102,1
1.10225,1
1.1025,1
1.10275,1
1.103,1
1.10325,1
1.1035,1
1.10375,1
1.104,1
1.10425,1
1.1045,1
1.10475,1
1.105,1
1.10525,1
1.1055,1
1.10575,1
1.106,1
1.10625,1
1.1065,1
1.10675,1
1.107,1
1.10725,1
1.1075,1
1.10775,1
1.108,1
1.10825,1
1.1085,1
1.10875,1
1.109,1
1.10925,1
1.1095,1
1.10975,1
1.11,1
1.11025,1
1.1105,1
1.11075,1
1.111,1
1.11125,1
1.1115,1
1.11175,1
1.112,1
1.11225,1
1.1125,1
1.11275,1
1.113,1
1.11325,1
1.1135,1
1.11375,1
1.114,1
1.11425,1
1.1145,1
1.11475,1
1.115,1
1.11525,1
1.1155,1
1.11575,1
1.116,1
1.11625,1
1.1165,1
1.11675,1
1.117,1
1.11725,1
1.1175,1
1.11775,1
1.118,1
1.11825,1
1.1185,1
1.11875,1
1.119,1
1.11925,1
1.1195,1
1.11975,1
1.12,1
1.12025,1
1.1205,1
1.12075,1
1.121,1
1.12125,1
1.1215,1
1.12175,1
1.122,1
1.12225,1
1.1225,1
1.12275,1
1.123,1
1.12325,1
1.1235,1
1.12375,1
1.124,1
1.12425,1
1.1245,1
1.12475,1
1.125,1
1.12525,1
1.1255,1
1.12575,1
1.126,1
1.12625,1
1.1265,1
1.12675,1
1.127,1
1.12725,1
1.1275,1
1.12775,1
1.128,1
1.12825,1
1.1285,1
1.12875,1
1.129,1
1.12925,1
1.1295,1
1.12975,1
1.13,1
1.13025,1
1.1305,1
1.13075,1
1.131,1
1.13125,1
1.1315,1
1.13175,1
1.132,1
1.13225,1
1.1325,1
1.13275,1
1.133,1
1.13325,1
1.1335,1
1.13375,1
1.134,1
1.13425,1
1.1345,1
1.13475,1
1.135,1
1.13525,1
1.1355,1
1.13575,1
1.136,1
1.13625,1
1.1365,1
1.13675,1
1.137,1
1.13725,1
1.1375,1
1.13775,1
1.138,1
1.13825,1
1.1385,1
1.13875,1
1.139,1
1.13925,1
1.1395,1
1.13975,1
1.14,1
1.14025,1
1.1405,1
1.14075,1
1.141,1
1.14125,1
1.1415,1
1.14175,1
1.142,1
1.14225,1
1.1425,1
1.14275,1
1.143,1
1.14325,1
1.1435,1
1.14375,1
1.144,1
1.14425,1
1.1445,1
1.14475,1
1.145,1
1.14525,1
1.1455,1
1.14575,1
1.146,1
1.14625,1
1.1465,1
1.14675,1
1.147,1
1.14725,1
1.1475,1
1.14775,1
1.148,1
1.14825,1
1.1485,1
1.14875,1
1.149,1
1.14925,1
1.1495,1
1.14975,1
1.15,1
1.15025,1
1.1505,1
1.15075,1
1.151,1
1.15125,1
1.1515,1
1.15175,1
1.152,1
1.15225,1
1.1525,1
1.15275,1
1.153,1
1.15325,1
1.1535,1
1.15375,1
1.154,1
1.15425,1
1.1545,1
1.15475,1
1.155,1
1.15525,1
1.1555,1
1.15575,1
1.156,1
1.15625,1
1.1565,1
1.15675,1
1.157,1
1.15725,1
1.1575,1
1.15775,1
1.158,1
1.15825,1
1.1585,1
1.15875,1
1.159,1
1.15925,1
1.1595,1
1.15975,1
1.16,1
1.16025,1
1.1605,1
1.16075,1
1.161,1
1.16125,1
1.1615,1
1.16175,1
1.162,1
1.16225,1
1.1625,1
1.16275,1
1.163,1
1.16325,1
1.1635,1
1.16375,1
1.164,1
1.16425,1
1.1645,1
1.16475,1
1.165,1
1.16525,1
1.1655,1
1.16575,1
1.166,1
1.16625,1
1.1665,1
1.16675,1
1.167,1
1.16725,1
1.1675,1
1.16775,1
1.168,1
1.16825,1
1.1685,1
1.16875,1
1.169,1
1.16925,1
1.1695,1
1.16975,1
1.17,1
1.17025,1
1.1705,1
1.17075,1
1.171,1
1.17125,1
1.1715,1
1.17175,1
1.172,1
1.17225,1
1.1725,1
1.17275,1
1.173,1
1.17325,1
1.1735,1
1.17375,1
1.174,1
1.17425,1
1.1745,1
1.17475,1
1.175,1
1.17525,1
1.1755,1
1.17575,1
1.176,1
1.17625,1
1.1765,1
1.17675,1
1.177,1
1.17725,1
1.1775,1
1.17775,1
1.178,1
1.17825,1
1.1785,1
1.17875,1
1.179,1
1.17925,1
1.1795,1
1.17975,1
1.18,1
1.18025,1
1.1805,1
1.18075,1
1.181,1
1.18125,1
1.1815,1
1.18175,1
1.182,1
1.18225,1
1.1825,1
1.18275,1
1.183,1
1.18325,1
1.1835,1
1.18375,1
1.184,1
1.18425,1
1.1845,1
1.18475,1
1.185,1
1.18525,1
1.1855,1
1.18575,1
1.186,1
1.18625,1
1.1865,1
1.18675,1
1.187,1
1.18725,1
1.1875,1
1.18775,1
1.188,1
1.18825,1
1.1885,1
1.18875,1
1.189,1
1.18925,1
1.1895,1
1.18975,1
1.19,1
1.19025,1
1.1905,1
1.19075,1
1.191,1
1.19125,1
1.1915,1
1.19175,1
1.192,1
1.19225,1
1.1925,1
1.19275,1
1.193,1
1.19325,1
1.1935,1
1.19375,1
1.194,1
1.19425,1
1.1945,1
1.19475,1
1.195,1
1.19525,1
1.1955,1
1.19575,1
1.196,1
1.19625,1
1.1965,1
1.19675,1
1.197,1
1.19725,1
1.1975,1
1.19775,1
1.198,1
1.19825,1
1.1985,1
1.19875,1
1.199,1
1.19925,1
1.1995,1
1.19975,1
1.2,1
1.20025,1
1.2005,1
1.20075,1
1.201,1
1.20125,1
1.2015,1
1.20175,1
1.202,1
1.20225,1
1.2025,1
1.20275,1
1.203,1
1.20325,1
1.2035,1
1.20375,1
1.204,1
1.20425,1
1.2045,1
1.20475,1
1.205,1
1.20525,1
1.2055,1
1.20575,1
1.206,1
1.20625,1
1.2065,1
1.20675,1
1.207,1
1.20725,1
1.2075,1
1.20775,1
1.208,1
1.20825,1
1.2085,1
1.20875,1
1.209,1
1.20925,1
1.2095,1
1.20975,1
1.21,1
1.21025,1
1.2105,1
1.21075,1
1.211,1
1.21125,1
1.2115,1
1.21175,1
1.212,1
1.21225,1
1.2125,1
1.21275,1
1.213,1
1.21325,1
1.2135,1
1.21375,1
1.214,1
1.21425,1
1.2145,1
1.21475,1
1.215,1
1.21525,1
1.2155,1
1.21575,1
1.216,1
1.21625,1
1.2165,1
1.21675,1
1.217,1
1.21725,1
1.2175,1
1.21775,1
1.218,1
1.21825,1
1.2185,1
1.21875,1
1.219,1
1.21925,1
1.2195,1
1.21975,1
1.22,1
1.22025,1
1.2205,1
1.22075,1
1.221,1
1.22125,1
1.2215,1
1.22175,1
1.222,1
1.22225,1
1.2225,1
1.22275,1
1.223,1
1.22325,1
1.2235,1
1.22375,1
1.224,1
1.22425,1
1.2245,1
1.22475,1
1.225,1
1.22525,1
1.2255,1
1.22575,1
1.226,1
1.22625,1
1.2265,1
1.22675,1
1.227,1
1.22725,1
1.2275,1
1.22775,1
1.228,1
1.22825,1
1.2285,1
1.22875,1
1.229,1
1.22925,1
1.2295,1
1.22975,1
1.23,1
1.23025,1
1.2305,1
1.23075,1
1.231,1
1.23125,1
1.2315,1
1.23175,1
1.232,1
1.23225,1
1.2325,1
1.23275,1
1.233,1
1.23325,1
1.2335,1
1.23375,1
1.234,1
1.23425,1
1.2345,1
1.23475,1
1.235,1
1.23525,1
1.2355,1
1.23575,1
1.236,1
1.23625,1
1.2365,1
1.23675,1
1.237,1
1.23725,1
1.2375,1
1.23775,1
1.238,1
1.23825,1
1.2385,1
1.23875,1
1.239,1
1.23925,1
1.2395,1
1.23975,1
1.24,1
1.24025,1
1.2405,1
1.24075,1
1.241,1
1.24125,1
1.2415,1
1.24175,1
1.242,1
1.24225,1
1.2425,1
1.24275,1
1.243,1
1.24325,1
1.2435,1
1.24375,1
1.244,1
1.24425,1
1.2445,1
1.24475,1
1.245,1
1.24525,1
1.2455,1
1.24575,1
1.246,1
1.24625,1
1.2465,1
1.24675,1
1.247,1
1.24725,1
1.2475,1
1.24775,1
1.248,1
1.24825,1
1.2485,1
1.24875,1
1.249,1
1.24925,1
1.2495,1
1.24975,1
1.25,1
1.25025,1
1.2505,1
1.25075,1
1.251,1
1.25125,1
1.2515,1
1.25175,1
1.252,1
1.25225,1
1.2525,1
1.25275,1
1.253,1
1.25325,1
1.2535,1
1.25375,1
1.254,1
1.25425,1
1.2545,1
1.25475,1
1.255,1
1.25525,1
1.2555,1
1.25575,1
1.256,1
1.25625,1
1.2565,1
1.25675,1
1.257,1
1.25725,1
1.2575,1
1.25775,1
1.258,1
1.25825,1
1.2585,1
1.25875,1
1.259,1
1.25925,1
1.2595,1
1.25975,1
1.26,1
1.26025,1
1.2605,1
1.26075,1
1.261,1
1.26125,1
1.2615,1
1.26175,1
1.262,1
1.26225,1
1.2625,1
1.26275,1
1.263,1
1.26325,1
1.2635,1
1.26375,1
1.264,1
1.26425,1
1.2645,1
1.26475,1
1.265,1
1.26525,1
1.2655,1
1.26575,1
1.266,1
1.26625,1
1.2665,1
1.26675,1
1.267,1
1.26725,1
1.2675,1
1.26775,1
1.268,1
1.26825,1
1.2685,1
1.26875,1
1.269,1
1.26925,1
1.2695,1
1.26975,1
1.27,1
1.27025,1
1.2705,1
1.27075,1
1.271,1
1.27125,1
1.2715,1
1.27175,1
1.272,1
1.27225,1
1.2725,1
1.27275,1
1.273,1
1.27325,1
1.2735,1
1.27375,1
1.274,1
1.27425,1
1.2745,1
1.27475,1
1.275,1
1.27525,1
1.2755,1
1.27575,1
1.276,1
1.27625,1
1.2765,1
1.27675,1
1.277,1
1.27725,1
1.2775,1
1.27775,1
1.278,1
1.27825,1
1.2785,1
1.27875,1
1.279,1
1.27925,1
1.2795,1
1.27975,1
1.28,1
1.28025,1
1.2805,1
1.28075,1
1.281,1
1.28125,1
1.2815,1
1.28175,1
1.282,1
1.28225,1
1.2825,1
1.28275,1
1.283,1
1.28325,1
1.2835,1
1.28375,1
1.284,1
1.28425,1
1.2845,1
1.28475,1
1.285,1
1.28525,1
1.2855,1
1.28575,1
1.286,1
1.28625,1
1.2865,1
1.28675,1
1.287,1
1.28725,1
1.2875,1
1.28775,1
1.288,1
1.28825,1
1.2885,1
1.28875,1
1.289,1
1.28925,1
1.2895,1
1.28975,1
1.29,1
1.29025,1
1.2905,1
1.29075,1
1.291,1
1.29125,1
1.2915,1
1.29175,1
1.292,1
1.29225,1
1.2925,1
1.29275,1
1.293,1
1.29325,1
1.2935,1
1.29375,1
1.294,1
1.29425,1
1.2945,1
1.29475,1
1.295,1
1.29525,1
1.2955,1
1.29575,1
1.296,1
1.29625,1
1.2965,1
1.29675,1
1.297,1
1.29725,1
1.2975,1
1.29775,1
1.298,1
1.29825,1
1.2985,1
1.29875,1
1.299,1
1.29925,1
1.2995,1
1.29975,1
1.3,1
1.30025,1
1.3005,1
1.30075,1
1.301,1
1.30125,1
1.3015,1
1.30175,1
1.302,1
1.30225,1
1.3025,1
1.30275,1
1.303,1
1.30325,1
1.3035,1
1.30375,1
1.304,1
1.30425,1
1.3045,1
1.30475,1
1.305,1
1.30525,1
1.3055,1
1.30575,1
1.306,1
1.30625,1
1.3065,1
1.30675,1
1.307,1
1.30725,1
1.3075,1
1.30775,1
1.308,1
1.30825,1
1.3085,1
1.30875,1
1.309,1
1.30925,1
1.3095,1
1.30975,1
1.31,1
1.31025,1
1.3105,1
1.31075,1
1.311,1
1.31125,1
1.3115,1
1.31175,1
1.312,1
1.31225,1
1.3125,1
1.31275,1
1.313,1
1.31325,1
1.3135,1
1.31375,1
1.314,1
1.31425,1
1.3145,1
1.31475,1
1.315,1
1.31525,1
1.3155,1
1.31575,1
1.316,1
1.31625,1
1.3165,1
1.31675,1
1.317,1
1.31725,1
1.3175,1
1.31775,1
1.318,1
1.31825,1
1.3185,1
1.31875,1
1.319,1
1.31925,1
1.3195,1
1.31975,1
1.32,1
1.32025,1
1.3205,1
1.32075,1
1.321,1
1.32125,1
1.3215,1
1.32175,1
1.322,1
1.32225,1
1.3225,1
1.32275,1
1.323,1
1.32325,1
1.3235,1
1.32375,1
1.324,1
1.32425,1
1.3245,1
1.32475,1
1.325,1
1.32525,1
1.3255,1
1.32575,1
1.326,1
1.32625,1
1.3265,1
1.32675,1
1.327,1
1.32725,1
1.3275,1
1.32775,1
1.328,1
1.32825,1
1.3285,1
1.32875,1
1.329,1
1.32925,1
1.3295,1
1.32975,1
1.33,1
1.33025,1
1.3305,1
1.33075,1
1.331,1
1.33125,1
1.3315,1
1.33175,1
1.332,1
1.33225,1
1.3325,1
1.33275,1
1.333,1
1.33325,1
1.3335,1
1.33375,1
1.334,1
1.33425,1
1.3345,1
1.33475,1
1.335,1
1.33525,1
1.3355,1
1.33575,1
1.336,1
1.33625,1
1.3365,1
1.33675,1
1.337,1
1.33725,1
1.3375,1
1.33775,1
1.338,1
1.33825,1
1.3385,1
1.33875,1
1.339,1
1.33925,1
1.3395,1
1.33975,1
1.34,1
1.34025,1
1.3405,1
1.34075,1
1.341,1
1.34125,1
1.3415,1
1.34175,1
1.342,1
1.34225,1
1.3425,1
1.34275,1
1.343,1
1.34325,1
1.3435,1
1.34375,1
1.344,1
1.34425,1
1.3445,1
1.34475,1
1.345,1
1.34525,1
1.3455,1
1.34575,1
1.346,1
1.34625,1
1.3465,1
1.34675,1
1.347,1
1.34725,1
1.3475,1
1.34775,1
1.348,1
1.34825,1
1.3485,1
1.34875,1
1.349,1
1.34925,1
1.3495,1
1.34975,1
1.35,1
1.35025,1
1.3505,1
1.35075,1
1.351,1
1.35125,1
1.3515,1
1.35175,1
1.352,1
1.35225,1
1.3525,1
1.35275,1
1.353,1
1.35325,1
1.3535,1
1.35375,1
1.354,1
1.35425,1
1.3545,1
1.35475,1
1.355,1
1.35525,1
1.3555,1
1.35575,1
1.356,1
1.35625,1
1.3565,1
1.35675,1
1.357,1
1.35725,1
1.3575,1
1.35775,1
1.358,1
1.35825,1
1.3585,1
1.35875,1
1.359,1
1.35925,1
1.3595,1
1.35975,1
1.36,1
1.36025,1
1.3605,1
1.36075,1
1.361,1
1.36125,1
1.3615,1
1.36175,1
1.362,1
1.36225,1
1.3625,1
1.36275,1
1.363,1
1.36325,1
1.3635,1
1.36375,1
1.364,1
1.36425,1
1.3645,1
1.36475,1
1.365,1
1.36525,1
1.3655,1
1.36575,1
1.366,1
1.36625,1
1.3665,1
1.36675,1
1.367,1
1.36725,1
1.3675,1
1.36775,1
1.368,1
1.36825,1
1.3685,1
1.36875,1
1.369,1
1.36925,1
1.3695,1
1.36975,1
1.37,1
1.37025,1
1.3705,1
1.37075,1
1.371,1
1.37125,1
1.3715,1
1.37175,1
1.372,1
1.37225,1
1.3725,1
1.37275,1
1.373,1
1.37325,1
1.3735,1
1.37375,1
1.374,1
1.37425,1
1.3745,1
1.37475,1
1.375,1
1.37525,1
1.3755,1
1.37575,1
1.376,1
1.37625,1
1.3765,1
1.37675,1
1.377,1
1.37725,1
1.3775,1
1.37775,1
1.378,1
1.37825,1
1.3785,1
1.37875,1
1.379,1
1.37925,1
1.3795,1
1.37975,1
1.38,1
1.38025,1
1.3805,1
1.38075,1
1.381,1
1.38125,1
1.3815,1
1.38175,1
1.382,1
1.38225,1
1.3825,1
1.38275,1
1.383,1
1.38325,1
1.3835,1
1.38375,1
1.384,1
1.38425,1
1.3845,1
1.38475,1
1.385,1
1.38525,1
1.3855,1
1.38575,1
1.386,1
1.38625,1
1.3865,1
1.38675,1
1.387,1
1.38725,1
1.3875,1
1.38775,1
1.388,1
1.38825,1
1.3885,1
1.38875,1
1.389,1
1.38925,1
1.3895,1
1.38975,1
1.39,1
1.39025,1
1.3905,1
1.39075,1
1.391,1
1.39125,1
1.3915,1
1.39175,1
1.392,1
1.39225,1
1.3925,1
1.39275,1
1.393,1
1.39325,1
1.3935,1
1.39375,1
1.394,1
1.39425,1
1.3945,1
1.39475,1
1.395,1
1.39525,1
1.3955,1
1.39575,1
1.396,1
1.39625,1
1.3965,1
1.39675,1
1.397,1
1.39725,1
1.3975,1
1.39775,1
1.398,1
1.39825,1
1.3985,1
1.39875,1
1.399,1
1.39925,1
1.3995,1
1.39975,1
1.4,1
1.40025,1
1.4005,1
1.40075,1
1.401,1
1.40125,1
1.4015,1
1.40175,1
1.402,1
1.40225,1
1.4025,1
1.40275,1
1.403,1
1.40325,1
1.4035,1
1.40375,1
1.404,1
1.40425,1
1.4045,1
1.40475,1
1.405,1
1.40525,1
1.4055,1
1.40575,1
1.406,1
1.40625,1
1.4065,1
1.40675,1
1.407,1
1.40725,1
1.4075,1
1.40775,1
1.408,1
1.40825,1
1.4085,1
1.40875,1
1.409,1
1.40925,1
1.4095,1
1.40975,1
1.41,1
1.41025,1
1.4105,1
1.41075,1
1.411,1
1.41125,1
1.4115,1
1.41175,1
1.412,1
1.41225,1
1.4125,1
1.41275,1
1.413,1
1.41325,1
1.4135,1
1.41375,1
1.414,1
1.41425,1
1.4145,1
1.41475,1
1.415,1
1.41525,1
1.4155,1
1.41575,1
1.416,1
1.41625,1
1.4165,1
1.41675,1
1.417,1
1.41725,1
1.4175,1
1.41775,1
1.418,1
1.41825,1
1.4185,1
1.41875,1
1.419,1
1.41925,1
1.4195,1
1.41975,1
1.42,1
1.42025,1
1.4205,1
1.42075,1
1.421,1
1.42125,1
1.4215,1
1.42175,1
1.422,1
1.42225,1
1.4225,1
1.42275,1
1.423,1
1.42325,1
1.4235,1
1.42375,1
1.424,1
1.42425,1
1.4245,1
1.42475,1
1.425,1
1.42525,1
1.4255,1
1.42575,1
1.426,1
1.42625,1
1.4265,1
1.42675,1
1.427,1
1.42725,1
1.4275,1
1.42775,1
1.428,1
1.42825,1
1.4285,1
1.42875,1
1.429,1
1.42925,1
1.4295,1
1.42975,1
1.43,1
1.43025,1
1.4305,1
1.43075,1
1.431,1
1.43125,1
1.4315,1
1.43175,1
1.432,1
1.43225,1
1.4325,1
1.43275,1
1.433,1
1.43325,1
1.4335,1
1.43375,1
1.434,1
1.43425,1
1.4345,1
1.43475,1
1.435,1
1.43525,1
1.4355,1
1.43575,1
1.436,1
1.43625,1
1.4365,1
1.43675,1
1.437,1
1.43725,1
1.4375,1
1.43775,1
1.438,1
1.43825,1
1.4385,1
1.43875,1
1.439,1
1.43925,1
1.4395,1
1.43975,1
1.44,1
1.44025,1
1.4405,1
1.44075,1
1.441,1
1.44125,1
1.4415,1
1.44175,1
1.442,1
1.44225,1
1.4425,1
1.44275,1
1.443,1
1.44325,1
1.4435,1
1.44375,1
1.444,1
1.44425,1
1.4445,1
1.44475,1
1.445,1
1.44525,1
1.4455,1
1.44575,1
1.446,1
1.44625,1
1.4465,1
1.44675,1
1.447,1
1.44725,1
1.4475,1
1.44775,1
1.448,1
1.44825,1
1.4485,1
1.44875,1
1.449,1
1.44925,1
1.4495,1
1.44975,1
1.45,1
1.45025,1
1.4505,1
1.45075,1
1.451,1
1.45125,1
1.4515,1
1.45175,1
1.452,1
1.45225,1
1.4525,1
1.45275,1
1.453,1
1.45325,1
1.4535,1
1.45375,1
1.454,1
1.45425,1
1.4545,1
1.45475,1
1.455,1
1.45525,1
1.4555,1
1.45575,1
1.456,1
1.45625,1
1.4565,1
1.45675,1
1.457,1
1.45725,1
1.4575,1
1.45775,1
1.458,1
1.45825,1
1.4585,1
1.45875,1
1.459,1
1.45925,1
1.4595,1
1.45975,1
1.46,1
1.46025,1
1.4605,1
1.46075,1
1.461,1
1.46125,1
1.4615,1
1.46175,1
1.462,1
1.46225,1
1.4625,1
1.46275,1
1.463,1
1.46325,1
1.4635,1
1.46375,1
1.464,1
1.46425,1
1.4645,1
1.46475,1
1.465,1
1.46525,1
1.4655,1
1.46575,1
1.466,1
1.46625,1
1.4665,1
1.46675,1
1.467,1
1.46725,1
1.4675,1
1.46775,1
1.468,1
1.46825,1
1.4685,1
1.46875,1
1.469,1
1.46925,1
1.4695,1
1.46975,1
1.47,1
1.47025,1
1.4705,1
1.47075,1
1.471,1
1.47125,1
1.4715,1
1.47175,1
1.472,1
1.47225,1
1.4725,1
1.47275,1
1.473,1
1.47325,1
1.4735,1
1.47375,1
1.474,1
1.47425,1
1.4745,1
1.47475,1
1.475,1
1.47525,1
1.4755,1
1.47575,1
1.476,1
1.47625,1
1.4765,1
1.47675,1
1.477,1
1.47725,1
1.4775,1
1.47775,1
1.478,1
1.47825,1
1.4785,1
1.47875,1
1.479,1
1.47925,1
1.4795,1
1.47975,1
1.48,1
1.48025,1
1.4805,1
1.48075,1
1.481,1
1.48125,1
1.4815,1
1.48175,1
1.482,1
1.48225,1
1.4825,1
1.48275,1
1.483,1
1.48325,1
1.4835,1
1.48375,1
1.484,1
1.48425,1
1.4845,1
1.48475,1
1.485,1
1.48525,1
1.4855,1
1.48575,1
1.486,1
1.48625,1
1.4865,1
1.48675,1
1.487,1
1.48725,1
1.4875,1
1.48775,1
1.488,1
1.48825,1
1.4885,1
1.48875,1
1.489,1
1.48925,1
1.4895,1
1.48975,1
1.49,1
1.49025,1
1.4905,1
1.49075,1
1.491,1
1.49125,1
1.4915,1
1.49175,1
1.492,1
1.49225,1
1.4925,1
1.49275,1
1.493,1
1.49325,1
1.4935,1
1.49375,1
1.494,1
1.49425,1
1.4945,1
1.49475,1
1.495,1
1.49525,1
1.4955,1
1.49575,1
1.496,1
1.49625,1
1.4965,1
1.49675,1
1.497,1
1.49725,1
1.4975,1
1.49775,1
1.498,1
1.49825,1
1.4985,1
1.49875,1
1.499,1
1.49925,1
1.4995,1
1.49975,1
1.5,1
1.50025,1
1.5005,1
1.50075,1
1.501,1
1.50125,1
1.5015,1
1.50175,1
1.502,1
1.50225,1
1.5025,1
1.50275,1
1.503,1
1.50325,1
1.5035,1
1.50375,1
1.504,1
1.50425,1
1.5045,1
1.50475,1
1.505,1
1.50525,1
1.5055,1
1.50575,1
1.506,1
1.50625,1
1.5065,1
1.50675,1
1.507,1
1.50725,1
1.5075,1
1.50775,1
1.508,1
1.50825,1
1.5085,1
1.50875,1
1.509,1
1.50925,1
1.5095,1
1.50975,1
1.51,1
1.51025,1
1.5105,1
1.51075,1
1.511,1
1.51125,1
1.5115,1
1.51175,1
1.512,1
1.51225,1
1.5125,1
1.51275,1
1.513,1
1.51325,1
1.5135,1
1.51375,1
1.514,1
1.51425,1
1.5145,1
1.51475,1
1.515,1
1.51525,1
1.5155,1
1.51575,1
1.516,1
1.51625,1
1.5165,1
1.51675,1
1.517,1
1.51725,1
1.5175,1
1.51775,1
1.518,1
1.51825,1
1.5185,1
1.51875,1
1.519,1
1.51925,1
1.5195,1
1.51975,1
1.52,1
1.52025,1
1.5205,1
1.52075,1
1.521,1
1.52125,1
1.5215,1
1.52175,1
1.522,1
1.52225,1
1.5225,1
1.52275,1
1.523,1
1.52325,1
1.5235,1
1.52375,1
1.524,1
1.52425,1
1.5245,1
1.52475,1
1.525,1
1.52525,1
1.5255,1
1.52575,1
1.526,1
1.52625,1
1.5265,1
1.52675,1
1.527,1
1.52725,1
1.5275,1
1.52775,1
1.528,1
1.52825,1
1.5285,1
1.52875,1
1.529,1
1.52925,1
1.5295,1
1.52975,1
1.53,1
1.53025,1
1.5305,1
1.53075,1
1.531,1
1.53125,1
1.5315,1
1.53175,1
1.532,1
1.53225,1
1.5325,1
1.53275,1
1.533,1
1.53325,1
1.5335,1
1.53375,1
1.534,1
1.53425,1
1.5345,1
1.53475,1
1.535,1
1.53525,1
1.5355,1
1.53575,1
1.536,1
1.53625,1
1.5365,1
1.53675,1
1.537,1
1.53725,1
1.5375,1
1.53775,1
1.538,1
1.53825,1
1.5385,1
1.53875,1
1.539,1
1.53925,1
1.5395,1
1.53975,1
1.54,1
1.54025,1
1.5405,1
1.54075,1
1.541,1
1.54125,1
1.5415,1
1.54175,1
1.542,1
1.54225,1
1.5425,1
1.54275,1
1.543,1
1.54325,1
1.5435,1
1.54375,1
1.544,1
1.54425,1
1.5445,1
1.54475,1
1.545,1
1.54525,1
1.5455,1
1.54575,1
1.546,1
1.54625,1
1.5465,1
1.54675,1
1.547,1
1.54725,1
1.5475,1
1.54775,1
1.548,1
1.54825,1
1.5485,1
1.54875,1
1.549,1
1.54925,1
1.5495,1
1.54975,1
1.55,1
1.55025,1
1.5505,1
1.55075,1
1.551,1
1.55125,1
1.5515,1
1.55175,1
1.552,1
1.55225,1
1.5525,1
1.55275,1
1.553,1
1.55325,1
1.5535,1
1.55375,1
1.554,1
1.55425,1
1.5545,1
1.55475,1
1.555,1
1.55525,1
1.5555,1
1.55575,1
1.556,1
1.55625,1
1.5565,1
1.55675,1
1.557,1
1.55725,1
1.5575,1
1.55775,1
1.558,1
1.55825,1
1.5585,1
1.55875,1
1.559,1
1.55925,1
1.5595,1
1.55975,1
1.56,1
1.56025,1
1.5605,1
1.56075,1
1.561,1
1.56125,1
1.5615,1
1.56175,1
1.562,1
1.56225,1
1.5625,1
1.56275,1
1.563,1
1.56325,1
1.5635,1
1.56375,1
1.564,1
1.56425,1
1.5645,1
1.56475,1
1.565,1
1.56525,1
1.5655,1
1.56575,1
1.566,1
1.56625,1
1.5665,1
1.56675,1
1.567,1
1.56725,1
1.5675,1
1.56775,1
1.568,1
1.56825,1
1.5685,1
1.56875,1
1.569,1
1.56925,1
1.5695,1
1.56975,1
1.57,1
1.57025,1
1.5705,1
1.57075,1
1.571,1
1.57125,1
1.5715,1
1.57175,1
1.572,1
1.57225,1
1.5725,1
1.57275,1
1.573,1
1.57325,1
1.5735,1
1.57375,1
1.574,1
1.57425,1
1.5745,1
1.57475,1
1.575,1
1.57525,1
1.5755,1
1.57575,1
1.576,1
1.57625,1
1.5765,1
1.57675,1
1.577,1
1.57725,1
1.5775,1
1.57775,1
1.578,1
1.57825,1
1.5785,1
1.57875,1
1.579,1
1.57925,1
1.5795,1
1.57975,1
1.58,1
1.58025,1
1.5805,1
1.58075,1
1.581,1
1.58125,1
1.5815,1
1.58175,1
1.582,1
1.58225,1
1.5825,1
1.58275,1
1.583,1
1.58325,1
1.5835,1
1.58375,1
1.584,1
1.58425,1
1.5845,1
1.58475,1
1.585,1
1.58525,1
1.5855,1
1.58575,1
1.586,1
1.58625,1
1.5865,1
1.58675,1
1.587,1
1.58725,1
1.5875,1
1.58775,1
1.588,1
1.58825,1
1.5885,1
1.58875,1
1.589,1
1.58925,1
1.5895,1
1.58975,1
1.59,1
1.59025,1
1.5905,1
1.59075,1
1.591,1
1.59125,1
1.5915,1
1.59175,1
1.592,1
1.59225,1
1.5925,1
1.59275,1
1.593,1
1.59325,1
1.5935,1
1.59375,1
1.594,1
1.59425,1
1.5945,1
1.59475,1
1.595,1
1.59525,1
1.5955,1
1.59575,1
1.596,1
1.59625,1
1.5965,1
1.59675,1
1.597,1
1.59725,1
1.5975,1
1.59775,1
1.598,1
1.59825,1
1.5985,1
1.59875,1
1.599,1
1.59925,1
1.5995,1
1.59975,1
1.6,1
1.60025,1
1.6005,1
1.60075,1
1.601,1
1.60125,1
1.6015,1
1.60175,1
1.602,1
1.60225,1
1.6025,1
1.60275,1
1.603,1
1.60325,1
1.6035,1
1.60375,1
1.604,1
1.60425,1
1.6045,1
1.60475,1
1.605,1
1.60525,1
1.6055,1
1.60575,1
1.606,1
1.60625,1
1.6065,1
1.60675,1
1.607,1
1.60725,1
1.6075,1
1.60775,1
1.608,1
1.60825,1
1.6085,1
1.60875,1
1.609,1
1.60925,1
1.6095,1
1.60975,1
1.61,1
1.61025,1
1.6105,1
1.61075,1
1.611,1
1.61125,1
1.6115,1
1.61175,1
1.612,1
1.61225,1
1.6125,1
1.61275,1
1.613,1
1.61325,1
1.6135,1
1.61375,1
1.614,1
1.61425,1
1.6145,1
1.61475,1
1.615,1
1.61525,1
1.6155,1
1.61575,1
1.616,1
1.61625,1
1.6165,1
1.61675,1
1.617,1
1.61725,1
1.6175,1
1.61775,1
1.618,1
1.61825,1
1.6185,1
1.61875,1
1.619,1
1.61925,1
1.6195,1
1.61975,1
1.62,1
1.62025,1
1.6205,1
1.62075,1
1.621,1
1.62125,1
1.6215,1
1.62175,1
1.622,1
1.62225,1
1.6225,1
1.62275,1
1.623,1
1.62325,1
1.6235,1
1.62375,1
1.624,1
1.62425,1
1.6245,1
1.62475,1
1.625,1
1.62525,1
1.6255,1
1.62575,1
1.626,1
1.62625,1
1.6265,1
1.62675,1
1.627,1
1.62725,1
1.6275,1
1.62775,1
1.628,1
1.62825,1
1.6285,1
1.62875,1
1.629,1
1.62925,1
1.6295,1
1.62975,1
1.63,1
1.63025,1
1.6305,1
1.63075,1
1.631,1
1.63125,1
1.6315,1
1.63175,1
1.632,1
1.63225,1
1.6325,1
1.63275,1
1.633,1
1.63325,1
1.6335,1
1.63375,1
1.634,1
1.63425,1
1.6345,1
1.63475,1
1.635,1
1.63525,1
1.6355,1
1.63575,1
1.636,1
1.63625,1
1.6365,1
1.63675,1
1.637,1
1.63725,1
1.6375,1
1.63775,1
1.638,1
1.63825,1
1.6385,1
1.63875,1
1.639,1
1.63925,1
1.6395,1
1.63975,1
1.64,1
1.64025,1
1.6405,1
1.64075,1
1.641,1
1.64125,1
1.6415,1
1.64175,1
1.642,1
1.64225,1
1.6425,1
1.64275,1
1.643,1
1.64325,1
1.6435,1
1.64375,1
1.644,1
1.64425,1
1.6445,1
1.64475,1
1.645,1
1.64525,1
1.6455,1
1.64575,1
1.646,1
1.64625,1
1.6465,1
1.64675,1
1.647,1
1.64725,1
1.6475,1
1.64775,1
1.648,1
1.64825,1
1.6485,1
1.64875,1
1.649,1
1.64925,1
1.6495,1
1.64975,1
1.65,1
1.65025,1
1.6505,1
1.65075,1
1.651,1
1.65125,1
1.6515,1
1.65175,1
1.652,1
1.65225,1
1.6525,1
1.65275,1
1.653,1
1.65325,1
1.6535,1
1.65375,1
1.654,1
1.65425,1
1.6545,1
1.65475,1
1.655,1
1.65525,1
1.6555,1
1.65575,1
1.656,1
1.65625,1
1.6565,1
1.65675,1
1.657,1
1.65725,1
1.6575,1
1.65775,1
1.658,1
1.65825,1
1.6585,1
1.65875,1
1.659,1
1.65925,1
1.6595,1
1.65975,1
1.66,1
1.66025,1
1.6605,1
1.66075,1
1.661,1
1.66125,1
1.6615,1
1.66175,1
1.662,1
1.66225,1
1.6625,1
1.66275,1
1.663,1
1.66325,1
1.6635,1
1.66375,1
1.664,1
1.66425,1
1.6645,1
1.66475,1
1.665,1
1.66525,1
1.6655,1
1.66575,1
1.666,1
1.66625,1
1.6665,1
1.66675,1
1.667,1
1.66725,1
1.6675,1
1.66775,1
1.668,1
1.66825,1
1.6685,1
1.66875,1
1.669,1
1.66925,1
1.6695,1
1.66975,1
1.67,1
1.67025,1
1.6705,1
1.67075,1
1.671,1
1.67125,1
1.6715,1
1.67175,1
1.672,1
1.67225,1
1.6725,1
1.67275,1
1.673,1
1.67325,1
1.6735,1
1.67375,1
1.674,1
1.67425,1
1.6745,1
1.67475,1
1.675,1
1.67525,1
1.6755,1
1.67575,1
1.676,1
1.67625,1
1.6765,1
1.67675,1
1.677,1
1.67725,1
1.6775,1
1.67775,1
1.678,1
1.67825,1
1.6785,1
1.67875,1
1.679,1
1.67925,1
1.6795,1
1.67975,1
1.68,1
1.68025,1
1.6805,1
1.68075,1
1.681,1
1.68125,1
1.6815,1
1.68175,1
1.682,1
1.68225,1
1.6825,1
1.68275,1
1.683,1
1.68325,1
1.6835,1
1.68375,1
1.684,1
1.68425,1
1.6845,1
1.68475,1
1.685,1
1.68525,1
1.6855,1
1.68575,1
1.686,1
1.68625,1
1.6865,1
1.68675,1
1.687,1
1.68725,1
1.6875,1
1.68775,1
1.688,1
1.68825,1
1.6885,1
1.68875,1
1.689,1
1.68925,1
1.6895,1
1.68975,1
1.69,1
1.69025,1
1.6905,1
1.69075,1
1.691,1
1.69125,1
1.6915,1
1.69175,1
1.692,1
1.69225,1
1.6925,1
1.69275,1
1.693,1
1.69325,1
1.6935,1
1.69375,1
1.694,1
1.69425,1
1.6945,1
1.69475,1
1.695,1
1.69525,1
1.6955,1
1.69575,1
1.696,1
1.69625,1
1.6965,1
1.69675,1
1.697,1
1.69725,1
1.6975,1
1.69775,1
1.698,1
1.69825,1
1.6985,1
1.69875,1
1.699,1
1.69925,1
1.6995,1
1.69975,1
1.7,1
1.70025,1
1.7005,1
1.70075,1
1.701,1
1.70125,1
1.7015,1
1.70175,1
1.702,1
1.70225,1
1.7025,1
1.70275,1
1.703,1
1.70325,1
1.7035,1
1.70375,1
1.704,1
1.70425,1
1.7045,1
1.70475,1
1.705,1
1.70525,1
1.7055,1
1.70575,1
1.706,1
1.70625,1
1.7065,1
1.70675,1
1.707,1
1.70725,1
1.7075,1
1.70775,1
1.708,1
1.70825,1
1.7085,1
1.70875,1
1.709,1
1.70925,1
1.7095,1
1.70975,1
1.71,1
1.71025,1
1.7105,1
1.71075,1
1.711,1
1.71125,1
1.7115,1
1.71175,1
1.712,1
1.71225,1
1.7125,1
1.71275,1
1.713,1
1.71325,1
1.7135,1
1.71375,1
1.714,1
1.71425,1
1.7145,1
1.71475,1
1.715,1
1.71525,1
1.7155,1
1.71575,1
1.716,1
1.71625,1
1.7165,1
1.71675,1
1.717,1
1.71725,1
1.7175,1
1.71775,1
1.718,1
1.71825,1
1.7185,1
1.71875,1
1.719,1
1.71925,1
1.7195,1
1.71975,1
1.72,1
1.72025,1
1.7205,1
1.72075,1
1.721,1
1.72125,1
1.7215,1
1.72175,1
1.722,1
1.72225,1
1.7225,1
1.72275,1
1.723,1
1.72325,1
1.7235,1
1.72375,1
1.724,1
1.72425,1
1.7245,1
1.72475,1
1.725,1
1.72525,1
1.7255,1
1.72575,1
1.726,1
1.72625,1
1.7265,1
1.72675,1
1.727,1
1.72725,1
1.7275,1
1.72775,1
1.728,1
1.72825,1
1.7285,1
1.72875,1
1.729,1
1.72925,1
1.7295,1
1.72975,1
1.73,1
1.73025,1
1.7305,1
1.73075,1
1.731,1
1.73125,1
1.7315,1
1.73175,1
1.732,1
1.73225,1
1.7325,1
1.73275,1
1.733,1
1.73325,1
1.7335,1
1.73375,1
1.734,1
1.73425,1
1.7345,1
1.73475,1
1.735,1
1.73525,1
1.7355,1
1.73575,1
1.736,1
1.73625,1
1.7365,1
1.73675,1
1.737,1
1.73725,1
1.7375,1
1.73775,1
1.738,1
1.73825,1
1.7385,1
1.73875,1
1.739,1
1.73925,1
1.7395,1
1.73975,1
1.74,1
1.74025,1
1.7405,1
1.74075,1
1.741,1
1.74125,1
1.7415,1
1.74175,1
1.742,1
1.74225,1
1.7425,1
1.74275,1
1.743,1
1.74325,1
1.7435,1
1.74375,1
1.744,1
1.74425,1
1.7445,1
1.74475,1
1.745,1
1.74525,1
1.7455,1
1.74575,1
1.746,1
1.74625,1
1.7465,1
1.74675,1
1.747,1
1.74725,1
1.7475,1
1.74775,1
1.748,1
1.74825,1
1.7485,1
1.74875,1
1.749,1
1.74925,1
1.7495,1
1.74975,1
1.75,1
1.75025,1
1.7505,1
1.75075,1
1.751,1
1.75125,1
1.7515,1
1.75175,1
1.752,1
1.75225,1
1.7525,1
1.75275,1
1.753,1
1.75325,1
1.7535,1
1.75375,1
1.754,1
1.75425,1
1.7545,1
1.75475,1
1.755,1
1.75525,1
1.7555,1
1.75575,1
1.756,1
1.75625,1
1.7565,1
1.75675,1
1.757,1
1.75725,1
1.7575,1
1.75775,1
1.758,1
1.75825,1
1.7585,1
1.75875,1
1.759,1
1.75925,1
1.7595,1
1.75975,1
1.76,1
1.76025,1
1.7605,1
1.76075,1
1.761,1
1.76125,1
1.7615,1
1.76175,1
1.762,1
1.76225,1
1.7625,1
1.76275,1
1.763,1
1.76325,1
1.7635,1
1.76375,1
1.764,1
1.76425,1
1.7645,1
1.76475,1
1.765,1
1.76525,1
1.7655,1
1.76575,1
1.766,1
1.76625,1
1.7665,1
1.76675,1
1.767,1
1.76725,1
1.7675,1
1.76775,1
1.768,1
1.76825,1
1.7685,1
1.76875,1
1.769,1
1.76925,1
1.7695,1
1.76975,1
1.77,1
1.77025,1
1.7705,1
1.77075,1
1.771,1
1.77125,1
1.7715,1
1.77175,1
1.772,1
1.77225,1
1.7725,1
1.77275,1
1.773,1
1.77325,1
1.7735,1
1.77375,1
1.774,1
1.77425,1
1.7745,1
1.77475,1
1.775,1
1.77525,1
1.7755,1
1.77575,1
1.776,1
1.77625,1
1.7765,1
1.77675,1
1.777,1
1.77725,1
1.7775,1
1.77775,1
1.778,1
1.77825,1
1.7785,1
1.77875,1
1.779,1
1.77925,1
1.7795,1
1.77975,1
1.78,1
1.78025,1
1.7805,1
1.78075,1
1.781,1
1.78125,1
1.7815,1
1.78175,1
1.782,1
1.78225,1
1.7825,1
1.78275,1
1.783,1
1.78325,1
1.7835,1
1.78375,1
1.784,1
1.78425,1
1.7845,1
1.78475,1
1.785,1
1.78525,1
1.7855,1
1.78575,1
1.786,1
1.78625,1
1.7865,1
1.78675,1
1.787,1
1.78725,1
1.7875,1
1.78775,1
1.788,1
1.78825,1
1.7885,1
1.78875,1
1.789,1
1.78925,1
1.7895,1
1.78975,1
1.79,1
1.79025,1
1.7905,1
1.79075,1
1.791,1
1.79125,1
1.7915,1
1.79175,1
1.792,1
1.79225,1
1.7925,1
1.79275,1
1.793,1
1.79325,1
1.7935,1
1.79375,1
1.794,1
1.79425,1
1.7945,1
1.79475,1
1.795,1
1.79525,1
1.7955,1
1.79575,1
1.796,1
1.79625,1
1.7965,1
1.79675,1
1.797,1
1.79725,1
1.7975,1
1.79775,1
1.798,1
1.79825,1
1.7985,1
1.79875,1
1.799,1
1.79925,1
1.7995,1
1.79975,1
1.8,1
1.80025,1
1.8005,1
1.80075,1
1.801,1
1.80125,1
1.8015,1
1.80175,1
1.802,1
1.80225,1
1.8025,1
1.80275,1
1.803,1
1.80325,1
1.8035,1
1.80375,1
1.804,1
1.80425,1
1.8045,1
1.80475,1
1.805,1
1.80525,1
1.8055,1
1.80575,1
1.806,1
1.80625,1
1.8065,1
1.80675,1
1.807,1
1.80725,1
1.8075,1
1.80775,1
1.808,1
1.80825,1
1.8085,1
1.80875,1
1.809,1
1.80925,1
1.8095,1
1.80975,1
1.81,1
1.81025,1
1.8105,1
1.81075,1
1.811,1
1.81125,1
1.8115,1
1.81175,1
1.812,1
1.81225,1
1.8125,1
1.81275,1
1.813,1
1.81325,1
1.8135,1
1.81375,1
1.814,1
1.81425,1
1.8145,1
1.81475,1
1.815,1
1.81525,1
1.8155,1
1.81575,1
1.816,1
1.81625,1
1.8165,1
1.81675,1
1.817,1
1.81725,1
1.8175,1
1.81775,1
1.818,1
1.81825,1
1.8185,1
1.81875,1
1.819,1
1.81925,1
1.8195,1
1.81975,1
1.82,1
1.82025,1
1.8205,1
1.82075,1
1.821,1
1.82125,1
1.8215,1
1.82175,1
1.822,1
1.82225,1
1.8225,1
1.82275,1
1.823,1
1.82325,1
1.8235,1
1.82375,1
1.824,1
1.82425,1
1.8245,1
1.82475,1
1.825,1
1.82525,1
1.8255,1
1.82575,1
1.826,1
1.82625,1
1.8265,1
1.82675,1
1.827,1
1.82725,1
1.8275,1
1.82775,1
1.828,1
1.82825,1
1.8285,1
1.82875,1
1.829,1
1.82925,1
1.8295,1
1.82975,1
1.83,1
1.83025,1
1.8305,1
1.83075,1
1.831,1
1.83125,1
1.8315,1
1.83175,1
1.832,1
1.83225,1
1.8325,1
1.83275,1
1.833,1
1.83325,1
1.8335,1
1.83375,1
1.834,1
1.83425,1
1.8345,1
1.83475,1
1.835,1
1.83525,1
1.8355,1
1.83575,1
1.836,1
1.83625,1
1.8365,1
1.83675,1
1.837,1
1.83725,1
1.8375,1
1.83775,1
1.838,1
1.83825,1
1.8385,1
1.83875,1
1.839,1
1.83925,1
1.8395,1
1.83975,1
1.84,1
1.84025,1
1.8405,1
1.84075,1
1.841,1
1.84125,1
1.8415,1
1.84175,1
1.842,1
1.84225,1
1.8425,1
1.84275,1
1.843,1
1.84325,1
1.8435,1
1.84375,1
1.844,1
1.84425,1
1.8445,1
1.84475,1
1.845,1
1.84525,1
1.8455,1
1.84575,1
1.846,1
1.84625,1
1.8465,1
1.84675,1
1.847,1
1.84725,1
1.8475,1
1.84775,1
1.848,1
1.84825,1
1.8485,1
1.84875,1
1.849,1
1.84925,1
1.8495,1
1.84975,1
1.85,1
1.85025,1
1.8505,1
1.85075,1
1.851,1
1.85125,1
1.8515,1
1.85175,1
1.852,1
1.85225,1
1.8525,1
1.85275,1
1.853,1
1.85325,1
1.8535,1
1.85375,1
1.854,1
1.85425,1
1.8545,1
1.85475,1
1.855,1
1.85525,1
1.8555,1
1.85575,1
1.856,1
1.85625,1
1.8565,1
1.85675,1
1.857,1
1.85725,1
1.8575,1
1.85775,1
1.858,1
1.85825,1
1.8585,1
1.85875,1
1.859,1
1.85925,1
1.8595,1
1.85975,1
1.86,1
1.86025,1
1.8605,1
1.86075,1
1.861,1
1.86125,1
1.8615,1
1.86175,1
1.862,1
1.86225,1
1.8625,1
1.86275,1
1.863,1
1.86325,1
1.8635,1
1.86375,1
1.864,1
1.86425,1
1.8645,1
1.86475,1
1.865,1
1.86525,1
1.8655,1
1.86575,1
1.866,1
1.86625,1
1.8665,1
1.86675,1
1.867,1
1.86725,1
1.8675,1
1.86775,1
1.868,1
1.86825,1
1.8685,1
1.86875,1
1.869,1
1.86925,1
1.8695,1
1.86975,1
1.87,1
1.87025,1
1.8705,1
1.87075,1
1.871,1
1.87125,1
1.8715,1
1.87175,1
1.872,1
1.87225,1
1.8725,1
1.87275,1
1.873,1
1.87325,1
1.8735,1
1.87375,1
1.874,1
1.87425,1
1.8745,1
1.87475,1
1.875,1
1.87525,1
1.8755,1
1.87575,1
1.876,1
1.87625,1
1.8765,1
1.87675,1
1.877,1
1.87725,1
1.8775,1
1.87775,1
1.878,1
1.87825,1
1.8785,1
1.87875,1
1.879,1
1.87925,1
1.8795,1
1.87975,1
1.88,1
1.88025,1
1.8805,1
1.88075,1
1.881,1
1.88125,1
1.8815,1
1.88175,1
1.882,1
1.88225,1
1.8825,1
1.88275,1
1.883,1
1.88325,1
1.8835,1
1.88375,1
1.884,1
1.88425,1
1.8845,1
1.88475,1
1.885,1
1.88525,1
1.8855,1
1.88575,1
1.886,1
1.88625,1
1.8865,1
1.88675,1
1.887,1
1.88725,1
1.8875,1
1.88775,1
1.888,1
1.88825,1
1.8885,1
1.88875,1
1.889,1
1.88925,1
1.8895,1
1.88975,1
1.89,1
1.89025,1
1.8905,1
1.89075,1
1.891,1
1.89125,1
1.8915,1
1.89175,1
1.892,1
1.89225,1
1.8925,1
1.89275,1
1.893,1
1.89325,1
1.8935,1
1.89375,1
1.894,1
1.89425,1
1.8945,1
1.89475,1
1.895,1
1.89525,1
1.8955,1
1.89575,1
1.896,1
1.89625,1
1.8965,1
1.89675,1
1.897,1
1.89725,1
1.8975,1
1.89775,1
1.898,1
1.89825,1
1.8985,1
1.89875,1
1.899,1
1.89925,1
1.8995,1
1.89975,1
1.9,1
1.90025,1
1.9005,1
1.90075,1
1.901,1
1.90125,1
1.9015,1
1.90175,1
1.902,1
1.90225,1
1.9025,1
1.90275,1
1.903,1
1.90325,1
1.9035,1
1.90375,1
1.904,1
1.90425,1
1.9045,1
1.90475,1
1.905,1
1.90525,1
1.9055,1
1.90575,1
1.906,1
1.90625,1
1.9065,1
1.90675,1
1.907,1
1.90725,1
1.9075,1
1.90775,1
1.908,1
1.90825,1
1.9085,1
1.90875,1
1.909,1
1.90925,1
1.9095,1
1.90975,1
1.91,1
1.91025,1
1.9105,1
1.91075,1
1.911,1
1.91125,1
1.9115,1
1.91175,1
1.912,1
1.91225,1
1.9125,1
1.91275,1
1.913,1
1.91325,1
1.9135,1
1.91375,1
1.914,1
1.91425,1
1.9145,1
1.91475,1
1.915,1
1.91525,1
1.9155,1
1.91575,1
1.916,1
1.91625,1
1.9165,1
1.91675,1
1.917,1
1.91725,1
1.9175,1
1.91775,1
1.918,1
1.91825,1
1.9185,1
1.91875,1
1.919,1
1.91925,1
1.9195,1
1.91975,1
1.92,1
1.92025,1
1.9205,1
1.92075,1
1.921,1
1.92125,1
1.9215,1
1.92175,1
1.922,1
1.92225,1
1.9225,1
1.92275,1
1.923,1
1.92325,1
1.9235,1
1.92375,1
1.924,1
1.92425,1
1.9245,1
1.92475,1
1.925,1
1.92525,1
1.9255,1
1.92575,1
1.926,1
1.92625,1
1.9265,1
1.92675,1
1.927,1
1.92725,1
1.9275,1
1.92775,1
1.928,1
1.92825,1
1.9285,1
1.92875,1
1.929,1
1.92925,1
1.9295,1
1.92975,1
1.93,1
1.93025,1
1.9305,1
1.93075,1
1.931,1
1.93125,1
1.9315,1
1.93175,1
1.932,1
1.93225,1
1.9325,1
1.93275,1
1.933,1
1.93325,1
1.9335,1
1.93375,1
1.934,1
1.93425,1
1.9345,1
1.93475,1
1.935,1
1.93525,1
1.9355,1
1.93575,1
1.936,1
1.93625,1
1.9365,1
1.93675,1
1.937,1
1.93725,1
1.9375,1
1.93775,1
1.938,1
1.93825,1
1.9385,1
1.93875,1
1.939,1
1.93925,1
1.9395,1
1.93975,1
1.94,1
1.94025,1
1.9405,1
1.94075,1
1.941,1
1.94125,1
1.9415,1
1.94175,1
1.942,1
1.94225,1
1.9425,1
1.94275,1
1.943,1
1.94325,1
1.9435,1
1.94375,1
1.944,1
1.94425,1
1.9445,1
1.94475,1
1.945,1
1.94525,1
1.9455,1
1.94575,1
1.946,1
1.94625,1
1.9465,1
1.94675,1
1.947,1
1.94725,1
1.9475,1
1.94775,1
1.948,1
1.94825,1
1.9485,1
1.94875,1
1.949,1
1.94925,1
1.9495,1
1.94975,1
1.95,1
1.95025,1
1.9505,1
1.95075,1
1.951,1
1.95125,1
1.9515,1
1.95175,1
1.952,1
1.95225,1
1.9525,1
1.95275,1
1.953,1
1.95325,1
1.9535,1
1.95375,1
1.954,1
1.95425,1
1.9545,1
1.95475,1
1.955,1
1.95525,1
1.9555,1
1.95575,1
1.956,1
1.95625,1
1.9565,1
1.95675,1
1.957,1
1.95725,1
1.9575,1
1.95775,1
1.958,1
1.95825,1
1.9585,1
1.95875,1
1.959,1
1.95925,1
1.9595,1
1.95975,1
1.96,1
1.96025,1
1.9605,1
1.96075,1
1.961,1
1.96125,1
1.9615,1
1.96175,1
1.962,1
1.96225,1
1.9625,1
1.96275,1
1.963,1
1.96325,1
1.9635,1
1.96375,1
1.964,1
1.96425,1
1.9645,1
1.96475,1
1.965,1
1.96525,1
1.9655,1
1.96575,1
1.966,1
1.96625,1
1.9665,1
1.96675,1
1.967,1
1.96725,1
1.9675,1
1.96775,1
1.968,1
1.96825,1
1.9685,1
1.96875,1
1.969,1
1.96925,1
1.9695,1
1.96975,1
1.97,1
1.97025,1
1.9705,1
1.97075,1
1.971,1
1.97125,1
1.9715,1
1.97175,1
1.972,1
1.97225,1
1.9725,1
1.97275,1
1.973,1
1.97325,1
1.9735,1
1.97375,1
1.974,1
1.97425,1
1.9745,1
1.97475,1
1.975,1
1.97525,1
1.9755,1
1.97575,1
1.976,1
1.97625,1
1.9765,1
1.97675,1
1.977,1
1.97725,1
1.9775,1
1.97775,1
1.978,1
1.97825,1
1.9785,1
1.97875,1
1.979,1
1.97925,1
1.9795,1
1.97975,1
1.98,1
1.98025,1
1.9805,1
1.98075,1
1.981,1
1.98125,1
1.9815,1
1.98175,1
1.982,1
1.98225,1
1.9825,1
1.98275,1
1.983,1
1.98325,1
1.9835,1
1.98375,1
1.984,1
1.98425,1
1.9845,1
1.98475,1
1.985,1
1.98525,1
1.9855,1
1.98575,1
1.986,1
1.98625,1
1.9865,1
1.98675,1
1.987,1
1.98725,1
1.9875,1
1.98775,1
1.988,1
1.98825,1
1.9885,1
1.98875,1
1.989,1
1.98925,1
1.9895,1
1.98975,1
1.99,1
1.99025,1
1.9905,1
1.99075,1
1.991,1
1.99125,1
1.9915,1
1.99175,1
1.992,1
1.99225,1
1.9925,1
1.99275,1
1.993,1
1.99325,1
1.9935,1
1.99375,1
1.994,1
1.99425,1
1.9945,1
1.99475,1
1.995,1
1.99525,1
1.9955,1
1.99575,1
1.996,1
1.99625,1
1.9965,1
1.99675,1
1.997,1
1.99725,1
1.9975,1
1.99775,1
1.998,1
1.99825,1
1.9985,1
1.99875,1
1.999,1
1.99925,1
1.9995,1
1.99975,1
2.0,1
2.00025,1
2.0005,1
2.00075,1
2.001,1
2.00125,1
2.0015,1
2.00175,1
2.002,1
2.00225,1
2.0025,1
2.00275,1
2.003,1
2.00325,1
2.0035,1
2.00375,1
2.004,1
2.00425,1
2.0045,1
2.00475,1
2.005,1
2.00525,1
2.0055,1
2.00575,1
2.006,1
2.00625,1
2.0065,1
2.00675,1
2.007,1
2.00725,1
2.0075,1
2.00775,1
2.008,1
2.00825,1
2.0085,1
2.00875,1
2.009,1
2.00925,1
2.0095,1
2.00975,1
2.01,1
2.01025,1
2.0105,1
2.01075,1
2.011,1
2.01125,1
2.0115,1
2.01175,1
2.012,1
2.01225,1
2.0125,1
2.01275,1
2.013,1
2.01325,1
2.0135,1
2.01375,1
2.014,1
2.01425,1
2.0145,1
2.01475,1
2.015,1
2.01525,1
2.0155,1
2.01575,1
2.016,1
2.01625,1
2.0165,1
2.01675,1
2.017,1
2.01725,1
2.0175,1
2.01775,1
2.018,1
2.01825,1
2.0185,1
2.01875,1
2.019,1
2.01925,1
2.0195,1
2.01975,1
2.02,1
2.02025,1
2.0205,1
2.02075,1
2.021,1
2.02125,1
2.0215,1
2.02175,1
2.022,1
2.02225,1
2.0225,1
2.02275,1
2.023,1
2.02325,1
2.0235,1
2.02375,1
2.024,1
2.02425,1
2.0245,1
2.02475,1
2.025,1
2.02525,1
2.0255,1
2.02575,1
2.026,1
2.02625,1
2.0265,1
2.02675,1
2.027,1
2.02725,1
2.0275,1
2.02775,1
2.028,1
2.02825,1
2.0285,1
2.02875,1
2.029,1
2.02925,1
2.0295,1
2.02975,1
2.03,1
2.03025,1
2.0305,1
2.03075,1
2.031,1
2.03125,1
2.0315,1
2.03175,1
2.032,1
2.03225,1
2.0325,1
2.03275,1
2.033,1
2.03325,1
2.0335,1
2.03375,1
2.034,1
2.03425,1
2.0345,1
2.03475,1
2.035,1
2.03525,1
2.0355,1
2.03575,1
2.036,1
2.03625,1
2.0365,1
2.03675,1
2.037,1
2.03725,1
2.0375,1
2.03775,1
2.038,1
2.03825,1
2.0385,1
2.03875,1
2.039,1
2.03925,1
2.0395,1
2.03975,1
2.04,1
2.04025,1
2.0405,1
2.04075,1
2.041,1
2.04125,1
2.0415,1
2.04175,1
2.042,1
2.04225,1
2.0425,1
2.04275,1
2.043,1
2.04325,1
2.0435,1
2.04375,1
2.044,1
2.04425,1
2.0445,1
2.04475,1
2.045,1
2.04525,1
2.0455,1
2.04575,1
2.046,1
2.04625,1
2.0465,1
2.04675,1
2.047,1
2.04725,1
2.0475,1
2.04775,1
2.048,1
2.04825,1
2.0485,1
2.04875,1
2.049,1
2.04925,1
2.0495,1
2.04975,1
2.05,1
2.05025,1
2.0505,1
2.05075,1
2.051,1
2.05125,1
2.0515,1
2.05175,1
2.052,1
2.05225,1
2.0525,1
2.05275,1
2.053,1
2.05325,1
2.0535,1
2.05375,1
2.054,1
2.05425,1
2.0545,1
2.05475,1
2.055,1
2.05525,1
2.0555,1
2.05575,1
2.056,1
2.05625,1
2.0565,1
2.05675,1
2.057,1
2.05725,1
2.0575,1
2.05775,1
2.058,1
2.05825,1
2.0585,1
2.05875,1
2.059,1
2.05925,1
2.0595,1
2.05975,1
2.06,1
2.06025,1
2.0605,1
2.06075,1
2.061,1
2.06125,1
2.0615,1
2.06175,1
2.062,1
2.06225,1
2.0625,1
2.06275,1
2.063,1
2.06325,1
2.0635,1
2.06375,1
2.064,1
2.06425,1
2.0645,1
2.06475,1
2.065,1
2.06525,1
2.0655,1
2.06575,1
2.066,1
2.06625,1
2.0665,1
2.06675,1
2.067,1
2.06725,1
2.0675,1
2.06775,1
2.068,1
2.06825,1
2.0685,1
2.06875,1
2.069,1
2.06925,1
2.0695,1
2.06975,1
2.07,1
2.07025,1
2.0705,1
2.07075,1
2.071,1
2.07125,1
2.0715,1
2.07175,1
2.072,1
2.07225,1
2.0725,1
2.07275,1
2.073,1
2.07325,1
2.0735,1
2.07375,1
2.074,1
2.07425,1
2.0745,1
2.07475,1
2.075,1
2.07525,1
2.0755,1
2.07575,1
2.076,1
2.07625,1
2.0765,1
2.07675,1
2.077,1
2.07725,1
2.0775,1
2.07775,1
2.078,1
2.07825,1
2.0785,1
2.07875,1
2.079,1
2.07925,1
2.0795,1
2.07975,1
2.08,1
2.08025,1
2.0805,1
2.08075,1
2.081,1
2.08125,1
2.0815,1
2.08175,1
2.082,1
2.08225,1
2.0825,1
2.08275,1
2.083,1
2.08325,1
2.0835,1
2.08375,1
2.084,1
2.08425,1
2.0845,1
2.08475,1
2.085,1
2.08525,1
2.0855,1
2.08575,1
2.086,1
2.08625,1
2.0865,1
2.08675,1
2.087,1
2.08725,1
2.0875,1
2.08775,1
2.088,1
2.08825,1
2.0885,1
2.08875,1
2.089,1
2.08925,1
2.0895,1
2.08975,1
2.09,1
2.09025,1
2.0905,1
2.09075,1
2.091,1
2.09125,1
2.0915,1
2.09175,1
2.092,1
2.09225,1
2.0925,1
2.09275,1
2.093,1
2.09325,1
2.0935,1
2.09375,1
2.094,1
2.09425,1
2.0945,1
2.09475,1
2.095,1
2.09525,1
2.0955,1
2.09575,1
2.096,1
2.09625,1
2.0965,1
2.09675,1
2.097,1
2.09725,1
2.0975,1
2.09775,1
2.098,1
2.09825,1
2.0985,1
2.09875,1
2.099,1
2.09925,1
2.0995,1
2.09975,1
2.1,1
2.10025,1
2.1005,1
2.10075,1
2.101,1
2.10125,1
2.1015,1
2.10175,1
2.102,1
2.10225,1
2.1025,1
2.10275,1
2.103,1
2.10325,1
2.1035,1
2.10375,1
2.104,1
2.10425,1
2.1045,1
2.10475,1
2.105,1
2.10525,1
2.1055,1
2.10575,1
2.106,1
2.10625,1
2.1065,1
2.10675,1
2.107,1
2.10725,1
2.1075,1
2.10775,1
2.108,1
2.10825,1
2.1085,1
2.10875,1
2.109,1
2.10925,1
2.1095,1
2.10975,1
2.11,1
2.11025,1
2.1105,1
2.11075,1
2.111,1
2.11125,1
2.1115,1
2.11175,1
2.112,1
2.11225,1
2.1125,1
2.11275,1
2.113,1
2.11325,1
2.1135,1
2.11375,1
2.114,1
2.11425,1
2.1145,1
2.11475,1
2.115,1
2.11525,1
2.1155,1
2.11575,1
2.116,1
2.11625,1
2.1165,1
2.11675,1
2.117,1
2.11725,1
2.1175,1
2.11775,1
2.118,1
2.11825,1
2.1185,1
2.11875,1
2.119,1
2.11925,1
2.1195,1
2.11975,1
2.12,1
2.12025,1
2.1205,1
2.12075,1
2.121,1
2.12125,1
2.1215,1
2.12175,1
2.122,1
2.12225,1
2.1225,1
2.12275,1
2.123,1
2.12325,1
2.1235,1
2.12375,1
2.124,1
2.12425,1
2.1245,1
2.12475,1
2.125,1
2.12525,1
2.1255,1
2.12575,1
2.126,1
2.12625,1
2.1265,1
2.12675,1
2.127,1
2.12725,1
2.1275,1
2.12775,1
2.128,1
2.12825,1
2.1285,1
2.12875,1
2.129,1
2.12925,1
2.1295,1
2.12975,1
2.13,1
2.13025,1
2.1305,1
2.13075,1
2.131,1
2.13125,1
2.1315,1
2.13175,1
2.132,1
2.13225,1
2.1325,1
2.13275,1
2.133,1
2.13325,1
2.1335,1
2.13375,1
2.134,1
2.13425,1
2.1345,1
2.13475,1
2.135,1
2.13525,1
2.1355,1
2.13575,1
2.136,1
2.13625,1
2.1365,1
2.13675,1
2.137,1
2.13725,1
2.1375,1
2.13775,1
2.138,1
2.13825,1
2.1385,1
2.13875,1
2.139,1
2.13925,1
2.1395,1
2.13975,1
2.14,1
2.14025,1
2.1405,1
2.14075,1
2.141,1
2.14125,1
2.1415,1
2.14175,1
2.142,1
2.14225,1
2.1425,1
2.14275,1
2.143,1
2.14325,1
2.1435,1
2.14375,1
2.144,1
2.14425,1
2.1445,1
2.14475,1
2.145,1
2.14525,1
2.1455,1
2.14575,1
2.146,1
2.14625,1
2.1465,1
2.14675,1
2.147,1
2.14725,1
2.1475,1
2.14775,1
2.148,1
2.14825,1
2.1485,1
2.14875,1
2.149,1
2.14925,1
2.1495,1
2.14975,1
2.15,1
2.15025,1
2.1505,1
2.15075,1
2.151,1
2.15125,1
2.1515,1
2.15175,1
2.152,1
2.15225,1
2.1525,1
2.15275,1
2.153,1
2.15325,1
2.1535,1
2.15375,1
2.154,1
2.15425,1
2.1545,1
2.15475,1
2.155,1
2.15525,1
2.1555,1
2.15575,1
2.156,1
2.15625,1
2.1565,1
2.15675,1
2.157,1
2.15725,1
2.1575,1
2.15775,1
2.158,1
2.15825,1
2.1585,1
2.15875,1
2.159,1
2.15925,1
2.1595,1
2.15975,1
2.16,1
2.16025,1
2.1605,1
2.16075,1
2.161,1
2.16125,1
2.1615,1
2.16175,1
2.162,1
2.16225,1
2.1625,1
2.16275,1
2.163,1
2.16325,1
2.1635,1
2.16375,1
2.164,1
2.16425,1
2.1645,1
2.16475,1
2.165,1
2.16525,1
2.1655,1
2.16575,1
2.166,1
2.16625,1
2.1665,1
2.16675,1
2.167,1
2.16725,1
2.1675,1
2.16775,1
2.168,1
2.16825,1
2.1685,1
2.16875,1
2.169,1
2.16925,1
2.1695,1
2.16975,1
2.17,1
2.17025,1
2.1705,1
2.17075,1
2.171,1
2.17125,1
2.1715,1
2.17175,1
2.172,1
2.17225,1
2.1725,1
2.17275,1
2.173,1
2.17325,1
2.1735,1
2.17375,1
2.174,1
2.17425,1
2.1745,1
2.17475,1
2.175,1
2.17525,1
2.1755,1
2.17575,1
2.176,1
2.17625,1
2.1765,1
2.17675,1
2.177,1
2.17725,1
2.1775,1
2.17775,1
2.178,1
2.17825,1
2.1785,1
2.17875,1
2.179,1
2.17925,1
2.1795,1
2.17975,1
2.18,1
2.18025,1
2.1805,1
2.18075,1
2.181,1
2.18125,1
2.1815,1
2.18175,1
2.182,1
2.18225,1
2.1825,1
2.18275,1
2.183,1
2.18325,1
2.1835,1
2.18375,1
2.184,1
2.18425,1
2.1845,1
2.18475,1
2.185,1
2.18525,1
2.1855,1
2.18575,1
2.186,1
2.18625,1
2.1865,1
2.18675,1
2.187,1
2.18725,1
2.1875,1
2.18775,1
2.188,1
2.18825,1
2.1885,1
2.18875,1
2.189,1
2.18925,1
2.1895,1
2.18975,1
2.19,1
2.19025,1
2.1905,1
2.19075,1
2.191,1
2.19125,1
2.1915,1
2.19175,1
2.192,1
2.19225,1
2.1925,1
2.19275,1
2.193,1
2.19325,1
2.1935,1
2.19375,1
2.194,1
2.19425,1
2.1945,1
2.19475,1
2.195,1
2.19525,1
2.1955,1
2.19575,1
2.196,1
2.19625,1
2.1965,1
2.19675,1
2.197,1
2.19725,1
2.1975,1
2.19775,1
2.198,1
2.19825,1
2.1985,1
2.19875,1
2.199,1
2.19925,1
2.1995,1
2.19975,1
2.2,1
2.20025,1
2.2005,1
2.20075,1
2.201,1
2.20125,1
2.2015,1
2.20175,1
2.202,1
2.20225,1
2.2025,1
2.20275,1
2.203,1
2.20325,1
2.2035,1
2.20375,1
2.204,1
2.20425,1
2.2045,1
2.20475,1
2.205,1
2.20525,1
2.2055,1
2.20575,1
2.206,1
2.20625,1
2.2065,1
2.20675,1
2.207,1
2.20725,1
2.2075,1
2.20775,1
2.208,1
2.20825,1
2.2085,1
2.20875,1
2.209,1
2.20925,1
2.2095,1
2.20975,1
2.21,1
2.21025,1
2.2105,1
2.21075,1
2.211,1
2.21125,1
2.2115,1
2.21175,1
2.212,1
2.21225,1
2.2125,1
2.21275,1
2.213,1
2.21325,1
2.2135,1
2.21375,1
2.214,1
2.21425,1
2.2145,1
2.21475,1
2.215,1
2.21525,1
2.2155,1
2.21575,1
2.216,1
2.21625,1
2.2165,1
2.21675,1
2.217,1
2.21725,1
2.2175,1
2.21775,1
2.218,1
2.21825,1
2.2185,1
2.21875,1
2.219,1
2.21925,1
2.2195,1
2.21975,1
2.22,1
2.22025,1
2.2205,1
2.22075,1
2.221,1
2.22125,1
2.2215,1
2.22175,1
2.222,1
2.22225,1
2.2225,1
2.22275,1
2.223,1
2.22325,1
2.2235,1
2.22375,1
2.224,1
2.22425,1
2.2245,1
2.22475,1
2.225,1
2.22525,1
2.2255,1
2.22575,1
2.226,1
2.22625,1
2.2265,1
2.22675,1
2.227,1
2.22725,1
2.2275,1
2.22775,1
2.228,1
2.22825,1
2.2285,1
2.22875,1
2.229,1
2.22925,1
2.2295,1
2.22975,1
2.23,1
2.23025,1
2.2305,1
2.23075,1
2.231,1
2.23125,1
2.2315,1
2.23175,1
2.232,1
2.23225,1
2.2325,1
2.23275,1
2.233,1
2.23325,1
2.2335,1
2.23375,1
2.234,1
2.23425,1
2.2345,1
2.23475,1
2.235,1
2.23525,1
2.2355,1
2.23575,1
2.236,1
2.23625,1
2.2365,1
2.23675,1
2.237,1
2.23725,1
2.2375,1
2.23775,1
2.238,1
2.23825,1
2.2385,1
2.23875,1
2.239,1
2.23925,1
2.2395,1
2.23975,1
2.24,1
2.24025,1
2.2405,1
2.24075,1
2.241,1
2.24125,1
2.2415,1
2.24175,1
2.242,1
2.24225,1
2.2425,1
2.24275,1
2.243,1
2.24325,1
2.2435,1
2.24375,1
2.244,1
2.24425,1
2.2445,1
2.24475,1
2.245,1
2.24525,1
2.2455,1
2.24575,1
2.246,1
2.24625,1
2.2465,1
2.24675,1
2.247,1
2.24725,1
2.2475,1
2.24775,1
2.248,1
2.24825,1
2.2485,1
2.24875,1
2.249,1
2.24925,1
2.2495,1
2.24975,1
2.25,1
2.25025,1
2.2505,1
2.25075,1
2.251,1
2.25125,1
2.2515,1
2.25175,1
2.252,1
2.25225,1
2.2525,1
2.25275,1
2.253,1
2.25325,1
2.2535,1
2.25375,1
2.254,1
2.25425,1
2.2545,1
2.25475,1
2.255,1
2.25525,1
2.2555,1
2.25575,1
2.256,1
2.25625,1
2.2565,1
2.25675,1
2.257,1
2.25725,1
2.2575,1
2.25775,1
2.258,1
2.25825,1
2.2585,1
2.25875,1
2.259,1
2.25925,1
2.2595,1
2.25975,1
2.26,1
2.26025,1
2.2605,1
2.26075,1
2.261,1
2.26125,1
2.2615,1
2.26175,1
2.262,1
2.26225,1
2.2625,1
2.26275,1
2.263,1
2.26325,1
2.2635,1
2.26375,1
2.264,1
2.26425,1
2.2645,1
2.26475,1
2.265,1
2.26525,1
2.2655,1
2.26575,1
2.266,1
2.26625,1
2.2665,1
2.26675,1
2.267,1
2.26725,1
2.2675,1
2.26775,1
2.268,1
2.26825,1
2.2685,1
2.26875,1
2.269,1
2.26925,1
2.2695,1
2.26975,1
2.27,1
2.27025,1
2.2705,1
2.27075,1
2.271,1
2.27125,1
2.2715,1
2.27175,1
2.272,1
2.27225,1
2.2725,1
2.27275,1
2.273,1
2.27325,1
2.2735,1
2.27375,1
2.274,1
2.27425,1
2.2745,1
2.27475,1
2.275,1
2.27525,1
2.2755,1
2.27575,1
2.276,1
2.27625,1
2.2765,1
2.27675,1
2.277,1
2.27725,1
2.2775,1
2.27775,1
2.278,1
2.27825,1
2.2785,1
2.27875,1
2.279,1
2.27925,1
2.2795,1
2.27975,1
2.28,1
2.28025,1
2.2805,1
2.28075,1
2.281,1
2.28125,1
2.2815,1
2.28175,1
2.282,1
2.28225,1
2.2825,1
2.28275,1
2.283,1
2.28325,1
2.2835,1
2.28375,1
2.284,1
2.28425,1
2.2845,1
2.28475,1
2.285,1
2.28525,1
2.2855,1
2.28575,1
2.286,1
2.28625,1
2.2865,1
2.28675,1
2.287,1
2.28725,1
2.2875,1
2.28775,1
2.288,1
2.28825,1
2.2885,1
2.28875,1
2.289,1
2.28925,1
2.2895,1
2.28975,1
2.29,1
2.29025,1
2.2905,1
2.29075,1
2.291,1
2.29125,1
2.2915,1
2.29175,1
2.292,1
2.29225,1
2.2925,1
2.29275,1
2.293,1
2.29325,1
2.2935,1
2.29375,1
2.294,1
2.29425,1
2.2945,1
2.29475,1
2.295,1
2.29525,1
2.2955,1
2.29575,1
2.296,1
2.29625,1
2.2965,1
2.29675,1
2.297,1
2.29725,1
2.2975,1
2.29775,1
2.298,1
2.29825,1
2.2985,1
2.29875,1
2.299,1
2.29925,1
2.2995,1
2.29975,1
2.3,1
2.30025,1
2.3005,1
2.30075,1
2.301,1
2.30125,1
2.3015,1
2.30175,1
2.302,1
2.30225,1
2.3025,1
2.30275,1
2.303,1
2.30325,1
2.3035,1
2.30375,1
2.304,1
2.30425,1
2.3045,1
2.30475,1
2.305,1
2.30525,1
2.3055,1
2.30575,1
2.306,1
2.30625,1
2.3065,1
2.30675,1
2.307,1
2.30725,1
2.3075,1
2.30775,1
2.308,1
2.30825,1
2.3085,1
2.30875,1
2.309,1
2.30925,1
2.3095,1
2.30975,1
2.31,1
2.31025,1
2.3105,1
2.31075,1
2.311,1
2.31125,1
2.3115,1
2.31175,1
2.312,1
2.31225,1
2.3125,1
2.31275,1
2.313,1
2.31325,1
2.3135,1
2.31375,1
2.314,1
2.31425,1
2.3145,1
2.31475,1
2.315,1
2.31525,1
2.3155,1
2.31575,1
2.316,1
2.31625,1
2.3165,1
2.31675,1
2.317,1
2.31725,1
2.3175,1
2.31775,1
2.318,1
2.31825,1
2.3185,1
2.31875,1
2.319,1
2.31925,1
2.3195,1
2.31975,1
2.32,1
2.32025,1
2.3205,1
2.32075,1
2.321,1
2.32125,1
2.3215,1
2.32175,1
2.322,1
2.32225,1
2.3225,1
2.32275,1
2.323,1
2.32325,1
2.3235,1
2.32375,1
2.324,1
2.32425,1
2.3245,1
2.32475,1
2.325,1
2.32525,1
2.3255,1
2.32575,1
2.326,1
2.32625,1
2.3265,1
2.32675,1
2.327,1
2.32725,1
2.3275,1
2.32775,1
2.328,1
2.32825,1
2.3285,1
2.32875,1
2.329,1
2.32925,1
2.3295,1
2.32975,1
2.33,1
2.33025,1
2.3305,1
2.33075,1
2.331,1
2.33125,1
2.3315,1
2.33175,1
2.332,1
2.33225,1
2.3325,1
2.33275,1
2.333,1
2.33325,1
2.3335,1
2.33375,1
2.334,1
2.33425,1
2.3345,1
2.33475,1
2.335,1
2.33525,1
2.3355,1
2.33575,1
2.336,1
2.33625,1
2.3365,1
2.33675,1
2.337,1
2.33725,1
2.3375,1
2.33775,1
2.338,1
2.33825,1
2.3385,1
2.33875,1
2.339,1
2.33925,1
2.3395,1
2.33975,1
2.34,1
2.34025,1
2.3405,1
2.34075,1
2.341,1
2.34125,1
2.3415,1
2.34175,1
2.342,1
2.34225,1
2.3425,1
2.34275,1
2.343,1
2.34325,1
2.3435,1
2.34375,1
2.344,1
2.34425,1
2.3445,1
2.34475,1
2.345,1
2.34525,1
2.3455,1
2.34575,1
2.346,1
2.34625,1
2.3465,1
2.34675,1
2.347,1
2.34725,1
2.3475,1
2.34775,1
2.348,1
2.34825,1
2.3485,1
2.34875,1
2.349,1
2.34925,1
2.3495,1
2.34975,1
2.35,1
2.35025,1
2.3505,1
2.35075,1
2.351,1
2.35125,1
2.3515,1
2.35175,1
2.352,1
2.35225,1
2.3525,1
2.35275,1
2.353,1
2.35325,1
2.3535,1
2.35375,1
2.354,1
2.35425,1
2.3545,1
2.35475,1
2.355,1
2.35525,1
2.3555,1
2.35575,1
2.356,1
2.35625,1
2.3565,1
2.35675,1
2.357,1
2.35725,1
2.3575,1
2.35775,1
2.358,1
2.35825,1
2.3585,1
2.35875,1
2.359,1
2.35925,1
2.3595,1
2.35975,1
2.36,1
2.36025,1
2.3605,1
2.36075,1
2.361,1
2.36125,1
2.3615,1
2.36175,1
2.362,1
2.36225,1
2.3625,1
2.36275,1
2.363,1
2.36325,1
2.3635,1
2.36375,1
2.364,1
2.36425,1
2.3645,1
2.36475,1
2.365,1
2.36525,1
2.3655,1
2.36575,1
2.366,1
2.36625,1
2.3665,1
2.36675,1
2.367,1
2.36725,1
2.3675,1
2.36775,1
2.368,1
2.36825,1
2.3685,1
2.36875,1
2.369,1
2.36925,1
2.3695,1
2.36975,1
2.37,1
2.37025,1
2.3705,1
2.37075,1
2.371,1
2.37125,1
2.3715,1
2.37175,1
2.372,1
2.37225,1
2.3725,1
2.37275,1
2.373,1
2.37325,1
2.3735,1
2.37375,1
2.374,1
2.37425,1
2.3745,1
2.37475,1
2.375,1
2.37525,1
2.3755,1
2.37575,1
2.376,1
2.37625,1
2.3765,1
2.37675,1
2.377,1
2.37725,1
2.3775,1
2.37775,1
2.378,1
2.37825,1
2.3785,1
2.37875,1
2.379,1
2.37925,1
2.3795,1
2.37975,1
2.38,1
2.38025,1
2.3805,1
2.38075,1
2.381,1
2.38125,1
2.3815,1
2.38175,1
2.382,1
2.38225,1
2.3825,1
2.38275,1
2.383,1
2.38325,1
2.3835,1
2.38375,1
2.384,1
2.38425,1
2.3845,1
2.38475,1
2.385,1
2.38525,1
2.3855,1
2.38575,1
2.386,1
2.38625,1
2.3865,1
2.38675,1
2.387,1
2.38725,1
2.3875,1
2.38775,1
2.388,1
2.38825,1
2.3885,1
2.38875,1
2.389,1
2.38925,1
2.3895,1
2.38975,1
2.39,1
2.39025,1
2.3905,1
2.39075,1
2.391,1
2.39125,1
2.3915,1
2.39175,1
2.392,1
2.39225,1
2.3925,1
2.39275,1
2.393,1
2.39325,1
2.3935,1
2.39375,1
2.394,1
2.39425,1
2.3945,1
2.39475,1
2.395,1
2.39525,1
2.3955,1
2.39575,1
2.396,1
2.39625,1
2.3965,1
2.39675,1
2.397,1
2.39725,1
2.3975,1
2.39775,1
2.398,1
2.39825,1
2.3985,1
2.39875,1
2.399,1
2.39925,1
2.3995,1
2.39975,1
2.4,1
2.40025,1
2.4005,1
2.40075,1
2.401,1
2.40125,1
2.4015,1
2.40175,1
2.402,1
2.40225,1
2.4025,1
2.40275,1
2.403,1
2.40325,1
2.4035,1
2.40375,1
2.404,1
2.40425,1
2.4045,1
2.40475,1
2.405,1
2.40525,1
2.4055,1
2.40575,1
2.406,1
2.40625,1
2.4065,1
2.40675,1
2.407,1
2.40725,1
2.4075,1
2.40775,1
2.408,1
2.40825,1
2.4085,1
2.40875,1
2.409,1
2.40925,1
2.4095,1
2.40975,1
2.41,1
2.41025,1
2.4105,1
2.41075,1
2.411,1
2.41125,1
2.4115,1
2.41175,1
2.412,1
2.41225,1
2.4125,1
2.41275,1
2.413,1
2.41325,1
2.4135,1
2.41375,1
2.414,1
2.41425,1
2.4145,1
2.41475,1
2.415,1
2.41525,1
2.4155,1
2.41575,1
2.416,1
2.41625,1
2.4165,1
2.41675,1
2.417,1
2.41725,1
2.4175,1
2.41775,1
2.418,1
2.41825,1
2.4185,1
2.41875,1
2.419,1
2.41925,1
2.4195,1
2.41975,1
2.42,1
2.42025,1
2.4205,1
2.42075,1
2.421,1
2.42125,1
2.4215,1
2.42175,1
2.422,1
2.42225,1
2.4225,1
2.42275,1
2.423,1
2.42325,1
2.4235,1
2.42375,1
2.424,1
2.42425,1
2.4245,1
2.42475,1
2.425,1
2.42525,1
2.4255,1
2.42575,1
2.426,1
2.42625,1
2.4265,1
2.42675,1
2.427,1
2.42725,1
2.4275,1
2.42775,1
2.428,1
2.42825,1
2.4285,1
2.42875,1
2.429,1
2.42925,1
2.4295,1
2.42975,1
2.43,1
2.43025,1
2.4305,1
2.43075,1
2.431,1
2.43125,1
2.4315,1
2.43175,1
2.432,1
2.43225,1
2.4325,1
2.43275,1
2.433,1
2.43325,1
2.4335,1
2.43375,1
2.434,1
2.43425,1
2.4345,1
2.43475,1
2.435,1
2.43525,1
2.4355,1
2.43575,1
2.436,1
2.43625,1
2.4365,1
2.43675,1
2.437,1
2.43725,1
2.4375,1
2.43775,1
2.438,1
2.43825,1
2.4385,1
2.43875,1
2.439,1
2.43925,1
2.4395,1
2.43975,1
2.44,1
2.44025,1
2.4405,1
2.44075,1
2.441,1
2.44125,1
2.4415,1
2.44175,1
2.442,1
2.44225,1
2.4425,1
2.44275,1
2.443,1
2.44325,1
2.4435,1
2.44375,1
2.444,1
2.44425,1
2.4445,1
2.44475,1
2.445,1
2.44525,1
2.4455,1
2.44575,1
2.446,1
2.44625,1
2.4465,1
2.44675,1
2.447,1
2.44725,1
2.4475,1
2.44775,1
2.448,1
2.44825,1
2.4485,1
2.44875,1
2.449,1
2.44925,1
2.4495,1
2.44975,1
2.45,1
2.45025,1
2.4505,1
2.45075,1
2.451,1
2.45125,1
2.4515,1
2.45175,1
2.452,1
2.45225,1
2.4525,1
2.45275,1
2.453,1
2.45325,1
2.4535,1
2.45375,1
2.454,1
2.45425,1
2.4545,1
2.45475,1
2.455,1
2.45525,1
2.4555,1
2.45575,1
2.456,1
2.45625,1
2.4565,1
2.45675,1
2.457,1
2.45725,1
2.4575,1
2.45775,1
2.458,1
2.45825,1
2.4585,1
2.45875,1
2.459,1
2.45925,1
2.4595,1
2.45975,1
2.46,1
2.46025,1
2.4605,1
2.46075,1
2.461,1
2.46125,1
2.4615,1
2.46175,1
2.462,1
2.46225,1
2.4625,1
2.46275,1
2.463,1
2.46325,1
2.4635,1
2.46375,1
2.464,1
2.46425,1
2.4645,1
2.46475,1
2.465,1
2.46525,1
2.4655,1
2.46575,1
2.466,1
2.46625,1
2.4665,1
2.46675,1
2.467,1
2.46725,1
2.4675,1
2.46775,1
2.468,1
2.46825,1
2.4685,1
2.46875,1
2.469,1
2.46925,1
2.4695,1
2.46975,1
2.47,1
2.47025,1
2.4705,1
2.47075,1
2.471,1
2.47125,1
2.4715,1
2.47175,1
2.472,1
2.47225,1
2.4725,1
2.47275,1
2.473,1
2.47325,1
2.4735,1
2.47375,1
2.474,1
2.47425,1
2.4745,1
2.47475,1
2.475,1
2.47525,1
2.4755,1
2.47575,1
2.476,1
2.47625,1
2.4765,1
2.47675,1
2.477,1
2.47725,1
2.4775,1
2.47775,1
2.478,1
2.47825,1
2.4785,1
2.47875,1
2.479,1
2.47925,1
2.4795,1
2.47975,1
2.48,1
2.48025,1
2.4805,1
2.48075,1
2.481,1
2.48125,1
2.4815,1
2.48175,1
2.482,1
2.48225,1
2.4825,1
2.48275,1
2.483,1
2.48325,1
2.4835,1
2.48375,1
2.484,1
2.48425,1
2.4845,1
2.48475,1
2.485,1
2.48525,1
2.4855,1
2.48575,1
2.486,1
2.48625,1
2.4865,1
2.48675,1
2.487,1
2.48725,1
2.4875,1
2.48775,1
2.488,1
2.48825,1
2.4885,1
2.48875,1
2.489,1
2.48925,1
2.4895,1
2.48975,1
2.49,1
2.49025,1
2.4905,1
2.49075,1
2.491,1
2.49125,1
2.4915,1
2.49175,1
2.492,1
2.49225,1
2.4925,1
2.49275,1
2.493,1
2.49325,1
2.4935,1
2.49375,1
2.494,1
2.49425,1
2.4945,1
2.49475,1
2.495,1
2.49525,1
2.4955,1
2.49575,1
2.496,1
2.49625,1
2.4965,1
2.49675,1
2.497,1
2.49725,1
2.4975,1
2.49775,1
2.498,1
2.49825,1
2.4985,1
2.49875,1
2.499,1
2.49925,1
2.4995,1
2.49975,1
2.5,1
2.50025,1
2.5005,1
2.50075,1
2.501,1
2.50125,1
2.5015,1
2.50175,1
2.502,1
2.50225,1
2.5025,1
2.50275,1
2.503,1
2.50325,1
2.5035,1
2.50375,1
2.504,1
2.50425,1
2.5045,1
2.50475,1
2.505,1
2.50525,1
2.5055,1
2.50575,1
2.506,1
2.50625,1
2.5065,1
2.50675,1
2.507,1
2.50725,1
2.5075,1
2.50775,1
2.508,1
2.50825,1
2.5085,1
2.50875,1
2.509,1
2.50925,1
2.5095,1
2.50975,1
2.51,1
2.51025,1
2.5105,1
2.51075,1
2.511,1
2.51125,1
2.5115,1
2.51175,1
2.512,1
2.51225,1
2.5125,1
2.51275,1
2.513,1
2.51325,1
2.5135,1
2.51375,1
2.514,1
2.51425,1
2.5145,1
2.51475,1
2.515,1
2.51525,1
2.5155,1
2.51575,1
2.516,1
2.51625,1
2.5165,1
2.51675,1
2.517,1
2.51725,1
2.5175,1
2.51775,1
2.518,1
2.51825,1
2.5185,1
2.51875,1
2.519,1
2.51925,1
2.5195,1
2.51975,1
2.52,1
2.52025,1
2.5205,1
2.52075,1
2.521,1
2.52125,1
2.5215,1
2.52175,1
2.522,1
2.52225,1
2.5225,1
2.52275,1
2.523,1
2.52325,1
2.5235,1
2.52375,1
2.524,1
2.52425,1
2.5245,1
2.52475,1
2.525,1
2.52525,1
2.5255,1
2.52575,1
2.526,1
2.52625,1
2.5265,1
2.52675,1
2.527,1
2.52725,1
2.5275,1
2.52775,1
2.528,1
2.52825,1
2.5285,1
2.52875,1
2.529,1
2.52925,1
2.5295,1
2.52975,1
2.53,1
2.53025,1
2.5305,1
2.53075,1
2.531,1
2.53125,1
2.5315,1
2.53175,1
2.532,1
2.53225,1
2.5325,1
2.53275,1
2.533,1
2.53325,1
2.5335,1
2.53375,1
2.534,1
2.53425,1
2.5345,1
2.53475,1
2.535,1
2.53525,1
2.5355,1
2.53575,1
2.536,1
2.53625,1
2.5365,1
2.53675,1
2.537,1
2.53725,1
2.5375,1
2.53775,1
2.538,1
2.53825,1
2.5385,1
2.53875,1
2.539,1
2.53925,1
2.5395,1
2.53975,1
2.54,1
2.54025,1
2.5405,1
2.54075,1
2.541,1
2.54125,1
2.5415,1
2.54175,1
2.542,1
2.54225,1
2.5425,1
2.54275,1
2.543,1
2.54325,1
2.5435,1
2.54375,1
2.544,1
2.54425,1
2.5445,1
2.54475,1
2.545,1
2.54525,1
2.5455,1
2.54575,1
2.546,1
2.54625,1
2.5465,1
2.54675,1
2.547,1
2.54725,1
2.5475,1
2.54775,1
2.548,1
2.54825,1
2.5485,1
2.54875,1
2.549,1
2.54925,1
2.5495,1
2.54975,1
2.55,1
2.55025,1
2.5505,1
2.55075,1
2.551,1
2.55125,1
2.5515,1
2.55175,1
2.552,1
2.55225,1
2.5525,1
2.55275,1
2.553,1
2.55325,1
2.5535,1
2.55375,1
2.554,1
2.55425,1
2.5545,1
2.55475,1
2.555,1
2.55525,1
2.5555,1
2.55575,1
2.556,1
2.55625,1
2.5565,1
2.55675,1
2.557,1
2.55725,1
2.5575,1
2.55775,1
2.558,1
2.55825,1
2.5585,1
2.55875,1
2.559,1
2.55925,1
2.5595,1
2.55975,1
2.56,1
2.56025,1
2.5605,1
2.56075,1
2.561,1
2.56125,1
2.5615,1
2.56175,1
2.562,1
2.56225,1
2.5625,1
2.56275,1
2.563,1
2.56325,1
2.5635,1
2.56375,1
2.564,1
2.56425,1
2.5645,1
2.56475,1
2.565,1
2.56525,1
2.5655,1
2.56575,1
2.566,1
2.56625,1
2.5665,1
2.56675,1
2.567,1
2.56725,1
2.5675,1
2.56775,1
2.568,1
2.56825,1
2.5685,1
2.56875,1
2.569,1
2.56925,1
2.5695,1
2.56975,1
2.57,1
2.57025,1
2.5705,1
2.57075,1
2.571,1
2.57125,1
2.5715,1
2.57175,1
2.572,1
2.57225,1
2.5725,1
2.57275,1
2.573,1
2.57325,1
2.5735,1
2.57375,1
2.574,1
2.57425,1
2.5745,1
2.57475,1
2.575,1
2.57525,1
2.5755,1
2.57575,1
2.576,1
2.57625,1
2.5765,1
2.57675,1
2.577,1
2.57725,1
2.5775,1
2.57775,1
2.578,1
2.57825,1
2.5785,1
2.57875,1
2.579,1
2.57925,1
2.5795,1
2.57975,1
2.58,1
2.58025,1
2.5805,1
2.58075,1
2.581,1
2.58125,1
2.5815,1
2.58175,1
2.582,1
2.58225,1
2.5825,1
2.58275,1
2.583,1
2.58325,1
2.5835,1
2.58375,1
2.584,1
2.58425,1
2.5845,1
2.58475,1
2.585,1
2.58525,1
2.5855,1
2.58575,1
2.586,1
2.58625,1
2.5865,1
2.58675,1
2.587,1
2.58725,1
2.5875,1
2.58775,1
2.588,1
2.58825,1
2.5885,1
2.58875,1
2.589,1
2.58925,1
2.5895,1
2.58975,1
2.59,1
2.59025,1
2.5905,1
2.59075,1
2.591,1
2.59125,1
2.5915,1
2.59175,1
2.592,1
2.59225,1
2.5925,1
2.59275,1
2.593,1
2.59325,1
2.5935,1
2.59375,1
2.594,1
2.59425,1
2.5945,1
2.59475,1
2.595,1
2.59525,1
2.5955,1
2.59575,1
2.596,1
2.59625,1
2.5965,1
2.59675,1
2.597,1
2.59725,1
2.5975,1
2.59775,1
2.598,1
2.59825,1
2.5985,1
2.59875,1
2.599,1
2.59925,1
2.5995,1
2.59975,1
2.6,1
2.60025,1
2.6005,1
2.60075,1
2.601,1
2.60125,1
2.6015,1
2.60175,1
2.602,1
2.60225,1
2.6025,1
2.60275,1
2.603,1
2.60325,1
2.6035,1
2.60375,1
2.604,1
2.60425,1
2.6045,1
2.60475,1
2.605,1
2.60525,1
2.6055,1
2.60575,1
2.606,1
2.60625,1
2.6065,1
2.60675,1
2.607,1
2.60725,1
2.6075,1
2.60775,1
2.608,1
2.60825,1
2.6085,1
2.60875,1
2.609,1
2.60925,1
2.6095,1
2.60975,1
2.61,1
2.61025,1
2.6105,1
2.61075,1
2.611,1
2.61125,1
2.6115,1
2.61175,1
2.612,1
2.61225,1
2.6125,1
2.61275,1
2.613,1
2.61325,1
2.6135,1
2.61375,1
2.614,1
2.61425,1
2.6145,1
2.61475,1
2.615,1
2.61525,1
2.6155,1
2.61575,1
2.616,1
2.61625,1
2.6165,1
2.61675,1
2.617,1
2.61725,1
2.6175,1
2.61775,1
2.618,1
2.61825,1
2.6185,1
2.61875,1
2.619,1
2.61925,1
2.6195,1
2.61975,1
2.62,1
2.62025,1
2.6205,1
2.62075,1
2.621,1
2.62125,1
2.6215,1
2.62175,1
2.622,1
2.62225,1
2.6225,1
2.62275,1
2.623,1
2.62325,1
2.6235,1
2.62375,1
2.624,1
2.62425,1
2.6245,1
2.62475,1
2.625,1
2.62525,1
2.6255,1
2.62575,1
2.626,1
2.62625,1
2.6265,1
2.62675,1
2.627,1
2.62725,1
2.6275,1
2.62775,1
2.628,1
2.62825,1
2.6285,1
2.62875,1
2.629,1
2.62925,1
2.6295,1
2.62975,1
2.63,1
2.63025,1
2.6305,1
2.63075,1
2.631,1
2.63125,1
2.6315,1
2.63175,1
2.632,1
2.63225,1
2.6325,1
2.63275,1
2.633,1
2.63325,1
2.6335,1
2.63375,1
2.634,1
2.63425,1
2.6345,1
2.63475,1
2.635,1
2.63525,1
2.6355,1
2.63575,1
2.636,1
2.63625,1
2.6365,1
2.63675,1
2.637,1
2.63725,1
2.6375,1
2.63775,1
2.638,1
2.63825,1
2.6385,1
2.63875,1
2.639,1
2.63925,1
2.6395,1
2.63975,1
2.64,1
2.64025,1
2.6405,1
2.64075,1
2.641,1
2.64125,1
2.6415,1
2.64175,1
2.642,1
2.64225,1
2.6425,1
2.64275,1
2.643,1
2.64325,1
2.6435,1
2.64375,1
2.644,1
2.64425,1
2.6445,1
2.64475,1
2.645,1
2.64525,1
2.6455,1
2.64575,1
2.646,1
2.64625,1
2.6465,1
2.64675,1
2.647,1
2.64725,1
2.6475,1
2.64775,1
2.648,1
2.64825,1
2.6485,1
2.64875,1
2.649,1
2.64925,1
2.6495,1
2.64975,1
2.65,1
2.65025,1
2.6505,1
2.65075,1
2.651,1
2.65125,1
2.6515,1
2.65175,1
2.652,1
2.65225,1
2.6525,1
2.65275,1
2.653,1
2.65325,1
2.6535,1
2.65375,1
2.654,1
2.65425,1
2.6545,1
2.65475,1
2.655,1
2.65525,1
2.6555,1
2.65575,1
2.656,1
2.65625,1
2.6565,1
2.65675,1
2.657,1
2.65725,1
2.6575,1
2.65775,1
2.658,1
2.65825,1
2.6585,1
2.65875,1
2.659,1
2.65925,1
2.6595,1
2.65975,1
2.66,1
2.66025,1
2.6605,1
2.66075,1
2.661,1
2.66125,1
2.6615,1
2.66175,1
2.662,1
2.66225,1
2.6625,1
2.66275,1
2.663,1
2.66325,1
2.6635,1
2.66375,1
2.664,1
2.66425,1
2.6645,1
2.66475,1
2.665,1
2.66525,1
2.6655,1
2.66575,1
2.666,1
2.66625,1
2.6665,1
2.66675,1
2.667,1
2.66725,1
2.6675,1
2.66775,1
2.668,1
2.66825,1
2.6685,1
2.66875,1
2.669,1
2.66925,1
2.6695,1
2.66975,1
2.67,1
2.67025,1
2.6705,1
2.67075,1
2.671,1
2.67125,1
2.6715,1
2.67175,1
2.672,1
2.67225,1
2.6725,1
2.67275,1
2.673,1
2.67325,1
2.6735,1
2.67375,1
2.674,1
2.67425,1
2.6745,1
2.67475,1
2.675,1
2.67525,1
2.6755,1
2.67575,1
2.676,1
2.67625,1
2.6765,1
2.67675,1
2.677,1
2.67725,1
2.6775,1
2.67775,1
2.678,1
2.67825,1
2.6785,1
2.67875,1
2.679,1
2.67925,1
2.6795,1
2.67975,1
2.68,1
2.68025,1
2.6805,1
2.68075,1
2.681,1
2.68125,1
2.6815,1
2.68175,1
2.682,1
2.68225,1
2.6825,1
2.68275,1
2.683,1
2.68325,1
2.6835,1
2.68375,1
2.684,1
2.68425,1
2.6845,1
2.68475,1
2.685,1
2.68525,1
2.6855,1
2.68575,1
2.686,1
2.68625,1
2.6865,1
2.68675,1
2.687,1
2.68725,1
2.6875,1
2.68775,1
2.688,1
2.68825,1
2.6885,1
2.68875,1
2.689,1
2.68925,1
2.6895,1
2.68975,1
2.69,1
2.69025,1
2.6905,1
2.69075,1
2.691,1
2.69125,1
2.6915,1
2.69175,1
2.692,1
2.69225,1
2.6925,1
2.69275,1
2.693,1
2.69325,1
2.6935,1
2.69375,1
2.694,1
2.69425,1
2.6945,1
2.69475,1
2.695,1
2.69525,1
2.6955,1
2.69575,1
2.696,1
2.69625,1
2.6965,1
2.69675,1
2.697,1
2.69725,1
2.6975,1
2.69775,1
2.698,1
2.69825,1
2.6985,1
2.69875,1
2.699,1
2.69925,1
2.6995,1
2.69975,1
2.7,1
2.70025,1
2.7005,1
2.70075,1
2.701,1
2.70125,1
2.7015,1
2.70175,1
2.702,1
2.70225,1
2.7025,1
2.70275,1
2.703,1
2.70325,1
2.7035,1
2.70375,1
2.704,1
2.70425,1
2.7045,1
2.70475,1
2.705,1
2.70525,1
2.7055,1
2.70575,1
2.706,1
2.70625,1
2.7065,1
2.70675,1
2.707,1
2.70725,1
2.7075,1
2.70775,1
2.708,1
2.70825,1
2.7085,1
2.70875,1
2.709,1
2.70925,1
2.7095,1
2.70975,1
2.71,1
2.71025,1
2.7105,1
2.71075,1
2.711,1
2.71125,1
2.7115,1
2.71175,1
2.712,1
2.71225,1
2.7125,1
2.71275,1
2.713,1
2.71325,1
2.7135,1
2.71375,1
2.714,1
2.71425,1
2.7145,1
2.71475,1
2.715,1
2.71525,1
2.7155,1
2.71575,1
2.716,1
2.71625,1
2.7165,1
2.71675,1
2.717,1
2.71725,1
2.7175,1
2.71775,1
2.718,1
2.71825,1
2.7185,1
2.71875,1
2.719,1
2.71925,1
2.7195,1
2.71975,1
2.72,1
2.72025,1
2.7205,1
2.72075,1
2.721,1
2.72125,1
2.7215,1
2.72175,1
2.722,1
2.72225,1
2.7225,1
2.72275,1
2.723,1
2.72325,1
2.7235,1
2.72375,1
2.724,1
2.72425,1
2.7245,1
2.72475,1
2.725,1
2.72525,1
2.7255,1
2.72575,1
2.726,1
2.72625,1
2.7265,1
2.72675,1
2.727,1
2.72725,1
2.7275,1
2.72775,1
2.728,1
2.72825,1
2.7285,1
2.72875,1
2.729,1
2.72925,1
2.7295,1
2.72975,1
2.73,1
2.73025,1
2.7305,1
2.73075,1
2.731,1
2.73125,1
2.7315,1
2.73175,1
2.732,1
2.73225,1
2.7325,1
2.73275,1
2.733,1
2.73325,1
2.7335,1
2.73375,1
2.734,1
2.73425,1
2.7345,1
2.73475,1
2.735,1
2.73525,1
2.7355,1
2.73575,1
2.736,1
2.73625,1
2.7365,1
2.73675,1
2.737,1
2.73725,1
2.7375,1
2.73775,1
2.738,1
2.73825,1
2.7385,1
2.73875,1
2.739,1
2.73925,1
2.7395,1
2.73975,1
2.74,1
2.74025,1
2.7405,1
2.74075,1
2.741,1
2.74125,1
2.7415,1
2.74175,1
2.742,1
2.74225,1
2.7425,1
2.74275,1
2.743,1
2.74325,1
2.7435,1
2.74375,1
2.744,1
2.74425,1
2.7445,1
2.74475,1
2.745,1
2.74525,1
2.7455,1
2.74575,1
2.746,1
2.74625,1
2.7465,1
2.74675,1
2.747,1
2.74725,1
2.7475,1
2.74775,1
2.748,1
2.74825,1
2.7485,1
2.74875,1
2.749,1
2.74925,1
2.7495,1
2.74975,1
2.75,1
2.75025,1
2.7505,1
2.75075,1
2.751,1
2.75125,1
2.7515,1
2.75175,1
2.752,1
2.75225,1
2.7525,1
2.75275,1
2.753,1
2.75325,1
2.7535,1
2.75375,1
2.754,1
2.75425,1
2.7545,1
2.75475,1
2.755,1
2.75525,1
2.7555,1
2.75575,1
2.756,1
2.75625,1
2.7565,1
2.75675,1
2.757,1
2.75725,1
2.7575,1
2.75775,1
2.758,1
2.75825,1
2.7585,1
2.75875,1
2.759,1
2.75925,1
2.7595,1
2.75975,1
2.76,1
2.76025,1
2.7605,1
2.76075,1
2.761,1
2.76125,1
2.7615,1
2.76175,1
2.762,1
2.76225,1
2.7625,1
2.76275,1
2.763,1
2.76325,1
2.7635,1
2.76375,1
2.764,1
2.76425,1
2.7645,1
2.76475,1
2.765,1
2.76525,1
2.7655,1
2.76575,1
2.766,1
2.76625,1
2.7665,1
2.76675,1
2.767,1
2.76725,1
2.7675,1
2.76775,1
2.768,1
2.76825,1
2.7685,1
2.76875,1
2.769,1
2.76925,1
2.7695,1
2.76975,1
2.77,1
2.77025,1
2.7705,1
2.77075,1
2.771,1
2.77125,1
2.7715,1
2.77175,1
2.772,1
2.77225,1
2.7725,1
2.77275,1
2.773,1
2.77325,1
2.7735,1
2.77375,1
2.774,1
2.77425,1
2.7745,1
2.77475,1
2.775,1
2.77525,1
2.7755,1
2.77575,1
2.776,1
2.77625,1
2.7765,1
2.77675,1
2.777,1
2.77725,1
2.7775,1
2.77775,1
2.778,1
2.77825,1
2.7785,1
2.77875,1
2.779,1
2.77925,1
2.7795,1
2.77975,1
2.78,1
2.78025,1
2.7805,1
2.78075,1
2.781,1
2.78125,1
2.7815,1
2.78175,1
2.782,1
2.78225,1
2.7825,1
2.78275,1
2.783,1
2.78325,1
2.7835,1
2.78375,1
2.784,1
2.78425,1
2.7845,1
2.78475,1
2.785,1
2.78525,1
2.7855,1
2.78575,1
2.786,1
2.78625,1
2.7865,1
2.78675,1
2.787,1
2.78725,1
2.7875,1
2.78775,1
2.788,1
2.78825,1
2.7885,1
2.78875,1
2.789,1
2.78925,1
2.7895,1
2.78975,1
2.79,1
2.79025,1
2.7905,1
2.79075,1
2.791,1
2.79125,1
2.7915,1
2.79175,1
2.792,1
2.79225,1
2.7925,1
2.79275,1
2.793,1
2.79325,1
2.7935,1
2.79375,1
2.794,1
2.79425,1
2.7945,1
2.79475,1
2.795,1
2.79525,1
2.7955,1
2.79575,1
2.796,1
2.79625,1
2.7965,1
2.79675,1
2.797,1
2.79725,1
2.7975,1
2.79775,1
2.798,1
2.79825,1
2.7985,1
2.79875,1
2.799,1
2.79925,1
2.7995,1
2.79975,1
2.8,1
2.80025,1
2.8005,1
2.80075,1
2.801,1
2.80125,1
2.8015,1
2.80175,1
2.802,1
2.80225,1
2.8025,1
2.80275,1
2.803,1
2.80325,1
2.8035,1
2.80375,1
2.804,1
2.80425,1
2.8045,1
2.80475,1
2.805,1
2.80525,1
2.8055,1
2.80575,1
2.806,1
2.80625,1
2.8065,1
2.80675,1
2.807,1
2.80725,1
2.8075,1
2.80775,1
2.808,1
2.80825,1
2.8085,1
2.80875,1
2.809,1
2.80925,1
2.8095,1
2.80975,1
2.81,1
2.81025,1
2.8105,1
2.81075,1
2.811,1
2.81125,1
2.8115,1
2.81175,1
2.812,1
2.81225,1
2.8125,1
2.81275,1
2.813,1
2.81325,1
2.8135,1
2.81375,1
2.814,1
2.81425,1
2.8145,1
2.81475,1
2.815,1
2.81525,1
2.8155,1
2.81575,1
2.816,1
2.81625,1
2.8165,1
2.81675,1
2.817,1
2.81725,1
2.8175,1
2.81775,1
2.818,1
2.81825,1
2.8185,1
2.81875,1
2.819,1
2.81925,1
2.8195,1
2.81975,1
2.82,1
2.82025,1
2.8205,1
2.82075,1
2.821,1
2.82125,1
2.8215,1
2.82175,1
2.822,1
2.82225,1
2.8225,1
2.82275,1
2.823,1
2.82325,1
2.8235,1
2.82375,1
2.824,1
2.82425,1
2.8245,1
2.82475,1
2.825,1
2.82525,1
2.8255,1
2.82575,1
2.826,1
2.82625,1
2.8265,1
2.82675,1
2.827,1
2.82725,1
2.8275,1
2.82775,1
2.828,1
2.82825,1
2.8285,1
2.82875,1
2.829,1
2.82925,1
2.8295,1
2.82975,1
2.83,1
2.83025,1
2.8305,1
2.83075,1
2.831,1
2.83125,1
2.8315,1
2.83175,1
2.832,1
2.83225,1
2.8325,1
2.83275,1
2.833,1
2.83325,1
2.8335,1
2.83375,1
2.834,1
2.83425,1
2.8345,1
2.83475,1
2.835,1
2.83525,1
2.8355,1
2.83575,1
2.836,1
2.83625,1
2.8365,1
2.83675,1
2.837,1
2.83725,1
2.8375,1
2.83775,1
2.838,1
2.83825,1
2.8385,1
2.83875,1
2.839,1
2.83925,1
2.8395,1
2.83975,1
2.84,1
2.84025,1
2.8405,1
2.84075,1
2.841,1
2.84125,1
2.8415,1
2.84175,1
2.842,1
2.84225,1
2.8425,1
2.84275,1
2.843,1
2.84325,1
2.8435,1
2.84375,1
2.844,1
2.84425,1
2.8445,1
2.84475,1
2.845,1
2.84525,1
2.8455,1
2.84575,1
2.846,1
2.84625,1
2.8465,1
2.84675,1
2.847,1
2.84725,1
2.8475,1
2.84775,1
2.848,1
2.84825,1
2.8485,1
2.84875,1
2.849,1
2.84925,1
2.8495,1
2.84975,1
2.85,1
2.85025,1
2.8505,1
2.85075,1
2.851,1
2.85125,1
2.8515,1
2.85175,1
2.852,1
2.85225,1
2.8525,1
2.85275,1
2.853,1
2.85325,1
2.8535,1
2.85375,1
2.854,1
2.85425,1
2.8545,1
2.85475,1
2.855,1
2.85525,1
2.8555,1
2.85575,1
2.856,1
2.85625,1
2.8565,1
2.85675,1
2.857,1
2.85725,1
2.8575,1
2.85775,1
2.858,1
2.85825,1
2.8585,1
2.85875,1
2.859,1
2.85925,1
2.8595,1
2.85975,1
2.86,1
2.86025,1
2.8605,1
2.86075,1
2.861,1
2.86125,1
2.8615,1
2.86175,1
2.862,1
2.86225,1
2.8625,1
2.86275,1
2.863,1
2.86325,1
2.8635,1
2.86375,1
2.864,1
2.86425,1
2.8645,1
2.86475,1
2.865,1
2.86525,1
2.8655,1
2.86575,1
2.866,1
2.86625,1
2.8665,1
2.86675,1
2.867,1
2.86725,1
2.8675,1
2.86775,1
2.868,1
2.86825,1
2.8685,1
2.86875,1
2.869,1
2.86925,1
2.8695,1
2.86975,1
2.87,1
2.87025,1
2.8705,1
2.87075,1
2.871,1
2.87125,1
2.8715,1
2.87175,1
2.872,1
2.87225,1
2.8725,1
2.87275,1
2.873,1
2.87325,1
2.8735,1
2.87375,1
2.874,1
2.87425,1
2.8745,1
2.87475,1
2.875,1
2.87525,1
2.8755,1
2.87575,1
2.876,1
2.87625,1
2.8765,1
2.87675,1
2.877,1
2.87725,1
2.8775,1
2.87775,1
2.878,1
2.87825,1
2.8785,1
2.87875,1
2.879,1
2.87925,1
2.8795,1
2.87975,1
2.88,1
2.88025,1
2.8805,1
2.88075,1
2.881,1
2.88125,1
2.8815,1
2.88175,1
2.882,1
2.88225,1
2.8825,1
2.88275,1
2.883,1
2.88325,1
2.8835,1
2.88375,1
2.884,1
2.88425,1
2.8845,1
2.88475,1
2.885,1
2.88525,1
2.8855,1
2.88575,1
2.886,1
2.88625,1
2.8865,1
2.88675,1
2.887,1
2.88725,1
2.8875,1
2.88775,1
2.888,1
2.88825,1
2.8885,1
2.88875,1
2.889,1
2.88925,1
2.8895,1
2.88975,1
2.89,1
2.89025,1
2.8905,1
2.89075,1
2.891,1
2.89125,1
2.8915,1
2.89175,1
2.892,1
2.89225,1
2.8925,1
2.89275,1
2.893,1
2.89325,1
2.8935,1
2.89375,1
2.894,1
2.89425,1
2.8945,1
2.89475,1
2.895,1
2.89525,1
2.8955,1
2.89575,1
2.896,1
2.89625,1
2.8965,1
2.89675,1
2.897,1
2.89725,1
2.8975,1
2.89775,1
2.898,1
2.89825,1
2.8985,1
2.89875,1
2.899,1
2.89925,1
2.8995,1
2.89975,1
2.9,1
2.90025,1
2.9005,1
2.90075,1
2.901,1
2.90125,1
2.9015,1
2.90175,1
2.902,1
2.90225,1
2.9025,1
2.90275,1
2.903,1
2.90325,1
2.9035,1
2.90375,1
2.904,1
2.90425,1
2.9045,1
2.90475,1
2.905,1
2.90525,1
2.9055,1
2.90575,1
2.906,1
2.90625,1
2.9065,1
2.90675,1
2.907,1
2.90725,1
2.9075,1
2.90775,1
2.908,1
2.90825,1
2.9085,1
2.90875,1
2.909,1
2.90925,1
2.9095,1
2.90975,1
2.91,1
2.91025,1
2.9105,1
2.91075,1
2.911,1
2.91125,1
2.9115,1
2.91175,1
2.912,1
2.91225,1
2.9125,1
2.91275,1
2.913,1
2.91325,1
2.9135,1
2.91375,1
2.914,1
2.91425,1
2.9145,1
2.91475,1
2.915,1
2.91525,1
2.9155,1
2.91575,1
2.916,1
2.91625,1
2.9165,1
2.91675,1
2.917,1
2.91725,1
2.9175,1
2.91775,1
2.918,1
2.91825,1
2.9185,1
2.91875,1
2.919,1
2.91925,1
2.9195,1
2.91975,1
2.92,1
2.92025,1
2.9205,1
2.92075,1
2.921,1
2.92125,1
2.9215,1
2.92175,1
2.922,1
2.92225,1
2.9225,1
2.92275,1
2.923,1
2.92325,1
2.9235,1
2.92375,1
2.924,1
2.92425,1
2.9245,1
2.92475,1
2.925,1
2.92525,1
2.9255,1
2.92575,1
2.926,1
2.92625,1
2.9265,1
2.92675,1
2.927,1
2.92725,1
2.9275,1
2.92775,1
2.928,1
2.92825,1
2.9285,1
2.92875,1
2.929,1
2.92925,1
2.9295,1
2.92975,1
2.93,1
2.93025,1
2.9305,1
2.93075,1
2.931,1
2.93125,1
2.9315,1
2.93175,1
2.932,1
2.93225,1
2.9325,1
2.93275,1
2.933,1
2.93325,1
2.9335,1
2.93375,1
2.934,1
2.93425,1
2.9345,1
2.93475,1
2.935,1
2.93525,1
2.9355,1
2.93575,1
2.936,1
2.93625,1
2.9365,1
2.93675,1
2.937,1
2.93725,1
2.9375,1
2.93775,1
2.938,1
2.93825,1
2.9385,1
2.93875,1
2.939,1
2.93925,1
2.9395,1
2.93975,1
2.94,1
2.94025,1
2.9405,1
2.94075,1
2.941,1
2.94125,1
2.9415,1
2.94175,1
2.942,1
2.94225,1
2.9425,1
2.94275,1
2.943,1
2.94325,1
2.9435,1
2.94375,1
2.944,1
2.94425,1
2.9445,1
2.94475,1
2.945,1
2.94525,1
2.9455,1
2.94575,1
2.946,1
2.94625,1
2.9465,1
2.94675,1
2.947,1
2.94725,1
2.9475,1
2.94775,1
2.948,1
2.94825,1
2.9485,1
2.94875,1
2.949,1
2.94925,1
2.9495,1
2.94975,1
2.95,1
2.95025,1
2.9505,1
2.95075,1
2.951,1
2.95125,1
2.9515,1
2.95175,1
2.952,1
2.95225,1
2.9525,1
2.95275,1
2.953,1
2.95325,1
2.9535,1
2.95375,1
2.954,1
2.95425,1
2.9545,1
2.95475,1
2.955,1
2.95525,1
2.9555,1
2.95575,1
2.956,1
2.95625,1
2.9565,1
2.95675,1
2.957,1
2.95725,1
2.9575,1
2.95775,1
2.958,1
2.95825,1
2.9585,1
2.95875,1
2.959,1
2.95925,1
2.9595,1
2.95975,1
2.96,1
2.96025,1
2.9605,1
2.96075,1
2.961,1
2.96125,1
2.9615,1
2.96175,1
2.962,1
2.96225,1
2.9625,1
2.96275,1
2.963,1
2.96325,1
2.9635,1
2.96375,1
2.964,1
2.96425,1
2.9645,1
2.96475,1
2.965,1
2.96525,1
2.9655,1
2.96575,1
2.966,1
2.96625,1
2.9665,1
2.96675,1
2.967,1
2.96725,1
2.9675,1
2.96775,1
2.968,1
2.96825,1
2.9685,1
2.96875,1
2.969,1
2.96925,1
2.9695,1
2.96975,1
2.97,1
2.97025,1
2.9705,1
2.97075,1
2.971,1
2.97125,1
2.9715,1
2.97175,1
2.972,1
2.97225,1
2.9725,1
2.97275,1
2.973,1
2.97325,1
2.9735,1
2.97375,1
2.974,1
2.97425,1
2.9745,1
2.97475,1
2.975,1
2.97525,1
2.9755,1
2.97575,1
2.976,1
2.97625,1
2.9765,1
2.97675,1
2.977,1
2.97725,1
2.9775,1
2.97775,1
2.978,1
2.97825,1
2.9785,1
2.97875,1
2.979,1
2.97925,1
2.9795,1
2.97975,1
2.98,1
2.98025,1
2.9805,1
2.98075,1
2.981,1
2.98125,1
2.9815,1
2.98175,1
2.982,1
2.98225,1
2.9825,1
2.98275,1
2.983,1
2.98325,1
2.9835,1
2.98375,1
2.984,1
2.98425,1
2.9845,1
2.98475,1
2.985,1
2.98525,1
2.9855,1
2.98575,1
2.986,1
2.98625,1
2.9865,1
2.98675,1
2.987,1
2.98725,1
2.9875,1
2.98775,1
2.988,1
2.98825,1
2.9885,1
2.98875,1
2.989,1
2.98925,1
2.9895,1
2.98975,1
2.99,1
2.99025,1
2.9905,1
2.99075,1
2.991,1
2.99125,1
2.9915,1
2.99175,1
2.992,1
2.99225,1
2.9925,1
2.99275,1
2.993,1
2.99325,1
2.9935,1
2.99375,1
2.994,1
2.99425,1
2.9945,1
2.99475,1
2.995,1
2.99525,1
2.9955,1
2.99575,1
2.996,1
2.99625,1
2.9965,1
2.99675,1
2.997,1
2.99725,1
2.9975,1
2.99775,1
2.998,1
2.99825,1
2.9985,1
2.99875,1
2.999,1
2.99925,1
2.9995,1
2.99975,1
3.0,1
3.00025,1
3.0005,1
3.00075,1
3.001,1
3.00125,1
3.0015,1
3.00175,1
3.002,1
3.00225,1
3.0025,1
3.00275,1
3.003,1
3.00325,1
3.0035,1
3.00375,1
3.004,1
3.00425,1
3.0045,1
3.00475,1
3.005,1
3.00525,1
3.0055,1
3.00575,1
3.006,1
3.00625,1
3.0065,1
3.00675,1
3.007,1
3.00725,1
3.0075,1
3.00775,1
3.008,1
3.00825,1
3.0085,1
3.00875,1
3.009,1
3.00925,1
3.0095,1
3.00975,1
3.01,1
3.01025,1
3.0105,1
3.01075,1
3.011,1
3.01125,1
3.0115,1
3.01175,1
3.012,1
3.01225,1
3.0125,1
3.01275,1
3.013,1
3.01325,1
3.0135,1
3.01375,1
3.014,1
3.01425,1
3.0145,1
3.01475,1
3.015,1
3.01525,1
3.0155,1
3.01575,1
3.016,1
3.01625,1
3.0165,1
3.01675,1
3.017,1
3.01725,1
3.0175,1
3.01775,1
3.018,1
3.01825,1
3.0185,1
3.01875,1
3.019,1
3.01925,1
3.0195,1
3.01975,1
3.02,1
3.02025,1
3.0205,1
3.02075,1
3.021,1
3.02125,1
3.0215,1
3.02175,1
3.022,1
3.02225,1
3.0225,1
3.02275,1
3.023,1
3.02325,1
3.0235,1
3.02375,1
3.024,1
3.02425,1
3.0245,1
3.02475,1
3.025,1
3.02525,1
3.0255,1
3.02575,1
3.026,1
3.02625,1
3.0265,1
3.02675,1
3.027,1
3.02725,1
3.0275,1
3.02775,1
3.028,1
3.02825,1
3.0285,1
3.02875,1
3.029,1
3.02925,1
3.0295,1
3.02975,1
3.03,1
3.03025,1
3.0305,1
3.03075,1
3.031,1
3.03125,1
3.0315,1
3.03175,1
3.032,1
3.03225,1
3.0325,1
3.03275,1
3.033,1
3.03325,1
3.0335,1
3.03375,1
3.034,1
3.03425,1
3.0345,1
3.03475,1
3.035,1
3.03525,1
3.0355,1
3.03575,1
3.036,1
3.03625,1
3.0365,1
3.03675,1
3.037,1
3.03725,1
3.0375,1
3.03775,1
3.038,1
3.03825,1
3.0385,1
3.03875,1
3.039,1
3.03925,1
3.0395,1
3.03975,1
3.04,1
3.04025,1
3.0405,1
3.04075,1
3.041,1
3.04125,1
3.0415,1
3.04175,1
3.042,1
3.04225,1
3.0425,1
3.04275,1
3.043,1
3.04325,1
3.0435,1
3.04375,1
3.044,1
3.04425,1
3.0445,1
3.04475,1
3.045,1
3.04525,1
3.0455,1
3.04575,1
3.046,1
3.04625,1
3.0465,1
3.04675,1
3.047,1
3.04725,1
3.0475,1
3.04775,1
3.048,1
3.04825,1
3.0485,1
3.04875,1
3.049,1
3.04925,1
3.0495,1
3.04975,1
3.05,1
3.05025,1
3.0505,1
3.05075,1
3.051,1
3.05125,1
3.0515,1
3.05175,1
3.052,1
3.05225,1
3.0525,1
3.05275,1
3.053,1
3.05325,1
3.0535,1
3.05375,1
3.054,1
3.05425,1
3.0545,1
3.05475,1
3.055,1
3.05525,1
3.0555,1
3.05575,1
3.056,1
3.05625,1
3.0565,1
3.05675,1
3.057,1
3.05725,1
3.0575,1
3.05775,1
3.058,1
3.05825,1
3.0585,1
3.05875,1
3.059,1
3.05925,1
3.0595,1
3.05975,1
3.06,1
3.06025,1
3.0605,1
3.06075,1
3.061,1
3.06125,1
3.0615,1
3.06175,1
3.062,1
3.06225,1
3.0625,1
3.06275,1
3.063,1
3.06325,1
3.0635,1
3.06375,1
3.064,1
3.06425,1
3.0645,1
3.06475,1
3.065,1
3.06525,1
3.0655,1
3.06575,1
3.066,1
3.06625,1
3.0665,1
3.06675,1
3.067,1
3.06725,1
3.0675,1
3.06775,1
3.068,1
3.06825,1
3.0685,1
3.06875,1
3.069,1
3.06925,1
3.0695,1
3.06975,1
3.07,1
3.07025,1
3.0705,1
3.07075,1
3.071,1
3.07125,1
3.0715,1
3.07175,1
3.072,1
3.07225,1
3.0725,1
3.07275,1
3.073,1
3.07325,1
3.0735,1
3.07375,1
3.074,1
3.07425,1
3.0745,1
3.07475,1
3.075,1
3.07525,1
3.0755,1
3.07575,1
3.076,1
3.07625,1
3.0765,1
3.07675,1
3.077,1
3.07725,1
3.0775,1
3.07775,1
3.078,1
3.07825,1
3.0785,1
3.07875,1
3.079,1
3.07925,1
3.0795,1
3.07975,1
3.08,1
3.08025,1
3.0805,1
3.08075,1
3.081,1
3.08125,1
3.0815,1
3.08175,1
3.082,1
3.08225,1
3.0825,1
3.08275,1
3.083,1
3.08325,1
3.0835,1
3.08375,1
3.084,1
3.08425,1
3.0845,1
3.08475,1
3.085,1
3.08525,1
3.0855,1
3.08575,1
3.086,1
3.08625,1
3.0865,1
3.08675,1
3.087,1
3.08725,1
3.0875,1
3.08775,1
3.088,1
3.08825,1
3.0885,1
3.08875,1
3.089,1
3.08925,1
3.0895,1
3.08975,1
3.09,1
3.09025,1
3.0905,1
3.09075,1
3.091,1
3.09125,1
3.0915,1
3.09175,1
3.092,1
3.09225,1
3.0925,1
3.09275,1
3.093,1
3.09325,1
3.0935,1
3.09375,1
3.094,1
3.09425,1
3.0945,1
3.09475,1
3.095,1
3.09525,1
3.0955,1
3.09575,1
3.096,1
3.09625,1
3.0965,1
3.09675,1
3.097,1
3.09725,1
3.0975,1
3.09775,1
3.098,1
3.09825,1
3.0985,1
3.09875,1
3.099,1
3.09925,1
3.0995,1
3.09975,1
3.1,1
3.10025,1
3.1005,1
3.10075,1
3.101,1
3.10125,1
3.1015,1
3.10175,1
3.102,1
3.10225,1
3.1025,1
3.10275,1
3.103,1
3.10325,1
3.1035,1
3.10375,1
3.104,1
3.10425,1
3.1045,1
3.10475,1
3.105,1
3.10525,1
3.1055,1
3.10575,1
3.106,1
3.10625,1
3.1065,1
3.10675,1
3.107,1
3.10725,1
3.1075,1
3.10775,1
3.108,1
3.10825,1
3.1085,1
3.10875,1
3.109,1
3.10925,1
3.1095,1
3.10975,1
3.11,1
3.11025,1
3.1105,1
3.11075,1
3.111,1
3.11125,1
3.1115,1
3.11175,1
3.112,1
3.11225,1
3.1125,1
3.11275,1
3.113,1
3.11325,1
3.1135,1
3.11375,1
3.114,1
3.11425,1
3.1145,1
3.11475,1
3.115,1
3.11525,1
3.1155,1
3.11575,1
3.116,1
3.11625,1
3.1165,1
3.11675,1
3.117,1
3.11725,1
3.1175,1
3.11775,1
3.118,1
3.11825,1
3.1185,1
3.11875,1
3.119,1
3.11925,1
3.1195,1
3.11975,1
3.12,1
3.12025,1
3.1205,1
3.12075,1
3.121,1
3.12125,1
3.1215,1
3.12175,1
3.122,1
3.12225,1
3.1225,1
3.12275,1
3.123,1
3.12325,1
3.1235,1
3.12375,1
3.124,1
3.12425,1
3.1245,1
3.12475,1
3.125,1
3.12525,1
3.1255,1
3.12575,1
3.126,1
3.12625,1
3.1265,1
3.12675,1
3.127,1
3.12725,1
3.1275,1
3.12775,1
3.128,1
3.12825,1
3.1285,1
3.12875,1
3.129,1
3.12925,1
3.1295,1
3.12975,1
3.13,1
3.13025,1
3.1305,1
3.13075,1
3.131,1
3.13125,1
3.1315,1
3.13175,1
3.132,1
3.13225,1
3.1325,1
3.13275,1
3.133,1
3.13325,1
3.1335,1
3.13375,1
3.134,1
3.13425,1
3.1345,1
3.13475,1
3.135,1
3.13525,1
3.1355,1
3.13575,1
3.136,1
3.13625,1
3.1365,1
3.13675,1
3.137,1
3.13725,1
3.1375,1
3.13775,1
3.138,1
3.13825,1
3.1385,1
3.13875,1
3.139,1
3.13925,1
3.1395,1
3.13975,1
3.14,1
3.14025,1
3.1405,1
3.14075,1
3.141,1
3.14125,1
3.1415,1
3.14175,1
3.142,1
3.14225,1
3.1425,1
3.14275,1
3.143,1
3.14325,1
3.1435,1
3.14375,1
3.144,1
3.14425,1
3.1445,1
3.14475,1
3.145,1
3.14525,1
3.1455,1
3.14575,1
3.146,1
3.14625,1
3.1465,1
3.14675,1
3.147,1
3.14725,1
3.1475,1
3.14775,1
3.148,1
3.14825,1
3.1485,1
3.14875,1
3.149,1
3.14925,1
3.1495,1
3.14975,1
3.15,1
3.15025,1
3.1505,1
3.15075,1
3.151,1
3.15125,1
3.1515,1
3.15175,1
3.152,1
3.15225,1
3.1525,1
3.15275,1
3.153,1
3.15325,1
3.1535,1
3.15375,1
3.154,1
3.15425,1
3.1545,1
3.15475,1
3.155,1
3.15525,1
3.1555,1
3.15575,1
3.156,1
3.15625,1
3.1565,1
3.15675,1
3.157,1
3.15725,1
3.1575,1
3.15775,1
3.158,1
3.15825,1
3.1585,1
3.15875,1
3.159,1
3.15925,1
3.1595,1
3.15975,1
3.16,1
3.16025,1
3.1605,1
3.16075,1
3.161,1
3.16125,1
3.1615,1
3.16175,1
3.162,1
3.16225,1
3.1625,1
3.16275,1
3.163,1
3.16325,1
3.1635,1
3.16375,1
3.164,1
3.16425,1
3.1645,1
3.16475,1
3.165,1
3.16525,1
3.1655,1
3.16575,1
3.166,1
3.16625,1
3.1665,1
3.16675,1
3.167,1
3.16725,1
3.1675,1
3.16775,1
3.168,1
3.16825,1
3.1685,1
3.16875,1
3.169,1
3.16925,1
3.1695,1
3.16975,1
3.17,1
3.17025,1
3.1705,1
3.17075,1
3.171,1
3.17125,1
3.1715,1
3.17175,1
3.172,1
3.17225,1
3.1725,1
3.17275,1
3.173,1
3.17325,1
3.1735,1
3.17375,1
3.174,1
3.17425,1
3.1745,1
3.17475,1
3.175,1
3.17525,1
3.1755,1
3.17575,1
3.176,1
3.17625,1
3.1765,1
3.17675,1
3.177,1
3.17725,1
3.1775,1
3.17775,1
3.178,1
3.17825,1
3.1785,1
3.17875,1
3.179,1
3.17925,1
3.1795,1
3.17975,1
3.18,1
3.18025,1
3.1805,1
3.18075,1
3.181,1
3.18125,1
3.1815,1
3.18175,1
3.182,1
3.18225,1
3.1825,1
3.18275,1
3.183,1
3.18325,1
3.1835,1
3.18375,1
3.184,1
3.18425,1
3.1845,1
3.18475,1
3.185,1
3.18525,1
3.1855,1
3.18575,1
3.186,1
3.18625,1
3.1865,1
3.18675,1
3.187,1
3.18725,1
3.1875,1
3.18775,1
3.188,1
3.18825,1
3.1885,1
3.18875,1
3.189,1
3.18925,1
3.1895,1
3.18975,1
3.19,1
3.19025,1
3.1905,1
3.19075,1
3.191,1
3.19125,1
3.1915,1
3.19175,1
3.192,1
3.19225,1
3.1925,1
3.19275,1
3.193,1
3.19325,1
3.1935,1
3.19375,1
3.194,1
3.19425,1
3.1945,1
3.19475,1
3.195,1
3.19525,1
3.1955,1
3.19575,1
3.196,1
3.19625,1
3.1965,1
3.19675,1
3.197,1
3.19725,1
3.1975,1
3.19775,1
3.198,1
3.19825,1
3.1985,1
3.19875,1
3.199,1
3.19925,1
3.1995,1
3.19975,1
3.2,1
3.20025,1
3.2005,1
3.20075,1
3.201,1
3.20125,1
3.2015,1
3.20175,1
3.202,1
3.20225,1
3.2025,1
3.20275,1
3.203,1
3.20325,1
3.2035,1
3.20375,1
3.204,1
3.20425,1
3.2045,1
3.20475,1
3.205,1
3.20525,1
3.2055,1
3.20575,1
3.206,1
3.20625,1
3.2065,1
3.20675,1
3.207,1
3.20725,1
3.2075,1
3.20775,1
3.208,1
3.20825,1
3.2085,1
3.20875,1
3.209,1
3.20925,1
3.2095,1
3.20975,1
3.21,1
3.21025,1
3.2105,1
3.21075,1
3.211,1
3.21125,1
3.2115,1
3.21175,1
3.212,1
3.21225,1
3.2125,1
3.21275,1
3.213,1
3.21325,1
3.2135,1
3.21375,1
3.214,1
3.21425,1
3.2145,1
3.21475,1
3.215,1
3.21525,1
3.2155,1
3.21575,1
3.216,1
3.21625,1
3.2165,1
3.21675,1
3.217,1
3.21725,1
3.2175,1
3.21775,1
3.218,1
3.21825,1
3.2185,1
3.21875,1
3.219,1
3.21925,1
3.2195,1
3.21975,1
3.22,1
3.22025,1
3.2205,1
3.22075,1
3.221,1
3.22125,1
3.2215,1
3.22175,1
3.222,1
3.22225,1
3.2225,1
3.22275,1
3.223,1
3.22325,1
3.2235,1
3.22375,1
3.224,1
3.22425,1
3.2245,1
3.22475,1
3.225,1
3.22525,1
3.2255,1
3.22575,1
3.226,1
3.22625,1
3.2265,1
3.22675,1
3.227,1
3.22725,1
3.2275,1
3.22775,1
3.228,1
3.22825,1
3.2285,1
3.22875,1
3.229,1
3.22925,1
3.2295,1
3.22975,1
3.23,1
3.23025,1
3.2305,1
3.23075,1
3.231,1
3.23125,1
3.2315,1
3.23175,1
3.232,1
3.23225,1
3.2325,1
3.23275,1
3.233,1
3.23325,1
3.2335,1
3.23375,1
3.234,1
3.23425,1
3.2345,1
3.23475,1
3.235,1
3.23525,1
3.2355,1
3.23575,1
3.236,1
3.23625,1
3.2365,1
3.23675,1
3.237,1
3.23725,1
3.2375,1
3.23775,1
3.238,1
3.23825,1
3.2385,1
3.23875,1
3.239,1
3.23925,1
3.2395,1
3.23975,1
3.24,1
3.24025,1
3.2405,1
3.24075,1
3.241,1
3.24125,1
3.2415,1
3.24175,1
3.242,1
3.24225,1
3.2425,1
3.24275,1
3.243,1
3.24325,1
3.2435,1
3.24375,1
3.244,1
3.24425,1
3.2445,1
3.24475,1
3.245,1
3.24525,1
3.2455,1
3.24575,1
3.246,1
3.24625,1
3.2465,1
3.24675,1
3.247,1
3.24725,1
3.2475,1
3.24775,1
3.248,1
3.24825,1
3.2485,1
3.24875,1
3.249,1
3.24925,1
3.2495,1
3.24975,1
3.25,1
3.25025,1
3.2505,1
3.25075,1
3.251,1
3.25125,1
3.2515,1
3.25175,1
3.252,1
3.25225,1
3.2525,1
3.25275,1
3.253,1
3.25325,1
3.2535,1
3.25375,1
3.254,1
3.25425,1
3.2545,1
3.25475,1
3.255,1
3.25525,1
3.2555,1
3.25575,1
3.256,1
3.25625,1
3.2565,1
3.25675,1
3.257,1
3.25725,1
3.2575,1
3.25775,1
3.258,1
3.25825,1
3.2585,1
3.25875,1
3.259,1
3.25925,1
3.2595,1
3.25975,1
3.26,1
3.26025,1
3.2605,1
3.26075,1
3.261,1
3.26125,1
3.2615,1
3.26175,1
3.262,1
3.26225,1
3.2625,1
3.26275,1
3.263,1
3.26325,1
3.2635,1
3.26375,1
3.264,1
3.26425,1
3.2645,1
3.26475,1
3.265,1
3.26525,1
3.2655,1
3.26575,1
3.266,1
3.26625,1
3.2665,1
3.26675,1
3.267,1
3.26725,1
3.2675,1
3.26775,1
3.268,1
3.26825,1
3.2685,1
3.26875,1
3.269,1
3.26925,1
3.2695,1
3.26975,1
3.27,1
3.27025,1
3.2705,1
3.27075,1
3.271,1
3.27125,1
3.2715,1
3.27175,1
3.272,1
3.27225,1
3.2725,1
3.27275,1
3.273,1
3.27325,1
3.2735,1
3.27375,1
3.274,1
3.27425,1
3.2745,1
3.27475,1
3.275,1
3.27525,1
3.2755,1
3.27575,1
3.276,1
3.27625,1
3.2765,1
3.27675,1
3.277,1
3.27725,1
3.2775,1
3.27775,1
3.278,1
3.27825,1
3.2785,1
3.27875,1
3.279,1
3.27925,1
3.2795,1
3.27975,1
3.28,1
3.28025,1
3.2805,1
3.28075,1
3.281,1
3.28125,1
3.2815,1
3.28175,1
3.282,1
3.28225,1
3.2825,1
3.28275,1
3.283,1
3.28325,1
3.2835,1
3.28375,1
3.284,1
3.28425,1
3.2845,1
3.28475,1
3.285,1
3.28525,1
3.2855,1
3.28575,1
3.286,1
3.28625,1
3.2865,1
3.28675,1
3.287,1
3.28725,1
3.2875,1
3.28775,1
3.288,1
3.28825,1
3.2885,1
3.28875,1
3.289,1
3.28925,1
3.2895,1
3.28975,1
3.29,1
3.29025,1
3.2905,1
3.29075,1
3.291,1
3.29125,1
3.2915,1
3.29175,1
3.292,1
3.29225,1
3.2925,1
3.29275,1
3.293,1
3.29325,1
3.2935,1
3.29375,1
3.294,1
3.29425,1
3.2945,1
3.29475,1
3.295,1
3.29525,1
3.2955,1
3.29575,1
3.296,1
3.29625,1
3.2965,1
3.29675,1
3.297,1
3.29725,1
3.2975,1
3.29775,1
3.298,1
3.29825,1
3.2985,1
3.29875,1
3.299,1
3.29925,1
3.2995,1
3.29975,1
3.3,1
3.30025,1
3.3005,1
3.30075,1
3.301,1
3.30125,1
3.3015,1
3.30175,1
3.302,1
3.30225,1
3.3025,1
3.30275,1
3.303,1
3.30325,1
3.3035,1
3.30375,1
3.304,1
3.30425,1
3.3045,1
3.30475,1
3.305,1
3.30525,1
3.3055,1
3.30575,1
3.306,1
3.30625,1
3.3065,1
3.30675,1
3.307,1
3.30725,1
3.3075,1
3.30775,1
3.308,1
3.30825,1
3.3085,1
3.30875,1
3.309,1
3.30925,1
3.3095,1
3.30975,1
3.31,1
3.31025,1
3.3105,1
3.31075,1
3.311,1
3.31125,1
3.3115,1
3.31175,1
3.312,1
3.31225,1
3.3125,1
3.31275,1
3.313,1
3.31325,1
3.3135,1
3.31375,1
3.314,1
3.31425,1
3.3145,1
3.31475,1
3.315,1
3.31525,1
3.3155,1
3.31575,1
3.316,1
3.31625,1
3.3165,1
3.31675,1
3.317,1
3.31725,1
3.3175,1
3.31775,1
3.318,1
3.31825,1
3.3185,1
3.31875,1
3.319,1
3.31925,1
3.3195,1
3.31975,1
3.32,1
3.32025,1
3.3205,1
3.32075,1
3.321,1
3.32125,1
3.3215,1
3.32175,1
3.322,1
3.32225,1
3.3225,1
3.32275,1
3.323,1
3.32325,1
3.3235,1
3.32375,1
3.324,1
3.32425,1
3.3245,1
3.32475,1
3.325,1
3.32525,1
3.3255,1
3.32575,1
3.326,1
3.32625,1
3.3265,1
3.32675,1
3.327,1
3.32725,1
3.3275,1
3.32775,1
3.328,1
3.32825,1
3.3285,1
3.32875,1
3.329,1
3.32925,1
3.3295,1
3.32975,1
3.33,1
3.33025,1
3.3305,1
3.33075,1
3.331,1
3.33125,1
3.3315,1
3.33175,1
3.332,1
3.33225,1
3.3325,1
3.33275,1
3.333,1
3.33325,1
3.3335,1
3.33375,1
3.334,1
3.33425,1
3.3345,1
3.33475,1
3.335,1
3.33525,1
3.3355,1
3.33575,1
3.336,1
3.33625,1
3.3365,1
3.33675,1
3.337,1
3.33725,1
3.3375,1
3.33775,1
3.338,1
3.33825,1
3.3385,1
3.33875,1
3.339,1
3.33925,1
3.3395,1
3.33975,1
3.34,1
3.34025,1
3.3405,1
3.34075,1
3.341,1
3.34125,1
3.3415,1
3.34175,1
3.342,1
3.34225,1
3.3425,1
3.34275,1
3.343,1
3.34325,1
3.3435,1
3.34375,1
3.344,1
3.34425,1
3.3445,1
3.34475,1
3.345,1
3.34525,1
3.3455,1
3.34575,1
3.346,1
3.34625,1
3.3465,1
3.34675,1
3.347,1
3.34725,1
3.3475,1
3.34775,1
3.348,1
3.34825,1
3.3485,1
3.34875,1
3.349,1
3.34925,1
3.3495,1
3.34975,1
3.35,1
3.35025,1
3.3505,1
3.35075,1
3.351,1
3.35125,1
3.3515,1
3.35175,1
3.352,1
3.35225,1
3.3525,1
3.35275,1
3.353,1
3.35325,1
3.3535,1
3.35375,1
3.354,1
3.35425,1
3.3545,1
3.35475,1
3.355,1
3.35525,1
3.3555,1
3.35575,1
3.356,1
3.35625,1
3.3565,1
3.35675,1
3.357,1
3.35725,1
3.3575,1
3.35775,1
3.358,1
3.35825,1
3.3585,1
3.35875,1
3.359,1
3.35925,1
3.3595,1
3.35975,1
3.36,1
3.36025,1
3.3605,1
3.36075,1
3.361,1
3.36125,1
3.3615,1
3.36175,1
3.362,1
3.36225,1
3.3625,1
3.36275,1
3.363,1
3.36325,1
3.3635,1
3.36375,1
3.364,1
3.36425,1
3.3645,1
3.36475,1
3.365,1
3.36525,1
3.3655,1
3.36575,1
3.366,1
3.36625,1
3.3665,1
3.36675,1
3.367,1
3.36725,1
3.3675,1
3.36775,1
3.368,1
3.36825,1
3.3685,1
3.36875,1
3.369,1
3.36925,1
3.3695,1
3.36975,1
3.37,1
3.37025,1
3.3705,1
3.37075,1
3.371,1
3.37125,1
3.3715,1
3.37175,1
3.372,1
3.37225,1
3.3725,1
3.37275,1
3.373,1
3.37325,1
3.3735,1
3.37375,1
3.374,1
3.37425,1
3.3745,1
3.37475,1
3.375,1
3.37525,1
3.3755,1
3.37575,1
3.376,1
3.37625,1
3.3765,1
3.37675,1
3.377,1
3.37725,1
3.3775,1
3.37775,1
3.378,1
3.37825,1
3.3785,1
3.37875,1
3.379,1
3.37925,1
3.3795,1
3.37975,1
3.38,1
3.38025,1
3.3805,1
3.38075,1
3.381,1
3.38125,1
3.3815,1
3.38175,1
3.382,1
3.38225,1
3.3825,1
3.38275,1
3.383,1
3.38325,1
3.3835,1
3.38375,1
3.384,1
3.38425,1
3.3845,1
3.38475,1
3.385,1
3.38525,1
3.3855,1
3.38575,1
3.386,1
3.38625,1
3.3865,1
3.38675,1
3.387,1
3.38725,1
3.3875,1
3.38775,1
3.388,1
3.38825,1
3.3885,1
3.38875,1
3.389,1
3.38925,1
3.3895,1
3.38975,1
3.39,1
3.39025,1
3.3905,1
3.39075,1
3.391,1
3.39125,1
3.3915,1
3.39175,1
3.392,1
3.39225,1
3.3925,1
3.39275,1
3.393,1
3.39325,1
3.3935,1
3.39375,1
3.394,1
3.39425,1
3.3945,1
3.39475,1
3.395,1
3.39525,1
3.3955,1
3.39575,1
3.396,1
3.39625,1
3.3965,1
3.39675,1
3.397,1
3.39725,1
3.3975,1
3.39775,1
3.398,1
3.39825,1
3.3985,1
3.39875,1
3.399,1
3.39925,1
3.3995,1
3.39975,1
3.4,1
3.40025,1
3.4005,1
3.40075,1
3.401,1
3.40125,1
3.4015,1
3.40175,1
3.402,1
3.40225,1
3.4025,1
3.40275,1
3.403,1
3.40325,1
3.4035,1
3.40375,1
3.404,1
3.40425,1
3.4045,1
3.40475,1
3.405,1
3.40525,1
3.4055,1
3.40575,1
3.406,1
3.40625,1
3.4065,1
3.40675,1
3.407,1
3.40725,1
3.4075,1
3.40775,1
3.408,1
3.40825,1
3.4085,1
3.40875,1
3.409,1
3.40925,1
3.4095,1
3.40975,1
3.41,1
3.41025,1
3.4105,1
3.41075,1
3.411,1
3.41125,1
3.4115,1
3.41175,1
3.412,1
3.41225,1
3.4125,1
3.41275,1
3.413,1
3.41325,1
3.4135,1
3.41375,1
3.414,1
3.41425,1
3.4145,1
3.41475,1
3.415,1
3.41525,1
3.4155,1
3.41575,1
3.416,1
3.41625,1
3.4165,1
3.41675,1
3.417,1
3.41725,1
3.4175,1
3.41775,1
3.418,1
3.41825,1
3.4185,1
3.41875,1
3.419,1
3.41925,1
3.4195,1
3.41975,1
3.42,1
3.42025,1
3.4205,1
3.42075,1
3.421,1
3.42125,1
3.4215,1
3.42175,1
3.422,1
3.42225,1
3.4225,1
3.42275,1
3.423,1
3.42325,1
3.4235,1
3.42375,1
3.424,1
3.42425,1
3.4245,1
3.42475,1
3.425,1
3.42525,1
3.4255,1
3.42575,1
3.426,1
3.42625,1
3.4265,1
3.42675,1
3.427,1
3.42725,1
3.4275,1
3.42775,1
3.428,1
3.42825,1
3.4285,1
3.42875,1
3.429,1
3.42925,1
3.4295,1
3.42975,1
3.43,1
3.43025,1
3.4305,1
3.43075,1
3.431,1
3.43125,1
3.4315,1
3.43175,1
3.432,1
3.43225,1
3.4325,1
3.43275,1
3.433,1
3.43325,1
3.4335,1
3.43375,1
3.434,1
3.43425,1
3.4345,1
3.43475,1
3.435,1
3.43525,1
3.4355,1
3.43575,1
3.436,1
3.43625,1
3.4365,1
3.43675,1
3.437,1
3.43725,1
3.4375,1
3.43775,1
3.438,1
3.43825,1
3.4385,1
3.43875,1
3.439,1
3.43925,1
3.4395,1
3.43975,1
3.44,1
3.44025,1
3.4405,1
3.44075,1
3.441,1
3.44125,1
3.4415,1
3.44175,1
3.442,1
3.44225,1
3.4425,1
3.44275,1
3.443,1
3.44325,1
3.4435,1
3.44375,1
3.444,1
3.44425,1
3.4445,1
3.44475,1
3.445,1
3.44525,1
3.4455,1
3.44575,1
3.446,1
3.44625,1
3.4465,1
3.44675,1
3.447,1
3.44725,1
3.4475,1
3.44775,1
3.448,1
3.44825,1
3.4485,1
3.44875,1
3.449,1
3.44925,1
3.4495,1
3.44975,1
3.45,1
3.45025,1
3.4505,1
3.45075,1
3.451,1
3.45125,1
3.4515,1
3.45175,1
3.452,1
3.45225,1
3.4525,1
3.45275,1
3.453,1
3.45325,1
3.4535,1
3.45375,1
3.454,1
3.45425,1
3.4545,1
3.45475,1
3.455,1
3.45525,1
3.4555,1
3.45575,1
3.456,1
3.45625,1
3.4565,1
3.45675,1
3.457,1
3.45725,1
3.4575,1
3.45775,1
3.458,1
3.45825,1
3.4585,1
3.45875,1
3.459,1
3.45925,1
3.4595,1
3.45975,1
3.46,1
3.46025,1
3.4605,1
3.46075,1
3.461,1
3.46125,1
3.4615,1
3.46175,1
3.462,1
3.46225,1
3.4625,1
3.46275,1
3.463,1
3.46325,1
3.4635,1
3.46375,1
3.464,1
3.46425,1
3.4645,1
3.46475,1
3.465,1
3.46525,1
3.4655,1
3.46575,1
3.466,1
3.46625,1
3.4665,1
3.46675,1
3.467,1
3.46725,1
3.4675,1
3.46775,1
3.468,1
3.46825,1
3.4685,1
3.46875,1
3.469,1
3.46925,1
3.4695,1
3.46975,1
3.47,1
3.47025,1
3.4705,1
3.47075,1
3.471,1
3.47125,1
3.4715,1
3.47175,1
3.472,1
3.47225,1
3.4725,1
3.47275,1
3.473,1
3.47325,1
3.4735,1
3.47375,1
3.474,1
3.47425,1
3.4745,1
3.47475,1
3.475,1
3.47525,1
3.4755,1
3.47575,1
3.476,1
3.47625,1
3.4765,1
3.47675,1
3.477,1
3.47725,1
3.4775,1
3.47775,1
3.478,1
3.47825,1
3.4785,1
3.47875,1
3.479,1
3.47925,1
3.4795,1
3.47975,1
3.48,1
3.48025,1
3.4805,1
3.48075,1
3.481,1
3.48125,1
3.4815,1
3.48175,1
3.482,1
3.48225,1
3.4825,1
3.48275,1
3.483,1
3.48325,1
3.4835,1
3.48375,1
3.484,1
3.48425,1
3.4845,1
3.48475,1
3.485,1
3.48525,1
3.4855,1
3.48575,1
3.486,1
3.48625,1
3.4865,1
3.48675,1
3.487,1
3.48725,1
3.4875,1
3.48775,1
3.488,1
3.48825,1
3.4885,1
3.48875,1
3.489,1
3.48925,1
3.4895,1
3.48975,1
3.49,1
3.49025,1
3.4905,1
3.49075,1
3.491,1
3.49125,1
3.4915,1
3.49175,1
3.492,1
3.49225,1
3.4925,1
3.49275,1
3.493,1
3.49325,1
3.4935,1
3.49375,1
3.494,1
3.49425,1
3.4945,1
3.49475,1
3.495,1
3.49525,1
3.4955,1
3.49575,1
3.496,1
3.49625,1
3.4965,1
3.49675,1
3.497,1
3.49725,1
3.4975,1
3.49775,1
3.498,1
3.49825,1
3.4985,1
3.49875,1
3.499,1
3.49925,1
3.4995,1
3.49975,1
3.5,1
3.50025,1
3.5005,1
3.50075,1
3.501,1
3.50125,1
3.5015,1
3.50175,1
3.502,1
3.50225,1
3.5025,1
3.50275,1
3.503,1
3.50325,1
3.5035,1
3.50375,1
3.504,1
3.50425,1
3.5045,1
3.50475,1
3.505,1
3.50525,1
3.5055,1
3.50575,1
3.506,1
3.50625,1
3.5065,1
3.50675,1
3.507,1
3.50725,1
3.5075,1
3.50775,1
3.508,1
3.50825,1
3.5085,1
3.50875,1
3.509,1
3.50925,1
3.5095,1
3.50975,1
3.51,1
3.51025,1
3.5105,1
3.51075,1
3.511,1
3.51125,1
3.5115,1
3.51175,1
3.512,1
3.51225,1
3.5125,1
3.51275,1
3.513,1
3.51325,1
3.5135,1
3.51375,1
3.514,1
3.51425,1
3.5145,1
3.51475,1
3.515,1
3.51525,1
3.5155,1
3.51575,1
3.516,1
3.51625,1
3.5165,1
3.51675,1
3.517,1
3.51725,1
3.5175,1
3.51775,1
3.518,1
3.51825,1
3.5185,1
3.51875,1
3.519,1
3.51925,1
3.5195,1
3.51975,1
3.52,1
3.52025,1
3.5205,1
3.52075,1
3.521,1
3.52125,1
3.5215,1
3.52175,1
3.522,1
3.52225,1
3.5225,1
3.52275,1
3.523,1
3.52325,1
3.5235,1
3.52375,1
3.524,1
3.52425,1
3.5245,1
3.52475,1
3.525,1
3.52525,1
3.5255,1
3.52575,1
3.526,1
3.52625,1
3.5265,1
3.52675,1
3.527,1
3.52725,1
3.5275,1
3.52775,1
3.528,1
3.52825,1
3.5285,1
3.52875,1
3.529,1
3.52925,1
3.5295,1
3.52975,1
3.53,1
3.53025,1
3.5305,1
3.53075,1
3.531,1
3.53125,1
3.5315,1
3.53175,1
3.532,1
3.53225,1
3.5325,1
3.53275,1
3.533,1
3.53325,1
3.5335,1
3.53375,1
3.534,1
3.53425,1
3.5345,1
3.53475,1
3.535,1
3.53525,1
3.5355,1
3.53575,1
3.536,1
3.53625,1
3.5365,1
3.53675,1
3.537,1
3.53725,1
3.5375,1
3.53775,1
3.538,1
3.53825,1
3.5385,1
3.53875,1
3.539,1
3.53925,1
3.5395,1
3.53975,1
3.54,1
3.54025,1
3.5405,1
3.54075,1
3.541,1
3.54125,1
3.5415,1
3.54175,1
3.542,1
3.54225,1
3.5425,1
3.54275,1
3.543,1
3.54325,1
3.5435,1
3.54375,1
3.544,1
3.54425,1
3.5445,1
3.54475,1
3.545,1
3.54525,1
3.5455,1
3.54575,1
3.546,1
3.54625,1
3.5465,1
3.54675,1
3.547,1
3.54725,1
3.5475,1
3.54775,1
3.548,1
3.54825,1
3.5485,1
3.54875,1
3.549,1
3.54925,1
3.5495,1
3.54975,1
3.55,1
3.55025,1
3.5505,1
3.55075,1
3.551,1
3.55125,1
3.5515,1
3.55175,1
3.552,1
3.55225,1
3.5525,1
3.55275,1
3.553,1
3.55325,1
3.5535,1
3.55375,1
3.554,1
3.55425,1
3.5545,1
3.55475,1
3.555,1
3.55525,1
3.5555,1
3.55575,1
3.556,1
3.55625,1
3.5565,1
3.55675,1
3.557,1
3.55725,1
3.5575,1
3.55775,1
3.558,1
3.55825,1
3.5585,1
3.55875,1
3.559,1
3.55925,1
3.5595,1
3.55975,1
3.56,1
3.56025,1
3.5605,1
3.56075,1
3.561,1
3.56125,1
3.5615,1
3.56175,1
3.562,1
3.56225,1
3.5625,1
3.56275,1
3.563,1
3.56325,1
3.5635,1
3.56375,1
3.564,1
3.56425,1
3.5645,1
3.56475,1
3.565,1
3.56525,1
3.5655,1
3.56575,1
3.566,1
3.56625,1
3.5665,1
3.56675,1
3.567,1
3.56725,1
3.5675,1
3.56775,1
3.568,1
3.56825,1
3.5685,1
3.56875,1
3.569,1
3.56925,1
3.5695,1
3.56975,1
3.57,1
3.57025,1
3.5705,1
3.57075,1
3.571,1
3.57125,1
3.5715,1
3.57175,1
3.572,1
3.57225,1
3.5725,1
3.57275,1
3.573,1
3.57325,1
3.5735,1
3.57375,1
3.574,1
3.57425,1
3.5745,1
3.57475,1
3.575,1
3.57525,1
3.5755,1
3.57575,1
3.576,1
3.57625,1
3.5765,1
3.57675,1
3.577,1
3.57725,1
3.5775,1
3.57775,1
3.578,1
3.57825,1
3.5785,1
3.57875,1
3.579,1
3.57925,1
3.5795,1
3.57975,1
3.58,1
3.58025,1
3.5805,1
3.58075,1
3.581,1
3.58125,1
3.5815,1
3.58175,1
3.582,1
3.58225,1
3.5825,1
3.58275,1
3.583,1
3.58325,1
3.5835,1
3.58375,1
3.584,1
3.58425,1
3.5845,1
3.58475,1
3.585,1
3.58525,1
3.5855,1
3.58575,1
3.586,1
3.58625,1
3.5865,1
3.58675,1
3.587,1
3.58725,1
3.5875,1
3.58775,1
3.588,1
3.58825,1
3.5885,1
3.58875,1
3.589,1
3.58925,1
3.5895,1
3.58975,1
3.59,1
3.59025,1
3.5905,1
3.59075,1
3.591,1
3.59125,1
3.5915,1
3.59175,1
3.592,1
3.59225,1
3.5925,1
3.59275,1
3.593,1
3.59325,1
3.5935,1
3.59375,1
3.594,1
3.59425,1
3.5945,1
3.59475,1
3.595,1
3.59525,1
3.5955,1
3.59575,1
3.596,1
3.59625,1
3.5965,1
3.59675,1
3.597,1
3.59725,1
3.5975,1
3.59775,1
3.598,1
3.59825,1
3.5985,1
3.59875,1
3.599,1
3.59925,1
3.5995,1
3.59975,1
3.6,1
3.60025,1
3.6005,1
3.60075,1
3.601,1
3.60125,1
3.6015,1
3.60175,1
3.602,1
3.60225,1
3.6025,1
3.60275,1
3.603,1
3.60325,1
3.6035,1
3.60375,1
3.604,1
3.60425,1
3.6045,1
3.60475,1
3.605,1
3.60525,1
3.6055,1
3.60575,1
3.606,1
3.60625,1
3.6065,1
3.60675,1
3.607,1
3.60725,1
3.6075,1
3.60775,1
3.608,1
3.60825,1
3.6085,1
3.60875,1
3.609,1
3.60925,1
3.6095,1
3.60975,1
3.61,1
3.61025,1
3.6105,1
3.61075,1
3.611,1
3.61125,1
3.6115,1
3.61175,1
3.612,1
3.61225,1
3.6125,1
3.61275,1
3.613,1
3.61325,1
3.6135,1
3.61375,1
3.614,1
3.61425,1
3.6145,1
3.61475,1
3.615,1
3.61525,1
3.6155,1
3.61575,1
3.616,1
3.61625,1
3.6165,1
3.61675,1
3.617,1
3.61725,1
3.6175,1
3.61775,1
3.618,1
3.61825,1
3.6185,1
3.61875,1
3.619,1
3.61925,1
3.6195,1
3.61975,1
3.62,1
3.62025,1
3.6205,1
3.62075,1
3.621,1
3.62125,1
3.6215,1
3.62175,1
3.622,1
3.62225,1
3.6225,1
3.62275,1
3.623,1
3.62325,1
3.6235,1
3.62375,1
3.624,1
3.62425,1
3.6245,1
3.62475,1
3.625,1
3.62525,1
3.6255,1
3.62575,1
3.626,1
3.62625,1
3.6265,1
3.62675,1
3.627,1
3.62725,1
3.6275,1
3.62775,1
3.628,1
3.62825,1
3.6285,1
3.62875,1
3.629,1
3.62925,1
3.6295,1
3.62975,1
3.63,1
3.63025,1
3.6305,1
3.63075,1
3.631,1
3.63125,1
3.6315,1
3.63175,1
3.632,1
3.63225,1
3.6325,1
3.63275,1
3.633,1
3.63325,1
3.6335,1
3.63375,1
3.634,1
3.63425,1
3.6345,1
3.63475,1
3.635,1
3.63525,1
3.6355,1
3.63575,1
3.636,1
3.63625,1
3.6365,1
3.63675,1
3.637,1
3.63725,1
3.6375,1
3.63775,1
3.638,1
3.63825,1
3.6385,1
3.63875,1
3.639,1
3.63925,1
3.6395,1
3.63975,1
3.64,1
3.64025,1
3.6405,1
3.64075,1
3.641,1
3.64125,1
3.6415,1
3.64175,1
3.642,1
3.64225,1
3.6425,1
3.64275,1
3.643,1
3.64325,1
3.6435,1
3.64375,1
3.644,1
3.64425,1
3.6445,1
3.64475,1
3.645,1
3.64525,1
3.6455,1
3.64575,1
3.646,1
3.64625,1
3.6465,1
3.64675,1
3.647,1
3.64725,1
3.6475,1
3.64775,1
3.648,1
3.64825,1
3.6485,1
3.64875,1
3.649,1
3.64925,1
3.6495,1
3.64975,1
3.65,1
3.65025,1
3.6505,1
3.65075,1
3.651,1
3.65125,1
3.6515,1
3.65175,1
3.652,1
3.65225,1
3.6525,1
3.65275,1
3.653,1
3.65325,1
3.6535,1
3.65375,1
3.654,1
3.65425,1
3.6545,1
3.65475,1
3.655,1
3.65525,1
3.6555,1
3.65575,1
3.656,1
3.65625,1
3.6565,1
3.65675,1
3.657,1
3.65725,1
3.6575,1
3.65775,1
3.658,1
3.65825,1
3.6585,1
3.65875,1
3.659,1
3.65925,1
3.6595,1
3.65975,1
3.66,1
3.66025,1
3.6605,1
3.66075,1
3.661,1
3.66125,1
3.6615,1
3.66175,1
3.662,1
3.66225,1
3.6625,1
3.66275,1
3.663,1
3.66325,1
3.6635,1
3.66375,1
3.664,1
3.66425,1
3.6645,1
3.66475,1
3.665,1
3.66525,1
3.6655,1
3.66575,1
3.666,1
3.66625,1
3.6665,1
3.66675,1
3.667,1
3.66725,1
3.6675,1
3.66775,1
3.668,1
3.66825,1
3.6685,1
3.66875,1
3.669,1
3.66925,1
3.6695,1
3.66975,1
3.67,1
3.67025,1
3.6705,1
3.67075,1
3.671,1
3.67125,1
3.6715,1
3.67175,1
3.672,1
3.67225,1
3.6725,1
3.67275,1
3.673,1
3.67325,1
3.6735,1
3.67375,1
3.674,1
3.67425,1
3.6745,1
3.67475,1
3.675,1
3.67525,1
3.6755,1
3.67575,1
3.676,1
3.67625,1
3.6765,1
3.67675,1
3.677,1
3.67725,1
3.6775,1
3.67775,1
3.678,1
3.67825,1
3.6785,1
3.67875,1
3.679,1
3.67925,1
3.6795,1
3.67975,1
3.68,1
3.68025,1
3.6805,1
3.68075,1
3.681,1
3.68125,1
3.6815,1
3.68175,1
3.682,1
3.68225,1
3.6825,1
3.68275,1
3.683,1
3.68325,1
3.6835,1
3.68375,1
3.684,1
3.68425,1
3.6845,1
3.68475,1
3.685,1
3.68525,1
3.6855,1
3.68575,1
3.686,1
3.68625,1
3.6865,1
3.68675,1
3.687,1
3.68725,1
3.6875,1
3.68775,1
3.688,1
3.68825,1
3.6885,1
3.68875,1
3.689,1
3.68925,1
3.6895,1
3.68975,1
3.69,1
3.69025,1
3.6905,1
3.69075,1
3.691,1
3.69125,1
3.6915,1
3.69175,1
3.692,1
3.69225,1
3.6925,1
3.69275,1
3.693,1
3.69325,1
3.6935,1
3.69375,1
3.694,1
3.69425,1
3.6945,1
3.69475,1
3.695,1
3.69525,1
3.6955,1
3.69575,1
3.696,1
3.69625,1
3.6965,1
3.69675,1
3.697,1
3.69725,1
3.6975,1
3.69775,1
3.698,1
3.69825,1
3.6985,1
3.69875,1
3.699,1
3.69925,1
3.6995,1
3.69975,1
3.7,1
3.70025,1
3.7005,1
3.70075,1
3.701,1
3.70125,1
3.7015,1
3.70175,1
3.702,1
3.70225,1
3.7025,1
3.70275,1
3.703,1
3.70325,1
3.7035,1
3.70375,1
3.704,1
3.70425,1
3.7045,1
3.70475,1
3.705,1
3.70525,1
3.7055,1
3.70575,1
3.706,1
3.70625,1
3.7065,1
3.70675,1
3.707,1
3.70725,1
3.7075,1
3.70775,1
3.708,1
3.70825,1
3.7085,1
3.70875,1
3.709,1
3.70925,1
3.7095,1
3.70975,1
3.71,1
3.71025,1
3.7105,1
3.71075,1
3.711,1
3.71125,1
3.7115,1
3.71175,1
3.712,1
3.71225,1
3.7125,1
3.71275,1
3.713,1
3.71325,1
3.7135,1
3.71375,1
3.714,1
3.71425,1
3.7145,1
3.71475,1
3.715,1
3.71525,1
3.7155,1
3.71575,1
3.716,1
3.71625,1
3.7165,1
3.71675,1
3.717,1
3.71725,1
3.7175,1
3.71775,1
3.718,1
3.71825,1
3.7185,1
3.71875,1
3.719,1
3.71925,1
3.7195,1
3.71975,1
3.72,1
3.72025,1
3.7205,1
3.72075,1
3.721,1
3.72125,1
3.7215,1
3.72175,1
3.722,1
3.72225,1
3.7225,1
3.72275,1
3.723,1
3.72325,1
3.7235,1
3.72375,1
3.724,1
3.72425,1
3.7245,1
3.72475,1
3.725,1
3.72525,1
3.7255,1
3.72575,1
3.726,1
3.72625,1
3.7265,1
3.72675,1
3.727,1
3.72725,1
3.7275,1
3.72775,1
3.728,1
3.72825,1
3.7285,1
3.72875,1
3.729,1
3.72925,1
3.7295,1
3.72975,1
3.73,1
3.73025,1
3.7305,1
3.73075,1
3.731,1
3.73125,1
3.7315,1
3.73175,1
3.732,1
3.73225,1
3.7325,1
3.73275,1
3.733,1
3.73325,1
3.7335,1
3.73375,1
3.734,1
3.73425,1
3.7345,1
3.73475,1
3.735,1
3.73525,1
3.7355,1
3.73575,1
3.736,1
3.73625,1
3.7365,1
3.73675,1
3.737,1
3.73725,1
3.7375,1
3.73775,1
3.738,1
3.73825,1
3.7385,1
3.73875,1
3.739,1
3.73925,1
3.7395,1
3.73975,1
3.74,1
3.74025,1
3.7405,1
3.74075,1
3.741,1
3.74125,1
3.7415,1
3.74175,1
3.742,1
3.74225,1
3.7425,1
3.74275,1
3.743,1
3.74325,1
3.7435,1
3.74375,1
3.744,1
3.74425,1
3.7445,1
3.74475,1
3.745,1
3.74525,1
3.7455,1
3.74575,1
3.746,1
3.74625,1
3.7465,1
3.74675,1
3.747,1
3.74725,1
3.7475,1
3.74775,1
3.748,1
3.74825,1
3.7485,1
3.74875,1
3.749,1
3.74925,1
3.7495,1
3.74975,1
3.75,1
3.75025,1
3.7505,1
3.75075,1
3.751,1
3.75125,1
3.7515,1
3.75175,1
3.752,1
3.75225,1
3.7525,1
3.75275,1
3.753,1
3.75325,1
3.7535,1
3.75375,1
3.754,1
3.75425,1
3.7545,1
3.75475,1
3.755,1
3.75525,1
3.7555,1
3.75575,1
3.756,1
3.75625,1
3.7565,1
3.75675,1
3.757,1
3.75725,1
3.7575,1
3.75775,1
3.758,1
3.75825,1
3.7585,1
3.75875,1
3.759,1
3.75925,1
3.7595,1
3.75975,1
3.76,1
3.76025,1
3.7605,1
3.76075,1
3.761,1
3.76125,1
3.7615,1
3.76175,1
3.762,1
3.76225,1
3.7625,1
3.76275,1
3.763,1
3.76325,1
3.7635,1
3.76375,1
3.764,1
3.76425,1
3.7645,1
3.76475,1
3.765,1
3.76525,1
3.7655,1
3.76575,1
3.766,1
3.76625,1
3.7665,1
3.76675,1
3.767,1
3.76725,1
3.7675,1
3.76775,1
3.768,1
3.76825,1
3.7685,1
3.76875,1
3.769,1
3.76925,1
3.7695,1
3.76975,1
3.77,1
3.77025,1
3.7705,1
3.77075,1
3.771,1
3.77125,1
3.7715,1
3.77175,1
3.772,1
3.77225,1
3.7725,1
3.77275,1
3.773,1
3.77325,1
3.7735,1
3.77375,1
3.774,1
3.77425,1
3.7745,1
3.77475,1
3.775,1
3.77525,1
3.7755,1
3.77575,1
3.776,1
3.77625,1
3.7765,1
3.77675,1
3.777,1
3.77725,1
3.7775,1
3.77775,1
3.778,1
3.77825,1
3.7785,1
3.77875,1
3.779,1
3.77925,1
3.7795,1
3.77975,1
3.78,1
3.78025,1
3.7805,1
3.78075,1
3.781,1
3.78125,1
3.7815,1
3.78175,1
3.782,1
3.78225,1
3.7825,1
3.78275,1
3.783,1
3.78325,1
3.7835,1
3.78375,1
3.784,1
3.78425,1
3.7845,1
3.78475,1
3.785,1
3.78525,1
3.7855,1
3.78575,1
3.786,1
3.78625,1
3.7865,1
3.78675,1
3.787,1
3.78725,1
3.7875,1
3.78775,1
3.788,1
3.78825,1
3.7885,1
3.78875,1
3.789,1
3.78925,1
3.7895,1
3.78975,1
3.79,1
3.79025,1
3.7905,1
3.79075,1
3.791,1
3.79125,1
3.7915,1
3.79175,1
3.792,1
3.79225,1
3.7925,1
3.79275,1
3.793,1
3.79325,1
3.7935,1
3.79375,1
3.794,1
3.79425,1
3.7945,1
3.79475,1
3.795,1
3.79525,1
3.7955,1
3.79575,1
3.796,1
3.79625,1
3.7965,1
3.79675,1
3.797,1
3.79725,1
3.7975,1
3.79775,1
3.798,1
3.79825,1
3.7985,1
3.79875,1
3.799,1
3.79925,1
3.7995,1
3.79975,1
3.8,1
3.80025,1
3.8005,1
3.80075,1
3.801,1
3.80125,1
3.8015,1
3.80175,1
3.802,1
3.80225,1
3.8025,1
3.80275,1
3.803,1
3.80325,1
3.8035,1
3.80375,1
3.804,1
3.80425,1
3.8045,1
3.80475,1
3.805,1
3.80525,1
3.8055,1
3.80575,1
3.806,1
3.80625,1
3.8065,1
3.80675,1
3.807,1
3.80725,1
3.8075,1
3.80775,1
3.808,1
3.80825,1
3.8085,1
3.80875,1
3.809,1
3.80925,1
3.8095,1
3.80975,1
3.81,1
3.81025,1
3.8105,1
3.81075,1
3.811,1
3.81125,1
3.8115,1
3.81175,1
3.812,1
3.81225,1
3.8125,1
3.81275,1
3.813,1
3.81325,1
3.8135,1
3.81375,1
3.814,1
3.81425,1
3.8145,1
3.81475,1
3.815,1
3.81525,1
3.8155,1
3.81575,1
3.816,1
3.81625,1
3.8165,1
3.81675,1
3.817,1
3.81725,1
3.8175,1
3.81775,1
3.818,1
3.81825,1
3.8185,1
3.81875,1
3.819,1
3.81925,1
3.8195,1
3.81975,1
3.82,1
3.82025,1
3.8205,1
3.82075,1
3.821,1
3.82125,1
3.8215,1
3.82175,1
3.822,1
3.82225,1
3.8225,1
3.82275,1
3.823,1
3.82325,1
3.8235,1
3.82375,1
3.824,1
3.82425,1
3.8245,1
3.82475,1
3.825,1
3.82525,1
3.8255,1
3.82575,1
3.826,1
3.82625,1
3.8265,1
3.82675,1
3.827,1
3.82725,1
3.8275,1
3.82775,1
3.828,1
3.82825,1
3.8285,1
3.82875,1
3.829,1
3.82925,1
3.8295,1
3.82975,1
3.83,1
3.83025,1
3.8305,1
3.83075,1
3.831,1
3.83125,1
3.8315,1
3.83175,1
3.832,1
3.83225,1
3.8325,1
3.83275,1
3.833,1
3.83325,1
3.8335,1
3.83375,1
3.834,1
3.83425,1
3.8345,1
3.83475,1
3.835,1
3.83525,1
3.8355,1
3.83575,1
3.836,1
3.83625,1
3.8365,1
3.83675,1
3.837,1
3.83725,1
3.8375,1
3.83775,1
3.838,1
3.83825,1
3.8385,1
3.83875,1
3.839,1
3.83925,1
3.8395,1
3.83975,1
3.84,1
3.84025,1
3.8405,1
3.84075,1
3.841,1
3.84125,1
3.8415,1
3.84175,1
3.842,1
3.84225,1
3.8425,1
3.84275,1
3.843,1
3.84325,1
3.8435,1
3.84375,1
3.844,1
3.84425,1
3.8445,1
3.84475,1
3.845,1
3.84525,1
3.8455,1
3.84575,1
3.846,1
3.84625,1
3.8465,1
3.84675,1
3.847,1
3.84725,1
3.8475,1
3.84775,1
3.848,1
3.84825,1
3.8485,1
3.84875,1
3.849,1
3.84925,1
3.8495,1
3.84975,1
3.85,1
3.85025,1
3.8505,1
3.85075,1
3.851,1
3.85125,1
3.8515,1
3.85175,1
3.852,1
3.85225,1
3.8525,1
3.85275,1
3.853,1
3.85325,1
3.8535,1
3.85375,1
3.854,1
3.85425,1
3.8545,1
3.85475,1
3.855,1
3.85525,1
3.8555,1
3.85575,1
3.856,1
3.85625,1
3.8565,1
3.85675,1
3.857,1
3.85725,1
3.8575,1
3.85775,1
3.858,1
3.85825,1
3.8585,1
3.85875,1
3.859,1
3.85925,1
3.8595,1
3.85975,1
3.86,1
3.86025,1
3.8605,1
3.86075,1
3.861,1
3.86125,1
3.8615,1
3.86175,1
3.862,1
3.86225,1
3.8625,1
3.86275,1
3.863,1
3.86325,1
3.8635,1
3.86375,1
3.864,1
3.86425,1
3.8645,1
3.86475,1
3.865,1
3.86525,1
3.8655,1
3.86575,1
3.866,1
3.86625,1
3.8665,1
3.86675,1
3.867,1
3.86725,1
3.8675,1
3.86775,1
3.868,1
3.86825,1
3.8685,1
3.86875,1
3.869,1
3.86925,1
3.8695,1
3.86975,1
3.87,1
3.87025,1
3.8705,1
3.87075,1
3.871,1
3.87125,1
3.8715,1
3.87175,1
3.872,1
3.87225,1
3.8725,1
3.87275,1
3.873,1
3.87325,1
3.8735,1
3.87375,1
3.874,1
3.87425,1
3.8745,1
3.87475,1
3.875,1
3.87525,1
3.8755,1
3.87575,1
3.876,1
3.87625,1
3.8765,1
3.87675,1
3.877,1
3.87725,1
3.8775,1
3.87775,1
3.878,1
3.87825,1
3.8785,1
3.87875,1
3.879,1
3.87925,1
3.8795,1
3.87975,1
3.88,1
3.88025,1
3.8805,1
3.88075,1
3.881,1
3.88125,1
3.8815,1
3.88175,1
3.882,1
3.88225,1
3.8825,1
3.88275,1
3.883,1
3.88325,1
3.8835,1
3.88375,1
3.884,1
3.88425,1
3.8845,1
3.88475,1
3.885,1
3.88525,1
3.8855,1
3.88575,1
3.886,1
3.88625,1
3.8865,1
3.88675,1
3.887,1
3.88725,1
3.8875,1
3.88775,1
3.888,1
3.88825,1
3.8885,1
3.88875,1
3.889,1
3.88925,1
3.8895,1
3.88975,1
3.89,1
3.89025,1
3.8905,1
3.89075,1
3.891,1
3.89125,1
3.8915,1
3.89175,1
3.892,1
3.89225,1
3.8925,1
3.89275,1
3.893,1
3.89325,1
3.8935,1
3.89375,1
3.894,1
3.89425,1
3.8945,1
3.89475,1
3.895,1
3.89525,1
3.8955,1
3.89575,1
3.896,1
3.89625,1
3.8965,1
3.89675,1
3.897,1
3.89725,1
3.8975,1
3.89775,1
3.898,1
3.89825,1
3.8985,1
3.89875,1
3.899,1
3.89925,1
3.8995,1
3.89975,1
3.9,1
3.90025,1
3.9005,1
3.90075,1
3.901,1
3.90125,1
3.9015,1
3.90175,1
3.902,1
3.90225,1
3.9025,1
3.90275,1
3.903,1
3.90325,1
3.9035,1
3.90375,1
3.904,1
3.90425,1
3.9045,1
3.90475,1
3.905,1
3.90525,1
3.9055,1
3.90575,1
3.906,1
3.90625,1
3.9065,1
3.90675,1
3.907,1
3.90725,1
3.9075,1
3.90775,1
3.908,1
3.90825,1
3.9085,1
3.90875,1
3.909,1
3.90925,1
3.9095,1
3.90975,1
3.91,1
3.91025,1
3.9105,1
3.91075,1
3.911,1
3.91125,1
3.9115,1
3.91175,1
3.912,1
3.91225,1
3.9125,1
3.91275,1
3.913,1
3.91325,1
3.9135,1
3.91375,1
3.914,1
3.91425,1
3.9145,1
3.91475,1
3.915,1
3.91525,1
3.9155,1
3.91575,1
3.916,1
3.91625,1
3.9165,1
3.91675,1
3.917,1
3.91725,1
3.9175,1
3.91775,1
3.918,1
3.91825,1
3.9185,1
3.91875,1
3.919,1
3.91925,1
3.9195,1
3.91975,1
3.92,1
3.92025,1
3.9205,1
3.92075,1
3.921,1
3.92125,1
3.9215,1
3.92175,1
3.922,1
3.92225,1
3.9225,1
3.92275,1
3.923,1
3.92325,1
3.9235,1
3.92375,1
3.924,1
3.92425,1
3.9245,1
3.92475,1
3.925,1
3.92525,1
3.9255,1
3.92575,1
3.926,1
3.92625,1
3.9265,1
3.92675,1
3.927,1
3.92725,1
3.9275,1
3.92775,1
3.928,1
3.92825,1
3.9285,1
3.92875,1
3.929,1
3.92925,1
3.9295,1
3.92975,1
3.93,1
3.93025,1
3.9305,1
3.93075,1
3.931,1
3.93125,1
3.9315,1
3.93175,1
3.932,1
3.93225,1
3.9325,1
3.93275,1
3.933,1
3.93325,1
3.9335,1
3.93375,1
3.934,1
3.93425,1
3.9345,1
3.93475,1
3.935,1
3.93525,1
3.9355,1
3.93575,1
3.936,1
3.93625,1
3.9365,1
3.93675,1
3.937,1
3.93725,1
3.9375,1
3.93775,1
3.938,1
3.93825,1
3.9385,1
3.93875,1
3.939,1
3.93925,1
3.9395,1
3.93975,1
3.94,1
3.94025,1
3.9405,1
3.94075,1
3.941,1
3.94125,1
3.9415,1
3.94175,1
3.942,1
3.94225,1
3.9425,1
3.94275,1
3.943,1
3.94325,1
3.9435,1
3.94375,1
3.944,1
3.94425,1
3.9445,1
3.94475,1
3.945,1
3.94525,1
3.9455,1
3.94575,1
3.946,1
3.94625,1
3.9465,1
3.94675,1
3.947,1
3.94725,1
3.9475,1
3.94775,1
3.948,1
3.94825,1
3.9485,1
3.94875,1
3.949,1
3.94925,1
3.9495,1
3.94975,1
3.95,1
3.95025,1
3.9505,1
3.95075,1
3.951,1
3.95125,1
3.9515,1
3.95175,1
3.952,1
3.95225,1
3.9525,1
3.95275,1
3.953,1
3.95325,1
3.9535,1
3.95375,1
3.954,1
3.95425,1
3.9545,1
3.95475,1
3.955,1
3.95525,1
3.9555,1
3.95575,1
3.956,1
3.95625,1
3.9565,1
3.95675,1
3.957,1
3.95725,1
3.9575,1
3.95775,1
3.958,1
3.95825,1
3.9585,1
3.95875,1
3.959,1
3.95925,1
3.9595,1
3.95975,1
3.96,1
3.96025,1
3.9605,1
3.96075,1
3.961,1
3.96125,1
3.9615,1
3.96175,1
3.962,1
3.96225,1
3.9625,1
3.96275,1
3.963,1
3.96325,1
3.9635,1
3.96375,1
3.964,1
3.96425,1
3.9645,1
3.96475,1
3.965,1
3.96525,1
3.9655,1
3.96575,1
3.966,1
3.96625,1
3.9665,1
3.96675,1
3.967,1
3.96725,1
3.9675,1
3.96775,1
3.968,1
3.96825,1
3.9685,1
3.96875,1
3.969,1
3.96925,1
3.9695,1
3.96975,1
3.97,1
3.97025,1
3.9705,1
3.97075,1
3.971,1
3.97125,1
3.9715,1
3.97175,1
3.972,1
3.97225,1
3.9725,1
3.97275,1
3.973,1
3.97325,1
3.9735,1
3.97375,1
3.974,1
3.97425,1
3.9745,1
3.97475,1
3.975,1
3.97525,1
3.9755,1
3.97575,1
3.976,1
3.97625,1
3.9765,1
3.97675,1
3.977,1
3.97725,1
3.9775,1
3.97775,1
3.978,1
3.97825,1
3.9785,1
3.97875,1
3.979,1
3.97925,1
3.9795,1
3.97975,1
3.98,1
3.98025,1
3.9805,1
3.98075,1
3.981,1
3.98125,1
3.9815,1
3.98175,1
3.982,1
3.98225,1
3.9825,1
3.98275,1
3.983,1
3.98325,1
3.9835,1
3.98375,1
3.984,1
3.98425,1
3.9845,1
3.98475,1
3.985,1
3.98525,1
3.9855,1
3.98575,1
3.986,1
3.98625,1
3.9865,1
3.98675,1
3.987,1
3.98725,1
3.9875,1
3.98775,1
3.988,1
3.98825,1
3.9885,1
3.98875,1
3.989,1
3.98925,1
3.9895,1
3.98975,1
3.99,1
3.99025,1
3.9905,1
3.99075,1
3.991,1
3.99125,1
3.9915,1
3.99175,1
3.992,1
3.99225,1
3.9925,1
3.99275,1
3.993,1
3.99325,1
3.9935,1
3.99375,1
3.994,1
3.99425,1
3.9945,1
3.99475,1
3.995,1
3.99525,1
3.9955,1
3.99575,1
3.996,1
3.99625,1
3.9965,1
3.99675,1
3.997,1
3.99725,1
3.9975,1
3.99775,1
3.998,1
3.99825,1
3.9985,1
3.99875,1
3.999,1
3.99925,1
3.9995,1
3.99975,1
