Time (seconds),X,Y,Z
0.0,0.47672890627387465,-0.8082388534058613,0.10512483574244415
0.027,0.47428414265195734,-0.8075054243192861,0.10928093389970357
0.047,0.4637716590777129,-0.80946123521682,0.10928093389970357
0.067,0.4693946154081227,-0.8089722824924365,0.11050331571066223
0.087,0.47477309537634077,-0.8087278061302448,0.11001436298627876
0.107,0.4679277572349723,-0.8104391406655869,0.11539284295449684
0.127,0.4674388045105889,-0.8099501879412034,0.1127036029703878
0.147,0.4671943281483971,-0.8060385661461358,0.11539284295449684
0.167,0.4652385172508633,-0.8104391406655869,0.11172569752162087
0.187,0.462793753628946,-0.8092167588546282,0.10928093389970357
0.207,0.466460899061822,-0.8101946643033952,0.11050331571066223
0.227,0.4652385172508633,-0.8092167588546282,0.11001436298627876
0.247,0.4686611863215475,-0.8104391406655869,0.10854750481312837
0.267,0.4635271827155212,-0.8138618097362711,0.10830302845093664
0.287,0.46157137181798735,-0.8143507624606545,0.10585826482901935
0.307,0.4637716590777129,-0.8097057115790117,0.10610274119121108
0.327,0.4669498517862054,-0.8133728570118877,0.11050331571066223
0.347,0.46157137181798735,-0.808483329768053,0.11123674479723741
0.367,0.4649940408886716,-0.8082388534058613,0.11050331571066223
0.387,0.4669498517862054,-0.8060385661461358,0.10805855208874492
0.407,0.4681722335971641,-0.8111725697521621,0.11123674479723741
0.427,0.46963909177031443,-0.8067719952327109,0.11074779207285396
0.455,0.4667053754240137,-0.8087278061302448,0.11148122115942914
0.475,0.4715949026678483,-0.8123949515631207,0.11172569752162087
0.495,0.47037252085688963,-0.8070164715949026,0.11245912660819607
0.515,0.4698835681325062,-0.8035938025242184,0.1166152247654555
0.535,0.4693946154081227,-0.8062830425083275,0.11441493750572991
0.555,0.4674388045105889,-0.8079943770436696,0.11417046114353818
0.575,0.45986003728264524,-0.8060385661461358,0.11123674479723741
0.595,0.46474956452647986,-0.8045717079729854,0.10708064663997799
0.615,0.47550652446291597,-0.8116615224765455,0.11123674479723741
0.635,0.47526204810072425,-0.8153286679094215,0.11050331571066223
0.655,0.47061699721908135,-0.8067719952327109,0.11294807933257953
0.675,0.47135042630565654,-0.8097057115790117,0.11979341747394799
0.695,0.4620603245423708,-0.8050606606973688,0.12126027564709838
0.715,0.45937108455826176,-0.8060385661461358,0.11539284295449684
0.735,0.46010451364483695,-0.8087278061302448,0.11343703205696298
0.755,0.4686611863215475,-0.8114170461143538,0.11294807933257953
0.775,0.47501757173853254,-0.8111725697521621,0.11465941386792164
0.795,0.47037252085688963,-0.8163065733581885,0.1127036029703878
0.815,0.4635271827155212,-0.8101946643033952,0.11221465024600434
0.835,0.4635271827155212,-0.8038382788864101,0.11050331571066223
0.855,0.4652385172508633,-0.8072609479570944,0.1127036029703878
0.875,0.46083794273141215,-0.8087278061302448,0.11245912660819607
0.896,0.4715949026678483,-0.805794089783944,0.11245912660819607
0.916,0.4676832808727806,-0.808483329768053,0.11612627204107202
0.936,0.4701280444946979,-0.8128839042875042,0.11465941386792164
0.956,0.4645050881642881,-0.8143507624606545,0.11539284295449684
0.976,0.46108241909360387,-0.80946123521682,0.11759313021422241
0.996,0.4645050881642881,-0.8070164715949026,0.11905998838737279
1.016,0.45863765547168656,-0.808483329768053,0.1158817956788803
1.036,0.4520367936925098,-0.8138618097362711,0.1158817956788803
1.056,0.45594841548757753,-0.8099501879412034,0.11392598478134645
1.076,0.45937108455826176,-0.8123949515631207,0.11539284295449684
1.096,0.45839317910949484,-0.8104391406655869,0.11441493750572991
1.116,0.4613268954557956,-0.8133728570118877,0.1158817956788803
1.136,0.45961556092045347,-0.8109280933899703,0.11490389023011337
1.156,0.46108241909360387,-0.8114170461143538,0.11539284295449684
1.176,0.45912660819607004,-0.8123949515631207,0.11417046114353818
1.196,0.46059346636922044,-0.8097057115790117,0.11417046114353818
1.216,0.4637716590777129,-0.8111725697521621,0.11294807933257953
1.236,0.46034899000702867,-0.8128839042875042,0.11148122115942914
1.256,0.46059346636922044,-0.8087278061302448,0.11392598478134645
1.276,0.45912660819607004,-0.8099501879412034,0.11417046114353818
1.296,0.45839317910949484,-0.8111725697521621,0.11172569752162087
1.316,0.46181584818017907,-0.8106836170277786,0.11441493750572991
1.326,0.4557039391253858,-0.8092167588546282,0.11294807933257953
1.356,0.4530146991412768,-0.8123949515631207,0.11221465024600434
1.376,0.46034899000702867,-0.8204626715154478,0.11074779207285396
1.396,0.462793753628946,-0.8216850533264065,0.11514836659230511
1.416,0.45521498640100233,-0.8119059988387373,0.1183265593007976
1.436,0.45692632093634444,-0.8158176206338049,0.12101579928490663
1.456,0.4515478409681264,-0.8150841915472298,0.12297161018244049
1.476,0.44152431011826543,-0.8170400024447636,0.12174922837148183
1.496,0.4420132628426489,-0.8194847660666809,0.11759313021422241
1.516,0.4510588882437429,-0.8214405769642148,0.11612627204107202
1.536,0.4649940408886716,-0.8197292424288727,0.11465941386792164
1.556,0.46254927726675427,-0.8170400024447636,0.11392598478134645
1.576,0.4588821318338783,-0.8192402897044891,0.11612627204107202
1.596,0.4525257464168933,-0.8138618097362711,0.11074779207285396
1.616,0.4539926045900437,-0.8145952388228463,0.11368150841915473
1.636,0.4557039391253858,-0.8145952388228463,0.11319255569477125
1.656,0.45961556092045347,-0.8116615224765455,0.11221465024600434
1.676,0.46254927726675427,-0.8099501879412034,0.11368150841915473
1.696,0.45790422638511136,-0.8136173333740794,0.11148122115942914
1.716,0.46083794273141215,-0.8155731442716132,0.11441493750572991
1.736,0.45986003728264524,-0.8109280933899703,0.1127036029703878
1.756,0.46108241909360387,-0.8099501879412034,0.11221465024600434
1.776,0.4635271827155212,-0.8070164715949026,0.11172569752162087
1.796,0.4613268954557956,-0.808483329768053,0.11417046114353818
1.816,0.4588821318338783,-0.8128839042875042,0.11539284295449684
1.836,0.46328270635332947,-0.812150475200929,0.1158817956788803
1.856,0.4642606118020964,-0.8126394279253124,0.1166152247654555
1.876,0.4642606118020964,-0.8114170461143538,0.11685970112764722
1.896,0.465482993613055,-0.8128839042875042,0.11637074840326375
1.916,0.46010451364483695,-0.8116615224765455,0.11905998838737279
1.936,0.46181584818017907,-0.808483329768053,0.12174922837148183
1.956,0.46034899000702867,-0.8072609479570944,0.12028237019833145
1.976,0.4669498517862054,-0.8123949515631207,0.11979341747394799
1.996,0.4669498517862054,-0.812150475200929,0.11759313021422241
2.016,0.4674388045105889,-0.8106836170277786,0.11930446474956452
2.036,0.46181584818017907,-0.808483329768053,0.11881551202518106
2.056,0.4674388045105889,-0.8028603734376433,0.11685970112764722
2.076,0.4671943281483971,-0.8077499006814779,0.11930446474956452
2.096,0.4693946154081227,-0.8106836170277786,0.11905998838737279
2.116,0.4659719463374385,-0.8109280933899703,0.11294807933257953
2.136,0.4715949026678483,-0.8145952388228463,0.11685970112764722
2.156,0.47110594994346483,-0.8167955260825719,0.1158817956788803
2.176,0.46181584818017907,-0.8062830425083275,0.12028237019833145
2.196,0.4667053754240137,-0.8092167588546282,0.12248265745805702
2.216,0.46083794273141215,-0.8043272316107937,0.12003789383613972
2.226,0.45790422638511136,-0.8089722824924365,0.11759313021422241
2.26,0.4520367936925098,-0.8141062860984628,0.11368150841915473
2.28,0.45961556092045347,-0.812150475200929,0.11148122115942914
2.3,0.4701280444946979,-0.8136173333740794,0.11099226843504569
2.32,0.4693946154081227,-0.8114170461143538,0.11050331571066223
2.34,0.46328270635332947,-0.8167955260825719,0.11172569752162087
2.36,0.4581487027473031,-0.812150475200929,0.1095254102618953
2.38,0.4635271827155212,-0.8075054243192861,0.11368150841915473
2.4,0.462793753628946,-0.8055496134217522,0.11539284295449684
2.42,0.46010451364483695,-0.8070164715949026,0.11465941386792164
2.44,0.4642606118020964,-0.8138618097362711,0.11294807933257953
2.46,0.4669498517862054,-0.8114170461143538,0.11563731931668857
2.48,0.46474956452647986,-0.8089722824924365,0.11710417748983895
2.5,0.46181584818017907,-0.8123949515631207,0.11514836659230511
2.52,0.46230480090456255,-0.8101946643033952,0.11343703205696298
2.54,0.462793753628946,-0.80946123521682,0.11343703205696298
2.56,0.4620603245423708,-0.8079943770436696,0.11319255569477125
2.58,0.4637716590777129,-0.8099501879412034,0.11441493750572991
2.6,0.46034899000702867,-0.80946123521682,0.11612627204107202
2.62,0.462793753628946,-0.812150475200929,0.1166152247654555
2.64,0.46328270635332947,-0.8111725697521621,0.11905998838737279
2.66,0.4659719463374385,-0.8148397151850381,0.11710417748983895
2.67,0.46474956452647986,-0.8109280933899703,0.11783760657641414
2.7,0.45986003728264524,-0.8097057115790117,0.11808208293860586
2.72,0.45863765547168656,-0.8097057115790117,0.11612627204107202
2.74,0.45937108455826176,-0.8099501879412034,0.11808208293860586
2.76,0.4657274699752468,-0.8138618097362711,0.11539284295449684
2.78,0.4693946154081227,-0.8172844788069553,0.11539284295449684
2.8,0.4662164226996302,-0.8133728570118877,0.11392598478134645
2.82,0.4662164226996302,-0.8123949515631207,0.11343703205696298
2.84,0.4676832808727806,-0.8067719952327109,0.11685970112764722
2.86,0.4657274699752468,-0.812150475200929,0.11417046114353818
2.88,0.45741527366072793,-0.8111725697521621,0.1127036029703878
2.9,0.46230480090456255,-0.8133728570118877,0.11025883934847049
2.92,0.4679277572349723,-0.8221740060507899,0.11148122115942914
2.94,0.4645050881642881,-0.80946123521682,0.11099226843504569
2.96,0.4642606118020964,-0.8106836170277786,0.11368150841915473
2.98,0.46230480090456255,-0.8092167588546282,0.11514836659230511
3.0,0.4520367936925098,-0.8109280933899703,0.11539284295449684
3.02,0.4547260336766189,-0.80946123521682,0.11123674479723741
3.04,0.4657274699752468,-0.8070164715949026,0.11319255569477125
3.06,0.47183937903004003,-0.8143507624606545,0.11294807933257953
3.08,0.4733062372031904,-0.8155731442716132,0.11490389023011337
3.1,0.4671943281483971,-0.8148397151850381,0.11441493750572991
3.12,0.46083794273141215,-0.8109280933899703,0.11368150841915473
3.15,0.4684167099593558,-0.8101946643033952,0.1166152247654555
3.17,0.46230480090456255,-0.8126394279253124,0.11294807933257953
3.19,0.4630382299911377,-0.8089722824924365,0.10830302845093664
3.21,0.4630382299911377,-0.8099501879412034,0.10805855208874492
3.23,0.45961556092045347,-0.8143507624606545,0.10756959936436146
3.25,0.4539926045900437,-0.8128839042875042,0.10659169391559453
3.27,0.4525257464168933,-0.8106836170277786,0.10512483574244415
3.29,0.4486141246218256,-0.8109280933899703,0.100724261222993
3.31,0.4549705100388106,-0.8133728570118877,0.10512483574244415
3.33,0.4520367936925098,-0.8148397151850381,0.100724261222993
3.35,0.4554594627631941,-0.8160620969959966,0.10561378846682762
3.37,0.456437368211961,-0.817528955169147,0.1063472175534028
3.39,0.45741527366072793,-0.8136173333740794,0.10854750481312837
3.41,0.4532591755034685,-0.8128839042875042,0.1127036029703878
3.43,0.45765975002291964,-0.8148397151850381,0.11637074840326375
3.45,0.4532591755034685,-0.8160620969959966,0.11417046114353818
3.47,0.45790422638511136,-0.8180179078935306,0.11539284295449684
3.49,0.46083794273141215,-0.8133728570118877,0.1166152247654555
3.51,0.45961556092045347,-0.818506860617914,0.12101579928490663
3.53,0.46230480090456255,-0.8207071478776395,0.12223818109586529
3.55,0.4530146991412768,-0.8246187696727073,0.1183265593007976
3.57,0.4505699355193595,-0.8302417260031171,0.12248265745805702
3.59,0.4508144118815512,-0.8356202059713351,0.12126027564709838
3.61,0.4332121138037466,-0.8510222167894141,0.12590532652874126
3.63,0.4070531430492314,-0.8793814748036549,0.10854750481312837
3.65,0.4116981939308743,-0.8835375729609143,0.10536931210463588
3.67,0.41389848119059985,-0.8698468966781774,0.10976988662408703
3.69,0.3835834122788253,-0.883782049323106,0.10414693029367723
3.71,0.3642697796656786,-0.8791369984414632,0.10659169391559453
3.73,0.3613360633193778,-0.8828041438743391,0.11514836659230511
3.75,0.3518014851939003,-0.9182532163921401,0.1158817956788803
3.77,0.3349326162026709,-0.9583473397915839,0.10414693029367723
3.79,0.3202640344711671,-0.963725819759802,0.09730159215230877
3.81,0.3053509763774715,-0.9436787580600801,0.08361091586957185
3.83,0.28799315466185865,-0.9177642636677567,0.07554319591724475
3.85,0.26892399841090364,-0.8928276747242001,0.06649757051615071
3.87,0.24594322036488098,-0.8649573694343428,0.057207468752864955
3.89,0.23714207132597867,-0.8473550713565382,0.05060660697368823
3.91,0.24178712220762155,-0.8390428750420194,0.04816184335177093
3.93,0.24349845674296366,-0.8407542095773615,0.04253888702136112
3.95,0.23934235858570424,-0.8480885004431133,0.02469211258136479
3.97,0.26599028206460285,-0.8368425877822938,0.017602298077804602
3.99,0.31488555450294897,-0.8167955260825719,0.013690676282736913
4.01,0.33786633254897164,-0.7918589371390153,0.019558108975338447
4.02,0.3505791033829417,-0.7625217736760077,0.017602298077804602
4.05,0.3708706414448553,-0.7419857592519024,0.018580203526571526
4.07,0.4124316230174495,-0.7502979555664212,0.021758396235064023
4.09,0.4366347828744308,-0.7928368425877823,-0.005134003606026342
4.11,0.4681722335971641,-0.8395318277664028,-0.024203159856981328
4.13,0.4852855789505852,-0.8603123185527,-0.03691593069095132
4.15,0.4982428261467469,-0.8456437368211961,-0.04449469791889497
4.17,0.5175564587598936,-0.8026158970754514,-0.055251657855331114
4.19,0.5366256150108486,-0.7439415701494362,-0.06258594872108303
4.21,0.5781865965834428,-0.786724933532989,-0.06307490144546649
4.23,0.6422394034776763,-0.8991840601411851,-0.0440057451945115
4.25,0.6581303670201387,-0.9471014271307643,-0.04302783974574458
4.27,0.6229257708645295,-0.9774164960425389,-0.05965223237478226
4.29,0.6322158726278153,-0.9158084527702227,-0.028603734376432478
4.31,0.6620419888152064,-0.787702838981756,0.0327598325336919
4.33,0.6850227668612291,-0.7072701158206766,0.10585826482901935
4.35,0.6911346759160224,-0.6984689667817743,0.14228524279558719
4.37,0.652507410689729,-0.7033584940256089,0.16208782813311737
4.39,0.6437062616508267,-0.7080035449072518,0.17969012621092198
4.41,0.6984689667817743,-0.74589738104697,0.21000519512269658
4.43,0.7116706903401278,-0.6921125813647893,0.24398740946734712
4.45,0.7187605048436879,-0.604345567337958,0.2806588637961067
4.46,0.7642331082113498,-0.5811203129297436,0.3158634599517159
4.48,0.8013935152644929,-0.6001894691806986,0.3261314671637686
4.5,0.8312196314518839,-0.6561745561226049,0.31610793631390766
4.52,0.8145952388228463,-0.7138709775998533,0.3109739327078813
4.54,0.7679002536442258,-0.7581211991565565,0.28970448919720077
4.56,0.7759679735965529,-0.8326864896250343,0.2779696238119977
4.58,0.761299391865049,-0.9111634018885799,0.2606118020963848
4.6,0.7273171775203985,-0.9713045869877456,0.2117165296580387
4.62,0.6639977997127403,-0.9915961250496592,0.15866515906243314
4.64,0.6182807199828867,-0.9629923906732267,0.12101579928490663
4.66,0.5662072548360481,-0.9649482015707606,0.06429728325642514
4.68,0.5202456987440027,-1.0045533722458209,-0.001711334535342114
4.7,0.4671943281483971,-1.04538092473184,-0.09485682853039147
4.72,0.3818720777434832,-1.0976988662408702,-0.2574336093878923
4.74,0.2415426458454298,-1.0967209607921033,-0.3980075176481374
4.76,0.0982794976010757,-0.99452984139596,-0.42001039024539316
4.78,-0.013446199920545182,-0.9233872199981664,-0.3972740885615622
4.8,-0.19215842068270023,-0.9427008526113131,-0.4094979066711487
4.82,-0.3740488341533478,-0.9392781835406289,-0.33786633254897164
4.84,-0.48577453167496865,-0.9194755982030988,-0.4197659138832014
4.86,-0.5997005164563152,-0.9517464780124072,-0.5613177275922134
4.88,-0.40387495034073895,-1.2795892797115178,-0.3892063686092351
4.9,0.1303059010481924,-1.9697460501787734,-0.06674204687834245
4.91,0.4522812700547016,-2.34648412431623,0.015157534455887297
4.94,0.5204901751061944,-2.437184854689362,-0.0075787672279436485
4.96,0.4659719463374385,-2.6740824496531492,-0.0009779054487669223
4.98,0.6082571891330257,-2.459187727286618,0.147908199125997
5.0,1.0448919720074565,-2.0594688751031383,0.1391070500870947
5.02,1.2409620144852245,-1.6049873177887113,0.07652110136601167
5.04,1.1539284295449683,-1.2896128105613789,0.00855667267671057
5.06,1.1617516731351036,-0.8791369984414632,0.014424105369312105
5.08,1.2690767961372735,-0.3603581578706109,-0.0004889527243834612
5.1,1.3913149772331388,0.04938422516272958,0.035204596155609204
5.12,1.3690676282736913,0.32710937261253553,0.12663875561531643
5.14,1.1744644439690737,0.553494484002078,0.195092137029001
5.16,0.952724383461174,0.8067719952327109,0.2324970204443358
5.18,0.7556764355346393,1.1182348806649758,0.17528955169147084
5.2,0.5913883201417963,1.3380191302753415,0.16110992268435045
5.22,0.5256241787122208,1.2297161018244047,0.17284478806955353
5.24,0.6908901995538306,0.8280414387433915,0.182379366195031
5.26,0.837576016868869,0.5451822876875592,0.1310393301347676
5.28,0.9837728814595239,0.31439660177856554,-0.01735782171561287
5.3,1.386425449989304,0.0031781927084924976,-0.1166152247654555
5.32,2.202243070623109,-0.5300247532316719,-0.30192830730678727
5.34,3.3368578675549307,-2.042355529749717,-0.6075237600464505
5.36,3.0209944076032147,-2.018152369892736,-0.7314732756776579
5.38,3.269626867952205,-2.421782843871283,-0.705069828560951
5.4,3.0608440546404667,-2.9078018519084434,-0.8424655441127036
5.42,2.2298688995507745,-2.7872750053479205,-1.0270451975674602
5.44,1.5255325000763988,-2.333037924395685,-0.8884271002047489
5.46,1.0854750481312838,-1.96363414112398,-0.5933441310393301
5.48,0.733184610213,-1.7260031170736179,-0.4361458301500474
5.5,0.30021697277144516,-1.571738532530636,-0.4549705100388106
5.52,-0.24985484215994866,-1.4233413806802555,-0.5023989243040063
5.54,-0.7740121626990191,-1.2331387708950892,-0.4823518626042844
5.56,-1.0739846591082725,-1.113345353421141,-0.33859976163554684
5.58,-1.0986767716896373,-0.984506310546099,-0.16037649359777525
5.6,-1.1634630076704457,-0.8979616783302264,-0.14913058093695566
5.62,-1.210402469211258,-0.8544448858600984,-0.1814014607462641
5.64,-1.0133545212847233,-0.8060385661461358,-0.13617333374079393
5.66,-0.717782599394921,-0.8600678421905081,-0.05891880328820707
5.68,-0.4124316230174495,-1.0025975613482871,-0.010023530849860953
5.7,-0.21122757693365524,-1.3781132536747853,-0.02469211258136479
5.72,0.40558628487608106,-2.003483788161232,-0.10781407572655319
5.74,0.8571341258442075,-2.188796870702564,-0.1894691806985912
5.76,1.3490205665739694,-2.4579653454756594,-0.06820890505149284
5.78,1.8880909452067354,-2.6618586315435624,0.06405280689423341
5.8,2.7400910674449164,-2.3088347645387035,0.08116615224765455
5.81,2.582648290193442,-2.1020077621244995,-0.12737218470189163
5.84,2.4670109708767534,-1.9118051523393331,-0.30168383094459555
5.86,2.294899611893775,-1.3319072212205483,-0.34300033615499803
5.88,1.8567979708461937,-0.8214405769642148,-0.35644653607554316
5.9,1.533600220028726,-0.38871741588485165,-0.355713106988968
5.92,1.4098951807597102,-0.03544907251780093,-0.29948354368486996
5.94,1.2896128105613789,0.28408153286679094,-0.21636158053968157
5.96,1.107966873452923,0.6055679491489167,-0.11637074840326375
5.98,0.9023622528496775,0.9356110381077529,-0.12370503926901567
6.0,0.7082480212694435,1.488127616661064,-0.22882987501145982
6.02,0.5410261895302998,2.399046542187452,-0.25694465666350885
6.04,0.645173119823977,2.4596766800110013,-0.3068178345506219
6.06,0.7686336827308009,1.8841793234116675,-0.5266020841609876
6.08,1.0918314335482688,1.0131100449225314,-0.5613177275922134
6.1,1.4120954680194358,0.657885890657947,-0.5488494331204351
6.12,2.040888671576567,0.38749503407389296,-0.6402835925801424
6.14,3.2872291660300093,-0.08727806130244782,-1.0043088958836293
6.16,4.409620144852244,-2.380466338660881,-1.241450967209608
6.18,3.7265531888885493,-2.610029642758916,-1.4013385080829996
6.2,3.5595758335115972,-2.8388595177703757,-1.4781040858112031
6.22,2.322036488097057,-2.8848210738624207,-1.4289643370106653
6.24,1.5981419796473428,-2.526418726889344,-1.0884087644775846
6.26,1.2209149527855025,-2.1638602817590074,-0.7923478898633988
6.28,0.7835467408244965,-2.017174464443969,-0.7292729884179323
6.3,0.16893316627448582,-1.8653546435229043,-0.6838003850502704
6.32,-0.5224459860037283,-1.6775967973596553,-0.61167985820371
6.34,-1.1074779207285395,-1.3742016318797177,-0.4843076735018183
6.36,-1.3896036426977967,-1.016288237631024,-0.2633010420804938
6.38,-1.4543898786786051,-0.8153286679094215,-0.14032943189805336
6.4,-1.3984047917366988,-0.8189958133422974,-0.1239495156312074
6.42,-1.2311829599975552,-0.883782049323106,-0.13397304648106836
6.44,-1.001864132261712,-0.8999174892277603,-0.13959600281147816
6.46,-0.683311432325887,-0.9346331326589861,0.003422669070684228
6.48,-0.3640253033034868,-1.1717752039849647,0.15206429728325643
6.5,0.02591449439232344,-1.6291904776456927,0.21122757693365524
6.52,0.5427375240656419,-2.4044250221556704,0.03716040705314305
6.54,0.8982061546924182,-2.9549857898114475,-0.28823763102405037
6.56,1.700577575405678,-3.1825932830119488,-0.038871741588485165
6.58,2.6515906243315097,-3.119762857928674,0.352045961556092
6.6,3.1872383338935917,-2.498059468875103,0.2190508205237906
6.62,3.0566879564832075,-1.824038138312502,-0.055251657855331114
6.64,2.438407236500321,-1.3257953121657549,-0.0743208141062861
6.66,1.7783210585826483,-0.9004064419521437,-0.10047978486080127
6.68,1.4641689331662744,-0.48332976805305133,-0.10903645753751184
6.7,1.3519542829202702,-0.11612627204107202,-0.027625828927665557
6.73,1.3661339119273905,0.22736301683830945,0.13079485377257585
6.75,1.2918130978211044,0.5679185893713902,0.25670018030131714
6.77,1.0439140665586897,1.017266143079791,0.11441493750572991
6.79,0.7928368425877823,2.0932066130855973,0.011490389023011338
6.81,0.6133911927390521,3.0539987164990983,-0.11808208293860586
6.83,0.6549521743116462,2.1076307184549092,-0.26672371115117804
6.85,1.2348501054304313,1.1659077712923631,-0.31561898358952417
6.87,1.6646395501634936,0.837576016868869,-0.41756562662347585
6.89,1.6881092809338996,0.5759863093237173,-0.6476178834458943
6.91,2.1619044708614736,0.28970448919720077,-0.962747914311035
6.93,3.5038352229318828,-0.3899397976958103,-1.2390062035876905
6.95,4.684167099593558,-3.4615408122727134,-1.5067078201876356
6.97,3.513614277419552,-2.759160223695871,-1.6927543318155425
6.99,3.0114598294777375,-3.1581456467927755,-1.9330745958500137
7.01,1.9421202212511077,-2.784830241726003,-1.5125752528802372
7.03,1.7406716988051218,-2.4657885890657947,-0.9835284050973321
7.05,1.3832472572808117,-2.345995171591847,-0.8187513369801057
7.07,0.6930904868135562,-2.2961219937047335,-0.8033493261620267
7.09,-0.15744277725147449,-2.0775601259053267,-0.6402835925801424
7.11,-0.9072517800935122,-1.6973993826971854,-0.44470250282675794
7.13,-1.4169849952632705,-1.3319072212205483,-0.24007578767227944
7.15,-1.742383033340464,-1.111634018885799,-0.10243559575833511
7.18,-1.793967545762919,-0.9967301286556856,-0.03349326162026709
7.2,-1.7040002444763622,-0.9647037252085688,-0.057207468752864955
7.22,-1.385692020902729,-0.9747272560584298,-0.10585826482901935
7.24,-0.9488127616661064,-1.078140757265532,-0.03936069431286862
7.26,-0.4801515753445589,-1.3231060721816459,0.09974635577422608
7.28,-0.09363444671943282,-1.9076490541820736,0.056229563304098035
7.3,0.5449378113253674,-2.685083885951777,-0.11294807933257953
7.32,0.9417229471625462,-2.553555603092626,-0.03300430889588363
7.34,2.269474070225835,-3.140543348714971,0.1486416282125722
7.36,3.259603337102344,-2.9757662805977447,0.3092625981725392
7.38,3.1009381780399106,-2.3433059316077376,0.11539284295449684
7.4,2.714176573052593,-1.683219753690065,-0.022491825321639215
7.42,2.100785380313541,-1.114323258869908,0.01735782171561287
7.44,1.7863887785349755,-0.6165693854475446,0.09021177764874859
7.46,1.6492375393454146,-0.18189041347064755,0.20193747517036947
7.48,1.55535861626379,0.13470647556764356,0.2652568529780277
7.5,1.466369220426,0.43027839745744584,0.381138648656908
7.52,1.2426733490205666,0.7031140176634172,0.38676160498731776
7.54,0.9287656999663845,1.0930538153592275,0.25058827124652383
7.56,0.6586193197445221,1.5886074015218654,0.13397304648106836
7.58,0.5187788405708523,1.8274608073831862,0.01735782171561287
7.6,0.5302692295938636,1.577850441585429,-0.11465941386792164
7.63,0.9967301286556856,0.8691134675916022,-0.2180729150750237
7.65,1.1729975857959234,0.5828316474650858,-0.36915930690951315
7.67,1.3441310393301347,0.3173303181248663,-0.6280597744705558
7.69,1.98905968279192,-0.10414693029367723,-0.9158084527702227
7.71,3.4048222962442316,-1.21773676007701,-1.0725178009351222
7.73,3.5141032301439354,-2.573602664792348,-1.1495278550255172
7.75,3.1720807994377043,-1.72771445160896,-1.1698193930874308
7.77,3.0205054548788315,-2.662103107905754,-1.3695565809980748
7.79,1.9959050209332885,-2.454542676404975,-1.314060446780552
7.81,1.5815175870183051,-2.124988540170522,-0.9302325581395349
7.83,1.3949821226660146,-1.8915136142774196,-0.6532408397763041
7.85,1.0683617027778627,-1.841884912752498,-0.5989670873697399
7.87,0.6383277816826085,-1.7216025425541668,-0.5456712404119427
7.89,0.1877578461632491,-1.5512025181065305,-0.4385905937719647
7.91,-0.21856186779940714,-1.338508082999725,-0.28897106011062557
7.93,-0.5720746875286495,-1.1101671607126486,-0.1630657335818843
7.95,-0.8920942456376248,-1.0030865140726706,-0.08678910857806435
7.97,-1.0986767716896373,-1.0365797756929376,-0.022491825321639215
7.99,-1.2116248510222167,-1.0512483574244416,-0.0022002872597255752
8.01,-1.2099135164868746,-0.9730159215230877,-0.015157534455887297
8.03,-0.9915961250496592,-0.8854933838584481,0.09803502123888397
8.05,-0.6165693854475446,-0.9908626959630841,0.29630535097637745
8.07,-0.2669681875133698,-1.1744644439690737,0.3200195581089753
8.09,-0.009290101763285763,-1.6091434159459708,0.08361091586957185
8.12,0.6190141490694618,-2.1002964275891576,-0.052317941509030345
8.14,1.8281942364697612,-2.210555266937628,0.0919231121840907
8.16,3.3654616019313632,-2.500993185221404,0.4412798337560737
8.18,3.480609968523668,-1.8132811783760656,0.35375729609143414
8.2,2.918314335482688,-1.6575497356599334,0.16208782813311737
8.22,2.3161690554044556,-1.1964673165663295,0.1767564098646212
8.24,1.934541454023164,-0.8632460348990006,0.1312838064969593
8.26,1.7607187605048435,-0.5388259022705743,0.10512483574244415
8.28,1.7761207713229228,-0.2471656021758396,0.11685970112764722
8.3,1.6267457140237753,0.0041560981572594195,0.14252971915777893
8.32,1.2927910032698713,0.2183173914372154,0.18824679888763254
8.34,0.9512575252880237,0.3764935977752651,0.22418482412981694
8.36,0.6329493017143905,0.5913883201417963,0.15450906090517372
8.38,0.3373773798245882,1.3037924395684992,0.06992023958683495
8.4,0.2166060569018733,2.5146838615041407,0.09681263942792531
8.42,0.022247348959447483,2.7960761543868227,-0.28603734376432477
8.44,0.25303303486844114,1.5666045289246096,-0.31610793631390766
8.46,0.7390520429056016,1.277633468813984,-0.3630473978547199
8.48,0.9302325581395349,1.2101579928490664,-0.4994652079577056
8.5,1.2248265745805702,0.8859823365828317,-0.6632643706261651
8.52,2.750359074656969,0.5405372368059164,-0.7811019772025792
8.54,5.089019955383064,-0.1383736210005195,-1.062494270085261
8.56,4.048528557895058,-2.6056290682394647,-1.29401338508083
8.58,3.2735384897472724,-1.8252605201234606,-1.1659077712923631
8.6,3.1601014576903097,-2.0973627112428566,-1.137792989640314
8.62,2.045289246096018,-2.2809644592488465,-1.018977477615133
8.64,1.6362802921492527,-1.9069156250954986,-0.689667817742872
8.66,1.3553769519909544,-1.7858998258105918,-0.494575680713871
8.68,0.7644775845735415,-1.865599119885096,-0.4850411025883935
8.7,0.035938025242184396,-1.8988479051431715,-0.44641383736210005
8.72,-0.7515203373773798,-1.737737982458821,-0.3823610304678666
8.74,-1.225804480029337,-1.3715123918956085,-0.24203159856981327
8.76,-1.3737126791553342,-1.0967209607921033,-0.0743208141062861
8.78,-1.3150383522293188,-0.9994193686397946,-0.01980258533753018
8.8,-1.1607737676863368,-0.9986859395532194,-0.026403447116706905
8.82,-0.8862268129450234,-0.9749717324206215,-0.026158970754515173
8.84,-0.5493383858448186,-0.9950187941203434,0.038871741588485165
8.86,-0.2180729150750237,-1.1619961494972955,0.16991107172325276
8.88,0.08581120312929744,-1.4930171439048987,0.13886257372490296
8.9,0.3821165541056749,-2.0582464932921796,0.04547260336766189
8.92,1.016288237631024,-2.258472633927207,0.031048497998349783
8.94,2.558934083060844,-2.9588974116065154,0.18335727164379795
8.96,3.6776579164502032,-2.482901934419216,0.22834092228707636
8.98,3.433670506982856,-1.8795342725300248,0.01686886899122941
9.0,2.910246615530361,-1.2497631635241266,-0.04620603245423708
9.02,2.3090792409008953,-0.6806221923417779,-0.011490389023011338
9.04,1.890046756104269,-0.2765027656388473,0.01711334535342114
9.06,1.6746630810133545,0.06698652324053418,0.12761666106408337
9.09,1.5079302019985943,0.3498456742963665,0.28261467469364054
9.11,1.275922134278642,0.6329493017143905,0.34813433976102437
9.13,0.9287656999663845,1.1248357424441524,0.1982703297374935
9.15,0.6072792836842588,1.939186504904807,0.07847691226354551
9.17,0.3092625981725392,2.3252146808055496,-0.08605567949148916
9.19,0.20047061699721908,1.8785563670812577,-0.25767808575008405
9.21,0.5400482840815328,1.2778779451761757,-0.32637594352596033
9.23,0.8884271002047489,1.062494270085261,-0.34006661980869723
9.25,0.9940408886715766,0.8524890749625645,-0.4828408153286679
9.27,1.3377746539131496,0.5833206001894692,-0.6869785777587629
9.29,2.766738990923815,0.24863246034899,-0.8065275188705192
9.31,4.573663783882895,-0.5769642147724842,-0.9876845032545916
9.33,4.059285517831494,-2.8060996852366835,-1.117990404302784
9.35,3.436604223329157,-2.028909329829172,-0.9889068850655502
9.37,3.1532561195489412,-2.6063624973260398,-1.0184885248907496
9.39,1.7335818843015616,-2.461876967270727,-1.0047978486080127
9.41,1.153439476820585,-2.10347462029765,-0.5838095529138526
9.43,0.8928276747242001,-1.7462946551355316,-0.28530391467774957
9.45,0.35864682333526876,-1.6489930629832228,-0.23200806771995233
9.47,-0.3491122452097913,-1.5683158634599517,-0.23738654768817039
9.49,-1.0923203862726523,-1.4966842893377745,-0.31390764905418206
9.51,-1.5585368089722824,-1.353910093817804,-0.2765027656388473
9.53,-1.5910521651437826,-1.155150811355927,-0.12126027564709838
9.55,-1.379335635485744,-1.0864529535800507,-0.05207346514683862
9.58,-1.0475812119915655,-1.0925648626348439,0.002444763621917306
9.6,-0.6522629343275372,-1.0832747608715583,0.06747547596491764
9.62,-0.32979861259664456,-1.1162790697674418,0.12443846835559087
9.64,-0.0799437704366959,-1.2319163890841305,0.1894691806985912
9.66,0.20340433334351984,-1.5807841579317299,0.18629098799009872
9.68,0.8559117440332488,-2.394890444030193,-0.09216758854628243
9.7,1.9242734468111113,-2.454542676404975,-0.10781407572655319
9.72,3.5632429789444733,-2.764783180026281,0.0975460685145005
9.74,3.7554013996271736,-1.8323503346270207,0.02591449439232344
9.76,3.1928612902240014,-1.3336185557558904,-0.16746630810133545
9.78,2.3181248663019893,-0.8016379916266846,-0.07260947957094398
9.8,1.8435962472878402,-0.5148672187757846,-0.08605567949148916
9.82,1.6362802921492527,-0.2972832564251444,-0.14766372276380527
9.84,1.525288023714207,-0.061119090547932645,-0.12052684656052318
9.86,1.3477981847630107,0.1743116462427039,-0.016135439904654218
9.88,1.0673837973290958,0.38896189224704336,0.12492742107997433
9.9,0.7872138862573724,0.6251260581242551,0.1821348898328393
9.92,0.5209791278305779,1.3006142468600066,0.18286831891941446
9.94,0.30266173639336247,2.2391590013140603,0.22247348959447483
9.96,0.008312196314518839,2.4313174219967606,-0.17553402805366256
9.98,-0.1679552608257189,1.7071784371848546,-0.39874094673471255
10.0,0.0982794976010757,1.324817406716988,-0.42807811019772024
10.02,0.6336827308009657,1.300369770497815,-0.4244109647648443
10.04,1.1311921278611374,1.1011215353115544,-0.6432173089264431
10.07,3.2940745041713777,0.5099776915319499,-0.984506310546099
10.09,5.0758182318247105,-0.2628120893561104,-1.21773676007701
10.11,4.301317116401308,-2.848394095895853,-1.3798245882101274
10.13,3.6678788619625338,-2.1364789291935335,-1.2082021819515325
10.15,3.249335329890291,-2.3572410842526663,-1.1236133606331937
10.17,1.959966995691104,-2.3261925862543165,-0.9625034379488433
10.19,1.5802952052073465,-2.046267151544785,-0.595299941936864
10.21,1.2629648870824801,-1.851175014515784,-0.41585429208813374
10.23,0.74589738104697,-1.7692754331815541,-0.36329187421691167
10.25,0.10732512300216973,-1.6592610701952755,-0.28163676924487363
10.27,-0.5131558842404425,-1.425541667939981,-0.2180729150750237
10.29,-1.0157992849066406,-1.2145585673685175,-0.1630657335818843
10.31,-1.335818843015616,-1.106255538917581,-0.038871741588485165
10.33,-1.4605017877333986,-1.0595605537389603,0.03813831250190997
10.35,-1.4252971915777892,-1.0529596919597837,0.03202640344711671
10.37,-1.129725269687987,-0.9493017143904898,0.05891880328820707
10.39,-0.6992023958683494,-0.9429453289735048,0.16379916266845948
10.41,-0.3080402163615805,-1.0656724627937537,0.24643217308926443
10.43,0.02469211258136479,-1.2182257128013936,0.32808727806130245
10.45,0.466460899061822,-1.679552608257189,0.14179629007120373
10.47,1.383736210005195,-2.4286281820126514,-0.062096995996699565
10.49,2.3780215750389635,-2.257983681202824,0.2038932860679033
10.51,3.4820768266968187,-2.2807199828866547,0.3376218561867799
10.53,3.540751153622834,-1.538978699996944,0.09852397396326742
10.56,3.0339516547993766,-1.0937872444458026,0.03569354887999267
10.58,2.314946673593497,-0.7128930721510863,0.07089814503560186
10.6,1.7898114476056597,-0.46963909177031443,-0.003911621795067689
10.62,1.5509580417443387,-0.22345139504324174,-0.010512483574244415
10.64,1.4639244568040828,0.022491825321639215,0.036182501604376124
10.66,1.2993918650490481,0.23958683494789598,0.12492742107997433
10.68,1.044403019283073,0.4278336338355285,0.2119610060202304
10.7,0.7634996791247746,0.6632643706261651,0.2190508205237906
10.72,0.48968615347003636,1.3925373590440975,0.16673287901476025
10.74,0.30070592549582864,2.209821837851053,0.11563731931668857
10.76,0.011001436298627876,2.4259389420285427,-0.31781927084924977
10.78,0.1063472175534028,1.4925281911805153,-0.35986920514622744
10.8,0.6165693854475446,1.126058124255111,-0.3513125324695168
10.82,0.9253430308957002,1.00724261222993,-0.40069675763224644
10.84,1.1502612841120925,0.7207163157412217,-0.5864987928979617
10.86,2.2716743574855607,0.4684167099593558,-0.6889343886562967
10.88,4.336521712556917,0.2134278641933808,-0.8896494820157076
10.9,4.5115667878861965,-2.056046206032454,-1.0566268373926595
10.92,3.454450997769153,-2.6655257769764384,-1.0495370228890994
10.94,2.9202701463802216,-1.6392140084955535,-0.8001711334535342
10.96,2.165816092656541,-2.1271888274302477,-0.7045808758365676
10.98,1.5223543073679062,-1.738715887907588,-0.4285670629221037
11.0,1.1852214039055098,-1.526265929162974,-0.2652568529780277
11.01,0.8774256639061211,-1.4570791186627143,-0.2317635913577606
11.037,0.5248907496256455,-1.3952265990282064,-0.22980778046022673
11.057,0.014179629007120373,-1.3634446719432816,-0.2126944351068056
11.077,-0.5378479968218073,-1.2896128105613789,-0.22907435137365156
11.097,-0.937322372643095,-1.164196436757021,-0.18751336980105734
11.117,-1.1803318766616753,-1.0737401827460806,-0.09876845032545915
11.137,-1.2791003269871344,-1.007976041316505,-0.05867432692601534
11.157,-1.2064908474161904,-0.9576139107050087,-0.06600861779176725
11.177,-0.9143415945970724,-0.9326773217614521,-0.011001436298627876
11.197,-0.5134003606026343,-0.9761941142315802,0.12003789383613972
11.217,-0.2190508205237906,-1.1319255569477127,0.19289184976927543
11.237,0.042783363383552854,-1.4773706567246279,0.024203159856981328
11.257,0.38333893591663354,-2.058735446016563,-0.0415609815725942
11.277,1.0001527977263698,-1.9697460501787734,-0.0327598325336919
11.297,2.289521131925557,-2.7087980930843747,0.21391681691776426
11.317,3.2635149588974115,-2.574336093878923,0.3581578706108853
11.337,3.2097301592152307,-2.0936955658099805,0.20169299880817773
11.357,2.931027106316658,-1.7883445894325092,0.11783760657641414
11.377,2.4794792653485316,-1.238517250863307,0.09607921034135011
11.397,2.087094704030804,-0.828530391467775,0.043761268832319775
11.417,1.6617058338171928,-0.4371237355988143,0.047183937903004
11.437,1.47908199125997,-0.09265654127066589,0.11294807933257953
11.457,1.3165052104024693,0.1904470861473581,0.18677994071448217
11.477,1.0984322953274455,0.4405464046694985,0.2412981694832381
11.497,0.8935611038107752,0.80946123521682,0.16648840265256853
11.53,0.6036121382513828,2.2293799468263913,0.16844421355010236
11.55,0.3757601686886899,2.380466338660881,-0.008801149038902301
11.57,0.31781927084924977,1.5551141399015982,-0.11319255569477125
11.59,0.5918772728661797,0.9485682853039147,-0.14204076643339547
11.61,0.7991932280047672,0.8295082969165418,-0.16404363903065122
11.63,0.8627570821746172,0.7388075665434098,-0.30021697277144516
11.65,1.2561195489411117,0.49726492069798,-0.4324786847171714
11.67,2.6254316535769946,0.3075512636371971,-0.5424930477034502
11.69,4.470739235400178,-0.38480579408978394,-0.821196100602023
11.71,4.1548757754484615,-3.406533630779574,-0.984506310546099
11.73,2.8327476087155823,-2.1110533875255935,-0.8854933838584481
11.75,2.7146655257769763,-2.2147113650948875,-0.7480976683066956
11.77,1.760474284142652,-2.1325673073984657,-0.6050789964245332
11.79,1.4629465513553157,-1.804724505699355,-0.3395776670843138
11.81,1.184243498456743,-1.7428719860648474,-0.24667664945145615
11.83,0.708736973993827,-1.6690401246829447,-0.22956330409803502
11.85,0.1535311554564068,-1.5732053907037864,-0.19949271154845216
11.87,-0.3368884271002047,-1.3957155517525899,-0.15157534455887295
11.89,-0.7094704030804021,-1.1729975857959234,-0.12908351923723374
11.91,-0.9277877945176175,-0.9708156342633621,-0.08043272316107936
11.93,-1.0448919720074565,-0.8703358494025609,-0.038871741588485165
11.95,-1.0395134920392384,-0.8984506310546099,-0.013935152644928643
11.97,-0.9231427436359747,-0.8752253766463954,0.0014668581731503835
11.99,-0.78403569354888,-0.7965039880206582,0.06576414142957553
12.01,-0.4948201570760627,-0.8123949515631207,0.19533661339119274
12.03,-0.13935152644928644,-1.0214222412370504,0.22809644592488462
12.05,0.19998166427283562,-1.4607462640955902,0.028359258014240746
12.07,0.4637716590777129,-1.8885798979311188,0.02982611618739113
12.09,0.7053143049231427,-1.7871222076215505,0.05500718149313938
12.11,1.2898572869235705,-2.4215383675090916,0.036182501604376124
12.13,1.86755493078263,-2.7598936527824467,0.13323961739449316
12.15,2.2107997432998197,-2.421782843871283,0.06723099960272591
12.17,2.3706872841732114,-2.173639336246677,-0.040827552486019006
12.19,1.9915044464138374,-1.6683066955963695,-0.14570791186627144
12.21,1.5465574672248876,-1.313082541331785,-0.1972924242887266
12.23,1.395471075390398,-0.9187421691165235,-0.19802585337530176
12.25,1.2514744980594688,-0.5559392476239954,-0.17064450080982796
12.27,1.1368150841915472,-0.27308009656816307,-0.08507777404272224
12.29,1.0287565321028023,-0.04204993429697766,0.03178192708492498
12.31,0.922898267273783,0.13495095192983528,0.1904470861473581
12.33,0.821196100602023,0.30021697277144516,0.2936161109922684
12.35,0.6935794395379397,0.4933532989029123,0.28603734376432477
12.37,0.5138893133270177,0.7471197628579287,0.20902728967392964
12.39,0.3676924487363628,1.065427986431562,0.22516272957858385
12.41,0.31219631451883995,1.0204443357882835,0.25278855850624943
12.43,0.5202456987440027,0.5244017969012621,0.2500993185221404
12.45,0.6860006723099961,0.23151911499556885,0.07163157412217706
12.47,0.8786480457170797,0.07040919231121841,0.042783363383552854
12.48,1.170552822174006,-0.04253888702136112,0.19386975521804234
12.51,1.7925006875897687,-0.6353940653363078,0.10047978486080127
12.53,2.8672187757846164,-4.244109647648443,-0.07847691226354551
12.55,1.0338905357088286,-1.8149925129114077,-0.233230449530911
12.57,1.3830027809186198,-2.068025547779849,-0.2508327476087156
12.59,1.3128380649695932,-2.1619044708614736,-0.16648840265256853
12.61,1.241450967209608,-2.239403477676252,-0.03911621795067689
12.63,1.088897717201968,-2.1792622925770866,-0.01711334535342114
12.65,0.9043180637472115,-1.9990832136417809,-0.033248785258075356
12.67,0.7510313846529963,-1.8668215016960548,-0.030804021636158054
12.69,0.5845429820004279,-1.7047336735629373,-0.0440057451945115
12.71,0.3786938850349907,-1.4693029367723007,-0.05842985056382361
12.73,0.18042355529749718,-1.2817895669712434,-0.07480976683066956
12.75,0.055985086941906306,-1.0766738990923814,-0.06356385416984996
12.77,-0.0046450508816428815,-0.9109189255263882,-0.053540323319988994
12.79,-0.049628701524921305,-0.729517464780124,-0.028603734376432478
12.81,-0.06894233413806802,-0.5527610549155029,-0.009290101763285763
12.83,-0.06136356691012437,-0.4547260336766189,0.002444763621917306
12.85,-0.05011765424930477,-0.47599547718729945,-0.02469211258136479
12.87,-0.03153745072273324,-0.5855208874491947,-0.06625309415395898
12.89,-0.031048497998349783,-0.6136356691012438,-0.09583473397915838
12.91,-0.07627662500381995,-0.5899214619686459,-0.11294807933257953
12.93,-0.052317941509030345,-0.5855208874491947,-0.10830302845093664
12.95,0.008801149038902301,-0.6246371053998716,-0.09632368670354186
12.97,0.05500718149313938,-0.7248724138984812,-0.1615988754087339
13.0,0.16575497356599334,-0.9096965437154295,-0.17455612260489564
13.02,0.3046175472908963,-1.0206888121504751,-0.06894233413806802
13.04,0.34666748158787397,-0.8700913730403691,0.0
13.06,0.4669498517862054,-0.9258319836200837,0.1166152247654555
13.08,0.7625217736760077,-1.2204260000611191,0.29679430370076093
13.1,1.0840081899581333,-1.4098951807597102,0.3813831250190997
13.12,1.1693304403630473,-1.3962045044769733,0.4072976194114232
13.14,1.0329126302600617,-1.4825046603306542,0.4217217247807353
13.16,0.8363536350579103,-1.5358005072884515,0.44665831372429177
13.18,0.6505515997921951,-1.460990740457782,0.4224551538673105
13.2,0.5288023714207133,-1.34486446841671,0.3498456742963665
13.22,0.4931088225407206,-1.1964673165663295,0.28725972557528345
13.24,0.5500718149313938,-1.0265562448430767,0.26843504568652016
13.26,0.6419949271154846,-0.8732695657488616,0.2791920056229563
13.28,0.7446749992360113,-0.7182715521193045,0.27234666748158787
13.3,0.78403569354888,-0.6253705344864469,0.25376646395501634
13.32,0.7708339699905266,-0.5510497203801608,0.22956330409803502
13.34,0.729517464780124,-0.4796626226201754,0.2190508205237906
13.36,0.6957797267976652,-0.43223420835497967,0.21489472236653118
13.38,0.6874675304831463,-0.43272316107936315,0.20438223879228676
13.4,0.8705803257647526,-0.657885890657947,0.3899397976958103
13.42,1.0294899611893775,-0.817528955169147,0.4649940408886716
13.44,0.8774256639061211,-0.7498090028420377,0.3755156923264982
13.45,0.7300064175045076,-0.7874583626195643,0.29386058735446013
13.48,0.49848730250893863,-0.8568896494820157,0.13446199920545182
13.5,0.393851419490878,-0.897472725605843,0.05574061057971457
13.52,0.43516792470128046,-0.9622589615866516,0.041805457934785926
13.54,0.4989762552333221,-0.9827949760107569,0.07774348317697033
13.56,0.529046847782905,-1.0199553830638999,0.09167863582189897
13.58,0.5288023714207133,-1.0458698774562234,0.08409986859395532
13.6,0.5344253277511231,-1.0285120557406107,0.07798795953916206
13.62,0.5468936222229013,-0.9688598233658283,0.08947834856217339
13.64,0.5490939094826269,-0.9515020016502155,0.0911896830975155
13.66,0.5483604803960517,-0.9534578125477493,0.08654463221587262
13.68,0.5957888946612474,-0.9654371542951441,0.10903645753751184
13.7,0.6595972251932891,-0.9928185068606179,0.1535311554564068
13.72,0.6449286434617852,-0.9925740304984262,0.16599944992818508
13.74,0.5552058185374201,-0.952724383461174,0.1486416282125722
13.76,0.4503254591571677,-0.9167863582189897,0.11319255569477125
13.78,0.38480579408978394,-0.869357943953794,0.08018824679888763
13.8,0.321241939919934,-0.8231519114995569,0.0655196650673838
13.82,0.25229960578186594,-0.7872138862573724,0.06283042508327476
13.84,0.20022614063502733,-0.7356293738349173,0.06454175961861687
13.86,0.19802585337530176,-0.6517739816031537,0.07163157412217706
13.88,0.21636158053968157,-0.5833206001894692,0.08165510497203801
13.9,0.2342083549796779,-0.5432264767900253,0.09241206490847416
13.92,0.2669681875133698,-0.532713993215781,0.10292454848271858
13.94,0.29899459096048653,-0.5378479968218073,0.10659169391559453
13.97,0.34348928887938146,-0.5701188766311157,0.11099226843504569
13.99,0.424655441127036,-0.6422394034776763,0.12199370473367356
14.01,0.5053326406503071,-0.7439415701494362,0.14130733734682027
14.03,0.5564282003483788,-0.8625126058124255,0.15328667909421506
14.05,0.5640069675763224,-0.947345903492956,0.14277419551997067
14.07,0.5559392476239954,-0.9952632704825352,0.13397304648106836
14.09,0.5407817131681081,-1.039024539314855,0.1271277083396999
14.11,0.5774531674968676,-1.042691684747731,0.12419399199339913
14.13,0.6163249090853528,-1.0016196558995203,0.13715123918956085
14.15,0.6104574763927513,-0.9444121871466552,0.15622039544051583
14.17,0.6199920545182288,-0.8854933838584481,0.18189041347064755
14.19,0.6410170216667176,-0.8424655441127036,0.19704794792653485
14.21,0.6818445741527366,-0.8133728570118877,0.19924823518626042
14.23,0.7126485957888946,-0.7688781590929927,0.1972924242887266
14.25,0.7018916358524585,-0.7322067047642331,0.20022614063502733
14.27,0.6583748433823304,-0.724138984811906,0.19802585337530176
14.29,0.6058124255111084,-0.7170491703083458,0.19313632613146717
14.31,0.5539834367264616,-0.7104483085291691,0.18360174800598966
14.33,0.521712556917153,-0.7023805885768419,0.17528955169147084
14.35,0.5263576077987959,-0.7248724138984812,0.17382269351832044
14.37,0.5525165785533112,-0.7644775845735415,0.1838462243681814
14.39,0.5537389603642697,-0.7806130244781957,0.17993460257311372
14.41,0.539070378632766,-0.7762124499587446,0.1750450753292791
14.43,0.5258686550744125,-0.7698560645417596,0.17064450080982796
14.457,0.5097332151697582,-0.7759679735965529,0.16184335177092565
14.477,0.4955535861626379,-0.7793906426672371,0.16428811539284294
14.497,0.4764844299116829,-0.7752345445099776,0.16037649359777525
14.517,0.478195764447025,-0.7732787336124438,0.15622039544051583
14.537,0.4701280444946979,-0.772300828163677,0.15230877364544815
14.557,0.46254927726675427,-0.7617883445894325,0.14668581731503835
14.577,0.45521498640100233,-0.7546985300858723,0.14326314824435413
14.597,0.45619289184976924,-0.7564098646212144,0.14424105369312104
14.617,0.45448155731442713,-0.7600770100540903,0.14521895914188795
14.637,0.45594841548757753,-0.752253766463955,0.14448553005531278
14.657,0.46254927726675427,-0.7566543409834061,0.1461968645906549
14.677,0.47501757173853254,-0.7664333954710754,0.14913058093695566
14.697,0.48895272438346116,-0.7781682608562784,0.15402010818079026
14.717,0.48870824802126944,-0.7842801699110717,0.15695382452709103
14.737,0.4938422516272958,-0.7928368425877823,0.16110992268435045
14.757,0.49115301164318675,-0.7972374171072334,0.15695382452709103
14.777,0.49041958255661156,-0.7989487516425755,0.1518198209210647
14.797,0.4953091098004462,-0.805794089783944,0.15133086819668123
14.817,0.4987317788711304,-0.8040827552486018,0.14766372276380527
14.837,0.5092442624453748,-0.7969929407450417,0.1461968645906549
14.857,0.5141337896892094,-0.8016379916266846,0.14130733734682027
14.877,0.5178009351220854,-0.7955260825718913,0.13397304648106836
14.897,0.5153561715001681,-0.7701005409039513,0.13372857011887662
14.917,0.5087553097209914,-0.7383186138190263,0.1376401919139443
14.95,0.4965314916114048,-0.7009137304036915,0.1312838064969593
14.97,0.4733062372031904,-0.7072701158206766,0.11392598478134645
14.99,0.44421355010237445,-0.7339180392995752,0.09387892308162454
15.01,0.4637716590777129,-0.697735537695199,0.08165510497203801
15.03,0.6221923417779543,-0.6080127127708339,0.10170216667175992
15.05,0.7999266570913425,-0.512666931516059,0.11857103566298934
15.07,0.9118968309751551,-0.48650796076154385,0.10268007212052685
15.09,0.937322372643095,-0.5578950585215292,0.0767655777282034
15.11,0.8358646823335268,-0.6522629343275372,0.04522812700547016
15.13,0.808483329768053,-0.7033584940256089,0.026403447116706905
15.15,0.8564006967576322,-0.7581211991565565,0.03300430889588363
15.17,0.8671576566940684,-0.7745011154234025,0.03300430889588363
15.19,0.8471105949943465,-0.724138984811906,0.03447116706903401
15.21,0.8233963878617486,-0.6681538978699997,0.05060660697368823
15.23,0.78403569354888,-0.6168138618097363,0.07285395593313572
15.25,0.7243834611740977,-0.5899214619686459,0.08581120312929744
15.27,0.6850227668612291,-0.5997005164563152,0.0911896830975155
15.29,0.6522629343275372,-0.6224368181401461,0.09730159215230877
15.31,0.6275708217461724,-0.6561745561226049,0.10219111939614338
15.33,0.6028787091648076,-0.6911346759160224,0.0982794976010757
15.35,0.5828316474650858,-0.7212052684656052,0.09143415945970723
15.37,0.5476270513094765,-0.7466308101335452,0.07945481771231244
15.39,0.5114445497051003,-0.7625217736760077,0.06845338141368457
15.4,0.4997096843198973,-0.764966537297925,0.07309843229532745
15.43,0.48919720074565287,-0.7593435809675152,0.0767655777282034
15.45,0.4764844299116829,-0.7639886318491581,0.06674204687834245
15.47,0.4515478409681264,-0.8075054243192861,0.04547260336766189
15.49,0.41683219753690065,-0.8258411514836659,0.026892399841090365
15.51,0.4080310484979983,-0.8517556458759894,0.030804021636158054
15.53,0.41560981572594197,-0.9654371542951441,0.031292974360541514
15.55,0.3518014851939003,-1.0554044555817008,-0.0070898145035601864
15.57,0.2508327476087156,-0.979127830577881,-0.016135439904654218
15.59,0.17846774439996332,-0.9859731687192494,-0.03716040705314305
15.61,0.1366622864651774,-1.2108914219356415,-0.09070073037313205
15.63,0.07138709775998534,-1.3341075084802738,-0.16110992268435045
15.65,0.09387892308162454,-1.3169941631268527,-0.14424105369312104
15.67,0.14252971915777893,-1.2302050545487884,-0.05158451242245515
15.69,0.1391070500870947,-1.2152919964550928,-0.020536014424105367
15.71,0.12883904287504203,-1.2228707636830363,-0.0019558108975338447
15.73,0.2285853986492681,-1.2783668979005591,0.05378479968218073
15.75,0.4050973321516976,-1.40842832258656,0.10903645753751184
15.77,0.5222015096415366,-1.602542554166794,0.14986401002353084
15.79,0.5019099715796229,-1.7682975277327873,0.24423188582953886
15.81,0.48919720074565287,-1.800323931179904,0.29459401644103533
15.83,0.4630382299911377,-1.6291904776456927,0.3190416526602084
15.85,0.6539742688628793,-1.4025608898939583,0.34153347798184763
15.87,0.9585918161537756,-1.1375485132781225,0.3346881398404792
15.89,1.0250893866699264,-0.8586009840173578,0.2862818201265165
15.92,1.0148213794578735,-0.5454267640497509,0.3363994743758213
15.94,1.0013751795373285,-0.33933319072212204,0.443724597377991
15.96,0.9111634018885799,-0.12272713382024875,0.4403019283073068
15.98,0.7781682608562784,0.07016471594902668,0.36891483054732144
16.0,0.6395501634935672,0.2500993185221404,0.2892155364728173
16.02,0.5256241787122208,0.5207346514683862,0.195092137029001
16.04,0.5200012223818109,0.7979708461938086,0.1894691806985912
16.06,0.6847782904990374,0.843932402285854,0.18971365706078294
16.08,0.9216758854628243,0.5224459860037283,0.1127036029703878
16.1,1.078140757265532,0.13935152644928644,-0.0046450508816428815
16.12,1.2578308834764538,-0.195092137029001,-0.10243559575833511
16.14,1.7350487424747119,-0.5297802768694801,-0.21709500962625675
16.16,2.650612718882743,-1.3377746539131496,-0.37233749961800566
16.18,2.9278489136081656,-2.522018152369893,-0.6322158726278153
16.2,2.4442746691929225,-2.191730587048865,-0.760321486416282
16.22,2.5278855850624944,-2.883843168413654,-0.824863246034899
16.24,1.9125385814259084,-2.7828744308284694,-0.9143415945970724
16.26,1.4123399443816276,-2.4538092473183997,-0.8869602420315985
16.28,1.0155548085444488,-2.1110533875255935,-0.7124041194267029
16.3,0.7278061302447819,-1.8800232252544082,-0.5708523057176909
16.32,0.31610793631390766,-1.6885982336582832,-0.5295358005072884
16.34,-0.30021697277144516,-1.4353207224276503,-0.5400482840815328
16.36,-0.8654463221587263,-1.1759313021422242,-0.5251352259878372
16.38,-1.184243498456743,-0.9869510741680163,-0.4371237355988143
16.41,-1.3788466827613606,-0.9084741619044708,-0.3606026342328026
16.43,-1.5274883109739328,-0.8427100204748953,-0.4148763866393668
16.45,-1.4832380894172295,-0.7224276502765639,-0.37135959416923875
16.47,-1.1299697460501787,-0.8158176206338049,-0.27308009656816307
16.49,-0.7216942211899887,-1.1607737676863368,-0.1303059010481924
16.51,-0.41658772117470894,-1.5218653546435228,-0.08189958133422974
16.53,-0.11612627204107202,-1.8714665525776977,-0.15866515906243314
16.55,0.3327323289429453,-2.4198270329737492,-0.292149252819118
16.57,0.7314732756776579,-2.602450875530972,-0.1679552608257189
16.59,1.6876203282095161,-2.9283378663325488,-0.03300430889588363
16.61,2.464321730892644,-2.786786052623537,0.22516272957858385
16.63,2.8378816123216084,-2.3288818262384257,0.14595238822846315
16.65,2.5601564648718025,-1.738471411545396,-0.09901292668765088
16.67,2.125966445619289,-1.2360724872413897,-0.047183937903004
16.69,1.6766188919108884,-0.7512758610151881,0.010512483574244415
16.71,1.4859273294013384,-0.34031109617088895,0.07627662500381995
16.73,1.4059835589646426,0.03447116706903401,0.18555755890352352
16.75,1.2991473886868563,0.3804052195703328,0.28359258014240746
16.77,1.0818079026984078,0.7874583626195643,0.1623323044953091
16.79,0.7833022644623048,1.5746722488769367,0.015157534455887297
16.81,0.5962778473856309,2.285853986492681,0.009534578125477493
16.83,0.5256241787122208,2.085383369495462,-0.06405280689423341
16.85,0.7916144607768236,1.267609937964123,-0.16819973718791065
16.87,1.1128564006967576,0.8280414387433915,-0.21244995874461386
16.89,1.1497723313877088,0.6926015340891727,-0.26843504568652016
16.91,1.2661430797909727,0.5388259022705743,-0.4368792592366226
16.93,2.0836720349601197,0.27283562020597135,-0.6124132872902851
16.95,3.7326650979433427,-0.4803960517067506,-0.9050514928337866
16.97,4.699324634049446,-3.357638358341228,-1.0074870885921217
16.99,3.389420285426153,-2.7545151728142283,-1.1583290040644194
17.01,3.0432417565626624,-3.16865813036702,-1.269565748861657
17.03,1.6208782813311737,-2.714910002139168,-1.0593160773767687
17.05,1.106255538917581,-2.2518717721480304,-0.6693762796809584
17.07,0.8431989731992787,-1.8387067200440057,-0.4957980625248296
17.09,0.3909177031445772,-1.6328576230785685,-0.47061699721908135
17.11,-0.176022980778046,-1.5749167252391285,-0.4926198698163371
17.13,-0.8568896494820157,-1.538978699996944,-0.5385814259083824
17.15,-1.459034929560248,-1.4138068025547779,-0.4962870152492131
17.17,-1.7282034043333434,-1.1610182440485286,-0.4063197139626562
17.19,-1.714268251688415,-1.0065091831433548,-0.37111511780704703
17.21,-1.4561012132139473,-0.972771445160896,-0.28237019833144883
17.23,-0.9478348562173394,-1.0047978486080127,-0.17553402805366256
17.25,-0.5295358005072884,-1.1529505240962015,-0.08996730128655686
17.27,-0.21636158053968157,-1.2492742107997432,0.023469730770406136
17.29,0.03960517067506036,-1.3988937444610825,0.09314549399504936
17.31,0.5285578950585215,-1.9560553738960365,0.011490389023011338
17.33,1.5949637869388502,-2.4794792653485316,-0.05182898878464688
17.35,2.7224887693671116,-2.3345047825688354,0.15206429728325643
17.36,3.275005347920423,-2.208599456040094,0.19142499159612505
17.39,3.202395868349479,-1.7330929315771781,0.0831219631451884
17.41,3.0273507930202,-1.2248265745805702,-0.07407633774409436
17.43,2.386578247715674,-0.7302508938666993,0.0022002872597255752
17.45,1.8817345597897503,-0.4821073862420927,0.020047061699721907
17.47,1.6401919139443204,-0.28725972557528345,-0.05378479968218073
17.49,1.4729700822051768,-0.09583473397915838,-0.06405280689423341
17.51,1.3367967484643828,0.13935152644928644,0.0075787672279436485
17.53,1.1485499495767504,0.37233749961800566,0.1464413409528466
17.55,0.9140971182348806,0.6341716835253491,0.1549980136295572
17.57,0.6779329523576689,1.188644072976194,0.022247348959447483
17.59,0.5224459860037283,2.10347462029765,0.01246829447177826
17.61,0.2412981694832381,2.4941478470800353,-0.2285853986492681
17.63,0.23958683494789598,1.5934969287657,-0.37453778687773126
17.65,0.6476178834458943,1.0307123430003362,-0.37355988142896435
17.67,1.069828560951013,0.9356110381077529,-0.4813739571555175
17.69,1.6778412737218469,0.6608196070042478,-0.7683892063686092
17.71,2.9295602481435075,0.28457048559117437,-0.9957522232069187
17.73,4.141674051890107,-0.6637533233505485,-1.3059927268282248
17.75,4.299850258228157,-3.277694587904532,-1.527243834611741
17.77,3.009992971304587,-2.2557833939430982,-1.5895853069706323
17.79,2.3543073679063653,-2.292943800996241,-1.3874033554380711
17.81,1.5311554564068086,-2.002505882712465,-0.9722824924365125
17.83,1.3563548574397213,-1.8519084436023592,-0.7106927848913608
17.84,1.1047886807444305,-1.7753873422363475,-0.623414723588913
17.87,0.6930904868135562,-1.7438498915136142,-0.5864987928979617
17.89,0.0919231121840907,-1.584206827002414,-0.4620603245423708
17.91,-0.43272316107936315,-1.3805580172967027,-0.33199889985637016
17.93,-0.8255966751214742,-1.2057574183296151,-0.21465024600433946
17.95,-1.0732512300216972,-1.0810744736118327,-0.12639427925312471
17.97,-1.130703175136754,-1.029978913913761,-0.06698652324053418
17.99,-1.0813189499740243,-1.0583381719280016,-0.009290101763285763
18.01,-0.9661705833817192,-1.0514928337866332,0.020047061699721907
18.03,-0.7779237844940867,-0.9717935397121291,0.07529871955505302
18.05,-0.61167985820371,-0.921920361825016,0.2029153806191364
18.07,-0.16331020994407602,-1.0373132047795128,0.3975185649237539
18.09,0.27234666748158787,-1.434587293341075,0.3452006234147236
18.11,0.45912660819607004,-2.1971090670170828,-0.07407633774409436
18.13,0.7745011154234025,-2.3626195642208843,-0.37429331051553955
18.15,2.0311096170888976,-3.026372887571433,-0.2349417840662531
18.17,4.069553525043547,-2.5929162974054947,0.3733154050667726
18.19,3.9206674204687832,-1.879289796167833,0.06820890505149284
18.21,3.222442930049201,-1.3822693518320448,-0.29972802004706167
18.23,2.40295816398252,-0.9297436054151514,-0.35546863062677625
18.25,1.7015554808544449,-0.5275799896097546,-0.32833175442349416
18.27,1.465391314977233,-0.12737218470189163,-0.17944564984873024
18.29,1.5001069584084588,0.16331020994407602,-0.06356385416984996
18.31,1.4274974788375148,0.44323564465360754,0.013690676282736913
18.33,1.1434159459707238,0.7155823121351954,0.07309843229532745
18.36,0.7028695413012255,1.436543104238609,-0.039849647037252085
18.38,0.5275799896097546,2.0611802096384806,-0.11759313021422241
18.4,0.295816398251994,2.338416404363903,-0.29801668551171956
18.42,0.3764935977752651,1.5485132781224216,-0.40191913944320506
18.44,0.7498090028420377,1.0025975613482871,-0.3650032087522538
18.46,1.114323258869908,0.7923478898633988,-0.3635363505791034
18.48,1.426519573388748,0.5693854475445406,-0.6375943525960334
18.5,2.0340433334351986,0.2615897075451517,-1.0720288482107385
18.52,3.081624545426764,-0.24643217308926443,-1.380069064572319
18.54,4.483696482596339,-1.7548513278122422,-1.331173792133973
18.56,4.0182134889832835,-3.0818690217889557,-1.4707697949454512
18.58,2.8153897869999693,-2.204198881520643,-1.4424105369312104
18.6,1.9379641230938482,-2.1895302997891393,-1.1580845277022278
18.62,1.400116126272041,-1.9113161996149497,-0.7686336827308009
18.64,1.1541729059071602,-1.7599853314182685,-0.5246462732634538
18.66,0.7586101518809399,-1.6235675213152827,-0.4429911682914158
18.68,0.3906732267823855,-1.4490113987103872,-0.41707667389909236
18.7,-0.03936069431286862,-1.2392506799498824,-0.3613360633193778
18.72,-0.48773034257250253,-1.0722733245729303,-0.2972832564251444
18.74,-0.9140971182348806,-1.0703175136753964,-0.2725911438437796
18.76,-1.1341258442074382,-1.076184946367998,-0.28334810378021574
18.78,-1.0881642881153928,-1.0392690156770468,-0.233230449530911
18.8,-0.9018733001252941,-0.9270543654310424,-0.07847691226354551
18.82,-0.6774439996332854,-0.8407542095773615,0.12101579928490663
18.85,-0.41512086300155854,-0.8962503437948843,0.3060844054640467
18.87,-0.15450906090517372,-0.9617700088622682,0.5473825749472848
18.89,0.7023805885768419,-0.9204535036518656,0.714115453962045
18.91,2.049934296977661,-1.5529138526418726,0.6661980869724659
18.93,2.7271338202487545,-1.2436512544693334,0.7106927848913608
18.95,2.1680163799162666,-1.3761574427772514,0.6982244904195826
18.97,2.4476973382636067,-1.661461357455001,0.8251077223970907
18.99,2.1401460746264096,-1.3597775265104055,0.7808575008403875
19.01,1.5969195978363842,-1.003575466797054,0.7124041194267029
19.03,1.4905723802829813,-0.6437062616508267,0.6904012468294471
19.05,1.5986309323717263,-0.3581578706108853,0.6749992360113681
19.07,1.5810286342939217,-0.13421752284326008,0.7053143049231427
19.09,1.276655563365217,0.013690676282736913,0.6459065489105522
19.11,0.7718118754392934,0.18262384255722275,0.6114353818415181
19.13,0.3099960272591144,0.42954496837087064,0.5014210188552394
19.15,-0.07554319591724475,0.8397763041285945,0.1838462243681814
19.17,-0.2053601442410537,0.8065275188705192,-0.027625828927665557
19.19,-0.13959600281147816,1.278611374262751,-0.11465941386792164
19.21,-0.3075512636371971,2.7418024019802583,-0.280414387433915
19.23,-0.06063013782354919,1.8888243742933104,-0.4620603245423708
19.25,0.1982703297374935,0.8412431623017449,-0.31341869632979863
19.27,0.7185160284814962,0.7972374171072334,-0.452770222779085
19.29,2.159704183601748,0.7617883445894325,0.1095254102618953
19.31,4.878525807535984,0.7996821807291508,0.24961036579775692
19.33,4.393973657671974,-0.009290101763285763,-0.11294807933257953
19.35,3.641475414845827,-1.0003972740885616,-0.8045717079729854
19.37,3.8754392934633133,-2.5956055373896034,-0.8573786022063992
19.39,2.318613819026373,-1.7426275097026556,-0.8801149038902301
19.41,1.6022980778046023,-1.1690859640008557,-0.6287932035571311
19.43,1.312104635883018,-1.4837270421416129,-0.47110594994346483
19.45,0.7454084283225866,-1.3394859884484918,-0.3672034960119793
19.47,0.23787550041255387,-1.225804480029337,-0.31048497998349783
19.49,-0.11857103566298934,-1.1128564006967576,-0.25205512941967423
19.51,-0.37160407053143046,-0.9576139107050087,-0.16575497356599334
19.53,-0.5911438437796045,-0.8304862023653088,-0.11392598478134645
19.55,-0.7537206246371054,-0.77132292271491,-0.08336643950738012
19.57,-0.7701005409039513,-0.7725453045258687,-0.04204993429697766
19.59,-0.6703541851297252,-0.8009045625401093,0.019558108975338447
19.61,-0.5610732512300217,-0.7969929407450417,0.08947834856217339
19.63,-0.5053326406503071,-0.7092259267182104,0.13495095192983528
19.65,-0.13935152644928644,-0.8634905112611924,0.30192830730678727
19.67,0.020536014424105367,-1.144393851419491,0.2134278641933808
19.69,0.2747914311035052,-1.6022980778046023,-0.05109555969807169
19.71,1.2891238578369955,-2.1645937108455824,-0.4075420957736149
19.73,2.733979158390123,-2.0357546679705405,-0.28677077285089997
19.75,3.7099287962595118,-1.9506768939278183,0.14424105369312104
19.77,3.664211716529658,-1.353910093817804,0.088011490389023
19.79,3.304831464107814,-0.9294991290529597,-0.276747242001039
19.82,2.473122879931547,-0.49188644072976195,-0.37184854689362223
19.84,1.9276961158817956,-0.16991107172325276,-0.37184854689362223
19.86,1.6428811539284296,0.12370503926901567,-0.29777220914952784
19.88,1.4460776823640864,0.2877486782996669,-0.22980778046022673
19.9,1.2614980289093298,0.4229441065916939,-0.13299514103230142
19.92,1.0033309904348624,0.5906548910552211,-0.015157534455887297
19.94,0.708736973993827,0.8771811875439294,0.008312196314518839
19.96,0.4361458301500474,1.412828897106011,-0.0679644286893011
19.98,0.20731595513858753,1.92549582862207,-0.12199370473367356
20.0,-0.17455612260489564,2.282186841059805,-0.37209302325581395
20.02,-0.02029153806191364,1.3407083702594504,-0.4444580264645662
20.04,0.4241664884026526,0.9204535036518656,-0.44274669192922406
20.06,0.6864896250343795,0.8715582312135195,-0.48968615347003636
20.08,0.9825504996485652,0.8258411514836659,-0.7600770100540903
20.1,1.8049689820615469,0.7578767227943648,-1.224093145493995
20.12,3.722886043455673,0.321241939919934,-1.3382636066375333
20.14,4.703969684931088,-0.8732695657488616,-1.584451303364606
20.16,3.6676343856003424,-2.6515906243315097,-1.8338171928001712
20.18,2.4633438254438773,-1.474681416740519,-1.472725605842985
20.2,2.0738929804724506,-1.5201540201081807,-1.0321792011734865
20.22,1.5394676527213276,-1.4514561623323046,-0.8072609479570944
20.24,1.2546526907679614,-1.4678360785991504,-0.6816000977905449
20.26,0.8598233658283164,-1.5575589035235156,-0.5740304984261834
20.28,0.34740091067444917,-1.4570791186627143,-0.40974238303334043
20.308,-0.17797879167557987,-1.3470647556764355,-0.29826116187391133
20.328,-0.6080127127708339,-1.267609937964123,-0.20169299880817773
20.348,-0.9077407328178957,-1.2742107997432999,-0.08972282492436512
20.368,-1.0150658558200654,-1.2580753598386456,0.016624392629037678
20.388,-1.0143324267334901,-1.1994010329126303,0.06967576322464322
20.408,-0.9967301286556856,-1.1145677352320997,0.0686978577758763
20.428,-0.7928368425877823,-1.0128655685603398,0.14766372276380527
20.448,-0.3224643217308926,-1.15979586223757,0.26843504568652016
20.468,0.0073342908657519175,-1.3172386394890443,0.31341869632979863
20.488,0.5530055312776946,-1.7814992512911407,0.07701005409039513
20.508,1.2316719127219387,-2.032576475262048,-0.1926473734070837
20.528,2.688751031384653,-2.5056382361030467,-0.40094123399443815
20.548,3.8996424533202947,-2.430095040185802,-0.1320172355835345
20.568,3.8439018427405798,-1.7533844696390917,-0.027136876203282093
20.588,3.133942486935794,-1.3563548574397213,-0.2254072059407756
20.608,2.5066161415518136,-0.7542095773614889,-0.37380435779115606
20.628,2.01595208263301,-0.3082846927237723,-0.4420132628426489
20.648,1.674174128288971,0.08654463221587262,-0.4053418085138893
20.668,1.3969379335635486,0.3173303181248663,-0.31684136540048286
20.688,1.1214130733734682,0.4803960517067506,-0.20682700241420407
20.708,0.8649573694343428,0.6776884759954772,-0.1381291446383278
20.728,0.6129022400146685,0.9678819179170614,-0.11783760657641414
20.748,0.4268557283867616,1.4952174311646242,-0.17871222076215507
20.768,0.2183173914372154,2.105185954832992,-0.2342083549796779
20.79,-0.0743208141062861,2.3824221495584146,-0.5339363750267396
20.81,0.04938422516272958,1.338508082999725,-0.4960425388870214
20.83,0.4486141246218256,0.963725819759802,-0.36989273599608835
20.85,0.8370870641444855,0.9365889435565199,-0.374782263239923
20.87,1.3766463955016348,0.7326956574886165,-0.5737860220639917
20.89,2.5633346575802953,0.4652385172508633,-0.9967301286556856
20.91,4.143629862787642,0.08336643950738012,-1.136081655104972
20.93,4.631115728997952,-1.897381046970021,-1.3270176939767135
20.95,3.81847630107264,-2.988723527793906,-1.449989304159154
20.97,2.851816764966537,-1.5313999327690004,-1.069095131864438
20.99,2.1384347400910673,-1.9347859303853558,-0.8204626715154478
21.01,1.5656266234758427,-1.6255233322128166,-0.5283134186963298
21.03,1.1908443602359198,-1.5093970601717446,-0.34006661980869723
21.05,0.7011582067658834,-1.416496042538887,-0.2919047764569263
21.07,0.22736301683830945,-1.2974360541515142,-0.22051767869694097
21.09,-0.2518106530574825,-1.2707881306726156,-0.21147205329584695
21.11,-0.6598417015554808,-1.170552822174006,-0.18555755890352352
21.13,-0.9314549399504936,-1.111634018885799,-0.05378479968218073
21.15,-1.0492925465269076,-1.029001008464994,0.027625828927665557
21.17,-1.089875622650735,-0.9759496378693885,0.023958683494789596
21.19,-1.0248449103077346,-0.9148305473214559,0.024203159856981328
21.21,-0.7551874828102557,-0.9145860709592641,0.09241206490847416
21.23,-0.5099776915319499,-1.0475812119915655,0.2415426458454298
21.25,-0.2606118020963848,-1.1228799315466185,0.3630473978547199
21.26,0.18922470433639946,-1.3407083702594504,0.31537450722733246
21.29,0.43443449561470526,-1.7563181859853925,0.08043272316107936
21.31,0.9387892308162454,-2.1753506707820187,-0.15842068270024143
21.33,2.477034501726614,-2.5383980686367384,-0.12883904287504203
21.35,3.6419643675702105,-2.595361061027412,0.2813922928826819
21.37,3.323656143996577,-2.0073954099563,0.24594322036488098
21.39,3.009259542218012,-1.5722274852550193,0.03789383613971824
21.41,2.4520979127830578,-1.0231335757723925,-0.053540323319988994
21.43,2.094673471258748,-0.5552058185374201,-0.08972282492436512
21.45,1.8736668398374232,-0.14497448277969624,-0.04229441065916939
21.47,1.617211135898298,0.10219111939614338,0.06160804327231611
21.49,1.3597775265104055,0.28970448919720077,0.16013201723558354
21.51,1.0827858081471748,0.4916419643675702,0.2056046206032454
21.53,0.8148397151850381,0.8165510497203802,0.2036488097057116
21.55,0.5395593313571494,1.5468019435870795,0.23054120954680193
21.57,0.35375729609143414,1.8861351343092014,0.12321608654463222
21.59,0.17015554808544447,1.9489655593924762,-0.04816184335177093
21.61,0.23640864223940347,1.4622131222687407,-0.24985484215994866
21.63,0.46108241909360387,1.0314457720869112,-0.20022614063502733
21.65,0.7048253521987593,0.9258319836200837,-0.2478990312624148
21.67,0.9673929651926779,0.7383186138190263,-0.4148763866393668
21.69,1.6604834520062342,0.48797481893469424,-0.6290376799193228
21.71,3.5820676588332363,0.3224643217308926,-0.6263484399352137
21.73,4.456559606393057,-0.4405464046694985,-0.7859915044464139
21.75,3.8001405739082603,-2.961586651590624,-0.8608012712770834
21.77,2.806588637961067,-2.187818965253797,-0.7911255080524402
21.79,2.318369342664181,-2.0203526571524617,-0.7632552027625829
21.81,1.5744277725147449,-1.9514103230143935,-0.5437154295144088
21.83,1.2526968798704274,-1.6365247685114446,-0.2733245729303548
21.85,1.0038199431592458,-1.4949729548024324,-0.1510863918344895
21.87,0.5938330837637136,-1.3411973229838339,-0.14375210096873758
21.89,0.1447300064175045,-1.1580845277022278,-0.14350762460654584
21.91,-0.2454542676404975,-1.0602939828255356,-0.13959600281147816
21.93,-0.6009228982672737,-0.9375668490052868,-0.14228524279558719
21.95,-0.8458882131833878,-0.8114170461143538,-0.07285395593313572
21.97,-0.9661705833817192,-0.7172936466705375,-0.002933716346300767
21.99,-0.9911071723252758,-0.6591082724689057,0.006845338141368456
22.01,-0.887449194755982,-0.6571524615713717,0.014179629007120373
22.03,-0.6397946398557589,-0.6835559086880787,0.08654463221587262
22.05,-0.3972740885615622,-0.7952816062096996,0.21880634416159886
22.07,-0.23934235858570424,-0.9813281178376065,0.28677077285089997
22.09,-0.05085108333587996,-1.3226171194572625,0.05427375240656419
22.11,0.7581211991565565,-2.292454848271858,-0.11441493750572991
22.13,1.8064358402346972,-2.417382269351832,-0.12663875561531643
22.15,2.7073312349112246,-2.358218989701433,0.22589615866515905
22.17,2.9630535097637747,-2.1773064816795524,0.21880634416159886
22.19,2.7708950890810744,-1.8250160437612688,0.005867432692601534
22.21,2.4921920361825016,-1.3891146899734133,-0.11881551202518106
22.23,2.1247440638083304,-1.03266815389787,-0.11465941386792164
22.26,1.7272254988845765,-0.7011582067658834,-0.13226171194572625
22.28,1.466369220426,-0.4339455428903218,-0.13617333374079393
22.3,1.333129603031507,-0.1972924242887266,-0.09779054487669223
22.32,1.2020902728967393,0.027381352565473825,-0.011001436298627876
22.34,1.0170216667175993,0.2390978822235125,0.14057390826024507
22.36,0.8666687039696849,0.462793753628946,0.2784585765363811
22.38,0.7036029703878006,1.0835192372337499,0.2454542676404975
22.4,0.5500718149313938,1.931852214039055,0.22100663142132446
22.42,0.31439660177856554,2.14161293279956,0.052562417871222074
22.44,0.20169299880817773,1.531644409131192,-0.14521895914188795
22.46,0.4547260336766189,0.8617791767258502,-0.09730159215230877
22.48,0.7913699844146319,0.7852580753598386,-0.1608654463221587
22.5,1.011887663111573,0.7109372612535525,-0.368425877822938
22.52,1.7318705497662195,0.4867524371237356,-0.5324695168535892
22.54,3.564954313479815,0.22907435137365156,-0.5747639275127586
22.56,4.428200348378816,-1.193289123857837,-0.8070164715949026
22.58,3.6639672401674663,-3.45542890321792,-0.9705711579011704
22.6,2.7217553402805366,-1.6372581975980196,-0.8004156098157259
22.62,2.4095590257616966,-2.266540353879534,-0.7571432937077897
22.64,1.5460685145005042,-1.868288359869205,-0.5512941967423525
22.66,1.4194297588851879,-1.6910429972802004,-0.352045961556092
22.68,1.2399841090364576,-1.5969195978363842,-0.2635455184426856
22.7,0.9160529291324145,-1.5140421110533875,-0.2623231366317269
22.72,0.5251352259878372,-1.342175228432601,-0.2589004675610427
22.74,0.19240289704489197,-1.1580845277022278,-0.21782843871283195
22.76,-0.09167863582189897,-1.065427986431562,-0.1814014607462641
22.78,-0.28383705650459923,-0.9400116126272041,-0.13006142468600068
22.8,-0.4253888702136112,-0.8542004094979067,-0.09852397396326742
22.82,-0.5246462732634538,-0.8204626715154478,-0.0679644286893011
22.84,-0.5794089783944015,-0.8062830425083275,-0.027136876203282093
22.86,-0.6124132872902851,-0.7674113009198423,0.0415609815725942
22.88,-0.6067903309598753,-0.724138984811906,0.17235583534517007
22.9,-0.500932066130856,-0.7512758610151881,0.2574336093878923
22.92,-0.26427894752926073,-0.9407450417137793,0.0806771995232711
22.94,-0.03349326162026709,-1.2035571310698896,0.0655196650673838
22.96,0.17455612260489564,-1.182287687559209,0.11099226843504569
22.98,0.3894508449714268,-1.416496042538887,0.1525532500076399
23.0,0.8006600861779176,-2.098829569416007,0.0975460685145005
23.02,1.2551416434923448,-2.5560003667145432,0.23714207132597867
23.04,1.6167221831739143,-2.142346361886135,0.2197842496103658
23.06,1.5746722488769367,-2.1584818017907894,0.11612627204107202
23.08,1.2016013201723559,-2.003728264523424,-0.006845338141368456
23.1,1.217003330990435,-1.9022705742138557,-0.09607921034135011
23.12,1.2654096507043975,-1.7057115790117043,-0.09705711579011704
23.14,1.2561195489411117,-1.4267640497509397,-0.018091250802188062
23.16,1.2710326070348072,-1.1275249824282614,0.06258594872108303
23.18,1.3436420866057512,-0.7982153225560004,0.17920117348653852
23.2,1.3563548574397213,-0.44348012101579926,0.21000519512269658
23.21,1.2930354796320631,-0.22565168230296734,0.19142499159612505
23.237,1.1671301531033218,-0.09314549399504936,0.1831127952816062
23.257,1.0201998594260917,-0.013690676282736913,0.2102496714848883
23.277,0.9302325581395349,0.04131650521040247,0.2525440821440577
23.297,0.8916052929132414,0.08654463221587262,0.2782141001741894
23.317,0.8835375729609143,0.11441493750572991,0.333954710753904
23.337,0.9270543654310424,0.04498365064327843,0.3972740885615622
23.357,0.9275433181554258,-0.1510863918344895,0.41463191027717505
23.377,0.7933257953121657,-0.362069492405953,0.267701616599945
23.397,0.7356293738349173,-0.6402835925801424,0.2214955841457079
23.417,0.9715490633499373,-1.1060110625553892,0.2757693365522721
23.437,1.1585734804266112,-1.6565718302111665,0.10243559575833511
23.457,1.2343611527060476,-2.367998044189102,-0.3346881398404792
23.477,0.8302417260031171,-1.592519023316933,-0.4112092412064908
23.497,1.0720288482107385,-1.5668490052868014,-0.29948354368486996
23.517,1.174953396693457,-1.683219753690065,-0.18286831891941446
23.537,1.1495278550255172,-1.844818629098799,-0.1870244170766739
23.557,0.9810836414754148,-1.9098493414417994,-0.32588699080157685
23.577,0.704091923112184,-1.8937139015371451,-0.48797481893469424
23.597,0.4530146991412768,-1.899336857867555,-0.5730525929774165
23.617,0.22027320233474926,-1.744827796962381,-0.5779421202212511
23.637,0.11514836659230511,-1.567093481648993,-0.5043547352015402
23.657,0.10439140665586896,-1.487149711212297,-0.437368211961006
23.677,0.05109555969807169,-1.4416771078446353,-0.42636677566237813
23.697,-0.0036671454328759587,-1.2656541270665893,-0.3943403722152614
23.73,-0.03691593069095132,-1.0940317208079944,-0.33371023439171227
23.75,-0.022247348959447483,-0.9226537909115912,-0.25449989304159154
23.77,0.039849647037252085,-0.8116615224765455,-0.16477706811722642
23.79,0.0743208141062861,-0.7197384102924549,-0.08923387219998166
23.81,0.08727806130244782,-0.6363719707850747,-0.013446199920545182
23.83,0.15450906090517372,-0.6356385416984995,-0.03960517067506036
23.85,0.20022614063502733,-0.7375851847324512,-0.047183937903004
23.87,0.09925740304984261,-0.6715765669406839,-0.07212052684656052
23.89,0.027625828927665557,-0.5823426947407022,-0.06845338141368457
23.91,0.06136356691012437,-0.5813647892919354,-0.0022002872597255752
23.93,0.19484766066680928,-0.600678421905082,0.08581120312929744
23.95,0.32906518351006936,-0.6625309415395899,0.1518198209210647
23.97,0.43272316107936315,-0.7170491703083458,0.19607004247776794
23.99,0.5234238914524951,-0.7292729884179323,0.26647923478898633
24.01,0.6397946398557589,-0.7610549155028573,0.35449072517800934
24.03,0.7243834611740977,-0.8710692784891361,0.36158053968156956
24.05,0.714115453962045,-0.9857286923570577,0.2542554166793998
24.07,0.6483513125324695,-1.0378021575038963,0.1239495156312074
24.09,0.5662072548360481,-1.1038107752956636,0.044739174281086695
24.11,0.44494697918894965,-1.2350945817926229,0.008312196314518839
24.13,0.36891483054732144,-1.351220853833695,0.02933716346300767
24.15,0.4356568774256639,-1.2937689087186381,0.0838553922317636
24.17,0.5784310729456346,-1.0891421935641596,0.12810561378846683
24.18,0.689667817742872,-0.9302325581395349,0.17553402805366256
24.21,0.749564526479846,-0.7361183265593008,0.2261406350273508
24.23,0.8414876386639366,-0.6371053998716499,0.23958683494789598
24.25,0.8918497692754331,-0.6058124255111084,0.2476545549002231
24.27,0.7857470280842221,-0.6595972251932891,0.2134278641933808
24.29,0.6151025272743942,-0.744919475598203,0.17064450080982796
24.31,0.5180454114842771,-0.7989487516425755,0.1366622864651774
24.33,0.44665831372429177,-0.8458882131833878,0.11245912660819607
24.35,0.4806405280689423,-0.8537114567735232,0.10488035938025242
24.37,0.5412706658924915,-0.813128380649696,0.1127036029703878
24.39,0.5696299239067323,-0.7908810316902485,0.1239495156312074
24.41,0.6111909054793264,-0.7666778718332671,0.13446199920545182
24.43,0.6241481526754882,-0.7546985300858723,0.13397304648106836
24.45,0.6102130000305596,-0.7688781590929927,0.1303059010481924
24.47,0.576230785685909,-0.8065275188705192,0.12566085016654951
24.49,0.5393148549949577,-0.8441768786480457,0.11025883934847049
24.51,0.5043547352015402,-0.8561562203954405,0.08996730128655686
24.53,0.47257280811661523,-0.8405097332151698,0.0767655777282034
24.55,0.47183937903004003,-0.8172844788069553,0.08141062860984628
24.57,0.4843076735018183,-0.805794089783944,0.07798795953916206
24.59,0.4796626226201754,-0.777679308131895,0.07578767227943647
24.61,0.4701280444946979,-0.754943006448064,0.07187605048436879
24.63,0.4693946154081227,-0.7476087155823121,0.07847691226354551
24.65,0.4681722335971641,-0.7515203373773798,0.0838553922317636
24.67,0.46034899000702867,-0.7737676863368272,0.08043272316107936
24.7,0.4549705100388106,-0.7791461663050454,0.07725453045258686
24.72,0.44323564465360754,-0.7705894936283348,0.0735873850197109
24.74,0.4542370809522354,-0.7715673990771017,0.07725453045258686
24.76,0.4645050881642881,-0.777679308131895,0.08214405769642147
24.78,0.4613268954557956,-0.7742566390612108,0.08043272316107936
24.8,0.4674388045105889,-0.7820798826513461,0.08116615224765455
24.82,0.4679277572349723,-0.7855025517220303,0.0774990068147786
24.84,0.47355071356538214,-0.7879473153439477,0.07872138862573724
24.86,0.4843076735018183,-0.799437704366959,0.08287748678299667
24.88,0.4933532989029123,-0.7987042752803838,0.08434434495614705
24.9,0.4979983497845552,-0.7855025517220303,0.09045625401094032
24.92,0.49286434617852887,-0.7791461663050454,0.09681263942792531
24.94,0.4923753934541454,-0.7747455917855942,0.09656816306573358
24.96,0.500932066130856,-0.7806130244781957,0.0975460685145005
24.98,0.5124224551538673,-0.7864804571707973,0.09338997035724109
25.0,0.5192677932952358,-0.7916144607768236,0.09265654127066589
25.02,0.5288023714207133,-0.792103413501207,0.0919231121840907
25.04,0.5292913241450967,-0.7749900681477859,0.0951013048925832
25.06,0.5339363750267396,-0.7637441554869664,0.0975460685145005
25.08,0.5437154295144088,-0.7625217736760077,0.0982794976010757
25.1,0.5530055312776946,-0.7679002536442258,0.1014576903095682
25.12,0.5627845857653638,-0.7715673990771017,0.10512483574244415
25.14,0.559850869419063,-0.7752345445099776,0.11148122115942914
25.16,0.5476270513094765,-0.7730342572502521,0.11050331571066223
25.18,0.5400482840815328,-0.7698560645417596,0.10854750481312837
25.2,0.5424930477034502,-0.7730342572502521,0.11099226843504569
25.22,0.5505607676557772,-0.7749900681477859,0.11685970112764722
25.24,0.5373590440974239,-0.7752345445099776,0.1166152247654555
25.26,0.5278244659719463,-0.7718118754392934,0.11172569752162087
25.28,0.5229349387281117,-0.7742566390612108,0.11148122115942914
25.3,0.5182898878464688,-0.7798795953916206,0.11050331571066223
25.32,0.5185343642086606,-0.7899031262414815,0.1063472175534028
25.34,0.5195122696574275,-0.7943037007609327,0.100724261222993
25.36,0.5160896005867432,-0.7896586498792898,0.10170216667175992
25.38,0.5080218806344161,-0.7982153225560004,0.100724261222993
25.4,0.5004431134064725,-0.7859915044464139,0.10096873758518474
25.42,0.4799070989823671,-0.7595880573297069,0.10023530849860954
25.44,0.47697338263606637,-0.7436970937872445,0.100724261222993
25.46,0.47526204810072425,-0.7329401338508083,0.10708064663997799
25.48,0.4813739571555175,-0.7444305228738196,0.10830302845093664
25.5,0.48650796076154385,-0.7554319591724475,0.10830302845093664
25.52,0.48895272438346116,-0.7661889191088836,0.09779054487669223
25.54,0.5077774042722244,-0.7850135989976469,0.09901292668765088
25.56,0.5197567460196192,-0.7979708461938086,0.10439140665586896
25.58,0.5285578950585215,-0.7935702716743575,0.10414693029367723
25.6,0.5324695168535892,-0.7749900681477859,0.1183265593007976
25.62,0.5141337896892094,-0.7334290865751918,0.13715123918956085
25.64,0.47477309537634077,-0.689667817742872,0.1320172355835345
25.65,0.44348012101579926,-0.6882009595697216,0.11025883934847049
25.68,0.44323564465360754,-0.7380741374568346,0.09901292668765088
25.7,0.46401613543990466,-0.8551783149466736,0.09363444671943282
25.72,0.48332976805305133,-0.9659261070195275,0.09950187941203435
25.74,0.48577453167496865,-1.0116431867493811,0.11025883934847049
25.76,0.4530146991412768,-0.9211869327384409,0.11979341747394799
25.78,0.4422577392048406,-0.7764569263209363,0.13372857011887662
25.8,0.4368792592366226,-0.6999358249549247,0.15964306451120008
25.82,0.43198973199278795,-0.6676649451456163,0.18017907893530544
25.84,0.4090089539467653,-0.6816000977905449,0.17480059896708736
25.86,0.3628029214925282,-0.7192494575680713,0.154264584542982
25.88,0.3525349142804755,-0.746875286495737,0.14913058093695566
25.9,0.40045228127005467,-0.7701005409039513,0.16453259175503468
25.92,0.45619289184976924,-0.7708339699905266,0.19484766066680928
25.94,0.48895272438346116,-0.755920911896831,0.21122757693365524
25.96,0.5048436879259236,-0.7339180392995752,0.2317635913577606
25.98,0.5048436879259236,-0.736851755645876,0.25474436940378326
26.0,0.4994652079577056,-0.761299391865049,0.2774806710876142
26.02,0.4962870152492131,-0.754943006448064,0.28725972557528345
26.04,0.5070439751856493,-0.7615438682272407,0.29752773278733613
26.06,0.5178009351220854,-0.78403569354888,0.29777220914952784
26.08,0.5459157167741344,-0.8172844788069553,0.29972802004706167
26.1,0.610701952754943,-0.8884271002047489,0.2884821073862421
26.12,0.6476178834458943,-0.9698377288145952,0.22002872597255752
26.14,0.692357057726981,-0.9837728814595239,0.1376401919139443
26.168,0.842954496837087,-1.0404913974880055,0.12443846835559087
26.188,1.0458698774562234,-1.1852214039055098,0.17700088622681295
26.208,1.1458607095926412,-1.1387708950890811,0.1774898389511964
26.228,1.1651743422057879,-1.1020994407603215,0.11563731931668857
26.248,1.1478165204901751,-1.0307123430003362,0.07407633774409436
26.268,0.9886624087033584,-0.8825596675121474,0.07554319591724475
26.288,0.9299880817773432,-0.8048161843351771,0.07285395593313572
26.308,0.9783944014913057,-0.8216850533264065,0.05109555969807169
26.328,1.0598050301011521,-0.8891605292913242,0.0073342908657519175
26.348,1.0842526663203251,-0.9952632704825352,-0.03936069431286862
26.368,1.0233780521345843,-1.0771628518167649,-0.0911896830975155
26.388,0.966415059743911,-1.0859640008556672,-0.1383736210005195
26.408,0.8304862023653088,-1.039024539314855,-0.1623323044953091
26.428,0.6970021086086239,-0.9458790453198056,-0.17235583534517007
26.448,0.575252880237142,-0.887449194755982,-0.1972924242887266
26.468,0.43198973199278795,-0.8759588057329707,-0.21929529688598234
26.488,0.3063288818262384,-0.8889160529291324,-0.24985484215994866
26.508,0.2117165296580387,-0.8815817620633805,-0.2652568529780277
26.528,0.1327506646701097,-0.8950279619839256,-0.31928612902240017
26.548,0.02982611618739113,-0.9583473397915839,-0.4036304739785472
26.568,-0.12223818109586529,-0.988173455978975,-0.4779512880848333
26.588,-0.23445283134186962,-0.9524799070989823,-0.4539926045900437
26.608,-0.22565168230296734,-0.8825596675121474,-0.34348928887938146
26.618,-0.13323961739449316,-0.8813372857011887,-0.25278855850624943
26.64,-0.06454175961861687,-0.8906273874644746,-0.19069156250954986
26.66,-0.05794089783944015,-0.8451547840968127,-0.15744277725147449
26.68,-0.03178192708492498,-0.8840265256852978,-0.094367875806008
26.7,0.11734865385203068,-1.0385355865904715,0.061119090547932645
26.72,0.25474436940378326,-1.2715215597591907,0.20242642789475293
26.74,0.3830944595544418,-1.4817712312440792,0.2591449439232344
26.76,0.6280597744705558,-1.7211135898297834,0.2031598569813281
26.78,1.1974452220150964,-1.985392537359044,0.12908351923723374
26.8,2.0765822204565594,-1.956299850258228,0.29997249640925344
26.82,2.5327751123063287,-1.4631910277175075,0.3354215689270544
26.84,2.415915411178682,-1.0664058918803287,0.20413776243009504
26.86,2.0567796351190295,-0.7615438682272407,0.15670934816489931
26.88,1.7176909207590991,-0.437368211961006,0.13226171194572625
26.9,1.5133086819668122,-0.1207713229227149,0.15768725361366623
26.92,1.3676007701005408,0.18580203526571523,0.21122757693365524
26.94,1.2199370473367357,0.45912660819607004,0.25938942028542616
26.96,0.9952632704825352,0.736851755645876,0.19240289704489197
26.98,0.7163157412217706,1.2282492436512544,-0.03911621795067689
27.0,0.5583840112459126,1.86193197445222,-0.11759313021422241
27.02,0.5300247532316719,1.9232955413623445,-0.16404363903065122
27.04,0.6930904868135562,1.3189499740243864,-0.25327751123063286
27.06,0.9695932524524035,0.6874675304831463,-0.3412890016196559
27.08,1.188644072976194,0.469150139045931,-0.47355071356538214
27.1,1.5509580417443387,0.3207529871955505,-0.6021452800782324
27.11,2.14723588912997,0.15059743911010604,-0.7825688353757296
27.14,3.0239281239495157,-0.17308926443174524,-0.938300278091862
27.16,3.723130519817865,-1.4685695076857257,-1.0128655685603398
27.18,3.166946795831678,-2.0482229624423187,-1.1221465024600434
27.2,2.808299972496409,-1.7480059896708737,-1.1600403385997615
27.22,2.1445466491458607,-1.9396754576291904,-1.1055221098310057
27.24,1.5196650673837973,-1.7692754331815541,-0.8390428750420194
27.26,1.2118693273844086,-1.65706078293555,-0.6011673746294655
27.28,0.8676466094184518,-1.6174556122604895,-0.46401613543990466
27.3,0.37453778687773126,-1.679552608257189,-0.4094979066711487
27.32,-0.19386975521804234,-1.5402010818079026,-0.3165968890382911
27.34,-0.6992023958683494,-1.3253063594413714,-0.23567521315282827
27.36,-0.972771445160896,-1.144149375057299,-0.06894233413806802
27.38,-0.9732603978852794,-1.0292454848271857,0.11930446474956452
27.4,-0.8326864896250343,-1.0483146410781408,0.19875928246187696
27.42,-0.7302508938666993,-1.0842526663203251,0.25278855850624943
27.44,-0.6520184579653454,-1.0131100449225314,0.28823763102405037
27.46,-0.47917366989579196,-0.9823060232863735,0.29923906732267824
27.48,-0.2769917183632308,-1.189621978424961,0.2510772239709073
27.5,0.02493658894355652,-1.6683066955963695,0.24178712220762155
27.52,0.30975155089692263,-2.089783944014913,0.2053601442410537
27.54,0.8864712893072151,-2.3054120954680193,0.0031781927084924976
27.56,2.511994621520032,-2.8848210738624207,0.0019558108975338447
27.58,3.643920178467744,-2.657702533386303,0.08825596675121473
27.6,3.754179017816215,-2.067781071417657,-0.04596155609204535
27.62,3.283806496959325,-1.435565198789842,-0.2063380496898206
27.64,2.543532072242765,-0.8678910857806436,-0.15573144271613237
27.66,1.9230510650001527,-0.3989854230969043,-0.1303059010481924
27.68,1.5477798490358463,-0.01686886899122941,-0.09021177764874859
27.7,1.3541545701799957,0.2777251474498059,-0.022980778046022676
27.72,1.1417046114353817,0.5153561715001681,0.05378479968218073
27.74,0.8409986859395532,0.7979708461938086,-0.02200287259725575
27.76,0.5647403966628977,1.272254988845766,-0.12932799559942548
27.78,0.4412798337560737,1.872933410750848,-0.1608654463221587
27.8,0.25645570393912537,2.3242367753567827,-0.3527793906426672
27.82,0.35913577605965225,1.4666136967881918,-0.4222106775051187
27.84,0.7397854719921767,0.9238761727225498,-0.41560981572594197
27.86,1.3211502612841122,0.7021361122146502,-0.41438743391498334
27.88,2.1235216819973717,0.5045992115637319,-0.5855208874491947
27.9,3.163279650398802,0.25670018030131714,-0.9202090272896739
27.92,3.9485377257586407,-1.0077315649543135,-1.2482963053509764
27.94,4.274424716560217,-3.5241267609937963,-1.3739571555175258
27.96,3.1525226904623658,-2.4088255966751215,-1.3790911591235522
27.98,2.5990282064602876,-2.7229777220914952,-1.3468202793142439
28.0,1.681263942792531,-2.4286281820126514,-1.0835192372337499
28.02,1.3343519848424654,-2.257005775754057,-0.7747455917855942
28.04,0.8984506310546099,-2.1286556856033982,-0.6153470036365859
28.06,0.22125110778351617,-2.157014943617639,-0.5593619166946796
28.08,-0.6131467163768602,-1.96925709745439,-0.46034899000702867
28.09,-1.2172478073526265,-1.7546068514500504,-0.38700608134950953
28.12,-1.5878739724352902,-1.4842159948659963,-0.201448522445986
28.14,-1.7279589279711518,-1.174219967606882,0.053295846957797266
28.16,-1.5526693762796808,-1.1221465024600434,0.1527977263698316
28.18,-1.3231060721816459,-1.2326498181707055,0.1461968645906549
28.2,-1.0507594047000581,-1.2744552761054915,0.15622039544051583
28.22,-0.6691318033187666,-1.2800782324359012,0.19313632613146717
28.24,-0.3070623109128136,-1.3282400757876722,0.2334749258931027
28.26,0.0036671454328759587,-1.511841823793662,0.20120404608379427
28.28,0.4667053754240137,-2.0042172172478074,0.11197017388381261
28.3,0.941967423524738,-2.574580570241115,-0.1239495156312074
28.32,1.8917580906396112,-2.7171102893988937,0.03716040705314305
28.34,3.3397915839012313,-2.8752864957369435,0.3095070745347309
28.36,3.534394768205849,-2.090517373101488,0.04302783974574458
28.38,2.964520367936925,-1.5639152889405006,-0.1127036029703878
28.4,2.1575038963420226,-0.9874400268923998,0.027136876203282093
28.42,1.66415059743911,-0.5930996546771384,0.08923387219998166
28.44,1.4983956238731166,-0.27161323839501267,0.0440057451945115
28.46,1.4861718057635303,0.005378479968218073,0.06943128686245148
28.48,1.4047611771536839,0.2478990312624148,0.1904470861473581
28.5,1.199645509274822,0.4542370809522354,0.3334657580295205
28.52,0.928276747242001,0.6517739816031537,0.36964825963389664
28.54,0.6456620725483605,0.9788833542156893,0.276747242001039
28.56,0.44323564465360754,1.5502246126577637,0.20193747517036947
28.58,0.3975185649237539,1.6639061210769184,0.026403447116706905
28.61,0.5011765424930477,1.3815359227454695,-0.09925740304984261
28.63,0.776701402683128,1.026311768480885,-0.12199370473367356
28.65,1.1040552516578552,0.7855025517220303,-0.25572227485255017
28.67,1.6947101427130764,0.5251352259878372,-0.5231794150903034
28.69,2.8056107325123003,0.3060844054640467,-0.9456345689576139
28.71,3.841457079118663,-0.8101946643033952,-1.286679094215078
28.73,4.30302845093665,-3.649787611160346,-1.4453442532775111
28.75,2.9087797573572103,-1.9739021483360326,-1.4602573113712067
28.77,2.7320233474925892,-2.3452617425052713,-1.2879014760260368
28.79,1.8824679888763254,-2.0924731839990223,-0.9659261070195275
28.81,1.5954527396632339,-2.067292118693274,-0.7292729884179323
28.83,1.1238578369953856,-1.9477431775815175,-0.6151025272743942
28.85,0.4828408153286679,-1.865843596247288,-0.5261131314366042
28.87,-0.18482412981694832,-1.65706078293555,-0.3686703541851297
28.89,-0.8182623842557223,-1.4561012132139473,-0.233230449530911
28.91,-1.3722458209821837,-1.3832472572808117,-0.15597591907832412
28.93,-1.6485041102588394,-1.3077040613635669,-0.01271277083396999
28.95,-1.621611710417749,-1.1791094948507166,0.08287748678299667
28.97,-1.4504782568835375,-1.1754423494178405,0.10292454848271858
28.99,-1.039024539314855,-1.1945115056687956,0.14839715185038047
29.01,-0.5620511566787886,-1.31943892674877,0.19558108975338445
29.03,-0.20413776243009504,-1.4045167007914923,0.25205512941967423
29.05,0.22980778046022673,-1.6817528955169148,0.19875928246187696
29.06,1.0793631390764906,-2.3259481098921246,0.15817620633804969
29.087,2.2112886960242033,-2.303945237294869,0.147908199125997
29.107,3.413867921645326,-2.648656907985209,0.2109831005714635
29.127,3.5637319316688565,-1.9440760321486417,0.07260947957094398
29.147,3.1185404761177153,-1.448277969623812,-0.04522812700547016
29.167,2.420315985698133,-0.9013843474009107,0.015157534455887297
29.187,1.948232130305901,-0.601656327353849,-0.021758396235064023
29.207,1.7260031170736179,-0.32710937261253553,-0.06918681050025975
29.227,1.66415059743911,-0.07016471594902668,-0.052562417871222074
29.247,1.520887449194756,0.20340433334351984,0.01637991626684595
29.267,1.2370503926901568,0.44568040827552485,0.12810561378846683
29.287,0.9153195000458393,0.6627754179017816,0.19215842068270023
29.307,0.5894325092442624,1.0532041683219753,0.1461968645906549
29.327,0.34300033615499803,1.7660972404730617,0.11979341747394799
29.347,0.21391681691776426,1.897381046970021,-0.005134003606026342
29.367,0.0440057451945115,1.6267457140237753,-0.25449989304159154
29.387,0.1327506646701097,1.0739846591082725,-0.2806588637961067
29.407,0.41438743391498334,0.946367998044189,-0.36989273599608835
29.427,0.8133728570118877,0.9439232344222718,-0.5229349387281117
29.447,1.6428811539284296,0.6992023958683494,-0.6933349631757479
29.467,3.3823304709225925,0.5045992115637319,-0.9705711579011704
29.487,4.532591755034685,-0.26843504568652016,-1.3167496867646609
29.507,4.59688903829111,-2.8877547902087217,-1.5230877364544815
29.527,3.1975063411056444,-2.2418482412981695,-1.4661247440638083
29.547,2.5770253338630322,-2.2596950157381657,-1.2165143782660515
29.578,1.7817437276533326,-2.217645081441188,-0.8889160529291324
29.598,1.448277969623812,-2.187574488891605,-0.6050789964245332
29.618,0.9390337071784371,-2.084405464046695,-0.481862909879901
29.638,0.15719830088928277,-2.006173028145341,-0.3877395104360847
29.658,-0.5652293493872811,-1.7110900589799223,-0.2574336093878923
29.678,-1.062494270085261,-1.4216300461449134,-0.14693029367723007
29.698,-1.272010512483574,-1.1874216911652353,-0.018091250802188062
29.718,-1.2260489563915289,-1.0598050301011521,0.09681263942792531
29.738,-1.106255538917581,-1.0382911102282797,0.1215047520092901
29.758,-0.9405005653515875,-1.0424472083855392,0.09925740304984261
29.778,-0.6818445741527366,-1.062738746447453,0.12321608654463222
29.798,-0.37160407053143046,-1.0984322953274455,0.23958683494789598
29.818,-0.20242642789475293,-1.1253246951685358,0.323931179904043
29.838,0.1877578461632491,-1.3077040613635669,0.2892155364728173
29.858,0.9446566635088469,-1.9580111847935702,0.09852397396326742
29.878,2.1946643033951654,-2.3841334840937565,-0.07040919231121841
29.898,3.2933410750848027,-1.9775692937689087,0.14326314824435413
29.918,3.3955321944809462,-1.722335971640742,0.17211135898297833
29.938,3.02881765119335,-1.2947468141674052,-0.05842985056382361
29.958,2.515417290590716,-0.8343978241603764,-0.039849647037252085
29.978,2.046022675182593,-0.5329584695779727,0.09070073037313205
29.998,1.7895669712434679,-0.25792256211227577,0.15866515906243314
30.018,1.6482596338966475,0.017602298077804602,0.24569874400268923
30.038,1.4597683586468233,0.29923906732267824,0.3334657580295205
30.06,1.1558842404425023,0.49188644072976195,0.37038168872047184
30.08,0.8221740060507899,0.6789108578064358,0.32759832533691896
30.1,0.5258686550744125,0.9925740304984262,0.23151911499556885
30.12,0.3361549980136295,1.5776059652232375,0.17382269351832044
30.14,0.33199889985637016,1.7411606515295053,0.08898939583778993
30.16,0.411942670293066,1.414784708003545,-0.0743208141062861
30.18,0.5674296366470066,0.7510313846529963,-0.19558108975338445
30.2,0.673287901476026,0.4960425388870214,-0.34153347798184763
30.22,0.9353665617455612,0.41365400482840814,-0.5112000733429086
30.24,1.7252696879870426,0.23298597316871925,-0.7170491703083458
30.26,3.1173180943067567,0.1486416282125722,-0.9026067292118694
30.28,3.944381627601381,-0.972771445160896,-1.0906090517373102
30.3,3.405555725330807,-2.8493720013446198,-1.3561103810775295
30.32,2.139412645539834,-1.6463038229991138,-1.1901109311493445
30.34,2.0746264095590257,-1.5612260489563914,-0.8292638205543501
30.36,1.637013721235828,-1.4759037985514776,-0.519023316933044
30.38,1.3199278794731535,-1.470036365858876,-0.37258197598019743
30.4,0.9490572380282981,-1.5306665036824252,-0.3332212816673288
30.42,0.47575100082510774,-1.452678544143263,-0.26721266387556153
30.44,-0.02982611618739113,-1.3441310393301347,-0.21073862420927175
30.46,-0.4620603245423708,-1.2138251382819423,-0.17822326803777158
30.48,-0.7600770100540903,-1.1446383277816825,-0.10047978486080127
30.5,-0.9676374415548696,-1.095987531705528,0.006111909054793264
30.52,-1.1754423494178405,-1.0678727500534793,-0.003911621795067689
30.53,-1.2996363414112397,-1.080585520887449,-0.033248785258075356
30.56,-1.2182257128013936,-1.0972099135164868,-0.05158451242245515
30.58,-0.8505332640650307,-1.1563731931668857,0.01271277083396999
30.6,-0.6146135745500106,-1.1492833786633254,0.0831219631451884
30.62,-0.18262384255722275,-1.1891330257005777,0.19142499159612505
30.64,0.21147205329584695,-1.3969379335635486,0.19607004247776794
30.66,0.7300064175045076,-2.048956391528894,0.06771995232710937
30.68,1.5910521651437826,-2.5029489961189375,-0.07578767227943647
30.7,2.807322067047642,-2.688995507746845,0.11050331571066223
30.72,3.4595850013751797,-2.284631604681722,0.29972802004706167
30.74,2.9566971243467894,-1.9335635485743972,0.15573144271613237
30.76,2.6718821623934237,-1.4384989151361427,0.05867432692601534
30.78,2.2816978883354215,-1.080829997249641,0.030559545273966322
30.8,1.8663325489716713,-0.7786572135806619,0.03960517067506036
30.82,1.5964306451120007,-0.4764844299116829,0.036182501604376124
30.84,1.4553677841273722,-0.1527977263698316,0.0503621306114965
30.86,1.2857011887663112,0.16257678085750082,0.0838553922317636
30.88,1.0529596919597837,0.40338599761635546,0.12883904287504203
30.9,0.7388075665434098,0.641505974391101,0.051340036060263425
30.92,0.437368211961006,1.0409803502123889,-0.060141185099165724
30.94,0.28481496195336614,1.6756409864621213,-0.11148122115942914
30.96,0.2928826819056932,1.9841701555480855,-0.13299514103230142
30.98,0.4813739571555175,1.4492558750725788,-0.3398221434465055
31.0,0.7806130244781957,0.7155823121351954,-0.35986920514622744
31.01,1.0392690156770468,0.47037252085688963,-0.3231977508174678
31.04,1.2492742107997432,0.42954496837087064,-0.4112092412064908
31.06,1.7854108730862084,0.3197750817467836,-0.6004339455428903
31.08,2.7999877761818905,0.12419399199339913,-0.8097057115790117
31.1,3.6908596400085565,-1.0908535280995018,-1.0314457720869112
31.12,3.410689728936833,-2.005439599058766,-1.1231244079088103
31.14,3.320233474925893,-1.4751703694649023,-0.9683708706414448
31.16,3.111695137976347,-2.1817070561990035,-0.8947834856217339
31.18,2.124255111083947,-2.193197445222015,-0.7698560645417596
31.2,1.5658710998380343,-1.9548329920850778,-0.5307581823182471
31.22,1.1074779207285395,-1.8455520581853742,-0.36255844513033647
31.24,0.5417596186168749,-1.7338263606637534,-0.29459401644103533
31.26,-0.08556672676710571,-1.6128105613788466,-0.28799315466185865
31.28,-0.658863796106714,-1.431898053356966,-0.29752773278733613
31.3,-1.069095131864438,-1.2570974543898787,-0.2911713473703511
31.32,-1.2145585673685175,-1.1013660116737463,-0.18335727164379795
31.34,-1.1795984475751,-0.9647037252085688,-0.055251657855331114
31.36,-1.088897717201968,-0.9661705833817192,-0.03447116706903401
31.38,-0.9427008526113131,-1.0101763285762309,-0.06356385416984996
31.4,-0.7055587812853344,-1.0400024447636218,0.006356385416984995
31.42,-0.5605842985056382,-1.0991657244140207,0.15059743911010604
31.44,0.06894233413806802,-1.530910980044617,0.2943495400788436
31.46,0.7148488830486203,-1.9792806283042508,0.15744277725147449
31.48,0.8818262384255722,-1.9836812028237019,0.04327231610793631
31.5,2.5359533050148215,-2.4792347889863398,0.3324878525807536
31.53,3.6282736912874736,-1.8005684075420958,0.2327414968065275
31.55,2.9425174953396693,-1.5460685145005042,0.02884821073862421
31.57,2.499770803410445,-0.946367998044189,0.03300430889588363
31.59,2.0467561042691687,-0.594322036488097,-0.040827552486019006
31.61,1.8306390000916786,-0.3253980380771934,-0.10243559575833511
31.63,1.7817437276533326,-0.10341350120710203,-0.0975460685145005
31.65,1.6436145830150046,0.12101579928490663,-0.03789383613971824
31.67,1.3534211410934205,0.33150994713198667,0.11759313021422241
31.69,1.0522262628732084,0.5109555969807169,0.3031506891177459
31.71,0.7590991046053235,0.7133820248754699,0.3828499831922501
31.73,0.47526204810072425,1.2284937200134463,0.27943648198514803
31.75,0.25278855850624943,1.8934694251749533,0.20120404608379427
31.77,0.07529871955505302,1.9477431775815175,0.009779054487669223
31.79,0.09852397396326742,1.2607645998227546,-0.18286831891941446
31.81,0.28823763102405037,0.7969929407450417,-0.17333374079393699
31.83,0.5385814259083824,0.7243834611740977,-0.28237019833144883
31.85,0.9695932524524035,0.6913791522782141,-0.5769642147724842
31.87,2.2218011795984474,0.494575680713871,-0.6759771414601351
31.89,4.1942364697613295,0.4060752376004645,-0.9006509183143354
31.91,4.173944931699416,-1.5377563181859855,-1.2160254255416678
31.93,3.4207132597866945,-2.2687406411392597,-1.3644225773920484
31.95,2.971854658802677,-1.5074412492742109,-1.155150811355927
31.97,2.306634477278978,-1.9951715918467132,-1.011887663111573
31.99,1.692265379091159,-1.8015463129908627,-0.7527427191883385
32.02,1.4605017877333986,-1.6382361030467867,-0.5456712404119427
32.04,1.0219111939614338,-1.5719830088928277,-0.45937108455826176
32.06,0.5038657824771567,-1.5692937689087185,-0.40191913944320506
32.08,0.03740488341533478,-1.4394768205849098,-0.29899459096048653
32.1,-0.35766891788650185,-1.250496592610702,-0.1904470861473581
32.12,-0.6874675304831463,-1.133392415120863,-0.09094520673532377
32.14,-0.9385447544540537,-1.0908535280995018,-0.0014668581731503835
32.16,-1.0664058918803287,-1.0835192372337499,0.03202640344711671
32.18,-1.0908535280995018,-1.07789628090334,0.07456529046847783
32.2,-0.900161965589952,-1.0458698774562234,0.1320172355835345
32.22,-0.5869877456223451,-1.0884087644775846,0.22174006050789963
32.24,-0.4293004920086789,-1.0813189499740243,0.29801668551171956
32.26,0.20511566787886196,-1.2857011887663112,0.3806496959325245
32.28,0.6904012468294471,-1.5785838706720043,0.3989854230969043
32.3,1.3380191302753415,-2.130855972863124,0.2806588637961067
32.32,2.5491550285731748,-2.420804938422516,0.06307490144546649
32.34,3.317788711303976,-2.3704428078110196,-0.0623414723588913
32.36,3.234666748158787,-1.7805213458423739,-0.05427375240656419
32.38,2.8943556519878983,-1.2871680469394615,-0.07236500320875225
32.4,2.41004797848608,-0.7456529046847783,-0.0863001558536809
32.42,1.9655899520215139,-0.36989273599608835,-0.10756959936436146
32.44,1.7511841823793661,-0.1166152247654555,-0.14081838462243682
32.46,1.5719830088928277,0.05842985056382361,-0.12199370473367356
32.48,1.2979250068758976,0.25401094031720806,-0.01711334535342114
32.507,1.0087094704030803,0.42636677566237813,0.1158817956788803
32.527,0.7045808758365676,0.6336827308009657,0.16453259175503468
32.547,0.4363903065122391,1.0104208049384225,0.13079485377257585
32.567,0.23787550041255387,1.529199645509275,0.07114262139779359
32.587,0.19338080249365888,1.7942120221251108,0.01589096354246249
32.607,0.15328667909421506,1.808636127494423,-0.1535311554564068
32.627,0.24276502765638847,1.2353390581548147,-0.31244079088103166
32.647,0.5530055312776946,0.9632368670354184,-0.4207438193319683
32.667,1.0766738990923814,0.8082388534058613,-0.5449378113253674
32.687,1.982703297374935,0.5820982183785105,-0.6456620725483605
32.707,3.511658466522018,0.516334076948935,-0.7842801699110717
32.727,4.282003483788161,-0.47232833175442346,-1.2138251382819423
32.747,3.9441371512391896,-4.013079485377258,-1.4624575986309323
32.767,2.135256547382575,-1.9166946795831679,-1.0632276991718363
32.787,2.283898175595147,-1.8445741527366073,-0.7290285120557406
32.807,1.8487302508938666,-1.8690217889557803,-0.5187788405708523
32.827,1.4893499984720227,-1.7081563426336215,-0.3894508449714268
32.847,0.9248540781713168,-1.6773523209974635,-0.32808727806130245
32.867,0.380160743208141,-1.457323595024906,-0.2471656021758396
32.887,0.00855667267671057,-1.2419399199339913,-0.1464413409528466
32.907,-0.2591449439232344,-1.0429361611099226,-0.06771995232710937
32.927,-0.5055771170124989,-0.953702288909941,-0.05182898878464688
32.947,-0.7820798826513461,-0.9752162087828133,0.03642697796656786
32.967,-1.031690248449103,-0.9497906671148734,0.0982794976010757
33.0,-1.0906090517373102,-0.844910307734621,0.1535311554564068
33.02,-0.7872138862573724,-0.9006509183143354,0.2628120893561104
33.04,-0.4852855789505852,-1.005531277694588,0.33077651804541147
33.06,0.043516792470128046,-1.2018457965345475,0.35644653607554316
33.08,-0.055985086941906306,-1.3165052104024693,0.28897106011062557
33.1,0.2366531186015952,-1.49179476209394,0.22051767869694097
33.12,1.2434067781071418,-1.9985942609173974,0.12566085016654951
33.14,2.4271613238395013,-2.2638511138954254,0.12028237019833145
33.16,3.1146288543226475,-2.077315649543135,0.17895669712434678
33.18,2.8371481832350334,-1.7365156006478624,0.07334290865751918
33.2,2.7039085658405404,-1.4343428169788832,-0.010268007212052684
33.22,2.551844268557284,-1.0194664303395164,-0.02200287259725575
33.24,2.0883170858417626,-0.6534853161384958,-0.04596155609204535
33.26,1.7110900589799223,-0.3740488341533478,-0.047428414265195735
33.28,1.4257861443021727,-0.11368150841915473,-0.023225254408214404
33.3,1.1795984475751,0.13226171194572625,0.0503621306114965
33.32,0.963725819759802,0.3518014851939003,0.1310393301347676
33.34,0.755920911896831,0.5486049567582434,0.147908199125997
33.36,0.5278244659719463,0.9341441799346025,0.042783363383552854
33.38,0.40265256852978026,1.6177000886226813,-0.014913058093695565
33.4,0.3637808269412951,2.112275769336552,-0.04596155609204535
33.42,0.4613268954557956,1.5727164379794027,-0.19313632613146717
33.44,0.6874675304831463,0.8353757296091434,-0.19973718791064388
33.45,0.9233872199981664,0.6265929162974054,-0.21244995874461386
33.47,1.0695840845888214,0.5994560400941233,-0.28016991107172323
33.49,1.4348317697032669,0.44470250282675794,-0.3804052195703328
33.51,2.2560278703052896,0.23543073679063656,-0.3679369250985545
33.53,3.154967454084283,-0.03398221434465055,-0.6226812945023378
33.55,3.740977294257861,-2.153347798184763,-0.7972374171072334
33.57,2.7471808819484766,-2.8012101579928492,-0.8740029948354369
33.59,2.0939400421721723,-1.4179629007120373,-0.5977447055587812
33.61,1.8597316871924945,-1.8937139015371451,-0.4943312043516792
33.63,1.510863918344895,-1.4822601839684626,-0.32515356171500165
33.65,1.2945023378052134,-1.4358096751520337,-0.28188124560706534
33.67,0.8732695657488616,-1.35757723925068,-0.27112428567062924
33.69,0.4933532989029123,-1.21773676007701,-0.22882987501145982
33.71,0.2119610060202304,-1.0876753353910094,-0.16991107172325276
33.73,-0.02493658894355652,-0.8688689912294105,-0.10439140665586896
33.75,-0.21611710417748983,-0.68233352687712,-0.047672890627387464
33.77,-0.3877395104360847,-0.6202365308804205,-0.0073342908657519175
33.79,-0.5520276258289276,-0.6353940653363078,0.03764935977752651
33.81,-0.7097148794425939,-0.6657091342480824,0.05671851602848149
33.83,-0.8065275188705192,-0.6534853161384958,0.06038566146135745
33.85,-0.7089814503560187,-0.5970112764722061,0.09730159215230877
33.87,-0.4244109647648443,-0.6353940653363078,0.20169299880817773
33.89,-0.18286831891941446,-0.7527427191883385,0.2183173914372154
33.91,-0.026403447116706905,-0.8867157656694068,0.20095956972160253
33.93,0.17064450080982796,-1.0783852336277235,0.16282125721969257
33.94,0.3540017724536259,-1.4433884423799774,0.1615988754087339
33.97,0.5261131314366042,-2.2689851175014515,0.006111909054793264
33.99,0.7647220609357332,-2.8452159031873605,-0.2405647403966629
34.01,1.2248265745805702,-2.6430339516547994,0.019558108975338447
34.03,1.6653729792500687,-2.6273874644745288,0.1677107844635272
34.05,1.6463038229991138,-2.1582373254285976,-0.030804021636158054
34.07,1.559759190783241,-1.904715337835773,-0.12688323197750817
34.09,1.6213672340555572,-1.5900742596950157,-0.04693946154081227
34.11,1.4905723802829813,-1.3536656174556123,-0.031048497998349783
34.13,1.2328942945328973,-1.137059560553739,-0.04791736698957919
34.15,1.0265562448430767,-0.9275433181554258,-0.07554319591724475
34.17,0.9131192127861137,-0.752253766463955,-0.05549613421752284
34.19,0.8891605292913242,-0.5632735384897473,-0.030804021636158054
34.21,0.896494820157076,-0.3823610304678666,0.008801149038902301
34.23,0.9045625401094032,-0.22100663142132446,0.057207468752864955
34.25,0.8532225040491397,-0.09632368670354186,0.1271277083396999
34.27,0.715093359410812,-0.03349326162026709,0.17626745714023775
34.29,0.5882101274333038,-0.030070592549582862,0.18849127524982429
34.31,0.5224459860037283,-0.023225254408214404,0.22760749320050117
34.33,0.49726492069798,-0.058185374201631876,0.28188124560706534
34.35,0.5295358005072884,-0.15964306451120008,0.3405555725330807
34.37,0.5483604803960517,-0.3075512636371971,0.3356660452892461
34.39,0.5141337896892094,-0.469150139045931,0.24007578767227944
34.41,0.5476270513094765,-0.6864896250343795,0.17015554808544447
34.43,0.7913699844146319,-1.11603459340525,0.20878281331173792
34.46,1.0749625645570393,-1.7355376951990955,0.17284478806955353
34.48,0.9757051615071968,-1.6101213213947376,-0.02126944351068056
34.5,0.9475903798551477,-1.3517098065580784,-0.1246829447177826
34.52,1.1866882620786603,-1.5064633438254438,-0.09265654127066589
34.54,1.2030681783455062,-1.7157351098615652,-0.16331020994407602
34.56,1.0485591174403324,-1.817437276533325,-0.26794609296213673
34.58,0.9187421691165235,-1.8365064327842802,-0.3209974635577423
34.6,0.7590991046053235,-1.786877731259359,-0.4068086666870397
34.62,0.5263576077987959,-1.7555847568988172,-0.4366347828744308
34.64,0.28237019833144883,-1.6331020994407603,-0.4491030773462091
34.66,0.20193747517036947,-1.5115973474314701,-0.3914066558689607
34.68,0.280414387433915,-1.4817712312440792,-0.32564251443938513
34.7,0.19289184976927543,-1.368334199187116,-0.34642300522568226
34.72,0.07285395593313572,-1.2223818109586528,-0.3926290376799193
34.74,0.04327231610793631,-1.0866974299422425,-0.35791339424869356
34.76,0.09559025761696666,-1.0458698774562234,-0.3300430889588363
34.78,0.12835009015065857,-1.0221556703236256,-0.31048497998349783
34.8,0.13446199920545182,-0.9021177764874858,-0.3038841182043211
34.82,0.14277419551997067,-0.8194847660666809,-0.2791920056229563
34.84,0.13959600281147816,-0.7566543409834061,-0.24178712220762155
34.86,0.1591541117868166,-0.6948018213488983,-0.19631451883995965
34.88,0.1958255661155762,-0.6485957888946612,-0.15548696635394066
34.9,0.21489472236653118,-0.6180362436206949,-0.11441493750572991
34.92,0.26574580570241113,-0.6195031017938453,-0.07456529046847783
34.95,0.31390764905418206,-0.6549521743116462,-0.021758396235064023
34.97,0.3310209944076032,-0.6916236286404058,-0.0014668581731503835
34.99,0.3672034960119793,-0.7463863337713534,0.030315068911774594
35.01,0.3933624667664945,-0.7884362680683311,0.04204993429697766
35.03,0.38896189224704336,-0.7952816062096996,0.02542554166793998
35.05,0.4222106775051187,-0.8109280933899703,0.047183937903004
35.07,0.5102221678941418,-0.8766922348195458,0.11563731931668857
35.09,0.6221923417779543,-0.9752162087828133,0.188735751612016
35.11,0.7282950829691655,-1.0737401827460806,0.2743024783791217
35.13,0.8116615224765455,-1.1409711823488067,0.3398221434465055
35.15,0.812150475200929,-1.150750236836476,0.34031109617088895
35.17,0.7339180392995752,-1.114323258869908,0.28603734376432477
35.19,0.5935886074015219,-1.0752070409192311,0.21318338783118906
35.21,0.4693946154081227,-1.0121321394737646,0.1613543990465422
35.23,0.45668184457415273,-0.9539467652721327,0.16599944992818508
35.25,0.5356477095620817,-0.9177642636677567,0.19240289704489197
35.27,0.6195031017938453,-0.8766922348195458,0.20242642789475293
35.29,0.666931516059041,-0.818506860617914,0.19851480609968522
35.31,0.6872230541209546,-0.7793906426672371,0.1838462243681814
35.33,0.684289337774654,-0.7314732756776579,0.18017907893530544
35.35,0.6547076979494545,-0.7055587812853344,0.17528955169147084
35.37,0.6256150108486386,-0.6830669559636953,0.18800232252544083
35.39,0.5921217492283715,-0.6840448614124621,0.20120404608379427
35.41,0.5622956330409803,-0.7219386975521804,0.19973718791064388
35.43,0.5429820004278336,-0.7869694098951807,0.18580203526571523
35.45,0.5207346514683862,-0.8273080096568163,0.16110992268435045
35.47,0.48895272438346116,-0.8495553586162637,0.13959600281147816
35.48,0.47697338263606637,-0.8730250893866699,0.12786113742627508
35.51,0.4796626226201754,-0.8823151911499557,0.12419399199339913
35.53,0.4982428261467469,-0.8598233658283164,0.11221465024600434
35.55,0.5053326406503071,-0.833908871435993,0.09779054487669223
35.57,0.5043547352015402,-0.8209516242398313,0.09241206490847416
35.59,0.5021544479418146,-0.8028603734376433,0.08556672676710571
35.61,0.494575680713871,-0.7950371298475079,0.08336643950738012
35.63,0.47844024080921677,-0.7984597989181921,0.08018824679888763
35.65,0.4547260336766189,-0.8089722824924365,0.07578767227943647
35.67,0.4332121138037466,-0.8216850533264065,0.06380833053204168
35.69,0.41585429208813374,-0.8194847660666809,0.05085108333587996
35.71,0.41047581211991563,-0.8089722824924365,0.045717079729853616
35.73,0.41365400482840814,-0.7943037007609327,0.04229441065916939
35.75,0.4173211502612841,-0.7923478898633988,0.04816184335177093
35.77,0.409253430308957,-0.7874583626195643,0.048406319713962656
35.79,0.4043639030651224,-0.7789016899428536,0.05476270513094765
35.81,0.39922989945909604,-0.786724933532989,0.05549613421752284
35.83,0.4072976194114232,-0.7852580753598386,0.05940775601259053
35.85,0.4197659138832014,-0.7852580753598386,0.06894233413806802
35.87,0.4261222993001864,-0.7940592243987409,0.07701005409039513
35.89,0.4261222993001864,-0.7894141735170981,0.08361091586957185
35.91,0.4268557283867616,-0.792103413501207,0.09363444671943282
35.93,0.43150077926840447,-0.8109280933899703,0.09632368670354186
35.95,0.44176878648045714,-0.828530391467775,0.09876845032545915
35.977,0.44274669192922406,-0.8453992604590044,0.09559025761696666
35.997,0.43932402285853983,-0.8527335513247563,0.08923387219998166
36.017,0.4515478409681264,-0.872047183937903,0.08556672676710571
36.037,0.4642606118020964,-0.8850044311340647,0.08092167588546283
36.057,0.4667053754240137,-0.8722916603000948,0.06649757051615071
36.077,0.47257280811661523,-0.8473550713565382,0.06185251963450784
36.097,0.4843076735018183,-0.8290193441921584,0.07065366867341014
36.117,0.48650796076154385,-0.8290193441921584,0.07823243590135379
36.137,0.4803960517067506,-0.8116615224765455,0.08678910857806435
36.157,0.45790422638511136,-0.7686336827308009,0.0911896830975155
36.177,0.43345659016593835,-0.7180270757571127,0.07652110136601167
36.197,0.4422577392048406,-0.7488310973932708,0.07554319591724475
36.217,0.47477309537634077,-0.8441768786480457,0.09705711579011704
36.237,0.4657274699752468,-0.9038291110228279,0.10512483574244415
36.257,0.43296763744155486,-0.9466124744063809,0.10365797756929376
36.277,0.42881153928429544,-0.9321883690370687,0.1063472175534028
36.297,0.46059346636922044,-0.8456437368211961,0.13397304648106836
36.317,0.5048436879259236,-0.7578767227943648,0.17455612260489564
36.337,0.5175564587598936,-0.6891788650184885,0.21636158053968157
36.357,0.5045992115637319,-0.6654646578858906,0.24643217308926443
36.377,0.47917366989579196,-0.6752437123735598,0.264034471167069
36.387,0.4515478409681264,-0.6818445741527366,0.26574580570241113
36.415,0.4412798337560737,-0.6984689667817743,0.267701616599945
36.435,0.46059346636922044,-0.740518901078752,0.28237019833144883
36.455,0.49359777526510407,-0.7725453045258687,0.31366317269199034
36.475,0.5124224551538673,-0.7808575008403875,0.32808727806130245
36.495,0.5278244659719463,-0.7786572135806619,0.3332212816673288
36.515,0.5371145677352321,-0.787702838981756,0.3346881398404792
36.535,0.5537389603642697,-0.7955260825718913,0.3388442379977386
36.555,0.609724047306176,-0.7923478898633988,0.3285762307856859
36.575,0.6771995232710937,-0.8141062860984628,0.3070623109128136
36.595,0.7661889191088836,-0.8696024203159857,0.27283562020597135
36.615,0.8603123185527,-0.9079852091800874,0.2254072059407756
36.635,0.9304770345017266,-0.9331662744858357,0.18409070073037312
36.655,0.9622589615866516,-0.8766922348195458,0.1623323044953091
36.675,1.0013751795373285,-0.8062830425083275,0.16526602084160988
36.695,1.049048070164716,-0.7571432937077897,0.15695382452709103
36.715,1.008220517678697,-0.6825780032393118,0.09901292668765088
36.735,0.9299880817773432,-0.5706078293554991,0.049628701524921305
36.755,0.9480793325795311,-0.4339455428903218,0.0591632796503988
36.775,1.0512483574244416,-0.34422271796595666,0.06723099960272591
36.795,1.1698193930874308,-0.3772270268618403,0.027136876203282093
36.815,1.3084374904501421,-0.532713993215781,-0.06503071234300034
36.835,1.5023072456681845,-0.793081318949974,-0.21391681691776426
36.865,1.9052042905601565,-1.4739479876539436,-0.4324786847171714
36.885,1.9220731595513858,-1.892735996088378,-0.6466399779971274
36.905,1.6988662408703359,-2.1193655838401124,-0.8214405769642148
36.925,1.4861718057635303,-1.817681752895517,-0.8331754423494179
36.945,1.1910888365981114,-1.5634263362161172,-0.6884454359319133
36.965,0.8317085841762675,-1.363933624667665,-0.579897931118785
36.985,0.37698255049964857,-1.2673654616019314,-0.5402927604437245
37.005,-0.24985484215994866,-1.247562876264401,-0.5378479968218073
37.025,-0.8933166274485835,-1.1111450661614155,-0.48895272438346116
37.045,-1.2901017632857623,-0.9835284050973321,-0.34275585979280626
37.065,-1.4206521406961463,-0.8957613910705009,-0.18653546435229043
37.085,-1.417473947987654,-0.8062830425083275,-0.06429728325642514
37.105,-1.3744461082419093,-0.8312196314518839,-0.028359258014240746
37.125,-1.2201815236989273,-0.8982061546924182,-0.024447636219173056
37.145,-0.9175197873055648,-0.9913516486874675,0.07627662500381995
37.165,-0.7524982428261467,-1.208691134675916,0.1383736210005195
37.185,0.0073342908657519175,-1.7269810225223847,0.2180729150750237
37.205,0.4794181462579837,-2.2242459432203647,0.1295724719616172
37.225,0.7979708461938086,-2.777251474498059,0.015157534455887297
37.245,0.9326773217614521,-3.010726400391162,0.05476270513094765
37.265,1.0069981358677382,-3.0574213855697825,0.06771995232710937
37.285,1.4025608898939583,-2.921248051828989,0.1373957155517526
37.31,1.9477431775815175,-2.514439385141949,0.08409986859395532
37.33,2.1452800782324357,-1.9396754576291904,-0.07236500320875225
37.35,1.9470097484949425,-1.434587293341075,-0.12346056290682395
37.37,1.714023775326223,-0.8925831983620084,0.010512483574244415
37.39,1.5468019435870795,-0.4070531430492314,0.12566085016654951
37.41,1.4402102496714848,-0.04547260336766189,0.2476545549002231
37.43,1.3160162576780858,0.23200806771995233,0.4349234483390887
37.45,1.1712862512605813,0.4513033646059347,0.5625401094031721
37.47,0.90554044555817,0.6468844543593191,0.4801515753445589
37.49,0.539070378632766,0.9522354307367906,0.29826116187391133
37.51,0.3349326162026709,1.3431531338813678,0.24520979127830578
37.53,0.396540659474987,1.511841823793662,0.21147205329584695
37.55,0.813128380649696,0.9644592488463771,0.07065366867341014
37.57,1.3179720685756195,0.529046847782905,-0.0327598325336919
37.59,1.9704794792653484,0.3767380741374568,-0.23469730770406136
37.61,2.8598844849188643,0.23714207132597867,-0.5422485713412585
37.63,4.199614949729548,-1.5328667909421507,-0.7789016899428536
37.65,4.09106744491642,-3.186015952082633,-1.201356843810164
37.67,3.7642025486660757,-2.776029092687101,-1.4521895914188796
37.69,3.0202609785166397,-3.318277664028359,-1.6580386883843168
37.71,2.1804846743880453,-2.988723527793906,-1.4226079515936803
37.73,1.7641414295755278,-2.640833664395074,-1.194267029306604
37.76,1.1363261314671638,-2.4586987745622344,-1.0932982917214191
37.78,0.20047061699721908,-2.366775662378144,-1.0610274119121108
37.8,-0.9052959691959783,-2.1809736271124285,-0.9588362925159674
37.82,-1.721358066191975,-1.7245362589004676,-0.7053143049231427
37.84,-1.9511658466522017,-1.2742107997432999,-0.3371329034623965
37.86,-1.7682975277327873,-1.1585734804266112,-0.182379366195031
37.88,-1.5575589035235156,-1.3441310393301347,-0.2254072059407756
37.9,-1.2761666106408336,-1.480793325795312,-0.20169299880817773
37.92,-0.9331662744858357,-1.5634263362161172,-0.05696299239067323
37.94,-0.5684075420957736,-1.691531950004584,0.166977355376952
37.96,-0.4950646334382544,-1.7110900589799223,0.2821257219692571
37.98,0.13495095192983528,-2.06533630779574,0.27039085658405404
38.0,0.5701188766311157,-2.4741007853803136,0.11197017388381261
38.02,0.9644592488463771,-2.9004675610426918,-0.01711334535342114
38.04,1.960944901139871,-2.971121229716102,0.15328667909421506
38.06,3.0383522293188276,-2.7735843290651836,0.30095040185802036
38.08,2.992879625951166,-2.1988204015524246,0.023714207132597868
38.1,2.4792347889863398,-1.601564648718027,-0.15793172997585794
38.12,1.951899275738777,-1.0404913974880055,-0.05647403966628976
38.14,1.6465482993613054,-0.6268373926595973,0.01271277083396999
38.16,1.5805396815695383,-0.3092625981725392,0.04816184335177093
38.18,1.5247990709898236,0.013690676282736913,0.17333374079393699
38.21,1.3460868502276686,0.4843076735018183,0.43932402285853983
38.23,1.029001008464994,0.6877120068453382,0.4671943281483971
38.25,0.6935794395379397,0.9307215108639183,0.3613360633193778
38.27,0.465482993613055,1.270299177948232,0.2166060569018733
38.29,0.352045961556092,1.7025333863032117,0.13055037741038414
38.31,0.6368609235094582,1.5822510161048804,0.0207804907862971
38.33,1.0485591174403324,0.8889160529291324,-0.11368150841915473
38.35,1.2121138037466002,0.4642606118020964,-0.2655013293402194
38.37,1.3578217156128716,0.31928612902240017,-0.3933624667664945
38.39,1.954588515722886,0.22980778046022673,-0.6009228982672737
38.41,3.159612504965926,-0.2261406350273508,-0.8006600861779176
38.43,4.423555297497173,-2.3824221495584146,-0.9123857836995385
38.45,3.380130183662867,-2.187085536167222,-1.1593069095131865
38.47,3.1872383338935917,-2.556489319438927,-1.272254988845766
38.49,2.0956513767075147,-2.2347584267946092,-1.0554044555817008
38.51,1.7883445894325092,-1.947498701219326,-0.7216942211899887
38.53,1.4424105369312104,-1.7707422913547046,-0.5019099715796229
38.55,0.8463771659077712,-1.7504507532927909,-0.4662164226996302
38.57,0.14228524279558719,-1.6612168810928094,-0.44519145555114137
38.59,-0.5774531674968676,-1.5074412492742109,-0.40216361580539683
38.61,-1.1155456406808666,-1.3426641811569844,-0.28652629648870825
38.63,-1.2778779451761757,-1.1967117929285211,-0.08556672676710571
38.66,-1.2964581487027473,-1.1649298658435963,-0.022980778046022676
38.68,-1.3360633193778075,-1.2082021819515325,-0.027625828927665557
38.7,-1.1065000152797726,-1.2116248510222167,0.023469730770406136
38.72,-0.6970021086086239,-1.2925465269076797,0.18580203526571523
38.74,-0.47135042630565654,-1.3815359227454695,0.2789475292607646
38.76,-0.10805855208874492,-1.538000794548177,0.31292974360541514
38.78,0.33859976163554684,-1.8213488983283928,0.25376646395501634
38.8,1.0052868013323961,-2.2318247104483087,0.11001436298627876
38.82,2.2298688995507745,-2.301500473672952,0.18824679888763254
38.84,3.1801485193900314,-2.442807811019772,0.22100663142132446
38.86,3.61360510955597,-1.86193197445222,0.1127036029703878
38.88,2.926626531797207,-1.329462457598631,-0.01246829447177826
38.9,2.2066436451425604,-0.93096598722611,-0.03349326162026709
38.92,1.8873575161201601,-0.56082877486783,-0.05500718149313938
38.94,1.8069247929590808,-0.3300430889588363,-0.09241206490847416
38.96,1.7074229135470465,-0.05671851602848149,-0.04327231610793631
38.98,1.5321333618555755,0.23127463863337713,0.07774348317697033
39.0,1.2832564251443939,0.47526204810072425,0.18262384255722275
39.02,0.9395226599028206,0.6801332396173945,0.12663875561531643
39.04,0.5600953457812547,1.0492925465269076,-0.0009779054487669223
39.06,0.34471167069034014,1.7365156006478624,-0.0838553922317636
39.08,0.31513003086514074,2.565290468477829,-0.11392598478134645
39.1,0.6740213305626012,1.6377471503224033,-0.28823763102405037
39.12,1.017266143079791,0.6591082724689057,-0.38822846316046816
39.14,1.216758854628243,0.4258778229379947,-0.3962961831127953
39.16,1.61329951410323,0.4669498517862054,-0.5197567460196192
39.18,2.6865507441249274,0.3791828377593741,-0.6637533233505485
39.2,3.8632154753537264,-0.3958072303884118,-0.8331754423494179
39.22,3.8187207774348315,-2.5875378174372763,-0.9744827796962381
39.24,2.584115148366592,-2.0179078935305443,-1.0688506555022461
39.26,2.309323717263087,-2.0929621367234055,-0.9561470525318583
39.28,1.6377471503224033,-1.8939583778993367,-0.7436970937872445
39.3,1.2964581487027473,-1.6775967973596553,-0.48626348439935213
39.32,0.874736423922012,-1.4842159948659963,-0.3488677688475995
39.34,0.2500993185221404,-1.4697918894966842,-0.2904379182837759
39.36,-0.3676924487363628,-1.4844604712281881,-0.21489472236653118
39.38,-0.9057849219203618,-1.3407083702594504,-0.15548696635394066
39.4,-1.241450967209608,-1.1605292913241452,-0.009290101763285763
39.42,-1.2769000397274088,-1.1001436298627876,0.07040919231121841
39.44,-1.1226354551844269,-1.1419490877975735,0.10488035938025242
39.46,-0.9466124744063809,-1.2668765088775478,0.14350762460654584
39.48,-0.8434434495614705,-1.3473092320386273,0.21929529688598234
39.5,-0.5134003606026343,-1.5172203037618799,0.3141521254163738
39.52,0.22076215505913271,-1.503529627479143,0.4645050881642881
39.55,0.2478990312624148,-1.5807841579317299,0.35938025242184396
39.57,0.5031323533905815,-2.142590838248327,0.12614980289093297
39.59,1.0739846591082725,-2.820279314243804,-0.18115698438407235
39.61,1.9902820646028787,-2.540842832258656,0.052317941509030345
39.63,2.9188032882070716,-2.382911102282798,0.21636158053968157
39.65,2.9740549460624024,-1.8651101671607127,0.019558108975338447
39.67,2.7965651071112063,-1.3563548574397213,-0.015402010818079027
39.69,2.3521070806466398,-0.9131192127861137,0.016624392629037678
39.71,1.7756318185985391,-0.6696207560431501,-0.009290101763285763
39.73,1.551691470830914,-0.40338599761635546,-0.010268007212052684
39.75,1.4922837148183234,-0.10683617027778626,0.06454175961861687
39.77,1.4561012132139473,0.22345139504324174,0.2623231366317269
39.79,1.313082541331785,0.5256241787122208,0.4068086666870397
39.81,1.0260672921186933,0.7727897808880604,0.43125630290621275
39.83,0.684289337774654,1.168841487638664,0.34031109617088895
39.85,0.424655441127036,1.7531399932769,0.2278519695626929
39.87,0.38602817590074257,2.0396662897656084,0.10194664303395165
39.89,0.7292729884179323,1.2847232833175442,-0.06649757051615071
39.91,1.174219967606882,0.6764660941845185,-0.18555755890352352
39.93,1.5191761146594138,0.4271002047489533,-0.38431684136540045
39.95,2.0012835009015064,0.28188124560706534,-0.4657274699752468
39.97,2.922959386364331,0.09021177764874859,-0.6307490144546649
39.99,3.9512269657427495,-2.010084649940409,-0.7637441554869664
40.01,3.4566512850288786,-2.384866913180332,-0.8079943770436696
40.03,3.261559147999878,-2.4415854292088133,-0.8160620969959966
40.05,2.2870763683036395,-2.4741007853803136,-0.7322067047642331
40.07,1.7673196222840204,-2.146013507319011,-0.5701188766311157
40.09,1.5284662164226996,-1.8360174800598967,-0.3933624667664945
40.11,1.1695749167252392,-1.7394493169941632,-0.3452006234147236
40.13,0.7170491703083458,-1.6612168810928094,-0.35449072517800934
40.15,0.17797879167557987,-1.5340891727531094,-0.3606026342328026
40.17,-0.43932402285853983,-1.4098951807597102,-0.4187880084344345
40.19,-1.007976041316505,-1.314060446780552,-0.44616936099990834
40.21,-1.360266479234789,-1.238517250863307,-0.3496011979341747
40.23,-1.476392751275861,-1.082541331784983,-0.23616416587721173
40.25,-1.5096415365339364,-1.0314457720869112,-0.1838462243681814
40.27,-1.3096598722611008,-0.9918406014118509,-0.12932799559942548
40.29,-0.8940500565351588,-1.1219020260978516,-0.05842985056382361
40.31,-0.5097332151697582,-1.2678544143263148,0.011245912660819608
40.33,-0.264034471167069,-1.3717568682578003,0.030070592549582862
40.35,0.24423188582953886,-1.86193197445222,0.04816184335177093
40.37,0.8314641078140758,-2.4017357821715613,-0.05574061057971457
40.39,0.9598141979647342,-2.6611252024569874,-0.10341350120710203
40.41,2.243070623109128,-3.138587537817437,0.28505943831555786
40.42,2.9031568010268005,-3.0124377349265044,0.5537389603642697
40.45,3.12905295969196,-2.6520795770558934,0.41438743391498334
40.47,3.002414204076643,-2.1149650093206613,0.32833175442349416
40.49,2.482657458057024,-1.5404455581700944,0.28799315466185865
40.51,1.8807566543409833,-1.0688506555022461,0.33199889985637016
40.53,1.6558384011245912,-0.5439599058766006,0.411942670293066
40.55,1.5917855942303578,-0.15304220273202335,0.5549613421752284
40.57,1.5509580417443387,0.19484766066680928,0.692357057726981
40.59,1.3866699263514959,0.48479662622620173,0.7617883445894325
40.61,1.0324236775356783,0.7444305228738196,0.7172936466705375
40.63,0.6339272071631574,1.1959783638419461,0.5456712404119427
40.65,0.3662255905632124,1.7120679644286894,0.34593405250129877
40.67,0.3390887143599303,1.899092381505363,0.25474436940378326
40.69,0.6918681050025975,1.3517098065580784,0.15597591907832412
40.71,1.2661430797909727,0.813128380649696,0.04693946154081227
40.73,1.5424013690676281,0.5268465605231794,-0.1726003117073618
40.75,1.6221006631421324,0.28652629648870825,-0.3772270268618403
40.77,2.2445374812822783,0.08409986859395532,-0.5107111206185252
40.79,3.468875103138465,-0.8214405769642148,-0.600678421905082
40.81,4.287626440118571,-3.2246432173089263,-0.657885890657947
40.83,2.9562081716224062,-1.8878464688445435,-0.8483329768053052
40.85,2.6356996607890473,-2.6063624973260398,-0.9072517800935122
40.87,1.826727378296611,-2.143568743697094,-0.6353940653363078
40.89,1.835773003697705,-1.8643767380741374,-0.47428414265195734
40.91,1.5900742596950157,-1.8262384255722275,-0.4813739571555175
40.93,1.1250802188063442,-1.8313724291782538,-0.5346698041133148
40.95,0.6265929162974054,-1.742383033340464,-0.4982428261467469
40.97,0.1525532500076399,-1.544357179965162,-0.46328270635332947
40.99,-0.23958683494789598,-1.2908351923723376,-0.4099868593955322
41.01,-0.5676741130091985,-1.0854750481312838,-0.3207529871955505
41.03,-0.7725453045258687,-0.9561470525318583,-0.20487119151667021
41.05,-0.8718027075757112,-0.9038291110228279,-0.053540323319988994
41.07,-0.9771720196803472,-0.8392873514042111,-0.003422669070684228
41.09,-1.0373132047795128,-0.8177734315313387,0.0014668581731503835
41.11,-0.8473550713565382,-0.7925923662255906,0.055985086941906306
41.13,-0.5517831494667359,-0.9214314091006326,0.20682700241420407
41.15,-0.41365400482840814,-1.176909207590991,0.2757693365522721
41.17,0.3246646089906182,-1.9081380069064573,0.22271796595666657
41.19,0.8199737187910644,-1.9680347156434312,0.23640864223940347
41.21,0.6586193197445221,-1.8325948109892125,0.27136876203282095
41.23,1.8076582220456558,-2.4748342144668887,0.45374812822785193
41.25,2.3225254408214404,-2.295877517342542,0.4381016410475812
41.27,2.561378846682761,-2.194908779757357,0.20902728967392964
41.29,2.552822174006051,-1.9362527885585061,0.21513919872872292
41.31,2.533508541392904,-1.5150200165021543,0.10488035938025242
41.32,2.293921706445008,-1.1957338874797543,-0.02884821073862421
41.35,2.019130275341503,-0.8622681294502338,-0.07921034135012071
41.37,1.7619411423158022,-0.4522812700547016,-0.029092687100815938
41.39,1.545335085413929,-0.10268007212052685,0.04498365064327843
41.41,1.3265287412523301,0.1972924242887266,0.11539284295449684
41.43,1.115301164318675,0.4850411025883935,0.20267090425694465
41.45,0.8740029948354369,0.7561653882590227,0.17480059896708736
41.47,0.6522629343275372,1.1791094948507166,0.05158451242245515
41.49,0.5478715276716682,1.7086452953580051,-0.023958683494789596
41.51,0.6131467163768602,1.9347859303853558,-0.11539284295449684
41.53,0.849310882254072,1.1382819423646975,-0.276747242001039
41.55,1.0764294227301898,0.58625431653577,-0.3918956085933441
41.57,1.320172355835345,0.4522812700547016,-0.5300247532316719
41.59,1.793967545762919,0.38553922317635914,-0.6681538978699997
41.61,2.6515906243315097,0.1767564098646212,-0.8392873514042111
41.63,3.5084802738135257,-1.1419490877975735,-0.9769275433181555
41.65,3.173058704886471,-2.301989426397335,-1.0974543898786786
41.67,3.1048497998349784,-1.8753781743727653,-1.0241114812211594
41.69,2.769428230907924,-2.462854872719494,-1.016288237631024
41.71,1.8677994071448216,-2.275585979280628,-0.8111725697521621
41.73,1.5793172997585796,-2.0440668642850595,-0.5610732512300217
41.75,1.2118693273844086,-1.8409070073037312,-0.3948293249396449
41.76,0.8615347003636585,-1.744094367875806,-0.33859976163554684
41.79,0.4830852916908596,-1.6558384011245912,-0.3043730709287046
41.81,-0.06747547596491764,-1.4685695076857257,-0.2733245729303548
41.83,-0.5962778473856309,-1.2881459523882284,-0.2611007548207683
41.85,-0.95639152889405,-1.1585734804266112,-0.21880634416159886
41.87,-1.1113895425236073,-1.0791186627142988,-0.0863001558536809
41.89,-1.1610182440485286,-1.021666717599242,-0.016135439904654218
41.91,-1.1316810805855209,-1.0025975613482871,0.05207346514683862
41.93,-0.9087186382666625,-1.0121321394737646,0.14179629007120373
41.95,-0.5957888946612474,-1.1245912660819606,0.23054120954680193
41.97,-0.39874094673471255,-1.227760290926871,0.308529169085964
41.99,-0.08678910857806435,-1.3859364972649206,0.3065733581884301
42.01,0.26990190385967056,-1.903737432387006,0.0838553922317636
42.03,0.6982244904195826,-2.4550316291293584,-0.1672218317391437
42.05,2.0694924059529995,-2.70244170766739,-0.09705711579011704
42.07,3.3600831219631453,-2.6965742749747883,0.24105369312104635
42.09,3.3957766708431376,-2.13598997646915,0.30412859456651287
42.11,2.933716346300767,-1.5837178742780307,-0.08776701402683128
42.13,2.4640772545304523,-1.1219020260978516,-0.21073862420927175
42.15,2.068758976866424,-0.6378388289582251,-0.14839715185038047
42.17,1.837484338233047,-0.28310362741802403,-0.14155181370901201
42.19,1.614277419551997,-0.05085108333587996,-0.14766372276380527
42.21,1.4150291843657365,0.17993460257311372,-0.10096873758518474
42.24,1.0510038810622497,0.543470953152217,0.12566085016654951
42.26,0.7727897808880604,0.7933257953121657,0.18800232252544083
42.28,0.5021544479418146,1.2473183999022095,0.057451945115056684
42.3,0.3207529871955505,1.9333190722122053,-0.10268007212052685
42.32,0.26721266387556153,2.3408611679858202,-0.201448522445986
42.34,0.4107202884821074,1.71500168077499,-0.4532591755034685
42.36,0.6850227668612291,0.9605476270513095,-0.46083794273141215
42.38,1.0881642881153928,0.7510313846529963,-0.5195122696574275
42.4,1.774898389511964,0.70775906854506,-0.6177917672585032
42.42,3.002658680438835,0.5532500076398863,-0.8273080096568163
42.44,4.075420957736148,-0.19778137701311005,-1.2409620144852245
42.46,4.8034715643431225,-3.6510099929713045,-1.487149711212297
42.48,2.812945023378052,-2.2941661828071997,-1.5096415365339364
42.5,2.5281300614246858,-2.394645967668001,-1.2199370473367357
42.52,1.8570424472083855,-2.0367325734193074,-0.7500534792042294
42.54,1.6382361030467867,-2.006661980869725,-0.5077774042722244
42.56,1.0849860954069004,-1.951899275738777,-0.4669498517862054
42.58,0.3300430889588363,-1.9140054395990587,-0.434678971976897
42.6,-0.4520367936925098,-1.8142590838248327,-0.3183082235736332
42.62,-1.1402377532622314,-1.5944748342144668,-0.20658252605201236
42.64,-1.519909543745989,-1.4182073770742292,-0.015157534455887297
42.66,-1.6387250557711701,-1.2954802432539803,0.13519542829202702
42.69,-1.5849402560889894,-1.34486446841671,0.15964306451120008
42.71,-1.305748250466033,-1.3979158390123154,0.2102496714848883
42.73,-0.9725269687987043,-1.3600220028725973,0.2777251474498059
42.75,-0.6410170216667176,-1.3761574427772514,0.3222198453687009
42.77,-0.05451822876875592,-1.5296885982336583,0.33859976163554684
42.79,0.45594841548757753,-1.8015463129908627,0.2813922928826819
42.81,0.4547260336766189,-2.3736210005195124,-0.0679644286893011
42.83,1.3394859884484918,-2.5765363811386486,-0.13543990465421873
42.85,2.931027106316658,-2.871130397579684,0.2892155364728173
42.87,3.720441279833756,-2.437429331051554,0.381138648656908
42.89,3.4397824160376493,-1.9448094612352167,-0.041072028848210734
42.91,2.939094826268985,-1.3414417993460257,-0.08923387219998166
42.93,2.232313663172692,-0.8681355621428353,0.03544907251780093
42.95,1.7489838951196406,-0.46328270635332947,0.056229563304098035
42.97,1.533600220028726,-0.14081838462243682,0.03862726522629343
42.99,1.4927726675427069,0.14497448277969624,0.11074779207285396
43.01,1.3426641811569844,0.3945848485774532,0.2134278641933808
43.03,1.0752070409192311,0.5950554655746723,0.23518626042844482
43.05,0.7815909299269627,0.8370870641444855,0.17528955169147084
43.07,0.5344253277511231,1.2698102252238486,0.04987317788711304
43.09,0.3950738013018366,1.806680316596889,-0.007823243590135379
43.11,0.4789291935336002,1.883690370687284,-0.07505424319286129
43.14,0.8603123185527,0.7542095773614889,-0.2412981694832381
43.16,0.989151361427742,0.4957980625248296,-0.31855269993582497
43.18,1.262231457995905,0.4226996302295022,-0.5192677932952358
43.2,2.1271888274302477,0.25670018030131714,-0.77132292271491
43.22,3.5994254805488493,-0.2752803838278886,-0.948323808941723
43.24,4.518412126027565,-2.9060905173731015,-1.0116431867493811
43.26,3.022950218500749,-2.5102832869846896,-1.2497631635241266
43.28,2.580692479295908,-2.5684686611863214,-1.2226262873208447
43.3,1.7888335421568926,-2.2010206888121506,-0.8818262384255722
43.32,1.6621947865415763,-1.9621672829508296,-0.5525165785533112
43.34,1.3546435229043792,-1.8189041347064756,-0.3789383613971824
43.36,0.7879473153439477,-1.8091250802188064,-0.3395776670843138
43.38,0.1686886899122941,-1.7022889099410201,-0.27943648198514803
43.4,-0.462793753628946,-1.5541362344528313,-0.2183173914372154
43.42,-0.9453900925954222,-1.3407083702594504,-0.15402010818079026
43.44,-1.167863582189897,-1.1607737676863368,0.052317941509030345
43.46,-1.2424288726583748,-1.014576903095682,0.21367234055557252
43.48,-1.3108822540720593,-0.9581028634293921,0.24423188582953886
43.5,-1.2424288726583748,-0.9118968309751551,0.19973718791064388
43.52,-1.0451364483696481,-0.896494820157076,0.2119610060202304
43.54,-0.6356385416984995,-0.9979525104666442,0.2799254347095315
43.55,-0.20756043150077927,-1.1101671607126486,0.35546863062677625
43.58,0.17773431531338812,-1.1795984475751,0.3525349142804755
43.6,0.26647923478898633,-1.5612260489563914,0.20047061699721908
43.62,0.8011490389023012,-2.2777862665403537,-0.01271277083396999
43.64,1.755829233261009,-2.535219875928246,0.07847691226354551
43.66,2.824924365125447,-2.6391223298597315,0.41218714665525774
43.68,3.0351740366103352,-2.2452709103688537,0.26965742749747884
43.7,2.7999877761818905,-1.921095254102619,0.0951013048925832
43.72,2.4489197200745654,-1.3680897228249242,0.12614980289093297
43.74,1.8409070073037312,-0.9820615469241818,0.13446199920545182
43.76,1.394737646303823,-0.641505974391101,0.11025883934847049
43.78,1.2795892797115178,-0.35717996516211836,0.09950187941203435
43.8,1.3240839776304127,-0.08141062860984628,0.17944564984873024
43.82,1.2536747853191945,0.18800232252544083,0.3077957399993888
43.84,1.0204443357882835,0.40387495034073895,0.3975185649237539
43.86,0.7478531919445038,0.5600953457812547,0.409253430308957
43.88,0.47477309537634077,0.844910307734621,0.3532683433670507
43.9,0.30021697277144516,1.2661430797909727,0.29606087461418573
43.92,0.24863246034899,1.5922745469547412,0.23714207132597867
43.94,0.4102313357577239,1.2852122360419276,0.17333374079393699
43.96,0.6749992360113681,0.7280506066069736,0.11930446474956452
43.98,0.9070073037313204,0.4821073862420927,-0.04596155609204535
43.99,1.0969654371542952,0.37160407053143046,-0.18898022797420774
44.02,2.085383369495462,0.17088897717201967,-0.24398740946734712
44.04,3.13760963236867,-0.9045625401094032,-0.45619289184976924
44.06,3.2226874064113926,-2.890199553830639,-0.48821929529688596
44.08,2.4342511383430616,-1.284967759679736,-0.43101182654402104
44.1,2.7887418635210706,-2.1812181034746203,-0.43003392109525407
44.12,1.844818629098799,-1.9071601014576902,-0.3341991871160957
44.14,1.5140421110533875,-1.7524065641903248,-0.195092137029001
44.16,1.2534303089570027,-1.5974085505607676,-0.10047978486080127
44.18,1.0138434740091067,-1.5421568927054365,-0.10659169391559453
44.2,0.7224276502765639,-1.5111083947070867,-0.12248265745805702
44.22,0.4060752376004645,-1.4485224459860038,-0.11123674479723741
44.24,0.07334290865751918,-1.3367967484643828,-0.08972282492436512
44.26,-0.24863246034899,-1.135348226018397,-0.0767655777282034
44.28,-0.4371237355988143,-0.9358555144699446,-0.03153745072273324
44.3,-0.49359777526510407,-0.8045717079729854,0.031048497998349783
44.32,-0.519023316933044,-0.7615438682272407,0.06918681050025975
44.34,-0.5774531674968676,-0.7351404211105339,0.07040919231121841
44.36,-0.61167985820371,-0.6647312287993155,0.09607921034135011
44.38,-0.53540323319989,-0.5794089783944015,0.16917764263667756
44.4,-0.37038168872047184,-0.6148580509122024,0.21073862420927175
44.42,-0.09999083213641781,-0.8754698530085873,0.09387892308162454
44.43,0.10928093389970357,-1.1553952877181188,0.049628701524921305
44.46,0.32417565626623474,-1.2473183999022095,0.0022002872597255752
44.48,0.5505607676557772,-1.1720196803471563,-0.0007334290865751917
44.5,0.9847507869082908,-1.5140421110533875,0.26647923478898633
44.52,1.4023164135317667,-1.6582831647465086,0.4268557283867616
44.54,1.472725605842985,-1.5013293402194174,0.21049414784708004
44.56,1.417473947987654,-1.5678269107355682,0.10023530849860954
44.58,1.4580570241114812,-1.4724811294807933,0.12003789383613972
44.6,1.3191944503865782,-1.3526877120068452,0.1383736210005195
44.62,1.0972099135164868,-1.2839898542309691,0.1063472175534028
44.64,0.9913516486874675,-1.2519634507838524,0.048406319713962656
44.66,0.9510130489258319,-1.1593069095131865,0.05207346514683862
44.68,0.938300278091862,-1.0304678666381444,0.06698652324053418
44.7,0.9908626959630841,-0.8762032820951624,0.08214405769642147
44.72,1.0551599792195092,-0.6473734070837026,0.12761666106408337
44.74,1.0275341502918436,-0.3936069431286862,0.15010848638572258
44.76,0.9360999908321364,-0.1894691806985912,0.15304220273202335
44.78,0.8336643950738013,-0.09045625401094032,0.1750450753292791
44.8,0.7935702716743575,-0.09999083213641781,0.2324970204443358
44.82,0.8180179078935306,-0.15157534455887295,0.2948384928032271
44.84,0.8537114567735232,-0.24374293310515538,0.34568957613910706
44.86,0.8280414387433915,-0.3958072303884118,0.3483788161232161
44.87,0.7375851847324512,-0.5351587568376982,0.2806588637961067
44.89,0.6850227668612291,-0.7671668245576506,0.23738654768817039
44.91,0.6774439996332854,-1.223115240045228,0.18433517709256486
44.93,0.7466308101335452,-1.5900742596950157,0.09094520673532377
44.95,0.7348959447483421,-1.5194205910216056,-0.02126944351068056
44.97,0.7605659627784739,-1.2331387708950892,-0.06845338141368457
44.99,0.8862268129450234,-1.1632185313082541,-0.05011765424930477
45.01,1.0084649940408887,-1.2685878434128899,-0.020047061699721907
45.03,0.9940408886715766,-1.4243192861290224,-0.02029153806191364
45.05,0.8101946643033952,-1.5284662164226996,-0.07456529046847783
45.07,0.512666931516059,-1.5240656419032486,-0.17944564984873024
45.09,0.20267090425694465,-1.4387433914983345,-0.26574580570241113
45.11,-0.02591449439232344,-1.3160162576780858,-0.28725972557528345
45.13,-0.07114262139779359,-1.1637074840326376,-0.24276502765638847
45.15,-0.0036671454328759587,-1.038046633866088,-0.17651193350242947
45.17,0.05574061057971457,-0.915563976408031,-0.147908199125997
45.19,0.11930446474956452,-0.8456437368211961,-0.13226171194572625
45.21,0.17480059896708736,-0.7991932280047672,-0.10561378846682762
45.23,0.13323961739449316,-0.7175381230327292,-0.08116615224765455
45.25,0.11417046114353818,-0.6341716835253491,-0.04987317788711304
45.27,0.12663875561531643,-0.5899214619686459,-0.012223818109586528
45.29,0.16282125721969257,-0.6781774287198606,-0.062096995996699565
45.31,0.295816398251994,-0.9500351434770651,0.01735782171561287
45.335,0.25792256211227577,-0.9730159215230877,-0.022247348959447483
45.355,0.21758396235064023,-0.8771811875439294,-0.059896708736973996
45.375,0.2608562784585765,-0.8317085841762675,-0.028114781652049017
45.395,0.31513003086514074,-0.7341625156617669,0.01686886899122941
45.415,0.3694037832717049,-0.6561745561226049,0.060141185099165724
45.435,0.45839317910949484,-0.6527518870519207,0.11637074840326375
45.455,0.5984781346453565,-0.708736973993827,0.15402010818079026
45.475,0.6771995232710937,-0.7864804571707973,0.15695382452709103
45.495,0.6236591999511047,-0.8158176206338049,0.1127036029703878
45.515,0.5388259022705743,-0.8586009840173578,0.06894233413806802
45.535,0.5026434006661981,-0.9783944014913057,0.05060660697368823
45.555,0.47501757173853254,-1.0822968554227912,0.030804021636158054
45.575,0.47477309537634077,-1.049781499251291,0.031048497998349783
45.595,0.5417596186168749,-0.9453900925954222,0.07334290865751918
45.615,0.5982336582831648,-0.852978027686948,0.10121321394737647
45.635,0.635149588974116,-0.7686336827308009,0.14057390826024507
45.655,0.6828224796015036,-0.7146044066864284,0.1767564098646212
45.675,0.6904012468294471,-0.7102038321669774,0.19166946795831677
45.695,0.6327048253521987,-0.7339180392995752,0.17113345353421142
45.715,0.5708523057176909,-0.7811019772025792,0.1366622864651774
45.735,0.5168230296733185,-0.8578675549307826,0.1063472175534028
45.745,0.490908535280995,-0.8850044311340647,0.0806771995232711
45.775,0.48626348439935213,-0.8730250893866699,0.07163157412217706
45.795,0.513644836964826,-0.8485774531674969,0.0831219631451884
45.815,0.5654738257494728,-0.8351312532469517,0.09167863582189897
45.835,0.5776976438590594,-0.8126394279253124,0.10268007212052685
45.855,0.5823426947407022,-0.780368548116004,0.11197017388381261
45.875,0.5767197384102924,-0.7659444427466919,0.11123674479723741
45.895,0.5583840112459126,-0.772300828163677,0.11808208293860586
45.915,0.5273355132475629,-0.802126944351068,0.11074779207285396
45.935,0.5077774042722244,-0.8260856278458576,0.10732512300216973
45.955,0.4786847171714085,-0.8356202059713351,0.09632368670354186
45.975,0.46108241909360387,-0.8317085841762675,0.08556672676710571
45.995,0.4539926045900437,-0.8331754423494179,0.08116615224765455
46.015,0.4662164226996302,-0.828530391467775,0.08189958133422974
46.035,0.47428414265195734,-0.8028603734376433,0.08507777404272224
46.055,0.4681722335971641,-0.761299391865049,0.07969929407450417
46.075,0.46034899000702867,-0.7385630901812181,0.07945481771231244
46.095,0.45912660819607004,-0.7463863337713534,0.08458882131833878
46.115,0.4542370809522354,-0.7598325336918986,0.07847691226354551
46.135,0.4422577392048406,-0.7639886318491581,0.07016471594902668
46.155,0.4378571646853895,-0.7757234972343612,0.06967576322464322
46.175,0.4422577392048406,-0.7798795953916206,0.06967576322464322
46.195,0.46083794273141215,-0.7779237844940867,0.07089814503560186
46.215,0.47452861901414906,-0.7784127372184702,0.07285395593313572
46.235,0.48553005531277693,-0.7781682608562784,0.07945481771231244
46.255,0.4808850044311341,-0.7762124499587446,0.07945481771231244
46.275,0.48724138984811904,-0.7771903554075115,0.08361091586957185
46.295,0.49041958255661156,-0.7845246462732635,0.09241206490847416
46.315,0.5001986370442808,-0.7925923662255906,0.09559025761696666
46.335,0.5001986370442808,-0.7933257953121657,0.09730159215230877
46.355,0.49848730250893863,-0.7879473153439477,0.10292454848271858
46.375,0.5048436879259236,-0.7801240717538123,0.10585826482901935
46.395,0.5112000733429086,-0.776701402683128,0.10976988662408703
46.415,0.523668367814687,-0.7740121626990191,0.10756959936436146
46.435,0.5305137059560554,-0.7762124499587446,0.10781407572655319
46.455,0.5341808513889313,-0.7825688353757296,0.10708064663997799
46.475,0.5268465605231794,-0.793081318949974,0.10659169391559453
46.495,0.5307581823182471,-0.7913699844146319,0.10463588301806069
46.515,0.5415151422546832,-0.7874583626195643,0.11172569752162087
46.535,0.5385814259083824,-0.7806130244781957,0.10732512300216973
46.555,0.5307581823182471,-0.77132292271491,0.10683617027778626
46.575,0.5253797023500291,-0.776701402683128,0.11417046114353818
46.595,0.5114445497051003,-0.7823243590135378,0.11343703205696298
46.615,0.5001986370442808,-0.7935702716743575,0.1063472175534028
46.635,0.5102221678941418,-0.8126394279253124,0.11343703205696298
46.645,0.5028878770283898,-0.8023714207132597,0.1158817956788803
46.676,0.4796626226201754,-0.8067719952327109,0.1183265593007976
46.696,0.45448155731442713,-0.8023714207132597,0.11857103566298934
46.716,0.43370106652813006,-0.7698560645417596,0.12223818109586529
46.736,0.43198973199278795,-0.7661889191088836,0.12174922837148183
46.756,0.43370106652813006,-0.7881917917061394,0.13079485377257585
46.776,0.4239220120404608,-0.7901476026036732,0.12835009015065857
46.796,0.4212327720563518,-0.787702838981756,0.11710417748983895
46.816,0.4412798337560737,-0.764966537297925,0.11417046114353818
46.836,0.4667053754240137,-0.7207163157412217,0.12101579928490663
46.856,0.47232833175442346,-0.6681538978699997,0.13079485377257585
46.876,0.47135042630565654,-0.6041010909757663,0.1271277083396999
46.896,0.5077774042722244,-0.5742749747883752,0.11465941386792164
46.916,0.6158359563609693,-0.6283042508327475,0.11954894111175625
46.936,0.7608104391406656,-0.7375851847324512,0.1246829447177826
46.956,0.8605567949148917,-0.7434526174250528,0.13421752284326008
46.976,0.9035846346606362,-0.6943128686245148,0.1383736210005195
46.996,0.9021177764874858,-0.6847782904990374,0.08458882131833878
47.016,0.9118968309751551,-0.7131375485132782,0.060141185099165724
47.036,0.9427008526113131,-0.6916236286404058,0.07774348317697033
47.056,0.9571249579806252,-0.6053234727867249,0.0975460685145005
47.076,0.9735048742474712,-0.5319805641292057,0.09485682853039147
47.096,0.98181707056199,-0.5014210188552394,0.0911896830975155
47.116,0.9769275433181555,-0.5004431134064725,0.10414693029367723
47.136,0.9607921034135012,-0.5031323533905815,0.11710417748983895
47.156,0.9084741619044708,-0.5124224551538673,0.10365797756929376
47.176,0.855667267671057,-0.5202456987440027,0.10047978486080127
47.196,0.7833022644623048,-0.5820982183785105,0.08923387219998166
47.216,0.7011582067658834,-0.6779329523576689,0.06136356691012437
47.236,0.6353940653363078,-0.7886807444305228,0.040094123399443814
47.256,0.5593619166946796,-0.9581028634293921,-0.015157534455887297
47.276,0.4359013537878556,-1.1123674479723742,-0.07578767227943647
47.296,0.2222290132322831,-1.150505760474284,-0.10463588301806069
47.316,-0.016624392629037678,-1.0752070409192311,-0.15084191547229778
47.336,-0.16966659536106102,-1.0184885248907496,-0.1904470861473581
47.356,-0.1757785044158543,-1.0766738990923814,-0.17700088622681295
47.376,-0.06356385416984996,-1.256608501665495,-0.1366622864651774
47.396,0.006845338141368456,-1.2974360541515142,-0.10292454848271858
47.416,-0.10121321394737647,-1.2253155273049536,-0.13788466827613605
47.436,-0.14032943189805336,-1.3265287412523301,-0.15695382452709103
47.456,-0.06136356691012437,-1.4996180056840753,-0.06258594872108303
47.476,0.08605567949148916,-1.6991107172325275,0.03349326162026709
47.496,0.23543073679063656,-1.9633896647617883,0.07480976683066956
47.516,0.3701372123582801,-2.1220548238242216,0.10512483574244415
47.536,0.48699691348592733,-2.209821837851053,0.06771995232710937
47.546,0.6058124255111084,-2.1775509580417443,0.09094520673532377
47.58,0.9040735873850196,-2.0347767625217736,0.19411423158023408
47.6,1.276655563365217,-1.7328484552149863,0.26819056932432844
47.62,1.2771445160896007,-1.3482871374873941,0.12981694832380894
47.64,1.343886562967943,-1.0302233902759528,0.10170216667175992
47.66,1.360266479234789,-0.673287901476026,0.2630565657183021
47.68,1.4013385080829996,-0.34813433976102437,0.4806405280689423
47.7,1.340219417535067,-0.048406319713962656,0.6121688109280934
47.72,1.1544173822693518,0.18433517709256486,0.7339180392995752
47.74,1.0040644195214374,0.34495614705253186,0.8740029948354369
47.76,0.7583656755187482,0.5884546037954955,0.6889343886562967
47.78,0.5302692295938636,1.0676282736912874,0.38431684136540045
47.8,0.6393056871313755,1.7546068514500504,0.31928612902240017
47.82,1.2810561378846683,1.7536289460012835,0.20731595513858753
47.84,1.8888243742933104,0.8387983986798276,-0.01637991626684595
47.86,2.1682608562784584,0.3354215689270544,-0.27087980930843747
47.88,2.4838798398679827,-0.02884821073862421,-0.5784310729456346
47.9,3.463496623170247,-1.6059652232374781,-0.7979708461938086
47.92,3.577178131589402,-3.340525012987807,-1.1475720441279833
47.94,3.3385692020902726,-2.865018488524891,-1.2651651743422057
47.96,2.8425266632032513,-3.5395287718118755,-1.6203893286067903
47.98,2.1015188094001163,-3.1065611343703203,-1.392781835406289
47.99,2.0976071876050484,-2.8496164777068116,-1.1553952877181188
48.02,1.5636708125783088,-2.7256669620756044,-0.9507685725636402
48.04,0.8840265256852978,-2.5107722397090733,-0.8368425877822938
48.06,0.07285395593313572,-2.2181340341655718,-0.6928460104513645
48.08,-0.8351312532469517,-1.8413959600281147,-0.5422485713412585
48.1,-1.443632918742169,-1.4311646242703908,-0.383827888641017
48.12,-1.6998441463191027,-1.1373040369159306,-0.09607921034135011
48.14,-1.6700180301317116,-1.0028420377104788,0.09705711579011704
48.16,-1.5846957797267975,-1.168841487638664,0.06576414142957553
48.18,-1.474436940378327,-1.3174831158512361,-0.0041560981572594195
48.2,-1.1805763530238669,-1.3886257372490296,0.06136356691012437
48.22,-0.8204626715154478,-1.4644134095284662,0.21465024600433946
48.24,-0.4821073862420927,-1.7680530513705957,0.3102405036213061
48.26,0.3444671943281484,-2.393912538581426,0.36158053968156956
48.28,1.1380374660025059,-2.5066161415518136,0.2603673257341931
48.3,1.2380282981389237,-2.847660666809278,0.18677994071448217
48.32,2.1897747761513306,-3.3534822601839682,0.336643950738013
48.34,3.6153164440913117,-2.789230816245454,0.48406319713962653
48.36,3.1407878250771626,-1.9267182104330287,0.1975369006509183
48.38,2.407114262139779,-1.4260306206643645,0.09681263942792531
48.4,1.9411423158023409,-0.8615347003636585,0.1366622864651774
48.42,1.641658772117471,-0.5097332151697582,0.13006142468600068
48.44,1.538978699996944,-0.19142499159612505,0.13935152644928644
48.47,1.4741924640161355,0.13299514103230142,0.20120404608379427
48.49,1.3737126791553342,0.40974238303334043,0.32735384897472725
48.51,1.1172569752162087,0.607034807322067,0.43125630290621275
48.53,0.7608104391406656,0.8771811875439294,0.25670018030131714
48.55,0.45790422638511136,1.3367967484643828,-0.024203159856981328
48.57,0.3791828377593741,1.922806588637961,-0.2271185404761177
48.59,0.6598417015554808,2.1685053326406503,-0.46059346636922044
48.61,1.4250527152155976,1.2055129419674235,-0.4823518626042844
48.63,2.006906457231916,0.6727989487516426,-0.6571524615713717
48.65,2.355774226079516,0.35644653607554316,-0.7683892063686092
48.67,3.11634018885799,0.15719830088928277,-0.9365889435565199
48.69,4.492253155273049,-2.2191119396143386,-1.0754515172814227
48.71,4.011123674479724,-3.7297313815970417,-1.161507196772912
48.73,3.1500779268404484,-3.2889405005653516,-1.265898603428781
48.75,2.241359288573786,-2.8581731503835224,-1.0160437612688322
48.77,1.934541454023164,-2.5454878831402987,-0.6683983742321914
48.79,1.7519176114659414,-2.4002689239984107,-0.5043547352015402
48.81,1.1808208293860587,-2.389267487699783,-0.5207346514683862
48.83,0.34568957613910706,-2.24478195764447,-0.5222015096415366
48.85,-0.5532500076398863,-1.921095254102619,-0.46254927726675427
48.87,-1.3091709195367172,-1.528955169147083,-0.3522904379182838
48.89,-1.6695290774073281,-1.24316230174495,-0.11417046114353818
48.92,-1.5622039544051585,-1.0067536595055466,0.19240289704489197
48.94,-1.4086727989487515,-1.071784371848547,0.16379916266845948
48.96,-1.2108914219356415,-1.1082113498151147,0.17015554808544447
48.98,-0.9798612596644561,-1.166152247654555,0.24496531491611404
49.0,-0.5999449928185069,-1.3822693518320448,0.38651712862512605
49.02,0.31684136540048286,-1.752162087828133,0.5718302111664578
49.04,0.5816092656541271,-2.169483238089417,0.4491030773462091
49.06,0.8715582312135195,-2.6078293554991903,0.2652568529780277
49.08,1.725025211624851,-2.8381260886838002,0.4075420957736149
49.1,2.824924365125447,-3.01048192402897,0.6473734070837026
49.12,3.4649634813433976,-2.36481985148061,0.4278336338355285
49.14,3.186749381169208,-1.7504507532927909,0.19851480609968522
49.16,2.5863154356263176,-1.1602848149619533,0.21709500962625675
49.18,1.8123032729272988,-0.7278061302447819,0.26134523118296
49.2,1.5167313510374965,-0.3202640344711671,0.2941050637166519
49.22,1.4358096751520337,0.04302783974574458,0.31684136540048286
49.24,1.4817712312440792,0.4187880084344345,0.38798398679827645
49.26,1.3920484063197138,0.7212052684656052,0.4134095284662164
49.28,1.099899153500596,1.0387800629526633,0.31146288543226475
49.3,0.7615438682272407,1.4646578858906578,0.1158817956788803
49.32,0.5258686550744125,1.9257403049842619,-0.019313632613146715
49.34,0.5175564587598936,1.7966567857470281,-0.13935152644928644
49.37,0.8490664058918803,1.0067536595055466,-0.3031506891177459
49.39,1.2673654616019314,0.575252880237142,-0.38725055771170125
49.41,1.6438590593771965,0.4539926045900437,-0.5366256150108486
49.43,2.1582373254285976,0.35620205971335145,-0.7216942211899887
49.45,3.0449530910980043,0.0327598325336919,-1.0155548085444488
49.47,4.167588546282431,-2.2589615866515906,-1.1639519603948294
49.49,3.3444366347828742,-2.397579684014302,-1.3426641811569844
49.51,3.504568652018458,-2.5374201631879716,-1.3715123918956085
49.53,2.347462029764997,-2.583626195642209,-1.2135806619197507
49.55,1.771231244079088,-2.279986553800079,-0.9167863582189897
49.57,1.55535861626379,-2.054334871497112,-0.6627754179017816
49.59,1.1512391895608594,-2.016441035357394,-0.5256241787122208
49.61,0.5454267640497509,-2.029887235277939,-0.48699691348592733
49.63,-0.2246737768542004,-1.9377196467316566,-0.44396907374018274
49.65,-0.9876845032545916,-1.7088897717201967,-0.38676160498731776
49.67,-1.4094062280353268,-1.467347125874767,-0.15377563181859855
49.69,-1.5328667909421507,-1.2592977416496043,0.0806771995232711
49.71,-1.6377471503224033,-1.2619869816337133,0.1063472175534028
49.73,-1.583473397915839,-1.2350945817926229,0.11905998838737279
49.75,-1.1835100693701677,-1.2923020505454879,0.16966659536106102
49.77,-0.776701402683128,-1.377624300950402,0.2398313113100877
49.78,-0.5129114078782507,-1.4712587476698347,0.2334749258931027
49.81,0.20095956972160253,-1.8626654035387953,0.25376646395501634
49.83,0.9133636891483055,-2.345750695229655,0.201448522445986
49.85,1.8000794548177124,-2.9117134737035113,0.08141062860984628
49.87,2.969165418818568,-3.194817101121535,0.2415426458454298
49.89,3.8299666900956515,-2.4357179965162117,0.2943495400788436
49.91,3.4180240198025853,-1.7098676771689636,0.1312838064969593
49.93,2.695107416801638,-1.1131008770589494,0.1127036029703878
49.95,2.1900192525135225,-0.6427283562020597,0.15866515906243314
49.97,1.8308834764538704,-0.40338599761635546,0.13446199920545182
49.99,1.637013721235828,-0.11979341747394799,0.1677107844635272
50.01,1.5086636310851693,0.23958683494789598,0.2686795220487119
50.03,1.3152828285915106,0.519023316933044,0.33126547076979496
50.05,0.9793723069400727,0.8026158970754514,0.2518106530574825
50.07,0.6422394034776763,1.392781835406289,0.0415609815725942
50.09,0.4669498517862054,2.245026434006662,-0.07383186138190263
50.11,0.5525165785533112,2.6418115698438407,-0.2469211258136479
50.13,1.049781499251291,1.355621428353146,-0.2941050637166519
50.15,1.2949912905295968,0.8048161843351771,-0.47183937903004003
50.17,1.3040369159306908,0.6346606362497326,-0.5439599058766006
50.19,1.839440149130581,0.47575100082510774,-0.5923662255905632
50.21,3.226110075482077,0.33859976163554684,-0.7498090028420377
50.23,4.369526021452801,-1.4866607584879137,-0.9869510741680163
50.26,3.9214008495553587,-3.2542248571341257,-1.136081655104972
50.28,3.296519267793295,-2.2298688995507745,-1.0468477829049903
50.3,2.602450875530972,-2.5577117012498856,-0.9172753109433731
50.32,1.9866149191700027,-2.314702197231305,-0.6639977997127403
50.34,1.6519267793295236,-2.117165296580387,-0.42954496837087064
50.36,1.1448828041438743,-2.0724261222993,-0.36255844513033647
50.38,0.5033768297527733,-1.98905968279192,-0.3077957399993888
50.4,-0.23958683494789598,-1.784921920361825,-0.28970448919720077
50.42,-0.9915961250496592,-1.5428903217920118,-0.31268526724322343
50.44,-1.4998624820462672,-1.3419307520704091,-0.20120404608379427
50.46,-1.6257678085750085,-1.1258136478929193,0.03422669070684228
50.48,-1.5905632124193991,-1.0610274119121108,0.08532225040491398
50.5,-1.4925281911805153,-1.095987531705528,0.07578767227943647
50.52,-1.2238486691318033,-1.176909207590991,0.08581120312929744
50.54,-0.8353757296091434,-1.2839898542309691,0.1767564098646212
50.56,-0.23567521315282827,-1.5746722488769367,0.25938942028542616
50.58,0.5449378113253674,-1.9289184976927543,0.24667664945145615
50.6,0.9153195000458393,-2.4408520001222382,0.08043272316107936
50.62,1.9990832136417809,-2.59511658466522,0.29386058735446013
50.64,3.189683097515509,-2.738624209271766,0.5212236041927696
50.66,3.4234024997708032,-2.1347675946581917,0.41145371756868254
50.68,2.8833542156892706,-1.5722274852550193,0.25401094031720806
50.7,2.4269168474773095,-0.957369434342817,0.3075512636371971
50.72,1.8744002689239985,-0.5451822876875592,0.34666748158787397
50.74,1.6267457140237753,-0.2906823946459677,0.3202640344711671
50.76,1.528955169147083,-0.06454175961861687,0.3055954527396632
50.78,1.4707697949454512,0.22027320233474926,0.3899397976958103
50.8,1.3622222901323229,0.4525257464168933,0.5004431134064725
50.82,1.1192127861137426,0.6094795709439843,0.5779421202212511
50.84,0.7850135989976469,0.8004156098157259,0.48797481893469424
50.86,0.4554594627631941,1.1952449347553709,0.11197017388381261
50.88,0.29386058735446013,1.6839531827766403,-0.14301867188216238
50.9,0.33933319072212204,2.2557833939430982,-0.3933624667664945
50.92,0.8700913730403691,1.47199217675641,-0.6251260581242551
50.94,1.623323044953091,0.7031140176634172,-0.6933349631757479
50.96,2.1227882529107966,0.45448155731442713,-0.893805580172967
50.98,2.8298138923692813,0.3779604559484155,-1.0576047428414266
51.0,4.1504752009290105,-0.6776884759954772,-1.425541667939981
51.02,4.365369923295542,-3.8778840570852307,-1.538245270910369
51.04,3.0121932585643125,-2.0880726094795707,-1.329462457598631
51.06,2.7963206307490145,-2.416404363903065,-1.1773981603153745
51.08,2.068758976866424,-2.1601931363261313,-0.8033493261620267
51.1,1.965345475659322,-2.09785166396724,-0.5835650765516609
51.12,1.5695382452709103,-2.1240106347217553,-0.47403966628976557
51.13,1.1363261314671638,-2.1428353146105183,-0.41707667389909236
51.16,0.6867341013965712,-2.090028420377105,-0.362069492405953
51.18,0.1373957155517526,-1.9347859303853558,-0.24912141307337346
51.2,-0.4112092412064908,-1.71500168077499,-0.12810561378846683
51.22,-0.9321883690370687,-1.533600220028726,-0.03936069431286862
51.24,-1.300369770497815,-1.4556122604895638,0.11319255569477125
51.26,-1.4551233077651804,-1.2861901414906947,0.2647679002536442
51.28,-1.4668581731503836,-1.1001436298627876,0.4251443938514195
51.3,-1.393759740855056,-1.0312012957247196,0.4547260336766189
51.32,-1.0050423249702045,-0.96910429972802,0.5041102588393485
51.34,-0.4517923173303181,-1.0886532408397762,0.4926198698163371
51.36,0.188735751612016,-1.3382636066375333,0.5185343642086606
51.38,0.9358555144699446,-1.8074137456834642,0.5586284876081044
51.4,2.1210769183754543,-2.498059468875103,0.47428414265195734
51.42,3.1407878250771626,-2.4178712220762155,0.5021544479418146
51.44,3.7708034104452524,-2.0450447697338263,0.5520276258289276
51.46,3.3608165510497203,-1.4252971915777892,0.4070531430492314
51.48,2.847416190447086,-0.8128839042875042,0.336643950738013
51.5,2.037954955230266,-0.46010451364483695,0.292149252819118
51.52,1.6702625064939034,-0.18653546435229043,0.24814350762460655
51.54,1.5820065397426886,-0.0623414723588913,0.19924823518626042
51.56,1.4788375148977784,0.08850044311340648,0.2134278641933808
51.58,1.2243376218561868,0.27943648198514803,0.24203159856981327
51.6,0.9356110381077529,0.4642606118020964,0.28237019833144883
51.62,0.5970112764722061,0.744919475598203,0.1972924242887266
51.64,0.336643950738013,1.3150383522293188,-0.06967576322464322
51.66,0.3187971762980167,2.21788955780338,-0.23225254408214405
51.68,0.3224643217308926,3.1818598539253737,-0.4420132628426489
51.7,0.8133728570118877,1.5661155762002261,-0.5156006478623598
51.72,1.3715123918956085,0.7429636647006692,-0.5200012223818109
51.74,1.6707514592182868,0.6637533233505485,-0.544448858600984
51.76,2.2880542737524063,0.5808758365675518,-0.5997005164563152
51.78,3.5578644989762553,0.45986003728264524,-0.6781774287198606
51.8,4.4213550102374475,-1.2309384836353634,-1.0392690156770468
51.82,3.90893255508358,-4.061485805091221,-1.1255691715307277
51.84,2.195886685206124,-1.4886165693854476,-0.9211869327384409
51.86,2.1320783546740825,-2.0301317116401307,-0.7136265012376616
51.88,1.6731962228402042,-1.5653821471136509,-0.4412798337560737
51.9,1.481037802157504,-1.5282217400605078,-0.26012284937200136
51.92,0.9923295541362345,-1.5348226018396847,-0.20413776243009504
51.94,0.4405464046694985,-1.5086636310851693,-0.17871222076215507
51.96,-0.06943128686245148,-1.4367875806008006,-0.14741924640161355
51.98,-0.5600953457812547,-1.4179629007120373,-0.13617333374079393
52.0,-0.8982061546924182,-1.3817803991076612,-0.006111909054793264
52.02,-1.0536931210463587,-1.3243284539926046,0.11294807933257953
52.05,-1.1280139351526448,-1.264920697980014,0.16526602084160988
52.07,-1.0664058918803287,-1.1634630076704457,0.3117073617944565
52.09,-0.8273080096568163,-1.236805916327965,0.3894508449714268
52.11,-0.36158053968156956,-1.3634446719432816,0.4835742444152431
52.13,-0.14155181370901201,-1.5111083947070867,0.519023316933044
52.15,0.35717996516211836,-1.9296519267793295,0.5112000733429086
52.17,1.3067261559148,-2.40295816398252,0.5483604803960517
52.19,2.7400910674449164,-2.4359624728784035,0.7031140176634172
52.21,3.3598386456009535,-2.203954405158451,0.6561745561226049
52.23,3.2889405005653516,-1.8406625309415396,0.6143690981878189
52.25,2.970632276991718,-1.2346056290682395,0.4982428261467469
52.27,2.354796320630749,-0.8260856278458576,0.32882070714787764
52.29,1.8653546435229043,-0.4126760993796412,0.2102496714848883
52.31,1.5920300705925496,-0.15010848638572258,0.07383186138190263
52.33,1.4710142713076428,0.05182898878464688,0.002444763621917306
52.35,1.2839898542309691,0.2603673257341931,0.01295724719616172
52.37,1.0157992849066406,0.45692632093634444,0.028114781652049017
52.39,0.7021361122146502,0.698713443143966,-0.038871741588485165
52.41,0.43198973199278795,1.2292271491000213,-0.24838798398679826
52.43,0.37160407053143046,2.168749809002842,-0.37771597958622377
52.45,0.22271796595666657,3.098248938055802,-0.5119335024294839
52.47,0.6481068361702778,1.4556122604895638,-0.575252880237142
52.49,1.2199370473367357,0.6911346759160224,-0.4676832808727806
52.51,1.705956055373896,0.6001894691806986,-0.5288023714207133
52.53,2.412737218470189,0.4933532989029123,-0.5588729639702961
52.55,3.433670506982856,0.28725972557528345,-0.7131375485132782
52.57,4.1098921248051825,-1.7920117348653852,-0.8224184824129817
52.59,3.736821196100602,-3.361794456498487,-0.7842801699110717
52.61,2.6789719768969835,-2.0660697368823153,-0.6864896250343795
52.63,2.0122849372001346,-2.3565076551660913,-0.5234238914524951
52.65,1.5074412492742109,-1.8286831891941449,-0.32759832533691896
52.67,1.3561103810775295,-1.6585276411087002,-0.19851480609968522
52.69,0.9140971182348806,-1.6154998013629558,-0.18995813342297466
52.71,0.4293004920086789,-1.5947193105766586,-0.1767564098646212
52.73,-0.14521895914188795,-1.5005959111328424,-0.1870244170766739
52.75,-0.7476087155823121,-1.331173792133973,-0.19435870794242582
52.77,-1.206001894691807,-1.2111358982978333,-0.13715123918956085
52.79,-1.3888702136112214,-1.0725178009351222,-0.04620603245423708
52.81,-1.3250618830791798,-0.9759496378693885,0.005378479968218073
52.83,-1.0908535280995018,-1.025333863032118,0.04938422516272958
52.85,-0.7517648137395715,-1.1639519603948294,0.1454634355040797
52.87,-0.48332976805305133,-1.3433976102435596,0.18042355529749718
52.89,-0.15719830088928277,-1.6966659536106103,0.24398740946734712
52.91,0.6781774287198606,-2.182440485285579,0.3645142560278703
52.92,1.6455703939125386,-2.4623659199951105,0.44323564465360754
52.947,2.3352382116554105,-2.562356752131528,0.48748586621031076
52.967,3.240534180851389,-2.545243406778107,0.5356477095620817
52.987,3.3263453839806862,-1.896647617883446,0.5075329279100327
53.007,2.672126638755615,-1.2654096507043975,0.3099960272591144
53.027,2.116431867493812,-0.7578767227943648,0.28750420193747517
53.047,1.7827216331020994,-0.4090089539467653,0.25278855850624943
53.067,1.6340800048895272,-0.21758396235064023,0.1613543990465422
53.087,1.5247990709898236,-0.025670018030131712,0.14986401002353084
53.107,1.327506646701097,0.23225254408214405,0.22369587140543348
53.127,1.0404913974880055,0.452770222779085,0.2525440821440577
53.147,0.6664425633346576,0.7351404211105339,0.19631451883995965
53.167,0.3532683433670507,1.4167405189010787,0.02029153806191364
53.187,0.2611007548207683,2.400024447636219,0.041072028848210734
53.207,0.22882987501145982,2.648901384347401,-0.18286831891941446
53.227,0.41683219753690065,1.189621978424961,-0.25767808575008405
53.247,0.6434617852886348,0.7642331082113498,-0.29997249640925344
53.267,0.9040735873850196,0.7830577881001131,-0.2774806710876142
53.287,1.6299239067322677,0.6427283562020597,-0.38676160498731776
53.307,3.1962839592946857,0.44323564465360754,-0.4926198698163371
53.327,4.107202884821074,-0.4376126883231977,-0.7896586498792898
53.347,3.903554075115362,-2.9637869388503497,-0.8549338385844818
53.367,2.971121229716102,-2.0540903951349203,-0.7461418574091617
53.387,2.649634813433976,-2.240625859487211,-0.6605751306420561
53.397,1.949210035754668,-2.1692387617272253,-0.5867432692601534
53.43,1.6018091250802187,-1.908382483268649,-0.38725055771170125
53.45,1.3663783882895821,-1.7289368334199187,-0.22736301683830945
53.47,0.9248540781713168,-1.647770681172264,-0.18286831891941446
53.49,0.42489991748922773,-1.5893408306084404,-0.16037649359777525
53.51,-0.11441493750572991,-1.423830333404639,-0.14888610457476392
53.53,-0.6219478654157626,-1.1861993093542769,-0.16037649359777525
53.55,-0.9407450417137793,-1.0458698774562234,-0.09852397396326742
53.57,-1.0786297099899154,-0.9661705833817192,0.06454175961861687
53.59,-1.1651743422057879,-0.8710692784891361,0.09607921034135011
53.61,-1.2490297344375516,-0.805794089783944,0.03251535617150017
53.63,-1.0759404700058064,-0.715093359410812,0.07065366867341014
53.65,-0.6520184579653454,-0.808483329768053,0.15450906090517372
53.67,-0.30975155089692263,-1.021666717599242,0.1965589952021514
53.69,-0.09730159215230877,-1.2331387708950892,0.12003789383613972
53.71,0.4923753934541454,-2.0533569660483453,-0.005622956330409804
53.73,0.8295082969165418,-2.1318338783118906,-0.0767655777282034
53.75,1.4201631879717629,-2.170705619900376,0.03300430889588363
53.77,2.4151819820921063,-2.6657702533386303,0.3080402163615805
53.79,2.6973077040613633,-2.2662958775173423,0.19338080249365888
53.81,2.5819148611068665,-1.9303853558659048,0.11050331571066223
53.83,2.2508938666992635,-1.459034929560248,0.05305137059560554
53.85,1.7499618005684074,-1.0492925465269076,-0.007823243590135379
53.87,1.3964489808391651,-0.7102038321669774,-0.06038566146135745
53.88,1.3091709195367172,-0.5026434006661981,-0.07652110136601167
53.91,1.2135806619197507,-0.2271185404761177,-0.05965223237478226
53.93,1.0969654371542952,0.018824679888763254,0.008067719952327109
53.95,0.9757051615071968,0.23811997677474558,0.11612627204107202
53.97,0.8141062860984628,0.44079088103169023,0.20878281331173792
53.99,0.6302600617302815,0.6674204687834245,0.25498884576597497
54.01,0.47232833175442346,1.0397579684014302,0.25621122757693365
54.03,0.38676160498731776,1.4294532897350487,0.3092625981725392
54.05,0.4131650521040247,1.4030498426183418,0.30070592549582864
54.07,0.47746233536044985,0.7561653882590227,0.18531308254133178
54.09,0.4987317788711304,0.34568957613910706,0.03813831250190997
54.11,0.7070256394584848,0.16819973718791065,0.02126944351068056
54.13,1.3871588790758793,0.02542554166793998,0.1295724719616172
54.15,2.4415854292088133,-0.5451822876875592,-0.043761268832319775
54.17,3.3070317513675396,-2.8322586559911986,-0.15817620633804969
54.19,2.30125599731076,-1.5966751214741923,-0.094367875806008
54.21,2.9124469027900863,-2.355529749717324,-0.15817620633804969
54.23,2.2137334596461202,-2.4748342144668887,-0.2454542676404975
54.25,1.6445924884637717,-2.1988204015524246,-0.18849127524982429
54.27,1.2407175381230326,-1.8010573602664792,-0.06380833053204168
54.29,1.0074870885921217,-1.5524248999174892,0.010756959936436146
54.31,0.8197292424288727,-1.3898481190599883,0.005867432692601534
54.33,0.5825871711028939,-1.2309384836353634,0.012223818109586528
54.35,0.3195306053845919,-1.0414693029367723,0.001711334535342114
54.37,0.14595238822846315,-0.8815817620633805,0.01637991626684595
54.4,0.04889527243834611,-0.7674113009198423,0.043516792470128046
54.42,0.006845338141368456,-0.6373498762338417,0.07407633774409436
54.44,-0.022980778046022676,-0.5415151422546832,0.08923387219998166
54.46,-0.07065366867341014,-0.48968615347003636,0.13641781010298568
54.48,-0.15157534455887295,-0.43370106652813006,0.17235583534517007
54.5,-0.22174006050789963,-0.36915930690951315,0.18262384255722275
54.52,-0.19778137701311005,-0.35742444152431013,0.45839317910949484
54.54,0.05476270513094765,-0.21611710417748983,1.128991840601412
54.56,0.15377563181859855,-0.05476270513094765,1.1791094948507166
54.58,-0.17993460257311372,-0.34031109617088895,1.0732512300216972
54.6,-0.295816398251994,-0.5151116951379764,1.6294349540078843
54.62,0.27405800201693,-0.11954894111175625,2.5212847232833173
54.64,1.0314457720869112,-0.20853833694954618,2.6334993735293217
54.66,1.8907801851908443,-0.47844024080921677,2.4567429636647007
54.68,3.114384377960456,-0.5273355132475629,2.2760749320050118
54.7,2.377288145952388,-0.616080432723161,1.8140146074626409
54.72,1.05809369556581,-0.7630107264003911,1.2424288726583748
54.74,0.5979891819209731,-0.7089814503560187,1.0815634263362162
54.76,0.7392965192677933,-0.4676832808727806,1.0864529535800507
54.78,0.9522354307367906,-0.2899489655593925,1.053448644684167
54.8,0.9133636891483055,-0.10365797756929376,0.875714329370779
54.82,0.7417412828897106,-0.05011765424930477,0.6229257708645295
54.84,0.6483513125324695,-0.056229563304098035,0.4476362191730587
54.86,0.5676741130091985,-0.06723099960272591,0.32735384897472725
54.88,0.5503162912935855,0.001711334535342114,0.33077651804541147
54.9,0.5933441310393301,0.09070073037313205,0.317574794487058
54.92,0.5026434006661981,0.15964306451120008,0.2342083549796779
54.94,0.47550652446291597,0.003911621795067689,0.19240289704489197
54.96,0.5112000733429086,-0.19802585337530176,0.23640864223940347
54.98,0.49041958255661156,-0.18653546435229043,0.28897106011062557
55.0,0.3640253033034868,-0.006356385416984995,0.2901934419215842
55.02,0.18286831891941446,0.25572227485255017,0.16257678085750082
55.04,-0.04816184335177093,0.761299391865049,0.11539284295449684
55.06,-0.05060660697368823,0.8453992604590044,0.15939858814900834
55.08,-0.19142499159612505,0.910185496439813,0.11441493750572991
55.1,-0.24252055129419675,1.071539895486355,0.052562417871222074
55.12,-0.402897044891972,1.1756868257800324,0.0004889527243834612
55.14,-0.4293004920086789,0.9517464780124072,0.04229441065916939
55.16,-0.3762491214130734,0.9862176450814412,0.035204596155609204
55.18,-0.17773431531338812,1.0705619900375882,0.08458882131833878
55.2,0.1063472175534028,1.078140757265532,0.3077957399993888
55.22,0.25596675121474194,1.0307123430003362,0.3943403722152614
55.24,0.2310301622711854,0.890138434740091,0.45668184457415273
55.26,0.2965498273385692,0.6517739816031537,0.5625401094031721
55.28,0.3637808269412951,0.5901659383308376,0.5850319347248113
55.3,0.3483788161232161,0.6982244904195826,0.6038566146135745
55.32,0.32686489625034376,0.7158267884973871,0.5879656510711121
55.34,0.176022980778046,0.672309996027259,0.304862023653088
55.35,-0.23127463863337713,0.8236408642239403,-0.13372857011887662
55.38,-0.6943128686245148,1.3898481190599883,0.011979341747394798
55.4,-0.3158634599517159,1.162485102221679,0.06771995232710937
55.42,-0.2652568529780277,0.8397763041285945,-0.03691593069095132
55.44,-0.37527121596430646,0.8791369984414632,-0.1679552608257189
55.46,-0.03447116706903401,0.7246279375362894,0.024447636219173056
55.48,0.16428811539284294,0.8982061546924182,0.25132170033309903
55.5,0.29606087461418573,1.049781499251291,0.3640253033034868
55.52,0.23591968951502001,0.9764385905937719,0.41218714665525774
55.54,0.025670018030131712,0.910185496439813,0.36084711059499436
55.56,-0.0911896830975155,0.8769367111817375,0.29972802004706167
55.58,-0.1672218317391437,0.9659261070195275,0.24203159856981327
55.6,-0.2412981694832381,1.0617608409986858,0.2173394859884485
55.62,-0.2615897075451517,1.0585826482901934,0.21489472236653118
55.64,-0.24325398038077192,1.0275341502918436,0.22442930049200868
55.66,-0.17969012621092198,0.9962411759313021,0.26819056932432844
55.68,-0.09583473397915838,0.9583473397915839,0.27943648198514803
55.7,-0.06771995232710937,0.9612810561378846,0.26794609296213673
55.72,-0.053295846957797266,0.9776609724047306,0.25621122757693365
55.74,-0.0623414723588913,0.9747272560584298,0.2620786602695352
55.76,-0.07578767227943647,0.9798612596644561,0.2476545549002231
55.78,-0.10976988662408703,0.9884179323411667,0.2779696238119977
55.8,-0.11417046114353818,0.9823060232863735,0.3075512636371971
55.82,-0.13935152644928644,0.9871955505302081,0.33786633254897164
55.84,-0.18971365706078294,0.9583473397915839,0.33786633254897164
55.87,-0.2029153806191364,0.9803502123888397,0.3351770925648626
55.89,-0.18262384255722275,1.0045533722458209,0.3229532744552761
55.91,-0.19533661339119274,0.9977080341044525,0.29948354368486996
55.93,-0.1902026097851664,0.9766830669559636,0.2589004675610427
55.95,-0.16013201723558354,0.9568804816184335,0.23860892949912904
55.97,-0.10756959936436146,0.9757051615071968,0.26501237661583593
55.99,-0.08850044311340648,0.9571249579806252,0.2755248601900804
56.01,-0.13886257372490296,0.9717935397121291,0.2635455184426856
56.03,-0.13397304648106836,0.9659261070195275,0.26819056932432844
56.05,-0.11612627204107202,0.9810836414754148,0.28188124560706534
56.07,-0.13568438101641048,0.9676374415548696,0.2725911438437796
56.09,-0.15230877364544815,0.9583473397915839,0.267701616599945
56.11,-0.1391070500870947,0.9590807688781591,0.264034471167069
56.13,-0.13861809736271125,0.9515020016502155,0.2620786602695352
56.15,-0.1366622864651774,0.9436787580600801,0.2637899948048773
56.17,-0.14179629007120373,0.9671484888304862,0.28799315466185865
56.19,-0.16404363903065122,0.9629923906732267,0.28603734376432477
56.21,-0.16599944992818508,0.9644592488463771,0.2909268710081594
56.23,-0.14570791186627144,0.9507685725636402,0.2950829691654188
56.25,-0.1630657335818843,0.952724383461174,0.2892155364728173
56.27,-0.19215842068270023,0.9253430308957002,0.24594322036488098
56.29,-0.2173394859884485,0.9162974054946063,0.22834092228707636
56.31,-0.23934235858570424,0.9571249579806252,0.22907435137365156
56.32,-0.2412981694832381,0.9950187941203434,0.23885340586132078
56.35,-0.2965498273385692,0.9466124744063809,0.2405647403966629
56.37,-0.321241939919934,0.8996730128655686,0.22100663142132446
56.39,-0.30412859456651287,0.8473550713565382,0.1806680316596889
56.41,-0.304862023653088,0.7485866210310791,0.10219111939614338
56.43,-0.29801668551171956,0.6185251963450784,0.0075787672279436485
56.45,-0.3046175472908963,0.4965314916114048,-0.015646487180270757
56.47,-0.38896189224704336,0.4190324847966262,-0.08238853405861321
56.49,-0.4772178589982581,0.39287351404211107,-0.1317727592213428
56.51,-0.49213091709195367,0.29630535097637745,-0.15230877364544815
56.53,-0.4786847171714085,0.20878281331173792,-0.14032943189805336
56.55,-0.43125630290621275,0.16208782813311737,-0.08214405769642147
56.57,-0.35546863062677625,0.17528955169147084,0.009779054487669223
56.59,-0.30119487822021207,0.24007578767227944,0.13715123918956085
56.61,-0.23689759496378693,0.30339516547993767,0.21049414784708004
56.63,-0.0887449194755982,0.16331020994407602,0.27210219111939615
56.65,0.07163157412217706,-0.018580203526571526,0.4187880084344345
56.67,0.19704794792653485,-0.1757785044158543,0.47110594994346483
