# Time (seconds),Pressure (normalized),Temp (normalized),Temperature (slope)
0.0078125,0.7285759335472477,0.2391668701171875,0.0
0.0234375,0.7287666684105283,0.23852630615234388,0.0
0.0390625,0.7287564958844867,0.2391522216796875,0.0
0.0546875,0.7286940075102306,0.23961395263671875,0.0
0.0703125,0.7289079938616071,0.238973388671875,0.0
0.0859375,0.7286911010742188,0.238973388671875,0.0
0.1015625,0.7287782941545758,0.239122314453125,0.0
0.1171875,0.7288643973214286,0.23979278564453124,0.0
0.1328125,0.7287190755208334,0.23986755371093765,0.14013671875002842
0.1484375,0.728745596749442,0.23946533203125,0.18780517578122158
0.1640625,0.7287535894484747,0.239822998046875,0.1341552734375
0.1796875,0.7288138979957217,0.23995697021484375,0.068603515625
0.1953125,0.72874741327195,0.23973358154296875,0.15203857421875
0.2109375,0.7288415091378349,0.23930114746093764,0.06555175781252842
0.2265625,0.728805178687686,0.23943511962890626,0.06256103515625
0.2421875,0.7287386939639143,0.23936096191406236,-0.08636474609377842
0.2578125,0.7287957327706474,0.23946533203125,-0.08044433593752842
0.2734375,0.7287608555385044,0.23943511962890626,-0.00604248046875
0.2890625,0.7287314278738832,0.2393310546875,-0.098388671875
0.3046875,0.7288055419921882,0.239822998046875,-0.02679443359375
0.3203125,0.7287772042410714,0.23946533203125,-0.05364990234375
0.3359375,0.7287317911783854,0.239822998046875,0.10437011718747158
0.3515625,0.7287452334449405,0.23974822998046874,0.0626220703125
0.3671875,0.7287982759021571,0.24031463623046875,0.19073486328127842
0.3828125,0.7288832891555059,0.2402252197265625,0.1519775390625
0.3984375,0.7287623087565104,0.24043395996093764,0.19976806640627842
0.4140625,0.7288927350725454,0.23918212890625,-0.02978515625
0.4296875,0.7287633986700142,0.24032928466796874,0.10125732421875
0.4453125,0.7288218906947544,0.239822998046875,0.071533203125
0.4609375,0.7287052699497761,0.239822998046875,0.0
0.4765625,0.7288138979957217,0.2401806640625,0.08648681640625
0.4921875,0.728805178687686,0.2401504516601561,-0.03283691406252842
0.5078125,0.7288593110584071,0.24012084960937485,-0.02087402343752842
0.5234375,0.7287099929082961,0.2400164794921875,-0.08349609375002842
0.5390625,0.728708176385788,0.2401504516601561,0.19366455078122158
0.5546875,0.7288803827194941,0.2401504516601561,-0.03576660156252842
0.5703125,0.7287208920433408,0.24003143310546876,0.04168701171875
0.5859375,0.7287557692754836,0.2398974609375,0.014892578125
0.6015625,0.7287750244140618,0.23961395263671875,-0.11334228515625
0.6171875,0.7286834716796882,0.2398974609375,-0.05059814453122158
0.6328125,0.7288149879092262,0.2398974609375,-0.04467773437497158
0.6484375,0.7287172589983258,0.2402252197265625,0.041748046875
0.6640625,0.7288204374767485,0.2399716186523439,-0.03576660156244316
0.6796875,0.7288487752278646,0.24021026611328125,0.011962890625028422
0.6953125,0.7287514096214658,0.2398974609375,-0.02679443359375
0.7109375,0.7287604922340023,0.239822998046875,-0.014892578125
0.7265625,0.7287452334449405,0.2402252197265625,0.12225341796875
0.7421875,0.7287332443963914,0.2401504516601561,0.05059814453122158
0.7578125,0.7287608555385044,0.24044891357421874,0.11029052734375
0.7734375,0.7287873767671131,0.2401806640625,-0.0089111328125
0.7890625,0.7287688482375372,0.23992706298828126,-0.008911132812528422
0.8046875,0.7287067231677834,0.2401504516601561,-0.011962890625028422
0.8203125,0.728750319707962,0.24052307128906236,0.12512207031247158
0.8359375,0.7287564958844867,0.2399420166015625,0.0238037109375
0.8515625,0.7287067231677834,0.2401504516601561,-0.014953613281278422
0.8671875,0.728775387718564,0.2402252197265625,0.014953613281278422
0.8828125,0.7287517729259666,0.239822998046875,-0.12518310546875
0.8984375,0.7288934616815477,0.24021026611328125,0.00592041015625
0.9140625,0.7287187122163319,0.2402252197265625,0.05963134765625
0.9296875,0.728744143531436,0.24049346923828124,0.06860351562502842
0.9453125,0.7287488664899546,0.2402252197265625,-0.05957031249997158
0.9609375,0.7288204374767485,0.240418701171875,0.0953369140625
0.9765625,0.7288851056780133,0.24050811767578126,0.07153320312502842
0.9921875,0.7287488664899546,0.2396588134765625,-0.11328125
1.0078125,0.7287604922340023,0.2400164794921875,0.0386962890625
1.0234375,0.7288382393973214,0.2401806640625,-0.00592041015625
1.0390625,0.7287506830124628,0.24064239501953125,0.08343505859375
1.0546875,0.7287801106770834,0.240552978515625,0.01190185546875
1.0703125,0.7288255237397694,0.24031463623046875,0.01788330078125
1.0859375,0.7287815638950893,0.24050811767578126,0.01788330078125
1.1015625,0.7286802019391742,0.24034423828125,-0.03277587890625
1.1171875,0.7288436889648438,0.2402996826171875,0.128173828125
1.1328125,0.7288396926153273,0.24080657958984375,0.15802001953125
1.1484375,0.7287895565941214,0.24064239501953125,0.09234619140625
1.1640625,0.7287801106770834,0.2402252197265625,-0.08343505859375
1.1796875,0.728744143531436,0.2408212280273439,0.05364990234377842
1.1953125,0.728804452078683,0.2403741455078125,0.01190185546875
1.2109375,0.7288847423735119,0.24067230224609376,0.0328369140625
1.2265625,0.7287336077008929,0.24089599609375,0.1103515625
1.2421875,0.7287223452613467,0.2401504516601561,-0.02984619140627842
1.2578125,0.7287579491024926,0.2401504516601561,-0.13122558593752842
1.2734375,0.7287390572684151,0.2402252197265625,-0.08343505859375
1.2890625,0.7287841070265997,0.2401504516601561,-0.014953613281278422
1.3046875,0.7287099929082961,0.24044891357421874,-0.07446289062502842
1.3203125,0.7287437802269345,0.24044891357421874,0.01495361328125
1.3359375,0.728715079171317,0.24043395996093764,-0.04766845703122158
1.3515625,0.7288636707124263,0.24064239501953125,-0.05072021484375
1.3671875,0.7288487752278646,0.24050811767578126,0.07153320312502842
1.3828125,0.7288502284458706,0.2405828857421875,0.08648681640627842
1.3984375,0.7288436889648438,0.2405828857421875,0.071533203125
1.4140625,0.7289385114397321,0.24046356201171876,0.06262207031252842
1.4296875,0.7288861955915179,0.239822998046875,-0.12518310546875
1.4453125,0.7290424165271571,0.2402252197265625,-0.04473876953125
1.4609375,0.7288567679268974,0.2402252197265625,-0.04174804687502842
1.4765625,0.728896731422061,0.2402252197265625,-0.08343505859375
1.4921875,0.7288316999162954,0.240538330078125,0.00604248046875
1.5078125,0.7289232526506689,0.2401504516601561,-0.08648681640627842
1.5234375,0.7289926438104539,0.24050811767578126,-0.01495361328125
1.5390625,0.7288429623558408,0.2402252197265625,-0.04766845703125
1.5546875,0.7287554059709821,0.2398974609375,0.014892578125
1.5703125,0.7289744785853794,0.2402252197265625,0.0
1.5859375,0.7288168044317336,0.24023986816406237,0.0029296874999715783
1.6015625,0.7288316999162954,0.2398974609375,-0.0655517578125
1.6171875,0.7288331531343,0.24023986816406237,-0.05969238281252842
1.6328125,0.7286900111607143,0.24003143310546876,-0.02380371093747158
1.6484375,0.7287372407459071,0.24028472900390624,-0.044677734375
1.6640625,0.7287416003999263,0.23974822998046874,-0.09539794921875
1.6796875,0.7287325177873883,0.2398822021484375,-0.0030517578125
1.6953125,0.7287274315243676,0.239822998046875,-0.0804443359375
1.7109375,0.7288901919410342,0.2398974609375,-0.06848144531247158
1.7265625,0.7291052682059151,0.239688720703125,-0.041748046875
1.7421875,0.7290398733956474,0.23950988769531237,-0.14599609375
1.7578125,0.7288266136532738,0.239405517578125,-0.12518310546875
1.7734375,0.7288614908854166,0.239822998046875,-0.09234619140625
1.7890625,0.729299636114212,0.23907745361328125,-0.1341552734375
1.8046875,0.7289396013532367,0.238973388671875,-0.1817626953125
1.8203125,0.7289810180664062,0.23924163818359376,-0.11627197265625
1.8359375,0.7294823782784599,0.23895843505859374,-0.18780517578125
1.8515625,0.7289014543805811,0.23895843505859374,-0.14605712890625
1.8671875,0.7291267031715023,0.2390032958984375,-0.10131835937497158
1.8828125,0.7289457775297619,0.23906280517578124,-0.06854248046875
1.8984375,0.729812985374814,0.23883941650390625,-0.19671630859375
1.9140625,0.7298202514648438,0.2391522216796875,0.01495361328125
1.9296875,0.7296880086263021,0.23919708251953126,0.04473876953125
1.9453125,0.7293911888485857,0.2398974609375,0.13116455078125
1.9609375,0.7299539475213914,0.238555908203125,-0.08050537109375
1.9765625,0.7297686622256324,0.2384219360351561,-0.10729980468752842
1.9921875,0.7293893723260789,0.238406982421875,-0.1192626953125
2.0078125,0.7299397786458334,0.23834747314453125,-0.14306640625
2.0234375,0.7294133504231771,0.23852630615234388,-0.06262207031247158
2.0390625,0.7297428676060261,0.23870513916015612,-0.08941650390627842
2.0546875,0.7293468656994048,0.23758758544921876,-0.3218994140625
2.0703125,0.7290242513020834,0.23810913085937485,-0.3576660156250284
2.0859375,0.7302652994791666,0.23810913085937485,-0.08935546875002842
2.1015625,0.72950453985305,0.2377362060546875,-0.13714599609372158
2.1171875,0.7294794718424479,0.237840576171875,-0.11328125
2.1328125,0.7294235229492188,0.23727447509765626,-0.214599609375
2.1484375,0.7293236142113095,0.2372891235351561,-0.24743652343755684
2.1640625,0.7292073567708334,0.23706573486328125,-0.3278808593749716
2.1796875,0.7293668474469867,0.23742340087890626,-0.0328369140625
2.1953125,0.7293261573428199,0.2370806884765625,-0.20568847656247158
2.2109375,0.7295019967215401,0.237333984375,-0.15502929687497158
2.2265625,0.7295459565662202,0.23664855957031236,-0.21752929687502842
2.2421875,0.7294260660807285,0.23636535644531237,-0.2950439453125284
2.2578125,0.7295009068080357,0.2367974853515625,-0.09539794921875
2.2734375,0.72913832891555,0.2362759399414064,-0.20263671874994316
2.2890625,0.7288327898297992,0.2362759399414064,-0.15795898437497158
2.3046875,0.7291190737769717,0.2362759399414064,-0.22949218749997158
2.3203125,0.7291626703171503,0.23609710693359376,-0.19671630859375
2.3359375,0.7292869204566592,0.23605224609375,-0.25634765625
2.3515625,0.7298801967075893,0.23609710693359376,-0.11029052734372158
2.3671875,0.7292069934663319,0.23585845947265624,-0.10137939453122158
2.3828125,0.7294565836588548,0.235888671875,-0.1817626953125
2.3984375,0.7298776535760789,0.23553100585937486,-0.14898681640630684
2.4140625,0.7294591267903646,0.2354266357421875,-0.16986083984377842
2.4296875,0.7295546758742559,0.23608215332031235,-0.03875732421880684
2.4453125,0.7291990007672992,0.23545623779296876,-0.128173828125
2.4609375,0.7291888282412574,0.23548614501953125,-0.11322021484375
2.4765625,0.7292945498511905,0.23494964599609375,-0.2294921875
2.4921875,0.729318527948288,0.2350985717773439,-0.15197753906247158
2.5078125,0.7293214343843,0.23499450683593764,-0.17883300781247158
2.5234375,0.7288625807989211,0.23526275634765625,-0.05364990234372158
2.5390625,0.7290663946242559,0.23491973876953126,-0.10137939453125
2.5546875,0.7291405087425595,0.234696044921875,-0.2772216796874716
2.5703125,0.7292999994187128,0.23491973876953126,-0.1072998046875
2.5859375,0.7291692097981771,0.23477081298828126,-0.14306640625
2.6015625,0.7292215256463914,0.23451721191406236,-0.08648681640627842
2.6171875,0.7290940057663691,0.23494964599609375,-0.02978515625002842
2.6328125,0.7292861938476562,0.2341595458984375,-0.16699218750002842
2.6484375,0.728957766578311,0.2342938232421875,-0.19378662109375
2.6640625,0.7292607625325521,0.23377227783203125,-0.2294921875
2.6796875,0.7291692097981771,0.23438323974609376,-0.06256103515625
2.6953125,0.7288742065429688,0.23377227783203125,-0.2294921875
2.7109375,0.7286039079938617,0.233966064453125,-0.16094970703125
2.7265625,0.7289617629278273,0.2338018798828125,-0.14306640624997158
2.7421875,0.7289846511114211,0.23377227783203125,-0.2354736328125
2.7578125,0.7293326968238467,0.23348907470703126,-0.13409423828125
2.7734375,0.7290126255580357,0.23341461181640638,-0.17584228515622158
2.7890625,0.7291452317010789,0.23378723144531235,0.0029907226562215783
2.8046875,0.7290787469773072,0.23322082519531237,-0.23248291015627842
2.8203125,0.7291855585007441,0.23322082519531237,-0.11029052734377842
2.8359375,0.7291782924107143,0.2330419921875,-0.184814453125
2.8515625,0.7294910975864956,0.23299713134765626,-0.16094970703125
2.8671875,0.7297944568452381,0.233250732421875,-0.10430908203125
2.8828125,0.7286856515066964,0.23277374267578124,-0.14306640625
2.8984375,0.7293635777064739,0.232744140625,-0.13409423828127842
2.9140625,0.7294315156482515,0.2332061767578125,-0.11621093749997158
2.9296875,0.7292578560965401,0.232684326171875,-0.10729980468747158
2.9453125,0.7290645781017485,0.2331463623046875,-0.014892578124971578
2.9609375,0.7291772024972099,0.232967529296875,-0.014892578125
2.9765625,0.7291920979817715,0.23269927978515612,-0.05957031250002842
2.9921875,0.7298841930571056,0.232967529296875,-0.056640625
3.0078125,0.7294565836588548,0.23289306640625,0.02386474609375
3.0234375,0.7291361490885416,0.23238647460937487,-0.07153320312502842
3.0390625,0.7294333321707596,0.23226715087890626,-0.18780517578125
3.0546875,0.7291485014415929,0.232117919921875,-0.11328125
3.0703125,0.7292404174804688,0.23269927978515612,-0.08941650390627842
3.0859375,0.7291841052827381,0.2325204467773439,-0.08941650390622158
3.1015625,0.7293733869280133,0.23192413330078124,-0.15502929687497158
3.1171875,0.7292117164248512,0.23153686523437486,-0.2861328125000284
3.1328125,0.7300502232142857,0.23153686523437486,-0.2712402343750284
3.1484375,0.7296044485909599,0.2321923828125,-0.03881835937497158
3.1640625,0.7296473185221354,0.23144744873046874,-0.1639404296875
3.1796875,0.7293635777064739,0.23152191162109376,-0.11920166015625
3.1953125,0.7294296991257441,0.23240142822265625,-0.05957031249997158
3.2109375,0.7293570382254464,0.23153686523437486,-0.19671630859380684
3.2265625,0.7292854672386533,0.231611328125,-0.06256103515625
3.2421875,0.7295328776041666,0.23125366210937487,-0.056640625
3.2578125,0.730154128301712,0.23088134765625,-0.13110351562497158
3.2734375,0.7301919119698668,0.23126861572265625,-0.18475341796875
3.2890625,0.7284069969540551,0.23125366210937487,-0.03875732421877842
3.3046875,0.7292258853004092,0.23088134765625,-0.12811279296875
3.3203125,0.7292200724283854,0.230821533203125,-0.31597900390625
3.3359375,0.7292189825148809,0.2305084228515625,-0.20568847656247158
3.3515625,0.7292433239164806,0.230821533203125,-0.157958984375
3.3671875,0.7298823765345975,0.23137298583984375,0.02386474609377842
3.3828125,0.7291306995210194,0.2305828857421875,-0.0596923828125
3.3984375,0.7296651204427084,0.2305828857421875,-0.13714599609375
3.4140625,0.7303648449125737,0.230821533203125,-0.08642578124997158
3.4296875,0.7301217942010789,0.230955810546875,0.014892578125
3.4453125,0.7294278826032367,0.2305084228515625,-0.0626220703125
3.4609375,0.7294028145926332,0.2299871826171875,-0.104248046875
3.4765625,0.729539053780692,0.229674072265625,-0.2294921875
3.4921875,0.7296792893182664,0.2300018310546875,-0.27423095703125
3.5078125,0.7302576700846354,0.22986755371093764,-0.14306640624997158
3.5234375,0.72950453985305,0.22959930419921876,-0.19671630859375
3.5390625,0.7294787452334449,0.2300018310546875,-0.1639404296875
3.5546875,0.7297247023809523,0.229390869140625,-0.31298828125
3.5703125,0.7295190720331094,0.2296142578125,-0.1788330078125
3.5859375,0.7293265206473214,0.22948028564453124,-0.10137939453125
3.6015625,0.7294002714611235,0.22946533203125,-0.041748046875
3.6171875,0.7298169817243311,0.2299871826171875,-0.0029296875
3.6328125,0.7297672090076265,0.22922698974609376,-0.12811279296877842
3.6484375,0.7293061755952381,0.2295697021484375,-0.00592041015625
3.6640625,0.7298046293712798,0.2294204711914064,-0.11627197265622158
3.6796875,0.7302845546177456,0.22948028564453124,0.01788330078125
3.6953125,0.7299477713448668,0.22992736816406237,0.06262207031247158
3.7109375,0.7311154320126488,0.2295697021484375,0.01788330078125
3.7265625,0.7306384132021949,0.22931640625,-0.02978515625
3.7421875,0.7297930036272321,0.2292120361328125,-0.155029296875
3.7578125,0.7295303344726562,0.22954010009765624,0.0626220703125
3.7734375,0.7293468656994048,0.22931640625,-0.0506591796875
3.7890625,0.7292851039341525,0.22876495361328125,-0.13110351562502842
3.8046875,0.7292763846261168,0.229688720703125,0.04168701171875
3.8203125,0.7292008172898072,0.22940582275390625,-0.10430908203122158
3.8359375,0.7291782924107143,0.23001678466796874,0.08941650390625
3.8515625,0.7290173485165551,0.22918243408203126,-0.02679443359375
3.8671875,0.72900390625,0.22924163818359375,0.00592041015625
3.8828125,0.7290772937593,0.22930145263671875,-0.0477294921875
3.8984375,0.7290060860770096,0.22927185058593763,-0.008911132812471578
3.9140625,0.7290776570638021,0.2291522216796875,0.07745361328125
3.9296875,0.7289679391043526,0.22924163818359375,-0.08941650390625
3.9453125,0.7291753859747023,0.22924163818359375,-0.0328369140625
3.9609375,0.7291208902994785,0.22924163818359375,-0.155029296875
3.9765625,0.7290772937593,0.22922698974609376,0.0089111328125
3.9921875,0.7290772937593,0.22948028564453124,0.0477294921875
4.0078125,0.7289726620628714,0.22936126708984375,0.011962890625
4.0234375,0.7289712088448668,0.2291522216796875,-0.02392578125002842
4.0390625,0.7290220714750737,0.22912261962890626,-0.00592041015625
4.0546875,0.7290863763718378,0.22876495361328125,-0.0953369140625
4.0703125,0.7289210728236607,0.22927185058593763,0.006042480468778422
4.0859375,0.7289693923223586,0.22900360107421874,-0.047607421875
4.1015625,0.7290009998139881,0.22898864746093764,-0.04766845703122158
4.1171875,0.7289828345889143,0.22959930419921876,0.0238037109375
4.1328125,0.7290108090355283,0.22927185058593763,-0.01788330078122158
4.1484375,0.7290057227725074,0.22876495361328125,-0.07745361328125
4.1640625,0.7289973667689739,0.22869049072265624,-0.08642578125
4.1796875,0.7289962768554688,0.22888397216796874,0.0238037109375
4.1953125,0.7289995465959821,0.228809814453125,-0.09240722656252842
4.2109375,0.7288818359375,0.22930145263671875,0.0595703125
4.2265625,0.7290060860770096,0.22886932373046875,-0.02386474609377842
4.2421875,0.7290427798316592,0.228809814453125,-0.15789794921875
4.2578125,0.7290049961635044,0.22901824951171876,-0.05072021484377842
4.2734375,0.7289363316127239,0.229107666015625,0.06854248046875
4.2890625,0.7290028163364956,0.22922698974609376,0.1072998046875
4.3046875,0.7289501371837798,0.22879455566406237,-0.01788330078127842
4.3203125,0.7290049961635044,0.22898864746093764,0.03576660156252842
4.3359375,0.7289828345889143,0.2293310546875,0.00592041015625
4.3515625,0.7288720267159599,0.22918243408203126,0.0626220703125
4.3671875,0.7288698468889508,0.22940582275390625,0.11920166015625
4.3828125,0.7289530436197916,0.2287353515625,-0.05657958984375
4.3984375,0.7288698468889508,0.2291375732421875,0.0059814453125
4.4140625,0.7290471394856771,0.22848175048828126,-0.1490478515625
4.4296875,0.7288585844494048,0.2292864990234375,0.09838867187502842
4.4453125,0.7290166219075521,0.22895874023437485,-0.005981445312556843
4.4609375,0.728837149483817,0.22940582275390625,0.01495361328125
4.4765625,0.7289134434291294,0.2294204711914064,0.04760742187502842
4.4921875,0.7288742065429688,0.22940582275390625,0.0
4.5078125,0.7289134434291294,0.22974853515625,0.20263671875
4.5234375,0.7288498651413691,0.2292120361328125,0.014892578125
4.5390625,0.7288778395879836,0.22904815673828124,0.11328125
4.5546875,0.7288894653320312,0.22973358154296875,0.08941650390625
4.5703125,0.728958493187314,0.22973358154296875,0.15496826171877842
4.5859375,0.7289152599516369,0.22931640625,-0.01788330078125
4.6015625,0.7289152599516369,0.22924163818359375,-0.03576660156252842
4.6171875,0.7289871942429309,0.22891418457031235,-0.09832763671877842
4.6328125,0.7288182576497396,0.22948028564453124,-0.05364990234375
4.6484375,0.7288745698474702,0.2291375732421875,-0.014892578125
4.6640625,0.7288687569754464,0.2293310546875,0.05657958984375
4.6796875,0.7288945515950521,0.2298379516601561,0.02087402343747158
4.6953125,0.7289385114397321,0.22971893310546876,-0.0029296875
4.7109375,0.7288930983770461,0.2300018310546875,0.1370849609375
4.7265625,0.7289341517857143,0.22971893310546876,0.095458984375
4.7421875,0.7288782028924858,0.22931640625,0.08044433593752842
4.7578125,0.7289116269066214,0.22973358154296875,0.0506591796875
4.7734375,0.7288861955915179,0.22973358154296875,0.11920166015625
4.7890625,0.7289479573567715,0.22973358154296875,0.08050537109375
4.8046875,0.7288316999162954,0.22931640625,-0.10430908203122158
4.8203125,0.7288538614908854,0.229390869140625,-0.06561279296875
4.8359375,0.7288553147088914,0.229390869140625,-0.1221923828125
4.8515625,0.7288734799339658,0.2295697021484375,-0.02984619140625
4.8671875,0.7288760230654762,0.22952514648437486,0.04174804687497158
4.8828125,0.7288752964564739,0.22946533203125,-0.05364990234375
4.8984375,0.7288495018368676,0.22931640625,-0.08343505859375
4.9140625,0.7288829258510044,0.22959930419921876,-0.02685546875
4.9296875,0.7288585844494048,0.2302252197265625,0.1817626953125
4.9453125,0.7288400559198289,0.22986755371093764,0.09533691406252842
4.9609375,0.7288338797433036,0.2299871826171875,0.1192626953125
4.9765625,0.7288353329613095,0.230389404296875,0.1639404296875
4.9921875,0.7288418724423357,0.229674072265625,0.02978515625002842
5.0078125,0.7288306100027901,0.22971893310546876,0.05072021484375
5.0234375,0.7288604009719122,0.22979309082031235,0.09533691406247158
5.0390625,0.728865487234933,0.230389404296875,0.15802001953125
5.0546875,0.7288418724423357,0.230389404296875,0.0328369140625
5.0703125,0.7289181663876488,0.2305084228515625,0.12817382812497158
5.0859375,0.7289061773390997,0.2299871826171875,0.0
5.1015625,0.7288393293108258,0.2305084228515625,0.0238037109375
5.1171875,0.7289098103841146,0.2309707641601561,0.2593383789062216
5.1328125,0.7288516816638765,0.2305828857421875,0.17279052734375
5.1484375,0.7288927350725454,0.23029998779296876,0.10137939453127842
5.1640625,0.7289029075985857,0.23031463623046874,-0.01495361328125
5.1796875,0.7287579491024926,0.2300018310546875,-0.0775146484375
5.1953125,0.7288651239304309,0.2305084228515625,0.0
5.2109375,0.7288553147088914,0.23076171875,0.1549072265625
5.2265625,0.7288338797433036,0.2305828857421875,0.014892578125
5.2421875,0.7288237072172619,0.23032958984375,-0.12823486328122158
5.2578125,0.7288883754185261,0.23088134765625,0.0596923828125
5.2734375,0.7288502284458706,0.23071716308593765,0.08343505859377842
5.2890625,0.728804452078683,0.230821533203125,0.10137939453125
5.3046875,0.7288277035667783,0.23108978271484376,0.21759033203125
5.3203125,0.7288534981863832,0.23088134765625,0.0745849609375
5.3359375,0.7288792928059896,0.23106018066406236,0.05969238281247158
5.3515625,0.7288531348818824,0.2308364868164064,0.05072021484377842
5.3671875,0.7288894653320312,0.230821533203125,0.098388671875
5.3828125,0.7288600376674107,0.23137298583984375,0.09832763671875
5.3984375,0.7288582211449033,0.2315966796875,0.17590332031247158
5.4140625,0.7288106282552084,0.23098541259765626,0.03277587890625
5.4296875,0.7288084484282,0.23180511474609375,0.14306640625
5.4453125,0.7288509550548735,0.23106018066406236,0.03576660156247158
5.4609375,0.7289000011625737,0.23192413330078124,0.17279052734377842
5.4765625,0.728866940452939,0.2322967529296875,0.2920532226562216
5.4921875,0.7288298833937872,0.2319989013671875,0.2354736328125
5.5078125,0.728773934500558,0.23204376220703124,0.1341552734375
5.5234375,0.7288800194149926,0.23176025390625,0.03271484375
5.5390625,0.7288643973214286,0.23144744873046874,0.0924072265625
5.5546875,0.7288814726329985,0.23150726318359374,-0.0595703125
5.5703125,0.7287703014555431,0.231834716796875,0.15490722656252842
5.5859375,0.7288222539992559,0.2320733642578125,0.02984619140625
5.6015625,0.7288189842587426,0.2320733642578125,-0.044677734375
5.6171875,0.7288916451590401,0.2320733642578125,0.014892578125
5.6328125,0.7288084484282,0.231611328125,-0.08648681640625
5.6484375,0.7288476853143594,0.232550048828125,0.157958984375
5.6640625,0.7288625807989211,0.2321478271484375,0.14007568359375
5.6796875,0.7288560413178944,0.23192413330078124,0.0833740234375
5.6953125,0.7288818359375,0.23299713134765626,0.23248291015625
5.7109375,0.7288516816638765,0.23269927978515612,0.12518310546872158
5.7265625,0.7289377848307285,0.23295257568359376,0.17584228515625
5.7421875,0.7288404192243311,0.23240142822265625,0.06561279296875
5.7578125,0.7288200741722477,0.23213317871093764,0.10437011718752842
5.7734375,0.7288814726329985,0.2325204467773439,-0.005920410156221578
5.7890625,0.728866213843936,0.2324755859375,0.0655517578125
5.8046875,0.728865487234933,0.23237121582031237,0.08941650390622158
5.8203125,0.7288643973214286,0.232535400390625,-0.09234619140625
5.8359375,0.7288411458333334,0.23275909423828126,0.011962890625028422
5.8515625,0.7288480486188617,0.23266967773437486,-0.05657958984377842
5.8671875,0.7287703014555431,0.232535400390625,0.02679443359375
5.8828125,0.7287248883928571,0.23277374267578124,0.12811279296872158
5.8984375,0.7288596743629092,0.23258026123046874,0.011962890624971578
5.9140625,0.7289000011625737,0.23322082519531237,0.14904785156247158
5.9296875,0.7288778395879836,0.23307189941406237,0.14013671875
5.9453125,0.728834969656808,0.23302734375,0.098388671875
5.9609375,0.7288851056780133,0.2330865478515625,0.06549072265625
5.9765625,0.7288713001069569,0.23359344482421876,0.18475341796877842
5.9921875,0.7288000924246651,0.23359344482421876,0.21160888671875
6.0078125,0.7288796561104904,0.23322082519531237,0.08941650390622158
6.0234375,0.7288338797433036,0.2336978149414064,0.22351074218752842
6.0390625,0.7288415091378349,0.23351898193359374,0.05963134765627842
6.0546875,0.728744870140439,0.23322082519531237,0.02978515625
6.0703125,0.7287652151925224,0.23351898193359374,0.09832763671875
6.0859375,0.7288782028924858,0.23329559326171875,0.04180908203125
6.1015625,0.7288313366117931,0.23347442626953124,-0.0238037109375
6.1171875,0.7288306100027901,0.23359344482421876,0.0
6.1328125,0.7288360595703118,0.23322082519531237,0.0
6.1484375,0.7287615821475074,0.233399658203125,-0.05963134765627842
6.1640625,0.728836422874814,0.233623046875,0.02081298828125
6.1796875,0.7288800194149926,0.23404052734375,0.16394042968752842
6.1953125,0.7288469587053571,0.23374267578125,0.04473876953125
6.2109375,0.7287405104864211,0.2334442138671875,0.02972412109375
6.2265625,0.7288378760928199,0.23389129638671874,0.0833740234375
6.2421875,0.7288015456426711,0.2339361572265625,0.06854248046875
6.2578125,0.728866940452939,0.2339361572265625,0.14306640625002842
6.2734375,0.7288131713867188,0.23404052734375,0.128173828125
6.2890625,0.7288327898297992,0.23418975830078126,0.11334228515625
6.3046875,0.7288894653320312,0.2340850830078125,0.0089111328125
6.3203125,0.7287862868536086,0.23404052734375,0.0595703125
6.3359375,0.7288327898297992,0.23401092529296874,0.11334228515625
6.3515625,0.7288498651413691,0.2339361572265625,0.00897216796875
6.3671875,0.7288095383417039,0.23451721191406236,0.11621093749997158
6.3828125,0.7288545880998883,0.234263916015625,0.0655517578125
6.3984375,0.7288287934802834,0.2342938232421875,0.0506591796875
6.4140625,0.7288153512137276,0.2338018798828125,-0.07757568359375
6.4296875,0.7288106282552084,0.233623046875,-0.0924072265625
6.4453125,0.7288800194149926,0.233623046875,-0.08349609375
6.4609375,0.7288186209542404,0.23387664794921875,-0.02685546875
6.4765625,0.7288836524600074,0.23447265625,0.1072998046875
6.4921875,0.7287452334449405,0.233966064453125,-0.11022949218747158
6.5078125,0.7287481398809523,0.23387664794921875,-0.07745361328125
6.5234375,0.7288553147088914,0.2342938232421875,0.0
6.5390625,0.7287968226841525,0.23401092529296874,0.04180908203125
6.5546875,0.7288102649507069,0.234263916015625,0.128173828125
6.5703125,0.7288287934802834,0.233966064453125,0.068603515625
6.5859375,0.728867667061942,0.2339959716796875,0.02386474609375
6.6015625,0.7287953694661452,0.23468139648437486,0.04174804687497158
6.6171875,0.7287884666806176,0.23433837890625,0.074462890625
6.6328125,0.7287830171130952,0.23477081298828126,0.1788330078125
6.6484375,0.728790283203125,0.23447265625,0.0357666015625
6.6640625,0.7287564958844867,0.234696044921875,0.13702392578125
6.6796875,0.7287488664899546,0.23480041503906235,0.10729980468747158
6.6953125,0.7288048153831845,0.2338018798828125,-0.0328369140625
6.7109375,0.7288069952101928,0.23438323974609376,0.07745361328125
6.7265625,0.7288996378580729,0.23480041503906235,0.0238037109375
6.7421875,0.7288811093284977,0.23472625732421876,0.07757568359375
6.7578125,0.7287895565941214,0.23472625732421876,-0.0089111328125
6.7734375,0.7288582211449033,0.23433837890625,-0.02685546875
6.7890625,0.7287830171130952,0.23433837890625,-0.071533203125
6.8046875,0.7287971859886533,0.23472625732421876,-0.014831542968721578
6.8203125,0.7288800194149926,0.23494964599609375,0.22955322265625
6.8359375,0.7287637619745164,0.2353369140625,0.19073486328125
6.8515625,0.72889418829055,0.23472625732421876,-0.014831542968721578
6.8671875,0.7288222539992559,0.23494964599609375,0.044677734375
6.8828125,0.7289014543805811,0.23460662841796875,-0.02392578125
6.8984375,0.7288015456426711,0.23477081298828126,0.08648681640625
6.9140625,0.7288189842587426,0.23494964599609375,0.12225341796875
6.9296875,0.7288255237397694,0.23451721191406236,-0.04180908203127842
6.9453125,0.728865487234933,0.23494964599609375,0.0
6.9609375,0.7289628528413319,0.23448760986328124,-0.16986083984375
6.9765625,0.7299172537667404,0.23526275634765625,0.1072998046875
6.9921875,0.7294035412016369,0.23477081298828126,-0.0357666015625
7.0078125,0.7292832874116444,0.23499450683593764,0.07757568359377842
7.0234375,0.7302184331984747,0.23545623779296876,0.1370849609375
7.0390625,0.729598635718936,0.23484527587890625,-0.0208740234375
7.0546875,0.7299732026599702,0.23559020996093763,0.21459960937505684
7.0703125,0.7300360543387276,0.23526275634765625,0.0626220703125
7.0859375,0.7301036289760044,0.235396728515625,0.18182373046875
7.1015625,0.7299321492513021,0.2350689697265625,-0.03875732421875
7.1171875,0.7298395066034227,0.2355755615234375,0.16094970703125
7.1328125,0.7293900989350819,0.23563507080078125,0.12811279296872158
7.1484375,0.729597909109933,0.23559020996093763,0.02679443359377842
7.1640625,0.7297021775018594,0.23545623779296876,0.1221923828125
7.1796875,0.7302115304129464,0.235396728515625,-0.03869628906252842
7.1953125,0.7299753824869785,0.2355606079101561,0.05957031249997158
7.2109375,0.7293683006649926,0.23573944091796875,0.06854248046875
7.2265625,0.7299150739397321,0.23559020996093763,0.10424804687502842
7.2421875,0.7300175258091525,0.2359033203125,0.0655517578125
7.2578125,0.7296207972935261,0.2354266357421875,-0.04168701171875
7.2734375,0.7299394153413319,0.2354266357421875,-0.03271484375002842
7.2890625,0.729598635718936,0.2352178955078125,-0.04766845703125
7.3046875,0.7294642130533854,0.23548614501953125,0.01788330078125
7.3203125,0.7296175275530133,0.2350091552734375,-0.11029052734372158
7.3359375,0.7293050856817336,0.235545654296875,-0.03875732421875
7.3515625,0.7295455932617188,0.2352923583984375,-0.05957031250002842
7.3671875,0.7299732026599702,0.23545623779296876,-0.08941650390625
7.3828125,0.7300407772972477,0.2352178955078125,-0.041748046875
7.3984375,0.7296636672247023,0.23526275634765625,-0.03277587890625
7.4140625,0.7295088995070691,0.23559020996093763,0.07446289062502842
7.4296875,0.7300396873837426,0.23499450683593764,-0.09832763671872158
7.4453125,0.7299216134207596,0.23472625732421876,-0.05657958984375
7.4609375,0.7296273367745536,0.2345474243164064,-0.19964599609372158
7.4765625,0.7296240670340401,0.2345025634765625,-0.157958984375
7.4921875,0.7297501336960572,0.234696044921875,-0.15203857421875
7.5078125,0.7298151652018229,0.23468139648437486,-0.10729980468752842
7.5234375,0.7295822870163691,0.23447265625,-0.15802001953125
7.5390625,0.7297316051664806,0.23480041503906235,-0.15795898437505684
7.5546875,0.7292836507161452,0.23472625732421876,-0.05364990234377842
7.5703125,0.7298591250465023,0.23471130371093765,-0.0029907226562215783
7.5859375,0.7301308768136168,0.23489013671875,0.06854248046872158
7.6015625,0.7296120779854904,0.23477081298828126,0.05364990234375
7.6171875,0.7300738380068824,0.23494964599609375,0.05072021484375
7.6328125,0.7296124412899926,0.23451721191406236,-0.0328369140625
7.6484375,0.7293512253534227,0.2346514892578125,0.0357666015625
7.6640625,0.7299920944940477,0.234263916015625,-0.10729980468747158
7.6796875,0.7297537667410714,0.23387664794921875,-0.169921875
7.6953125,0.7292865571521571,0.234696044921875,-0.0030517578125284217
7.7109375,0.7297283354259666,0.23414489746093764,-0.14904785156247158
7.7265625,0.7295049031575521,0.2339361572265625,-0.16693115234375
7.7421875,0.7301868257068452,0.23329559326171875,-0.330810546875
7.7578125,0.7297305152529762,0.23384674072265624,-0.13409423828122158
7.7734375,0.7304425920758929,0.23354858398437486,-0.22058105468752842
7.7890625,0.7295245216006324,0.23363830566406235,-0.12512207031252842
7.8046875,0.7297181628999263,0.23347442626953124,-0.0804443359375
7.8203125,0.729867844354538,0.23351898193359374,-0.23541259765625
7.8359375,0.7299158005487358,0.23329559326171875,-0.16986083984377842
7.8515625,0.7295601254417783,0.23322082519531237,-0.14306640625002842
7.8671875,0.7300375075567336,0.23359344482421876,0.0595703125
7.8828125,0.7296088082449776,0.2333697509765625,-0.09539794921875
7.8984375,0.7293261573428199,0.23347442626953124,-0.014831542968721578
7.9140625,0.7299001784551711,0.2333697509765625,-0.05371093749997158
7.9296875,0.7299532209123883,0.23322082519531237,-0.05072021484377842
7.9453125,0.7296640305292039,0.2330419921875,-0.09539794921875
7.9609375,0.7298940022786452,0.2331463623046875,-0.02984619140625
7.9765625,0.7295575823102679,0.2331463623046875,-0.014892578124971578
7.9921875,0.7302504039946056,0.23307189941406237,-0.10430908203127842
8.0078125,0.7300534929547992,0.2331463623046875,-0.044677734375
8.0234375,0.7292680286225819,0.23351898193359374,0.0089111328125
8.0390625,0.7302892775762642,0.23329559326171875,-0.01483154296875
8.0546875,0.7295379638671882,0.23289306640625,-0.06555175781247158
8.0703125,0.7297316051664806,0.23258026123046874,-0.09234619140625
8.0859375,0.7300854637509301,0.23329559326171875,0.02984619140625
8.1015625,0.73011489141555,0.23329559326171875,0.02984619140625
8.1171875,0.7296182541620164,0.2328485107421875,-0.04467773437497158
8.1328125,0.7297236124674479,0.23299713134765626,-0.02984619140625
8.1484375,0.7292364211309523,0.2328485107421875,-0.13409423828125
8.1640625,0.7298576718284977,0.2325204467773439,-0.15502929687497158
8.1796875,0.729507809593564,0.23237121582031237,-0.10437011718752842
8.1953125,0.7297050839378714,0.23269927978515612,0.02380371093747158
8.2109375,0.7298046293712798,0.2327142333984375,-0.11627197265625
8.2265625,0.7295110793340773,0.2324160766601561,-0.17590332031252842
8.2421875,0.7300676618303571,0.232550048828125,-0.0596923828125
8.2578125,0.7297007242838548,0.23240142822265625,-0.119140625
8.2734375,0.7296832856677834,0.23210296630859376,-0.14910888671875
8.2890625,0.7299692063104539,0.23238647460937487,-0.026794433593806843
8.3046875,0.7299732026599702,0.2324908447265625,0.02392578125002842
8.3203125,0.7297356015159977,0.23210296630859376,-0.11926269531247158
8.3359375,0.7296683901832217,0.23190948486328125,-0.16094970703125
8.3515625,0.7300560360863095,0.231671142578125,-0.14898681640622158
8.3671875,0.7290082659040179,0.23204376220703124,-0.10125732421875
8.3828125,0.7300295148577008,0.23192413330078124,-0.095458984375
8.3984375,0.7300455002557664,0.2316412353515625,-0.09234619140625
8.4140625,0.7300411406017485,0.23192413330078124,-0.09246826171872158
8.4296875,0.7298642113095238,0.2320733642578125,-0.08349609375
8.4453125,0.7300484066917783,0.231611328125,-0.09832763671875
8.4609375,0.7299644833519345,0.2316412353515625,-0.05364990234375
8.4765625,0.729903084891183,0.230821533203125,-0.169921875
8.4921875,0.72938246954055,0.23088134765625,-0.23248291015625
8.5078125,0.7299815586635044,0.2310748291015625,-0.16986083984375
8.5234375,0.7298685709635416,0.23098541259765626,-0.13116455078125
8.5390625,0.7300444103422619,0.2305682373046875,-0.27117919921875
8.5546875,0.7293054489862358,0.23134307861328124,-0.14605712890625
8.5703125,0.7294344220842633,0.2305828857421875,-0.2056884765625
8.5859375,0.7298972720191592,0.2305682373046875,-0.214599609375
8.6015625,0.7296393258231026,0.23077697753906234,-0.008911132812528422
8.6171875,0.729475838797433,0.230166015625,-0.14306640625
8.6328125,0.7299524943033854,0.2300616455078125,-0.20263671875
8.6484375,0.7292905535016742,0.230166015625,-0.16387939453125
8.6640625,0.7295928228469122,0.23004638671875,-0.1043701171875
8.6796875,0.7298518589564739,0.229822998046875,-0.30401611328125
8.6953125,0.7296567644391742,0.229390869140625,-0.2384033203125
8.7109375,0.7295005435035342,0.22952514648437486,-0.20861816406252842
8.7265625,0.7297748384021571,0.22995697021484374,-0.16400146484372158
8.7421875,0.729665847051712,0.22995697021484374,-0.04180908203125
8.7578125,0.7294267926897321,0.230166015625,0.0208740234375
8.7734375,0.7297090802873883,0.22959930419921876,-0.11334228515625
8.7890625,0.729909987676712,0.2299871826171875,-0.0118408203125
8.8046875,0.7297130766369048,0.22986755371093764,0.008911132812528422
8.8203125,0.7293345133463548,0.22995697021484374,0.11322021484375
8.8359375,0.7302645728701643,0.2293463134765625,-0.03576660156247158
8.8515625,0.729231698172433,0.2287353515625,-0.24432373046875
8.8671875,0.7299830118815104,0.22971893310546876,-0.047607421875
8.8828125,0.7296106247674858,0.22931640625,-0.169921875
8.8984375,0.7298042660667783,0.22922698974609376,-0.074462890625
8.9140625,0.7299913678850454,0.22959930419921876,-0.07757568359375
8.9296875,0.7295223417736235,0.22959930419921876,-0.05364990234377842
8.9453125,0.7304073515392485,0.22992736816406237,-0.005920410156278422
8.9609375,0.7293933686755952,0.2293759155273439,0.005920410156278422
8.9765625,0.7299281529017857,0.22955474853515612,0.16387939453122158
8.9921875,0.7302282424200142,0.22918243408203126,-0.1072998046875
9.0078125,0.7300622122628349,0.22918243408203126,-0.02679443359375
9.0234375,0.7297799246651786,0.229390869140625,0.03277587890625
9.0390625,0.7299397786458334,0.22931640625,-0.05657958984375
9.0546875,0.7299924577985492,0.22940582275390625,-0.0386962890625
9.0703125,0.7301464989071801,0.2293463134765625,-0.11621093749997158
9.0859375,0.7302613031296503,0.2293463134765625,-0.005920410156278422
9.1015625,0.7302544003441214,0.22876495361328125,-0.15795898437497158
9.1171875,0.7307266961960572,0.22931640625,0.02679443359375
9.1328125,0.7307354155040929,0.22930145263671875,0.0238037109375
9.1484375,0.7302896408807664,0.22898864746093764,-0.08044433593747158
9.1640625,0.7301399594261533,0.22922698974609376,-0.01788330078125
9.1796875,0.7301435924711681,0.2291522216796875,-0.05072021484375
9.1953125,0.7297036307198668,0.22848175048828126,-0.17291259765625
9.2109375,0.7299793788364956,0.229093017578125,-0.0506591796875
9.2265625,0.729844229561942,0.22936126708984375,0.1192626953125
9.2421875,0.7299753824869785,0.22876495361328125,-0.11029052734375
9.2578125,0.7294108072916666,0.22919708251953125,-0.0208740234375
9.2734375,0.7292113531203497,0.22883941650390624,-0.02984619140627842
9.2890625,0.72918701171875,0.22900360107421874,-0.044677734375
9.3046875,0.7291466849190849,0.22876495361328125,-0.07745361328125
9.3203125,0.7291205269949776,0.2287200927734375,0.04766845703125
9.3359375,0.7290693010602679,0.228809814453125,-0.056640625
9.3515625,0.7291139875139508,0.22922698974609376,-0.02685546875
9.3671875,0.7290885561988467,0.2288543701171875,0.01788330078125
9.3828125,0.7290206182570691,0.22851165771484375,-0.1370849609375
9.3984375,0.7290656680152523,0.228243408203125,-0.11920166015625
9.4140625,0.7289526803152901,0.22883941650390624,-0.0328369140625
9.4296875,0.7290707542782738,0.22886932373046875,0.0208740234375
9.4453125,0.7289083571661086,0.22861572265625,-0.0208740234375
9.4609375,0.7289948236374628,0.2285711669921875,-0.0477294921875
9.4765625,0.7290663946242559,0.22851165771484375,-0.14306640625
9.4921875,0.7289930071149546,0.2282733154296875,-0.1162109375
9.5078125,0.7289530436197916,0.228541259765625,0.00592041015625
9.5234375,0.728957766578311,0.22815399169921874,-0.01788330078125
9.5390625,0.7289842878069189,0.228258056640625,-0.11627197265625
9.5546875,0.7288985479445691,0.22894378662109374,0.014892578125
9.5703125,0.7290725708007812,0.2284967041015625,-0.0238037109375
9.5859375,0.7288985479445691,0.22822845458984375,-0.06854248046875
9.6015625,0.728898184640067,0.228377685546875,-0.02679443359375
9.6171875,0.7289726620628714,0.22866058349609375,0.07745361328125
9.6328125,0.7289595831008191,0.2280792236328125,-0.0924072265625
9.6484375,0.7290587652297247,0.22802001953125,-0.02679443359375
9.6640625,0.7288949148995536,0.22866058349609375,0.08050537109375
9.6796875,0.7289196196056548,0.2283624267578125,-0.11627197265625
9.6953125,0.7289548601422992,0.228258056640625,-0.0477294921875
9.7109375,0.7289130801246286,0.22813903808593763,-0.01788330078122158
9.7265625,0.7289690290178571,0.2284368896484375,0.0118408203125
9.7421875,0.72899155389695,0.2280792236328125,-0.11627197265625
9.7578125,0.7289933704194569,0.2280792236328125,0.0
9.7734375,0.7289501371837798,0.22794525146484376,-0.01495361328125
9.7890625,0.7289192563011533,0.22818359375,-0.09539794921875
9.8046875,0.728933425176712,0.2280792236328125,-0.056640625
9.8203125,0.7289029075985857,0.22833282470703126,0.01495361328125
9.8359375,0.7289141700381324,0.22775177001953126,-0.07745361328127842
9.8515625,0.7289628528413319,0.2280792236328125,-0.071533203125
9.8671875,0.728896004813058,0.2278411865234375,-0.047607421875
9.8828125,0.7289643060593378,0.2278411865234375,-0.047607421875
9.8984375,0.7289061773390997,0.227900390625,-0.00897216796875
9.9140625,0.7289217994326643,0.228377685546875,0.038818359375
9.9296875,0.7288564046223952,0.22818359375,0.0208740234375
9.9453125,0.7288538614908854,0.22840728759765624,0.014892578125
9.9609375,0.7288571312313988,0.2280792236328125,0.06549072265625
9.9765625,0.7288520449683786,0.2287200927734375,0.128173828125
9.9921875,0.7289025442940849,0.22822845458984375,0.07745361328125
10.0078125,0.7288945515950521,0.22840728759765624,0.11322021484375
10.0234375,0.7288393293108258,0.22812408447265625,0.04473876953125
10.0390625,0.7288168044317336,0.22840728759765624,0.00592041015625
10.0546875,0.7288680303664428,0.22818359375,0.0
10.0703125,0.7289697556268594,0.22866058349609375,0.0506591796875
10.0859375,0.7288763863699776,0.22858612060546876,0.10137939453125
10.1015625,0.7288131713867188,0.22839233398437486,-0.06555175781252842
10.1171875,0.7289152599516369,0.2284967041015625,0.05364990234375
10.1328125,0.7288811093284977,0.2279306030273439,-0.09533691406247158
10.1484375,0.7289479573567715,0.22864593505859376,0.1043701171875
10.1640625,0.7288683936709449,0.22846710205078125,0.011962890625
10.1796875,0.7288287934802834,0.2284368896484375,0.0506591796875
10.1953125,0.7289083571661086,0.22842224121093765,-0.04766845703122158
10.2109375,0.7288651239304309,0.22861572265625,0.00592041015625
10.2265625,0.7289192563011533,0.22848175048828126,0.01788330078127842
10.2421875,0.7288585844494048,0.228541259765625,0.0089111328125
10.2578125,0.7288593110584071,0.22861572265625,0.13702392578122158
10.2734375,0.7288898286365334,0.228541259765625,-0.02093505859375
10.2890625,0.7289032709030878,0.2287051391601561,0.04760742187497158
10.3046875,0.7288545880998883,0.228541259765625,0.0208740234375
10.3203125,0.7288593110584071,0.228809814453125,0.07751464843747158
10.3359375,0.7288455054873512,0.22876495361328125,0.02984619140625
10.3515625,0.7288629441034227,0.22886932373046875,0.0775146484375
10.3671875,0.7288178943452381,0.2293310546875,0.157958984375
10.3828125,0.7288869222005215,0.2287799072265625,0.0328369140625
10.3984375,0.7288338797433036,0.22888397216796874,0.06854248046875
10.4140625,0.728836422874814,0.22898864746093764,0.05670166015630684
10.4296875,0.728805178687686,0.22886932373046875,0.06561279296875
10.4453125,0.7288102649507069,0.22901824951171876,0.04168701171875
10.4609375,0.7287590390159977,0.22922698974609376,0.0924072265625
10.4765625,0.7288709368024546,0.22931640625,0.08941650390625
10.4921875,0.7287990025111607,0.22898864746093764,-0.06848144531247158
10.5078125,0.7288197108677456,0.22895874023437485,0.03576660156247158
10.5234375,0.7287833804175967,0.2295697021484375,0.13714599609375
10.5390625,0.7287855602446056,0.22940582275390625,0.08343505859372158
10.5546875,0.7288484119233631,0.2292864990234375,0.08343505859375
10.5703125,0.7288865588960194,0.22931640625,0.05963134765625
10.5859375,0.7288360595703118,0.22931640625,0.01788330078125
10.6015625,0.7288138979957217,0.229033203125,-0.056640625
10.6171875,0.7288204374767485,0.2296295166015625,0.12817382812497158
10.6328125,0.7289061773390997,0.22976348876953126,0.16094970703127842
10.6484375,0.7288320632207961,0.22952514648437486,-0.008911132812528422
10.6640625,0.7288752964564739,0.22916748046875,-0.04766845703125
10.6796875,0.7288553147088914,0.22955474853515612,0.05364990234372158
10.6953125,0.7287855602446056,0.22954010009765624,0.04473876953125
10.7109375,0.7288284301757812,0.22995697021484374,0.12811279296875
10.7265625,0.7288102649507069,0.2293463134765625,0.0626220703125
10.7421875,0.7287819271995908,0.22986755371093764,0.04760742187502842
10.7578125,0.7288734799339658,0.22979309082031235,0.005920410156221578
10.7734375,0.7288182576497396,0.22931640625,-0.04174804687497158
10.7890625,0.7288099016462046,0.22931640625,0.02978515625
10.8046875,0.7288247971307664,0.22931640625,-0.04766845703122158
10.8203125,0.7288716634114584,0.229390869140625,-0.02984619140625
10.8359375,0.7288880121140253,0.22946533203125,-0.09832763671875
10.8515625,0.7287913731166294,0.22986755371093764,0.10424804687502842
10.8671875,0.7288011823381689,0.22989776611328125,0.006042480468721578
10.8828125,0.7288088117327008,0.229674072265625,-0.02380371093747158
10.8984375,0.7287365141369048,0.23001678466796874,0.14007568359375
10.9140625,0.7287492297944569,0.2300018310546875,0.1370849609375
10.9296875,0.7288215273902523,0.2305084228515625,0.2384033203125
10.9453125,0.7288011823381689,0.22973358154296875,0.06854248046875
10.9609375,0.7288785661969867,0.229822998046875,0.071533203125
10.9765625,0.7288880121140253,0.229674072265625,-0.03869628906252842
10.9921875,0.7289141700381324,0.22986755371093764,-0.006042480468721578
11.0078125,0.7288811093284977,0.23032958984375,0.131103515625
11.0234375,0.7288415091378349,0.23013580322265625,0.0238037109375
11.0390625,0.7288778395879836,0.22986755371093764,-0.02685546874997158
11.0546875,0.7288629441034227,0.2303448486328125,-0.03271484375
11.0703125,0.7287982759021571,0.2305828857421875,0.16986083984375
11.0859375,0.7287619454520096,0.23013580322265625,0.06256103515625
11.1015625,0.7288233439127604,0.230389404296875,0.14306640625
11.1171875,0.7287735711960572,0.2299871826171875,0.02392578124997158
11.1328125,0.7288829258510044,0.2296142578125,-0.14306640625
11.1484375,0.7287684849330357,0.2299871826171875,-0.02972412109375
11.1640625,0.7288284301757812,0.22927185058593763,-0.119140625
11.1796875,0.7287699381510416,0.23001678466796874,-0.06561279296875
11.1953125,0.7289119902111235,0.230166015625,-0.0833740234375
11.2109375,0.7288680303664428,0.23013580322265625,0.0
11.2265625,0.7287986392066592,0.2300018310546875,-0.0775146484375
11.2421875,0.7288538614908854,0.23032958984375,0.0684814453125
11.2578125,0.7288088117327008,0.2307919311523439,0.23553466796877842
11.2734375,0.7288665771484382,0.2305084228515625,0.104248046875
11.2890625,0.7288222539992559,0.2305828857421875,0.2622070312499716
11.3046875,0.7288633074079242,0.2305828857421875,0.11322021484375
11.3203125,0.7288306100027901,0.2305828857421875,0.0833740234375
11.3359375,0.7288019089471727,0.2314324951171875,0.25933837890625
11.3515625,0.7288160778227306,0.23071716308593765,0.14306640625002842
11.3671875,0.7288255237397694,0.23108978271484376,0.15203857421875
11.3828125,0.7288102649507069,0.230821533203125,0.005920410156221578
11.3984375,0.7288346063523072,0.23071716308593765,0.04174804687502842
11.4140625,0.7288218906947544,0.23071716308593765,0.02685546875002842
11.4296875,0.7288327898297992,0.23149230957031236,0.18188476562497158
11.4453125,0.7288451421828497,0.230821533203125,0.0477294921875
11.4609375,0.7288346063523072,0.230821533203125,-0.1221923828125
11.4765625,0.7288386027018229,0.231611328125,0.17883300781247158
11.4921875,0.7287681216285342,0.2315814208984375,0.09832763671875
11.5078125,0.7287673950195312,0.2314324951171875,0.1221923828125
11.5234375,0.7287652151925224,0.23137298583984375,0.13116455078122158
11.5390625,0.7287604922340023,0.23153686523437486,0.16394042968744316
11.5546875,0.7288760230654762,0.23153686523437486,0.0089111328125
11.5703125,0.7288284301757812,0.23144744873046874,0.12518310546875
11.5859375,0.7288266136532738,0.23177551269531235,0.19079589843747158
11.6015625,0.728774661109561,0.23153686523437486,-0.014892578125028422
11.6171875,0.7287706647600454,0.23155181884765624,-0.00592041015625
11.6328125,0.7288901919410342,0.23208831787109374,0.13116455078125
11.6484375,0.7288985479445691,0.23208831787109374,0.14306640625
11.6640625,0.7288549514043906,0.231671142578125,0.02685546875002842
11.6796875,0.7288709368024546,0.232550048828125,0.20263671875002842
11.6953125,0.7288266136532738,0.23198394775390624,0.1072998046875
11.7109375,0.7288353329613095,0.23190948486328125,0.02679443359377842
11.7265625,0.7287833804175967,0.23226715087890626,0.14605712890627842
11.7421875,0.7288037254696801,0.2320733642578125,0.10430908203125
11.7578125,0.7288153512137276,0.2319989013671875,-0.01788330078125
11.7734375,0.7287848336356026,0.2320733642578125,-0.00299072265625
11.7890625,0.7288698468889508,0.23204376220703124,0.07452392578125
11.8046875,0.7288436889648438,0.232535400390625,-0.0029296875
11.8203125,0.7288004557291666,0.23238647460937487,0.08050537109372158
11.8359375,0.7287768409365699,0.232117919921875,0.04168701171875
11.8515625,0.7287652151925224,0.232252197265625,-0.00299072265625
11.8671875,0.7287274315243676,0.23269927978515612,0.12518310546872158
11.8828125,0.7287452334449405,0.23187957763671874,-0.02386474609375
11.8984375,0.7288120814732143,0.23269927978515612,0.12518310546872158
11.9140625,0.7287895565941214,0.23269927978515612,0.13110351562497158
11.9296875,0.7287564958844867,0.2328485107421875,0.0626220703125
11.9453125,0.7288462320963548,0.23272888183593765,0.06848144531255684
11.9609375,0.7290071759905133,0.2330419921875,0.184814453125
11.9765625,0.729262942359561,0.23287811279296874,0.12518310546875
11.9921875,0.72972397577195,0.2328036499023439,0.020874023437556843
12.0078125,0.729994637625558,0.23258026123046874,0.14013671875
12.0234375,0.7299913678850454,0.23311676025390626,0.08349609375002842
12.0390625,0.730111984979538,0.2327142333984375,0.0029907226562784217
12.0546875,0.7293984549386168,0.23299713134765626,0.02972412109375
12.0703125,0.7295484996977306,0.23277374267578124,0.008972167968721578
12.0859375,0.7299910045805431,0.23307189941406237,0.005981445312471578
12.1015625,0.7304124378022694,0.23307189941406237,0.03875732421872158
12.1171875,0.7307528541201643,0.23275909423828126,-0.008911132812528422
12.1328125,0.7301497686476928,0.2328485107421875,0.05364990234375
12.1484375,0.7298326038178944,0.2331314086914064,0.0029296875000284217
12.1640625,0.7298841930571056,0.23258026123046874,-0.02679443359375
12.1796875,0.7301399594261533,0.23240142822265625,-0.119140625
12.1953125,0.7297050839378714,0.2331463623046875,0.07452392578125
12.2109375,0.7300553094773072,0.2331463623046875,0.014892578125028422
12.2265625,0.7296451386951265,0.2328485107421875,-0.04467773437497158
12.2421875,0.7303793770926332,0.2328485107421875,0.01788330078125
12.2578125,0.7301221575055811,0.23299713134765626,0.02972412109375
12.2734375,0.7300524030412954,0.23299713134765626,-0.02685546875002842
12.2890625,0.7295154389880952,0.232744140625,0.03277587890625
12.3046875,0.7306104387555811,0.23269927978515612,0.05957031249997158
12.3203125,0.7305185227167039,0.23307189941406237,-0.014892578125028422
12.3359375,0.7302057175409227,0.23287811279296874,-0.05364990234375
12.3515625,0.7303365071614584,0.232967529296875,0.0238037109375
12.3671875,0.7295187087286086,0.23240142822265625,-0.08941650390625
12.3828125,0.7309991745721727,0.232550048828125,-0.08941650390625
12.3984375,0.7292981828962046,0.232550048828125,-0.08941650390625
12.4140625,0.7299365089053199,0.232550048828125,-0.038818359375
12.4296875,0.7293995448521206,0.23290771484375,0.04168701171877842
12.4453125,0.7294057210286452,0.23266967773437486,-0.0804443359375
12.4609375,0.7294990902855283,0.23213317871093764,-0.14898681640622158
12.4765625,0.729233151390439,0.23240142822265625,-0.11322021484375
12.4921875,0.7296218872070312,0.2316412353515625,-0.15203857421875
12.5078125,0.7298017229352679,0.23222259521484376,-0.06549072265625
12.5234375,0.7302427746000737,0.23144744873046874,-0.22052001953125
12.5390625,0.7296033586774546,0.23176025390625,-0.157958984375
12.5546875,0.7294591267903646,0.23189453125,-0.20263671875
12.5703125,0.7294177100771949,0.2316412353515625,-0.20568847656247158
12.5859375,0.7294940040225074,0.23170074462890625,-0.08648681640627842
12.6015625,0.7299081711542039,0.2322967529296875,-0.02093505859375
12.6171875,0.7298195248558408,0.2313580322265625,-0.056640625
12.6328125,0.7294344220842633,0.23184997558593765,-0.07452392578122158
12.6484375,0.7295441400437128,0.23176025390625,0.06256103515625
12.6640625,0.7294227963402158,0.2316412353515625,-0.0238037109375
12.6796875,0.7294940040225074,0.2315966796875,-0.0595703125
12.6953125,0.7292389642624628,0.230821533203125,-0.1639404296875
12.7109375,0.7292189825148809,0.230821533203125,-0.17584228515625
12.7265625,0.7289399646577381,0.23061309814453124,-0.33673095703125
12.7421875,0.729440598260788,0.230821533203125,-0.1072998046875
12.7578125,0.7298536754789806,0.23098541259765626,-0.17291259765627842
12.7734375,0.7295081728980655,0.23108978271484376,-0.13409423828125
12.7890625,0.729629153297061,0.2305828857421875,-0.211669921875
12.8046875,0.7293279738653273,0.2304638671875,-0.2265625
12.8203125,0.7294598533993676,0.22989776611328125,-0.18475341796875
12.8359375,0.7293243408203118,0.23088134765625,0.011962890625
12.8515625,0.729263668968564,0.22979309082031235,-0.16400146484377842
12.8671875,0.7295870099748883,0.2305084228515625,-0.0626220703125
12.8828125,0.7296200706845238,0.22995697021484374,-0.2056884765625
12.8984375,0.7295281546456474,0.22995697021484374,-0.2265625
12.9140625,0.7294413248697916,0.2296295166015625,-0.190673828125
12.9296875,0.7295877365838914,0.22976348876953126,-0.14007568359375
12.9453125,0.7293693905784977,0.22979309082031235,-0.02093505859377842
12.9609375,0.7292967296782,0.22946533203125,-0.283203125
12.9765625,0.7291608537946429,0.2296591186523439,-0.026794433593693157
12.9921875,0.7295630318777901,0.229688720703125,-0.1639404296875
13.0078125,0.7291575840541294,0.22940582275390625,-0.1102294921875
13.0234375,0.7299067179361979,0.22952514648437486,-0.08636474609377842
13.0390625,0.7290097191220238,0.2292864990234375,-0.068603515625
13.0546875,0.7298104422433036,0.22922698974609376,-0.1072998046875
13.0703125,0.729867844354538,0.22922698974609376,-0.11322021484372158
13.0859375,0.7293417794363832,0.22883941650390624,-0.12518310546875
13.1015625,0.7294660295758929,0.2291522216796875,-0.10137939453127842
13.1171875,0.72900390625,0.228973388671875,-0.14306640625
13.1328125,0.7296498616536452,0.22883941650390624,-0.11328125
13.1484375,0.7295891898018974,0.228809814453125,-0.14306640624997158
13.1640625,0.7293312436058408,0.229093017578125,-0.0386962890625
13.1796875,0.7289846511114211,0.22900360107421874,-0.044677734375
13.1953125,0.7298642113095238,0.2288543701171875,-0.07452392578125
13.2109375,0.7291873750232515,0.2282733154296875,-0.11322021484375
13.2265625,0.7294427780877977,0.22866058349609375,-0.09832763671875
13.2421875,0.7289014543805811,0.22851165771484375,-0.09234619140625
13.2578125,0.729355221702939,0.228243408203125,-0.11920166015625
13.2734375,0.7293512253534227,0.22864593505859376,-0.03277587890625
13.2890625,0.7292963663736979,0.228377685546875,-0.14306640625
13.3046875,0.7293465023949033,0.2282733154296875,-0.14605712890625
13.3203125,0.7300295148577008,0.228541259765625,-0.0626220703125
13.3359375,0.7296825590587798,0.22840728759765624,0.02679443359375
13.3515625,0.7291873750232515,0.228258056640625,-0.08050537109375
13.3671875,0.7303706577845975,0.2278411865234375,-0.13409423828125
13.3828125,0.7298449561709449,0.2277215576171875,-0.1043701171875
13.3984375,0.7298326038178944,0.2279306030273439,-0.14306640624997158
13.4140625,0.7291724795386905,0.22812408447265625,-0.05072021484375
13.4296875,0.7298209780738467,0.2280792236328125,-0.038818359375
13.4453125,0.7300524030412954,0.2281094360351561,-0.08636474609377842
13.4609375,0.7296138945079985,0.2280047607421875,-0.08050537109375
13.4765625,0.7293624877929688,0.2271258544921875,-0.2264404296875
13.4921875,0.729568844749814,0.227244873046875,-0.1192626953125
13.5078125,0.7295601254417783,0.22754272460937486,-0.03576660156252842
13.5234375,0.7297465006510416,0.22733428955078125,-0.11926269531252842
13.5390625,0.7293363298688617,0.22733428955078125,-0.157958984375
13.5546875,0.7291626703171503,0.22785583496093764,-0.04467773437497158
13.5703125,0.7298493158249628,0.22733428955078125,-0.15502929687497158
13.5859375,0.7291227068219867,0.2267681884765625,-0.247314453125
13.6015625,0.7303506760370164,0.22700622558593764,-0.02392578124997158
13.6171875,0.7302885509672619,0.22658935546875,-0.131103515625
13.6328125,0.7294511340913319,0.22700622558593764,-0.10729980468744316
13.6484375,0.7291503179640997,0.2262908935546875,-0.20867919921875
13.6640625,0.7295372372581845,0.22666381835937485,-0.13409423828127842
13.6796875,0.7296233404250372,0.22614227294921874,-0.3427124023437784
13.6953125,0.7298144385928199,0.2264697265625,-0.17291259765625
13.7109375,0.7292364211309523,0.22615692138671875,-0.12225341796875
13.7265625,0.729324704124814,0.22620147705078125,-0.16094970703127842
13.7421875,0.7291881016322544,0.22632110595703125,-0.05364990234375
13.7578125,0.7293744768415179,0.22632110595703125,-0.13702392578127842
13.7734375,0.7298133486793155,0.22576965332031235,-0.10424804687502842
13.7890625,0.7293116251627604,0.22603759765625,-0.12524414062497158
13.8046875,0.7294028145926332,0.2258438110351561,-0.05969238281252842
13.8203125,0.7297948201497396,0.225396728515625,-0.214599609375
13.8359375,0.7292113531203497,0.22593322753906236,-0.04473876953127842
13.8515625,0.7297672090076265,0.2258438110351561,-0.07153320312502842
13.8671875,0.7293995448521206,0.2258438110351561,-0.09545898437502842
13.8828125,0.7299041748046882,0.22602264404296876,-0.0596923828125
13.8984375,0.7297577630905878,0.22602264404296876,0.05059814453127842
13.9140625,0.7297395978655133,0.22511383056640638,-0.18475341796872158
13.9296875,0.7298082624162954,0.2255010986328125,-0.06854248046872158
13.9453125,0.7291699364071801,0.2258740234375,0.095458984375
13.9609375,0.7293421427408854,0.22544158935546876,-0.09832763671872158
13.9765625,0.7291321527390253,0.2258438110351561,0.0
13.9921875,0.7295445033482143,0.2256649780273439,-0.03576660156244316
14.0078125,0.7292302449544271,0.22556091308593765,-0.09234619140622158
14.0234375,0.7292545863560261,0.2258438110351561,-0.03576660156252842
14.0390625,0.7299067179361979,0.225322265625,0.04168701171872158
14.0546875,0.7300073532831094,0.2250390625,-0.0924072265625
14.0703125,0.7298329671223952,0.2252178955078125,-0.1312255859375
14.0859375,0.7296037219819569,0.22442810058593765,-0.20269775390622158
14.1015625,0.7295910063244048,0.2251434326171875,-0.14007568359372158
14.1171875,0.7292436872209821,0.22518829345703126,-0.09533691406252842
14.1328125,0.729233151390439,0.22518829345703126,-0.07452392578127842
14.1484375,0.7292763846261168,0.22496459960937487,-0.17584228515625
14.1640625,0.7291245233444941,0.22527770996093766,-0.008911132812471578
14.1796875,0.7289624895368311,0.22511383056640638,0.014953613281278422
14.1953125,0.7289817446754092,0.22512847900390626,-0.01788330078125
14.2109375,0.7291092645554309,0.225233154296875,0.16101074218747158
14.2265625,0.7289399646577381,0.22524810791015612,0.02093505859372158
14.2421875,0.7289043608165929,0.22496459960937487,-0.04473876953127842
14.2578125,0.7289000011625737,0.2251434326171875,-0.00897216796875
14.2734375,0.7289385114397321,0.225322265625,0.07153320312502842
14.2890625,0.7290140787760416,0.225098876953125,-0.03576660156252842
14.3046875,0.7290104457310261,0.2255010986328125,0.07745361328122158
14.3203125,0.728988284156436,0.2247857666015625,-0.06854248046875
14.3359375,0.7289326985677084,0.2245623779296875,-0.1341552734375
14.3515625,0.7288934616815477,0.2247412109375,-0.10137939453122158
14.3671875,0.7288963681175595,0.22429412841796875,-0.13409423828122158
14.3828125,0.7288095383417039,0.224249267578125,-0.1788330078125
14.3984375,0.7289857410249263,0.2245025634765625,-0.1639404296875
14.4140625,0.7288742065429688,0.2243389892578125,-0.1519775390625
14.4296875,0.7289693923223586,0.224666748046875,-0.1668701171875
14.4453125,0.728898184640067,0.2247857666015625,0.0
14.4609375,0.7289326985677084,0.224801025390625,0.0477294921875
14.4765625,0.7288393293108258,0.22496459960937487,0.04467773437497158
14.4921875,0.7289000011625737,0.22489044189453125,0.1192626953125
14.5078125,0.7289788382393974,0.22489044189453125,0.12823486328125
14.5234375,0.7288189842587426,0.22439849853515612,-0.02081298828127842
14.5390625,0.728926522391183,0.225098876953125,0.1519775390625
14.5546875,0.7288476853143594,0.22453277587890624,-0.02679443359375
14.5703125,0.7289032709030878,0.2248455810546875,0.011962890625
14.5859375,0.728933425176712,0.225098876953125,0.0595703125
14.6015625,0.7288037254696801,0.22518829345703126,0.04473876953127842
14.6171875,0.7288520449683786,0.22499450683593764,0.02081298828127842
14.6328125,0.7289181663876488,0.22429412841796875,-0.1192626953125
14.6484375,0.7287906465076265,0.2251434326171875,0.14898681640627842
14.6640625,0.7289207095191592,0.22520324707031236,0.02087402343747158
14.6796875,0.7289069039481026,0.22506927490234388,0.10729980468752842
14.6953125,0.7289446876162574,0.2247857666015625,-0.011962890625
14.7109375,0.7289145333426332,0.22511383056640638,0.0029907226562784217
14.7265625,0.7288545880998883,0.22511383056640638,-0.014892578124971578
14.7421875,0.7288331531343,0.22432373046875,-0.13415527343752842
14.7578125,0.7287913731166294,0.2247857666015625,0.09832763671875
14.7734375,0.7288422357468378,0.2248455810546875,-0.0595703125
14.7890625,0.7288792928059896,0.22506927490234388,-0.026794433593693157
14.8046875,0.7288469587053571,0.22460693359375,-0.09246826171877842
14.8203125,0.7288683936709449,0.22527770996093766,0.09838867187502842
14.8359375,0.7288502284458706,0.2248455810546875,-0.05364990234377842
14.8515625,0.7287997291201643,0.22520324707031236,0.017883300781193157
14.8671875,0.7288851056780133,0.225322265625,0.19970703125
14.8828125,0.7288069952101928,0.225322265625,0.1072998046875
14.8984375,0.7287601289295015,0.22518829345703126,0.06854248046875
14.9140625,0.728805178687686,0.2258438110351561,0.15490722656244316
14.9296875,0.7288160778227306,0.2259185791015625,0.2623291015625
14.9453125,0.7288604009719122,0.22527770996093766,0.0
14.9609375,0.7288215273902523,0.22554595947265624,0.14007568359375
14.9765625,0.728851318359375,0.225322265625,0.02380371093752842
14.9921875,0.7289490472702753,0.22520324707031236,-0.02380371093752842
15.0078125,0.7288455054873512,0.2255908203125,0.0537109375
15.0234375,0.7287822905040929,0.225679931640625,0.09832763671875
15.0390625,0.7289294288271949,0.225396728515625,-0.08941650390622158
15.0546875,0.7287615821475074,0.2258438110351561,-0.014953613281278422
15.0703125,0.7288160778227306,0.225516357421875,0.04772949218747158
15.0859375,0.7287633986700142,0.22529266357421876,-0.0506591796875
15.1015625,0.7288069952101928,0.2256951904296875,0.0745849609375
15.1171875,0.7288865588960194,0.2252178955078125,0.0029296875000284217
15.1328125,0.7288055419921882,0.2259930419921875,0.0804443359375
15.1484375,0.7288545880998883,0.2257098388671875,0.0059814453125
15.1640625,0.7288284301757812,0.225396728515625,0.0
15.1796875,0.7288088117327008,0.22620147705078125,0.07153320312502842
15.1953125,0.7288618541899181,0.22612731933593763,0.12219238281252842
15.2109375,0.7288604009719122,0.2258438110351561,0.11022949218747158
15.2265625,0.7287688482375372,0.22661895751953126,0.18475341796875
15.2421875,0.7289446876162574,0.22632110595703125,0.22064208984375
15.2578125,0.7288233439127604,0.22596343994140639,-0.005920410156221578
15.2734375,0.7288618541899181,0.2260675048828125,0.071533203125
15.2890625,0.728790283203125,0.226529541015625,0.2265625
15.3046875,0.7288920084635416,0.22649993896484374,0.0596923828125
15.3203125,0.7288415091378349,0.2266934204101561,0.11322021484369316
15.3359375,0.7288516816638765,0.2262908935546875,0.08941650390627842
15.3515625,0.7287608555385044,0.22690216064453125,0.056640625
15.3671875,0.7287971859886533,0.22688720703125,0.11322021484375
15.3828125,0.7287968226841525,0.22666381835937485,0.14007568359369316
15.3984375,0.728851318359375,0.22678283691406237,0.14306640624997158
15.4140625,0.7288531348818824,0.2268426513671875,0.0626220703125
15.4296875,0.7288320632207961,0.2273046875,0.16094970703125
15.4453125,0.7288396926153273,0.22743865966796875,0.14904785156252842
15.4609375,0.7288709368024546,0.2280047607421875,0.3427734375
15.4765625,0.7288578578404025,0.22687225341796874,-0.0059814453125
15.4921875,0.7287423270089286,0.2273193359375,0.08642578125
15.5078125,0.7288396926153273,0.22782592773437485,0.232421875
15.5234375,0.7288011823381689,0.22785583496093764,0.21459960937505684
15.5390625,0.7288847423735119,0.2277069091796875,0.1728515625
15.5546875,0.7288455054873512,0.2277069091796875,0.0804443359375
15.5703125,0.7288455054873512,0.2280792236328125,0.12811279296875
15.5859375,0.7288338797433036,0.22812408447265625,0.02386474609375
15.6015625,0.7288168044317336,0.2279306030273439,0.21166992187502842
15.6171875,0.7288171677362358,0.227900390625,0.1162109375
15.6328125,0.7288131713867188,0.22812408447265625,0.05963134765627842
15.6484375,0.7288168044317336,0.2280047607421875,0.02978515624997158
15.6640625,0.7288945515950521,0.2278411865234375,0.02685546875
15.6796875,0.7287862868536086,0.22775177001953126,0.00897216796875
15.6953125,0.7288614908854166,0.22819885253906236,0.02392578124997158
15.7109375,0.7287633986700142,0.2280792236328125,-0.00897216796875
15.7265625,0.7288992745535714,0.228541259765625,0.12213134765622158
15.7421875,0.7288415091378349,0.228541259765625,0.128173828125
15.7578125,0.7288415091378349,0.22861572265625,0.09832763671875
15.7734375,0.7287703014555431,0.2280792236328125,0.014892578125
15.7890625,0.7287797473725819,0.2285711669921875,0.14599609375
15.8046875,0.7287583124069941,0.228541259765625,0.15789794921875
15.8203125,0.7288593110584071,0.22883941650390624,0.12811279296877842
15.8359375,0.7288792928059896,0.22851165771484375,0.08648681640625
15.8515625,0.7288338797433036,0.228243408203125,-0.0595703125
15.8671875,0.7287637619745164,0.22876495361328125,0.04473876953125
15.8828125,0.7288451421828497,0.22846710205078125,-0.02972412109375
15.8984375,0.728865487234933,0.22869049072265624,0.12225341796875
15.9140625,0.7288331531343,0.22894378662109374,0.07452392578125
15.9296875,0.7287971859886533,0.2287200927734375,0.0357666015625
15.9453125,0.7287288847423735,0.22866058349609375,-0.0357666015625
15.9609375,0.7287532261439739,0.2287200927734375,0.04168701171875
15.9765625,0.7288048153831845,0.228809814453125,0.11328125
15.9921875,0.7288455054873512,0.22901824951171876,0.0506591796875
16.0078125,0.7288055419921882,0.22924163818359375,0.1549072265625
16.0234375,0.7288237072172619,0.2296295166015625,0.18780517578125
16.0390625,0.7287688482375372,0.22918243408203126,0.0477294921875
16.0546875,0.7288447788783475,0.22904815673828124,0.06561279296875
16.0703125,0.7288055419921882,0.22891418457031235,0.05072021484372158
16.0859375,0.7287346976143974,0.22895874023437485,0.04772949218747158
16.1015625,0.728830246698288,0.22940582275390625,0.11920166015625
16.1171875,0.7288516816638765,0.2287200927734375,-0.05963134765625
16.1328125,0.7287252516973586,0.22912261962890626,-0.0238037109375
16.1484375,0.7288331531343,0.22952514648437486,-0.02087402343752842
16.1640625,0.7288033621651786,0.22952514648437486,0.06854248046872158
16.1796875,0.7287052699497761,0.229390869140625,0.06854248046875
16.1953125,0.7287579491024926,0.22918243408203126,0.05364990234377842
16.2109375,0.7287790207635789,0.22927185058593763,0.06262207031255684
16.2265625,0.7287913731166294,0.22931640625,-0.01788330078125
16.2421875,0.7288538614908854,0.22931640625,0.1192626953125
16.2578125,0.7288029988606771,0.229688720703125,0.11322021484375
16.2734375,0.7289217994326643,0.22948028564453124,-0.008972167968721578
16.2890625,0.7288200741722477,0.22954010009765624,0.0029907226562784217
16.3046875,0.7287670317150298,0.22931640625,-0.014892578125
16.3203125,0.7288099016462046,0.22952514648437486,0.06854248046872158
16.3359375,0.7288578578404025,0.22927185058593763,0.0
16.3515625,0.7287663051060261,0.22924163818359375,-0.01495361328125
16.3671875,0.7288164411272321,0.22924163818359375,-0.01495361328125
16.3828125,0.7287906465076265,0.22924163818359375,-0.08941650390625
16.3984375,0.7287732078915551,0.22931640625,-0.03277587890625
16.4140625,0.7287557692754836,0.22974853515625,0.04168701171875
16.4296875,0.728806631905692,0.2296142578125,0.0595703125
16.4453125,0.7287430536179309,0.229822998046875,0.05957031250002842
16.4609375,0.7287899198986235,0.2295697021484375,0.05957031249997158
16.4765625,0.7288400559198289,0.22986755371093764,0.12518310546877842
16.4921875,0.728743416922433,0.2299871826171875,0.14910888671875
16.5078125,0.7288534981863832,0.22986755371093764,0.12518310546877842
16.5234375,0.7288629441034227,0.23013580322265625,0.16387939453125
16.5390625,0.7287950061616444,0.22979309082031235,0.008911132812471578
16.5546875,0.7287895565941214,0.2305084228515625,0.1788330078125
16.5703125,0.7288011823381689,0.23001678466796874,0.03875732421875
16.5859375,0.7287928263346354,0.22979309082031235,0.04467773437497158
16.6015625,0.7287463233584449,0.230389404296875,0.10437011718747158
16.6171875,0.7287190755208334,0.22979309082031235,-0.03881835937502842
16.6328125,0.7288182576497396,0.2305828857421875,0.14306640624997158
16.6484375,0.7288200741722477,0.22971893310546876,-0.0833740234375
16.6640625,0.7287986392066592,0.22995697021484374,0.03277587890627842
16.6796875,0.7288204374767485,0.22986755371093764,-0.12817382812497158
16.6953125,0.7288189842587426,0.23032958984375,0.06256103515625
16.7109375,0.7288266136532738,0.2304638671875,0.13415527343752842
16.7265625,0.7288287934802834,0.2299871826171875,-0.0804443359375
16.7421875,0.7287812005905878,0.23013580322265625,0.06854248046877842
16.7578125,0.7288382393973214,0.23031463623046874,-0.05364990234375
16.7734375,0.7287546793619785,0.2305682373046875,0.16986083984375
16.7890625,0.7287946428571429,0.230166015625,0.04180908203125
16.8046875,0.7287554059709821,0.2300616455078125,0.03881835937497158
16.8203125,0.7288222539992559,0.23098541259765626,0.13116455078125
16.8359375,0.7287971859886533,0.2305828857421875,0.0238037109375
16.8515625,0.72874741327195,0.23043426513671875,0.08941650390625
16.8671875,0.7287957327706474,0.23088134765625,0.14910888671875
16.8828125,0.7288614908854166,0.2305828857421875,0.05364990234375
16.8984375,0.7288019089471727,0.2305828857421875,0.0029296875
16.9140625,0.7288306100027901,0.2304638671875,0.0595703125
16.9296875,0.7287855602446056,0.2307470703125,0.1370849609375
16.9453125,0.7288331531343,0.23153686523437486,0.11029052734372158
16.9609375,0.7288462320963548,0.23088134765625,0.0596923828125
16.9765625,0.7287633986700142,0.23013580322265625,-0.0596923828125
16.9921875,0.7288233439127604,0.2315814208984375,0.1400146484375
17.0078125,0.7291590372721354,0.231611328125,0.2056884765625
17.0234375,0.7297904604957217,0.2315814208984375,0.19970703125
17.0390625,0.7304938180106026,0.23128356933593763,0.16394042968752842
17.0546875,0.7300643920898438,0.23153686523437486,0.15795898437497158
17.0703125,0.7298366001674107,0.231611328125,0.014892578125028422
17.0859375,0.7304436819893974,0.23146240234375,0.1162109375
17.1015625,0.7304912748790929,0.23128356933593763,0.22955322265627842
17.1171875,0.7306187947591146,0.23137298583984375,-0.04168701171875
17.1328125,0.7299027215866809,0.231239013671875,-0.074462890625
17.1484375,0.7297334216889881,0.2314324951171875,-0.02978515625
17.1640625,0.7303063528878349,0.23088134765625,-0.08044433593752842
17.1796875,0.7310216994512642,0.231104736328125,-0.08642578124997158
17.1953125,0.7298583984375,0.231104736328125,-0.101318359375
17.2109375,0.7298583984375,0.231104736328125,-0.071533203125
17.2265625,0.7301087152390253,0.230821533203125,-0.09240722656252842
17.2421875,0.729994637625558,0.2315966796875,0.04473876953125
17.2578125,0.7304207938058036,0.23192413330078124,0.13702392578125
17.2734375,0.7303103492373512,0.23114959716796876,-0.05657958984375
17.2890625,0.7303593953450521,0.23149230957031236,0.12219238281247158
17.3046875,0.7300818307059151,0.230821533203125,-0.056640625
17.3203125,0.7303216116768974,0.231611328125,0.101318359375
17.3359375,0.7296854654947916,0.23173065185546876,0.12518310546875
17.3515625,0.729476565406436,0.23091094970703124,0.01788330078125
17.3671875,0.7299459548223586,0.23088134765625,-0.14306640625
17.3828125,0.729843502952939,0.23061309814453124,-0.26220703125
17.3984375,0.7298395066034227,0.2309707641601561,-0.03576660156252842
17.4140625,0.7298453194754464,0.2305828857421875,-0.18188476562497158
17.4296875,0.7301141648065477,0.230821533203125,0.0
17.4453125,0.7302380516415551,0.23073211669921875,-0.17584228515625
17.4609375,0.7306500389462426,0.23061309814453124,-0.2235107421875
17.4765625,0.730032057989212,0.230955810546875,0.00897216796875
17.4921875,0.7298594883510044,0.23134307861328124,0.09234619140625
17.5078125,0.7298042660667783,0.23061309814453124,0.0
17.5234375,0.7293897356305811,0.2305084228515625,-0.09246826171872158
17.5390625,0.7307299659365699,0.23013580322265625,-0.08941650390625
17.5546875,0.7296938214983258,0.2305828857421875,-0.0477294921875
17.5703125,0.7299259730747761,0.23061309814453124,-0.0238037109375
17.5859375,0.729629153297061,0.23150726318359374,0.1788330078125
17.6015625,0.7303328741164428,0.23098541259765626,0.00592041015625
17.6171875,0.7294540405273438,0.2308364868164064,-0.10131835937497158
17.6328125,0.7300716581798735,0.2305828857421875,-0.00604248046875
17.6484375,0.7306765601748512,0.2305828857421875,0.014892578125
17.6640625,0.7302013578869048,0.2305084228515625,0.07452392578125
17.6796875,0.729935782296317,0.2303448486328125,-0.047607421875
17.6953125,0.7297446841285342,0.23013580322265625,-0.095458984375
17.7109375,0.7289294288271949,0.230538330078125,-0.19378662109375
17.7265625,0.7307735624767485,0.23013580322265625,-0.169921875
17.7421875,0.7299583071754092,0.22986755371093764,-0.19378662109375
17.7578125,0.7297730218796503,0.22986755371093764,-0.14306640624997158
17.7734375,0.730208260672433,0.230389404296875,-0.0386962890625
17.7890625,0.7300534929547992,0.2305084228515625,0.0
17.8046875,0.7296349661690849,0.230821533203125,0.0953369140625
17.8203125,0.7302416846865699,0.23065765380859374,0.1043701171875
17.8359375,0.7307136172340023,0.230389404296875,-0.02978515625
17.8515625,0.7296654837472099,0.230166015625,0.00604248046875
17.8671875,0.7299012683686763,0.230389404296875,0.10437011718747158
17.8828125,0.7304229736328118,0.22995697021484374,0.01788330078122158
17.8984375,0.7304887317475819,0.22973358154296875,-0.13116455078125
17.9140625,0.7298544020879836,0.2299871826171875,-0.104248046875
17.9296875,0.7305541265578497,0.2300616455078125,-0.1519775390625
17.9453125,0.7302115304129464,0.23013580322265625,-0.1043701171875
17.9609375,0.7301584879557285,0.230166015625,-0.044677734375
17.9765625,0.7308331444149926,0.2303448486328125,0.0357666015625
17.9921875,0.7307702927362358,0.23001678466796874,-0.07452392578125
18.0078125,0.730424063546317,0.2294204711914064,-0.10729980468747158
18.0234375,0.7300306047712046,0.2294204711914064,-0.06262207031247158
18.0390625,0.730483645484561,0.229390869140625,-0.1192626953125
18.0546875,0.7302732921782,0.22979309082031235,-0.05371093750002842
18.0703125,0.7303662981305811,0.22979309082031235,-0.06854248046877842
18.0859375,0.7295219784691214,0.22986755371093764,-0.05969238281247158
18.1015625,0.729965573265439,0.22924163818359375,-0.22064208984375
18.1171875,0.730179922921317,0.22931640625,-0.14007568359375
18.1328125,0.7298002697172619,0.22959930419921876,0.03576660156247158
18.1484375,0.7294493175688237,0.229674072265625,0.05072021484372158
18.1640625,0.7294794718424479,0.229107666015625,-0.056640625
18.1796875,0.7292455037434896,0.22940582275390625,-0.07745361328122158
18.1953125,0.7292469569614956,0.2289288330078125,-0.17285156249997158
18.2109375,0.7291270664760044,0.2288543701171875,-0.20263671875002842
18.2265625,0.7291256132579985,0.22883941650390624,-0.0804443359375
18.2421875,0.7291038149879092,0.2288247680664064,-0.09832763671872158
18.2578125,0.7290638514927456,0.2293310546875,-0.05364990234375
18.2734375,0.728988284156436,0.22894378662109374,-0.14605712890625
18.2890625,0.7289999099004836,0.22918243408203126,0.01495361328125
18.3046875,0.7290762038457961,0.229256591796875,-0.02984619140625
18.3203125,0.7290776570638021,0.22879455566406237,-0.02685546875002842
18.3359375,0.7289217994326643,0.22900360107421874,0.02984619140625
18.3515625,0.7289465041387642,0.2292864990234375,0.08941650390625
18.3671875,0.7289806547619048,0.228541259765625,-0.05670166015627842
18.3828125,0.7289933704194569,0.22834747314453124,-0.19671630859375
18.3984375,0.7289294288271949,0.2283624267578125,-0.11627197265625
18.4140625,0.7288564046223952,0.22869049072265624,-0.098388671875
18.4296875,0.7289599464053199,0.22864593505859376,-0.12213134765625
18.4453125,0.7288898286365334,0.22846710205078125,-0.06549072265622158
18.4609375,0.7288767496744785,0.2280792236328125,-0.18487548828125
18.4765625,0.7289323352632069,0.2280792236328125,-0.241455078125
18.4921875,0.7288596743629092,0.22798980712890626,-0.11029052734375
18.5078125,0.7289090837751117,0.22818359375,-0.03277587890625
18.5234375,0.7288538614908854,0.2280792236328125,-0.056640625
18.5390625,0.7288520449683786,0.22866058349609375,-0.0059814453125
18.5546875,0.7288901919410342,0.22840728759765624,-0.0477294921875
18.5703125,0.7288571312313988,0.2287200927734375,0.05059814453125
18.5859375,0.7288189842587426,0.22818359375,0.0208740234375
18.6015625,0.72889418829055,0.22840728759765624,0.06561279296875
18.6171875,0.7289297921316964,0.2280792236328125,0.01788330078125
18.6328125,0.7289683024088548,0.22812408447265625,-0.01190185546875
18.6484375,0.728867667061942,0.2282733154296875,0.038818359375
18.6640625,0.7289058140345975,0.2276919555664064,-0.19372558593747158
18.6796875,0.7289257957821801,0.22718505859375,-0.24444580078125
18.6953125,0.7289174397786452,0.22840728759765624,-0.06256103515625
18.7109375,0.7288716634114584,0.2268426513671875,-0.2681884765625
18.7265625,0.7288029988606771,0.22715545654296876,-0.2503662109375
18.7421875,0.7287899198986235,0.2280047607421875,-0.014892578125
18.7578125,0.7289301554361979,0.22785583496093764,-0.05364990234372158
18.7734375,0.7288015456426711,0.2277069091796875,-0.11328125
18.7890625,0.7288171677362358,0.22746826171875,-0.04473876953127842
18.8046875,0.7287950061616444,0.2273638916015625,0.0357666015625
18.8203125,0.7288803827194941,0.2274087524414064,-0.19970703124997158
18.8359375,0.7288338797433036,0.2276025390625,0.1519775390625
18.8515625,0.7288149879092262,0.2276025390625,0.08941650390625
18.8671875,0.728851318359375,0.22775177001953126,-0.05059814453125
18.8828125,0.7288614908854166,0.2277215576171875,-0.02685546875002842
18.8984375,0.7288752964564739,0.2277215576171875,0.0029296875
18.9140625,0.7288898286365334,0.22785583496093764,0.07751464843752842
18.9296875,0.7288189842587426,0.22779632568359376,0.08648681640625
18.9453125,0.7288000924246651,0.2273046875,-0.02081298828127842
18.9609375,0.7288832891555059,0.227379150390625,-0.044677734375
18.9765625,0.7287935529436383,0.2273638916015625,-0.0477294921875
18.9921875,0.7288186209542404,0.22785583496093764,0.02081298828127842
19.0078125,0.7288015456426711,0.22785583496093764,0.02685546875002842
19.0234375,0.7288484119233631,0.2280792236328125,0.071533203125
19.0390625,0.7289029075985857,0.2280792236328125,0.04467773437497158
19.0546875,0.7289029075985857,0.2279306030273439,0.02685546875002842
19.0703125,0.7288353329613095,0.2277215576171875,0.0833740234375
19.0859375,0.7287841070265997,0.2280792236328125,0.1400146484375
19.1015625,0.7288633074079242,0.2280047607421875,0.128173828125
19.1171875,0.7289014543805811,0.22794525146484376,0.01788330078122158
19.1328125,0.7288211640857515,0.228258056640625,0.08044433593747158
19.1484375,0.7287641252790179,0.2280792236328125,0.0
19.1640625,0.728830246698288,0.22840728759765624,0.06561279296875
19.1796875,0.7288353329613095,0.2280792236328125,0.02972412109372158
19.1953125,0.7288745698474702,0.2279306030273439,0.04180908203127842
19.2109375,0.7287873767671131,0.22798980712890626,-0.01788330078125
19.2265625,0.7288869222005215,0.22802001953125,0.0030517578125
19.2421875,0.728804452078683,0.2284967041015625,0.11029052734375
19.2578125,0.7289025442940849,0.22775177001953126,-0.10125732421875
19.2734375,0.7287782941545758,0.228258056640625,0.0357666015625
19.2890625,0.7288189842587426,0.22839233398437486,-0.0029907226562784217
19.3046875,0.7288280668712798,0.2282733154296875,0.038818359375
19.3203125,0.7288367861793155,0.227960205078125,0.005920410156221578
19.3359375,0.7288498651413691,0.22842224121093765,0.08648681640627842
19.3515625,0.7288178943452381,0.2280792236328125,0.0118408203125
19.3671875,0.7288520449683786,0.228243408203125,-0.0506591796875
19.3828125,0.7288073585146949,0.22846710205078125,0.14306640625
19.3984375,0.7287681216285342,0.22840728759765624,0.02984619140625
19.4140625,0.7288571312313988,0.2287200927734375,0.06555175781252842
19.4296875,0.7288625807989211,0.22851165771484375,0.04766845703125
19.4453125,0.7288117181687128,0.2284967041015625,0.1072998046875
19.4609375,0.7288734799339658,0.22912261962890626,0.14007568359372158
19.4765625,0.7288614908854166,0.2287353515625,0.1312255859375
19.4921875,0.7288153512137276,0.2284967041015625,0.0506591796875
19.5078125,0.728750319707962,0.228809814453125,0.06854248046875
19.5234375,0.7288636707124263,0.2282733154296875,-0.02679443359375
19.5390625,0.7288367861793155,0.22883941650390624,0.02386474609375
19.5546875,0.7288022722516742,0.22886932373046875,0.071533203125
19.5703125,0.7288647606259301,0.2282733154296875,-0.044677734375
19.5859375,0.7288117181687128,0.228541259765625,-0.11627197265625
19.6015625,0.7288593110584071,0.22886932373046875,0.02679443359375
19.6171875,0.7288178943452381,0.2287200927734375,0.044677734375
19.6328125,0.7288811093284977,0.22927185058593763,0.09240722656252842
19.6484375,0.7287630353655133,0.22883941650390624,0.11322021484375
19.6640625,0.7288567679268974,0.22888397216796874,0.0089111328125
19.6796875,0.7288469587053571,0.22888397216796874,0.0029296875
19.6953125,0.7288106282552084,0.22906280517578126,0.15789794921875
19.7109375,0.7288320632207961,0.22860107421875,0.011962890625
19.7265625,0.7287230718703497,0.2296295166015625,0.15203857421875
19.7421875,0.7288153512137276,0.22904815673828124,0.06561279296875
19.7578125,0.7287663051060261,0.22904815673828124,-0.04473876953127842
19.7734375,0.7288055419921882,0.22976348876953126,0.184814453125
19.7890625,0.7288614908854166,0.2297039794921875,0.16400146484375
19.8046875,0.7287881033761168,0.22940582275390625,0.1043701171875
19.8203125,0.7287830171130952,0.22976348876953126,0.14013671875
19.8359375,0.7287888299851191,0.22979309082031235,0.23840332031247158
19.8515625,0.7288255237397694,0.22946533203125,-0.0328369140625
19.8671875,0.7288200741722477,0.229688720703125,0.12811279296875
19.8828125,0.7288237072172619,0.22931640625,0.05364990234375
19.8984375,0.7287383306594122,0.22991241455078126,0.02978515625
19.9140625,0.7287764776320691,0.22907775878906236,-0.12524414062502842
19.9296875,0.7287666684105283,0.22931640625,-0.01788330078125
19.9453125,0.7287666684105283,0.22931640625,-0.08941650390625
19.9609375,0.7288538614908854,0.2293463134765625,-0.08935546874997158
19.9765625,0.7288251604352679,0.22979309082031235,0.06555175781247158
19.9921875,0.7288182576497396,0.230389404296875,0.14013671875
20.0078125,0.7288713001069569,0.22946533203125,0.02978515625
20.0234375,0.728896731422061,0.22995697021484374,0.0089111328125
20.0390625,0.7287812005905878,0.22952514648437486,0.0894775390625
20.0546875,0.7288465954008556,0.2299423217773439,0.12518310546877842
20.0703125,0.7288277035667783,0.230166015625,0.169921875
20.0859375,0.7287703014555431,0.22995697021484374,0.12213134765625
20.1015625,0.7288353329613095,0.230240478515625,0.08947753906252842
20.1171875,0.7288687569754464,0.22924163818359375,-0.22955322265625
20.1328125,0.7288088117327008,0.2300018310546875,0.1072998046875
20.1484375,0.7288033621651786,0.230389404296875,0.08648681640625
20.1640625,0.7288418724423357,0.2300616455078125,0.10729980468752842
20.1796875,0.7287466866629464,0.230166015625,0.04473876953122158
20.1953125,0.7288858322870164,0.2303448486328125,0.0357666015625
20.2109375,0.7288266136532738,0.22971893310546876,-0.047607421875
20.2265625,0.7289003644670758,0.2300018310546875,-0.0477294921875
20.2421875,0.7288538614908854,0.2300616455078125,0.16400146484375
20.2578125,0.7288117181687128,0.2305084228515625,0.101318359375
20.2734375,0.7288117181687128,0.2305682373046875,0.0357666015625
20.2890625,0.7288019089471727,0.2305828857421875,0.104248046875
20.3046875,0.7287906465076265,0.2305084228515625,0.0684814453125
20.3203125,0.7287539527529762,0.23032958984375,-0.0030517578125
20.3359375,0.7287982759021571,0.2305828857421875,0.17279052734375
20.3515625,0.7288200741722477,0.230538330078125,0.1072998046875
20.3671875,0.7288298833937872,0.2305828857421875,0.104248046875
20.3828125,0.7288306100027901,0.2305682373046875,0.011962890625
20.3984375,0.72874741327195,0.2305828857421875,0.0029296875
20.4140625,0.7288128080822166,0.2304638671875,-0.0238037109375
20.4296875,0.728865487234933,0.2307470703125,0.0477294921875
20.4453125,0.728866213843936,0.2305828857421875,0.0506591796875
20.4609375,0.7288382393973214,0.2305682373046875,-0.0029296875
20.4765625,0.7288306100027901,0.2305682373046875,0.0059814453125
20.4921875,0.728867667061942,0.2305682373046875,-0.0029296875
20.5078125,0.7287619454520096,0.2305682373046875,0.0
20.5234375,0.7288306100027901,0.23108978271484376,0.10137939453125
20.5390625,0.7288760230654762,0.23068725585937486,0.04467773437497158
20.5546875,0.7288396926153273,0.23144744873046874,0.14007568359375
20.5703125,0.728805178687686,0.23077697753906234,0.03881835937497158
20.5859375,0.7287939162481406,0.23144744873046874,0.17584228515625
20.6015625,0.7288771129789806,0.231402587890625,0.1668701171875
20.6171875,0.7288262503487724,0.23162628173828126,0.21160888671875
20.6328125,0.7287786574590773,0.23170074462890625,0.22650146484375
20.6484375,0.7287550426664806,0.232252197265625,0.23248291015625
20.6640625,0.7288182576497396,0.2320733642578125,0.2772216796875284
20.6796875,0.7288189842587426,0.23180511474609375,0.071533203125
20.6953125,0.7288146246047247,0.23202880859375,0.2503662109375284
20.7109375,0.7288182576497396,0.23192413330078124,0.0953369140625
20.7265625,0.7288346063523072,0.23146240234375,0.011962890625
20.7421875,0.7287619454520096,0.2320733642578125,0.08941650390625
20.7578125,0.7288266136532738,0.2320733642578125,0.07452392578125
20.7734375,0.7287830171130952,0.23192413330078124,-0.06561279296875
20.7890625,0.728866940452939,0.231239013671875,-0.1668701171875
20.8046875,0.7288415091378349,0.23204376220703124,0.0477294921875
20.8203125,0.728898184640067,0.2328485107421875,0.1639404296875
20.8359375,0.7288280668712798,0.232117919921875,0.03875732421875
20.8515625,0.7288553147088914,0.23177551269531235,0.06262207031247158
20.8671875,0.7289119902111235,0.2321923828125,0.0238037109375
20.8828125,0.7287230718703497,0.23208831787109374,0.00299072265625
20.8984375,0.7288338797433036,0.23234161376953125,0.08349609375
20.9140625,0.7294326055617559,0.231834716796875,0.119140625
20.9296875,0.7298780168805811,0.23269927978515612,0.13110351562497158
20.9453125,0.7293435959588914,0.2328485107421875,0.0
20.9609375,0.7285741170247396,0.23289306640625,0.155029296875
20.9765625,0.7295503162202381,0.23277374267578124,0.19964599609377842
20.9921875,0.7298347836449033,0.232550048828125,0.071533203125
21.0078125,0.7298998151506689,0.23237121582031237,0.05657958984372158
21.0234375,0.7295561290922619,0.2325204467773439,0.03576660156252842
21.0390625,0.7291561308361235,0.23192413330078124,0.01788330078125
21.0546875,0.7298823765345975,0.23204376220703124,-0.13110351562497158
21.0703125,0.7291772024972099,0.23237121582031237,-0.09545898437502842
21.0859375,0.7303648449125737,0.23269927978515612,-0.03875732421877842
21.1015625,0.7295862833658854,0.23238647460937487,-0.07745361328127842
21.1171875,0.7299408685593378,0.23192413330078124,-0.12518310546875
21.1328125,0.7302961803617931,0.2321923828125,-0.03576660156247158
21.1484375,0.7301116216750372,0.23204376220703124,-0.09533691406252842
21.1640625,0.7295397803896949,0.23237121582031237,0.08941650390622158
21.1796875,0.7296687534877239,0.2325204467773439,0.09533691406252842
21.1953125,0.7296600341796882,0.2325204467773439,0.029846191406306843
21.2109375,0.7304578508649546,0.2322967529296875,-0.08050537109372158
21.2265625,0.729783194405692,0.23237121582031237,-0.0030517578125
21.2421875,0.7297595796130952,0.23272888183593765,0.16094970703127842
21.2578125,0.729750497000558,0.2325204467773439,0.06561279296877842
21.2734375,0.7298017229352679,0.232550048828125,0.10125732421875
21.2890625,0.7293675740559896,0.23226715087890626,-0.02081298828122158
21.3046875,0.7301599411737358,0.23204376220703124,-0.09533691406252842
21.3203125,0.7295761108398438,0.23204376220703124,-0.09533691406252842
21.3359375,0.7294384184337798,0.232252197265625,-0.0089111328125
21.3515625,0.7298660278320312,0.23192413330078124,-0.08941650390622158
21.3671875,0.7295811971028646,0.23192413330078124,-0.16094970703127842
21.3828125,0.7298609415690104,0.23173065185546876,-0.15795898437502842
21.3984375,0.729813711983817,0.23106018066406236,-0.2979736328125284
21.4140625,0.7298391432989211,0.23192413330078124,-0.068603515625
21.4296875,0.7298533121744785,0.2312237548828125,-0.16400146484375
21.4453125,0.7296135312034977,0.23165588378906235,-0.07757568359377842
21.4609375,0.7300593058268229,0.2313580322265625,-0.1788330078125
21.4765625,0.7295219784691214,0.23146240234375,-0.09234619140625
21.4921875,0.7298602149600074,0.23222259521484376,0.0596923828125
21.5078125,0.7296008155459449,0.23170074462890625,-0.0059814453125
21.5234375,0.7295924595424107,0.23125366210937487,0.0386962890625
21.5390625,0.7299764724004836,0.23061309814453124,-0.26220703125
21.5546875,0.7293791998000372,0.23174530029296875,0.10430908203125
21.5703125,0.7296077183314739,0.23076171875,-0.17883300781247158
21.5859375,0.7292473202659977,0.23137298583984375,0.00299072265625
21.6015625,0.7293519519624263,0.23125366210937487,-0.04174804687502842
21.6171875,0.729109627859933,0.23076171875,-0.29217529296875
21.6328125,0.7291532244001117,0.2308364868164064,-0.17285156249997158
21.6484375,0.7292738414946056,0.230821533203125,-0.08642578124997158
21.6640625,0.7291027250744048,0.23098541259765626,0.074462890625
21.6796875,0.7290329706101191,0.230821533203125,-0.18475341796875
21.6953125,0.7291535877046131,0.23108978271484376,0.06561279296875
21.7109375,0.7289988199869785,0.23013580322265625,-0.2474365234375
21.7265625,0.729019528343564,0.23029998779296876,-0.19073486328122158
21.7421875,0.7289893740699405,0.2303448486328125,-0.0833740234375
21.7578125,0.7289326985677084,0.23032958984375,-0.10137939453127842
21.7734375,0.7289323352632069,0.23032958984375,-0.098388671875
21.7890625,0.7289323352632069,0.2304638671875,-0.10430908203125
21.8046875,0.728989010765439,0.2300018310546875,-0.1639404296875
21.8203125,0.7289014543805811,0.230166015625,-0.18475341796875
21.8359375,0.7290020897274926,0.23003173828125,-0.02081298828125
21.8515625,0.728891281854538,0.229674072265625,-0.12518310546875
21.8671875,0.7289359683082217,0.22971893310546876,-0.12518310546875
21.8828125,0.7289581298828118,0.22992736816406237,-0.08044433593752842
21.8984375,0.7288818359375,0.2299423217773439,-0.07745361328122158
21.9140625,0.7288818359375,0.22971893310546876,-0.14898681640625
21.9296875,0.7288782028924858,0.2296295166015625,-0.074462890625
21.9453125,0.7288480486188617,0.2296591186523439,-0.10137939453122158
21.9609375,0.7288927350725454,0.229390869140625,-0.128173828125
21.9765625,0.7288734799339658,0.2293463134765625,-0.0655517578125
21.9921875,0.728952317010788,0.22912261962890626,-0.1192626953125
22.0078125,0.7288763863699776,0.22959930419921876,-0.06561279296872158
22.0234375,0.7289781116303944,0.229390869140625,-0.11029052734377842
22.0390625,0.7288444155738467,0.2296295166015625,-0.01788330078125
22.0546875,0.7288952782040551,0.2294204711914064,-0.04180908203122158
22.0703125,0.7288814726329985,0.22895874023437485,-0.14007568359380684
22.0859375,0.728866213843936,0.2296295166015625,0.0477294921875
22.1015625,0.7288771129789806,0.2298379516601561,0.09832763671872158
22.1171875,0.7288803827194941,0.22891418457031235,-0.04168701171877842
22.1328125,0.7288836524600074,0.22891418457031235,-0.13702392578127842
22.1484375,0.7288182576497396,0.22891418457031235,-0.09533691406252842
22.1640625,0.7288295200892857,0.22918243408203126,-0.08941650390625
22.1796875,0.7288698468889508,0.2293759155273439,-0.0089111328125
22.1953125,0.7288727533249628,0.229256591796875,0.05957031250002842
22.2109375,0.7289508637927834,0.22858612060546876,-0.20867919921875
22.2265625,0.7289762951078869,0.22976348876953126,-0.014892578124971578
22.2421875,0.7288502284458706,0.22898864746093764,0.014892578125056843
22.2578125,0.7288814726329985,0.2297039794921875,0.15795898437502842
22.2734375,0.7288858322870164,0.22959930419921876,0.13702392578127842
22.2890625,0.7288767496744785,0.22940582275390625,0.044677734375
22.3046875,0.7288444155738467,0.22900360107421874,-0.07446289062502842
22.3203125,0.7288487752278646,0.22924163818359375,-0.00299072265625
22.3359375,0.7288527715773809,0.22927185058593763,0.13714599609377842
22.3515625,0.7288531348818824,0.22918243408203126,-0.1162109375
22.3671875,0.7288335164388021,0.2294204711914064,0.08636474609375
22.3828125,0.7288269769577753,0.22924163818359375,-0.09246826171875
22.3984375,0.7290046328590023,0.2293463134765625,-0.05059814453125
22.4140625,0.7288251604352679,0.2300018310546875,0.11920166015625
22.4296875,0.7288538614908854,0.229390869140625,0.07745361328125
22.4453125,0.7288734799339658,0.2295697021484375,0.06561279296875
22.4609375,0.7289559500558036,0.2298529052734375,0.11621093749997158
22.4765625,0.7287899198986235,0.22930145263671875,0.0238037109375
22.4921875,0.7289116269066214,0.229390869140625,-0.005920410156278422
22.5078125,0.7288734799339658,0.22946533203125,0.04473876953125
22.5234375,0.7289214361281622,0.22918243408203126,-0.03277587890625
22.5390625,0.7288985479445691,0.23013580322265625,0.02679443359375
22.5546875,0.7288131713867188,0.23003173828125,0.128173828125
22.5703125,0.7288367861793155,0.22952514648437486,-0.008911132812528422
22.5859375,0.7288320632207961,0.22986755371093764,0.0029296875000284217
22.6015625,0.7288189842587426,0.22931640625,0.00299072265625
22.6171875,0.7288171677362358,0.2297039794921875,0.0626220703125
22.6328125,0.7287953694661452,0.229390869140625,-0.014892578125
22.6484375,0.7288444155738467,0.22964416503906235,0.09234619140622158
22.6640625,0.7287757510230655,0.22946533203125,-0.13409423828125
22.6796875,0.7288277035667783,0.22955474853515612,-0.09539794921877842
22.6953125,0.7288760230654762,0.22995697021484374,0.08636474609377842
22.7109375,0.7288204374767485,0.22979309082031235,-0.014892578125056843
22.7265625,0.7288182576497396,0.22971893310546876,0.08050537109375
22.7421875,0.7288709368024546,0.229674072265625,-0.0059814453125
22.7578125,0.7288455054873512,0.22971893310546876,0.06561279296875
22.7734375,0.7288930983770461,0.230166015625,0.10437011718752842
22.7890625,0.7288386027018229,0.22979309082031235,0.06555175781247158
22.8046875,0.7288549514043906,0.22954010009765624,-0.0029296874999715783
22.8203125,0.7287703014555431,0.22971893310546876,-0.047607421875
22.8359375,0.7288495018368676,0.230240478515625,0.08947753906252842
22.8515625,0.7288545880998883,0.2305828857421875,0.17279052734375
22.8671875,0.7287586757114956,0.230240478515625,0.11328125
22.8828125,0.7288578578404025,0.2296591186523439,-0.011962890624971578
22.8984375,0.7288596743629092,0.2300018310546875,-0.0328369140625
22.9140625,0.7287815638950893,0.2295697021484375,-0.04467773437497158
22.9296875,0.7288687569754464,0.22971893310546876,0.0357666015625
22.9453125,0.7288930983770461,0.23035949707031236,0.12811279296872158
22.9609375,0.7288062686011905,0.23035949707031236,0.02380371093747158
22.9765625,0.7288346063523072,0.23029998779296876,-0.05657958984375
22.9921875,0.7288633074079242,0.2299871826171875,-0.0506591796875
23.0078125,0.7288752964564739,0.230166015625,0.10137939453122158
23.0234375,0.7288244338262642,0.2304638671875,0.0924072265625
23.0390625,0.7288218906947544,0.23001678466796874,0.08941650390625
23.0546875,0.7288651239304309,0.230240478515625,0.10430908203125
23.0703125,0.7287819271995908,0.2305828857421875,0.04467773437502842
23.0859375,0.7288306100027901,0.2305828857421875,0.04467773437502842
23.1015625,0.7288745698474702,0.230821533203125,0.10430908203125
23.1171875,0.7288277035667783,0.2307470703125,0.1519775390625
23.1328125,0.7288331531343,0.2305828857421875,0.0833740234375
23.1484375,0.7288200741722477,0.2305084228515625,0.0089111328125
23.1640625,0.7288186209542404,0.2305828857421875,0.11322021484375
23.1796875,0.7288382393973214,0.230821533203125,0.1162109375
23.1953125,0.7287586757114956,0.230821533203125,0.0477294921875
23.2109375,0.7287950061616444,0.23088134765625,0.0596923828125
23.2265625,0.7287564958844867,0.23108978271484376,0.05364990234375
23.2421875,0.7286834716796882,0.2309707641601561,0.04473876953122158
23.2578125,0.7286816551571801,0.2307470703125,0.0328369140625
23.2734375,0.7287648518880215,0.23114959716796876,0.12823486328125
23.2890625,0.7288545880998883,0.231239013671875,0.1312255859375
23.3046875,0.7287655784970238,0.23108978271484376,0.05364990234375
23.3203125,0.7288178943452381,0.23153686523437486,0.14306640624997158
23.3359375,0.7288178943452381,0.23108978271484376,0.04168701171875
23.3515625,0.7288102649507069,0.23114959716796876,0.011962890625
23.3671875,0.7288000924246651,0.230821533203125,-0.02984619140622158
23.3828125,0.7287655784970238,0.230821533203125,0.014892578125
23.3984375,0.7288277035667783,0.23137298583984375,0.044677734375
23.4140625,0.7287822905040929,0.2314324951171875,0.0386962890625
23.4296875,0.728866940452939,0.231611328125,0.10430908203125
23.4453125,0.7288295200892857,0.23190948486328125,0.07452392578127842
23.4609375,0.7288963681175595,0.23144744873046874,0.071533203125
23.4765625,0.7288160778227306,0.23173065185546876,0.1162109375
23.4921875,0.7288487752278646,0.23114959716796876,0.06561279296875
23.5078125,0.7287604922340023,0.23125366210937487,0.08642578124997158
23.5234375,0.7287982759021571,0.23190948486328125,0.1072998046875
23.5390625,0.7286751156761533,0.231611328125,0.0357666015625
23.5546875,0.7287681216285342,0.2312237548828125,-0.0775146484375
23.5703125,0.7288411458333334,0.23098541259765626,-0.184814453125
23.5859375,0.7287684849330357,0.23184997558593765,0.08050537109377842
23.6015625,0.7288949148995536,0.231611328125,-0.02386474609375
23.6171875,0.7287317911783854,0.23192413330078124,0.1549072265625
23.6328125,0.72874741327195,0.23176025390625,0.10131835937502842
23.6484375,0.7288099016462046,0.23192413330078124,0.0029296875
23.6640625,0.7288596743629092,0.232252197265625,0.128173828125
23.6796875,0.7288869222005215,0.23192413330078124,0.14007568359375
23.6953125,0.7287437802269345,0.2321478271484375,0.23248291015625
23.7109375,0.7288600376674107,0.232252197265625,0.08044433593747158
23.7265625,0.7288578578404025,0.23213317871093764,0.10437011718752842
23.7421875,0.7287939162481406,0.23213317871093764,0.04180908203127842
23.7578125,0.7288015456426711,0.23272888183593765,0.19372558593752842
23.7734375,0.7288651239304309,0.2328485107421875,0.18487548828125
23.7890625,0.7286903744652158,0.2328485107421875,0.1192626953125
23.8046875,0.7287986392066592,0.23269927978515612,0.15502929687497158
23.8203125,0.7287706647600454,0.2325204467773439,0.07452392578127842
23.8359375,0.7288335164388021,0.2325204467773439,0.05364990234377842
23.8515625,0.7287935529436383,0.23190948486328125,-0.04473876953127842
23.8671875,0.7287583124069941,0.23277374267578124,0.12811279296872158
23.8828125,0.7288709368024546,0.23213317871093764,-0.119140625
23.8984375,0.7288553147088914,0.232833251953125,-0.0030517578125
23.9140625,0.7288713001069569,0.232550048828125,-0.0596923828125
23.9296875,0.7288996378580729,0.23226715087890626,-0.08642578124997158
23.9453125,0.7287713913690477,0.23278869628906235,0.05364990234369316
23.9609375,0.7288378760928199,0.232967529296875,0.08941650390622158
23.9765625,0.7287205287388393,0.23287811279296874,0.1937255859375
23.9921875,0.7287198021298357,0.233250732421875,0.09539794921875
24.0078125,0.7288128080822166,0.232550048828125,0.08337402343747158
24.0234375,0.7287139892578118,0.2328485107421875,0.0030517578125
24.0390625,0.7288386027018229,0.2328485107421875,0.0596923828125
24.0546875,0.7289112636021206,0.2328485107421875,0.11627197265625
24.0703125,0.7288316999162954,0.23334014892578125,0.11029052734377842
24.0859375,0.7288571312313988,0.2331463623046875,0.0357666015625
24.1015625,0.7288287934802834,0.233385009765625,0.10137939453125
24.1171875,0.7287681216285342,0.2333697509765625,0.0238037109375
24.1328125,0.7288360595703118,0.2332806396484375,0.1461181640625
24.1484375,0.7288131713867188,0.2336978149414064,0.16986083984377842
24.1640625,0.7287946428571429,0.23351898193359374,0.13409423828125
24.1796875,0.7288462320963548,0.23322082519531237,0.07446289062497158
24.1953125,0.7288411458333334,0.23348907470703126,0.02978515625
24.2109375,0.7288237072172619,0.23389129638671874,0.14898681640625
24.2265625,0.7288665771484382,0.23347442626953124,0.01788330078125
24.2421875,0.7288771129789806,0.23359344482421876,0.04473876953125
24.2578125,0.7288255237397694,0.23375732421875,0.0953369140625
24.2734375,0.7288135346912202,0.23375732421875,0.011901855468721578
24.2890625,0.7288752964564739,0.23414489746093764,0.12518310546877842
24.3046875,0.7292905535016742,0.23411499023437485,0.1788330078125
24.3203125,0.7290293375651048,0.233623046875,0.02679443359375
24.3359375,0.7290758405412954,0.23375732421875,-0.02679443359375
24.3515625,0.7288825625465023,0.2335638427734375,0.01788330078125
24.3671875,0.7288792928059896,0.23402557373046876,0.08642578125
24.3828125,0.7291808355422247,0.2342938232421875,0.1072998046875
24.3984375,0.7291590372721354,0.23386169433593765,0.02087402343752842
24.4140625,0.7290438697451643,0.23384674072265624,-0.05963134765627842
24.4296875,0.7292022705078118,0.2338018798828125,-0.06262207031247158
24.4453125,0.7286326090494785,0.23377227783203125,0.02984619140625
24.4609375,0.7292669387090773,0.233623046875,-0.02685546875
24.4765625,0.7291920979817715,0.23347442626953124,-0.01788330078125
24.4921875,0.7294863746279762,0.2338018798828125,-0.04473876953125
24.5078125,0.7293613978794643,0.233623046875,-0.1341552734375
24.5234375,0.7291670299711681,0.2338018798828125,-0.011962890625028422
24.5390625,0.729720706031436,0.234263916015625,0.08343505859375
24.5546875,0.7293911888485857,0.234263916015625,0.0924072265625
24.5703125,0.7291953677222842,0.23402557373046876,0.0506591796875
24.5859375,0.7292712983630952,0.2338018798828125,0.0357666015625
24.6015625,0.7286794753301711,0.2338018798828125,0.06549072265625
24.6171875,0.7290787469773072,0.2338018798828125,0.0
24.6328125,0.7293944585890997,0.233623046875,0.0
24.6484375,0.7299139840262276,0.2333697509765625,-0.08642578125
24.6640625,0.7291554042271206,0.23378723144531235,-0.09533691406252842
24.6796875,0.7292673020135789,0.233966064453125,-0.0595703125
24.6953125,0.7294333321707596,0.2333251953125,-0.14007568359375
24.7109375,0.7293977283296131,0.2338018798828125,0.0
24.7265625,0.7293980916341146,0.23404052734375,0.0477294921875
24.7421875,0.7293584914434523,0.234263916015625,0.0924072265625
24.7578125,0.7294380551292783,0.2335638427734375,-0.0118408203125
24.7734375,0.7289773850213914,0.233623046875,0.0506591796875
24.7890625,0.7294129871186763,0.233623046875,-0.03283691406247158
24.8046875,0.7294129871186763,0.233623046875,-0.068603515625
24.8203125,0.7294129871186763,0.233966064453125,0.128173828125
24.8359375,0.7293570382254464,0.233966064453125,0.0328369140625
24.8515625,0.729476565406436,0.23377227783203125,-0.05364990234375
24.8671875,0.7291942778087798,0.2334442138671875,-0.1639404296875
24.8828125,0.729722159249442,0.233250732421875,-0.0626220703125
24.8984375,0.7293748401460194,0.23302734375,-0.119140625
24.9140625,0.7291572207496286,0.2330865478515625,-0.1072998046875
24.9296875,0.7294046311151414,0.23322082519531237,-0.08044433593752842
24.9453125,0.729446774437314,0.233399658203125,-0.11328125
24.9609375,0.7294856480189739,0.233101806640625,-0.1728515625
24.9765625,0.7294118972051711,0.2328485107421875,-0.18475341796875
24.9921875,0.7290275210425967,0.23295257568359376,-0.09832763671875
25.0078125,0.7296600341796882,0.2330865478515625,-0.0328369140625
25.0234375,0.7301519484747023,0.23287811279296874,-0.02984619140625
25.0390625,0.7301083519345238,0.2330419921875,-0.0089111328125
25.0546875,0.7292920067196801,0.23289306640625,-0.06555175781247158
25.0703125,0.7300106230236235,0.23311676025390626,-0.05657958984375
25.0859375,0.7298623947870164,0.2327142333984375,-0.0775146484375
25.1015625,0.7298627580915179,0.232252197265625,-0.1192626953125
25.1171875,0.7293330601283475,0.23258026123046874,-0.074462890625
25.1328125,0.7295742943173357,0.2329229736328125,-0.03271484375
25.1484375,0.7292534964425224,0.232117919921875,-0.15203857421875
25.1640625,0.7292404174804688,0.2320733642578125,-0.1937255859375
25.1796875,0.729562668573288,0.23190948486328125,-0.19671630859375
25.1953125,0.729447501046317,0.23226715087890626,-0.169921875
25.2109375,0.7293948218936012,0.23153686523437486,-0.23547363281252842
25.2265625,0.7292782011486235,0.23204376220703124,-0.04168701171875
25.2421875,0.7292102632068452,0.23173065185546876,-0.169921875
25.2578125,0.729233877999442,0.23187957763671874,-0.20867919921875
25.2734375,0.7292364211309523,0.2324160766601561,0.05963134765622158
25.2890625,0.7291219802129836,0.23192413330078124,-0.02984619140625
25.3046875,0.7290126255580357,0.231834716796875,-0.01495361328125
25.3203125,0.7289926438104539,0.231611328125,-0.13116455078125
25.3359375,0.7289530436197916,0.23137298583984375,-0.03277587890622158
25.3515625,0.7289850144159227,0.23162628173828126,-0.08349609375
25.3671875,0.7290075392950142,0.230821533203125,-0.18182373046875
25.3828125,0.7290126255580357,0.23114959716796876,-0.14599609375
25.3984375,0.7289199829101562,0.231239013671875,-0.23541259765622158
25.4140625,0.729019528343564,0.2305828857421875,-0.26824951171875
25.4296875,0.7288633074079242,0.2305828857421875,-0.2503662109375
25.4453125,0.7289363316127239,0.2305828857421875,-0.2056884765625
25.4609375,0.7289613996233258,0.231611328125,0.04766845703125
25.4765625,0.7289530436197916,0.231119384765625,-0.10137939453125
25.4921875,0.7289810180664062,0.2314324951171875,0.1221923828125
25.5078125,0.7289646693638393,0.2308364868164064,-0.06262207031247158
25.5234375,0.7289330618722099,0.23088134765625,-0.071533203125
25.5390625,0.7289119902111235,0.23137298583984375,0.15802001953125
25.5546875,0.7288876488095238,0.23067230224609375,0.01788330078125
25.5703125,0.7289127168201265,0.2300616455078125,-0.104248046875
25.5859375,0.7289857410249263,0.23061309814453124,-0.19964599609375
25.6015625,0.7288930983770461,0.23061309814453124,-0.10125732421875
25.6171875,0.7289366949172247,0.2305682373046875,-0.1728515625
25.6328125,0.7289363316127239,0.2305828857421875,-0.05072021484377842
25.6484375,0.7288927350725454,0.2308364868164064,-0.008972167968721578
25.6640625,0.7288785661969867,0.2305084228515625,-0.17291259765625
25.6796875,0.728927975609189,0.2305084228515625,-0.03277587890625
25.6953125,0.7289098103841146,0.2305828857421875,0.104248046875
25.7109375,0.728896004813058,0.23088134765625,0.05364990234375
25.7265625,0.728897458031064,0.2299871826171875,-0.12518310546875
25.7421875,0.7288353329613095,0.2305084228515625,-0.011962890625
25.7578125,0.7288731166294643,0.2305084228515625,-0.014892578125
25.7734375,0.7288731166294643,0.22989776611328125,-0.18774414062502842
25.7890625,0.7288887387230283,0.2300616455078125,-0.08935546875
25.8046875,0.7290006365094867,0.2299871826171875,-0.104248046875
25.8203125,0.7287812005905878,0.23013580322265625,-0.08941650390625
25.8359375,0.7288778395879836,0.2300018310546875,-0.1759033203125
25.8515625,0.7288582211449033,0.230389404296875,0.0804443359375
25.8671875,0.7287986392066592,0.22995697021484374,-0.11029052734375
25.8828125,0.7288353329613095,0.23013580322265625,-0.07452392578125
25.8984375,0.7288495018368676,0.23061309814453124,0.14306640625
25.9140625,0.7288204374767485,0.2300616455078125,0.0
25.9296875,0.7287830171130952,0.2307470703125,0.1519775390625
25.9453125,0.728866213843936,0.2300616455078125,-0.01483154296875
25.9609375,0.7288593110584071,0.229674072265625,-0.0655517578125
25.9765625,0.7288484119233631,0.229674072265625,-0.14306640625
25.9921875,0.7288306100027901,0.23088134765625,0.18487548828125
26.0078125,0.7288683936709449,0.230389404296875,0.05072021484375
26.0234375,0.7288531348818824,0.23013580322265625,-0.095458984375
26.0390625,0.7288382393973214,0.23035949707031236,0.05957031249997158
26.0546875,0.7288887387230283,0.23061309814453124,-0.02679443359375
26.0703125,0.7288567679268974,0.23077697753906234,0.14306640624997158
26.0859375,0.7288665771484382,0.2305084228515625,0.1668701171875
26.1015625,0.7288665771484382,0.2308364868164064,0.23248291015627842
26.1171875,0.7287953694661452,0.2305084228515625,-0.0745849609375
26.1328125,0.7288698468889508,0.23061309814453124,0.04473876953125
26.1484375,0.7288680303664428,0.2305682373046875,0.08648681640625
26.1640625,0.7288378760928199,0.23061309814453124,0.05072021484377842
26.1796875,0.7289036342075893,0.2315966796875,0.19671630859375
26.1953125,0.7288796561104904,0.23098541259765626,0.04168701171877842
26.2109375,0.7288447788783475,0.23108978271484376,0.11627197265625
26.2265625,0.7288825625465023,0.2305084228515625,-0.06561279296877842
26.2421875,0.7288011823381689,0.23091094970703124,0.08050537109375
26.2578125,0.7287928263346354,0.23091094970703124,0.0595703125
26.2734375,0.7288360595703118,0.23013580322265625,-0.08648681640625
26.2890625,0.7288306100027901,0.23061309814453124,0.0
26.3046875,0.7288462320963548,0.230821533203125,-0.155029296875
26.3203125,0.7288418724423357,0.23091094970703124,-0.014892578125
26.3359375,0.7288073585146949,0.2314324951171875,0.06854248046875
26.3515625,0.7287939162481406,0.23155181884765624,0.20867919921875
26.3671875,0.7289079938616071,0.23162628173828126,0.14306640625
26.3828125,0.7288625807989211,0.23146240234375,0.11029052734375
26.3984375,0.7289290655226928,0.2320733642578125,0.38751220703125
26.4140625,0.7288549514043906,0.23098541259765626,0.074462890625
26.4296875,0.7288266136532738,0.23098541259765626,0.03277587890625
26.4453125,0.7289210728236607,0.23184997558593765,0.18780517578127842
26.4609375,0.7289348783947166,0.23137298583984375,-0.01190185546875
26.4765625,0.7288582211449033,0.23162628173828126,0.014892578125
26.4921875,0.7288625807989211,0.23165588378906235,0.005920410156221578
26.5078125,0.7288015456426711,0.23114959716796876,-0.06256103515625
26.5234375,0.7288945515950521,0.2321478271484375,0.014892578125
26.5390625,0.7289439610072544,0.23237121582031237,0.2771606445312216
26.5546875,0.7289145333426332,0.232117919921875,0.22650146484375
26.5703125,0.7287615821475074,0.2324160766601561,0.11322021484369316
26.5859375,0.7288680303664428,0.23226715087890626,0.1788330078125
26.6015625,0.7288182576497396,0.2320733642578125,0.08941650390625
26.6171875,0.7289094470796131,0.2324755859375,0.16394042968752842
26.6328125,0.7288218906947544,0.23204376220703124,0.1788330078125
26.6484375,0.7288545880998883,0.2324908447265625,0.068603515625
26.6640625,0.7288614908854166,0.23237121582031237,0.0
26.6796875,0.7288818359375,0.23275909423828126,0.12823486328125
26.6953125,0.7288117181687128,0.2328631591796875,0.08941650390627842
26.7109375,0.7288495018368676,0.2330419921875,0.15496826171875
26.7265625,0.7288455054873512,0.2325204467773439,0.08941650390627842
26.7421875,0.7288444155738467,0.23277374267578124,0.05963134765625
26.7578125,0.728830246698288,0.2328631591796875,0.16387939453125
26.7734375,0.7287735711960572,0.23262481689453124,0.02679443359375
26.7890625,0.7287950061616444,0.23260986328125,0.04772949218752842
26.8046875,0.7288022722516742,0.23250549316406235,-0.05072021484377842
26.8203125,0.7288444155738467,0.232550048828125,-0.0626220703125
26.8359375,0.7288811093284977,0.23289306640625,-0.02978515625
26.8515625,0.7288680303664428,0.232117919921875,-0.08050537109377842
26.8671875,0.7288197108677456,0.2323565673828125,-0.08343505859375
26.8828125,0.7288596743629092,0.232744140625,-0.0238037109375
26.8984375,0.7288698468889508,0.232550048828125,-0.01495361328125
26.9140625,0.7287539527529762,0.2327142333984375,0.0208740234375
26.9296875,0.7288255237397694,0.23250549316406235,0.0
26.9453125,0.7288618541899181,0.2327142333984375,0.0328369140625
26.9609375,0.7287822905040929,0.232744140625,-0.02978515625
26.9765625,0.7288553147088914,0.23269927978515612,0.11627197265622158
26.9921875,0.7287488664899546,0.23275909423828126,0.08050537109375
27.0078125,0.7288262503487724,0.2328036499023439,0.011901855468778422
27.0234375,0.7288200741722477,0.2328485107421875,0.0596923828125
27.0390625,0.7287735711960572,0.23287811279296874,0.03277587890625
27.0546875,0.728806631905692,0.2333251953125,0.16394042968752842
27.0703125,0.7287666684105283,0.23317596435546875,0.09234619140625
27.0859375,0.7287648518880215,0.23317596435546875,0.08636474609375
27.1015625,0.7288771129789806,0.23262481689453124,-0.014892578124971578
27.1171875,0.7288636707124263,0.2330419921875,0.05657958984375
27.1328125,0.7287913731166294,0.2333251953125,0.10430908203122158
27.1484375,0.7287735711960572,0.23331024169921874,0.09234619140625
27.1640625,0.7288792928059896,0.23317596435546875,0.0595703125
27.1796875,0.7288189842587426,0.23350402832031236,0.03576660156247158
27.1953125,0.7288128080822166,0.23259490966796875,-0.1162109375
27.2109375,0.7287368774414062,0.23295257568359376,-0.044677734375
27.2265625,0.7288553147088914,0.23295257568359376,0.0655517578125
27.2421875,0.7287604922340023,0.23323577880859375,0.03875732421875
27.2578125,0.7287470499674479,0.23322082519531237,-0.02087402343752842
27.2734375,0.7287652151925224,0.23329559326171875,-0.0029296875
27.2890625,0.7287663051060261,0.2331314086914064,-0.008911132812471578
27.3046875,0.7288284301757812,0.2335638427734375,0.011962890625028422
27.3203125,0.7286907377697166,0.23371246337890625,0.2235107421875
27.3359375,0.7288128080822166,0.23329559326171875,0.068603515625
27.3515625,0.7287699381510416,0.2333697509765625,0.08343505859375
27.3671875,0.728745596749442,0.23322082519531237,-0.0029907226562784217
27.3828125,0.7287979125976562,0.23322082519531237,0.0
27.3984375,0.7287470499674479,0.2330865478515625,-0.04180908203125
27.4140625,0.7287230718703497,0.233399658203125,0.05364990234372158
27.4296875,0.7287681216285342,0.2336978149414064,0.02679443359377842
27.4453125,0.7287546793619785,0.2336978149414064,-0.0029296874999715783
27.4609375,0.728714352562314,0.233399658203125,0.02081298828125
27.4765625,0.7286881946382069,0.233399658203125,0.0059814453125
27.4921875,0.7287931896391369,0.2338018798828125,0.11621093750002842
27.5078125,0.7286551339285714,0.233623046875,0.08044433593752842
27.5234375,0.7287895565941214,0.233966064453125,0.1759033203125
27.5390625,0.7287049066452753,0.2336978149414064,0.05963134765627842
27.5546875,0.7287906465076265,0.23384674072265624,0.02978515624997158
27.5703125,0.7287386939639143,0.2346514892578125,0.19073486328122158
27.5859375,0.728834969656808,0.23401092529296874,0.12225341796875
27.6015625,0.728759765625,0.23375732421875,0.071533203125
27.6171875,0.7286754789806548,0.23404052734375,0.0477294921875
27.6328125,0.7287383306594122,0.23359344482421876,-0.00592041015625
27.6484375,0.7288509550548735,0.233966064453125,0.0
27.6640625,0.7286391485305059,0.2342938232421875,0.11920166015622158
27.6796875,0.7288549514043906,0.233623046875,-0.04473876953125
27.6953125,0.728811354864212,0.23374267578125,-0.1817626953125
27.7109375,0.7287768409365699,0.233966064453125,-0.00897216796875
27.7265625,0.7288168044317336,0.23371246337890625,-0.00897216796875
27.7421875,0.7287368774414062,0.23418975830078126,0.02984619140625
27.7578125,0.7289693923223586,0.23411499023437485,0.10430908203122158
27.7734375,0.7288335164388021,0.234263916015625,0.0595703125
27.7890625,0.728561038062686,0.234263916015625,-0.0059814453125
27.8046875,0.7293475923084071,0.234263916015625,0.128173828125
27.8203125,0.7288618541899181,0.2345474243164064,0.16094970703127842
27.8359375,0.7287899198986235,0.2345474243164064,0.11627197265627842
27.8515625,0.7285141717819941,0.2342938232421875,0.11627197265625
27.8671875,0.7281842912946429,0.23411499023437485,-0.014953613281278422
27.8828125,0.7287830171130952,0.23472625732421876,0.12225341796877842
27.8984375,0.7284015473865334,0.23451721191406236,0.05065917968747158
27.9140625,0.7283361525762642,0.23451721191406236,0.05065917968747158
27.9296875,0.7285065423874628,0.23472625732421876,0.09246826171875
27.9453125,0.7293116251627604,0.2345770263671875,0.005920410156221578
27.9609375,0.7284026373000372,0.2345474243164064,0.0
27.9765625,0.7281301589239211,0.234696044921875,0.0804443359375
27.9921875,0.7292491367885044,0.2346514892578125,0.10729980468752842
28.0078125,0.7296004522414428,0.23499450683593764,0.05364990234377842
28.0234375,0.7293450491768974,0.23532196044921874,0.16094970703127842
28.0390625,0.7299299694242931,0.23526275634765625,0.14910888671877842
28.0546875,0.7296825590587798,0.2350689697265625,0.06854248046875
28.0703125,0.7299989972795758,0.23544158935546874,0.17291259765625
28.0859375,0.7285690307617188,0.23559020996093763,0.20855712890625
28.1015625,0.7288792928059896,0.23520294189453125,0.10137939453125
28.1171875,0.7288731166294643,0.23545623779296876,0.16094970703125
28.1328125,0.7298667544410342,0.2350689697265625,0.014892578124971578
28.1484375,0.7291285196940104,0.23563507080078125,0.0626220703125
28.1640625,0.7293443225678944,0.23632080078125,0.21160888671875
28.1796875,0.7291306995210194,0.23608215332031235,0.20263671874997158
28.1953125,0.7290794735863095,0.235396728515625,-0.00897216796875
28.2109375,0.7297937302362358,0.23587341308593765,0.056640625
28.2265625,0.7286849248976928,0.23608215332031235,0.17584228515622158
28.2421875,0.7298631213960194,0.23605224609375,0.11920166015625
28.2578125,0.7302936372302834,0.23608215332031235,0.20263671874997158
28.2734375,0.7291445050920758,0.23636535644531237,0.14605712890622158
28.2890625,0.7296502249581474,0.2367974853515625,0.0953369140625
28.3046875,0.7292614891415551,0.23608215332031235,0.0
28.3203125,0.7300476800827753,0.236767578125,0.274169921875
28.3359375,0.7299139840262276,0.236260986328125,0.07751464843747158
28.3515625,0.7296880086263021,0.2367974853515625,0.14306640625002842
28.3671875,0.7304215204148072,0.237333984375,0.25634765625
28.3828125,0.7302929106212798,0.2373638916015625,0.2563476562500284
28.3984375,0.7299699329194569,0.23706573486328125,0.14007568359377842
28.4140625,0.7305345081147694,0.236767578125,-0.0059814453125
28.4296875,0.7300088065011168,0.23669342041015612,0.12225341796875
28.4453125,0.73009018670945,0.2369464111328125,0.0357666015625
28.4609375,0.7304062616257441,0.2372891235351561,0.20562744140622158
28.4765625,0.7308829171316964,0.2367974853515625,0.0
28.4921875,0.7307226998465401,0.23688690185546876,-0.08941650390625
28.5078125,0.7299808320545015,0.2371102905273439,-0.05072021484372158
28.5234375,0.7288647606259301,0.2371102905273439,0.008911132812528422
28.5390625,0.729966299874442,0.23718505859375,0.08349609375
28.5546875,0.7297283354259666,0.23742340087890626,0.14599609375002842
28.5703125,0.7304680233909977,0.236842041015625,-0.0208740234375
28.5859375,0.7291757492792039,0.23718505859375,-0.02081298828122158
28.6015625,0.7299459548223586,0.2373193359375,0.1043701171875
28.6171875,0.7300204322451643,0.23724456787109374,0.071533203125
28.6328125,0.7300229753766742,0.237333984375,0.04473876953122158
28.6484375,0.730147225516183,0.237840576171875,0.14605712890622158
28.6640625,0.7304280598958334,0.2373040771484375,0.0238037109375
28.6796875,0.7299554007393974,0.2373040771484375,-0.02386474609375
28.6953125,0.7295459565662202,0.23758758544921876,0.14910888671875
28.7109375,0.7303583054315477,0.23794525146484374,0.15203857421875
28.7265625,0.7298169817243311,0.23794525146484374,0.12518310546875
28.7421875,0.7296825590587798,0.23794525146484374,0.14013671875
28.7578125,0.7298496791294643,0.2373040771484375,-0.0059814453125
28.7734375,0.7299118041992188,0.23806427001953126,0.04473876953125
28.7890625,0.7303009033203118,0.23794525146484374,0.12823486328125
28.8046875,0.7301217942010789,0.23806427001953126,0.15203857421875
28.8203125,0.7297138032459071,0.23737854003906236,-0.04180908203127842
28.8359375,0.730086916968936,0.23806427001953126,0.0238037109375
28.8515625,0.7297138032459071,0.23822814941406237,0.05657958984372158
28.8671875,0.7294478643508191,0.23806427001953126,0.0238037109375
28.8828125,0.7294089907691592,0.23830291748046875,0.19976806640625
28.8984375,0.7292204357328869,0.2382431030273439,0.03576660156252842
28.9140625,0.7296335129510789,0.23810913085937485,0.03277587890622158
28.9296875,0.7296309698195691,0.23806427001953126,0.0
28.9453125,0.7296302432105655,0.23806427001953126,0.13714599609377842
28.9609375,0.7298151652018229,0.23794525146484374,-0.0238037109375
28.9765625,0.7297334216889881,0.23806427001953126,-0.03277587890622158
28.9921875,0.7297861008417039,0.2382431030273439,0.03576660156252842
29.0078125,0.7299088977632069,0.23852630615234388,0.04467773437502842
29.0234375,0.7296415056501117,0.23863037109375,0.07745361328122158
29.0390625,0.7299001784551711,0.238555908203125,0.08935546875002842
29.0546875,0.7293014526367188,0.23845153808593764,0.07745361328127842
29.0703125,0.7295604887462798,0.23837707519531237,0.06256103515622158
29.0859375,0.7292800176711309,0.23870513916015612,0.15197753906247158
29.1015625,0.7290387834821429,0.23837707519531237,0.06256103515622158
29.1171875,0.7291899181547619,0.23870513916015612,0.09240722656244316
29.1328125,0.7289152599516369,0.2387646484375,0.04766845703122158
29.1484375,0.7291121709914428,0.23866058349609376,0.00604248046875
29.1640625,0.7290594918387276,0.23930114746093764,0.14904785156252842
29.1796875,0.7292404174804688,0.238690185546875,0.04772949218747158
29.1953125,0.729140145438058,0.2390478515625,0.13415527343752842
29.2109375,0.7290736607142857,0.2391522216796875,0.08941650390627842
29.2265625,0.7291474115280878,0.238973388671875,0.11926269531252842
29.2421875,0.7291699364071801,0.23877960205078125,0.014892578125028422
29.2578125,0.7290656680152523,0.23906280517578124,0.05963134765625
29.2734375,0.729109627859933,0.23906280517578124,0.0804443359375
29.2890625,0.729109627859933,0.2390478515625,-0.05065917968752842
29.3046875,0.7290587652297247,0.23863037109375,-0.011962890625
29.3203125,0.7290227980840773,0.23877960205078125,-0.05364990234375
29.3359375,0.7290257045200893,0.23870513916015612,-0.08941650390627842
29.3515625,0.7290387834821429,0.238555908203125,-0.08349609375
29.3671875,0.72900390625,0.23873474121093763,-0.008972167968721578
29.3828125,0.728988284156436,0.23837707519531237,-0.13714599609377842
29.3984375,0.7290191650390618,0.23863037109375,-0.08648681640625
29.4140625,0.7290046328590023,0.23860076904296876,-0.08941650390625
29.4296875,0.7289316086542039,0.2384219360351561,-0.04168701171877842
29.4453125,0.7290925525483631,0.23812408447265626,-0.131103515625
29.4609375,0.7289788382393974,0.238690185546875,-0.0029907226562215783
29.4765625,0.728933425176712,0.23852630615234388,-0.005920410156221578
29.4921875,0.7289741152808786,0.23867523193359375,-0.011901855468778422
29.5078125,0.728994460332962,0.23852630615234388,0.029846191406306843
29.5234375,0.7289308820452008,0.23898803710937486,0.07153320312497158
29.5390625,0.7290289742606026,0.23806427001953126,-0.1072998046875
29.5546875,0.7290137154715401,0.23806427001953126,-0.07153320312497158
29.5703125,0.7289232526506689,0.23837707519531237,0.05059814453122158
29.5859375,0.7289574032738095,0.2387646484375,0.014892578125
29.6015625,0.7290253412155878,0.23803466796875,-0.09832763671877842
29.6171875,0.7289773850213914,0.2384219360351561,-0.05065917968752842
29.6328125,0.7290376935686383,0.23806427001953126,-0.09240722656252842
29.6484375,0.7289664858863467,0.2378704833984375,-0.22351074218747158
29.6640625,0.7289632161458334,0.2382431030273439,0.03576660156252842
29.6796875,0.7289697556268594,0.2382431030273439,0.03576660156252842
29.6953125,0.728926522391183,0.23818328857421875,-0.03875732421872158
29.7109375,0.7290158952985492,0.23758758544921876,-0.23541259765625
29.7265625,0.7289879208519345,0.23776641845703125,-0.05364990234375
29.7421875,0.7290307907831094,0.23764678955078125,-0.15502929687497158
29.7578125,0.7290293375651048,0.23803466796875,-0.00592041015625
29.7734375,0.7289773850213914,0.23831756591796874,0.08941650390625
29.7890625,0.7289632161458334,0.23794525146484374,-0.05957031250002842
29.8046875,0.7289646693638393,0.23806427001953126,-0.03576660156252842
29.8203125,0.7289515904017857,0.23758758544921876,-0.119140625
29.8359375,0.7289443243117559,0.23794525146484374,0.071533203125
29.8515625,0.7289940970284599,0.23810913085937485,0.06854248046872158
29.8671875,0.7290725708007812,0.23810913085937485,0.09246826171872158
29.8828125,0.728989737374442,0.237840576171875,-0.038818359375
29.8984375,0.7290464128766742,0.23794525146484374,-0.074462890625
29.9140625,0.7288814726329985,0.23794525146484374,0.0
29.9296875,0.7289940970284599,0.23781097412109375,-0.0506591796875
29.9453125,0.7289628528413319,0.23776641845703125,0.0357666015625
29.9609375,0.7290413266136533,0.23718505859375,-0.15203857421875
29.9765625,0.7289777483258929,0.237677001953125,-0.08642578124997158
29.9921875,0.7289098103841146,0.2371405029296875,-0.19372558593747158
30.0078125,0.7290787469773072,0.2371405029296875,-0.1400146484375
30.0234375,0.7289810180664062,0.2370208740234375,-0.18487548828125
30.0390625,0.7289675757998512,0.23719970703125,-0.14910888671875
30.0546875,0.7290395100911452,0.23718505859375,-0.12518310546875
30.0703125,0.7289813813709071,0.2370208740234375,-0.14910888671875
30.0859375,0.7289966401599702,0.237557373046875,0.074462890625
30.1015625,0.728987557547433,0.2377362060546875,0.0118408203125
30.1171875,0.7289792015438988,0.2371102905273439,-0.006042480468721578
30.1328125,0.7289116269066214,0.23724456787109374,0.02081298828125
30.1484375,0.7290227980840773,0.2367974853515625,-0.044677734375
30.1640625,0.7289494105747761,0.2371102905273439,-0.01788330078122158
30.1796875,0.7289908272879464,0.23766174316406236,0.09533691406247158
30.1953125,0.7289599464053199,0.237333984375,0.0626220703125
30.2109375,0.7289726620628714,0.2370806884765625,-0.0953369140625
30.2265625,0.7289690290178571,0.23717010498046875,-0.11322021484375
30.2421875,0.7289672124953497,0.23691680908203125,-0.03869628906252842
30.2578125,0.7289479573567715,0.237393798828125,0.02984619140625
30.2734375,0.7290173485165551,0.2370806884765625,0.056640625
30.2890625,0.7289690290178571,0.23664855957031236,-0.09234619140630684
30.3046875,0.7290057227725074,0.2369464111328125,-0.14306640624997158
30.3203125,0.7289483206612724,0.2367974853515625,-0.1072998046875
30.3359375,0.7289748418898809,0.23661865234375,-0.0924072265625
30.3515625,0.7289432343982515,0.2367974853515625,-0.07452392578125
30.3671875,0.7289312453497023,0.236842041015625,-0.01495361328125
30.3828125,0.7289323352632069,0.236842041015625,-0.1103515625
30.3984375,0.7288382393973214,0.23664855957031236,-0.08642578125002842
30.4140625,0.7289363316127239,0.23724456787109374,0.11920166015627842
30.4296875,0.7289646693638393,0.23672302246093765,-0.04467773437497158
30.4453125,0.7289741152808786,0.23706573486328125,0.05364990234375
30.4609375,0.7288702101934523,0.2372891235351561,0.13409423828122158
30.4765625,0.7289214361281622,0.23699127197265624,0.03875732421875
30.4921875,0.7289058140345975,0.23721496582031235,0.07458496093747158
30.5078125,0.7289094470796131,0.23721496582031235,0.07458496093747158
30.5234375,0.7289817446754092,0.23719970703125,0.11022949218752842
30.5390625,0.7289922805059523,0.23721496582031235,-0.005920410156278422
30.5546875,0.7289381481352306,0.23742340087890626,0.14007568359372158
30.5703125,0.7289414178757441,0.23718505859375,0.02386474609375
30.5859375,0.7289377848307285,0.236842041015625,-0.08941650390622158
30.6015625,0.7289323352632069,0.2370806884765625,0.01788330078125
30.6171875,0.7289795648484003,0.23697631835937485,-0.0477294921875
30.6328125,0.7289058140345975,0.237333984375,0.02380371093752842
30.6484375,0.7289217994326643,0.23693145751953126,-0.05364990234375
30.6640625,0.7288614908854166,0.237333984375,0.02380371093752842
30.6796875,0.7289839245024181,0.23748291015625,0.01190185546875
30.6953125,0.7289141700381324,0.23754272460937487,0.07153320312497158
30.7109375,0.7289366949172247,0.2369464111328125,0.0208740234375
30.7265625,0.72889418829055,0.2370806884765625,0.0
30.7421875,0.7288963681175595,0.2370208740234375,0.008911132812528422
30.7578125,0.7289497738792783,0.23636535644531237,-0.19372558593752842
30.7734375,0.7289065406436012,0.23661865234375,-0.06256103515625
30.7890625,0.7289432343982515,0.23672302246093765,-0.12219238281247158
30.8046875,0.7289672124953497,0.237333984375,-0.02978515625
30.8203125,0.7289544968377977,0.2372891235351561,-0.05072021484375
30.8359375,0.7289541335332961,0.2370806884765625,0.02685546875
30.8515625,0.7289508637927834,0.23661865234375,-0.0924072265625
30.8671875,0.7288745698474702,0.23727447509765626,0.05072021484375
30.8828125,0.7289392380487358,0.23672302246093765,0.07153320312505684
30.8984375,0.7288760230654762,0.23673797607421876,0.02386474609375
30.9140625,0.7290031796409977,0.23691680908203125,0.03875732421872158
30.9296875,0.7287848336356026,0.23717010498046875,-0.03277587890625
30.9453125,0.7289672124953497,0.2376171875,0.06561279296877842
30.9609375,0.7289050874255952,0.23717010498046875,0.01788330078125
30.9765625,0.7288978213355655,0.23748291015625,0.1728515625
30.9921875,0.7289966401599702,0.2373040771484375,0.00592041015625
31.0078125,0.7289396013532367,0.23748291015625,0.15197753906247158
31.0234375,0.7288633074079242,0.2372891235351561,0.11022949218747158
31.0390625,0.7289465041387642,0.2370806884765625,0.03277587890625
31.0546875,0.7289076305571056,0.23699127197265624,-0.0357666015625
31.0703125,0.7289417811802456,0.23688690185546876,-0.14605712890625
31.0859375,0.7289148966471354,0.2372891235351561,0.02380371093747158
31.1015625,0.7289283389136905,0.237333984375,-0.02978515625
31.1171875,0.7290013631184896,0.2371405029296875,-0.03271484375
31.1328125,0.7289515904017857,0.2370208740234375,-0.0924072265625
31.1484375,0.728866213843936,0.23742340087890626,0.02685546875002842
31.1640625,0.728865487234933,0.2371102905273439,0.005920410156278422
31.1796875,0.7289363316127239,0.23748291015625,0.09832763671875
31.1953125,0.7289141700381324,0.23740875244140638,0.10437011718752842
31.2109375,0.7288582211449033,0.23740875244140638,0.023925781250056843
31.2265625,0.7288949148995536,0.2372891235351561,-0.008972167968778422
31.2421875,0.7288996378580729,0.23770660400390625,0.11322021484375
31.2578125,0.7290227980840773,0.23760223388671875,0.11627197265625
31.2734375,0.7289443243117559,0.23752777099609376,0.0208740234375
31.2890625,0.72894287109375,0.23718505859375,0.014953613281221578
31.3046875,0.7289701189313617,0.237840576171875,0.071533203125
31.3203125,0.7289483206612724,0.23725952148437485,-0.029846191406306843
31.3359375,0.7289824712844122,0.23706573486328125,-0.06860351562502842
31.3515625,0.7289174397786452,0.2373193359375,0.006042480468778422
31.3671875,0.7289148966471354,0.23693145751953126,-0.155029296875
31.3828125,0.7289374215262276,0.2370806884765625,-0.10430908203125
31.3984375,0.7288604009719122,0.2370806884765625,-0.08941650390625
31.4140625,0.7288604009719122,0.23758758544921876,0.08050537109375
31.4296875,0.7288901919410342,0.23718505859375,-0.131103515625
31.4453125,0.7289308820452008,0.23758758544921876,0.06561279296877842
31.4609375,0.7288978213355655,0.2373040771484375,0.04766845703125
31.4765625,0.7288963681175595,0.2372891235351561,-0.006042480468778422
31.4921875,0.7289392380487358,0.2378704833984375,0.18780517578125
31.5078125,0.7289483206612724,0.2372891235351561,0.04168701171872158
31.5234375,0.7288564046223952,0.23752777099609376,0.08941650390625
31.5390625,0.7289759318033854,0.2373040771484375,-0.05670166015625
31.5546875,0.7288858322870164,0.23718505859375,0.0
31.5703125,0.7288763863699776,0.23718505859375,-0.08050537109375
31.5859375,0.7289308820452008,0.23718505859375,-0.0238037109375
31.6015625,0.7289090837751117,0.23776641845703125,0.09545898437502842
31.6171875,0.7289468674432664,0.23831756591796874,0.08941650390625
31.6328125,0.7289018176850819,0.23818328857421875,0.17883300781252842
31.6484375,0.7288927350725454,0.2378704833984375,0.06854248046875
31.6640625,0.7289483206612724,0.23806427001953126,0.15203857421875
31.6796875,0.7289559500558036,0.23776641845703125,0.11627197265625
31.6953125,0.7288095383417039,0.23794525146484374,0.15203857421875
31.7109375,0.7289759318033854,0.23794525146484374,0.15203857421875
31.7265625,0.7289065406436012,0.23806427001953126,0.0595703125
31.7421875,0.7289119902111235,0.238258056640625,-0.01190185546875
31.7578125,0.728926522391183,0.23806427001953126,-0.0238037109375
31.7734375,0.7288433256603429,0.23806427001953126,0.03875732421875
31.7890625,0.7288433256603429,0.23794525146484374,-0.0238037109375
31.8046875,0.7289101736886168,0.23794525146484374,0.0357666015625
31.8203125,0.7289323352632069,0.23794525146484374,0.0
31.8359375,0.7288814726329985,0.23749816894531237,-0.08941650390627842
31.8515625,0.7289465041387642,0.23830291748046875,0.0477294921875
31.8671875,0.7288614908854166,0.23867523193359375,0.08343505859375
31.8828125,0.7289613996233258,0.23845153808593764,0.07745361328127842
31.8984375,0.7288785661969867,0.23871978759765625,0.131103515625
31.9140625,0.7288538614908854,0.23851135253906236,0.11322021484372158
31.9296875,0.728959219796317,0.23845153808593764,0.10125732421877842
31.9453125,0.7289581298828118,0.23867523193359375,0.14599609375
31.9609375,0.7290231613885789,0.23831756591796874,0.16387939453127842
31.9765625,0.7288476853143594,0.23863037109375,0.06549072265625
31.9921875,0.7288778395879836,0.23867523193359375,0.0
32.0078125,0.7289000011625737,0.23831756591796874,-0.02679443359377842
32.0234375,0.7288476853143594,0.23831756591796874,-0.0804443359375
32.0390625,0.7289381481352306,0.23831756591796874,-0.03875732421872158
32.0546875,0.7289559500558036,0.23831756591796874,-0.02679443359377842
32.0703125,0.7289018176850819,0.238272705078125,-0.08050537109375
32.0859375,0.7289366949172247,0.23866058349609376,0.068603515625
32.1015625,0.7289432343982515,0.23870513916015612,0.014953613281221578
32.1171875,0.7289766584123883,0.2381387329101561,-0.10729980468752842
32.1328125,0.7288916451590401,0.23867523193359375,0.071533203125
32.1484375,0.7289613996233258,0.238824462890625,0.10137939453125
32.1640625,0.7288847423735119,0.23888397216796875,0.11328125
32.1796875,0.7290089925130215,0.23867523193359375,0.071533203125
32.1953125,0.7289613996233258,0.23903289794921875,0.15203857421875
32.2109375,0.7289243425641742,0.2381982421875,-0.09246826171875
32.2265625,0.7289109002976191,0.23852630615234388,-0.03576660156244316
32.2421875,0.7289159865606406,0.23870513916015612,0.11328125
32.2578125,0.7288604009719122,0.23866058349609376,-0.0029296875
32.2734375,0.7289000011625737,0.23852630615234388,-0.05963134765622158
32.2890625,0.7288509550548735,0.23837707519531237,-0.10137939453127842
32.3046875,0.728896004813058,0.23898803710937486,0.06256103515622158
32.3203125,0.7289672124953497,0.238824462890625,-0.04168701171875
32.3359375,0.7289461408342633,0.238555908203125,0.071533203125
32.3515625,0.7289199829101562,0.23877960205078125,0.05065917968747158
32.3671875,0.7289639427548357,0.23870513916015612,0.0
32.3828125,0.7289443243117559,0.2394500732421875,0.15789794921875
32.3984375,0.7289563133603051,0.23867523193359375,0.02978515624997158
32.4140625,0.7289181663876488,0.23867523193359375,0.05963134765627842
32.4296875,0.7288785661969867,0.23852630615234388,-0.09234619140619316
32.4453125,0.7288836524600074,0.238824462890625,0.0
32.4609375,0.7289210728236607,0.23889862060546874,0.06854248046875
32.4765625,0.7287623087565104,0.23888397216796875,0.0208740234375
32.4921875,0.7288604009719122,0.23906280517578124,0.07153320312502842
32.5078125,0.7290558587937128,0.23837707519531237,-0.21459960937502842
32.5234375,0.7289032709030878,0.23888397216796875,0.041748046875
32.5390625,0.7292335146949405,0.23891357421875,0.04766845703125
32.5546875,0.7291074480329242,0.23877960205078125,0.05065917968747158
32.5703125,0.7288149879092262,0.2388092041015625,-0.0030517578125
32.5859375,0.7288803827194941,0.2391522216796875,0.05072021484375
32.6015625,0.7289159865606406,0.23906280517578124,0.0357666015625
32.6171875,0.7290736607142857,0.23866058349609376,-0.0804443359375
32.6328125,0.7288749331519717,0.23852630615234388,0.029846191406306843
32.6484375,0.7289127168201265,0.23906280517578124,0.0357666015625
32.6640625,0.7287615821475074,0.2391522216796875,0.0477294921875
32.6796875,0.7287815638950893,0.2389288330078125,0.02984619140625
32.6953125,0.7289657592773438,0.23895843505859374,0.02984619140625
32.7109375,0.7293875558035714,0.23903289794921875,-0.02386474609375
32.7265625,0.7291455950055811,0.23870513916015612,-0.07153320312502842
32.7421875,0.7291219802129836,0.2390478515625,0.07745361328125
32.7578125,0.7289828345889143,0.23922668457031235,0.14007568359369316
32.7734375,0.7288731166294643,0.2388092041015625,-0.05072021484375
32.7890625,0.7292320614769345,0.23866058349609376,-0.09832763671875
32.8046875,0.7291245233444941,0.23888397216796875,-0.00897216796875
32.8203125,0.7286718459356406,0.238824462890625,-0.02679443359375
32.8359375,0.7289643060593378,0.238690185546875,-0.06854248046875
32.8515625,0.7288211640857515,0.23895843505859374,0.05065917968752842
32.8671875,0.7290504092261905,0.23895843505859374,-0.01788330078125
32.8828125,0.7287633986700142,0.23927124023437485,0.0089111328125
32.8984375,0.7291205269949776,0.2382431030273439,-0.11322021484372158
32.9140625,0.728806631905692,0.23889862060546874,0.047607421875
32.9296875,0.7291070847284227,0.23870513916015612,-0.03576660156252842
32.9453125,0.7290820167178199,0.23834747314453125,-0.09539794921875
32.9609375,0.7290111723400298,0.23806427001953126,-0.12518310546875
32.9765625,0.729111807686942,0.2382431030273439,-0.14306640624997158
32.9921875,0.7292346046084449,0.23794525146484374,-0.20263671875
33.0078125,0.729262215750558,0.23749816894531237,-0.3546142578125
33.0234375,0.7293526785714286,0.23806427001953126,-0.03576660156252842
33.0390625,0.7294631231398809,0.2382879638671875,-0.12213134765625
33.0546875,0.7289159865606406,0.23830291748046875,-0.08044433593747158
33.0703125,0.7289159865606406,0.23749816894531237,-0.16986083984377842
33.0859375,0.7290623982747396,0.2373040771484375,-0.15203857421875
33.1015625,0.7290522257486979,0.23721496582031235,-0.20562744140630684
33.1171875,0.7287790207635789,0.237125244140625,-0.16400146484375
33.1328125,0.7289261590866809,0.2371102905273439,-0.07757568359369316
33.1484375,0.7288898286365334,0.23724456787109374,-0.1639404296875
33.1640625,0.7292763846261168,0.23727447509765626,-0.20269775390625
33.1796875,0.7288702101934523,0.236767578125,-0.30706787109375
33.1953125,0.7290656680152523,0.236842041015625,-0.13122558593747158
33.2109375,0.7292734781901048,0.23661865234375,-0.1370849609375
33.2265625,0.7291067214239211,0.23672302246093765,-0.09838867187494316
33.2421875,0.7289014543805811,0.23678283691406235,-0.06848144531252842
33.2578125,0.7290369669596354,0.23652923583984375,-0.11621093750002842
33.2734375,0.7293043590727306,0.2366632080078125,-0.11627197265625
33.2890625,0.7289908272879464,0.23661865234375,-0.13116455078125
33.3046875,0.7289904639834449,0.23688690185546876,0.02386474609375
33.3203125,0.7290380568731406,0.23691680908203125,0.01495361328125
33.3359375,0.7290747506277901,0.236767578125,0.02978515625
33.3515625,0.7291637602306548,0.236260986328125,-0.09240722656252842
33.3671875,0.7290573120117188,0.23661865234375,-0.03283691406247158
33.3828125,0.7289610363188237,0.23605224609375,-0.09539794921875
33.3984375,0.7289377848307285,0.23621612548828125,-0.08941650390625
33.4140625,0.7292989095052084,0.2359478759765625,-0.1341552734375
33.4296875,0.729095458984375,0.2361419677734375,-0.14898681640625
33.4453125,0.7289824712844122,0.2359478759765625,-0.19378662109375
33.4609375,0.7290809268043155,0.235694580078125,-0.214599609375
33.4765625,0.7287546793619785,0.2355755615234375,-0.1370849609375
33.4921875,0.7289047241210938,0.23530731201171876,-0.26226806640625
33.5078125,0.7291866484142485,0.23544158935546874,-0.12213134765625
33.5234375,0.7292215256463914,0.2353369140625,-0.17584228515625
33.5390625,0.7290678478422619,0.2350689697265625,-0.17578125
33.5546875,0.7289650326683408,0.235113525390625,-0.2056884765625
33.5703125,0.7291724795386905,0.234830322265625,-0.2235107421875
33.5859375,0.7290049961635044,0.2345474243164064,-0.22943115234372158
33.6015625,0.7292796543666294,0.23494964599609375,-0.12518310546875
33.6171875,0.7292567661830357,0.2350390625,-0.05364990234375
33.6328125,0.7291899181547619,0.2345474243164064,-0.17883300781247158
33.6484375,0.7292502267020096,0.234263916015625,-0.214599609375
33.6640625,0.7290322440011168,0.23447265625,-0.1192626953125
33.6796875,0.728926522391183,0.234263916015625,-0.169921875
33.6953125,0.7287819271995908,0.234263916015625,-0.11328125
33.7109375,0.728745596749442,0.23472625732421876,0.03576660156247158
33.7265625,0.7289595831008191,0.23432373046875,-0.12518310546875
33.7421875,0.7288734799339658,0.2342938232421875,-0.1490478515625
33.7578125,0.7288625807989211,0.2338018798828125,-0.14910888671877842
33.7734375,0.7290609450567336,0.2336978149414064,-0.11322021484372158
33.7890625,0.7289795648484003,0.2338018798828125,-0.1341552734375
33.8046875,0.7288033621651786,0.23322082519531237,-0.20861816406252842
33.8203125,0.7289352416992188,0.233623046875,-0.128173828125
33.8359375,0.7290758405412954,0.2333697509765625,-0.27130126953125
33.8515625,0.729416256859189,0.233385009765625,-0.187744140625
33.8671875,0.7290794735863095,0.23290771484375,-0.2772216796875
33.8828125,0.7291372390020461,0.232744140625,-0.2115478515625
33.8984375,0.7291343325660342,0.232744140625,-0.19073486328127842
33.9140625,0.7292869204566592,0.23265441894531236,-0.22949218750002842
33.9296875,0.7290573120117188,0.2325204467773439,-0.14007568359369316
33.9453125,0.7289236159551711,0.232833251953125,-0.157958984375
33.9609375,0.7290271577380952,0.2328631591796875,-0.101318359375
33.9765625,0.7289076305571056,0.23237121582031237,-0.20275878906252842
33.9921875,0.7291790190197166,0.23258026123046874,-0.06549072265625
34.0078125,0.7294725690569189,0.23307189941406237,0.06555175781247158
34.0234375,0.7291390555245536,0.23275909423828126,0.00299072265625
34.0390625,0.728790283203125,0.23237121582031237,-0.056640625
34.0546875,0.7289214361281622,0.23269927978515612,0.03576660156244316
34.0703125,0.7289559500558036,0.2324908447265625,-0.0684814453125
34.0859375,0.7291739327566964,0.2324160766601561,-0.08941650390627842
34.1015625,0.7291288829985119,0.2324160766601561,0.00897216796875
34.1171875,0.7289225260416666,0.23180511474609375,-0.155029296875
34.1328125,0.7289526803152901,0.231834716796875,-0.24743652343747158
34.1484375,0.7287641252790179,0.23190948486328125,-0.169921875
34.1640625,0.728957766578311,0.2321478271484375,-0.04467773437497158
34.1796875,0.7289617629278273,0.2312237548828125,-0.2951049804687216
34.1953125,0.7291092645554309,0.2312237548828125,-0.25341796875
34.2109375,0.7291092645554309,0.23162628173828126,-0.15795898437497158
34.2265625,0.7289094470796131,0.231611328125,-0.16094970703122158
34.2421875,0.7291158040364584,0.2314324951171875,-0.07452392578125
34.2578125,0.7294322422572544,0.23144744873046874,-0.07745361328125
34.2734375,0.7289795648484003,0.2315814208984375,-0.06561279296875
34.2890625,0.7289526803152901,0.2312237548828125,-0.184814453125
34.3046875,0.7292367844354539,0.23098541259765626,-0.04766845703125
34.3203125,0.7291851951962426,0.23150726318359374,0.05670166015625
34.3359375,0.729140145438058,0.23114959716796876,-0.0953369140625
34.3515625,0.7290758405412954,0.2309707641601561,-0.12811279296877842
34.3671875,0.7290511358351928,0.23098541259765626,-0.08941650390625
34.3828125,0.7292763846261168,0.23088134765625,-0.11322021484375
34.3984375,0.7290718441917783,0.231044921875,-0.1072998046875
34.4140625,0.7291067214239211,0.23032958984375,-0.1788330078125
34.4296875,0.7289871942429309,0.23061309814453124,-0.074462890625
34.4453125,0.7292702084495908,0.231119384765625,-0.07757568359375
34.4609375,0.7291950044177834,0.23029998779296876,-0.169921875
34.4765625,0.7290547688802084,0.230821533203125,-0.02984619140622158
34.4921875,0.728994460332962,0.23088134765625,-0.02081298828125
34.5078125,0.7290391467866444,0.23088134765625,0.0
34.5234375,0.7290391467866444,0.23088134765625,-0.03271484375
34.5390625,0.7290137154715401,0.2305828857421875,0.0506591796875
34.5546875,0.7289363316127239,0.23088134765625,0.05364990234375
34.5703125,0.7290137154715401,0.23126861572265625,0.02984619140625
34.5859375,0.7290049961635044,0.2305084228515625,0.04168701171875
34.6015625,0.7290257045200893,0.2305828857421875,-0.0477294921875
34.6171875,0.7289508637927834,0.2299871826171875,-0.1788330078125
34.6328125,0.7290166219075521,0.2304638671875,-0.08349609375
34.6484375,0.7289490472702753,0.23001678466796874,-0.17291259765625
34.6640625,0.7289628528413319,0.2300018310546875,-0.1162109375
34.6796875,0.7289268856956845,0.2300616455078125,-0.1639404296875
34.6953125,0.7288916451590401,0.2299871826171875,-0.25628662109375
34.7109375,0.7288898286365334,0.230389404296875,-0.0238037109375
34.7265625,0.7288963681175595,0.22986755371093764,-0.14306640624997158
34.7421875,0.7288811093284977,0.2299871826171875,0.0
34.7578125,0.7289443243117559,0.2305084228515625,0.0089111328125
34.7734375,0.7289348783947166,0.2299871826171875,-0.00592041015625
34.7890625,0.7289555867513021,0.22971893310546876,-0.05657958984375
34.8046875,0.7289363316127239,0.2294204711914064,-0.12823486328122158
34.8203125,0.7290079025995164,0.22986755371093764,-0.02392578124997158
34.8359375,0.7288516816638765,0.2295697021484375,-0.1639404296875
34.8515625,0.728898184640067,0.22931640625,-0.11022949218752842
34.8671875,0.7289446876162574,0.2300018310546875,0.0029296875
34.8828125,0.7289995465959821,0.23001678466796874,-0.09832763671875
34.8984375,0.7288614908854166,0.229822998046875,-0.0328369140625
34.9140625,0.7289167131696429,0.22964416503906235,-0.014953613281278422
34.9296875,0.7288920084635416,0.22979309082031235,0.07452392578119316
34.9453125,0.7289962768554688,0.23013580322265625,0.05364990234372158
34.9609375,0.7288778395879836,0.22979309082031235,0.04467773437497158
34.9765625,0.7288800194149926,0.22986755371093764,0.11022949218752842
34.9921875,0.7289247058686763,0.2299423217773439,-0.011901855468721578
35.0078125,0.7288818359375,0.22986755371093764,-0.02984619140622158
35.0234375,0.7288811093284977,0.229822998046875,0.0
35.0390625,0.7289385114397321,0.23001678466796874,0.07452392578127842
35.0546875,0.7288538614908854,0.2305084228515625,0.14306640625002842
35.0703125,0.7288731166294643,0.2293463134765625,-0.15789794921875
35.0859375,0.7289014543805811,0.22995697021484374,0.03277587890627842
35.1015625,0.7288825625465023,0.2299871826171875,0.02392578124997158
35.1171875,0.7288611275809151,0.230166015625,0.04473876953122158
35.1328125,0.7288386027018229,0.22979309082031235,-0.014892578125056843
35.1484375,0.7288945515950521,0.22971893310546876,-0.02081298828125
35.1640625,0.7289148966471354,0.22995697021484374,-0.011962890625
35.1796875,0.7288825625465023,0.23004638671875,-0.0924072265625
35.1953125,0.7288545880998883,0.2305828857421875,0.247314453125
35.2109375,0.728867667061942,0.2307470703125,0.15802001953125
35.2265625,0.7289316086542039,0.2300616455078125,0.014892578125
35.2421875,0.7289643060593378,0.23031463623046874,0.02972412109375
35.2578125,0.7290042695545015,0.2300018310546875,0.04174804687502842
35.2734375,0.7288360595703118,0.230166015625,0.08941650390625
35.2890625,0.7288567679268974,0.2305828857421875,0.12518310546875
35.3046875,0.7288927350725454,0.22986755371093764,-0.03576660156247158
35.3203125,0.728896004813058,0.23003173828125,-0.1102294921875
35.3359375,0.7288545880998883,0.23003173828125,-0.14306640625
35.3515625,0.7289199829101562,0.23003173828125,-0.0059814453125
35.3671875,0.728865487234933,0.23088134765625,0.11334228515625
35.3828125,0.7289410545712426,0.23125366210937487,0.2503662109374716
35.3984375,0.7288415091378349,0.2307470703125,0.1162109375
35.4140625,0.7288084484282,0.23076171875,0.0357666015625
35.4296875,0.7289940970284599,0.23088134765625,0.20275878906247158
35.4453125,0.7289119902111235,0.2305828857421875,0.1102294921875
35.4609375,0.7288451421828497,0.2314324951171875,0.2801513671875
35.4765625,0.7289065406436012,0.2314178466796875,0.2772216796875
35.4921875,0.7288593110584071,0.23149230957031236,0.12219238281247158
35.5078125,0.7289069039481026,0.23098541259765626,-0.05364990234372158
35.5234375,0.728837149483817,0.23138763427734388,0.12811279296877842
35.5390625,0.7288436889648438,0.23076171875,0.0
35.5546875,0.7288338797433036,0.230821533203125,-0.011962890625
35.5703125,0.7288887387230283,0.2314324951171875,0.169921875
35.5859375,0.7288160778227306,0.23162628173828126,0.03875732421875
35.6015625,0.7288625807989211,0.23180511474609375,0.07745361328125
35.6171875,0.7288509550548735,0.23106018066406236,-0.08642578125
35.6328125,0.7289000011625737,0.23117919921875,0.03875732421875
35.6484375,0.7288731166294643,0.23134307861328124,-0.008911132812528422
35.6640625,0.7288502284458706,0.2321478271484375,0.2772216796875
35.6796875,0.7288382393973214,0.2320733642578125,0.2503662109375
35.6953125,0.7289167131696429,0.23184997558593765,0.08349609375002842
35.7109375,0.728866213843936,0.2316412353515625,0.00299072265625
35.7265625,0.7288803827194941,0.23117919921875,-0.12518310546875
35.7421875,0.7288771129789806,0.2315814208984375,0.10424804687502842
35.7578125,0.7288836524600074,0.231402587890625,0.044677734375
35.7734375,0.7288484119233631,0.2320733642578125,0.14605712890625
35.7890625,0.7288444155738467,0.23165588378906235,-0.09838867187502842
35.8046875,0.7288520449683786,0.231611328125,-0.0924072265625
35.8203125,0.7289236159551711,0.23269927978515612,0.16986083984369316
35.8359375,0.7288978213355655,0.2320733642578125,0.08642578125
35.8515625,0.7289243425641742,0.2322967529296875,0.2235107421875
35.8671875,0.7288476853143594,0.23180511474609375,0.04473876953125
35.8828125,0.7288651239304309,0.23153686523437486,0.02685546874997158
35.8984375,0.7288360595703118,0.23162628173828126,-0.08941650390625
35.9140625,0.7288186209542404,0.23269927978515612,0.20867919921875
35.9296875,0.7287931896391369,0.23208831787109374,0.09539794921875
35.9453125,0.7288920084635416,0.23204376220703124,-0.13110351562497158
35.9609375,0.7288545880998883,0.2320733642578125,0.0
35.9765625,0.7288880121140253,0.23226715087890626,-0.00592041015625
35.9921875,0.7289014543805811,0.232535400390625,0.14605712890625
36.0078125,0.7288335164388021,0.232117919921875,0.11621093750002842
36.0234375,0.7288269769577753,0.23226715087890626,0.128173828125
36.0390625,0.7288578578404025,0.232117919921875,-0.11627197265622158
36.0546875,0.7288553147088914,0.23269927978515612,0.12219238281247158
36.0703125,0.7288647606259301,0.23204376220703124,0.0
36.0859375,0.728898184640067,0.2321478271484375,0.014892578125
36.1015625,0.7288963681175595,0.2325204467773439,0.05065917968752842
36.1171875,0.7287535894484747,0.23269927978515612,0.03277587890622158
36.1328125,0.7288069952101928,0.232252197265625,0.02685546875
36.1484375,0.728811354864212,0.232252197265625,-0.00299072265625
36.1640625,0.7289014543805811,0.232252197265625,0.02685546875
36.1796875,0.7288945515950521,0.23269927978515612,0.0
36.1953125,0.7288578578404025,0.2321478271484375,0.02081298828125
36.2109375,0.7289109002976191,0.2324160766601561,0.05364990234372158
36.2265625,0.7288138979957217,0.232252197265625,-0.05364990234377842
36.2421875,0.7288578578404025,0.23240142822265625,-0.05957031249997158
36.2578125,0.7288600376674107,0.2328485107421875,0.1192626953125
36.2734375,0.7289799281529025,0.2320733642578125,-0.0357666015625
36.2890625,0.7288916451590401,0.2329824829101561,0.14605712890622158
36.3046875,0.7288298833937872,0.23266967773437486,-0.00592041015625
36.3203125,0.7288792928059896,0.232967529296875,0.1639404296875
36.3359375,0.7288331531343,0.23287811279296874,0.09240722656252842
36.3515625,0.7288720267159599,0.232252197265625,0.0
36.3671875,0.7288618541899181,0.23322082519531237,0.16387939453122158
36.3828125,0.7288015456426711,0.2328485107421875,0.0
36.3984375,0.7289000011625737,0.2330419921875,0.1937255859375
36.4140625,0.7289145333426332,0.2332061767578125,0.04473876953127842
36.4296875,0.7288549514043906,0.23272888183593765,0.011840820312556843
36.4453125,0.7288367861793155,0.23287811279296874,-0.01788330078125
36.4609375,0.7287888299851191,0.23329559326171875,0.08349609375
36.4765625,0.7288462320963548,0.23329559326171875,0.20867919921875
36.4921875,0.7287917364211309,0.2335638427734375,0.06860351562502842
36.5078125,0.7288393293108258,0.23275909423828126,-0.01788330078125
36.5234375,0.7288985479445691,0.2331463623046875,0.0208740234375
36.5390625,0.7288327898297992,0.2332806396484375,0.014892578125
36.5546875,0.7289181663876488,0.23322082519531237,0.09838867187494316
36.5703125,0.7288734799339658,0.23335479736328124,0.0953369140625
36.5859375,0.7288760230654762,0.23323577880859375,-0.011962890625
36.6015625,0.7289610363188237,0.233399658203125,0.02081298828125
36.6171875,0.7288803827194941,0.2336978149414064,0.02679443359377842
36.6328125,0.7288019089471727,0.23377227783203125,0.20263671875
36.6484375,0.7288825625465023,0.23395111083984374,0.16094970703125
36.6640625,0.7288567679268974,0.23375732421875,0.0953369140625
36.6796875,0.7288825625465023,0.23335479736328124,0.02679443359377842
36.6953125,0.7288469587053571,0.2330865478515625,-0.05364990234375
36.7109375,0.7288429623558408,0.23307189941406237,-0.03277587890627842
36.7265625,0.7287804739815849,0.2335638427734375,0.0328369140625
36.7421875,0.7288393293108258,0.2336978149414064,0.0
36.7578125,0.7289181663876488,0.23341461181640638,-0.07153320312497158
36.7734375,0.7289134434291294,0.23329559326171875,-0.131103515625
36.7890625,0.7288131713867188,0.2333697509765625,-0.0775146484375
36.8046875,0.7288000924246651,0.2334442138671875,0.01788330078125
36.8203125,0.7288189842587426,0.23363830566406235,0.11035156249997158
36.8359375,0.728851318359375,0.23366790771484375,0.11920166015627842
36.8515625,0.7288338797433036,0.2338018798828125,0.047607421875
36.8671875,0.7288647606259301,0.233966064453125,0.05364990234372158
36.8828125,0.7288455054873512,0.23375732421875,0.06854248046872158
36.8984375,0.7288422357468378,0.2333697509765625,0.01483154296875
36.9140625,0.7288760230654762,0.23377227783203125,0.08050537109375
36.9296875,0.7288534981863832,0.234263916015625,0.1639404296875
36.9453125,0.728836422874814,0.233623046875,-0.0030517578124715783
36.9609375,0.7288800194149926,0.233966064453125,0.05963134765625
36.9765625,0.7288316999162954,0.2339361572265625,0.02685546875
36.9921875,0.7288164411272321,0.2339361572265625,-0.0059814453125
37.0078125,0.7288451421828497,0.23480041503906235,0.20861816406247158
37.0234375,0.7289032709030878,0.23411499023437485,0.14904785156247158
37.0390625,0.7288698468889508,0.2344580078125,0.13714599609375
37.0546875,0.7288752964564739,0.23432373046875,0.011962890625
37.0703125,0.728891281854538,0.23377227783203125,0.02984619140625
37.0859375,0.7288422357468378,0.23438323974609376,0.08343505859375
37.1015625,0.7288382393973214,0.23460662841796875,0.13409423828125
37.1171875,0.728896004813058,0.2345025634765625,0.11328125
37.1328125,0.72889418829055,0.2345474243164064,-0.05059814453119316
37.1484375,0.7288549514043906,0.23404052734375,-0.014892578124971578
37.1640625,0.7288033621651786,0.23462158203125,0.03271484375
37.1796875,0.7288168044317336,0.234263916015625,-0.011962890625
37.1953125,0.7288106282552084,0.23494964599609375,0.2354736328125
37.2109375,0.7287928263346354,0.2345025634765625,0.02386474609375
37.2265625,0.7288909185500372,0.23472625732421876,0.02392578125
37.2421875,0.7288978213355655,0.23448760986328124,-0.00299072265625
37.2578125,0.7287895565941214,0.23499450683593764,0.08941650390625
37.2734375,0.7288625807989211,0.23491973876953126,0.17584228515625
37.2890625,0.7287633986700142,0.234830322265625,0.041748046875
37.3046875,0.7288306100027901,0.23499450683593764,0.14611816406252842
37.3203125,0.728830246698288,0.23472625732421876,-0.044677734375
37.3359375,0.7287819271995908,0.23494964599609375,0.08941650390625
37.3515625,0.7288651239304309,0.23491973876953126,0.0386962890625
37.3671875,0.7288611275809151,0.2348748779296875,0.07745361328125
37.3828125,0.7288680303664428,0.23477081298828126,-0.04473876953127842
37.3984375,0.728837149483817,0.2350689697265625,0.02984619140625
37.4140625,0.7288277035667783,0.23585845947265624,0.20562744140625
37.4296875,0.7289595831008191,0.23477081298828126,-0.04473876953127842
37.4453125,0.7288411458333334,0.23491973876953126,0.0386962890625
37.4609375,0.7287957327706474,0.2350689697265625,0.02386474609375
37.4765625,0.7288277035667783,0.23526275634765625,0.068603515625
37.4921875,0.7288269769577753,0.23494964599609375,0.01495361328125
37.5078125,0.7288069952101928,0.2352178955078125,0.08941650390625
37.5234375,0.7287568591889881,0.2350390625,-0.0059814453125
37.5390625,0.7287906465076265,0.2351580810546875,-0.14007568359375
37.5546875,0.7287964593796503,0.2357098388671875,0.18780517578125
37.5703125,0.7287652151925224,0.23517333984375,0.05072021484375
37.5859375,0.7288436889648438,0.23559020996093763,0.10424804687502842
37.6015625,0.7288829258510044,0.23559020996093763,0.06549072265627842
37.6171875,0.7288680303664428,0.2352923583984375,0.06854248046875
37.6328125,0.7288894653320312,0.2352178955078125,0.0
37.6484375,0.728804452078683,0.2351580810546875,0.0238037109375
37.6640625,0.7288651239304309,0.23545623779296876,0.05963134765625
37.6796875,0.7288480486188617,0.23563507080078125,-0.01495361328125
37.6953125,0.728866213843936,0.2353369140625,0.03271484375
37.7109375,0.7288792928059896,0.2357244873046875,0.02685546874997158
37.7265625,0.7287913731166294,0.23597808837890624,0.07757568359372158
37.7421875,0.7288782028924858,0.23526275634765625,-0.00592041015625
37.7578125,0.7287982759021571,0.23602264404296874,0.16094970703125
37.7734375,0.7288792928059896,0.2359033203125,0.1490478515625
37.7890625,0.7288734799339658,0.23550079345703126,0.0089111328125
37.8046875,0.7288745698474702,0.23581390380859374,0.0357666015625
37.8203125,0.7288178943452381,0.23581390380859374,0.09539794921875
37.8359375,0.7288433256603429,0.2352178955078125,-0.101318359375
37.8515625,0.728866213843936,0.2356649780273439,-0.06262207031247158
37.8671875,0.7288411458333334,0.2361419677734375,0.17584228515625
37.8828125,0.7289247058686763,0.23597808837890624,-0.0089111328125
37.8984375,0.7288894653320312,0.23579925537109375,-0.02081298828125
37.9140625,0.7288538614908854,0.235396728515625,-0.02081298828125
37.9296875,0.7288146246047247,0.23587341308593765,0.011901855468778422
37.9453125,0.7286053612118676,0.2355606079101561,-0.05065917968752842
37.9609375,0.7289555867513021,0.2361865234375,0.1937255859375
37.9765625,0.7291245233444941,0.236246337890625,0.11627197265622158
37.9921875,0.7294558570498512,0.2359478759765625,-0.038818359375
38.0078125,0.7303612118675595,0.23548614501953125,-0.098388671875
38.0234375,0.7303535824730283,0.2359478759765625,0.02972412109375
38.0390625,0.7288887387230283,0.23621612548828125,0.16387939453125
38.0546875,0.7299339657738095,0.2355755615234375,-0.05957031250002842
38.0703125,0.7298293340773809,0.23545623779296876,-0.02087402343747158
38.0859375,0.7303234281994048,0.2355606079101561,-0.12518310546877842
38.1015625,0.7293759300595238,0.23579925537109375,-0.08941650390625
38.1171875,0.7294558570498512,0.2357098388671875,-0.047607421875
38.1328125,0.7299910045805431,0.23545623779296876,-0.0059814453125
38.1484375,0.72987075079055,0.2351580810546875,-0.157958984375
38.1640625,0.7300803774879092,0.23518798828125,-0.20562744140625
38.1796875,0.7292716616675967,0.2354266357421875,-0.02978515625
38.1953125,0.7298631213960194,0.23565002441406235,0.03875732421872158
38.2109375,0.7292796543666294,0.2353369140625,-0.04473876953122158
38.2265625,0.7303873697916666,0.2355606079101561,-0.04772949218752842
38.2421875,0.7295572190057664,0.23609710693359376,0.07745361328125
38.2578125,0.729507809593564,0.2355755615234375,0.02386474609375
38.2734375,0.7300102597191214,0.23545623779296876,0.05963134765625
38.2890625,0.7294140770321801,0.23499450683593764,-0.03869628906247158
38.3046875,0.7300851004464286,0.2353369140625,-0.0179443359375
38.3203125,0.7296189807710194,0.23491973876953126,-0.14605712890622158
38.3359375,0.7294413248697916,0.23518798828125,-0.02978515625
38.3515625,0.7295394170851928,0.23472625732421876,-0.16687011718747158
38.3671875,0.7303957257952008,0.23494964599609375,-0.2294921875
38.3828125,0.7299492245628714,0.23468139648437486,-0.17883300781252842
38.3984375,0.7295245216006324,0.2345474243164064,-0.18176269531247158
38.4140625,0.7295950026739211,0.23448760986328124,-0.10137939453127842
38.4296875,0.7298376900809151,0.233966064453125,-0.274169921875
38.4453125,0.7292269752139143,0.23447265625,-0.08941650390625
38.4609375,0.7297316051664806,0.23432373046875,-0.1728515625
38.4765625,0.7299325125558036,0.23387664794921875,-0.169921875
38.4921875,0.7294064476376488,0.23414489746093764,-0.16094970703122158
38.5078125,0.7299179803757441,0.23387664794921875,-0.16094970703122158
38.5234375,0.7298845563616071,0.2342938232421875,-0.05072021484377842
38.5390625,0.7295655750093,0.23374267578125,-0.14898681640625
38.5546875,0.7295492263067336,0.2333697509765625,-0.1192626953125
38.5703125,0.7294707525344122,0.233399658203125,-0.214599609375
38.5859375,0.7298769269670758,0.2335638427734375,-0.1519775390625
38.6015625,0.7295790172758556,0.233399658203125,-0.09539794921875
38.6171875,0.729721432640439,0.2331463623046875,-0.19970703125002842
38.6328125,0.729597909109933,0.23354858398437486,-0.06561279296877842
38.6484375,0.73045639764695,0.23354858398437486,-0.14904785156252842
38.6640625,0.7296258835565477,0.23354858398437486,-0.03881835937502842
38.6796875,0.7294958205450142,0.23354858398437486,0.03576660156247158
38.6953125,0.7295245216006324,0.23299713134765626,-0.08050537109375
38.7109375,0.7292905535016742,0.23351898193359374,-0.00897216796875
38.7265625,0.7297704787481406,0.2333697509765625,-0.0059814453125
38.7421875,0.7291441417875737,0.2330419921875,-0.0208740234375
38.7578125,0.7297345116024926,0.232967529296875,-0.11621093749997158
38.7734375,0.7295543125697544,0.23258026123046874,-0.19366455078122158
38.7890625,0.7300055367606026,0.2325204467773439,-0.20562744140619316
38.8046875,0.7292287917364211,0.23237121582031237,-0.2354736328125
38.8203125,0.7294362386067715,0.232252197265625,-0.14898681640625
38.8359375,0.7294743855794271,0.2320733642578125,-0.28912353515625
38.8515625,0.7294714791434151,0.2320733642578125,-0.25927734375
38.8671875,0.7294714791434151,0.23190948486328125,-0.22650146484375
38.8828125,0.7294907342819941,0.231611328125,-0.271240234375
38.8984375,0.7297653924851191,0.23204376220703124,-0.1072998046875
38.9140625,0.7293879191080729,0.23125366210937487,-0.25335693359380684
38.9296875,0.7296505882626488,0.23137298583984375,-0.19964599609372158
38.9453125,0.7293116251627604,0.23106018066406236,-0.23840332031252842
38.9609375,0.7299732026599702,0.23146240234375,-0.1221923828125
38.9765625,0.7299034481956845,0.23098541259765626,-0.21759033203125
38.9921875,0.7294031778971354,0.2316412353515625,-0.05364990234375
39.0078125,0.7298344203404025,0.23076171875,-0.169921875
39.0234375,0.7292731148856026,0.23091094970703124,-0.2265625
39.0390625,0.7288073585146949,0.2305682373046875,-0.13708496093747158
39.0546875,0.7300022670200893,0.2305828857421875,-0.15802001953125
39.0703125,0.7296393258231026,0.2305084228515625,-0.11035156249997158
39.0859375,0.7291488647460938,0.23061309814453124,-0.16986083984375
39.1015625,0.7297744750976562,0.2304638671875,-0.10430908203125
39.1171875,0.7291808355422247,0.2305084228515625,-0.2265625
39.1328125,0.729783194405692,0.23001678466796874,-0.14898681640625
39.1484375,0.7293508620489211,0.22995697021484374,-0.1907958984375
39.1640625,0.7299557640438988,0.230538330078125,-0.0059814453125
39.1796875,0.7297152564639143,0.2300616455078125,-0.104248046875
39.1953125,0.7295844668433786,0.2299871826171875,-0.104248046875
39.2109375,0.7291437784830729,0.22946533203125,-0.22955322265625
39.2265625,0.7293784731910342,0.22986755371093764,-0.11926269531247158
39.2421875,0.7289973667689739,0.22952514648437486,-0.19665527343752842
39.2578125,0.7292887369791666,0.22924163818359375,-0.155029296875
39.2734375,0.7292048136393229,0.22971893310546876,-0.047607421875
39.2890625,0.7297701154436383,0.23003173828125,-0.101318359375
39.3046875,0.7292938232421882,0.22971893310546876,-0.06854248046875
39.3203125,0.7293210710797992,0.2295697021484375,-0.08349609375
39.3359375,0.7295761108398438,0.2292120361328125,-0.0506591796875
39.3515625,0.7297871907552084,0.2293463134765625,-0.10424804687502842
39.3671875,0.728988284156436,0.2294204711914064,-0.020935058593693157
39.3828125,0.7294031778971354,0.2295697021484375,0.06561279296875
39.3984375,0.729844229561942,0.2293463134765625,-0.07452392578125
39.4140625,0.729568844749814,0.2298379516601561,-0.03875732421877842
39.4296875,0.729293459937686,0.2295697021484375,-0.02984619140625
39.4453125,0.7297682989211309,0.229256591796875,-0.0626220703125
39.4609375,0.7298682076590401,0.228973388671875,-0.0477294921875
39.4765625,0.7294391450427834,0.228973388671875,-0.0745849609375
39.4921875,0.7294682094029025,0.22891418457031235,-0.10125732421880684
39.5078125,0.72943115234375,0.228809814453125,-0.1519775390625
39.5234375,0.7292734781901048,0.22900360107421874,-0.06854248046875
39.5390625,0.7294144403366809,0.22900360107421874,-0.16687011718747158
39.5546875,0.73040771484375,0.22869049072265624,-0.17584228515625
39.5703125,0.7293410528273809,0.22830291748046874,-0.19073486328125
39.5859375,0.7294395083472842,0.22861572265625,-0.071533203125
39.6015625,0.7291910080682664,0.22861572265625,-0.071533203125
39.6171875,0.7295208885556176,0.22869049072265624,-0.04473876953122158
39.6328125,0.7292683919270834,0.22886932373046875,0.01190185546875
39.6484375,0.7298511323474702,0.22866058349609375,-0.068603515625
39.6640625,0.7295721144903273,0.228377685546875,-0.12518310546875
39.6796875,0.729567391531808,0.22813903808593763,-0.11029052734372158
39.6953125,0.729966299874442,0.2280792236328125,-0.04473876953125
39.7109375,0.7296821957542783,0.22840728759765624,-0.04168701171875
39.7265625,0.7305868239629836,0.2280047607421875,-0.1221923828125
39.7421875,0.7292098999023438,0.22785583496093764,-0.16693115234372158
39.7578125,0.7298097156343,0.228094482421875,-0.15496826171875
39.7734375,0.7299256097702753,0.22776641845703124,-0.1788330078125
39.7890625,0.7299197968982515,0.22815399169921874,-0.04473876953125
39.8046875,0.7294082641601562,0.2277069091796875,-0.08642578125002842
39.8203125,0.7304378691173735,0.22749816894531236,-0.11621093750002842
39.8359375,0.7296186174665179,0.22743865966796875,-0.1937255859375
39.8515625,0.7296574910481771,0.2277215576171875,-0.056640625
39.8671875,0.7295746576218378,0.2277215576171875,-0.02685546875002842
39.8828125,0.7297635759626117,0.2274087524414064,-0.13714599609372158
39.8984375,0.7298674810500372,0.2277215576171875,-0.00897216796875
39.9140625,0.7298907325381324,0.2277215576171875,-0.08648681640625
39.9296875,0.7292887369791666,0.2275579833984375,-0.02978515625
39.9453125,0.7293911888485857,0.2269766235351561,-0.10430908203125
39.9609375,0.7293454124813988,0.2271258544921875,-0.06256103515625
39.9765625,0.7291194370814739,0.22746826171875,-0.0506591796875
39.9921875,0.7291648501441592,0.2276025390625,-0.0238037109375
40.0078125,0.7290693010602679,0.22746826171875,0.011901855468721578
40.0234375,0.7291470482235857,0.2267681884765625,-0.190673828125
40.0390625,0.7290376935686383,0.22694702148437484,-0.15490722656252842
40.0546875,0.7289497738792783,0.2273193359375,-0.0477294921875
40.0703125,0.7290177118210572,0.22691680908203124,-0.011962890624971578
40.0859375,0.7290398733956474,0.22715545654296876,0.00592041015625
40.1015625,0.7290438697451643,0.22688720703125,-0.1162109375
40.1171875,0.7289308820452008,0.22700622558593764,-0.11926269531247158
40.1328125,0.7290413266136533,0.227110595703125,-0.071533203125
40.1484375,0.7289708455403646,0.2269766235351561,0.04168701171872158
40.1640625,0.7290304274786086,0.22700622558593764,0.011840820312556843
40.1796875,0.7289330618722099,0.2265145874023439,-0.16094970703122158
40.1953125,0.72894287109375,0.2266934204101561,-0.04467773437502842
40.2109375,0.7289606730143229,0.22728942871093763,0.02679443359377842
40.2265625,0.7290355137416294,0.2262908935546875,-0.1192626953125
40.2421875,0.7289210728236607,0.2267083740234375,-0.05957031250002842
40.2578125,0.7289643060593378,0.22693176269531234,-0.03576660156252842
40.2734375,0.7289316086542039,0.22703643798828124,0.011962890625028422
40.2890625,0.7289693923223586,0.22690216064453125,-0.02081298828127842
40.3046875,0.7289494105747761,0.22690216064453125,0.07751464843747158
40.3203125,0.7290293375651048,0.2267681884765625,0.014953613281278422
40.3359375,0.7289294288271949,0.22690216064453125,-0.07745361328127842
40.3515625,0.7289675757998512,0.22658935546875,0.0596923828125
40.3671875,0.7288861955915179,0.2265145874023439,-0.03875732421872158
40.3828125,0.728957766578311,0.22644012451171874,-0.09832763671872158
40.3984375,0.7288985479445691,0.2262908935546875,-0.14910888671875
40.4140625,0.7290009998139881,0.2265740966796875,-0.06561279296875
40.4296875,0.7289261590866809,0.22644012451171874,-0.0924072265625
40.4453125,0.7289595831008191,0.22632110595703125,-0.08941650390625
40.4609375,0.7289904639834449,0.22658935546875,-0.06256103515625
40.4765625,0.7288716634114584,0.2265145874023439,-0.014953613281221578
40.4921875,0.7288702101934523,0.2264697265625,-0.008972167968778422
40.5078125,0.7288698468889508,0.2259930419921875,-0.08941650390625
40.5234375,0.7288687569754464,0.2264697265625,0.0357666015625
40.5390625,0.7289425077892485,0.22666381835937485,0.01794433593747158
40.5546875,0.7289450509207596,0.22690216064453125,0.0924072265625
40.5703125,0.7289345150902158,0.226827392578125,0.10125732421875
40.5859375,0.7289330618722099,0.2266934204101561,0.02081298828122158
40.6015625,0.7288876488095238,0.22644012451171874,-0.014892578125028422
40.6171875,0.72886948358445,0.22654449462890625,0.01495361328125
40.6328125,0.7289613996233258,0.22660400390625,0.1221923828125
40.6484375,0.728926522391183,0.22666381835937485,0.03881835937497158
40.6640625,0.7288727533249628,0.22641052246093765,-0.05065917968744316
40.6796875,0.7288396926153273,0.22644012451171874,-0.0924072265625
40.6953125,0.7288436889648438,0.2262908935546875,-0.1072998046875
40.7109375,0.7289210728236607,0.226112060546875,-0.11627197265622158
40.7265625,0.7288277035667783,0.2266934204101561,0.05065917968747158
40.7421875,0.7288731166294643,0.22673797607421875,0.0386962890625
40.7578125,0.7288745698474702,0.2258438110351561,-0.15203857421877842
40.7734375,0.7288596743629092,0.22620147705078125,-0.09246826171872158
40.7890625,0.728865487234933,0.2264849853515625,0.014892578124971578
40.8046875,0.7288335164388021,0.227110595703125,0.13409423828125
40.8203125,0.7288625807989211,0.22690216064453125,0.12225341796875
40.8359375,0.7288767496744785,0.2262908935546875,0.0357666015625
40.8515625,0.7288378760928199,0.2267681884765625,0.014953613281278422
40.8671875,0.7289468674432664,0.2267681884765625,0.00604248046875
40.8828125,0.7289326985677084,0.22717041015625,0.2653198242187784
40.8984375,0.7289534069242931,0.22700622558593764,0.16094970703127842
40.9140625,0.7288531348818824,0.2267083740234375,0.044677734375
40.9296875,0.7288734799339658,0.22703643798828124,-0.01483154296875
40.9453125,0.7288716634114584,0.22717041015625,0.05364990234375
40.9609375,0.728837149483817,0.22687225341796874,0.11627197265625
40.9765625,0.7288651239304309,0.227677001953125,0.1817626953125
40.9921875,0.7288894653320312,0.2273193359375,0.1102294921875
41.0078125,0.7288978213355655,0.2269766235351561,-0.03875732421877842
41.0234375,0.7288338797433036,0.22715545654296876,0.02984619140622158
41.0390625,0.7288553147088914,0.2268426513671875,0.02685546875
41.0546875,0.7288611275809151,0.22715545654296876,0.0238037109375
41.0703125,0.7289530436197916,0.2275579833984375,0.0775146484375
41.0859375,0.7289450509207596,0.227677001953125,0.16094970703125
41.1015625,0.7288858322870164,0.2277215576171875,0.0089111328125
41.1171875,0.7288171677362358,0.2277215576171875,0.0804443359375
41.1328125,0.7288462320963548,0.2277215576171875,0.14898681640627842
41.1484375,0.7287917364211309,0.227021484375,-0.02679443359375
41.1640625,0.7288168044317336,0.2277215576171875,0.17578125
41.1796875,0.7287990025111607,0.22840728759765624,0.2503662109375
41.1953125,0.7288571312313988,0.2279306030273439,0.07452392578127842
41.2109375,0.7288204374767485,0.2280792236328125,0.0804443359375
41.2265625,0.7288709368024546,0.2280047607421875,0.056640625
41.2421875,0.7289672124953497,0.228258056640625,0.1072998046875
41.2578125,0.728927975609189,0.22840728759765624,0.13714599609375
41.2734375,0.7288716634114584,0.2280792236328125,0.2115478515625
41.2890625,0.7288520449683786,0.22840728759765624,0.13714599609375
41.3046875,0.7288934616815477,0.2277215576171875,-0.13714599609375
41.3203125,0.7288829258510044,0.22840728759765624,0.09533691406247158
41.3359375,0.7288934616815477,0.22822845458984375,0.02984619140625
41.3515625,0.7289559500558036,0.2284967041015625,0.098388671875
41.3671875,0.7289025442940849,0.22840728759765624,0.02984619140625
41.3828125,0.7289010910760789,0.22840728759765624,0.0
41.3984375,0.7289366949172247,0.22834747314453124,0.05364990234375
41.4140625,0.7289726620628714,0.228541259765625,0.02679443359375
41.4296875,0.7288778395879836,0.2282733154296875,0.1103515625
41.4453125,0.7288549514043906,0.22851165771484375,0.0208740234375
41.4609375,0.7288153512137276,0.22861572265625,0.07745361328125
41.4765625,0.7288138979957217,0.2283624267578125,-0.02685546875
41.4921875,0.7288636707124263,0.22834747314453124,-0.011962890625
41.5078125,0.7288277035667783,0.22833282470703126,-0.014892578125
41.5234375,0.7288709368024546,0.22842224121093765,0.014953613281278422
41.5390625,0.7288106282552084,0.228809814453125,0.0537109375
41.5546875,0.7288455054873512,0.22851165771484375,0.04766845703125
41.5703125,0.7288585844494048,0.2285263061523439,0.0029296875000284217
41.5859375,0.728830246698288,0.22886932373046875,0.05072021484375
41.6015625,0.7288178943452381,0.22869049072265624,0.06561279296875
41.6171875,0.7288436889648438,0.22867553710937485,0.06561279296872158
41.6328125,0.7288836524600074,0.22898864746093764,0.13116455078127842
41.6484375,0.7289109002976191,0.2287200927734375,0.05957031249997158
41.6640625,0.7288811093284977,0.22839233398437486,-0.08349609375002842
41.6796875,0.7288571312313988,0.228809814453125,0.05963134765625
41.6953125,0.7288164411272321,0.22894378662109374,0.08349609374997158
41.7109375,0.7288803827194941,0.22900360107421874,0.02685546875
41.7265625,0.7288197108677456,0.22924163818359375,0.1102294921875
41.7421875,0.7288996378580729,0.22948028564453124,0.16094970703127842
41.7578125,0.7288564046223952,0.22976348876953126,0.15496826171872158
41.7734375,0.7288614908854166,0.22954010009765624,0.16400146484375
41.7890625,0.7288284301757812,0.22883941650390624,0.08941650390627842
41.8046875,0.728806631905692,0.22940582275390625,0.11920166015625
41.8203125,0.7288189842587426,0.22974853515625,0.16094970703125
41.8359375,0.728897458031064,0.22895874023437485,-0.008972167968778422
41.8515625,0.7288734799339658,0.229390869140625,0.02984619140625
41.8671875,0.7288952782040551,0.22912261962890626,-0.071533203125
41.8828125,0.7287673950195312,0.22924163818359375,-0.1043701171875
41.8984375,0.7288887387230283,0.22959930419921876,0.0118408203125
41.9140625,0.7287862868536086,0.229107666015625,0.05364990234375
41.9296875,0.7289050874255952,0.22948028564453124,0.014892578125
41.9453125,0.7288277035667783,0.22948028564453124,-0.05364990234375
41.9609375,0.7288745698474702,0.22918243408203126,0.04473876953127842
41.9765625,0.7289061773390997,0.22931640625,-0.014892578125
41.9921875,0.7288429623558408,0.22955474853515612,0.08642578124997158
42.0078125,0.7288760230654762,0.22940582275390625,0.0328369140625
42.0234375,0.7288262503487724,0.22945068359375,-0.02972412109375
42.0390625,0.7288015456426711,0.23027008056640638,0.23248291015627842
42.0546875,0.7288404192243311,0.22992736816406237,0.08941650390622158
42.0703125,0.7287917364211309,0.2294952392578125,0.00299072265625
42.0859375,0.7287920997256324,0.22973358154296875,0.1102294921875
42.1015625,0.7288934616815477,0.229674072265625,0.071533203125
42.1171875,0.7288702101934523,0.2300018310546875,0.08941650390627842
42.1328125,0.7288651239304309,0.2299871826171875,0.11627197265625
42.1484375,0.7288647606259301,0.22986755371093764,0.08337402343752842
42.1640625,0.728896004813058,0.23029998779296876,0.005981445312471578
42.1796875,0.7288880121140253,0.23029998779296876,0.07452392578127842
42.1953125,0.7288411458333334,0.2300616455078125,0.11328125
42.2109375,0.7288447788783475,0.23073211669921875,0.19970703125
42.2265625,0.7287971859886533,0.2305084228515625,0.1668701171875
42.2421875,0.7287539527529762,0.22986755371093764,-0.02685546874997158
42.2578125,0.7288811093284977,0.2296142578125,-0.0745849609375
42.2734375,0.7288767496744785,0.22986755371093764,0.0
42.2890625,0.7288451421828497,0.22989776611328125,-0.0804443359375
42.3046875,0.7287913731166294,0.2304638671875,0.03277587890625
42.3203125,0.7288218906947544,0.2304638671875,0.0804443359375
42.3359375,0.7288614908854166,0.22986755371093764,-0.17291259765622158
42.3515625,0.7288233439127604,0.23027008056640638,-0.04766845703122158
42.3671875,0.7287499564034599,0.23067230224609375,0.16094970703122158
42.3828125,0.7288469587053571,0.23098541259765626,0.27423095703125
42.3984375,0.7287971859886533,0.230821533203125,0.19079589843747158
42.4140625,0.7288495018368676,0.2305084228515625,0.12213134765625
42.4296875,0.7288011823381689,0.230821533203125,0.071533203125
42.4453125,0.7288600376674107,0.23061309814453124,0.02984619140625
42.4609375,0.7288313366117931,0.230821533203125,0.19079589843747158
42.4765625,0.728866940452939,0.2307470703125,0.09539794921872158
42.4921875,0.7288331531343,0.2308364868164064,0.03283691406252842
42.5078125,0.7287663051060261,0.230821533203125,-0.03277587890625
42.5234375,0.7287881033761168,0.23061309814453124,-0.04168701171875
42.5390625,0.7288204374767485,0.23088134765625,0.0745849609375
42.5546875,0.7288898286365334,0.23088134765625,0.011962890625
42.5703125,0.7288353329613095,0.2315966796875,0.19671630859375
42.5859375,0.7288651239304309,0.23098541259765626,0.03277587890625
42.6015625,0.7288916451590401,0.2312237548828125,0.0953369140625
42.6171875,0.7288015456426711,0.2308364868164064,0.0
42.6328125,0.728834969656808,0.23125366210937487,0.08642578124997158
42.6484375,0.7288455054873512,0.23068725585937486,0.014831542968721578
42.6640625,0.7288320632207961,0.23091094970703124,0.00592041015625
42.6796875,0.7288800194149926,0.23132843017578125,0.08941650390625
42.6953125,0.7288571312313988,0.2314324951171875,-0.0328369140625
42.7109375,0.7287615821475074,0.23125366210937487,0.05364990234372158
42.7265625,0.728867667061942,0.23155181884765624,0.06561279296875
42.7421875,0.7288534981863832,0.23114959716796876,0.06262207031247158
42.7578125,0.728811354864212,0.231611328125,0.07153320312502842
42.7734375,0.7288843790690104,0.231611328125,0.18481445312502842
42.7890625,0.7288476853143594,0.2308364868164064,-0.014892578124971578
42.8046875,0.7288062686011905,0.231119384765625,-0.04180908203125
42.8203125,0.7288687569754464,0.231611328125,0.0357666015625
42.8359375,0.7288516816638765,0.231611328125,0.07153320312502842
42.8515625,0.7288625807989211,0.23117919921875,-0.07452392578125
42.8671875,0.7288843790690104,0.23137298583984375,0.044677734375
42.8828125,0.7288763863699776,0.23125366210937487,-0.07153320312502842
42.8984375,0.7288131713867188,0.23173065185546876,0.02386474609375
42.9140625,0.7288313366117931,0.231611328125,0.15496826171872158
42.9296875,0.7288186209542404,0.23137298583984375,0.05072021484375
42.9453125,0.7289236159551711,0.231611328125,0.0
42.9609375,0.7288295200892857,0.23091094970703124,-0.14007568359375
42.9765625,0.7288182576497396,0.231239013671875,0.011962890625
42.9921875,0.7287619454520096,0.2320733642578125,0.14007568359375
43.0078125,0.7287790207635789,0.23162628173828126,0.07452392578127842
43.0234375,0.7288404192243311,0.23180511474609375,0.014892578125
43.0390625,0.7287423270089286,0.2316412353515625,0.0059814453125
43.0546875,0.7289283389136905,0.23192413330078124,0.1102294921875
43.0703125,0.7288782028924858,0.23149230957031236,-0.02380371093752842
43.0859375,0.7290413266136533,0.23226715087890626,0.271240234375
43.1015625,0.7291702997116809,0.232252197265625,0.20263671875
43.1171875,0.7290976388113832,0.23190948486328125,-0.03277587890625
43.1328125,0.7291208902994785,0.23190948486328125,0.056640625
43.1484375,0.7290558587937128,0.23213317871093764,0.06561279296877842
43.1640625,0.7288883754185261,0.23180511474609375,0.03277587890625
43.1796875,0.7288651239304309,0.23204376220703124,0.02392578125
43.1953125,0.7292970929827008,0.2320733642578125,0.11621093750002842
43.2109375,0.7290148053850454,0.23176025390625,-0.10137939453125
43.2265625,0.7286827450706845,0.23192413330078124,-0.06561279296875
43.2421875,0.7294871012369785,0.232252197265625,0.06854248046875
43.2578125,0.72943115234375,0.23192413330078124,0.0029296875
43.2734375,0.7293966384161086,0.2317901611328125,-0.06860351562502842
43.2890625,0.7291881016322544,0.2320733642578125,0.05364990234375
43.3046875,0.7297544933500737,0.2316412353515625,-0.08050537109375
43.3203125,0.7287397838774181,0.23149230957031236,-0.11621093750002842
43.3359375,0.7296142578125,0.2325204467773439,0.15203857421877842
43.3515625,0.7301603044782367,0.23180511474609375,-0.0238037109375
43.3671875,0.7292429606119785,0.23180511474609375,-0.08941650390625
43.3828125,0.7297501336960572,0.2322967529296875,0.07452392578125
43.3984375,0.7299463181268594,0.23208831787109374,0.05963134765625
43.4140625,0.729660397484189,0.231834716796875,-0.0477294921875
43.4296875,0.7291270664760044,0.23146240234375,-0.0357666015625
43.4453125,0.7289501371837798,0.23176025390625,0.05358886718752842
43.4609375,0.7294409615652901,0.232252197265625,-0.05364990234377842
43.4765625,0.7289701189313617,0.2322967529296875,0.09832763671875
43.4921875,0.7296415056501117,0.23144744873046874,-0.071533203125
43.5078125,0.7295081728980655,0.23138763427734388,-0.18182373046872158
43.5234375,0.7289599464053199,0.23184997558593765,-0.04766845703122158
43.5390625,0.7294573102678571,0.2324160766601561,0.11627197265622158
43.5546875,0.7286140805199033,0.23098541259765626,-0.09539794921875
43.5703125,0.7291492280505952,0.23106018066406236,-0.14001464843752842
43.5859375,0.7291902814592633,0.23106018066406236,-0.23840332031252842
43.6015625,0.729567391531808,0.23106018066406236,-0.24731445312502842
43.6171875,0.7300927298409599,0.23134307861328124,-0.0208740234375
43.6328125,0.7293217976888021,0.2311346435546875,-0.05059814453127842
43.6484375,0.7290794735863095,0.2305828857421875,-0.2534179687500284
43.6640625,0.7296175275530133,0.2308364868164064,-0.31591796874994316
43.6796875,0.7294442313058036,0.23088134765625,-0.02081298828125
43.6953125,0.7294990902855283,0.23043426513671875,-0.12518310546872158
43.7109375,0.7293105352492559,0.23067230224609375,-0.07757568359372158
43.7265625,0.7300360543387276,0.23134307861328124,0.05657958984377842
43.7421875,0.7288502284458706,0.23013580322265625,-0.241455078125
43.7578125,0.7297846476236979,0.2305084228515625,-0.125244140625
43.7734375,0.7296673002697166,0.2305828857421875,0.0
43.7890625,0.7296687534877239,0.2293463134765625,-0.2980346679687784
43.8046875,0.7296487717401414,0.230166015625,-0.14306640625
43.8203125,0.7300207955496651,0.23013580322265625,-0.0596923828125
43.8359375,0.7293566749209449,0.22995697021484374,-0.14306640625
43.8515625,0.7297748384021571,0.22946533203125,-0.37554931640625
43.8671875,0.7296218872070312,0.229688720703125,-0.08941650390625
43.8828125,0.7298395066034227,0.22986755371093764,-0.12817382812497158
43.8984375,0.7287615821475074,0.2293463134765625,-0.247314453125
43.9140625,0.7289163498651414,0.22955474853515612,0.04168701171872158
43.9296875,0.7297864641462046,0.22995697021484374,-0.04180908203125
43.9453125,0.7296040852864584,0.229822998046875,-0.06256103515625
43.9609375,0.7296309698195691,0.2297039794921875,-0.05059814453125
43.9765625,0.729172116234189,0.22979309082031235,0.06555175781247158
43.9921875,0.7298264276413691,0.22907775878906236,-0.12219238281252842
44.0078125,0.7292487734840023,0.22931640625,-0.11022949218752842
44.0234375,0.7293581281389508,0.2300018310546875,0.131103515625
44.0390625,0.7287851969401048,0.22895874023437485,-0.11920166015625
44.0546875,0.7293777465820312,0.22918243408203126,-0.1549072265625
44.0703125,0.72900390625,0.2294354248046875,-0.0775146484375
44.0859375,0.7296425955636168,0.2293463134765625,-0.071533203125
44.1015625,0.7291336059570312,0.2289288330078125,-0.17285156249997158
44.1171875,0.7292502267020096,0.22924163818359375,0.03277587890627842
44.1328125,0.7297047206333706,0.2285565185546875,-0.1519775390625
44.1484375,0.7293712071010044,0.229093017578125,-0.1817626953125
44.1640625,0.7294525873093378,0.229093017578125,0.02685546875002842
44.1796875,0.7297603062220975,0.22912261962890626,-0.011962890625
44.1953125,0.7291445050920758,0.22894378662109374,-0.09832763671875
44.2109375,0.7296600341796882,0.22879455566406237,-0.11035156250002842
44.2265625,0.7298972720191592,0.2287200927734375,-0.041748046875
44.2421875,0.729583740234375,0.2284967041015625,-0.14898681640625
44.2578125,0.7287067231677834,0.22851165771484375,-0.00897216796875
44.2734375,0.7294427780877977,0.2287051391601561,-0.07757568359377842
44.2890625,0.7294787452334449,0.22822845458984375,-0.17291259765625
44.3046875,0.7296120779854904,0.22867553710937485,-0.08941650390627842
44.3203125,0.7294631231398809,0.22834747314453124,-0.1192626953125
44.3359375,0.729813711983817,0.2281094360351561,-0.13702392578125
44.3515625,0.7296821957542783,0.22834747314453124,-0.07452392578125
44.3671875,0.7296073550269717,0.2284521484375,-0.0089111328125
44.3828125,0.7297969999767485,0.22840728759765624,-0.0208740234375
44.3984375,0.7299012683686763,0.22840728759765624,-0.05957031249997158
44.4140625,0.729506356375558,0.22840728759765624,0.0357666015625
44.4296875,0.7295103527250737,0.22734924316406235,-0.2652587890625
44.4453125,0.730515616280692,0.22864593505859376,0.0596923828125
44.4609375,0.7294449579148072,0.2280792236328125,-0.006042480468721578
44.4765625,0.7295524960472477,0.2280792236328125,-0.05364990234375
44.4921875,0.7296316964285714,0.2277215576171875,-0.1461181640625
44.5078125,0.7299524943033854,0.22754272460937486,-0.17291259765627842
44.5234375,0.7297646658761168,0.2277215576171875,-0.13714599609375
44.5390625,0.7295027233305431,0.2277215576171875,-0.13714599609375
44.5546875,0.7292887369791666,0.2276025390625,0.05065917968752842
44.5703125,0.7295910063244048,0.2272003173828125,-0.28912353515625
44.5859375,0.7293519519624263,0.22718505859375,-0.1788330078125
44.6015625,0.7291310628255215,0.22733428955078125,-0.14898681640625
44.6171875,0.7291336059570312,0.2266934204101561,-0.20562744140627842
44.6328125,0.7292901901971727,0.22690216064453125,-0.12811279296872158
44.6484375,0.7293915521530878,0.22664855957031235,-0.21459960937502842
44.6640625,0.728774661109561,0.2262908935546875,-0.2861328125
44.6796875,0.7294689360119048,0.2264697265625,-0.2265625
44.6953125,0.7299612136114211,0.22700622558593764,-0.03881835937497158
44.7109375,0.7293933686755952,0.2262908935546875,-0.1788330078125
44.7265625,0.7293127150762642,0.22700622558593764,-0.06561279296872158
44.7421875,0.7291939145042783,0.22603759765625,-0.13116455078122158
44.7578125,0.7295877365838914,0.2267529296875,-0.02984619140625
44.7734375,0.7290009998139881,0.2260675048828125,-0.11621093749997158
44.7890625,0.7287837437220975,0.2265591430664064,0.05364990234377842
44.8046875,0.7293061755952381,0.225396728515625,-0.214599609375
44.8203125,0.7300160725911452,0.225396728515625,-0.3218994140625284
44.8359375,0.7289101736886168,0.22620147705078125,-0.01788330078125
44.8515625,0.7288763863699776,0.22620147705078125,-0.16094970703127842
44.8671875,0.7297032674153646,0.2260675048828125,0.0059814453125
44.8828125,0.7295884631928944,0.22562042236328125,-0.22650146484375
44.8984375,0.7292549496605283,0.22602264404296876,-0.00897216796875
44.9140625,0.7297686622256324,0.22554595947265624,-0.20263671875002842
44.9296875,0.7289450509207596,0.225396728515625,0.0
44.9453125,0.7296647571382069,0.22547149658203125,0.01495361328125
44.9609375,0.729353768484933,0.2259930419921875,-0.04168701171875
44.9765625,0.7295252482096354,0.22565032958984374,-0.1102294921875
44.9921875,0.729135422479538,0.2259185791015625,-0.02978515625
45.0078125,0.7292702084495908,0.225396728515625,-0.04473876953125
45.0234375,0.7293926420665929,0.2256951904296875,-0.06549072265625
45.0390625,0.7294151669456845,0.22597808837890626,0.08642578125
45.0546875,0.729140872047061,0.22576965332031235,0.07458496093747158
45.0703125,0.7293010893322166,0.22573974609375,0.05364990234375
45.0859375,0.7291441417875737,0.2256951904296875,-0.0595703125
45.1015625,0.7291187104724702,0.22576965332031235,0.02386474609372158
45.1171875,0.7290213448660714,0.2248455810546875,-0.214599609375
45.1328125,0.7290569487072166,0.22511383056640638,-0.05657958984372158
45.1484375,0.729050772530692,0.225098876953125,-0.1192626953125
45.1640625,0.7289962768554688,0.22544158935546876,-0.1072998046875
45.1796875,0.7290271577380952,0.2247857666015625,-0.19677734374997158
45.1953125,0.7289508637927834,0.22527770996093766,-0.09240722656247158
45.2109375,0.7289228893461681,0.22530731201171875,-0.07757568359375
45.2265625,0.7290137154715401,0.2251434326171875,-0.12524414062497158
45.2421875,0.7289029075985857,0.2251434326171875,0.0595703125
45.2578125,0.7290438697451643,0.2247857666015625,-0.06561279296877842
45.2734375,0.7289399646577381,0.22527770996093766,0.03576660156252842
45.2890625,0.7290573120117188,0.22536712646484375,-0.014892578125
45.3046875,0.7290148053850454,0.225233154296875,0.0894775390625
45.3203125,0.7290562220982143,0.22506927490234388,-0.04168701171875
45.3359375,0.7290097191220238,0.225322265625,0.00299072265625
45.3515625,0.7290140787760416,0.22511383056640638,-0.005920410156221578
45.3671875,0.7289595831008191,0.2250390625,-0.0208740234375
45.3828125,0.7289010910760789,0.22544158935546876,0.13116455078125
45.3984375,0.7290663946242559,0.22457733154296874,-0.14007568359377842
45.4140625,0.7288934616815477,0.2247412109375,-0.12518310546875
45.4296875,0.7288963681175595,0.2245025634765625,-0.1461181640625
45.4453125,0.7288920084635416,0.22493499755859375,-0.02685546875002842
45.4609375,0.7290079025995164,0.22460693359375,-0.14306640625
45.4765625,0.7288683936709449,0.22496459960937487,-0.029846191406306843
45.4921875,0.7288927350725454,0.2247857666015625,-0.0506591796875
45.5078125,0.7289544968377977,0.2250390625,-0.08050537109375
45.5234375,0.7290093558175224,0.225322265625,0.14898681640625
45.5390625,0.7289050874255952,0.22496459960937487,0.04467773437497158
45.5546875,0.728957766578311,0.225233154296875,0.1461181640625
45.5703125,0.7289399646577381,0.224801025390625,-0.02679443359375
45.5859375,0.7290057227725074,0.225322265625,0.14306640625
45.6015625,0.7290246146065849,0.22492004394531237,-0.0089111328125
45.6171875,0.7290511358351928,0.22517333984375,0.0775146484375
45.6328125,0.7289392380487358,0.2250390625,0.0
45.6484375,0.7290529523577008,0.22518829345703126,-0.02679443359375
45.6640625,0.7289465041387642,0.2251434326171875,0.03576660156252842
45.6796875,0.7290006365094867,0.22439849853515612,-0.16693115234377842
45.6953125,0.728836422874814,0.2245025634765625,-0.0596923828125
45.7109375,0.7289283389136905,0.22511383056640638,-0.04168701171872158
45.7265625,0.7288731166294643,0.22489044189453125,-0.005920410156221578
45.7421875,0.7288734799339658,0.22493499755859375,-0.04766845703125
45.7578125,0.7289534069242931,0.2252178955078125,0.0357666015625
45.7734375,0.7290013631184896,0.22511383056640638,-0.014892578124971578
45.7890625,0.7288476853143594,0.225322265625,0.0357666015625
45.8046875,0.7289850144159227,0.22547149658203125,0.21459960937502842
45.8203125,0.7289261590866809,0.225516357421875,0.2027587890625
45.8359375,0.728926522391183,0.2256649780273439,0.1102294921875
45.8515625,0.729019528343564,0.22529266357421876,0.0804443359375
45.8671875,0.7288800194149926,0.2258438110351561,0.18176269531247158
45.8828125,0.7289497738792783,0.225322265625,0.0208740234375
45.8984375,0.7288509550548735,0.22553100585937486,0.08343505859369316
45.9140625,0.7288255237397694,0.2252178955078125,-0.0208740234375
45.9296875,0.7289036342075893,0.2254119873046875,-0.01190185546875
45.9453125,0.7288164411272321,0.225396728515625,-0.02392578125
45.9609375,0.7288702101934523,0.2258438110351561,0.03576660156244316
45.9765625,0.7288160778227306,0.22527770996093766,-0.0029907226562215783
45.9921875,0.728806631905692,0.22615692138671875,0.06262207031252842
46.0078125,0.7289548601422992,0.2259185791015625,0.1192626953125
46.0234375,0.728958493187314,0.2263507080078125,0.16394042968752842
46.0390625,0.7289657592773438,0.22579925537109374,0.11627197265625
46.0546875,0.7288767496744785,0.22579925537109374,0.07745361328125
46.0703125,0.7289167131696429,0.22579925537109374,0.08050537109375
46.0859375,0.7288593110584071,0.22614227294921874,0.05969238281252842
46.1015625,0.7289003644670758,0.2263507080078125,0.21459960937497158
46.1171875,0.7289225260416666,0.22614227294921874,-0.0029296875
46.1328125,0.7289003644670758,0.22633575439453124,0.08343505859375
46.1484375,0.7288313366117931,0.2266934204101561,0.06854248046872158
46.1640625,0.7288876488095238,0.2267083740234375,0.18182373046875
46.1796875,0.728927975609189,0.22666381835937485,0.17291259765622158
46.1953125,0.7289083571661086,0.226827392578125,0.20562744140625
46.2109375,0.7288462320963548,0.2267681884765625,0.12518310546875
46.2265625,0.7288131713867188,0.22694702148437484,0.11926269531247158
46.2421875,0.7288629441034227,0.22690216064453125,0.1519775390625
46.2578125,0.7288625807989211,0.22687225341796874,0.1072998046875
46.2734375,0.7288614908854166,0.2271258544921875,0.08648681640627842
46.2890625,0.7289163498651414,0.22706604003906236,0.07153320312497158
46.3046875,0.728933425176712,0.22666381835937485,0.0
46.3203125,0.7289083571661086,0.2272003173828125,0.0745849609375
46.3359375,0.7288778395879836,0.2267681884765625,0.0
46.3515625,0.7288455054873512,0.2267681884765625,-0.03576660156247158
46.3671875,0.7288455054873512,0.226812744140625,-0.01788330078125
46.3828125,0.7287841070265997,0.22687225341796874,0.0
46.3984375,0.7288909185500372,0.22733428955078125,0.04168701171875
46.4140625,0.7288106282552084,0.2272598266601561,0.03875732421875
46.4296875,0.7288825625465023,0.2276025390625,0.18774414062502842
46.4453125,0.7289130801246286,0.227021484375,-0.0357666015625
46.4609375,0.7289076305571056,0.2265740966796875,-0.038818359375
46.4765625,0.7288277035667783,0.2273046875,0.1072998046875
46.4921875,0.7289559500558036,0.22746826171875,0.131103515625
46.5078125,0.7288418724423357,0.22746826171875,0.11920166015625
46.5234375,0.7288237072172619,0.227677001953125,0.06854248046875
46.5390625,0.7288963681175595,0.2267977905273439,-0.09240722656244316
46.5546875,0.7288894653320312,0.22673797607421875,-0.17291259765625
46.5703125,0.728896004813058,0.22687225341796874,-0.02984619140625
46.5859375,0.7288327898297992,0.2278411865234375,0.25341796875
46.6015625,0.7288629441034227,0.22812408447265625,0.16387939453125
46.6171875,0.7288055419921882,0.2277215576171875,0.0506591796875
46.6328125,0.7288462320963548,0.22791564941406237,0.08947753906247158
46.6484375,0.7288680303664428,0.2280047607421875,0.0655517578125
46.6640625,0.7288033621651786,0.22812408447265625,0.2652587890624716
46.6796875,0.728867667061942,0.22822845458984375,0.298095703125
46.6953125,0.7288545880998883,0.227960205078125,0.21759033203125
46.7109375,0.7288498651413691,0.22822845458984375,0.07745361328125
46.7265625,0.7288909185500372,0.2277215576171875,-0.08050537109375
46.7421875,0.7288462320963548,0.22833282470703126,0.12225341796875
46.7578125,0.7288088117327008,0.2280792236328125,0.03271484375002842
46.7734375,0.7288811093284977,0.22840728759765624,0.08050537109375
46.7890625,0.7289661225818452,0.2283624267578125,0.04766845703125
46.8046875,0.7288785661969867,0.2280792236328125,-0.02984619140625
46.8203125,0.728866940452939,0.228094482421875,0.02685546875
46.8359375,0.728805178687686,0.22834747314453124,0.0238037109375
46.8515625,0.7289650326683408,0.22822845458984375,0.10137939453125
46.8671875,0.7287819271995908,0.2280792236328125,-0.05072021484375
46.8828125,0.7289323352632069,0.2280792236328125,0.0
46.8984375,0.7288920084635416,0.22779632568359376,-0.1221923828125
46.9140625,0.7288476853143594,0.2282733154296875,-0.017822265625
46.9296875,0.7289530436197916,0.2282733154296875,0.038818359375
46.9453125,0.728891281854538,0.2284967041015625,0.0804443359375
46.9609375,0.7288480486188617,0.228377685546875,0.00604248046875
46.9765625,0.7288564046223952,0.2280792236328125,-0.02984619140625
46.9921875,0.7288233439127604,0.22840728759765624,0.06561279296875
47.0078125,0.7288099016462046,0.22846710205078125,0.07757568359375
47.0234375,0.728836422874814,0.22879455566406237,0.19964599609372158
47.0390625,0.7288418724423357,0.22861572265625,0.0684814453125
47.0546875,0.7288138979957217,0.22864593505859376,0.07452392578125
47.0703125,0.7289773850213914,0.22860107421875,0.0208740234375
47.0859375,0.7289766584123883,0.22861572265625,0.047607421875
47.1015625,0.7288683936709449,0.22886932373046875,0.15802001953125
47.1171875,0.7289010910760789,0.2284967041015625,0.01788330078125
47.1328125,0.7288298833937872,0.2289288330078125,0.09234619140625
47.1484375,0.728865487234933,0.22901824951171876,0.04473876953127842
47.1640625,0.728867667061942,0.22940582275390625,0.15802001953125
47.1796875,0.7287830171130952,0.22940582275390625,0.1519775390625
47.1953125,0.7288734799339658,0.22894378662109374,0.06854248046875
47.2109375,0.7287641252790179,0.22940582275390625,0.15802001953125
47.2265625,0.7288734799339658,0.22948028564453124,0.1221923828125
47.2421875,0.7288564046223952,0.22936126708984375,0.17291259765625
47.2578125,0.7288255237397694,0.2288543701171875,-0.014892578125
47.2734375,0.7288215273902523,0.2293310546875,0.06256103515625
47.2890625,0.7288720267159599,0.229107666015625,-0.05963134765625
47.3046875,0.7287957327706474,0.22979309082031235,0.07745361328122158
47.3203125,0.7288436889648438,0.22948028564453124,0.1072998046875
47.3359375,0.728866940452939,0.2296295166015625,0.04473876953125
