# Time (seconds),Pressure (envelope),Temperature (high-pass)
0.0078125,0.0,0.0
0.0234375,0.0012249127030194984,0.017009317874904895
0.0390625,0.0031602061062435682,0.0076261493377352
0.0546875,0.0038445766500545646,-0.007209659812364322
0.0703125,0.004165241534302299,0.02130907562806783
0.0859375,0.004614166879170368,0.013746913755639412
0.1015625,0.004008368956514697,-0.00041001403737439546
0.1171875,0.005466507466524179,-0.00040681080270843495
0.1328125,0.005373774949176686,-0.0029849309445992844
0.1484375,0.005598576886857274,0.00627353248989948
0.1640625,0.004991373671366499,0.009918577981924415
0.1796875,0.006596378548708404,0.008001630149028216
0.1953125,0.0059965235544427965,0.01421447322937297
0.2109375,0.006538585358477126,-0.004374434455609588
0.2265625,0.005714098784426813,0.014137597926453083
0.2421875,0.005884181826390053,0.005897193604578632
0.2578125,0.004997932463666083,0.008810909625157848
0.2734375,0.004231251401791674,0.002830068492375659
0.2890625,0.004865217735487818,0.008719964483614007
0.3046875,0.004434154857550499,0.00828092005664871
0.3203125,0.005541392911453687,0.018571697933403186
0.3359375,0.0064544646366374095,0.0025300477817005174
0.3515625,0.005571880320634629,0.002510281783404622
0.3671875,0.004848971605844216,-0.0074938826532928715
0.3828125,0.005835303612703689,0.0025492161651996526
0.3984375,0.006605407623572778,0.02174899693566701
0.4140625,0.00614702881071877,0.007900472572249129
0.4296875,0.005898673952630498,0.015226865059478456
0.4453125,0.006067936082009441,0.0069855206280138304
0.4609375,0.005312512977615994,0.01690792931848506
0.4765625,0.006447952162799923,0.011598099838330711
0.4921875,0.006486781559444862,0.0070715928098685765
0.5078125,0.008116740694101853,0.0036856384409915677
0.5234375,0.007514188886586651,0.007729391349595716
0.5390625,0.008657169261699803,0.003967378225190998
0.5546875,0.008201783271682228,-0.001975622818530809
0.5703125,0.007732919890163257,0.010984152440610018
0.5859375,0.007177182461498002,0.0034950842406971105
0.6015625,0.007032151485439179,0.01677546951549047
0.6171875,0.007199277008403342,0.017757170273213774
0.6328125,0.008259962918359407,0.01428773483040402
0.6484375,0.0073978393698997495,0.016030710424232097
0.6640625,0.006446992561143901,0.012203843244549262
0.6796875,0.006304544134022295,0.01914083552373569
0.6953125,0.007903083080808133,0.0023528995757402527
0.7109375,0.009014379338561852,-0.00284321873454374
0.7265625,0.008410135671611899,0.0064217073632057975
0.7421875,0.009118860190863304,-0.001765986353529314
0.7578125,0.00842437439199721,0.006756254247253679
0.7734375,0.007673009739280763,0.0067034710109474815
0.7890625,0.007205670848405467,0.010345157608274036
0.8046875,0.007270001996583088,-0.0019381652325378695
0.8203125,0.007005497741931541,0.006214500811299928
0.8359375,0.006973323472160487,0.0065368697281478205
0.8515625,0.006252191290545615,0.012768726039169565
0.8671875,0.006197568449836779,0.016370597621474303
0.8828125,0.007180720715439915,0.017711241565532276
0.8984375,0.006118277433368205,0.014991574139518349
0.9140625,0.005982860222899454,0.0189394296355907
0.9296875,0.0060761951233746295,0.01102486091803101
0.9453125,0.0062038707515015765,0.019076253320072567
0.9609375,0.00885259147207055,0.010055426344059981
0.9765625,0.009389800757483331,0.014776115113772192
0.9921875,0.008805061542553744,0.013555487391020193
1.0078125,0.010547918474384813,0.009755527681178933
1.0234375,0.009124347890102726,0.02151089421372987
1.0390625,0.00786188205916337,0.02244802967610937
1.0546875,0.0079155461880013,0.021538384825277035
1.0703125,0.00793578460919367,0.021370116193828892
1.0859375,0.008820149197551076,0.01269471832866742
1.1015625,0.011441689103481912,0.0051998561226405116
1.1171875,0.010527238449004574,0.011820647346777235
1.1328125,0.013263744260246712,0.0069139121715871
1.1484375,0.012018069498330074,0.009448765373917922
1.1640625,0.010436606942296376,0.02120652848699578
1.1796875,0.00890945004072506,0.02067750256864187
1.1953125,0.00788333218469069,0.008313458282827924
1.2109375,0.008078667359383647,0.01120829723560135
1.2265625,0.006857116628636031,0.023315663920563168
1.2421875,0.008709848566573156,0.020544642155009285
1.2578125,0.00845584417266532,0.022602085574906283
1.2734375,0.007320993497435813,0.019473288725631477
1.2890625,0.0062289164028416725,0.004900703923730987
1.3046875,0.0054292438314459445,0.0019101991185976885
1.3203125,0.006284608058402634,0.020002213096429244
1.3359375,0.008634735620775106,0.008392853708375725
1.3515625,0.008598325683141152,0.012763181412253743
1.3671875,0.007821977952005605,0.011914059858710857
1.3828125,0.0073522176395163395,0.013304660083814923
1.3984375,0.00661581454087928,0.02170159146941586
1.4140625,0.00687471558347057,0.0074825177567632295
1.4296875,0.009171003143615807,0.021473590616086113
1.4453125,0.010706049207721616,0.017240851020364545
1.4609375,0.010980175974510691,0.02893016867443876
1.4765625,0.01069656971514467,0.03425280771845962
1.4921875,0.011644869505145747,0.024750063996659577
1.5078125,0.015504006826002307,0.017902858811474687
1.5234375,0.03393727543451608,0.013327095853533422
1.5390625,0.06467960495824714,0.022829041283117135
1.5546875,0.0889513417240906,0.020061821256913248
1.5703125,0.12486070000562123,0.010669944616847005
1.5859375,0.16560334288028922,0.02167632785821283
1.6015625,0.1822902031510517,0.02187033146137196
1.6171875,0.23248218611219973,0.007657509257416706
1.6328125,0.24414026158882474,0.0201635361778969
1.6484375,0.23637703370505897,0.033313699171923616
1.6640625,0.23849970311340468,0.020858504390034227
1.6796875,0.23633001788250305,0.020695547324486085
1.6953125,0.24371603619079912,0.01609796648753914
1.7109375,0.24172368229304259,0.023731235757992408
1.7265625,0.2557946269588807,0.01023814485820651
1.7421875,0.24162324990303696,0.014223136520541857
1.7578125,0.24676926326538054,0.01411201826647357
1.7734375,0.23394739260440506,0.013267498504774267
1.7890625,0.23277155570281066,0.029052835144419475
1.8046875,0.23304270813615285,0.014783899630444353
1.8203125,0.19993201463532445,0.008385474808807913
1.8359375,0.21325948595042965,0.011272181342594223
1.8515625,0.22301696201997054,0.015620014299326357
1.8671875,0.2317923112868599,0.008473217922965404
1.8828125,0.20940479351519398,0.011730158668104451
1.8984375,0.18685098385533802,0.002403373142012555
1.9140625,0.21056940677067087,0.006078654253940385
1.9296875,0.2413580062420321,0.01010371172650082
1.9453125,0.2159733748210026,0.0052179599007260435
1.9609375,0.19189254549066992,0.00036280822120815515
1.9765625,0.1701980652187407,0.011086366051113572
1.9921875,0.18391580574256286,0.0028622296883753506
2.0078125,0.1803778881242473,-0.003435487296947315
2.0234375,0.18985101651931405,-0.0023034582290151207
2.0390625,0.1842702697491387,-0.0067213593350743395
2.0546875,0.19057352208042813,-0.014064533434353876
2.0703125,0.18164823856126913,-0.007300808956681948
2.0859375,0.15683265433917323,-0.018696863484951365
2.1015625,0.1480459136943798,-0.014114897365498535
2.1171875,0.14860962610857567,-0.017706251984321852
2.1328125,0.13110900166638373,-0.020891059650853805
2.1484375,0.13280018644320196,-0.01888838930491943
2.1640625,0.11888931675910966,-0.020209363001452374
2.1796875,0.10483978160496146,-0.02929419080438933
2.1953125,0.11123335853183294,-0.04089691153129138
2.2109375,0.10271842963718798,-0.044649951368878504
2.2265625,0.08979554670886529,-0.029880673890072984
2.2421875,0.07629912682596707,-0.03814810516781719
2.2578125,0.07651438472162726,-0.04635094713870558
2.2734375,0.0701631623899885,-0.050424727237654565
2.2890625,0.07173319688115805,-0.0511359733795409
2.3046875,0.06897008104317495,-0.035581754234787155
2.3203125,0.07223365166495828,-0.0504584911325523
2.3359375,0.10431668318290496,-0.05708904918522606
2.3515625,0.10094541478152014,-0.05147287449600313
2.3671875,0.09822242204690845,-0.05808793788876443
2.3828125,0.09721284839783408,-0.04210848681685064
2.3984375,0.08906812883605794,-0.06581359715315216
2.4140625,0.08613523688119519,-0.06308147998865721
2.4296875,0.08395100382931163,-0.05851610896731785
2.4453125,0.08727372981340359,-0.06952718354402165
2.4609375,0.08536145977370471,-0.08044466431070418
2.4765625,0.09114193780027431,-0.08092137969420676
2.4921875,0.0928558326329342,-0.08767729634454824
2.5078125,0.10299482470793604,-0.0851528585244381
2.5234375,0.10225069720344966,-0.09002868801411168
2.5390625,0.10053874399495477,-0.08562371163452198
2.5546875,0.10665578802031778,-0.09198711119190861
2.5703125,0.0949311901357765,-0.09570435875919614
2.5859375,0.08426883462604992,-0.08348843677838502
2.6015625,0.08185185375304561,-0.10391047841000045
2.6171875,0.07846700944218116,-0.09829186121950784
2.6328125,0.08300809525305038,-0.10122558330821718
2.6484375,0.08699770590438619,-0.1074595234532687
2.6640625,0.0804858585044749,-0.10883794436302807
2.6796875,0.07426409569675153,-0.10355175104921344
2.6953125,0.07540766240354255,-0.1145667647968196
2.7109375,0.07128648678260441,-0.11551874067913914
2.7265625,0.0726650610711563,-0.11314014148972262
2.7421875,0.07051680175816889,-0.12297505661358343
2.7578125,0.06005693359753033,-0.12940242891298936
2.7734375,0.05517576640493273,-0.13024607095929142
2.7890625,0.047525643843627556,-0.12220375851527265
2.8046875,0.04202758509741366,-0.134185812567857
2.8203125,0.05742367565054194,-0.11982979528674775
2.8359375,0.06591770593758006,-0.11963546441994666
2.8515625,0.07360377428473684,-0.12387854863650816
2.8671875,0.0636091878441361,-0.13547659868683937
2.8828125,0.05938418116008512,-0.12332844557591116
2.8984375,0.07557471466246757,-0.1223649420948476
2.9140625,0.07848055473073527,-0.1443227199710897
2.9296875,0.07533547447304978,-0.14319519872131536
2.9453125,0.08672506966736754,-0.12803452599189313
2.9609375,0.0799011798924778,-0.14107621649699098
2.9765625,0.08843057616018184,-0.12666636793518649
2.9921875,0.0880081121983346,-0.1500817895296862
3.0078125,0.07485950169216225,-0.14224786044888305
3.0234375,0.06389023566248292,-0.14741947464490224
3.0390625,0.06189936044483968,-0.13998483439346288
3.0546875,0.054303211883033914,-0.1451741284805408
3.0703125,0.06145836838828204,-0.14922526167401884
3.0859375,0.0550811924373538,-0.1558184739508306
3.1015625,0.0663048908456034,-0.16753791303907306
3.1171875,0.062225091007066274,-0.15662295972752105
3.1328125,0.055798077973427465,-0.15243198521915602
3.1484375,0.05471359535344237,-0.14791797257446504
3.1640625,0.04839449322282908,-0.14972215125933985
3.1796875,0.0448552270150121,-0.1459635788114504
3.1953125,0.0776069236213857,-0.15961460779015724
3.2109375,0.07819910424377134,-0.15207712327113398
3.2265625,0.0782539930290118,-0.15532491761905476
3.2421875,0.08442826462774247,-0.1674191323205818
3.2578125,0.10473474401945934,-0.16426414161702496
3.2734375,0.09159995669677662,-0.1770227882500528
3.2890625,0.10047018212420844,-0.1686226024920856
3.3046875,0.08730677828985148,-0.15990955369103332
3.3203125,0.07798333718772538,-0.15976544962624217
3.3359375,0.09905060733456142,-0.167025725883434
3.3515625,0.0862786471138293,-0.17237468271018486
3.3671875,0.08534026524855956,-0.15586571635889968
3.3828125,0.07626786350941236,-0.1672214364512783
3.3984375,0.07872358724474561,-0.16776204771130665
3.4140625,0.08146725520230766,-0.17828298830612255
3.4296875,0.07487657000177468,-0.16505857086742282
3.4453125,0.06563931066115081,-0.16857586736043118
3.4609375,0.06399326791150797,-0.16947681683341642
3.4765625,0.06454946150953576,-0.17037072763864103
3.4921875,0.05897789606930249,-0.17162857447013735
3.5078125,0.0588172049744774,-0.16289204151300396
3.5234375,0.050884134007020576,-0.16457923528429674
3.5390625,0.04734861293516262,-0.17327801286889866
3.5546875,0.04068010915405902,-0.17598925556239564
3.5703125,0.039733247085650854,-0.1686947638120948
3.5859375,0.07062965766001211,-0.1755067903078853
3.6015625,0.08643631409376573,-0.16342439081924098
3.6171875,0.11407877122925533,-0.15363919393356795
3.6328125,0.0992489749885597,-0.16463381923807674
3.6484375,0.09268084537968409,-0.16520221604746155
3.6640625,0.09276168273131304,-0.16464584335357912
3.6796875,0.09489244103918439,-0.18110313519627752
3.6953125,0.09918941035030732,-0.1748814503746452
3.7109375,0.09366533609988228,-0.16539280449540428
3.7265625,0.09126876435305116,-0.18109485150541715
3.7421875,0.08548249061166874,-0.1719210133443987
3.7578125,0.07723483463197676,-0.16170608668069875
3.7734375,0.07515586112327607,-0.1685727122165801
3.7890625,0.07037494321812694,-0.16356168043778396
3.8046875,0.06743861513786614,-0.17928560289438877
3.8203125,0.0891218957334132,-0.17788493412177786
3.8359375,0.09697920373820376,-0.18426181249747486
3.8515625,0.14896197036497355,-0.17024884608590085
3.8671875,0.12745105502770168,-0.17816149042724305
3.8828125,0.16051673289616913,-0.17271219640413094
3.8984375,0.13809476186431519,-0.17764580797549812
3.9140625,0.1280017872360546,-0.16368452909925324
3.9296875,0.12222153374398825,-0.1853270674919152
3.9453125,0.11082848628386968,-0.17463648632574902
3.9609375,0.1002080676381829,-0.1751191675086332
3.9765625,0.08513793254732438,-0.17449288842134436
3.9921875,0.07565395225159881,-0.16683916733489212
4.0078125,0.06613854659414688,-0.16923736359457564
4.0234375,0.06363777857243974,-0.16643151787374322
4.0390625,0.05518681104251074,-0.1725345261493274
4.0546875,0.05415172157594619,-0.186341319516508
4.0703125,0.051378937534841386,-0.18192574011217744
4.0859375,0.043421347195004976,-0.17015654249273737
4.1015625,0.03677347796376318,-0.16956146412349682
4.1171875,0.03741713827657441,-0.16527697733942404
4.1328125,0.03350615981178371,-0.17212327508191905
4.1484375,0.04382951929261571,-0.16745542423517534
4.1640625,0.05966123263109223,-0.16872847708463112
4.1796875,0.05724750148295258,-0.17295137205430677
4.1953125,0.07420706669654861,-0.16605910326323325
4.2109375,0.07970752778711422,-0.1758515087026744
4.2265625,0.0718576478979696,-0.17447766879093507
4.2421875,0.0659988551225171,-0.1720018028901933
4.2578125,0.06448511705564292,-0.17916648263751256
4.2734375,0.05776238327848653,-0.17295992791399684
4.2890625,0.05839984762319256,-0.17419754661834475
4.3046875,0.07446298633239617,-0.18428972038362446
4.3203125,0.0632598121545993,-0.17546184201392734
4.3359375,0.06310242919337133,-0.17446196607762943
4.3515625,0.07529059801239084,-0.1849229937703214
4.3671875,0.07358655033957995,-0.18310736317705434
4.3828125,0.06429423161241522,-0.18167683690223413
4.3984375,0.0711377638290079,-0.1702805035435624
4.4140625,0.06708203466700645,-0.16118358268610677
4.4296875,0.056864590622038254,-0.16879612969331603
4.4453125,0.048767786743664054,-0.18005083093152408
4.4609375,0.04580755601173693,-0.18678170794283133
4.4765625,0.03887087829211039,-0.19197632115973917
4.4921875,0.037333666021865046,-0.18382266084046606
4.5078125,0.05075920051972466,-0.1731438328512631
4.5234375,0.049424315529705554,-0.19174511279786088
4.5390625,0.053925965770914304,-0.17768125289258307
4.5546875,0.04635279515906242,-0.18405215273799413
4.5703125,0.04457628748395441,-0.17929110753456712
4.5859375,0.04852478336143956,-0.1860203500950277
4.6015625,0.055140250679163436,-0.18235668746305933
4.6171875,0.052104130040693926,-0.18720738165814055
4.6328125,0.047918650251252914,-0.1920353193845976
4.6484375,0.05661512004740433,-0.1868409859873026
4.6640625,0.07265053881470934,-0.17650949703733332
4.6796875,0.06961163271540137,-0.18437323004311423
4.6953125,0.08275007928082835,-0.18995000940816453
4.7109375,0.07109375529969537,-0.1884660249596628
4.7265625,0.07410011993865157,-0.17997643891490256
4.7421875,0.06876771941455935,-0.1937175225487202
4.7578125,0.08453217769739468,-0.19368778322155222
4.7734375,0.08643172022512752,-0.18736778083721717
4.7890625,0.0984737365484325,-0.17925012473922308
4.8046875,0.08437015478900362,-0.1845035784499025
4.8203125,0.07317453760051655,-0.18638528200343174
4.8359375,0.06376656290982799,-0.18530763648210424
4.8515625,0.05628658090117535,-0.18496510989550785
4.8671875,0.054761036835067195,-0.18352006997444903
4.8828125,0.06502494611171936,-0.19280514190702291
4.8984375,0.062453144437523415,-0.19462955928592152
4.9140625,0.07090672829287178,-0.17018769207775364
4.9296875,0.07152822826445607,-0.18327855046712926
4.9453125,0.08672875299884042,-0.17481435198707374
4.9609375,0.07744876846449719,-0.1782630012299684
4.9765625,0.09025601674854222,-0.17390296389736193
4.9921875,0.07961186290455585,-0.18179463023318831
5.0078125,0.0687680203235817,-0.1814795490079142
5.0234375,0.06333690776001967,-0.17673103248124278
5.0390625,0.06894549660119438,-0.17461605167099492
5.0546875,0.0744256239081716,-0.17398613338630398
5.0703125,0.07767102486487303,-0.16893280925462406
5.0859375,0.08162424326796244,-0.18166255171161794
5.1015625,0.07705293817859621,-0.15953993768686203
5.1171875,0.08678128900412259,-0.16568921664276814
5.1328125,0.08936556512611993,-0.1780658101727184
5.1484375,0.09910384150691885,-0.1707702349192921
5.1640625,0.10975623781235358,-0.16462170609118587
5.1796875,0.11881343133339761,-0.15779451281544965
5.1953125,0.12489633699089984,-0.16432834760760429
5.2109375,0.1289396109588019,-0.16710193977106869
5.2265625,0.13149827969911654,-0.17466824961355343
5.2421875,0.13765516734315633,-0.14854287119479181
5.2578125,0.14144019320693005,-0.1536653056193522
5.2734375,0.1430364357801401,-0.16614340574406228
5.2890625,0.14479939261690053,-0.15819156507647492
5.3046875,0.1467322890444643,-0.15695569347431615
5.3203125,0.1470513332444367,-0.1553585574146119
5.3359375,0.1462026200626094,-0.15119260062908424
5.3515625,0.14482056772347335,-0.16848926554955312
5.3671875,0.14448824342308134,-0.15534893135977512
5.3828125,0.14449236506065735,-0.1526515890157789
5.3984375,0.14311042072236274,-0.1525717575899037
5.4140625,0.14537348730816682,-0.1450968651279574
5.4296875,0.14518437806989956,-0.1417453474324084
5.4453125,0.14297658368665295,-0.13952520279228153
5.4609375,0.1424623501072136,-0.14767030580696883
5.4765625,0.13970403207709906,-0.13691056817691205
5.4921875,0.13664049585961538,-0.15321362215248868
5.5078125,0.13371718043248643,-0.14536279541921004
5.5234375,0.13199409182515998,-0.14755028634015943
5.5390625,0.13077359854922305,-0.12791969261524372
5.5546875,0.13157154406720642,-0.12507329128439082
5.5703125,0.12768787433200238,-0.13370221956216355
5.5859375,0.12761048688065219,-0.15336104631134262
5.6015625,0.12517472875057115,-0.15031588440473698
5.6171875,0.12200160520109657,-0.1265911374860167
5.6328125,0.11973359165380729,-0.13632853649354004
5.6484375,0.11896930863764446,-0.14338585435037032
5.6640625,0.11886226979332316,-0.13487753743405761
5.6796875,0.11895330861542446,-0.12790423098163117
5.6953125,0.11679550992929899,-0.12690497917708754
5.7109375,0.11491580850676174,-0.13146219001405157
5.7265625,0.11387033577573069,-0.12637016448552885
5.7421875,0.11127407149173664,-0.11688202353296973
5.7578125,0.10836590556289759,-0.12298607794888383
5.7734375,0.10575091538164995,-0.13089704296185545
5.7890625,0.10146024256498717,-0.1191555873344683
5.8046875,0.10030335172679443,-0.13227421433771624
5.8203125,0.1013217053087329,-0.12125626917794108
5.8359375,0.10104145824537532,-0.1184694956325778
5.8515625,0.1006602221924112,-0.11754395269794671
5.8671875,0.0992989584164957,-0.10590681808824698
5.8828125,0.09768277909625747,-0.10618461039535276
5.8984375,0.09504715620955596,-0.12013884277492437
5.9140625,0.09374553205529033,-0.09369006614832642
5.9296875,0.09195252610250053,-0.1018299062534922
5.9453125,0.0899735473086036,-0.09475900429500328
5.9609375,0.08962334897529359,-0.09327686016506931
5.9765625,0.08904143050956853,-0.0925481346950292
5.9921875,0.08828829364372526,-0.1025439248719735
6.0078125,0.08553506598520504,-0.08141034482384413
6.0234375,0.08331428591023098,-0.09334017771645264
6.0390625,0.08161556513020356,-0.0767143988164456
6.0546875,0.07952172009287872,-0.08425259170365251
6.0703125,0.07907099083480276,-0.0821106895132182
6.0859375,0.08170142638981018,-0.07962974080897922
6.1015625,0.07865372053954525,-0.07124102903538798
6.1171875,0.0772482306711168,-0.0669828312415639
6.1328125,0.07644819809602894,-0.07349186267702379
6.1484375,0.07221493247784169,-0.06736905151306871
6.1640625,0.07139114257702155,-0.06535905198037639
6.1796875,0.07139877343932456,-0.06559784358553955
6.1953125,0.07148640977877471,-0.0776436418541877
6.2109375,0.06893767651543965,-0.06780190724070323
6.2265625,0.06906862896761601,-0.06283630796691142
6.2421875,0.06766646480894087,-0.06714464609894577
6.2578125,0.06853475848788199,-0.06478061960888581
6.2734375,0.06808082145508425,-0.049483151580020035
6.2890625,0.06772193804426824,-0.06314609448759967
6.3046875,0.06698461146302725,-0.0456510175393916
6.3203125,0.06514166946500913,-0.046399558288289455
6.3359375,0.0641850005529355,-0.054174585867123426
6.3515625,0.062113043976045994,-0.045613822787075264
6.3671875,0.062313279135365156,-0.04599173441554072
6.3828125,0.06127891104677051,-0.05561697685067912
6.3984375,0.05992763464190203,-0.05260117086774585
6.4140625,0.059057000914921616,-0.04997227578360608
6.4296875,0.05811912173093029,-0.04439656130681158
6.4453125,0.05708172215049927,-0.040363225496889754
6.4609375,0.06017287356551935,-0.05113762998137972
6.4765625,0.0605922088917,-0.051472386866137754
6.4921875,0.05871579554755684,-0.039246247041074156
6.5078125,0.056881452474559495,-0.038190226537306415
6.5234375,0.05386259816392878,-0.05119955601290371
6.5390625,0.05376284457045926,-0.04082257641118403
6.5546875,0.053347941567922025,-0.03717294248292191
6.5703125,0.05176659450819263,-0.04058415612426103
6.5859375,0.050365866964371876,-0.05430905264395136
6.6015625,0.04862325993204924,-0.03689058487503516
6.6171875,0.0475007900466132,-0.04472476172889017
6.6328125,0.046558149608437925,-0.027381171232747192
6.6484375,0.045168722845182495,-0.03528964038067528
6.6640625,0.044844546359232976,-0.020971979825791465
6.6796875,0.04515014639571779,-0.025978302725860658
6.6953125,0.04376909639723137,-0.019499991419934304
6.7109375,0.04144576817309434,-0.03819642455428607
6.7265625,0.0441940603534972,-0.03789801498745504
6.7421875,0.045865247919777266,-0.023923326420504765
6.7578125,0.04472343042219437,-0.014864631685895802
6.7734375,0.04461480318246011,-0.02028958794775093
6.7890625,0.04224752588586383,-0.02013107554190796
6.8046875,0.04016021797738874,-0.022570239445297346
6.8203125,0.04107863212515659,-0.027934995646532457
6.8359375,0.03908556252664169,-0.013674793253631634
6.8515625,0.03708371319076783,-0.016149257282624063
6.8671875,0.038428181152815606,-0.010474435223319034
6.8828125,0.03943249682311571,-0.004117247882248876
6.8984375,0.039563269451219,-0.013327795334554082
6.9140625,0.04055121748848927,-0.01062723400244181
6.9296875,0.03886974369132036,-0.02496465847053031
6.9453125,0.03685516311823415,-0.010349172342493773
6.9609375,0.03669371979881646,-0.02098714191281914
6.9765625,0.035887153437006256,-0.01897615113431783
6.9921875,0.03750410850659336,-0.019940659066897126
7.0078125,0.03846550088977237,-0.013501947062163566
7.0234375,0.03932110415631514,-0.01746144026977703
7.0390625,0.037178581252762986,-0.007348039697294695
7.0546875,0.036143568773609,-0.016533346588545328
7.0703125,0.036373893323099794,-0.014186231381586367
7.0859375,0.038744296986039185,-0.014075401448916836
7.1015625,0.03871692808715412,-0.01285267826178682
7.1171875,0.0400628580217206,-0.00684026081152922
7.1328125,0.04020315046513293,0.0013507028540225008
7.1484375,0.03884070058339838,-0.003837585794375542
7.1640625,0.03861425573916619,-0.0034366849509162023
7.1796875,0.03728053058985716,-0.012281629596685661
7.1953125,0.03630652040270971,0.0014929309593973983
7.2109375,0.035623713759538,0.002594026549584072
7.2265625,0.035670119870289334,-0.011483339102014156
7.2421875,0.036487949181755124,-0.0065868089373672944
7.2578125,0.03829677652793088,-0.013560114507193077
7.2734375,0.037815548307007354,-0.017511583491753413
7.2890625,0.03980796677529382,-0.017003854541290053
7.3046875,0.040006983571555375,0.00012316636744813536
7.3203125,0.0363093412133445,-0.013185486490218778
7.3359375,0.03496292676280554,-0.018252641369475242
7.3515625,0.03382653371950768,-0.01035100797513877
7.3671875,0.03368084483127169,-0.016545496541219507
7.3828125,0.03402791412698506,-0.0190126727805513
7.3984375,0.0341644369734588,-0.021453004415629806
7.4140625,0.03142407598772032,-0.007599222703884578
7.4296875,0.03115566471147651,-0.01825867625576194
7.4453125,0.031483719462274365,-0.006662938249270667
7.4609375,0.030808135238665723,-0.007345153663191439
7.4765625,0.030538594992133152,-0.0050773910033470315
7.4921875,0.0309424027556387,-0.0020779360405249747
7.5078125,0.02832078582320472,0.0031160341171450057
7.5234375,0.027383988762374877,-0.021305742703503938
7.5390625,0.027217370300539282,-0.014856365982858222
7.5546875,0.02568740392766767,-0.002537799326624679
7.5703125,0.021986995514241738,-0.006953869642856603
7.5859375,0.024712057415988614,-0.017255015100968052
7.6015625,0.027723198144762352,-0.014531342154317173
7.6171875,0.025648435751754003,-0.015152085662723636
7.6328125,0.025019548364173784,-0.004322457304123617
7.6484375,0.023338279250202106,-0.010564043922322242
7.6640625,0.022437220839436382,-0.009012973091202525
7.6796875,0.02234331568239039,-0.0130075364079687
7.6953125,0.018999580629232137,-0.012164075620901826
7.7109375,0.017082421544170542,-0.005778548384451909
7.7265625,0.016940357544777886,-0.00870076111069551
7.7421875,0.017276060166437523,-0.017133660457030686
7.7578125,0.018585710216422982,-0.008498929692198232
7.7734375,0.019088799187625828,-0.018038595169915794
7.7890625,0.019989063225918865,0.002798136904470283
7.8046875,0.019672322118727853,-0.0005468613002612699
7.8203125,0.01705400137260538,0.002417198899262729
7.8359375,0.014802974194609304,0.0009146357151124107
7.8515625,0.015270612282682292,0.009045014251551464
7.8671875,0.016031644810157987,-0.005809449570577385
7.8828125,0.013966114420636408,0.0027292410068184836
7.8984375,0.014131588970650446,-0.002091327976572188
7.9140625,0.014403014092984804,0.008272913298053908
7.9296875,0.015705659018883766,0.01338601744525647
7.9453125,0.01552915713485669,-0.003727878690938269
7.9609375,0.0139366585569664,-0.013675737709039737
7.9765625,0.011867108558040742,-0.0006321250922063371
7.9921875,0.010352577304454191,-0.003586974460532133
8.0078125,0.011274769667734635,0.016781074202398827
8.0234375,0.012770003595210262,0.0025928722410100136
8.0390625,0.013089050574438947,0.005539973062120396
8.0546875,0.014014330017296754,0.00364209350038891
8.0703125,0.01326899292283461,0.015445221237474271
8.0859375,0.014192134665095916,0.008670710136353676
8.1015625,0.013883958993733837,0.0034252339310612
8.1171875,0.013324830467119545,0.007471021249898513
8.1328125,0.012466297582815996,0.005928975078631993
8.1484375,0.012400599467992487,0.004769895847520189
8.1640625,0.010728174837163115,0.0032565220083533575
8.1796875,0.011771063356897371,0.012102874177109868
8.1953125,0.011971409768152617,0.000555228374366834
8.2109375,0.010819601027312152,0.00017240115836969494
8.2265625,0.011133441355661244,0.0016547330920673176
8.2421875,0.01160220808168949,0.008295650800000942
8.2578125,0.011374868163748754,0.013030087816147784
8.2734375,0.011834668153001826,0.011088831312669356
8.2890625,0.014441746415701211,0.014696257282636793
8.3046875,0.01330981657027928,0.021598637997382042
8.3203125,0.012229930790429059,0.029938342470426704
8.3359375,0.011720021885324368,0.02119600533747601
8.3515625,0.013543939408495907,0.014013216321011157
8.3671875,0.01419798811872229,0.016485036419794596
8.3828125,0.016051553910305577,0.009702401762552881
8.3984375,0.014758876610151822,0.024047051482515513
8.4140625,0.013681844201219217,0.009817223653396212
8.4296875,0.015124114955293763,0.01157998553601658
8.4453125,0.017084599520909693,0.01408595483007602
8.4609375,0.016662660570746658,0.015452017335828572
8.4765625,0.01799259106672102,0.019025355914990882
8.4921875,0.016550666992438758,0.029224623096716584
8.5078125,0.015522358112914704,0.011994557643753012
8.5234375,0.016026869823701214,0.030015357360493766
8.5390625,0.015450929014131075,0.020538148929730937
8.5546875,0.013945517416638594,0.01039314178095907
8.5703125,0.017314114825465486,0.012166543882976555
8.5859375,0.016261073776386314,0.011329653350021118
8.6015625,0.017313250109005876,0.027137699194820897
8.6171875,0.016288804417855646,0.019159081496336938
8.6328125,0.017579613228449965,0.017169942229735113
8.6484375,0.016574109178456357,0.013334174801578058
8.6640625,0.01779556286129564,0.00952837430645559
8.6796875,0.019387560269925334,0.010203343080945615
8.6953125,0.019598153027381344,0.013810117137840194
8.7109375,0.016935469229375385,0.019992720993361246
8.7265625,0.015887238246857407,0.0157639809016743
8.7421875,0.015046387495406818,0.023044079309855192
8.7578125,0.014005643219903914,0.019533339890198675
8.7734375,0.016505498571780044,0.018275546348881733
8.7890625,0.016755943929276144,0.009995244515071278
8.8046875,0.015285011619617666,0.020272629231993022
8.8203125,0.013853197931530137,0.017146891680621223
8.8359375,0.012673176482925756,0.018867530111553066
8.8515625,0.011620902159965823,0.0246321334338937
8.8671875,0.010391426511315437,0.03552943707512313
8.8828125,0.012475446009070485,0.023427851545299916
8.8984375,0.013067415835484913,0.030632936384304088
8.9140625,0.01199312840623384,0.01597316683506733
8.9296875,0.011123904847689612,0.021767952160391957
8.9453125,0.012325124407164783,0.023815838470877537
8.9609375,0.010911626559316925,0.026960484782872385
8.9765625,0.009213406466938677,0.010845727444024789
8.9921875,0.008173122086814092,0.03627118711578703
9.0078125,0.009543465972228472,0.027116024719497034
9.0234375,0.00915005118719476,0.01840330673386248
9.0390625,0.008392583887777172,0.008653467534070813
9.0546875,0.0074224251228167965,0.02152263323494097
9.0703125,0.006578488987518565,0.02689557385970076
9.0859375,0.0066924421569118445,0.02853248092121774
9.1015625,0.006509509072818742,0.018325018053761966
9.1171875,0.008358628101818356,0.020778291781272884
9.1328125,0.007768334013921588,0.016180064503259928
9.1484375,0.0072833928317592445,0.021594743946227624
9.1640625,0.006178775552771775,0.02475674255919813
9.1796875,0.005844532762428329,0.01569153676100754
9.1953125,0.007093016438111983,0.02887663725048384
9.2109375,0.006954095120308258,0.024215141648490146
9.2265625,0.006051208147858782,0.02734909861452195
9.2421875,0.005907404445751533,0.038596095669717556
9.2578125,0.006985974140807942,0.04309381046032357
9.2734375,0.006912525195441536,0.03352199640460185
9.2890625,0.007616107902835366,0.03769600268116591
9.3046875,0.008707895892690448,0.02261770301193522
9.3203125,0.009635680476946434,0.04091885932004047
9.3359375,0.010542112153605915,0.0435589685772122
9.3515625,0.009381905873283403,0.040258876289595236
9.3671875,0.010187536753974807,0.034395697831797634
9.3828125,0.008603311142601853,0.026367946808850462
9.3984375,0.007756540605600866,0.04132423636701077
9.4140625,0.007534176668445864,0.03064591820569973
9.4296875,0.006405896242053091,0.03632607266094112
9.4453125,0.005733468236301371,0.03418767669609224
9.4609375,0.005000733085002572,0.03724372323206282
9.4765625,0.004396052434279791,0.0380655157576264
9.4921875,0.005023160673120877,0.03776812891576853
9.5078125,0.004352536078770588,0.0311901398028418
9.5234375,0.004476786296469472,0.03833458176483262
9.5390625,0.003855276392264781,0.038035092844793894
9.5546875,0.004775356552597478,0.0384873528807006
9.5703125,0.004995651564840969,0.02746027816719021
9.5859375,0.004882135253327972,0.03797213701313851
9.6015625,0.007662625364863352,0.04247472648075146
9.6171875,0.006648089870090428,0.04029586394782214
9.6328125,0.007078872269508028,0.04922376596211464
9.6484375,0.008040124909573175,0.04883920529053398
9.6640625,0.014215381014444929,0.04513451123904133
9.6796875,0.012234984406298296,0.046999846306718496
9.6953125,0.01142433214309595,0.04514898118969768
9.7109375,0.011448176473423527,0.037771489759503396
9.7265625,0.016173657797800212,0.03562937126345744
9.7421875,0.020099004396680026,0.04681167868858438
9.7578125,0.030746672539205582,0.03868692781519201
9.7734375,0.050616464000803614,0.04910350867088198
9.7890625,0.052238136762065325,0.031710569634487484
9.8046875,0.05081149712568465,0.04033462455616643
9.8203125,0.05804125428852475,0.041124699625246564
9.8359375,0.07896481529242758,0.041552822108187115
9.8515625,0.07653753075393147,0.03457434537525117
9.8671875,0.08437575181750227,0.03836921047104269
9.8828125,0.08206559957064426,0.03806945101423764
9.8984375,0.08774908600026099,0.03444132587814153
9.9140625,0.09211762439575,0.031220034963990173
9.9296875,0.09316894990227992,0.03097612844083386
9.9453125,0.09832673547661862,0.033686345493119774
9.9609375,0.09237269213798234,0.02935819374991766
9.9765625,0.09511309544857768,0.03504083876258335
9.9921875,0.09270451366837171,0.03550892161862507
10.0078125,0.10024705585371003,0.03707853690077911
10.0234375,0.09155670021443033,0.023110250506380936
10.0390625,0.08666874852364112,0.032172415125685916
10.0546875,0.08726024902798134,0.023420194090004287
10.0703125,0.09154139053761516,0.022866304119236958
10.0859375,0.10199420857573081,0.033043133683005266
10.1015625,0.09454664707958768,0.02094583281866136
10.1171875,0.08853643812636469,0.010805210429392531
10.1328125,0.08667905101781273,0.009608035609602439
10.1484375,0.08859945647255299,0.013234600085887394
10.1640625,0.08335373117313839,0.0083243881948043
10.1796875,0.0769924814758667,0.011219141757642603
10.1953125,0.08991548774042514,0.015196469381699274
10.2109375,0.08473531101642538,0.0010357867252430708
10.2265625,0.07649787287360435,0.005463591514924815
10.2421875,0.07457389255666833,0.009856804079685588
10.2578125,0.0706695021848993,-0.0013099443858699544
10.2734375,0.06050085482520961,-0.005001337699841457
10.2890625,0.06212407196731969,-0.015681087228308854
10.3046875,0.060762045258179805,-0.002250888113916716
10.3203125,0.05239958878307922,-0.009258068065175706
10.3359375,0.05806636671269458,-0.006967790971678767
10.3515625,0.06065092187818024,-0.010614982359197
10.3671875,0.05452514266487143,-0.006830425555030217
10.3828125,0.05047857944268949,-0.014536097489017408
10.3984375,0.059534621457593875,-0.013317344903960304
10.4140625,0.050581709291354846,-0.03169116025978269
10.4296875,0.05220052343332454,-0.013699985576355544
10.4453125,0.05992575232979193,-0.03652184800517233
10.4609375,0.060242925930141966,-0.03401857263089525
10.4765625,0.0561698549555022,-0.04187518708040727
10.4921875,0.05779972136124295,-0.04746761287256618
10.5078125,0.07193143442688767,-0.047096772147000365
10.5234375,0.06875046651076208,-0.05486635274255747
10.5390625,0.07090229139281304,-0.041493368655885376
10.5546875,0.06204962281888196,-0.04597601829117792
10.5703125,0.06566378036350343,-0.048947538198323315
10.5859375,0.05542805959778968,-0.04929940517513742
10.6015625,0.05471105208402516,-0.053721070150118067
10.6171875,0.052473552406808135,-0.05330137428957116
10.6328125,0.05707318674404062,-0.049932739247207536
10.6484375,0.05992806530654564,-0.05434188650986371
10.6640625,0.058563104795201146,-0.06389432359187808
10.6796875,0.06334235440783482,-0.06561309762555467
10.6953125,0.06248364468424056,-0.07175434061056762
10.7109375,0.06968008901448162,-0.07045949020556108
10.7265625,0.06778150735763007,-0.06658588767816909
10.7421875,0.0668175056440963,-0.07863153664223077
10.7578125,0.05841052552202526,-0.06914543401526885
10.7734375,0.06440549605306706,-0.06528209755185799
10.7890625,0.05727242515140374,-0.08435512760104302
10.8046875,0.06900440876674876,-0.06817803389938604
10.8203125,0.06568919231699957,-0.08759935915029615
10.8359375,0.06540167995161661,-0.07878503481885701
10.8515625,0.06648836738317451,-0.0789113661432097
10.8671875,0.07512300182502282,-0.0853120663199789
10.8828125,0.08443064557097506,-0.09315400963425091
10.8984375,0.0880859790040809,-0.09242624393398202
10.9140625,0.07787199758856368,-0.08319572007085085
10.9296875,0.07875951565586592,-0.10214393952388079
10.9453125,0.08077750623068591,-0.094321174981701
10.9609375,0.07199909048751496,-0.10689198142257794
10.9765625,0.0711284971428367,-0.10495169849428976
10.9921875,0.062143354833166894,-0.09341294087055374
11.0078125,0.052581110554842096,-0.10340197474925006
11.0234375,0.05357069687097975,-0.0974164105391715
11.0390625,0.06029432829585137,-0.10996303545225672
11.0546875,0.060562995989706284,-0.10540989177318494
11.0703125,0.057429982832530146,-0.10273934826140874
11.0859375,0.06541592149473302,-0.11191368017349035
11.1015625,0.06830703950561003,-0.10734529708253504
11.1171875,0.058523013150805984,-0.09725637870780446
11.1328125,0.05397723606451014,-0.10685203581384428
11.1484375,0.05194667114833256,-0.1134053692132504
11.1640625,0.05199818105628433,-0.11510825790744761
11.1796875,0.05024577406510976,-0.10238496283987075
11.1953125,0.046604317164568324,-0.10306118934554576
11.2109375,0.055277977667450365,-0.11260392657859342
11.2265625,0.05538409295297912,-0.11357123713449724
11.2421875,0.0536758768758379,-0.12377370402806775
11.2578125,0.06190756642058746,-0.1290972173610072
11.2734375,0.0607675762321705,-0.11736225308123949
11.2890625,0.0702705422686441,-0.11200946360556685
11.3046875,0.09330850498751461,-0.11557028654462087
11.3203125,0.1013573781352943,-0.11430404376643821
11.3359375,0.09234845551057559,-0.12745300366392698
11.3515625,0.09516142962048241,-0.125352087749377
11.3671875,0.09012914864576409,-0.12917959114174948
11.3828125,0.08671959132625394,-0.13556606030503815
11.3984375,0.07830159082902446,-0.11638487347068605
11.4140625,0.09229391485667242,-0.12620200891583266
11.4296875,0.0918434920014802,-0.12521605572117878
11.4453125,0.08941399541976403,-0.12423780528585837
11.4609375,0.10571067576564332,-0.13730915767146712
11.4765625,0.10640564737109708,-0.13623642987715812
11.4921875,0.10955450099963451,-0.11891217409260335
11.5078125,0.12879623968381837,-0.12685496647944916
11.5234375,0.12521827980540765,-0.13104164833617915
11.5390625,0.14502798839145947,-0.13888967920549788
11.5546875,0.13315992333751384,-0.1222713947396592
11.5703125,0.12721457173912099,-0.14090676569445293
11.5859375,0.12997739271425549,-0.13944258167291324
11.6015625,0.11610142649922606,-0.1431524332916183
11.6171875,0.10083630978253455,-0.1361296187950778
11.6328125,0.10170150741446671,-0.1291465304570174
11.6484375,0.08702784874274803,-0.14403413194941805
11.6640625,0.09239595095630264,-0.13958572753340093
11.6796875,0.09146819315018521,-0.15438420300875677
11.6953125,0.07931256561302141,-0.15428326574617657
11.7109375,0.12043272029258752,-0.14495554318434856
11.7265625,0.11680232166650922,-0.143452158298782
11.7421875,0.107832260364407,-0.13973500038101605
11.7578125,0.10283155597574191,-0.1563869081844338
11.7734375,0.10248566383936861,-0.14222836454826293
11.7890625,0.13465083323734914,-0.1326239011976007
11.8046875,0.12993652511277026,-0.14267751915317817
11.8203125,0.15184937388445124,-0.14007917221704602
11.8359375,0.15189751812736046,-0.14859086705003577
11.8515625,0.18976400207022084,-0.140776155590995
11.8671875,0.18964478367405,-0.14633018718565083
11.8828125,0.2088184740328399,-0.13779886766906557
11.8984375,0.21456165383286818,-0.14596502746677942
11.9140625,0.19218682184344227,-0.14297007716751153
11.9296875,0.16545641477849576,-0.12892392231354322
11.9453125,0.14263249391514185,-0.13899887656426912
11.9609375,0.14350191334288032,-0.14752658099693505
11.9765625,0.15779959280428735,-0.14230905241386083
11.9921875,0.1437501752016157,-0.1411972629418763
12.0078125,0.14745372264923146,-0.14859503336765556
12.0234375,0.16428029272354458,-0.13598104257123467
12.0390625,0.18695604808957772,-0.1482263812965705
12.0546875,0.19008086606212724,-0.15075485036740588
12.0703125,0.17561031166530203,-0.14108377384628668
12.0859375,0.16847985386378017,-0.1440389642422666
12.1015625,0.14938762765886135,-0.1551161611311187
12.1171875,0.14238662403784574,-0.1431854936430348
12.1328125,0.15831243158951594,-0.1394779888327733
12.1484375,0.135883853483988,-0.14467881244067726
12.1640625,0.13358657110507902,-0.14538796816090027
12.1796875,0.13106336227392432,-0.1549709471388887
12.1953125,0.1183185373050193,-0.14341990362944657
12.2109375,0.11423053889562419,-0.14488073398362644
12.2265625,0.10126415256537132,-0.14707199100953972
12.2421875,0.08692769092957016,-0.1407528245873202
12.2578125,0.09934728322598343,-0.14335482039971836
12.2734375,0.09509638377877629,-0.13853323361086112
12.2890625,0.09089743014769212,-0.14262110921573523
12.3046875,0.10087286535937193,-0.15925046929388742
12.3203125,0.09665243643513527,-0.15615929627023206
12.3359375,0.09104269689123393,-0.15235043362694256
12.3515625,0.09256039875646664,-0.15559609273770647
12.3671875,0.09416930937729528,-0.1503230908840436
12.3828125,0.10778528464683348,-0.1454470644820276
12.3984375,0.11338132152929002,-0.14505259869963538
12.4140625,0.1104835778664635,-0.1376288798766332
12.4296875,0.09478007698672958,-0.13655365425259802
12.4453125,0.08227528816214524,-0.13992272570222752
12.4609375,0.07007107858007214,-0.13070719485948956
12.4765625,0.06600167397761164,-0.13892118856114877
12.4921875,0.06853026652068536,-0.14227176364898853
12.5078125,0.06499877783634633,-0.12083537965029834
12.5234375,0.06438491537270613,-0.13023168623170278
12.5390625,0.06184656076095312,-0.13919880404327856
12.5546875,0.06440676040539918,-0.13441725592209153
12.5703125,0.06108256570893205,-0.13853728760266648
12.5859375,0.051918729496891095,-0.1496574663402619
12.6015625,0.04942719816821653,-0.13555149646849785
12.6171875,0.042811112498785844,-0.13449250040233807
12.6328125,0.04393951542765023,-0.12456998399599684
12.6484375,0.06578237709715604,-0.13099246571511358
12.6640625,0.05663804766197287,-0.12183156294875275
12.6796875,0.057998383727703454,-0.13160614613234856
12.6953125,0.05868493921276058,-0.1283600246789547
12.7109375,0.07253850335057069,-0.12846240130957298
12.7265625,0.06317595241251402,-0.13078949634938652
12.7421875,0.06780976872408075,-0.13087289273258662
12.7578125,0.0588411545653801,-0.12985044825811443
12.7734375,0.0748427237332637,-0.12329490543420363
12.7890625,0.08103544918248123,-0.1345265954926056
12.8046875,0.07920546497245654,-0.12053126575944972
12.8203125,0.06967405428656924,-0.12144421376789083
12.8359375,0.07374134371131154,-0.11975359143895403
12.8515625,0.06683815291002428,-0.1287949995762112
12.8671875,0.07912265540291823,-0.12964338716420798
12.8828125,0.07296659059966182,-0.12197670289177509
12.8984375,0.06661635832721237,-0.12619392639289373
12.9140625,0.06804886287252754,-0.11523105327258065
12.9296875,0.06585361933487083,-0.11950097716134778
12.9453125,0.06455237641248664,-0.12633398020079767
12.9609375,0.0662242899239128,-0.12904862323496502
12.9765625,0.05747510584399521,-0.11990290673798043
12.9921875,0.05147180995125879,-0.10898161241883031
13.0078125,0.05727909035221565,-0.11478403888201782
13.0234375,0.051337733845872195,-0.1220248127062078
13.0390625,0.06591131014327264,-0.10037568830732368
13.0546875,0.06542382283494189,-0.11548049221413237
13.0703125,0.0639555102801535,-0.12160306588335956
13.0859375,0.059816420752853636,-0.10956329974746026
13.1015625,0.06524543134828814,-0.11647394089170504
13.1171875,0.05919024042367826,-0.12258875324313578
13.1328125,0.05617808243370105,-0.10757392878923966
13.1484375,0.08518624030282068,-0.11450011189409537
13.1640625,0.10794206576138493,-0.1150816887977868
13.1796875,0.10292142219911592,-0.10493989965266692
13.1953125,0.09102830828249932,-0.10745076423667754
13.2109375,0.10716444498515348,-0.10587703552209149
13.2265625,0.09619481520073572,-0.09801753637754018
13.2421875,0.08729330350815462,-0.0976226940790319
13.2578125,0.08118399536498169,-0.10611030002280941
13.2734375,0.07859184575075708,-0.09787805879490818
13.2890625,0.07308804959199267,-0.10636366970184596
13.3046875,0.0707242978139846,-0.09813701881321535
13.3203125,0.06669006401277522,-0.10365324895951034
13.3359375,0.07270108685031282,-0.09470593382405568
13.3515625,0.06157575808277936,-0.10838649344978535
13.3671875,0.06174972706096963,-0.09349776373030139
13.3828125,0.10158499269248569,-0.10163910619810679
13.3984375,0.08687869644599093,-0.07903648601800128
13.4140625,0.07590051317077919,-0.0850728587811993
13.4296875,0.0697703336463797,-0.0884656344511221
13.4453125,0.06219522748842793,-0.09221039355544391
13.4609375,0.05574231968479709,-0.08002933796767309
13.4765625,0.05205032789105085,-0.08569460416045871
13.4921875,0.0487128686623883,-0.08835582261550101
13.5078125,0.045943484373705525,-0.09542457738495713
13.5234375,0.039818806973111916,-0.08654911853606251
13.5390625,0.04027821373854436,-0.08734906257536323
13.5546875,0.0490536341025757,-0.08037615262833242
13.5703125,0.053132384244731705,-0.08160281245810808
13.5859375,0.056776782566301476,-0.0776421527256197
13.6015625,0.0729147974657755,-0.08368941871765401
13.6171875,0.0742985817606164,-0.07452715130152754
13.6328125,0.06852166170678135,-0.09279368474931005
13.6484375,0.06071797084088412,-0.07654309503004342
13.6640625,0.07087256595159808,-0.0885185231015555
13.6796875,0.07226842959934515,-0.08893973125313792
13.6953125,0.06968686071135619,-0.09230229698187387
13.7109375,0.08733268780939699,-0.08456399006194104
13.7265625,0.08114909178503807,-0.092033288227654
13.7421875,0.08021878056583286,-0.09279038719124344
13.7578125,0.06965757965477778,-0.08282274883992358
13.7734375,0.07737993498248769,-0.07590034029872328
13.7890625,0.08428965574541875,-0.07678347791800277
13.8046875,0.08187552931180517,-0.08283745230697903
13.8203125,0.0746727757408728,-0.07516551969618135
13.8359375,0.06945871668936562,-0.08640230087622669
13.8515625,0.0672296915445329,-0.0886946405361293
13.8671875,0.06363768706750746,-0.07986418952897978
13.8828125,0.07760199777627322,-0.07517527337925145
13.8984375,0.08887068529134189,-0.07273336803378783
13.9140625,0.11102174691361248,-0.08214969145628714
13.9296875,0.1324488315698409,-0.0670874472580465
13.9453125,0.15110774346467498,-0.08541967318355148
13.9609375,0.1672420260989968,-0.07033188225307185
13.9765625,0.17815286152562307,-0.0827267551288422
13.9921875,0.18527022461992668,-0.0691361116485254
14.0078125,0.19279952230702563,-0.07636259019979263
14.0234375,0.20006689406458136,-0.0765078468727296
14.0390625,0.2044585689878526,-0.07960418678363368
14.0546875,0.20753316744706557,-0.07381211258192621
14.0703125,0.20981737025659855,-0.0706390175213194
14.0859375,0.2105524357502257,-0.07600672588815627
14.1015625,0.21238807444349697,-0.05766933584826006
14.1171875,0.21193071926378407,-0.07237351351466614
14.1328125,0.21330867459661365,-0.07439696358150627
14.1484375,0.21207716191893472,-0.07455000692251446
14.1640625,0.2107103749817266,-0.0758221835156192
14.1796875,0.20997453855513407,-0.08335977704497566
14.1953125,0.20887461900076085,-0.07605468347659894
14.2109375,0.2074114075499323,-0.07287920791064906
14.2265625,0.20291243055021752,-0.07526205715457124
14.2421875,0.20122685590420597,-0.08022272831983557
14.2578125,0.19855445009714395,-0.07959598825483738
14.2734375,0.19789766806174047,-0.07305456890537343
14.2890625,0.19449693054476205,-0.07248383008580106
14.3046875,0.19464322505153467,-0.07228846986769355
14.3203125,0.19088822819388926,-0.07578869336589023
14.3359375,0.18756395406224435,-0.06410685201528565
14.3515625,0.1848025090700408,-0.06767856419283902
14.3671875,0.18053280181354817,-0.06714982541008396
14.3828125,0.1749629304297034,-0.06920651575035563
14.3984375,0.17209336192344438,-0.06533513229600629
14.4140625,0.17025086935369194,-0.06852632882943155
14.4296875,0.16734682113352084,-0.061708041279675996
14.4453125,0.16665909963740982,-0.05790280944701465
14.4609375,0.16551611136619607,-0.063733369353983
14.4765625,0.1618400218741818,-0.0765431430263277
14.4921875,0.15704269028461218,-0.06596059686117428
14.5078125,0.1562414297605618,-0.06544527969819569
14.5234375,0.15528876912901285,-0.07380578219750333
14.5390625,0.15167043675061873,-0.0706403063829093
14.5546875,0.15049575243661423,-0.0737900562437801
14.5703125,0.14959767144242667,-0.06396328818810204
14.5859375,0.14347982789029226,-0.0682779613669311
14.6015625,0.14234752419164182,-0.047404514368793116
14.6171875,0.1399010875221709,-0.048888765122477196
14.6328125,0.1400029590506801,-0.06699224854772368
14.6484375,0.13763092537089006,-0.059073186886859474
14.6640625,0.13633325113562383,-0.05639372917756802
14.6796875,0.13554495334646352,-0.06075239995639237
14.6953125,0.13260907173397063,-0.05659128415701886
14.7109375,0.12971950981895403,-0.06648949773446589
14.7265625,0.12784018436759254,-0.038991317378020085
14.7421875,0.12574572890731606,-0.05125254892255171
14.7578125,0.12029118128678726,-0.04678716121505744
14.7734375,0.11673946332277085,-0.04937385457379406
14.7890625,0.11189279177409173,-0.0460359032792077
14.8046875,0.10843010911102782,-0.04937787503932611
14.8203125,0.10762835396754733,-0.06044520248881824
14.8359375,0.10525275907272745,-0.03299424318898403
14.8515625,0.10176943228085185,-0.051214332776950755
14.8671875,0.1018685715813245,-0.038619289295020565
14.8828125,0.1014246473826652,-0.05310137574568685
14.8984375,0.09895258662474526,-0.03937883062724978
14.9140625,0.09843823815212563,-0.05496017248468377
14.9296875,0.09666506955895486,-0.03900515707998764
14.9453125,0.09202323367129456,-0.046467033713824435
14.9609375,0.08980984476146658,-0.04240995254833635
14.9765625,0.08961219314308919,-0.05649907452778535
14.9921875,0.08895079559028014,-0.04016111674643952
15.0078125,0.08644909845868604,-0.04760639265549571
15.0234375,0.08406894409739166,-0.049081496445172235
15.0390625,0.08289995862066296,-0.036495545957201614
15.0546875,0.07894956104977782,-0.05026752432359416
15.0703125,0.07894700819895224,-0.04358431389415429
15.0859375,0.078881628246034,-0.041396782709554714
15.1015625,0.07807253738821386,-0.04735629595040791
15.1171875,0.07672546941096886,-0.03071884642226763
15.1328125,0.07510576836984956,-0.029373666111169427
15.1484375,0.07099330265911273,-0.03395100092258474
15.1640625,0.06980565114497743,-0.0333148390234399
15.1796875,0.06876907026956612,-0.04599133775954911
15.1953125,0.06913229416822474,-0.03306617922175903
15.2109375,0.06836155953281603,-0.03317119961113946
15.2265625,0.0654675757520423,-0.03550848754523983
15.2421875,0.06440715563281837,-0.04483714085222701
15.2578125,0.060799366587988346,-0.03228434939232372
15.2734375,0.05985461808931555,-0.032032127912696495
15.2890625,0.06037711982588881,-0.04029032074577543
15.3046875,0.06124224534655893,-0.03183802848698747
15.3203125,0.059489524884277035,-0.03158929388943221
15.3359375,0.05953173899328439,-0.03652023881327082
15.3515625,0.05648633664986453,-0.03365362609625322
15.3671875,0.05542156577253034,-0.030059999592328523
15.3828125,0.05265109096036045,-0.03204310428225554
15.3984375,0.052003122856706205,-0.03697050381239464
15.4140625,0.052131219139213654,-0.0300202566512624
15.4296875,0.05177888224384511,-0.04125395507418261
15.4453125,0.052180281270132495,-0.02872915725316716
15.4609375,0.05196973564082692,-0.041070561923671534
15.4765625,0.04931803969941962,-0.026329248424911356
15.4921875,0.04804916818311659,-0.03758421305971282
15.5078125,0.04721750244240781,-0.02509565488807297
15.5234375,0.04692772128243774,-0.023415916266511516
15.5390625,0.045787393064441975,-0.03691158974553943
15.5546875,0.04613492435929093,-0.0321873210771777
15.5703125,0.04368220106975694,-0.020475195743138386
15.5859375,0.04263253488937532,-0.011080089614896593
15.6015625,0.042522368315530135,-0.026519165471938777
15.6171875,0.042750285763484955,-0.01744019074473968
15.6328125,0.042649413490788664,-0.02432113447930817
15.6484375,0.042370355803171576,-0.0307849709264012
15.6640625,0.042131751766309795,-0.008364978973666837
15.6796875,0.041609425729344465,-0.02013877895788596
15.6953125,0.039189593662300695,-0.011109651000325016
15.7109375,0.03898498893379635,-0.020999839922257735
15.7265625,0.03886506134727838,-0.01898118015067851
15.7421875,0.0386004896440397,-0.024381545667537807
15.7578125,0.038189014101711806,-0.021609766490723104
15.7734375,0.03571236551050523,-0.016626553822217005
15.7890625,0.03515345353134482,-0.032764137336513954
15.8046875,0.03487366714618124,-0.02549097228881081
15.8203125,0.034404875434006096,-0.004580878938405419
15.8359375,0.03403361875125876,-0.017852781442126542
15.8515625,0.03058372112390988,-0.01586627785480843
15.8671875,0.02862753918878566,-0.009830316657730265
15.8828125,0.03027870508459258,-0.02453731695712591
15.8984375,0.02938295161230586,-0.01990972229492627
15.9140625,0.03015118337927351,-0.012729412574849164
15.9296875,0.029451091093481173,-0.004507579490915958
15.9453125,0.031437583731726844,0.001447211665080772
15.9609375,0.0305725871221032,-0.008170158041988174
15.9765625,0.030109668516013988,0.0014997346836516101
15.9921875,0.030682075798250268,0.004440236062158931
16.0078125,0.030276536990295873,-0.012588631577216347
16.0234375,0.029839299557743098,-0.0124902828930189
16.0390625,0.029190163557707063,0.0016492576814961524
16.0546875,0.028339659692060152,-0.004283202835363653
16.0703125,0.02680153885743106,-0.0027660614954641005
16.0859375,0.026260796690364855,-0.00791461813249228
16.1015625,0.025649160743928028,0.004705496243328611
16.1171875,0.023727778890393944,0.004668734553927578
16.1328125,0.022711047940911968,-0.007926021356436053
16.1484375,0.023240601506033274,0.0013710443469108213
16.1640625,0.022887774009549392,0.006167149640866398
16.1796875,0.019912071645739066,0.00463528996654361
16.1953125,0.019222881007281818,0.005348485962439753
16.2109375,0.01932340767516269,-0.004314502029849621
16.2265625,0.019506558199424383,0.0060746775819602306
16.2421875,0.01737313001677087,0.003809270726609526
16.2578125,0.017640345954229367,0.01560352260172948
16.2734375,0.01807873563575756,0.0014396598419921247
16.2890625,0.0160018585119659,0.00808225780968641
16.3046875,0.01627328986789145,0.00431748791606168
16.3203125,0.015307416488865966,0.004283757541717392
16.3359375,0.015677225624646705,0.0049996998846850715
16.3515625,0.01611297381477234,0.009018047108483529
16.3671875,0.016162469145359487,0.008947593615449279
16.3828125,0.014087635449694654,0.005925472484605621
16.3984375,0.01444140284781763,0.004773990407393569
16.4140625,0.01470869347624682,0.001035066352848446
16.4296875,0.014950381110469013,0.003979197952691749
16.4453125,0.013748877815885276,0.005802708990874095
16.4609375,0.014629799453023895,0.0039027768046970834
16.4765625,0.014706132226156538,-0.004250098187274176
16.4921875,0.014855307225315856,0.0016875418162562994
16.5078125,0.01557856352954316,0.01202983046051287
16.5234375,0.015203652750370519,0.014524715551218037
16.5390625,0.014809700339044713,0.008120745815315189
16.5546875,0.015018329185203396,0.010653740419694913
16.5703125,0.014630813047603438,0.023878198693086716
16.5859375,0.01403182071140516,0.025531109208209557
16.6015625,0.013474769341476447,0.017209262869332775
16.6171875,0.013290731713256421,0.010050050488516149
16.6328125,0.01424803159059835,0.008487855651324594
16.6484375,0.014285859627207936,0.008058194364494398
16.6640625,0.013787331772776742,0.013899675832476532
16.6796875,0.012033122251802126,0.027848184434219547
16.6953125,0.01105012012278272,0.02022736598435415
16.7109375,0.010782918838154283,0.02635983508326234
16.7265625,0.009229247706719512,0.014693236983550406
16.7421875,0.007915775972048872,0.01790915361966583
16.7578125,0.007674617026291921,0.028851410750807105
16.7734375,0.007359969212744123,0.029738768217629996
16.7890625,0.007465297187159606,0.04207985509236423
16.8046875,0.0075085142957414695,0.03656580015222133
16.8203125,0.007010010757312042,0.02667406647259085
16.8359375,0.008605274493674661,0.04125704476644998
16.8515625,0.010581312862697333,0.03796736646871324
16.8671875,0.010010848025508912,0.02030564841860283
16.8828125,0.010947469802080502,0.021986469482744297
16.8984375,0.010445286687984825,0.023298379007663073
16.9140625,0.011653003643811128,0.03715832066107083
16.9296875,0.012134553915822967,0.030214175970694868
16.9453125,0.011253832725950671,0.02629164004621032
16.9609375,0.010556347438578334,0.02275552905830125
16.9765625,0.0098255667924932,0.028489757388868497
16.9921875,0.008511673134146414,0.025685882807980676
17.0078125,0.00912859064529199,0.040639931201265966
17.0234375,0.008505045461989073,0.0222003547505345
17.0390625,0.011535132426585992,0.035713094593791794
17.0546875,0.010509552563227706,0.02433677406870416
17.0703125,0.011499143709554205,0.029324379303645287
17.0859375,0.010702479786350852,0.04240297321075914
17.1015625,0.009608691259825115,0.04022467125025031
17.1171875,0.00888956988036563,0.027336995004674236
17.1328125,0.008108575020237978,0.03009078236669538
17.1484375,0.00769480893874169,0.042792469045441095
17.1640625,0.00702113019781982,0.060201740374925095
17.1796875,0.006143173538001653,0.03755192991087597
17.1953125,0.006987699778695556,0.03059714035834915
17.2109375,0.006552319704059947,0.027405882143572313
17.2265625,0.006705123798767892,0.03310377959066457
17.2421875,0.006231342029619719,0.03358699572148538
17.2578125,0.006013427366368145,0.04626136823339522
17.2734375,0.0054175127357516135,0.03887518627942299
17.2890625,0.004571379968492654,0.0385714738866163
17.3046875,0.0054463365272760834,0.035317916191150545
17.3203125,0.0053186682962461235,0.03873605243550671
17.3359375,0.0051500684531629835,0.035844558884679856
17.3515625,0.004835915876681201,0.04776702456539539
17.3671875,0.005580470843910599,0.03408615406555171
17.3828125,0.006403800451836775,0.03677207404264138
17.3984375,0.005803059288994827,0.037226631623056505
17.4140625,0.005269673353319751,0.036935798563501265
17.4296875,0.004812337132631175,0.024081386425674367
17.4453125,0.004625020807942581,0.03682245172032239
17.4609375,0.004998272855162557,0.04318862162647008
17.4765625,0.00424454613886187,0.0313981184217802
17.4921875,0.009052696126342978,0.032265579734918504
17.5078125,0.015452535578079681,0.02720668831532791
17.5234375,0.013754406042571516,0.03955998727441212
17.5390625,0.013343416680958346,0.02852453260469545
17.5546875,0.018572983616456082,0.04494008286419415
17.5703125,0.020028075789585768,0.03349924628313161
17.5859375,0.01772973365091618,0.049134092183141576
17.6015625,0.01753216611558136,0.032853673326364685
17.6171875,0.015267465571214457,0.034080682821247876
17.6328125,0.015806528879219177,0.03233074866896146
17.6484375,0.01943950797038377,0.0468695341331582
17.6640625,0.025433895797306635,0.04390692796668105
17.6796875,0.03129705822687564,0.032110812993703775
17.6953125,0.039146976978289325,0.026318861070290467
17.7109375,0.040182392848572,0.03867152638984095
17.7265625,0.03982232892813368,0.016189920722549545
17.7421875,0.04109536719790571,0.02568463991261538
17.7578125,0.04758663590214062,0.030283225451324114
17.7734375,0.06306892324965446,0.024497981765698285
17.7890625,0.06018139828622663,0.010264631043739314
17.8046875,0.056178351757691876,0.015725524810612512
17.8203125,0.05081586049088735,0.019667646317067522
17.8359375,0.04946916800945727,0.010642199083267911
17.8515625,0.046464932087781116,0.02941540351013927
17.8671875,0.05443190890121806,0.008489790120595586
17.8828125,0.053394958890161257,0.003987566761804118
17.8984375,0.05566554072949409,0.0013599759654177035
17.9140625,0.05669146343055946,0.0020987603519486697
17.9296875,0.056544328286894124,-0.007902189073558219
17.9453125,0.04973276450779903,-0.0056225047846858445
17.9609375,0.04200710764510677,-0.0070622577838044265
17.9765625,0.04089737154662077,-0.004781565668245946
17.9921875,0.034562139812353836,-0.005856968799776041
18.0078125,0.036855055214593396,-0.019118901851449266
18.0234375,0.03634857653205877,-0.013049959739511507
18.0390625,0.049648012524814655,-0.020714611352570245
18.0546875,0.06877390358657634,-0.007616007535396818
18.0703125,0.06984631360063186,-0.01864624966020756
18.0859375,0.06922061621210915,-0.03254253607414981
18.1015625,0.07244700312804868,-0.04116009125801412
18.1171875,0.06662918403677684,-0.03196673429811625
18.1328125,0.08154815822981919,-0.0361528910598814
18.1484375,0.06976954836630651,-0.03107119981045159
18.1640625,0.08098201570054098,-0.03748230137214392
18.1796875,0.11144191881069934,-0.04235963738513604
18.1953125,0.12474321296786109,-0.03168079994325268
18.2109375,0.12528647928131795,-0.03475643145385732
18.2265625,0.11391792810047369,-0.031161759072961814
18.2421875,0.10029431290422212,-0.03831399254929124
18.2578125,0.10529622253454923,-0.040595962833787524
18.2734375,0.11252574099166157,-0.051747038552157676
18.2890625,0.11478758429538002,-0.04764113755898336
18.3046875,0.09975808943771736,-0.04726894117180436
18.3203125,0.10895641697672963,-0.053553497879111234
18.3359375,0.10743461306538475,-0.06533004268404241
18.3515625,0.11190691531575067,-0.04929401266841538
18.3671875,0.11047776119805801,-0.05667550761796747
18.3828125,0.13132465770326646,-0.05216775304566568
18.3984375,0.13433120091059442,-0.04805856522051144
18.4140625,0.13319191448932882,-0.054707872694375936
18.4296875,0.11419859375653718,-0.06758815805937246
18.4453125,0.13224801933026512,-0.061148119673198664
18.4609375,0.14487525038192534,-0.06917884382064798
18.4765625,0.16914224483861573,-0.0667837855811122
18.4921875,0.1542075167620983,-0.05813208291818839
18.5078125,0.1721168760079164,-0.06580788035845941
18.5234375,0.1505390656066537,-0.07158425168881877
18.5390625,0.13902676864690297,-0.06473450432683947
18.5546875,0.16957563189698643,-0.07051926140744769
18.5703125,0.15570347445193297,-0.056660639057280804
18.5859375,0.1357720934108823,-0.06323517303940918
18.6015625,0.11685708988693455,-0.07530699946158848
18.6171875,0.11790791883543131,-0.06215281231674297
18.6328125,0.11947401630819571,-0.07756380223211679
18.6484375,0.1199468233432892,-0.07362712747713474
18.6640625,0.1207760551679367,-0.07046304740254072
18.6796875,0.11479125232118437,-0.07583213053593241
18.6953125,0.11442693905667045,-0.06636789826917067
18.7109375,0.10814736198530629,-0.0817459578255395
18.7265625,0.12379189717743769,-0.06594502838741789
18.7421875,0.1288759939416744,-0.08059212199574972
18.7578125,0.11527218124052407,-0.07810789752047143
18.7734375,0.11525083921960076,-0.08600612340348945
18.7890625,0.11034648380130446,-0.08533420056440022
18.8046875,0.11649049389747909,-0.09206321184157673
18.8203125,0.13667409268194264,-0.08024665602549064
18.8359375,0.17078565525165465,-0.08479746530764487
18.8515625,0.1890680164836209,-0.09300677885687492
18.8671875,0.17490951549476355,-0.09228016339705647
18.8828125,0.20175717494348197,-0.09155922462051791
18.8984375,0.1866791605124104,-0.09416705593833541
18.9140625,0.1863712161908148,-0.08715601999793066
18.9296875,0.16670648864245052,-0.09571782704308163
18.9453125,0.14735831003989375,-0.08388028933562097
18.9609375,0.13471742591706132,-0.08802422136320942
18.9765625,0.1322643011167732,-0.07698862935900053
18.9921875,0.1314956499028156,-0.0734273678465236
19.0078125,0.1401175189903664,-0.08764508597339216
19.0234375,0.13462950811699054,-0.06440238487752836
19.0390625,0.13443797555411124,-0.07092400626032003
19.0546875,0.1479323740596597,-0.08072538502611337
19.0703125,0.12862940172196455,-0.09376575849056934
19.0859375,0.11342453098671887,-0.080838281995252
19.1015625,0.12218140146768273,-0.08131192224059092
19.1171875,0.12118908156691759,-0.08067667284808522
19.1328125,0.11373350415729575,-0.0785778471034817
19.1484375,0.13926272806836285,-0.0768511985596767
19.1640625,0.14476277817410466,-0.07033122287970528
19.1796875,0.1396514545307516,-0.07644317530105482
19.1953125,0.13012522543115007,-0.06845027827493055
19.2109375,0.14677572245167853,-0.06421388322141652
19.2265625,0.12489771150550831,-0.06814810913222757
19.2421875,0.12846594936794786,-0.05912239777700634
19.2578125,0.11454126248866733,-0.06271791142351901
19.2734375,0.10292469043379691,-0.0585338702759266
19.2890625,0.09033565532778903,-0.05474586686434435
19.3046875,0.07977634202198482,-0.05358389516048234
19.3203125,0.06751545746045269,-0.0476166149927586
19.3359375,0.07971206063126908,-0.04724461018812676
19.3515625,0.09143813503467949,-0.05094048884006597
19.3671875,0.08925446257915916,-0.0568330116666651
19.3828125,0.07891635601216367,-0.04603353119832576
19.3984375,0.06698479054513566,-0.05159346992705949
19.4140625,0.06745707688059557,-0.05377169429454298
19.4296875,0.0677728294768613,-0.04781051673596792
19.4453125,0.0650407733882518,-0.04707364715941509
19.4609375,0.08207950661777078,-0.05815897638922607
19.4765625,0.07307209151496935,-0.047720056525921706
19.4921875,0.07407860769323125,-0.038846369541801096
19.5078125,0.07090760549912116,-0.05296333201349057
19.5234375,0.0823928693551573,-0.05957432099678428
19.5390625,0.07909324332247554,-0.04580120599356974
19.5546875,0.06691196512618063,-0.050242630859774096
19.5703125,0.09014266929312173,-0.04689789225045615
19.5859375,0.09730404903298026,-0.05023312972173599
19.6015625,0.10827394001716589,-0.04909127419702486
19.6171875,0.10552684320019144,-0.06461187716884353
19.6328125,0.11517373834404313,-0.04895237752574033
19.6484375,0.13800668738227445,-0.05336918386434775
19.6640625,0.12398163643582961,-0.03890270708610899
19.6796875,0.10990625627225552,-0.03859877968699976
19.6953125,0.1161899719399406,-0.0542013552721734
19.7109375,0.11300915050611338,-0.051923308661926626
19.7265625,0.10468440039803857,-0.0648253484334198
19.7421875,0.0915475002125661,-0.058770244412002626
19.7578125,0.10150437963714198,-0.046116170370424925
19.7734375,0.0859245422274492,-0.04020723180261854
19.7890625,0.08901754333380875,-0.05283745351003333
19.8046875,0.08144922745021632,-0.03948032019861358
19.8203125,0.07785008717576206,-0.049156433057326865
19.8359375,0.09284042689135014,-0.05246645588866272
19.8515625,0.08414686447093464,-0.05132229208304295
19.8671875,0.08116745524062702,-0.04316230204250715
19.8828125,0.07750592841692383,-0.05427818865603484
19.8984375,0.07604667624746186,-0.054959329630584364
19.9140625,0.06880075668473067,-0.04677092523421322
19.9296875,0.06002507625326858,-0.05121234395872776
19.9453125,0.059809301683006064,-0.048965218789248866
19.9609375,0.059401521847755906,-0.044881050762967334
19.9765625,0.05725591527304171,-0.0452722569627646
19.9921875,0.05325843222150807,-0.03936991146845514
20.0078125,0.04931202613977458,-0.050152076218793695
20.0234375,0.05514441579946898,-0.04421917692643973
20.0390625,0.05839852055592599,-0.05718140522711579
20.0546875,0.07915511115340755,-0.053040618034181364
20.0703125,0.07471902045531154,-0.058174894192575266
20.0859375,0.06999830697525741,-0.0510665575214837
20.1015625,0.06476305187475885,-0.06286253154795673
20.1171875,0.06606173212173676,-0.04942707731436613
20.1328125,0.06586853301601016,-0.05163736620390935
20.1484375,0.06641287226077891,-0.051604868984874486
20.1640625,0.06931103330482234,-0.06450939656635768
20.1796875,0.06399794140841486,-0.055133623158734935
20.1953125,0.07885675455439883,-0.04989607514989558
20.2109375,0.06902633773511278,-0.06613709044337313
20.2265625,0.06404009399061207,-0.05490157194503453
20.2421875,0.0556226442593261,-0.05780336096426453
20.2578125,0.05481031307328919,-0.04329467238754958
20.2734375,0.056542409267886964,-0.04850508874630677
20.2890625,0.05619448529949415,-0.051827769994961415
20.3046875,0.05581168366561032,-0.05179378524631417
20.3203125,0.04841467570017737,-0.06247888848276162
20.3359375,0.041212551434641476,-0.049046431460613604
20.3515625,0.051305003773351496,-0.050146935032579165
20.3671875,0.051559125472375095,-0.03865785012906642
20.3828125,0.06890613281774109,-0.04982406735294376
20.3984375,0.06497745857957217,-0.05054000615017529
20.4140625,0.06519434858567681,-0.04903997302870167
20.4296875,0.06023776520178867,-0.04680224971722424
20.4453125,0.06560319284412992,-0.060115217466172766
20.4609375,0.05929353350379095,-0.058911297710729116
20.4765625,0.05145231398564327,-0.051797207887151586
20.4921875,0.056552685515144814,-0.05582843907400559
20.5078125,0.05136481569794425,-0.05206157184369076
20.5234375,0.07422769976879649,-0.05423613916494929
20.5390625,0.06281577374989401,-0.060102914723383805
20.5546875,0.07566151215395699,-0.060367630321096044
20.5703125,0.07121830245970324,-0.04474885864637557
20.5859375,0.0739173125563431,-0.06177192597765924
20.6015625,0.06975323036508338,-0.055740676819173274
20.6171875,0.07875747774911084,-0.04791708785232274
20.6328125,0.06851807111691494,-0.07008556988539993
20.6484375,0.06449474980102987,-0.059190123595854516
20.6640625,0.06615487415057693,-0.07351150040354426
20.6796875,0.06450251285821668,-0.055193604312748334
20.6953125,0.06926899109069894,-0.06437603743487585
20.7109375,0.07175715211351166,-0.05721925433220676
20.7265625,0.08563061491822951,-0.06712013168255027
20.7421875,0.08685073596380274,-0.0547641740612157
20.7578125,0.09875953021582809,-0.052860219923498875
20.7734375,0.08916015404279992,-0.061319043202296086
20.7890625,0.08567812024127724,-0.05788020033166674
20.8046875,0.08098388804152035,-0.058540770379888585
20.8203125,0.07641387247628678,-0.06622094473925699
20.8359375,0.08185337066086643,-0.07160802971993618
20.8515625,0.09059174017446313,-0.07401594962324509
20.8671875,0.0999192930855075,-0.07084883187564373
20.8828125,0.10365603492646788,-0.0665936981221229
20.8984375,0.10170900641460259,-0.07125117113789514
20.9140625,0.085955924712267,-0.06034661858856438
20.9296875,0.08091671133196675,-0.07133582251896797
20.9453125,0.08218607153257748,-0.06781115377004454
20.9609375,0.08731463541901119,-0.06581283989323339
20.9765625,0.07690049530787346,-0.06344407855938172
20.9921875,0.08295516560908911,-0.07256205485146694
21.0078125,0.07116985997877336,-0.07051905477007381
21.0234375,0.08264367857150332,-0.07292034271040748
21.0390625,0.08158547662279798,-0.07974633725206814
21.0546875,0.07272685763621672,-0.06544470866742813
21.0703125,0.07390978571099927,-0.07270002630448857
21.0859375,0.06961178178850264,-0.07656795422245821
21.1015625,0.07314160153771879,-0.07744587610795861
21.1171875,0.07387214121738327,-0.08423651491995088
21.1328125,0.063134184480732,-0.0721101854691284
21.1484375,0.06440929918218964,-0.07007828540717043
21.1640625,0.05455015957559324,-0.08062054098611426
21.1796875,0.0681543827032152,-0.07258743850068328
21.1953125,0.06914900006069193,-0.07867419444761126
21.2109375,0.07693260878984222,-0.08213209926241305
21.2265625,0.06765992189694679,-0.07853065439131868
21.2421875,0.06131589830551769,-0.06276241430116158
21.2578125,0.08217744549796409,-0.0818626991656295
21.2734375,0.08344794700979123,-0.07531114092706304
21.2890625,0.10012860761026944,-0.0776825604841811
21.3046875,0.09975569807867592,-0.074479227549336
21.3203125,0.10002349782382286,-0.06688016335934321
21.3359375,0.08978517335112124,-0.07337485730786142
21.3515625,0.09344529920975617,-0.06430074219263204
21.3671875,0.11715495037055854,-0.07229926668676256
21.3828125,0.13523355668154852,-0.06804794099105749
21.3984375,0.14267974114717444,-0.07675146011356304
21.4140625,0.1307982044972456,-0.07135259254340198
21.4296875,0.12290188944565032,-0.0700457412153952
21.4453125,0.11303968282865186,-0.06506261198867591
21.4609375,0.10285296587291687,-0.07342610407945926
21.4765625,0.10487641833569002,-0.07692500960026649
21.4921875,0.09732271280923296,-0.06781558913036534
21.5078125,0.0966956026382472,-0.06728577984028306
21.5234375,0.09975696999399751,-0.07119600655875047
21.5390625,0.1053606376008069,-0.07063978775751067
21.5546875,0.09811765978823592,-0.060852770754159735
21.5703125,0.10859173473827032,-0.05298167376355778
21.5859375,0.10128188158615914,-0.05774549071962909
21.6015625,0.12543617971571666,-0.06506095849690396
21.6171875,0.12288423343397806,-0.0693519165466725
21.6328125,0.1447467170205237,-0.06918102440308971
21.6484375,0.13001981591138936,-0.0653174098897793
21.6640625,0.12505118558373737,-0.062210679693954773
21.6796875,0.11714623360993545,-0.05322378471633371
21.6953125,0.10442384984431691,-0.0639052858718081
21.7109375,0.14227761347108966,-0.06080958789487312
21.7265625,0.12516271200475296,-0.047026822369023336
21.7421875,0.1377104291398801,-0.0540626798282382
21.7578125,0.146426912927795,-0.048833498564167854
21.7734375,0.16512215417821413,-0.06323578650491868
21.7890625,0.17191194473773116,-0.0594186191626882
21.8046875,0.15233171055528288,-0.06339030807395574
21.8203125,0.13237731230781327,-0.04440207459946777
21.8359375,0.13305515748882238,-0.04924048946389448
21.8515625,0.11819398720042024,-0.06252683867493047
21.8671875,0.11402615308957945,-0.045036599662761745
21.8828125,0.11202553854533802,-0.0517019464526598
21.8984375,0.12257695667008053,-0.06091922794171012
21.9140625,0.12378799282719324,-0.049353554289726986
21.9296875,0.12374819236557509,-0.04896797964683941
21.9453125,0.11308014202653846,-0.052650394474888174
21.9609375,0.11236505715440602,-0.04520672846351559
21.9765625,0.10562393034697803,-0.05150739620760447
21.9921875,0.0901755730408823,-0.03484508599858671
22.0078125,0.09223705062574028,-0.0508327674403688
22.0234375,0.08981791836955197,-0.03898254434650994
22.0390625,0.09536888969476792,-0.041637781064409296
22.0546875,0.09059068703932581,-0.05202373858920595
22.0703125,0.07856319129238311,-0.033139446018594754
22.0859375,0.07818090794103842,-0.04285752716694802
22.1015625,0.08632025404291163,-0.04918411783605592
22.1171875,0.07518540423806669,-0.05360668349337061
22.1328125,0.08485680209966641,-0.05576917962986627
22.1484375,0.09730199267165866,-0.035742866687812125
22.1640625,0.0948457521190171,-0.04470633899319765
22.1796875,0.08987814502700861,-0.044357070719811986
22.1953125,0.09426505282700101,-0.05768157163978671
22.2109375,0.1012906267467905,-0.046141192177664436
22.2265625,0.13217076144335496,-0.05761986549622122
22.2421875,0.134096394515449,-0.05568603147928641
22.2578125,0.1306797487498947,-0.05118600718931532
22.2734375,0.13802049640175357,-0.05114946642269658
22.2890625,0.13541017593615842,-0.04447450540038744
22.3046875,0.12644895186851107,-0.0500390542282787
22.3203125,0.14122175936572529,-0.05408402099059373
22.3359375,0.15617235450172523,-0.054024839491155774
22.3515625,0.13707718700267196,-0.06580527172962647
22.3671875,0.1312699268273889,-0.04976552898708064
22.3828125,0.1195665650672881,-0.05344928275079397
22.3984375,0.13776762684086313,-0.04970100267925304
22.4140625,0.1468315097506474,-0.04302221820016072
22.4296875,0.13558281184479617,-0.05969542499537894
22.4453125,0.136494824134763,-0.041856386698142956
22.4609375,0.14765125965617548,-0.061490919607695815
22.4765625,0.14398456676815913,-0.03919438734543945
22.4921875,0.12391214058820044,-0.04185553882980031
22.5078125,0.11033604055708898,-0.04743297854414408
22.5234375,0.09346649312240725,-0.054465662908238954
22.5390625,0.08644414646608914,-0.04922576354897501
22.5546875,0.08400829577688111,-0.06732661417401786
22.5703125,0.09669758120593194,-0.0649535962684844
22.5859375,0.10462778889597507,-0.05667954187411439
22.6015625,0.0980587614172717,-0.05993836020770971
22.6171875,0.10189068678596844,-0.046162401148166055
22.6328125,0.1050957476422206,-0.06502145391095482
22.6484375,0.10923111557469296,-0.057859628492064274
22.6640625,0.11371205791259312,-0.05740760014446877
22.6796875,0.11790418029458945,-0.04069162480230659
22.6953125,0.12056356152785451,-0.04851124561150044
22.7109375,0.11888922890693741,-0.04997928023746212
22.7265625,0.12025499116640166,-0.04108794306809571
22.7421875,0.11983969658576647,-0.04150878292174909
22.7578125,0.12036467707854036,-0.05226666794897028
22.7734375,0.12052515890025872,-0.05592331177465937
22.7890625,0.11896233921494945,-0.049945324704516736
22.8046875,0.12186945391294751,-0.058063570687661326
22.8203125,0.12040542909256892,-0.05390832178717275
22.8359375,0.12045381961201632,-0.050534944967488116
22.8515625,0.11847122105569263,-0.035719690976193874
22.8671875,0.11791885445739278,-0.056514925934386895
22.8828125,0.1181960440777619,-0.04571793051082551
22.8984375,0.11687713838638113,-0.0394411834874866
22.9140625,0.1155135201929778,-0.045052624932715446
22.9296875,0.11441628941458021,-0.0417484332446989
22.9453125,0.11469289044470457,-0.04918130824361455
22.9609375,0.1131971790334716,-0.05101502770969901
22.9765625,0.1134190130985986,-0.049140363777855356
22.9921875,0.11202213933730976,-0.04320779869905422
23.0078125,0.11193660470860149,-0.06172658437892764
23.0234375,0.11164579724737887,-0.05088887287377375
23.0390625,0.11201825369948536,-0.04753908549871966
23.0546875,0.11089986783359561,-0.05751558916807298
23.0703125,0.11112294675753544,-0.04597650644401341
23.0859375,0.10789206557574009,-0.03452757280373575
23.1015625,0.10609620415150593,-0.050896224311678395
23.1171875,0.10354807322594103,-0.04199015372684656
23.1328125,0.10097446836134744,-0.05053389939779862
23.1484375,0.10083746908310717,-0.05605110921009526
23.1640625,0.09967771427328358,-0.04785417528575664
23.1796875,0.09790916523252433,-0.04452809648561029
23.1953125,0.09496914139976365,-0.047866708406530734
23.2109375,0.0924995864949691,-0.0456457210148038
23.2265625,0.09192284972648367,-0.05046685010172425
23.2421875,0.0912493604401772,-0.05303236568091663
23.2578125,0.09233057979074817,-0.04410960649164153
23.2734375,0.08944619108898207,-0.047095707740968606
23.2890625,0.08796521358026765,-0.04229187565077197
23.3046875,0.08619108167734373,-0.046397367245720744
23.3203125,0.08427335079719128,-0.05010743477303947
23.3359375,0.0822987800403647,-0.04306212512866381
23.3515625,0.07974088547996644,-0.040136834134923305
23.3671875,0.07929831300089255,-0.049065978569629465
23.3828125,0.07874628946705703,-0.04608621268099711
23.3984375,0.07689919319997321,-0.04313729600324834
23.4140625,0.07582840263956267,-0.04391304499153037
23.4296875,0.07474856118329132,-0.043206624412988504
23.4453125,0.07361777520921743,-0.04286907265976225
23.4609375,0.07188726650399038,-0.04400269726757955
23.4765625,0.07129288924881873,-0.03885967940715673
23.4921875,0.06928389331111162,-0.03670148963960429
23.5078125,0.06813980989348549,-0.02902664432259172
23.5234375,0.06862173099001374,-0.03767166741076622
23.5390625,0.07072784131968585,-0.0418132543825962
23.5546875,0.06851412857965375,-0.04075231871374285
23.5703125,0.0677640668434988,-0.03746658358829791
23.5859375,0.06587080880372469,-0.0364396062850183
23.6015625,0.0636079751399602,-0.03504973253749455
23.6171875,0.06245823035838556,-0.03772812455777341
23.6328125,0.06295280678023149,-0.03521542514792486
23.6484375,0.059401595652367946,-0.03679490316114453
23.6640625,0.05725495391516943,-0.03021694758453819
23.6796875,0.05565969045089036,-0.02258519296245254
23.6953125,0.05535762692794327,-0.036094926257174365
23.7109375,0.052442222814159715,-0.037281473883766125
23.7265625,0.05411547131599939,-0.021101223397337776
23.7421875,0.053286798317260436,-0.030542433455483575
23.7578125,0.05540274491350419,-0.024762734497212335
23.7734375,0.05286991876343019,-0.017181160704758724
23.7890625,0.053951361078174026,-0.023700778196957373
23.8046875,0.051904267764603676,-0.03127465050093292
23.8203125,0.05269855404261478,-0.018464466082345865
23.8359375,0.050370975879114495,-0.013884315567604943
23.8515625,0.047478227448185834,-0.016364712493409428
23.8671875,0.045248815728617504,-0.0214070296695148
23.8828125,0.04634270821192046,-0.020127028136911917
23.8984375,0.04560079941771478,-0.01959886602515226
23.9140625,0.044558012718799576,-0.03201917088576067
23.9296875,0.044045590663180374,-0.01587246235162354
23.9453125,0.04163586776106466,-0.017603057261691646
23.9609375,0.0430965458100383,-0.03520912087072858
23.9765625,0.04400509284533358,-0.033450370796177964
23.9921875,0.04235024781494891,-0.01471118266145055
24.0078125,0.043993761452792754,-0.017548469602633787
24.0234375,0.042759957624628794,-0.0333079309454547
24.0390625,0.03991633843492967,-0.027128137043721523
24.0546875,0.03855478810544214,-0.0235930607129049
24.0703125,0.037254654925233645,-0.003818123699890208
24.0859375,0.03543891883531314,-0.015241386706719595
24.1015625,0.034324238289120235,-0.009217877261622931
24.1171875,0.03524224624429255,-0.024671501652676397
24.1328125,0.03521155140986089,-0.014494202685753521
24.1484375,0.03706100282510392,-0.01659891516400691
24.1640625,0.03496211825957844,-0.0046376545467268215
24.1796875,0.033960620120107164,-0.003859583461707672
24.1953125,0.03358014889821328,-0.013079713707188745
24.2109375,0.031255420151138746,-0.008541631570373909
24.2265625,0.03243472034537295,-0.015492095298490938
24.2421875,0.03324588435416757,-0.01167700583937048
24.2578125,0.03375002467780896,-0.01306188825911292
24.2734375,0.034279149206786125,-0.012959842257089349
24.2890625,0.034612266663177974,-0.0073099375026686175
24.3046875,0.03196772258189683,-0.00984926654698981
24.3203125,0.031599259632776024,-0.012724537207816411
24.3359375,0.03209565376460547,0.0017953229728533415
24.3515625,0.030192294388148442,-0.007839905933582969
24.3671875,0.0279551825423679,-0.011101794428640233
24.3828125,0.029058079003930627,-0.00953895263180371
24.3984375,0.02705794994807164,-0.006867991633306758
24.4140625,0.027798604700241217,0.002057458298278192
24.4296875,0.02696132204133966,-0.006830409341624488
24.4453125,0.027177534102566358,0.0017238272738673288
24.4609375,0.027039698745990767,0.0020812795777267468
24.4765625,0.024589687654241126,-0.006806774165923457
24.4921875,0.025349070429449595,0.003586736742175134
24.5078125,0.023001277798564958,-0.01565341137050069
24.5234375,0.02151245067170491,-0.014062579856197743
24.5390625,0.02187017182992928,-0.015057905274492356
24.5546875,0.02145417849959136,-0.006802741261569878
24.5703125,0.021381183760476687,0.0024931186059191646
24.5859375,0.0184784550122112,0.005796778876973718
24.6015625,0.017376540761271198,-0.004974900727138021
24.6171875,0.01938538281572705,-0.008622521989924081
24.6328125,0.020501854219015615,-0.00227223293110157
24.6484375,0.022559772657070598,0.002552335466585731
24.6640625,0.02150044307494651,0.008073481542652416
24.6796875,0.020923145475801045,0.006905218144673597
24.6953125,0.022279858990892208,0.006101861929153074
24.7109375,0.02231503316299047,0.010490088006310572
24.7265625,0.022752906052523003,0.0015363404468118347
24.7421875,0.02170859057457938,0.004113205928245378
24.7578125,0.020825162211191486,-0.0021942843089561848
24.7734375,0.022200085675513397,0.001887835706245511
24.7890625,0.021035005626013563,0.005567144454388995
24.8046875,0.01910932956875039,-0.009267718299831529
24.8203125,0.020235049671951354,-0.009195314250614928
24.8359375,0.022320134466845533,-0.009123475858032748
24.8515625,0.02023675651955598,0.004997331326404009
24.8671875,0.017469681449168533,0.0001590428873967653
24.8828125,0.016707479505399733,0.0068116456750466625
24.8984375,0.015923089870090848,0.006758429693210388
24.9140625,0.01745100796273753,-0.005133521921212747
24.9296875,0.01820357983544113,-0.0028754678444649073
24.9453125,0.019387739024604077,-0.0028530032519284987
24.9609375,0.018914970995599707,0.010855465950722731
24.9765625,0.020850512093189815,-0.0018027633784498676
24.9921875,0.01970451007440844,-0.003264788317419942
25.0078125,0.019734226139865092,-0.004344471482117029
25.0234375,0.018987948908288515,-0.005059939497424892
25.0390625,0.017480436542731476,0.0049641441401604425
25.0546875,0.01498265190162617,-0.0024627531651333356
25.0703125,0.016461397430886978,0.006799200545355433
25.0859375,0.01728851608757039,0.0037787241556017648
25.1015625,0.01796675898791603,0.00412012257757155
25.1171875,0.01641591383658937,0.010007509811156723
25.1328125,0.017513972436188293,0.008445647323007677
25.1484375,0.01568532815695063,0.0083796657032984
25.1640625,0.01654645082286413,-0.0005575941819557784
25.1796875,0.01670341060035405,-0.0012875075963982852
25.1953125,0.01743681753683622,-0.0009140990287512807
25.2109375,0.01799033052146917,0.014618681427073454
25.2265625,0.017944510382477522,0.01118133521825726
25.2421875,0.017907945304965044,0.0014879176709285957
25.2578125,0.017523830065951918,0.006646459806582072
25.2734375,0.017526603517776056,0.01805519622746843
25.2890625,0.01636270400421344,0.010889374992292034
25.3046875,0.014714076704666297,-0.009899073589341612
25.3203125,0.015325015551056287,0.006445741389104143
25.3359375,0.015325485551008572,0.0027013265699054045
25.3515625,0.016662975537911084,0.0008256239338919613
25.3671875,0.016147709779739266,0.014505353861654413
25.3828125,0.015728269586739854,0.006254506656645731
25.3984375,0.01340708161396931,0.0032458554777825555
25.4140625,0.014017297723472783,0.009503422837635611
25.4296875,0.014086614013129327,0.01571967274238162
25.4453125,0.013829804520090704,0.022614058023840755
25.4609375,0.011763649172181458,0.009129695075106525
25.4765625,0.012104844309762308,0.013494266205810845
25.4921875,0.011826537126951529,0.013388842251078614
25.5078125,0.011560210075423353,0.01772013879446277
25.5234375,0.01048176447773354,0.017581700210129725
25.5390625,0.009149569295084814,0.0104271479524769
25.5546875,0.00929978315368633,0.02291153707064808
25.5703125,0.00964813288640468,0.009424850066857005
25.5859375,0.010224784855842987,0.025247777187306752
25.6015625,0.009006243256822375,0.019501872941248166
25.6171875,0.009195607559236282,0.021196543291189585
25.6328125,0.009464457474370951,0.017707807536563536
25.6484375,0.00849852649566097,0.02903012717830933
25.6640625,0.008795562277666839,0.025480191549561937
25.6796875,0.008322513873947529,0.022321339707470855
25.6953125,0.008420052909767137,0.01955808609983123
25.7109375,0.008034008917718693,0.0323420594681636
25.7265625,0.006970618270367483,0.028758679578515967
25.7421875,0.007341299007042627,0.02779973277532477
25.7578125,0.007634898860346817,0.009104690250126168
25.7734375,0.008163051293268112,0.020486651955788915
25.7890625,0.008378704517459298,0.028085634621017874
25.8046875,0.008253711038138406,0.016413123502299953
25.8203125,0.008514656893215431,0.028487397271938164
25.8359375,0.007376777064402882,0.043041069339150084
25.8515625,0.007291875496554252,0.03050987947782957
25.8671875,0.006479399039418466,0.026940813494356064
25.8828125,0.006769287929684643,0.020825902277479713
25.8984375,0.00632456224772195,0.022131739153909535
25.9140625,0.006666690109341624,0.018635697181615285
25.9296875,0.007986049914446907,0.022191733051865725
25.9453125,0.007911041886560794,0.013146566390449976
25.9609375,0.0083297732204381,0.021915652587473744
25.9765625,0.008145831006073604,0.021744436551635715
25.9921875,0.008573081005246974,0.026010455014549905
26.0078125,0.00833934064314006,0.025807248334750454
26.0234375,0.008289732510463835,0.021169732333660818
26.0390625,0.007074595712893723,0.036900902561395554
26.0546875,0.00698280678947836,0.025886221991004987
26.0703125,0.006655813758259817,0.010529266528976677
26.0859375,0.005794610938035731,0.040014605930789315
26.1015625,0.005962125444737824,0.027877980019280102
26.1171875,0.007793571683989075,0.03394310890615415
26.1328125,0.007214234522019261,0.03921901456472554
26.1484375,0.006396118743506398,0.02708860421076409
26.1640625,0.007814643383924397,0.029829192546092287
26.1796875,0.008842048578491184,0.024796905191301732
26.1953125,0.008977440673852196,0.024603179369496075
26.2109375,0.008314011294693752,0.023669127621797514
26.2265625,0.007038128965344667,0.0260730807034264
26.2421875,0.00609205717886014,0.026603654379417918
26.2578125,0.005812380201907258,0.044517890317795406
26.2734375,0.006853639764046597,0.035298300552742745
26.2890625,0.006712327183933389,0.02947387659288836
26.3046875,0.006668443843605183,0.031090640664306335
26.3203125,0.007808651241868173,0.04711522350014974
26.3359375,0.007067151909596052,0.027148949800473332
26.3515625,0.0071299884666402415,0.036179562081542826
26.3671875,0.006832945546355586,0.029984903351444103
26.3828125,0.006659862990398193,0.021620691955938298
26.3984375,0.005817471233413503,0.02700043628681925
26.4140625,0.0058268578020891785,0.019764730363679206
26.4296875,0.005960881225340065,0.035128387674987493
26.4453125,0.0058194162407703915,0.028941941244941205
26.4609375,0.005778131768684735,0.032788379287890024
26.4765625,0.00687645375758097,0.0428725530596239
26.4921875,0.006355216596954836,0.037738364450824236
26.5078125,0.005913968363126409,0.015998318730169103
26.5234375,0.006010462833683359,0.021421987851876878
26.5390625,0.006455317011043154,0.025690525445259738
26.5546875,0.00841191401577883,0.028442036270945437
26.5703125,0.00733064099551,0.024533345187865763
26.5859375,0.006946741657023986,0.03283498268120866
26.6015625,0.006477046582093559,0.037014356252484504
26.6171875,0.00617036779669985,0.03377296353853865
26.6328125,0.005328156285341484,0.050881780050350045
26.6484375,0.004783467913766514,0.04087820277776899
26.6640625,0.004486573918116265,0.032792237395049995
26.6796875,0.0038906531031862738,0.03733529482842357
26.6953125,0.003759811202960444,0.0267032798526472
26.7109375,0.0038177546188359747,0.02834168921110347
26.7265625,0.003448666319583637,0.03550838469334039
26.7421875,0.0034722586603825826,0.029682319451136863
26.7578125,0.003499880372928382,0.03130502485261388
26.7734375,0.006737965347787551,0.03882705876947057
26.7890625,0.005826538816943629,0.03852372237283319
26.8046875,0.005896304421004685,0.032303180100573314
26.8203125,0.005449800464859906,0.03426875994277623
26.8359375,0.0051987034112857475,0.04324374870710557
26.8515625,0.004638495809137901,0.03921184945573586
26.8671875,0.006264754711857532,0.03224409178176657
26.8828125,0.006309551749335887,0.034588622745783226
26.8984375,0.006196449092360827,0.03727061718630864
26.9140625,0.005550695615202693,0.05287599925113895
26.9296875,0.004719029070037428,0.04284927235116598
26.9453125,0.004175572668102948,0.04288543211535867
26.9609375,0.004190118789110695,0.030347888379960608
26.9765625,0.004656889070717152,0.04416032553129057
26.9921875,0.004047022402845924,0.036427208058878335
27.0078125,0.00478311130156185,0.048337552003030027
27.0234375,0.004246051124766961,0.02836929865181048
27.0390625,0.0048257363037632565,0.03923740568977507
27.0546875,0.004722959964723084,0.03042241962543102
27.0703125,0.005502467793588467,0.030934153670870046
27.0859375,0.004905626728909275,0.042516492397989936
27.1015625,0.004668070814383647,0.04588595955561914
27.1171875,0.0046723629997006315,0.03776087107306125
27.1328125,0.004053873765546066,0.05151539429709828
27.1484375,0.004511644679947079,0.031522314052960354
27.1640625,0.005213193841235996,0.02646165960662472
27.1796875,0.006955815676897959,0.0477001426393322
27.1953125,0.007740375314877331,0.03993180055587686
27.2109375,0.0081226841692566,0.04147443188622191
27.2265625,0.006880690046033524,0.04558630976058353
27.2421875,0.006031400638790072,0.03931059102435697
27.2578125,0.0060831486167816,0.040487155849728396
27.2734375,0.006088692939202736,0.03868717112690234
27.2890625,0.005770851370584695,0.039119197221459956
27.3046875,0.005921748192093854,0.04399888456540069
27.3203125,0.0070570615923672576,0.03846983720749719
27.3359375,0.006178169870230726,0.03816929160431215
27.3515625,0.007321696448858394,0.04933175590177541
27.3671875,0.006188252915099451,0.038235098869431994
27.3828125,0.005409362552524911,0.043106553651977464
27.3984375,0.007914278774457826,0.03648685809579888
27.4140625,0.006867361194455657,0.03545996510804983
27.4296875,0.008600505550139565,0.03998975070855337
27.4453125,0.007572272011398634,0.04116100959889124
27.4609375,0.007276534296943853,0.03565413313916466
27.4765625,0.006578545649633353,0.035012235309462625
27.4921875,0.009983048960668312,0.0343677825166715
27.5078125,0.013806931426035528,0.027074519201111258
27.5234375,0.014505932002075984,0.03462203415348952
27.5390625,0.01730258682517514,0.042118153935188474
27.5546875,0.02154567504994958,0.03328823181506024
27.5703125,0.034564994754908464,0.026003402489354954
27.5859375,0.040077896250140105,0.049834333796958674
27.6015625,0.03661509457811045,0.05498608926107451
27.6171875,0.03894975235222052,0.03792568205813751
27.6328125,0.043006395539327995,0.028386674215674645
27.6484375,0.05811555006819662,0.027423063914483237
27.6640625,0.06165745397243465,0.041258351256949766
27.6796875,0.07489999052003132,0.0368710432187207
27.6953125,0.09647312905626289,0.031397682121340864
27.7109375,0.10283301475995145,0.040402670971037224
27.7265625,0.0967282734162139,0.03602204793504171
27.7421875,0.11408577184073408,0.03980560285458168
27.7578125,0.11016273818217699,0.01583145839716593
27.7734375,0.12129879153214948,0.02901546574885927
27.7890625,0.1307208751835506,0.020287908380186792
27.8046875,0.13061747478178173,0.03048488166066221
27.8203125,0.1475719644604269,0.024698062535897236
27.8359375,0.15414405134292145,0.028570086091374236
27.8515625,0.1767174859789949,0.015773461292351243
27.8671875,0.16581928753941136,0.029707330945189625
27.8828125,0.18107625749606907,0.022071987913207636
27.8984375,0.15326550645776119,0.02079436118421185
27.9140625,0.17865636453732414,0.015083249250675834
27.9296875,0.1656321925958073,0.0038756691822179334
27.9453125,0.18337609564907634,0.0008931724610050651
27.9609375,0.16627423569652625,-0.0005974842665956714
27.9765625,0.14197534590760674,0.0008908623969858809
27.9921875,0.14868174284557725,-0.007253621593449111
28.0078125,0.14553823488583387,-0.019391884181860775
28.0234375,0.16122256474857122,-0.011102860958729366
28.0390625,0.2050017880959643,-0.011016119857490736
28.0546875,0.18717312345275167,-0.010195786802114526
28.0703125,0.19009971760882355,-0.00493839593537615
28.0859375,0.17448294492857552,-0.013771608464079321
28.1015625,0.15706551077663186,-0.018099914646430904
28.1171875,0.18640501929180575,-0.022394405936722706
28.1328125,0.15919765611941872,-0.015202254415584093
28.1484375,0.1443265287838179,-0.0331904242114085
28.1640625,0.150406147630096,-0.0236959803607526
28.1796875,0.13069082101912383,-0.026833993274351542
28.1953125,0.11668525281887426,-0.02476975417971161
28.2109375,0.13330847644287494,-0.021253102715014904
28.2265625,0.15529339617913074,-0.030700696005883543
28.2421875,0.16036510692490086,-0.03082419673288328
28.2578125,0.1356714707467238,-0.03243798121809505
28.2734375,0.11598857668756594,-0.043637651588063875
28.2890625,0.10065124641118955,-0.03812656594256936
28.3046875,0.09961522436966443,-0.04743476551207593
28.3203125,0.09384436637601332,-0.05224948747875047
28.3359375,0.08329560496295126,-0.0496233399210908
28.3515625,0.09421254630414445,-0.04738105905576617
28.3671875,0.1078372458918828,-0.04959976267307198
28.3828125,0.0974653918106597,-0.04440544794927348
28.3984375,0.08963487565572535,-0.03850987440038267
28.4140625,0.08811029421261125,-0.04375767199341496
28.4296875,0.09486068652248243,-0.04083451682967976
28.4453125,0.10167972317523863,-0.040878847081501135
28.4609375,0.1017088878060955,-0.060891936723741935
28.4765625,0.09621440734452161,-0.073723909088514
28.4921875,0.08890683627025689,-0.0698172334987106
28.5078125,0.08208525025756573,-0.05966572299606554
28.5234375,0.0962295247741019,-0.058828664830716804
28.5390625,0.12639405690218725,-0.0698297277748523
28.5546875,0.11215807426917847,-0.058557790757479466
28.5703125,0.0949317558974343,-0.061067665652682734
28.5859375,0.10485604835537332,-0.07019663788070574
28.6015625,0.10614468962570493,-0.06705935850608924
28.6171875,0.1055216467751827,-0.06025253166198752
28.6328125,0.09257532543926747,-0.05645110120832797
28.6484375,0.08452809891522625,-0.05712283609344837
28.6640625,0.08236294960971581,-0.05889451237320387
28.6796875,0.07327017276785681,-0.0562164505585514
28.6953125,0.07937244270968563,-0.05984223670759903
28.7109375,0.08067201569771246,-0.06602856454353301
28.7265625,0.07140240570823328,-0.07992559632688412
28.7421875,0.06543771491456062,-0.06969511423964292
28.7578125,0.0562564558371416,-0.0554720108347837
28.7734375,0.05842894870322124,-0.07574201108964829
28.7890625,0.059234385336621447,-0.08216747185277384
28.8046875,0.06155262412635084,-0.06748357823951423
28.8203125,0.06054290076138867,-0.07434447771371566
28.8359375,0.0803837419963572,-0.07376366148157842
28.8515625,0.08220109810378913,-0.07318738287625237
28.8671875,0.07747740495017126,-0.05894456591255803
28.8828125,0.09240816708461563,-0.07068656278836372
28.8984375,0.09904531081659762,-0.07715151924134034
28.9140625,0.08598218152794607,-0.07100011701048103
28.9296875,0.08511460259757468,-0.0759940845831224
28.9453125,0.09701274008171057,-0.07060113400929069
28.9609375,0.08544388834741434,-0.07928470631134132
28.9765625,0.07905588370738417,-0.08420638074018427
28.9921875,0.07932731321665273,-0.07653132316589151
29.0078125,0.07058179036096385,-0.07407882368146801
29.0234375,0.06665353915454586,-0.06906418599798414
29.0390625,0.061021740800092594,-0.07739641579182432
29.0546875,0.07543848255855448,-0.06385498537746415
29.0703125,0.06673234130420996,-0.07185699234671361
29.0859375,0.06264577638417715,-0.06723063242496963
29.1015625,0.07125130544275717,-0.075955676350425
29.1171875,0.08555854319912966,-0.08016151941695782
29.1328125,0.09631055296948768,-0.08249504539212538
29.1484375,0.08581777966823773,-0.08037444382213721
29.1640625,0.09080773587860085,-0.08269873653550164
29.1796875,0.08463494315742975,-0.08205265265631922
29.1953125,0.08393597728531448,-0.0706927938281936
29.2109375,0.07738844870426655,-0.07384213363089387
29.2265625,0.06924847328652006,-0.08028243718666772
29.2421875,0.06221165856489867,-0.08039707005502095
29.2578125,0.05585068132531631,-0.0716390136071432
29.2734375,0.05086159497955404,-0.0877101621939218
29.2890625,0.05976483796927094,-0.06706339062114708
29.3046875,0.06691043859277879,-0.0824360166435163
29.3203125,0.06917661265261932,-0.07181500219311587
29.3359375,0.06997999731407006,-0.08012574123543104
29.3515625,0.06197821904858184,-0.07173315445850648
29.3671875,0.06844712104707526,-0.08115729204956068
29.3828125,0.05953104968995126,-0.0805232507054221
29.3984375,0.06705532448431287,-0.06805501142683923
29.4140625,0.07467423035299581,-0.07639512539701698
29.4296875,0.07137070872899529,-0.07395882953744248
29.4453125,0.06815818319740852,-0.060807605180244195
29.4609375,0.0835072857099941,-0.06847006989273297
29.4765625,0.0992697214489256,-0.07495991248634581
29.4921875,0.08612454952326767,-0.06291362628192232
29.5078125,0.09292947805598004,-0.06833411947793167
29.5234375,0.11468548650744101,-0.07113096671955788
29.5390625,0.10028015752837069,-0.07315655439335345
29.5546875,0.1007923748746114,-0.07258501881215551
29.5703125,0.10966992175550858,-0.06462983342348139
29.5859375,0.1117610166618292,-0.06707713090558443
29.6015625,0.1290643649119711,-0.06360087276465975
29.6171875,0.14200324116363985,-0.06827415743864762
29.6328125,0.1494873897528,-0.06182875968232082
29.6484375,0.156064148925586,-0.0727988145955365
29.6640625,0.15860686387033165,-0.04598561232010567
29.6796875,0.1508758685688292,-0.06226474789432501
29.6953125,0.13372565531727412,-0.04920488354996522
29.7109375,0.13323731899161334,-0.059546862666365996
29.7265625,0.11471214265420021,-0.057976463478361495
29.7421875,0.09937335417207563,-0.04790231941172607
29.7578125,0.09117755897231833,-0.06194853227505703
29.7734375,0.07978989587300918,-0.05037481718297343
29.7890625,0.07179440307478135,-0.05811878805169002
29.8046875,0.07322669168273481,-0.05322883814656265
29.8203125,0.06414633632325378,-0.05021654991748292
29.8359375,0.06864848754171456,-0.05685656792578797
29.8515625,0.061147530934941664,-0.06897822720041447
29.8671875,0.05996934580722304,-0.055873483588865014
29.8828125,0.06201887025538225,-0.06467968544971114
29.8984375,0.06363732055839207,-0.062319776884951494
29.9140625,0.08857292040923258,-0.06183290362803717
29.9296875,0.07626053125849577,-0.055437828167104186
29.9453125,0.07163007244514114,-0.05204493228893625
29.9609375,0.06873255470288664,-0.05607422812890306
29.9765625,0.05879012455297766,-0.0659916207863418
29.9921875,0.05225572782189056,-0.05327355995195049
30.0078125,0.06055662437074845,-0.04915573301034115
30.0234375,0.05336148896328761,-0.05432035983298533
30.0390625,0.04971119704712837,-0.05943706821869199
30.0546875,0.049017330705130126,-0.0630452630821523
30.0703125,0.0458306029947115,-0.05701163576742374
30.0859375,0.04053917448612021,-0.07209187142014883
30.1015625,0.043274499055910576,-0.06080226140554501
30.1171875,0.04820108222731365,-0.06106908314718851
30.1328125,0.047564714686809804,-0.05651943397618098
30.1484375,0.04505109326797899,-0.047584571645614915
30.1640625,0.04853369197840045,-0.05645553063101971
30.1796875,0.04907311900123338,-0.04972397640230497
30.1953125,0.04338530545859512,-0.05562600323232303
30.2109375,0.06486720538214358,-0.05519142508207153
30.2265625,0.08142138646711022,-0.04846974667795578
30.2421875,0.08509644371908794,-0.054381572177693016
30.2578125,0.09327224264179179,-0.044714002693670096
30.2734375,0.08632363180175495,-0.05138943956227493
30.2890625,0.0792178061638462,-0.050238550366934476
30.3046875,0.06769814953241388,-0.05576563738341633
30.3203125,0.057213640692447165,-0.04682909429884674
30.3359375,0.05196944895611699,-0.04572140259076107
30.3515625,0.04979140432846016,-0.06199503251360383
30.3671875,0.04373121013796198,-0.055969610125192304
30.3828125,0.04704978992725535,-0.03778876005219445
30.3984375,0.0515871176311508,-0.058196910703795623
30.4140625,0.04699905182127785,-0.05293543076101059
30.4296875,0.08102299388075958,-0.05584501046835655
30.4453125,0.0789170491664481,-0.061691646929844524
30.4609375,0.09585939627773667,-0.05825746288248013
30.4765625,0.09270494496950873,-0.061503953708196946
30.4921875,0.09836267177740422,-0.06027404487108967
30.5078125,0.08746428114208608,-0.0638757008544566
30.5234375,0.10028046026449018,-0.04969806161667023
30.5390625,0.09308213004471638,-0.04782611669253711
30.5546875,0.08612880852315591,-0.059291626538325204
30.5703125,0.09940372388590915,-0.04477131088681574
30.5859375,0.09865396868703541,-0.054777007585204984
30.6015625,0.0942259761750154,-0.05619609094574329
30.6171875,0.08302794294780588,-0.05206300152063292
30.6328125,0.07877507861934398,-0.06939984681514488
30.6484375,0.08048859370409094,-0.07551150582211719
30.6640625,0.0733979339531672,-0.06087204215358355
30.6796875,0.06474601639207946,-0.06335626716986908
30.6953125,0.05646838716059805,-0.06286129633260273
30.7109375,0.06365484437901707,-0.05756337587709126
30.7265625,0.06935462499867817,-0.05341203474856471
30.7421875,0.05907512514337508,-0.053744162425854114
30.7578125,0.06918682666283991,-0.05072784822583998
30.7734375,0.0649294285521352,-0.06179976858958369
30.7890625,0.06121861024294443,-0.06685804409437779
30.8046875,0.051889804515551446,-0.0596818703146802
30.8203125,0.0752855661073164,-0.05625581785723455
30.8359375,0.073710609146281,-0.05470356016691724
30.8515625,0.07572657818205356,-0.06943847774571665
30.8671875,0.07837759057942842,-0.06925933955287888
30.8828125,0.0698648966245799,-0.06095921632898538
30.8984375,0.07273595360664324,-0.07194363433953654
30.9140625,0.06445924993258978,-0.06731659752722052
30.9296875,0.07632213089015136,-0.0679034457223544
30.9453125,0.08103142640862324,-0.059969695543671264
30.9609375,0.07287034488115723,-0.06615502760744718
30.9765625,0.0802308239464758,-0.06157321428522877
30.9921875,0.0750843484099059,-0.061092173548626505
31.0078125,0.06696969601659576,-0.0643165181972627
31.0234375,0.0851059995063116,-0.06049090763868392
31.0390625,0.07869985679487228,-0.06445421929623407
31.0546875,0.08550936132681355,-0.052860928524292916
31.0703125,0.074172404391432,-0.05391649175816937
31.0859375,0.07162692943595898,-0.06236706291326044
31.1015625,0.07567957147414801,-0.06668663681216103
31.1171875,0.07667868833421214,-0.06321342940634267
31.1328125,0.08126950505311784,-0.06013070634792683
31.1484375,0.07502591445276517,-0.0714849470072565
31.1640625,0.0771870019141795,-0.06982128153533651
31.1796875,0.07267394911349245,-0.06225860754857848
31.1953125,0.06477454450136205,-0.06065945306379561
31.2109375,0.07197643023967464,-0.07053345386153964
31.2265625,0.06139924644070888,-0.057779909956252595
31.2421875,0.08037285736581132,-0.05178741821281818
31.2578125,0.07175575557258525,-0.057294834909367154
31.2734375,0.10479281749419499,-0.0538950009559116
31.2890625,0.11786203852136458,-0.06936293523265391
31.3046875,0.09959881330884673,-0.07252266455563472
31.3203125,0.09766001825248655,-0.07306127056222067
31.3359375,0.11257958664781453,-0.06473144475231862
31.3515625,0.12249338319870291,-0.05757188502997934
31.3671875,0.14093374783334253,-0.05712210467818224
31.3828125,0.15800293685868327,-0.08292029977179283
31.3984375,0.17106185715840266,-0.065270736844802
31.4140625,0.18188540518886184,-0.0666078379455044
31.4296875,0.18939604158643422,-0.06830541264828938
31.4453125,0.19245064661632497,-0.04818116038577713
31.4609375,0.19816791188048694,-0.06258854471854391
31.4765625,0.20719252715775832,-0.056929405220468965
31.4921875,0.21049154287818433,-0.06017870170678563
31.5078125,0.21125058410987313,-0.06082131471301366
31.5234375,0.21190706537734955,-0.06662150400770628
31.5390625,0.20883001171614002,-0.05760771925502084
31.5546875,0.20549754969313397,-0.051238083257118205
31.5703125,0.20405847294939744,-0.06414547635209544
31.5859375,0.20444259264433598,-0.06031363226804487
31.6015625,0.20313595304465373,-0.054301345819052216
31.6171875,0.20433373528901758,-0.06385409962521393
31.6328125,0.20337328017335726,-0.05781415327499673
31.6484375,0.2038375241939269,-0.06475059513173065
31.6640625,0.20333770342148788,-0.049090011754540086
31.6796875,0.19794635596175364,-0.054626071728929304
31.6953125,0.19746390341078315,-0.055312064656860116
31.7109375,0.19479778743446266,-0.05746123750301635
31.7265625,0.1910159123890179,-0.0625534077819232
31.7421875,0.19010948799149166,-0.05837822160891548
31.7578125,0.18870465787545987,-0.060503440103882866
31.7734375,0.18495624952848277,-0.054482100991286586
31.7890625,0.18120670586447832,-0.05591105809947905
31.8046875,0.17963697673197226,-0.0650878861139006
31.8203125,0.17832315485123237,-0.05681278258011346
31.8359375,0.17571026941766776,-0.06265185832198128
31.8515625,0.17292832686289455,-0.06253331038327659
31.8671875,0.16807011859353302,-0.06056109007815991
31.8828125,0.16667056722147203,-0.0478930250548153
31.8984375,0.16368570395204596,-0.05749584386694906
31.9140625,0.15930496319752582,-0.05926460602347561
31.9296875,0.1565225133711088,-0.04919553792298359
31.9453125,0.15453779657239455,-0.05102914621969745
31.9609375,0.15058224267657272,-0.05580064750731495
31.9765625,0.1483371151662016,-0.05278340659737779
31.9921875,0.14588684126075804,-0.06679148596706952
32.0078125,0.14348004396570047,-0.06441507896076715
32.0234375,0.1405555298316957,-0.0602177786917828
32.0390625,0.1383804585654283,-0.0523516425766708
32.0546875,0.13697227425143157,-0.05637854224251626
32.0703125,0.13396804593619435,-0.06259193019145926
32.0859375,0.13249517117611517,-0.04694821138411953
32.1015625,0.13108742316056163,-0.051017325356149
32.1171875,0.1288495532143755,-0.055054649375282594
32.1328125,0.12826004649783884,-0.05055955775800314
32.1484375,0.12674511382998074,-0.04868088239526713
32.1640625,0.12620841580183045,-0.05496197810165171
32.1796875,0.12493979133609649,-0.031611263871489825
32.1953125,0.12152670827217865,-0.0443010717884782
32.2109375,0.12126834552711714,-0.03988999249608938
32.2265625,0.11837495980060866,-0.03920743222527534
32.2421875,0.11971560506131144,-0.043707940738926254
32.2578125,0.1156812437241814,-0.040043334691741705
32.2734375,0.11324366857179628,-0.029004103870327924
32.2890625,0.11125556143333008,-0.03136637745001636
32.3046875,0.1092245816092678,-0.035557224499662254
32.3203125,0.1060890274907161,-0.03898106093774345
32.3359375,0.10396610870950644,-0.038676521399167996
32.3515625,0.10440787998343672,-0.037261601962423896
32.3671875,0.10444536628749157,-0.028098701950145966
32.3828125,0.09971615828041468,-0.037114324502656615
32.3984375,0.09742571300748924,-0.026847385772107657
32.4140625,0.09590680996535998,-0.05067172346031512
32.4296875,0.09466614771321728,-0.03548448118261405
32.4453125,0.09309842334245973,-0.037054287405670294
32.4609375,0.09079739050941797,-0.026416898010509726
32.4765625,0.09023435506957196,-0.023992567558060784
32.4921875,0.08590261525602588,-0.0278701027930488
32.5078125,0.08212239403409281,-0.01507894661353859
32.5234375,0.0792774881295809,-0.024203855794510787
32.5390625,0.07871109955040072,-0.026611201102177517
32.5546875,0.07644080583550011,-0.03267865690945371
32.5703125,0.07576000320800765,-0.035019792833409724
32.5859375,0.07444196728661764,-0.02993938412398478
32.6015625,0.07304961235616804,-0.02932699319119436
32.6171875,0.07138496362248291,-0.025040468677737238
32.6328125,0.07150113679158897,-0.021885052170581787
32.6484375,0.0692751815793207,-0.025044782750548222
32.6640625,0.06652101750521838,-0.02484912038530851
32.6796875,0.06608732758233184,-0.01836449123663897
32.6953125,0.06319859699770351,-0.0204389670855889
32.7109375,0.061111543936293894,-0.02435183461415491
32.7265625,0.05870291349029555,-0.01787109051057101
32.7421875,0.06128122063700747,-0.013666495446919669
32.7578125,0.06008540182960828,-0.005422201823282791
32.7734375,0.059333541642326154,-0.013146445295056708
32.7890625,0.059409423277133756,-0.004542864648676925
32.8046875,0.05914128708568974,-0.008209000773096164
32.8203125,0.057317708282850655,-0.014798713264767116
32.8359375,0.05472719912759729,-0.012828499795201509
32.8515625,0.053585942976907754,-0.004961672717033849
32.8671875,0.054684997062628256,-0.009737296016727015
32.8828125,0.05243517355950308,-0.005959596137110168
32.8984375,0.050339137647822274,-0.00813098522903033
32.9140625,0.04848892801281009,-0.0006793469777264249
32.9296875,0.047427459274431774,-0.010651022649835085
32.9453125,0.04891052865080728,-0.009833541916396626
32.9609375,0.04614511839419855,-0.00013551442446413375
32.9765625,0.04739129043042439,-0.008642899550419969
32.9921875,0.04412597254265619,-0.008575376897681508
33.0078125,0.04484319146066155,0.006282987672499019
33.0234375,0.04316776582732688,-0.014106123593645492
33.0390625,0.044053071059027324,-0.005487475670673092
33.0546875,0.04570762275121209,-0.004710335148008227
33.0703125,0.04395409328590678,-0.009109432528138228
33.0859375,0.044763035361282955,-0.0034896090997271756
33.1015625,0.04465046031309767,0.0013444700492790673
33.1171875,0.040783731710217694,-0.010497615215545153
33.1328125,0.03945209105572873,0.0065937152782318265
33.1484375,0.04025911965502215,-0.0004901329269095811
33.1640625,0.03785848875674342,-0.008987177805927615
33.1796875,0.03795434515818148,-0.0041025791115245624
33.1953125,0.03522487901177684,-0.004070527712215721
33.2109375,0.03491647966987978,0.0015023594824441489
33.2265625,0.032955861501097486,0.0003854329755590413
33.2421875,0.034337685516653005,0.012940703202097836
33.2578125,0.032645697706157197,-0.010074150028028583
33.2734375,0.03330629989586778,-0.0003893823649967487
33.2890625,0.03172209997703653,-0.0029676386665578036
33.3046875,0.030641996691988572,-0.0003631556381868961
33.3203125,0.029608194752824613,0.004446498093148676
33.3359375,0.03063555485297227,0.004040840122360834
33.3515625,0.03092444333841334,0.013251984510286974
33.3671875,0.03184514807881369,0.00021925225520291747
33.3828125,0.03198600947316275,0.012775820768620605
33.3984375,0.03003197540111727,0.008989521994152483
33.4140625,0.02837056271975068,0.007806532240262953
33.4296875,0.026928245877998552,0.014399389017341946
33.4453125,0.02516665631743336,0.003931421225949805
33.4609375,0.023071513968095397,0.0046425464064974165
33.4765625,0.02162317400851256,0.025673001766758574
33.4921875,0.022350668336717665,-0.00039354060163176996
33.5078125,0.021434969921698736,0.012167815355979883
33.5234375,0.023202107877815695,0.013927352820694239
33.5390625,0.022966218493211135,0.011963946854599783
33.5546875,0.02162568178087997,0.011870478519799832
33.5703125,0.021946775534664915,0.014374178337426713
33.5859375,0.02060260170659108,0.00464824691334087
33.6015625,0.018090613743695853,0.011629127709092302
33.6171875,0.019127124276257304,0.020046718981262757
33.6328125,0.020244143794005562,0.01767215555248569
33.6484375,0.0186098630743805,0.017534091837230648
33.6640625,0.017201078038520466,0.020349324800477575
33.6796875,0.019209053336163247,0.015383529122562578
33.6953125,0.016288296606259196,0.024506058752677973
33.7109375,0.01602983885459683,0.02025719778952606
33.7265625,0.014065318079030296,0.024156345810943947
33.7421875,0.016053241186915375,0.016579509430098227
33.7578125,0.014048866461714861,0.030870431746411242
33.7734375,0.013310931927830425,0.03062925649839343
33.7890625,0.014333574388952363,0.021881521599606657
33.8046875,0.015846470116795096,0.02651738879001897
33.8203125,0.016404501518078835,0.018543617266573165
33.8359375,0.017049843839331984,0.025431080061213862
33.8515625,0.018158166584487642,0.02781369809952139
33.8671875,0.019440406517192203,0.01650666139943624
33.8828125,0.020441838384991775,0.01859565154398979
33.8984375,0.018075137448228078,0.025475138030952138
33.9140625,0.015804889706149284,0.025647033219524218
33.9296875,0.0152717693268042,0.018050981053409743
33.9453125,0.015747228119349754,0.037137224075575404
33.9609375,0.01400734769093045,0.01687798379196437
33.9765625,0.015844668813057922,0.023778459348125836
33.9921875,0.01596980737346548,0.01656035532993272
34.0078125,0.017184054181957474,0.0212453639217145
34.0234375,0.016181873146551343,0.018861436079337324
34.0390625,0.017397922392089357,0.027585874856914216
34.0546875,0.0181918716863453,0.011095311953674525
34.0703125,0.018596805284017602,0.02395297053490708
34.0859375,0.01745376920651125,0.02931449393938479
34.1015625,0.015809721466882844,0.0224316291452773
34.1171875,0.01375621879066211,0.02225638204258118
34.1328125,0.012482959873223926,0.0346407854795352
34.1484375,0.011291092240682307,0.028465718231522885
34.1640625,0.01233626242272144,0.03009035854014286
34.1796875,0.012387163876837533,0.03244414575522114
34.1953125,0.013382621261324827,0.025536830556298185
34.2109375,0.013632315995305707,0.028289542123300038
34.2265625,0.013638320420798641,0.025116312019740406
34.2421875,0.014583467112216093,0.036373182930322656
34.2578125,0.01245855912802733,0.02315224652269876
34.2734375,0.013100843857006298,0.028520025583521402
34.2890625,0.013966225614288208,0.016094711586653432
34.3046875,0.014097181120310952,0.017074160975809605
34.3203125,0.015621170234928091,0.016569849388751834
34.3359375,0.014898700375005467,0.03715134256979269
34.3515625,0.012955838609606257,0.023553407085543654
34.3671875,0.013684049865527775,0.019667768838200317
34.3828125,0.01291694918675045,0.025433690085371552
34.3984375,0.01147619076885091,0.019315413690360828
34.4140625,0.012399881355297526,0.01768083320315128
34.4296875,0.013154233336950122,0.02679298493502813
34.4453125,0.013597885769791974,0.022882037485736362
34.4609375,0.012754599057928265,0.00976650065189233
34.4765625,0.013458022596199,0.01856199361249722
34.4921875,0.01506482808432664,0.016933299219648035
34.5078125,0.013758034083825997,0.01680100781949534
34.5234375,0.014028197078147732,0.024073004454876923
34.5390625,0.01428368812480889,0.013529461542880483
34.5546875,0.014432757018588383,0.010834894483402024
34.5703125,0.014558784432312344,0.023694587576120085
34.5859375,0.01487107623424362,0.021291525173946724
34.6015625,0.0169915407531901,0.011503982187814898
34.6171875,0.015393165482176322,0.025100287441720326
34.6328125,0.014921546497342793,0.008265793275612054
34.6484375,0.01308328127680407,0.008201216765645114
34.6640625,0.013196347346635601,0.024775542930136396
34.6796875,0.012978447634719396,0.03714783521254361
34.6953125,0.01329155583345054,0.018372190847170344
34.7109375,0.013070545906133059,0.02747137155756718
34.7265625,0.01251120553937366,0.01986863653807447
34.7421875,0.011103302151894772,0.021931361251855463
34.7578125,0.011073510443652219,0.03136608585801426
34.7734375,0.010678453738671687,0.008570634240442132
34.7890625,0.009496204801972843,0.014794171556097524
34.8046875,0.009760850102844887,0.027986282711239596
34.8203125,0.009734934595798734,0.01889584613061146
34.8359375,0.009824043978147136,0.024652658444164643
34.8515625,0.009316102698868898,0.025209468748830233
34.8671875,0.009793164755897029,0.013173368391779405
34.8828125,0.00894237553462438,0.022320734692495847
34.8984375,0.009454866399462148,0.02658225082618415
34.9140625,0.009317003732042944,0.012688396876853858
34.9296875,0.008558275933137831,0.022210471721965774
34.9453125,0.007229541040986181,0.02166603270720202
34.9609375,0.007033952429912178,0.03332077862934568
34.9765625,0.0066543217694172265,0.025672345117108364
34.9921875,0.0069090372965676635,0.02103588304740711
35.0078125,0.0076316485145322185,0.030848523281473916
35.0234375,0.007579671451281073,0.023219404264139598
35.0390625,0.008850659485011472,0.03523293417543627
35.0546875,0.008640837150214895,0.022762745370080495
35.0703125,0.008450238057101359,0.03330373390112484
35.0859375,0.007621589941730546,0.02417175473307509
35.1015625,0.006528348155021894,0.018434256912431835
35.1171875,0.009031204219326763,0.01090212435110871
35.1328125,0.008867469217400984,0.03816660236444491
35.1484375,0.009368838694823281,0.01939056867059108
35.1640625,0.010175786989555175,0.02330405702188898
35.1796875,0.009054407491632804,0.02866308027330433
35.1953125,0.008473110592103827,0.03324596653657963
35.2109375,0.011042670404965916,0.040003427647775425
35.2265625,0.009852673894680614,0.02269672257414257
35.2421875,0.01238198831081213,0.022148484724596074
35.2578125,0.011192012611450796,0.021975449687683835
35.2734375,0.010173425498430253,0.023279875514859327
35.2890625,0.011609299815783817,0.02716297865643824
35.3046875,0.010536313601570022,0.026579848181249588
35.3203125,0.009438850379553767,0.03672009589213587
35.3359375,0.008333837721497773,0.03199732326950766
35.3515625,0.008778131324431976,0.024359229252262082
35.3671875,0.009044089758909957,0.02601595150603231
35.3828125,0.008563274493732852,0.02581270188489171
35.3984375,0.00800358517836675,0.024876770532426207
35.4140625,0.008439729683960938,0.029852587255103202
35.4296875,0.007608520292770338,0.03700747884637323
35.4453125,0.007129222866105987,0.01750623118601169
35.4609375,0.007870416931477052,0.0291934755575447
35.4765625,0.007421663185903394,0.029699671148740947
35.4921875,0.006363889344235846,0.023192286652005123
35.5078125,0.007420270165650652,0.018575200039062878
35.5234375,0.04793626842640607,0.027672794740144724
35.5390625,0.05579956324559064,0.022271294959001153
35.5546875,0.07819847070990148,0.03134758370840629
35.5703125,0.10503612095373402,0.031102680710684893
35.5859375,0.0971549991565377,0.0278999031720204
35.6015625,0.08880520749907826,0.030263233529776556
35.6171875,0.08576892117025689,0.040011354878085825
35.6328125,0.10872786230433151,0.03563378899906411
35.6484375,0.12946511235205632,0.02981431382561084
35.6640625,0.1260563491154124,0.022185704779762006
35.6796875,0.11489442904297519,0.02497216680677994
35.6953125,0.11405256932199183,0.02329339293584809
35.7109375,0.0972057538665993,0.0231114133035355
35.7265625,0.11264130062471794,0.03698038541639903
35.7421875,0.10552441888379928,0.03225557928186262
35.7578125,0.10577597828876224,0.017954052539426613
35.7734375,0.10728826658228803,0.014483078953912099
35.7890625,0.10135801943128761,0.0232417236465281
35.8046875,0.10776542569243844,0.020107929624817444
35.8203125,0.11064270272667676,0.02549192262152289
35.8359375,0.10334420625697617,0.00866193859545561
35.8515625,0.10799650725744149,0.009707026313492406
35.8671875,0.09538606381408404,0.009631190170416914
35.8828125,0.10277459784088697,0.01694406142641114
35.8984375,0.09516468457247171,0.009423571017318721
35.9140625,0.09283327597423138,0.009349949368747446
35.9296875,0.09977538432155857,-0.0036598680266806127
35.9453125,0.09267490364224264,-0.007703822266645233
35.9609375,0.08553626376557194,-0.00616752712732449
35.9765625,0.07937899204716259,-0.010555240195120774
35.9921875,0.07284615601971708,-0.001971903338578329
36.0078125,0.08621024675249038,-0.0060214750127869365
36.0234375,0.07574923411592524,-0.022976180324270956
36.0390625,0.07311009830042763,-0.019473541155328178
36.0546875,0.08541200767560034,-0.030774496213282987
36.0703125,0.0906624688838397,-0.027203362911567552
36.0859375,0.08888529154039622,-0.04104793645800342
36.1015625,0.08280520666094617,-0.03517859346763785
36.1171875,0.07846702866239383,-0.03490376070617174
36.1328125,0.06626462590239972,-0.023170413187532546
36.1484375,0.0586589854202184,-0.04479795899743877
36.1640625,0.054722030053180375,-0.03521283128127095
36.1796875,0.08932650127075299,-0.031236103782397606
36.1953125,0.10272039106075312,-0.035427968595076464
36.2109375,0.11267379167053493,-0.04439390104181129
36.2265625,0.11089569840024387,-0.04737778123996961
36.2421875,0.10165267693757313,-0.04700764232403287
36.2578125,0.08596313268456326,-0.04664039511837714
36.2734375,0.10573783689140491,-0.03924368222698149
36.2890625,0.10500877199470461,-0.05298662098887874
36.3046875,0.10095276641961634,-0.05294358271683919
36.3203125,0.09934637453698833,-0.0521590412724251
36.3359375,0.0913559473524457,-0.051751548762485555
36.3515625,0.08156825799058724,-0.05652497607012563
36.3671875,0.07753283533056174,-0.052010827735653464
36.3828125,0.06936675272470513,-0.0582583384541806
36.3984375,0.07637846847140814,-0.061504822439491846
36.4140625,0.07515751803068847,-0.054370470703975826
36.4296875,0.0868217597325678,-0.06910042075432088
36.4453125,0.0849296066541086,-0.06522986616712956
36.4609375,0.11460686219438196,-0.06879280479662242
36.4765625,0.10682959108849928,-0.05494767038872794
36.4921875,0.12453986865693817,-0.06339018546076147
36.5078125,0.1181557861213806,-0.055870184622200725
36.5234375,0.13855492311474993,-0.07206452718542522
36.5390625,0.1608049882275782,-0.06558951716545636
36.5546875,0.16593896869985045,-0.06507709906260217
36.5703125,0.15707530856907662,-0.07529507649531197
36.5859375,0.1460093415816453,-0.06952152763795283
36.6015625,0.134090289598665,-0.07416369677552126
36.6171875,0.14628999851707652,-0.07283488369569469
36.6328125,0.13754984277886934,-0.07374953998457556
36.6484375,0.13073471867356737,-0.07390764132243532
36.6640625,0.11069077977867564,-0.07814462424240176
36.6796875,0.10217729912414776,-0.08972905087262006
36.6953125,0.0933171002264549,-0.08089051853471574
36.7109375,0.08732952108033246,-0.08396018861314758
36.7265625,0.09389126798924581,-0.08700587689409289
36.7421875,0.08050042559352233,-0.0833587858453626
36.7578125,0.07828427500632107,-0.08012624697965265
36.7734375,0.08567469872974076,-0.09243703159111405
36.7890625,0.08030654550621116,-0.09098059766281708
36.8046875,0.07478836193554257,-0.10209382354624807
36.8203125,0.07352957637236911,-0.0961260490573359
36.8359375,0.07225447526251637,-0.08723754017111318
36.8515625,0.06340514600565633,-0.08655599688852789
36.8671875,0.09410817544408337,-0.09142843414962343
36.8828125,0.08945811729915418,-0.09995686295921402
36.8984375,0.11849505411772221,-0.09806319085403459
36.9140625,0.11165357602430782,-0.09840983128879799
36.9296875,0.09964929068650925,-0.09948046342426764
36.9453125,0.0951258226689535,-0.10498619790954322
36.9609375,0.1247644636280391,-0.10602059176055789
36.9765625,0.1283411837090725,-0.09743327125379153
36.9921875,0.11620012962166287,-0.09851910255441965
37.0078125,0.1372098367704627,-0.10180682944486819
37.0234375,0.1192197274906415,-0.10803622860447959
37.0390625,0.14405871288520167,-0.0931502353290945
37.0546875,0.12802804066467488,-0.09538228696119688
37.0703125,0.12253260874495715,-0.10128338836463868
37.0859375,0.15284742719235012,-0.10492800876651742
37.1015625,0.1490527749774275,-0.10965691468481253
37.1171875,0.145262338090474,-0.11397038653129954
37.1328125,0.14094462815375558,-0.09608581459138676
37.1484375,0.12518903352974914,-0.09569849407944275
37.1640625,0.12558350511792585,-0.08940219360766122
37.1796875,0.1114260675832301,-0.09647034339362293
37.1953125,0.13161444205454856,-0.10569365190622904
37.2109375,0.15707750252972008,-0.10339938101273916
37.2265625,0.14681574994047722,-0.09630107795291565
37.2421875,0.12543231594367651,-0.09554872578140916
37.2578125,0.11120268931706143,-0.09184246351562919
37.2734375,0.14011215181946687,-0.0940847321150251
37.2890625,0.16299272807828136,-0.08669584983516643
37.3046875,0.15980543305085407,-0.09747920039645308
37.3203125,0.13522164189640662,-0.09191082756544589
37.3359375,0.14905895332519942,-0.08269190018258499
37.3515625,0.16131357576998154,-0.0979424284740027
37.3671875,0.1399591167028348,-0.10235498953390021
37.3828125,0.1672105859757466,-0.08602213233111655
37.3984375,0.20097948729237394,-0.094221878169229
37.4140625,0.18505619896007125,-0.09053355169030652
37.4296875,0.199828194835673,-0.08206722368408848
37.4453125,0.21054115816001961,-0.09842025179419167
37.4609375,0.19440315926426296,-0.08249662422432635
37.4765625,0.1995717757214468,-0.08518282689762202
37.4921875,0.20307961681994552,-0.08118662851243386
37.5078125,0.1854452809769751,-0.07981808835819137
37.5234375,0.17627528725965386,-0.08659019426198
37.5390625,0.16896476405793417,-0.0822120811148217
37.5546875,0.1535090390823812,-0.07677055244308661
37.5703125,0.17335519564188745,-0.08207521861357492
37.5859375,0.18551345660334895,-0.07552956985670534
37.6015625,0.18931104368520804,-0.09082848406390909
37.6171875,0.22016014193597064,-0.0875375881808722
37.6328125,0.18590444013707413,-0.0746511994762109
37.6484375,0.17540011496837404,-0.07923815347276886
37.6640625,0.15807740337051077,-0.08157889324436951
37.6796875,0.13509210266018792,-0.08168339754976728
37.6953125,0.121059999070182,-0.07402048099176284
37.7109375,0.1128411002265851,-0.07528922471631816
37.7265625,0.10799770164510798,-0.06953086115576212
37.7421875,0.11596654791361859,-0.07119802994983004
37.7578125,0.1160991750363689,-0.06805292719967682
37.7734375,0.10097797544834025,-0.06752126370593103
37.7890625,0.08946020919318294,-0.061452667636324065
37.8046875,0.0878779606946781,-0.07243323055853779
37.8203125,0.09484145924394066,-0.06484258093015072
37.8359375,0.09347752316822015,-0.04881035920947596
37.8515625,0.08946447525216156,-0.055824712997239345
37.8671875,0.07951816491153367,-0.059082639891549604
37.8828125,0.10335310925696252,-0.058621056767396595
37.8984375,0.09278548033803015,-0.05446902229680006
37.9140625,0.10590196722253695,-0.052938293736680464
37.9296875,0.11164221776400735,-0.05362990264028866
37.9453125,0.10001405606541489,-0.05135632050372507
37.9609375,0.08450986565366961,-0.06168149151892521
37.9765625,0.11390693270270953,-0.04863375365488665
37.9921875,0.10356022562810213,-0.061183003580559614
38.0078125,0.09631164256963186,-0.052211707112455485
38.0234375,0.08214808075170589,-0.06029710740327232
38.0390625,0.0733348988750649,-0.06426193312515593
38.0546875,0.06464205276815622,-0.060436749012453106
38.0703125,0.0776561900778456,-0.05885182779748632
38.0859375,0.08502071481132094,-0.059141457091577365
38.1015625,0.09580945998077761,-0.062002552218213935
38.1171875,0.08217390686705434,-0.06336518601130692
38.1328125,0.09636600781987568,-0.05548203056639167
38.1484375,0.1034742508999683,-0.056517116440574
38.1640625,0.11443013692651895,-0.044985834284691606
38.1796875,0.10587163929594752,-0.042053084103059746
38.1953125,0.09225963418961942,-0.05244336686275375
38.2109375,0.08705689427768312,-0.06053452710164464
38.2265625,0.09451120495502877,-0.05414959520732765
38.2421875,0.09025394219412336,-0.04818546529786971
38.2578125,0.09775197930298525,-0.05482621157499068
38.2734375,0.10302073635499999,-0.060688377192725795
38.2890625,0.09383410205138364,-0.04690655862547999
38.3046875,0.08936083617886895,-0.05319394644643083
38.3203125,0.09211987224638128,-0.05757761552784402
38.3359375,0.09102620544234463,-0.05898238892872243
38.3515625,0.08582084360089562,-0.0625789963943646
38.3671875,0.0868713695331697,-0.05137884529567316
38.3828125,0.08105633072414485,-0.05208263739022456
38.3984375,0.0778497510976192,-0.05167574178561196
38.4140625,0.07126055131650141,-0.05016683572948821
38.4296875,0.0886129091574861,-0.052727125381071716
38.4453125,0.09258859833095663,-0.05083151589628798
38.4609375,0.08294381314180856,-0.05043439467834787
38.4765625,0.09875860730578848,-0.05337108351997344
38.4921875,0.08732259305210911,-0.05665574918446126
38.5078125,0.08679629931831086,-0.05436609741166265
38.5234375,0.09710154411939811,-0.05097400464013191
38.5390625,0.09248288115932375,-0.05797902473785399
38.5546875,0.08916520235835507,-0.062325310395113576
38.5703125,0.09723814160691356,-0.04890162299166434
38.5859375,0.08262074898121069,-0.050366607794344986
38.6015625,0.09147538427525996,-0.05182771719314161
38.6171875,0.08400945932939073,-0.04735026619364291
38.6328125,0.09160482273332511,-0.03959222730980727
38.6484375,0.08914009777545022,-0.0514778445410613
38.6640625,0.09543150987535244,-0.038880742373475385
38.6796875,0.09322926145028546,-0.054473545335280704
38.6953125,0.09382518147997293,-0.060701816072558756
38.7109375,0.10541136933098197,-0.05467892714770528
38.7265625,0.1061937067334224,-0.052033799592624774
38.7421875,0.10285904079396604,-0.04792565827882811
38.7578125,0.10078299407236083,-0.05901947075152947
38.7734375,0.09127659785581105,-0.06372854762874525
38.7890625,0.09281309827558958,-0.05287519578569544
38.8046875,0.08854431344349332,-0.06466460961561893
38.8203125,0.10413489098786415,-0.06933715363534532
38.8359375,0.10636374165834912,-0.06361772084022022
38.8515625,0.10425502198896323,-0.057208701494818825
38.8671875,0.09033597239224296,-0.05010791320417951
38.8828125,0.08768088729483074,-0.05673364035703443
38.8984375,0.1038149348983339,-0.06369366330072168
38.9140625,0.09820983466598585,-0.05764740056939388
38.9296875,0.09224463526881388,-0.058309789365758036
38.9453125,0.09991325302648826,-0.05266893806410167
38.9609375,0.09337596949949288,-0.0544754104222136
38.9765625,0.08977741400939615,-0.05404982127829072
38.9921875,0.10340407021883302,-0.061030811558531184
39.0078125,0.10991995948351682,-0.05685238108874202
39.0234375,0.1217914123444871,-0.06010984911597461
39.0390625,0.12880016235970404,-0.05409158493296573
39.0546875,0.11039234112338348,-0.05736305189027746
39.0703125,0.11176911245958068,-0.062092639329733856
39.0859375,0.10883614153888625,-0.0616075405849692
39.1015625,0.10747086096943004,-0.0485603804626038
39.1171875,0.10160935413610524,-0.061859612815091225
39.1328125,0.10656743315961398,-0.0650628222646894
39.1484375,0.10125522246750139,-0.06308597972777008
39.1640625,0.08757512131124197,-0.06813420670804504
39.1796875,0.07785146427133872,-0.06206082202123753
39.1953125,0.09444708116220663,-0.06009229303144892
39.2109375,0.09437282858900017,-0.06738942641566226
39.2265625,0.08780533030644788,-0.06612110711291663
39.2421875,0.08600342166112825,-0.062281398203435145
39.2578125,0.0763678406658936,-0.058093197525483475
39.2734375,0.07426006460778713,-0.05985729285655239
39.2890625,0.08464172220102147,-0.06863237120749588
39.3046875,0.08940932294778026,-0.06477304304727483
39.3203125,0.0929216047017626,-0.056129479520507175
39.3359375,0.10287441283979139,-0.06382849208971209
39.3515625,0.1104668629365105,-0.06591113034655294
39.3671875,0.11887928123495428,-0.05762959521719324
39.3828125,0.13094586602711494,-0.06753483656925496
39.3984375,0.138275115331593,-0.082532859715716
39.4140625,0.14332732480720003,-0.05786155864951681
39.4296875,0.14901436798146328,-0.07700013144876294
39.4453125,0.1513474871914265,-0.06530882573813557
39.4609375,0.15580788519632438,-0.07700110183405329
39.4765625,0.15882599293636482,-0.06346275980999039
39.4921875,0.16363387911042446,-0.05889441004005036
39.5078125,0.16404497358126188,-0.06397538365850863
39.5234375,0.1637067752888431,-0.05238583378999451
39.5390625,0.16254403076067403,-0.06122685270478101
39.5546875,0.16274111620954995,-0.06185370724145045
39.5703125,0.16280023281937664,-0.060636205534638776
39.5859375,0.16094038908880973,-0.059049726065588004
39.6015625,0.16243577458234892,-0.06302429695417189
39.6171875,0.16138185635421562,-0.0710327936767321
39.6328125,0.1595032062197846,-0.07343006803185759
39.6484375,0.1594913430802534,-0.059548705004932145
39.6640625,0.15494604284742258,-0.059083480747080586
39.6796875,0.15527602579965744,-0.07009012273175586
39.6953125,0.15396243918006297,-0.07286568140807503
39.7109375,0.15281731269418103,-0.06786052139860033
39.7265625,0.15096414940028893,-0.0673303610751752
39.7421875,0.14914803513307748,-0.06791710174258725
39.7578125,0.14758317378281519,-0.07625829313217025
39.7734375,0.14609068495886726,-0.06346002392007932
39.7890625,0.14271772294692847,-0.05742315628630834
39.8046875,0.14041752841077257,-0.06214470437027941
39.8203125,0.1362066788109453,-0.057594221698352044
39.8359375,0.1364404088909098,-0.0663869802927124
39.8515625,0.1346184519600816,-0.07141698799596341
39.8671875,0.13100794117672956,-0.07344034112852782
39.8828125,0.13083783223483753,-0.06880161129442897
39.8984375,0.12695969986964512,-0.04978624159330636
39.9140625,0.12436448629804601,-0.0638101665247035
39.9296875,0.12366135569272023,-0.06811089638675938
39.9453125,0.12242177761196155,-0.058343636347238714
39.9609375,0.1205738866322101,-0.051233981378061344
39.9765625,0.1187613729303621,-0.06118161867335914
39.9921875,0.11343047527331934,-0.05183184353052539
40.0078125,0.11161961929687186,-0.05586280412641642
40.0234375,0.11077206624525948,-0.045441823108919976
40.0390625,0.10862950460269336,-0.05766022986731656
40.0546875,0.10617019741662367,-0.05462089118030278
40.0703125,0.10435400714415924,-0.04458810210202202
40.0859375,0.10178502504666986,-0.043861268060027214
40.1015625,0.10132210967192115,-0.05054336691795669
40.1171875,0.1017613508115312,-0.053108284709523446
40.1328125,0.10196377871317633,-0.042708823374969285
40.1484375,0.10006218260184643,-0.03425277614416444
40.1640625,0.09934314202617896,-0.033235767131778005
40.1796875,0.09761293715445396,-0.03816141877329571
40.1953125,0.093274915104921,-0.030830947884595616
40.2109375,0.09123423876544784,-0.024314725288363093
40.2265625,0.08943593122857077,-0.036319698004156464
40.2421875,0.09011578256489464,-0.03639930027805249
40.2578125,0.08865465247428916,-0.03353363239333973
40.2734375,0.08638055942876474,-0.028835754016792947
40.2890625,0.08592809340861537,-0.02121478996945214
40.3046875,0.08346820654740232,-0.02290364794500732
40.3203125,0.08159926148234996,-0.01902308594094748
40.3359375,0.08254380740980971,-0.027011992209988733
40.3515625,0.07900584047734158,-0.019397706511874446
40.3671875,0.07991468677660198,-0.039957107059148456
40.3828125,0.07704714545408244,-0.028176710482238576
40.3984375,0.07591715948650049,-0.01317278028331259
40.4140625,0.07476937559403606,-0.027853667585635122
40.4296875,0.07413399756598636,-0.027636060807623153
40.4453125,0.07161488859113536,-0.01670890139320136
40.4609375,0.06958351661535504,-0.027668105284753608
40.4765625,0.06742885704675854,-0.027073458717893573
40.4921875,0.0661699315246098,-0.020586591505775687
40.5078125,0.06762881329273625,-0.023007057110920215
40.5234375,0.06763816565776186,-0.03945814285782134
40.5390625,0.06595276118783415,-0.032132680891987064
40.5546875,0.06423564769950041,-0.02780909736359405
40.5703125,0.06357284753453331,-0.021308913184672207
40.5859375,0.06524294706283428,-0.01744837983581249
40.6015625,0.06355486852899413,-0.006964161593533191
40.6171875,0.06386256404230745,-0.01911225537808292
40.6328125,0.06104227096318129,-0.014527044009465584
40.6484375,0.059934761724144046,-0.01810003915285563
40.6640625,0.060677689910111174,-0.0286850248661068
40.6796875,0.06128477796789085,-0.01700026122121656
40.6953125,0.06094544420832955,-0.009479331751226283
40.7109375,0.061376378611562185,-0.0068088365408591756
40.7265625,0.05974092971195716,-0.008981160732009386
40.7421875,0.05646646719255789,-0.018153708865174423
40.7578125,0.053454372237834766,-0.005809381717664763
40.7734375,0.05088357942479377,-0.006498265541981851
40.7890625,0.04786286617456762,-0.010512475011470457
40.8046875,0.04454461885157357,-0.008590887358032262
40.8203125,0.044234972943579406,-0.007040092232795558
40.8359375,0.04317058312902453,-0.0014364355254414818
40.8515625,0.04020404862459978,-0.013998634374331687
40.8671875,0.03848747313491266,-0.02239014408579365
40.8828125,0.03594944519558902,0.0021822117189849166
40.8984375,0.03512397137318706,-0.015578424303967608
40.9140625,0.03396922270359665,-0.012875419512806019
40.9296875,0.03408842765432594,0.0031292982536186287
40.9453125,0.033353675434401646,0.012347564062402228
40.9609375,0.032662750210016356,0.0030083852667743827
40.9765625,0.031972788388341264,-0.017355143168078513
40.9921875,0.030986513840936362,-0.013147009153151146
41.0078125,0.030758619600927243,0.0021104212085809593
41.0234375,0.03190684479293037,0.01688530298105917
41.0390625,0.030169283081941774,-0.00320814937910896
41.0546875,0.029911445273876038,0.009375195709573347
41.0703125,0.027531054912543,0.005615464318378116
41.0859375,0.02702063903472623,0.010370840291415107
41.1015625,0.029975603686202938,0.0040068924958660546
41.1171875,0.03161804413392636,0.009145755140703926
41.1328125,0.02960762853675883,0.004275057140642247
41.1484375,0.030163683919416654,0.006459606693468345
41.1640625,0.02948438627144174,0.0034493531705592773
41.1796875,0.028131158256405366,0.013770307873727461
41.1953125,0.026280640120438282,0.004790933596517277
41.2109375,0.02826949317350285,0.011414919527890532
41.2265625,0.02925816180443426,0.01206001008806723
41.2421875,0.028481342318424134,0.01750687745615309
41.2578125,0.027106601282016436,0.014788806624739692
41.2734375,0.028990954696041692,0.009132182876079753
41.2890625,0.02804892783778007,0.016078032922127505
41.3046875,0.028549188148497433,0.0030156523739393037
41.3203125,0.027314383607379054,0.010016857604416174
41.3359375,0.025816789240767853,0.004397514707481065
41.3515625,0.02665904756830309,0.022470096532273942
41.3671875,0.027424073744324578,0.014906433973919775
41.3828125,0.02773950373992384,0.017378845599672843
41.3984375,0.024774034599200453,0.026478217029925588
41.4140625,0.022572451836350284,0.021835459085902897
41.4296875,0.02252430598376828,0.024988007321958605
41.4453125,0.02235963474120821,0.01888835240330522
41.4609375,0.023922411353410843,0.018740787150154148
41.4765625,0.02421654756300177,0.01194052944033075
41.4921875,0.023843646974604754,0.014428542405365619
41.5078125,0.02509872604314871,0.012839710389961567
41.5234375,0.02347033812242275,0.01643345761713988
41.5390625,0.02208899694719207,0.01408712279276969
41.5546875,0.021561428804086766,0.021372751865037287
41.5703125,0.019722068532802266,0.023787075592380802
41.5859375,0.018102831135802792,0.01029354844389374
41.6015625,0.01898020464751513,0.01354383764672562
41.6171875,0.019592004018393422,0.025269608007668865
