t,i
0.00000000,-14.245
0.00000500,-14.218
0.00001000,-14.197
0.00001500,-14.173
0.00002000,-14.139
0.00002500,-14.110
0.00003000,-14.076
0.00003500,-14.039
0.00004000,-14.007
0.00004500,-13.979
0.00005000,-13.962
0.00005500,-13.934
0.00006000,-13.907
0.00006500,-13.875
0.00007000,-13.838
0.00007500,-13.801
0.00008000,-13.769
0.00008500,-13.741
0.00009000,-13.722
0.00009500,-13.703
0.00010000,-13.677
0.00010500,-13.637
0.00011000,-13.611
0.00011500,-13.574
0.00012000,-13.535
0.00012500,-13.509
0.00013000,-13.490
0.00013500,-13.469
0.00014000,-13.439
0.00014500,-13.405
0.00015000,-13.377
0.00015500,-13.344
0.00016000,-13.308
0.00016500,-13.279
0.00017000,-13.253
0.00017500,-13.241
0.00018000,-13.212
0.00018500,-13.181
0.00019000,-13.154
0.00019500,-13.121
0.00020000,-13.084
0.00020500,-13.052
0.00021000,-13.031
0.00021500,-13.010
0.00022000,-12.986
0.00022500,-12.957
0.00023000,-12.930
0.00023500,-12.896
0.00024000,-12.861
0.00024500,-12.828
0.00025000,-12.799
0.00025500,-12.785
0.00026000,-12.759
0.00026500,-12.729
0.00027000,-12.700
0.00027500,-12.667
0.00028000,-12.627
0.00028500,-12.595
0.00029000,-12.569
0.00029500,-12.545
0.00030000,-12.527
0.00030500,-12.497
0.00031000,-12.465
0.00031500,-12.431
0.00032000,-12.391
0.00032500,-12.362
0.00033000,-12.334
0.00033500,-12.308
0.00034000,-12.289
0.00034500,-12.262
0.00035000,-12.226
0.00035500,-12.193
0.00036000,-12.164
0.00036500,-12.122
0.00037000,-12.094
0.00037500,-12.070
0.00038000,-12.049
0.00038500,-12.022
0.00039000,-11.986
0.00039500,-11.956
0.00040000,-11.920
0.00040500,-11.883
0.00041000,-11.851
0.00041500,-11.821
0.00042000,-11.805
0.00042500,-11.779
0.00043000,-11.748
0.00043500,-11.711
0.00044000,-11.681
0.00044500,-11.642
0.00045000,-11.603
0.00045500,-11.579
0.00046000,-11.552
0.00046500,-11.531
0.00047000,-11.497
0.00047500,-11.462
0.00048000,-11.426
0.00048500,-11.392
0.00049000,-11.351
0.00049500,-11.325
0.00050000,-11.297
0.00050500,-11.273
0.00051000,-11.244
0.00051500,-11.211
0.00052000,-11.173
0.00052500,-11.140
0.00053000,-11.098
0.00053500,-11.069
0.00054000,-11.043
0.00054500,-11.016
0.00055000,-10.988
0.00055500,-10.956
0.00056000,-10.918
0.00056500,-10.885
0.00057000,-10.839
0.00057500,-10.813
0.00058000,-10.781
0.00058500,-10.763
0.00059000,-10.731
0.00059500,-10.695
0.00060000,-10.660
0.00060500,-10.625
0.00061000,-10.586
0.00061500,-10.544
0.00062000,-10.520
0.00062500,-10.502
0.00063000,-10.468
0.00063500,-10.433
0.00064000,-10.399
0.00064500,-10.367
0.00065000,-10.320
0.00065500,-10.293
0.00066000,-10.258
0.00066500,-10.235
0.00067000,-10.208
0.00067500,-10.174
0.00068000,-10.140
0.00068500,-10.106
0.00069000,-10.064
0.00069500,-10.032
0.00070000,-10.000
0.00070500,-9.973
0.00071000,-9.947
0.00071500,-9.918
0.00072000,-9.879
0.00072500,-9.842
0.00073000,-9.808
0.00073500,-9.775
0.00074000,-9.744
0.00074500,-9.717
0.00075000,-9.689
0.00075500,-9.660
0.00076000,-9.625
0.00076500,-9.586
0.00077000,-9.551
0.00077500,-9.514
0.00078000,-9.482
0.00078500,-9.456
0.00079000,-9.428
0.00079500,-9.406
0.00080000,-9.367
0.00080500,-9.335
0.00081000,-9.303
0.00081500,-9.256
0.00082000,-9.229
0.00082500,-9.203
0.00083000,-9.179
0.00083500,-9.147
0.00084000,-9.115
0.00084500,-9.081
0.00085000,-9.044
0.00085500,-9.008
0.00086000,-8.971
0.00086500,-8.944
0.00087000,-8.917
0.00087500,-8.892
0.00088000,-8.862
0.00088500,-8.828
0.00089000,-8.788
0.00089500,-8.749
0.00090000,-8.717
0.00090500,-8.688
0.00091000,-8.661
0.00091500,-8.638
0.00092000,-8.603
0.00092500,-8.570
0.00093000,-8.527
0.00093500,-8.495
0.00094000,-8.459
0.00094500,-8.426
0.00095000,-8.403
0.00095500,-8.379
0.00096000,-8.340
0.00096500,-8.308
0.00097000,-8.281
0.00097500,-8.236
0.00098000,-8.203
0.00098500,-8.168
0.00099000,-8.141
0.00099500,-8.118
0.00100000,-8.086
0.00100500,-8.052
0.00101000,-8.015
0.00101500,-7.980
0.00102000,-7.946
0.00102500,-7.906
0.00103000,-7.880
0.00103500,-7.852
0.00104000,-7.823
0.00104500,-7.791
0.00105000,-7.761
0.00105500,-7.717
0.00106000,-7.674
0.00106500,-7.646
0.00107000,-7.617
0.00107500,-7.590
0.00108000,-7.559
0.00108500,-7.530
0.00109000,-7.493
0.00109500,-7.456
0.00110000,-7.419
0.00110500,-7.379
0.00111000,-7.349
0.00111500,-7.321
0.00112000,-7.299
0.00112500,-7.263
0.00113000,-7.226
0.00113500,-7.194
0.00114000,-7.159
0.00114500,-7.115
0.00115000,-7.083
0.00115500,-7.064
0.00116000,-7.033
0.00116500,-7.001
0.00117000,-6.959
0.00117500,-6.925
0.00118000,-6.887
0.00118500,-6.851
0.00119000,-6.821
0.00119500,-6.793
0.00120000,-6.764
0.00120500,-6.735
0.00121000,-6.701
0.00121500,-6.663
0.00122000,-6.624
0.00122500,-6.590
0.00123000,-6.552
0.00123500,-6.529
0.00124000,-6.500
0.00124500,-6.466
0.00125000,-6.436
0.00125500,-6.402
0.00126000,-6.362
0.00126500,-6.326
0.00127000,-6.283
0.00127500,-6.262
0.00128000,-6.239
0.00128500,-6.206
0.00129000,-6.173
0.00129500,-6.143
0.00130000,-6.106
0.00130500,-6.064
0.00131000,-6.025
0.00131500,-5.993
0.00132000,-5.972
0.00132500,-5.942
0.00133000,-5.913
0.00133500,-5.877
0.00134000,-5.839
0.00134500,-5.798
0.00135000,-5.760
0.00135500,-5.726
0.00136000,-5.705
0.00136500,-5.674
0.00137000,-5.642
0.00137500,-5.612
0.00138000,-5.571
0.00138500,-5.533
0.00139000,-5.496
0.00139500,-5.463
0.00140000,-5.435
0.00140500,-5.414
0.00141000,-5.383
0.00141500,-5.346
0.00142000,-5.303
0.00142500,-5.274
0.00143000,-5.233
0.00143500,-5.196
0.00144000,-5.167
0.00144500,-5.143
0.00145000,-5.113
0.00145500,-5.077
0.00146000,-5.043
0.00146500,-5.006
0.00147000,-4.968
0.00147500,-4.926
0.00148000,-4.897
0.00148500,-4.869
0.00149000,-4.844
0.00149500,-4.808
0.00150000,-4.770
0.00150500,-4.726
0.00151000,-4.689
0.00151500,-4.651
0.00152000,-4.620
0.00152500,-4.596
0.00153000,-4.564
0.00153500,-4.531
0.00154000,-4.494
0.00154500,-4.454
0.00155000,-4.415
0.00155500,-4.369
0.00156000,-4.341
0.00156500,-4.316
0.00157000,-4.285
0.00157500,-4.255
0.00158000,-4.214
0.00158500,-4.174
0.00159000,-4.137
0.00159500,-4.095
0.00160000,-4.061
0.00160500,-4.032
0.00161000,-4.013
0.00161500,-3.976
0.00162000,-3.936
0.00162500,-3.902
0.00163000,-3.860
0.00163500,-3.823
0.00164000,-3.786
0.00164500,-3.762
0.00165000,-3.725
0.00165500,-3.699
0.00166000,-3.662
0.00166500,-3.628
0.00167000,-3.591
0.00167500,-3.556
0.00168000,-3.512
0.00168500,-3.480
0.00169000,-3.461
0.00169500,-3.432
0.00170000,-3.392
0.00170500,-3.358
0.00171000,-3.321
0.00171500,-3.282
0.00172000,-3.239
0.00172500,-3.215
0.00173000,-3.192
0.00173500,-3.161
0.00174000,-3.120
0.00174500,-3.086
0.00175000,-3.052
0.00175500,-3.018
0.00176000,-2.980
0.00176500,-2.944
0.00177000,-2.918
0.00177500,-2.893
0.00178000,-2.854
0.00178500,-2.820
0.00179000,-2.786
0.00179500,-2.749
0.00180000,-2.701
0.00180500,-2.670
0.00181000,-2.651
0.00181500,-2.617
0.00182000,-2.587
0.00182500,-2.555
0.00183000,-2.519
0.00183500,-2.476
0.00184000,-2.440
0.00184500,-2.405
0.00185000,-2.374
0.00185500,-2.353
0.00186000,-2.315
0.00186500,-2.286
0.00187000,-2.245
0.00187500,-2.205
0.00188000,-2.165
0.00188500,-2.128
0.00189000,-2.105
0.00189500,-2.073
0.00190000,-2.044
0.00190500,-2.010
0.00191000,-1.972
0.00191500,-1.930
0.00192000,-1.888
0.00192500,-1.858
0.00193000,-1.822
0.00193500,-1.795
0.00194000,-1.767
0.00194500,-1.732
0.00195000,-1.692
0.00195500,-1.653
0.00196000,-1.618
0.00196500,-1.574
0.00197000,-1.542
0.00197500,-1.515
0.00198000,-1.486
0.00198500,-1.447
0.00199000,-1.415
0.00199500,-1.375
0.00200000,-1.336
0.00200500,-1.292
0.00201000,-1.257
0.00201500,-1.228
0.00202000,-1.197
0.00202500,-1.167
0.00203000,-1.127
0.00203500,-1.082
0.00204000,-1.046
0.00204500,-1.008
0.00205000,-0.962
0.00205500,-0.937
0.00206000,-0.906
0.00206500,-0.872
0.00207000,-0.835
0.00207500,-0.797
0.00208000,-0.753
0.00208500,-0.713
0.00209000,-0.671
0.00209500,-0.637
0.00210000,-0.602
0.00210500,-0.579
0.00211000,-0.542
0.00211500,-0.494
0.00212000,-0.462
0.00212500,-0.417
0.00213000,-0.375
0.00213500,-0.341
0.00214000,-0.312
0.00214500,-0.277
0.00215000,-0.246
0.00215500,-0.204
0.00216000,-0.167
0.00216500,-0.117
0.00217000,-0.079
0.00217500,-0.037
0.00218000,-0.009
0.00218500,0.018
0.00219000,0.057
0.00219500,0.098
0.00220000,0.140
0.00220500,0.182
0.00221000,0.221
0.00221500,0.258
0.00222000,0.290
0.00222500,0.317
0.00223000,0.359
0.00223500,0.390
0.00224000,0.430
0.00224500,0.477
0.00225000,0.523
0.00225500,0.557
0.00226000,0.591
0.00226500,0.625
0.00227000,0.654
0.00227500,0.691
0.00228000,0.734
0.00228500,0.776
0.00229000,0.816
0.00229500,0.855
0.00230000,0.892
0.00230500,0.919
0.00231000,0.950
0.00231500,0.998
0.00232000,1.027
0.00232500,1.071
0.00233000,1.116
0.00233500,1.150
0.00234000,1.183
0.00234500,1.208
0.00235000,1.241
0.00235500,1.278
0.00236000,1.315
0.00236500,1.357
0.00237000,1.396
0.00237500,1.436
0.00238000,1.467
0.00238500,1.499
0.00239000,1.531
0.00239500,1.562
0.00240000,1.594
0.00240500,1.631
0.00241000,1.671
0.00241500,1.710
0.00242000,1.744
0.00242500,1.777
0.00243000,1.798
0.00243500,1.831
0.00244000,1.869
0.00244500,1.908
0.00245000,1.943
0.00245500,1.979
0.00246000,2.019
0.00246500,2.043
0.00247000,2.072
0.00247500,2.101
0.00248000,2.133
0.00248500,2.172
0.00249000,2.207
0.00249500,2.251
0.00250000,2.286
0.00250500,2.312
0.00251000,2.339
0.00251500,2.370
0.00252000,2.402
0.00252500,2.442
0.00253000,2.475
0.00253500,2.512
0.00254000,2.555
0.00254500,2.579
0.00255000,2.603
0.00255500,2.637
0.00256000,2.668
0.00256500,2.705
0.00257000,2.742
0.00257500,2.779
0.00258000,2.824
0.00258500,2.851
0.00259000,2.877
0.00259500,2.909
0.00260000,2.940
0.00260500,2.983
0.00261000,3.014
0.00261500,3.056
0.00262000,3.086
0.00262500,3.128
0.00263000,3.155
0.00263500,3.184
0.00264000,3.215
0.00264500,3.249
0.00265000,3.289
0.00265500,3.324
0.00266000,3.365
0.00266500,3.403
0.00267000,3.434
0.00267500,3.453
0.00268000,3.489
0.00268500,3.522
0.00269000,3.566
0.00269500,3.600
0.00270000,3.645
0.00270500,3.685
0.00271000,3.714
0.00271500,3.740
0.00272000,3.774
0.00272500,3.806
0.00273000,3.843
0.00273500,3.888
0.00274000,3.930
0.00274500,3.967
0.00275000,3.997
0.00275500,4.031
0.00276000,4.055
0.00276500,4.100
0.00277000,4.134
0.00277500,4.171
0.00278000,4.223
0.00278500,4.257
0.00279000,4.292
0.00279500,4.323
0.00280000,4.347
0.00280500,4.381
0.00281000,4.424
0.00281500,4.461
0.00282000,4.498
0.00282500,4.542
0.00283000,4.574
0.00283500,4.608
0.00284000,4.633
0.00284500,4.669
0.00285000,4.702
0.00285500,4.743
0.00286000,4.778
0.00286500,4.825
0.00287000,4.863
0.00287500,4.888
0.00288000,4.915
0.00288500,4.957
0.00289000,4.991
0.00289500,5.028
0.00290000,5.068
0.00290500,5.115
0.00291000,5.148
0.00291500,5.179
0.00292000,5.210
0.00292500,5.240
0.00293000,5.272
0.00293500,5.313
0.00294000,5.354
0.00294500,5.395
0.00295000,5.432
0.00295500,5.467
0.00296000,5.496
0.00296500,5.525
0.00297000,5.561
0.00297500,5.594
0.00298000,5.639
0.00298500,5.680
0.00299000,5.725
0.00299500,5.754
0.00300000,5.781
0.00300500,5.812
0.00301000,5.841
0.00301500,5.878
0.00302000,5.921
0.00302500,5.960
0.00303000,5.998
0.00303500,6.032
0.00304000,6.064
0.00304500,6.095
0.00305000,6.130
0.00305500,6.169
0.00306000,6.206
0.00306500,6.238
0.00307000,6.285
0.00307500,6.319
0.00308000,6.349
0.00308500,6.380
0.00309000,6.409
0.00309500,6.446
0.00310000,6.480
0.00310500,6.523
0.00311000,6.557
0.00311500,6.597
0.00312000,6.626
0.00312500,6.655
0.00313000,6.679
0.00313500,6.721
0.00314000,6.753
0.00314500,6.792
0.00315000,6.832
0.00315500,6.869
0.00316000,6.898
0.00316500,6.927
0.00317000,6.956
0.00317500,6.982
0.00318000,7.025
0.00318500,7.064
0.00319000,7.096
0.00319500,7.137
0.00320000,7.166
0.00320500,7.194
0.00321000,7.217
0.00321500,7.248
0.00322000,7.293
0.00322500,7.326
0.00323000,7.360
0.00323500,7.399
0.00324000,7.441
0.00324500,7.463
0.00325000,7.491
0.00325500,7.520
0.00326000,7.555
0.00326500,7.592
0.00327000,7.629
0.00327500,7.668
0.00328000,7.706
0.00328500,7.735
0.00329000,7.758
0.00329500,7.787
0.00330000,7.827
0.00330500,7.858
0.00331000,7.896
0.00331500,7.938
0.00332000,7.969
0.00332500,8.009
0.00333000,8.027
0.00333500,8.053
0.00334000,8.088
0.00334500,8.120
0.00335000,8.160
0.00335500,8.194
0.00336000,8.231
0.00336500,8.263
0.00337000,8.296
0.00337500,8.310
0.00338000,8.342
0.00338500,8.383
0.00339000,8.416
0.00339500,8.453
0.00340000,8.492
0.00340500,8.521
0.00341000,8.544
0.00341500,8.576
0.00342000,8.606
0.00342500,8.635
0.00343000,8.676
0.00343500,8.709
0.00344000,8.743
0.00344500,8.783
0.00345000,8.806
0.00345500,8.830
0.00346000,8.859
0.00346500,8.891
0.00347000,8.930
0.00347500,8.962
0.00348000,9.004
0.00348500,9.039
0.00349000,9.065
0.00349500,9.088
0.00350000,9.109
0.00350500,9.144
0.00351000,9.175
0.00351500,9.210
0.00352000,9.245
0.00352500,9.273
0.00353000,9.297
0.00353500,9.321
0.00354000,9.348
0.00354500,9.379
0.00355000,9.416
0.00355500,9.447
0.00356000,9.490
0.00356500,9.521
0.00357000,9.554
0.00357500,9.575
0.00358000,9.600
0.00358500,9.640
0.00359000,9.664
0.00359500,9.703
0.00360000,9.743
0.00360500,9.778
0.00361000,9.806
0.00361500,9.835
0.00362000,9.859
0.00362500,9.883
0.00363000,9.920
0.00363500,9.954
0.00364000,9.986
0.00364500,10.028
0.00365000,10.057
0.00365500,10.083
0.00366000,10.108
0.00366500,10.137
0.00367000,10.169
0.00367500,10.202
0.00368000,10.239
0.00368500,10.279
0.00369000,10.313
0.00369500,10.337
0.00370000,10.364
0.00370500,10.387
0.00371000,10.419
0.00371500,10.454
0.00372000,10.490
0.00372500,10.527
0.00373000,10.561
0.00373500,10.590
0.00374000,10.609
0.00374500,10.640
0.00375000,10.665
0.00375500,10.699
0.00376000,10.731
0.00376500,10.772
0.00377000,10.804
0.00377500,10.833
0.00378000,10.857
0.00378500,10.881
0.00379000,10.915
0.00379500,10.947
0.00380000,10.981
0.00380500,11.019
0.00381000,11.055
0.00381500,11.082
0.00382000,11.114
0.00382500,11.135
0.00383000,11.166
0.00383500,11.200
0.00384000,11.237
0.00384500,11.274
0.00385000,11.306
0.00385500,11.343
0.00386000,11.366
0.00386500,11.396
0.00387000,11.417
0.00387500,11.449
0.00388000,11.486
0.00388500,11.523
0.00389000,11.564
0.00389500,11.596
0.00390000,11.621
0.00390500,11.639
0.00391000,11.675
0.00391500,11.707
0.00392000,11.739
0.00392500,11.778
0.00393000,11.818
0.00393500,11.848
0.00394000,11.877
0.00394500,11.898
0.00395000,11.927
0.00395500,11.948
0.00396000,11.989
0.00396500,12.024
0.00397000,12.059
0.00397500,12.095
0.00398000,12.124
0.00398500,12.151
0.00399000,12.169
0.00399500,12.204
0.00400000,12.238
0.00400500,12.277
0.00401000,12.311
0.00401500,12.341
0.00402000,12.370
0.00402500,12.396
0.00403000,12.428
0.00403500,12.455
0.00404000,12.484
0.00404500,12.523
0.00405000,12.554
0.00405500,12.584
0.00406000,12.623
0.00406500,12.647
0.00407000,12.671
0.00407500,12.694
0.00408000,12.729
0.00408500,12.764
0.00409000,12.797
0.00409500,12.840
0.00410000,12.868
0.00410500,12.892
0.00411000,12.916
0.00411500,12.943
0.00412000,12.977
0.00412500,13.004
0.00413000,13.045
0.00413500,13.075
0.00414000,13.107
0.00414500,13.138
0.00415000,13.162
0.00415500,13.186
0.00416000,13.217
0.00416500,13.255
0.00417000,13.289
0.00417500,13.323
0.00418000,13.357
0.00418500,13.379
0.00419000,13.405
0.00419500,13.429
0.00420000,13.453
0.00420500,13.489
0.00421000,13.523
0.00421500,13.560
0.00422000,13.602
0.00422500,13.624
0.00423000,13.648
0.00423500,13.671
0.00424000,13.698
0.00424500,13.726
0.00425000,13.763
0.00425500,13.798
0.00426000,13.830
0.00426500,13.861
0.00427000,13.895
0.00427500,13.903
0.00428000,13.932
0.00428500,13.965
0.00429000,13.996
0.00429500,14.033
0.00430000,14.062
0.00430500,14.096
0.00431000,14.118
0.00431500,14.141
0.00432000,14.167
0.00432500,14.200
0.00433000,14.233
0.00433500,14.262
0.00434000,14.300
0.00434500,14.324
0.00435000,14.352
0.00435500,14.379
0.00436000,14.397
0.00436500,14.426
0.00437000,14.455
0.00437500,14.490
0.00438000,14.524
0.00438500,14.555
0.00439000,14.579
0.00439500,14.601
0.00440000,14.624
0.00440500,14.659
0.00441000,14.683
0.00441500,14.716
0.00442000,14.756
0.00442500,14.783
0.00443000,14.815
0.00443500,14.835
0.00444000,14.856
0.00444500,14.880
0.00445000,14.915
0.00445500,14.944
0.00446000,14.981
0.00446500,15.013
0.00447000,15.042
0.00447500,15.065
0.00448000,15.087
0.00448500,15.112
0.00449000,15.141
0.00449500,15.176
0.00450000,15.207
0.00450500,15.240
0.00451000,15.273
0.00451500,15.289
0.00452000,15.311
0.00452500,15.342
0.00453000,15.372
0.00453500,15.400
0.00454000,15.430
0.00454500,15.469
0.00455000,15.498
0.00455500,15.524
0.00456000,15.543
0.00456500,15.566
0.00457000,15.598
0.00457500,15.628
0.00458000,15.662
0.00458500,15.694
0.00459000,15.731
0.00459500,15.746
0.00460000,15.776
0.00460500,15.793
0.00461000,15.825
0.00461500,15.852
0.00462000,15.884
0.00462500,15.910
0.00463000,15.947
0.00463500,15.971
0.00464000,15.995
0.00464500,16.015
0.00465000,16.047
0.00465500,16.069
0.00466000,16.102
0.00466500,16.139
0.00467000,16.176
0.00467500,16.198
0.00468000,16.222
0.00468500,16.243
0.00469000,16.267
0.00469500,16.298
0.00470000,16.329
0.00470500,16.361
0.00471000,16.396
0.00471500,16.422
0.00472000,16.453
0.00472500,16.461
0.00473000,16.488
0.00473500,16.519
0.00474000,16.548
0.00474500,16.580
0.00475000,16.617
0.00475500,16.647
0.00476000,16.668
0.00476500,16.689
0.00477000,16.715
0.00477500,16.734
0.00478000,16.771
0.00478500,16.800
0.00479000,16.831
0.00479500,16.865
0.00480000,16.894
0.00480500,16.915
0.00481000,16.932
0.00481500,16.966
0.00482000,16.992
0.00482500,17.024
0.00483000,17.058
0.00483500,17.090
0.00484000,17.116
0.00484500,17.134
0.00485000,17.154
0.00485500,17.180
0.00486000,17.214
0.00486500,17.240
0.00487000,17.270
0.00487500,17.301
0.00488000,17.328
0.00488500,17.349
0.00489000,17.365
0.00489500,17.391
0.00490000,17.418
0.00490500,17.443
0.00491000,17.476
0.00491500,17.512
0.00492000,17.534
0.00492500,17.552
0.00493000,17.570
0.00493500,17.591
0.00494000,17.615
0.00494500,17.639
0.00495000,17.673
0.00495500,17.705
0.00496000,17.729
0.00496500,17.745
0.00497000,17.765
0.00497500,17.777
0.00498000,17.811
0.00498500,17.834
0.00499000,17.863
0.00499500,17.892
0.00500000,17.916
0.00500500,17.935
0.00501000,17.950
0.00501500,17.969
0.00502000,17.987
0.00502500,18.013
0.00503000,18.041
0.00503500,18.067
0.00504000,18.098
0.00504500,18.122
0.00505000,18.133
0.00505500,18.153
0.00506000,18.174
0.00506500,18.199
0.00507000,18.223
0.00507500,18.254
0.00508000,18.280
0.00508500,18.306
0.00509000,18.323
0.00509500,18.334
0.00510000,18.357
0.00510500,18.381
0.00511000,18.410
0.00511500,18.433
0.00512000,18.468
0.00512500,18.486
0.00513000,18.507
0.00513500,18.520
0.00514000,18.541
0.00514500,18.565
0.00515000,18.590
0.00515500,18.613
0.00516000,18.642
0.00516500,18.665
0.00517000,18.682
0.00517500,18.698
0.00518000,18.714
0.00518500,18.734
0.00519000,18.755
0.00519500,18.785
0.00520000,18.811
0.00520500,18.838
0.00521000,18.851
0.00521500,18.872
0.00522000,18.880
0.00522500,18.903
0.00523000,18.924
0.00523500,18.946
0.00524000,18.983
0.00524500,19.004
0.00525000,19.019
0.00525500,19.032
0.00526000,19.049
0.00526500,19.061
0.00527000,19.085
0.00527500,19.104
0.00528000,19.127
0.00528500,19.156
0.00529000,19.170
0.00529500,19.184
0.00530000,19.194
0.00530500,19.209
0.00531000,19.234
0.00531500,19.254
0.00532000,19.276
0.00532500,19.300
0.00533000,19.323
0.00533500,19.337
0.00534000,19.345
0.00534500,19.365
0.00535000,19.382
0.00535500,19.399
0.00536000,19.423
0.00536500,19.444
0.00537000,19.461
0.00537500,19.479
0.00538000,19.490
0.00538500,19.498
0.00539000,19.519
0.00539500,19.539
0.00540000,19.560
0.00540500,19.582
0.00541000,19.598
0.00541500,19.621
0.00542000,19.626
0.00542500,19.638
0.00543000,19.656
0.00543500,19.672
0.00544000,19.695
0.00544500,19.717
0.00545000,19.737
0.00545500,19.756
0.00546000,19.762
0.00546500,19.770
0.00547000,19.795
0.00547500,19.809
0.00548000,19.828
0.00548500,19.849
0.00549000,19.873
0.00549500,19.893
0.00550000,19.902
0.00550500,19.911
0.00551000,19.927
0.00551500,19.943
0.00552000,19.962
0.00552500,19.981
0.00553000,20.004
0.00553500,20.025
0.00554000,20.038
0.00554500,20.047
0.00555000,20.057
0.00555500,20.075
0.00556000,20.091
0.00556500,20.110
0.00557000,20.134
0.00557500,20.149
0.00558000,20.162
0.00558500,20.175
0.00559000,20.181
0.00559500,20.197
0.00560000,20.215
0.00560500,20.239
0.00561000,20.266
0.00561500,20.287
0.00562000,20.294
0.00562500,20.302
0.00563000,20.311
0.00563500,20.327
0.00564000,20.352
0.00564500,20.369
0.00565000,20.390
0.00565500,20.408
0.00566000,20.427
0.00566500,20.429
0.00567000,20.440
0.00567500,20.453
0.00568000,20.474
0.00568500,20.488
0.00569000,20.514
0.00569500,20.534
0.00570000,20.553
0.00570500,20.561
0.00571000,20.574
0.00571500,20.587
0.00572000,20.603
0.00572500,20.622
0.00573000,20.645
0.00573500,20.666
0.00574000,20.678
0.00574500,20.695
0.00575000,20.701
0.00575500,20.715
0.00576000,20.735
0.00576500,20.751
0.00577000,20.767
0.00577500,20.796
0.00578000,20.814
0.00578500,20.825
0.00579000,20.830
0.00579500,20.839
0.00580000,20.857
0.00580500,20.883
0.00581000,20.897
0.00581500,20.917
0.00582000,20.936
0.00582500,20.949
0.00583000,20.957
0.00583500,20.965
0.00584000,20.983
0.00584500,20.997
0.00585000,21.012
0.00585500,21.031
0.00586000,21.050
0.00586500,21.062
0.00587000,21.068
0.00587500,21.074
0.00588000,21.091
0.00588500,21.102
0.00589000,21.121
0.00589500,21.134
0.00590000,21.155
0.00590500,21.168
0.00591000,21.182
0.00591500,21.176
0.00592000,21.190
0.00592500,21.206
0.00593000,21.218
0.00593500,21.237
0.00594000,21.250
0.00594500,21.264
0.00595000,21.274
0.00595500,21.274
0.00596000,21.280
0.00596500,21.292
0.00597000,21.308
0.00597500,21.327
0.00598000,21.343
0.00598500,21.363
0.00599000,21.366
0.00599500,21.371
0.00600000,21.371
0.00600500,21.385
0.00601000,21.400
0.00601500,21.411
0.00602000,21.432
0.00602500,21.453
0.00603000,21.453
0.00603500,21.458
0.00604000,21.464
0.00604500,21.477
0.00605000,21.487
0.00605500,21.501
0.00606000,21.519
0.00606500,21.532
0.00607000,21.545
0.00607500,21.545
0.00608000,21.549
0.00608500,21.559
0.00609000,21.567
0.00609500,21.582
0.00610000,21.599
0.00610500,21.614
0.00611000,21.630
0.00611500,21.631
0.00612000,21.630
0.00612500,21.641
0.00613000,21.644
0.00613500,21.659
0.00614000,21.675
0.00614500,21.689
0.00615000,21.697
0.00615500,21.707
0.00616000,21.712
0.00616500,21.704
0.00617000,21.718
0.00617500,21.726
0.00618000,21.736
0.00618500,21.752
0.00619000,21.759
0.00619500,21.768
0.00620000,21.770
0.00620500,21.771
0.00621000,21.776
0.00621500,21.783
0.00622000,21.796
0.00622500,21.810
0.00623000,21.821
0.00623500,21.825
0.00624000,21.821
0.00624500,21.825
0.00625000,21.828
0.00625500,21.833
0.00626000,21.841
0.00626500,21.858
0.00627000,21.871
0.00627500,21.878
0.00628000,21.876
0.00628500,21.875
0.00629000,21.873
0.00629500,21.878
0.00630000,21.894
0.00630500,21.902
0.00631000,21.913
0.00631500,21.920
0.00632000,21.916
0.00632500,21.918
0.00633000,21.913
0.00633500,21.924
0.00634000,21.929
0.00634500,21.937
0.00635000,21.952
0.00635500,21.950
0.00636000,21.958
0.00636500,21.955
0.00637000,21.955
0.00637500,21.960
0.00638000,21.971
0.00638500,21.981
0.00639000,21.992
0.00639500,21.994
0.00640000,22.000
0.00640500,21.998
0.00641000,21.986
0.00641500,21.998
0.00642000,22.003
0.00642500,22.011
0.00643000,22.024
0.00643500,22.031
0.00644000,22.029
0.00644500,22.037
0.00645000,22.023
0.00645500,22.029
0.00646000,22.037
0.00646500,22.045
0.00647000,22.055
0.00647500,22.058
0.00648000,22.068
0.00648500,22.063
0.00649000,22.058
0.00649500,22.061
0.00650000,22.069
0.00650500,22.076
0.00651000,22.087
0.00651500,22.097
0.00652000,22.102
0.00652500,22.092
0.00653000,22.089
0.00653500,22.092
0.00654000,22.090
0.00654500,22.100
0.00655000,22.110
0.00655500,22.119
0.00656000,22.121
0.00656500,22.129
0.00657000,22.116
0.00657500,22.116
0.00658000,22.124
0.00658500,22.126
0.00659000,22.134
0.00659500,22.145
0.00660000,22.147
0.00660500,22.150
0.00661000,22.145
0.00661500,22.137
0.00662000,22.148
0.00662500,22.153
0.00663000,22.159
0.00663500,22.164
0.00664000,22.169
0.00664500,22.171
0.00665000,22.166
0.00665500,22.164
0.00666000,22.169
0.00666500,22.171
0.00667000,22.180
0.00667500,22.192
0.00668000,22.198
0.00668500,22.198
0.00669000,22.188
0.00669500,22.190
0.00670000,22.193
0.00670500,22.196
0.00671000,22.198
0.00671500,22.211
0.00672000,22.219
0.00672500,22.217
0.00673000,22.214
0.00673500,22.208
0.00674000,22.209
0.00674500,22.213
0.00675000,22.219
0.00675500,22.227
0.00676000,22.232
0.00676500,22.246
0.00677000,22.237
0.00677500,22.237
0.00678000,22.234
0.00678500,22.235
0.00679000,22.246
0.00679500,22.251
0.00680000,22.258
0.00680500,22.259
0.00681000,22.261
0.00681500,22.258
0.00682000,22.256
0.00682500,22.256
0.00683000,22.259
0.00683500,22.271
0.00684000,22.283
0.00684500,22.291
0.00685000,22.282
0.00685500,22.274
0.00686000,22.275
0.00686500,22.275
0.00687000,22.282
0.00687500,22.287
0.00688000,22.296
0.00688500,22.304
0.00689000,22.306
0.00689500,22.300
0.00690000,22.290
0.00690500,22.298
0.00691000,22.298
0.00691500,22.308
0.00692000,22.309
0.00692500,22.322
0.00693000,22.322
0.00693500,22.311
0.00694000,22.317
0.00694500,22.311
0.00695000,22.312
0.00695500,22.324
0.00696000,22.337
0.00696500,22.338
0.00697000,22.340
0.00697500,22.341
0.00698000,22.332
0.00698500,22.335
0.00699000,22.337
0.00699500,22.343
0.00700000,22.345
0.00700500,22.357
0.00701000,22.369
0.00701500,22.366
0.00702000,22.359
0.00702500,22.348
0.00703000,22.356
0.00703500,22.357
0.00704000,22.367
0.00704500,22.374
0.00705000,22.383
0.00705500,22.380
0.00706000,22.378
0.00706500,22.370
0.00707000,22.372
0.00707500,22.378
0.00708000,22.388
0.00708500,22.390
0.00709000,22.399
0.00709500,22.401
0.00710000,22.398
0.00710500,22.396
0.00711000,22.391
0.00711500,22.395
0.00712000,22.395
0.00712500,22.404
0.00713000,22.411
0.00713500,22.414
0.00714000,22.406
0.00714500,22.404
0.00715000,22.403
0.00715500,22.409
0.00716000,22.411
0.00716500,22.423
0.00717000,22.430
0.00717500,22.436
0.00718000,22.436
0.00718500,22.428
0.00719000,22.427
0.00719500,22.428
0.00720000,22.436
0.00720500,22.444
0.00721000,22.451
0.00721500,22.457
0.00722000,22.449
0.00722500,22.448
0.00723000,22.444
0.00723500,22.444
0.00724000,22.452
0.00724500,22.451
0.00725000,22.462
0.00725500,22.467
0.00726000,22.467
0.00726500,22.456
0.00727000,22.459
0.00727500,22.456
0.00728000,22.462
0.00728500,22.469
0.00729000,22.475
0.00729500,22.481
0.00730000,22.483
0.00730500,22.480
0.00731000,22.473
0.00731500,22.469
0.00732000,22.480
0.00732500,22.485
0.00733000,22.488
0.00733500,22.494
0.00734000,22.494
0.00734500,22.491
0.00735000,22.486
0.00735500,22.485
0.00736000,22.485
0.00736500,22.491
0.00737000,22.499
0.00737500,22.502
0.00738000,22.504
0.00738500,22.504
0.00739000,22.491
0.00739500,22.493
0.00740000,22.491
0.00740500,22.499
0.00741000,22.509
0.00741500,22.506
0.00742000,22.518
0.00742500,22.515
0.00743000,22.510
0.00743500,22.510
0.00744000,22.506
0.00744500,22.510
0.00745000,22.517
0.00745500,22.527
0.00746000,22.525
0.00746500,22.525
0.00747000,22.517
0.00747500,22.512
0.00748000,22.509
0.00748500,22.517
0.00749000,22.518
0.00749500,22.527
0.00750000,22.533
0.00750500,22.531
0.00751000,22.523
0.00751500,22.518
0.00752000,22.518
0.00752500,22.518
0.00753000,22.527
0.00753500,22.533
0.00754000,22.539
0.00754500,22.543
0.00755000,22.535
0.00755500,22.528
0.00756000,22.522
0.00756500,22.523
0.00757000,22.525
0.00757500,22.538
0.00758000,22.541
0.00758500,22.543
0.00759000,22.539
0.00759500,22.528
0.00760000,22.523
0.00760500,22.525
0.00761000,22.523
0.00761500,22.533
0.00762000,22.541
0.00762500,22.543
0.00763000,22.539
0.00763500,22.536
0.00764000,22.533
0.00764500,22.528
0.00765000,22.535
0.00765500,22.535
0.00766000,22.543
0.00766500,22.547
0.00767000,22.544
0.00767500,22.533
0.00768000,22.525
0.00768500,22.530
0.00769000,22.535
0.00769500,22.531
0.00770000,22.549
0.00770500,22.549
0.00771000,22.544
0.00771500,22.527
0.00772000,22.531
0.00772500,22.527
0.00773000,22.531
0.00773500,22.530
0.00774000,22.538
0.00774500,22.544
0.00775000,22.543
0.00775500,22.538
0.00776000,22.528
0.00776500,22.523
0.00777000,22.525
0.00777500,22.525
0.00778000,22.535
0.00778500,22.530
0.00779000,22.536
0.00779500,22.528
0.00780000,22.520
0.00780500,22.512
0.00781000,22.507
0.00781500,22.514
0.00782000,22.509
0.00782500,22.509
0.00783000,22.507
0.00783500,22.494
0.00784000,22.480
0.00784500,22.473
0.00785000,22.469
0.00785500,22.475
0.00786000,22.472
0.00786500,22.483
0.00787000,22.488
0.00787500,22.481
0.00788000,22.475
0.00788500,22.470
0.00789000,22.465
0.00789500,22.465
0.00790000,22.465
0.00790500,22.461
0.00791000,22.461
0.00791500,22.457
0.00792000,22.444
0.00792500,22.427
0.00793000,22.422
0.00793500,22.420
0.00794000,22.414
0.00794500,22.420
0.00795000,22.419
0.00795500,22.415
0.00796000,22.406
0.00796500,22.401
0.00797000,22.388
0.00797500,22.391
0.00798000,22.393
0.00798500,22.391
0.00799000,22.390
0.00799500,22.393
0.00800000,22.375
0.00800500,22.357
0.00801000,22.348
0.00801500,22.338
0.00802000,22.329
0.00802500,22.322
0.00803000,22.317
0.00803500,22.314
0.00804000,22.304
0.00804500,22.293
0.00805000,22.282
0.00805500,22.271
0.00806000,22.274
0.00806500,22.274
0.00807000,22.272
0.00807500,22.263
0.00808000,22.264
0.00808500,22.246
0.00809000,22.227
0.00809500,22.216
0.00810000,22.205
0.00810500,22.200
0.00811000,22.198
0.00811500,22.187
0.00812000,22.169
0.00812500,22.151
0.00813000,22.130
0.00813500,22.119
0.00814000,22.108
0.00814500,22.105
0.00815000,22.095
0.00815500,22.087
0.00816000,22.076
0.00816500,22.055
0.00817000,22.034
0.00817500,22.019
0.00818000,22.010
0.00818500,22.000
0.00819000,21.992
0.00819500,21.990
0.00820000,21.979
0.00820500,21.960
0.00821000,21.944
0.00821500,21.926
0.00822000,21.908
0.00822500,21.902
0.00823000,21.892
0.00823500,21.884
0.00824000,21.871
0.00824500,21.854
0.00825000,21.829
0.00825500,21.810
0.00826000,21.800
0.00826500,21.788
0.00827000,21.780
0.00827500,21.768
0.00828000,21.755
0.00828500,21.743
0.00829000,21.714
0.00829500,21.689
0.00830000,21.673
0.00830500,21.662
0.00831000,21.644
0.00831500,21.638
0.00832000,21.631
0.00832500,21.615
0.00833000,21.596
0.00833500,21.567
0.00834000,21.553
0.00834500,21.538
0.00835000,21.533
0.00835500,21.519
0.00836000,21.504
0.00836500,21.498
0.00837000,21.469
0.00837500,21.445
0.00838000,21.432
0.00838500,21.419
0.00839000,21.404
0.00839500,21.395
0.00840000,21.380
0.00840500,21.364
0.00841000,21.353
0.00841500,21.324
0.00842000,21.308
0.00842500,21.295
0.00843000,21.282
0.00843500,21.269
0.00844000,21.258
0.00844500,21.243
0.00845000,21.224
0.00845500,21.194
0.00846000,21.177
0.00846500,21.158
0.00847000,21.144
0.00847500,21.137
0.00848000,21.124
0.00848500,21.115
0.00849000,21.095
0.00849500,21.076
0.00850000,21.052
0.00850500,21.031
0.00851000,21.023
0.00851500,21.005
0.00852000,21.004
0.00852500,20.991
0.00853000,20.970
0.00853500,20.950
0.00854000,20.922
0.00854500,20.905
0.00855000,20.894
0.00855500,20.883
0.00856000,20.865
0.00856500,20.855
0.00857000,20.835
0.00857500,20.815
0.00858000,20.789
0.00858500,20.770
0.00859000,20.754
0.00859500,20.748
0.00860000,20.732
0.00860500,20.723
0.00861000,20.715
0.00861500,20.691
0.00862000,20.670
0.00862500,20.640
0.00863000,20.622
0.00863500,20.612
0.00864000,20.598
0.00864500,20.583
0.00865000,20.569
0.00865500,20.553
0.00866000,20.522
0.00866500,20.505
0.00867000,20.493
0.00867500,20.479
0.00868000,20.466
0.00868500,20.459
0.00869000,20.445
0.00869500,20.421
0.00870000,20.397
0.00870500,20.374
0.00871000,20.355
0.00871500,20.337
0.00872000,20.327
0.00872500,20.319
0.00873000,20.302
0.00873500,20.289
0.00874000,20.260
0.00874500,20.242
0.00875000,20.221
0.00875500,20.208
0.00876000,20.187
0.00876500,20.181
0.00877000,20.163
0.00877500,20.146
0.00878000,20.128
0.00878500,20.102
0.00879000,20.083
0.00879500,20.068
0.00880000,20.055
0.00880500,20.044
0.00881000,20.030
0.00881500,20.012
0.00882000,19.994
0.00882500,19.964
0.00883000,19.939
0.00883500,19.927
0.00884000,19.911
0.00884500,19.901
0.00885000,19.886
0.00885500,19.865
0.00886000,19.846
0.00886500,19.820
0.00887000,19.796
0.00887500,19.779
0.00888000,19.761
0.00888500,19.750
0.00889000,19.732
0.00889500,19.717
0.00890000,19.696
0.00890500,19.663
0.00891000,19.642
0.00891500,19.624
0.00892000,19.608
0.00892500,19.590
0.00893000,19.576
0.00893500,19.560
0.00894000,19.548
0.00894500,19.519
0.00895000,19.489
0.00895500,19.468
0.00896000,19.453
0.00896500,19.437
0.00897000,19.423
0.00897500,19.407
0.00898000,19.389
0.00898500,19.357
0.00899000,19.329
0.00899500,19.299
0.00900000,19.286
0.00900500,19.267
0.00901000,19.247
0.00901500,19.234
0.00902000,19.210
0.00902500,19.184
0.00903000,19.156
0.00903500,19.131
0.00904000,19.114
0.00904500,19.091
0.00905000,19.077
0.00905500,19.064
0.00906000,19.046
0.00906500,19.014
0.00907000,18.991
0.00907500,18.962
0.00908000,18.941
0.00908500,18.922
0.00909000,18.906
0.00909500,18.885
0.00910000,18.869
0.00910500,18.846
0.00911000,18.814
0.00911500,18.792
0.00912000,18.769
0.00912500,18.745
0.00913000,18.731
0.00913500,18.718
0.00914000,18.695
0.00914500,18.671
0.00915000,18.645
0.00915500,18.616
0.00916000,18.594
0.00916500,18.571
0.00917000,18.553
0.00917500,18.533
0.00918000,18.512
0.00918500,18.495
0.00919000,18.465
0.00919500,18.438
0.00920000,18.417
0.00920500,18.394
0.00921000,18.375
0.00921500,18.359
0.00922000,18.349
0.00922500,18.323
0.00923000,18.296
0.00923500,18.265
0.00924000,18.241
0.00924500,18.222
0.00925000,18.206
0.00925500,18.180
0.00926000,18.165
0.00926500,18.145
0.00927000,18.119
0.00927500,18.090
0.00928000,18.064
0.00928500,18.048
0.00929000,18.025
0.00929500,18.009
0.00930000,17.990
0.00930500,17.974
0.00931000,17.948
0.00931500,17.919
0.00932000,17.889
0.00932500,17.863
0.00933000,17.840
0.00933500,17.815
0.00934000,17.798
0.00934500,17.789
0.00935000,17.763
0.00935500,17.729
0.00936000,17.694
0.00936500,17.678
0.00937000,17.654
0.00937500,17.636
0.00938000,17.613
0.00938500,17.594
0.00939000,17.570
0.00939500,17.546
0.00940000,17.513
0.00940500,17.486
0.00941000,17.465
0.00941500,17.443
0.00942000,17.420
0.00942500,17.399
0.00943000,17.381
0.00943500,17.351
0.00944000,17.317
0.00944500,17.295
0.00945000,17.266
0.00945500,17.248
0.00946000,17.219
0.00946500,17.208
0.00947000,17.185
0.00947500,17.154
0.00948000,17.121
0.00948500,17.095
0.00949000,17.068
0.00949500,17.048
0.00950000,17.027
0.00950500,17.008
0.00951000,16.989
0.00951500,16.956
0.00952000,16.929
0.00952500,16.895
0.00953000,16.874
0.00953500,16.852
0.00954000,16.829
0.00954500,16.810
0.00955000,16.787
0.00955500,16.763
0.00956000,16.726
0.00956500,16.696
0.00957000,16.673
0.00957500,16.643
0.00958000,16.620
0.00958500,16.599
0.00959000,16.580
0.00959500,16.556
0.00960000,16.522
0.00960500,16.490
0.00961000,16.457
0.00961500,16.438
0.00962000,16.406
0.00962500,16.388
0.00963000,16.369
0.00963500,16.343
0.00964000,16.309
0.00964500,16.277
0.00965000,16.240
0.00965500,16.221
0.00966000,16.195
0.00966500,16.176
0.00967000,16.152
0.00967500,16.123
0.00968000,16.095
0.00968500,16.060
0.00969000,16.026
0.00969500,16.005
0.00970000,15.978
0.00970500,15.952
0.00971000,15.936
0.00971500,15.910
0.00972000,15.883
0.00972500,15.846
0.00973000,15.813
0.00973500,15.780
0.00974000,15.757
0.00974500,15.733
0.00975000,15.709
0.00975500,15.685
0.00976000,15.656
0.00976500,15.620
0.00977000,15.587
0.00977500,15.559
0.00978000,15.533
0.00978500,15.508
0.00979000,15.477
0.00979500,15.458
0.00980000,15.432
0.00980500,15.398
0.00981000,15.363
0.00981500,15.331
0.00982000,15.302
0.00982500,15.276
0.00983000,15.253
0.00983500,15.229
0.00984000,15.207
0.00984500,15.173
0.00985000,15.134
0.00985500,15.102
0.00986000,15.075
0.00986500,15.049
0.00987000,15.018
0.00987500,15.002
0.00988000,14.980
0.00988500,14.944
0.00989000,14.904
0.00989500,14.870
0.00990000,14.840
0.00990500,14.819
0.00991000,14.788
0.00991500,14.764
0.00992000,14.740
0.00992500,14.711
0.00993000,14.680
0.00993500,14.632
0.00994000,14.611
0.00994500,14.580
0.00995000,14.551
0.00995500,14.534
0.00996000,14.508
0.00996500,14.476
0.00997000,14.440
0.00997500,14.405
0.00998000,14.376
0.00998500,14.350
0.00999000,14.324
0.00999500,14.302
0.01000000,14.273
0.01000500,14.242
0.01001000,14.207
0.01001500,14.170
0.01002000,14.136
0.01002500,14.107
0.01003000,14.081
0.01003500,14.056
0.01004000,14.039
0.01004500,14.006
0.01005000,13.969
0.01005500,13.933
0.01006000,13.904
0.01006500,13.875
0.01007000,13.846
0.01007500,13.821
0.01008000,13.795
0.01008500,13.766
0.01009000,13.730
0.01009500,13.698
0.01010000,13.664
0.01010500,13.634
0.01011000,13.610
0.01011500,13.582
0.01012000,13.552
0.01012500,13.534
0.01013000,13.499
0.01013500,13.466
0.01014000,13.428
0.01014500,13.397
0.01015000,13.373
0.01015500,13.346
0.01016000,13.321
0.01016500,13.299
0.01017000,13.268
0.01017500,13.238
0.01018000,13.201
0.01018500,13.165
0.01019000,13.144
0.01019500,13.117
0.01020000,13.091
0.01020500,13.067
0.01021000,13.041
0.01021500,13.004
0.01022000,12.967
0.01022500,12.934
0.01023000,12.911
0.01023500,12.882
0.01024000,12.855
0.01024500,12.834
0.01025000,12.803
0.01025500,12.771
0.01026000,12.734
0.01026500,12.703
0.01027000,12.673
0.01027500,12.644
0.01028000,12.616
0.01028500,12.594
0.01029000,12.570
0.01029500,12.533
0.01030000,12.499
0.01030500,12.462
0.01031000,12.433
0.01031500,12.405
0.01032000,12.383
0.01032500,12.356
0.01033000,12.325
0.01033500,12.298
0.01034000,12.259
0.01034500,12.217
0.01035000,12.188
0.01035500,12.162
0.01036000,12.130
0.01036500,12.109
0.01037000,12.085
0.01037500,12.051
0.01038000,12.018
0.01038500,11.974
0.01039000,11.947
0.01039500,11.911
0.01040000,11.887
0.01040500,11.863
0.01041000,11.842
0.01041500,11.808
0.01042000,11.771
0.01042500,11.731
0.01043000,11.697
0.01043500,11.671
0.01044000,11.638
0.01044500,11.613
0.01045000,11.591
0.01045500,11.562
0.01046000,11.527
0.01046500,11.485
0.01047000,11.452
0.01047500,11.419
0.01048000,11.393
0.01048500,11.366
0.01049000,11.341
0.01049500,11.312
0.01050000,11.279
0.01050500,11.238
0.01051000,11.200
0.01051500,11.169
0.01052000,11.139
0.01052500,11.110
0.01053000,11.084
0.01053500,11.056
0.01054000,11.024
0.01054500,10.987
0.01055000,10.947
0.01055500,10.912
0.01056000,10.887
0.01056500,10.855
0.01057000,10.834
0.01057500,10.804
0.01058000,10.768
0.01058500,10.730
0.01059000,10.691
0.01059500,10.660
0.01060000,10.630
0.01060500,10.604
0.01061000,10.572
0.01061500,10.546
0.01062000,10.517
0.01062500,10.474
0.01063000,10.435
0.01063500,10.403
0.01064000,10.369
0.01064500,10.343
0.01065000,10.319
0.01065500,10.287
0.01066000,10.260
0.01066500,10.219
0.01067000,10.186
0.01067500,10.142
0.01068000,10.116
0.01068500,10.087
0.01069000,10.058
0.01069500,10.028
0.01070000,10.004
0.01070500,9.963
0.01071000,9.926
0.01071500,9.891
0.01072000,9.857
0.01072500,9.822
0.01073000,9.794
0.01073500,9.773
0.01074000,9.741
0.01074500,9.711
0.01075000,9.670
0.01075500,9.630
0.01076000,9.600
0.01076500,9.569
0.01077000,9.542
0.01077500,9.516
0.01078000,9.488
0.01078500,9.456
0.01079000,9.414
0.01079500,9.373
0.01080000,9.344
0.01080500,9.307
0.01081000,9.279
0.01081500,9.258
0.01082000,9.224
0.01082500,9.197
0.01083000,9.160
0.01083500,9.118
0.01084000,9.080
0.01084500,9.057
0.01085000,9.023
0.01085500,8.996
0.01086000,8.964
0.01086500,8.941
0.01087000,8.903
0.01087500,8.856
0.01088000,8.822
0.01088500,8.796
0.01089000,8.762
0.01089500,8.737
0.01090000,8.711
0.01090500,8.682
0.01091000,8.643
0.01091500,8.601
0.01092000,8.566
0.01092500,8.532
0.01093000,8.505
0.01093500,8.479
0.01094000,8.444
0.01094500,8.418
0.01095000,8.384
0.01095500,8.344
0.01096000,8.304
0.01096500,8.271
0.01097000,8.241
0.01097500,8.209
0.01098000,8.183
0.01098500,8.159
0.01099000,8.125
0.01099500,8.088
0.01100000,8.046
0.01100500,8.011
0.01101000,7.978
0.01101500,7.949
0.01102000,7.922
0.01102500,7.895
0.01103000,7.863
0.01103500,7.819
0.01104000,7.782
0.01104500,7.750
0.01105000,7.716
0.01105500,7.689
0.01106000,7.663
0.01106500,7.626
0.01107000,7.595
0.01107500,7.562
0.01108000,7.523
0.01108500,7.486
0.01109000,7.450
0.01109500,7.423
0.01110000,7.392
0.01110500,7.365
0.01111000,7.338
0.01111500,7.301
0.01112000,7.259
0.01112500,7.225
0.01113000,7.186
0.01113500,7.156
0.01114000,7.127
0.01114500,7.103
0.01115000,7.074
0.01115500,7.034
0.01116000,7.003
0.01116500,6.961
0.01117000,6.922
0.01117500,6.895
0.01118000,6.863
0.01118500,6.837
0.01119000,6.813
0.01119500,6.779
0.01120000,6.741
0.01120500,6.695
0.01121000,6.670
0.01121500,6.628
0.01122000,6.604
0.01122500,6.571
0.01123000,6.544
0.01123500,6.514
0.01124000,6.477
0.01124500,6.438
0.01125000,6.401
0.01125500,6.367
0.01126000,6.338
0.01126500,6.314
0.01127000,6.283
0.01127500,6.254
0.01128000,6.216
0.01128500,6.177
0.01129000,6.135
0.01129500,6.108
0.01130000,6.077
0.01130500,6.042
0.01131000,6.027
0.01131500,5.990
0.01132000,5.957
0.01132500,5.923
0.01133000,5.879
0.01133500,5.850
0.01134000,5.816
0.01134500,5.791
0.01135000,5.757
0.01135500,5.731
0.01136000,5.693
0.01136500,5.654
0.01137000,5.614
0.01137500,5.580
0.01138000,5.552
0.01138500,5.520
0.01139000,5.496
0.01139500,5.467
0.01140000,5.432
0.01140500,5.390
0.01141000,5.345
0.01141500,5.316
0.01142000,5.285
0.01142500,5.253
0.01143000,5.224
0.01143500,5.197
0.01144000,5.158
0.01144500,5.126
0.01145000,5.081
0.01145500,5.042
0.01146000,5.012
0.01146500,4.976
0.01147000,4.949
0.01147500,4.917
0.01148000,4.880
0.01148500,4.846
0.01149000,4.801
0.01149500,4.759
0.01150000,4.725
0.01150500,4.691
0.01151000,4.662
0.01151500,4.630
0.01152000,4.598
0.01152500,4.554
0.01153000,4.516
0.01153500,4.472
0.01154000,4.438
0.01154500,4.405
0.01155000,4.372
0.01155500,4.344
0.01156000,4.315
0.01156500,4.276
0.01157000,4.229
0.01157500,4.197
0.01158000,4.158
0.01158500,4.126
0.01159000,4.092
0.01159500,4.063
0.01160000,4.034
0.01160500,4.001
0.01161000,3.956
0.01161500,3.919
0.01162000,3.878
0.01162500,3.848
0.01163000,3.812
0.01163500,3.788
0.01164000,3.761
0.01164500,3.727
0.01165000,3.687
0.01165500,3.643
0.01166000,3.614
0.01166500,3.576
0.01167000,3.548
0.01167500,3.513
0.01168000,3.489
0.01168500,3.460
0.01169000,3.416
0.01169500,3.379
0.01170000,3.341
0.01170500,3.304
0.01171000,3.276
0.01171500,3.247
0.01172000,3.221
0.01172500,3.186
0.01173000,3.154
0.01173500,3.112
0.01174000,3.073
0.01174500,3.044
0.01175000,3.006
0.01175500,2.983
0.01176000,2.953
0.01176500,2.925
0.01177000,2.893
0.01177500,2.853
0.01178000,2.806
0.01178500,2.774
0.01179000,2.747
0.01179500,2.711
0.01180000,2.684
0.01180500,2.660
0.01181000,2.621
0.01181500,2.578
0.01182000,2.539
0.01182500,2.502
0.01183000,2.475
0.01183500,2.446
0.01184000,2.417
0.01184500,2.386
0.01185000,2.355
0.01185500,2.315
0.01186000,2.267
0.01186500,2.238
0.01187000,2.201
0.01187500,2.172
0.01188000,2.144
0.01188500,2.116
0.01189000,2.078
0.01189500,2.043
0.01190000,1.996
0.01190500,1.964
0.01191000,1.935
0.01191500,1.895
0.01192000,1.864
0.01192500,1.837
0.01193000,1.808
0.01193500,1.768
0.01194000,1.720
0.01194500,1.681
0.01195000,1.650
0.01195500,1.621
0.01196000,1.586
0.01196500,1.559
0.01197000,1.528
0.01197500,1.486
0.01198000,1.446
0.01198500,1.407
0.01199000,1.364
0.01199500,1.341
0.01200000,1.307
0.01200500,1.277
0.01201000,1.237
0.01201500,1.212
0.01202000,1.161
0.01202500,1.121
0.01203000,1.080
0.01203500,1.050
0.01204000,1.021
0.01204500,0.992
0.01205000,0.953
0.01205500,0.921
0.01206000,0.874
0.01206500,0.832
0.01207000,0.792
0.01207500,0.760
0.01208000,0.725
0.01208500,0.694
0.01209000,0.659
0.01209500,0.622
0.01210000,0.581
0.01210500,0.538
0.01211000,0.498
0.01211500,0.461
0.01212000,0.430
0.01212500,0.393
0.01213000,0.362
0.01213500,0.332
0.01214000,0.287
0.01214500,0.238
0.01215000,0.197
0.01215500,0.169
0.01216000,0.131
0.01216500,0.098
0.01217000,0.066
0.01217500,0.032
0.01218000,-0.009
0.01218500,-0.048
0.01219000,-0.098
0.01219500,-0.135
0.01220000,-0.167
0.01220500,-0.203
0.01221000,-0.235
0.01221500,-0.267
0.01222000,-0.306
0.01222500,-0.347
0.01223000,-0.389
0.01223500,-0.428
0.01224000,-0.467
0.01224500,-0.502
0.01225000,-0.531
0.01225500,-0.565
0.01226000,-0.600
0.01226500,-0.645
0.01227000,-0.690
0.01227500,-0.727
0.01228000,-0.761
0.01228500,-0.800
0.01229000,-0.837
0.01229500,-0.864
0.01230000,-0.895
0.01230500,-0.942
0.01231000,-0.990
0.01231500,-1.020
0.01232000,-1.059
0.01232500,-1.096
0.01233000,-1.135
0.01233500,-1.157
0.01234000,-1.194
0.01234500,-1.231
0.01235000,-1.273
0.01235500,-1.315
0.01236000,-1.350
0.01236500,-1.381
0.01237000,-1.420
0.01237500,-1.450
0.01238000,-1.479
0.01238500,-1.519
0.01239000,-1.566
0.01239500,-1.602
0.01240000,-1.631
0.01240500,-1.676
0.01241000,-1.698
0.01241500,-1.725
0.01242000,-1.761
0.01242500,-1.793
0.01243000,-1.835
0.01243500,-1.878
0.01244000,-1.914
0.01244500,-1.944
0.01245000,-1.977
0.01245500,-2.002
0.01246000,-2.033
0.01246500,-2.065
0.01247000,-2.105
0.01247500,-2.147
0.01248000,-2.179
0.01248500,-2.218
0.01249000,-2.249
0.01249500,-2.271
0.01250000,-2.299
0.01250500,-2.332
0.01251000,-2.369
0.01251500,-2.411
0.01252000,-2.447
0.01252500,-2.485
0.01253000,-2.508
0.01253500,-2.540
0.01254000,-2.567
0.01254500,-2.595
0.01255000,-2.633
0.01255500,-2.674
0.01256000,-2.704
0.01256500,-2.746
0.01257000,-2.772
0.01257500,-2.798
0.01258000,-2.831
0.01258500,-2.864
0.01259000,-2.894
0.01259500,-2.931
0.01260000,-2.968
0.01260500,-3.005
0.01261000,-3.033
0.01261500,-3.060
0.01262000,-3.091
0.01262500,-3.118
0.01263000,-3.152
0.01263500,-3.194
0.01264000,-3.229
0.01264500,-3.264
0.01265000,-3.290
0.01265500,-3.321
0.01266000,-3.353
0.01266500,-3.380
0.01267000,-3.416
0.01267500,-3.453
0.01268000,-3.490
0.01268500,-3.528
0.01269000,-3.559
0.01269500,-3.591
0.01270000,-3.622
0.01270500,-3.651
0.01271000,-3.680
0.01271500,-3.717
0.01272000,-3.764
0.01272500,-3.801
0.01273000,-3.826
0.01273500,-3.860
0.01274000,-3.892
0.01274500,-3.921
0.01275000,-3.952
0.01275500,-3.992
0.01276000,-4.034
0.01276500,-4.071
0.01277000,-4.110
0.01277500,-4.142
0.01278000,-4.168
0.01278500,-4.201
0.01279000,-4.229
0.01279500,-4.269
0.01280000,-4.314
0.01280500,-4.348
0.01281000,-4.387
0.01281500,-4.420
0.01282000,-4.451
0.01282500,-4.478
0.01283000,-4.512
0.01283500,-4.548
0.01284000,-4.588
0.01284500,-4.630
0.01285000,-4.660
0.01285500,-4.694
0.01286000,-4.729
0.01286500,-4.765
0.01287000,-4.787
0.01287500,-4.821
0.01288000,-4.861
0.01288500,-4.906
0.01289000,-4.950
0.01289500,-4.982
0.01290000,-5.016
0.01290500,-5.045
0.01291000,-5.074
0.01291500,-5.111
0.01292000,-5.151
0.01292500,-5.198
0.01293000,-5.235
0.01293500,-5.270
0.01294000,-5.298
0.01294500,-5.333
0.01295000,-5.362
0.01295500,-5.396
0.01296000,-5.436
0.01296500,-5.480
0.01297000,-5.520
0.01297500,-5.557
0.01298000,-5.589
0.01298500,-5.618
0.01299000,-5.650
0.01299500,-5.682
0.01300000,-5.719
0.01300500,-5.766
0.01301000,-5.808
0.01301500,-5.837
0.01302000,-5.876
0.01302500,-5.908
0.01303000,-5.938
0.01303500,-5.972
0.01304000,-6.004
0.01304500,-6.043
0.01305000,-6.085
0.01305500,-6.117
0.01306000,-6.148
0.01306500,-6.177
0.01307000,-6.202
0.01307500,-6.230
0.01308000,-6.260
0.01308500,-6.304
0.01309000,-6.346
0.01309500,-6.381
0.01310000,-6.420
0.01310500,-6.445
0.01311000,-6.476
0.01311500,-6.505
0.01312000,-6.542
0.01312500,-6.577
0.01313000,-6.626
0.01313500,-6.663
0.01314000,-6.697
0.01314500,-6.727
0.01315000,-6.755
0.01315500,-6.779
0.01316000,-6.813
0.01316500,-6.848
0.01317000,-6.891
0.01317500,-6.935
0.01318000,-6.969
0.01318500,-6.999
0.01319000,-7.028
0.01319500,-7.057
0.01320000,-7.089
0.01320500,-7.122
0.01321000,-7.162
0.01321500,-7.209
0.01322000,-7.241
0.01322500,-7.270
0.01323000,-7.300
0.01323500,-7.326
0.01324000,-7.353
0.01324500,-7.389
0.01325000,-7.424
0.01325500,-7.466
0.01326000,-7.497
0.01326500,-7.527
0.01327000,-7.564
0.01327500,-7.588
0.01328000,-7.616
0.01328500,-7.648
0.01329000,-7.683
0.01329500,-7.728
0.01330000,-7.770
0.01330500,-7.794
0.01331000,-7.825
0.01331500,-7.854
0.01332000,-7.885
0.01332500,-7.915
0.01333000,-7.949
0.01333500,-7.991
0.01334000,-8.030
0.01334500,-8.060
0.01335000,-8.091
0.01335500,-8.118
0.01336000,-8.149
0.01336500,-8.176
0.01337000,-8.211
0.01337500,-8.250
0.01338000,-8.287
0.01338500,-8.319
0.01339000,-8.348
0.01339500,-8.380
0.01340000,-8.403
0.01340500,-8.430
0.01341000,-8.472
0.01341500,-8.506
0.01342000,-8.545
0.01342500,-8.577
0.01343000,-8.609
0.01343500,-8.638
0.01344000,-8.667
0.01344500,-8.688
0.01345000,-8.722
0.01345500,-8.764
0.01346000,-8.801
0.01346500,-8.834
0.01347000,-8.860
0.01347500,-8.891
0.01348000,-8.920
0.01348500,-8.944
0.01349000,-8.978
0.01349500,-9.015
0.01350000,-9.057
0.01350500,-9.087
0.01351000,-9.119
0.01351500,-9.148
0.01352000,-9.174
0.01352500,-9.200
0.01353000,-9.229
0.01353500,-9.263
0.01354000,-9.303
0.01354500,-9.340
0.01355000,-9.372
0.01355500,-9.395
0.01356000,-9.424
0.01356500,-9.449
0.01357000,-9.483
0.01357500,-9.519
0.01358000,-9.560
0.01358500,-9.596
0.01359000,-9.625
0.01359500,-9.657
0.01360000,-9.680
0.01360500,-9.701
0.01361000,-9.733
0.01361500,-9.767
0.01362000,-9.805
0.01362500,-9.844
0.01363000,-9.879
0.01363500,-9.903
0.01364000,-9.929
0.01364500,-9.963
0.01365000,-9.981
0.01365500,-10.014
0.01366000,-10.058
0.01366500,-10.095
0.01367000,-10.129
0.01367500,-10.156
0.01368000,-10.182
0.01368500,-10.209
0.01369000,-10.240
0.01369500,-10.269
0.01370000,-10.304
0.01370500,-10.346
0.01371000,-10.373
0.01371500,-10.409
0.01372000,-10.439
0.01372500,-10.464
0.01373000,-10.489
0.01373500,-10.520
0.01374000,-10.555
0.01374500,-10.596
0.01375000,-10.634
0.01375500,-10.666
0.01376000,-10.694
0.01376500,-10.721
0.01377000,-10.744
0.01377500,-10.777
0.01378000,-10.805
0.01378500,-10.848
0.01379000,-10.887
0.01379500,-10.926
0.01380000,-10.950
0.01380500,-10.979
0.01381000,-11.000
0.01381500,-11.027
0.01382000,-11.059
0.01382500,-11.109
0.01383000,-11.141
0.01383500,-11.172
0.01384000,-11.198
0.01384500,-11.228
0.01385000,-11.248
0.01385500,-11.277
0.01386000,-11.307
0.01386500,-11.347
0.01387000,-11.389
0.01387500,-11.421
0.01388000,-11.452
0.01388500,-11.476
0.01389000,-11.502
0.01389500,-11.531
0.01390000,-11.560
0.01390500,-11.592
0.01391000,-11.634
0.01391500,-11.669
0.01392000,-11.702
0.01392500,-11.726
0.01393000,-11.751
0.01393500,-11.776
0.01394000,-11.805
0.01394500,-11.838
0.01395000,-11.875
0.01395500,-11.912
0.01396000,-11.945
0.01396500,-11.969
0.01397000,-11.993
0.01397500,-12.020
0.01398000,-12.044
0.01398500,-12.080
0.01399000,-12.123
0.01399500,-12.154
0.01400000,-12.186
0.01400500,-12.215
0.01401000,-12.241
0.01401500,-12.268
0.01402000,-12.294
0.01402500,-12.325
0.01403000,-12.362
0.01403500,-12.402
0.01404000,-12.431
0.01404500,-12.458
0.01405000,-12.487
0.01405500,-12.510
0.01406000,-12.535
0.01406500,-12.571
0.01407000,-12.603
0.01407500,-12.643
0.01408000,-12.677
0.01408500,-12.706
0.01409000,-12.735
0.01409500,-12.754
0.01410000,-12.782
0.01410500,-12.811
0.01411000,-12.851
0.01411500,-12.888
0.01412000,-12.920
0.01412500,-12.949
0.01413000,-12.970
0.01413500,-12.999
0.01414000,-13.025
0.01414500,-13.054
0.01415000,-13.084
0.01415500,-13.129
0.01416000,-13.160
0.01416500,-13.187
0.01417000,-13.220
0.01417500,-13.244
0.01418000,-13.263
0.01418500,-13.287
0.01419000,-13.323
0.01419500,-13.361
0.01420000,-13.393
0.01420500,-13.427
0.01421000,-13.453
0.01421500,-13.476
0.01422000,-13.500
0.01422500,-13.533
0.01423000,-13.562
0.01423500,-13.599
0.01424000,-13.641
0.01424500,-13.665
0.01425000,-13.696
0.01425500,-13.723
0.01426000,-13.743
0.01426500,-13.767
0.01427000,-13.801
0.01427500,-13.830
0.01428000,-13.873
0.01428500,-13.904
0.01429000,-13.938
0.01429500,-13.958
0.01430000,-13.981
0.01430500,-14.008
0.01431000,-14.036
0.01431500,-14.073
0.01432000,-14.108
0.01432500,-14.136
0.01433000,-14.168
0.01433500,-14.195
0.01434000,-14.211
0.01434500,-14.234
0.01435000,-14.264
0.01435500,-14.300
0.01436000,-14.337
0.01436500,-14.369
0.01437000,-14.401
0.01437500,-14.421
0.01438000,-14.446
0.01438500,-14.470
0.01439000,-14.499
0.01439500,-14.527
0.01440000,-14.565
0.01440500,-14.599
0.01441000,-14.625
0.01441500,-14.651
0.01442000,-14.673
0.01442500,-14.694
0.01443000,-14.715
0.01443500,-14.747
0.01444000,-14.783
0.01444500,-14.818
0.01445000,-14.849
0.01445500,-14.873
0.01446000,-14.897
0.01446500,-14.924
0.01447000,-14.949
0.01447500,-14.977
0.01448000,-15.011
0.01448500,-15.048
0.01449000,-15.081
0.01449500,-15.100
0.01450000,-15.135
0.01450500,-15.156
0.01451000,-15.176
0.01451500,-15.206
0.01452000,-15.240
0.01452500,-15.277
0.01453000,-15.312
0.01453500,-15.336
0.01454000,-15.359
0.01454500,-15.380
0.01455000,-15.409
0.01455500,-15.430
0.01456000,-15.462
0.01456500,-15.499
0.01457000,-15.528
0.01457500,-15.554
0.01458000,-15.573
0.01458500,-15.594
0.01459000,-15.613
0.01459500,-15.633
0.01460000,-15.658
0.01460500,-15.694
0.01461000,-15.724
0.01461500,-15.750
0.01462000,-15.770
0.01462500,-15.800
0.01463000,-15.821
0.01463500,-15.850
0.01464000,-15.877
0.01464500,-15.918
0.01465000,-15.955
0.01465500,-15.984
0.01466000,-16.011
0.01466500,-16.038
0.01467000,-16.059
0.01467500,-16.085
0.01468000,-16.112
0.01468500,-16.148
0.01469000,-16.185
0.01469500,-16.214
0.01470000,-16.240
0.01470500,-16.264
0.01471000,-16.283
0.01471500,-16.307
0.01472000,-16.336
0.01472500,-16.367
0.01473000,-16.407
0.01473500,-16.438
0.01474000,-16.465
0.01474500,-16.497
0.01475000,-16.516
0.01475500,-16.533
0.01476000,-16.562
0.01476500,-16.597
0.01477000,-16.634
0.01477500,-16.666
0.01478000,-16.694
0.01478500,-16.719
0.01479000,-16.740
0.01479500,-16.764
0.01480000,-16.785
0.01480500,-16.822
0.01481000,-16.853
0.01481500,-16.890
0.01482000,-16.919
0.01482500,-16.941
0.01483000,-16.962
0.01483500,-16.987
0.01484000,-17.006
0.01484500,-17.038
0.01485000,-17.073
0.01485500,-17.106
0.01486000,-17.133
0.01486500,-17.152
0.01487000,-17.175
0.01487500,-17.199
0.01488000,-17.218
0.01488500,-17.238
0.01489000,-17.273
0.01489500,-17.300
0.01490000,-17.329
0.01490500,-17.357
0.01491000,-17.373
0.01491500,-17.397
0.01492000,-17.412
0.01492500,-17.442
0.01493000,-17.470
0.01493500,-17.508
0.01494000,-17.532
0.01494500,-17.560
0.01495000,-17.576
0.01495500,-17.600
0.01496000,-17.618
0.01496500,-17.630
0.01497000,-17.661
0.01497500,-17.696
0.01498000,-17.724
0.01498500,-17.745
0.01499000,-17.771
0.01499500,-17.788
0.01500000,-17.808
0.01500500,-17.827
0.01501000,-17.848
0.01501500,-17.883
0.01502000,-17.906
0.01502500,-17.935
0.01503000,-17.951
0.01503500,-17.969
0.01504000,-17.983
0.01504500,-18.007
0.01505000,-18.027
0.01505500,-18.059
0.01506000,-18.094
0.01506500,-18.117
0.01507000,-18.134
0.01507500,-18.154
0.01508000,-18.170
0.01508500,-18.191
0.01509000,-18.215
0.01509500,-18.241
0.01510000,-18.268
0.01510500,-18.295
0.01511000,-18.319
0.01511500,-18.337
0.01512000,-18.352
0.01512500,-18.369
0.01513000,-18.392
0.01513500,-18.421
0.01514000,-18.455
0.01514500,-18.477
0.01515000,-18.498
0.01515500,-18.517
0.01516000,-18.532
0.01516500,-18.556
0.01517000,-18.566
0.01517500,-18.603
0.01518000,-18.627
0.01518500,-18.651
0.01519000,-18.677
0.01519500,-18.696
0.01520000,-18.707
0.01520500,-18.719
0.01521000,-18.743
0.01521500,-18.767
0.01522000,-18.796
0.01522500,-18.827
0.01523000,-18.841
0.01523500,-18.862
0.01524000,-18.878
0.01524500,-18.893
0.01525000,-18.910
0.01525500,-18.933
0.01526000,-18.962
0.01526500,-18.986
0.01527000,-19.007
0.01527500,-19.029
0.01528000,-19.042
0.01528500,-19.060
0.01529000,-19.074
0.01529500,-19.091
0.01530000,-19.120
0.01530500,-19.147
0.01531000,-19.168
0.01531500,-19.187
0.01532000,-19.197
0.01532500,-19.210
0.01533000,-19.224
0.01533500,-19.245
0.01534000,-19.266
0.01534500,-19.295
0.01535000,-19.316
0.01535500,-19.330
0.01536000,-19.348
0.01536500,-19.359
0.01537000,-19.372
0.01537500,-19.392
0.01538000,-19.416
0.01538500,-19.440
0.01539000,-19.462
0.01539500,-19.477
0.01540000,-19.491
0.01540500,-19.506
0.01541000,-19.516
0.01541500,-19.530
0.01542000,-19.549
0.01542500,-19.577
0.01543000,-19.599
0.01543500,-19.617
0.01544000,-19.633
0.01544500,-19.644
0.01545000,-19.656
0.01545500,-19.667
0.01546000,-19.683
0.01546500,-19.710
0.01547000,-19.739
0.01547500,-19.757
0.01548000,-19.765
0.01548500,-19.778
0.01549000,-19.789
0.01549500,-19.801
0.01550000,-19.818
0.01550500,-19.842
0.01551000,-19.865
0.01551500,-19.886
0.01552000,-19.897
0.01552500,-19.908
0.01553000,-19.915
0.01553500,-19.929
0.01554000,-19.947
0.01554500,-19.968
0.01555000,-19.999
0.01555500,-20.016
0.01556000,-20.029
0.01556500,-20.044
0.01557000,-20.055
0.01557500,-20.068
0.01558000,-20.081
0.01558500,-20.098
0.01559000,-20.124
0.01559500,-20.148
0.01560000,-20.158
0.01560500,-20.172
0.01561000,-20.182
0.01561500,-20.188
0.01562000,-20.205
0.01562500,-20.221
0.01563000,-20.245
0.01563500,-20.271
0.01564000,-20.287
0.01564500,-20.301
0.01565000,-20.311
0.01565500,-20.324
0.01566000,-20.337
0.01566500,-20.354
0.01567000,-20.374
0.01567500,-20.399
0.01568000,-20.415
0.01568500,-20.432
0.01569000,-20.440
0.01569500,-20.448
0.01570000,-20.459
0.01570500,-20.477
0.01571000,-20.499
0.01571500,-20.520
0.01572000,-20.541
0.01572500,-20.557
0.01573000,-20.564
0.01573500,-20.575
0.01574000,-20.585
0.01574500,-20.596
0.01575000,-20.622
0.01575500,-20.649
0.01576000,-20.668
0.01576500,-20.681
0.01577000,-20.696
0.01577500,-20.700
0.01578000,-20.708
0.01578500,-20.725
0.01579000,-20.745
0.01579500,-20.771
0.01580000,-20.787
0.01580500,-20.803
0.01581000,-20.820
0.01581500,-20.824
0.01582000,-20.837
0.01582500,-20.850
0.01583000,-20.871
0.01583500,-20.887
0.01584000,-20.913
0.01584500,-20.927
0.01585000,-20.937
0.01585500,-20.945
0.01586000,-20.956
0.01586500,-20.961
0.01587000,-20.984
0.01587500,-21.003
0.01588000,-21.024
0.01588500,-21.040
0.01589000,-21.050
0.01589500,-21.066
0.01590000,-21.069
0.01590500,-21.072
0.01591000,-21.087
0.01591500,-21.108
0.01592000,-21.133
0.01592500,-21.150
0.01593000,-21.158
0.01593500,-21.170
0.01594000,-21.174
0.01594500,-21.180
0.01595000,-21.195
0.01595500,-21.211
0.01596000,-21.228
0.01596500,-21.245
0.01597000,-21.249
0.01597500,-21.261
0.01598000,-21.267
0.01598500,-21.270
0.01599000,-21.280
0.01599500,-21.296
0.01600000,-21.317
0.01600500,-21.330
0.01601000,-21.343
0.01601500,-21.352
0.01602000,-21.360
0.01602500,-21.364
0.01603000,-21.372
0.01603500,-21.391
0.01604000,-21.410
0.01604500,-21.425
0.01605000,-21.436
0.01605500,-21.443
0.01606000,-21.447
0.01606500,-21.449
0.01607000,-21.459
0.01607500,-21.472
0.01608000,-21.484
0.01608500,-21.502
0.01609000,-21.515
0.01609500,-21.515
0.01610000,-21.525
0.01610500,-21.528
0.01611000,-21.533
0.01611500,-21.544
0.01612000,-21.562
0.01612500,-21.579
0.01613000,-21.591
0.01613500,-21.602
0.01614000,-21.602
0.01614500,-21.610
0.01615000,-21.612
0.01615500,-21.612
0.01616000,-21.631
0.01616500,-21.650
0.01617000,-21.655
0.01617500,-21.661
0.01618000,-21.671
0.01618500,-21.674
0.01619000,-21.678
0.01619500,-21.681
0.01620000,-21.695
0.01620500,-21.708
0.01621000,-21.724
0.01621500,-21.727
0.01622000,-21.736
0.01622500,-21.736
0.01623000,-21.744
0.01623500,-21.748
0.01624000,-21.752
0.01624500,-21.773
0.01625000,-21.787
0.01625500,-21.792
0.01626000,-21.800
0.01626500,-21.800
0.01627000,-21.797
0.01627500,-21.802
0.01628000,-21.811
0.01628500,-21.827
0.01629000,-21.845
0.01629500,-21.843
0.01630000,-21.848
0.01630500,-21.856
0.01631000,-21.855
0.01631500,-21.855
0.01632000,-21.864
0.01632500,-21.874
0.01633000,-21.893
0.01633500,-21.905
0.01634000,-21.903
0.01634500,-21.908
0.01635000,-21.903
0.01635500,-21.900
0.01636000,-21.909
0.01636500,-21.917
0.01637000,-21.930
0.01637500,-21.938
0.01638000,-21.945
0.01638500,-21.940
0.01639000,-21.942
0.01639500,-21.946
0.01640000,-21.945
0.01640500,-21.951
0.01641000,-21.969
0.01641500,-21.977
0.01642000,-21.980
0.01642500,-21.983
0.01643000,-21.985
0.01643500,-21.980
0.01644000,-21.980
0.01644500,-21.992
0.01645000,-22.001
0.01645500,-22.012
0.01646000,-22.019
0.01646500,-22.017
0.01647000,-22.016
0.01647500,-22.016
0.01648000,-22.012
0.01648500,-22.017
0.01649000,-22.033
0.01649500,-22.048
0.01650000,-22.048
0.01650500,-22.049
0.01651000,-22.051
0.01651500,-22.048
0.01652000,-22.046
0.01652500,-22.054
0.01653000,-22.066
0.01653500,-22.080
0.01654000,-22.083
0.01654500,-22.086
0.01655000,-22.083
0.01655500,-22.083
0.01656000,-22.083
0.01656500,-22.083
0.01657000,-22.091
0.01657500,-22.103
0.01658000,-22.104
0.01658500,-22.115
0.01659000,-22.109
0.01659500,-22.115
0.01660000,-22.109
0.01660500,-22.107
0.01661000,-22.124
0.01661500,-22.130
0.01662000,-22.143
0.01662500,-22.149
0.01663000,-22.143
0.01663500,-22.141
0.01664000,-22.144
0.01664500,-22.140
0.01665000,-22.148
0.01665500,-22.161
0.01666000,-22.169
0.01666500,-22.170
0.01667000,-22.170
0.01667500,-22.167
0.01668000,-22.161
0.01668500,-22.157
0.01669000,-22.164
0.01669500,-22.181
0.01670000,-22.190
0.01670500,-22.196
0.01671000,-22.204
0.01671500,-22.191
0.01672000,-22.194
0.01672500,-22.188
0.01673000,-22.194
0.01673500,-22.206
0.01674000,-22.215
0.01674500,-22.222
0.01675000,-22.222
0.01675500,-22.223
0.01676000,-22.217
0.01676500,-22.210
0.01677000,-22.214
0.01677500,-22.230
0.01678000,-22.227
0.01678500,-22.239
0.01679000,-22.241
0.01679500,-22.235
0.01680000,-22.238
0.01680500,-22.233
0.01681000,-22.231
0.01681500,-22.241
0.01682000,-22.251
0.01682500,-22.252
0.01683000,-22.260
0.01683500,-22.260
0.01684000,-22.262
0.01684500,-22.251
0.01685000,-22.256
0.01685500,-22.259
0.01686000,-22.272
0.01686500,-22.278
0.01687000,-22.283
0.01687500,-22.280
0.01688000,-22.278
0.01688500,-22.270
0.01689000,-22.272
0.01689500,-22.275
0.01690000,-22.284
0.01690500,-22.293
0.01691000,-22.297
0.01691500,-22.289
0.01692000,-22.294
0.01692500,-22.294
0.01693000,-22.291
0.01693500,-22.296
0.01694000,-22.307
0.01694500,-22.315
0.01695000,-22.320
0.01695500,-22.320
0.01696000,-22.318
0.01696500,-22.315
0.01697000,-22.312
0.01697500,-22.310
0.01698000,-22.312
0.01698500,-22.323
0.01699000,-22.331
0.01699500,-22.331
0.01700000,-22.334
0.01700500,-22.334
0.01701000,-22.326
0.01701500,-22.326
0.01702000,-22.334
0.01702500,-22.351
0.01703000,-22.359
0.01703500,-22.357
0.01704000,-22.354
0.01704500,-22.352
0.01705000,-22.346
0.01705500,-22.351
0.01706000,-22.349
0.01706500,-22.359
0.01707000,-22.370
0.01707500,-22.370
0.01708000,-22.373
0.01708500,-22.365
0.01709000,-22.363
0.01709500,-22.357
0.01710000,-22.367
0.01710500,-22.370
0.01711000,-22.383
0.01711500,-22.384
0.01712000,-22.383
0.01712500,-22.378
0.01713000,-22.375
0.01713500,-22.375
0.01714000,-22.381
0.01714500,-22.384
0.01715000,-22.397
0.01715500,-22.402
0.01716000,-22.399
0.01716500,-22.400
0.01717000,-22.392
0.01717500,-22.389
0.01718000,-22.392
0.01718500,-22.397
0.01719000,-22.412
0.01719500,-22.412
0.01720000,-22.417
0.01720500,-22.412
0.01721000,-22.408
0.01721500,-22.400
0.01722000,-22.405
0.01722500,-22.408
0.01723000,-22.418
0.01723500,-22.429
0.01724000,-22.421
0.01724500,-22.426
0.01725000,-22.426
0.01725500,-22.421
0.01726000,-22.417
0.01726500,-22.421
0.01727000,-22.436
0.01727500,-22.437
0.01728000,-22.445
0.01728500,-22.444
0.01729000,-22.437
0.01729500,-22.434
0.01730000,-22.436
0.01730500,-22.436
0.01731000,-22.449
0.01731500,-22.454
0.01732000,-22.458
0.01732500,-22.454
0.01733000,-22.449
0.01733500,-22.447
0.01734000,-22.439
0.01734500,-22.442
0.01735000,-22.452
0.01735500,-22.466
0.01736000,-22.468
0.01736500,-22.465
0.01737000,-22.468
0.01737500,-22.462
0.01738000,-22.454
0.01738500,-22.457
0.01739000,-22.458
0.01739500,-22.474
0.01740000,-22.478
0.01740500,-22.474
0.01741000,-22.479
0.01741500,-22.471
0.01742000,-22.470
0.01742500,-22.463
0.01743000,-22.468
0.01743500,-22.483
0.01744000,-22.487
0.01744500,-22.487
0.01745000,-22.489
0.01745500,-22.481
0.01746000,-22.474
0.01746500,-22.478
0.01747000,-22.473
0.01747500,-22.491
0.01748000,-22.494
0.01748500,-22.499
0.01749000,-22.502
0.01749500,-22.497
0.01750000,-22.492
0.01750500,-22.487
0.01751000,-22.486
0.01751500,-22.497
0.01752000,-22.503
0.01752500,-22.505
0.01753000,-22.499
0.01753500,-22.494
0.01754000,-22.486
0.01754500,-22.487
0.01755000,-22.487
0.01755500,-22.494
0.01756000,-22.502
0.01756500,-22.502
0.01757000,-22.510
0.01757500,-22.507
0.01758000,-22.503
0.01758500,-22.495
0.01759000,-22.502
0.01759500,-22.505
0.01760000,-22.513
0.01760500,-22.515
0.01761000,-22.515
0.01761500,-22.516
0.01762000,-22.505
0.01762500,-22.494
0.01763000,-22.502
0.01763500,-22.503
0.01764000,-22.510
0.01764500,-22.518
0.01765000,-22.513
0.01765500,-22.507
0.01766000,-22.503
0.01766500,-22.500
0.01767000,-22.491
0.01767500,-22.495
0.01768000,-22.507
0.01768500,-22.515
0.01769000,-22.515
0.01769500,-22.510
0.01770000,-22.511
0.01770500,-22.503
0.01771000,-22.500
0.01771500,-22.508
0.01772000,-22.510
0.01772500,-22.518
0.01773000,-22.520
0.01773500,-22.511
0.01774000,-22.505
0.01774500,-22.503
0.01775000,-22.492
0.01775500,-22.494
0.01776000,-22.495
0.01776500,-22.503
0.01777000,-22.503
0.01777500,-22.503
0.01778000,-22.497
0.01778500,-22.487
0.01779000,-22.484
0.01779500,-22.474
0.01780000,-22.484
0.01780500,-22.489
0.01781000,-22.494
0.01781500,-22.491
0.01782000,-22.483
0.01782500,-22.479
0.01783000,-22.471
0.01783500,-22.466
0.01784000,-22.466
0.01784500,-22.476
0.01785000,-22.473
0.01785500,-22.468
0.01786000,-22.463
0.01786500,-22.458
0.01787000,-22.450
0.01787500,-22.447
0.01788000,-22.441
0.01788500,-22.449
0.01789000,-22.449
0.01789500,-22.447
0.01790000,-22.439
0.01790500,-22.429
0.01791000,-22.421
0.01791500,-22.413
0.01792000,-22.408
0.01792500,-22.421
0.01793000,-22.418
0.01793500,-22.417
0.01794000,-22.413
0.01794500,-22.407
0.01795000,-22.392
0.01795500,-22.381
0.01796000,-22.384
0.01796500,-22.389
0.01797000,-22.388
0.01797500,-22.388
0.01798000,-22.378
0.01798500,-22.365
0.01799000,-22.355
0.01799500,-22.347
0.01800000,-22.334
0.01800500,-22.336
0.01801000,-22.334
0.01801500,-22.333
0.01802000,-22.322
0.01802500,-22.313
0.01803000,-22.302
0.01803500,-22.288
0.01804000,-22.280
0.01804500,-22.276
0.01805000,-22.284
0.01805500,-22.280
0.01806000,-22.273
0.01806500,-22.259
0.01807000,-22.244
0.01807500,-22.235
0.01808000,-22.217
0.01808500,-22.212
0.01809000,-22.212
0.01809500,-22.202
0.01810000,-22.194
0.01810500,-22.185
0.01811000,-22.172
0.01811500,-22.152
0.01812000,-22.133
0.01812500,-22.128
0.01813000,-22.128
0.01813500,-22.119
0.01814000,-22.107
0.01814500,-22.093
0.01815000,-22.077
0.01815500,-22.056
0.01816000,-22.041
0.01816500,-22.029
0.01817000,-22.025
0.01817500,-22.024
0.01818000,-22.011
0.01818500,-21.995
0.01819000,-21.980
0.01819500,-21.956
0.01820000,-21.946
0.01820500,-21.932
0.01821000,-21.927
0.01821500,-21.919
0.01822000,-21.914
0.01822500,-21.898
0.01823000,-21.880
0.01823500,-21.864
0.01824000,-21.839
0.01824500,-21.824
0.01825000,-21.818
0.01825500,-21.810
0.01826000,-21.798
0.01826500,-21.776
0.01827000,-21.765
0.01827500,-21.747
0.01828000,-21.726
0.01828500,-21.703
0.01829000,-21.695
0.01829500,-21.682
0.01830000,-21.674
0.01830500,-21.660
0.01831000,-21.644
0.01831500,-21.623
0.01832000,-21.604
0.01832500,-21.579
0.01833000,-21.570
0.01833500,-21.563
0.01834000,-21.560
0.01834500,-21.539
0.01835000,-21.520
0.01835500,-21.504
0.01836000,-21.484
0.01836500,-21.462
0.01837000,-21.454
0.01837500,-21.441
0.01838000,-21.433
0.01838500,-21.422
0.01839000,-21.410
0.01839500,-21.385
0.01840000,-21.360
0.01840500,-21.344
0.01841000,-21.325
0.01841500,-21.314
0.01842000,-21.311
0.01842500,-21.299
0.01843000,-21.278
0.01843500,-21.262
0.01844000,-21.243
0.01844500,-21.219
0.01845000,-21.201
0.01845500,-21.191
0.01846000,-21.185
0.01846500,-21.169
0.01847000,-21.154
0.01847500,-21.135
0.01848000,-21.117
0.01848500,-21.093
0.01849000,-21.077
0.01849500,-21.058
0.01850000,-21.053
0.01850500,-21.045
0.01851000,-21.032
0.01851500,-21.011
0.01852000,-20.990
0.01852500,-20.971
0.01853000,-20.950
0.01853500,-20.939
0.01854000,-20.929
0.01854500,-20.916
0.01855000,-20.903
0.01855500,-20.884
0.01856000,-20.861
0.01856500,-20.842
0.01857000,-20.826
0.01857500,-20.816
0.01858000,-20.807
0.01858500,-20.802
0.01859000,-20.786
0.01859500,-20.770
0.01860000,-20.745
0.01860500,-20.731
0.01861000,-20.700
0.01861500,-20.683
0.01862000,-20.678
0.01862500,-20.670
0.01863000,-20.657
0.01863500,-20.641
0.01864000,-20.620
0.01864500,-20.601
0.01865000,-20.576
0.01865500,-20.565
0.01866000,-20.549
0.01866500,-20.541
0.01867000,-20.533
0.01867500,-20.512
0.01868000,-20.491
0.01868500,-20.470
0.01869000,-20.449
0.01869500,-20.427
0.01870000,-20.420
0.01870500,-20.407
0.01871000,-20.399
0.01871500,-20.380
0.01872000,-20.364
0.01872500,-20.346
0.01873000,-20.319
0.01873500,-20.298
0.01874000,-20.280
0.01874500,-20.269
0.01875000,-20.263
0.01875500,-20.248
0.01876000,-20.230
0.01876500,-20.203
0.01877000,-20.190
0.01877500,-20.164
0.01878000,-20.143
0.01878500,-20.139
0.01879000,-20.129
0.01879500,-20.108
0.01880000,-20.087
0.01880500,-20.069
0.01881000,-20.047
0.01881500,-20.023
0.01882000,-20.005
0.01882500,-19.994
0.01883000,-19.981
0.01883500,-19.970
0.01884000,-19.949
0.01884500,-19.926
0.01885000,-19.905
0.01885500,-19.879
0.01886000,-19.863
0.01886500,-19.849
0.01887000,-19.838
0.01887500,-19.823
0.01888000,-19.805
0.01888500,-19.783
0.01889000,-19.755
0.01889500,-19.736
0.01890000,-19.707
0.01890500,-19.691
0.01891000,-19.688
0.01891500,-19.678
0.01892000,-19.654
0.01892500,-19.635
0.01893000,-19.606
0.01893500,-19.585
0.01894000,-19.561
0.01894500,-19.541
0.01895000,-19.533
0.01895500,-19.519
0.01896000,-19.496
0.01896500,-19.475
0.01897000,-19.451
0.01897500,-19.429
0.01898000,-19.403
0.01898500,-19.380
0.01899000,-19.369
0.01899500,-19.363
0.01900000,-19.342
0.01900500,-19.319
0.01901000,-19.295
0.01901500,-19.273
0.01902000,-19.242
0.01902500,-19.223
0.01903000,-19.210
0.01903500,-19.202
0.01904000,-19.178
0.01904500,-19.152
0.01905000,-19.132
0.01905500,-19.105
0.01906000,-19.079
0.01906500,-19.054
0.01907000,-19.039
0.01907500,-19.026
0.01908000,-19.012
0.01908500,-18.989
0.01909000,-18.962
0.01909500,-18.938
0.01910000,-18.909
0.01910500,-18.886
0.01911000,-18.860
0.01911500,-18.857
0.01912000,-18.841
0.01912500,-18.819
0.01913000,-18.799
0.01913500,-18.765
0.01914000,-18.738
0.01914500,-18.712
0.01915000,-18.695
0.01915500,-18.680
0.01916000,-18.667
0.01916500,-18.650
0.01917000,-18.627
0.01917500,-18.593
0.01918000,-18.574
0.01918500,-18.535
0.01919000,-18.519
0.01919500,-18.506
0.01920000,-18.490
0.01920500,-18.469
0.01921000,-18.447
0.01921500,-18.421
0.01922000,-18.389
0.01922500,-18.360
0.01923000,-18.337
0.01923500,-18.315
0.01924000,-18.299
0.01924500,-18.279
0.01925000,-18.257
0.01925500,-18.228
0.01926000,-18.200
0.01926500,-18.175
0.01927000,-18.142
0.01927500,-18.126
0.01928000,-18.117
0.01928500,-18.097
0.01929000,-18.073
0.01929500,-18.051
0.01930000,-18.018
0.01930500,-17.986
0.01931000,-17.960
0.01931500,-17.946
0.01932000,-17.930
0.01932500,-17.914
0.01933000,-17.886
0.01933500,-17.864
0.01934000,-17.832
0.01934500,-17.804
0.01935000,-17.779
0.01935500,-17.759
0.01936000,-17.742
0.01936500,-17.724
0.01937000,-17.701
0.01937500,-17.682
0.01938000,-17.651
0.01938500,-17.622
0.01939000,-17.592
0.01939500,-17.574
0.01940000,-17.552
0.01940500,-17.539
0.01941000,-17.519
0.01941500,-17.492
0.01942000,-17.465
0.01942500,-17.439
0.01943000,-17.407
0.01943500,-17.381
0.01944000,-17.365
0.01944500,-17.352
0.01945000,-17.331
0.01945500,-17.305
0.01946000,-17.271
0.01946500,-17.244
0.01947000,-17.215
0.01947500,-17.183
0.01948000,-17.168
0.01948500,-17.148
0.01949000,-17.133
0.01949500,-17.109
0.01950000,-17.078
0.01950500,-17.045
0.01951000,-17.017
0.01951500,-16.983
0.01952000,-16.970
0.01952500,-16.951
0.01953000,-16.933
0.01953500,-16.909
0.01954000,-16.879
0.01954500,-16.848
0.01955000,-16.818
0.01955500,-16.787
0.01956000,-16.771
0.01956500,-16.747
0.01957000,-16.732
0.01957500,-16.705
0.01958000,-16.681
0.01958500,-16.650
0.01959000,-16.618
0.01959500,-16.589
0.01960000,-16.563
0.01960500,-16.542
0.01961000,-16.528
0.01961500,-16.504
0.01962000,-16.471
0.01962500,-16.449
0.01963000,-16.415
0.01963500,-16.380
0.01964000,-16.356
0.01964500,-16.330
0.01965000,-16.312
0.01965500,-16.294
0.01966000,-16.261
0.01966500,-16.232
0.01967000,-16.199
0.01967500,-16.170
0.01968000,-16.138
0.01968500,-16.120
0.01969000,-16.101
0.01969500,-16.075
0.01970000,-16.050
0.01970500,-16.016
0.01971000,-15.987
0.01971500,-15.950
0.01972000,-15.922
0.01972500,-15.898
0.01973000,-15.876
0.01973500,-15.858
0.01974000,-15.829
0.01974500,-15.797
0.01975000,-15.765
0.01975500,-15.731
0.01976000,-15.700
0.01976500,-15.675
0.01977000,-15.652
0.01977500,-15.634
0.01978000,-15.602
0.01978500,-15.576
0.01979000,-15.544
0.01979500,-15.504
0.01980000,-15.473
0.01980500,-15.440
0.01981000,-15.422
0.01981500,-15.404
0.01982000,-15.377
0.01982500,-15.346
0.01983000,-15.312
0.01983500,-15.275
0.01984000,-15.243
0.01984500,-15.213
0.01985000,-15.188
0.01985500,-15.172
0.01986000,-15.143
0.01986500,-15.113
0.01987000,-15.077
0.01987500,-15.053
0.01988000,-15.013
0.01988500,-14.977
0.01989000,-14.963
0.01989500,-14.936
0.01990000,-14.913
0.01990500,-14.879
0.01991000,-14.845
0.01991500,-14.813
0.01992000,-14.778
0.01992500,-14.751
0.01993000,-14.723
0.01993500,-14.704
0.01994000,-14.678
0.01994500,-14.651
0.01995000,-14.614
0.01995500,-14.588
0.01996000,-14.546
0.01996500,-14.512
0.01997000,-14.493
0.01997500,-14.472
0.01998000,-14.446
0.01998500,-14.417
0.01999000,-14.385
0.01999500,-14.354
0.02000000,-14.316
0.02000500,-14.277
0.02001000,-14.255
0.02001500,-14.231
0.02002000,-14.206
0.02002500,-14.184
0.02003000,-14.153
0.02003500,-14.123
0.02004000,-14.079
0.02004500,-14.052
0.02005000,-14.023
0.02005500,-13.996
0.02006000,-13.978
0.02006500,-13.952
0.02007000,-13.920
0.02007500,-13.888
0.02008000,-13.847
0.02008500,-13.810
0.02009000,-13.786
0.02009500,-13.762
0.02010000,-13.743
0.02010500,-13.720
0.02011000,-13.690
0.02011500,-13.654
0.02012000,-13.622
0.02012500,-13.590
0.02013000,-13.551
0.02013500,-13.530
0.02014000,-13.509
0.02014500,-13.490
0.02015000,-13.459
0.02015500,-13.434
0.02016000,-13.398
0.02016500,-13.358
0.02017000,-13.329
0.02017500,-13.303
0.02018000,-13.282
0.02018500,-13.261
0.02019000,-13.236
0.02019500,-13.199
0.02020000,-13.166
0.02020500,-13.133
0.02021000,-13.099
0.02021500,-13.071
0.02022000,-13.052
0.02022500,-13.030
0.02023000,-12.999
0.02023500,-12.970
0.02024000,-12.936
0.02024500,-12.904
0.02025000,-12.869
0.02025500,-12.838
0.02026000,-12.809
0.02026500,-12.793
0.02027000,-12.769
0.02027500,-12.730
0.02028000,-12.698
0.02028500,-12.664
0.02029000,-12.624
0.02029500,-12.597
0.02030000,-12.571
0.02030500,-12.553
0.02031000,-12.524
0.02031500,-12.495
0.02032000,-12.458
0.02032500,-12.428
0.02033000,-12.387
0.02033500,-12.357
0.02034000,-12.336
0.02034500,-12.308
0.02035000,-12.287
0.02035500,-12.254
0.02036000,-12.217
0.02036500,-12.184
0.02037000,-12.147
0.02037500,-12.110
0.02038000,-12.086
0.02038500,-12.061
0.02039000,-12.036
0.02039500,-12.009
0.02040000,-11.972
0.02040500,-11.940
0.02041000,-11.903
0.02041500,-11.869
0.02042000,-11.838
0.02042500,-11.809
0.02043000,-11.790
0.02043500,-11.761
0.02044000,-11.722
0.02044500,-11.690
0.02045000,-11.650
0.02045500,-11.616
0.02046000,-11.592
0.02046500,-11.561
0.02047000,-11.536
0.02047500,-11.510
0.02048000,-11.476
0.02048500,-11.438
0.02049000,-11.400
0.02049500,-11.365
0.02050000,-11.333
0.02050500,-11.310
0.02051000,-11.283
0.02051500,-11.251
0.02052000,-11.223
0.02052500,-11.182
0.02053000,-11.156
0.02053500,-11.109
0.02054000,-11.074
0.02054500,-11.048
0.02055000,-11.030
0.02055500,-10.996
0.02056000,-10.966
0.02056500,-10.935
0.02057000,-10.892
0.02057500,-10.858
0.02058000,-10.823
0.02058500,-10.797
0.02059000,-10.771
0.02059500,-10.742
0.02060000,-10.713
0.02060500,-10.673
0.02061000,-10.641
0.02061500,-10.600
0.02062000,-10.562
0.02062500,-10.534
0.02063000,-10.515
0.02063500,-10.486
0.02064000,-10.457
0.02064500,-10.420
0.02065000,-10.385
0.02065500,-10.354
0.02066000,-10.311
0.02066500,-10.278
0.02067000,-10.254
0.02067500,-10.229
0.02068000,-10.200
0.02068500,-10.163
0.02069000,-10.127
0.02069500,-10.097
0.02070000,-10.056
0.02070500,-10.024
0.02071000,-9.998
0.02071500,-9.971
0.02072000,-9.950
0.02072500,-9.911
0.02073000,-9.876
0.02073500,-9.842
0.02074000,-9.805
0.02074500,-9.768
0.02075000,-9.739
0.02075500,-9.717
0.02076000,-9.689
0.02076500,-9.659
0.02077000,-9.623
0.02077500,-9.588
0.02078000,-9.546
0.02078500,-9.512
0.02079000,-9.480
0.02079500,-9.462
0.02080000,-9.432
0.02080500,-9.398
0.02081000,-9.367
0.02081500,-9.330
0.02082000,-9.290
0.02082500,-9.259
0.02083000,-9.226
0.02083500,-9.200
0.02084000,-9.176
0.02084500,-9.144
0.02085000,-9.113
0.02085500,-9.076
0.02086000,-9.040
0.02086500,-9.000
0.02087000,-8.971
0.02087500,-8.944
0.02088000,-8.917
0.02088500,-8.889
0.02089000,-8.852
0.02089500,-8.820
0.02090000,-8.778
0.02090500,-8.739
0.02091000,-8.712
0.02091500,-8.685
0.02092000,-8.659
0.02092500,-8.638
0.02093000,-8.603
0.02093500,-8.564
0.02094000,-8.527
0.02094500,-8.488
0.02095000,-8.455
0.02095500,-8.426
0.02096000,-8.397
0.02096500,-8.371
0.02097000,-8.337
0.02097500,-8.300
0.02098000,-8.265
0.02098500,-8.229
0.02099000,-8.191
0.02099500,-8.162
0.02100000,-8.133
0.02100500,-8.112
0.02101000,-8.076
0.02101500,-8.044
0.02102000,-8.007
0.02102500,-7.972
0.02103000,-7.930
0.02103500,-7.899
0.02104000,-7.875
0.02104500,-7.848
0.02105000,-7.815
0.02105500,-7.778
0.02106000,-7.748
0.02106500,-7.709
0.02107000,-7.671
0.02107500,-7.632
0.02108000,-7.613
0.02108500,-7.579
0.02109000,-7.553
0.02109500,-7.519
0.02110000,-7.487
0.02110500,-7.448
0.02111000,-7.407
0.02111500,-7.368
0.02112000,-7.349
0.02112500,-7.318
0.02113000,-7.291
0.02113500,-7.252
0.02114000,-7.221
0.02114500,-7.183
0.02115000,-7.139
0.02115500,-7.105
0.02116000,-7.078
0.02116500,-7.051
0.02117000,-7.022
0.02117500,-6.994
0.02118000,-6.953
0.02118500,-6.924
0.02119000,-6.880
0.02119500,-6.841
0.02120000,-6.813
0.02120500,-6.790
0.02121000,-6.764
0.02121500,-6.730
0.02122000,-6.695
0.02122500,-6.658
0.02123000,-6.616
0.02123500,-6.576
0.02124000,-6.548
0.02124500,-6.524
0.02125000,-6.500
0.02125500,-6.468
0.02126000,-6.436
0.02126500,-6.396
0.02127000,-6.357
0.02127500,-6.322
0.02128000,-6.284
0.02128500,-6.259
0.02129000,-6.236
0.02129500,-6.199
0.02130000,-6.164
0.02130500,-6.132
0.02131000,-6.095
0.02131500,-6.053
0.02132000,-6.016
0.02132500,-5.995
0.02133000,-5.961
0.02133500,-5.940
0.02134000,-5.898
0.02134500,-5.864
0.02135000,-5.826
0.02135500,-5.789
0.02136000,-5.747
0.02136500,-5.719
0.02137000,-5.692
0.02137500,-5.666
0.02138000,-5.628
0.02138500,-5.597
0.02139000,-5.562
0.02139500,-5.525
0.02140000,-5.486
0.02140500,-5.455
0.02141000,-5.428
0.02141500,-5.396
0.02142000,-5.370
0.02142500,-5.331
0.02143000,-5.293
0.02143500,-5.251
0.02144000,-5.222
0.02144500,-5.179
0.02145000,-5.154
0.02145500,-5.127
0.02146000,-5.096
0.02146500,-5.056
0.02147000,-5.021
0.02147500,-4.984
0.02148000,-4.947
0.02148500,-4.905
0.02149000,-4.886
0.02149500,-4.857
0.02150000,-4.820
0.02150500,-4.783
0.02151000,-4.746
0.02151500,-4.705
0.02152000,-4.670
0.02152500,-4.631
0.02153000,-4.604
0.02153500,-4.578
0.02154000,-4.548
0.02154500,-4.509
0.02155000,-4.473
0.02155500,-4.433
0.02156000,-4.390
0.02156500,-4.358
0.02157000,-4.324
0.02157500,-4.296
0.02158000,-4.264
0.02158500,-4.237
0.02159000,-4.190
0.02159500,-4.156
0.02160000,-4.118
0.02160500,-4.082
0.02161000,-4.045
0.02161500,-4.016
0.02162000,-3.994
0.02162500,-3.955
0.02163000,-3.923
0.02163500,-3.883
0.02164000,-3.842
0.02164500,-3.805
0.02165000,-3.775
0.02165500,-3.743
0.02166000,-3.717
0.02166500,-3.683
0.02167000,-3.644
0.02167500,-3.612
0.02168000,-3.567
0.02168500,-3.533
0.02169000,-3.493
0.02169500,-3.471
0.02170000,-3.445
0.02170500,-3.417
0.02171000,-3.377
0.02171500,-3.342
0.02172000,-3.305
0.02172500,-3.261
0.02173000,-3.226
0.02173500,-3.200
0.02174000,-3.170
0.02174500,-3.139
0.02175000,-3.113
0.02175500,-3.073
0.02176000,-3.029
0.02176500,-2.991
0.02177000,-2.959
0.02177500,-2.933
0.02178000,-2.899
0.02178500,-2.872
0.02179000,-2.843
0.02179500,-2.804
0.02180000,-2.765
0.02180500,-2.722
0.02181000,-2.683
0.02181500,-2.656
0.02182000,-2.630
0.02182500,-2.601
0.02183000,-2.564
0.02183500,-2.529
0.02184000,-2.493
0.02184500,-2.450
0.02185000,-2.413
0.02185500,-2.381
0.02186000,-2.345
0.02186500,-2.323
0.02187000,-2.295
0.02187500,-2.255
0.02188000,-2.215
0.02188500,-2.173
0.02189000,-2.136
0.02189500,-2.099
0.02190000,-2.073
0.02190500,-2.043
0.02191000,-2.007
0.02191500,-1.970
0.02192000,-1.936
0.02192500,-1.896
0.02193000,-1.851
0.02193500,-1.819
0.02194000,-1.790
0.02194500,-1.759
0.02195000,-1.732
0.02195500,-1.698
0.02196000,-1.656
0.02196500,-1.614
0.02197000,-1.573
0.02197500,-1.537
0.02198000,-1.500
0.02198500,-1.476
0.02199000,-1.442
0.02199500,-1.408
0.02200000,-1.370
0.02200500,-1.328
0.02201000,-1.286
0.02201500,-1.244
0.02202000,-1.215
0.02202500,-1.181
0.02203000,-1.156
0.02203500,-1.123
0.02204000,-1.082
0.02204500,-1.040
0.02205000,-0.999
0.02205500,-0.958
0.02206000,-0.929
0.02206500,-0.895
0.02207000,-0.861
0.02207500,-0.830
0.02208000,-0.792
0.02208500,-0.748
0.02209000,-0.705
0.02209500,-0.666
0.02210000,-0.628
0.02210500,-0.594
0.02211000,-0.573
0.02211500,-0.536
0.02212000,-0.504
0.02212500,-0.459
0.02213000,-0.413
0.02213500,-0.375
0.02214000,-0.336
0.02214500,-0.302
0.02215000,-0.275
0.02215500,-0.244
0.02216000,-0.204
0.02216500,-0.164
0.02217000,-0.125
0.02217500,-0.082
0.02218000,-0.046
0.02218500,-0.011
0.02219000,0.015
0.02219500,0.050
0.02220000,0.086
0.02220500,0.126
0.02221000,0.174
0.02221500,0.206
0.02222000,0.250
0.02222500,0.285
0.02223000,0.316
0.02223500,0.348
0.02224000,0.379
0.02224500,0.417
0.02225000,0.459
0.02225500,0.502
0.02226000,0.544
0.02226500,0.578
0.02227000,0.612
0.02227500,0.644
0.02228000,0.675
0.02228500,0.712
0.02229000,0.755
0.02229500,0.795
0.02230000,0.839
0.02230500,0.873
0.02231000,0.897
0.02231500,0.931
0.02232000,0.965
0.02232500,0.995
0.02233000,1.037
0.02233500,1.076
0.02234000,1.116
0.02234500,1.153
0.02235000,1.185
0.02235500,1.219
0.02236000,1.246
0.02236500,1.278
0.02237000,1.320
0.02237500,1.354
0.02238000,1.393
0.02238500,1.435
0.02239000,1.470
0.02239500,1.497
0.02240000,1.531
0.02240500,1.560
0.02241000,1.599
0.02241500,1.637
0.02242000,1.678
0.02242500,1.711
0.02243000,1.753
0.02243500,1.773
0.02244000,1.800
0.02244500,1.834
0.02245000,1.869
0.02245500,1.908
0.02246000,1.945
0.02246500,1.992
0.02247000,2.021
0.02247500,2.048
0.02248000,2.069
0.02248500,2.106
0.02249000,2.140
0.02249500,2.173
0.02250000,2.210
0.02250500,2.252
0.02251000,2.293
0.02251500,2.320
0.02252000,2.347
0.02252500,2.378
0.02253000,2.413
0.02253500,2.446
0.02254000,2.484
0.02254500,2.524
0.02255000,2.563
0.02255500,2.592
0.02256000,2.616
0.02256500,2.648
0.02257000,2.687
0.02257500,2.721
0.02258000,2.761
0.02258500,2.803
0.02259000,2.837
0.02259500,2.869
0.02260000,2.903
0.02260500,2.932
0.02261000,2.964
0.02261500,2.999
0.02262000,3.044
0.02262500,3.085
0.02263000,3.123
0.02263500,3.154
0.02264000,3.181
0.02264500,3.209
0.02265000,3.244
0.02265500,3.281
0.02266000,3.320
0.02266500,3.365
0.02267000,3.402
0.02267500,3.437
0.02268000,3.469
0.02268500,3.492
0.02269000,3.529
0.02269500,3.564
0.02270000,3.600
0.02270500,3.642
0.02271000,3.679
0.02271500,3.716
0.02272000,3.743
0.02272500,3.774
0.02273000,3.809
0.02273500,3.848
0.02274000,3.881
0.02274500,3.919
0.02275000,3.970
0.02275500,4.002
0.02276000,4.034
0.02276500,4.070
0.02277000,4.099
0.02277500,4.129
0.02278000,4.173
0.02278500,4.218
0.02279000,4.255
0.02279500,4.295
0.02280000,4.327
0.02280500,4.356
0.02281000,4.387
0.02281500,4.422
0.02282000,4.459
0.02282500,4.493
0.02283000,4.545
0.02283500,4.577
0.02284000,4.609
0.02284500,4.643
0.02285000,4.667
0.02285500,4.706
0.02286000,4.746
0.02286500,4.785
0.02287000,4.823
0.02287500,4.859
0.02288000,4.899
0.02288500,4.926
0.02289000,4.955
0.02289500,4.987
0.02290000,5.028
0.02290500,5.070
0.02291000,5.108
0.02291500,5.147
0.02292000,5.184
0.02292500,5.219
0.02293000,5.245
0.02293500,5.274
0.02294000,5.313
0.02294500,5.354
0.02295000,5.393
0.02295500,5.430
0.02296000,5.470
0.02296500,5.501
0.02297000,5.525
0.02297500,5.551
0.02298000,5.593
0.02298500,5.628
0.02299000,5.659
0.02299500,5.702
0.02300000,5.736
0.02300500,5.760
0.02301000,5.794
0.02301500,5.823
0.02302000,5.858
0.02302500,5.894
0.02303000,5.931
0.02303500,5.971
0.02304000,6.011
0.02304500,6.050
0.02305000,6.074
0.02305500,6.106
0.02306000,6.137
0.02306500,6.177
0.02307000,6.214
0.02307500,6.251
0.02308000,6.295
0.02308500,6.320
0.02309000,6.353
0.02309500,6.372
0.02310000,6.404
0.02310500,6.439
0.02311000,6.480
0.02311500,6.509
0.02312000,6.551
0.02312500,6.588
0.02313000,6.615
0.02313500,6.641
0.02314000,6.676
0.02314500,6.710
0.02315000,6.744
0.02315500,6.782
0.02316000,6.821
0.02316500,6.860
0.02317000,6.889
0.02317500,6.913
0.02318000,6.950
0.02318500,6.979
0.02319000,7.017
0.02319500,7.062
0.02320000,7.093
0.02320500,7.132
0.02321000,7.159
0.02321500,7.190
0.02322000,7.222
0.02322500,7.256
0.02323000,7.286
0.02323500,7.328
0.02324000,7.368
0.02324500,7.405
0.02325000,7.436
0.02325500,7.463
0.02326000,7.489
0.02326500,7.521
0.02327000,7.553
0.02327500,7.586
0.02328000,7.629
0.02328500,7.666
0.02329000,7.700
0.02329500,7.724
0.02330000,7.751
0.02330500,7.784
0.02331000,7.814
0.02331500,7.855
0.02332000,7.892
0.02332500,7.933
0.02333000,7.966
0.02333500,7.988
0.02334000,8.019
0.02334500,8.049
0.02335000,8.080
0.02335500,8.122
0.02336000,8.157
0.02336500,8.191
0.02337000,8.236
0.02337500,8.262
0.02338000,8.283
0.02338500,8.312
0.02339000,8.346
0.02339500,8.381
0.02340000,8.405
0.02340500,8.457
0.02341000,8.492
0.02341500,8.523
0.02342000,8.545
0.02342500,8.572
0.02343000,8.601
0.02343500,8.643
0.02344000,8.672
0.02344500,8.714
0.02345000,8.750
0.02345500,8.774
0.02346000,8.804
0.02346500,8.830
0.02347000,8.859
0.02347500,8.896
0.02348000,8.927
0.02348500,8.970
0.02349000,9.004
0.02349500,9.031
0.02350000,9.055
0.02350500,9.083
0.02351000,9.117
0.02351500,9.146
0.02352000,9.179
0.02352500,9.218
0.02353000,9.250
0.02353500,9.287
0.02354000,9.316
0.02354500,9.337
0.02355000,9.363
0.02355500,9.394
0.02356000,9.432
0.02356500,9.468
0.02357000,9.501
0.02357500,9.538
0.02358000,9.563
0.02358500,9.583
0.02359000,9.616
0.02359500,9.641
0.02360000,9.678
0.02360500,9.709
0.02361000,9.748
0.02361500,9.781
0.02362000,9.812
0.02362500,9.833
0.02363000,9.859
0.02363500,9.894
0.02364000,9.926
0.02364500,9.960
0.02365000,9.997
0.02365500,10.033
0.02366000,10.058
0.02366500,10.087
0.02367000,10.105
0.02367500,10.139
0.02368000,10.171
0.02368500,10.208
0.02369000,10.247
0.02369500,10.282
0.02370000,10.313
0.02370500,10.338
0.02371000,10.361
0.02371500,10.385
0.02372000,10.427
0.02372500,10.454
0.02373000,10.491
0.02373500,10.530
0.02374000,10.562
0.02374500,10.586
0.02375000,10.615
0.02375500,10.641
0.02376000,10.672
0.02376500,10.707
0.02377000,10.743
0.02377500,10.780
0.02378000,10.812
0.02378500,10.841
0.02379000,10.860
0.02379500,10.891
0.02380000,10.928
0.02380500,10.963
0.02381000,10.994
0.02381500,11.027
0.02382000,11.063
0.02382500,11.090
0.02383000,11.113
0.02383500,11.143
0.02384000,11.174
0.02384500,11.209
0.02385000,11.246
0.02385500,11.282
0.02386000,11.316
0.02386500,11.346
0.02387000,11.369
0.02387500,11.390
0.02388000,11.425
0.02388500,11.461
0.02389000,11.494
0.02389500,11.525
0.02390000,11.560
0.02390500,11.596
0.02391000,11.620
0.02391500,11.644
0.02392000,11.673
0.02392500,11.708
0.02393000,11.741
0.02393500,11.781
0.02394000,11.818
0.02394500,11.845
0.02395000,11.871
0.02395500,11.897
0.02396000,11.921
0.02396500,11.956
0.02397000,11.985
0.02397500,12.026
0.02398000,12.053
0.02398500,12.092
0.02399000,12.108
0.02399500,12.133
0.02400000,12.153
0.02400500,12.191
0.02401000,12.224
0.02401500,12.262
0.02402000,12.299
0.02402500,12.322
0.02403000,12.351
0.02403500,12.380
0.02404000,12.405
0.02404500,12.434
0.02405000,12.471
0.02405500,12.504
0.02406000,12.541
0.02406500,12.573
0.02407000,12.602
0.02407500,12.624
0.02408000,12.653
0.02408500,12.679
0.02409000,12.708
0.02409500,12.747
0.02410000,12.787
0.02410500,12.819
0.02411000,12.847
0.02411500,12.871
0.02412000,12.890
0.02412500,12.922
0.02413000,12.954
0.02413500,12.990
0.02414000,13.017
0.02414500,13.054
0.02415000,13.083
0.02415500,13.112
0.02416000,13.135
0.02416500,13.159
0.02417000,13.189
0.02417500,13.223
0.02418000,13.255
0.02418500,13.291
0.02419000,13.325
0.02419500,13.357
0.02420000,13.376
0.02420500,13.402
0.02421000,13.429
0.02421500,13.460
0.02422000,13.492
0.02422500,13.526
0.02423000,13.558
0.02423500,13.592
0.02424000,13.606
0.02424500,13.632
0.02425000,13.668
0.02425500,13.697
0.02426000,13.729
0.02426500,13.764
0.02427000,13.800
0.02427500,13.819
0.02428000,13.849
0.02428500,13.870
0.02429000,13.893
0.02429500,13.928
0.02430000,13.962
0.02430500,13.994
0.02431000,14.030
0.02431500,14.062
0.02432000,14.076
0.02432500,14.102
0.02433000,14.130
0.02433500,14.167
0.02434000,14.189
0.02434500,14.228
0.02435000,14.260
0.02435500,14.289
0.02436000,14.313
0.02436500,14.334
0.02437000,14.363
0.02437500,14.392
0.02438000,14.421
0.02438500,14.456
0.02439000,14.490
0.02439500,14.521
0.02440000,14.548
0.02440500,14.564
0.02441000,14.590
0.02441500,14.617
0.02442000,14.651
0.02442500,14.680
0.02443000,14.719
0.02443500,14.749
0.02444000,14.772
0.02444500,14.796
0.02445000,14.819
0.02445500,14.841
0.02446000,14.881
0.02446500,14.912
0.02447000,14.944
0.02447500,14.978
0.02448000,15.004
0.02448500,15.018
0.02449000,15.041
0.02449500,15.075
0.02450000,15.102
0.02450500,15.133
0.02451000,15.170
0.02451500,15.200
0.02452000,15.226
0.02452500,15.245
0.02453000,15.268
0.02453500,15.292
0.02454000,15.319
0.02454500,15.358
0.02455000,15.390
0.02455500,15.421
0.02456000,15.448
0.02456500,15.471
0.02457000,15.493
0.02457500,15.517
0.02458000,15.548
0.02458500,15.577
0.02459000,15.612
0.02459500,15.644
0.02460000,15.673
0.02460500,15.693
0.02461000,15.723
0.02461500,15.738
0.02462000,15.770
0.02462500,15.802
0.02463000,15.833
0.02463500,15.871
0.02464000,15.894
0.02464500,15.920
0.02465000,15.936
0.02465500,15.965
0.02466000,15.991
0.02466500,16.021
0.02467000,16.053
0.02467500,16.086
0.02468000,16.121
0.02468500,16.150
0.02469000,16.164
0.02469500,16.187
0.02470000,16.213
0.02470500,16.248
0.02471000,16.280
0.02471500,16.311
0.02472000,16.345
0.02472500,16.370
0.02473000,16.393
0.02473500,16.417
0.02474000,16.446
0.02474500,16.475
0.02475000,16.509
0.02475500,16.530
0.02476000,16.573
0.02476500,16.602
0.02477000,16.615
0.02477500,16.643
0.02478000,16.668
0.02478500,16.701
0.02479000,16.728
0.02479500,16.762
0.02480000,16.794
0.02480500,16.828
0.02481000,16.849
0.02481500,16.866
0.02482000,16.887
0.02482500,16.919
0.02483000,16.950
0.02483500,16.985
0.02484000,17.016
0.02484500,17.040
0.02485000,17.072
0.02485500,17.082
0.02486000,17.109
0.02486500,17.134
0.02487000,17.164
0.02487500,17.193
0.02488000,17.222
0.02488500,17.249
0.02489000,17.275
0.02489500,17.296
0.02490000,17.311
0.02490500,17.344
0.02491000,17.372
0.02491500,17.396
0.02492000,17.427
0.02492500,17.452
0.02493000,17.483
0.02493500,17.494
0.02494000,17.515
0.02494500,17.538
0.02495000,17.563
0.02495500,17.594
0.02496000,17.625
0.02496500,17.652
0.02497000,17.679
0.02497500,17.695
0.02498000,17.713
0.02498500,17.736
0.02499000,17.758
0.02499500,17.782
0.02500000,17.815
0.02500500,17.845
0.02501000,17.869
0.02501500,17.879
0.02502000,17.898
0.02502500,17.913
0.02503000,17.945
0.02503500,17.964
0.02504000,17.996
0.02504500,18.021
0.02505000,18.050
0.02505500,18.066
0.02506000,18.085
0.02506500,18.098
0.02507000,18.124
0.02507500,18.146
0.02508000,18.174
0.02508500,18.207
0.02509000,18.230
0.02509500,18.251
0.02510000,18.264
0.02510500,18.278
0.02511000,18.302
0.02511500,18.325
0.02512000,18.352
0.02512500,18.386
0.02513000,18.407
0.02513500,18.436
0.02514000,18.449
0.02514500,18.463
0.02515000,18.481
0.02515500,18.507
0.02516000,18.534
0.02516500,18.557
0.02517000,18.589
0.02517500,18.613
0.02518000,18.624
0.02518500,18.637
0.02519000,18.655
0.02519500,18.676
0.02520000,18.705
0.02520500,18.734
0.02521000,18.756
0.02521500,18.779
0.02522000,18.797
0.02522500,18.809
0.02523000,18.819
0.02523500,18.848
0.02524000,18.871
0.02524500,18.896
0.02525000,18.922
0.02525500,18.943
0.02526000,18.959
0.02526500,18.975
0.02527000,18.988
0.02527500,19.003
0.02528000,19.027
0.02528500,19.051
0.02529000,19.073
0.02529500,19.099
0.02530000,19.118
0.02530500,19.125
0.02531000,19.138
0.02531500,19.156
0.02532000,19.176
0.02532500,19.202
0.02533000,19.228
0.02533500,19.249
0.02534000,19.268
0.02534500,19.278
0.02535000,19.288
0.02535500,19.304
0.02536000,19.326
0.02536500,19.349
0.02537000,19.373
0.02537500,19.394
0.02538000,19.408
0.02538500,19.421
0.02539000,19.429
0.02539500,19.444
0.02540000,19.466
0.02540500,19.490
0.02541000,19.503
0.02541500,19.527
0.02542000,19.550
0.02542500,19.563
0.02543000,19.569
0.02543500,19.584
0.02544000,19.600
0.02544500,19.622
0.02545000,19.643
0.02545500,19.664
0.02546000,19.684
0.02546500,19.698
0.02547000,19.708
0.02547500,19.722
0.02548000,19.738
0.02548500,19.758
0.02549000,19.774
0.02549500,19.799
0.02550000,19.820
0.02550500,19.833
0.02551000,19.849
0.02551500,19.856
0.02552000,19.872
0.02552500,19.894
0.02553000,19.912
0.02553500,19.935
0.02554000,19.954
0.02554500,19.972
0.02555000,19.980
0.02555500,19.989
0.02556000,20.007
0.02556500,20.025
0.02557000,20.046
0.02557500,20.065
0.02558000,20.088
0.02558500,20.107
0.02559000,20.115
0.02559500,20.125
0.02560000,20.136
0.02560500,20.150
0.02561000,20.168
0.02561500,20.195
0.02562000,20.212
0.02562500,20.234
0.02563000,20.242
0.02563500,20.255
0.02564000,20.261
0.02564500,20.279
0.02565000,20.302
0.02565500,20.323
0.02566000,20.340
0.02566500,20.356
0.02567000,20.369
0.02567500,20.369
0.02568000,20.392
0.02568500,20.405
0.02569000,20.421
0.02569500,20.447
0.02570000,20.461
0.02570500,20.482
0.02571000,20.495
0.02571500,20.508
0.02572000,20.513
0.02572500,20.525
0.02573000,20.542
0.02573500,20.569
0.02574000,20.588
0.02574500,20.609
0.02575000,20.624
0.02575500,20.633
0.02576000,20.645
0.02576500,20.654
0.02577000,20.677
0.02577500,20.696
0.02578000,20.719
0.02578500,20.743
0.02579000,20.752
0.02579500,20.767
0.02580000,20.770
0.02580500,20.785
0.02581000,20.798
0.02581500,20.820
0.02582000,20.836
0.02582500,20.860
0.02583000,20.876
0.02583500,20.881
0.02584000,20.888
0.02584500,20.899
0.02585000,20.913
0.02585500,20.930
0.02586000,20.950
0.02586500,20.968
0.02587000,20.989
0.02587500,20.996
0.02588000,21.004
0.02588500,21.008
0.02589000,21.023
0.02589500,21.041
0.02590000,21.057
0.02590500,21.076
0.02591000,21.094
0.02591500,21.107
0.02592000,21.107
0.02592500,21.116
0.02593000,21.132
0.02593500,21.139
0.02594000,21.155
0.02594500,21.177
0.02595000,21.197
0.02595500,21.202
0.02596000,21.208
0.02596500,21.214
0.02597000,21.224
0.02597500,21.237
0.02598000,21.243
0.02598500,21.266
0.02599000,21.279
0.02599500,21.295
0.02600000,21.300
0.02600500,21.298
0.02601000,21.308
0.02601500,21.322
0.02602000,21.330
0.02602500,21.350
0.02603000,21.371
0.02603500,21.382
0.02604000,21.388
0.02604500,21.393
0.02605000,21.396
0.02605500,21.408
0.02606000,21.419
0.02606500,21.435
0.02607000,21.450
0.02607500,21.466
0.02608000,21.470
0.02608500,21.469
0.02609000,21.475
0.02609500,21.488
0.02610000,21.501
0.02610500,21.514
0.02611000,21.536
0.02611500,21.549
0.02612000,21.554
0.02612500,21.556
0.02613000,21.564
0.02613500,21.572
0.02614000,21.586
0.02614500,21.599
0.02615000,21.619
0.02615500,21.625
0.02616000,21.635
0.02616500,21.638
0.02617000,21.636
0.02617500,21.643
0.02618000,21.656
0.02618500,21.668
0.02619000,21.683
0.02619500,21.697
0.02620000,21.709
0.02620500,21.709
0.02621000,21.707
0.02621500,21.710
0.02622000,21.725
0.02622500,21.731
0.02623000,21.743
0.02623500,21.759
0.02624000,21.771
0.02624500,21.771
0.02625000,21.770
0.02625500,21.773
0.02626000,21.784
0.02626500,21.792
0.02627000,21.802
0.02627500,21.817
0.02628000,21.821
0.02628500,21.825
0.02629000,21.829
0.02629500,21.826
0.02630000,21.836
0.02630500,21.841
0.02631000,21.855
0.02631500,21.865
0.02632000,21.875
0.02632500,21.876
0.02633000,21.878
0.02633500,21.870
0.02634000,21.876
0.02634500,21.884
0.02635000,21.894
0.02635500,21.908
0.02636000,21.920
0.02636500,21.913
0.02637000,21.913
0.02637500,21.912
0.02638000,21.915
0.02638500,21.921
0.02639000,21.928
0.02639500,21.941
0.02640000,21.952
0.02640500,21.958
0.02641000,21.953
0.02641500,21.953
0.02642000,21.953
0.02642500,21.961
0.02643000,21.966
0.02643500,21.974
0.02644000,21.986
0.02644500,21.990
0.02645000,21.992
0.02645500,21.986
0.02646000,21.987
0.02646500,21.995
0.02647000,22.002
0.02647500,22.010
0.02648000,22.018
0.02648500,22.027
0.02649000,22.027
0.02649500,22.019
0.02650000,22.015
0.02650500,22.023
0.02651000,22.034
0.02651500,22.036
0.02652000,22.050
0.02652500,22.058
0.02653000,22.052
0.02653500,22.056
0.02654000,22.052
0.02654500,22.053
0.02655000,22.060
0.02655500,22.068
0.02656000,22.082
0.02656500,22.089
0.02657000,22.093
0.02657500,22.089
0.02658000,22.081
0.02658500,22.085
0.02659000,22.089
0.02659500,22.097
0.02660000,22.103
0.02660500,22.114
0.02661000,22.119
0.02661500,22.113
0.02662000,22.111
0.02662500,22.105
0.02663000,22.119
0.02663500,22.122
0.02664000,22.130
0.02664500,22.142
0.02665000,22.145
0.02665500,22.147
0.02666000,22.132
0.02666500,22.135
0.02667000,22.140
0.02667500,22.143
0.02668000,22.150
0.02668500,22.166
0.02669000,22.164
0.02669500,22.164
0.02670000,22.159
0.02670500,22.159
0.02671000,22.166
0.02671500,22.166
0.02672000,22.179
0.02672500,22.177
0.02673000,22.187
0.02673500,22.193
0.02674000,22.187
0.02674500,22.182
0.02675000,22.182
0.02675500,22.192
0.02676000,22.195
0.02676500,22.209
0.02677000,22.213
0.02677500,22.209
0.02678000,22.209
0.02678500,22.203
0.02679000,22.209
0.02679500,22.214
0.02680000,22.217
0.02680500,22.227
0.02681000,22.234
0.02681500,22.237
0.02682000,22.235
0.02682500,22.224
0.02683000,22.229
0.02683500,22.229
0.02684000,22.240
0.02684500,22.242
0.02685000,22.254
0.02685500,22.258
0.02686000,22.259
0.02686500,22.251
0.02687000,22.248
0.02687500,22.253
0.02688000,22.258
0.02688500,22.267
0.02689000,22.275
0.02689500,22.280
0.02690000,22.279
0.02690500,22.271
0.02691000,22.266
0.02691500,22.269
0.02692000,22.279
0.02692500,22.283
0.02693000,22.287
0.02693500,22.298
0.02694000,22.296
0.02694500,22.288
0.02695000,22.285
0.02695500,22.288
0.02696000,22.296
0.02696500,22.303
0.02697000,22.304
0.02697500,22.317
0.02698000,22.314
0.02698500,22.309
0.02699000,22.309
0.02699500,22.308
0.02700000,22.312
0.02700500,22.317
0.02701000,22.327
0.02701500,22.332
0.02702000,22.340
0.02702500,22.327
0.02703000,22.327
0.02703500,22.329
0.02704000,22.325
0.02704500,22.335
0.02705000,22.345
0.02705500,22.345
0.02706000,22.353
0.02706500,22.348
0.02707000,22.346
0.02707500,22.338
0.02708000,22.345
0.02708500,22.349
0.02709000,22.357
0.02709500,22.369
0.02710000,22.374
0.02710500,22.369
0.02711000,22.364
0.02711500,22.361
0.02712000,22.366
0.02712500,22.364
0.02713000,22.372
0.02713500,22.378
0.02714000,22.390
0.02714500,22.390
0.02715000,22.383
0.02715500,22.375
0.02716000,22.375
0.02716500,22.385
0.02717000,22.386
0.02717500,22.398
0.02718000,22.407
0.02718500,22.406
0.02719000,22.403
0.02719500,22.393
0.02720000,22.395
0.02720500,22.399
0.02721000,22.406
0.02721500,22.414
0.02722000,22.420
0.02722500,22.422
0.02723000,22.412
0.02723500,22.412
0.02724000,22.406
0.02724500,22.414
0.02725000,22.422
0.02725500,22.423
0.02726000,22.428
0.02726500,22.441
0.02727000,22.433
0.02727500,22.425
0.02728000,22.423
0.02728500,22.427
0.02729000,22.428
0.02729500,22.436
0.02730000,22.446
0.02730500,22.452
0.02731000,22.452
0.02731500,22.444
0.02732000,22.440
0.02732500,22.443
0.02733000,22.444
0.02733500,22.449
0.02734000,22.452
0.02734500,22.467
0.02735000,22.461
0.02735500,22.461
0.02736000,22.457
0.02736500,22.456
0.02737000,22.457
0.02737500,22.464
0.02738000,22.469
0.02738500,22.478
0.02739000,22.478
0.02739500,22.472
0.02740000,22.461
0.02740500,22.462
0.02741000,22.472
0.02741500,22.473
0.02742000,22.480
0.02742500,22.486
0.02743000,22.486
0.02743500,22.481
0.02744000,22.477
0.02744500,22.473
0.02745000,22.477
0.02745500,22.485
0.02746000,22.486
0.02746500,22.494
0.02747000,22.493
0.02747500,22.491
0.02748000,22.483
0.02748500,22.473
0.02749000,22.486
0.02749500,22.493
0.02750000,22.494
0.02750500,22.501
0.02751000,22.507
0.02751500,22.501
0.02752000,22.493
0.02752500,22.480
0.02753000,22.493
0.02753500,22.498
0.02754000,22.499
0.02754500,22.504
0.02755000,22.507
0.02755500,22.506
0.02756000,22.501
0.02756500,22.498
0.02757000,22.494
0.02757500,22.498
0.02758000,22.502
0.02758500,22.509
0.02759000,22.512
0.02759500,22.515
0.02760000,22.502
0.02760500,22.502
0.02761000,22.502
0.02761500,22.502
0.02762000,22.507
0.02762500,22.509
0.02763000,22.520
0.02763500,22.517
0.02764000,22.515
0.02764500,22.504
0.02765000,22.504
0.02765500,22.504
0.02766000,22.509
0.02766500,22.515
0.02767000,22.512
0.02767500,22.525
0.02768000,22.518
0.02768500,22.506
0.02769000,22.501
0.02769500,22.507
0.02770000,22.507
0.02770500,22.512
0.02771000,22.523
0.02771500,22.520
0.02772000,22.512
0.02772500,22.509
0.02773000,22.504
0.02773500,22.502
0.02774000,22.507
0.02774500,22.514
0.02775000,22.514
0.02775500,22.518
0.02776000,22.512
0.02776500,22.504
0.02777000,22.496
0.02777500,22.493
0.02778000,22.491
0.02778500,22.501
0.02779000,22.498
0.02779500,22.507
0.02780000,22.498
0.02780500,22.498
0.02781000,22.481
0.02781500,22.480
0.02782000,22.481
0.02782500,22.488
0.02783000,22.489
0.02783500,22.489
0.02784000,22.491
0.02784500,22.485
0.02785000,22.473
0.02785500,22.467
0.02786000,22.467
0.02786500,22.469
0.02787000,22.470
0.02787500,22.472
0.02788000,22.467
0.02788500,22.461
0.02789000,22.449
0.02789500,22.443
0.02790000,22.444
0.02790500,22.441
0.02791000,22.451
0.02791500,22.456
0.02792000,22.457
0.02792500,22.452
0.02793000,22.446
0.02793500,22.435
0.02794000,22.428
0.02794500,22.428
0.02795000,22.428
0.02795500,22.425
0.02796000,22.428
0.02796500,22.415
0.02797000,22.404
0.02797500,22.398
0.02798000,22.383
0.02798500,22.388
0.02799000,22.390
0.02799500,22.386
0.02800000,22.388
0.02800500,22.382
0.02801000,22.362
0.02801500,22.345
0.02802000,22.340
0.02802500,22.332
0.02803000,22.327
0.02803500,22.332
0.02804000,22.322
0.02804500,22.314
0.02805000,22.304
0.02805500,22.287
0.02806000,22.275
0.02806500,22.271
0.02807000,22.267
0.02807500,22.264
0.02808000,22.258
0.02808500,22.254
0.02809000,22.245
0.02809500,22.227
0.02810000,22.217
0.02810500,22.206
0.02811000,22.201
0.02811500,22.188
0.02812000,22.177
0.02812500,22.174
0.02813000,22.156
0.02813500,22.137
0.02814000,22.116
0.02814500,22.106
0.02815000,22.098
0.02815500,22.090
0.02816000,22.085
0.02816500,22.076
0.02817000,22.063
0.02817500,22.037
0.02818000,22.018
0.02818500,22.003
0.02819000,21.995
0.02819500,21.987
0.02820000,21.984
0.02820500,21.979
0.02821000,21.968
0.02821500,21.953
0.02822000,21.931
0.02822500,21.918
0.02823000,21.900
0.02823500,21.895
0.02824000,21.881
0.02824500,21.873
0.02825000,21.858
0.02825500,21.836
0.02826000,21.821
0.02826500,21.802
0.02827000,21.796
0.02827500,21.778
0.02828000,21.773
0.02828500,21.765
0.02829000,21.754
0.02829500,21.733
0.02830000,21.714
0.02830500,21.691
0.02831000,21.673
0.02831500,21.664
0.02832000,21.654
0.02832500,21.648
0.02833000,21.630
0.02833500,21.612
0.02834000,21.593
0.02834500,21.575
0.02835000,21.564
0.02835500,21.543
0.02836000,21.533
0.02836500,21.528
0.02837000,21.519
0.02837500,21.495
0.02838000,21.477
0.02838500,21.456
0.02839000,21.438
0.02839500,21.429
0.02840000,21.414
0.02840500,21.411
0.02841000,21.396
0.02841500,21.385
0.02842000,21.363
0.02842500,21.338
0.02843000,21.321
0.02843500,21.316
0.02844000,21.292
0.02844500,21.285
0.02845000,21.284
0.02845500,21.258
0.02846000,21.240
0.02846500,21.218
0.02847000,21.198
0.02847500,21.184
0.02848000,21.176
0.02848500,21.166
0.02849000,21.152
0.02849500,21.139
0.02850000,21.118
0.02850500,21.087
0.02851000,21.073
0.02851500,21.058
0.02852000,21.045
0.02852500,21.033
0.02853000,21.028
0.02853500,21.008
0.02854000,20.992
0.02854500,20.970
0.02855000,20.949
0.02855500,20.933
0.02856000,20.910
0.02856500,20.905
0.02857000,20.897
0.02857500,20.880
0.02858000,20.862
0.02858500,20.843
0.02859000,20.817
0.02859500,20.802
0.02860000,20.791
0.02860500,20.769
0.02861000,20.767
0.02861500,20.751
0.02862000,20.730
0.02862500,20.703
0.02863000,20.688
0.02863500,20.667
0.02864000,20.651
0.02864500,20.638
0.02865000,20.632
0.02865500,20.608
0.02866000,20.600
0.02866500,20.575
0.02867000,20.551
0.02867500,20.529
0.02868000,20.521
0.02868500,20.506
0.02869000,20.485
0.02869500,20.484
0.02870000,20.464
0.02870500,20.445
0.02871000,20.421
0.02871500,20.397
0.02872000,20.385
0.02872500,20.368
0.02873000,20.360
0.02873500,20.352
0.02874000,20.331
0.02874500,20.311
0.02875000,20.287
0.02875500,20.268
0.02876000,20.245
0.02876500,20.231
0.02877000,20.218
0.02877500,20.210
0.02878000,20.197
0.02878500,20.176
0.02879000,20.146
0.02879500,20.125
0.02880000,20.110
0.02880500,20.094
0.02881000,20.076
0.02881500,20.067
0.02882000,20.047
0.02882500,20.028
0.02883000,20.009
0.02883500,19.981
0.02884000,19.967
0.02884500,19.949
0.02885000,19.939
0.02885500,19.920
0.02886000,19.907
0.02886500,19.888
0.02887000,19.864
0.02887500,19.841
0.02888000,19.819
0.02888500,19.806
0.02889000,19.785
0.02889500,19.774
0.02890000,19.762
0.02890500,19.735
0.02891000,19.721
0.02891500,19.690
0.02892000,19.667
0.02892500,19.653
0.02893000,19.637
0.02893500,19.621
0.02894000,19.608
0.02894500,19.592
0.02895000,19.564
0.02895500,19.537
0.02896000,19.513
0.02896500,19.495
0.02897000,19.474
0.02897500,19.466
0.02898000,19.448
0.02898500,19.429
0.02899000,19.408
0.02899500,19.381
0.02900000,19.347
0.02900500,19.325
0.02901000,19.299
0.02901500,19.281
0.02902000,19.273
0.02902500,19.262
0.02903000,19.234
0.02903500,19.212
0.02904000,19.181
0.02904500,19.162
0.02905000,19.143
0.02905500,19.123
0.02906000,19.112
0.02906500,19.088
0.02907000,19.075
0.02907500,19.044
0.02908000,19.017
0.02908500,18.999
0.02909000,18.975
0.02909500,18.953
0.02910000,18.940
0.02910500,18.924
0.02911000,18.909
0.02911500,18.880
0.02912000,18.846
0.02912500,18.824
0.02913000,18.803
0.02913500,18.787
0.02914000,18.768
0.02914500,18.750
0.02915000,18.731
0.02915500,18.706
0.02916000,18.681
0.02916500,18.648
0.02917000,18.627
0.02917500,18.610
0.02918000,18.592
0.02918500,18.578
0.02919000,18.555
0.02919500,18.533
0.02920000,18.505
0.02920500,18.483
0.02921000,18.455
0.02921500,18.439
0.02922000,18.418
0.02922500,18.402
0.02923000,18.383
0.02923500,18.363
0.02924000,18.333
0.02924500,18.309
0.02925000,18.280
0.02925500,18.264
0.02926000,18.243
0.02926500,18.225
0.02927000,18.209
0.02927500,18.193
0.02928000,18.162
0.02928500,18.130
0.02929000,18.106
0.02929500,18.088
0.02930000,18.069
0.02930500,18.053
0.02931000,18.030
0.02931500,18.014
0.02932000,17.988
0.02932500,17.958
0.02933000,17.924
0.02933500,17.905
0.02934000,17.885
0.02934500,17.868
0.02935000,17.845
0.02935500,17.827
0.02936000,17.800
0.02936500,17.769
0.02937000,17.734
0.02937500,17.715
0.02938000,17.697
0.02938500,17.673
0.02939000,17.662
0.02939500,17.636
0.02940000,17.608
0.02940500,17.581
0.02941000,17.551
0.02941500,17.523
0.02942000,17.504
0.02942500,17.486
0.02943000,17.462
0.02943500,17.447
0.02944000,17.418
0.02944500,17.391
0.02945000,17.356
0.02945500,17.333
0.02946000,17.309
0.02946500,17.285
0.02947000,17.270
0.02947500,17.251
0.02948000,17.227
0.02948500,17.193
0.02949000,17.159
0.02949500,17.137
0.02950000,17.111
0.02950500,17.088
0.02951000,17.068
0.02951500,17.045
0.02952000,17.027
0.02952500,16.993
0.02953000,16.961
0.02953500,16.934
0.02954000,16.907
0.02954500,16.887
0.02955000,16.865
0.02955500,16.845
0.02956000,16.818
0.02956500,16.792
0.02957000,16.760
0.02957500,16.728
0.02958000,16.697
0.02958500,16.681
0.02959000,16.657
0.02959500,16.635
0.02960000,16.614
0.02960500,16.586
0.02961000,16.552
0.02961500,16.519
0.02962000,16.494
0.02962500,16.472
0.02963000,16.443
0.02963500,16.430
0.02964000,16.403
0.02964500,16.375
0.02965000,16.342
0.02965500,16.304
0.02966000,16.277
0.02966500,16.259
0.02967000,16.235
0.02967500,16.210
0.02968000,16.192
0.02968500,16.161
0.02969000,16.129
0.02969500,16.092
0.02970000,16.068
0.02970500,16.037
0.02971000,16.013
0.02971500,15.992
0.02972000,15.970
0.02972500,15.941
0.02973000,15.910
0.02973500,15.875
0.02974000,15.842
0.02974500,15.813
0.02975000,15.791
0.02975500,15.768
0.02976000,15.744
0.02976500,15.723
0.02977000,15.688
0.02977500,15.657
0.02978000,15.625
0.02978500,15.593
0.02979000,15.564
0.02979500,15.540
0.02980000,15.525
0.02980500,15.498
0.02981000,15.467
0.02981500,15.434
0.02982000,15.400
0.02982500,15.371
0.02983000,15.342
0.02983500,15.318
0.02984000,15.294
0.02984500,15.271
0.02985000,15.236
0.02985500,15.203
0.02986000,15.171
0.02986500,15.142
0.02987000,15.116
0.02987500,15.086
0.02988000,15.062
0.02988500,15.038
0.02989000,15.015
0.02989500,14.980
0.02990000,14.944
0.02990500,14.909
0.02991000,14.878
0.02991500,14.859
0.02992000,14.836
0.02992500,14.814
0.02993000,14.785
0.02993500,14.749
0.02994000,14.709
0.02994500,14.675
0.02995000,14.651
0.02995500,14.621
0.02996000,14.595
0.02996500,14.577
0.02997000,14.551
0.02997500,14.513
0.02998000,14.482
0.02998500,14.445
0.02999000,14.418
0.02999500,14.384
0.03000000,14.365
0.03000500,14.334
0.03001000,14.315
0.03001500,14.283
0.03002000,14.247
0.03002500,14.210
0.03003000,14.180
0.03003500,14.149
0.03004000,14.122
0.03004500,14.097
0.03005000,14.076
0.03005500,14.043
0.03006000,14.010
0.03006500,13.973
0.03007000,13.943
0.03007500,13.916
0.03008000,13.891
0.03008500,13.862
0.03009000,13.843
0.03009500,13.816
0.03010000,13.775
0.03010500,13.737
0.03011000,13.706
0.03011500,13.680
0.03012000,13.655
0.03012500,13.627
0.03013000,13.602
0.03013500,13.582
0.03014000,13.542
0.03014500,13.505
0.03015000,13.476
0.03015500,13.450
0.03016000,13.421
0.03016500,13.394
0.03017000,13.371
0.03017500,13.347
0.03018000,13.317
0.03018500,13.286
0.03019000,13.243
0.03019500,13.217
0.03020000,13.198
0.03020500,13.173
0.03021000,13.143
0.03021500,13.119
0.03022000,13.090
0.03022500,13.051
0.03023000,13.017
0.03023500,12.991
0.03024000,12.959
0.03024500,12.937
0.03025000,12.913
0.03025500,12.888
0.03026000,12.855
0.03026500,12.818
0.03027000,12.785
0.03027500,12.755
0.03028000,12.731
0.03028500,12.702
0.03029000,12.676
0.03029500,12.653
0.03030000,12.626
0.03030500,12.589
0.03031000,12.552
0.03031500,12.520
0.03032000,12.492
0.03032500,12.462
0.03033000,12.439
0.03033500,12.412
0.03034000,12.383
0.03034500,12.349
0.03035000,12.314
0.03035500,12.282
0.03036000,12.253
0.03036500,12.222
0.03037000,12.201
0.03037500,12.177
0.03038000,12.146
0.03038500,12.109
0.03039000,12.074
0.03039500,12.042
0.03040000,12.008
0.03040500,11.977
0.03041000,11.963
0.03041500,11.929
0.03042000,11.902
0.03042500,11.868
0.03043000,11.829
0.03043500,11.794
0.03044000,11.760
0.03044500,11.739
0.03045000,11.712
0.03045500,11.681
0.03046000,11.654
0.03046500,11.620
0.03047000,11.583
0.03047500,11.551
0.03048000,11.512
0.03048500,11.489
0.03049000,11.456
0.03049500,11.432
0.03050000,11.401
0.03050500,11.378
0.03051000,11.335
0.03051500,11.296
0.03052000,11.266
0.03052500,11.234
0.03053000,11.205
0.03053500,11.179
0.03054000,11.153
0.03054500,11.124
0.03055000,11.087
0.03055500,11.045
0.03056000,11.008
0.03056500,10.979
0.03057000,10.947
0.03057500,10.923
0.03058000,10.894
0.03058500,10.863
0.03059000,10.831
0.03059500,10.791
0.03060000,10.749
0.03060500,10.723
0.03061000,10.689
0.03061500,10.665
0.03062000,10.644
0.03062500,10.614
0.03063000,10.580
0.03063500,10.541
0.03064000,10.499
0.03064500,10.469
0.03065000,10.433
0.03065500,10.404
0.03066000,10.382
0.03066500,10.355
0.03067000,10.321
0.03067500,10.287
0.03068000,10.250
0.03068500,10.206
0.03069000,10.176
0.03069500,10.147
0.03070000,10.124
0.03070500,10.103
0.03071000,10.071
0.03071500,10.026
0.03072000,9.992
0.03072500,9.962
0.03073000,9.925
0.03073500,9.896
0.03074000,9.872
0.03074500,9.846
0.03075000,9.810
0.03075500,9.780
0.03076000,9.736
0.03076500,9.706
0.03077000,9.670
0.03077500,9.645
0.03078000,9.617
0.03078500,9.585
0.03079000,9.559
0.03079500,9.526
0.03080000,9.485
0.03080500,9.448
0.03081000,9.418
0.03081500,9.389
0.03082000,9.363
0.03082500,9.337
0.03083000,9.307
0.03083500,9.276
0.03084000,9.233
0.03084500,9.197
0.03085000,9.163
0.03085500,9.133
0.03086000,9.109
0.03086500,9.081
0.03087000,9.055
0.03087500,9.018
0.03088000,8.980
0.03088500,8.943
0.03089000,8.906
0.03089500,8.875
0.03090000,8.848
0.03090500,8.824
0.03091000,8.798
0.03091500,8.761
0.03092000,8.729
0.03092500,8.687
0.03093000,8.650
0.03093500,8.618
0.03094000,8.593
0.03094500,8.560
0.03095000,8.532
0.03095500,8.506
0.03096000,8.466
0.03096500,8.426
0.03097000,8.387
0.03097500,8.355
0.03098000,8.326
0.03098500,8.302
0.03099000,8.275
0.03099500,8.241
0.03100000,8.207
0.03100500,8.170
0.03101000,8.133
0.03101500,8.101
0.03102000,8.067
0.03102500,8.032
0.03103000,8.012
0.03103500,7.987
0.03104000,7.946
0.03104500,7.908
0.03105000,7.859
0.03105500,7.829
0.03106000,7.801
0.03106500,7.771
0.03107000,7.745
0.03107500,7.716
0.03108000,7.681
0.03108500,7.642
0.03109000,7.600
0.03109500,7.560
0.03110000,7.537
0.03110500,7.502
0.03111000,7.478
0.03111500,7.450
0.03112000,7.413
0.03112500,7.375
0.03113000,7.336
0.03113500,7.296
0.03114000,7.267
0.03114500,7.235
0.03115000,7.211
0.03115500,7.180
0.03116000,7.145
0.03116500,7.108
0.03117000,7.067
0.03117500,7.025
0.03118000,7.000
0.03118500,6.963
0.03119000,6.932
0.03119500,6.908
0.03120000,6.882
0.03120500,6.845
0.03121000,6.803
0.03121500,6.761
0.03122000,6.732
0.03122500,6.699
0.03123000,6.670
0.03123500,6.642
0.03124000,6.607
0.03124500,6.576
0.03125000,6.543
0.03125500,6.499
0.03126000,6.464
0.03126500,6.435
0.03127000,6.406
0.03127500,6.378
0.03128000,6.346
0.03128500,6.316
0.03129000,6.275
0.03129500,6.233
0.03130000,6.203
0.03130500,6.171
0.03131000,6.140
0.03131500,6.121
0.03132000,6.087
0.03132500,6.056
0.03133000,6.018
0.03133500,5.981
0.03134000,5.942
0.03134500,5.911
0.03135000,5.878
0.03135500,5.857
0.03136000,5.828
0.03136500,5.794
0.03137000,5.762
0.03137500,5.713
0.03138000,5.681
0.03138500,5.647
0.03139000,5.615
0.03139500,5.590
0.03140000,5.562
0.03140500,5.533
0.03141000,5.496
0.03141500,5.459
0.03142000,5.416
0.03142500,5.383
0.03143000,5.354
0.03143500,5.329
0.03144000,5.301
0.03144500,5.269
0.03145000,5.234
0.03145500,5.192
0.03146000,5.153
0.03146500,5.118
0.03147000,5.087
0.03147500,5.055
0.03148000,5.028
0.03148500,4.997
0.03149000,4.958
0.03149500,4.915
0.03150000,4.876
0.03150500,4.839
0.03151000,4.804
0.03151500,4.773
0.03152000,4.740
0.03152500,4.712
0.03153000,4.678
0.03153500,4.640
0.03154000,4.593
0.03154500,4.553
0.03155000,4.521
0.03155500,4.488
0.03156000,4.455
0.03156500,4.429
0.03157000,4.393
0.03157500,4.353
0.03158000,4.316
0.03158500,4.273
0.03159000,4.236
0.03159500,4.203
0.03160000,4.179
0.03160500,4.141
0.03161000,4.117
0.03161500,4.078
0.03162000,4.030
0.03162500,3.993
0.03163000,3.960
0.03163500,3.923
0.03164000,3.899
0.03164500,3.867
0.03165000,3.835
0.03165500,3.799
0.03166000,3.756
0.03166500,3.719
0.03167000,3.682
0.03167500,3.656
0.03168000,3.617
0.03168500,3.592
0.03169000,3.560
0.03169500,3.524
0.03170000,3.492
0.03170500,3.442
0.03171000,3.408
0.03171500,3.376
0.03172000,3.344
0.03172500,3.318
0.03173000,3.287
0.03173500,3.255
0.03174000,3.213
0.03174500,3.176
0.03175000,3.136
0.03175500,3.107
0.03176000,3.080
0.03176500,3.049
0.03177000,3.023
0.03177500,2.990
0.03178000,2.953
0.03178500,2.908
0.03179000,2.872
0.03179500,2.840
0.03180000,2.814
0.03180500,2.777
0.03181000,2.751
0.03181500,2.719
0.03182000,2.679
0.03182500,2.644
0.03183000,2.605
0.03183500,2.571
0.03184000,2.532
0.03184500,2.510
0.03185000,2.479
0.03185500,2.457
0.03186000,2.417
0.03186500,2.380
0.03187000,2.331
0.03187500,2.296
0.03188000,2.272
0.03188500,2.239
0.03189000,2.206
0.03189500,2.182
0.03190000,2.148
0.03190500,2.104
0.03191000,2.064
0.03191500,2.029
0.03192000,1.993
0.03192500,1.963
0.03193000,1.937
0.03193500,1.906
0.03194000,1.871
0.03194500,1.831
0.03195000,1.794
0.03195500,1.753
0.03196000,1.721
0.03196500,1.692
0.03197000,1.663
0.03197500,1.628
0.03198000,1.599
0.03198500,1.559
0.03199000,1.517
0.03199500,1.473
0.03200000,1.439
0.03200500,1.410
0.03201000,1.377
0.03201500,1.351
0.03202000,1.317
0.03202500,1.277
0.03203000,1.232
0.03203500,1.196
0.03204000,1.153
0.03204500,1.121
0.03205000,1.090
0.03205500,1.061
0.03206000,1.027
0.03206500,0.990
0.03207000,0.942
0.03207500,0.907
0.03208000,0.866
0.03208500,0.829
0.03209000,0.794
0.03209500,0.765
0.03210000,0.731
0.03210500,0.699
0.03211000,0.660
0.03211500,0.607
0.03212000,0.567
0.03212500,0.531
0.03213000,0.502
0.03213500,0.469
0.03214000,0.433
0.03214500,0.395
0.03215000,0.356
0.03215500,0.314
0.03216000,0.269
0.03216500,0.230
0.03217000,0.198
0.03217500,0.172
0.03218000,0.137
0.03218500,0.100
0.03219000,0.052
0.03219500,0.011
0.03220000,-0.030
0.03220500,-0.069
0.03221000,-0.103
0.03221500,-0.135
0.03222000,-0.170
0.03222500,-0.203
0.03223000,-0.244
0.03223500,-0.294
0.03224000,-0.333
0.03224500,-0.372
0.03225000,-0.404
0.03225500,-0.438
0.03226000,-0.470
0.03226500,-0.502
0.03227000,-0.546
0.03227500,-0.592
0.03228000,-0.629
0.03228500,-0.674
0.03229000,-0.711
0.03229500,-0.739
0.03230000,-0.772
0.03230500,-0.805
0.03231000,-0.847
0.03231500,-0.890
0.03232000,-0.929
0.03232500,-0.974
0.03233000,-1.004
0.03233500,-1.041
0.03234000,-1.069
0.03234500,-1.104
0.03235000,-1.140
0.03235500,-1.185
0.03236000,-1.223
0.03236500,-1.265
0.03237000,-1.309
0.03237500,-1.338
0.03238000,-1.370
0.03238500,-1.400
0.03239000,-1.429
0.03239500,-1.473
0.03240000,-1.518
0.03240500,-1.556
0.03241000,-1.593
0.03241500,-1.624
0.03242000,-1.655
0.03242500,-1.687
0.03243000,-1.721
0.03243500,-1.759
0.03244000,-1.798
0.03244500,-1.846
0.03245000,-1.877
0.03245500,-1.906
0.03246000,-1.935
0.03246500,-1.967
0.03247000,-1.994
0.03247500,-2.031
0.03248000,-2.070
0.03248500,-2.109
0.03249000,-2.139
0.03249500,-2.176
0.03250000,-2.204
0.03250500,-2.233
0.03251000,-2.262
0.03251500,-2.297
0.03252000,-2.336
0.03252500,-2.377
0.03253000,-2.416
0.03253500,-2.440
0.03254000,-2.471
0.03254500,-2.498
0.03255000,-2.529
0.03255500,-2.558
0.03256000,-2.601
0.03256500,-2.641
0.03257000,-2.672
0.03257500,-2.703
0.03258000,-2.732
0.03258500,-2.762
0.03259000,-2.790
0.03259500,-2.823
0.03260000,-2.856
0.03260500,-2.897
0.03261000,-2.931
0.03261500,-2.963
0.03262000,-2.996
0.03262500,-3.023
0.03263000,-3.049
0.03263500,-3.079
0.03264000,-3.113
0.03264500,-3.155
0.03265000,-3.192
0.03265500,-3.224
0.03266000,-3.253
0.03266500,-3.285
0.03267000,-3.308
0.03267500,-3.337
0.03268000,-3.372
0.03268500,-3.413
0.03269000,-3.454
0.03269500,-3.488
0.03270000,-3.517
0.03270500,-3.546
0.03271000,-3.574
0.03271500,-3.606
0.03272000,-3.638
0.03272500,-3.680
0.03273000,-3.718
0.03273500,-3.751
0.03274000,-3.783
0.03274500,-3.815
0.03275000,-3.842
0.03275500,-3.875
0.03276000,-3.907
0.03276500,-3.947
0.03277000,-3.991
0.03277500,-4.026
0.03278000,-4.055
0.03278500,-4.084
0.03279000,-4.116
0.03279500,-4.147
0.03280000,-4.184
0.03280500,-4.214
0.03281000,-4.264
0.03281500,-4.304
0.03282000,-4.335
0.03282500,-4.372
0.03283000,-4.404
0.03283500,-4.432
0.03284000,-4.465
0.03284500,-4.502
0.03285000,-4.541
0.03285500,-4.581
0.03286000,-4.615
0.03286500,-4.644
0.03287000,-4.678
0.03287500,-4.712
0.03288000,-4.742
0.03288500,-4.776
0.03289000,-4.820
0.03289500,-4.868
0.03290000,-4.900
0.03290500,-4.926
0.03291000,-4.963
0.03291500,-4.995
0.03292000,-5.027
0.03292500,-5.061
0.03293000,-5.106
0.03293500,-5.150
0.03294000,-5.188
0.03294500,-5.227
0.03295000,-5.254
0.03295500,-5.288
0.03296000,-5.319
0.03296500,-5.356
0.03297000,-5.394
0.03297500,-5.446
0.03298000,-5.476
0.03298500,-5.510
0.03299000,-5.539
0.03299500,-5.576
0.03300000,-5.604
0.03300500,-5.639
0.03301000,-5.678
0.03301500,-5.724
0.03302000,-5.766
0.03302500,-5.795
0.03303000,-5.827
0.03303500,-5.859
0.03304000,-5.888
0.03304500,-5.924
0.03305000,-5.961
0.03305500,-6.008
0.03306000,-6.045
0.03306500,-6.083
0.03307000,-6.114
0.03307500,-6.144
0.03308000,-6.175
0.03308500,-6.209
0.03309000,-6.241
0.03309500,-6.286
0.03310000,-6.334
0.03310500,-6.367
0.03311000,-6.400
0.03311500,-6.433
0.03312000,-6.458
0.03312500,-6.489
0.03313000,-6.529
0.03313500,-6.568
0.03314000,-6.618
0.03314500,-6.648
0.03315000,-6.676
0.03315500,-6.709
0.03316000,-6.734
0.03316500,-6.763
0.03317000,-6.795
0.03317500,-6.832
0.03318000,-6.872
0.03318500,-6.904
0.03319000,-6.941
0.03319500,-6.969
0.03320000,-6.996
0.03320500,-7.019
0.03321000,-7.052
0.03321500,-7.089
0.03322000,-7.130
0.03322500,-7.168
0.03323000,-7.192
0.03323500,-7.226
0.03324000,-7.255
0.03324500,-7.278
0.03325000,-7.313
0.03325500,-7.352
0.03326000,-7.394
0.03326500,-7.434
0.03327000,-7.468
0.03327500,-7.500
0.03328000,-7.522
0.03328500,-7.563
0.03329000,-7.587
0.03329500,-7.624
0.03330000,-7.664
0.03330500,-7.709
0.03331000,-7.738
0.03331500,-7.764
0.03332000,-7.799
0.03332500,-7.823
0.03333000,-7.849
0.03333500,-7.883
0.03334000,-7.930
0.03334500,-7.965
0.03335000,-7.994
0.03335500,-8.031
0.03336000,-8.062
0.03336500,-8.084
0.03337000,-8.115
0.03337500,-8.149
0.03338000,-8.187
0.03338500,-8.231
0.03339000,-8.258
0.03339500,-8.294
0.03340000,-8.323
0.03340500,-8.351
0.03341000,-8.374
0.03341500,-8.403
0.03342000,-8.445
0.03342500,-8.480
0.03343000,-8.517
0.03343500,-8.551
0.03344000,-8.575
0.03344500,-8.601
0.03345000,-8.630
0.03345500,-8.665
0.03346000,-8.691
0.03346500,-8.738
0.03347000,-8.775
0.03347500,-8.805
0.03348000,-8.830
0.03348500,-8.863
0.03349000,-8.884
0.03349500,-8.913
0.03350000,-8.949
0.03350500,-8.992
0.03351000,-9.020
0.03351500,-9.053
0.03352000,-9.086
0.03352500,-9.111
0.03353000,-9.137
0.03353500,-9.163
0.03354000,-9.198
0.03354500,-9.232
0.03355000,-9.271
0.03355500,-9.308
0.03356000,-9.335
0.03356500,-9.364
0.03357000,-9.387
0.03357500,-9.412
0.03358000,-9.443
0.03358500,-9.477
0.03359000,-9.522
0.03359500,-9.552
0.03360000,-9.583
0.03360500,-9.610
0.03361000,-9.636
0.03361500,-9.665
0.03362000,-9.697
0.03362500,-9.731
0.03363000,-9.775
0.03363500,-9.808
0.03364000,-9.839
0.03364500,-9.861
0.03365000,-9.897
0.03365500,-9.919
0.03366000,-9.950
0.03366500,-9.982
0.03367000,-10.021
0.03367500,-10.061
0.03368000,-10.090
0.03368500,-10.119
0.03369000,-10.148
0.03369500,-10.175
0.03370000,-10.200
0.03370500,-10.235
0.03371000,-10.275
0.03371500,-10.315
0.03372000,-10.351
0.03372500,-10.373
0.03373000,-10.409
0.03373500,-10.436
0.03374000,-10.465
0.03374500,-10.497
0.03375000,-10.530
0.03375500,-10.578
0.03376000,-10.604
0.03376500,-10.637
0.03377000,-10.665
0.03377500,-10.691
0.03378000,-10.718
0.03378500,-10.750
0.03379000,-10.790
0.03379500,-10.834
0.03380000,-10.868
0.03380500,-10.900
0.03381000,-10.922
0.03381500,-10.951
0.03382000,-10.972
0.03382500,-11.006
0.03383000,-11.043
0.03383500,-11.080
0.03384000,-11.122
0.03384500,-11.151
0.03385000,-11.182
0.03385500,-11.207
0.03386000,-11.231
0.03386500,-11.262
0.03387000,-11.299
0.03387500,-11.339
0.03388000,-11.373
0.03388500,-11.405
0.03389000,-11.433
0.03389500,-11.468
0.03390000,-11.491
0.03390500,-11.518
0.03391000,-11.550
0.03391500,-11.589
0.03392000,-11.627
0.03392500,-11.656
0.03393000,-11.692
0.03393500,-11.711
0.03394000,-11.739
0.03394500,-11.764
0.03395000,-11.796
0.03395500,-11.837
0.03396000,-11.875
0.03396500,-11.912
0.03397000,-11.932
0.03397500,-11.964
0.03398000,-11.993
0.03398500,-12.011
0.03399000,-12.046
0.03399500,-12.085
0.03400000,-12.125
0.03400500,-12.154
0.03401000,-12.189
0.03401500,-12.213
0.03402000,-12.238
0.03402500,-12.265
0.03403000,-12.292
0.03403500,-12.325
0.03404000,-12.366
0.03404500,-12.400
0.03405000,-12.429
0.03405500,-12.453
0.03406000,-12.487
0.03406500,-12.510
0.03407000,-12.535
0.03407500,-12.568
0.03408000,-12.608
0.03408500,-12.645
0.03409000,-12.679
0.03409500,-12.698
0.03410000,-12.725
0.03410500,-12.756
0.03411000,-12.780
0.03411500,-12.807
0.03412000,-12.849
0.03412500,-12.885
0.03413000,-12.920
0.03413500,-12.941
0.03414000,-12.968
0.03414500,-12.996
0.03415000,-13.014
0.03415500,-13.055
0.03416000,-13.089
0.03416500,-13.125
0.03417000,-13.155
0.03417500,-13.189
0.03418000,-13.212
0.03418500,-13.237
0.03419000,-13.258
0.03419500,-13.294
0.03420000,-13.327
0.03420500,-13.369
0.03421000,-13.403
0.03421500,-13.430
0.03422000,-13.456
0.03422500,-13.480
0.03423000,-13.505
0.03423500,-13.529
0.03424000,-13.567
0.03424500,-13.603
0.03425000,-13.638
0.03425500,-13.667
0.03426000,-13.691
0.03426500,-13.714
0.03427000,-13.741
0.03427500,-13.770
0.03428000,-13.799
0.03428500,-13.835
0.03429000,-13.873
0.03429500,-13.901
0.03430000,-13.930
0.03430500,-13.949
0.03431000,-13.975
0.03431500,-13.999
0.03432000,-14.033
0.03432500,-14.071
0.03433000,-14.102
0.03433500,-14.132
0.03434000,-14.158
0.03434500,-14.184
0.03435000,-14.203
0.03435500,-14.231
0.03436000,-14.263
0.03436500,-14.293
0.03437000,-14.337
0.03437500,-14.364
0.03438000,-14.392
0.03438500,-14.419
0.03439000,-14.441
0.03439500,-14.466
0.03440000,-14.493
0.03440500,-14.525
0.03441000,-14.567
0.03441500,-14.599
0.03442000,-14.622
0.03442500,-14.649
0.03443000,-14.672
0.03443500,-14.694
0.03444000,-14.730
0.03444500,-14.755
0.03445000,-14.799
0.03445500,-14.831
0.03446000,-14.862
0.03446500,-14.884
0.03447000,-14.908
0.03447500,-14.937
0.03448000,-14.961
0.03448500,-14.992
0.03449000,-15.032
0.03449500,-15.064
0.03450000,-15.093
0.03450500,-15.122
0.03451000,-15.145
0.03451500,-15.166
0.03452000,-15.190
0.03452500,-15.225
0.03453000,-15.262
0.03453500,-15.295
0.03454000,-15.328
0.03454500,-15.354
0.03455000,-15.372
0.03455500,-15.396
0.03456000,-15.423
0.03456500,-15.451
0.03457000,-15.494
0.03457500,-15.525
0.03458000,-15.554
0.03458500,-15.576
0.03459000,-15.605
0.03459500,-15.625
0.03460000,-15.652
0.03460500,-15.681
0.03461000,-15.718
0.03461500,-15.747
0.03462000,-15.779
0.03462500,-15.807
0.03463000,-15.831
0.03463500,-15.858
0.03464000,-15.874
0.03464500,-15.903
0.03465000,-15.932
0.03465500,-15.976
0.03466000,-16.005
0.03466500,-16.030
0.03467000,-16.058
0.03467500,-16.080
0.03468000,-16.104
0.03468500,-16.127
0.03469000,-16.156
0.03469500,-16.191
0.03470000,-16.224
0.03470500,-16.256
0.03471000,-16.280
0.03471500,-16.306
0.03472000,-16.322
0.03472500,-16.347
0.03473000,-16.376
0.03473500,-16.418
0.03474000,-16.452
0.03474500,-16.478
0.03475000,-16.505
0.03475500,-16.526
0.03476000,-16.545
0.03476500,-16.571
0.03477000,-16.603
0.03477500,-16.642
0.03478000,-16.676
0.03478500,-16.703
0.03479000,-16.726
0.03479500,-16.753
0.03480000,-16.777
0.03480500,-16.793
0.03481000,-16.821
0.03481500,-16.856
0.03482000,-16.893
0.03482500,-16.925
0.03483000,-16.950
0.03483500,-16.972
0.03484000,-16.991
0.03484500,-17.012
0.03485000,-17.038
0.03485500,-17.072
0.03486000,-17.109
0.03486500,-17.135
0.03487000,-17.160
0.03487500,-17.181
0.03488000,-17.209
0.03488500,-17.223
0.03489000,-17.241
0.03489500,-17.268
0.03490000,-17.309
0.03490500,-17.344
0.03491000,-17.368
0.03491500,-17.392
0.03492000,-17.410
0.03492500,-17.432
0.03493000,-17.449
0.03493500,-17.478
0.03494000,-17.510
0.03494500,-17.540
0.03495000,-17.564
0.03495500,-17.593
0.03496000,-17.611
0.03496500,-17.629
0.03497000,-17.648
0.03497500,-17.680
0.03498000,-17.706
0.03498500,-17.740
0.03499000,-17.769
0.03499500,-17.785
0.03500000,-17.806
0.03500500,-17.828
0.03501000,-17.845
0.03501500,-17.862
0.03502000,-17.898
0.03502500,-17.923
0.03503000,-17.949
0.03503500,-17.969
0.03504000,-17.986
0.03504500,-18.006
0.03505000,-18.020
0.03505500,-18.043
0.03506000,-18.068
0.03506500,-18.104
0.03507000,-18.134
0.03507500,-18.154
0.03508000,-18.173
0.03508500,-18.196
0.03509000,-18.213
0.03509500,-18.229
0.03510000,-18.262
0.03510500,-18.287
0.03511000,-18.311
0.03511500,-18.337
0.03512000,-18.353
0.03512500,-18.369
0.03513000,-18.385
0.03513500,-18.405
0.03514000,-18.434
0.03514500,-18.458
0.03515000,-18.492
0.03515500,-18.513
0.03516000,-18.534
0.03516500,-18.553
0.03517000,-18.567
0.03517500,-18.582
0.03518000,-18.609
0.03518500,-18.641
0.03519000,-18.666
0.03519500,-18.690
0.03520000,-18.711
0.03520500,-18.722
0.03521000,-18.741
0.03521500,-18.753
0.03522000,-18.777
0.03522500,-18.804
0.03523000,-18.835
0.03523500,-18.860
0.03524000,-18.878
0.03524500,-18.899
0.03525000,-18.910
0.03525500,-18.926
0.03526000,-18.947
0.03526500,-18.970
0.03527000,-18.999
0.03527500,-19.026
0.03528000,-19.039
0.03528500,-19.057
0.03529000,-19.070
0.03529500,-19.084
0.03530000,-19.100
0.03530500,-19.128
0.03531000,-19.152
0.03531500,-19.179
0.03532000,-19.197
0.03532500,-19.211
0.03533000,-19.229
0.03533500,-19.239
0.03534000,-19.253
0.03534500,-19.276
0.03535000,-19.305
0.03535500,-19.329
0.03536000,-19.348
0.03536500,-19.356
0.03537000,-19.374
0.03537500,-19.379
0.03538000,-19.396
0.03538500,-19.411
0.03539000,-19.438
0.03539500,-19.464
0.03540000,-19.485
0.03540500,-19.503
0.03541000,-19.512
0.03541500,-19.527
0.03542000,-19.538
0.03542500,-19.551
0.03543000,-19.577
0.03543500,-19.606
0.03544000,-19.623
0.03544500,-19.640
0.03545000,-19.649
0.03545500,-19.660
0.03546000,-19.673
0.03546500,-19.685
0.03547000,-19.712
0.03547500,-19.736
0.03548000,-19.762
0.03548500,-19.773
0.03549000,-19.789
0.03549500,-19.799
0.03550000,-19.810
0.03550500,-19.825
0.03551000,-19.839
0.03551500,-19.865
0.03552000,-19.887
0.03552500,-19.905
0.03553000,-19.915
0.03553500,-19.926
0.03554000,-19.936
0.03554500,-19.945
0.03555000,-19.973
0.03555500,-19.995
0.03556000,-20.019
0.03556500,-20.036
0.03557000,-20.052
0.03557500,-20.063
0.03558000,-20.074
0.03558500,-20.081
0.03559000,-20.105
0.03559500,-20.119
0.03560000,-20.145
0.03560500,-20.161
0.03561000,-20.172
0.03561500,-20.187
0.03562000,-20.197
0.03562500,-20.213
0.03563000,-20.219
0.03563500,-20.238
0.03564000,-20.272
0.03564500,-20.292
0.03565000,-20.303
0.03565500,-20.319
0.03566000,-20.332
0.03566500,-20.340
0.03567000,-20.354
0.03567500,-20.378
0.03568000,-20.403
0.03568500,-20.424
0.03569000,-20.432
0.03569500,-20.454
0.03570000,-20.465
0.03570500,-20.470
0.03571000,-20.485
0.03571500,-20.506
0.03572000,-20.525
0.03572500,-20.557
0.03573000,-20.573
0.03573500,-20.591
0.03574000,-20.596
0.03574500,-20.604
0.03575000,-20.620
0.03575500,-20.636
0.03576000,-20.663
0.03576500,-20.683
0.03577000,-20.697
0.03577500,-20.717
0.03578000,-20.734
0.03578500,-20.739
0.03579000,-20.749
0.03579500,-20.768
0.03580000,-20.794
0.03580500,-20.810
0.03581000,-20.832
0.03581500,-20.842
0.03582000,-20.863
0.03582500,-20.869
0.03583000,-20.876
0.03583500,-20.890
0.03584000,-20.911
0.03584500,-20.935
0.03585000,-20.960
0.03585500,-20.971
0.03586000,-20.981
0.03586500,-20.992
0.03587000,-21.000
0.03587500,-21.016
0.03588000,-21.032
0.03588500,-21.056
0.03589000,-21.074
0.03589500,-21.090
0.03590000,-21.104
0.03590500,-21.106
0.03591000,-21.117
0.03591500,-21.130
0.03592000,-21.148
0.03592500,-21.167
0.03593000,-21.185
0.03593500,-21.198
0.03594000,-21.212
0.03594500,-21.216
0.03595000,-21.225
0.03595500,-21.236
0.03596000,-21.248
0.03596500,-21.262
0.03597000,-21.288
0.03597500,-21.299
0.03598000,-21.309
0.03598500,-21.312
0.03599000,-21.323
0.03599500,-21.325
0.03600000,-21.336
0.03600500,-21.362
0.03601000,-21.375
0.03601500,-21.388
0.03602000,-21.399
0.03602500,-21.402
0.03603000,-21.409
0.03603500,-21.418
0.03604000,-21.428
0.03604500,-21.439
0.03605000,-21.465
0.03605500,-21.481
0.03606000,-21.484
0.03606500,-21.494
0.03607000,-21.499
0.03607500,-21.507
0.03608000,-21.512
0.03608500,-21.529
0.03609000,-21.547
0.03609500,-21.562
0.03610000,-21.571
0.03610500,-21.576
0.03611000,-21.581
0.03611500,-21.587
0.03612000,-21.592
0.03612500,-21.608
0.03613000,-21.621
0.03613500,-21.641
0.03614000,-21.649
0.03614500,-21.655
0.03615000,-21.660
0.03615500,-21.665
0.03616000,-21.666
0.03616500,-21.678
0.03617000,-21.694
0.03617500,-21.711
0.03618000,-21.716
0.03618500,-21.724
0.03619000,-21.729
0.03619500,-21.729
0.03620000,-21.727
0.03620500,-21.739
0.03621000,-21.748
0.03621500,-21.765
0.03622000,-21.773
0.03622500,-21.781
0.03623000,-21.777
0.03623500,-21.781
0.03624000,-21.784
0.03624500,-21.787
0.03625000,-21.805
0.03625500,-21.819
0.03626000,-21.831
0.03626500,-21.832
0.03627000,-21.837
0.03627500,-21.834
0.03628000,-21.835
0.03628500,-21.834
0.03629000,-21.850
0.03629500,-21.864
0.03630000,-21.874
0.03630500,-21.885
0.03631000,-21.887
0.03631500,-21.887
0.03632000,-21.882
0.03632500,-21.890
0.03633000,-21.898
0.03633500,-21.913
0.03634000,-21.924
0.03634500,-21.927
0.03635000,-21.929
0.03635500,-21.932
0.03636000,-21.927
0.03636500,-21.922
0.03637000,-21.934
0.03637500,-21.945
0.03638000,-21.956
0.03638500,-21.966
0.03639000,-21.972
0.03639500,-21.977
0.03640000,-21.971
0.03640500,-21.971
0.03641000,-21.979
0.03641500,-21.983
0.03642000,-21.998
0.03642500,-22.003
0.03643000,-21.998
0.03643500,-22.003
0.03644000,-21.993
0.03644500,-21.995
0.03645000,-22.003
0.03645500,-22.014
0.03646000,-22.025
0.03646500,-22.038
0.03647000,-22.041
0.03647500,-22.043
0.03648000,-22.037
0.03648500,-22.041
0.03649000,-22.041
0.03649500,-22.049
0.03650000,-22.061
0.03650500,-22.069
0.03651000,-22.074
0.03651500,-22.072
0.03652000,-22.074
0.03652500,-22.064
0.03653000,-22.069
0.03653500,-22.077
0.03654000,-22.086
0.03654500,-22.098
0.03655000,-22.098
0.03655500,-22.103
0.03656000,-22.096
0.03656500,-22.096
0.03657000,-22.101
0.03657500,-22.106
0.03658000,-22.120
0.03658500,-22.127
0.03659000,-22.132
0.03659500,-22.132
0.03660000,-22.128
0.03660500,-22.128
0.03661000,-22.124
0.03661500,-22.130
0.03662000,-22.138
0.03662500,-22.152
0.03663000,-22.159
0.03663500,-22.161
0.03664000,-22.161
0.03664500,-22.156
0.03665000,-22.156
0.03665500,-22.154
0.03666000,-22.167
0.03666500,-22.177
0.03667000,-22.180
0.03667500,-22.180
0.03668000,-22.180
0.03668500,-22.178
0.03669000,-22.170
0.03669500,-22.172
0.03670000,-22.183
0.03670500,-22.196
0.03671000,-22.204
0.03671500,-22.207
0.03672000,-22.206
0.03672500,-22.199
0.03673000,-22.201
0.03673500,-22.202
0.03674000,-22.207
0.03674500,-22.210
0.03675000,-22.222
0.03675500,-22.227
0.03676000,-22.225
0.03676500,-22.222
0.03677000,-22.218
0.03677500,-22.218
0.03678000,-22.220
0.03678500,-22.233
0.03679000,-22.246
0.03679500,-22.247
0.03680000,-22.252
0.03680500,-22.246
0.03681000,-22.243
0.03681500,-22.244
0.03682000,-22.239
0.03682500,-22.247
0.03683000,-22.262
0.03683500,-22.267
0.03684000,-22.268
0.03684500,-22.267
0.03685000,-22.262
0.03685500,-22.260
0.03686000,-22.259
0.03686500,-22.270
0.03687000,-22.278
0.03687500,-22.286
0.03688000,-22.284
0.03688500,-22.283
0.03689000,-22.284
0.03689500,-22.280
0.03690000,-22.283
0.03690500,-22.284
0.03691000,-22.296
0.03691500,-22.302
0.03692000,-22.301
0.03692500,-22.299
0.03693000,-22.297
0.03693500,-22.294
0.03694000,-22.289
0.03694500,-22.305
0.03695000,-22.312
0.03695500,-22.309
0.03696000,-22.318
0.03696500,-22.315
0.03697000,-22.320
0.03697500,-22.315
0.03698000,-22.312
0.03698500,-22.313
0.03699000,-22.325
0.03699500,-22.336
0.03700000,-22.334
0.03700500,-22.341
0.03701000,-22.338
0.03701500,-22.334
0.03702000,-22.330
0.03702500,-22.334
0.03703000,-22.351
0.03703500,-22.352
0.03704000,-22.355
0.03704500,-22.355
0.03705000,-22.349
0.03705500,-22.354
0.03706000,-22.349
0.03706500,-22.347
0.03707000,-22.357
0.03707500,-22.367
0.03708000,-22.368
0.03708500,-22.375
0.03709000,-22.375
0.03709500,-22.368
0.03710000,-22.362
0.03710500,-22.367
0.03711000,-22.373
0.03711500,-22.381
0.03712000,-22.389
0.03712500,-22.391
0.03713000,-22.388
0.03713500,-22.384
0.03714000,-22.379
0.03714500,-22.379
0.03715000,-22.386
0.03715500,-22.391
0.03716000,-22.402
0.03716500,-22.405
0.03717000,-22.397
0.03717500,-22.396
0.03718000,-22.397
0.03718500,-22.389
0.03719000,-22.402
0.03719500,-22.412
0.03720000,-22.413
0.03720500,-22.418
0.03721000,-22.426
0.03721500,-22.410
0.03722000,-22.415
0.03722500,-22.412
0.03723000,-22.410
0.03723500,-22.421
0.03724000,-22.429
0.03724500,-22.431
0.03725000,-22.434
0.03725500,-22.429
0.03726000,-22.429
0.03726500,-22.423
0.03727000,-22.421
0.03727500,-22.434
0.03728000,-22.444
0.03728500,-22.450
0.03729000,-22.442
0.03729500,-22.445
0.03730000,-22.442
0.03730500,-22.444
0.03731000,-22.439
0.03731500,-22.442
0.03732000,-22.452
0.03732500,-22.462
0.03733000,-22.460
0.03733500,-22.457
0.03734000,-22.460
0.03734500,-22.452
0.03735000,-22.452
0.03735500,-22.460
0.03736000,-22.473
0.03736500,-22.471
0.03737000,-22.476
0.03737500,-22.473
0.03738000,-22.474
0.03738500,-22.470
0.03739000,-22.463
0.03739500,-22.473
0.03740000,-22.476
0.03740500,-22.487
0.03741000,-22.492
0.03741500,-22.491
0.03742000,-22.489
0.03742500,-22.479
0.03743000,-22.474
0.03743500,-22.473
0.03744000,-22.487
0.03744500,-22.494
0.03745000,-22.500
0.03745500,-22.497
0.03746000,-22.494
0.03746500,-22.491
0.03747000,-22.479
0.03747500,-22.487
0.03748000,-22.500
0.03748500,-22.505
0.03749000,-22.507
0.03749500,-22.505
0.03750000,-22.510
0.03750500,-22.503
0.03751000,-22.494
0.03751500,-22.494
0.03752000,-22.505
0.03752500,-22.510
0.03753000,-22.513
0.03753500,-22.510
0.03754000,-22.511
0.03754500,-22.508
0.03755000,-22.502
0.03755500,-22.500
0.03756000,-22.503
0.03756500,-22.516
0.03757000,-22.518
0.03757500,-22.524
0.03758000,-22.518
0.03758500,-22.511
0.03759000,-22.515
0.03759500,-22.502
0.03760000,-22.507
0.03760500,-22.520
0.03761000,-22.526
0.03761500,-22.528
0.03762000,-22.529
0.03762500,-22.523
0.03763000,-22.520
0.03763500,-22.516
0.03764000,-22.518
0.03764500,-22.520
0.03765000,-22.528
0.03765500,-22.529
0.03766000,-22.524
0.03766500,-22.528
0.03767000,-22.518
0.03767500,-22.516
0.03768000,-22.507
0.03768500,-22.516
0.03769000,-22.534
0.03769500,-22.528
0.03770000,-22.523
0.03770500,-22.526
0.03771000,-22.518
0.03771500,-22.511
0.03772000,-22.513
0.03772500,-22.515
0.03773000,-22.524
0.03773500,-22.531
0.03774000,-22.531
0.03774500,-22.523
0.03775000,-22.518
0.03775500,-22.508
0.03776000,-22.510
0.03776500,-22.510
0.03777000,-22.515
0.03777500,-22.520
0.03778000,-22.516
0.03778500,-22.520
0.03779000,-22.510
0.03779500,-22.500
0.03780000,-22.495
0.03780500,-22.503
0.03781000,-22.505
0.03781500,-22.511
0.03782000,-22.515
0.03782500,-22.502
0.03783000,-22.497
0.03783500,-22.489
0.03784000,-22.481
0.03784500,-22.479
0.03785000,-22.487
0.03785500,-22.491
0.03786000,-22.492
0.03786500,-22.483
0.03787000,-22.484
0.03787500,-22.468
0.03788000,-22.465
0.03788500,-22.460
0.03789000,-22.462
0.03789500,-22.471
0.03790000,-22.468
0.03790500,-22.468
0.03791000,-22.455
0.03791500,-22.450
0.03792000,-22.436
0.03792500,-22.431
0.03793000,-22.434
0.03793500,-22.437
0.03794000,-22.437
0.03794500,-22.434
0.03795000,-22.425
0.03795500,-22.417
0.03796000,-22.405
0.03796500,-22.399
0.03797000,-22.400
0.03797500,-22.400
0.03798000,-22.402
0.03798500,-22.400
0.03799000,-22.389
0.03799500,-22.383
0.03800000,-22.375
0.03800500,-22.362
0.03801000,-22.359
0.03801500,-22.355
0.03802000,-22.363
0.03802500,-22.355
0.03803000,-22.346
0.03803500,-22.330
0.03804000,-22.318
0.03804500,-22.301
0.03805000,-22.299
0.03805500,-22.297
0.03806000,-22.297
0.03806500,-22.294
0.03807000,-22.288
0.03807500,-22.280
0.03808000,-22.260
0.03808500,-22.251
0.03809000,-22.238
0.03809500,-22.243
0.03810000,-22.244
0.03810500,-22.233
0.03811000,-22.220
0.03811500,-22.206
0.03812000,-22.193
0.03812500,-22.169
0.03813000,-22.164
0.03813500,-22.151
0.03814000,-22.151
0.03814500,-22.143
0.03815000,-22.130
0.03815500,-22.112
0.03816000,-22.103
0.03816500,-22.080
0.03817000,-22.061
0.03817500,-22.061
0.03818000,-22.053
0.03818500,-22.048
0.03819000,-22.041
0.03819500,-22.025
0.03820000,-22.006
0.03820500,-21.988
0.03821000,-21.971
0.03821500,-21.964
0.03822000,-21.959
0.03822500,-21.950
0.03823000,-21.940
0.03823500,-21.921
0.03824000,-21.905
0.03824500,-21.885
0.03825000,-21.868
0.03825500,-21.856
0.03826000,-21.850
0.03826500,-21.842
0.03827000,-21.834
0.03827500,-21.810
0.03828000,-21.798
0.03828500,-21.773
0.03829000,-21.758
0.03829500,-21.740
0.03830000,-21.739
0.03830500,-21.727
0.03831000,-21.721
0.03831500,-21.707
0.03832000,-21.694
0.03832500,-21.665
0.03833000,-21.647
0.03833500,-21.628
0.03834000,-21.616
0.03834500,-21.610
0.03835000,-21.602
0.03835500,-21.578
0.03836000,-21.563
0.03836500,-21.542
0.03837000,-21.520
0.03837500,-21.497
0.03838000,-21.489
0.03838500,-21.486
0.03839000,-21.473
0.03839500,-21.460
0.03840000,-21.441
0.03840500,-21.426
0.03841000,-21.404
0.03841500,-21.380
0.03842000,-21.369
0.03842500,-21.360
0.03843000,-21.354
0.03843500,-21.336
0.03844000,-21.319
0.03844500,-21.301
0.03845000,-21.280
0.03845500,-21.259
0.03846000,-21.246
0.03846500,-21.235
0.03847000,-21.228
0.03847500,-21.212
0.03848000,-21.195
0.03848500,-21.177
0.03849000,-21.158
0.03849500,-21.132
0.03850000,-21.116
0.03850500,-21.106
0.03851000,-21.100
0.03851500,-21.088
0.03852000,-21.066
0.03852500,-21.050
0.03853000,-21.030
0.03853500,-21.010
0.03854000,-20.990
0.03854500,-20.976
0.03855000,-20.976
0.03855500,-20.960
0.03856000,-20.944
0.03856500,-20.926
0.03857000,-20.905
0.03857500,-20.882
0.03858000,-20.865
0.03858500,-20.852
0.03859000,-20.845
0.03859500,-20.832
0.03860000,-20.815
0.03860500,-20.800
0.03861000,-20.783
0.03861500,-20.752
0.03862000,-20.734
0.03862500,-20.721
0.03863000,-20.713
0.03863500,-20.704
0.03864000,-20.691
0.03864500,-20.668
0.03865000,-20.649
0.03865500,-20.626
0.03866000,-20.604
0.03866500,-20.594
0.03867000,-20.586
0.03867500,-20.578
0.03868000,-20.554
0.03868500,-20.535
0.03869000,-20.523
0.03869500,-20.498
0.03870000,-20.470
0.03870500,-20.454
0.03871000,-20.444
0.03871500,-20.440
0.03872000,-20.427
0.03872500,-20.411
0.03873000,-20.391
0.03873500,-20.359
0.03874000,-20.338
0.03874500,-20.327
0.03875000,-20.312
0.03875500,-20.306
0.03876000,-20.295
0.03876500,-20.271
0.03877000,-20.261
0.03877500,-20.235
0.03878000,-20.209
0.03878500,-20.190
0.03879000,-20.174
0.03879500,-20.168
0.03880000,-20.148
0.03880500,-20.134
0.03881000,-20.114
0.03881500,-20.087
0.03882000,-20.063
0.03882500,-20.045
0.03883000,-20.031
0.03883500,-20.019
0.03884000,-20.016
0.03884500,-19.995
0.03885000,-19.974
0.03885500,-19.952
0.03886000,-19.928
0.03886500,-19.900
0.03887000,-19.881
0.03887500,-19.876
0.03888000,-19.863
0.03888500,-19.850
0.03889000,-19.830
0.03889500,-19.805
0.03890000,-19.781
0.03890500,-19.760
0.03891000,-19.739
0.03891500,-19.722
0.03892000,-19.709
0.03892500,-19.694
0.03893000,-19.672
0.03893500,-19.646
0.03894000,-19.625
0.03894500,-19.603
0.03895000,-19.577
0.03895500,-19.559
0.03896000,-19.556
0.03896500,-19.538
0.03897000,-19.516
0.03897500,-19.495
0.03898000,-19.474
0.03898500,-19.438
0.03899000,-19.421
0.03899500,-19.403
0.03900000,-19.393
0.03900500,-19.379
0.03901000,-19.356
0.03901500,-19.329
0.03902000,-19.306
0.03902500,-19.279
0.03903000,-19.250
0.03903500,-19.237
0.03904000,-19.221
0.03904500,-19.203
0.03905000,-19.184
0.03905500,-19.165
0.03906000,-19.136
0.03906500,-19.113
0.03907000,-19.081
0.03907500,-19.065
0.03908000,-19.052
0.03908500,-19.039
0.03909000,-19.017
0.03909500,-18.994
0.03910000,-18.963
0.03910500,-18.946
0.03911000,-18.914
0.03911500,-18.891
0.03912000,-18.881
0.03912500,-18.867
0.03913000,-18.854
0.03913500,-18.827
0.03914000,-18.802
0.03914500,-18.775
0.03915000,-18.746
0.03915500,-18.725
0.03916000,-18.704
0.03916500,-18.693
0.03917000,-18.672
0.03917500,-18.650
0.03918000,-18.624
0.03918500,-18.600
0.03919000,-18.571
0.03919500,-18.546
0.03920000,-18.534
0.03920500,-18.526
0.03921000,-18.501
0.03921500,-18.480
0.03922000,-18.455
0.03922500,-18.434
0.03923000,-18.405
0.03923500,-18.381
0.03924000,-18.361
0.03924500,-18.352
0.03925000,-18.326
0.03925500,-18.310
0.03926000,-18.282
0.03926500,-18.252
0.03927000,-18.223
0.03927500,-18.192
0.03928000,-18.168
0.03928500,-18.155
0.03929000,-18.141
0.03929500,-18.120
0.03930000,-18.097
0.03930500,-18.073
0.03931000,-18.043
0.03931500,-18.009
0.03932000,-17.989
0.03932500,-17.970
0.03933000,-17.957
0.03933500,-17.938
0.03934000,-17.912
0.03934500,-17.886
0.03935000,-17.859
0.03935500,-17.832
0.03936000,-17.801
0.03936500,-17.793
0.03937000,-17.771
0.03937500,-17.758
0.03938000,-17.734
0.03938500,-17.708
0.03939000,-17.672
0.03939500,-17.647
0.03940000,-17.622
0.03940500,-17.597
0.03941000,-17.585
0.03941500,-17.566
0.03942000,-17.545
0.03942500,-17.511
0.03943000,-17.482
0.03943500,-17.455
0.03944000,-17.431
0.03944500,-17.405
0.03945000,-17.389
0.03945500,-17.370
0.03946000,-17.347
0.03946500,-17.321
0.03947000,-17.296
0.03947500,-17.263
0.03948000,-17.238
0.03948500,-17.214
0.03949000,-17.197
0.03949500,-17.183
0.03950000,-17.157
0.03950500,-17.131
0.03951000,-17.099
0.03951500,-17.064
0.03952000,-17.043
0.03952500,-17.020
0.03953000,-16.998
0.03953500,-16.987
0.03954000,-16.961
0.03954500,-16.932
0.03955000,-16.904
0.03955500,-16.874
0.03956000,-16.843
0.03956500,-16.814
0.03957000,-16.798
0.03957500,-16.776
0.03958000,-16.753
0.03958500,-16.731
0.03959000,-16.698
0.03959500,-16.661
0.03960000,-16.636
0.03960500,-16.607
0.03961000,-16.582
0.03961500,-16.566
0.03962000,-16.549
0.03962500,-16.523
0.03963000,-16.492
0.03963500,-16.459
0.03964000,-16.430
0.03964500,-16.396
0.03965000,-16.373
0.03965500,-16.354
0.03966000,-16.333
0.03966500,-16.312
0.03967000,-16.281
0.03967500,-16.251
0.03968000,-16.217
0.03968500,-16.183
0.03969000,-16.157
0.03969500,-16.137
0.03970000,-16.120
0.03970500,-16.096
0.03971000,-16.066
0.03971500,-16.034
0.03972000,-16.003
0.03972500,-15.968
0.03973000,-15.942
0.03973500,-15.922
0.03974000,-15.897
0.03974500,-15.876
0.03975000,-15.845
0.03975500,-15.815
0.03976000,-15.779
0.03976500,-15.744
0.03977000,-15.716
0.03977500,-15.691
0.03978000,-15.681
0.03978500,-15.657
0.03979000,-15.629
0.03979500,-15.594
0.03980000,-15.559
0.03980500,-15.523
0.03981000,-15.491
0.03981500,-15.470
0.03982000,-15.448
0.03982500,-15.425
0.03983000,-15.396
0.03983500,-15.365
0.03984000,-15.330
0.03984500,-15.296
0.03985000,-15.264
0.03985500,-15.235
0.03986000,-15.211
0.03986500,-15.193
0.03987000,-15.166
0.03987500,-15.129
0.03988000,-15.098
0.03988500,-15.063
0.03989000,-15.023
0.03989500,-15.000
0.03990000,-14.976
0.03990500,-14.953
0.03991000,-14.928
0.03991500,-14.900
0.03992000,-14.862
0.03992500,-14.826
0.03993000,-14.789
0.03993500,-14.762
0.03994000,-14.734
0.03994500,-14.715
0.03995000,-14.689
0.03995500,-14.657
0.03996000,-14.628
0.03996500,-14.593
0.03997000,-14.557
0.03997500,-14.528
0.03998000,-14.503
0.03998500,-14.478
0.03999000,-14.458
0.03999500,-14.422
0.04000000,-14.387
0.04000500,-14.359
0.04001000,-14.316
0.04001500,-14.287
0.04002000,-14.264
0.04002500,-14.237
0.04003000,-14.216
0.04003500,-14.185
0.04004000,-14.152
0.04004500,-14.119
0.04005000,-14.084
0.04005500,-14.049
0.04006000,-14.024
0.04006500,-14.000
0.04007000,-13.976
0.04007500,-13.952
0.04008000,-13.923
0.04008500,-13.884
0.04009000,-13.846
0.04009500,-13.820
0.04010000,-13.788
0.04010500,-13.765
0.04011000,-13.744
0.04011500,-13.715
0.04012000,-13.688
0.04012500,-13.648
0.04013000,-13.619
0.04013500,-13.580
0.04014000,-13.551
0.04014500,-13.530
0.04015000,-13.513
0.04015500,-13.487
0.04016000,-13.456
0.04016500,-13.421
0.04017000,-13.392
0.04017500,-13.355
0.04018000,-13.327
0.04018500,-13.298
0.04019000,-13.279
0.04019500,-13.260
0.04020000,-13.224
0.04020500,-13.197
0.04021000,-13.160
0.04021500,-13.125
0.04022000,-13.099
0.04022500,-13.076
0.04023000,-13.052
0.04023500,-13.025
0.04024000,-12.999
0.04024500,-12.970
0.04025000,-12.931
0.04025500,-12.898
0.04026000,-12.865
0.04026500,-12.838
0.04027000,-12.817
0.04027500,-12.796
0.04028000,-12.764
0.04028500,-12.733
0.04029000,-12.700
0.04029500,-12.664
0.04030000,-12.629
0.04030500,-12.601
0.04031000,-12.580
0.04031500,-12.555
0.04032000,-12.529
0.04032500,-12.492
0.04033000,-12.460
0.04033500,-12.429
0.04034000,-12.395
0.04034500,-12.362
0.04035000,-12.336
0.04035500,-12.308
0.04036000,-12.289
0.04036500,-12.260
0.04037000,-12.220
0.04037500,-12.193
0.04038000,-12.149
0.04038500,-12.115
0.04039000,-12.098
0.04039500,-12.070
0.04040000,-12.040
0.04040500,-12.017
0.04041000,-11.982
0.04041500,-11.937
0.04042000,-11.908
0.04042500,-11.866
0.04043000,-11.845
0.04043500,-11.821
0.04044000,-11.798
0.04044500,-11.764
0.04045000,-11.734
0.04045500,-11.702
0.04046000,-11.656
0.04046500,-11.621
0.04047000,-11.598
0.04047500,-11.571
0.04048000,-11.539
0.04048500,-11.505
0.04049000,-11.484
0.04049500,-11.446
0.04050000,-11.405
0.04050500,-11.373
0.04051000,-11.336
0.04051500,-11.314
0.04052000,-11.289
0.04052500,-11.262
0.04053000,-11.223
0.04053500,-11.190
0.04054000,-11.153
0.04054500,-11.111
0.04055000,-11.080
0.04055500,-11.059
0.04056000,-11.030
0.04056500,-11.008
0.04057000,-10.967
0.04057500,-10.938
0.04058000,-10.897
0.04058500,-10.860
0.04059000,-10.826
0.04059500,-10.797
0.04060000,-10.773
0.04060500,-10.753
0.04061000,-10.716
0.04061500,-10.679
0.04062000,-10.645
0.04062500,-10.602
0.04063000,-10.565
0.04063500,-10.544
0.04064000,-10.518
0.04064500,-10.491
0.04065000,-10.457
0.04065500,-10.420
0.04066000,-10.381
0.04066500,-10.351
0.04067000,-10.312
0.04067500,-10.283
0.04068000,-10.253
0.04068500,-10.235
0.04069000,-10.198
0.04069500,-10.166
0.04070000,-10.132
0.04070500,-10.088
0.04071000,-10.051
0.04071500,-10.029
0.04072000,-10.003
0.04072500,-9.979
0.04073000,-9.947
0.04073500,-9.911
0.04074000,-9.878
0.04074500,-9.839
0.04075000,-9.805
0.04075500,-9.770
0.04076000,-9.744
0.04076500,-9.720
0.04077000,-9.694
0.04077500,-9.659
0.04078000,-9.620
0.04078500,-9.585
0.04079000,-9.554
0.04079500,-9.511
0.04080000,-9.490
0.04080500,-9.470
0.04081000,-9.437
0.04081500,-9.401
0.04082000,-9.371
0.04082500,-9.332
0.04083000,-9.295
0.04083500,-9.258
0.04084000,-9.230
0.04084500,-9.200
0.04085000,-9.179
0.04085500,-9.153
0.04086000,-9.110
0.04086500,-9.074
0.04087000,-9.034
0.04087500,-8.999
0.04088000,-8.974
0.04088500,-8.947
0.04089000,-8.923
0.04089500,-8.888
0.04090000,-8.855
0.04090500,-8.822
0.04091000,-8.783
0.04091500,-8.741
0.04092000,-8.717
0.04092500,-8.686
0.04093000,-8.664
0.04093500,-8.633
0.04094000,-8.596
0.04094500,-8.558
0.04095000,-8.524
0.04095500,-8.483
0.04096000,-8.451
0.04096500,-8.426
0.04097000,-8.406
0.04097500,-8.371
0.04098000,-8.340
0.04098500,-8.302
0.04099000,-8.265
0.04099500,-8.223
0.04100000,-8.192
0.04100500,-8.165
0.04101000,-8.141
0.04101500,-8.112
0.04102000,-8.079
0.04102500,-8.041
0.04103000,-8.007
0.04103500,-7.967
0.04104000,-7.933
0.04104500,-7.904
0.04105000,-7.877
0.04105500,-7.848
0.04106000,-7.817
0.04106500,-7.774
0.04107000,-7.745
0.04107500,-7.703
0.04108000,-7.667
0.04108500,-7.640
0.04109000,-7.613
0.04109500,-7.577
0.04110000,-7.550
0.04110500,-7.518
0.04111000,-7.477
0.04111500,-7.444
0.04112000,-7.407
0.04112500,-7.371
0.04113000,-7.344
0.04113500,-7.320
0.04114000,-7.286
0.04114500,-7.250
0.04115000,-7.213
0.04115500,-7.176
0.04116000,-7.143
0.04116500,-7.105
0.04117000,-7.073
0.04117500,-7.054
0.04118000,-7.025
0.04118500,-6.990
0.04119000,-6.949
0.04119500,-6.916
0.04120000,-6.874
0.04120500,-6.841
0.04121000,-6.811
0.04121500,-6.787
0.04122000,-6.763
0.04122500,-6.726
0.04123000,-6.692
0.04123500,-6.655
0.04124000,-6.613
0.04124500,-6.576
0.04125000,-6.550
0.04125500,-6.521
0.04126000,-6.491
0.04126500,-6.460
0.04127000,-6.423
0.04127500,-6.386
0.04128000,-6.349
0.04128500,-6.315
0.04129000,-6.278
0.04129500,-6.257
0.04130000,-6.230
0.04130500,-6.201
0.04131000,-6.159
0.04131500,-6.124
0.04132000,-6.086
0.04132500,-6.048
0.04133000,-6.016
0.04133500,-5.995
0.04134000,-5.966
0.04134500,-5.930
0.04135000,-5.897
0.04135500,-5.859
0.04136000,-5.821
0.04136500,-5.785
0.04137000,-5.752
0.04137500,-5.723
0.04138000,-5.700
0.04138500,-5.671
0.04139000,-5.631
0.04139500,-5.595
0.04140000,-5.555
0.04140500,-5.518
0.04141000,-5.486
0.04141500,-5.460
0.04142000,-5.431
0.04142500,-5.402
0.04143000,-5.367
0.04143500,-5.333
0.04144000,-5.299
0.04144500,-5.253
0.04145000,-5.216
0.04145500,-5.188
0.04146000,-5.162
0.04146500,-5.137
0.04147000,-5.103
0.04147500,-5.063
0.04148000,-5.022
0.04148500,-4.985
0.04149000,-4.948
0.04149500,-4.915
0.04150000,-4.882
0.04150500,-4.860
0.04151000,-4.832
0.04151500,-4.792
0.04152000,-4.752
0.04152500,-4.712
0.04153000,-4.675
0.04153500,-4.638
0.04154000,-4.609
0.04154500,-4.586
0.04155000,-4.552
0.04155500,-4.512
0.04156000,-4.478
0.04156500,-4.436
0.04157000,-4.399
0.04157500,-4.362
0.04158000,-4.333
0.04158500,-4.308
0.04159000,-4.277
0.04159500,-4.243
0.04160000,-4.200
0.04160500,-4.164
0.04161000,-4.119
0.04161500,-4.084
0.04162000,-4.057
0.04162500,-4.031
0.04163000,-4.003
0.04163500,-3.965
0.04164000,-3.925
0.04164500,-3.897
0.04165000,-3.850
0.04165500,-3.817
0.04166000,-3.784
0.04166500,-3.755
0.04167000,-3.731
0.04167500,-3.688
0.04168000,-3.657
0.04168500,-3.619
0.04169000,-3.580
0.04169500,-3.546
0.04170000,-3.511
0.04170500,-3.487
0.04171000,-3.458
0.04171500,-3.422
0.04172000,-3.387
0.04172500,-3.353
0.04173000,-3.314
0.04173500,-3.276
0.04174000,-3.244
0.04174500,-3.216
0.04175000,-3.186
0.04175500,-3.157
0.04176000,-3.124
0.04176500,-3.084
0.04177000,-3.046
0.04177500,-3.002
0.04178000,-2.970
0.04178500,-2.939
0.04179000,-2.915
0.04179500,-2.886
0.04180000,-2.846
0.04180500,-2.812
0.04181000,-2.773
0.04181500,-2.736
0.04182000,-2.695
0.04182500,-2.670
0.04183000,-2.645
0.04183500,-2.611
0.04184000,-2.577
0.04184500,-2.535
0.04185000,-2.493
0.04185500,-2.463
0.04186000,-2.426
0.04186500,-2.394
0.04187000,-2.366
0.04187500,-2.339
0.04188000,-2.299
0.04188500,-2.266
0.04189000,-2.228
0.04189500,-2.186
0.04190000,-2.144
0.04190500,-2.112
0.04191000,-2.089
0.04191500,-2.060
0.04192000,-2.023
0.04192500,-1.988
0.04193000,-1.944
0.04193500,-1.906
0.04194000,-1.867
0.04194500,-1.833
0.04195000,-1.804
0.04195500,-1.777
0.04196000,-1.745
0.04196500,-1.706
0.04197000,-1.666
0.04197500,-1.624
0.04198000,-1.581
0.04198500,-1.542
0.04199000,-1.516
0.04199500,-1.494
0.04200000,-1.460
0.04200500,-1.420
0.04201000,-1.379
0.04201500,-1.341
0.04202000,-1.297
0.04202500,-1.260
0.04203000,-1.230
0.04203500,-1.204
0.04204000,-1.169
0.04204500,-1.131
0.04205000,-1.091
0.04205500,-1.053
0.04206000,-1.012
0.04206500,-0.970
0.04207000,-0.940
0.04207500,-0.916
0.04208000,-0.879
0.04208500,-0.843
0.04209000,-0.805
0.04209500,-0.769
0.04210000,-0.719
0.04210500,-0.682
0.04211000,-0.645
0.04211500,-0.612
0.04212000,-0.587
0.04212500,-0.552
0.04213000,-0.507
0.04213500,-0.468
0.04214000,-0.426
0.04214500,-0.381
0.04215000,-0.346
0.04215500,-0.317
0.04216000,-0.290
0.04216500,-0.256
0.04217000,-0.219
0.04217500,-0.177
0.04218000,-0.135
0.04218500,-0.090
0.04219000,-0.053
0.04219500,-0.021
0.04220000,0.007
0.04220500,0.036
0.04221000,0.077
0.04221500,0.118
0.04222000,0.156
0.04222500,0.198
0.04223000,0.240
0.04223500,0.271
0.04224000,0.300
0.04224500,0.332
0.04225000,0.369
0.04225500,0.411
0.04226000,0.457
0.04226500,0.496
0.04227000,0.538
0.04227500,0.565
0.04228000,0.599
0.04228500,0.625
0.04229000,0.663
0.04229500,0.705
0.04230000,0.741
0.04230500,0.783
0.04231000,0.829
0.04231500,0.866
0.04232000,0.894
0.04232500,0.919
0.04233000,0.956
0.04233500,1.000
0.04234000,1.035
0.04234500,1.077
0.04235000,1.119
0.04235500,1.151
0.04236000,1.177
0.04236500,1.209
0.04237000,1.241
0.04237500,1.283
0.04238000,1.322
0.04238500,1.354
0.04239000,1.396
0.04239500,1.441
0.04240000,1.459
0.04240500,1.491
0.04241000,1.523
0.04241500,1.557
0.04242000,1.594
0.04242500,1.629
0.04243000,1.678
0.04243500,1.707
0.04244000,1.740
0.04244500,1.766
0.04245000,1.794
0.04245500,1.832
0.04246000,1.876
0.04246500,1.901
0.04247000,1.946
0.04247500,1.990
0.04248000,2.011
0.04248500,2.043
0.04249000,2.072
0.04249500,2.109
0.04250000,2.138
0.04250500,2.180
0.04251000,2.215
0.04251500,2.251
0.04252000,2.283
0.04252500,2.314
0.04253000,2.338
0.04253500,2.370
0.04254000,2.407
0.04254500,2.444
0.04255000,2.487
0.04255500,2.529
0.04256000,2.557
0.04256500,2.581
0.04257000,2.610
0.04257500,2.642
0.04258000,2.681
0.04258500,2.718
0.04259000,2.755
0.04259500,2.801
0.04260000,2.829
0.04260500,2.861
0.04261000,2.888
0.04261500,2.917
0.04262000,2.961
0.04262500,2.996
0.04263000,3.032
0.04263500,3.073
0.04264000,3.112
0.04264500,3.138
0.04265000,3.165
0.04265500,3.199
0.04266000,3.228
0.04266500,3.273
0.04267000,3.307
0.04267500,3.347
0.04268000,3.390
0.04268500,3.418
0.04269000,3.445
0.04269500,3.477
0.04270000,3.513
0.04270500,3.547
0.04271000,3.588
0.04271500,3.627
0.04272000,3.666
0.04272500,3.703
0.04273000,3.733
0.04273500,3.762
0.04274000,3.796
0.04274500,3.827
0.04275000,3.870
0.04275500,3.909
0.04276000,3.952
0.04276500,3.988
0.04277000,4.018
0.04277500,4.047
0.04278000,4.081
0.04278500,4.118
0.04279000,4.157
0.04279500,4.195
0.04280000,4.236
0.04280500,4.274
0.04281000,4.300
0.04281500,4.332
0.04282000,4.360
0.04282500,4.400
0.04283000,4.430
0.04283500,4.477
0.04284000,4.511
0.04284500,4.556
0.04285000,4.588
0.04285500,4.612
0.04286000,4.640
0.04286500,4.678
0.04287000,4.714
0.04287500,4.757
0.04288000,4.794
0.04288500,4.834
0.04289000,4.865
0.04289500,4.897
0.04290000,4.928
0.04290500,4.962
0.04291000,4.997
0.04291500,5.037
0.04292000,5.081
0.04292500,5.121
0.04293000,5.160
0.04293500,5.184
0.04294000,5.219
0.04294500,5.250
0.04295000,5.290
0.04295500,5.321
0.04296000,5.371
0.04296500,5.406
0.04297000,5.446
0.04297500,5.470
0.04298000,5.498
0.04298500,5.533
0.04299000,5.570
0.04299500,5.609
0.04300000,5.646
0.04300500,5.683
0.04301000,5.723
0.04301500,5.750
0.04302000,5.779
0.04302500,5.810
0.04303000,5.849
0.04303500,5.887
0.04304000,5.924
0.04304500,5.965
0.04305000,6.010
0.04305500,6.032
0.04306000,6.060
0.04306500,6.093
0.04307000,6.129
0.04307500,6.177
0.04308000,6.206
0.04308500,6.251
0.04309000,6.287
0.04309500,6.320
0.04310000,6.343
0.04310500,6.382
0.04311000,6.414
0.04311500,6.452
0.04312000,6.488
0.04312500,6.530
0.04313000,6.573
0.04313500,6.602
0.04314000,6.628
0.04314500,6.654
0.04315000,6.691
0.04315500,6.726
0.04316000,6.757
0.04316500,6.807
0.04317000,6.840
0.04317500,6.873
0.04318000,6.905
0.04318500,6.929
0.04319000,6.966
0.04319500,7.000
0.04320000,7.037
0.04320500,7.074
0.04321000,7.114
0.04321500,7.145
0.04322000,7.174
0.04322500,7.201
0.04323000,7.238
0.04323500,7.267
0.04324000,7.307
0.04324500,7.343
0.04325000,7.381
0.04325500,7.415
0.04326000,7.444
0.04326500,7.468
0.04327000,7.500
0.04327500,7.539
0.04328000,7.578
0.04328500,7.613
0.04329000,7.642
0.04329500,7.679
0.04330000,7.710
0.04330500,7.737
0.04331000,7.763
0.04331500,7.798
0.04332000,7.840
0.04332500,7.864
0.04333000,7.906
0.04333500,7.945
0.04334000,7.975
0.04334500,7.999
0.04335000,8.027
0.04335500,8.054
0.04336000,8.091
0.04336500,8.128
0.04337000,8.164
0.04337500,8.204
0.04338000,8.226
0.04338500,8.247
0.04339000,8.268
0.04339500,8.297
0.04340000,8.325
0.04340500,8.365
0.04341000,8.397
0.04341500,8.439
0.04342000,8.469
0.04342500,8.494
0.04343000,8.518
0.04343500,8.552
0.04344000,8.589
0.04344500,8.624
0.04345000,8.664
0.04345500,8.695
0.04346000,8.730
0.04346500,8.753
0.04347000,8.783
0.04347500,8.811
0.04348000,8.840
0.04348500,8.875
0.04349000,8.911
0.04349500,8.946
0.04350000,8.986
0.04350500,9.007
0.04351000,9.033
0.04351500,9.063
0.04352000,9.091
0.04352500,9.123
0.04353000,9.167
0.04353500,9.200
0.04354000,9.236
0.04354500,9.265
0.04355000,9.289
0.04355500,9.311
0.04356000,9.352
0.04356500,9.390
0.04357000,9.411
0.04357500,9.451
0.04358000,9.490
0.04358500,9.522
0.04359000,9.542
0.04359500,9.569
0.04360000,9.603
0.04360500,9.632
0.04361000,9.670
0.04361500,9.704
0.04362000,9.741
0.04362500,9.775
0.04363000,9.801
0.04363500,9.825
0.04364000,9.851
0.04364500,9.884
0.04365000,9.920
0.04365500,9.957
0.04366000,9.996
0.04366500,10.029
0.04367000,10.060
0.04367500,10.084
0.04368000,10.105
0.04368500,10.144
0.04369000,10.173
0.04369500,10.211
0.04370000,10.255
0.04370500,10.279
0.04371000,10.311
0.04371500,10.338
0.04372000,10.364
0.04372500,10.392
0.04373000,10.425
0.04373500,10.469
0.04374000,10.501
0.04374500,10.540
0.04375000,10.569
0.04375500,10.586
0.04376000,10.615
0.04376500,10.643
0.04377000,10.672
0.04377500,10.707
0.04378000,10.746
0.04378500,10.783
0.04379000,10.810
0.04379500,10.836
0.04380000,10.857
0.04380500,10.886
0.04381000,10.921
0.04381500,10.960
0.04382000,10.997
0.04382500,11.034
0.04383000,11.060
0.04383500,11.087
0.04384000,11.108
0.04384500,11.140
0.04385000,11.172
0.04385500,11.203
0.04386000,11.240
0.04386500,11.275
0.04387000,11.309
0.04387500,11.337
0.04388000,11.364
0.04388500,11.388
0.04389000,11.419
0.04389500,11.456
0.04390000,11.489
0.04390500,11.523
0.04391000,11.562
0.04391500,11.588
0.04392000,11.605
0.04392500,11.633
0.04393000,11.663
0.04393500,11.696
0.04394000,11.733
0.04394500,11.768
0.04395000,11.808
0.04395500,11.831
0.04396000,11.855
0.04396500,11.881
0.04397000,11.906
0.04397500,11.942
0.04398000,11.976
0.04398500,12.011
0.04399000,12.045
0.04399500,12.075
0.04400000,12.098
0.04400500,12.119
0.04401000,12.158
0.04401500,12.180
0.04402000,12.216
0.04402500,12.254
0.04403000,12.286
0.04403500,12.314
0.04404000,12.336
0.04404500,12.359
0.04405000,12.394
0.04405500,12.425
0.04406000,12.460
0.04406500,12.491
0.04407000,12.525
0.04407500,12.560
0.04408000,12.581
0.04408500,12.608
0.04409000,12.628
0.04409500,12.660
0.04410000,12.698
0.04410500,12.735
0.04411000,12.766
0.04411500,12.798
0.04412000,12.827
0.04412500,12.850
0.04413000,12.871
0.04413500,12.898
0.04414000,12.937
0.04414500,12.966
0.04415000,13.003
0.04415500,13.035
0.04416000,13.069
0.04416500,13.090
0.04417000,13.115
0.04417500,13.146
0.04418000,13.177
0.04418500,13.206
0.04419000,13.243
0.04419500,13.280
0.04420000,13.307
0.04420500,13.331
0.04421000,13.354
0.04421500,13.381
0.04422000,13.413
0.04422500,13.450
0.04423000,13.482
0.04423500,13.521
0.04424000,13.545
0.04424500,13.576
0.04425000,13.595
0.04425500,13.623
0.04426000,13.653
0.04426500,13.690
0.04427000,13.719
0.04427500,13.758
0.04428000,13.790
0.04428500,13.814
0.04429000,13.833
0.04429500,13.861
0.04430000,13.890
0.04430500,13.922
0.04431000,13.953
0.04431500,13.986
0.04432000,14.022
0.04432500,14.046
0.04433000,14.067
0.04433500,14.102
0.04434000,14.123
0.04434500,14.157
0.04435000,14.191
0.04435500,14.220
0.04436000,14.254
0.04436500,14.283
0.04437000,14.305
0.04437500,14.326
0.04438000,14.353
0.04438500,14.379
0.04439000,14.413
0.04439500,14.444
0.04440000,14.487
0.04440500,14.514
0.04441000,14.534
0.04441500,14.553
0.04442000,14.577
0.04442500,14.616
0.04443000,14.643
0.04443500,14.683
0.04444000,14.712
0.04444500,14.741
0.04445000,14.764
0.04445500,14.782
0.04446000,14.807
0.04446500,14.838
0.04447000,14.869
0.04447500,14.902
0.04448000,14.938
0.04448500,14.967
0.04449000,14.989
0.04449500,15.012
0.04450000,15.033
0.04450500,15.065
0.04451000,15.091
0.04451500,15.124
0.04452000,15.158
0.04452500,15.189
0.04453000,15.211
0.04453500,15.236
0.04454000,15.255
0.04454500,15.285
0.04455000,15.311
0.04455500,15.350
0.04456000,15.379
0.04456500,15.409
0.04457000,15.440
0.04457500,15.456
0.04458000,15.474
0.04458500,15.511
0.04459000,15.537
0.04459500,15.567
0.04460000,15.601
0.04460500,15.633
0.04461000,15.657
0.04461500,15.681
0.04462000,15.704
0.04462500,15.727
0.04463000,15.760
0.04463500,15.791
0.04464000,15.822
0.04464500,15.857
0.04465000,15.886
0.04465500,15.907
0.04466000,15.921
0.04466500,15.950
0.04467000,15.976
0.04467500,16.010
0.04468000,16.050
0.04468500,16.079
0.04469000,16.106
0.04469500,16.135
0.04470000,16.155
0.04470500,16.184
0.04471000,16.205
0.04471500,16.235
0.04472000,16.269
0.04472500,16.308
0.04473000,16.337
0.04473500,16.367
0.04474000,16.382
0.04474500,16.408
0.04475000,16.428
0.04475500,16.462
0.04476000,16.491
0.04476500,16.538
0.04477000,16.562
0.04477500,16.585
0.04478000,16.607
0.04478500,16.631
0.04479000,16.657
0.04479500,16.691
0.04480000,16.725
0.04480500,16.750
0.04481000,16.786
0.04481500,16.815
0.04482000,16.834
0.04482500,16.855
0.04483000,16.884
0.04483500,16.910
0.04484000,16.939
0.04484500,16.974
0.04485000,17.013
0.04485500,17.039
0.04486000,17.053
0.04486500,17.082
0.04487000,17.101
0.04487500,17.129
0.04488000,17.156
0.04488500,17.185
0.04489000,17.222
0.04489500,17.243
0.04490000,17.267
0.04490500,17.280
0.04491000,17.306
0.04491500,17.332
0.04492000,17.359
0.04492500,17.390
0.04493000,17.422
0.04493500,17.451
0.04494000,17.472
0.04494500,17.493
0.04495000,17.510
0.04495500,17.536
0.04496000,17.565
0.04496500,17.594
0.04497000,17.623
0.04497500,17.657
0.04498000,17.670
0.04498500,17.692
0.04499000,17.705
0.04499500,17.734
0.04500000,17.752
0.04500500,17.784
0.04501000,17.813
0.04501500,17.839
0.04502000,17.858
0.04502500,17.871
0.04503000,17.893
0.04503500,17.911
0.04504000,17.938
0.04504500,17.963
0.04505000,17.995
0.04505500,18.019
0.04506000,18.040
0.04506500,18.054
0.04507000,18.070
0.04507500,18.093
0.04508000,18.117
0.04508500,18.141
0.04509000,18.172
0.04509500,18.199
0.04510000,18.227
0.04510500,18.238
0.04511000,18.257
0.04511500,18.268
0.04512000,18.291
0.04512500,18.326
0.04513000,18.346
0.04513500,18.380
0.04514000,18.397
0.04514500,18.423
0.04515000,18.441
0.04515500,18.449
0.04516000,18.473
0.04516500,18.500
0.04517000,18.524
0.04517500,18.552
0.04518000,18.576
0.04518500,18.599
0.04519000,18.611
0.04519500,18.631
0.04520000,18.648
0.04520500,18.669
0.04521000,18.695
0.04521500,18.729
0.04522000,18.745
0.04522500,18.772
0.04523000,18.790
0.04523500,18.797
0.04524000,18.817
0.04524500,18.842
0.04525000,18.864
0.04525500,18.885
0.04526000,18.917
0.04526500,18.935
0.04527000,18.945
0.04527500,18.964
0.04528000,18.982
0.04528500,19.001
0.04529000,19.019
0.04529500,19.049
0.04530000,19.070
0.04530500,19.098
0.04531000,19.112
0.04531500,19.120
0.04532000,19.131
0.04532500,19.154
0.04533000,19.178
0.04533500,19.201
0.04534000,19.225
0.04534500,19.246
0.04535000,19.254
0.04535500,19.260
0.04536000,19.278
0.04536500,19.300
0.04537000,19.313
0.04537500,19.341
0.04538000,19.368
0.04538500,19.387
0.04539000,19.403
0.04539500,19.411
0.04540000,19.424
0.04540500,19.436
0.04541000,19.463
0.04541500,19.477
0.04542000,19.502
0.04542500,19.526
0.04543000,19.543
0.04543500,19.556
0.04544000,19.564
0.04544500,19.582
0.04545000,19.597
0.04545500,19.622
0.04546000,19.645
0.04546500,19.664
0.04547000,19.680
0.04547500,19.693
0.04548000,19.704
0.04548500,19.719
0.04549000,19.732
0.04549500,19.756
0.04550000,19.779
0.04550500,19.801
0.04551000,19.817
0.04551500,19.827
0.04552000,19.838
0.04552500,19.853
0.04553000,19.865
0.04553500,19.891
0.04554000,19.906
0.04554500,19.931
0.04555000,19.954
0.04555500,19.965
0.04556000,19.973
0.04556500,19.988
0.04557000,20.004
0.04557500,20.022
0.04558000,20.047
0.04558500,20.067
0.04559000,20.088
0.04559500,20.096
0.04560000,20.105
0.04560500,20.118
0.04561000,20.129
0.04561500,20.144
0.04562000,20.165
0.04562500,20.192
0.04563000,20.210
0.04563500,20.224
0.04564000,20.234
0.04564500,20.249
0.04565000,20.250
0.04565500,20.274
0.04566000,20.290
0.04566500,20.315
0.04567000,20.334
0.04567500,20.355
0.04568000,20.364
0.04568500,20.368
0.04569000,20.382
0.04569500,20.400
0.04570000,20.419
0.04570500,20.445
0.04571000,20.466
0.04571500,20.480
0.04572000,20.490
0.04572500,20.497
0.04573000,20.508
0.04573500,20.527
0.04574000,20.548
0.04574500,20.571
0.04575000,20.583
0.04575500,20.604
0.04576000,20.619
0.04576500,20.625
0.04577000,20.635
0.04577500,20.649
0.04578000,20.669
0.04578500,20.695
0.04579000,20.717
0.04579500,20.741
0.04580000,20.752
0.04580500,20.757
0.04581000,20.765
0.04581500,20.778
0.04582000,20.802
0.04582500,20.817
0.04583000,20.833
0.04583500,20.860
0.04584000,20.872
0.04584500,20.875
0.04585000,20.888
0.04585500,20.897
0.04586000,20.909
0.04586500,20.931
0.04587000,20.947
0.04587500,20.965
0.04588000,20.979
0.04588500,20.989
0.04589000,20.992
0.04589500,21.005
0.04590000,21.016
0.04590500,21.037
0.04591000,21.055
0.04591500,21.065
0.04592000,21.089
0.04592500,21.095
0.04593000,21.097
0.04593500,21.110
0.04594000,21.121
0.04594500,21.134
0.04595000,21.165
0.04595500,21.174
0.04596000,21.190
0.04596500,21.197
0.04597000,21.202
0.04597500,21.210
0.04598000,21.216
0.04598500,21.235
0.04599000,21.243
0.04599500,21.261
0.04600000,21.284
0.04600500,21.285
0.04601000,21.292
0.04601500,21.295
0.04602000,21.306
0.04602500,21.318
0.04603000,21.337
0.04603500,21.353
0.04604000,21.366
0.04604500,21.371
0.04605000,21.380
0.04605500,21.384
0.04606000,21.392
0.04606500,21.404
0.04607000,21.419
0.04607500,21.435
0.04608000,21.450
0.04608500,21.458
0.04609000,21.461
0.04609500,21.469
0.04610000,21.475
0.04610500,21.483
0.04611000,21.488
0.04611500,21.512
0.04612000,21.527
0.04612500,21.532
0.04613000,21.541
0.04613500,21.549
0.04614000,21.553
0.04614500,21.559
0.04615000,21.575
0.04615500,21.590
0.04616000,21.602
0.04616500,21.619
0.04617000,21.620
0.04617500,21.625
0.04618000,21.635
0.04618500,21.641
0.04619000,21.649
0.04619500,21.665
0.04620000,21.688
0.04620500,21.694
0.04621000,21.699
0.04621500,21.699
0.04622000,21.699
0.04622500,21.705
0.04623000,21.718
0.04623500,21.731
0.04624000,21.743
0.04624500,21.754
0.04625000,21.759
0.04625500,21.765
0.04626000,21.760
0.04626500,21.771
0.04627000,21.776
0.04627500,21.789
0.04628000,21.797
0.04628500,21.817
0.04629000,21.820
0.04629500,21.828
0.04630000,21.823
0.04630500,21.826
0.04631000,21.831
0.04631500,21.847
0.04632000,21.857
0.04632500,21.862
0.04633000,21.866
0.04633500,21.870
0.04634000,21.865
0.04634500,21.863
0.04635000,21.871
0.04635500,21.876
0.04636000,21.887
0.04636500,21.905
0.04637000,21.918
0.04637500,21.912
0.04638000,21.913
0.04638500,21.908
0.04639000,21.918
0.04639500,21.929
0.04640000,21.937
0.04640500,21.942
0.04641000,21.952
0.04641500,21.957
0.04642000,21.952
0.04642500,21.944
0.04643000,21.953
0.04643500,21.965
0.04644000,21.966
0.04644500,21.981
0.04645000,21.986
0.04645500,21.990
0.04646000,21.989
0.04646500,21.990
0.04647000,21.989
0.04647500,21.997
0.04648000,22.007
0.04648500,22.015
0.04649000,22.026
0.04649500,22.029
0.04650000,22.029
0.04650500,22.023
0.04651000,22.019
0.04651500,22.027
0.04652000,22.037
0.04652500,22.044
0.04653000,22.060
0.04653500,22.061
0.04654000,22.058
0.04654500,22.052
0.04655000,22.056
0.04655500,22.055
0.04656000,22.064
0.04656500,22.074
0.04657000,22.081
0.04657500,22.085
0.04658000,22.093
0.04658500,22.085
0.04659000,22.082
0.04659500,22.087
0.04660000,22.095
0.04660500,22.097
0.04661000,22.110
0.04661500,22.119
0.04662000,22.118
0.04662500,22.116
0.04663000,22.116
0.04663500,22.113
0.04664000,22.119
0.04664500,22.126
0.04665000,22.137
0.04665500,22.140
0.04666000,22.143
0.04666500,22.139
0.04667000,22.135
0.04667500,22.139
0.04668000,22.140
0.04668500,22.150
0.04669000,22.158
0.04669500,22.166
0.04670000,22.169
0.04670500,22.164
0.04671000,22.168
0.04671500,22.158
0.04672000,22.163
0.04672500,22.169
0.04673000,22.179
0.04673500,22.184
0.04674000,22.192
0.04674500,22.192
0.04675000,22.187
0.04675500,22.188
0.04676000,22.184
0.04676500,22.187
0.04677000,22.195
0.04677500,22.206
0.04678000,22.214
0.04678500,22.214
0.04679000,22.205
0.04679500,22.200
0.04680000,22.206
0.04680500,22.208
0.04681000,22.216
0.04681500,22.225
0.04682000,22.234
0.04682500,22.232
0.04683000,22.234
0.04683500,22.229
0.04684000,22.227
0.04684500,22.237
0.04685000,22.242
0.04685500,22.245
0.04686000,22.253
0.04686500,22.251
0.04687000,22.242
0.04687500,22.243
0.04688000,22.246
0.04688500,22.253
0.04689000,22.253
0.04689500,22.266
0.04690000,22.269
0.04690500,22.272
0.04691000,22.272
0.04691500,22.271
0.04692000,22.263
0.04692500,22.269
0.04693000,22.275
0.04693500,22.280
0.04694000,22.291
0.04694500,22.293
0.04695000,22.293
0.04695500,22.287
0.04696000,22.288
0.04696500,22.288
0.04697000,22.291
0.04697500,22.301
0.04698000,22.311
0.04698500,22.311
0.04699000,22.311
0.04699500,22.306
0.04700000,22.300
0.04700500,22.306
0.04701000,22.309
0.04701500,22.316
0.04702000,22.325
0.04702500,22.329
0.04703000,22.327
0.04703500,22.327
0.04704000,22.320
0.04704500,22.325
0.04705000,22.329
0.04705500,22.333
0.04706000,22.341
0.04706500,22.349
0.04707000,22.348
0.04707500,22.343
0.04708000,22.338
0.04708500,22.337
0.04709000,22.340
0.04709500,22.353
0.04710000,22.353
0.04710500,22.361
0.04711000,22.364
0.04711500,22.362
0.04712000,22.354
0.04712500,22.356
0.04713000,22.353
0.04713500,22.361
0.04714000,22.372
0.04714500,22.375
0.04715000,22.382
0.04715500,22.377
0.04716000,22.374
0.04716500,22.362
0.04717000,22.374
0.04717500,22.382
0.04718000,22.383
0.04718500,22.388
0.04719000,22.399
0.04719500,22.396
0.04720000,22.385
0.04720500,22.382
0.04721000,22.386
0.04721500,22.386
0.04722000,22.399
0.04722500,22.407
0.04723000,22.409
0.04723500,22.407
0.04724000,22.407
0.04724500,22.399
0.04725000,22.403
0.04725500,22.404
0.04726000,22.412
0.04726500,22.417
0.04727000,22.430
0.04727500,22.425
0.04728000,22.428
0.04728500,22.425
0.04729000,22.422
0.04729500,22.419
0.04730000,22.427
0.04730500,22.436
0.04731000,22.440
0.04731500,22.441
0.04732000,22.436
0.04732500,22.436
0.04733000,22.435
0.04733500,22.435
0.04734000,22.440
0.04734500,22.446
0.04735000,22.452
0.04735500,22.452
0.04736000,22.452
0.04736500,22.441
0.04737000,22.433
0.04737500,22.443
0.04738000,22.452
0.04738500,22.459
0.04739000,22.462
0.04739500,22.464
0.04740000,22.467
0.04740500,22.461
0.04741000,22.454
0.04741500,22.454
0.04742000,22.459
0.04742500,22.467
0.04743000,22.470
0.04743500,22.483
0.04744000,22.477
0.04744500,22.472
0.04745000,22.465
0.04745500,22.469
0.04746000,22.467
0.04746500,22.477
0.04747000,22.478
0.04747500,22.491
0.04748000,22.486
0.04748500,22.481
0.04749000,22.478
0.04749500,22.473
0.04750000,22.483
0.04750500,22.486
0.04751000,22.493
0.04751500,22.499
0.04752000,22.496
0.04752500,22.494
0.04753000,22.481
0.04753500,22.488
0.04754000,22.485
0.04754500,22.493
0.04755000,22.501
0.04755500,22.506
0.04756000,22.504
0.04756500,22.501
0.04757000,22.494
0.04757500,22.488
0.04758000,22.491
0.04758500,22.498
0.04759000,22.501
0.04759500,22.509
0.04760000,22.510
0.04760500,22.517
0.04761000,22.498
0.04761500,22.501
0.04762000,22.499
0.04762500,22.496
0.04763000,22.504
0.04763500,22.515
0.04764000,22.515
0.04764500,22.512
0.04765000,22.509
0.04765500,22.499
0.04766000,22.498
0.04766500,22.496
0.04767000,22.509
0.04767500,22.504
0.04768000,22.515
0.04768500,22.518
0.04769000,22.507
0.04769500,22.499
0.04770000,22.501
0.04770500,22.498
0.04771000,22.504
0.04771500,22.504
0.04772000,22.515
0.04772500,22.510
0.04773000,22.502
0.04773500,22.498
0.04774000,22.498
0.04774500,22.496
0.04775000,22.501
0.04775500,22.499
0.04776000,22.506
0.04776500,22.507
0.04777000,22.502
0.04777500,22.491
0.04778000,22.488
0.04778500,22.491
0.04779000,22.489
0.04779500,22.498
0.04780000,22.501
0.04780500,22.501
0.04781000,22.489
0.04781500,22.486
0.04782000,22.470
0.04782500,22.475
0.04783000,22.480
0.04783500,22.483
0.04784000,22.480
0.04784500,22.483
0.04785000,22.485
0.04785500,22.472
0.04786000,22.457
0.04786500,22.457
0.04787000,22.461
0.04787500,22.459
0.04788000,22.462
0.04788500,22.467
0.04789000,22.462
0.04789500,22.449
0.04790000,22.440
0.04790500,22.433
0.04791000,22.433
0.04791500,22.436
0.04792000,22.435
0.04792500,22.438
0.04793000,22.438
0.04793500,22.423
0.04794000,22.415
0.04794500,22.404
0.04795000,22.406
0.04795500,22.407
0.04796000,22.406
0.04796500,22.412
0.04797000,22.409
0.04797500,22.399
0.04798000,22.386
0.04798500,22.375
0.04799000,22.366
0.04799500,22.367
0.04800000,22.369
0.04800500,22.364
0.04801000,22.361
0.04801500,22.354
0.04802000,22.337
0.04802500,22.317
0.04803000,22.316
0.04803500,22.312
0.04804000,22.312
0.04804500,22.303
0.04805000,22.300
0.04805500,22.291
0.04806000,22.275
0.04806500,22.259
0.04807000,22.253
0.04807500,22.250
0.04808000,22.243
0.04808500,22.245
0.04809000,22.238
0.04809500,22.230
0.04810000,22.213
0.04810500,22.190
0.04811000,22.184
0.04811500,22.179
0.04812000,22.163
0.04812500,22.158
0.04813000,22.159
0.04813500,22.140
0.04814000,22.121
0.04814500,22.106
0.04815000,22.089
0.04815500,22.077
0.04816000,22.076
0.04816500,22.066
0.04817000,22.060
0.04817500,22.047
0.04818000,22.029
0.04818500,22.005
0.04819000,21.992
0.04819500,21.976
0.04820000,21.970
0.04820500,21.961
0.04821000,21.961
0.04821500,21.949
0.04822000,21.932
0.04822500,21.913
0.04823000,21.897
0.04823500,21.878
0.04824000,21.873
0.04824500,21.863
0.04825000,21.857
0.04825500,21.842
0.04826000,21.829
0.04826500,21.805
0.04827000,21.784
0.04827500,21.775
0.04828000,21.763
0.04828500,21.746
0.04829000,21.739
0.04829500,21.731
0.04830000,21.715
0.04830500,21.693
0.04831000,21.673
0.04831500,21.656
0.04832000,21.641
0.04832500,21.633
0.04833000,21.622
0.04833500,21.614
0.04834000,21.601
0.04834500,21.575
0.04835000,21.549
0.04835500,21.535
0.04836000,21.522
0.04836500,21.507
0.04837000,21.499
0.04837500,21.495
0.04838000,21.479
0.04838500,21.456
0.04839000,21.438
0.04839500,21.417
0.04840000,21.404
0.04840500,21.395
0.04841000,21.387
0.04841500,21.380
0.04842000,21.361
0.04842500,21.343
0.04843000,21.319
0.04843500,21.300
0.04844000,21.284
0.04844500,21.274
0.04845000,21.260
0.04845500,21.252
0.04846000,21.243
0.04846500,21.224
0.04847000,21.197
0.04847500,21.184
0.04848000,21.163
0.04848500,21.152
0.04849000,21.140
0.04849500,21.129
0.04850000,21.120
0.04850500,21.107
0.04851000,21.086
0.04851500,21.058
0.04852000,21.041
0.04852500,21.036
0.04853000,21.020
0.04853500,21.007
0.04854000,20.999
0.04854500,20.984
0.04855000,20.965
0.04855500,20.939
0.04856000,20.918
0.04856500,20.905
0.04857000,20.889
0.04857500,20.881
0.04858000,20.868
0.04858500,20.860
0.04859000,20.831
0.04859500,20.814
0.04860000,20.794
0.04860500,20.775
0.04861000,20.764
0.04861500,20.748
0.04862000,20.743
0.04862500,20.728
0.04863000,20.707
0.04863500,20.683
0.04864000,20.666
0.04864500,20.643
0.04865000,20.632
0.04865500,20.619
0.04866000,20.612
0.04866500,20.596
0.04867000,20.582
0.04867500,20.551
0.04868000,20.530
0.04868500,20.513
0.04869000,20.503
0.04869500,20.493
0.04870000,20.477
0.04870500,20.466
0.04871000,20.451
0.04871500,20.422
0.04872000,20.395
0.04872500,20.379
0.04873000,20.373
0.04873500,20.352
0.04874000,20.344
0.04874500,20.331
0.04875000,20.313
0.04875500,20.297
0.04876000,20.261
0.04876500,20.244
0.04877000,20.231
0.04877500,20.215
0.04878000,20.205
0.04878500,20.194
0.04879000,20.181
0.04879500,20.154
0.04880000,20.126
0.04880500,20.107
0.04881000,20.086
0.04881500,20.073
0.04882000,20.063
0.04882500,20.059
0.04883000,20.038
0.04883500,20.014
0.04884000,19.991
0.04884500,19.965
0.04885000,19.952
0.04885500,19.936
0.04886000,19.920
0.04886500,19.909
0.04887000,19.899
0.04887500,19.877
0.04888000,19.846
0.04888500,19.824
0.04889000,19.804
0.04889500,19.787
0.04890000,19.774
0.04890500,19.766
0.04891000,19.743
0.04891500,19.732
0.04892000,19.701
0.04892500,19.675
0.04893000,19.658
0.04893500,19.642
0.04894000,19.622
0.04894500,19.611
0.04895000,19.598
0.04895500,19.577
0.04896000,19.553
0.04896500,19.523
0.04897000,19.503
0.04897500,19.486
0.04898000,19.469
0.04898500,19.458
0.04899000,19.440
0.04899500,19.416
0.04900000,19.392
0.04900500,19.363
0.04901000,19.341
0.04901500,19.320
0.04902000,19.305
0.04902500,19.284
0.04903000,19.276
0.04903500,19.255
0.04904000,19.226
0.04904500,19.201
0.04905000,19.183
0.04905500,19.159
0.04906000,19.136
0.04906500,19.123
0.04907000,19.104
0.04907500,19.091
0.04908000,19.070
0.04908500,19.043
0.04909000,19.015
0.04909500,18.991
0.04910000,18.970
0.04910500,18.957
0.04911000,18.941
0.04911500,18.922
0.04912000,18.900
0.04912500,18.871
0.04913000,18.845
0.04913500,18.817
0.04914000,18.805
0.04914500,18.779
0.04915000,18.763
0.04915500,18.750
0.04916000,18.727
0.04916500,18.702
0.04917000,18.665
0.04917500,18.644
0.04918000,18.621
0.04918500,18.603
0.04919000,18.586
0.04919500,18.565
0.04920000,18.549
0.04920500,18.523
0.04921000,18.484
0.04921500,18.460
0.04922000,18.438
0.04922500,18.418
0.04923000,18.402
0.04923500,18.383
0.04924000,18.363
0.04924500,18.341
0.04925000,18.309
0.04925500,18.281
0.04926000,18.260
0.04926500,18.243
0.04927000,18.223
0.04927500,18.207
0.04928000,18.188
0.04928500,18.165
0.04929000,18.135
0.04929500,18.104
0.04930000,18.082
0.04930500,18.061
0.04931000,18.041
0.04931500,18.024
0.04932000,18.011
0.04932500,17.987
0.04933000,17.956
0.04933500,17.922
0.04934000,17.893
0.04934500,17.881
0.04935000,17.861
0.04935500,17.835
0.04936000,17.824
0.04936500,17.800
0.04937000,17.776
0.04937500,17.737
0.04938000,17.713
0.04938500,17.694
0.04939000,17.665
0.04939500,17.647
0.04940000,17.634
0.04940500,17.607
0.04941000,17.578
0.04941500,17.551
0.04942000,17.520
0.04942500,17.496
0.04943000,17.481
0.04943500,17.459
0.04944000,17.436
0.04944500,17.415
0.04945000,17.390
0.04945500,17.357
0.04946000,17.325
0.04946500,17.303
0.04947000,17.277
0.04947500,17.256
0.04948000,17.248
0.04948500,17.220
0.04949000,17.198
0.04949500,17.163
0.04950000,17.132
0.04950500,17.106
0.04951000,17.082
0.04951500,17.060
0.04952000,17.045
0.04952500,17.022
0.04953000,16.998
0.04953500,16.965
0.04954000,16.929
0.04954500,16.908
0.04955000,16.886
0.04955500,16.861
0.04956000,16.847
0.04956500,16.821
0.04957000,16.797
0.04957500,16.763
0.04958000,16.738
0.04958500,16.707
0.04959000,16.683
0.04959500,16.665
0.04960000,16.646
0.04960500,16.625
0.04961000,16.602
0.04961500,16.577
0.04962000,16.541
0.04962500,16.512
0.04963000,16.490
0.04963500,16.461
0.04964000,16.446
0.04964500,16.432
0.04965000,16.401
0.04965500,16.372
0.04966000,16.342
0.04966500,16.313
0.04967000,16.282
0.04967500,16.258
0.04968000,16.243
0.04968500,16.214
0.04969000,16.197
0.04969500,16.164
0.04970000,16.131
0.04970500,16.092
0.04971000,16.071
0.04971500,16.044
0.04972000,16.021
0.04972500,16.000
0.04973000,15.978
0.04973500,15.949
0.04974000,15.915
0.04974500,15.876
0.04975000,15.849
0.04975500,15.822
0.04976000,15.797
0.04976500,15.776
0.04977000,15.751
0.04977500,15.725
0.04978000,15.691
0.04978500,15.654
0.04979000,15.628
0.04979500,15.601
0.04980000,15.577
0.04980500,15.549
0.04981000,15.525
0.04981500,15.501
0.04982000,15.475
0.04982500,15.437
0.04983000,15.400
0.04983500,15.374
0.04984000,15.348
0.04984500,15.321
0.04985000,15.300
0.04985500,15.276
0.04986000,15.248
0.04986500,15.210
0.04987000,15.173
0.04987500,15.144
0.04988000,15.123
0.04988500,15.094
0.04989000,15.071
0.04989500,15.044
0.04990000,15.012
0.04990500,14.973
0.04991000,14.944
0.04991500,14.910
0.04992000,14.885
0.04992500,14.862
0.04993000,14.836
0.04993500,14.809
0.04994000,14.783
0.04994500,14.746
0.04995000,14.706
0.04995500,14.675
0.04996000,14.648
0.04996500,14.624
0.04997000,14.603
0.04997500,14.579
0.04998000,14.547
0.04998500,14.513
0.04999000,14.473
0.04999500,14.440
0.05000000,14.418
0.05000500,14.387
0.05001000,14.365
0.05001500,14.339
0.05002000,14.312
0.05002500,14.283
0.05003000,14.239
0.05003500,14.207
0.05004000,14.180
0.05004500,14.157
0.05005000,14.130
0.05005500,14.109
0.05006000,14.081
0.05006500,14.046
0.05007000,14.006
0.05007500,13.978
0.05008000,13.943
0.05008500,13.922
0.05009000,13.895
0.05009500,13.877
0.05010000,13.845
0.05010500,13.811
0.05011000,13.775
0.05011500,13.740
0.05012000,13.714
0.05012500,13.684
0.05013000,13.656
0.05013500,13.632
0.05014000,13.608
0.05014500,13.579
0.05015000,13.540
0.05015500,13.507
0.05016000,13.481
0.05016500,13.450
0.05017000,13.421
0.05017500,13.404
0.05018000,13.379
0.05018500,13.354
0.05019000,13.325
0.05019500,13.278
0.05020000,13.249
0.05020500,13.225
0.05021000,13.198
0.05021500,13.170
0.05022000,13.149
0.05022500,13.125
0.05023000,13.090
0.05023500,13.054
0.05024000,13.020
0.05024500,12.993
0.05025000,12.966
0.05025500,12.942
0.05026000,12.922
0.05026500,12.890
0.05027000,12.861
0.05027500,12.826
0.05028000,12.790
0.05028500,12.760
0.05029000,12.735
0.05029500,12.708
0.05030000,12.689
0.05030500,12.655
0.05031000,12.624
0.05031500,12.583
0.05032000,12.552
0.05032500,12.518
0.05033000,12.494
0.05033500,12.471
0.05034000,12.443
0.05034500,12.420
0.05035000,12.385
0.05035500,12.351
0.05036000,12.315
0.05036500,12.280
0.05037000,12.249
0.05037500,12.228
0.05038000,12.196
0.05038500,12.174
0.05039000,12.146
0.05039500,12.111
0.05040000,12.074
0.05040500,12.040
0.05041000,12.005
0.05041500,11.982
0.05042000,11.956
0.05042500,11.932
0.05043000,11.903
0.05043500,11.869
0.05044000,11.828
0.05044500,11.792
0.05045000,11.768
0.05045500,11.733
0.05046000,11.713
0.05046500,11.684
0.05047000,11.654
0.05047500,11.617
0.05048000,11.580
0.05048500,11.551
0.05049000,11.512
0.05049500,11.488
0.05050000,11.461
0.05050500,11.433
0.05051000,11.406
0.05051500,11.375
0.05052000,11.340
0.05052500,11.295
0.05053000,11.267
0.05053500,11.237
0.05054000,11.214
0.05054500,11.185
0.05055000,11.161
0.05055500,11.129
0.05056000,11.087
0.05056500,11.047
0.05057000,11.016
0.05057500,10.986
0.05058000,10.963
0.05058500,10.928
0.05059000,10.912
0.05059500,10.868
0.05060000,10.836
0.05060500,10.796
0.05061000,10.768
0.05061500,10.736
0.05062000,10.702
0.05062500,10.677
0.05063000,10.648
0.05063500,10.625
0.05064000,10.585
0.05064500,10.541
0.05065000,10.512
0.05065500,10.480
0.05066000,10.448
0.05066500,10.424
0.05067000,10.396
0.05067500,10.372
0.05068000,10.335
0.05068500,10.292
0.05069000,10.255
0.05069500,10.218
0.05070000,10.197
0.05070500,10.165
0.05071000,10.137
0.05071500,10.108
0.05072000,10.081
0.05072500,10.037
0.05073000,10.002
0.05073500,9.968
0.05074000,9.939
0.05074500,9.902
0.05075000,9.886
0.05075500,9.854
0.05076000,9.820
0.05076500,9.783
0.05077000,9.748
0.05077500,9.712
0.05078000,9.680
0.05078500,9.654
0.05079000,9.629
0.05079500,9.600
0.05080000,9.567
0.05080500,9.530
0.05081000,9.488
0.05081500,9.460
0.05082000,9.421
0.05082500,9.397
0.05083000,9.363
0.05083500,9.339
0.05084000,9.308
0.05084500,9.271
0.05085000,9.234
0.05085500,9.195
0.05086000,9.163
0.05086500,9.136
0.05087000,9.099
0.05087500,9.076
0.05088000,9.052
0.05088500,9.014
0.05089000,8.973
0.05089500,8.933
0.05090000,8.903
0.05090500,8.870
0.05091000,8.843
0.05091500,8.822
0.05092000,8.788
0.05092500,8.754
0.05093000,8.716
0.05093500,8.676
0.05094000,8.643
0.05094500,8.614
0.05095000,8.584
0.05095500,8.555
0.05096000,8.526
0.05096500,8.494
0.05097000,8.461
0.05097500,8.413
0.05098000,8.383
0.05098500,8.352
0.05099000,8.325
0.05099500,8.294
0.05100000,8.270
0.05100500,8.236
0.05101000,8.196
0.05101500,8.157
0.05102000,8.120
0.05102500,8.091
0.05103000,8.064
0.05103500,8.033
0.05104000,8.007
0.05104500,7.980
0.05105000,7.940
0.05105500,7.892
0.05106000,7.861
0.05106500,7.824
0.05107000,7.798
0.05107500,7.771
0.05108000,7.743
0.05108500,7.714
0.05109000,7.676
0.05109500,7.636
0.05110000,7.599
0.05110500,7.563
0.05111000,7.534
0.05111500,7.512
0.05112000,7.479
0.05112500,7.449
0.05113000,7.417
0.05113500,7.372
0.05114000,7.330
0.05114500,7.302
0.05115000,7.270
0.05115500,7.238
0.05116000,7.211
0.05116500,7.183
0.05117000,7.148
0.05117500,7.112
0.05118000,7.071
0.05118500,7.040
0.05119000,7.006
0.05119500,6.976
0.05120000,6.947
0.05120500,6.918
0.05121000,6.885
0.05121500,6.852
0.05122000,6.808
0.05122500,6.774
0.05123000,6.747
0.05123500,6.716
0.05124000,6.686
0.05124500,6.660
0.05125000,6.629
0.05125500,6.592
0.05126000,6.551
0.05126500,6.510
0.05127000,6.488
0.05127500,6.452
0.05128000,6.427
0.05128500,6.398
0.05129000,6.369
0.05129500,6.327
0.05130000,6.295
0.05130500,6.251
0.05131000,6.222
0.05131500,6.192
0.05132000,6.159
0.05132500,6.135
0.05133000,6.109
0.05133500,6.071
0.05134000,6.032
0.05134500,5.989
0.05135000,5.957
0.05135500,5.924
0.05136000,5.899
0.05136500,5.873
0.05137000,5.841
0.05137500,5.808
0.05138000,5.770
0.05138500,5.726
0.05139000,5.699
0.05139500,5.665
0.05140000,5.631
0.05140500,5.604
0.05141000,5.577
0.05141500,5.538
0.05142000,5.498
0.05142500,5.462
0.05143000,5.424
0.05143500,5.395
0.05144000,5.361
0.05144500,5.337
0.05145000,5.303
0.05145500,5.268
0.05146000,5.235
0.05146500,5.192
0.05147000,5.155
0.05147500,5.116
0.05148000,5.086
0.05148500,5.055
0.05149000,5.026
0.05149500,4.991
0.05150000,4.957
0.05150500,4.913
0.05151000,4.872
0.05151500,4.831
0.05152000,4.804
0.05152500,4.770
0.05153000,4.741
0.05153500,4.709
0.05154000,4.672
0.05154500,4.628
0.05155000,4.582
0.05155500,4.548
0.05156000,4.516
0.05156500,4.482
0.05157000,4.451
0.05157500,4.421
0.05158000,4.384
0.05158500,4.340
0.05159000,4.300
0.05159500,4.263
0.05160000,4.236
0.05160500,4.197
0.05161000,4.173
0.05161500,4.141
0.05162000,4.108
0.05162500,4.065
0.05163000,4.026
0.05163500,3.983
0.05164000,3.956
0.05164500,3.920
0.05165000,3.891
0.05165500,3.861
0.05166000,3.825
0.05166500,3.787
0.05167000,3.751
0.05167500,3.708
0.05168000,3.672
0.05168500,3.646
0.05169000,3.616
0.05169500,3.587
0.05170000,3.556
0.05170500,3.519
0.05171000,3.474
0.05171500,3.439
0.05172000,3.400
0.05172500,3.376
0.05173000,3.345
0.05173500,3.316
0.05174000,3.289
0.05174500,3.252
0.05175000,3.212
0.05175500,3.168
0.05176000,3.135
0.05176500,3.102
0.05177000,3.077
0.05177500,3.051
0.05178000,3.027
0.05178500,2.985
0.05179000,2.943
0.05179500,2.906
0.05180000,2.874
0.05180500,2.848
0.05181000,2.808
0.05181500,2.780
0.05182000,2.751
0.05182500,2.726
0.05183000,2.682
0.05183500,2.647
0.05184000,2.607
0.05184500,2.573
0.05185000,2.547
0.05185500,2.515
0.05186000,2.483
0.05186500,2.460
0.05187000,2.420
0.05187500,2.376
0.05188000,2.344
0.05188500,2.309
0.05189000,2.276
0.05189500,2.248
0.05190000,2.219
0.05190500,2.186
0.05191000,2.148
0.05191500,2.107
0.05192000,2.070
0.05192500,2.038
0.05193000,2.001
0.05193500,1.974
0.05194000,1.946
0.05194500,1.916
0.05195000,1.876
0.05195500,1.837
0.05196000,1.797
0.05196500,1.760
0.05197000,1.731
0.05197500,1.699
0.05198000,1.666
0.05198500,1.639
0.05199000,1.599
0.05199500,1.562
0.05200000,1.518
0.05200500,1.486
0.05201000,1.451
0.05201500,1.417
0.05202000,1.388
0.05202500,1.359
0.05203000,1.327
0.05203500,1.283
0.05204000,1.240
0.05204500,1.196
0.05205000,1.167
0.05205500,1.129
0.05206000,1.097
0.05206500,1.071
0.05207000,1.035
0.05207500,0.998
0.05208000,0.950
0.05208500,0.908
0.05209000,0.871
0.05209500,0.839
0.05210000,0.808
0.05210500,0.775
0.05211000,0.738
0.05211500,0.699
0.05212000,0.659
0.05212500,0.618
0.05213000,0.580
0.05213500,0.546
0.05214000,0.515
0.05214500,0.477
0.05215000,0.449
0.05215500,0.403
0.05216000,0.361
0.05216500,0.317
0.05217000,0.280
0.05217500,0.242
0.05218000,0.213
0.05218500,0.177
0.05219000,0.147
0.05219500,0.111
0.05220000,0.065
0.05220500,0.020
0.05221000,-0.019
0.05221500,-0.058
0.05222000,-0.090
0.05222500,-0.129
0.05223000,-0.156
0.05223500,-0.187
0.05224000,-0.235
0.05224500,-0.272
0.05225000,-0.323
0.05225500,-0.356
0.05226000,-0.389
0.05226500,-0.428
0.05227000,-0.455
0.05227500,-0.494
0.05228000,-0.531
0.05228500,-0.579
0.05229000,-0.616
0.05229500,-0.655
0.05230000,-0.692
0.05230500,-0.726
0.05231000,-0.756
0.05231500,-0.785
0.05232000,-0.832
0.05232500,-0.884
0.05233000,-0.916
0.05233500,-0.958
0.05234000,-0.991
0.05234500,-1.028
0.05235000,-1.053
0.05235500,-1.091
0.05236000,-1.130
0.05236500,-1.172
0.05237000,-1.220
0.05237500,-1.262
0.05238000,-1.294
0.05238500,-1.328
0.05239000,-1.352
0.05239500,-1.383
0.05240000,-1.420
0.05240500,-1.471
0.05241000,-1.508
0.05241500,-1.552
0.05242000,-1.577
0.05242500,-1.611
0.05243000,-1.639
0.05243500,-1.674
0.05244000,-1.708
0.05244500,-1.750
0.05245000,-1.793
0.05245500,-1.824
0.05246000,-1.858
0.05246500,-1.888
0.05247000,-1.922
0.05247500,-1.959
0.05248000,-1.986
0.05248500,-2.022
0.05249000,-2.067
0.05249500,-2.102
0.05250000,-2.134
0.05250500,-2.165
0.05251000,-2.199
0.05251500,-2.225
0.05252000,-2.257
0.05252500,-2.294
0.05253000,-2.334
0.05253500,-2.376
0.05254000,-2.406
0.05254500,-2.434
0.05255000,-2.468
0.05255500,-2.493
0.05256000,-2.522
0.05256500,-2.553
0.05257000,-2.595
0.05257500,-2.635
0.05258000,-2.664
0.05258500,-2.693
0.05259000,-2.730
0.05259500,-2.753
0.05260000,-2.783
0.05260500,-2.814
0.05261000,-2.854
0.05261500,-2.893
0.05262000,-2.926
0.05262500,-2.952
0.05263000,-2.983
0.05263500,-3.015
0.05264000,-3.037
0.05264500,-3.070
0.05265000,-3.108
0.05265500,-3.149
0.05266000,-3.182
0.05266500,-3.211
0.05267000,-3.242
0.05267500,-3.274
0.05268000,-3.295
0.05268500,-3.329
0.05269000,-3.366
0.05269500,-3.403
0.05270000,-3.445
0.05270500,-3.477
0.05271000,-3.508
0.05271500,-3.537
0.05272000,-3.567
0.05272500,-3.594
0.05273000,-3.632
0.05273500,-3.673
0.05274000,-3.710
0.05274500,-3.744
0.05275000,-3.780
0.05275500,-3.807
0.05276000,-3.831
0.05276500,-3.868
0.05277000,-3.907
0.05277500,-3.945
0.05278000,-3.981
0.05278500,-4.023
0.05279000,-4.052
0.05279500,-4.085
0.05280000,-4.116
0.05280500,-4.148
0.05281000,-4.182
0.05281500,-4.229
0.05282000,-4.269
0.05282500,-4.301
0.05283000,-4.335
0.05283500,-4.370
0.05284000,-4.399
0.05284500,-4.432
0.05285000,-4.467
0.05285500,-4.506
0.05286000,-4.552
0.05286500,-4.588
0.05287000,-4.625
0.05287500,-4.652
0.05288000,-4.680
0.05288500,-4.715
0.05289000,-4.747
0.05289500,-4.787
0.05290000,-4.826
0.05290500,-4.869
0.05291000,-4.903
0.05291500,-4.937
0.05292000,-4.969
0.05292500,-5.000
0.05293000,-5.032
0.05293500,-5.076
0.05294000,-5.119
0.05294500,-5.156
0.05295000,-5.196
0.05295500,-5.225
0.05296000,-5.264
0.05296500,-5.290
0.05297000,-5.322
0.05297500,-5.356
0.05298000,-5.406
0.05298500,-5.447
0.05299000,-5.480
0.05299500,-5.517
0.05300000,-5.547
0.05300500,-5.579
0.05301000,-5.605
0.05301500,-5.645
0.05302000,-5.686
0.05302500,-5.734
0.05303000,-5.766
0.05303500,-5.802
0.05304000,-5.832
0.05304500,-5.859
0.05305000,-5.893
0.05305500,-5.926
0.05306000,-5.966
0.05306500,-6.014
0.05307000,-6.051
0.05307500,-6.080
0.05308000,-6.112
0.05308500,-6.144
0.05309000,-6.173
0.05309500,-6.206
0.05310000,-6.246
0.05310500,-6.283
0.05311000,-6.326
0.05311500,-6.360
0.05312000,-6.389
0.05312500,-6.415
0.05313000,-6.447
0.05313500,-6.479
0.05314000,-6.503
0.05314500,-6.550
0.05315000,-6.590
0.05315500,-6.624
0.05316000,-6.650
0.05316500,-6.689
0.05317000,-6.709
0.05317500,-6.743
0.05318000,-6.785
0.05318500,-6.829
0.05319000,-6.874
0.05319500,-6.909
0.05320000,-6.941
0.05320500,-6.970
0.05321000,-7.002
0.05321500,-7.027
0.05322000,-7.062
0.05322500,-7.102
0.05323000,-7.144
0.05323500,-7.178
0.05324000,-7.212
0.05324500,-7.241
0.05325000,-7.265
0.05325500,-7.297
0.05326000,-7.328
0.05326500,-7.363
0.05327000,-7.407
0.05327500,-7.439
0.05328000,-7.476
0.05328500,-7.505
0.05329000,-7.535
0.05329500,-7.561
0.05330000,-7.593
0.05330500,-7.630
0.05331000,-7.671
0.05331500,-7.711
0.05332000,-7.741
0.05332500,-7.769
0.05333000,-7.804
0.05333500,-7.827
0.05334000,-7.857
0.05334500,-7.896
0.05335000,-7.933
0.05335500,-7.970
0.05336000,-8.007
0.05336500,-8.036
0.05337000,-8.067
0.05337500,-8.097
0.05338000,-8.123
0.05338500,-8.158
0.05339000,-8.195
0.05339500,-8.239
0.05340000,-8.266
0.05340500,-8.302
0.05341000,-8.327
0.05341500,-8.355
0.05342000,-8.380
0.05342500,-8.411
0.05343000,-8.453
0.05343500,-8.498
0.05344000,-8.529
0.05344500,-8.559
0.05345000,-8.587
0.05345500,-8.612
0.05346000,-8.638
0.05346500,-8.667
0.05347000,-8.709
0.05347500,-8.749
0.05348000,-8.780
0.05348500,-8.812
0.05349000,-8.838
0.05349500,-8.862
0.05350000,-8.886
0.05350500,-8.918
0.05351000,-8.958
0.05351500,-8.995
0.05352000,-9.026
0.05352500,-9.060
0.05353000,-9.090
0.05353500,-9.118
0.05354000,-9.140
0.05354500,-9.171
0.05355000,-9.200
0.05355500,-9.242
0.05356000,-9.279
0.05356500,-9.309
0.05357000,-9.335
0.05357500,-9.362
0.05358000,-9.390
0.05358500,-9.416
0.05359000,-9.449
0.05359500,-9.490
0.05360000,-9.528
0.05360500,-9.557
0.05361000,-9.591
0.05361500,-9.614
0.05362000,-9.639
0.05362500,-9.668
0.05363000,-9.702
0.05363500,-9.739
0.05364000,-9.779
0.05364500,-9.812
0.05365000,-9.842
0.05365500,-9.868
0.05366000,-9.895
0.05366500,-9.924
0.05367000,-9.953
0.05367500,-9.990
0.05368000,-10.032
0.05368500,-10.068
0.05369000,-10.097
0.05369500,-10.126
0.05370000,-10.153
0.05370500,-10.182
0.05371000,-10.211
0.05371500,-10.245
0.05372000,-10.291
0.05372500,-10.324
0.05373000,-10.354
0.05373500,-10.377
0.05374000,-10.412
0.05374500,-10.438
0.05375000,-10.467
0.05375500,-10.501
0.05376000,-10.544
0.05376500,-10.578
0.05377000,-10.605
0.05377500,-10.634
0.05378000,-10.666
0.05378500,-10.691
0.05379000,-10.723
0.05379500,-10.755
0.05380000,-10.794
0.05380500,-10.839
0.05381000,-10.869
0.05381500,-10.897
0.05382000,-10.922
0.05382500,-10.955
0.05383000,-10.972
0.05383500,-11.011
0.05384000,-11.048
0.05384500,-11.087
0.05385000,-11.120
0.05385500,-11.153
0.05386000,-11.175
0.05386500,-11.201
0.05387000,-11.227
0.05387500,-11.260
0.05388000,-11.299
0.05388500,-11.344
0.05389000,-11.378
0.05389500,-11.404
0.05390000,-11.431
0.05390500,-11.462
0.05391000,-11.492
0.05391500,-11.515
0.05392000,-11.558
0.05392500,-11.595
0.05393000,-11.627
0.05393500,-11.663
0.05394000,-11.690
0.05394500,-11.716
0.05395000,-11.745
0.05395500,-11.774
0.05396000,-11.809
0.05396500,-11.848
0.05397000,-11.883
0.05397500,-11.909
0.05398000,-11.943
0.05398500,-11.970
0.05399000,-11.993
0.05399500,-12.020
0.05400000,-12.056
0.05400500,-12.093
0.05401000,-12.127
0.05401500,-12.164
0.05402000,-12.196
0.05402500,-12.223
0.05403000,-12.247
0.05403500,-12.275
0.05404000,-12.302
0.05404500,-12.342
0.05405000,-12.381
0.05405500,-12.416
0.05406000,-12.444
0.05406500,-12.468
0.05407000,-12.495
0.05407500,-12.514
0.05408000,-12.547
0.05408500,-12.584
0.05409000,-12.621
0.05409500,-12.653
0.05410000,-12.684
0.05410500,-12.711
0.05411000,-12.735
0.05411500,-12.762
0.05412000,-12.788
0.05412500,-12.819
0.05413000,-12.861
0.05413500,-12.896
0.05414000,-12.922
0.05414500,-12.954
0.05415000,-12.973
0.05415500,-12.999
0.05416000,-13.022
0.05416500,-13.057
0.05417000,-13.097
0.05417500,-13.133
0.05418000,-13.168
0.05418500,-13.191
0.05419000,-13.216
0.05419500,-13.241
0.05420000,-13.265
0.05420500,-13.300
0.05421000,-13.329
0.05421500,-13.369
0.05422000,-13.398
0.05422500,-13.429
0.05423000,-13.448
0.05423500,-13.477
0.05424000,-13.500
0.05424500,-13.529
0.05425000,-13.567
0.05425500,-13.603
0.05426000,-13.633
0.05426500,-13.654
0.05427000,-13.688
0.05427500,-13.709
0.05428000,-13.730
0.05428500,-13.760
0.05429000,-13.799
0.05429500,-13.836
0.05430000,-13.867
0.05430500,-13.896
0.05431000,-13.923
0.05431500,-13.944
0.05432000,-13.971
0.05432500,-13.992
0.05433000,-14.033
0.05433500,-14.070
0.05434000,-14.103
0.05434500,-14.126
0.05435000,-14.158
0.05435500,-14.179
0.05436000,-14.195
0.05436500,-14.222
0.05437000,-14.255
0.05437500,-14.288
0.05438000,-14.327
0.05438500,-14.353
0.05439000,-14.379
0.05439500,-14.403
0.05440000,-14.421
0.05440500,-14.448
0.05441000,-14.475
0.05441500,-14.519
0.05442000,-14.554
0.05442500,-14.585
0.05443000,-14.612
0.05443500,-14.636
0.05444000,-14.662
0.05444500,-14.681
0.05445000,-14.715
0.05445500,-14.754
0.05446000,-14.791
0.05446500,-14.823
0.05447000,-14.847
0.05447500,-14.871
0.05448000,-14.894
0.05448500,-14.916
0.05449000,-14.945
0.05449500,-14.984
0.05450000,-15.021
0.05450500,-15.040
0.05451000,-15.068
0.05451500,-15.101
0.05452000,-15.118
0.05452500,-15.135
0.05453000,-15.158
0.05453500,-15.195
0.05454000,-15.232
0.05454500,-15.262
0.05455000,-15.291
0.05455500,-15.317
0.05456000,-15.341
0.05456500,-15.364
0.05457000,-15.393
0.05457500,-15.419
0.05458000,-15.460
0.05458500,-15.493
0.05459000,-15.525
0.05459500,-15.552
0.05460000,-15.578
0.05460500,-15.592
0.05461000,-15.618
0.05461500,-15.650
0.05462000,-15.687
0.05462500,-15.723
0.05463000,-15.745
0.05463500,-15.776
0.05464000,-15.795
0.05464500,-15.818
0.05465000,-15.840
0.05465500,-15.873
0.05466000,-15.905
0.05466500,-15.950
0.05467000,-15.971
0.05467500,-16.000
0.05468000,-16.027
0.05468500,-16.045
0.05469000,-16.067
0.05469500,-16.093
0.05470000,-16.125
0.05470500,-16.159
0.05471000,-16.193
0.05471500,-16.222
0.05472000,-16.248
0.05472500,-16.267
0.05473000,-16.288
0.05473500,-16.315
0.05474000,-16.347
0.05474500,-16.384
0.05475000,-16.418
0.05475500,-16.447
0.05476000,-16.476
0.05476500,-16.492
0.05477000,-16.516
0.05477500,-16.541
0.05478000,-16.576
0.05478500,-16.610
0.05479000,-16.647
0.05479500,-16.668
0.05480000,-16.694
0.05480500,-16.718
0.05481000,-16.742
0.05481500,-16.772
0.05482000,-16.793
0.05482500,-16.829
0.05483000,-16.866
0.05483500,-16.896
0.05484000,-16.916
0.05484500,-16.938
0.05485000,-16.964
0.05485500,-16.983
0.05486000,-17.004
0.05486500,-17.043
0.05487000,-17.082
0.05487500,-17.104
0.05488000,-17.135
0.05488500,-17.154
0.05489000,-17.177
0.05489500,-17.194
0.05490000,-17.220
0.05490500,-17.254
0.05491000,-17.288
0.05491500,-17.312
0.05492000,-17.339
0.05492500,-17.363
0.05493000,-17.386
0.05493500,-17.405
0.05494000,-17.421
0.05494500,-17.455
0.05495000,-17.487
0.05495500,-17.515
0.05496000,-17.540
0.05496500,-17.563
0.05497000,-17.582
0.05497500,-17.598
0.05498000,-17.621
0.05498500,-17.650
0.05499000,-17.685
0.05499500,-17.713
0.05500000,-17.738
0.05500500,-17.764
0.05501000,-17.775
0.05501500,-17.798
0.05502000,-17.820
0.05502500,-17.841
0.05503000,-17.875
0.05503500,-17.904
0.05504000,-17.930
0.05504500,-17.949
0.05505000,-17.970
0.05505500,-17.986
0.05506000,-18.006
0.05506500,-18.035
0.05507000,-18.065
0.05507500,-18.093
0.05508000,-18.113
0.05508500,-18.138
0.05509000,-18.157
0.05509500,-18.171
0.05510000,-18.189
0.05510500,-18.213
0.05511000,-18.242
0.05511500,-18.271
0.05512000,-18.294
0.05512500,-18.319
0.05513000,-18.337
0.05513500,-18.355
0.05514000,-18.373
0.05514500,-18.394
0.05515000,-18.423
0.05515500,-18.458
0.05516000,-18.482
0.05516500,-18.503
0.05517000,-18.522
0.05517500,-18.546
0.05518000,-18.556
0.05518500,-18.575
0.05519000,-18.601
0.05519500,-18.629
0.05520000,-18.653
0.05520500,-18.677
0.05521000,-18.699
0.05521500,-18.711
0.05522000,-18.725
0.05522500,-18.744
0.05523000,-18.765
0.05523500,-18.799
0.05524000,-18.822
0.05524500,-18.843
0.05525000,-18.862
0.05525500,-18.880
0.05526000,-18.891
0.05526500,-18.912
0.05527000,-18.936
0.05527500,-18.959
0.05528000,-18.984
0.05528500,-19.004
0.05529000,-19.025
0.05529500,-19.034
0.05530000,-19.052
0.05530500,-19.066
0.05531000,-19.084
0.05531500,-19.107
0.05532000,-19.131
0.05532500,-19.150
0.05533000,-19.171
0.05533500,-19.186
0.05534000,-19.195
0.05534500,-19.215
0.05535000,-19.229
0.05535500,-19.260
0.05536000,-19.279
0.05536500,-19.301
0.05537000,-19.324
0.05537500,-19.335
0.05538000,-19.345
0.05538500,-19.366
0.05539000,-19.382
0.05539500,-19.395
0.05540000,-19.421
0.05540500,-19.446
0.05541000,-19.464
0.05541500,-19.480
0.05542000,-19.495
0.05542500,-19.503
0.05543000,-19.509
0.05543500,-19.532
0.05544000,-19.559
0.05544500,-19.577
0.05545000,-19.596
0.05545500,-19.614
0.05546000,-19.623
0.05546500,-19.638
0.05547000,-19.652
0.05547500,-19.667
0.05548000,-19.691
0.05548500,-19.715
0.05549000,-19.741
0.05549500,-19.751
0.05550000,-19.760
0.05550500,-19.775
0.05551000,-19.784
0.05551500,-19.796
0.05552000,-19.820
0.05552500,-19.839
0.05553000,-19.867
0.05553500,-19.881
0.05554000,-19.900
0.05554500,-19.908
0.05555000,-19.920
0.05555500,-19.933
0.05556000,-19.955
0.05556500,-19.976
0.05557000,-20.000
0.05557500,-20.005
0.05558000,-20.026
0.05558500,-20.036
0.05559000,-20.042
0.05559500,-20.058
0.05560000,-20.076
0.05560500,-20.108
0.05561000,-20.126
0.05561500,-20.140
0.05562000,-20.161
0.05562500,-20.172
0.05563000,-20.179
0.05563500,-20.198
0.05564000,-20.213
0.05564500,-20.235
0.05565000,-20.263
0.05565500,-20.277
0.05566000,-20.290
0.05566500,-20.303
0.05567000,-20.314
0.05567500,-20.322
0.05568000,-20.343
0.05568500,-20.369
0.05569000,-20.390
0.05569500,-20.404
0.05570000,-20.420
0.05570500,-20.432
0.05571000,-20.443
0.05571500,-20.456
0.05572000,-20.472
0.05572500,-20.493
0.05573000,-20.515
0.05573500,-20.533
0.05574000,-20.551
0.05574500,-20.570
0.05575000,-20.572
0.05575500,-20.586
0.05576000,-20.596
0.05576500,-20.622
0.05577000,-20.644
0.05577500,-20.665
0.05578000,-20.679
0.05578500,-20.696
0.05579000,-20.700
0.05579500,-20.717
0.05580000,-20.731
0.05580500,-20.742
0.05581000,-20.771
0.05581500,-20.789
0.05582000,-20.805
0.05582500,-20.820
0.05583000,-20.829
0.05583500,-20.844
0.05584000,-20.855
0.05584500,-20.874
0.05585000,-20.895
0.05585500,-20.923
0.05586000,-20.939
0.05586500,-20.952
0.05587000,-20.958
0.05587500,-20.964
0.05588000,-20.974
0.05588500,-20.989
0.05589000,-21.010
0.05589500,-21.029
0.05590000,-21.047
0.05590500,-21.058
0.05591000,-21.067
0.05591500,-21.077
0.05592000,-21.092
0.05592500,-21.101
0.05593000,-21.122
0.05593500,-21.142
0.05594000,-21.159
0.05594500,-21.177
0.05595000,-21.182
0.05595500,-21.188
0.05596000,-21.191
0.05596500,-21.204
0.05597000,-21.222
0.05597500,-21.243
0.05598000,-21.259
0.05598500,-21.269
0.05599000,-21.280
0.05599500,-21.285
0.05600000,-21.296
0.05600500,-21.303
0.05601000,-21.317
0.05601500,-21.336
0.05602000,-21.354
0.05602500,-21.364
0.05603000,-21.372
0.05603500,-21.375
0.05604000,-21.380
0.05604500,-21.389
0.05605000,-21.406
0.05605500,-21.418
0.05606000,-21.441
0.05606500,-21.454
0.05607000,-21.460
0.05607500,-21.463
0.05608000,-21.472
0.05608500,-21.481
0.05609000,-21.488
0.05609500,-21.505
0.05610000,-21.528
0.05610500,-21.538
0.05611000,-21.549
0.05611500,-21.554
0.05612000,-21.555
0.05612500,-21.560
0.05613000,-21.567
0.05613500,-21.584
0.05614000,-21.597
0.05614500,-21.613
0.05615000,-21.623
0.05615500,-21.629
0.05616000,-21.633
0.05616500,-21.636
0.05617000,-21.639
0.05617500,-21.653
0.05618000,-21.673
0.05618500,-21.676
0.05619000,-21.686
0.05619500,-21.694
0.05620000,-21.699
0.05620500,-21.702
0.05621000,-21.697
0.05621500,-21.713
0.05622000,-21.721
0.05622500,-21.736
0.05623000,-21.744
0.05623500,-21.747
0.05624000,-21.753
0.05624500,-21.750
0.05625000,-21.755
0.05625500,-21.768
0.05626000,-21.789
0.05626500,-21.798
0.05627000,-21.806
0.05627500,-21.811
0.05628000,-21.818
0.05628500,-21.813
0.05629000,-21.814
0.05629500,-21.826
0.05630000,-21.845
0.05630500,-21.853
0.05631000,-21.861
0.05631500,-21.868
0.05632000,-21.866
0.05632500,-21.868
0.05633000,-21.860
0.05633500,-21.868
0.05634000,-21.877
0.05634500,-21.893
0.05635000,-21.901
0.05635500,-21.909
0.05636000,-21.911
0.05636500,-21.908
0.05637000,-21.903
0.05637500,-21.911
0.05638000,-21.924
0.05638500,-21.935
0.05639000,-21.948
0.05639500,-21.953
0.05640000,-21.953
0.05640500,-21.948
0.05641000,-21.945
0.05641500,-21.951
0.05642000,-21.956
0.05642500,-21.974
0.05643000,-21.982
0.05643500,-21.993
0.05644000,-21.982
0.05644500,-21.992
0.05645000,-21.992
0.05645500,-21.988
0.05646000,-21.998
0.05646500,-22.006
0.05647000,-22.019
0.05647500,-22.022
0.05648000,-22.029
0.05648500,-22.024
0.05649000,-22.019
0.05649500,-22.024
0.05650000,-22.027
0.05650500,-22.038
0.05651000,-22.053
0.05651500,-22.062
0.05652000,-22.066
0.05652500,-22.061
0.05653000,-22.059
0.05653500,-22.054
0.05654000,-22.064
0.05654500,-22.070
0.05655000,-22.083
0.05655500,-22.085
0.05656000,-22.085
0.05656500,-22.093
0.05657000,-22.088
0.05657500,-22.086
0.05658000,-22.083
0.05658500,-22.096
0.05659000,-22.104
0.05659500,-22.114
0.05660000,-22.122
0.05660500,-22.125
0.05661000,-22.124
0.05661500,-22.119
0.05662000,-22.120
0.05662500,-22.127
0.05663000,-22.136
0.05663500,-22.148
0.05664000,-22.148
0.05664500,-22.146
0.05665000,-22.148
0.05665500,-22.140
0.05666000,-22.146
0.05666500,-22.148
0.05667000,-22.152
0.05667500,-22.170
0.05668000,-22.173
0.05668500,-22.167
0.05669000,-22.170
0.05669500,-22.167
0.05670000,-22.167
0.05670500,-22.170
0.05671000,-22.183
0.05671500,-22.190
0.05672000,-22.193
0.05672500,-22.196
0.05673000,-22.201
0.05673500,-22.199
0.05674000,-22.198
0.05674500,-22.194
0.05675000,-22.202
0.05675500,-22.215
0.05676000,-22.217
0.05676500,-22.220
0.05677000,-22.222
0.05677500,-22.225
0.05678000,-22.215
0.05678500,-22.215
0.05679000,-22.227
0.05679500,-22.235
0.05680000,-22.235
0.05680500,-22.241
0.05681000,-22.239
0.05681500,-22.235
0.05682000,-22.235
0.05682500,-22.236
0.05683000,-22.243
0.05683500,-22.256
0.05684000,-22.265
0.05684500,-22.264
0.05685000,-22.264
0.05685500,-22.264
0.05686000,-22.256
0.05686500,-22.249
0.05687000,-22.256
0.05687500,-22.275
0.05688000,-22.272
0.05688500,-22.273
0.05689000,-22.281
0.05689500,-22.276
0.05690000,-22.273
0.05690500,-22.267
0.05691000,-22.278
0.05691500,-22.286
0.05692000,-22.302
0.05692500,-22.301
0.05693000,-22.302
0.05693500,-22.302
0.05694000,-22.301
0.05694500,-22.297
0.05695000,-22.294
0.05695500,-22.301
0.05696000,-22.310
0.05696500,-22.318
0.05697000,-22.318
0.05697500,-22.322
0.05698000,-22.323
0.05698500,-22.322
0.05699000,-22.323
0.05699500,-22.333
0.05700000,-22.344
0.05700500,-22.346
0.05701000,-22.346
0.05701500,-22.346
0.05702000,-22.342
0.05702500,-22.344
0.05703000,-22.339
0.05703500,-22.342
0.05704000,-22.357
0.05704500,-22.362
0.05705000,-22.365
0.05705500,-22.362
0.05706000,-22.365
0.05706500,-22.357
0.05707000,-22.357
0.05707500,-22.362
0.05708000,-22.373
0.05708500,-22.383
0.05709000,-22.381
0.05709500,-22.383
0.05710000,-22.381
0.05710500,-22.373
0.05711000,-22.371
0.05711500,-22.373
0.05712000,-22.383
0.05712500,-22.394
0.05713000,-22.396
0.05713500,-22.404
0.05714000,-22.399
0.05714500,-22.392
0.05715000,-22.389
0.05715500,-22.388
0.05716000,-22.389
0.05716500,-22.400
0.05717000,-22.402
0.05717500,-22.405
0.05718000,-22.402
0.05718500,-22.400
0.05719000,-22.394
0.05719500,-22.389
0.05720000,-22.399
0.05720500,-22.417
0.05721000,-22.426
0.05721500,-22.423
0.05722000,-22.428
0.05722500,-22.420
0.05723000,-22.415
0.05723500,-22.418
0.05724000,-22.421
0.05724500,-22.429
0.05725000,-22.442
0.05725500,-22.439
0.05726000,-22.436
0.05726500,-22.441
0.05727000,-22.429
0.05727500,-22.425
0.05728000,-22.433
0.05728500,-22.442
0.05729000,-22.452
0.05729500,-22.455
0.05730000,-22.455
0.05730500,-22.452
0.05731000,-22.441
0.05731500,-22.441
0.05732000,-22.447
0.05732500,-22.450
0.05733000,-22.458
0.05733500,-22.466
0.05734000,-22.463
0.05734500,-22.458
0.05735000,-22.466
0.05735500,-22.450
0.05736000,-22.454
0.05736500,-22.458
0.05737000,-22.470
0.05737500,-22.466
0.05738000,-22.478
0.05738500,-22.476
0.05739000,-22.462
0.05739500,-22.466
0.05740000,-22.463
0.05740500,-22.479
0.05741000,-22.484
0.05741500,-22.489
0.05742000,-22.492
0.05742500,-22.484
0.05743000,-22.484
0.05743500,-22.478
0.05744000,-22.484
0.05744500,-22.483
0.05745000,-22.491
0.05745500,-22.494
0.05746000,-22.497
0.05746500,-22.500
0.05747000,-22.489
0.05747500,-22.483
0.05748000,-22.487
0.05748500,-22.491
0.05749000,-22.499
0.05749500,-22.502
0.05750000,-22.507
0.05750500,-22.505
0.05751000,-22.497
0.05751500,-22.499
0.05752000,-22.499
0.05752500,-22.494
0.05753000,-22.503
0.05753500,-22.516
0.05754000,-22.516
0.05754500,-22.515
0.05755000,-22.513
0.05755500,-22.507
0.05756000,-22.499
0.05756500,-22.500
0.05757000,-22.505
0.05757500,-22.511
0.05758000,-22.516
0.05758500,-22.518
0.05759000,-22.518
0.05759500,-22.510
0.05760000,-22.508
0.05760500,-22.510
0.05761000,-22.515
0.05761500,-22.526
0.05762000,-22.529
0.05762500,-22.531
0.05763000,-22.524
0.05763500,-22.520
0.05764000,-22.513
0.05764500,-22.516
0.05765000,-22.516
0.05765500,-22.521
0.05766000,-22.526
0.05766500,-22.524
0.05767000,-22.526
0.05767500,-22.520
0.05768000,-22.516
0.05768500,-22.511
0.05769000,-22.516
0.05769500,-22.523
0.05770000,-22.531
0.05770500,-22.532
0.05771000,-22.532
0.05771500,-22.523
0.05772000,-22.521
0.05772500,-22.518
0.05773000,-22.516
0.05773500,-22.523
0.05774000,-22.528
0.05774500,-22.528
0.05775000,-22.529
0.05775500,-22.523
0.05776000,-22.511
0.05776500,-22.508
0.05777000,-22.505
0.05777500,-22.511
0.05778000,-22.518
0.05778500,-22.526
0.05779000,-22.520
0.05779500,-22.524
0.05780000,-22.513
0.05780500,-22.508
0.05781000,-22.505
0.05781500,-22.507
0.05782000,-22.516
0.05782500,-22.518
0.05783000,-22.513
0.05783500,-22.502
0.05784000,-22.495
0.05784500,-22.494
0.05785000,-22.481
0.05785500,-22.487
0.05786000,-22.489
0.05786500,-22.500
0.05787000,-22.494
0.05787500,-22.491
0.05788000,-22.484
0.05788500,-22.474
0.05789000,-22.462
0.05789500,-22.468
0.05790000,-22.468
0.05790500,-22.476
0.05791000,-22.471
0.05791500,-22.463
0.05792000,-22.457
0.05792500,-22.452
0.05793000,-22.439
0.05793500,-22.441
0.05794000,-22.436
0.05794500,-22.445
0.05795000,-22.442
0.05795500,-22.439
0.05796000,-22.433
0.05796500,-22.418
0.05797000,-22.413
0.05797500,-22.410
0.05798000,-22.413
0.05798500,-22.413
0.05799000,-22.410
0.05799500,-22.408
0.05800000,-22.397
0.05800500,-22.389
0.05801000,-22.376
0.05801500,-22.376
0.05802000,-22.376
0.05802500,-22.383
0.05803000,-22.379
0.05803500,-22.371
0.05804000,-22.363
0.05804500,-22.352
0.05805000,-22.339
0.05805500,-22.330
0.05806000,-22.320
0.05806500,-22.323
0.05807000,-22.318
0.05807500,-22.317
0.05808000,-22.302
0.05808500,-22.284
0.05809000,-22.268
0.05809500,-22.265
0.05810000,-22.259
0.05810500,-22.264
0.05811000,-22.260
0.05811500,-22.257
0.05812000,-22.241
0.05812500,-22.230
0.05813000,-22.207
0.05813500,-22.190
0.05814000,-22.180
0.05814500,-22.170
0.05815000,-22.170
0.05815500,-22.159
0.05816000,-22.146
0.05816500,-22.125
0.05817000,-22.109
0.05817500,-22.086
0.05818000,-22.074
0.05818500,-22.067
0.05819000,-22.069
0.05819500,-22.066
0.05820000,-22.053
0.05820500,-22.040
0.05821000,-22.017
0.05821500,-22.000
0.05822000,-21.985
0.05822500,-21.982
0.05823000,-21.974
0.05823500,-21.964
0.05824000,-21.951
0.05824500,-21.930
0.05825000,-21.916
0.05825500,-21.893
0.05826000,-21.877
0.05826500,-21.864
0.05827000,-21.861
0.05827500,-21.855
0.05828000,-21.837
0.05828500,-21.824
0.05829000,-21.808
0.05829500,-21.782
0.05830000,-21.763
0.05830500,-21.758
0.05831000,-21.744
0.05831500,-21.739
0.05832000,-21.727
0.05832500,-21.715
0.05833000,-21.694
0.05833500,-21.679
0.05834000,-21.657
0.05834500,-21.641
0.05835000,-21.631
0.05835500,-21.631
0.05836000,-21.612
0.05836500,-21.595
0.05837000,-21.576
0.05837500,-21.560
0.05838000,-21.536
0.05838500,-21.521
0.05839000,-21.515
0.05839500,-21.507
0.05840000,-21.496
0.05840500,-21.480
0.05841000,-21.459
0.05841500,-21.436
0.05842000,-21.420
0.05842500,-21.406
0.05843000,-21.389
0.05843500,-21.389
0.05844000,-21.375
0.05844500,-21.360
0.05845000,-21.336
0.05845500,-21.320
0.05846000,-21.294
0.05846500,-21.274
0.05847000,-21.257
0.05847500,-21.261
0.05848000,-21.248
0.05848500,-21.233
0.05849000,-21.217
0.05849500,-21.188
0.05850000,-21.174
0.05850500,-21.151
0.05851000,-21.140
0.05851500,-21.130
0.05852000,-21.125
0.05852500,-21.106
0.05853000,-21.090
0.05853500,-21.072
0.05854000,-21.047
0.05854500,-21.022
0.05855000,-21.008
0.05855500,-21.001
0.05856000,-20.984
0.05856500,-20.976
0.05857000,-20.961
0.05857500,-20.942
0.05858000,-20.919
0.05858500,-20.903
0.05859000,-20.881
0.05859500,-20.873
0.05860000,-20.869
0.05860500,-20.855
0.05861000,-20.834
0.05861500,-20.813
0.05862000,-20.791
0.05862500,-20.768
0.05863000,-20.754
0.05863500,-20.741
0.05864000,-20.736
0.05864500,-20.721
0.05865000,-20.707
0.05865500,-20.683
0.05866000,-20.659
0.05866500,-20.634
0.05867000,-20.615
0.05867500,-20.601
0.05868000,-20.593
0.05868500,-20.586
0.05869000,-20.562
0.05869500,-20.546
0.05870000,-20.528
0.05870500,-20.501
0.05871000,-20.480
0.05871500,-20.469
0.05872000,-20.464
0.05872500,-20.451
0.05873000,-20.438
0.05873500,-20.420
0.05874000,-20.398
0.05874500,-20.372
0.05875000,-20.354
0.05875500,-20.333
0.05876000,-20.325
0.05876500,-20.316
0.05877000,-20.296
0.05877500,-20.277
0.05878000,-20.258
0.05878500,-20.234
0.05879000,-20.213
0.05879500,-20.195
0.05880000,-20.187
0.05880500,-20.177
0.05881000,-20.161
0.05881500,-20.147
0.05882000,-20.127
0.05882500,-20.103
0.05883000,-20.079
0.05883500,-20.065
0.05884000,-20.053
0.05884500,-20.040
0.05885000,-20.034
0.05885500,-20.011
0.05886000,-19.990
0.05886500,-19.966
0.05887000,-19.944
0.05887500,-19.921
0.05888000,-19.907
0.05888500,-19.899
0.05889000,-19.884
0.05889500,-19.873
0.05890000,-19.847
0.05890500,-19.825
0.05891000,-19.797
0.05891500,-19.778
0.05892000,-19.765
0.05892500,-19.754
0.05893000,-19.741
0.05893500,-19.723
0.05894000,-19.696
0.05894500,-19.680
0.05895000,-19.651
0.05895500,-19.627
0.05896000,-19.607
0.05896500,-19.596
0.05897000,-19.583
0.05897500,-19.561
0.05898000,-19.541
0.05898500,-19.520
0.05899000,-19.491
0.05899500,-19.467
0.05900000,-19.453
0.05900500,-19.432
0.05901000,-19.424
0.05901500,-19.409
0.05902000,-19.382
0.05902500,-19.359
0.05903000,-19.337
0.05903500,-19.308
0.05904000,-19.287
0.05904500,-19.276
0.05905000,-19.258
0.05905500,-19.248
0.05906000,-19.223
0.05906500,-19.203
0.05907000,-19.163
0.05907500,-19.142
0.05908000,-19.124
0.05908500,-19.105
0.05909000,-19.086
0.05909500,-19.070
0.05910000,-19.049
0.05910500,-19.026
0.05911000,-19.002
0.05911500,-18.975
0.05912000,-18.947
0.05912500,-18.925
0.05913000,-18.910
0.05913500,-18.896
0.05914000,-18.876
0.05914500,-18.856
0.05915000,-18.830
0.05915500,-18.804
0.05916000,-18.775
0.05916500,-18.757
0.05917000,-18.740
0.05917500,-18.725
0.05918000,-18.706
0.05918500,-18.682
0.05919000,-18.650
0.05919500,-18.625
0.05920000,-18.590
0.05920500,-18.575
0.05921000,-18.558
0.05921500,-18.545
0.05922000,-18.526
0.05922500,-18.500
0.05923000,-18.476
0.05923500,-18.442
0.05924000,-18.419
0.05924500,-18.395
0.05925000,-18.376
0.05925500,-18.357
0.05926000,-18.348
0.05926500,-18.323
0.05927000,-18.295
0.05927500,-18.266
0.05928000,-18.237
0.05928500,-18.207
0.05929000,-18.186
0.05929500,-18.171
0.05930000,-18.146
0.05930500,-18.131
0.05931000,-18.107
0.05931500,-18.076
0.05932000,-18.046
0.05932500,-18.023
0.05933000,-18.004
0.05933500,-17.989
0.05934000,-17.973
0.05934500,-17.957
0.05935000,-17.923
0.05935500,-17.899
0.05936000,-17.872
0.05936500,-17.845
0.05937000,-17.820
0.05937500,-17.809
0.05938000,-17.788
0.05938500,-17.769
0.05939000,-17.748
0.05939500,-17.716
0.05940000,-17.688
0.05940500,-17.659
0.05941000,-17.637
0.05941500,-17.619
0.05942000,-17.602
0.05942500,-17.589
0.05943000,-17.558
0.05943500,-17.523
0.05944000,-17.502
0.05944500,-17.468
0.05945000,-17.441
0.05945500,-17.426
0.05946000,-17.408
0.05946500,-17.391
0.05947000,-17.368
0.05947500,-17.339
0.05948000,-17.313
0.05948500,-17.280
0.05949000,-17.255
0.05949500,-17.238
0.05950000,-17.218
0.05950500,-17.194
0.05951000,-17.175
0.05951500,-17.148
0.05952000,-17.117
0.05952500,-17.088
0.05953000,-17.056
0.05953500,-17.035
0.05954000,-17.017
0.05954500,-17.003
0.05955000,-16.977
0.05955500,-16.950
0.05956000,-16.921
0.05956500,-16.893
0.05957000,-16.866
0.05957500,-16.838
0.05958000,-16.821
0.05958500,-16.808
0.05959000,-16.779
0.05959500,-16.750
0.05960000,-16.713
0.05960500,-16.690
0.05961000,-16.655
0.05961500,-16.629
0.05962000,-16.608
0.05962500,-16.599
0.05963000,-16.576
0.05963500,-16.542
0.05964000,-16.516
0.05964500,-16.484
0.05965000,-16.446
0.05965500,-16.425
0.05966000,-16.404
0.05966500,-16.388
0.05967000,-16.364
0.05967500,-16.338
0.05968000,-16.306
0.05968500,-16.272
0.05969000,-16.238
0.05969500,-16.204
0.05970000,-16.185
0.05970500,-16.167
0.05971000,-16.145
0.05971500,-16.116
0.05972000,-16.085
0.05972500,-16.058
0.05973000,-16.027
0.05973500,-15.988
0.05974000,-15.964
0.05974500,-15.947
0.05975000,-15.929
0.05975500,-15.898
0.05976000,-15.866
0.05976500,-15.834
0.05977000,-15.800
0.05977500,-15.765
0.05978000,-15.739
0.05978500,-15.720
0.05979000,-15.699
0.05979500,-15.671
0.05980000,-15.639
0.05980500,-15.610
0.05981000,-15.572
0.05981500,-15.530
0.05982000,-15.510
0.05982500,-15.485
0.05983000,-15.473
0.05983500,-15.443
0.05984000,-15.407
0.05984500,-15.374
0.05985000,-15.343
0.05985500,-15.308
0.05986000,-15.274
0.05986500,-15.256
0.05987000,-15.232
0.05987500,-15.211
0.05988000,-15.182
0.05988500,-15.145
0.05989000,-15.108
0.05989500,-15.072
0.05990000,-15.045
0.05990500,-15.021
0.05991000,-14.990
0.05991500,-14.973
0.05992000,-14.949
0.05992500,-14.913
0.05993000,-14.879
0.05993500,-14.847
0.05994000,-14.813
0.05994500,-14.778
0.05995000,-14.763
0.05995500,-14.738
0.05996000,-14.713
0.05996500,-14.681
0.05997000,-14.651
0.05997500,-14.612
0.05998000,-14.575
0.05998500,-14.554
0.05999000,-14.525
0.05999500,-14.506
