# Time (seconds),Pressure,Temp,Pressure (high-pass),Temperature (high-pass)
0.0078125,968.0836791992188,24.3594970703125,0.0,0.0
0.0234375,967.569580078125,24.354278564453125,-0.5040581226348877,-0.005177736282348633
0.0390625,967.5563354492188,24.362472534179688,-0.5071991821750998,0.0029926691204309464
0.0546875,967.5767211914062,24.346824645996094,-0.47730536498784204,-0.012556350164231844
0.0703125,967.5743408203124,24.346824645996094,-0.47031687404887634,-0.012458253678573783
0.0859375,967.5681762695312,24.36322021484375,-0.46717514700128504,0.0039065548943248984
0.1015625,967.563232421875,24.3665771484375,-0.46289792054312784,0.007206742484260786
0.1171875,967.5667724609376,24.357635498046875,-0.450386047857819,-0.0017213539383469367
0.1328125,967.5784912109376,24.353530883789062,-0.430099577196529,-0.005780452819628579
0.1484375,967.557373046875,24.354278564453125,-0.4424048947502115,-0.004993453623100663
0.1640625,967.5781860351562,24.3594970703125,-0.4133576895457054,0.00022329401567944274
0.1796875,967.5586547851562,24.357635498046875,-0.42443407744519845,-0.0016254792011167751
0.1953125,967.5718383789062,24.36322021484375,-0.40321824768557235,0.0039283060520425295
0.2109375,967.5791015625,24.365821838378903,-0.38822156674632424,0.006478914512296541
0.2265625,967.5661010742188,24.357635498046875,-0.3933856867653276,-0.0016940865555135076
0.2421875,967.5596923828124,24.3665771484375,-0.3919858942230121,0.007190942242647935
0.2578125,967.5794067382812,24.364341735839844,-0.3650006102628822,0.004916814569639882
0.2734375,967.5792846679688,24.3665771484375,-0.3579913782203903,0.007096350392551187
0.2890625,967.5746459960938,24.365821838378903,-0.35554743192949445,0.006291500956344009
0.3046875,967.5667114257812,24.357635498046875,-0.3563827443856553,-0.0018800359430599656
0.3203125,967.5724487304688,24.347198486328125,-0.3437968959540285,-0.012220820726952297
0.3359375,967.5646362304688,24.35874938964844,-0.34474202493925077,-0.0006646836768986475
0.3515625,967.5957641601562,24.362106323242188,-0.30748881995384636,0.0026712167143720933
0.3671875,967.5759887695312,24.36992645263672,-0.32087233146603467,0.010409382467425843
0.3828125,967.5804443359376,24.378494262695312,-0.3102367501171557,0.01882893320940937
0.3984375,967.5784301757812,24.36322021484375,-0.3061522596822215,0.0035271128159877208
0.4140625,967.563232421875,24.36805725097656,-0.31507364613560185,0.008298804035135277
0.4296875,967.5723266601562,24.37104797363281,-0.30000324754473695,0.011201327264107164
0.4453125,967.5806274414062,24.367691040039062,-0.28600515249991076,0.007783109344810413
0.4609375,967.5802001953124,24.375518798828125,-0.28083801580874024,0.015488908226576115
0.4765625,967.5719604492188,24.376258850097656,-0.2834317118652052,0.016102170750045275
0.4921875,967.5805053710938,24.3740234375,-0.2695179073732561,0.013758424104324263
0.5078125,967.5735473632812,24.37998962402344,-0.2710759949673047,0.019570512107236482
0.5234375,967.5645141601562,24.36881256103516,-0.27463831531702,0.00832787529771295
0.5390625,967.5609130859376,24.3740234375,-0.27280502645874094,0.0134329802644082
0.5546875,967.5882568359376,24.38929748535156,-0.24066711090290482,0.028482754458810433
0.5703125,967.5771484375,24.3814697265625,-0.24685801892371728,0.02049362851608194
0.5859375,967.5872192382812,24.39116668701172,-0.2321624677881573,0.02995472498900753
0.6015625,967.5694580078124,24.387062072753903,-0.24504237602548073,0.025648156741105765
0.6171875,967.5701293945312,24.39116668701172,-0.239598118421668,0.029520327475491825
0.6328125,967.5687866210938,24.386695861816406,-0.23623501506506273,0.02485380304361584
0.6484375,967.5877685546876,24.39116668701172,-0.21300985722371024,0.029095529580811075
0.6640625,967.5633544921876,24.40494537353516,-0.2327867337916132,0.04253926129093699
0.6796875,967.5556640625,24.407554626464844,-0.23578034388003744,0.044795791453271505
0.6953125,967.5809326171876,24.40718078613281,-0.20640023080977699,0.0440749046281006
0.7109375,967.5631713867188,24.397491455078125,-0.21978330773799826,0.03411693627987589
0.7265625,967.5620727539062,24.40718078613281,-0.21656784014908226,0.04346403087100725
0.7421875,967.5650634765624,24.401222229003903,-0.20940568941693982,0.03721246222849217
0.7578125,967.5814819335938,24.41388702392578,-0.18921795050300716,0.04948759107888279
0.7734375,967.5712890625,24.400108337402344,-0.1955160789874526,0.03542992873860484
0.7890625,967.5728149414062,24.407554626464844,-0.19020132898583597,0.042541247349532796
0.8046875,967.568115234375,24.42431640625,-0.19109437515737682,0.05883972223519862
0.8203125,967.5723876953124,24.41016387939453,-0.18317304870788575,0.04433807666582723
0.8359375,967.569580078125,24.41314697265625,-0.18234823101454367,0.04695147328748561
0.8515625,967.58154296875,24.39302062988281,-0.1670575017100191,0.02661555918190217
0.8671875,967.576904296875,24.407554626464844,-0.16834273269466848,0.04082807485952955
0.8828125,967.5784912109376,24.41537475585937,-0.16349886904936284,0.048268140158320705
0.8984375,967.5592651367188,24.418357849121094,-0.1791560967200212,0.05085083315895034
0.9140625,967.5857543945312,24.40494537353516,-0.14968506471007004,0.037145870404476256
0.9296875,967.57763671875,24.40494537353516,-0.15472065571611893,0.03685566829194187
0.9453125,967.5629272460938,24.40494537353516,-0.16612094617755702,0.03656773338341068
0.9609375,967.5648193359376,24.42431640625,-0.16102126148336993,0.055501744488108073
0.9765625,967.583984375,24.42431640625,-0.13908559307685664,0.05506813710929492
0.9921875,967.5827026367188,24.419471740722656,-0.13762578191756347,0.049831100710218124
1.0078125,967.5634155273438,24.42693328857422,-0.1538481863844936,0.05684504974489002
1.0234375,967.5592041015624,24.425437927246094,-0.1549725103657238,0.054917268976009126
1.0390625,967.5767822265624,24.44258117675781,-0.1347109012765486,0.0714975456870377
1.0546875,967.5731811523438,24.42953491210937,-0.13561056972378083,0.057994630405485026
1.0703125,967.565673828125,24.43661499023437,-0.14032262257649109,0.06456631237008992
1.0859375,967.5682373046876,24.432518005371094,-0.13506853769331428,0.0599969108856655
1.1015625,967.573974609375,24.437728881835938,-0.12680523236133467,0.0646983515118329
1.1171875,967.58544921875,24.451889038085938,-0.11307807175614926,0.07824242566994499
1.1328125,967.5662841796876,24.440711975097656,-0.12966023756041523,0.06654141453571327
1.1484375,967.5650634765624,24.437728881835938,-0.12832467231282862,0.06306177188904272
1.1640625,967.5786743164062,24.450767517089844,-0.11247332792856923,0.07550587271214582
1.1796875,967.5856323242188,24.4384765625,-0.10345447402005448,0.06272105157447072
1.1953125,967.5635986328124,24.44219970703125,-0.1230372246953948,0.06592510082364456
1.2109375,967.5817260742188,24.44219970703125,-0.10286076408419831,0.06541006097345914
1.2265625,967.56591796875,24.44629669189453,-0.11635111819452959,0.06896402204113983
1.2421875,967.5480346679688,24.43511962890625,-0.13161265298015223,0.05733549843525765
1.2578125,967.5723266601562,24.453758239746094,-0.10522455413649823,0.07538056154638895
1.2734375,967.587158203125,24.439971923828125,-0.08862752266838925,0.06111304058444844
1.2890625,967.5588989257812,24.437728881835938,-0.11460385469945322,0.05841007672825782
1.3046875,967.5707397460938,24.440711975097656,-0.10075594387160436,0.060913535849429934
1.3203125,967.56201171875,24.43661499023437,-0.10734561240258245,0.05637267168156512
1.3359375,967.5634155273438,24.4530029296875,-0.10387262795313745,0.07219216886020519
1.3515625,967.5797729492188,24.4530029296875,-0.08580592470946158,0.071628167540986
1.3671875,967.570068359375,24.45635986328125,-0.0936450748158677,0.0743992800321216
1.3828125,967.5552368164062,24.448532104492188,-0.10635793384346925,0.06605143123334756
1.3984375,967.56591796875,24.437355041503903,-0.09380809436106574,0.05444566224314684
1.4140625,967.5592041015624,24.447052001953125,-0.09855864198721065,0.06364150845258365
1.4296875,967.5645141601562,24.4530029296875,-0.09142732199893544,0.06904874527924676
1.4453125,967.5664672851562,24.44444274902344,-0.08772665408878311,0.0600159977041308
1.4609375,967.5550537109376,24.450027465820312,-0.09720389572328259,0.0650882089189615
1.4765625,967.5697631835938,24.453758239746094,-0.08088320386661962,0.06828133454126828
1.4921875,967.5786743164062,24.451889038085938,-0.07056636654135673,0.06589328809297967
1.5078125,967.5631713867188,24.454498291015625,-0.08438825528685356,0.06796736492092847
1.5234375,967.5714111328124,24.447052001953125,-0.07466123362303279,0.060048254953283475
1.5390625,967.563232421875,24.450767517089844,-0.08122197689317545,0.06326561563617261
1.5546875,967.5692138671876,24.440711975097656,-0.07377098994811604,0.05279436994364062
1.5703125,967.5589599609376,24.44258117675781,-0.08238378494422705,0.05423651245063965
1.5859375,967.5536499023438,24.455612182617188,-0.0859810731565176,0.06674199082322119
1.6015625,967.5734252929688,24.468284606933597,-0.06491260279460676,0.07879399002135301
1.6171875,967.5577392578124,24.451889038085938,-0.07902444580349766,0.06191093350827259
1.6328125,967.5570678710938,24.443321228027344,-0.07813927329323178,0.052926380297726894
1.6484375,967.5562133789062,24.450767517089844,-0.07745091849869823,0.05990100788084973
1.6640625,967.5795288085938,24.43661499023437,-0.05307815504534119,0.04539107101736661
1.6796875,967.5725708007812,24.4530029296875,-0.058863581552031974,0.061296361951193035
1.6953125,967.5573120117188,24.437728881835938,-0.07267466806342782,0.045662764770728614
1.7109375,967.550048828125,24.44219970703125,-0.07837656549202165,0.049741921294430114
1.7265625,967.5609130859376,24.445556640625,-0.06619370792009249,0.052684020084367233
1.7421875,967.5662231445312,24.43661499023437,-0.05969451555051819,0.04340063243050807
1.7578125,967.5841064453124,24.435874938964844,-0.04099458948087431,0.04232729537066149
1.7734375,967.5584106445312,24.437728881835938,-0.06538784357724126,0.04383607231799047
1.7890625,967.562255859375,24.437728881835938,-0.060340624266018494,0.04349360300300731
1.8046875,967.5634765625,24.437728881835938,-0.057965235181200114,0.04315380922954759
1.8203125,967.557373046875,24.45635986328125,-0.06281740801705382,0.06130209699771427
1.8359375,967.5606689453124,24.44258117675781,-0.05835898009570428,0.04715213382994321
1.8515625,967.5609130859376,24.43661499023437,-0.056979784012014534,0.04086418209317344
1.8671875,967.5621948242188,24.432518005371094,-0.054610193275152596,0.03647995350153721
1.8828125,967.5580444335938,24.44258117675781,-0.05761291624583009,0.0461795067250641
1.8984375,967.56591796875,24.42804718017578,-0.048767908802688,0.03139827959504515
1.9140625,967.563720703125,24.42431640625,-0.049969760864655655,0.02745135328122217
1.9296875,967.5639038085938,24.42804718017578,-0.04881425978271636,0.030938516838197927
1.9453125,967.5703735351562,24.436988830566406,-0.04151749155573725,0.03956860342234947
1.9609375,967.5634155273438,24.44629669189453,-0.04752871227117339,0.048494617369613024
1.9765625,967.563232421875,24.44518280029297,-0.04677994629969362,0.047010563847987186
1.9921875,967.5783081054688,24.445556640625,-0.031085038824926414,0.047014213522363235
2.0078125,967.5784301757812,24.44629669189453,-0.03035822303365876,0.04738118459820839
2.0234375,967.5784912109376,24.43661499023437,-0.029705445926538232,0.03740495572759528
2.0390625,967.5530395507812,24.439971923828125,-0.05407981885468871,0.04044343706102538
2.0546875,967.5588989257812,24.445556640625,-0.04727863831067225,0.04566855890588428
2.0703125,967.5662231445312,24.437728881835938,-0.03917405980359945,0.03754516886590764
2.0859375,967.5647583007812,24.437728881835938,-0.039845174968604624,0.03725184723414188
2.1015625,967.5774536132812,24.42431640625,-0.02661959171723538,0.023653126557203308
2.1171875,967.5711669921876,24.440711975097656,-0.03226351334194533,0.0397358149720084
2.1328125,967.565673828125,24.44182586669922,-0.037019242299038524,0.040530568240964016
2.1484375,967.5669555664062,24.453758239746094,-0.03503950589242777,0.05205307455902641
2.1640625,967.5792846679688,24.44219970703125,-0.02226684174536331,0.040178178236025985
2.1796875,967.589599609375,24.450767517089844,-0.011718464785644755,0.048365160261067075
2.1953125,967.5838623046876,24.44891357421875,-0.017114836475457196,0.04614784850411269
2.2109375,967.5751342773438,24.44629669189453,-0.02533812038529959,0.04319088050661435
2.2265625,967.5881958007812,24.454498291015625,-0.012036819663649112,0.05099097588061596
2.2421875,967.5811767578124,24.46306610107422,-0.01868367781548841,0.059093482924058804
2.2578125,967.5900268554688,24.46417999267578,-0.009641518046692,0.05973700441213836
2.2734375,967.5907592773438,24.471641540527344,-0.008735090387062883,0.06667356357414178
2.2890625,967.5909423828124,24.4813232421875,-0.008384953962945474,0.0757587397246553
2.3046875,967.595703125,24.489524841308597,-0.003553426389089509,0.08330439869851958
2.3203125,967.599609375,24.52118682861328,0.000345932524737691,0.11406821111255283
2.3359375,967.5756225585938,24.51671600341797,-0.023179147868177097,0.10874115633976089
2.3515625,967.5897216796876,24.53646850585937,-0.008902682501343406,0.12748980207193483
2.3671875,967.6016845703124,24.57036590576172,0.0030004384335597933,0.16012636445885775
2.3828125,967.594970703125,24.582290649414062,-0.003640900848495221,0.17070695882908282
2.3984375,967.6005859375,24.63594055175781,0.001935772324827667,0.22260407319491549
2.4140625,967.6119384765624,24.666488647460938,0.013028774055442227,0.2511744175785289
2.4296875,967.5963134765624,24.693687438964844,-0.002545518406577685,0.2761984183864783
2.4453125,967.6095581054688,24.73206329345703,0.010490143497804638,0.3121166613717996
2.4609375,967.6168823242188,24.76819610595703,0.017466425485167747,0.3455287748571756
2.4765625,967.6177368164062,24.81552124023437,0.01796308724942719,0.3897847379694035
2.4921875,967.602783203125,24.850906372070312,0.002950695179720242,0.4218482301974902
2.5078125,967.6085205078124,24.87848663330078,0.00851831236968792,0.44591733133867706
2.5234375,967.6193237304688,24.93101501464844,0.018944161295053163,0.49455160555597644
2.5390625,967.6183471679688,24.96714782714844,0.01761666913114368,0.5265384460399147
2.5546875,967.6167602539062,25.002174377441406,0.015716673914994317,0.5571777697990292
2.5703125,967.61083984375,25.044273376464844,0.009604930482169038,0.59459491906604
2.5859375,967.6294555664062,25.069610595703125,0.027669468506815065,0.6150889184738197
2.6015625,967.6231079101562,25.115066528320312,0.020905370611217222,0.6553843444418597
2.6171875,967.6158447265624,25.144500732421875,0.013375738052218367,0.6794684036329279
2.6328125,967.628173828125,25.205223083496094,0.02520279196608044,0.7344080144359957
2.6484375,967.628662109375,25.23838806152344,0.02518929444238438,0.7615763284597215
2.6640625,967.6158447265624,25.23838806152344,0.012130272730701108,0.7556265133936293
2.6796875,967.6085205078124,25.23838806152344,0.004712185738867447,0.7497231812577425
2.6953125,967.6158447265624,25.298370361328125,0.011801318463653843,0.803379656991627
2.7109375,967.6174926757812,25.337486267089844,0.013186586673100464,0.8359135661693351
2.7265625,967.6242065429688,25.371017456054688,0.019511773121166698,0.8626522179846923
2.7421875,967.6144409179688,25.41461181640625,0.009555793665640522,0.8991665269430023
2.7578125,967.613037109375,25.447021484375,0.007992766613483582,0.9242982558890027
2.7734375,967.6171875,25.485397338867188,0.011905986198712526,0.9551532188938374
2.7890625,967.6159057617188,25.51966857910156,0.01041674307532503,0.9816945805412693
2.8046875,967.6239013671876,25.559532165527344,0.018052732361638846,1.0135772437876227
2.8203125,967.6239624023438,25.598289489746094,0.017759982995926293,1.044113204193824
2.8359375,967.628173828125,25.63665771484375,0.02154227969947442,1.074024543125141
2.8515625,967.6365966796876,25.65267944335937,0.029379874792084593,1.0815302851435682
2.8671875,967.6389770507812,25.68658447265625,0.031139928583229448,1.1067209760463825
2.8828125,967.642578125,25.72271728515625,0.03406246759095666,1.1339252433233646
2.8984375,967.6417236328124,25.749176025390625,0.032559382133740655,1.1513184836861932
2.9140625,967.643310546875,25.78680419921875,0.03347937634873688,1.1796580117524869
2.9296875,967.6236572265624,25.821456909179688,0.013556015879203187,1.204823919200038
2.9453125,967.6439819335938,25.83560943603516,0.033218990041177676,1.2094531925707024
2.9609375,967.624755859375,25.853492736816406,0.013719616685307301,1.2177479269976352
2.9765625,967.6266479492188,25.89559936523437,0.015306790385920976,1.2500119417014162
2.9921875,967.6470336914062,25.91608428955078,0.0349954127965475,1.2605711092520622
3.0078125,967.6505126953124,25.945518493652344,0.03772296325143998,1.2799271468430504
3.0234375,967.6524658203124,25.97681427001953,0.0389011646527706,1.3009789941226586
3.0390625,967.644287109375,25.999168395996094,0.03012240579130321,1.3129945800984473
3.0546875,967.6583251953124,26.021148681640625,0.043297982124613554,1.3245453746043623
3.0703125,967.6326904296876,26.068092346191406,0.017318231802619266,1.3607742810367434
3.0859375,967.6469116210938,26.0762939453125,0.030923418849170048,1.3582807560941035
3.1015625,967.642333984375,26.1053466796875,0.025831216073129326,1.3764949475748125
3.1171875,967.6436767578124,26.13329315185547,0.02664324752788616,1.3934692211510402
3.1328125,967.6485595703124,26.156768798828125,0.030910316667927873,1.4058749863414803
3.1484375,967.65966796875,26.18731689453125,0.04119803707612846,1.425201026716131
3.1640625,967.6605224609376,26.214508056640625,0.04123119080156812,1.441045374850308
3.1796875,967.6476440429688,26.243202209472656,0.027799007738281034,1.4582571876223227
3.1953125,967.6538696289062,26.27002716064453,0.03336005083053806,1.4734799345848693
3.2109375,967.6512451171876,26.28827667236328,0.030135235613670375,1.4800753100043735
3.2265625,967.6605224609376,26.325538635253903,0.03864280242294171,1.5054830754505026
3.2421875,967.6438598632812,26.33000946044922,0.021550903892261886,1.4981573857970218
3.2578125,967.658935546875,26.361305236816406,0.03591122444913708,1.5175043093348002
3.2734375,967.6666870117188,26.368385314941406,0.04280990239260518,1.512673571932769
3.2890625,967.6454467773438,26.403038024902344,0.02114838543911901,1.5352377953164122
3.3046875,967.6680908203124,26.41011047363281,0.04293710754041058,1.5302609452652618
3.3203125,967.6719970703124,26.41607666015625,0.045928448213430784,1.5242253573216047
3.3359375,967.6427001953124,26.45445251464844,0.016306737799141047,1.5503933898465014
3.3515625,967.6469116210938,26.46227264404297,0.020117418198083215,1.546039976121957
3.3671875,967.6514892578124,26.49058532714844,0.02421272962533294,1.5620530290772159
3.3828125,967.661865234375,26.50287628173828,0.03391314552015956,1.562044421294658
3.3984375,967.676513671875,26.51815795898437,0.04761311460174511,1.5650032383958994
3.4140625,967.6508178710938,26.524864196777344,0.021489241284939453,1.5594304959061454
3.4296875,967.6515502929688,26.546104431152344,0.02178764630139085,1.5683217402008225
3.4453125,967.6618041992188,26.57404327392578,0.03141574097810462,1.583789797169775
3.4609375,967.6647338867188,26.594161987304688,0.033674619328166955,1.5913779753100208
3.4765625,967.6431274414062,26.61017608642578,0.011832467491899479,1.5948343238496214
3.4921875,967.6663208007812,26.60533905029297,0.03434172868594487,1.5775754339065209
3.5078125,967.65966796875,26.6202392578125,0.027148097891881662,1.580034425477411
3.5234375,967.661865234375,26.650787353515625,0.028772211885666366,1.5979998452338116
3.5390625,967.6847534179688,26.65787506103516,0.05065140338024321,1.5925478062474596
3.5546875,967.6714477539062,26.65787506103516,0.036616330346646464,1.580106026511153
3.5703125,967.666015625,26.679473876953125,0.030575135005960874,1.5891915233476404
3.5859375,967.6665649414062,26.685813903808597,0.0305165519705497,1.5830664599671493
3.6015625,967.6598510742188,26.707794189453125,0.023337788595881648,1.5925073179115863
3.6171875,967.6458129882812,26.721206665039062,0.009118067840859112,1.5933735451108255
3.6328125,967.6728515625,26.74169921875,0.03545045764440147,1.6012577699247181
3.6484375,967.6549682617188,26.75697326660156,0.01722404833071778,1.6039026629498991
3.6640625,967.6548461914062,26.76665496826172,0.016767955010095648,1.6009782367615415
3.6796875,967.6632080078124,26.778587341308597,0.024638955568207166,1.6003097456692927
3.6953125,967.6590576171876,26.80018615722656,0.020088397659378643,1.609237400949855
3.7109375,967.6644287109376,26.80242156982422,0.0249622357177941,1.598883182191674
3.7265625,967.673095703125,26.810623168945312,0.032972407047623165,1.5945294314587635
3.7421875,967.6576538085938,26.816207885742188,0.01718811969374201,1.587613256472391
3.7578125,967.6582641601562,26.836334228515625,0.017450844864470128,1.595179133626722
3.7734375,967.6604614257812,26.843032836914062,0.019264358331497533,1.5893630721655896
3.7890625,967.6611328125,26.85942840576172,0.019546375029790397,1.5932136516303288
3.8046875,967.6463623046876,26.865768432617188,0.0046825885608541284,1.5870571653726273
3.8203125,967.6636352539062,26.869117736816406,0.021526718682252977,1.5779814190283155
3.8359375,967.6651611328124,26.87432861328125,0.02260235154176371,1.5708236056846197
3.8515625,967.662109375,26.89519500732422,0.019168746195646236,1.579254921604715
3.8671875,967.6502685546876,26.904510498046875,0.00718480233081209,1.5761597059810626
3.8828125,967.6519165039062,26.91419219970703,0.00866023687069628,1.573452021644023
3.8984375,967.6615600585938,26.916061401367188,0.01794629562937189,1.5630140262471137
3.9140625,967.6531982421876,26.928726196289062,0.009397282363352133,1.5633688303786073
3.9296875,967.6478881835938,26.94325256347656,0.004007395180224194,1.5655678913351174
3.9453125,967.6445922851562,26.951080322265625,0.0006976003219278937,1.5611034966075898
3.9609375,967.6710815429688,26.96784210205078,0.02665586481145965,1.5655382039209265
3.9765625,967.6564331054688,26.976043701171875,0.01177290724683644,1.5614449608307552
3.9921875,967.6451416015624,26.990951538085938,0.0004720009314951312,1.5640375415124375
4.0078125,967.6753540039062,26.994667053222656,0.030085098523841225,1.5555049858940855
4.0234375,967.6660766601562,27.008079528808597,0.020401353313445725,1.5566602938122145
4.0390625,967.668701171875,27.01777648925781,0.02257614110578743,1.5541200882125104
4.0546875,967.6727905273438,27.008834838867188,0.026144686094539793,1.5331067312764048
4.0703125,967.6554565429688,27.02448272705078,0.008638617701535622,1.5366549739954678
4.0859375,967.6735229492188,27.040496826171875,0.026183441452531042,1.5405388459828373
4.1015625,967.66796875,27.04236602783203,0.02022632734644958,1.5303579847707809
4.1171875,967.6590576171876,27.047576904296875,0.011094194640804744,1.52357222950722
4.1328125,967.6669311523438,27.061363220214844,0.018597266324377415,1.525347931789053
4.1484375,967.6671752929688,27.066200256347656,0.01847341071993469,1.518230397859977
4.1640625,967.653076171875,27.08148193359375,0.004288854281867316,1.5215315120193047
4.1796875,967.6553955078124,27.08148193359375,0.006479124004044934,1.5096445470816526
4.1953125,967.6834106445312,27.098617553710938,0.033820544693185184,1.5148521971425986
4.2109375,967.6853637695312,27.099365234375,0.03507496520694531,1.5037592537612952
4.2265625,967.6591186523438,27.108673095703125,0.008657390050302638,1.5012462782527827
4.2421875,967.6596069335938,27.11166381835937,0.008967044907763011,1.4924851493394264
4.2578125,967.6708374023438,27.11128234863281,0.019803030969114843,1.4804466196158899
4.2734375,967.6731567382812,27.123580932617188,0.02169028942796558,1.4810831316971402
4.2890625,967.696533203125,27.133262634277344,0.04418654422738655,1.4791182330966919
4.3046875,967.6926879882812,27.134017944335938,0.0395534127941346,1.4683120310993836
4.3203125,967.6805419921876,27.147430419921875,0.026872115593050694,1.4701485339768432
4.3359375,967.6716918945312,27.138107299804688,0.01767002539884288,1.4494127153138763
4.3515625,967.6517944335938,27.151519775390625,-0.002183930938258527,1.451396869095909
4.3671875,967.6739501953124,27.143699645996094,0.019581755960416558,1.4322987964224616
4.3828125,967.6481323242188,27.144439697265625,-0.00611431600952983,1.4218432316943996
4.3984375,967.6798706054688,27.143325805664062,0.025123497169374787,1.4096298921233625
4.4140625,967.6566162109376,27.14183807373047,0.00183259672735403,1.3971410495632846
4.4296875,967.66796875,27.143325805664062,0.012927613606393606,1.387701994141434
4.4453125,967.6730346679688,27.133262634277344,0.017642095411588343,1.3668760194519436
4.4609375,967.6725463867188,27.133262634277344,0.01681877872874793,1.356197300549976
4.4765625,967.67138671875,27.1280517578125,0.015353268752960503,1.340431842646968
4.4921875,967.67138671875,27.13252258300781,0.015053400222655,1.3343956157497594
4.5078125,967.6767578125,27.122840881347656,0.020025578074751138,1.314364586635783
4.5234375,967.6646728515624,27.108673095703125,0.007785526958627997,1.2900390134835078
4.5390625,967.6692504882812,27.095260620117188,0.012121695636892582,1.266652893070244
4.5546875,967.6739501953124,27.071792602539062,0.01649285964720093,1.2334724936523358
4.5703125,967.6694946289062,27.06098937988281,0.011802189857462508,1.213117167316426
4.5859375,967.6818237304688,27.043846130371094,0.023659977134457222,1.1866303715718622
4.6015625,967.6744384765624,27.025222778320312,0.01595685754000442,1.158881964681072
4.6171875,967.6607666015624,27.008079528808597,0.0022403539747983814,1.1328188814570979
4.6328125,967.6663208007812,26.99839782714844,0.007642315826615231,1.1143626705797764
4.6484375,967.670654296875,26.971946716308597,0.011741909343754742,1.0794122506794643
4.6640625,967.6618041992188,26.96710205078125,0.002835330990478724,1.0661725258931156
4.6796875,967.6612548828124,26.942886352539062,0.002241365861777922,1.0338165399349037
4.6953125,967.6573486328124,26.92425537109375,-0.0016323668698987603,1.0072544213138919
4.7109375,967.6619873046876,26.89892578125,0.002947588110714605,0.9742535437242807
4.7265625,967.65625,26.882156372070312,-0.0027352299249514544,0.9500037897434623
4.7421875,967.6685180664062,26.866134643554688,0.009346648268774516,0.9266853263744963
4.7578125,967.6641845703124,26.851600646972656,0.0049152390464541895,0.9050251475284625
4.7734375,967.6596069335938,26.83447265625,0.0003310085323846579,0.8809604602682626
4.7890625,967.6553955078124,26.815093994140625,-0.003804627849604003,0.8548506903607702
4.8046875,967.6618041992188,26.814720153808597,0.002553202940362098,0.847801249637893
4.8203125,967.6732788085938,26.79721069335937,0.013753831606095446,0.8238051345856299
4.8359375,967.6598510742188,26.75697326660156,0.0003197281445181943,0.7774460851104124
4.8515625,967.64990234375,26.74691772460937,-0.009440935872589762,0.7613953045001125
4.8671875,967.6561279296876,26.72381591796875,-0.0031525501315172733,0.7325255799074633
4.8828125,967.6780395507812,26.703697204589844,0.018392682857438558,0.7068411878838035
4.8984375,967.6758422851562,26.685813903808597,0.015879100489655684,0.68357540360957
4.9140625,967.6549682617188,26.68134307861328,-0.004897365859051206,0.6737990738953918
4.9296875,967.667236328125,26.65228271484375,0.0072267415521309886,0.6397016889530036
4.9453125,967.6721801757812,26.63663482666016,0.011932882387895916,0.6191783804509008
4.9609375,967.6630249023438,26.6060791015625,0.002723358775597262,0.5840240408582922
4.9765625,967.65966796875,26.601608276367188,-0.0006212003099790309,0.5750254561656121
4.9921875,967.662841796875,26.58111572265625,0.0025027718030514734,0.5502006141542459
5.0078125,967.6607055664062,26.561752319335938,0.00035938232383614377,0.526690045124294
5.0234375,967.6622924804688,26.553550720214844,0.0019082827850525064,0.5144377550188004
5.0390625,967.6625366210938,26.53082275390625,0.0021103838903400174,0.48786830598590925
5.0546875,967.6552124023438,26.508102416992188,-0.005112002147598105,0.46151400056347214
5.0703125,967.6637573242188,26.50474548339844,0.003365870514016933,0.45457771488402443
5.0859375,967.6524047851562,26.490219116210938,-0.007830678928371526,0.43661344654264056
5.1015625,967.6618041992188,26.48275756835937,0.0015380957760271485,0.4257991494825504
5.1171875,967.660888671875,26.458541870117188,0.0006104088926122131,0.3984460805275525
5.1328125,967.6760864257812,26.449981689453125,0.015499409619224025,0.38683991627080516
5.1484375,967.6719970703124,26.436569213867188,0.011187201530219681,0.37051003880451816
5.1640625,967.663818359375,26.41607666015625,0.0029497310109718455,0.3472829734912857
5.1796875,967.6786499023438,26.39930725097656,0.017433983472301406,0.3279314270904088
5.1953125,967.6689453125,26.37621307373047,0.007578428909255308,0.30245570882991046
5.2109375,967.6731567382812,26.37657928466797,0.01155958409106006,0.3004561235192291
5.2265625,967.6781005859376,26.361305236816406,0.01618109909611576,0.28295409070151223
5.2421875,967.649658203125,26.3411865234375,-0.012021805518884321,0.2607819759372738
5.2578125,967.6791381835938,26.33448028564453,0.01711719497041031,0.2520907714400522
5.2734375,967.666748046875,26.32069396972656,0.004634732895169691,0.23644270196331263
5.2890625,967.6701049804688,26.315475463867188,0.007835579252855496,0.22941775707187873
5.3046875,967.666015625,26.28716278076172,0.0036730553508732555,0.19953394057604612
5.3203125,967.667724609375,26.28009033203125,0.005276921762515485,0.19095788644053258
5.3359375,967.6700439453124,26.258102416992188,0.007447893291669061,0.16764989349989534
5.3515625,967.66943359375,26.258102416992188,0.006703995992438649,0.16634012870692771
5.3671875,967.6817016601562,26.254005432128903,0.018601514304918965,0.1609756192823646
5.3828125,967.6677856445312,26.248794555664062,0.004593985033807257,0.15454783076426182
5.3984375,967.6738891601562,26.232391357421875,0.010488565099080915,0.13706537758049464
5.4140625,967.6836547851562,26.213394165039062,0.019858600448742436,0.11714577750082356
5.4296875,967.6627197265624,26.18359375,-0.0010554335719916708,0.08666297681752866
5.4453125,967.6697998046876,26.19178771972656,0.005906975714310647,0.09411587664921228
5.4609375,967.667724609375,26.178375244140625,0.0037569409407751664,0.0800729057424725
5.4765625,967.6535034179688,26.166824340820312,-0.010259870573577246,0.06798667427823801
5.4921875,967.676513671875,26.16049194335937,0.012501352408207822,0.06117260277966352
5.5078125,967.6758422851562,26.14073944091797,0.011598911672081158,0.04109650580436863
5.5234375,967.6781005859376,26.139625549316406,0.013586563772719273,0.039670250029345766
5.5390625,967.6828002929688,26.12174224853516,0.017929117077187584,0.021616738707098904
5.5546875,967.6527709960938,26.10162353515625,-0.011863848161169699,0.0014863220053129567
5.5703125,967.6505737304688,26.10162353515625,-0.013786482657565102,0.0014747101146461716
5.5859375,967.6640625,26.08970642089844,-0.0002918984167763483,-0.010360822860793206
5.6015625,967.65234375,26.08560943603516,-0.011776065439903505,-0.014344856101228487
5.6171875,967.6622314453124,26.078903198242188,-0.0018514878984206007,-0.0208866322231529
5.6328125,967.6669921875,26.058029174804688,0.0028524329163701623,-0.041434400538303606
5.6484375,967.6476440429688,26.065109252929688,-0.0161735297474479,-0.0340859292694482
5.6640625,967.6703491210938,26.05020904541016,0.006403979073297705,-0.048603432595310636
5.6796875,967.6774291992188,26.053939819335938,0.013220696706184754,-0.044522091023676325
5.6953125,967.658203125,26.034194946289062,-0.005888084982984765,-0.06376487841374967
5.7109375,967.67138671875,26.043136596679688,0.007153018361464092,-0.05439492155419501
5.7265625,967.6723022460938,26.024497985839844,0.007910956921932666,-0.07246295792220891
5.7421875,967.6799926757812,26.016677856445312,0.015296672027261593,-0.07965587569707822
5.7578125,967.6675415039062,26.01631164550781,0.002789923977388753,-0.07939691408274996
5.7734375,967.6749267578124,25.991722106933597,0.009976443940445279,-0.10317405849557915
5.7890625,967.6678466796876,25.99693298339844,0.002839796170860609,-0.09719784467112191
5.8046875,967.6683959960938,25.985382080078125,0.003322918972003208,-0.10789914839775605
5.8203125,967.6702880859376,25.960792541503903,0.005113153174875151,-0.13145361910500952
5.8359375,967.6644897460938,25.97607421875,-0.0006718041169051503,-0.11526434856314083
5.8515625,967.66015625,25.97607421875,-0.00490754044096775,-0.1143638458399927
5.8671875,967.666748046875,25.960426330566406,0.0016513608005652713,-0.12899601735152544
5.8828125,967.6676635742188,25.96489715576172,0.0025167536102799204,-0.12355233909249108
5.8984375,967.663818359375,25.94775390625,-0.0013025147250118607,-0.13959640431824027
5.9140625,967.6619262695312,25.952964782714844,-0.0031322099482622434,-0.13333564091704275
5.9296875,967.666748046875,25.945518493652344,0.0016565680323310517,-0.13968207115157583
5.9453125,967.6567993164062,25.935455322265625,-0.008130206138844187,-0.1485753578309641
5.9609375,967.6649169921876,25.93360137939453,-1.2285623938623758e-05,-0.1492540717903239
5.9765625,967.6604614257812,25.924659729003903,-0.004380589295351456,-0.1569598181014129
5.9921875,967.6544799804688,25.909011840820312,-0.010159651119465707,-0.17125920857965227
6.0078125,967.6704711914062,25.903785705566406,0.005717662165352522,-0.17510655208485915
6.0234375,967.669921875,25.910125732421875,0.0050674015060394595,-0.16744803675103626
6.0390625,967.6681518554688,25.88702392578125,0.0032329799830677075,-0.1890611727401641
6.0546875,967.6766357421876,25.874725341796875,0.011488021649142865,-0.19978663362512705
6.0703125,967.666748046875,25.881431579589844,0.0015690699627839422,-0.19157195523971993
6.0859375,967.658935546875,25.856475830078125,-0.006121488044300349,-0.21483608205806703
6.1015625,967.6520385742188,25.856475830078125,-0.012764193890006936,-0.2131576751669897
6.1171875,967.6885986328124,25.85125732421875,0.023331101721169034,-0.21667011711209483
6.1328125,967.6825561523438,25.857223510742188,0.01695095286868309,-0.20905780613093228
6.1484375,967.677734375,25.84268951416016,0.011892277565493714,-0.22184499175426353
6.1640625,967.6760864257812,25.83672332763672,0.010044243808692954,-0.22603140344741135
6.1796875,967.6705322265624,25.82965087890625,0.004402348406415513,-0.2312827283327401
6.1953125,967.6509399414062,25.819595336914062,-0.014893258297547618,-0.23945281508801486
6.2109375,967.661376953125,25.80095672607422,-0.004369210512777499,-0.256075086662797
6.2265625,967.67333984375,25.807296752929688,0.007445366047477364,-0.24778400465258343
6.2421875,967.67529296875,25.807296752929688,0.009214926769232079,-0.24584819211623454
6.2578125,967.6831665039062,25.80282592773437,0.01675470290354042,-0.2483633999888042
6.2734375,967.6796875,25.77972412109375,0.013016408001249147,-0.26934438470263444
6.2890625,967.6722412109376,25.771896362304688,0.005461327553348383,-0.2750067361206696
6.3046875,967.6524658203124,25.756248474121094,-0.014034491527468163,-0.2883838850518856
6.3203125,967.6605224609376,25.764450073242188,-0.005861096001808619,-0.2779933618219559
6.3359375,967.6675415039062,25.76109313964844,0.0011353308151456076,-0.2791522462327656
6.3515625,967.6544189453124,25.75476837158203,-0.011753102236184532,-0.2832467251249646
6.3671875,967.66162109375,25.75476837158203,-0.004462067982217377,-0.2810338600849249
6.3828125,967.6641235351562,25.75476837158203,-0.0019213526194334918,-0.2788382830530125
6.3984375,967.6549072265624,25.75177764892578,-0.010920128767679671,-0.27962721660215806
6.4140625,967.6558227539062,25.74842834472656,-0.00980919905225619,-0.2807657667326211
6.4296875,967.682861328125,25.735015869140625,0.016892863932753244,-0.29187997480044103
6.4453125,967.651611328125,25.730918884277344,-0.014076723253424461,-0.2936646396663498
6.4609375,967.651123046875,25.73241424560547,-0.0142805317592547,-0.289886705851206
6.4765625,967.6591796875,25.71453094482422,-0.006102330760541008,-0.30536555345564054
6.4921875,967.6652221679688,25.73352813720703,-5.868134076081333e-05,-0.2841311082519482
6.5078125,967.6526489257812,25.719741821289062,-0.012385206271801508,-0.29558994429358876
6.5234375,967.6644897460938,25.724952697753903,-0.0005337534209957084,-0.2881104813613362
6.5390625,967.6681518554688,25.721237182617188,0.00306725525172169,-0.28954610590040986
6.5546875,967.6658935546876,25.724952697753903,0.0007931545785595517,-0.28359753927335163
6.5703125,967.6700439453124,25.71713256835937,0.00484699158607782,-0.28914096813141654
6.5859375,967.6654663085938,25.71527099609375,0.000264094030171691,-0.2887290830501854
6.6015625,967.6591796875,25.71713256835937,-0.005904899581878453,-0.28462635835655803
6.6171875,967.6654663085938,25.694412231445312,0.00037426601363677037,-0.3049455492138158
6.6328125,967.6599731445312,25.685089111328125,-0.005018919571398328,-0.31181344535185573
6.6484375,967.6778564453124,25.692176818847656,0.012613123764253942,-0.30234506800550776
6.6640625,967.6646118164062,25.68658447265625,-0.0006191710571101794,-0.30553165314849906
6.6796875,967.673095703125,25.681739807128903,0.007711107933914718,-0.3079515036861906
6.6953125,967.6725463867188,25.67689514160156,0.007021912786854045,-0.31035244914155413
6.7109375,967.647705078125,25.677642822265625,-0.017471360732542962,-0.30718598122375695
6.7265625,967.6612548828124,25.6690673828125,-0.0038449631535968365,-0.3132945345778424
6.7421875,967.6467895507812,25.670936584472656,-0.01795267223189967,-0.3089923225042668
6.7578125,967.655029296875,25.674293518066406,-0.009523220549567668,-0.30324761243465304
6.7734375,967.6559448242188,25.65491485595703,-0.008439574197836919,-0.3201057567741543
6.7890625,967.6532592773438,25.66497802734375,-0.010907833551868862,-0.3076203776890978
6.8046875,967.6463012695312,25.653793334960938,-0.017516899150223253,-0.31631440546197354
6.8203125,967.6536254882812,25.65565490722656,-0.009993604611167939,-0.31199617043700556
6.8359375,967.6587524414062,25.653793334960938,-0.0047715996993247245,-0.3114057290877632
6.8515625,967.6714477539062,25.66497802734375,0.007768952784999783,-0.2978755598556937
6.8671875,967.6597290039062,25.65267944335937,-0.003872652738095894,-0.30775090834132257
6.8828125,967.6694946289062,25.65491485595703,0.005777875147373379,-0.30312865593316474
6.8984375,967.6586303710938,25.64634704589844,-0.004987039253705916,-0.3092613373511952
6.9140625,967.6553955078124,25.641876220703125,-0.008061318501177084,-0.31128113002661806
6.9296875,967.6572265625,25.63926696777344,-0.006108578973453405,-0.311438114339456
6.9453125,967.666748046875,25.63740539550781,0.0033462470929634947,-0.31085203280348495
6.9609375,967.6555786132812,25.63665771484375,-0.007670389889426588,-0.30916534070608037
6.9765625,967.667724609375,25.63964080810547,0.004388192020655879,-0.3037901986362037
6.9921875,967.666748046875,25.631820678710938,0.0033449961315454857,-0.30917587234299404
7.0078125,967.6561279296876,25.63032531738281,-0.007133028847761125,-0.30824411465806634
7.0234375,967.656005859375,25.62622833251953,-0.007113398004889859,-0.30990093468133395
7.0390625,967.6604614257812,25.61541748046875,-0.0026059208252036115,-0.31820622589826897
7.0546875,967.6653442382812,25.631065368652344,0.002232421134294782,-0.30019460070127835
7.0703125,967.6512451171876,25.61505126953125,-0.011634928475814377,-0.31373831935501073
7.0859375,967.6702270507812,25.61541748046875,0.007203508924135349,-0.3109238888205006
7.1015625,967.6543579101562,25.606857299804688,-0.008496381081727122,-0.31698810019171475
7.1171875,967.6619873046876,25.610206604003903,-0.0008500532193238541,-0.31118849289880757
7.1328125,967.6697387695312,25.610206604003903,0.006766618428514448,-0.3087573327980344
7.1484375,967.6569213867188,25.606109619140625,-0.0059325853920881855,-0.3104101433045834
7.1640625,967.6692504882812,25.610206604003903,0.006271584214005088,-0.30392008689098304
7.1796875,967.659912109375,25.595298767089844,-0.0030068963584426456,-0.31633708065031385
7.1953125,967.6723022460938,25.61206817626953,0.009199973947033868,-0.29722729903726375
7.2109375,967.6594848632812,25.59082794189453,-0.003546756348555391,-0.3159795058074799
7.2265625,967.6669921875,25.60238647460937,0.0038832130289847555,-0.3020426842403552
7.2421875,967.6585083007812,25.588592529296875,-0.004510816781817084,-0.31336915588446956
7.2578125,967.684326171875,25.58711242675781,0.020890900907375,-0.3123894985921005
7.2734375,967.646484375,25.58673095703125,-0.016619823780729348,-0.31032744512867083
7.2890625,967.67138671875,25.585243225097656,0.008120752001104847,-0.3093791209914656
7.3046875,967.6577758789062,25.58971405029297,-0.005382859564520004,-0.3025261997352473
7.3203125,967.6626586914062,25.59679412841797,-0.0004902805202391392,-0.29313794878516575
7.3359375,967.6560668945312,25.60238647460937,-0.006943755571114707,-0.2852991525735007
7.3515625,967.6566772460938,25.60797119140625,-0.006209704711523045,-0.2775291667471187
7.3671875,967.6608276367188,25.61206817626953,-0.0020190931082879615,-0.27129599296286955
7.3828125,967.651611328125,25.626968383789062,-0.011015960262511726,-0.2543926933695637
7.3984375,967.6580810546876,25.64373779296875,-0.0044574400729970876,-0.23576685228214345
7.4140625,967.692138671875,25.65752410888672,0.029022048655178878,-0.2202463134238286
7.4296875,967.6730346679688,25.68099975585937,0.00972433293748054,-0.19523339561952469
7.4453125,967.6823120117188,25.691421508789062,0.018630550189641326,-0.18336780173131828
7.4609375,967.6644897460938,25.725326538085938,0.0007924977567199676,-0.14829509452479783
7.4765625,967.6663208007812,25.735389709472656,0.002572311185531362,-0.13715198623856395
7.4921875,967.6875610351562,25.76482391357422,0.02334745678001582,-0.10687623696405524
7.5078125,967.6705932617188,25.809158325195312,0.006255080152186565,-0.062053217332469046
7.5234375,967.6779174804688,25.81996154785156,0.01331407822044639,-0.05084960409281436
7.5390625,967.6759643554688,25.853492736816406,0.01113905960289685,-0.01718311500977876
7.5546875,967.6644287109376,25.87435913085937,-0.00038883912884557503,0.003654503415738475
7.5703125,967.6904296875,25.888893127441406,0.02511190037432698,0.018046402341539647
7.5859375,967.6652221679688,25.926513671875,-9.37515952728063e-05,0.055232048753453
7.6015625,967.6692504882812,25.94775390625,0.0038577216719204444,0.07587484341651063
7.6171875,967.6923828125,25.967498779296875,0.026462896556836313,0.0948726874285164
7.6328125,967.6689453125,25.98985290527344,0.002966306780308514,0.11631097892535536
7.6484375,967.6762084960938,26.02896881103516,0.010029695640241698,0.1542126121504559
7.6640625,967.6981201171876,26.04052734375,0.031317462891593095,0.1644760577960369
7.6796875,967.6719970703124,26.05542755126953,0.005092962578601146,0.17797488824279029
7.6953125,967.6736450195312,26.09491729736328,0.006609253363876633,0.21576569188078665
7.7109375,967.6809692382812,26.104232788085938,0.01366133398664715,0.22332273586435392
7.7265625,967.6697387695312,26.12696075439453,0.002383387399959247,0.24412843106222226
7.7421875,967.6825561523438,26.142608642578125,0.014903880169299555,0.25774681675170896
7.7578125,967.6738891601562,26.159744262695312,0.006115073763453438,0.27273491783085646
7.7734375,967.6708984375,26.200729370117188,0.0030633286246484204,0.3112690875554449
7.7890625,967.6649780273438,26.23500061035156,-0.0028012791578930774,0.34284079397895795
7.8046875,967.665771484375,26.25326538085937,-0.0019686068507098753,0.3582844272642163
7.8203125,967.667724609375,26.29424285888672,-1.5179470779003168e-05,0.39614267165647377
7.8359375,967.6477661132812,26.307655334472656,-0.01958356471368461,0.40635549765458023
7.8515625,967.665771484375,26.32627868652344,-0.0015473695258378939,0.4216587024420413
7.8671875,967.6329345703124,26.357574462890625,-0.033712715549654604,0.4494157719435279
7.8828125,967.6607666015624,26.37621307373047,-0.00576582718440477,0.4643977079178754
7.8984375,967.646240234375,26.38775634765625,-0.01989586245042574,0.47222269292300467
7.9140625,967.6640625,26.414215087890625,-0.0020330968874304745,0.4947854844608379
7.9296875,967.642578125,26.44811248779297,-0.023058146264588686,0.5245525493290941
7.9453125,967.6541137695312,26.482391357421875,-0.011297452871303904,0.5544655484973902
7.9609375,967.6577758789062,26.50287628173828,-0.007486215693688791,0.5704586722449392
7.9765625,967.6442260742188,26.53231811523437,-0.020625160608119586,0.5952137830399273
7.9921875,967.6559448242188,26.54163360595703,-0.008732457275982597,0.5998063888113165
8.0078125,967.6674194335938,26.5770263671875,0.0026885944408832074,0.630236656682083
8.0234375,967.64013671875,26.5770263671875,-0.024113766488767396,0.625312932801755
8.0390625,967.6639404296876,26.5986328125,-0.0003039997786800086,0.6418653204727391
8.0546875,967.6625366210938,26.600120544433597,-0.0016744527403034226,0.6383268566844116
8.0703125,967.65966796875,26.62657928466797,-0.004454372562918252,0.6595919594428565
8.0859375,967.65771484375,26.664947509765625,-0.006282351126174035,0.6925073705987899
8.1015625,967.666748046875,26.67723846435547,0.002697124420706132,0.6992920882730971
8.1171875,967.6632080078124,26.6917724609375,-0.0008264514652864818,0.7082493185671979
8.1328125,967.6593017578124,26.71934509277344,-0.004640265889747752,0.7300733414156149
8.1484375,967.6500854492188,26.742446899414062,-0.013585938262963282,0.7472909672120487
8.1640625,967.659912109375,26.772247314453125,-0.003685854706191094,0.7710203558272752
8.1796875,967.651611328125,26.79721069335937,-0.011752521972653085,0.7897651118059166
8.1953125,967.6591796875,26.80242156982422,-0.004102440671886143,0.788765238362398
8.2109375,967.6669921875,26.825897216796875,0.0036375972318865024,0.8058952534183739
8.2265625,967.6641235351562,26.843414306640625,0.0007539264332763196,0.8169794343303884
8.2421875,967.6660766601562,26.869483947753903,0.002654179334967921,0.8364627545417633
8.2578125,967.6621704101562,26.88104248046875,-0.001227616159894751,0.8413961209499199
8.2734375,967.6671142578124,26.898178100585938,0.0036436488497884056,0.851824461840021
8.2890625,967.6671752929688,26.9205322265625,0.003632326896649829,0.8673490675992674
8.3046875,967.6585693359376,26.96300506591797,-0.0048764889208996465,0.9027139233066528
8.3203125,967.6680908203124,26.96859741210937,0.004554272886366562,0.9012101267676016
8.3359375,967.6571655273438,26.989830017089844,-0.006246586096267492,0.9152361479062918
8.3515625,967.6471557617188,27.01404571533203,-0.015938844851689282,0.9321123786004435
8.3671875,967.6553955078124,27.018142700195312,-0.0075487257354325266,0.9288952278116653
8.3828125,967.666748046875,27.03602600097656,0.0037295200980906884,0.9393818213382801
8.3984375,967.6619873046876,27.06098937988281,-0.0010110810328569642,0.9568112533676185
8.4140625,967.6598510742188,27.069190979003903,-0.003085840573930909,0.9574736895786451
8.4296875,967.6588745117188,27.09117126464844,-0.003983059263873656,0.971801991041751
8.4453125,967.6582641601562,27.11314392089844,-0.004503695771177263,0.9860107828597826
8.4609375,967.659423828125,27.122085571289062,-0.003278714759403556,0.9871793673656342
8.4765625,967.6591796875,27.13028717041016,-0.0034540496151294064,0.9876045526860544
8.4921875,967.6509399414062,27.16270446777344,-0.011465401261489205,1.012052929345824
8.5078125,967.6587524414062,27.165313720703125,-0.0035815555337421756,1.0067351339764805
8.5234375,967.6510620117188,27.172760009765625,-0.01105182925994086,1.0062581306714868
8.5390625,967.6585693359376,27.193618774414062,-0.0034752764270251646,1.019092544575237
8.5546875,967.6657104492188,27.218582153320312,0.003594238478058287,1.0358992365792865
8.5703125,967.6544189453124,27.23497772216797,-0.0075469282129461135,1.0440737522595462
8.5859375,967.6616821289062,27.24578857421875,-0.00027820273203360557,1.0466433183391537
8.6015625,967.6598510742188,27.265151977539062,-0.0020680609856071897,1.0576785441465013
8.6171875,967.6710815429688,27.26627349853516,0.008983454487747622,1.0505281896336705
8.6328125,967.6594848632812,27.29608154296875,-0.002562185645047066,1.0718961072386115
8.6484375,967.6713256835938,27.311729431152344,0.00909741133409625,1.0790475579579706
8.6640625,967.6578979492188,27.31098175048828,-0.004245746418973795,1.06987565950255
8.6796875,967.6596069335938,27.33855438232422,-0.00248721591026424,1.088874476562406
8.6953125,967.6644287109376,27.341537475585938,0.002288964530634985,1.083327432559873
8.7109375,967.653076171875,27.366500854492188,-0.00888655159189966,1.0996322895015425
8.7265625,967.6558227539062,27.37432098388672,-0.0060200482802201805,1.0988004468734474
8.7421875,967.6408081054688,27.376922607421875,-0.02062386279749262,1.0927973667335351
8.7578125,967.6538696289062,27.384002685546875,-0.007414637419401515,1.091284652320578
8.7734375,967.6370239257812,27.40338134765625,-0.02378650576815744,1.1019862572859687
8.7890625,967.6567993164062,27.41828155517578,-0.00393277305056472,1.1081607892992054
8.8046875,967.6541748046876,27.436538696289062,-0.0064292128010947636,1.1176177903311384
8.8203125,967.6603393554688,27.44324493408203,-0.00025949283985937655,1.115540246654387
8.8359375,967.6781616210938,27.46075439453125,0.017219749879131996,1.1241977562668595
8.8515625,967.6453857421876,27.4573974609375,-0.01525229838193809,1.1120842537459765
8.8671875,967.6571655273438,27.462623596191406,-0.0034046907018137063,1.1085814015858197
8.8828125,967.6529541015624,27.472679138183597,-0.007467364208082472,1.1098975924563064
8.8984375,967.661376953125,27.483856201171875,0.0009368254920900654,1.1123162596989218
8.9140625,967.6655883789062,27.483856201171875,0.005047699490660307,1.1036262889200223
8.9296875,967.6661376953124,27.483856201171875,0.005487699180093841,1.0950042085378335
8.9453125,967.6484985351562,27.51104736328125,-0.011914127753811954,1.1134282193140272
8.9609375,967.6508178710938,27.514404296875,-0.009407393538594988,1.1080602689006867
8.9765625,967.6597290039062,27.513656616210938,-0.00048656813373781915,1.0986617086410249
8.9921875,967.6480102539062,27.544212341308597,-0.011966933013923153,1.1203954225376016
9.0078125,967.6367797851562,27.53862762451172,-0.022744327510736184,1.1061012471021243
9.0234375,967.64404296875,27.53675842285156,-0.015178777824871759,1.0956052325869479
9.0390625,967.6365356445312,27.54644775390625,-0.022243014113087156,1.0966594498631892
9.0546875,967.6346435546876,27.56134796142578,-0.02366371520759003,1.102875597559418
9.0703125,967.6368408203124,27.56134796142578,-0.02104718298937769,1.094259381953485
9.0859375,967.659912109375,27.576248168945312,0.001984572751439373,1.100494280180257
9.1015625,967.6384887695312,27.59413146972656,-0.019059103672589117,1.109640256110243
9.1171875,967.6525268554688,27.61127471923828,-0.004922950982404473,1.117980509484294
9.1328125,967.64404296875,27.601959228515625,-0.013144985402277598,1.100003573302562
9.1484375,967.6431274414062,27.61127471923828,-0.013785893356498491,1.1006525088375199
9.1640625,967.6392211914062,27.624313354492188,-0.017346593681622835,1.1049904320282131
9.1796875,967.6460571289062,27.630279541015625,-0.010305369928119035,1.1022772699692176
9.1953125,967.644287109375,27.63436889648437,-0.011839542008942772,1.0977231361767288
9.2109375,967.6380004882812,27.64293670654297,-0.01777213647960707,1.097648048217863
9.2265625,967.64453125,27.6571044921875,-0.011021816660104378,1.1031297726603455
9.2421875,967.6300659179688,27.66045379638672,-0.024989352818465704,1.0978347090715985
9.2578125,967.6688232421876,27.66492462158203,0.013499065708970193,1.0936937722804494
9.2734375,967.6407470703124,27.67125701904297,-0.014292397061467454,1.0914322152902827
9.2890625,967.6139526367188,27.699203491210938,-0.04028435349391657,1.1106335414624837
9.3046875,967.6389770507812,27.68243408203125,-0.014961893739382504,1.0853183187493372
9.3203125,967.6353759765624,27.7003173828125,-0.018200409990299704,1.0945828568780058
9.3359375,967.6226196289062,27.710372924804688,-0.030352133473684262,1.096008411379021
9.3515625,967.6353759765624,27.712234497070312,-0.017252118125838933,1.0892928743974224
9.3671875,967.6325073242188,27.71484375,-0.0197277866712966,1.083371641957367
9.3828125,967.6260986328124,27.72528076171875,-0.025625999990211312,1.0852632735692715
9.3984375,967.6326293945312,27.73235321044922,-0.018722284398904776,1.0838018494692747
9.4140625,967.6353149414062,27.73272705078125,-0.01572351999413968,1.075705567224734
9.4296875,967.651123046875,27.738319396972656,8.293341454645997e-05,1.0728502734675764
9.4453125,967.6554565429688,27.752105712890625,0.0043301711194772,1.078147241030969
9.4609375,967.6447143554688,27.76402282714844,-0.006286781685616916,1.0815482275130925
9.4765625,967.6173706054688,27.76775360107422,-0.032973685363685945,1.0768002592401302
9.4921875,967.633544921875,27.76104736328125,-0.01647125628244339,1.0617339119046072
9.5078125,967.6456909179688,27.780792236328125,-0.004240782450665392,1.0730297319440503
9.5234375,967.6326293945312,27.78265380859375,-0.016964370226332903,1.066493715895536
9.5390625,967.6290893554688,27.8001708984375,-0.02010393254488463,1.0755419713194492
9.5546875,967.6243286132812,27.80352020263672,-0.024379036554023514,1.0704624374286773
9.5703125,967.6381225585938,27.802032470703125,-0.010378351178246703,1.0606233406084016
9.5859375,967.6306762695312,27.805381774902344,-0.017476502736030852,1.0556603585200612
9.6015625,967.6223754882812,27.800537109375,-0.025273821408177355,1.0426061953912118
9.6171875,967.6273803710938,27.80240631103516,-0.019873060888699,1.0363154330119073
9.6328125,967.6295166015624,27.79718017578125,-0.017390407950870213,1.0230339126192618
9.6484375,967.6361694335938,27.794944763183597,-0.010527857639772265,1.0128235117401907
9.6640625,967.6212768554688,27.787498474121094,-0.024923942878785965,0.997522713125516
9.6796875,967.6357421875,27.80388641357422,-0.010254341104428022,1.0059894756053716
9.6953125,967.6143798828124,27.78899383544922,-0.030999133178966076,0.9833539529688053
9.7109375,967.62255859375,27.787872314453125,-0.02237471086948517,0.9745587410979262
9.7265625,967.6290893554688,27.77743530273437,-0.015534497018848015,0.9565895283683972
9.7421875,967.6248779296876,27.766639709472656,-0.019360260245321115,0.9384049199886597
9.7578125,967.6206665039062,27.76067352294922,-0.023111301533958795,0.9251540558600269
9.7734375,967.61279296875,27.752471923828125,-0.03037966409863202,0.9097887656706618
9.7890625,967.6221923828124,27.733474731445312,-0.020570479527691532,0.883832264121537
9.8046875,967.6170654296876,27.71522521972656,-0.025195529671009353,0.8588203871496383
9.8203125,967.61328125,27.712989807128903,-0.028413699410180016,0.8498929044382955
9.8359375,967.6312866210938,27.712989807128903,-0.010205040654000186,0.8432531161223729
9.8515625,967.6136474609376,27.712989807128903,-0.02730036876300801,0.8366652011526661
9.8671875,967.6184692382812,27.684669494628903,-0.02203955643074096,0.8020296942100664
9.8828125,967.6215209960938,27.67125701904297,-0.018616943176425593,0.7824561466036322
9.8984375,967.6176147460938,27.652633666992188,-0.02208328705967233,0.7578653508454067
9.9140625,967.6339111328124,27.6571044921875,-0.005673874943795454,0.7563804246654016
9.9296875,967.6300659179688,27.63809967041016,-0.009333170065019658,0.7316148559904967
9.9453125,967.6250610351562,27.625808715820312,-0.014058012782243168,0.7137041834209583
9.9609375,967.6309814453124,27.60717010498047,-0.007978665074801938,0.6896353727953262
9.9765625,967.6161499023438,27.59004211425781,-0.02236469616764225,0.6672534181502243
9.9921875,967.63623046875,27.57513427734375,-0.0022395178519900583,0.6472491313827575
10.0078125,967.6292114257812,27.564697265625,-0.009077729554746838,0.6318370249791307
10.0234375,967.6200561523438,27.548683166503903,-0.017876889652598038,0.6110118092497672
10.0390625,967.6152954101562,27.5289306640625,-0.02219549059327619,0.5866400934739247
10.0546875,967.6364135742188,27.529685974121094,-0.0010562849969346644,0.5828063769424219
10.0703125,967.636474609375,27.50062561035156,-0.0009758113671978208,0.5494198724449753
10.0859375,967.6069946289062,27.481246948242188,-0.02986095215169371,0.5259002633798566
10.1015625,967.628173828125,27.473045349121094,-0.008512187445944619,0.5136541434442421
10.1171875,967.6241455078124,27.4573974609375,-0.01229557596639097,0.49411558139142286
10.1328125,967.6157836914062,27.44883728027344,-0.020253927677799766,0.4817619991591826
10.1484375,967.6214599609376,27.417160034179688,-0.014292938260723531,0.4465684659321063
10.1640625,967.6205444335938,27.401885986328125,-0.014911425260720534,0.42792493043928914
10.1796875,967.6212768554688,27.384750366210938,-0.013902069725872934,0.4075800188352119
10.1953125,967.6237182617188,27.37953186035156,-0.011236822392334034,0.39921806365570944
10.2109375,967.6219482421876,27.370216369628903,-0.012752802042200528,0.38685645908201494
10.2265625,967.6312255859376,27.36239624023437,-0.003407578247447418,0.3760751083617997
10.2421875,967.6212158203124,27.347496032714844,-0.013155286375194919,0.3583532219294412
10.2578125,967.6232299804688,27.33780670166016,-0.010923526097371905,0.3459399542272976
10.2734375,967.6405029296876,27.312469482421875,0.006225410951174126,0.3180980261219126
10.2890625,967.6256103515624,27.29309844970703,-0.008497886565237422,0.2963931887710771
10.3046875,967.6356201171876,27.28453063964844,0.0014823501720684362,0.285576742941295
10.3203125,967.62255859375,27.26850891113281,-0.011353017537658161,0.2674491158754613
10.3359375,967.6244506835938,27.25621032714844,-0.009276143949932703,0.25315716836069413
10.3515625,967.6407470703124,27.25249481201172,0.006883128652134474,0.24749289030815902
10.3671875,967.6227416992188,27.2279052734375,-0.010905011143790944,0.22116191929852036
10.3828125,967.6212768554688,27.227523803710938,-0.012128256165397033,0.2190556023096768
10.3984375,967.6163330078124,27.21038818359375,-0.01673866429393911,0.20034248233161023
10.4140625,967.6175537109376,27.196609497070312,-0.015214875989613574,0.18510626615342218
10.4296875,967.6251220703124,27.183937072753903,-0.007497170587157598,0.1710867024476599
10.4453125,967.6267700195312,27.17350006103516,-0.005734978763484833,0.15939461502009777
10.4609375,967.6165161132812,27.16008758544922,-0.015676602103098958,0.14484165396982718
10.4765625,967.6212158203124,27.155250549316406,-0.010762502590068834,0.13891083176016394
10.4921875,967.6298217773438,27.151519775390625,-0.0021144255282479207,0.1341239636325504
10.5078125,967.6245727539062,27.144439697265625,-0.007219631603106791,0.12605135515202193
10.5234375,967.6298828125,27.13028717041016,-0.0018722766615155706,0.11102461870049041
10.5390625,967.6270751953124,27.11016845703125,-0.004588489672414653,0.09019570293625634
10.5546875,967.6248779296876,27.11687469482422,-0.006653221014062183,0.09614489431727691
10.5703125,967.626220703125,27.12171936035156,-0.0052067278974163855,0.100200578908332
10.5859375,967.6267700195312,27.086700439453125,-0.004566446422927584,0.06467242630669645
10.6015625,967.6333618164062,27.08184814453125,0.001985792826076249,0.05935278660837895
10.6171875,967.6389770507812,27.07626342773437,0.007452569638530804,0.053348006766096745
10.6328125,967.6212158203124,27.066200256347656,-0.01010731979852153,0.04294667260298013
10.6484375,967.6281127929688,27.047950744628903,-0.0031476450495802055,0.024504214314816863
10.6640625,967.6261596679688,27.044219970703125,-0.005001145634537352,0.020611147886000936
10.6796875,967.6348266601562,27.03863525390625,0.003594247987507515,0.014909037096241917
10.6953125,967.6128540039062,27.023361206054688,-0.018019454976069937,-0.00036215910879633384
10.7109375,967.6295166015624,27.0062255859375,-0.001330356200355709,-0.017361077825782445
10.7265625,967.6295166015624,27.01889038085937,-0.0013043726808064093,-0.004659593193725442
10.7421875,967.6242065429688,27.007713317871094,-0.006485243163638188,-0.015712932305582683
10.7578125,967.6278076171876,27.007713317871094,-0.0028278375200443406,-0.01559017502194493
10.7734375,967.6265258789062,27.001754760742188,-0.004029310649002582,-0.021380382680924015
10.7890625,967.6454467773438,26.99281311035156,0.014600736464558395,-0.030085142188180924
10.8046875,967.6322631835938,26.98348999023437,0.001389464145859165,-0.03910038525610915
10.8203125,967.6116943359376,26.975669860839844,-0.018804786176133348,-0.04655394812992952
10.8359375,967.636474609375,26.965240478515625,0.005858778525634989,-0.05653814818497693
10.8515625,967.626220703125,26.965988159179688,-0.00430928538594344,-0.0553546044934059
10.8671875,967.6281127929688,26.95592498779297,-0.002369984691767968,-0.06490669950606076
10.8828125,967.6404418945312,26.939903259277344,0.009764602869381633,-0.08029617467776617
10.8984375,967.6283569335938,26.936920166015625,-0.002275038574566679,-0.08262864865870867
10.9140625,967.6267700195312,26.93804168701172,-0.0037865238746235264,-0.08087035322775193
10.9296875,967.6232299804688,26.932830810546875,-0.007183466004789807,-0.08540872008562062
10.9453125,967.6203002929688,26.93394470214844,-0.009915630975456224,-0.08363627513652361
10.9609375,967.6337890625,26.941390991210938,0.0035033506933359604,-0.07559475180782371
10.9765625,967.6345825195312,26.91419219970703,0.004212885698734681,-0.10199046875460738
10.9921875,967.6267700195312,26.90264892578125,-0.003529309334453501,-0.1126467603156982
11.0078125,967.6212768554688,26.89183807373047,-0.00884625321339172,-0.12249309976986567
11.0234375,967.625,26.900779724121094,-0.005023047965664773,-0.11266432868096388
11.0390625,967.6332397460938,26.882156372070312,0.0031538719928221326,-0.13026199572602692
11.0546875,967.6367797851562,26.88960266113281,0.006563170604977131,-0.1218562089552222
11.0703125,967.6301879882812,26.8851318359375,-2.8067163157174946e-05,-0.12534010419622987
11.0859375,967.6211547851562,26.873214721679688,-0.008884292352831835,-0.13618489643486953
11.1015625,967.634521484375,26.862037658691406,0.0043948598568022135,-0.1462106941151582
11.1171875,967.6126098632812,26.861297607421875,-0.01717463699401378,-0.14580269268637025
11.1328125,967.6271362304688,26.850860595703125,-0.002596545786900606,-0.15501908171445677
11.1484375,967.6119995117188,26.844528198242188,-0.01738691171397022,-0.16009092074433795
11.1640625,967.6326293945312,26.84154510498047,0.0031796318193073603,-0.16179999827163272
11.1796875,967.6359252929688,26.828880310058597,0.006349055056489306,-0.17310178699667844
11.1953125,967.6339721679688,26.82813262939453,0.00431007204758771,-0.17249126869464604
11.2109375,967.630859375,26.822921752929688,0.0011738947217736495,-0.17631384715043197
11.2265625,967.6339721679688,26.817703247070312,0.004202963321517927,-0.18011413150191657
11.2421875,967.6345825195312,26.82030487060547,0.004719304827744963,-0.17612569149827095
11.2578125,967.6178588867188,26.82366180419922,-0.011769868453825438,-0.17141900198339144
11.2734375,967.6334228515624,26.815467834472656,0.0037199929447524482,-0.1782097453684699
11.2890625,967.6312255859376,26.81285858154297,0.001492986551966169,-0.17940634987395399
11.3046875,967.6389770507812,26.79571533203125,0.009063895704230163,-0.19501405564047047
11.3203125,967.6083984375,26.798324584960938,-0.02109450824934811,-0.19090164018960465
11.3359375,967.6312866210938,26.778587341308597,0.0017586426228035634,-0.20899326756192949
11.3515625,967.6254272460938,26.77485656738281,-0.004020639947952986,-0.21106213491359327
11.3671875,967.6354370117188,26.765174865722656,0.005872150566119672,-0.21901927535051513
11.3828125,967.6319580078124,26.764801025390625,0.002346405514003891,-0.21767910696627624
11.3984375,967.6434936523438,26.74653625488281,0.013610916255402117,-0.23410056593132467
11.4140625,967.6237182617188,26.76554107666016,-0.006044074479518713,-0.21341530865277036
11.4296875,967.627685546875,26.75212860107422,-0.002036227031794624,-0.2250556921743474
11.4453125,967.626220703125,26.75697326660156,-0.003432690493127666,-0.21849062800132657
11.4609375,967.636474609375,26.755111694335938,0.006687988886596941,-0.21863069870236274
11.4765625,967.629638671875,26.737228393554688,-0.00014505899207506445,-0.2346662338626473
11.4921875,967.62890625,26.74169921875,-0.0008603425688988864,-0.2283970070371204
11.5078125,967.6231689453124,26.721946716308597,-0.0064687869585213775,-0.24621084143572247
11.5234375,967.622314453125,26.72381591796875,-0.007180246350117159,-0.2424327207148238
11.5390625,967.6212768554688,26.708534240722656,-0.008057339240622241,-0.2557010042268466
11.5546875,967.6270141601562,26.71934509277344,-0.002274721378284994,-0.2429769478621857
11.5703125,967.6220092773438,26.715621948242188,-0.007137424421443939,-0.24477274792161552
11.5859375,967.6332397460938,26.704818725585938,0.004013102056546813,-0.25357928330772594
11.6015625,967.640625,26.69252014160156,0.011175731822845592,-0.2638006964538846
11.6171875,967.6295166015624,26.69252014160156,6.601828010843747e-05,-0.2617397535128383
11.6328125,967.6404418945312,26.700714111328125,0.010776637201161066,-0.2515649573504426
11.6484375,967.6255493164062,26.700714111328125,-0.0040355514527163905,-0.24959960612114074
11.6640625,967.6279296875,26.700714111328125,-0.001622852617629178,-0.24764960919831935
11.6796875,967.615234375,26.699966430664062,-0.01403851345514795,-0.24645668603533366
11.6953125,967.6272583007812,26.67426300048828,-0.0019752402583890216,-0.2700338653032155
11.7109375,967.62451171875,26.68394470214844,-0.004629599198096912,-0.2583181623645956
11.7265625,967.6328125,26.68134307861328,0.0035994792774545203,-0.2588813500724143
11.7421875,967.6222534179688,26.66681671142578,-0.006823673012490872,-0.271271719468821
11.7578125,967.6395263671876,26.665695190429688,0.010245188780459102,-0.2702651682737809
11.7734375,967.6393432617188,26.65264892578125,0.00986555824692914,-0.28109806235251256
11.7890625,967.6026611328124,26.65711975097656,-0.026292809513734028,-0.2744660868669122
11.8046875,967.6250610351562,26.65228271484375,-0.0038168738267359004,-0.2771210673512847
11.8203125,967.6245727539062,26.65711975097656,-0.00422107001668337,-0.270156812224581
11.8359375,967.6226196289062,26.64781188964844,-0.006053605270267326,-0.2772813557905671
11.8515625,967.62646484375,26.641845703125,-0.0021652578010389334,-0.2810346708896816
11.8671875,967.6154174804688,26.62471008300781,-0.01295456207674306,-0.2958408356083808
11.8828125,967.6136474609376,26.62322235107422,-0.01443699212336469,-0.2950056881080485
11.8984375,967.6067504882812,26.621734619140625,-0.02091728578011498,-0.2941770651975659
11.9140625,967.6188354492188,26.607940673828125,-0.008659818498017557,-0.30556498699045775
11.9296875,967.6051635742188,26.61390686035156,-0.02189552760933111,-0.29725818483837685
11.9453125,967.627685546875,26.615768432617188,0.0006142097920474043,-0.29308882653702284
11.9609375,967.6321411132812,26.599754333496094,0.004970757131900427,-0.30668805905141383
11.9765625,967.6273193359376,26.60272979736328,0.00014607002674438263,-0.30133984053435015
11.9921875,967.6276245117188,26.60682678222656,0.0004424324132514812,-0.2949206458611435
12.0078125,967.6250610351562,26.58634185791016,-0.0020796175057284927,-0.3129414641605308
12.0234375,967.6094360351562,26.58745574951172,-0.017358824195071065,-0.30939141964835315
12.0390625,967.6107788085938,26.58558654785156,-0.01570323726616607,-0.30882889770454014
12.0546875,967.625732421875,26.575164794921875,-0.0007349828914584577,-0.3167565049261434
12.0703125,967.6246948242188,26.56993865966797,-0.0017379598339175573,-0.31946715080364285
12.0859375,967.6130981445312,26.56137084960937,-0.013074197343257765,-0.32547218773050446
12.1015625,967.6395874023438,26.55988311767578,0.013153047569403498,-0.32440554529171806
12.1171875,967.5999145507812,26.563232421875,-0.026001839071341237,-0.31854798920896243
12.1328125,967.6251831054688,26.54534912109375,-0.0007189624232069036,-0.3338029205371633
12.1484375,967.5983276367188,26.53380584716797,-0.027035868064331225,-0.34264817731870423
12.1640625,967.6311645507812,26.524864196777344,0.00568774431849306,-0.3488430321803513
12.1796875,967.611328125,26.533432006835938,-0.01387234002788773,-0.33761682194893083
12.1953125,967.6275024414062,26.530075073242188,0.0022570159022734515,-0.33830989807750456
12.2109375,967.6271362304688,26.511451721191406,0.0018538751803589548,-0.3541447091116581
12.2265625,967.6232299804688,26.50586700439453,-0.002012289373965359,-0.3569190397686235
12.2421875,967.62451171875,26.5125732421875,-0.0007162825166915354,-0.3474767644602217
12.2578125,967.6318359375,26.48462677001953,0.0064788749787112465,-0.37249024259203267
12.2734375,967.6112060546876,26.50139617919922,-0.013874620961928485,-0.35294176440131153
12.2890625,967.6124267578124,26.493934631347656,-0.012406771004407346,-0.3575876613758986
12.3046875,967.6213989257812,26.503631591796875,-0.003367520945062097,-0.34517280482569035
12.3203125,967.632080078125,26.50213623046875,0.00717078703542029,-0.343959821105738
12.3359375,967.6112060546876,26.499900817871094,-0.013435595065971029,-0.34349058344008654
12.3515625,967.620849609375,26.518524169921875,-0.003717977089991109,-0.3223292061440759
12.3671875,967.6184692382812,26.524864196777344,-0.005979239820817384,-0.31352051382541646
12.3828125,967.6192016601562,26.543869018554688,-0.005144341032860211,-0.2922147882039461
12.3984375,967.6286010742188,26.571060180664062,0.004171966134549621,-0.2629531290157061
12.4140625,967.6297607421876,26.5770263671875,0.005227500624869208,-0.2549792320040467
12.4296875,967.6157836914062,26.59528350830078,-0.008578660505008884,-0.23487269955568024
12.4453125,967.6390991210938,26.6060791015625,0.014448941659338743,-0.2223265039010407
12.4609375,967.6194458007812,26.622848510742188,-0.005102730632643215,-0.20395117991884248
12.4765625,967.6329345703124,26.64594268798828,0.008222249076311527,-0.1794440573393672
12.4921875,967.6018676757812,26.65711975097656,-0.022398460973249712,-0.1669524084577212
12.5078125,967.628662109375,26.679107666015625,0.004310113780206848,-0.14383195831382167
12.5234375,967.6243286132812,26.690650939941406,-2.2925627717995667e-05,-0.13125517904125772
12.5390625,967.618896484375,26.703697204589844,-0.005348510500084558,-0.11728540724912762
12.5546875,967.627685546875,26.703697204589844,0.003373353718643557,-0.1163691150049928
12.5703125,967.630126953125,26.703697204589844,0.005701190438003323,-0.11545998129401625
12.5859375,967.6332397460938,26.72344207763672,0.0086418352933606,-0.09496733396396095
12.6015625,967.6286010742188,26.74877166748047,0.003924976632902144,-0.06909369924427011
12.6171875,967.6259155273438,26.76554107666016,0.0012152221454471146,-0.05191550654845045
12.6328125,967.6484985351562,26.780441284179688,0.023333420779067637,-0.03672611700525863
12.6484375,967.616455078125,26.80577850341797,-0.00853991835663237,-0.011299922003171758
12.6640625,967.63818359375,26.80205535888672,0.01293100747795961,-0.014905698827121228
12.6796875,967.6328735351562,26.82329559326172,0.007472102226302013,0.006285046988910636
12.6953125,967.6242065429688,26.828880310058597,-0.0011715522666690958,0.011777031256212211
12.7109375,967.6400756835938,26.84862518310547,0.014410526085725905,0.031275639425714985
12.7265625,967.6361694335938,26.86054229736328,0.010299114443455437,0.04285531029537637
12.7421875,967.6575317382812,26.88736724853516,0.031043032038610363,0.06913588442454355
12.7578125,967.646484375,26.900779724121094,0.019605128351940948,0.08190345094789464
12.7734375,967.64794921875,26.92425537109375,0.020658449209349783,0.10455582371804795
12.7890625,967.6504516601562,26.942886352539062,0.02270852947071944,0.12222440824802305
12.8046875,967.6506958007812,26.958534240722656,0.022504375757876005,0.13679516911574652
12.8203125,967.6474609375,26.98722076416016,0.018893154811053137,0.16418886683017675
12.8359375,967.6438598632812,26.98722076416016,0.014993407143265358,0.16290614130806702
12.8515625,967.634765625,27.000633239746094,0.005783950720228859,0.17494112769951542
12.8671875,967.6484375,27.034164428710938,0.01907582912417638,0.2068436266904179
12.8828125,967.627685546875,27.03453826904297,-0.001643387203898783,0.20559858056133606
12.8984375,967.6368408203124,27.06322479248047,0.007365169705508379,0.23245475162384466
12.9140625,967.6399536132812,27.079612731933597,0.010273314965843383,0.2468986075529358
12.9296875,967.6392822265624,27.108673095703125,0.009414390585902765,0.27380304185900783
12.9453125,967.63818359375,27.12731170654297,0.008153340629519334,0.2901569522871412
12.9609375,967.6310424804688,27.151519775390625,0.0009924572829049794,0.31190904440718015
12.9765625,967.6428833007812,27.165313720703125,0.012582627642359512,0.32315843511249653
12.9921875,967.6400756835938,27.18319702148437,0.009584092281897938,0.3383773473320737
13.0078125,967.643798828125,27.19808959960937,0.013047329844084743,0.3505100041644411
13.0234375,967.6436767578124,27.22007751464844,0.01267281305626966,0.3695877792097342
13.0390625,967.632568359375,27.24131774902344,0.0015338596458605025,0.3877746697286035
13.0546875,967.6392211914062,27.25249481201172,0.008026795355249305,0.39583492230503126
13.0703125,967.6312255859376,27.270004272460938,3.058070910810784e-05,0.4101151297639838
13.0859375,967.6331787109376,27.290115356445312,0.001944961456956662,0.42686507145344876
13.1015625,967.6353759765624,27.297203063964844,0.004061324209033046,0.4305625228872536
13.1171875,967.6397705078124,27.3214111328125,0.008290702032127228,0.4512176964869816
13.1328125,967.6301879882812,27.332969665527344,-0.0012665866885299693,0.4591607899111878
13.1484375,967.6314697265624,27.347496032714844,1.485566303927044e-05,0.4699864761838555
13.1640625,967.6415405273438,27.36127471923828,0.009888670967029611,0.4799857473736431
13.1796875,967.6345825195312,27.37953186035156,0.002873423639812245,0.4943503659206172
13.1953125,967.626220703125,27.394439697265625,-0.005381197595170306,0.5052796231250376
13.2109375,967.614990234375,27.408973693847656,-0.01628721973690972,0.5157525758031056
13.2265625,967.6294555664062,27.42350006103516,-0.0017863039613530418,0.5261361387484946
13.2421875,967.6212158203124,27.451812744140625,-0.009830228765054017,0.5501171904332267
13.2578125,967.615234375,27.46075439453125,-0.015502852318149962,0.5546911936299139
13.2734375,967.6417236328124,27.46709442138672,0.010771827261919498,0.5566481640753409
13.2890625,967.6234741210938,27.4857177734375,-0.007331635932132485,0.5707772074063868
13.3046875,967.631591796875,27.490928649902344,0.0007706875082931219,0.5714881769659854
13.3203125,967.6223754882812,27.50434112548828,-0.008280667548660858,0.5803311162038618
13.3359375,967.6336669921876,27.50621032714844,0.002952030960045704,0.577651877880708
13.3515625,967.6326293945312,27.524093627929688,0.001877042028240794,0.5908825600786578
13.3671875,967.6181640625,27.53862762451172,-0.012342424963890153,0.6006867398117777
13.3828125,967.6270141601562,27.551666259765625,-0.0034241177899048125,0.6089306455729826
13.3984375,967.6211547851562,27.55464172363281,-0.009102174571353316,0.6071255929601662
13.4140625,967.6434326171876,27.577369689941406,0.012918320400217453,0.624932828336977
13.4296875,967.6152954101562,27.566192626953125,-0.014921642751687614,0.6089607984319088
13.4453125,967.6233520507812,27.57699584960937,-0.006730920053882983,0.614922114673405
13.4609375,967.6323852539062,27.57699584960937,0.00225731660486872,0.6101180356525191
13.4765625,967.6373291015624,27.57699584960937,0.007060516521505633,0.6053514884989823
13.4921875,967.626953125,27.612762451171875,-0.0032507049619425743,0.6361093549828816
13.5078125,967.6150512695312,27.616111755371094,-0.01485661198478283,0.6344628884072385
13.5234375,967.6227416992188,27.61834716796875,-0.007026217799307233,0.6317240955282948
13.5390625,967.6228637695312,27.62728881835937,-0.00676930085614913,0.6356605447789256
13.5546875,967.6153564453124,27.645172119140625,-0.01399778474149116,0.6484380342667393
13.5703125,967.6184692382812,27.65933990478516,-0.0106723942770941,0.6574292119432172
13.5859375,967.6339721679688,27.66492462158203,0.004736189015716263,0.657834132421808
13.6015625,967.6047973632812,27.67125701904297,-0.023961298959420674,0.6589777288680381
13.6171875,967.6231079101562,27.677589416503903,-0.005540385832773609,0.6601123909670257
13.6328125,967.6189575195312,27.68392944335937,-0.009501503480123574,0.6612457583082545
13.6484375,967.6287231445312,27.68392944335937,0.0002589628963960422,0.6560797758214711
13.6640625,967.620849609375,27.69658660888672,-0.007465850145422337,0.66351243399453
13.6796875,967.6259155273438,27.69957733154297,-0.002353058501398664,0.6612961007394453
13.6953125,967.626220703125,27.69994354248047,-0.0020078850108120605,0.6564930748669688
13.7109375,967.6195678710938,27.708518981933597,-0.008491562412359599,0.6598726665519727
13.7265625,967.6173706054688,27.715965270996094,-0.010480061864768686,0.6621055262737308
13.7421875,967.626220703125,27.71782684326172,-0.0015981289700448542,0.6587798555820186
13.7578125,967.6129760742188,27.71782684326172,-0.014552860261574097,0.6536331379602842
13.7734375,967.6135864257812,27.74205017089844,-0.013670194076098596,0.6725607119595303
13.7890625,967.6173706054688,27.741668701171875,-0.009692928170125015,0.6669278419030178
13.8046875,967.614990234375,27.75322723388672,-0.01183749263759637,0.6731856998161589
13.8203125,967.6167602539062,27.74688720703125,-0.009870842772215838,0.661635941140684
13.8359375,967.6295166015624,27.730499267578125,0.002829147366696816,0.6402070016743764
13.8515625,967.60888671875,27.745399475097656,-0.01745306483155673,0.6499891841220808
13.8671875,967.6043701171876,27.76551818847656,-0.021540571347145487,0.6648726795517561
13.8828125,967.62060546875,27.74838256835937,-0.005201602210831879,0.6426766136577378
13.8984375,967.6187133789062,27.766639709472656,-0.006955143381674134,0.6557702098118732
13.9140625,967.618896484375,27.767379760742188,-0.0066397715473840435,0.6513812746667043
13.9296875,967.626953125,27.769989013671875,0.0013891958534486548,0.6488812265995456
13.9453125,967.6301879882812,27.77632141113281,0.004533745479761819,0.6500947676225088
13.9609375,967.6345825195312,27.779296875,0.008753896324833477,0.6479681203061851
13.9765625,967.6331176757812,27.781532287597656,0.007146688266743695,0.6451238178030287
13.9921875,967.619873046875,27.79644012451172,-0.005978840236366523,0.6548751574146152
14.0078125,967.630126953125,27.796066284179688,0.004191568630517395,0.6493880255428763
14.0234375,967.615966796875,27.809112548828125,-0.009773888642484962,0.6572590222991934
14.0390625,967.611328125,27.80799102783203,-0.014131065194874282,0.6510114270741703
14.0546875,967.6148071289062,27.81358337402344,-0.010444013216556414,0.6514740562869434
14.0703125,967.6233520507812,27.833702087402344,-0.0018619997138102917,0.6663459511528309
14.0859375,967.6280517578124,27.82624053955078,0.0027822833462778362,0.6537368689004772
14.1015625,967.600341796875,27.84188842773437,-0.02444080888813005,0.6641551886693478
14.1171875,967.632568359375,27.85456085205078,0.00763368811158216,0.6715398972593078
14.1328125,967.6290283203124,27.86200714111328,0.004013694966033654,0.6736816067411695
14.1484375,967.63232421875,27.865737915039062,0.007166827907440165,0.6721200964429919
14.1640625,967.60888671875,27.884735107421875,-0.015952885528236038,0.6857179350068527
14.1796875,967.6310424804688,27.894798278808597,0.00608172626493797,0.6903453164998758
14.1953125,967.6199951171876,27.90858459472656,-0.004868651918172873,0.6986306040395718
14.2109375,967.6287841796876,27.913055419921875,0.00384384006270011,0.6976084493189916
14.2265625,967.6085815429688,27.917892456054688,-0.01603928890892803,0.696957630096712
14.2421875,967.616943359375,27.933914184570312,-0.007527521867814357,0.7074092073731784
14.2578125,967.6351928710938,27.93540954589844,0.010512575986695083,0.7033662517583288
14.2734375,967.6403198242188,27.948074340820312,0.015334069558775809,0.7104370541280112
14.2890625,967.6154174804688,27.94956970214844,-0.009381393835951712,0.7063704434603899
14.3046875,967.6289672851562,27.957015991210938,0.004086996577143509,0.7082400393000512
14.3203125,967.6420288085938,27.97564697265625,0.016813587983051548,0.7211923408957901
14.3359375,967.625732421875,27.98607635498047,0.0005070996770655256,0.7259059285073519
14.3515625,967.6317749023438,27.998367309570312,0.006421658658609886,0.7324297199479979
14.3671875,967.6220703125,28.009544372558597,-0.0032188114354312347,0.7377973549445933
14.3828125,967.6172485351562,28.009544372558597,-0.007883546029574973,0.7320333131090884
14.3984375,967.6209106445312,28.01551055908203,-0.004138986719908644,0.732233878541642
14.4140625,967.6239624023438,28.02147674560547,-0.0010659939678134833,0.732432877056759
14.4296875,967.6173095703124,28.04345703125,-0.00756806767890339,0.7485193098676852
14.4453125,967.6227416992188,28.05462646484375,-0.002094221218385428,0.753753675153142
14.4609375,967.62451171875,28.05388641357422,-0.00031786962290425436,0.7471307049470184
14.4765625,967.6342163085938,28.05388641357422,0.009203385841487943,0.7412937463146214
14.4921875,967.6159057617188,28.05760955810547,-0.008929286794568725,0.7391964463861385
14.5078125,967.624267578125,28.08257293701172,-0.0005563869823390633,0.75818982665729
14.5234375,967.6380004882812,28.073257446289062,0.012919169205702019,0.7430237551851455
14.5390625,967.6284790039062,28.09300994873047,0.003331323798875019,0.7568170681138433
14.5546875,967.6591796875,28.103065490722656,0.0333673197482085,0.7608814178395775
14.5703125,967.6688842773438,28.117599487304688,0.04223066135773479,0.7693574814964386
14.5859375,967.6197509765624,28.12318420410156,-0.006767822247411459,0.768887962369142
14.6015625,967.620361328125,28.128402709960938,-0.006037207585450233,0.7680587614454844
14.6171875,967.6209106445312,28.131378173828125,-0.005380705804554964,0.7650105204274169
14.6328125,967.6110229492188,28.144790649414062,-0.014970190157782781,0.7723415663569995
14.6484375,967.632568359375,28.145904541015625,0.006446797732905907,0.7674128371932625
14.6640625,967.612548828125,28.163787841796875,-0.013307641065580356,0.779161011896587
14.6796875,967.6358642578124,28.16864013671875,0.009812324000336048,0.7778882028589429
14.6953125,967.6362915039062,28.180931091308597,0.010039578490818712,0.7840058827812229
14.7109375,967.6376953125,28.177955627441406,0.011219883430612754,0.7749286187662676
14.7265625,967.6360473632812,28.173484802246094,0.009384982371784645,0.7644385920586814
14.7421875,967.6356201171876,28.191368103027344,0.008782780491515041,0.7762100030521211
14.7578125,967.6211547851562,28.1798095703125,-0.00557156420506999,0.7586776307252663
14.7734375,967.6424560546876,28.17943572998047,0.015422484519149293,0.7523795420307877
14.7890625,967.6162109375,28.192108154296875,-0.010611253124125142,0.7590749978601075
14.8046875,967.643798828125,28.17943572998047,0.01664506254974185,0.7405713034378927
14.8203125,967.6332397460938,28.189498901367188,0.005967113711449201,0.7447701429900455
14.8359375,967.609375,28.1798095703125,-0.017548069249869513,0.7293379930921127
14.8515625,967.61328125,28.173484802246094,-0.013375377467696126,0.7173646842051937
14.8671875,967.6356201171876,28.169754028320312,0.008788421561348514,0.7080586453553543
14.8828125,967.6181640625,28.152984619140625,-0.008498343416817988,0.6858885390180447
14.8984375,967.6334228515624,28.15484619140625,0.00662840569157197,0.682377063539267
14.9140625,967.6348876953124,28.139572143554688,0.007935178163393175,0.6618912733776448
14.9296875,967.6332397460938,28.120574951171875,0.006164431504430468,0.6378714709870614
14.9453125,967.6311645507812,28.120574951171875,0.004009368297602123,0.632888100119974
14.9609375,967.6250610351562,28.103805541992188,-0.002053246012451382,0.6113052636673153
14.9765625,967.6396484375,28.103805541992188,0.012289348590456939,0.6065294412949136
14.9921875,967.6262817382812,28.09263610839844,-0.001056308623788027,0.5907087576410035
15.0078125,967.6281127929688,28.09971618652344,0.0007596143046839643,0.5931186104865809
15.0234375,967.6056518554688,28.08257293701172,-0.02127746922667484,0.5714755534672413
15.0390625,967.6184692382812,28.072509765625,-0.008294850351376226,0.5570263478455182
15.0546875,967.6259155273438,28.052017211914062,-0.0008319878262454949,0.532342123867906
15.0703125,967.6292114257812,28.030784606933597,0.0024157873571084565,0.5071164757711344
15.0859375,967.6183471679688,28.03302001953125,-0.008283461266842096,0.505372576740907
15.1015625,967.6509399414062,28.025192260742188,0.023834520917375812,0.49365774906159743
15.1171875,967.635986328125,28.023712158203125,0.00870745240888482,0.4883325086590773
15.1328125,967.6248779296876,28.00395965576172,-0.002354052551368113,0.46491922491909676
15.1484375,967.6367797851562,27.98235321044922,0.009361322391555404,0.4398493985159213
15.1640625,967.627685546875,27.974899291992188,0.0002618676237489126,0.42901739037093023
15.1796875,967.638427734375,27.955154418945312,0.010789132172135396,0.4060750757824607
15.1953125,967.6156005859376,27.942855834960938,-0.01180289876003826,0.390700112955912
15.2109375,967.6149291992188,27.92982482910156,-0.012230647090632374,0.3747185671973412
15.2265625,967.633544921875,27.92423248291016,0.006260367058530392,0.36624242240433347
15.2421875,967.6268310546876,27.919761657714844,-0.0004446427044513257,0.35894525660582133
15.2578125,967.620361328125,27.90821075439453,-0.0067793229923154286,0.3446803349004668
15.2734375,967.6129760742188,27.902999877929688,-0.013887925005974466,0.33681735329159324
15.2890625,967.6294555664062,27.882125854492188,0.002540950634966066,0.313475022589607
15.3046875,967.6303100585938,27.882125854492188,0.0033291255798530983,0.31102599897562655
15.3203125,967.62841796875,27.87541961669922,0.0014089686318357053,0.3019422630484172
15.3359375,967.6253051757812,27.85753631591797,-0.001670546517857474,0.2818397516244566
15.3515625,967.6195678710938,27.82624053955078,-0.007263166611551242,0.24858660045057235
15.3671875,967.622314453125,27.82140350341797,-0.004428370037771856,0.24184527084652885
15.3828125,967.6272583007812,27.810226440429688,0.000505409696188508,0.2288661124843543
15.3984375,967.6382446289062,27.801284790039062,0.011267289816828452,0.21820630223362159
15.4140625,967.61279296875,27.795700073242188,-0.013907331856216842,0.2109604793005211
15.4296875,967.63671875,27.786376953125,0.009822776554074153,0.20006206731471465
15.4453125,967.619873046875,27.766639709472656,-0.006885760036311694,0.17891603597750816
15.4609375,967.6268310546876,27.759933471679688,7.083668697305257e-05,0.1708644091362217
15.4765625,967.6328125,27.74838256835937,0.005934073366574921,0.1580688690517178
15.4921875,967.6248168945312,27.737579345703125,-0.0020212678033431075,0.1461151335330051
15.5078125,967.6273193359376,27.726402282714844,0.0004717756810350693,0.13388386686859377
15.5234375,967.6260986328124,27.710372924804688,-0.0007342999550701279,0.11693377060720067
15.5390625,967.6243286132812,27.703292846679688,-0.002455406996205056,0.10899546050968212
15.5546875,967.612548828125,27.69361114501953,-0.013957161055714096,0.09853787010851534
15.5703125,967.6097412109376,27.673118591308597,-0.016437341168057173,0.07743558736322598
15.5859375,967.6216430664062,27.676101684570312,-0.004446901994356267,0.07979040968255902
15.6015625,967.6290893554688,27.660079956054688,0.002940805289426862,0.06327048834531723
15.6171875,967.634765625,27.64927673339844,0.008448772578049102,0.05205736517587667
15.6328125,967.6390380859376,27.637725830078125,0.012472771923512482,0.0401900051223123
15.6484375,967.625,27.619468688964844,-0.001534741474756629,0.021761513508959496
15.6640625,967.6248779296876,27.62804412841797,-0.0016244521818862268,0.03009994551706896
15.6796875,967.6239624023438,27.615745544433597,-0.0024903705506176266,0.017662288395722925
15.6953125,967.6287231445312,27.602333068847656,0.0022260284408730513,0.004216611147207061
15.7109375,967.6236572265624,27.590782165527344,-0.0027844229356333017,-0.007276993015501887
15.7265625,967.6198120117188,27.581466674804688,-0.00650015266637638,-0.016462854958952278
15.7421875,967.6127319335938,27.57066345214844,-0.013314991908714546,-0.027053061383828236
15.7578125,967.6231689453124,27.55575561523437,-0.002821769639467675,-0.041633078779945265
15.7734375,967.6088256835938,27.552780151367188,-0.0168297768393586,-0.04426003840769965
15.7890625,967.6157836914062,27.530799865722656,-0.009678961038048328,-0.0657228215205734
15.8046875,967.6280517578124,27.5289306640625,0.0025385369038986028,-0.06706396049963104
15.8203125,967.6333618164062,27.51738739013672,0.007695302616980371,-0.07799311540646414
15.8359375,967.611328125,27.524093627929688,-0.014058342133239421,-0.07072994888213913
15.8515625,967.623046875,27.49242401123047,-0.002293896974379095,-0.10159956897525291
15.8671875,967.6281127929688,27.481246948242188,0.002717879959277525,-0.11189556452631777
15.8828125,967.6220092773438,27.490928649902344,-0.0033195099691738505,-0.10141531706252138
15.8984375,967.6119995117188,27.48087310791016,-0.013068938180254008,-0.11059999296833922
15.9140625,967.6310424804688,27.46075439453125,0.00585735028516865,-0.1296974664539121
15.9296875,967.6282348632812,27.458518981933597,0.002990167998063953,-0.1309021534339756
15.9453125,967.6329345703124,27.440269470214844,0.007539682157585048,-0.147986417768724
15.9609375,967.6236572265624,27.41641998291016,-0.0017037228894878353,-0.17049343706502285
15.9765625,967.62109375,27.411949157714844,-0.004183855712540208,-0.17359735396142995
15.9921875,967.6174926757812,27.39556121826172,-0.00763288051859945,-0.18850103330975543
16.0078125,967.624267578125,27.38512420654297,-0.0008412207886294709,-0.19738384155171929
16.0234375,967.616455078125,27.37468719482422,-0.008484702804480548,-0.20619725285429524
16.0390625,967.6134643554688,27.38214874267578,-0.011251296057253057,-0.19718308230739723
16.0546875,967.6234130859376,27.36314392089844,-0.0012771248542549074,-0.21449893608407677
16.0703125,967.6206665039062,27.358299255371094,-0.003945118860542607,-0.21762997972383502
16.0859375,967.6134643554688,27.351593017578125,-0.010929547233672565,-0.22258359081745382
16.1015625,967.6292114257812,27.338180541992188,0.004723430831177211,-0.2341523471346143
16.1171875,967.614990234375,27.32886505126953,-0.009312257438864435,-0.241565745374011
16.1328125,967.6212158203124,27.31098175048828,-0.0030263849487255357,-0.25742210048217373
16.1484375,967.6119995117188,27.30091857910156,-0.012003578434132578,-0.26539554318242153
16.1640625,967.6243286132812,27.29608154296875,0.0003191652547229751,-0.2681213872893302
16.1796875,967.6080322265624,27.287506103515625,-0.0156651663573939,-0.27453513278353014
16.1953125,967.6130981445312,27.27037811279297,-0.010392231818400433,-0.28938450535379445
16.2109375,967.6112060546876,27.26478576660156,-0.012044393504538675,-0.2926723448925088
16.2265625,967.6417846679688,27.26478576660156,0.018172223296573975,-0.29038584219803454
16.2421875,967.6240234375,27.25397491455078,0.00040296562417552195,-0.2988435950749917
16.2578125,967.6332397460938,27.238327026367188,0.009431397768366878,-0.3120345185456266
16.2734375,967.6229248046876,27.24131774902344,-0.0008662869261115702,-0.3066293912339866
16.2890625,967.6112060546876,27.23572540283203,-0.012339235423610262,-0.30978250510176153
16.3046875,967.6226196289062,27.223800659179688,-0.0009075818845758477,-0.3191939108732136
16.3203125,967.6373291015624,27.215232849121094,0.01353232259248216,-0.32520108248702684
16.3359375,967.6150512695312,27.1995849609375,-0.008574698707434436,-0.33818608808725514
16.3515625,967.6096801757812,27.19808959960937,-0.013673413698484183,-0.33702768809182615
16.3671875,967.6289672851562,27.19884490966797,0.005504053182789903,-0.3336452500798437
16.3828125,967.62841796875,27.18319702148437,0.0048579645738300314,-0.34656428562075803
16.3984375,967.6206665039062,27.19287872314453,-0.002836986592797075,-0.33425068877340536
16.4140625,967.634521484375,27.172386169433597,0.01080279868301659,-0.35197181090243035
16.4296875,967.62255859375,27.16307830810547,-0.0011374338962468755,-0.3584571747912584
16.4453125,967.6214599609376,27.159347534179688,-0.002192393530776826,-0.35935835536768934
16.4609375,967.6211547851562,27.16307830810547,-0.0024487886614679155,-0.35284924096189485
16.4765625,967.6233520507812,27.1492919921875,-0.00024661047712015716,-0.36377121659173994
16.4921875,967.6321411132812,27.148170471191406,0.00837560725676667,-0.3620420130754276
16.5078125,967.6290283203124,27.154136657714844,0.00516002494634904,-0.3532939841570517
16.5234375,967.62060546875,27.13363647460937,-0.003199099533730987,-0.3708739003307855
16.5390625,967.6171875,27.138107299804688,-0.006487828668809925,-0.3635405511109724
16.5546875,967.615234375,27.12842559814453,-0.008276091292486853,-0.37030645392135497
16.5703125,967.6213989257812,27.133262634277344,-0.0020702994855810175,-0.3626141879620697
16.5859375,967.6152954101562,27.12655639648437,-0.008014170284241118,-0.36643510992882966
16.6015625,967.6236572265624,27.116134643554688,0.00034085615857293305,-0.37391266861743233
16.6171875,967.6255493164062,27.104957580566406,0.0021893337758456255,-0.3820812180775448
16.6328125,967.6243286132812,27.10272216796875,0.0009497120834112138,-0.3813141569980516
16.6484375,967.6241455078124,27.098617553710938,0.000751633829054299,-0.3824076871054274
16.6640625,967.626708984375,27.10272216796875,0.003250362141784535,-0.3753475800909918
16.6796875,967.6064453125,27.09302520751953,-0.016681018527492597,-0.38203638006724105
16.6953125,967.634033203125,27.09042358398437,0.010693847251900479,-0.3816330191992563
16.7109375,967.6337890625,27.0848388671875,0.010245610794299864,-0.38419259743365686
16.7265625,967.622802734375,27.082603454589844,-0.0007262501953846368,-0.38340904120294184
16.7421875,967.6231689453124,27.085952758789062,-0.0003530072411876972,-0.3770905203083821
16.7578125,967.622314453125,27.077377319335938,-0.0011839154553854314,-0.3826529444508715
16.7734375,967.6212768554688,27.07477569580078,-0.002178124183728869,-0.3822447666736366
16.7890625,967.6205444335938,27.075515747070312,-0.0028536994560681705,-0.3785242098150121
16.8046875,967.6242065429688,27.071792602539062,0.0007926206626507337,-0.3792610468904307
16.8203125,967.6342163085938,27.06098937988281,0.010591402180466503,-0.387016892440851
16.8359375,967.6287231445312,27.066200256347656,0.0049986631547653815,-0.3788231564761908
16.8515625,967.6201171875,27.054283142089844,-0.0035368389179666337,-0.38768761236889304
16.8671875,967.6158447265624,27.05502319335937,-0.00765677446781865,-0.38392453327827525
16.8828125,967.635986328125,27.06098937988281,0.012240982815569623,-0.37500554717081513
16.8984375,967.6226196289062,27.05390930175781,-0.0011037297547318303,-0.37910058134819025
16.9140625,967.6223754882812,27.058013916015625,-0.0013215447863785812,-0.37206631109748045
16.9296875,967.6198120117188,27.046836853027344,-0.003809142025602341,-0.380249285225716
16.9453125,967.61865234375,27.043846130371094,-0.0048717629241537,-0.38024594532038947
16.9609375,967.6183471679688,27.041244506835938,-0.005075826621350643,-0.3798565722238614
16.9765625,967.6173706054688,27.036773681640625,-0.005934178396273637,-0.38132483962683494
16.9921875,967.6127319335938,27.036773681640625,-0.010366349289370191,-0.37834573931725046
17.0078125,967.6334838867188,27.034164428710938,0.01018276001070717,-0.3779787813700075
17.0234375,967.6215209960938,27.03043365478516,-0.0017453624382142152,-0.37872744939503633
17.0390625,967.6332397460938,27.025222778320312,0.00977859483600696,-0.3809388076891018
17.0546875,967.626708984375,27.02484893798828,0.0031843988766695475,-0.3783336429584665
17.0703125,967.6083984375,27.02745819091797,-0.014830715420202978,-0.3727890432316805
17.0859375,967.6189575195312,27.013671875,-0.0041882030493525235,-0.3835552391562942
17.1015625,967.61865234375,27.014419555664062,-0.004405617525321759,-0.37981687444150936
17.1171875,967.6284790039062,27.01777648925781,0.005315162892088665,-0.3735188475598896
17.1328125,967.6148071289062,27.01777648925781,-0.008193495074579005,-0.3706007315633286
17.1484375,967.6228637695312,27.01777648925781,-0.00013418151115729415,-0.36770541334799134
17.1640625,967.6160888671876,27.01181030273437,-0.006774140810762219,-0.37075229049743186
17.1796875,967.6172485351562,27.008079528808597,-0.005504815169388166,-0.37155741548239973
17.1953125,967.6248168945312,27.000259399414062,0.0020232406078548593,-0.37641365780758207
17.2109375,967.625732421875,27.0062255859375,0.00288137014001677,-0.36755335041473813
17.2265625,967.6141967773438,27.008079528808597,-0.008485245594556545,-0.36284238092220633
17.2421875,967.6138305664062,27.007713317871094,-0.008678576521674586,-0.3603710247358052
17.2578125,967.6173706054688,27.000633239746094,-0.005038175399477041,-0.36458039111970564
17.2734375,967.6234130859376,27.007339477539062,0.0009846897360148432,-0.35507826150387345
17.2890625,967.6271362304688,27.00547790527344,0.00461588437917726,-0.35415124131817066
17.3046875,967.6166381835938,27.000633239746094,-0.005767276509573094,-0.3561912513232883
17.3203125,967.613037109375,26.995040893554688,-0.00918537512814055,-0.3589571631591113
17.3359375,967.6124267578124,26.99913787841797,-0.0096044039038361,-0.3520878331528934
17.3515625,967.6098022460938,27.007713317871094,-0.011990069614171261,-0.3408287031239894
17.3671875,967.6107788085938,27.00473022460937,-0.01079839955332318,-0.34112576672644934
17.3828125,967.6134643554688,27.00360870361328,-0.007954398524475437,-0.33957348078720884
17.3984375,967.6243286132812,26.989830017089844,0.0028530260988191003,-0.35059160350353125
17.4140625,967.6228637695312,26.987594604492188,0.0013610694122689893,-0.3500705550378953
17.4296875,967.625,27.008834838867188,0.0034289932426645464,-0.3262613337827176
17.4453125,967.616943359375,27.00696563720703,-0.004537263644351697,-0.325567015634725
17.4609375,967.6033325195312,26.993927001953125,-0.017793648341807966,-0.3359602942410653
17.4765625,967.6165161132812,26.975669860839844,-0.004520014463082589,-0.35145011164064144
17.4921875,967.6212768554688,26.98572540283203,0.00023602601106631482,-0.3387274245730758
17.5078125,967.6022338867188,26.98945617675781,-0.018439619638570548,-0.33237948931411765
17.5234375,967.6124267578124,26.99281311035156,-0.008085679237410659,-0.32645206700380314
17.5390625,967.599365234375,26.98871612548828,-0.02073417137250999,-0.3279666373993706
17.5546875,967.6117553710938,26.99057006835937,-0.008181065226949613,-0.3235649391022797
17.5703125,967.6229248046876,26.99057006835937,0.002930001797267323,-0.32103708801554376
17.5859375,967.622314453125,27.001754760742188,0.00227434456598985,-0.30743167379184655
17.6015625,967.6130981445312,26.987960815429688,-0.0068063787928167585,-0.31871604395509223
17.6171875,967.6128540039062,26.990951538085938,-0.006912813960411768,-0.31325871722619425
17.6328125,967.6119384765624,26.9779052734375,-0.007675444013216293,-0.32375572420373544
17.6484375,967.6160888671876,26.97119903564453,-0.00345620468897323,-0.32788022791860527
17.6640625,967.6104736328124,26.98088836669922,-0.008894262520016127,-0.31570503048216736
17.6796875,967.621826171875,26.98535919189453,0.0024102633288975994,-0.30880268805805144
17.6953125,967.6113891601562,26.989830017089844,-0.007869975960375086,-0.30195427018412246
17.7109375,967.6124877929688,26.982749938964844,-0.0066390903519959465,-0.30662001746295786
17.7265625,967.6171875,26.98722076416016,-0.0019015047403172503,-0.29978865170305014
17.7421875,967.6145629882812,26.976043701171875,-0.004437617700091323,-0.30853629504530744
17.7578125,967.6133422851562,26.97380828857422,-0.005547806746449169,-0.30834380367700476
17.7734375,967.6205444335938,26.98535919189453,0.0016220303299405714,-0.29447420582265593
17.7890625,967.6144409179688,26.979019165039062,-0.0043939562854120595,-0.29846412148532764
17.8046875,967.6265258789062,26.971946716308597,0.0075407897174955,-0.3031495657609824
17.8203125,967.6099243164062,26.965988159179688,-0.008883804564106867,-0.30669321567981456
17.8359375,967.6226196289062,26.95294952392578,0.003737064421557079,-0.3172339458483009
17.8515625,967.6371459960938,26.965988159179688,0.017906723960436466,-0.3018187847303757
17.8671875,967.6220092773438,26.96300506591797,0.00271590354611817,-0.3024206133202796
17.8828125,967.6284790039062,26.96151733398437,0.009006223270603186,-0.30153406130657956
17.8984375,967.609375,26.954803466796875,-0.009900558357571754,-0.30583974155271676
17.9140625,967.6190185546876,26.954803466796875,-0.0002519840670629492,-0.3034503685718377
17.9296875,967.6055908203124,26.946983337402344,-0.01341253644147855,-0.30883869720100776
17.9453125,967.62060546875,26.953689575195312,0.0015708207462239443,-0.2997720495689151
17.9609375,967.6244506835938,26.95033264160156,0.005310253644893237,-0.3007607879817087
17.9765625,967.6245727539062,26.953689575195312,0.0053262238800471096,-0.29508038677554893
17.9921875,967.6189575195312,26.944374084472656,-0.0002833657587189009,-0.3020177847052494
18.0078125,967.6075439453124,26.94325256347656,-0.011468484118609013,-0.3007710298755555
18.0234375,967.6207885742188,26.951080322265625,0.001741454459875058,-0.29065465178112504
18.0390625,967.61865234375,26.96002197265625,-0.0003870655399396128,-0.279512118567137
18.0546875,967.6165161132812,26.96002197265625,-0.0024740128835674113,-0.2773284301408303
18.0703125,967.6189575195312,26.94251251220703,-3.1969785254659655e-05,-0.29253446956981577
18.0859375,967.6177368164062,26.951828002929688,-0.0012282066425086668,-0.28100633057491464
18.1015625,967.6107788085938,26.954803466796875,-0.008026327453990234,-0.2758587505615715
18.1171875,967.6300048828124,26.942886352539062,0.010981001710661076,-0.28552761587548403
18.1328125,967.606689453125,26.926124572753903,-0.012093521180304379,-0.29992775975704333
18.1484375,967.6159057617188,26.940650939941406,-0.0028210170281681712,-0.28317169419009147
18.1640625,967.641845703125,26.93506622314453,0.022667382886311316,-0.28650050152613105
18.1796875,967.616943359375,26.936920166015625,-0.0021913092842851256,-0.2824227574155458
18.1953125,967.618896484375,26.942886352539062,-0.0002335322475346402,-0.27429675393201336
18.2109375,967.6170654296876,26.928726196289062,-0.0020242629713038696,-0.2862033405712161
18.2265625,967.6185913085938,26.93133544921875,-0.0004886500014436024,-0.28137850883182836
18.2421875,967.6231079101562,26.936920166015625,0.0039492806321277385,-0.27363915303467934
18.2578125,967.6122436523438,26.928726196289062,-0.006779919032283033,-0.27963130148966897
18.2734375,967.611328125,26.92425537109375,-0.007545144688947403,-0.28188257882025525
18.2890625,967.6157836914062,26.93319702148437,-0.003029234956898108,-0.2708085774262763
18.3046875,967.615966796875,26.93207550048828,-0.0027905410215680604,-0.2698056445284429
18.3203125,967.6080322265624,26.92127990722656,-0.010515636503441783,-0.27840904061993044
18.3359375,967.607421875,26.918296813964844,-0.010908683611432934,-0.2791937578356958
18.3515625,967.6174926757812,26.91419219970703,-0.0008215179311719112,-0.2810851035615265
18.3671875,967.6146850585938,26.9063720703125,-0.003558253573373804,-0.2866481608235887
18.3828125,967.6118774414062,26.912338256835938,-0.006241537347591475,-0.27848914637593225
18.3984375,967.6089477539062,26.900779724121094,-0.008992099362330919,-0.28778168159787754
18.4140625,967.612548828125,26.89630889892578,-0.005285731683784434,-0.2899692840838668
18.4296875,967.6046752929688,26.890357971191406,-0.012902249909529928,-0.29360833516341245
18.4453125,967.6150512695312,26.8922119140625,-0.0024769320707491715,-0.28947506110253585
18.4609375,967.6183471679688,26.884017944335938,0.000802970929953517,-0.29534349152574535
18.4765625,967.6168823242188,26.882156372070312,-0.0006489456164899821,-0.2948831492305004
18.4921875,967.6032104492188,26.866134643554688,-0.01404111708882283,-0.3084759333887348
18.5078125,967.6056518554688,26.885887145996094,-0.011373153986482976,-0.2864677791430523
18.5234375,967.6115112304688,26.87879943847656,-0.005406087990650121,-0.29126208442303536
18.5390625,967.6004638671876,26.886627197265625,-0.01613209480160549,-0.2812199949649532
18.5546875,967.6085815429688,26.886627197265625,-0.007857887398927232,-0.27902296375429003
18.5703125,967.6146850585938,26.875076293945312,-0.0017201067001906267,-0.28830375873808123
18.5859375,967.6163940429688,26.8851318359375,-1.0905092267421423e-05,-0.27607440255256677
18.6015625,967.6236572265624,26.87582397460937,0.007110632436933884,-0.2831527149441264
18.6171875,967.6128540039062,26.871353149414062,-0.00362046931650184,-0.28537648123209536
18.6328125,967.615966796875,26.87582397460937,-0.0004977607941327733,-0.27871108059899896
18.6484375,967.6104736328124,26.869117736816406,-0.005873914605672326,-0.2831874955920277
18.6640625,967.602294921875,26.882156372070312,-0.0137781602004452,-0.2680383223667313
18.6796875,967.6135864257812,26.875450134277344,-0.002438088788494497,-0.27259811828345093
18.6953125,967.6159057617188,26.869117736816406,-0.00011643345942502492,-0.2767513710901355
18.7109375,967.6041870117188,26.869117736816406,-0.011604027532484906,-0.2745892510034942
18.7265625,967.6029663085938,26.866134643554688,-0.012574247636848668,-0.275403810325642
18.7421875,967.609375,26.882156372070312,-0.006045135210456465,-0.2573556592958752
18.7578125,967.6160888671876,26.860916137695312,0.000655670805713271,-0.2764193632515699
18.7734375,967.6014404296876,26.869857788085938,-0.013719470469823136,-0.26538804322921905
18.7890625,967.6116333007812,26.87395477294922,-0.003457720482174409,-0.25924972197245566
18.8046875,967.6005249023438,26.87731170654297,-0.014281624409477445,-0.2538936259694964
18.8203125,967.6136474609376,26.866134643554688,-0.001136427811388785,-0.2629998242002962
18.8359375,967.6172485351562,26.85346984863281,0.00241650878206201,-0.27351098928528117
18.8515625,967.5999755859376,26.865768432617188,-0.014566275584343202,-0.2591716833844906
18.8671875,967.6002197265624,26.85346984863281,-0.014042405761188093,-0.2693494059050501
18.8828125,967.6012573242188,26.85942840576172,-0.012750807946531495,-0.2613331077700778
18.8984375,967.6134643554688,26.862037658691406,-0.0005331560579406869,-0.25670257472445
18.9140625,967.6083374023438,26.85980224609375,-0.0055495601754955715,-0.2569150342961528
18.9296875,967.6007690429688,26.86389923095703,-0.012861710184324693,-0.2508429084216779
18.9453125,967.6061401367188,26.85980224609375,-0.007344315332147744,-0.25294817536866887
18.9609375,967.6068725585938,26.85980224609375,-0.006482754913008648,-0.2509720177486017
18.9765625,967.6178588867188,26.85980224609375,0.0044156127977430515,-0.24901129885994067
18.9921875,967.6123046875,26.854591369628903,-0.0011163484049347971,-0.25223606458006387
19.0078125,967.6160888671876,26.843780517578125,0.002615725202986141,-0.2609918625946648
19.0234375,967.6063842773438,26.860916137695312,-0.006950410253352857,-0.2419511155831202
19.0390625,967.61669921875,26.846763610839844,0.0032988176537855907,-0.2541028327320376
19.0546875,967.6151123046876,26.83111572265625,0.0016784679743295783,-0.26764329340847937
19.0703125,967.6152954101562,26.84638977050781,0.001825214586688162,-0.2503976108260062
19.0859375,967.6200561523438,26.850860595703125,0.006457324805978715,-0.24400548261795052
19.1015625,967.6137084960938,26.85570526123047,0.0001075265920462698,-0.23729237320708663
19.1171875,967.6119384765624,26.85906219482422,-0.0016300223741154696,-0.23210781899135569
19.1328125,967.6116333007812,26.87582397460937,-0.0018974013162278425,-0.21366364827490614
19.1484375,967.6183471679688,26.869483947753903,0.004722394272221209,-0.21828489641841742
19.1640625,967.6206665039062,26.885887145996094,0.006904196416599007,-0.20030449740922407
19.1796875,967.6194458007812,26.89556884765625,0.005572487563199502,-0.1891335551572766
19.1953125,967.6205444335938,26.908241271972656,0.006540825055822097,-0.17508252825617632
19.2109375,967.6139526367188,26.93207550048828,-4.9976275818153226e-05,-0.15006667239882887
19.2265625,967.611083984375,26.939903259277344,-0.0028616241543204524,-0.14112767209719124
19.2421875,967.6173706054688,26.96300506591797,0.0033581024679278926,-0.11710378838268554
19.2578125,967.60888671875,26.96784210205078,-0.005025671277167021,-0.11138966824792007
19.2734375,967.6100463867188,27.000633239746094,-0.0037904954313034978,-0.07798447953266674
19.2890625,967.5953979492188,26.99989318847656,-0.018078797522434797,-0.07810949540531098
19.3046875,967.6190185546876,27.03602600097656,0.005433569509932568,-0.04164874007011221
19.3203125,967.619873046875,27.05018615722656,0.006165247992271361,-0.027273829259016225
19.3359375,967.6141357421876,27.06098937988281,0.00041958503720707085,-0.016341929988680448
19.3515625,967.6202392578124,27.10272216796875,0.006395696352228697,0.02519249201837681
19.3671875,967.6241455078124,27.118736267089844,0.010100736462504756,0.04088466464619245
19.3828125,967.6259155273438,27.135498046875,0.011638905290851653,0.057196081584230285
19.3984375,967.6283569335938,27.16455841064453,0.013805305456116912,0.08558256687443588
19.4140625,967.630859375,27.169029235839844,0.015989236181439992,0.08934984994420248
19.4296875,967.6002807617188,27.197723388671875,-0.014304428328273389,0.11712178400454576
19.4453125,967.6064453125,27.21820831298828,-0.00798089556371906,0.13653165591219363
19.4609375,967.6262817382812,27.237586975097656,0.011623976893019972,0.1546922686620249
19.4765625,967.611328125,27.262550354003903,-0.003264604427499762,0.1782520878216438
19.4921875,967.614013671875,27.26850891113281,-0.0005677478346797216,0.18277149928687564
19.5078125,967.620849609375,27.301300048828125,0.006145764085886185,0.21387855388076815
19.5234375,967.6109008789062,27.326629638671875,-0.003728689695662979,0.23733933010166908
19.5390625,967.6270751953124,27.35345458984375,0.01220254806378307,0.26210049782609346
19.5546875,967.6141967773438,27.366119384765625,-0.0006626693207181233,0.27261868889837615
19.5703125,967.6314697265624,27.388473510742188,0.016285860368611793,0.29266833975872686
19.5859375,967.6339111328124,27.41865539550781,0.01836149969244616,0.32032795714525264
19.6015625,967.6158447265624,27.430953979492188,0.0002893298986919035,0.33002789627705553
19.6171875,967.6171875,27.46410369873047,0.0016002263180325826,0.36034029039412374
19.6328125,967.625,27.4857177734375,0.009228884007143279,0.37897034662380236
19.6484375,967.6212158203124,27.49987030029297,0.005338362438237709,0.3900516010302155
19.6640625,967.6234130859376,27.523345947265625,0.00738844782790693,0.4102965663778484
19.6796875,967.6198120117188,27.5360107421875,0.0037134014681896588,0.4196569756645694
19.6953125,967.6200561523438,27.558746337890625,0.003880246349126537,0.4389363794038843
19.7109375,967.6248779296876,27.581466674804688,0.008532062292715636,0.4580500232217126
19.7265625,967.6304321289062,27.584449768066406,0.013811139216159063,0.4574312952609034
19.7421875,967.6253662109376,27.6004638671875,0.008574416145052055,0.4697466022383878
19.7578125,967.639892578125,27.61798095703125,0.022649596157975793,0.48345694448774523
19.7734375,967.6228637695312,27.61834716796875,0.005511006557071596,0.4800432870234843
19.7890625,967.6228637695312,27.627670288085938,0.005403369710279549,0.48554323208488626
19.8046875,967.6311645507812,27.637725830078125,0.013436491761808611,0.491726908654595
19.8203125,967.60302734375,27.64293670654297,-0.014413591924380853,0.49305545867319367
19.8359375,967.6183471679688,27.66157531738281,0.0008885324448328902,0.507696459594964
19.8515625,967.6154174804688,27.672378540039062,-0.0020012887455322925,0.514448903483629
19.8671875,967.615966796875,27.672378540039062,-0.0014236135045848641,0.5104297714251622
19.8828125,967.6214599609376,27.672378540039062,0.0039900671487203,0.5064420388359032
19.8984375,967.6134643554688,27.680198669433597,-0.003927305149773019,0.5102444950411389
19.9140625,967.6008911132812,27.68914031982422,-0.016178271022113222,0.5151300036705742
19.9296875,967.6104736328124,27.710372924804688,-0.006466928219651891,0.5321722757709573
19.9453125,967.6182861328124,27.72714233398437,0.001319291081472329,0.5446530780369656
19.9609375,967.6085205078124,27.7431640625,-0.008281366459186756,0.556294534626403
19.9765625,967.6077880859376,27.74576568603516,-0.00883773778059549,0.5545297819259254
19.9921875,967.6275634765624,27.765884399414062,0.010724026812113152,0.5701590539352601
20.0078125,967.6236572265624,27.777816772460938,0.0066846171087036055,0.5775438377088378
20.0234375,967.6170043945312,27.78675842285156,3.116427524219034e-05,0.5819035702236839
20.0390625,967.60888671875,27.791969299316406,-0.007928571828188069,0.5825276150737757
20.0546875,967.6057739257812,27.8001708984375,-0.010825713140775406,0.5861141422089737
20.0703125,967.6085815429688,27.815444946289062,-0.007861492516667568,0.5966898448256899
20.0859375,967.6211547851562,27.81991577148437,0.0046197233100429,0.5964641022864612
20.1015625,967.6216430664062,27.84375762939453,0.005008238846016866,0.6154598198825845
20.1171875,967.6193237304688,27.859405517578125,0.0026363852736039917,0.62617717909691
20.1328125,967.6167602539062,27.87541961669922,7.14847128620022e-05,0.6371741588569257
20.1484375,967.6044921875,27.8865966796875,-0.01195836720717125,0.6432859779245419
20.1640625,967.6220703125,27.90858459472656,0.005509996898467762,0.6600764406748212
20.1796875,967.6080322265624,27.9149169921875,-0.008361524800079678,0.6612025190878263
20.1953125,967.6057739257812,27.930938720703125,-0.010412407112880828,0.6719334331690483
20.2109375,967.6196899414062,27.92906951904297,0.0034351786583783905,0.6648293547002275
20.2265625,967.6011352539062,27.943603515625,-0.014824205934587553,0.6740558251003677
20.2421875,967.6118774414062,27.94956970214844,-0.00400229151205167,0.6747093396579977
20.2578125,967.6033325195312,27.96595764160156,-0.012302150625600916,0.6856980816180602
20.2734375,967.605224609375,27.976768493652344,-0.010206739282239141,0.6910674576245555
20.2890625,967.6142578125,27.981979370117188,-0.001150615529127208,0.6908386596043243
20.3046875,967.6160888671876,27.999122619628903,0.0006671493312069288,0.7024508004510714
20.3203125,967.6197509765624,28.02557373046875,0.004244702871915251,0.7232073651089586
20.3359375,967.6233520507812,28.028549194335938,0.00769253925693647,0.7205095256247702
20.3515625,967.5918579101562,28.052017211914062,-0.023336726341312897,0.7381652186466212
20.3671875,967.6273193359376,28.04754638671875,0.01188788890408432,0.7279624060024688
20.3828125,967.6201171875,28.078102111816406,0.004594222098035061,0.7525922082009053
20.3984375,967.6173095703124,28.07139587402344,0.001751710283315333,0.7400587362641282
20.4140625,967.6153564453124,28.07959747314453,-0.00019748083548165596,0.7424145515150222
20.4296875,967.6236572265624,28.100082397460938,0.007945032828274634,0.7569393236764945
20.4453125,967.6337890625,28.11163330078125,0.017723804922752606,0.7624863970983959
20.4609375,967.6038818359376,28.11536407470703,-0.011945464185714627,0.7602310993755523
20.4765625,967.6232299804688,28.141815185546875,0.007258096744976683,0.7805362554480872
20.4921875,967.6353149414062,28.15000915527344,0.018965263587119807,0.7825682702904757
20.5078125,967.6300659179688,28.15000915527344,0.013448344834159798,0.7764544556788309
20.5234375,967.599609375,28.17720031738281,-0.01667600676478287,0.7973671363992274
20.5390625,967.6268310546876,28.18466186523437,0.01033970274852436,0.7985409601550799
20.5546875,967.6149291992188,28.182052612304688,-0.0015316419249984392,0.789713490762697
20.5703125,967.6116333007812,28.216323852539062,-0.0047332524648027174,0.8175473502861585
20.5859375,967.6372680664062,28.213348388671875,0.020493280481332476,0.8082080435563235
20.6015625,967.6052856445312,28.24017333984375,-0.011264744100799362,0.8285092994568828
20.6171875,967.6051635742188,28.243896484375,-0.011164415694338459,0.8257306280194747
20.6328125,967.6098022460938,28.24873352050781,-0.006398287885417631,0.8240788542760953
20.6484375,967.6261596679688,28.259910583496094,0.009764619653878981,0.8287304804107514
20.6640625,967.6194458007812,28.277427673339844,0.002991167457253141,0.8396362611118882
20.6796875,967.616455078125,28.29307556152344,4.3611350974970264e-07,0.8486022418791137
20.6953125,967.626708984375,28.302764892578125,0.010054062239191808,0.8515861700202514
20.7109375,967.61865234375,28.306854248046875,0.0019584094733318125,0.8489905604461185
20.7265625,967.6153564453124,28.317665100097656,-0.0013113661329953175,0.8530842139617683
20.7421875,967.6055908203124,28.32697296142578,-0.010860643649948543,0.8556546372016918
20.7578125,967.6279296875,28.335548400878903,0.01125403948424264,0.857478279180949
20.7734375,967.6063232421876,28.347091674804688,-0.010150210401775439,0.8622323222230861
20.7890625,967.6130981445312,28.347091674804688,-0.003309384072622379,0.8554961322057189
20.8046875,967.630126953125,28.347091674804688,0.013451467010895612,0.8488125686728623
20.8203125,967.6209716796876,28.37802124023437,0.004212283542756268,0.8728691486798716
20.8359375,967.6047973632812,28.37690734863281,-0.011728399409207668,0.8649446691323845
20.8515625,967.6109008789062,28.40186309814453,-0.005515022772783595,0.8829480716234492
20.8671875,967.6135864257812,28.413787841796875,-0.0027742126966359137,0.88788162140645
20.8828125,967.6222534179688,28.42198181152344,0.005777686141414051,0.8890750005772894
20.8984375,967.6157836914062,28.43279266357422,-0.0006785240066164988,0.8928554944044116
20.9140625,967.6083984375,28.4439697265625,-0.00790628225047385,0.8969698030380613
20.9296875,967.604736328125,28.45030212402344,-0.011342446476533041,0.8962451520576025
20.9453125,967.625,28.467803955078125,0.0087469827149107,0.9066083348067231
20.9609375,967.6219482421876,28.477867126464844,0.005583990041145626,0.9095100100513065
20.9765625,967.642578125,28.48941802978516,0.025701883149395144,0.9138651249859073
20.9921875,967.6231079101562,28.49501037597656,0.006109956034038078,0.9122742096837335
21.0078125,967.6102294921876,28.499481201171875,-0.006636265412453213,0.9095829642940565
21.0234375,967.6107788085938,28.50059509277344,-0.005968063283489755,0.9035820367089364
21.0390625,967.623046875,28.50432586669922,0.006176956186777716,0.9002244293016304
21.0546875,967.6368408203124,28.52183532714844,0.019580844829306443,0.9105640937371753
21.0703125,967.6265258789062,28.525924682617188,0.009084928746915466,0.9075077191339993
21.0859375,967.6294555664062,28.528533935546875,0.011779955773363326,0.9030066832194379
21.1015625,967.6236572265624,28.53524780273437,0.005864787493351287,0.9026133586068816
21.1171875,967.6414794921876,28.550514221191406,0.023224415362392392,0.9107088413056061
21.1328125,967.626708984375,28.5587158203125,0.008288792167945758,0.9117314526108657
21.1484375,967.620849609375,28.57026672363281,0.002381967613928282,0.9160692125254641
21.1640625,967.6148071289062,28.579574584960938,-0.0035890184631170996,0.9181475654641105
21.1796875,967.6267700195312,28.58032989501953,0.008210319971226454,0.9117239468076832
21.1953125,967.6281127929688,28.59374237060547,0.009366509553046853,0.9179087940936697
21.2109375,967.6270751953124,28.596717834472656,0.008166237836235268,0.9136898496955368
21.2265625,967.625,28.59821319580078,0.005972076849502628,0.9080353265625405
21.2421875,967.630615234375,28.60863494873047,0.011360996552184588,0.9112816335586942
21.2578125,967.61474609375,28.61273956298828,-0.004420094383931428,0.9082347927554402
21.2734375,967.6139526367188,28.62540435791016,-0.005111724239100113,0.9137050596485885
21.2890625,967.6268310546876,28.63098907470703,0.00761500049281949,0.912107825066979
21.3046875,967.6158447265624,28.654464721679688,-0.003305481389588749,0.9282742261643264
21.3203125,967.6256713867188,28.644775390625,0.0063938119940303295,0.9114084506165945
21.3359375,967.6217041015624,28.64813232421875,0.002379133735416872,0.9076187796461994
21.3515625,967.6105346679688,28.666015625,-0.008618614314059414,0.918271595424109
21.3671875,967.6172485351562,28.674217224121094,-0.001867545034201612,0.9192351227128199
21.3828125,967.6272583007812,28.673843383789062,0.007983192844903897,0.9116826786121877
21.3984375,967.6181030273438,28.673843383789062,-0.001149188393469558,0.9045601576855304
21.4140625,967.6077270507812,28.69134521484375,-0.011300064077886418,0.9148583794531859
21.4296875,967.6126098632812,28.68315887451172,-0.006291914633038687,0.8995886638155213
21.4453125,967.61669921875,28.685760498046875,-0.002159540430625384,0.8951419257307514
21.4609375,967.61083984375,28.69768524169922,-0.007862295988616097,0.899980211028538
21.4765625,967.6200561523438,28.69917297363281,0.0013275670464736322,0.8944252246577378
21.4921875,967.6135864257812,28.69544982910156,-0.005041726712988748,0.8837434701254985
21.5078125,967.6094970703124,28.689483642578125,-0.008952740732979692,0.8709196485739241
21.5234375,967.5948486328124,28.685760498046875,-0.02314021772065189,0.8604215313548416
21.5390625,967.6085205078124,28.68762969970703,-0.009283414151923353,0.855554086663318
21.5546875,967.6080322265624,28.67831420898437,-0.009580841976116972,0.8396273569098724
21.5703125,967.6198120117188,28.67011260986328,0.002155995071234429,0.8249302440560591
21.5859375,967.6213989257812,28.661544799804688,0.003669805439699303,0.8099846024818618
21.6015625,967.6161499023438,28.64887237548828,-0.0015483738962984717,0.7910831767735367
21.6171875,967.6032104492188,28.64813232421875,-0.014204861649773193,0.7841685698360052
21.6328125,967.5933227539062,28.64179992675781,-0.023621999209126443,0.7717593272783851
21.6484375,967.615234375,28.63098907470703,-0.0016769722927847397,0.755003565264893
21.6640625,967.5994262695312,28.61944580078125,-0.017143572336522084,0.7376520078130255
21.6796875,967.6061401367188,28.60416412353516,-0.01022599997031648,0.7167268123593828
21.6953125,967.6105346679688,28.60863494873047,-0.005717572846833718,0.7155632810112955
21.7109375,967.61474609375,28.591873168945312,-0.001476730130661963,0.6933421144978098
21.7265625,967.6231689453124,28.591873168945312,0.006810454997548732,0.6879253792282967
21.7421875,967.6019287109376,28.591873168945312,-0.014147947748710976,0.6825509622030772
21.7578125,967.6231689453124,28.560211181640625,0.006953765402840872,0.6458039047819959
21.7734375,967.6057739257812,28.55126953125,-0.0102373233836488,0.631886768028938
21.7890625,967.6187133789062,28.543441772460938,0.0026493537698115688,0.6191835482301897
21.8046875,967.6063842773438,28.52294921875,-0.009490690218626696,0.594013721124572
21.8203125,967.61083984375,28.520339965820312,-0.004936781550441083,0.5867841207871116
21.8359375,967.6142578125,28.503570556640625,-0.001489148487962666,0.5655614716729929
21.8515625,967.6149291992188,28.49276733398437,-0.0008017898596790474,0.5504242001962965
21.8671875,967.6124877929688,28.474884033203125,-0.003179852435664543,0.5283804236383709
21.8828125,967.6153564453124,28.467803955078125,-0.0003051219651979409,0.5172276865640484
21.8984375,967.6097412109376,28.456260681152344,-0.005804724380254811,0.5017337531645296
21.9140625,967.612060546875,28.442848205566406,-0.0034173144498481633,0.48450626759751003
21.9296875,967.6362915039062,28.43427276611328,0.020407126124723618,0.4722126185495057
21.9453125,967.6170654296876,28.41155242919922,0.0011579844860989397,0.44598062318516796
21.9609375,967.6145629882812,28.400001525878903,-0.0013181979960563694,0.43103573767840686
21.9765625,967.614501953125,28.384727478027344,-0.0013522950048354687,0.4125135516250751
21.9921875,967.6178588867188,28.37615203857422,0.0019654854914961106,0.40078234567060633
22.0078125,967.6163330078124,28.373550415039062,0.00043102051904497785,0.3950699352437681
22.0234375,967.5977172851562,28.34747314453125,-0.017829532173436746,0.3661099095427076
22.0390625,967.6197509765624,28.34374237060547,0.00412204674773875,0.35954804861992073
22.0546875,967.6060180664062,28.332199096679688,-0.009423151232454074,0.3452859873918399
22.0703125,967.6071166992188,28.328094482421875,-0.00816193016953548,0.33851589365641743
22.0859375,967.599365234375,28.31208038330078,-0.015602586516934025,0.319982249265518
22.1015625,967.6159057617188,28.30461883544922,0.0009196216700502191,0.31007913343415794
22.1171875,967.5938110351562,28.29046630859375,-0.020761528625030223,0.2936146799647936
22.1328125,967.6240234375,28.28673553466797,0.009266286341357954,0.28761918802308273
22.1484375,967.6102294921876,28.27593994140625,-0.0044392281317868765,0.2746609104272899
22.1640625,967.6297607421876,28.259910583496094,0.014797255816120014,0.25661099351309247
22.1796875,967.6188354492188,28.252838134765625,0.0037963385728971843,0.24758902490150803
22.1953125,967.622314453125,28.23681640625,0.007133245946306488,0.22975817688286782
22.2109375,967.6077880859376,28.22266387939453,-0.007248724341820889,0.2139212308865588
22.2265625,967.6160888671876,28.213348388671875,0.0010315089216419437,0.20300725781887152
22.2421875,967.5961303710938,28.198814392089844,-0.01855731945397565,0.18700081388342582
22.2578125,967.616455078125,28.207015991210938,0.0017328682886272873,0.19367739415292107
22.2734375,967.6173095703124,28.19061279296875,0.002536826091727562,0.1758892412551809
22.2890625,967.5996704101562,28.17720031738281,-0.014807366602212824,0.16120741593744725
22.3046875,967.6080322265624,28.173484802246094,-0.00631966054379518,0.15626149532572597
22.3203125,967.5990600585938,28.157455444335938,-0.014993159986829596,0.13913657384200917
22.3359375,967.6058959960938,28.153732299804688,-0.007997901735166124,0.1343555118942703
22.3515625,967.6055297851562,28.14702606201172,-0.00820075109697882,0.12665201414738547
22.3671875,967.6236572265624,28.139572143554688,0.009732809639103834,0.11826686056777191
22.3828125,967.6039428710938,28.120574951171875,-0.00978659376255564,0.0984941239022632
22.3984375,967.6019287109376,28.114242553710938,-0.011570270443712616,0.0914417129535039
22.4140625,967.61083984375,28.11163330078125,-0.002607201349519528,0.08813845642988127
22.4296875,967.6094360351562,28.101577758789062,-0.003932669905339026,0.07747289166864846
22.4453125,967.602783203125,28.095611572265625,-0.010378753851910005,0.07094805901126477
22.4609375,967.5991821289062,28.078102111816406,-0.0137067845536194,0.05302110951078021
22.4765625,967.6222534179688,28.073257446289062,0.009181604030231938,0.04780006551481719
22.4921875,967.5997924804688,28.074371337890625,-0.01301997148789269,0.04853181682640795
22.5078125,967.6083984375,28.052017211914062,-0.004327803236833461,0.025973177640082667
22.5234375,967.6223754882812,28.070655822753903,0.009460785678356842,0.044263258882423884
22.5390625,967.596435546875,28.049415588378903,-0.01615729721754633,0.022843157128459524
22.5546875,967.6014404296876,28.030784606933597,-0.010934593811043669,0.004179268060628516
22.5703125,967.6012573242188,28.038238525390625,-0.010900556715796483,0.0115423022479888
22.5859375,967.5960083007812,28.030784606933597,-0.015834158665938958,0.004056443292594025
22.6015625,967.6213989257812,28.017745971679688,0.009369816600951708,-0.008912018586617165
22.6171875,967.61865234375,28.01551055908203,0.006493874519492238,-0.011060341878145863
22.6328125,967.5965576171876,28.009918212890625,-0.015296147901381119,-0.016522588944010153
22.6484375,967.6160888671876,28.003219604492188,0.004152385260795199,-0.023039781738209086
22.6640625,967.6153564453124,28.003219604492188,0.003353167225668585,-0.02285978344337991
22.6796875,967.6153564453124,27.995018005371094,0.003287675678279811,-0.030818715513188266
22.6953125,967.6010131835938,27.995391845703125,-0.010839656625535099,-0.03020702459380331
22.7109375,967.6175537109376,27.977882385253903,0.005589525587083699,-0.04734370000362631
22.7265625,967.59130859375,27.963356018066406,-0.020252162077099456,-0.061386707291191556
22.7421875,967.611083984375,27.957763671875,-0.00046745950965032534,-0.06645577962726534
22.7578125,967.598876953125,27.957763671875,-0.012426942112028883,-0.06593659384892803
22.7734375,967.6134033203124,27.952919006347656,0.002058420679304618,-0.07022828078739352
22.7890625,967.6099243164062,27.942855834960938,-0.0013928374606848593,-0.07966417520400171
22.8046875,967.6117553710938,27.941368103027344,0.0004296582966389906,-0.08051790786308288
22.8203125,967.6141357421876,27.946212768554688,0.0027551460040058373,-0.07508204512999228
22.8359375,967.62255859375,27.941001892089844,0.010959677301457305,-0.07966563314487729
22.8515625,967.6116333007812,27.931686401367188,3.371276375219168e-05,-0.08828595883731793
22.8671875,967.610595703125,27.92236328125,-0.000984277765724073,-0.09684650802517325
22.8828125,967.6095581054688,27.92162322998047,-0.00198238566758846,-0.0968241643002159
22.8984375,967.6094970703124,27.902999877929688,-0.0020035102610336253,-0.11454558262950343
22.9140625,967.6074829101562,27.894798278808597,-0.003939200291824818,-0.1217882193931672
22.9296875,967.6035766601562,27.88623046875,-0.007692218840816167,-0.12933762297167206
22.9453125,967.6117553710938,27.88623046875,0.000476990297897828,-0.12832717279220418
22.9609375,967.5965576171876,27.885482788085938,-0.014433248693990208,-0.12806645616364065
22.9765625,967.6055908203124,27.881759643554688,-0.0052945759291560535,-0.13075999443946174
22.9921875,967.6112060546876,27.86387634277344,0.00031439558574675175,-0.14748201947679718
23.0078125,967.6111450195312,27.858657836914062,0.0002484119835344245,-0.15150755248198777
23.0234375,967.5996704101562,27.86200714111328,-0.011006935723685274,-0.14700076196805867
23.0390625,967.6206665039062,27.86052703857422,0.009794057283556867,-0.14732085775315795
23.0546875,967.6071166992188,27.858657836914062,-0.0036823929624461016,-0.1480245120741479
23.0703125,967.6222534179688,27.844879150390625,0.011230608487039717,-0.16053911110854102
23.0859375,967.6011352539062,27.844879150390625,-0.00969443925566793,-0.1592848993030067
23.1015625,967.5955810546876,27.82512664794922,-0.014950813504128746,-0.1776386720432832
23.1171875,967.5990600585938,27.828857421875,-0.011247750816778534,-0.1725492426634574
23.1328125,967.5902099609376,27.809112548828125,-0.019705312369978856,-0.1907918179313448
23.1484375,967.6015625,27.81358337402344,-0.008189633203983249,-0.18486535998027875
23.1640625,967.6209106445312,27.80650329589844,0.010940571652895414,-0.19044586437007993
23.1796875,967.6195678710938,27.795700073242188,0.0094103412189952,-0.19967682853393853
23.1953125,967.6000366210938,27.80240631103516,-0.00992323478135404,-0.1914630080008024
23.2109375,967.598388671875,27.791969299316406,-0.011345184312631318,-0.2003226758154959
23.2265625,967.6044921875,27.78899383544922,-0.005139292346029833,-0.2017098729664113
23.2421875,967.6206665039062,27.794578552246094,0.010819496246540439,-0.1945929283869603
23.2578125,967.612060546875,27.78302764892578,0.0021703060274376185,-0.20453333302205934
23.2734375,967.5914916992188,27.77967834472656,-0.018039195112578454,-0.20625855411799066
23.2890625,967.6258544921876,27.77967834472656,0.016004777585635566,-0.20464715916394383
23.3046875,967.6002197265624,27.774459838867188,-0.00944190233565223,-0.20822608951532118
23.3203125,967.6190185546876,27.765884399414062,0.00917417333278081,-0.21510776702337964
23.3359375,967.61083984375,27.76402282714844,0.0009760197702917139,-0.2152742663258067
23.3515625,967.58935546875,27.762908935546875,-0.020107801416656912,-0.2146976254435664
23.3671875,967.6178588867188,27.766265869140625,0.008231639666291812,-0.2096895926947404
23.3828125,967.5907592773438,27.76551818847656,-0.018499454675293237,-0.20879323216069068
23.3984375,967.6212158203124,27.774459838867188,0.011723551412615052,-0.1982902412874843
23.4140625,967.6026611328124,27.749122619628903,-0.0066977154606320255,-0.22188037099041225
23.4296875,967.5895385742188,27.743911743164062,-0.019433159326695204,-0.22531709708450975
23.4453125,967.6133422851562,27.75322723388672,0.004285189274696677,-0.2143140938121526
23.4609375,967.583251953125,27.748756408691406,-0.025301136062125806,-0.21707566182772098
23.4765625,967.6194458007812,27.72937774658203,0.010679963320853858,-0.23460702453133564
23.4921875,967.6154174804688,27.73087310791016,0.006521728105894908,-0.23129047833443295
23.5078125,967.5978393554688,27.73310852050781,-0.010840451642252447,-0.22726557303571582
23.5234375,967.6121826171876,27.729751586914062,0.0034343958172939892,-0.22882076829641917
23.5390625,967.6117553710938,27.720436096191406,0.0029484163303550304,-0.23627581949548926
23.5546875,967.59375,27.71857452392578,-0.014762873615723038,-0.23627694338798122
23.5703125,967.6161499023438,27.712989807128903,0.007487868010684906,-0.23997211596466528
23.5859375,967.5947265625,27.712989807128903,-0.0136632946488362,-0.23809733380869247
23.6015625,967.6075439453124,27.710372924804688,-0.0008293901208844545,-0.23883363631937016
23.6171875,967.6029663085938,27.72528076171875,-0.0053014208465356205,-0.2221763790974549
23.6328125,967.6137084960938,27.70478820800781,0.0053345016797266,-0.24077308177082912
23.6484375,967.602294921875,27.70963287353516,-0.005960340653473395,-0.23408522549157595
23.6640625,967.6004638671876,27.70404815673828,-0.007639219650627638,-0.23779752086432637
23.6796875,967.59375,27.68914031982422,-0.014072753110895064,-0.25073109717074615
23.6953125,967.5897216796876,27.691749572753903,-0.017747536832985134,-0.2461833923329273
23.7109375,967.6089477539062,27.69957733154297,0.001449659702302597,-0.23649348015679905
23.7265625,967.5938720703124,27.695106506347656,-0.013359890612377967,-0.23908177171654899
23.7421875,967.5910034179688,27.68354797363281,-0.015911579226440153,-0.24868217705302698
23.7578125,967.608642578125,27.687278747558597,0.0016938391147505172,-0.24303772029030668
23.7734375,967.6150512695312,27.67125701904297,0.007944277971773772,-0.2570355468621379
23.7890625,967.606689453125,27.676101684570312,-0.0004093833869092123,-0.2502206400743674
23.8046875,967.6072387695312,27.65933990478516,0.00013719995251904038,-0.2648966197043663
23.8203125,967.6053466796876,27.660079956054688,-0.0017206146978878678,-0.2620928452439415
23.8359375,967.6110229492188,27.660079956054688,0.0038783959497550313,-0.260045244890474
23.8515625,967.6066284179688,27.64927673339844,-0.0005060545327069121,-0.2687324638940112
23.8671875,967.60302734375,27.65374755859375,-0.004026911392998045,-0.26219709464636765
23.8828125,967.6011352539062,27.64927673339844,-0.0058033957438965444,-0.2645845767179118
23.8984375,967.6079711914062,27.63511657714844,0.0010123749249260072,-0.27656703974160024
23.9140625,967.5887451171876,27.643310546875,-0.017857962979405784,-0.26627640540554864
23.9296875,967.589599609375,27.6358642578125,-0.01667137175309108,-0.27158423591751557
23.9453125,967.5863037109376,27.6358642578125,-0.019577284444608267,-0.26946248407440976
23.9609375,967.5869140625,27.62617492675781,-0.018596484974409577,-0.2769709415734063
23.9765625,967.6060791015624,27.62804412841797,0.0005574495158953141,-0.2729525075701744
23.9921875,967.6044311523438,27.63436889648437,-0.0010692008804653597,-0.2645447102888987
24.0078125,967.5928955078124,27.62728881835937,-0.01235865702483352,-0.26950271975441353
24.0234375,967.6025390625,27.61387634277344,-0.0026620729946671418,-0.2807049203767491
24.0390625,967.607177734375,27.61387634277344,0.0019379934334438076,-0.27851191318630697
24.0546875,967.5930786132812,27.62245178222656,-0.011923605635729473,-0.2678275950321485
24.0703125,967.6038208007812,27.618728637695312,-0.001158343562792652,-0.2694292494105568
24.0859375,967.6077270507812,27.620216369628903,0.002694236389629623,-0.2658482243716769
24.1015625,967.60107421875,27.61127471923828,-0.0038812793204670015,-0.27264307886571615
24.1171875,967.600830078125,27.61239624023437,-0.004044845337148217,-0.26940029569876955
24.1328125,967.60693359375,27.602333068847656,0.0020184618838356982,-0.27728015874888
24.1484375,967.6022338867188,27.602333068847656,-0.0026288770781093262,-0.27511390750865417
24.1640625,967.5900268554688,27.60493469238281,-0.01454614449357905,-0.2703832817549596
24.1796875,967.5982666015624,27.61239624023437,-0.0061832265562316024,-0.2608676578572755
24.1953125,967.6021118164062,27.59004211425781,-0.0022923474210756467,-0.2810091136476345
24.2109375,967.6075439453124,27.61052703857422,0.0030784576279074827,-0.2584888441020752
24.2265625,967.6165161132812,27.595993041992188,0.01181526181562731,-0.2708898497412626
24.2421875,967.5942993164062,27.613136291503903,-0.010198380077781621,-0.2517642049152542
24.2578125,967.6040649414062,27.59004211425781,-0.0004243028301971208,-0.27271105105071314
24.2734375,967.6021118164062,27.58407592773437,-0.002330993692908123,-0.276500071655601
24.2890625,967.600830078125,27.59004211425781,-0.0035421708028025023,-0.2684203391545701
24.3046875,967.6112060546876,27.576248168945312,0.006700332991044888,-0.28000948536966774
24.3203125,967.6177368164062,27.57476043701172,0.012972674891102542,-0.27929802029307993
24.3359375,967.6126098632812,27.584449768066406,0.007692485012853467,-0.2675023713537179
24.3515625,967.5960083007812,27.580718994140625,-0.008735072067452165,-0.26911413633200354
24.3671875,967.603515625,27.576248168945312,-0.0012037683985681724,-0.2714475790153834
24.3828125,967.5999755859376,27.57476043701172,-0.004651154971497817,-0.2708030038321887
24.3984375,967.594970703125,27.583335876464844,-0.009467443296102829,-0.2601789115323534
24.4140625,967.6055908203124,27.565818786621094,0.0011301607293034976,-0.27552650136535206
24.4296875,967.5994873046876,27.56842803955078,-0.0048762190576780995,-0.27078508243226196
24.4453125,967.5961303710938,27.55651092529297,-0.008072348888845227,-0.28049358577843364
24.4609375,967.5978393554688,27.55948638916016,-0.006239080050704615,-0.2753500115838108
24.4765625,967.6030883789062,27.55651092529297,-0.0009707195699775184,-0.276151057674042
24.4921875,967.6040649414062,27.564697265625,5.728810265281936e-06,-0.2658712429877781
24.5078125,967.599365234375,27.564697265625,-0.004602298958843676,-0.2637941239019348
24.5234375,967.6115112304688,27.556137084960938,0.0073963593002872585,-0.2702265365615766
24.5390625,967.5977783203124,27.56768798828125,-0.00621279009715181,-0.25665472985656734
24.5546875,967.605224609375,27.559860229492188,0.0012094071887531754,-0.2624162192030859
24.5703125,967.5903930664062,27.551666259765625,-0.013356078440551755,-0.26849604682863415
24.5859375,967.6071166992188,27.55651092529297,0.003301781825598482,-0.2615916048848739
24.6015625,967.5949096679688,27.545700073242188,-0.008731318771538099,-0.27027431274084535
24.6171875,967.6077270507812,27.544212341308597,0.004006258102663196,-0.2696389037004181
24.6328125,967.609375,27.545700073242188,0.005543773584690825,-0.26605624073739875
24.6484375,967.6094970703124,27.53378295898437,0.0055551828834268235,-0.2758016881593157
24.6640625,967.5874633789062,27.53527069091797,-0.01615666265308846,-0.2721708784427044
24.6796875,967.6131591796876,27.537872314453125,0.009352826836675376,-0.2674632451035812
24.6953125,967.59521484375,27.534156799316406,-0.008423706188864344,-0.26906017617592326
24.7109375,967.59912109375,27.523345947265625,-0.004429224622640504,-0.2776845358186826
24.7265625,967.5978393554688,27.53192138671875,-0.0055994206596778895,-0.26700668155020324
24.7421875,967.6085815429688,27.52111053466797,0.005042322175427216,-0.2756470841197256
24.7578125,967.598876953125,27.511802673339844,-0.00457120775297426,-0.2827287349365406
24.7734375,967.5825805664062,27.51738739013672,-0.02046002426720861,-0.27497883049795036
24.7890625,967.5899658203124,27.50434112548828,-0.01281940375247359,-0.2857748990905584
24.8046875,967.5982666015624,27.50434112548828,-0.0044303681567043895,-0.283542282691414
24.8203125,967.5896606445312,27.50062561035156,-0.012781709461478385,-0.28501359628260303
24.8359375,967.5985107421876,27.49503326416016,-0.003854822512039391,-0.2883355835484238
24.8515625,967.6021728515624,27.49242401123047,-0.00018894920879120036,-0.2886718299431301
24.8671875,967.6000366210938,27.481246948242188,-0.0022797660118385465,-0.29750632345538364
24.8828125,967.6007080078124,27.49615478515625,-0.001576965635081251,-0.28039068586521765
24.8984375,967.60107421875,27.49242401123047,-0.0011871071448013026,-0.28190176088638097
24.9140625,967.6000366210938,27.49354553222656,-0.002181253535354699,-0.27858664426614865
24.9296875,967.59765625,27.50062561035156,-0.004472530398061281,-0.26938542109317254
24.9453125,967.6058349609376,27.494659423828125,0.0036337942009367907,-0.27320042318210014
24.9609375,967.6002807617188,27.495773315429688,-0.0018828971074071887,-0.269960855552565
24.9765625,967.5979614257812,27.513656616210938,-0.004120158180739963,-0.2501081988746634
24.9921875,967.607177734375,27.521484375,0.004996616225298567,-0.24038762414743076
25.0078125,967.6074829101562,27.54048156738281,0.005198241381435764,-0.21966081901646106
25.0234375,967.5935668945312,27.54346466064453,-0.008547505215346973,-0.2149849310222791
25.0390625,967.6074829101562,27.56842803955078,0.005263656690658536,-0.18853700874012347
25.0546875,967.6083374023438,27.57439422607422,0.00599865378285358,-0.1811444876681172
25.0703125,967.6126098632812,27.59674835205078,0.010070507010937035,-0.15754981199084028
25.0859375,967.6015625,27.61537170410156,-0.0009577770463238267,-0.13784109697177982
25.1015625,967.614013671875,27.637725830078125,0.011268914460970336,-0.11458472903431272
25.1171875,967.6036376953124,27.64592742919922,0.0008754977050102752,-0.10555201171077044
25.1328125,967.5965576171876,27.66381072998047,-0.006083397208385577,-0.08698379912538456
25.1484375,967.6010131835938,27.68280792236328,-0.0015960372319341332,-0.06745546137739566
25.1640625,967.6103515625,27.694351196289062,0.007591124063537791,-0.05547537348714826
25.1796875,967.5988159179688,27.723045349121094,-0.0038674790523600677,-0.026571992368747743
25.1953125,967.5994873046876,27.742416381835938,-0.0031336686550957893,-0.007144702156608673
25.2109375,967.6168823242188,27.768875122070312,0.01398280886678549,0.019163147155282445
25.2265625,967.6118774414062,27.791229248046875,0.008802575935987988,0.04119291943550252
25.2421875,967.6116943359376,27.799415588378903,0.0084511214347458,0.04899348430059547
25.2578125,967.6217651367188,27.809112548828125,0.01816016592260894,0.05823192565020818
25.2734375,967.6021728515624,27.85121154785156,-0.001404148154961149,0.09954708932463063
25.2890625,967.6097412109376,27.865737915039062,0.006043816469855301,0.1131822576331345
25.3046875,967.6162109375,27.883621215820312,0.012269137894918458,0.13004160873927262
25.3203125,967.6284790039062,27.89106750488281,0.02405796202970123,0.1364137736001929
25.3359375,967.6165161132812,27.923484802246094,0.0118588395413326,0.1675120782215771
25.3515625,967.615234375,27.923118591308597,0.01037051725108995,0.16584004019592413
25.3671875,967.6304321289062,27.93466186523437,0.025068890861348336,0.17599750698012073
25.3828125,967.6016845703124,27.942855834960938,-0.0036068187533828677,0.18275248079491746
25.3984375,967.6221923828124,27.95478057861328,0.016570896212556363,0.19315630863126643
25.4140625,967.6185913085938,27.95478057861328,0.01271650515809597,0.19164727497008371
25.4296875,967.6209716796876,27.95478057861328,0.014802015387658685,0.1901500306343813
25.4453125,967.6130981445312,27.99576568603516,0.006793158351797501,0.2293293947901951
25.4609375,967.5943603515624,28.003219604492188,-0.011711340972169637,0.23493344361247992
25.4765625,967.6183471679688,28.01811981201172,0.01203572005465503,0.24788182573254147
25.4921875,967.6133422851562,28.038238525390625,0.00689351620223988,0.2659067848996379
25.5078125,967.5985107421876,28.049415588378903,-0.007782987181144563,0.27491913032629256
25.5234375,967.6021118164062,28.066551208496094,-0.004100234974998784,0.2897730727056427
25.5390625,967.6021118164062,28.07139587402344,-0.004020152260636678,0.29231603715304644
25.5546875,967.6227416992188,28.098960876464844,0.01628532175197961,0.3173819689726187
25.5703125,967.607421875,28.103805541992188,0.0009466401595545904,0.31970923891793035
25.5859375,967.6262817382812,28.11573028564453,0.019419657670482593,0.3290430920814451
25.6015625,967.5946044921876,28.13324737548828,-0.01201818239928798,0.34385268050390394
25.6171875,967.603271484375,28.14777374267578,-0.003285737278019951,0.35557921138131476
25.6328125,967.6138916015624,28.171615600585938,0.007191130301748672,0.37645684218763265
25.6484375,967.6165161132812,28.19322204589844,0.00962393026236441,0.3949534180665424
25.6640625,967.6060791015624,28.19322204589844,-0.0007972009592549512,0.3918678444878978
25.6796875,967.6317749023438,28.227500915527344,0.024412299044342944,0.4228174429127627
25.6953125,967.6104736328124,28.243148803710938,0.0030502672177590284,0.43503982069716685
25.7109375,967.615234375,28.2442626953125,0.007658450627900493,0.4327462614213964
25.7265625,967.6152954101562,28.25879669189453,0.007568714577473656,0.44378588098777527
25.7421875,967.5991821289062,28.28673553466797,-0.008377680604667148,0.4680393743568274
25.7578125,967.6033935546876,28.29419708251953,-0.0040848826587307485,0.4717860712536357
25.7734375,967.623779296875,28.310211181640625,0.015982483365974076,0.4839892315436778
25.7890625,967.6157836914062,28.332565307617188,0.00783088418825173,0.5023875500396144
25.8046875,967.6206665039062,28.347091674804688,0.012465382299865269,0.5128755272487773
25.8203125,967.6197509765624,28.36982727050781,0.011324271851435697,0.5314266610538354
25.8359375,967.6295166015624,28.37802124023437,0.020677984803569416,0.5354048446024251
25.8515625,967.6273803710938,28.3944091796875,0.018179610695597148,0.5474819029301194
25.8671875,967.5999145507812,28.39813995361328,-0.00910483833536091,0.5469063278179647
25.8828125,967.6069946289062,28.42347717285156,-0.001985214112551148,0.5677728943448663
25.8984375,967.609130859375,28.44061279296875,0.00014806681804202526,0.5803389166928241
25.9140625,967.6159057617188,28.456626892089844,0.006787754920310363,0.591694007877873
25.9296875,967.6206665039062,28.464088439941406,0.011322940523655234,0.5944746529503
25.9453125,967.609375,28.47303009033203,3.0822620942672074e-05,0.5987021134710737
25.9609375,967.609130859375,28.48457336425781,-0.00020915163679546822,0.6054778453078136
25.9765625,967.6115112304688,28.49351501464844,0.0021288128269816298,0.609619343388303
25.9921875,967.612548828125,28.514747619628903,0.0031045665284636925,0.6259234175221344
26.0078125,967.6282348632812,28.52220916748047,0.018423597745595544,0.6284366453317176
26.0234375,967.6168823242188,28.54194641113281,0.006932952068154918,0.6431100304763682
26.0390625,967.6074829101562,28.55126953125,-0.0024182889085295756,0.6473360166045481
26.0546875,967.614501953125,28.56318664550781,0.004510895582484409,0.6541027157774941
26.0703125,967.6072998046876,28.58032989501953,-0.002638689322566279,0.666001856185396
26.0859375,967.6177368164062,28.59336853027344,0.007646011411793552,0.673735487599938
26.1015625,967.6124877929688,28.58777618408203,0.0023501718029592666,0.6629232731162737
26.1171875,967.6087036132812,28.611251831054688,-0.0014059999180062732,0.6810364285257364
26.1328125,967.6143798828124,28.631362915039062,0.00418686590978723,0.6956697975686268
26.1484375,967.6025390625,28.654464721679688,-0.007504463105647119,0.7131562010513655
26.1640625,967.6043701171876,28.661544799804688,-0.005562599659924672,0.7146094332453004
26.1796875,967.6198120117188,28.675331115722656,0.009686339893278273,0.722705157372932
26.1953125,967.6182861328124,28.68501281738281,0.008001076983305211,0.7266650866968902
26.2109375,967.6119995117188,28.682785034179688,0.0016809704230809075,0.7187776370602244
26.2265625,967.6117553710938,28.6943359375,0.001408766716053833,0.7246228486588144
26.2421875,967.613037109375,28.714454650878903,0.002637956071566805,0.7389232685842977
26.2578125,967.621826171875,28.725250244140625,0.011203834615116648,0.7438616832378493
26.2734375,967.6066284179688,28.73233795166016,-0.003915913054925113,0.7450825986420924
26.2890625,967.5994262695312,28.737548828125,-0.01090091185392339,0.7444318073326599
26.3046875,967.6085815429688,28.74090576171875,-0.0017115439161443646,0.7419466413879228
26.3203125,967.6168823242188,28.7587890625,0.006460541292199196,0.7538937707459752
26.3359375,967.6024169921876,28.7733154296875,-0.007848447169862993,0.7624168556058706
26.3515625,967.6216430664062,28.7733154296875,0.01115540777050228,0.7564604739214502
26.3671875,967.5874633789062,28.78746795654297,-0.02257458676604074,0.7645925867083498
26.3828125,967.59326171875,28.78746795654297,-0.016448585849616393,0.758619207124692
26.3984375,967.5859375,28.794174194335938,-0.023308492009732618,0.7593463398792402
26.4140625,967.579345703125,28.80722045898437,-0.02931629886745668,0.7663582873048007
26.4296875,967.5972290039062,28.822120666503903,-0.011209697342337677,0.7751549128335178
26.4453125,967.6043701171876,28.8377685546875,-0.003989119528569063,0.7846246541341699
26.4609375,967.5963134765624,28.854904174804688,-0.011810491400751744,0.7954965221087704
26.4765625,967.599365234375,28.860870361328125,-0.008587664572701215,0.7952012812210185
26.4921875,967.6103515625,28.86534118652344,0.00235181465484402,0.7934246680849562
26.5078125,967.5901489257812,28.87540435791016,-0.017502173195452997,0.797210590725804
26.5234375,967.6033935546876,28.88098907470703,-0.004174389127229006,0.7965234691826559
26.5390625,967.6138305664062,28.876144409179688,0.0061403057438838005,0.7854938130017537
26.5546875,967.5955810546876,28.886947631835938,-0.011872698045522156,0.7900759650669258
26.5703125,967.5870361328124,28.89961242675781,-0.020018838281657736,0.7964693478013842
26.5859375,967.5883178710938,28.91861724853516,-0.018371141015904868,0.8091032776288998
26.6015625,967.5952758789062,28.917495727539062,-0.011190220445541854,0.8016693991591097
26.6171875,967.5982666015624,28.932769775390625,-0.008039351348202217,0.8105610763309024
26.6328125,967.6016845703124,28.93128967285156,-0.004531121219315537,0.8027600286840872
26.6484375,967.6077270507812,28.95140838623047,0.001481840514202304,0.8164500018906296
26.6640625,967.6036987304688,28.96406555175781,-0.0024967438647536255,0.8226297676725167
26.6796875,967.6051635742188,28.960716247558597,-0.0010117458156173598,0.8128798348524207
26.6953125,967.5968627929688,28.96406555175781,-0.00913064177132128,0.8098523489027905
26.7109375,967.6069946289062,28.96406555175781,0.000981639592623651,0.8035253774269862
26.7265625,967.5850830078124,28.982330322265625,-0.020521192800060817,0.8153699124040621
26.7421875,967.5870361328124,28.99238586425781,-0.018205410225846208,0.8189768180337751
26.7578125,967.5947265625,28.993881225585938,-0.010309609824616928,0.8140622404606397
26.7734375,967.594970703125,29.00170135498047,-0.009868878004340331,0.8154614138406764
26.7890625,967.5896606445312,29.021446228027344,-0.014882472992667317,0.8286812377712423
26.8046875,967.6119995117188,29.023681640625,0.00731076149565979,0.82442511403789
26.8203125,967.6012573242188,29.028152465820312,-0.0033644059651578573,0.8224201897079446
26.8359375,967.6139526367188,29.033737182617188,0.009148662266625252,0.8215361181727516
26.8515625,967.5999755859376,29.037094116210938,-0.004734084051392529,0.8184485747995751
26.8671875,967.6100463867188,29.049766540527344,0.005232483981103542,0.8246278663103865
26.8828125,967.616943359375,29.043800354003903,0.011892553187408339,0.8122658854136091
26.8984375,967.5888671875,29.064659118652344,-0.01586753238507299,0.8266158637334406
26.9140625,967.5960083007812,29.060943603515625,-0.008555981230756515,0.8164714396233101
26.9296875,967.5973510742188,29.064659118652344,-0.007072324828527599,0.813779244175965
26.9453125,967.5960083007812,29.069129943847656,-0.008250740877997487,0.8118574907043161
26.9609375,967.5982666015624,29.06727600097656,-0.005875400251170504,0.8036753951157714
26.9765625,967.5980834960938,29.07435607910156,-0.005940175529985936,0.8044214461060761
26.9921875,967.5902709960938,29.07770538330078,-0.013484068586080866,0.8014600413185384
27.0078125,967.5961303710938,29.082542419433597,-0.007475773789451523,0.7999978815337663
27.0234375,967.59912109375,29.09447479248047,-0.004397452478201558,0.8055870494667268
27.0390625,967.6010131835938,29.11235809326172,-0.002456429770518298,0.8170369881366639
27.0546875,967.6029663085938,29.11235809326172,-0.0004934745992386524,0.8106538866668451
27.0703125,967.5955810546876,29.10751342773437,-0.007724847089207287,0.7995138365993455
27.0859375,967.5957641601562,29.10565185546875,-0.007394441979499788,0.7914206060186153
27.1015625,967.6008911132812,29.114959716796875,-0.0022232019628063426,0.7944727761955939
27.1171875,967.60693359375,29.11756896972656,0.0037446832226351034,0.7908548257727368
27.1328125,967.5974731445312,29.11756896972656,-0.005604129941502833,0.7846762724463865
27.1484375,967.6066284179688,29.12353515625,0.0034817852246078473,0.7844655647591274
27.1640625,967.5963134765624,29.118682861328125,-0.0066996961000995725,0.7735225411666491
27.1796875,967.5866088867188,29.132843017578125,-0.016083889733863543,0.781528926343082
27.1953125,967.59912109375,29.13024139404297,-0.003501923274825458,0.7728419332547389
27.2109375,967.6036376953124,29.1309814453125,0.0009948603523071142,0.7675383752701741
27.2265625,967.5971069335938,29.11756896972656,-0.005427778292755647,0.7482342910929489
27.2421875,967.6090698242188,29.147003173828125,0.0064074734194718985,0.7715929600758074
27.2578125,967.6067504882812,29.13433837890625,0.0040082910468299815,0.7529990388636669
27.2734375,967.612060546875,29.128746032714844,0.00913635062420326,0.7415675778857569
27.2890625,967.602294921875,29.128746032714844,-0.0006169838605956102,0.7357740811835249
27.3046875,967.5987548828124,29.128746032714844,-0.004075831069258129,0.7300258461742786
27.3203125,967.5974731445312,29.111602783203125,-0.005252929324001343,0.7073132013761345
27.3359375,967.5955200195312,29.13433837890625,-0.007065311075507452,0.724345290852078
27.3515625,967.592529296875,29.118682861328125,-0.00985962682295849,0.7031531344202513
27.3671875,967.6036376953124,29.115333557128903,0.001224381543806885,0.6943366127974286
27.3828125,967.6051635742188,29.097076416015625,0.002696544425702996,0.6707976008116177
27.3984375,967.5927124023438,29.101547241210938,-0.009564107381947906,0.6699928914287518
27.4140625,967.599365234375,29.10936737060547,-0.002854414503985936,0.6725176065981024
27.4296875,967.5941162109376,29.1026611328125,-0.007945167669049624,0.660609717486345
27.4453125,967.6019287109376,29.100799560546875,-0.00013007650363761059,0.6536016753361835
27.4609375,967.599365234375,29.088134765625,-0.002640944607946949,0.6359295610360718
27.4765625,967.5978393554688,29.083663940429688,-0.004085440242420191,0.6265254644670044
27.4921875,967.6052856445312,29.06615447998047,0.003295207241535536,0.6042580664863983
27.5078125,967.6144409179688,29.064659118652344,0.012207307228322861,0.598053621524226
27.5234375,967.6143798828124,29.05274200439453,0.011909040195519083,0.5815573158033942
27.5390625,967.6129760742188,29.036354064941406,0.010300051297122081,0.560753990597533
27.5546875,967.5923461914062,29.03448486328125,-0.010128076993623836,0.5545185015238019
27.5703125,967.5853881835938,29.035232543945312,-0.016752372212295086,0.5509281651395206
27.5859375,967.6183471679688,29.010643005371094,0.01589007676886922,0.5222266060452618
27.6015625,967.5968017578124,28.98828887939453,-0.00554487765725753,0.4959672263181609
27.6171875,967.5870361328124,28.990890502929688,-0.015011469402224975,0.49467378071383905
27.6328125,967.6001586914062,28.983444213867188,-0.001852018019121715,0.4834210268728114
27.6484375,967.6103515625,28.96406555175781,0.008177945788020224,0.460417033788719
27.6640625,967.591796875,28.96406555175781,-0.010174070975381255,0.45682002571224345
27.6796875,967.6069946289062,28.93836212158203,0.004925564123595905,0.42774849713383745
27.6953125,967.6072387695312,28.93836212158203,0.005068733952725779,0.42440671199997837
27.7109375,967.615234375,28.92420959472656,0.01280917654219138,0.4070490743230657
27.7265625,967.5977783203124,28.91675567626953,-0.004556118806590348,0.3964733187108358
27.7421875,967.6060791015624,28.90222930908203,0.003671524505080015,0.37896299096455976
27.7578125,967.6088256835938,28.903709411621094,0.006292752893159559,0.37747088183562383
27.7734375,967.6217651367188,28.882476806640625,0.018856576994380703,0.3534551653172251
27.7890625,967.6011352539062,28.875770568847656,-0.00173867093883473,0.3440399515279715
27.8046875,967.610107421875,28.856765747070312,0.007092217791068833,0.32249579279945095
27.8203125,967.60693359375,28.85528564453125,0.0038418586178750047,0.318507755180228
27.8359375,967.5933227539062,28.84149169921875,-0.00957818081133155,0.3023332332281363
27.8515625,967.605224609375,28.83740234375,0.002278290386811932,0.29591384746439076
27.8671875,967.5865478515624,28.82770538330078,-0.016078184858884015,0.2839808175853662
27.8828125,967.5934448242188,28.814666748046875,-0.009001891651678307,0.268825446531995
27.8984375,967.5834350585938,28.806472778320312,-0.01864033584547542,0.2585952933928901
27.9140625,967.6008911132812,28.79380798339844,-0.0011611506665758498,0.24400916645171478
27.9296875,967.6080322265624,28.78746795654297,0.005863166469794123,0.23581234944314744
27.9453125,967.606689453125,28.77368927001953,0.004432104105944745,0.22029902492814912
27.9609375,967.6217041015624,28.761764526367188,0.019066933157773747,0.20674635720333967
27.9765625,967.5965576171876,28.74723052978516,-0.0059608099822980876,0.1907107015539573
27.9921875,967.6175537109376,28.72227478027344,0.014741625881583786,0.16445999147940782
28.0078125,967.5849609375,28.72152709960937,-0.01750249233032264,0.1624333083870937
28.0234375,967.589111328125,28.714080810546875,-0.013091318468923419,0.15377618323612552
28.0390625,967.5963134765624,28.725250244140625,-0.005774147179408828,0.16365697919839306
28.0546875,967.6041870117188,28.7088623046875,0.0020583843055419493,0.14611850037225693
28.0703125,967.6170654296876,28.71519470214844,0.014645067854985427,0.15125987519387607
28.0859375,967.6116943359376,28.699546813964844,0.009092841798292284,0.13455251836176174
28.1015625,967.5958862304688,28.671600341796875,-0.0065841061770015585,0.10577318645790257
28.1171875,967.613037109375,28.686508178710938,0.010360390449363877,0.11973820287687076
28.1328125,967.6121826171876,28.66712951660156,0.009320236186567854,0.099575481855247
28.1484375,967.610107421875,28.659683227539062,0.007103536169438485,0.09140943347405894
28.1640625,967.6092529296876,28.64179992675781,0.006126992341819459,0.07295170978114385
28.1796875,967.6072998046876,28.63098907470703,0.0040923464953266375,0.06165538227934775
28.1953125,967.6195068359376,28.621307373046875,0.01598103052378974,0.0515676362393549
28.2109375,967.6264038085938,28.63098907470703,0.022431167180343436,0.06077082744717188
28.2265625,967.614013671875,28.63098907470703,0.009844916585393548,0.06029605535774252
28.2421875,967.6134033203124,28.63098907470703,0.00905420242463606,0.05982499242525918
28.2578125,967.6060791015624,28.6015625,0.001696194931014361,0.03016093007980558
28.2734375,967.5962524414062,28.592987060546875,-0.007971667076162703,0.021416853981158113
28.2890625,967.613037109375,28.5870361328125,0.00864087196885066,0.015345098697981285
28.3046875,967.6080322265624,28.58330535888672,0.003564973742982147,0.011523587859915807
28.3203125,967.6119995117188,28.579574584960938,0.00738514446766203,0.00773193257527538
28.3359375,967.6077880859376,28.57026672363281,0.003111731993385547,-0.0015636168094701475
28.3515625,967.5994873046876,28.55535888671875,-0.00508770063834163,-0.016342770491313274
28.3671875,967.6076049804688,28.545677185058597,0.0029707959407687667,-0.025821155962781006
28.3828125,967.6085205078124,28.539337158203125,0.0038104185327938467,-0.03190992357748712
28.3984375,967.6033935546876,28.555740356445312,-0.0012908210256910024,-0.015385579043616815
28.4140625,967.6077270507812,28.53673553466797,0.0029832478205662483,-0.03412172581454698
28.4296875,967.6171875,28.525558471679688,0.012200656081517991,-0.04494489201530527
28.4453125,967.6172485351562,28.52108764648437,0.012022205080825188,-0.04902965691991312
28.4609375,967.61669921875,28.514747619628903,0.011248808817640565,-0.05493710812088537
28.4765625,967.6209716796876,28.49053955078125,0.015218119955306975,-0.07852685527346992
28.4921875,967.6091918945312,28.499855041503903,0.0033711798223521328,-0.06867065076526302
28.5078125,967.6119995117188,28.492027282714844,0.006058117380803196,-0.07590076572967774
28.5234375,967.6124267578124,28.48085021972656,0.006358696219081139,-0.08639753318110266
28.5390625,967.6050415039062,28.474510192871094,-0.0010065077321996796,-0.09201304784878062
28.5546875,967.6044311523438,28.471160888671875,-0.001585280011568102,-0.09461733367262326
28.5703125,967.6130981445312,28.46109771728516,0.006943397484974412,-0.10386268861356385
28.5859375,967.6199951171876,28.454025268554688,0.013570050411999546,-0.11006845658353726
28.6015625,967.6278076171876,28.44247436523437,0.020964922474263403,-0.12066920865460418
28.6171875,967.6130981445312,28.44136047363281,0.006133273063596789,-0.12083166978541371
28.6328125,967.6281127929688,28.432418823242188,0.020734876159281157,-0.12875946611216094
28.6484375,967.6126098632812,28.427566528320312,0.005129760017211993,-0.1325679191509579
28.6640625,967.6187133789062,28.416763305664062,0.01101387572737167,-0.1422510547618394
28.6796875,967.6109008789062,28.420860290527344,0.0031388488577022144,-0.13707474122747598
28.6953125,967.6167602539062,28.41155242919922,0.008822477297940168,-0.14523898847313532
28.7109375,967.5975341796876,28.410438537597656,-0.010200401668384984,-0.14520949819911522
28.7265625,967.607177734375,28.406707763671875,-0.0005459710633886061,-0.14777667624892032
28.7421875,967.615234375,28.406333923339844,0.0073639767966824365,-0.1469930906701613
28.7578125,967.6072998046876,28.382858276367188,-0.0005594491110514355,-0.16913695062998357
28.7734375,967.6200561523438,28.389938354492188,0.011958677870325118,-0.1607908031885401
28.7890625,967.6134033203124,28.37391662597656,0.0052022160374463056,-0.1754311838002316
28.8046875,967.615966796875,28.374298095703125,0.007614018916456189,-0.17368213818246403
28.8203125,967.6050415039062,28.37094116210937,-0.0032466007309039924,-0.17565595402796674
28.8359375,967.612548828125,28.36199951171875,0.004177506232167616,-0.18315543563406678
28.8515625,967.6043701171876,28.36162567138672,-0.003923056175835882,-0.18209545349761314
28.8671875,967.609130859375,28.356033325195312,0.0008213249566324521,-0.18622148875394728
28.8828125,967.5975341796876,28.34747314453125,-0.010564898583652393,-0.19325993762568316
28.8984375,967.6137084960938,28.335914611816406,0.005499858880625652,-0.203218326040993
28.9140625,967.6075439453124,28.328468322753903,-0.0006517096370544095,-0.2090187977979987
28.9296875,967.6080322265624,28.328468322753903,-0.0001602364263817435,-0.20738583844020297
28.9453125,967.6067504882812,28.331817626953125,-0.0014138111390593622,-0.20244249881722354
28.9609375,967.6071166992188,28.31803131103516,-0.0010271392601453044,-0.21453952712007052
28.9765625,967.6105346679688,28.3154296875,0.0023441336013547698,-0.21544473541573694
28.9921875,967.6011352539062,28.310585021972656,-0.006917482014614507,-0.21856838999821449
29.0078125,967.6036376953124,28.30313873291016,-0.004328809346588969,-0.2242489393805478
29.0234375,967.5997924804688,28.28673553466797,-0.008014375280254171,-0.23877204279756015
29.0390625,967.607177734375,28.296432495117188,-0.0006168338471752577,-0.22728543326749673
29.0546875,967.6082763671876,28.28673553466797,0.00047238882939382165,-0.2351309687658052
29.0703125,967.6321411132812,28.281150817871094,0.02386180025655449,-0.23883509426922345
29.0859375,967.6156005859376,28.27593994140625,0.007178279301342627,-0.2421393615877072
29.1015625,967.6083984375,28.27667999267578,-2.3402942247230385e-05,-0.2395133782063148
29.1171875,967.609130859375,28.27108764648437,0.0006951709067379852,-0.24319083592586566
29.1328125,967.6047973632812,28.24873352050781,-0.0035672641481596656,-0.2634703918875658
29.1484375,967.6163940429688,28.25432586669922,0.007872591017076047,-0.25586337346415533
29.1640625,967.5993041992188,28.25432586669922,-0.009037228265469821,-0.2538644408589654
29.1796875,967.6224975585938,28.25432586669922,0.013879644173812267,-0.25188112491475323
29.1953125,967.6254272460938,28.251724243164062,0.01648102441458832,-0.25249460197764506
29.2109375,967.6124267578124,28.24873352050781,0.003412556911825959,-0.253489345535197
29.2265625,967.6248779296876,28.249488830566406,0.015553890334217613,-0.2507595508244371
29.2421875,967.6189575195312,28.245018005371094,0.009445326268178178,-0.2532363887070943
29.2578125,967.6116943359376,28.252838134765625,0.0021395227004177286,-0.24349894478668332
29.2734375,967.59375,28.22637939453125,-0.015496125478648537,-0.26784864060683233
29.2890625,967.6036376953124,28.239425659179688,-0.005498890514559207,-0.25281173239622134
29.3046875,967.6099853515624,28.231231689453125,0.0008321882796735736,-0.25896659507494846
29.3203125,967.6139526367188,28.231231689453125,0.004705733720470562,-0.2569434185509252
29.3359375,967.6156616210938,28.23755645751953,0.006289430632705262,-0.2486606922776069
29.3515625,967.6047973632812,28.213348388671875,-0.0044854750864260495,-0.27073697392897245
29.3671875,967.6082763671876,28.213348388671875,-0.0009868135398392042,-0.2686218413201509
29.3828125,967.6022338867188,28.213348388671875,-0.0068920031101242785,-0.26652323318483795
29.3984375,967.6022338867188,28.198814392089844,-0.0067573936744338425,-0.27886147015931684
29.4140625,967.606689453125,28.191368103027344,-0.00225686970429706,-0.28407097985289553
29.4296875,967.6089477539062,28.18726348876953,1.403126248078479e-06,-0.285924222281718
29.4453125,967.5975341796876,28.17758178710937,-0.01118927712570894,-0.2932965026610823
29.4609375,967.5965576171876,28.18354034423828,-0.011928225570500217,-0.28509311783270164
29.4765625,967.603271484375,28.180191040039062,-0.005112515445944155,-0.2861889656097958
29.4921875,967.6046752929688,28.16864013671875,-0.003636271171444605,-0.2954137762040929
29.5078125,967.6071166992188,28.160438537597656,-0.0011715277159964899,-0.3012433802054595
29.5234375,967.6055908203124,28.14739990234375,-0.0026447228992765304,-0.3118266872135891
29.5390625,967.61083984375,28.142555236816406,0.0025534352934073468,-0.3141973577976458
29.5546875,967.6133422851562,28.135482788085938,0.004957129107879155,-0.3187598861646137
29.5703125,967.6065673828124,28.139572143554688,-0.0017822698524696534,-0.3122121671748026
29.5859375,967.6021728515624,28.120574951171875,-0.006056160455955251,-0.3286217864360701
29.6015625,967.5994262695312,28.119834899902344,-0.008630813922877678,-0.3267886983485262
29.6171875,967.6017456054688,28.125045776367188,-0.006188206931028617,-0.3190654951502161
29.6328125,967.602294921875,28.095245361328125,-0.005528755944169461,-0.3461403952659232
29.6484375,967.6241455078124,28.085182189941406,0.016003044251192478,-0.35342072628816723
29.6640625,967.5980224609376,28.084434509277344,-0.009922346322355224,-0.3514014662729146
29.6796875,967.5979614257812,28.074371337890625,-0.009788393559233555,-0.3586406951779182
29.6953125,967.5968627929688,28.059478759765625,-0.01067438913787555,-0.37061504460523764
29.7109375,967.6232299804688,28.049415588378903,0.015386298394105324,-0.37770416742952406
29.7265625,967.593505859375,28.038238525390625,-0.014057787100000496,-0.3858430958051642
29.7421875,967.6117553710938,28.028549194335938,0.00410985499729577,-0.39244232977500815
29.7578125,967.6138305664062,28.03189849853516,0.0060642485459538875,-0.3860532363134759
29.7734375,967.58544921875,28.01885986328125,-0.021881218268276825,-0.3959739663207671
29.7890625,967.5982055664062,28.00619506835937,-0.008946650482926088,-0.40544627092043584
29.8046875,967.60107421875,28.0009765625,-0.005959287238056277,-0.40745645821121457
29.8203125,967.6150512695312,27.9935302734375,0.007861166599013814,-0.4116613195606398
29.8359375,967.5880737304688,27.977882385253903,-0.018743005813803393,-0.4239708545587355
29.8515625,967.6126098632812,27.97862243652344,0.005679979987007755,-0.41992431263849994
29.8671875,967.6127319335938,27.9652099609375,0.00568872900464612,-0.4299513445664367
29.8828125,967.6112060546876,27.970802307128903,0.004081544432551709,-0.42104369370023065
29.8984375,967.6135864257812,27.96036529541016,0.006335706238587591,-0.4281097624078889
29.9140625,967.5924072265624,27.96148681640625,-0.014553581008044603,-0.4236523957757683
29.9296875,967.6138305664062,27.946212768554688,0.006735583858585414,-0.4354973307864931
29.9453125,967.5889892578124,27.9432373046875,-0.01775209729908056,-0.43504722594544987
29.9609375,967.5887451171876,27.934295654296875,-0.017644748901943785,-0.4405202132397008
29.9765625,967.6078491210938,27.9361572265625,0.0014307539298670235,-0.43523162034146523
29.9921875,967.6000366210938,27.93689727783203,-0.006257102592144292,-0.43109710368856113
30.0078125,967.5977172851562,27.930191040039062,-0.008408929964616618,-0.43438300287620635
30.0234375,967.607421875,27.93206024169922,0.0012703540221536969,-0.42913478714405073
30.0390625,967.6124877929688,27.9219970703125,0.006212516678601787,-0.4357667244797483
30.0546875,967.5778198242188,27.930564880371094,-0.0278996815230812,-0.42386142290223816
30.0703125,967.6091918945312,27.91417694091797,0.0034045686958279475,-0.43680991421196325
30.0859375,967.59716796875,27.91417694091797,-0.00845101026732209,-0.4333973367571815
30.1015625,967.6087036132812,27.91417694091797,0.003024387501000092,-0.43001142006376725
30.1171875,967.6056518554688,27.923484802246094,-2.6835735070562805e-05,-0.4174168121830206
30.1328125,967.6083984375,27.900390625,0.0026666262513117545,-0.43706949732419886
30.1484375,967.5809326171876,27.894798278808597,-0.024314834802112273,-0.4392035478631371
30.1640625,967.5974731445312,27.906715393066406,-0.007622465515964905,-0.4239482583427865
30.1796875,967.6170043945312,27.889205932617188,0.011676191037054195,-0.4380088303639411
30.1953125,967.5944213867188,27.87318420410156,-0.010693793010318586,-0.4504834451383246
30.2109375,967.6041870117188,27.881759643554688,-0.000910039728864831,-0.4384555993907817
30.2265625,967.6076049804688,27.87989044189453,0.002458946032447784,-0.43688476354272865
30.2421875,967.60498046875,27.881759643554688,-0.00016233198152804107,-0.4316170028053641
30.2578125,967.6051635742188,27.869468688964844,2.036775504166144e-05,-0.4404399264780565
30.2734375,967.6056518554688,27.87393951416016,0.000498714454124638,-0.43256309267896853
30.2890625,967.6098022460938,27.869468688964844,0.004558302245527557,-0.43361959039089015
30.3046875,967.6026611328124,27.87541961669922,-0.002532365507818213,-0.4243275012295129
30.3203125,967.603271484375,27.873565673828125,-0.0018844746103923171,-0.42285190156857055
30.3359375,967.6103515625,27.883621215820312,0.0050941268834776565,-0.4095713880171914
30.3515625,967.6083984375,27.87541961669922,0.0030796541904010155,-0.41450913567626557
30.3671875,967.6014404296876,27.883621215820312,-0.0038026045277774756,-0.40313325892583407
30.3828125,967.6052856445312,27.883621215820312,4.177808307304076e-05,-0.3999837803404773
30.3984375,967.6052856445312,27.89852905273437,4.096210489024088e-05,-0.3820675376184006
30.4140625,967.6046142578124,27.89852905273437,-0.0006181116332300007,-0.3790826349807581
30.4296875,967.60693359375,27.91342163085937,0.0016679972671909127,-0.36134482203657114
30.4453125,967.61474609375,27.92236328125,0.00929533130499749,-0.34965002186745764
30.4609375,967.614501953125,27.919761657714844,0.008874409612076306,-0.3494996794229053
30.4765625,967.5831298828124,27.937644958496094,-0.022058253264958694,-0.3290256256835171
30.4921875,967.6099853515624,27.933914184570312,0.004703519870076889,-0.3301567402373493
30.5078125,967.6175537109376,27.96595764160156,0.012032194103767324,-0.2957842731810558
30.5234375,967.6162109375,27.971176147460938,0.010480642918764715,-0.28829572226447553
30.5390625,967.6197509765624,27.9793701171875,0.013746840536214222,-0.27791345759620967
30.5546875,967.61279296875,27.999488830566406,0.006656238334699083,-0.2557807227781055
30.5703125,967.6076049804688,28.019981384277344,0.0014395732946468343,-0.23344998024633057
30.5859375,967.6171875,28.02818298339844,0.010806817575371497,-0.22348862814769177
30.6015625,967.6033935546876,28.052017211914062,-0.002928785398353284,-0.19809459963494547
30.6171875,967.6163940429688,28.06842041015625,0.00987498993583813,-0.1802719373193753
30.6328125,967.6090698242188,28.073257446289062,0.002500951436104515,-0.17406431602104178
30.6484375,967.6028442382812,28.09412384033203,-0.0036518877337812228,-0.15200106321261941
30.6640625,967.5983276367188,28.100082397460938,-0.00800894848975986,-0.1449015490049348
30.6796875,967.627685546875,28.12281036376953,0.02093198975899213,-0.12121910158152716
30.6953125,967.608154296875,28.13510131835937,0.0013733815605974087,-0.10807714584331407
30.7109375,967.6028442382812,28.165283203125,-0.003859788809904785,-0.07728670435051654
30.7265625,967.5939331054688,28.17496490478516,-0.012521489559503607,-0.06707683860683744
30.7421875,967.607177734375,28.19844055175781,0.0007090155313562718,-0.04326055732454748
30.7578125,967.616455078125,28.21148681640625,0.009791313201617413,-0.029978243514573677
30.7734375,967.61474609375,28.238311767578125,0.007924470841771836,-0.003128657246271871
30.7890625,967.6018676757812,28.249488830566406,-0.004857190347138385,0.00798552757214921
30.8046875,967.6159057617188,28.277427673339844,0.009001581223401445,0.03564371120226184
30.8203125,967.615234375,28.296432495117188,0.008167495393195168,0.054221591315702256
30.8359375,967.6063842773438,28.31208038330078,-0.0006692701875863349,0.0693236241907087
30.8515625,967.5969848632812,28.33293914794922,-0.009872030260794418,0.08947783892633865
30.8671875,967.6182861328124,28.343002319335938,0.011206011940885219,0.09876334616998506
30.8828125,967.6083374023438,28.366844177246094,0.001232725193517581,0.12164735092326495
30.8984375,967.6055297851562,28.385467529296875,-0.001544132384765362,0.13917483810705988
30.9140625,967.6129760742188,28.41155242919922,0.005786880180153275,0.16396864630620556
30.9296875,967.6145629882812,28.42943572998047,0.007229774823827029,0.18043122875083384
30.9453125,967.5908203125,28.44955444335937,-0.01619038336059475,0.1989831457068476
30.9609375,967.597412109375,28.459983825683597,-0.009411114093268225,0.20777649265583165
30.9765625,967.6028442382812,28.47303009033203,-0.0039012706325820545,0.2190975795128267
30.9921875,967.6029663085938,28.48345184326172,-0.0037053878138522123,0.22772621265780657
31.0078125,967.5901489257812,28.510650634765625,-0.0162000602625767,0.2529334025667005
31.0234375,967.6253662109376,28.510650634765625,0.01864579472010064,0.2509573603591484
31.0390625,967.6253662109376,28.518478393554688,0.018281619041999875,0.25676336040486447
31.0546875,967.6017456054688,28.51959228515625,-0.00523470934820125,0.2558625859751267
31.0703125,967.6153564453124,28.52406311035156,0.008212534196673005,0.2582995563956665
31.0859375,967.6158447265624,28.532264709472656,0.008530877644943757,0.2644191152392885
31.1015625,967.6167602539062,28.54083251953125,0.009261904891332051,0.2708542149439914
31.1171875,967.618896484375,28.56318664550781,0.011175515528861979,0.29091765075710896
31.1328125,967.6085815429688,28.561325073242188,0.0008437660343361131,0.28679782787827435
31.1484375,967.6058349609376,28.57622528076172,-0.0018656516218698016,0.2993410194962607
31.1640625,967.6111450195312,28.57920837402344,0.003377133398089427,0.299962205627061
31.1796875,967.607177734375,28.582565307617188,-0.0005786253566384403,0.30094945844564336
31.1953125,967.6222534179688,28.602310180664062,0.014213912568379783,0.31818890702773217
31.2109375,967.61279296875,28.61199188232422,0.00466062226860231,0.32530911955751307
31.2265625,967.6089477539062,28.61199188232422,0.0007994814985750054,0.3227676420609704
31.2421875,967.6089477539062,28.62540435791016,0.0007838666255111093,0.33355371047779414
31.2578125,967.6104736328124,28.652603149414062,0.0022646333142120056,0.35793412305996597
31.2734375,967.6085205078124,28.66974639892578,0.00030542416743628564,0.3721470805984701
31.2890625,967.6103515625,28.6734619140625,0.00209475075246246,0.3729261692060071
31.3046875,967.6107788085938,28.692100524902344,0.0024727390953103168,0.38850568020174236
31.3203125,967.61279296875,28.69544982910156,0.004399264500534628,0.3887936173353239
31.3359375,967.6130981445312,28.69842529296875,0.004612556682559443,0.3887083852556188
31.3515625,967.6122436523438,28.710723876953125,0.00368466479790186,0.39787410229280695
31.3671875,967.6038208007812,28.73046875,-0.004645644054335207,0.4143563270948398
31.3828125,967.6041259765624,28.73419189453125,-0.004255693502273061,0.4148132257540098
31.3984375,967.6173706054688,28.75617218017578,0.008813370259531439,0.43338106209073857
31.4140625,967.6021118164062,28.74462890625,-0.006319531716940219,0.41854218044491986
31.4296875,967.6074829101562,28.763633728027344,-0.0009299137878997499,0.43412866626740154
31.4453125,967.6260986328124,28.774810791015625,0.01734038291374418,0.441826778245872
31.4609375,967.6126098632812,28.79306030273437,0.003776386558683953,0.4564819439492709
31.4765625,967.6049194335938,28.8016357421875,-0.0038375969739945504,0.46142412259456833
31.4921875,967.5966186523438,28.825469970703125,-0.011901300524300495,0.4814672702421454
31.5078125,967.6162109375,28.82770538330078,0.007540770088326099,0.47992375563011436
31.5234375,967.6116943359376,28.84447479248047,0.0029651027343788883,0.492812749459727
31.5390625,967.6104736328124,28.85118103027344,0.0017103293042737278,0.49561649516478923
31.5546875,967.5989379882812,28.87464904785156,-0.009633414538825491,0.5150291649871015
31.5703125,967.6082763671876,28.870933532714844,-0.0002892732177315338,0.5073190119609308
31.5859375,967.5907592773438,28.88024139404297,-0.01745858253309507,0.5125907258414841
31.6015625,967.6192016601562,28.90222930908203,0.010769272930247098,0.5304022452486663
31.6171875,967.6118774414062,28.91004943847656,0.003377767965844214,0.5340175123412934
31.6328125,967.6053466796876,28.91712188720703,-0.003091411843570313,0.5368626957508909
31.6484375,967.5927734375,28.939109802246094,-0.015358703757101466,0.5544845903931552
31.6640625,967.5969848632812,28.954383850097656,-0.010929557702866077,0.5653073988834301
31.6796875,967.6089477539062,28.96965789794922,0.0010131506385278044,0.5760456541823764
31.6953125,967.610595703125,28.975616455078125,0.002609125250728539,0.5774573034104122
31.7109375,967.6192016601562,28.97412872314453,0.010996037706149764,0.5714698091996553
31.7265625,967.606201171875,28.98158264160156,-0.001965301149766674,0.5744008860343648
31.7421875,967.6173706054688,28.997596740722656,0.009024364232232074,0.5858023680839359
31.7578125,967.6075439453124,29.008033752441406,-0.0007866260818900628,0.5915812596479775
31.7734375,967.6160888671876,29.0091552734375,0.007606766578646784,0.5880722901702882
31.7890625,967.6002197265624,29.030014038085938,-0.008100999553448673,0.604173780952955
31.8046875,967.6141357421876,29.031883239746094,0.00570144153914498,0.6013082718114475
31.8203125,967.6124877929688,29.060562133789062,0.0039743225484016875,0.6250653911211792
31.8359375,967.594970703125,29.06615447998047,-0.013278260121637686,0.6257307237398315
31.8515625,967.602783203125,29.065414428710938,-0.00535900699424019,0.620107932841627
31.8671875,967.6161499023438,29.07659149169922,0.007851291985730313,0.6263530817999872
31.8828125,967.6039428710938,29.080307006835938,-0.004270666231718678,0.6251461860231373
31.8984375,967.5927734375,29.088882446289062,-0.015138535375740503,0.6287706752772273
31.9140625,967.595458984375,29.099685668945312,-0.012209766069076977,0.6345772268558711
31.9296875,967.6015625,29.101547241210938,-0.0059869877401297344,0.6314666210033586
31.9453125,967.6017456054688,29.114959716796875,-0.005690525195745977,0.639840978647193
31.9609375,967.6007690429688,29.114959716796875,-0.006536871139132927,0.634842221001513
31.9765625,967.5958862304688,29.115333557128903,-0.011196642943104962,0.630253435854371
31.9921875,967.5862426757812,29.122779846191406,-0.020433162520589576,0.6327176958159626
32.0078125,967.59130859375,29.13545227050781,-0.01506710305670822,0.6403480098188297
32.0234375,967.5714111328124,29.150360107421875,-0.034281662353805586,0.6501366604302952
32.0390625,967.5997924804688,29.155197143554688,-0.005785074176060334,0.6498567145587089
32.0546875,967.5849609375,29.16712188720703,-0.020213948841160345,0.6566112905687795
32.0703125,967.5870361328124,29.168609619140625,-0.01778448099889829,0.6529576238890726
32.0859375,967.5919799804688,29.18760681152344,-0.012589839722522811,0.6667051692697648
32.1015625,967.5983276367188,29.19133758544922,-0.006120265826552895,0.665198162389327
32.1171875,967.5951538085938,29.19990539550781,-0.00911256867902921,0.6685021757881664
32.1328125,967.595458984375,29.204010009765625,-0.008635373505285315,0.6673520494987493
32.1484375,967.5910034179688,29.20698547363281,-0.012835257491360608,0.665090579667762
32.1640625,967.5888671875,29.22784423828125,-0.014679076085940324,0.6805903650637326
32.1796875,967.5911254882812,29.232696533203125,-0.012178182037018814,0.6800876392044692
32.1953125,967.5916748046876,29.23865509033203,-0.011401739348798401,0.6806864604245213
32.2109375,967.5947265625,29.25542449951172,-0.008186895959511276,0.6920069956229256
32.2265625,967.5904541015624,29.25579071044922,-0.012216010082738649,0.686964040884174
32.2421875,967.5892944335938,29.24945831298828,-0.01311443433939985,0.6753142087089934
32.2578125,967.6080932617188,29.25542449951172,0.0055733704695057895,0.6759578921446767
32.2734375,967.5923461914062,29.26026153564453,-0.009974994767958378,0.6754762179003215
32.2890625,967.6026611328124,29.27963256835937,0.00033330705537082395,0.6894187564697312
32.3046875,967.5943603515624,29.27777862548828,-0.007811859464254667,0.6821932134924005
32.3203125,967.5928955078124,29.28895568847656,-0.009095517604578163,0.6879533211956712
32.3359375,967.60693359375,29.29155731201172,0.004846033795274707,0.6851599842251197
32.3515625,967.6005249023438,29.287086486816406,-0.0015321369545517882,0.6753712749748857
32.3671875,967.5841064453124,29.324722290039062,-0.017599996447074773,0.7074367103991221
32.3828125,967.59130859375,29.3243408203125,-0.010194765040523635,0.7015313716048048
32.3984375,967.5930786132812,29.329559326171875,-0.008260199698497672,0.7012283940464918
32.4140625,967.5845336914062,29.32173156738281,-0.016476896542712893,0.6879834427944758
32.4296875,967.598876953125,29.344467163085938,-0.0020919622687642914,0.705166546009341
32.4453125,967.5934448242188,29.33477783203125,-0.007377136269269613,0.6900437992128197
32.4609375,967.600341796875,29.35713195800781,-0.0004707854174057502,0.7068323163988381
32.4765625,967.6002807617188,29.361602783203125,-0.0005214334530592168,0.705746085800449
32.4921875,967.5983276367188,29.35638427734375,-0.0024262272332862267,0.6950547082227843
32.5078125,967.5763549804688,29.38134765625,-0.023922342790228868,0.714392945823338
32.5234375,967.5791015625,29.38023376464844,-0.020762171681667496,0.7077065616106708
32.5390625,967.5912475585938,29.37054443359375,-0.008447890908428235,0.6925639709422597
32.5546875,967.5840454101562,29.38023376464844,-0.015344374514938863,0.6967669480751013
32.5703125,967.5809326171876,29.40370178222656,-0.018096675931133177,0.7146081299840539
32.5859375,967.5784912109376,29.38246154785156,-0.020136947763489843,0.6879509589246098
32.6015625,967.5926513671876,29.3958740234375,-0.005860057304289512,0.6958840326784355
32.6171875,967.5751953125,29.40370178222656,-0.022860719179561784,0.6982140430966552
32.6328125,967.5760498046876,29.41934967041016,-0.02157641787096054,0.7082848849421275
32.6484375,967.5778198242188,29.411903381347656,-0.01941955462223177,0.6953632943493133
32.6640625,967.5696411132812,29.42791748046875,-0.027059236935542685,0.7058197575839209
32.6796875,967.5830078125,29.429786682128903,-0.01342510533947916,0.7021601392499797
32.6953125,967.566162109375,29.433883666992188,-0.029679581736672844,0.7007394903311308
32.7109375,967.5879516601562,29.4454345703125,-0.007735928788292767,0.7067256249510407
32.7265625,967.5703125,29.457725524902344,-0.024879481738594222,0.7133992625132208
32.7421875,967.5679321289062,29.457725524902344,-0.026727433831752023,0.7078258307748371
32.7578125,967.5776977539062,29.47039031982422,-0.01663052350295402,0.7148617926834575
32.7734375,967.5753784179688,29.46703338623047,-0.018579744998305614,0.7059462273780674
32.7890625,967.5835571289062,29.46703338623047,-0.010197888864354354,0.7004310224766748
32.8046875,967.5750732421876,29.47821044921875,-0.018316897153681566,0.706048647297262
32.8203125,967.5860595703124,29.476348876953125,-0.007187393852518653,0.6986856135079513
32.8359375,967.5796508789062,29.480445861816406,-0.013330536718399344,0.6972921093214559
32.8515625,967.5923461914062,29.49237823486328,-0.000622817495354866,0.7036836660998276
32.8671875,967.5704345703124,29.50839233398437,-0.022094312835520213,0.7140751264301279
32.8828125,967.583251953125,29.49982452392578,-0.00909573998342239,0.6999955404623854
32.8984375,967.58349609375,29.49982452392578,-0.008678716558506494,0.6945268253025247
32.9140625,967.5907592773438,29.508766174316406,-0.0013878858364932967,0.6979726282267968
32.9296875,967.58935546875,29.51397705078125,-0.0027371691484177063,0.6976898835612388
32.9453125,967.578857421875,29.51323699951172,-0.012976715710465214,0.691504911726927
32.9609375,967.5665893554688,29.5244140625,-0.024751719966047858,0.6971922717877455
32.9765625,967.569091796875,29.522918701171875,-0.02181472233792192,0.690261778346656
32.9921875,967.5701293945312,29.533729553222656,-0.02037132146517706,0.6955955004724572
33.0078125,967.5810546875,29.533729553222656,-0.009261535752330019,0.6901611606250171
33.0234375,967.5567016601562,29.53559112548828,-0.03295802866057329,0.6866163052899346
33.0390625,967.5836791992188,29.545654296875,-0.005863683160555411,0.6912366682651161
33.0546875,967.5640258789062,29.547142028808597,-0.02501862449901182,0.687312490822162
33.0703125,967.5715942382812,29.575454711914062,-0.01710943963325917,0.7100343522563186
33.0859375,967.5672607421876,29.56092071533203,-0.02102412838848977,0.6900667591455836
33.1015625,967.5760498046876,29.576950073242188,-0.011996099757880074,0.7005797411412402
33.1171875,967.5735473632812,29.58179473876953,-0.014215366532084772,0.6999132784914863
33.1328125,967.5740966796876,29.58514404296875,-0.013399135084227964,0.6977683437634354
33.1484375,967.5628662109376,29.584396362304688,-0.02414855688437001,0.6915751891689084
33.1640625,967.56396484375,29.600791931152344,-0.022599730242404803,0.7024397364695609
33.1796875,967.5828857421876,29.59221649169922,-0.0036069796210540517,0.6884434821959964
33.1953125,967.5667114257812,29.5888671875,-0.019394942589428865,0.6797418797311785
33.2109375,967.6083374023438,29.60786437988281,0.021796834090764605,0.6932801731130986
33.2265625,967.6287231445312,29.60675048828125,0.04135869783533508,0.6867587324372302
33.2421875,967.5719604492188,29.61494445800781,-0.015103138151403073,0.6895233841781341
33.2578125,967.5715942382812,29.601158142089844,-0.015167213364520649,0.670457872414385
33.2734375,967.5658569335938,29.61309051513672,-0.020496226683803798,0.6770590716685945
33.2890625,967.5714111328124,29.61122131347656,-0.014650190991233103,0.6699149491489926
33.3046875,967.5650634765624,29.619415283203125,-0.020587733037359612,0.6728111929468419
33.3203125,967.5745239257812,29.601158142089844,-0.010909954056387505,0.6494403483036102
33.3359375,967.5579223632812,29.61532592773437,-0.02697418224863668,0.6584236954016696
33.3515625,967.585693359375,29.619415283203125,0.0007812510747271517,0.6573371676604971
33.3671875,967.5781860351562,29.598182678222656,-0.006594704527969952,0.631134995784091
33.3828125,967.575927734375,29.612335205078125,-0.008680095049271586,0.640246213868938
33.3984375,967.5786743164062,29.60675048828125,-0.00581762409183284,0.6297032041261872
33.4140625,967.5792846679688,29.59483337402344,-0.005105567987698123,0.6129596360412819
33.4296875,967.576171875,29.58477020263672,-0.00805784609406146,0.5981863360244475
33.4453125,967.568359375,29.600418090820312,-0.01556037839691271,0.6090386443314166
33.4609375,967.5767822265624,29.570236206054688,-0.006998122013555985,0.5743344411316826
33.4765625,967.5642700195312,29.56055450439453,-0.01912926793056613,0.5602413899444052
33.4921875,967.565673828125,29.55384826660156,-0.017379258959181243,0.5492106587752481
33.5078125,967.5771484375,29.544158935546875,-0.005789324397028395,0.5353063173477466
33.5234375,967.5706176757812,29.53521728515625,-0.012079459433834927,0.5222524429965176
33.5390625,967.5629272460938,29.5244140625,-0.019383758474418755,0.50745352330636
33.5546875,967.5667114257812,29.52330017089844,-0.015294899513719429,0.502383853332109
33.5703125,967.5768432617188,29.503921508789062,-0.0050622224907783675,0.4792317131663033
33.5859375,967.5796508789062,29.478591918945312,-0.0022105700434167375,0.4503560129840949
33.6015625,967.5860595703124,29.478591918945312,0.004116126804888154,0.4468376066326556
33.6171875,967.5739135742188,29.47449493408203,-0.007873035904253811,0.43928171066180255
33.6328125,967.5734252929688,29.459213256835938,-0.008198010178602999,0.42068753315464846
33.6484375,967.5729370117188,29.459213256835938,-0.00851663729918073,0.41740091180187733
33.6640625,967.5668334960938,29.44915008544922,-0.014334603062366114,0.40415541431816493
33.6796875,967.5884399414062,29.44393920898437,0.007129814081167751,0.3958277836513382
33.6953125,967.5762329101562,29.42047119140625,-0.004978052770979957,0.3694507054007694
33.7109375,967.5736694335938,29.39849090576172,-0.00739423383868143,0.3447558071018939
33.7265625,967.5773315429688,29.39997100830078,-0.00365923140770974,0.34353094159688524
33.7421875,967.5830078125,29.37613677978516,0.0019776428476916408,0.31719908251031725
33.7578125,967.5804443359376,29.37613677978516,-0.000574391649934114,0.3147209646782052
33.7734375,967.574951171875,29.37129211425781,-0.0059490487650464274,0.3074553905637387
33.7890625,967.5841064453124,29.34893798828125,0.0031436030967597617,0.2828739109575942
33.8046875,967.5756225585938,29.33477783203125,-0.005235981207420082,0.26661442849894
33.8203125,967.5807495117188,29.33067321777344,-0.00010689862767776503,0.2604589563173718
33.8359375,967.5803833007812,29.31317138671875,-0.0004638691440277398,0.24105902272156499
33.8515625,967.5784301757812,29.31317138671875,-0.002369787227166853,0.23917574910655404
33.8671875,967.5906982421876,29.3243408203125,0.00970495341402966,0.24838936096045927
33.8828125,967.5918579101562,29.303482055664062,0.010652421746272012,0.2257530135283332
33.8984375,967.5877075195312,29.283729553222656,0.006375038325927562,0.20439113209405946
33.9140625,967.5685424804688,29.27814483642578,-0.012540196034706241,0.19725324017767676
33.9296875,967.5849609375,29.25989532470703,0.0038025137114345853,0.1776052618303403
33.9453125,967.5848388671876,29.25542449951172,0.0036085597389501345,0.1717818238488178
33.9609375,967.5849609375,29.240142822265625,0.0036577661830961006,0.15527748920738915
33.9765625,967.6046752929688,29.219284057617188,0.02291563490086901,0.13336857827333404
33.9921875,967.6017456054688,29.21331787109375,0.019595596865656262,0.12640706056435036
34.0078125,967.5870971679688,29.19990539550781,0.004850535159334868,0.11211181478326537
34.0234375,967.5880737304688,29.19878387451172,0.005713287158187086,0.11012318211696126
34.0390625,967.5653076171876,29.1741943359375,-0.016719763112746477,0.08486541195256336
34.0546875,967.5901489257812,29.17047882080078,0.007962921545754398,0.08051591324696972
34.0703125,967.5794067382812,29.15631103515625,-0.0027249834161011677,0.06582978285554475
34.0859375,967.577880859375,29.15631103515625,-0.004167837667637286,0.0653154876769868
34.1015625,967.5834350585938,29.154830932617188,0.0013592841770559971,0.06333667119153574
34.1171875,967.5807495117188,29.13471221923828,-0.0013003591295728256,0.04288031751721988
34.1328125,967.5718383789062,29.115333557128903,-0.010012048740122736,0.0233180487249669
34.1484375,967.5734252929688,29.12353515625,-0.008260581265972178,0.03127340059726791
34.1640625,967.5841064453124,29.10639190673828,0.0023732942987635397,0.014019759280191835
34.1796875,967.583984375,29.100799560546875,0.00220725476788175,0.008361573924030807
34.1953125,967.577392578125,29.082916259765625,-0.004298906519125012,-0.009447338366147306
34.2109375,967.580810546875,29.083663940429688,-0.0008637319533590926,-0.008631691626288074
34.2265625,967.587646484375,29.07807159423828,0.005855560907093604,-0.014112912522243448
34.2421875,967.5803833007812,29.06727600097656,-0.0013801300560771779,-0.02471390808252849
34.2578125,967.57373046875,29.06354522705078,-0.007876068296582162,-0.028222457930116462
34.2734375,967.5775756835938,29.047531127929688,-0.003952125846353738,-0.043890958949248216
34.2890625,967.5726928710938,29.036354064941406,-0.008662380956820925,-0.05463780301614207
34.3046875,967.5721435546876,29.03895568847656,-0.009031781398789462,-0.05162964682879334
34.3203125,967.5883178710938,29.028892517089844,0.007003032370448636,-0.06121084307320146
34.3359375,967.5743408203124,29.02294158935547,-0.006837807113811323,-0.06663706947314196
34.3515625,967.5780029296876,29.0091552734375,-0.003113672392146327,-0.07979507769274363
34.3671875,967.5831909179688,28.997596740722656,0.0020338019068049107,-0.09063991032627783
34.3828125,967.5753173828124,28.98754119873047,-0.005725675959524779,-0.09990876909722601
34.3984375,967.5723266601562,29.000213623046875,-0.008546156455167875,-0.08655481083722094
34.4140625,967.5884399414062,28.967796325683597,0.00741932938865375,-0.11804263860518205
34.4296875,967.567138671875,28.97711181640625,-0.013610808499151972,-0.1078777170396954
34.4453125,967.5858154296876,28.96406555175781,0.0049670049909309455,-0.11997926308119844
34.4609375,967.5783081054688,28.95028686523437,-0.002490703618036605,-0.1327129656233481
34.4765625,967.5682373046876,28.946563720703125,-0.012316162516412987,-0.13537020304401182
34.4921875,967.5825805664062,28.946563720703125,0.0019875074209494414,-0.13431262333272898
34.5078125,967.5831909179688,28.939109802246094,0.002547119550172283,-0.14065899068202725
34.5234375,967.5841064453124,28.91712188720703,0.0033950170716252615,-0.16137622677014463
34.5390625,967.581787109375,28.90147399902344,0.001054671737051649,-0.17564111405565797
34.5546875,967.5720825195312,28.900360107421875,-0.008480974393705765,-0.1753741071755286
34.5703125,967.5787353515624,28.89141845703125,-0.0017924364570944817,-0.1828757907101668
34.5859375,967.5813598632812,28.87464904785156,0.0008158237918678424,-0.19808547176571878
34.6015625,967.571044921875,28.8660888671875,-0.009313587973451831,-0.20503123327016937
34.6171875,967.5744018554688,28.856765747070312,-0.005840313473868264,-0.21267971000151675
34.6328125,967.583740234375,28.846710205078125,0.003429743841934396,-0.22099513283750483
34.6484375,967.5899658203124,28.832176208496094,0.00946674911961054,-0.23368905809594764
34.6640625,967.5785522460938,28.824729919433597,-0.0019088011713392916,-0.23925147725876883
34.6796875,967.5936279296876,28.818023681640625,0.012909716750186817,-0.24403617040290015
34.6953125,967.5891723632812,28.78746795654297,0.008289030219884808,-0.2724466463169577
34.7109375,967.5786743164062,28.78375244140625,-0.0021658717985246767,-0.2740046445673201
34.7265625,967.5721435546876,28.77778625488281,-0.008526777393740304,-0.2777835589728639
34.7421875,967.5861206054688,28.761398315429688,0.005343822735312642,-0.29187328359453346
34.7578125,967.5598754882812,28.74984741210937,-0.020493066044878105,-0.3010536854545762
34.7734375,967.5824584960938,28.750221252441406,0.0020491225924388345,-0.29833078383252243
34.7890625,967.5795288085938,28.750221252441406,-0.00086336637423301,-0.29600007458383004
34.8046875,967.5684814453124,28.750221252441406,-0.01167809821697574,-0.29368757400114376
34.8203125,967.581298828125,28.735313415527344,0.0011170329433980442,-0.3061845092674318
34.8359375,967.5675048828124,28.718170166015625,-0.012429316424459103,-0.32080176066368793
34.8515625,967.583251953125,28.71519470214844,0.003252954007507469,-0.3212477149642261
34.8671875,967.5768432617188,28.7088623046875,-0.0030941019026613503,-0.32502089279684654
34.8828125,967.584716796875,28.69544982910156,0.004686084947820746,-0.33578935769229545
34.8984375,967.5888061523438,28.68687438964844,0.00860404509592172,-0.34167444716771556
34.9140625,967.5853881835938,28.679428100585938,0.005084785792291768,-0.3463932304784194
34.9296875,967.5790405273438,28.680923461914062,-0.0012382050190353766,-0.3422033545475571
34.9453125,967.5877685546876,28.63471984863281,0.007343536732491884,-0.38537253839264807
34.9609375,967.5693359375,28.638816833496094,-0.010872496852471158,-0.37829683826741345
34.9765625,967.5715942382812,28.639190673828125,-0.008445950054237983,-0.37497047451401144
34.9921875,967.5789794921876,28.61273956298828,-0.001039979426195714,-0.39828547921827706
35.0078125,967.5748901367188,28.610504150390625,-0.0050291525728880515,-0.39739182234862014
35.0234375,967.5745849609376,28.607521057128903,-0.005230142253367376,-0.397246986582136
35.0390625,967.579833984375,28.586654663085938,1.8512410861148965e-05,-0.4148468698389678
35.0546875,967.56787109375,28.57585906982422,-0.011711089577147504,-0.4223171313577119
35.0703125,967.589111328125,28.55722045898437,0.009343028688476807,-0.4375107754616394
35.0859375,967.570068359375,28.552749633789062,-0.009510488107252968,-0.438528619401815
35.1015625,967.5866088867188,28.55200958251953,0.006892733782706273,-0.4358368841817253
35.1171875,967.5767822265624,28.538597106933597,-0.0028766231241661444,-0.44573959914447414
35.1328125,967.5850830078124,28.521453857421875,0.005318217537478631,-0.4592665764010704
35.1484375,967.583251953125,28.52108764648437,0.0034190542006626856,-0.4560419061874903
35.1640625,967.5733642578124,28.509536743164062,-0.006342300465234985,-0.46393974068351795
35.1796875,967.5753173828124,28.510276794433597,-0.004303449381950486,-0.45958094184043574
35.1953125,967.573486328125,28.50133514404297,-0.006014689536755213,-0.46486225947925774
35.2109375,967.5682373046876,28.48568725585937,-0.011043718580140194,-0.4767561621342402
35.2265625,967.5805053710938,28.489044189453125,0.0012004347825040895,-0.4697007970675138
35.2421875,967.5906982421876,28.48382568359375,0.011170780371003275,-0.47120899587277165
35.2578125,967.5791015625,28.48941802978516,-0.00041758097063393507,-0.4619790196057245
35.2734375,967.5669555664062,28.461471557617188,-0.012318194699901142,-0.4860979488692152
35.2890625,967.5639038085938,28.45215606689453,-0.015069758127424393,-0.4915430220950583
35.3046875,967.5823974609376,28.442100524902344,0.0033570212825679846,-0.4976798253053154
35.3203125,967.581298828125,28.438003540039062,0.0022142793201282984,-0.4978566788391561
35.3359375,967.593017578125,28.420860290527344,0.013660899841170249,-0.5109764914106343
35.3515625,967.5899658203124,28.413414001464844,0.01040193222331709,-0.5143726025006892
35.3671875,967.5897216796876,28.412673950195312,0.009959397231341427,-0.5110883361626399
35.3828125,967.5823974609376,28.409683227539062,0.00258371015161174,-0.5100628161718674
35.3984375,967.5899658203124,28.392555236816406,0.009953786918458718,-0.5230721287156612
35.4140625,967.5868530273438,28.381744384765625,0.006707380786792783,-0.529712019979204
35.4296875,967.5747680664062,28.37467193603516,-0.005272549288406481,-0.5325908400478738
35.4453125,967.5856323242188,28.37802124023437,0.0054824954669356885,-0.5251068363498455
35.4609375,967.5755004882812,28.36944580078125,-0.004558533039471513,-0.5295128830232549
35.4765625,967.5849609375,28.36609649658203,0.004806175628914389,-0.5286992013847964
35.4921875,967.5877075195312,28.36125946044922,0.007405242862091654,-0.5293679856620024
35.5078125,967.5768432617188,28.349327087402344,-0.003391456064605336,-0.5370714496564659
35.5234375,967.582763671875,28.3653564453125,0.0024795604570044816,-0.5169714504045402
35.5390625,967.583984375,28.33927154541016,0.003627992808901581,-0.538813722570108
35.5546875,967.578125,28.33367919921875,-0.0021878005077269336,-0.5401528963493192
35.5703125,967.5787353515624,28.324371337890625,-0.0015466393956558022,-0.5451680955080889
35.5859375,967.5692138671876,28.331817626953125,-0.010851949478023926,-0.5335208548327337
35.6015625,967.594970703125,28.317665100097656,0.014613775395673656,-0.543394683393764
35.6171875,967.5781860351562,28.313934326171875,-0.0021284923275288747,-0.542851039684237
35.6328125,967.5820922851562,28.30760955810547,0.001743035842878271,-0.5448853717525921
35.6484375,967.5813598632812,28.296432495117188,0.0009908754137768483,-0.5517181969694605
35.6640625,967.5783081054688,28.29717254638672,-0.0020206307893886333,-0.5466736289366487
35.6796875,967.5809326171876,28.28673553466797,0.0005920863800383813,-0.5527582137752773
35.6953125,967.5803833007812,28.270347595214844,4.193462257262581e-05,-0.5646996989063062
35.7109375,967.5840454101562,28.269607543945312,0.0036316993882792303,-0.5610222521275894
35.7265625,967.5735473632812,28.269607543945312,-0.006732239137363649,-0.5566392657828416
35.7421875,967.5772705078124,28.26587677001953,-0.0029503232271963498,-0.5559921487733988
35.7578125,967.5877075195312,28.259544372558597,0.007340464107073785,-0.5579313857168771
35.7734375,967.5938720703124,28.25543975830078,0.013241245066183183,-0.55764509372489
35.7890625,967.5726318359376,28.252464294433597,-0.007842759048685366,-0.5562407094858877
35.8046875,967.5759887695312,28.248367309570312,-0.004398211676630126,-0.5559600561120703
35.8203125,967.5755004882812,28.24873352050781,-0.004791053611711504,-0.5512532682591491
35.8359375,967.596923828125,28.23345947265625,0.016307436891565885,-0.5621013214535928
35.8515625,967.5745849609376,28.231231689453125,-0.0059136289228263195,-0.5599202835265871
35.8671875,967.5779418945312,28.23495483398437,-0.0025067598735404317,-0.5518518488469404
35.8828125,967.5843505859376,28.21893310546875,0.0038257219325714686,-0.563437065039416
35.8984375,967.5814819335938,28.231231689453125,0.0009383768233419687,-0.5468327116717973
35.9140625,967.57373046875,28.227134704589844,-0.006680019895043188,-0.5466255582808976
35.9296875,967.5732421875,28.209991455078125,-0.007028295263353357,-0.5593643639817358
35.9453125,967.5885009765624,28.20067596435547,0.008069741967005939,-0.5642370433395136
35.9609375,967.58740234375,28.216323852539062,0.006834954678993199,-0.544303302381266
35.9765625,967.5689697265624,28.202545166015625,-0.011371145662792514,-0.5537219733663861
35.9921875,967.5906982421876,28.19322204589844,0.010155077580407124,-0.558646303690729
36.0078125,967.5841674804688,28.195083618164062,0.0035535284423531266,-0.5524348507108492
36.0234375,967.591064453125,28.21260070800781,0.010246389748999718,-0.530738715860327
36.0390625,967.58203125,28.209991455078125,0.0011894915727452826,-0.5291811877838377
36.0546875,967.5707397460938,28.19322204589844,-0.009904707405098634,-0.5416853579247451
36.0703125,967.5798950195312,28.191368103027344,-0.0007347965854478389,-0.5392929000083733
36.0859375,967.5693359375,28.18466186523437,-0.011073295049982335,-0.5417335195372708
36.1015625,967.5923461914062,28.18726348876953,0.011703815128612405,-0.5349199280645962
36.1171875,967.5889892578124,28.180931091308597,0.008183856504729192,-0.5370237917323628
36.1328125,967.5784912109376,28.188011169433597,-0.002268991339406057,-0.5258035283448059
36.1484375,967.5805053710938,28.182052612304688,-0.00024985401171306876,-0.5276076941809507
36.1640625,967.5798950195312,28.174598693847656,-0.0008434046841330201,-0.530881443789248
36.1796875,967.5912475585938,28.173484802246094,0.010303877847491094,-0.5278391218330682
36.1953125,967.5844116210938,28.173484802246094,0.0034002071375880405,-0.5237153786937476
36.2109375,967.5813598632812,28.17496490478516,0.0003416436742327278,-0.5181553130597223
36.2265625,967.5821533203124,28.156715393066406,0.0011129307697501645,-0.5322141620848946
36.2421875,967.5826416015624,28.16192626953125,0.001569938347529387,-0.5228860724511435
36.2578125,967.5703735351562,28.16454315185547,-0.010489180244917407,-0.5162045870790593
36.2734375,967.5706787109376,28.167518615722656,-0.009985098126321645,-0.5092195206867807
36.2890625,967.581298828125,28.155967712402344,0.0006226163450264721,-0.5167019050695387
36.3046875,967.5770263671876,28.163787841796875,-0.0035785585652092777,-0.5049061368025463
36.3203125,967.577880859375,28.15857696533203,-0.0026708619564033143,-0.5061317241012375
36.3359375,967.5870971679688,28.160438537597656,0.006417605882688804,-0.5003305412743977
36.3515625,967.5733642578124,28.166778564453125,-0.007172427237037482,-0.4901312135250322
36.3671875,967.5654296875,28.157455444335938,-0.014811939003493535,-0.4955523466606415
36.3828125,967.5894165039062,28.15522766113281,0.008995680578436804,-0.4938912225992098
36.3984375,967.5775756835938,28.157455444335938,-0.0027895705986793473,-0.4878223187757982
36.4140625,967.5759887695312,28.160438537597656,-0.00429100644510072,-0.4810514190647517
36.4296875,967.5831298828124,28.16565704345703,0.0027944406868982696,-0.47211546857095854
36.4453125,967.5811767578124,28.152244567871094,0.0008248837399378317,-0.4817347570931716
36.4609375,967.5693359375,28.152984619140625,-0.010800781561215445,-0.47723693468439166
36.4765625,967.5785522460938,28.14702606201172,-0.0015535262298271846,-0.4794205270335077
36.4921875,967.5882568359376,28.14777374267578,0.007991863152824408,-0.47493321475718275
36.5078125,967.5743408203124,28.15484619140625,-0.005808446369428566,-0.4642056037921307
36.5234375,967.576904296875,28.148513793945312,-0.003181591490260871,-0.46686192311828023
36.5390625,967.5810546875,28.149635314941406,0.0009498772766391994,-0.4621018052306063
36.5546875,967.5819091796876,28.15484619140625,0.0017691278731035709,-0.4533214683847788
36.5703125,967.57568359375,28.15410614013672,-0.004369417867906122,-0.45051416403201117
36.5859375,967.5792846679688,28.149635314941406,-0.0007533369372367815,-0.45143041899898506
36.6015625,967.5721435546876,28.152984619140625,-0.007740261737581022,-0.4445804810903944
36.6171875,967.5822143554688,28.155601501464844,0.0022850207028568548,-0.43851075815081586
36.6328125,967.5746459960938,28.149635314941406,-0.005180148463750811,-0.4410044685439871
36.6484375,967.5751342773438,28.14442443847656,-0.004600229182187832,-0.44272928762595143
36.6640625,967.586669921875,28.14442443847656,0.00679995801806399,-0.43927046506637524
36.6796875,967.5879516601562,28.149635314941406,0.007923850668476007,-0.43066849806557883
36.6953125,967.5726928710938,28.15000915527344,-0.007191677878495284,-0.4269329807200002
36.7109375,967.5819091796876,28.14330291748047,0.00198508714674972,-0.4302514121183414
36.7265625,967.5787353515624,28.149635314941406,-0.001165523381246203,-0.42060714735539406
36.7421875,967.5751342773438,28.14777374267578,-0.004673499990531127,-0.4191681827489795
36.7578125,967.5816040039062,28.15113067626953,0.0017611440217706331,-0.41256272377120595
36.7734375,967.5801391601562,28.141815185546875,0.0002905131570969388,-0.41858229094312804
36.7890625,967.5565185546876,28.15857696533203,-0.022874426446037432,-0.39868128841455075
36.8046875,967.5870971679688,28.14665985107422,0.007553714435971415,-0.4073906026514855
36.8203125,967.5869140625,28.13510131835937,0.007226651760788627,-0.41567609524628324
36.8359375,967.573486328125,28.15484619140625,-0.006079967719415436,-0.3928380095259705
36.8515625,967.5623168945312,28.145904541015625,-0.01691249894372504,-0.3986407563234984
36.8671875,967.5746459960938,28.15484619140625,-0.004493877901154519,-0.38665458166777356
36.8828125,967.57568359375,28.152984619140625,-0.0033887747713379213,-0.38548087148079446
36.8984375,967.5803833007812,28.16192626953125,0.0012853281142497508,-0.3735975084254015
36.9140625,967.5764770507812,28.162673950195312,-0.0025697320052131545,-0.36993693848195264
36.9296875,967.5662231445312,28.15857696533203,-0.012573176570526812,-0.37111178331909755
36.9453125,967.5675659179688,28.149635314941406,-0.011011059321845096,-0.3770842662588656
36.9609375,967.5787963867188,28.153366088867188,0.00021512408773105562,-0.37043666817423215
36.9765625,967.5755004882812,28.162673950195312,-0.003020602975766451,-0.35830748804262313
36.9921875,967.5875854492188,28.149635314941406,0.008887319720315645,-0.3684449817082758
37.0078125,967.56787109375,28.157455444335938,-0.010615570206482516,-0.35780747065504315
37.0234375,967.5943603515624,28.15857696533203,0.015563654644893177,-0.3538993406772377
37.0390625,967.5760498046876,28.15857696533203,-0.002693241990982642,-0.35113450207819596
37.0546875,967.5773315429688,28.15522766113281,-0.0013839352779996261,-0.35171440154087463
37.0703125,967.583740234375,28.14442443847656,0.004926616360080516,-0.3596854552580844
37.0859375,967.5757446289062,28.141433715820312,-0.0030090479151567706,-0.3598427702743763
37.1015625,967.5926513671876,28.150375366210938,0.013626251101186426,-0.3481597048846581
37.1171875,967.5764770507812,28.149635314941406,-0.0024982984047028367,-0.34617397680923645
37.1328125,967.580078125,28.156715393066406,0.0010812372239570323,-0.3364447276007674
37.1484375,967.5850830078124,28.141433715820312,0.005967250504340882,-0.34897854230899483
37.1640625,967.577880859375,28.14777374267578,-0.001210778832842152,-0.3399616520515458
37.1796875,967.5870971679688,28.15484619140625,0.007849171757811746,-0.33028850642013197
37.1953125,967.5726928710938,28.15113067626953,-0.0064270953297409505,-0.33139461513843926
37.2109375,967.5764770507812,28.14330291748047,-0.0025912961961012115,-0.33657219913119363
37.2265625,967.5732421875,28.13398742675781,-0.00571236730002056,-0.3431854422768694
37.2421875,967.5831909179688,28.142555236816406,0.004153621700538679,-0.3320034319665659
37.2578125,967.5756225585938,28.14366912841797,-0.0033480435793080687,-0.3283044658309002
37.2734375,967.5806274414062,28.132492065429688,0.001624479091901776,-0.33682932937528065
37.2890625,967.578125,28.125045776367188,-0.0008608146129063243,-0.3415859651687363
37.3046875,967.5767211914062,28.114990234375,-0.0022203922846983914,-0.3488943078862299
37.3203125,967.58349609375,28.13361358642578,0.0044655547844740795,-0.32769071399298255
37.3359375,967.591796875,28.119461059570312,0.012516993533836285,-0.3391725905293228
37.3515625,967.5658569335938,28.12281036376953,-0.013160780921793958,-0.3331996669056494
37.3671875,967.590576171875,28.12281036376953,0.011332706239159052,-0.33059654450794795
37.3828125,967.58935546875,28.11460876464844,0.009914503053323642,-0.33615128313193665
37.3984375,967.5756225585938,28.103065490722656,-0.003743828839219532,-0.34497819333070723
37.4140625,967.5822143554688,28.098594665527344,0.0027923436600758578,-0.34671894806878356
37.4296875,967.5684204101562,28.100830078125,-0.010786726620153786,-0.34179225785025835
37.4453125,967.5831909179688,28.1082763671875,0.0039059729659811637,-0.3317338909066052
37.4609375,967.5864868164062,28.10455322265625,0.007061209852622596,-0.3328362773484983
37.4765625,967.5672607421876,28.08704376220703,-0.011927269358920967,-0.34760866172117133
37.4921875,967.5762939453124,28.09375,-0.0028375415030268414,-0.3382391237412641
37.5078125,967.580078125,28.098960876464844,0.0009281491575166001,-0.33042646409457177
37.5234375,967.5678100585938,28.07959747314453,-0.011118434489958418,-0.3470571340757047
37.5390625,967.5675048828124,28.08853912353516,-0.011200492883176594,-0.3354739564687854
37.5546875,967.5728149414062,28.0863037109375,-0.0057753867446308504,-0.3350710146206133
37.5703125,967.5706787109376,28.07139587402344,-0.007757093439522578,-0.34724464175705805
37.5859375,967.5708618164062,28.07139587402344,-0.0074260585183765215,-0.3445317929933296
37.6015625,967.5787353515624,28.076980590820312,0.0004387368596781016,-0.3362990521636746
37.6171875,967.5726928710938,28.070655822753903,-0.005494295491644152,-0.33994707163453697
37.6328125,967.5714111328124,28.074371337890625,-0.006643689363386329,-0.333604747462676
37.6484375,967.5901489257812,28.063194274902344,0.011857890644478175,-0.34208820255680905
37.6640625,967.5779418945312,28.05127716064453,-0.00034232145310397755,-0.35123965027700876
37.6796875,967.5686645507812,28.05462646484375,-0.009431781117086757,-0.3451724527490576
37.6953125,967.5684204101562,28.052017211914062,-0.009486938895520325,-0.3450646611031303
37.7109375,967.5888671875,28.049415588378903,0.010745779103558561,-0.3449501417895533
37.7265625,967.5684814453124,28.037124633789062,-0.009451682555095431,-0.3544501503139301
37.7421875,967.5823974609376,28.02892303466797,0.004377139064899893,-0.3598185326425636
37.7578125,967.585205078125,28.02892303466797,0.007044428981771489,-0.3570074503562921
37.7734375,967.57421875,28.035255432128903,-0.003864908925606869,-0.34793540404461254
37.7890625,967.5792236328124,28.012901306152344,0.001117708771857906,-0.367396643067881
37.8046875,967.5682373046876,28.019981384277344,-0.009675872881189207,-0.35750159177926477
37.8203125,967.5690307617188,27.99203491210937,-0.008708931165529066,-0.38243675094765095
37.8359375,967.5812377929688,27.995391845703125,0.0034297778172458493,-0.37611825628081874
37.8515625,967.5704956054688,27.99092102050781,-0.00716958918110322,-0.3776157292771032
37.8671875,967.5895385742188,27.991661071777344,0.011641477624152685,-0.3739313367731327
37.8828125,967.5786743164062,27.97266387939453,0.0007620397371965737,-0.3898587750219136
37.8984375,967.577880859375,27.9793701171875,-3.080367503116577e-05,-0.3801591580318444
37.9140625,967.5687866210938,27.959625244140625,-0.008946818480580987,-0.39677978083591725
37.9296875,967.5665893554688,27.94994354248047,-0.010926426212904516,-0.40328600216407295
37.9453125,967.5735473632812,27.94770812988281,-0.0038909102285060726,-0.40235327870890814
37.9609375,967.5653686523438,27.942855834960938,-0.011833886377644376,-0.4040242800867908
37.9765625,967.5831298828124,27.9432373046875,0.005811575651705425,-0.4004893509042873
37.9921875,967.5771484375,27.94397735595703,-0.0001665518939262256,-0.3966262582313611
38.0078125,967.575927734375,27.94062805175781,-0.0013601601942809793,-0.3968507533490957
38.0234375,967.5707397460938,27.93540954589844,-0.0064202549506262585,-0.3989280931208974
38.0390625,967.584716796875,27.938766479492188,0.007409202162079964,-0.39248075984334463
38.0546875,967.5643310546876,27.92162322998047,-0.0127230919779322,-0.4064238217819778
38.0703125,967.563720703125,27.91454315185547,-0.013073024721393267,-0.4102734006889541
38.0859375,967.5794067382812,27.91230773925781,0.002561975074854672,-0.40928608818281376
38.1015625,967.5475463867188,27.917892456054688,-0.02872614257182704,-0.40054745442198225
38.1171875,967.5760498046876,27.90858459472656,-0.0002183745131105752,-0.4066533210958134
38.1328125,967.5684204101562,27.9149169921875,-0.007694492305290623,-0.39719341641897543
38.1484375,967.5728149414062,27.91417694091797,-0.00323550869097744,-0.3948246124721919
38.1640625,967.5623168945312,27.894798278808597,-0.013465322058777929,-0.41096731149889365
38.1796875,967.577880859375,27.89852905273437,0.0020576536680891877,-0.4040550021233287
38.1953125,967.5612182617188,27.891822814941406,-0.014319691175842308,-0.4075521677294489
38.2109375,967.5763549804688,27.89852905273437,0.0008010700043996621,-0.39771432110885385
38.2265625,967.5838012695312,27.904861450195312,0.008086277835104738,-0.38832425236941503
38.2421875,967.5606689453124,27.889205932617188,-0.014752178290336815,-0.40082367799482554
38.2578125,967.5700073242188,27.885482788085938,-0.005308061114760676,-0.40138630047508883
38.2734375,967.5665893554688,27.87541961669922,-0.008555599593933039,-0.40823502286288615
38.2890625,967.5477905273438,27.867599487304688,-0.02682016155256406,-0.41280472138040736
38.3046875,967.5803833007812,27.85791015625,0.005659865559096033,-0.4191933176504463
38.3203125,967.5513916015624,27.858657836914062,-0.022876133783597652,-0.41517653044742886
38.3359375,967.5453491210938,27.85753631591797,-0.028353797567660877,-0.4130457229166211
38.3515625,967.5823364257812,27.85456085205078,0.008464883933925194,-0.4127710212620599
38.3671875,967.5687255859376,27.84300994873047,-0.005045448958298948,-0.4210069095465734
38.3828125,967.561279296875,27.84077453613281,-0.012247758762669037,-0.41993574150248136
38.3984375,967.5451049804688,27.84561920166016,-0.027866956513321384,-0.41184817694407627
38.4140625,967.562255859375,27.83853912353516,-0.0105067792162572,-0.4156553780763481
38.4296875,967.58154296875,27.844879150390625,0.008608839335352059,-0.4061175750394703
38.4453125,967.5559692382812,27.82512664794922,-0.016633545603440325,-0.42254296750055786
38.4609375,967.56005859375,27.823265075683597,-0.012299186421159902,-0.42108887929925487
38.4765625,967.5549926757812,27.83928680419922,-0.0170259421947776,-0.4019025636681377
38.4921875,967.5609130859376,27.823638916015625,-0.010888627115832605,-0.4142883389466405
38.5078125,967.5714111328124,27.823638916015625,-0.0003829517207805111,-0.4110517112986187
38.5234375,967.559814453125,27.823638916015625,-0.011745654232186098,-0.40784036980409866
38.5390625,967.57568359375,27.83258056640625,0.004042949549216246,-0.3957823231680564
38.5546875,967.5608520507812,27.828109741210938,-0.010577878704339128,-0.3971261706417799
38.5703125,967.5797729492188,27.81991577148437,0.008180070129014894,-0.4021535767717168
38.5859375,967.5625,27.822525024414062,-0.008915283794976858,-0.3964228838120114
38.6015625,967.5695190429688,27.82959747314453,-0.001859204872630471,-0.3863086348074667
38.6171875,967.5696411132812,27.81879425048828,-0.0017032061507507024,-0.394009421077282
38.6328125,967.5653686523438,27.81097412109375,-0.0058589548403915614,-0.3986902571087505
38.6484375,967.545654296875,27.81171417236328,-0.025073831592180795,-0.3948412198561009
38.6640625,967.5786743164062,27.814697265625,0.007790988955889588,-0.3887967349803638
38.6796875,967.5643310546876,27.812088012695312,-0.006424298685374197,-0.3883481286295023
38.6953125,967.5653076171876,27.82140350341797,-0.00534133508801915,-0.37607144542320015
38.7109375,967.5656127929688,27.81879425048828,-0.0049377968203998535,-0.37572225539700455
38.7265625,967.5604248046876,27.81097412109375,-0.00992801586130554,-0.38054595991035356
38.7421875,967.5596923828124,27.80799102783203,-0.010452226061943293,-0.3805327324441663
38.7578125,967.5513916015624,27.80464172363281,-0.01838673763791121,-0.3808829582321138
38.7734375,967.5509643554688,27.80687713623047,-0.018446523111833812,-0.3756893616841843
38.7890625,967.5640258789062,27.803146362304688,-0.005279823899400071,-0.37645591580051274
38.8046875,967.5692138671876,27.80799102783203,-9.004195362649625e-05,-0.36870803738041147
38.8203125,967.5672607421876,27.802032470703125,-0.002003261349045715,-0.3717395117397153
38.8359375,967.5665893554688,27.795700073242188,-0.002622408847855695,-0.37511822241002335
38.8515625,967.569580078125,27.809852600097656,0.0003611201793773944,-0.35814565105803453
38.8671875,967.5516357421876,27.792709350585938,-0.017239793575186013,-0.3723569560340536
38.8828125,967.5564575195312,27.80240631103516,-0.012175476852007705,-0.35982671436932634
38.8984375,967.5618286132812,27.79756164550781,-0.006671484994512866,-0.3618223847412345
38.9140625,967.5728149414062,27.794578552246094,0.004230568850630334,-0.36195543520605256
38.9296875,967.5596923828124,27.795700073242188,-0.008718318068531516,-0.3580148992551919
38.9453125,967.5538330078124,27.79718017578125,-0.01429297250081163,-0.35374936861678563
38.9609375,967.5629272460938,27.784149169921875,-0.005097196441738561,-0.36391490280056615
38.9765625,967.5670776367188,27.800537109375,-0.0009283135156010758,-0.34481190894629066
38.9921875,967.5451049804688,27.80240631103516,-0.02245368519982094,-0.34026346738545854
39.0078125,967.5453491210938,27.79681396484375,-0.02177576440737994,-0.34315381503330045
39.0234375,967.5569458007812,27.80426025390625,-0.009980274471445227,-0.3330848109241522
39.0390625,967.5577392578124,27.80388641357422,-0.009007387412225398,-0.3308535055432458
39.0546875,967.5673828125,27.799049377441406,0.0006237421332571103,-0.33306795931921584
39.0703125,967.5700073242188,27.79234313964844,0.003184811393907694,-0.3371197111972428
39.0859375,967.5564575195312,27.78899383544922,-0.01016255201830063,-0.33780910121367924
39.1015625,967.5755004882812,27.79644012451172,0.008706971092351523,-0.32778185268124815
39.1171875,967.5629272460938,27.792709350585938,-0.0037907579878719844,-0.32892268421166193
39.1328125,967.5698852539062,27.80165100097656,0.0031053894764454526,-0.31748118199431374
39.1484375,967.5690307617188,27.798301696777344,0.00220693445123743,-0.31832399802014066
39.1640625,967.5491333007812,27.788238525390625,-0.01734500839086195,-0.3258216446458668
39.1796875,967.5736694335938,27.799415588378903,0.007050672772834332,-0.3121864208633909
39.1953125,967.5700073242188,27.79383087158203,0.0033223805189663835,-0.315288550647292
39.2109375,967.5620727539062,27.790847778320312,-0.004522107961633992,-0.31578514669097046
39.2265625,967.5598754882812,27.794944763183597,-0.006588135821289143,-0.30925309806340806
39.2421875,967.5695190429688,27.802032470703125,0.002995742716507266,-0.2998047234302561
39.2578125,967.5494995117188,27.79681396484375,-0.01669129266372238,-0.3026402353108075
39.2734375,967.5538940429688,27.794944763183597,-0.012056590292331748,-0.30213045699462526
39.2890625,967.5499877929688,27.80388641357422,-0.01565106606790323,-0.2908982690524091
39.3046875,967.5679321289062,27.784149169921875,0.002248479442414464,-0.30820867276174724
39.3203125,967.5610961914062,27.79644012451172,-0.00449785926741697,-0.29360586099868513
39.3359375,967.5726928710938,27.803146362304688,0.00696017158372797,-0.2846582198994234
39.3515625,967.5764770507812,27.799415588378903,0.010534500660469348,-0.28613595481094833
39.3671875,967.563232421875,27.80240631103516,-0.0026571960535193284,-0.2809331600284821
39.3828125,967.5635986328124,27.783767700195312,-0.0022462393130808778,-0.29723136640842185
39.3984375,967.5559692382812,27.80388641357422,-0.009682750370643589,-0.27494771042772115
39.4140625,967.5546875,27.79867553710937,-0.010750338482921507,-0.2779698479324715
39.4296875,967.5357666015624,27.79867553710937,-0.029091720574456303,-0.2757982084954982
39.4453125,967.5771484375,27.79867553710937,0.012050074047465387,-0.27364353499162775
39.4609375,967.5588989257812,27.795700073242188,-0.006078354904275329,-0.27445791293022737
39.4765625,967.5562133789062,27.79681396484375,-0.008592731822659516,-0.2712085211620341
39.4921875,967.5477905273438,27.79047393798828,-0.016683247772220966,-0.27538019998611674
39.5078125,967.5481567382812,27.794204711914062,-0.015998344709032608,-0.2695271649192392
39.5234375,967.5621948242188,27.79047393798828,-0.001921972467357591,-0.2711231111977952
39.5390625,967.5562133789062,27.79234313964844,-0.007749054151304335,-0.26715036336937104
39.5546875,967.5558471679688,27.77520751953125,-0.007956763817560386,-0.2820649992405748
39.5703125,967.5575561523438,27.78675842285156,-0.006125752500338422,-0.2684007045458898
39.5859375,967.5692749023438,27.77967834472656,0.005483759267235655,-0.27332858905627333
39.6015625,967.54833984375,27.787498474121094,-0.015149516136489183,-0.26343417482063103
39.6171875,967.5430908203124,27.79234313964844,-0.020000130598077703,-0.2565692787519289
39.6328125,967.5595092773438,27.77967834472656,-0.0035117190049049896,-0.26713068247323335
39.6484375,967.5477294921876,27.77967834472656,-0.014992841970411064,-0.26504372401641163
39.6640625,967.5477294921876,27.77259063720703,-0.014700013025731096,-0.27000540472706547
39.6796875,967.5463256835938,27.786376953125,-0.015789293853572417,-0.25421737717777404
39.6953125,967.56005859375,27.781906127929688,-0.0020162199532478553,-0.2566672007920481
39.7109375,967.5473022460938,27.773712158203125,-0.0144840408984237,-0.26279194262393446
39.7265625,967.5452270507812,27.77743530273437,-0.01623581362866844,-0.2570448231075879
39.7421875,967.557861328125,27.77111053466797,-0.0035311937793949255,-0.2613120162429432
39.7578125,967.564453125,27.76514434814453,0.0030008256914015874,-0.2651900918072698
39.7734375,967.5338745117188,27.765884399414062,-0.027039158925958873,-0.26238402459603805
39.7890625,967.5382690429688,27.76141357421875,-0.02220234979165525,-0.2647700462773557
39.8046875,967.5317993164062,27.769989013671875,-0.028112074862860936,-0.2541930864584181
39.8203125,967.5545043945312,27.7506103515625,-0.005301391332864114,-0.2714344692821058
39.8359375,967.5707397460938,27.75843811035156,0.010720406318910136,-0.2615472830673191
39.8515625,967.536865234375,27.751731872558597,-0.02270187677879676,-0.26615779022856145
39.8671875,967.5550537109376,27.75843811035156,-0.004425247868198312,-0.2574245871821965
39.8828125,967.5630493164062,27.72714233398437,0.00350062405357221,-0.28646473570915276
39.8984375,967.5524291992188,27.73235321044922,-0.006980440533652654,-0.27905656346895924
39.9140625,967.5626831054688,27.73235321044922,0.0032095308390580612,-0.2768764340668568
39.9296875,967.5553588867188,27.73272705078125,-0.004034322912730204,-0.2743424172212734
39.9453125,967.5634155273438,27.71857452392578,0.003943756819467126,-0.28624107732614235
39.9609375,967.5404663085938,27.719314575195312,-0.018634261502256777,-0.2832705492905454
39.9765625,967.5326538085938,27.72528076171875,-0.02593022319172178,-0.2751379224329895
39.9921875,967.5308227539062,27.724533081054688,-0.027219065420695188,-0.27373024682285774
40.0078125,967.54296875,27.710372924804688,-0.01477867344169681,-0.28564125929885265
40.0234375,967.5444946289062,27.710372924804688,-0.012993950892223438,-0.28340968696058155
40.0390625,967.550537109375,27.710372924804688,-0.006815699516778295,-0.2811955487812021
40.0546875,967.550537109375,27.7003173828125,-0.006682580385586334,-0.288975691626721
40.0703125,967.559814453125,27.68914031982422,0.0025440843924116052,-0.2978078112195739
40.0859375,967.53125,27.694732666015625,-0.025512158405831542,-0.28993253170763467
40.1015625,967.53662109375,27.68392944335937,-0.019747684486787875,-0.2983862562829209
40.1171875,967.53662109375,27.684669494628903,-0.019361987524121105,-0.29532084403672343
40.1328125,967.5574951171876,27.69882202148437,0.001482503962051851,-0.2789716897032761
40.1484375,967.5432739257812,27.68317413330078,-0.012489884955130037,-0.29231786243462565
40.1640625,967.5604248046876,27.695106506347656,0.004569958913180017,-0.2781949777519088
40.1796875,967.5452880859376,27.66417694091797,-0.010360377808751764,-0.3067095076879909
40.1953125,967.548583984375,27.6719970703125,-0.006926501258590179,-0.29655430502554125
40.2109375,967.55615234375,27.676101684570312,0.0006293218250448263,-0.2901649275586067
40.2265625,967.5529174804688,27.67125701904297,-0.002554651974605804,-0.2927048306399662
40.2421875,967.5492553710938,27.660079956054688,-0.006095340229535395,-0.3015078163342757
40.2578125,967.548095703125,27.66381072998047,-0.007113308819384656,-0.2954506592646773
40.2734375,967.5454711914062,27.672378540039062,-0.00954762873072923,-0.2846415769466617
40.2890625,967.5470581054688,27.66492462158203,-0.007805231959878256,-0.28981349934585054
40.3046875,967.5419921875,27.66157531738281,-0.01261976028160916,-0.2908724691423785
40.3203125,967.5360717773438,27.66381072998047,-0.018178057733962305,-0.2863820795404628
40.3359375,967.5607299804688,27.660079956054688,0.0063535800513818685,-0.2878463467985384
40.3515625,967.5414428710938,27.660079956054688,-0.012680921328978911,-0.28559754721417363
40.3671875,967.5535888671876,27.660079956054688,-0.0005244774765742477,-0.2833663163765614
40.3828125,967.548095703125,27.67535400390625,-0.005900109477920523,-0.26599779767714793
40.3984375,967.5375366210938,27.681320190429688,-0.016137722925009257,-0.2580001141915709
40.4140625,967.5375366210938,27.692115783691406,-0.015822533024106633,-0.24527323561008885
40.4296875,967.543701171875,27.69547271728516,-0.009469349777191383,-0.2400263309068329
40.4453125,967.5531616210938,27.712615966796875,-8.726719443075126e-06,-0.22114180732171818
40.4609375,967.5612182617188,27.728256225585938,0.007890728087090793,-0.20389606768474522
40.4765625,967.5682373046876,27.75135803222656,0.014618564590023198,-0.17938180587971786
40.4921875,967.5580444335938,27.77222442626953,0.004339254170076856,-0.15727701018177243
40.5078125,967.5475463867188,27.779296875,-0.006038503784907334,-0.1490310883149668
40.5234375,967.5469970703124,27.8076171875,-0.0064591518281531535,-0.1197677228789118
40.5390625,967.5574951171876,27.84188842773437,0.003960010378136758,-0.08482854137388074
40.5546875,967.5661010742188,27.867599487304688,0.012320538358267186,-0.05865562647697331
40.5703125,967.555419921875,27.881759643554688,0.0016073667563887284,-0.0441478493658245
40.5859375,967.5570068359376,27.927589416503903,0.003131892521764712,0.0016687835553952368
40.6015625,967.5491943359376,27.941368103027344,-0.004589189363400692,0.015326786718844687
40.6171875,967.5592041015624,27.9652099609375,0.0053147056312354835,0.038862639592835535
40.6328125,967.5563354492188,28.00023651123047,0.0023982788093235285,0.07331193058982066
40.6484375,967.546142578125,28.024826049804688,-0.007642354153858832,0.09713661393619688
40.6640625,967.5512084960938,28.052017211914062,-0.0025261151658924064,0.12335646529521682
40.6796875,967.55419921875,28.085182189941406,0.0004555331253186523,0.15529861954660262
40.6953125,967.5480346679688,28.11125946044922,-0.005597513404836718,0.17995889091336537
40.7109375,967.5709838867188,28.13883209228516,0.017012804850196517,0.2059101827278269
40.7265625,967.573974609375,28.1798095703125,0.019612833609812697,0.24495885090551894
40.7421875,967.5863647460938,28.210731506347656,0.03137791231438314,0.2737254682926995
40.7578125,967.5701904296876,28.231231689453125,0.014906650675698074,0.2919270134966183
40.7734375,967.5595703125,28.25432586669922,0.00420281213087037,0.3125600876900343
40.7890625,967.5816040039062,28.28189849853516,0.025724071827426087,0.33747543265467783
40.8046875,967.5748291015624,28.324371337890625,0.01857906851705593,0.37697992613506415
40.8203125,967.5862426757812,28.34747314453125,0.029406848932467256,0.3969560942383801
40.8359375,967.5753173828124,28.37615203857422,0.018120588073657018,0.4223097149354018
40.8515625,967.5607299804688,28.41155242919922,0.003464178196281864,0.4541342453607129
40.8671875,967.5792236328124,28.43762969970703,0.02152896666223114,0.4764598634008017
40.8828125,967.5851440429688,28.464088439941406,0.026913256177635958,0.49898955204427864
40.8984375,967.5672607421876,28.49462890625,0.008853589080217716,0.52539306508449
40.9140625,967.59130859375,28.51400756835937,0.03225883438005894,0.5405156980751578
40.9296875,967.569580078125,28.53412628173828,0.010324648466848885,0.5562544551145834
40.9453125,967.5803833007812,28.55908966064453,0.020715217390261387,0.576677069692547
40.9609375,967.5794067382812,28.592987060546875,0.01935313428691643,0.6058043565511824
40.9765625,967.5726928710938,28.61646270751953,0.012392406413937351,0.6243637534963078
40.9921875,967.5734252929688,28.63471984863281,0.012868483986380852,0.6376004188704485
41.0078125,967.5870361328124,28.67569732666016,0.025962149536439938,0.6732765070782847
41.0234375,967.5829467773438,28.7088623046875,0.021445591058636637,0.700922411003237
41.0390625,967.5743408203124,28.72152709960937,0.012588859925131146,0.7080123058788175
41.0546875,967.568359375,28.746864318847656,0.0064783635460798905,0.7276202319521232
41.0703125,967.5864868164062,28.764747619628903,0.02412522282440932,0.7396792863838897
41.0859375,967.5938720703124,28.801254272460938,0.030895037731852426,0.7701219865658011
41.1015625,967.5880126953124,28.816909790039062,0.024546684944084518,0.779638617392802
41.1171875,967.5910034179688,28.850059509277344,0.026999567608299913,0.8064384277511536
41.1328125,967.5927734375,28.8660888671875,0.028207681140770546,0.8160422560858294
41.1484375,967.5969848632812,28.880615234375,0.03178592123992985,0.824079805904006
41.1640625,967.5826416015624,28.91564178466797,0.017101982577287345,0.8523945877891848
41.1796875,967.5694580078124,28.94841766357422,0.0038418577954644206,0.878255072424377
41.1953125,967.6004638671876,28.971893310546875,0.034167097694648874,0.8946859481517428
41.2109375,967.589599609375,28.983444213867188,0.022847706290576753,0.8991568760699309
41.2265625,967.5877075195312,28.99871826171875,0.020546327063129866,0.9072869323283577
41.2421875,967.590576171875,29.04193878173828,0.022957655590289505,0.9430816128764228
41.2578125,967.5928955078124,29.043800354003903,0.02478330028691289,0.9375608165081211
41.2734375,967.587646484375,29.07807159423828,0.01915274800478528,0.9642396187991977
41.2890625,967.6005249023438,29.07807159423828,0.03140555726315597,0.9567064967773291
41.3046875,967.5846557617188,29.09000396728516,0.015232971000727957,0.9610713786537062
41.3203125,967.5919799804688,29.119430541992188,0.022116619638381962,0.9827596881001028
41.3359375,967.5977172851562,29.136192321777344,0.027309902366368988,0.991712706417406
41.3515625,967.5969848632812,29.15147399902344,0.02605838907550151,0.9991272400411333
41.3671875,967.5968627929688,29.171592712402344,0.025429750037119447,1.0112830944089417
41.3828125,967.5753173828124,29.18202209472656,0.0038084738674797336,1.0137303480086786
41.3984375,967.5946655273438,29.207359313964844,0.022704340695781866,1.0309498518778462
41.4140625,967.6133422851562,29.22225952148437,0.04057287392799935,1.0376793558083328
41.4296875,967.5929565429688,29.233810424804688,0.019792851823694946,1.0410331477292054
41.4453125,967.59912109375,29.27255249023437,0.025450422085327773,1.0713394693060856
41.4609375,967.6099853515624,29.275161743164062,0.035605408805963634,1.065558497843309
41.4765625,967.60546875,29.286346435546875,0.03048160397713673,1.0683311340524817
41.4921875,967.5999755859376,29.31018829345703,0.024500384447719625,1.0836403904629286
41.5078125,967.5982666015624,29.326202392578125,0.022346255539787307,1.0910634388841487
41.5234375,967.5999755859376,29.34520721435547,0.0235854110104583,1.1013958523750738
41.5390625,967.600830078125,29.36532592773437,0.023962561338521482,1.1127527332090246
41.5546875,967.594482421875,29.37129211425781,0.017270863973521955,1.1099789281720511
41.5703125,967.584716796875,29.38208770751953,0.007358652274774613,1.1120184704850722
41.5859375,967.6011352539062,29.3958740234375,0.02331271263983581,1.1170094365092673
41.6015625,967.5941162109376,29.404441833496094,0.015975433935409455,1.1167836743290493
41.6171875,967.6049194335938,29.42344665527344,0.026255635954953505,1.1269151484805668
41.6328125,967.6026611328124,29.43462371826172,0.023528637221033932,1.1292008660667427
41.6484375,967.598388671875,29.448410034179688,0.018880079090649815,1.1340575946254567
41.6640625,967.5999145507812,29.44915008544922,0.020007404129728457,1.1259320392864325
41.6796875,967.6060791015624,29.46405792236328,0.025660783916464425,1.1319270646676785
41.6953125,967.5966796875,29.461082458496094,0.015943764974167607,1.120131666419237
41.7109375,967.6067504882812,29.4886474609375,0.025506468767957813,1.1387302886351698
41.7265625,967.604248046875,29.48081970214844,0.02255472995227592,1.1220673538316888
41.7421875,967.6094970703124,29.486412048339844,0.02726071133122332,1.1188498586166595
41.7578125,967.5924072265624,29.49535369873047,0.0099722178238153,1.1189806378431655
41.7734375,967.6025390625,29.51062774658203,0.019711396461389086,1.1253933209627363
41.7890625,967.5938110351562,29.52031707763672,0.010768850189606383,1.1262148187985375
41.8046875,967.600341796875,29.525909423828125,0.0169617288632935,1.1229649215134607
41.8203125,967.5948486328124,29.514732360839844,0.011244569394420978,1.1031020158804523
41.8359375,967.5955200195312,29.53038024902344,0.011683222595479492,1.1100096704385507
41.8515625,967.608154296875,29.533729553222656,0.023842548768584493,1.1046608576484083
41.8671875,967.60302734375,29.531494140625,0.018350056666122327,1.0938127462612925
41.8828125,967.6150512695312,29.530746459960938,0.029780740602745936,1.084525494772251
41.8984375,967.5922241210938,29.533355712890625,0.006817779818220515,1.0786415074855178
41.9140625,967.6090698242188,29.548629760742188,0.023201305541988404,1.0853693400610105
41.9296875,967.5941772460938,29.551239013671875,0.008146447584636007,1.0794787602329592
41.9453125,967.5934448242188,29.54155731201172,0.007269220520015551,1.061439269052702
41.9609375,967.6087036132812,29.53633117675781,0.02208800939536104,1.047961468690989
41.9765625,967.6057739257812,29.537826538085938,0.018784135920896006,1.041257948534593
41.9921875,967.6157836914062,29.541183471679688,0.028231520656277098,1.036453828361715
42.0078125,967.6063232421876,29.53820037841797,0.018404448948672325,1.0253967449820287
42.0234375,967.6028442382812,29.527023315429688,0.014633932443871345,1.0062960907281706
42.0390625,967.5986328125,29.532981872558597,0.01021894207940477,1.0043464084206981
42.0546875,967.5919799804688,29.52367401123047,0.0034964594613029476,0.9872648084434097
42.0703125,967.6038208007812,29.52105712890625,0.01503772352816668,0.9769553641963853
42.0859375,967.6004638671876,29.515098571777344,0.0114526495061682,0.9634108945122648
42.1015625,967.61328125,29.515098571777344,0.02379600824986028,0.9558842468988864
42.1171875,967.6058959960938,29.5169677734375,0.016090231797875276,0.9502709997421768
42.1328125,967.6030883789062,29.518829345703125,0.013023188543797914,0.9446940362889897
42.1484375,967.6124267578124,29.526275634765625,0.02192481808572211,0.9447017290596804
42.1640625,967.6083374023438,29.53409576416016,0.017487113737843174,0.9450802814350432
42.1796875,967.6091918945312,29.517333984375,0.017983371434638684,0.9210660133557447
42.1953125,967.5994262695312,29.515098571777344,0.008057243574626227,0.9116522366896653
42.2109375,967.5961303710938,29.52814483642578,0.004668350114911846,0.9174742942963974
42.2265625,967.5919799804688,29.52814483642578,0.0005078430936009681,0.9103065263722065
42.2421875,967.5987548828124,29.52814483642578,0.007140504315430007,0.9031947566349245
42.2578125,967.5853881835938,29.526275634765625,-0.0061045895339475464,0.8942839490765273
42.2734375,967.5973510742188,29.537826538085938,0.005743881147850516,0.8987580176124901
42.2890625,967.5919189453124,29.54155731201172,0.00030566333055048744,0.8954380978543774
42.3046875,967.609375,29.54229736328125,0.017414809463161873,0.8891767573338782
42.3203125,967.6033325195312,29.53856658935547,0.01115021319378684,0.8785284366627195
42.3359375,967.6096801757812,29.54900360107422,0.017156114181261728,0.8820204058159895
42.3515625,967.6033935546876,29.55868530273437,0.010657198300805248,0.884735684761484
42.3671875,967.6118774414062,29.563156127929688,0.01876723570262584,0.8822595840977634
42.3828125,967.60498046875,29.561294555664062,0.011638421971269963,0.8735199023646985
42.3984375,967.6292114257812,29.576950073242188,0.03516880519384813,0.8822287369745219
42.4140625,967.6022338867188,29.56465148925781,0.00803128046470647,0.8631338236699087
42.4296875,967.5978393554688,29.58179473876953,0.0035657189565654335,0.8733999085473982
42.4453125,967.5813598632812,29.576950073242188,-0.012661551097494339,0.8617696551839593
42.4609375,967.580810546875,29.57173156738281,-0.012952842747836257,0.8498593434704809
42.4765625,967.5802612304688,29.56465148925781,-0.013238445108072483,0.8361950523349684
42.4921875,967.5814819335938,29.568748474121094,-0.01178302045991586,0.8337272556576423
42.5078125,967.5897216796876,29.576202392578125,-0.0034740697885808913,0.8346094461919016
42.5234375,967.573486328125,29.56949615478516,-0.01932447171543572,0.821435214583321
42.5390625,967.6019897460938,29.57173156738281,0.008999669959280254,0.817235700406119
42.5546875,967.5962524414062,29.57880401611328,0.003198647200065352,0.8178682417214631
42.5703125,967.5859375,29.554969787597656,-0.0069773040850122925,0.7878306224776672
42.5859375,967.5999145507812,29.57173156738281,0.006863032893534182,0.798306524120143
42.6015625,967.5962524414062,29.547142028808597,0.0031384054810814632,0.7676723215963541
42.6171875,967.5819091796876,29.535964965820312,-0.010986011389150008,0.7505851394001937
42.6328125,967.5709228515624,29.5244140625,-0.021543192258263844,0.7332605311105063
42.6484375,967.5819091796876,29.517333984375,-0.010350675380436769,0.7205071681965585
42.6640625,967.596923828125,29.52105712890625,0.0045728798331765574,0.718572263409623
42.6796875,967.5687866210938,29.503173828125,-0.023104086432454096,0.6952148301078402
42.6953125,967.5880737304688,29.512496948242188,-0.0037424267243295617,0.6990337474888939
42.7109375,967.5897216796876,29.49647521972656,-0.0020535697416335097,0.6776759875750358
42.7265625,967.5861206054688,29.48491668701172,-0.005544201695670381,0.6609134122440992
42.7421875,967.603271484375,29.475975036621094,0.01137998429635445,0.6468782324639939
42.7578125,967.6028442382812,29.44915008544922,0.010738817534615919,0.6152091150320231
42.7734375,967.5932006835938,29.43425750732422,0.001073870994673598,0.595626563962437
42.7890625,967.6044311523438,29.432762145996094,0.012064020609045656,0.5894895526137311
42.8046875,967.596923828125,29.42158508300781,0.004467698413918697,0.5737944233002459
42.8203125,967.595703125,29.404075622558597,0.003183577412187333,0.5519389865787616
42.8359375,967.6005249023438,29.38023376464844,0.007849000170836007,0.5239713698508801
42.8515625,967.583984375,29.38246154785156,-0.008521770782863314,0.5220882221707619
42.8671875,967.5982055664062,29.36272430419922,0.005588103814375245,0.49842636149874764
42.8828125,967.58935546875,29.361602783203125,-0.003198283024630655,0.4934196464362266
42.8984375,967.599609375,29.35302734375,0.0069178180842754955,0.48105636161604437
42.9140625,967.5888671875,29.338134765625,-0.003749674700543437,0.4625218789325203
42.9296875,967.5994262695312,29.322486877441406,0.006676411093735624,0.4433827876962013
42.9453125,967.5787963867188,29.315399169921875,-0.013680942974247046,0.43288652486279133
42.9609375,967.5756225585938,29.308319091796875,-0.016525576351227755,0.42247983387265364
42.9765625,967.597412109375,29.27777862548828,0.005161162429430988,0.38887734125496465
42.9921875,967.5990600585938,29.277023315429688,0.006676121186274031,0.3850898278276489
43.0078125,967.5989379882812,29.26026153564453,0.006426042067687376,0.36545048516715894
43.0234375,967.5910034179688,29.25206756591797,-0.0014790648025382325,0.354465448913718
43.0390625,967.592529296875,29.236045837402344,4.5899765723333985e-05,0.3357996288324827
43.0546875,967.5755004882812,29.23754119873047,-0.016651211390012577,0.33465987304997924
43.0703125,967.6038208007812,29.2308349609375,0.01144118897889257,0.32539149748156504
43.0859375,967.5890502929688,29.21742248535156,-0.0032642930751762833,0.30954168578706387
43.1015625,967.5960693359376,29.200279235839844,0.0036814149348174396,0.29011407349194585
43.1171875,967.5935668945312,29.18836212158203,0.0011559467017150382,0.27602354549011565
43.1328125,967.6112060546876,29.18389129638672,0.018428014927280856,0.26943121466749886
43.1484375,967.5955200195312,29.16786193847656,0.002688425478481804,0.25142215475142393
43.1640625,967.5907592773438,29.168983459472656,-0.002031841773259657,0.2505706782807451
43.1796875,967.5859375,29.168983459472656,-0.006719759368593259,0.24861309485667604
43.1953125,967.5975341796876,29.15147399902344,0.004781667969041337,0.22929813726365111
43.2109375,967.5919799804688,29.138427734375,-0.0007574427488634683,0.214562404860402
43.2265625,967.5941772460938,29.13471221923828,0.001411701335541693,0.20919964839771765
43.2421875,967.5980834960938,29.128746032714844,0.005214085098486976,0.20164570045338692
43.2578125,967.6078491210938,29.114959716796875,0.014687137635633007,0.18639173309373547
43.2734375,967.5831298828124,29.10751342773437,-0.009836161180032832,0.17754743274973706
43.2890625,967.5787353515624,29.106765747070312,-0.013952749218560712,0.17541850402250958
43.3046875,967.5902099609376,29.09447479248047,-0.002429738674550208,0.16185311545272185
43.3203125,967.6016235351562,29.083297729492188,0.008808370006136101,0.14949889580456244
43.3359375,967.5997924804688,29.064292907714844,0.006841039628852741,0.12947458907387954
43.3515625,967.6178588867188,29.07025146484375,0.024420972326538504,0.1343750747480783
43.3671875,967.6002197265624,29.053863525390625,0.006649354901242077,0.11706536080045993
43.3828125,967.5825805664062,29.050880432128903,-0.010775160621051327,0.11319099982359049
43.3984375,967.5962524414062,29.04082489013672,0.002840137926227726,0.10232971206709962
43.4140625,967.5951538085938,29.02741241455078,0.0017074913420174198,0.08822257057115479
43.4296875,967.5985717773438,29.035232543945312,0.005025353449582326,0.09529236637220251
43.4453125,967.5921630859376,29.023681640625,-0.0013563196371251252,0.08308723287179731
43.4609375,967.6055908203124,29.0162353515625,0.01183564491850575,0.07504999893578557
43.4765625,967.5986328125,29.00244140625,0.004782370756402088,0.060777490704353454
43.4921875,967.6080322265624,29.000213623046875,0.013904796834026456,0.058092287911374996
43.5078125,967.6158447265624,28.990890502929688,0.02129313088028084,0.0483881586707966
43.5234375,967.5867919921876,28.968917846679688,-0.007608048738688922,0.026209131308135625
43.5390625,967.5745239257812,28.981948852539062,-0.01948790977110093,0.03893357359589089
43.5546875,967.60107421875,28.975616455078125,0.006924446025777797,0.032346479446399456
43.5703125,967.6118774414062,28.965187072753903,0.017381425153075725,0.021745869800909645
43.5859375,967.5991821289062,28.957359313964844,0.004594587015276375,0.013809375769572085
43.6015625,967.5812377929688,28.95028686523437,-0.013089011638612646,0.0066842947966065935
43.6171875,967.5792846679688,28.93836212158203,-0.014748344907388855,-0.005199507849049212
43.6328125,967.5780029296876,28.94134521484375,-0.015716995626235075,-0.0021990988483686635
43.6484375,967.5826416015624,28.93836212158203,-0.010861950240723672,-0.005141706234226717
43.6640625,967.615234375,28.921226501464844,0.02130639305630666,-0.022103284739294793
43.6796875,967.5919799804688,28.91861724853516,-0.0019099545711469545,-0.024519470968439094
43.6953125,967.60693359375,28.90594482421875,0.012788899750944438,-0.03690133360293757
43.7109375,967.5957641601562,28.904464721679688,0.0015878359588441526,-0.03808158117213978
43.7265625,967.5913696289062,28.90147399902344,-0.002751877023797533,-0.04075142645472596
43.7421875,967.5842895507812,28.89141845703125,-0.009639924774774045,-0.050410039005925
43.7578125,967.6021118164062,28.88024139404297,0.00802252950552429,-0.061105952759877624
43.7734375,967.6021728515624,28.886947631835938,0.007925682539394074,-0.053974717193728594
43.7890625,967.6016845703124,28.87950134277344,0.007292139545484133,-0.06094115464484773
43.8046875,967.5861206054688,28.87875366210937,-0.008110266210337613,-0.06120689128306722
43.8203125,967.6007690429688,28.87055969238281,0.006410472631614539,-0.06885866678299024
43.8359375,967.6157836914062,28.864227294921875,0.021006661673254712,-0.07460363405451886
43.8515625,967.6004638671876,28.852294921875,0.005575766410629512,-0.08585994454591273
43.8671875,967.6002807617188,28.85863494873047,0.005287335532784709,-0.07889866833348691
43.8828125,967.5955200195312,28.852294921875,0.000516308318992742,-0.08457276788279344
43.8984375,967.5923461914062,28.840377807617188,-0.0026056151223201596,-0.09573605493638127
43.9140625,967.5849609375,28.82733917236328,-0.009795734867907413,-0.10792488792317556
43.9296875,967.6032104492188,28.82435607910156,0.008288664021733894,-0.11004151258189054
43.9453125,967.591796875,28.823989868164062,-0.0030638767947266388,-0.10954516317939067
43.9609375,967.5960693359376,28.814292907714844,0.0011849789838151992,-0.11831054453775991
43.9765625,967.59375,28.820632934570312,-0.001112201544515301,-0.11109574801289668
43.9921875,967.5914916992188,28.80722045898437,-0.003304672202261827,-0.12353550310197292
44.0078125,967.611328125,28.794174194335938,0.016208867766863477,-0.1355147226898552
44.0234375,967.5823974609376,28.790084838867188,-0.012473323711674311,-0.13851342129798994
44.0390625,967.591064453125,28.799400329589844,-0.0037319891116567305,-0.12818857174271514
44.0546875,967.5921020507812,28.786354064941406,-0.0026417666223323977,-0.14013143923184757
44.0703125,967.5877075195312,28.801254272460938,-0.006898870179497862,-0.12425286271456315
44.0859375,967.6056518554688,28.79045867919922,0.010829734004914826,-0.13399338991396803
44.1015625,967.5979614257812,28.77070617675781,0.003077989779967538,-0.1525447525713517
44.1171875,967.6049194335938,28.77070617675781,0.009839982014455018,-0.1513529966918874
44.1328125,967.5841064453124,28.77070617675781,-0.010758689738281646,-0.15017055140523183
44.1484375,967.6005249023438,28.763259887695312,0.005549224963147026,-0.15638545890157474
44.1640625,967.5881958007812,28.764373779296875,-0.006647457134477008,-0.15405850818047995
44.1796875,967.5859375,28.75505828857422,-0.00873181733140882,-0.16209763953670375
44.1953125,967.5823974609376,28.74798583984375,-0.01203217169859272,-0.16784844695258627
44.2109375,967.5907592773438,28.746864318847656,-0.0035986686656315214,-0.16764989007408104
44.2265625,967.5894165039062,28.728233337402344,-0.004844929562068501,-0.184825552210647
44.2421875,967.5928955078124,28.740158081054688,-0.0013392474204465543,-0.17155002099144312
44.2578125,967.5692749023438,28.73717498779297,-0.024472355762327425,-0.17316957429805768
44.2734375,967.5938720703124,28.735313415527344,0.00012237446787821682,-0.17366371573115558
44.2890625,967.5936279296876,28.72227478027344,-0.00011938791169541219,-0.18524373886798884
44.3046875,967.583740234375,28.714080810546875,-0.009811632380092306,-0.19192647649616035
44.3203125,967.5975341796876,28.71221923828125,0.003904533383092712,-0.19227407963083465
44.3359375,967.5850830078124,28.735313415527344,-0.008379711959037195,-0.16785818439736033
44.3515625,967.587646484375,28.720779418945312,-0.005702637048784709,-0.18096724206548842
44.3671875,967.6036987304688,28.71892547607422,0.010147468243303592,-0.18139289442926554
44.3828125,967.5918579101562,28.70736694335937,-0.0016602787866304425,-0.19144399411954893
44.3984375,967.603515625,28.702896118164062,0.009802173634170686,-0.19438423478895928
44.4140625,967.6017456054688,28.697311401367188,0.007875276093045613,-0.19840669415156853
44.4296875,967.5865478515624,28.692100524902344,-0.007179460668567117,-0.2020268083459733
44.4453125,967.60546875,28.68762969970703,0.011512112812624764,-0.2048843707792436
44.4609375,967.5958251953124,28.689865112304688,0.0018320628490755553,-0.2010657631957926
44.4765625,967.5936279296876,28.69395446777344,-0.0003580699089980044,-0.19543752954167104
44.4921875,967.6057739257812,28.68427276611328,0.0115576932513477,-0.20351673720806573
44.5078125,967.5851440429688,28.68016815185547,-0.008894998358755402,-0.20599930965754965
44.5234375,967.6041870117188,28.670486450195312,0.009949767844545931,-0.21399600341678493
44.5390625,967.5971069335938,28.667877197265625,0.0028136410921888455,-0.21491302778126453
44.5546875,967.5979614257812,28.670486450195312,0.0035964900515637055,-0.21064515161054942
44.5703125,967.606201171875,28.673843383789062,0.011605059658108985,-0.20566877881354273
44.5859375,967.5997924804688,28.667877197265625,0.005094876684438532,-0.20998156717028493
44.6015625,967.5997314453124,28.64999389648437,0.0049355243107811475,-0.2260846736706661
44.6171875,967.593017578125,28.658935546875,-0.0017436096172787074,-0.21544659341066108
44.6328125,967.6049194335938,28.644775390625,0.00995984261214744,-0.2278129469289354
44.6484375,967.5899658203124,28.642547607421875,-0.004896236085869532,-0.2282435369279021
44.6640625,967.59521484375,28.6373291015625,0.00034589697372666706,-0.23163812057800115
44.6796875,967.5958251953124,28.629135131835938,0.0009375718068440619,-0.2379584020990606
44.6953125,967.577880859375,28.6373291015625,-0.01667460076862426,-0.22796939774458735
44.7109375,967.6068725585938,28.61944580078125,0.012076530121021278,-0.24393197431860258
44.7265625,967.5810546875,28.622047424316406,-0.013472955406882647,-0.2394449574179518
44.7421875,967.5899658203124,28.622802734375,-0.004472724496963565,-0.23682488448936212
44.7578125,967.6052856445312,28.61273956298828,0.010635242305511383,-0.2449592429395473
44.7734375,967.6041870117188,28.597457885742188,0.009350347588906516,-0.2582077879966924
44.7890625,967.5903930664062,28.60639953613281,-0.0043568087055518845,-0.24731874590602487
44.8046875,967.6022338867188,28.60491943359375,0.007337839505225929,-0.24685510744160766
44.8203125,967.5922241210938,28.590011596679688,-0.002619740062755227,-0.25971792135289107
44.8359375,967.5906982421876,28.59374237060547,-0.004064649848373847,-0.2539872478378342
44.8515625,967.5782470703124,28.58740234375,-0.01619324708053682,-0.2582934678597617
44.8671875,967.583740234375,28.582931518554688,-0.010491097021485984,-0.2607114470155807
44.8828125,967.5770874023438,28.567657470703125,-0.016809086688454045,-0.2738293581884932
44.8984375,967.5901489257812,28.579574584960938,-0.0036743686562203948,-0.2598660545249736
44.9140625,967.5993041992188,28.571014404296875,0.005373855859716059,-0.2663291552266216
44.9296875,967.60693359375,28.55908966064453,0.012749280656748851,-0.27608004029397293
44.9453125,967.5775756835938,28.56430053710937,-0.01628424220461966,-0.2687529984867183
44.9609375,967.59765625,28.568397521972656,0.0037221772445263923,-0.26258838851699906
44.9765625,967.599365234375,28.556480407714844,0.005325084244191203,-0.27236092853438265
44.9921875,967.5980224609376,28.55387115478516,0.003904531298871916,-0.272821976921378
45.0078125,967.58740234375,28.56318664550781,-0.0065844221018096505,-0.26144784177530056
45.0234375,967.5988159179688,28.549034118652344,0.004734832739700323,-0.27344724075083704
45.0390625,967.6038818359376,28.556480407714844,0.0096093297962625,-0.26392281925327055
45.0546875,967.587646484375,28.556480407714844,-0.006496607278677402,-0.2618609222278536
45.0703125,967.5980224609376,28.54753875732422,0.0038036003526258355,-0.268686927519898
45.0859375,967.5934448242188,28.538597106933597,-0.0007589184684775319,-0.2754596046455937
45.1015625,967.5960693359376,28.55126953125,0.0018291558822056686,-0.2607341554828686
45.1171875,967.6072387695312,28.560577392578125,0.012744710775109525,-0.24946202623165803
45.1328125,967.605224609375,28.554244995117188,0.01052096955208981,-0.2537960297574955
45.1484375,967.6118774414062,28.58442687988281,0.0168383757711581,-0.22186715948412328
45.1640625,967.6077270507812,28.58442687988281,0.012440172936294402,-0.22013382230065304
45.1796875,967.61083984375,28.586654663085938,0.01524919703967953,-0.21620364816707394
45.1953125,967.6013793945312,28.58927154541016,0.005675686340055108,-0.21191811923470283
45.2109375,967.5979614257812,28.599693298339844,0.0022136215433192774,-0.19992217594326078
45.2265625,967.6014404296876,28.61944580078125,0.005581441358913253,-0.17876209792762054
45.2421875,967.6146850585938,28.62987518310547,0.01845837358018798,-0.16701761626275058
45.2578125,967.602294921875,28.654464721679688,0.005949716610189171,-0.14131535833158893
45.2734375,967.6019897460938,28.66304016113281,0.005534295890925023,-0.13170288826222887
45.2890625,967.6029663085938,28.685760498046875,0.00638369318801324,-0.10813112516575529
45.3046875,967.6286010742188,28.69507598876953,0.031393098289299814,-0.09804363729901411
45.3203125,967.595458984375,28.69544982910156,-0.0017148315631629885,-0.09690675167818341
45.3359375,967.6198120117188,28.70736694335937,0.02219604351921589,-0.08432565587802543
45.3515625,967.6102294921876,28.73233795166016,0.012367166097646987,-0.058890939393041464
45.3671875,967.5933227539062,28.7230224609375,-0.004450908664466624,-0.06767356738042096
45.3828125,967.6027221679688,28.732704162597656,0.004851854901971819,-0.05753880426932412
45.3984375,967.5952758789062,28.75505828857422,-0.002543761618312601,-0.03490979799359906
45.4140625,967.6123046875,28.76698303222656,0.01420213590165531,-0.022805483604216192
45.4296875,967.603271484375,28.783370971679688,0.005067977058388351,-0.0063674070874064626
45.4453125,967.6038208007812,28.797531127929688,0.005507580701646475,0.00773186830976158
45.4609375,967.5888671875,28.80535125732422,-0.00926153975581201,0.015430497722228154
45.4765625,967.6099243164062,28.820632934570312,0.011565206549789764,0.03047223610138161
45.4921875,967.6145629882812,28.842613220214844,0.015887396424318467,0.05204273641977153
45.5078125,967.5980834960938,28.85602569580078,-0.0005805313927567113,0.06494384316191315
45.5234375,967.611083984375,28.86235809326172,0.012177379605532224,0.07071939499298452
45.5390625,967.5989379882812,28.87763977050781,3.077055259836925e-05,0.08532918886220742
45.5546875,967.594482421875,28.889556884765625,-0.0043383740596709686,0.09648656637689967
45.5703125,967.6038208007812,28.91302490234375,0.004902348501900633,0.11901743876787663
45.5859375,967.5965576171876,28.918243408203125,-0.002314725031396847,0.1232653513098505
45.6015625,967.6135864257812,28.928680419921875,0.014426699117620956,0.1326578133174401
45.6171875,967.5982666015624,28.93836212158203,-0.0008756812516139689,0.1412274875168329
45.6328125,967.6041870117188,28.96332550048828,0.004946199043274646,0.16489250027915148
45.6484375,967.5905151367188,28.977859497070312,-0.008555252598171137,0.17802472735445463
45.6640625,967.6115112304688,28.97711181640625,0.012197855973113292,0.17589206976312255
45.6796875,967.6058959960938,28.982330322265625,0.0064540547700744355,0.1796956492504478
45.6953125,967.6046752929688,29.01287841796875,0.0051311377457068374,0.2086012156961239
45.7109375,967.6091918945312,29.02405548095703,0.009459306899884723,0.21806126088218392
45.7265625,967.586669921875,29.040069580078125,-0.01280753556579839,0.23224664625325175
45.7421875,967.6134033203124,29.049392700195312,0.013653873362386548,0.2396825025706697
45.7578125,967.6083374023438,29.06988525390625,0.008420221889991808,0.25814243865440645
45.7734375,967.6124267578124,29.079566955566406,0.012265249675806444,0.265731764218355
45.7890625,967.599365234375,29.09857177734375,-0.0007807215396269385,0.2825120814176074
45.8046875,967.6087036132812,29.103782653808597,0.008390515621158556,0.2854751222739971
45.8203125,967.60693359375,29.11756896972656,0.006491189525604568,0.29692345820608423
45.8359375,967.5999145507812,29.13545227050781,-0.000517543805585774,0.31234733118274605
45.8515625,967.5914916992188,29.147750854492188,-0.008765778271026647,0.3221096189548831
45.8671875,967.5983276367188,29.168983459472656,-0.0018921485684586514,0.34065986281085614
45.8828125,967.609130859375,29.1741943359375,0.008737029672033714,0.3431686241251093
45.8984375,967.5889892578124,29.207359313964844,-0.01118182634581899,0.37339349588563664
45.9140625,967.5913696289062,29.212570190429688,-0.008629551829017146,0.3756465256914936
45.9296875,967.5919189453124,29.233436584472656,-0.00792241832482432,0.3934151625490365
45.9453125,967.6161499023438,29.21666717529297,0.015990012559882416,0.37370320842115134
45.9609375,967.593017578125,29.247596740722656,-0.00700281338424702,0.4014715803051274
45.9765625,967.5982055664062,29.25690460205078,-0.0017793793001601443,0.4075702272454933
45.9921875,967.6229248046876,29.25690460205078,0.022491814860472914,0.4043860848451395
46.0078125,967.6126098632812,29.263992309570312,0.011939043894471979,0.40825915336182206
46.0234375,967.6121826171876,29.27963256835937,0.01128695800002788,0.42058769799345086
46.0390625,967.6187133789062,29.30087280273437,0.017469717380436123,0.4383761516468212
46.0546875,967.6283569335938,29.308319091796875,0.026583715972833488,0.4423394528912823
46.0703125,967.616943359375,29.31092834472656,0.014873849922992122,0.4414725440567402
46.0859375,967.6068725585938,29.325462341308597,0.004709239588237324,0.45244398954003984
46.1015625,967.6115112304688,29.33477783203125,0.009165335067450542,0.4581519843231412
46.1171875,967.6058349609376,29.354148864746094,0.0034209197250447687,0.47379236846737527
46.1328125,967.6110229492188,29.355262756347656,0.008440765271643613,0.47119605491214855
46.1484375,967.620849609375,29.364578247070312,0.017910639774981973,0.4767575491845335
46.1640625,967.6090698242188,29.37054443359375,0.006011111364500721,0.47895245652275165
46.1796875,967.6256103515624,29.392898559570312,0.022111177014608074,0.4973901248235393
46.1953125,967.6134033203124,29.39178466796875,0.009710705417660392,0.49239907514992964
46.2109375,967.6058959960938,29.411529541015625,0.0021603464099371195,0.5081428236015171
46.2265625,967.6080322265624,29.41934967041016,0.00421265936142845,0.5119319924257688
46.2421875,967.630859375,29.4383544921875,0.02651168655302172,0.5267888703421484
46.2578125,967.6195068359376,29.444679260253903,0.014863070391243127,0.5289486881084855
46.2734375,967.6195678710938,29.45399475097656,0.014632619110898304,0.5340589899340245
46.2890625,967.614501953125,29.45958709716797,0.009379851510516346,0.5354353100619527
46.3046875,967.62060546875,29.47523498535156,0.015180957621169,0.5467778607592493
46.3203125,967.6046142578124,29.46368408203125,-0.0007944280563378925,0.5310454968339471
46.3359375,967.6155395507812,29.49200439453125,0.009932996457223453,0.5549957639485257
46.3515625,967.6039428710938,29.50839233398437,-0.001631189417139467,0.5669197682188205
46.3671875,967.5899047851562,29.500946044921875,-0.015363234820370053,0.5551025926004165
46.3828125,967.5921630859376,29.5169677734375,-0.012848978296005953,0.5666624123573207
46.3984375,967.5999755859376,29.535964965820312,-0.0049381095792568885,0.5810841390781007
46.4140625,967.6160888671876,29.551239013671875,0.010956906599062677,0.5916991385942758
46.4296875,967.6043701171876,29.55868530273437,-0.0007469636469750185,0.5944646040032033
46.4453125,967.6112060546876,29.567626953125,0.005970048582412346,0.5986921430313785
46.4609375,967.589599609375,29.59632110595703,-0.015330998356603232,0.6224848404269778
46.4765625,967.5994262695312,29.5888671875,-0.0053968315949077805,0.6102259928920546
46.4921875,967.5919189453124,29.604888916015625,-0.012652121520545734,0.6213551610841819
46.5078125,967.6053466796876,29.61830139160156,0.0007604641660918787,0.6298085145086318
46.5234375,967.60498046875,29.63245391845703,0.00038655297009881906,0.6389300957284476
46.5390625,967.5936279296876,29.648483276367188,-0.010751806676466913,0.649842582907052
46.5546875,967.5753173828124,29.64922332763672,-0.02849472945888465,0.6454999573470772
46.5703125,967.6046142578124,29.663009643554688,0.0007864786359732534,0.654135599255163
46.5859375,967.5969848632812,29.676048278808597,-0.006709265194103864,0.661961935801969
46.6015625,967.5922241210938,29.691696166992188,-0.011245983799881287,0.6723159972356711
46.6171875,967.5811767578124,29.69281005859375,-0.021857930146097715,0.6681687178306923
46.6328125,967.5867919921876,29.69840240478516,-0.01592545561913994,0.6684973057094297
46.6484375,967.5977783203124,29.71368408203125,-0.004842660160534251,0.6784369596511794
46.6640625,967.5963134765624,29.722244262695312,-0.006184310474736776,0.6816299751565289
46.6796875,967.6015625,29.72075653076172,-0.0009170197122330137,0.6748286319477543
46.6953125,967.5946655273438,29.731185913085938,-0.007661375330030751,0.6799044360354749
46.7109375,967.5885009765624,29.741989135742188,-0.013555888492078338,0.6853115051081957
46.7265625,967.5830078125,29.76807403564453,-0.018677000746720296,0.7058386205963956
46.7421875,967.590576171875,29.755401611328125,-0.010891675719904015,0.6877508353715527
46.7578125,967.593017578125,29.776275634765625,-0.00828522514427732,0.7030887270996082
46.7734375,967.6092529296876,29.772544860839844,0.007794850511686491,0.6938942191646582
46.7890625,967.5899047851562,29.791168212890625,-0.01132764374585804,0.7069510276903195
46.8046875,967.5724487304688,29.80980682373047,-0.028221516823350612,0.7199209694791477
46.8203125,967.5860595703124,29.80943298339844,-0.014325312194955586,0.7139256672006589
46.8359375,967.5805053710938,29.82769012451172,-0.01949123970632627,0.7264626301239829
46.8515625,967.5806884765624,29.82805633544922,-0.018931022240849416,0.7211504907406905
46.8671875,967.5740966796876,29.840347290039062,-0.025024326554785148,0.7277114340388877
46.8828125,967.580810546875,29.85264587402344,-0.01795283320791441,0.7342286897574581
46.8984375,967.5852661132812,29.87164306640625,-0.01323364830943774,0.7473413049360467
46.9140625,967.5879516601562,29.859352111816406,-0.010342083828277282,0.729307769484123
46.9296875,967.578125,29.869781494140625,-0.019774823203533742,0.7339579553098403
46.9453125,967.5877075195312,29.869781494140625,-0.009993235241154252,0.7282239087839812
46.9609375,967.5833129882812,29.87611389160156,-0.01410675542683748,0.7288175851023766
46.9765625,967.5853881835938,29.88581085205078,-0.011796568705904065,0.7327449006644784
46.9921875,967.5875854492188,29.88916015625,-0.009411816692590946,0.7303434688882007
47.0078125,967.571533203125,29.889907836914062,-0.024966717810002592,0.725379499946385
47.0234375,967.588623046875,29.919708251953125,-0.007723028863551917,0.7492800718996229
47.0390625,967.577880859375,29.920455932617188,-0.018104567606428645,0.7441681607467814
47.0546875,967.5853881835938,29.92120361328125,-0.010390265977775925,0.73909618639982
47.0703125,967.5994262695312,29.93163299560547,0.003576573476152589,0.7436699002183822
47.0859375,967.5919799804688,29.93535614013672,-0.003794135203747828,0.7415540365875266
47.1015625,967.5924072265624,29.946533203125,-0.0033011295571441224,0.7468503878603734
47.1171875,967.5863037109376,29.969635009765625,-0.009220960705761172,0.7639369429814593
47.1328125,967.58203125,29.97223663330078,-0.01322987825187738,0.7605499839657028
47.1484375,967.596435546875,29.974105834960938,0.0011514807594039667,0.7564627857381581
47.1640625,967.5966186523438,29.97299194335937,0.0013085200909017658,0.7494477309011494
47.1796875,967.596435546875,29.980438232421875,0.001103433867797321,0.750980785432688
47.1953125,967.5942993164062,29.990875244140625,-0.0010126247923381015,0.755469220611193
47.2109375,967.5838012695312,29.992355346679688,-0.011285853861295436,0.7510356565631433
47.2265625,967.5651245117188,30.002418518066406,-0.02937740441450387,0.7551527433565042
47.2421875,967.566162109375,29.99347686767578,-0.027786294907514275,0.7403813188020827
47.2578125,967.587158203125,29.99161529541016,-0.006657580041178335,0.7327500610166453
47.2734375,967.5942993164062,29.999435424804688,0.0004740892314885059,0.7347844857985848
47.2890625,967.5877685546876,30.015464782714844,-0.005938378102655406,0.7449481105547662
47.3046875,967.5997924804688,30.00688934326172,0.0059666893254188835,0.7306197596086612
47.3203125,967.5922241210938,30.00316619873047,-0.0015703874314567656,0.7212177352721199
47.3359375,967.5875854492188,30.001296997070312,-0.006087788616923717,0.7137286231931199
47.3515625,967.5958862304688,30.00987243652344,0.002169770120758585,0.7166610621568239
47.3671875,967.5840454101562,30.002418518066406,-0.00948216249264533,0.7036664628896361
47.3828125,967.57958984375,30.00390625,-0.013665507631344553,0.6996451776761745
47.3984375,967.6035766601562,29.987518310546875,0.010119720712850722,0.6779192910494309
47.4140625,967.5816040039062,29.977462768554688,-0.011621432889910466,0.6626460635177338
47.4296875,967.567626953125,29.983795166015625,-0.025098513286934576,0.6637520667522772
47.4453125,967.5910034179688,29.97187042236328,-0.0016884146845086434,0.646734922138215
47.4609375,967.5896606445312,29.966651916503903,-0.002971985229009988,0.6365045692766564
47.4765625,967.5897216796876,29.934616088867188,-0.0028540955790958833,0.5997463295958809
47.4921875,967.5679321289062,29.927902221679688,-0.024162325142469854,0.5883993962958165
47.5078125,967.5720825195312,29.92343139648437,-0.019621076421458383,0.5793666291387787
47.5234375,967.5587158203124,29.912261962890625,-0.032343483147315055,0.5637581549548365
47.5390625,967.5795288085938,29.902572631835938,-0.011305289888127845,0.5497401612134283
47.5546875,967.593017578125,29.88804626464844,0.002140833556381949,0.5310324362601051
47.5703125,967.5872192382812,29.875,-0.0035860706176435997,0.5139394046459493
47.5859375,967.585205078125,29.85749053955078,-0.005490851266586105,0.4925515852576936
47.6015625,967.5796508789062,29.844451904296875,-0.010829326843008857,0.4757667550818816
47.6171875,967.5910034179688,29.82098388671875,0.0005129932308136631,0.448765153617007
47.6328125,967.576904296875,29.804962158203125,-0.013320773803116026,0.429362617092778
47.6484375,967.5678100585938,29.79192352294922,-0.02197721887955595,0.41307145073075446
47.6640625,967.579345703125,29.7822265625,-0.010237637349291617,0.40022312707620955
47.6796875,967.5885620117188,29.76993560791016,-0.0010013809283009323,0.3849014523888208
47.6953125,967.5762329101562,29.74869537353516,-0.01307012150459741,0.36082011474808695
47.7109375,967.5861206054688,29.74237060546875,-0.0031202694304965917,0.35172585178572646
47.7265625,967.5872192382812,29.736778259277344,-0.0019821515278408697,0.34342933758186334
47.7421875,967.5726928710938,29.71442413330078,-0.016186086709126357,0.3185668115146356
47.7578125,967.5732421875,29.70548248291016,-0.015331364632857003,0.3072062145527319
47.7734375,967.5753173828124,29.69281005859375,-0.012997259763437796,0.2922327450000992
47.7890625,967.5739135742188,29.677536010742188,-0.014119797490707242,0.2747949573270638
47.8046875,967.572265625,29.648101806640625,-0.015459782906532382,0.2434438723409258
47.8203125,967.5745849609376,29.64959716796875,-0.012883797614108516,0.2430256459060125
47.8359375,967.5894165039062,29.629852294921875,0.0019097034530659585,0.22153639182117502
47.8515625,967.5731811523438,29.61680603027344,-0.014045850294792217,0.2068612980542035
47.8671875,967.5907592773438,29.608619689941406,0.0034632849648232877,0.19712280961496376
47.8828125,967.5849609375,29.591102600097656,-0.002289448338274269,0.17820255008550134
47.8984375,967.5689697265624,29.591102600097656,-0.01792361514935692,0.17681034266295725
47.9140625,967.5861206054688,29.58179473876953,-0.0007576437382112999,0.16619386819940374
47.9296875,967.5680541992188,29.56055450439453,-0.01845639276189104,0.14382118356014928
47.9453125,967.5858154296876,29.56055450439453,-0.000681584904441479,0.14269758056358484
47.9609375,967.5633544921876,29.544906616210938,-0.02269052001372529,0.12605711665827357
47.9765625,967.5822143554688,29.529998779296875,-0.0037558392182290845,0.11028092599621075
47.9921875,967.5855102539062,29.5244140625,-0.0004509575624069839,0.10387827006496764
48.0078125,967.591064453125,29.52105712890625,0.005003568967708816,0.09973601353003758
48.0234375,967.58154296875,29.498329162597656,-0.004429674871971656,0.07640642185252489
48.0390625,967.587646484375,29.494613647460938,0.0016411485507887846,0.07212300900708968
48.0546875,967.5786743164062,29.489761352539062,-0.007187835444938173,0.06674516163142385
48.0703125,967.5726318359376,29.480445861816406,-0.012971911305839967,0.056981001604793136
48.0859375,967.5770874023438,29.46703338623047,-0.008350010038384426,0.043228146909331855
48.1015625,967.5786743164062,29.45623779296875,-0.006631004257656059,0.032179174322241266
48.1171875,967.5774536132812,29.43573760986328,-0.007698353722844331,0.01158774909789173
48.1328125,967.5753173828124,29.45101928710937,-0.009642502469205283,0.02665950895066871
48.1484375,967.576904296875,29.44393920898437,-0.00789825269555422,0.01942646652234359
48.1640625,967.5994262695312,29.411529541015625,0.014338100430222767,-0.012881770185103392
48.1796875,967.5860595703124,29.41338348388672,0.000952428531491023,-0.010941672413117942
48.1953125,967.5795288085938,29.407432556152344,-0.005469381367106507,-0.01676062670884093
48.2109375,967.58203125,29.389549255371094,-0.0029089919147509136,-0.0343732718065759
48.2265625,967.586669921875,29.38507843017578,0.0016958971485792063,-0.0385406274940614
48.2421875,967.593017578125,29.38208770751953,0.00788645274622013,-0.04120688647726212
48.2578125,967.5816040039062,29.383209228515625,-0.00345823238126286,-0.03977219856334813
48.2734375,967.5841674804688,29.368309020996094,-0.0008772801191980761,-0.054245277910357714
48.2890625,967.590576171875,29.36532592773437,0.005423375910368122,-0.05678127452229731
48.3046875,967.59326171875,29.361968994140625,0.007950545387188868,-0.05966837836513861
48.3203125,967.583740234375,29.347076416015625,-0.0015402565857129957,-0.07397844901755946
48.3359375,967.5790405273438,29.34520721435547,-0.006118089327515008,-0.07525509090679705
48.3515625,967.5923461914062,29.342605590820312,0.007047192415939207,-0.07724845886037457
48.3671875,967.5883178710938,29.314659118652344,0.002959909757692003,-0.10437309562968267
48.3828125,967.5743408203124,29.3243408203125,-0.010801962488017125,-0.09395161745413816
48.3984375,967.5930786132812,29.31018829345703,0.007780833791798614,-0.10725958068218944
48.4140625,967.5737915039062,29.29975891113281,-0.011281543638233416,-0.11676951798292379
48.4296875,967.583740234375,29.28336334228516,-0.0013067816622651662,-0.1321247345897092
48.4453125,967.58740234375,29.281494140625,0.0023093252183343793,-0.13294710862291836
48.4609375,967.5817260742188,29.277023315429688,-0.003301183681855946,-0.13634435621027663
48.4765625,967.5965576171876,29.272186279296875,0.011305156957178042,-0.14007841271540755
48.4921875,967.5862426757812,29.26063537597656,0.0009708754033681544,-0.15044471200419451
48.5078125,967.5867919921876,29.25019836425781,0.001490500563477326,-0.15962483525635918
48.5234375,967.58203125,29.251693725585938,-0.003206369717418056,-0.15689408741316768
48.5390625,967.5845947265624,29.2528076171875,-0.0006303366481006378,-0.1545631630318276
48.5546875,967.5786743164062,29.243125915527344,-0.00642280253066474,-0.16296170168657653
48.5703125,967.6043701171876,29.22225952148437,0.018896572503649622,-0.18239193873166215
48.5859375,967.5844116210938,29.22039794921875,-0.0010411828950509516,-0.1828140304426178
48.6015625,967.5872192382812,29.21965789794922,0.0017319336226364612,-0.18212006544877113
48.6171875,967.5859375,29.212570190429688,0.00044140246359347657,-0.1877295872419893
48.6328125,967.592529296875,29.207725524902344,0.006895832163991145,-0.19106976641957374
48.6484375,967.57373046875,29.201400756835938,-0.011670515571154283,-0.1958523896853066
48.6640625,967.583984375,29.20101928710937,-0.0013889411703758014,-0.19470078238521893
48.6796875,967.5942993164062,29.19766998291016,0.008751664293754402,-0.1965028202829906
48.6953125,967.584716796875,29.176803588867188,-0.000814627596128048,-0.21567101733904082
48.7109375,967.5916137695312,29.18202209472656,0.005963549258126477,-0.20880835123373487
48.7265625,967.5836791992188,29.171958923339844,-0.001932524549374648,-0.21716158884997938
48.7421875,967.575927734375,29.16488647460937,-0.009494848975236891,-0.22248220916185346
48.7578125,967.586669921875,29.16488647460937,0.0012229764441826774,-0.22074406690277826
48.7734375,967.5763549804688,29.16265106201172,-0.008914387521372191,-0.221237452316835
48.7890625,967.592529296875,29.144020080566406,0.007118133398876125,-0.23799446162338
48.8046875,967.5863037109376,29.150360107421875,0.0008751148939154518,-0.22984463449628834
48.8203125,967.5809326171876,29.138427734375,-0.004408166769053423,-0.23988812467173304
48.8359375,967.5807495117188,29.138427734375,-0.004501598952060704,-0.23801399869773476
48.8515625,967.5740356445312,29.138427734375,-0.010996414066539728,-0.23615451433290957
48.8671875,967.5892944335938,29.147003173828125,0.004179125484370161,-0.22580111335728503
48.8828125,967.5774536132812,29.132843017578125,-0.0075120523509895065,-0.23808657218847884
48.8984375,967.5978393554688,29.128746032714844,0.012622250581898697,-0.24029149801229366
48.9140625,967.5767211914062,29.114959716796875,-0.00832997767042798,-0.25209283100893387
48.9296875,967.5855102539062,29.1309814453125,0.0004501183290130939,-0.23422679700507842
48.9453125,967.596435546875,29.12353515625,0.01115323529586476,-0.23978501508267414
48.9609375,967.5901489257812,29.111984252929688,0.004771563143435742,-0.2493723565404622
48.9765625,967.592529296875,29.10489654541016,0.007012248021624146,-0.2544564698095222
48.9921875,967.58203125,29.111984252929688,-0.003417716844523966,-0.24543619383460324
49.0078125,967.585205078125,29.088882446289062,-0.00023912526796721068,-0.26644004734651716
49.0234375,967.5851440429688,29.092979431152344,-0.00029429791595703136,-0.26029350730758694
49.0390625,967.5795288085938,29.09632873535156,-0.005794111738396168,-0.2549368265215861
49.0546875,967.5841064453124,29.08142852783203,-0.0011927157420359435,-0.26772893221266614
49.0703125,967.5825805664062,29.068016052246094,-0.002665497096472791,-0.2789449905501762
49.0859375,967.5719604492188,29.07695770263672,-0.013026129630020478,-0.26789393906455317
49.1015625,967.5771484375,29.069129943847656,-0.007685052650572288,-0.27356762208913565
49.1171875,967.5836791992188,29.06354522705078,-0.0011317461870703482,-0.27697146123846395
49.1328125,967.5963745117188,29.072486877441406,0.01133771540833095,-0.2659358279505888
49.1484375,967.5882568359376,29.049392700195312,0.0031571482281833596,-0.2867719582810828
49.1640625,967.5759887695312,29.051246643066406,-0.008932970557566478,-0.28269209341459955
49.1796875,967.5890502929688,29.049392700195312,0.004047917081493324,-0.2823230203772127
49.1953125,967.5668334960938,29.03038787841797,-0.01781401886000822,-0.2989737183877246
49.2109375,967.5726928710938,29.030014038085938,-0.011721154722067695,-0.29700890591725937
49.2265625,967.5762939453124,29.02703857421875,-0.007961485181112948,-0.29764074189550627
49.2421875,967.59130859375,29.025917053222656,0.00691540616162456,-0.2964281827127593
49.2578125,967.5813598632812,29.02070617675781,-0.002974079691739462,-0.2992825040277829
49.2734375,967.5704345703124,29.02182006835937,-0.013627900538381255,-0.2958391701416403
49.2890625,967.5772705078124,29.01324462890625,-0.006659307510290091,-0.3020363704573015
49.3046875,967.5830078125,29.00170135498047,-0.0009039949550242454,-0.31112980341134033
49.3203125,967.5750732421876,29.00170135498047,-0.008665937039495475,-0.30869910182218874
49.3359375,967.5768432617188,29.00542449951172,-0.006761231619520913,-0.3025933326246033
49.3515625,967.5840454101562,28.996856689453125,0.0004323051613255302,-0.3087301962559863
49.3671875,967.593505859375,28.993881225585938,0.00969953652111144,-0.30927045965346167
49.3828125,967.58154296875,29.00132751464844,-0.002219147969071855,-0.299466169258217
49.3984375,967.5859985351562,28.98418426513672,0.002192738389567239,-0.3141359076857988
49.4140625,967.5768432617188,28.982330322265625,-0.006826548035292035,-0.31352117984941685
49.4296875,967.5863647460938,28.98158264160156,0.0026423008642950663,-0.31181363504072124
49.4453125,967.5844116210938,28.98158264160156,0.0006757153981880037,-0.3093775910169647
49.4609375,967.5789794921876,28.976364135742188,-0.004663514806566127,-0.3121383148694896
49.4765625,967.5857543945312,28.975242614746094,0.0020701494992181324,-0.31081249339788286
49.4921875,967.5826416015624,28.97376251220703,-0.001022279339395027,-0.30985281003118814
49.5078125,967.5806274414062,28.95587921142578,-0.0029771340366551158,-0.32517567244671497
49.5234375,967.5707397460938,28.96332550048828,-0.012613563150921436,-0.3152471225765261
49.5390625,967.5721435546876,28.954010009765625,-0.010990814038336794,-0.3220269678827812
49.5546875,967.587646484375,28.957359313964844,0.004423988390271916,-0.31618799443603507
49.5703125,967.5903930664062,28.94917297363281,0.0070305202179952175,-0.321840160277695
49.5859375,967.585205078125,28.9447021484375,0.0018065449849018478,-0.32376168089899693
49.6015625,967.5755004882812,28.946563720703125,-0.007743786170181011,-0.31938526403467193
49.6171875,967.5825805664062,28.9376220703125,-0.0006507449974151314,-0.3257618604063488
49.6328125,967.583984375,28.936500549316406,0.0007383553229374229,-0.32432960498523755
49.6484375,967.5814819335938,28.929420471191406,-0.0017296312770440636,-0.32882054496093716
49.6640625,967.5757446289062,28.92755889892578,-0.007321097371459473,-0.328098663185731
49.6796875,967.5951538085938,28.92047882080078,0.011851986958276939,-0.3325601573942407
49.6953125,967.5820922851562,28.917495727539062,-0.0011859127198476926,-0.3329218190102097
49.7109375,967.5866088867188,28.908935546875,0.0032656363262049126,-0.33881417155181737
49.7265625,967.580810546875,28.910797119140625,-0.002483236651983134,-0.3343201571042691
49.7421875,967.5859375,28.89961242675781,0.0025920813856146196,-0.34280559285046763
49.7578125,967.579833984375,28.89961242675781,-0.0034428515393756243,-0.340127424156325
49.7734375,967.5785522460938,28.89961242675781,-0.004632312675653338,-0.33747017865510287
49.7890625,967.5706787109376,28.89961242675781,-0.012261592991308135,-0.3348336928843594
49.8046875,967.5804443359376,28.89923858642578,-0.0024472186164530285,-0.33258872436313425
49.8203125,967.5816040039062,28.894027709960938,-0.0012624031742234365,-0.3351605414465091
49.8359375,967.5841064453124,28.886947631835938,0.001215818735204266,-0.33956686473110764
49.8515625,967.5863647460938,28.87950134277344,0.0034062656197875185,-0.34430211352959006
49.8671875,967.5709838867188,28.87763977050781,-0.01174071497098339,-0.343459281999948
49.8828125,967.5823364257812,28.87875366210937,-0.00038059434780279844,-0.3396708170358984
49.8984375,967.5757446289062,28.871299743652344,-0.006836211706740869,-0.3444128234968886
49.9140625,967.5731201171876,28.869064331054688,-0.00927594367101392,-0.3439400467500562
49.9296875,967.56982421875,28.8660888671875,-0.012326298317475448,-0.3442052331905465
49.9453125,967.5762329101562,28.85602569580078,-0.005802028651260116,-0.35150068266650436
49.9609375,967.567138671875,28.85565185546875,-0.014605324219019167,-0.3491255032876097
49.9765625,967.5744018554688,28.84223937988281,-0.007198739441150792,-0.3597056509136003
49.9921875,967.5735473632812,28.8448486328125,-0.007895941948390828,-0.3543065823746616
50.0078125,967.5737915039062,28.84223937988281,-0.007502352078745389,-0.35412743034103755
50.0234375,967.5735473632812,28.836280822753903,-0.0075951940181084865,-0.3572728156928342
50.0390625,967.5778198242188,28.835533142089844,-0.0032578359500803344,-0.3552234612291052
50.0546875,967.5715942382812,28.813552856445312,-0.009298198803890045,-0.37425684260118786
50.0703125,967.5887451171876,28.818397521972656,0.007699307444227088,-0.3665261444404564
50.0859375,967.578857421875,28.82435607910156,-0.0021456459178352816,-0.35775065303568354
50.1015625,967.5881958007812,28.82025909423828,0.007052249922253395,-0.35902070322787694
50.1171875,967.5736694335938,28.814666748046875,-0.007328138412390217,-0.3617645099706941
50.1328125,967.5742797851562,28.811317443847656,-0.006586580075463644,-0.36226136249671015
50.1484375,967.587890625,28.801254272460938,0.006887067194725205,-0.3694157484624654
50.1640625,967.5703735351562,28.801254272460938,-0.010422405019198777,-0.36652968792760277
50.1796875,967.5673217773438,28.78746795654297,-0.013210995588906371,-0.37734478506552804
50.1953125,967.5927124023438,28.78746795654297,0.011941746024149325,-0.3743967789322049
50.2109375,967.577392578125,28.78746795654297,-0.0033121001048357357,-0.3714718040967959
50.2265625,967.5603637695312,28.782997131347656,-0.01994362532559535,-0.3730055775007628
50.2421875,967.5910034179688,28.78746795654297,0.010487116410445196,-0.3656555745530632
50.2578125,967.5755004882812,28.78746795654297,-0.004917848173931816,-0.36279889037686885
50.2734375,967.557861328125,28.77368927001953,-0.02211644176122718,-0.3736355645807734
50.2890625,967.5863037109376,28.774429321289062,0.0062023875152590335,-0.3699822671134996
50.3046875,967.59130859375,28.78449249267578,0.010988378329102488,-0.3571072277914169
50.3203125,967.5740356445312,28.80014038085937,-0.006161825364415563,-0.3387916885171407
50.3359375,967.5823974609376,28.80870819091797,0.002157022466917624,-0.3276440044080857
50.3515625,967.5875854492188,28.80014038085937,0.007201553506888558,-0.33358515966616054
50.3671875,967.5873413085938,28.82025909423828,0.0068215259115049776,-0.31101748967563125
50.3828125,967.585205078125,28.832550048828125,0.004593785766132896,-0.2963927340304302
50.3984375,967.5829467773438,28.83143615722656,0.002289870043796327,-0.29518235511924473
50.4140625,967.5845947265624,28.85602569580078,0.0038609087299619205,-0.2684788101657638
50.4296875,967.5690307617188,28.864227294921875,-0.011474480798938202,-0.25824379533338515
50.4453125,967.582763671875,28.87688446044922,0.00221431940894945,-0.24366798426068215
50.4609375,967.5689086914062,28.89588928222656,-0.011413304398502078,-0.22290798152643987
50.4765625,967.5726928710938,28.907814025878903,-0.007480118369016964,-0.20933493132820402
50.4921875,967.5856323242188,28.92420959472656,0.005352707124075096,-0.19143202371116885
50.5078125,967.5758666992188,28.92681884765625,-0.0043267280736927205,-0.18734759288474834
50.5234375,967.575439453125,28.957359313964844,-0.004661123109485743,-0.15558207089977927
50.5390625,967.5726928710938,28.97711181640625,-0.0072630233996733295,-0.1347683999547904
50.5546875,967.5736694335938,28.97450256347656,-0.006163678460211486,-0.13630438997132188
50.5703125,967.5806884765624,29.00206756591797,0.0008386581703234697,-0.10788986106483378
50.5859375,967.5714721679688,29.023681640625,-0.008214024438530032,-0.08560175677688164
50.6015625,967.5860595703124,29.03783416748047,0.006248897867862979,-0.07089103281265352
50.6171875,967.5924682617188,29.050880432128903,0.012410370733732634,-0.05739285591293708
50.6328125,967.5889892578124,29.071365356445312,0.008756926069054316,-0.03661958838092971
50.6484375,967.5930786132812,29.09185791015625,0.012595377601655855,-0.016001042211634342
50.6640625,967.5811767578124,29.119430541992188,0.0006799767786560551,0.01148118658036168
50.6796875,967.576904296875,29.13471221923828,-0.00352231845249662,0.026553778952809637
50.6953125,967.592529296875,29.153335571289062,0.011866301048485184,0.04482418466762539
50.7109375,967.5805053710938,29.153335571289062,-0.00015454612469056883,0.04447399572491051
50.7265625,967.5903930664062,29.153335571289062,0.009543048617729255,0.04412654263331106
50.7421875,967.5714111328124,29.187240600585938,-0.00925453175398161,0.07742195027448062
50.7578125,967.5830078125,29.2025146484375,0.002296402856813984,0.0919718106406826
50.7734375,967.5792846679688,29.233810424804688,-0.0013988756261369417,0.12230455898437143
50.7890625,967.5753173828124,29.25542449951172,-0.005261352954676113,0.1427942693656874
50.8046875,967.57763671875,29.265106201171875,-0.0028845557471868233,0.1512847525022032
50.8203125,967.5823364257812,29.2952880859375,0.001779699110556976,0.18004892916417248
50.8359375,967.5880737304688,29.31018829345703,0.007370187317633281,0.19342609655336318
50.8515625,967.5835571289062,29.335525512695312,0.0027978516583289093,0.21705422738702396
50.8671875,967.5704956054688,29.3526611328125,-0.010063209439749699,0.23236023932058458
50.8828125,967.5784301757812,29.35899353027344,-0.0020870641443480054,0.23682785055666855
50.8984375,967.5735473632812,29.38246154785156,-0.0068337462411136585,0.2582623066649852
50.9140625,967.5913696289062,29.38023376464844,0.01077389986471644,0.2540342537473208
50.9296875,967.5851440429688,29.38507843017578,0.0044594796707997375,0.25685642771782824
50.9453125,967.585693359375,29.390289306640625,0.004910968028639218,0.26001990336874314
50.9609375,967.5862426757812,29.408172607421875,0.005353638254518955,0.2757320853675722
50.9765625,967.5765380859376,29.415252685546875,-0.0042659720659230516,0.280602693465287
50.9921875,967.572998046875,29.432388305664062,-0.007653549973724694,0.2954122330076103
51.0078125,967.5870971679688,29.43499755859375,0.0063196810590397945,0.2956931930784137
51.0234375,967.5801391601562,29.444679260253903,-0.0006258594340806667,0.3029891533734208
51.0390625,967.5994873046876,29.45399475097656,0.01835661546647316,0.30986476406407704
51.0546875,967.5773315429688,29.45884704589844,-0.003724944177179168,0.31225833196263153
51.0703125,967.5667724609376,29.47225952148437,-0.014005041321411227,0.3231265043645877
51.0859375,967.5877685546876,29.47076416015625,0.0068545084358220265,0.3191183997314937
51.1015625,967.5846557617188,29.486785888671875,0.003668635086796712,0.3325218459951884
51.1171875,967.571044921875,29.48231506347656,-0.009748021070322466,0.3254881221998751
51.1328125,967.5584106445312,29.50019836425781,-0.0219451441481624,0.34068883373908676
51.1484375,967.5774536132812,29.50019836425781,-0.002845492284905049,0.33802720222550064
51.1640625,967.6018676757812,29.51397705078125,0.02114730907806006,0.3490574052430908
51.1796875,967.5612182617188,29.515846252441406,-0.01912120449651411,0.34818499278681614
51.1953125,967.5607299804688,29.52031707763672,-0.01922648797801685,0.34990069440414473
51.2109375,967.5814819335938,29.532981872558597,0.001495670905796942,0.359732946440662
51.2265625,967.5718383789062,29.54602813720703,-0.00798874542658723,0.3698668735024633
51.2421875,967.5768432617188,29.554969787597656,-0.002925584047375196,0.37584908230017433
51.2578125,967.5822143554688,29.566146850585938,0.0023977458412218766,0.3840025035283894
51.2734375,967.5894165039062,29.567626953125,0.009412396343577711,0.38247102320755033
51.2890625,967.5817260742188,29.573219299316406,0.0016883344948155354,0.38503162432552784
51.3046875,967.5719604492188,29.600791931152344,-0.007919530925050822,0.4093807854102032
51.3203125,967.5792236328124,29.58998107910156,-0.0006435280475898253,0.3954561057550485
51.3359375,967.57568359375,29.612335205078125,-0.004101856814827443,0.4145460892962127
51.3515625,967.5689086914062,29.59632110595703,-0.010664322456250375,0.3954184590018741
51.3671875,967.557373046875,29.61830139160156,-0.021766373882314838,0.41413781695385055
51.3828125,967.572021484375,29.6246337890625,-0.006978914187357077,0.41718529086467626
51.3984375,967.586669921875,29.63729858398437,0.007519727935459741,0.42649188199133903
51.4140625,967.5916748046876,29.63208770751953,0.012279989444436978,0.4179897476708234
51.4296875,967.5874633789062,29.63842010498047,0.007910974529067971,0.42100712837292065
51.4453125,967.5820922851562,29.646240234375,0.002490273732632886,0.42547704481614446
51.4609375,967.5811767578124,29.64997100830078,0.001543989623314701,0.42585463265800527
51.4765625,967.5753784179688,29.66822052001953,-0.004171257442635579,0.4406345807488101
51.4921875,967.5913696289062,29.67344665527344,0.01158909502817096,0.44237742915894884
51.5078125,967.5980834960938,29.674560546875,0.017945482484947206,0.4400265448170657
51.5234375,967.578125,29.683868408203125,-0.0019736969367158963,0.44582398109718113
51.5390625,967.5980224609376,29.701011657714844,0.017573690485278348,0.45935029911976955
51.5546875,967.5900268554688,29.695045471191406,0.009391013043455132,0.4498420492166737
51.5703125,967.5930786132812,29.7032470703125,0.012199747987665432,0.45446518233512734
51.5859375,967.6013793945312,29.71368408203125,0.02010012827599894,0.4612701456628301
51.6015625,967.6085205078124,29.715164184570312,0.02670918605792849,0.4591350118878168
51.6171875,967.5763549804688,29.719635009765625,-0.005349772119984664,0.45998391648091896
51.6328125,967.5969848632812,29.736404418945312,0.014981671030568577,0.4730286903038845
51.6484375,967.5982055664062,29.741989135742188,0.01588592153530044,0.4748742398577832
51.6640625,967.5830078125,29.7464599609375,0.0006747268550952867,0.47560018173236784
51.6796875,967.57373046875,29.7464599609375,-0.008434597033669888,0.47188455531258455
51.6953125,967.57373046875,29.755783081054688,-0.008269858810308506,0.4774482404654776
51.7109375,967.5807495117188,29.770309448242188,-0.0012263858446885934,0.4881310560306886
51.7265625,967.5762939453124,29.76397705078125,-0.005570976621129375,0.47803460654967367
51.7421875,967.5988159179688,29.771804809570312,0.01661992189394823,0.48206656560952865
51.7578125,967.5753173828124,29.784461975097656,-0.006744265347151668,0.49085870198736714
51.7734375,967.5759887695312,29.772544860839844,-0.005954267717584116,0.4751998565754185
51.7890625,967.5880737304688,29.79340362548828,0.006010953117993267,0.4921831632455458
51.8046875,967.5841674804688,29.784835815429688,0.002063595635263482,0.47983710824017933
51.8203125,967.5833129882812,29.791549682617188,0.001185488146006719,0.4827497959321505
51.8359375,967.5743408203124,29.80049133300781,-0.0076345962326058725,0.4878501068983745
51.8515625,967.573486328125,29.807937622070312,-0.008323285911842504,0.4914268928674339
51.8671875,967.5719604492188,29.80943298339844,-0.009656798317791981,0.4890712990846602
51.8828125,967.587158203125,29.819488525390625,0.005432733799580092,0.49522741263093195
51.8984375,967.5767822265624,29.80160522460937,-0.004846695052833638,0.4736148609758537
51.9140625,967.5748291015624,29.818748474121094,-0.006667011067406747,0.4869240627493916
51.9296875,967.5888671875,29.82433319091797,0.007227108564165974,0.4886610547060606
51.9453125,967.59375,29.816879272460938,0.011873399168393917,0.4774477054970845
51.9609375,967.5862426757812,29.826194763183597,0.0042808000482637,0.4829603587492777
51.9765625,967.5835571289062,29.82284545898437,0.0015640958847598085,0.4758640931863809
51.9921875,967.5826416015624,29.822097778320312,0.0006359011865697539,0.4714045655494914
52.0078125,967.5807495117188,29.820602416992188,-0.0012316537223568957,0.46623803856338597
52.0234375,967.559814453125,29.83587646484375,-0.021733768716217128,0.4777502732398311
52.0390625,967.5870971679688,29.83252716064453,0.005440568273456847,0.47069471146998154
52.0546875,967.58544921875,29.82284545898437,0.0037185444638225817,0.45741134567068187
52.0703125,967.5715942382812,29.836631774902344,-0.009938458739156886,0.4675164298574934
52.0859375,967.5902099609376,29.826194763183597,0.00850778610629277,0.453508485184539
52.1015625,967.584716796875,29.83848571777344,0.002955742706944875,0.46216038165114526
52.1171875,967.5758666992188,29.830665588378903,-0.005779230829148219,0.4507907190358509
52.1328125,967.587158203125,29.82098388671875,0.005404611493531775,0.43766285317745
52.1484375,967.5836791992188,29.820602416992188,0.0018879980641486327,0.43386512264267907
52.1640625,967.5726318359376,29.813156127929688,-0.00898047136513469,0.42308743644283453
52.1796875,967.5809936523438,29.82917022705078,-0.0006065718542913601,0.4356710548173339
52.1953125,967.5717163085938,29.836631774902344,-0.009690870377653482,0.43967062921054634
52.2109375,967.5817260742188,29.820602416992188,0.0003126668245840847,0.4203315738683564
52.2265625,967.5798950195312,29.83551025390625,-0.0014887318499177127,0.4318391028856823
52.2421875,967.5834350585938,29.836631774902344,0.0020112426185505683,0.4295781190077008
52.2578125,967.5841064453124,29.82843017578125,0.002630234232924522,0.41808451582499373
52.2734375,967.5813598632812,29.8388671875,-0.00011407538022467634,0.4251737031098095
52.2890625,967.5891723632812,29.82805633544922,0.007548064763909679,0.4111256412851283
52.3046875,967.5648803710938,29.82843017578125,-0.016416897591057023,0.4082846419170245
52.3203125,967.58203125,29.843338012695312,0.0007196457426061897,0.41988628759022006
52.3359375,967.5861206054688,29.8388671875,0.004715075406465985,0.4121700290949484
52.3515625,967.591064453125,29.84258270263672,0.00947027222161978,0.4126364384173584
52.3671875,967.5707397460938,29.84593963623047,-0.010642434129749745,0.41274342379227136
52.3828125,967.5888061523438,29.84258270263672,0.00727897266472155,0.4061881582438467
52.3984375,967.5792846679688,29.85189819335937,-0.0021987126534668278,0.4122575267089488
52.4140625,967.5711669921876,29.847808837890625,-0.010114896472941837,0.40497935740238944
52.4296875,967.5816040039062,29.85189819335937,0.0003158239322829104,0.4058728635518314
52.4453125,967.5845947265624,29.84481811523437,0.0032419656004094577,0.3956772167906841
52.4609375,967.5806884765624,29.86122131347656,-0.0006513100948950523,0.4088610367904266
52.4765625,967.564208984375,29.865692138671875,-0.016796216300235756,0.41010270681398
52.4921875,967.584716796875,29.8675537109375,0.0036391040864600654,0.40874580814929473
52.5078125,967.5875854492188,29.86382293701172,0.006380651812378346,0.4018508542686412
52.5234375,967.5901489257812,29.8746337890625,0.008769438367608018,0.4094377867388026
52.5390625,967.59130859375,29.895118713378903,0.009735178478194939,0.4265639398750878
52.5546875,967.5460205078124,29.891395568847656,-0.034858514735560675,0.4195373516302183
52.5703125,967.5790405273438,29.879844665527344,-0.0018025870947440126,0.4047990541824831
52.5859375,967.5850830078124,29.891021728515625,0.004157082956453451,0.4127263037553668
52.6015625,967.5809326171876,29.91411590576172,6.561622058143257e-06,0.4324156334936369
52.6171875,967.5863647460938,29.913375854492188,0.005332466103823208,0.42830311673797894
52.6328125,967.5899658203124,29.913375854492188,0.008759057113024937,0.42495699863846426
52.6484375,967.58935546875,29.91523742675781,0.007989551145328733,0.42348405081889595
52.6640625,967.557861328125,29.92343139648437,-0.023045515466378674,0.4283055360099475
52.6796875,967.5923461914062,29.933494567871094,0.011215923052873222,0.4349439518701317
52.6953125,967.5855102539062,29.932373046875,0.004294438960073421,0.4304331931328349
52.7109375,967.5933227539062,29.92343139648437,0.011870475308455752,0.41819864006453145
52.7265625,967.5709838867188,29.945785522460938,-0.010263931100212176,0.4371109475564019
52.7421875,967.5868530273438,29.94988250732422,0.0054957327762394925,0.437760995447654
52.7578125,967.58544921875,29.94988250732422,0.004012003788261609,0.43434098767071916
52.7734375,967.5805053710938,29.956588745117188,-0.0009136437923871199,0.43760154401475404
52.7890625,967.5880126953124,29.95472717285156,0.0064648976053831575,0.4323357532198351
52.8046875,967.565185546875,29.98155212402344,-0.016042675620496993,0.455573511388657
52.8203125,967.5888671875,29.983795166015625,0.007489766469234382,0.4542398615575536
52.8359375,967.5744018554688,29.99720764160156,-0.006839324047177797,0.4639988032595532
52.8515625,967.5948486328124,29.995346069335938,0.013341682724217208,0.4585267838767919
52.8671875,967.5946655273438,30.001296997070312,0.012901573793556054,0.460848979489203
52.8828125,967.5763549804688,30.00055694580078,-0.005303329075900365,0.45651432721795615
52.8984375,967.5732421875,30.00316619873047,-0.008251744660924487,0.45553667717774005
52.9140625,967.573486328125,30.020301818847656,-0.007851205519614268,0.46897954497231
52.9296875,967.5692749023438,30.008758544921875,-0.011827033033227963,0.4538625501789788
52.9453125,967.5881958007812,30.01844024658203,0.006955313345542891,0.4599228123716408
52.9609375,967.5923461914062,30.031478881835938,0.010888795689879771,0.46926643631597287
52.9765625,967.5790405273438,30.027755737304688,-0.0023696639121908447,0.46190623481765414
52.9921875,967.5689697265624,30.04228973388672,-0.01219748686753519,0.47271804209187707
53.0078125,967.590576171875,30.02588653564453,0.00922518972549824,0.45274988413211403
53.0234375,967.602783203125,30.029991149902344,0.021013622909549667,0.4532853226212552
53.0390625,967.5703125,30.032974243164062,-0.011233309117528734,0.45270381888388656
53.0546875,967.577392578125,30.027008056640625,-0.0040721131997543125,0.4432474946076326
53.0703125,967.582763671875,30.034461975097656,0.0012736098364030113,0.44718030827509736
53.0859375,967.579345703125,30.02850341796875,-0.002102476903587558,0.43777470621536096
53.1015625,967.5701904296876,30.02924346923828,-0.011037872404585869,0.4350888609420416
53.1171875,967.5701904296876,30.03744506835937,-0.010822288959161597,0.43982725334388917
53.1328125,967.5784912109376,30.025146484375,-0.002472259511705488,0.4241886016301457
53.1484375,967.5772705078124,30.02403259277344,-0.0036208344604347076,0.41976943885648765
53.1640625,967.5971069335938,30.01620483398437,0.01589888055298161,0.4087233856918928
53.1796875,967.5896606445312,30.020301818847656,0.00828750181290161,0.4095952114102168
53.1953125,967.57421875,30.002418518066406,-0.007014658485559266,0.3886516613271773
53.2109375,967.57958984375,29.999061584472656,-0.0016114638617636956,0.3822846126730113
53.2265625,967.5902099609376,30.00316619873047,0.008832703065536407,0.38337056109542544
53.2421875,967.5881958007812,30.001296997070312,0.006685368242983714,0.37852088006468065
53.2578125,967.5745849609376,29.99273681640625,-0.006790208483494098,0.3670703814365517
53.2734375,967.5662841796876,29.98155212402344,-0.014796243840237366,0.35310533210801154
53.2890625,967.5938110351562,29.97596740722656,0.012481966870041106,0.34480561050401093
53.3046875,967.5706176757812,29.969635009765625,-0.010502185620111959,0.3358288910661784
53.3203125,967.5948486328124,29.962928771972656,0.013460631344401008,0.3265513825445119
53.3359375,967.5862426757812,29.948028564453125,0.004759856455621048,0.3092164002200981
53.3515625,967.5901489257812,29.945045471191406,0.00849684656395766,0.30384085924776727
53.3671875,967.5701904296876,29.93163299560547,-0.011237789187248381,0.2881594119144708
53.3828125,967.5748901367188,29.919708251953125,-0.0064103852389507665,0.2740765849163296
53.3984375,967.5834350585938,29.91300201416016,0.0020928464673488634,0.2652815162864641
53.4140625,967.5972290039062,29.90406036376953,0.015576502877934217,0.25433721069352444
53.4296875,967.5725708007812,29.89251708984375,-0.008904323289129934,0.24089710913674622
53.4453125,967.5840454101562,29.894752502441406,0.002520085185778953,0.2412330489083523
53.4609375,967.56787109375,29.876495361328125,-0.013387547016918688,0.22123390851542268
53.4765625,967.5786743164062,29.889907836914062,-0.0025338492755508923,0.23281320922556858
53.4921875,967.5715942382812,29.85264587402344,-0.009426155380992896,0.1940235022229544
53.5078125,967.587646484375,29.84258270263672,0.006496674878576414,0.18252314075157372
53.5234375,967.5780029296876,29.834396362304688,-0.00308541731249079,0.17297479416626516
53.5390625,967.5783081054688,29.82769012451172,-0.00272593993895498,0.1649695832766298
53.5546875,967.581298828125,29.816879272460938,0.0002596111798993661,0.15295436613814672
53.5703125,967.578857421875,29.80049133300781,-0.0021391818851270727,0.13549950147654144
53.5859375,967.573486328125,29.791168212890625,-0.007363590564182232,0.12519062837998618
53.6015625,967.5895385742188,29.791168212890625,0.008518955226236358,0.12421257659576668
53.6171875,967.577392578125,29.77925109863281,-0.003556200225602879,0.1114181540384358
53.6328125,967.583251953125,29.78111267089844,0.0022581908921210925,0.11239472844231813
53.6484375,967.5762939453124,29.77068328857422,-0.0046080236212446835,0.10116874185154856
53.6640625,967.5921630859376,29.77552032470703,0.011041173312491992,0.10517760784385999
53.6796875,967.5896606445312,29.76807403564453,0.008371959798637363,0.09696779285338053
53.6953125,967.587646484375,29.752052307128903,0.006233623868070026,0.08031367321011373
53.7109375,967.5841064453124,29.73715209960937,0.002640975727217665,0.06490242298987425
53.7265625,967.5885009765624,29.72783660888672,0.006898094731582205,0.05515265935888536
53.7421875,967.5746459960938,29.729331970214844,-0.006821009062491612,0.05620545802539212
53.7578125,967.5834350585938,29.71368408203125,0.0019296148938110491,0.04024071382740857
53.7734375,967.5823364257812,29.68536376953125,0.0008147519624799315,0.011827273192039911
53.7890625,967.5737915039062,29.69840240478516,-0.007579190031378857,0.02467164353621598
53.8046875,967.5739135742188,29.691696166992188,-0.0073114728493237635,0.01782505101087395
53.8203125,967.5731811523438,29.697662353515625,-0.00788678740548221,0.02360536849107575
53.8359375,967.5737915039062,29.66785430908203,-0.007134317955433289,-0.006154217536717965
53.8515625,967.565185546875,29.66450500488281,-0.015432847740839861,-0.009429275472378151
53.8671875,967.5819091796876,29.651092529296875,0.00126557442581543,-0.022663299878168175
53.8828125,967.5694580078124,29.6529541015625,-0.010967128749257427,-0.020639214115568905
53.8984375,967.5989379882812,29.63842010498047,0.01815127258441862,-0.03489841998902676
53.9140625,967.5790405273438,29.63507080078125,-0.0017120831117836133,-0.03794891384302446
53.9296875,967.5799560546876,29.629852294921875,-0.0007809980380670822,-0.04283017423597357
53.9453125,967.5731811523438,29.61532592773437,-0.007408324202629046,-0.056908443443607126
53.9609375,967.5655517578124,29.60675048828125,-0.014744013289941904,-0.064972290061597
53.9765625,967.578125,29.606002807617188,-0.0021283732291976776,-0.065206533454365
53.9921875,967.5584106445312,29.5888671875,-0.021416112903011708,-0.08169885549677502
54.0078125,967.568115234375,29.588119506835938,-0.0114827823745145,-0.08180242259708237
54.0234375,967.5631713867188,29.58179473876953,-0.016105797412933498,-0.08743869698643181
54.0390625,967.5685424804688,29.55757141113281,-0.01052504148196931,-0.11078966505578691
54.0546875,967.5855102539062,29.56092071533203,0.006316897347005579,-0.10660098303737442
54.0703125,967.5669555664062,29.54602813720703,-0.0119987708141025,-0.12054439271579298
54.0859375,967.5701904296876,29.537826538085938,-0.008592737463686717,-0.12774016377566255
54.1015625,967.5693359375,29.528884887695312,-0.00926271344712859,-0.13561398749311238
54.1171875,967.5689697265624,29.539321899414062,-0.00944085945536699,-0.12419903065112692
54.1328125,967.5706787109376,29.533729553222656,-0.007580861895007729,-0.12877738171095032
54.1484375,967.5628051757812,29.52255249023437,-0.01515255335891652,-0.13886105060002407
54.1640625,967.5786743164062,29.50727081298828,0.0007025914210316841,-0.1529384877848159
54.1796875,967.5690307617188,29.52031707763672,-0.008766335077666554,-0.1387993151431246
54.1953125,967.5675048828124,29.49274444580078,-0.010091194179608465,-0.16507216614328968
54.2109375,967.5857543945312,29.49088287353516,0.007998975399800656,-0.16562956857759303
54.2265625,967.5587158203124,29.49982452392578,-0.018667731654659292,-0.1554637938261365
54.2421875,967.5681762695312,29.486785888671875,-0.009027452700706817,-0.16718600385285498
54.2578125,967.5577392578124,29.475975036621094,-0.0190842990988358,-0.1766062554668899
54.2734375,967.5767211914062,29.473373413085938,-0.00010036617868536268,-0.17780781744734142
54.2890625,967.5733642578124,29.47523498535156,-0.003389774386391764,-0.17457166514123656
54.3046875,967.5735473632812,29.47373962402344,-0.0031440386652548113,-0.17469150282506263
54.3203125,967.571533203125,29.47039031982422,-0.005057452750747871,-0.17664986321940646
54.3359375,967.5790405273438,29.44915008544922,0.0024020224159357895,-0.19634408120694857
54.3515625,967.5657348632812,29.43872833251953,-0.010690679895674293,-0.20515047605744385
54.3671875,967.5670776367188,29.425315856933597,-0.009165330160158192,-0.21685542858366347
54.3828125,967.5740966796876,29.43425750732422,-0.002104367519564221,-0.20628945180090952
54.3984375,967.5751342773438,29.433883666992188,-0.001045934514536384,-0.20504873516315314
54.4140625,967.5701904296876,29.39662170410156,-0.00587279423768905,-0.2404176457252376
54.4296875,967.5765380859376,29.411148071289062,0.00046558736357837915,-0.22412650292415748
54.4453125,967.5726318359376,29.387680053710938,-0.003373462194304011,-0.24566018831085756
54.4609375,967.5701293945312,29.38507843017578,-0.005761139858464048,-0.24632226644096633
54.4765625,967.5845336914062,29.394760131835938,0.008474345356034974,-0.23479181036845986
54.4921875,967.576904296875,29.38023376464844,0.0008284478790301364,-0.2473703792938018
54.5078125,967.5692749023438,29.374267578125,-0.006668115662932905,-0.2513573738967949
54.5234375,967.5918579101562,29.37054443359375,0.015604054412278856,-0.25308770187782414
54.5390625,967.5748901367188,29.360855102539062,-0.0013370838879609437,-0.2607240873627248
54.5546875,967.5903930664062,29.360855102539062,0.013889169123785905,-0.2586871804302042
54.5703125,967.567138671875,29.368675231933597,-0.009182310848700581,-0.24890715219945392
54.5859375,967.5814819335938,29.361602783203125,0.005060151048382977,-0.25397976029766056
54.6015625,967.571533203125,29.35601806640625,-0.004793099353605612,-0.2575366296172348
54.6171875,967.55810546875,29.35191345214844,-0.017864958069822023,-0.25959717165726914
54.6328125,967.5887451171876,29.34893798828125,0.012525184696528413,-0.2605212868094249
54.6484375,967.5951538085938,29.35638427734375,0.01856407383502301,-0.25109784932702794
54.6640625,967.5891723632812,29.339614868164062,0.012336874059201364,-0.26577454554963253
54.6796875,967.58740234375,29.32732391357422,0.010360470650425668,-0.27589311341963807
54.6953125,967.5928955078124,29.329933166503903,0.015543993409778523,-0.2711488303298779
54.7109375,967.5863647460938,29.32843780517578,0.008837192009650607,-0.27051415891067165
54.7265625,967.5794067382812,29.315399169921875,0.001842481380776917,-0.2813375379601659
54.7421875,967.5786743164062,29.30460357666016,0.0010883786560498265,-0.28985084113421067
54.7578125,967.5665893554688,29.30460357666016,-0.010781805283727408,-0.2875863814378512
54.7734375,967.567138671875,29.31055450439453,-0.010032635579136695,-0.27943517672142093
54.7890625,967.56787109375,29.29267120361328,-0.009118568905250868,-0.2949956768971802
54.8046875,967.576171875,29.281494140625,-0.0008018152401518819,-0.303780765355107
54.8203125,967.5634155273438,29.290817260742188,-0.013293355027371945,-0.2921571948844992
54.8359375,967.5759887695312,29.28336334228516,-0.0007060481359530968,-0.29727040151854567
54.8515625,967.5751342773438,29.265846252441406,-0.0015300610202757525,-0.31232821408602973
54.8671875,967.5665283203124,29.262130737304688,-0.009938048949038603,-0.3135746375881965
54.8828125,967.5783081054688,29.25914001464844,0.0018057647970408652,-0.31409219336753225
54.8984375,967.5658569335938,29.268081665039062,-0.010437488970978848,-0.3027665543599021
54.9140625,967.5790405273438,29.25579071044922,0.0026924699200208124,-0.31259612216107513
54.9296875,967.56787109375,29.23828125,-0.008311397976967783,-0.32752663274614946
54.9453125,967.583740234375,29.243865966796875,0.007410130486960043,-0.31942674473092225
54.9609375,967.5855102539062,29.23865509033203,0.009000850213169542,-0.32210138978017255
54.9765625,967.5844116210938,29.225982666015625,0.007747877217070709,-0.33215839367395006
54.9921875,967.5818481445312,29.230453491210938,0.0050831428293349745,-0.32512750934989754
55.0078125,967.5748901367188,29.20698547363281,-0.0018382465265176506,-0.34587212437390136
55.0234375,967.5729370117188,29.204376220703125,-0.003717321301337506,-0.3457588665434024
55.0390625,967.5885620117188,29.20884704589844,0.011675106849111216,-0.33862172852505523
55.0546875,967.5634155273438,29.20177459716797,-0.01320826468361247,-0.3429934414957181
55.0703125,967.572998046875,29.187240600585938,-0.003554929817369157,-0.35473425496776656
55.0859375,967.5842895507812,29.181655883789062,0.0075854691261838525,-0.3575039797977304
55.1015625,967.5946655273438,29.17792510986328,0.01761063620256209,-0.3584126072100453
55.1171875,967.590576171875,29.1741943359375,0.013257193219487817,-0.3593141359707026
55.1328125,967.5755004882812,29.171592712402344,-0.0017829729841878361,-0.35908829263471986
55.1484375,967.5825805664062,29.15631103515625,0.005193646056000034,-0.3714452044911205
55.1640625,967.5607299804688,29.17047882080078,-0.016331609024405225,-0.35448618901185114
55.1796875,967.5971069335938,29.14029693603516,0.019653833473626037,-0.3816628544510863
55.1953125,967.5719604492188,29.15631103515625,-0.005385372563409874,-0.36279212442898157
55.2109375,967.5675048828124,29.143280029296875,-0.009648733130575238,-0.37288701208298036
55.2265625,967.5831298828124,29.154449462890625,0.005859542907160176,-0.35889165990728245
55.2421875,967.5776977539062,29.115333557128903,0.0004190660713447869,-0.39489813156221487
55.2578125,967.5806884765624,29.122039794921875,0.003343191291378389,-0.38515914459917155
55.2734375,967.5820922851562,29.10713195800781,0.004654285043784512,-0.3969414582201658
55.2890625,967.5804443359376,29.111984252929688,0.0029476183285623847,-0.3890259667100189
55.3046875,967.5748291015624,29.111984252929688,-0.002615514170770439,-0.3859867013450966
55.3203125,967.6005249023438,29.09931182861328,0.02262949976272921,-0.3955446012422712
55.3359375,967.57958984375,29.08850860595703,0.0016613466149237865,-0.4031732315243133
55.3515625,967.5753784179688,29.086647033691406,-0.0025002729325933615,-0.40187046938532944
55.3671875,967.5824584960938,29.078826904296875,0.004490355872235341,-0.4064898909768928
55.3828125,967.5803833007812,29.07062530517578,0.0023679894550241443,-0.411451712831596
55.3984375,967.5863037109376,29.075836181640625,0.008126516806441941,-0.40306707983263834
55.4140625,967.5844116210938,29.06317901611328,0.0061126608109134395,-0.4124763996931087
55.4296875,967.5903930664062,29.043800354003903,0.011857893113187856,-0.4284811941321536
55.4453125,967.5729370117188,29.03485870361328,-0.005488822481083844,-0.43400547854994187
55.4609375,967.5712890625,29.036720275878903,-0.006997381627570576,-0.42876778201647525
55.4765625,967.5861206054688,29.03746795654297,0.007681150377493395,-0.42467619431059234
55.4921875,967.5667114257812,29.033737182617188,-0.011498966237581953,-0.42506003879702803
55.5078125,967.577392578125,29.033737182617188,-0.0008018409662327031,-0.421739257243928
55.5234375,967.5901489257812,29.01473999023437,0.011721020231220791,-0.43729319611403383
55.5390625,967.5740356445312,29.019210815429688,-0.004306474670784155,-0.42944094614591677
55.5546875,967.5647583007812,29.00542449951172,-0.013318509467239892,-0.43976454907901186
55.5703125,967.57177734375,29.0091552734375,-0.006176430043410619,-0.4326272612848463
55.5859375,967.5771484375,28.98754119873047,-0.0007896070688957479,-0.45069257555444153
55.6015625,967.5662231445312,28.976364135742188,-0.01148609339622908,-0.4582612819916072
55.6171875,967.580810546875,28.976364135742188,0.003040736507159636,-0.4546811157260464
55.6328125,967.5789794921876,28.971893310546875,0.0011860552217513032,-0.45556481638291046
55.6484375,967.5657348632812,28.959976196289062,-0.011823054667388533,-0.46382972805759337
55.6640625,967.5840454101562,28.9521484375,0.006360783375384926,-0.4679726627306664
55.6796875,967.5770263671876,28.9521484375,-0.000645402960572028,-0.46431662630308423
55.6953125,967.5855102539062,28.94097137451172,0.00768538837212418,-0.47177889484377644
55.7109375,967.5831298828124,28.932029724121094,0.005201403659498283,-0.476964915974758
55.7265625,967.5735473632812,28.932029724121094,-0.004295547202218586,-0.47323862756870483
55.7421875,967.5735473632812,28.926437377929688,-0.004211649795934136,-0.47509010677761054
55.7578125,967.57421875,28.91861724853516,-0.003471117314006733,-0.47913749995204213
55.7734375,967.5720825195312,28.9234619140625,-0.005497829271348564,-0.4705874216557575
55.7890625,967.5726318359376,28.911170959472656,-0.004851862223063108,-0.47910588893118344
55.8046875,967.5848388671876,28.908935546875,0.007211513381889745,-0.47758082261064416
55.8203125,967.5735473632812,28.89253234863281,-0.004000303209522826,-0.4901247706899241
55.8359375,967.5692749023438,28.90594482421875,-0.008111186722317143,-0.472987980298484
55.8515625,967.5805053710938,28.87987518310547,0.0030583585505610245,-0.4951587337444856
55.8671875,967.5654296875,28.900733947753903,-0.011782611663420539,-0.4705945005874881
55.8828125,967.5726318359376,28.87763977050781,-0.004491001053452237,-0.48983173503800614
55.8984375,967.5823364257812,28.871299743652344,0.005111760884119576,-0.49229542000367843
55.9140625,967.5694580078124,28.869064331054688,-0.007614964563572357,-0.49066731047163614
55.9296875,967.57958984375,28.8660888671875,0.0024677137299704555,-0.4897861901643026
55.9453125,967.5695190429688,28.8660888671875,-0.007454589257349653,-0.48595973555364225
55.9609375,967.5695190429688,28.8448486328125,-0.007308991810873522,-0.503237470163576
55.9765625,967.5737915039062,28.85416412353516,-0.002977223629727632,-0.4900632139765335
55.9921875,967.570068359375,28.842987060546875,-0.006569501595322436,-0.49732433730103054
56.0078125,967.5712280273438,28.84335327148437,-0.005304172813566765,-0.49307564100131884
56.0234375,967.5676879882812,28.84447479248047,-0.008671473362824145,-0.4881107284426811
56.0390625,967.5609741210938,28.832550048828125,-0.015084845617707288,-0.49612894496928206
56.0546875,967.5695190429688,28.822120666503903,-0.006412190857076894,-0.5026008403615236
56.0703125,967.587890625,28.80498504638672,0.0117258093152941,-0.5156760193812175
56.0859375,967.5512084960938,28.811317443847656,-0.024468891473929943,-0.5053643748740271
56.1015625,967.5628662109376,28.811317443847656,-0.01256095833650761,-0.5014162156953255
56.1171875,967.5739135742188,28.794174194335938,-0.0014840326520015878,-0.5145082193851138
56.1328125,967.5592041015624,28.80014038085937,-0.01587722590784324,-0.5045690482299463
56.1484375,967.5720825195312,28.79492950439453,-0.0029402374714209145,-0.5057972690331098
56.1640625,967.5696411132812,28.78746795654297,-0.005276533492519775,-0.5092489823777626
56.1796875,967.565185546875,28.774810791015625,-0.009542019822674774,-0.5178287561245973
56.1953125,967.5675048828124,28.78076171875,-0.00708161584066147,-0.5078787828559221
56.2109375,967.565673828125,28.78746795654297,-0.008738594931742227,-0.4972571345546477
56.2265625,967.5682373046876,28.774429321289062,-0.0060545105884557415,-0.506309084106924
56.2421875,967.5662231445312,28.77778625488281,-0.007911079519317354,-0.49902283683729465
56.2578125,967.5665893554688,28.76660919189453,-0.007397507867381137,-0.5062139631081841
56.2734375,967.5586547851562,28.7733154296875,-0.015032623527986289,-0.4956053212111904
56.2890625,967.5709838867188,28.771453857421875,-0.002650718802101437,-0.4935804333715268
56.3046875,967.5909423828124,28.753570556640625,0.016969734766348665,-0.5074679237297097
56.3203125,967.5676879882812,28.75692749023437,-0.006161912503785061,-0.5001726230255272
56.3359375,967.5576171875,28.75617218017578,-0.01591566810373024,-0.49701443360689623
56.3515625,967.569091796875,28.753570556640625,-0.004354319300432508,-0.49571280669562867
56.3671875,967.56396484375,28.75617218017578,-0.009296091323335531,-0.48925875204202995
56.3828125,967.5728149414062,28.761764526367188,-0.00043728285322686133,-0.4798877620549149
56.3984375,967.571533203125,28.761016845703125,-0.0016854465029609855,-0.47688047832273384
56.4140625,967.5648193359376,28.76698303222656,-0.008235264594873115,-0.4672352738946195
56.4296875,967.5892944335938,28.76698303222656,0.01592264882174277,-0.4635849983173195
56.4453125,967.559326171875,28.76698303222656,-0.013771284520089466,-0.4599632405179648
56.4609375,967.5648193359376,28.76698303222656,-0.008116438417346217,-0.4563697777014184
56.4765625,967.5581665039062,28.77667236328125,-0.014480808135203915,-0.44319075565729804
56.4921875,967.5712890625,28.79045867919922,-0.001331721230144467,-0.426049717553866
56.5078125,967.573486328125,28.7803955078125,0.0008486392308668655,-0.43270575699573754
56.5234375,967.5668334960938,28.78746795654297,-0.005690829659783958,-0.4223080480444459
56.5390625,967.56640625,28.801254272460938,-0.005998582086476745,-0.4053301560942373
56.5546875,967.560546875,28.81317901611328,-0.011626356362171464,-0.39033193265719035
56.5703125,967.5650634765624,28.825851440429688,-0.006970892401341189,-0.3747090434318707
56.5859375,967.563232421875,28.83740234375,-0.008630034059706304,-0.36032096714193784
56.6015625,967.557861328125,28.842987060546875,-0.01372766828217209,-0.3519648733892424
56.6171875,967.5712280273438,28.864227294921875,-0.0003539188863896925,-0.32814085277194494
56.6328125,967.5614624023438,28.867942810058597,-0.009921896544824449,-0.32189076468494804
56.6484375,967.5672607421876,28.88172912597656,-0.004043018484139793,-0.305697382760993
56.6640625,967.5827026367188,28.882850646972656,0.011176241749240035,-0.30219636284485674
56.6796875,967.5828857421876,28.908180236816406,0.01113748496777589,-0.27470375133703584
56.6953125,967.551513671875,28.89961242675781,-0.01983937859984053,-0.28105850232222807
56.7109375,967.5615234375,28.91861724853516,-0.009637628346467864,-0.260006386165621
56.7265625,967.5635986328124,28.93463897705078,-0.007414729263928166,-0.2420785275121098
56.7421875,967.567138671875,28.94841766357422,-0.0037990126583054007,-0.22651624848094798
56.7578125,967.564453125,28.968170166015625,-0.006357907979918309,-0.2051484042736078
56.7734375,967.5609741210938,28.96593475341797,-0.009644784700867604,-0.20576363080195748
56.7890625,967.5639038085938,28.98381805419922,-0.006583942958627631,-0.18641251494242184
56.8046875,967.5597534179688,28.997596740722656,-0.010524678630872586,-0.17128512663446216
56.8203125,967.5623779296876,29.0091552734375,-0.007745866776986077,-0.15847872990462264
56.8359375,967.5587768554688,29.033737182617188,-0.011125321054578308,-0.1328507518130202
56.8515625,967.5645751953124,29.047531127929688,-0.005222938609222183,-0.1181266751997363
56.8671875,967.5831298828124,29.058334350585938,0.013071363170297445,-0.10648498807049123
56.8828125,967.5635986328124,29.078826904296875,-0.006333717165034614,-0.08532061846612038
56.8984375,967.5694580078124,29.09484100341797,-0.00046507766967351927,-0.06876506216264389
56.9140625,967.5614013671876,29.09484100341797,-0.00835527848403217,-0.0682278351144987
56.9296875,967.5503540039062,29.103782653808597,-0.01902368391836262,-0.058823011405714
56.9453125,967.5672607421876,29.125015258789062,-0.0020755990425413984,-0.03729673137505074
56.9609375,967.5768432617188,29.13545227050781,0.007360300947766518,-0.026649878096488777
56.9765625,967.5584716796876,29.16004180908203,-0.010796216999665376,-0.002044243119748046
56.9921875,967.5635986328124,29.17718505859375,-0.0055585360648819915,0.014981045404532267
57.0078125,967.5630493164062,29.181655883789062,-0.005988558477497463,0.019299902860783646
57.0234375,967.5574951171876,29.20587158203125,-0.011317313209929125,0.043175635469353324
57.0390625,967.5625,29.21630096435547,-0.0061891407412986155,0.05318622859206101
57.0546875,967.5611572265624,29.246482849121094,-0.007384806480104089,0.08271679997207926
57.0703125,967.5546875,29.23790740966797,-0.013583936693976284,0.07356213113990151
57.0859375,967.5598754882812,29.25616455078125,-0.00823196504529733,0.09110193418870338
57.1015625,967.561279296875,29.290817260742188,-0.006694794020859263,0.12477218599222084
57.1171875,967.5723266601562,29.30087280273437,0.0042675581420326125,0.13377438635952643
57.1328125,967.5679321289062,29.31018829345703,-0.00012449316443507996,0.14197198741748096
57.1484375,967.5616455078124,29.337013244628903,-0.006285897182920053,0.16747821250662298
57.1640625,967.5706787109376,29.347442626953125,0.0026936476231185225,0.17651769174623055
57.1796875,967.5596923828124,29.36420440673828,-0.008130714086064472,0.19176947566004898
57.1953125,967.5578002929688,29.37054443359375,-0.009827046040413734,0.1965617720271169
57.2109375,967.5571899414062,29.385818481445312,-0.010233542181026678,0.2101808525358777
57.2265625,967.546630859375,29.40332794189453,-0.02038651827058402,0.2259114824149009
57.2421875,967.5577392578124,29.42158508300781,-0.009096906555214446,0.24226105615686322
57.2578125,967.5626831054688,29.444679260253903,-0.004071944467227695,0.2632821456419947
57.2734375,967.5732421875,29.45399475097656,0.006360435658507413,0.27046796733055345
57.2890625,967.5602416992188,29.469268798828125,-0.006510364094992838,0.2835096556885084
57.3046875,967.5618286132812,29.49535369873047,-0.00482728889903683,0.3071758481252971
57.3203125,967.5745239257812,29.49647521972656,0.00771435126500819,0.30588879592512797
57.3359375,967.5586547851562,29.50579071044922,-0.007995516130336,0.3127417531583525
57.3515625,967.56396484375,29.5169677734375,-0.0026330071940492417,0.3213882003954893
57.3671875,967.5414428710938,29.52814483642578,-0.024663671650046126,0.32996709726358375
57.3828125,967.5682373046876,29.551612854003903,0.002089145499553524,0.35067390300700296
57.3984375,967.5714721679688,29.551612854003903,0.00522002423417689,0.3479342631397593
57.4140625,967.5513305664062,29.551239013671875,-0.014630140271151504,0.34484510700454507
57.4296875,967.5579223632812,29.569862365722656,-0.00788134450169764,0.3606288617189577
57.4453125,967.5703735351562,29.57508850097656,0.0044805729323798005,0.3629967548090107
57.4609375,967.560546875,29.5888671875,-0.005241671457724806,0.37383188319704175
57.4765625,967.5565185546876,29.59483337402344,-0.009088937243404871,0.3768308973007919
57.4921875,967.5633544921876,29.61532592773437,-0.00220899584212475,0.39421936155069304
57.5078125,967.5673828125,29.621658325195312,0.0017837907892044313,0.39742244839435514
57.5234375,967.5608520507812,29.626129150390625,-0.0046542566535663354,0.39875348238974695
57.5390625,967.5661010742188,29.627243041992188,0.00058315024523381,0.39674341013200376
57.5546875,967.5497436523438,29.648483276367188,-0.015466180386965789,0.4147181472842938
57.5703125,967.58203125,29.64997100830078,0.01649287396321597,0.4129542707864964
57.5859375,967.5552978515624,29.651832580566406,-0.010040514230809094,0.41157509427827677
57.6015625,967.5634765625,29.654808044433597,-0.0018254399476518302,0.41131188190995616
57.6171875,967.5643310546876,29.66450500488281,-0.0009519839366021188,0.4177197107782362
57.6328125,967.5654296875,29.66561889648437,0.0001437846399312548,0.4155614648612058
57.6484375,967.5703735351562,29.673812866210938,0.004988264477901794,0.4204448452550551
57.6640625,967.5626831054688,29.687599182128903,-0.0026493885453646726,0.43083873022635544
57.6796875,967.5856323242188,29.68685913085937,0.0199033491459204,0.4267385330274749
57.6953125,967.5586547851562,29.69281005859375,-0.0069360221448278025,0.42930907434964993
57.7109375,967.5684814453124,29.683502197265625,0.0028341802376417036,0.41671995354479563
57.7265625,967.573486328125,29.680152893066406,0.007685956350087508,0.410141191147563
57.7421875,967.5573120117188,29.69281005859375,-0.008322571773760501,0.41949524451338505
57.7578125,967.5568237304688,29.677536010742188,-0.008638766050694358,0.4010632185629035
57.7734375,967.5715942382812,29.69580078125,0.006011981180563453,0.4160519891561023
57.7890625,967.5742797851562,29.68536376953125,0.008527654460749545,0.40244611042612277
57.8046875,967.5731811523438,29.693565368652344,0.007283923569161743,0.40743952431638064
57.8203125,967.5661010742188,29.68983459472656,0.00019986408779004705,0.40055477577816845
57.8359375,967.5724487304688,29.691696166992188,0.006419639081173045,0.3992724703247035
57.8515625,967.576904296875,29.69840240478516,0.010662799130273015,0.40280699946050547
57.8671875,967.5623168945312,29.69840240478516,-0.003847950806971312,0.39966006977721946
57.8828125,967.5556030273438,29.701011657714844,-0.010355532486755692,0.3991265936232544
57.8984375,967.5669555664062,29.693931579589844,0.0009775337911150928,0.38898365209592356
57.9140625,967.5595092773438,29.711814880371094,-0.006342412395042629,0.40368830480782236
57.9296875,967.5687255859376,29.71442413330078,0.002817765413738016,0.40312335806768473
57.9453125,967.5701904296876,29.71815490722656,0.00419896445350787,0.4036755840872637
57.9609375,967.5645141601562,29.718894958496094,-0.0014484514630339618,0.40125613820557504
57.9765625,967.5628051757812,29.71442413330078,-0.0030957671692704025,0.39368542775237003
57.9921875,967.5525512695312,29.730445861816406,-0.013088937610291396,0.40650631910965274
58.0078125,967.5695190429688,29.736778259277344,0.0038030773149557717,0.4096134140973824
58.0234375,967.5543823242188,29.73304748535156,-0.01111228125080288,0.40271168204525765
58.0390625,967.5587768554688,29.74012756347656,-0.0065865439461276765,0.40659026204392745
58.0546875,967.5541381835938,29.736404418945312,-0.011005973324586193,0.3997197181571117
58.0703125,967.5616455078124,29.74571990966797,-0.003430316115554888,0.4058396213103954
58.0859375,967.5595703125,29.75131225585937,-0.005397981907890426,0.4082176552556902
58.1015625,967.5687255859376,29.75131225585937,0.003683906929495606,0.40502845482400573
58.1171875,967.5491943359376,29.76025390625,-0.015537824651119081,0.410735963767646
58.1328125,967.5538330078124,29.763229370117188,-0.010686278698699425,0.410479307106435
58.1484375,967.5413208007812,29.769195556640625,-0.0227453903054311,0.41319201321088883
58.1640625,967.5748901367188,29.76993560791016,0.010612540443958096,0.4106982202266707
58.1796875,967.5419921875,29.776275634765625,-0.02185014688461706,0.4137801357768076
58.1953125,967.5531616210938,29.78521728515625,-0.010472105609437676,0.41941927221299835
58.2109375,967.575439453125,29.783721923828125,0.011575145827691813,0.41465888033108556
58.2265625,967.5435791015624,29.7822265625,-0.019889010310407684,0.4099356790107507
58.2421875,967.5525512695312,29.791168212890625,-0.010703622764594911,0.4156048502654279
58.2578125,967.56640625,29.791168212890625,0.003089807749006468,0.41235793737272886
58.2734375,967.565185546875,29.810546875,0.0018325986743548128,0.4283636572986502
58.2890625,967.5465698242188,29.80160522460937,-0.01645532859163268,0.41614527247905286
58.3046875,967.5455322265624,29.81427764892578,-0.0171512675321992,0.4254675585392498
58.3203125,967.546875,29.809051513671875,-0.015499734444347268,0.41695828716592587
58.3359375,967.5481567382812,29.82246398925781,-0.01394030092558296,0.4270084911678609
58.3515625,967.5538940429688,29.82246398925781,-0.008042781467793247,0.423672487330613
58.3671875,967.5538940429688,29.82098388671875,-0.007885695892241529,0.4188940067853686
58.3828125,967.5580444335938,29.82880401611328,-0.003662350086187871,0.42338043199099573
58.3984375,967.551513671875,29.836631774902344,-0.00999402758998258,0.4278393767895885
58.4140625,967.5731201171876,29.8388671875,0.01138561268896865,0.42671483009515754
58.4296875,967.5697631835938,29.83998107910156,0.007871868956499384,0.42448630980846147
58.4453125,967.551513671875,29.83998107910156,-0.010174954427043303,0.4211700105130838
58.4609375,967.5496826171876,29.847427368164062,-0.011771516748922295,0.42526773473515433
58.4765625,967.5493774414062,29.84258270263672,-0.011840819629355792,0.41713851397962287
58.4921875,967.5731811523438,29.84593963623047,0.011729241087323317,0.41721032688920445
58.5078125,967.5503540039062,29.853759765625,-0.010881151347234663,0.42170990584401835
58.5234375,967.570068359375,29.85749053955078,0.008660680603497894,0.42211692445909677
58.5390625,967.5552978515624,29.859352111816406,-0.005990494646425759,0.4206661647190586
58.5546875,967.5634155273438,29.853759765625,0.002085634628429034,0.41183105432040534
58.5703125,967.5670776367188,29.86046600341797,0.0056354833783416325,0.4152674695187386
58.5859375,967.5678100585938,29.861587524414062,0.006243532103894722,0.413135951526435
58.6015625,967.5880737304688,29.86493682861328,0.02598948515117172,0.4132314646652979
58.6171875,967.5604248046876,29.85749053955078,-0.00162702968020767,0.40261497891840037
58.6328125,967.587646484375,29.86680603027344,0.025094754499264127,0.4087122628469899
58.6484375,967.5728149414062,29.890647888183597,0.010062758180310993,0.4291747916887303
58.6640625,967.5551147460938,29.87910461425781,-0.0074882684382373554,0.4143687715304196
58.6796875,967.5636596679688,29.876495361328125,0.001036015674344526,0.4085426473616671
58.6953125,967.555419921875,29.88804626464844,-0.0070630325596994226,0.4168115698172805
58.7109375,967.572021484375,29.889907836914062,0.009352230527383654,0.41540225816038046
58.7265625,967.5538940429688,29.88804626464844,-0.008603820041344079,0.410309899286208
58.7421875,967.5628662109376,29.884315490722656,0.0003611536320704545,0.4034027259435433
58.7578125,967.5849609375,29.88021850585937,0.022017288784354605,0.3961861649780687
58.7734375,967.5614624023438,29.887290954589844,-0.0014523157786925367,0.4001081557889421
58.7890625,967.5573120117188,29.883575439453125,-0.005493278544236091,0.3932958231471275
58.8046875,967.5733642578124,29.88021850585937,0.010352737714470095,0.3868924919787382
58.8203125,967.5626220703124,29.879844665527344,-0.00038184334437119105,0.3834989746807196
58.8359375,967.5844116210938,29.87611389160156,0.020989588151110183,0.3768012616865377
58.8515625,967.5695190429688,29.87910461425781,0.005977927798994642,0.3768248594651098
58.8671875,967.5538940429688,29.86680603027344,-0.009458652822104341,0.3616784139535483
58.8828125,967.571533203125,29.861961364746094,0.008020731800229441,0.3540459847666213
58.8984375,967.553955078125,29.86122131347656,-0.009370725363851307,0.3505457308916391
58.9140625,967.55810546875,29.85301971435547,-0.005118375075994663,0.3396695682410922
58.9296875,967.5882568359376,29.84258270263672,0.024544066484395444,0.32666042717451305
58.9453125,967.5756225585938,29.843338012695312,0.01167717607143004,0.32485780178597423
58.9609375,967.5763549804688,29.833274841308597,0.012167222986590787,0.31233529734926435
58.9765625,967.5728149414062,29.83216094970703,0.00845868423812135,0.3087899885152936
58.9921875,967.55078125,29.84854888916016,-0.01330987030939923,0.32263747540616805
59.0078125,967.5792846679688,29.82098388671875,0.014896798681661494,0.29276721926972016
59.0234375,967.5762939453124,29.822097778320312,0.011673535477939367,0.2915851646926022
59.0390625,967.5764770507812,29.82433319091797,0.011625065928342337,0.2915251040301783
59.0546875,967.572998046875,29.807937622070312,0.007986959248228231,0.2729800856889071
59.0703125,967.5748901367188,29.791168212890625,0.009686098914357899,0.254209030598993
59.0859375,967.5681762695312,29.7822265625,0.0029141803258880827,0.24335122880048843
59.1015625,967.5580444335938,29.77925109863281,-0.007076685775473379,0.2384978292697575
59.1171875,967.5650024414062,29.773666381835938,-0.00011636003398507455,0.23109347878169118
59.1328125,967.5711669921876,29.76993560791016,0.005930062021889171,0.22558643372422793
59.1484375,967.56396484375,29.76025390625,-0.0012472409779320515,0.2142179763448162
59.1640625,967.5502319335938,29.747581481933597,-0.014687570057390076,0.19997097740318992
59.1796875,967.572021484375,29.7244873046875,0.006963270162827939,0.17549495015586558
59.1953125,967.5810546875,29.718894958496094,0.015684042168913948,0.16857523987098588
59.2109375,967.5584106445312,29.72075653076172,-0.006824063284170734,0.16910527454179203
59.2265625,967.5855102539062,29.70362091064453,0.01987953933121389,0.15078239149941197
59.2421875,967.560546875,29.697662353515625,-0.004984545833281118,0.14369239816448598
59.2578125,967.5665283203124,29.676795959472656,0.0009774287862001074,0.12186642596431696
59.2734375,967.5667724609376,29.683128356933597,0.0011977106338463273,0.12719727011724657
59.2890625,967.5619506835938,29.648101806640625,-0.0035532841570784512,0.09145063607564552
59.3046875,967.573974609375,29.648101806640625,0.00830519940495833,0.09073617798130584
59.3203125,967.5557861328124,29.650711059570312,-0.009690244400644588,0.09261616973200049
59.3359375,967.5700073242188,29.64922332763672,0.004442451947056725,0.09041649687810605
59.3515625,967.563720703125,29.629852294921875,-0.0018081502180393727,0.07049042147448858
59.3671875,967.5670776367188,29.619796752929688,0.0015185337003913446,0.05996273198634583
59.3828125,967.5586547851562,29.608619689941406,-0.006769467903836812,0.04840453095901864
59.3984375,967.5556030273438,29.59297180175781,-0.009629404901602356,0.03250073150373822
59.4140625,967.5570068359376,29.584396362304688,-0.008064940129884235,0.02373837570647197
59.4296875,967.5658569335938,29.57508850097656,0.000769822418305921,0.014317775984761028
59.4453125,967.5745849609376,29.58179473876953,0.009312344884051527,0.020859763670095788
59.4609375,967.5618286132812,29.55682373046875,-0.003376737093162774,-0.004079125532008732
59.4765625,967.5591430664062,29.53485107421875,-0.005943879984442901,-0.02584825223683751
59.4921875,967.5634765625,29.5169677734375,-0.0015789310803029366,-0.04338990026013434
59.5078125,967.578125,29.511001586914062,0.012814242622425809,-0.0489704923555756
59.5234375,967.5535888671876,29.511741638183597,-0.011492947022134103,-0.04785364076505516
59.5390625,967.5536499023438,29.49647521972656,-0.01120863233734326,-0.06262693375942163
59.5546875,967.5855102539062,29.480445861816406,0.020248365334055052,-0.07804178939090534
59.5703125,967.5569458007812,29.47412109375,-0.008153664201245192,-0.08370744372717809
59.5859375,967.5636596679688,29.47373962402344,-0.0014116759783746602,-0.08343196881737924
59.6015625,967.5745239257812,29.44915008544922,0.009267961095133614,-0.10717758936510435
59.6171875,967.5535888671876,29.444679260253903,-0.011439224500463752,-0.11077616132166668
59.6328125,967.5946044921876,29.419723510742188,0.028998736427297445,-0.1346715052799965
59.6484375,967.577880859375,29.39102935791016,0.012035355497232558,-0.16208936390802364
59.6640625,967.5685424804688,29.383583068847656,0.002644301266968796,-0.1682111556816963
59.6796875,967.5556030273438,29.378738403320312,-0.010094074673247633,-0.1717038226058456
59.6953125,967.5807495117188,29.37799072265625,0.014758417324742368,-0.17110422590061347
59.7109375,967.5812377929688,29.34893798828125,0.014948911493206651,-0.19859323402345908
59.7265625,967.5774536132812,29.34073638916016,0.010946670637622447,-0.20517924851060698
59.7421875,967.5894165039062,29.33216857910156,0.022462108894160338,-0.2120771596741342
59.7578125,967.577392578125,29.317642211914062,0.010234312348984531,-0.22483318680802356
59.7734375,967.5673217773438,29.29975891113281,0.00016031798247695406,-0.24082026502998488
59.7890625,967.5733642578124,29.28895568847656,0.006081650043824993,-0.24965767918868664
59.8046875,967.5819091796876,29.262130737304688,0.014340896686235283,-0.2743226098108664
59.8203125,967.5759887695312,29.26063537597656,0.008256023902390552,-0.27366314323947094
59.8359375,967.5726928710938,29.25019836425781,0.00486324801443061,-0.28188062249761003
59.8515625,967.5648803710938,29.23418426513672,-0.0028916494077293464,-0.2955674191060531
59.8671875,967.571044921875,29.207725524902344,0.0032089775186250336,-0.31951032997057993
59.8828125,967.579833984375,29.21034240722656,0.0117637032994935,-0.31441771758662895
59.8984375,967.5665893554688,29.196929931640625,-0.0014520012784942082,-0.3252690197884007
59.9140625,967.5657348632812,29.17010498046875,-0.0022614447655087133,-0.3493432368121496
59.9296875,967.57568359375,29.15631103515625,0.0075371434043063346,-0.36030017288929983
59.9453125,967.5742797851562,29.154075622558597,0.00601354311504565,-0.3597032762253356
59.9609375,967.5672607421876,29.150360107421875,-0.000985861184631176,-0.360579582054541
59.9765625,967.5723876953124,29.13471221923828,0.004060211238197553,-0.37328819312689987
59.9921875,967.5779418945312,29.114959716796875,0.009426629002859954,-0.38997006513417887
60.0078125,967.5703125,29.114959716796875,0.0017621322358536418,-0.38692342400031876
60.0234375,967.5690307617188,29.099685668945312,0.00047101126017423667,-0.3990553041030367
60.0390625,967.5747680664062,29.08515930175781,0.00608705977685986,-0.41035056448358276
60.0546875,967.5884399414062,29.071746826171875,0.019373018081978444,-0.4204523913189746
60.0703125,967.5961303710938,29.049392700195312,0.026534864805284997,-0.4393470913791653
60.0859375,967.5698852539062,29.049392700195312,0.0002840884845909386,-0.43591469222776524
60.1015625,967.5692749023438,29.043426513671875,-0.0003198907521664296,-0.4384286843859577
60.1171875,967.5784301757812,29.03746795654297,0.008662816617288627,-0.44091546619052835
60.1328125,967.5783081054688,29.032997131347656,0.008373934853580067,-0.4419067109843873
60.1484375,967.5639038085938,29.02294158935547,-0.0059125815131437776,-0.44843129787519587
60.1640625,967.5689086914062,29.01473999023437,-0.0008899702104372409,-0.4530654524885094
60.1796875,967.5697631835938,28.99946594238281,-3.47850927937543e-05,-0.46468059799366657
60.1953125,967.5736694335938,28.98717498779297,0.0037958503581876357,-0.4732452123289477
60.2109375,967.5667724609376,28.98641967773437,-0.003040553503069532,-0.4702973933063923
60.2265625,967.5819091796876,28.95587921142578,0.011859912019417607,-0.4969250638367413
60.2421875,967.5737915039062,28.96406555175781,0.003669145686558295,-0.4849204522273318
60.2578125,967.5746459960938,28.96406555175781,0.004435285571844361,-0.4811320111943047
60.2734375,967.5783081054688,28.95028686523437,0.007939242701809235,-0.49104420789182157
60.2890625,967.5852661132812,28.940231323242188,0.014606288590243821,-0.4971849080880375
60.3046875,967.567138671875,28.930908203125,-0.003452380300018376,-0.502550934234872
60.3203125,967.5746459960938,28.92755889892578,0.0039757457952873665,-0.5019478928213239
60.3359375,967.579833984375,28.91712188720703,0.008984754895323022,-0.508381897473356
60.3515625,967.5744018554688,28.910797119140625,0.003483238762669316,-0.5106855197152314
60.3671875,967.5841064453124,28.90594482421875,0.012930253828812965,-0.5115101754602556
60.3828125,967.569580078125,28.893287658691406,-0.0015649392695422648,-0.5200722836361322
60.3984375,967.5626831054688,28.89961242675781,-0.008296640208527606,-0.5097338631043407
60.4140625,967.574951171875,28.89923858642578,0.0038938592797421734,-0.506122487003271
60.4296875,967.57373046875,28.885086059570312,0.002620946073648156,-0.5162103653129684
60.4453125,967.5879516601562,28.878379821777344,0.016513189482225243,-0.5188313171441727
60.4609375,967.5853881835938,28.87464904785156,0.01367725758927918,-0.5184795747334725
60.4765625,967.5770874023438,28.856765747070312,0.00527146703575454,-0.5321725405497588
60.4921875,967.5751953125,28.861236572265625,0.0033133737312027733,-0.5235790457032401
60.5078125,967.568359375,28.847457885742188,-0.003453763695233647,-0.5331596249436572
60.5234375,967.5779418945312,28.850814819335938,0.006009053573620804,-0.5256636078237378
60.5390625,967.5630493164062,28.836280822753903,-0.00871001821246864,-0.5359773106213517
60.5546875,967.5729370117188,28.82846069335937,0.0011546755941935771,-0.5395490225157573
60.5703125,967.5708618164062,28.82846069335937,-0.0009025408176057681,-0.5353337957773512
60.5859375,967.5672607421876,28.83740234375,-0.004415653805040165,-0.52227970675089
60.6015625,967.5779418945312,28.81988525390625,0.006143125520225112,-0.5355796341212447
60.6171875,967.5687866210938,28.80722045898437,-0.0029533169032447404,-0.5439612694412226
60.6328125,967.561279296875,28.814666748046875,-0.010256331725031487,-0.5323234570945097
60.6484375,967.582763671875,28.804611206054688,0.011008745554704547,-0.5381416631563312
60.6640625,967.5817260742188,28.810943603515625,0.009776398916073958,-0.5276545058071491
60.6796875,967.576904296875,28.806472778320312,0.004857851619703979,-0.5279681018540039
60.6953125,967.561767578125,28.806472778320312,-0.01007810800660991,-0.5238433510582681
60.7109375,967.5697631835938,28.783370971679688,-0.0020418286601397995,-0.542672148654372
60.7265625,967.5726928710938,28.7803955078125,0.0008705178469199382,-0.541384740548736
60.7421875,967.5845947265624,28.78114318847656,0.012522912899271432,-0.5364133328543268
60.7578125,967.5657348632812,28.77368927001953,-0.006213181819703095,-0.5396182884104839
60.7734375,967.5643310546876,28.77368927001953,-0.007468221069302672,-0.5354025205322763
60.7890625,967.571044921875,28.77070617675781,-0.000739620407671282,-0.5341794761862317
60.8046875,967.5706787109376,28.774429321289062,-0.001084233076653618,-0.526312141563924
60.8203125,967.5711669921876,28.76921844482422,-0.0005843121425641584,-0.5273704944504196
60.8359375,967.5643310546876,28.761764526367188,-0.007275322891700853,-0.5306460971816129
60.8515625,967.5648193359376,28.763633728027344,-0.006654482234580428,-0.5246458260251963
60.8671875,967.5706176757812,28.746490478515625,-0.0008394208598474506,-0.5375563483842818
60.8828125,967.5704345703124,28.750961303710938,-0.001002555111313086,-0.5289207925390542
60.8984375,967.561279296875,28.750961303710938,-0.009959433459812317,-0.5247885988473442
60.9140625,967.561279296875,28.746864318847656,-0.009764913275034814,-0.5247536650878857
60.9296875,967.5882568359376,28.745750427246094,0.01687644169021496,-0.5217592164028133
60.9453125,967.5521850585938,28.7301025390625,-0.018820426754132313,-0.5332086115818271
60.9609375,967.57177734375,28.742019653320312,0.0007567830426751243,-0.5172189075011708
60.9765625,967.5675659179688,28.735313415527344,-0.003387169247616839,-0.5198319800965301
60.9921875,967.565673828125,28.72152709960937,-0.0051761485622137116,-0.5294494030768888
61.0078125,967.5634765625,28.725631713867188,-0.00722940219134216,-0.5212405326564244
61.0234375,967.5516967773438,28.71669006347656,-0.01863791415723881,-0.5260401347419972
61.0390625,967.5514526367188,28.71221923828125,-0.018513264649755,-0.5263663430627972
61.0546875,967.5545043945312,28.71519470214844,-0.015159524281784797,-0.5193018879518903
61.0703125,967.552490234375,28.69842529296875,-0.016838260913800696,-0.5318832401227418
61.0859375,967.5555419921876,28.69693756103516,-0.013517235462472854,-0.5292040113371428
61.1015625,967.5687866210938,28.7088623046875,-0.00026728220950644754,-0.5132380234060143
61.1171875,967.5530395507812,28.699546813964844,-0.015701572199304792,-0.5184710647995416
61.1328125,967.5501098632812,28.67980194091797,-0.01826736790826544,-0.5340111258319915
61.1484375,967.555908203125,28.67719268798828,-0.012225492360130374,-0.5324280320526036
61.1640625,967.5484008789062,28.678688049316406,-0.019347410005025267,-0.5267847592344452
61.1796875,967.5557861328124,28.666015625,-0.011728520237625162,-0.5352426743043601
61.1953125,967.55810546875,28.666015625,-0.00922541116915454,-0.5310610909113578
61.2109375,967.5623168945312,28.656333923339844,-0.0049160559857455155,-0.5365182395045487
61.2265625,967.5631713867188,28.639190673828125,-0.003982236380352333,-0.549336008633329
61.2421875,967.546630859375,28.654464721679688,-0.02012192849508665,-0.5298896017131582
61.2578125,967.5641479492188,28.639190673828125,-0.002553962896399753,-0.5409045585524979
61.2734375,967.5673828125,28.6373291015625,0.0006676015492530496,-0.5385257704211064
61.2890625,967.5488891601562,28.60639953613281,-0.017477885739936028,-0.5650064660394634
61.3046875,967.5589599609376,28.622047424316406,-0.007262415330501426,-0.5450667139663672
61.3203125,967.5496826171876,28.604537963867188,-0.01621671691100346,-0.5581810480529654
61.3359375,967.5606079101562,28.59857940673828,-0.00518807581852343,-0.5597322645163878
61.3515625,967.552001953125,28.594482421875,-0.013524618145652312,-0.5594243333688915
61.3671875,967.5680541992188,28.5870361328125,0.002478260214729744,-0.5624419456936458
61.3828125,967.5489501953124,28.57697296142578,-0.01630102213516693,-0.5680324208531751
61.3984375,967.5478515625,28.563926696777344,-0.017059817936910804,-0.5765390082711299
61.4140625,967.567138671875,28.57026672363281,0.002183789652235646,-0.5657443018733552
61.4296875,967.5678100585938,28.57026672363281,0.0027994112074338773,-0.561324424514968
61.4453125,967.5580444335938,28.56430053710937,-0.006830154929389209,-0.5628586531396671
61.4609375,967.5482788085938,28.560577392578125,-0.016271643602635777,-0.5621553773766088
61.4765625,967.561279296875,28.539337158203125,-0.0032072655690171814,-0.5788378335347986
61.4921875,967.5571899414062,28.54232788085937,-0.007154108908139278,-0.5713483053248147
61.5078125,967.5464477539062,28.545677185058597,-0.017546759368883613,-0.5635615089292969
61.5234375,967.5584106445312,28.538597106933597,-0.005474808807434783,-0.566183449655437
61.5390625,967.5582885742188,28.54530334472656,-0.0054875650746453175,-0.5551062961447997
61.5546875,967.5614624023438,28.54530334472656,-0.0022685467748715382,-0.5507695282061675
61.5703125,967.5394897460938,28.54194641113281,-0.02376774202832621,-0.5497973488171048
61.5859375,967.544677734375,28.54009246826172,-0.018216867931755587,-0.5473415159718797
61.6015625,967.5609130859376,28.549034118652344,-0.0019428148775659793,-0.5341936166314021
61.6171875,967.5642700195312,28.53673553466797,0.0013864992098433504,-0.5422227302984659
61.6328125,967.5464477539062,28.53263092041016,-0.01611475535230511,-0.5420591621769297
61.6484375,967.5581665039062,28.53524780273437,-0.0043101458727505815,-0.5352278870413691
61.6640625,967.5450439453124,28.54827880859375,-0.017092221957454967,-0.518117218047756
61.6796875,967.5598754882812,28.53338623046875,-0.002216525102085143,-0.5288456571401561
61.6953125,967.5582885742188,28.53673553466797,-0.0037291532433982866,-0.5213909126835858
61.7109375,967.5379638671876,28.54194641113281,-0.023584058316032497,-0.5121473796857856
61.7265625,967.5391235351562,28.53524780273437,-0.021986413973422714,-0.5147925038023153
61.7421875,967.5609741210938,28.543441772460938,-0.00013317514458321966,-0.5026407330282829
61.7578125,967.5460205078124,28.53263092041016,-0.014792124589462219,-0.5094402445706301
61.7734375,967.5552368164062,28.54827880859375,-0.005466913339432722,-0.48993460360276586
61.7890625,967.5575561523438,28.543441772460938,-0.003086101280814546,-0.4909062363001446
61.8046875,967.5576171875,28.53263092041016,-0.002965982801811151,-0.497797423598179
61.8203125,967.5447998046876,28.53412628173828,-0.015475096754585138,-0.4924247024085737
61.8359375,967.5523071289062,28.54194641113281,-0.007812151978555448,-0.48081859978737285
61.8515625,967.5343017578124,28.543441772460938,-0.025313274574955358,-0.4755785256587828
61.8671875,967.5392456054688,28.54194641113281,-0.01997158654910436,-0.4733467472448254
61.8828125,967.5343017578124,28.545677185058597,-0.02442880463115671,-0.46594709852748295
61.8984375,967.5413818359376,28.550514221191406,-0.017009884191338642,-0.45750764003221533
61.9140625,967.5595703125,28.545677185058597,0.001155572988750464,-0.4587326083824834
61.9296875,967.5645141601562,28.537857055664062,0.005980291335504262,-0.4629077945131357
61.9453125,967.5404663085938,28.54530334472656,-0.017714678191282474,-0.451903212439305
61.9609375,967.5394897460938,28.556480407714844,-0.018326177396488674,-0.43728297640843294
61.9765625,967.5401611328124,28.55238342285156,-0.01730997054744421,-0.437931680324283
61.9921875,967.5348510742188,28.57026672363281,-0.022178231696898365,-0.41676675157785326
62.0078125,967.5690307617188,28.567657470703125,0.011767052369464182,-0.4160996294723205
62.0234375,967.5443725585938,28.58069610595703,-0.012639370467354638,-0.3999120802010836
62.0390625,967.5488891601562,28.577713012695312,-0.007964121074678587,-0.3997475549201255
62.0546875,967.5558471679688,28.59112548828125,-0.0009864626125590803,-0.3833168365268911
62.0703125,967.5438842773438,28.58740234375,-0.01269643618218197,-0.38401623120612527
62.0859375,967.5458984375,28.603797912597656,-0.01047363782231514,-0.3647486259337924
62.1015625,967.547607421875,28.614974975585938,-0.008593468809635851,-0.35080928510999954
62.1171875,967.548828125,28.622802734375,-0.007228766354842264,-0.34030198314655635
62.1328125,967.5473022460938,28.622802734375,-0.008583656095879633,-0.33764337390322297
62.1484375,967.5497436523438,28.622802734375,-0.006022284028631475,-0.33500553504460484
62.1640625,967.5393676757812,28.638816833496094,-0.016077982063961826,-0.3164993153303577
62.1796875,967.546630859375,28.67569732666016,-0.008642634437592278,-0.27743430011811654
62.1953125,967.5494384765624,28.6734619140625,-0.00572105206958895,-0.2774847930851827
62.2109375,967.53515625,28.69134521484375,-0.019612589596249563,-0.2575733556453095
62.2265625,967.5474243164062,28.69842529296875,-0.007201075471471086,-0.24853629878968064
62.2421875,967.5408935546876,28.71593475341797,-0.013463637244967686,-0.2292219411659282
62.2578125,967.5452880859376,28.73158264160156,-0.008891975018514131,-0.21190550569341227
62.2734375,967.5438232421876,28.74462890625,-0.010154537151947807,-0.19730565322430849
62.2890625,967.5428466796876,28.752456665039062,-0.010913695361864484,-0.1879975983849711
62.3046875,967.5418701171876,28.77368927001953,-0.011658026263035026,-0.16546214189353137
62.3203125,967.5497436523438,28.804611206054688,-0.0037105752650177237,-0.1334891105001077
62.3359375,967.5360107421876,28.823989868164062,-0.01710279234657719,-0.11321896051267899
62.3515625,967.5520629882812,28.83404541015625,-0.001030027771435016,-0.10235745431329946
62.3671875,967.5531616210938,28.86310577392578,6.726509889176668e-05,-0.07272445702389518
62.3828125,967.5477905273438,28.89253234863281,-0.00520023824776672,-0.042959617611266765
62.3984375,967.5407104492188,28.886947631835938,-0.012040466443636433,-0.04816508179557388
62.4140625,967.5314331054688,28.921226501464844,-0.02090144671331018,-0.013777726134115653
62.4296875,967.5493774414062,28.935760498046875,-0.0028993547059599223,0.0007503620850428661
62.4453125,967.5465698242188,28.961090087890625,-0.0055955075986275915,0.025876202304349505
62.4609375,967.5530395507812,28.97711181640625,0.0008571443747769081,0.04157060323544215
62.4765625,967.5547485351562,28.99015045166016,0.002516009047667467,0.05418260381365414
62.4921875,967.5330200195312,29.0091552734375,-0.018837262308238678,0.0726156488285632
62.5078125,967.5520629882812,29.026657104492188,0.0002016887377749299,0.08941343707166283
62.5234375,967.5350341796876,29.04082489013672,-0.016498465171139287,0.10277199441372531
62.5390625,967.5548706054688,29.058334350585938,0.0032727660668570024,0.11934175599682817
62.5546875,967.5343017578124,29.09595489501953,-0.01695826749596563,0.1557360324583108
62.5703125,967.5567016601562,29.09447479248047,0.005335352917313685,0.15305080546675498
62.5859375,967.5443725585938,29.11347198486328,-0.006857151991994215,0.170703872866369
62.6015625,967.5469360351562,29.14439392089844,-0.004209814581258797,0.20005060726948543
62.6171875,967.5552978515624,29.154075622558597,0.00407090803923893,0.2080937752661285
62.6328125,967.5397338867188,29.1741943359375,-0.011268583038713587,0.22642957857749124
62.6484375,967.5584716796876,29.198043823242188,0.007323326923710738,0.2483237606799733
62.6640625,967.5446166992188,29.219284057617188,-0.0064040821868047715,0.2674580263436077
62.6796875,967.528564453125,29.23828125,-0.02201772811883984,0.28421728733011875
62.6953125,967.5391845703124,29.263992309570312,-0.011175001342962787,0.30750703169027105
62.7109375,967.5535888671876,29.277023315429688,0.003166223353900932,0.3180338341312883
62.7265625,967.534912109375,29.302734375,-0.015207594332537155,0.34105938671955727
62.7421875,967.543701171875,29.315399169921875,-0.006293169882724214,0.3509607114723572
62.7578125,967.54638671875,29.332542419433597,-0.0035371616208976775,0.36522814878889065
62.7734375,967.5347290039062,29.35340881347656,-0.014898101533731278,0.3830781792159783
62.7890625,967.540771484375,29.369796752929688,-0.008682659716100716,0.3963452896170061
62.8046875,967.5442504882812,29.38246154785156,-0.005102021907305243,0.40581469325341857
62.8203125,967.5438842773438,29.3958740234375,-0.005361431422102214,0.41595195658280204
62.8359375,967.5477294921876,29.41561889648437,-0.001486602973159279,0.4322929481481914
62.8515625,967.5371704101562,29.42791748046875,-0.011810417719289035,0.4411181607877843
62.8671875,967.5391235351562,29.45958709716797,-0.00966476747089473,0.46909412297538466
62.8828125,967.5411987304688,29.468902587890625,-0.0074413383272258216,0.4746720385910237
62.8984375,967.5556640625,29.47784423828125,0.006886806326974693,0.47983545703647934
62.9140625,967.5493774414062,29.49647521972656,0.0005884628653802793,0.494572169431148
62.9296875,967.5648193359376,29.52367401123047,0.01571726447889432,0.5176946253027523
62.9453125,967.5275268554688,29.522918701171875,-0.02115382505269281,0.5129007268438137
62.9609375,967.5548095703124,29.53820037841797,0.006009184912159071,0.5240559790579553
62.9765625,967.5639038085938,29.551979064941406,0.014808434459268938,0.5336328322565365
62.9921875,967.5548706054688,29.56241607666016,0.005662433847305692,0.5398192983192338
63.0078125,967.5603637695312,29.576950073242188,0.010937715138084059,0.5500224097848445
63.0234375,967.5405883789062,29.60265350341797,-0.008665064637511932,0.571227981835932
63.0390625,967.5587158203124,29.59632110595703,0.009277564722310672,0.5604823376220658
63.0546875,967.5469970703124,29.619415283203125,-0.0023935058777624363,0.5790173233457523
63.0703125,967.547607421875,29.63097381591797,-0.0017483270823959174,0.5859619821851219
63.0859375,967.55810546875,29.63097381591797,0.008578826827942976,0.5813841541993021
63.1015625,967.561767578125,29.64289093017578,0.012001855417679508,0.5886661022972923
63.1171875,967.559326171875,29.643630981445312,0.009373721644919897,0.5848014179920824
63.1328125,967.5668334960938,29.64922332763672,0.016551337936675736,0.5857813129008065
63.1484375,967.5350341796876,29.651832580566406,-0.014950166390008235,0.583793764534942
63.1640625,967.5421142578124,29.67344665527344,-0.007716375603763481,0.6006780904978974
63.1796875,967.56201171875,29.687973022460938,0.01194317351087193,0.6103981728597283
63.1953125,967.5460205078124,29.676795959472656,-0.003968974195800001,0.5945396949505763
63.2109375,967.5319213867188,29.693565368652344,-0.017715202803287866,0.6065332517542465
63.2265625,967.5648193359376,29.69951629638672,0.014886208399616407,0.6076991468363673
63.2421875,967.5654296875,29.70362091064453,0.01519389277530081,0.6070240442106325
63.2578125,967.5696411132812,29.71368408203125,0.0190263084284652,0.6122662217254984
63.2734375,967.542724609375,29.718894958496094,-0.007736090097409942,0.6126530583607313
63.2890625,967.5401611328124,29.7244873046875,-0.01009840324866218,0.613415362329075
63.3046875,967.5462036132812,29.71256256103516,-0.003976705537979797,0.596791473218321
63.3203125,967.5449829101562,29.737518310546875,-0.005095896775060282,0.6168898225524586
63.3359375,967.552001953125,29.741249084472656,0.001885584744627522,0.6157719980682543
63.3515625,967.545654296875,29.753921508789062,-0.004374921671228549,0.6235347003347798
63.3671875,967.5556030273438,29.755783081054688,0.00546494534444264,0.6205103642207135
63.3828125,967.566162109375,29.773666381835938,0.015711058091028463,0.633406214494137
63.3984375,967.5394287109376,29.779991149902344,-0.010807060261413426,0.6347330842592882
63.4140625,967.5687866210938,29.765464782714844,0.018188528607765875,0.6153613520946664
63.4296875,967.5647583007812,29.765464782714844,0.013883641727034046,0.6105538415314271
63.4453125,967.5598754882812,29.77925109863281,0.008825031781157122,0.6194624999693197
63.4609375,967.5400390625,29.77925109863281,-0.010796327710977494,0.6146229491883091
63.4765625,967.5400390625,29.783721923828125,-0.010585461935420426,0.6142571042712532
63.4921875,967.5393676757812,29.791168212890625,-0.011036988328896769,0.6168463355733316
63.5078125,967.5657348632812,29.79192352294922,0.015030781218570155,0.6127766327754252
63.5234375,967.5653076171876,29.806076049804688,0.014318309829491227,0.6220312755712776
63.5390625,967.5673217773438,29.803466796875,0.01601347643122608,0.6145827880897023
63.5546875,967.5743408203124,29.810546875,0.022582665505296973,0.6168061250724008
63.5703125,967.5538940429688,29.79192352294922,0.002094171596013439,0.5935094701073886
63.5859375,967.568359375,29.807937622070312,0.01623607582200748,0.6047616663438866
63.6015625,967.5681762695312,29.82246398925781,0.015739435776026767,0.6144498457694176
63.6171875,967.5661010742188,29.823959350585938,0.013397360766930433,0.6111331351670977
63.6328125,967.5736694335938,29.823219299316406,0.020556233420393255,0.6056243879296161
63.6484375,967.571044921875,29.815017700195312,0.017581492762133166,0.5927554232709547
63.6640625,967.5726318359376,29.81128692626953,0.01879402387896789,0.5844228942721656
63.6796875,967.5655517578124,29.836631774902344,0.01148515775071246,0.6050039324135312
63.6953125,967.5756225585938,29.82098388671875,0.02113494371701563,0.5847517001343903
63.7109375,967.5787353515624,29.82284545898437,0.023774148078473445,0.5820303562093869
63.7265625,967.5667114257812,29.82917022705078,0.011520725768036755,0.5837585998673909
63.7421875,967.5723266601562,29.823959350585938,0.016801273421492624,0.5740278193134642
63.7578125,967.5687255859376,29.818748474121094,0.012942382812184405,0.564373060482616
63.7734375,967.5760498046876,29.818748474121094,0.019870769500471397,0.5599638959475968
63.7890625,967.5504760742188,29.818748474121094,-0.005591575011976602,0.5555891780105071
63.8046875,967.5724487304688,29.813156127929688,0.016061138245049733,0.5456999815705146
63.8203125,967.5498046875,29.807937622070312,-0.006454332365819937,0.5362589641821458
63.8359375,967.5742797851562,29.791168212890625,0.017668797218334475,0.5154310428540008
63.8515625,967.5779418945312,29.79974365234375,0.02091428732398981,0.5199126816641026
63.8671875,967.5740356445312,29.80049133300781,0.016675849095008743,0.516592703247472
63.8828125,967.5740966796876,29.78409576416016,0.01640999198082227,0.4962893442873231
63.8984375,967.552734375,29.776275634765625,-0.004855587849192489,0.48465304915144003
63.9140625,967.5708618164062,29.76993560791016,0.013012637667316085,0.4745762018092883
63.9296875,967.5481567382812,29.776275634765625,-0.00950313498003652,0.47715907062831064
63.9453125,967.5635986328124,29.765464782714844,0.0058227681536209275,0.4627048731198933
63.9609375,967.5709228515624,29.76695251464844,0.012890209815623166,0.4605661003265098
63.9765625,967.5673828125,29.76807403564453,0.009167550230699817,0.45808068678101677
63.9921875,967.5578002929688,29.768814086914062,-0.0004068644313974801,0.455236201034527
64.0078125,967.5712280273438,29.761741638183597,0.01276655607750854,0.4446624729891866
64.0234375,967.5631713867188,29.761741638183597,0.00461792491637425,0.4411885474189603
64.0390625,967.575439453125,29.761741638183597,0.016556186804564277,0.43774176189225145
64.0546875,967.5650634765624,29.74945068359375,0.006059503010646949,0.4221269728703554
64.0703125,967.5581665039062,29.76434326171875,-0.0008211128164248294,0.43360533575320304
64.0859375,967.5946044921876,29.747581481933597,0.03492123336604891,0.413586965687049
64.1015625,967.5934448242188,29.758758544921875,0.03310215982298814,0.4214455597013007
64.1171875,967.5817260742188,29.758758544921875,0.020965765099845157,0.4181530162661353
64.1328125,967.587890625,29.76807403564453,0.026600426898994556,0.4241289092779432
64.1484375,967.6022338867188,29.7677001953125,0.04014400719938749,0.4204444824697724
64.1640625,967.5943603515624,29.753921508789062,0.031640189385939266,0.4034887194155026
64.1796875,967.5958251953124,29.75839233398437,0.03245845045751139,0.40477236066853806
64.1953125,967.5933227539062,29.76695251464844,0.02937093074956465,0.410103380853446
64.2109375,967.6021728515624,29.76993560791016,0.03747452394463835,0.40985923603614083
64.2265625,967.5884399414062,29.773666381835938,0.023277910394199353,0.4103588380090919
64.2421875,967.5827026367188,29.77925109863281,0.017198015751546336,0.41269399578404276
64.2578125,967.583251953125,29.776275634765625,0.017400704576630233,0.4065176058862576
64.2734375,967.5830078125,29.77925109863281,0.01682147481199081,0.4062939051459935
64.2890625,967.5942993164062,29.779991149902344,0.027563897102595547,0.4038540036310323
64.3046875,967.5834350585938,29.77925109863281,0.016373474460237958,0.39996462460867477
64.3203125,967.5955200195312,29.77925109863281,0.02790260658139232,0.3968399009789181
64.3359375,967.5759887695312,29.78409576416016,0.008207853523117592,0.3985464058304373
64.3515625,967.5692749023438,29.797508239746094,0.0014648069150098308,0.4087404526553051
64.3671875,967.5841064453124,29.80049133300781,0.015978061799955867,0.4085069557145431
64.3828125,967.58935546875,29.79192352294922,0.020812493729067683,0.3968146210805159
64.3984375,967.5676879882812,29.812042236328125,-0.0008382877799704147,0.4136760427839583
64.4140625,967.5906982421876,29.80049133300781,0.02173891991299115,0.3989835368115813
64.4296875,967.583251953125,29.810546875,0.014013477904086358,0.4058434610006181
64.4453125,967.58740234375,29.810546875,0.017809105471883413,0.402672808961551
64.4609375,967.5922241210938,29.818748474121094,0.02218887338563036,0.4076644517694987
64.4765625,967.5999145507812,29.82843017578125,0.0292957229349895,0.41408563660598574
64.4921875,967.5868530273438,29.82769012451172,0.015917125288524403,0.4101163229510121
64.5078125,967.5879516601562,29.8250732421875,0.016683419075661732,0.4043158512468956
64.5234375,967.6005249023438,29.82805633544922,0.028685242097822083,0.4041169215046416
64.5390625,967.5838623046876,29.83252716064453,0.011787827167381693,0.40539565492886
64.5546875,967.579345703125,29.834014892578125,0.007129209479671772,0.40370461040259187
64.5703125,967.5845336914062,29.83140563964844,0.012076627492206171,0.39796179999265036
64.5859375,967.5792846679688,29.84258270263672,0.006694252413012691,0.40594246561389014
64.6015625,967.5750732421876,29.841842651367188,0.002434333924270504,0.4020367704822938
64.6171875,967.5907592773438,29.85786437988281,0.017766455621767818,0.41479241697449254
64.6328125,967.583984375,29.84854888916016,0.010776874503108047,0.40230913776549926
64.6484375,967.5860595703124,29.848175048828125,0.012601052826880732,0.39879517792226693
64.6640625,967.586669921875,29.851158142089844,0.012953369147567173,0.398639378440361
64.6796875,967.5826416015624,29.85189819335937,0.008750731474947315,0.3962592779152807
64.6953125,967.5875854492188,29.853759765625,0.013427106882659245,0.39501053103887074
64.7109375,967.5951538085938,29.85004425048828,0.020585398557273038,0.3882380235904179
64.7265625,967.5648193359376,29.859352111816406,-0.0095586624953512,0.39444005769261636
64.7421875,967.5805053710938,29.854515075683597,0.006007697413451751,0.38655924795387264
64.7578125,967.5835571289062,29.8675537109375,0.008882512741024584,0.3964760247452155
64.7734375,967.5771484375,29.865692138671875,0.0024255045118479757,0.39153152706959204
64.7890625,967.584716796875,29.86046600341797,0.009798671232829292,0.3832873809421251
64.8046875,967.576904296875,29.87164306640625,0.0019473788258892455,0.3913826904622013
64.8203125,967.5885620117188,29.88170623779297,0.0133393691838819,0.398309566053225
64.8359375,967.5750732421876,29.88170623779297,-0.00014648237174696987,0.3951977725684337
64.8515625,967.5951538085938,29.88804626464844,0.01954474645560822,0.39840078536590795
64.8671875,967.5841674804688,29.889907836914062,0.008391261722636045,0.3971353079625324
64.8828125,967.5745849609376,29.883941650390625,-0.0011679910544444283,0.3881131126778534
64.8984375,967.5726928710938,29.90666961669922,-0.0030003136932919006,0.4076313830568665
64.9140625,967.5904541015624,29.88581085205078,0.014472617619617267,0.38375095732711273
64.9296875,967.5668334960938,29.879844665527344,-0.008969316211391742,0.3748333272817703
64.9453125,967.5850830078124,29.889907836914062,0.009098941688762352,0.3818894947726399
64.9609375,967.5807495117188,29.890647888183597,0.004672370485877764,0.37964025271372037
64.9765625,967.5747680664062,29.89437866210937,-0.0012835069588845727,0.3803759404938738
64.9921875,967.5843505859376,29.89437866210937,0.008136922483117814,0.37740425345876716
65.0078125,967.5739135742188,29.904808044433597,-0.0022551656178393387,0.3848036855034387
65.0234375,967.5689697265624,29.89437866210937,-0.007058407546196577,0.3714495039356258
65.0390625,967.5843505859376,29.90443420410156,0.008159903941759694,0.3785245377565012
65.0546875,967.5774536132812,29.905548095703125,0.001238264658695698,0.376672504128706
65.0703125,967.5617065429688,29.912635803222656,-0.014225430543433504,0.3807620849947355
65.0859375,967.5575561523438,29.92455291748047,-0.01801691841126285,0.3896113930083871
65.1015625,967.5827026367188,29.919708251953125,0.006990316628503024,0.3817607374225993
65.1171875,967.5791015625,29.930145263671875,0.0033230462689743945,0.38913370422618243
65.1328125,967.5911254882812,29.934616088867188,0.0150472265023609,0.39052949403539117
65.1484375,967.585693359375,29.93610382080078,0.009427302721178421,0.38895459139110145
65.1640625,967.5838623046876,29.93163299560547,0.007447883814393208,0.3814799867723835
65.1796875,967.5657348632812,29.934234619140625,-0.010470972482721663,0.3810809727270126
65.1953125,967.5781860351562,29.93610382080078,0.0019415236229178845,0.37995837614976935
65.2109375,967.5784301757812,29.94355773925781,0.002142975493029553,0.38438563605518183
65.2265625,967.5792236328124,29.949142456054688,0.002879080326465555,0.3869237094704019
65.2421875,967.5817260742188,29.959197998046875,0.0052764138864631605,0.3938778510605374
65.2578125,967.5883178710938,29.962181091308597,0.011636409770062528,0.393760468194742
65.2734375,967.559326171875,29.95287322998047,-0.017016318951618814,0.381449070875469
65.2890625,967.5625610351562,29.94988250732422,-0.013512286614286495,0.37550164237375583
65.3046875,967.557373046875,29.96479034423828,-0.018335035151494594,0.38735940523088175
65.3203125,967.5706787109376,29.97857666015625,-0.004931141184783883,0.3980117702023733
65.3359375,967.5714721679688,29.97299194335937,-0.004056870010003877,0.3893612170507659
65.3515625,967.5701904296876,29.974853515625,-0.0052343385979156665,0.38816636127485893
65.3671875,967.5614013671876,29.98564910888672,-0.0137495065451958,0.39584506426676214
65.3828125,967.5729370117188,29.969635009765625,-0.0021706225215893937,0.37686353573046816
65.3984375,967.5711669921876,29.98267364501953,-0.0038636763875956603,0.38685606027355846
65.4140625,967.5810546875,30.001296997070312,0.005906362305154289,0.402311604415555
65.4296875,967.5726928710938,29.9964599609375,-0.0024074960132338674,0.39436929821803446
65.4453125,967.5508422851562,29.9964599609375,-0.023784291287597625,0.3912882880757067
65.4609375,967.5709228515624,29.999435424804688,-0.003631386504821421,0.39118356638083895
65.4765625,967.5597534179688,29.996826171875,-0.01451174158091817,0.38553857662731517
65.4921875,967.5680541992188,29.99720764160156,-0.006089652511946042,0.382905045991734
65.5078125,967.5570678710938,29.99720764160156,-0.016742465390166217,0.3799136003199237
65.5234375,967.5509033203124,30.00726318359375,-0.022459613511955467,0.3869225083878014
65.5390625,967.5667114257812,30.00390625,-0.00652159577657585,0.3805689687409739
65.5546875,967.5700073242188,29.999061584472656,-0.003162695437936236,0.3727889570947731
65.5703125,967.5731811523438,30.01434326171875,1.0915251777987578e-05,0.3850388325100802
65.5859375,967.5668334960938,30.016944885253903,-0.006212976525603153,0.3846120149823804
65.6015625,967.5744018554688,30.00763702392578,0.0013289105281728553,0.372372089953835
65.6171875,967.571533203125,30.0106201171875,-0.0015096687332061265,0.37242272084668215
65.6328125,967.5620727539062,30.01620483398437,-0.010755857835761162,0.3750542545369626
65.6484375,967.5731201171876,30.009498596191406,0.00028581197989296925,0.3654702978631832
65.6640625,967.5852661132812,30.015464782714844,0.012188999322120253,0.368534636852349
65.6796875,967.5651245117188,30.01099395751953,-0.007797277977829253,0.3612195631284649
65.6953125,967.5707397460938,30.025146484375,-0.002139425563655095,0.3724394955309336
65.7109375,967.5546875,30.01099395751953,-0.017836365570360613,0.35548785173268627
65.7265625,967.55859375,30.02104949951172,-0.013658043000646103,0.3626875859613996
65.7421875,967.5767822265624,30.015830993652344,0.004441948531280104,0.354676352913728
65.7578125,967.5681762695312,30.01806640625,-0.004082680208853162,0.35412339234332535
65.7734375,967.5732421875,30.027008056640625,0.0009640338973895268,0.36022859708759114
65.7890625,967.5639038085938,30.020301818847656,-0.008210783582853765,0.3507604658626349
65.8046875,967.57177734375,30.01844024658203,-0.0003306615432165927,0.3461731209907839
65.8203125,967.5594482421876,30.01509094238281,-0.012412502107395085,0.3401455057228766
65.8359375,967.5742797851562,30.00987243652344,0.0023717939694734014,0.33231038267707547
65.8515625,967.5723876953124,30.02328491210937,0.0004703349044348215,0.34302189843282704
65.8671875,967.5726318359376,30.025146484375,0.0007005209295130044,0.3421890685836253
65.8828125,967.563720703125,30.025146484375,-0.008050248369727342,0.339515716485316
65.8984375,967.5753784179688,30.02141571044922,0.003537008144462561,0.333161622695787
65.9140625,967.5718383789062,30.020301818847656,-2.971720391542476e-06,0.32945360819505254
65.9296875,967.5675048828124,30.01844024658203,-0.004251771177223418,0.32503272314873044
65.9453125,967.5715942382812,30.01844024658203,-0.00015924352658203134,0.3224934049991326
65.9609375,967.5581665039062,30.013595581054688,-0.013321607239390687,0.31516710869466635
65.9765625,967.571044921875,30.020301818847656,-0.0004345332301909366,0.31935871096819923
65.9921875,967.5675048828124,30.012107849121094,-0.0038969439276570483,0.3087337667006871
66.0078125,967.5696411132812,30.020301818847656,-0.001726324524042866,0.3144517384864116
66.0234375,967.5773315429688,30.02104949951172,0.005847618734492244,0.31273692368836237
66.0390625,967.5602416992188,30.00316619873047,-0.011022650308177617,0.29255007897815233
66.0546875,967.5643310546876,30.01434326171875,-0.006797878924430734,0.30135427366981915
66.0703125,967.5888061523438,30.013595581054688,0.017331960553406134,0.29825810399789887
66.0859375,967.5728759765624,30.00353240966797,0.0013744061632223747,0.2859434097001561
66.1015625,967.5578002929688,30.00652313232422,-0.013433674355610492,0.28667683444737335
66.1171875,967.5665893554688,30.00726318359375,-0.004553896780294053,0.2851714412972406
66.1328125,967.5726928710938,30.006149291992188,0.0015193528516874721,0.2818383500886803
66.1484375,967.5665893554688,30.00390625,-0.004494628344104967,0.2774109697519904
66.1640625,967.5711669921876,30.00316619873047,8.13871174614178e-05,0.27450942693181446
66.1796875,967.571044921875,29.99161529541016,-3.988860146364459e-05,0.26090416014579176
66.1953125,967.5576171875,30.00055694580078,-0.013204583465153519,0.26773764014159696
66.2109375,967.569580078125,30.004653930664062,-0.0012174410268244173,0.26971091699702754
66.2265625,967.5803833007812,30.001296997070312,0.009398559331998513,0.26427309290793843
66.2421875,967.5696411132812,29.995346069335938,-0.0013173854302976906,0.2563040232581457
66.2578125,967.5781860351562,29.999435424804688,0.007086373623565123,0.25835905545559257
66.2734375,967.5499877929688,29.99720764160156,-0.020699527380998006,0.25413024668799267
66.2890625,967.5692138671876,29.999435424804688,-0.0014446747800320736,0.2543552327825971
66.3046875,967.5841674804688,29.98453521728516,0.013245092045963247,0.23758428287820266
66.3203125,967.5733642578124,29.98975372314453,0.0023941766280586307,0.2409058919505611
66.3359375,967.5562133789062,29.980438232421875,-0.014468485436736955,0.22978110121831108
66.3515625,967.5723266601562,29.979698181152344,0.0016126708950423563,0.22725166674605646
66.3671875,967.57763671875,29.984169006347656,0.006787519928479924,0.22991215997307535
66.3828125,967.56787109375,29.980438232421875,-0.00291993895689302,0.22441434396879956
66.3984375,967.5491333007812,29.976707458496094,-0.021234729348975634,0.21895947965205664
66.4140625,967.584716796875,29.969635009765625,0.014068517394321134,0.21023166349251454
66.4296875,967.5625610351562,29.974105834960938,-0.00792929033366363,0.2130251254949549
66.4453125,967.5557861328124,29.958457946777344,-0.014417001414244623,0.19583522764486716
66.4609375,967.5564575195312,29.951004028320312,-0.01347714565838487,0.1869095802098073
66.4765625,967.5470581054688,29.951004028320312,-0.022429751913819018,0.18544934911441757
66.4921875,967.5470581054688,29.96479034423828,-0.021991670821762455,0.19767913639931933
66.5078125,967.5413208007812,29.955474853515625,-0.027187393956296546,0.18689205469481251
66.5234375,967.5501098632812,29.946533203125,-0.018038989045066955,0.1765601667705603
66.5390625,967.5607299804688,29.94281005859375,-0.007273972016605512,0.17148673300306427
66.5546875,967.5511474609376,29.937225341796875,-0.016527263197190223,0.16460590670457975
66.5703125,967.5541381835938,29.93535614013672,-0.013272154983610562,0.1614653245362625
66.5859375,967.5570678710938,29.93163299560547,-0.01014046616558062,0.1565098192237251
66.6015625,967.557861328125,29.93163299560547,-0.009164450362163734,0.15528708626104049
66.6171875,967.5609130859376,29.93647003173828,-0.0059933040231499035,0.1588731526876508
66.6328125,967.5565185546876,29.930885314941406,-0.01018494786546853,0.15209086998537913
66.6484375,967.555908203125,29.92455291748047,-0.01058445373610084,0.14461973445784437
66.6640625,967.5369262695312,29.91151428222656,-0.02898891882728094,0.13055312186640222
66.6796875,967.554443359375,29.920455932617188,-0.011247769823739873,0.13840496934877322
66.6953125,967.5548095703124,29.909278869628903,-0.010669028439338035,0.12623393834204677
66.7109375,967.543701171875,29.89288330078125,-0.02135208650804543,0.10898025723271942
66.7265625,967.5725708007812,29.898849487304688,0.0073707153982240925,0.1140484246643112
66.7421875,967.5597534179688,29.904808044433597,-0.005340287191302195,0.1190694272479611
66.7578125,967.5592041015624,29.88617706298828,-0.005774572277346124,0.09965377044481016
66.7734375,967.5450439453124,29.87872314453125,-0.019545378360817267,0.09147954064412289
66.7890625,967.5770874023438,29.86829376220703,0.012253975571525189,0.08041695395802861
66.8046875,967.5497436523438,29.865692138671875,-0.014795052271665554,0.07720739815394495
66.8203125,967.5756225585938,29.8746337890625,0.010867372455322766,0.08547600910281616
66.8359375,967.5851440429688,29.861587524414062,0.019990636970305786,0.07186388707582836
66.8515625,967.5587768554688,29.865310668945312,-0.006252008527212638,0.07499650792264845
66.8671875,967.568359375,29.834762573242188,0.0032654619609502333,0.044101158999058754
66.8828125,967.5614013671876,29.834762573242188,-0.003620425815256567,0.043756618694377636
66.8984375,967.5827026367188,29.834762573242188,0.017335514737055746,0.043414770110828727
66.9140625,967.583984375,29.831787109375,0.01825363479531461,0.040123374163613335
66.9296875,967.5792846679688,29.82098388671875,0.013289202612440931,0.02909108782371206
66.9453125,967.5634765625,29.82098388671875,-0.002469705534849709,0.02886381370008806
66.9609375,967.56591796875,29.812408447265625,-2.7746564455810585e-05,0.02012987132316013
66.9765625,967.57177734375,29.813156127929688,0.005717729442608288,0.020714446112322094
66.9921875,967.577880859375,29.80644989013672,0.011590361374828717,0.013898769191857951
67.0078125,967.5771484375,29.791168212890625,0.010645870368989563,-0.0013721040850604993
67.0234375,967.5474243164062,29.800865173339844,-0.018705628640304894,0.008259818423812959
67.0390625,967.5765380859376,29.783721923828125,0.01020485688923145,-0.008814029282532942
67.0546875,967.572265625,29.789306640625,0.0058165288431837325,-0.003204083481865183
67.0703125,967.5661010742188,29.78148651123047,-0.00034122463455332763,-0.010938086213300835
67.0859375,967.5798950195312,29.779991149902344,0.013189972227223734,-0.012336311232509445
67.1015625,967.5731201171876,29.76993560791016,0.0062897755499307095,-0.022216916871375503
67.1171875,967.572021484375,29.75316619873047,0.005089753230777205,-0.03868174537879199
67.1328125,967.5634155273438,29.75839233398437,-0.003447527945013462,-0.0331942381707897
67.1484375,967.5499877929688,29.74945068359375,-0.016545667352829696,-0.04180670193202474
67.1640625,967.5764770507812,29.7464599609375,0.00974937970852352,-0.04444744470868045
67.1796875,967.5779418945312,29.747581481933597,0.010995195656619217,-0.04298743993357945
67.1953125,967.5616455078124,29.74571990966797,-0.005197652174274481,-0.04449862929140025
67.2109375,967.5863647460938,29.741989135742188,0.019140305128416912,-0.047852611004547185
67.2265625,967.5792846679688,29.73491668701172,0.011824675694811049,-0.05449595770583571
67.2421875,967.5614624023438,29.72075653076172,-0.005880449501887597,-0.06811973806555471
67.2578125,967.5526123046876,29.70957946777344,-0.014442841158825104,-0.07867729479560026
67.2734375,967.5635986328124,29.708091735839844,-0.0033890030138081784,-0.07953873745787732
67.2890625,967.5701904296876,29.691696166992188,0.003140239293770719,-0.095184819537522
67.3046875,967.5775756835938,29.69541931152344,0.01031991716081393,-0.09074713067028028
67.3203125,967.5694580078124,29.68573760986328,0.0021592288525198455,-0.099644232077857
67.3359375,967.5811767578124,29.687599182128903,0.013606924578084545,-0.09701873278245188
67.3515625,967.564208984375,29.67939758300781,-0.003295207279961687,-0.10439829806054846
67.3671875,967.5670166015624,29.6749267578125,-0.00047806684858642257,-0.10801858323042168
67.3828125,967.5628662109376,29.66077423095703,-0.004538057913350713,-0.12121664828834611
67.3984375,967.5631713867188,29.64922332763672,-0.004150208653072696,-0.13173030511171646
67.4140625,967.5746459960938,29.64512634277344,0.007181346020274759,-0.13476613927206316
67.4296875,967.5626831054688,29.63581085205078,-0.0046881550616717504,-0.14295599226039002
67.4453125,967.5604248046876,29.64289093017578,-0.006810782877096244,-0.13481438355620767
67.4609375,967.5807495117188,29.6246337890625,0.013249980322939336,-0.15187565338300857
67.4765625,967.5787353515624,29.608985900878903,0.011016370553988963,-0.16621476389811818
67.4921875,967.5721435546876,29.60302734375,0.004338156224548584,-0.17082821695649741
67.5078125,967.549560546875,29.59557342529297,-0.017888506830445294,-0.17688930623060983
67.5234375,967.5712890625,29.58179473876953,0.003765008622735877,-0.1891783990606548
67.5390625,967.5618286132812,29.55384826660156,-0.005584201521855903,-0.21542858317215519
67.5546875,967.5662231445312,29.572479248046875,-0.0011664345244071228,-0.19526012046334884
67.5703125,967.55419921875,29.53820037841797,-0.012932736080983886,-0.2277457167321586
67.5859375,967.5577392578124,29.544158935546875,-0.009209245904912677,-0.22005444741885327
67.6015625,967.5706176757812,29.522918701171875,0.003597508547045436,-0.23940956709233774
67.6171875,967.5737915039062,29.526275634765625,0.006639084002699747,-0.2342084722993789
67.6328125,967.5595703125,29.49982452392578,-0.007434019368361078,-0.2586231801459462
67.6484375,967.56640625,29.514732360839844,-0.0005864005818239093,-0.24181131711288373
67.6640625,967.5905151367188,29.49647521972656,0.02306306257958113,-0.25803667339627623
67.6796875,967.5525512695312,29.48491668701172,-0.0146097732679209,-0.2674889935633722
67.6953125,967.5636596679688,29.49274444580078,-0.003432988603208287,-0.2576326313776356
67.7109375,967.558349609375,29.486785888671875,-0.008572284556407794,-0.2615318823463362
67.7265625,967.577880859375,29.473373413085938,0.0107449231497867,-0.27279635513592737
67.7421875,967.5562133789062,29.459213256835938,-0.01070922612132108,-0.28471466364072384
67.7578125,967.5772705078124,29.45325469970703,0.010145795308517336,-0.288402336232366
67.7734375,967.5607299804688,29.455856323242188,-0.006269834925092255,-0.28356789462926457
67.7890625,967.5676879882812,29.444679260253903,0.0006747320106796906,-0.29244226263616113
67.8046875,967.5762939453124,29.427169799804688,0.009099425583940501,-0.3075302252487724
67.8203125,967.5634155273438,29.427169799804688,-0.0037051839397008735,-0.30512764536401704
67.8359375,967.5658569335938,29.426795959472656,-0.0012390945316838042,-0.30311475533904897
67.8515625,967.563232421875,29.4241943359375,-0.00378814519081061,-0.3033279696642488
67.8671875,967.566162109375,29.411529541015625,-0.0008416909390689398,-0.3135240711127949
67.8828125,967.5580444335938,29.394386291503903,-0.008784379089092909,-0.3280839821821395
67.8984375,967.5648193359376,29.41561889648437,-0.001970229152561842,-0.3044541008172814
67.9140625,967.5682373046876,29.382843017578125,0.0014194634334216971,-0.3345953705069391
67.9296875,967.5634765625,29.386932373046875,-0.0032760194035290624,-0.32792393679570253
67.9453125,967.5700073242188,29.388427734375,0.0031911731293803314,-0.3238783522217368
67.9609375,967.567138671875,29.389549255371094,0.0003162215515430944,-0.3202352934816943
67.9765625,967.5642700195312,29.374267578125,-0.002502578628309493,-0.3328957443939764
67.9921875,967.5595092773438,29.36272430419922,-0.007121459081076864,-0.3417480884891333
68.0078125,967.5728759765624,29.378738403320312,0.006123262791106754,-0.3231891925761019
68.0234375,967.5606079101562,29.369430541992188,-0.006024787919386654,-0.32989942067059985
68.0390625,967.568115234375,29.369796752929688,0.001453580512247754,-0.32695873153205923
68.0546875,967.568115234375,29.36607360839844,0.0014251902679234263,-0.3280984239065603
68.0703125,967.5811767578124,29.362350463867188,0.014203770078211164,-0.3292292124343952
68.0859375,967.573974609375,29.35191345214844,0.006864871218112967,-0.33701258177694626
68.1015625,967.5631713867188,29.347442626953125,-0.003861430511619801,-0.338815567855292
68.1171875,967.5687255859376,29.336265563964844,0.0016597068184864838,-0.34725831341510727
68.1328125,967.5870361328124,29.34520721435547,0.019580209675837068,-0.33567356409460203
68.1484375,967.5697631835938,29.337013244628903,0.002262196776428027,-0.3411810687131904
68.1640625,967.5712280273438,29.32099151611328,0.003654246766132019,-0.35441215037546314
68.1796875,967.5628051757812,29.32919311523437,-0.004675467983929593,-0.3435057813226976
68.1953125,967.5807495117188,29.329559326171875,0.013009710376309158,-0.3404587924915603
68.2109375,967.56982421875,29.31949615478516,0.0020437061300526693,-0.3477835110354768
68.2265625,967.568115234375,29.304229736328125,0.00032818422073432885,-0.3602136019183497
68.2421875,967.5670776367188,29.30645751953125,-0.0006955577043754602,-0.3551890545065106
68.2578125,967.5612182617188,29.298263549804688,-0.006426906674960264,-0.36054409435625345
68.2734375,967.5707397460938,29.301612854003903,0.003034136729297643,-0.3544042058589376
68.2890625,967.5606689453124,29.29975891113281,-0.0068992292073062345,-0.35347488194307886
68.3046875,967.5885620117188,29.287086486816406,0.020583801316206518,-0.3632867804293305
68.3203125,967.5592041015624,29.27777862548828,-0.0086027395268502,-0.36968374611872434
68.3359375,967.571533203125,29.277023315429688,0.0036535815272600303,-0.3675450010509316
68.3515625,967.5696411132812,29.27031707763672,0.001727087549056705,-0.37132740104043194
68.3671875,967.55859375,29.254669189453125,-0.009138239096841971,-0.38395204477696154
68.3828125,967.5720825195312,29.25765991210937,0.004265559136911179,-0.37798506179164804
68.3984375,967.5785522460938,29.254302978515625,0.010525612150559027,-0.3783627610464464
68.4140625,967.5787963867188,29.24201202392578,0.010559406041693364,-0.3876017334828816
68.4296875,967.5731811523438,29.25542449951172,0.00484760581377941,-0.3712659043196247
68.4453125,967.5721435546876,29.251693725585938,0.0037355939358576506,-0.3720670166966151
68.4609375,967.5717163085938,29.24237823486328,0.0032437316732512045,-0.3784029565800573
68.4765625,967.567626953125,29.240142822265625,-0.0008291077057265284,-0.3776646319185133
68.4921875,967.5723266601562,29.22710418701172,0.003795001682419752,-0.38765089789763607
68.5078125,967.5684204101562,29.226730346679688,-0.0001090754989263587,-0.3849932949622463
68.5234375,967.5526123046876,29.231201171875,-0.015606298526790852,-0.3775496379718781
68.5390625,967.5658569335938,29.212570190429688,-0.0023155432609200943,-0.39308545832799524
68.5546875,967.5736694335938,29.22225952148437,0.00538959430275554,-0.3804008450289871
68.5703125,967.564208984375,29.204010009765625,-0.003991346030943532,-0.39553590083564316
68.5859375,967.5665283203124,29.205490112304688,-0.0016393536463965575,-0.39097723737238965
68.6015625,967.556396484375,29.189476013183597,-0.011541283537212621,-0.4038117166771258
68.6171875,967.5771484375,29.18836212158203,0.009030773697418226,-0.4017621269640159
68.6328125,967.564208984375,29.17866516113281,-0.0038323380325664402,-0.408244563292822
68.6484375,967.553955078125,29.16786193847656,-0.013811122323886593,-0.4157739751213434
68.6640625,967.5748901367188,29.169723510742188,0.006984796889582867,-0.410678712208405
68.6796875,967.57568359375,29.17271423339844,0.007626334898986897,-0.4045029271337768
68.6953125,967.5692749023438,29.168243408203125,0.001193861393289808,-0.40577864488902193
68.7109375,967.5626220703124,29.155197143554688,-0.005352350117846072,-0.4155528399316992
68.7265625,967.5655517578124,29.16265106201172,-0.002375344988536199,-0.40491064865064885
68.7421875,967.5639038085938,29.154830932617188,-0.0039447142421522585,-0.40950631884170363
68.7578125,967.5612182617188,29.154830932617188,-0.0065007638297629455,-0.40630705072575424
68.7734375,967.5740356445312,29.139183044433597,0.006193247518240241,-0.418658415949114
68.7890625,967.5491333007812,29.154449462890625,-0.01834368419599741,-0.40024049751167823
68.8046875,967.5630493164062,29.13880920410156,-0.004341190669265416,-0.4126316878921443
68.8203125,967.5759887695312,29.13471221923828,0.00843032764214513,-0.41347297999952204
68.8359375,967.5590209960938,29.11607360839844,-0.008370698807198096,-0.4287357190359309
68.8515625,967.5673828125,29.115333557128903,-8.708916539035272e-06,-0.4261204908499572
68.8671875,967.5636596679688,29.119064331054688,-0.0036589656851901964,-0.4190897972607033
68.8828125,967.5701293945312,29.11309814453125,0.002755863203901754,-0.4217352339108267
68.8984375,967.5689086914062,29.118682861328125,0.0015051764836471193,-0.4128993411989974
68.9140625,967.5768432617188,29.11309814453125,0.009255376741521104,-0.41521465129277857
68.9296875,967.5695190429688,29.10936737060547,0.0018934400619627922,-0.4156724140840389
68.9453125,967.5751953125,29.09484100341797,0.0074218637026888246,-0.42683785329285584
68.9609375,967.5778198242188,29.11235809326172,0.00985015715150439,-0.4061229449846593
68.9765625,967.5797729492188,29.100799560546875,0.01157274929698815,-0.414418341154974
68.9921875,967.577392578125,29.09000396728516,0.00901283956648058,-0.42189195055405904
69.0078125,967.570068359375,29.085899353027344,0.0016556399411911116,-0.4226684666492808
69.0234375,967.5641479492188,29.08515930175781,-0.004181473921789802,-0.42010063887257587
69.0390625,967.5804443359376,29.072120666503903,0.011878293406539342,-0.42975537354736915
69.0546875,967.564453125,29.079566955566406,-0.004032587110600616,-0.4190097947623279
69.0703125,967.5731811523438,29.069129943847656,0.004603732416057937,-0.426091753305446
69.0859375,967.5787353515624,29.06354522705078,0.009959534532413272,-0.4283039976796452
69.1015625,967.5647583007812,29.043800354003903,-0.0039390491344875045,-0.44454848892397436
69.1171875,967.5637817382812,29.047531127929688,-0.0048196035947967175,-0.4373738265997673
69.1328125,967.5563354492188,29.04454040527344,-0.012026324441308134,-0.4369242012149499
69.1484375,967.5596923828124,29.044174194335938,-0.008500066807641815,-0.433874080807513
69.1640625,967.563232421875,29.043800354003903,-0.004863152203142818,-0.430855359255645
69.1796875,967.563232421875,29.04082489013672,-0.00476816876164321,-0.43044151981718315
69.1953125,967.5701904296876,29.03895568847656,0.0021470687570399605,-0.4289332939658017
69.2109375,967.57177734375,29.03411865234375,0.003661053467453712,-0.43038149939471637
69.2265625,967.57373046875,29.03895568847656,0.005504526544314103,-0.42221989714267494
69.2421875,967.5669555664062,29.02479553222656,-0.0012455637721586754,-0.43297083422554294
69.2578125,967.5701904296876,29.02741241455078,0.0019504460032067072,-0.42699181165209055
69.2734375,967.568115234375,29.011383056640625,-0.00012231279947627627,-0.43956006667504255
69.2890625,967.5591430664062,29.01995086669922,-0.00891685419071564,-0.42762512961163424
69.3046875,967.5733642578124,29.00244140625,0.005200736879146461,-0.44165697607600407
69.3203125,967.5690307617188,28.99127197265625,0.0008503024889705557,-0.4492887033442088
69.3359375,967.5701904296876,28.997596740722656,0.001970713222362974,-0.4395032795334437
69.3515625,967.5850830078124,29.007293701171875,0.016533930187961232,-0.4264484572163809
69.3671875,967.578125,29.00132751464844,0.00938889264170939,-0.42903640433559787
69.3828125,967.5676879882812,28.984939575195312,-0.0010276480013544642,-0.4419444661028784
69.3984375,967.5689697265624,28.982704162597656,0.0002491275789680003,-0.4407097233981858
69.4140625,967.565673828125,28.97450256347656,-0.002987263615068514,-0.44540420281209947
69.4296875,967.5636596679688,28.98008728027344,-0.004903739713313371,-0.43638339628072487
69.4453125,967.55810546875,28.97376251220703,-0.010253682312281853,-0.439249506813173
69.4609375,967.5653076171876,28.98641967773437,-0.0029919336036527966,-0.42325958861953694
69.4765625,967.5734252929688,28.967796325683597,0.005025630025556893,-0.4384307301963233
69.4921875,967.5701904296876,28.97376251220703,0.0017557908314529413,-0.4290859144254462
69.5078125,967.57568359375,28.959976196289062,0.007107373743565404,-0.43941229104385826
69.5234375,967.5516967773438,28.954010009765625,-0.016549766048228776,-0.44189895821130065
69.5390625,967.5589599609376,28.9521484375,-0.00910520389084013,-0.44029365133257414
69.5546875,967.5611572265624,28.95028686523437,-0.006773017596856334,-0.4387008859138426
69.5703125,967.5609741210938,28.946563720703125,-0.006820261286861751,-0.43896759270723607
69.5859375,967.55810546875,28.9447021484375,-0.009499677036274079,-0.4373851871215102
69.6015625,967.56640625,28.9447021484375,-0.0011754798529182153,-0.433968115347124
69.6171875,967.5645751953124,28.9376220703125,-0.0029478131627911353,-0.43760250446062443
69.6328125,967.5675048828124,28.93389129638672,-1.7771645957509463e-05,-0.43788536214901086
69.6484375,967.5714111328124,28.9376220703125,0.003812531511243833,-0.43076275550273735
69.6640625,967.56201171875,28.929054260253903,-0.005477763751287057,-0.4358982955178874
69.6796875,967.5610961914062,28.929054260253903,-0.006268422128300699,-0.432492840084155
69.6953125,967.5610961914062,28.92047882080078,-0.006145992008555368,-0.4376224336033907
69.7109375,967.5748291015624,28.931655883789062,0.00743873615249413,-0.4231137661571793
69.7265625,967.5833129882812,28.939849853515625,0.015611634143397168,-0.411678235521002
69.7421875,967.572021484375,28.93053436279297,0.004235752693489303,-0.41770471275738075
69.7578125,967.571044921875,28.92420959472656,0.0031955341349885202,-0.42071675050485524
69.7734375,967.5709228515624,28.92420959472656,0.0030134352321056213,-0.41742990089153764
69.7890625,967.5623779296876,28.918243408203125,-0.005423449794193402,-0.420088305482043
69.8046875,967.5648193359376,28.921592712402344,-0.0029238005062097727,-0.4134832278353038
69.8203125,967.570068359375,28.91564178466797,0.0022798084207806824,-0.416157326229289
69.8359375,967.5792236328124,28.92718505859375,0.011211740415660643,-0.401453005019885
69.8515625,967.5706787109376,28.91302490234375,0.0026147322412271023,-0.4123661834474639
69.8671875,967.578857421875,28.906326293945312,0.010582633741478276,-0.415790848159606
69.8828125,967.5678100585938,28.90594482421875,-0.0004556527909471697,-0.4129209716526816
69.8984375,967.5676879882812,28.90594482421875,-0.0005664394491304847,-0.40969502656164636
69.9140625,967.5676879882812,28.91377258300781,-0.0005553761786813993,-0.3987276797431143
69.9296875,967.5581665039062,28.910797119140625,-0.009880046870989645,-0.3985648378008442
69.9453125,967.5609130859376,28.904464721679688,-0.0069941393544468156,-0.4017339756113003
69.9609375,967.5791015625,28.895523071289062,0.010975697809385565,-0.4074672226737839
69.9765625,967.5720825195312,28.907814025878903,0.0038793764257434304,-0.3920889534895373
69.9921875,967.5538940429688,28.90222930908203,-0.01402962552469944,-0.39456684473729453
70.0078125,967.5764770507812,28.90185546875,0.00838632403997508,-0.391855210967222
70.0234375,967.560546875,28.908935546875,-0.007396510886906071,-0.3817690771168927
70.0390625,967.5637817382812,28.89440155029297,-0.004080365425807031,-0.3932069559356499
70.0546875,967.5592041015624,28.89961242675781,-0.008488900540328359,-0.3849648600999451
70.0703125,967.5628051757812,28.894027709960938,-0.004792360963620013,-0.38749840832731053
70.0859375,967.5530395507812,28.903709411621094,-0.014273650300310692,-0.37486501364631764
70.1015625,967.55224609375,28.882850646972656,-0.01477282789153378,-0.3926321862768276
70.1171875,967.5536499023438,28.894027709960938,-0.013107905639571982,-0.3784750051378545
70.1328125,967.5670166015624,28.872787475585938,0.00025373901701186696,-0.3965924642041614
70.1484375,967.5647583007812,28.889556884765625,-0.00196541016714491,-0.37685568740709385
70.1640625,967.5586547851562,28.87540435791016,-0.007911329585226667,-0.3879534625886336
70.1796875,967.565673828125,28.878379821777344,-0.0008748591435505659,-0.38197035810643953
70.1953125,967.5676879882812,28.87540435791016,0.001117049039748963,-0.38193843273945305
70.2109375,967.5748291015624,28.875770568847656,0.008096870088024843,-0.37859118881912934
70.2265625,967.5748291015624,28.87688446044922,0.007938728094131875,-0.3745282558330558
70.2421875,967.5689086914062,28.8731689453125,0.0019788976658219326,-0.375288741509074
70.2578125,967.5696411132812,28.869064331054688,0.0026583640810713405,-0.37642934517495874
70.2734375,967.556396484375,28.8660888671875,-0.010379501840361627,-0.3764407089715043
70.2890625,967.5707397460938,28.867576599121094,0.0038863426932493894,-0.3720236569048012
70.3046875,967.5812377929688,28.87353515625,0.014103444459465209,-0.36320521618389634
70.3203125,967.5715942382812,28.85565185546875,0.004372782549808107,-0.3781112629263568
70.3359375,967.5481567382812,28.86534118652344,-0.018692359687520366,-0.365543635528919
70.3515625,967.5584106445312,28.84558868408203,-0.008273639893786822,-0.38228601189243605
