t,i
0.00000000,1.510
0.00000500,1.494
0.00001000,1.470
0.00001500,1.452
0.00002000,1.451
0.00002500,1.457
0.00003000,1.459
0.00003500,1.462
0.00004000,1.455
0.00004500,1.468
0.00005000,1.475
0.00005500,1.481
0.00006000,1.488
0.00006500,1.510
0.00007000,1.521
0.00007500,1.534
0.00008000,1.544
0.00008500,1.557
0.00009000,1.559
0.00009500,1.562
0.00010000,1.549
0.00010500,1.559
0.00011000,1.557
0.00011500,1.570
0.00012000,1.546
0.00012500,1.534
0.00013000,1.497
0.00013500,1.464
0.00014000,1.449
0.00014500,1.436
0.00015000,1.435
0.00015500,1.420
0.00016000,1.412
0.00016500,1.410
0.00017000,1.409
0.00017500,1.422
0.00018000,1.422
0.00018500,1.436
0.00019000,1.449
0.00019500,1.451
0.00020000,1.459
0.00020500,1.478
0.00021000,1.478
0.00021500,1.481
0.00022000,1.480
0.00022500,1.473
0.00023000,1.476
0.00023500,1.475
0.00024000,1.473
0.00024500,1.464
0.00025000,1.433
0.00025500,1.410
0.00026000,1.364
0.00026500,1.348
0.00027000,1.322
0.00027500,1.307
0.00028000,1.307
0.00028500,1.320
0.00029000,1.314
0.00029500,1.307
0.00030000,1.320
0.00030500,1.330
0.00031000,1.338
0.00031500,1.340
0.00032000,1.351
0.00032500,1.361
0.00033000,1.364
0.00033500,1.356
0.00034000,1.352
0.00034500,1.348
0.00035000,1.327
0.00035500,1.311
0.00036000,1.306
0.00036500,1.317
0.00037000,1.333
0.00037500,1.312
0.00038000,1.309
0.00038500,1.282
0.00039000,1.269
0.00039500,1.246
0.00040000,1.238
0.00040500,1.257
0.00041000,1.249
0.00041500,1.274
0.00042000,1.267
0.00042500,1.282
0.00043000,1.286
0.00043500,1.285
0.00044000,1.299
0.00044500,1.304
0.00045000,1.301
0.00045500,1.291
0.00046000,1.290
0.00046500,1.283
0.00047000,1.278
0.00047500,1.262
0.00048000,1.259
0.00048500,1.267
0.00049000,1.259
0.00049500,1.256
0.00050000,1.251
0.00050500,1.240
0.00051000,1.216
0.00051500,1.188
0.00052000,1.177
0.00052500,1.164
0.00053000,1.154
0.00053500,1.146
0.00054000,1.154
0.00054500,1.151
0.00055000,1.153
0.00055500,1.146
0.00056000,1.158
0.00056500,1.172
0.00057000,1.175
0.00057500,1.180
0.00058000,1.191
0.00058500,1.191
0.00059000,1.200
0.00059500,1.193
0.00060000,1.188
0.00060500,1.179
0.00061000,1.172
0.00061500,1.166
0.00062000,1.154
0.00062500,1.158
0.00063000,1.134
0.00063500,1.105
0.00064000,1.092
0.00064500,1.064
0.00065000,1.045
0.00065500,1.027
0.00066000,1.032
0.00066500,1.029
0.00067000,1.024
0.00067500,1.010
0.00068000,1.024
0.00068500,1.022
0.00069000,1.026
0.00069500,1.027
0.00070000,1.040
0.00070500,1.045
0.00071000,1.047
0.00071500,1.047
0.00072000,1.056
0.00072500,1.050
0.00073000,1.031
0.00073500,1.032
0.00074000,1.047
0.00074500,1.040
0.00075000,1.048
0.00075500,1.042
0.00076000,1.037
0.00076500,1.016
0.00077000,1.002
0.00077500,0.982
0.00078000,0.993
0.00078500,0.985
0.00079000,0.979
0.00079500,0.987
0.00080000,0.987
0.00080500,0.998
0.00081000,0.984
0.00081500,1.000
0.00082000,0.998
0.00082500,1.005
0.00083000,1.005
0.00083500,1.002
0.00084000,1.011
0.00084500,1.003
0.00085000,0.995
0.00085500,0.981
0.00086000,0.976
0.00086500,0.969
0.00087000,0.953
0.00087500,0.952
0.00088000,0.940
0.00088500,0.921
0.00089000,0.897
0.00089500,0.870
0.00090000,0.853
0.00090500,0.837
0.00091000,0.820
0.00091500,0.829
0.00092000,0.832
0.00092500,0.836
0.00093000,0.824
0.00093500,0.831
0.00094000,0.836
0.00094500,0.842
0.00095000,0.839
0.00095500,0.841
0.00096000,0.844
0.00096500,0.842
0.00097000,0.842
0.00097500,0.837
0.00098000,0.837
0.00098500,0.836
0.00099000,0.828
0.00099500,0.820
0.00100000,0.812
0.00100500,0.824
0.00101000,0.808
0.00101500,0.804
0.00102000,0.787
0.00102500,0.771
0.00103000,0.760
0.00103500,0.755
0.00104000,0.765
0.00104500,0.783
0.00105000,0.779
0.00105500,0.791
0.00106000,0.786
0.00106500,0.795
0.00107000,0.786
0.00107500,0.797
0.00108000,0.805
0.00108500,0.807
0.00109000,0.800
0.00109500,0.805
0.00110000,0.804
0.00110500,0.797
0.00111000,0.787
0.00111500,0.781
0.00112000,0.781
0.00112500,0.783
0.00113000,0.789
0.00113500,0.794
0.00114000,0.791
0.00114500,0.786
0.00115000,0.765
0.00115500,0.762
0.00116000,0.755
0.00116500,0.760
0.00117000,0.779
0.00117500,0.786
0.00118000,0.786
0.00118500,0.778
0.00119000,0.781
0.00119500,0.791
0.00120000,0.795
0.00120500,0.794
0.00121000,0.789
0.00121500,0.799
0.00122000,0.799
0.00122500,0.794
0.00123000,0.783
0.00123500,0.781
0.00124000,0.768
0.00124500,0.755
0.00125000,0.742
0.00125500,0.739
0.00126000,0.725
0.00126500,0.709
0.00127000,0.691
0.00127500,0.681
0.00128000,0.667
0.00128500,0.649
0.00129000,0.638
0.00129500,0.660
0.00130000,0.662
0.00130500,0.659
0.00131000,0.654
0.00131500,0.659
0.00132000,0.654
0.00132500,0.660
0.00133000,0.654
0.00133500,0.657
0.00134000,0.667
0.00134500,0.663
0.00135000,0.657
0.00135500,0.662
0.00136000,0.649
0.00136500,0.641
0.00137000,0.626
0.00137500,0.631
0.00138000,0.614
0.00138500,0.612
0.00139000,0.597
0.00139500,0.597
0.00140000,0.583
0.00140500,0.568
0.00141000,0.554
0.00141500,0.546
0.00142000,0.549
0.00142500,0.556
0.00143000,0.560
0.00143500,0.559
0.00144000,0.554
0.00144500,0.552
0.00145000,0.551
0.00145500,0.565
0.00146000,0.554
0.00146500,0.557
0.00147000,0.549
0.00147500,0.554
0.00148000,0.548
0.00148500,0.554
0.00149000,0.536
0.00149500,0.540
0.00150000,0.535
0.00150500,0.528
0.00151000,0.527
0.00151500,0.535
0.00152000,0.522
0.00152500,0.506
0.00153000,0.488
0.00153500,0.480
0.00154000,0.470
0.00154500,0.465
0.00155000,0.486
0.00155500,0.493
0.00156000,0.494
0.00156500,0.480
0.00157000,0.488
0.00157500,0.496
0.00158000,0.494
0.00158500,0.491
0.00159000,0.486
0.00159500,0.494
0.00160000,0.485
0.00160500,0.483
0.00161000,0.485
0.00161500,0.486
0.00162000,0.478
0.00162500,0.472
0.00163000,0.465
0.00163500,0.467
0.00164000,0.461
0.00164500,0.451
0.00165000,0.445
0.00165500,0.443
0.00166000,0.427
0.00166500,0.411
0.00167000,0.409
0.00167500,0.420
0.00168000,0.424
0.00168500,0.419
0.00169000,0.424
0.00169500,0.419
0.00170000,0.428
0.00170500,0.419
0.00171000,0.432
0.00171500,0.433
0.00172000,0.425
0.00172500,0.425
0.00173000,0.430
0.00173500,0.427
0.00174000,0.420
0.00174500,0.408
0.00175000,0.403
0.00175500,0.404
0.00176000,0.393
0.00176500,0.385
0.00177000,0.388
0.00177500,0.383
0.00178000,0.372
0.00178500,0.359
0.00179000,0.353
0.00179500,0.361
0.00180000,0.354
0.00180500,0.348
0.00181000,0.362
0.00181500,0.374
0.00182000,0.356
0.00182500,0.354
0.00183000,0.353
0.00183500,0.366
0.00184000,0.351
0.00184500,0.351
0.00185000,0.348
0.00185500,0.348
0.00186000,0.346
0.00186500,0.340
0.00187000,0.333
0.00187500,0.330
0.00188000,0.324
0.00188500,0.308
0.00189000,0.309
0.00189500,0.319
0.00190000,0.308
0.00190500,0.301
0.00191000,0.290
0.00191500,0.285
0.00192000,0.279
0.00192500,0.290
0.00193000,0.292
0.00193500,0.293
0.00194000,0.316
0.00194500,0.288
0.00195000,0.303
0.00195500,0.295
0.00196000,0.290
0.00196500,0.287
0.00197000,0.288
0.00197500,0.280
0.00198000,0.267
0.00198500,0.269
0.00199000,0.263
0.00199500,0.261
0.00200000,0.248
0.00200500,0.245
0.00201000,0.245
0.00201500,0.240
0.00202000,0.242
0.00202500,0.229
0.00203000,0.221
0.00203500,0.214
0.00204000,0.206
0.00204500,0.195
0.00205000,0.192
0.00205500,0.193
0.00206000,0.187
0.00206500,0.195
0.00207000,0.221
0.00207500,0.198
0.00208000,0.200
0.00208500,0.185
0.00209000,0.206
0.00209500,0.198
0.00210000,0.179
0.00210500,0.176
0.00211000,0.184
0.00211500,0.181
0.00212000,0.160
0.00212500,0.166
0.00213000,0.164
0.00213500,0.152
0.00214000,0.145
0.00214500,0.145
0.00215000,0.150
0.00215500,0.124
0.00216000,0.119
0.00216500,0.121
0.00217000,0.115
0.00217500,0.097
0.00218000,0.097
0.00218500,0.118
0.00219000,0.126
0.00219500,0.140
0.00220000,0.126
0.00220500,0.118
0.00221000,0.118
0.00221500,0.121
0.00222000,0.116
0.00222500,0.110
0.00223000,0.103
0.00223500,0.102
0.00224000,0.095
0.00224500,0.094
0.00225000,0.089
0.00225500,0.082
0.00226000,0.077
0.00226500,0.073
0.00227000,0.066
0.00227500,0.063
0.00228000,0.061
0.00228500,0.049
0.00229000,0.042
0.00229500,0.040
0.00230000,0.044
0.00230500,0.065
0.00231000,0.053
0.00231500,0.073
0.00232000,0.076
0.00232500,0.063
0.00233000,0.073
0.00233500,0.057
0.00234000,0.060
0.00234500,0.052
0.00235000,0.044
0.00235500,0.042
0.00236000,0.037
0.00236500,0.032
0.00237000,0.021
0.00237500,0.018
0.00238000,0.015
0.00238500,0.011
0.00239000,0.000
0.00239500,-0.001
0.00240000,-0.008
0.00240500,-0.011
0.00241000,-0.021
0.00241500,-0.027
0.00242000,-0.035
0.00242500,-0.042
0.00243000,-0.048
0.00243500,-0.046
0.00244000,-0.024
0.00244500,-0.013
0.00245000,-0.001
0.00245500,-0.056
0.00246000,-0.055
0.00246500,-0.056
0.00247000,-0.058
0.00247500,-0.027
0.00248000,-0.019
0.00248500,-0.017
0.00249000,-0.050
0.00249500,-0.050
0.00250000,-0.035
0.00250500,-0.029
0.00251000,-0.034
0.00251500,-0.032
0.00252000,-0.038
0.00252500,-0.043
0.00253000,-0.035
0.00253500,-0.032
0.00254000,-0.027
0.00254500,-0.035
0.00255000,-0.042
0.00255500,-0.038
0.00256000,-0.029
0.00256500,-0.032
0.00257000,-0.016
0.00257500,-0.030
0.00258000,-0.046
0.00258500,-0.058
0.00259000,-0.059
0.00259500,-0.029
0.00260000,-0.021
0.00260500,-0.035
0.00261000,-0.040
0.00261500,-0.038
0.00262000,-0.038
0.00262500,-0.043
0.00263000,-0.042
0.00263500,-0.030
0.00264000,-0.029
0.00264500,-0.045
0.00265000,-0.040
0.00265500,-0.034
0.00266000,-0.029
0.00266500,-0.034
0.00267000,-0.042
0.00267500,-0.040
0.00268000,-0.032
0.00268500,-0.035
0.00269000,-0.037
0.00269500,-0.022
0.00270000,-0.017
0.00270500,-0.038
0.00271000,-0.053
0.00271500,-0.048
0.00272000,-0.038
0.00272500,-0.037
0.00273000,-0.029
0.00273500,-0.032
0.00274000,-0.029
0.00274500,-0.040
0.00275000,-0.034
0.00275500,-0.029
0.00276000,-0.032
0.00276500,-0.040
0.00277000,-0.034
0.00277500,-0.035
0.00278000,-0.030
0.00278500,-0.035
0.00279000,-0.034
0.00279500,-0.032
0.00280000,-0.034
0.00280500,-0.035
0.00281000,-0.035
0.00281500,-0.032
0.00282000,-0.030
0.00282500,-0.027
0.00283000,-0.032
0.00283500,-0.045
0.00284000,-0.040
0.00284500,-0.042
0.00285000,-0.034
0.00285500,-0.024
0.00286000,-0.034
0.00286500,-0.040
0.00287000,-0.038
0.00287500,-0.034
0.00288000,-0.035
0.00288500,-0.038
0.00289000,-0.032
0.00289500,-0.037
0.00290000,-0.035
0.00290500,-0.040
0.00291000,-0.034
0.00291500,-0.034
0.00292000,-0.034
0.00292500,-0.038
0.00293000,-0.034
0.00293500,-0.029
0.00294000,-0.035
0.00294500,-0.040
0.00295000,-0.032
0.00295500,-0.030
0.00296000,-0.038
0.00296500,-0.045
0.00297000,-0.037
0.00297500,-0.040
0.00298000,-0.035
0.00298500,-0.035
0.00299000,-0.034
0.00299500,-0.029
0.00300000,-0.040
0.00300500,-0.038
0.00301000,-0.035
0.00301500,-0.026
0.00302000,-0.030
0.00302500,-0.032
0.00303000,-0.034
0.00303500,-0.027
0.00304000,-0.032
0.00304500,-0.034
0.00305000,-0.038
0.00305500,-0.030
0.00306000,-0.038
0.00306500,-0.043
0.00307000,-0.032
0.00307500,-0.030
0.00308000,-0.037
0.00308500,-0.035
0.00309000,-0.037
0.00309500,-0.037
0.00310000,-0.037
0.00310500,-0.037
0.00311000,-0.037
0.00311500,-0.032
0.00312000,-0.040
0.00312500,-0.038
0.00313000,-0.035
0.00313500,-0.019
0.00314000,-0.030
0.00314500,-0.029
0.00315000,-0.027
0.00315500,-0.021
0.00316000,-0.037
0.00316500,-0.034
0.00317000,-0.040
0.00317500,-0.035
0.00318000,-0.043
0.00318500,-0.048
0.00319000,-0.042
0.00319500,-0.034
0.00320000,-0.042
0.00320500,-0.040
0.00321000,-0.037
0.00321500,-0.029
0.00322000,-0.040
0.00322500,-0.037
0.00323000,-0.032
0.00323500,-0.030
0.00324000,-0.037
0.00324500,-0.037
0.00325000,-0.034
0.00325500,-0.030
0.00326000,-0.035
0.00326500,-0.035
0.00327000,-0.034
0.00327500,-0.027
0.00328000,-0.038
0.00328500,-0.032
0.00329000,-0.030
0.00329500,-0.032
0.00330000,-0.035
0.00330500,-0.038
0.00331000,-0.034
0.00331500,-0.032
0.00332000,-0.038
0.00332500,-0.038
0.00333000,-0.032
0.00333500,-0.032
0.00334000,-0.035
0.00334500,-0.035
0.00335000,-0.034
0.00335500,-0.026
0.00336000,-0.038
0.00336500,-0.040
0.00337000,-0.032
0.00337500,-0.029
0.00338000,-0.034
0.00338500,-0.032
0.00339000,-0.026
0.00339500,-0.027
0.00340000,-0.035
0.00340500,-0.038
0.00341000,-0.027
0.00341500,-0.030
0.00342000,-0.032
0.00342500,-0.038
0.00343000,-0.026
0.00343500,-0.030
0.00344000,-0.035
0.00344500,-0.034
0.00345000,-0.026
0.00345500,-0.035
0.00346000,-0.037
0.00346500,-0.037
0.00347000,-0.024
0.00347500,-0.032
0.00348000,-0.035
0.00348500,-0.034
0.00349000,-0.032
0.00349500,-0.037
0.00350000,-0.037
0.00350500,-0.035
0.00351000,-0.029
0.00351500,-0.032
0.00352000,-0.032
0.00352500,-0.032
0.00353000,-0.026
0.00353500,-0.030
0.00354000,-0.032
0.00354500,-0.032
0.00355000,-0.024
0.00355500,-0.032
0.00356000,-0.035
0.00356500,-0.030
0.00357000,-0.022
0.00357500,-0.027
0.00358000,-0.032
0.00358500,-0.034
0.00359000,-0.017
0.00359500,-0.029
0.00360000,-0.030
0.00360500,-0.032
0.00361000,-0.021
0.00361500,-0.053
0.00362000,-0.114
0.00362500,-0.154
0.00363000,-0.203
0.00363500,-0.235
0.00364000,-0.269
0.00364500,-0.293
0.00365000,-0.314
0.00365500,-0.349
0.00366000,-0.362
0.00366500,-0.383
0.00367000,-0.394
0.00367500,-0.423
0.00368000,-0.465
0.00368500,-0.486
0.00369000,-0.517
0.00369500,-0.533
0.00370000,-0.554
0.00370500,-0.568
0.00371000,-0.565
0.00371500,-0.526
0.00372000,-0.542
0.00372500,-0.518
0.00373000,-0.507
0.00373500,-0.560
0.00374000,-0.562
0.00374500,-0.600
0.00375000,-0.591
0.00375500,-0.631
0.00376000,-0.657
0.00376500,-0.684
0.00377000,-0.690
0.00377500,-0.706
0.00378000,-0.721
0.00378500,-0.713
0.00379000,-0.715
0.00379500,-0.761
0.00380000,-0.769
0.00380500,-0.813
0.00381000,-0.822
0.00381500,-0.838
0.00382000,-0.843
0.00382500,-0.845
0.00383000,-0.826
0.00383500,-0.822
0.00384000,-0.813
0.00384500,-0.792
0.00385000,-0.761
0.00385500,-0.731
0.00386000,-0.764
0.00386500,-0.768
0.00387000,-0.785
0.00387500,-0.824
0.00388000,-0.827
0.00388500,-0.858
0.00389000,-0.882
0.00389500,-0.911
0.00390000,-0.914
0.00390500,-0.922
0.00391000,-0.935
0.00391500,-0.938
0.00392000,-0.938
0.00392500,-0.959
0.00393000,-0.969
0.00393500,-0.979
0.00394000,-0.970
0.00394500,-0.966
0.00395000,-0.969
0.00395500,-0.962
0.00396000,-0.951
0.00396500,-0.919
0.00397000,-0.879
0.00397500,-0.808
0.00398000,-0.790
0.00398500,-0.755
0.00399000,-0.779
0.00399500,-0.797
0.00400000,-0.787
0.00400500,-0.819
0.00401000,-0.816
0.00401500,-0.853
0.00402000,-0.867
0.00402500,-0.877
0.00403000,-0.893
0.00403500,-0.903
0.00404000,-0.909
0.00404500,-0.908
0.00405000,-0.921
0.00405500,-0.919
0.00406000,-0.925
0.00406500,-0.927
0.00407000,-0.932
0.00407500,-0.932
0.00408000,-0.922
0.00408500,-0.917
0.00409000,-0.919
0.00409500,-0.898
0.00410000,-0.858
0.00410500,-0.806
0.00411000,-0.855
0.00411500,-0.853
0.00412000,-0.872
0.00412500,-0.890
0.00413000,-0.911
0.00413500,-0.943
0.00414000,-0.956
0.00414500,-0.982
0.00415000,-1.009
0.00415500,-1.025
0.00416000,-1.035
0.00416500,-1.043
0.00417000,-1.053
0.00417500,-1.064
0.00418000,-1.082
0.00418500,-1.103
0.00419000,-1.133
0.00419500,-1.151
0.00420000,-1.152
0.00420500,-1.143
0.00421000,-1.152
0.00421500,-1.146
0.00422000,-1.143
0.00422500,-1.099
0.00423000,-1.077
0.00423500,-1.078
0.00424000,-1.091
0.00424500,-1.106
0.00425000,-1.143
0.00425500,-1.152
0.00426000,-1.169
0.00426500,-1.188
0.00427000,-1.223
0.00427500,-1.231
0.00428000,-1.238
0.00428500,-1.246
0.00429000,-1.239
0.00429500,-1.243
0.00430000,-1.241
0.00430500,-1.231
0.00431000,-1.239
0.00431500,-1.249
0.00432000,-1.238
0.00432500,-1.230
0.00433000,-1.226
0.00433500,-1.225
0.00434000,-1.209
0.00434500,-1.206
0.00435000,-1.177
0.00435500,-1.123
0.00436000,-1.090
0.00436500,-1.112
0.00437000,-1.117
0.00437500,-1.127
0.00438000,-1.152
0.00438500,-1.149
0.00439000,-1.181
0.00439500,-1.194
0.00440000,-1.218
0.00440500,-1.225
0.00441000,-1.244
0.00441500,-1.235
0.00442000,-1.214
0.00442500,-1.218
0.00443000,-1.209
0.00443500,-1.210
0.00444000,-1.207
0.00444500,-1.212
0.00445000,-1.214
0.00445500,-1.202
0.00446000,-1.181
0.00446500,-1.177
0.00447000,-1.169
0.00447500,-1.164
0.00448000,-1.141
0.00448500,-1.123
0.00449000,-1.103
0.00449500,-1.114
0.00450000,-1.114
0.00450500,-1.136
0.00451000,-1.164
0.00451500,-1.169
0.00452000,-1.196
0.00452500,-1.210
0.00453000,-1.249
0.00453500,-1.259
0.00454000,-1.263
0.00454500,-1.257
0.00455000,-1.244
0.00455500,-1.268
0.00456000,-1.259
0.00456500,-1.259
0.00457000,-1.283
0.00457500,-1.286
0.00458000,-1.289
0.00458500,-1.288
0.00459000,-1.291
0.00459500,-1.288
0.00460000,-1.288
0.00460500,-1.278
0.00461000,-1.265
0.00461500,-1.238
0.00462000,-1.255
0.00462500,-1.265
0.00463000,-1.286
0.00463500,-1.321
0.00464000,-1.329
0.00464500,-1.368
0.00465000,-1.387
0.00465500,-1.416
0.00466000,-1.421
0.00466500,-1.447
0.00467000,-1.455
0.00467500,-1.447
0.00468000,-1.447
0.00468500,-1.468
0.00469000,-1.478
0.00469500,-1.513
0.00470000,-1.521
0.00470500,-1.529
0.00471000,-1.526
0.00471500,-1.511
0.00472000,-1.499
0.00472500,-1.495
0.00473000,-1.492
0.00473500,-1.468
0.00474000,-1.424
0.00474500,-1.429
0.00475000,-1.442
0.00475500,-1.445
0.00476000,-1.484
0.00476500,-1.487
0.00477000,-1.518
0.00477500,-1.529
0.00478000,-1.548
0.00478500,-1.569
0.00479000,-1.584
0.00479500,-1.589
0.00480000,-1.585
0.00480500,-1.593
0.00481000,-1.589
0.00481500,-1.605
0.00482000,-1.605
0.00482500,-1.640
0.00483000,-1.639
0.00483500,-1.632
0.00484000,-1.614
0.00484500,-1.606
0.00485000,-1.589
0.00485500,-1.560
0.00486000,-1.537
0.00486500,-1.518
0.00487000,-1.486
0.00487500,-1.505
0.00488000,-1.502
0.00488500,-1.527
0.00489000,-1.556
0.00489500,-1.563
0.00490000,-1.597
0.00490500,-1.605
0.00491000,-1.632
0.00491500,-1.647
0.00492000,-1.656
0.00492500,-1.668
0.00493000,-1.666
0.00493500,-1.656
0.00494000,-1.658
0.00494500,-1.651
0.00495000,-1.661
0.00495500,-1.651
0.00496000,-1.637
0.00496500,-1.632
0.00497000,-1.616
0.00497500,-1.602
0.00498000,-1.587
0.00498500,-1.576
0.00499000,-1.558
0.00499500,-1.507
0.00500000,-1.532
0.00500500,-1.537
0.00501000,-1.568
0.00501500,-1.582
0.00502000,-1.602
0.00502500,-1.643
0.00503000,-1.659
0.00503500,-1.693
0.00504000,-1.703
0.00504500,-1.732
0.00505000,-1.738
0.00505500,-1.742
0.00506000,-1.753
0.00506500,-1.759
0.00507000,-1.788
0.00507500,-1.779
0.00508000,-1.808
0.00508500,-1.811
0.00509000,-1.801
0.00509500,-1.783
0.00510000,-1.756
0.00510500,-1.738
0.00511000,-1.721
0.00511500,-1.709
0.00512000,-1.674
0.00512500,-1.651
0.00513000,-1.676
0.00513500,-1.668
0.00514000,-1.714
0.00514500,-1.727
0.00515000,-1.759
0.00515500,-1.771
0.00516000,-1.803
0.00516500,-1.835
0.00517000,-1.853
0.00517500,-1.862
0.00518000,-1.877
0.00518500,-1.890
0.00519000,-1.880
0.00519500,-1.886
0.00520000,-1.911
0.00520500,-1.903
0.00521000,-1.927
0.00521500,-1.903
0.00522000,-1.896
0.00522500,-1.856
0.00523000,-1.811
0.00523500,-1.775
0.00524000,-1.738
0.00524500,-1.743
0.00525000,-1.695
0.00525500,-1.668
0.00526000,-1.692
0.00526500,-1.682
0.00527000,-1.721
0.00527500,-1.711
0.00528000,-1.740
0.00528500,-1.758
0.00529000,-1.774
0.00529500,-1.795
0.00530000,-1.817
0.00530500,-1.830
0.00531000,-1.825
0.00531500,-1.819
0.00532000,-1.835
0.00532500,-1.837
0.00533000,-1.837
0.00533500,-1.867
0.00534000,-1.861
0.00534500,-1.869
0.00535000,-1.846
0.00535500,-1.837
0.00536000,-1.829
0.00536500,-1.820
0.00537000,-1.804
0.00537500,-1.779
0.00538000,-1.790
0.00538500,-1.785
0.00539000,-1.808
0.00539500,-1.829
0.00540000,-1.862
0.00540500,-1.883
0.00541000,-1.909
0.00541500,-1.932
0.00542000,-1.972
0.00542500,-1.994
0.00543000,-2.014
0.00543500,-2.027
0.00544000,-2.051
0.00544500,-2.054
0.00545000,-2.064
0.00545500,-2.076
0.00546000,-2.081
0.00546500,-2.083
0.00547000,-2.065
0.00547500,-2.035
0.00548000,-2.001
0.00548500,-1.954
0.00549000,-1.944
0.00549500,-1.903
0.00550000,-1.872
0.00550500,-1.822
0.00551000,-1.846
0.00551500,-1.837
0.00552000,-1.864
0.00552500,-1.878
0.00553000,-1.886
0.00553500,-1.909
0.00554000,-1.936
0.00554500,-1.959
0.00555000,-1.972
0.00555500,-2.001
0.00556000,-2.022
0.00556500,-2.030
0.00557000,-2.036
0.00557500,-2.041
0.00558000,-2.041
0.00558500,-2.031
0.00559000,-2.067
0.00559500,-2.043
0.00560000,-2.039
0.00560500,-2.022
0.00561000,-1.985
0.00561500,-1.969
0.00562000,-1.936
0.00562500,-1.914
0.00563000,-1.899
0.00563500,-1.906
0.00564000,-1.911
0.00564500,-1.919
0.00565000,-1.940
0.00565500,-1.961
0.00566000,-1.978
0.00566500,-2.007
0.00567000,-2.028
0.00567500,-2.068
0.00568000,-2.110
0.00568500,-2.134
0.00569000,-2.155
0.00569500,-2.157
0.00570000,-2.183
0.00570500,-2.188
0.00571000,-2.208
0.00571500,-2.245
0.00572000,-2.260
0.00572500,-2.250
0.00573000,-2.216
0.00573500,-2.204
0.00574000,-2.179
0.00574500,-2.163
0.00575000,-2.150
0.00575500,-2.142
0.00576000,-2.113
0.00576500,-2.115
0.00577000,-2.118
0.00577500,-2.138
0.00578000,-2.170
0.00578500,-2.176
0.00579000,-2.204
0.00579500,-2.223
0.00580000,-2.254
0.00580500,-2.273
0.00581000,-2.279
0.00581500,-2.291
0.00582000,-2.287
0.00582500,-2.284
0.00583000,-2.271
0.00583500,-2.260
0.00584000,-2.257
0.00584500,-2.236
0.00585000,-2.189
0.00585500,-2.150
0.00586000,-2.091
0.00586500,-2.046
0.00587000,-1.977
0.00587500,-1.965
0.00588000,-1.936
0.00588500,-1.917
0.00589000,-1.915
0.00589500,-1.917
0.00590000,-1.922
0.00590500,-1.940
0.00591000,-1.956
0.00591500,-1.996
0.00592000,-2.022
0.00592500,-2.060
0.00593000,-2.099
0.00593500,-2.142
0.00594000,-2.162
0.00594500,-2.178
0.00595000,-2.171
0.00595500,-2.181
0.00596000,-2.155
0.00596500,-2.139
0.00597000,-2.136
0.00597500,-2.126
0.00598000,-2.088
0.00598500,-2.051
0.00599000,-1.988
0.00599500,-1.962
0.00600000,-1.924
0.00600500,-1.914
0.00601000,-1.888
0.00601500,-1.867
0.00602000,-1.841
0.00602500,-1.837
0.00603000,-1.832
0.00603500,-1.870
0.00604000,-1.891
0.00604500,-1.952
0.00605000,-1.985
0.00605500,-2.044
0.00606000,-2.081
0.00606500,-2.125
0.00607000,-2.163
0.00607500,-2.204
0.00608000,-2.179
0.00608500,-2.188
0.00609000,-2.154
0.00609500,-2.181
0.00610000,-2.171
0.00610500,-2.128
0.00611000,-2.104
0.00611500,-2.059
0.00612000,-2.038
0.00612500,-1.996
0.00613000,-1.994
0.00613500,-1.988
0.00614000,-1.973
0.00614500,-1.954
0.00615000,-1.978
0.00615500,-1.972
0.00616000,-2.023
0.00616500,-2.028
0.00617000,-2.080
0.00617500,-2.088
0.00618000,-2.120
0.00618500,-2.208
0.00619000,-2.197
0.00619500,-2.273
0.00620000,-2.276
0.00620500,-2.315
0.00621000,-2.305
0.00621500,-2.363
0.00622000,-2.350
0.00622500,-2.392
0.00623000,-2.377
0.00623500,-2.360
0.00624000,-2.337
0.00624500,-2.294
0.00625000,-2.268
0.00625500,-2.228
0.00626000,-2.210
0.00626500,-2.184
0.00627000,-2.179
0.00627500,-2.170
0.00628000,-2.175
0.00628500,-2.162
0.00629000,-2.208
0.00629500,-2.237
0.00630000,-2.257
0.00630500,-2.287
0.00631000,-2.321
0.00631500,-2.368
0.00632000,-2.377
0.00632500,-2.413
0.00633000,-2.418
0.00633500,-2.435
0.00634000,-2.423
0.00634500,-2.398
0.00635000,-2.432
0.00635500,-2.431
0.00636000,-2.413
0.00636500,-2.368
0.00637000,-2.344
0.00637500,-2.297
0.00638000,-2.270
0.00638500,-2.250
0.00639000,-2.229
0.00639500,-2.233
0.00640000,-2.226
0.00640500,-2.237
0.00641000,-2.213
0.00641500,-2.270
0.00642000,-2.294
0.00642500,-2.313
0.00643000,-2.366
0.00643500,-2.365
0.00644000,-2.427
0.00644500,-2.431
0.00645000,-2.460
0.00645500,-2.426
0.00646000,-2.429
0.00646500,-2.405
0.00647000,-2.377
0.00647500,-2.355
0.00648000,-2.348
0.00648500,-2.321
0.00649000,-2.289
0.00649500,-2.241
0.00650000,-2.210
0.00650500,-2.171
0.00651000,-2.160
0.00651500,-2.155
0.00652000,-2.160
0.00652500,-2.163
0.00653000,-2.171
0.00653500,-2.184
0.00654000,-2.192
0.00654500,-2.216
0.00655000,-2.247
0.00655500,-2.270
0.00656000,-2.305
0.00656500,-2.318
0.00657000,-2.369
0.00657500,-2.406
0.00658000,-2.426
0.00658500,-2.456
0.00659000,-2.469
0.00659500,-2.490
0.00660000,-2.479
0.00660500,-2.511
0.00661000,-2.511
0.00661500,-2.477
0.00662000,-2.464
0.00662500,-2.410
0.00663000,-2.382
0.00663500,-2.334
0.00664000,-2.328
0.00664500,-2.315
0.00665000,-2.303
0.00665500,-2.305
0.00666000,-2.286
0.00666500,-2.305
0.00667000,-2.337
0.00667500,-2.331
0.00668000,-2.402
0.00668500,-2.435
0.00669000,-2.485
0.00669500,-2.547
0.00670000,-2.575
0.00670500,-2.624
0.00671000,-2.635
0.00671500,-2.648
0.00672000,-2.640
0.00672500,-2.624
0.00673000,-2.640
0.00673500,-2.593
0.00674000,-2.559
0.00674500,-2.511
0.00675000,-2.426
0.00675500,-2.387
0.00676000,-2.321
0.00676500,-2.300
0.00677000,-2.273
0.00677500,-2.244
0.00678000,-2.237
0.00678500,-2.225
0.00679000,-2.252
0.00679500,-2.255
0.00680000,-2.273
0.00680500,-2.320
0.00681000,-2.345
0.00681500,-2.397
0.00682000,-2.435
0.00682500,-2.476
0.00683000,-2.538
0.00683500,-2.563
0.00684000,-2.579
0.00684500,-2.569
0.00685000,-2.596
0.00685500,-2.621
0.00686000,-2.604
0.00686500,-2.592
0.00687000,-2.534
0.00687500,-2.471
0.00688000,-2.411
0.00688500,-2.355
0.00689000,-2.316
0.00689500,-2.294
0.00690000,-2.268
0.00690500,-2.276
0.00691000,-2.252
0.00691500,-2.299
0.00692000,-2.281
0.00692500,-2.310
0.00693000,-2.344
0.00693500,-2.366
0.00694000,-2.414
0.00694500,-2.463
0.00695000,-2.495
0.00695500,-2.547
0.00696000,-2.582
0.00696500,-2.606
0.00697000,-2.630
0.00697500,-2.627
0.00698000,-2.653
0.00698500,-2.651
0.00699000,-2.643
0.00699500,-2.596
0.00700000,-2.522
0.00700500,-2.477
0.00701000,-2.413
0.00701500,-2.371
0.00702000,-2.318
0.00702500,-2.268
0.00703000,-2.268
0.00703500,-2.278
0.00704000,-2.268
0.00704500,-2.300
0.00705000,-2.305
0.00705500,-2.331
0.00706000,-2.358
0.00706500,-2.389
0.00707000,-2.431
0.00707500,-2.479
0.00708000,-2.513
0.00708500,-2.579
0.00709000,-2.585
0.00709500,-2.606
0.00710000,-2.611
0.00710500,-2.621
0.00711000,-2.613
0.00711500,-2.593
0.00712000,-2.588
0.00712500,-2.558
0.00713000,-2.505
0.00713500,-2.447
0.00714000,-2.424
0.00714500,-2.413
0.00715000,-2.373
0.00715500,-2.389
0.00716000,-2.387
0.00716500,-2.395
0.00717000,-2.395
0.00717500,-2.414
0.00718000,-2.426
0.00718500,-2.466
0.00719000,-2.489
0.00719500,-2.534
0.00720000,-2.571
0.00720500,-2.619
0.00721000,-2.667
0.00721500,-2.683
0.00722000,-2.714
0.00722500,-2.735
0.00723000,-2.719
0.00723500,-2.730
0.00724000,-2.732
0.00724500,-2.753
0.00725000,-2.730
0.00725500,-2.699
0.00726000,-2.650
0.00726500,-2.614
0.00727000,-2.587
0.00727500,-2.563
0.00728000,-2.559
0.00728500,-2.566
0.00729000,-2.558
0.00729500,-2.559
0.00730000,-2.575
0.00730500,-2.564
0.00731000,-2.590
0.00731500,-2.609
0.00732000,-2.630
0.00732500,-2.664
0.00733000,-2.680
0.00733500,-2.709
0.00734000,-2.732
0.00734500,-2.717
0.00735000,-2.696
0.00735500,-2.669
0.00736000,-2.629
0.00736500,-2.619
0.00737000,-2.572
0.00737500,-2.551
0.00738000,-2.479
0.00738500,-2.432
0.00739000,-2.363
0.00739500,-2.292
0.00740000,-2.254
0.00740500,-2.197
0.00741000,-2.191
0.00741500,-2.157
0.00742000,-2.159
0.00742500,-2.157
0.00743000,-2.142
0.00743500,-2.167
0.00744000,-2.189
0.00744500,-2.215
0.00745000,-2.262
0.00745500,-2.303
0.00746000,-2.357
0.00746500,-2.414
0.00747000,-2.458
0.00747500,-2.569
0.00748000,-2.518
0.00748500,-2.537
0.00749000,-2.509
0.00749500,-2.477
0.00750000,-2.495
0.00750500,-2.427
0.00751000,-2.379
0.00751500,-2.305
0.00752000,-2.258
0.00752500,-2.212
0.00753000,-2.173
0.00753500,-2.171
0.00754000,-2.192
0.00754500,-2.194
0.00755000,-2.204
0.00755500,-2.183
0.00756000,-2.197
0.00756500,-2.237
0.00757000,-2.258
0.00757500,-2.308
0.00758000,-2.363
0.00758500,-2.403
0.00759000,-2.461
0.00759500,-2.493
0.00760000,-2.566
0.00760500,-2.567
0.00761000,-2.559
0.00761500,-2.582
0.00762000,-2.547
0.00762500,-2.575
0.00763000,-2.526
0.00763500,-2.484
0.00764000,-2.445
0.00764500,-2.373
0.00765000,-2.348
0.00765500,-2.311
0.00766000,-2.284
0.00766500,-2.299
0.00767000,-2.268
0.00767500,-2.247
0.00768000,-2.247
0.00768500,-2.282
0.00769000,-2.289
0.00769500,-2.328
0.00770000,-2.353
0.00770500,-2.392
0.00771000,-2.426
0.00771500,-2.474
0.00772000,-2.505
0.00772500,-2.550
0.00773000,-2.582
0.00773500,-2.585
0.00774000,-2.609
0.00774500,-2.617
0.00775000,-2.646
0.00775500,-2.659
0.00776000,-2.650
0.00776500,-2.617
0.00777000,-2.563
0.00777500,-2.551
0.00778000,-2.534
0.00778500,-2.509
0.00779000,-2.498
0.00779500,-2.455
0.00780000,-2.442
0.00780500,-2.442
0.00781000,-2.435
0.00781500,-2.479
0.00782000,-2.489
0.00782500,-2.543
0.00783000,-2.569
0.00783500,-2.603
0.00784000,-2.658
0.00784500,-2.680
0.00785000,-2.724
0.00785500,-2.741
0.00786000,-2.761
0.00786500,-2.753
0.00787000,-2.759
0.00787500,-2.761
0.00788000,-2.762
0.00788500,-2.733
0.00789000,-2.679
0.00789500,-2.627
0.00790000,-2.569
0.00790500,-2.529
0.00791000,-2.500
0.00791500,-2.476
0.00792000,-2.477
0.00792500,-2.479
0.00793000,-2.479
0.00793500,-2.500
0.00794000,-2.509
0.00794500,-2.547
0.00795000,-2.551
0.00795500,-2.588
0.00796000,-2.624
0.00796500,-2.633
0.00797000,-2.725
0.00797500,-2.712
0.00798000,-2.773
0.00798500,-2.765
0.00799000,-2.751
0.00799500,-2.761
0.00800000,-2.751
0.00800500,-2.767
0.00801000,-2.761
0.00801500,-2.727
0.00802000,-2.709
0.00802500,-2.648
0.00803000,-2.635
0.00803500,-2.590
0.00804000,-2.585
0.00804500,-2.585
0.00805000,-2.598
0.00805500,-2.616
0.00806000,-2.611
0.00806500,-2.630
0.00807000,-2.637
0.00807500,-2.674
0.00808000,-2.695
0.00808500,-2.727
0.00809000,-2.743
0.00809500,-2.783
0.00810000,-2.825
0.00810500,-2.830
0.00811000,-2.849
0.00811500,-2.843
0.00812000,-2.844
0.00812500,-2.841
0.00813000,-2.798
0.00813500,-2.790
0.00814000,-2.725
0.00814500,-2.693
0.00815000,-2.627
0.00815500,-2.569
0.00816000,-2.530
0.00816500,-2.484
0.00817000,-2.461
0.00817500,-2.435
0.00818000,-2.435
0.00818500,-2.414
0.00819000,-2.426
0.00819500,-2.437
0.00820000,-2.471
0.00820500,-2.495
0.00821000,-2.526
0.00821500,-2.577
0.00822000,-2.627
0.00822500,-2.670
0.00823000,-2.704
0.00823500,-2.748
0.00824000,-2.759
0.00824500,-2.773
0.00825000,-2.711
0.00825500,-2.765
0.00826000,-2.699
0.00826500,-2.706
0.00827000,-2.632
0.00827500,-2.527
0.00828000,-2.489
0.00828500,-2.413
0.00829000,-2.379
0.00829500,-2.336
0.00830000,-2.311
0.00830500,-2.281
0.00831000,-2.274
0.00831500,-2.270
0.00832000,-2.276
0.00832500,-2.282
0.00833000,-2.305
0.00833500,-2.342
0.00834000,-2.386
0.00834500,-2.432
0.00835000,-2.481
0.00835500,-2.524
0.00836000,-2.563
0.00836500,-2.564
0.00837000,-2.566
0.00837500,-2.569
0.00838000,-2.569
0.00838500,-2.547
0.00839000,-2.572
0.00839500,-2.537
0.00840000,-2.519
0.00840500,-2.466
0.00841000,-2.426
0.00841500,-2.400
0.00842000,-2.377
0.00842500,-2.368
0.00843000,-2.369
0.00843500,-2.395
0.00844000,-2.394
0.00844500,-2.389
0.00845000,-2.413
0.00845500,-2.429
0.00846000,-2.474
0.00846500,-2.500
0.00847000,-2.545
0.00847500,-2.579
0.00848000,-2.614
0.00848500,-2.645
0.00849000,-2.674
0.00849500,-2.691
0.00850000,-2.691
0.00850500,-2.696
0.00851000,-2.699
0.00851500,-2.696
0.00852000,-2.666
0.00852500,-2.593
0.00853000,-2.534
0.00853500,-2.495
0.00854000,-2.432
0.00854500,-2.389
0.00855000,-2.358
0.00855500,-2.324
0.00856000,-2.340
0.00856500,-2.313
0.00857000,-2.331
0.00857500,-2.334
0.00858000,-2.361
0.00858500,-2.382
0.00859000,-2.410
0.00859500,-2.445
0.00860000,-2.481
0.00860500,-2.503
0.00861000,-2.532
0.00861500,-2.551
0.00862000,-2.580
0.00862500,-2.595
0.00863000,-2.596
0.00863500,-2.580
0.00864000,-2.572
0.00864500,-2.579
0.00865000,-2.553
0.00865500,-2.518
0.00866000,-2.469
0.00866500,-2.410
0.00867000,-2.381
0.00867500,-2.352
0.00868000,-2.347
0.00868500,-2.339
0.00869000,-2.361
0.00869500,-2.350
0.00870000,-2.363
0.00870500,-2.373
0.00871000,-2.390
0.00871500,-2.418
0.00872000,-2.447
0.00872500,-2.469
0.00873000,-2.529
0.00873500,-2.556
0.00874000,-2.590
0.00874500,-2.596
0.00875000,-2.616
0.00875500,-2.608
0.00876000,-2.613
0.00876500,-2.624
0.00877000,-2.654
0.00877500,-2.641
0.00878000,-2.608
0.00878500,-2.569
0.00879000,-2.514
0.00879500,-2.490
0.00880000,-2.466
0.00880500,-2.447
0.00881000,-2.443
0.00881500,-2.452
0.00882000,-2.453
0.00882500,-2.443
0.00883000,-2.472
0.00883500,-2.472
0.00884000,-2.487
0.00884500,-2.505
0.00885000,-2.535
0.00885500,-2.550
0.00886000,-2.575
0.00886500,-2.588
0.00887000,-2.611
0.00887500,-2.622
0.00888000,-2.617
0.00888500,-2.604
0.00889000,-2.577
0.00889500,-2.575
0.00890000,-2.548
0.00890500,-2.487
0.00891000,-2.418
0.00891500,-2.332
0.00892000,-2.270
0.00892500,-2.205
0.00893000,-2.165
0.00893500,-2.138
0.00894000,-2.110
0.00894500,-2.104
0.00895000,-2.102
0.00895500,-2.094
0.00896000,-2.110
0.00896500,-2.112
0.00897000,-2.150
0.00897500,-2.186
0.00898000,-2.212
0.00898500,-2.247
0.00899000,-2.291
0.00899500,-2.316
0.00900000,-2.365
0.00900500,-2.348
0.00901000,-2.358
0.00901500,-2.339
0.00902000,-2.299
0.00902500,-2.300
0.00903000,-2.260
0.00903500,-2.216
0.00904000,-2.152
0.00904500,-2.083
0.00905000,-2.041
0.00905500,-1.980
0.00906000,-1.967
0.00906500,-1.946
0.00907000,-1.962
0.00907500,-1.952
0.00908000,-1.949
0.00908500,-1.969
0.00909000,-1.986
0.00909500,-2.020
0.00910000,-2.039
0.00910500,-2.080
0.00911000,-2.112
0.00911500,-2.146
0.00912000,-2.162
0.00912500,-2.205
0.00913000,-2.215
0.00913500,-2.210
0.00914000,-2.220
0.00914500,-2.197
0.00915000,-2.205
0.00915500,-2.184
0.00916000,-2.144
0.00916500,-2.104
0.00917000,-2.065
0.00917500,-2.036
0.00918000,-1.999
0.00918500,-1.990
0.00919000,-1.993
0.00919500,-1.996
0.00920000,-1.998
0.00920500,-2.001
0.00921000,-1.996
0.00921500,-2.022
0.00922000,-2.036
0.00922500,-2.067
0.00923000,-2.096
0.00923500,-2.123
0.00924000,-2.142
0.00924500,-2.176
0.00925000,-2.199
0.00925500,-2.215
0.00926000,-2.212
0.00926500,-2.225
0.00927000,-2.252
0.00927500,-2.249
0.00928000,-2.270
0.00928500,-2.247
0.00929000,-2.212
0.00929500,-2.175
0.00930000,-2.142
0.00930500,-2.120
0.00931000,-2.097
0.00931500,-2.097
0.00932000,-2.064
0.00932500,-2.075
0.00933000,-2.065
0.00933500,-2.065
0.00934000,-2.067
0.00934500,-2.086
0.00935000,-2.104
0.00935500,-2.120
0.00936000,-2.130
0.00936500,-2.150
0.00937000,-2.178
0.00937500,-2.186
0.00938000,-2.199
0.00938500,-2.200
0.00939000,-2.204
0.00939500,-2.216
0.00940000,-2.213
0.00940500,-2.225
0.00941000,-2.220
0.00941500,-2.181
0.00942000,-2.146
0.00942500,-2.094
0.00943000,-2.062
0.00943500,-2.028
0.00944000,-2.001
0.00944500,-1.986
0.00945000,-1.980
0.00945500,-1.983
0.00946000,-1.967
0.00946500,-1.978
0.00947000,-1.993
0.00947500,-1.994
0.00948000,-2.020
0.00948500,-2.039
0.00949000,-2.059
0.00949500,-2.080
0.00950000,-2.099
0.00950500,-2.118
0.00951000,-2.113
0.00951500,-2.118
0.00952000,-2.112
0.00952500,-2.131
0.00953000,-2.131
0.00953500,-2.147
0.00954000,-2.112
0.00954500,-2.086
0.00955000,-2.038
0.00955500,-1.999
0.00956000,-1.967
0.00956500,-1.944
0.00957000,-1.933
0.00957500,-1.925
0.00958000,-1.920
0.00958500,-1.925
0.00959000,-1.928
0.00959500,-1.938
0.00960000,-1.941
0.00960500,-1.967
0.00961000,-1.981
0.00961500,-2.001
0.00962000,-2.007
0.00962500,-2.041
0.00963000,-2.039
0.00963500,-2.043
0.00964000,-2.043
0.00964500,-2.038
0.00965000,-2.041
0.00965500,-2.031
0.00966000,-2.022
0.00966500,-2.017
0.00967000,-1.970
0.00967500,-1.932
0.00968000,-1.874
0.00968500,-1.837
0.00969000,-1.801
0.00969500,-1.769
0.00970000,-1.740
0.00970500,-1.730
0.00971000,-1.727
0.00971500,-1.714
0.00972000,-1.714
0.00972500,-1.727
0.00973000,-1.730
0.00973500,-1.738
0.00974000,-1.759
0.00974500,-1.782
0.00975000,-1.798
0.00975500,-1.816
0.00976000,-1.820
0.00976500,-1.825
0.00977000,-1.822
0.00977500,-1.806
0.00978000,-1.800
0.00978500,-1.782
0.00979000,-1.775
0.00979500,-1.735
0.00980000,-1.705
0.00980500,-1.664
0.00981000,-1.632
0.00981500,-1.603
0.00982000,-1.569
0.00982500,-1.560
0.00983000,-1.540
0.00983500,-1.534
0.00984000,-1.526
0.00984500,-1.527
0.00985000,-1.527
0.00985500,-1.526
0.00986000,-1.550
0.00986500,-1.561
0.00987000,-1.581
0.00987500,-1.590
0.00988000,-1.619
0.00988500,-1.632
0.00989000,-1.647
0.00989500,-1.635
0.00990000,-1.631
0.00990500,-1.655
0.00991000,-1.645
0.00991500,-1.668
0.00992000,-1.658
0.00992500,-1.642
0.00993000,-1.616
0.00993500,-1.584
0.00994000,-1.581
0.00994500,-1.574
0.00995000,-1.555
0.00995500,-1.540
0.00996000,-1.547
0.00996500,-1.537
0.00997000,-1.544
0.00997500,-1.542
0.00998000,-1.556
0.00998500,-1.569
0.00999000,-1.576
0.00999500,-1.584
0.01000000,-1.598
0.01000500,-1.613
0.01001000,-1.621
0.01001500,-1.619
0.01002000,-1.626
0.01002500,-1.619
0.01003000,-1.614
0.01003500,-1.621
0.01004000,-1.614
0.01004500,-1.603
0.01005000,-1.565
0.01005500,-1.539
0.01006000,-1.499
0.01006500,-1.465
0.01007000,-1.439
0.01007500,-1.407
0.01008000,-1.402
0.01008500,-1.400
0.01009000,-1.395
0.01009500,-1.399
0.01010000,-1.402
0.01010500,-1.407
0.01011000,-1.412
0.01011500,-1.416
0.01012000,-1.433
0.01012500,-1.444
0.01013000,-1.444
0.01013500,-1.452
0.01014000,-1.460
0.01014500,-1.461
0.01015000,-1.460
0.01015500,-1.452
0.01016000,-1.460
0.01016500,-1.450
0.01017000,-1.468
0.01017500,-1.460
0.01018000,-1.445
0.01018500,-1.423
0.01019000,-1.394
0.01019500,-1.376
0.01020000,-1.362
0.01020500,-1.368
0.01021000,-1.365
0.01021500,-1.370
0.01022000,-1.378
0.01022500,-1.384
0.01023000,-1.391
0.01023500,-1.392
0.01024000,-1.407
0.01024500,-1.420
0.01025000,-1.423
0.01025500,-1.426
0.01026000,-1.439
0.01026500,-1.442
0.01027000,-1.434
0.01027500,-1.426
0.01028000,-1.428
0.01028500,-1.420
0.01029000,-1.423
0.01029500,-1.441
0.01030000,-1.447
0.01030500,-1.434
0.01031000,-1.410
0.01031500,-1.389
0.01032000,-1.375
0.01032500,-1.367
0.01033000,-1.357
0.01033500,-1.370
0.01034000,-1.373
0.01034500,-1.370
0.01035000,-1.367
0.01035500,-1.375
0.01036000,-1.395
0.01036500,-1.399
0.01037000,-1.405
0.01037500,-1.408
0.01038000,-1.421
0.01038500,-1.423
0.01039000,-1.418
0.01039500,-1.415
0.01040000,-1.410
0.01040500,-1.392
0.01041000,-1.379
0.01041500,-1.360
0.01042000,-1.358
0.01042500,-1.355
0.01043000,-1.326
0.01043500,-1.304
0.01044000,-1.272
0.01044500,-1.249
0.01045000,-1.215
0.01045500,-1.197
0.01046000,-1.201
0.01046500,-1.181
0.01047000,-1.178
0.01047500,-1.170
0.01048000,-1.173
0.01048500,-1.170
0.01049000,-1.169
0.01049500,-1.175
0.01050000,-1.183
0.01050500,-1.186
0.01051000,-1.188
0.01051500,-1.202
0.01052000,-1.207
0.01052500,-1.214
0.01053000,-1.199
0.01053500,-1.197
0.01054000,-1.188
0.01054500,-1.172
0.01055000,-1.173
0.01055500,-1.160
0.01056000,-1.140
0.01056500,-1.114
0.01057000,-1.077
0.01057500,-1.054
0.01058000,-1.024
0.01058500,-1.012
0.01059000,-1.028
0.01059500,-1.024
0.01060000,-1.019
0.01060500,-1.019
0.01061000,-1.008
0.01061500,-1.028
0.01062000,-1.030
0.01062500,-1.043
0.01063000,-1.040
0.01063500,-1.053
0.01064000,-1.062
0.01064500,-1.061
0.01065000,-1.077
0.01065500,-1.075
0.01066000,-1.061
0.01066500,-1.067
0.01067000,-1.043
0.01067500,-1.054
0.01068000,-1.049
0.01068500,-1.040
0.01069000,-1.012
0.01069500,-0.990
0.01070000,-0.975
0.01070500,-0.956
0.01071000,-0.946
0.01071500,-0.972
0.01072000,-0.961
0.01072500,-0.970
0.01073000,-0.961
0.01073500,-0.974
0.01074000,-0.980
0.01074500,-0.987
0.01075000,-0.988
0.01075500,-1.003
0.01076000,-1.006
0.01076500,-1.012
0.01077000,-1.014
0.01077500,-1.019
0.01078000,-1.012
0.01078500,-1.011
0.01079000,-0.999
0.01079500,-1.019
0.01080000,-1.020
0.01080500,-1.030
0.01081000,-1.022
0.01081500,-1.019
0.01082000,-1.004
0.01082500,-0.987
0.01083000,-0.977
0.01083500,-0.962
0.01084000,-0.972
0.01084500,-0.975
0.01085000,-0.972
0.01085500,-0.979
0.01086000,-0.969
0.01086500,-0.977
0.01087000,-0.975
0.01087500,-0.996
0.01088000,-0.996
0.01088500,-0.996
0.01089000,-1.004
0.01089500,-1.012
0.01090000,-1.009
0.01090500,-0.996
0.01091000,-0.991
0.01091500,-0.988
0.01092000,-0.990
0.01092500,-0.985
0.01093000,-0.983
0.01093500,-0.995
0.01094000,-0.970
0.01094500,-0.958
0.01095000,-0.933
0.01095500,-0.925
0.01096000,-0.908
0.01096500,-0.893
0.01097000,-0.893
0.01097500,-0.896
0.01098000,-0.903
0.01098500,-0.893
0.01099000,-0.900
0.01099500,-0.901
0.01100000,-0.913
0.01100500,-0.914
0.01101000,-0.916
0.01101500,-0.919
0.01102000,-0.921
0.01102500,-0.913
0.01103000,-0.913
0.01103500,-0.906
0.01104000,-0.895
0.01104500,-0.879
0.01105000,-0.884
0.01105500,-0.884
0.01106000,-0.895
0.01106500,-0.880
0.01107000,-0.872
0.01107500,-0.861
0.01108000,-0.851
0.01108500,-0.834
0.01109000,-0.826
0.01109500,-0.838
0.01110000,-0.835
0.01110500,-0.834
0.01111000,-0.840
0.01111500,-0.835
0.01112000,-0.842
0.01112500,-0.843
0.01113000,-0.848
0.01113500,-0.845
0.01114000,-0.847
0.01114500,-0.843
0.01115000,-0.848
0.01115500,-0.840
0.01116000,-0.838
0.01116500,-0.821
0.01117000,-0.814
0.01117500,-0.819
0.01118000,-0.816
0.01118500,-0.805
0.01119000,-0.816
0.01119500,-0.797
0.01120000,-0.784
0.01120500,-0.761
0.01121000,-0.752
0.01121500,-0.744
0.01122000,-0.744
0.01122500,-0.732
0.01123000,-0.742
0.01123500,-0.740
0.01124000,-0.734
0.01124500,-0.737
0.01125000,-0.735
0.01125500,-0.747
0.01126000,-0.740
0.01126500,-0.740
0.01127000,-0.744
0.01127500,-0.745
0.01128000,-0.740
0.01128500,-0.727
0.01129000,-0.731
0.01129500,-0.718
0.01130000,-0.705
0.01130500,-0.698
0.01131000,-0.695
0.01131500,-0.694
0.01132000,-0.681
0.01132500,-0.653
0.01133000,-0.650
0.01133500,-0.628
0.01134000,-0.613
0.01134500,-0.597
0.01135000,-0.612
0.01135500,-0.600
0.01136000,-0.608
0.01136500,-0.591
0.01137000,-0.597
0.01137500,-0.595
0.01138000,-0.587
0.01138500,-0.594
0.01139000,-0.594
0.01139500,-0.595
0.01140000,-0.591
0.01140500,-0.594
0.01141000,-0.599
0.01141500,-0.599
0.01142000,-0.597
0.01142500,-0.576
0.01143000,-0.581
0.01143500,-0.581
0.01144000,-0.591
0.01144500,-0.573
0.01145000,-0.579
0.01145500,-0.570
0.01146000,-0.549
0.01146500,-0.546
0.01147000,-0.554
0.01147500,-0.558
0.01148000,-0.560
0.01148500,-0.562
0.01149000,-0.570
0.01149500,-0.560
0.01150000,-0.563
0.01150500,-0.562
0.01151000,-0.570
0.01151500,-0.574
0.01152000,-0.565
0.01152500,-0.565
0.01153000,-0.568
0.01153500,-0.568
0.01154000,-0.557
0.01154500,-0.549
0.01155000,-0.547
0.01155500,-0.537
0.01156000,-0.544
0.01156500,-0.534
0.01157000,-0.536
0.01157500,-0.520
0.01158000,-0.512
0.01158500,-0.494
0.01159000,-0.484
0.01159500,-0.471
0.01160000,-0.460
0.01160500,-0.452
0.01161000,-0.462
0.01161500,-0.471
0.01162000,-0.462
0.01162500,-0.460
0.01163000,-0.463
0.01163500,-0.457
0.01164000,-0.452
0.01164500,-0.452
0.01165000,-0.454
0.01165500,-0.449
0.01166000,-0.439
0.01166500,-0.438
0.01167000,-0.444
0.01167500,-0.428
0.01168000,-0.422
0.01168500,-0.423
0.01169000,-0.415
0.01169500,-0.412
0.01170000,-0.397
0.01170500,-0.391
0.01171000,-0.394
0.01171500,-0.370
0.01172000,-0.359
0.01172500,-0.352
0.01173000,-0.370
0.01173500,-0.365
0.01174000,-0.388
0.01174500,-0.385
0.01175000,-0.393
0.01175500,-0.388
0.01176000,-0.380
0.01176500,-0.389
0.01177000,-0.388
0.01177500,-0.383
0.01178000,-0.373
0.01178500,-0.373
0.01179000,-0.378
0.01179500,-0.364
0.01180000,-0.354
0.01180500,-0.354
0.01181000,-0.357
0.01181500,-0.352
0.01182000,-0.347
0.01182500,-0.357
0.01183000,-0.356
0.01183500,-0.341
0.01184000,-0.330
0.01184500,-0.328
0.01185000,-0.330
0.01185500,-0.319
0.01186000,-0.333
0.01186500,-0.343
0.01187000,-0.351
0.01187500,-0.336
0.01188000,-0.338
0.01188500,-0.338
0.01189000,-0.354
0.01189500,-0.343
0.01190000,-0.341
0.01190500,-0.338
0.01191000,-0.339
0.01191500,-0.331
0.01192000,-0.322
0.01192500,-0.320
0.01193000,-0.310
0.01193500,-0.296
0.01194000,-0.290
0.01194500,-0.285
0.01195000,-0.285
0.01195500,-0.267
0.01196000,-0.261
0.01196500,-0.251
0.01197000,-0.241
0.01197500,-0.233
0.01198000,-0.232
0.01198500,-0.244
0.01199000,-0.248
0.01199500,-0.259
0.01200000,-0.248
0.01200500,-0.241
0.01201000,-0.240
0.01201500,-0.238
0.01202000,-0.238
0.01202500,-0.232
0.01203000,-0.230
0.01203500,-0.220
0.01204000,-0.217
0.01204500,-0.215
0.01205000,-0.209
0.01205500,-0.201
0.01206000,-0.198
0.01206500,-0.196
0.01207000,-0.188
0.01207500,-0.187
0.01208000,-0.170
0.01208500,-0.172
0.01209000,-0.161
0.01209500,-0.146
0.01210000,-0.140
0.01210500,-0.146
0.01211000,-0.145
0.01211500,-0.156
0.01212000,-0.158
0.01212500,-0.187
0.01213000,-0.162
0.01213500,-0.158
0.01214000,-0.159
0.01214500,-0.166
0.01215000,-0.151
0.01215500,-0.141
0.01216000,-0.151
0.01216500,-0.140
0.01217000,-0.129
0.01217500,-0.133
0.01218000,-0.133
0.01218500,-0.119
0.01219000,-0.121
0.01219500,-0.112
0.01220000,-0.114
0.01220500,-0.103
0.01221000,-0.100
0.01221500,-0.093
0.01222000,-0.083
0.01222500,-0.083
0.01223000,-0.077
0.01223500,-0.079
0.01224000,-0.095
0.01224500,-0.095
0.01225000,-0.114
0.01225500,-0.101
0.01226000,-0.090
0.01226500,-0.090
0.01227000,-0.085
0.01227500,-0.082
0.01228000,-0.074
0.01228500,-0.067
0.01229000,-0.061
0.01229500,-0.058
0.01230000,-0.063
0.01230500,-0.056
0.01231000,-0.053
0.01231500,-0.045
0.01232000,-0.043
0.01232500,-0.043
0.01233000,-0.035
0.01233500,-0.026
0.01234000,-0.029
0.01234500,-0.013
0.01235000,-0.009
0.01235500,-0.009
0.01236000,-0.006
0.01236500,-0.013
0.01237000,-0.027
0.01237500,-0.029
0.01238000,-0.030
0.01238500,-0.017
0.01239000,-0.019
0.01239500,-0.009
0.01240000,-0.006
0.01240500,-0.001
0.01241000,0.010
0.01241500,0.013
0.01242000,0.016
0.01242500,0.023
0.01243000,0.032
0.01243500,0.028
0.01244000,0.031
0.01244500,0.034
0.01245000,0.037
0.01245500,0.037
0.01246000,0.031
0.01246500,0.047
0.01247000,0.050
0.01247500,0.047
0.01248000,0.049
0.01248500,0.045
0.01249000,0.049
0.01249500,0.034
0.01250000,0.032
0.01250500,0.013
0.01251000,0.063
0.01251500,0.057
0.01252000,0.069
0.01252500,0.053
0.01253000,0.024
0.01253500,0.026
0.01254000,0.029
0.01254500,0.052
0.01255000,0.052
0.01255500,0.044
0.01256000,0.039
0.01256500,0.047
0.01257000,0.037
0.01257500,0.037
0.01258000,0.044
0.01258500,0.050
0.01259000,0.039
0.01259500,0.032
0.01260000,0.044
0.01260500,0.049
0.01261000,0.032
0.01261500,0.032
0.01262000,0.057
0.01262500,0.037
0.01263000,0.021
0.01263500,0.044
0.01264000,0.052
0.01264500,0.060
0.01265000,0.047
0.01265500,0.031
0.01266000,0.042
0.01266500,0.040
0.01267000,0.042
0.01267500,0.044
0.01268000,0.050
0.01268500,0.040
0.01269000,0.042
0.01269500,0.036
0.01270000,0.045
0.01270500,0.045
0.01271000,0.045
0.01271500,0.032
0.01272000,0.044
0.01272500,0.042
0.01273000,0.044
0.01273500,0.040
0.01274000,0.044
0.01274500,0.034
0.01275000,0.040
0.01275500,0.031
0.01276000,0.039
0.01276500,0.060
0.01277000,0.055
0.01277500,0.058
0.01278000,0.044
0.01278500,0.042
0.01279000,0.040
0.01279500,0.042
0.01280000,0.060
0.01280500,0.047
0.01281000,0.042
0.01281500,0.034
0.01282000,0.052
0.01282500,0.044
0.01283000,0.045
0.01283500,0.040
0.01284000,0.047
0.01284500,0.040
0.01285000,0.040
0.01285500,0.036
0.01286000,0.061
0.01286500,0.047
0.01287000,0.039
0.01287500,0.034
0.01288000,0.040
0.01288500,0.042
0.01289000,0.044
0.01289500,0.052
0.01290000,0.053
0.01290500,0.044
0.01291000,0.039
0.01291500,0.040
0.01292000,0.050
0.01292500,0.049
0.01293000,0.040
0.01293500,0.045
0.01294000,0.050
0.01294500,0.044
0.01295000,0.039
0.01295500,0.045
0.01296000,0.045
0.01296500,0.042
0.01297000,0.032
0.01297500,0.040
0.01298000,0.045
0.01298500,0.042
0.01299000,0.036
0.01299500,0.042
0.01300000,0.040
0.01300500,0.036
0.01301000,0.036
0.01301500,0.045
0.01302000,0.047
0.01302500,0.039
0.01303000,0.032
0.01303500,0.039
0.01304000,0.040
0.01304500,0.042
0.01305000,0.036
0.01305500,0.049
0.01306000,0.044
0.01306500,0.044
0.01307000,0.036
0.01307500,0.044
0.01308000,0.042
0.01308500,0.044
0.01309000,0.034
0.01309500,0.045
0.01310000,0.045
0.01310500,0.042
0.01311000,0.036
0.01311500,0.036
0.01312000,0.044
0.01312500,0.042
0.01313000,0.068
0.01313500,0.102
0.01314000,0.116
0.01314500,0.142
0.01315000,0.153
0.01315500,0.185
0.01316000,0.209
0.01316500,0.229
0.01317000,0.240
0.01317500,0.271
0.01318000,0.284
0.01318500,0.300
0.01319000,0.316
0.01319500,0.337
0.01320000,0.342
0.01320500,0.356
0.01321000,0.358
0.01321500,0.379
0.01322000,0.393
0.01322500,0.404
0.01323000,0.411
0.01323500,0.432
0.01324000,0.440
0.01324500,0.441
0.01325000,0.445
0.01325500,0.453
0.01326000,0.406
0.01326500,0.374
0.01327000,0.374
0.01327500,0.408
0.01328000,0.404
0.01328500,0.422
0.01329000,0.414
0.01329500,0.449
0.01330000,0.469
0.01330500,0.486
0.01331000,0.506
0.01331500,0.522
0.01332000,0.530
0.01332500,0.530
0.01333000,0.544
0.01333500,0.564
0.01334000,0.572
0.01334500,0.585
0.01335000,0.604
0.01335500,0.626
0.01336000,0.626
0.01336500,0.633
0.01337000,0.623
0.01337500,0.634
0.01338000,0.626
0.01338500,0.589
0.01339000,0.560
0.01339500,0.565
0.01340000,0.575
0.01340500,0.573
0.01341000,0.593
0.01341500,0.597
0.01342000,0.614
0.01342500,0.623
0.01343000,0.641
0.01343500,0.660
0.01344000,0.660
0.01344500,0.655
0.01345000,0.652
0.01345500,0.657
0.01346000,0.654
0.01346500,0.649
0.01347000,0.655
0.01347500,0.655
0.01348000,0.655
0.01348500,0.655
0.01349000,0.652
0.01349500,0.654
0.01350000,0.657
0.01350500,0.647
0.01351000,0.644
0.01351500,0.602
0.01352000,0.552
0.01352500,0.560
0.01353000,0.585
0.01353500,0.594
0.01354000,0.615
0.01354500,0.604
0.01355000,0.641
0.01355500,0.655
0.01356000,0.684
0.01356500,0.691
0.01357000,0.700
0.01357500,0.700
0.01358000,0.694
0.01358500,0.686
0.01359000,0.686
0.01359500,0.681
0.01360000,0.676
0.01360500,0.680
0.01361000,0.684
0.01361500,0.697
0.01362000,0.696
0.01362500,0.689
0.01363000,0.688
0.01363500,0.686
0.01364000,0.652
0.01364500,0.639
0.01365000,0.614
0.01365500,0.633
0.01366000,0.631
0.01366500,0.593
0.01367000,0.618
0.01367500,0.622
0.01368000,0.651
0.01368500,0.655
0.01369000,0.683
0.01369500,0.696
0.01370000,0.707
0.01370500,0.707
0.01371000,0.725
0.01371500,0.725
0.01372000,0.733
0.01372500,0.731
0.01373000,0.750
0.01373500,0.760
0.01374000,0.766
0.01374500,0.766
0.01375000,0.773
0.01375500,0.765
0.01376000,0.752
0.01376500,0.749
0.01377000,0.736
0.01377500,0.704
0.01378000,0.655
0.01378500,0.688
0.01379000,0.691
0.01379500,0.718
0.01380000,0.721
0.01380500,0.734
0.01381000,0.768
0.01381500,0.784
0.01382000,0.808
0.01382500,0.808
0.01383000,0.836
0.01383500,0.837
0.01384000,0.845
0.01384500,0.849
0.01385000,0.868
0.01385500,0.876
0.01386000,0.898
0.01386500,0.902
0.01387000,0.915
0.01387500,0.910
0.01388000,0.903
0.01388500,0.907
0.01389000,0.913
0.01389500,0.911
0.01390000,0.889
0.01390500,0.855
0.01391000,0.892
0.01391500,0.894
0.01392000,0.923
0.01392500,0.937
0.01393000,0.958
0.01393500,0.985
0.01394000,0.997
0.01394500,1.019
0.01395000,1.031
0.01395500,1.035
0.01396000,1.029
0.01396500,1.029
0.01397000,1.026
0.01397500,1.031
0.01398000,1.021
0.01398500,1.037
0.01399000,1.045
0.01399500,1.042
0.01400000,1.039
0.01400500,1.034
0.01401000,1.034
0.01401500,1.026
0.01402000,1.005
0.01402500,1.006
0.01403000,0.979
0.01403500,0.974
0.01404000,0.998
0.01404500,1.003
0.01405000,1.040
0.01405500,1.035
0.01406000,1.056
0.01406500,1.072
0.01407000,1.100
0.01407500,1.108
0.01408000,1.106
0.01408500,1.119
0.01409000,1.122
0.01409500,1.125
0.01410000,1.119
0.01410500,1.142
0.01411000,1.151
0.01411500,1.175
0.01412000,1.174
0.01412500,1.180
0.01413000,1.180
0.01413500,1.174
0.01414000,1.156
0.01414500,1.154
0.01415000,1.134
0.01415500,1.130
0.01416000,1.085
0.01416500,1.134
0.01417000,1.127
0.01417500,1.158
0.01418000,1.156
0.01418500,1.171
0.01419000,1.198
0.01419500,1.201
0.01420000,1.214
0.01420500,1.217
0.01421000,1.222
0.01421500,1.216
0.01422000,1.201
0.01422500,1.188
0.01423000,1.201
0.01423500,1.190
0.01424000,1.187
0.01424500,1.188
0.01425000,1.187
0.01425500,1.180
0.01426000,1.163
0.01426500,1.169
0.01427000,1.154
0.01427500,1.132
0.01428000,1.134
0.01428500,1.122
0.01429000,1.113
0.01429500,1.143
0.01430000,1.140
0.01430500,1.185
0.01431000,1.185
0.01431500,1.217
0.01432000,1.225
0.01432500,1.253
0.01433000,1.267
0.01433500,1.262
0.01434000,1.277
0.01434500,1.270
0.01435000,1.270
0.01435500,1.257
0.01436000,1.266
0.01436500,1.256
0.01437000,1.257
0.01437500,1.230
0.01438000,1.233
0.01438500,1.224
0.01439000,1.217
0.01439500,1.200
0.01440000,1.183
0.01440500,1.151
0.01441000,1.138
0.01441500,1.090
0.01442000,1.135
0.01442500,1.129
0.01443000,1.153
0.01443500,1.158
0.01444000,1.167
0.01444500,1.201
0.01445000,1.216
0.01445500,1.237
0.01446000,1.238
0.01446500,1.266
0.01447000,1.257
0.01447500,1.254
0.01448000,1.256
0.01448500,1.290
0.01449000,1.301
0.01449500,1.335
0.01450000,1.349
0.01450500,1.357
0.01451000,1.359
0.01451500,1.344
0.01452000,1.348
0.01452500,1.344
0.01453000,1.330
0.01453500,1.306
0.01454000,1.303
0.01454500,1.307
0.01455000,1.340
0.01455500,1.340
0.01456000,1.369
0.01456500,1.393
0.01457000,1.414
0.01457500,1.431
0.01458000,1.454
0.01458500,1.467
0.01459000,1.480
0.01459500,1.481
0.01460000,1.486
0.01460500,1.484
0.01461000,1.486
0.01461500,1.499
0.01462000,1.502
0.01462500,1.509
0.01463000,1.507
0.01463500,1.491
0.01464000,1.476
0.01464500,1.473
0.01465000,1.452
0.01465500,1.428
0.01466000,1.401
0.01466500,1.351
0.01467000,1.356
0.01467500,1.361
0.01468000,1.375
0.01468500,1.410
0.01469000,1.407
0.01469500,1.428
0.01470000,1.449
0.01470500,1.468
0.01471000,1.489
0.01471500,1.494
0.01472000,1.512
0.01472500,1.513
0.01473000,1.515
0.01473500,1.512
0.01474000,1.517
0.01474500,1.515
0.01475000,1.538
0.01475500,1.544
0.01476000,1.550
0.01476500,1.546
0.01477000,1.528
0.01477500,1.510
0.01478000,1.499
0.01478500,1.468
0.01479000,1.427
0.01479500,1.439
0.01480000,1.449
0.01480500,1.468
0.01481000,1.488
0.01481500,1.507
0.01482000,1.544
0.01482500,1.565
0.01483000,1.587
0.01483500,1.600
0.01484000,1.625
0.01484500,1.641
0.01485000,1.642
0.01485500,1.636
0.01486000,1.639
0.01486500,1.647
0.01487000,1.660
0.01487500,1.684
0.01488000,1.708
0.01488500,1.711
0.01489000,1.705
0.01489500,1.691
0.01490000,1.687
0.01490500,1.671
0.01491000,1.662
0.01491500,1.641
0.01492000,1.621
0.01492500,1.628
0.01493000,1.637
0.01493500,1.654
0.01494000,1.699
0.01494500,1.708
0.01495000,1.739
0.01495500,1.753
0.01496000,1.781
0.01496500,1.798
0.01497000,1.810
0.01497500,1.813
0.01498000,1.823
0.01498500,1.818
0.01499000,1.802
0.01499500,1.805
0.01500000,1.798
0.01500500,1.805
0.01501000,1.777
0.01501500,1.763
0.01502000,1.752
0.01502500,1.734
0.01503000,1.708
0.01503500,1.681
0.01504000,1.650
0.01504500,1.621
0.01505000,1.557
0.01505500,1.592
0.01506000,1.575
0.01506500,1.604
0.01507000,1.608
0.01507500,1.625
0.01508000,1.658
0.01508500,1.673
0.01509000,1.700
0.01509500,1.718
0.01510000,1.757
0.01510500,1.758
0.01511000,1.747
0.01511500,1.750
0.01512000,1.745
0.01512500,1.739
0.01513000,1.739
0.01513500,1.745
0.01514000,1.726
0.01514500,1.707
0.01515000,1.658
0.01515500,1.644
0.01516000,1.607
0.01516500,1.602
0.01517000,1.583
0.01517500,1.533
0.01518000,1.546
0.01518500,1.536
0.01519000,1.560
0.01519500,1.578
0.01520000,1.592
0.01520500,1.626
0.01521000,1.639
0.01521500,1.681
0.01522000,1.708
0.01522500,1.747
0.01523000,1.747
0.01523500,1.768
0.01524000,1.744
0.01524500,1.765
0.01525000,1.760
0.01525500,1.765
0.01526000,1.781
0.01526500,1.763
0.01527000,1.752
0.01527500,1.720
0.01528000,1.699
0.01528500,1.668
0.01529000,1.645
0.01529500,1.655
0.01530000,1.639
0.01530500,1.591
0.01531000,1.596
0.01531500,1.596
0.01532000,1.600
0.01532500,1.628
0.01533000,1.637
0.01533500,1.674
0.01534000,1.703
0.01534500,1.742
0.01535000,1.761
0.01535500,1.792
0.01536000,1.829
0.01536500,1.840
0.01537000,1.850
0.01537500,1.852
0.01538000,1.847
0.01538500,1.863
0.01539000,1.882
0.01539500,1.877
0.01540000,1.885
0.01540500,1.863
0.01541000,1.855
0.01541500,1.856
0.01542000,1.866
0.01542500,1.868
0.01543000,1.847
0.01543500,1.823
0.01544000,1.835
0.01544500,1.835
0.01545000,1.885
0.01545500,1.905
0.01546000,1.930
0.01546500,1.948
0.01547000,1.977
0.01547500,2.016
0.01548000,2.038
0.01548500,2.045
0.01549000,2.053
0.01549500,2.059
0.01550000,2.058
0.01550500,2.051
0.01551000,2.030
0.01551500,2.048
0.01552000,2.012
0.01552500,1.979
0.01553000,1.930
0.01553500,1.901
0.01554000,1.872
0.01554500,1.850
0.01555000,1.847
0.01555500,1.810
0.01556000,1.776
0.01556500,1.792
0.01557000,1.789
0.01557500,1.816
0.01558000,1.840
0.01558500,1.863
0.01559000,1.882
0.01559500,1.929
0.01560000,1.959
0.01560500,1.988
0.01561000,2.027
0.01561500,2.045
0.01562000,2.053
0.01562500,2.061
0.01563000,2.062
0.01563500,2.051
0.01564000,2.066
0.01564500,2.048
0.01565000,2.027
0.01565500,1.992
0.01566000,1.980
0.01566500,1.946
0.01567000,1.938
0.01567500,1.940
0.01568000,1.914
0.01568500,1.909
0.01569000,1.919
0.01569500,1.924
0.01570000,1.963
0.01570500,1.972
0.01571000,2.014
0.01571500,2.035
0.01572000,2.064
0.01572500,2.095
0.01573000,2.138
0.01573500,2.165
0.01574000,2.194
0.01574500,2.196
0.01575000,2.215
0.01575500,2.235
0.01576000,2.254
0.01576500,2.248
0.01577000,2.280
0.01577500,2.268
0.01578000,2.254
0.01578500,2.220
0.01579000,2.188
0.01579500,2.162
0.01580000,2.143
0.01580500,2.122
0.01581000,2.101
0.01581500,2.080
0.01582000,2.088
0.01582500,2.098
0.01583000,2.122
0.01583500,2.156
0.01584000,2.173
0.01584500,2.204
0.01585000,2.249
0.01585500,2.281
0.01586000,2.314
0.01586500,2.334
0.01587000,2.367
0.01587500,2.357
0.01588000,2.359
0.01588500,2.352
0.01589000,2.371
0.01589500,2.355
0.01590000,2.331
0.01590500,2.299
0.01591000,2.256
0.01591500,2.225
0.01592000,2.177
0.01592500,2.127
0.01593000,2.096
0.01593500,2.072
0.01594000,2.032
0.01594500,2.008
0.01595000,2.027
0.01595500,2.006
0.01596000,2.037
0.01596500,2.035
0.01597000,2.078
0.01597500,2.099
0.01598000,2.127
0.01598500,2.161
0.01599000,2.202
0.01599500,2.230
0.01600000,2.248
0.01600500,2.244
0.01601000,2.268
0.01601500,2.294
0.01602000,2.317
0.01602500,2.347
0.01603000,2.320
0.01603500,2.328
0.01604000,2.276
0.01604500,2.259
0.01605000,2.231
0.01605500,2.209
0.01606000,2.190
0.01606500,2.175
0.01607000,2.178
0.01607500,2.185
0.01608000,2.199
0.01608500,2.215
0.01609000,2.248
0.01609500,2.270
0.01610000,2.309
0.01610500,2.331
0.01611000,2.388
0.01611500,2.425
0.01612000,2.454
0.01612500,2.468
0.01613000,2.502
0.01613500,2.494
0.01614000,2.521
0.01614500,2.512
0.01615000,2.537
0.01615500,2.529
0.01616000,2.483
0.01616500,2.460
0.01617000,2.410
0.01617500,2.376
0.01618000,2.330
0.01618500,2.272
0.01619000,2.262
0.01619500,2.219
0.01620000,2.223
0.01620500,2.228
0.01621000,2.246
0.01621500,2.257
0.01622000,2.273
0.01622500,2.293
0.01623000,2.338
0.01623500,2.370
0.01624000,2.400
0.01624500,2.431
0.01625000,2.458
0.01625500,2.476
0.01626000,2.475
0.01626500,2.473
0.01627000,2.465
0.01627500,2.429
0.01628000,2.417
0.01628500,2.399
0.01629000,2.359
0.01629500,2.322
0.01630000,2.270
0.01630500,2.230
0.01631000,2.185
0.01631500,2.159
0.01632000,2.133
0.01632500,2.140
0.01633000,2.128
0.01633500,2.148
0.01634000,2.127
0.01634500,2.149
0.01635000,2.170
0.01635500,2.196
0.01636000,2.227
0.01636500,2.256
0.01637000,2.304
0.01637500,2.325
0.01638000,2.354
0.01638500,2.360
0.01639000,2.373
0.01639500,2.368
0.01640000,2.351
0.01640500,2.381
0.01641000,2.360
0.01641500,2.354
0.01642000,2.326
0.01642500,2.302
0.01643000,2.283
0.01643500,2.275
0.01644000,2.265
0.01644500,2.280
0.01645000,2.296
0.01645500,2.314
0.01646000,2.307
0.01646500,2.339
0.01647000,2.362
0.01647500,2.381
0.01648000,2.410
0.01648500,2.436
0.01649000,2.463
0.01649500,2.479
0.01650000,2.516
0.01650500,2.524
0.01651000,2.544
0.01651500,2.549
0.01652000,2.526
0.01652500,2.513
0.01653000,2.460
0.01653500,2.483
0.01654000,2.420
0.01654500,2.400
0.01655000,2.354
0.01655500,2.302
0.01656000,2.272
0.01656500,2.243
0.01657000,2.238
0.01657500,2.222
0.01658000,2.231
0.01658500,2.227
0.01659000,2.239
0.01659500,2.264
0.01660000,2.285
0.01660500,2.331
0.01661000,2.362
0.01661500,2.405
0.01662000,2.449
0.01662500,2.494
0.01663000,2.508
0.01663500,2.518
0.01664000,2.497
0.01664500,2.433
0.01665000,2.447
0.01665500,2.420
0.01666000,2.452
0.01666500,2.454
0.01667000,2.434
0.01667500,2.405
0.01668000,2.341
0.01668500,2.331
0.01669000,2.286
0.01669500,2.276
0.01670000,2.262
0.01670500,2.268
0.01671000,2.272
0.01671500,2.273
0.01672000,2.299
0.01672500,2.322
0.01673000,2.354
0.01673500,2.376
0.01674000,2.417
0.01674500,2.465
0.01675000,2.494
0.01675500,2.526
0.01676000,2.505
0.01676500,2.526
0.01677000,2.521
0.01677500,2.512
0.01678000,2.502
0.01678500,2.537
0.01679000,2.526
0.01679500,2.483
0.01680000,2.463
0.01680500,2.400
0.01681000,2.375
0.01681500,2.355
0.01682000,2.347
0.01682500,2.352
0.01683000,2.334
0.01683500,2.328
0.01684000,2.338
0.01684500,2.357
0.01685000,2.392
0.01685500,2.404
0.01686000,2.450
0.01686500,2.484
0.01687000,2.515
0.01687500,2.555
0.01688000,2.587
0.01688500,2.631
0.01689000,2.640
0.01689500,2.663
0.01690000,2.661
0.01690500,2.650
0.01691000,2.637
0.01691500,2.634
0.01692000,2.613
0.01692500,2.539
0.01693000,2.515
0.01693500,2.460
0.01694000,2.444
0.01694500,2.418
0.01695000,2.383
0.01695500,2.333
0.01696000,2.312
0.01696500,2.297
0.01697000,2.309
0.01697500,2.323
0.01698000,2.378
0.01698500,2.386
0.01699000,2.437
0.01699500,2.452
0.01700000,2.502
0.01700500,2.532
0.01701000,2.560
0.01701500,2.589
0.01702000,2.616
0.01702500,2.626
0.01703000,2.635
0.01703500,2.637
0.01704000,2.658
0.01704500,2.632
0.01705000,2.602
0.01705500,2.561
0.01706000,2.502
0.01706500,2.473
0.01707000,2.428
0.01707500,2.417
0.01708000,2.409
0.01708500,2.421
0.01709000,2.442
0.01709500,2.429
0.01710000,2.457
0.01710500,2.479
0.01711000,2.505
0.01711500,2.539
0.01712000,2.571
0.01712500,2.598
0.01713000,2.623
0.01713500,2.652
0.01714000,2.668
0.01714500,2.668
0.01715000,2.668
0.01715500,2.645
0.01716000,2.634
0.01716500,2.611
0.01717000,2.629
0.01717500,2.597
0.01718000,2.573
0.01718500,2.531
0.01719000,2.507
0.01719500,2.468
0.01720000,2.475
0.01720500,2.462
0.01721000,2.481
0.01721500,2.508
0.01722000,2.521
0.01722500,2.531
0.01723000,2.547
0.01723500,2.571
0.01724000,2.597
0.01724500,2.608
0.01725000,2.634
0.01725500,2.656
0.01726000,2.695
0.01726500,2.708
0.01727000,2.721
0.01727500,2.730
0.01728000,2.710
0.01728500,2.737
0.01729000,2.705
0.01729500,2.690
0.01730000,2.640
0.01730500,2.565
0.01731000,2.500
0.01731500,2.426
0.01732000,2.383
0.01732500,2.331
0.01733000,2.309
0.01733500,2.286
0.01734000,2.291
0.01734500,2.304
0.01735000,2.301
0.01735500,2.334
0.01736000,2.355
0.01736500,2.388
0.01737000,2.434
0.01737500,2.471
0.01738000,2.520
0.01738500,2.563
0.01739000,2.632
0.01739500,2.642
0.01740000,2.682
0.01740500,2.668
0.01741000,2.653
0.01741500,2.666
0.01742000,2.645
0.01742500,2.635
0.01743000,2.608
0.01743500,2.526
0.01744000,2.484
0.01744500,2.428
0.01745000,2.389
0.01745500,2.380
0.01746000,2.344
0.01746500,2.355
0.01747000,2.370
0.01747500,2.388
0.01748000,2.404
0.01748500,2.410
0.01749000,2.441
0.01749500,2.476
0.01750000,2.518
0.01750500,2.558
0.01751000,2.595
0.01751500,2.647
0.01752000,2.668
0.01752500,2.685
0.01753000,2.698
0.01753500,2.689
0.01754000,2.703
0.01754500,2.684
0.01755000,2.718
0.01755500,2.705
0.01756000,2.676
0.01756500,2.648
0.01757000,2.597
0.01757500,2.592
0.01758000,2.549
0.01758500,2.549
0.01759000,2.545
0.01759500,2.545
0.01760000,2.541
0.01760500,2.528
0.01761000,2.555
0.01761500,2.592
0.01762000,2.605
0.01762500,2.658
0.01763000,2.682
0.01763500,2.714
0.01764000,2.761
0.01764500,2.816
0.01765000,2.821
0.01765500,2.843
0.01766000,2.837
0.01766500,2.835
0.01767000,2.848
0.01767500,2.848
0.01768000,2.809
0.01768500,2.758
0.01769000,2.692
0.01769500,2.639
0.01770000,2.574
0.01770500,2.515
0.01771000,2.452
0.01771500,2.446
0.01772000,2.412
0.01772500,2.392
0.01773000,2.413
0.01773500,2.410
0.01774000,2.433
0.01774500,2.462
0.01775000,2.487
0.01775500,2.531
0.01776000,2.561
0.01776500,2.607
0.01777000,2.635
0.01777500,2.669
0.01778000,2.695
0.01778500,2.700
0.01779000,2.716
0.01779500,2.701
0.01780000,2.677
0.01780500,2.661
0.01781000,2.623
0.01781500,2.597
0.01782000,2.534
0.01782500,2.495
0.01783000,2.446
0.01783500,2.428
0.01784000,2.413
0.01784500,2.421
0.01785000,2.437
0.01785500,2.431
0.01786000,2.442
0.01786500,2.452
0.01787000,2.475
0.01787500,2.512
0.01788000,2.531
0.01788500,2.581
0.01789000,2.616
0.01789500,2.668
0.01790000,2.703
0.01790500,2.732
0.01791000,2.755
0.01791500,2.763
0.01792000,2.767
0.01792500,2.779
0.01793000,2.811
0.01793500,2.805
0.01794000,2.785
0.01794500,2.751
0.01795000,2.700
0.01795500,2.684
0.01796000,2.656
0.01796500,2.648
0.01797000,2.648
0.01797500,2.669
0.01798000,2.674
0.01798500,2.664
0.01799000,2.679
0.01799500,2.681
0.01800000,2.714
0.01800500,2.721
0.01801000,2.743
0.01801500,2.782
0.01802000,2.800
0.01802500,2.830
0.01803000,2.854
0.01803500,2.883
0.01804000,2.877
0.01804500,2.862
0.01805000,2.850
0.01805500,2.827
0.01806000,2.851
0.01806500,2.800
0.01807000,2.766
0.01807500,2.690
0.01808000,2.637
0.01808500,2.590
0.01809000,2.545
0.01809500,2.523
0.01810000,2.489
0.01810500,2.489
0.01811000,2.483
0.01811500,2.489
0.01812000,2.494
0.01812500,2.516
0.01813000,2.553
0.01813500,2.594
0.01814000,2.648
0.01814500,2.681
0.01815000,2.740
0.01815500,2.772
0.01816000,2.811
0.01816500,2.808
0.01817000,2.800
0.01817500,2.750
0.01818000,2.747
0.01818500,2.703
0.01819000,2.664
0.01819500,2.598
0.01820000,2.531
0.01820500,2.478
0.01821000,2.407
0.01821500,2.344
0.01822000,2.294
0.01822500,2.268
0.01823000,2.238
0.01823500,2.252
0.01824000,2.230
0.01824500,2.238
0.01825000,2.251
0.01825500,2.281
0.01826000,2.322
0.01826500,2.363
0.01827000,2.418
0.01827500,2.462
0.01828000,2.512
0.01828500,2.539
0.01829000,2.605
0.01829500,2.584
0.01830000,2.602
0.01830500,2.582
0.01831000,2.579
0.01831500,2.592
0.01832000,2.537
0.01832500,2.491
0.01833000,2.428
0.01833500,2.375
0.01834000,2.326
0.01834500,2.291
0.01835000,2.280
0.01835500,2.283
0.01836000,2.280
0.01836500,2.272
0.01837000,2.270
0.01837500,2.275
0.01838000,2.291
0.01838500,2.310
0.01839000,2.346
0.01839500,2.371
0.01840000,2.399
0.01840500,2.428
0.01841000,2.473
0.01841500,2.518
0.01842000,2.547
0.01842500,2.553
0.01843000,2.561
0.01843500,2.541
0.01844000,2.555
0.01844500,2.521
0.01845000,2.489
0.01845500,2.442
0.01846000,2.402
0.01846500,2.381
0.01847000,2.373
0.01847500,2.380
0.01848000,2.359
0.01848500,2.360
0.01849000,2.362
0.01849500,2.363
0.01850000,2.371
0.01850500,2.400
0.01851000,2.417
0.01851500,2.447
0.01852000,2.466
0.01852500,2.500
0.01853000,2.536
0.01853500,2.568
0.01854000,2.590
0.01854500,2.610
0.01855000,2.618
0.01855500,2.616
0.01856000,2.595
0.01856500,2.584
0.01857000,2.598
0.01857500,2.552
0.01858000,2.508
0.01858500,2.446
0.01859000,2.405
0.01859500,2.370
0.01860000,2.344
0.01860500,2.341
0.01861000,2.339
0.01861500,2.349
0.01862000,2.341
0.01862500,2.355
0.01863000,2.378
0.01863500,2.404
0.01864000,2.429
0.01864500,2.465
0.01865000,2.494
0.01865500,2.529
0.01866000,2.557
0.01866500,2.594
0.01867000,2.618
0.01867500,2.626
0.01868000,2.610
0.01868500,2.640
0.01869000,2.635
0.01869500,2.656
0.01870000,2.637
0.01870500,2.600
0.01871000,2.568
0.01871500,2.513
0.01872000,2.476
0.01872500,2.452
0.01873000,2.442
0.01873500,2.423
0.01874000,2.426
0.01874500,2.436
0.01875000,2.441
0.01875500,2.449
0.01876000,2.465
0.01876500,2.491
0.01877000,2.503
0.01877500,2.526
0.01878000,2.549
0.01878500,2.578
0.01879000,2.595
0.01879500,2.608
0.01880000,2.621
0.01880500,2.615
0.01881000,2.635
0.01881500,2.632
0.01882000,2.629
0.01882500,2.645
0.01883000,2.605
0.01883500,2.565
0.01884000,2.489
0.01884500,2.455
0.01885000,2.412
0.01885500,2.384
0.01886000,2.363
0.01886500,2.347
0.01887000,2.331
0.01887500,2.322
0.01888000,2.318
0.01888500,2.341
0.01889000,2.365
0.01889500,2.392
0.01890000,2.425
0.01890500,2.463
0.01891000,2.500
0.01891500,2.537
0.01892000,2.565
0.01892500,2.587
0.01893000,2.586
0.01893500,2.571
0.01894000,2.568
0.01894500,2.563
0.01895000,2.565
0.01895500,2.516
0.01896000,2.475
0.01896500,2.420
0.01897000,2.360
0.01897500,2.318
0.01898000,2.272
0.01898500,2.252
0.01899000,2.219
0.01899500,2.202
0.01900000,2.190
0.01900500,2.191
0.01901000,2.191
0.01901500,2.202
0.01902000,2.225
0.01902500,2.256
0.01903000,2.286
0.01903500,2.307
0.01904000,2.344
0.01904500,2.371
0.01905000,2.391
0.01905500,2.388
0.01906000,2.391
0.01906500,2.383
0.01907000,2.389
0.01907500,2.376
0.01908000,2.380
0.01908500,2.339
0.01909000,2.299
0.01909500,2.256
0.01910000,2.214
0.01910500,2.188
0.01911000,2.164
0.01911500,2.149
0.01912000,2.146
0.01912500,2.154
0.01913000,2.141
0.01913500,2.143
0.01914000,2.159
0.01914500,2.172
0.01915000,2.193
0.01915500,2.209
0.01916000,2.241
0.01916500,2.264
0.01917000,2.288
0.01917500,2.299
0.01918000,2.304
0.01918500,2.293
0.01919000,2.278
0.01919500,2.260
0.01920000,2.251
0.01920500,2.231
0.01921000,2.178
0.01921500,2.125
0.01922000,2.067
0.01922500,2.030
0.01923000,1.987
0.01923500,1.958
0.01924000,1.934
0.01924500,1.930
0.01925000,1.937
0.01925500,1.934
0.01926000,1.934
0.01926500,1.950
0.01927000,1.961
0.01927500,1.977
0.01928000,2.000
0.01928500,2.029
0.01929000,2.058
0.01929500,2.078
0.01930000,2.107
0.01930500,2.127
0.01931000,2.130
0.01931500,2.140
0.01932000,2.130
0.01932500,2.124
0.01933000,2.114
0.01933500,2.111
0.01934000,2.074
0.01934500,2.017
0.01935000,1.959
0.01935500,1.919
0.01936000,1.890
0.01936500,1.863
0.01937000,1.853
0.01937500,1.855
0.01938000,1.861
0.01938500,1.853
0.01939000,1.850
0.01939500,1.845
0.01940000,1.858
0.01940500,1.874
0.01941000,1.892
0.01941500,1.909
0.01942000,1.938
0.01942500,1.958
0.01943000,1.975
0.01943500,1.988
0.01944000,1.996
0.01944500,1.998
0.01945000,1.984
0.01945500,1.990
0.01946000,2.017
0.01946500,2.000
0.01947000,1.980
0.01947500,1.940
0.01948000,1.922
0.01948500,1.903
0.01949000,1.890
0.01949500,1.901
0.01950000,1.906
0.01950500,1.929
0.01951000,1.926
0.01951500,1.927
0.01952000,1.937
0.01952500,1.945
0.01953000,1.958
0.01953500,1.967
0.01954000,1.984
0.01954500,1.995
0.01955000,2.008
0.01955500,2.019
0.01956000,2.035
0.01956500,2.037
0.01957000,2.024
0.01957500,2.022
0.01958000,2.021
0.01958500,2.021
0.01959000,1.993
0.01959500,1.963
0.01960000,1.921
0.01960500,1.880
0.01961000,1.837
0.01961500,1.805
0.01962000,1.789
0.01962500,1.765
0.01963000,1.761
0.01963500,1.739
0.01964000,1.750
0.01964500,1.755
0.01965000,1.760
0.01965500,1.773
0.01966000,1.790
0.01966500,1.811
0.01967000,1.837
0.01967500,1.858
0.01968000,1.880
0.01968500,1.893
0.01969000,1.895
0.01969500,1.892
0.01970000,1.890
0.01970500,1.897
0.01971000,1.876
0.01971500,1.874
0.01972000,1.852
0.01972500,1.803
0.01973000,1.760
0.01973500,1.716
0.01974000,1.686
0.01974500,1.658
0.01975000,1.626
0.01975500,1.626
0.01976000,1.634
0.01976500,1.628
0.01977000,1.625
0.01977500,1.636
0.01978000,1.642
0.01978500,1.649
0.01979000,1.655
0.01979500,1.674
0.01980000,1.692
0.01980500,1.700
0.01981000,1.697
0.01981500,1.710
0.01982000,1.703
0.01982500,1.699
0.01983000,1.697
0.01983500,1.684
0.01984000,1.694
0.01984500,1.678
0.01985000,1.652
0.01985500,1.629
0.01986000,1.600
0.01986500,1.576
0.01987000,1.549
0.01987500,1.552
0.01988000,1.546
0.01988500,1.542
0.01989000,1.531
0.01989500,1.531
0.01990000,1.531
0.01990500,1.541
0.01991000,1.549
0.01991500,1.567
0.01992000,1.584
0.01992500,1.605
0.01993000,1.616
0.01993500,1.631
0.01994000,1.637
0.01994500,1.642
0.01995000,1.633
0.01995500,1.631
0.01996000,1.616
0.01996500,1.626
0.01997000,1.621
0.01997500,1.596
0.01998000,1.544
0.01998500,1.505
0.01999000,1.470
0.01999500,1.462
0.02000000,1.439
0.02000500,1.435
0.02001000,1.425
0.02001500,1.425
0.02002000,1.422
0.02002500,1.423
0.02003000,1.423
0.02003500,1.438
0.02004000,1.452
0.02004500,1.465
0.02005000,1.473
0.02005500,1.496
0.02006000,1.505
0.02006500,1.512
0.02007000,1.525
0.02007500,1.521
0.02008000,1.515
0.02008500,1.491
0.02009000,1.465
0.02009500,1.459
0.02010000,1.441
0.02010500,1.418
0.02011000,1.398
0.02011500,1.373
0.02012000,1.352
0.02012500,1.351
0.02013000,1.338
0.02013500,1.348
0.02014000,1.369
0.02014500,1.364
0.02015000,1.364
0.02015500,1.377
0.02016000,1.386
0.02016500,1.394
0.02017000,1.398
0.02017500,1.410
0.02018000,1.404
0.02018500,1.415
0.02019000,1.410
0.02019500,1.407
0.02020000,1.378
0.02020500,1.369
0.02021000,1.365
0.02021500,1.349
0.02022000,1.380
0.02022500,1.380
0.02023000,1.372
0.02023500,1.369
0.02024000,1.335
0.02024500,1.323
0.02025000,1.311
0.02025500,1.328
0.02026000,1.311
0.02026500,1.328
0.02027000,1.349
0.02027500,1.343
0.02028000,1.361
0.02028500,1.351
0.02029000,1.359
0.02029500,1.357
0.02030000,1.352
0.02030500,1.351
0.02031000,1.349
0.02031500,1.352
0.02032000,1.343
0.02032500,1.340
0.02033000,1.333
0.02033500,1.322
0.02034000,1.335
0.02034500,1.323
0.02035000,1.311
0.02035500,1.295
0.02036000,1.280
0.02036500,1.249
0.02037000,1.224
0.02037500,1.217
0.02038000,1.193
0.02038500,1.177
0.02039000,1.175
0.02039500,1.195
0.02040000,1.191
0.02040500,1.191
0.02041000,1.196
0.02041500,1.204
0.02042000,1.209
0.02042500,1.219
0.02043000,1.227
0.02043500,1.237
0.02044000,1.245
0.02044500,1.243
0.02045000,1.245
0.02045500,1.230
0.02046000,1.222
0.02046500,1.201
0.02047000,1.193
0.02047500,1.185
0.02048000,1.191
0.02048500,1.174
0.02049000,1.150
0.02049500,1.129
0.02050000,1.098
0.02050500,1.072
0.02051000,1.061
0.02051500,1.071
0.02052000,1.066
0.02052500,1.074
0.02053000,1.069
0.02053500,1.082
0.02054000,1.077
0.02054500,1.077
0.02055000,1.090
0.02055500,1.095
0.02056000,1.100
0.02056500,1.097
0.02057000,1.108
0.02057500,1.114
0.02058000,1.113
0.02058500,1.092
0.02059000,1.098
0.02059500,1.093
0.02060000,1.074
0.02060500,1.080
0.02061000,1.069
0.02061500,1.055
0.02062000,1.034
0.02062500,1.010
0.02063000,0.997
0.02063500,0.987
0.02064000,1.003
0.02064500,0.998
0.02065000,1.006
0.02065500,1.010
0.02066000,1.005
0.02066500,1.010
0.02067000,1.026
0.02067500,1.034
0.02068000,1.045
0.02068500,1.042
0.02069000,1.055
0.02069500,1.056
0.02070000,1.056
0.02070500,1.040
0.02071000,1.040
0.02071500,1.037
0.02072000,1.034
0.02072500,1.024
0.02073000,1.031
0.02073500,1.024
0.02074000,0.995
0.02074500,0.971
0.02075000,0.961
0.02075500,0.947
0.02076000,0.931
0.02076500,0.921
0.02077000,0.923
0.02077500,0.931
0.02078000,0.944
0.02078500,0.932
0.02079000,0.944
0.02079500,0.937
0.02080000,0.944
0.02080500,0.948
0.02081000,0.958
0.02081500,0.958
0.02082000,0.953
0.02082500,0.956
0.02083000,0.955
0.02083500,0.947
0.02084000,0.942
0.02084500,0.936
0.02085000,0.931
0.02085500,0.926
0.02086000,0.942
0.02086500,0.923
0.02087000,0.916
0.02087500,0.898
0.02088000,0.882
0.02088500,0.868
0.02089000,0.873
0.02089500,0.876
0.02090000,0.882
0.02090500,0.889
0.02091000,0.897
0.02091500,0.892
0.02092000,0.894
0.02092500,0.902
0.02093000,0.908
0.02093500,0.911
0.02094000,0.910
0.02094500,0.915
0.02095000,0.919
0.02095500,0.918
0.02096000,0.903
0.02096500,0.898
0.02097000,0.898
0.02097500,0.895
0.02098000,0.889
0.02098500,0.911
0.02099000,0.907
0.02099500,0.902
0.02100000,0.890
0.02100500,0.873
0.02101000,0.866
0.02101500,0.860
0.02102000,0.857
0.02102500,0.874
0.02103000,0.889
0.02103500,0.887
0.02104000,0.879
0.02104500,0.886
0.02105000,0.886
0.02105500,0.894
0.02106000,0.894
0.02106500,0.897
0.02107000,0.898
0.02107500,0.903
0.02108000,0.894
0.02108500,0.881
0.02109000,0.881
0.02109500,0.871
0.02110000,0.855
0.02110500,0.860
0.02111000,0.866
0.02111500,0.861
0.02112000,0.845
0.02112500,0.841
0.02113000,0.823
0.02113500,0.810
0.02114000,0.795
0.02114500,0.789
0.02115000,0.791
0.02115500,0.795
0.02116000,0.783
0.02116500,0.783
0.02117000,0.784
0.02117500,0.783
0.02118000,0.784
0.02118500,0.784
0.02119000,0.800
0.02119500,0.787
0.02120000,0.791
0.02120500,0.794
0.02121000,0.786
0.02121500,0.783
0.02122000,0.760
0.02122500,0.754
0.02123000,0.754
0.02123500,0.744
0.02124000,0.734
0.02124500,0.729
0.02125000,0.720
0.02125500,0.705
0.02126000,0.689
0.02126500,0.688
0.02127000,0.681
0.02127500,0.667
0.02128000,0.657
0.02128500,0.688
0.02129000,0.676
0.02129500,0.676
0.02130000,0.668
0.02130500,0.675
0.02131000,0.681
0.02131500,0.673
0.02132000,0.673
0.02132500,0.676
0.02133000,0.676
0.02133500,0.667
0.02134000,0.662
0.02134500,0.663
0.02135000,0.649
0.02135500,0.646
0.02136000,0.638
0.02136500,0.638
0.02137000,0.649
0.02137500,0.634
0.02138000,0.620
0.02138500,0.610
0.02139000,0.602
0.02139500,0.588
0.02140000,0.585
0.02140500,0.610
0.02141000,0.609
0.02141500,0.604
0.02142000,0.607
0.02142500,0.604
0.02143000,0.609
0.02143500,0.614
0.02144000,0.614
0.02144500,0.617
0.02145000,0.617
0.02145500,0.615
0.02146000,0.615
0.02146500,0.620
0.02147000,0.614
0.02147500,0.597
0.02148000,0.593
0.02148500,0.593
0.02149000,0.588
0.02149500,0.591
0.02150000,0.583
0.02150500,0.581
0.02151000,0.570
0.02151500,0.556
0.02152000,0.546
0.02152500,0.548
0.02153000,0.543
0.02153500,0.535
0.02154000,0.554
0.02154500,0.549
0.02155000,0.548
0.02155500,0.541
0.02156000,0.552
0.02156500,0.551
0.02157000,0.548
0.02157500,0.549
0.02158000,0.546
0.02158500,0.552
0.02159000,0.544
0.02159500,0.540
0.02160000,0.540
0.02160500,0.533
0.02161000,0.528
0.02161500,0.517
0.02162000,0.509
0.02162500,0.520
0.02163000,0.507
0.02163500,0.490
0.02164000,0.477
0.02164500,0.469
0.02165000,0.457
0.02165500,0.457
0.02166000,0.459
0.02166500,0.467
0.02167000,0.482
0.02167500,0.456
0.02168000,0.470
0.02168500,0.464
0.02169000,0.469
0.02169500,0.457
0.02170000,0.464
0.02170500,0.461
0.02171000,0.454
0.02171500,0.448
0.02172000,0.449
0.02172500,0.446
0.02173000,0.438
0.02173500,0.425
0.02174000,0.422
0.02174500,0.424
0.02175000,0.427
0.02175500,0.408
0.02176000,0.409
0.02176500,0.403
0.02177000,0.387
0.02177500,0.377
0.02178000,0.382
0.02178500,0.388
0.02179000,0.375
0.02179500,0.404
0.02180000,0.388
0.02180500,0.399
0.02181000,0.390
0.02181500,0.387
0.02182000,0.393
0.02182500,0.393
0.02183000,0.385
0.02183500,0.374
0.02184000,0.383
0.02184500,0.377
0.02185000,0.372
0.02185500,0.356
0.02186000,0.353
0.02186500,0.358
0.02187000,0.346
0.02187500,0.338
0.02188000,0.337
0.02188500,0.330
0.02189000,0.319
0.02189500,0.311
0.02190000,0.304
0.02190500,0.303
0.02191000,0.308
0.02191500,0.295
0.02192000,0.327
0.02192500,0.308
0.02193000,0.303
0.02193500,0.301
0.02194000,0.298
0.02194500,0.309
0.02195000,0.296
0.02195500,0.290
0.02196000,0.285
0.02196500,0.288
0.02197000,0.280
0.02197500,0.279
0.02198000,0.274
0.02198500,0.269
0.02199000,0.255
0.02199500,0.255
0.02200000,0.258
0.02200500,0.247
0.02201000,0.243
0.02201500,0.235
0.02202000,0.229
0.02202500,0.214
0.02203000,0.208
0.02203500,0.205
0.02204000,0.221
0.02204500,0.213
0.02205000,0.245
0.02205500,0.218
0.02206000,0.224
0.02206500,0.216
0.02207000,0.213
0.02207500,0.222
0.02208000,0.213
0.02208500,0.213
0.02209000,0.193
0.02209500,0.195
0.02210000,0.206
0.02210500,0.203
0.02211000,0.179
0.02211500,0.172
0.02212000,0.182
0.02212500,0.176
0.02213000,0.163
0.02213500,0.168
0.02214000,0.164
0.02214500,0.152
0.02215000,0.135
0.02215500,0.143
0.02216000,0.168
0.02216500,0.137
0.02217000,0.139
0.02217500,0.176
0.02218000,0.155
0.02218500,0.152
0.02219000,0.147
0.02219500,0.142
0.02220000,0.143
0.02220500,0.139
0.02221000,0.127
0.02221500,0.126
0.02222000,0.119
0.02222500,0.115
0.02223000,0.111
0.02223500,0.102
0.02224000,0.097
0.02224500,0.094
0.02225000,0.086
0.02225500,0.082
0.02226000,0.076
0.02226500,0.061
0.02227000,0.058
0.02227500,0.057
0.02228000,0.047
0.02228500,0.037
0.02229000,0.042
0.02229500,0.053
0.02230000,0.084
0.02230500,0.068
0.02231000,0.069
0.02231500,0.060
0.02232000,0.060
0.02232500,0.057
0.02233000,0.045
0.02233500,0.044
0.02234000,0.031
0.02234500,0.028
0.02235000,0.018
0.02235500,0.021
0.02236000,0.013
0.02236500,0.007
0.02237000,0.002
0.02237500,-0.001
0.02238000,-0.008
0.02238500,-0.021
0.02239000,-0.022
0.02239500,-0.032
0.02240000,-0.038
0.02240500,-0.048
0.02241000,-0.050
0.02241500,-0.043
0.02242000,-0.034
0.02242500,-0.003
0.02243000,-0.005
0.02243500,-0.051
0.02244000,-0.067
0.02244500,-0.071
0.02245000,-0.048
0.02245500,-0.026
0.02246000,-0.022
0.02246500,-0.022
0.02247000,-0.040
0.02247500,-0.043
0.02248000,-0.051
0.02248500,-0.035
0.02249000,-0.021
0.02249500,-0.030
0.02250000,-0.043
0.02250500,-0.043
0.02251000,-0.034
0.02251500,-0.034
0.02252000,-0.040
0.02252500,-0.035
0.02253000,-0.037
0.02253500,-0.038
0.02254000,-0.045
0.02254500,-0.035
0.02255000,-0.026
0.02255500,-0.017
0.02256000,-0.038
0.02256500,-0.055
0.02257000,-0.050
0.02257500,-0.058
0.02258000,-0.038
0.02258500,-0.026
0.02259000,-0.016
0.02259500,-0.042
0.02260000,-0.053
0.02260500,-0.035
0.02261000,-0.034
0.02261500,-0.040
0.02262000,-0.038
0.02262500,-0.037
0.02263000,-0.037
0.02263500,-0.051
0.02264000,-0.035
0.02264500,-0.029
0.02265000,-0.026
0.02265500,-0.038
0.02266000,-0.040
0.02266500,-0.034
0.02267000,-0.034
0.02267500,-0.038
0.02268000,-0.022
0.02268500,-0.026
0.02269000,-0.043
0.02269500,-0.050
0.02270000,-0.046
0.02270500,-0.038
0.02271000,-0.022
0.02271500,-0.032
0.02272000,-0.029
0.02272500,-0.045
0.02273000,-0.048
0.02273500,-0.045
0.02274000,-0.032
0.02274500,-0.021
0.02275000,-0.032
0.02275500,-0.043
0.02276000,-0.042
0.02276500,-0.032
0.02277000,-0.021
0.02277500,-0.037
0.02278000,-0.038
0.02278500,-0.043
0.02279000,-0.034
0.02279500,-0.042
0.02280000,-0.030
0.02280500,-0.035
0.02281000,-0.024
0.02281500,-0.029
0.02282000,-0.048
0.02282500,-0.042
0.02283000,-0.048
0.02283500,-0.048
0.02284000,-0.037
0.02284500,-0.024
0.02285000,-0.029
0.02285500,-0.043
0.02286000,-0.034
0.02286500,-0.035
0.02287000,-0.032
0.02287500,-0.043
0.02288000,-0.032
0.02288500,-0.037
0.02289000,-0.032
0.02289500,-0.040
0.02290000,-0.030
0.02290500,-0.027
0.02291000,-0.034
0.02291500,-0.040
0.02292000,-0.032
0.02292500,-0.027
0.02293000,-0.034
0.02293500,-0.032
0.02294000,-0.032
0.02294500,-0.027
0.02295000,-0.042
0.02295500,-0.042
0.02296000,-0.038
0.02296500,-0.027
0.02297000,-0.042
0.02297500,-0.042
0.02298000,-0.037
0.02298500,-0.034
0.02299000,-0.037
0.02299500,-0.038
0.02300000,-0.037
0.02300500,-0.027
0.02301000,-0.037
0.02301500,-0.038
0.02302000,-0.034
0.02302500,-0.030
0.02303000,-0.037
0.02303500,-0.038
0.02304000,-0.038
0.02304500,-0.029
0.02305000,-0.035
0.02305500,-0.040
0.02306000,-0.037
0.02306500,-0.032
0.02307000,-0.042
0.02307500,-0.042
0.02308000,-0.037
0.02308500,-0.032
0.02309000,-0.040
0.02309500,-0.038
0.02310000,-0.040
0.02310500,-0.032
0.02311000,-0.042
0.02311500,-0.037
0.02312000,-0.037
0.02312500,-0.030
0.02313000,-0.042
0.02313500,-0.032
0.02314000,-0.032
0.02314500,-0.029
0.02315000,-0.038
0.02315500,-0.035
0.02316000,-0.034
0.02316500,-0.035
0.02317000,-0.040
0.02317500,-0.037
0.02318000,-0.038
0.02318500,-0.029
0.02319000,-0.037
0.02319500,-0.038
0.02320000,-0.034
0.02320500,-0.029
0.02321000,-0.034
0.02321500,-0.034
0.02322000,-0.032
0.02322500,-0.029
0.02323000,-0.040
0.02323500,-0.038
0.02324000,-0.035
0.02324500,-0.032
0.02325000,-0.037
0.02325500,-0.032
0.02326000,-0.032
0.02326500,-0.027
0.02327000,-0.043
0.02327500,-0.035
0.02328000,-0.035
0.02328500,-0.030
0.02329000,-0.038
0.02329500,-0.038
0.02330000,-0.035
0.02330500,-0.030
0.02331000,-0.038
0.02331500,-0.038
0.02332000,-0.032
0.02332500,-0.026
0.02333000,-0.040
0.02333500,-0.040
0.02334000,-0.034
0.02334500,-0.038
0.02335000,-0.037
0.02335500,-0.037
0.02336000,-0.032
0.02336500,-0.032
0.02337000,-0.032
0.02337500,-0.038
0.02338000,-0.032
0.02338500,-0.029
0.02339000,-0.037
0.02339500,-0.035
0.02340000,-0.026
0.02340500,-0.034
0.02341000,-0.035
0.02341500,-0.035
0.02342000,-0.029
0.02342500,-0.027
0.02343000,-0.034
0.02343500,-0.040
0.02344000,-0.029
0.02344500,-0.029
0.02345000,-0.035
0.02345500,-0.034
0.02346000,-0.027
0.02346500,-0.024
0.02347000,-0.035
0.02347500,-0.030
0.02348000,-0.029
0.02348500,-0.029
0.02349000,-0.038
0.02349500,-0.040
0.02350000,-0.032
0.02350500,-0.024
0.02351000,-0.026
0.02351500,-0.024
0.02352000,-0.016
0.02352500,-0.019
0.02353000,-0.022
0.02353500,-0.027
0.02354000,-0.021
0.02354500,-0.030
0.02355000,-0.038
0.02355500,-0.040
0.02356000,-0.032
0.02356500,-0.037
0.02357000,-0.040
0.02357500,-0.045
0.02358000,-0.035
0.02358500,-0.030
0.02359000,-0.034
0.02359500,-0.032
0.02360000,-0.030
0.02360500,-0.034
0.02361000,-0.029
0.02361500,-0.034
0.02362000,-0.022
0.02362500,-0.032
0.02363000,-0.032
0.02363500,-0.030
0.02364000,-0.035
0.02364500,-0.030
0.02365000,-0.027
0.02365500,-0.032
0.02366000,-0.034
0.02366500,-0.035
0.02367000,-0.035
0.02367500,-0.038
0.02368000,-0.063
0.02368500,-0.137
0.02369000,-0.177
0.02369500,-0.215
0.02370000,-0.219
0.02370500,-0.254
0.02371000,-0.275
0.02371500,-0.309
0.02372000,-0.328
0.02372500,-0.354
0.02373000,-0.385
0.02373500,-0.413
0.02374000,-0.439
0.02374500,-0.476
0.02375000,-0.504
0.02375500,-0.525
0.02376000,-0.550
0.02376500,-0.570
0.02377000,-0.581
0.02377500,-0.594
0.02378000,-0.608
0.02378500,-0.632
0.02379000,-0.652
0.02379500,-0.661
0.02380000,-0.673
0.02380500,-0.679
0.02381000,-0.687
0.02381500,-0.686
0.02382000,-0.682
0.02382500,-0.652
0.02383000,-0.599
0.02383500,-0.568
0.02384000,-0.562
0.02384500,-0.584
0.02385000,-0.612
0.02385500,-0.616
0.02386000,-0.655
0.02386500,-0.660
0.02387000,-0.700
0.02387500,-0.719
0.02388000,-0.745
0.02388500,-0.764
0.02389000,-0.768
0.02389500,-0.777
0.02390000,-0.781
0.02390500,-0.798
0.02391000,-0.801
0.02391500,-0.790
0.02392000,-0.793
0.02392500,-0.803
0.02393000,-0.808
0.02393500,-0.816
0.02394000,-0.819
0.02394500,-0.824
0.02395000,-0.811
0.02395500,-0.755
0.02396000,-0.687
0.02396500,-0.663
0.02397000,-0.682
0.02397500,-0.669
0.02398000,-0.689
0.02398500,-0.705
0.02399000,-0.715
0.02399500,-0.745
0.02400000,-0.771
0.02400500,-0.801
0.02401000,-0.819
0.02401500,-0.824
0.02402000,-0.827
0.02402500,-0.840
0.02403000,-0.856
0.02403500,-0.858
0.02404000,-0.876
0.02404500,-0.903
0.02405000,-0.924
0.02405500,-0.937
0.02406000,-0.951
0.02406500,-0.958
0.02407000,-0.966
0.02407500,-0.956
0.02408000,-0.930
0.02408500,-0.911
0.02409000,-0.901
0.02409500,-0.895
0.02410000,-0.921
0.02410500,-0.925
0.02411000,-0.961
0.02411500,-0.940
0.02412000,-0.983
0.02412500,-0.995
0.02413000,-1.017
0.02413500,-1.020
0.02414000,-1.024
0.02414500,-1.008
0.02415000,-1.012
0.02415500,-1.001
0.02416000,-1.006
0.02416500,-1.003
0.02417000,-1.001
0.02417500,-0.998
0.02418000,-1.003
0.02418500,-1.001
0.02419000,-0.985
0.02419500,-0.969
0.02420000,-0.977
0.02420500,-0.972
0.02421000,-0.927
0.02421500,-0.900
0.02422000,-0.874
0.02422500,-0.906
0.02423000,-0.908
0.02423500,-0.911
0.02424000,-0.950
0.02424500,-0.953
0.02425000,-0.987
0.02425500,-0.996
0.02426000,-1.028
0.02426500,-1.038
0.02427000,-1.053
0.02427500,-1.043
0.02428000,-1.041
0.02428500,-1.041
0.02429000,-1.035
0.02429500,-1.027
0.02430000,-1.043
0.02430500,-1.043
0.02431000,-1.038
0.02431500,-1.035
0.02432000,-1.038
0.02432500,-1.038
0.02433000,-1.033
0.02433500,-1.001
0.02434000,-1.004
0.02434500,-0.985
0.02435000,-1.009
0.02435500,-1.006
0.02436000,-1.028
0.02436500,-1.043
0.02437000,-1.043
0.02437500,-1.080
0.02438000,-1.104
0.02438500,-1.133
0.02439000,-1.131
0.02439500,-1.151
0.02440000,-1.152
0.02440500,-1.162
0.02441000,-1.160
0.02441500,-1.164
0.02442000,-1.173
0.02442500,-1.177
0.02443000,-1.186
0.02443500,-1.194
0.02444000,-1.204
0.02444500,-1.197
0.02445000,-1.186
0.02445500,-1.178
0.02446000,-1.167
0.02446500,-1.156
0.02447000,-1.141
0.02447500,-1.125
0.02448000,-1.164
0.02448500,-1.165
0.02449000,-1.193
0.02449500,-1.210
0.02450000,-1.239
0.02450500,-1.259
0.02451000,-1.273
0.02451500,-1.301
0.02452000,-1.304
0.02452500,-1.310
0.02453000,-1.305
0.02453500,-1.301
0.02454000,-1.297
0.02454500,-1.292
0.02455000,-1.288
0.02455500,-1.323
0.02456000,-1.326
0.02456500,-1.341
0.02457000,-1.328
0.02457500,-1.310
0.02458000,-1.289
0.02458500,-1.297
0.02459000,-1.235
0.02459500,-1.220
0.02460000,-1.204
0.02460500,-1.196
0.02461000,-1.204
0.02461500,-1.209
0.02462000,-1.249
0.02462500,-1.265
0.02463000,-1.289
0.02463500,-1.325
0.02464000,-1.344
0.02464500,-1.360
0.02465000,-1.376
0.02465500,-1.387
0.02466000,-1.392
0.02466500,-1.402
0.02467000,-1.400
0.02467500,-1.429
0.02468000,-1.439
0.02468500,-1.463
0.02469000,-1.452
0.02469500,-1.450
0.02470000,-1.434
0.02470500,-1.416
0.02471000,-1.391
0.02471500,-1.370
0.02472000,-1.346
0.02472500,-1.325
0.02473000,-1.310
0.02473500,-1.346
0.02474000,-1.349
0.02474500,-1.373
0.02475000,-1.384
0.02475500,-1.408
0.02476000,-1.437
0.02476500,-1.445
0.02477000,-1.471
0.02477500,-1.482
0.02478000,-1.490
0.02478500,-1.502
0.02479000,-1.495
0.02479500,-1.499
0.02480000,-1.502
0.02480500,-1.510
0.02481000,-1.539
0.02481500,-1.550
0.02482000,-1.553
0.02482500,-1.548
0.02483000,-1.536
0.02483500,-1.539
0.02484000,-1.526
0.02484500,-1.507
0.02485000,-1.508
0.02485500,-1.478
0.02486000,-1.495
0.02486500,-1.513
0.02487000,-1.523
0.02487500,-1.558
0.02488000,-1.558
0.02488500,-1.582
0.02489000,-1.582
0.02489500,-1.621
0.02490000,-1.624
0.02490500,-1.631
0.02491000,-1.634
0.02491500,-1.639
0.02492000,-1.640
0.02492500,-1.650
0.02493000,-1.659
0.02493500,-1.663
0.02494000,-1.685
0.02494500,-1.672
0.02495000,-1.668
0.02495500,-1.653
0.02496000,-1.637
0.02496500,-1.622
0.02497000,-1.597
0.02497500,-1.590
0.02498000,-1.560
0.02498500,-1.537
0.02499000,-1.566
0.02499500,-1.569
0.02500000,-1.603
0.02500500,-1.618
0.02501000,-1.650
0.02501500,-1.679
0.02502000,-1.700
0.02502500,-1.721
0.02503000,-1.732
0.02503500,-1.753
0.02504000,-1.754
0.02504500,-1.745
0.02505000,-1.737
0.02505500,-1.756
0.02506000,-1.751
0.02506500,-1.771
0.02507000,-1.764
0.02507500,-1.758
0.02508000,-1.738
0.02508500,-1.706
0.02509000,-1.697
0.02509500,-1.676
0.02510000,-1.648
0.02510500,-1.631
0.02511000,-1.603
0.02511500,-1.584
0.02512000,-1.606
0.02512500,-1.592
0.02513000,-1.629
0.02513500,-1.637
0.02514000,-1.677
0.02514500,-1.687
0.02515000,-1.719
0.02515500,-1.727
0.02516000,-1.758
0.02516500,-1.772
0.02517000,-1.790
0.02517500,-1.771
0.02518000,-1.795
0.02518500,-1.811
0.02519000,-1.814
0.02519500,-1.851
0.02520000,-1.830
0.02520500,-1.827
0.02521000,-1.808
0.02521500,-1.795
0.02522000,-1.775
0.02522500,-1.750
0.02523000,-1.750
0.02523500,-1.721
0.02524000,-1.697
0.02524500,-1.709
0.02525000,-1.714
0.02525500,-1.750
0.02526000,-1.766
0.02526500,-1.785
0.02527000,-1.814
0.02527500,-1.835
0.02528000,-1.864
0.02528500,-1.886
0.02529000,-1.917
0.02529500,-1.927
0.02530000,-1.941
0.02530500,-1.927
0.02531000,-1.951
0.02531500,-1.959
0.02532000,-1.952
0.02532500,-1.933
0.02533000,-1.895
0.02533500,-1.896
0.02534000,-1.862
0.02534500,-1.849
0.02535000,-1.835
0.02535500,-1.801
0.02536000,-1.793
0.02536500,-1.759
0.02537000,-1.782
0.02537500,-1.790
0.02538000,-1.816
0.02538500,-1.833
0.02539000,-1.872
0.02539500,-1.904
0.02540000,-1.915
0.02540500,-1.938
0.02541000,-1.965
0.02541500,-1.994
0.02542000,-2.010
0.02542500,-2.009
0.02543000,-2.030
0.02543500,-2.028
0.02544000,-2.031
0.02544500,-2.049
0.02545000,-2.073
0.02545500,-2.070
0.02546000,-2.059
0.02546500,-2.022
0.02547000,-1.998
0.02547500,-1.948
0.02548000,-1.899
0.02548500,-1.829
0.02549000,-1.824
0.02549500,-1.819
0.02550000,-1.824
0.02550500,-1.841
0.02551000,-1.858
0.02551500,-1.883
0.02552000,-1.890
0.02552500,-1.912
0.02553000,-1.927
0.02553500,-1.949
0.02554000,-1.970
0.02554500,-1.978
0.02555000,-1.999
0.02555500,-2.001
0.02556000,-2.007
0.02556500,-2.001
0.02557000,-2.004
0.02557500,-2.046
0.02558000,-2.052
0.02558500,-2.054
0.02559000,-2.039
0.02559500,-2.025
0.02560000,-2.014
0.02560500,-2.002
0.02561000,-2.004
0.02561500,-1.978
0.02562000,-1.985
0.02562500,-2.001
0.02563000,-2.010
0.02563500,-2.030
0.02564000,-2.049
0.02564500,-2.072
0.02565000,-2.093
0.02565500,-2.115
0.02566000,-2.136
0.02566500,-2.159
0.02567000,-2.178
0.02567500,-2.194
0.02568000,-2.186
0.02568500,-2.199
0.02569000,-2.191
0.02569500,-2.173
0.02570000,-2.178
0.02570500,-2.160
0.02571000,-2.131
0.02571500,-2.088
0.02572000,-2.022
0.02572500,-1.991
0.02573000,-1.961
0.02573500,-1.930
0.02574000,-1.880
0.02574500,-1.811
0.02575000,-1.812
0.02575500,-1.827
0.02576000,-1.830
0.02576500,-1.859
0.02577000,-1.858
0.02577500,-1.901
0.02578000,-1.907
0.02578500,-1.957
0.02579000,-1.991
0.02579500,-2.020
0.02580000,-2.052
0.02580500,-2.060
0.02581000,-2.073
0.02581500,-2.078
0.02582000,-2.065
0.02582500,-2.060
0.02583000,-2.054
0.02583500,-2.054
0.02584000,-2.031
0.02584500,-2.020
0.02585000,-1.996
0.02585500,-1.991
0.02586000,-1.977
0.02586500,-1.978
0.02587000,-1.959
0.02587500,-1.943
0.02588000,-1.954
0.02588500,-1.970
0.02589000,-1.983
0.02589500,-1.996
0.02590000,-2.028
0.02590500,-2.068
0.02591000,-2.102
0.02591500,-2.144
0.02592000,-2.178
0.02592500,-2.210
0.02593000,-2.220
0.02593500,-2.225
0.02594000,-2.223
0.02594500,-2.225
0.02595000,-2.218
0.02595500,-2.229
0.02596000,-2.215
0.02596500,-2.194
0.02597000,-2.171
0.02597500,-2.149
0.02598000,-2.122
0.02598500,-2.104
0.02599000,-2.083
0.02599500,-2.044
0.02600000,-2.057
0.02600500,-2.047
0.02601000,-2.067
0.02601500,-2.073
0.02602000,-2.099
0.02602500,-2.136
0.02603000,-2.170
0.02603500,-2.197
0.02604000,-2.231
0.02604500,-2.279
0.02605000,-2.307
0.02605500,-2.336
0.02606000,-2.357
0.02606500,-2.369
0.02607000,-2.377
0.02607500,-2.397
0.02608000,-2.403
0.02608500,-2.442
0.02609000,-2.429
0.02609500,-2.413
0.02610000,-2.381
0.02610500,-2.361
0.02611000,-2.332
0.02611500,-2.313
0.02612000,-2.299
0.02612500,-2.271
0.02613000,-2.254
0.02613500,-2.236
0.02614000,-2.239
0.02614500,-2.255
0.02615000,-2.295
0.02615500,-2.315
0.02616000,-2.331
0.02616500,-2.368
0.02617000,-2.381
0.02617500,-2.413
0.02618000,-2.411
0.02618500,-2.416
0.02619000,-2.460
0.02619500,-2.431
0.02620000,-2.448
0.02620500,-2.423
0.02621000,-2.410
0.02621500,-2.405
0.02622000,-2.350
0.02622500,-2.308
0.02623000,-2.262
0.02623500,-2.200
0.02624000,-2.160
0.02624500,-2.152
0.02625000,-2.101
0.02625500,-2.049
0.02626000,-2.043
0.02626500,-2.043
0.02627000,-2.054
0.02627500,-2.081
0.02628000,-2.109
0.02628500,-2.146
0.02629000,-2.188
0.02629500,-2.204
0.02630000,-2.250
0.02630500,-2.274
0.02631000,-2.313
0.02631500,-2.326
0.02632000,-2.353
0.02632500,-2.352
0.02633000,-2.347
0.02633500,-2.324
0.02634000,-2.340
0.02634500,-2.302
0.02635000,-2.271
0.02635500,-2.215
0.02636000,-2.173
0.02636500,-2.141
0.02637000,-2.126
0.02637500,-2.131
0.02638000,-2.118
0.02638500,-2.138
0.02639000,-2.141
0.02639500,-2.155
0.02640000,-2.175
0.02640500,-2.215
0.02641000,-2.229
0.02641500,-2.258
0.02642000,-2.281
0.02642500,-2.323
0.02643000,-2.326
0.02643500,-2.373
0.02644000,-2.426
0.02644500,-2.432
0.02645000,-2.463
0.02645500,-2.453
0.02646000,-2.503
0.02646500,-2.469
0.02647000,-2.516
0.02647500,-2.453
0.02648000,-2.442
0.02648500,-2.389
0.02649000,-2.350
0.02649500,-2.331
0.02650000,-2.308
0.02650500,-2.297
0.02651000,-2.271
0.02651500,-2.282
0.02652000,-2.281
0.02652500,-2.311
0.02653000,-2.318
0.02653500,-2.353
0.02654000,-2.387
0.02654500,-2.427
0.02655000,-2.474
0.02655500,-2.506
0.02656000,-2.561
0.02656500,-2.585
0.02657000,-2.617
0.02657500,-2.604
0.02658000,-2.614
0.02658500,-2.641
0.02659000,-2.629
0.02659500,-2.622
0.02660000,-2.624
0.02660500,-2.571
0.02661000,-2.524
0.02661500,-2.481
0.02662000,-2.429
0.02662500,-2.398
0.02663000,-2.347
0.02663500,-2.316
0.02664000,-2.295
0.02664500,-2.274
0.02665000,-2.270
0.02665500,-2.265
0.02666000,-2.299
0.02666500,-2.307
0.02667000,-2.355
0.02667500,-2.408
0.02668000,-2.442
0.02668500,-2.497
0.02669000,-2.514
0.02669500,-2.566
0.02670000,-2.564
0.02670500,-2.559
0.02671000,-2.580
0.02671500,-2.584
0.02672000,-2.593
0.02672500,-2.587
0.02673000,-2.551
0.02673500,-2.526
0.02674000,-2.497
0.02674500,-2.452
0.02675000,-2.416
0.02675500,-2.408
0.02676000,-2.389
0.02676500,-2.395
0.02677000,-2.379
0.02677500,-2.379
0.02678000,-2.382
0.02678500,-2.405
0.02679000,-2.427
0.02679500,-2.448
0.02680000,-2.495
0.02680500,-2.530
0.02681000,-2.579
0.02681500,-2.608
0.02682000,-2.643
0.02682500,-2.672
0.02683000,-2.669
0.02683500,-2.690
0.02684000,-2.724
0.02684500,-2.722
0.02685000,-2.704
0.02685500,-2.653
0.02686000,-2.564
0.02686500,-2.493
0.02687000,-2.419
0.02687500,-2.395
0.02688000,-2.357
0.02688500,-2.287
0.02689000,-2.273
0.02689500,-2.242
0.02690000,-2.249
0.02690500,-2.268
0.02691000,-2.262
0.02691500,-2.313
0.02692000,-2.332
0.02692500,-2.374
0.02693000,-2.413
0.02693500,-2.450
0.02694000,-2.500
0.02694500,-2.526
0.02695000,-2.555
0.02695500,-2.572
0.02696000,-2.587
0.02696500,-2.587
0.02697000,-2.558
0.02697500,-2.579
0.02698000,-2.558
0.02698500,-2.535
0.02699000,-2.487
0.02699500,-2.440
0.02700000,-2.405
0.02700500,-2.374
0.02701000,-2.366
0.02701500,-2.355
0.02702000,-2.379
0.02702500,-2.382
0.02703000,-2.387
0.02703500,-2.405
0.02704000,-2.414
0.02704500,-2.452
0.02705000,-2.477
0.02705500,-2.532
0.02706000,-2.572
0.02706500,-2.616
0.02707000,-2.654
0.02707500,-2.683
0.02708000,-2.693
0.02708500,-2.674
0.02709000,-2.672
0.02709500,-2.675
0.02710000,-2.709
0.02710500,-2.706
0.02711000,-2.696
0.02711500,-2.687
0.02712000,-2.617
0.02712500,-2.608
0.02713000,-2.561
0.02713500,-2.561
0.02714000,-2.551
0.02714500,-2.556
0.02715000,-2.553
0.02715500,-2.559
0.02716000,-2.577
0.02716500,-2.593
0.02717000,-2.616
0.02717500,-2.651
0.02718000,-2.669
0.02718500,-2.703
0.02719000,-2.722
0.02719500,-2.751
0.02720000,-2.765
0.02720500,-2.770
0.02721000,-2.761
0.02721500,-2.745
0.02722000,-2.732
0.02722500,-2.682
0.02723000,-2.654
0.02723500,-2.619
0.02724000,-2.548
0.02724500,-2.490
0.02725000,-2.414
0.02725500,-2.361
0.02726000,-2.308
0.02726500,-2.282
0.02727000,-2.252
0.02727500,-2.200
0.02728000,-2.215
0.02728500,-2.186
0.02729000,-2.208
0.02729500,-2.223
0.02730000,-2.252
0.02730500,-2.299
0.02731000,-2.332
0.02731500,-2.400
0.02732000,-2.431
0.02732500,-2.481
0.02733000,-2.553
0.02733500,-2.595
0.02734000,-2.582
0.02734500,-2.582
0.02735000,-2.548
0.02735500,-2.530
0.02736000,-2.527
0.02736500,-2.463
0.02737000,-2.413
0.02737500,-2.342
0.02738000,-2.284
0.02738500,-2.244
0.02739000,-2.199
0.02739500,-2.205
0.02740000,-2.168
0.02740500,-2.168
0.02741000,-2.160
0.02741500,-2.167
0.02742000,-2.181
0.02742500,-2.189
0.02743000,-2.229
0.02743500,-2.260
0.02744000,-2.328
0.02744500,-2.368
0.02745000,-2.427
0.02745500,-2.474
0.02746000,-2.558
0.02746500,-2.521
0.02747000,-2.530
0.02747500,-2.516
0.02748000,-2.506
0.02748500,-2.518
0.02749000,-2.490
0.02749500,-2.452
0.02750000,-2.379
0.02750500,-2.345
0.02751000,-2.302
0.02751500,-2.265
0.02752000,-2.260
0.02752500,-2.255
0.02753000,-2.258
0.02753500,-2.229
0.02754000,-2.255
0.02754500,-2.255
0.02755000,-2.268
0.02755500,-2.302
0.02756000,-2.313
0.02756500,-2.358
0.02757000,-2.382
0.02757500,-2.434
0.02758000,-2.468
0.02758500,-2.521
0.02759000,-2.553
0.02759500,-2.559
0.02760000,-2.569
0.02760500,-2.555
0.02761000,-2.624
0.02761500,-2.601
0.02762000,-2.592
0.02762500,-2.563
0.02763000,-2.556
0.02763500,-2.537
0.02764000,-2.513
0.02764500,-2.505
0.02765000,-2.484
0.02765500,-2.482
0.02766000,-2.450
0.02766500,-2.443
0.02767000,-2.447
0.02767500,-2.500
0.02768000,-2.509
0.02768500,-2.548
0.02769000,-2.592
0.02769500,-2.609
0.02770000,-2.669
0.02770500,-2.703
0.02771000,-2.724
0.02771500,-2.751
0.02772000,-2.764
0.02772500,-2.762
0.02773000,-2.799
0.02773500,-2.783
0.02774000,-2.801
0.02774500,-2.738
0.02775000,-2.717
0.02775500,-2.653
0.02776000,-2.592
0.02776500,-2.547
0.02777000,-2.526
0.02777500,-2.509
0.02778000,-2.466
0.02778500,-2.522
0.02779000,-2.511
0.02779500,-2.503
0.02780000,-2.540
0.02780500,-2.556
0.02781000,-2.587
0.02781500,-2.606
0.02782000,-2.661
0.02782500,-2.699
0.02783000,-2.743
0.02783500,-2.769
0.02784000,-2.786
0.02784500,-2.798
0.02785000,-2.796
0.02785500,-2.807
0.02786000,-2.796
0.02786500,-2.833
0.02787000,-2.812
0.02787500,-2.775
0.02788000,-2.730
0.02788500,-2.680
0.02789000,-2.664
0.02789500,-2.630
0.02790000,-2.629
0.02790500,-2.617
0.02791000,-2.630
0.02791500,-2.638
0.02792000,-2.641
0.02792500,-2.653
0.02793000,-2.677
0.02793500,-2.695
0.02794000,-2.720
0.02794500,-2.748
0.02795000,-2.777
0.02795500,-2.811
0.02796000,-2.835
0.02796500,-2.849
0.02797000,-2.870
0.02797500,-2.865
0.02798000,-2.859
0.02798500,-2.849
0.02799000,-2.835
0.02799500,-2.823
0.02800000,-2.785
0.02800500,-2.746
0.02801000,-2.683
0.02801500,-2.633
0.02802000,-2.598
0.02802500,-2.574
0.02803000,-2.553
0.02803500,-2.542
0.02804000,-2.527
0.02804500,-2.530
0.02805000,-2.537
0.02805500,-2.556
0.02806000,-2.580
0.02806500,-2.617
0.02807000,-2.654
0.02807500,-2.703
0.02808000,-2.764
0.02808500,-2.830
0.02809000,-2.865
0.02809500,-2.883
0.02810000,-2.885
0.02810500,-2.883
0.02811000,-2.877
0.02811500,-2.841
0.02812000,-2.806
0.02812500,-2.782
0.02813000,-2.717
0.02813500,-2.654
0.02814000,-2.582
0.02814500,-2.534
0.02815000,-2.500
0.02815500,-2.461
0.02816000,-2.423
0.02816500,-2.389
0.02817000,-2.394
0.02817500,-2.390
0.02818000,-2.400
0.02818500,-2.429
0.02819000,-2.461
0.02819500,-2.492
0.02820000,-2.537
0.02820500,-2.593
0.02821000,-2.637
0.02821500,-2.680
0.02822000,-2.703
0.02822500,-2.730
0.02823000,-2.714
0.02823500,-2.738
0.02824000,-2.724
0.02824500,-2.743
0.02825000,-2.732
0.02825500,-2.696
0.02826000,-2.659
0.02826500,-2.604
0.02827000,-2.567
0.02827500,-2.521
0.02828000,-2.503
0.02828500,-2.501
0.02829000,-2.505
0.02829500,-2.490
0.02830000,-2.489
0.02830500,-2.500
0.02831000,-2.526
0.02831500,-2.551
0.02832000,-2.574
0.02832500,-2.617
0.02833000,-2.651
0.02833500,-2.685
0.02834000,-2.720
0.02834500,-2.753
0.02835000,-2.762
0.02835500,-2.762
0.02836000,-2.751
0.02836500,-2.748
0.02837000,-2.741
0.02837500,-2.703
0.02838000,-2.667
0.02838500,-2.603
0.02839000,-2.551
0.02839500,-2.505
0.02840000,-2.460
0.02840500,-2.443
0.02841000,-2.414
0.02841500,-2.398
0.02842000,-2.392
0.02842500,-2.400
0.02843000,-2.406
0.02843500,-2.421
0.02844000,-2.445
0.02844500,-2.471
0.02845000,-2.505
0.02845500,-2.545
0.02846000,-2.584
0.02846500,-2.621
0.02847000,-2.654
0.02847500,-2.670
0.02848000,-2.683
0.02848500,-2.699
0.02849000,-2.690
0.02849500,-2.659
0.02850000,-2.672
0.02850500,-2.661
0.02851000,-2.608
0.02851500,-2.569
0.02852000,-2.493
0.02852500,-2.458
0.02853000,-2.421
0.02853500,-2.395
0.02854000,-2.386
0.02854500,-2.384
0.02855000,-2.390
0.02855500,-2.381
0.02856000,-2.394
0.02856500,-2.406
0.02857000,-2.424
0.02857500,-2.448
0.02858000,-2.484
0.02858500,-2.527
0.02859000,-2.551
0.02859500,-2.592
0.02860000,-2.614
0.02860500,-2.632
0.02861000,-2.641
0.02861500,-2.630
0.02862000,-2.654
0.02862500,-2.650
0.02863000,-2.667
0.02863500,-2.633
0.02864000,-2.600
0.02864500,-2.558
0.02865000,-2.524
0.02865500,-2.493
0.02866000,-2.485
0.02866500,-2.482
0.02867000,-2.487
0.02867500,-2.489
0.02868000,-2.487
0.02868500,-2.495
0.02869000,-2.511
0.02869500,-2.519
0.02870000,-2.540
0.02870500,-2.559
0.02871000,-2.574
0.02871500,-2.595
0.02872000,-2.617
0.02872500,-2.630
0.02873000,-2.638
0.02873500,-2.630
0.02874000,-2.627
0.02874500,-2.613
0.02875000,-2.590
0.02875500,-2.608
0.02876000,-2.574
0.02876500,-2.537
0.02877000,-2.479
0.02877500,-2.414
0.02878000,-2.379
0.02878500,-2.339
0.02879000,-2.324
0.02879500,-2.292
0.02880000,-2.297
0.02880500,-2.282
0.02881000,-2.282
0.02881500,-2.289
0.02882000,-2.320
0.02882500,-2.340
0.02883000,-2.369
0.02883500,-2.405
0.02884000,-2.456
0.02884500,-2.495
0.02885000,-2.522
0.02885500,-2.545
0.02886000,-2.569
0.02886500,-2.564
0.02887000,-2.555
0.02887500,-2.524
0.02888000,-2.506
0.02888500,-2.518
0.02889000,-2.461
0.02889500,-2.411
0.02890000,-2.347
0.02890500,-2.287
0.02891000,-2.242
0.02891500,-2.192
0.02892000,-2.175
0.02892500,-2.146
0.02893000,-2.138
0.02893500,-2.130
0.02894000,-2.139
0.02894500,-2.146
0.02895000,-2.163
0.02895500,-2.189
0.02896000,-2.221
0.02896500,-2.255
0.02897000,-2.286
0.02897500,-2.320
0.02898000,-2.350
0.02898500,-2.353
0.02899000,-2.357
0.02899500,-2.361
0.02900000,-2.360
0.02900500,-2.340
0.02901000,-2.345
0.02901500,-2.299
0.02902000,-2.262
0.02902500,-2.192
0.02903000,-2.138
0.02903500,-2.096
0.02904000,-2.078
0.02904500,-2.060
0.02905000,-2.047
0.02905500,-2.041
0.02906000,-2.035
0.02906500,-2.039
0.02907000,-2.049
0.02907500,-2.065
0.02908000,-2.093
0.02908500,-2.120
0.02909000,-2.144
0.02909500,-2.173
0.02910000,-2.204
0.02910500,-2.233
0.02911000,-2.252
0.02911500,-2.271
0.02912000,-2.282
0.02912500,-2.294
0.02913000,-2.299
0.02913500,-2.323
0.02914000,-2.321
0.02914500,-2.286
0.02915000,-2.245
0.02915500,-2.194
0.02916000,-2.175
0.02916500,-2.150
0.02917000,-2.122
0.02917500,-2.117
0.02918000,-2.096
0.02918500,-2.080
0.02919000,-2.072
0.02919500,-2.078
0.02920000,-2.102
0.02920500,-2.122
0.02921000,-2.136
0.02921500,-2.165
0.02922000,-2.188
0.02922500,-2.215
0.02923000,-2.228
0.02923500,-2.257
0.02924000,-2.270
0.02924500,-2.276
0.02925000,-2.268
0.02925500,-2.294
0.02926000,-2.281
0.02926500,-2.291
0.02927000,-2.247
0.02927500,-2.215
0.02928000,-2.165
0.02928500,-2.113
0.02929000,-2.075
0.02929500,-2.047
0.02930000,-2.030
0.02930500,-2.017
0.02931000,-2.025
0.02931500,-2.027
0.02932000,-2.036
0.02932500,-2.046
0.02933000,-2.062
0.02933500,-2.080
0.02934000,-2.104
0.02934500,-2.131
0.02935000,-2.152
0.02935500,-2.176
0.02936000,-2.194
0.02936500,-2.202
0.02937000,-2.213
0.02937500,-2.207
0.02938000,-2.216
0.02938500,-2.212
0.02939000,-2.226
0.02939500,-2.218
0.02940000,-2.184
0.02940500,-2.147
0.02941000,-2.091
0.02941500,-2.068
0.02942000,-2.039
0.02942500,-2.023
0.02943000,-2.002
0.02943500,-2.010
0.02944000,-2.012
0.02944500,-2.018
0.02945000,-2.015
0.02945500,-2.033
0.02946000,-2.041
0.02946500,-2.052
0.02947000,-2.064
0.02947500,-2.088
0.02948000,-2.097
0.02948500,-2.110
0.02949000,-2.113
0.02949500,-2.118
0.02950000,-2.112
0.02950500,-2.112
0.02951000,-2.110
0.02951500,-2.104
0.02952000,-2.109
0.02952500,-2.060
0.02953000,-2.023
0.02953500,-1.973
0.02954000,-1.925
0.02954500,-1.893
0.02955000,-1.851
0.02955500,-1.833
0.02956000,-1.809
0.02956500,-1.804
0.02957000,-1.792
0.02957500,-1.801
0.02958000,-1.806
0.02958500,-1.812
0.02959000,-1.829
0.02959500,-1.856
0.02960000,-1.880
0.02960500,-1.899
0.02961000,-1.925
0.02961500,-1.946
0.02962000,-1.956
0.02962500,-1.956
0.02963000,-1.941
0.02963500,-1.946
0.02964000,-1.938
0.02964500,-1.944
0.02965000,-1.924
0.02965500,-1.898
0.02966000,-1.845
0.02966500,-1.790
0.02967000,-1.753
0.02967500,-1.717
0.02968000,-1.698
0.02968500,-1.676
0.02969000,-1.658
0.02969500,-1.653
0.02970000,-1.648
0.02970500,-1.648
0.02971000,-1.642
0.02971500,-1.656
0.02972000,-1.669
0.02972500,-1.679
0.02973000,-1.703
0.02973500,-1.729
0.02974000,-1.746
0.02974500,-1.742
0.02975000,-1.754
0.02975500,-1.738
0.02976000,-1.748
0.02976500,-1.743
0.02977000,-1.756
0.02977500,-1.756
0.02978000,-1.735
0.02978500,-1.708
0.02979000,-1.659
0.02979500,-1.645
0.02980000,-1.618
0.02980500,-1.603
0.02981000,-1.614
0.02981500,-1.621
0.02982000,-1.614
0.02982500,-1.602
0.02983000,-1.608
0.02983500,-1.622
0.02984000,-1.626
0.02984500,-1.632
0.02985000,-1.647
0.02985500,-1.663
0.02986000,-1.671
0.02986500,-1.676
0.02987000,-1.693
0.02987500,-1.697
0.02988000,-1.690
0.02988500,-1.674
0.02989000,-1.677
0.02989500,-1.664
0.02990000,-1.648
0.02990500,-1.637
0.02991000,-1.606
0.02991500,-1.573
0.02992000,-1.553
0.02992500,-1.515
0.02993000,-1.505
0.02993500,-1.497
0.02994000,-1.500
0.02994500,-1.499
0.02995000,-1.505
0.02995500,-1.508
0.02996000,-1.519
0.02996500,-1.526
0.02997000,-1.540
0.02997500,-1.552
0.02998000,-1.563
0.02998500,-1.573
0.02999000,-1.592
0.02999500,-1.602
0.03000000,-1.608
0.03000500,-1.603
0.03001000,-1.603
0.03001500,-1.595
0.03002000,-1.577
0.03002500,-1.598
0.03003000,-1.595
0.03003500,-1.571
0.03004000,-1.542
0.03004500,-1.499
0.03005000,-1.482
0.03005500,-1.457
0.03006000,-1.445
0.03006500,-1.445
0.03007000,-1.453
0.03007500,-1.453
0.03008000,-1.447
0.03008500,-1.444
0.03009000,-1.452
0.03009500,-1.461
0.03010000,-1.461
0.03010500,-1.466
0.03011000,-1.481
0.03011500,-1.487
0.03012000,-1.492
0.03012500,-1.490
0.03013000,-1.494
0.03013500,-1.492
0.03014000,-1.487
0.03014500,-1.478
0.03015000,-1.500
0.03015500,-1.511
0.03016000,-1.500
0.03016500,-1.482
0.03017000,-1.455
0.03017500,-1.436
0.03018000,-1.423
0.03018500,-1.415
0.03019000,-1.428
0.03019500,-1.433
0.03020000,-1.431
0.03020500,-1.428
0.03021000,-1.433
0.03021500,-1.439
0.03022000,-1.441
0.03022500,-1.444
0.03023000,-1.457
0.03023500,-1.457
0.03024000,-1.458
0.03024500,-1.465
0.03025000,-1.470
0.03025500,-1.463
0.03026000,-1.449
0.03026500,-1.445
0.03027000,-1.441
0.03027500,-1.421
0.03028000,-1.416
0.03028500,-1.394
0.03029000,-1.371
0.03029500,-1.338
0.03030000,-1.301
0.03030500,-1.276
0.03031000,-1.262
0.03031500,-1.260
0.03032000,-1.252
0.03032500,-1.257
0.03033000,-1.262
0.03033500,-1.251
0.03034000,-1.251
0.03034500,-1.262
0.03035000,-1.273
0.03035500,-1.284
0.03036000,-1.281
0.03036500,-1.299
0.03037000,-1.307
0.03037500,-1.318
0.03038000,-1.313
0.03038500,-1.313
0.03039000,-1.292
0.03039500,-1.288
0.03040000,-1.265
0.03040500,-1.260
0.03041000,-1.257
0.03041500,-1.233
0.03042000,-1.206
0.03042500,-1.173
0.03043000,-1.149
0.03043500,-1.123
0.03044000,-1.117
0.03044500,-1.109
0.03045000,-1.101
0.03045500,-1.114
0.03046000,-1.088
0.03046500,-1.101
0.03047000,-1.096
0.03047500,-1.104
0.03048000,-1.109
0.03048500,-1.123
0.03049000,-1.131
0.03049500,-1.138
0.03050000,-1.136
0.03050500,-1.146
0.03051000,-1.154
0.03051500,-1.144
0.03052000,-1.128
0.03052500,-1.140
0.03053000,-1.131
0.03053500,-1.135
0.03054000,-1.120
0.03054500,-1.115
0.03055000,-1.090
0.03055500,-1.057
0.03056000,-1.038
0.03056500,-1.033
0.03057000,-1.038
0.03057500,-1.030
0.03058000,-1.035
0.03058500,-1.033
0.03059000,-1.035
0.03059500,-1.038
0.03060000,-1.038
0.03060500,-1.054
0.03061000,-1.056
0.03061500,-1.062
0.03062000,-1.057
0.03062500,-1.074
0.03063000,-1.070
0.03063500,-1.074
0.03064000,-1.062
0.03064500,-1.065
0.03065000,-1.070
0.03065500,-1.065
0.03066000,-1.075
0.03066500,-1.082
0.03067000,-1.082
0.03067500,-1.067
0.03068000,-1.038
0.03068500,-1.030
0.03069000,-1.022
0.03069500,-1.024
0.03070000,-1.019
0.03070500,-1.028
0.03071000,-1.033
0.03071500,-1.027
0.03072000,-1.036
0.03072500,-1.043
0.03073000,-1.061
0.03073500,-1.062
0.03074000,-1.061
0.03074500,-1.078
0.03075000,-1.082
0.03075500,-1.077
0.03076000,-1.070
0.03076500,-1.075
0.03077000,-1.064
0.03077500,-1.059
0.03078000,-1.065
0.03078500,-1.074
0.03079000,-1.080
0.03079500,-1.064
0.03080000,-1.056
0.03080500,-1.041
0.03081000,-1.009
0.03081500,-1.001
0.03082000,-0.980
0.03082500,-0.980
0.03083000,-0.966
0.03083500,-0.975
0.03084000,-0.966
0.03084500,-0.977
0.03085000,-0.980
0.03085500,-0.985
0.03086000,-0.990
0.03086500,-0.993
0.03087000,-1.001
0.03087500,-0.996
0.03088000,-1.003
0.03088500,-1.003
0.03089000,-1.003
0.03089500,-0.983
0.03090000,-0.975
0.03090500,-0.980
0.03091000,-0.975
0.03091500,-0.982
0.03092000,-0.985
0.03092500,-0.969
0.03093000,-0.958
0.03093500,-0.933
0.03094000,-0.925
0.03094500,-0.922
0.03095000,-0.916
0.03095500,-0.914
0.03096000,-0.933
0.03096500,-0.929
0.03097000,-0.929
0.03097500,-0.933
0.03098000,-0.938
0.03098500,-0.940
0.03099000,-0.937
0.03099500,-0.937
0.03100000,-0.935
0.03100500,-0.937
0.03101000,-0.925
0.03101500,-0.913
0.03102000,-0.906
0.03102500,-0.895
0.03103000,-0.895
0.03103500,-0.882
0.03104000,-0.885
0.03104500,-0.893
0.03105000,-0.876
0.03105500,-0.863
0.03106000,-0.847
0.03106500,-0.837
0.03107000,-0.830
0.03107500,-0.816
0.03108000,-0.822
0.03108500,-0.832
0.03109000,-0.832
0.03109500,-0.818
0.03110000,-0.826
0.03110500,-0.824
0.03111000,-0.829
0.03111500,-0.819
0.03112000,-0.834
0.03112500,-0.834
0.03113000,-0.832
0.03113500,-0.829
0.03114000,-0.826
0.03114500,-0.821
0.03115000,-0.810
0.03115500,-0.800
0.03116000,-0.798
0.03116500,-0.781
0.03117000,-0.768
0.03117500,-0.744
0.03118000,-0.724
0.03118500,-0.710
0.03119000,-0.692
0.03119500,-0.666
0.03120000,-0.663
0.03120500,-0.661
0.03121000,-0.649
0.03121500,-0.661
0.03122000,-0.657
0.03122500,-0.649
0.03123000,-0.649
0.03123500,-0.640
0.03124000,-0.647
0.03124500,-0.649
0.03125000,-0.650
0.03125500,-0.640
0.03126000,-0.650
0.03126500,-0.653
0.03127000,-0.647
0.03127500,-0.640
0.03128000,-0.644
0.03128500,-0.639
0.03129000,-0.639
0.03129500,-0.642
0.03130000,-0.647
0.03130500,-0.634
0.03131000,-0.634
0.03131500,-0.618
0.03132000,-0.612
0.03132500,-0.605
0.03133000,-0.605
0.03133500,-0.612
0.03134000,-0.632
0.03134500,-0.631
0.03135000,-0.621
0.03135500,-0.613
0.03136000,-0.628
0.03136500,-0.626
0.03137000,-0.628
0.03137500,-0.618
0.03138000,-0.624
0.03138500,-0.624
0.03139000,-0.628
0.03139500,-0.618
0.03140000,-0.613
0.03140500,-0.608
0.03141000,-0.594
0.03141500,-0.600
0.03142000,-0.602
0.03142500,-0.602
0.03143000,-0.597
0.03143500,-0.583
0.03144000,-0.574
0.03144500,-0.534
0.03145000,-0.523
0.03145500,-0.505
0.03146000,-0.534
0.03146500,-0.546
0.03147000,-0.542
0.03147500,-0.533
0.03148000,-0.536
0.03148500,-0.528
0.03149000,-0.520
0.03149500,-0.521
0.03150000,-0.521
0.03150500,-0.513
0.03151000,-0.497
0.03151500,-0.504
0.03152000,-0.504
0.03152500,-0.502
0.03153000,-0.500
0.03153500,-0.500
0.03154000,-0.497
0.03154500,-0.491
0.03155000,-0.481
0.03155500,-0.468
0.03156000,-0.471
0.03156500,-0.446
0.03157000,-0.431
0.03157500,-0.420
0.03158000,-0.418
0.03158500,-0.407
0.03159000,-0.418
0.03159500,-0.449
0.03160000,-0.451
0.03160500,-0.436
0.03161000,-0.439
0.03161500,-0.426
0.03162000,-0.451
0.03162500,-0.433
0.03163000,-0.430
0.03163500,-0.426
0.03164000,-0.426
0.03164500,-0.426
0.03165000,-0.415
0.03165500,-0.412
0.03166000,-0.410
0.03166500,-0.412
0.03167000,-0.407
0.03167500,-0.407
0.03168000,-0.401
0.03168500,-0.397
0.03169000,-0.385
0.03169500,-0.380
0.03170000,-0.375
0.03170500,-0.364
0.03171000,-0.360
0.03171500,-0.396
0.03172000,-0.409
0.03172500,-0.405
0.03173000,-0.401
0.03173500,-0.404
0.03174000,-0.412
0.03174500,-0.415
0.03175000,-0.412
0.03175500,-0.410
0.03176000,-0.409
0.03176500,-0.402
0.03177000,-0.388
0.03177500,-0.391
0.03178000,-0.385
0.03178500,-0.372
0.03179000,-0.365
0.03179500,-0.364
0.03180000,-0.362
0.03180500,-0.356
0.03181000,-0.352
0.03181500,-0.347
0.03182000,-0.339
0.03182500,-0.330
0.03183000,-0.317
0.03183500,-0.310
0.03184000,-0.322
0.03184500,-0.365
0.03185000,-0.336
0.03185500,-0.344
0.03186000,-0.331
0.03186500,-0.320
0.03187000,-0.331
0.03187500,-0.323
0.03188000,-0.328
0.03188500,-0.315
0.03189000,-0.310
0.03189500,-0.306
0.03190000,-0.306
0.03190500,-0.306
0.03191000,-0.299
0.03191500,-0.296
0.03192000,-0.294
0.03192500,-0.285
0.03193000,-0.280
0.03193500,-0.273
0.03194000,-0.269
0.03194500,-0.249
0.03195000,-0.244
0.03195500,-0.238
0.03196000,-0.240
0.03196500,-0.243
0.03197000,-0.269
0.03197500,-0.265
0.03198000,-0.261
0.03198500,-0.256
0.03199000,-0.249
0.03199500,-0.246
0.03200000,-0.233
0.03200500,-0.236
0.03201000,-0.238
0.03201500,-0.222
0.03202000,-0.230
0.03202500,-0.228
0.03203000,-0.230
0.03203500,-0.227
0.03204000,-0.217
0.03204500,-0.207
0.03205000,-0.203
0.03205500,-0.203
0.03206000,-0.195
0.03206500,-0.188
0.03207000,-0.180
0.03207500,-0.170
0.03208000,-0.164
0.03208500,-0.153
0.03209000,-0.153
0.03209500,-0.167
0.03210000,-0.169
0.03210500,-0.187
0.03211000,-0.193
0.03211500,-0.196
0.03212000,-0.198
0.03212500,-0.169
0.03213000,-0.188
0.03213500,-0.187
0.03214000,-0.167
0.03214500,-0.154
0.03215000,-0.154
0.03215500,-0.149
0.03216000,-0.124
0.03216500,-0.124
0.03217000,-0.124
0.03217500,-0.122
0.03218000,-0.129
0.03218500,-0.137
0.03219000,-0.154
0.03219500,-0.154
0.03220000,-0.172
0.03220500,-0.158
0.03221000,-0.162
0.03221500,-0.158
0.03222000,-0.154
0.03222500,-0.158
0.03223000,-0.148
0.03223500,-0.153
0.03224000,-0.140
0.03224500,-0.130
0.03225000,-0.127
0.03225500,-0.125
0.03226000,-0.121
0.03226500,-0.112
0.03227000,-0.108
0.03227500,-0.103
0.03228000,-0.098
0.03228500,-0.090
0.03229000,-0.080
0.03229500,-0.085
0.03230000,-0.082
0.03230500,-0.082
0.03231000,-0.080
0.03231500,-0.074
0.03232000,-0.072
0.03232500,-0.067
0.03233000,-0.058
0.03233500,-0.059
0.03234000,-0.058
0.03234500,-0.063
0.03235000,-0.069
0.03235500,-0.061
0.03236000,-0.063
0.03236500,-0.059
0.03237000,-0.061
0.03237500,-0.051
0.03238000,-0.048
0.03238500,-0.040
0.03239000,-0.032
0.03239500,-0.021
0.03240000,-0.017
0.03240500,-0.016
0.03241000,-0.008
0.03241500,-0.006
0.03242000,-0.006
0.03242500,0.000
0.03243000,-0.003
0.03243500,0.007
0.03244000,0.005
0.03244500,0.000
0.03245000,0.002
0.03245500,0.011
0.03246000,0.018
0.03246500,0.008
0.03247000,0.020
0.03247500,0.029
0.03248000,0.026
0.03248500,0.007
0.03249000,0.037
0.03249500,0.049
0.03250000,0.049
0.03250500,0.045
0.03251000,0.036
0.03251500,0.055
0.03252000,0.047
0.03252500,0.049
0.03253000,0.047
0.03253500,0.045
0.03254000,0.040
0.03254500,0.032
0.03255000,0.037
0.03255500,0.044
0.03256000,0.034
0.03256500,0.034
0.03257000,0.055
0.03257500,0.055
0.03258000,0.042
0.03258500,0.026
0.03259000,0.039
0.03259500,0.050
0.03260000,0.039
0.03260500,0.037
0.03261000,0.028
0.03261500,0.036
0.03262000,0.050
0.03262500,0.042
0.03263000,0.069
0.03263500,0.047
0.03264000,0.029
0.03264500,0.023
0.03265000,0.045
0.03265500,0.055
0.03266000,0.040
0.03266500,0.039
0.03267000,0.039
0.03267500,0.044
0.03268000,0.039
0.03268500,0.040
0.03269000,0.050
0.03269500,0.042
0.03270000,0.039
0.03270500,0.036
0.03271000,0.047
0.03271500,0.042
0.03272000,0.044
0.03272500,0.032
0.03273000,0.044
0.03273500,0.031
0.03274000,0.044
0.03274500,0.031
0.03275000,0.055
0.03275500,0.047
0.03276000,0.047
0.03276500,0.040
0.03277000,0.045
0.03277500,0.045
0.03278000,0.040
0.03278500,0.042
0.03279000,0.045
0.03279500,0.044
0.03280000,0.031
0.03280500,0.045
0.03281000,0.044
0.03281500,0.047
0.03282000,0.037
0.03282500,0.029
0.03283000,0.047
0.03283500,0.040
0.03284000,0.050
0.03284500,0.039
0.03285000,0.045
0.03285500,0.036
0.03286000,0.034
0.03286500,0.031
0.03287000,0.044
0.03287500,0.047
0.03288000,0.045
0.03288500,0.039
0.03289000,0.045
0.03289500,0.037
0.03290000,0.039
0.03290500,0.039
0.03291000,0.042
0.03291500,0.040
0.03292000,0.039
0.03292500,0.040
0.03293000,0.045
0.03293500,0.044
0.03294000,0.034
0.03294500,0.040
0.03295000,0.044
0.03295500,0.040
0.03296000,0.034
0.03296500,0.044
0.03297000,0.040
0.03297500,0.042
0.03298000,0.032
0.03298500,0.045
0.03299000,0.044
0.03299500,0.036
0.03300000,0.031
0.03300500,0.042
0.03301000,0.039
0.03301500,0.042
0.03302000,0.032
0.03302500,0.037
0.03303000,0.040
0.03303500,0.037
0.03304000,0.031
0.03304500,0.042
0.03305000,0.037
0.03305500,0.040
0.03306000,0.034
0.03306500,0.044
0.03307000,0.047
0.03307500,0.042
0.03308000,0.034
0.03308500,0.045
0.03309000,0.039
0.03309500,0.039
0.03310000,0.040
0.03310500,0.089
0.03311000,0.118
0.03311500,0.142
0.03312000,0.150
0.03312500,0.156
0.03313000,0.185
0.03313500,0.197
0.03314000,0.219
0.03314500,0.240
0.03315000,0.261
0.03315500,0.280
0.03316000,0.298
0.03316500,0.321
0.03317000,0.338
0.03317500,0.351
0.03318000,0.361
0.03318500,0.380
0.03319000,0.393
0.03319500,0.403
0.03320000,0.416
0.03320500,0.436
0.03321000,0.454
0.03321500,0.469
0.03322000,0.477
0.03322500,0.494
0.03323000,0.504
0.03323500,0.514
0.03324000,0.514
0.03324500,0.498
0.03325000,0.459
0.03325500,0.432
0.03326000,0.469
0.03326500,0.480
0.03327000,0.502
0.03327500,0.501
0.03328000,0.515
0.03328500,0.544
0.03329000,0.568
0.03329500,0.585
0.03330000,0.586
0.03330500,0.597
0.03331000,0.597
0.03331500,0.597
0.03332000,0.606
0.03332500,0.612
0.03333000,0.612
0.03333500,0.617
0.03334000,0.617
0.03334500,0.623
0.03335000,0.618
0.03335500,0.612
0.03336000,0.604
0.03336500,0.607
0.03337000,0.591
0.03337500,0.533
0.03338000,0.470
0.03338500,0.515
0.03339000,0.517
0.03339500,0.522
0.03340000,0.540
0.03340500,0.528
0.03341000,0.567
0.03341500,0.565
0.03342000,0.599
0.03342500,0.606
0.03343000,0.612
0.03343500,0.606
0.03344000,0.604
0.03344500,0.618
0.03345000,0.618
0.03345500,0.615
0.03346000,0.620
0.03346500,0.636
0.03347000,0.638
0.03347500,0.639
0.03348000,0.647
0.03348500,0.649
0.03349000,0.649
0.03349500,0.641
0.03350000,0.612
0.03350500,0.570
0.03351000,0.599
0.03351500,0.599
0.03352000,0.614
0.03352500,0.630
0.03353000,0.628
0.03353500,0.646
0.03354000,0.665
0.03354500,0.691
0.03355000,0.700
0.03355500,0.704
0.03356000,0.717
0.03356500,0.728
0.03357000,0.718
0.03357500,0.725
0.03358000,0.736
0.03358500,0.744
0.03359000,0.758
0.03359500,0.765
0.03360000,0.789
0.03360500,0.792
0.03361000,0.787
0.03361500,0.779
0.03362000,0.784
0.03362500,0.770
0.03363000,0.741
0.03363500,0.713
0.03364000,0.718
0.03364500,0.738
0.03365000,0.723
0.03365500,0.766
0.03366000,0.760
0.03366500,0.794
0.03367000,0.816
0.03367500,0.829
0.03368000,0.853
0.03368500,0.866
0.03369000,0.870
0.03369500,0.865
0.03370000,0.874
0.03370500,0.881
0.03371000,0.894
0.03371500,0.900
0.03372000,0.926
0.03372500,0.927
0.03373000,0.931
0.03373500,0.931
0.03374000,0.934
0.03374500,0.911
0.03375000,0.902
0.03375500,0.908
0.03376000,0.881
0.03376500,0.828
0.03377000,0.866
0.03377500,0.855
0.03378000,0.887
0.03378500,0.908
0.03379000,0.908
0.03379500,0.936
0.03380000,0.952
0.03380500,0.976
0.03381000,0.973
0.03381500,0.984
0.03382000,0.989
0.03382500,0.984
0.03383000,0.987
0.03383500,0.993
0.03384000,1.008
0.03384500,1.022
0.03385000,1.027
0.03385500,1.034
0.03386000,1.043
0.03386500,1.022
0.03387000,1.016
0.03387500,0.985
0.03388000,0.989
0.03388500,0.955
0.03389000,0.915
0.03389500,0.947
0.03390000,0.942
0.03390500,0.973
0.03391000,0.976
0.03391500,0.990
0.03392000,1.016
0.03392500,1.026
0.03393000,1.040
0.03393500,1.050
0.03394000,1.055
0.03394500,1.064
0.03395000,1.061
0.03395500,1.058
0.03396000,1.066
0.03396500,1.079
0.03397000,1.077
0.03397500,1.105
0.03398000,1.119
0.03398500,1.122
0.03399000,1.101
0.03399500,1.098
0.03400000,1.080
0.03400500,1.064
0.03401000,1.058
0.03401500,1.005
0.03402000,1.026
0.03402500,1.031
0.03403000,1.031
0.03403500,1.068
0.03404000,1.072
0.03404500,1.101
0.03405000,1.101
0.03405500,1.125
0.03406000,1.145
0.03406500,1.153
0.03407000,1.148
0.03407500,1.151
0.03408000,1.151
0.03408500,1.151
0.03409000,1.158
0.03409500,1.163
0.03410000,1.172
0.03410500,1.193
0.03411000,1.182
0.03411500,1.180
0.03412000,1.183
0.03412500,1.171
0.03413000,1.137
0.03413500,1.143
0.03414000,1.124
0.03414500,1.072
0.03415000,1.092
0.03415500,1.100
0.03416000,1.124
0.03416500,1.148
0.03417000,1.150
0.03417500,1.183
0.03418000,1.195
0.03418500,1.219
0.03419000,1.220
0.03419500,1.232
0.03420000,1.238
0.03420500,1.220
0.03421000,1.212
0.03421500,1.219
0.03422000,1.225
0.03422500,1.224
0.03423000,1.248
0.03423500,1.249
0.03424000,1.249
0.03424500,1.248
0.03425000,1.224
0.03425500,1.208
0.03426000,1.188
0.03426500,1.198
0.03427000,1.174
0.03427500,1.130
0.03428000,1.138
0.03428500,1.145
0.03429000,1.134
0.03429500,1.172
0.03430000,1.163
0.03430500,1.188
0.03431000,1.198
0.03431500,1.229
0.03432000,1.233
0.03432500,1.243
0.03433000,1.248
0.03433500,1.246
0.03434000,1.237
0.03434500,1.266
0.03435000,1.269
0.03435500,1.291
0.03436000,1.304
0.03436500,1.306
0.03437000,1.311
0.03437500,1.307
0.03438000,1.296
0.03438500,1.267
0.03439000,1.264
0.03439500,1.235
0.03440000,1.219
0.03440500,1.217
0.03441000,1.220
0.03441500,1.246
0.03442000,1.270
0.03442500,1.283
0.03443000,1.303
0.03443500,1.327
0.03444000,1.349
0.03444500,1.364
0.03445000,1.372
0.03445500,1.385
0.03446000,1.393
0.03446500,1.383
0.03447000,1.385
0.03447500,1.401
0.03448000,1.404
0.03448500,1.410
0.03449000,1.417
0.03449500,1.388
0.03450000,1.375
0.03450500,1.354
0.03451000,1.344
0.03451500,1.346
0.03452000,1.314
0.03452500,1.272
0.03453000,1.253
0.03453500,1.286
0.03454000,1.274
0.03454500,1.307
0.03455000,1.314
0.03455500,1.341
0.03456000,1.356
0.03456500,1.365
0.03457000,1.393
0.03457500,1.407
0.03458000,1.425
0.03458500,1.417
0.03459000,1.425
0.03459500,1.433
0.03460000,1.433
0.03460500,1.423
0.03461000,1.443
0.03461500,1.459
0.03462000,1.459
0.03462500,1.459
0.03463000,1.439
0.03463500,1.427
0.03464000,1.407
0.03464500,1.375
0.03465000,1.320
0.03465500,1.295
0.03466000,1.291
0.03466500,1.274
0.03467000,1.293
0.03467500,1.291
0.03468000,1.303
0.03468500,1.317
0.03469000,1.330
0.03469500,1.359
0.03470000,1.375
0.03470500,1.388
0.03471000,1.406
0.03471500,1.399
0.03472000,1.396
0.03472500,1.402
0.03473000,1.407
0.03473500,1.407
0.03474000,1.422
0.03474500,1.415
0.03475000,1.431
0.03475500,1.422
0.03476000,1.417
0.03476500,1.402
0.03477000,1.415
0.03477500,1.420
0.03478000,1.407
0.03478500,1.361
0.03479000,1.407
0.03479500,1.406
0.03480000,1.433
0.03480500,1.449
0.03481000,1.473
0.03481500,1.504
0.03482000,1.517
0.03482500,1.536
0.03483000,1.549
0.03483500,1.567
0.03484000,1.560
0.03484500,1.559
0.03485000,1.554
0.03485500,1.550
0.03486000,1.534
0.03486500,1.526
0.03487000,1.533
0.03487500,1.509
0.03488000,1.493
0.03488500,1.470
0.03489000,1.444
0.03489500,1.451
0.03490000,1.436
0.03490500,1.420
0.03491000,1.391
0.03491500,1.401
0.03492000,1.407
0.03492500,1.409
0.03493000,1.451
0.03493500,1.451
0.03494000,1.493
0.03494500,1.504
0.03495000,1.539
0.03495500,1.562
0.03496000,1.570
0.03496500,1.584
0.03497000,1.602
0.03497500,1.581
0.03498000,1.578
0.03498500,1.573
0.03499000,1.594
0.03499500,1.636
0.03500000,1.631
0.03500500,1.647
0.03501000,1.628
0.03501500,1.615
0.03502000,1.596
0.03502500,1.592
0.03503000,1.578
0.03503500,1.568
0.03504000,1.559
0.03504500,1.563
0.03505000,1.576
0.03505500,1.587
0.03506000,1.597
0.03506500,1.623
0.03507000,1.642
0.03507500,1.670
0.03508000,1.684
0.03508500,1.718
0.03509000,1.734
0.03509500,1.748
0.03510000,1.758
0.03510500,1.750
0.03511000,1.766
0.03511500,1.765
0.03512000,1.777
0.03512500,1.811
0.03513000,1.800
0.03513500,1.813
0.03514000,1.773
0.03514500,1.774
0.03515000,1.750
0.03515500,1.739
0.03516000,1.707
0.03516500,1.686
0.03517000,1.692
0.03517500,1.703
0.03518000,1.711
0.03518500,1.736
0.03519000,1.750
0.03519500,1.782
0.03520000,1.795
0.03520500,1.824
0.03521000,1.855
0.03521500,1.876
0.03522000,1.885
0.03522500,1.903
0.03523000,1.911
0.03523500,1.898
0.03524000,1.893
0.03524500,1.887
0.03525000,1.909
0.03525500,1.903
0.03526000,1.897
0.03526500,1.874
0.03527000,1.852
0.03527500,1.805
0.03528000,1.779
0.03528500,1.734
0.03529000,1.715
0.03529500,1.711
0.03530000,1.695
0.03530500,1.707
0.03531000,1.707
0.03531500,1.747
0.03532000,1.760
0.03532500,1.805
0.03533000,1.831
0.03533500,1.864
0.03534000,1.889
0.03534500,1.913
0.03535000,1.938
0.03535500,1.950
0.03536000,1.950
0.03536500,1.956
0.03537000,1.950
0.03537500,1.927
0.03538000,1.924
0.03538500,1.900
0.03539000,1.869
0.03539500,1.810
0.03540000,1.739
0.03540500,1.670
0.03541000,1.637
0.03541500,1.584
0.03542000,1.591
0.03542500,1.605
0.03543000,1.604
0.03543500,1.607
0.03544000,1.607
0.03544500,1.650
0.03545000,1.663
0.03545500,1.687
0.03546000,1.684
0.03546500,1.699
0.03547000,1.705
0.03547500,1.715
0.03548000,1.718
0.03548500,1.713
0.03549000,1.708
0.03549500,1.673
0.03550000,1.625
0.03550500,1.691
0.03551000,1.679
0.03551500,1.671
0.03552000,1.668
0.03552500,1.639
0.03553000,1.634
0.03553500,1.604
0.03554000,1.637
0.03554500,1.629
0.03555000,1.641
0.03555500,1.641
0.03556000,1.637
0.03556500,1.652
0.03557000,1.662
0.03557500,1.676
0.03558000,1.682
0.03558500,1.711
0.03559000,1.729
0.03559500,1.750
0.03560000,1.784
0.03560500,1.806
0.03561000,1.819
0.03561500,1.784
0.03562000,1.769
0.03562500,1.769
0.03563000,1.774
0.03563500,1.757
0.03564000,1.742
0.03564500,1.682
0.03565000,1.637
0.03565500,1.578
0.03566000,1.549
0.03566500,1.554
0.03567000,1.536
0.03567500,1.546
0.03568000,1.547
0.03568500,1.576
0.03569000,1.575
0.03569500,1.602
0.03570000,1.628
0.03570500,1.652
0.03571000,1.697
0.03571500,1.707
0.03572000,1.747
0.03572500,1.758
0.03573000,1.757
0.03573500,1.761
0.03574000,1.758
0.03574500,1.768
0.03575000,1.750
0.03575500,1.782
0.03576000,1.798
0.03576500,1.823
0.03577000,1.831
0.03577500,1.805
0.03578000,1.797
0.03578500,1.771
0.03579000,1.763
0.03579500,1.737
0.03580000,1.718
0.03580500,1.686
0.03581000,1.678
0.03581500,1.666
0.03582000,1.662
0.03582500,1.703
0.03583000,1.716
0.03583500,1.745
0.03584000,1.786
0.03584500,1.818
0.03585000,1.868
0.03585500,1.889
0.03586000,1.924
0.03586500,1.951
0.03587000,1.967
0.03587500,1.993
0.03588000,2.037
0.03588500,2.070
0.03589000,2.091
0.03589500,2.077
0.03590000,2.067
0.03590500,2.050
0.03591000,2.019
0.03591500,2.017
0.03592000,1.993
0.03592500,1.977
0.03593000,1.953
0.03593500,1.951
0.03594000,1.961
0.03594500,1.967
0.03595000,1.996
0.03595500,2.006
0.03596000,2.048
0.03596500,2.078
0.03597000,2.119
0.03597500,2.143
0.03598000,2.191
0.03598500,2.201
0.03599000,2.207
0.03599500,2.185
0.03600000,2.178
0.03600500,2.159
0.03601000,2.164
0.03601500,2.143
0.03602000,2.138
0.03602500,2.090
0.03603000,2.067
0.03603500,2.024
0.03604000,2.016
0.03604500,1.995
0.03605000,1.979
0.03605500,1.964
0.03606000,1.972
0.03606500,1.955
0.03607000,1.964
0.03607500,1.961
0.03608000,1.971
0.03608500,1.974
0.03609000,1.990
0.03609500,2.012
0.03610000,2.056
0.03610500,2.091
0.03611000,2.124
0.03611500,2.148
0.03612000,2.178
0.03612500,2.188
0.03613000,2.193
0.03613500,2.204
0.03614000,2.185
0.03614500,2.252
0.03615000,2.201
0.03615500,2.191
0.03616000,2.144
0.03616500,2.101
0.03617000,2.064
0.03617500,2.045
0.03618000,2.048
0.03618500,1.996
0.03619000,1.956
0.03619500,1.964
0.03620000,1.979
0.03620500,2.004
0.03621000,2.030
0.03621500,2.058
0.03622000,2.101
0.03622500,2.120
0.03623000,2.162
0.03623500,2.190
0.03624000,2.225
0.03624500,2.241
0.03625000,2.264
0.03625500,2.276
0.03626000,2.301
0.03626500,2.326
0.03627000,2.359
0.03627500,2.367
0.03628000,2.349
0.03628500,2.326
0.03629000,2.265
0.03629500,2.238
0.03630000,2.186
0.03630500,2.172
0.03631000,2.162
0.03631500,2.172
0.03632000,2.162
0.03632500,2.185
0.03633000,2.183
0.03633500,2.220
0.03634000,2.231
0.03634500,2.251
0.03635000,2.259
0.03635500,2.283
0.03636000,2.310
0.03636500,2.320
0.03637000,2.341
0.03637500,2.383
0.03638000,2.368
0.03638500,2.384
0.03639000,2.400
0.03639500,2.397
0.03640000,2.384
0.03640500,2.380
0.03641000,2.338
0.03641500,2.318
0.03642000,2.278
0.03642500,2.249
0.03643000,2.223
0.03643500,2.228
0.03644000,2.214
0.03644500,2.222
0.03645000,2.217
0.03645500,2.241
0.03646000,2.264
0.03646500,2.291
0.03647000,2.330
0.03647500,2.360
0.03648000,2.418
0.03648500,2.449
0.03649000,2.497
0.03649500,2.521
0.03650000,2.528
0.03650500,2.553
0.03651000,2.536
0.03651500,2.534
0.03652000,2.500
0.03652500,2.545
0.03653000,2.489
0.03653500,2.476
0.03654000,2.433
0.03654500,2.365
0.03655000,2.341
0.03655500,2.294
0.03656000,2.291
0.03656500,2.248
0.03657000,2.248
0.03657500,2.251
0.03658000,2.260
0.03658500,2.281
0.03659000,2.283
0.03659500,2.334
0.03660000,2.341
0.03660500,2.381
0.03661000,2.421
0.03661500,2.462
0.03662000,2.491
0.03662500,2.500
0.03663000,2.497
0.03663500,2.502
0.03664000,2.494
0.03664500,2.494
0.03665000,2.478
0.03665500,2.450
0.03666000,2.399
0.03666500,2.362
0.03667000,2.331
0.03667500,2.314
0.03668000,2.286
0.03668500,2.259
0.03669000,2.243
0.03669500,2.228
0.03670000,2.244
0.03670500,2.225
0.03671000,2.241
0.03671500,2.260
0.03672000,2.281
0.03672500,2.304
0.03673000,2.334
0.03673500,2.378
0.03674000,2.386
0.03674500,2.437
0.03675000,2.465
0.03675500,2.471
0.03676000,2.471
0.03676500,2.460
0.03677000,2.457
0.03677500,2.429
0.03678000,2.437
0.03678500,2.389
0.03679000,2.365
0.03679500,2.322
0.03680000,2.265
0.03680500,2.241
0.03681000,2.215
0.03681500,2.217
0.03682000,2.198
0.03682500,2.207
0.03683000,2.220
0.03683500,2.222
0.03684000,2.267
0.03684500,2.270
0.03685000,2.309
0.03685500,2.333
0.03686000,2.354
0.03686500,2.386
0.03687000,2.471
0.03687500,2.478
0.03688000,2.528
0.03688500,2.520
0.03689000,2.545
0.03689500,2.544
0.03690000,2.531
0.03690500,2.505
0.03691000,2.513
0.03691500,2.502
0.03692000,2.462
0.03692500,2.413
0.03693000,2.388
0.03693500,2.359
0.03694000,2.368
0.03694500,2.351
0.03695000,2.359
0.03695500,2.355
0.03696000,2.370
0.03696500,2.378
0.03697000,2.413
0.03697500,2.442
0.03698000,2.466
0.03698500,2.507
0.03699000,2.536
0.03699500,2.571
0.03700000,2.592
0.03700500,2.582
0.03701000,2.586
0.03701500,2.568
0.03702000,2.539
0.03702500,2.598
0.03703000,2.595
0.03703500,2.648
0.03704000,2.615
0.03704500,2.594
0.03705000,2.557
0.03705500,2.541
0.03706000,2.523
0.03706500,2.502
0.03707000,2.518
0.03707500,2.510
0.03708000,2.521
0.03708500,2.526
0.03709000,2.550
0.03709500,2.574
0.03710000,2.607
0.03710500,2.632
0.03711000,2.663
0.03711500,2.697
0.03712000,2.724
0.03712500,2.735
0.03713000,2.796
0.03713500,2.795
0.03714000,2.798
0.03714500,2.771
0.03715000,2.816
0.03715500,2.784
0.03716000,2.750
0.03716500,2.690
0.03717000,2.611
0.03717500,2.541
0.03718000,2.454
0.03718500,2.402
0.03719000,2.357
0.03719500,2.326
0.03720000,2.318
0.03720500,2.296
0.03721000,2.326
0.03721500,2.322
0.03722000,2.333
0.03722500,2.359
0.03723000,2.397
0.03723500,2.442
0.03724000,2.478
0.03724500,2.532
0.03725000,2.586
0.03725500,2.624
0.03726000,2.661
0.03726500,2.674
0.03727000,2.671
0.03727500,2.652
0.03728000,2.624
0.03728500,2.623
0.03729000,2.602
0.03729500,2.560
0.03730000,2.516
0.03730500,2.471
0.03731000,2.434
0.03731500,2.386
0.03732000,2.363
0.03732500,2.331
0.03733000,2.331
0.03733500,2.320
0.03734000,2.317
0.03734500,2.333
0.03735000,2.339
0.03735500,2.378
0.03736000,2.392
0.03736500,2.400
0.03737000,2.532
0.03737500,2.521
0.03738000,2.608
0.03738500,2.610
0.03739000,2.629
0.03739500,2.623
0.03740000,2.608
0.03740500,2.615
0.03741000,2.603
0.03741500,2.597
0.03742000,2.552
0.03742500,2.513
0.03743000,2.449
0.03743500,2.394
0.03744000,2.363
0.03744500,2.346
0.03745000,2.336
0.03745500,2.314
0.03746000,2.320
0.03746500,2.326
0.03747000,2.323
0.03747500,2.322
0.03748000,2.323
0.03748500,2.362
0.03749000,2.376
0.03749500,2.417
0.03750000,2.452
0.03750500,2.489
0.03751000,2.523
0.03751500,2.542
0.03752000,2.560
0.03752500,2.566
0.03753000,2.571
0.03753500,2.573
0.03754000,2.565
0.03754500,2.582
0.03755000,2.539
0.03755500,2.500
0.03756000,2.466
0.03756500,2.439
0.03757000,2.421
0.03757500,2.409
0.03758000,2.415
0.03758500,2.409
0.03759000,2.423
0.03759500,2.426
0.03760000,2.426
0.03760500,2.465
0.03761000,2.481
0.03761500,2.510
0.03762000,2.532
0.03762500,2.639
0.03763000,2.615
0.03763500,2.692
0.03764000,2.698
0.03764500,2.724
0.03765000,2.727
0.03765500,2.726
0.03766000,2.710
0.03766500,2.727
0.03767000,2.739
0.03767500,2.698
0.03768000,2.661
0.03768500,2.610
0.03769000,2.568
0.03769500,2.528
0.03770000,2.515
0.03770500,2.502
0.03771000,2.512
0.03771500,2.507
0.03772000,2.524
0.03772500,2.528
0.03773000,2.539
0.03773500,2.566
0.03774000,2.592
0.03774500,2.639
0.03775000,2.671
0.03775500,2.706
0.03776000,2.748
0.03776500,2.785
0.03777000,2.811
0.03777500,2.811
0.03778000,2.819
0.03778500,2.811
0.03779000,2.827
0.03779500,2.853
0.03780000,2.830
0.03780500,2.808
0.03781000,2.761
0.03781500,2.730
0.03782000,2.687
0.03782500,2.681
0.03783000,2.681
0.03783500,2.664
0.03784000,2.671
0.03784500,2.658
0.03785000,2.660
0.03785500,2.661
0.03786000,2.684
0.03786500,2.697
0.03787000,2.722
0.03787500,2.745
0.03788000,2.759
0.03788500,2.811
0.03789000,2.825
0.03789500,2.851
0.03790000,2.861
0.03790500,2.862
0.03791000,2.862
0.03791500,2.848
0.03792000,2.861
0.03792500,2.840
0.03793000,2.813
0.03793500,2.758
0.03794000,2.689
0.03794500,2.639
0.03795000,2.595
0.03795500,2.565
0.03796000,2.542
0.03796500,2.523
0.03797000,2.500
0.03797500,2.492
0.03798000,2.503
0.03798500,2.508
0.03799000,2.529
0.03799500,2.558
0.03800000,2.640
0.03800500,2.693
0.03801000,2.726
0.03801500,2.779
0.03802000,2.790
0.03802500,2.819
0.03803000,2.829
0.03803500,2.817
0.03804000,2.792
0.03804500,2.779
0.03805000,2.758
0.03805500,2.732
0.03806000,2.652
0.03806500,2.569
0.03807000,2.526
0.03807500,2.420
0.03808000,2.396
0.03808500,2.346
0.03809000,2.322
0.03809500,2.305
0.03810000,2.305
0.03810500,2.281
0.03811000,2.280
0.03811500,2.291
0.03812000,2.314
0.03812500,2.370
0.03813000,2.391
0.03813500,2.441
0.03814000,2.483
0.03814500,2.528
0.03815000,2.589
0.03815500,2.619
0.03816000,2.592
0.03816500,2.615
0.03817000,2.561
0.03817500,2.571
0.03818000,2.544
0.03818500,2.507
0.03819000,2.460
0.03819500,2.392
0.03820000,2.365
0.03820500,2.325
0.03821000,2.309
0.03821500,2.302
0.03822000,2.286
0.03822500,2.291
0.03823000,2.268
0.03823500,2.280
0.03824000,2.293
0.03824500,2.312
0.03825000,2.328
0.03825500,2.346
0.03826000,2.367
0.03826500,2.404
0.03827000,2.447
0.03827500,2.471
0.03828000,2.568
0.03828500,2.594
0.03829000,2.573
0.03829500,2.569
0.03830000,2.542
0.03830500,2.576
0.03831000,2.520
0.03831500,2.492
0.03832000,2.426
0.03832500,2.380
0.03833000,2.346
0.03833500,2.320
0.03834000,2.330
0.03834500,2.312
0.03835000,2.286
0.03835500,2.278
0.03836000,2.276
0.03836500,2.294
0.03837000,2.314
0.03837500,2.347
0.03838000,2.378
0.03838500,2.415
0.03839000,2.452
0.03839500,2.487
0.03840000,2.541
0.03840500,2.582
0.03841000,2.594
0.03841500,2.603
0.03842000,2.605
0.03842500,2.624
0.03843000,2.607
0.03843500,2.600
0.03844000,2.565
0.03844500,2.516
0.03845000,2.476
0.03845500,2.433
0.03846000,2.400
0.03846500,2.362
0.03847000,2.323
0.03847500,2.305
0.03848000,2.297
0.03848500,2.318
0.03849000,2.331
0.03849500,2.357
0.03850000,2.394
0.03850500,2.418
0.03851000,2.458
0.03851500,2.494
0.03852000,2.539
0.03852500,2.573
0.03853000,2.598
0.03853500,2.608
0.03854000,2.616
0.03854500,2.608
0.03855000,2.618
0.03855500,2.615
0.03856000,2.634
0.03856500,2.598
0.03857000,2.558
0.03857500,2.508
0.03858000,2.473
0.03858500,2.442
0.03859000,2.413
0.03859500,2.415
0.03860000,2.409
0.03860500,2.434
0.03861000,2.436
0.03861500,2.455
0.03862000,2.473
0.03862500,2.495
0.03863000,2.512
0.03863500,2.552
0.03864000,2.581
0.03864500,2.607
0.03865000,2.632
0.03865500,2.648
0.03866000,2.663
0.03866500,2.658
0.03867000,2.644
0.03867500,2.631
0.03868000,2.589
0.03868500,2.616
0.03869000,2.555
0.03869500,2.531
0.03870000,2.470
0.03870500,2.425
0.03871000,2.380
0.03871500,2.346
0.03872000,2.338
0.03872500,2.304
0.03873000,2.299
0.03873500,2.296
0.03874000,2.301
0.03874500,2.314
0.03875000,2.334
0.03875500,2.365
0.03876000,2.404
0.03876500,2.439
0.03877000,2.471
0.03877500,2.523
0.03878000,2.557
0.03878500,2.579
0.03879000,2.589
0.03879500,2.595
0.03880000,2.586
0.03880500,2.566
0.03881000,2.537
0.03881500,2.518
0.03882000,2.462
0.03882500,2.397
0.03883000,2.325
0.03883500,2.270
0.03884000,2.217
0.03884500,2.172
0.03885000,2.141
0.03885500,2.107
0.03886000,2.090
0.03886500,2.066
0.03887000,2.064
0.03887500,2.075
0.03888000,2.087
0.03888500,2.124
0.03889000,2.146
0.03889500,2.194
0.03890000,2.236
0.03890500,2.281
0.03891000,2.312
0.03891500,2.376
0.03892000,2.360
0.03892500,2.349
0.03893000,2.349
0.03893500,2.322
0.03894000,2.339
0.03894500,2.278
0.03895000,2.257
0.03895500,2.191
0.03896000,2.143
0.03896500,2.099
0.03897000,2.067
0.03897500,2.053
0.03898000,2.058
0.03898500,2.056
0.03899000,2.048
0.03899500,2.056
0.03900000,2.075
0.03900500,2.090
0.03901000,2.114
0.03901500,2.149
0.03902000,2.183
0.03902500,2.215
0.03903000,2.254
0.03903500,2.281
0.03904000,2.310
0.03904500,2.315
0.03905000,2.320
0.03905500,2.334
0.03906000,2.339
0.03906500,2.331
0.03907000,2.318
0.03907500,2.278
0.03908000,2.225
0.03908500,2.183
0.03909000,2.148
0.03909500,2.122
0.03910000,2.098
0.03910500,2.082
0.03911000,2.074
0.03911500,2.082
0.03912000,2.088
0.03912500,2.085
0.03913000,2.098
0.03913500,2.120
0.03914000,2.148
0.03914500,2.170
0.03915000,2.206
0.03915500,2.235
0.03916000,2.260
0.03916500,2.278
0.03917000,2.293
0.03917500,2.297
0.03918000,2.299
0.03918500,2.278
0.03919000,2.294
0.03919500,2.294
0.03920000,2.270
0.03920500,2.223
0.03921000,2.177
0.03921500,2.138
0.03922000,2.106
0.03922500,2.074
0.03923000,2.067
0.03923500,2.061
0.03924000,2.054
0.03924500,2.048
0.03925000,2.054
0.03925500,2.072
0.03926000,2.085
0.03926500,2.106
0.03927000,2.130
0.03927500,2.156
0.03928000,2.178
0.03928500,2.199
0.03929000,2.231
0.03929500,2.241
0.03930000,2.244
0.03930500,2.241
0.03931000,2.257
0.03931500,2.267
0.03932000,2.289
0.03932500,2.265
0.03933000,2.244
0.03933500,2.209
0.03934000,2.173
0.03934500,2.143
0.03935000,2.111
0.03935500,2.109
0.03936000,2.099
0.03936500,2.098
0.03937000,2.104
0.03937500,2.103
0.03938000,2.112
0.03938500,2.120
0.03939000,2.133
0.03939500,2.149
0.03940000,2.165
0.03940500,2.180
0.03941000,2.198
0.03941500,2.210
0.03942000,2.212
0.03942500,2.212
0.03943000,2.209
0.03943500,2.201
0.03944000,2.173
0.03944500,2.159
0.03945000,2.141
0.03945500,2.098
0.03946000,2.056
0.03946500,1.998
0.03947000,1.963
0.03947500,1.919
0.03948000,1.885
0.03948500,1.864
0.03949000,1.842
0.03949500,1.834
0.03950000,1.826
0.03950500,1.818
0.03951000,1.831
0.03951500,1.843
0.03952000,1.855
0.03952500,1.874
0.03953000,1.905
0.03953500,1.927
0.03954000,1.950
0.03954500,1.964
0.03955000,1.961
0.03955500,1.961
0.03956000,1.942
0.03956500,1.926
0.03957000,1.897
0.03957500,1.898
0.03958000,1.860
0.03958500,1.808
0.03959000,1.761
0.03959500,1.705
0.03960000,1.655
0.03960500,1.628
0.03961000,1.633
0.03961500,1.623
0.03962000,1.621
0.03962500,1.626
0.03963000,1.621
0.03963500,1.631
0.03964000,1.641
0.03964500,1.657
0.03965000,1.681
0.03965500,1.702
0.03966000,1.731
0.03966500,1.753
0.03967000,1.781
0.03967500,1.797
0.03968000,1.787
0.03968500,1.790
0.03969000,1.803
0.03969500,1.805
0.03970000,1.811
0.03970500,1.810
0.03971000,1.792
0.03971500,1.771
0.03972000,1.732
0.03972500,1.723
0.03973000,1.703
0.03973500,1.691
0.03974000,1.682
0.03974500,1.687
0.03975000,1.699
0.03975500,1.703
0.03976000,1.705
0.03976500,1.720
0.03977000,1.739
0.03977500,1.750
0.03978000,1.768
0.03978500,1.786
0.03979000,1.811
0.03979500,1.824
0.03980000,1.826
0.03980500,1.834
0.03981000,1.824
0.03981500,1.826
0.03982000,1.826
0.03982500,1.834
0.03983000,1.847
0.03983500,1.821
0.03984000,1.795
0.03984500,1.761
0.03985000,1.736
0.03985500,1.716
0.03986000,1.692
0.03986500,1.687
0.03987000,1.686
0.03987500,1.682
0.03988000,1.676
0.03988500,1.681
0.03989000,1.692
0.03989500,1.699
0.03990000,1.702
0.03990500,1.724
0.03991000,1.732
0.03991500,1.744
0.03992000,1.748
0.03992500,1.765
0.03993000,1.758
0.03993500,1.758
0.03994000,1.745
0.03994500,1.758
0.03995000,1.760
0.03995500,1.755
0.03996000,1.728
0.03996500,1.684
0.03997000,1.657
0.03997500,1.607
0.03998000,1.583
0.03998500,1.559
0.03999000,1.549
0.03999500,1.534
0.04000000,1.518
0.04000500,1.515
0.04001000,1.501
0.04001500,1.484
0.04002000,1.470
0.04002500,1.476
0.04003000,1.486
0.04003500,1.489
0.04004000,1.504
0.04004500,1.518
0.04005000,1.526
0.04005500,1.528
0.04006000,1.521
0.04006500,1.497
0.04007000,1.470
0.04007500,1.454
0.04008000,1.444
0.04008500,1.451
0.04009000,1.435
0.04009500,1.412
0.04010000,1.369
0.04010500,1.354
0.04011000,1.336
0.04011500,1.332
0.04012000,1.335
0.04012500,1.343
0.04013000,1.380
0.04013500,1.389
0.04014000,1.396
0.04014500,1.407
0.04015000,1.415
0.04015500,1.425
0.04016000,1.428
0.04016500,1.439
0.04017000,1.452
0.04017500,1.449
0.04018000,1.455
0.04018500,1.455
0.04019000,1.451
0.04019500,1.443
0.04020000,1.436
0.04020500,1.425
0.04021000,1.423
0.04021500,1.406
0.04022000,1.386
0.04022500,1.357
0.04023000,1.327
0.04023500,1.306
0.04024000,1.280
0.04024500,1.301
0.04025000,1.295
0.04025500,1.290
0.04026000,1.286
0.04026500,1.288
0.04027000,1.295
0.04027500,1.298
0.04028000,1.311
0.04028500,1.322
0.04029000,1.328
0.04029500,1.340
0.04030000,1.346
0.04030500,1.354
0.04031000,1.365
0.04031500,1.354
0.04032000,1.344
0.04032500,1.348
0.04033000,1.336
0.04033500,1.314
0.04034000,1.311
0.04034500,1.280
0.04035000,1.243
0.04035500,1.169
0.04036000,1.140
0.04036500,1.111
0.04037000,1.098
0.04037500,1.106
0.04038000,1.092
0.04038500,1.093
0.04039000,1.090
0.04039500,1.084
0.04040000,1.092
0.04040500,1.097
0.04041000,1.105
0.04041500,1.101
0.04042000,1.116
0.04042500,1.125
0.04043000,1.134
0.04043500,1.130
0.04044000,1.137
0.04044500,1.127
0.04045000,1.134
0.04045500,1.124
0.04046000,1.134
0.04046500,1.145
0.04047000,1.146
0.04047500,1.130
0.04048000,1.117
0.04048500,1.106
0.04049000,1.098
0.04049500,1.085
0.04050000,1.113
0.04050500,1.129
0.04051000,1.122
0.04051500,1.124
0.04052000,1.124
0.04052500,1.135
0.04053000,1.140
0.04053500,1.140
0.04054000,1.150
0.04054500,1.156
0.04055000,1.153
0.04055500,1.145
0.04056000,1.145
0.04056500,1.119
0.04057000,1.087
0.04057500,1.080
0.04058000,1.076
0.04058500,1.072
0.04059000,1.058
0.04059500,1.047
0.04060000,1.035
0.04060500,1.010
0.04061000,0.995
0.04061500,0.965
0.04062000,0.968
0.04062500,0.971
0.04063000,0.979
0.04063500,1.002
0.04064000,1.010
0.04064500,1.014
0.04065000,1.026
0.04065500,1.022
0.04066000,1.042
0.04066500,1.048
0.04067000,1.055
0.04067500,1.053
0.04068000,1.056
0.04068500,1.061
0.04069000,1.034
0.04069500,1.035
0.04070000,1.031
0.04070500,1.021
0.04071000,1.003
0.04071500,1.021
0.04072000,1.037
0.04072500,1.031
0.04073000,1.014
0.04073500,0.984
0.04074000,0.971
0.04074500,0.948
0.04075000,0.948
0.04075500,0.955
0.04076000,0.950
0.04076500,0.934
0.04077000,0.924
0.04077500,0.916
0.04078000,0.934
0.04078500,0.945
0.04079000,0.944
0.04079500,0.953
0.04080000,0.960
0.04080500,0.966
0.04081000,0.961
0.04081500,0.958
0.04082000,0.956
0.04082500,0.958
0.04083000,0.945
0.04083500,0.936
0.04084000,0.947
0.04084500,0.953
0.04085000,0.948
0.04085500,0.942
0.04086000,0.932
0.04086500,0.918
0.04087000,0.908
0.04087500,0.913
0.04088000,0.927
0.04088500,0.931
0.04089000,0.947
0.04089500,0.942
0.04090000,0.958
0.04090500,0.956
0.04091000,0.956
0.04091500,0.966
0.04092000,0.973
0.04092500,0.973
0.04093000,0.969
0.04093500,0.974
0.04094000,0.976
0.04094500,0.960
0.04095000,0.944
0.04095500,0.927
0.04096000,0.916
0.04096500,0.900
0.04097000,0.876
0.04097500,0.868
0.04098000,0.855
0.04098500,0.828
0.04099000,0.800
0.04099500,0.783
0.04100000,0.766
0.04100500,0.763
0.04101000,0.763
0.04101500,0.781
0.04102000,0.787
0.04102500,0.775
0.04103000,0.775
0.04103500,0.776
0.04104000,0.791
0.04104500,0.792
0.04105000,0.787
0.04105500,0.794
0.04106000,0.797
0.04106500,0.792
0.04107000,0.781
0.04107500,0.776
0.04108000,0.749
0.04108500,0.739
0.04109000,0.726
0.04109500,0.731
0.04110000,0.728
0.04110500,0.725
0.04111000,0.712
0.04111500,0.707
0.04112000,0.702
0.04112500,0.696
0.04113000,0.697
0.04113500,0.696
0.04114000,0.710
0.04114500,0.726
0.04115000,0.710
0.04115500,0.718
0.04116000,0.702
0.04116500,0.702
0.04117000,0.694
0.04117500,0.691
0.04118000,0.696
0.04118500,0.689
0.04119000,0.681
0.04119500,0.686
0.04120000,0.691
0.04120500,0.680
0.04121000,0.670
0.04121500,0.676
0.04122000,0.673
0.04122500,0.668
0.04123000,0.668
0.04123500,0.667
0.04124000,0.655
0.04124500,0.643
0.04125000,0.634
0.04125500,0.630
0.04126000,0.638
0.04126500,0.657
0.04127000,0.647
0.04127500,0.657
0.04128000,0.652
0.04128500,0.657
0.04129000,0.657
0.04129500,0.660
0.04130000,0.663
0.04130500,0.662
0.04131000,0.662
0.04131500,0.667
0.04132000,0.670
0.04132500,0.665
0.04133000,0.651
0.04133500,0.646
0.04134000,0.636
0.04134500,0.631
0.04135000,0.623
0.04135500,0.634
0.04136000,0.631
0.04136500,0.620
0.04137000,0.601
0.04137500,0.594
0.04138000,0.586
0.04138500,0.586
0.04139000,0.586
0.04139500,0.577
0.04140000,0.597
0.04140500,0.602
0.04141000,0.594
0.04141500,0.607
0.04142000,0.604
0.04142500,0.617
0.04143000,0.610
0.04143500,0.622
0.04144000,0.618
0.04144500,0.614
0.04145000,0.614
0.04145500,0.610
0.04146000,0.596
0.04146500,0.577
0.04147000,0.565
0.04147500,0.559
0.04148000,0.554
0.04148500,0.552
0.04149000,0.538
0.04149500,0.536
0.04150000,0.522
0.04150500,0.509
0.04151000,0.507
0.04151500,0.522
0.04152000,0.498
0.04152500,0.520
0.04153000,0.519
0.04153500,0.522
0.04154000,0.528
0.04154500,0.519
0.04155000,0.525
0.04155500,0.528
0.04156000,0.531
0.04156500,0.520
0.04157000,0.519
0.04157500,0.535
0.04158000,0.520
0.04158500,0.517
0.04159000,0.512
0.04159500,0.512
0.04160000,0.501
0.04160500,0.496
0.04161000,0.504
0.04161500,0.504
0.04162000,0.490
0.04162500,0.477
0.04163000,0.465
0.04163500,0.464
0.04164000,0.470
0.04164500,0.457
0.04165000,0.483
0.04165500,0.493
0.04166000,0.478
0.04166500,0.483
0.04167000,0.485
0.04167500,0.491
0.04168000,0.488
0.04168500,0.483
0.04169000,0.485
0.04169500,0.486
0.04170000,0.480
0.04170500,0.459
0.04171000,0.469
0.04171500,0.462
0.04172000,0.443
0.04172500,0.445
0.04173000,0.449
0.04173500,0.443
0.04174000,0.436
0.04174500,0.420
0.04175000,0.420
0.04175500,0.412
0.04176000,0.401
0.04176500,0.387
0.04177000,0.387
0.04177500,0.385
0.04178000,0.408
0.04178500,0.388
0.04179000,0.395
0.04179500,0.395
0.04180000,0.385
0.04180500,0.387
0.04181000,0.390
0.04181500,0.391
0.04182000,0.385
0.04182500,0.382
0.04183000,0.374
0.04183500,0.364
0.04184000,0.358
0.04184500,0.351
0.04185000,0.343
0.04185500,0.350
0.04186000,0.340
0.04186500,0.327
0.04187000,0.329
0.04187500,0.319
0.04188000,0.311
0.04188500,0.300
0.04189000,0.304
0.04189500,0.314
0.04190000,0.308
0.04190500,0.304
0.04191000,0.317
0.04191500,0.309
0.04192000,0.308
0.04192500,0.301
0.04193000,0.303
0.04193500,0.306
0.04194000,0.295
0.04194500,0.292
0.04195000,0.296
0.04195500,0.292
0.04196000,0.274
0.04196500,0.269
0.04197000,0.274
0.04197500,0.263
0.04198000,0.251
0.04198500,0.256
0.04199000,0.258
0.04199500,0.256
0.04200000,0.242
0.04200500,0.240
0.04201000,0.234
0.04201500,0.221
0.04202000,0.221
0.04202500,0.218
0.04203000,0.218
0.04203500,0.229
0.04204000,0.237
0.04204500,0.219
0.04205000,0.232
0.04205500,0.218
0.04206000,0.226
0.04206500,0.216
0.04207000,0.214
0.04207500,0.218
0.04208000,0.213
0.04208500,0.213
0.04209000,0.221
0.04209500,0.227
0.04210000,0.213
0.04210500,0.216
0.04211000,0.232
0.04211500,0.226
0.04212000,0.206
0.04212500,0.200
0.04213000,0.206
0.04213500,0.182
0.04214000,0.163
0.04214500,0.153
0.04215000,0.158
0.04215500,0.156
0.04216000,0.176
0.04216500,0.164
0.04217000,0.174
0.04217500,0.153
0.04218000,0.152
0.04218500,0.163
0.04219000,0.150
0.04219500,0.153
0.04220000,0.143
0.04220500,0.140
0.04221000,0.134
0.04221500,0.132
0.04222000,0.123
0.04222500,0.113
0.04223000,0.115
0.04223500,0.108
0.04224000,0.100
0.04224500,0.095
0.04225000,0.089
0.04225500,0.081
0.04226000,0.068
0.04226500,0.058
0.04227000,0.061
0.04227500,0.050
0.04228000,0.057
0.04228500,0.082
0.04229000,0.103
0.04229500,0.097
0.04230000,0.092
0.04230500,0.102
0.04231000,0.094
0.04231500,0.102
0.04232000,0.092
0.04232500,0.073
0.04233000,0.074
0.04233500,0.074
0.04234000,0.060
0.04234500,0.053
0.04235000,0.050
0.04235500,0.044
0.04236000,0.028
0.04236500,0.029
0.04237000,0.020
0.04237500,0.013
0.04238000,0.007
0.04238500,-0.005
0.04239000,-0.009
0.04239500,-0.017
0.04240000,-0.021
0.04240500,-0.019
0.04241000,-0.013
0.04241500,-0.009
0.04242000,0.013
0.04242500,-0.048
0.04243000,-0.053
0.04243500,-0.074
0.04244000,-0.051
0.04244500,-0.024
0.04245000,-0.030
0.04245500,-0.029
0.04246000,-0.038
0.04246500,-0.037
0.04247000,-0.045
0.04247500,-0.032
0.04248000,-0.024
0.04248500,-0.034
0.04249000,-0.038
0.04249500,-0.045
0.04250000,-0.030
0.04250500,-0.029
0.04251000,-0.038
0.04251500,-0.034
0.04252000,-0.026
0.04252500,-0.035
0.04253000,-0.037
0.04253500,-0.027
0.04254000,-0.026
0.04254500,-0.006
0.04255000,-0.055
0.04255500,-0.058
0.04256000,-0.040
0.04256500,-0.053
0.04257000,-0.022
0.04257500,-0.026
0.04258000,-0.016
0.04258500,-0.043
0.04259000,-0.050
0.04259500,-0.034
0.04260000,-0.026
0.04260500,-0.032
0.04261000,-0.037
0.04261500,-0.034
0.04262000,-0.035
0.04262500,-0.043
0.04263000,-0.035
0.04263500,-0.026
0.04264000,-0.030
0.04264500,-0.048
0.04265000,-0.043
0.04265500,-0.029
0.04266000,-0.027
0.04266500,-0.045
0.04267000,-0.032
0.04267500,-0.014
0.04268000,-0.048
0.04268500,-0.045
0.04269000,-0.055
0.04269500,-0.034
0.04270000,-0.027
0.04270500,-0.027
0.04271000,-0.035
0.04271500,-0.038
0.04272000,-0.029
0.04272500,-0.042
0.04273000,-0.035
0.04273500,-0.038
0.04274000,-0.034
0.04274500,-0.045
0.04275000,-0.035
0.04275500,-0.034
0.04276000,-0.019
0.04276500,-0.037
0.04277000,-0.038
0.04277500,-0.038
0.04278000,-0.032
0.04278500,-0.032
0.04279000,-0.027
0.04279500,-0.021
0.04280000,-0.032
0.04280500,-0.045
0.04281000,-0.043
0.04281500,-0.037
0.04282000,-0.019
0.04282500,-0.035
0.04283000,-0.030
0.04283500,-0.038
0.04284000,-0.032
0.04284500,-0.045
0.04285000,-0.029
0.04285500,-0.029
0.04286000,-0.029
0.04286500,-0.042
0.04287000,-0.035
0.04287500,-0.030
0.04288000,-0.029
0.04288500,-0.042
0.04289000,-0.038
0.04289500,-0.029
0.04290000,-0.034
0.04290500,-0.038
0.04291000,-0.035
0.04291500,-0.032
0.04292000,-0.037
0.04292500,-0.035
0.04293000,-0.037
0.04293500,-0.038
0.04294000,-0.037
0.04294500,-0.037
0.04295000,-0.032
0.04295500,-0.034
0.04296000,-0.035
0.04296500,-0.048
0.04297000,-0.042
0.04297500,-0.035
0.04298000,-0.040
0.04298500,-0.037
0.04299000,-0.040
0.04299500,-0.034
0.04300000,-0.042
0.04300500,-0.038
0.04301000,-0.034
0.04301500,-0.034
0.04302000,-0.038
0.04302500,-0.035
0.04303000,-0.027
0.04303500,-0.027
0.04304000,-0.035
0.04304500,-0.034
0.04305000,-0.038
0.04305500,-0.027
0.04306000,-0.042
0.04306500,-0.043
0.04307000,-0.040
0.04307500,-0.034
0.04308000,-0.037
0.04308500,-0.035
0.04309000,-0.035
0.04309500,-0.032
0.04310000,-0.042
0.04310500,-0.040
0.04311000,-0.042
0.04311500,-0.030
0.04312000,-0.038
0.04312500,-0.040
0.04313000,-0.032
0.04313500,-0.030
0.04314000,-0.038
0.04314500,-0.040
0.04315000,-0.038
0.04315500,-0.034
0.04316000,-0.032
0.04316500,-0.037
0.04317000,-0.034
0.04317500,-0.037
0.04318000,-0.037
0.04318500,-0.034
0.04319000,-0.045
0.04319500,-0.035
0.04320000,-0.046
0.04320500,-0.040
0.04321000,-0.035
0.04321500,-0.027
0.04322000,-0.038
0.04322500,-0.038
0.04323000,-0.034
0.04323500,-0.035
0.04324000,-0.038
0.04324500,-0.035
0.04325000,-0.040
0.04325500,-0.032
0.04326000,-0.034
0.04326500,-0.035
0.04327000,-0.030
0.04327500,-0.026
0.04328000,-0.034
0.04328500,-0.032
0.04329000,-0.042
0.04329500,-0.032
0.04330000,-0.037
0.04330500,-0.029
0.04331000,-0.022
0.04331500,-0.024
0.04332000,-0.029
0.04332500,-0.029
0.04333000,-0.024
0.04333500,-0.030
0.04334000,-0.037
0.04334500,-0.042
0.04335000,-0.040
0.04335500,-0.040
0.04336000,-0.042
0.04336500,-0.042
0.04337000,-0.034
0.04337500,-0.038
0.04338000,-0.037
0.04338500,-0.035
0.04339000,-0.035
0.04339500,-0.034
0.04340000,-0.035
0.04340500,-0.027
0.04341000,-0.029
0.04341500,-0.030
0.04342000,-0.030
0.04342500,-0.034
0.04343000,-0.029
0.04343500,-0.029
0.04344000,-0.034
0.04344500,-0.034
0.04345000,-0.029
0.04345500,-0.035
0.04346000,-0.035
0.04346500,-0.035
0.04347000,-0.032
0.04347500,-0.035
0.04348000,-0.034
0.04348500,-0.032
0.04349000,-0.026
0.04349500,-0.027
0.04350000,-0.026
0.04350500,-0.032
0.04351000,-0.022
0.04351500,-0.032
0.04352000,-0.032
0.04352500,-0.035
0.04353000,-0.027
0.04353500,-0.038
0.04354000,-0.034
0.04354500,-0.037
0.04355000,-0.032
0.04355500,-0.035
0.04356000,-0.034
0.04356500,-0.037
0.04357000,-0.027
0.04357500,-0.035
0.04358000,-0.030
0.04358500,-0.034
0.04359000,-0.024
0.04359500,-0.035
0.04360000,-0.030
0.04360500,-0.029
0.04361000,-0.029
0.04361500,-0.034
0.04362000,-0.034
0.04362500,-0.032
0.04363000,-0.030
0.04363500,-0.034
0.04364000,-0.029
0.04364500,-0.027
0.04365000,-0.022
0.04365500,-0.030
0.04366000,-0.034
0.04366500,-0.043
0.04367000,-0.108
0.04367500,-0.164
0.04368000,-0.211
0.04368500,-0.233
0.04369000,-0.236
0.04369500,-0.281
0.04370000,-0.301
0.04370500,-0.341
0.04371000,-0.360
0.04371500,-0.397
0.04372000,-0.425
0.04372500,-0.449
0.04373000,-0.481
0.04373500,-0.513
0.04374000,-0.539
0.04374500,-0.554
0.04375000,-0.570
0.04375500,-0.591
0.04376000,-0.612
0.04376500,-0.618
0.04377000,-0.626
0.04377500,-0.678
0.04378000,-0.698
0.04378500,-0.715
0.04379000,-0.731
0.04379500,-0.750
0.04380000,-0.758
0.04380500,-0.758
0.04381000,-0.752
0.04381500,-0.694
0.04382000,-0.689
0.04382500,-0.694
0.04383000,-0.650
0.04383500,-0.724
0.04384000,-0.716
0.04384500,-0.753
0.04385000,-0.768
0.04385500,-0.805
0.04386000,-0.838
0.04386500,-0.847
0.04387000,-0.880
0.04387500,-0.896
0.04388000,-0.895
0.04388500,-0.893
0.04389000,-0.901
0.04389500,-0.922
0.04390000,-0.938
0.04390500,-0.961
0.04391000,-0.982
0.04391500,-0.996
0.04392000,-0.991
0.04392500,-0.987
0.04393000,-0.988
0.04393500,-0.996
0.04394000,-0.956
0.04394500,-0.877
0.04395000,-0.904
0.04395500,-0.867
0.04396000,-0.884
0.04396500,-0.917
0.04397000,-0.917
0.04397500,-0.956
0.04398000,-0.962
0.04398500,-0.998
0.04399000,-1.008
0.04399500,-1.035
0.04400000,-1.038
0.04400500,-1.035
0.04401000,-1.035
0.04401500,-1.035
0.04402000,-1.032
0.04402500,-1.017
0.04403000,-1.025
0.04403500,-1.024
0.04404000,-1.024
0.04404500,-1.006
0.04405000,-0.998
0.04405500,-0.983
0.04406000,-0.979
0.04406500,-0.953
0.04407000,-0.904
0.04407500,-0.847
0.04408000,-0.829
0.04408500,-0.834
0.04409000,-0.848
0.04409500,-0.859
0.04410000,-0.879
0.04410500,-0.874
0.04411000,-0.919
0.04411500,-0.935
0.04412000,-0.956
0.04412500,-0.962
0.04413000,-0.977
0.04413500,-0.913
0.04414000,-0.921
0.04414500,-0.904
0.04415000,-0.893
0.04415500,-0.890
0.04416000,-0.882
0.04416500,-0.893
0.04417000,-0.903
0.04417500,-0.903
0.04418000,-0.895
0.04418500,-0.892
0.04419000,-0.893
0.04419500,-0.888
0.04420000,-0.859
0.04420500,-0.769
0.04421000,-0.771
0.04421500,-0.787
0.04422000,-0.769
0.04422500,-0.813
0.04423000,-0.801
0.04423500,-0.838
0.04424000,-0.859
0.04424500,-0.888
0.04425000,-0.917
0.04425500,-0.929
0.04426000,-0.964
0.04426500,-0.922
0.04427000,-0.948
0.04427500,-0.951
0.04428000,-0.938
0.04428500,-0.979
0.04429000,-0.972
0.04429500,-0.993
0.04430000,-0.974
0.04430500,-0.980
0.04431000,-0.977
0.04431500,-0.972
0.04432000,-0.969
0.04432500,-0.953
0.04433000,-0.914
0.04433500,-0.887
0.04434000,-0.861
0.04434500,-0.880
0.04435000,-0.893
0.04435500,-0.916
0.04436000,-0.925
0.04436500,-0.950
0.04437000,-0.972
0.04437500,-0.993
0.04438000,-1.022
0.04438500,-1.040
0.04439000,-1.114
0.04439500,-1.082
0.04440000,-1.093
0.04440500,-1.086
0.04441000,-1.091
0.04441500,-1.120
0.04442000,-1.106
0.04442500,-1.120
0.04443000,-1.106
0.04443500,-1.093
0.04444000,-1.038
0.04444500,-1.048
0.04445000,-1.046
0.04445500,-1.038
0.04446000,-1.032
0.04446500,-1.008
0.04447000,-1.038
0.04447500,-1.038
0.04448000,-1.078
0.04448500,-1.085
0.04449000,-1.120
0.04449500,-1.141
0.04450000,-1.162
0.04450500,-1.186
0.04451000,-1.209
0.04451500,-1.223
0.04452000,-1.222
0.04452500,-1.230
0.04453000,-1.241
0.04453500,-1.231
0.04454000,-1.233
0.04454500,-1.218
0.04455000,-1.206
0.04455500,-1.186
0.04456000,-1.123
0.04456500,-1.122
0.04457000,-1.096
0.04457500,-1.083
0.04458000,-1.049
0.04458500,-1.032
0.04459000,-0.961
0.04459500,-0.993
0.04460000,-0.985
0.04460500,-1.017
0.04461000,-1.057
0.04461500,-1.075
0.04462000,-1.103
0.04462500,-1.122
0.04463000,-1.159
0.04463500,-1.177
0.04464000,-1.197
0.04464500,-1.210
0.04465000,-1.193
0.04465500,-1.191
0.04466000,-1.154
0.04466500,-1.101
0.04467000,-1.109
0.04467500,-1.090
0.04468000,-1.078
0.04468500,-1.096
0.04469000,-1.082
0.04469500,-1.064
0.04470000,-1.078
0.04470500,-1.091
0.04471000,-1.109
0.04471500,-1.128
0.04472000,-1.140
0.04472500,-1.167
0.04473000,-1.199
0.04473500,-1.222
0.04474000,-1.239
0.04474500,-1.268
0.04475000,-1.292
0.04475500,-1.312
0.04476000,-1.328
0.04476500,-1.347
0.04477000,-1.362
0.04477500,-1.367
0.04478000,-1.365
0.04478500,-1.386
0.04479000,-1.400
0.04479500,-1.424
0.04480000,-1.444
0.04480500,-1.453
0.04481000,-1.455
0.04481500,-1.453
0.04482000,-1.452
0.04482500,-1.447
0.04483000,-1.457
0.04483500,-1.445
0.04484000,-1.424
0.04484500,-1.410
0.04485000,-1.441
0.04485500,-1.436
0.04486000,-1.476
0.04486500,-1.495
0.04487000,-1.526
0.04487500,-1.542
0.04488000,-1.563
0.04488500,-1.590
0.04489000,-1.600
0.04489500,-1.611
0.04490000,-1.611
0.04490500,-1.602
0.04491000,-1.592
0.04491500,-1.597
0.04492000,-1.597
0.04492500,-1.600
0.04493000,-1.585
0.04493500,-1.553
0.04494000,-1.534
0.04494500,-1.505
0.04495000,-1.484
0.04495500,-1.470
0.04496000,-1.431
0.04496500,-1.415
0.04497000,-1.375
0.04497500,-1.352
0.04498000,-1.384
0.04498500,-1.373
0.04499000,-1.423
0.04499500,-1.410
0.04500000,-1.444
0.04500500,-1.461
0.04501000,-1.489
0.04501500,-1.500
0.04502000,-1.502
0.04502500,-1.539
0.04503000,-1.537
0.04503500,-1.532
0.04504000,-1.555
0.04504500,-1.593
0.04505000,-1.610
0.04505500,-1.631
0.04506000,-1.624
0.04506500,-1.631
0.04507000,-1.613
0.04507500,-1.598
0.04508000,-1.581
0.04508500,-1.560
0.04509000,-1.545
0.04509500,-1.524
0.04510000,-1.537
0.04510500,-1.542
0.04511000,-1.560
0.04511500,-1.569
0.04512000,-1.592
0.04512500,-1.619
0.04513000,-1.643
0.04513500,-1.661
0.04514000,-1.692
0.04514500,-1.708
0.04515000,-1.729
0.04515500,-1.730
0.04516000,-1.746
0.04516500,-1.746
0.04517000,-1.769
0.04517500,-1.771
0.04518000,-1.785
0.04518500,-1.767
0.04519000,-1.745
0.04519500,-1.706
0.04520000,-1.674
0.04520500,-1.648
0.04521000,-1.585
0.04521500,-1.553
0.04522000,-1.536
0.04522500,-1.502
0.04523000,-1.513
0.04523500,-1.519
0.04524000,-1.534
0.04524500,-1.563
0.04525000,-1.581
0.04525500,-1.605
0.04526000,-1.627
0.04526500,-1.653
0.04527000,-1.672
0.04527500,-1.690
0.04528000,-1.714
0.04528500,-1.722
0.04529000,-1.727
0.04529500,-1.730
0.04530000,-1.743
0.04530500,-1.735
0.04531000,-1.722
0.04531500,-1.735
0.04532000,-1.721
0.04532500,-1.708
0.04533000,-1.695
0.04533500,-1.669
0.04534000,-1.661
0.04534500,-1.614
0.04535000,-1.632
0.04535500,-1.626
0.04536000,-1.647
0.04536500,-1.666
0.04537000,-1.677
0.04537500,-1.703
0.04538000,-1.727
0.04538500,-1.764
0.04539000,-1.792
0.04539500,-1.817
0.04540000,-1.843
0.04540500,-1.870
0.04541000,-1.882
0.04541500,-1.898
0.04542000,-1.909
0.04542500,-1.912
0.04543000,-1.936
0.04543500,-1.972
0.04544000,-1.990
0.04544500,-1.978
0.04545000,-1.970
0.04545500,-1.949
0.04546000,-1.943
0.04546500,-1.932
0.04547000,-1.922
0.04547500,-1.914
0.04548000,-1.917
0.04548500,-1.925
0.04549000,-1.940
0.04549500,-1.961
0.04550000,-1.981
0.04550500,-2.001
0.04551000,-2.009
0.04551500,-2.033
0.04552000,-2.059
0.04552500,-2.081
0.04553000,-2.084
0.04553500,-2.093
0.04554000,-2.097
0.04554500,-2.084
0.04555000,-2.088
0.04555500,-2.070
0.04556000,-2.051
0.04556500,-2.054
0.04557000,-2.014
0.04557500,-1.996
0.04558000,-1.948
0.04558500,-1.909
0.04559000,-1.885
0.04559500,-1.862
0.04560000,-1.829
0.04560500,-1.788
0.04561000,-1.758
0.04561500,-1.772
0.04562000,-1.763
0.04562500,-1.803
0.04563000,-1.808
0.04563500,-1.838
0.04564000,-1.861
0.04564500,-1.898
0.04565000,-1.930
0.04565500,-1.965
0.04566000,-2.001
0.04566500,-1.985
0.04567000,-1.981
0.04567500,-1.985
0.04568000,-1.977
0.04568500,-1.949
0.04569000,-1.938
0.04569500,-1.919
0.04570000,-1.898
0.04570500,-1.867
0.04571000,-1.819
0.04571500,-1.798
0.04572000,-1.763
0.04572500,-1.748
0.04573000,-1.717
0.04573500,-1.680
0.04574000,-1.669
0.04574500,-1.664
0.04575000,-1.664
0.04575500,-1.680
0.04576000,-1.717
0.04576500,-1.761
0.04577000,-1.790
0.04577500,-1.838
0.04578000,-1.875
0.04578500,-1.922
0.04579000,-1.946
0.04579500,-1.988
0.04580000,-1.981
0.04580500,-2.010
0.04581000,-1.986
0.04581500,-2.018
0.04582000,-2.018
0.04582500,-2.002
0.04583000,-1.983
0.04583500,-1.941
0.04584000,-1.927
0.04584500,-1.882
0.04585000,-1.874
0.04585500,-1.870
0.04586000,-1.858
0.04586500,-1.780
0.04587000,-1.801
0.04587500,-1.779
0.04588000,-1.822
0.04588500,-1.845
0.04589000,-1.864
0.04589500,-1.898
0.04590000,-1.930
0.04590500,-1.973
0.04591000,-2.001
0.04591500,-2.047
0.04592000,-2.072
0.04592500,-2.091
0.04593000,-2.105
0.04593500,-2.133
0.04594000,-2.118
0.04594500,-2.162
0.04595000,-2.155
0.04595500,-2.155
0.04596000,-2.142
0.04596500,-2.128
0.04597000,-2.096
0.04597500,-2.099
0.04598000,-2.080
0.04598500,-2.067
0.04599000,-2.017
0.04599500,-2.036
0.04600000,-2.025
0.04600500,-2.030
0.04601000,-2.059
0.04601500,-2.089
0.04602000,-2.113
0.04602500,-2.154
0.04603000,-2.181
0.04603500,-2.228
0.04604000,-2.250
0.04604500,-2.278
0.04605000,-2.307
0.04605500,-2.321
0.04606000,-2.315
0.04606500,-2.344
0.04607000,-2.334
0.04607500,-2.353
0.04608000,-2.337
0.04608500,-2.302
0.04609000,-2.263
0.04609500,-2.226
0.04610000,-2.194
0.04610500,-2.163
0.04611000,-2.173
0.04611500,-2.155
0.04612000,-2.155
0.04612500,-2.160
0.04613000,-2.176
0.04613500,-2.196
0.04614000,-2.228
0.04614500,-2.249
0.04615000,-2.294
0.04615500,-2.323
0.04616000,-2.377
0.04616500,-2.397
0.04617000,-2.432
0.04617500,-2.447
0.04618000,-2.469
0.04618500,-2.442
0.04619000,-2.435
0.04619500,-2.419
0.04620000,-2.453
0.04620500,-2.447
0.04621000,-2.431
0.04621500,-2.392
0.04622000,-2.355
0.04622500,-2.321
0.04623000,-2.307
0.04623500,-2.299
0.04624000,-2.279
0.04624500,-2.279
0.04625000,-2.278
0.04625500,-2.305
0.04626000,-2.315
0.04626500,-2.337
0.04627000,-2.352
0.04627500,-2.392
0.04628000,-2.418
0.04628500,-2.432
0.04629000,-2.476
0.04629500,-2.492
0.04630000,-2.527
0.04630500,-2.529
0.04631000,-2.553
0.04631500,-2.548
0.04632000,-2.577
0.04632500,-2.564
0.04633000,-2.609
0.04633500,-2.579
0.04634000,-2.540
0.04634500,-2.487
0.04635000,-2.435
0.04635500,-2.418
0.04636000,-2.360
0.04636500,-2.348
0.04637000,-2.305
0.04637500,-2.299
0.04638000,-2.292
0.04638500,-2.292
0.04639000,-2.323
0.04639500,-2.339
0.04640000,-2.392
0.04640500,-2.411
0.04641000,-2.471
0.04641500,-2.500
0.04642000,-2.543
0.04642500,-2.574
0.04643000,-2.585
0.04643500,-2.585
0.04644000,-2.545
0.04644500,-2.542
0.04645000,-2.503
0.04645500,-2.500
0.04646000,-2.472
0.04646500,-2.443
0.04647000,-2.419
0.04647500,-2.376
0.04648000,-2.353
0.04648500,-2.300
0.04649000,-2.292
0.04649500,-2.260
0.04650000,-2.239
0.04650500,-2.229
0.04651000,-2.223
0.04651500,-2.229
0.04652000,-2.225
0.04652500,-2.289
0.04653000,-2.303
0.04653500,-2.339
0.04654000,-2.384
0.04654500,-2.424
0.04655000,-2.461
0.04655500,-2.479
0.04656000,-2.482
0.04656500,-2.489
0.04657000,-2.445
0.04657500,-2.448
0.04658000,-2.418
0.04658500,-2.416
0.04659000,-2.410
0.04659500,-2.379
0.04660000,-2.366
0.04660500,-2.321
0.04661000,-2.316
0.04661500,-2.302
0.04662000,-2.299
0.04662500,-2.316
0.04663000,-2.316
0.04663500,-2.328
0.04664000,-2.328
0.04664500,-2.357
0.04665000,-2.373
0.04665500,-2.395
0.04666000,-2.442
0.04666500,-2.463
0.04667000,-2.509
0.04667500,-2.543
0.04668000,-2.580
0.04668500,-2.619
0.04669000,-2.627
0.04669500,-2.629
0.04670000,-2.603
0.04670500,-2.584
0.04671000,-2.569
0.04671500,-2.529
0.04672000,-2.472
0.04672500,-2.406
0.04673000,-2.357
0.04673500,-2.299
0.04674000,-2.265
0.04674500,-2.254
0.04675000,-2.226
0.04675500,-2.239
0.04676000,-2.213
0.04676500,-2.241
0.04677000,-2.252
0.04677500,-2.270
0.04678000,-2.300
0.04678500,-2.324
0.04679000,-2.368
0.04679500,-2.392
0.04680000,-2.418
0.04680500,-2.456
0.04681000,-2.481
0.04681500,-2.501
0.04682000,-2.524
0.04682500,-2.526
0.04683000,-2.559
0.04683500,-2.558
0.04684000,-2.577
0.04684500,-2.553
0.04685000,-2.524
0.04685500,-2.484
0.04686000,-2.419
0.04686500,-2.405
0.04687000,-2.360
0.04687500,-2.344
0.04688000,-2.334
0.04688500,-2.339
0.04689000,-2.369
0.04689500,-2.363
0.04690000,-2.384
0.04690500,-2.403
0.04691000,-2.421
0.04691500,-2.460
0.04692000,-2.485
0.04692500,-2.534
0.04693000,-2.577
0.04693500,-2.596
0.04694000,-2.637
0.04694500,-2.666
0.04695000,-2.662
0.04695500,-2.683
0.04696000,-2.680
0.04696500,-2.735
0.04697000,-2.727
0.04697500,-2.709
0.04698000,-2.675
0.04698500,-2.629
0.04699000,-2.617
0.04699500,-2.584
0.04700000,-2.575
0.04700500,-2.579
0.04701000,-2.585
0.04701500,-2.585
0.04702000,-2.585
0.04702500,-2.603
0.04703000,-2.619
0.04703500,-2.633
0.04704000,-2.672
0.04704500,-2.704
0.04705000,-2.730
0.04705500,-2.767
0.04706000,-2.791
0.04706500,-2.833
0.04707000,-2.838
0.04707500,-2.849
0.04708000,-2.831
0.04708500,-2.836
0.04709000,-2.844
0.04709500,-2.860
0.04710000,-2.825
0.04710500,-2.782
0.04711000,-2.722
0.04711500,-2.667
0.04712000,-2.616
0.04712500,-2.595
0.04713000,-2.551
0.04713500,-2.516
0.04714000,-2.513
0.04714500,-2.501
0.04715000,-2.503
0.04715500,-2.535
0.04716000,-2.545
0.04716500,-2.603
0.04717000,-2.629
0.04717500,-2.674
0.04718000,-2.719
0.04718500,-2.770
0.04719000,-2.809
0.04719500,-2.828
0.04720000,-2.841
0.04720500,-2.846
0.04721000,-2.835
0.04721500,-2.857
0.04722000,-2.865
0.04722500,-2.868
0.04723000,-2.811
0.04723500,-2.772
0.04724000,-2.707
0.04724500,-2.659
0.04725000,-2.621
0.04725500,-2.572
0.04726000,-2.551
0.04726500,-2.545
0.04727000,-2.530
0.04727500,-2.535
0.04728000,-2.529
0.04728500,-2.558
0.04729000,-2.592
0.04729500,-2.606
0.04730000,-2.666
0.04730500,-2.704
0.04731000,-2.756
0.04731500,-2.793
0.04732000,-2.798
0.04732500,-2.831
0.04733000,-2.798
0.04733500,-2.814
0.04734000,-2.790
0.04734500,-2.753
0.04735000,-2.738
0.04735500,-2.709
0.04736000,-2.677
0.04736500,-2.632
0.04737000,-2.580
0.04737500,-2.542
0.04738000,-2.527
0.04738500,-2.518
0.04739000,-2.498
0.04739500,-2.492
0.04740000,-2.498
0.04740500,-2.501
0.04741000,-2.519
0.04741500,-2.532
0.04742000,-2.563
0.04742500,-2.600
0.04743000,-2.630
0.04743500,-2.675
0.04744000,-2.701
0.04744500,-2.740
0.04745000,-2.762
0.04745500,-2.765
0.04746000,-2.773
0.04746500,-2.757
0.04747000,-2.738
0.04747500,-2.733
0.04748000,-2.695
0.04748500,-2.664
0.04749000,-2.585
0.04749500,-2.532
0.04750000,-2.489
0.04750500,-2.447
0.04751000,-2.435
0.04751500,-2.402
0.04752000,-2.373
0.04752500,-2.339
0.04753000,-2.336
0.04753500,-2.311
0.04754000,-2.339
0.04754500,-2.374
0.04755000,-2.384
0.04755500,-2.416
0.04756000,-2.456
0.04756500,-2.476
0.04757000,-2.503
0.04757500,-2.587
0.04758000,-2.580
0.04758500,-2.604
0.04759000,-2.598
0.04759500,-2.596
0.04760000,-2.567
0.04760500,-2.585
0.04761000,-2.550
0.04761500,-2.505
0.04762000,-2.484
0.04762500,-2.419
0.04763000,-2.423
0.04763500,-2.394
0.04764000,-2.411
0.04764500,-2.426
0.04765000,-2.445
0.04765500,-2.448
0.04766000,-2.455
0.04766500,-2.484
0.04767000,-2.505
0.04767500,-2.532
0.04768000,-2.580
0.04768500,-2.596
0.04769000,-2.629
0.04769500,-2.635
0.04770000,-2.659
0.04770500,-2.675
0.04771000,-2.658
0.04771500,-2.653
0.04772000,-2.630
0.04772500,-2.674
0.04773000,-2.658
0.04773500,-2.679
0.04774000,-2.641
0.04774500,-2.604
0.04775000,-2.559
0.04775500,-2.535
0.04776000,-2.522
0.04776500,-2.518
0.04777000,-2.516
0.04777500,-2.547
0.04778000,-2.567
0.04778500,-2.577
0.04779000,-2.590
0.04779500,-2.611
0.04780000,-2.654
0.04780500,-2.674
0.04781000,-2.706
0.04781500,-2.735
0.04782000,-2.765
0.04782500,-2.796
0.04783000,-2.793
0.04783500,-2.798
0.04784000,-2.741
0.04784500,-2.745
0.04785000,-2.757
0.04785500,-2.732
0.04786000,-2.717
0.04786500,-2.627
0.04787000,-2.569
0.04787500,-2.492
0.04788000,-2.426
0.04788500,-2.347
0.04789000,-2.310
0.04789500,-2.273
0.04790000,-2.268
0.04790500,-2.294
0.04791000,-2.289
0.04791500,-2.302
0.04792000,-2.320
0.04792500,-2.344
0.04793000,-2.386
0.04793500,-2.413
0.04794000,-2.479
0.04794500,-2.519
0.04795000,-2.559
0.04795500,-2.587
0.04796000,-2.608
0.04796500,-2.637
0.04797000,-2.630
0.04797500,-2.675
0.04798000,-2.667
0.04798500,-2.704
0.04799000,-2.701
0.04799500,-2.651
0.04800000,-2.643
0.04800500,-2.579
0.04801000,-2.545
0.04801500,-2.513
0.04802000,-2.508
0.04802500,-2.477
0.04803000,-2.464
0.04803500,-2.471
0.04804000,-2.421
0.04804500,-2.447
0.04805000,-2.435
0.04805500,-2.464
0.04806000,-2.511
0.04806500,-2.558
0.04807000,-2.627
0.04807500,-2.664
0.04808000,-2.724
0.04808500,-2.749
0.04809000,-2.775
0.04809500,-2.748
0.04810000,-2.778
0.04810500,-2.786
0.04811000,-2.765
0.04811500,-2.759
0.04812000,-2.677
0.04812500,-2.661
0.04813000,-2.587
0.04813500,-2.566
0.04814000,-2.514
0.04814500,-2.498
0.04815000,-2.464
0.04815500,-2.450
0.04816000,-2.455
0.04816500,-2.442
0.04817000,-2.450
0.04817500,-2.452
0.04818000,-2.484
0.04818500,-2.501
0.04819000,-2.547
0.04819500,-2.574
0.04820000,-2.613
0.04820500,-2.637
0.04821000,-2.669
0.04821500,-2.722
0.04822000,-2.725
0.04822500,-2.724
0.04823000,-2.759
0.04823500,-2.777
0.04824000,-2.765
0.04824500,-2.762
0.04825000,-2.703
0.04825500,-2.667
0.04826000,-2.606
0.04826500,-2.564
0.04827000,-2.538
0.04827500,-2.527
0.04828000,-2.522
0.04828500,-2.500
0.04829000,-2.485
0.04829500,-2.498
0.04830000,-2.511
0.04830500,-2.547
0.04831000,-2.574
0.04831500,-2.616
0.04832000,-2.646
0.04832500,-2.680
0.04833000,-2.717
0.04833500,-2.753
0.04834000,-2.767
0.04834500,-2.769
0.04835000,-2.759
0.04835500,-2.753
0.04836000,-2.733
0.04836500,-2.735
0.04837000,-2.724
0.04837500,-2.688
0.04838000,-2.648
0.04838500,-2.582
0.04839000,-2.545
0.04839500,-2.514
0.04840000,-2.503
0.04840500,-2.481
0.04841000,-2.481
0.04841500,-2.490
0.04842000,-2.481
0.04842500,-2.489
0.04843000,-2.503
0.04843500,-2.532
0.04844000,-2.551
0.04844500,-2.580
0.04845000,-2.622
0.04845500,-2.670
0.04846000,-2.707
0.04846500,-2.730
0.04847000,-2.746
0.04847500,-2.751
0.04848000,-2.756
0.04848500,-2.754
0.04849000,-2.780
0.04849500,-2.783
0.04850000,-2.770
0.04850500,-2.722
0.04851000,-2.682
0.04851500,-2.646
0.04852000,-2.619
0.04852500,-2.596
0.04853000,-2.588
0.04853500,-2.582
0.04854000,-2.582
0.04854500,-2.580
0.04855000,-2.587
0.04855500,-2.601
0.04856000,-2.614
0.04856500,-2.633
0.04857000,-2.654
0.04857500,-2.688
0.04858000,-2.706
0.04858500,-2.720
0.04859000,-2.738
0.04859500,-2.741
0.04860000,-2.741
0.04860500,-2.720
0.04861000,-2.695
0.04861500,-2.664
0.04862000,-2.654
0.04862500,-2.598
0.04863000,-2.542
0.04863500,-2.468
0.04864000,-2.395
0.04864500,-2.340
0.04865000,-2.310
0.04865500,-2.286
0.04866000,-2.265
0.04866500,-2.249
0.04867000,-2.252
0.04867500,-2.245
0.04868000,-2.255
0.04868500,-2.273
0.04869000,-2.303
0.04869500,-2.332
0.04870000,-2.371
0.04870500,-2.402
0.04871000,-2.447
0.04871500,-2.490
0.04872000,-2.524
0.04872500,-2.537
0.04873000,-2.542
0.04873500,-2.547
0.04874000,-2.521
0.04874500,-2.482
0.04875000,-2.464
0.04875500,-2.405
0.04876000,-2.369
0.04876500,-2.299
0.04877000,-2.255
0.04877500,-2.216
0.04878000,-2.184
0.04878500,-2.170
0.04879000,-2.162
0.04879500,-2.165
0.04880000,-2.163
0.04880500,-2.167
0.04881000,-2.186
0.04881500,-2.205
0.04882000,-2.233
0.04882500,-2.260
0.04883000,-2.305
0.04883500,-2.347
0.04884000,-2.379
0.04884500,-2.408
0.04885000,-2.421
0.04885500,-2.431
0.04886000,-2.439
0.04886500,-2.439
0.04887000,-2.439
0.04887500,-2.468
0.04888000,-2.432
0.04888500,-2.405
0.04889000,-2.363
0.04889500,-2.326
0.04890000,-2.294
0.04890500,-2.268
0.04891000,-2.268
0.04891500,-2.255
0.04892000,-2.255
0.04892500,-2.258
0.04893000,-2.263
0.04893500,-2.284
0.04894000,-2.291
0.04894500,-2.310
0.04895000,-2.334
0.04895500,-2.363
0.04896000,-2.382
0.04896500,-2.408
0.04897000,-2.434
0.04897500,-2.447
0.04898000,-2.456
0.04898500,-2.448
0.04899000,-2.437
0.04899500,-2.406
0.04900000,-2.397
0.04900500,-2.368
0.04901000,-2.348
0.04901500,-2.320
0.04902000,-2.271
0.04902500,-2.244
0.04903000,-2.218
0.04903500,-2.207
0.04904000,-2.192
0.04904500,-2.194
0.04905000,-2.204
0.04905500,-2.204
0.04906000,-2.212
0.04906500,-2.233
0.04907000,-2.257
0.04907500,-2.279
0.04908000,-2.297
0.04908500,-2.316
0.04909000,-2.345
0.04909500,-2.361
0.04910000,-2.374
0.04910500,-2.387
0.04911000,-2.394
0.04911500,-2.395
0.04912000,-2.408
0.04912500,-2.400
0.04913000,-2.416
0.04913500,-2.373
0.04914000,-2.320
0.04914500,-2.266
0.04915000,-2.223
0.04915500,-2.188
0.04916000,-2.146
0.04916500,-2.146
0.04917000,-2.150
0.04917500,-2.142
0.04918000,-2.134
0.04918500,-2.136
0.04919000,-2.144
0.04919500,-2.165
0.04920000,-2.179
0.04920500,-2.200
0.04921000,-2.226
0.04921500,-2.250
0.04922000,-2.273
0.04922500,-2.297
0.04923000,-2.318
0.04923500,-2.318
0.04924000,-2.307
0.04924500,-2.331
0.04925000,-2.336
0.04925500,-2.348
0.04926000,-2.331
0.04926500,-2.295
0.04927000,-2.260
0.04927500,-2.207
0.04928000,-2.175
0.04928500,-2.142
0.04929000,-2.128
0.04929500,-2.109
0.04930000,-2.102
0.04930500,-2.107
0.04931000,-2.104
0.04931500,-2.109
0.04932000,-2.110
0.04932500,-2.131
0.04933000,-2.144
0.04933500,-2.162
0.04934000,-2.186
0.04934500,-2.208
0.04935000,-2.220
0.04935500,-2.236
0.04936000,-2.234
0.04936500,-2.241
0.04937000,-2.249
0.04937500,-2.257
0.04938000,-2.257
0.04938500,-2.268
0.04939000,-2.228
0.04939500,-2.197
0.04940000,-2.122
0.04940500,-2.097
0.04941000,-2.056
0.04941500,-2.028
0.04942000,-2.002
0.04942500,-1.998
0.04943000,-1.985
0.04943500,-1.977
0.04944000,-1.973
0.04944500,-1.990
0.04945000,-2.004
0.04945500,-2.027
0.04946000,-2.041
0.04946500,-2.075
0.04947000,-2.102
0.04947500,-2.128
0.04948000,-2.142
0.04948500,-2.168
0.04949000,-2.157
0.04949500,-2.149
0.04950000,-2.154
0.04950500,-2.144
0.04951000,-2.141
0.04951500,-2.122
0.04952000,-2.068
0.04952500,-2.031
0.04953000,-1.975
0.04953500,-1.938
0.04954000,-1.891
0.04954500,-1.867
0.04955000,-1.837
0.04955500,-1.817
0.04956000,-1.806
0.04956500,-1.803
0.04957000,-1.801
0.04957500,-1.808
0.04958000,-1.817
0.04958500,-1.837
0.04959000,-1.859
0.04959500,-1.878
0.04960000,-1.903
0.04960500,-1.928
0.04961000,-1.933
0.04961500,-1.936
0.04962000,-1.940
0.04962500,-1.951
0.04963000,-1.952
0.04963500,-1.948
0.04964000,-1.948
0.04964500,-1.912
0.04965000,-1.874
0.04965500,-1.798
0.04966000,-1.782
0.04966500,-1.746
0.04967000,-1.724
0.04967500,-1.693
0.04968000,-1.692
0.04968500,-1.697
0.04969000,-1.679
0.04969500,-1.677
0.04970000,-1.674
0.04970500,-1.688
0.04971000,-1.690
0.04971500,-1.700
0.04972000,-1.719
0.04972500,-1.735
0.04973000,-1.753
0.04973500,-1.751
0.04974000,-1.759
0.04974500,-1.769
0.04975000,-1.764
0.04975500,-1.772
0.04976000,-1.777
0.04976500,-1.766
0.04977000,-1.745
0.04977500,-1.695
0.04978000,-1.656
0.04978500,-1.619
0.04979000,-1.587
0.04979500,-1.558
0.04980000,-1.555
0.04980500,-1.539
0.04981000,-1.527
0.04981500,-1.519
0.04982000,-1.508
0.04982500,-1.513
0.04983000,-1.505
0.04983500,-1.515
0.04984000,-1.524
0.04984500,-1.532
0.04985000,-1.544
0.04985500,-1.548
0.04986000,-1.563
0.04986500,-1.573
0.04987000,-1.581
0.04987500,-1.577
0.04988000,-1.581
0.04988500,-1.573
0.04989000,-1.563
0.04989500,-1.548
0.04990000,-1.536
0.04990500,-1.503
0.04991000,-1.473
0.04991500,-1.439
0.04992000,-1.423
0.04992500,-1.400
0.04993000,-1.412
0.04993500,-1.428
0.04994000,-1.437
0.04994500,-1.439
0.04995000,-1.436
0.04995500,-1.426
0.04996000,-1.449
0.04996500,-1.460
0.04997000,-1.473
0.04997500,-1.474
0.04998000,-1.495
0.04998500,-1.505
0.04999000,-1.513
0.04999500,-1.521
0.05000000,-1.523
0.05000500,-1.519
0.05001000,-1.508
0.05001500,-1.519
0.05002000,-1.537
0.05002500,-1.532
0.05003000,-1.518
0.05003500,-1.482
0.05004000,-1.481
0.05004500,-1.466
0.05005000,-1.460
0.05005500,-1.466
0.05006000,-1.487
0.05006500,-1.508
0.05007000,-1.510
0.05007500,-1.513
0.05008000,-1.524
0.05008500,-1.529
0.05009000,-1.540
0.05009500,-1.542
0.05010000,-1.552
0.05010500,-1.552
0.05011000,-1.556
0.05011500,-1.553
0.05012000,-1.556
0.05012500,-1.548
0.05013000,-1.531
0.05013500,-1.513
0.05014000,-1.494
0.05014500,-1.473
0.05015000,-1.455
0.05015500,-1.421
0.05016000,-1.391
0.05016500,-1.357
0.05017000,-1.328
0.05017500,-1.299
0.05018000,-1.299
0.05018500,-1.299
0.05019000,-1.304
0.05019500,-1.299
0.05020000,-1.301
0.05020500,-1.302
0.05021000,-1.305
0.05021500,-1.317
0.05022000,-1.328
0.05022500,-1.339
0.05023000,-1.347
0.05023500,-1.357
0.05024000,-1.373
0.05024500,-1.376
0.05025000,-1.350
0.05025500,-1.347
0.05026000,-1.342
0.05026500,-1.323
0.05027000,-1.326
0.05027500,-1.333
0.05028000,-1.329
0.05028500,-1.309
0.05029000,-1.281
0.05029500,-1.265
0.05030000,-1.257
0.05030500,-1.251
0.05031000,-1.254
0.05031500,-1.257
0.05032000,-1.257
0.05032500,-1.254
0.05033000,-1.244
0.05033500,-1.243
0.05034000,-1.249
0.05034500,-1.251
0.05035000,-1.251
0.05035500,-1.263
0.05036000,-1.272
0.05036500,-1.275
0.05037000,-1.281
0.05037500,-1.281
0.05038000,-1.278
0.05038500,-1.280
0.05039000,-1.272
0.05039500,-1.284
0.05040000,-1.302
0.05040500,-1.284
0.05041000,-1.262
0.05041500,-1.235
0.05042000,-1.220
0.05042500,-1.191
0.05043000,-1.178
0.05043500,-1.186
0.05044000,-1.185
0.05044500,-1.186
0.05045000,-1.177
0.05045500,-1.183
0.05046000,-1.193
0.05046500,-1.197
0.05047000,-1.202
0.05047500,-1.209
0.05048000,-1.223
0.05048500,-1.226
0.05049000,-1.228
0.05049500,-1.239
0.05050000,-1.239
0.05050500,-1.233
0.05051000,-1.225
0.05051500,-1.220
0.05052000,-1.210
0.05052500,-1.210
0.05053000,-1.202
0.05053500,-1.173
0.05054000,-1.152
0.05054500,-1.112
0.05055000,-1.094
0.05055500,-1.075
0.05056000,-1.070
0.05056500,-1.054
0.05057000,-1.020
0.05057500,-1.028
0.05058000,-1.008
0.05058500,-1.019
0.05059000,-1.017
0.05059500,-1.035
0.05060000,-1.046
0.05060500,-1.049
0.05061000,-1.057
0.05061500,-1.064
0.05062000,-1.070
0.05062500,-1.069
0.05063000,-1.065
0.05063500,-1.074
0.05064000,-1.069
0.05064500,-1.069
0.05065000,-1.062
0.05065500,-1.077
0.05066000,-1.069
0.05066500,-1.053
0.05067000,-1.036
0.05067500,-1.017
0.05068000,-1.022
0.05068500,-1.014
0.05069000,-0.995
0.05069500,-1.014
0.05070000,-1.020
0.05070500,-1.022
0.05071000,-1.024
0.05071500,-1.028
0.05072000,-1.036
0.05072500,-1.043
0.05073000,-1.045
0.05073500,-1.057
0.05074000,-1.057
0.05074500,-1.056
0.05075000,-1.054
0.05075500,-1.062
0.05076000,-1.051
0.05076500,-1.041
0.05077000,-1.040
0.05077500,-1.054
0.05078000,-1.062
0.05078500,-1.059
0.05079000,-1.045
0.05079500,-1.038
0.05080000,-1.012
0.05080500,-1.001
0.05081000,-0.996
0.05081500,-1.003
0.05082000,-0.987
0.05082500,-0.999
0.05083000,-0.993
0.05083500,-1.006
0.05084000,-1.004
0.05084500,-1.004
0.05085000,-1.014
0.05085500,-1.017
0.05086000,-1.017
0.05086500,-1.011
0.05087000,-1.008
0.05087500,-1.012
0.05088000,-1.003
0.05088500,-0.985
0.05089000,-0.983
0.05089500,-0.990
0.05090000,-0.985
0.05090500,-0.982
0.05091000,-0.990
0.05091500,-0.987
0.05092000,-0.967
0.05092500,-0.942
0.05093000,-0.932
0.05093500,-0.924
0.05094000,-0.917
0.05094500,-0.908
0.05095000,-0.903
0.05095500,-0.922
0.05096000,-0.908
0.05096500,-0.914
0.05097000,-0.914
0.05097500,-0.925
0.05098000,-0.930
0.05098500,-0.929
0.05099000,-0.933
0.05099500,-0.946
0.05100000,-0.935
0.05100500,-0.927
0.05101000,-0.929
0.05101500,-0.908
0.05102000,-0.898
0.05102500,-0.887
0.05103000,-0.880
0.05103500,-0.888
0.05104000,-0.872
0.05104500,-0.850
0.05105000,-0.830
0.05105500,-0.821
0.05106000,-0.801
0.05106500,-0.789
0.05107000,-0.793
0.05107500,-0.781
0.05108000,-0.797
0.05108500,-0.776
0.05109000,-0.784
0.05109500,-0.785
0.05110000,-0.785
0.05110500,-0.785
0.05111000,-0.790
0.05111500,-0.795
0.05112000,-0.798
0.05112500,-0.790
0.05113000,-0.798
0.05113500,-0.795
0.05114000,-0.777
0.05114500,-0.771
0.05115000,-0.782
0.05115500,-0.777
0.05116000,-0.790
0.05116500,-0.774
0.05117000,-0.772
0.05117500,-0.766
0.05118000,-0.752
0.05118500,-0.740
0.05119000,-0.732
0.05119500,-0.726
0.05120000,-0.718
0.05120500,-0.723
0.05121000,-0.724
0.05121500,-0.724
0.05122000,-0.727
0.05122500,-0.718
0.05123000,-0.732
0.05123500,-0.729
0.05124000,-0.734
0.05124500,-0.727
0.05125000,-0.739
0.05125500,-0.735
0.05126000,-0.729
0.05126500,-0.715
0.05127000,-0.711
0.05127500,-0.700
0.05128000,-0.698
0.05128500,-0.690
0.05129000,-0.690
0.05129500,-0.673
0.05130000,-0.652
0.05130500,-0.632
0.05131000,-0.626
0.05131500,-0.603
0.05132000,-0.592
0.05132500,-0.602
0.05133000,-0.595
0.05133500,-0.628
0.05134000,-0.624
0.05134500,-0.612
0.05135000,-0.624
0.05135500,-0.623
0.05136000,-0.632
0.05136500,-0.621
0.05137000,-0.632
0.05137500,-0.628
0.05138000,-0.629
0.05138500,-0.623
0.05139000,-0.624
0.05139500,-0.613
0.05140000,-0.612
0.05140500,-0.597
0.05141000,-0.594
0.05141500,-0.597
0.05142000,-0.591
0.05142500,-0.576
0.05143000,-0.570
0.05143500,-0.546
0.05144000,-0.539
0.05144500,-0.521
0.05145000,-0.523
0.05145500,-0.541
0.05146000,-0.554
0.05146500,-0.554
0.05147000,-0.558
0.05147500,-0.555
0.05148000,-0.554
0.05148500,-0.554
0.05149000,-0.563
0.05149500,-0.563
0.05150000,-0.554
0.05150500,-0.554
0.05151000,-0.560
0.05151500,-0.562
0.05152000,-0.565
0.05152500,-0.547
0.05153000,-0.557
0.05153500,-0.536
0.05154000,-0.536
0.05154500,-0.529
0.05155000,-0.533
0.05155500,-0.520
0.05156000,-0.502
0.05156500,-0.489
0.05157000,-0.484
0.05157500,-0.483
0.05158000,-0.505
0.05158500,-0.508
0.05159000,-0.518
0.05159500,-0.504
0.05160000,-0.512
0.05160500,-0.517
0.05161000,-0.521
0.05161500,-0.525
0.05162000,-0.521
0.05162500,-0.517
0.05163000,-0.518
0.05163500,-0.520
0.05164000,-0.513
0.05164500,-0.517
0.05165000,-0.510
0.05165500,-0.496
0.05166000,-0.489
0.05166500,-0.484
0.05167000,-0.473
0.05167500,-0.447
0.05168000,-0.428
0.05168500,-0.420
0.05169000,-0.399
0.05169500,-0.389
0.05170000,-0.376
0.05170500,-0.391
0.05171000,-0.405
0.05171500,-0.405
0.05172000,-0.394
0.05172500,-0.394
0.05173000,-0.399
0.05173500,-0.397
0.05174000,-0.393
0.05174500,-0.397
0.05175000,-0.396
0.05175500,-0.393
0.05176000,-0.381
0.05176500,-0.385
0.05177000,-0.380
0.05177500,-0.367
0.05178000,-0.347
0.05178500,-0.347
0.05179000,-0.349
0.05179500,-0.341
0.05180000,-0.325
0.05180500,-0.325
0.05181000,-0.314
0.05181500,-0.296
0.05182000,-0.285
0.05182500,-0.288
0.05183000,-0.290
0.05183500,-0.290
0.05184000,-0.307
0.05184500,-0.317
0.05185000,-0.299
0.05185500,-0.314
0.05186000,-0.290
0.05186500,-0.306
0.05187000,-0.301
0.05187500,-0.296
0.05188000,-0.290
0.05188500,-0.291
0.05189000,-0.291
0.05189500,-0.280
0.05190000,-0.277
0.05190500,-0.273
0.05191000,-0.280
0.05191500,-0.262
0.05192000,-0.257
0.05192500,-0.257
0.05193000,-0.253
0.05193500,-0.244
0.05194000,-0.232
0.05194500,-0.240
0.05195000,-0.236
0.05195500,-0.230
0.05196000,-0.254
0.05196500,-0.273
0.05197000,-0.256
0.05197500,-0.261
0.05198000,-0.254
0.05198500,-0.269
0.05199000,-0.257
0.05199500,-0.249
0.05200000,-0.251
0.05200500,-0.241
0.05201000,-0.248
0.05201500,-0.236
0.05202000,-0.233
0.05202500,-0.228
0.05203000,-0.224
0.05203500,-0.217
0.05204000,-0.211
0.05204500,-0.207
0.05205000,-0.211
0.05205500,-0.204
0.05206000,-0.203
0.05206500,-0.199
0.05207000,-0.190
0.05207500,-0.193
0.05208000,-0.188
0.05208500,-0.190
0.05209000,-0.195
0.05209500,-0.204
0.05210000,-0.196
0.05210500,-0.203
0.05211000,-0.199
0.05211500,-0.177
0.05212000,-0.191
0.05212500,-0.196
0.05213000,-0.183
0.05213500,-0.169
0.05214000,-0.167
0.05214500,-0.178
0.05215000,-0.164
0.05215500,-0.149
0.05216000,-0.148
0.05216500,-0.148
0.05217000,-0.127
0.05217500,-0.132
0.05218000,-0.137
0.05218500,-0.121
0.05219000,-0.121
0.05219500,-0.112
0.05220000,-0.111
0.05220500,-0.112
0.05221000,-0.121
0.05221500,-0.106
0.05222000,-0.122
0.05222500,-0.130
0.05223000,-0.122
0.05223500,-0.121
0.05224000,-0.114
0.05224500,-0.119
0.05225000,-0.109
0.05225500,-0.109
0.05226000,-0.104
0.05226500,-0.098
0.05227000,-0.096
0.05227500,-0.098
0.05228000,-0.092
0.05228500,-0.087
0.05229000,-0.080
0.05229500,-0.077
0.05230000,-0.069
0.05230500,-0.064
0.05231000,-0.056
0.05231500,-0.050
0.05232000,-0.038
0.05232500,-0.030
0.05233000,-0.030
0.05233500,-0.026
0.05234000,-0.040
0.05234500,-0.051
0.05235000,-0.058
0.05235500,-0.043
0.05236000,-0.048
0.05236500,-0.040
0.05237000,-0.048
0.05237500,-0.042
0.05238000,-0.038
0.05238500,-0.030
0.05239000,-0.027
0.05239500,-0.026
0.05240000,-0.022
0.05240500,-0.016
0.05241000,-0.008
0.05241500,-0.006
0.05242000,0.000
0.05242500,0.008
0.05243000,0.013
0.05243500,0.020
0.05244000,0.024
0.05244500,0.039
0.05245000,0.037
0.05245500,0.037
0.05246000,0.031
0.05246500,0.049
0.05247000,0.044
0.05247500,0.013
0.05248000,0.021
0.05248500,0.068
0.05249000,0.055
0.05249500,0.068
0.05250000,0.040
0.05250500,0.034
0.05251000,0.021
0.05251500,0.028
0.05252000,0.049
0.05252500,0.047
0.05253000,0.045
0.05253500,0.028
0.05254000,0.031
0.05254500,0.047
0.05255000,0.044
0.05255500,0.037
0.05256000,0.044
0.05256500,0.045
0.05257000,0.036
0.05257500,0.036
0.05258000,0.045
0.05258500,0.045
0.05259000,0.036
0.05259500,0.026
0.05260000,0.029
0.05260500,0.037
0.05261000,0.039
0.05261500,0.053
0.05262000,0.058
0.05262500,0.058
0.05263000,0.026
0.05263500,0.029
0.05264000,0.045
0.05264500,0.044
0.05265000,0.044
0.05265500,0.040
0.05266000,0.052
0.05266500,0.044
0.05267000,0.040
0.05267500,0.034
0.05268000,0.050
0.05268500,0.040
0.05269000,0.040
0.05269500,0.037
0.05270000,0.044
0.05270500,0.042
0.05271000,0.042
0.05271500,0.024
0.05272000,0.053
0.05272500,0.050
0.05273000,0.031
0.05273500,0.036
0.05274000,0.047
0.05274500,0.050
0.05275000,0.049
0.05275500,0.037
0.05276000,0.045
0.05276500,0.040
0.05277000,0.045
0.05277500,0.044
0.05278000,0.050
0.05278500,0.042
0.05279000,0.039
0.05279500,0.042
0.05280000,0.045
0.05280500,0.044
0.05281000,0.047
0.05281500,0.036
0.05282000,0.039
0.05282500,0.042
0.05283000,0.040
0.05283500,0.031
0.05284000,0.047
0.05284500,0.049
0.05285000,0.042
0.05285500,0.036
0.05286000,0.042
0.05286500,0.042
0.05287000,0.042
0.05287500,0.045
0.05288000,0.053
0.05288500,0.040
0.05289000,0.034
0.05289500,0.034
0.05290000,0.050
0.05290500,0.044
0.05291000,0.037
0.05291500,0.045
0.05292000,0.047
0.05292500,0.042
0.05293000,0.039
0.05293500,0.039
0.05294000,0.042
0.05294500,0.042
0.05295000,0.039
0.05295500,0.040
0.05296000,0.049
0.05296500,0.040
0.05297000,0.023
0.05297500,0.047
0.05298000,0.042
0.05298500,0.037
0.05299000,0.036
0.05299500,0.047
0.05300000,0.045
0.05300500,0.044
0.05301000,0.031
0.05301500,0.037
0.05302000,0.039
0.05302500,0.045
0.05303000,0.044
0.05303500,0.042
0.05304000,0.039
0.05304500,0.047
0.05305000,0.037
0.05305500,0.039
0.05306000,0.040
0.05306500,0.044
0.05307000,0.031
0.05307500,0.040
0.05308000,0.042
0.05308500,0.039
0.05309000,0.044
0.05309500,0.045
0.05310000,0.037
0.05310500,0.034
0.05311000,0.036
0.05311500,0.076
0.05312000,0.092
0.05312500,0.106
0.05313000,0.119
0.05313500,0.150
0.05314000,0.166
0.05314500,0.177
0.05315000,0.192
0.05315500,0.218
0.05316000,0.232
0.05316500,0.243
0.05317000,0.258
0.05317500,0.285
0.05318000,0.298
0.05318500,0.308
0.05319000,0.314
0.05319500,0.342
0.05320000,0.364
0.05320500,0.382
0.05321000,0.398
0.05321500,0.416
0.05322000,0.419
0.05322500,0.416
0.05323000,0.419
0.05323500,0.427
0.05324000,0.408
0.05324500,0.377
0.05325000,0.422
0.05325500,0.420
0.05326000,0.459
0.05326500,0.451
0.05327000,0.475
0.05327500,0.504
0.05328000,0.515
0.05328500,0.533
0.05329000,0.535
0.05329500,0.552
0.05330000,0.552
0.05330500,0.560
0.05331000,0.567
0.05331500,0.581
0.05332000,0.593
0.05332500,0.597
0.05333000,0.606
0.05333500,0.618
0.05334000,0.620
0.05334500,0.612
0.05335000,0.615
0.05335500,0.610
0.05336000,0.589
0.05336500,0.540
0.05337000,0.498
0.05337500,0.483
0.05338000,0.517
0.05338500,0.480
0.05339000,0.519
0.05339500,0.498
0.05340000,0.523
0.05340500,0.535
0.05341000,0.554
0.05341500,0.581
0.05342000,0.575
0.05342500,0.577
0.05343000,0.573
0.05343500,0.594
0.05344000,0.602
0.05344500,0.609
0.05345000,0.612
0.05345500,0.639
0.05346000,0.644
0.05346500,0.643
0.05347000,0.633
0.05347500,0.623
0.05348000,0.623
0.05348500,0.612
0.05349000,0.601
0.05349500,0.567
0.05350000,0.525
0.05350500,0.504
0.05351000,0.535
0.05351500,0.528
0.05352000,0.562
0.05352500,0.540
0.05353000,0.568
0.05353500,0.586
0.05354000,0.601
0.05354500,0.604
0.05355000,0.615
0.05355500,0.617
0.05356000,0.610
0.05356500,0.606
0.05357000,0.612
0.05357500,0.618
0.05358000,0.630
0.05358500,0.618
0.05359000,0.636
0.05359500,0.638
0.05360000,0.643
0.05360500,0.634
0.05361000,0.643
0.05361500,0.644
0.05362000,0.628
0.05362500,0.591
0.05363000,0.578
0.05363500,0.597
0.05364000,0.549
0.05364500,0.594
0.05365000,0.586
0.05365500,0.614
0.05366000,0.628
0.05366500,0.633
0.05367000,0.663
0.05367500,0.657
0.05368000,0.654
0.05368500,0.601
0.05369000,0.638
0.05369500,0.617
0.05370000,0.615
0.05370500,0.612
0.05371000,0.628
0.05371500,0.646
0.05372000,0.644
0.05372500,0.649
0.05373000,0.651
0.05373500,0.652
0.05374000,0.652
0.05374500,0.654
0.05375000,0.622
0.05375500,0.652
0.05376000,0.659
0.05376500,0.660
0.05377000,0.680
0.05377500,0.697
0.05378000,0.717
0.05378500,0.726
0.05379000,0.752
0.05379500,0.758
0.05380000,0.765
0.05380500,0.778
0.05381000,0.787
0.05381500,0.795
0.05382000,0.789
0.05382500,0.805
0.05383000,0.805
0.05383500,0.828
0.05384000,0.837
0.05384500,0.839
0.05385000,0.858
0.05385500,0.850
0.05386000,0.857
0.05386500,0.841
0.05387000,0.841
0.05387500,0.828
0.05388000,0.789
0.05388500,0.794
0.05389000,0.828
0.05389500,0.829
0.05390000,0.860
0.05390500,0.857
0.05391000,0.889
0.05391500,0.900
0.05392000,0.908
0.05392500,0.929
0.05393000,0.934
0.05393500,0.944
0.05394000,0.945
0.05394500,0.958
0.05395000,0.969
0.05395500,0.990
0.05396000,0.997
0.05396500,1.024
0.05397000,1.031
0.05397500,1.042
0.05398000,1.034
0.05398500,1.032
0.05399000,1.031
0.05399500,1.027
0.05400000,0.997
0.05400500,1.011
0.05401000,0.966
0.05401500,1.000
0.05402000,0.995
0.05402500,1.018
0.05403000,1.040
0.05403500,1.059
0.05404000,1.072
0.05404500,1.095
0.05405000,1.116
0.05405500,1.119
0.05406000,1.127
0.05406500,1.134
0.05407000,1.132
0.05407500,1.127
0.05408000,1.127
0.05408500,1.151
0.05409000,1.143
0.05409500,1.151
0.05410000,1.130
0.05410500,1.132
0.05411000,1.124
0.05411500,1.108
0.05412000,1.097
0.05412500,1.071
0.05413000,1.058
0.05413500,1.026
0.05414000,0.963
0.05414500,1.026
0.05415000,1.003
0.05415500,1.029
0.05416000,1.024
0.05416500,1.051
0.05417000,1.084
0.05417500,1.092
0.05418000,1.122
0.05418500,1.130
0.05419000,1.142
0.05419500,1.138
0.05420000,1.138
0.05420500,1.143
0.05421000,1.167
0.05421500,1.159
0.05422000,1.177
0.05422500,1.174
0.05423000,1.180
0.05423500,1.172
0.05424000,1.159
0.05424500,1.158
0.05425000,1.137
0.05425500,1.127
0.05426000,1.124
0.05426500,1.100
0.05427000,1.130
0.05427500,1.130
0.05428000,1.146
0.05428500,1.172
0.05429000,1.180
0.05429500,1.203
0.05430000,1.209
0.05430500,1.225
0.05431000,1.237
0.05431500,1.243
0.05432000,1.241
0.05432500,1.246
0.05433000,1.240
0.05433500,1.232
0.05434000,1.235
0.05434500,1.243
0.05435000,1.245
0.05435500,1.237
0.05436000,1.224
0.05436500,1.214
0.05437000,1.203
0.05437500,1.191
0.05438000,1.174
0.05438500,1.135
0.05439000,1.082
0.05439500,1.101
0.05440000,1.095
0.05440500,1.122
0.05441000,1.135
0.05441500,1.130
0.05442000,1.148
0.05442500,1.159
0.05443000,1.183
0.05443500,1.188
0.05444000,1.201
0.05444500,1.212
0.05445000,1.216
0.05445500,1.212
0.05446000,1.212
0.05446500,1.216
0.05447000,1.209
0.05447500,1.222
0.05448000,1.208
0.05448500,1.211
0.05449000,1.190
0.05449500,1.172
0.05450000,1.161
0.05450500,1.158
0.05451000,1.140
0.05451500,1.125
0.05452000,1.137
0.05452500,1.153
0.05453000,1.175
0.05453500,1.190
0.05454000,1.211
0.05454500,1.233
0.05455000,1.259
0.05455500,1.274
0.05456000,1.301
0.05456500,1.315
0.05457000,1.328
0.05457500,1.332
0.05458000,1.346
0.05458500,1.348
0.05459000,1.349
0.05459500,1.365
0.05460000,1.399
0.05460500,1.422
0.05461000,1.433
0.05461500,1.428
0.05462000,1.433
0.05462500,1.427
0.05463000,1.425
0.05463500,1.415
0.05464000,1.385
0.05464500,1.388
0.05465000,1.399
0.05465500,1.399
0.05466000,1.439
0.05466500,1.446
0.05467000,1.486
0.05467500,1.496
0.05468000,1.530
0.05468500,1.544
0.05469000,1.563
0.05469500,1.573
0.05470000,1.576
0.05470500,1.586
0.05471000,1.579
0.05471500,1.570
0.05472000,1.571
0.05472500,1.592
0.05473000,1.615
0.05473500,1.615
0.05474000,1.625
0.05474500,1.605
0.05475000,1.584
0.05475500,1.565
0.05476000,1.549
0.05476500,1.518
0.05477000,1.489
0.05477500,1.425
0.05478000,1.467
0.05478500,1.454
0.05479000,1.472
0.05479500,1.478
0.05480000,1.502
0.05480500,1.523
0.05481000,1.531
0.05481500,1.559
0.05482000,1.575
0.05482500,1.587
0.05483000,1.589
0.05483500,1.589
0.05484000,1.587
0.05484500,1.597
0.05485000,1.581
0.05485500,1.583
0.05486000,1.631
0.05486500,1.618
0.05487000,1.620
0.05487500,1.592
0.05488000,1.584
0.05488500,1.571
0.05489000,1.550
0.05489500,1.539
0.05490000,1.501
0.05490500,1.488
0.05491000,1.501
0.05491500,1.499
0.05492000,1.531
0.05492500,1.539
0.05493000,1.557
0.05493500,1.575
0.05494000,1.599
0.05494500,1.620
0.05495000,1.634
0.05495500,1.636
0.05496000,1.652
0.05496500,1.629
0.05497000,1.642
0.05497500,1.636
0.05498000,1.636
0.05498500,1.663
0.05499000,1.637
0.05499500,1.634
0.05500000,1.607
0.05500500,1.600
0.05501000,1.583
0.05501500,1.570
0.05502000,1.550
0.05502500,1.533
0.05503000,1.505
0.05503500,1.501
0.05504000,1.518
0.05504500,1.509
0.05505000,1.549
0.05505500,1.559
0.05506000,1.596
0.05506500,1.608
0.05507000,1.633
0.05507500,1.657
0.05508000,1.679
0.05508500,1.700
0.05509000,1.700
0.05509500,1.711
0.05510000,1.731
0.05510500,1.755
0.05511000,1.761
0.05511500,1.787
0.05512000,1.789
0.05512500,1.789
0.05513000,1.768
0.05513500,1.761
0.05514000,1.750
0.05514500,1.744
0.05515000,1.737
0.05515500,1.731
0.05516000,1.679
0.05516500,1.711
0.05517000,1.697
0.05517500,1.732
0.05518000,1.752
0.05518500,1.771
0.05519000,1.792
0.05519500,1.816
0.05520000,1.853
0.05520500,1.864
0.05521000,1.882
0.05521500,1.900
0.05522000,1.897
0.05522500,1.889
0.05523000,1.895
0.05523500,1.916
0.05524000,1.943
0.05524500,1.951
0.05525000,1.938
0.05525500,1.932
0.05526000,1.905
0.05526500,1.885
0.05527000,1.860
0.05527500,1.843
0.05528000,1.823
0.05528500,1.787
0.05529000,1.792
0.05529500,1.805
0.05530000,1.824
0.05530500,1.861
0.05531000,1.877
0.05531500,1.901
0.05532000,1.918
0.05532500,1.951
0.05533000,1.969
0.05533500,1.996
0.05534000,2.014
0.05534500,2.021
0.05535000,2.017
0.05535500,2.016
0.05536000,2.035
0.05536500,2.053
0.05537000,2.067
0.05537500,2.074
0.05538000,2.056
0.05538500,2.022
0.05539000,1.998
0.05539500,1.982
0.05540000,1.961
0.05540500,1.927
0.05541000,1.906
0.05541500,1.906
0.05542000,1.924
0.05542500,1.930
0.05543000,1.956
0.05543500,1.984
0.05544000,2.008
0.05544500,2.027
0.05545000,2.058
0.05545500,2.091
0.05546000,2.119
0.05546500,2.128
0.05547000,2.141
0.05547500,2.153
0.05548000,2.151
0.05548500,2.175
0.05549000,2.169
0.05549500,2.194
0.05550000,2.182
0.05550500,2.162
0.05551000,2.138
0.05551500,2.116
0.05552000,2.087
0.05552500,2.041
0.05553000,2.016
0.05553500,2.008
0.05554000,1.966
0.05554500,1.966
0.05555000,1.966
0.05555500,1.992
0.05556000,2.027
0.05556500,2.033
0.05557000,2.069
0.05557500,2.095
0.05558000,2.128
0.05558500,2.156
0.05559000,2.186
0.05559500,2.206
0.05560000,2.206
0.05560500,2.209
0.05561000,2.206
0.05561500,2.225
0.05562000,2.233
0.05562500,2.252
0.05563000,2.233
0.05563500,2.217
0.05564000,2.177
0.05564500,2.144
0.05565000,2.120
0.05565500,2.090
0.05566000,2.074
0.05566500,2.033
0.05567000,2.003
0.05567500,2.016
0.05568000,2.009
0.05568500,2.025
0.05569000,2.037
0.05569500,2.064
0.05570000,2.095
0.05570500,2.111
0.05571000,2.153
0.05571500,2.180
0.05572000,2.209
0.05572500,2.207
0.05573000,2.219
0.05573500,2.199
0.05574000,2.236
0.05574500,2.233
0.05575000,2.289
0.05575500,2.273
0.05576000,2.270
0.05576500,2.235
0.05577000,2.210
0.05577500,2.196
0.05578000,2.164
0.05578500,2.148
0.05579000,2.120
0.05579500,2.099
0.05580000,2.103
0.05580500,2.103
0.05581000,2.124
0.05581500,2.162
0.05582000,2.170
0.05582500,2.194
0.05583000,2.231
0.05583500,2.268
0.05584000,2.296
0.05584500,2.326
0.05585000,2.352
0.05585500,2.363
0.05586000,2.376
0.05586500,2.371
0.05587000,2.399
0.05587500,2.392
0.05588000,2.375
0.05588500,2.336
0.05589000,2.294
0.05589500,2.248
0.05590000,2.193
0.05590500,2.138
0.05591000,2.111
0.05591500,2.041
0.05592000,2.025
0.05592500,1.988
0.05593000,2.011
0.05593500,2.030
0.05594000,2.030
0.05594500,2.053
0.05595000,2.070
0.05595500,2.104
0.05596000,2.130
0.05596500,2.159
0.05597000,2.191
0.05597500,2.220
0.05598000,2.244
0.05598500,2.259
0.05599000,2.280
0.05599500,2.278
0.05600000,2.262
0.05600500,2.251
0.05601000,2.249
0.05601500,2.207
0.05602000,2.161
0.05602500,2.125
0.05603000,2.101
0.05603500,2.085
0.05604000,2.037
0.05604500,2.029
0.05605000,2.033
0.05605500,2.022
0.05606000,2.038
0.05606500,2.037
0.05607000,2.050
0.05607500,2.062
0.05608000,2.078
0.05608500,2.106
0.05609000,2.128
0.05609500,2.165
0.05610000,2.228
0.05610500,2.230
0.05611000,2.270
0.05611500,2.273
0.05612000,2.302
0.05612500,2.278
0.05613000,2.318
0.05613500,2.323
0.05614000,2.325
0.05614500,2.317
0.05615000,2.285
0.05615500,2.262
0.05616000,2.241
0.05616500,2.230
0.05617000,2.248
0.05617500,2.249
0.05618000,2.251
0.05618500,2.259
0.05619000,2.276
0.05619500,2.293
0.05620000,2.314
0.05620500,2.330
0.05621000,2.352
0.05621500,2.376
0.05622000,2.394
0.05622500,2.431
0.05623000,2.446
0.05623500,2.468
0.05624000,2.462
0.05624500,2.466
0.05625000,2.454
0.05625500,2.425
0.05626000,2.388
0.05626500,2.386
0.05627000,2.333
0.05627500,2.289
0.05628000,2.210
0.05628500,2.172
0.05629000,2.164
0.05629500,2.132
0.05630000,2.107
0.05630500,2.087
0.05631000,2.091
0.05631500,2.096
0.05632000,2.093
0.05632500,2.132
0.05633000,2.156
0.05633500,2.196
0.05634000,2.231
0.05634500,2.275
0.05635000,2.315
0.05635500,2.336
0.05636000,2.410
0.05636500,2.413
0.05637000,2.434
0.05637500,2.431
0.05638000,2.433
0.05638500,2.412
0.05639000,2.389
0.05639500,2.352
0.05640000,2.310
0.05640500,2.272
0.05641000,2.228
0.05641500,2.190
0.05642000,2.170
0.05642500,2.154
0.05643000,2.140
0.05643500,2.130
0.05644000,2.135
0.05644500,2.140
0.05645000,2.164
0.05645500,2.186
0.05646000,2.223
0.05646500,2.272
0.05647000,2.305
0.05647500,2.360
0.05648000,2.396
0.05648500,2.450
0.05649000,2.455
0.05649500,2.473
0.05650000,2.486
0.05650500,2.494
0.05651000,2.473
0.05651500,2.521
0.05652000,2.486
0.05652500,2.476
0.05653000,2.447
0.05653500,2.397
0.05654000,2.373
0.05654500,2.351
0.05655000,2.365
0.05655500,2.351
0.05656000,2.357
0.05656500,2.363
0.05657000,2.386
0.05657500,2.376
0.05658000,2.409
0.05658500,2.447
0.05659000,2.481
0.05659500,2.512
0.05660000,2.536
0.05660500,2.576
0.05661000,2.555
0.05661500,2.652
0.05662000,2.613
0.05662500,2.661
0.05663000,2.631
0.05663500,2.619
0.05664000,2.645
0.05664500,2.663
0.05665000,2.629
0.05665500,2.618
0.05666000,2.557
0.05666500,2.541
0.05667000,2.505
0.05667500,2.487
0.05668000,2.479
0.05668500,2.458
0.05669000,2.470
0.05669500,2.446
0.05670000,2.470
0.05670500,2.487
0.05671000,2.521
0.05671500,2.544
0.05672000,2.579
0.05672500,2.613
0.05673000,2.637
0.05673500,2.673
0.05674000,2.698
0.05674500,2.734
0.05675000,2.730
0.05675500,2.734
0.05676000,2.742
0.05676500,2.747
0.05677000,2.739
0.05677500,2.710
0.05678000,2.666
0.05678500,2.605
0.05679000,2.563
0.05679500,2.500
0.05680000,2.473
0.05680500,2.447
0.05681000,2.433
0.05681500,2.436
0.05682000,2.428
0.05682500,2.450
0.05683000,2.450
0.05683500,2.473
0.05684000,2.486
0.05684500,2.518
0.05685000,2.582
0.05685500,2.586
0.05686000,2.644
0.05686500,2.658
0.05687000,2.693
0.05687500,2.693
0.05688000,2.692
0.05688500,2.669
0.05689000,2.684
0.05689500,2.655
0.05690000,2.687
0.05690500,2.664
0.05691000,2.634
0.05691500,2.597
0.05692000,2.552
0.05692500,2.532
0.05693000,2.499
0.05693500,2.507
0.05694000,2.500
0.05694500,2.524
0.05695000,2.537
0.05695500,2.549
0.05696000,2.568
0.05696500,2.581
0.05697000,2.608
0.05697500,2.615
0.05698000,2.656
0.05698500,2.673
0.05699000,2.703
0.05699500,2.697
0.05700000,2.721
0.05700500,2.722
0.05701000,2.719
0.05701500,2.716
0.05702000,2.718
0.05702500,2.705
0.05703000,2.722
0.05703500,2.656
0.05704000,2.621
0.05704500,2.568
0.05705000,2.510
0.05705500,2.471
0.05706000,2.446
0.05706500,2.413
0.05707000,2.402
0.05707500,2.446
0.05708000,2.409
0.05708500,2.444
0.05709000,2.447
0.05709500,2.484
0.05710000,2.505
0.05710500,2.550
0.05711000,2.582
0.05711500,2.616
0.05712000,2.664
0.05712500,2.655
0.05713000,2.663
0.05713500,2.645
0.05714000,2.613
0.05714500,2.594
0.05715000,2.571
0.05715500,2.550
0.05716000,2.552
0.05716500,2.471
0.05717000,2.415
0.05717500,2.376
0.05718000,2.339
0.05718500,2.325
0.05719000,2.296
0.05719500,2.288
0.05720000,2.305
0.05720500,2.318
0.05721000,2.323
0.05721500,2.334
0.05722000,2.370
0.05722500,2.397
0.05723000,2.431
0.05723500,2.473
0.05724000,2.516
0.05724500,2.565
0.05725000,2.592
0.05725500,2.616
0.05726000,2.635
0.05726500,2.634
0.05727000,2.619
0.05727500,2.623
0.05728000,2.640
0.05728500,2.639
0.05729000,2.605
0.05729500,2.565
0.05730000,2.541
0.05730500,2.495
0.05731000,2.466
0.05731500,2.449
0.05732000,2.436
0.05732500,2.458
0.05733000,2.460
0.05733500,2.449
0.05734000,2.473
0.05734500,2.486
0.05735000,2.505
0.05735500,2.544
0.05736000,2.581
0.05736500,2.610
0.05737000,2.658
0.05737500,2.710
0.05738000,2.730
0.05738500,2.745
0.05739000,2.751
0.05739500,2.761
0.05740000,2.743
0.05740500,2.745
0.05741000,2.692
0.05741500,2.655
0.05742000,2.584
0.05742500,2.528
0.05743000,2.481
0.05743500,2.436
0.05744000,2.418
0.05744500,2.392
0.05745000,2.400
0.05745500,2.397
0.05746000,2.400
0.05746500,2.415
0.05747000,2.429
0.05747500,2.449
0.05748000,2.479
0.05748500,2.516
0.05749000,2.553
0.05749500,2.595
0.05750000,2.634
0.05750500,2.663
0.05751000,2.689
0.05751500,2.708
0.05752000,2.719
0.05752500,2.713
0.05753000,2.697
0.05753500,2.700
0.05754000,2.653
0.05754500,2.610
0.05755000,2.529
0.05755500,2.492
0.05756000,2.441
0.05756500,2.394
0.05757000,2.362
0.05757500,2.346
0.05758000,2.331
0.05758500,2.362
0.05759000,2.355
0.05759500,2.375
0.05760000,2.375
0.05760500,2.404
0.05761000,2.409
0.05761500,2.479
0.05762000,2.515
0.05762500,2.555
0.05763000,2.600
0.05763500,2.623
0.05764000,2.661
0.05764500,2.669
0.05765000,2.669
0.05765500,2.681
0.05766000,2.714
0.05766500,2.724
0.05767000,2.716
0.05767500,2.698
0.05768000,2.645
0.05768500,2.623
0.05769000,2.594
0.05769500,2.586
0.05770000,2.581
0.05770500,2.581
0.05771000,2.571
0.05771500,2.561
0.05772000,2.563
0.05772500,2.571
0.05773000,2.598
0.05773500,2.618
0.05774000,2.644
0.05774500,2.668
0.05775000,2.703
0.05775500,2.743
0.05776000,2.774
0.05776500,2.801
0.05777000,2.819
0.05777500,2.821
0.05778000,2.833
0.05778500,2.842
0.05779000,2.861
0.05779500,2.846
0.05780000,2.806
0.05780500,2.753
0.05781000,2.703
0.05781500,2.661
0.05782000,2.616
0.05782500,2.602
0.05783000,2.573
0.05783500,2.569
0.05784000,2.553
0.05784500,2.565
0.05785000,2.578
0.05785500,2.615
0.05786000,2.642
0.05786500,2.673
0.05787000,2.714
0.05787500,2.774
0.05788000,2.830
0.05788500,2.869
0.05789000,2.901
0.05789500,2.916
0.05790000,2.914
0.05790500,2.901
0.05791000,2.911
0.05791500,2.904
0.05792000,2.919
0.05792500,2.880
0.05793000,2.832
0.05793500,2.772
0.05794000,2.722
0.05794500,2.673
0.05795000,2.634
0.05795500,2.603
0.05796000,2.590
0.05796500,2.582
0.05797000,2.582
0.05797500,2.592
0.05798000,2.602
0.05798500,2.629
0.05799000,2.661
0.05799500,2.695
0.05800000,2.739
0.05800500,2.784
0.05801000,2.822
0.05801500,2.856
0.05802000,2.867
0.05802500,2.898
0.05803000,2.882
0.05803500,2.882
0.05804000,2.875
0.05804500,2.882
0.05805000,2.866
0.05805500,2.830
0.05806000,2.777
0.05806500,2.714
0.05807000,2.677
0.05807500,2.650
0.05808000,2.598
0.05808500,2.605
0.05809000,2.590
0.05809500,2.595
0.05810000,2.597
0.05810500,2.581
0.05811000,2.623
0.05811500,2.647
0.05812000,2.693
0.05812500,2.714
0.05813000,2.745
0.05813500,2.785
0.05814000,2.817
0.05814500,2.856
0.05815000,2.871
0.05815500,2.875
0.05816000,2.872
0.05816500,2.853
0.05817000,2.851
0.05817500,2.840
0.05818000,2.803
0.05818500,2.764
0.05819000,2.716
0.05819500,2.679
0.05820000,2.645
0.05820500,2.618
0.05821000,2.607
0.05821500,2.584
0.05822000,2.576
0.05822500,2.565
0.05823000,2.569
0.05823500,2.574
0.05824000,2.594
0.05824500,2.610
0.05825000,2.631
0.05825500,2.661
0.05826000,2.687
0.05826500,2.710
0.05827000,2.743
0.05827500,2.753
0.05828000,2.766
0.05828500,2.759
0.05829000,2.753
0.05829500,2.713
0.05830000,2.674
0.05830500,2.624
0.05831000,2.568
0.05831500,2.512
0.05832000,2.434
0.05832500,2.386
0.05833000,2.347
0.05833500,2.344
0.05834000,2.331
0.05834500,2.307
0.05835000,2.291
0.05835500,2.301
0.05836000,2.320
0.05836500,2.339
0.05837000,2.376
0.05837500,2.404
0.05838000,2.444
0.05838500,2.471
0.05839000,2.513
0.05839500,2.523
0.05840000,2.536
0.05840500,2.537
0.05841000,2.507
0.05841500,2.503
0.05842000,2.541
0.05842500,2.542
0.05843000,2.579
0.05843500,2.553
0.05844000,2.526
0.05844500,2.489
0.05845000,2.462
0.05845500,2.446
0.05846000,2.433
0.05846500,2.447
0.05847000,2.452
0.05847500,2.481
0.05848000,2.505
0.05848500,2.510
0.05849000,2.526
0.05849500,2.550
0.05850000,2.566
0.05850500,2.594
0.05851000,2.624
0.05851500,2.653
0.05852000,2.666
0.05852500,2.693
0.05853000,2.710
0.05853500,2.716
0.05854000,2.695
0.05854500,2.734
0.05855000,2.714
0.05855500,2.698
0.05856000,2.673
0.05856500,2.629
0.05857000,2.576
0.05857500,2.521
0.05858000,2.458
0.05858500,2.429
0.05859000,2.397
0.05859500,2.365
0.05860000,2.367
0.05860500,2.368
0.05861000,2.370
0.05861500,2.381
0.05862000,2.396
0.05862500,2.434
0.05863000,2.470
0.05863500,2.510
0.05864000,2.547
0.05864500,2.579
0.05865000,2.607
0.05865500,2.626
0.05866000,2.616
0.05866500,2.619
0.05867000,2.603
0.05867500,2.608
0.05868000,2.581
0.05868500,2.589
0.05869000,2.563
0.05869500,2.512
0.05870000,2.471
0.05870500,2.413
0.05871000,2.388
0.05871500,2.360
0.05872000,2.333
0.05872500,2.317
0.05873000,2.320
0.05873500,2.315
0.05874000,2.305
0.05874500,2.320
0.05875000,2.330
0.05875500,2.357
0.05876000,2.383
0.05876500,2.423
0.05877000,2.463
0.05877500,2.497
0.05878000,2.523
0.05878500,2.524
0.05879000,2.534
0.05879500,2.531
0.05880000,2.507
0.05880500,2.523
0.05881000,2.497
0.05881500,2.499
0.05882000,2.449
0.05882500,2.413
0.05883000,2.378
0.05883500,2.331
0.05884000,2.312
0.05884500,2.301
0.05885000,2.289
0.05885500,2.293
0.05886000,2.281
0.05886500,2.291
0.05887000,2.310
0.05887500,2.318
0.05888000,2.343
0.05888500,2.373
0.05889000,2.409
0.05889500,2.437
0.05890000,2.468
0.05890500,2.497
0.05891000,2.520
0.05891500,2.532
0.05892000,2.534
0.05892500,2.534
0.05893000,2.544
0.05893500,2.528
0.05894000,2.531
0.05894500,2.508
0.05895000,2.466
0.05895500,2.423
0.05896000,2.376
0.05896500,2.355
0.05897000,2.322
0.05897500,2.302
0.05898000,2.289
0.05898500,2.281
0.05899000,2.286
0.05899500,2.293
0.05900000,2.309
0.05900500,2.331
0.05901000,2.359
0.05901500,2.389
0.05902000,2.418
0.05902500,2.449
0.05903000,2.470
0.05903500,2.487
0.05904000,2.497
0.05904500,2.499
0.05905000,2.486
0.05905500,2.466
0.05906000,2.452
0.05906500,2.475
0.05907000,2.444
0.05907500,2.407
0.05908000,2.349
0.05908500,2.307
0.05909000,2.273
0.05909500,2.235
0.05910000,2.220
0.05910500,2.222
0.05911000,2.212
0.05911500,2.201
0.05912000,2.199
0.05912500,2.210
0.05913000,2.217
0.05913500,2.236
0.05914000,2.259
0.05914500,2.281
0.05915000,2.317
0.05915500,2.343
0.05916000,2.365
0.05916500,2.380
0.05917000,2.386
0.05917500,2.384
0.05918000,2.388
0.05918500,2.397
0.05919000,2.405
0.05919500,2.396
0.05920000,2.365
0.05920500,2.339
0.05921000,2.288
0.05921500,2.260
0.05922000,2.233
0.05922500,2.223
0.05923000,2.215
0.05923500,2.207
0.05924000,2.214
0.05924500,2.219
0.05925000,2.228
0.05925500,2.233
0.05926000,2.257
0.05926500,2.272
0.05927000,2.291
0.05927500,2.297
0.05928000,2.325
0.05928500,2.338
0.05929000,2.343
0.05929500,2.338
0.05930000,2.331
0.05930500,2.309
0.05931000,2.281
0.05931500,2.249
0.05932000,2.238
0.05932500,2.206
0.05933000,2.162
0.05933500,2.103
0.05934000,2.067
0.05934500,2.017
0.05935000,1.979
0.05935500,1.959
0.05936000,1.942
0.05936500,1.937
0.05937000,1.919
0.05937500,1.913
0.05938000,1.919
0.05938500,1.926
0.05939000,1.943
0.05939500,1.959
0.05940000,1.996
0.05940500,2.019
0.05941000,2.035
0.05941500,2.048
0.05942000,2.069
0.05942500,2.069
0.05943000,2.058
0.05943500,2.045
0.05944000,2.017
0.05944500,2.009
0.05945000,1.975
0.05945500,1.930
0.05946000,1.889
0.05946500,1.842
0.05947000,1.795
0.05947500,1.763
0.05948000,1.750
0.05948500,1.744
0.05949000,1.744
0.05949500,1.737
0.05950000,1.731
0.05950500,1.734
0.05951000,1.736
0.05951500,1.750
0.05952000,1.777
0.05952500,1.798
0.05953000,1.827
0.05953500,1.847
0.05954000,1.876
0.05954500,1.890
0.05955000,1.890
0.05955500,1.877
0.05956000,1.893
0.05956500,1.871
0.05957000,1.871
0.05957500,1.853
0.05958000,1.829
0.05958500,1.786
0.05959000,1.734
0.05959500,1.692
0.05960000,1.658
0.05960500,1.641
0.05961000,1.634
0.05961500,1.641
0.05962000,1.639
0.05962500,1.629
0.05963000,1.623
0.05963500,1.636
0.05964000,1.652
0.05964500,1.665
0.05965000,1.682
0.05965500,1.700
0.05966000,1.726
0.05966500,1.744
0.05967000,1.757
0.05967500,1.774
0.05968000,1.782
0.05968500,1.790
0.05969000,1.781
0.05969500,1.789
0.05970000,1.818
0.05970500,1.806
0.05971000,1.790
0.05971500,1.766
0.05972000,1.744
0.05972500,1.729
0.05973000,1.728
0.05973500,1.721
0.05974000,1.707
0.05974500,1.707
0.05975000,1.689
0.05975500,1.694
0.05976000,1.702
0.05976500,1.710
0.05977000,1.716
0.05977500,1.734
0.05978000,1.752
0.05978500,1.769
0.05979000,1.782
0.05979500,1.795
0.05980000,1.806
0.05980500,1.803
0.05981000,1.800
0.05981500,1.816
0.05982000,1.821
0.05982500,1.827
0.05983000,1.816
0.05983500,1.787
0.05984000,1.760
0.05984500,1.708
0.05985000,1.674
0.05985500,1.654
0.05986000,1.631
0.05986500,1.621
0.05987000,1.610
0.05987500,1.621
0.05988000,1.612
0.05988500,1.618
0.05989000,1.615
0.05989500,1.636
0.05990000,1.641
0.05990500,1.658
0.05991000,1.665
0.05991500,1.686
0.05992000,1.702
0.05992500,1.702
0.05993000,1.697
0.05993500,1.697
0.05994000,1.699
0.05994500,1.703
0.05995000,1.703
0.05995500,1.724
0.05996000,1.707
0.05996500,1.686
0.05997000,1.645
0.05997500,1.629
0.05998000,1.612
0.05998500,1.584
0.05999000,1.565
0.05999500,1.570
