# Time (seconds),Pressure,Temp,Pressure (high-pass),Temperature (high-pass)
0.0078125,952.7116088867188,26.673789978027344,0.0,0.0
0.0234375,952.7036743164062,26.673789978027344,-0.007779598236083984,0.0
0.0390625,952.6987915039062,26.673416137695312,-0.012415098026394844,-0.00037091970443725586
0.0546875,952.6976318359376,26.673416137695312,-0.013309633846688484,-0.0003680218942463398
0.0703125,952.7047729492188,26.66129302978516,-0.006048041648227809,-0.012393542852802142
0.0859375,952.7059326171876,26.676368713378903,-0.004792897630977677,0.0026611865164021253
0.1015625,952.7014770507812,26.674522399902344,-0.009067829974128472,0.0008085068442191812
0.1171875,952.7132568359376,26.664596557617188,0.002658987307540883,-0.009046106257805775
0.1328125,952.7026977539062,26.66864776611328,-0.007745795998744143,-0.004955875122949038
0.1484375,952.7018432617188,26.67158508300781,-0.008432313807588798,-0.002002788242261744
0.1640625,952.7028198242188,26.66827392578125,-0.007310131164899758,-0.005272430269844364
0.1796875,952.691162109375,26.678932189941406,-0.0185973802663284,0.005343757063045018
0.1953125,952.7052612304688,26.673416137695312,-0.004410402548160164,-0.00017094912693238484
0.2109375,952.7042236328124,26.674522399902344,-0.005341593950561219,0.0009280059466618695
0.2265625,952.6959228515624,26.676368713378903,-0.013375922559930586,0.0027526450527268764
0.2421875,952.70263671875,26.68628692626953,-0.0065319371033183415,0.012571866865673798
0.2578125,952.7144165039062,26.671958923339844,0.005145351020701128,-0.0017424162510124575
0.2734375,952.70703125,26.673416137695312,-0.0021961547822684224,-0.0002829737557341616
0.2890625,952.6886596679688,26.68444061279297,-0.020166023203842087,0.010657583362689849
0.3046875,952.6998901367188,26.68628692626953,-0.00876103190591948,0.012406210145194052
0.3203125,952.7114868164062,26.676368713378903,0.0027802640358913777,0.002468559776012569
0.3359375,952.6967163085938,26.676368713378903,-0.011756059327808543,0.0024492741527630812
0.3515625,952.6919555664062,26.680404663085938,-0.01619420773567981,0.006434558048393768
0.3671875,952.6994018554688,26.68223571777344,-0.0085770608866369,0.00820103763639679
0.3828125,952.7171020507812,26.68701934814453,0.008944948206590198,0.012883225288678801
0.3984375,952.731201171875,26.68701934814453,0.02259398982187122,0.012782575091112136
0.4140625,952.6971435546876,26.68223571777344,-0.01123972839354792,0.007936452964397489
0.4296875,952.7081298828124,26.68077850341797,-0.0002484510447402499,0.006428619557294013
0.4453125,952.7055053710938,26.68150329589844,-0.002816850209455879,0.007097526006219823
0.4609375,952.7139892578124,26.68701934814453,0.005556352202347625,0.012515034672212266
0.4765625,952.7115478515624,26.68223571777344,0.0030541071641891904,0.007671002705020413
0.4921875,952.7045288085938,26.69105529785156,-0.003887495652065809,0.01636175010514407
0.5078125,952.7070922851562,26.69400787353516,-0.0012981593416725445,0.019163432618519494
0.5234375,952.7056884765624,26.6837158203125,-0.002649195124263315,0.008802071744330675
0.5390625,952.7081909179688,26.68187713623047,-0.00014388743431936746,0.0069089861961870724
0.5546875,952.7109985351562,26.68812561035156,0.0026117037814401556,0.013054667658547459
0.5703125,952.7229614257812,26.68518829345703,0.014289934359453582,0.010038308961174636
0.5859375,952.70654296875,26.68775177001953,-0.0020869499633136,0.012503334074271066
0.6015625,952.6990356445312,26.6859130859375,-0.009406886014403426,0.010581332414176359
0.6171875,952.712646484375,26.69400787353516,0.004121845356166887,0.018530212824241943
0.6328125,952.7068481445312,26.677467346191406,-0.0016437504546047421,0.001974141062671464
0.6484375,952.711669921875,26.69105529785156,0.003115956051487956,0.015440513873425488
0.6640625,952.7059326171876,26.69766998291016,-0.002570150420297068,0.021882892690371136
0.6796875,952.7197265625,26.68444061279297,0.011004580148096466,0.008585916928076642
0.6953125,952.71240234375,26.69766998291016,0.003608479339504811,0.021644855115226846
0.7109375,952.7095947265624,26.68444061279297,0.0007852203129914415,0.008349739021490166
0.7265625,952.71240234375,26.69105529785156,0.003522664893125693,0.014847514516954874
0.7421875,952.7119140625,26.695838928222656,0.0029751183376447443,0.019477776568614047
0.7578125,952.7153930664062,26.68223571777344,0.006328065168872854,0.005828671071590463
0.7734375,952.6990356445312,26.695838928222656,-0.009833470832973035,0.019280069946425726
0.7890625,952.6939086914062,26.69105529785156,-0.014668228177583842,0.014383186141145643
0.8046875,952.7052612304688,26.693634033203125,-0.0032509295620002376,0.016829406481051024
0.8203125,952.698974609375,26.68701934814453,-0.009351270369506892,0.010134918911344215
0.8359375,952.7049560546876,26.70062255859375,-0.0033040081611943606,0.023552675224934205
0.8515625,952.7098388671876,26.70062255859375,0.0015479683165722236,0.02336866994973974
0.8671875,952.6912841796876,26.68701934814453,-0.016674556699399545,0.009689166848172448
0.8828125,952.70849609375,26.69105529785156,0.0005268621019922648,0.01361788908211281
0.8984375,952.7119140625,26.69105529785156,0.0038677833744031886,0.013511499323659137
0.9140625,952.7119140625,26.68150329589844,0.0037922407303767613,0.003928563797334306
0.9296875,952.7169799804688,26.69766998291016,0.008685147786991365,0.019938256662108245
0.9453125,952.712646484375,26.69400787353516,0.004266658496135278,0.01614898988642821
0.9609375,952.7182006835938,26.68223571777344,0.009629044087660077,0.004342640108109919
0.9765625,952.7056274414062,26.70062255859375,-0.002886694230710418,0.02255190685866637
0.9921875,952.706298828125,26.68701934814453,-0.0021720397870694796,0.0088787847187497
1.0078125,952.7174682617188,26.68701934814453,0.008821663458888906,0.00880941921313294
1.0234375,952.7056274414062,26.696945190429688,-0.002960188946303788,0.018588892267832335
1.0390625,952.718505859375,26.689956665039062,0.009724513611899965,0.011509739010978848
1.0546875,952.7129516601562,26.69105529785156,0.004088862940193394,0.01250986891860606
1.0703125,952.7095336914062,26.696945190429688,0.0006577907880682687,0.018256013360041123
1.0859375,952.7059326171876,26.69105529785156,-0.0028857974260745323,0.012269510463305267
1.1015625,952.7005004882812,26.68885040283203,-0.008155466833727587,0.009985985635623251
1.1171875,952.7177124023438,26.681137084960938,0.008879563493792375,0.0022549125476203358
1.1328125,952.7240600585938,26.70062255859375,0.01492981310821051,0.021570539413399814
1.1484375,952.733154296875,26.694366455078125,0.023554831635806295,0.015194791867322976
1.1640625,952.7702026367188,26.70062255859375,0.05941951578654425,0.021283310262766975
1.1796875,952.8432006835938,26.691802978515625,0.12983128214079898,0.012366357292574293
1.1953125,952.8165283203124,26.70062255859375,0.10114409622542553,0.02102042223499012
1.2109375,952.8563232421876,26.692535400390625,0.13818630290336387,0.012832222906617119
1.2265625,952.8602905273438,26.69766998291016,0.1393771507927113,0.017826439758760415
1.2421875,952.822021484375,26.69105529785156,0.09913334009297614,0.011124162866565257
1.2578125,952.782470703125,26.696945190429688,0.05841883699054051,0.01688113313653261
1.2734375,952.857177734375,26.70062255859375,0.13052575362644347,0.020397888009185294
1.2890625,952.8096923828124,26.69766998291016,0.0814185192110699,0.017309020823052634
1.3046875,952.8136596679688,26.70062255859375,0.08371811287588571,0.020103302783933685
1.3203125,952.8139038085938,26.68701934814453,0.08232236573724094,0.006449310363350946
1.3359375,952.8245239257812,26.69032287597656,0.091127200055098,0.00967664414697822
1.3515625,952.8087158203124,26.68444061279297,0.07384801852015244,0.003764737362111248
1.3671875,952.7794189453124,26.695838928222656,0.043681003998244705,0.015044591441863986
1.3828125,952.7954711914062,26.68701934814453,0.058566585051266884,0.006176378462459553
1.3984375,952.8322143554688,26.676727294921875,0.0934482305764277,-0.0040835210511325215
1.4140625,952.8258666992188,26.689224243164062,0.08539939123409113,0.008347697291124945
1.4296875,952.861083984375,26.68444061279297,0.1182608819295865,0.0035362226472201996
1.4453125,952.8606567382812,26.66938018798828,0.11553219763595735,-0.01143416932811192
1.4609375,952.8896484375,26.673416137695312,0.14170116449429315,-0.007340421030292532
1.4765625,952.822021484375,26.680030822753903,0.0726274494285235,-0.0007200661594239932
1.4921875,952.7837524414062,26.680404663085938,0.03368734383366245,-0.00034352093811307327
1.5078125,952.8208618164062,26.673416137695312,0.0694139704189638,-0.007274764716793669
1.5234375,952.817138671875,26.673789978027344,0.06440780194463969,-0.006847010913006102
1.5390625,952.8303833007812,26.673416137695312,0.07613578181087632,-0.007164438344684498
1.5546875,952.822021484375,26.676368713378903,0.06645025514285408,-0.00417895748405428
1.5703125,952.84375,26.66900634765625,0.08645652915129176,-0.011451156619155967
1.5859375,952.8359375,26.671958923339844,0.07710801295695546,-0.008432185772004885
1.6015625,952.8426513671876,26.659454345703125,0.08218473404804172,-0.020773194944592177
1.6171875,952.8558349609376,26.66497039794922,0.09350566514569891,-0.01513794627116738
1.6328125,952.8413696289062,26.67158508300781,0.07749657660815501,-0.008456673234352508
1.6484375,952.8450317382812,26.675994873046875,0.07957355539758737,-0.004015266920323057
1.6640625,952.8909301757812,26.660934448242188,0.12302136803634767,-0.01892666288340905
1.6796875,952.7883911132812,26.66864776611328,0.02008226050634221,-0.0111257407544052
1.6953125,952.8519287109376,26.66827392578125,0.0819866578079882,-0.011409740609199304
1.7109375,952.8309936523438,26.64916229248047,0.05985918516694255,-0.030282925676310413
1.7265625,952.8148193359376,26.65357208251953,0.042831648667856825,-0.02567100176508319
1.7421875,952.8755493164062,26.65100860595703,0.1015389410674743,-0.028013896465648003
1.7578125,952.8251342773438,26.652847290039062,0.050125388293963624,-0.025970718536868276
1.7734375,952.80859375,26.64071655273437,0.03292890663476555,-0.03780378821779706
1.7890625,952.8048706054688,26.63006591796875,0.02863533706238286,-0.048075872803860165
1.8046875,952.8259887695312,26.64990997314453,0.04878175305600507,-0.0280112565528583
1.8203125,952.7705078125,26.642547607421875,-0.006568360147639396,-0.03509726585148698
1.8359375,952.7817993164062,26.64439392089844,0.004630894857086787,-0.0329911793094908
1.8515625,952.7664794921876,26.63189697265625,-0.010480161210011829,-0.04513275155518315
1.8671875,952.7550659179688,26.63189697265625,-0.02146612340879983,-0.04478015193365792
1.8828125,952.74365234375,26.63520812988281,-0.03223751603320579,-0.04114501818595073
1.8984375,952.745849609375,26.63740539550781,-0.029453526767383664,-0.03864347324406836
1.9140625,952.7423706054688,26.63006591796875,-0.032289317183881394,-0.045623708980134126
1.9296875,952.7423095703124,26.620872497558597,-0.03171850952105615,-0.05438887056692465
1.9453125,952.733642578125,26.625656127929688,-0.03959672237817813,-0.04921769925680408
1.9609375,952.7400512695312,26.621604919433597,-0.03253982724197613,-0.05285274441107646
1.9765625,952.7313232421876,26.61573028564453,-0.04046184180072032,-0.05826857055795287
1.9921875,952.7163696289062,26.61167907714844,-0.05433312197499163,-0.0618329057801823
2.0078125,952.7387084960938,26.6124267578125,-0.03136936699866055,-0.060607996794903585
2.0234375,952.7357788085938,26.606170654296875,-0.03362915109050846,-0.06634172452685405
2.0390625,952.735107421875,26.6124267578125,-0.03363060543017582,-0.05961620209707874
2.0546875,952.7345581054688,26.605438232421875,-0.033512345238023045,-0.06608437805420664
2.0703125,952.7423095703124,26.601402282714844,-0.025257738199229607,-0.06957251270060283
2.0859375,952.7286376953124,26.590377807617188,-0.038169269191485,-0.07996732383108451
2.1015625,952.7264404296876,26.59882354736328,-0.03957812593307608,-0.07096282170932611
2.1171875,952.7283935546876,26.59368133544922,-0.03689013763357707,-0.0755104630482073
2.1328125,952.7345581054688,26.594039916992188,-0.03012547773425922,-0.07456475743097712
2.1484375,952.7279663085938,26.59073638916016,-0.03600014033952448,-0.07725993928438868
2.1640625,952.7210083007812,26.59844970703125,-0.042119121820974215,-0.06900328843350678
2.1796875,952.734375,26.60065460205078,-0.02819085184830783,-0.06627653096542829
2.1953125,952.7274169921876,26.59073638916016,-0.03446235849548884,-0.07559947241967535
2.2109375,952.7138671875,26.587066650390625,-0.047074425620962757,-0.07864992047679564
2.2265625,952.7272338867188,26.59735107421875,-0.03304937237089689,-0.06783139120610215
2.2421875,952.7373046875,26.590377807617188,-0.022529771363338114,-0.07422024641854108
2.2578125,952.7210083007812,26.6131591796875,-0.03806783468201047,-0.051037008142383655
2.2734375,952.7196655273438,26.61167907714844,-0.03864086967962521,-0.052106820754243444
2.2890625,952.71484375,26.590377807617188,-0.04261376719864529,-0.07283458958014322
2.3046875,952.7216186523438,26.602500915527344,-0.035138887025709664,-0.06023717321944133
2.3203125,952.72216796875,26.59258270263672,-0.0339139930682677,-0.06960729715608238
2.3359375,952.7135009765624,26.60726928710937,-0.04174932538762732,-0.05449164461559164
2.3515625,952.7197265625,26.60102844238281,-0.034829916413855244,-0.06025801676916842
2.3671875,952.7227172851562,26.61167907714844,-0.031217334504503924,-0.04921982433163308
2.3828125,952.7267456054688,26.59735107421875,-0.026657978758521494,-0.06305135986084665
2.3984375,952.7205810546876,26.594039916992188,-0.03218146450956283,-0.0658440599226644
2.4140625,952.7142944335938,26.60065460205078,-0.0377167558065139,-0.05876664537294474
2.4296875,952.7100830078124,26.59844970703125,-0.04110927179124246,-0.06049520023315935
2.4453125,952.7171020507812,26.59882354736328,-0.03342440404071567,-0.05965166177690051
2.4609375,952.7129516601562,26.603965759277344,-0.036840911957369826,-0.05408359478578362
2.4765625,952.7163696289062,26.592208862304688,-0.032770151347904175,-0.0653261129165763
2.4921875,952.7032470703124,26.59771728515625,-0.044996367950716376,-0.05935036436138219
2.5078125,952.7205810546876,26.59735107421875,-0.02712210264633086,-0.059250039554360256
2.5234375,952.7080078125,26.581558227539062,-0.03892004513011216,-0.07445661368534573
2.5390625,952.7189331054688,26.57604217529297,-0.027447979658177246,-0.07934787947884914
2.5546875,952.7130737304688,26.5789794921875,-0.032656820387501284,-0.07581360506412693
2.5703125,952.7570190429688,26.587066650390625,0.011068013750900718,-0.06719733399490124
2.5859375,952.8624267578124,26.59552001953125,0.11420081202038546,-0.05828502762885179
2.6015625,952.870361328125,26.59073638916016,0.11974992564682907,-0.06257593410931861
2.6171875,952.8148803710938,26.594039916992188,0.06301371532231315,-0.058809340603250604
2.6328125,952.8134765625,26.59073638916016,0.060406588237810865,-0.06162761165062847
2.6484375,952.8245239257812,26.594039916992188,0.07005836652842845,-0.05786842691376748
2.6640625,952.8457641601562,26.59000396728516,0.08951542510453692,-0.061420748678443715
2.6796875,952.8256225585938,26.583763122558597,0.06801886605103391,-0.06713298720653071
2.6953125,952.8585205078124,26.5782470703125,0.09894578372143314,-0.0720814688319038
2.7109375,952.8555297851562,26.58045196533203,0.09408093877891588,-0.06933066307946234
2.7265625,952.7733154296876,26.582290649414062,0.01163481410503664,-0.06696469791151216
2.7421875,952.8051147460938,26.60102844238281,0.042585807649629714,-0.04785013224790191
2.7578125,952.8004760742188,26.583763122558597,0.03720598077904924,-0.06460673760280145
2.7734375,952.7813110351562,26.590377807617188,0.017688579573700736,-0.05753898963370929
2.7890625,952.8214721679688,26.585220336914062,0.056719835191188395,-0.06220664424045452
2.8046875,952.7969970703124,26.588531494140625,0.0316149575048712,-0.058435366021594604
2.8203125,952.7908325195312,26.57456970214844,0.02495332846740439,-0.07183155521679652
2.8359375,952.7804565429688,26.571990966796875,0.014292638000483748,-0.07382896017329799
2.8515625,952.798095703125,26.573471069335938,0.03130813022403345,-0.0717836321839691
2.8671875,952.7409057617188,26.57383728027344,-0.02537630705751326,-0.07085947264297587
2.8828125,952.8072509765624,26.574195861816406,0.04016873380589914,-0.06995010288829207
2.8984375,952.7899780273438,26.582290649414062,0.022448601294513537,-0.061372070639926335
2.9140625,952.79443359375,26.571990966796875,0.026378695675361996,-0.07111181768479113
2.9296875,952.7963256835938,26.57015991210937,0.027718621739495575,-0.07237300618188769
2.9453125,952.759033203125,26.571258544921875,-0.00938686930089716,-0.07071754232743643
2.9609375,952.8058471679688,26.574195861816406,0.03669609758298975,-0.06725069242170889
2.9765625,952.7869873046876,26.57089233398437,0.017487870350691992,-0.07000301540801246
2.9921875,952.774658203125,26.555831909179688,0.0050580115852199015,-0.08439888208603463
3.0078125,952.773193359375,26.570533752441406,0.003522988775898739,-0.06915253070850014
3.0234375,952.7902221679688,26.569786071777344,0.020150395077280336,-0.06935411597121544
3.0390625,952.7489013671876,26.56391906738281,-0.020756921217412128,-0.07463345536289268
3.0546875,952.8063354492188,26.567955017089844,0.03596081001660423,-0.07004596264292218
3.0703125,952.7791748046876,26.56317138671875,0.008628287253372946,-0.07424498681859504
3.0859375,952.7428588867188,26.555099487304688,-0.027146856678086806,-0.08167378555896576
3.1015625,952.7850341796876,26.568687438964844,0.014734912144490409,-0.06755391332147553
3.1171875,952.7977905273438,26.551422119140625,0.026954321132620862,-0.08415658288674521
3.1328125,952.7464599609376,26.551422119140625,-0.02390014673301266,-0.0834991095829416
3.1484375,952.8014526367188,26.54443359375,0.030485253090205333,-0.0897807003253348
3.1640625,952.8031616210938,26.535614013671875,0.031565443764748125,-0.09782996571280833
3.1796875,952.771240234375,26.54663848876953,-0.0003489909431664273,-0.08612732271972234
3.1953125,952.801513671875,26.54517364501953,0.02933998471007726,-0.086907852669178
3.2109375,952.804443359375,26.549583435058597,0.031639405174701096,-0.08185354651581278
3.2265625,952.8305053710938,26.535614013671875,0.05657443609470647,-0.09507435096579542
3.2421875,952.7891845703124,26.54296875,0.014955712748587757,-0.08703430514831467
3.2578125,952.7677612304688,26.530845642089844,-0.006341306253375478,-0.09838274576895145
3.2734375,952.7611694335938,26.537818908691406,-0.012680503457886516,-0.09069534261139367
3.2890625,952.7498779296876,26.534881591796875,-0.023503804095184933,-0.09290115435353385
3.3046875,952.8518676757812,26.53378295898437,0.07695301344381278,-0.09326541382880293
3.3203125,952.7925415039062,26.52017974853516,0.017282567319398368,-0.10603371315084331
3.3359375,952.79296875,26.518341064453125,0.017363918619935248,-0.10702964412949711
3.3515625,952.7957763671876,26.52568817138672,0.019777560498823732,-0.09890376737406115
3.3671875,952.8018798828124,26.52202606201172,0.025375586355607993,-0.10176458083696005
3.3828125,952.7232055664062,26.52753448486328,-0.05225773922927601,-0.09550415675113655
3.3984375,952.7698364257812,26.516868591308597,-0.005516979857134174,-0.10534059678780494
3.4140625,952.7921752929688,26.498504638671875,0.016493334843403318,-0.12273810763214854
3.4296875,952.7526245117188,26.516868591308597,-0.022607105656447857,-0.1035587319095228
3.4453125,952.7657470703124,26.51283264160156,-0.009299302003000776,-0.10675409816643011
3.4609375,952.7432861328124,26.50033569335937,-0.03113992232522378,-0.11831939760855192
3.4765625,952.7551879882812,26.516868591308597,-0.018862323363123323,-0.10099129263073792
3.4921875,952.737060546875,26.513931274414062,-0.03626730842620418,-0.10311666726335744
3.5078125,952.762451171875,26.520919799804688,-0.010664248203056559,-0.09537714076435222
3.5234375,952.7446899414062,26.511001586914062,-0.027870293541468527,-0.10447273370454724
3.5390625,952.7430419921876,26.521278381347656,-0.028941714581151246,-0.09346003349540055
3.5546875,952.7477416992188,26.5084228515625,-0.023768530840015956,-0.10548497294242765
3.5703125,952.7529296875,26.5076904296875,-0.018217641336946144,-0.10538757142041533
3.5859375,952.7361450195312,26.521278381347656,-0.03431867045208037,-0.09108243523088078
3.6015625,952.74169921875,26.517616271972656,-0.028202665154594797,-0.09400435285114739
3.6171875,952.74365234375,26.509521484375,-0.025736853823445927,-0.10130149091404661
3.6328125,952.7303466796876,26.505844116210938,-0.03827996870836614,-0.10415871174156166
3.6484375,952.749755859375,26.52532958984375,-0.01850221892289028,-0.08401172843602467
3.6640625,952.736083984375,26.51283264160156,-0.03154569365096904,-0.09575470264166697
3.6796875,952.7349243164062,26.513206481933597,-0.032066585025631866,-0.09463569932283633
3.6953125,952.7366943359376,26.521278381347656,-0.029704835699476462,-0.08588752022199131
3.7109375,952.7388305664062,26.511001586914062,-0.02703015590986979,-0.09541303094733777
3.7265625,952.7305297851562,26.505111694335938,-0.03464087979341457,-0.10051149443541973
3.7421875,952.7179565429688,26.515037536621094,-0.04629197116094019,-0.08987795174283875
3.7578125,952.7381591796876,26.50548553466797,-0.02557977712876891,-0.09865315718271361
3.7734375,952.7251586914062,26.50548553466797,-0.03782674460137514,-0.09788242939222513
3.7890625,952.7257690429688,26.5091552734375,-0.036489510362343935,-0.09347665397720561
3.8046875,952.7190551757812,26.509521484375,-0.042359561582088645,-0.09238301770345814
3.8203125,952.7190551757812,26.501434326171875,-0.0415322263949065,-0.09968525265731287
3.8359375,952.7193603515624,26.513931274414062,-0.04042183478145489,-0.08650714578688223
3.8515625,952.7379760742188,26.516868591308597,-0.021380211497671553,-0.08291693960412516
3.8671875,952.7210083007812,26.515037536621094,-0.037599000854356746,-0.08408590058622423
3.8828125,952.7261352539062,26.5076904296875,-0.03183782804717339,-0.0907186871485699
3.8984375,952.7301635742188,26.50732421875,-0.02726635328667726,-0.09037329731977195
3.9140625,952.7260131835938,26.516868591308597,-0.030803135632140766,-0.08019744878647828
3.9296875,952.7269287109376,26.5091552734375,-0.029303865938913987,-0.08722396379306474
3.9453125,952.7184448242188,26.516868591308597,-0.03704971061370088,-0.07888946900070337
3.9609375,952.7096557617188,26.505844116210938,-0.04494348457637898,-0.08921149141009366
3.9765625,952.712646484375,26.516868591308597,-0.04113337203887113,-0.07757618024749391
3.9921875,952.718017578125,26.501075744628903,-0.03506379629106959,-0.09263958140432038
4.0078125,952.717529296875,26.516868591308597,-0.034857701026567156,-0.07624636960958853
4.0234375,952.704833984375,26.51245880126953,-0.04662424373111662,-0.08002603340139913
4.0390625,952.7073364257812,26.516868591308597,-0.04326004837321307,-0.07502549146106574
4.0546875,952.734130859375,26.515769958496094,-0.016144020740853193,-0.07552940455268242
4.0703125,952.7190551757812,26.515769958496094,-0.030609944484353946,-0.07493933107961581
4.0859375,952.7291870117188,26.505844116210938,-0.020078145489264898,-0.08420216419785831
4.1015625,952.70849609375,26.5076904296875,-0.039972792687308356,-0.08171244563753532
4.1171875,952.733154296875,26.513206481933597,-0.015015476484904866,-0.07560110906806727
4.1328125,952.719970703125,26.514663696289062,-0.027648307144431783,-0.07356464553516062
4.1484375,952.7135009765624,26.5091552734375,-0.0334516658612074,-0.07845531003995276
4.1640625,952.705810546875,26.50438690185547,-0.04033853899488804,-0.08257349660931368
4.1796875,952.7113647460938,26.514663696289062,-0.034104958139892005,-0.07173188418997256
4.1953125,952.719482421875,26.516868591308597,-0.025479718250039696,-0.0689838095675448
4.2109375,952.7090454101562,26.505111694335938,-0.03521523133656501,-0.08010991977035786
4.2265625,952.7125854492188,26.515411376953125,-0.031056536175015026,-0.06926484467541272
4.2421875,952.7130126953124,26.520919799804688,-0.030031061759473232,-0.06325832477835291
4.2578125,952.7129516601562,26.5091552734375,-0.029504360647706562,-0.07443673512096538
4.2734375,952.7040405273438,26.53378295898437,-0.03766519085354503,-0.04941991637429766
4.2890625,952.723876953125,26.509521484375,-0.017480547004424807,-0.07310575511660744
4.3046875,952.7285766601562,26.511001586914062,-0.012531214192449625,-0.07106607716678326
4.3203125,952.7251586914062,26.52312469482422,-0.015637675463153755,-0.05848247730930822
4.3359375,952.7699584960938,26.515037536621094,0.028592556387934565,-0.06604956023499398
4.3515625,952.7614135742188,26.5076904296875,0.01965607915133205,-0.07282325570633219
4.3671875,952.783935546875,26.521278381347656,0.04135426173320411,-0.058772528233316024
4.3828125,952.7632446289062,26.505111694335938,0.02025976283152886,-0.07435375262593169
4.3984375,952.7459716796876,26.52716064453125,0.002928477409568586,-0.05189617116162992
4.4140625,952.7290649414062,26.513931274414062,-0.013705247964139744,-0.064616747987575
4.4296875,952.7947387695312,26.516868591308597,0.05095356882964097,-0.06119756053762515
4.4453125,952.8201904296876,26.514663696289062,0.07491293935731846,-0.0629071238731207
4.4609375,952.8092041015624,26.52532958984375,0.06267804460651405,-0.05183309570657002
4.4765625,952.783935546875,26.517616271972656,0.03667883581908882,-0.05908120722158827
4.4921875,952.8190307617188,26.51944732666016,0.0703722137358227,-0.05680288571741343
4.5078125,952.8814086914062,26.513931274414062,0.13015736718455173,-0.06183207126067103
4.5234375,952.8108520507812,26.52017974853516,0.058436649868895074,-0.05514935028692136
4.5390625,952.8963623046876,26.52532958984375,0.14113544081089913,-0.04960888781443629
4.5546875,952.8329467773438,26.515037536621094,0.07620194640708178,-0.05943296493524031
4.5703125,952.7835693359376,26.505111694335938,0.026300588887693266,-0.06881694153898721
4.5859375,952.7914428710938,26.521278381347656,0.03350666068354258,-0.05223892441377487
4.6015625,952.853515625,26.520919799804688,0.09371262914862655,-0.05218658794145625
4.6171875,952.8558349609376,26.519073486328125,0.09415634076810875,-0.05361076937569109
4.6328125,952.794677734375,26.52385711669922,0.03235460025621251,-0.048445676981124564
4.6484375,952.7789916992188,26.509521484375,0.01634300718785653,-0.06229083032639693
4.6640625,952.8367919921876,26.520919799804688,0.07269518882549164,-0.050494917124080274
4.6796875,952.8444213867188,26.52532958984375,0.07875574383797357,-0.045725087029666156
4.6953125,952.7767944335938,26.513931274414062,0.010911431519389225,-0.05667712587764129
4.7109375,952.80615234375,26.511001586914062,0.039482831096051996,-0.05914113514812769
4.7265625,952.78076171875,26.521278381347656,0.013816967695788662,-0.048482588052703335
4.7421875,952.80029296875,26.51283264160156,0.03269688531895554,-0.056483575237873396
4.7578125,952.837646484375,26.5076904296875,0.06868222905052335,-0.06114433568980715
4.7734375,952.880126953125,26.50548553466797,0.10899155135905403,-0.06285431484442228
4.7890625,952.7640991210938,26.511001586914062,-0.006898853315306042,-0.05689030742177792
4.8046875,952.8010864257812,26.501808166503903,0.02950078630635744,-0.06556744870825071
4.8203125,952.8204345703124,26.505844116210938,0.04789485015703576,-0.06105078416526766
4.8359375,952.7802124023438,26.5076904296875,0.007522825114392617,-0.05874193576145004
4.8515625,952.8037109375,26.499229431152344,0.030415474327810443,-0.06667791137241252
4.8671875,952.7855224609376,26.51136016845703,0.011988189215344391,-0.054121024270319396
4.8828125,952.7866821289062,26.495567321777344,0.012891063098322775,-0.069367668833209
4.8984375,952.8192138671876,26.5076904296875,0.044535637290209706,-0.056797337790840174
4.9140625,952.7892456054688,26.488204956054688,0.014282856517183973,-0.07568685195940361
4.9296875,952.789794921875,26.49261474609375,0.014542482046067562,-0.07072020987408933
4.9453125,952.8214111328124,26.487472534179688,0.045257156011075494,-0.07526974661793062
4.9609375,952.7897338867188,26.49188232421875,0.013314677301877964,-0.07030636316809691
4.9765625,952.8457641601562,26.485641479492188,0.06799055717021929,-0.07594918283298213
4.9921875,952.78662109375,26.49225616455078,0.008674688210021486,-0.06879282201052561
5.0078125,952.7603759765624,26.485641479492188,-0.01722725653667112,-0.07481838592014256
5.0234375,952.7782592773438,26.47167205810547,0.0006432308805415232,-0.08809415256227737
5.0390625,952.7774047851562,26.488204956054688,-0.00020713510957648396,-0.07100218231139266
5.0546875,952.8059692382812,26.484901428222656,0.027803464147950763,-0.07372519678292733
5.0703125,952.8086547851562,26.488204956054688,0.029893522526435845,-0.06987149966221651
5.0859375,952.762939453125,26.47167205810547,-0.015512789787976544,-0.08572936325509417
5.1015625,952.79296875,26.468360900878903,0.014232981557938729,-0.08834489141539592
5.1171875,952.7955932617188,26.47572326660156,0.0165282453610871,-0.08034984971076398
5.1328125,952.7927856445312,26.4720458984375,0.013452647154622355,-0.08337075523517612
5.1484375,952.7930297851562,26.46542358398437,0.013429272393295832,-0.08928999883136512
5.1640625,952.8203735351562,26.464698791503903,0.03997667429962348,-0.08931155075471153
5.1796875,952.776123046875,26.47938537597656,-0.004190341052321855,-0.07404195873297681
5.1953125,952.8134765625,26.468734741210938,0.032515456319288205,-0.08403093261189198
5.2109375,952.7640380859376,26.461013793945312,-0.016592492503946232,-0.09103506831597485
5.2265625,952.7888793945312,26.46542358398437,0.00808770640048806,-0.08594851829037609
5.2421875,952.7606201171876,26.47351837158203,-0.0197775949482093,-0.0772454984216786
5.2578125,952.7770385742188,26.463592529296875,-0.0032935297546146103,-0.08649031460756262
5.2734375,952.7872924804688,26.45623779296875,0.006824431641916817,-0.0931118864752527
5.2890625,952.7896728515624,26.45623779296875,0.009025021432080393,-0.0923844498621662
5.3046875,952.8399047851562,26.468360900878903,0.05809959262307984,-0.07963430021801443
5.3203125,952.7998046875,26.465797424316406,0.017647942330768274,-0.08155560664941319
5.3359375,952.809814453125,26.47645568847656,0.027117518347267833,-0.07034345700106215
5.3515625,952.7438354492188,26.463592529296875,-0.03810247216915741,-0.0825565644918349
5.3671875,952.8530883789062,26.450721740722656,0.06976080014499075,-0.0946818268702252
5.3828125,952.7777099609376,26.45733642578125,-0.005507898725568339,-0.08737911726622727
5.3984375,952.7568359375,26.45918273925781,-0.02586665024591639,-0.0848645787600617
5.4140625,952.76904296875,26.45367431640625,-0.013392829562349107,-0.08966696253652984
5.4296875,952.7415161132812,26.45660400390625,-0.04012047243281813,-0.08605964007530531
5.4453125,952.7388305664062,26.45256805419922,-0.04196996424320787,-0.08939171798716217
5.4609375,952.7474975585938,26.44889068603516,-0.0326525233826942,-0.09234198391566295
5.4765625,952.751953125,26.447418212890625,-0.027646235160545984,-0.09308153161441624
5.4921875,952.75,26.444854736328125,-0.029021247657396998,-0.09489778155053585
5.5078125,952.7496948242188,26.447418212890625,-0.028753641730872914,-0.09161294323031655
5.5234375,952.7409057617188,26.45918273925781,-0.03680944828886368,-0.07922460110638951
5.5390625,952.7420654296876,26.449264526367188,-0.03495349554816585,-0.08844638576265851
5.5546875,952.7453002929688,26.45733642578125,-0.031099127730612963,-0.07974656067399621
5.5703125,952.7467041015624,26.45660400390625,-0.029115332435026176,-0.07985024049783362
5.5859375,952.73828125,26.45918273925781,-0.03680501634119082,-0.07666782151231999
5.6015625,952.7379760742188,26.45403289794922,-0.036385383682500105,-0.08117846233012216
5.6171875,952.7374267578124,26.45918273925781,-0.03621331922772697,-0.07543464741980088
5.6328125,952.7379760742188,26.447418212890625,-0.03496744026631404,-0.08651793024177579
5.6484375,952.7367553710938,26.449996948242188,-0.035481343715673574,-0.0832834199301331
5.6640625,952.721435546875,26.449264526367188,-0.049808957623213246,-0.08335946804103145
5.6796875,952.7369384765624,26.44815826416016,-0.033635988327660016,-0.08380584173049499
5.6953125,952.7302856445312,26.44190216064453,-0.039501929336211106,-0.0893583362988899
5.7109375,952.7296752929688,26.44300842285156,-0.03932883791242148,-0.08756260476301847
5.7265625,952.736328125,26.449996948242188,-0.032037802641298185,-0.07994459437729162
5.7421875,952.7299194335938,26.446311950683597,-0.0376955859607051,-0.08297623574888391
5.7578125,952.7169799804688,26.447418212890625,-0.049646073478584185,-0.08123036437356035
5.7734375,952.7283935546876,26.449996948242188,-0.0374857707585079,-0.07803716317026499
5.7890625,952.7244873046876,26.45660400390625,-0.04058358285305985,-0.07087205979130928
5.8046875,952.7335205078124,26.449996948242188,-0.03093416137426175,-0.07687380986587655
5.8203125,952.7125854492188,26.45733642578125,-0.05085614926542803,-0.06899109535551062
5.8359375,952.718017578125,26.44190216064453,-0.044536832461517406,-0.08376578736338303
5.8515625,952.7308959960938,26.45440673828125,-0.03104008608465847,-0.07070448152567366
5.8671875,952.7230834960938,26.44889068603516,-0.038093746512686266,-0.07562506085167087
5.8828125,952.7213745117188,26.45587921142578,-0.039025333800054796,-0.06810031252776128
5.8984375,952.7322387695312,26.450721740722656,-0.027611054972226157,-0.07268545679939464
5.9140625,952.7275390625,26.449996948242188,-0.03167969243304469,-0.07283673170736549
5.9296875,952.721435546875,26.449264526367188,-0.03704525477564857,-0.0729943945700029
5.9453125,952.7154541015624,26.442649841308597,-0.0421863348522038,-0.07898713369399601
5.9609375,952.7160034179688,26.443374633789062,-0.04082379542933268,-0.07765091667280188
5.9765625,952.71484375,26.45623779296875,-0.041163473878555124,-0.06428160313770093
5.9921875,952.7322998046876,26.444854736328125,-0.023244383659857704,-0.07507352962380764
6.0078125,952.7138061523438,26.45477294921875,-0.040922839988070336,-0.0646462908212051
6.0234375,952.7112426757812,26.43824005126953,-0.04263697443047931,-0.08054497635815494
6.0390625,952.7113647460938,26.447418212890625,-0.04168453489694457,-0.07080926149692957
6.0546875,952.7211303710938,26.450721740722656,-0.03129549368804874,-0.06697834512064205
6.0703125,952.7185668945312,26.44190216064453,-0.033197662237853365,-0.07520575390815054
6.0859375,952.7291259765624,26.450721740722656,-0.02219642043701242,-0.06586753184697969
6.1015625,952.7203979492188,26.442649841308597,-0.03032045465988631,-0.07336177945431288
6.1171875,952.7118530273438,26.450721740722656,-0.03810628714938957,-0.06477980285243845
6.1328125,952.7012329101562,26.451828002929688,-0.04777471675220113,-0.06317609110911349
6.1484375,952.7318725585938,26.447418212890625,-0.01680039901168584,-0.0670578664517052
6.1640625,952.7833251953124,26.43896484375,0.03397543618928012,-0.07492130406426512
6.1796875,952.78857421875,26.444854736328125,0.03845835689980959,-0.06849210358390323
6.1953125,952.8518676757812,26.44190216064453,0.09976447381518483,-0.07088651771071852
6.2109375,952.8008422851562,26.45256805419922,0.047787147971575905,-0.05975015052981192
6.2265625,952.8519897460938,26.45918273925781,0.09700229232885249,-0.05272034464722708
6.2421875,952.7373046875,26.44889068603516,-0.01733739973633419,-0.06252011351151765
6.2578125,952.7913818359376,26.431625366210938,0.03602217548450426,-0.07916210963780301
6.2734375,952.8128662109376,26.463592529296875,0.05638337567040708,-0.04682623603192937
6.2890625,952.7665405273438,26.449264526367188,0.009861252778136986,-0.060676471469729876
6.3046875,952.7973022460938,26.449996948242188,0.03982955411549938,-0.059475736707270244
6.3203125,952.784912109375,26.449264526367188,0.02690349127567515,-0.05973778234334759
6.3359375,952.7453002929688,26.450363159179688,-0.012460115655358095,-0.05818103117513829
6.3515625,952.7561645507812,26.43824005126953,-0.0015646887443381274,-0.06975488799869112
6.3671875,952.8214111328124,26.447418212890625,0.062438106308491115,-0.06010347070277078
6.3828125,952.814453125,26.43824005126953,0.05439650282232833,-0.06874036957133356
6.3984375,952.7400512695312,26.44227600097656,-0.01961462310259776,-0.06419891658411458
6.4140625,952.7494506835938,26.44190216064453,-0.010015693238528911,-0.06406828225273387
6.4296875,952.7404174804688,26.447418212890625,-0.01867684760645716,-0.05809479070971335
6.4453125,952.8060913085938,26.44190216064453,0.046079070742734984,-0.06311388324521516
6.4609375,952.7463989257812,26.447418212890625,-0.013347427068424622,-0.057147847944442276
6.4765625,952.7744140625,26.442649841308597,0.014381230946241885,-0.0614324990614179
6.4921875,952.7799682617188,26.42977905273437,0.019546066294537923,-0.0737227932009894
6.5078125,952.7606811523438,26.430877685546875,0.00025389916720541805,-0.07205678413545158
6.5234375,952.7285766601562,26.441177368164062,-0.03122851112539138,-0.06127462416265317
6.5390625,952.7600708007812,26.424636840820312,0.00026044142339287646,-0.07720722063525898
6.5546875,952.7596435546876,26.43272399902344,-0.0001635467665437318,-0.06858006194438104
6.5703125,952.7120361328124,26.424636840820312,-0.04683794191043944,-0.07606825749010682
6.5859375,952.737548828125,26.42977905273437,-0.020908737875174666,-0.07037193584498525
6.6015625,952.7451171875,26.427215576171875,-0.013079824232590909,-0.07236560449804941
6.6171875,952.72216796875,26.41912841796875,-0.0353253507367981,-0.07982422549257251
6.6328125,952.7380981445312,26.412506103515625,-0.01901636294473974,-0.0857711763523703
6.6484375,952.8109741210938,26.41728973388672,0.05280766803923598,-0.08035483077829753
6.6640625,952.7857666015624,26.428672790527344,0.027061083107355444,-0.06843293215222346
6.6796875,952.8192138671876,26.414718627929688,0.05932654504636048,-0.08174344557214752
6.6953125,952.8338623046876,26.41802215576172,0.07253015866854184,-0.07782710588277197
6.7109375,952.7907104492188,26.415817260742188,0.028804508215330316,-0.07940675089525229
6.7265625,952.7886352539062,26.41912841796875,0.026207256010252422,-0.07550109684315487
6.7421875,952.7787475585938,26.412506103515625,0.016000819277905975,-0.0814818221455269
6.7578125,952.8109741210938,26.41619110107422,0.047285440727591777,-0.07718903689484691
6.7734375,952.7880859375,26.414344787597656,0.02392074820545531,-0.0784178866966343
6.7890625,952.8416748046876,26.414344787597656,0.07599575571737205,-0.07780524695681734
6.8046875,952.7872924804688,26.391189575195312,0.0211912941645096,-0.10017170577041767
6.8203125,952.771240234375,26.39634704589844,0.005038676038111589,-0.09427193635582753
6.8359375,952.8034057617188,26.40221405029297,0.036477558784554276,-0.08771426843035357
6.8515625,952.7782592773438,26.38862609863281,0.011109764362458918,-0.10051079649605654
6.8671875,952.7900390625,26.40589904785156,0.0224424880046854,-0.08258755159545217
6.8828125,952.8049926757812,26.40516662597656,0.03666570868267627,-0.08266903617771604
6.8984375,952.7738037109376,26.398910522460938,0.00536977618594392,-0.08823041203948279
6.9140625,952.8084716796876,26.38788604736328,0.039255757730188634,-0.09847945833137928
6.9296875,952.7678833007812,26.39707946777344,-0.001306593418803459,-0.08858849074995945
6.9453125,952.7682495117188,26.388259887695312,-0.0009220156359788234,-0.09664707027474506
6.9609375,952.7853393554688,26.382369995117188,0.015852050221155878,-0.10173589283058249
6.9765625,952.779296875,26.39009094238281,0.009617976593176536,-0.09328045380273409
6.9921875,952.8123779296876,26.376861572265625,0.04186506582607308,-0.10567771592054243
7.0078125,952.7930908203124,26.39486694335937,0.022136980738878265,-0.08698740463283627
7.0234375,952.761474609375,26.389732360839844,-0.00929408898366546,-0.0914022841277351
7.0390625,952.780029296875,26.379806518554688,0.009079727451535291,-0.10053650042529227
7.0546875,952.8394165039062,26.376861572265625,0.06712968966871813,-0.10267299791189899
7.0703125,952.8128662109376,26.37098693847656,0.0397868303582527,-0.10769960332829953
7.0859375,952.7512817382812,26.375755310058597,-0.02137190709697734,-0.10212708149824223
7.1015625,952.7649536132812,26.372817993164062,-0.0075496408451272146,-0.10424358278033452
7.1171875,952.691162109375,26.375030517578125,-0.0797524505179581,-0.10123394072278558
7.1328125,952.7338256835938,26.368408203125,-0.03636448418399141,-0.10701362818234728
7.1484375,952.7427368164062,26.372817993164062,-0.026917153102544944,-0.10180224565779028
7.1640625,952.7485961914062,26.358116149902344,-0.02064649337398805,-0.115593900724825
7.1796875,952.7536010742188,26.368408203125,-0.01533611035517879,-0.10447917681855756
7.1953125,952.7379760742188,26.3673095703125,-0.030356401168546654,-0.1047529829933147
7.2109375,952.7365112304688,26.37098693847656,-0.031199736228700203,-0.1002859615884013
7.2265625,952.7471923828124,26.3662109375,-0.020117830293543193,-0.1042411659824225
7.2421875,952.7586669921876,26.37760162353516,-0.008474408009760737,-0.0921250855726754
7.2578125,952.7615356445312,26.369140625,-0.005496268250794856,-0.09980025532574288
7.2734375,952.7582397460938,26.36768341064453,-0.008620444682719608,-0.10046639569932836
7.2890625,952.7509765625,26.363998413085938,-0.015573401161645961,-0.1033377104980957
7.3046875,952.7422485351562,26.357017517089844,-0.02382679122990794,-0.10945674238095293
7.3203125,952.7553100585938,26.37024688720703,-0.010555008655842357,-0.09547559591795363
7.3359375,952.7428588867188,26.357017517089844,-0.022556841067398636,-0.10785570848799253
7.3515625,952.7462768554688,26.36768341064453,-0.018765066217497406,-0.09643051950413906
7.3671875,952.7264404296876,26.372817993164062,-0.03784755660808514,-0.090582687476914
7.3828125,952.7353515625,26.3673095703125,-0.028371259268396898,-0.09534039852903575
7.3984375,952.7347412109376,26.36437225341797,-0.028415563744260908,-0.09750992077182019
7.4140625,952.7422485351562,26.374656677246094,-0.020499875472410167,-0.08654404774882352
7.4296875,952.7427978515624,26.368408203125,-0.0195608997095178,-0.09206758029280948
7.4453125,952.7355346679688,26.3662109375,-0.026300175426172245,-0.09352840180907762
7.4609375,952.7293701171876,26.369140625,-0.03183064952361292,-0.08989091185353715
7.4765625,952.7349243164062,26.363998413085938,-0.025763238384911347,-0.09429067748816422
7.4921875,952.7315673828124,26.353347778320312,-0.028551418619827018,-0.1041214582518073
7.5078125,952.710693359375,26.360694885253903,-0.04846010139203827,-0.09601830169854253
7.5234375,952.7359008789062,26.37098693847656,-0.022798429871272674,-0.08505651215966736
7.5390625,952.7291870117188,26.376502990722656,-0.028935885006831086,-0.07891905007049616
7.5546875,952.7213745117188,26.36327362060547,-0.0360306431122126,-0.09142851065496771
7.5703125,952.7283935546876,26.37024688720703,-0.028444967328027815,-0.08379543745923712
7.5859375,952.7135620117188,26.36289978027344,-0.042431265955201525,-0.09043049326475838
7.6015625,952.71826171875,26.369140625,-0.036994614413742966,-0.08353191690899564
7.6171875,952.7163696289062,26.372093200683597,-0.03812719831500999,-0.07994981512207389
7.6328125,952.729248046875,26.36768341064453,-0.024755640105126986,-0.08370054574581687
7.6484375,952.7085571289062,26.369140625,-0.044558929986465046,-0.0816008053638626
7.6640625,952.7134399414062,26.357017517089844,-0.03890119331686037,-0.09299169520156525
7.6796875,952.7074584960938,26.36768341064453,-0.0440060245936138,-0.0816826313215131
7.6953125,952.7169189453124,26.3665771484375,-0.033870857105966934,-0.08214210529785149
7.7109375,952.7162475585938,26.361427307128903,-0.03386759062493638,-0.08660997827358585
7.7265625,952.7115478515624,26.36289978027344,-0.03781403012396822,-0.08447236837022842
7.7421875,952.7224731445312,26.35076904296875,-0.02636356650759808,-0.09584839391183309
7.7578125,952.7116088867188,26.365478515625,-0.0365007183763737,-0.08050502343327537
7.7734375,952.7196044921876,26.37134552001953,-0.02794837242106496,-0.07405490951500227
7.7890625,952.723876953125,26.35848999023437,-0.023213491337514824,-0.0862314514931306
7.8046875,952.7213745117188,26.369140625,-0.025213668432343184,-0.07499034159681983
7.8203125,952.7116088867188,26.3665771484375,-0.03429610410751138,-0.07694792895495084
7.8359375,952.7091064453124,26.36583709716797,-0.03607982392179565,-0.0770810428789801
7.8515625,952.7185668945312,26.361427307128903,-0.026099465040715586,-0.08085418578587422
7.8671875,952.7216796875,26.37024688720703,-0.022537713633028034,-0.07147183535065338
7.8828125,952.7261352539062,26.36768341064453,-0.017728980288779894,-0.07345691103883212
7.8984375,952.7132568359376,26.37098693847656,-0.03000959751022947,-0.06960530990050273
7.9140625,952.713623046875,26.37098693847656,-0.02906441417883343,-0.06906151841690544
7.9296875,952.713623046875,26.37098693847656,-0.02849674983940531,-0.06852197530427162
7.9453125,952.7291870117188,26.374298095703125,-0.012680191538720464,-0.06470135856147508
7.9609375,952.7049560546876,26.375755310058597,-0.0361902276993078,-0.0627500493293951
7.9765625,952.7069091796876,26.376129150390625,-0.03356840928722704,-0.06188889486457683
7.9921875,952.7255249023438,26.381637573242188,-0.014660641970294819,-0.05593999957541129
8.0078125,952.7230834960938,26.377227783203125,-0.01676802384099574,-0.059878306883110355
8.0234375,952.70654296875,26.381637573242188,-0.03265799354437604,-0.05503516905620387
8.0390625,952.7158203125,26.38421630859375,-0.02292399647808452,-0.05204661781632325
8.0546875,952.7208862304688,26.372817993164062,-0.017509287913412663,-0.06294926970502601
8.0703125,952.7120361328124,26.375396728515625,-0.02584455382032047,-0.05989888955382838
8.0859375,952.7152099609376,26.373550415039062,-0.022227938083915433,-0.061262818631714566
8.1015625,952.6995239257812,26.378707885742188,-0.03717346595044546,-0.055667024897896766
8.1171875,952.7227783203124,26.377960205078125,-0.013647214555703613,-0.05597396567475599
8.1328125,952.769287109375,26.389732360839844,0.0322197468798322,-0.04385648327309255
8.1484375,952.77880859375,26.375755310058597,0.04092597283192845,-0.05738170956954036
8.1640625,952.751220703125,26.38677978515625,0.013077572788802172,-0.04599506857757518
8.1796875,952.778564453125,26.381637573242188,0.0396318438280332,-0.05073777048779604
8.1953125,952.7958984375,26.376502990722656,0.05585321437092716,-0.055435850249455854
8.2109375,952.7853393554688,26.39009094238281,0.044409481317416066,-0.041520961881573726
8.2265625,952.7921142578124,26.38421630859375,0.0501846886676276,-0.04702531757945749
8.2421875,952.7765502929688,26.382369995117188,0.03394453781174889,-0.04848982143839464
8.2578125,952.8355102539062,26.389732360839844,0.09108995775807216,-0.04080614746795774
8.2734375,952.8403930664062,26.395240783691406,0.09409830208892345,-0.03502196114282796
8.2890625,952.7991333007812,26.38385009765625,0.051806533798639975,-0.04605004837190663
8.3046875,952.830810546875,26.376861572265625,0.08185323731640892,-0.052624209905012265
8.3203125,952.868408203125,26.374298095703125,0.11711786830142046,-0.054756532666985436
8.3359375,952.8610229492188,26.37833404541016,0.10758939927029587,-0.050324328405576324
8.3515625,952.8381958007812,26.380538940429688,0.08310673812127334,-0.04774350031271979
8.3671875,952.8245239257812,26.37134552001953,0.06807871345097283,-0.056492101029729014
8.3828125,952.8624877929688,26.37098693847656,0.10397143648538076,-0.05640653661510342
8.3984375,952.8362426757812,26.370620727539062,0.07620822712408426,-0.05632921046234429
8.4140625,952.8295288085938,26.36768341064453,0.06813704821911415,-0.05880350761189845
8.4296875,952.7916870117188,26.379440307617188,0.029703547216286097,-0.04667905899362168
8.4453125,952.8125,26.374656677246094,0.0495298844135732,-0.05106063710405451
8.4609375,952.861083984375,26.375030517578125,0.09619758228882347,-0.05029080617224224
8.4765625,952.839599609375,26.372093200683597,0.07325396495900804,-0.05281227835531155
8.4921875,952.8673706054688,26.38201141357422,0.09905181728220214,-0.04255895557824729
8.5078125,952.833740234375,26.363998413085938,0.06414368356763589,-0.06009873765975726
8.5234375,952.7865600585938,26.359962463378903,0.016632189274901066,-0.06363363512173947
8.5390625,952.819580078125,26.369140625,0.048682439102890385,-0.05403004011391843
8.5546875,952.8323974609376,26.372817993164062,0.06029865351877106,-0.04995929170024738
8.5703125,952.8010864257812,26.363998413085938,0.028421453941291475,-0.058319661842602954
8.5859375,952.833740234375,26.37024688720703,0.059882386313688585,-0.05166438156743425
8.6015625,952.794921875,26.35517883300781,0.02065262016253655,-0.0662110886122278
8.6171875,952.79638671875,26.35517883300781,0.021685482195493933,-0.06569381448244371
8.6328125,952.8101196289062,26.37098693847656,0.034726626876135924,-0.049495976912023565
8.6484375,952.8189086914062,26.35848999023437,0.04266577356804646,-0.0615086054264431
8.6640625,952.8463745117188,26.357017517089844,0.06876183618760479,-0.062489038894636195
8.6796875,952.8001098632812,26.360694885253903,0.022057789551809037,-0.058352204552996056
8.6953125,952.8345336914062,26.36327362060547,0.05537846108154554,-0.05533773897329297
8.7109375,952.8677368164062,26.35076904296875,0.08685147697838147,-0.06731229851149578
8.7265625,952.8037109375,26.341949462890625,0.022379785609814462,-0.07553709828814092
8.7421875,952.835693359375,26.35298156738281,0.053300445619925085,-0.06400104853192445
8.7578125,952.8182373046876,26.357017517089844,0.03514430517213896,-0.059496621490321644
8.7734375,952.7857666015624,26.33753967285156,0.0026213832569510487,-0.07835747771510171
8.7890625,952.8317260742188,26.357017517089844,0.04763201107130044,-0.05841963634027891
8.8046875,952.8072509765624,26.331298828125,0.022704629949771515,-0.08348099463867698
8.8203125,952.7903442382812,26.336814880371094,0.005684651596993717,-0.07735584128014139
8.8359375,952.826171875,26.341949462890625,0.040701501434568854,-0.07165703017654224
8.8515625,952.7639770507812,26.336814880371094,-0.021073531323509087,-0.07619167822188544
8.8671875,952.7826538085938,26.33753967285156,-0.002349961528352651,-0.07487730069656706
8.8828125,952.7927856445312,26.3309326171875,0.007629884674543064,-0.08084775982655756
8.8984375,952.7562866210938,26.31586456298828,-0.028305288396495598,-0.09516647172869952
8.9140625,952.7493286132812,26.31476593017578,-0.03457455995487635,-0.09551303341197226
8.9296875,952.749267578125,26.308883666992188,-0.03395911864413392,-0.10060314584091401
8.9453125,952.7379760742188,26.319900512695312,-0.044366821328708284,-0.08888640716796203
8.9609375,952.7503662109376,26.321739196777344,-0.03135213998859854,-0.08636766274932128
8.9765625,952.7278442382812,26.31586456298828,-0.05282188388241593,-0.09152165359667919
8.9921875,952.7453002929688,26.31586456298828,-0.03467509034339855,-0.09080664067795396
9.0078125,952.7267456054688,26.319900512695312,-0.05219013374494352,-0.08609279494771371
9.0234375,952.7252197265624,26.308883666992188,-0.05266687177925178,-0.09635097158325578
9.0390625,952.7319946289062,26.319175720214844,-0.04499564190734873,-0.08538658306090596
9.0546875,952.72412109375,26.31549072265625,-0.051836575949096186,-0.08837570889591007
9.0703125,952.7201538085938,26.304840087890625,-0.05471394194307777,-0.09825270035167932
9.0859375,952.73583984375,26.306671142578125,-0.03826564298242374,-0.09566835155742837
9.1015625,952.7222290039062,26.309608459472656,-0.050863270270951944,-0.09200657345459362
9.1171875,952.7290649414062,26.31145477294922,-0.043167423927798154,-0.08945588294695384
9.1328125,952.72265625,26.305572509765625,-0.04860783183141848,-0.09459331686390371
9.1484375,952.7268676757812,26.310714721679688,-0.043529288744480255,-0.08875226819241888
9.1640625,952.7178955078124,26.295654296875,-0.05147603763691677,-0.1030016563330669
9.1796875,952.7216796875,26.295654296875,-0.04676037634874319,-0.10219695589296407
9.1953125,952.7258911132812,26.30078887939453,-0.041717916376683206,-0.09630407358145376
9.2109375,952.7078857421876,26.29712677001953,-0.058556817011890416,-0.0991851971521065
9.2265625,952.7200317382812,26.302635192871094,-0.04550435957219179,-0.09294492450132097
9.2421875,952.6978759765624,26.291244506835938,-0.06633863454703715,-0.10352048857916074
9.2578125,952.7212524414062,26.285728454589844,-0.04212306482611439,-0.10818469285005605
9.2734375,952.7224731445312,26.300064086914062,-0.040103487449187014,-0.09311586474047928
9.2890625,952.7335205078124,26.289405822753903,-0.028488621742894793,-0.1029633935186034
9.3046875,952.7252807617188,26.284996032714844,-0.03601101690219366,-0.10653433056111794
9.3203125,952.7266235351562,26.29637908935547,-0.03399112933448123,-0.09440790459298753
9.3359375,952.6990356445312,26.30078887939453,-0.06037630472587807,-0.08929500428397219
9.3515625,952.7096557617188,26.291244506835938,-0.048784387000523566,-0.09806719421098364
9.3671875,952.708740234375,26.27984619140625,-0.048729212892226315,-0.10861031034660229
9.3828125,952.7111206054688,26.29637908935547,-0.045443590982131354,-0.09135805761302862
9.3984375,952.7091674804688,26.291969299316406,-0.046470998873132885,-0.09501966134230955
9.4140625,952.7009887695312,26.2978515625,-0.05358233266588286,-0.0884410122356023
9.4296875,952.6974487304688,26.294921875,-0.05600670040553268,-0.09065686614391666
9.4453125,952.6971435546876,26.300064086914062,-0.05521203485488968,-0.0848465709936832
9.4609375,952.7095947265624,26.303741455078125,-0.04192568987502909,-0.08053506843251412
9.4765625,952.6990966796876,26.287559509277344,-0.051399835641404934,-0.09596141255959623
9.4921875,952.7107543945312,26.29637908935547,-0.03896590750093765,-0.08646103691521034
9.5078125,952.7229614257812,26.2960205078125,-0.02623624194916374,-0.08614134018897346
9.5234375,952.7654418945312,26.28535461425781,0.015926956746170617,-0.09605092723004205
9.5390625,952.7756958007812,26.300064086914062,0.025669518015774884,-0.08070597445993144
9.5546875,952.8225708007812,26.29712677001953,0.07112763289831037,-0.08298982814075728
9.5703125,952.83544921875,26.31145477294922,0.08236530768601824,-0.06812540470160755
9.5859375,952.7998046875,26.309608459472656,0.04580826127130422,-0.06942506412990213
9.6015625,952.7924194335938,26.31512451171875,0.03767255800244129,-0.06340972272846557
9.6171875,952.8299560546876,26.319900512695312,0.07374024981709226,-0.058175645800716325
9.6328125,952.8572998046876,26.2960205078125,0.09910970294561139,-0.08141459091256209
9.6484375,952.8251953125,26.31512451171875,0.06569651523534503,-0.061823785545325194
9.6640625,952.8049926757812,26.302993774414062,0.04460532620180402,-0.0733767531402485
9.6796875,952.8318481445312,26.302993774414062,0.0700650763003523,-0.07280349725634139
9.6953125,952.8635864257812,26.317703247070312,0.09981501072320498,-0.05764016503290392
9.7109375,952.8021850585938,26.295654296875,0.03766337706042577,-0.07906654401549673
9.7265625,952.872314453125,26.31329345703125,0.10568744402155517,-0.06094748242284709
9.7421875,952.791015625,26.31512451171875,0.0239122757423047,-0.058654580643665355
9.7578125,952.868896484375,26.306304931640625,0.09980498794709547,-0.06694701884115162
9.7734375,952.8536987304688,26.302261352539062,0.08295474900103272,-0.07043598389628514
9.7890625,952.8306274414062,26.304840087890625,0.05871386111164156,-0.06732711379046563
9.8046875,952.8750610351562,26.308883666992188,0.1011328561338587,-0.0627891320741476
9.8203125,952.7994995117188,26.291244506835938,0.02507189260461473,-0.07979994619734754
9.8359375,952.888671875,26.302635192871094,0.11201292276314234,-0.06787481281717334
9.8515625,952.8258666992188,26.300064086914062,0.048246658173638934,-0.06989556003378183
9.8671875,952.8135986328124,26.28169250488281,0.03527588489680511,-0.08757755501765274
9.8828125,952.7860717773438,26.30078887939453,0.007597681197125894,-0.06794617128322855
9.8984375,952.779052734375,26.2974853515625,0.0005673367004419561,-0.0706930608409202
9.9140625,952.9244995117188,26.29637908935547,0.14316227587926278,-0.07123839083664052
9.9296875,952.8377685546876,26.29822540283203,0.055329144651864226,-0.06884995175570197
9.9453125,952.8624267578124,26.28866577148437,0.0784250948903491,-0.07779700823536828
9.9609375,952.8304443359376,26.29307556152344,0.04553558955819881,-0.07281388055413984
9.9765625,952.8063354492188,26.27617645263672,0.02100821254953189,-0.0890121067108538
9.9921875,952.7933959960938,26.2960205078125,0.007911166467010844,-0.06862767613245424
10.0078125,952.8496704101562,26.28131866455078,0.0629319559097894,-0.08267850752390515
10.0234375,952.7938232421876,26.29307556152344,0.006946413176706301,-0.07036753546881513
10.0390625,952.7590942382812,26.28131866455078,-0.02723996200450074,-0.08148283531302525
10.0546875,952.78662109375,26.27507781982422,0.00028129007625921076,-0.08703833878927725
10.0703125,952.7908325195312,26.28169250488281,0.004404967500931889,-0.07979534393591692
10.0859375,952.8130493164062,26.28314971923828,0.02610180804049378,-0.07772611294309684
10.1015625,952.8196411132812,26.27948760986328,0.03205505794448982,-0.08075237683123504
10.1171875,952.8175659179688,26.273971557617188,0.029394318439926792,-0.0855944569751621
10.1328125,952.7823486328124,26.272125244140625,-0.0057092368977009755,-0.08675763943256953
10.1484375,952.7762451171876,26.27690887451172,-0.011582034699813448,-0.08133358711568306
10.1640625,952.8095092773438,26.289405822753903,0.021258646443470752,-0.0682988526322994
10.1796875,952.8245239257812,26.265884399414062,0.03556483209035832,-0.09110293006610704
10.1953125,952.8209838867188,26.27690887451172,0.03139930878899122,-0.07945284203901082
10.2109375,952.800537109375,26.272125244140625,0.010738614815409164,-0.08357837496940235
10.2265625,952.8197631835938,26.265884399414062,0.029379441201513146,-0.08911750704208998
10.2421875,952.814453125,26.267356872558597,0.0235992774787519,-0.08696030707023183
10.2578125,952.7517700195312,26.273971557617188,-0.03832047197454358,-0.07971792183967708
10.2734375,952.7901611328124,26.265884399414062,6.92615935804497e-05,-0.08711910285496671
10.2890625,952.8030395507812,26.253387451171875,0.01269479519601191,-0.09883780069795733
10.3046875,952.8017578125,26.26478576660156,0.011190145646878591,-0.08675636428961653
10.3203125,952.7731323242188,26.25889587402344,-0.017094808598585587,-0.09192245798595522
10.3359375,952.7974853515624,26.256690979003903,0.0071164566602419654,-0.09339198306013685
10.3515625,952.8201293945312,26.248619079589844,0.029179239870700258,-0.1006711958923674
10.3671875,952.8831787109376,26.24383544921875,0.09042721728724246,-0.10463096043327624
10.3828125,952.77099609375,26.24383544921875,-0.02133048974610574,-0.10381353105488955
10.3984375,952.8092041015624,26.254127502441406,0.016547879041581837,-0.09279084128666781
10.4140625,952.770751953125,26.24383544921875,-0.021476451634157456,-0.10227755939596861
10.4296875,952.787109375,26.251182556152344,-0.005019048709186791,-0.09418880830251197
10.4453125,952.7723388671876,26.24383544921875,-0.019403041745704286,-0.10074266589832348
10.4609375,952.7901611328124,26.25523376464844,-0.0015499015872819655,-0.08864634773059521
10.4765625,952.7913208007812,26.24346160888672,-0.0003826118680763102,-0.09963398393378498
10.4921875,952.8253173828124,26.235015869140625,0.032957447308263,-0.10723535083862856
10.5078125,952.76953125,26.24346160888672,-0.022382812740374902,-0.09801781725587588
10.5234375,952.780517578125,26.228775024414062,-0.01117389702528726,-0.11182389859002839
10.5390625,952.8143310546876,26.232810974121094,0.022197400249524435,-0.10694585553234859
10.5546875,952.7794189453124,26.22840118408203,-0.012466374963082671,-0.1104856795903828
10.5703125,952.7556762695312,26.235015869140625,-0.035501842721828325,-0.10305950238700845
10.5859375,952.7623291015624,26.228775024414062,-0.02828555345058703,-0.10844643815174493
10.6015625,952.746826171875,26.220687866210938,-0.04293323932665771,-0.11562317763334917
10.6171875,952.7609252929688,26.22325897216797,-0.028270951861145477,-0.1121688523663451
10.6328125,952.7396850585938,26.215171813964844,-0.04854417087994989,-0.11931651048689673
10.6484375,952.7430419921876,26.2261962890625,-0.044304674057798366,-0.10744600386276204
10.6640625,952.7525634765624,26.21810913085937,-0.03410383050947985,-0.11463055923725207
10.6796875,952.73974609375,26.218849182128903,-0.046004783374201,-0.11300073837422175
10.6953125,952.735595703125,26.21810913085937,-0.049175580757037096,-0.11285218972466282
10.7109375,952.7290649414062,26.220687866210938,-0.05461832797425359,-0.1094119430108087
10.7265625,952.7363891601562,26.203048706054688,-0.04637039615352023,-0.1260585164235657
10.7421875,952.734130859375,26.214439392089844,-0.04767891769779453,-0.1137719879634993
10.7578125,952.7442016601562,26.220687866210938,-0.03687358338299873,-0.10668348639051217
10.7734375,952.7251586914062,26.220687866210938,-0.054824431974111576,-0.10585002165308666
10.7890625,952.7244873046876,26.21002960205078,-0.0544119159839056,-0.11559806483032631
10.8046875,952.7425537109376,26.220687866210938,-0.0356356364968633,-0.10411995847743327
10.8203125,952.7251586914062,26.220687866210938,-0.05199490102768323,-0.10330652130182827
10.8359375,952.7244873046876,26.20818328857422,-0.05163764931376136,-0.11490632472808926
10.8515625,952.7077026367188,26.215171813964844,-0.0670859438981779,-0.1070746915301406
10.8671875,952.723876953125,26.218849182128903,-0.049917259767426,-0.10258953177728358
10.8828125,952.7272338867188,26.213340759277344,-0.04565094480312837,-0.10725343935830622
10.8984375,952.7266845703124,26.213340759277344,-0.04529791235779612,-0.10641552186331893
10.9140625,952.7213134765624,26.22840118408203,-0.04967937708227055,-0.09064138536286137
10.9296875,952.7413330078124,26.21002960205078,-0.029080551968377222,-0.10816130358634624
10.9453125,952.732421875,26.232078552246094,-0.037249659687404346,-0.08543960063016698
10.9609375,952.74169921875,26.22325897216797,-0.02742598164172705,-0.09352278085900778
10.9765625,952.7246704101562,26.22251892089844,-0.043586532613744566,-0.09352640375253074
10.9921875,952.7235107421876,26.233917236328125,-0.04387225135224071,-0.08148646263282444
11.0078125,952.731689453125,26.24604034423828,-0.0349964009536734,-0.06882145351389823
11.0234375,952.725830078125,26.214439392089844,-0.040057811579572444,-0.09963785561809857
11.0390625,952.7178955078124,26.230979919433597,-0.04705503068339567,-0.0824481303972
11.0546875,952.7416381835938,26.220687866210938,-0.022857035470337905,-0.09201565093533048
11.0703125,952.73046875,26.219581604003903,-0.03336188959019637,-0.09239439819593898
11.0859375,952.7356567382812,26.219581604003903,-0.027623629798995353,-0.09167256696003179
11.1015625,952.7183227539062,26.22802734375,-0.04407953577219814,-0.08257661762632651
11.1171875,952.7252197265624,26.233543395996094,-0.036456341180155505,-0.07645852971320011
11.1328125,952.7191162109376,26.232078552246094,-0.0417286096017051,-0.07731459710801758
11.1484375,952.7255249023438,26.22840118408203,-0.034630076043299596,-0.08035921554339254
11.1640625,952.7150268554688,26.22913360595703,-0.044246714267501375,-0.07900470934285764
11.1796875,952.7192993164062,26.23133850097656,-0.03919350619469242,-0.0761998157739292
11.1953125,952.7152709960938,26.234642028808597,-0.04237765020820916,-0.07232678569234352
11.2109375,952.7431640625,26.236846923828125,-0.01420168177457981,-0.06957406340193373
11.2265625,952.7201538085938,26.232078552246094,-0.036485140062040955,-0.07376163471065311
11.2421875,952.7196044921876,26.232810974121094,-0.03631112724031027,-0.07245867211037549
11.2578125,952.7255859375,26.233917236328125,-0.02973730532778518,-0.07079496920097483
11.2734375,952.715576171875,26.234642028808597,-0.0389707609732568,-0.06952275346487369
11.2890625,952.7198486328124,26.233543395996094,-0.03402059886332154,-0.0700696566970862
11.3046875,952.7286987304688,26.22802734375,-0.024678889855294983,-0.07499519559206291
11.3203125,952.725830078125,26.24200439453125,-0.02700950426549298,-0.06054144055447708
11.3359375,952.7300415039062,26.232437133789062,-0.02235280351385427,-0.06956097706778408
11.3515625,952.7154541015624,26.253028869628903,-0.03621871746202032,-0.048586669030850516
11.3671875,952.7192993164062,26.23648834228516,-0.031741207645154645,-0.0646183901529156
11.3828125,952.7241821289062,26.24346160888672,-0.026333817114959857,-0.05719477102361026
11.3984375,952.7207641601562,26.238327026367188,-0.02917069629722846,-0.061842405468585326
11.4140625,952.7166137695312,26.238693237304688,-0.03267028444327025,-0.06099591176131014
11.4296875,952.7154541015624,26.24163055419922,-0.03316921115413152,-0.05760501209438118
11.4453125,952.7163696289062,26.232078552246094,-0.031623729048305904,-0.06663234987525968
11.4609375,952.7255249023438,26.24420928955078,-0.022029618587112054,-0.05407581872236378
11.4765625,952.7166137695312,26.23648834228516,-0.03033643984883838,-0.06131397875370581
11.4921875,952.7169799804688,26.240158081054688,-0.029384872877926682,-0.05719389435930111
11.5078125,952.715576171875,26.253028869628903,-0.030187340036718524,-0.04397683152113885
11.5234375,952.717529296875,26.247146606445312,-0.027682765524332353,-0.049469570527350015
11.5390625,952.7169189453124,26.24383544921875,-0.02774051714379766,-0.05236837831833441
11.5546875,952.71240234375,26.2603759765625,-0.03162709685648224,-0.03554794588884391
11.5703125,952.7056884765624,26.24751281738281,-0.03759211709007104,-0.0480328933101859
11.5859375,952.7103881835938,26.251922607421875,-0.03224998017469716,-0.043282297776812584
11.6015625,952.7173461914062,26.237594604492188,-0.024797988526984227,-0.05716022023223033
11.6171875,952.7201538085938,26.24346160888672,-0.021560871899282574,-0.05089248758896758
11.6328125,952.7470092773438,26.247146606445312,0.005191186755951094,-0.04683868151451165
11.6484375,952.7384033203124,26.256690979003903,-0.0033480755434993625,-0.03700294716720265
11.6640625,952.7328491210938,26.24383544921875,-0.008728402208134867,-0.049468957601163766
11.6796875,952.77099609375,26.253387451171875,0.028843988994026404,-0.03960510443203802
11.6953125,952.8179321289062,26.254127502441406,0.07429994555354824,-0.038561419934673324
11.7109375,952.7786254882812,26.251922607421875,0.03430984194164921,-0.04044782811862646
11.7265625,952.7801513671876,26.254127502441406,0.03513580442518105,-0.037944160184260056
11.7421875,952.786376953125,26.265884399414062,0.04055355070704536,-0.025982675217761653
11.7578125,952.7743530273438,26.27838134765625,0.027972405688956314,-0.01338036973357859
11.7734375,952.831787109375,26.25853729248047,0.08373839225691881,-0.03296485908975555
11.7890625,952.7659301757812,26.265884399414062,0.01753221142359962,-0.02541761346744309
11.8046875,952.7886352539062,26.265884399414062,0.03945140498706223,-0.025219038362227053
11.8203125,952.8365478515624,26.25853729248047,0.08565767446657446,-0.0323117222856979
11.8359375,952.8734741210938,26.266616821289062,0.12018972634177771,-0.024042879465564937
11.8515625,952.8682861328124,26.27690887451172,0.11275561036393356,-0.013643397912886712
11.8671875,952.8190307617188,26.265884399414062,0.0622600002220679,-0.02447515525264876
11.8828125,952.8180541992188,26.273605346679688,0.0600864955790712,-0.0166233157371245
11.8984375,952.8289794921876,26.27690887451172,0.06962483955283005,-0.013215727062085847
11.9140625,952.9529418945312,26.271026611328125,0.18980624107814492,-0.018948787196883643
11.9296875,952.866943359375,26.2603759765625,0.10178021166564122,-0.029368176478428154
11.9453125,952.8240356445312,26.266616821289062,0.05772264336837907,-0.02294664947255498
11.9609375,952.8204345703124,26.25853729248047,0.05306450725208833,-0.030783786263327784
11.9765625,952.8704223632812,26.254859924316406,0.10103955998226866,-0.0341919266584263
11.9921875,952.818115234375,26.254859924316406,0.04778062578157005,-0.03392480223140737
12.0078125,952.7953491210938,26.25926971435547,0.024525947802999326,-0.029284426159591703
12.0234375,952.8825073242188,26.26220703125,0.10950281985515176,-0.026141272473928723
12.0390625,952.8499145507812,26.26698303222656,0.07540789707354634,-0.021198355313796213
12.0546875,952.8497924804688,26.265884399414062,0.0738154004570788,-0.02212279290655772
12.0703125,952.87841796875,26.25853729248047,0.10044009013017785,-0.029239666247651286
12.0859375,952.7927856445312,26.26294708251953,0.014518551733431195,-0.02463589280070977
12.1015625,952.8494262695312,26.253028869628903,0.06976934906288079,-0.034284151740624935
12.1171875,952.8292846679688,26.253387451171875,0.04865845555696069,-0.03366052668048525
12.1328125,952.8836669921876,26.25926971435547,0.10102826454578917,-0.027561245813320312
12.1484375,952.8310546875,26.254127502441406,0.04747033564217418,-0.03244796196388933
12.1640625,952.87060546875,26.26184844970703,0.08532148570282061,-0.024533834895933637
12.1796875,952.7919921875,26.257797241210938,0.006577184834554828,-0.028361722740527284
12.1953125,952.818359375,26.24383544921875,0.03230092756234626,-0.04199286227386523
12.2109375,952.8402709960938,26.25596618652344,0.05315370981520573,-0.029628827117853973
12.2265625,952.7954711914062,26.24456787109375,0.008190742918145588,-0.04070661799639197
12.2421875,952.7942504882812,26.25082397460937,0.006833906203382867,-0.03418136983638931
12.2578125,952.8684692382812,26.235748291015625,0.079469596511899,-0.04887223270021224
12.2734375,952.8220825195312,26.234283447265625,0.032436727805588816,-0.04994381804044323
12.2890625,952.866943359375,26.24383544921875,0.07578784953113882,-0.04007625502413603
12.3046875,952.8223876953124,26.24530792236328,0.030622181846069907,-0.03830218983366862
12.3203125,952.7967529296876,26.238693237304688,0.004890005748279691,-0.04456596180716588
12.3359375,952.8243408203124,26.22987365722656,0.031843562459471286,-0.052968467339315595
12.3515625,952.8245849609376,26.238327026367188,0.031460990133837186,-0.04416732399401013
12.3671875,952.8642578125,26.22657012939453,0.06974450885059014,-0.05548731299036547
12.3828125,952.7896118164062,26.235015869140625,-0.004805755070492523,-0.04667406095330051
12.3984375,952.8150024414062,26.234642028808597,0.02018282168864971,-0.04668033955653783
12.4140625,952.7939453125,26.234642028808597,-0.0008572309047849558,-0.04631564940375199
12.4296875,952.75927734375,26.220687866210938,-0.034831348099032766,-0.059798954095150236
12.4453125,952.7363891601562,26.22251892089844,-0.05659219708945784,-0.05751502519352414
12.4609375,952.7462158203124,26.215171813964844,-0.04585214754013123,-0.06435539671987911
12.4765625,952.7442016601562,26.220314025878903,-0.046931418874123665,-0.05875058179952575
12.4921875,952.7393798828124,26.21002960205078,-0.050742391604330805,-0.06849566964618248
12.5078125,952.7353515625,26.212966918945312,-0.053700971449643475,-0.0650461781207774
12.5234375,952.7386474609376,26.218849182128903,-0.04942059892971429,-0.05870169685174176
12.5390625,952.7451171875,26.21149444580078,-0.04211198814141426,-0.06554036729564672
12.5546875,952.7509765625,26.217002868652344,-0.03554455429105019,-0.0595629448781132
12.5703125,952.7395629882812,26.218849182128903,-0.046040977562370244,-0.05726572021873011
12.5859375,952.740966796875,26.21002960205078,-0.0437653492622303,-0.0655690088882821
12.6015625,952.7384033203124,26.22913360595703,-0.045423965945474265,-0.04610199713060936
12.6171875,952.7528076171876,26.215545654296875,-0.03041381615867067,-0.05922362106583634
12.6328125,952.7442626953124,26.22913360595703,-0.03819782518166903,-0.04527914073844741
12.6484375,952.731201171875,26.21259307861328,-0.05025818946637628,-0.06133670192530616
12.6640625,952.725341796875,26.204147338867188,-0.05502151828534352,-0.06923726634584071
12.6796875,952.7341918945312,26.217002868652344,-0.04526963506998527,-0.05594125424380536
12.6953125,952.7473754882812,26.21186828613281,-0.03145936082546541,-0.06059868178862615
12.7109375,952.7283935546876,26.227294921875,-0.04945611288746932,-0.04481913943669724
12.7265625,952.7251586914062,26.21149444580078,-0.05166185554048752,-0.060146024764737405
12.7421875,952.7283325195312,26.20708465576172,-0.04754099563001546,-0.06405147250064402
12.7578125,952.7135620117188,26.21186828613281,-0.06109448189090472,-0.05880481211291766
12.7734375,952.7212524414062,26.217002868652344,-0.052361004308750125,-0.05325093092468336
12.7890625,952.7276611328124,26.215171813964844,-0.04505480679119955,-0.05465165759958879
12.8046875,952.7286376953124,26.21479797363281,-0.043217341082367966,-0.05459561122903267
12.8203125,952.7286376953124,26.215171813964844,-0.04237325238932499,-0.053798163311864045
12.8359375,952.7227172851562,26.215171813964844,-0.047350426948923996,-0.0533778651609893
12.8515625,952.753173828125,26.20893096923828,-0.016563925308673788,-0.05915293871655436
12.8671875,952.7291870117188,26.22509765625,-0.03975873504077754,-0.04265042161339139
12.8828125,952.7278442382812,26.20818328857422,-0.04029874464083605,-0.05909943937285078
12.8984375,952.7172241210938,26.220687866210938,-0.049924352808261574,-0.046230839378818445
12.9140625,952.7149658203124,26.215171813964844,-0.05116346113675263,-0.05134261903409154
12.9296875,952.73046875,26.21002960205078,-0.03496403669430492,-0.05604354320637128
12.9453125,952.7264404296876,26.21076202392578,-0.03823078753384834,-0.054879003195971165
12.9609375,952.7348022460938,26.213340759277344,-0.029285592785413428,-0.05189167200187583
12.9765625,952.7225341796876,26.22325897216797,-0.04074206428549587,-0.04164554146194277
12.9921875,952.7246704101562,26.218849182128903,-0.037851813625138675,-0.04569552422365675
13.0078125,952.7361450195312,26.224365234375,-0.025862024479579304,-0.03986556985273637
13.0234375,952.720703125,26.220687866210938,-0.04049720184264061,-0.04320275881354263
13.0390625,952.7191162109376,26.22251892089844,-0.041262160516225777,-0.041048487687554314
13.0546875,952.7120971679688,26.220687866210938,-0.04733821122954396,-0.042544545950253365
13.0703125,952.7137451171876,26.220687866210938,-0.044797874080813926,-0.04221216668501526
13.0859375,952.7155151367188,26.21186828613281,-0.042187466765540194,-0.05063306124155531
13.1015625,952.7235717773438,26.213340759277344,-0.03346420844252407,-0.048776521002512396
13.1171875,952.7135620117188,26.220687866210938,-0.04262487301150486,-0.0411057467715068
13.1328125,952.7221069335938,26.219955444335938,-0.03341432709089531,-0.0415113079539573
13.1484375,952.713623046875,26.2261962890625,-0.041079889321167684,-0.03499491273343125
13.1640625,952.72802734375,26.22251892089844,-0.026154584781238555,-0.038370153702977916
13.1796875,952.720458984375,26.230979919433597,-0.03306429290319102,-0.029675489893072893
13.1953125,952.7152709960938,26.232078552246094,-0.037505166317600924,-0.028353600384633637
13.2109375,952.7147216796876,26.222885131835938,-0.03731123110799217,-0.037253684694832145
13.2265625,952.7252807617188,26.220687866210938,-0.026229646165234044,-0.039142739770458235
13.2421875,952.7178955078124,26.231704711914062,-0.03295835905453259,-0.02790616051993311
13.2578125,952.7147216796876,26.217002868652344,-0.035426480398427884,-0.04227512875210948
13.2734375,952.7138671875,26.22913360595703,-0.03557235984021645,-0.029908888389240218
13.2890625,952.7151489257812,26.234642028808597,-0.03362088285666687,-0.02420983690065981
13.3046875,952.7186279296876,26.21810913085937,-0.029553170377084825,-0.04042443223386982
13.3203125,952.708740234375,26.22251892089844,-0.03867053628164285,-0.03573327780265245
13.3359375,952.7061767578124,26.24163055419922,-0.04042866103088727,-0.016491787904204358
13.3515625,952.7294921875,26.232810974121094,-0.016778988543592277,-0.025113622919967327
13.3671875,952.7149047851562,26.230979919433597,-0.03075376606534519,-0.026734172313656046
13.3828125,952.7159423828124,26.238693237304688,-0.029135774494989164,-0.018872254017232137
13.3984375,952.7227172851562,26.2261962890625,-0.02192413636691981,-0.031124130366766423
13.4140625,952.7142944335938,26.219581604003903,-0.029754273321373148,-0.03744398092985435
13.4296875,952.714111328125,26.217002868652344,-0.02935266436065831,-0.03971003881046542
13.4453125,952.7055053710938,26.24200439453125,-0.03721724206786803,-0.01459360267428167
13.4609375,952.7037963867188,26.24604034423828,-0.03816594858267308,-0.010475171303443886
13.4765625,952.7210083007812,26.24200439453125,-0.020544776033489143,-0.014397752877581382
13.4921875,952.770751953125,26.237594604492188,0.02862858575736027,-0.01866060898760935
13.5078125,952.738037109375,26.235015869140625,-0.004006448266181906,-0.02107341196152035
13.5234375,952.7904663085938,26.232078552246094,0.04747699409801953,-0.023823145036864446
13.5390625,952.74169921875,26.238327026367188,-0.0012648985632495169,-0.017437368799242847
13.5546875,952.74169921875,26.24751281738281,-0.0012401935132402286,-0.008187112332187496
13.5703125,952.7882080078124,26.23648834228516,0.04438444329230151,-0.01906149690304204
13.5859375,952.7642822265624,26.24604034423828,0.02005907879924962,-0.009435202020625866
13.6015625,952.8112182617188,26.240158081054688,0.06568661563619571,-0.015197797507312316
13.6171875,952.7885131835938,26.24200439453125,0.04214205435664553,-0.013247175561758695
13.6328125,952.9022216796876,26.24897766113281,0.15280659438701605,-0.006224894046447105
13.6484375,952.8031005859376,26.24346160888672,0.05263695570272375,-0.011649220149628547
13.6640625,952.855224609375,26.240158081054688,0.10271486626629667,-0.014835929638053358
13.6796875,952.8345947265624,26.24273681640625,0.08048176112060901,-0.012161434956126982
13.6953125,952.79296875,26.23133850097656,0.038096882516015285,-0.023375689835930302
13.7109375,952.779296875,26.235748291015625,0.023947956588017405,-0.018817728704700443
13.7265625,952.7665405273438,26.232437133789062,0.010973022819825928,-0.021956004009926033
13.7421875,952.7877807617188,26.236846923828125,0.03158409201523682,-0.017409134174215524
13.7578125,952.7571411132812,26.232078552246094,0.0009259974141286875,-0.02200424399252654
13.7734375,952.7559814453124,26.240158081054688,-0.0002291066766701988,-0.013815928346559758
13.7890625,952.7783203125,26.235748291015625,0.021677929250927264,-0.01808332996073503
13.8046875,952.7767944335938,26.235748291015625,0.01975845561139522,-0.01794205394541848
13.8203125,952.792236328125,26.24897766113281,0.03451284330390081,-0.0046758659858276985
13.8359375,952.7744140625,26.235748291015625,0.01636458983364264,-0.0177653514459557
13.8515625,952.8220825195312,26.24346160888672,0.06278240141830338,-0.009973502062557316
13.8671875,952.7518310546876,26.232810974121094,-0.00732318328027759,-0.02046301075921164
13.8828125,952.774658203125,26.22657012939453,0.015201153337670803,-0.026495231614791948
13.8984375,952.815185546875,26.232078552246094,0.05464004987891258,-0.0208228493197673
13.9140625,952.8289794921876,26.233917236328125,0.06709739372297463,-0.01883585144681632
13.9296875,952.776611328125,26.23023223876953,0.01444154939360942,-0.02234490487255414
13.9453125,952.8234252929688,26.22325897216797,0.060059117474907,-0.029089123259474547
13.9609375,952.7886352539062,26.234283447265625,0.02477554172469354,-0.017923518098054814
13.9765625,952.8907470703124,26.219955444335938,0.12440908941732687,-0.03199955601971283
13.9921875,952.8206176757812,26.220687866210938,0.053219544595435764,-0.031022859659206148
14.0078125,952.7974243164062,26.22472381591797,0.029439736290328256,-0.02677607471817467
14.0234375,952.821044921875,26.215171813964844,0.05202400695907272,-0.03604426357230395
14.0390625,952.7997436523438,26.214439392089844,0.030122683962417796,-0.03648936759224597
14.0546875,952.849365234375,26.21076202392578,0.07818676079853049,-0.039852933133211366
14.0703125,952.8985595703124,26.224365234375,0.12489318469033606,-0.026044646725523535
14.0859375,952.8659057617188,26.20635223388672,0.09043782578226,-0.04371344684494716
14.1015625,952.8306884765624,26.215171813964844,0.05414201444182254,-0.03462125843270769
14.1171875,952.7854614257812,26.218849182128903,0.008740843276655141,-0.030702141125924953
14.1328125,952.7667236328124,26.197532653808597,-0.009801696768477086,-0.051612273591182145
14.1484375,952.843505859375,26.20818328857422,0.06567231632163839,-0.040641626022235755
14.1640625,952.8123168945312,26.21149444580078,0.03380984851935409,-0.03703882450820828
14.1796875,952.9027709960938,26.21076202392578,0.12183691980681033,-0.037476158520838965
14.1953125,952.800537109375,26.20745849609375,0.019220161348016518,-0.040461095053238694
14.2109375,952.7542724609376,26.20377349853516,-0.02651627445095528,-0.04380120126329956
14.2265625,952.7849731445312,26.18319702148437,0.004102682401594393,-0.06387472770225955
14.2421875,952.8020629882812,26.19385528564453,0.020778609625153877,-0.0528007099206782
14.2578125,952.7606811523438,26.20818328857422,-0.020200819548449545,-0.03817213896762439
14.2734375,952.8499755859376,26.196060180664062,0.06774412939614649,-0.04990231526154787
14.2890625,952.7656860351562,26.199363708496094,-0.01622226862377829,-0.04623473440272363
14.3046875,952.8030395507812,26.196800231933597,0.020718527333201564,-0.04841697494205377
14.3203125,952.7340698242188,26.184303283691406,-0.04730879299438584,-0.06043803315936813
14.3359375,952.8834228515624,26.1890869140625,0.10005118289711845,-0.05521960276649196
14.3515625,952.764892578125,26.186134338378903,-0.018118170803177236,-0.05771770830594747
14.3671875,952.8112182617188,26.186508178710938,0.027656584806436513,-0.05689586900536625
14.3828125,952.808349609375,26.18798065185547,0.02430379315671871,-0.05499040058067095
14.3984375,952.776123046875,26.182472229003903,-0.007768027754536888,-0.060026176374172735
14.4140625,952.7816772460938,26.175857543945312,-0.0021705896972434857,-0.06612022970281828
14.4296875,952.887939453125,26.182472229003903,0.10205857793300765,-0.059040657576694855
14.4453125,952.7612915039062,26.17731475830078,-0.02410911012782435,-0.06369658040263104
14.4609375,952.7559814453124,26.168495178222656,-0.028844575582638754,-0.07194962797699844
14.4765625,952.784423828125,26.17144775390625,-0.0003943374424579815,-0.06845801282236152
14.4921875,952.7625732421876,26.16666412353516,-0.021810452220051957,-0.07266944285600374
14.5078125,952.7501220703124,26.17144775390625,-0.03359245174965508,-0.06735545457487646
14.5234375,952.7470092773438,26.17327880859375,-0.03598834540741791,-0.06501249051325786
14.5390625,952.7562255859376,26.168495178222656,-0.026249145469591895,-0.06925083868994264
14.5546875,952.7587280273438,26.17731475830078,-0.02328290124967225,-0.05995913940391162
14.5703125,952.7476196289062,26.164833068847656,-0.03371959461514962,-0.07187488488159133
14.5859375,952.7463989257812,26.181724548339844,-0.03425787004994163,-0.054553847534798194
14.6015625,952.7570190429688,26.17144775390625,-0.023176078001824862,-0.06432415257801338
14.6171875,952.7302856445312,26.184303283691406,-0.04893468197758466,-0.051066524177286965
14.6328125,952.73583984375,26.167770385742188,-0.04253320770499158,-0.06707130164114261
14.6484375,952.7418823242188,26.1927490234375,-0.03577801771996292,-0.04176381500875337
14.6640625,952.7330322265624,26.17437744140625,-0.04375647249787562,-0.059665589250627704
14.6796875,952.731201171875,26.164833068847656,-0.04469714579488482,-0.06866925898258813
14.6953125,952.7410888671876,26.169601440429688,-0.034129578402485095,-0.06340166171774086
14.7109375,952.746826171875,26.17327880859375,-0.027837737119057238,-0.059257697510290086
14.7265625,952.7400512695312,26.17327880859375,-0.033936611348281076,-0.0587947467484895
14.7421875,952.7197265625,26.186134338378903,-0.05320152700494418,-0.04558031683081154
14.7578125,952.7329711914062,26.182472229003903,-0.0391764899327427,-0.04885771975108
14.7734375,952.7326049804688,26.164085388183597,-0.03877038249390807,-0.06671921244192092
14.7890625,952.730224609375,26.17327880859375,-0.0403470279316025,-0.0570763717815197
14.8046875,952.7227783203124,26.164833068847656,-0.046859853771707094,-0.0650102200313043
14.8203125,952.7177124023438,26.164833068847656,-0.05091159651101407,-0.06450232768731112
14.8359375,952.7308349609376,26.17365264892578,-0.0370509707703377,-0.05524772614348805
14.8515625,952.7288208007812,26.18026733398437,-0.038302140088262604,-0.04825309545142176
14.8671875,952.7252197265624,26.164833068847656,-0.0410847921526738,-0.06318980308354227
14.8828125,952.7129516601562,26.168869018554688,-0.052310810540120656,-0.05869171389700867
14.8984375,952.7133178710938,26.16078186035156,-0.05093005664161865,-0.06625716216185396
14.9140625,952.7244873046876,26.16078186035156,-0.03898404837889302,-0.06573952808246375
14.9296875,952.7275390625,26.167770385742188,-0.03523048801639561,-0.058292010483306456
14.9453125,952.7352905273438,26.157470703125,-0.026942323501316423,-0.06805582049814518
14.9609375,952.7301635742188,26.17731475830078,-0.0314429235671696,-0.047835110905783296
14.9765625,952.7099609375,26.15784454345703,-0.05063685793663808,-0.0667795028921141
14.9921875,952.7073974609376,26.15160369873047,-0.052161265465883844,-0.07244987615290555
15.0078125,952.7205810546876,26.1563720703125,-0.038216389065155454,-0.0671527428164147
15.0234375,952.7073364257812,26.168495178222656,-0.05045591996429266,-0.05459971588355472
15.0390625,952.7091064453124,26.17034149169922,-0.047735003940374554,-0.05234126645068926
15.0546875,952.7194213867188,26.161521911621094,-0.0366892019376337,-0.06068302741530829
15.0703125,952.7185668945312,26.17144775390625,-0.03681041884919978,-0.05036064462132117
15.0859375,952.7135620117188,26.164085388183597,-0.040998596551162336,-0.0572720493256611
15.1015625,952.7092895507812,26.164833068847656,-0.044386857147060255,-0.0560827720314343
15.1171875,952.6944580078124,26.15857696533203,-0.058061790738634045,-0.06185185308184771
15.1328125,952.7272338867188,26.154541015625,-0.024792046366769682,-0.06537305432959073
15.1484375,952.702392578125,26.1563720703125,-0.04866395349642971,-0.06304557776988773
15.1640625,952.704345703125,26.164833068847656,-0.04579850762740989,-0.054158137209459056
15.1796875,952.719482421875,26.167770385742188,-0.030062925813354013,-0.05082065765621735
15.1953125,952.7227172851562,26.18026733398437,-0.026304076935730336,-0.03802430543423796
15.2109375,952.7282104492188,26.18026733398437,-0.020404449731131535,-0.037727240548033336
15.2265625,952.760498046875,26.168495178222656,0.011651055192260173,-0.049112682276078345
15.2421875,952.7688598632812,26.17365264892578,0.019621995200054698,-0.04361181148253834
15.2578125,952.7532348632812,26.17327880859375,0.003918928887514994,-0.04364201390976774
15.2734375,952.8130493164062,26.18099975585937,0.06248858939511592,-0.035640433310987873
15.2890625,952.80419921875,26.178787231445312,0.052590864947092086,-0.0375572314928192
15.3046875,952.7926635742188,26.182472229003903,0.04025336064205476,-0.033607607106617365
15.3203125,952.7822265625,26.168495178222656,0.029233998358449753,-0.047212902748114516
15.3359375,952.8465576171876,26.17327880859375,0.09173761060378638,-0.04209779368657607
15.3515625,952.8530883789062,26.17327880859375,0.09634906817552746,-0.04176890467340044
15.3671875,952.8560791015624,26.169601440429688,0.09739956054193044,-0.04509122383091935
15.3828125,952.816162109375,26.182472229003903,0.05635986194135967,-0.031968713106262925
15.3984375,952.8641967773438,26.178787231445312,0.10235557424778108,-0.03537516605028301
15.4140625,952.7520141601562,26.18099975585937,-0.009635108507268342,-0.03290355849843962
15.4296875,952.8477783203124,26.17327880859375,0.08444684360881638,-0.040307126812781036
15.4453125,952.875732421875,26.17731475830078,0.11020561421105413,-0.035987808534610366
15.4609375,952.8773193359376,26.163360595703125,0.10960908045581164,-0.049551799482795644
15.4765625,952.7928466796876,26.17731475830078,0.024645478420552536,-0.03531953034697466
15.4921875,952.765625,26.17144775390625,-0.002525884836018122,-0.040864764938838505
15.5078125,952.780517578125,26.154541015625,0.012125156310730745,-0.057320163351182174
15.5234375,952.7340698242188,26.15160369873047,-0.03365223436128417,-0.059786718681294815
15.5390625,952.7797241210938,26.168495178222656,0.011767647230271905,-0.042560120132943524
15.5546875,952.7437133789062,26.162254333496094,-0.02376959700882253,-0.04841970732154266
15.5703125,952.7054443359376,26.162254333496094,-0.060826947790360464,-0.04804142835809344
15.5859375,952.8028564453124,26.147193908691406,0.03587060764721173,-0.06260886993494807
15.6015625,952.7230834960938,26.162254333496094,-0.04304487396257173,-0.04717697290267964
15.6171875,952.8077392578124,26.164833068847656,0.04079817510455541,-0.0442498138202474
15.6328125,952.7278442382812,26.16078186035156,-0.03833323418382406,-0.04792367057949676
15.6484375,952.7490234375,26.162628173828125,-0.016818995219637145,-0.04571737775056306
15.6640625,952.7797241210938,26.157470703125,0.013610561648079056,-0.05047738870014484
15.6796875,952.755859375,26.160423278808597,-0.01005390740567691,-0.04715352541485629
15.6953125,952.8535766601562,26.164833068847656,0.08595120240386223,-0.04240979994317229
15.7109375,952.7308349609376,26.15160369873047,-0.03607193242385165,-0.05520448904426445
15.7265625,952.865234375,26.154541015625,0.09640702301283,-0.05185883486731413
15.7421875,952.7340698242188,26.162254333496094,-0.03407866980421659,-0.0438006301446876
15.7578125,952.8429565429688,26.164833068847656,0.07334695423980975,-0.04089984874005381
15.7734375,952.7697143554688,26.1563720703125,0.00010272051440551877,-0.04897521565587226
15.7890625,952.7802734375,26.15380859375,0.010453564214685684,-0.051136046185416006
15.8046875,952.7650756835938,26.14093780517578,-0.004651529736634075,-0.06350678136307408
15.8203125,952.7517700195312,26.15601348876953,-0.017606467357722977,-0.04805272981800002
15.8359375,952.7455444335938,26.14203643798828,-0.023366583504298433,-0.06154517293831674
15.8515625,952.7758178710938,26.14424133300781,0.0067719545036197815,-0.058876681997549696
15.8671875,952.752685546875,26.145721435546875,-0.016040831244140463,-0.05694816868146546
15.8828125,952.7744140625,26.13873291015625,0.005576596795322075,-0.06343718864965098
15.8984375,952.7659301757812,26.143142700195312,-0.002850506917070561,-0.058566247058944754
15.9140625,952.7478637695312,26.13873291015625,-0.020508379706825508,-0.062484036808179155
15.9296875,952.7754516601562,26.12439727783203,0.0069412392205094875,-0.07621951546730088
15.9453125,952.7208251953124,26.13873291015625,-0.04675387356041938,-0.061400415306025025
15.9609375,952.8538208007812,26.128448486328125,0.08455732308209463,-0.07112480132841625
15.9765625,952.7774047851562,26.13873291015625,0.007982297545822803,-0.060365062051069174
15.9921875,952.7862548828124,26.13947296142578,0.016503637483197053,-0.05915919038480766
16.0078125,952.7744140625,26.14057922363281,0.004571746522969988,-0.057599389676390444
16.0234375,952.7786254882812,26.14057922363281,0.008611625970161185,-0.05714939444454359
16.0390625,952.7542114257812,26.129913330078125,-0.015493795191332538,-0.06728548106173449
16.0546875,952.7853393554688,26.132118225097656,0.015328780306845147,-0.06457214396374766
16.0703125,952.7216796875,26.130279541015625,-0.047386925012233405,-0.06589199345167174
16.0859375,952.7638549804688,26.1214599609375,-0.0051098423551820815,-0.07412788936159487
16.1015625,952.791748046875,26.129180908203125,0.022338239206305843,-0.06588813786084557
16.1171875,952.7548217773438,26.1214599609375,-0.014303107857699615,-0.07303401414892008
16.1328125,952.7421875,26.126976013183597,-0.02641126439675645,-0.0669904778254562
16.1484375,952.7044067382812,26.113746643066406,-0.06293827560546106,-0.07959313038059435
16.1640625,952.683349609375,26.10971069335937,-0.08235486926730573,-0.08297572789944496
16.1796875,952.8234252929688,26.12294006347656,0.05659345467165622,-0.06920146436208441
16.1953125,952.8002319335938,26.114479064941406,0.03274774968542715,-0.0770557249058541
16.2109375,952.7928466796876,26.110809326171875,0.02486713453356515,-0.0800947959904228
16.2265625,952.76318359375,26.111167907714844,-0.004702280478227294,-0.079113275272082
16.2421875,952.7177734375,26.115951538085938,-0.04913367819835912,-0.07374894455019998
16.2578125,952.8604736328124,26.111167907714844,0.09173904607666827,-0.0779190391797222
16.2734375,952.8032836914062,26.11044311523437,0.03387431746989478,-0.07802942672535096
16.2890625,952.8091430664062,26.10345458984375,0.03895764378887634,-0.0843537493650679
16.3046875,952.7910766601562,26.111167907714844,0.020483205555706263,-0.07604167812292673
16.3203125,952.8086547851562,26.091697692871094,0.03731794519330833,-0.09476570630287284
16.3359375,952.7606201171876,26.10345458984375,-0.010507411783578391,-0.08236030300732367
16.3515625,952.7473754882812,26.11044311523437,-0.023288133645223752,-0.07478293560407323
16.3671875,952.7523193359376,26.12073516845703,-0.01798599915309751,-0.06398704736280791
16.3828125,952.7570190429688,26.11412048339844,-0.013026794228949257,-0.07005015638685563
16.3984375,952.752685546875,26.10345458984375,-0.017021222152379778,-0.08008545580137749
16.4140625,952.7325439453124,26.09537506103516,-0.03643698731434597,-0.08747619566770126
16.4296875,952.7508544921876,26.106033325195312,-0.017772408399309825,-0.07621779141764762
16.4453125,952.7531127929688,26.10162353515625,-0.015211097703740961,-0.07999767847658035
16.4609375,952.7622680664062,26.10345458984375,-0.005937546448535613,-0.07755594704072877
16.4765625,952.7325439453124,26.083984375,-0.03496515059816829,-0.096268144994756
16.4921875,952.7413940429688,26.108230590820312,-0.025604993314004787,-0.0714592578527693
16.5078125,952.7444458007812,26.09868621826172,-0.022112742620606696,-0.0803707895487733
16.5234375,952.7571411132812,26.09537506103516,-0.009233495938588021,-0.08302818156614933
16.5390625,952.7424926757812,26.107505798339844,-0.023415489426156455,-0.07034355797817327
16.5546875,952.7407836914062,26.10455322265625,-0.024633761422251155,-0.07272350761753543
16.5703125,952.736328125,26.10345458984375,-0.028521176894400924,-0.07324540495792675
16.5859375,952.7330932617188,26.10162353515625,-0.031135805015992446,-0.07448992480444616
16.6015625,952.7275390625,26.10234832763672,-0.03597340258954773,-0.07318884222769739
16.6171875,952.7491455078124,26.097938537597656,-0.014086352642834754,-0.07699239295217453
16.6328125,952.7409057617188,26.092071533203125,-0.021890042120503495,-0.08221205830493616
16.6484375,952.7314453125,26.08470916748047,-0.030738177055241067,-0.0888746238398781
16.6640625,952.73193359375,26.097938537597656,-0.029659077527753652,-0.07505427517798324
16.6796875,952.73974609375,26.093902587890625,-0.021419886560465784,-0.07847233250310026
16.6953125,952.732177734375,26.10162353515625,-0.028422069257089788,-0.07019864004030651
16.7109375,952.72998046875,26.11044311523437,-0.030021300997645994,-0.060899536056229664
16.7265625,952.7254638671876,26.10419464111328,-0.033863334150623814,-0.06662341634780944
16.7421875,952.7289428710938,26.099044799804688,-0.029790886294449592,-0.0712125290809631
16.7578125,952.7291870117188,26.10419464111328,-0.028969660793109142,-0.06554657302414668
16.7734375,952.7296142578124,26.11044311523437,-0.02798494566241061,-0.0588348325053758
16.7890625,952.7296142578124,26.113014221191406,-0.02743836469244343,-0.055824166184681445
16.8046875,952.7227172851562,26.107505798339844,-0.03366472529103248,-0.060853428184397984
16.8203125,952.7286987304688,26.108230590820312,-0.02714259091646909,-0.059658880737490705
16.8359375,952.728271484375,26.111167907714844,-0.027031363631067507,-0.05627842662543614
16.8515625,952.7141723632812,26.116683959960938,-0.040327154945089205,-0.05036579332950453
16.8671875,952.7296142578124,26.11962890625,-0.0243992201715173,-0.04705037167293824
16.8828125,952.7144165039062,26.108604431152344,-0.03882359567774074,-0.057621137030199776
16.8984375,952.7294311523438,26.11742401123047,-0.023343928739450348,-0.04842029478838583
16.9140625,952.7302856445312,26.112274169921875,-0.022050189744277304,-0.05315161940872315
16.9296875,952.7250366210938,26.115951538085938,-0.026766025424308282,-0.04908773365681185
16.9453125,952.7140502929688,26.11044311523437,-0.03701500289400883,-0.05416962403565506
16.9609375,952.71826171875,26.115951538085938,-0.03216288224723485,-0.04828103554983798
16.9765625,952.719970703125,26.11632537841797,-0.029859095179403994,-0.04753292025516842
16.9921875,952.7188720703124,26.111167907714844,-0.03035308486721533,-0.052278747278933224
17.0078125,952.7166137695312,26.120361328125,-0.031974444522461454,-0.04274872275261288
17.0234375,952.7263793945312,26.12294006347656,-0.02177505351619402,-0.039856159374483724
17.0390625,952.727294921875,26.11264038085937,-0.020452113551868933,-0.049763999476112986
17.0546875,952.7185668945312,26.114479064941406,-0.02861021626870297,-0.04755089886756281
17.0703125,952.7294311523438,26.112274169921875,-0.01739935770513057,-0.049367076747351746
17.0859375,952.713623046875,26.11815643310547,-0.03255887990871997,-0.0431450884577913
17.1015625,952.7142944335938,26.11742401123047,-0.03126469058861403,-0.043534717283314706
17.1171875,952.7177734375,26.130279541015625,-0.02724299748933845,-0.030439506345828704
17.1328125,952.69091796875,26.12586975097656,-0.05304185557065466,-0.034577036256887794
17.1484375,952.7138671875,26.12109375,-0.029504890007729045,-0.03904559163006027
17.1640625,952.714599609375,26.127708435058597,-0.028210505864535662,-0.032177540113874414
17.1796875,952.7307739257812,26.128448486328125,-0.011801107632891217,-0.031191883462749814
17.1953125,952.71826171875,26.11705017089844,-0.023838445237061023,-0.04225746296358679
17.2109375,952.708251953125,26.126243591308597,-0.03318711299368715,-0.03280572972098028
17.2265625,952.7048950195312,26.130279541015625,-0.03583029567755602,-0.028545016107592858
17.2421875,952.7059326171876,26.129913330078125,-0.03411315313792329,-0.028685358083802015
17.2578125,952.6993408203124,26.1214599609375,-0.03990993145816901,-0.036848580917986595
17.2734375,952.7092895507812,26.127708435058597,-0.02937602128247363,-0.03036104346253765
17.2890625,952.712890625,26.127708435058597,-0.02527153012886174,-0.03012384781048638
17.3046875,952.7152709960938,26.134323120117188,-0.022444066085199665,-0.023325497417896912
17.3203125,952.7129516601562,26.130653381347656,-0.0242797418269447,-0.02678433590471485
17.3359375,952.7155151367188,26.125503540039062,-0.02129211945850784,-0.03168469145382957
17.3515625,952.7263793945312,26.130653381347656,-0.010224192473287985,-0.02632754662847603
17.3671875,952.7430419921876,26.125503540039062,0.006312655081842422,-0.031231470843810172
17.3828125,952.7706298828124,26.14131164550781,0.033238425673289385,-0.015302870333069762
17.3984375,952.822998046875,26.130279541015625,0.0839345860300682,-0.026129232834431804
17.4140625,952.8367919921876,26.132858276367188,0.09581977096490846,-0.023366509221283138
17.4296875,952.7916259765624,26.129913330078125,0.049664424180718925,-0.026105897264169897
17.4453125,952.7483520507812,26.1214599609375,0.006265683977744629,-0.0342892721360073
17.4609375,952.7846069335938,26.135421752929688,0.04169008697010668,-0.020168671705196317
17.4765625,952.7607421875,26.130279541015625,0.017477189687383543,-0.025113142340984496
17.4921875,952.7734375,26.13800048828125,0.029583195504073956,-0.017256318551332583
17.5078125,952.800537109375,26.128448486328125,0.05557571884628487,-0.026598880500515065
17.5234375,952.7582397460938,26.135421752929688,0.013019012682889297,-0.019472288790367998
17.5390625,952.7680053710938,26.130653381347656,0.022339625228141813,-0.024051280213239323
17.5546875,952.7543334960938,26.134323120117188,0.008498458231542827,-0.020222310651178077
17.5703125,952.7780151367188,26.13396453857422,0.03155158130073232,-0.020420103973879833
17.5859375,952.8079223632812,26.131385803222656,0.060258440522147794,-0.022819160893213564
17.6015625,952.7359008789062,26.143142700195312,-0.011533296902598522,-0.010975839983679236
17.6171875,952.737060546875,26.13726806640625,-0.010171018993787584,-0.016718829446393357
17.6328125,952.7550048828124,26.142784118652344,0.007621494347063162,-0.011115255503423072
17.6484375,952.7693481445312,26.13652801513672,0.021535756923981353,-0.017235645276713285
17.6640625,952.7824096679688,26.127708435058597,0.03392155222945803,-0.025851668906749836
17.6796875,952.8186645507812,26.13616943359375,0.06880580154506788,-0.01725480575931826
17.6953125,952.7656860351562,26.13873291015625,0.01551815924199218,-0.014576553187467312
17.7109375,952.784423828125,26.13837432861328,0.03358689064407372,-0.01481845399035464
17.7265625,952.7916870117188,26.13983154296875,0.04005222122532359,-0.013256854950238761
17.7421875,952.829345703125,26.13321685791016,0.07619312136921508,-0.01971629360251015
17.7578125,952.7462158203124,26.13652801513672,-0.0068012778214097125,-0.01627697124801486
17.7734375,952.7877807617188,26.13947296142578,0.034084685780612745,-0.013227868513961738
17.7890625,952.858642578125,26.1221923828125,0.1028967658160127,-0.03027009988405993
17.8046875,952.791748046875,26.130279541015625,0.035299065922117734,-0.022009637449052377
17.8203125,952.7674560546876,26.12294006347656,0.010792091825805983,-0.02911982502727284
17.8359375,952.833740234375,26.1214599609375,0.0755708755851856,-0.030360865632218292
17.8515625,952.7970581054688,26.128448486328125,0.03812920084533289,-0.023189743833455623
17.8671875,952.8055419921876,26.11742401123047,0.04570267569772568,-0.03394692034571278
17.8828125,952.7422485351562,26.132492065429688,-0.01724721138566565,-0.018731375004723105
17.8984375,952.75341796875,26.11264038085937,-0.005959071194411081,-0.038281629422108665
17.9140625,952.7813110351562,26.11337280273437,0.02150559686788256,-0.0372558543631456
17.9296875,952.8739624023438,26.10419464111328,0.11192733585119186,-0.046071250234358985
17.9453125,952.762451171875,26.10675811767578,0.0004079783242332269,-0.04316786919004656
17.9609375,952.7376098632812,26.098312377929688,-0.023956116787644532,-0.051210377616325076
17.9765625,952.7835083007812,26.097213745117188,0.021513759760978246,-0.05190034628484952
17.9921875,952.7737426757812,26.10455322265625,0.011518679003984289,-0.04421273695870909
18.0078125,952.7464599609376,26.106033325195312,-0.015456144514701009,-0.042398785713242404
18.0234375,952.7465209960938,26.108230590820312,-0.015094423628852383,-0.03988744571255154
18.0390625,952.7569580078124,26.096481323242188,-0.004566446833791815,-0.051233301468094794
18.0546875,952.770751953125,26.10419464111328,0.009047273899113861,-0.04317998372514964
18.0703125,952.7534790039062,26.090591430664062,-0.008065017598596569,-0.056339575469881
18.0859375,952.7372436523438,26.108604431152344,-0.023825752575930892,-0.038027148614556694
18.1015625,952.7719116210938,26.092430114746094,0.010630454139459289,-0.053778016075330726
18.1171875,952.80615234375,26.09537506103516,0.04399478662389811,-0.05043593642855981
18.1328125,952.7526245117188,26.092803955078125,-0.009346853114266196,-0.05259292486695699
18.1484375,952.7721557617188,26.10971069335937,0.009985482884076191,-0.035407388253009486
18.1640625,952.748046875,26.092803955078125,-0.013847556103542047,-0.05190542242070606
18.1796875,952.7692260742188,26.0850830078125,0.007188446960640249,-0.05916053867315796
18.1953125,952.8012084960938,26.093170166015625,0.0384058128037168,-0.05067436968511174
18.2109375,952.7440185546876,26.096481323242188,-0.01841725109068193,-0.046993187361216826
18.2265625,952.8071899414062,26.08140563964844,0.043880031416506426,-0.061583957900626984
18.2421875,952.8009033203124,26.093170166015625,0.03685916402730527,-0.04943021722458951
18.2578125,952.7667846679688,26.088394165039062,0.0026869860648730537,-0.05378273212145501
18.2734375,952.7669067382812,26.080299377441406,0.002754191994995381,-0.06139410159630643
18.2890625,952.7643432617188,26.08802032470703,0.0001869905216835832,-0.05325383281247298
18.3046875,952.7704467773438,26.079200744628903,0.006167644698507502,-0.0615884643523934
18.3203125,952.7313232421876,26.06964874267578,-0.032312220722133134,-0.07058468141250174
18.3359375,952.7531127929688,26.078468322753903,-0.010317149043657992,-0.061282561480204834
18.3515625,952.73193359375,26.08067321777344,-0.030881185210432704,-0.05861612219144163
18.3671875,952.7344360351562,26.0843505859375,-0.027824471464214184,-0.0545095450115447
18.3828125,952.7384033203124,26.087661743164062,-0.023391225637965363,-0.050798400380411834
18.3984375,952.74169921875,26.08361053466797,-0.01970284034098313,-0.05442109630715919
18.4140625,952.7383422851562,26.092430114746094,-0.022609387725083252,-0.04524525438349514
18.4296875,952.7391967773438,26.08067321777344,-0.021329995234168564,-0.056556822048676736
18.4453125,952.7380981445312,26.0869140625,-0.02199056890515294,-0.049922883749289326
18.4609375,952.7500610351562,26.078468322753903,-0.009831825188712173,-0.057912618624328616
18.4765625,952.748046875,26.0869140625,-0.011614618443672953,-0.04908041888699444
18.4921875,952.7314453125,26.07626342773437,-0.027665083659599077,-0.05926440479596096
18.5078125,952.7191162109376,26.075164794921875,-0.03921304879190757,-0.05989145137714047
18.5234375,952.7446899414062,26.078468322753903,-0.013372925387216128,-0.05614583039241694
18.5390625,952.7235717773438,26.07994079589844,-0.03381743535885562,-0.0542462216443802
18.5546875,952.7439575195312,26.0858154296875,-0.013169355414106576,-0.047993684825200944
18.5703125,952.7385864257812,26.083251953125,-0.018178331016315497,-0.05016218356436042
18.5859375,952.7257690429688,26.06561279296875,-0.030390328793146182,-0.0672716457227942
18.6015625,952.7210083007812,26.082504272460938,-0.03446452662558386,-0.04998657118192895
18.6171875,952.7322998046876,26.06964874267578,-0.02272042461925139,-0.06235114705328115
18.6328125,952.729248046875,26.078842163085938,-0.02526881949370363,-0.05274243190372374
18.6484375,952.7271728515624,26.06891632080078,-0.02680995201717451,-0.062178678296778145
18.6640625,952.7310180664062,26.08287811279297,-0.022516207150374612,-0.04784019188033639
18.6796875,952.7215576171876,26.08470916748047,-0.031352112299259716,-0.04564969080851711
18.6953125,952.7229614257812,26.078468322753903,-0.02936337589892446,-0.05148514072621424
18.7109375,952.7301635742188,26.083984375,-0.021728390987618695,-0.045609954976367106
18.7265625,952.7342529296876,26.078468322753903,-0.017294523106329507,-0.05072658529103791
18.7421875,952.725341796875,26.089866638183597,-0.025693826701740363,-0.03902101775305056
18.7578125,952.7341918945312,26.079200744628903,-0.0165147499625391,-0.0492987323131544
18.7734375,952.7396850585938,26.092803955078125,-0.010806320550386772,-0.0354166505993696
18.7890625,952.727294921875,26.074790954589844,-0.022743401463117152,-0.053012231938527776
18.8046875,952.7177124023438,26.078468322753903,-0.03169455534998633,-0.04894943515122918
18.8203125,952.7223510742188,26.10162353515625,-0.026527448250817542,-0.0255927053836551
18.8359375,952.7280883789062,26.083984375,-0.020384086071885577,-0.04289411659037512
18.8515625,952.704345703125,26.078468322753903,-0.04326491103563512,-0.048031964392436066
18.8671875,952.7218017578124,26.092430114746094,-0.025304777122642008,-0.033803999178367405
18.8828125,952.7236328125,26.10419464111328,-0.023015251293713845,-0.021867289429842174
18.8984375,952.7247924804688,26.0843505859375,-0.021428716463105957,-0.04138547472589238
18.9140625,952.7157592773438,26.08876037597656,-0.029866960221170302,-0.03668681215021863
18.9296875,952.7006225585938,26.092430114746094,-0.04412470086629128,-0.03275912749489862
18.9453125,952.7051391601562,26.08802032470703,-0.03883450361422547,-0.036878535365726606
18.9609375,952.7267456054688,26.092430114746094,-0.01689157278804032,-0.03221508325379929
18.9765625,952.716552734375,26.080299377441406,-0.026555450837236094,-0.043999368835372366
18.9921875,952.7111206054688,26.087661743164062,-0.03136282232662779,-0.03635077652589658
19.0078125,952.7113037109376,26.092430114746094,-0.03057073801289789,-0.03133566740524074
19.0234375,952.73388671875,26.08728790283203,-0.007831719845057705,-0.03619289588712249
19.0390625,952.7213134765624,26.0843505859375,-0.02000642761800009,-0.03882450799429549
19.0546875,952.7263793945312,26.08949279785156,-0.014648702820068138,-0.03341915314210908
19.0703125,952.7144165039062,26.078468322753903,-0.026091835760553295,-0.044096412394143414
19.0859375,952.71875,26.08802032470703,-0.021333372095227787,-0.03427453223444488
19.1015625,952.7113037109376,26.08876037597656,-0.02821755840068363,-0.033272492832377765
19.1171875,952.7210083007812,26.08911895751953,-0.01815138713993747,-0.03265677135745548
19.1328125,952.7084350585938,26.0843505859375,-0.030124538910854426,-0.03713275901027302
19.1484375,952.7192993164062,26.0869140625,-0.018884103733171287,-0.03429920992865121
19.1640625,952.7100830078124,26.086181640625,-0.0275515761487668,-0.034757947180185766
19.1796875,952.714111328125,26.098312377929688,-0.023063817245656537,-0.02245043479834763
19.1953125,952.7153930664062,26.096481323242188,-0.021356647734592116,-0.024091790349238806
19.2109375,952.7056274414062,26.106033325195312,-0.03051441584523218,-0.014426196299268668
19.2265625,952.7088623046876,26.11705017089844,-0.02674674880290695,-0.0033827150446086307
19.2421875,952.7172241210938,26.10051727294922,-0.018025851685933958,-0.019760022267316657
19.2578125,952.7124633789062,26.10419464111328,-0.022341543211837234,-0.015957008368072678
19.2734375,952.706298828125,26.11264038085937,-0.02794933434483937,-0.007452586835874797
19.2890625,952.7311401367188,26.09978485107422,-0.003047322123165941,-0.020149459459926078
19.3046875,952.7064819335938,26.11044311523437,-0.027164401708205332,-0.009417045336494567
19.3203125,952.7075805664062,26.09537506103516,-0.025556671846970858,-0.024293809695581814
19.3359375,952.7120361328124,26.114479064941406,-0.020688974475206123,-0.005149260431604574
19.3515625,952.7085571289062,26.108604431152344,-0.02369594755361959,-0.010937770047068085
19.3671875,952.7037963867188,26.094635009765625,-0.02790089501957027,-0.024712604000711735
19.3828125,952.707763671875,26.10198974609375,-0.023466156545623562,-0.017222259331393985
19.3984375,952.7127075195312,26.115219116210938,-0.018160545043883758,-0.003961694767220081
19.4140625,952.7169799804688,26.10345458984375,-0.013616832463640094,-0.0156033600317933
19.4296875,952.7062377929688,26.113746643066406,-0.023883257855004558,-0.005269812224689474
19.4453125,952.7252197265624,26.111915588378903,-0.004805595271932361,-0.007045391389443267
19.4609375,952.7046508789062,26.11815643310547,-0.024878848339653814,-0.0007982611420729313
19.4765625,952.7142944335938,26.11337280273437,-0.014937729323037274,-0.005538282985725118
19.4921875,952.7228393554688,26.12439727783203,-0.006267947927540263,0.005443331236058668
19.5078125,952.7059326171876,26.11742401123047,-0.022722055618714876,-0.0015179827454616657
19.5234375,952.7344970703124,26.113014221191406,0.005728288179739138,-0.005881462059644349
19.5390625,952.8094482421876,26.132118225097656,0.0791036893507453,0.013119240738429738
19.5546875,952.7653198242188,26.11888885498047,0.034292160612722,-0.00010926899298624448
19.5703125,952.8076171875,26.12586975097656,0.07509363475537612,0.006817942417143286
19.5859375,952.8794555664062,26.125144958496094,0.14406224776985255,0.006045547202798929
19.6015625,952.8889770507812,26.11632537841797,0.1505840498764428,-0.0027523607434858377
19.6171875,952.8384399414062,26.133590698242188,0.09809289869474469,0.01439957658791613
19.6328125,952.8736572265624,26.130279541015625,0.1307064693224902,0.011001791085092805
19.6484375,952.8075561523438,26.113746643066406,0.06334357098069177,-0.0054878950917505165
19.6640625,952.811279296875,26.125503540039062,0.06575681872459427,0.006220025303711907
19.6796875,952.9068603515624,26.127708435058597,0.15818674307195124,0.008359100633221317
19.6953125,952.9280395507812,26.1192626953125,0.17586270123047143,-8.596224480683645e-05
19.7109375,952.8811645507812,26.120361328125,0.12646841019079602,0.0010047590788815342
19.7265625,952.8077392578124,26.125503540039062,0.052007118838673705,0.006098947782060549
19.7421875,952.8817749023438,26.11632537841797,0.1235809906479517,-0.003055157480915227
19.7578125,952.8665161132812,26.12294006347656,0.10620653358569143,0.00353171876847469
19.7734375,952.8091430664062,26.120361328125,0.04787970767335992,0.0009455382339709217
19.7890625,952.8046875,26.129180908203125,0.04257601350798268,0.009688828325280952
19.8046875,952.8271484375,26.12367248535156,0.06376669805865731,0.004147746055952695
19.8203125,952.7835693359376,26.12367248535156,0.01979330750225472,0.004115341789891147
19.8359375,952.8792114257812,26.120361328125,0.11318079974148532,0.0007979018714294739
19.8515625,952.8627319335938,26.110809326171875,0.09481261014082065,-0.008685708674807557
19.8671875,952.8343505859376,26.126976013183597,0.06513377688929722,0.007422533193658154
19.8828125,952.8974609375,26.115951538085938,0.1257393603178798,-0.0035738017328768024
19.8984375,952.8401489257812,26.11888885498047,0.06709087694684968,-0.0006315123005471435
19.9140625,952.7885131835938,26.12367248535156,0.015153276658566028,0.004119679648116659
19.9296875,952.80810546875,26.1214599609375,0.034066937560623956,0.0018922555837903587
19.9453125,952.8228759765624,26.127708435058597,0.04788358901805623,0.008077130254068976
19.9609375,952.9507446289062,26.120361328125,0.17231958039781148,0.0007243200132798222
19.9765625,952.8818359375,26.11412048339844,0.10139114506591795,-0.005473426863957798
19.9921875,952.841796875,26.114479064941406,0.060153799703357436,-0.005074885591923817
20.0078125,952.7880249023438,26.11888885498047,0.006257181987621152,-0.0006598994938542546
20.0234375,952.8045654296876,26.10419464111328,0.022352441571115378,-0.015234159350409726
20.0390625,952.8515625,26.092803955078125,0.06799502922956435,-0.026416838780992435
20.0546875,952.8522338867188,26.09978485107422,0.06732527501185359,-0.019284099481890138
20.0703125,952.8654174804688,26.108230590820312,0.07893642991882643,-0.010753685050360673
20.0859375,952.8633422851562,26.08545684814453,0.07536003861787322,-0.03326549469703011
20.1015625,952.8323364257812,26.10345458984375,0.04348788667948611,-0.015148473677516705
20.1171875,953.0068359375,26.092071533203125,0.21372983202331852,-0.02632425273753114
20.1328125,952.80078125,26.09978485107422,0.0075252393568234766,-0.018465536937792848
20.1484375,952.80810546875,26.088394165039062,0.014559429628206999,-0.02962297123097457
20.1640625,952.8427734375,26.09868621826172,0.04826592575363975,-0.01917989521137997
20.1796875,952.8438110351562,26.09537506103516,0.04834056396828146,-0.02231534109076705
20.1953125,952.843505859375,26.092430114746094,0.04709719701145332,-0.025062941384678794
20.2109375,952.821044921875,26.088394165039062,0.0241550825678587,-0.02887155600505764
20.2265625,952.8321533203124,26.092071533203125,0.034574741141909726,-0.0249973582484877
20.2421875,952.8079223632812,26.083251953125,0.010141757077349212,-0.03355274349593529
20.2578125,952.8316040039062,26.080299377441406,0.033162784465957884,-0.03622012137343944
20.2734375,952.78466796875,26.087661743164062,-0.013504241887744683,-0.028632304434761835
20.2890625,952.809326171875,26.10162353515625,0.010936110431885027,-0.014555899064117028
20.3046875,952.7723999023438,26.093170166015625,-0.025482538804453725,-0.02282950829689412
20.3203125,952.7727661132812,26.09022521972656,-0.02462577458834403,-0.025573091659506275
20.3359375,952.7461547851562,26.083984375,-0.050236378050954045,-0.0315653900080477
20.3515625,952.7479248046876,26.10162353515625,-0.04751974995474484,-0.013817431181081474
20.3671875,952.7634887695312,26.08876037597656,-0.03133164868313543,-0.026472148248579686
20.3828125,952.7490234375,26.091697692871094,-0.04490250843480226,-0.023350965484091546
20.3984375,952.7510986328124,26.08470916748047,-0.04199084216304527,-0.03010246360225821
20.4140625,952.7486572265624,26.07626342773437,-0.04356443106121333,-0.03824704550969571
20.4296875,952.747802734375,26.087661743164062,-0.0435513661539062,-0.02663897437625451
20.4453125,952.7620849609376,26.08287811279297,-0.028697476708657632,-0.031177115647761156
20.4609375,952.7484130859376,26.0850830078125,-0.04154182530805883,-0.028745875154573497
20.4765625,952.7522583007812,26.0869140625,-0.03696034854124264,-0.026704548432174846
20.4921875,952.7489013671876,26.08287811279297,-0.03952983521821807,-0.030500337997494853
20.5078125,952.73828125,26.08802032470703,-0.04917046114792356,-0.025160015723404427
20.5234375,952.7514038085938,26.074432373046875,-0.03534384195745588,-0.03844524888837597
20.5390625,952.7445678710938,26.078468322753903,-0.04135595563991501,-0.0341404765314941
20.5546875,952.7378540039062,26.0843505859375,-0.04713095910028642,-0.028037446056117687
20.5703125,952.7384033203124,26.06891632080078,-0.04567184498523602,-0.04313208844914129
20.5859375,952.7230834960938,26.0850830078125,-0.0598004256647755,-0.026754734238693345
20.6015625,952.7384643554688,26.087661743164062,-0.043551996635642354,-0.023987123895825135
20.6171875,952.7315673828124,26.078468322753903,-0.04946363786052643,-0.03292132130359349
20.6328125,952.7193603515624,26.074790954589844,-0.06046616385447123,-0.03631276220618673
20.6484375,952.7374877929688,26.091697692871094,-0.041511794275265856,-0.01925441436302222
20.6640625,952.734375,26.080299377441406,-0.04375301327445413,-0.030413255341205314
20.6796875,952.7302856445312,26.073326110839844,-0.04690794747864402,-0.03709443974009119
20.6953125,952.7247924804688,26.06781768798828,-0.05137765233132541,-0.04227002772765687
20.7109375,952.728515625,26.06634521484375,-0.04672375569464293,-0.04340076258412395
20.7265625,952.7371826171876,26.078842163085938,-0.03731346734480212,-0.030662378292390713
20.7421875,952.725341796875,26.07038116455078,-0.04819424297659225,-0.038817725446079976
20.7578125,952.7369995117188,26.078468322753903,-0.03582292406770193,-0.03049048468637139
20.7734375,952.7193603515624,26.078468322753903,-0.05241790289153414,-0.030252277774760472
20.7890625,952.7330932617188,26.090965270996094,-0.037929426470782346,-0.01761661602059661
20.8046875,952.7391357421876,26.0869140625,-0.03126415408780758,-0.021498544637655215
20.8203125,952.7230834960938,26.086181640625,-0.04639225174059902,-0.022057287086774124
20.8359375,952.7338256835938,26.074058532714844,-0.03495377392334831,-0.03391336066101758
20.8515625,952.7326049804688,26.074432373046875,-0.03546794429348665,-0.033277492826414345
20.8671875,952.729736328125,26.078468322753903,-0.037587834984151414,-0.02901309356376558
20.8828125,952.7271118164062,26.080299377441406,-0.039426949306403,-0.026969679197542007
20.8984375,952.7279663085938,26.078468322753903,-0.037819088815808755,-0.02857572815156928
20.9140625,952.7223510742188,26.079200744628903,-0.042585996566003814,-0.027625780446282278
20.9296875,952.725341796875,26.072586059570312,-0.038821928716174625,-0.03397296186811616
20.9453125,952.7163696289062,26.078842163085938,-0.04686061823406362,-0.02750032039661221
20.9609375,952.7152099609376,26.074790954589844,-0.04708238998784964,-0.031305032573232694
20.9765625,952.7386474609376,26.07994079589844,-0.023183075730230485,-0.02595085383288165
20.9921875,952.722412109375,26.079200744628903,-0.038648536134815004,-0.02648238240630718
21.0078125,952.7103881835938,26.078842163085938,-0.049682765394322814,-0.02663126891841827
21.0234375,952.7258911132812,26.078468322753903,-0.03351226079064418,-0.026794131834435575
21.0390625,952.7258911132812,26.086181640625,-0.0328577244471262,-0.018931745104250552
21.0546875,952.7278442382812,26.092071533203125,-0.030300993989158087,-0.012939963053266723
21.0703125,952.7350463867188,26.0850830078125,-0.022647696224453284,-0.019772797127924235
21.0859375,952.722412109375,26.07626342773437,-0.034592872521898244,-0.02836899925912917
21.1015625,952.7322998046876,26.08287811279297,-0.02422265421694192,-0.02158435862083863
21.1171875,952.7257080078124,26.088394165039062,-0.030212606344321102,-0.0159427727311936
21.1328125,952.7161254882812,26.079200744628903,-0.03901787732320372,-0.024939816632436163
21.1484375,952.7294921875,26.074432373046875,-0.025150178532157952,-0.029476092994038083
21.1640625,952.7189331054688,26.080299377441406,-0.035011814068070635,-0.02342464259482213
21.1796875,952.7255249023438,26.092430114746094,-0.027864938732250266,-0.011205671655055482
21.1953125,952.7051391601562,26.083984375,-0.047308284808082135,-0.019497884749576144
21.2109375,952.7109375,26.093170166015625,-0.040699203851772836,-0.010231530501656039
21.2265625,952.7106323242188,26.092071533203125,-0.04020351284327717,-0.011241646413264306
21.2421875,952.7362060546876,26.099044799804688,-0.014344044437393677,-0.004235033094424523
21.2578125,952.705810546875,26.091697692871094,-0.04386573287013107,-0.011491654559048214
21.2734375,952.7164916992188,26.09868621826172,-0.032536444187940106,-0.004467948471795324
21.2890625,952.7111206054688,26.09868621826172,-0.03716715633754575,-0.004433042624359729
21.3046875,952.7189331054688,26.094635009765625,-0.02878132320597615,-0.008417967908574298
21.3203125,952.716796875,26.09868621826172,-0.030313695204540636,-0.004332644104572125
21.3359375,952.7243041992188,26.09537506103516,-0.022360934052471748,-0.007584084133231528
21.3515625,952.7669067382812,26.094635009765625,0.019846261162228984,-0.008259103094932385
21.3671875,952.8081665039062,26.108604431152344,0.059912549701493845,0.005665706430132644
21.3828125,952.8525390625,26.09537506103516,0.1022482897737973,-0.007504572564496215
21.3984375,952.8500366210938,26.114479064941406,0.09779768726662041,0.011508810784391699
21.4140625,952.8394165039062,26.093528747558597,0.08547488316355611,-0.009367744828118418
21.4296875,952.9227905273438,26.10162353515625,0.16555107639396738,-0.001263012252103124
21.4453125,952.8518676757812,26.11044311523437,0.0927800173152491,0.007497532139876029
21.4609375,952.7702026367188,26.099044799804688,0.010897888833710567,-0.0038703084203568494
21.4765625,952.7327270507812,26.09537506103516,-0.026058601457179975,-0.007481140571211853
21.4921875,952.739501953125,26.097579956054688,-0.018907064365066617,-0.005235024883312178
21.5078125,952.7277221679688,26.11412048339844,-0.030087496991654916,0.011217178222469926
21.5234375,952.7318725585938,26.08802032470703,-0.02543052225792053,-0.014766707184026728
21.5390625,952.7262573242188,26.108604431152344,-0.030439394198651826,0.005771950829558392
21.5546875,952.7288208007812,26.108604431152344,-0.027331466119790093,0.005726857463702828
21.5703125,952.7528076171876,26.099411010742188,-0.0032793245237598967,-0.00343948042343456
21.5859375,952.7446899414062,26.09537506103516,-0.011174402642950554,-0.0074170283325685205
21.6015625,952.7012329101562,26.11044311523437,-0.05356441369974618,0.007591252227058476
21.6171875,952.740966796875,26.10713195800781,-0.013560399500875064,0.004246656758304823
21.6328125,952.7293701171876,26.116683959960938,-0.02466572998537231,0.01369085669024983
21.6484375,952.7308349609376,26.092430114746094,-0.022747743926061048,-0.010480465176744502
21.6640625,952.7391967773438,26.09868621826172,-0.014104952373031665,-0.004191358835640813
21.6796875,952.7571411132812,26.107505798339844,0.0037643956042074933,0.004592063264027502
21.6953125,952.7286987304688,26.10455322265625,-0.024195995270588355,0.0016266790837100586
21.7109375,952.728515625,26.10051727294922,-0.02390294642805202,-0.002390448196575079
21.7265625,952.7615356445312,26.10162353515625,0.008939005269098743,-0.0012741532865021554
21.7421875,952.767578125,26.107505798339844,0.014688878594483867,0.004572109038520011
21.7578125,952.9361572265624,26.106033325195312,0.17968852741944374,0.003075419988565642
21.7734375,952.8720092773438,26.091323852539062,0.1132839262828611,-0.011543161631216492
21.7890625,952.951904296875,26.10345458984375,0.18940591952866725,0.0005829852385232925
21.8046875,953.0128173828124,26.09022521972656,0.24542996239051718,-0.012547584996802641
21.8203125,952.9417114257812,26.10162353515625,0.17091923962971123,-0.0011402908986184457
21.8359375,952.8859252929688,26.098312377929688,0.11288441332465027,-0.004416671186703525
21.8515625,952.9747314453124,26.09537506103516,0.19775129680760983,-0.007296535049345465
21.8671875,953.1202392578124,26.10124969482422,0.33655482982896956,-0.0014107926566921947
21.8828125,952.8547973632812,26.10162353515625,0.06972401078030543,-0.0010288511346239204
21.8984375,953.0311279296876,26.10124969482422,0.24124882372598222,-0.0013917329395702893
21.9140625,953.1172485351562,26.10455322265625,0.320975495030666,0.001896858994864914
21.9296875,952.8970947265624,26.09537506103516,0.09885251287357733,-0.007224417449457121
21.9453125,952.819580078125,26.09537506103516,0.020921109271398564,-0.007167976688133848
21.9609375,952.9301147460938,26.08876037597656,0.12888828159088916,-0.013674984701840032
21.9765625,953.0693359375,26.090591430664062,0.26287295985264336,-0.011751399311098254
21.9921875,952.8449096679688,26.083984375,0.03769577840103011,-0.01821502954566867
22.0078125,952.9607543945312,26.08802032470703,0.15054166697598248,-0.014068305777399814
22.0234375,952.7434692382812,26.083984375,-0.06543990549914724,-0.017962815988457947
22.0390625,952.8544311523438,26.0850830078125,0.04463290683361265,-0.016732431744895138
22.0546875,952.9632568359376,26.0850830078125,0.15046135233319546,-0.016601709621888006
22.0703125,952.8681640625,26.08067321777344,0.05428716133906164,-0.020847347319847387
22.0859375,952.8067626953124,26.087661743164062,-0.006975256515602268,-0.013750549882903584
22.1015625,952.78662109375,26.092803955078125,-0.026587231943608458,-0.008541085328459985
22.1171875,952.7816772460938,26.0843505859375,-0.03091523820137354,-0.016861685293545037
22.1328125,952.7784423828124,26.075889587402344,-0.03348310731314541,-0.02512485036129064
22.1484375,952.7740478515624,26.087661743164062,-0.03713784093497452,-0.013248376673011819
22.1640625,952.7579345703124,26.078468322753903,-0.052211061204843645,-0.022266470543460315
22.1796875,952.7426147460938,26.08287811279297,-0.06621192281750155,-0.017717175187954126
22.1953125,952.7705078125,26.089866638183597,-0.0375704412469986,-0.01064483222078394
22.2109375,952.7484741210938,26.078468322753903,-0.058439989437374606,-0.02187093555945907
22.2265625,952.7630004882812,26.080299377441406,-0.04305593431536181,-0.019883319302643088
22.2421875,952.75537109375,26.08876037597656,-0.04969538101761373,-0.011333083886494677
22.2578125,952.7537841796876,26.078842163085938,-0.05028068775425254,-0.021085271021043184
22.2734375,952.7402954101562,26.08361053466797,-0.06252396007300831,-0.016189423662144264
22.2890625,952.7634887695312,26.087661743164062,-0.038562424903147985,-0.012043385360065884
22.3046875,952.7542724609376,26.074432373046875,-0.04684555510812061,-0.025075312075088618
22.3203125,952.75537109375,26.08802032470703,-0.04485342771965861,-0.01139761541169193
22.3359375,952.7388305664062,26.0843505859375,-0.0601948543785511,-0.014949640476682902
22.3515625,952.7366333007812,26.0869140625,-0.061173523909701544,-0.012289397008604652
22.3671875,952.7548217773438,26.08876037597656,-0.04214549564119352,-0.010361496941950321
22.3828125,952.7520141601562,26.083984375,-0.04407512234377009,-0.015019236216019749
22.3984375,952.7348022460938,26.087661743164062,-0.06009002397649965,-0.011253259707800112
22.4140625,952.7518310546876,26.087661743164062,-0.04222017601966854,-0.0111653436163337
22.4296875,952.7489624023438,26.08470916748047,-0.044208187184608505,-0.014007623055395158
22.4453125,952.741455078125,26.08067321777344,-0.05070544282125411,-0.01790260735021576
22.4609375,952.7482299804688,26.0850830078125,-0.04307252210878687,-0.013387404675913928
22.4765625,952.7427368164062,26.088394165039062,-0.04761713761320152,-0.009997526766152731
22.4921875,952.7388916015624,26.08470916748047,-0.05045722838565325,-0.013575629603458594
22.5078125,952.7420654296876,26.079200744628903,-0.04635989634914495,-0.018934958295218962
22.5234375,952.7462768554688,26.097213745117188,-0.04132525825218636,-0.0009147550115677916
22.5390625,952.7504272460938,26.07994079589844,-0.036448795993806016,-0.018045612791013355
22.5546875,952.738037109375,26.083984375,-0.04788504730800014,-0.013892642801256017
22.5703125,952.7384033203124,26.093528747558597,-0.046590734097776476,-0.004314299381388054
22.5859375,952.7339477539062,26.10419464111328,-0.05004930244717798,0.006301972343816686
22.6015625,952.7188110351562,26.092430114746094,-0.0639128567206626,-0.00541987782006359
22.6171875,952.7350463867188,26.090591430664062,-0.046746303885583984,-0.0072018543872331975
22.6328125,952.7492065429688,26.106033325195312,-0.03194969943956494,0.008175664830393004
22.6484375,952.750732421875,26.092803955078125,-0.029829605288568928,-0.005014223214242719
22.6640625,952.7393798828124,26.088394165039062,-0.040377805594289384,-0.009350388149762523
22.6796875,952.7418823242188,26.088394165039062,-0.037135610981181344,-0.00927733824234167
22.6953125,952.7430419921876,26.093902587890625,-0.035273287875384085,-0.003739470739287043
22.7109375,952.7459716796876,26.0850830078125,-0.031711889430539486,-0.012460933232901539
22.7265625,952.7402954101562,26.09537506103516,-0.03665792148217406,-0.0021519356351618057
22.7421875,952.7274780273438,26.10162353515625,-0.04850898975769269,0.004064534279006438
22.7578125,952.7286987304688,26.09537506103516,-0.046364687284381034,-0.0021668778120691456
22.7734375,952.7179565429688,26.092071533203125,-0.0559915061362517,-0.005427668100008276
22.7890625,952.7391967773438,26.08876037597656,-0.03407253598470561,-0.008670553253711688
22.8046875,952.7322998046876,26.09537506103516,-0.040169322925180495,-0.002039806724837945
22.8203125,952.716796875,26.092430114746094,-0.054584903928912354,-0.004945809630982012
22.8359375,952.730224609375,26.09537506103516,-0.04035331858608515,-0.0019852315970574352
22.8515625,952.723876953125,26.08949279785156,-0.04578884642137382,-0.007806029977682982
22.8671875,952.7120971679688,26.11044311523437,-0.05644424424212957,0.013041597659775306
22.8828125,952.7289428710938,26.10345458984375,-0.038825132110900995,0.006005782642052537
22.8984375,952.7134399414062,26.10345458984375,-0.05326696684142007,0.005958862465160308
22.9140625,952.7265625,26.097938537597656,-0.03936033777404191,0.0004393507642284078
22.9296875,952.727783203125,26.09868621826172,-0.03739471990979837,0.0011777577452569687
22.9453125,952.7171630859376,26.093902587890625,-0.04707704731015383,-0.0035777017459466265
22.9609375,952.7107543945312,26.09537506103516,-0.05244109538216435,-0.0020887815029624335
22.9765625,952.7210083007812,26.095733642578125,-0.04136322059446229,-0.0017166827728090084
22.9921875,952.7144165039062,26.098312377929688,-0.04701839603455937,0.0008553177929826461
23.0078125,952.756591796875,26.10272216796875,-0.004748511209072603,0.005223974177106072
23.0234375,952.7427368164062,26.11044311523437,-0.018240142230979473,0.012843789243955683
23.0390625,952.7517700195312,26.114479064941406,-0.00902711607659512,0.01674786599043543
23.0546875,952.7498168945312,26.09868621826172,-0.010765783243073201,0.0009475582223821277
23.0703125,952.7482299804688,26.107505798339844,-0.012111433686300188,0.009690832532534444
23.0859375,952.86865234375,26.11044311523437,0.10619548175134241,0.012529492009662135
23.1015625,952.8157348632812,26.107505798339844,0.05223741532006443,0.009517236247045702
23.1171875,952.9445190429688,26.108604431152344,0.17748601698008315,0.010532932582517418
23.1328125,952.8926391601562,26.11044311523437,0.12315288935963054,0.012274963409353745
23.1484375,952.8079223632812,26.10345458984375,0.03768538755332429,0.005245137721711757
23.1640625,952.8873291015624,26.114479064941406,0.1148051702517705,0.016142506469215334
23.1796875,952.857421875,26.125144958496094,0.0832397807266716,0.02659895939871504
23.1953125,952.8541870117188,26.11044311523437,0.07844232140155327,0.011804169917173368
23.2109375,952.8706665039062,26.108230590820312,0.09306787191735566,0.009516710772622616
23.2265625,952.8525390625,26.114479064941406,0.07347675022765543,0.015642019386735484
23.2421875,952.8101196289062,26.10971069335937,0.03045072841837282,0.010788697431227234
23.2578125,952.8377075195312,26.116683959960938,0.05690505226516507,0.017623198688788477
23.2734375,952.874267578125,26.115951538085938,0.09163962041247942,0.016758817619930255
23.2890625,952.861083984375,26.108604431152344,0.0769236823916799,0.009338181696598724
23.3046875,952.8363647460938,26.108604431152344,0.051184826061444255,0.009265227152095434
23.3203125,952.848388671875,26.095733642578125,0.061974205908313706,-0.0035773929735114507
23.3359375,952.8722534179688,26.114479064941406,0.08416240997075874,0.015049529160162223
23.3515625,952.8651123046876,26.107505798339844,0.07551697448866435,0.008013166757361745
23.3671875,952.8375854492188,26.107505798339844,0.04705281200767786,0.00795056389207005
23.3828125,952.9320068359376,26.10419464111328,0.13871103078270153,0.004603161300934744
23.3984375,952.8126831054688,26.11412048339844,0.019008642104608953,0.014415495745577545
23.4140625,952.8560791015624,26.10419464111328,0.061185797608459325,0.004454578042757618
23.4296875,952.8909912109376,26.114479064941406,0.09422099473795242,0.014623853418765265
23.4453125,952.8663330078124,26.10345458984375,0.06820414333901681,0.0035712581779741015
23.4609375,952.8699951171876,26.10713195800781,0.07046261496589068,0.0071919964487356935
23.4765625,952.8446655273438,26.10089111328125,0.04425152072508354,0.0009437208493459082
23.4921875,952.9307861328124,26.12294006347656,0.12782579560405338,0.0228130408021201
23.5078125,952.8599853515624,26.111167907714844,0.05591124454247165,0.010954628126025767
23.5234375,952.865966796875,26.10162353515625,0.06068384825630346,0.0013992379458116488
23.5390625,952.8865356445312,26.114479064941406,0.07966572919553983,0.014143402358069324
23.5546875,952.89208984375,26.10419464111328,0.08355547668747931,0.003828830260179217
23.5703125,952.84912109375,26.09537506103516,0.03979401718186182,-0.0049517595849906115
23.5859375,952.9175415039062,26.09868621826172,0.10610086430415322,-0.0016277851525074993
23.6015625,952.8724975585938,26.10419464111328,0.05986440104254598,0.00385032021702969
23.6171875,952.9232788085938,26.10345458984375,0.10848460317060926,0.003085969971344582
23.6328125,952.8980102539062,26.099044799804688,0.08159073503622949,-0.0013134777234391493
23.6484375,952.833740234375,26.11412048339844,0.01698242028032837,0.013654688636950851
23.6640625,952.8878173828124,26.12256622314453,0.06967168651624434,0.02192776878629843
23.6796875,952.8294067382812,26.113014221191406,0.011041099758813289,0.012279081154790816
23.6953125,952.8619995117188,26.126976013183597,0.042781649110452236,0.026035866325521795
23.7109375,952.829345703125,26.114479064941406,0.009930031131602846,0.013433145285805637
23.7265625,952.823974609375,26.107505798339844,0.004469895635907051,0.006409410882021405
23.7421875,952.8076171875,26.111541748046875,-0.01165534799224588,0.010363756209450514
23.7578125,952.7811279296876,26.11044311523437,-0.03739959397250914,0.009192739620409895
23.7734375,952.7684326171876,26.10051727294922,-0.04911649033044796,-0.0007273753001761918
23.7890625,952.759765625,26.10124969482422,-0.05665489887508102,5.007148459412747e-06
23.8046875,952.7645874023438,26.09537506103516,-0.05082075587642976,-0.005823770182470156
23.8203125,952.7657470703124,26.09868621826172,-0.04869114478458414,-0.0024929831671940406
23.8359375,952.75,26.094635009765625,-0.0631796562083764,-0.0064930651659196315
23.8515625,952.7717895507812,26.11044311523437,-0.040581704930445994,0.00924226655046212
23.8671875,952.7498779296876,26.12367248535156,-0.0612727532501367,0.0222960770061853
23.8828125,952.7423095703124,26.114479064941406,-0.06749655964438261,0.013000292091376764
23.8984375,952.7461547851562,26.10051727294922,-0.06240815447233672,-0.0009539881828359853
23.9140625,952.7369995117188,26.11044311523437,-0.07016570470852912,0.008901761492143834
23.9296875,952.7350463867188,26.10419464111328,-0.07071025881577953,0.002632558563465892
23.9453125,952.7445678710938,26.114479064941406,-0.05999368119000792,0.012816068466655395
23.9609375,952.7528076171876,26.10419464111328,-0.05074311605130788,0.0025118661647915985
23.9765625,952.733154296875,26.095733642578125,-0.0690215059661341,-0.005902654773720428
23.9921875,952.7395629882812,26.10419464111328,-0.0613899080254896,0.0025383567007999375
24.0078125,952.7403564453124,26.107505798339844,-0.05941292656086716,0.005803814599804724
24.0234375,952.7282104492188,26.092803955078125,-0.07016128744635353,-0.008828512812993239
24.0390625,952.7393798828124,26.10089111328125,-0.05783966920716921,-0.0007355627769776163
24.0546875,952.7352905273438,26.10162353515625,-0.060719473412632397,-3.116363682664769e-06
24.0703125,952.7185668945312,26.10051727294922,-0.07593054555661638,-0.0011007115506309617
24.0859375,952.7400512695312,26.10162353515625,-0.053382768787969326,5.507291895412436e-06
24.1015625,952.7431030273438,26.09868621826172,-0.04934798341730584,-0.0029089048401154116
24.1171875,952.7380981445312,26.087661743164062,-0.05329128681125894,-0.013824525407006405
24.1328125,952.7315673828124,26.10455322265625,-0.05865364914473048,0.003042993506390701
24.1484375,952.7428588867188,26.083984375,-0.046437103339144414,-0.017388933414313357
24.1640625,952.7263793945312,26.10455322265625,-0.06168775577020824,0.0031550711619203753
24.1796875,952.721923828125,26.09537506103516,-0.06485146041518419,-0.0059760350649575855
24.1953125,952.7322998046876,26.092430114746094,-0.0534115095586003,-0.008851286187194773
24.2109375,952.7314453125,26.10419464111328,-0.05320611889965221,0.0028904804910858672
24.2265625,952.733154296875,26.093528747558597,-0.050491331115949833,-0.007714667649040052
24.2421875,952.7279663085938,26.08876037597656,-0.054591832690221054,-0.012385515487085996
24.2578125,952.7210083007812,26.11044311523437,-0.06034769518043959,0.009224589210017342
24.2734375,952.71826171875,26.093528747558597,-0.06186196710984859,-0.007629702071493938
24.2890625,952.7166137695312,26.10162353515625,-0.06226948827531942,0.000461452045485089
24.3046875,952.715576171875,26.10419464111328,-0.06207061940949643,0.0030088661431229013
24.3203125,952.7283325195312,26.10234832763672,-0.04835110238309426,0.0011534702238513717
24.3359375,952.7073364257812,26.092803955078125,-0.0679927587086695,-0.008325348410252786
24.3515625,952.7237548828124,26.092071533203125,-0.050566991097866776,-0.00898700645489825
24.3671875,952.716552734375,26.10162353515625,-0.05664083602869141,0.0005605814708964374
24.3828125,952.7244873046876,26.10162353515625,-0.047754971463859874,0.0005562019281555308
24.3984375,952.7216186523438,26.10162353515625,-0.049634881155270705,0.0005518566005910941
24.4140625,952.715576171875,26.10345458984375,-0.054589913154813985,0.002364294793654409
24.4296875,952.7247314453124,26.10419464111328,-0.0445472444104098,0.003080093359567826
24.4453125,952.7188110351562,26.10419464111328,-0.04948195818826662,0.0030560301301960635
24.4609375,952.711669921875,26.10051727294922,-0.055517152104926026,-0.000616483830476966
24.4765625,952.7244262695312,26.09022521972656,-0.041925632486822906,-0.010823314107408777
24.4921875,952.7330932617188,26.100143432617188,-0.03260905748095411,-0.0008980301135252944
24.5078125,952.7316284179688,26.10162353515625,-0.033408395347578335,0.0005775249847133068
24.5234375,952.7286987304688,26.10162353515625,-0.03562835466698289,0.0005730130707704006
24.5390625,952.7377319335938,26.10162353515625,-0.026075714988451182,0.0005685364061562836
24.5546875,952.7760009765624,26.09537506103516,0.01195517704309168,-0.005635563201536797
24.5703125,952.8267211914062,26.107505798339844,0.061451263139133516,0.006444430555465175
24.5859375,952.8446655273438,26.10089111328125,0.07784490378219289,-0.00016892438982196722
24.6015625,952.9068603515624,26.10345458984375,0.13730457706333254,0.0023758447338302346
24.6171875,952.9052734375,26.09537506103516,0.13306692739547543,-0.005659124042924901
24.6328125,953.0944213867188,26.108230590820312,0.315921617305321,0.007140183822365032
24.6484375,952.896240234375,26.10419464111328,0.11544084650529385,0.003079982286308791
24.6640625,952.9818725585938,26.10455322265625,0.19714596035828436,0.0034117000493623095
24.6796875,952.9239501953124,26.10713195800781,0.1365043861965205,0.005943635124349811
24.6953125,952.841796875,26.10419464111328,0.053289521628585135,0.0029828313686515173
24.7109375,952.890380859375,26.10419464111328,0.09988378908940376,0.0029595279985841216
24.7265625,952.8372192382812,26.092071533203125,0.04580962565194113,-0.00909198944351175
24.7421875,952.8324584960938,26.11962890625,0.040247147459240296,0.018321122793963696
24.7578125,952.9918823242188,26.114479064941406,0.19577115184233662,0.013068380848764605
24.7734375,952.8759155273438,26.10162353515625,0.07824567615932665,0.00021118816467335932
24.7890625,952.926513671875,26.10162353515625,0.1263273398177489,0.00020953825713831975
24.8046875,952.8435668945312,26.106033325195312,0.04253328586321459,0.004583239793888083
24.8203125,952.8678588867188,26.10419464111328,0.06552009683878168,0.0027231138703562863
24.8359375,952.9866333007812,26.10051727294922,0.18069500873525612,-0.0009467991820351074
24.8515625,952.8427734375,26.107505798339844,0.03611570901932737,0.005994525222586589
24.8671875,952.8787841796876,26.10162353515625,0.07071773145685256,0.00011138499181484462
24.8828125,952.7992553710938,26.10162353515625,-0.008638985786660669,0.00011051479656742913
24.8984375,952.833984375,26.10419464111328,0.02558044745319421,0.0026606705914602458
24.9140625,952.771484375,26.09868621826172,-0.03619846753611,-0.002825504195570261
24.9296875,952.9005737304688,26.093528747558597,0.09107661277766965,-0.007920607907294652
24.9453125,952.7572631835938,26.092430114746094,-0.0512137400719439,-0.008948777901675697
24.9609375,952.7691040039062,26.092803955078125,-0.03860391742034608,-0.008507945869880018
24.9765625,952.7913208007812,26.09868621826172,-0.01606705959716237,-0.0026051695402991015
24.9921875,952.83544921875,26.08802032470703,0.027513284965948515,-0.013167382914556214
25.0078125,952.802734375,26.08911895751953,-0.005099965839008291,-0.011974462991883428
25.0234375,952.8248901367188,26.08728790283203,0.016722674866514353,-0.013697662072512884
25.0390625,952.8385009765624,26.091323852539062,0.029741063250980915,-0.009586230237626836
25.0546875,952.8048706054688,26.09537506103516,-0.0038133447988002445,-0.005491779384172446
25.0703125,952.7794799804688,26.10162353515625,-0.028633579763663874,0.0007507830592849984
25.0859375,952.767578125,26.097938537597656,-0.03974372751304145,-0.0029112909485320415
25.1015625,952.7713623046876,26.10419464111328,-0.03525721290691308,0.003318681218914321
25.1171875,952.7427978515624,26.10162353515625,-0.0625751491174924,0.0007417348301501647
25.1328125,952.7693481445312,26.097938537597656,-0.03532124567698247,-0.0029202684883777863
25.1484375,952.7565307617188,26.09537506103516,-0.04719842090185011,-0.005440903292665666
25.1640625,952.7532348632812,26.10162353515625,-0.049508102164736556,0.0008012616813282136
25.1796875,952.768798828125,26.10162353515625,-0.03328116588897956,0.0007950018244429202
25.1953125,952.7532348632812,26.092430114746094,-0.047891124273064634,-0.00833280594051189
25.2109375,952.7427978515624,26.0850830078125,-0.057188914585822204,-0.015557413554777355
25.2265625,952.7486572265624,26.09610748291016,-0.05032700951574043,-0.004497524875421988
25.2421875,952.762939453125,26.09537506103516,-0.03534078328607393,-0.005189087791436009
25.2578125,952.7628784179688,26.09537506103516,-0.034710376675889165,-0.0051485480430670805
25.2734375,952.7322998046876,26.094276428222656,-0.06401381437194686,-0.006198374755136626
25.2890625,952.7465209960938,26.09868621826172,-0.048820110798487804,-0.001774611397980408
25.3046875,952.7403564453124,26.10051727294922,-0.053910742408334045,5.600232632119173e-05
25.3203125,952.7645263671876,26.095001220703125,-0.02915994513205078,-0.0054173932797745294
25.3359375,952.7466430664062,26.11412048339844,-0.046124432516648994,0.013594823560733715
25.3515625,952.7438354492188,26.093528747558597,-0.04797634560839015,-0.006942248901928849
25.3671875,952.7506713867188,26.10162353515625,-0.04033688451249873,0.0011435344871628672
25.3828125,952.75146484375,26.087661743164062,-0.038771094913272464,-0.01271811486826735
25.3984375,952.74169921875,26.08470916748047,-0.047588737102501,-0.015548263281925045
25.4140625,952.7384643554688,26.09537506103516,-0.04983095193870213,-0.004844226213741365
25.4296875,952.7448120117188,26.08911895751953,-0.042634012569806146,-0.011013608403359854
25.4453125,952.7615966796876,26.092430114746094,-0.0253444745892466,-0.007642275776976959
25.4609375,952.7391967773438,26.093528747558597,-0.046811869571115494,-0.006492520753813125
25.4765625,952.7506713867188,26.09537506103516,-0.03464707933289901,-0.004609908782896355
25.4921875,952.7431030273438,26.099044799804688,-0.04139091842068865,-0.0009328249351376883
25.5078125,952.7470703125,26.091697692871094,-0.03669270292721194,-0.008215244901006002
25.5234375,952.7582397460938,26.10162353515625,-0.02502476797928921,0.0016972333420852692
25.5390625,952.7573852539062,26.083984375,-0.02537380586670679,-0.015817380510927848
25.5546875,952.7420043945312,26.08361053466797,-0.0399586756861936,-0.01606472693012506
25.5703125,952.7443237304688,26.08545684814453,-0.036904196394175415,-0.014107332098458158
25.5859375,952.7384643554688,26.0843505859375,-0.04192834539037449,-0.015094738099978855
25.6015625,952.7413940429688,26.08802032470703,-0.03823696535346244,-0.011335741523179621
25.6171875,952.7262573242188,26.091323852539062,-0.05233122933577761,-0.00796946202168769
25.6328125,952.7486572265624,26.074058532714844,-0.029346730761858453,-0.025037635112735046
25.6484375,952.7517700195312,26.079200744628903,-0.02572155619543537,-0.01973999020493622
25.6640625,952.7402954101562,26.07626342773437,-0.03646967796169065,-0.022500140637752963
25.6796875,952.7400512695312,26.087661743164062,-0.035996751817378936,-0.011015092198622511
25.6953125,952.745361328125,26.091323852539062,-0.030087343746572515,-0.007295537645312322
25.7109375,952.7528686523438,26.092803955078125,-0.022139003521374434,-0.005770002019481524
25.7265625,952.7398071289062,26.078468322753903,-0.03451301666666495,-0.019948559075395167
25.7421875,952.7725830078124,26.09537506103516,-0.0017032092886211103,-0.0030180565691821926
25.7578125,952.775390625,26.08470916748047,0.0010828374322500167,-0.013577044263531235
25.7734375,952.7791137695312,26.0843505859375,0.004712115128313599,-0.013826753729887287
25.7890625,952.8070678710938,26.07699584960937,0.03202820464605338,-0.021016009666936952
25.8046875,952.8566284179688,26.094635009765625,0.07999522121792779,-0.003350467873882934
25.8203125,952.8524780273438,26.06927490234375,0.07436348624537459,-0.028486273926258576
25.8359375,952.8379516601562,26.0869140625,0.058668425326231954,-0.010762370693679912
25.8515625,952.7816772460938,26.08140563964844,0.002347253231278046,-0.016143677970667625
25.8671875,952.8875732421876,26.08287811279297,0.10612912336171121,-0.01455658603843446
25.8828125,952.8440551757812,26.08802032470703,0.06138818474914842,-0.009340824326525166
25.8984375,952.9150390625,26.09537506103516,0.12978667944707922,-0.001970571685909306
25.9140625,952.9122314453124,26.091323852539062,0.12449900244973833,-0.005974735024334876
25.9296875,952.8478393554688,26.088394165039062,0.058932949469294726,-0.008834856723364481
25.9453125,952.8978881835938,26.0850830078125,0.10685322725066726,-0.012051123215943704
25.9609375,952.9010620117188,26.088394165039062,0.10787808945030974,-0.008671685005090524
25.9765625,952.8984375,26.08911895751953,0.10319784379146313,-0.007884807426773222
25.9921875,952.864990234375,26.083984375,0.06838826218665872,-0.012917675962349051
26.0078125,952.8381958007812,26.088394165039062,0.040781449128189706,-0.008441418064510486
26.0234375,952.8327026367188,26.10162353515625,0.034599060747950716,0.004750546177266557
26.0390625,952.767578125,26.09537506103516,-0.02992925075648145,-0.0014862253817611304
26.0546875,952.8512573242188,26.090591430664062,0.052700144781397285,-0.006220872504790975
26.0703125,952.8837280273438,26.09868621826172,0.08350735478325078,0.0018592751312027644
26.0859375,952.7990112304688,26.094635009765625,-0.0011858201759196163,-0.0021748088854778302
26.1015625,952.8541870117188,26.090591430664062,0.05293546964685447,-0.006169806830889968
26.1171875,952.8770751953124,26.09868621826172,0.07434272251316543,0.0019099418545245328
26.1328125,952.8121948242188,26.107505798339844,0.009277539868321583,0.010645697542550181
26.1484375,952.9302368164062,26.0850830078125,0.12483282244534166,-0.011685084445851146
26.1640625,952.9339599609376,26.095733642578125,0.1260451082466716,-0.0010263680420976584
26.1796875,952.851318359375,26.091697692871094,0.04255578194408827,-0.0050227683917150046
26.1953125,952.8867797851562,26.08140563964844,0.07649343413697807,-0.015195174570504122
26.2109375,952.8696899414062,26.08802032470703,0.05824336401224173,-0.008513454437601098
26.2265625,952.8385620117188,26.08876037597656,0.026585835998048424,-0.007712673455824159
26.2421875,952.7794799804688,26.093528747558597,-0.031861503938444,-0.002921299515396214
26.2578125,952.7781982421876,26.09978485107422,-0.0324959132699405,0.0033087508439741953
26.2734375,952.7739868164062,26.107505798339844,-0.03599039883545174,0.01094352859311698
26.2890625,952.76171875,26.10345458984375,-0.04731591709241911,0.006838473846265458
26.3046875,952.773193359375,26.09868621826172,-0.035141282176027744,0.0020539295902963772
26.3203125,952.7816162109376,26.10234832763672,-0.026196586265541555,0.005671382410881165
26.3359375,952.7718505859376,26.09537506103516,-0.035259824326772105,-0.0012917132204393056
26.3515625,952.7503051757812,26.10162353515625,-0.055695757247121946,0.004918036206113641
26.3671875,952.7568359375,26.088394165039062,-0.04820474170946909,-0.008246401614893983
26.3828125,952.7526245117188,26.107505798339844,-0.05139241421943552,0.010780347063342077
26.3984375,952.7681884765624,26.10345458984375,-0.03512867497397565,0.006676567172192449
26.4140625,952.7516479492188,26.114479064941406,-0.050660038209798586,0.017562752877115173
26.4296875,952.7516479492188,26.108604431152344,-0.049670584338514345,0.011596805657678289
26.4453125,952.7557373046876,26.092430114746094,-0.04469097049332049,-0.004541748945847246
26.4609375,952.7476196289062,26.092430114746094,-0.05177722740211266,-0.004506266532207093
26.4765625,952.7631225585938,26.10162353515625,-0.035565815337349704,0.004650535488277541
26.4921875,952.7544555664062,26.10419464111328,-0.04336888550290041,0.007165222371519064
26.5078125,952.7487182617188,26.097938537597656,-0.04814708491323927,0.0009020163648330026
26.5234375,952.7559204101562,26.092803955078125,-0.04014523068519793,-0.004199499231614112
26.5390625,952.753662109375,26.10455322265625,-0.04157533749253162,0.007490785781303799
26.5546875,952.7559814453124,26.10124969482422,-0.03848928277477626,0.0041545449965454395
26.5703125,952.7717895507812,26.088394165039062,-0.02223818556160495,-0.008633008344951065
26.5859375,952.7388916015624,26.094276428222656,-0.054059257148082906,-0.0027292549647839337
26.6015625,952.7686767578124,26.107505798339844,-0.023799997364903902,0.010418083002775802
26.6171875,952.7579956054688,26.10345458984375,-0.03380768975330284,0.006317133299599931
26.6328125,952.7570190429688,26.107505798339844,-0.034104872326452096,0.010287339125415684
26.6484375,952.7377319335938,26.10162353515625,-0.05234916955885183,0.004370661286024813
26.6640625,952.7484741210938,26.09610748291016,-0.040794345690528644,-0.0011364425931894573
26.6796875,952.76171875,26.09537506103516,-0.027011636378347248,-0.0018542639645318104
26.6953125,952.7508544921876,26.10419464111328,-0.037136130632347886,0.006910899581452412
26.7109375,952.735595703125,26.09868621826172,-0.051371581419630274,0.0013915198804390627
26.7265625,952.7548217773438,26.10089111328125,-0.03151766526332267,0.0035683179085630456
26.7421875,952.7406616210938,26.08876037597656,-0.0447856765619008,-0.008495525494595313
26.7578125,952.7490234375,26.09978485107422,-0.035712456636929346,0.0025091921842914644
26.7734375,952.7489013671876,26.10051727294922,-0.0351346338447911,0.0032162889494529168
26.7890625,952.7514038085938,26.098312377929688,-0.03199484493006821,0.0010034924148456525
26.8046875,952.7344970703124,26.10419464111328,-0.04794647416429143,0.00683196063282665
26.8203125,952.749267578125,26.11705017089844,-0.03252799825884267,0.019533681899094546
26.8359375,952.7434692382812,26.114479064941406,-0.037577776811531294,0.01683005581751118
26.8515625,952.7354736328124,26.092071533203125,-0.044683277157787415,-0.005533901890139248
26.8671875,952.7236328125,26.10345458984375,-0.05542011119143808,0.0058034582289963055
26.8828125,952.7247314453124,26.10124969482422,-0.053260512004499105,0.003570449434391776
26.8984375,952.7425537109376,26.092071533203125,-0.034746093129683686,-0.005563901935243365
26.9140625,952.7319946289062,26.10345458984375,-0.04442030845871159,0.005773692559245092
26.9296875,952.7330932617188,26.10162353515625,-0.04247554916878471,0.003911836013372749
26.9453125,952.7431030273438,26.10051727294922,-0.031831686208988685,0.0027836552609805665
26.9609375,952.7352294921876,26.093528747558597,-0.038929728760308535,-0.00417201958175184
26.9765625,952.7321166992188,26.108604431152344,-0.04122137872661824,0.01081847913690126
26.9921875,952.7354736328124,26.088394165039062,-0.03712490518898903,-0.00931841364062791
27.0078125,952.731689453125,26.10419464111328,-0.04011007931239874,0.006431421320829855
27.0234375,952.733154296875,26.09868621826172,-0.03789044580537393,0.0009157875437253438
27.0390625,952.7321166992188,26.111915588378903,-0.038167730112718345,0.014034648616682688
27.0546875,952.7291870117188,26.10675811767578,-0.04029473367495484,0.0088078249611101
27.0703125,952.7333984375,26.11044311523437,-0.035378555786451216,0.012395222343766221
27.0859375,952.7470092773438,26.10713195800781,-0.021342565240729527,0.00901309585847443
27.1015625,952.7286987304688,26.11632537841797,-0.038878637269704086,0.018064277860286637
27.1171875,952.7290649414062,26.10419464111328,-0.03776023050545518,0.005887184770006826
27.1328125,952.7326049804688,26.10345458984375,-0.03355182832888204,0.005106921520003027
27.1484375,952.7330932617188,26.110809326171875,-0.032417774674968314,0.012364301146188694
27.1640625,952.7296752929688,26.10419464111328,-0.03513582656114522,0.005704697211911025
27.1796875,952.7439575195312,26.11412048339844,-0.0204463031236628,0.015508425907249546
27.1953125,952.7694091796876,26.114479064941406,0.004907596153202576,0.01574304645451008
27.2109375,952.80419921875,26.10419464111328,0.03892229077780485,0.005415977137115391
27.2265625,952.8145141601562,26.108230590820312,0.04827556749296491,0.00937808366567694
27.2421875,952.849609375,26.10162353515625,0.08174244674421516,0.00274937934535302
27.2578125,952.8106689453124,26.11962890625,0.04196604016101446,0.020592603951296695
27.2734375,952.7999877929688,26.10419464111328,0.030673854852238946,0.0051180392925900264
27.2890625,952.8551635742188,26.114479064941406,0.08417288539715173,0.015282131377585273
27.3046875,952.8693237304688,26.11815643310547,0.09641247442743861,0.018811378451477623
27.3203125,953.0142822265624,26.114479064941406,0.23665669375304788,0.015015775832043943
27.3359375,952.9051513671876,26.12256622314453,0.12503509542557367,0.022922442363018547
27.3515625,952.9544067382812,26.11888885498047,0.17088635584502754,0.01909472205677787
27.3671875,952.9517211914062,26.115951538085938,0.1649156369198863,0.016031175434417122
27.3828125,953.0045166015624,26.116683959960938,0.21345887818779374,0.016632631705437717
27.3984375,952.9161376953124,26.12256622314453,0.12263700373591746,0.022338997272711936
27.4140625,952.8999633789062,26.112274169921875,0.10438333796787447,0.011952827299666069
27.4296875,952.8828125,26.10345458984375,0.08552870009555136,0.003108768727621225
27.4453125,952.8753662109376,26.108230590820312,0.07655736394269752,0.0078231699408704
27.4609375,952.8525390625,26.12367248535156,0.05268079723350638,0.023083306155928796
27.4765625,952.8391723632812,26.116683959960938,0.03854624453788347,0.015969040290578107
27.4921875,953.0572509765624,26.11632537841797,0.2516126535647345,0.015488502038643048
27.5078125,952.9005737304688,26.113014221191406,0.0930812002939092,0.012082209305734892
27.5234375,952.8273315429688,26.108230590820312,0.019451532075322575,0.007241558786713398
27.5390625,952.7844848632812,26.111915588378903,-0.02293821113539707,0.01084119262385741
27.5546875,952.8344116210938,26.114479064941406,0.026461426624791784,0.013299945208341768
27.5703125,952.8071899414062,26.1214599609375,-0.00074540437003634,0.02012239713252484
27.5859375,952.8616943359376,26.129913330078125,0.052709009884779334,0.02835251809914041
27.6015625,952.9019165039062,26.116683959960938,0.09111611578600787,0.01500499838834557
27.6171875,952.7899780273438,26.12367248535156,-0.020415674042624232,0.021821699374445558
27.6328125,952.82421875,26.11485290527344,0.013555028132941516,0.012900540239325409
27.6484375,952.8101196289062,26.127349853515625,-0.0005334661451570355,0.025199070602749174
27.6640625,952.8209838867188,26.11778259277344,0.010129018392603939,0.015509686346028673
27.6796875,952.85888671875,26.11962890625,0.04709372834531678,0.01722040607397446
27.6953125,952.8172607421876,26.111167907714844,0.005360959755876138,0.008690974667420193
27.7109375,952.9437255859376,26.12660217285156,0.12925108078115954,0.023936761368165804
27.7265625,952.8776245117188,26.11962890625,0.06191660799663623,0.016830967463743463
27.7421875,952.8734130859376,26.114479064941406,0.05657812787535477,0.011589867357063355
27.7578125,952.9487915039062,26.12073516845703,0.1293792695579441,0.017706549225245283
27.7734375,952.8890991210938,26.113746643066406,0.06832581473872779,0.010634289273411923
27.7890625,952.89794921875,26.131011962890625,0.07566857035601515,0.02768164340155721
27.8046875,952.8427734375,26.127708435058597,0.020092539318739,0.024187661541642314
27.8203125,952.8856811523438,26.12294006347656,0.061769780448344136,0.019267576756796245
27.8359375,952.8390502929688,26.12256622314453,0.014843239021161025,0.018746129108951237
27.8515625,952.8109130859376,26.11705017089844,-0.013034320197334637,0.013126716887370549
27.8671875,952.7847290039062,26.120361328125,-0.03845241781016284,0.016309453222415726
27.8828125,952.7868041992188,26.11962890625,-0.03566672987074071,0.015455335790015567
27.8984375,952.7826538085938,26.11998748779297,-0.03903944236105872,0.01569037110381899
27.9140625,952.7731323242188,26.11742401123047,-0.047612471135721535,0.013024340677713298
27.9296875,952.7727661132812,26.12256622314453,-0.04704159843902289,0.018024626399650856
27.9453125,952.7673950195312,26.114479064941406,-0.05138900679469316,0.009859831726242163
27.9609375,952.7485961914062,26.1185302734375,-0.06881697876895032,0.013802360220598331
27.9765625,952.7626953125,26.12367248535156,-0.053649149517468686,0.018796567664853825
27.9921875,952.7656860351562,26.120361328125,-0.04966900446163436,0.0153644306692442
28.0078125,952.7706909179688,26.11264038085937,-0.043791775523118304,0.007583768689524817
28.0234375,952.7567749023438,26.106033325195312,-0.05658068585228193,0.0009690824549544175
28.0390625,952.7609252929688,26.11998748779297,-0.051406266023604985,0.014806657200637119
28.0546875,952.7562866210938,26.11264038085937,-0.0549503102052995,0.007401272530579206
28.0703125,952.766357421875,26.10971069335937,-0.04400295650566477,0.004436650772529305
28.0859375,952.7504272460938,26.108230590820312,-0.05876256329690932,0.002933450200394816
28.1015625,952.7581176757812,26.116683959960938,-0.05007463099980214,0.011297859814916933
28.1171875,952.772705078125,26.110809326171875,-0.034794118721379164,0.005380857072527334
28.1328125,952.7453002929688,26.111915588378903,-0.06098408153627588,0.006436438660184507
28.1484375,952.7512817382812,26.10639953613281,-0.053928365985029814,0.0009131958952295349
28.1640625,952.7669067382812,26.106033325195312,-0.03755525336816845,0.0005427116377525465
28.1796875,952.7489624023438,26.12329864501953,-0.0544156129520843,0.01766890621617634
28.1953125,952.7459106445312,26.111915588378903,-0.05634496117932031,0.006236741375737154
28.2109375,952.75732421875,26.11044311523437,-0.04405382080904019,0.004727047385649996
28.2265625,952.767333984375,26.10419464111328,-0.03337913223117539,-0.0015095405890690472
28.2421875,952.7534790039062,26.107505798339844,-0.046311571436262966,0.0017875415075145895
28.2578125,952.7670288085938,26.10971069335937,-0.032121888491928985,0.003961245616675768
28.2734375,952.7409057617188,26.112274169921875,-0.05710733897308273,0.006473747787154593
28.2890625,952.7411499023438,26.113746643066406,-0.05575258900535118,0.007884141080655382
28.3046875,952.7413940429688,26.11044311523437,-0.05442429899790113,0.004544827207617175
28.3203125,952.740966796875,26.097938537597656,-0.0537802258515967,-0.007897564878870611
28.3359375,952.7457885742188,26.106033325195312,-0.04800222881044647,0.00019568191629559806
28.3515625,952.72802734375,26.115219116210938,-0.0644790167151541,0.009308180174638636
28.3671875,952.734375,26.112274169921875,-0.056995982331045525,0.006313521120844712
28.3828125,952.744140625,26.11998748779297,-0.04630788941437913,0.013917254312314498
28.3984375,952.7305908203124,26.11044311523437,-0.05868859851409525,0.004338718615017001
28.4140625,952.7452392578124,26.10162353515625,-0.04318000161924829,-0.004445854732924914
28.4296875,952.734130859375,26.10419464111328,-0.053228079743007584,-0.0018601023010802464
28.4453125,952.7403564453124,26.111541748046875,-0.046084476348482895,0.005444137408822769
28.4609375,952.7394409179688,26.094635009765625,-0.046082034869982635,-0.011373049303109894
28.4765625,952.7454223632812,26.108230590820312,-0.03931737491768672,0.002205168222268128
28.4921875,952.728271484375,26.09022521972656,-0.05536535824148814,-0.015676763786551362
28.5078125,952.7318725585938,26.10162353515625,-0.05075326285043502,-0.004245022979073809
28.5234375,952.7286987304688,26.114479064941406,-0.05287382747985703,0.008543237221658728
28.5390625,952.7342529296876,26.11044311523437,-0.04639541677147463,0.004472074330916342
28.5546875,952.7356567382812,26.09978485107422,-0.04411286583058427,-0.006137860221194558
28.5703125,952.739990234375,26.09868621826172,-0.03900242892166261,-0.007179957931867875
28.5859375,952.7213134765624,26.08911895751953,-0.056552640118411546,-0.01661638102816454
28.6015625,952.7113647460938,26.10419464111328,-0.06520251569281754,-0.0015286607357083426
28.6171875,952.7344360351562,26.097938537597656,-0.0413083511101604,-0.007723945780618635
28.6328125,952.7236328125,26.108604431152344,-0.05109376959126166,0.0029189638070832302
28.6484375,952.7288208007812,26.11044311523437,-0.04500918401879517,0.004720478764976832
28.6640625,952.740966796875,26.10162353515625,-0.032221328785908554,-0.004067077084137338
28.6796875,952.7280883789062,26.111541748046875,-0.044218892325829984,0.005805423807998977
28.6953125,952.7297973632812,26.10419464111328,-0.041679636311187096,-0.0015296387261756195
28.7109375,952.733154296875,26.111915588378903,-0.037574212429944964,0.00614293894147977
28.7265625,952.7512817382812,26.10162353515625,-0.019066951277181943,-0.0041166993258521245
28.7421875,952.7777709960938,26.111167907714844,0.007277339610823219,0.005385269535612025
28.7578125,952.9107666015624,26.116683959960938,0.13753323912089854,0.010816155205287004
28.7734375,952.8881225585938,26.09868621826172,0.1126452665398574,-0.007125480349447599
28.7890625,952.8546142578124,26.10971069335937,0.07759132189607953,0.003868533851733247
28.8046875,952.8496704101562,26.113014221191406,0.07122857825868323,0.007116029951863112
28.8203125,952.8345336914062,26.115951538085938,0.054996315377707106,0.009974805074158155
28.8359375,952.84375,26.114479064941406,0.06295847115950437,0.00843590746142553
28.8515625,952.8681030273438,26.116683959960938,0.08560619579816375,0.010557671211575581
28.8671875,952.9094848632812,26.10419464111328,0.12450779674077239,-0.0019165566389247601
28.8828125,952.9149169921876,26.115951538085938,0.12740203647433646,0.009763462674875711
28.8984375,953.04638671875,26.111167907714844,0.25381567391491444,0.004940927363907832
28.9140625,952.8421020507812,26.114479064941406,0.04856360348628641,0.008187615179608088
28.9296875,952.8634033203124,26.115951538085938,0.06850032471629675,0.009584618884108664
28.9453125,952.8139038085938,26.113014221191406,0.018629703368787887,0.00659536994278298
28.9609375,952.8159790039062,26.116683959960938,0.020300506128933193,0.010184912550499803
28.9765625,952.8169555664062,26.111915588378903,0.020861500882233486,0.00537422424214995
28.9921875,952.8380126953124,26.11998748779297,0.041099906550357446,0.013341075815151981
29.0078125,952.8650512695312,26.111915588378903,0.0668076510667106,0.005228010960451002
29.0234375,952.94677734375,26.12329864501953,0.1456326759634976,0.01648129363544726
29.0390625,952.9227905273438,26.115219116210938,0.11926996386273458,0.008336126039143466
29.0546875,952.8861694335938,26.114479064941406,0.0810346343683932,0.007536730435475647
29.0703125,952.828125,26.10455322265625,0.022541173415788762,-0.002370446913353419
29.0859375,952.8342895507812,26.11962890625,0.028145065521357537,0.012605977018832704
29.1015625,952.8997192382812,26.114479064941406,0.09174712112644556,0.007397884650004016
29.1171875,952.8424682617188,26.10345458984375,0.03382239174038659,-0.0035982577097790625
29.1328125,952.9631958007812,26.1214599609375,0.15153137746688117,0.014294557810657693
29.1484375,952.8599243164062,26.11742401123047,0.047317317054876185,0.010178462727818527
29.1640625,952.8504638671876,26.10419464111328,0.03711747588636172,-0.0030270721753886676
29.1796875,952.8605346679688,26.113014221191406,0.046266630638797324,0.00574725393474651
29.1953125,952.8661499023438,26.09868621826172,0.050868547337699965,-0.008513711893417764
29.2109375,952.839599609375,26.116683959960938,0.02384328846335393,0.009409935822944249
29.2265625,952.8455810546876,26.09537506103516,0.029242219444427064,-0.011806002453592868
29.2421875,952.8602294921876,26.111167907714844,0.043033417550986997,0.0039556970055762974
29.2578125,952.8379516601562,26.108230590820312,0.020350202989902755,0.0010104240164281464
29.2734375,952.8555297851562,26.106033325195312,0.037187540333889046,-0.001177569408504553
29.2890625,952.892333984375,26.11998748779297,0.072546588389514,0.012676776054860284
29.3046875,952.9129638671876,26.11815643310547,0.0913566182489376,0.010760989169178004
29.3203125,952.8714599609376,26.1185302734375,0.048879026217719,0.011047838645730224
29.3359375,952.8565673828124,26.13616943359375,0.03332265027813719,0.028462881623838143
29.3515625,952.8583374023438,26.11998748779297,0.03440726610233469,0.012184991011938706
29.3671875,952.8106689453124,26.11337280273437,-0.013002183293679082,0.005526787938080702
29.3828125,952.7849731445312,26.114479064941406,-0.03794216407334261,0.0065812294408580385
29.3984375,952.7760620117188,26.11632537841797,-0.04593819343108407,0.008361702738376664
29.4140625,952.7864379882812,26.114479064941406,-0.03486764232036421,0.006464487783205186
29.4296875,952.7802734375,26.11264038085937,-0.04023078308011918,0.004589664609756738
29.4453125,952.7860717773438,26.11815643310547,-0.0337599345793933,0.010026765942917848
29.4609375,952.7656860351562,26.13321685791016,-0.053088144017579,0.024891197069894844
29.4765625,952.7677612304688,26.11044311523437,-0.05001660205073222,0.0021009117816532807
29.4921875,952.7667236328124,26.11337280273437,-0.05005704736902317,0.004991297724764365
29.5078125,952.7521362304688,26.11632537841797,-0.06338186280424907,0.00788181189735937
29.5234375,952.7576904296876,26.107505798339844,-0.05669821703099842,-0.0009304418668527603
29.5390625,952.7670288085938,26.114479064941406,-0.04643484128644104,0.0059956151664692925
29.5546875,952.7449951171876,26.112274169921875,-0.06713125666340147,0.0037611051457915323
29.5703125,952.761474609375,26.108604431152344,-0.04966247220113473,9.065257644635949e-05
29.5859375,952.7408447265624,26.1185302734375,-0.06891945745485373,0.009938240995495562
29.6015625,952.751953125,26.11485290527344,-0.0566819367708149,0.006211959762442376
29.6171875,952.7450561523438,26.11044311523437,-0.06233713385233841,0.0017880902724094483
29.6328125,952.7619018554688,26.10419464111328,-0.044602926220932204,-0.004425537099862709
29.6484375,952.7445678710938,26.113014221191406,-0.060727205310854515,0.00435971451749495
29.6640625,952.7699584960938,26.126976013183597,-0.03464641272660174,0.01817836974007747
29.6796875,952.7630004882812,26.12367248535156,-0.040791834200490484,0.014758632205634115
29.6953125,952.761474609375,26.114479064941406,-0.041491195272669756,0.005521733578330412
29.7109375,952.7498168945312,26.11998748779297,-0.0521108454656769,0.010943983332783347
29.7265625,952.7640380859376,26.11998748779297,-0.03714962175342862,0.01085848346299656
29.7421875,952.7653198242188,26.124771118164062,-0.03516733887317969,0.015519909819762034
29.7578125,952.7579345703124,26.128082275390625,-0.04172148745180948,0.018683949335024153
29.7734375,952.7540893554688,26.10971069335937,-0.04467672764121744,0.0003099269342108357
29.7890625,952.748046875,26.114479064941406,-0.04972859857662115,0.00503862430908697
29.8046875,952.7503662109376,26.11264038085937,-0.046483300478143974,0.0031749406940271285
29.8203125,952.7501831054688,26.11998748779297,-0.04575495270580632,0.010439844130534226
29.8359375,952.7509155273438,26.114479064941406,-0.04414318452552379,0.004892894550231119
29.8515625,952.7516479492188,26.1192626953125,-0.04256289619252129,0.009600927070376741
29.8671875,952.7592163085938,26.114479064941406,-0.03431104977028099,0.004779661568818483
29.8828125,952.7509765625,26.11412048339844,-0.04171972563233339,0.004386540338149558
29.8984375,952.7413940429688,26.115219116210938,-0.05030024818768197,0.005442320235406584
29.9140625,952.7378540039062,26.110809326171875,-0.0527887191398122,0.001024463554184507
29.9296875,952.764404296875,26.11962890625,-0.025725956909923298,0.009767137041432505
29.9453125,952.7455444335938,26.10198974609375,-0.0437150033906164,-0.0078105229342320115
29.9609375,952.740234375,26.11337280273437,-0.04806754124251711,0.003544623286806825
29.9765625,952.7395629882812,26.114479064941406,-0.04778699577457246,0.004614550450920518
29.9921875,952.7342529296876,26.11778259277344,-0.05206000252508147,0.007856218296371509
30.0078125,952.7417602539062,26.111915588378903,-0.04368250880827418,0.0019736731682264974
30.0234375,952.7501220703124,26.11632537841797,-0.03463083512860976,0.006333592400984855
30.0390625,952.7476196289062,26.11962890625,-0.036408017227472556,0.0095618302311955
30.0546875,952.7509155273438,26.124771118164062,-0.032465397719875,0.014589166815998311
30.0703125,952.7364501953124,26.106033325195312,-0.04601411393582566,-0.004116215010935065
30.0859375,952.74951171875,26.11998748779297,-0.03230898521508152,0.009761088621200287
30.1015625,952.7455444335938,26.11264038085937,-0.03556774946559926,0.002395122455666865
30.1171875,952.7340698242188,26.11632537841797,-0.046123562769480486,0.0060326190766524235
30.1328125,952.7200317382812,26.125503540039062,-0.05898661650564918,0.015091946473546614
30.1484375,952.72998046875,26.125503540039062,-0.04808011482521124,0.014974040641721587
30.1640625,952.7239379882812,26.112274169921875,-0.05306551335468157,0.0017310402860601926
30.1796875,952.7363891601562,26.114479064941406,-0.03982109262267386,0.0039051858110177307
30.1953125,952.7396850585938,26.11412048339844,-0.03581181148626911,0.0035188964222072627
30.2109375,952.7257690429688,26.106033325195312,-0.04875658048797504,-0.00453257223575676
30.2265625,952.7406005859376,26.114479064941406,-0.0332624391301124,0.003882595889162843
30.2421875,952.7516479492188,26.10675811767578,-0.02178118764879855,-0.003808364256332908
30.2578125,952.7926635742188,26.10786437988281,0.01885876474671022,-0.0026809918770460683
30.2734375,952.783203125,26.1214599609375,0.009214754677827841,0.010829318949696187
30.2890625,952.837158203125,26.125503540039062,0.06193604700592914,0.01475670353523384
30.3046875,952.8428955078124,26.12439727783203,0.06635160654309402,0.01354379725532695
30.3203125,952.7794799804688,26.115219116210938,0.002878733902548447,0.004331529105840559
30.3359375,952.8042602539062,26.110809326171875,0.02711879235289416,-7.764951968169953e-05
30.3515625,952.8032836914062,26.10051727294922,0.025631639426023867,-0.01028868943966188
30.3671875,952.8697509765624,26.114479064941406,0.09030011746142463,0.0036444064388341246
30.3828125,952.8250732421876,26.11815643310547,0.04473132091698062,0.007264573238810357
30.3984375,952.853515625,26.114479064941406,0.0717445298283792,0.0035591800351006952
30.4140625,952.816162109375,26.11815643310547,0.03371931470724121,0.0071800126663568165
30.4296875,952.8170776367188,26.12109375,0.033958380292233414,0.010038287923695322
30.4453125,952.8137817382812,26.108604431152344,0.030063605256032133,-0.002431882244867012
30.4609375,952.8071899414062,26.10419464111328,0.02301337462358788,-0.0067882217192121175
30.4765625,952.8539428710938,26.12256622314453,0.06840368118002971,0.011492865309598699
30.4921875,952.8377685546876,26.116683959960938,0.05120925999312931,0.0055667692968945914
30.5078125,952.7732543945312,26.12294006347656,-0.013045038831933198,0.011730506618668812
30.5234375,952.8121948242188,26.11815643310547,0.02538962150288171,0.006892603776893935
30.5390625,952.796142578125,26.127708435058597,0.00915500479561615,0.016316132247755633
30.5546875,952.8360595703124,26.112274169921875,0.04811355954188912,0.0008749775242300473
30.5703125,952.761474609375,26.12439727783203,-0.025954381836982066,0.012896537891929682
30.5859375,952.767578125,26.132118225097656,-0.019463153981291725,0.020456411054762924
30.6015625,952.7772216796876,26.107505798339844,-0.009627810244978718,-0.004123546830371083
30.6171875,952.8029174804688,26.11337280273437,0.015754162595953858,0.0017298368019353916
30.6328125,952.7550659179688,26.11815643310547,-0.03147049756216802,0.0064625807107425715
30.6484375,952.7728881835938,26.10786437988281,-0.01338166490711501,-0.0037995547579185995
30.6640625,952.8094482421876,26.116683959960938,0.02272569068509256,0.004980806372394397
30.6796875,952.8444213867188,26.12294006347656,0.056571904840893694,0.011149121529516748
30.6953125,952.8360595703124,26.1185302734375,0.047268485144741135,0.006686680463189987
30.7109375,952.838623046875,26.108604431152344,0.04885868120527448,-0.003213855870232152
30.7265625,952.8645629882812,26.110809326171875,0.0733377120136538,-0.0010010783440534965
30.7421875,952.8497924804688,26.112274169921875,0.05742331349415508,0.0004601422387118248
30.7578125,952.8223876953124,26.111167907714844,0.02943222895623876,-0.0006410721560676791
30.7734375,952.8408203125,26.12439727783203,0.04692998586756403,0.01248995188329971
30.7890625,952.94921875,26.11632537841797,0.15229466509867962,0.004383536434321655
30.8046875,952.9053955078124,26.113014221191406,0.1063528404323506,0.0010640012451972325
30.8203125,952.8697509765624,26.114479064941406,0.06932728751860395,0.002509088393672698
30.8359375,952.8634033203124,26.108230590820312,0.06174956034533352,-0.0037101717764258524
30.8515625,952.8466186523438,26.111167907714844,0.044086671822469725,-0.0007668169531314106
30.8671875,952.8408203125,26.113014221191406,0.03754051299472394,0.0010710629568428942
30.8828125,952.7771606445312,26.12256622314453,-0.025609015228383214,0.010540072215359686
30.8984375,952.8068237304688,26.126976013183597,0.003974889640630863,0.01483306645556226
30.9140625,952.7701416015624,26.10051727294922,-0.03206842599877291,-0.011534848202419568
30.9296875,952.7645263671876,26.10419464111328,-0.0369476513818654,-0.007796093475558763
30.9453125,952.7684326171876,26.108604431152344,-0.03239606151112184,-0.0033598479408993853
30.9609375,952.755126953125,26.108604431152344,-0.044809113746168805,-0.003333599128861664
30.9765625,952.757568359375,26.11412048339844,-0.041540213209145804,0.0021654027022570688
30.9921875,952.7562866210938,26.108604431152344,-0.04198558525035878,-0.0033244725942793707
31.0078125,952.7642211914062,26.11998748779297,-0.0333859560523706,0.00799562635848261
31.0234375,952.7521362304688,26.114479064941406,-0.04458281314236956,0.0024677722295223248
31.0390625,952.7647705078124,26.11815643310547,-0.03132454095896264,0.006097131484260387
31.0546875,952.758544921875,26.113014221191406,-0.03681672598042951,0.000947459261055883
31.0703125,952.766357421875,26.113014221191406,-0.028437737191779888,0.0009400572355779957
31.0859375,952.7520751953124,26.10419464111328,-0.041885589462367534,-0.007817964070341077
31.1015625,952.7606811523438,26.11044311523437,-0.032629639610036065,-0.0015572283090214967
31.1171875,952.7452392578124,26.11044311523437,-0.047132636990227184,-0.0015450624628563503
31.1328125,952.7582397460938,26.097938537597656,-0.03346550517937885,-0.013939877286293978
31.1484375,952.7594604492188,26.105300903320312,-0.03161502076420675,-0.006526124754547169
31.1640625,952.7608642578124,26.10272216796875,-0.029621149432841776,-0.009033728386530271
31.1796875,952.7564086914062,26.112274169921875,-0.033411154982786684,0.0005142245543545698
31.1953125,952.7435913085938,26.10345458984375,-0.04532563666646183,-0.00824046993374239
31.2109375,952.7396850585938,26.106033325195312,-0.04827032638002038,-0.005617502280756526
31.2265625,952.7434692382812,26.10419464111328,-0.04361727663990678,-0.00739793490682672
31.2421875,952.7433471679688,26.11412048339844,-0.04288506283228344,0.002508158101939273
31.2578125,952.7455444335938,26.10089111328125,-0.03989311366808579,-0.010637452546383486
31.2734375,952.7401123046876,26.10162353515625,-0.04443998393014681,-0.009827647619264468
31.2890625,952.7437133789062,26.11044311523437,-0.04004127475616315,-0.0010001920134783404
31.3046875,952.740966796875,26.107505798339844,-0.041952156459501566,-0.0039067471196609915
31.3203125,952.7383422851562,26.09537506103516,-0.04370603012785068,-0.015912191577278634
31.3359375,952.7322998046876,26.107505798339844,-0.048776859998952204,-0.003751911661090901
31.3515625,952.7359008789062,26.10234832763672,-0.044293446214282994,-0.008839777814493743
31.3671875,952.7330322265624,26.093902587890625,-0.046240963820650904,-0.017150474454645348
31.3828125,952.732177734375,26.107505798339844,-0.04617562288285626,-0.003519551005382482
31.3984375,952.7330322265624,26.08911895751953,-0.04443595236159581,-0.021735248139556518
31.4140625,952.7268676757812,26.09868621826172,-0.04961221206576738,-0.01207292499582735
31.4296875,952.7237548828124,26.10345458984375,-0.051695219780071966,-0.007247486590252095
31.4453125,952.7355346679688,26.10345458984375,-0.039135836291166015,-0.007190865601266694
31.4609375,952.7402954101562,26.09537506103516,-0.03370370554694091,-0.015151094453528913
31.4765625,952.7335815429688,26.092430114746094,-0.03962816701698557,-0.017954665424294802
31.4921875,952.7236328125,26.097938537597656,-0.04860859870666445,-0.012349006302631693
31.5078125,952.73974609375,26.09537506103516,-0.031860643287586754,-0.014795979092745881
31.5234375,952.7269287109376,26.095001220703125,-0.043805408402704415,-0.015051305210523225
31.5390625,952.7286987304688,26.10162353515625,-0.041214385182684055,-0.0083631392671073
31.5546875,952.7286987304688,26.10419464111328,-0.04040941672212739,-0.005746783049840332
31.5703125,952.7283325195312,26.092430114746094,-0.039979228681886525,-0.01737450231220805
31.5859375,952.7272338867188,26.092071533203125,-0.040275559512110704,-0.0175945441375589
31.6015625,952.73974609375,26.08728790283203,-0.027221099502753532,-0.022203345020304965
31.6171875,952.7308959960938,26.08876037597656,-0.035366681589493965,-0.020568911939246703
31.6328125,952.7274780273438,26.093528747558597,-0.03802713763752763,-0.01567709863566691
31.6484375,952.7237548828124,26.10419464111328,-0.040934846970230865,-0.0049720550412892806
31.6640625,952.7247924804688,26.11044311523437,-0.03911800616322125,0.0012664470557410823
31.6796875,952.7194213867188,26.09537506103516,-0.04362017218056735,-0.01369378208766392
31.6953125,952.716796875,26.092430114746094,-0.04534146741696077,-0.01650873831128763
31.7109375,952.7230834960938,26.096481323242188,-0.03829205635599919,-0.012360205363513899
31.7265625,952.7276611328124,26.09537506103516,-0.03305593487880287,-0.01336126079264588
31.7421875,952.7120361328124,26.106033325195312,-0.04773013536942017,-0.0026818794713001637
31.7578125,952.7291870117188,26.10419464111328,-0.029982005360238873,-0.004485246650570929
31.7734375,952.7247924804688,26.094635009765625,-0.033705119879527956,-0.013935152388867778
31.7890625,952.739501953125,26.08911895751953,-0.018624638488404344,-0.019299242098750113
31.8046875,952.7496948242188,26.099044799804688,-0.008267084437761696,-0.009300170127549023
31.8203125,952.751220703125,26.095733642578125,-0.006609541360944604,-0.012512801359157777
31.8359375,952.7556762695312,26.10345458984375,-0.00211190513141446,-0.0047544177334266635
31.8515625,952.8030395507812,26.10971069335937,0.044367560178784515,0.0014899538620198882
31.8671875,952.7857666015624,26.10419464111328,0.026565419339590335,-0.003994644490443733
31.8828125,952.80615234375,26.10419464111328,0.04603414665359651,-0.0039634363303626685
31.8984375,952.7887573242188,26.09537506103516,0.02807976917074484,-0.01268314909279411
31.9140625,952.81005859375,26.09537506103516,0.04841656528981275,-0.012584061990505546
31.9296875,952.7735595703124,26.11412048339844,0.011684777362916066,0.006113224744861867
31.9453125,952.8381958007812,26.10162353515625,0.07483036314761193,-0.006333850657505025
31.9609375,952.7908935546876,26.11044311523437,0.026990458517730076,0.0024663096595176626
31.9765625,952.8438110351562,26.114479064941406,0.07834723705309443,0.006451460465250136
31.9921875,952.8095703125,26.11412048339844,0.043245059037531064,0.006045278305705892
32.0078125,952.81005859375,26.100143432617188,0.04287917348506198,-0.007869805503084137
32.0234375,952.7656860351562,26.114479064941406,-0.001464217430793724,0.006415312549094665
32.0390625,952.7593383789062,26.112274169921875,-0.00765929802298615,0.004177523642614034
32.0546875,952.7584838867188,26.11044311523437,-0.008347505245410503,0.0023281371663976813
32.0703125,952.7612915039062,26.11044311523437,-0.005431687119312301,0.0023099485947852827
32.0859375,952.7470092773438,26.11815643310547,-0.019328876305166887,0.009944959696618128
32.1015625,952.7447509765624,26.106033325195312,-0.021165552534057497,-0.002161131430618468
32.1171875,952.750732421875,26.106033325195312,-0.014887542627320727,-0.002144247591317594
32.1328125,952.74951171875,26.10971069335937,-0.015793631577480483,0.0015211430682668947
32.1484375,952.743896484375,26.08911895751953,-0.02099072403939317,-0.01892160376554486
32.1640625,952.7388916015624,26.10162353515625,-0.02548788015565151,-0.00636689311219385
32.1796875,952.7431030273438,26.095001220703125,-0.020860898624846413,-0.012887729381215962
32.1953125,952.7322998046876,26.09537506103516,-0.031045681412251724,-0.012416124290982822
32.2109375,952.739501953125,26.0869140625,-0.023377838971441633,-0.02071402030406233
32.2265625,952.7387084960938,26.08470916748047,-0.0236992003776777,-0.022739861297626618
32.2421875,952.7277221679688,26.09537506103516,-0.03400807677405737,-0.011979639869945657
32.2578125,952.7322998046876,26.090591430664062,-0.02885562677283815,-0.016632307192285367
32.2734375,952.739013671875,26.10162353515625,-0.02170930334352761,-0.0055564511165044905
32.2890625,952.7286987304688,26.100143432617188,-0.0313987712195285,-0.006981580580131208
32.3046875,952.742919921875,26.08470916748047,-0.016842080207538856,-0.022240721922187845
32.3203125,952.7271118164062,26.09537506103516,-0.03201248673724422,-0.011484400020876251
32.3359375,952.7322998046876,26.08802032470703,-0.026300582470412337,-0.01869195559627812
32.3515625,952.7232055664062,26.08470916748047,-0.03470351565897545,-0.02183121350391204
32.3671875,952.7158203125,26.092071533203125,-0.04126672328470704,-0.014355809907964812
32.3828125,952.7319946289062,26.08911895751953,-0.024602320806593525,-0.01717316382912415
32.3984375,952.71435546875,26.079200744628903,-0.04141645203776534,-0.026879725339128413
32.4140625,952.7134399414062,26.078468322753903,-0.04150518290919081,-0.02739642731401659
32.4296875,952.7223510742188,26.09537506103516,-0.03195744755578289,-0.010407738337189443
32.4453125,952.723388671875,26.078468322753903,-0.03031594658114045,-0.02710108226986563
32.4609375,952.7103881835938,26.08361053466797,-0.0424704107439311,-0.021787316681145086
32.4765625,952.716796875,26.08470916748047,-0.035357388881834595,-0.02052705352592099
32.4921875,952.7313232421876,26.083251953125,-0.020424165801728122,-0.02181251578856802
32.5078125,952.7185668945312,26.08067321777344,-0.03253245655457704,-0.024200694490595254
32.5234375,952.7135620117188,26.092071533203125,-0.03680418820761133,-0.01270236047449913
32.5390625,952.716552734375,26.09022521972656,-0.0331530463023455,-0.014435012435821903
