# Time (seconds),f0
0.0078125,967.483154296875
0.0234375,967.5084228515625
0.0390625,967.5247192382812
0.0546875,967.4987182617188
0.0703125,967.5089721679688
0.0859375,967.5119018554688
0.1015625,967.5045776367188
0.1171875,967.5028076171875
0.1328125,967.5176391601562
0.1484375,967.5137939453125
0.1640625,967.5110473632812
0.1796875,967.5223999023438
0.1953125,967.5054321289062
0.2109375,967.5156860351562
0.2265625,967.5096435546875
0.2421875,967.5075073242188
0.2578125,967.4989624023438
0.2734375,967.5096435546875
0.2890625,967.5009765625
0.3046875,967.5028686523438
0.3203125,967.5023803710938
0.3359375,967.5242919921875
0.3515625,967.4964599609375
0.3671875,967.5009765625
0.3828125,967.5057373046875
0.3984375,967.50537109375
0.4140625,967.5151977539062
0.4296875,967.4994506835938
0.4453125,967.5025634765625
0.4609375,967.5054321289062
0.4765625,967.5086669921875
0.4921875,967.5003662109375
0.5078125,967.5057373046875
0.5234375,967.5156860351562
0.5390625,967.4987182617188
0.5546875,967.4832763671875
0.5703125,967.4901123046875
0.5859375,967.501220703125
0.6015625,967.5131225585938
0.6171875,967.5131225585938
0.6328125,967.4932861328125
0.6484375,967.483154296875
0.6640625,967.4986572265625
0.6796875,967.5213623046875
0.6953125,967.505615234375
0.7109375,967.5162353515625
0.7265625,967.4993286132812
0.7421875,967.4945678710938
0.7578125,967.5095825195312
0.7734375,967.5125732421875
0.7890625,967.4945068359375
0.8046875,967.4944458007812
0.8203125,967.507080078125
0.8359375,967.5061645507812
0.8515625,967.4990234375
0.8671875,967.4964599609375
0.8828125,967.5064086914062
0.8984375,967.5153198242188
0.9140625,967.5000610351562
0.9296875,967.5014038085938
0.9453125,967.517333984375
0.9609375,967.502685546875
0.9765625,967.4930419921875
0.9921875,967.51123046875
1.0078125,967.5107421875
1.0234375,967.5184936523438
1.0390625,967.5249633789062
1.0546875,967.529052734375
1.0703125,967.5130004882812
1.0859375,967.5037841796875
1.1015625,967.507080078125
1.1171875,967.5093383789062
1.1328125,967.49755859375
1.1484375,967.50927734375
1.1640625,967.5250854492188
1.1796875,967.504638671875
1.1953125,967.5215454101562
1.2109375,967.4993286132812
1.2265625,967.522705078125
1.2421875,967.5162353515625
1.2578125,967.5079345703125
1.2734375,967.5114135742188
1.2890625,967.499267578125
1.3046875,967.5107421875
1.3203125,967.5202026367188
1.3359375,967.4930419921875
1.3515625,967.5206909179688
1.3671875,967.5135498046875
1.3828125,967.5188598632812
1.3984375,967.5178833007812
1.4140625,967.5216674804688
1.4296875,967.5014038085938
1.4453125,967.5142211914062
1.4609375,967.5044555664062
1.4765625,967.4967651367188
1.4921875,967.514892578125
1.5078125,967.5215454101562
1.5234375,967.517333984375
1.5390625,967.5092163085938
1.5546875,967.4998168945312
1.5703125,967.5130004882812
1.5859375,967.5033569335938
1.6015625,967.5026245117188
1.6171875,967.5055541992188
1.6328125,967.5069580078125
1.6484375,967.5076904296875
1.6640625,967.5191040039062
1.6796875,967.5156860351562
1.6953125,967.5064697265625
1.7109375,967.5006713867188
1.7265625,967.5181274414062
1.7421875,967.5067138671875
1.7578125,967.5093383789062
1.7734375,967.5131225585938
1.7890625,967.5117797851562
1.8046875,967.5028686523438
1.8203125,967.5101928710938
1.8359375,967.5137939453125
1.8515625,967.5142211914062
1.8671875,967.4985961914062
1.8828125,967.5039672851562
1.8984375,967.5026245117188
1.9140625,967.4983520507812
1.9296875,967.4965209960938
1.9453125,967.50341796875
1.9609375,967.5171508789062
1.9765625,967.5004272460938
1.9921875,967.4938354492188
2.0078125,967.5037841796875
2.0234375,967.5037841796875
2.0390625,967.5098876953125
2.0546875,967.5078125
2.0703125,967.499755859375
2.0859375,967.513427734375
2.1015625,967.4901123046875
2.1171875,967.5087280273438
2.1328125,967.5171508789062
2.1484375,967.5045166015625
2.1640625,967.4815673828125
2.1796875,967.5054321289062
2.1953125,967.5087280273438
2.2109375,967.5032348632812
2.2265625,967.519287109375
2.2421875,967.509765625
2.2578125,967.4984130859375
2.2734375,967.5137329101562
2.2890625,967.5205078125
2.3046875,967.5076293945312
2.3203125,967.48974609375
2.3359375,967.5269165039062
2.3515625,967.548095703125
2.3671875,967.5916748046875
2.3828125,967.621826171875
2.3984375,967.6234130859375
2.4140625,967.7506713867188
2.4296875,967.7162475585938
2.4453125,967.7166137695312
2.4609375,967.5501098632812
2.4765625,967.5497436523438
2.4921875,967.7040405273438
2.5078125,967.6619873046875
2.5234375,967.6373291015625
2.5390625,967.6351318359375
2.5546875,967.7352905273438
2.5703125,967.662109375
2.5859375,967.6458129882812
2.6015625,967.6641845703125
2.6171875,967.6635131835938
2.6328125,967.6328125
2.6484375,967.5838623046875
2.6640625,967.75732421875
2.6796875,967.6495361328125
2.6953125,967.6397705078125
2.7109375,967.631591796875
2.7265625,967.7823486328125
2.7421875,967.5888061523438
2.7578125,967.5783081054688
2.7734375,967.5732421875
2.7890625,967.6643676757812
2.8046875,967.6749267578125
2.8203125,967.7215576171875
2.8359375,967.6220703125
2.8515625,967.6936645507812
2.8671875,967.822021484375
2.8828125,967.6674194335938
2.8984375,967.6220703125
2.9140625,967.6975708007812
2.9296875,967.6311645507812
2.9453125,967.657958984375
2.9609375,967.6508178710938
2.9765625,967.6881713867188
2.9921875,967.6701049804688
3.0078125,967.5572509765625
3.0234375,967.6788940429688
3.0390625,967.6064453125
3.0546875,967.6156005859375
3.0703125,967.6929321289062
3.0859375,967.6094970703125
3.1015625,967.6083984375
3.1171875,967.6802978515625
3.1328125,967.7366333007812
3.1484375,967.6029663085938
3.1640625,967.5838623046875
3.1796875,967.691162109375
3.1953125,967.678466796875
3.2109375,967.6223754882812
3.2265625,967.6216430664062
3.2421875,967.6722412109375
3.2578125,967.5909423828125
3.2734375,967.5943603515625
3.2890625,967.5433349609375
3.3046875,967.5411987304688
3.3203125,967.5825805664062
3.3359375,967.5950317382812
3.3515625,967.5921630859375
3.3671875,967.56591796875
3.3828125,967.5416870117188
3.3984375,967.6368408203125
3.4140625,967.6961669921875
3.4296875,967.5773315429688
3.4453125,967.7113647460938
3.4609375,967.6180419921875
3.4765625,967.6434936523438
3.4921875,967.6095581054688
3.5078125,967.608154296875
3.5234375,967.5611572265625
3.5390625,967.6781616210938
3.5546875,967.6094360351562
3.5703125,967.7379760742188
3.5859375,967.5267944335938
3.6015625,967.6060180664062
3.6171875,967.736328125
3.6328125,967.5918579101562
3.6484375,967.688232421875
3.6640625,967.6079711914062
3.6796875,967.6000366210938
3.6953125,967.565673828125
3.7109375,967.6041259765625
3.7265625,967.6060791015625
3.7421875,967.60546875
3.7578125,967.5899658203125
3.7734375,967.7345581054688
3.7890625,967.59912109375
3.8046875,967.5953979492188
3.8203125,967.6057739257812
3.8359375,967.64013671875
3.8515625,967.5739135742188
3.8671875,967.6864624023438
3.8828125,967.6091918945312
3.8984375,967.5993041992188
3.9140625,967.5924682617188
3.9296875,967.677734375
3.9453125,967.5601196289062
3.9609375,967.6487426757812
3.9765625,967.5762329101562
3.9921875,967.5930786132812
4.0078125,967.594482421875
4.0234375,967.6940307617188
4.0390625,967.64453125
4.0546875,967.6796875
4.0703125,967.7529296875
4.0859375,967.5994873046875
4.1015625,967.6779174804688
4.1171875,967.5946044921875
4.1328125,967.595703125
4.1484375,967.692626953125
4.1640625,967.559814453125
4.1796875,967.6300048828125
4.1953125,967.5927734375
4.2109375,967.6681518554688
4.2265625,967.670654296875
4.2421875,967.7223510742188
4.2578125,967.550048828125
4.2734375,967.7313232421875
4.2890625,967.7977294921875
4.3046875,967.6803588867188
4.3203125,967.7106323242188
4.3359375,967.682373046875
4.3515625,967.6339111328125
4.3671875,967.7110595703125
4.3828125,967.759765625
4.3984375,967.7518310546875
4.4140625,967.8031005859375
4.4296875,967.7090454101562
4.4453125,967.87646484375
4.4609375,967.6753540039062
4.4765625,967.673095703125
4.4921875,967.6649169921875
4.5078125,967.6057739257812
4.5234375,967.5913696289062
4.5390625,967.5801391601562
4.5546875,967.5477905273438
4.5703125,967.5474853515625
4.5859375,967.5452880859375
4.6015625,967.5443725585938
4.6171875,967.5317993164062
4.6328125,967.53271484375
4.6484375,967.5344848632812
4.6640625,967.526611328125
4.6796875,967.520751953125
4.6953125,967.5313720703125
4.7109375,967.5443725585938
4.7265625,967.528076171875
4.7421875,967.5458374023438
4.7578125,967.5252075195312
4.7734375,967.53125
4.7890625,967.5301513671875
4.8046875,967.5297241210938
4.8203125,967.537841796875
4.8359375,967.5302124023438
4.8515625,967.5301513671875
4.8671875,967.515380859375
4.8828125,967.516845703125
4.8984375,967.5247192382812
4.9140625,967.5159301757812
4.9296875,967.528076171875
4.9453125,967.5291748046875
4.9609375,967.5301513671875
4.9765625,967.5199584960938
4.9921875,967.527099609375
5.0078125,967.5333251953125
5.0234375,967.5280151367188
5.0390625,967.528076171875
5.0546875,967.5274658203125
5.0703125,967.5210571289062
5.0859375,967.5242919921875
5.1015625,967.5078735351562
5.1171875,967.5275268554688
5.1328125,967.5103759765625
5.1484375,967.5131225585938
5.1640625,967.52734375
5.1796875,967.5254516601562
5.1953125,967.5140380859375
5.2109375,967.5084838867188
5.2265625,967.519287109375
5.2421875,967.5139770507812
5.2578125,967.5252685546875
5.2734375,967.5079345703125
5.2890625,967.5103149414062
5.3046875,967.5076293945312
5.3203125,967.515380859375
5.3359375,967.5125732421875
5.3515625,967.5235595703125
5.3671875,967.5086669921875
5.3828125,967.5162353515625
5.3984375,967.5123901367188
5.4140625,967.5100708007812
5.4296875,967.5278930664062
5.4453125,967.5048217773438
5.4609375,967.5101318359375
5.4765625,967.5096435546875
5.4921875,967.5089721679688
5.5078125,967.505126953125
5.5234375,967.5126953125
5.5390625,967.5132446289062
5.5546875,967.506591796875
5.5703125,967.4993286132812
5.5859375,967.5042724609375
5.6015625,967.501220703125
5.6171875,967.5128784179688
5.6328125,967.4971923828125
5.6484375,967.5216674804688
5.6640625,967.5099487304688
5.6796875,967.5130004882812
5.6953125,967.5110473632812
5.7109375,967.5318603515625
5.7265625,967.5114135742188
5.7421875,967.5101928710938
5.7578125,967.530517578125
5.7734375,967.5076293945312
5.7890625,967.5087280273438
5.8046875,967.5087280273438
5.8203125,967.4967651367188
5.8359375,967.5121459960938
5.8515625,967.5132446289062
5.8671875,967.5004272460938
5.8828125,967.504638671875
5.8984375,967.5103149414062
5.9140625,967.5155029296875
5.9296875,967.5034790039062
5.9453125,967.5094604492188
5.9609375,967.5089111328125
5.9765625,967.5172729492188
5.9921875,967.5008544921875
6.0078125,967.5177612304688
6.0234375,967.5167846679688
6.0390625,967.5191040039062
6.0546875,967.5148315429688
6.0703125,967.5031127929688
6.0859375,967.5082397460938
6.1015625,967.4884643554688
6.1171875,967.5047607421875
6.1328125,967.50537109375
6.1484375,967.5042114257812
6.1640625,967.4981689453125
6.1796875,967.5140380859375
6.1953125,967.50390625
6.2109375,967.5036010742188
6.2265625,967.5140380859375
6.2421875,967.5070190429688
6.2578125,967.50927734375
6.2734375,967.5194091796875
6.2890625,967.4991455078125
6.3046875,967.5076904296875
6.3203125,967.5055541992188
6.3359375,967.510498046875
6.3515625,967.5112915039062
6.3671875,967.5107421875
6.3828125,967.5011596679688
6.3984375,967.507568359375
6.4140625,967.5026245117188
6.4296875,967.5044555664062
6.4453125,967.5098876953125
6.4609375,967.4995727539062
6.4765625,967.5033569335938
6.4921875,967.511474609375
6.5078125,967.5123901367188
6.5234375,967.5036010742188
6.5390625,967.5060424804688
6.5546875,967.5170288085938
6.5703125,967.5065307617188
6.5859375,967.514892578125
6.6015625,967.5064086914062
6.6171875,967.5065307617188
6.6328125,967.5062255859375
6.6484375,967.51171875
6.6640625,967.5028076171875
6.6796875,967.5009155273438
6.6953125,967.5032348632812
6.7109375,967.4966430664062
6.7265625,967.4962158203125
6.7421875,967.4945068359375
6.7578125,967.5047607421875
6.7734375,967.4905395507812
6.7890625,967.5048217773438
6.8046875,967.50927734375
6.8203125,967.5062866210938
6.8359375,967.4996948242188
6.8515625,967.5011596679688
6.8671875,967.5211791992188
6.8828125,967.5067138671875
6.8984375,967.5165405273438
6.9140625,967.4937133789062
6.9296875,967.5030517578125
6.9453125,967.5090942382812
6.9609375,967.4978637695312
6.9765625,967.5047607421875
6.9921875,967.4965209960938
7.0078125,967.4901123046875
7.0234375,967.4907836914062
7.0390625,967.5095825195312
7.0546875,967.4998779296875
7.0703125,967.509033203125
7.0859375,967.5154418945312
7.1015625,967.5081787109375
7.1171875,967.5
7.1328125,967.5025024414062
7.1484375,967.4951171875
7.1640625,967.5073852539062
7.1796875,967.5112915039062
7.1953125,967.4976196289062
7.2109375,967.5109252929688
7.2265625,967.506591796875
7.2421875,967.51123046875
7.2578125,967.497314453125
7.2734375,967.4954223632812
7.2890625,967.5020751953125
7.3046875,967.5094604492188
7.3203125,967.505859375
7.3359375,967.4860229492188
7.3515625,967.5043334960938
7.3671875,967.5043334960938
7.3828125,967.4860229492188
7.3984375,967.4902954101562
7.4140625,967.4930419921875
7.4296875,967.5039672851562
7.4453125,967.5187377929688
7.4609375,967.5179443359375
7.4765625,967.5047607421875
7.4921875,967.5029296875
7.5078125,967.5067138671875
7.5234375,967.5181884765625
7.5390625,967.498046875
7.5546875,967.524169921875
7.5703125,967.5115966796875
7.5859375,967.6491088867188
7.6015625,967.696044921875
7.6171875,967.8236694335938
7.6328125,967.726318359375
7.6484375,967.6967163085938
7.6640625,967.626708984375
7.6796875,967.6834106445312
7.6953125,967.6138916015625
7.7109375,967.638671875
7.7265625,967.651611328125
7.7421875,967.6370849609375
7.7578125,967.7543334960938
7.7734375,967.6021728515625
7.7890625,967.6431884765625
7.8046875,967.6646118164062
7.8203125,967.6060180664062
7.8359375,967.698486328125
7.8515625,967.654052734375
7.8671875,967.7247314453125
7.8828125,967.6382446289062
7.8984375,967.7240600585938
7.9140625,967.6038208007812
7.9296875,967.5559692382812
7.9453125,967.6834106445312
7.9609375,967.6968383789062
7.9765625,967.65771484375
7.9921875,967.7110595703125
8.0078125,967.6759033203125
8.0234375,967.675537109375
8.0390625,967.794189453125
8.0546875,967.681396484375
8.0703125,967.7333374023438
8.0859375,967.6552124023438
8.1015625,967.677734375
8.1171875,967.8614501953125
8.1328125,967.6339721679688
8.1484375,967.7064819335938
8.1640625,967.6792602539062
8.1796875,967.6688842773438
8.1953125,967.6170654296875
8.2109375,967.5924072265625
8.2265625,967.607421875
8.2421875,967.610107421875
8.2578125,967.6278686523438
8.2734375,967.6473999023438
8.2890625,967.6478881835938
8.3046875,967.6434326171875
8.3203125,967.6939086914062
8.3359375,967.6087036132812
8.3515625,967.6514892578125
8.3671875,967.642333984375
8.3828125,967.673095703125
8.3984375,967.7041015625
8.4140625,967.6646728515625
8.4296875,967.7294311523438
8.4453125,967.6599731445312
8.4609375,967.708984375
8.4765625,967.6943359375
8.4921875,967.7299194335938
8.5078125,967.642333984375
8.5234375,967.6965942382812
8.5390625,967.6741943359375
8.5546875,967.6743774414062
8.5703125,967.6279296875
8.5859375,967.7345581054688
8.6015625,967.7125854492188
8.6171875,967.5907592773438
8.6328125,967.6475830078125
8.6484375,967.5857543945312
8.6640625,967.7174682617188
8.6796875,967.6737060546875
8.6953125,967.5946044921875
8.7109375,967.5975341796875
8.7265625,967.62451171875
8.7421875,967.6752319335938
8.7578125,967.6161499023438
8.7734375,967.7086791992188
8.7890625,967.6364135742188
8.8046875,967.724609375
8.8203125,967.6552124023438
8.8359375,967.6723022460938
8.8515625,967.7152099609375
8.8671875,967.6640625
8.8828125,967.6392822265625
8.8984375,967.713623046875
8.9140625,967.645263671875
8.9296875,967.6959228515625
8.9453125,967.728515625
8.9609375,967.6680908203125
8.9765625,967.6436767578125
8.9921875,967.721435546875
9.0078125,967.6967163085938
9.0234375,967.6163940429688
9.0390625,967.6477661132812
9.0546875,967.7470703125
9.0703125,967.6719360351562
9.0859375,967.7108154296875
9.1015625,967.628662109375
9.1171875,967.6295776367188
9.1328125,967.7061767578125
9.1484375,967.6892700195312
9.1640625,967.7667846679688
9.1796875,967.6654663085938
9.1953125,967.6409912109375
9.2109375,967.7166137695312
9.2265625,967.6692504882812
9.2421875,967.6806030273438
9.2578125,967.6753540039062
9.2734375,967.6376953125
9.2890625,967.682373046875
9.3046875,967.6622314453125
9.3203125,967.6685180664062
9.3359375,967.5528564453125
9.3515625,967.5997924804688
9.3671875,967.6979370117188
9.3828125,967.6936645507812
9.3984375,967.6258544921875
9.4140625,967.6998291015625
9.4296875,967.628173828125
9.4453125,967.6682739257812
9.4609375,967.5796508789062
9.4765625,967.660888671875
9.4921875,967.619140625
9.5078125,967.7044067382812
9.5234375,967.6103515625
9.5390625,967.6526489257812
9.5546875,967.5623168945312
9.5703125,967.6710205078125
9.5859375,967.6701049804688
9.6015625,967.7586669921875
9.6171875,967.7063598632812
9.6328125,967.7739868164062
9.6484375,967.6708984375
9.6640625,967.6445922851562
9.6796875,967.610107421875
9.6953125,967.6307373046875
9.7109375,967.7142944335938
9.7265625,967.6170043945312
9.7421875,967.6696166992188
9.7578125,967.6220092773438
9.7734375,967.5912475585938
9.7890625,967.6061401367188
9.8046875,967.5642700195312
9.8203125,967.5852661132812
9.8359375,967.5558471679688
9.8515625,967.5425415039062
9.8671875,967.5204467773438
9.8828125,967.5390625
9.8984375,967.5535888671875
9.9140625,967.5363159179688
9.9296875,967.5165405273438
9.9453125,967.516845703125
9.9609375,967.5343017578125
9.9765625,967.5330810546875
9.9921875,967.5284423828125
10.0078125,967.534912109375
10.0234375,967.5410766601562
10.0390625,967.5333862304688
10.0546875,967.5208129882812
10.0703125,967.5276489257812
10.0859375,967.5328979492188
10.1015625,967.5147705078125
10.1171875,967.5269165039062
10.1328125,967.5260009765625
10.1484375,967.5151977539062
10.1640625,967.514404296875
10.1796875,967.5314331054688
10.1953125,967.5165405273438
10.2109375,967.5321044921875
10.2265625,967.5043334960938
10.2421875,967.526611328125
10.2578125,967.5267944335938
10.2734375,967.5390625
10.2890625,967.518310546875
10.3046875,967.5059814453125
10.3203125,967.5132446289062
10.3359375,967.519287109375
10.3515625,967.5198974609375
10.3671875,967.5192260742188
10.3828125,967.513671875
10.3984375,967.5189819335938
10.4140625,967.5121459960938
10.4296875,967.5034790039062
10.4453125,967.5165405273438
10.4609375,967.5076904296875
10.4765625,967.498779296875
10.4921875,967.51513671875
10.5078125,967.5016479492188
10.5234375,967.510986328125
10.5390625,967.5053100585938
10.5546875,967.5008544921875
10.5703125,967.5177001953125
10.5859375,967.520751953125
10.6015625,967.5220336914062
10.6171875,967.5004272460938
10.6328125,967.5181884765625
10.6484375,967.5034790039062
10.6640625,967.5208129882812
10.6796875,967.5151977539062
10.6953125,967.5182495117188
10.7109375,967.5029296875
10.7265625,967.5026245117188
10.7421875,967.505126953125
10.7578125,967.5069580078125
10.7734375,967.5057373046875
10.7890625,967.5069580078125
10.8046875,967.5162353515625
10.8203125,967.5131225585938
10.8359375,967.5065307617188
10.8515625,967.5064086914062
10.8671875,967.5089111328125
10.8828125,967.4961547851562
10.8984375,967.5004272460938
10.9140625,967.521484375
10.9296875,967.5230102539062
10.9453125,967.5099487304688
10.9609375,967.499755859375
10.9765625,967.4849853515625
10.9921875,967.5057373046875
11.0078125,967.5143432617188
11.0234375,967.51513671875
11.0390625,967.5
11.0546875,967.4952392578125
11.0703125,967.5001831054688
11.0859375,967.4953002929688
11.1015625,967.4995727539062
11.1171875,967.5009155273438
11.1328125,967.4981079101562
11.1484375,967.4964599609375
11.1640625,967.4942626953125
11.1796875,967.4982299804688
11.1953125,967.5073852539062
11.2109375,967.510498046875
11.2265625,967.4945068359375
11.2421875,967.4942016601562
11.2578125,967.4973754882812
11.2734375,967.5053100585938
11.2890625,967.5001220703125
11.3046875,967.5092163085938
11.3203125,967.515625
11.3359375,967.5103759765625
11.3515625,967.49755859375
11.3671875,967.5076904296875
11.3828125,967.4889526367188
11.3984375,967.5004272460938
11.4140625,967.4992065429688
11.4296875,967.4962158203125
11.4453125,967.500732421875
11.4609375,967.4956665039062
11.4765625,967.487548828125
11.4921875,967.4962158203125
11.5078125,967.5001831054688
11.5234375,967.5020141601562
11.5390625,967.5078125
11.5546875,967.4959106445312
11.5703125,967.4963989257812
11.5859375,967.5084838867188
11.6015625,967.5160522460938
11.6171875,967.515380859375
11.6328125,967.5051879882812
11.6484375,967.5198974609375
11.6640625,967.5033569335938
11.6796875,967.5056762695312
11.6953125,967.4841918945312
11.7109375,967.4959716796875
11.7265625,967.5059814453125
11.7421875,967.5029296875
11.7578125,967.4966430664062
11.7734375,967.4813232421875
11.7890625,967.5098266601562
11.8046875,967.496826171875
11.8203125,967.5023193359375
11.8359375,967.4987182617188
11.8515625,967.4967651367188
11.8671875,967.5011596679688
11.8828125,967.5039672851562
11.8984375,967.5059814453125
11.9140625,967.4985961914062
11.9296875,967.4966430664062
11.9453125,967.5009765625
11.9609375,967.4970092773438
11.9765625,967.4973754882812
11.9921875,967.4985961914062
12.0078125,967.4893798828125
12.0234375,967.5006103515625
12.0390625,967.491455078125
12.0546875,967.500732421875
12.0703125,967.4989013671875
12.0859375,967.5064086914062
12.1015625,967.4841918945312
12.1171875,967.4962768554688
12.1328125,967.501220703125
12.1484375,967.497314453125
12.1640625,967.5037841796875
12.1796875,967.4962158203125
12.1953125,967.503662109375
12.2109375,967.4892578125
12.2265625,967.4788208007812
12.2421875,967.5036010742188
12.2578125,967.496826171875
12.2734375,967.4993286132812
12.2890625,967.4923095703125
12.3046875,967.489990234375
12.3203125,967.5025024414062
12.3359375,967.491455078125
12.3515625,967.5039672851562
12.3671875,967.5302734375
12.3828125,967.5237426757812
12.3984375,967.5884399414062
12.4140625,967.579345703125
12.4296875,967.58740234375
12.4453125,967.5875854492188
12.4609375,967.5543823242188
12.4765625,967.6351928710938
12.4921875,967.608642578125
12.5078125,967.6557006835938
12.5234375,967.634765625
12.5390625,967.616455078125
12.5546875,967.721435546875
12.5703125,967.6027221679688
12.5859375,967.7163696289062
12.6015625,967.6143798828125
12.6171875,967.6444091796875
12.6328125,967.689208984375
12.6484375,967.6666870117188
12.6640625,967.649658203125
12.6796875,967.6287231445312
12.6953125,967.6839599609375
12.7109375,967.702880859375
12.7265625,967.6801147460938
12.7421875,967.713623046875
12.7578125,967.6680908203125
12.7734375,967.7371826171875
12.7890625,967.6356811523438
12.8046875,967.6661376953125
12.8203125,967.6392211914062
12.8359375,967.66162109375
12.8515625,967.7395629882812
12.8671875,967.6212158203125
12.8828125,967.6871948242188
12.8984375,967.6038818359375
12.9140625,967.6055297851562
12.9296875,967.6175537109375
12.9453125,967.5870361328125
12.9609375,967.5816040039062
12.9765625,967.7008666992188
12.9921875,967.61669921875
13.0078125,967.6083984375
13.0234375,967.6168823242188
13.0390625,967.598388671875
13.0546875,967.6867065429688
13.0703125,967.6244506835938
13.0859375,967.6567993164062
13.1015625,967.6019897460938
13.1171875,967.5714721679688
13.1328125,967.5689697265625
13.1484375,967.5953979492188
13.1640625,967.4598999023438
13.1796875,967.5880126953125
13.1953125,967.5148315429688
13.2109375,967.5396118164062
13.2265625,967.5708618164062
13.2421875,967.5020751953125
13.2578125,967.6136474609375
13.2734375,967.5966796875
13.2890625,967.5965576171875
13.3046875,967.70703125
13.3203125,967.6267700195312
13.3359375,967.5919189453125
13.3515625,967.7000732421875
13.3671875,967.7168579101562
13.3828125,967.534423828125
13.3984375,967.6580200195312
13.4140625,967.5711669921875
13.4296875,967.565185546875
13.4453125,967.5188598632812
13.4609375,967.55419921875
13.4765625,967.59912109375
13.4921875,967.6036376953125
13.5078125,967.5349731445312
13.5234375,967.5355224609375
13.5390625,967.5196533203125
13.5546875,967.5524291992188
13.5703125,967.5121459960938
13.5859375,967.6177368164062
13.6015625,967.600341796875
13.6171875,967.6162109375
13.6328125,967.6082763671875
13.6484375,967.7012329101562
13.6640625,967.6580810546875
13.6796875,967.6083984375
13.6953125,967.5488891601562
13.7109375,967.5958862304688
13.7265625,967.6174926757812
13.7421875,967.5929565429688
13.7578125,967.637939453125
13.7734375,967.6423950195312
13.7890625,967.5313720703125
13.8046875,967.6763305664062
13.8203125,967.6246948242188
13.8359375,967.6082763671875
13.8515625,967.6806030273438
13.8671875,967.5993041992188
13.8828125,967.6688232421875
13.8984375,967.6663208007812
13.9140625,967.764404296875
13.9296875,967.628662109375
13.9453125,967.611083984375
13.9609375,967.5293579101562
13.9765625,967.707763671875
13.9921875,967.6907348632812
14.0078125,967.67724609375
14.0234375,967.6624145507812
14.0390625,967.638427734375
14.0546875,967.6160888671875
14.0703125,967.64990234375
14.0859375,967.6280517578125
14.1015625,967.7357788085938
14.1171875,967.735595703125
14.1328125,967.6859741210938
14.1484375,967.6557006835938
14.1640625,967.558349609375
14.1796875,967.565673828125
14.1953125,967.626220703125
14.2109375,967.6454467773438
14.2265625,967.5745239257812
14.2421875,967.8334350585938
14.2578125,967.6160888671875
14.2734375,967.6217041015625
14.2890625,967.6371459960938
14.3046875,967.605224609375
14.3203125,967.6502075195312
14.3359375,967.6549682617188
14.3515625,967.6557006835938
14.3671875,967.6231079101562
14.3828125,967.6543579101562
14.3984375,967.6333618164062
14.4140625,967.6622314453125
14.4296875,967.6254272460938
14.4453125,967.5785522460938
14.4609375,967.7630004882812
14.4765625,967.6345825195312
14.4921875,967.69873046875
14.5078125,967.7127685546875
14.5234375,967.6879272460938
14.5390625,967.5927734375
14.5546875,967.6228637695312
14.5703125,967.610107421875
14.5859375,967.6860961914062
14.6015625,967.6817626953125
14.6171875,967.6141967773438
14.6328125,967.6490478515625
14.6484375,967.5961303710938
14.6640625,967.5704956054688
14.6796875,967.5408325195312
14.6953125,967.5969848632812
14.7109375,967.5863037109375
14.7265625,967.6234130859375
14.7421875,967.5070190429688
14.7578125,967.5868530273438
14.7734375,967.571044921875
14.7890625,967.6188354492188
14.8046875,967.5792846679688
14.8203125,967.5958251953125
14.8359375,967.6353759765625
14.8515625,967.6024780273438
14.8671875,967.57763671875
14.8828125,967.570068359375
14.8984375,967.5910034179688
14.9140625,967.5789794921875
14.9296875,967.5610961914062
14.9453125,967.561767578125
14.9609375,967.5621948242188
14.9765625,967.553466796875
14.9921875,967.5405883789062
15.0078125,967.5357055664062
15.0234375,967.5410766601562
15.0390625,967.5358276367188
15.0546875,967.52880859375
15.0703125,967.5179443359375
15.0859375,967.529296875
15.1015625,967.53271484375
15.1171875,967.5237426757812
15.1328125,967.5358276367188
15.1484375,967.5299072265625
15.1640625,967.5365600585938
15.1796875,967.5223999023438
15.1953125,967.52099609375
15.2109375,967.5319213867188
15.2265625,967.5327758789062
15.2421875,967.5244140625
15.2578125,967.524169921875
15.2734375,967.5151977539062
15.2890625,967.5399780273438
15.3046875,967.527099609375
15.3203125,967.5217895507812
15.3359375,967.5337524414062
15.3515625,967.5161743164062
15.3671875,967.5294189453125
15.3828125,967.5123901367188
15.3984375,967.52294921875
15.4140625,967.510498046875
15.4296875,967.533203125
15.4453125,967.524658203125
15.4609375,967.5279541015625
15.4765625,967.5262451171875
15.4921875,967.5313720703125
15.5078125,967.5187377929688
15.5234375,967.5361328125
15.5390625,967.5285034179688
15.5546875,967.5323486328125
15.5703125,967.5169067382812
15.5859375,967.5213623046875
15.6015625,967.520751953125
15.6171875,967.5305786132812
15.6328125,967.5257568359375
15.6484375,967.5302734375
15.6640625,967.512939453125
15.6796875,967.5308227539062
15.6953125,967.5155029296875
15.7109375,967.5322265625
15.7265625,967.5201416015625
15.7421875,967.5198974609375
15.7578125,967.5248413085938
15.7734375,967.5258178710938
15.7890625,967.5260620117188
15.8046875,967.522705078125
15.8203125,967.5289916992188
15.8359375,967.5206909179688
15.8515625,967.5299072265625
15.8671875,967.5159912109375
15.8828125,967.5238647460938
15.8984375,967.515380859375
15.9140625,967.5181274414062
15.9296875,967.5198974609375
15.9453125,967.5265502929688
15.9609375,967.5293579101562
15.9765625,967.529296875
15.9921875,967.5108642578125
16.0078125,967.517333984375
16.0234375,967.5082397460938
16.0390625,967.5126342773438
16.0546875,967.5278930664062
16.0703125,967.5167236328125
16.0859375,967.5048828125
16.1015625,967.5094604492188
16.1171875,967.5056762695312
16.1328125,967.5336303710938
16.1484375,967.5122680664062
16.1640625,967.5231323242188
16.1796875,967.5133666992188
16.1953125,967.5302734375
16.2109375,967.52294921875
16.2265625,967.503173828125
16.2421875,967.5117797851562
16.2578125,967.5079345703125
16.2734375,967.517333984375
16.2890625,967.5126953125
16.3046875,967.5115966796875
16.3203125,967.5089111328125
16.3359375,967.5260009765625
16.3515625,967.4991455078125
16.3671875,967.500732421875
16.3828125,967.5096435546875
16.3984375,967.5230102539062
16.4140625,967.5089111328125
16.4296875,967.5137939453125
16.4453125,967.5078735351562
16.4609375,967.5020751953125
16.4765625,967.5005493164062
16.4921875,967.5134887695312
16.5078125,967.5087280273438
16.5234375,967.5009765625
16.5390625,967.507080078125
16.5546875,967.5122680664062
16.5703125,967.5219116210938
16.5859375,967.5133666992188
16.6015625,967.5020141601562
16.6171875,967.5029296875
16.6328125,967.5089111328125
16.6484375,967.52294921875
16.6640625,967.5213623046875
16.6796875,967.509765625
16.6953125,967.515380859375
16.7109375,967.5170288085938
16.7265625,967.5078125
16.7421875,967.5062866210938
16.7578125,967.5031127929688
16.7734375,967.5069580078125
16.7890625,967.4994506835938
16.8046875,967.5166015625
16.8203125,967.5082397460938
16.8359375,967.500732421875
16.8515625,967.5089111328125
16.8671875,967.51123046875
16.8828125,967.5095825195312
16.8984375,967.51123046875
16.9140625,967.5134887695312
16.9296875,967.5006103515625
16.9453125,967.5081176757812
16.9609375,967.5096435546875
16.9765625,967.518310546875
16.9921875,967.518310546875
17.0078125,967.4942016601562
17.0234375,967.5083618164062
17.0390625,967.5039672851562
17.0546875,967.4989013671875
17.0703125,967.5083618164062
17.0859375,967.5128784179688
17.1015625,967.4978637695312
17.1171875,967.5064086914062
17.1328125,967.49951171875
17.1484375,967.508544921875
17.1640625,967.5108642578125
17.1796875,967.5053100585938
17.1953125,967.5020141601562
17.2109375,967.49560546875
17.2265625,967.508544921875
17.2421875,967.5047607421875
17.2578125,967.4810791015625
17.2734375,967.4974975585938
17.2890625,967.5095825195312
17.3046875,967.4949951171875
17.3203125,967.4766845703125
17.3359375,967.4947509765625
17.3515625,967.4951171875
17.3671875,967.509033203125
17.3828125,967.5006103515625
17.3984375,967.4987182617188
17.4140625,967.5053100585938
17.4296875,967.5134887695312
17.4453125,967.5123901367188
17.4609375,967.4984130859375
17.4765625,967.5111694335938
17.4921875,967.4965209960938
17.5078125,967.5010986328125
17.5234375,967.4733276367188
17.5390625,967.4945678710938
17.5546875,967.5072631835938
17.5703125,967.502685546875
17.5859375,967.5094604492188
17.6015625,967.5223999023438
17.6171875,967.48046875
17.6328125,967.5825805664062
17.6484375,967.5165405273438
17.6640625,967.5255737304688
17.6796875,967.4747314453125
17.6953125,967.6287231445312
17.7109375,967.490966796875
17.7265625,967.6072998046875
17.7421875,967.5463256835938
17.7578125,967.62109375
17.7734375,967.565185546875
17.7890625,967.48974609375
17.8046875,967.59521484375
17.8203125,967.570068359375
17.8359375,967.5718383789062
17.8515625,967.6155395507812
17.8671875,967.5149536132812
17.8828125,967.6205444335938
17.8984375,967.593505859375
17.9140625,967.6478881835938
17.9296875,967.6035766601562
17.9453125,967.461669921875
17.9609375,967.5653686523438
17.9765625,967.572998046875
17.9921875,967.487060546875
18.0078125,967.6000366210938
18.0234375,967.8032836914062
18.0390625,967.5877075195312
18.0546875,967.6734008789062
18.0703125,967.6439819335938
18.0859375,967.8455810546875
18.1015625,967.6407470703125
18.1171875,967.6356811523438
18.1328125,967.7695922851562
18.1484375,967.5598754882812
18.1640625,967.7981567382812
18.1796875,967.7369384765625
18.1953125,967.8341064453125
18.2109375,967.6465454101562
18.2265625,967.7280883789062
18.2421875,967.64990234375
18.2578125,967.889892578125
18.2734375,967.8888549804688
18.2890625,967.6028442382812
18.3046875,967.602783203125
18.3203125,967.6278686523438
18.3359375,967.7797241210938
18.3515625,967.6790161132812
18.3671875,967.7088623046875
18.3828125,967.7055053710938
18.3984375,967.7201538085938
18.4140625,967.768798828125
18.4296875,967.610107421875
18.4453125,967.6730346679688
18.4609375,967.7252197265625
18.4765625,967.670654296875
18.4921875,967.6466674804688
18.5078125,967.6180419921875
18.5234375,967.6893310546875
18.5390625,967.62890625
18.5546875,967.6760864257812
18.5703125,967.7573852539062
18.5859375,967.7218627929688
18.6015625,967.7333374023438
18.6171875,967.694091796875
18.6328125,967.7496948242188
18.6484375,967.7052001953125
18.6640625,967.6292114257812
18.6796875,967.7667846679688
18.6953125,967.6702270507812
18.7109375,967.7152099609375
18.7265625,967.7752075195312
18.7421875,967.6520385742188
18.7578125,967.6618041992188
18.7734375,967.6747436523438
18.7890625,967.6573486328125
18.8046875,967.6926879882812
18.8203125,967.63671875
18.8359375,967.7398071289062
18.8515625,967.6688842773438
18.8671875,967.7745971679688
18.8828125,967.5830078125
18.8984375,967.6956787109375
18.9140625,967.6530151367188
18.9296875,967.7933959960938
18.9453125,967.6293334960938
18.9609375,967.548828125
18.9765625,967.6841430664062
18.9921875,967.712158203125
19.0078125,967.654296875
19.0234375,967.7819213867188
19.0390625,967.6873168945312
19.0546875,967.8341674804688
19.0703125,967.6930541992188
19.0859375,967.7017822265625
19.1015625,967.7006225585938
19.1171875,967.688720703125
19.1328125,967.6821899414062
19.1484375,967.6259765625
19.1640625,967.7511596679688
19.1796875,967.7702026367188
19.1953125,967.721923828125
19.2109375,967.6105346679688
19.2265625,967.6067504882812
19.2421875,967.7467651367188
19.2578125,967.5994262695312
19.2734375,967.6170654296875
19.2890625,967.670654296875
19.3046875,967.6415405273438
19.3203125,967.69873046875
19.3359375,967.6710205078125
19.3515625,967.6395263671875
19.3671875,967.6482543945312
19.3828125,967.6834716796875
19.3984375,967.654052734375
19.4140625,967.6965942382812
19.4296875,967.6851196289062
19.4453125,967.6065673828125
19.4609375,967.7166137695312
19.4765625,967.7844848632812
19.4921875,967.5824584960938
19.5078125,967.6865234375
19.5234375,967.625
19.5390625,967.7854614257812
19.5546875,967.695068359375
19.5703125,967.70703125
19.5859375,967.6428833007812
19.6015625,967.6700439453125
19.6171875,967.6986694335938
19.6328125,967.6309814453125
19.6484375,967.6691284179688
19.6640625,967.6428833007812
19.6796875,967.6373291015625
19.6953125,967.5960693359375
19.7109375,967.6818237304688
19.7265625,967.628173828125
19.7421875,967.6744384765625
19.7578125,967.6332397460938
19.7734375,967.634033203125
19.7890625,967.6935424804688
19.8046875,967.6986694335938
19.8203125,967.5955810546875
19.8359375,967.6720581054688
19.8515625,967.6661376953125
19.8671875,967.5553588867188
19.8828125,967.5922241210938
19.8984375,967.5595092773438
19.9140625,967.6258544921875
19.9296875,967.6251831054688
19.9453125,967.6580200195312
19.9609375,967.6680908203125
19.9765625,967.7056884765625
19.9921875,967.72021484375
20.0078125,967.6336669921875
20.0234375,967.6326293945312
20.0390625,967.6951293945312
20.0546875,967.7353515625
20.0703125,967.7457885742188
20.0859375,967.6618041992188
20.1015625,967.5678100585938
20.1171875,967.6254272460938
20.1328125,967.6300659179688
20.1484375,967.5996704101562
20.1640625,967.6409912109375
20.1796875,967.5684204101562
20.1953125,967.6116333007812
20.2109375,967.5887451171875
20.2265625,967.5711669921875
20.2421875,967.5599975585938
20.2578125,967.561767578125
20.2734375,967.5418701171875
20.2890625,967.5338745117188
20.3046875,967.5224609375
20.3203125,967.541015625
20.3359375,967.5302734375
20.3515625,967.5255126953125
20.3671875,967.5399780273438
20.3828125,967.5426635742188
20.3984375,967.5278930664062
20.4140625,967.5274047851562
20.4296875,967.5280151367188
20.4453125,967.5260009765625
20.4609375,967.5241088867188
20.4765625,967.5147705078125
20.4921875,967.52880859375
20.5078125,967.5161743164062
20.5234375,967.5208129882812
20.5390625,967.5034790039062
20.5546875,967.5236206054688
20.5703125,967.5206298828125
20.5859375,967.5267944335938
20.6015625,967.527099609375
20.6171875,967.5213012695312
20.6328125,967.5206298828125
20.6484375,967.5206298828125
20.6640625,967.5210571289062
20.6796875,967.5040283203125
20.6953125,967.5380249023438
20.7109375,967.5205078125
20.7265625,967.5131225585938
20.7421875,967.5040283203125
20.7578125,967.5045776367188
20.7734375,967.5096435546875
20.7890625,967.505859375
20.8046875,967.515380859375
20.8203125,967.5335693359375
20.8359375,967.5053100585938
20.8515625,967.5045166015625
20.8671875,967.5092163085938
20.8828125,967.5318603515625
20.8984375,967.5086669921875
20.9140625,967.51904296875
20.9296875,967.5197143554688
20.9453125,967.51318359375
20.9609375,967.5221557617188
20.9765625,967.5017700195312
20.9921875,967.5128784179688
21.0078125,967.509521484375
21.0234375,967.5139770507812
21.0390625,967.516845703125
21.0546875,967.509033203125
21.0703125,967.5154418945312
21.0859375,967.5170288085938
21.1015625,967.5025634765625
21.1171875,967.4954223632812
21.1328125,967.522216796875
21.1484375,967.5026245117188
21.1640625,967.4985961914062
21.1796875,967.5151977539062
21.1953125,967.516845703125
21.2109375,967.5068359375
21.2265625,967.4992065429688
21.2421875,967.503662109375
21.2578125,967.5134887695312
21.2734375,967.50537109375
21.2890625,967.5040283203125
21.3046875,967.5240478515625
21.3203125,967.5010986328125
21.3359375,967.5034790039062
21.3515625,967.5244140625
21.3671875,967.5130004882812
21.3828125,967.5125732421875
21.3984375,967.5173950195312
21.4140625,967.5122680664062
21.4296875,967.48974609375
21.4453125,967.5045776367188
21.4609375,967.4989013671875
21.4765625,967.5010986328125
21.4921875,967.50927734375
21.5078125,967.500732421875
21.5234375,967.5076293945312
21.5390625,967.5189819335938
21.5546875,967.5078125
21.5703125,967.5040893554688
21.5859375,967.501953125
21.6015625,967.498046875
21.6171875,967.4896850585938
21.6328125,967.4984741210938
21.6484375,967.4931030273438
21.6640625,967.5009155273438
21.6796875,967.4972534179688
21.6953125,967.5051879882812
21.7109375,967.4895629882812
21.7265625,967.5057373046875
21.7421875,967.5001831054688
21.7578125,967.5195922851562
21.7734375,967.4986572265625
21.7890625,967.490966796875
21.8046875,967.50146484375
21.8203125,967.4982299804688
21.8359375,967.5209350585938
21.8515625,967.5064697265625
21.8671875,967.4983520507812
21.8828125,967.5059814453125
21.8984375,967.4911499023438
21.9140625,967.5059204101562
21.9296875,967.5082397460938
21.9453125,967.5095825195312
21.9609375,967.4987182617188
21.9765625,967.4913330078125
21.9921875,967.5016479492188
22.0078125,967.52490234375
22.0234375,967.5103149414062
22.0390625,967.501708984375
22.0546875,967.499267578125
22.0703125,967.4985961914062
22.0859375,967.5017700195312
22.1015625,967.5016479492188
22.1171875,967.505126953125
22.1328125,967.5037841796875
22.1484375,967.5078125
22.1640625,967.498046875
22.1796875,967.4945068359375
22.1953125,967.4987182617188
22.2109375,967.4848022460938
22.2265625,967.4866943359375
22.2421875,967.4931640625
22.2578125,967.4894409179688
22.2734375,967.4961547851562
22.2890625,967.4926147460938
22.3046875,967.4786376953125
22.3203125,967.471435546875
22.3359375,967.4959106445312
22.3515625,967.4889526367188
22.3671875,967.4842529296875
22.3828125,967.4949951171875
22.3984375,967.4821166992188
22.4140625,967.4826049804688
22.4296875,967.4872436523438
22.4453125,967.4769287109375
22.4609375,967.4739379882812
22.4765625,967.467529296875
22.4921875,967.4837036132812
22.5078125,967.4757080078125
22.5234375,967.4744873046875
22.5390625,967.47607421875
22.5546875,967.4909057617188
22.5703125,967.4705810546875
22.5859375,967.4711303710938
22.6015625,967.4837036132812
22.6171875,967.4839477539062
22.6328125,967.4755249023438
22.6484375,967.4777221679688
22.6640625,967.4668579101562
22.6796875,967.4910888671875
22.6953125,967.4808959960938
22.7109375,967.4869384765625
22.7265625,967.482421875
22.7421875,967.4762573242188
22.7578125,967.4857788085938
22.7734375,967.5259399414062
22.7890625,967.4684448242188
22.8046875,967.52099609375
22.8203125,967.5257568359375
22.8359375,967.6533203125
22.8515625,967.5635986328125
22.8671875,967.6434326171875
22.8828125,967.662841796875
22.8984375,967.5103149414062
22.9140625,967.6845092773438
22.9296875,967.7373046875
22.9453125,967.69677734375
22.9609375,967.6904296875
22.9765625,967.5633544921875
22.9921875,967.7508544921875
23.0078125,967.6104736328125
23.0234375,967.5771484375
23.0390625,967.5478515625
23.0546875,967.7215576171875
23.0703125,967.6942749023438
23.0859375,967.4422607421875
23.1015625,967.7662963867188
23.1171875,967.7726440429688
23.1328125,967.7634887695312
23.1484375,967.6383666992188
23.1640625,967.591552734375
23.1796875,967.794189453125
23.1953125,967.7255249023438
23.2109375,967.6583251953125
23.2265625,967.6590576171875
23.2421875,967.6591796875
23.2578125,967.7310180664062
23.2734375,967.77294921875
23.2890625,967.7819213867188
23.3046875,967.7606811523438
23.3203125,967.8203125
23.3359375,967.652099609375
23.3515625,967.612060546875
23.3671875,967.6163330078125
23.3828125,967.5153198242188
23.3984375,967.770263671875
23.4140625,967.7127075195312
23.4296875,967.7617797851562
23.4453125,967.866943359375
23.4609375,967.7033081054688
23.4765625,967.6912841796875
23.4921875,967.7357788085938
23.5078125,967.6121826171875
23.5234375,967.6935424804688
23.5390625,967.5428466796875
23.5546875,967.5502319335938
23.5703125,967.7120971679688
23.5859375,967.6978759765625
23.6015625,967.6336669921875
23.6171875,967.68359375
23.6328125,967.5830078125
23.6484375,967.692138671875
23.6640625,967.6942749023438
23.6796875,967.7701416015625
23.6953125,967.6287841796875
23.7109375,967.6259765625
23.7265625,967.6796875
23.7421875,967.543701171875
23.7578125,967.7492065429688
23.7734375,967.7506713867188
23.7890625,967.7014770507812
23.8046875,967.6825561523438
23.8203125,967.6997680664062
23.8359375,967.6984252929688
23.8515625,967.712890625
23.8671875,967.7238159179688
23.8828125,967.6250610351562
23.8984375,967.8343505859375
23.9140625,967.8265991210938
23.9296875,967.617919921875
23.9453125,967.6477661132812
23.9609375,967.8368530273438
23.9765625,967.8028564453125
23.9921875,967.6886596679688
24.0078125,967.7699584960938
24.0234375,967.7719116210938
24.0390625,967.7257690429688
24.0546875,967.7809448242188
24.0703125,967.7793579101562
24.0859375,967.6431884765625
24.1015625,967.7467041015625
24.1171875,967.690673828125
24.1328125,967.6895141601562
24.1484375,967.7366333007812
24.1640625,967.8208618164062
24.1796875,967.8142700195312
24.1953125,967.6655883789062
24.2109375,967.7735595703125
24.2265625,967.815673828125
24.2421875,967.7706909179688
24.2578125,967.7713012695312
24.2734375,967.8048095703125
24.2890625,967.7869262695312
24.3046875,967.7289428710938
24.3203125,967.7034301757812
24.3359375,967.7291870117188
24.3515625,967.6857299804688
24.3671875,967.7514038085938
24.3828125,967.7651977539062
24.3984375,967.75537109375
24.4140625,967.630859375
24.4296875,967.8385009765625
24.4453125,967.8284301757812
24.4609375,967.735595703125
24.4765625,967.7037353515625
24.4921875,967.726318359375
24.5078125,967.7603759765625
24.5234375,967.9013061523438
24.5390625,967.8203735351562
24.5546875,967.7236328125
24.5703125,967.7705078125
24.5859375,967.8624877929688
24.6015625,967.7657470703125
24.6171875,967.830810546875
24.6328125,967.7200317382812
24.6484375,967.7462768554688
24.6640625,967.730224609375
24.6796875,967.7114868164062
24.6953125,967.766357421875
24.7109375,967.7760620117188
24.7265625,967.7303466796875
24.7421875,967.8717041015625
24.7578125,967.833984375
24.7734375,967.7483520507812
24.7890625,967.7813110351562
24.8046875,967.7530517578125
24.8203125,967.8190307617188
24.8359375,967.6734008789062
24.8515625,967.7462158203125
24.8671875,967.7911376953125
24.8828125,967.79052734375
24.8984375,967.7908325195312
24.9140625,967.7040405273438
24.9296875,967.7579345703125
24.9453125,967.7239379882812
24.9609375,967.7383422851562
24.9765625,967.7255249023438
24.9921875,967.70068359375
25.0078125,967.7766723632812
25.0234375,967.7311401367188
25.0390625,967.8336791992188
25.0546875,967.802734375
25.0703125,967.7770385742188
25.0859375,967.7297973632812
25.1015625,967.7194213867188
25.1171875,967.8056640625
25.1328125,967.8524780273438
25.1484375,967.8097534179688
25.1640625,967.8527221679688
25.1796875,967.9508666992188
25.1953125,967.8409423828125
25.2109375,967.9364624023438
25.2265625,967.8538208007812
25.2421875,967.852783203125
25.2578125,967.8563842773438
25.2734375,967.8513793945312
25.2890625,967.8883666992188
25.3046875,967.7571411132812
25.3203125,967.846435546875
25.3359375,967.7660522460938
25.3515625,967.7769165039062
25.3671875,967.7216186523438
25.3828125,967.7595825195312
25.3984375,967.6649780273438
25.4140625,967.626708984375
25.4296875,967.5958251953125
25.4453125,967.5532836914062
25.4609375,967.5604248046875
25.4765625,967.5473022460938
25.4921875,967.537841796875
25.5078125,967.5470581054688
25.5234375,967.5330810546875
25.5390625,967.5379638671875
25.5546875,967.5343627929688
25.5703125,967.5311279296875
25.5859375,967.5435791015625
25.6015625,967.5316162109375
25.6171875,967.5294799804688
25.6328125,967.5364379882812
25.6484375,967.5291748046875
25.6640625,967.5231323242188
25.6796875,967.5545043945312
25.6953125,967.5184936523438
25.7109375,967.5170288085938
25.7265625,967.5164794921875
25.7421875,967.5145874023438
25.7578125,967.5263061523438
25.7734375,967.5298461914062
25.7890625,967.5326538085938
25.8046875,967.5122680664062
25.8203125,967.5260620117188
25.8359375,967.5198974609375
25.8515625,967.5120849609375
25.8671875,967.5328979492188
25.8828125,967.52099609375
25.8984375,967.5184326171875
25.9140625,967.5184326171875
25.9296875,967.5099487304688
25.9453125,967.5182495117188
25.9609375,967.516845703125
25.9765625,967.5104370117188
25.9921875,967.5265502929688
26.0078125,967.5167236328125
26.0234375,967.521240234375
26.0390625,967.51123046875
26.0546875,967.5167236328125
26.0703125,967.5082397460938
26.0859375,967.513427734375
26.1015625,967.5198364257812
26.1171875,967.5107421875
26.1328125,967.5192260742188
26.1484375,967.5270385742188
26.1640625,967.5126342773438
26.1796875,967.5213623046875
26.1953125,967.5167846679688
26.2109375,967.5161743164062
26.2265625,967.5122680664062
26.2421875,967.5048217773438
26.2578125,967.5070190429688
26.2734375,967.5236206054688
26.2890625,967.5187377929688
26.3046875,967.521484375
26.3203125,967.5233154296875
26.3359375,967.5162353515625
26.3515625,967.5104370117188
26.3671875,967.522705078125
26.3828125,967.515380859375
26.3984375,967.5146484375
26.4140625,967.5149536132812
26.4296875,967.5096435546875
26.4453125,967.507080078125
26.4609375,967.5148315429688
26.4765625,967.5131225585938
26.4921875,967.5093383789062
26.5078125,967.5070190429688
26.5234375,967.514892578125
26.5390625,967.5150756835938
26.5546875,967.5148315429688
26.5703125,967.5140380859375
26.5859375,967.5149536132812
26.6015625,967.5145874023438
26.6171875,967.509765625
26.6328125,967.5281982421875
26.6484375,967.5009155273438
26.6640625,967.5098876953125
26.6796875,967.5279541015625
26.6953125,967.5112915039062
26.7109375,967.5221557617188
26.7265625,967.5042114257812
26.7421875,967.514892578125
26.7578125,967.4995727539062
26.7734375,967.5026245117188
26.7890625,967.509765625
26.8046875,967.5081787109375
26.8203125,967.5104370117188
26.8359375,967.518310546875
26.8515625,967.51953125
26.8671875,967.5050659179688
26.8828125,967.5177612304688
26.8984375,967.503662109375
26.9140625,967.5067138671875
26.9296875,967.50146484375
26.9453125,967.5117797851562
26.9609375,967.5123291015625
26.9765625,967.498046875
26.9921875,967.505615234375
27.0078125,967.5145263671875
27.0234375,967.5068359375
27.0390625,967.5065307617188
27.0546875,967.5109252929688
27.0703125,967.5044555664062
27.0859375,967.5090942382812
27.1015625,967.5064086914062
27.1171875,967.5006103515625
27.1328125,967.5167846679688
27.1484375,967.5081176757812
27.1640625,967.5003662109375
27.1796875,967.5071411132812
27.1953125,967.5089111328125
27.2109375,967.5137939453125
27.2265625,967.5123291015625
27.2421875,967.4976196289062
27.2578125,967.5126953125
27.2734375,967.5158081054688
27.2890625,967.5026245117188
27.3046875,967.4912109375
27.3203125,967.4953002929688
27.3359375,967.4993286132812
27.3515625,967.504638671875
27.3671875,967.4951171875
27.3828125,967.5
27.3984375,967.5001220703125
27.4140625,967.5057373046875
27.4296875,967.4953002929688
27.4453125,967.5001220703125
27.4609375,967.5025634765625
27.4765625,967.4816284179688
27.4921875,967.5031127929688
27.5078125,967.4859008789062
27.5234375,967.5029296875
27.5390625,967.49755859375
27.5546875,967.5082397460938
27.5703125,967.4852905273438
27.5859375,967.4987182617188
27.6015625,967.4891967773438
27.6171875,967.5078125
27.6328125,967.4888916015625
27.6484375,967.5042114257812
27.6640625,967.4945678710938
27.6796875,967.51123046875
27.6953125,967.4931640625
27.7109375,967.493896484375
27.7265625,967.4895629882812
27.7421875,967.4854736328125
27.7578125,967.4886474609375
27.7734375,967.4996948242188
27.7890625,967.4949951171875
27.8046875,967.5076904296875
27.8203125,967.489501953125
27.8359375,967.5008544921875
27.8515625,967.48193359375
27.8671875,967.5009155273438
27.8828125,967.4803466796875
27.8984375,967.5069580078125
27.9140625,967.4886474609375
27.9296875,967.4945068359375
27.9453125,967.4938354492188
27.9609375,967.4920043945312
27.9765625,967.5078735351562
27.9921875,967.4901123046875
28.0078125,967.6041259765625
28.0234375,967.5247192382812
28.0390625,967.5557861328125
28.0546875,967.5809936523438
28.0703125,967.6160888671875
28.0859375,967.5100708007812
28.1015625,967.6044921875
28.1171875,967.5191040039062
28.1328125,967.5042724609375
28.1484375,967.6138916015625
28.1640625,967.6195678710938
28.1796875,967.5140991210938
28.1953125,967.5534057617188
28.2109375,967.5526123046875
28.2265625,967.5521850585938
28.2421875,967.5528564453125
28.2578125,967.5993041992188
28.2734375,967.5922241210938
28.2890625,967.495361328125
28.3046875,967.5818481445312
28.3203125,967.5642700195312
28.3359375,967.556640625
28.3515625,967.5552978515625
28.3671875,967.5333251953125
28.3828125,967.4928588867188
28.3984375,967.5830078125
28.4140625,967.5724487304688
28.4296875,967.6116943359375
28.4453125,967.620849609375
28.4609375,967.56982421875
28.4765625,967.49951171875
28.4921875,967.5528564453125
28.5078125,967.4830322265625
28.5234375,967.5321655273438
28.5390625,967.630615234375
28.5546875,967.5667114257812
28.5703125,967.5341186523438
28.5859375,967.4909057617188
28.6015625,967.56787109375
28.6171875,967.5196533203125
28.6328125,967.537109375
28.6484375,967.5202026367188
28.6640625,967.5087280273438
28.6796875,967.5545043945312
28.6953125,967.5280151367188
28.7109375,967.4940185546875
28.7265625,967.506591796875
28.7421875,967.5659790039062
28.7578125,967.5630493164062
28.7734375,967.5349731445312
28.7890625,967.5491333007812
28.8046875,967.54443359375
28.8203125,967.5450439453125
28.8359375,967.5626831054688
28.8515625,967.4889526367188
28.8671875,967.550537109375
28.8828125,967.5575561523438
28.8984375,967.4981689453125
28.9140625,967.5963745117188
28.9296875,967.5150756835938
28.9453125,967.5884399414062
28.9609375,967.5487060546875
28.9765625,967.5634155273438
28.9921875,967.4775390625
29.0078125,967.5101928710938
29.0234375,967.5532836914062
29.0390625,967.5531005859375
29.0546875,967.5101928710938
29.0703125,967.5399780273438
29.0859375,967.512939453125
29.1015625,967.5929565429688
29.1171875,967.5745849609375
29.1328125,967.5280151367188
29.1484375,967.4957885742188
29.1640625,967.5596923828125
29.1796875,967.5616455078125
29.1953125,967.5601196289062
29.2109375,967.5266723632812
29.2265625,967.509765625
29.2421875,967.557861328125
29.2578125,967.5597534179688
29.2734375,967.5588989257812
29.2890625,967.5560913085938
29.3046875,967.5572509765625
29.3203125,967.5900268554688
29.3359375,967.49365234375
29.3515625,967.5089721679688
29.3671875,967.5549926757812
29.3828125,967.546630859375
29.3984375,967.561279296875
29.4140625,967.6053466796875
29.4296875,967.5012817382812
29.4453125,967.5467529296875
29.4609375,967.5564575195312
29.4765625,967.4881591796875
29.4921875,967.4992065429688
29.5078125,967.5394897460938
29.5234375,967.5990600585938
29.5390625,967.5270385742188
29.5546875,967.532470703125
29.5703125,967.5634765625
29.5859375,967.5344848632812
29.6015625,967.5159912109375
29.6171875,967.4767456054688
29.6328125,967.5510864257812
29.6484375,967.5162353515625
29.6640625,967.5757446289062
29.6796875,967.5484008789062
29.6953125,967.5389404296875
29.7109375,967.5186767578125
29.7265625,967.4901123046875
29.7421875,967.5302124023438
29.7578125,967.5493774414062
29.7734375,967.5020751953125
29.7890625,967.5303955078125
29.8046875,967.5508422851562
29.8203125,967.5807495117188
29.8359375,967.4942016601562
29.8515625,967.5314331054688
29.8671875,967.530517578125
29.8828125,967.5280151367188
29.8984375,967.5099487304688
29.9140625,967.5462036132812
29.9296875,967.5810546875
29.9453125,967.4964599609375
29.9609375,967.54296875
29.9765625,967.55224609375
29.9921875,967.5391235351562
30.0078125,967.61083984375
30.0234375,967.5147705078125
30.0390625,967.5529174804688
30.0546875,967.5083618164062
30.0703125,967.5421142578125
30.0859375,967.5443725585938
30.1015625,967.6303100585938
30.1171875,967.5667114257812
30.1328125,967.60693359375
30.1484375,967.5794067382812
30.1640625,967.4987182617188
30.1796875,967.595458984375
30.1953125,967.546630859375
30.2109375,967.6295776367188
30.2265625,967.540283203125
30.2421875,967.5131225585938
30.2578125,967.5712890625
30.2734375,967.55224609375
30.2890625,967.5556030273438
30.3046875,967.5868530273438
30.3203125,967.5746459960938
30.3359375,967.5333251953125
30.3515625,967.559814453125
30.3671875,967.6203002929688
30.3828125,967.5545043945312
30.3984375,967.532958984375
30.4140625,967.568359375
30.4296875,967.504638671875
30.4453125,967.5189819335938
30.4609375,967.5167236328125
30.4765625,967.5372314453125
30.4921875,967.5020141601562
30.5078125,967.5025634765625
30.5234375,967.4920043945312
30.5390625,967.49755859375
30.5546875,967.4850463867188
30.5703125,967.5025634765625
30.5859375,967.5086669921875
30.6015625,967.5037841796875
30.6171875,967.5021362304688
30.6328125,967.4979248046875
30.6484375,967.5021362304688
30.6640625,967.4971923828125
30.6796875,967.4945068359375
30.6953125,967.49609375
30.7109375,967.4979248046875
30.7265625,967.4899291992188
30.7421875,967.4862060546875
30.7578125,967.4884033203125
30.7734375,967.4868774414062
30.7890625,967.4841918945312
30.8046875,967.4913330078125
30.8203125,967.4879760742188
30.8359375,967.4710693359375
30.8515625,967.4856567382812
30.8671875,967.481201171875
30.8828125,967.4837036132812
30.8984375,967.493896484375
30.9140625,967.481689453125
30.9296875,967.4884033203125
30.9453125,967.4926147460938
30.9609375,967.4911499023438
30.9765625,967.4863891601562
30.9921875,967.48583984375
31.0078125,967.4841918945312
31.0234375,967.4702758789062
31.0390625,967.4841918945312
31.0546875,967.4790649414062
31.0703125,967.4879760742188
31.0859375,967.491455078125
31.1015625,967.4716796875
31.1171875,967.486083984375
31.1328125,967.4830932617188
31.1484375,967.4891967773438
31.1640625,967.4881591796875
31.1796875,967.50537109375
31.1953125,967.4922485351562
31.2109375,967.4814453125
31.2265625,967.4811401367188
31.2421875,967.4889526367188
31.2578125,967.477783203125
31.2734375,967.4705810546875
31.2890625,967.4708251953125
31.3046875,967.4828491210938
31.3203125,967.47998046875
31.3359375,967.4757080078125
31.3515625,967.4802856445312
31.3671875,967.4739379882812
31.3828125,967.4729614257812
31.3984375,967.4825439453125
31.4140625,967.4800415039062
31.4296875,967.4707641601562
31.4453125,967.482177734375
31.4609375,967.4818725585938
31.4765625,967.4912109375
31.4921875,967.4799194335938
31.5078125,967.4896850585938
31.5234375,967.4891357421875
31.5390625,967.4789428710938
31.5546875,967.47412109375
31.5703125,967.4830932617188
31.5859375,967.4791259765625
31.6015625,967.4672241210938
31.6171875,967.5020141601562
31.6328125,967.4806518554688
31.6484375,967.4581909179688
31.6640625,967.4811401367188
31.6796875,967.4708862304688
31.6953125,967.4710083007812
31.7109375,967.48828125
31.7265625,967.4769897460938
31.7421875,967.4808959960938
31.7578125,967.4786987304688
31.7734375,967.4771118164062
31.7890625,967.4803466796875
31.8046875,967.4703979492188
31.8203125,967.4766845703125
31.8359375,967.4739379882812
31.8515625,967.4713745117188
31.8671875,967.4501953125
31.8828125,967.4674682617188
31.8984375,967.4505004882812
31.9140625,967.4574584960938
31.9296875,967.4634399414062
31.9453125,967.4609985351562
31.9609375,967.4674072265625
31.9765625,967.4601440429688
31.9921875,967.4601440429688
32.0078125,967.4459838867188
32.0234375,967.4683227539062
32.0390625,967.4782104492188
32.0546875,967.4683227539062
32.0703125,967.473388671875
32.0859375,967.4644165039062
32.1015625,967.477783203125
32.1171875,967.4757690429688
32.1328125,967.4663696289062
32.1484375,967.4691162109375
32.1640625,967.4581298828125
32.1796875,967.4703979492188
32.1953125,967.4623413085938
32.2109375,967.4397583007812
32.2265625,967.4707641601562
32.2421875,967.4685668945312
32.2578125,967.4698486328125
32.2734375,967.4779663085938
32.2890625,967.4663696289062
32.3046875,967.4598388671875
32.3203125,967.4766235351562
32.3359375,967.453857421875
32.3515625,967.4531860351562
32.3671875,967.45458984375
32.3828125,967.46435546875
32.3984375,967.4650268554688
32.4140625,967.4588012695312
32.4296875,967.4620971679688
32.4453125,967.4680786132812
32.4609375,967.4785766601562
32.4765625,967.470703125
32.4921875,967.4586791992188
32.5078125,967.4548950195312
32.5234375,967.4547729492188
32.5390625,967.4797973632812
32.5546875,967.4751586914062
32.5703125,967.473876953125
32.5859375,967.4535522460938
32.6015625,967.4793701171875
32.6171875,967.4796142578125
32.6328125,967.4485473632812
32.6484375,967.47412109375
32.6640625,967.4575805664062
32.6796875,967.4295654296875
32.6953125,967.4638671875
32.7109375,967.4767456054688
32.7265625,967.4760131835938
32.7421875,967.4659423828125
32.7578125,967.4622192382812
32.7734375,967.4732666015625
32.7890625,967.4669189453125
32.8046875,967.4727172851562
32.8203125,967.4627075195312
32.8359375,967.4786376953125
32.8515625,967.48828125
32.8671875,967.4849243164062
32.8828125,967.4627075195312
32.8984375,967.4822387695312
32.9140625,967.4498901367188
32.9296875,967.4690551757812
32.9453125,967.470458984375
32.9609375,967.4625854492188
32.9765625,967.4669799804688
32.9921875,967.4816284179688
33.0078125,967.4371948242188
33.0234375,967.4779663085938
33.0390625,967.4749755859375
33.0546875,967.4718627929688
33.0703125,967.4814453125
33.0859375,967.4708251953125
33.1015625,967.4741821289062
33.1171875,967.4719848632812
33.1328125,967.4967651367188
33.1484375,967.4588623046875
33.1640625,967.4302368164062
33.1796875,967.4298706054688
33.1953125,967.4829711914062
33.2109375,967.470458984375
33.2265625,967.5363159179688
33.2421875,967.4669799804688
33.2578125,967.4907836914062
33.2734375,967.4909057617188
33.2890625,967.4905395507812
33.3046875,967.4821166992188
33.3203125,967.5001831054688
33.3359375,967.4994506835938
33.3515625,967.4934692382812
33.3671875,967.4961547851562
33.3828125,967.4786987304688
33.3984375,967.4735717773438
33.4140625,967.4783935546875
33.4296875,967.5241088867188
33.4453125,967.4950561523438
33.4609375,967.4839477539062
33.4765625,967.4728393554688
33.4921875,967.4892578125
33.5078125,967.505859375
33.5234375,967.4644165039062
33.5390625,967.4900512695312
33.5546875,967.4671020507812
33.5703125,967.490966796875
33.5859375,967.4987182617188
33.6015625,967.4985961914062
33.6171875,967.4580078125
33.6328125,967.4800415039062
33.6484375,967.5151977539062
33.6640625,967.4841918945312
33.6796875,967.4822998046875
33.6953125,967.4683227539062
33.7109375,967.4937133789062
33.7265625,967.4775390625
33.7421875,967.47021484375
33.7578125,967.4913330078125
33.7734375,967.4786987304688
33.7890625,967.4522705078125
33.8046875,967.4718017578125
33.8203125,967.5089721679688
33.8359375,967.5084838867188
33.8515625,967.4729614257812
33.8671875,967.4835205078125
33.8828125,967.5469360351562
33.8984375,967.577880859375
33.9140625,967.5001831054688
33.9296875,967.5316162109375
33.9453125,967.5338745117188
33.9609375,967.5125732421875
33.9765625,967.5944213867188
33.9921875,967.5928955078125
34.0078125,967.5938110351562
34.0234375,967.5588989257812
34.0390625,967.5060424804688
34.0546875,967.5439453125
34.0703125,967.5511474609375
34.0859375,967.5143432617188
34.1015625,967.5676879882812
34.1171875,967.5626831054688
34.1328125,967.6183471679688
34.1484375,967.5369873046875
34.1640625,967.5653686523438
34.1796875,967.5281982421875
34.1953125,967.5861206054688
34.2109375,967.5096435546875
34.2265625,967.520751953125
34.2421875,967.5269165039062
34.2578125,967.5446166992188
34.2734375,967.526611328125
34.2890625,967.5721435546875
34.3046875,967.4892578125
34.3203125,967.6014404296875
34.3359375,967.5549926757812
34.3515625,967.6320190429688
34.3671875,967.5015258789062
34.3828125,967.5525512695312
34.3984375,967.5534057617188
34.4140625,967.5137329101562
34.4296875,967.5239868164062
34.4453125,967.5737915039062
34.4609375,967.5960693359375
34.4765625,967.630615234375
34.4921875,967.533935546875
34.5078125,967.5464477539062
34.5234375,967.5617065429688
34.5390625,967.5244140625
34.5546875,967.565185546875
34.5703125,967.6752319335938
34.5859375,967.542724609375
34.6015625,967.60107421875
34.6171875,967.508544921875
34.6328125,967.5433349609375
34.6484375,967.5006713867188
34.6640625,967.5581665039062
34.6796875,967.5328979492188
34.6953125,967.624755859375
34.7109375,967.569580078125
34.7265625,967.6361694335938
34.7421875,967.5870361328125
34.7578125,967.5653076171875
34.7734375,967.5442504882812
34.7890625,967.5380249023438
34.8046875,967.5142822265625
34.8203125,967.5140380859375
34.8359375,967.4808959960938
34.8515625,967.4920043945312
34.8671875,967.481201171875
34.8828125,967.490234375
34.8984375,967.4854736328125
34.9140625,967.481201171875
34.9296875,967.495849609375
34.9453125,967.4891357421875
34.9609375,967.4649658203125
34.9765625,967.4840698242188
34.9921875,967.4699096679688
35.0078125,967.4810791015625
35.0234375,967.486083984375
35.0390625,967.4835815429688
35.0546875,967.4729614257812
35.0703125,967.4775390625
35.0859375,967.48583984375
35.1015625,967.4641723632812
35.1171875,967.474609375
35.1328125,967.4617919921875
35.1484375,967.4710693359375
35.1640625,967.4796752929688
35.1796875,967.4763793945312
35.1953125,967.4791870117188
35.2109375,967.4641723632812
35.2265625,967.473876953125
35.2421875,967.4747924804688
35.2578125,967.4862060546875
35.2734375,967.4700317382812
35.2890625,967.4689331054688
35.3046875,967.4789428710938
35.3203125,967.4782104492188
35.3359375,967.47216796875
35.3515625,967.4765625
35.3671875,967.463623046875
35.3828125,967.47412109375
35.3984375,967.4691772460938
35.4140625,967.45654296875
35.4296875,967.4841918945312
35.4453125,967.4790649414062
35.4609375,967.4783935546875
35.4765625,967.4629516601562
35.4921875,967.4732666015625
35.5078125,967.4776611328125
35.5234375,967.4712524414062
35.5390625,967.4653930664062
35.5546875,967.4708251953125
35.5703125,967.4802856445312
35.5859375,967.4767456054688
35.6015625,967.4674072265625
35.6171875,967.4766845703125
35.6328125,967.4774780273438
35.6484375,967.4775390625
35.6640625,967.4760131835938
35.6796875,967.4825439453125
35.6953125,967.4616088867188
35.7109375,967.4591674804688
35.7265625,967.4641723632812
35.7421875,967.474609375
35.7578125,967.4615478515625
35.7734375,967.4782104492188
35.7890625,967.478515625
35.8046875,967.4808959960938
35.8203125,967.464599609375
35.8359375,967.4669799804688
35.8515625,967.4758911132812
35.8671875,967.4615478515625
35.8828125,967.4797973632812
35.8984375,967.4755249023438
35.9140625,967.4764404296875
35.9296875,967.4672241210938
35.9453125,967.4805908203125
35.9609375,967.451904296875
35.9765625,967.4599609375
35.9921875,967.4612426757812
36.0078125,967.4505004882812
36.0234375,967.4766235351562
36.0390625,967.4534301757812
36.0546875,967.466552734375
36.0703125,967.4534301757812
36.0859375,967.4710693359375
36.1015625,967.4701538085938
36.1171875,967.4737548828125
36.1328125,967.4680786132812
36.1484375,967.4673461914062
36.1640625,967.480224609375
36.1796875,967.4713745117188
36.1953125,967.48779296875
36.2109375,967.4674682617188
36.2265625,967.4685668945312
36.2421875,967.4739379882812
36.2578125,967.4779663085938
36.2734375,967.4723510742188
36.2890625,967.4698486328125
36.3046875,967.470458984375
36.3203125,967.4715576171875
36.3359375,967.4708251953125
36.3515625,967.469482421875
36.3671875,967.4805908203125
36.3828125,967.4635620117188
36.3984375,967.4774169921875
36.4140625,967.4790649414062
36.4296875,967.4819946289062
36.4453125,967.4710083007812
36.4609375,967.4712524414062
36.4765625,967.4705810546875
36.4921875,967.4927978515625
36.5078125,967.4730834960938
36.5234375,967.476318359375
36.5390625,967.4754638671875
36.5546875,967.4654541015625
36.5703125,967.4591064453125
36.5859375,967.476318359375
36.6015625,967.4869384765625
36.6171875,967.4730224609375
36.6328125,967.4754638671875
36.6484375,967.4535522460938
36.6640625,967.4760131835938
36.6796875,967.4561767578125
36.6953125,967.4735107421875
36.7109375,967.4729614257812
36.7265625,967.4646606445312
36.7421875,967.4652709960938
36.7578125,967.4624633789062
36.7734375,967.4807739257812
36.7890625,967.4654541015625
36.8046875,967.4595336914062
36.8203125,967.4595947265625
36.8359375,967.4576416015625
36.8515625,967.458251953125
36.8671875,967.4647216796875
36.8828125,967.4755249023438
36.8984375,967.4666137695312
36.9140625,967.4566040039062
36.9296875,967.466552734375
36.9453125,967.4837036132812
36.9609375,967.4614868164062
36.9765625,967.4644165039062
36.9921875,967.458740234375
37.0078125,967.45849609375
37.0234375,967.4592895507812
37.0390625,967.458984375
37.0546875,967.4649047851562
37.0703125,967.46826171875
37.0859375,967.4568481445312
37.1015625,967.4769287109375
37.1171875,967.4684448242188
37.1328125,967.478515625
37.1484375,967.4614868164062
37.1640625,967.4769287109375
37.1796875,967.47265625
37.1953125,967.467529296875
37.2109375,967.4555053710938
37.2265625,967.457763671875
37.2421875,967.4549560546875
37.2578125,967.4711303710938
37.2734375,967.45849609375
37.2890625,967.4591064453125
37.3046875,967.4859008789062
37.3203125,967.6622314453125
37.3359375,967.5071411132812
37.3515625,967.5575561523438
37.3671875,967.5391845703125
37.3828125,967.496826171875
37.3984375,967.5298461914062
37.4140625,967.65185546875
37.4296875,967.6537475585938
37.4453125,967.680419921875
37.4609375,967.59326171875
37.4765625,967.575439453125
37.4921875,967.5606689453125
37.5078125,967.6237182617188
37.5234375,967.54638671875
37.5390625,967.534912109375
37.5546875,967.67333984375
37.5703125,967.5723266601562
37.5859375,967.5588989257812
37.6015625,967.53271484375
37.6171875,967.5505981445312
37.6328125,967.5509643554688
37.6484375,967.5399780273438
37.6640625,967.512451171875
37.6796875,967.514404296875
37.6953125,967.5828857421875
37.7109375,967.56005859375
37.7265625,967.5484008789062
37.7421875,967.6088256835938
37.7578125,967.5762939453125
37.7734375,967.5031127929688
37.7890625,967.5159301757812
37.8046875,967.5707397460938
37.8203125,967.4431762695312
37.8359375,967.52685546875
37.8515625,967.5617065429688
37.8671875,967.527099609375
37.8828125,967.4503784179688
37.8984375,967.5297241210938
37.9140625,967.5050659179688
37.9296875,967.5062255859375
37.9453125,967.5023803710938
37.9609375,967.4916381835938
37.9765625,967.45849609375
37.9921875,967.4680786132812
38.0078125,967.4833374023438
38.0234375,967.5137329101562
38.0390625,967.5315551757812
38.0546875,967.5042114257812
38.0703125,967.4585571289062
38.0859375,967.5069580078125
38.1015625,967.5494995117188
38.1171875,967.5502319335938
38.1328125,967.4300537109375
38.1484375,967.4501342773438
38.1640625,967.5089111328125
38.1796875,967.5001220703125
38.1953125,967.4926147460938
38.2109375,967.4727783203125
38.2265625,967.462158203125
38.2421875,967.4635620117188
38.2578125,967.5001831054688
38.2734375,967.5481567382812
38.2890625,967.5045166015625
38.3046875,967.5059204101562
38.3203125,967.5424194335938
38.3359375,967.486328125
38.3515625,967.5252075195312
38.3671875,967.6482543945312
38.3828125,967.5076904296875
38.3984375,967.5809326171875
38.4140625,967.4873046875
38.4296875,967.5782470703125
38.4453125,967.5399169921875
38.4609375,967.5083618164062
38.4765625,967.5338745117188
38.4921875,967.4385986328125
38.5078125,967.4630737304688
38.5234375,967.5349731445312
38.5390625,967.5341796875
38.5546875,967.5333862304688
38.5703125,967.5696411132812
38.5859375,967.5767211914062
38.6015625,967.612548828125
38.6171875,967.5079956054688
38.6328125,967.518798828125
38.6484375,967.4911499023438
38.6640625,967.4827880859375
38.6796875,967.5552978515625
38.6953125,967.651611328125
38.7109375,967.614013671875
38.7265625,967.5517578125
38.7421875,967.5167846679688
38.7578125,967.4984741210938
38.7734375,967.5071411132812
38.7890625,967.5109252929688
38.8046875,967.6092529296875
38.8203125,967.5287475585938
38.8359375,967.5338745117188
38.8515625,967.4912109375
38.8671875,967.5803833007812
38.8828125,967.52734375
38.8984375,967.5313720703125
38.9140625,967.5541381835938
38.9296875,967.5541381835938
38.9453125,967.5541381835938
38.9609375,967.5701904296875
38.9765625,967.5502319335938
38.9921875,967.4964599609375
39.0078125,967.5789794921875
39.0234375,967.48046875
39.0390625,967.4652099609375
39.0546875,967.5341796875
39.0703125,967.5012817382812
39.0859375,967.5355224609375
39.1015625,967.60546875
39.1171875,967.5336303710938
39.1328125,967.5477294921875
39.1484375,967.5092163085938
39.1640625,967.4852905273438
39.1796875,967.5492553710938
39.1953125,967.49755859375
39.2109375,967.481689453125
39.2265625,967.5006713867188
39.2421875,967.5006103515625
39.2578125,967.5330810546875
39.2734375,967.4847412109375
39.2890625,967.5194091796875
39.3046875,967.5859375
39.3203125,967.5596923828125
39.3359375,967.4680786132812
39.3515625,967.5322265625
39.3671875,967.4906616210938
39.3828125,967.5155029296875
39.3984375,967.545654296875
39.4140625,967.5239868164062
39.4296875,967.5143432617188
39.4453125,967.542724609375
39.4609375,967.5942993164062
39.4765625,967.5332641601562
39.4921875,967.5274658203125
39.5078125,967.4959716796875
39.5234375,967.479248046875
39.5390625,967.4786376953125
39.5546875,967.48779296875
39.5703125,967.4926147460938
39.5859375,967.4877319335938
39.6015625,967.4827880859375
39.6171875,967.4818725585938
39.6328125,967.4874267578125
39.6484375,967.4749755859375
39.6640625,967.478515625
39.6796875,967.4716186523438
39.6953125,967.4766845703125
39.7109375,967.4864501953125
39.7265625,967.466552734375
39.7421875,967.4749145507812
39.7578125,967.47607421875
39.7734375,967.4942016601562
39.7890625,967.4772338867188
39.8046875,967.4771118164062
39.8203125,967.4755249023438
39.8359375,967.4677124023438
39.8515625,967.4765625
39.8671875,967.466552734375
39.8828125,967.4674072265625
39.8984375,967.4610595703125
39.9140625,967.4689331054688
39.9296875,967.4746704101562
39.9453125,967.4699096679688
39.9609375,967.4760131835938
39.9765625,967.479248046875
39.9921875,967.477294921875
40.0078125,967.4921875
40.0234375,967.4735717773438
40.0390625,967.4771118164062
40.0546875,967.4668579101562
40.0703125,967.4705810546875
40.0859375,967.4721069335938
40.1015625,967.4722290039062
40.1171875,967.4710693359375
40.1328125,967.477783203125
40.1484375,967.4676513671875
40.1640625,967.4841918945312
40.1796875,967.4699096679688
40.1953125,967.4684448242188
40.2109375,967.4674072265625
40.2265625,967.4711303710938
40.2421875,967.4815673828125
40.2578125,967.4737548828125
40.2734375,967.4707641601562
40.2890625,967.4524536132812
40.3046875,967.4663696289062
40.3203125,967.4614868164062
40.3359375,967.4757690429688
40.3515625,967.4591674804688
40.3671875,967.4662475585938
40.3828125,967.4575805664062
40.3984375,967.4630126953125
40.4140625,967.4750366210938
40.4296875,967.4615478515625
40.4453125,967.4794921875
40.4609375,967.46630859375
40.4765625,967.470703125
40.4921875,967.4743041992188
40.5078125,967.4808349609375
40.5234375,967.4671020507812
40.5390625,967.4779663085938
40.5546875,967.4659423828125
40.5703125,967.4653930664062
40.5859375,967.46484375
40.6015625,967.4629516601562
40.6171875,967.47607421875
40.6328125,967.4690551757812
40.6484375,967.4619140625
40.6640625,967.4743041992188
40.6796875,967.4913940429688
40.6953125,967.48388671875
40.7109375,967.478271484375
40.7265625,967.4801635742188
40.7421875,967.4428100585938
40.7578125,967.4747924804688
40.7734375,967.4609375
40.7890625,967.4705200195312
40.8046875,967.4769287109375
40.8203125,967.4771728515625
40.8359375,967.466796875
40.8515625,967.4730224609375
40.8671875,967.4777221679688
40.8828125,967.4666748046875
40.8984375,967.46240234375
40.9140625,967.4647216796875
40.9296875,967.4672241210938
40.9453125,967.4686279296875
40.9609375,967.4701538085938
40.9765625,967.4705200195312
40.9921875,967.4591674804688
41.0078125,967.45849609375
41.0234375,967.4639892578125
41.0390625,967.4703979492188
41.0546875,967.4713134765625
41.0703125,967.4691772460938
41.0859375,967.4735107421875
41.1015625,967.4672241210938
41.1171875,967.4775390625
41.1328125,967.47021484375
41.1484375,967.466064453125
41.1640625,967.4723510742188
41.1796875,967.46435546875
41.1953125,967.4572143554688
41.2109375,967.4602661132812
41.2265625,967.451171875
41.2421875,967.481689453125
41.2578125,967.4725341796875
41.2734375,967.4630126953125
41.2890625,967.4769287109375
41.3046875,967.4658203125
41.3203125,967.4743041992188
41.3359375,967.473388671875
41.3515625,967.4629516601562
41.3671875,967.472412109375
41.3828125,967.4701538085938
41.3984375,967.4690551757812
41.4140625,967.463623046875
41.4296875,967.4596557617188
41.4453125,967.4630737304688
41.4609375,967.4659423828125
41.4765625,967.4801635742188
41.4921875,967.4605102539062
41.5078125,967.4609375
41.5234375,967.4750366210938
41.5390625,967.4619140625
41.5546875,967.48046875
41.5703125,967.469970703125
41.5859375,967.4595336914062
41.6015625,967.474365234375
41.6171875,967.481201171875
41.6328125,967.4655151367188
41.6484375,967.4624633789062
41.6640625,967.4780883789062
41.6796875,967.4757080078125
41.6953125,967.4708251953125
41.7109375,967.4602661132812
41.7265625,967.4564819335938
41.7421875,967.4694213867188
41.7578125,967.4688110351562
41.7734375,967.4563598632812
41.7890625,967.46240234375
41.8046875,967.4671020507812
41.8203125,967.478271484375
41.8359375,967.4575805664062
41.8515625,967.4639892578125
41.8671875,967.4696655273438
41.8828125,967.4779663085938
41.8984375,967.4655151367188
41.9140625,967.4763793945312
41.9296875,967.47265625
41.9453125,967.460205078125
41.9609375,967.4689331054688
41.9765625,967.4578857421875
41.9921875,967.4638671875
42.0078125,967.4677734375
42.0234375,967.475830078125
42.0390625,967.4771118164062
42.0546875,967.4669189453125
42.0703125,967.4776611328125
42.0859375,967.4546508789062
42.1015625,967.4605102539062
42.1171875,967.4542236328125
42.1328125,967.4625854492188
42.1484375,967.461669921875
42.1640625,967.463623046875
42.1796875,967.466552734375
42.1953125,967.4644165039062
42.2109375,967.4655151367188
42.2265625,967.4662475585938
42.2421875,967.4735107421875
42.2578125,967.4495849609375
42.2734375,967.4672241210938
42.2890625,967.45849609375
42.3046875,967.4545288085938
42.3203125,967.3961791992188
42.3359375,967.4310913085938
42.3515625,967.5277099609375
42.3671875,967.4730224609375
42.3828125,967.4599609375
42.3984375,967.6035766601562
42.4140625,967.495849609375
42.4296875,967.5078125
42.4453125,967.4356079101562
42.4609375,967.5143432617188
42.4765625,967.479248046875
42.4921875,967.4700317382812
42.5078125,967.48828125
42.5234375,967.5232543945312
42.5390625,967.5110473632812
42.5546875,967.5067749023438
42.5703125,967.4721069335938
42.5859375,967.4635620117188
42.6015625,967.4544067382812
42.6171875,967.514404296875
42.6328125,967.543701171875
42.6484375,967.466796875
42.6640625,967.5070190429688
42.6796875,967.494140625
42.6953125,967.5009765625
42.7109375,967.4607543945312
42.7265625,967.4833984375
42.7421875,967.5425415039062
42.7578125,967.5033569335938
42.7734375,967.5193481445312
42.7890625,967.5524291992188
42.8046875,967.5135498046875
42.8203125,967.5078735351562
42.8359375,967.502685546875
42.8515625,967.452880859375
42.8671875,967.5648803710938
42.8828125,967.4916381835938
42.8984375,967.4822998046875
42.9140625,967.4691772460938
42.9296875,967.5181884765625
42.9453125,967.5391235351562
42.9609375,967.4964599609375
42.9765625,967.4322509765625
42.9921875,967.4917602539062
43.0078125,967.5062866210938
43.0234375,967.4871826171875
43.0390625,967.4862060546875
43.0546875,967.527099609375
43.0703125,967.5061645507812
43.0859375,967.4771118164062
43.1015625,967.4868774414062
43.1171875,967.499267578125
43.1328125,967.470458984375
43.1484375,967.4815673828125
43.1640625,967.4635620117188
43.1796875,967.4710693359375
43.1953125,967.4743041992188
43.2109375,967.4976196289062
43.2265625,967.494873046875
43.2421875,967.4906616210938
43.2578125,967.4828491210938
43.2734375,967.48046875
43.2890625,967.502685546875
43.3046875,967.5296020507812
43.3203125,967.4777221679688
43.3359375,967.5155029296875
43.3515625,967.5009155273438
43.3671875,967.4879760742188
43.3828125,967.5159301757812
43.3984375,967.4688720703125
43.4140625,967.4774169921875
43.4296875,967.4655151367188
43.4453125,967.4620971679688
43.4609375,967.5226440429688
43.4765625,967.4915161132812
43.4921875,967.4723510742188
43.5078125,967.4505004882812
43.5234375,967.501953125
43.5390625,967.4837036132812
43.5546875,967.476318359375
43.5703125,967.4854736328125
43.5859375,967.484375
43.6015625,967.4878540039062
43.6171875,967.5137939453125
43.6328125,967.4701538085938
43.6484375,967.4769897460938
43.6640625,967.4691162109375
43.6796875,967.4801635742188
43.6953125,967.4971923828125
43.7109375,967.4918823242188
43.7265625,967.4557495117188
43.7421875,967.4976196289062
43.7578125,967.479248046875
43.7734375,967.4884643554688
43.7890625,967.4984741210938
43.8046875,967.4752807617188
43.8203125,967.4766235351562
43.8359375,967.4830932617188
43.8515625,967.4736328125
43.8671875,967.4730224609375
43.8828125,967.4698486328125
43.8984375,967.4608154296875
43.9140625,967.4775390625
43.9296875,967.4874267578125
43.9453125,967.5076293945312
43.9609375,967.4885864257812
43.9765625,967.4939575195312
43.9921875,967.4816284179688
44.0078125,967.4469604492188
44.0234375,967.4663696289062
44.0390625,967.4769897460938
44.0546875,967.4673461914062
44.0703125,967.480224609375
44.0859375,967.4768676757812
44.1015625,967.5159301757812
44.1171875,967.4557495117188
44.1328125,967.4777221679688
44.1484375,967.4727172851562
44.1640625,967.4525756835938
44.1796875,967.4905395507812
44.1953125,967.4965209960938
44.2109375,967.4666748046875
44.2265625,967.4810791015625
44.2421875,967.4635620117188
44.2578125,967.5023193359375
44.2734375,967.4642944335938
44.2890625,967.5166015625
44.3046875,967.51904296875
44.3203125,967.4955444335938
44.3359375,967.5227661132812
44.3515625,967.4639892578125
44.3671875,967.5560913085938
44.3828125,967.4594116210938
44.3984375,967.5344848632812
44.4140625,967.5016479492188
44.4296875,967.5563354492188
44.4453125,967.5297241210938
44.4609375,967.5758666992188
44.4765625,967.5254516601562
44.4921875,967.5570678710938
44.5078125,967.5258178710938
44.5234375,967.4873046875
44.5390625,967.5314331054688
44.5546875,967.5146484375
44.5703125,967.4869384765625
44.5859375,967.4869384765625
44.6015625,967.49560546875
44.6171875,967.4916381835938
44.6328125,967.4799194335938
44.6484375,967.5009765625
44.6640625,967.4822998046875
44.6796875,967.4813232421875
44.6953125,967.491455078125
44.7109375,967.4992065429688
44.7265625,967.4846801757812
44.7421875,967.491455078125
44.7578125,967.4973754882812
44.7734375,967.48828125
44.7890625,967.4970703125
44.8046875,967.4847412109375
44.8203125,967.4811401367188
44.8359375,967.4927978515625
44.8515625,967.4979248046875
44.8671875,967.4967651367188
44.8828125,967.4840698242188
44.8984375,967.4832763671875
44.9140625,967.4920654296875
44.9296875,967.4857788085938
44.9453125,967.4863891601562
44.9609375,967.4805908203125
44.9765625,967.4740600585938
44.9921875,967.4749755859375
45.0078125,967.4791259765625
45.0234375,967.4698486328125
45.0390625,967.4790649414062
45.0546875,967.4879760742188
45.0703125,967.4774780273438
45.0859375,967.4774169921875
45.1015625,967.4824829101562
45.1171875,967.4791870117188
45.1328125,967.4791259765625
45.1484375,967.4862060546875
45.1640625,967.4859008789062
45.1796875,967.4662475585938
45.1953125,967.4900512695312
45.2109375,967.4744262695312
45.2265625,967.4749145507812
45.2421875,967.4904174804688
45.2578125,967.47412109375
45.2734375,967.4772338867188
45.2890625,967.4708251953125
45.3046875,967.4708862304688
45.3203125,967.4818725585938
45.3359375,967.4775390625
45.3515625,967.4750366210938
45.3671875,967.4702758789062
45.3828125,967.4694213867188
45.3984375,967.4780883789062
45.4140625,967.4678955078125
45.4296875,967.4805297851562
45.4453125,967.4747314453125
45.4609375,967.4840698242188
45.4765625,967.4684448242188
45.4921875,967.4712524414062
45.5078125,967.4715576171875
45.5234375,967.4856567382812
45.5390625,967.489013671875
45.5546875,967.4692993164062
45.5703125,967.4869995117188
45.5859375,967.4546508789062
45.6015625,967.5015258789062
45.6171875,967.4761352539062
45.6328125,967.4630126953125
45.6484375,967.47216796875
45.6640625,967.4598388671875
45.6796875,967.4683227539062
45.6953125,967.4891357421875
45.7109375,967.4708251953125
45.7265625,967.4728393554688
45.7421875,967.470458984375
45.7578125,967.4708251953125
45.7734375,967.4700317382812
45.7890625,967.47265625
45.8046875,967.4727783203125
45.8203125,967.4884643554688
45.8359375,967.46044921875
45.8515625,967.4641723632812
45.8671875,967.4766845703125
45.8828125,967.4724731445312
45.8984375,967.4841918945312
45.9140625,967.4581909179688
45.9296875,967.4647216796875
45.9453125,967.4708251953125
45.9609375,967.4651489257812
45.9765625,967.466552734375
45.9921875,967.4783325195312
46.0078125,967.4782104492188
46.0234375,967.4629516601562
46.0390625,967.4740600585938
46.0546875,967.4677734375
46.0703125,967.4900512695312
46.0859375,967.4677734375
46.1015625,967.4703979492188
46.1171875,967.4885864257812
46.1328125,967.4769287109375
46.1484375,967.4708251953125
46.1640625,967.4674072265625
46.1796875,967.4719848632812
46.1953125,967.4633178710938
46.2109375,967.4739379882812
46.2265625,967.4685668945312
46.2421875,967.4684448242188
46.2578125,967.471923828125
46.2734375,967.4570922851562
46.2890625,967.4618530273438
46.3046875,967.473388671875
46.3203125,967.459716796875
46.3359375,967.459716796875
46.3515625,967.4718017578125
46.3671875,967.4755859375
46.3828125,967.4644165039062
46.3984375,967.463623046875
46.4140625,967.4613037109375
46.4296875,967.4712524414062
46.4453125,967.4668579101562
46.4609375,967.4492797851562
46.4765625,967.4743041992188
46.4921875,967.4639892578125
46.5078125,967.4788818359375
46.5234375,967.4743041992188
46.5390625,967.4743041992188
46.5546875,967.4755249023438
46.5703125,967.4701538085938
46.5859375,967.457763671875
46.6015625,967.466552734375
46.6171875,967.4666137695312
46.6328125,967.47265625
46.6484375,967.4671020507812
46.6640625,967.4674072265625
46.6796875,967.4630737304688
46.6953125,967.4645385742188
46.7109375,967.4694213867188
46.7265625,967.4765625
46.7421875,967.4668579101562
46.7578125,967.4644165039062
46.7734375,967.4663696289062
46.7890625,967.45849609375
46.8046875,967.4638061523438
46.8203125,967.4691162109375
46.8359375,967.4677124023438
46.8515625,967.4553833007812
46.8671875,967.4663696289062
46.8828125,967.4671630859375
46.8984375,967.4733276367188
46.9140625,967.4611206054688
46.9296875,967.4618530273438
46.9453125,967.4693603515625
46.9609375,967.4772338867188
46.9765625,967.4620971679688
46.9921875,967.4966430664062
47.0078125,967.4573364257812
47.0234375,967.4048461914062
47.0390625,967.4848022460938
47.0546875,967.4945678710938
47.0703125,967.4567260742188
47.0859375,967.4598999023438
47.1015625,967.4526977539062
47.1171875,967.4610595703125
47.1328125,967.42578125
47.1484375,967.4270629882812
47.1640625,967.4256591796875
47.1796875,967.5006713867188
47.1953125,967.47607421875
47.2109375,967.4537963867188
47.2265625,967.4609985351562
47.2421875,967.4959106445312
47.2578125,967.4584350585938
47.2734375,967.44873046875
47.2890625,967.4534301757812
47.3046875,967.4776611328125
47.3203125,967.4627685546875
47.3359375,967.4902954101562
47.3515625,967.5346069335938
47.3671875,967.4951171875
47.3828125,967.4446411132812
47.3984375,967.45849609375
47.4140625,967.4533081054688
47.4296875,967.4618530273438
47.4453125,967.5009765625
47.4609375,967.4281616210938
47.4765625,967.41796875
47.4921875,967.4638061523438
47.5078125,967.4635009765625
47.5234375,967.4694213867188
47.5390625,967.4849243164062
47.5546875,967.51318359375
47.5703125,967.4447631835938
47.5859375,967.4905395507812
47.6015625,967.4638061523438
47.6171875,967.4654541015625
47.6328125,967.5322265625
47.6484375,967.5615234375
47.6640625,967.5067749023438
47.6796875,967.5262451171875
47.6953125,967.4645385742188
47.7109375,967.4801635742188
47.7265625,967.4998168945312
47.7421875,967.4813232421875
47.7578125,967.5233154296875
47.7734375,967.4824829101562
47.7890625,967.518310546875
47.8046875,967.5244140625
47.8203125,967.5164794921875
47.8359375,967.5194091796875
47.8515625,967.5114135742188
47.8671875,967.4833374023438
47.8828125,967.4993286132812
47.8984375,967.4910888671875
47.9140625,967.53076171875
47.9296875,967.5217895507812
47.9453125,967.4977416992188
47.9609375,967.4767456054688
47.9765625,967.4767456054688
47.9921875,967.477294921875
48.0078125,967.48828125
48.0234375,967.526611328125
48.0390625,967.4755859375
48.0546875,967.5233154296875
48.0703125,967.534423828125
48.0859375,967.439453125
48.1015625,967.4965209960938
48.1171875,967.4947509765625
48.1328125,967.5155029296875
48.1484375,967.5025634765625
48.1640625,967.665283203125
48.1796875,967.5068359375
48.1953125,967.4895629882812
48.2109375,967.5355224609375
48.2265625,967.4944458007812
48.2421875,967.4948120117188
48.2578125,967.5466918945312
48.2734375,967.572998046875
48.2890625,967.5350341796875
48.3046875,967.5323486328125
48.3203125,967.5065307617188
48.3359375,967.5003051757812
48.3515625,967.5402221679688
48.3671875,967.5145263671875
48.3828125,967.5750732421875
48.3984375,967.4710083007812
48.4140625,967.5073852539062
48.4296875,967.4782104492188
48.4453125,967.532958984375
48.4609375,967.4928588867188
48.4765625,967.5073852539062
48.4921875,967.4857788085938
48.5078125,967.4677734375
48.5234375,967.5235595703125
48.5390625,967.5050659179688
48.5546875,967.5078735351562
48.5703125,967.5043334960938
48.5859375,967.4970092773438
48.6015625,967.5258178710938
48.6171875,967.5100708007812
48.6328125,967.5520629882812
48.6484375,967.4859008789062
48.6640625,967.4927368164062
48.6796875,967.5633544921875
48.6953125,967.5238037109375
48.7109375,967.57177734375
48.7265625,967.4856567382812
48.7421875,967.5179443359375
48.7578125,967.5841064453125
48.7734375,967.5287475585938
48.7890625,967.5419921875
48.8046875,967.5419311523438
48.8203125,967.4697265625
48.8359375,967.48583984375
48.8515625,967.5435180664062
48.8671875,967.55224609375
48.8828125,967.5606079101562
48.8984375,967.5942993164062
48.9140625,967.54443359375
48.9296875,967.5364379882812
48.9453125,967.5154418945312
48.9609375,967.4841918945312
48.9765625,967.5651245117188
48.9921875,967.4473876953125
49.0078125,967.614990234375
49.0234375,967.5650634765625
49.0390625,967.5310668945312
49.0546875,967.5018310546875
49.0703125,967.52099609375
49.0859375,967.5017700195312
49.1015625,967.47802734375
49.1171875,967.529296875
49.1328125,967.5226440429688
49.1484375,967.5033569335938
49.1640625,967.5030517578125
49.1796875,967.593017578125
49.1953125,967.4769287109375
49.2109375,967.5238647460938
49.2265625,967.5220336914062
49.2421875,967.5134887695312
49.2578125,967.5107421875
49.2734375,967.5610961914062
49.2890625,967.5569458007812
49.3046875,967.6136474609375
49.3203125,967.5111694335938
49.3359375,967.5509033203125
49.3515625,967.5442504882812
49.3671875,967.5112915039062
49.3828125,967.5294799804688
49.3984375,967.5540161132812
49.4140625,967.4832763671875
49.4296875,967.4852905273438
49.4453125,967.516357421875
49.4609375,967.5045776367188
49.4765625,967.48974609375
49.4921875,967.493408203125
49.5078125,967.4846801757812
49.5234375,967.4962158203125
49.5390625,967.4911499023438
49.5546875,967.4757690429688
49.5703125,967.4806518554688
49.5859375,967.4866333007812
49.6015625,967.470703125
49.6171875,967.4710693359375
49.6328125,967.4699096679688
49.6484375,967.4794311523438
49.6640625,967.4909057617188
49.6796875,967.5042724609375
49.6953125,967.4829711914062
49.7109375,967.4895629882812
49.7265625,967.4840698242188
49.7421875,967.4832763671875
49.7578125,967.4733276367188
49.7734375,967.5073852539062
49.7890625,967.4934692382812
49.8046875,967.473388671875
49.8203125,967.4833984375
49.8359375,967.4827270507812
49.8515625,967.476318359375
49.8671875,967.4906005859375
49.8828125,967.4902954101562
49.8984375,967.4857788085938
49.9140625,967.4884033203125
49.9296875,967.4794311523438
49.9453125,967.4774169921875
49.9609375,967.4774169921875
49.9765625,967.4902954101562
49.9921875,967.4796752929688
50.0078125,967.4732055664062
50.0234375,967.484375
50.0390625,967.4693603515625
50.0546875,967.4966430664062
50.0703125,967.4888305664062
50.0859375,967.4763793945312
50.1015625,967.4677734375
50.1171875,967.4743041992188
50.1328125,967.4832763671875
50.1484375,967.4810791015625
50.1640625,967.4744873046875
50.1796875,967.4783325195312
50.1953125,967.501708984375
50.2109375,967.4805297851562
50.2265625,967.4884643554688
50.2421875,967.479736328125
50.2578125,967.479736328125
50.2734375,967.4796752929688
50.2890625,967.4801635742188
50.3046875,967.4883422851562
50.3203125,967.483642578125
50.3359375,967.4803466796875
50.3515625,967.4790649414062
50.3671875,967.48974609375
50.3828125,967.47216796875
50.3984375,967.4769287109375
50.4140625,967.497802734375
50.4296875,967.4877319335938
50.4453125,967.4872436523438
50.4609375,967.4791870117188
50.4765625,967.4867553710938
50.4921875,967.479248046875
50.5078125,967.4881591796875
50.5234375,967.4757690429688
50.5390625,967.4635620117188
50.5546875,967.4799194335938
50.5703125,967.4881591796875
50.5859375,967.4796752929688
50.6015625,967.4867553710938
50.6171875,967.4735717773438
50.6328125,967.4762573242188
50.6484375,967.4760131835938
50.6640625,967.46875
50.6796875,967.4909057617188
50.6953125,967.48779296875
50.7109375,967.4822387695312
50.7265625,967.4766235351562
50.7421875,967.4754638671875
50.7578125,967.4760131835938
50.7734375,967.4760131835938
50.7890625,967.4736328125
50.8046875,967.4825439453125
50.8203125,967.4642944335938
50.8359375,967.4732055664062
50.8515625,967.48583984375
50.8671875,967.4899291992188
50.8828125,967.4688110351562
50.8984375,967.4769287109375
50.9140625,967.4778442382812
50.9296875,967.4827270507812
50.9453125,967.476318359375
50.9609375,967.4841918945312
50.9765625,967.4708251953125
50.9921875,967.4732666015625
51.0078125,967.473388671875
51.0234375,967.4735107421875
51.0390625,967.4764404296875
51.0546875,967.4873046875
51.0703125,967.4830322265625
51.0859375,967.4732666015625
51.1015625,967.4760131835938
51.1171875,967.4747314453125
51.1328125,967.4664916992188
51.1484375,967.4649047851562
51.1640625,967.471923828125
51.1796875,967.4800415039062
51.1953125,967.4948120117188
51.2109375,967.475341796875
51.2265625,967.4917602539062
51.2421875,967.4735107421875
51.2578125,967.4724731445312
51.2734375,967.474365234375
51.2890625,967.4768676757812
51.3046875,967.4658203125
51.3203125,967.4722290039062
51.3359375,967.478515625
51.3515625,967.48388671875
51.3671875,967.4718017578125
51.3828125,967.4638061523438
51.3984375,967.4917602539062
51.4140625,967.4747314453125
51.4296875,967.4953002929688
51.4453125,967.4716796875
51.4609375,967.4747314453125
51.4765625,967.468505859375
51.4921875,967.4786376953125
51.5078125,967.4694213867188
51.5234375,967.4760131835938
51.5390625,967.469970703125
51.5546875,967.4852905273438
51.5703125,967.4697265625
51.5859375,967.4660034179688
51.6015625,967.4927978515625
51.6171875,967.4743041992188
51.6328125,967.485595703125
51.6484375,967.4672241210938
51.6640625,967.4810180664062
51.6796875,967.4653930664062
51.6953125,967.4581298828125
51.7109375,967.4685668945312
51.7265625,967.4815673828125
51.7421875,967.4766235351562
51.7578125,967.4629516601562
51.7734375,967.475830078125
51.7890625,967.4743041992188
51.8046875,967.4337158203125
51.8203125,967.6281127929688
51.8359375,967.6046142578125
51.8515625,967.63818359375
51.8671875,967.6097412109375
51.8828125,967.6266479492188
51.8984375,967.5407104492188
51.9140625,967.577392578125
51.9296875,967.5584106445312
51.9453125,967.591796875
51.9609375,967.6168823242188
51.9765625,967.63427734375
51.9921875,967.5653076171875
52.0078125,967.6571044921875
52.0234375,967.6776123046875
52.0390625,967.6884155273438
52.0546875,967.5504760742188
52.0703125,967.529296875
52.0859375,967.5276489257812
52.1015625,967.5960693359375
52.1171875,967.6815185546875
52.1328125,967.6214599609375
52.1484375,967.4852905273438
52.1640625,967.6162109375
52.1796875,967.69091796875
52.1953125,967.4927978515625
52.2109375,967.6044311523438
52.2265625,967.5953979492188
52.2421875,967.596923828125
52.2578125,967.5611572265625
52.2734375,967.4400634765625
52.2890625,967.6473388671875
52.3046875,967.6350708007812
52.3203125,967.5628662109375
52.3359375,967.6466674804688
52.3515625,967.5972290039062
52.3671875,967.64404296875
52.3828125,967.6388549804688
52.3984375,967.602294921875
52.4140625,967.684814453125
52.4296875,967.615966796875
52.4453125,967.5696411132812
52.4609375,967.599609375
52.4765625,967.5646362304688
52.4921875,967.5692749023438
52.5078125,967.610107421875
52.5234375,967.5963134765625
52.5390625,967.6171875
52.5546875,967.5294799804688
52.5703125,967.7150268554688
52.5859375,967.618896484375
52.6015625,967.651123046875
52.6171875,967.587158203125
52.6328125,967.5974731445312
52.6484375,967.6041259765625
52.6640625,967.6217651367188
52.6796875,967.5198364257812
52.6953125,967.56201171875
52.7109375,967.61865234375
52.7265625,967.537109375
52.7421875,967.5929565429688
52.7578125,967.5535888671875
52.7734375,967.5698852539062
52.7890625,967.4701538085938
52.8046875,967.5165405273438
52.8203125,967.4655151367188
52.8359375,967.5634155273438
52.8515625,967.4901123046875
52.8671875,967.591064453125
52.8828125,967.5547485351562
52.8984375,967.5547485351562
52.9140625,967.5525512695312
52.9296875,967.5723876953125
52.9453125,967.5146484375
52.9609375,967.51318359375
52.9765625,967.5983276367188
52.9921875,967.5856323242188
53.0078125,967.5389404296875
53.0234375,967.5559692382812
53.0390625,967.60498046875
53.0546875,967.578857421875
53.0703125,967.589599609375
53.0859375,967.5296020507812
53.1015625,967.501220703125
53.1171875,967.5223999023438
53.1328125,967.5667724609375
53.1484375,967.5657348632812
53.1640625,967.5286254882812
53.1796875,967.5455932617188
53.1953125,967.5189819335938
53.2109375,967.5304565429688
53.2265625,967.5146484375
53.2421875,967.514404296875
53.2578125,967.4987182617188
53.2734375,967.4992065429688
53.2890625,967.513427734375
53.3046875,967.4987182617188
53.3203125,967.4677734375
53.3359375,967.5126953125
53.3515625,967.4888916015625
53.3671875,967.4992065429688
53.3828125,967.4970703125
53.3984375,967.4930419921875
53.4140625,967.4993286132812
53.4296875,967.491943359375
53.4453125,967.4768676757812
53.4609375,967.4899291992188
53.4765625,967.4982299804688
53.4921875,967.4927978515625
53.5078125,967.4951171875
53.5234375,967.4863891601562
53.5390625,967.4791259765625
53.5546875,967.4849243164062
53.5703125,967.5296020507812
53.5859375,967.4896850585938
53.6015625,967.4983520507812
53.6171875,967.502685546875
53.6328125,967.6576538085938
53.6484375,967.5487060546875
53.6640625,967.5510864257812
53.6796875,967.6692504882812
53.6953125,967.6400756835938
53.7109375,967.6552124023438
53.7265625,967.6559448242188
53.7421875,967.6387329101562
53.7578125,967.6622924804688
53.7734375,967.680419921875
53.7890625,967.7377319335938
53.8046875,967.7193603515625
53.8203125,967.860595703125
53.8359375,967.7113647460938
53.8515625,967.7857055664062
53.8671875,967.719482421875
53.8828125,967.76953125
53.8984375,967.7021484375
53.9140625,967.7296752929688
53.9296875,967.706787109375
53.9453125,967.7506713867188
53.9609375,967.6886596679688
53.9765625,967.823974609375
53.9921875,967.7357788085938
54.0078125,967.614013671875
54.0234375,967.7484130859375
54.0390625,967.730224609375
54.0546875,967.7168579101562
54.0703125,967.7672729492188
54.0859375,967.7299194335938
54.1015625,967.7146606445312
54.1171875,967.744873046875
54.1328125,967.7880859375
54.1484375,967.7796020507812
54.1640625,967.6803588867188
54.1796875,967.626220703125
54.1953125,967.8059692382812
54.2109375,967.8235473632812
54.2265625,967.6828002929688
54.2421875,967.7830200195312
54.2578125,967.8707885742188
54.2734375,967.7289428710938
54.2890625,967.6610717773438
54.3046875,967.7688598632812
54.3203125,967.7380981445312
54.3359375,967.8741455078125
54.3515625,967.7144165039062
54.3671875,967.8734741210938
54.3828125,967.7432861328125
54.3984375,967.7680053710938
54.4140625,967.60107421875
54.4296875,967.8348388671875
54.4453125,967.8048706054688
54.4609375,967.8073120117188
54.4765625,968.008544921875
54.4921875,967.803955078125
54.5078125,967.628173828125
54.5234375,967.783203125
54.5390625,967.7400512695312
54.5546875,967.7430419921875
54.5703125,967.6668701171875
54.5859375,967.7539672851562
54.6015625,967.7821655273438
54.6171875,967.7395629882812
54.6328125,967.7233276367188
54.6484375,967.6741943359375
54.6640625,967.64404296875
54.6796875,967.6190185546875
54.6953125,967.6836547851562
54.7109375,967.7147216796875
54.7265625,967.7210693359375
54.7421875,967.6957397460938
54.7578125,967.742919921875
54.7734375,967.8224487304688
54.7890625,967.800537109375
54.8046875,967.7422485351562
54.8203125,967.7432861328125
54.8359375,967.8334350585938
54.8515625,967.6486206054688
54.8671875,967.6214599609375
54.8828125,967.7262573242188
54.8984375,967.6837158203125
54.9140625,967.759033203125
54.9296875,967.6608276367188
54.9453125,967.732177734375
54.9609375,967.8147583007812
54.9765625,967.7014770507812
54.9921875,967.7037963867188
55.0078125,967.6705932617188
55.0234375,967.6696166992188
55.0390625,967.7210693359375
55.0546875,967.608642578125
55.0703125,967.6661376953125
55.0859375,967.7076416015625
55.1015625,967.6818237304688
55.1171875,967.6798095703125
55.1328125,967.6815185546875
55.1484375,967.6419067382812
55.1640625,967.676513671875
55.1796875,967.7118530273438
55.1953125,967.7130737304688
55.2109375,967.630859375
55.2265625,967.7621459960938
55.2421875,967.6226196289062
55.2578125,967.7071533203125
55.2734375,967.7182006835938
55.2890625,967.6864624023438
55.3046875,967.7244262695312
55.3203125,967.677490234375
55.3359375,967.8283081054688
55.3515625,967.67529296875
55.3671875,967.675048828125
55.3828125,967.8429565429688
55.3984375,967.7999877929688
55.4140625,967.7137451171875
55.4296875,967.7258911132812
55.4453125,967.8262939453125
55.4609375,967.8046875
55.4765625,967.8048706054688
55.4921875,967.7288818359375
55.5078125,967.6021118164062
55.5234375,967.6646118164062
55.5390625,967.7888793945312
55.5546875,967.800537109375
55.5703125,967.6204223632812
55.5859375,967.6409301757812
55.6015625,967.6388549804688
55.6171875,967.7213134765625
55.6328125,967.6849975585938
55.6484375,967.7564086914062
55.6640625,967.60693359375
55.6796875,967.7246704101562
55.6953125,967.732177734375
55.7109375,967.6831665039062
55.7265625,967.6878051757812
55.7421875,967.6490478515625
55.7578125,967.6040649414062
55.7734375,967.7427978515625
55.7890625,967.7423706054688
55.8046875,967.5751953125
55.8203125,967.75390625
55.8359375,967.6557006835938
55.8515625,967.7433471679688
55.8671875,967.7017822265625
55.8828125,967.653564453125
55.8984375,967.6262817382812
55.9140625,967.7877197265625
55.9296875,967.5185546875
55.9453125,967.6686401367188
55.9609375,967.6221923828125
55.9765625,967.6041870117188
55.9921875,967.6340942382812
56.0078125,967.596923828125
56.0234375,967.72607421875
56.0390625,967.6873168945312
56.0546875,967.5974731445312
56.0703125,967.6629638671875
56.0859375,967.6484375
56.1015625,967.60693359375
56.1171875,967.6069946289062
56.1328125,967.6558227539062
56.1484375,967.65625
56.1640625,967.6259155273438
56.1796875,967.6671752929688
56.1953125,967.6675415039062
56.2109375,967.6675415039062
56.2265625,967.6571044921875
56.2421875,967.6688232421875
56.2578125,967.5764770507812
56.2734375,967.6240234375
56.2890625,967.6300048828125
56.3046875,967.6015625
56.3203125,967.6046142578125
56.3359375,967.6298828125
56.3515625,967.5380859375
56.3671875,967.5335693359375
56.3828125,967.5275268554688
56.3984375,967.5269165039062
56.4140625,967.5257568359375
56.4296875,967.5296630859375
56.4453125,967.5179443359375
56.4609375,967.51123046875
56.4765625,967.5249633789062
56.4921875,967.5126953125
56.5078125,967.5158081054688
56.5234375,967.5174560546875
56.5390625,967.5087280273438
56.5546875,967.5149536132812
56.5703125,967.5174560546875
56.5859375,967.497802734375
56.6015625,967.5182495117188
56.6171875,967.5051879882812
56.6328125,967.5173950195312
56.6484375,967.5107421875
56.6640625,967.5117797851562
56.6796875,967.5045776367188
56.6953125,967.5103149414062
56.7109375,967.5225830078125
56.7265625,967.5172729492188
56.7421875,967.5050048828125
56.7578125,967.5162353515625
56.7734375,967.5159301757812
56.7890625,967.5000610351562
56.8046875,967.5000610351562
56.8203125,967.5164794921875
56.8359375,967.5115966796875
56.8515625,967.5108642578125
56.8671875,967.517333984375
56.8828125,967.503173828125
56.8984375,967.4972534179688
56.9140625,967.5173950195312
56.9296875,967.5011596679688
56.9453125,967.4996948242188
56.9609375,967.4990234375
56.9765625,967.5062255859375
56.9921875,967.4844970703125
57.0078125,967.483642578125
57.0234375,967.5138549804688
57.0390625,967.5060424804688
57.0546875,967.4967041015625
57.0703125,967.5086669921875
57.0859375,967.4906616210938
57.1015625,967.4989624023438
57.1171875,967.4772338867188
57.1328125,967.5106201171875
57.1484375,967.5122680664062
57.1640625,967.50537109375
57.1796875,967.4989624023438
57.1953125,967.4972534179688
57.2109375,967.4959106445312
57.2265625,967.4948120117188
57.2421875,967.5033569335938
57.2578125,967.5051879882812
57.2734375,967.495849609375
57.2890625,967.4877319335938
57.3046875,967.4972534179688
57.3203125,967.5138549804688
57.3359375,967.4932861328125
57.3515625,967.5115966796875
57.3671875,967.5062866210938
57.3828125,967.4989013671875
57.3984375,967.5003051757812
57.4140625,967.4853515625
57.4296875,967.4978637695312
57.4453125,967.4782104492188
57.4609375,967.5006103515625
57.4765625,967.4944458007812
57.4921875,967.5005493164062
57.5078125,967.5037841796875
57.5234375,967.4987182617188
57.5390625,967.4793701171875
57.5546875,967.50390625
57.5703125,967.4987182617188
57.5859375,967.4983520507812
57.6015625,967.4883422851562
57.6171875,967.4952392578125
57.6328125,967.481201171875
57.6484375,967.4994506835938
57.6640625,967.514404296875
57.6796875,967.5092163085938
57.6953125,967.4992065429688
57.7109375,967.495361328125
57.7265625,967.4884033203125
57.7421875,967.4889526367188
57.7578125,967.4818725585938
57.7734375,967.4989013671875
57.7890625,967.5062255859375
57.8046875,967.501708984375
57.8203125,967.5086669921875
57.8359375,967.5098876953125
57.8515625,967.4948120117188
57.8671875,967.5009765625
57.8828125,967.4945068359375
57.8984375,967.5008544921875
57.9140625,967.5103759765625
57.9296875,967.4840698242188
57.9453125,967.4824829101562
57.9609375,967.501220703125
57.9765625,967.5012817382812
57.9921875,967.5121459960938
58.0078125,967.5103759765625
58.0234375,967.4962768554688
58.0390625,967.490966796875
58.0546875,967.5092163085938
58.0703125,967.5017700195312
58.0859375,967.4867553710938
58.1015625,967.503173828125
58.1171875,967.5025024414062
58.1328125,967.483642578125
58.1484375,967.5028686523438
58.1640625,967.4989013671875
58.1796875,967.48583984375
58.1953125,967.5120239257812
58.2109375,967.5045776367188
58.2265625,967.511474609375
58.2421875,967.5051879882812
58.2578125,967.499267578125
58.2734375,967.4909057617188
58.2890625,967.4859008789062
58.3046875,967.4966430664062
58.3203125,967.5006103515625
58.3359375,967.4853515625
58.3515625,967.4912109375
58.3671875,967.4846801757812
58.3828125,967.5044555664062
58.3984375,967.4998168945312
58.4140625,967.4852905273438
58.4296875,967.4869384765625
58.4453125,967.4868774414062
58.4609375,967.4868774414062
58.4765625,967.4964599609375
58.4921875,967.477294921875
58.5078125,967.5062255859375
58.5234375,967.4933471679688
58.5390625,967.4944458007812
58.5546875,967.4873046875
58.5703125,967.4965209960938
58.5859375,967.5061645507812
58.6015625,967.4873046875
58.6171875,967.4873046875
58.6328125,967.5048217773438
58.6484375,967.5026245117188
58.6640625,967.5050048828125
58.6796875,967.5089111328125
58.6953125,967.4873046875
58.7109375,967.4943237304688
