# Time (seconds),f0
0.0078125,956.1710205078125
0.0234375,956.1732788085938
0.0390625,956.175537109375
0.0546875,956.1685180664062
0.0703125,956.1740112304688
0.0859375,956.1646728515625
0.1015625,956.1640625
0.1171875,956.1741943359375
0.1328125,956.1686401367188
0.1484375,956.1717529296875
0.1640625,956.1762084960938
0.1796875,956.1930541992188
0.1953125,956.1801147460938
0.2109375,956.173828125
0.2265625,956.1748046875
0.2421875,956.1721801757812
0.2578125,956.19091796875
0.2734375,956.1741943359375
0.2890625,956.1859130859375
0.3046875,956.1861572265625
0.3203125,956.1868286132812
0.3359375,956.1734008789062
0.3515625,956.173583984375
0.3671875,956.1727905273438
0.3828125,956.1802368164062
0.3984375,956.1710815429688
0.4140625,956.17578125
0.4296875,956.1661376953125
0.4453125,956.173095703125
0.4609375,956.1895751953125
0.4765625,956.1700439453125
0.4921875,956.170654296875
0.5078125,956.173095703125
0.5234375,956.17724609375
0.5390625,956.166748046875
0.5546875,956.1773071289062
0.5703125,956.1736450195312
0.5859375,956.1539916992188
0.6015625,956.1777954101562
0.6171875,956.1751098632812
0.6328125,956.1758422851562
0.6484375,956.1693725585938
0.6640625,956.173828125
0.6796875,956.1724853515625
0.6953125,956.1700439453125
0.7109375,956.1727294921875
0.7265625,956.1543579101562
0.7421875,956.1591796875
0.7578125,956.1696166992188
0.7734375,956.1798706054688
0.7890625,956.17529296875
0.8046875,956.1607666015625
0.8203125,956.1766357421875
0.8359375,956.1527099609375
0.8515625,956.1838989257812
0.8671875,956.1696166992188
0.8828125,956.1738891601562
0.8984375,956.181640625
0.9140625,956.174560546875
0.9296875,956.1903076171875
0.9453125,956.1742553710938
0.9609375,956.1782836914062
0.9765625,956.1764526367188
0.9921875,956.175048828125
1.0078125,956.15966796875
1.0234375,956.1741333007812
1.0390625,956.181396484375
1.0546875,956.1826171875
1.0703125,956.1740112304688
1.0859375,956.1771850585938
1.1015625,956.1748046875
1.1171875,956.1853637695312
1.1328125,956.1700439453125
1.1484375,956.1661376953125
1.1640625,956.177490234375
1.1796875,956.1896362304688
1.1953125,956.173095703125
1.2109375,956.18115234375
1.2265625,956.1741943359375
1.2421875,956.1710815429688
1.2578125,956.1771850585938
1.2734375,956.190185546875
1.2890625,956.1707763671875
1.3046875,956.1798095703125
1.3203125,956.174560546875
1.3359375,956.1701049804688
1.3515625,956.173095703125
1.3671875,956.1846923828125
1.3828125,956.185302734375
1.3984375,956.1696166992188
1.4140625,956.1688842773438
1.4296875,956.1813354492188
1.4453125,956.1886596679688
1.4609375,956.1685180664062
1.4765625,956.1707763671875
1.4921875,956.1746826171875
1.5078125,956.173828125
1.5234375,956.1800537109375
1.5390625,956.174560546875
1.5546875,956.1715698242188
1.5703125,956.1812133789062
1.5859375,956.173095703125
1.6015625,956.1738891601562
1.6171875,956.1800537109375
1.6328125,956.1752319335938
1.6484375,956.1785888671875
1.6640625,956.1807861328125
1.6796875,956.1650390625
1.6953125,956.1693725585938
1.7109375,956.17529296875
1.7265625,956.1873779296875
1.7421875,956.1642456054688
1.7578125,956.1773071289062
1.7734375,956.1867065429688
1.7890625,956.1883544921875
1.8046875,956.1740112304688
1.8203125,956.1646728515625
1.8359375,956.1739501953125
1.8515625,956.1822509765625
1.8671875,956.173583984375
1.8828125,956.1815185546875
1.8984375,956.180908203125
1.9140625,956.182373046875
1.9296875,956.17138671875
1.9453125,956.1685180664062
1.9609375,956.1876220703125
1.9765625,956.17138671875
1.9921875,956.1748046875
2.0078125,956.1710205078125
2.0234375,956.1708984375
2.0390625,956.1817016601562
2.0546875,956.1752319335938
2.0703125,956.1781616210938
2.0859375,956.1792602539062
2.1015625,956.1891479492188
2.1171875,956.1761474609375
2.1328125,956.1810913085938
2.1484375,956.163330078125
2.1640625,956.1809692382812
2.1796875,956.1621704101562
2.1953125,956.1886596679688
2.2109375,956.1861572265625
2.2265625,956.1632690429688
2.2421875,956.1685180664062
2.2578125,956.175537109375
2.2734375,956.1715698242188
2.2890625,956.1725463867188
2.3046875,956.1710815429688
2.3203125,956.1697998046875
2.3359375,956.1671752929688
2.3515625,956.168701171875
2.3671875,956.173583984375
2.3828125,956.1822509765625
2.3984375,956.1751098632812
2.4140625,956.1748046875
2.4296875,956.16943359375
2.4453125,956.1775512695312
2.4609375,956.1696166992188
2.4765625,956.1766357421875
2.4921875,956.1703491210938
2.5078125,956.1895141601562
2.5234375,956.17578125
2.5390625,956.1867065429688
2.5546875,956.1744995117188
2.5703125,956.181396484375
2.5859375,956.1886596679688
2.6015625,956.1707763671875
2.6171875,956.1751098632812
2.6328125,956.1715698242188
2.6484375,956.182861328125
2.6640625,956.185546875
2.6796875,956.1796875
2.6953125,956.173095703125
2.7109375,956.175537109375
2.7265625,956.1738891601562
2.7421875,956.173828125
2.7578125,956.1647338867188
2.7734375,956.1875
2.7890625,956.17529296875
2.8046875,956.181396484375
2.8203125,956.1743774414062
2.8359375,956.1769409179688
2.8515625,956.1680297851562
2.8671875,956.1904296875
2.8828125,956.175537109375
2.8984375,956.1771850585938
2.9140625,956.15966796875
2.9296875,956.1766967773438
2.9453125,956.1806640625
2.9609375,956.1841430664062
2.9765625,956.1744384765625
2.9921875,956.1781616210938
3.0078125,956.1782836914062
3.0234375,956.173583984375
3.0390625,956.1759643554688
3.0546875,956.1607666015625
3.0703125,956.1676635742188
3.0859375,956.1777954101562
3.1015625,956.1705932617188
3.1171875,956.1700439453125
3.1328125,956.1798706054688
3.1484375,956.1725463867188
3.1640625,956.1849975585938
3.1796875,956.1770629882812
3.1953125,956.1819458007812
3.2109375,956.1705932617188
3.2265625,956.180419921875
3.2421875,956.1849975585938
3.2578125,956.180908203125
3.2734375,956.177490234375
3.2890625,956.195068359375
3.3046875,956.1776123046875
3.3203125,956.1758422851562
3.3359375,956.1774291992188
3.3515625,956.175537109375
3.3671875,956.18115234375
3.3828125,956.1640625
3.3984375,956.173095703125
3.4140625,956.1817016601562
3.4296875,956.1758422851562
3.4453125,956.1741943359375
3.4609375,956.1912841796875
3.4765625,956.181396484375
3.4921875,956.1697998046875
3.5078125,956.1831665039062
3.5234375,956.1671142578125
3.5390625,956.1705932617188
3.5546875,956.182861328125
3.5703125,956.1885986328125
3.5859375,956.1777954101562
3.6015625,956.1893310546875
3.6171875,956.1629638671875
3.6328125,956.168701171875
3.6484375,956.1898803710938
3.6640625,956.178466796875
3.6796875,956.1777954101562
3.6953125,956.1646118164062
3.7109375,956.1641845703125
3.7265625,956.176513671875
3.7421875,956.1700439453125
3.7578125,956.17333984375
3.7734375,956.1700439453125
3.7890625,956.1728515625
3.8046875,956.1724853515625
3.8203125,956.1629638671875
3.8359375,956.1747436523438
3.8515625,956.1732788085938
3.8671875,956.1788940429688
3.8828125,956.1753540039062
3.8984375,956.1834106445312
3.9140625,956.1699829101562
3.9296875,956.180908203125
3.9453125,956.173095703125
3.9609375,956.1808471679688
3.9765625,956.173583984375
3.9921875,956.1741943359375
4.0078125,956.200439453125
4.0234375,956.1806640625
4.0390625,956.1721801757812
4.0546875,956.171630859375
4.0703125,956.1829223632812
4.0859375,956.1885986328125
4.1015625,956.1753540039062
4.1171875,956.17529296875
4.1328125,956.1723022460938
4.1484375,956.1605224609375
4.1640625,956.1744384765625
4.1796875,956.174560546875
4.1953125,956.1741943359375
4.2109375,956.1760864257812
4.2265625,956.1820068359375
4.2421875,956.1766967773438
4.2578125,956.1748046875
4.2734375,956.1763916015625
4.2890625,956.1878662109375
4.3046875,956.1657104492188
4.3203125,956.1740112304688
4.3359375,956.1705932617188
4.3515625,956.1712036132812
4.3671875,956.1810913085938
4.3828125,956.1897583007812
4.3984375,956.1865234375
4.4140625,956.1614379882812
4.4296875,956.1919555664062
4.4453125,956.1710205078125
4.4609375,956.1671752929688
4.4765625,956.1773071289062
4.4921875,956.1880493164062
4.5078125,956.1749267578125
4.5234375,956.1554565429688
4.5390625,956.17529296875
4.5546875,956.173583984375
4.5703125,956.1821899414062
4.5859375,956.17333984375
4.6015625,956.1808471679688
4.6171875,956.1758422851562
4.6328125,956.1786499023438
4.6484375,956.170654296875
4.6640625,956.178955078125
4.6796875,956.1727294921875
4.6953125,956.17138671875
4.7109375,956.1681518554688
4.7265625,956.1683959960938
4.7421875,956.1758422851562
4.7578125,956.176513671875
4.7734375,956.1823120117188
4.7890625,956.1826171875
4.8046875,956.1752319335938
4.8203125,956.1724243164062
4.8359375,956.1652221679688
4.8515625,956.173095703125
4.8671875,956.1751098632812
4.8828125,956.1884765625
4.8984375,956.1716918945312
4.9140625,956.175048828125
4.9296875,956.1746826171875
4.9453125,956.1719360351562
4.9609375,956.1781616210938
4.9765625,956.155029296875
4.9921875,956.189453125
5.0078125,956.17724609375
5.0234375,956.1716918945312
5.0390625,956.1763916015625
5.0546875,956.1608276367188
5.0703125,956.1727294921875
5.0859375,956.1694946289062
5.1015625,956.1878662109375
5.1171875,956.1884155273438
5.1328125,956.17724609375
5.1484375,956.1796875
5.1640625,956.17138671875
5.1796875,956.177734375
5.1953125,956.1716918945312
5.2109375,956.1747436523438
5.2265625,956.1758422851562
5.2421875,956.1912841796875
5.2578125,956.1774291992188
5.2734375,956.1802368164062
5.2890625,956.1807861328125
5.3046875,956.1806640625
5.3203125,956.1775512695312
5.3359375,956.1802368164062
5.3515625,956.1766967773438
5.3671875,956.1658935546875
5.3828125,956.1826171875
5.3984375,956.1903686523438
5.4140625,956.1802368164062
5.4296875,956.1777954101562
5.4453125,956.1767578125
5.4609375,956.1770629882812
5.4765625,956.17578125
5.4921875,956.1720581054688
5.5078125,956.1766357421875
5.5234375,956.1767578125
5.5390625,956.1763916015625
5.5546875,956.1826171875
5.5703125,956.1783447265625
5.5859375,956.1830444335938
5.6015625,956.1770629882812
5.6171875,956.1837158203125
5.6328125,956.175048828125
5.6484375,956.1831665039062
5.6640625,956.1748046875
5.6796875,956.1775512695312
5.6953125,956.1665649414062
5.7109375,956.1694946289062
5.7265625,956.17333984375
5.7421875,956.178955078125
5.7578125,956.1625366210938
5.7734375,956.1732788085938
5.7890625,956.1829223632812
5.8046875,956.1751098632812
5.8203125,956.1717529296875
5.8359375,956.1658935546875
5.8515625,956.1830444335938
5.8671875,956.1896362304688
5.8828125,956.1758422851562
5.8984375,956.1797485351562
5.9140625,956.181396484375
5.9296875,956.1715698242188
5.9453125,956.1864013671875
5.9609375,956.1744384765625
5.9765625,956.1798095703125
5.9921875,956.1626586914062
6.0078125,956.1619262695312
6.0234375,956.1908569335938
6.0390625,956.1739501953125
6.0546875,956.1761474609375
6.0703125,956.1725463867188
6.0859375,956.1658935546875
6.1015625,956.174560546875
6.1171875,956.1756591796875
6.1328125,956.1881103515625
6.1484375,956.1713256835938
6.1640625,956.1649169921875
6.1796875,956.1781005859375
6.1953125,956.181396484375
6.2109375,956.1697998046875
6.2265625,956.159912109375
6.2421875,956.1552734375
6.2578125,956.1657104492188
6.2734375,956.167724609375
6.2890625,956.1992797851562
6.3046875,956.1690673828125
6.3203125,956.1761474609375
6.3359375,956.17333984375
6.3515625,956.1622924804688
6.3671875,956.1785888671875
6.3828125,956.1774291992188
6.3984375,956.1763916015625
6.4140625,956.1703491210938
6.4296875,956.1900024414062
6.4453125,956.183349609375
6.4609375,956.1909790039062
6.4765625,956.1665649414062
6.4921875,956.1830444335938
6.5078125,956.17333984375
6.5234375,956.1671752929688
6.5390625,956.1703491210938
6.5546875,956.1770629882812
6.5703125,956.177734375
6.5859375,956.1729736328125
6.6015625,956.1776123046875
6.6171875,956.1761474609375
6.6328125,956.1719360351562
6.6484375,956.1719970703125
6.6640625,956.1752319335938
6.6796875,956.1766357421875
6.6953125,956.17724609375
6.7109375,956.1780395507812
6.7265625,956.1555786132812
6.7421875,956.1749267578125
6.7578125,956.1876831054688
6.7734375,956.1723022460938
6.7890625,956.1729736328125
6.8046875,956.1803588867188
6.8203125,956.1839599609375
6.8359375,956.1699829101562
6.8515625,956.1754760742188
6.8671875,956.1770629882812
6.8828125,956.1596069335938
6.8984375,956.1738891601562
6.9140625,956.1731567382812
6.9296875,956.1661987304688
6.9453125,956.1760864257812
6.9609375,956.1754760742188
6.9765625,956.1778564453125
6.9921875,956.17333984375
7.0078125,956.1729736328125
7.0234375,956.179443359375
7.0390625,956.1839599609375
7.0546875,956.1806030273438
7.0703125,956.1771850585938
7.0859375,956.18115234375
7.1015625,956.1700439453125
7.1171875,956.1762084960938
7.1328125,956.1729736328125
7.1484375,956.173095703125
7.1640625,956.1783447265625
7.1796875,956.1826171875
7.1953125,956.177001953125
7.2109375,956.1671142578125
7.2265625,956.165771484375
7.2421875,956.1654663085938
7.2578125,956.17333984375
7.2734375,956.1713256835938
7.2890625,956.1783447265625
7.3046875,956.1728515625
7.3203125,956.191162109375
7.3359375,956.1805419921875
7.3515625,956.1777954101562
7.3671875,956.1728515625
7.3828125,956.1742553710938
7.3984375,956.1851196289062
7.4140625,956.18310546875
7.4296875,956.172607421875
7.4453125,956.18505859375
7.4609375,956.1802368164062
7.4765625,956.1834106445312
7.4921875,956.173095703125
7.5078125,956.1846923828125
7.5234375,956.1802368164062
7.5390625,956.1837158203125
7.5546875,956.177734375
7.5703125,956.1782836914062
7.5859375,956.178466796875
7.6015625,956.1676635742188
7.6171875,956.1800537109375
7.6328125,956.1700439453125
7.6484375,956.1640625
7.6640625,956.1817626953125
7.6796875,956.1593017578125
7.6953125,956.1563110351562
7.7109375,956.180419921875
7.7265625,956.192138671875
7.7421875,956.1774291992188
7.7578125,956.1753540039062
7.7734375,956.171875
7.7890625,956.173095703125
7.8046875,956.1782836914062
7.8203125,956.1795654296875
7.8359375,956.1806640625
7.8515625,956.1699829101562
7.8671875,956.1710205078125
7.8828125,956.177734375
7.8984375,956.1693725585938
7.9140625,956.1985473632812
7.9296875,956.1754760742188
7.9453125,956.1791381835938
7.9609375,956.1781005859375
7.9765625,956.1692504882812
7.9921875,956.1627807617188
8.0078125,956.1840209960938
8.0234375,956.1792602539062
8.0390625,956.1661987304688
8.0546875,956.180419921875
8.0703125,956.1770629882812
8.0859375,956.1738891601562
8.1015625,956.1826171875
8.1171875,956.1736450195312
8.1328125,956.1847534179688
8.1484375,956.1788940429688
8.1640625,956.1795654296875
8.1796875,956.1759643554688
8.1953125,956.1658935546875
8.2109375,956.1900024414062
8.2265625,956.1725463867188
8.2421875,956.1729736328125
8.2578125,956.1783447265625
8.2734375,956.1714477539062
8.2890625,956.17724609375
8.3046875,956.1820068359375
8.3203125,956.179443359375
8.3359375,956.1775512695312
8.3515625,956.16796875
8.3671875,956.1764526367188
8.3828125,956.178466796875
8.3984375,956.1699829101562
8.4140625,956.1729736328125
8.4296875,956.1786499023438
8.4453125,956.1763916015625
8.4609375,956.1869506835938
8.4765625,956.180908203125
8.4921875,956.171630859375
8.5078125,956.1768798828125
8.5234375,956.1810913085938
8.5390625,956.1791381835938
8.5546875,956.1704711914062
8.5703125,956.1859130859375
8.5859375,956.1778564453125
8.6015625,956.1778564453125
8.6171875,956.1644897460938
8.6328125,956.1805419921875
8.6484375,956.1862182617188
8.6640625,956.17333984375
8.6796875,956.1741333007812
8.6953125,956.1763916015625
8.7109375,956.1649780273438
8.7265625,956.1741333007812
8.7421875,956.1875610351562
8.7578125,956.1681518554688
8.7734375,956.1795043945312
8.7890625,956.1842041015625
8.8046875,956.192626953125
8.8203125,956.1735229492188
8.8359375,956.180419921875
8.8515625,956.178466796875
8.8671875,956.184326171875
8.8828125,956.1785888671875
8.8984375,956.1691284179688
8.9140625,956.1844482421875
8.9296875,956.1939697265625
8.9453125,956.1880493164062
8.9609375,956.1651611328125
8.9765625,956.1651611328125
8.9921875,956.1783447265625
9.0078125,956.185546875
9.0234375,956.1637573242188
9.0390625,956.165283203125
9.0546875,956.1776123046875
9.0703125,956.167724609375
9.0859375,956.1714477539062
9.1015625,956.1704711914062
9.1171875,956.1683349609375
9.1328125,956.1697998046875
9.1484375,956.1776123046875
9.1640625,956.1764526367188
9.1796875,956.1731567382812
9.1953125,956.1868286132812
9.2109375,956.1806030273438
9.2265625,956.1813354492188
9.2421875,956.1797485351562
9.2578125,956.1834716796875
9.2734375,956.17138671875
9.2890625,956.1815185546875
9.3046875,956.1751098632812
9.3203125,956.18115234375
9.3359375,956.1951293945312
9.3515625,956.1734008789062
9.3671875,956.1866455078125
9.3828125,956.1669311523438
9.3984375,956.1608276367188
9.4140625,956.1651611328125
9.4296875,956.182373046875
9.4453125,956.175537109375
9.4609375,956.1591186523438
9.4765625,956.169677734375
9.4921875,956.1884155273438
9.5078125,956.1685180664062
9.5234375,956.1751098632812
9.5390625,956.1818237304688
9.5546875,956.1691284179688
9.5703125,956.159423828125
9.5859375,956.1901245117188
9.6015625,956.1854248046875
9.6171875,956.1770629882812
9.6328125,956.1829223632812
9.6484375,956.1580810546875
9.6640625,956.1741333007812
9.6796875,956.1696166992188
9.6953125,956.17333984375
9.7109375,956.1704711914062
9.7265625,956.1703491210938
9.7421875,956.1665649414062
9.7578125,956.166015625
9.7734375,956.1780395507812
9.7890625,956.165283203125
9.8046875,956.1782836914062
9.8203125,956.165771484375
9.8359375,956.1800537109375
9.8515625,956.1761474609375
9.8671875,956.1923217773438
9.8828125,956.1708374023438
9.8984375,956.1809692382812
9.9140625,956.1665649414062
9.9296875,956.1836547851562
9.9453125,956.1849975585938
9.9609375,956.1724243164062
9.9765625,956.1776123046875
9.9921875,956.1787109375
10.0078125,956.1735229492188
10.0234375,956.1873779296875
10.0390625,956.1622314453125
10.0546875,956.1773071289062
10.0703125,956.1773071289062
10.0859375,956.1797485351562
10.1015625,956.1771850585938
10.1171875,956.1770629882812
10.1328125,956.1657104492188
10.1484375,956.1797485351562
10.1640625,956.187255859375
10.1796875,956.1730346679688
10.1953125,956.1784057617188
10.2109375,956.165283203125
10.2265625,956.1732788085938
10.2421875,956.1728515625
10.2578125,956.1812133789062
10.2734375,956.1753540039062
10.2890625,956.1669921875
10.3046875,956.1879272460938
10.3203125,956.1692504882812
10.3359375,956.16796875
10.3515625,956.1842651367188
10.3671875,956.1809692382812
10.3828125,956.1793823242188
10.3984375,956.1671752929688
10.4140625,956.1784057617188
10.4296875,956.18115234375
10.4453125,956.186279296875
10.4609375,956.1690673828125
10.4765625,956.182373046875
10.4921875,956.1799926757812
10.5078125,956.1884155273438
10.5234375,956.1663818359375
10.5390625,956.1860961914062
10.5546875,956.1654663085938
10.5703125,956.1762084960938
10.5859375,956.180908203125
10.6015625,956.1746826171875
10.6171875,956.1740112304688
10.6328125,956.1708374023438
10.6484375,956.1740112304688
10.6640625,956.1776123046875
10.6796875,956.1827392578125
10.6953125,956.1823120117188
10.7109375,956.1696166992188
10.7265625,956.1727294921875
10.7421875,956.1749267578125
10.7578125,956.1665649414062
10.7734375,956.1763916015625
10.7890625,956.1704711914062
10.8046875,956.1792602539062
10.8203125,956.1763916015625
10.8359375,956.1676635742188
10.8515625,956.169677734375
10.8671875,956.1799926757812
10.8828125,956.1664428710938
10.8984375,956.1701049804688
10.9140625,956.1724853515625
10.9296875,956.1690673828125
10.9453125,956.165283203125
10.9609375,956.16748046875
10.9765625,956.1704711914062
10.9921875,956.1636352539062
11.0078125,956.177001953125
11.0234375,956.1774291992188
11.0390625,956.1806030273438
11.0546875,956.174560546875
11.0703125,956.1734008789062
11.0859375,956.1701049804688
11.1015625,956.1748046875
11.1171875,956.174560546875
11.1328125,956.1719970703125
11.1484375,956.1744995117188
11.1640625,956.1823120117188
11.1796875,956.1806030273438
11.1953125,956.1736450195312
11.2109375,956.16748046875
11.2265625,956.1639404296875
11.2421875,956.1821899414062
11.2578125,956.1844482421875
11.2734375,956.1788940429688
11.2890625,956.1671752929688
11.3046875,956.180908203125
11.3203125,956.1770629882812
11.3359375,956.170654296875
11.3515625,956.1663208007812
11.3671875,956.1753540039062
11.3828125,956.179443359375
11.3984375,956.16162109375
11.4140625,956.1780395507812
11.4296875,956.1758422851562
11.4453125,956.1743774414062
11.4609375,956.1707763671875
11.4765625,956.1856689453125
11.4921875,956.1677856445312
11.5078125,956.1747436523438
11.5234375,956.1529541015625
11.5390625,956.1842651367188
11.5546875,956.1798095703125
11.5703125,956.1675415039062
11.5859375,956.1608276367188
11.6015625,956.1762084960938
11.6171875,956.1741943359375
11.6328125,956.1704711914062
11.6484375,956.1761474609375
11.6640625,956.1771850585938
11.6796875,956.1748046875
11.6953125,956.1716918945312
11.7109375,956.1782836914062
11.7265625,956.180419921875
11.7421875,956.177490234375
11.7578125,956.1809692382812
11.7734375,956.181640625
11.7890625,956.1597290039062
11.8046875,956.181640625
11.8203125,956.1430053710938
11.8359375,956.1798095703125
11.8515625,956.1741943359375
11.8671875,956.1803588867188
11.8828125,956.1730346679688
11.8984375,956.167236328125
11.9140625,956.1746826171875
11.9296875,956.163330078125
11.9453125,956.1602783203125
11.9609375,956.1666870117188
11.9765625,956.1683959960938
11.9921875,956.1819458007812
12.0078125,956.1676635742188
12.0234375,956.1749267578125
12.0390625,956.1774291992188
12.0546875,956.1636352539062
12.0703125,956.171875
12.0859375,956.167236328125
12.1015625,956.1735229492188
12.1171875,956.180908203125
12.1328125,956.1600341796875
12.1484375,956.17138671875
12.1640625,956.1748046875
12.1796875,956.1802368164062
12.1953125,956.1612548828125
12.2109375,956.1671752929688
12.2265625,956.171142578125
12.2421875,956.1671142578125
12.2578125,956.1677856445312
12.2734375,956.1817626953125
12.2890625,956.1680908203125
12.3046875,956.1719970703125
12.3203125,956.1753540039062
12.3359375,956.1732788085938
12.3515625,956.1680908203125
12.3671875,956.1732788085938
12.3828125,956.1777954101562
12.3984375,956.167724609375
12.4140625,956.1791381835938
12.4296875,956.1749877929688
12.4453125,956.1810913085938
12.4609375,956.1779174804688
12.4765625,956.1724853515625
12.4921875,956.16748046875
12.5078125,956.1782836914062
12.5234375,956.1875
12.5390625,956.1881103515625
12.5546875,956.1808471679688
12.5703125,956.1753540039062
12.5859375,956.17724609375
12.6015625,956.1668701171875
12.6171875,956.1881103515625
12.6328125,956.1681518554688
12.6484375,956.1732788085938
12.6640625,956.16748046875
12.6796875,956.1664428710938
12.6953125,956.1605224609375
12.7109375,956.1964721679688
12.7265625,956.1729736328125
12.7421875,956.1605834960938
12.7578125,956.1677856445312
12.7734375,956.1613159179688
12.7890625,956.1607055664062
12.8046875,956.1787109375
12.8203125,956.1881713867188
12.8359375,956.1607055664062
12.8515625,956.1708984375
12.8671875,956.180419921875
12.8828125,956.1849975585938
12.8984375,956.1778564453125
12.9140625,956.1791381835938
12.9296875,956.167236328125
12.9453125,956.1671142578125
12.9609375,956.1605834960938
12.9765625,956.1637573242188
12.9921875,956.1719970703125
13.0078125,956.1773071289062
13.0234375,956.18359375
13.0390625,956.17333984375
13.0546875,956.16796875
13.0703125,956.1881103515625
13.0859375,956.1873168945312
13.1015625,956.1675415039062
13.1171875,956.1724243164062
13.1328125,956.162109375
13.1484375,956.1605834960938
13.1640625,956.1736450195312
13.1796875,956.1607055664062
13.1953125,956.1806640625
13.2109375,956.18505859375
13.2265625,956.1680908203125
13.2421875,956.1848754882812
13.2578125,956.1532592773438
13.2734375,956.1608276367188
13.2890625,956.165283203125
13.3046875,956.167236328125
13.3203125,956.1815185546875
13.3359375,956.177001953125
13.3515625,956.1708374023438
13.3671875,956.1892700195312
13.3828125,956.1697998046875
13.3984375,956.1779174804688
13.4140625,956.1719970703125
13.4296875,956.1810913085938
13.4453125,956.171630859375
13.4609375,956.1819458007812
13.4765625,956.1812133789062
13.4921875,956.1847534179688
13.5078125,956.171142578125
13.5234375,956.1725463867188
13.5390625,956.1752319335938
13.5546875,956.1613159179688
13.5703125,956.1624755859375
13.5859375,956.1683959960938
13.6015625,956.1735229492188
13.6171875,956.1759033203125
13.6328125,956.1650390625
13.6484375,956.1688232421875
13.6640625,956.1675415039062
13.6796875,956.17138671875
13.6953125,956.1619873046875
13.7109375,956.1727294921875
13.7265625,956.1721801757812
13.7421875,956.1787109375
13.7578125,956.17724609375
13.7734375,956.1753540039062
13.7890625,956.1683959960938
13.8046875,956.1746826171875
13.8203125,956.1681518554688
13.8359375,956.1685180664062
13.8515625,956.1805419921875
13.8671875,956.1719970703125
13.8828125,956.1680297851562
13.8984375,956.180419921875
13.9140625,956.169677734375
13.9296875,956.1841430664062
13.9453125,956.169677734375
13.9609375,956.178466796875
13.9765625,956.1761474609375
13.9921875,956.1678466796875
14.0078125,956.1714477539062
14.0234375,956.1635131835938
14.0390625,956.1810913085938
14.0546875,956.1703491210938
14.0703125,956.1644897460938
14.0859375,956.1646728515625
14.1015625,956.1590576171875
14.1171875,956.1753540039062
14.1328125,956.1867065429688
14.1484375,956.1873779296875
14.1640625,956.1803588867188
14.1796875,956.1763916015625
14.1953125,956.173583984375
14.2109375,956.16552734375
14.2265625,956.1690673828125
14.2421875,956.188232421875
14.2578125,956.1607666015625
14.2734375,956.176513671875
14.2890625,956.1799926757812
14.3046875,956.1691284179688
14.3203125,956.1737060546875
14.3359375,956.1652221679688
14.3515625,956.1691284179688
14.3671875,956.1758422851562
14.3828125,956.1619873046875
14.3984375,956.1727294921875
14.4140625,956.1641845703125
14.4296875,956.1660766601562
14.4453125,956.1812133789062
14.4609375,956.1761474609375
14.4765625,956.1856689453125
14.4921875,956.1734008789062
14.5078125,956.1753540039062
14.5234375,956.1683959960938
14.5390625,956.1691284179688
14.5546875,956.1834716796875
14.5703125,956.1685791015625
14.5859375,956.1744995117188
14.6015625,956.1683959960938
14.6171875,956.1725463867188
14.6328125,956.1685791015625
14.6484375,956.1802368164062
14.6640625,956.1683959960938
14.6796875,956.1738891601562
14.6953125,956.1664428710938
14.7109375,956.1677856445312
14.7265625,956.1895141601562
14.7421875,956.1688232421875
14.7578125,956.1823120117188
14.7734375,956.1760864257812
14.7890625,956.1856689453125
14.8046875,956.1708374023438
14.8203125,956.1683959960938
14.8359375,956.1607055664062
14.8515625,956.160888671875
14.8671875,956.1625366210938
14.8828125,956.1685791015625
14.8984375,956.1672973632812
14.9140625,956.1729736328125
14.9296875,956.169677734375
14.9453125,956.1761474609375
14.9609375,956.1721801757812
14.9765625,956.1625366210938
14.9921875,956.1734008789062
15.0078125,956.1694946289062
15.0234375,956.1732788085938
15.0390625,956.1766967773438
15.0546875,956.1796875
15.0703125,956.1704711914062
15.0859375,956.1790161132812
15.1015625,956.1686401367188
15.1171875,956.1741943359375
15.1328125,956.1782836914062
15.1484375,956.1782836914062
15.1640625,956.1791381835938
15.1796875,956.1887817382812
15.1953125,956.1701049804688
15.2109375,956.1632080078125
15.2265625,956.1685791015625
15.2421875,956.1806640625
15.2578125,956.178955078125
15.2734375,956.1625366210938
15.2890625,956.1701049804688
15.3046875,956.1758422851562
15.3203125,956.1681518554688
15.3359375,956.1622924804688
15.3515625,956.1730346679688
15.3671875,956.1697998046875
15.3828125,956.1685791015625
15.3984375,956.1828002929688
15.4140625,956.1764526367188
15.4296875,956.171630859375
15.4453125,956.1685791015625
15.4609375,956.1712036132812
15.4765625,956.17333984375
15.4921875,956.1853637695312
15.5078125,956.1754760742188
15.5234375,956.1735229492188
15.5390625,956.1680908203125
15.5546875,956.1724243164062
15.5703125,956.1764526367188
15.5859375,956.1761474609375
15.6015625,956.1898803710938
15.6171875,956.1834716796875
15.6328125,956.1697998046875
15.6484375,956.1744384765625
15.6640625,956.1734008789062
15.6796875,956.1732788085938
15.6953125,956.1840209960938
15.7109375,956.1694946289062
15.7265625,956.1705322265625
15.7421875,956.1637573242188
15.7578125,956.1853637695312
15.7734375,956.169677734375
15.7890625,956.1734008789062
15.8046875,956.1748046875
15.8203125,956.1812133789062
15.8359375,956.17333984375
15.8515625,956.1805419921875
15.8671875,956.1748046875
15.8828125,956.1853637695312
15.8984375,956.1832885742188
15.9140625,956.1700439453125
15.9296875,956.180419921875
15.9453125,956.177490234375
15.9609375,956.1770629882812
15.9765625,956.1755981445312
15.9921875,956.1697998046875
16.0078125,956.1697998046875
16.0234375,956.1901245117188
16.0390625,956.1729736328125
16.0546875,956.1735229492188
16.0703125,956.1685180664062
16.0859375,956.1796875
16.1015625,956.1653442382812
16.1171875,956.1685791015625
16.1328125,956.1931762695312
16.1484375,956.1685180664062
16.1640625,956.1798095703125
16.1796875,956.1694946289062
16.1953125,956.1614379882812
16.2109375,956.1619262695312
16.2265625,956.1817626953125
16.2421875,956.180419921875
16.2578125,956.1798706054688
16.2734375,956.175048828125
16.2890625,956.1764526367188
16.3046875,956.1763916015625
16.3203125,956.181640625
16.3359375,956.1779174804688
16.3515625,956.1799926757812
16.3671875,956.1818237304688
16.3828125,956.1626586914062
16.3984375,956.1688232421875
16.4140625,956.165283203125
16.4296875,956.1873779296875
16.4453125,956.17529296875
16.4609375,956.1689453125
16.4765625,956.175537109375
16.4921875,956.1680297851562
16.5078125,956.1890258789062
16.5234375,956.1697998046875
16.5390625,956.1749267578125
16.5546875,956.1836547851562
16.5703125,956.170654296875
16.5859375,956.1697998046875
16.6015625,956.1821899414062
16.6171875,956.1741333007812
16.6328125,956.1914672851562
16.6484375,956.182373046875
16.6640625,956.1702270507812
16.6796875,956.1680297851562
16.6953125,956.17529296875
16.7109375,956.1820678710938
16.7265625,956.1802368164062
16.7421875,956.175048828125
16.7578125,956.177734375
16.7734375,956.188232421875
16.7890625,956.1632080078125
16.8046875,956.1823120117188
16.8203125,956.1793823242188
16.8359375,956.1629638671875
16.8515625,956.1805419921875
16.8671875,956.1702880859375
16.8828125,956.1707763671875
16.8984375,956.1701049804688
16.9140625,956.1809692382812
16.9296875,956.169677734375
16.9453125,956.1800537109375
16.9609375,956.1761474609375
16.9765625,956.1701049804688
16.9921875,956.1612548828125
17.0078125,956.1727905273438
17.0234375,956.1736450195312
17.0390625,956.1817016601562
17.0546875,956.1719970703125
17.0703125,956.1755981445312
17.0859375,956.16796875
17.1015625,956.1849975585938
17.1171875,956.1629638671875
17.1328125,956.1759643554688
17.1484375,956.1775512695312
17.1640625,956.1823120117188
17.1796875,956.1781005859375
17.1953125,956.1632690429688
17.2109375,956.1822509765625
17.2265625,956.1748046875
17.2421875,956.1658325195312
17.2578125,956.1787109375
17.2734375,956.1703491210938
17.2890625,956.17333984375
17.3046875,956.17724609375
17.3203125,956.1697387695312
17.3359375,956.1625366210938
17.3515625,956.1705322265625
17.3671875,956.163818359375
17.3828125,956.1576538085938
17.3984375,956.1817016601562
17.4140625,956.1753540039062
17.4296875,956.1878662109375
17.4453125,956.1841430664062
17.4609375,956.1674194335938
17.4765625,956.171142578125
17.4921875,956.1752319335938
17.5078125,956.180419921875
17.5234375,956.1778564453125
17.5390625,956.1683349609375
17.5546875,956.1701049804688
17.5703125,956.1708374023438
17.5859375,956.1848754882812
17.6015625,956.171142578125
17.6171875,956.1640625
17.6328125,956.1701049804688
17.6484375,956.1565551757812
17.6640625,956.1599731445312
17.6796875,956.1640625
17.6953125,956.173095703125
17.7109375,956.166748046875
17.7265625,956.1846923828125
17.7421875,956.1779174804688
17.7578125,956.1848754882812
17.7734375,956.1783447265625
17.7890625,956.1638793945312
17.8046875,956.1813354492188
17.8203125,956.1674194335938
17.8359375,956.1832885742188
17.8515625,956.1719970703125
17.8671875,956.1878051757812
17.8828125,956.173583984375
17.8984375,956.171142578125
17.9140625,956.1760864257812
17.9296875,956.173583984375
17.9453125,956.1732788085938
17.9609375,956.169189453125
17.9765625,956.1685791015625
17.9921875,956.1627197265625
18.0078125,956.1787109375
18.0234375,956.162841796875
18.0390625,956.1739501953125
18.0546875,956.1906127929688
18.0703125,956.1702880859375
18.0859375,956.1814575195312
18.1015625,956.17724609375
18.1171875,956.1702880859375
18.1328125,956.1771850585938
18.1484375,956.1689453125
18.1640625,956.1730346679688
18.1796875,956.1832885742188
18.1953125,956.1749267578125
18.2109375,956.1644897460938
18.2265625,956.166748046875
18.2421875,956.1737060546875
18.2578125,956.1919555664062
18.2734375,956.1701049804688
18.2890625,956.177001953125
18.3046875,956.1861572265625
18.3203125,956.1898193359375
18.3359375,956.1702880859375
18.3515625,956.1671142578125
18.3671875,956.1701049804688
18.3828125,956.1827392578125
18.3984375,956.1637573242188
18.4140625,956.1826171875
18.4296875,956.1753540039062
18.4453125,956.1640625
18.4609375,956.1708984375
18.4765625,956.1715698242188
18.4921875,956.1712036132812
18.5078125,956.1823120117188
18.5234375,956.1917114257812
18.5390625,956.1704711914062
18.5546875,956.1825561523438
18.5703125,956.158203125
18.5859375,956.1724243164062
18.6015625,956.180908203125
18.6171875,956.1817016601562
18.6328125,956.1669311523438
18.6484375,956.1700439453125
18.6640625,956.1787109375
18.6796875,956.1758422851562
18.6953125,956.1761474609375
18.7109375,956.1688232421875
18.7265625,956.1742553710938
18.7421875,956.165283203125
18.7578125,956.1708374023438
18.7734375,956.1743774414062
18.7890625,956.1640625
18.8046875,956.1714477539062
18.8203125,956.1805419921875
18.8359375,956.1646118164062
18.8515625,956.1758422851562
18.8671875,956.1786499023438
18.8828125,956.1714477539062
18.8984375,956.1644287109375
18.9140625,956.1829223632812
18.9296875,956.1781616210938
18.9453125,956.1708374023438
18.9609375,956.188720703125
18.9765625,956.1822509765625
18.9921875,956.1791381835938
19.0078125,956.179443359375
19.0234375,956.1820068359375
19.0390625,956.1641235351562
19.0546875,956.1837768554688
19.0703125,956.1730346679688
19.0859375,956.173095703125
19.1015625,956.16796875
19.1171875,956.178955078125
19.1328125,956.1787109375
19.1484375,956.1856689453125
19.1640625,956.188720703125
19.1796875,956.1815185546875
19.1953125,956.1786499023438
19.2109375,956.1885986328125
19.2265625,956.181640625
19.2421875,956.1719970703125
19.2578125,956.1752319335938
19.2734375,956.1824951171875
19.2890625,956.1590576171875
19.3046875,956.1826171875
19.3203125,956.1829223632812
19.3359375,956.1821899414062
19.3515625,956.171875
19.3671875,956.1646118164062
19.3828125,956.1758422851562
19.3984375,956.1825561523438
19.4140625,956.1768798828125
19.4296875,956.1689453125
19.4453125,956.1838989257812
19.4609375,956.1647338867188
19.4765625,956.1652221679688
19.4921875,956.1727905273438
19.5078125,956.1845092773438
19.5234375,956.1766967773438
19.5390625,956.1658935546875
19.5546875,956.1741333007812
19.5703125,956.178955078125
19.5859375,956.185546875
19.6015625,956.193115234375
19.6171875,956.1663818359375
19.6328125,956.18310546875
19.6484375,956.1758422851562
19.6640625,956.1730346679688
19.6796875,956.1884765625
19.6953125,956.1784057617188
19.7109375,956.1741333007812
19.7265625,956.1775512695312
19.7421875,956.185546875
19.7578125,956.1777954101562
19.7734375,956.1901245117188
19.7890625,956.1762084960938
19.8046875,956.1657104492188
19.8203125,956.1664428710938
19.8359375,956.1785888671875
19.8515625,956.1769409179688
19.8671875,956.1692504882812
19.8828125,956.185302734375
19.8984375,956.17333984375
19.9140625,956.1864013671875
19.9296875,956.1841430664062
19.9453125,956.1737060546875
19.9609375,956.1799926757812
19.9765625,956.1727905273438
19.9921875,956.17724609375
20.0078125,956.1862182617188
20.0234375,956.173583984375
20.0390625,956.1806640625
20.0546875,956.16796875
20.0703125,956.1926879882812
20.0859375,956.1762084960938
20.1015625,956.1699829101562
20.1171875,956.1793823242188
20.1328125,956.1703491210938
20.1484375,956.17333984375
20.1640625,956.1658325195312
20.1796875,956.1775512695312
20.1953125,956.1795654296875
20.2109375,956.1658935546875
20.2265625,956.1837158203125
20.2421875,956.1861572265625
20.2578125,956.1768798828125
20.2734375,956.1712036132812
20.2890625,956.1720581054688
20.3046875,956.1663818359375
20.3203125,956.1740112304688
20.3359375,956.1805419921875
20.3515625,956.1832885742188
20.3671875,956.173583984375
20.3828125,956.1807861328125
20.3984375,956.1704711914062
20.4140625,956.1869506835938
20.4296875,956.1857299804688
20.4453125,956.1942749023438
20.4609375,956.162841796875
20.4765625,956.17333984375
20.4921875,956.1887817382812
20.5078125,956.1602172851562
20.5234375,956.166748046875
20.5390625,956.173095703125
20.5546875,956.182861328125
20.5703125,956.1786499023438
20.5859375,956.1748046875
20.6015625,956.185546875
20.6171875,956.1796875
20.6328125,956.168701171875
20.6484375,956.1798706054688
20.6640625,956.1666259765625
20.6796875,956.1795043945312
20.6953125,956.1735229492188
20.7109375,956.1787109375
20.7265625,956.1680297851562
20.7421875,956.1691284179688
20.7578125,956.1702880859375
20.7734375,956.1915283203125
20.7890625,956.1822509765625
20.8046875,956.1787109375
20.8203125,956.1737060546875
20.8359375,956.1749267578125
20.8515625,956.1799926757812
20.8671875,956.1806030273438
20.8828125,956.1885986328125
20.8984375,956.1627807617188
20.9140625,956.1602783203125
20.9296875,956.17333984375
20.9453125,956.1699829101562
20.9609375,956.1658935546875
20.9765625,956.1801147460938
20.9921875,956.173583984375
21.0078125,956.1685180664062
21.0234375,956.1771850585938
21.0390625,956.1728515625
21.0546875,956.178466796875
21.0703125,956.1739501953125
21.0859375,956.1878662109375
21.1015625,956.1793823242188
21.1171875,956.1786499023438
21.1328125,956.1723022460938
21.1484375,956.16552734375
21.1640625,956.17724609375
21.1796875,956.1875
21.1953125,956.1802978515625
21.2109375,956.1766967773438
21.2265625,956.1800537109375
21.2421875,956.18310546875
21.2578125,956.1641235351562
21.2734375,956.1777954101562
21.2890625,956.1812133789062
21.3046875,956.1768798828125
21.3203125,956.1715698242188
21.3359375,956.1593017578125
21.3515625,956.17333984375
21.3671875,956.1762084960938
21.3828125,956.18701171875
21.3984375,956.1739501953125
21.4140625,956.17333984375
21.4296875,956.1669311523438
21.4453125,956.17333984375
21.4609375,956.1646118164062
21.4765625,956.1591186523438
21.4921875,956.1787109375
21.5078125,956.1819458007812
21.5234375,956.1841430664062
21.5390625,956.1934814453125
21.5546875,956.1766357421875
21.5703125,956.1669921875
21.5859375,956.1664428710938
21.6015625,956.1692504882812
21.6171875,956.1915893554688
21.6328125,956.1870727539062
21.6484375,956.17529296875
21.6640625,956.1717529296875
21.6796875,956.1710815429688
21.6953125,956.177490234375
21.7109375,956.1672973632812
21.7265625,956.1666259765625
21.7421875,956.173583984375
21.7578125,956.1635131835938
21.7734375,956.1699829101562
21.7890625,956.1653442382812
21.8046875,956.185302734375
21.8203125,956.1705932617188
21.8359375,956.1632690429688
21.8515625,956.1766357421875
21.8671875,956.173828125
21.8828125,956.1729736328125
21.8984375,956.167724609375
21.9140625,956.1742553710938
21.9296875,956.1665649414062
21.9453125,956.166015625
21.9609375,956.1741943359375
21.9765625,956.1742553710938
21.9921875,956.1819458007812
22.0078125,956.1876831054688
22.0234375,956.160888671875
22.0390625,956.1734008789062
22.0546875,956.1671142578125
22.0703125,956.1746826171875
22.0859375,956.1817016601562
22.1015625,956.174560546875
22.1171875,956.178466796875
22.1328125,956.186767578125
22.1484375,956.1817016601562
22.1640625,956.1777954101562
22.1796875,956.1802978515625
22.1953125,956.1837158203125
22.2109375,956.1779174804688
22.2265625,956.1847534179688
22.2421875,956.173095703125
22.2578125,956.1736450195312
22.2734375,956.1919555664062
22.2890625,956.1809692382812
22.3046875,956.1777954101562
22.3203125,956.188232421875
22.3359375,956.1842041015625
22.3515625,956.1847534179688
22.3671875,956.1818237304688
22.3828125,956.1819458007812
22.3984375,956.1744384765625
22.4140625,956.1610107421875
22.4296875,956.1881713867188
22.4453125,956.1909790039062
22.4609375,956.1661376953125
22.4765625,956.1680297851562
22.4921875,956.2006225585938
22.5078125,956.1685180664062
22.5234375,956.1756591796875
22.5390625,956.171142578125
22.5546875,956.1848754882812
22.5703125,956.1861572265625
22.5859375,956.1678466796875
22.6015625,956.1781005859375
22.6171875,956.1778564453125
22.6328125,956.1723022460938
22.6484375,956.1813354492188
22.6640625,956.175048828125
22.6796875,956.1686401367188
22.6953125,956.1694946289062
22.7109375,956.1742553710938
22.7265625,956.1856079101562
22.7421875,956.1788330078125
22.7578125,956.1800537109375
22.7734375,956.1571044921875
22.7890625,956.1875
22.8046875,956.1742553710938
22.8203125,956.175537109375
22.8359375,956.1810913085938
22.8515625,956.1618041992188
22.8671875,956.1749267578125
22.8828125,956.1747436523438
22.8984375,956.1666259765625
22.9140625,956.1812133789062
22.9296875,956.1749877929688
22.9453125,956.1690673828125
22.9609375,956.1680908203125
22.9765625,956.1875
22.9921875,956.1749877929688
23.0078125,956.1844482421875
23.0234375,956.171630859375
23.0390625,956.1690673828125
23.0546875,956.1729736328125
23.0703125,956.167236328125
23.0859375,956.16748046875
23.1015625,956.1652221679688
23.1171875,956.1699829101562
23.1328125,956.1661376953125
23.1484375,956.1870727539062
23.1640625,956.1737060546875
23.1796875,956.1743774414062
23.1953125,956.173583984375
23.2109375,956.1737060546875
23.2265625,956.1674194335938
23.2421875,956.1769409179688
23.2578125,956.1870727539062
23.2734375,956.1697387695312
23.2890625,956.1728515625
23.3046875,956.1777954101562
23.3203125,956.166015625
23.3359375,956.1766357421875
23.3515625,956.1739501953125
23.3671875,956.1742553710938
23.3828125,956.1677856445312
23.3984375,956.1739501953125
23.4140625,956.1803588867188
23.4296875,956.1818237304688
23.4453125,956.1784057617188
23.4609375,956.1778564453125
23.4765625,956.1742553710938
23.4921875,956.1762084960938
23.5078125,956.1663208007812
23.5234375,956.1682739257812
23.5390625,956.1928100585938
23.5546875,956.1676635742188
23.5703125,956.1936645507812
23.5859375,956.1640625
23.6015625,956.174560546875
23.6171875,956.19482421875
23.6328125,956.1669311523438
23.6484375,956.1785888671875
23.6640625,956.1759033203125
23.6796875,956.1607666015625
23.6953125,956.1881713867188
23.7109375,956.1663208007812
23.7265625,956.1710815429688
23.7421875,956.1752319335938
23.7578125,956.1837158203125
23.7734375,956.1775512695312
23.7890625,956.1870727539062
23.8046875,956.1875
23.8203125,956.1842041015625
23.8359375,956.1730346679688
23.8515625,956.1744384765625
23.8671875,956.1759643554688
23.8828125,956.1701049804688
23.8984375,956.177490234375
23.9140625,956.1806030273438
23.9296875,956.1712036132812
23.9453125,956.1845092773438
23.9609375,956.17333984375
23.9765625,956.177734375
23.9921875,956.173095703125
24.0078125,956.1887817382812
24.0234375,956.1896362304688
24.0390625,956.1671142578125
24.0546875,956.1741943359375
24.0703125,956.1788940429688
24.0859375,956.1743774414062
24.1015625,956.1788330078125
24.1171875,956.1746826171875
24.1328125,956.1686401367188
24.1484375,956.1680297851562
24.1640625,956.1613159179688
24.1796875,956.1876831054688
24.1953125,956.175048828125
24.2109375,956.1777954101562
24.2265625,956.174560546875
24.2421875,956.16748046875
24.2578125,956.181396484375
24.2734375,956.1775512695312
24.2890625,956.1752319335938
24.3046875,956.1869506835938
24.3203125,956.1825561523438
24.3359375,956.18115234375
24.3515625,956.1741943359375
24.3671875,956.1822509765625
24.3828125,956.1834106445312
24.3984375,956.1823120117188
24.4140625,956.1641845703125
24.4296875,956.167724609375
24.4453125,956.1813354492188
24.4609375,956.1610107421875
24.4765625,956.1660766601562
24.4921875,956.1815185546875
24.5078125,956.175537109375
24.5234375,956.1900024414062
24.5390625,956.1622314453125
24.5546875,956.185546875
24.5703125,956.175048828125
24.5859375,956.1741943359375
24.6015625,956.1654663085938
24.6171875,956.1722412109375
24.6328125,956.175048828125
24.6484375,956.1732788085938
24.6640625,956.1682739257812
24.6796875,956.1810913085938
24.6953125,956.1848754882812
24.7109375,956.1749877929688
24.7265625,956.1834716796875
24.7421875,956.1640625
24.7578125,956.1685180664062
24.7734375,956.1692504882812
24.7890625,956.1616821289062
24.8046875,956.1747436523438
24.8203125,956.17529296875
24.8359375,956.1864624023438
24.8515625,956.1747436523438
24.8671875,956.1777954101562
24.8828125,956.1676635742188
24.8984375,956.1602172851562
24.9140625,956.1856689453125
24.9296875,956.175537109375
24.9453125,956.18115234375
24.9609375,956.1798706054688
24.9765625,956.1727294921875
24.9921875,956.176513671875
25.0078125,956.1756591796875
25.0234375,956.19091796875
25.0390625,956.1832885742188
25.0546875,956.1704711914062
25.0703125,956.1614379882812
25.0859375,956.1798706054688
25.1015625,956.1742553710938
25.1171875,956.162109375
25.1328125,956.1724243164062
25.1484375,956.182373046875
25.1640625,956.1683959960938
25.1796875,956.1813354492188
25.1953125,956.17529296875
25.2109375,956.18359375
25.2265625,956.1683959960938
25.2421875,956.174560546875
25.2578125,956.1754760742188
25.2734375,956.1842651367188
25.2890625,956.1692504882812
25.3046875,956.1683349609375
25.3203125,956.1847534179688
25.3359375,956.1759643554688
25.3515625,956.17578125
25.3671875,956.1686401367188
25.3828125,956.1790161132812
25.3984375,956.1676635742188
25.4140625,956.1666259765625
25.4296875,956.1717529296875
25.4453125,956.17919921875
25.4609375,956.1756591796875
25.4765625,956.1692504882812
25.4921875,956.1657104492188
25.5078125,956.181640625
25.5234375,956.1748046875
25.5390625,956.1678466796875
25.5546875,956.1810913085938
25.5703125,956.1762084960938
25.5859375,956.1764526367188
25.6015625,956.1682739257812
25.6171875,956.1744384765625
25.6328125,956.186767578125
25.6484375,956.1785888671875
25.6640625,956.1812133789062
25.6796875,956.1791381835938
25.6953125,956.1776123046875
25.7109375,956.1774291992188
25.7265625,956.180419921875
25.7421875,956.1665649414062
25.7578125,956.1817016601562
25.7734375,956.1689453125
25.7890625,956.1700439453125
25.8046875,956.1686401367188
25.8203125,956.1817626953125
25.8359375,956.1616821289062
25.8515625,956.1613159179688
25.8671875,956.1683959960938
25.8828125,956.1893310546875
25.8984375,956.1767578125
25.9140625,956.1691284179688
25.9296875,956.1766357421875
25.9453125,956.1741943359375
25.9609375,956.1766967773438
25.9765625,956.173828125
25.9921875,956.1856689453125
26.0078125,956.177001953125
26.0234375,956.1845703125
26.0390625,956.1688842773438
26.0546875,956.1812133789062
26.0703125,956.1776123046875
26.0859375,956.1759033203125
26.1015625,956.1690673828125
26.1171875,956.1762084960938
26.1328125,956.1724243164062
26.1484375,956.1788330078125
26.1640625,956.1769409179688
26.1796875,956.1822509765625
26.1953125,956.1829223632812
26.2109375,956.1886596679688
26.2265625,956.1692504882812
26.2421875,956.1774291992188
26.2578125,956.1773071289062
26.2734375,956.175537109375
26.2890625,956.1693725585938
26.3046875,956.1683349609375
26.3203125,956.1630859375
26.3359375,956.177001953125
26.3515625,956.1848754882812
26.3671875,956.177490234375
26.3828125,956.180419921875
26.3984375,956.1619873046875
26.4140625,956.180908203125
26.4296875,956.184326171875
26.4453125,956.1708984375
26.4609375,956.1778564453125
26.4765625,956.1764526367188
26.4921875,956.1837158203125
26.5078125,956.16357421875
26.5234375,956.1812133789062
26.5390625,956.1705322265625
26.5546875,956.1825561523438
26.5703125,956.1865234375
26.5859375,956.1831665039062
26.6015625,956.1691284179688
26.6171875,956.1744384765625
26.6328125,956.1693725585938
26.6484375,956.1697387695312
26.6640625,956.1766967773438
26.6796875,956.1768798828125
26.6953125,956.1777954101562
26.7109375,956.1708374023438
26.7265625,956.1699829101562
26.7421875,956.1783447265625
26.7578125,956.1837158203125
26.7734375,956.1702880859375
26.7890625,956.1749877929688
26.8046875,956.1703491210938
26.8203125,956.1776123046875
26.8359375,956.1739501953125
26.8515625,956.1641235351562
26.8671875,956.169189453125
26.8828125,956.191162109375
26.8984375,956.1839599609375
26.9140625,956.1696166992188
26.9296875,956.1755981445312
26.9453125,956.1692504882812
26.9609375,956.1832885742188
26.9765625,956.169921875
26.9921875,956.1663818359375
27.0078125,956.1626586914062
27.0234375,956.1792602539062
27.0390625,956.1814575195312
27.0546875,956.1777954101562
27.0703125,956.1908569335938
27.0859375,956.1633911132812
27.1015625,956.184326171875
27.1171875,956.1767578125
27.1328125,956.1769409179688
27.1484375,956.1797485351562
27.1640625,956.1782836914062
27.1796875,956.1708984375
27.1953125,956.169189453125
27.2109375,956.1781616210938
27.2265625,956.1768798828125
27.2421875,956.1845703125
27.2578125,956.175048828125
27.2734375,956.1905517578125
27.2890625,956.1735229492188
27.3046875,956.184814453125
27.3203125,956.1802368164062
27.3359375,956.1774291992188
27.3515625,956.1786499023438
27.3671875,956.1642456054688
27.3828125,956.1976928710938
27.3984375,956.1868286132812
27.4140625,956.1849975585938
27.4296875,956.1832885742188
27.4453125,956.1767578125
27.4609375,956.1805419921875
27.4765625,956.1829223632812
27.4921875,956.1775512695312
27.5078125,956.1755981445312
27.5234375,956.1632690429688
27.5390625,956.1778564453125
27.5546875,956.1820068359375
27.5703125,956.1832885742188
27.5859375,956.169921875
27.6015625,956.1896362304688
27.6171875,956.183349609375
27.6328125,956.169921875
27.6484375,956.175048828125
27.6640625,956.169189453125
27.6796875,956.1773071289062
27.6953125,956.1771850585938
27.7109375,956.1807861328125
27.7265625,956.1702880859375
27.7421875,956.1956787109375
27.7578125,956.1856079101562
27.7734375,956.1845703125
27.7890625,956.1721801757812
27.8046875,956.1712036132812
27.8203125,956.1883544921875
27.8359375,956.1646728515625
27.8515625,956.17578125
27.8671875,956.1775512695312
27.8828125,956.1845092773438
27.8984375,956.1766967773438
27.9140625,956.1759643554688
27.9296875,956.19873046875
27.9453125,956.177001953125
27.9609375,956.1824951171875
27.9765625,956.1762084960938
27.9921875,956.1848754882812
28.0078125,956.1703491210938
28.0234375,956.1822509765625
28.0390625,956.1678466796875
28.0546875,956.1768798828125
28.0703125,956.1644287109375
28.0859375,956.1773071289062
28.1015625,956.1779174804688
28.1171875,956.1740112304688
28.1328125,956.180419921875
28.1484375,956.1712036132812
28.1640625,956.1806030273438
28.1796875,956.1778564453125
28.1953125,956.1692504882812
28.2109375,956.1832885742188
28.2265625,956.1707763671875
28.2421875,956.1848754882812
28.2578125,956.1773071289062
28.2734375,956.1830444335938
28.2890625,956.1848754882812
28.3046875,956.1680908203125
28.3203125,956.1641845703125
28.3359375,956.1782836914062
28.3515625,956.19091796875
28.3671875,956.178466796875
28.3828125,956.1848754882812
28.3984375,956.1693725585938
28.4140625,956.1803588867188
28.4296875,956.1680297851562
28.4453125,956.1699829101562
28.4609375,956.1767578125
28.4765625,956.180419921875
28.4921875,956.1777954101562
28.5078125,956.1817626953125
28.5234375,956.181640625
28.5390625,956.1630249023438
28.5546875,956.175048828125
28.5703125,956.1771850585938
28.5859375,956.1646728515625
28.6015625,956.1691284179688
28.6171875,956.1806030273438
28.6328125,956.1808471679688
28.6484375,956.1703491210938
28.6640625,956.184326171875
28.6796875,956.169677734375
28.6953125,956.1762084960938
28.7109375,956.168701171875
28.7265625,956.1649169921875
28.7421875,956.1763305664062
28.7578125,956.1702270507812
28.7734375,956.1869506835938
28.7890625,956.1829223632812
28.8046875,956.1785888671875
28.8203125,956.184326171875
28.8359375,956.1780395507812
28.8515625,956.1819458007812
28.8671875,956.1946411132812
28.8828125,956.183349609375
28.8984375,956.1677856445312
28.9140625,956.1680297851562
28.9296875,956.1683349609375
28.9453125,956.1822509765625
28.9609375,956.1643676757812
28.9765625,956.1708374023438
28.9921875,956.184326171875
29.0078125,956.1744384765625
29.0234375,956.1649780273438
29.0390625,956.184814453125
29.0546875,956.185546875
29.0703125,956.1842041015625
29.0859375,956.16015625
29.1015625,956.1791381835938
29.1171875,956.183349609375
29.1328125,956.1755981445312
29.1484375,956.1818237304688
29.1640625,956.181640625
29.1796875,956.1741943359375
29.1953125,956.1859130859375
29.2109375,956.1602172851562
29.2265625,956.1708374023438
29.2421875,956.1705322265625
29.2578125,956.1837158203125
29.2734375,956.184326171875
29.2890625,956.173828125
29.3046875,956.1851196289062
29.3203125,956.1704711914062
29.3359375,956.1956176757812
29.3515625,956.1741333007812
29.3671875,956.1785888671875
29.3828125,956.1683959960938
29.3984375,956.1713256835938
29.4140625,956.1906127929688
29.4296875,956.1784057617188
29.4453125,956.1845703125
29.4609375,956.1859130859375
29.4765625,956.1779174804688
29.4921875,956.1678466796875
29.5078125,956.1767578125
29.5234375,956.1918334960938
29.5390625,956.184326171875
29.5546875,956.1806030273438
29.5703125,956.170654296875
29.5859375,956.1678466796875
29.6015625,956.1797485351562
29.6171875,956.1784057617188
29.6328125,956.1646118164062
29.6484375,956.1736450195312
29.6640625,956.1715698242188
29.6796875,956.1869506835938
29.6953125,956.1754760742188
29.7109375,956.184326171875
29.7265625,956.1856689453125
29.7421875,956.1749877929688
29.7578125,956.1787109375
29.7734375,956.1633911132812
29.7890625,956.1721801757812
29.8046875,956.1825561523438
29.8203125,956.1799926757812
29.8359375,956.177490234375
29.8515625,956.1869506835938
29.8671875,956.1790161132812
29.8828125,956.1697387695312
29.8984375,956.1845703125
29.9140625,956.1778564453125
29.9296875,956.1763305664062
29.9453125,956.1793823242188
29.9609375,956.1774291992188
29.9765625,956.1784057617188
29.9921875,956.167724609375
30.0078125,956.18115234375
30.0234375,956.16796875
30.0390625,956.1856079101562
30.0546875,956.1680908203125
30.0703125,956.1611328125
30.0859375,956.171630859375
30.1015625,956.1856079101562
30.1171875,956.1793823242188
30.1328125,956.1722412109375
30.1484375,956.1608276367188
30.1640625,956.1627197265625
30.1796875,956.1856079101562
30.1953125,956.1661987304688
30.2109375,956.1719970703125
30.2265625,956.1690673828125
30.2421875,956.18359375
30.2578125,956.1730346679688
30.2734375,956.1831665039062
30.2890625,956.2003784179688
30.3046875,956.17919921875
30.3203125,956.1723022460938
30.3359375,956.1731567382812
30.3515625,956.1735229492188
30.3671875,956.1859130859375
30.3828125,956.1725463867188
30.3984375,956.1722412109375
30.4140625,956.1856079101562
30.4296875,956.1708984375
30.4453125,956.1715698242188
30.4609375,956.1773071289062
30.4765625,956.178466796875
30.4921875,956.1790161132812
30.5078125,956.1766967773438
30.5234375,956.1800537109375
30.5390625,956.19287109375
30.5546875,956.1798706054688
30.5703125,956.1781616210938
30.5859375,956.1836547851562
30.6015625,956.185546875
30.6171875,956.1702270507812
30.6328125,956.1674194335938
30.6484375,956.1809692382812
30.6640625,956.1702880859375
30.6796875,956.1749877929688
30.6953125,956.1702270507812
30.7109375,956.173583984375
30.7265625,956.169921875
30.7421875,956.1697998046875
30.7578125,956.1722412109375
30.7734375,956.1801147460938
30.7890625,956.1798095703125
30.8046875,956.1680908203125
30.8203125,956.1864624023438
30.8359375,956.1859130859375
30.8515625,956.1797485351562
30.8671875,956.1836547851562
30.8828125,956.169677734375
30.8984375,956.1635131835938
30.9140625,956.1583251953125
30.9296875,956.164794921875
30.9453125,956.1798706054688
30.9609375,956.1730346679688
30.9765625,956.1831665039062
30.9921875,956.1725463867188
31.0078125,956.1746826171875
31.0234375,956.1721801757812
31.0390625,956.1702270507812
31.0546875,956.1796875
31.0703125,956.1627197265625
31.0859375,956.1622314453125
31.1015625,956.1715698242188
31.1171875,956.1749267578125
31.1328125,956.1853637695312
31.1484375,956.1996459960938
31.1640625,956.1703491210938
31.1796875,956.1747436523438
31.1953125,956.1798706054688
31.2109375,956.1740112304688
31.2265625,956.1721801757812
31.2421875,956.1699829101562
31.2578125,956.188720703125
31.2734375,956.1688232421875
31.2890625,956.1790161132812
31.3046875,956.1770629882812
31.3203125,956.1827392578125
31.3359375,956.1865234375
31.3515625,956.1820678710938
31.3671875,956.1686401367188
31.3828125,956.1677856445312
31.3984375,956.1727905273438
31.4140625,956.17724609375
31.4296875,956.1688232421875
31.4453125,956.1705932617188
31.4609375,956.1739501953125
31.4765625,956.1793823242188
31.4921875,956.1922607421875
31.5078125,956.1799926757812
31.5234375,956.1749877929688
31.5390625,956.1781616210938
31.5546875,956.169677734375
31.5703125,956.1721801757812
31.5859375,956.1746826171875
31.6015625,956.1719360351562
31.6171875,956.1737060546875
31.6328125,956.1722412109375
31.6484375,956.1719970703125
31.6640625,956.1722412109375
31.6796875,956.1710815429688
31.6953125,956.171875
31.7109375,956.17724609375
31.7265625,956.1719360351562
31.7421875,956.1705932617188
31.7578125,956.17578125
31.7734375,956.1829223632812
31.7890625,956.1722412109375
31.8046875,956.1767578125
31.8203125,956.1878051757812
31.8359375,956.1759033203125
31.8515625,956.1668701171875
31.8671875,956.1730346679688
31.8828125,956.1724853515625
31.8984375,956.1641235351562
31.9140625,956.161865234375
31.9296875,956.1786499023438
31.9453125,956.1743774414062
31.9609375,956.1995239257812
31.9765625,956.1724243164062
31.9921875,956.1871948242188
32.0078125,956.1649780273438
32.0234375,956.1734008789062
32.0390625,956.1710205078125
32.0546875,956.166748046875
32.0703125,956.1744384765625
32.0859375,956.18115234375
32.1015625,956.1774291992188
32.1171875,956.169677734375
32.1328125,956.1632690429688
32.1484375,956.1818237304688
32.1640625,956.1561279296875
32.1796875,956.1741333007812
32.1953125,956.177001953125
32.2109375,956.1764526367188
32.2265625,956.1797485351562
32.2421875,956.1820678710938
32.2578125,956.1722412109375
32.2734375,956.1763305664062
32.2890625,956.1683959960938
32.3046875,956.1607666015625
32.3203125,956.1672973632812
32.3359375,956.1674194335938
32.3515625,956.1746826171875
32.3671875,956.1729736328125
32.3828125,956.1725463867188
32.3984375,956.1533203125
32.4140625,956.1721801757812
32.4296875,956.1688842773438
32.4453125,956.1722412109375
32.4609375,956.1650390625
32.4765625,956.1806030273438
32.4921875,956.17724609375
32.5078125,956.1788330078125
32.5234375,956.1700439453125
32.5390625,956.1712036132812
32.5546875,956.1793823242188
32.5703125,956.1795654296875
32.5859375,956.173828125
32.6015625,956.1767578125
32.6171875,956.1746826171875
32.6328125,956.178466796875
32.6484375,956.18115234375
32.6640625,956.1762084960938
32.6796875,956.1702270507812
32.6953125,956.1829223632812
32.7109375,956.1776123046875
32.7265625,956.15966796875
32.7421875,956.1870727539062
32.7578125,956.1793823242188
32.7734375,956.1614379882812
32.7890625,956.1714477539062
32.8046875,956.1853637695312
32.8203125,956.1739501953125
32.8359375,956.1725463867188
32.8515625,956.16748046875
32.8671875,956.1753540039062
32.8828125,956.1677856445312
32.8984375,956.1641235351562
32.9140625,956.1729736328125
32.9296875,956.1820068359375
32.9453125,956.1560668945312
32.9609375,956.1779174804688
32.9765625,956.1727905273438
32.9921875,956.1775512695312
33.0078125,956.1677856445312
33.0234375,956.18115234375
33.0390625,956.1690673828125
33.0546875,956.173583984375
33.0703125,956.170654296875
33.0859375,956.1799926757812
33.1015625,956.1809692382812
33.1171875,956.1856079101562
33.1328125,956.1729736328125
33.1484375,956.177734375
33.1640625,956.1779174804688
33.1796875,956.1777954101562
33.1953125,956.172607421875
33.2109375,956.1683959960938
33.2265625,956.1754760742188
33.2421875,956.1734008789062
33.2578125,956.1715698242188
33.2734375,956.1769409179688
33.2890625,956.1736450195312
33.3046875,956.1740112304688
33.3203125,956.1743774414062
33.3359375,956.1603393554688
33.3515625,956.185302734375
33.3671875,956.1674194335938
33.3828125,956.17578125
33.3984375,956.1926879882812
33.4140625,956.175048828125
33.4296875,956.17138671875
33.4453125,956.1714477539062
33.4609375,956.1864624023438
33.4765625,956.1856689453125
33.4921875,956.1878662109375
33.5078125,956.1729736328125
33.5234375,956.17919921875
33.5390625,956.1780395507812
33.5546875,956.1781616210938
33.5703125,956.1830444335938
33.5859375,956.1717529296875
33.6015625,956.177490234375
33.6171875,956.173828125
33.6328125,956.183349609375
33.6484375,956.1858520507812
33.6640625,956.1748046875
33.6796875,956.1806640625
33.6953125,956.1734008789062
33.7109375,956.170654296875
33.7265625,956.1742553710938
33.7421875,956.1795043945312
33.7578125,956.1777954101562
33.7734375,956.17919921875
33.7890625,956.1741943359375
33.8046875,956.1724243164062
33.8203125,956.1731567382812
33.8359375,956.1685180664062
33.8515625,956.1783447265625
33.8671875,956.1795654296875
33.8828125,956.1583862304688
33.8984375,956.1814575195312
33.9140625,956.1897583007812
33.9296875,956.174560546875
33.9453125,956.1801147460938
33.9609375,956.1580810546875
33.9765625,956.1724243164062
33.9921875,956.1746826171875
34.0078125,956.17724609375
34.0234375,956.18359375
34.0390625,956.162841796875
34.0546875,956.1605834960938
34.0703125,956.1784057617188
34.0859375,956.182373046875
34.1015625,956.1806030273438
34.1171875,956.1622314453125
34.1328125,956.1663818359375
34.1484375,956.186767578125
34.1640625,956.1622314453125
34.1796875,956.194091796875
34.1953125,956.182373046875
34.2109375,956.1836547851562
34.2265625,956.1697998046875
34.2421875,956.1766967773438
34.2578125,956.1636352539062
34.2734375,956.1553955078125
34.2890625,956.18896484375
34.3046875,956.1950073242188
34.3203125,956.1813354492188
34.3359375,956.1699829101562
34.3515625,956.1819458007812
34.3671875,956.1870727539062
34.3828125,956.1807861328125
34.3984375,956.1655883789062
34.4140625,956.1740112304688
34.4296875,956.1879272460938
34.4453125,956.1830444335938
34.4609375,956.1713256835938
34.4765625,956.177001953125
34.4921875,956.1736450195312
34.5078125,956.1777954101562
34.5234375,956.1701049804688
34.5390625,956.1748046875
34.5546875,956.1635131835938
34.5703125,956.18310546875
34.5859375,956.1719360351562
34.6015625,956.166015625
34.6171875,956.1822509765625
34.6328125,956.1806030273438
34.6484375,956.1832885742188
34.6640625,956.1817626953125
34.6796875,956.1721801757812
34.6953125,956.1756591796875
34.7109375,956.1819458007812
34.7265625,956.1858520507812
34.7421875,956.1766357421875
34.7578125,956.1675415039062
34.7734375,956.175048828125
34.7890625,956.179443359375
34.8046875,956.1580810546875
34.8203125,956.1624755859375
34.8359375,956.1763305664062
34.8515625,956.1820678710938
34.8671875,956.18505859375
34.8828125,956.1890258789062
34.8984375,956.176513671875
34.9140625,956.1807861328125
34.9296875,956.16552734375
34.9453125,956.174560546875
34.9609375,956.1756591796875
34.9765625,956.1755981445312
34.9921875,956.1768798828125
35.0078125,956.1760864257812
35.0234375,956.1681518554688
35.0390625,956.171630859375
35.0546875,956.169189453125
35.0703125,956.1799926757812
35.0859375,956.1703491210938
35.1015625,956.1693725585938
35.1171875,956.1763916015625
35.1328125,956.1767578125
35.1484375,956.1748046875
35.1640625,956.1730346679688
35.1796875,956.1641235351562
35.1953125,956.1865234375
35.2109375,956.1749877929688
35.2265625,956.1754760742188
35.2421875,956.1732788085938
35.2578125,956.17578125
35.2734375,956.1688232421875
35.2890625,956.185546875
35.3046875,956.1666870117188
35.3203125,956.1744384765625
35.3359375,956.1748046875
35.3515625,956.1780395507812
35.3671875,956.1759643554688
35.3828125,956.1602172851562
35.3984375,956.1859130859375
35.4140625,956.1763305664062
35.4296875,956.1853637695312
35.4453125,956.1641235351562
35.4609375,956.1710815429688
35.4765625,956.1761474609375
35.4921875,956.1763916015625
35.5078125,956.1752319335938
35.5234375,956.17578125
35.5390625,956.1792602539062
35.5546875,956.1663818359375
35.5703125,956.1914672851562
35.5859375,956.1731567382812
35.6015625,956.172607421875
35.6171875,956.1779174804688
35.6328125,956.165283203125
35.6484375,956.1845703125
35.6640625,956.181396484375
35.6796875,956.1741333007812
35.6953125,956.1685180664062
35.7109375,956.1814575195312
35.7265625,956.1624755859375
35.7421875,956.1748046875
35.7578125,956.1780395507812
35.7734375,956.1642456054688
35.7890625,956.1951293945312
35.8046875,956.1817016601562
35.8203125,956.1712036132812
35.8359375,956.1755981445312
35.8515625,956.173583984375
35.8671875,956.1685791015625
35.8828125,956.1820678710938
35.8984375,956.1756591796875
35.9140625,956.1710815429688
35.9296875,956.15625
35.9453125,956.17724609375
35.9609375,956.1830444335938
35.9765625,956.1844482421875
35.9921875,956.1773071289062
36.0078125,956.16796875
36.0234375,956.167724609375
36.0390625,956.1788330078125
36.0546875,956.1702880859375
36.0703125,956.1642456054688
36.0859375,956.1821899414062
36.1015625,956.173583984375
36.1171875,956.167236328125
36.1328125,956.1780395507812
36.1484375,956.1818237304688
36.1640625,956.1779174804688
36.1796875,956.1857299804688
36.1953125,956.1817016601562
36.2109375,956.173583984375
36.2265625,956.1658935546875
36.2421875,956.1730346679688
36.2578125,956.1825561523438
36.2734375,956.1768798828125
36.2890625,956.1669921875
36.3046875,956.169921875
36.3203125,956.1744384765625
36.3359375,956.1800537109375
36.3515625,956.1758422851562
36.3671875,956.1661376953125
36.3828125,956.1842651367188
36.3984375,956.1776123046875
36.4140625,956.1779174804688
36.4296875,956.190185546875
36.4453125,956.173583984375
36.4609375,956.1730346679688
36.4765625,956.1697387695312
36.4921875,956.167724609375
36.5078125,956.1824951171875
36.5234375,956.16162109375
36.5390625,956.1800537109375
36.5546875,956.1749267578125
36.5703125,956.1770629882812
36.5859375,956.171875
36.6015625,956.1838989257812
36.6171875,956.1770629882812
36.6328125,956.1764526367188
36.6484375,956.1824951171875
36.6640625,956.1838989257812
36.6796875,956.184814453125
36.6953125,956.177001953125
36.7109375,956.168701171875
36.7265625,956.1766357421875
36.7421875,956.1767578125
36.7578125,956.1705322265625
36.7734375,956.1650390625
36.7890625,956.1629638671875
36.8046875,956.175048828125
36.8203125,956.1768798828125
36.8359375,956.1828002929688
36.8515625,956.1735229492188
36.8671875,956.1683959960938
36.8828125,956.1724853515625
36.8984375,956.1629638671875
36.9140625,956.1744995117188
36.9296875,956.1795043945312
36.9453125,956.1770629882812
36.9609375,956.1795043945312
36.9765625,956.1856689453125
36.9921875,956.1866455078125
37.0078125,956.1858520507812
37.0234375,956.1723022460938
37.0390625,956.1721801757812
37.0546875,956.166015625
37.0703125,956.184814453125
37.0859375,956.1817016601562
37.1015625,956.1832885742188
37.1171875,956.1604614257812
37.1328125,956.1618041992188
37.1484375,956.1752319335938
37.1640625,956.1621704101562
37.1796875,956.1738891601562
37.1953125,956.1602172851562
37.2109375,956.1830444335938
37.2265625,956.1685180664062
37.2421875,956.1744384765625
37.2578125,956.175048828125
37.2734375,956.185546875
37.2890625,956.1752319335938
37.3046875,956.1732788085938
37.3203125,956.1722412109375
37.3359375,956.1744384765625
37.3515625,956.1776123046875
37.3671875,956.1661376953125
37.3828125,956.1825561523438
37.3984375,956.1837768554688
37.4140625,956.1792602539062
37.4296875,956.177001953125
37.4453125,956.1828002929688
37.4609375,956.1837158203125
37.4765625,956.1708984375
37.4921875,956.1798706054688
37.5078125,956.1762084960938
37.5234375,956.1788330078125
37.5390625,956.171875
37.5546875,956.1700439453125
37.5703125,956.1688842773438
37.5859375,956.1736450195312
37.6015625,956.1741333007812
37.6171875,956.173583984375
37.6328125,956.1737060546875
37.6484375,956.168701171875
37.6640625,956.162841796875
37.6796875,956.1768798828125
37.6953125,956.1798706054688
37.7109375,956.1702880859375
37.7265625,956.1619262695312
37.7421875,956.1824951171875
37.7578125,956.1639404296875
37.7734375,956.1779174804688
37.7890625,956.1736450195312
37.8046875,956.1619262695312
37.8203125,956.1770629882812
37.8359375,956.1806640625
37.8515625,956.1705322265625
37.8671875,956.1735229492188
37.8828125,956.1770629882812
37.8984375,956.1908569335938
37.9140625,956.1743774414062
37.9296875,956.1741333007812
37.9453125,956.1658325195312
37.9609375,956.1761474609375
37.9765625,956.1697387695312
37.9921875,956.1737060546875
38.0078125,956.16796875
38.0234375,956.1763916015625
38.0390625,956.1758422851562
38.0546875,956.1770629882812
38.0703125,956.16552734375
38.0859375,956.1768798828125
38.1015625,956.1731567382812
38.1171875,956.1766967773438
38.1328125,956.1627807617188
38.1484375,956.1895141601562
38.1640625,956.1838989257812
38.1796875,956.1593017578125
38.1953125,956.1769409179688
38.2109375,956.1741943359375
38.2265625,956.1675415039062
38.2421875,956.1677856445312
38.2578125,956.16943359375
38.2734375,956.177001953125
38.2890625,956.1748046875
38.3046875,956.1658325195312
38.3203125,956.1724853515625
38.3359375,956.1728515625
38.3515625,956.1810913085938
38.3671875,956.169189453125
38.3828125,956.172607421875
38.3984375,956.1773071289062
38.4140625,956.1748046875
38.4296875,956.1842651367188
38.4453125,956.1776123046875
38.4609375,956.1618041992188
38.4765625,956.1773071289062
38.4921875,956.1806030273438
38.5078125,956.1708984375
38.5234375,956.1778564453125
38.5390625,956.177734375
38.5546875,956.1790161132812
38.5703125,956.171142578125
38.5859375,956.1781005859375
38.6015625,956.1691284179688
38.6171875,956.1672973632812
38.6328125,956.1653442382812
38.6484375,956.18310546875
38.6640625,956.17529296875
38.6796875,956.1710815429688
38.6953125,956.1830444335938
38.7109375,956.1713256835938
38.7265625,956.1751098632812
38.7421875,956.1748046875
38.7578125,956.1724853515625
38.7734375,956.1680908203125
38.7890625,956.1800537109375
38.8046875,956.1907348632812
38.8203125,956.1722412109375
38.8359375,956.1795043945312
38.8515625,956.1751098632812
38.8671875,956.1788330078125
38.8828125,956.1751098632812
38.8984375,956.1665649414062
38.9140625,956.1694946289062
38.9296875,956.1786499023438
38.9453125,956.1787109375
38.9609375,956.1744384765625
38.9765625,956.1683349609375
38.9921875,956.1775512695312
39.0078125,956.1703491210938
39.0234375,956.1808471679688
39.0390625,956.178466796875
39.0546875,956.1751098632812
39.0703125,956.1737060546875
39.0859375,956.175537109375
39.1015625,956.172607421875
39.1171875,956.1751098632812
39.1328125,956.1710205078125
39.1484375,956.1710205078125
39.1640625,956.1785888671875
39.1796875,956.1683959960938
39.1953125,956.1749267578125
39.2109375,956.1774291992188
39.2265625,956.1724853515625
39.2421875,956.1805419921875
39.2578125,956.1738891601562
39.2734375,956.169189453125
39.2890625,956.1790161132812
39.3046875,956.1747436523438
39.3203125,956.1748046875
39.3359375,956.1724853515625
39.3515625,956.1753540039062
39.3671875,956.171142578125
39.3828125,956.1784057617188
39.3984375,956.1665649414062
39.4140625,956.16748046875
39.4296875,956.1694946289062
39.4453125,956.173828125
39.4609375,956.1691284179688
39.4765625,956.1717529296875
39.4921875,956.168701171875
39.5078125,956.1909790039062
39.5234375,956.1731567382812
39.5390625,956.1779174804688
39.5546875,956.1669921875
39.5703125,956.1764526367188
39.5859375,956.163818359375
39.6015625,956.1683349609375
39.6171875,956.1641845703125
39.6328125,956.1782836914062
39.6484375,956.1761474609375
39.6640625,956.1800537109375
39.6796875,956.1680908203125
39.6953125,956.18115234375
39.7109375,956.1790161132812
39.7265625,956.1749267578125
39.7421875,956.1571044921875
39.7578125,956.1752319335938
39.7734375,956.1817626953125
39.7890625,956.170654296875
39.8046875,956.1876220703125
39.8203125,956.1724853515625
39.8359375,956.1743774414062
39.8515625,956.175537109375
39.8671875,956.1694946289062
39.8828125,956.1653442382812
39.8984375,956.172607421875
39.9140625,956.1832885742188
39.9296875,956.16748046875
39.9453125,956.1743774414062
39.9609375,956.1814575195312
39.9765625,956.1599731445312
39.9921875,956.1677856445312
40.0078125,956.1640625
40.0234375,956.17138671875
40.0390625,956.1665649414062
40.0546875,956.1704711914062
40.0703125,956.1743774414062
40.0859375,956.1722412109375
40.1015625,956.1918334960938
40.1171875,956.1694946289062
40.1328125,956.179443359375
40.1484375,956.1773071289062
40.1640625,956.1756591796875
40.1796875,956.1836547851562
40.1953125,956.16748046875
40.2109375,956.175537109375
40.2265625,956.1763916015625
40.2421875,956.1739501953125
40.2578125,956.1771850585938
40.2734375,956.158203125
40.2890625,956.180419921875
40.3046875,956.1812133789062
40.3203125,956.1586303710938
40.3359375,956.1744384765625
40.3515625,956.1747436523438
40.3671875,956.1639404296875
40.3828125,956.1749267578125
40.3984375,956.1694946289062
40.4140625,956.1866455078125
40.4296875,956.1568603515625
40.4453125,956.1783447265625
40.4609375,956.1675415039062
40.4765625,956.1784057617188
40.4921875,956.1643676757812
40.5078125,956.1699829101562
40.5234375,956.1732788085938
40.5390625,956.1763916015625
40.5546875,956.1819458007812
40.5703125,956.1663818359375
40.5859375,956.1764526367188
40.6015625,956.173583984375
40.6171875,956.1801147460938
40.6328125,956.1761474609375
40.6484375,956.1749267578125
40.6640625,956.171142578125
40.6796875,956.1790161132812
40.6953125,956.1806640625
40.7109375,956.1689453125
40.7265625,956.17578125
40.7421875,956.1842651367188
40.7578125,956.1713256835938
40.7734375,956.176513671875
40.7890625,956.1692504882812
40.8046875,956.1689453125
40.8203125,956.1652221679688
40.8359375,956.1768798828125
40.8515625,956.171142578125
40.8671875,956.1644287109375
40.8828125,956.176513671875
40.8984375,956.1637573242188
40.9140625,956.1719360351562
40.9296875,956.1796875
40.9453125,956.1821899414062
40.9609375,956.1707763671875
40.9765625,956.1762084960938
40.9921875,956.17333984375
41.0078125,956.17578125
41.0234375,956.1602783203125
41.0390625,956.1546020507812
41.0546875,956.1729736328125
41.0703125,956.1852416992188
41.0859375,956.1755981445312
41.1015625,956.1692504882812
41.1171875,956.1633911132812
41.1328125,956.178466796875
41.1484375,956.1615600585938
41.1640625,956.1878662109375
41.1796875,956.1724243164062
41.1953125,956.1928100585938
41.2109375,956.1603393554688
41.2265625,956.185546875
41.2421875,956.1635131835938
41.2578125,956.1643676757812
41.2734375,956.18115234375
41.2890625,956.1675415039062
41.3046875,956.158935546875
41.3203125,956.164794921875
41.3359375,956.1710815429688
41.3515625,956.16015625
41.3671875,956.1685791015625
41.3828125,956.1705322265625
41.3984375,956.1654663085938
41.4140625,956.1854248046875
41.4296875,956.1723022460938
41.4453125,956.1875
41.4609375,956.1795043945312
41.4765625,956.1807861328125
41.4921875,956.1693725585938
41.5078125,956.1632690429688
41.5234375,956.170654296875
41.5390625,956.1796875
41.5546875,956.1691284179688
41.5703125,956.1867065429688
41.5859375,956.1856689453125
41.6015625,956.1845092773438
41.6171875,956.158203125
41.6328125,956.1768798828125
41.6484375,956.1814575195312
41.6640625,956.1466674804688
41.6796875,956.18115234375
41.6953125,956.1747436523438
41.7109375,956.171875
41.7265625,956.1714477539062
41.7421875,956.1637573242188
41.7578125,956.1701049804688
41.7734375,956.1856689453125
41.7890625,956.1643676757812
41.8046875,956.1770629882812
41.8203125,956.1649169921875
41.8359375,956.1724243164062
41.8515625,956.1747436523438
41.8671875,956.1588134765625
41.8828125,956.1597290039062
41.8984375,956.1832885742188
41.9140625,956.1713256835938
41.9296875,956.1767578125
41.9453125,956.1697387695312
41.9609375,956.1823120117188
41.9765625,956.1666870117188
41.9921875,956.1815185546875
42.0078125,956.177490234375
42.0234375,956.1749267578125
42.0390625,956.16796875
42.0546875,956.1674194335938
42.0703125,956.1697387695312
42.0859375,956.1649169921875
42.1015625,956.1705322265625
42.1171875,956.1723022460938
42.1328125,956.1766967773438
42.1484375,956.1749877929688
42.1640625,956.1708374023438
42.1796875,956.1763305664062
42.1953125,956.1680297851562
42.2109375,956.1712036132812
42.2265625,956.1793823242188
42.2421875,956.173095703125
42.2578125,956.1788330078125
42.2734375,956.1760864257812
42.2890625,956.1813354492188
42.3046875,956.1712036132812
42.3203125,956.1831665039062
42.3359375,956.1598510742188
42.3515625,956.1513671875
42.3671875,956.1744995117188
42.3828125,956.1766967773438
42.3984375,956.1643676757812
42.4140625,956.171142578125
42.4296875,956.159912109375
42.4453125,956.177001953125
42.4609375,956.1697387695312
42.4765625,956.1734008789062
42.4921875,956.1721801757812
42.5078125,956.1768798828125
42.5234375,956.165771484375
42.5390625,956.181396484375
42.5546875,956.159912109375
42.5703125,956.1700439453125
42.5859375,956.1674194335938
42.6015625,956.178466796875
42.6171875,956.1724243164062
42.6328125,956.176513671875
42.6484375,956.1691284179688
42.6640625,956.1643676757812
42.6796875,956.1719360351562
42.6953125,956.1717529296875
42.7109375,956.1787109375
42.7265625,956.1605224609375
42.7421875,956.1666870117188
42.7578125,956.159423828125
42.7734375,956.1685180664062
42.7890625,956.1654663085938
42.8046875,956.1638793945312
42.8203125,956.1825561523438
42.8359375,956.1768798828125
42.8515625,956.1767578125
42.8671875,956.18701171875
42.8828125,956.176513671875
42.8984375,956.1717529296875
42.9140625,956.17578125
42.9296875,956.175048828125
42.9453125,956.177001953125
42.9609375,956.16015625
42.9765625,956.1647338867188
42.9921875,956.177734375
43.0078125,956.1590576171875
43.0234375,956.1651611328125
43.0390625,956.1716918945312
43.0546875,956.1798706054688
43.0703125,956.1661376953125
43.0859375,956.164794921875
43.1015625,956.1685791015625
43.1171875,956.16015625
43.1328125,956.1727294921875
43.1484375,956.1661376953125
43.1640625,956.1814575195312
43.1796875,956.1647338867188
43.1953125,956.178466796875
43.2109375,956.1646728515625
43.2265625,956.168701171875
43.2421875,956.1716918945312
43.2578125,956.1793823242188
43.2734375,956.1778564453125
43.2890625,956.1754760742188
43.3046875,956.159423828125
43.3203125,956.176513671875
43.3359375,956.1932373046875
43.3515625,956.1725463867188
43.3671875,956.1751098632812
43.3828125,956.1736450195312
43.3984375,956.1696166992188
43.4140625,956.1636352539062
43.4296875,956.1776123046875
43.4453125,956.1597290039062
43.4609375,956.1828002929688
43.4765625,956.1776123046875
43.4921875,956.1780395507812
43.5078125,956.1678466796875
43.5234375,956.169189453125
43.5390625,956.1773071289062
43.5546875,956.1781005859375
43.5703125,956.178955078125
43.5859375,956.1731567382812
43.6015625,956.1666870117188
43.6171875,956.1761474609375
43.6328125,956.1840209960938
43.6484375,956.1760864257812
43.6640625,956.1859130859375
43.6796875,956.1664428710938
43.6953125,956.1829223632812
43.7109375,956.1678466796875
43.7265625,956.1710205078125
43.7421875,956.178466796875
43.7578125,956.1717529296875
43.7734375,956.160888671875
43.7890625,956.169921875
43.8046875,956.1646728515625
43.8203125,956.1780395507812
43.8359375,956.1762084960938
43.8515625,956.180908203125
43.8671875,956.171875
43.8828125,956.1707763671875
43.8984375,956.1495361328125
43.9140625,956.17333984375
43.9296875,956.1801147460938
43.9453125,956.1741943359375
43.9609375,956.1607055664062
43.9765625,956.177001953125
43.9921875,956.1730346679688
44.0078125,956.1780395507812
44.0234375,956.1672973632812
44.0390625,956.1722412109375
44.0546875,956.1820068359375
44.0703125,956.1712036132812
44.0859375,956.16943359375
44.1015625,956.1763916015625
44.1171875,956.174560546875
44.1328125,956.1724853515625
44.1484375,956.1717529296875
44.1640625,956.177001953125
44.1796875,956.175048828125
44.1953125,956.1832885742188
44.2109375,956.1624755859375
44.2265625,956.17333984375
44.2421875,956.1834716796875
44.2578125,956.1796875
44.2734375,956.1590576171875
44.2890625,956.1688232421875
44.3046875,956.1758422851562
44.3203125,956.1748046875
44.3359375,956.1683959960938
44.3515625,956.1731567382812
44.3671875,956.17333984375
44.3828125,956.1649780273438
44.3984375,956.1806030273438
44.4140625,956.1676635742188
44.4296875,956.1597290039062
44.4453125,956.1807861328125
44.4609375,956.1703491210938
44.4765625,956.1704711914062
44.4921875,956.18115234375
44.5078125,956.1741943359375
44.5234375,956.1712036132812
44.5390625,956.1669921875
44.5546875,956.1787109375
44.5703125,956.16796875
44.5859375,956.171875
44.6015625,956.1808471679688
44.6171875,956.167236328125
44.6328125,956.177734375
44.6484375,956.1666259765625
44.6640625,956.184326171875
44.6796875,956.1697998046875
44.6953125,956.1766967773438
44.7109375,956.1815185546875
44.7265625,956.1788940429688
44.7421875,956.1508178710938
44.7578125,956.1732788085938
44.7734375,956.1705322265625
44.7890625,956.1725463867188
44.8046875,956.17333984375
44.8203125,956.167236328125
44.8359375,956.167724609375
44.8515625,956.1672973632812
44.8671875,956.1865234375
44.8828125,956.1469116210938
44.8984375,956.1732788085938
44.9140625,956.173828125
44.9296875,956.1806640625
44.9453125,956.1721801757812
44.9609375,956.1719360351562
44.9765625,956.1748046875
44.9921875,956.1741943359375
45.0078125,956.1603393554688
45.0234375,956.16943359375
45.0390625,956.175537109375
45.0546875,956.173828125
45.0703125,956.188232421875
45.0859375,956.1725463867188
45.1015625,956.1685791015625
45.1171875,956.171875
45.1328125,956.1839599609375
45.1484375,956.1685791015625
45.1640625,956.1756591796875
45.1796875,956.1651611328125
45.1953125,956.1544799804688
45.2109375,956.1710205078125
45.2265625,956.1605224609375
45.2421875,956.1957397460938
45.2578125,956.1732788085938
45.2734375,956.1691284179688
45.2890625,956.1618041992188
45.3046875,956.1602783203125
45.3203125,956.1773071289062
45.3359375,956.1611328125
45.3515625,956.167724609375
45.3671875,956.166748046875
45.3828125,956.1736450195312
45.3984375,956.160888671875
45.4140625,956.1683349609375
45.4296875,956.1737060546875
45.4453125,956.1610107421875
45.4609375,956.1666870117188
45.4765625,956.1683349609375
45.4921875,956.1763916015625
45.5078125,956.1749267578125
45.5234375,956.1730346679688
45.5390625,956.1761474609375
45.5546875,956.1807861328125
45.5703125,956.1605834960938
45.5859375,956.176513671875
45.6015625,956.183349609375
45.6171875,956.1818237304688
45.6328125,956.1851196289062
45.6484375,956.177001953125
45.6640625,956.1723022460938
45.6796875,956.1780395507812
45.6953125,956.171875
45.7109375,956.1669921875
45.7265625,956.170654296875
45.7421875,956.1820678710938
45.7578125,956.1763305664062
45.7734375,956.1705322265625
45.7890625,956.1600341796875
45.8046875,956.1689453125
45.8203125,956.1759643554688
45.8359375,956.1834716796875
45.8515625,956.1708374023438
45.8671875,956.1848754882812
45.8828125,956.1729736328125
45.8984375,956.1725463867188
45.9140625,956.172607421875
45.9296875,956.1724853515625
45.9453125,956.1777954101562
45.9609375,956.1809692382812
45.9765625,956.1708374023438
45.9921875,956.1552734375
46.0078125,956.1629638671875
46.0234375,956.1762084960938
46.0390625,956.1655883789062
46.0546875,956.1671142578125
46.0703125,956.1742553710938
46.0859375,956.1668701171875
46.1015625,956.1780395507812
46.1171875,956.1741333007812
46.1328125,956.1782836914062
46.1484375,956.1666870117188
46.1640625,956.1842651367188
46.1796875,956.1741943359375
46.1953125,956.1732788085938
46.2109375,956.1727294921875
46.2265625,956.175048828125
46.2421875,956.1808471679688
46.2578125,956.1768798828125
46.2734375,956.160888671875
46.2890625,956.1613159179688
46.3046875,956.1548461914062
46.3203125,956.1625366210938
46.3359375,956.1781616210938
46.3515625,956.1774291992188
46.3671875,956.1839599609375
46.3828125,956.1773071289062
46.3984375,956.175048828125
46.4140625,956.1710815429688
46.4296875,956.1666870117188
46.4453125,956.1819458007812
46.4609375,956.1731567382812
46.4765625,956.1731567382812
46.4921875,956.1767578125
46.5078125,956.1799926757812
46.5234375,956.1658935546875
46.5390625,956.1605224609375
46.5546875,956.1781005859375
46.5703125,956.1680297851562
46.5859375,956.1741943359375
46.6015625,956.1658935546875
46.6171875,956.1663818359375
46.6328125,956.17138671875
46.6484375,956.1716918945312
46.6640625,956.1735229492188
46.6796875,956.1736450195312
46.6953125,956.1743774414062
46.7109375,956.1781005859375
46.7265625,956.1668701171875
46.7421875,956.1851196289062
46.7578125,956.1705322265625
46.7734375,956.1636352539062
46.7890625,956.1682739257812
46.8046875,956.1727294921875
46.8203125,956.1791381835938
46.8359375,956.1716918945312
46.8515625,956.1611328125
46.8671875,956.16748046875
46.8828125,956.1782836914062
46.8984375,956.1842651367188
46.9140625,956.1731567382812
46.9296875,956.1655883789062
46.9453125,956.1738891601562
46.9609375,956.1724853515625
46.9765625,956.1735229492188
46.9921875,956.166015625
47.0078125,956.16552734375
47.0234375,956.1774291992188
47.0390625,956.1781005859375
47.0546875,956.1680297851562
47.0703125,956.166748046875
47.0859375,956.1798706054688
47.1015625,956.1748046875
47.1171875,956.1741943359375
47.1328125,956.1717529296875
47.1484375,956.1681518554688
47.1640625,956.1823120117188
47.1796875,956.1685180664062
47.1953125,956.1788940429688
47.2109375,956.1744384765625
47.2265625,956.1619873046875
47.2421875,956.173583984375
47.2578125,956.1795654296875
47.2734375,956.15234375
47.2890625,956.168701171875
47.3046875,956.1505126953125
47.3203125,956.16162109375
47.3359375,956.1721801757812
47.3515625,956.1703491210938
47.3671875,956.1777954101562
47.3828125,956.1619873046875
47.3984375,956.1740112304688
47.4140625,956.1688232421875
47.4296875,956.1754760742188
47.4453125,956.1622924804688
47.4609375,956.177734375
47.4765625,956.1744384765625
47.4921875,956.1742553710938
47.5078125,956.1675415039062
47.5234375,956.1724243164062
47.5390625,956.1593627929688
47.5546875,956.1610107421875
47.5703125,956.174560546875
47.5859375,956.161865234375
47.6015625,956.1837158203125
47.6171875,956.1714477539062
47.6328125,956.1716918945312
47.6484375,956.1730346679688
47.6640625,956.1740112304688
47.6796875,956.1680908203125
47.6953125,956.1735229492188
47.7109375,956.1672973632812
47.7265625,956.167724609375
47.7421875,956.1737060546875
47.7578125,956.184814453125
47.7734375,956.1680297851562
47.7890625,956.166748046875
47.8046875,956.1752319335938
47.8203125,956.1824951171875
47.8359375,956.1738891601562
47.8515625,956.1845703125
47.8671875,956.1861572265625
47.8828125,956.1749877929688
47.8984375,956.1608276367188
47.9140625,956.1715698242188
47.9296875,956.184814453125
47.9453125,956.1795043945312
47.9609375,956.175048828125
47.9765625,956.1798706054688
47.9921875,956.1781005859375
48.0078125,956.1610717773438
48.0234375,956.173828125
48.0390625,956.1812133789062
48.0546875,956.1534423828125
48.0703125,956.171630859375
48.0859375,956.1891479492188
48.1015625,956.1666259765625
48.1171875,956.16796875
48.1328125,956.1792602539062
48.1484375,956.1813354492188
48.1640625,956.175048828125
48.1796875,956.1841430664062
48.1953125,956.1737060546875
48.2109375,956.1747436523438
48.2265625,956.1744384765625
48.2421875,956.1751098632812
48.2578125,956.1671142578125
48.2734375,956.1689453125
48.2890625,956.178955078125
48.3046875,956.1754760742188
48.3203125,956.1619262695312
48.3359375,956.1724853515625
48.3515625,956.1724853515625
48.3671875,956.1803588867188
48.3828125,956.1795043945312
48.3984375,956.169189453125
48.4140625,956.1852416992188
48.4296875,956.1676635742188
48.4453125,956.1885986328125
48.4609375,956.1780395507812
48.4765625,956.1665649414062
48.4921875,956.1739501953125
48.5078125,956.1748046875
48.5234375,956.1682739257812
48.5390625,956.1756591796875
48.5546875,956.1788940429688
48.5703125,956.1690673828125
48.5859375,956.1738891601562
48.6015625,956.1627807617188
48.6171875,956.1736450195312
48.6328125,956.1616821289062
48.6484375,956.1717529296875
48.6640625,956.167724609375
48.6796875,956.1610107421875
48.6953125,956.1705322265625
48.7109375,956.1630249023438
48.7265625,956.1691284179688
48.7421875,956.168701171875
48.7578125,956.1743774414062
48.7734375,956.1676635742188
48.7890625,956.1729736328125
48.8046875,956.167236328125
48.8203125,956.1669311523438
48.8359375,956.1715698242188
48.8515625,956.173828125
48.8671875,956.1654663085938
48.8828125,956.1784057617188
48.8984375,956.1663208007812
48.9140625,956.1819458007812
48.9296875,956.1736450195312
48.9453125,956.1665649414062
48.9609375,956.1785888671875
48.9765625,956.1701049804688
48.9921875,956.1742553710938
49.0078125,956.1801147460938
49.0234375,956.174560546875
49.0390625,956.1822509765625
49.0546875,956.173828125
49.0703125,956.1672973632812
49.0859375,956.1744995117188
49.1015625,956.1770629882812
49.1171875,956.16748046875
49.1328125,956.1727905273438
49.1484375,956.1744384765625
49.1640625,956.1760864257812
49.1796875,956.1714477539062
49.1953125,956.1724853515625
49.2109375,956.1624755859375
49.2265625,956.1727905273438
49.2421875,956.1613159179688
49.2578125,956.1708374023438
49.2734375,956.1732788085938
49.2890625,956.167236328125
49.3046875,956.1717529296875
49.3203125,956.1747436523438
49.3359375,956.175537109375
49.3515625,956.1717529296875
49.3671875,956.1613159179688
49.3828125,956.1607055664062
49.3984375,956.173583984375
49.4140625,956.1672973632812
49.4296875,956.1799926757812
49.4453125,956.1632080078125
49.4609375,956.181640625
49.4765625,956.1742553710938
49.4921875,956.16162109375
49.5078125,956.1782836914062
49.5234375,956.1685791015625
49.5390625,956.1800537109375
49.5546875,956.1813354492188
49.5703125,956.1730346679688
49.5859375,956.1845703125
49.6015625,956.1792602539062
49.6171875,956.1730346679688
49.6328125,956.1502685546875
49.6484375,956.181640625
49.6640625,956.1693725585938
49.6796875,956.1763305664062
49.6953125,956.173828125
49.7109375,956.1705932617188
49.7265625,956.1685791015625
49.7421875,956.1771850585938
49.7578125,956.1712036132812
49.7734375,956.1741943359375
49.7890625,956.1849975585938
49.8046875,956.1852416992188
49.8203125,956.1724243164062
49.8359375,956.1559448242188
49.8515625,956.1616821289062
49.8671875,956.1622314453125
49.8828125,956.1786499023438
49.8984375,956.189453125
49.9140625,956.1762084960938
49.9296875,956.1720581054688
49.9453125,956.1777954101562
49.9609375,956.1756591796875
49.9765625,956.16162109375
49.9921875,956.1865234375
50.0078125,956.1762084960938
50.0234375,956.173583984375
50.0390625,956.17529296875
50.0546875,956.1755981445312
50.0703125,956.1630859375
50.0859375,956.158203125
50.1015625,956.1681518554688
50.1171875,956.1766967773438
50.1328125,956.1771850585938
50.1484375,956.1569213867188
50.1640625,956.1759033203125
50.1796875,956.163330078125
50.1953125,956.1619873046875
50.2109375,956.1626586914062
50.2265625,956.1688842773438
50.2421875,956.1770629882812
50.2578125,956.1635131835938
50.2734375,956.1575317382812
50.2890625,956.1710815429688
50.3046875,956.1763305664062
50.3203125,956.1762084960938
50.3359375,956.1806640625
50.3515625,956.1688842773438
50.3671875,956.1505737304688
50.3828125,956.1756591796875
50.3984375,956.1737060546875
50.4140625,956.1905517578125
50.4296875,956.1630859375
50.4453125,956.17724609375
50.4609375,956.1823120117188
50.4765625,956.1693725585938
50.4921875,956.1759033203125
50.5078125,956.1844482421875
50.5234375,956.1834106445312
50.5390625,956.1702880859375
50.5546875,956.172607421875
50.5703125,956.1697387695312
50.5859375,956.175537109375
50.6015625,956.1859741210938
50.6171875,956.1691284179688
50.6328125,956.1806640625
50.6484375,956.171142578125
50.6640625,956.1795654296875
50.6796875,956.163818359375
50.6953125,956.1636352539062
50.7109375,956.1741333007812
50.7265625,956.1641235351562
50.7421875,956.1776123046875
50.7578125,956.1505126953125
50.7734375,956.1692504882812
50.7890625,956.177001953125
50.8046875,956.1517944335938
50.8203125,956.1743774414062
50.8359375,956.1822509765625
50.8515625,956.1724853515625
50.8671875,956.1741333007812
50.8828125,956.1826171875
50.8984375,956.1758422851562
50.9140625,956.1747436523438
50.9296875,956.1630859375
50.9453125,956.1766967773438
50.9609375,956.1697387695312
50.9765625,956.1817626953125
50.9921875,956.1738891601562
51.0078125,956.1639404296875
51.0234375,956.1781005859375
51.0390625,956.1704711914062
51.0546875,956.1685791015625
51.0703125,956.1644287109375
51.0859375,956.1770629882812
51.1015625,956.1731567382812
51.1171875,956.173828125
51.1328125,956.1669921875
51.1484375,956.1768798828125
51.1640625,956.185302734375
51.1796875,956.17578125
51.1953125,956.1700439453125
51.2109375,956.169189453125
51.2265625,956.16552734375
51.2421875,956.1821899414062
51.2578125,956.1683349609375
51.2734375,956.1771850585938
51.2890625,956.180908203125
51.3046875,956.1700439453125
51.3203125,956.171142578125
51.3359375,956.171875
51.3515625,956.181396484375
51.3671875,956.1781005859375
51.3828125,956.1763305664062
51.3984375,956.177734375
51.4140625,956.1817016601562
51.4296875,956.1699829101562
51.4453125,956.16943359375
51.4609375,956.1741943359375
51.4765625,956.1769409179688
51.4921875,956.1783447265625
51.5078125,956.171875
51.5234375,956.1782836914062
51.5390625,956.178466796875
51.5546875,956.16015625
51.5703125,956.1593627929688
51.5859375,956.1764526367188
51.6015625,956.163330078125
51.6171875,956.1701049804688
51.6328125,956.1829223632812
51.6484375,956.171142578125
51.6640625,956.1912841796875
51.6796875,956.1721801757812
51.6953125,956.1655883789062
51.7109375,956.1775512695312
51.7265625,956.1781616210938
51.7421875,956.1719970703125
51.7578125,956.177490234375
51.7734375,956.16943359375
51.7890625,956.182861328125
51.8046875,956.1828002929688
51.8203125,956.1700439453125
51.8359375,956.1644287109375
51.8515625,956.1651611328125
51.8671875,956.1692504882812
51.8828125,956.1826171875
51.8984375,956.1466674804688
51.9140625,956.1865234375
51.9296875,956.1900024414062
51.9453125,956.1712036132812
51.9609375,956.1721801757812
51.9765625,956.1831665039062
51.9921875,956.1714477539062
52.0078125,956.1801147460938
52.0234375,956.1781616210938
52.0390625,956.1744995117188
52.0546875,956.1817626953125
52.0703125,956.1786499023438
52.0859375,956.1990356445312
52.1015625,956.1759643554688
52.1171875,956.1724243164062
52.1328125,956.1831665039062
52.1484375,956.1705932617188
52.1640625,956.1786499023438
52.1796875,956.1690673828125
52.1953125,956.1787109375
52.2109375,956.17529296875
52.2265625,956.1810913085938
52.2421875,956.1775512695312
52.2578125,956.1834716796875
52.2734375,956.1593627929688
52.2890625,956.1759643554688
52.3046875,956.1651611328125
52.3203125,956.1702270507812
52.3359375,956.1784057617188
52.3515625,956.181396484375
52.3671875,956.1773071289062
52.3828125,956.172607421875
52.3984375,956.171142578125
52.4140625,956.1792602539062
52.4296875,956.1715698242188
52.4453125,956.1707763671875
52.4609375,956.1657104492188
52.4765625,956.1641845703125
52.4921875,956.1802368164062
52.5078125,956.18310546875
52.5234375,956.1808471679688
52.5390625,956.176513671875
52.5546875,956.1717529296875
52.5703125,956.1905517578125
52.5859375,956.1661987304688
52.6015625,956.1717529296875
52.6171875,956.1832885742188
52.6328125,956.1859741210938
52.6484375,956.1719970703125
52.6640625,956.1760864257812
52.6796875,956.1822509765625
52.6953125,956.1819458007812
52.7109375,956.1753540039062
52.7265625,956.1898193359375
52.7421875,956.1734008789062
52.7578125,956.1660766601562
52.7734375,956.16015625
52.7890625,956.1845703125
52.8046875,956.1653442382812
52.8203125,956.180908203125
52.8359375,956.1762084960938
52.8515625,956.1829223632812
52.8671875,956.1775512695312
52.8828125,956.1740112304688
52.8984375,956.1635131835938
52.9140625,956.179443359375
52.9296875,956.156005859375
52.9453125,956.1657104492188
52.9609375,956.1728515625
52.9765625,956.188232421875
52.9921875,956.1605834960938
53.0078125,956.1755981445312
53.0234375,956.1658325195312
53.0390625,956.1838989257812
53.0546875,956.1715698242188
53.0703125,956.185302734375
53.0859375,956.182861328125
53.1015625,956.1797485351562
53.1171875,956.167236328125
53.1328125,956.1736450195312
53.1484375,956.1719360351562
53.1640625,956.1661376953125
53.1796875,956.1871948242188
53.1953125,956.1707763671875
53.2109375,956.171142578125
53.2265625,956.176513671875
53.2421875,956.182861328125
53.2578125,956.1663818359375
53.2734375,956.1889038085938
53.2890625,956.157958984375
53.3046875,956.1760864257812
53.3203125,956.17578125
53.3359375,956.1657104492188
53.3515625,956.1826171875
53.3671875,956.1776123046875
53.3828125,956.1753540039062
53.3984375,956.1705932617188
53.4140625,956.1661987304688
53.4296875,956.1650390625
53.4453125,956.1771850585938
53.4609375,956.1753540039062
53.4765625,956.1800537109375
53.4921875,956.1827392578125
53.5078125,956.1557006835938
53.5234375,956.1661987304688
53.5390625,956.1694946289062
53.5546875,956.1743774414062
53.5703125,956.1788940429688
53.5859375,956.1759643554688
53.6015625,956.1761474609375
53.6171875,956.1749267578125
53.6328125,956.1658935546875
53.6484375,956.1813354492188
53.6640625,956.1702270507812
53.6796875,956.1878662109375
53.6953125,956.1749267578125
53.7109375,956.1770629882812
53.7265625,956.1834716796875
53.7421875,956.1930541992188
53.7578125,956.1795043945312
53.7734375,956.1822509765625
53.7890625,956.1782836914062
53.8046875,956.1867065429688
53.8203125,956.1692504882812
53.8359375,956.1826171875
53.8515625,956.171142578125
53.8671875,956.1714477539062
53.8828125,956.1720581054688
53.8984375,956.1704711914062
53.9140625,956.1732788085938
53.9296875,956.1719360351562
53.9453125,956.18310546875
53.9609375,956.1828002929688
53.9765625,956.1716918945312
53.9921875,956.1739501953125
54.0078125,956.1781005859375
54.0234375,956.1739501953125
54.0390625,956.185302734375
54.0546875,956.1784057617188
54.0703125,956.1527709960938
54.0859375,956.171630859375
54.1015625,956.1680297851562
54.1171875,956.1790161132812
54.1328125,956.1822509765625
54.1484375,956.1755981445312
54.1640625,956.1727294921875
54.1796875,956.1781616210938
54.1953125,956.1665649414062
54.2109375,956.165283203125
54.2265625,956.1770629882812
54.2421875,956.1783447265625
54.2578125,956.1714477539062
54.2734375,956.1658935546875
54.2890625,956.1771850585938
54.3046875,956.174560546875
54.3203125,956.1705322265625
54.3359375,956.1746826171875
54.3515625,956.1790161132812
54.3671875,956.1826171875
54.3828125,956.1797485351562
54.3984375,956.188232421875
54.4140625,956.1707763671875
54.4296875,956.171142578125
54.4453125,956.1826171875
54.4609375,956.177490234375
54.4765625,956.1563110351562
54.4921875,956.1781005859375
54.5078125,956.1629638671875
54.5234375,956.1829223632812
54.5390625,956.1768798828125
54.5546875,956.1763916015625
54.5703125,956.1795043945312
54.5859375,956.1827392578125
54.6015625,956.1832885742188
54.6171875,956.17578125
54.6328125,956.173095703125
54.6484375,956.17529296875
54.6640625,956.1752319335938
54.6796875,956.1544189453125
54.6953125,956.18310546875
54.7109375,956.1791381835938
54.7265625,956.1702270507812
54.7421875,956.1873779296875
54.7578125,956.1753540039062
54.7734375,956.1756591796875
54.7890625,956.165283203125
54.8046875,956.1721801757812
54.8203125,956.1834106445312
54.8359375,956.1744995117188
54.8515625,956.1817626953125
54.8671875,956.1759643554688
54.8828125,956.1878662109375
54.8984375,956.159912109375
54.9140625,956.1663818359375
54.9296875,956.1715698242188
54.9453125,956.171875
54.9609375,956.17138671875
54.9765625,956.1665649414062
54.9921875,956.17919921875
55.0078125,956.1619873046875
55.0234375,956.1845703125
55.0390625,956.177001953125
55.0546875,956.1783447265625
55.0703125,956.165771484375
55.0859375,956.1721801757812
55.1015625,956.153076171875
55.1171875,956.1756591796875
55.1328125,956.1735229492188
55.1484375,956.1864013671875
55.1640625,956.1840209960938
55.1796875,956.170654296875
55.1953125,956.188232421875
55.2109375,956.1837158203125
55.2265625,956.1788330078125
55.2421875,956.1691284179688
55.2578125,956.1639404296875
55.2734375,956.1820678710938
55.2890625,956.1721801757812
55.3046875,956.1724243164062
55.3203125,956.165771484375
55.3359375,956.1841430664062
55.3515625,956.173828125
55.3671875,956.1730346679688
55.3828125,956.1661376953125
55.3984375,956.1959838867188
55.4140625,956.158203125
55.4296875,956.1819458007812
55.4453125,956.1771850585938
55.4609375,956.1632690429688
55.4765625,956.163818359375
55.4921875,956.1735229492188
55.5078125,956.1878662109375
55.5234375,956.17578125
55.5390625,956.1727294921875
55.5546875,956.1803588867188
55.5703125,956.1525268554688
55.5859375,956.1724853515625
55.6015625,956.1702270507812
55.6171875,956.175048828125
55.6328125,956.1724243164062
55.6484375,956.1721801757812
55.6640625,956.1729736328125
55.6796875,956.1647338867188
55.6953125,956.1715698242188
55.7109375,956.1654663085938
55.7265625,956.1841430664062
55.7421875,956.1704711914062
55.7578125,956.1778564453125
55.7734375,956.1881713867188
55.7890625,956.1668701171875
55.8046875,956.1717529296875
55.8203125,956.1809692382812
55.8359375,956.1781616210938
55.8515625,956.1730346679688
55.8671875,956.1777954101562
55.8828125,956.1831665039062
55.8984375,956.1728515625
55.9140625,956.1630249023438
55.9296875,956.178955078125
55.9453125,956.176513671875
55.9609375,956.1535034179688
55.9765625,956.161376953125
55.9921875,956.1674194335938
56.0078125,956.1795043945312
56.0234375,956.1715698242188
56.0390625,956.172607421875
56.0546875,956.167236328125
56.0703125,956.178955078125
56.0859375,956.1798095703125
56.1015625,956.190185546875
56.1171875,956.1810913085938
56.1328125,956.1802978515625
56.1484375,956.1806640625
56.1640625,956.1813354492188
56.1796875,956.1685791015625
56.1953125,956.177490234375
56.2109375,956.1705322265625
56.2265625,956.18505859375
56.2421875,956.1719970703125
56.2578125,956.1747436523438
56.2734375,956.1686401367188
56.2890625,956.1739501953125
56.3046875,956.1785888671875
56.3203125,956.1837158203125
56.3359375,956.17529296875
56.3515625,956.1724243164062
56.3671875,956.1769409179688
56.3828125,956.1728515625
56.3984375,956.1722412109375
56.4140625,956.180908203125
56.4296875,956.1842651367188
56.4453125,956.186279296875
56.4609375,956.1616821289062
56.4765625,956.184814453125
56.4921875,956.1820678710938
56.5078125,956.1760864257812
56.5234375,956.1528930664062
56.5390625,956.1807861328125
56.5546875,956.180908203125
56.5703125,956.1593627929688
56.5859375,956.17529296875
56.6015625,956.1727905273438
56.6171875,956.1727294921875
56.6328125,956.1608276367188
56.6484375,956.1771850585938
56.6640625,956.1665649414062
56.6796875,956.1796875
56.6953125,956.194091796875
56.7109375,956.181396484375
56.7265625,956.1793823242188
56.7421875,956.1728515625
56.7578125,956.1864624023438
56.7734375,956.1911010742188
56.7890625,956.1839599609375
56.8046875,956.1735229492188
56.8203125,956.177734375
56.8359375,956.1801147460938
56.8515625,956.184814453125
56.8671875,956.1801147460938
56.8828125,956.1663208007812
56.8984375,956.17333984375
56.9140625,956.1705932617188
56.9296875,956.1768798828125
56.9453125,956.171875
56.9609375,956.181396484375
56.9765625,956.178955078125
56.9921875,956.1702880859375
57.0078125,956.1840209960938
57.0234375,956.1728515625
57.0390625,956.1676635742188
57.0546875,956.1735229492188
57.0703125,956.1468505859375
57.0859375,956.1732788085938
57.1015625,956.1768798828125
57.1171875,956.1669921875
57.1328125,956.1776123046875
57.1484375,956.1887817382812
57.1640625,956.1795043945312
57.1796875,956.1610107421875
57.1953125,956.1797485351562
57.2109375,956.1723022460938
57.2265625,956.179443359375
57.2421875,956.164794921875
57.2578125,956.17919921875
57.2734375,956.1760864257812
57.2890625,956.1845703125
57.3046875,956.1801147460938
57.3203125,956.165771484375
57.3359375,956.1719970703125
57.3515625,956.1800537109375
57.3671875,956.171142578125
57.3828125,956.1841430664062
57.3984375,956.1669921875
57.4140625,956.1801147460938
57.4296875,956.1764526367188
57.4453125,956.1920166015625
57.4609375,956.177490234375
57.4765625,956.1905517578125
57.4921875,956.1770629882812
57.5078125,956.1723022460938
57.5234375,956.1845703125
57.5390625,956.1752319335938
57.5546875,956.1807861328125
57.5703125,956.1812133789062
57.5859375,956.1764526367188
57.6015625,956.1808471679688
57.6171875,956.1719970703125
57.6328125,956.1725463867188
57.6484375,956.16015625
57.6640625,956.1771850585938
57.6796875,956.183349609375
57.6953125,956.1660766601562
57.7109375,956.1732788085938
57.7265625,956.1760864257812
57.7421875,956.1769409179688
57.7578125,956.1730346679688
57.7734375,956.1859130859375
57.7890625,956.1797485351562
57.8046875,956.166015625
57.8203125,956.1845703125
57.8359375,956.1853637695312
57.8515625,956.18359375
57.8671875,956.189453125
57.8828125,956.1903076171875
57.8984375,956.1775512695312
57.9140625,956.1717529296875
57.9296875,956.180908203125
57.9453125,956.1727294921875
57.9609375,956.1851196289062
57.9765625,956.1604614257812
57.9921875,956.1806640625
58.0078125,956.1723022460938
58.0234375,956.1781005859375
58.0390625,956.1807861328125
58.0546875,956.1732788085938
58.0703125,956.177734375
58.0859375,956.1781005859375
58.1015625,956.1712036132812
58.1171875,956.1731567382812
58.1328125,956.1603393554688
58.1484375,956.1746826171875
58.1640625,956.177734375
58.1796875,956.1702270507812
58.1953125,956.172607421875
58.2109375,956.1660766601562
58.2265625,956.1782836914062
58.2421875,956.1851196289062
58.2578125,956.1669311523438
58.2734375,956.1676635742188
58.2890625,956.1920776367188
58.3046875,956.1907348632812
58.3203125,956.1610717773438
58.3359375,956.166748046875
58.3515625,956.184326171875
58.3671875,956.1692504882812
58.3828125,956.1618041992188
58.3984375,956.1735229492188
58.4140625,956.181640625
58.4296875,956.1574096679688
58.4453125,956.1738891601562
58.4609375,956.1680297851562
58.4765625,956.1690673828125
58.4921875,956.1743774414062
58.5078125,956.1824951171875
58.5234375,956.1779174804688
58.5390625,956.1758422851562
58.5546875,956.1807861328125
58.5703125,956.1815185546875
58.5859375,956.1683349609375
58.6015625,956.1744384765625
58.6171875,956.1639404296875
58.6328125,956.181640625
58.6484375,956.1654663085938
58.6640625,956.1911010742188
58.6796875,956.175048828125
58.6953125,956.190185546875
58.7109375,956.1732788085938
58.7265625,956.1795043945312
58.7421875,956.1779174804688
58.7578125,956.182373046875
58.7734375,956.17529296875
58.7890625,956.1813354492188
58.8046875,956.1741333007812
58.8203125,956.1860961914062
58.8359375,956.1806640625
58.8515625,956.1954956054688
58.8671875,956.1923217773438
58.8828125,956.1820068359375
58.8984375,956.1788940429688
58.9140625,956.161376953125
58.9296875,956.1552124023438
58.9453125,956.17529296875
58.9609375,956.1824951171875
58.9765625,956.1759033203125
58.9921875,956.1820678710938
59.0078125,956.1692504882812
59.0234375,956.1785888671875
59.0390625,956.1773071289062
59.0546875,956.1690673828125
59.0703125,956.1778564453125
59.0859375,956.1624755859375
59.1015625,956.1582641601562
59.1171875,956.1787109375
59.1328125,956.1610107421875
59.1484375,956.1746826171875
59.1640625,956.1699829101562
59.1796875,956.1702270507812
59.1953125,956.1669311523438
59.2109375,956.1728515625
59.2265625,956.1666870117188
59.2421875,956.1741333007812
59.2578125,956.178955078125
59.2734375,956.1717529296875
59.2890625,956.173583984375
59.3046875,956.1881713867188
59.3203125,956.169677734375
59.3359375,956.1795043945312
59.3515625,956.1812133789062
59.3671875,956.1788940429688
59.3828125,956.1574096679688
59.3984375,956.1788940429688
59.4140625,956.1788940429688
59.4296875,956.1806640625
59.4453125,956.1771850585938
59.4609375,956.1869506835938
59.4765625,956.177490234375
59.4921875,956.15771484375
59.5078125,956.1791381835938
59.5234375,956.1866455078125
59.5390625,956.1821899414062
59.5546875,956.1627197265625
59.5703125,956.1740112304688
59.5859375,956.177490234375
59.6015625,956.171142578125
59.6171875,956.1627197265625
59.6328125,956.1787109375
59.6484375,956.1744384765625
59.6640625,956.187255859375
59.6796875,956.1814575195312
59.6953125,956.186279296875
59.7109375,956.1777954101562
59.7265625,956.1803588867188
59.7421875,956.1740112304688
59.7578125,956.1756591796875
59.7734375,956.1756591796875
59.7890625,956.1699829101562
59.8046875,956.1828002929688
59.8203125,956.1690673828125
59.8359375,956.1717529296875
59.8515625,956.1693725585938
59.8671875,956.1781005859375
59.8828125,956.1744384765625
59.8984375,956.1890258789062
59.9140625,956.1723022460938
59.9296875,956.1715698242188
59.9453125,956.1639404296875
59.9609375,956.1821899414062
59.9765625,956.1735229492188
59.9921875,956.1776123046875
60.0078125,956.1730346679688
60.0234375,956.1785888671875
60.0390625,956.167724609375
60.0546875,956.169677734375
60.0703125,956.171142578125
60.0859375,956.1681518554688
60.1015625,956.1785888671875
60.1171875,956.1838989257812
60.1328125,956.1696166992188
60.1484375,956.1755981445312
60.1640625,956.1830444335938
60.1796875,956.1744995117188
60.1953125,956.1762084960938
60.2109375,956.1749267578125
60.2265625,956.1806640625
60.2421875,956.1671142578125
60.2578125,956.1854248046875
60.2734375,956.1890258789062
60.2890625,956.184814453125
60.3046875,956.1776123046875
60.3203125,956.169677734375
60.3359375,956.1796875
60.3515625,956.1860961914062
60.3671875,956.1839599609375
60.3828125,956.177490234375
60.3984375,956.1743774414062
60.4140625,956.1744384765625
60.4296875,956.1818237304688
60.4453125,956.173095703125
60.4609375,956.177734375
60.4765625,956.1859741210938
60.4921875,956.1802978515625
60.5078125,956.1821899414062
60.5234375,956.1859741210938
60.5390625,956.1758422851562
60.5546875,956.178955078125
60.5703125,956.181640625
60.5859375,956.165283203125
60.6015625,956.1686401367188
60.6171875,956.1699829101562
60.6328125,956.1795043945312
60.6484375,956.1845092773438
60.6640625,956.1826171875
60.6796875,956.1819458007812
60.6953125,956.17919921875
60.7109375,956.1734008789062
60.7265625,956.168701171875
60.7421875,956.1782836914062
60.7578125,956.1856079101562
60.7734375,956.1693725585938
60.7890625,956.168701171875
60.8046875,956.15625
60.8203125,956.1672973632812
60.8359375,956.1795043945312
60.8515625,956.175048828125
60.8671875,956.1694946289062
60.8828125,956.1644897460938
60.8984375,956.1828002929688
60.9140625,956.1746826171875
60.9296875,956.1643676757812
60.9453125,956.1613159179688
60.9609375,956.1861572265625
60.9765625,956.1770629882812
60.9921875,956.18310546875
61.0078125,956.1735229492188
61.0234375,956.1768798828125
61.0390625,956.1739501953125
61.0546875,956.1809692382812
61.0703125,956.16943359375
61.0859375,956.1817016601562
61.1015625,956.1806640625
61.1171875,956.1795043945312
61.1328125,956.1746826171875
61.1484375,956.1618041992188
61.1640625,956.176513671875
61.1796875,956.1655883789062
61.1953125,956.1819458007812
61.2109375,956.1572265625
61.2265625,956.1787109375
61.2421875,956.1690673828125
61.2578125,956.1869506835938
61.2734375,956.1871948242188
61.2890625,956.1844482421875
61.3046875,956.1637573242188
61.3203125,956.1821899414062
61.3359375,956.159423828125
61.3515625,956.1766357421875
61.3671875,956.1746826171875
61.3828125,956.1893310546875
61.3984375,956.1806640625
61.4140625,956.17919921875
61.4296875,956.1692504882812
61.4453125,956.1716918945312
61.4609375,956.1803588867188
61.4765625,956.163330078125
61.4921875,956.1715698242188
61.5078125,956.18115234375
61.5234375,956.184814453125
61.5390625,956.1828002929688
61.5546875,956.1842041015625
61.5703125,956.1699829101562
61.5859375,956.1842041015625
61.6015625,956.1754760742188
61.6171875,956.1627807617188
61.6328125,956.1801147460938
61.6484375,956.1602172851562
61.6640625,956.1832885742188
61.6796875,956.1873168945312
61.6953125,956.1705322265625
61.7109375,956.1622924804688
61.7265625,956.1791381835938
61.7421875,956.1756591796875
61.7578125,956.1766357421875
61.7734375,956.1866455078125
61.7890625,956.1708374023438
61.8046875,956.175048828125
61.8203125,956.1759643554688
61.8359375,956.180908203125
61.8515625,956.171630859375
61.8671875,956.1808471679688
61.8828125,956.1638793945312
61.8984375,956.1593627929688
61.9140625,956.177490234375
61.9296875,956.1813354492188
61.9453125,956.1663818359375
61.9609375,956.1802978515625
61.9765625,956.1744384765625
61.9921875,956.1840209960938
62.0078125,956.1619873046875
62.0234375,956.1582641601562
62.0390625,956.178466796875
62.0546875,956.1746826171875
62.0703125,956.1834106445312
62.0859375,956.1779174804688
62.1015625,956.1871948242188
62.1171875,956.1891479492188
62.1328125,956.182861328125
62.1484375,956.1866455078125
62.1640625,956.1672973632812
62.1796875,956.1636352539062
62.1953125,956.1611328125
62.2109375,956.1671752929688
62.2265625,956.1795043945312
62.2421875,956.1788940429688
62.2578125,956.17138671875
62.2734375,956.1760864257812
62.2890625,956.1886596679688
62.3046875,956.1577758789062
62.3203125,956.1830444335938
62.3359375,956.1744384765625
62.3515625,956.1759643554688
62.3671875,956.1901245117188
62.3828125,956.1598510742188
62.3984375,956.14990234375
62.4140625,956.1870727539062
62.4296875,956.167724609375
62.4453125,956.1693725585938
62.4609375,956.1839599609375
62.4765625,956.1819458007812
62.4921875,956.1713256835938
62.5078125,956.1759643554688
62.5234375,956.1701049804688
62.5390625,956.1724243164062
62.5546875,956.1622924804688
62.5703125,956.1795043945312
62.5859375,956.182861328125
62.6015625,956.1844482421875
62.6171875,956.1815185546875
62.6328125,956.1710815429688
62.6484375,956.1773071289062
62.6640625,956.1668701171875
62.6796875,956.184326171875
62.6953125,956.1708984375
62.7109375,956.1858520507812
62.7265625,956.1753540039062
62.7421875,956.1753540039062
62.7578125,956.1680908203125
62.7734375,956.1859741210938
62.7890625,956.1817016601562
62.8046875,956.1809692382812
62.8203125,956.182373046875
62.8359375,956.1788330078125
62.8515625,956.1830444335938
62.8671875,956.157470703125
62.8828125,956.1788330078125
62.8984375,956.1762084960938
62.9140625,956.1829223632812
62.9296875,956.17529296875
62.9453125,956.1798095703125
62.9609375,956.1671752929688
62.9765625,956.1824951171875
62.9921875,956.1738891601562
63.0078125,956.177734375
63.0234375,956.1762084960938
63.0390625,956.1795043945312
63.0546875,956.1832885742188
63.0703125,956.1819458007812
63.0859375,956.1873168945312
63.1015625,956.1809692382812
63.1171875,956.1762084960938
63.1328125,956.1764526367188
63.1484375,956.1751098632812
63.1640625,956.1694946289062
63.1796875,956.1808471679688
63.1953125,956.1801147460938
63.2109375,956.1616821289062
63.2265625,956.1735229492188
63.2421875,956.1828002929688
63.2578125,956.15771484375
63.2734375,956.173828125
63.2890625,956.1705322265625
63.3046875,956.1688842773438
63.3203125,956.1837768554688
63.3359375,956.17529296875
63.3515625,956.1688842773438
63.3671875,956.1788940429688
63.3828125,956.1705932617188
63.3984375,956.1803588867188
63.4140625,956.1708984375
63.4296875,956.1865234375
63.4453125,956.1842041015625
63.4609375,956.171630859375
63.4765625,956.18115234375
63.4921875,956.1693725585938
63.5078125,956.1627197265625
63.5234375,956.1644287109375
63.5390625,956.1663818359375
63.5546875,956.1801147460938
63.5703125,956.1756591796875
63.5859375,956.1777954101562
63.6015625,956.1781616210938
63.6171875,956.1746826171875
63.6328125,956.1713256835938
63.6484375,956.1760864257812
63.6640625,956.1885986328125
63.6796875,956.1641845703125
63.6953125,956.1829223632812
63.7109375,956.1724853515625
63.7265625,956.1773071289062
63.7421875,956.1611328125
63.7578125,956.1611328125
63.7734375,956.1873779296875
63.7890625,956.1704711914062
63.8046875,956.1762084960938
63.8203125,956.1611328125
63.8359375,956.1760864257812
63.8515625,956.168701171875
63.8671875,956.1730346679688
63.8828125,956.1808471679688
63.8984375,956.18115234375
63.9140625,956.1702880859375
63.9296875,956.18701171875
63.9453125,956.1756591796875
63.9609375,956.1838989257812
63.9765625,956.1654663085938
63.9921875,956.158935546875
64.0078125,956.1876831054688
64.0234375,956.1936645507812
64.0390625,956.1803588867188
64.0546875,956.1790161132812
64.0703125,956.1615600585938
64.0859375,956.171630859375
64.1015625,956.18359375
64.1171875,956.1834106445312
64.1328125,956.1845703125
64.1484375,956.1740112304688
64.1640625,956.1708374023438
64.1796875,956.1814575195312
64.1953125,956.1643676757812
64.2109375,956.180419921875
64.2265625,956.1568603515625
64.2421875,956.1760864257812
64.2578125,956.1705932617188
64.2734375,956.1702270507812
64.2890625,956.158203125
64.3046875,956.1680908203125
64.3203125,956.183349609375
64.3359375,956.1879272460938
64.3515625,956.1779174804688
64.3671875,956.1837768554688
64.3828125,956.1744384765625
64.3984375,956.168701171875
64.4140625,956.158935546875
64.4296875,956.19287109375
64.4453125,956.1813354492188
64.4609375,956.1876220703125
64.4765625,956.1828002929688
64.4921875,956.180908203125
64.5078125,956.1784057617188
64.5234375,956.180419921875
64.5390625,956.1755981445312
64.5546875,956.1622924804688
64.5703125,956.1832885742188
64.5859375,956.18359375
64.6015625,956.169921875
64.6171875,956.1713256835938
64.6328125,956.16162109375
64.6484375,956.1743774414062
64.6640625,956.1841430664062
64.6796875,956.17919921875
64.6953125,956.1690673828125
64.7109375,956.1859741210938
64.7265625,956.1815185546875
64.7421875,956.18115234375
64.7578125,956.1582641601562
64.7734375,956.1700439453125
64.7890625,956.1935424804688
64.8046875,956.1766967773438
64.8203125,956.184814453125
64.8359375,956.1614379882812
64.8515625,956.1846923828125
64.8671875,956.1705932617188
64.8828125,956.1813354492188
64.8984375,956.1707763671875
64.9140625,956.1842041015625
64.9296875,956.1612548828125
64.9453125,956.1713256835938
64.9609375,956.17578125
64.9765625,956.18115234375
64.9921875,956.1783447265625
65.0078125,956.1845703125
65.0234375,956.1796875
65.0390625,956.1801147460938
65.0546875,956.1802368164062
65.0703125,956.1864624023438
65.0859375,956.1627197265625
65.1015625,956.1759643554688
65.1171875,956.1839599609375
65.1328125,956.1715698242188
65.1484375,956.1858520507812
65.1640625,956.1743774414062
65.1796875,956.1671142578125
65.1953125,956.1627197265625
65.2109375,956.1810913085938
65.2265625,956.1744384765625
65.2421875,956.1821899414062
65.2578125,956.17138671875
65.2734375,956.173095703125
65.2890625,956.1766967773438
65.3046875,956.1826171875
65.3203125,956.1669311523438
65.3359375,956.1866455078125
65.3515625,956.1755981445312
65.3671875,956.1743774414062
65.3828125,956.1785888671875
65.3984375,956.1866455078125
65.4140625,956.1817016601562
65.4296875,956.1708374023438
65.4453125,956.1735229492188
65.4609375,956.1735229492188
65.4765625,956.1739501953125
65.4921875,956.1788940429688
65.5078125,956.1638793945312
65.5234375,956.1829223632812
65.5390625,956.1879272460938
65.5546875,956.1591796875
65.5703125,956.1779174804688
65.5859375,956.169677734375
65.6015625,956.1713256835938
65.6171875,956.18115234375
65.6328125,956.1853637695312
65.6484375,956.1795043945312
65.6640625,956.1568603515625
65.6796875,956.1696166992188
65.6953125,956.1746826171875
65.7109375,956.1881713867188
65.7265625,956.1692504882812
65.7421875,956.1693725585938
65.7578125,956.1856079101562
65.7734375,956.1798095703125
65.7890625,956.1810913085938
65.8046875,956.19287109375
65.8203125,956.1813354492188
65.8359375,956.1806640625
65.8515625,956.1746826171875
65.8671875,956.17138671875
65.8828125,956.1839599609375
65.8984375,956.1853637695312
65.9140625,956.1759643554688
65.9296875,956.1692504882812
65.9453125,956.168701171875
65.9609375,956.193359375
65.9765625,956.1663208007812
65.9921875,956.1693725585938
66.0078125,956.1743774414062
66.0234375,956.1832885742188
66.0390625,956.1808471679688
66.0546875,956.1864013671875
66.0703125,956.1828002929688
66.0859375,956.1795043945312
66.1015625,956.1740112304688
66.1171875,956.1678466796875
66.1328125,956.1829223632812
66.1484375,956.1876220703125
66.1640625,956.1807861328125
66.1796875,956.1808471679688
66.1953125,956.193359375
66.2109375,956.1752319335938
66.2265625,956.1898803710938
66.2421875,956.1773071289062
66.2578125,956.18359375
66.2734375,956.1859741210938
66.2890625,956.1746826171875
66.3046875,956.1688232421875
66.3203125,956.1762084960938
66.3359375,956.177001953125
66.3515625,956.1795043945312
66.3671875,956.1790161132812
66.3828125,956.1710205078125
66.3984375,956.1845703125
66.4140625,956.1803588867188
66.4296875,956.1739501953125
66.4453125,956.178955078125
66.4609375,956.1701049804688
66.4765625,956.1759643554688
66.4921875,956.1803588867188
66.5078125,956.1619873046875
66.5234375,956.1856689453125
66.5390625,956.1866455078125
66.5546875,956.1759643554688
66.5703125,956.1865234375
66.5859375,956.176513671875
66.6015625,956.1821899414062
66.6171875,956.1808471679688
66.6328125,956.17138671875
66.6484375,956.168701171875
66.6640625,956.1790161132812
66.6796875,956.1840209960938
66.6953125,956.1839599609375
66.7109375,956.17138671875
66.7265625,956.1798095703125
66.7421875,956.1759643554688
66.7578125,956.175048828125
66.7734375,956.1689453125
66.7890625,956.17724609375
66.8046875,956.1710205078125
66.8203125,956.1869506835938
66.8359375,956.1817626953125
66.8515625,956.1705932617188
66.8671875,956.1619873046875
66.8828125,956.1934814453125
66.8984375,956.1758422851562
66.9140625,956.1692504882812
66.9296875,956.152099609375
66.9453125,956.1689453125
66.9609375,956.1668701171875
66.9765625,956.1583251953125
66.9921875,956.168701171875
67.0078125,956.1612548828125
67.0234375,956.1829223632812
67.0390625,956.1641845703125
67.0546875,956.1760864257812
67.0703125,956.1768798828125
67.0859375,956.1825561523438
67.1015625,956.1766357421875
67.1171875,956.1582641601562
67.1328125,956.1846923828125
67.1484375,956.180908203125
67.1640625,956.1904296875
67.1796875,956.1893310546875
67.1953125,956.1777954101562
67.2109375,956.165283203125
67.2265625,956.1759643554688
67.2421875,956.180908203125
67.2578125,956.1502685546875
67.2734375,956.1612548828125
67.2890625,956.1795043945312
67.3046875,956.1671142578125
67.3203125,956.180908203125
67.3359375,956.178955078125
67.3515625,956.1790161132812
67.3671875,956.1873168945312
67.3828125,956.1895751953125
67.3984375,956.1796875
67.4140625,956.203125
67.4296875,956.1876220703125
67.4453125,956.1753540039062
67.4609375,956.1593627929688
67.4765625,956.1602172851562
67.4921875,956.1061401367188
67.5078125,956.1456298828125
67.5234375,956.1864013671875
67.5390625,956.183349609375
67.5546875,956.1345825195312
67.5703125,956.1400756835938
67.5859375,956.1607055664062
67.6015625,956.1806640625
67.6171875,956.187255859375
67.6328125,956.1869506835938
67.6484375,956.1821899414062
67.6640625,956.1627197265625
67.6796875,956.1796875
67.6953125,956.1861572265625
67.7109375,956.1781005859375
67.7265625,956.187255859375
67.7421875,956.1756591796875
67.7578125,956.1549682617188
67.7734375,956.1683349609375
67.7890625,956.1596069335938
67.8046875,956.1607666015625
67.8203125,956.1641845703125
67.8359375,956.1749267578125
67.8515625,956.1563720703125
67.8671875,956.1708984375
67.8828125,956.1986694335938
67.8984375,956.1920166015625
67.9140625,956.1852416992188
67.9296875,956.1801147460938
67.9453125,956.16162109375
67.9609375,956.1637573242188
67.9765625,956.1697387695312
67.9921875,956.1881713867188
68.0078125,956.1787109375
68.0234375,956.194580078125
68.0390625,956.1866455078125
68.0546875,956.1869506835938
68.0703125,956.1805419921875
68.0859375,956.189208984375
68.1015625,956.1818237304688
68.1171875,956.1815185546875
68.1328125,956.16943359375
68.1484375,956.175048828125
68.1640625,956.1349487304688
68.1796875,956.150390625
68.1953125,956.16943359375
68.2109375,956.1879272460938
68.2265625,956.20849609375
68.2421875,956.1945190429688
68.2578125,956.1796875
68.2734375,956.1763305664062
68.2890625,956.1792602539062
68.3046875,956.1736450195312
68.3203125,956.1568603515625
68.3359375,956.177490234375
68.3515625,956.1792602539062
68.3671875,956.1830444335938
68.3828125,956.1742553710938
68.3984375,956.169189453125
68.4140625,956.1697387695312
68.4296875,956.1716918945312
68.4453125,956.1716918945312
68.4609375,956.1599731445312
68.4765625,956.1527709960938
68.4921875,956.165283203125
68.5078125,956.1484985351562
68.5234375,956.18896484375
68.5390625,956.167236328125
68.5546875,956.1699829101562
68.5703125,956.185302734375
68.5859375,956.1722412109375
68.6015625,956.1827392578125
68.6171875,956.1797485351562
68.6328125,956.185302734375
68.6484375,956.1845092773438
68.6640625,956.1922607421875
68.6796875,956.1737060546875
68.6953125,956.1802978515625
68.7109375,956.165283203125
68.7265625,956.173828125
68.7421875,956.1702880859375
68.7578125,956.1610717773438
68.7734375,956.1488037109375
68.7890625,956.1663208007812
68.8046875,956.1763916015625
68.8203125,956.1735229492188
68.8359375,956.1691284179688
68.8515625,956.1752319335938
68.8671875,956.1680297851562
68.8828125,956.175537109375
68.8984375,956.1869506835938
68.9140625,956.1875
68.9296875,956.1737060546875
68.9453125,956.1840209960938
68.9609375,956.1603393554688
68.9765625,956.1652221679688
68.9921875,956.1653442382812
69.0078125,956.1758422851562
69.0234375,956.17919921875
69.0390625,956.1853637695312
69.0546875,956.182861328125
69.0703125,956.1702270507812
69.0859375,956.1646728515625
69.1015625,956.1571044921875
69.1171875,956.1859130859375
69.1328125,956.1743774414062
69.1484375,956.1756591796875
69.1640625,956.17529296875
69.1796875,956.1708374023438
69.1953125,956.1837158203125
69.2109375,956.1834106445312
69.2265625,956.1781005859375
69.2421875,956.1763916015625
69.2578125,956.196533203125
69.2734375,956.188720703125
69.2890625,956.1823120117188
69.3046875,956.1829223632812
69.3203125,956.1782836914062
69.3359375,956.1690673828125
69.3515625,956.2006225585938
69.3671875,956.1661987304688
69.3828125,956.17919921875
69.3984375,956.1597290039062
69.4140625,956.180908203125
69.4296875,956.185546875
69.4453125,956.1691284179688
69.4609375,956.1871948242188
69.4765625,956.1646728515625
69.4921875,956.1701049804688
69.5078125,956.1639404296875
69.5234375,956.1691284179688
69.5390625,956.1607055664062
69.5546875,956.1641235351562
69.5703125,956.1626586914062
69.5859375,956.1780395507812
69.6015625,956.17724609375
69.6171875,956.1769409179688
69.6328125,956.17333984375
69.6484375,956.2083129882812
69.6640625,956.1944580078125
69.6796875,956.1897583007812
69.6953125,956.1920166015625
69.7109375,956.1956176757812
69.7265625,956.165283203125
69.7421875,956.1624145507812
69.7578125,956.1683959960938
69.7734375,956.1516723632812
69.7890625,956.1563110351562
69.8046875,956.17578125
69.8203125,956.1705322265625
69.8359375,956.17333984375
69.8515625,956.158935546875
69.8671875,956.1502075195312
69.8828125,956.1675415039062
69.8984375,956.1714477539062
69.9140625,956.159423828125
69.9296875,956.1746826171875
69.9453125,956.1715698242188
69.9609375,956.1796875
69.9765625,956.1810913085938
69.9921875,956.1752319335938
70.0078125,956.1873168945312
70.0234375,956.1954956054688
70.0390625,956.19921875
70.0546875,956.1954956054688
70.0703125,956.1853637695312
70.0859375,956.1838989257812
70.1015625,956.1728515625
70.1171875,956.171630859375
70.1328125,956.1681518554688
70.1484375,956.1573486328125
70.1640625,956.1780395507812
70.1796875,956.17138671875
70.1953125,956.1832885742188
70.2109375,956.1862182617188
70.2265625,956.1884155273438
70.2421875,956.1744995117188
70.2578125,956.1873779296875
70.2734375,956.1775512695312
70.2890625,956.147216796875
70.3046875,956.1505737304688
70.3203125,956.14990234375
70.3359375,956.1705932617188
70.3515625,956.1771850585938
70.3671875,956.18701171875
70.3828125,956.1909790039062
70.3984375,956.1939697265625
70.4140625,956.203125
70.4296875,956.1901245117188
70.4453125,956.1827392578125
70.4609375,956.1719970703125
70.4765625,956.1775512695312
70.4921875,956.182861328125
70.5078125,956.1549682617188
70.5234375,956.17724609375
70.5390625,956.1544799804688
70.5546875,956.1731567382812
70.5703125,956.1525268554688
70.5859375,956.1677856445312
70.6015625,956.1740112304688
70.6171875,956.163330078125
70.6328125,956.1846923828125
70.6484375,956.1636352539062
70.6640625,956.145263671875
70.6796875,956.1524047851562
70.6953125,956.1693725585938
70.7109375,956.1795654296875
70.7265625,956.1879272460938
70.7421875,956.1915893554688
70.7578125,956.1965942382812
70.7734375,956.188720703125
70.7890625,956.1875
70.8046875,956.187255859375
70.8203125,956.1788940429688
70.8359375,956.1840209960938
70.8515625,956.1778564453125
70.8671875,956.1697998046875
70.8828125,956.1521606445312
70.8984375,956.1787109375
70.9140625,956.1942749023438
70.9296875,956.1947631835938
70.9453125,956.1795043945312
70.9609375,956.1795043945312
70.9765625,956.1945190429688
70.9921875,956.178466796875
71.0078125,956.1638793945312
71.0234375,956.1618041992188
71.0390625,956.1560668945312
71.0546875,956.1629638671875
71.0703125,956.1598510742188
71.0859375,956.0996704101562
71.1015625,956.1619873046875
71.1171875,956.1775512695312
71.1328125,956.1974487304688
71.1484375,956.21435546875
71.1640625,956.1782836914062
71.1796875,956.1787109375
71.1953125,956.1763916015625
71.2109375,956.1759643554688
71.2265625,956.1749267578125
71.2421875,956.1771850585938
71.2578125,956.1848754882812
71.2734375,956.1777954101562
71.2890625,956.18310546875
71.3046875,956.182861328125
71.3203125,956.1653442382812
71.3359375,956.1590576171875
71.3515625,956.173095703125
71.3671875,956.1722412109375
71.3828125,956.1549682617188
71.3984375,956.1586303710938
71.4140625,956.1661376953125
71.4296875,956.1703491210938
71.4453125,956.1814575195312
71.4609375,956.1756591796875
71.4765625,956.1942138671875
71.4921875,956.18896484375
71.5078125,956.1971435546875
71.5234375,956.1957397460938
71.5390625,956.1593627929688
71.5546875,956.1788940429688
71.5703125,956.1799926757812
71.5859375,956.1891479492188
71.6015625,956.1690673828125
71.6171875,956.1802978515625
71.6328125,956.1724243164062
71.6484375,956.1727294921875
71.6640625,956.1887817382812
71.6796875,956.1800537109375
71.6953125,956.1704711914062
71.7109375,956.1737060546875
71.7265625,956.1644287109375
71.7421875,956.1800537109375
71.7578125,956.171875
71.7734375,956.1957397460938
71.7890625,956.195068359375
71.8046875,956.2054443359375
71.8203125,956.2042236328125
71.8359375,956.19287109375
71.8515625,956.1817626953125
71.8671875,956.1914672851562
71.8828125,956.1818237304688
71.8984375,956.1937866210938
71.9140625,956.1859741210938
71.9296875,956.1801147460938
71.9453125,956.1808471679688
71.9609375,956.1419067382812
71.9765625,956.1859130859375
71.9921875,956.2009887695312
72.0078125,956.2077026367188
72.0234375,956.1800537109375
72.0390625,956.183349609375
72.0546875,956.1838989257812
72.0703125,956.1737060546875
72.0859375,956.1903076171875
72.1015625,956.1819458007812
72.1171875,956.1690673828125
72.1328125,956.2039794921875
72.1484375,956.208740234375
72.1640625,956.205810546875
72.1796875,956.1685791015625
72.1953125,956.1773071289062
72.2109375,956.1934204101562
72.2265625,956.1856079101562
72.2421875,956.1818237304688
72.2578125,956.1767578125
72.2734375,956.1849975585938
72.2890625,956.1763305664062
72.3046875,956.190673828125
72.3203125,956.1998291015625
72.3359375,956.171875
72.3515625,956.16796875
72.3671875,956.177490234375
72.3828125,956.1920776367188
72.3984375,956.1953125
72.4140625,956.1881103515625
72.4296875,956.1797485351562
72.4453125,956.17333984375
72.4609375,956.1746826171875
72.4765625,956.1837768554688
72.4921875,956.1858520507812
72.5078125,956.2075805664062
72.5234375,956.2018432617188
72.5390625,956.1861572265625
72.5546875,956.1974487304688
72.5703125,956.1957397460938
72.5859375,956.1854248046875
72.6015625,956.1849975585938
72.6171875,956.17724609375
72.6328125,956.1401977539062
72.6484375,956.1519165039062
72.6640625,956.1356811523438
72.6796875,956.1728515625
72.6953125,956.1862182617188
72.7109375,956.190185546875
72.7265625,956.1962890625
72.7421875,956.1883544921875
72.7578125,956.1792602539062
72.7734375,956.1946411132812
72.7890625,956.1769409179688
72.8046875,956.1685791015625
72.8203125,956.1588134765625
72.8359375,956.1680297851562
72.8515625,956.1812133789062
72.8671875,956.1737060546875
72.8828125,956.18115234375
72.8984375,956.1769409179688
72.9140625,956.2009887695312
72.9296875,956.17138671875
72.9453125,956.1864013671875
72.9609375,956.19873046875
72.9765625,956.20263671875
72.9921875,956.1919555664062
73.0078125,956.1928100585938
73.0234375,956.1956787109375
73.0390625,956.1961669921875
73.0546875,956.2051391601562
73.0703125,956.1998291015625
73.0859375,956.1994018554688
73.1015625,956.1825561523438
73.1171875,956.1834716796875
73.1328125,956.1981811523438
73.1484375,956.1566772460938
73.1640625,956.1552734375
73.1796875,956.185546875
73.1953125,956.194580078125
73.2109375,956.1978149414062
73.2265625,956.1993408203125
73.2421875,956.195068359375
73.2578125,956.199951171875
73.2734375,956.1861572265625
73.2890625,956.1834106445312
73.3046875,956.18505859375
73.3203125,956.1982421875
73.3359375,956.1663208007812
73.3515625,956.1759033203125
73.3671875,956.1956176757812
73.3828125,956.1829223632812
73.3984375,956.1839599609375
73.4140625,956.1658325195312
73.4296875,956.1688842773438
73.4453125,956.171142578125
73.4609375,956.1812133789062
73.4765625,956.1923217773438
73.4921875,956.1773071289062
73.5078125,956.177490234375
73.5234375,956.16162109375
73.5390625,956.1716918945312
73.5546875,956.1759033203125
73.5703125,956.1797485351562
73.5859375,956.2068481445312
73.6015625,956.2091064453125
73.6171875,956.2052001953125
73.6328125,956.1881713867188
73.6484375,956.1917114257812
73.6640625,956.1842651367188
73.6796875,956.1937866210938
73.6953125,956.1842651367188
73.7109375,956.1982421875
73.7265625,956.1979370117188
73.7421875,956.1756591796875
73.7578125,956.211669921875
73.7734375,956.1852416992188
73.7890625,956.1917114257812
73.8046875,956.1770629882812
73.8203125,956.1925659179688
73.8359375,956.185302734375
73.8515625,956.1792602539062
73.8671875,956.180419921875
73.8828125,956.1795043945312
73.8984375,956.1784057617188
73.9140625,956.1867065429688
73.9296875,956.1919555664062
73.9453125,956.196044921875
73.9609375,956.1891479492188
73.9765625,956.195068359375
73.9921875,956.1965942382812
74.0078125,956.1973266601562
74.0234375,956.1878051757812
74.0390625,956.1898803710938
74.0546875,956.1948852539062
74.0703125,956.1946411132812
74.0859375,956.1962890625
74.1015625,956.1864624023438
74.1171875,956.1979370117188
74.1328125,956.1741943359375
74.1484375,956.1664428710938
74.1640625,956.1729736328125
74.1796875,956.2053833007812
74.1953125,956.188720703125
74.2109375,956.19287109375
74.2265625,956.17138671875
74.2421875,956.1953735351562
74.2578125,956.1976318359375
74.2734375,956.1873168945312
74.2890625,956.168701171875
74.3046875,956.1827392578125
74.3203125,956.1506958007812
74.3359375,956.1939086914062
74.3515625,956.1962280273438
74.3671875,956.1950073242188
74.3828125,956.1868286132812
74.3984375,956.1954956054688
74.4140625,956.1861572265625
74.4296875,956.193359375
74.4453125,956.1891479492188
74.4609375,956.192626953125
74.4765625,956.1893310546875
74.4921875,956.1858520507812
74.5078125,956.1956176757812
74.5234375,956.1917114257812
74.5390625,956.2006225585938
74.5546875,956.1758422851562
74.5703125,956.1893310546875
74.5859375,956.1885986328125
74.6015625,956.1928100585938
74.6171875,956.1708984375
74.6328125,956.1729736328125
74.6484375,956.1751098632812
74.6640625,956.1696166992188
74.6796875,956.1715698242188
74.6953125,956.19677734375
74.7109375,956.2026977539062
74.7265625,956.2109985351562
74.7421875,956.2131958007812
74.7578125,956.206298828125
74.7734375,956.1852416992188
74.7890625,956.1841430664062
74.8046875,956.1743774414062
74.8203125,956.2017211914062
74.8359375,956.196044921875
74.8515625,956.192138671875
74.8671875,956.18505859375
74.8828125,956.193115234375
74.8984375,956.1759643554688
74.9140625,956.1541137695312
74.9296875,956.154052734375
74.9453125,956.1742553710938
74.9609375,956.2138061523438
74.9765625,956.1909790039062
74.9921875,956.1985473632812
75.0078125,956.1778564453125
75.0234375,956.1800537109375
75.0390625,956.1845092773438
75.0546875,956.1878662109375
75.0703125,956.1898803710938
75.0859375,956.19677734375
75.1015625,956.2052612304688
75.1171875,956.200439453125
75.1328125,956.2005004882812
75.1484375,956.1929321289062
75.1640625,956.1965942382812
75.1796875,956.178466796875
75.1953125,956.2005004882812
75.2109375,956.1959838867188
75.2265625,956.1876831054688
75.2421875,956.2012329101562
75.2578125,956.2013549804688
75.2734375,956.2017211914062
75.2890625,956.1915283203125
75.3046875,956.1896362304688
75.3203125,956.20849609375
75.3359375,956.1719970703125
75.3515625,956.188720703125
75.3671875,956.1834716796875
75.3828125,956.1942749023438
75.3984375,956.207763671875
75.4140625,956.2006225585938
75.4296875,956.201904296875
75.4453125,956.1964721679688
75.4609375,956.2001953125
75.4765625,956.1856079101562
75.4921875,956.1986694335938
75.5078125,956.1934204101562
75.5234375,956.188232421875
75.5390625,956.1976318359375
75.5546875,956.19287109375
75.5703125,956.2059936523438
75.5859375,956.21240234375
75.6015625,956.212158203125
75.6171875,956.2111206054688
75.6328125,956.1818237304688
75.6484375,956.1749267578125
75.6640625,956.1669921875
75.6796875,956.174560546875
75.6953125,956.1774291992188
75.7109375,956.1873779296875
75.7265625,956.202880859375
75.7421875,956.2116088867188
75.7578125,956.2171020507812
75.7734375,956.2109375
75.7890625,956.1964111328125
75.8046875,956.1790161132812
75.8203125,956.1970825195312
75.8359375,956.1868286132812
75.8515625,956.1865234375
75.8671875,956.193115234375
75.8828125,956.1983642578125
75.8984375,956.204345703125
75.9140625,956.193115234375
75.9296875,956.1968383789062
75.9453125,956.2154541015625
75.9609375,956.2112426757812
75.9765625,956.2156982421875
75.9921875,956.2010498046875
76.0078125,956.19140625
76.0234375,956.174560546875
76.0390625,956.1817626953125
76.0546875,956.162841796875
76.0703125,956.2062377929688
76.0859375,956.1985473632812
76.1015625,956.2135620117188
76.1171875,956.1992797851562
76.1328125,956.2102661132812
76.1484375,956.1922607421875
76.1640625,956.2042236328125
76.1796875,956.2040405273438
76.1953125,956.1929321289062
76.2109375,956.2034912109375
76.2265625,956.181396484375
76.2421875,956.1781616210938
76.2578125,956.196044921875
76.2734375,956.1846923828125
76.2890625,956.1845703125
76.3046875,956.201171875
76.3203125,956.1947631835938
76.3359375,956.2030029296875
76.3515625,956.1912841796875
76.3671875,956.1790161132812
76.3828125,956.1951293945312
76.3984375,956.204833984375
76.4140625,956.2094116210938
76.4296875,956.2081298828125
76.4453125,956.2078857421875
76.4609375,956.2137451171875
76.4765625,956.2140502929688
76.4921875,956.2023315429688
76.5078125,956.1944580078125
76.5234375,956.189453125
76.5390625,956.1900024414062
76.5546875,956.1837768554688
76.5703125,956.1995849609375
76.5859375,956.1800537109375
76.6015625,956.1827392578125
76.6171875,956.181396484375
76.6328125,956.157958984375
76.6484375,956.1697387695312
76.6640625,956.1752319335938
76.6796875,956.1702270507812
76.6953125,956.1814575195312
76.7109375,956.1987915039062
76.7265625,956.1868286132812
76.7421875,956.1700439453125
76.7578125,956.1951293945312
76.7734375,956.2060546875
76.7890625,956.2071533203125
76.8046875,956.2053833007812
76.8203125,956.2051391601562
76.8359375,956.2067260742188
76.8515625,956.1967163085938
76.8671875,956.2120971679688
76.8828125,956.1946411132812
76.8984375,956.21484375
76.9140625,956.2053833007812
76.9296875,956.2212524414062
76.9453125,956.1978149414062
76.9609375,956.1990966796875
76.9765625,956.1925659179688
76.9921875,956.1847534179688
77.0078125,956.1806640625
77.0234375,956.1897583007812
77.0390625,956.1744384765625
77.0546875,956.1934814453125
77.0703125,956.1768798828125
77.0859375,956.1912231445312
77.1015625,956.1998901367188
77.1171875,956.1802368164062
77.1328125,956.177001953125
77.1484375,956.192138671875
77.1640625,956.1886596679688
77.1796875,956.1856689453125
77.1953125,956.1860961914062
77.2109375,956.1885986328125
77.2265625,956.197998046875
77.2421875,956.201171875
77.2578125,956.188232421875
77.2734375,956.2061767578125
77.2890625,956.204345703125
77.3046875,956.2012329101562
77.3203125,956.2017211914062
77.3359375,956.1805419921875
77.3515625,956.1944580078125
77.3671875,956.2003173828125
77.3828125,956.1978149414062
77.3984375,956.1900024414062
77.4140625,956.1856079101562
77.4296875,956.1932373046875
77.4453125,956.1959838867188
77.4609375,956.199951171875
77.4765625,956.1857299804688
77.4921875,956.1953125
77.5078125,956.1947631835938
77.5234375,956.1950073242188
77.5390625,956.1898803710938
77.5546875,956.194580078125
77.5703125,956.178955078125
77.5859375,956.197021484375
77.6015625,956.1918334960938
77.6171875,956.1854248046875
77.6328125,956.1900634765625
77.6484375,956.1898803710938
77.6640625,956.1964721679688
77.6796875,956.182861328125
77.6953125,956.184326171875
77.7109375,956.1869506835938
77.7265625,956.204833984375
77.7421875,956.1958618164062
77.7578125,956.1878662109375
77.7734375,956.1870727539062
77.7890625,956.2054443359375
77.8046875,956.1964111328125
77.8203125,956.1931762695312
77.8359375,956.1939697265625
77.8515625,956.1856689453125
77.8671875,956.1820678710938
77.8828125,956.196044921875
77.8984375,956.2009887695312
77.9140625,956.1819458007812
77.9296875,956.1904296875
77.9453125,956.166015625
77.9609375,956.1862182617188
77.9765625,956.1868286132812
77.9921875,956.1968383789062
78.0078125,956.205078125
78.0234375,956.1937866210938
78.0390625,956.1939697265625
78.0546875,956.192626953125
78.0703125,956.2017211914062
78.0859375,956.1801147460938
78.1015625,956.1849975585938
78.1171875,956.186767578125
78.1328125,956.1984252929688
78.1484375,956.1954345703125
78.1640625,956.1817016601562
78.1796875,956.1883544921875
78.1953125,956.1879272460938
78.2109375,956.2042236328125
78.2265625,956.1857299804688
78.2421875,956.1897583007812
78.2578125,956.1926879882812
78.2734375,956.1856689453125
78.2890625,956.2017211914062
78.3046875,956.1834716796875
78.3203125,956.1812133789062
78.3359375,956.1900634765625
78.3515625,956.1859741210938
78.3671875,956.1798095703125
78.3828125,956.1879272460938
78.3984375,956.1981201171875
78.4140625,956.1986694335938
78.4296875,956.1900024414062
78.4453125,956.1859741210938
78.4609375,956.1903686523438
78.4765625,956.19140625
78.4921875,956.1964111328125
78.5078125,956.1798095703125
78.5234375,956.1909790039062
78.5390625,956.1883544921875
78.5546875,956.1969604492188
78.5703125,956.1759643554688
78.5859375,956.1957397460938
78.6015625,956.1776123046875
78.6171875,956.1917724609375
78.6328125,956.1920776367188
78.6484375,956.1821899414062
78.6640625,956.1903076171875
78.6796875,956.187255859375
78.6953125,956.1878051757812
78.7109375,956.1776123046875
78.7265625,956.1860961914062
78.7421875,956.1860961914062
78.7578125,956.1873779296875
78.7734375,956.20263671875
78.7890625,956.1853637695312
78.8046875,956.1895751953125
78.8203125,956.1962890625
78.8359375,956.19873046875
78.8515625,956.1820068359375
78.8671875,956.2008666992188
78.8828125,956.1860961914062
78.8984375,956.1887817382812
78.9140625,956.1953125
78.9296875,956.1876831054688
78.9453125,956.1842041015625
78.9609375,956.18310546875
78.9765625,956.173095703125
78.9921875,956.1840209960938
79.0078125,956.1797485351562
79.0234375,956.1875610351562
79.0390625,956.1896362304688
79.0546875,956.1820678710938
79.0703125,956.1915283203125
79.0859375,956.189453125
79.1015625,956.1998901367188
79.1171875,956.1951904296875
79.1328125,956.1967163085938
79.1484375,956.1959838867188
79.1640625,956.1958618164062
79.1796875,956.1967163085938
79.1953125,956.1845092773438
79.2109375,956.1964721679688
79.2265625,956.18896484375
79.2421875,956.1876831054688
79.2578125,956.1769409179688
79.2734375,956.1920166015625
79.2890625,956.1845703125
79.3046875,956.18505859375
79.3203125,956.1875610351562
79.3359375,956.1702270507812
79.3515625,956.1937866210938
79.3671875,956.1744384765625
79.3828125,956.1934204101562
79.3984375,956.190185546875
79.4140625,956.1971435546875
79.4296875,956.1976318359375
79.4453125,956.1727905273438
79.4609375,956.1983642578125
79.4765625,956.1892700195312
79.4921875,956.1793823242188
79.5078125,956.1803588867188
79.5234375,956.1917114257812
79.5390625,956.1986694335938
79.5546875,956.1951293945312
79.5703125,956.1786499023438
79.5859375,956.1939697265625
79.6015625,956.1785888671875
79.6171875,956.169189453125
79.6328125,956.1763916015625
79.6484375,956.169921875
79.6640625,956.1898803710938
79.6796875,956.1838989257812
79.6953125,956.1878662109375
79.7109375,956.1851196289062
79.7265625,956.1864013671875
79.7421875,956.1613159179688
79.7578125,956.198486328125
79.7734375,956.1820678710938
79.7890625,956.1837768554688
79.8046875,956.198974609375
79.8203125,956.1947631835938
79.8359375,956.1813354492188
79.8515625,956.1898803710938
79.8671875,956.2015991210938
79.8828125,956.1798706054688
79.8984375,956.1768798828125
79.9140625,956.1958618164062
79.9296875,956.1883544921875
79.9453125,956.1862182617188
79.9609375,956.181396484375
79.9765625,956.18505859375
79.9921875,956.1914672851562
80.0078125,956.1898193359375
80.0234375,956.1774291992188
80.0390625,956.1758422851562
80.0546875,956.20849609375
80.0703125,956.1839599609375
80.0859375,956.182861328125
80.1015625,956.1729736328125
80.1171875,956.1814575195312
80.1328125,956.1951904296875
80.1484375,956.1917114257812
80.1640625,956.1826171875
80.1796875,956.1740112304688
80.1953125,956.1708374023438
80.2109375,956.1799926757812
80.2265625,956.1939697265625
80.2421875,956.1926879882812
80.2578125,956.1884765625
80.2734375,956.2059326171875
80.2890625,956.1970825195312
80.3046875,956.1998291015625
80.3203125,956.1814575195312
80.3359375,956.1852416992188
80.3515625,956.1951904296875
80.3671875,956.1900024414062
80.3828125,956.2112426757812
80.3984375,956.1903686523438
80.4140625,956.1827392578125
80.4296875,956.188232421875
80.4453125,956.1915893554688
80.4609375,956.182861328125
80.4765625,956.2063598632812
80.4921875,956.1826171875
80.5078125,956.177490234375
80.5234375,956.1795043945312
80.5390625,956.1854248046875
80.5546875,956.1953125
80.5703125,956.18701171875
80.5859375,956.1895141601562
80.6015625,956.1826171875
80.6171875,956.1828002929688
80.6328125,956.1881713867188
80.6484375,956.1971435546875
80.6640625,956.1797485351562
80.6796875,956.1903686523438
80.6953125,956.1869506835938
80.7109375,956.200439453125
80.7265625,956.1830444335938
80.7421875,956.2017211914062
80.7578125,956.1705322265625
80.7734375,956.2034912109375
80.7890625,956.1881713867188
80.8046875,956.1885986328125
80.8203125,956.1793823242188
80.8359375,956.1915283203125
80.8515625,956.1842041015625
80.8671875,956.1821899414062
80.8828125,956.1842651367188
80.8984375,956.1820068359375
80.9140625,956.196533203125
80.9296875,956.1784057617188
80.9453125,956.1878662109375
80.9609375,956.1962280273438
80.9765625,956.188720703125
80.9921875,956.1962280273438
81.0078125,956.1830444335938
81.0234375,956.1759643554688
81.0390625,956.1900024414062
81.0546875,956.1950073242188
81.0703125,956.1839599609375
81.0859375,956.1917724609375
81.1015625,956.1871948242188
81.1171875,956.1845703125
81.1328125,956.1881103515625
81.1484375,956.1827392578125
81.1640625,956.1932373046875
81.1796875,956.182861328125
81.1953125,956.1901245117188
81.2109375,956.1801147460938
81.2265625,956.1701049804688
81.2421875,956.1873779296875
81.2578125,956.1785888671875
81.2734375,956.1658325195312
81.2890625,956.1974487304688
81.3046875,956.2042846679688
81.3203125,956.1937255859375
81.3359375,956.1923217773438
81.3515625,956.1923828125
81.3671875,956.1925048828125
81.3828125,956.177490234375
81.3984375,956.2017211914062
81.4140625,956.1959838867188
81.4296875,956.1814575195312
81.4453125,956.1937255859375
81.4609375,956.1881713867188
81.4765625,956.2049560546875
81.4921875,956.2017211914062
81.5078125,956.193359375
81.5234375,956.1995239257812
81.5390625,956.1896362304688
81.5546875,956.1937255859375
81.5703125,956.1936645507812
81.5859375,956.1990356445312
81.6015625,956.2018432617188
81.6171875,956.2036743164062
81.6328125,956.1904296875
81.6484375,956.186279296875
81.6640625,956.186767578125
81.6796875,956.2031860351562
81.6953125,956.1923828125
81.7109375,956.178955078125
81.7265625,956.1953125
81.7421875,956.1932373046875
81.7578125,956.1848754882812
81.7734375,956.2034301757812
81.7890625,956.1893310546875
81.8046875,956.1903076171875
81.8203125,956.1845092773438
81.8359375,956.1820678710938
81.8515625,956.1807861328125
81.8671875,956.1792602539062
81.8828125,956.1807861328125
81.8984375,956.188232421875
81.9140625,956.1884765625
81.9296875,956.1889038085938
81.9453125,956.181396484375
81.9609375,956.1859741210938
81.9765625,956.1731567382812
81.9921875,956.1825561523438
82.0078125,956.1873779296875
82.0234375,956.1749877929688
82.0390625,956.186767578125
82.0546875,956.1827392578125
82.0703125,956.1842651367188
82.0859375,956.1820678710938
82.1015625,956.186767578125
82.1171875,956.1964721679688
82.1328125,956.2018432617188
82.1484375,956.1981201171875
82.1640625,956.19140625
82.1796875,956.19140625
82.1953125,956.19287109375
82.2109375,956.204345703125
82.2265625,956.1879272460938
82.2421875,956.181396484375
82.2578125,956.2042236328125
82.2734375,956.1896362304688
82.2890625,956.204833984375
82.3046875,956.200439453125
82.3203125,956.1930541992188
82.3359375,956.2056274414062
82.3515625,956.2025756835938
82.3671875,956.193359375
82.3828125,956.1891479492188
82.3984375,956.1951904296875
82.4140625,956.1990356445312
82.4296875,956.2030029296875
82.4453125,956.2037353515625
82.4609375,956.2049560546875
82.4765625,956.1964721679688
82.4921875,956.2088012695312
82.5078125,956.2018432617188
82.5234375,956.2034912109375
82.5390625,956.2100830078125
82.5546875,956.2025756835938
82.5703125,956.1959228515625
82.5859375,956.1998901367188
82.6015625,956.1939697265625
82.6171875,956.2081909179688
82.6328125,956.1953125
82.6484375,956.1900634765625
82.6640625,956.2084350585938
82.6796875,956.2026977539062
82.6953125,956.2030029296875
82.7109375,956.2042846679688
82.7265625,956.2101440429688
82.7421875,956.1904296875
82.7578125,956.2073974609375
82.7734375,956.1728515625
82.7890625,956.1994018554688
82.8046875,956.2028198242188
82.8203125,956.1898193359375
82.8359375,956.2057495117188
82.8515625,956.2072143554688
82.8671875,956.205810546875
82.8828125,956.2120361328125
82.8984375,956.2177734375
82.9140625,956.2141723632812
82.9296875,956.2120971679688
82.9453125,956.2054443359375
82.9609375,956.2056274414062
82.9765625,956.2107543945312
82.9921875,956.206298828125
83.0078125,956.2063598632812
83.0234375,956.1934204101562
83.0390625,956.2059936523438
83.0546875,956.2145385742188
83.0703125,956.20068359375
83.0859375,956.2190551757812
83.1015625,956.1995239257812
83.1171875,956.2117919921875
83.1328125,956.20068359375
83.1484375,956.1917724609375
83.1640625,956.2074584960938
83.1796875,956.2142944335938
83.1953125,956.200927734375
83.2109375,956.184814453125
83.2265625,956.202392578125
83.2421875,956.1845703125
83.2578125,956.2031860351562
83.2734375,956.212646484375
83.2890625,956.2083129882812
83.3046875,956.2034912109375
83.3203125,956.1876831054688
83.3359375,956.1859130859375
83.3515625,956.1981811523438
83.3671875,956.2106323242188
83.3828125,956.1884155273438
83.3984375,956.2100830078125
83.4140625,956.208984375
83.4296875,956.2025756835938
83.4453125,956.2169189453125
83.4609375,956.182373046875
83.4765625,956.20068359375
83.4921875,956.2079467773438
83.5078125,956.1978759765625
83.5234375,956.2020874023438
83.5390625,956.1968383789062
83.5546875,956.1861572265625
83.5703125,956.1923828125
83.5859375,956.1969604492188
83.6015625,956.1953735351562
83.6171875,956.1815185546875
83.6328125,956.2010498046875
83.6484375,956.1848754882812
83.6640625,956.1876831054688
83.6796875,956.2179565429688
83.6953125,956.19677734375
83.7109375,956.214599609375
83.7265625,956.1808471679688
83.7421875,956.190185546875
83.7578125,956.204833984375
83.7734375,956.2040405273438
83.7890625,956.2061767578125
83.8046875,956.212646484375
83.8203125,956.2078857421875
83.8359375,956.2018432617188
83.8515625,956.1820068359375
83.8671875,956.2051391601562
83.8828125,956.2130737304688
83.8984375,956.2017211914062
83.9140625,956.2095947265625
83.9296875,956.194091796875
83.9453125,956.2031860351562
83.9609375,956.2125854492188
83.9765625,956.2001342773438
83.9921875,956.200927734375
84.0078125,956.1903686523438
84.0234375,956.1992797851562
84.0390625,956.1971435546875
84.0546875,956.1942138671875
84.0703125,956.19677734375
84.0859375,956.1920776367188
84.1015625,956.1896362304688
84.1171875,956.2100830078125
84.1328125,956.1919555664062
84.1484375,956.19287109375
84.1640625,956.1861572265625
84.1796875,956.2000732421875
84.1953125,956.1937866210938
84.2109375,956.1879272460938
84.2265625,956.197265625
84.2421875,956.1956176757812
84.2578125,956.2003784179688
84.2734375,956.20263671875
84.2890625,956.2047729492188
84.3046875,956.1953125
84.3203125,956.193359375
84.3359375,956.1934204101562
84.3515625,956.1983642578125
84.3671875,956.1893310546875
84.3828125,956.2023315429688
84.3984375,956.1922607421875
84.4140625,956.1925048828125
84.4296875,956.1995239257812
84.4453125,956.1992797851562
84.4609375,956.2044067382812
84.4765625,956.2003173828125
84.4921875,956.1829223632812
84.5078125,956.2012939453125
84.5234375,956.2032470703125
84.5390625,956.1968383789062
84.5546875,956.1922607421875
84.5703125,956.2114868164062
84.5859375,956.1974487304688
84.6015625,956.1752319335938
84.6171875,956.19091796875
84.6328125,956.1976318359375
84.6484375,956.1946411132812
84.6640625,956.1962890625
84.6796875,956.1969604492188
84.6953125,956.1956176757812
84.7109375,956.2036743164062
84.7265625,956.1986694335938
84.7421875,956.1834716796875
84.7578125,956.1891479492188
84.7734375,956.1954956054688
84.7890625,956.1954956054688
84.8046875,956.1982421875
84.8203125,956.1919555664062
84.8359375,956.1956787109375
84.8515625,956.197021484375
84.8671875,956.1875
84.8828125,956.1837158203125
84.8984375,956.1865234375
84.9140625,956.1934204101562
84.9296875,956.1881713867188
84.9453125,956.182373046875
84.9609375,956.1901245117188
84.9765625,956.1915893554688
84.9921875,956.17529296875
85.0078125,956.1969604492188
85.0234375,956.184326171875
85.0390625,956.1956176757812
85.0546875,956.1954345703125
85.0703125,956.195068359375
85.0859375,956.1864624023438
85.1015625,956.1930541992188
85.1171875,956.1934814453125
85.1328125,956.1957397460938
85.1484375,956.1700439453125
85.1640625,956.1944580078125
85.1796875,956.1907348632812
85.1953125,956.1834716796875
85.2109375,956.1775512695312
85.2265625,956.1759643554688
85.2421875,956.184326171875
85.2578125,956.1885986328125
85.2734375,956.1839599609375
85.2890625,956.1923828125
85.3046875,956.1931762695312
85.3203125,956.1906127929688
85.3359375,956.1922607421875
85.3515625,956.197998046875
85.3671875,956.1885986328125
85.3828125,956.1851196289062
85.3984375,956.19677734375
85.4140625,956.1802978515625
85.4296875,956.1784057617188
85.4453125,956.1943359375
85.4609375,956.1909790039062
85.4765625,956.1824951171875
85.4921875,956.1898803710938
85.5078125,956.1897583007812
85.5234375,956.1790161132812
85.5390625,956.1845703125
85.5546875,956.196044921875
85.5703125,956.202392578125
85.5859375,956.1937866210938
85.6015625,956.18359375
85.6171875,956.1849975585938
85.6328125,956.1866455078125
85.6484375,956.2015991210938
85.6640625,956.1939086914062
85.6796875,956.1968383789062
85.6953125,956.1828002929688
85.7109375,956.1869506835938
85.7265625,956.1782836914062
85.7421875,956.1809692382812
85.7578125,956.2023315429688
85.7734375,956.1976318359375
85.7890625,956.182861328125
85.8046875,956.1909790039062
85.8203125,956.1756591796875
85.8359375,956.1928100585938
85.8515625,956.1788940429688
85.8671875,956.2070922851562
85.8828125,956.18310546875
85.8984375,956.1884765625
85.9140625,956.1854248046875
85.9296875,956.1920776367188
85.9453125,956.1854248046875
85.9609375,956.1632690429688
85.9765625,956.182373046875
85.9921875,956.1781005859375
86.0078125,956.1838989257812
86.0234375,956.1785888671875
86.0390625,956.196044921875
86.0546875,956.1847534179688
86.0703125,956.1922607421875
86.0859375,956.18701171875
86.1015625,956.1930541992188
86.1171875,956.1898193359375
86.1328125,956.18701171875
86.1484375,956.1981811523438
86.1640625,956.19482421875
86.1796875,956.1696166992188
86.1953125,956.1945190429688
86.2109375,956.1931762695312
86.2265625,956.1868286132812
86.2421875,956.1840209960938
86.2578125,956.1845092773438
86.2734375,956.188720703125
86.2890625,956.1778564453125
86.3046875,956.1707763671875
86.3203125,956.1926879882812
86.3359375,956.1796875
86.3515625,956.1857299804688
86.3671875,956.1746826171875
86.3828125,956.1797485351562
86.3984375,956.1767578125
86.4140625,956.1754760742188
86.4296875,956.2042846679688
86.4453125,956.1817016601562
86.4609375,956.190185546875
86.4765625,956.1878662109375
86.4921875,956.2057495117188
86.5078125,956.1839599609375
86.5234375,956.1805419921875
86.5390625,956.1755981445312
86.5546875,956.1792602539062
86.5703125,956.1720581054688
86.5859375,956.1846923828125
86.6015625,956.1817016601562
86.6171875,956.1778564453125
86.6328125,956.1875
86.6484375,956.1904296875
86.6640625,956.182373046875
86.6796875,956.1795654296875
86.6953125,956.188232421875
86.7109375,956.1995239257812
86.7265625,956.1911010742188
86.7421875,956.1823120117188
86.7578125,956.1848754882812
86.7734375,956.18701171875
86.7890625,956.190185546875
86.8046875,956.2001342773438
86.8203125,956.2008666992188
86.8359375,956.1968383789062
86.8515625,956.1868286132812
86.8671875,956.1797485351562
86.8828125,956.1697387695312
86.8984375,956.1954956054688
86.9140625,956.1868286132812
86.9296875,956.1951293945312
86.9453125,956.1942138671875
86.9609375,956.1819458007812
86.9765625,956.1925659179688
86.9921875,956.1676635742188
87.0078125,956.1917114257812
87.0234375,956.1861572265625
87.0390625,956.1708984375
87.0546875,956.1958618164062
87.0703125,956.1810913085938
87.0859375,956.182861328125
87.1015625,956.1979370117188
87.1171875,956.20068359375
87.1328125,956.1962890625
87.1484375,956.17919921875
87.1640625,956.191162109375
87.1796875,956.186767578125
87.1953125,956.1747436523438
87.2109375,956.1984252929688
87.2265625,956.198974609375
87.2421875,956.1805419921875
87.2578125,956.194091796875
87.2734375,956.1947631835938
87.2890625,956.1943359375
87.3046875,956.180908203125
87.3203125,956.1862182617188
87.3359375,956.1834716796875
87.3515625,956.1881713867188
87.3671875,956.1942749023438
87.3828125,956.1957397460938
87.3984375,956.1763305664062
87.4140625,956.1829223632812
87.4296875,956.1942749023438
87.4453125,956.18310546875
87.4609375,956.1885986328125
87.4765625,956.1944580078125
87.4921875,956.1802978515625
87.5078125,956.1779174804688
87.5234375,956.1749877929688
87.5390625,956.185546875
87.5546875,956.1768798828125
87.5703125,956.1691284179688
87.5859375,956.1906127929688
87.6015625,956.1892700195312
87.6171875,956.165771484375
87.6328125,956.183349609375
87.6484375,956.17333984375
87.6640625,956.1917114257812
87.6796875,956.1671752929688
87.6953125,956.1876831054688
87.7109375,956.1703491210938
87.7265625,956.1763305664062
87.7421875,956.1626586914062
87.7578125,956.1801147460938
87.7734375,956.173583984375
87.7890625,956.1647338867188
87.8046875,956.185302734375
87.8203125,956.1664428710938
87.8359375,956.1852416992188
87.8515625,956.178466796875
87.8671875,956.1775512695312
87.8828125,956.1737060546875
87.8984375,956.1932373046875
87.9140625,956.186279296875
87.9296875,956.175537109375
87.9453125,956.1724243164062
87.9609375,956.183349609375
87.9765625,956.1976318359375
87.9921875,956.19677734375
88.0078125,956.1788330078125
88.0234375,956.1818237304688
88.0390625,956.1790161132812
88.0546875,956.184814453125
88.0703125,956.1842041015625
88.0859375,956.1895141601562
88.1015625,956.1717529296875
88.1171875,956.1791381835938
88.1328125,956.1859130859375
88.1484375,956.1859130859375
88.1640625,956.1632080078125
88.1796875,956.1736450195312
88.1953125,956.182373046875
88.2109375,956.1752319335938
88.2265625,956.1870727539062
88.2421875,956.1906127929688
88.2578125,956.1788330078125
88.2734375,956.1860961914062
88.2890625,956.1841430664062
88.3046875,956.1846923828125
88.3203125,956.1744384765625
88.3359375,956.1744384765625
88.3515625,956.1919555664062
88.3671875,956.1799926757812
88.3828125,956.1736450195312
88.3984375,956.1801147460938
88.4140625,956.1722412109375
88.4296875,956.1795043945312
88.4453125,956.1787109375
88.4609375,956.1852416992188
88.4765625,956.1732788085938
88.4921875,956.1873779296875
88.5078125,956.1771850585938
88.5234375,956.1741333007812
88.5390625,956.1806640625
88.5546875,956.1666870117188
88.5703125,956.1666259765625
88.5859375,956.1802978515625
88.6015625,956.1674194335938
88.6171875,956.1860961914062
88.6328125,956.169189453125
88.6484375,956.1842041015625
88.6640625,956.1926879882812
88.6796875,956.1781005859375
88.6953125,956.1964111328125
88.7109375,956.169189453125
88.7265625,956.1787109375
88.7421875,956.1781005859375
88.7578125,956.1859130859375
88.7734375,956.18310546875
88.7890625,956.1810913085938
88.8046875,956.1820068359375
88.8203125,956.1809692382812
88.8359375,956.1735229492188
88.8515625,956.1838989257812
88.8671875,956.1950073242188
88.8828125,956.1881103515625
88.8984375,956.2022705078125
88.9140625,956.1903076171875
88.9296875,956.1818237304688
88.9453125,956.1914672851562
88.9609375,956.1905517578125
88.9765625,956.1881103515625
88.9921875,956.1761474609375
89.0078125,956.1903076171875
89.0234375,956.1773071289062
89.0390625,956.1912841796875
89.0546875,956.1781005859375
89.0703125,956.171630859375
89.0859375,956.1704711914062
89.1015625,956.1845703125
89.1171875,956.1761474609375
89.1328125,956.1768798828125
89.1484375,956.1922607421875
89.1640625,956.1864624023438
89.1796875,956.171630859375
89.1953125,956.1813354492188
89.2109375,956.1729736328125
89.2265625,956.1849975585938
89.2421875,956.1788330078125
89.2578125,956.1781005859375
89.2734375,956.1654663085938
89.2890625,956.1806640625
89.3046875,956.1805419921875
89.3203125,956.1782836914062
89.3359375,956.1851196289062
89.3515625,956.1908569335938
89.3671875,956.1940307617188
89.3828125,956.180908203125
89.3984375,956.1761474609375
89.4140625,956.1820678710938
89.4296875,956.180908203125
89.4453125,956.1802978515625
89.4609375,956.1815185546875
89.4765625,956.1827392578125
89.4921875,956.1827392578125
89.5078125,956.1787109375
89.5234375,956.1782836914062
89.5390625,956.18310546875
89.5546875,956.1798095703125
89.5703125,956.1778564453125
89.5859375,956.1751098632812
89.6015625,956.1873779296875
89.6171875,956.169921875
89.6328125,956.1731567382812
89.6484375,956.1884765625
89.6640625,956.1890258789062
89.6796875,956.1756591796875
89.6953125,956.190673828125
89.7109375,956.177490234375
89.7265625,956.1805419921875
89.7421875,956.1890258789062
89.7578125,956.17138671875
89.7734375,956.1876831054688
89.7890625,956.1852416992188
89.8046875,956.1810913085938
89.8203125,956.1806030273438
89.8359375,956.1805419921875
89.8515625,956.1809692382812
89.8671875,956.1832885742188
89.8828125,956.183349609375
89.8984375,956.1859741210938
89.9140625,956.1814575195312
89.9296875,956.1741333007812
89.9453125,956.1689453125
89.9609375,956.1856079101562
89.9765625,956.1909790039062
89.9921875,956.1788330078125
90.0078125,956.182373046875
90.0234375,956.1813354492188
90.0390625,956.1741943359375
90.0546875,956.178466796875
90.0703125,956.1727294921875
90.0859375,956.1814575195312
90.1015625,956.1809692382812
90.1171875,956.1859741210938
90.1328125,956.1891479492188
90.1484375,956.1914672851562
90.1640625,956.1813354492188
90.1796875,956.1752319335938
90.1953125,956.1865234375
90.2109375,956.1769409179688
90.2265625,956.1763916015625
90.2421875,956.1768798828125
90.2578125,956.189453125
90.2734375,956.1748046875
90.2890625,956.17529296875
90.3046875,956.177001953125
90.3203125,956.1846923828125
90.3359375,956.1837768554688
90.3515625,956.1602783203125
90.3671875,956.1851196289062
90.3828125,956.1778564453125
90.3984375,956.1739501953125
90.4140625,956.1688842773438
90.4296875,956.1851196289062
90.4453125,956.1939697265625
90.4609375,956.1732788085938
90.4765625,956.1775512695312
90.4921875,956.1587524414062
90.5078125,956.1630249023438
90.5234375,956.175537109375
90.5390625,956.1692504882812
90.5546875,956.1630859375
90.5703125,956.1857299804688
90.5859375,956.1852416992188
90.6015625,956.1777954101562
90.6171875,956.1622924804688
90.6328125,956.1736450195312
90.6484375,956.1768798828125
90.6640625,956.1524047851562
90.6796875,956.17529296875
90.6953125,956.1720581054688
90.7109375,956.1660766601562
90.7265625,956.1766967773438
90.7421875,956.169921875
90.7578125,956.1795654296875
90.7734375,956.1705932617188
90.7890625,956.1744995117188
90.8046875,956.1809692382812
90.8203125,956.183349609375
90.8359375,956.16796875
90.8515625,956.1934814453125
90.8671875,956.1856689453125
90.8828125,956.1787109375
90.8984375,956.1937255859375
90.9140625,956.1871948242188
90.9296875,956.1802368164062
90.9453125,956.1836547851562
90.9609375,956.1716918945312
90.9765625,956.1947631835938
90.9921875,956.1717529296875
91.0078125,956.1824951171875
91.0234375,956.1812133789062
91.0390625,956.1719970703125
91.0546875,956.1780395507812
91.0703125,956.1720581054688
91.0859375,956.1715698242188
91.1015625,956.1790161132812
91.1171875,956.1787109375
91.1328125,956.180908203125
91.1484375,956.1876831054688
91.1640625,956.189208984375
91.1796875,956.1736450195312
91.1953125,956.1820678710938
91.2109375,956.1815185546875
91.2265625,956.1852416992188
91.2421875,956.166748046875
91.2578125,956.1817016601562
91.2734375,956.1788330078125
91.2890625,956.1793823242188
91.3046875,956.1790161132812
91.3203125,956.17333984375
91.3359375,956.1777954101562
91.3515625,956.1817016601562
91.3671875,956.1666870117188
91.3828125,956.1873168945312
91.3984375,956.168701171875
91.4140625,956.167724609375
91.4296875,956.1788940429688
91.4453125,956.1859130859375
91.4609375,956.1683959960938
91.4765625,956.1671142578125
91.4921875,956.1630859375
91.5078125,956.1682739257812
91.5234375,956.173828125
91.5390625,956.17529296875
91.5546875,956.1806640625
91.5703125,956.1686401367188
91.5859375,956.1728515625
91.6015625,956.180908203125
91.6171875,956.1686401367188
91.6328125,956.1781616210938
91.6484375,956.17578125
91.6640625,956.1821899414062
91.6796875,956.167724609375
91.6953125,956.184814453125
91.7109375,956.1790161132812
91.7265625,956.1683959960938
91.7421875,956.1690673828125
91.7578125,956.1759643554688
91.7734375,956.1771850585938
91.7890625,956.1764526367188
91.8046875,956.1820068359375
91.8203125,956.1832885742188
91.8359375,956.1838989257812
91.8515625,956.1699829101562
91.8671875,956.1766357421875
91.8828125,956.1825561523438
91.8984375,956.1736450195312
91.9140625,956.1688842773438
91.9296875,956.1779174804688
91.9453125,956.1676635742188
91.9609375,956.1649169921875
91.9765625,956.1743774414062
91.9921875,956.1770629882812
92.0078125,956.1779174804688
92.0234375,956.174560546875
92.0390625,956.1847534179688
92.0546875,956.1720581054688
92.0703125,956.1693725585938
92.0859375,956.1871948242188
92.1015625,956.1719360351562
92.1171875,956.1788940429688
92.1328125,956.1676635742188
92.1484375,956.193115234375
92.1640625,956.178955078125
92.1796875,956.1713256835938
92.1953125,956.1722412109375
92.2109375,956.1678466796875
92.2265625,956.1510009765625
92.2421875,956.1699829101562
92.2578125,956.1769409179688
92.2734375,956.17724609375
92.2890625,956.1671752929688
92.3046875,956.1705932617188
92.3203125,956.178955078125
92.3359375,956.1858520507812
92.3515625,956.1791381835938
92.3671875,956.1795043945312
92.3828125,956.1571044921875
92.3984375,956.1612548828125
92.4140625,956.1616821289062
92.4296875,956.179443359375
92.4453125,956.1806640625
92.4609375,956.1846923828125
92.4765625,956.173828125
92.4921875,956.1802978515625
92.5078125,956.1738891601562
92.5234375,956.1741333007812
92.5390625,956.1925659179688
92.5546875,956.181396484375
92.5703125,956.1723022460938
92.5859375,956.173828125
92.6015625,956.1923828125
92.6171875,956.172607421875
92.6328125,956.1746826171875
92.6484375,956.1773071289062
92.6640625,956.1812133789062
92.6796875,956.1703491210938
92.6953125,956.1773071289062
92.7109375,956.1968383789062
92.7265625,956.1694946289062
92.7421875,956.1578979492188
92.7578125,956.156005859375
92.7734375,956.1783447265625
92.7890625,956.1771850585938
92.8046875,956.1688232421875
92.8203125,956.1830444335938
92.8359375,956.1777954101562
92.8515625,956.1621704101562
92.8671875,956.1864624023438
92.8828125,956.1791381835938
92.8984375,956.1771850585938
92.9140625,956.1758422851562
92.9296875,956.1651611328125
92.9453125,956.1744384765625
92.9609375,956.1766357421875
92.9765625,956.1837158203125
92.9921875,956.1837158203125
93.0078125,956.1829223632812
93.0234375,956.1619873046875
93.0390625,956.1715698242188
93.0546875,956.174560546875
93.0703125,956.1741333007812
93.0859375,956.1909790039062
93.1015625,956.1754760742188
93.1171875,956.1737060546875
93.1328125,956.1778564453125
93.1484375,956.166015625
93.1640625,956.1728515625
93.1796875,956.1747436523438
93.1953125,956.17138671875
93.2109375,956.162109375
93.2265625,956.1764526367188
93.2421875,956.1852416992188
93.2578125,956.1736450195312
93.2734375,956.172607421875
93.2890625,956.1801147460938
93.3046875,956.1802978515625
93.3203125,956.1782836914062
93.3359375,956.1776123046875
93.3515625,956.1796875
93.3671875,956.177734375
93.3828125,956.176513671875
93.3984375,956.1824951171875
93.4140625,956.1771850585938
93.4296875,956.167236328125
93.4453125,956.1703491210938
93.4609375,956.1844482421875
93.4765625,956.19921875
93.4921875,956.1753540039062
93.5078125,956.1786499023438
93.5234375,956.1638793945312
93.5390625,956.1849975585938
93.5546875,956.1802368164062
93.5703125,956.1657104492188
93.5859375,956.1618041992188
93.6015625,956.193359375
93.6171875,956.1752319335938
93.6328125,956.1900634765625
93.6484375,956.1664428710938
93.6640625,956.1669311523438
93.6796875,956.1696166992188
93.6953125,956.1758422851562
93.7109375,956.1768798828125
93.7265625,956.1665649414062
93.7421875,956.1785888671875
93.7578125,956.1856079101562
93.7734375,956.1871948242188
93.7890625,956.1761474609375
93.8046875,956.1784057617188
93.8203125,956.1773071289062
93.8359375,956.1879272460938
93.8515625,956.1701049804688
93.8671875,956.1660766601562
93.8828125,956.1834106445312
93.8984375,956.1672973632812
93.9140625,956.1735229492188
93.9296875,956.1768798828125
93.9453125,956.180908203125
93.9609375,956.1785888671875
93.9765625,956.1841430664062
93.9921875,956.1880493164062
94.0078125,956.1702880859375
94.0234375,956.1685180664062
94.0390625,956.1881103515625
94.0546875,956.1779174804688
94.0703125,956.181640625
94.0859375,956.1701049804688
94.1015625,956.1607055664062
94.1171875,956.1774291992188
94.1328125,956.1741333007812
94.1484375,956.1749267578125
94.1640625,956.1591186523438
94.1796875,956.1806030273438
94.1953125,956.1622924804688
94.2109375,956.1826171875
94.2265625,956.1793823242188
94.2421875,956.1763305664062
94.2578125,956.177490234375
94.2734375,956.1785888671875
94.2890625,956.1619873046875
94.3046875,956.1805419921875
94.3203125,956.1700439453125
94.3359375,956.1627197265625
94.3515625,956.1741943359375
94.3671875,956.1591186523438
94.3828125,956.1781005859375
94.3984375,956.1837158203125
94.4140625,956.1849975585938
94.4296875,956.180419921875
94.4453125,956.17724609375
94.4609375,956.1647338867188
94.4765625,956.1712036132812
94.4921875,956.1736450195312
94.5078125,956.1900024414062
94.5234375,956.188232421875
94.5390625,956.1917114257812
94.5546875,956.1832885742188
94.5703125,956.187255859375
94.5859375,956.1802368164062
94.6015625,956.1714477539062
94.6171875,956.1707763671875
94.6328125,956.1704711914062
94.6484375,956.166748046875
94.6640625,956.177490234375
94.6796875,956.1780395507812
94.6953125,956.171875
94.7109375,956.171875
94.7265625,956.1803588867188
94.7421875,956.172607421875
94.7578125,956.184814453125
94.7734375,956.1716918945312
94.7890625,956.1732788085938
94.8046875,956.186767578125
94.8203125,956.166015625
94.8359375,956.180419921875
94.8515625,956.1769409179688
94.8671875,956.1724853515625
94.8828125,956.1727905273438
94.8984375,956.1791381835938
94.9140625,956.1829223632812
94.9296875,956.1663208007812
94.9453125,956.1729736328125
94.9609375,956.1803588867188
94.9765625,956.1692504882812
94.9921875,956.18505859375
95.0078125,956.1763916015625
95.0234375,956.1801147460938
95.0390625,956.1873168945312
95.0546875,956.1778564453125
95.0703125,956.1671142578125
95.0859375,956.1746826171875
95.1015625,956.17724609375
95.1171875,956.1676635742188
95.1328125,956.1747436523438
95.1484375,956.1658325195312
95.1640625,956.1654663085938
95.1796875,956.1861572265625
95.1953125,956.165771484375
95.2109375,956.175537109375
95.2265625,956.1683349609375
95.2421875,956.171875
95.2578125,956.1870727539062
95.2734375,956.1775512695312
95.2890625,956.1689453125
95.3046875,956.17529296875
95.3203125,956.1678466796875
95.3359375,956.1826171875
95.3515625,956.1788330078125
95.3671875,956.1838989257812
95.3828125,956.173095703125
95.3984375,956.1747436523438
95.4140625,956.175048828125
95.4296875,956.1830444335938
95.4453125,956.1881713867188
95.4609375,956.1759643554688
95.4765625,956.172607421875
95.4921875,956.177001953125
95.5078125,956.1694946289062
95.5234375,956.1767578125
95.5390625,956.1830444335938
95.5546875,956.1683959960938
95.5703125,956.1759643554688
95.5859375,956.1838989257812
95.6015625,956.1920776367188
95.6171875,956.171142578125
95.6328125,956.1818237304688
95.6484375,956.1742553710938
95.6640625,956.1632080078125
95.6796875,956.1697998046875
95.6953125,956.1766357421875
95.7109375,956.1671752929688
95.7265625,956.1721801757812
95.7421875,956.1786499023438
95.7578125,956.1690673828125
95.7734375,956.1792602539062
95.7890625,956.1678466796875
95.8046875,956.170654296875
95.8203125,956.1781616210938
95.8359375,956.1781616210938
95.8515625,956.1635131835938
95.8671875,956.1892700195312
95.8828125,956.1785888671875
95.8984375,956.1793823242188
95.9140625,956.1781005859375
95.9296875,956.1676635742188
95.9453125,956.1717529296875
95.9609375,956.1790161132812
95.9765625,956.1716918945312
95.9921875,956.1786499023438
96.0078125,956.1697998046875
96.0234375,956.1510620117188
96.0390625,956.1917724609375
96.0546875,956.181396484375
96.0703125,956.1857299804688
96.0859375,956.1790161132812
96.1015625,956.1743774414062
96.1171875,956.1785888671875
96.1328125,956.1630249023438
96.1484375,956.1813354492188
96.1640625,956.1719360351562
96.1796875,956.1840209960938
96.1953125,956.1724853515625
96.2109375,956.1697998046875
96.2265625,956.1722412109375
96.2421875,956.1793823242188
96.2578125,956.1773071289062
96.2734375,956.1856689453125
96.2890625,956.17919921875
96.3046875,956.1665649414062
96.3203125,956.1867065429688
96.3359375,956.1580810546875
96.3515625,956.1743774414062
96.3671875,956.1738891601562
96.3828125,956.1870727539062
96.3984375,956.1660766601562
96.4140625,956.157470703125
96.4296875,956.183349609375
96.4453125,956.1724243164062
96.4609375,956.1744384765625
96.4765625,956.174560546875
96.4921875,956.1717529296875
96.5078125,956.1809692382812
96.5234375,956.1807861328125
96.5390625,956.1710815429688
96.5546875,956.1696166992188
96.5703125,956.1744384765625
96.5859375,956.1663818359375
96.6015625,956.1724243164062
96.6171875,956.1663208007812
96.6328125,956.1668701171875
96.6484375,956.1912231445312
96.6640625,956.1735229492188
96.6796875,956.1800537109375
96.6953125,956.1751098632812
96.7109375,956.1865234375
96.7265625,956.1677856445312
96.7421875,956.1708984375
96.7578125,956.173583984375
96.7734375,956.1912231445312
96.7890625,956.1767578125
96.8046875,956.1839599609375
96.8203125,956.174560546875
96.8359375,956.1761474609375
96.8515625,956.1781616210938
96.8671875,956.1770629882812
96.8828125,956.1766967773438
96.8984375,956.1864624023438
96.9140625,956.173583984375
96.9296875,956.1830444335938
96.9453125,956.1774291992188
96.9609375,956.1784057617188
96.9765625,956.1787109375
96.9921875,956.1776123046875
97.0078125,956.1688842773438
97.0234375,956.1858520507812
97.0390625,956.177001953125
97.0546875,956.1724853515625
97.0703125,956.1978759765625
97.0859375,956.185546875
97.1015625,956.1837158203125
97.1171875,956.157958984375
97.1328125,956.1735229492188
97.1484375,956.1713256835938
97.1640625,956.1845703125
97.1796875,956.1663818359375
97.1953125,956.1588134765625
97.2109375,956.1820678710938
97.2265625,956.1814575195312
97.2421875,956.1819458007812
97.2578125,956.1763916015625
97.2734375,956.1777954101562
97.2890625,956.177490234375
97.3046875,956.173828125
97.3203125,956.1658325195312
97.3359375,956.18896484375
97.3515625,956.19091796875
97.3671875,956.1669921875
97.3828125,956.1884765625
97.3984375,956.1759033203125
97.4140625,956.1707763671875
97.4296875,956.1830444335938
97.4453125,956.1928100585938
97.4609375,956.1827392578125
97.4765625,956.1771850585938
97.4921875,956.165283203125
97.5078125,956.1720581054688
97.5234375,956.18701171875
97.5390625,956.1780395507812
97.5546875,956.1783447265625
97.5703125,956.1577758789062
97.5859375,956.19482421875
97.6015625,956.193359375
97.6171875,956.1873168945312
97.6328125,956.1840209960938
97.6484375,956.1727294921875
97.6640625,956.1943359375
97.6796875,956.1669921875
97.6953125,956.189208984375
97.7109375,956.182861328125
97.7265625,956.1722412109375
97.7421875,956.1708984375
97.7578125,956.1522216796875
97.7734375,956.1907348632812
97.7890625,956.1858520507812
97.8046875,956.1740112304688
97.8203125,956.17919921875
97.8359375,956.1685791015625
97.8515625,956.1705322265625
97.8671875,956.1672973632812
97.8828125,956.1666870117188
97.8984375,956.178955078125
97.9140625,956.1762084960938
97.9296875,956.185546875
97.9453125,956.1865234375
97.9609375,956.1585083007812
97.9765625,956.1929321289062
97.9921875,956.1770629882812
98.0078125,956.1803588867188
98.0234375,956.1694946289062
98.0390625,956.1691284179688
98.0546875,956.1724853515625
98.0703125,956.174560546875
98.0859375,956.1803588867188
98.1015625,956.16943359375
98.1171875,956.1807861328125
98.1328125,956.184326171875
98.1484375,956.1705322265625
98.1640625,956.1795654296875
98.1796875,956.1767578125
98.1953125,956.1792602539062
98.2109375,956.1801147460938
98.2265625,956.1736450195312
98.2421875,956.181640625
98.2578125,956.1760864257812
98.2734375,956.180908203125
98.2890625,956.1636352539062
98.3046875,956.1763305664062
98.3203125,956.1739501953125
98.3359375,956.1694946289062
98.3515625,956.1712036132812
98.3671875,956.1838989257812
98.3828125,956.17724609375
98.3984375,956.1727294921875
98.4140625,956.1768798828125
98.4296875,956.1742553710938
98.4453125,956.18896484375
98.4609375,956.1777954101562
98.4765625,956.1716918945312
98.4921875,956.1788330078125
98.5078125,956.1664428710938
98.5234375,956.1661987304688
98.5390625,956.1775512695312
98.5546875,956.18359375
98.5703125,956.17919921875
98.5859375,956.1820068359375
98.6015625,956.1770629882812
98.6171875,956.194091796875
98.6328125,956.1803588867188
98.6484375,956.1803588867188
98.6640625,956.1671752929688
98.6796875,956.1848754882812
98.6953125,956.1720581054688
98.7109375,956.1785888671875
98.7265625,956.178955078125
98.7421875,956.1640625
98.7578125,956.1806640625
98.7734375,956.16796875
98.7890625,956.1730346679688
98.8046875,956.167236328125
98.8203125,956.165771484375
98.8359375,956.18701171875
98.8515625,956.177490234375
98.8671875,956.1842041015625
98.8828125,956.1740112304688
98.8984375,956.1674194335938
98.9140625,956.186279296875
98.9296875,956.1785888671875
98.9453125,956.1778564453125
98.9609375,956.1699829101562
98.9765625,956.1931762695312
98.9921875,956.1607055664062
99.0078125,956.175537109375
99.0234375,956.1917114257812
99.0390625,956.1838989257812
99.0546875,956.1866455078125
99.0703125,956.1763916015625
99.0859375,956.1768798828125
99.1015625,956.1766357421875
99.1171875,956.1760864257812
99.1328125,956.1795043945312
99.1484375,956.1807861328125
99.1640625,956.1844482421875
99.1796875,956.1884155273438
99.1953125,956.1561279296875
99.2109375,956.1766357421875
99.2265625,956.1798095703125
99.2421875,956.1837768554688
99.2578125,956.1936645507812
99.2734375,956.1769409179688
99.2890625,956.1852416992188
99.3046875,956.1786499023438
99.3203125,956.1692504882812
99.3359375,956.1737060546875
99.3515625,956.183349609375
99.3671875,956.17529296875
99.3828125,956.1859741210938
99.3984375,956.168701171875
99.4140625,956.1713256835938
99.4296875,956.1705932617188
99.4453125,956.1708374023438
99.4609375,956.18115234375
99.4765625,956.1598510742188
99.4921875,956.1890258789062
99.5078125,956.180908203125
99.5234375,956.177734375
99.5390625,956.1801147460938
99.5546875,956.1689453125
99.5703125,956.1820068359375
99.5859375,956.1712036132812
99.6015625,956.1784057617188
99.6171875,956.1842651367188
99.6328125,956.1719970703125
99.6484375,956.181396484375
99.6640625,956.1905517578125
99.6796875,956.1934204101562
99.6953125,956.177734375
99.7109375,956.1853637695312
99.7265625,956.1799926757812
99.7421875,956.1829223632812
99.7578125,956.173095703125
99.7734375,956.1777954101562
99.7890625,956.1783447265625
99.8046875,956.1768798828125
99.8203125,956.170654296875
99.8359375,956.1857299804688
99.8515625,956.1783447265625
99.8671875,956.1864013671875
99.8828125,956.1705932617188
99.8984375,956.1858520507812
99.9140625,956.1873168945312
99.9296875,956.183349609375
99.9453125,956.1862182617188
99.9609375,956.1842651367188
99.9765625,956.1878662109375
99.9921875,956.17529296875
100.0078125,956.1798706054688
100.0234375,956.165283203125
100.0390625,956.1810913085938
100.0546875,956.1701049804688
100.0703125,956.1867065429688
100.0859375,956.179443359375
100.1015625,956.1802368164062
100.1171875,956.1873168945312
100.1328125,956.1744995117188
100.1484375,956.1912841796875
100.1640625,956.1646728515625
100.1796875,956.1930541992188
100.1953125,956.1806640625
100.2109375,956.177734375
100.2265625,956.181396484375
100.2421875,956.182861328125
100.2578125,956.163818359375
100.2734375,956.1622314453125
100.2890625,956.1893310546875
100.3046875,956.1630859375
100.3203125,956.1771850585938
100.3359375,956.1714477539062
100.3515625,956.1886596679688
100.3671875,956.1860961914062
100.3828125,956.1868286132812
100.3984375,956.1878051757812
100.4140625,956.1898193359375
100.4296875,956.170654296875
100.4453125,956.1989135742188
100.4609375,956.1918334960938
100.4765625,956.1870727539062
100.4921875,956.1828002929688
100.5078125,956.1812133789062
100.5234375,956.1735229492188
100.5390625,956.1716918945312
100.5546875,956.1763305664062
100.5703125,956.183349609375
100.5859375,956.1810913085938
100.6015625,956.1837768554688
100.6171875,956.188232421875
100.6328125,956.1744995117188
100.6484375,956.1903076171875
100.6640625,956.1683959960938
100.6796875,956.1903686523438
100.6953125,956.1646728515625
100.7109375,956.1775512695312
100.7265625,956.19091796875
100.7421875,956.1710815429688
100.7578125,956.184326171875
100.7734375,956.178466796875
100.7890625,956.1672973632812
100.8046875,956.1725463867188
100.8203125,956.1897583007812
100.8359375,956.1605834960938
100.8515625,956.1708984375
100.8671875,956.1801147460938
100.8828125,956.1856689453125
100.8984375,956.1760864257812
100.9140625,956.1923217773438
100.9296875,956.1939086914062
100.9453125,956.198486328125
100.9609375,956.172607421875
100.9765625,956.1893310546875
100.9921875,956.1836547851562
101.0078125,956.1636352539062
101.0234375,956.1848754882812
101.0390625,956.19482421875
101.0546875,956.1813354492188
101.0703125,956.1922607421875
101.0859375,956.1802978515625
101.1015625,956.1911010742188
101.1171875,956.1975708007812
101.1328125,956.1974487304688
101.1484375,956.1638793945312
101.1640625,956.1915893554688
101.1796875,956.1837768554688
101.1953125,956.1643676757812
101.2109375,956.1828002929688
101.2265625,956.1749267578125
101.2421875,956.1785888671875
101.2578125,956.188720703125
101.2734375,956.1861572265625
101.2890625,956.1808471679688
101.3046875,956.1893310546875
101.3203125,956.1797485351562
101.3359375,956.1694946289062
