Time (seconds),X,Y,Z
0.0,-0.34666748158787397,0.8483329768053052,-0.19069156250954986
0.02,-0.32710937261253553,0.9578583870672004,-0.25205512941967423
0.04,-0.3596247287840357,1.0170216667175993,-0.29386058735446013
0.06,-0.41707667389909236,0.9170308345811814,-0.2787030528985729
0.08,-0.44396907374018274,0.912874736423922,-0.24912141307337346
0.1,-0.481862909879901,1.063472175534028,-0.21929529688598234
0.12,-0.5515386731045442,1.1945115056687956,-0.16917764263667756
0.14,-0.584298505638236,1.238517250863307,-0.1591541117868166
0.16,-0.5681630657335819,1.1720196803471563,-0.1518198209210647
0.18,-0.5786755493078263,1.0700730373132048,-0.14375210096873758
0.2,-0.6092350945817926,1.009931852214039,-0.13715123918956085
0.22,-0.619747578156037,0.9864621214436329,-0.14521895914188795
0.24,-0.5911438437796045,0.9688598233658283,-0.15475353726736546
0.26,-0.5075329279100327,0.9277877945176175,-0.14741924640161355
0.28,-0.4204993429697766,0.9004064419521437,-0.12883904287504203
0.309,-0.3645142560278703,0.9052959691959783,-0.12443846835559087
0.32,-0.36011368150841916,0.9184976927543318,-0.1312838064969593
0.34,-0.4053418085138893,0.928276747242001,-0.14350762460654584
0.36,-0.4371237355988143,0.9172753109433731,-0.1376401919139443
0.38,-0.4613268954557956,0.8996730128655686,-0.13323961739449316
0.4,-0.48895272438346116,0.8571341258442075,-0.11734865385203068
0.42,-0.5146227424135928,0.7977263698316169,-0.09901292668765088
0.44,-0.5495828622070104,0.7498090028420377,-0.07872138862573724
0.46,-0.5989670873697399,0.7471197628579287,-0.07872138862573724
0.48,-0.6879564832075299,1.0796076154386822,-0.08703358494025609
0.5,-0.7925923662255906,1.3062372031904166,-0.1750450753292791
0.52,-0.7556764355346393,0.920942456376249,-0.12346056290682395
0.54,-0.6605751306420561,0.7202273630168383,-0.06698652324053418
0.56,-0.5530055312776946,0.8116615224765455,-0.07505424319286129
0.58,-0.46181584818017907,0.9551691470830914,-0.08654463221587262
0.6,-0.43150077926840447,1.0265562448430767,-0.07701005409039513
0.62,-0.4517923173303181,1.0810744736118327,-0.05647403966628976
0.64,-0.4852855789505852,1.2057574183296151,-0.08409986859395532
0.66,-0.5050881642881154,1.3174831158512361,-0.09925740304984261
0.68,-0.5283134186963298,1.3323961739449317,-0.057451945115056684
0.7,-0.543470953152217,1.2827674724200104,-0.028114781652049017
0.72,-0.5043547352015402,1.2157809491794762,-0.04522812700547016
0.74,-0.41927696115881796,1.1820432111970174,-0.07627662500381995
0.76,-0.305839929101855,1.189621978424961,-0.11930446474956452
0.78,-0.17969012621092198,1.1617516731351036,-0.11685970112764722
0.8,-0.10683617027778626,1.071539895486355,-0.07969929407450417
0.82,-0.0975460685145005,0.9720380160743208,-0.04498365064327843
0.84,-0.14228524279558719,0.9263209363444672,-0.03764935977752651
0.86,-0.22174006050789963,0.9170308345811814,-0.06503071234300034
0.88,-0.26012284937200136,0.9074962564557039,-0.1063472175534028
0.9,-0.2694129511352871,0.8986951074168016,-0.12688323197750817
0.92,-0.2765027656388473,0.8862268129450234,-0.12663875561531643
0.94,-0.28261467469364054,0.8710692784891361,-0.11759313021422241
0.96,-0.29850563823610304,0.8615347003636585,-0.11563731931668857
0.98,-0.3190416526602084,0.8588454603795496,-0.12052684656052318
1.0,-0.3324878525807536,0.8632460348990006,-0.1327506646701097
1.02,-0.34300033615499803,0.8608012712770834,-0.13372857011887662
1.04,-0.35791339424869356,0.8566451731198239,-0.1246829447177826
1.06,-0.3672034960119793,0.8696024203159857,-0.12052684656052318
1.08,-0.35717996516211836,0.8850044311340647,-0.11197017388381261
1.1,-0.33224337621856187,0.9104299728020047,-0.11001436298627876
1.12,-0.3327323289429453,0.9884179323411667,-0.13495095192983528
1.14,-0.3356660452892461,1.1651743422057879,-0.22051767869694097
1.16,-0.36084711059499436,1.1632185313082541,-0.2877486782996669
1.18,-0.37160407053143046,0.8766922348195458,-0.18115698438407235
1.2,-0.3989854230969043,0.7818354062891544,-0.08947834856217339
1.22,-0.4285670629221037,0.8546893622222901,-0.08654463221587262
1.24,-0.4195214375210097,0.8444213550102374,-0.09607921034135011
1.26,-0.41389848119059985,0.8475995477187299,-0.08483329768053051
1.28,-0.44348012101579926,0.9236316963603581,-0.0503621306114965
1.3,-0.44348012101579926,0.9236316963603581,-0.0503621306114965
1.329,-0.48650796076154385,0.9815725941997983,0.0036671454328759587
1.34,-0.5351587568376982,1.0485591174403324,-0.011490389023011338
1.36,-0.572563640253033,1.1412156587109983,-0.04229441065916939
1.38,-0.6353940653363078,1.133392415120863,0.01589096354246249
1.4,-0.7097148794425939,1.0732512300216972,0.13935152644928644
1.42,-0.5891880328820707,1.1023439171225131,0.32759832533691896
1.44,-0.36158053968156956,1.1776426366775663,0.45790422638511136
1.46,-0.37307092870458086,1.1634630076704457,0.4187880084344345
1.48,-0.48455214986401,1.1463496623170246,0.27454695474131346
1.5,-0.5681630657335819,1.1959783638419461,0.10243559575833511
1.52,-0.5388259022705743,1.2020902728967393,-0.001222381810958653
1.54,-0.5187788405708523,1.1111450661614155,-0.05427375240656419
1.56,-0.5097332151697582,1.0003972740885616,-0.07603214864162822
1.58,-0.44396907374018274,0.940989518075971,-0.07040919231121841
1.6,-0.3784494086727989,0.9052959691959783,-0.05476270513094765
1.62,-0.32979861259664456,0.8451547840968127,-0.02029153806191364
1.64,-0.3344436634782874,0.767655777282034,0.013446199920545182
1.66,-0.3630473978547199,0.7334290865751918,0.03960517067506036
1.68,-0.3945848485774532,0.7872138862573724,0.04204993429697766
1.7,-0.42563334657580293,0.9150750236836476,0.028359258014240746
1.72,-0.466460899061822,1.0113987103871893,-0.015646487180270757
1.74,-0.47575100082510774,0.9747272560584298,-0.05940775601259053
1.76,-0.45594841548757753,0.8994285365033768,-0.07016471594902668
1.78,-0.4522812700547016,0.9057849219203618,-0.08043272316107936
1.8,-0.4381016410475812,0.9370778962809033,-0.09730159215230877
1.82,-0.3962961831127953,0.9695932524524035,-0.11979341747394799
1.84,-0.35620205971335145,1.040735873850197,-0.14350762460654584
1.86,-0.3383552852733551,1.104299728020047,-0.15206429728325643
1.88,-0.33371023439171227,1.1331479387586711,-0.1525532500076399
1.9,-0.3261314671637686,1.1309476514989456,-0.15939858814900834
1.92,-0.32735384897472725,1.088897717201968,-0.14741924640161355
1.94,-0.35986920514622744,1.003575466797054,-0.10928093389970357
1.96,-0.4124316230174495,0.9045625401094032,-0.059896708736973996
1.98,-0.4571707972985362,0.8136173333740794,-0.009045625401094031
2.0,-0.500932066130856,0.7424747119762858,0.011490389023011338
2.02,-0.5510497203801608,0.7544540537236806,-0.009290101763285763
2.04,-0.595299941936864,0.8273080096568163,-0.01711334535342114
2.06,-0.657885890657947,0.901139871038719,-0.003422669070684228
2.08,-0.7197384102924549,0.9937964123093849,-0.013690676282736913
2.1,-0.7414968065275188,1.142438040521957,-0.0591632796503988
2.12,-0.7221831739143721,1.3387525593619167,-0.11930446474956452
2.14,-0.6696207560431501,1.458301500473673,-0.12248265745805702
2.16,-0.5962778473856309,1.4384989151361427,-0.05402927604437246
2.18,-0.49922073159551383,1.394737646303823,-0.0022002872597255752
2.2,-0.40167466308101335,1.35757723925068,0.03178192708492498
2.22,-0.3070623109128136,1.2182257128013936,0.09607921034135011
2.24,-0.20780490786297098,1.0514928337866332,0.18409070073037312
2.26,-0.19484766066680928,0.8639794639855759,0.2608562784585765
2.28,-0.3334657580295205,0.762277297313816,0.32564251443938513
2.3,-0.4926198698163371,0.7248724138984812,0.3310209944076032
2.32,-0.5129114078782507,0.683311432325887,0.29557192188980225
2.349,-0.5368700913730403,0.6077682364086422,0.3060844054640467
2.36,-0.5938330837637136,0.4830852916908596,0.4207438193319683
2.38,-0.6771995232710937,0.32490908535280993,0.600678421905082
2.4,-0.6764660941845185,0.34666748158787397,0.5806313602053601
2.42,-0.69504629771109,0.374782263239923,0.5669406839226232
2.44,-0.7185160284814962,0.3183082235736332,0.7158267884973871
2.46,-0.68233352687712,0.20487119151667021,0.7977263698316169
2.48,-0.823885340586132,0.17528955169147084,0.6410170216667176
2.5,-0.9199645509274822,0.2126944351068056,0.626103963573022
2.52,-0.8219295296885982,0.18457965345475658,0.7209607921034135
2.54,-0.72047183937903,0.07089814503560186,0.7221831739143721
2.56,-0.6745102832869847,0.06698652324053418,0.6630198942639733
2.58,-0.6177917672585032,0.06967576322464322,0.601656327353849
2.6,-0.532713993215781,0.0911896830975155,0.6019008037160407
2.62,-0.26843504568652016,0.20584909696543716,0.5867432692601534
2.64,0.048650796076154385,0.43003392109525407,0.5613177275922134
2.66,-0.013690676282736913,0.5314916114048223,0.5818537420163188
2.68,-0.22271796595666657,0.45961556092045347,0.5840540292760443
2.7,-0.22271796595666657,0.45961556092045347,0.5840540292760443
2.72,-0.5402927604437245,0.3789383613971824,0.6901567704672554
2.74,-0.7339180392995752,0.3197750817467836,0.7793906426672371
2.76,-0.7771903554075115,0.20829386058735447,0.7916144607768236
2.78,-0.9006509183143354,0.0774990068147786,0.7759679735965529
2.8,-0.9427008526113131,0.08581120312929744,0.7564098646212144
2.82,-0.8962503437948843,0.12761666106408337,0.7691226354551844
2.84,-0.8270635332946246,0.16208782813311737,0.8180179078935306
2.86,-0.8133728570118877,0.16208782813311737,0.8490664058918803
2.88,-0.7539651009992971,0.15524248999174892,0.8744919475598203
2.9,-0.7011582067658834,0.11221465024600434,0.8659352748831097
2.92,-0.7006692540414998,0.07701005409039513,0.8353757296091434
2.94,-0.7097148794425939,0.05011765424930477,0.8013935152644929
2.96,-0.699691348592733,0.031048497998349783,0.7769458790453198
2.98,-0.6984689667817743,0.022980778046022676,0.7639886318491581
3.0,-0.6867341013965712,0.03202640344711671,0.7593435809675152
3.02,-0.6745102832869847,0.0415609815725942,0.7590991046053235
3.04,-0.6705986614919169,0.04816184335177093,0.7698560645417596
3.06,-0.6688873269565748,0.05011765424930477,0.7977263698316169
3.08,-0.6659536106102741,0.047428414265195735,0.8277969623811997
3.1,-0.666931516059041,0.03960517067506036,0.8427100204748953
3.12,-0.6649757051615072,0.03373773798245882,0.8336643950738013
3.14,-0.658863796106714,0.028359258014240746,0.8253521987592825
3.16,-0.6573969379335636,0.026403447116706905,0.8153286679094215
3.18,-0.6539742688628793,0.026647923478898633,0.8070164715949026
3.2,-0.6554411270360296,0.026892399841090365,0.803104849799835
3.22,-0.6527518870519207,0.026647923478898633,0.7982153225560004
3.24,-0.647862359808086,0.030559545273966322,0.7982153225560004
3.26,-0.6459065489105522,0.03447116706903401,0.8026158970754514
3.28,-0.6427283562020597,0.035938025242184396,0.8116615224765455
3.3,-0.6368609235094582,0.03422669070684228,0.8216850533264065
3.32,-0.6336827308009657,0.029092687100815938,0.8292638205543501
3.34,-0.6305045380924732,0.024203159856981328,0.83488677688476
3.368,-0.627081869021789,0.018824679888763254,0.8351312532469517
3.38,-0.6258594872108303,0.015646487180270757,0.8351312532469517
3.4,-0.626103963573022,0.01589096354246249,0.8326864896250343
3.42,-0.6341716835253491,0.01637991626684595,0.8326864896250343
3.44,-0.6380833053204168,0.021758396235064023,0.8307306787275005
3.46,-0.642483879839868,0.02982611618739113,0.8226629587751734
3.48,-0.6503071234300033,0.040827552486019006,0.8158176206338049
3.5,-0.6537297925006875,0.04913974880053785,0.8099501879412034
3.52,-0.6561745561226049,0.05402927604437246,0.802126944351068
3.54,-0.6542187452250711,0.05574061057971457,0.7989487516425755
3.56,-0.658863796106714,0.05182898878464688,0.7962595116584665
3.58,-0.6659536106102741,0.047183937903004,0.7962595116584665
3.6,-0.6661980869724659,0.043761268832319775,0.7952816062096996
3.62,-0.6666870396968493,0.04645050881642881,0.7955260825718913
3.64,-0.6683983742321914,0.04816184335177093,0.79674846438285
3.66,-0.6747547596491764,0.05207346514683862,0.795770558934083
3.68,-0.6762216178223268,0.05476270513094765,0.7923478898633988
3.7,-0.6727989487516426,0.061119090547932645,0.7845246462732635
3.72,-0.6671759924212327,0.06429728325642514,0.7786572135806619
3.74,-0.6681538978699997,0.0647862359808086,0.781346453564771
3.76,-0.6708431378541088,0.05891880328820707,0.7906365553280567
3.78,-0.6703541851297252,0.052317941509030345,0.7969929407450417
3.8,-0.6674204687834245,0.05011765424930477,0.8028603734376433
3.82,-0.6649757051615072,0.052562417871222074,0.8011490389023012
3.84,-0.6603306542798643,0.05158451242245515,0.7982153225560004
3.86,-0.658863796106714,0.047183937903004,0.79674846438285
3.88,-0.6571524615713717,0.04253888702136112,0.7982153225560004
3.9,-0.6576414142957553,0.03813831250190997,0.7996821807291508
3.92,-0.6554411270360296,0.038871741588485165,0.8016379916266846
3.94,-0.647862359808086,0.04204993429697766,0.7991932280047672
3.96,-0.6417504507532927,0.040827552486019006,0.7991932280047672
3.98,-0.6419949271154846,0.03373773798245882,0.8018824679888763
4.0,-0.6419949271154846,0.027136876203282093,0.8082388534058613
4.02,-0.6407725453045259,0.022736301683830944,0.817528955169147
4.04,-0.6397946398557589,0.02200287259725575,0.8226629587751734
4.06,-0.6380833053204168,0.020047061699721907,0.8194847660666809
4.08,-0.6390612107691838,0.015157534455887297,0.8148397151850381
4.1,-0.6390612107691838,0.015157534455887297,0.8148397151850381
4.12,-0.6432173089264431,0.01295724719616172,0.8136173333740794
4.14,-0.6441952143752101,0.01246829447177826,0.818506860617914
4.16,-0.6454175961861688,0.010268007212052684,0.8229074351373651
4.18,-0.6441952143752101,0.01246829447177826,0.8219295296885982
4.2,-0.6446841670995935,0.011979341747394798,0.8233963878617486
4.22,-0.6439507380130184,0.011245912660819608,0.8243742933105155
4.24,-0.6446841670995935,0.011734865385203068,0.8251077223970907
4.26,-0.6483513125324695,0.011001436298627876,0.8268190569324328
4.28,-0.6505515997921951,0.00855667267671057,0.8233963878617486
4.3,-0.6534853161384958,0.007823243590135379,0.8194847660666809
4.32,-0.6571524615713717,0.010512483574244415,0.8119059988387373
4.34,-0.6571524615713717,0.013446199920545182,0.8033493261620267
4.36,-0.6517739816031537,0.016135439904654218,0.8043272316107937
4.388,-0.6522629343275372,0.01980258533753018,0.8065275188705192
4.4,-0.6564190324847966,0.02126944351068056,0.8055496134217522
4.42,-0.6595972251932891,0.022491825321639215,0.8040827552486018
4.44,-0.6652201815236989,0.02200287259725575,0.8045717079729854
4.46,-0.6647312287993155,0.020536014424105367,0.8045717079729854
4.48,-0.6620419888152064,0.020047061699721907,0.8026158970754514
4.5,-0.6647312287993155,0.02102496714848883,0.7982153225560004
4.52,-0.6620419888152064,0.019558108975338447,0.7972374171072334
4.54,-0.6610640833664395,0.02102496714848883,0.7960150352962748
4.56,-0.6627754179017816,0.022491825321639215,0.7965039880206582
4.58,-0.6652201815236989,0.0207804907862971,0.7996821807291508
4.6,-0.666931516059041,0.023469730770406136,0.799437704366959
4.62,-0.6696207560431501,0.025670018030131712,0.7969929407450417
4.64,-0.6730434251138343,0.026403447116706905,0.7935702716743575
4.66,-0.6708431378541088,0.028114781652049017,0.7906365553280567
4.68,-0.6683983742321914,0.027381352565473825,0.7913699844146319
4.7,-0.6683983742321914,0.027136876203282093,0.7952816062096996
4.72,-0.6698652324053418,0.023958683494789596,0.7972374171072334
4.74,-0.6720655196650673,0.02493658894355652,0.79674846438285
4.76,-0.6705986614919169,0.027136876203282093,0.7945481771231244
4.78,-0.6688873269565748,0.030804021636158054,0.7943037007609327
4.8,-0.6708431378541088,0.028603734376432478,0.7945481771231244
4.82,-0.6725544723894509,0.028114781652049017,0.7943037007609327
4.84,-0.6759771414601351,0.026403447116706905,0.7945481771231244
4.86,-0.676955046908902,0.02518106530574825,0.795770558934083
4.88,-0.6759771414601351,0.028603734376432478,0.7965039880206582
4.9,-0.6759771414601351,0.028603734376432478,0.7945481771231244
4.92,-0.674265806924793,0.02933716346300767,0.7913699844146319
4.94,-0.674265806924793,0.032270879809308435,0.7884362680683311
4.96,-0.6759771414601351,0.03349326162026709,0.7857470280842221
4.98,-0.6745102832869847,0.034960119793417475,0.7872138862573724
5.0,-0.6779329523576689,0.034960119793417475,0.7913699844146319
5.02,-0.6857561959478042,0.03202640344711671,0.7947926534853161
5.04,-0.6911346759160224,0.028114781652049017,0.7918589371390153
5.06,-0.6906457231916389,0.03178192708492498,0.7801240717538123
5.08,-0.692357057726981,0.03936069431286862,0.7715673990771017
5.1,-0.6955352504354735,0.04547260336766189,0.767655777282034
5.12,-0.6962686795220487,0.04791736698957919,0.767655777282034
5.14,-0.6933349631757479,0.04938422516272958,0.7681447300064175
5.16,-0.6901567704672554,0.047672890627387464,0.7732787336124438
5.18,-0.6857561959478042,0.04449469791889497,0.7791461663050454
5.2,-0.6847782904990374,0.03862726522629343,0.7837912171866882
5.22,-0.6867341013965712,0.03471564343122574,0.786724933532989
5.24,-0.6852672432234208,0.035938025242184396,0.7825688353757296
5.26,-0.683311432325887,0.042783363383552854,0.7720563518014851
5.28,-0.6786663814442441,0.048406319713962656,0.7718118754392934
5.3,-0.6793998105308193,0.048406319713962656,0.7762124499587446
5.32,-0.6830669559636953,0.04449469791889497,0.7855025517220303
5.34,-0.6852672432234208,0.04229441065916939,0.7918589371390153
5.36,-0.6820890505149283,0.03960517067506036,0.7913699844146319
5.38,-0.6757326650979433,0.03716040705314305,0.7899031262414815
5.409,-0.6681538978699997,0.03789383613971824,0.7908810316902485
5.42,-0.6622864651773982,0.03789383613971824,0.7923478898633988
5.44,-0.6630198942639733,0.03471564343122574,0.7935702716743575
5.46,-0.6647312287993155,0.02884821073862421,0.7962595116584665
5.48,-0.6647312287993155,0.02884821073862421,0.7962595116584665
5.5,-0.6622864651773982,0.027381352565473825,0.8011490389023012
5.52,-0.6598417015554808,0.029092687100815938,0.8072609479570944
5.54,-0.6581303670201387,0.02933716346300767,0.8079943770436696
5.56,-0.657885890657947,0.02933716346300767,0.8055496134217522
5.58,-0.6561745561226049,0.028114781652049017,0.8023714207132597
5.6,-0.6537297925006875,0.026892399841090365,0.8040827552486018
5.62,-0.6544632215872628,0.02591449439232344,0.8048161843351771
5.64,-0.6547076979494545,0.02493658894355652,0.8053051370595605
5.66,-0.6534853161384958,0.023469730770406136,0.8060385661461358
5.68,-0.6537297925006875,0.02518106530574825,0.8055496134217522
5.7,-0.6539742688628793,0.027625828927665557,0.8038382788864101
5.72,-0.6556856033982215,0.028603734376432478,0.8038382788864101
5.74,-0.6576414142957553,0.025670018030131712,0.8079943770436696
5.76,-0.6598417015554808,0.02542554166793998,0.8079943770436696
5.78,-0.6593527488310974,0.02469211258136479,0.8055496134217522
5.8,-0.6598417015554808,0.02493658894355652,0.805794089783944
5.82,-0.6583748433823304,0.02518106530574825,0.8062830425083275
5.84,-0.6561745561226049,0.02591449439232344,0.8077499006814779
5.86,-0.65690798520918,0.026647923478898633,0.808483329768053
5.88,-0.6561745561226049,0.027625828927665557,0.8045717079729854
5.9,-0.6544632215872628,0.027870305289857285,0.803104849799835
5.92,-0.6566635088469883,0.027136876203282093,0.8038382788864101
5.94,-0.65690798520918,0.027625828927665557,0.8060385661461358
5.96,-0.6581303670201387,0.02884821073862421,0.8097057115790117
5.98,-0.6583748433823304,0.02933716346300767,0.8109280933899703
6.0,-0.6566635088469883,0.027870305289857285,0.8109280933899703
6.02,-0.6532408397763041,0.028359258014240746,0.8087278061302448
6.04,-0.652507410689729,0.02884821073862421,0.805794089783944
6.06,-0.651529505240962,0.028603734376432478,0.805794089783944
6.08,-0.6534853161384958,0.02884821073862421,0.8079943770436696
6.1,-0.6542187452250711,0.030315068911774594,0.8082388534058613
6.12,-0.651529505240962,0.03300430889588363,0.8062830425083275
6.14,-0.6512850288787703,0.03398221434465055,0.805794089783944
6.16,-0.6517739816031537,0.03422669070684228,0.8065275188705192
6.18,-0.6517739816031537,0.032270879809308435,0.8079943770436696
6.2,-0.6544632215872628,0.031048497998349783,0.8089722824924365
6.22,-0.6529963634141124,0.03349326162026709,0.8114170461143538
6.24,-0.6522629343275372,0.03569354887999267,0.8087278061302448
6.26,-0.6493292179812364,0.036182501604376124,0.805794089783944
6.28,-0.6471289307215109,0.036182501604376124,0.8053051370595605
6.3,-0.6485957888946612,0.03398221434465055,0.8062830425083275
6.32,-0.6495736943434282,0.030804021636158054,0.808483329768053
6.34,-0.6483513125324695,0.031048497998349783,0.8089722824924365
6.36,-0.6444396907374018,0.031292974360541514,0.8119059988387373
6.38,-0.6429728325642514,0.033248785258075356,0.8111725697521621
6.4,-0.6410170216667176,0.03569354887999267,0.812150475200929
6.428,-0.641505974391101,0.03642697796656786,0.8128839042875042
6.44,-0.6454175961861688,0.03691593069095132,0.8136173333740794
6.46,-0.6463955016349356,0.033248785258075356,0.8148397151850381
6.48,-0.6459065489105522,0.032270879809308435,0.8163065733581885
6.5,-0.6412614980289093,0.03300430889588363,0.8172844788069553
6.52,-0.6385722580448003,0.03300430889588363,0.8197292424288727
6.54,-0.6368609235094582,0.030804021636158054,0.8219295296885982
6.56,-0.6390612107691838,0.02933716346300767,0.8209516242398313
6.58,-0.6378388289582251,0.031292974360541514,0.8207071478776395
6.6,-0.6358830180606913,0.03373773798245882,0.8167955260825719
6.62,-0.6307490144546649,0.03178192708492498,0.818506860617914
6.64,-0.6275708217461724,0.031048497998349783,0.821196100602023
6.66,-0.6305045380924732,0.030315068911774594,0.8202181951532561
6.68,-0.6302600617302815,0.0295816398251994,0.8229074351373651
6.7,-0.6302600617302815,0.02884821073862421,0.8268190569324328
6.72,-0.6309934908168566,0.0295816398251994,0.8292638205543501
6.74,-0.6297711090058979,0.027381352565473825,0.8309751550896922
6.76,-0.6297711090058979,0.02542554166793998,0.8302417260031171
6.78,-0.6307490144546649,0.023958683494789596,0.8290193441921584
6.8,-0.6300155853680897,0.024447636219173056,0.8263301042080494
6.82,-0.6265929162974054,0.02493658894355652,0.8233963878617486
6.84,-0.6243926290376799,0.024447636219173056,0.8236408642239403
6.86,-0.6248815817620633,0.024203159856981328,0.8270635332946246
6.88,-0.6248815817620633,0.024203159856981328,0.8270635332946246
6.9,-0.6268373926595973,0.02126944351068056,0.8287748678299667
6.92,-0.6309934908168566,0.0207804907862971,0.8290193441921584
6.94,-0.6329493017143905,0.022736301683830944,0.8270635332946246
6.96,-0.6336827308009657,0.02518106530574825,0.8273080096568163
6.98,-0.6317269199034318,0.023958683494789596,0.8260856278458576
7.0,-0.6349051126119243,0.022491825321639215,0.8241298169483238
7.02,-0.6346606362497326,0.02102496714848883,0.8251077223970907
7.04,-0.6309934908168566,0.019313632613146715,0.8243742933105155
7.06,-0.6265929162974054,0.018580203526571526,0.8253521987592825
7.08,-0.6290376799193228,0.020047061699721907,0.8255966751214742
7.1,-0.6297711090058979,0.01980258533753018,0.8221740060507899
7.12,-0.6307490144546649,0.021758396235064023,0.8216850533264065
7.14,-0.6331937780765822,0.02151391987287229,0.8209516242398313
7.16,-0.6327048253521987,0.021758396235064023,0.818506860617914
7.18,-0.6300155853680897,0.019313632613146715,0.8224184824129817
7.2,-0.6329493017143905,0.018824679888763254,0.824863246034899
7.22,-0.6358830180606913,0.018335727164379794,0.8258411514836659
7.24,-0.6373498762338417,0.018091250802188062,0.8260856278458576
7.26,-0.6356385416984995,0.018091250802188062,0.8233963878617486
7.28,-0.6314824435412401,0.02102496714848883,0.8216850533264065
7.3,-0.632460348990007,0.021758396235064023,0.8214405769642148
7.32,-0.6339272071631574,0.017846774439996334,0.8207071478776395
7.34,-0.6341716835253491,0.016135439904654218,0.8243742933105155
7.36,-0.6312379671790483,0.015402010818079027,0.8265745805702411
7.38,-0.6295266326437062,0.014668581731503835,0.8260856278458576
7.4,-0.6292821562815145,0.01637991626684595,0.8260856278458576
7.42,-0.6305045380924732,0.017602298077804602,0.8255966751214742
7.448,-0.6297711090058979,0.01735782171561287,0.8243742933105155
7.46,-0.6295266326437062,0.017602298077804602,0.8265745805702411
7.48,-0.6290376799193228,0.015157534455887297,0.8290193441921584
7.5,-0.6302600617302815,0.01271277083396999,0.8302417260031171
7.52,-0.6314824435412401,0.014179629007120373,0.8299972496409254
7.54,-0.6319713962656236,0.015402010818079027,0.8277969623811997
7.56,-0.6307490144546649,0.016135439904654218,0.8233963878617486
7.58,-0.6305045380924732,0.014424105369312105,0.8258411514836659
7.6,-0.6280597744705558,0.013690676282736913,0.8255966751214742
7.62,-0.6258594872108303,0.011979341747394798,0.828530391467775
7.64,-0.6253705344864469,0.013935152644928643,0.8287748678299667
7.66,-0.6312379671790483,0.014668581731503835,0.8260856278458576
7.68,-0.6449286434617852,0.014913058093695565,0.8251077223970907
7.7,-0.6576414142957553,0.018335727164379794,0.8287748678299667
7.72,-0.6576414142957553,0.022980778046022676,0.8287748678299667
7.74,-0.6461510252727439,0.028603734376432478,0.8312196314518839
7.76,-0.636127494422883,0.032270879809308435,0.8299972496409254
7.78,-0.6256150108486386,0.03447116706903401,0.8231519114995569
7.8,-0.6180362436206949,0.027136876203282093,0.8187513369801057
7.82,-0.617058338171928,0.02200287259725575,0.8202181951532561
7.84,-0.619747578156037,0.016624392629037678,0.8263301042080494
7.86,-0.6265929162974054,0.015646487180270757,0.8273080096568163
7.88,-0.6278152981083641,0.018335727164379794,0.8224184824129817
7.9,-0.6283042508327475,0.02542554166793998,0.817528955169147
7.92,-0.6285487271949394,0.030559545273966322,0.8204626715154478
7.94,-0.6253705344864469,0.03422669070684228,0.8263301042080494
7.96,-0.6212144363291874,0.03251535617150017,0.8260856278458576
7.98,-0.6231702472267212,0.027136876203282093,0.8243742933105155
8.0,-0.626103963573022,0.02200287259725575,0.8265745805702411
8.02,-0.6229257708645295,0.0207804907862971,0.8304862023653088
8.04,-0.6202365308804205,0.023225254408214404,0.8356202059713351
8.06,-0.6168138618097363,0.024203159856981328,0.8436879259236623
8.08,-0.6153470036365859,0.026158970754515173,0.842954496837087
8.1,-0.6109464291171347,0.026158970754515173,0.8392873514042111
8.12,-0.6063013782354918,0.02493658894355652,0.8343978241603764
8.14,-0.6048345200623415,0.023714207132597868,0.8346423005225682
8.16,-0.6075237600464505,0.023958683494789596,0.8334199187116096
8.18,-0.609724047306176,0.02469211258136479,0.8380649695932524
8.2,-0.6094795709439843,0.022980778046022676,0.8424655441127036
8.22,-0.6124132872902851,0.022247348959447483,0.8431989731992787
8.24,-0.6148580509122024,0.02493658894355652,0.843932402285854
8.26,-0.6158359563609693,0.027381352565473825,0.8409986859395532
8.28,-0.6158359563609693,0.027381352565473825,0.8409986859395532
8.3,-0.6163249090853528,0.028114781652049017,0.8368425877822938
8.32,-0.6177917672585032,0.03178192708492498,0.8370870641444855
8.34,-0.6187696727072701,0.033248785258075356,0.8334199187116096
8.36,-0.6243926290376799,0.03373773798245882,0.8304862023653088
8.38,-0.6258594872108303,0.034960119793417475,0.8299972496409254
8.4,-0.6280597744705558,0.036182501604376124,0.8309751550896922
8.42,-0.6278152981083641,0.0327598325336919,0.828530391467775
8.44,-0.6278152981083641,0.03422669070684228,0.8243742933105155
8.468,-0.6290376799193228,0.036182501604376124,0.8221740060507899
8.48,-0.6300155853680897,0.038871741588485165,0.8236408642239403
8.5,-0.6312379671790483,0.041072028848210734,0.8260856278458576
8.52,-0.6327048253521987,0.04522812700547016,0.8255966751214742
8.54,-0.6344161598875409,0.04669498517862054,0.8251077223970907
8.56,-0.6371053998716499,0.04449469791889497,0.8265745805702411
8.58,-0.6371053998716499,0.04204993429697766,0.8268190569324328
8.6,-0.632460348990007,0.043516792470128046,0.8265745805702411
8.62,-0.6275708217461724,0.043761268832319775,0.8241298169483238
8.64,-0.626103963573022,0.04229441065916939,0.8216850533264065
8.66,-0.6229257708645295,0.04596155609204535,0.8221740060507899
8.68,-0.6229257708645295,0.05060660697368823,0.8224184824129817
8.7,-0.6226812945023378,0.05402927604437246,0.8224184824129817
8.72,-0.6221923417779543,0.052317941509030345,0.8243742933105155
8.74,-0.623414723588913,0.05011765424930477,0.8277969623811997
8.76,-0.6190141490694618,0.04327231610793631,0.8314641078140758
8.78,-0.616080432723161,0.03862726522629343,0.8309751550896922
8.8,-0.6136356691012438,0.040094123399443814,0.8304862023653088
8.82,-0.6136356691012438,0.04229441065916939,0.8319530605384592
8.84,-0.6214589126913791,0.048406319713962656,0.8309751550896922
8.86,-0.6285487271949394,0.05305137059560554,0.8260856278458576
8.88,-0.6273263453839807,0.052317941509030345,0.8258411514836659
8.9,-0.6292821562815145,0.05427375240656419,0.8241298169483238
8.92,-0.6290376799193228,0.053295846957797266,0.824863246034899
8.94,-0.6280597744705558,0.04889527243834611,0.8236408642239403
8.96,-0.6278152981083641,0.043516792470128046,0.8253521987592825
8.98,-0.6302600617302815,0.040827552486019006,0.8341533477981847
9.0,-0.6307490144546649,0.0415609815725942,0.8409986859395532
9.02,-0.6295266326437062,0.043761268832319775,0.842954496837087
9.04,-0.6273263453839807,0.04791736698957919,0.8365981114201021
9.06,-0.6239036763132965,0.05207346514683862,0.827552486019008
9.08,-0.6251260581242551,0.05402927604437246,0.8219295296885982
9.1,-0.627081869021789,0.05378479968218073,0.8194847660666809
9.12,-0.6307490144546649,0.05402927604437246,0.8172844788069553
9.14,-0.6356385416984995,0.05427375240656419,0.8167955260825719
9.16,-0.6356385416984995,0.055985086941906306,0.8182623842557223
9.18,-0.635149588974116,0.05867432692601534,0.8177734315313387
9.2,-0.6358830180606913,0.06063013782354919,0.8177734315313387
9.22,-0.6353940653363078,0.060874614185740916,0.8197292424288727
9.24,-0.6344161598875409,0.06063013782354919,0.8197292424288727
9.26,-0.635149588974116,0.06331937780765821,0.8187513369801057
9.28,-0.6383277816826085,0.06307490144546649,0.8199737187910644
9.3,-0.6390612107691838,0.06160804327231611,0.8207071478776395
9.32,-0.6383277816826085,0.060874614185740916,0.8202181951532561
9.34,-0.6380833053204168,0.05940775601259053,0.8182623842557223
9.36,-0.6373498762338417,0.061119090547932645,0.818506860617914
9.38,-0.6344161598875409,0.06674204687834245,0.8236408642239403
9.4,-0.6331937780765822,0.06454175961861687,0.8326864896250343
9.42,-0.6349051126119243,0.06038566146135745,0.8321975369006509
9.44,-0.6327048253521987,0.06307490144546649,0.8187513369801057
9.46,-0.6263484399352137,0.06429728325642514,0.8011490389023012
9.489,-0.6251260581242551,0.06405280689423341,0.7935702716743575
9.5,-0.6278152981083641,0.06356385416984996,0.7972374171072334
9.52,-0.6336827308009657,0.060141185099165724,0.805794089783944
9.54,-0.6400391162179506,0.05867432692601534,0.8145952388228463
9.56,-0.642483879839868,0.0591632796503988,0.8155731442716132
9.58,-0.6449286434617852,0.059896708736973996,0.8138618097362711
9.6,-0.6444396907374018,0.0591632796503988,0.80946123521682
9.62,-0.6449286434617852,0.05305137059560554,0.8062830425083275
9.64,-0.6400391162179506,0.053295846957797266,0.8077499006814779
9.66,-0.6400391162179506,0.053295846957797266,0.8077499006814779
9.68,-0.6368609235094582,0.053540323319988994,0.8141062860984628
9.7,-0.6393056871313755,0.05060660697368823,0.8214405769642148
9.72,-0.6456620725483605,0.04547260336766189,0.8263301042080494
9.74,-0.6527518870519207,0.03716040705314305,0.8226629587751734
9.76,-0.6559300797604132,0.0327598325336919,0.8158176206338049
9.78,-0.6583748433823304,0.03862726522629343,0.8077499006814779
9.8,-0.6554411270360296,0.04522812700547016,0.8001711334535342
9.82,-0.6529963634141124,0.04596155609204535,0.7999266570913425
9.84,-0.652507410689729,0.038871741588485165,0.8067719952327109
9.86,-0.6571524615713717,0.030804021636158054,0.8177734315313387
9.88,-0.657885890657947,0.028603734376432478,0.8160620969959966
9.9,-0.6539742688628793,0.030315068911774594,0.8077499006814779
9.92,-0.6449286434617852,0.027625828927665557,0.8062830425083275
9.94,-0.638816734406992,0.02469211258136479,0.8062830425083275
9.96,-0.6375943525960334,0.0207804907862971,0.8136173333740794
9.98,-0.635149588974116,0.01637991626684595,0.8233963878617486
10.0,-0.6290376799193228,0.011490389023011338,0.8241298169483238
10.02,-0.619747578156037,0.0075787672279436485,0.8246187696727073
10.04,-0.6129022400146685,0.004889527243834612,0.8314641078140758
10.06,-0.610701952754943,0.0019558108975338447,0.8368425877822938
10.08,-0.6089906182196009,-0.003911621795067689,0.843932402285854
10.1,-0.6092350945817926,-0.008067719952327109,0.8500443113406473
10.12,-0.6094795709439843,-0.017846774439996334,0.8524890749625645
10.14,-0.6072792836842588,-0.026158970754515173,0.8534669804113315
10.16,-0.6011673746294655,-0.026158970754515173,0.8537114567735232
10.18,-0.5896769856064542,-0.026158970754515173,0.8625126058124255
10.2,-0.5796534547565932,-0.02493658894355652,0.868380038505027
10.22,-0.576230785685909,-0.022491825321639215,0.8713137548513278
10.24,-0.5784310729456346,-0.022980778046022676,0.8691134675916022
10.26,-0.5801424074809767,-0.02982611618739113,0.8642239403477676
10.28,-0.5857653638113864,-0.03202640344711671,0.8617791767258502
10.3,-0.5899214619686459,-0.03349326162026709,0.8600678421905081
10.32,-0.5918772728661797,-0.03349326162026709,0.8573786022063992
10.34,-0.5867432692601534,-0.030559545273966322,0.8551783149466736
10.36,-0.5813647892919354,-0.02542554166793998,0.8524890749625645
10.38,-0.5820982183785105,-0.022736301683830944,0.8515111695137976
10.4,-0.5833206001894692,-0.02493658894355652,0.8559117440332488
10.42,-0.584298505638236,-0.02933716346300767,0.8615347003636585
10.44,-0.588943556519879,-0.030315068911774594,0.8610457476392751
10.46,-0.5904104146930294,-0.028603734376432478,0.8564006967576322
10.48,-0.5904104146930294,-0.023469730770406136,0.8478440240809216
10.508,-0.5948109892124805,-0.017602298077804602,0.8395318277664028
10.52,-0.5994560400941233,-0.015402010818079027,0.840265256852978
10.54,-0.6060569018733001,-0.01711334535342114,0.8424655441127036
10.56,-0.6089906182196009,-0.019313632613146715,0.8441768786480457
10.58,-0.6077682364086422,-0.02200287259725575,0.8444213550102374
10.6,-0.6067903309598753,-0.0207804907862971,0.8431989731992787
10.62,-0.607034807322067,-0.01980258533753018,0.8441768786480457
10.64,-0.6077682364086422,-0.01980258533753018,0.842954496837087
10.66,-0.607034807322067,-0.018091250802188062,0.8424655441127036
10.68,-0.6072792836842588,-0.015402010818079027,0.8424655441127036
10.7,-0.6104574763927513,-0.014668581731503835,0.8458882131833878
10.72,-0.610701952754943,-0.014668581731503835,0.8466216422699631
10.74,-0.6087461418574092,-0.014179629007120373,0.8461326895455795
10.76,-0.6045900437001497,-0.014179629007120373,0.8417321150261284
10.78,-0.6028787091648076,-0.016135439904654218,0.8370870641444855
10.8,-0.6011673746294655,-0.018580203526571526,0.8363536350579103
10.82,-0.6031231855269994,-0.019069156250954986,0.8385539223176359
10.84,-0.6038566146135745,-0.018824679888763254,0.843932402285854
10.86,-0.6033676618891911,-0.015402010818079027,0.8451547840968127
10.88,-0.6021452800782324,-0.013201723558353452,0.8480885004431133
10.9,-0.6011673746294655,-0.01295724719616172,0.8512666931516059
10.92,-0.6031231855269994,-0.01246829447177826,0.8524890749625645
10.94,-0.6021452800782324,-0.01295724719616172,0.8534669804113315
10.96,-0.6004339455428903,-0.01295724719616172,0.8475995477187299
10.98,-0.6009228982672737,-0.015646487180270757,0.844910307734621
11.0,-0.6011673746294655,-0.015646487180270757,0.842954496837087
11.02,-0.6031231855269994,-0.015646487180270757,0.8407542095773615
11.04,-0.6041010909757663,-0.014913058093695565,0.8422210677505119
11.06,-0.6041010909757663,-0.014913058093695565,0.8422210677505119
11.08,-0.604345567337958,-0.009290101763285763,0.8451547840968127
11.1,-0.6036121382513828,-0.0075787672279436485,0.8475995477187299
11.12,-0.6033676618891911,-0.0075787672279436485,0.8468661186321548
11.14,-0.6045900437001497,-0.010512483574244415,0.8495553586162637
11.16,-0.6063013782354918,-0.011001436298627876,0.8466216422699631
11.18,-0.6065458545976836,-0.010268007212052684,0.8436879259236623
11.2,-0.6053234727867249,-0.00855667267671057,0.8412431623017449
11.22,-0.6087461418574092,-0.006600861779176726,0.8387983986798276
11.24,-0.6104574763927513,-0.003911621795067689,0.8409986859395532
11.26,-0.6102130000305596,-0.0026892399841090364,0.8419765913883202
11.28,-0.6087461418574092,-0.0046450508816428815,0.8397763041285945
11.3,-0.6050789964245332,-0.0070898145035601864,0.8419765913883202
11.32,-0.6048345200623415,-0.007823243590135379,0.8419765913883202
11.34,-0.6067903309598753,-0.007823243590135379,0.8424655441127036
11.36,-0.6058124255111084,-0.009045625401094031,0.842954496837087
11.38,-0.6053234727867249,-0.006845338141368456,0.8444213550102374
11.4,-0.6089906182196009,-0.004889527243834612,0.8414876386639366
11.42,-0.6111909054793264,-0.0041560981572594195,0.8409986859395532
11.44,-0.6092350945817926,-0.003422669070684228,0.8419765913883202
11.46,-0.6065458545976836,-0.0070898145035601864,0.8407542095773615
11.48,-0.6065458545976836,-0.007823243590135379,0.8422210677505119
11.5,-0.6060569018733001,-0.008067719952327109,0.8407542095773615
11.528,-0.6038566146135745,-0.007823243590135379,0.842954496837087
11.54,-0.6048345200623415,-0.007823243590135379,0.8446658313724291
11.56,-0.6014118509916573,-0.005867432692601534,0.8446658313724291
11.58,-0.5987226110075482,-0.005622956330409804,0.8458882131833878
11.6,-0.600678421905082,-0.006111909054793264,0.8453992604590044
11.62,-0.5994560400941233,-0.007823243590135379,0.8466216422699631
11.64,-0.5992115637319316,-0.0075787672279436485,0.8468661186321548
11.66,-0.5970112764722061,-0.008067719952327109,0.8468661186321548
11.68,-0.5972557528343978,-0.00855667267671057,0.8456437368211961
11.7,-0.5962778473856309,-0.009534578125477493,0.8488219295296886
11.72,-0.594322036488097,-0.011490389023011338,0.8490664058918803
11.74,-0.5970112764722061,-0.011490389023011338,0.8495553586162637
11.76,-0.5979891819209731,-0.014179629007120373,0.8520001222381811
11.78,-0.5962778473856309,-0.015402010818079027,0.8495553586162637
11.8,-0.5957888946612474,-0.013446199920545182,0.8488219295296886
11.82,-0.5965223237478227,-0.013690676282736913,0.8520001222381811
11.84,-0.6001894691806986,-0.014913058093695565,0.8517556458759894
11.86,-0.6048345200623415,-0.01271277083396999,0.8524890749625645
11.88,-0.6053234727867249,-0.01246829447177826,0.8532225040491397
11.9,-0.5997005164563152,-0.011245912660819608,0.8566451731198239
11.92,-0.5965223237478227,-0.011490389023011338,0.8571341258442075
11.94,-0.591632796503988,-0.011001436298627876,0.8568896494820157
11.96,-0.58625431653577,-0.01271277083396999,0.8559117440332488
11.98,-0.5845429820004279,-0.01271277083396999,0.8539559331357149
12.0,-0.5838095529138526,-0.015402010818079027,0.8497998349784555
12.02,-0.5820982183785105,-0.019069156250954986,0.8485774531674969
12.04,-0.5820982183785105,-0.016624392629037678,0.8483329768053052
12.06,-0.5811203129297436,-0.014913058093695565,0.8512666931516059
12.08,-0.5806313602053601,-0.016135439904654218,0.8544448858600984
12.1,-0.5811203129297436,-0.01711334535342114,0.8590899367417413
12.12,-0.5818537420163188,-0.01637991626684595,0.8590899367417413
12.14,-0.5813647892919354,-0.018091250802188062,0.8573786022063992
12.16,-0.5811203129297436,-0.019313632613146715,0.8576230785685909
12.18,-0.5813647892919354,-0.018824679888763254,0.8581120312929743
12.2,-0.5840540292760443,-0.018335727164379794,0.8578675549307826
12.22,-0.5845429820004279,-0.018091250802188062,0.858356507655166
12.24,-0.5857653638113864,-0.018091250802188062,0.8588454603795496
12.26,-0.5855208874491947,-0.02029153806191364,0.8632460348990006
12.28,-0.5835650765516609,-0.019313632613146715,0.8642239403477676
12.3,-0.5828316474650858,-0.02029153806191364,0.8632460348990006
12.32,-0.5825871711028939,-0.019313632613146715,0.8620236530880421
12.34,-0.585276411087003,-0.01735782171561287,0.8559117440332488
12.36,-0.5874766983467286,-0.017846774439996334,0.852978027686948
12.38,-0.5899214619686459,-0.018824679888763254,0.8539559331357149
12.4,-0.5908993674174128,-0.01711334535342114,0.8559117440332488
12.42,-0.5908993674174128,-0.015157534455887297,0.8539559331357149
12.44,-0.5908993674174128,-0.013935152644928643,0.8559117440332488
12.46,-0.5908993674174128,-0.013935152644928643,0.8559117440332488
12.48,-0.5901659383308376,-0.01589096354246249,0.8554227913088653
12.5,-0.5886990801576872,-0.01686886899122941,0.8571341258442075
12.52,-0.5891880328820707,-0.017602298077804602,0.8568896494820157
12.548,-0.5891880328820707,-0.01686886899122941,0.8566451731198239
12.56,-0.5877211747089203,-0.01686886899122941,0.8568896494820157
12.58,-0.5867432692601534,-0.01589096354246249,0.8571341258442075
12.6,-0.5879656510711121,-0.017846774439996334,0.8603123185527
12.62,-0.5877211747089203,-0.017846774439996334,0.859334413103933
12.64,-0.5867432692601534,-0.017602298077804602,0.8573786022063992
12.66,-0.584298505638236,-0.01735782171561287,0.8571341258442075
12.68,-0.5813647892919354,-0.01637991626684595,0.858356507655166
12.7,-0.5830761238272775,-0.015646487180270757,0.8590899367417413
12.72,-0.5828316474650858,-0.017846774439996334,0.8605567949148917
12.74,-0.5801424074809767,-0.01589096354246249,0.8595788894661247
12.76,-0.5794089783944015,-0.015646487180270757,0.8598233658283164
12.78,-0.5803868838431684,-0.01711334535342114,0.8610457476392751
12.8,-0.578920025670018,-0.017602298077804602,0.8615347003636585
12.82,-0.5776976438590594,-0.019558108975338447,0.8637349876233842
12.84,-0.5767197384102924,-0.018580203526571526,0.8654463221587263
12.86,-0.5750084038749503,-0.016624392629037678,0.8642239403477676
12.88,-0.5732970693396082,-0.01735782171561287,0.8605567949148917
12.9,-0.575252880237142,-0.016135439904654218,0.8595788894661247
12.92,-0.5779421202212511,-0.014424105369312105,0.859334413103933
12.94,-0.5776976438590594,-0.015402010818079027,0.8610457476392751
12.96,-0.5779421202212511,-0.01686886899122941,0.8600678421905081
12.98,-0.5811203129297436,-0.014913058093695565,0.8612902240014668
13.0,-0.5828316474650858,-0.014424105369312105,0.8615347003636585
13.02,-0.5816092656541271,-0.014424105369312105,0.8586009840173578
13.04,-0.579897931118785,-0.012223818109586528,0.8600678421905081
13.06,-0.5813647892919354,-0.011979341747394798,0.8603123185527
13.08,-0.5823426947407022,-0.011245912660819608,0.8612902240014668
13.1,-0.5823426947407022,-0.013935152644928643,0.858356507655166
13.12,-0.5818537420163188,-0.01589096354246249,0.8539559331357149
13.14,-0.5820982183785105,-0.013935152644928643,0.8564006967576322
13.16,-0.5820982183785105,-0.013935152644928643,0.8568896494820157
13.18,-0.5828316474650858,-0.013446199920545182,0.8581120312929743
13.2,-0.5850319347248113,-0.013201723558353452,0.8600678421905081
13.22,-0.5857653638113864,-0.011979341747394798,0.8620236530880421
13.24,-0.5860098401735782,-0.01246829447177826,0.8617791767258502
13.26,-0.5838095529138526,-0.014668581731503835,0.8600678421905081
13.28,-0.5830761238272775,-0.013446199920545182,0.8595788894661247
13.3,-0.5840540292760443,-0.014179629007120373,0.8605567949148917
13.32,-0.585276411087003,-0.015402010818079027,0.8595788894661247
13.34,-0.5845429820004279,-0.014424105369312105,0.8549338385844818
13.36,-0.5830761238272775,-0.013201723558353452,0.8532225040491397
13.38,-0.5801424074809767,-0.014424105369312105,0.8539559331357149
13.4,-0.5825871711028939,-0.015402010818079027,0.855667267671057
13.42,-0.5857653638113864,-0.01589096354246249,0.8586009840173578
13.44,-0.585276411087003,-0.01686886899122941,0.8608012712770834
13.46,-0.5830761238272775,-0.011734865385203068,0.858356507655166
13.48,-0.5833206001894692,-0.011979341747394798,0.8561562203954405
13.5,-0.5840540292760443,-0.015402010818079027,0.8564006967576322
13.52,-0.5840540292760443,-0.01637991626684595,0.8561562203954405
13.54,-0.584298505638236,-0.016624392629037678,0.8598233658283164
13.568,-0.584298505638236,-0.016624392629037678,0.8608012712770834
13.58,-0.5838095529138526,-0.015402010818079027,0.8605567949148917
13.6,-0.58625431653577,-0.016135439904654218,0.8581120312929743
13.62,-0.5860098401735782,-0.01589096354246249,0.8605567949148917
13.64,-0.5845429820004279,-0.016624392629037678,0.8590899367417413
13.66,-0.5813647892919354,-0.019069156250954986,0.859334413103933
13.68,-0.5816092656541271,-0.02126944351068056,0.858356507655166
13.7,-0.5816092656541271,-0.024203159856981328,0.8586009840173578
13.72,-0.5818537420163188,-0.02151391987287229,0.8588454603795496
13.74,-0.5825871711028939,-0.018824679888763254,0.8617791767258502
13.76,-0.5813647892919354,-0.017602298077804602,0.8612902240014668
13.78,-0.5823426947407022,-0.01980258533753018,0.8605567949148917
13.8,-0.5845429820004279,-0.02102496714848883,0.8590899367417413
13.82,-0.5850319347248113,-0.02151391987287229,0.8566451731198239
13.84,-0.5850319347248113,-0.02151391987287229,0.8566451731198239
13.86,-0.5833206001894692,-0.022491825321639215,0.8554227913088653
13.88,-0.5825871711028939,-0.020536014424105367,0.8576230785685909
13.9,-0.5828316474650858,-0.019558108975338447,0.8600678421905081
13.92,-0.5850319347248113,-0.0207804907862971,0.859334413103933
13.94,-0.5869877456223451,-0.02102496714848883,0.8578675549307826
13.96,-0.5847874583626196,-0.022980778046022676,0.8566451731198239
13.98,-0.5845429820004279,-0.023714207132597868,0.8571341258442075
14.0,-0.585276411087003,-0.02493658894355652,0.8581120312929743
14.02,-0.5845429820004279,-0.024447636219173056,0.8564006967576322
14.04,-0.5860098401735782,-0.02200287259725575,0.8564006967576322
14.06,-0.5860098401735782,-0.02151391987287229,0.8578675549307826
14.08,-0.5857653638113864,-0.02126944351068056,0.8566451731198239
14.1,-0.5857653638113864,-0.022247348959447483,0.8571341258442075
14.12,-0.5857653638113864,-0.022491825321639215,0.8576230785685909
14.14,-0.5872322219845368,-0.022491825321639215,0.8578675549307826
14.16,-0.5857653638113864,-0.023714207132597868,0.858356507655166
14.18,-0.5850319347248113,-0.022247348959447483,0.858356507655166
14.2,-0.5847874583626196,-0.022736301683830944,0.8581120312929743
14.22,-0.5855208874491947,-0.023714207132597868,0.8608012712770834
14.24,-0.5830761238272775,-0.024203159856981328,0.8598233658283164
14.26,-0.5818537420163188,-0.02469211258136479,0.8581120312929743
14.28,-0.5803868838431684,-0.023958683494789596,0.8564006967576322
14.3,-0.5784310729456346,-0.02469211258136479,0.8586009840173578
14.32,-0.5811203129297436,-0.02518106530574825,0.8595788894661247
14.34,-0.5823426947407022,-0.022247348959447483,0.8554227913088653
14.36,-0.5823426947407022,-0.023225254408214404,0.8586009840173578
14.38,-0.5808758365675518,-0.021758396235064023,0.8630015585368089
14.4,-0.5816092656541271,-0.02518106530574825,0.8612902240014668
14.42,-0.578920025670018,-0.026158970754515173,0.8617791767258502
14.44,-0.5764752620481007,-0.02469211258136479,0.8617791767258502
14.46,-0.5794089783944015,-0.026403447116706905,0.8617791767258502
14.48,-0.5786755493078263,-0.027381352565473825,0.8598233658283164
14.5,-0.5769642147724842,-0.026892399841090365,0.8622681294502338
14.52,-0.5776976438590594,-0.026647923478898633,0.8605567949148917
14.54,-0.576230785685909,-0.026647923478898633,0.858356507655166
14.56,-0.5754973565993338,-0.026892399841090365,0.8608012712770834
14.588,-0.5779421202212511,-0.02518106530574825,0.8639794639855759
14.6,-0.5776976438590594,-0.02542554166793998,0.864712893072151
14.62,-0.5781865965834428,-0.02469211258136479,0.8625126058124255
14.64,-0.5794089783944015,-0.02591449439232344,0.8622681294502338
14.66,-0.5794089783944015,-0.027625828927665557,0.8620236530880421
14.68,-0.5776976438590594,-0.026158970754515173,0.8608012712770834
14.7,-0.5779421202212511,-0.027625828927665557,0.8603123185527
14.72,-0.5776976438590594,-0.028603734376432478,0.8612902240014668
14.74,-0.5791645020322097,-0.028114781652049017,0.8642239403477676
14.76,-0.5764752620481007,-0.027381352565473825,0.8632460348990006
14.78,-0.5750084038749503,-0.028603734376432478,0.8630015585368089
14.8,-0.5759863093237173,-0.031292974360541514,0.8639794639855759
14.82,-0.5774531674968676,-0.0327598325336919,0.8625126058124255
14.84,-0.578920025670018,-0.030559545273966322,0.8632460348990006
14.86,-0.5779421202212511,-0.02982611618739113,0.8639794639855759
14.88,-0.5764752620481007,-0.0295816398251994,0.8649573694343428
14.9,-0.5767197384102924,-0.028114781652049017,0.864712893072151
14.92,-0.5784310729456346,-0.027625828927665557,0.8649573694343428
14.94,-0.5779421202212511,-0.027625828927665557,0.8620236530880421
14.96,-0.5774531674968676,-0.02982611618739113,0.8620236530880421
14.98,-0.5757418329615255,-0.03153745072273324,0.8622681294502338
15.0,-0.5767197384102924,-0.030559545273966322,0.8642239403477676
15.02,-0.5757418329615255,-0.030804021636158054,0.8627570821746172
15.04,-0.5776976438590594,-0.030070592549582862,0.8627570821746172
15.06,-0.5784310729456346,-0.029092687100815938,0.8625126058124255
15.08,-0.5757418329615255,-0.028114781652049017,0.8630015585368089
15.1,-0.575252880237142,-0.027870305289857285,0.8634905112611924
15.12,-0.5784310729456346,-0.027625828927665557,0.8630015585368089
15.14,-0.5779421202212511,-0.029092687100815938,0.8627570821746172
15.16,-0.576230785685909,-0.02933716346300767,0.8639794639855759
15.18,-0.575252880237142,-0.02933716346300767,0.8620236530880421
15.2,-0.5754973565993338,-0.02933716346300767,0.8634905112611924
15.22,-0.5776976438590594,-0.02591449439232344,0.8630015585368089
15.24,-0.5776976438590594,-0.02591449439232344,0.8630015585368089
15.26,-0.5757418329615255,-0.024447636219173056,0.8627570821746172
15.28,-0.5742749747883752,-0.025670018030131712,0.8634905112611924
15.3,-0.575252880237142,-0.026403447116706905,0.8664242276074932
15.32,-0.5759863093237173,-0.026647923478898633,0.8644684167099593
15.34,-0.5774531674968676,-0.028359258014240746,0.8600678421905081
15.36,-0.5740304984261834,-0.026647923478898633,0.8598233658283164
15.38,-0.5735415457017999,-0.02518106530574825,0.8625126058124255
15.4,-0.5730525929774165,-0.02493658894355652,0.8654463221587263
15.42,-0.5750084038749503,-0.02493658894355652,0.8659352748831097
15.44,-0.576230785685909,-0.025670018030131712,0.8625126058124255
15.46,-0.5786755493078263,-0.023469730770406136,0.8608012712770834
15.48,-0.5772086911346759,-0.023225254408214404,0.8615347003636585
15.5,-0.5745194511505669,-0.023714207132597868,0.8615347003636585
15.52,-0.575252880237142,-0.02542554166793998,0.8632460348990006
15.54,-0.5759863093237173,-0.023958683494789596,0.8630015585368089
15.56,-0.5767197384102924,-0.023714207132597868,0.8617791767258502
15.58,-0.5754973565993338,-0.02518106530574825,0.8627570821746172
15.608,-0.5769642147724842,-0.02591449439232344,0.8627570821746172
15.62,-0.5759863093237173,-0.02493658894355652,0.8622681294502338
15.64,-0.576230785685909,-0.02493658894355652,0.8627570821746172
15.66,-0.5767197384102924,-0.02469211258136479,0.8630015585368089
15.68,-0.576230785685909,-0.022491825321639215,0.8654463221587263
15.7,-0.5754973565993338,-0.023225254408214404,0.8610457476392751
15.72,-0.5769642147724842,-0.02151391987287229,0.8610457476392751
15.74,-0.5759863093237173,-0.0207804907862971,0.8605567949148917
15.76,-0.576230785685909,-0.021758396235064023,0.8639794639855759
15.78,-0.5781865965834428,-0.022491825321639215,0.8632460348990006
15.8,-0.5772086911346759,-0.023958683494789596,0.8630015585368089
15.82,-0.576230785685909,-0.02469211258136479,0.8622681294502338
15.84,-0.5769642147724842,-0.023225254408214404,0.8634905112611924
15.86,-0.576230785685909,-0.024447636219173056,0.8617791767258502
15.88,-0.5757418329615255,-0.02469211258136479,0.8620236530880421
15.9,-0.5754973565993338,-0.024203159856981328,0.8617791767258502
15.92,-0.5767197384102924,-0.023958683494789596,0.8617791767258502
15.94,-0.5772086911346759,-0.023225254408214404,0.8637349876233842
15.96,-0.5786755493078263,-0.02493658894355652,0.8625126058124255
15.98,-0.5786755493078263,-0.025670018030131712,0.8627570821746172
16.0,-0.5745194511505669,-0.024447636219173056,0.8634905112611924
16.02,-0.5772086911346759,-0.02493658894355652,0.8639794639855759
16.04,-0.5781865965834428,-0.02518106530574825,0.8625126058124255
16.06,-0.5747639275127586,-0.02493658894355652,0.8644684167099593
16.08,-0.575252880237142,-0.027136876203282093,0.8637349876233842
16.1,-0.5764752620481007,-0.028114781652049017,0.8654463221587263
16.12,-0.5754973565993338,-0.02933716346300767,0.8622681294502338
16.14,-0.5764752620481007,-0.02884821073862421,0.8610457476392751
16.16,-0.5747639275127586,-0.025670018030131712,0.8620236530880421
16.18,-0.576230785685909,-0.023958683494789596,0.864712893072151
16.2,-0.5769642147724842,-0.02542554166793998,0.8644684167099593
16.22,-0.5786755493078263,-0.026158970754515173,0.8642239403477676
16.24,-0.5796534547565932,-0.027625828927665557,0.8632460348990006
16.26,-0.5772086911346759,-0.026647923478898633,0.8630015585368089
16.28,-0.5759863093237173,-0.028359258014240746,0.8612902240014668
16.3,-0.5754973565993338,-0.02591449439232344,0.8627570821746172
16.32,-0.5759863093237173,-0.026403447116706905,0.8620236530880421
16.34,-0.5796534547565932,-0.02591449439232344,0.8622681294502338
16.36,-0.5779421202212511,-0.025670018030131712,0.8637349876233842
16.38,-0.5774531674968676,-0.028114781652049017,0.8627570821746172
16.4,-0.5779421202212511,-0.0295816398251994,0.8612902240014668
16.42,-0.5774531674968676,-0.028603734376432478,0.8637349876233842
16.44,-0.5776976438590594,-0.028603734376432478,0.8622681294502338
16.46,-0.5776976438590594,-0.02933716346300767,0.8612902240014668
16.48,-0.5784310729456346,-0.027625828927665557,0.8620236530880421
16.5,-0.5784310729456346,-0.026892399841090365,0.8610457476392751
16.52,-0.5772086911346759,-0.027870305289857285,0.8615347003636585
16.54,-0.5784310729456346,-0.027136876203282093,0.8622681294502338
16.56,-0.5774531674968676,-0.02884821073862421,0.8615347003636585
16.58,-0.5774531674968676,-0.02982611618739113,0.8608012712770834
16.6,-0.5791645020322097,-0.027870305289857285,0.8617791767258502
16.628,-0.5811203129297436,-0.027381352565473825,0.8620236530880421
16.64,-0.5811203129297436,-0.027381352565473825,0.8620236530880421
16.66,-0.5801424074809767,-0.02884821073862421,0.8617791767258502
16.68,-0.579897931118785,-0.02884821073862421,0.8615347003636585
16.7,-0.5784310729456346,-0.028359258014240746,0.8615347003636585
16.72,-0.5786755493078263,-0.02884821073862421,0.8620236530880421
16.74,-0.5794089783944015,-0.0295816398251994,0.8637349876233842
16.76,-0.5796534547565932,-0.02933716346300767,0.8605567949148917
16.78,-0.5786755493078263,-0.02884821073862421,0.8608012712770834
16.8,-0.5774531674968676,-0.027625828927665557,0.8617791767258502
16.82,-0.5784310729456346,-0.028359258014240746,0.8578675549307826
16.84,-0.5754973565993338,-0.02982611618739113,0.8615347003636585
16.86,-0.5764752620481007,-0.029092687100815938,0.8634905112611924
16.88,-0.5779421202212511,-0.030315068911774594,0.8615347003636585
16.9,-0.578920025670018,-0.028114781652049017,0.8600678421905081
16.92,-0.5779421202212511,-0.028114781652049017,0.8600678421905081
16.94,-0.5774531674968676,-0.026647923478898633,0.8612902240014668
16.96,-0.5767197384102924,-0.027625828927665557,0.8620236530880421
16.98,-0.5759863093237173,-0.028114781652049017,0.8639794639855759
17.0,-0.5781865965834428,-0.02933716346300767,0.8615347003636585
17.02,-0.5794089783944015,-0.03202640344711671,0.8605567949148917
17.04,-0.5781865965834428,-0.03178192708492498,0.8590899367417413
17.06,-0.5776976438590594,-0.030070592549582862,0.8598233658283164
17.08,-0.5757418329615255,-0.028359258014240746,0.8620236530880421
17.1,-0.5759863093237173,-0.028359258014240746,0.8622681294502338
17.12,-0.5784310729456346,-0.0295816398251994,0.8632460348990006
17.14,-0.5779421202212511,-0.0295816398251994,0.865690798520918
17.16,-0.5764752620481007,-0.02933716346300767,0.8642239403477676
17.18,-0.5754973565993338,-0.0295816398251994,0.8632460348990006
17.2,-0.5767197384102924,-0.03373773798245882,0.8608012712770834
17.22,-0.5759863093237173,-0.03447116706903401,0.8595788894661247
17.24,-0.576230785685909,-0.03398221434465055,0.8627570821746172
17.26,-0.5757418329615255,-0.03349326162026709,0.8632460348990006
17.28,-0.5757418329615255,-0.031048497998349783,0.8627570821746172
17.3,-0.576230785685909,-0.02884821073862421,0.8625126058124255
17.32,-0.5776976438590594,-0.0295816398251994,0.8630015585368089
17.34,-0.5786755493078263,-0.030559545273966322,0.8627570821746172
17.36,-0.5767197384102924,-0.030559545273966322,0.8612902240014668
17.38,-0.5764752620481007,-0.0327598325336919,0.8639794639855759
17.4,-0.576230785685909,-0.03422669070684228,0.8634905112611924
17.42,-0.5772086911346759,-0.03447116706903401,0.8630015585368089
17.44,-0.5740304984261834,-0.033248785258075356,0.8634905112611924
17.46,-0.5745194511505669,-0.03373773798245882,0.8639794639855759
17.48,-0.5754973565993338,-0.03544907251780093,0.8659352748831097
17.5,-0.5757418329615255,-0.03667145432875959,0.8644684167099593
17.52,-0.575252880237142,-0.03422669070684228,0.8634905112611924
17.54,-0.5742749747883752,-0.036182501604376124,0.8642239403477676
17.56,-0.572563640253033,-0.035938025242184396,0.8637349876233842
17.58,-0.5723191638908413,-0.03471564343122574,0.8637349876233842
17.6,-0.5767197384102924,-0.03569354887999267,0.8642239403477676
17.62,-0.5772086911346759,-0.035204596155609204,0.8622681294502338
17.648,-0.5735415457017999,-0.03373773798245882,0.8627570821746172
17.66,-0.572563640253033,-0.03373773798245882,0.8674021330562601
17.68,-0.5757418329615255,-0.03447116706903401,0.8654463221587263
17.7,-0.5745194511505669,-0.035938025242184396,0.8627570821746172
17.72,-0.5747639275127586,-0.03764935977752651,0.8627570821746172
17.74,-0.572563640253033,-0.03544907251780093,0.8622681294502338
17.76,-0.575252880237142,-0.035204596155609204,0.864712893072151
17.78,-0.5767197384102924,-0.03398221434465055,0.8644684167099593
17.8,-0.5754973565993338,-0.03373773798245882,0.8642239403477676
17.82,-0.5772086911346759,-0.033248785258075356,0.8639794639855759
17.84,-0.5757418329615255,-0.03422669070684228,0.8612902240014668
17.86,-0.5754973565993338,-0.03447116706903401,0.8620236530880421
17.88,-0.5745194511505669,-0.035204596155609204,0.8627570821746172
17.9,-0.5757418329615255,-0.03471564343122574,0.8634905112611924
17.92,-0.5759863093237173,-0.03349326162026709,0.8627570821746172
17.94,-0.572563640253033,-0.03373773798245882,0.8625126058124255
17.96,-0.5715857348042661,-0.035204596155609204,0.864712893072151
17.98,-0.5723191638908413,-0.03642697796656786,0.8644684167099593
18.0,-0.5742749747883752,-0.0383827888641017,0.8632460348990006
18.02,-0.5742749747883752,-0.0383827888641017,0.8632460348990006
18.04,-0.5732970693396082,-0.035204596155609204,0.8639794639855759
18.06,-0.572563640253033,-0.03569354887999267,0.8632460348990006
18.08,-0.5730525929774165,-0.03349326162026709,0.8639794639855759
18.1,-0.5742749747883752,-0.03471564343122574,0.8644684167099593
18.12,-0.5747639275127586,-0.03398221434465055,0.8634905112611924
18.14,-0.5745194511505669,-0.03569354887999267,0.8632460348990006
18.16,-0.5737860220639917,-0.03544907251780093,0.8632460348990006
18.18,-0.5732970693396082,-0.036182501604376124,0.8654463221587263
18.2,-0.5735415457017999,-0.03569354887999267,0.8652018457965345
18.22,-0.5745194511505669,-0.03544907251780093,0.8642239403477676
18.24,-0.5737860220639917,-0.034960119793417475,0.864712893072151
18.26,-0.5740304984261834,-0.034960119793417475,0.864712893072151
18.28,-0.5730525929774165,-0.03544907251780093,0.8649573694343428
18.3,-0.5742749747883752,-0.03544907251780093,0.8664242276074932
18.32,-0.5745194511505669,-0.034960119793417475,0.8661797512453014
18.34,-0.5737860220639917,-0.03447116706903401,0.8625126058124255
18.36,-0.5735415457017999,-0.03398221434465055,0.8617791767258502
18.38,-0.5745194511505669,-0.03398221434465055,0.8642239403477676
18.4,-0.5747639275127586,-0.034960119793417475,0.8652018457965345
18.42,-0.5742749747883752,-0.03373773798245882,0.8630015585368089
18.44,-0.5735415457017999,-0.033248785258075356,0.8644684167099593
18.46,-0.5737860220639917,-0.03471564343122574,0.8659352748831097
18.48,-0.575252880237142,-0.034960119793417475,0.8671576566940684
18.5,-0.5745194511505669,-0.036182501604376124,0.8637349876233842
18.52,-0.5740304984261834,-0.033248785258075356,0.8620236530880421
18.54,-0.5737860220639917,-0.03153745072273324,0.8622681294502338
18.56,-0.5713412584420744,-0.03373773798245882,0.865690798520918
18.58,-0.5737860220639917,-0.03544907251780093,0.8678910857806436
18.6,-0.5747639275127586,-0.03422669070684228,0.865690798520918
18.62,-0.5750084038749503,-0.034960119793417475,0.8627570821746172
18.64,-0.5750084038749503,-0.03569354887999267,0.8630015585368089
18.668,-0.5728081166152248,-0.03422669070684228,0.8627570821746172
18.68,-0.5730525929774165,-0.03349326162026709,0.8639794639855759
18.7,-0.5745194511505669,-0.033248785258075356,0.8637349876233842
18.72,-0.5764752620481007,-0.030559545273966322,0.8630015585368089
18.74,-0.5745194511505669,-0.03300430889588363,0.864712893072151
18.76,-0.5732970693396082,-0.03691593069095132,0.8637349876233842
18.78,-0.5740304984261834,-0.03716040705314305,0.8642239403477676
18.8,-0.5774531674968676,-0.03544907251780093,0.8637349876233842
18.82,-0.5759863093237173,-0.033248785258075356,0.8632460348990006
18.84,-0.5764752620481007,-0.03300430889588363,0.8634905112611924
18.86,-0.576230785685909,-0.03153745072273324,0.8625126058124255
18.88,-0.5750084038749503,-0.032270879809308435,0.8634905112611924
18.9,-0.5759863093237173,-0.03398221434465055,0.8620236530880421
18.92,-0.5781865965834428,-0.03447116706903401,0.8627570821746172
18.94,-0.5776976438590594,-0.03373773798245882,0.8617791767258502
18.96,-0.576230785685909,-0.03349326162026709,0.8608012712770834
18.98,-0.5779421202212511,-0.03422669070684228,0.8620236530880421
19.0,-0.5779421202212511,-0.033248785258075356,0.8627570821746172
19.02,-0.5764752620481007,-0.03251535617150017,0.8620236530880421
19.04,-0.5759863093237173,-0.032270879809308435,0.8625126058124255
19.06,-0.575252880237142,-0.03300430889588363,0.8634905112611924
19.08,-0.5745194511505669,-0.03471564343122574,0.8632460348990006
19.1,-0.5772086911346759,-0.03716040705314305,0.8615347003636585
19.12,-0.5754973565993338,-0.03642697796656786,0.8605567949148917
19.14,-0.5759863093237173,-0.03373773798245882,0.8617791767258502
19.16,-0.5784310729456346,-0.033248785258075356,0.8634905112611924
19.18,-0.5774531674968676,-0.03373773798245882,0.8617791767258502
19.2,-0.5769642147724842,-0.030559545273966322,0.8608012712770834
19.22,-0.5764752620481007,-0.0327598325336919,0.8637349876233842
19.24,-0.5764752620481007,-0.03642697796656786,0.8634905112611924
19.26,-0.5784310729456346,-0.03691593069095132,0.8625126058124255
19.28,-0.5767197384102924,-0.03398221434465055,0.8617791767258502
19.3,-0.5764752620481007,-0.03153745072273324,0.8622681294502338
19.32,-0.5757418329615255,-0.030315068911774594,0.8639794639855759
19.34,-0.5764752620481007,-0.03300430889588363,0.8630015585368089
19.36,-0.5791645020322097,-0.03544907251780093,0.8610457476392751
19.38,-0.5776976438590594,-0.036182501604376124,0.8603123185527
19.4,-0.5769642147724842,-0.036182501604376124,0.8581120312929743
19.42,-0.5769642147724842,-0.036182501604376124,0.8581120312929743
19.44,-0.576230785685909,-0.03398221434465055,0.8588454603795496
19.46,-0.5772086911346759,-0.03178192708492498,0.8603123185527
19.48,-0.578920025670018,-0.031292974360541514,0.8608012712770834
19.5,-0.5811203129297436,-0.030804021636158054,0.8610457476392751
19.52,-0.5811203129297436,-0.03153745072273324,0.8625126058124255
19.54,-0.5769642147724842,-0.03349326162026709,0.859334413103933
19.56,-0.5774531674968676,-0.03642697796656786,0.859334413103933
19.58,-0.5784310729456346,-0.03764935977752651,0.8598233658283164
19.6,-0.578920025670018,-0.03764935977752651,0.8590899367417413
19.62,-0.5779421202212511,-0.03471564343122574,0.8622681294502338
19.64,-0.5781865965834428,-0.032270879809308435,0.8612902240014668
19.66,-0.5759863093237173,-0.03178192708492498,0.8622681294502338
19.688,-0.5769642147724842,-0.03251535617150017,0.8617791767258502
19.7,-0.578920025670018,-0.03300430889588363,0.8610457476392751
19.72,-0.578920025670018,-0.035938025242184396,0.8620236530880421
19.74,-0.5769642147724842,-0.035938025242184396,0.8617791767258502
19.76,-0.5776976438590594,-0.03569354887999267,0.8615347003636585
19.78,-0.5776976438590594,-0.03569354887999267,0.8612902240014668
19.8,-0.5772086911346759,-0.034960119793417475,0.8595788894661247
19.82,-0.576230785685909,-0.034960119793417475,0.8627570821746172
19.84,-0.5779421202212511,-0.03422669070684228,0.8642239403477676
19.86,-0.578920025670018,-0.03667145432875959,0.8615347003636585
19.88,-0.5754973565993338,-0.03716040705314305,0.8615347003636585
19.9,-0.5769642147724842,-0.03569354887999267,0.8637349876233842
19.92,-0.5779421202212511,-0.036182501604376124,0.8612902240014668
19.94,-0.5796534547565932,-0.03569354887999267,0.8637349876233842
19.96,-0.5791645020322097,-0.03471564343122574,0.8600678421905081
19.98,-0.576230785685909,-0.034960119793417475,0.8615347003636585
20.0,-0.5772086911346759,-0.03642697796656786,0.864712893072151
20.02,-0.5776976438590594,-0.03716040705314305,0.864712893072151
20.04,-0.5764752620481007,-0.038871741588485165,0.8637349876233842
20.06,-0.5737860220639917,-0.0383827888641017,0.8608012712770834
20.08,-0.5723191638908413,-0.03667145432875959,0.8588454603795496
20.1,-0.5730525929774165,-0.03716040705314305,0.8612902240014668
20.12,-0.5750084038749503,-0.03642697796656786,0.8612902240014668
20.14,-0.5769642147724842,-0.03911621795067689,0.8598233658283164
20.16,-0.5784310729456346,-0.03789383613971824,0.8615347003636585
20.18,-0.5759863093237173,-0.03740488341533478,0.8620236530880421
20.2,-0.5781865965834428,-0.03862726522629343,0.8617791767258502
20.22,-0.5786755493078263,-0.03740488341533478,0.8622681294502338
20.24,-0.578920025670018,-0.03789383613971824,0.8627570821746172
20.26,-0.5776976438590594,-0.03764935977752651,0.8637349876233842
20.28,-0.5745194511505669,-0.03740488341533478,0.8644684167099593
20.3,-0.5723191638908413,-0.03911621795067689,0.864712893072151
20.32,-0.5745194511505669,-0.040827552486019006,0.8664242276074932
20.34,-0.5745194511505669,-0.04204993429697766,0.8654463221587263
20.36,-0.5732970693396082,-0.042783363383552854,0.8634905112611924
20.38,-0.5742749747883752,-0.042783363383552854,0.8617791767258502
20.4,-0.5754973565993338,-0.0415609815725942,0.8649573694343428
20.42,-0.5754973565993338,-0.04131650521040247,0.8659352748831097
20.44,-0.5759863093237173,-0.040094123399443814,0.8654463221587263
20.46,-0.5730525929774165,-0.040827552486019006,0.8671576566940684
20.48,-0.5720746875286495,-0.04131650521040247,0.8630015585368089
20.5,-0.5732970693396082,-0.041805457934785926,0.8617791767258502
20.52,-0.5730525929774165,-0.042783363383552854,0.8620236530880421
20.54,-0.5728081166152248,-0.042783363383552854,0.864712893072151
20.56,-0.5732970693396082,-0.04131650521040247,0.8632460348990006
20.58,-0.5740304984261834,-0.03960517067506036,0.8661797512453014
20.6,-0.5735415457017999,-0.040827552486019006,0.8652018457965345
20.62,-0.5715857348042661,-0.0383827888641017,0.8649573694343428
20.64,-0.5740304984261834,-0.038871741588485165,0.8644684167099593
20.66,-0.5759863093237173,-0.04058307612382728,0.8630015585368089
20.68,-0.5754973565993338,-0.039849647037252085,0.8654463221587263
20.708,-0.575252880237142,-0.040094123399443814,0.8666687039696849
20.72,-0.5747639275127586,-0.039849647037252085,0.8649573694343428
20.74,-0.5737860220639917,-0.03789383613971824,0.8625126058124255
20.76,-0.5703633529933074,-0.03960517067506036,0.8642239403477676
20.78,-0.5713412584420744,-0.03911621795067689,0.8659352748831097
20.8,-0.5730525929774165,-0.04204993429697766,0.8661797512453014
20.82,-0.5730525929774165,-0.04204993429697766,0.8661797512453014
20.84,-0.5750084038749503,-0.0415609815725942,0.8639794639855759
20.86,-0.5715857348042661,-0.040094123399443814,0.8598233658283164
20.88,-0.5718302111664578,-0.03960517067506036,0.8627570821746172
20.9,-0.5713412584420744,-0.03911621795067689,0.8669131803318767
20.92,-0.5720746875286495,-0.040827552486019006,0.869357943953794
20.94,-0.5759863093237173,-0.040827552486019006,0.8678910857806436
20.96,-0.5747639275127586,-0.04033859976163555,0.8620236530880421
20.98,-0.572563640253033,-0.03936069431286862,0.8598233658283164
21.0,-0.572563640253033,-0.038871741588485165,0.8622681294502338
21.02,-0.5740304984261834,-0.03936069431286862,0.8652018457965345
21.04,-0.576230785685909,-0.040827552486019006,0.8630015585368089
21.06,-0.5740304984261834,-0.04033859976163555,0.8632460348990006
21.08,-0.5703633529933074,-0.03764935977752651,0.865690798520918
21.1,-0.5706078293554991,-0.03716040705314305,0.8691134675916022
21.12,-0.5730525929774165,-0.04058307612382728,0.8688689912294105
21.14,-0.5791645020322097,-0.0415609815725942,0.8639794639855759
21.16,-0.5830761238272775,-0.04253888702136112,0.8546893622222901
21.18,-0.5794089783944015,-0.03960517067506036,0.8500443113406473
21.2,-0.5757418329615255,-0.03667145432875959,0.8522445986003728
21.22,-0.5747639275127586,-0.03691593069095132,0.8595788894661247
21.24,-0.5816092656541271,-0.03471564343122574,0.8642239403477676
21.26,-0.5840540292760443,-0.03471564343122574,0.8600678421905081
21.28,-0.5833206001894692,-0.03398221434465055,0.8546893622222901
21.3,-0.5823426947407022,-0.03544907251780093,0.8581120312929743
21.32,-0.5857653638113864,-0.03813831250190997,0.8627570821746172
21.34,-0.584298505638236,-0.03789383613971824,0.8615347003636585
21.36,-0.5776976438590594,-0.03691593069095132,0.8588454603795496
21.38,-0.5786755493078263,-0.03764935977752651,0.8598233658283164
21.4,-0.5803868838431684,-0.03862726522629343,0.8561562203954405
21.42,-0.5796534547565932,-0.036182501604376124,0.8544448858600984
21.44,-0.5806313602053601,-0.03471564343122574,0.8573786022063992
21.46,-0.584298505638236,-0.03691593069095132,0.8610457476392751
21.48,-0.5872322219845368,-0.03764935977752651,0.8625126058124255
21.5,-0.5860098401735782,-0.0383827888641017,0.8627570821746172
21.52,-0.5845429820004279,-0.03447116706903401,0.8600678421905081
21.54,-0.5774531674968676,-0.03349326162026709,0.8605567949148917
21.56,-0.5759863093237173,-0.03349326162026709,0.8581120312929743
21.58,-0.5745194511505669,-0.0327598325336919,0.8561562203954405
21.6,-0.5774531674968676,-0.036182501604376124,0.8573786022063992
21.62,-0.5818537420163188,-0.04033859976163555,0.8573786022063992
21.64,-0.5835650765516609,-0.03911621795067689,0.8603123185527
21.66,-0.5825871711028939,-0.036182501604376124,0.8634905112611924
21.68,-0.5796534547565932,-0.03471564343122574,0.8632460348990006
21.7,-0.5757418329615255,-0.03349326162026709,0.8652018457965345
21.728,-0.5774531674968676,-0.03398221434465055,0.8634905112611924
21.74,-0.5808758365675518,-0.03544907251780093,0.8610457476392751
21.76,-0.5794089783944015,-0.035938025242184396,0.8586009840173578
21.78,-0.578920025670018,-0.035938025242184396,0.8600678421905081
21.8,-0.5784310729456346,-0.03642697796656786,0.8625126058124255
21.82,-0.5776976438590594,-0.036182501604376124,0.8615347003636585
21.84,-0.576230785685909,-0.035938025242184396,0.8586009840173578
21.86,-0.5759863093237173,-0.03569354887999267,0.8608012712770834
21.88,-0.5759863093237173,-0.035938025242184396,0.8603123185527
21.9,-0.5786755493078263,-0.03789383613971824,0.8615347003636585
21.92,-0.5786755493078263,-0.03691593069095132,0.8625126058124255
21.94,-0.5779421202212511,-0.034960119793417475,0.8615347003636585
21.96,-0.5767197384102924,-0.03471564343122574,0.8610457476392751
21.98,-0.578920025670018,-0.035938025242184396,0.8581120312929743
22.0,-0.578920025670018,-0.036182501604376124,0.8576230785685909
22.02,-0.579897931118785,-0.034960119793417475,0.8603123185527
22.04,-0.5803868838431684,-0.0327598325336919,0.8598233658283164
22.06,-0.5796534547565932,-0.03202640344711671,0.8610457476392751
22.08,-0.5808758365675518,-0.03447116706903401,0.8642239403477676
22.1,-0.5794089783944015,-0.03740488341533478,0.8632460348990006
22.12,-0.5781865965834428,-0.040827552486019006,0.8610457476392751
22.14,-0.5791645020322097,-0.039849647037252085,0.8615347003636585
22.16,-0.5767197384102924,-0.03764935977752651,0.8615347003636585
22.18,-0.5776976438590594,-0.03789383613971824,0.8627570821746172
22.2,-0.5776976438590594,-0.03789383613971824,0.8639794639855759
22.22,-0.5776976438590594,-0.03789383613971824,0.8639794639855759
22.24,-0.5767197384102924,-0.03813831250190997,0.8634905112611924
22.26,-0.576230785685909,-0.03911621795067689,0.8632460348990006
22.28,-0.5750084038749503,-0.03960517067506036,0.8637349876233842
22.3,-0.5732970693396082,-0.03936069431286862,0.8644684167099593
22.32,-0.5774531674968676,-0.039849647037252085,0.8634905112611924
22.34,-0.5754973565993338,-0.03813831250190997,0.8627570821746172
22.36,-0.5740304984261834,-0.03936069431286862,0.8642239403477676
22.38,-0.5769642147724842,-0.040827552486019006,0.8678910857806436
22.4,-0.5759863093237173,-0.0415609815725942,0.8649573694343428
22.42,-0.5723191638908413,-0.039849647037252085,0.8642239403477676
22.44,-0.5713412584420744,-0.03544907251780093,0.8620236530880421
22.46,-0.5718302111664578,-0.035204596155609204,0.8620236530880421
22.48,-0.5769642147724842,-0.03642697796656786,0.8634905112611924
22.5,-0.5786755493078263,-0.03740488341533478,0.8642239403477676
22.52,-0.578920025670018,-0.035204596155609204,0.8649573694343428
22.54,-0.5757418329615255,-0.03667145432875959,0.8637349876233842
22.56,-0.5737860220639917,-0.03789383613971824,0.8637349876233842
22.58,-0.5742749747883752,-0.03544907251780093,0.8620236530880421
22.6,-0.5769642147724842,-0.03642697796656786,0.8625126058124255
22.62,-0.5747639275127586,-0.03667145432875959,0.8637349876233842
22.64,-0.5757418329615255,-0.03642697796656786,0.8639794639855759
22.66,-0.575252880237142,-0.03813831250190997,0.8630015585368089
22.68,-0.575252880237142,-0.03667145432875959,0.8652018457965345
22.7,-0.5754973565993338,-0.03789383613971824,0.8627570821746172
22.72,-0.576230785685909,-0.035938025242184396,0.8620236530880421
22.748,-0.5759863093237173,-0.03471564343122574,0.8637349876233842
22.76,-0.5757418329615255,-0.03447116706903401,0.8620236530880421
22.78,-0.5767197384102924,-0.036182501604376124,0.8610457476392751
22.8,-0.5764752620481007,-0.03667145432875959,0.8630015585368089
22.82,-0.5754973565993338,-0.036182501604376124,0.8637349876233842
22.84,-0.5737860220639917,-0.03789383613971824,0.8617791767258502
22.86,-0.5750084038749503,-0.034960119793417475,0.8610457476392751
22.88,-0.576230785685909,-0.035204596155609204,0.8617791767258502
22.9,-0.5757418329615255,-0.034960119793417475,0.8608012712770834
22.92,-0.5757418329615255,-0.03349326162026709,0.8630015585368089
22.94,-0.575252880237142,-0.0327598325336919,0.8627570821746172
22.96,-0.576230785685909,-0.0327598325336919,0.8617791767258502
22.98,-0.5772086911346759,-0.03349326162026709,0.8610457476392751
23.0,-0.5757418329615255,-0.03544907251780093,0.8610457476392751
23.02,-0.576230785685909,-0.03471564343122574,0.8605567949148917
23.04,-0.5774531674968676,-0.034960119793417475,0.8625126058124255
23.06,-0.5776976438590594,-0.03398221434465055,0.8622681294502338
23.08,-0.5767197384102924,-0.035204596155609204,0.8632460348990006
23.1,-0.5745194511505669,-0.035204596155609204,0.8654463221587263
23.12,-0.5759863093237173,-0.03691593069095132,0.8644684167099593
23.14,-0.5737860220639917,-0.036182501604376124,0.8639794639855759
23.16,-0.572563640253033,-0.03569354887999267,0.8634905112611924
23.18,-0.5718302111664578,-0.036182501604376124,0.8627570821746172
23.2,-0.5718302111664578,-0.035204596155609204,0.8642239403477676
23.22,-0.5732970693396082,-0.03764935977752651,0.8644684167099593
23.24,-0.5732970693396082,-0.03740488341533478,0.8681355621428353
23.26,-0.5742749747883752,-0.03789383613971824,0.8652018457965345
23.28,-0.5754973565993338,-0.03789383613971824,0.8664242276074932
23.3,-0.5710967820798827,-0.03764935977752651,0.8625126058124255
23.32,-0.5703633529933074,-0.035938025242184396,0.8627570821746172
23.34,-0.5735415457017999,-0.03740488341533478,0.8639794639855759
23.36,-0.5750084038749503,-0.03813831250190997,0.8649573694343428
23.38,-0.5735415457017999,-0.03716040705314305,0.8671576566940684
23.4,-0.5710967820798827,-0.03667145432875959,0.8639794639855759
23.42,-0.5708523057176909,-0.03813831250190997,0.8632460348990006
23.44,-0.5728081166152248,-0.04131650521040247,0.8625126058124255
23.46,-0.5740304984261834,-0.040827552486019006,0.8642239403477676
23.48,-0.5715857348042661,-0.04058307612382728,0.8652018457965345
23.5,-0.5730525929774165,-0.040827552486019006,0.8649573694343428
23.52,-0.5742749747883752,-0.03960517067506036,0.8666687039696849
23.54,-0.5715857348042661,-0.03862726522629343,0.864712893072151
23.56,-0.572563640253033,-0.039849647037252085,0.864712893072151
23.58,-0.5708523057176909,-0.041805457934785926,0.8649573694343428
23.6,-0.5708523057176909,-0.041805457934785926,0.8649573694343428
23.62,-0.5718302111664578,-0.041805457934785926,0.8659352748831097
23.64,-0.5732970693396082,-0.04204993429697766,0.8652018457965345
23.66,-0.5720746875286495,-0.04253888702136112,0.8652018457965345
23.68,-0.5730525929774165,-0.041805457934785926,0.8676466094184518
23.7,-0.5723191638908413,-0.040094123399443814,0.865690798520918
23.72,-0.5708523057176909,-0.04058307612382728,0.8661797512453014
23.74,-0.5723191638908413,-0.040827552486019006,0.8661797512453014
23.768,-0.5732970693396082,-0.04229441065916939,0.8661797512453014
23.78,-0.5728081166152248,-0.04302783974574458,0.8637349876233842
23.8,-0.5713412584420744,-0.041805457934785926,0.8652018457965345
23.82,-0.5706078293554991,-0.04229441065916939,0.8671576566940684
23.84,-0.5750084038749503,-0.0415609815725942,0.8671576566940684
23.86,-0.5730525929774165,-0.04229441065916939,0.8620236530880421
23.88,-0.5696299239067323,-0.041805457934785926,0.8649573694343428
23.9,-0.569874400268924,-0.04302783974574458,0.868380038505027
23.92,-0.568896494820157,-0.043761268832319775,0.8674021330562601
23.94,-0.5720746875286495,-0.0440057451945115,0.8644684167099593
23.96,-0.5708523057176909,-0.042783363383552854,0.8620236530880421
23.98,-0.5693854475445406,-0.04302783974574458,0.8639794639855759
24.0,-0.569874400268924,-0.043761268832319775,0.8649573694343428
24.02,-0.5728081166152248,-0.041805457934785926,0.8678910857806436
24.04,-0.5750084038749503,-0.043516792470128046,0.868380038505027
24.06,-0.576230785685909,-0.04327231610793631,0.8710692784891361
24.08,-0.5693854475445406,-0.04449469791889497,0.8698468966781774
24.1,-0.5659627784738563,-0.04204993429697766,0.8664242276074932
24.12,-0.5715857348042661,-0.04253888702136112,0.8674021330562601
24.14,-0.5730525929774165,-0.042783363383552854,0.8722916603000948
24.16,-0.5732970693396082,-0.044739174281086695,0.8737585184732451
24.18,-0.5686520184579653,-0.04302783974574458,0.8688689912294105
24.2,-0.5654738257494728,-0.042783363383552854,0.8671576566940684
24.22,-0.5666962075604315,-0.04204993429697766,0.8664242276074932
24.24,-0.5693854475445406,-0.043516792470128046,0.8666687039696849
24.26,-0.5703633529933074,-0.04425022155670324,0.868380038505027
24.28,-0.5708523057176909,-0.03813831250190997,0.8752253766463954
24.3,-0.5713412584420744,-0.030315068911774594,0.878403569354888
24.32,-0.5676741130091985,-0.024203159856981328,0.8659352748831097
24.34,-0.5696299239067323,-0.02126944351068056,0.849310882254072
24.36,-0.5703633529933074,-0.023958683494789596,0.8343978241603764
24.38,-0.5737860220639917,-0.028359258014240746,0.8302417260031171
24.4,-0.5784310729456346,-0.030315068911774594,0.8385539223176359
24.42,-0.5801424074809767,-0.0295816398251994,0.8515111695137976
24.44,-0.5820982183785105,-0.02591449439232344,0.864712893072151
24.46,-0.5818537420163188,-0.022736301683830944,0.8676466094184518
24.48,-0.5833206001894692,-0.022247348959447483,0.8622681294502338
24.5,-0.5833206001894692,-0.023225254408214404,0.8581120312929743
24.52,-0.5845429820004279,-0.024447636219173056,0.8527335513247563
24.54,-0.5845429820004279,-0.030315068911774594,0.8505332640650307
24.56,-0.5864987928979617,-0.03789383613971824,0.8586009840173578
24.58,-0.5860098401735782,-0.040094123399443814,0.8644684167099593
24.6,-0.5828316474650858,-0.03642697796656786,0.8669131803318767
24.62,-0.576230785685909,-0.030804021636158054,0.8654463221587263
24.64,-0.5774531674968676,-0.030315068911774594,0.8696024203159857
24.66,-0.5813647892919354,-0.03569354887999267,0.8769367111817375
24.68,-0.5830761238272775,-0.03813831250190997,0.878403569354888
24.7,-0.5818537420163188,-0.03740488341533478,0.8718027075757112
24.72,-0.5813647892919354,-0.03642697796656786,0.8605567949148917
24.74,-0.5764752620481007,-0.036182501604376124,0.8520001222381811
24.76,-0.5745194511505669,-0.03447116706903401,0.8527335513247563
24.789,-0.575252880237142,-0.03422669070684228,0.8542004094979067
24.8,-0.5742749747883752,-0.035204596155609204,0.8588454603795496
24.82,-0.5730525929774165,-0.03691593069095132,0.8654463221587263
24.84,-0.5730525929774165,-0.03862726522629343,0.8681355621428353
24.86,-0.5728081166152248,-0.04058307612382728,0.8686245148672188
24.88,-0.5754973565993338,-0.043761268832319775,0.8674021330562601
24.9,-0.5767197384102924,-0.040827552486019006,0.8644684167099593
24.92,-0.5757418329615255,-0.03740488341533478,0.8620236530880421
24.94,-0.5728081166152248,-0.03936069431286862,0.8627570821746172
24.96,-0.5703633529933074,-0.03764935977752651,0.8671576566940684
24.98,-0.569874400268924,-0.03642697796656786,0.869357943953794
25.0,-0.569874400268924,-0.03642697796656786,0.869357943953794
25.02,-0.5684075420957736,-0.03716040705314305,0.8725361366622865
25.04,-0.5684075420957736,-0.03764935977752651,0.8710692784891361
25.06,-0.5671851602848149,-0.03740488341533478,0.8669131803318767
25.08,-0.5710967820798827,-0.03789383613971824,0.8671576566940684
25.1,-0.576230785685909,-0.035204596155609204,0.859334413103933
25.12,-0.5796534547565932,-0.02884821073862421,0.8532225040491397
25.14,-0.5840540292760443,-0.022491825321639215,0.8507777404272224
25.16,-0.58625431653577,-0.018824679888763254,0.8554227913088653
25.18,-0.5877211747089203,-0.015157534455887297,0.8595788894661247
25.2,-0.588943556519879,-0.013690676282736913,0.8590899367417413
25.22,-0.5884546037954955,-0.016624392629037678,0.8534669804113315
25.24,-0.5882101274333038,-0.026403447116706905,0.8524890749625645
25.26,-0.5882101274333038,-0.028603734376432478,0.8578675549307826
25.28,-0.5850319347248113,-0.027381352565473825,0.8661797512453014
25.3,-0.5811203129297436,-0.02200287259725575,0.8664242276074932
25.32,-0.578920025670018,-0.017602298077804602,0.8612902240014668
25.34,-0.5779421202212511,-0.01686886899122941,0.858356507655166
25.36,-0.5781865965834428,-0.018580203526571526,0.859334413103933
25.38,-0.5769642147724842,-0.018580203526571526,0.8581120312929743
25.4,-0.5781865965834428,-0.019069156250954986,0.8561562203954405
25.42,-0.5759863093237173,-0.018091250802188062,0.8598233658283164
25.44,-0.579897931118785,-0.018824679888763254,0.8630015585368089
25.46,-0.5835650765516609,-0.017602298077804602,0.8612902240014668
25.48,-0.5801424074809767,-0.014179629007120373,0.8600678421905081
25.5,-0.5779421202212511,-0.010268007212052684,0.8595788894661247
25.52,-0.5747639275127586,-0.009534578125477493,0.8605567949148917
25.54,-0.5745194511505669,-0.011979341747394798,0.865690798520918
25.56,-0.5757418329615255,-0.013935152644928643,0.8637349876233842
25.58,-0.5764752620481007,-0.014179629007120373,0.8639794639855759
25.6,-0.5735415457017999,-0.01246829447177826,0.8630015585368089
25.62,-0.5720746875286495,-0.010512483574244415,0.8634905112611924
25.64,-0.5718302111664578,-0.00855667267671057,0.8637349876233842
25.66,-0.5747639275127586,-0.0075787672279436485,0.8622681294502338
25.68,-0.575252880237142,-0.005378479968218073,0.8632460348990006
25.7,-0.575252880237142,-0.0044005745194511505,0.8634905112611924
25.72,-0.572563640253033,-0.003911621795067689,0.8666687039696849
25.74,-0.5745194511505669,-0.003911621795067689,0.8649573694343428
25.76,-0.5745194511505669,-0.0044005745194511505,0.8627570821746172
25.78,-0.5703633529933074,-0.003422669070684228,0.8622681294502338
25.808,-0.5703633529933074,-0.005134003606026342,0.8600678421905081
25.82,-0.5701188766311157,-0.0073342908657519175,0.8634905112611924
25.84,-0.5693854475445406,-0.0075787672279436485,0.8654463221587263
25.86,-0.5732970693396082,-0.0075787672279436485,0.8696024203159857
25.88,-0.5754973565993338,-0.0044005745194511505,0.8688689912294105
25.9,-0.575252880237142,-0.0019558108975338447,0.8671576566940684
25.92,-0.5796534547565932,0.002444763621917306,0.865690798520918
25.94,-0.5769642147724842,0.005867432692601534,0.8639794639855759
25.96,-0.5769642147724842,0.008312196314518839,0.864712893072151
25.98,-0.5791645020322097,0.0073342908657519175,0.8649573694343428
26.0,-0.5811203129297436,0.007823243590135379,0.8600678421905081
26.02,-0.5811203129297436,0.0073342908657519175,0.8549338385844818
26.04,-0.5811203129297436,0.008312196314518839,0.8542004094979067
26.06,-0.5820982183785105,0.008067719952327109,0.8566451731198239
26.08,-0.5825871711028939,0.00855667267671057,0.8586009840173578
26.1,-0.5796534547565932,0.011979341747394798,0.8603123185527
26.12,-0.578920025670018,0.013935152644928643,0.8617791767258502
26.14,-0.5808758365675518,0.012223818109586528,0.8627570821746172
26.16,-0.5818537420163188,0.009045625401094031,0.8586009840173578
26.18,-0.5808758365675518,0.008067719952327109,0.8581120312929743
26.2,-0.5801424074809767,0.010756959936436146,0.8578675549307826
26.22,-0.5801424074809767,0.010268007212052684,0.8600678421905081
26.24,-0.5791645020322097,0.011734865385203068,0.8634905112611924
26.26,-0.5808758365675518,0.011734865385203068,0.8634905112611924
26.28,-0.5828316474650858,0.011979341747394798,0.8622681294502338
26.3,-0.5830761238272775,0.011245912660819608,0.8600678421905081
26.32,-0.5808758365675518,0.009534578125477493,0.8554227913088653
26.34,-0.5791645020322097,0.006845338141368456,0.8534669804113315
26.36,-0.578920025670018,0.0046450508816428815,0.8576230785685909
26.38,-0.5813647892919354,0.0073342908657519175,0.8615347003636585
26.4,-0.5813647892919354,0.0073342908657519175,0.8615347003636585
26.42,-0.5786755493078263,0.011734865385203068,0.8615347003636585
26.44,-0.5776976438590594,0.010268007212052684,0.8617791767258502
26.46,-0.5794089783944015,0.006111909054793264,0.8608012712770834
26.48,-0.5779421202212511,0.0041560981572594195,0.8600678421905081
26.5,-0.5779421202212511,0.0046450508816428815,0.859334413103933
26.52,-0.5781865965834428,0.006356385416984995,0.858356507655166
26.54,-0.5786755493078263,0.008312196314518839,0.8615347003636585
26.56,-0.5781865965834428,0.008801149038902301,0.8627570821746172
26.58,-0.5801424074809767,0.009534578125477493,0.8622681294502338
26.6,-0.5794089783944015,0.008067719952327109,0.8622681294502338
26.62,-0.5774531674968676,0.007823243590135379,0.8610457476392751
26.64,-0.5786755493078263,0.0073342908657519175,0.8620236530880421
26.66,-0.5781865965834428,0.005622956330409804,0.8634905112611924
26.68,-0.579897931118785,0.005378479968218073,0.8630015585368089
26.7,-0.5796534547565932,0.006600861779176726,0.8622681294502338
26.72,-0.5786755493078263,0.0073342908657519175,0.8632460348990006
26.74,-0.578920025670018,0.008312196314518839,0.8622681294502338
26.76,-0.5786755493078263,0.0075787672279436485,0.8608012712770834
26.78,-0.579897931118785,0.005378479968218073,0.8605567949148917
26.8,-0.5813647892919354,0.006111909054793264,0.8603123185527
26.828,-0.5825871711028939,0.005622956330409804,0.859334413103933
26.84,-0.5835650765516609,0.008312196314518839,0.8590899367417413
26.86,-0.5816092656541271,0.009045625401094031,0.8578675549307826
26.88,-0.5806313602053601,0.010268007212052684,0.8622681294502338
26.9,-0.5806313602053601,0.010023530849860953,0.865690798520918
26.92,-0.5830761238272775,0.0073342908657519175,0.8617791767258502
26.94,-0.5813647892919354,0.005134003606026342,0.8581120312929743
26.96,-0.5818537420163188,0.0046450508816428815,0.8559117440332488
26.98,-0.5820982183785105,0.0031781927084924976,0.8568896494820157
27.0,-0.5816092656541271,0.0070898145035601864,0.858356507655166
27.02,-0.5825871711028939,0.008312196314518839,0.8590899367417413
27.04,-0.5835650765516609,0.009290101763285763,0.8600678421905081
27.06,-0.5811203129297436,0.008312196314518839,0.8590899367417413
27.08,-0.5816092656541271,0.005378479968218073,0.8588454603795496
27.1,-0.5808758365675518,0.0036671454328759587,0.8595788894661247
27.12,-0.5801424074809767,0.0014668581731503835,0.8615347003636585
27.14,-0.5830761238272775,0.002444763621917306,0.8600678421905081
27.16,-0.5816092656541271,0.002444763621917306,0.8605567949148917
27.18,-0.5781865965834428,0.0041560981572594195,0.8612902240014668
27.2,-0.5781865965834428,0.002444763621917306,0.8612902240014668
27.22,-0.5803868838431684,0.003422669070684228,0.8625126058124255
27.24,-0.5840540292760443,0.0026892399841090364,0.8610457476392751
27.26,-0.5823426947407022,0.0031781927084924976,0.8590899367417413
27.28,-0.5813647892919354,0.006111909054793264,0.8600678421905081
27.3,-0.5813647892919354,0.005134003606026342,0.8620236530880421
27.32,-0.5811203129297436,0.003422669070684228,0.8630015585368089
27.34,-0.5801424074809767,0.0044005745194511505,0.8625126058124255
27.36,-0.579897931118785,0.003911621795067689,0.8615347003636585
27.38,-0.5796534547565932,0.0036671454328759587,0.8598233658283164
27.4,-0.5803868838431684,0.0044005745194511505,0.8598233658283164
27.42,-0.5808758365675518,0.0036671454328759587,0.8588454603795496
27.44,-0.5796534547565932,0.003911621795067689,0.8581120312929743
27.46,-0.5816092656541271,0.005134003606026342,0.858356507655166
27.48,-0.5825871711028939,0.005622956330409804,0.8612902240014668
27.5,-0.5816092656541271,0.006356385416984995,0.8610457476392751
27.52,-0.5801424074809767,0.006111909054793264,0.859334413103933
27.54,-0.5808758365675518,0.006845338141368456,0.859334413103933
27.56,-0.5823426947407022,0.005378479968218073,0.8600678421905081
27.58,-0.5833206001894692,0.0046450508816428815,0.8603123185527
27.6,-0.585276411087003,0.005378479968218073,0.8620236530880421
27.62,-0.5820982183785105,0.007823243590135379,0.8620236530880421
27.64,-0.5803868838431684,0.0073342908657519175,0.8627570821746172
27.66,-0.5811203129297436,0.005622956330409804,0.8625126058124255
27.68,-0.5801424074809767,0.008312196314518839,0.8627570821746172
27.7,-0.5794089783944015,0.004889527243834612,0.8576230785685909
27.72,-0.5769642147724842,0.0046450508816428815,0.8605567949148917
27.74,-0.5784310729456346,0.006600861779176726,0.8637349876233842
27.76,-0.5772086911346759,0.008067719952327109,0.8632460348990006
27.78,-0.5772086911346759,0.008067719952327109,0.8632460348990006
27.8,-0.5791645020322097,0.006111909054793264,0.8620236530880421
27.82,-0.5808758365675518,0.010268007212052684,0.8595788894661247
27.848,-0.5828316474650858,0.009779054487669223,0.8620236530880421
27.86,-0.579897931118785,0.011734865385203068,0.8627570821746172
27.88,-0.5794089783944015,0.013935152644928643,0.8600678421905081
27.9,-0.5811203129297436,0.011245912660819608,0.859334413103933
27.92,-0.5813647892919354,0.01271277083396999,0.8610457476392751
27.94,-0.5813647892919354,0.012223818109586528,0.8571341258442075
27.96,-0.5794089783944015,0.009779054487669223,0.8600678421905081
27.98,-0.5823426947407022,0.010023530849860953,0.8625126058124255
28.0,-0.5794089783944015,0.010023530849860953,0.8644684167099593
28.02,-0.5803868838431684,0.011245912660819608,0.8610457476392751
28.04,-0.5791645020322097,0.014424105369312105,0.8600678421905081
28.06,-0.5808758365675518,0.015157534455887297,0.8588454603795496
28.08,-0.5803868838431684,0.014913058093695565,0.8586009840173578
28.1,-0.579897931118785,0.013935152644928643,0.859334413103933
28.12,-0.5801424074809767,0.013446199920545182,0.8595788894661247
28.14,-0.5803868838431684,0.011245912660819608,0.8588454603795496
28.16,-0.5811203129297436,0.01246829447177826,0.8561562203954405
28.18,-0.5830761238272775,0.015402010818079027,0.8568896494820157
28.2,-0.5828316474650858,0.01637991626684595,0.8566451731198239
28.22,-0.5833206001894692,0.01711334535342114,0.8578675549307826
28.24,-0.5833206001894692,0.01637991626684595,0.855667267671057
28.26,-0.5816092656541271,0.01686886899122941,0.8564006967576322
28.28,-0.5830761238272775,0.01735782171561287,0.8578675549307826
28.3,-0.5838095529138526,0.0207804907862971,0.8568896494820157
28.32,-0.5855208874491947,0.019558108975338447,0.8571341258442075
28.34,-0.5872322219845368,0.019069156250954986,0.8554227913088653
28.36,-0.5855208874491947,0.017846774439996334,0.8571341258442075
28.38,-0.5850319347248113,0.01711334535342114,0.859334413103933
28.4,-0.5872322219845368,0.014913058093695565,0.8620236530880421
28.42,-0.5874766983467286,0.018580203526571526,0.8632460348990006
28.44,-0.5869877456223451,0.0207804907862971,0.8642239403477676
28.46,-0.5874766983467286,0.02126944351068056,0.8588454603795496
28.48,-0.5872322219845368,0.02469211258136479,0.8483329768053052
28.5,-0.5869877456223451,0.02029153806191364,0.8414876386639366
28.52,-0.5872322219845368,0.018091250802188062,0.8427100204748953
28.54,-0.5879656510711121,0.020536014424105367,0.8466216422699631
28.56,-0.5938330837637136,0.0207804907862971,0.8542004094979067
28.58,-0.5962778473856309,0.01980258533753018,0.8639794639855759
28.6,-0.5948109892124805,0.017602298077804602,0.8705803257647526
28.62,-0.5960333710234391,0.017602298077804602,0.8752253766463954
28.64,-0.5994560400941233,0.015646487180270757,0.8725361366622865
28.66,-0.6023897564404241,0.01295724719616172,0.8705803257647526
28.68,-0.6033676618891911,0.008801149038902301,0.8708248021269444
28.7,-0.6182807199828867,0.011490389023011338,0.8603123185527
28.72,-0.6248815817620633,0.02029153806191364,0.842954496837087
28.74,-0.6102130000305596,0.035204596155609204,0.8263301042080494
28.76,-0.5982336582831648,0.048650796076154385,0.8145952388228463
28.78,-0.5975002291965895,0.04816184335177093,0.8204626715154478
28.8,-0.6033676618891911,0.0383827888641017,0.8373315405066772
28.82,-0.620725483604804,0.03398221434465055,0.8446658313724291
28.84,-0.6434617852886348,0.03544907251780093,0.8405097332151698
28.869,-0.651529505240962,0.047428414265195735,0.8319530605384592
28.88,-0.6529963634141124,0.06185251963450784,0.8202181951532561
28.9,-0.6544632215872628,0.06918681050025975,0.8104391406655869
28.92,-0.6529963634141124,0.07309843229532745,0.8065275188705192
28.94,-0.6434617852886348,0.07089814503560186,0.8104391406655869
28.96,-0.6336827308009657,0.06136356691012437,0.8209516242398313
28.98,-0.6300155853680897,0.056229563304098035,0.8302417260031171
29.0,-0.6402835925801424,0.04816184335177093,0.832930965987226
29.02,-0.6380833053204168,0.04620603245423708,0.8363536350579103
29.04,-0.6292821562815145,0.048406319713962656,0.8270635332946246
29.06,-0.6256150108486386,0.049628701524921305,0.8158176206338049
29.08,-0.6336827308009657,0.040827552486019006,0.8035938025242184
29.1,-0.6407725453045259,0.03789383613971824,0.7881917917061394
29.12,-0.6483513125324695,0.03960517067506036,0.78403569354888
29.14,-0.6701097087675335,0.03716040705314305,0.7952816062096996
29.16,-0.7001803013171164,0.03251535617150017,0.7982153225560004
29.18,-0.7001803013171164,0.03251535617150017,0.7982153225560004
29.2,-0.7084924976316352,0.04033859976163555,0.7913699844146319
29.22,-0.6918681050025975,0.06503071234300034,0.7884362680683311
29.24,-0.6745102832869847,0.09167863582189897,0.7891696971549064
29.26,-0.6767105705467102,0.0911896830975155,0.7938147480365492
29.28,-0.6982244904195826,0.07089814503560186,0.8001711334535342
29.3,-0.7385630901812181,0.055251657855331114,0.808483329768053
29.32,-0.7248724138984812,0.0686978577758763,0.8312196314518839
29.34,-0.6627754179017816,0.11637074840326375,0.855667267671057
29.36,-0.6241481526754882,0.16282125721969257,0.8542004094979067
29.38,-0.6019008037160407,0.1968034715643431,0.8312196314518839
29.4,-0.5669406839226232,0.21391681691776426,0.8165510497203802
29.42,-0.5515386731045442,0.19313632613146717,0.8043272316107937
29.44,-0.5253797023500291,0.15646487180270757,0.827552486019008
29.46,-0.5248907496256455,0.11563731931668857,0.9018733001252941
29.48,-0.5366256150108486,0.10414693029367723,0.9720380160743208
29.5,-0.5092442624453748,0.11930446474956452,1.0033309904348624
29.52,-0.4867524371237356,0.16037649359777525,0.9610365797756929
29.54,-0.49922073159551383,0.20487119151667021,0.8832930965987226
29.56,-0.5099776915319499,0.23763102405036213,0.8126394279253124
29.58,-0.49017510619441984,0.23958683494789598,0.7855025517220303
29.6,-0.4708614735812731,0.24349845674296366,0.7791461663050454
29.62,-0.45374812822785193,0.2415426458454298,0.79674846438285
29.64,-0.44421355010237445,0.24203159856981327,0.8255966751214742
29.66,-0.44788069553525045,0.2454542676404975,0.8561562203954405
29.68,-0.4693946154081227,0.2591449439232344,0.875714329370779
29.7,-0.4933532989029123,0.28334810378021574,0.8764477584573541
29.72,-0.506310546099074,0.31537450722733246,0.865690798520918
29.74,-0.5097332151697582,0.33126547076979496,0.8475995477187299
29.76,-0.5207346514683862,0.32710937261253553,0.8229074351373651
29.78,-0.5344253277511231,0.3217308926443174,0.7952816062096996
29.8,-0.5356477095620817,0.32564251443938513,0.770345017266143
29.82,-0.5336918986645479,0.3395776670843138,0.752253766463955
29.84,-0.5346698041133148,0.35766891788650185,0.7370962320080677
29.86,-0.5424930477034502,0.3701372123582801,0.7258503193472481
29.889,-0.5530055312776946,0.374782263239923,0.7260947957094398
29.9,-0.5596063930568713,0.38578369953855085,0.7392965192677933
29.92,-0.5703633529933074,0.3916511322311524,0.7512758610151881
29.94,-0.5813647892919354,0.3806496959325245,0.7480976683066956
29.96,-0.5923662255905632,0.35693548879992665,0.7285395593313572
29.98,-0.5679185893713902,0.3332212816673288,0.6862451486721878
30.0,-0.601656327353849,0.32588699080157685,0.6674204687834245
30.02,-0.6850227668612291,0.29532744552761053,0.6811111450661614
30.04,-0.8097057115790117,0.22100663142132446,0.761299391865049
30.06,-0.8138618097362711,0.22834092228707636,0.8737585184732451
30.08,-0.6813556214283532,0.28530391467774957,0.9211869327384409
30.1,-0.578920025670018,0.34740091067444917,0.8930721510863918
30.12,-0.5566726767105705,0.34324481251718975,0.8370870641444855
30.14,-0.6185251963450784,0.30095040185802036,0.7796351190294288
30.16,-0.6811111450661614,0.23714207132597867,0.754943006448064
30.18,-0.6999358249549247,0.1831127952816062,0.7659444427466919
30.2,-0.6811111450661614,0.16379916266845948,0.780368548116004
30.22,-0.6551966506738379,0.16966659536106102,0.7791461663050454
30.24,-0.6395501634935672,0.18360174800598966,0.754943006448064
30.26,-0.6314824435412401,0.18922470433639946,0.7287840356935489
30.28,-0.6231702472267212,0.17308926443174524,0.7344069920239586
30.3,-0.6217033890535709,0.1447300064175045,0.7664333954710754
30.32,-0.627081869021789,0.11857103566298934,0.8040827552486018
30.34,-0.6356385416984995,0.10219111939614338,0.8383094459554442
30.36,-0.6432173089264431,0.09950187941203435,0.8603123185527
30.38,-0.651529505240962,0.11099226843504569,0.8671576566940684
30.4,-0.6654646578858906,0.13446199920545182,0.8537114567735232
30.42,-0.6749992360113681,0.15695382452709103,0.8273080096568163
30.44,-0.6666870396968493,0.1608654463221587,0.8060385661461358
30.46,-0.6559300797604132,0.14301867188216238,0.7886807444305228
30.48,-0.6603306542798643,0.10170216667175992,0.7801240717538123
30.5,-0.6791553341686276,0.052317941509030345,0.7671668245576506
30.52,-0.6908901995538306,0.016135439904654218,0.7595880573297069
30.54,-0.7185160284814962,0.010023530849860953,0.7571432937077897
30.56,-0.7348959447483421,0.008067719952327109,0.7745011154234025
30.58,-0.7348959447483421,0.008067719952327109,0.7745011154234025
30.6,-0.7124041194267029,0.03716040705314305,0.7815909299269627
30.62,-0.6889343886562967,0.08605567949148916,0.7727897808880604
30.64,-0.689667817742872,0.1183265593007976,0.7679002536442258
30.66,-0.6850227668612291,0.12028237019833145,0.7691226354551844
30.68,-0.6913791522782141,0.09241206490847416,0.7740121626990191
30.7,-0.6960242031598569,0.05500718149313938,0.7786572135806619
30.72,-0.6952907740732818,0.03422669070684228,0.7720563518014851
30.74,-0.6904012468294471,0.023958683494789596,0.7730342572502521
30.76,-0.6806221923417779,0.030804021636158054,0.7850135989976469
30.78,-0.6820890505149283,0.05305137059560554,0.7935702716743575
30.8,-0.6948018213488983,0.0743208141062861,0.7989487516425755
30.82,-0.7116706903401278,0.09045625401094032,0.8013935152644929
30.84,-0.7290285120557406,0.09265654127066589,0.7918589371390153
30.86,-0.7363628029214925,0.0887449194755982,0.7769458790453198
30.88,-0.7275616538825902,0.08483329768053051,0.7595880573297069
30.909,-0.7072701158206766,0.07701005409039513,0.7441860465116279
30.92,-0.6757326650979433,0.07652110136601167,0.7317177520398497
30.94,-0.6532408397763041,0.06747547596491764,0.7285395593313572
30.96,-0.6466399779971274,0.055251657855331114,0.7397854719921767
30.98,-0.648840265256853,0.04596155609204535,0.7534761482749136
31.0,-0.6471289307215109,0.0383827888641017,0.7727897808880604
31.02,-0.6512850288787703,0.033248785258075356,0.8045717079729854
31.04,-0.6664425633346576,0.052317941509030345,0.8373315405066772
31.06,-0.7246279375362894,0.12126027564709838,0.8676466094184518
31.08,-0.7987042752803838,0.22296244231885828,0.9363444671943282
31.1,-0.8158176206338049,0.3200195581089753,0.95639152889405
31.12,-0.7960150352962748,0.3236867035418513,0.8466216422699631
31.14,-0.8001711334535342,0.27405800201693,0.7116706903401278
31.16,-0.824863246034899,0.2021819515325612,0.5811203129297436
31.18,-0.8067719952327109,0.15817620633804969,0.4799070989823671
31.2,-0.7627662500381994,0.15304220273202335,0.4398129755829233
31.22,-0.7390520429056016,0.18922470433639946,0.4965314916114048
31.24,-0.7634996791247746,0.2606118020963848,0.6371053998716499
31.26,-0.7833022644623048,0.3214864162821257,0.7872138862573724
31.28,-0.8143507624606545,0.35840234697307705,0.8590899367417413
31.3,-0.8466216422699631,0.3767380741374568,0.8241298169483238
31.32,-0.8475995477187299,0.36744797237417104,0.7234055557253308
31.34,-0.7969929407450417,0.34813433976102437,0.6380833053204168
31.36,-0.7280506066069736,0.31684136540048286,0.6111909054793264
31.38,-0.6718210433028756,0.2799254347095315,0.626103963573022
31.4,-0.636127494422883,0.25718913302570057,0.6427283562020597
31.42,-0.6265929162974054,0.25498884576597497,0.6544632215872628
31.44,-0.6243926290376799,0.2870152492130917,0.6554411270360296
31.46,-0.6334382544387739,0.34422271796595666,0.6507960761543868
31.48,-0.651529505240962,0.38749503407389296,0.6664425633346576
31.5,-0.6657091342480824,0.40338599761635546,0.7014026831280751
31.52,-0.6664425633346576,0.3911621795067689,0.7444305228738196
31.54,-0.6412614980289093,0.3606026342328026,0.7762124499587446
31.56,-0.6185251963450784,0.32833175442349416,0.7837912171866882
31.58,-0.5989670873697399,0.3095070745347309,0.7656999663845002
31.6,-0.5791645020322097,0.29875011459829476,0.7412523301653271
31.62,-0.56082877486783,0.29923906732267824,0.724138984811906
31.64,-0.5459157167741344,0.3068178345506219,0.7219386975521804
31.66,-0.5439599058766006,0.3200195581089753,0.7309843229532744
31.68,-0.5488494331204351,0.3381108089111634,0.7397854719921767
31.7,-0.5603398221434465,0.3525349142804755,0.7397854719921767
31.72,-0.5662072548360481,0.3610915869571861,0.7397854719921767
31.74,-0.5574061057971458,0.36744797237417104,0.730495370228891
31.76,-0.5745194511505669,0.36818140146074624,0.7143599303242367
31.78,-0.6933349631757479,0.3454450997769153,0.72047183937903
31.8,-0.9150750236836476,0.2647679002536442,0.7730342572502521
31.82,-1.0800965681630657,0.13861809736271125,0.8319530605384592
31.84,-0.9972190813800691,0.14032943189805336,0.8060385661461358
31.86,-0.8473550713565382,0.22125110778351617,0.6793998105308193
31.88,-0.7590991046053235,0.26892399841090364,0.575252880237142
31.9,-0.6957797267976652,0.2630565657183021,0.5530055312776946
31.929,-0.6884454359319133,0.2180729150750237,0.5823426947407022
31.94,-0.7414968065275188,0.1677107844635272,0.6307490144546649
31.96,-0.7414968065275188,0.1677107844635272,0.6307490144546649
31.98,-0.7837912171866882,0.12810561378846683,0.6943128686245148
32.0,-0.8004156098157259,0.10830302845093664,0.7419857592519024
32.02,-0.7891696971549064,0.10463588301806069,0.760321486416282
32.04,-0.7498090028420377,0.10194664303395165,0.7625217736760077
32.06,-0.7224276502765639,0.0951013048925832,0.7620328209516243
32.08,-0.7072701158206766,0.0863001558536809,0.7532316719127219
32.1,-0.6838003850502704,0.07285395593313572,0.7322067047642331
32.12,-0.658863796106714,0.05500718149313938,0.7209607921034135
32.14,-0.6556856033982215,0.03398221434465055,0.7263392720716315
32.16,-0.6784219050820524,0.019313632613146715,0.7346514683861504
32.18,-0.7084924976316352,0.031048497998349783,0.7351404211105339
32.2,-0.7309843229532744,0.08434434495614705,0.7273171775203985
32.22,-0.7414968065275188,0.1254163738043578,0.7573877700699814
32.24,-0.7407633774409437,0.1334840937566849,0.8077499006814779
32.26,-0.7202273630168383,0.11979341747394799,0.8419765913883202
32.28,-0.6737768542004094,0.09412339944381627,0.8488219295296886
32.3,-0.6356385416984995,0.06943128686245148,0.8395318277664028
32.32,-0.6219478654157626,0.05280689423341381,0.8180179078935306
32.34,-0.6292821562815145,0.042783363383552854,0.7982153225560004
32.36,-0.647862359808086,0.03789383613971824,0.7852580753598386
32.38,-0.6703541851297252,0.047428414265195735,0.7710784463527183
32.4,-0.6884454359319133,0.07089814503560186,0.7686336827308009
32.42,-0.6864896250343795,0.09070073037313205,0.7916144607768236
32.44,-0.6754881887357516,0.09681263942792531,0.8243742933105155
32.46,-0.6576414142957553,0.08409986859395532,0.8500443113406473
32.48,-0.6434617852886348,0.06527518870519207,0.8517556458759894
32.5,-0.6371053998716499,0.05549613421752284,0.8302417260031171
32.52,-0.6385722580448003,0.05182898878464688,0.8075054243192861
32.54,-0.6405280689423342,0.04620603245423708,0.7965039880206582
32.56,-0.6507960761543868,0.04987317788711304,0.7950371298475079
32.58,-0.6608196070042478,0.06283042508327476,0.8026158970754514
32.6,-0.6598417015554808,0.07260947957094398,0.817528955169147
32.62,-0.6495736943434282,0.07456529046847783,0.8304862023653088
32.64,-0.6380833053204168,0.07603214864162822,0.8341533477981847
32.66,-0.6275708217461724,0.07407633774409436,0.8295082969165418
32.68,-0.6278152981083641,0.06331937780765821,0.8229074351373651
32.7,-0.6363719707850747,0.052317941509030345,0.8170400024447636
32.72,-0.6397946398557589,0.0503621306114965,0.8123949515631207
32.74,-0.6341716835253491,0.05109555969807169,0.8119059988387373
32.76,-0.6224368181401461,0.052562417871222074,0.8126394279253124
32.78,-0.6146135745500106,0.05305137059560554,0.8202181951532561
32.8,-0.6102130000305596,0.05402927604437246,0.8263301042080494
32.82,-0.6099685236683678,0.05182898878464688,0.8356202059713351
32.84,-0.6126577636524768,0.047428414265195735,0.8383094459554442
32.86,-0.6075237600464505,0.04547260336766189,0.8368425877822938
32.88,-0.6058124255111084,0.04938422516272958,0.8361091586957186
32.9,-0.6033676618891911,0.04669498517862054,0.8431989731992787
32.92,-0.6045900437001497,0.04229441065916939,0.8488219295296886
32.948,-0.6036121382513828,0.039849647037252085,0.8510222167894141
32.96,-0.6099685236683678,0.03960517067506036,0.8524890749625645
32.98,-0.6143690981878189,0.043516792470128046,0.8505332640650307
33.0,-0.6175472908963114,0.048406319713962656,0.8471105949943465
33.02,-0.619747578156037,0.053295846957797266,0.8446658313724291
33.04,-0.620725483604804,0.055251657855331114,0.8409986859395532
33.06,-0.6256150108486386,0.05647403966628976,0.8343978241603764
33.08,-0.6312379671790483,0.058185374201631876,0.8297527732787336
33.1,-0.636127494422883,0.06063013782354919,0.8253521987592825
33.12,-0.6378388289582251,0.06356385416984996,0.8229074351373651
33.14,-0.6380833053204168,0.06356385416984996,0.8229074351373651
33.16,-0.6380833053204168,0.06331937780765821,0.8251077223970907
33.18,-0.6410170216667176,0.06331937780765821,0.8231519114995569
33.2,-0.6405280689423342,0.06258594872108303,0.8177734315313387
33.22,-0.6419949271154846,0.06331937780765821,0.8153286679094215
33.24,-0.6463955016349356,0.06063013782354919,0.8136173333740794
33.26,-0.6437062616508267,0.06136356691012437,0.8138618097362711
33.28,-0.6481068361702778,0.057451945115056684,0.8155731442716132
33.3,-0.6476178834458943,0.05671851602848149,0.8170400024447636
33.32,-0.6437062616508267,0.056229563304098035,0.8167955260825719
33.34,-0.6395501634935672,0.05647403966628976,0.8148397151850381
33.36,-0.6395501634935672,0.05647403966628976,0.8148397151850381
33.38,-0.6375943525960334,0.05891880328820707,0.8111725697521621
33.4,-0.6397946398557589,0.06429728325642514,0.8111725697521621
33.42,-0.642483879839868,0.06698652324053418,0.80946123521682
33.44,-0.6468844543593191,0.06674204687834245,0.8123949515631207
33.46,-0.6493292179812364,0.06894233413806802,0.813128380649696
33.48,-0.647862359808086,0.07138709775998534,0.812150475200929
33.5,-0.6410170216667176,0.07163157412217706,0.8148397151850381
33.52,-0.638816734406992,0.07114262139779359,0.8145952388228463
33.54,-0.6314824435412401,0.07114262139779359,0.8145952388228463
33.56,-0.6314824435412401,0.07138709775998534,0.8160620969959966
33.58,-0.6290376799193228,0.06992023958683495,0.8167955260825719
33.6,-0.6280597744705558,0.06992023958683495,0.8229074351373651
33.62,-0.6226812945023378,0.07260947957094398,0.8273080096568163
33.64,-0.6214589126913791,0.07505424319286129,0.8297527732787336
33.66,-0.6187696727072701,0.07529871955505302,0.8277969623811997
33.68,-0.6190141490694618,0.07505424319286129,0.828530391467775
33.7,-0.619747578156037,0.0735873850197109,0.8287748678299667
33.72,-0.6209699599669957,0.07187605048436879,0.8258411514836659
33.74,-0.6209699599669957,0.0735873850197109,0.8253521987592825
33.76,-0.6155914799987776,0.0735873850197109,0.8233963878617486
33.78,-0.6143690981878189,0.07089814503560186,0.8258411514836659
33.8,-0.6129022400146685,0.07236500320875225,0.8319530605384592
33.82,-0.6129022400146685,0.07456529046847783,0.8343978241603764
33.84,-0.61167985820371,0.0743208141062861,0.8346423005225682
33.86,-0.6109464291171347,0.07285395593313572,0.8361091586957186
33.88,-0.6109464291171347,0.0743208141062861,0.8368425877822938
33.9,-0.6121688109280934,0.07652110136601167,0.8356202059713351
33.92,-0.6133911927390521,0.0774990068147786,0.8331754423494179
33.94,-0.6151025272743942,0.0774990068147786,0.8336643950738013
33.968,-0.6121688109280934,0.07725453045258686,0.832930965987226
33.98,-0.6094795709439843,0.07480976683066956,0.8341533477981847
34.0,-0.6094795709439843,0.07505424319286129,0.8312196314518839
34.02,-0.6099685236683678,0.0735873850197109,0.8304862023653088
34.04,-0.6104574763927513,0.07285395593313572,0.8336643950738013
34.06,-0.6121688109280934,0.0735873850197109,0.8370870641444855
34.08,-0.6131467163768602,0.07407633774409436,0.8351312532469517
34.1,-0.6124132872902851,0.07823243590135379,0.8351312532469517
34.12,-0.6131467163768602,0.08141062860984628,0.8336643950738013
34.14,-0.616080432723161,0.0831219631451884,0.833908871435993
34.16,-0.6192586254316536,0.08361091586957185,0.833908871435993
34.18,-0.6155914799987776,0.08287748678299667,0.8295082969165418
34.2,-0.6111909054793264,0.07847691226354551,0.8312196314518839
34.22,-0.6158359563609693,0.07407633774409436,0.8341533477981847
34.24,-0.6141246218256272,0.0735873850197109,0.8299972496409254
34.26,-0.6109464291171347,0.07480976683066956,0.828530391467775
34.28,-0.6124132872902851,0.0774990068147786,0.8331754423494179
34.3,-0.6136356691012438,0.08018824679888763,0.8365981114201021
34.32,-0.6153470036365859,0.08263301042080494,0.8336643950738013
34.34,-0.6143690981878189,0.0831219631451884,0.828530391467775
34.36,-0.6131467163768602,0.08214405769642147,0.8290193441921584
34.38,-0.6121688109280934,0.0774990068147786,0.827552486019008
34.4,-0.6121688109280934,0.07480976683066956,0.8255966751214742
34.42,-0.6136356691012438,0.07627662500381995,0.8314641078140758
34.44,-0.616080432723161,0.07872138862573724,0.8341533477981847
34.46,-0.6158359563609693,0.07921034135012071,0.832930965987226
34.48,-0.6102130000305596,0.07627662500381995,0.8363536350579103
34.5,-0.6075237600464505,0.07236500320875225,0.8378204932310607
34.52,-0.6075237600464505,0.06894233413806802,0.8407542095773615
34.54,-0.6077682364086422,0.06576414142957553,0.8387983986798276
34.56,-0.6087461418574092,0.06380833053204168,0.8343978241603764
34.58,-0.6063013782354918,0.06380833053204168,0.8346423005225682
34.6,-0.6092350945817926,0.0647862359808086,0.8444213550102374
34.62,-0.609724047306176,0.06600861779176725,0.8517556458759894
34.64,-0.6087461418574092,0.0655196650673838,0.8485774531674969
34.66,-0.6102130000305596,0.06649757051615071,0.8431989731992787
34.68,-0.609724047306176,0.06698652324053418,0.8400207804907863
34.7,-0.6082571891330257,0.06380833053204168,0.840265256852978
34.72,-0.6094795709439843,0.06258594872108303,0.8422210677505119
34.74,-0.6094795709439843,0.0655196650673838,0.8383094459554442
34.76,-0.6094795709439843,0.0655196650673838,0.8383094459554442
34.78,-0.6104574763927513,0.0686978577758763,0.8336643950738013
34.8,-0.609724047306176,0.07163157412217706,0.832930965987226
34.82,-0.6075237600464505,0.06845338141368457,0.83488677688476
34.84,-0.6102130000305596,0.06600861779176725,0.8351312532469517
34.86,-0.616080432723161,0.06625309415395898,0.8343978241603764
34.88,-0.6165693854475446,0.06771995232710937,0.8321975369006509
34.9,-0.6119243345659017,0.06845338141368457,0.8312196314518839
34.92,-0.6109464291171347,0.06723099960272591,0.8309751550896922
34.94,-0.6109464291171347,0.0647862359808086,0.8314641078140758
34.96,-0.6087461418574092,0.06380833053204168,0.8312196314518839
34.988,-0.6082571891330257,0.06405280689423341,0.8319530605384592
35.0,-0.607034807322067,0.06331937780765821,0.8321975369006509
35.02,-0.6077682364086422,0.06160804327231611,0.8321975369006509
35.04,-0.607034807322067,0.06185251963450784,0.8324420132628426
35.06,-0.607034807322067,0.062096995996699565,0.8361091586957186
35.08,-0.6063013782354918,0.06160804327231611,0.840265256852978
35.1,-0.6028787091648076,0.05891880328820707,0.8405097332151698
35.12,-0.6031231855269994,0.05647403966628976,0.8434434495614705
35.14,-0.600678421905082,0.05158451242245515,0.8461326895455795
35.16,-0.6004339455428903,0.053295846957797266,0.842954496837087
35.18,-0.5992115637319316,0.053295846957797266,0.8422210677505119
35.2,-0.5987226110075482,0.05060660697368823,0.8409986859395532
35.22,-0.6009228982672737,0.04938422516272958,0.840265256852978
35.24,-0.6038566146135745,0.05158451242245515,0.8417321150261284
35.26,-0.6050789964245332,0.05182898878464688,0.8468661186321548
35.28,-0.6063013782354918,0.052562417871222074,0.8451547840968127
35.3,-0.6080127127708339,0.05207346514683862,0.8407542095773615
35.32,-0.6121688109280934,0.05378479968218073,0.8407542095773615
35.34,-0.6168138618097363,0.05549613421752284,0.8365981114201021
35.36,-0.6143690981878189,0.05500718149313938,0.8365981114201021
35.38,-0.6109464291171347,0.048650796076154385,0.843932402285854
35.4,-0.6104574763927513,0.04498365064327843,0.849310882254072
35.42,-0.6104574763927513,0.042783363383552854,0.8485774531674969
35.44,-0.6080127127708339,0.04547260336766189,0.8456437368211961
35.46,-0.6038566146135745,0.04498365064327843,0.8444213550102374
35.48,-0.6041010909757663,0.04327231610793631,0.8463771659077712
35.5,-0.6053234727867249,0.04253888702136112,0.8451547840968127
35.52,-0.607034807322067,0.04302783974574458,0.8400207804907863
35.54,-0.6033676618891911,0.043761268832319775,0.8380649695932524
35.56,-0.601656327353849,0.04131650521040247,0.8407542095773615
35.58,-0.6038566146135745,0.04204993429697766,0.8405097332151698
35.6,-0.604345567337958,0.043761268832319775,0.8385539223176359
35.62,-0.6048345200623415,0.042783363383552854,0.8385539223176359
35.64,-0.6038566146135745,0.04204993429697766,0.8387983986798276
35.66,-0.6055679491489167,0.04033859976163555,0.8427100204748953
35.68,-0.6077682364086422,0.0415609815725942,0.8436879259236623
35.7,-0.6099685236683678,0.04596155609204535,0.8380649695932524
35.72,-0.6072792836842588,0.048650796076154385,0.8358646823335268
35.74,-0.6075237600464505,0.047183937903004,0.8387983986798276
35.76,-0.6111909054793264,0.04449469791889497,0.8400207804907863
35.78,-0.6111909054793264,0.041805457934785926,0.8346423005225682
35.8,-0.6143690981878189,0.04302783974574458,0.8307306787275005
35.82,-0.6165693854475446,0.04547260336766189,0.8343978241603764
35.84,-0.6148580509122024,0.04596155609204535,0.8370870641444855
35.86,-0.6146135745500106,0.04669498517862054,0.8383094459554442
35.88,-0.6168138618097363,0.04693946154081227,0.8365981114201021
35.9,-0.6192586254316536,0.04693946154081227,0.83488677688476
35.92,-0.6175472908963114,0.04816184335177093,0.8336643950738013
35.94,-0.6136356691012438,0.04938422516272958,0.8334199187116096
35.96,-0.610701952754943,0.048650796076154385,0.8397763041285945
35.98,-0.6111909054793264,0.047183937903004,0.8419765913883202
36.008,-0.6136356691012438,0.04620603245423708,0.8412431623017449
36.02,-0.610701952754943,0.045717079729853616,0.8392873514042111
36.04,-0.6067903309598753,0.04938422516272958,0.8383094459554442
36.06,-0.6080127127708339,0.05207346514683862,0.8385539223176359
36.08,-0.607034807322067,0.052562417871222074,0.8365981114201021
36.1,-0.6067903309598753,0.051340036060263425,0.8346423005225682
36.12,-0.6058124255111084,0.04889527243834611,0.8353757296091434
36.14,-0.6058124255111084,0.04889527243834611,0.8353757296091434
36.16,-0.6041010909757663,0.04889527243834611,0.8380649695932524
36.18,-0.6058124255111084,0.048406319713962656,0.8395318277664028
36.2,-0.609724047306176,0.053295846957797266,0.8383094459554442
36.22,-0.6124132872902851,0.05549613421752284,0.837576016868869
36.24,-0.6124132872902851,0.057207468752864955,0.8383094459554442
36.26,-0.6143690981878189,0.05769642147724842,0.8383094459554442
36.28,-0.6143690981878189,0.05476270513094765,0.8363536350579103
36.3,-0.6158359563609693,0.056229563304098035,0.8326864896250343
36.32,-0.6175472908963114,0.05696299239067323,0.833908871435993
36.34,-0.6158359563609693,0.05671851602848149,0.8343978241603764
36.36,-0.6146135745500106,0.05549613421752284,0.8326864896250343
36.38,-0.6155914799987776,0.05500718149313938,0.8331754423494179
36.4,-0.6163249090853528,0.05476270513094765,0.8334199187116096
36.42,-0.617058338171928,0.05500718149313938,0.8343978241603764
36.44,-0.617058338171928,0.055985086941906306,0.833908871435993
36.46,-0.6133911927390521,0.055251657855331114,0.8356202059713351
36.48,-0.6121688109280934,0.053295846957797266,0.8373315405066772
36.5,-0.6102130000305596,0.053295846957797266,0.8373315405066772
36.52,-0.6075237600464505,0.05305137059560554,0.8373315405066772
36.54,-0.6060569018733001,0.05207346514683862,0.8387983986798276
36.56,-0.6026342328026159,0.0503621306114965,0.8414876386639366
36.58,-0.5987226110075482,0.048406319713962656,0.8436879259236623
36.6,-0.5967668001100144,0.04522812700547016,0.8451547840968127
36.62,-0.6026342328026159,0.043761268832319775,0.8461326895455795
36.64,-0.6026342328026159,0.045717079729853616,0.8424655441127036
36.66,-0.6031231855269994,0.04620603245423708,0.8431989731992787
36.68,-0.6001894691806986,0.04987317788711304,0.8453992604590044
36.7,-0.5989670873697399,0.053540323319988994,0.8451547840968127
36.72,-0.5982336582831648,0.05549613421752284,0.8480885004431133
36.74,-0.6038566146135745,0.053295846957797266,0.8461326895455795
36.76,-0.6036121382513828,0.05182898878464688,0.8414876386639366
36.78,-0.5997005164563152,0.049628701524921305,0.8422210677505119
36.8,-0.5989670873697399,0.0503621306114965,0.8451547840968127
36.82,-0.5970112764722061,0.049628701524921305,0.8446658313724291
36.84,-0.5950554655746723,0.04938422516272958,0.8478440240809216
36.86,-0.5933441310393301,0.049628701524921305,0.8512666931516059
36.88,-0.5960333710234391,0.048406319713962656,0.855667267671057
36.9,-0.5987226110075482,0.049628701524921305,0.8544448858600984
36.92,-0.5987226110075482,0.04987317788711304,0.8539559331357149
36.94,-0.5979891819209731,0.05158451242245515,0.8539559331357149
36.96,-0.5955444182990557,0.05109555969807169,0.8522445986003728
36.98,-0.588943556519879,0.048650796076154385,0.8546893622222901
37.0,-0.5872322219845368,0.04596155609204535,0.8586009840173578
37.028,-0.584298505638236,0.047183937903004,0.8564006967576322
37.04,-0.5803868838431684,0.04449469791889497,0.8566451731198239
37.06,-0.5806313602053601,0.04498365064327843,0.8510222167894141
37.08,-0.5806313602053601,0.04204993429697766,0.8497998349784555
37.1,-0.5747639275127586,0.03691593069095132,0.8483329768053052
37.12,-0.5747639275127586,0.03764935977752651,0.8510222167894141
37.14,-0.5794089783944015,0.04498365064327843,0.8590899367417413
37.16,-0.5825871711028939,0.05060660697368823,0.8578675549307826
37.18,-0.6021452800782324,0.07089814503560186,0.8458882131833878
37.2,-0.6236591999511047,0.08605567949148916,0.833908871435993
37.22,-0.627081869021789,0.09290101763285762,0.8258411514836659
37.24,-0.6239036763132965,0.08605567949148916,0.8324420132628426
37.26,-0.6141246218256272,0.06771995232710937,0.850288787702839
37.28,-0.6065458545976836,0.05085108333587996,0.8546893622222901
37.3,-0.6021452800782324,0.04229441065916939,0.8414876386639366
37.32,-0.5999449928185069,0.039849647037252085,0.827552486019008
37.34,-0.6082571891330257,0.03813831250190997,0.821196100602023
37.36,-0.6155914799987776,0.035204596155609204,0.8182623842557223
37.38,-0.6141246218256272,0.039849647037252085,0.8253521987592825
37.4,-0.6173028145341197,0.05378479968218073,0.8277969623811997
37.42,-0.6331937780765822,0.06527518870519207,0.8136173333740794
37.44,-0.6632643706261651,0.06771995232710937,0.787702838981756
37.46,-0.6877120068453382,0.05965223237478226,0.7669223481954588
37.48,-0.7067811630962931,0.06771995232710937,0.7659444427466919
37.5,-0.7226721266387556,0.07285395593313572,0.7828133117379213
37.52,-0.7207163157412217,0.08214405769642147,0.7874583626195643
37.54,-0.7207163157412217,0.08214405769642147,0.7874583626195643
37.56,-0.7226721266387556,0.08483329768053051,0.7705894936283348
37.58,-0.7221831739143721,0.08556672676710571,0.7512758610151881
37.6,-0.7194939339302631,0.07969929407450417,0.7583656755187482
37.62,-0.697735537695199,0.05305137059560554,0.805794089783944
37.64,-0.6635088469883568,0.027136876203282093,0.8497998349784555
37.66,-0.638816734406992,0.022736301683830944,0.8468661186321548
37.68,-0.6290376799193228,0.022247348959447483,0.8231519114995569
37.7,-0.638816734406992,0.018580203526571526,0.8097057115790117
37.72,-0.6564190324847966,0.0019558108975338447,0.8067719952327109
37.74,-0.6632643706261651,-0.013935152644928643,0.8067719952327109
37.76,-0.6573969379335636,-0.001222381810958653,0.7969929407450417
37.78,-0.6485957888946612,0.022980778046022676,0.7828133117379213
37.8,-0.6439507380130184,0.04425022155670324,0.7749900681477859
37.82,-0.657885890657947,0.04938422516272958,0.7791461663050454
37.84,-0.6593527488310974,0.0415609815725942,0.805794089783944
37.86,-0.6463955016349356,0.02126944351068056,0.8468661186321548
37.88,-0.6305045380924732,0.0007334290865751917,0.869357943953794
37.9,-0.6202365308804205,-0.005134003606026342,0.8718027075757112
37.92,-0.6312379671790483,0.018824679888763254,0.8715582312135195
37.94,-0.6483513125324695,0.03936069431286862,0.8801149038902301
37.96,-0.6564190324847966,0.0799437704366959,0.859334413103933
37.98,-0.6405280689423342,0.10439140665586896,0.8216850533264065
38.0,-0.6133911927390521,0.08532225040491398,0.7947926534853161
38.02,-0.5891880328820707,0.045717079729853616,0.7842801699110717
38.049,-0.5872322219845368,0.007823243590135379,0.7862359808086056
38.06,-0.5901659383308376,-0.010512483574244415,0.7947926534853161
38.08,-0.5950554655746723,-0.011979341747394798,0.8189958133422974
38.1,-0.5967668001100144,0.015157534455887297,0.8588454603795496
38.12,-0.5965223237478227,0.05011765424930477,0.8894050056535159
38.14,-0.6045900437001497,0.08776701402683128,0.8947834856217339
38.16,-0.6143690981878189,0.12126027564709838,0.8771811875439294
38.18,-0.6148580509122024,0.13055037741038414,0.8488219295296886
38.2,-0.6146135745500106,0.11294807933257953,0.828530391467775
38.22,-0.6111909054793264,0.08898939583778993,0.8216850533264065
38.24,-0.5982336582831648,0.07383186138190263,0.818506860617914
38.26,-0.5855208874491947,0.06918681050025975,0.8202181951532561
38.28,-0.5803868838431684,0.07236500320875225,0.828530391467775
38.3,-0.5850319347248113,0.0831219631451884,0.8378204932310607
38.32,-0.5999449928185069,0.09730159215230877,0.8434434495614705
38.34,-0.6102130000305596,0.11099226843504569,0.842954496837087
38.36,-0.6138801454634355,0.12199370473367356,0.8368425877822938
38.38,-0.6045900437001497,0.13006142468600068,0.8270635332946246
38.4,-0.5735415457017999,0.14326314824435413,0.8158176206338049
38.42,-0.5285578950585215,0.16257678085750082,0.8079943770436696
38.44,-0.5146227424135928,0.15817620633804969,0.8087278061302448
38.46,-0.5442043822387923,0.1312838064969593,0.8321975369006509
38.48,-0.5855208874491947,0.09656816306573358,0.8674021330562601
38.5,-0.6133911927390521,0.06943128686245148,0.9126302600617303
38.52,-0.5938330837637136,0.0655196650673838,0.9559025761696666
38.54,-0.5542279130886533,0.08703358494025609,0.9644592488463771
38.56,-0.5168230296733185,0.11759313021422241,0.9331662744858357
38.58,-0.49041958255661156,0.14106286098462856,0.8876936711181738
38.6,-0.4828408153286679,0.14961953366133912,0.8559117440332488
38.62,-0.47746233536044985,0.14497448277969624,0.8446658313724291
38.64,-0.46010451364483695,0.13470647556764356,0.8446658313724291
38.66,-0.4508144118815512,0.1158817956788803,0.8620236530880421
38.68,-0.47428414265195734,0.09559025761696666,0.8806038566146136
38.7,-0.5278244659719463,0.0743208141062861,0.9150750236836476
38.72,-0.6231702472267212,0.04620603245423708,0.9634813433976103
38.74,-0.7576322464321731,0.005378479968218073,0.9884179323411667
38.76,-0.8033493261620267,0.006111909054793264,0.9529688598233658
38.78,-0.7070256394584848,0.0647862359808086,0.8698468966781774
38.8,-0.620725483604804,0.11808208293860586,0.7546985300858723
38.82,-0.5855208874491947,0.1334840937566849,0.6573969379335636
38.84,-0.568896494820157,0.12028237019833145,0.6214589126913791
38.86,-0.5891880328820707,0.10512483574244415,0.6500626470678116
38.88,-0.6432173089264431,0.10219111939614338,0.7309843229532744
38.9,-0.689667817742872,0.10903645753751184,0.824863246034899
38.92,-0.7126485957888946,0.11319255569477125,0.8845154784096813
38.94,-0.7126485957888946,0.11319255569477125,0.8845154784096813
38.96,-0.7275616538825902,0.10781407572655319,0.864712893072151
38.98,-0.7234055557253308,0.09681263942792531,0.786724933532989
39.0,-0.6984689667817743,0.0799437704366959,0.7221831739143721
39.02,-0.6622864651773982,0.06331937780765821,0.6921125813647893
39.04,-0.6446841670995935,0.047183937903004,0.6874675304831463
39.069,-0.6505515997921951,0.03544907251780093,0.7058032576475262
39.08,-0.6676649451456163,0.03667145432875959,0.7419857592519024
39.1,-0.6813556214283532,0.05574061057971457,0.7901476026036732
39.12,-0.7065366867341014,0.0887449194755982,0.8226629587751734
39.14,-0.7446749992360113,0.12639427925312471,0.8243742933105155
39.16,-0.7791461663050454,0.15744277725147449,0.8097057115790117
39.18,-0.8018824679888763,0.16844421355010236,0.7886807444305228
39.2,-0.79674846438285,0.1525532500076399,0.7727897808880604
39.22,-0.7686336827308009,0.12639427925312471,0.7630107264003911
39.24,-0.7353848974727256,0.10341350120710203,0.7568988173455978
39.26,-0.7106927848913608,0.08434434495614705,0.7568988173455978
39.28,-0.6945573449867066,0.07652110136601167,0.7598325336918986
39.3,-0.6867341013965712,0.07823243590135379,0.767655777282034
39.32,-0.6820890505149283,0.08972282492436512,0.7730342572502521
39.34,-0.6793998105308193,0.10683617027778626,0.7708339699905266
39.36,-0.6779329523576689,0.11734865385203068,0.7735232099746355
39.38,-0.6779329523576689,0.11930446474956452,0.7786572135806619
39.4,-0.6701097087675335,0.11099226843504569,0.7830577881001131
39.42,-0.6566635088469883,0.10096873758518474,0.7874583626195643
39.44,-0.6456620725483605,0.08972282492436512,0.7943037007609327
39.46,-0.6341716835253491,0.07896586498792897,0.8060385661461358
39.48,-0.6283042508327475,0.07334290865751918,0.8160620969959966
39.5,-0.6287932035571311,0.06698652324053418,0.818506860617914
39.52,-0.632460348990007,0.06674204687834245,0.8119059988387373
39.54,-0.6297711090058979,0.0767655777282034,0.8065275188705192
39.56,-0.6251260581242551,0.08678910857806435,0.8126394279253124
39.58,-0.619747578156037,0.0919231121840907,0.818506860617914
39.6,-0.6173028145341197,0.09632368670354186,0.8243742933105155
39.62,-0.6143690981878189,0.09387892308162454,0.8299972496409254
39.64,-0.61167985820371,0.08678910857806435,0.8361091586957186
39.66,-0.6102130000305596,0.08018824679888763,0.8434434495614705
39.68,-0.607034807322067,0.07627662500381995,0.8444213550102374
39.7,-0.6026342328026159,0.07578767227943647,0.8436879259236623
39.72,-0.5967668001100144,0.07554319591724475,0.8485774531674969
39.74,-0.5921217492283715,0.0774990068147786,0.850288787702839
39.76,-0.5879656510711121,0.0774990068147786,0.8532225040491397
39.78,-0.5803868838431684,0.07627662500381995,0.858356507655166
39.8,-0.576230785685909,0.0743208141062861,0.8581120312929743
39.82,-0.569874400268924,0.07260947957094398,0.855667267671057
39.84,-0.5659627784738563,0.06723099960272591,0.8515111695137976
39.86,-0.5600953457812547,0.0655196650673838,0.8522445986003728
39.88,-0.5620511566787886,0.05696299239067323,0.8598233658283164
39.9,-0.5630290621275555,0.05476270513094765,0.8652018457965345
39.92,-0.563518014851939,0.05769642147724842,0.8622681294502338
39.94,-0.5625401094031721,0.058185374201631876,0.859334413103933
39.96,-0.563518014851939,0.05647403966628976,0.8627570821746172
39.98,-0.5659627784738563,0.05574061057971457,0.8661797512453014
40.0,-0.5676741130091985,0.05842985056382361,0.865690798520918
40.02,-0.5703633529933074,0.0623414723588913,0.8642239403477676
40.04,-0.5730525929774165,0.06429728325642514,0.8622681294502338
40.06,-0.576230785685909,0.06747547596491764,0.8634905112611924
40.088,-0.579897931118785,0.06625309415395898,0.8661797512453014
40.1,-0.5835650765516609,0.06674204687834245,0.8630015585368089
40.12,-0.5847874583626196,0.06698652324053418,0.8603123185527
40.14,-0.585276411087003,0.06943128686245148,0.8595788894661247
40.16,-0.5847874583626196,0.06820890505149284,0.8588454603795496
40.18,-0.5850319347248113,0.06600861779176725,0.8610457476392751
40.2,-0.5847874583626196,0.06356385416984996,0.8637349876233842
40.22,-0.5830761238272775,0.06160804327231611,0.8654463221587263
40.24,-0.5813647892919354,0.060874614185740916,0.8617791767258502
40.26,-0.5813647892919354,0.06185251963450784,0.8600678421905081
40.28,-0.5794089783944015,0.0655196650673838,0.8576230785685909
40.3,-0.5811203129297436,0.06747547596491764,0.858356507655166
40.32,-0.5811203129297436,0.06747547596491764,0.858356507655166
40.34,-0.5869877456223451,0.07016471594902668,0.8554227913088653
40.36,-0.5904104146930294,0.07138709775998534,0.8534669804113315
40.38,-0.5879656510711121,0.07089814503560186,0.8542004094979067
40.4,-0.5877211747089203,0.07163157412217706,0.8595788894661247
40.42,-0.5845429820004279,0.07212052684656052,0.855667267671057
40.44,-0.5816092656541271,0.06698652324053418,0.850288787702839
40.46,-0.5818537420163188,0.06356385416984996,0.8510222167894141
40.48,-0.584298505638236,0.06429728325642514,0.8507777404272224
40.5,-0.5850319347248113,0.06674204687834245,0.8500443113406473
40.52,-0.5860098401735782,0.0686978577758763,0.8485774531674969
40.54,-0.5899214619686459,0.07334290865751918,0.8480885004431133
40.56,-0.5933441310393301,0.07529871955505302,0.8480885004431133
40.58,-0.5938330837637136,0.07334290865751918,0.8490664058918803
40.6,-0.5933441310393301,0.07236500320875225,0.8495553586162637
40.62,-0.5918772728661797,0.07040919231121841,0.850288787702839
40.64,-0.5921217492283715,0.0686978577758763,0.8488219295296886
40.66,-0.594322036488097,0.06918681050025975,0.8451547840968127
40.68,-0.5938330837637136,0.07187605048436879,0.8463771659077712
40.7,-0.5918772728661797,0.07383186138190263,0.8468661186321548
40.72,-0.5926107019527549,0.0743208141062861,0.8483329768053052
40.74,-0.5928551783149466,0.07187605048436879,0.8495553586162637
40.76,-0.5930996546771384,0.07040919231121841,0.8510222167894141
40.78,-0.5906548910552211,0.06771995232710937,0.8512666931516059
40.8,-0.588943556519879,0.06820890505149284,0.8500443113406473
40.82,-0.5884546037954955,0.06771995232710937,0.8473550713565382
40.84,-0.5899214619686459,0.06918681050025975,0.8473550713565382
40.86,-0.5904104146930294,0.06771995232710937,0.8473550713565382
40.88,-0.5867432692601534,0.06943128686245148,0.8473550713565382
40.9,-0.5869877456223451,0.07114262139779359,0.8500443113406473
40.92,-0.5860098401735782,0.06943128686245148,0.852978027686948
40.94,-0.5864987928979617,0.06771995232710937,0.8546893622222901
40.96,-0.5874766983467286,0.06845338141368457,0.8534669804113315
40.98,-0.5857653638113864,0.06723099960272591,0.8537114567735232
41.0,-0.5860098401735782,0.06820890505149284,0.8542004094979067
41.02,-0.5869877456223451,0.0686978577758763,0.8537114567735232
41.04,-0.5855208874491947,0.07016471594902668,0.8510222167894141
41.06,-0.5847874583626196,0.06747547596491764,0.8520001222381811
41.08,-0.5820982183785105,0.06576414142957553,0.8551783149466736
41.108,-0.5811203129297436,0.06454175961861687,0.8571341258442075
41.12,-0.5816092656541271,0.06649757051615071,0.8598233658283164
41.14,-0.5806313602053601,0.06698652324053418,0.8571341258442075
41.16,-0.579897931118785,0.06674204687834245,0.8603123185527
41.18,-0.5823426947407022,0.06771995232710937,0.8617791767258502
41.2,-0.5835650765516609,0.06600861779176725,0.8578675549307826
41.22,-0.5830761238272775,0.0647862359808086,0.8546893622222901
41.24,-0.5833206001894692,0.06454175961861687,0.8551783149466736
41.26,-0.5828316474650858,0.0655196650673838,0.852978027686948
41.28,-0.5823426947407022,0.06625309415395898,0.855667267671057
41.3,-0.5835650765516609,0.06723099960272591,0.8590899367417413
41.32,-0.5857653638113864,0.06747547596491764,0.8571341258442075
41.34,-0.5879656510711121,0.0655196650673838,0.8559117440332488
41.36,-0.5872322219845368,0.0647862359808086,0.8559117440332488
41.38,-0.5835650765516609,0.06503071234300034,0.852978027686948
41.4,-0.5806313602053601,0.0623414723588913,0.8534669804113315
41.42,-0.5845429820004279,0.0623414723588913,0.8549338385844818
41.44,-0.5855208874491947,0.06283042508327476,0.8561562203954405
41.46,-0.5850319347248113,0.06258594872108303,0.858356507655166
41.48,-0.5850319347248113,0.06283042508327476,0.8620236530880421
41.5,-0.5835650765516609,0.05965223237478226,0.8617791767258502
41.52,-0.5803868838431684,0.05671851602848149,0.8595788894661247
41.54,-0.5791645020322097,0.052562417871222074,0.8586009840173578
41.56,-0.5808758365675518,0.05305137059560554,0.8612902240014668
41.58,-0.5820982183785105,0.05451822876875592,0.858356507655166
41.6,-0.584298505638236,0.05842985056382361,0.859334413103933
41.62,-0.5811203129297436,0.061119090547932645,0.8586009840173578
41.64,-0.5808758365675518,0.06160804327231611,0.8534669804113315
41.66,-0.5784310729456346,0.06136356691012437,0.8524890749625645
41.68,-0.576230785685909,0.05867432692601534,0.8524890749625645
41.7,-0.5740304984261834,0.05647403966628976,0.8542004094979067
41.72,-0.5740304984261834,0.05647403966628976,0.8542004094979067
41.74,-0.5779421202212511,0.05574061057971457,0.858356507655166
41.76,-0.5794089783944015,0.05867432692601534,0.8598233658283164
41.78,-0.5813647892919354,0.06136356691012437,0.8564006967576322
41.8,-0.5830761238272775,0.0647862359808086,0.8554227913088653
41.82,-0.5828316474650858,0.06967576322464322,0.855667267671057
41.84,-0.5838095529138526,0.07065366867341014,0.8551783149466736
41.86,-0.58625431653577,0.06992023958683495,0.8561562203954405
41.88,-0.5864987928979617,0.06918681050025975,0.8539559331357149
41.9,-0.5879656510711121,0.07016471594902668,0.8505332640650307
41.92,-0.5896769856064542,0.06992023958683495,0.8483329768053052
41.94,-0.5913883201417963,0.07163157412217706,0.8505332640650307
41.96,-0.5891880328820707,0.07407633774409436,0.8551783149466736
41.98,-0.5879656510711121,0.07554319591724475,0.8605567949148917
42.0,-0.5891880328820707,0.07456529046847783,0.8605567949148917
42.02,-0.5918772728661797,0.07505424319286129,0.8573786022063992
42.04,-0.5923662255905632,0.0767655777282034,0.8549338385844818
42.06,-0.5923662255905632,0.08043272316107936,0.8500443113406473
42.08,-0.5918772728661797,0.08238853405861321,0.8461326895455795
42.1,-0.5894325092442624,0.0831219631451884,0.8456437368211961
42.128,-0.5869877456223451,0.08165510497203801,0.8485774531674969
42.14,-0.5874766983467286,0.07945481771231244,0.850288787702839
42.16,-0.588943556519879,0.07798795953916206,0.8512666931516059
42.18,-0.5872322219845368,0.07921034135012071,0.8576230785685909
42.2,-0.5855208874491947,0.08116615224765455,0.8573786022063992
42.22,-0.5840540292760443,0.08458882131833878,0.8515111695137976
42.24,-0.5867432692601534,0.08483329768053051,0.8495553586162637
42.26,-0.5874766983467286,0.08678910857806435,0.8527335513247563
42.28,-0.58625431653577,0.08483329768053051,0.8507777404272224
42.3,-0.5838095529138526,0.0838553922317636,0.8463771659077712
42.32,-0.5818537420163188,0.0831219631451884,0.8461326895455795
42.34,-0.5850319347248113,0.08263301042080494,0.8478440240809216
42.36,-0.5847874583626196,0.0863001558536809,0.8468661186321548
42.38,-0.5847874583626196,0.08752253766463955,0.8485774531674969
42.4,-0.5830761238272775,0.08703358494025609,0.8512666931516059
42.42,-0.5833206001894692,0.08703358494025609,0.8534669804113315
42.44,-0.5828316474650858,0.08825596675121473,0.8566451731198239
42.46,-0.5825871711028939,0.0863001558536809,0.855667267671057
42.48,-0.5830761238272775,0.08605567949148916,0.8539559331357149
42.5,-0.5830761238272775,0.08605567949148916,0.8527335513247563
42.52,-0.5828316474650858,0.08532225040491398,0.8522445986003728
42.54,-0.5835650765516609,0.08825596675121473,0.8522445986003728
42.56,-0.5835650765516609,0.08850044311340648,0.8566451731198239
42.58,-0.5835650765516609,0.088011490389023,0.8581120312929743
42.6,-0.5825871711028939,0.08947834856217339,0.8576230785685909
42.62,-0.5816092656541271,0.08923387219998166,0.8534669804113315
42.64,-0.5830761238272775,0.09094520673532377,0.8507777404272224
42.66,-0.5835650765516609,0.09045625401094032,0.8490664058918803
42.68,-0.584298505638236,0.08947834856217339,0.8475995477187299
42.7,-0.5838095529138526,0.08947834856217339,0.8495553586162637
42.72,-0.5833206001894692,0.08972282492436512,0.8520001222381811
42.74,-0.585276411087003,0.08898939583778993,0.8507777404272224
42.76,-0.5869877456223451,0.08996730128655686,0.8490664058918803
42.78,-0.5869877456223451,0.094367875806008,0.8458882131833878
42.8,-0.5879656510711121,0.09216758854628243,0.8500443113406473
42.82,-0.5891880328820707,0.09265654127066589,0.8549338385844818
42.84,-0.5882101274333038,0.09241206490847416,0.8512666931516059
42.86,-0.588943556519879,0.09167863582189897,0.8461326895455795
42.88,-0.5913883201417963,0.09314549399504936,0.8431989731992787
42.9,-0.5901659383308376,0.09216758854628243,0.843932402285854
42.92,-0.591632796503988,0.09143415945970723,0.8456437368211961
42.94,-0.5935886074015219,0.09387892308162454,0.8497998349784555
42.96,-0.595299941936864,0.09730159215230877,0.8495553586162637
42.98,-0.5967668001100144,0.09632368670354186,0.8483329768053052
43.0,-0.5960333710234391,0.09485682853039147,0.844910307734621
43.02,-0.594322036488097,0.09461235216819973,0.843932402285854
43.04,-0.5935886074015219,0.09387892308162454,0.844910307734621
43.06,-0.595299941936864,0.09338997035724109,0.8424655441127036
43.08,-0.5957888946612474,0.09387892308162454,0.8434434495614705
43.1,-0.5962778473856309,0.09387892308162454,0.8444213550102374
43.12,-0.5962778473856309,0.09387892308162454,0.8444213550102374
43.148,-0.5933441310393301,0.09338997035724109,0.8441768786480457
43.16,-0.594322036488097,0.09338997035724109,0.8451547840968127
43.18,-0.5950554655746723,0.0951013048925832,0.8436879259236623
43.2,-0.5950554655746723,0.09265654127066589,0.8446658313724291
43.22,-0.5935886074015219,0.09314549399504936,0.8466216422699631
43.24,-0.5940775601259053,0.0951013048925832,0.8475995477187299
43.26,-0.5970112764722061,0.09583473397915838,0.8446658313724291
43.28,-0.5955444182990557,0.09607921034135011,0.8444213550102374
43.3,-0.5945665128502888,0.09534578125477493,0.8434434495614705
43.32,-0.5967668001100144,0.09705711579011704,0.8427100204748953
43.34,-0.5972557528343978,0.09705711579011704,0.8431989731992787
43.36,-0.5967668001100144,0.09730159215230877,0.8434434495614705
43.38,-0.5962778473856309,0.0975460685145005,0.8441768786480457
43.4,-0.5962778473856309,0.09779054487669223,0.8434434495614705
43.42,-0.5977447055587812,0.09705711579011704,0.8419765913883202
43.44,-0.5948109892124805,0.09852397396326742,0.842954496837087
43.46,-0.5928551783149466,0.09607921034135011,0.8412431623017449
43.48,-0.5928551783149466,0.09681263942792531,0.8451547840968127
43.5,-0.5923662255905632,0.09803502123888397,0.8466216422699631
43.52,-0.5921217492283715,0.09852397396326742,0.8475995477187299
43.54,-0.5926107019527549,0.0982794976010757,0.8456437368211961
43.56,-0.5926107019527549,0.09656816306573358,0.8395318277664028
43.58,-0.5928551783149466,0.09559025761696666,0.8390428750420194
43.6,-0.5928551783149466,0.09485682853039147,0.8414876386639366
43.62,-0.5938330837637136,0.09632368670354186,0.8427100204748953
43.64,-0.5950554655746723,0.09925740304984261,0.843932402285854
43.66,-0.5921217492283715,0.09901292668765088,0.842954496837087
43.68,-0.5913883201417963,0.09803502123888397,0.8446658313724291
43.7,-0.5948109892124805,0.09852397396326742,0.8466216422699631
43.72,-0.5957888946612474,0.09803502123888397,0.8453992604590044
43.74,-0.595299941936864,0.09730159215230877,0.8451547840968127
43.76,-0.594322036488097,0.09876845032545915,0.8422210677505119
43.78,-0.5955444182990557,0.09730159215230877,0.8444213550102374
43.8,-0.5948109892124805,0.09656816306573358,0.8461326895455795
43.82,-0.5950554655746723,0.09779054487669223,0.8480885004431133
43.84,-0.5950554655746723,0.0951013048925832,0.8466216422699631
43.86,-0.5957888946612474,0.0911896830975155,0.8505332640650307
43.88,-0.5960333710234391,0.09412339944381627,0.8532225040491397
43.9,-0.5992115637319316,0.09901292668765088,0.8505332640650307
43.92,-0.6011673746294655,0.10121321394737647,0.8422210677505119
43.94,-0.6028787091648076,0.1031690248449103,0.8380649695932524
43.96,-0.6050789964245332,0.10292454848271858,0.8378204932310607
43.98,-0.6038566146135745,0.10243559575833511,0.8378204932310607
44.0,-0.5997005164563152,0.10121321394737647,0.8373315405066772
44.02,-0.5982336582831648,0.1014576903095682,0.8400207804907863
44.04,-0.5982336582831648,0.10170216667175992,0.8400207804907863
44.06,-0.5948109892124805,0.100724261222993,0.8422210677505119
44.08,-0.5923662255905632,0.100724261222993,0.8417321150261284
44.1,-0.5933441310393301,0.10047978486080127,0.8434434495614705
44.12,-0.591632796503988,0.09705711579011704,0.8463771659077712
44.14,-0.5906548910552211,0.09852397396326742,0.8478440240809216
44.168,-0.5867432692601534,0.09803502123888397,0.8473550713565382
44.18,-0.5855208874491947,0.09656816306573358,0.8497998349784555
44.2,-0.5813647892919354,0.09534578125477493,0.8466216422699631
44.22,-0.5786755493078263,0.0951013048925832,0.8463771659077712
44.24,-0.5813647892919354,0.09314549399504936,0.8480885004431133
44.26,-0.5791645020322097,0.09143415945970723,0.8485774531674969
44.28,-0.576230785685909,0.08752253766463955,0.8532225040491397
44.3,-0.5764752620481007,0.08556672676710571,0.8581120312929743
44.32,-0.5745194511505669,0.08507777404272224,0.8632460348990006
44.34,-0.5732970693396082,0.08532225040491398,0.864712893072151
44.36,-0.572563640253033,0.0838553922317636,0.8634905112611924
44.38,-0.5706078293554991,0.08336643950738012,0.8634905112611924
44.4,-0.5701188766311157,0.08189958133422974,0.8595788894661247
44.42,-0.5676741130091985,0.08018824679888763,0.8605567949148917
44.44,-0.5659627784738563,0.08018824679888763,0.8620236530880421
44.46,-0.5659627784738563,0.07701005409039513,0.8649573694343428
44.48,-0.5657183021116645,0.07652110136601167,0.8652018457965345
44.5,-0.5657183021116645,0.07652110136601167,0.8652018457965345
44.52,-0.5659627784738563,0.07701005409039513,0.8681355621428353
44.54,-0.5669406839226232,0.07725453045258686,0.8713137548513278
44.56,-0.5686520184579653,0.07847691226354551,0.8686245148672188
44.58,-0.5684075420957736,0.0767655777282034,0.8642239403477676
44.6,-0.5669406839226232,0.07652110136601167,0.8639794639855759
44.62,-0.5691409711823487,0.07701005409039513,0.8644684167099593
44.64,-0.5696299239067323,0.07798795953916206,0.8615347003636585
44.66,-0.5696299239067323,0.08165510497203801,0.859334413103933
44.68,-0.5715857348042661,0.08287748678299667,0.8617791767258502
44.7,-0.5715857348042661,0.0838553922317636,0.8627570821746172
44.72,-0.5723191638908413,0.08214405769642147,0.8642239403477676
44.74,-0.5742749747883752,0.08018824679888763,0.8622681294502338
44.76,-0.5735415457017999,0.08165510497203801,0.8610457476392751
44.78,-0.572563640253033,0.0831219631451884,0.8622681294502338
44.8,-0.5745194511505669,0.08532225040491398,0.8627570821746172
44.82,-0.5757418329615255,0.08654463221587262,0.8630015585368089
44.84,-0.5732970693396082,0.08678910857806435,0.8620236530880421
44.86,-0.5737860220639917,0.088011490389023,0.8603123185527
44.88,-0.5732970693396082,0.08898939583778993,0.859334413103933
44.9,-0.5737860220639917,0.08752253766463955,0.8581120312929743
44.92,-0.5740304984261834,0.08532225040491398,0.8603123185527
44.94,-0.5740304984261834,0.0863001558536809,0.8603123185527
44.96,-0.5745194511505669,0.08752253766463955,0.8598233658283164
44.98,-0.5742749747883752,0.08850044311340648,0.8610457476392751
45.0,-0.5745194511505669,0.08947834856217339,0.8610457476392751
45.02,-0.5742749747883752,0.09021177764874859,0.8615347003636585
45.04,-0.5737860220639917,0.09045625401094032,0.8603123185527
45.06,-0.5742749747883752,0.09070073037313205,0.8578675549307826
45.08,-0.575252880237142,0.09094520673532377,0.8554227913088653
45.1,-0.5764752620481007,0.09094520673532377,0.858356507655166
45.12,-0.5767197384102924,0.0919231121840907,0.8595788894661247
45.14,-0.5767197384102924,0.09363444671943282,0.8576230785685909
45.16,-0.5769642147724842,0.0919231121840907,0.8559117440332488
45.188,-0.5757418329615255,0.09143415945970723,0.8573786022063992
45.2,-0.5757418329615255,0.09387892308162454,0.8578675549307826
45.22,-0.5750084038749503,0.09461235216819973,0.8573786022063992
45.24,-0.5745194511505669,0.09363444671943282,0.8561562203954405
45.26,-0.5745194511505669,0.09290101763285762,0.8544448858600984
45.28,-0.5747639275127586,0.09290101763285762,0.8566451731198239
45.3,-0.5754973565993338,0.09167863582189897,0.8600678421905081
45.32,-0.5747639275127586,0.09265654127066589,0.8588454603795496
45.34,-0.5750084038749503,0.09167863582189897,0.8620236530880421
45.36,-0.5759863093237173,0.0919231121840907,0.8605567949148917
45.38,-0.5757418329615255,0.09241206490847416,0.8581120312929743
45.4,-0.5720746875286495,0.09070073037313205,0.8571341258442075
45.42,-0.5747639275127586,0.09143415945970723,0.8598233658283164
45.44,-0.5735415457017999,0.09070073037313205,0.8608012712770834
45.46,-0.5715857348042661,0.0911896830975155,0.8576230785685909
45.48,-0.5718302111664578,0.0919231121840907,0.8573786022063992
45.5,-0.5710967820798827,0.09216758854628243,0.8578675549307826
45.52,-0.5720746875286495,0.09070073037313205,0.8595788894661247
45.54,-0.572563640253033,0.0911896830975155,0.8615347003636585
45.56,-0.5735415457017999,0.09265654127066589,0.8600678421905081
45.58,-0.5737860220639917,0.09290101763285762,0.8595788894661247
45.6,-0.5728081166152248,0.09143415945970723,0.8598233658283164
45.62,-0.5718302111664578,0.08947834856217339,0.8622681294502338
45.64,-0.5703633529933074,0.08947834856217339,0.8627570821746172
45.66,-0.5715857348042661,0.08898939583778993,0.8590899367417413
45.68,-0.5742749747883752,0.08825596675121473,0.8586009840173578
45.7,-0.5735415457017999,0.08727806130244782,0.8605567949148917
45.72,-0.5708523057176909,0.08581120312929744,0.8627570821746172
45.74,-0.5703633529933074,0.08458882131833878,0.8622681294502338
45.76,-0.5706078293554991,0.08409986859395532,0.8634905112611924
45.78,-0.5706078293554991,0.0831219631451884,0.864712893072151
45.8,-0.5703633529933074,0.08238853405861321,0.8652018457965345
45.82,-0.569874400268924,0.08336643950738012,0.8652018457965345
45.84,-0.5710967820798827,0.08165510497203801,0.8644684167099593
45.86,-0.5703633529933074,0.08092167588546283,0.8632460348990006
45.88,-0.5728081166152248,0.08018824679888763,0.8652018457965345
45.9,-0.5728081166152248,0.08018824679888763,0.8652018457965345
45.92,-0.5720746875286495,0.07969929407450417,0.8642239403477676
45.94,-0.569874400268924,0.08287748678299667,0.8627570821746172
45.96,-0.5706078293554991,0.0831219631451884,0.8598233658283164
45.98,-0.5701188766311157,0.08238853405861321,0.859334413103933
46.0,-0.5686520184579653,0.07945481771231244,0.8615347003636585
46.02,-0.568896494820157,0.07725453045258686,0.8615347003636585
46.04,-0.5693854475445406,0.07652110136601167,0.8652018457965345
46.06,-0.5701188766311157,0.07774348317697033,0.8642239403477676
46.08,-0.5718302111664578,0.07823243590135379,0.8632460348990006
46.1,-0.5708523057176909,0.08165510497203801,0.8608012712770834
46.12,-0.5703633529933074,0.08116615224765455,0.8605567949148917
46.14,-0.5710967820798827,0.07798795953916206,0.8622681294502338
46.16,-0.5703633529933074,0.07627662500381995,0.8627570821746172
46.18,-0.5710967820798827,0.07603214864162822,0.8620236530880421
46.208,-0.5723191638908413,0.07725453045258686,0.8617791767258502
46.22,-0.5732970693396082,0.07823243590135379,0.8615347003636585
46.24,-0.5723191638908413,0.07945481771231244,0.8605567949148917
46.26,-0.572563640253033,0.07847691226354551,0.8612902240014668
46.28,-0.5730525929774165,0.07603214864162822,0.8642239403477676
46.3,-0.5740304984261834,0.0735873850197109,0.8627570821746172
46.32,-0.5718302111664578,0.07480976683066956,0.8617791767258502
46.34,-0.5728081166152248,0.07701005409039513,0.8605567949148917
46.36,-0.5728081166152248,0.07823243590135379,0.8571341258442075
46.38,-0.5735415457017999,0.07896586498792897,0.8571341258442075
46.4,-0.5745194511505669,0.07774348317697033,0.8617791767258502
46.42,-0.5740304984261834,0.07480976683066956,0.8644684167099593
46.44,-0.576230785685909,0.07505424319286129,0.8659352748831097
46.46,-0.5747639275127586,0.07725453045258686,0.8644684167099593
46.48,-0.5720746875286495,0.0799437704366959,0.8588454603795496
46.5,-0.5723191638908413,0.08018824679888763,0.858356507655166
46.52,-0.5757418329615255,0.0774990068147786,0.8610457476392751
46.54,-0.575252880237142,0.0767655777282034,0.8612902240014668
46.56,-0.5737860220639917,0.07774348317697033,0.8617791767258502
46.58,-0.5696299239067323,0.07701005409039513,0.8634905112611924
46.6,-0.5710967820798827,0.07652110136601167,0.8652018457965345
46.62,-0.5728081166152248,0.07603214864162822,0.8627570821746172
46.64,-0.5723191638908413,0.0774990068147786,0.8627570821746172
46.66,-0.5728081166152248,0.07921034135012071,0.8639794639855759
46.68,-0.5703633529933074,0.07896586498792897,0.8649573694343428
46.7,-0.5713412584420744,0.07872138862573724,0.8649573694343428
46.72,-0.5693854475445406,0.07921034135012071,0.8639794639855759
46.74,-0.5701188766311157,0.07847691226354551,0.8637349876233842
46.76,-0.5715857348042661,0.07872138862573724,0.8620236530880421
46.78,-0.5703633529933074,0.08116615224765455,0.8622681294502338
46.8,-0.5735415457017999,0.08116615224765455,0.8612902240014668
46.82,-0.5720746875286495,0.08116615224765455,0.8600678421905081
46.84,-0.5723191638908413,0.0831219631451884,0.8603123185527
46.86,-0.5720746875286495,0.08116615224765455,0.8632460348990006
46.88,-0.5730525929774165,0.08165510497203801,0.8625126058124255
46.9,-0.5745194511505669,0.08361091586957185,0.8617791767258502
46.92,-0.5728081166152248,0.08336643950738012,0.8620236530880421
46.94,-0.5730525929774165,0.08336643950738012,0.8610457476392751
46.96,-0.575252880237142,0.08458882131833878,0.8600678421905081
46.98,-0.5732970693396082,0.088011490389023,0.858356507655166
47.0,-0.5728081166152248,0.08703358494025609,0.8595788894661247
47.02,-0.5735415457017999,0.08581120312929744,0.8571341258442075
47.04,-0.5737860220639917,0.08752253766463955,0.8551783149466736
47.06,-0.5718302111664578,0.08947834856217339,0.8603123185527
47.08,-0.5730525929774165,0.08898939583778993,0.8686245148672188
47.1,-0.5764752620481007,0.09265654127066589,0.8688689912294105
47.12,-0.5757418329615255,0.09387892308162454,0.8603123185527
47.14,-0.5757418329615255,0.094367875806008,0.8510222167894141
47.16,-0.5772086911346759,0.09412339944381627,0.8495553586162637
47.18,-0.5791645020322097,0.09338997035724109,0.8505332640650307
47.2,-0.5806313602053601,0.09583473397915838,0.8495553586162637
47.228,-0.579897931118785,0.10047978486080127,0.8524890749625645
47.24,-0.5823426947407022,0.10243559575833511,0.8522445986003728
47.26,-0.585276411087003,0.10219111939614338,0.8532225040491397
47.28,-0.5869877456223451,0.10170216667175992,0.8520001222381811
47.3,-0.5869877456223451,0.10170216667175992,0.8520001222381811
47.32,-0.5894325092442624,0.10341350120710203,0.850288787702839
47.34,-0.5918772728661797,0.10561378846682762,0.8475995477187299
47.36,-0.5945665128502888,0.11025883934847049,0.8446658313724291
47.38,-0.5921217492283715,0.11123674479723741,0.8444213550102374
47.4,-0.5904104146930294,0.10854750481312837,0.844910307734621
47.42,-0.5884546037954955,0.10512483574244415,0.8475995477187299
47.44,-0.5840540292760443,0.100724261222993,0.8500443113406473
47.46,-0.5835650765516609,0.09730159215230877,0.858356507655166
47.48,-0.5835650765516609,0.0982794976010757,0.855667267671057
47.5,-0.5816092656541271,0.1031690248449103,0.855667267671057
47.52,-0.5796534547565932,0.10561378846682762,0.8564006967576322
47.54,-0.5776976438590594,0.10708064663997799,0.855667267671057
47.56,-0.5759863093237173,0.10756959936436146,0.8534669804113315
47.58,-0.5747639275127586,0.1063472175534028,0.8532225040491397
47.6,-0.575252880237142,0.10439140665586896,0.8546893622222901
47.62,-0.5730525929774165,0.10512483574244415,0.8532225040491397
47.64,-0.5713412584420744,0.10830302845093664,0.8534669804113315
47.66,-0.568896494820157,0.10830302845093664,0.8573786022063992
47.68,-0.5684075420957736,0.10854750481312837,0.8559117440332488
47.7,-0.5679185893713902,0.10879198117532012,0.8590899367417413
47.72,-0.5674296366470066,0.1095254102618953,0.8603123185527
47.74,-0.5669406839226232,0.1095254102618953,0.8625126058124255
47.76,-0.5708523057176909,0.10879198117532012,0.8649573694343428
47.78,-0.5718302111664578,0.10708064663997799,0.8615347003636585
47.8,-0.5681630657335819,0.10976988662408703,0.8532225040491397
47.82,-0.5654738257494728,0.11368150841915473,0.8497998349784555
47.84,-0.5666962075604315,0.11465941386792164,0.850288787702839
47.86,-0.5679185893713902,0.11148122115942914,0.855667267671057
47.88,-0.568896494820157,0.10903645753751184,0.8588454603795496
47.9,-0.5684075420957736,0.10805855208874492,0.8605567949148917
47.92,-0.5710967820798827,0.10976988662408703,0.8637349876233842
47.94,-0.5718302111664578,0.11099226843504569,0.8617791767258502
47.96,-0.5730525929774165,0.11001436298627876,0.8595788894661247
47.98,-0.572563640253033,0.11221465024600434,0.8564006967576322
48.0,-0.5754973565993338,0.11245912660819607,0.8551783149466736
48.02,-0.5769642147724842,0.11050331571066223,0.8581120312929743
48.04,-0.5764752620481007,0.11074779207285396,0.8590899367417413
48.06,-0.5735415457017999,0.10879198117532012,0.8590899367417413
48.08,-0.5710967820798827,0.10830302845093664,0.8588454603795496
48.1,-0.5706078293554991,0.10463588301806069,0.8603123185527
48.12,-0.5654738257494728,0.10268007212052685,0.8620236530880421
48.14,-0.5681630657335819,0.10023530849860954,0.8649573694343428
48.16,-0.5679185893713902,0.09852397396326742,0.8661797512453014
48.18,-0.5686520184579653,0.10121321394737647,0.8664242276074932
48.2,-0.5671851602848149,0.10219111939614338,0.8642239403477676
48.22,-0.5630290621275555,0.10243559575833511,0.8634905112611924
48.248,-0.5618066803165969,0.10219111939614338,0.8669131803318767
48.26,-0.5642514439385142,0.10023530849860954,0.865690798520918
48.28,-0.5632735384897473,0.09925740304984261,0.8622681294502338
48.3,-0.5593619166946796,0.09730159215230877,0.8612902240014668
48.32,-0.5578950585215292,0.0975460685145005,0.8632460348990006
48.34,-0.5610732512300217,0.09632368670354186,0.8639794639855759
48.36,-0.564495920300706,0.09803502123888397,0.8666687039696849
48.38,-0.5647403966628977,0.09950187941203435,0.8661797512453014
48.4,-0.5640069675763224,0.100724261222993,0.8644684167099593
48.42,-0.5664517311982398,0.10170216667175992,0.8637349876233842
48.44,-0.5662072548360481,0.10023530849860954,0.8622681294502338
48.46,-0.5664517311982398,0.09901292668765088,0.8620236530880421
48.48,-0.5642514439385142,0.09852397396326742,0.8610457476392751
48.5,-0.5632735384897473,0.09534578125477493,0.8622681294502338
48.52,-0.5627845857653638,0.09338997035724109,0.8617791767258502
48.54,-0.5666962075604315,0.09363444671943282,0.8632460348990006
48.56,-0.568896494820157,0.09216758854628243,0.8617791767258502
48.58,-0.5713412584420744,0.09070073037313205,0.8595788894661247
48.6,-0.5710967820798827,0.09216758854628243,0.8600678421905081
48.62,-0.5750084038749503,0.09265654127066589,0.8598233658283164
48.64,-0.5781865965834428,0.09265654127066589,0.8603123185527
48.66,-0.5794089783944015,0.09412339944381627,0.8610457476392751
48.68,-0.5794089783944015,0.09412339944381627,0.8610457476392751
48.7,-0.5772086911346759,0.09485682853039147,0.8571341258442075
48.72,-0.5776976438590594,0.0951013048925832,0.8532225040491397
48.74,-0.5816092656541271,0.09412339944381627,0.8524890749625645
48.76,-0.579897931118785,0.09338997035724109,0.8517556458759894
48.78,-0.5808758365675518,0.09338997035724109,0.8561562203954405
48.8,-0.5845429820004279,0.09559025761696666,0.858356507655166
48.82,-0.5896769856064542,0.09803502123888397,0.8598233658283164
48.84,-0.5928551783149466,0.0982794976010757,0.8598233658283164
48.86,-0.5913883201417963,0.09607921034135011,0.8603123185527
48.88,-0.5857653638113864,0.09216758854628243,0.8564006967576322
48.9,-0.5823426947407022,0.088011490389023,0.8564006967576322
48.92,-0.5781865965834428,0.08605567949148916,0.8500443113406473
48.94,-0.5764752620481007,0.08605567949148916,0.8468661186321548
48.96,-0.5759863093237173,0.08825596675121473,0.8485774531674969
48.98,-0.5750084038749503,0.09461235216819973,0.8471105949943465
49.0,-0.5747639275127586,0.0951013048925832,0.8485774531674969
49.02,-0.5759863093237173,0.09021177764874859,0.8551783149466736
49.04,-0.5801424074809767,0.0863001558536809,0.8600678421905081
49.06,-0.5879656510711121,0.08214405769642147,0.8590899367417413
49.08,-0.5918772728661797,0.07896586498792897,0.8517556458759894
49.1,-0.5886990801576872,0.08409986859395532,0.8397763041285945
49.12,-0.5816092656541271,0.0911896830975155,0.8334199187116096
49.14,-0.5808758365675518,0.088011490389023,0.8368425877822938
49.16,-0.5825871711028939,0.08434434495614705,0.8441768786480457
49.18,-0.5786755493078263,0.08214405769642147,0.8473550713565382
49.2,-0.5794089783944015,0.0799437704366959,0.852978027686948
49.22,-0.5794089783944015,0.07603214864162822,0.8520001222381811
49.24,-0.5767197384102924,0.07603214864162822,0.8510222167894141
49.269,-0.5776976438590594,0.07456529046847783,0.8539559331357149
49.28,-0.5772086911346759,0.07456529046847783,0.8566451731198239
49.3,-0.578920025670018,0.07652110136601167,0.8617791767258502
49.32,-0.578920025670018,0.07652110136601167,0.8632460348990006
49.34,-0.5808758365675518,0.07798795953916206,0.8612902240014668
49.36,-0.5813647892919354,0.07725453045258686,0.8573786022063992
49.38,-0.5835650765516609,0.07480976683066956,0.8527335513247563
49.4,-0.5823426947407022,0.07407633774409436,0.849310882254072
49.42,-0.5845429820004279,0.07456529046847783,0.8520001222381811
49.44,-0.5926107019527549,0.07309843229532745,0.8546893622222901
49.46,-0.5913883201417963,0.0774990068147786,0.8551783149466736
49.48,-0.591632796503988,0.07823243590135379,0.8539559331357149
49.5,-0.5908993674174128,0.07652110136601167,0.8546893622222901
49.52,-0.5938330837637136,0.07260947957094398,0.8620236530880421
49.54,-0.5926107019527549,0.06820890505149284,0.8603123185527
49.56,-0.595299941936864,0.0623414723588913,0.8564006967576322
49.58,-0.5933441310393301,0.06258594872108303,0.8542004094979067
49.6,-0.5896769856064542,0.0647862359808086,0.8537114567735232
49.62,-0.5891880328820707,0.06820890505149284,0.855667267671057
49.64,-0.5948109892124805,0.06943128686245148,0.8617791767258502
49.66,-0.5967668001100144,0.06943128686245148,0.8642239403477676
49.68,-0.5896769856064542,0.07089814503560186,0.8620236530880421
49.7,-0.5860098401735782,0.07163157412217706,0.859334413103933
49.72,-0.5857653638113864,0.07065366867341014,0.8527335513247563
49.74,-0.588943556519879,0.07260947957094398,0.8510222167894141
49.76,-0.5906548910552211,0.07383186138190263,0.8520001222381811
49.78,-0.5965223237478227,0.07896586498792897,0.8488219295296886
49.8,-0.5945665128502888,0.08361091586957185,0.8387983986798276
49.82,-0.5921217492283715,0.08605567949148916,0.8387983986798276
49.84,-0.594322036488097,0.08605567949148916,0.8431989731992787
49.86,-0.5962778473856309,0.08434434495614705,0.8490664058918803
49.88,-0.5948109892124805,0.08336643950738012,0.849310882254072
49.9,-0.5940775601259053,0.08556672676710571,0.8515111695137976
49.92,-0.5955444182990557,0.08825596675121473,0.8510222167894141
49.94,-0.5994560400941233,0.08996730128655686,0.8495553586162637
49.96,-0.6014118509916573,0.09461235216819973,0.8471105949943465
49.98,-0.6019008037160407,0.09705711579011704,0.842954496837087
50.0,-0.6026342328026159,0.09559025761696666,0.8380649695932524
50.02,-0.5992115637319316,0.09632368670354186,0.8373315405066772
50.04,-0.5948109892124805,0.09387892308162454,0.8400207804907863
50.06,-0.5940775601259053,0.09167863582189897,0.842954496837087
50.08,-0.5940775601259053,0.09167863582189897,0.842954496837087
50.1,-0.594322036488097,0.08947834856217339,0.843932402285854
50.12,-0.595299941936864,0.08996730128655686,0.844910307734621
50.14,-0.5975002291965895,0.09559025761696666,0.842954496837087
50.16,-0.5972557528343978,0.1031690248449103,0.8400207804907863
50.18,-0.6004339455428903,0.10390245393148549,0.8383094459554442
50.2,-0.6026342328026159,0.10390245393148549,0.8387983986798276
50.22,-0.5997005164563152,0.10463588301806069,0.8304862023653088
50.24,-0.6021452800782324,0.10536931210463588,0.8290193441921584
50.26,-0.600678421905082,0.10732512300216973,0.8246187696727073
50.288,-0.6004339455428903,0.10414693029367723,0.8255966751214742
50.3,-0.6033676618891911,0.10121321394737647,0.8324420132628426
50.32,-0.6026342328026159,0.10047978486080127,0.840265256852978
50.34,-0.5979891819209731,0.09925740304984261,0.8400207804907863
50.36,-0.5970112764722061,0.09705711579011704,0.8434434495614705
50.38,-0.5992115637319316,0.09461235216819973,0.8446658313724291
50.4,-0.6001894691806986,0.09314549399504936,0.842954496837087
50.42,-0.6031231855269994,0.09485682853039147,0.8392873514042111
50.44,-0.6023897564404241,0.09534578125477493,0.8400207804907863
50.46,-0.6019008037160407,0.094367875806008,0.840265256852978
50.48,-0.601656327353849,0.09461235216819973,0.8405097332151698
50.5,-0.6038566146135745,0.09363444671943282,0.8409986859395532
50.52,-0.6094795709439843,0.09363444671943282,0.8395318277664028
50.54,-0.6080127127708339,0.09412339944381627,0.8351312532469517
50.56,-0.6053234727867249,0.09412339944381627,0.8346423005225682
50.58,-0.6041010909757663,0.09216758854628243,0.8358646823335268
50.6,-0.6058124255111084,0.08825596675121473,0.8346423005225682
50.62,-0.6080127127708339,0.08581120312929744,0.8334199187116096
50.64,-0.6048345200623415,0.08263301042080494,0.8353757296091434
50.66,-0.6023897564404241,0.08141062860984628,0.8363536350579103
50.68,-0.6041010909757663,0.07945481771231244,0.8380649695932524
50.7,-0.6038566146135745,0.07725453045258686,0.8387983986798276
50.72,-0.6011673746294655,0.07603214864162822,0.8414876386639366
50.74,-0.5977447055587812,0.07603214864162822,0.842954496837087
50.76,-0.5972557528343978,0.07260947957094398,0.8453992604590044
50.78,-0.5977447055587812,0.07016471594902668,0.8441768786480457
50.8,-0.5994560400941233,0.0679644286893011,0.8441768786480457
50.82,-0.6001894691806986,0.06894233413806802,0.8444213550102374
50.84,-0.5975002291965895,0.06845338141368457,0.8468661186321548
50.86,-0.5977447055587812,0.06845338141368457,0.8458882131833878
50.88,-0.5977447055587812,0.0679644286893011,0.8441768786480457
50.9,-0.5967668001100144,0.06625309415395898,0.8436879259236623
50.92,-0.5955444182990557,0.06527518870519207,0.8453992604590044
50.94,-0.5970112764722061,0.06454175961861687,0.8468661186321548
50.96,-0.5994560400941233,0.06503071234300034,0.8458882131833878
50.98,-0.6011673746294655,0.06503071234300034,0.8436879259236623
51.0,-0.6011673746294655,0.06331937780765821,0.8444213550102374
51.02,-0.5999449928185069,0.0647862359808086,0.842954496837087
51.04,-0.6004339455428903,0.0655196650673838,0.8441768786480457
51.06,-0.6009228982672737,0.06527518870519207,0.8434434495614705
51.08,-0.5987226110075482,0.06258594872108303,0.8417321150261284
51.1,-0.5970112764722061,0.05965223237478226,0.8441768786480457
51.12,-0.5945665128502888,0.05671851602848149,0.850288787702839
51.14,-0.5960333710234391,0.05671851602848149,0.8490664058918803
51.16,-0.5994560400941233,0.05476270513094765,0.8505332640650307
51.18,-0.5965223237478227,0.055251657855331114,0.8512666931516059
51.2,-0.5957888946612474,0.05965223237478226,0.8483329768053052
51.22,-0.5979891819209731,0.059896708736973996,0.8463771659077712
51.24,-0.5972557528343978,0.05867432692601534,0.8475995477187299
51.26,-0.5965223237478227,0.056229563304098035,0.8461326895455795
51.28,-0.5911438437796045,0.055985086941906306,0.842954496837087
51.308,-0.5908993674174128,0.056229563304098035,0.8422210677505119
51.32,-0.588943556519879,0.055251657855331114,0.8463771659077712
51.34,-0.5879656510711121,0.05402927604437246,0.8532225040491397
51.36,-0.5894325092442624,0.053295846957797266,0.855667267671057
51.38,-0.5879656510711121,0.05549613421752284,0.8542004094979067
51.4,-0.5867432692601534,0.05574061057971457,0.8515111695137976
51.42,-0.5830761238272775,0.055251657855331114,0.8534669804113315
51.44,-0.5813647892919354,0.05378479968218073,0.8576230785685909
51.46,-0.5833206001894692,0.05500718149313938,0.8615347003636585
51.48,-0.5833206001894692,0.05500718149313938,0.8615347003636585
51.5,-0.5833206001894692,0.05451822876875592,0.8605567949148917
51.52,-0.584298505638236,0.05060660697368823,0.8615347003636585
51.54,-0.5869877456223451,0.05011765424930477,0.8622681294502338
51.56,-0.5879656510711121,0.053295846957797266,0.8608012712770834
51.58,-0.5891880328820707,0.05769642147724842,0.8546893622222901
51.6,-0.5886990801576872,0.06160804327231611,0.8507777404272224
51.62,-0.588943556519879,0.06331937780765821,0.8495553586162637
51.64,-0.5886990801576872,0.06454175961861687,0.8436879259236623
51.66,-0.5930996546771384,0.06380833053204168,0.8412431623017449
51.68,-0.5965223237478227,0.06136356691012437,0.8427100204748953
51.7,-0.5982336582831648,0.06038566146135745,0.8456437368211961
51.72,-0.6009228982672737,0.06160804327231611,0.8468661186321548
51.74,-0.6033676618891911,0.06356385416984996,0.8466216422699631
51.76,-0.6038566146135745,0.0655196650673838,0.843932402285854
51.78,-0.604345567337958,0.06771995232710937,0.8385539223176359
51.8,-0.6033676618891911,0.07016471594902668,0.8365981114201021
51.82,-0.6026342328026159,0.07016471594902668,0.8370870641444855
51.84,-0.6041010909757663,0.06894233413806802,0.8431989731992787
51.86,-0.6028787091648076,0.06429728325642514,0.8488219295296886
51.88,-0.6009228982672737,0.061119090547932645,0.8478440240809216
51.9,-0.6038566146135745,0.061119090547932645,0.8456437368211961
51.92,-0.6053234727867249,0.06283042508327476,0.840265256852978
51.94,-0.6050789964245332,0.06625309415395898,0.8390428750420194
51.96,-0.6067903309598753,0.06771995232710937,0.8405097332151698
51.98,-0.6055679491489167,0.0686978577758763,0.8387983986798276
52.0,-0.6048345200623415,0.06894233413806802,0.8392873514042111
52.02,-0.5997005164563152,0.07114262139779359,0.8397763041285945
52.04,-0.5989670873697399,0.06918681050025975,0.8385539223176359
52.06,-0.6026342328026159,0.06698652324053418,0.8392873514042111
52.08,-0.6036121382513828,0.06747547596491764,0.8395318277664028
52.1,-0.6031231855269994,0.06771995232710937,0.8361091586957186
52.12,-0.6019008037160407,0.0686978577758763,0.8356202059713351
52.14,-0.6041010909757663,0.06992023958683495,0.8373315405066772
52.16,-0.6085016654952174,0.07114262139779359,0.8383094459554442
52.18,-0.6126577636524768,0.07065366867341014,0.8380649695932524
52.2,-0.6173028145341197,0.07040919231121841,0.8378204932310607
52.22,-0.6243926290376799,0.0686978577758763,0.8363536350579103
52.24,-0.6300155853680897,0.06625309415395898,0.8365981114201021
52.26,-0.6280597744705558,0.06625309415395898,0.8282859151055832
52.28,-0.6300155853680897,0.06992023958683495,0.8182623842557223
52.3,-0.6363719707850747,0.07236500320875225,0.8199737187910644
52.329,-0.6402835925801424,0.07896586498792897,0.8192402897044891
52.34,-0.6363719707850747,0.08214405769642147,0.8170400024447636
52.36,-0.632460348990007,0.08336643950738012,0.8197292424288727
52.38,-0.6339272071631574,0.07285395593313572,0.8236408642239403
52.4,-0.6383277816826085,0.07016471594902668,0.8214405769642148
52.42,-0.6371053998716499,0.06967576322464322,0.8158176206338049
52.44,-0.6344161598875409,0.0647862359808086,0.817528955169147
52.46,-0.6405280689423342,0.06307490144546649,0.8187513369801057
52.48,-0.648840265256853,0.06454175961861687,0.8106836170277786
52.5,-0.65690798520918,0.06894233413806802,0.8011490389023012
52.52,-0.6539742688628793,0.07383186138190263,0.7943037007609327
52.54,-0.6529963634141124,0.07847691226354551,0.7879473153439477
52.56,-0.6581303670201387,0.07456529046847783,0.7874583626195643
52.58,-0.6583748433823304,0.07309843229532745,0.7881917917061394
52.6,-0.6566635088469883,0.07652110136601167,0.7896586498792898
52.62,-0.6566635088469883,0.07285395593313572,0.7996821807291508
52.64,-0.6529963634141124,0.06405280689423341,0.8133728570118877
52.66,-0.6547076979494545,0.058185374201631876,0.8155731442716132
52.68,-0.6556856033982215,0.05476270513094765,0.8111725697521621
52.7,-0.6520184579653454,0.05549613421752284,0.8089722824924365
52.72,-0.6503071234300033,0.056229563304098035,0.8072609479570944
52.74,-0.6510405525165786,0.057451945115056684,0.8055496134217522
52.76,-0.6485957888946612,0.057207468752864955,0.8070164715949026
52.78,-0.647862359808086,0.05476270513094765,0.812150475200929
52.8,-0.6495736943434282,0.05060660697368823,0.8136173333740794
52.82,-0.6507960761543868,0.04938422516272958,0.813128380649696
52.84,-0.6476178834458943,0.05109555969807169,0.8079943770436696
52.86,-0.6473734070837026,0.04987317788711304,0.8065275188705192
52.88,-0.6473734070837026,0.04987317788711304,0.8065275188705192
52.9,-0.6522629343275372,0.05085108333587996,0.8097057115790117
52.92,-0.6534853161384958,0.053540323319988994,0.8101946643033952
52.94,-0.6532408397763041,0.05305137059560554,0.8104391406655869
52.96,-0.6495736943434282,0.05378479968218073,0.8133728570118877
52.98,-0.6459065489105522,0.053540323319988994,0.8170400024447636
53.0,-0.6461510252727439,0.05476270513094765,0.8155731442716132
53.02,-0.6512850288787703,0.05378479968218073,0.8150841915472298
53.04,-0.6527518870519207,0.05794089783944015,0.8101946643033952
53.06,-0.6539742688628793,0.06185251963450784,0.8065275188705192
53.08,-0.6517739816031537,0.06723099960272591,0.8062830425083275
53.1,-0.6505515997921951,0.07309843229532745,0.8119059988387373
53.12,-0.6507960761543868,0.07236500320875225,0.8167955260825719
53.14,-0.6503071234300033,0.07260947957094398,0.8148397151850381
53.16,-0.6522629343275372,0.07089814503560186,0.8097057115790117
53.18,-0.6483513125324695,0.06771995232710937,0.8055496134217522
53.2,-0.6476178834458943,0.06576414142957553,0.8033493261620267
53.22,-0.647862359808086,0.07138709775998534,0.8040827552486018
53.24,-0.6417504507532927,0.07529871955505302,0.8060385661461358
53.26,-0.6380833053204168,0.07603214864162822,0.8099501879412034
53.28,-0.638816734406992,0.07456529046847783,0.8123949515631207
53.3,-0.6373498762338417,0.07187605048436879,0.8155731442716132
53.32,-0.6346606362497326,0.06918681050025975,0.8194847660666809
53.349,-0.6344161598875409,0.06649757051615071,0.8226629587751734
53.36,-0.6317269199034318,0.06674204687834245,0.8187513369801057
53.38,-0.6309934908168566,0.06943128686245148,0.8167955260825719
53.4,-0.6312379671790483,0.06600861779176725,0.8180179078935306
53.42,-0.6287932035571311,0.06503071234300034,0.8160620969959966
53.44,-0.6239036763132965,0.06576414142957553,0.8155731442716132
53.46,-0.6199920545182288,0.06600861779176725,0.8138618097362711
53.48,-0.6202365308804205,0.06307490144546649,0.8187513369801057
53.5,-0.623414723588913,0.060874614185740916,0.823885340586132
53.52,-0.6241481526754882,0.05965223237478226,0.8297527732787336
53.54,-0.6224368181401461,0.05574061057971457,0.8356202059713351
53.56,-0.6221923417779543,0.057207468752864955,0.8361091586957186
53.58,-0.616080432723161,0.05891880328820707,0.8307306787275005
53.6,-0.6148580509122024,0.05965223237478226,0.8263301042080494
53.62,-0.6146135745500106,0.05549613421752284,0.8219295296885982
53.64,-0.6055679491489167,0.05280689423341381,0.8187513369801057
53.66,-0.6004339455428903,0.045717079729853616,0.8331754423494179
53.68,-0.6019008037160407,0.03764935977752651,0.8500443113406473
53.7,-0.6031231855269994,0.03569354887999267,0.8573786022063992
53.72,-0.6038566146135745,0.036182501604376124,0.859334413103933
53.74,-0.6058124255111084,0.03911621795067689,0.8586009840173578
53.76,-0.6036121382513828,0.0415609815725942,0.8581120312929743
53.78,-0.601656327353849,0.04033859976163555,0.8520001222381811
53.8,-0.5945665128502888,0.038871741588485165,0.8490664058918803
53.82,-0.5879656510711121,0.035204596155609204,0.8505332640650307
53.84,-0.5874766983467286,0.028359258014240746,0.8534669804113315
53.86,-0.5879656510711121,0.018824679888763254,0.8578675549307826
53.88,-0.5867432692601534,0.015157534455887297,0.8664242276074932
53.9,-0.5860098401735782,0.014179629007120373,0.8732695657488616
53.92,-0.5828316474650858,0.016135439904654218,0.8752253766463954
53.94,-0.5801424074809767,0.02029153806191364,0.8722916603000948
53.96,-0.576230785685909,0.022247348959447483,0.8625126058124255
53.98,-0.5740304984261834,0.022980778046022676,0.8578675549307826
54.0,-0.5735415457017999,0.018335727164379794,0.8551783149466736
54.02,-0.5750084038749503,0.014913058093695565,0.8603123185527
54.04,-0.5735415457017999,0.01271277083396999,0.8666687039696849
54.06,-0.5701188766311157,0.012223818109586528,0.8740029948354369
54.08,-0.5654738257494728,0.015157534455887297,0.8752253766463954
54.1,-0.564495920300706,0.018091250802188062,0.8703358494025609
54.12,-0.5652293493872811,0.01980258533753018,0.8688689912294105
54.14,-0.5693854475445406,0.01735782171561287,0.868380038505027
54.16,-0.5718302111664578,0.018091250802188062,0.8676466094184518
54.18,-0.5740304984261834,0.022247348959447483,0.8652018457965345
54.2,-0.5710967820798827,0.023958683494789596,0.864712893072151
54.22,-0.5681630657335819,0.023469730770406136,0.864712893072151
54.24,-0.5693854475445406,0.022491825321639215,0.8620236530880421
54.26,-0.5693854475445406,0.022491825321639215,0.8620236530880421
54.28,-0.5732970693396082,0.021758396235064023,0.8632460348990006
54.3,-0.5772086911346759,0.02493658894355652,0.8654463221587263
54.32,-0.5757418329615255,0.027381352565473825,0.865690798520918
54.34,-0.5796534547565932,0.02982611618739113,0.8625126058124255
54.368,-0.5825871711028939,0.03251535617150017,0.8620236530880421
54.38,-0.5830761238272775,0.032270879809308435,0.8617791767258502
54.4,-0.5830761238272775,0.03300430889588363,0.8610457476392751
54.42,-0.5840540292760443,0.032270879809308435,0.8603123185527
54.44,-0.5818537420163188,0.03349326162026709,0.8586009840173578
54.46,-0.5838095529138526,0.03789383613971824,0.852978027686948
54.48,-0.5830761238272775,0.039849647037252085,0.8512666931516059
54.5,-0.5855208874491947,0.04131650521040247,0.8549338385844818
54.52,-0.588943556519879,0.04522812700547016,0.8549338385844818
54.54,-0.5896769856064542,0.043761268832319775,0.8520001222381811
54.56,-0.5904104146930294,0.04449469791889497,0.8542004094979067
54.58,-0.5955444182990557,0.04547260336766189,0.8571341258442075
54.6,-0.5992115637319316,0.047428414265195735,0.8539559331357149
54.62,-0.6011673746294655,0.05158451242245515,0.8483329768053052
54.64,-0.6028787091648076,0.05842985056382361,0.8480885004431133
54.66,-0.6063013782354918,0.06380833053204168,0.8478440240809216
54.68,-0.604345567337958,0.06771995232710937,0.8451547840968127
54.7,-0.600678421905082,0.06625309415395898,0.8453992604590044
54.72,-0.5940775601259053,0.06429728325642514,0.8463771659077712
54.74,-0.5930996546771384,0.06160804327231611,0.8466216422699631
54.76,-0.5930996546771384,0.059896708736973996,0.8453992604590044
54.78,-0.5904104146930294,0.05940775601259053,0.8456437368211961
54.8,-0.5894325092442624,0.05842985056382361,0.8483329768053052
54.82,-0.5904104146930294,0.06160804327231611,0.8485774531674969
54.84,-0.5845429820004279,0.06380833053204168,0.8461326895455795
54.86,-0.5808758365675518,0.06136356691012437,0.8468661186321548
54.88,-0.5806313602053601,0.05549613421752284,0.8546893622222901
54.9,-0.5781865965834428,0.05207346514683862,0.8598233658283164
54.92,-0.5767197384102924,0.05280689423341381,0.8576230785685909
54.94,-0.5772086911346759,0.05378479968218073,0.8578675549307826
54.96,-0.5786755493078263,0.055251657855331114,0.8595788894661247
54.98,-0.5813647892919354,0.057451945115056684,0.8620236530880421
55.0,-0.5786755493078263,0.057451945115056684,0.8605567949148917
55.02,-0.5774531674968676,0.05647403966628976,0.858356507655166
55.04,-0.5772086911346759,0.053540323319988994,0.8571341258442075
55.06,-0.5742749747883752,0.05158451242245515,0.8546893622222901
55.08,-0.5728081166152248,0.05182898878464688,0.8551783149466736
55.1,-0.5735415457017999,0.051340036060263425,0.8546893622222901
55.12,-0.5745194511505669,0.05305137059560554,0.8571341258442075
55.14,-0.5747639275127586,0.05305137059560554,0.8608012712770834
55.16,-0.5747639275127586,0.053540323319988994,0.8627570821746172
55.18,-0.5757418329615255,0.052562417871222074,0.8627570821746172
55.2,-0.5754973565993338,0.051340036060263425,0.864712893072151
55.22,-0.5767197384102924,0.04987317788711304,0.8654463221587263
55.24,-0.576230785685909,0.052562417871222074,0.8617791767258502
55.26,-0.575252880237142,0.05476270513094765,0.8537114567735232
55.28,-0.576230785685909,0.053295846957797266,0.8524890749625645
55.3,-0.5794089783944015,0.05451822876875592,0.8573786022063992
55.32,-0.5816092656541271,0.05696299239067323,0.8608012712770834
55.34,-0.5774531674968676,0.056229563304098035,0.8608012712770834
55.36,-0.576230785685909,0.052317941509030345,0.8588454603795496
55.388,-0.5769642147724842,0.05085108333587996,0.8610457476392751
55.4,-0.5776976438590594,0.05085108333587996,0.8625126058124255
55.42,-0.5830761238272775,0.051340036060263425,0.8617791767258502
55.44,-0.5825871711028939,0.05378479968218073,0.8595788894661247
55.46,-0.5816092656541271,0.05574061057971457,0.8586009840173578
55.48,-0.5857653638113864,0.05451822876875592,0.8539559331357149
55.5,-0.5879656510711121,0.057451945115056684,0.8534669804113315
55.52,-0.5904104146930294,0.058185374201631876,0.8542004094979067
55.54,-0.5908993674174128,0.057451945115056684,0.8551783149466736
55.56,-0.5950554655746723,0.060141185099165724,0.8549338385844818
55.58,-0.5948109892124805,0.062096995996699565,0.8546893622222901
55.6,-0.5962778473856309,0.062096995996699565,0.8559117440332488
55.62,-0.5975002291965895,0.0623414723588913,0.8573786022063992
55.64,-0.5972557528343978,0.06405280689423341,0.8590899367417413
55.66,-0.5972557528343978,0.06405280689423341,0.8590899367417413
55.68,-0.5926107019527549,0.06600861779176725,0.8571341258442075
55.7,-0.5908993674174128,0.06698652324053418,0.852978027686948
55.72,-0.5899214619686459,0.0647862359808086,0.8532225040491397
55.74,-0.5904104146930294,0.06600861779176725,0.8510222167894141
55.76,-0.5913883201417963,0.06649757051615071,0.8485774531674969
55.78,-0.5904104146930294,0.07040919231121841,0.8441768786480457
55.8,-0.5911438437796045,0.07187605048436879,0.8436879259236623
55.82,-0.5933441310393301,0.07212052684656052,0.843932402285854
55.84,-0.5940775601259053,0.07163157412217706,0.8456437368211961
55.86,-0.5948109892124805,0.07725453045258686,0.8405097332151698
55.88,-0.5994560400941233,0.08165510497203801,0.840265256852978
55.9,-0.6036121382513828,0.08165510497203801,0.8417321150261284
55.92,-0.6038566146135745,0.08238853405861321,0.8424655441127036
55.94,-0.6023897564404241,0.08214405769642147,0.8407542095773615
55.96,-0.6023897564404241,0.08556672676710571,0.8370870641444855
55.98,-0.604345567337958,0.08825596675121473,0.833908871435993
56.0,-0.6072792836842588,0.09070073037313205,0.837576016868869
56.02,-0.609724047306176,0.09167863582189897,0.8395318277664028
56.04,-0.6129022400146685,0.09265654127066589,0.8397763041285945
56.06,-0.6131467163768602,0.0951013048925832,0.8356202059713351
56.08,-0.6121688109280934,0.09901292668765088,0.8287748678299667
56.1,-0.61167985820371,0.0982794976010757,0.827552486019008
56.12,-0.6136356691012438,0.09534578125477493,0.8268190569324328
56.14,-0.6163249090853528,0.09241206490847416,0.8231519114995569
56.16,-0.619747578156037,0.09167863582189897,0.8263301042080494
56.18,-0.6180362436206949,0.09265654127066589,0.8282859151055832
56.2,-0.6141246218256272,0.09314549399504936,0.8243742933105155
56.22,-0.6151025272743942,0.09290101763285762,0.8187513369801057
56.24,-0.6163249090853528,0.09534578125477493,0.8148397151850381
56.26,-0.6212144363291874,0.094367875806008,0.8104391406655869
56.28,-0.6280597744705558,0.09338997035724109,0.8092167588546282
56.3,-0.6349051126119243,0.0975460685145005,0.8075054243192861
56.32,-0.632460348990007,0.10463588301806069,0.8072609479570944
56.34,-0.6312379671790483,0.10439140665586896,0.8136173333740794
56.36,-0.6397946398557589,0.10096873758518474,0.8207071478776395
56.38,-0.6481068361702778,0.10365797756929376,0.8167955260825719
56.408,-0.647862359808086,0.10610274119121108,0.8109280933899703
56.42,-0.642483879839868,0.10292454848271858,0.8101946643033952
56.44,-0.6390612107691838,0.10023530849860954,0.8116615224765455
56.46,-0.6346606362497326,0.0982794976010757,0.812150475200929
56.48,-0.6353940653363078,0.0951013048925832,0.813128380649696
56.5,-0.6363719707850747,0.09387892308162454,0.8192402897044891
56.52,-0.6397946398557589,0.09412339944381627,0.8229074351373651
56.54,-0.6397946398557589,0.09534578125477493,0.8192402897044891
56.56,-0.6373498762338417,0.09412339944381627,0.817528955169147
56.58,-0.6319713962656236,0.09412339944381627,0.8145952388228463
56.6,-0.6297711090058979,0.09167863582189897,0.8155731442716132
56.62,-0.6312379671790483,0.08458882131833878,0.8226629587751734
56.64,-0.6346606362497326,0.07896586498792897,0.8229074351373651
56.66,-0.6380833053204168,0.07847691226354551,0.8194847660666809
56.68,-0.6380833053204168,0.08263301042080494,0.8092167588546282
56.7,-0.6385722580448003,0.0887449194755982,0.7972374171072334
56.72,-0.6385722580448003,0.09143415945970723,0.7923478898633988
56.74,-0.6385722580448003,0.08776701402683128,0.7923478898633988
56.76,-0.6373498762338417,0.07578767227943647,0.7908810316902485
56.78,-0.645173119823977,0.06038566146135745,0.7886807444305228
56.8,-0.6610640833664395,0.04889527243834611,0.7916144607768236
56.82,-0.6603306542798643,0.03789383613971824,0.8089722824924365
56.84,-0.6549521743116462,0.031292974360541514,0.8321975369006509
56.86,-0.6556856033982215,0.03447116706903401,0.8488219295296886
56.88,-0.6483513125324695,0.05109555969807169,0.842954496837087
56.9,-0.6595972251932891,0.060141185099165724,0.8138618097362711
56.92,-0.6798887632552028,0.05647403966628976,0.7833022644623048
56.94,-0.6811111450661614,0.03813831250190997,0.7627662500381994
56.96,-0.6644867524371237,0.01589096354246249,0.7529871955505302
56.98,-0.6600861779176725,-0.0026892399841090364,0.7568988173455978
57.0,-0.6517739816031537,-0.015157534455887297,0.776701402683128
57.02,-0.6412614980289093,-0.015157534455887297,0.8099501879412034
57.04,-0.6466399779971274,-0.00855667267671057,0.8358646823335268
57.06,-0.6466399779971274,-0.00855667267671057,0.8358646823335268
57.08,-0.6529963634141124,-0.001222381810958653,0.8400207804907863
57.1,-0.6564190324847966,0.0019558108975338447,0.8324420132628426
57.12,-0.6576414142957553,0.0004889527243834612,0.8282859151055832
57.14,-0.6542187452250711,0.0044005745194511505,0.8273080096568163
57.16,-0.6534853161384958,0.008067719952327109,0.8216850533264065
57.18,-0.6566635088469883,0.01271277083396999,0.8160620969959966
57.2,-0.6627754179017816,0.017602298077804602,0.8065275188705192
57.22,-0.6661980869724659,0.023958683494789596,0.7982153225560004
57.24,-0.6725544723894509,0.027136876203282093,0.79674846438285
57.26,-0.6767105705467102,0.028114781652049017,0.802126944351068
57.28,-0.674265806924793,0.022980778046022676,0.8055496134217522
57.3,-0.6710876142163005,0.017846774439996334,0.8060385661461358
57.32,-0.667909421507808,0.009045625401094031,0.8075054243192861
57.34,-0.672309996027259,-0.001711334535342114,0.8123949515631207
57.36,-0.673287901476026,-0.008801149038902301,0.817528955169147
57.38,-0.6725544723894509,-0.009534578125477493,0.8109280933899703
57.4,-0.6701097087675335,-0.0009779054487669223,0.7960150352962748
57.428,-0.6671759924212327,0.007823243590135379,0.781346453564771
57.44,-0.664242276074932,0.01271277083396999,0.7730342572502521
57.46,-0.6671759924212327,0.014913058093695565,0.7708339699905266
57.48,-0.672309996027259,0.01246829447177826,0.7718118754392934
57.5,-0.674265806924793,0.010512483574244415,0.7718118754392934
57.52,-0.6674204687834245,0.008067719952327109,0.7671668245576506
57.54,-0.6591082724689057,0.0036671454328759587,0.7664333954710754
57.56,-0.6610640833664395,-0.0041560981572594195,0.7757234972343612
57.58,-0.6664425633346576,-0.0036671454328759587,0.7837912171866882
57.6,-0.7031140176634172,-0.0031781927084924976,0.7906365553280567
57.62,-0.7285395593313572,0.018091250802188062,0.83488677688476
57.64,-0.7539651009992971,0.0774990068147786,0.8581120312929743
57.66,-0.7801240717538123,0.10390245393148549,0.8353757296091434
57.68,-0.8023714207132597,0.09045625401094032,0.8035938025242184
57.7,-0.8111725697521621,0.06698652324053418,0.7515203373773798
57.72,-0.8055496134217522,0.049628701524921305,0.7043363994743758
57.74,-0.7987042752803838,0.043761268832319775,0.6781774287198606
57.76,-0.7940592243987409,0.05867432692601534,0.6867341013965712
57.78,-0.7862359808086056,0.09607921034135011,0.7221831739143721
57.8,-0.772300828163677,0.13886257372490296,0.7512758610151881
57.82,-0.7542095773614889,0.16453259175503468,0.7595880573297069
57.84,-0.7280506066069736,0.16673287901476025,0.739540995629985
57.86,-0.7116706903401278,0.15206429728325643,0.7014026831280751
57.88,-0.7004247776793081,0.12663875561531643,0.6637533233505485
57.9,-0.7094704030804021,0.09974635577422608,0.623414723588913
57.92,-0.7160712648595788,0.0831219631451884,0.6094795709439843
57.94,-0.7133820248754699,0.0799437704366959,0.6204810072426122
57.96,-0.7190049812058796,0.0975460685145005,0.6322158726278153
57.98,-0.7334290865751918,0.1320172355835345,0.6498181707056199
58.0,-0.7451639519603949,0.17528955169147084,0.6813556214283532
58.02,-0.7527427191883385,0.1972924242887266,0.7390520429056016
58.04,-0.7634996791247746,0.1909360388717416,0.8258411514836659
58.06,-0.7691226354551844,0.1630657335818843,0.9035846346606362
58.08,-0.7674113009198423,0.13446199920545182,0.9346331326589861
58.1,-0.7480976683066956,0.11930446474956452,0.9204535036518656
58.12,-0.7138709775998533,0.10976988662408703,0.8930721510863918
58.14,-0.6781774287198606,0.10047978486080127,0.8605567949148917
58.16,-0.641505974391101,0.09534578125477493,0.8150841915472298
58.18,-0.600678421905082,0.10903645753751184,0.7627662500381994
58.2,-0.5662072548360481,0.12174922837148183,0.7146044066864284
58.22,-0.5432264767900253,0.12810561378846683,0.6901567704672554
58.24,-0.5515386731045442,0.12810561378846683,0.704091923112184
58.26,-0.5860098401735782,0.11637074840326375,0.752253766463955
58.28,-0.6353940653363078,0.09632368670354186,0.8075054243192861
58.3,-0.6803777159795862,0.08043272316107936,0.8546893622222901
58.32,-0.699691348592733,0.07872138862573724,0.8742474711976286
58.34,-0.6906457231916389,0.08434434495614705,0.8644684167099593
58.36,-0.6933349631757479,0.08458882131833878,0.8287748678299667
58.38,-0.6940683922623231,0.08361091586957185,0.7757234972343612
58.4,-0.6737768542004094,0.08825596675121473,0.7197384102924549
58.42,-0.6551966506738379,0.1014576903095682,0.6725544723894509
58.449,-0.6551966506738379,0.1014576903095682,0.6725544723894509
58.46,-0.6402835925801424,0.12737218470189163,0.6393056871313755
58.48,-0.6302600617302815,0.15744277725147449,0.6412614980289093
58.5,-0.672309996027259,0.16526602084160988,0.6735323778382177
58.52,-0.7527427191883385,0.1381291446383278,0.717782599394921
58.54,-0.8092167588546282,0.10390245393148549,0.74589738104697
58.56,-0.8869602420315985,0.06283042508327476,0.752253766463955
58.58,-0.9192311218409069,0.03716040705314305,0.717782599394921
58.6,-0.884759954771873,0.05085108333587996,0.6346606362497326
58.62,-0.8828041438743391,0.059896708736973996,0.5647403966628977
58.64,-0.9089631146288543,0.06723099960272591,0.5251352259878372
58.66,-0.921920361825016,0.0887449194755982,0.5065550224612657
58.68,-0.9087186382666625,0.11954894111175625,0.4955535861626379
58.7,-0.8957613910705009,0.1461968645906549,0.4779512880848333
58.72,-0.9016288237631024,0.15157534455887295,0.4669498517862054
58.74,-0.9092075909910461,0.12223818109586529,0.469150139045931
58.76,-0.9143415945970724,0.07114262139779359,0.48724138984811904
58.78,-0.9197200745652905,0.015646487180270757,0.5131558842404425
58.8,-0.9187421691165235,-0.02591449439232344,0.5239128441768787
58.82,-0.9202090272896739,-0.05280689423341381,0.5310026586804388
58.84,-0.9312104635883018,-0.06429728325642514,0.5319805641292057
58.86,-0.9356110381077529,-0.04693946154081227,0.5175564587598936
58.88,-0.9453900925954222,-0.003911621795067689,0.49995416068208903
58.9,-0.9456345689576139,0.03544907251780093,0.4860190080371604
58.92,-0.9297436054151514,0.06894233413806802,0.48455214986401
58.94,-0.9172753109433731,0.08654463221587262,0.4923753934541454
58.96,-0.9143415945970724,0.08116615224765455,0.5112000733429086
58.98,-0.9150750236836476,0.06454175961861687,0.5424930477034502
59.0,-0.9162974054946063,0.049628701524921305,0.5776976438590594
59.02,-0.9143415945970724,0.035938025242184396,0.6065458545976836
59.04,-0.9084741619044708,0.02542554166793998,0.6121688109280934
59.06,-0.8999174892277603,0.02151391987287229,0.5955444182990557
59.08,-0.90554044555817,0.014668581731503835,0.5703633529933074
59.1,-0.9148305473214559,0.007823243590135379,0.5476270513094765
59.12,-0.9148305473214559,0.008067719952327109,0.5305137059560554
59.14,-0.9092075909910461,0.011734865385203068,0.5239128441768787
59.16,-0.8960058674326926,0.019558108975338447,0.5275799896097546
59.18,-0.8820707147877639,0.025670018030131712,0.5412706658924915
59.2,-0.8779146166305045,0.014179629007120373,0.5517831494667359
59.22,-0.8881826238425572,-0.006111909054793264,0.5559392476239954
59.24,-0.8930721510863918,-0.023225254408214404,0.5554502948996118
59.26,-0.8916052929132414,-0.023958683494789596,0.5525165785533112
59.28,-0.8840265256852978,-0.018580203526571526,0.5547168658130367
59.3,-0.8854933838584481,-0.015157534455887297,0.563518014851939
59.32,-0.8796259511658466,-0.011490389023011338,0.5691409711823487
59.34,-0.8691134675916022,-0.013935152644928643,0.5776976438590594
59.36,-0.8642239403477676,-0.009779054487669223,0.5913883201417963
59.38,-0.8622681294502338,0.02126944351068056,0.6221923417779543
59.4,-0.8392873514042111,0.0799437704366959,0.6635088469883568
59.42,-0.787702838981756,0.1014576903095682,0.6926015340891727
59.44,-0.7256058429850564,0.08605567949148916,0.68233352687712
59.469,-0.7219386975521804,0.05794089783944015,0.6564190324847966
59.48,-0.7476087155823121,0.024203159856981328,0.6353940653363078
59.5,-0.7539651009992971,-0.005134003606026342,0.6292821562815145
59.52,-0.7414968065275188,-0.02884821073862421,0.6307490144546649
59.54,-0.7322067047642331,-0.026403447116706905,0.6371053998716499
59.56,-0.7180270757571127,0.001711334535342114,0.6539742688628793
59.58,-0.7128930721510863,0.04669498517862054,0.6808666687039697
59.6,-0.7031140176634172,0.11417046114353818,0.7131375485132782
59.62,-0.7451639519603949,0.17993460257311372,0.77132292271491
59.64,-0.7593435809675152,0.22076215505913271,0.8231519114995569
59.66,-0.7730342572502521,0.22931882773584328,0.8475995477187299
59.68,-0.7901476026036732,0.21440576964214772,0.8620236530880421
59.7,-0.7654554900223085,0.2063380496898206,0.8483329768053052
59.72,-0.7471197628579287,0.19631451883995965,0.8422210677505119
59.74,-0.7666778718332671,0.15939858814900834,0.875714329370779
59.76,-0.7796351190294288,0.11001436298627876,0.9133636891483055
59.78,-0.7749900681477859,0.09632368670354186,0.9243651254469333
59.8,-0.740518901078752,0.12297161018244049,0.9048070164715949
59.82,-0.679644286893011,0.16331020994407602,0.858356507655166
59.84,-0.679644286893011,0.16331020994407602,0.858356507655166
59.86,-0.6217033890535709,0.176022980778046,0.8006600861779176
59.88,-0.5840540292760443,0.16477706811722642,0.7373407083702594
59.9,-0.5745194511505669,0.14815267548818872,0.6904012468294471
59.92,-0.585276411087003,0.12810561378846683,0.6740213305626012
59.94,-0.5977447055587812,0.11612627204107202,0.6811111450661614
59.96,-0.6182807199828867,0.12028237019833145,0.7026250649390337
59.98,-0.6322158726278153,0.13323961739449316,0.726828224796015
60.0,-0.6441952143752101,0.14766372276380527,0.7419857592519024
60.02,-0.6349051126119243,0.14668581731503835,0.7656999663845002
60.04,-0.619747578156037,0.12443846835559087,0.7899031262414815
60.06,-0.6368609235094582,0.10732512300216973,0.8001711334535342
60.08,-0.636127494422883,0.0838553922317636,0.8187513369801057
60.1,-0.6383277816826085,0.06674204687834245,0.8397763041285945
60.12,-0.6265929162974054,0.06674204687834245,0.8478440240809216
60.14,-0.5921217492283715,0.08605567949148916,0.8390428750420194
60.16,-0.5603398221434465,0.10659169391559453,0.8160620969959966
60.18,-0.5569171530727622,0.11368150841915473,0.7940592243987409
60.2,-0.5691409711823487,0.10854750481312837,0.7784127372184702
60.22,-0.5786755493078263,0.1031690248449103,0.7718118754392934
60.24,-0.5857653638113864,0.1014576903095682,0.7708339699905266
60.26,-0.5913883201417963,0.11172569752162087,0.7698560645417596
60.28,-0.5933441310393301,0.12908351923723374,0.7793906426672371
60.3,-0.5950554655746723,0.13886257372490296,0.79674846438285
60.32,-0.5877211747089203,0.1376401919139443,0.8180179078935306
60.34,-0.5715857348042661,0.12932799559942548,0.8412431623017449
60.36,-0.5490939094826269,0.14766372276380527,0.8622681294502338
60.38,-0.6246371053998716,0.18604651162790697,0.9079852091800874
60.4,-0.9099410200776212,0.07505424319286129,0.9835284050973321
60.42,-1.1549063349937352,0.04816184335177093,1.0514928337866332
60.44,-1.2754331815542586,0.08947834856217339,1.05809369556581
60.46,-0.9189866454787152,0.2503437948843321,0.9199645509274822
60.489,-0.5999449928185069,0.3388442379977386,0.7407633774409437
60.5,-0.44641383736210005,0.28603734376432477,0.6586193197445221
60.52,-0.3808941722947162,0.19998166427283562,0.6397946398557589
60.54,-0.41927696115881796,0.11172569752162087,0.6534853161384958
60.56,-0.529046847782905,0.04253888702136112,0.6561745561226049
60.58,-0.6830669559636953,0.0070898145035601864,0.6581303670201387
60.6,-0.8297527732787336,0.002444763621917306,0.6852672432234208
60.62,-0.8414876386639366,0.042783363383552854,0.7221831739143721
60.64,-0.752253766463955,0.1383736210005195,0.7661889191088836
60.66,-0.6713320905784922,0.22907435137365156,0.8016379916266846
60.68,-0.6253705344864469,0.24887693671118175,0.7908810316902485
60.7,-0.6209699599669957,0.188735751612016,0.7656999663845002
60.72,-0.6610640833664395,0.1063472175534028,0.7380741374568346
60.74,-0.7158267884973871,0.048406319713962656,0.7126485957888946
60.76,-0.7625217736760077,0.020047061699721907,0.6943128686245148
60.78,-0.7735232099746355,0.04889527243834611,0.6713320905784922
60.8,-0.7639886318491581,0.12566085016654951,0.6571524615713717
60.82,-0.7480976683066956,0.1965589952021514,0.6637533233505485
60.84,-0.7339180392995752,0.23860892949912904,0.6698652324053418
60.86,-0.7209607921034135,0.22760749320050117,0.6698652324053418
60.88,-0.7070256394584848,0.1877578461632491,0.6764660941845185
60.9,-0.704091923112184,0.13715123918956085,0.6933349631757479
60.92,-0.7089814503560187,0.07725453045258686,0.7314732756776579
60.94,-0.7180270757571127,0.02884821073862421,0.7857470280842221
60.96,-0.7278061302447819,-0.0019558108975338447,0.8495553586162637
60.98,-0.7326956574886165,-0.001711334535342114,0.8950279619839256
61.0,-0.7334290865751918,0.03936069431286862,0.8808483329768053
61.02,-0.7366072792836842,0.09876845032545915,0.817528955169147
61.04,-0.7256058429850564,0.14277419551997067,0.7590991046053235
61.06,-0.7131375485132782,0.15964306451120008,0.7160712648595788
61.08,-0.6940683922623231,0.15230877364544815,0.6908901995538306
61.1,-0.6759771414601351,0.12810561378846683,0.6828224796015036
61.12,-0.6529963634141124,0.09779054487669223,0.679644286893011
61.14,-0.6459065489105522,0.0655196650673838,0.6857561959478042
61.16,-0.6292821562815145,0.04131650521040247,0.7016471594902668
61.18,-0.6077682364086422,0.024447636219173056,0.7158267884973871
61.2,-0.6014118509916573,-0.0036671454328759587,0.7390520429056016
61.22,-0.6129022400146685,-0.02982611618739113,0.7828133117379213
61.24,-0.6129022400146685,-0.02982611618739113,0.7828133117379213
61.26,-0.6952907740732818,-0.022736301683830944,0.8419765913883202
61.28,-0.787702838981756,0.0623414723588913,0.9549246707208997
61.3,-0.7524982428261467,0.2508327476087156,1.0673837973290958
61.32,-0.7881917917061394,0.38798398679827645,1.0629832228096445
61.34,-0.8568896494820157,0.4112092412064908,1.0101763285762309
61.36,-0.8999174892277603,0.333954710753904,0.9260764599822754
61.38,-0.8828041438743391,0.24374293310515538,0.8087278061302448
61.4,-0.7554319591724475,0.18653546435229043,0.7407633774409437
61.42,-0.6124132872902851,0.16208782813311737,0.7072701158206766
61.44,-0.5361366622864652,0.1518198209210647,0.6749992360113681
61.46,-0.46963909177031443,0.14375210096873758,0.6539742688628793
61.48,-0.41781010298566756,0.1295724719616172,0.6468844543593191
61.508,-0.3936069431286862,0.1303059010481924,0.6522629343275372
61.52,-0.40265256852978026,0.154264584542982,0.6676649451456163
61.54,-0.4341900192525135,0.18995813342297466,0.7067811630962931
61.56,-0.5080218806344161,0.2180729150750237,0.7769458790453198
61.58,-0.6146135745500106,0.22589615866515905,0.8803593802524218
61.6,-0.7253613666228647,0.23225254408214405,0.9859731687192494
61.62,-0.7798795953916206,0.2493658894355652,1.029001008464994
61.64,-0.7456529046847783,0.2762582892766556,0.9923295541362345
61.66,-0.6825780032393118,0.2926382055435015,0.9422118998869297
61.68,-0.6209699599669957,0.26574580570241113,0.9226537909115912
61.7,-0.5713412584420744,0.22760749320050117,0.9077407328178957
61.72,-0.5307581823182471,0.19778137701311005,0.8857378602206399
61.74,-0.490908535280995,0.18457965345475658,0.8436879259236623
61.76,-0.4676832808727806,0.18017907893530544,0.7872138862573724
61.78,-0.47623995354949117,0.17064450080982796,0.7451639519603949
61.8,-0.5239128441768787,0.14766372276380527,0.7282950829691655
61.82,-0.5879656510711121,0.1327506646701097,0.7314732756776579
61.84,-0.6441952143752101,0.14228524279558719,0.7402744247165602
61.86,-0.6703541851297252,0.18091250802188064,0.7456529046847783
61.88,-0.6681538978699997,0.23689759496378693,0.7583656755187482
61.9,-0.676955046908902,0.28237019833144883,0.7801240717538123
61.92,-0.7016471594902668,0.29899459096048653,0.79674846438285
61.94,-0.7180270757571127,0.2862818201265165,0.8026158970754514
61.96,-0.7075145921828683,0.2635455184426856,0.7982153225560004
61.98,-0.6806221923417779,0.24961036579775692,0.7735232099746355
62.0,-0.6566635088469883,0.2476545549002231,0.7375851847324512
62.02,-0.645173119823977,0.2469211258136479,0.7009137304036915
62.04,-0.6432173089264431,0.2469211258136479,0.6784219050820524
62.06,-0.6637533233505485,0.24520979127830578,0.6725544723894509
62.08,-0.6921125813647893,0.24863246034899,0.6774439996332854
62.1,-0.7148488830486203,0.2598783730098096,0.6757326650979433
62.12,-0.7275616538825902,0.2725911438437796,0.6749992360113681
62.14,-0.7322067047642331,0.28163676924487363,0.6705986614919169
62.16,-0.7542095773614889,0.2762582892766556,0.6600861779176725
62.18,-0.7901476026036732,0.26990190385967056,0.641505974391101
62.2,-0.7974818934694251,0.26427894752926073,0.6173028145341197
62.22,-0.7833022644623048,0.25670018030131714,0.5989670873697399
62.24,-0.7715673990771017,0.22882987501145982,0.6072792836842588
62.26,-0.8067719952327109,0.1877578461632491,0.6256150108486386
62.28,-0.8458882131833878,0.13543990465421873,0.6698652324053418
62.3,-0.8903829111022827,0.09167863582189897,0.7163157412217706
62.32,-0.9375668490052868,0.060141185099165724,0.7639886318491581
62.34,-0.8754698530085873,0.062096995996699565,0.78403569354888
62.36,-0.7248724138984812,0.1158817956788803,0.7502979555664212
62.38,-0.6180362436206949,0.1774898389511964,0.6913791522782141
62.4,-0.6393056871313755,0.2029153806191364,0.6495736943434282
62.42,-0.7564098646212144,0.15817620633804969,0.6952907740732818
62.44,-0.90554044555817,0.06405280689423341,0.8145952388228463
62.46,-0.9964856522934938,-0.015157534455887297,0.8989395837789933
62.48,-0.9793723069400727,-0.011734865385203068,0.8590899367417413
62.5,-0.8891605292913242,0.0686978577758763,0.7253613666228647
62.529,-0.8180179078935306,0.1366622864651774,0.620725483604804
62.54,-0.7781682608562784,0.17113345353421142,0.5605842985056382
62.56,-0.77132292271491,0.1718668826207866,0.5336918986645479
62.58,-0.7786572135806619,0.16257678085750082,0.5270910368853712
62.6,-0.7862359808086056,0.15768725361366623,0.5273355132475629
62.62,-0.7862359808086056,0.15768725361366623,0.5273355132475629
62.64,-0.8097057115790117,0.14424105369312104,0.5420040949790667
62.66,-0.8458882131833878,0.1166152247654555,0.5803868838431684
62.68,-0.8725361366622865,0.09412339944381627,0.6155914799987776
62.7,-0.890138434740091,0.07578767227943647,0.6385722580448003
62.72,-0.8955169147083091,0.05647403966628976,0.6368609235094582
62.74,-0.8896494820157076,0.049628701524921305,0.6175472908963114
62.76,-0.8776701402683128,0.05109555969807169,0.5877211747089203
62.78,-0.8791369984414632,0.042783363383552854,0.564495920300706
62.8,-0.8661797512453014,0.02126944351068056,0.5446933349631757
62.82,-0.8361091586957186,0.0041560981572594195,0.5336918986645479
62.84,-0.8194847660666809,-0.011001436298627876,0.5427375240656419
62.86,-0.8053051370595605,-0.031292974360541514,0.5581395348837209
62.88,-0.7815909299269627,-0.053295846957797266,0.5654738257494728
62.9,-0.7625217736760077,-0.08018824679888763,0.5473825749472848
62.92,-0.7656999663845002,-0.08507777404272224,0.5200012223818109
62.94,-0.7901476026036732,-0.06429728325642514,0.5107111206185252
62.96,-0.7943037007609327,0.017846774439996334,0.5456712404119427
62.98,-0.777679308131895,0.2183173914372154,0.657885890657947
63.0,-0.7363628029214925,0.4701280444946979,0.840265256852978
63.02,-0.3762491214130734,0.5366256150108486,0.910185496439813
63.04,-0.37453778687773126,0.3180637472114415,0.842954496837087
63.06,-0.5732970693396082,0.14252971915777893,0.7691226354551844
63.08,-0.6955352504354735,0.04620603245423708,0.7735232099746355
63.1,-0.8104391406655869,-0.04987317788711304,0.8845154784096813
63.12,-0.7762124499587446,-0.1381291446383278,1.0730067536595056
63.14,-0.6901567704672554,-0.10781407572655319,1.241206490847416
63.16,-0.6089906182196009,-0.03642697796656786,1.3377746539131496
63.18,-0.5657183021116645,0.10365797756929376,1.2636983161690554
63.2,-0.6466399779971274,0.2119610060202304,1.1150566879564832
63.22,-0.7798795953916206,0.242276074932005,0.9820615469241818
63.24,-0.8600678421905081,0.2349417840662531,0.8451547840968127
63.26,-0.837576016868869,0.2109831005714635,0.7138709775998533
63.28,-0.7373407083702594,0.1726003117073618,0.6309934908168566
63.3,-0.6371053998716499,0.14228524279558719,0.5864987928979617
63.32,-0.5813647892919354,0.11539284295449684,0.5794089783944015
63.34,-0.5686520184579653,0.08727806130244782,0.588943556519879
63.36,-0.5879656510711121,0.0679644286893011,0.5972557528343978
63.38,-0.6674204687834245,0.05402927604437246,0.6221923417779543
63.4,-0.7688781590929927,0.07383186138190263,0.6586193197445221
63.42,-0.8341533477981847,0.12199370473367356,0.7170491703083458
63.44,-0.8197292424288727,0.2095162423983131,0.7774348317697033
63.46,-0.7480976683066956,0.2911713473703511,0.8004156098157259
63.48,-0.708736973993827,0.29777220914952784,0.7850135989976469
63.5,-0.7102038321669774,0.2166060569018733,0.776701402683128
63.52,-0.7014026831280751,0.11025883934847049,0.793081318949974
63.549,-0.6659536106102741,0.04033859976163555,0.7955260825718913
63.56,-0.6195031017938453,0.01711334535342114,0.7859915044464139
63.58,-0.5879656510711121,0.016624392629037678,0.7691226354551844
63.6,-0.5764752620481007,0.03202640344711671,0.7534761482749136
63.62,-0.575252880237142,0.0911896830975155,0.7238945084497143
63.64,-0.5962778473856309,0.20731595513858753,0.6725544723894509
63.66,-0.6419949271154846,0.317574794487058,0.6422394034776763
63.68,-0.6862451486721878,0.3782049323106072,0.6498181707056199
63.7,-0.7265837484338233,0.38578369953855085,0.6850227668612291
63.72,-0.749564526479846,0.3478898633988326,0.717782599394921
63.74,-0.7194939339302631,0.2743024783791217,0.7263392720716315
63.76,-0.6292821562815145,0.2095162423983131,0.7180270757571127
63.78,-0.5649848730250894,0.19533661339119274,0.7302508938666993
63.8,-0.8295082969165418,0.14204076643339547,0.7945481771231244
63.82,-1.1593069095131865,0.029092687100815938,0.9150750236836476
63.84,-1.084497142682517,0.07163157412217706,0.9757051615071968
63.86,-0.8441768786480457,0.25327751123063286,0.9849952632704825
63.88,-0.5747639275127586,0.36891483054732144,0.9732603978852794
63.9,-0.4843076735018183,0.31781927084924977,0.9096965437154295
63.92,-0.5023989243040063,0.23396387861748616,0.8260856278458576
63.94,-0.5786755493078263,0.14155181370901201,0.7759679735965529
63.96,-0.6397946398557589,0.07163157412217706,0.7427191883384775
63.98,-0.6547076979494545,0.03789383613971824,0.6948018213488983
64.0,-0.6730434251138343,0.03251535617150017,0.6126577636524768
64.02,-0.6730434251138343,0.03251535617150017,0.6126577636524768
64.04,-0.7544540537236806,0.04816184335177093,0.5305137059560554
64.06,-0.803104849799835,0.12101579928490663,0.4977538734223635
64.08,-0.7285395593313572,0.21465024600433946,0.5412706658924915
64.1,-0.6529963634141124,0.2923937291813098,0.6385722580448003
64.12,-0.6512850288787703,0.2965498273385692,0.7106927848913608
64.14,-0.6686428505943831,0.23469730770406136,0.7554319591724475
64.16,-0.6745102832869847,0.16575497356599334,0.7842801699110717
64.18,-0.6928460104513645,0.09583473397915838,0.7982153225560004
64.2,-0.7136265012376616,0.03936069431286862,0.7989487516425755
64.22,-0.7190049812058796,0.0014668581731503835,0.8033493261620267
64.24,-0.7231610793631391,-0.013446199920545182,0.8097057115790117
64.26,-0.7075145921828683,0.005134003606026342,0.8138618097362711
64.28,-0.6974910613330073,0.0623414723588913,0.8082388534058613
64.3,-0.7133820248754699,0.1327506646701097,0.786724933532989
64.32,-0.7417412828897106,0.1990037588240687,0.752253766463955
64.34,-0.770345017266143,0.2469211258136479,0.7043363994743758
64.36,-0.7730342572502521,0.27283562020597135,0.6620419888152064
64.38,-0.7551874828102557,0.28090334015829843,0.647862359808086
64.4,-0.7300064175045076,0.2581670384744675,0.6703541851297252
64.42,-0.7006692540414998,0.21416129327995598,0.6938239159001314
64.44,-0.6926015340891727,0.16893316627448582,0.7236500320875225
64.46,-0.6850227668612291,0.1254163738043578,0.7520092901017633
64.48,-0.6928460104513645,0.0863001558536809,0.7630107264003911
64.5,-0.6908901995538306,0.04791736698957919,0.7578767227943648
64.52,-0.6727989487516426,0.016624392629037678,0.7390520429056016
64.54,-0.6559300797604132,0.033248785258075356,0.7180270757571127
64.569,-0.7388075665434098,0.12223818109586529,0.7598325336918986
64.58,-0.7989487516425755,0.3109739327078813,0.9390337071784371
64.6,-0.9050514928337866,0.47575100082510774,1.1023439171225131
64.62,-0.963725819759802,0.46474956452647986,1.087186382666626
64.64,-0.966415059743911,0.4187880084344345,0.8852489074962564
64.66,-0.8727806130244782,0.3645142560278703,0.6539742688628793
64.68,-0.7236500320875225,0.28359258014240746,0.4838187207774348
64.7,-0.61167985820371,0.21953977324817406,0.38798398679827645
64.72,-0.5324695168535892,0.1870244170766739,0.362069492405953
64.74,-0.512666931516059,0.18506860617914006,0.4043639030651224
64.76,-0.5806313602053601,0.20609357332762887,0.5129114078782507
64.78,-0.6664425633346576,0.2342083549796779,0.6471289307215109
64.8,-0.7498090028420377,0.27136876203282095,0.7781682608562784
64.82,-0.8295082969165418,0.33126547076979496,0.8615347003636585
64.84,-0.8539559331357149,0.38627265226293434,0.8627570821746172
64.86,-0.8106836170277786,0.38578369953855085,0.795770558934083
64.88,-0.7561653882590227,0.3246646089906182,0.7275616538825902
64.9,-0.7045808758365676,0.2510772239709073,0.6982244904195826
64.92,-0.6784219050820524,0.18531308254133178,0.7089814503560187
64.94,-0.6661980869724659,0.1447300064175045,0.7353848974727256
64.96,-0.6495736943434282,0.1317727592213428,0.7617883445894325
64.98,-0.6317269199034318,0.14155181370901201,0.7965039880206582
65.0,-0.6129022400146685,0.16208782813311737,0.833908871435993
65.02,-0.6004339455428903,0.17773431531338812,0.8732695657488616
65.04,-0.5816092656541271,0.19240289704489197,0.9035846346606362
65.06,-0.5784310729456346,0.2070714787763958,0.9180087400299484
65.08,-0.5706078293554991,0.22271796595666657,0.8967392965192678
65.1,-0.5588729639702961,0.23591968951502001,0.8566451731198239
65.12,-0.5527610549155029,0.2476545549002231,0.8075054243192861
65.14,-0.5407817131681081,0.2542554166793998,0.7639886318491581
65.16,-0.5160896005867432,0.25645570393912537,0.7551874828102557
65.18,-0.4987317788711304,0.25792256211227577,0.7965039880206582
65.2,-0.4860190080371604,0.25449989304159154,0.8644684167099593
65.22,-0.47281728447880694,0.2478990312624148,0.9021177764874858
65.24,-0.4613268954557956,0.2510772239709073,0.9074962564557039
65.26,-0.4522812700547016,0.25645570393912537,0.8796259511658466
65.28,-0.44568040827552485,0.2518106530574825,0.8414876386639366
65.3,-0.4366347828744308,0.2390978822235125,0.8099501879412034
65.32,-0.4554594627631941,0.2126944351068056,0.8013935152644929
65.34,-0.5261131314366042,0.17406716988051218,0.8204626715154478
65.36,-0.6082571891330257,0.14570791186627144,0.8630015585368089
65.38,-0.7133820248754699,0.1127036029703878,0.8730250893866699
65.4,-0.8192402897044891,0.06845338141368457,0.8894050056535159
65.42,-0.8192402897044891,0.06845338141368457,0.8894050056535159
65.44,-0.7789016899428536,0.13690676282736913,0.9397671362650124
65.46,-0.6759771414601351,0.2366531186015952,0.9380558017296703
65.48,-0.5767197384102924,0.292149252819118,0.8603123185527
65.5,-0.5107111206185252,0.289460012835009,0.7554319591724475
65.52,-0.47599547718729945,0.23714207132597867,0.6806221923417779
65.54,-0.4823518626042844,0.17920117348653852,0.6635088469883568
65.56,-0.5537389603642697,0.12419399199339913,0.7133820248754699
65.589,-0.6302600617302815,0.06771995232710937,0.8043272316107937
65.6,-0.6820890505149283,0.041805457934785926,0.8718027075757112
65.62,-0.7038474467499923,0.05647403966628976,0.8737585184732451
65.64,-0.7168046939461541,0.1014576903095682,0.8343978241603764
65.66,-0.7485866210310791,0.12321608654463222,0.8082388534058613
65.68,-0.7446749992360113,0.12370503926901567,0.7923478898633988
65.7,-0.7036029703878006,0.10292454848271858,0.7935702716743575
65.72,-0.6476178834458943,0.07114262139779359,0.8373315405066772
65.74,-0.6287932035571311,0.05476270513094765,0.8771811875439294
65.76,-0.6542187452250711,0.047428414265195735,0.852978027686948
65.78,-0.6928460104513645,0.03789383613971824,0.7925923662255906
65.8,-0.6984689667817743,0.03740488341533478,0.7422302356140941
65.82,-0.6764660941845185,0.0440057451945115,0.7260947957094398
65.84,-0.6390612107691838,0.04596155609204535,0.7351404211105339
65.86,-0.6087461418574092,0.035204596155609204,0.7720563518014851
65.88,-0.5908993674174128,0.01980258533753018,0.8167955260825719
65.9,-0.5867432692601534,0.009779054487669223,0.850288787702839
65.92,-0.5962778473856309,0.006845338141368456,0.8700913730403691
65.94,-0.6158359563609693,0.018580203526571526,0.8796259511658466
65.96,-0.6371053998716499,0.04596155609204535,0.8918497692754331
65.98,-0.6468844543593191,0.07945481771231244,0.8864712893072151
66.0,-0.6378388289582251,0.1031690248449103,0.8740029948354369
66.02,-0.6080127127708339,0.11465941386792164,0.8578675549307826
66.04,-0.5825871711028939,0.10268007212052685,0.8515111695137976
66.06,-0.575252880237142,0.08238853405861321,0.8615347003636585
66.08,-0.5745194511505669,0.052317941509030345,0.8637349876233842
66.1,-0.5706078293554991,0.014668581731503835,0.8561562203954405
66.12,-0.559850869419063,-0.00855667267671057,0.8365981114201021
66.14,-0.5373590440974239,-0.033248785258075356,0.8241298169483238
66.16,-0.5420040949790667,-0.00855667267671057,0.8136173333740794
66.18,-0.6155914799987776,-0.019069156250954986,0.8571341258442075
66.2,-0.6114353818415181,-0.036182501604376124,0.910185496439813
66.22,-0.5977447055587812,-0.014668581731503835,0.912874736423922
66.24,-0.6199920545182288,0.01686886899122941,0.8935611038107752
66.26,-0.645173119823977,0.040094123399443814,0.8674021330562601
66.28,-0.647862359808086,0.05769642147724842,0.8324420132628426
66.3,-0.645173119823977,0.06454175961861687,0.8038382788864101
66.32,-0.6603306542798643,0.060141185099165724,0.7828133117379213
66.34,-0.6857561959478042,0.06160804327231611,0.7708339699905266
66.36,-0.7036029703878006,0.0655196650673838,0.7556764355346393
66.38,-0.6979800140573909,0.07652110136601167,0.7392965192677933
66.4,-0.6984689667817743,0.08092167588546283,0.7282950829691655
66.42,-0.7038474467499923,0.088011490389023,0.7216942211899887
66.44,-0.7216942211899887,0.10439140665586896,0.7207163157412217
66.46,-0.7351404211105339,0.11343703205696298,0.7542095773614889
66.48,-0.7524982428261467,0.11734865385203068,0.7950371298475079
66.5,-0.749564526479846,0.12835009015065857,0.8189958133422974
66.52,-0.7397854719921767,0.14937505729914738,0.8255966751214742
66.54,-0.715093359410812,0.18164593710845583,0.8280414387433915
66.56,-0.6793998105308193,0.2102496714848883,0.8263301042080494
66.58,-0.6258594872108303,0.21147205329584695,0.8089722824924365
66.609,-0.6038566146135745,0.17626745714023775,0.7830577881001131
66.62,-0.6217033890535709,0.10830302845093664,0.7634996791247746
66.64,-0.6583748433823304,0.04596155609204535,0.7546985300858723
66.66,-0.6681538978699997,0.008312196314518839,0.7493200501176542
66.68,-0.6510405525165786,-0.001222381810958653,0.7500534792042294
66.7,-0.6263484399352137,0.02591449439232344,0.7546985300858723
66.72,-0.6050789964245332,0.0838553922317636,0.7759679735965529
66.74,-0.6124132872902851,0.1549980136295572,0.8199737187910644
66.76,-0.6390612107691838,0.2070714787763958,0.8678910857806436
66.78,-0.6603306542798643,0.22271796595666657,0.8957613910705009
66.8,-0.6603306542798643,0.22271796595666657,0.8957613910705009
66.82,-0.6529963634141124,0.2063380496898206,0.8862268129450234
66.84,-0.6349051126119243,0.176022980778046,0.8612902240014668
66.86,-0.6231702472267212,0.14301867188216238,0.8326864896250343
66.88,-0.6204810072426122,0.11954894111175625,0.8040827552486018
66.9,-0.6273263453839807,0.11441493750572991,0.7820798826513461
66.92,-0.6419949271154846,0.12786113742627508,0.7691226354551844
66.94,-0.6505515997921951,0.15328667909421506,0.7620328209516243
66.96,-0.6507960761543868,0.17944564984873024,0.7554319591724475
66.98,-0.6537297925006875,0.20022614063502733,0.7507869082908046
67.0,-0.6537297925006875,0.2046267151544785,0.7480976683066956
67.02,-0.6549521743116462,0.1965589952021514,0.7480976683066956
67.04,-0.6466399779971274,0.18726889343886563,0.7534761482749136
67.06,-0.6446841670995935,0.1757785044158543,0.7740121626990191
67.08,-0.6363719707850747,0.17211135898297833,0.7950371298475079
67.1,-0.6341716835253491,0.17162240625859487,0.8099501879412034
67.12,-0.6322158726278153,0.1757785044158543,0.8158176206338049
67.14,-0.6456620725483605,0.1838462243681814,0.8101946643033952
67.16,-0.664242276074932,0.19435870794242582,0.7969929407450417
67.18,-0.6786663814442441,0.20902728967392964,0.7786572135806619
67.2,-0.6749992360113681,0.22809644592488462,0.7620328209516243
67.22,-0.6674204687834245,0.24423188582953886,0.7454084283225866
67.24,-0.6571524615713717,0.25596675121474194,0.739540995629985
67.26,-0.6561745561226049,0.25694465666350885,0.7444305228738196
67.28,-0.6512850288787703,0.2493658894355652,0.762277297313816
67.3,-0.6503071234300033,0.23445283134186962,0.7737676863368272
67.32,-0.6534853161384958,0.22394034776762523,0.7842801699110717
67.34,-0.6576414142957553,0.21636158053968157,0.792103413501207
67.36,-0.652507410689729,0.2063380496898206,0.7989487516425755
67.38,-0.6258594872108303,0.20487119151667021,0.7991932280047672
67.4,-0.642483879839868,0.21073862420927175,0.8216850533264065
67.42,-0.6058124255111084,0.19338080249365888,0.8307306787275005
67.44,-0.5747639275127586,0.17480059896708736,0.8182623842557223
67.46,-0.6385722580448003,0.08898939583778993,0.8598233658283164
67.48,-0.6407725453045259,0.06136356691012437,0.9045625401094032
67.5,-0.5965223237478227,0.06845338141368457,0.93096598722611
67.52,-0.5285578950585215,0.11001436298627876,0.8906273874644746
67.54,-0.5026434006661981,0.14130733734682027,0.832930965987226
67.56,-0.494575680713871,0.13935152644928644,0.8013935152644929
67.58,-0.5173119823977019,0.12688323197750817,0.7918589371390153
67.6,-0.5503162912935855,0.12052684656052318,0.803104849799835
67.629,-0.584298505638236,0.1239495156312074,0.8143507624606545
67.64,-0.6036121382513828,0.1359288573786022,0.8251077223970907
67.66,-0.61167985820371,0.15597591907832412,0.832930965987226
67.68,-0.6153470036365859,0.17455612260489564,0.8395318277664028
67.7,-0.6224368181401461,0.18360174800598966,0.8463771659077712
67.72,-0.6285487271949394,0.17895669712434678,0.8461326895455795
67.74,-0.6331937780765822,0.166977355376952,0.8392873514042111
67.76,-0.6380833053204168,0.15646487180270757,0.8280414387433915
67.78,-0.6407725453045259,0.16404363903065122,0.8153286679094215
67.8,-0.6481068361702778,0.18164593710845583,0.8016379916266846
67.82,-0.6529963634141124,0.20242642789475293,0.7857470280842221
67.84,-0.6598417015554808,0.21685053326406503,0.7710784463527183
67.86,-0.6627754179017816,0.22076215505913271,0.7654554900223085
67.88,-0.667909421507808,0.2180729150750237,0.7647220609357332
67.9,-0.6762216178223268,0.20487119151667021,0.7698560645417596
67.92,-0.6820890505149283,0.19435870794242582,0.7757234972343612
67.94,-0.6899122941050637,0.19142499159612505,0.7749900681477859
67.96,-0.7009137304036915,0.19924823518626042,0.7747455917855942
67.98,-0.7004247776793081,0.22736301683830945,0.767655777282034
68.0,-0.6884454359319133,0.2762582892766556,0.7578767227943648
68.02,-0.729517464780124,0.3165968890382911,0.7524982428261467
68.04,-0.8383094459554442,0.2787030528985729,0.7796351190294288
68.06,-0.8891605292913242,0.2190508205237906,0.8373315405066772
68.08,-0.8468661186321548,0.18800232252544083,0.8539559331357149
68.1,-0.7696115881795679,0.16331020994407602,0.8290193441921584
68.12,-0.6894233413806803,0.13715123918956085,0.7740121626990191
68.14,-0.6165693854475446,0.10610274119121108,0.6952907740732818
68.16,-0.5767197384102924,0.08654463221587262,0.6163249090853528
68.18,-0.5830761238272775,0.088011490389023,0.5928551783149466
68.2,-0.5830761238272775,0.088011490389023,0.5928551783149466
68.22,-0.6884454359319133,0.09070073037313205,0.6559300797604132
68.24,-0.8559117440332488,0.06967576322464322,0.772300828163677
68.26,-0.9082296855422791,0.07065366867341014,0.8505332640650307
68.28,-0.8468661186321548,0.13006142468600068,0.8549338385844818
68.3,-0.7693671118173762,0.1814014607462641,0.7859915044464139
68.32,-0.711426213977936,0.1806680316596889,0.6984689667817743
68.34,-0.6811111450661614,0.13226171194572625,0.6551966506738379
68.44,-0.676955046908902,0.06698652324053418,0.7664333954710754
68.48,-0.6984689667817743,0.1373957155517526,0.8378204932310607
68.52,-0.6749992360113681,0.10805855208874492,0.8243742933105155
68.54,-0.6520184579653454,0.08018824679888763,0.802126944351068
68.68,-0.623414723588913,0.16355468630626777,0.8006600861779176
68.72,-0.6060569018733001,0.13226171194572625,0.8209516242398313
68.76,-0.6004339455428903,0.07627662500381995,0.833908871435993
68.78,-0.6192586254316536,0.07040919231121841,0.8292638205543501
68.8,-0.638816734406992,0.09412339944381627,0.818506860617914
68.82,-0.6468844543593191,0.11710417748983895,0.8199737187910644
68.84,-0.6591082724689057,0.12321608654463222,0.8263301042080494
68.86,-0.6600861779176725,0.12101579928490663,0.8202181951532561
68.88,-0.6527518870519207,0.11392598478134645,0.8141062860984628
68.9,-0.6385722580448003,0.11148122115942914,0.8104391406655869
68.92,-0.6363719707850747,0.11050331571066223,0.8070164715949026
68.94,-0.6625309415395899,0.10488035938025242,0.8016379916266846
68.96,-0.676955046908902,0.10830302845093664,0.7933257953121657
68.98,-0.6608196070042478,0.11783760657641414,0.7872138862573724
69.0,-0.6444396907374018,0.1207713229227149,0.7940592243987409
69.02,-0.6429728325642514,0.11783760657641414,0.8148397151850381
69.04,-0.6371053998716499,0.1215047520092901,0.8395318277664028
69.06,-0.6454175961861688,0.13495095192983528,0.8527335513247563
69.08,-0.6456620725483605,0.15670934816489931,0.8510222167894141
69.1,-0.6476178834458943,0.15939858814900834,0.8351312532469517
69.12,-0.6544632215872628,0.1486416282125722,0.8197292424288727
69.14,-0.6483513125324695,0.12883904287504203,0.8145952388228463
69.16,-0.6319713962656236,0.11148122115942914,0.8106836170277786
69.18,-0.6053234727867249,0.0975460685145005,0.8072609479570944
69.2,-0.588943556519879,0.08752253766463955,0.8053051370595605
69.22,-0.5847874583626196,0.07872138862573724,0.8070164715949026
69.24,-0.5847874583626196,0.0774990068147786,0.8182623842557223
69.26,-0.5918772728661797,0.08092167588546283,0.8419765913883202
69.28,-0.6060569018733001,0.08654463221587262,0.8671576566940684
69.3,-0.6080127127708339,0.10047978486080127,0.8718027075757112
69.32,-0.6021452800782324,0.11514836659230511,0.8559117440332488
69.34,-0.5948109892124805,0.1239495156312074,0.8326864896250343
69.36,-0.5894325092442624,0.12223818109586529,0.8158176206338049
69.38,-0.5869877456223451,0.11465941386792164,0.8114170461143538
69.4,-0.58625431653577,0.10805855208874492,0.8155731442716132
69.42,-0.5886990801576872,0.10781407572655319,0.8258411514836659
69.44,-0.5906548910552211,0.11123674479723741,0.837576016868869
69.46,-0.5970112764722061,0.11417046114353818,0.8458882131833878
69.48,-0.5984781346453565,0.11685970112764722,0.8554227913088653
69.5,-0.6082571891330257,0.11685970112764722,0.8554227913088653
69.52,-0.6155914799987776,0.11710417748983895,0.8490664058918803
69.54,-0.6278152981083641,0.11417046114353818,0.8365981114201021
69.56,-0.6405280689423342,0.11294807933257953,0.8236408642239403
69.58,-0.6466399779971274,0.11857103566298934,0.8072609479570944
69.6,-0.6466399779971274,0.11857103566298934,0.8072609479570944
69.62,-0.6554411270360296,0.12859456651285028,0.8006600861779176
69.64,-0.6551966506738379,0.14130733734682027,0.7979708461938086
69.669,-0.6510405525165786,0.1535311554564068,0.793081318949974
69.68,-0.6544632215872628,0.15573144271613237,0.7911255080524402
69.7,-0.6581303670201387,0.14815267548818872,0.7847691226354552
69.72,-0.667909421507808,0.13886257372490296,0.7769458790453198
69.74,-0.6703541851297252,0.1271277083396999,0.7735232099746355
69.76,-0.6661980869724659,0.11783760657641414,0.770345017266143
69.78,-0.6625309415395899,0.10928093389970357,0.7671668245576506
69.8,-0.6581303670201387,0.11099226843504569,0.7696115881795679
69.82,-0.6571524615713717,0.11710417748983895,0.7771903554075115
69.84,-0.666931516059041,0.11245912660819607,0.7828133117379213
69.86,-0.6764660941845185,0.1063472175534028,0.7830577881001131
69.88,-0.6860006723099961,0.10439140665586896,0.7718118754392934
69.9,-0.6979800140573909,0.09925740304984261,0.7568988173455978
69.92,-0.7045808758365676,0.09559025761696666,0.7539651009992971
69.94,-0.7021361122146502,0.09852397396326742,0.7605659627784739
69.96,-0.7009137304036915,0.1014576903095682,0.7581211991565565
69.98,-0.7021361122146502,0.09974635577422608,0.7485866210310791
70.0,-0.683311432325887,0.09583473397915838,0.7461418574091617
70.02,-0.7006692540414998,0.08287748678299667,0.7488310973932708
70.04,-0.74589738104697,0.0735873850197109,0.7502979555664212
70.06,-0.7705894936283348,0.06747547596491764,0.7564098646212144
70.08,-0.7752345445099776,0.07163157412217706,0.7510313846529963
70.1,-0.7720563518014851,0.07774348317697033,0.7427191883384775
70.12,-0.754943006448064,0.08483329768053051,0.7366072792836842
70.14,-0.7370962320080677,0.09167863582189897,0.7378296610946429
70.16,-0.7197384102924549,0.0919231121840907,0.7412523301653271
70.18,-0.7131375485132782,0.08776701402683128,0.7490755737554625
70.2,-0.7234055557253308,0.08018824679888763,0.755920911896831
70.22,-0.7390520429056016,0.0735873850197109,0.7576322464321731
70.24,-0.74589738104697,0.06967576322464322,0.7573877700699814
70.26,-0.7424747119762858,0.06723099960272591,0.7500534792042294
70.28,-0.7353848974727256,0.06307490144546649,0.7419857592519024
70.3,-0.7285395593313572,0.05769642147724842,0.7412523301653271
70.32,-0.7292729884179323,0.053295846957797266,0.7397854719921767
70.34,-0.7324511811264248,0.057451945115056684,0.7417412828897106
70.36,-0.7312287993154661,0.07138709775998534,0.7429636647006692
70.38,-0.7246279375362894,0.0838553922317636,0.7439415701494362
70.4,-0.7163157412217706,0.0975460685145005,0.7444305228738196
70.42,-0.7116706903401278,0.10708064663997799,0.7488310973932708
70.44,-0.6994468722305413,0.10561378846682762,0.7502979555664212
70.46,-0.6904012468294471,0.09143415945970723,0.746875286495737
70.48,-0.6845338141368457,0.07383186138190263,0.7600770100540903
70.5,-0.6908901995538306,0.07114262139779359,0.7793906426672371
70.52,-0.7280506066069736,0.10414693029367723,0.8045717079729854
70.54,-0.7251168902606729,0.17064450080982796,0.8456437368211961
70.56,-0.7385630901812181,0.20780490786297098,0.8725361366622865
70.58,-0.7544540537236806,0.19802585337530176,0.8715582312135195
70.6,-0.7630107264003911,0.16184335177092565,0.8336643950738013
70.62,-0.7498090028420377,0.1207713229227149,0.7720563518014851
70.64,-0.7060477340097179,0.10805855208874492,0.7033584940256089
70.66,-0.6500626470678116,0.12028237019833145,0.65690798520918
70.689,-0.6246371053998716,0.15084191547229778,0.657885890657947
70.7,-0.6287932035571311,0.1919139443205085,0.7060477340097179
70.72,-0.6339272071631574,0.2324970204443358,0.7681447300064175
70.74,-0.6393056871313755,0.2620786602695352,0.8062830425083275
70.76,-0.6449286434617852,0.2757693365522721,0.8126394279253124
70.78,-0.6395501634935672,0.2618341839073435,0.7940592243987409
70.8,-0.6221923417779543,0.2327414968065275,0.7674113009198423
70.82,-0.6143690981878189,0.2021819515325612,0.7441860465116279
70.84,-0.6190141490694618,0.182379366195031,0.7302508938666993
70.86,-0.6339272071631574,0.18677994071448217,0.7175381230327292
70.88,-0.6522629343275372,0.2070714787763958,0.7116706903401278
70.9,-0.6441952143752101,0.23616416587721173,0.7248724138984812
70.92,-0.6287932035571311,0.2669681875133698,0.761299391865049
70.94,-0.6187696727072701,0.28823763102405037,0.8209516242398313
70.96,-0.6295266326437062,0.28554839103994134,0.8903829111022827
70.98,-0.6295266326437062,0.28554839103994134,0.8903829111022827
71.0,-0.6520184579653454,0.2581670384744675,0.938300278091862
71.02,-0.6593527488310974,0.22809644592488462,0.9566360052562418
71.04,-0.6283042508327475,0.21465024600433946,0.9402560889893958
71.06,-0.5813647892919354,0.20878281331173792,0.8994285365033768
71.08,-0.5456712404119427,0.2038932860679033,0.8688689912294105
71.1,-0.528068942334138,0.18922470433639946,0.8571341258442075
71.12,-0.5109555969807169,0.17822326803777158,0.8522445986003728
71.14,-0.4843076735018183,0.17382269351832044,0.8417321150261284
71.16,-0.462793753628946,0.182379366195031,0.8314641078140758
71.18,-0.45961556092045347,0.19069156250954986,0.8236408642239403
71.2,-0.49041958255661156,0.1838462243681814,0.8273080096568163
71.22,-0.529046847782905,0.17113345353421142,0.8480885004431133
71.24,-0.5515386731045442,0.16819973718791065,0.8617791767258502
71.26,-0.5603398221434465,0.17406716988051218,0.8666687039696849
71.28,-0.553494484002078,0.18115698438407235,0.8639794639855759
71.3,-0.5525165785533112,0.18898022797420774,0.8507777404272224
71.32,-0.5542279130886533,0.1965589952021514,0.8280414387433915
71.34,-0.5615622039544051,0.19704794792653485,0.8097057115790117
71.36,-0.5605842985056382,0.1972924242887266,0.8006600861779176
71.38,-0.550805244017969,0.19704794792653485,0.7972374171072334
71.4,-0.5449378113253674,0.19631451883995965,0.8013935152644929
71.42,-0.5319805641292057,0.1894691806985912,0.8082388534058613
71.44,-0.5212236041927696,0.17846774439996332,0.813128380649696
71.46,-0.5185343642086606,0.17406716988051218,0.8013935152644929
71.48,-0.5292913241450967,0.1757785044158543,0.7811019772025792
71.5,-0.5466491458607096,0.18017907893530544,0.7644775845735415
71.52,-0.564495920300706,0.18360174800598966,0.7686336827308009
71.54,-0.6121688109280934,0.18115698438407235,0.8082388534058613
71.56,-0.7165602175839624,0.1694221189988693,0.8859823365828317
71.58,-0.7977263698316169,0.16526602084160988,0.9725269687987043
71.6,-0.821196100602023,0.18751336980105734,1.000886226812945
71.62,-0.7278061302447819,0.25670018030131714,0.9524799070989823
71.64,-0.6131467163768602,0.29606087461418573,0.8542004094979067
71.66,-0.5610732512300217,0.2760138129144638,0.7588546282431318
71.8,-0.740518901078752,0.2500993185221404,0.7960150352962748
71.82,-0.7219386975521804,0.2755248601900804,0.7774348317697033
71.84,-0.7353848974727256,0.25572227485255017,0.7275616538825902
71.86,-0.7583656755187482,0.21122757693365524,0.6818445741527366
71.88,-0.7793906426672371,0.1743116462427039,0.6554411270360296
71.9,-0.8006600861779176,0.15524248999174892,0.6432173089264431
71.92,-0.8050606606973688,0.15402010818079026,0.635149588974116
71.94,-0.8011490389023012,0.16477706811722642,0.6437062616508267
71.96,-0.7991932280047672,0.1774898389511964,0.6654646578858906
71.98,-0.8026158970754514,0.1750450753292791,0.69504629771109
72.0,-0.8082388534058613,0.15695382452709103,0.7212052684656052
72.02,-0.8082388534058613,0.1376401919139443,0.735873850197109
72.04,-0.7965039880206582,0.12614980289093297,0.7361183265593008
72.06,-0.7828133117379213,0.1254163738043578,0.7221831739143721
72.08,-0.7828133117379213,0.12835009015065857,0.6935794395379397
72.1,-0.7901476026036732,0.13226171194572625,0.6608196070042478
72.12,-0.808483329768053,0.13421752284326008,0.6378388289582251
72.14,-0.8331754423494179,0.1398404791736699,0.6300155853680897
72.16,-0.8542004094979067,0.14350762460654584,0.6383277816826085
72.18,-0.8659352748831097,0.14399657733092933,0.6593527488310974
72.2,-0.8705803257647526,0.14375210096873758,0.6727989487516426
72.22,-0.874736423922012,0.15084191547229778,0.6762216178223268
72.24,-0.8813372857011887,0.16648840265256853,0.6603306542798643
72.26,-0.8879381474803655,0.17773431531338812,0.6368609235094582
72.28,-0.8818262384255722,0.19313632613146717,0.6072792836842588
72.3,-0.869357943953794,0.2197842496103658,0.5992115637319316
72.32,-0.8603123185527,0.25278855850624943,0.6226812945023378
72.34,-0.8409986859395532,0.2916603000947346,0.6495736943434282
72.36,-0.813128380649696,0.29630535097637745,0.6850227668612291
72.38,-0.813128380649696,0.29630535097637745,0.6850227668612291
72.4,-0.7987042752803838,0.2662347584267946,0.7312287993154661
72.42,-0.787702838981756,0.22394034776762523,0.7718118754392934
72.44,-0.7390520429056016,0.19998166427283562,0.7855025517220303
72.46,-0.6816000977905449,0.17993460257311372,0.7918589371390153
72.48,-0.6412614980289093,0.15475353726736546,0.8097057115790117
72.5,-0.6031231855269994,0.14668581731503835,0.8365981114201021
72.52,-0.5730525929774165,0.16208782813311737,0.8600678421905081
72.54,-0.5402927604437245,0.18922470433639946,0.8605567949148917
72.56,-0.5395593313571494,0.2158726278152981,0.833908871435993
72.58,-0.5556947712618037,0.23469730770406136,0.7984597989181921
72.6,-0.5625401094031721,0.2500993185221404,0.7701005409039513
72.62,-0.563518014851939,0.26501237661583593,0.760321486416282
72.64,-0.559850869419063,0.2655013293402194,0.7720563518014851
72.66,-0.5566726767105705,0.2542554166793998,0.7869694098951807
72.68,-0.5503162912935855,0.24472083855392232,0.8072609479570944
72.7,-0.5302692295938636,0.24349845674296366,0.8092167588546282
72.729,-0.49848730250893863,0.24814350762460655,0.7933257953121657
72.74,-0.4794181462579837,0.25694465666350885,0.7950371298475079
72.76,-0.4674388045105889,0.2733245729303548,0.8204626715154478
72.78,-0.46328270635332947,0.2933716346300767,0.8517556458759894
72.8,-0.4659719463374385,0.31708584176267457,0.8825596675121474
72.82,-0.4637716590777129,0.3444671943281484,0.8979616783302264
72.84,-0.4630382299911377,0.36915930690951315,0.8918497692754331
72.86,-0.465482993613055,0.38553922317635914,0.8713137548513278
72.88,-0.46230480090456255,0.3943403722152614,0.8517556458759894
72.9,-0.4542370809522354,0.3948293249396449,0.8441768786480457
72.92,-0.44494697918894965,0.38749503407389296,0.8458882131833878
72.94,-0.4339455428903218,0.37429331051553955,0.8468661186321548
72.96,-0.4124316230174495,0.362069492405953,0.8378204932310607
72.98,-0.3818720777434832,0.3486232924854078,0.8304862023653088
73.0,-0.36182501604376127,0.33786633254897164,0.828530391467775
73.02,-0.3503346270207499,0.3361549980136295,0.8370870641444855
73.04,-0.47428414265195734,0.31513003086514074,0.8840265256852978
73.06,-0.6928460104513645,0.28970448919720077,0.970082205176787
73.08,-0.7806130244781957,0.31610793631390766,0.995507746844727
73.1,-0.7353848974727256,0.3383552852733551,0.947345903492956
73.12,-0.6517739816031537,0.3444671943281484,0.8703358494025609
73.14,-0.5647403966628977,0.31464107814075726,0.7774348317697033
73.16,-0.47770681172264157,0.27283562020597135,0.714115453962045
73.18,-0.43296763744155486,0.24374293310515538,0.7033584940256089
73.2,-0.36329187421691167,0.2655013293402194,0.7505424319286129
73.22,-0.2774806710876142,0.2500993185221404,0.8749809002842037
73.24,-0.2508327476087156,0.2408092167588546,0.9952632704825352
73.26,-0.3371329034623965,0.22076215505913271,1.0664058918803287
73.28,-0.34348928887938146,0.09681263942792531,1.1522170950096262
73.3,-0.12761666106408337,0.06698652324053418,1.2751887051920667
73.32,-0.05280689423341381,0.13372857011887662,1.1275249824282614
73.34,-0.1014576903095682,0.44421355010237445,0.7322067047642331
73.36,-0.25645570393912537,0.9243651254469333,0.554472389450845
73.38,-0.3183082235736332,0.6449286434617852,0.852978027686948
73.4,-0.31195183815664823,0.1735782171561287,0.9642147724841854
73.42,-0.17700088622681295,0.03642697796656786,0.9529688598233658
73.44,-0.22491825321639214,-0.057207468752864955,0.912874736423922
73.46,-0.3603581578706109,-0.03398221434465055,0.8070164715949026
73.48,-0.2214955841457079,0.16673287901476025,0.7881917917061394
73.5,-0.11245912660819607,0.33371023439171227,0.7084924976316352
73.52,-0.20095956972160253,0.5028878770283898,0.5796534547565932
73.54,-0.46083794273141215,0.6226812945023378,0.3804052195703328
73.56,-0.6075237600464505,0.6793998105308193,0.26012284937200136
73.58,-0.5371145677352321,0.6857561959478042,0.23298597316871925
73.6,-0.4190324847966262,0.7847691226354552,0.21636158053968157
73.62,-0.41854353207224276,0.9446566635088469,0.24374293310515538
73.64,-0.3823610304678666,1.0131100449225314,0.23445283134186962
73.66,-0.2021819515325612,1.0011307031751366,0.22662958775173425
73.68,-0.13690676282736913,0.9722824924365125,0.21562815145310638
73.7,-0.21220548238242215,0.8979616783302264,0.201448522445986
73.72,-0.29826116187391133,0.864712893072151,0.17480059896708736
73.749,-0.3686703541851297,0.9206979800140573,0.16404363903065122
73.76,-0.4491030773462091,1.0255783393943099,0.1735782171561287
73.78,-0.4491030773462091,1.0255783393943099,0.1735782171561287
73.8,-0.4532591755034685,1.1082113498151147,0.09412339944381627
73.82,-0.41512086300155854,1.1910888365981114,-0.08458882131833878
73.84,-0.41292057574183294,1.3624667664945145,-0.25132170033309903
73.86,-0.4950646334382544,1.514531063777771,-0.2923937291813098
73.88,-0.6806221923417779,1.4194297588851879,-0.06405280689423341
73.9,-0.8696024203159857,1.2028237019833146,0.32686489625034376
73.92,-0.9612810561378846,0.972771445160896,0.6505515997921951
73.94,-0.8539559331357149,0.7033584940256089,0.5835650765516609
73.96,-0.6236591999511047,0.6023897564404241,0.2542554166793998
73.98,-0.3623139687681447,0.8270635332946246,-0.06356385416984996
74.0,-0.29923906732267824,1.2844788069553525,-0.32637594352596033
74.02,-0.3046175472908963,1.514531063777771,-0.3767380741374568
74.04,-0.40974238303334043,1.28130061424686,-0.3412890016196559
74.06,-0.4835742444152431,1.0016196558995203,-0.2412981694832381
74.08,-0.45937108455826176,0.9378113253674785,-0.12492742107997433
74.1,-0.38871741588485165,0.9275433181554258,-0.04547260336766189
74.12,-0.33028756532102804,0.8373315405066772,0.02151391987287229
74.14,-0.31219631451883995,0.7058032576475262,0.05671851602848149
74.16,-0.3285762307856859,0.6532408397763041,0.03300430889588363
74.18,-0.37135959416923875,0.6850227668612291,-0.013690676282736913
74.2,-0.4180545793478593,0.72047183937903,-0.05940775601259053
74.22,-0.4381016410475812,0.7302508938666993,-0.08898939583778993
74.24,-0.43125630290621275,0.7236500320875225,-0.10903645753751184
74.26,-0.4085200012223818,0.7048253521987593,-0.12859456651285028
74.28,-0.38896189224704336,0.6916236286404058,-0.13617333374079393
74.3,-0.38553922317635914,0.6933349631757479,-0.14179629007120373
74.32,-0.40338599761635546,0.7043363994743758,-0.15475353726736546
74.34,-0.4209882956941601,0.7207163157412217,-0.18849127524982429
74.36,-0.4444580264645662,0.7527427191883385,-0.22760749320050117
74.38,-0.4715949026678483,0.7891696971549064,-0.22442930049200868
74.4,-0.4715949026678483,0.7617883445894325,-0.2271185404761177
74.42,-0.4405464046694985,0.7309843229532744,-0.23225254408214405
74.44,-0.321241939919934,0.8517556458759894,-0.305839929101855
74.46,-0.21391681691776426,0.9561470525318583,-0.3540017724536259
74.48,-0.15939858814900834,0.9683708706414448,-0.32490908535280993
74.5,-0.15304220273202335,0.9813281178376065,-0.3637808269412951
74.52,-0.1334840937566849,1.0546710264951258,-0.45765975002291964
74.54,-0.10928093389970357,1.0057757540567795,-0.47746233536044985
74.56,-0.15133086819668123,0.8549338385844818,-0.3791828377593741
74.58,-0.2246737768542004,0.7598325336918986,-0.2334749258931027
74.6,-0.27039085658405404,0.7307398465910827,-0.17235583534517007
74.62,-0.2591449439232344,0.7524982428261467,-0.2310301622711854
74.64,-0.2031598569813281,0.840265256852978,-0.31317421996760686
74.66,-0.17235583534517007,0.8696024203159857,-0.34202243070623106
74.68,-0.1735782171561287,0.8752253766463954,-0.305839929101855
74.7,-0.1982703297374935,0.9008953946765272,-0.28970448919720077
74.72,-0.23763102405036213,0.9160529291324145,-0.29875011459829476
74.74,-0.31684136540048286,0.9417229471625462,-0.33371023439171227
74.769,-0.4341900192525135,1.0065091831433548,-0.3642697796656786
74.78,-0.5109555969807169,1.0113987103871893,-0.2909268710081594
74.8,-0.48919720074565287,0.9392781835406289,-0.19460318430461754
74.82,-0.396540659474987,0.9735048742474712,-0.22931882773584328
74.84,-0.3498456742963665,1.0683617027778627,-0.28750420193747517
74.86,-0.3623139687681447,1.054426550132934,-0.2757693365522721
74.88,-0.36329187421691167,1.0184885248907496,-0.2102496714848883
74.9,-0.3613360633193778,1.0243559575833512,-0.16110992268435045
74.92,-0.3654921614766372,1.095987531705528,-0.1774898389511964
74.94,-0.3672034960119793,1.2045350365186567,-0.2031598569813281
74.96,-0.35644653607554316,1.227760290926871,-0.2317635913577606
74.98,-0.33933319072212204,1.2113803746600251,-0.27112428567062924
75.0,-0.3261314671637686,1.1893775020627693,-0.31121840907007303
75.02,-0.3158634599517159,1.14146013507319,-0.3165968890382911
75.04,-0.3202640344711671,1.0879198117532012,-0.308529169085964
75.06,-0.3376218561867799,1.0774073281789567,-0.29386058735446013
75.08,-0.3610915869571861,1.088897717201968,-0.2787030528985729
75.1,-0.38676160498731776,1.1011215353115544,-0.2928826819056932
75.12,-0.409253430308957,1.1265470769794945,-0.3412890016196559
75.14,-0.4080310484979983,1.1040552516578552,-0.37209302325581395
75.16,-0.4080310484979983,1.1040552516578552,-0.37209302325581395
75.18,-0.4046083794273141,1.0705619900375882,-0.3791828377593741
75.2,-0.4226996302295022,1.0378021575038963,-0.3764935977752651
75.22,-0.4684167099593558,1.0250893866699264,-0.3818720777434832
75.24,-0.5483604803960517,1.007976041316505,-0.40240809216758855
75.26,-0.5997005164563152,0.984506310546099,-0.3997188521834795
75.28,-0.6063013782354918,0.9654371542951441,-0.3960517067506035
75.3,-0.5659627784738563,0.9429453289735048,-0.38627265226293434
75.32,-0.5165785533111267,0.916541881856798,-0.362069492405953
75.34,-0.4686611863215475,0.9121413073373468,-0.33053204168321976
75.36,-0.4046083794273141,0.93096598722611,-0.31219631451883995
75.38,-0.3784494086727989,0.9424563762491214,-0.3158634599517159
75.4,-0.34642300522568226,1.0028420377104788,-0.295816398251994
75.42,-0.2750359074656969,1.0184885248907496,-0.3180637472114415
75.44,-0.28970448919720077,1.0155548085444488,-0.3183082235736332
75.46,-0.3662255905632124,0.9798612596644561,-0.28359258014240746
75.48,-0.2725911438437796,0.9351220853833695,-0.2911713473703511
75.5,-0.07627662500381995,0.9874400268923998,-0.2787030528985729
75.52,0.007823243590135379,1.0201998594260917,-0.28970448919720077
75.54,0.19704794792653485,1.1382819423646975,-0.28603734376432477
75.56,0.3300430889588363,1.2597866943739877,-0.29997249640925344
75.58,0.3733154050667726,1.3314182684961648,-0.10830302845093664
75.6,0.1471747700394218,0.4099868593955322,-0.1718668826207866
75.62,-0.052562417871222074,0.5627845857653638,-0.5728081166152248
75.64,-0.4209882956941601,1.7636524768511443,-1.0153103321822572
75.66,-0.564495920300706,1.3059927268282248,-0.7654554900223085
75.68,-0.28310362741802403,0.3525349142804755,-0.46890566268373923
75.7,-0.11074779207285396,0.5366256150108486,-0.7439415701494362
75.72,-0.24814350762460655,1.1573510986156526,-1.0475812119915655
75.74,-0.42001039024539316,1.1888885493383858,-0.948323808941723
75.76,-0.4806405280689423,0.833908871435993,-0.7326956574886165
75.789,-0.641505974391101,0.8400207804907863,-0.7620328209516243
75.8,-0.6957797267976652,0.9417229471625462,-0.8886715765669406
75.82,-0.48332976805305133,0.9876845032545916,-0.8884271002047489
75.84,-0.2263851113895425,0.9896403141521254,-0.8089722824924365
75.86,-0.09045625401094032,0.962747914311035,-0.6422394034776763
75.88,-0.10879198117532012,0.9695932524524035,-0.5173119823977019
75.9,-0.06943128686245148,1.089875622650735,-0.4141429575527916
75.92,-0.04547260336766189,1.1192127861137426,-0.30192830730678727
75.94,-0.2500993185221404,1.1040552516578552,-0.34348928887938146
75.96,-0.2884821073862421,0.9942853650337683,-0.46230480090456255
75.98,-0.08727806130244782,0.8940500565351588,-0.5065550224612657
76.0,-0.0591632796503988,0.7896586498792898,-0.6231702472267212
76.02,-0.28579286740213306,0.6784219050820524,-0.9272988417932341
76.04,-0.242276074932005,0.610701952754943,-0.9911071723252758
76.06,0.058185374201631876,0.5268465605231794,-0.9074962564557039
76.08,0.12761666106408337,0.3950738013018366,-0.9461235216819973
76.1,-0.06723099960272591,0.424655441127036,-0.932921798123644
76.12,-0.24007578767227944,0.48748586621031076,-0.8216850533264065
76.14,-0.5649848730250894,0.34568957613910706,-0.7828133117379213
76.16,-0.6561745561226049,0.19142499159612505,-0.7280506066069736
76.18,-0.8590899367417413,0.21220548238242215,-0.7436970937872445
76.2,-0.7537206246371054,0.23836445313693733,-0.7556764355346393
76.22,-0.6617975124530147,0.2053601442410537,-0.7185160284814962
76.24,-0.6229257708645295,0.15230877364544815,-0.739540995629985
76.26,-0.5630290621275555,0.1591541117868166,-0.6808666687039697
76.28,-0.47770681172264157,0.13543990465421873,-0.7014026831280751
76.3,-0.32784280169911073,0.12028237019833145,-0.657885890657947
76.32,-0.25694465666350885,0.05427375240656419,-0.74589738104697
76.34,-0.25401094031720806,-0.05500718149313938,-0.8387983986798276
76.36,-0.2324970204443358,-0.08752253766463955,-0.7969929407450417
76.38,-0.06625309415395898,-0.12248265745805702,-0.8639794639855759
76.4,0.09387892308162454,-0.18604651162790697,-1.0192219539773248
76.42,0.18629098799009872,-0.19949271154845216,-0.995507746844727
76.44,0.15842068270024143,-0.154264584542982,-0.8204626715154478
76.46,-0.12272713382024875,-0.11808208293860586,-0.7128930721510863
76.48,-0.35791339424869356,-0.12052684656052318,-0.6705986614919169
76.5,-0.6243926290376799,-0.12370503926901567,-0.5801424074809767
76.52,-0.7793906426672371,-0.17064450080982796,-0.47355071356538214
76.54,-0.65690798520918,-0.17969012621092198,-0.5627845857653638
76.56,-0.65690798520918,-0.17969012621092198,-0.5627845857653638
76.58,-0.5407817131681081,-0.10536931210463588,-0.744919475598203
76.6,-0.6087461418574092,0.027870305289857285,-0.9077407328178957
76.62,-0.5750084038749503,0.11954894111175625,-0.8136173333740794
76.64,-0.5412706658924915,0.1525532500076399,-0.7539651009992971
76.66,-0.6280597744705558,0.09779054487669223,-0.7473642392201204
76.68,-0.689667817742872,0.013690676282736913,-0.7737676863368272
76.7,-0.6312379671790483,-0.020536014424105367,-0.7258503193472481
76.72,-0.7278061302447819,-0.022247348959447483,-0.6573969379335636
76.74,-0.8801149038902301,-0.0415609815725942,-0.6383277816826085
76.76,-0.8637349876233842,-0.0799437704366959,-0.7075145921828683
76.78,-0.6649757051615072,-0.09803502123888397,-0.8544448858600984
76.809,-0.6341716835253491,-0.022491825321639215,-0.802126944351068
76.82,-0.7197384102924549,0.019313632613146715,-0.6644867524371237
76.84,-0.7153378357730037,-0.0036671454328759587,-0.647862359808086
76.86,-0.684289337774654,-0.0207804907862971,-0.8336643950738013
76.88,-0.5561837239861871,0.09143415945970723,-0.7806130244781957
76.9,-0.45961556092045347,0.15035296274791432,-0.6309934908168566
76.92,-0.5864987928979617,0.0415609815725942,-0.5449378113253674
76.94,-0.8383094459554442,-0.14081838462243682,-0.6155914799987776
76.96,-0.8265745805702411,-0.12566085016654951,-0.6693762796809584
76.98,-0.6058124255111084,0.03960517067506036,-0.7014026831280751
77.0,-0.5975002291965895,0.1486416282125722,-0.7065366867341014
77.02,-0.786724933532989,0.1166152247654555,-0.5828316474650858
77.04,-0.8600678421905081,-0.010268007212052684,-0.5774531674968676
77.06,-0.7383186138190263,0.05109555969807169,-0.6378388289582251
77.08,-0.6471289307215109,0.20438223879228676,-0.6349051126119243
77.1,-0.5813647892919354,0.26916847477309536,-0.6297711090058979
77.12,-0.5077774042722244,0.30046144913363687,-0.5666962075604315
77.14,-0.5001986370442808,0.29703878006295265,-0.44641383736210005
77.16,-0.48919720074565287,0.2926382055435015,-0.3911621795067689
77.18,-0.47477309537634077,0.4943312043516792,-0.5715857348042661
77.2,-0.38333893591663354,0.7160712648595788,-0.5784310729456346
77.22,-0.4324786847171714,0.5185343642086606,-0.40974238303334043
77.24,-0.7679002536442258,0.27087980930843747,-0.28579286740213306
77.26,-0.7759679735965529,0.5552058185374201,-0.4148763866393668
77.28,-0.5107111206185252,0.8549338385844818,-0.5146227424135928
77.3,-0.5886990801576872,0.6918681050025975,-0.33126547076979496
77.32,-0.7837912171866882,0.5566726767105705,-0.2263851113895425
77.34,-0.6378388289582251,0.8268190569324328,-0.33859976163554684
77.36,-0.31464107814075726,1.0972099135164868,-0.6050789964245332
77.38,-0.3109739327078813,1.131436604223329,-0.7828133117379213
77.4,-0.5493383858448186,0.8625126058124255,-0.6219478654157626
77.42,-0.6393056871313755,0.7561653882590227,-0.45619289184976924
77.44,-0.4967759679735965,0.9908626959630841,-0.5248907496256455
77.46,-0.4053418085138893,1.091586957186077,-0.5676741130091985
77.48,-0.47526204810072425,0.995507746844727,-0.5476270513094765
77.5,-0.47550652446291597,0.9803502123888397,-0.5735415457017999
77.52,-0.35864682333526876,0.9942853650337683,-0.5094887388075665
77.54,-0.24105369312104635,0.9314549399504936,-0.41927696115881796
77.56,-0.3667145432875959,1.0439140665586897,-0.4505699355193595
77.58,-0.5158451242245515,1.1509947131986675,-0.32637594352596033
77.6,-0.437368211961006,0.9823060232863735,-0.15328667909421506
77.62,-0.40191913944320506,0.8610457476392751,-0.09412339944381627
77.64,-0.4940867279894875,0.928276747242001,-0.14057390826024507
77.66,-0.41389848119059985,0.9832839287351404,-0.19875928246187696
77.68,-0.3498456742963665,1.0387800629526633,-0.31390764905418206
77.7,-0.4987317788711304,1.0969654371542952,-0.33199889985637016
77.72,-0.4483696482596339,0.8610457476392751,-0.17700088622681295
77.74,-0.31684136540048286,0.8282859151055832,-0.14766372276380527
77.76,-0.27283562020597135,0.9837728814595239,-0.22027320233474926
77.78,-0.26843504568652016,0.9776609724047306,-0.25303303486844114
77.8,-0.26721266387556153,0.9908626959630841,-0.31121840907007303
77.829,-0.21000519512269658,1.1118784952479908,-0.3510680561073251
77.84,-0.07774348317697033,1.0285120557406107,-0.242276074932005
77.86,0.020047061699721907,0.843932402285854,-0.11954894111175625
77.88,0.018824679888763254,0.9104299728020047,-0.2796809583473398
77.9,-0.1334840937566849,1.2634538398068635,-0.5774531674968676
77.92,-0.31439660177856554,1.314060446780552,-0.6889343886562967
77.94,-0.4469027900864835,1.1033218225712802,-0.6581303670201387
77.96,-0.4469027900864835,1.1033218225712802,-0.6581303670201387
77.98,-0.450080982794976,1.5758946306878954,-0.5926107019527549
78.0,-0.31390764905418206,1.3707789628090334,-0.6085016654952174
78.02,-0.14595238822846315,0.37307092870458086,-0.3444671943281484
78.04,-0.44592488463771657,0.4860190080371604,-0.4806405280689423
78.06,-0.7691226354551844,1.1629740549460623,-0.7466308101335452
78.08,-0.689667817742872,1.2377838217767319,-0.8412431623017449
78.1,-0.4803960517067506,0.7842801699110717,-0.7292729884179323
78.12,-0.5882101274333038,0.6001894691806986,-0.6901567704672554
78.14,-0.7674113009198423,0.7258503193472481,-0.9026067292118694
78.16,-0.6955352504354735,0.874736423922012,-1.175197873055649
78.18,-0.4962870152492131,0.8769367111817375,-1.3013476759465818
78.2,-0.5559392476239954,0.8483329768053052,-1.1937780765822203
78.22,-0.7485866210310791,0.8299972496409254,-1.0605384591877272
78.24,-0.7884362680683311,0.8270635332946246,-1.07789628090334
78.26,-0.6938239159001314,0.8644684167099593,-1.1265470769794945
78.28,-0.740518901078752,0.8505332640650307,-1.0294899611893775
78.3,-0.8664242276074932,0.7119151667023195,-0.8258411514836659
78.32,-0.8872047183937903,0.5600953457812547,-0.6779329523576689
78.34,-0.8365981114201021,0.5004431134064725,-0.6652201815236989
78.36,-0.7248724138984812,0.5146227424135928,-0.5666962075604315
78.38,-0.5933441310393301,0.4860190080371604,-0.380160743208141
78.4,-0.5493383858448186,0.4072976194114232,-0.22760749320050117
78.42,-0.25670018030131714,0.5857653638113864,0.3361549980136295
78.44,-0.34202243070623106,0.5114445497051003,0.32344222717965954
78.46,-1.0167771903554075,0.5067994988234575,-0.5165785533111267
78.48,-1.0094428994896556,0.4828408153286679,0.003422669070684228
78.5,-0.7510313846529963,0.2117165296580387,0.3063288818262384
78.52,-0.6627754179017816,0.10781407572655319,0.05402927604437246
78.54,-0.963725819759802,0.2478990312624148,-0.2909268710081594
78.56,-1.1490389023011338,0.32344222717965954,-0.42661125202456984
78.58,-0.947345903492956,0.2412981694832381,-0.20267090425694465
78.6,-0.6852672432234208,0.17920117348653852,0.07823243590135379
78.62,-0.7138709775998533,0.09607921034135011,0.3053509763774715
78.64,-0.8385539223176359,0.1518198209210647,0.2821257219692571
78.66,-0.8013935152644929,0.2119610060202304,0.29679430370076093
78.68,-0.6613085597286312,0.10047978486080127,0.44152431011826543
78.7,-0.7192494575680713,0.11050331571066223,0.5779421202212511
78.72,-0.9402560889893958,0.2197842496103658,0.478195764447025
78.74,-1.1793539712129084,0.182379366195031,0.31390764905418206
78.76,-1.0392690156770468,0.1535311554564068,0.3381108089111634
78.78,-0.7380741374568346,0.14228524279558719,0.3852947468141674
78.8,-0.7828133117379213,0.11025883934847049,0.3229532744552761
78.82,-0.9959966995691104,0.042783363383552854,0.2611007548207683
78.849,-1.245118112642484,-0.09656816306573358,0.2623231366317269
78.86,-1.261253552547138,-0.24863246034899,0.17871222076215507
78.88,-1.0849860954069004,-0.2906823946459677,0.0911896830975155
78.9,-0.99452984139596,-0.31610793631390766,-0.004889527243834612
78.92,-1.0813189499740243,-0.3158634599517159,0.0009779054487669223
78.94,-1.290346239647954,-0.29557192188980225,0.11881551202518106
78.96,-1.2683433670506983,-0.2821257219692571,0.10390245393148549
78.98,-0.9859731687192494,-0.17773431531338812,-0.041072028848210734
79.0,-0.8370870641444855,-0.16331020994407602,0.05769642147724842
79.02,-0.9307215108639183,-0.1919139443205085,0.233230449530911
79.04,-1.1380374660025059,-0.10854750481312837,0.07945481771231244
79.06,-1.177887113039758,-0.14057390826024507,0.047672890627387464
79.08,-1.2698102252238486,-0.3055954527396632,0.1014576903095682
79.1,-1.2302050545487884,-0.34324481251718975,0.08825596675121473
79.12,-0.849310882254072,-0.3222198453687009,0.15157534455887295
79.14,-0.7505424319286129,-0.3669590196497876,0.1398404791736699
79.16,-0.6075237600464505,-0.3368884271002047,0.3229532744552761
79.18,-0.7698560645417596,-0.6935794395379397,0.29459401644103533
79.2,-1.1135898297833329,-0.9258319836200837,0.027870305289857285
79.22,-0.8221740060507899,-0.8087278061302448,-0.019313632613146715
79.24,-0.6703541851297252,-0.752253766463955,-0.03813831250190997
79.26,-0.651529505240962,-0.7165602175839624,-0.010512483574244415
79.28,-0.5745194511505669,-0.7155823121351954,0.03300430889588363
79.3,-0.5116890260672922,-0.6048345200623415,-0.05207346514683862
79.32,-0.5488494331204351,-0.47183937903004003,-0.1677107844635272
79.34,-0.5488494331204351,-0.47183937903004003,-0.1677107844635272
79.36,-0.6779329523576689,-0.38871741588485165,-0.1464413409528466
79.38,-0.9177642636677567,-0.3381108089111634,-0.17822326803777158
79.4,-0.9512575252880237,-0.2941050637166519,-0.34226690706842283
79.42,-1.043425113834306,-0.2791920056229563,-0.39042875042019376
79.44,-1.227760290926871,-0.3967851358371787,-0.26574580570241113
79.46,-1.2111358982978333,-0.5488494331204351,-0.2647679002536442
79.48,-0.9754606851450051,-0.5776976438590594,-0.2941050637166519
79.5,-0.8079943770436696,-0.5512941967423525,-0.2774806710876142
79.52,-0.746875286495737,-0.4535036518656602,-0.18604651162790697
79.54,-0.8163065733581885,-0.3933624667664945,-0.16844421355010236
79.56,-1.0400024447636218,-0.41438743391498334,-0.2589004675610427
79.58,-1.1194572624759342,-0.23640864223940347,-0.20976071876050484
79.6,-0.8913608165510497,-0.2408092167588546,0.059896708736973996
79.62,-0.5632735384897473,-0.6209699599669957,0.30339516547993767
79.64,-0.4271002047489533,-0.7219386975521804,0.14301867188216238
79.66,-0.5055771170124989,-0.3894508449714268,-0.11490389023011337
79.68,-0.8199737187910644,-0.018335727164379794,-0.06307490144546649
79.7,-1.174219967606882,-0.07603214864162822,0.18995813342297466
79.72,-1.2810561378846683,-0.4385905937719647,0.16673287901476025
79.74,-1.0165327139932157,-0.6666870396968493,-0.00855667267671057
79.76,-0.9321883690370687,-0.6141246218256272,-0.10488035938025242
79.78,-1.1747089203312655,-0.3588912996974605,-0.13470647556764356
79.8,-1.3825138281942364,-0.40118571035662987,-0.2405647403966629
79.82,-1.1910888365981114,-0.5278244659719463,-0.28725972557528345
79.84,-0.9957522232069187,-0.49922073159551383,-0.2478990312624148
79.869,-0.8876936711181738,-0.41438743391498334,-0.12346056290682395
79.88,-0.7148488830486203,-0.3376218561867799,0.05427375240656419
79.9,-0.5566726767105705,-0.23445283134186962,0.3918956085933441
79.92,-0.7796351190294288,-0.5703633529933074,0.3327323289429453
79.94,-1.067139320966904,-0.5948109892124805,0.26599028206460285
79.96,-1.1419490877975735,-0.24007578767227944,0.23518626042844482
79.98,-1.0297344375515691,-0.19558108975338445,0.06649757051615071
80.0,-0.9703266815389787,-0.40094123399443815,-0.018824679888763254
80.02,-0.9989304159154112,-0.3948293249396449,-0.035204596155609204
80.04,-1.2255600036671455,-0.28823763102405037,-0.2214955841457079
80.06,-1.0307123430003362,-0.010023530849860953,0.06698652324053418
80.08,-0.7962595116584665,-0.22956330409803502,0.14766372276380527
80.1,-0.8312196314518839,-0.45863765547168656,0.06307490144546649
80.12,-0.8771811875439294,-0.25792256211227577,-0.0022002872597255752
80.14,-0.8940500565351588,-0.08850044311340648,-0.10561378846682762
80.16,-0.7918589371390153,-0.13006142468600068,-0.018335727164379794
80.18,-0.8637349876233842,-0.3244201326284265,0.17920117348653852
80.2,-1.0854750481312838,-0.38896189224704336,0.1726003117073618
80.22,-1.099899153500596,-0.4102313357577239,0.11319255569477125
80.24,-1.0400024447636218,-0.4124316230174495,0.11441493750572991
80.26,-1.120679644286893,-0.44568040827552485,0.1166152247654555
80.28,-1.523576689178865,-0.38505027045197565,0.04791736698957919
80.3,-1.472725605842985,-0.21929529688598234,0.03153745072273324
80.32,-1.012621092198148,-0.2919047764569263,0.05965223237478226
80.34,-0.9889068850655502,-0.43125630290621275,0.042783363383552854
80.36,-1.1681080585520887,-0.36891483054732144,0.05476270513094765
80.38,-1.0668948446047122,-0.22247348959447483,0.047183937903004
80.4,-0.8654463221587263,-0.10390245393148549,0.053295846957797266
80.42,-1.0639611282584114,-0.1381291446383278,0.12932799559942548
80.44,-1.4299422424594321,-0.20658252605201236,0.03447116706903401
80.46,-1.569049292546527,-0.22760749320050117,-0.016624392629037678
80.48,-1.2710326070348072,-0.1373957155517526,0.01735782171561287
80.5,-0.9886624087033584,-0.1630657335818843,0.10903645753751184
80.52,-0.8908718638266663,-0.21562815145310638,0.22442930049200868
80.54,-0.7935702716743575,-0.2126944351068056,0.3073067872750053
80.56,-0.6319713962656236,-0.19313632613146717,0.41365400482840814
80.58,-0.519023316933044,-0.2633010420804938,0.46010451364483695
80.6,-0.6146135745500106,-0.32833175442349416,0.4503254591571677
80.62,-0.9666595361061027,-0.34226690706842283,0.393851419490878
80.64,-1.1055221098310057,-0.2476545549002231,0.4510588882437429
80.66,-1.0001527977263698,-0.2936161109922684,0.4715949026678483
80.68,-0.9040735873850196,-0.28481496195336614,0.6060569018733001
80.7,-0.8891605292913242,-0.18506860617914006,0.6693762796809584
80.72,-0.7749900681477859,-0.1031690248449103,0.5845429820004279
80.74,-0.7749900681477859,-0.1031690248449103,0.5845429820004279
80.76,-0.5200012223818109,-0.08434434495614705,0.5930996546771384
80.78,-0.31292974360541514,-0.17382269351832044,0.7441860465116279
80.8,-0.2261406350273508,-0.2936161109922684,0.9206979800140573
80.82,-0.1750450753292791,-0.2772361947254225,1.1167680224918253
80.84,-0.18017907893530544,-0.1246829447177826,1.2011123674479725
80.86,-0.3222198453687009,-0.030804021636158054,1.1573510986156526
80.889,-0.44079088103169023,-0.08361091586957185,1.1355927023805885
80.9,-0.4060752376004645,-0.18898022797420774,1.086941906304434
80.92,-0.3102405036213061,-0.26916847477309536,0.9018733001252941
80.94,-0.3791828377593741,-0.3031506891177459,0.7749900681477859
80.96,-0.6945573449867066,-0.19411423158023408,0.7542095773614889
80.98,-0.6581303670201387,0.027625828927665557,0.7427191883384775
81.0,-0.5402927604437245,0.12297161018244049,0.7952816062096996
81.02,-0.56082877486783,0.09656816306573358,0.7759679735965529
81.04,-0.32833175442349416,-0.010756959936436146,0.8282859151055832
81.06,-0.24643217308926443,-0.10512483574244415,0.893805580172967
81.08,-0.39922989945909604,-0.10023530849860954,1.062494270085261
81.1,-0.5087553097209914,-0.1383736210005195,0.9559025761696666
81.12,-0.5085108333587997,-0.035204596155609204,0.8302417260031171
81.14,-0.46230480090456255,0.028603734376432478,0.8463771659077712
81.16,-0.49017510619441984,-0.11539284295449684,0.9629923906732267
81.18,-0.45961556092045347,-0.23151911499556885,0.993551935947193
81.2,-0.37527121596430646,-0.14693029367723007,1.0109097576628059
81.22,-0.37062616508266355,-0.047428414265195735,0.9999083213641781
81.24,-0.41365400482840814,-0.053540323319988994,1.001864132261712
81.26,-0.48479662622620173,-0.13226171194572625,0.9874400268923998
81.28,-0.539070378632766,-0.17969012621092198,0.9529688598233658
81.3,-0.5363811386486569,-0.1334840937566849,0.9016288237631024
81.32,-0.3664700669254041,0.030315068911774594,0.8823151911499557
81.34,-0.22247348959447483,0.1718668826207866,0.9104299728020047
81.36,-0.3672034960119793,0.12443846835559087,0.9517464780124072
81.38,-0.5041102588393485,-0.05867432692601534,0.9517464780124072
81.4,-0.44812517189744216,-0.13543990465421873,0.9307215108639183
81.42,-0.3708706414448553,-0.07505424319286129,0.9436787580600801
81.44,-0.35693548879992665,-0.06405280689423341,0.9578583870672004
81.46,-0.35669101243773493,-0.045717079729853616,0.9275433181554258
81.48,-0.4515478409681264,-0.030559545273966322,0.8967392965192678
81.5,-0.4444580264645662,-0.014424105369312105,0.8483329768053052
81.52,-0.4483696482596339,0.010756959936436146,0.925587507257892
81.54,-0.5351587568376982,-0.07627662500381995,0.9629923906732267
81.56,-0.4794181462579837,-0.10512483574244415,0.8886715765669406
81.58,-0.4058307612382728,-0.07236500320875225,0.767655777282034
81.6,-0.34642300522568226,-0.06674204687834245,0.7429636647006692
81.62,-0.3500901506585582,-0.10096873758518474,0.8727806130244782
81.64,-0.5077774042722244,-0.16526602084160988,0.9713045869877456
81.66,-0.619747578156037,-0.08361091586957185,0.9581028634293921
81.68,-0.6312379671790483,-0.033248785258075356,0.8977172019680347
81.7,-0.5261131314366042,-0.11563731931668857,0.823885340586132
81.72,-0.4388350701341564,-0.15646487180270757,0.8297527732787336
81.74,-0.5388259022705743,-0.26794609296213673,0.8666687039696849
81.76,-0.674265806924793,-0.2598783730098096,0.8627570821746172
81.78,-0.6908901995538306,-0.1726003117073618,0.9243651254469333
81.8,-0.5295358005072884,-0.20731595513858753,1.0128655685603398
81.82,-0.45594841548757753,-0.2718577147572044,1.0219111939614338
81.84,-0.5275799896097546,-0.2222290132322831,0.8996730128655686
81.86,-0.5732970693396082,-0.13617333374079393,0.7842801699110717
81.88,-0.584298505638236,-0.12126027564709838,0.7864804571707973
81.909,-0.6256150108486386,-0.15695382452709103,0.8346423005225682
81.92,-0.645173119823977,-0.1591541117868166,0.8488219295296886
81.94,-0.5720746875286495,-0.17993460257311372,0.849310882254072
81.96,-0.48577453167496865,-0.18555755890352352,0.8551783149466736
81.98,-0.5204901751061944,-0.1958255661155762,0.8554227913088653
82.0,-0.5515386731045442,-0.20902728967392964,0.821196100602023
82.02,-0.5984781346453565,-0.17895669712434678,0.7625217736760077
82.04,-0.6683983742321914,-0.16379916266845948,0.7344069920239586
82.06,-0.6705986614919169,-0.16526602084160988,0.7505424319286129
82.08,-0.6397946398557589,-0.182379366195031,0.764966537297925
82.1,-0.6845338141368457,-0.18409070073037312,0.7568988173455978
82.12,-0.7094704030804021,-0.2031598569813281,0.7666778718332671
82.14,-0.7094704030804021,-0.2031598569813281,0.7666778718332671
82.16,-0.6789108578064358,-0.20267090425694465,0.770345017266143
82.18,-0.7192494575680713,-0.19386975521804234,0.781346453564771
82.2,-0.7600770100540903,-0.1608654463221587,0.8114170461143538
82.22,-0.676955046908902,-0.08116615224765455,0.9583473397915839
82.24,-0.7182715521193045,-0.26916847477309536,0.9568804816184335
82.26,-0.6373498762338417,-0.24252055129419675,0.8253521987592825
82.28,-0.5715857348042661,-0.18971365706078294,0.7664333954710754
82.3,-0.623414723588913,-0.19215842068270023,0.7380741374568346
82.32,-0.6092350945817926,-0.1909360388717416,0.7160712648595788
82.34,-0.6595972251932891,-0.20902728967392964,0.7033584940256089
82.36,-0.7344069920239586,-0.25865599119885097,0.6693762796809584
82.38,-0.733184610213,-0.24887693671118175,0.6173028145341197
82.4,-0.7209607921034135,-0.2327414968065275,0.5750084038749503
82.42,-0.7351404211105339,-0.22980778046022673,0.5596063930568713
82.44,-0.7708339699905266,-0.2285853986492681,0.547138098585093
82.46,-0.8023714207132597,-0.24741007853803135,0.5446933349631757
82.48,-0.8182623842557223,-0.27210219111939615,0.5349142804755065
82.5,-0.8006600861779176,-0.26745714023775324,0.5202456987440027
82.52,-0.7808575008403875,-0.25645570393912537,0.5285578950585215
82.54,-0.7859915044464139,-0.23591968951502001,0.5129114078782507
82.56,-0.8224184824129817,-0.21391681691776426,0.48993062983222807
82.58,-0.8598233658283164,-0.18677994071448217,0.4532591755034685
82.6,-0.855667267671057,-0.16991107172325276,0.42563334657580293
82.62,-0.8087278061302448,-0.14937505729914738,0.4261222993001864
82.64,-0.7974818934694251,-0.14448553005531278,0.43370106652813006
82.66,-0.8906273874644746,-0.14057390826024507,0.42661125202456984
82.68,-1.0392690156770468,-0.10463588301806069,0.4087644775845735
82.7,-1.1272805060660698,-0.06405280689423341,0.39947437582128775
82.72,-1.0986767716896373,-0.05769642147724842,0.4036304739785472
82.74,-1.0260672921186933,-0.08581120312929744,0.4063197139626562
82.76,-1.005531277694588,-0.094367875806008,0.39776304128594564
82.78,-1.042691684747731,-0.06454175961861687,0.393851419490878
82.8,-1.089875622650735,-0.03349326162026709,0.39849647037252084
82.82,-1.1096782079882652,-0.018335727164379794,0.3950738013018366
82.84,-1.1155456406808666,-0.022491825321639215,0.38749503407389296
82.86,-1.1226354551844269,-0.028114781652049017,0.374782263239923
82.88,-1.1177459279405921,-0.027870305289857285,0.3540017724536259
82.9,-1.1074779207285395,-0.013446199920545182,0.34471167069034014
82.929,-1.0668948446047122,0.006111909054793264,0.3398221434465055
82.94,-1.0197109067017083,0.011979341747394798,0.3317544234941784
82.96,-1.0013751795373285,0.0070898145035601864,0.3202640344711671
82.98,-0.9957522232069187,-0.001222381810958653,0.30412859456651287
83.0,-0.9962411759313021,-0.009779054487669223,0.28261467469364054
83.02,-0.9950187941203434,-0.009045625401094031,0.25621122757693365
83.04,-0.9815725941997983,-0.009290101763285763,0.24325398038077192
83.06,-0.9644592488463771,-0.01980258533753018,0.23934235858570424
83.08,-0.9576139107050087,-0.03544907251780093,0.22174006050789963
83.1,-0.96910429972802,-0.047672890627387464,0.19924823518626042
83.12,-0.9915961250496592,-0.05109555969807169,0.1919139443205085
83.14,-1.016288237631024,-0.05549613421752284,0.18286831891941446
83.16,-1.029978913913761,-0.06503071234300034,0.15939858814900834
83.18,-1.0238670048589678,-0.07138709775998534,0.13715123918956085
83.2,-1.0268007212052686,-0.08043272316107936,0.1246829447177826
83.22,-1.0532041683219753,-0.09363444671943282,0.12566085016654951
83.24,-1.0835192372337499,-0.10170216667175992,0.1254163738043578
83.26,-1.1023439171225131,-0.10561378846682762,0.12126027564709838
83.28,-1.100632582587171,-0.10659169391559453,0.11637074840326375
83.3,-1.0818079026984078,-0.10854750481312837,0.12614980289093297
83.32,-1.0612718882743024,-0.11343703205696298,0.13568438101641048
83.34,-1.0554044555817008,-0.11734865385203068,0.14081838462243682
83.36,-1.0578492192036182,-0.11490389023011337,0.14350762460654584
83.38,-1.056137884668276,-0.11490389023011337,0.14252971915777893
83.4,-1.0519817865110166,-0.11392598478134645,0.14204076643339547
83.42,-1.0578492192036182,-0.11245912660819607,0.1391070500870947
83.44,-1.0629832228096445,-0.10879198117532012,0.13568438101641048
83.46,-1.0585826482901934,-0.10854750481312837,0.13055037741038414
83.48,-1.049048070164716,-0.11172569752162087,0.12101579928490663
83.5,-1.0612718882743024,-0.11368150841915473,0.1127036029703878
83.52,-1.0612718882743024,-0.11368150841915473,0.1127036029703878
83.54,-1.0683617027778627,-0.12003789383613972,0.11099226843504569
83.56,-1.0485591174403324,-0.12321608654463222,0.11099226843504569
83.58,-1.0368242520551294,-0.12174922837148183,0.11025883934847049
83.6,-1.0365797756929376,-0.11710417748983895,0.10976988662408703
83.62,-1.0312012957247196,-0.1127036029703878,0.10659169391559453
83.64,-1.021666717599242,-0.11245912660819607,0.10708064663997799
83.66,-1.0341350120710204,-0.12248265745805702,0.10463588301806069
83.68,-1.0558934083060845,-0.1246829447177826,0.10928093389970357
83.7,-1.062738746447453,-0.1158817956788803,0.11685970112764722
83.72,-1.0461143538184152,-0.10219111939614338,0.12297161018244049
83.74,-1.0292454848271857,-0.09485682853039147,0.1312838064969593
83.76,-1.0275341502918436,-0.09559025761696666,0.13421752284326008
83.78,-1.0270451975674602,-0.09559025761696666,0.13421752284326008
83.8,-1.0292454848271857,-0.09070073037313205,0.13421752284326008
83.82,-1.0275341502918436,-0.08483329768053051,0.13226171194572625
83.84,-1.0184885248907496,-0.08483329768053051,0.12590532652874126
83.86,-1.0187330012529414,-0.09534578125477493,0.11857103566298934
83.88,-1.031690248449103,-0.10463588301806069,0.11905998838737279
83.9,-1.0429361611099226,-0.10805855208874492,0.1215047520092901
83.92,-1.0527152155975918,-0.10439140665586896,0.11710417748983895
83.948,-1.0568713137548513,-0.09705711579011704,0.1158817956788803
83.96,-1.0500259756134829,-0.0951013048925832,0.12297161018244049
83.98,-1.047092259267182,-0.09974635577422608,0.12639427925312471
84.0,-1.0590716010145769,-0.09730159215230877,0.12761666106408337
84.02,-1.0615163646364942,-0.08581120312929744,0.13372857011887662
84.04,-1.047092259267182,-0.07774348317697033,0.13935152644928644
84.06,-1.0375576811417047,-0.07603214864162822,0.14155181370901201
84.08,-1.0409803502123889,-0.0767655777282034,0.1391070500870947
84.1,-1.0512483574244416,-0.07945481771231244,0.1447300064175045
84.12,-1.0502704519756745,-0.0774990068147786,0.147908199125997
84.14,-1.0375576811417047,-0.07578767227943647,0.14448553005531278
84.16,-1.026311768480885,-0.07285395593313572,0.14032943189805336
84.18,-1.0307123430003362,-0.07285395593313572,0.13641781010298568
84.2,-1.0400024447636218,-0.07847691226354551,0.13543990465421873
84.22,-1.0463588301806068,-0.08361091586957185,0.13519542829202702
84.24,-1.049048070164716,-0.08336643950738012,0.13250618830791797
84.26,-1.0502704519756745,-0.07652110136601167,0.1317727592213428
84.28,-1.0551599792195092,-0.07138709775998534,0.13495095192983528
84.3,-1.0554044555817008,-0.07260947957094398,0.13935152644928644
84.32,-1.0558934083060845,-0.0799437704366959,0.1359288573786022
84.34,-1.0676282736912874,-0.07774348317697033,0.13226171194572625
84.36,-1.0747180881948477,-0.07456529046847783,0.13421752284326008
84.38,-1.0732512300216972,-0.07065366867341014,0.14155181370901201
84.4,-1.0656724627937537,-0.07285395593313572,0.14693029367723007
84.42,-1.0573602664792348,-0.07701005409039513,0.1549980136295572
84.44,-1.0505149283378663,-0.07921034135012071,0.1608654463221587
84.46,-1.044403019283073,-0.0799437704366959,0.1598875408733918
84.48,-1.0356018702441707,-0.07798795953916206,0.15817620633804969
84.5,-1.03266815389787,-0.08189958133422974,0.16037649359777525
84.52,-1.0351129175197873,-0.08752253766463955,0.16331020994407602
84.54,-1.0329126302600617,-0.0863001558536809,0.17040002444763622
84.56,-1.0478256883537573,-0.08727806130244782,0.17333374079393699
84.58,-1.0451364483696481,-0.08238853405861321,0.17162240625859487
84.6,-1.0400024447636218,-0.0831219631451884,0.17015554808544447
84.62,-1.039024539314855,-0.08727806130244782,0.166977355376952
84.64,-1.0414693029367723,-0.08532225040491398,0.1613543990465422
84.66,-1.0461143538184152,-0.08116615224765455,0.1655104972038016
84.68,-1.0656724627937537,-0.07652110136601167,0.1735782171561287
84.7,-1.0842526663203251,-0.06723099960272591,0.17969012621092198
84.72,-1.084497142682517,-0.055985086941906306,0.17553402805366256
84.74,-1.0783852336277235,-0.040827552486019006,0.17651193350242947
84.76,-1.071539895486355,-0.03398221434465055,0.18433517709256486
84.78,-1.0656724627937537,-0.04425022155670324,0.188735751612016
84.8,-1.0617608409986858,-0.060874614185740916,0.19166946795831677
84.82,-1.0351129175197873,-0.07701005409039513,0.20022614063502733
84.84,-1.006264706781163,-0.09387892308162454,0.2119610060202304
84.86,-1.038046633866088,-0.11563731931668857,0.24325398038077192
84.88,-1.1111450661614155,-0.13397304648106836,0.25376646395501634
84.9,-1.1368150841915472,-0.16746630810133545,0.22125110778351617
84.92,-1.1368150841915472,-0.16746630810133545,0.22125110778351617
84.94,-1.0813189499740243,-0.1391070500870947,0.176022980778046
84.969,-1.0334015829844452,-0.08972282492436512,0.15548696635394066
84.98,-1.000886226812945,-0.07823243590135379,0.16013201723558354
85.0,-0.9918406014118509,-0.10341350120710203,0.1677107844635272
85.02,-0.9766830669559636,-0.12028237019833145,0.17137792989640313
85.04,-0.9461235216819973,-0.1239495156312074,0.17724536258900467
85.06,-0.9414784708003545,-0.15230877364544815,0.1757785044158543
85.08,-0.9876845032545916,-0.20438223879228676,0.16355468630626777
85.1,-1.0446474956452647,-0.25058827124652383,0.14350762460654584
85.12,-1.0695840845888214,-0.280414387433915,0.13886257372490296
85.14,-1.0370687284173212,-0.2806588637961067,0.12908351923723374
85.16,-1.0021086086239037,-0.2779696238119977,0.11612627204107202
85.18,-1.0270451975674602,-0.3046175472908963,0.12590532652874126
85.2,-1.049781499251291,-0.32906518351006936,0.12908351923723374
85.22,-1.0109097576628059,-0.3222198453687009,0.1303059010481924
85.24,-0.9534578125477493,-0.3117073617944565,0.13421752284326008
85.26,-0.9172753109433731,-0.32906518351006936,0.13543990465421873
85.28,-0.8955169147083091,-0.33786633254897164,0.1239495156312074
85.3,-0.8960058674326926,-0.34324481251718975,0.10879198117532012
85.32,-0.9162974054946063,-0.35864682333526876,0.10708064663997799
85.34,-0.9449011398710387,-0.3794273141215659,0.11612627204107202
85.36,-0.9825504996485652,-0.38651712862512605,0.12443846835559087
85.38,-0.9893958377899337,-0.3806496959325245,0.1295724719616172
85.4,-0.9478348562173394,-0.3515570088317086,0.12297161018244049
85.42,-0.9184976927543318,-0.3200195581089753,0.11123674479723741
85.44,-0.925587507257892,-0.30095040185802036,0.11441493750572991
85.46,-0.9972190813800691,-0.2796809583473398,0.13641781010298568
85.48,-1.0422027320233476,-0.20829386058735447,0.21244995874461386
85.5,-1.0639611282584114,-0.22198453687009137,0.21049414784708004
85.52,-1.0128655685603398,-0.25547779849035845,0.22956330409803502
85.54,-1.034379488433212,-0.28383705650459923,0.23469730770406136
85.56,-1.053448644684167,-0.3359105216514378,0.16648840265256853
85.58,-1.0774073281789567,-0.34031109617088895,0.11417046114353818
85.6,-1.0771628518167649,-0.31708584176267457,0.11099226843504569
85.62,-1.0681172264156709,-0.3165968890382911,0.1486416282125722
85.64,-0.9060293982825536,-0.2948384928032271,0.20780490786297098
85.66,-0.7610549155028573,-0.26672371115117804,0.2774806710876142
85.68,-0.9405005653515875,-0.34006661980869723,0.3324878525807536
85.7,-1.0065091831433548,-0.38333893591663354,0.3694037832717049
85.72,-0.8092167588546282,-0.3960517067506035,0.37160407053143046
85.74,-0.72047183937903,-0.381138648656908,0.4261222993001864
85.76,-0.7586101518809399,-0.32833175442349416,0.4620603245423708
85.78,-0.9365889435565199,-0.3363994743758213,0.4808850044311341
85.8,-0.993551935947193,-0.2774806710876142,0.4830852916908596
85.82,-0.875714329370779,-0.28725972557528345,0.4821073862420927
85.84,-0.813128380649696,-0.2760138129144638,0.48748586621031076
85.86,-0.8390428750420194,-0.26916847477309536,0.5662072548360481
85.88,-0.8813372857011887,-0.3491122452097913,0.6466399779971274
85.9,-0.8549338385844818,-0.31439660177856554,0.6131467163768602
85.92,-0.8571341258442075,-0.2806588637961067,0.5124224551538673
85.94,-0.793081318949974,-0.21611710417748983,0.5627845857653638
85.96,-0.6930904868135562,-0.32710937261253553,0.6204810072426122
85.989,-0.7666778718332671,-0.3236867035418513,0.5845429820004279
86.0,-0.8869602420315985,-0.30119487822021207,0.5776976438590594
86.02,-1.0397579684014302,-0.31341869632979863,0.5833206001894692
86.04,-0.9862176450814412,-0.3014393545824038,0.5891880328820707
86.06,-0.8009045625401093,-0.31390764905418206,0.5869877456223451
86.08,-0.7363628029214925,-0.3376218561867799,0.5625401094031721
86.1,-0.7693671118173762,-0.3510680561073251,0.5938330837637136
86.12,-0.8048161843351771,-0.38725055771170125,0.6551966506738379
86.14,-0.8840265256852978,-0.4554594627631941,0.5461601931363261
86.16,-0.8864712893072151,-0.35644653607554316,0.45986003728264524
86.18,-0.8153286679094215,-0.2747914311035052,0.34471167069034014
86.2,-0.7879473153439477,-0.27234666748158787,0.2779696238119977
86.22,-0.8859823365828317,-0.267701616599945,0.20584909696543716
86.24,-0.8766922348195458,-0.18555755890352352,0.23225254408214405
86.26,-0.8351312532469517,-0.23714207132597867,0.32515356171500165
86.28,-0.978149925129114,-0.40216361580539683,0.35693548879992665
86.3,-1.0815634263362162,-0.3945848485774532,0.2774806710876142
86.32,-1.0815634263362162,-0.3945848485774532,0.2774806710876142
86.34,-0.9864621214436329,-0.22662958775173425,0.321241939919934
86.36,-1.054426550132934,-0.18531308254133178,0.5292913241450967
86.38,-1.0043088958836293,-0.19924823518626042,0.6505515997921951
86.4,-0.7664333954710754,-0.21220548238242215,0.6644867524371237
86.42,-0.8299972496409254,-0.28970448919720077,0.6180362436206949
86.44,-1.1544173822693518,-0.33199889985637016,0.5786755493078263
86.46,-1.0764294227301898,-0.16917764263667756,0.5935886074015219
86.48,-0.7043363994743758,-0.16991107172325276,0.6141246218256272
86.5,-0.7006692540414998,-0.27161323839501267,0.5730525929774165
86.52,-0.8422210677505119,-0.25621122757693365,0.5275799896097546
86.54,-1.2365614399657734,-0.35644653607554316,0.4635271827155212
86.56,-1.1201906915625095,-0.31268526724322343,0.37111511780704703
86.58,-0.7011582067658834,-0.3043730709287046,0.4469027900864835
86.6,-0.5119335024294839,-0.3877395104360847,0.5275799896097546
86.62,-0.4975093970601717,-0.3830944595544418,0.5048436879259236
86.64,-0.6248815817620633,-0.3515570088317086,0.4361458301500474
86.66,-0.9397671362650124,-0.40216361580539683,0.3640253033034868
86.68,-1.329217981236439,-0.4378571646853895,0.390184274058002
86.7,-1.407450417137793,-0.26672371115117804,0.37453778687773126
86.72,-1.0241114812211594,-0.11099226843504569,0.5266020841609876
86.74,-0.7708339699905266,-0.2469211258136479,0.5913883201417963
86.76,-0.6503071234300033,-0.2222290132322831,0.6221923417779543
86.78,-0.5437154295144088,-0.04987317788711304,0.7128930721510863
86.8,-0.5720746875286495,0.019313632613146715,0.8282859151055832
86.82,-0.3909177031445772,-0.06894233413806802,0.9400116126272041
86.84,-0.5251352259878372,-0.24447636219173058,0.9087186382666625
86.86,-0.7099593558047856,-0.17846774439996332,0.7801240717538123
86.88,-0.7348959447483421,-0.12272713382024875,0.6001894691806986
86.9,-0.6747547596491764,-0.06503071234300034,0.5708523057176909
86.92,-0.6300155853680897,-0.08850044311340648,0.635149588974116
86.94,-0.6664425633346576,-0.22125110778351617,0.6021452800782324
86.96,-0.7155823121351954,-0.14937505729914738,0.6256150108486386
86.98,-0.7732787336124438,-0.14913058093695566,0.7341625156617669
87.009,-0.7160712648595788,-0.1990037588240687,0.8710692784891361
87.02,-0.5459157167741344,-0.16110992268435045,0.9488127616661064
87.04,-0.3764935977752651,-0.13152828285915105,0.881092809338997
87.06,-0.2916603000947346,-0.15157534455887295,0.8520001222381811
87.08,-0.3341991871160957,-0.16110992268435045,0.9449011398710387
87.1,-0.39776304128594564,-0.08287748678299667,1.0414693029367723
87.12,-0.44421355010237445,-0.015157534455887297,1.0148213794578735
87.14,-0.5532500076398863,-0.023469730770406136,0.9678819179170614
87.16,-0.6427283562020597,-0.034960119793417475,0.970082205176787
87.18,-0.5530055312776946,-0.03373773798245882,1.012621092198148
87.2,-0.5011765424930477,-0.07578767227943647,1.0089539467652722
87.22,-0.5745194511505669,-0.12248265745805702,1.0422027320233476
87.24,-0.6229257708645295,-0.08214405769642147,0.9947743177581517
87.26,-0.45692632093634444,-0.027625828927665557,0.9092075909910461
87.28,-0.26892399841090364,-0.08189958133422974,0.9182532163921401
87.3,-0.2750359074656969,-0.09363444671943282,0.9820615469241818
87.32,-0.2884821073862421,-0.013690676282736913,0.9967301286556856
87.34,-0.3063288818262384,0.00855667267671057,0.90554044555817
87.36,-0.24643217308926443,0.01711334535342114,0.8473550713565382
87.38,-0.1718668826207866,0.0009779054487669223,0.9341441799346025
87.4,-0.22100663142132446,-0.020536014424105367,1.0101763285762309
87.42,-0.23787550041255387,0.06674204687834245,0.9720380160743208
87.44,-0.15084191547229778,0.03349326162026709,0.9397671362650124
87.46,-0.13959600281147816,-0.013935152644928643,0.8908718638266663
87.48,-0.10023530849860954,0.04547260336766189,0.8551783149466736
87.5,-0.03716040705314305,0.10585826482901935,0.8197292424288727
87.52,0.05696299239067323,0.07823243590135379,0.8221740060507899
87.54,0.16013201723558354,0.007823243590135379,0.9070073037313204
87.56,0.12052684656052318,-0.009045625401094031,0.9351220853833695
87.58,-0.09143415945970723,0.02029153806191364,0.8960058674326926
87.6,-0.2390978822235125,-0.022736301683830944,0.8615347003636585
87.62,-0.22002872597255752,-0.02884821073862421,0.7197384102924549
87.64,-0.06674204687834245,0.031048497998349783,0.6549521743116462
87.66,0.07505424319286129,0.036182501604376124,0.6297711090058979
87.68,0.06698652324053418,-0.04547260336766189,0.5723191638908413
87.7,0.0911896830975155,-0.014668581731503835,0.5268465605231794
87.72,0.0911896830975155,-0.014668581731503835,0.5268465605231794
87.74,0.06918681050025975,0.0735873850197109,0.45961556092045347
87.76,-0.03813831250190997,0.16331020994407602,0.406564190324848
87.78,-0.15744277725147449,0.24398740946734712,0.38822846316046816
87.8,-0.2327414968065275,0.34202243070623106,0.4197659138832014
87.82,-0.29459401644103533,0.46230480090456255,0.44274669192922406
87.84,-0.2948384928032271,0.5984781346453565,0.3236867035418513
87.86,-0.3293096598722611,0.7312287993154661,0.1990037588240687
87.88,-0.4293004920086789,0.8141062860984628,0.26427894752926073
87.9,-0.5334474223023561,0.8419765913883202,0.3383552852733551
87.92,-0.6498181707056199,0.9018733001252941,0.25865599119885097
87.94,-0.755920911896831,0.9189866454787152,0.20022614063502733
87.96,-0.7916144607768236,0.865690798520918,0.2180729150750237
87.98,-0.7006692540414998,0.8610457476392751,0.29703878006295265
88.0,-0.6520184579653454,0.912874736423922,0.3486232924854078
88.029,-0.7586101518809399,0.9681263942792531,0.22736301683830945
88.04,-0.8542004094979067,0.9622589615866516,0.1183265593007976
88.06,-0.7977263698316169,0.8725361366622865,0.07309843229532745
88.08,-0.6466399779971274,0.80946123521682,0.06674204687834245
88.1,-0.528068942334138,0.8380649695932524,0.023469730770406136
88.12,-0.6265929162974054,0.9221648381872077,-0.10096873758518474
88.14,-0.8304862023653088,0.9771720196803472,-0.14008495553586162
88.16,-0.7811019772025792,0.9016288237631024,-0.02518106530574825
88.18,-0.5750084038749503,0.8265745805702411,0.052317941509030345
88.2,-0.5818537420163188,0.9544357179965162,0.022736301683830944
88.22,-0.664242276074932,1.1434159459707238,-0.02982611618739113
88.24,-0.6036121382513828,1.181554258472634,-0.043761268832319775
88.26,-0.6226812945023378,1.1847324511811264,-0.034960119793417475
88.28,-0.6613085597286312,1.189621978424961,0.0041560981572594195
88.3,-0.5275799896097546,1.1189683097515508,0.04987317788711304
88.32,-0.46157137181798735,1.1458607095926412,0.06038566146135745
88.34,-0.5307581823182471,1.2302050545487884,0.03349326162026709
88.36,-0.4938422516272958,1.2243376218561868,0.0073342908657519175
88.38,-0.3628029214925282,1.2118693273844086,-0.04449469791889497
88.4,-0.2603673257341931,1.2553861198545366,-0.11808208293860586
88.42,-0.18506860617914006,1.2717660361213825,-0.13568438101641048
88.44,-0.09656816306573358,1.2201815236989273,-0.12566085016654951
88.46,-0.06331937780765821,1.2348501054304313,-0.1662439262903768
88.48,-0.3931179904043028,1.4798154203465452,-0.18604651162790697
88.5,-0.6317269199034318,1.605231794150903,-0.13959600281147816
88.52,-0.5759863093237173,1.794945451211686,-0.1613543990465422
88.54,-0.22442930049200868,1.8350395746111297,-0.15744277725147449
88.56,-0.07285395593313572,1.8013018366286708,-0.10439140665586896
88.58,-0.3231977508174678,1.711334535342114,-0.026158970754515173
88.6,-0.5776976438590594,1.3568438101641047,0.19973718791064388
88.62,-0.5466491458607096,1.0148213794578735,0.4349234483390887
88.64,-0.5542279130886533,0.9747272560584298,0.5351587568376982
88.66,-0.6026342328026159,0.9260764599822754,0.5605842985056382
88.68,-0.45692632093634444,0.8079943770436696,0.5292913241450967
88.7,-0.28505943831555786,0.619747578156037,0.5312471350426305
88.72,-0.31219631451883995,0.42832258655991196,0.4190324847966262
88.74,-0.6622864651773982,0.4652385172508633,0.20976071876050484
88.76,-1.0351129175197873,0.4349234483390887,0.12223818109586529
88.78,-0.9519909543745989,0.45839317910949484,0.0743208141062861
88.8,-0.8221740060507899,0.5204901751061944,0.10390245393148549
88.82,-0.8331754423494179,0.44274669192922406,0.2029153806191364
88.84,-1.062738746447453,0.31708584176267457,0.23567521315282827
88.86,-0.9363444671943282,0.1750450753292791,0.13470647556764356
88.88,-0.6136356691012438,0.25449989304159154,0.036182501604376124
88.9,-0.6860006723099961,0.45521498640100233,-0.03447116706903401
88.92,-0.922898267273783,0.4517923173303181,-0.004889527243834612
88.94,-0.8918497692754331,0.23811997677474558,0.059896708736973996
88.96,-0.872047183937903,0.35938025242184396,0.048650796076154385
88.98,-0.8862268129450234,0.5048436879259236,0.06967576322464322
89.0,-0.5124224551538673,0.40314152125416375,-0.028603734376432478
89.02,-0.4493475537084008,0.5620511566787886,-0.07456529046847783
89.049,-0.840265256852978,0.7341625156617669,0.060141185099165724
89.06,-0.9820615469241818,0.5297802768694801,0.22760749320050117
89.08,-0.8167955260825719,0.5405372368059164,0.22687406411392597
89.1,-0.8167955260825719,0.5405372368059164,0.22687406411392597
89.12,-0.8128839042875042,0.6852672432234208,0.1982703297374935
89.14,-0.9038291110228279,0.6336827308009657,0.17064450080982796
89.16,-0.9703266815389787,0.6258594872108303,0.11930446474956452
89.18,-1.0050423249702045,0.5923662255905632,0.08727806130244782
89.2,-0.9233872199981664,0.6065458545976836,0.058185374201631876
89.22,-0.8713137548513278,0.6534853161384958,0.15768725361366623
89.24,-0.7246279375362894,0.7016471594902668,0.27014638022186227
89.26,-0.3676924487363628,0.7630107264003911,0.36915930690951315
89.28,-0.5791645020322097,0.5153561715001681,0.22834092228707636
89.3,-0.9722824924365125,0.4403019283073068,0.022247348959447483
89.32,-0.9422118998869297,0.532713993215781,0.06038566146135745
89.34,-0.8302417260031171,0.48455214986401,0.10292454848271858
89.36,-0.8282859151055832,0.40974238303334043,0.10488035938025242
89.38,-0.8082388534058613,0.4112092412064908,0.028114781652049017
89.4,-0.6657091342480824,0.4508144118815512,-0.08116615224765455
89.42,-0.8754698530085873,0.6493292179812364,-0.1535311554564068
89.44,-0.8551783149466736,0.896494820157076,0.13715123918956085
89.46,-0.6283042508327475,0.7864804571707973,0.3317544234941784
89.48,-0.5708523057176909,0.49213091709195367,0.34397824160376494
89.5,-0.5994560400941233,0.4684167099593558,0.3046175472908963
89.52,-0.9006509183143354,0.6241481526754882,0.23567521315282827
89.54,-1.2199370473367357,0.6654646578858906,0.22931882773584328
89.56,-1.2456070653668674,0.7500534792042294,0.1655104972038016
89.58,-1.07080646639978,0.9060293982825536,0.0774990068147786
89.6,-1.0749625645570393,1.062494270085261,-0.08116615224765455
89.62,-1.031934724811295,1.088897717201968,-0.17284478806955353
89.64,-0.8615347003636585,1.1876661675274272,-0.1909360388717416
89.66,-0.736851755645876,1.1527060477340096,-0.166977355376952
89.68,-0.6644867524371237,1.069828560951013,-0.12174922837148183
89.7,-0.5811203129297436,1.0304678666381444,-0.10243559575833511
89.72,-0.5723191638908413,1.003575466797054,-0.07896586498792897
89.74,-0.5882101274333038,0.979127830577881,-0.040827552486019006
89.76,-0.6136356691012438,0.9568804816184335,0.009534578125477493
89.78,-0.6522629343275372,0.9502796198392568,0.043516792470128046
89.8,-0.6727989487516426,0.9583473397915839,0.03178192708492498
89.82,-0.6471289307215109,0.9749717324206215,0.03862726522629343
89.84,-0.5904104146930294,0.9969746050178773,0.04693946154081227
89.86,-0.53540323319989,1.0514928337866332,0.05427375240656419
89.88,-0.5246462732634538,1.1135898297833329,0.1031690248449103
89.9,-0.5178009351220854,1.1023439171225131,0.2246737768542004
89.92,-0.49848730250893863,0.9774164960425389,0.3515570088317086
89.94,-0.4987317788711304,0.8143507624606545,0.4087644775845735
89.96,-0.5273355132475629,0.7339180392995752,0.40974238303334043
89.98,-0.5583840112459126,0.7168046939461541,0.4212327720563518
90.0,-0.5556947712618037,0.6838003850502704,0.4222106775051187
90.02,-0.550805244017969,0.657885890657947,0.3708706414448553
90.04,-0.5530055312776946,0.6664425633346576,0.3102405036213061
90.068,-0.5620511566787886,0.683311432325887,0.20902728967392964
90.08,-0.6512850288787703,0.7197384102924549,0.09730159215230877
90.1,-0.7605659627784739,0.730495370228891,0.06820890505149284
90.12,-0.7407633774409437,0.6745102832869847,0.09021177764874859
90.14,-0.6762216178223268,0.6466399779971274,0.0767655777282034
90.16,-0.6586193197445221,0.6967576322464322,0.026403447116706905
90.18,-0.6583748433823304,0.7762124499587446,-0.05402927604437246
90.2,-0.6173028145341197,0.8405097332151698,-0.10879198117532012
90.22,-0.5229349387281117,0.868380038505027,-0.12590532652874126
90.24,-0.443724597377991,0.8957613910705009,-0.15646487180270757
90.26,-0.4241664884026526,0.937322372643095,-0.22051767869694097
90.28,-0.4339455428903218,0.9867065978058246,-0.2821257219692571
90.3,-0.43370106652813006,0.9847507869082908,-0.26721266387556153
90.32,-0.4063197139626562,0.9043180637472115,-0.22247348959447483
90.34,-0.34568957613910706,0.8495553586162637,-0.233230449530911
90.36,-0.2755248601900804,0.8202181951532561,-0.27039085658405404
90.38,-0.25278855850624943,0.770345017266143,-0.28970448919720077
90.4,-0.29997249640925344,0.704091923112184,-0.25645570393912537
90.42,-0.3510680561073251,0.6371053998716499,-0.24569874400268923
90.44,-0.3613360633193778,0.6520184579653454,-0.2510772239709073
90.46,-0.362069492405953,0.6904012468294471,-0.2630565657183021
90.48,-0.37527121596430646,0.6407725453045259,-0.2500993185221404
90.5,-0.37527121596430646,0.6407725453045259,-0.2500993185221404
90.52,-0.3982519940103291,0.5908993674174128,-0.2029153806191364
90.54,-0.4050973321516976,0.5649848730250894,-0.12223818109586529
90.56,-0.3899397976958103,0.554472389450845,-0.06918681050025975
90.58,-0.355713106988968,0.5972557528343978,-0.0647862359808086
90.6,-0.33859976163554684,0.6718210433028756,-0.07285395593313572
90.62,-0.3667145432875959,0.7644775845735415,-0.11759313021422241
90.64,-0.42832258655991196,0.8896494820157076,-0.22882987501145982
90.66,-0.5310026586804388,0.9984414631910277,-0.31708584176267457
90.68,-0.6657091342480824,1.0043088958836293,-0.32662041988815205
90.7,-0.7400299483543684,0.9583473397915839,-0.32808727806130245
90.72,-0.7402744247165602,1.0011307031751366,-0.34740091067444917
90.74,-0.7380741374568346,1.0879198117532012,-0.35938025242184396
90.76,-0.7806130244781957,1.1241023133575772,-0.3926290376799193
90.78,-0.8832930965987226,1.117990404302784,-0.40020780490786295
90.8,-1.0346239647954039,1.0786297099899154,-0.39996332854567124
90.82,-1.1847324511811264,1.0106652813006143,-0.3679369250985545
90.84,-1.3079485377257587,0.9077407328178957,-0.30975155089692263
90.86,-1.4076948934999847,0.8221740060507899,-0.20976071876050484
90.88,-1.4959508602511995,0.7478531919445038,-0.06771995232710937
90.9,-1.467347125874767,0.6353940653363078,0.011245912660819608
90.92,-1.2282492436512544,0.68233352687712,-0.11514836659230511
90.94,-0.8842710020474895,0.9285212236041928,-0.3505791033829417
90.96,-0.6786663814442441,1.0776518045411485,-0.529046847782905
90.98,-0.5283134186963298,1.0583381719280016,-0.5261131314366042
91.0,-0.48650796076154385,0.9705711579011704,-0.45986003728264524
91.02,-0.4975093970601717,0.9632368670354184,-0.41536533936375025
91.04,-0.47232833175442346,0.9686153470036366,-0.381138648656908
91.06,-0.4405464046694985,0.9013843474009107,-0.3327323289429453
91.089,-0.4522812700547016,0.7918589371390153,-0.25376646395501634
91.11,-0.45521498640100233,0.7346514683861504,-0.24741007853803135
91.13,-0.437368211961006,0.7696115881795679,-0.29606087461418573
91.15,-0.4190324847966262,0.8016379916266846,-0.27039085658405404
91.17,-0.37038168872047184,0.8043272316107937,-0.2618341839073435
91.19,-0.37038168872047184,0.8043272316107937,-0.2618341839073435
91.21,-0.29850563823610304,0.8060385661461358,-0.29875011459829476
91.23,-0.2589004675610427,0.8260856278458576,-0.3231977508174678
91.25,-0.2870152492130917,0.9104299728020047,-0.3197750817467836
91.27,-0.38725055771170125,1.051737310148825,-0.289460012835009
91.29,-0.4420132628426489,1.0920759099104604,-0.2887265837484338
91.31,-0.3799162668459493,1.020933288512667,-0.3055954527396632
91.33,-0.34397824160376494,0.9629923906732267,-0.30168383094459555
91.35,-0.3645142560278703,0.940989518075971,-0.28163676924487363
91.37,-0.37355988142896435,0.8879381474803655,-0.2476545549002231
91.39,-0.33199889985637016,0.8251077223970907,-0.24349845674296366
91.41,-0.3214864162821257,0.7889252207927145,-0.2408092167588546
91.43,-0.39042875042019376,0.7850135989976469,-0.20780490786297098
91.45,-0.45937108455826176,0.7791461663050454,-0.17088897717201967
91.47,-0.481862909879901,0.7683892063686092,-0.1623323044953091
91.49,-0.5138893133270177,0.7896586498792898,-0.15059743911010604
91.51,-0.5992115637319316,0.8380649695932524,-0.10463588301806069
91.53,-0.6994468722305413,0.8705803257647526,-0.0440057451945115
91.55,-0.7859915044464139,0.8960058674326926,-0.006111909054793264
91.57,-0.8336643950738013,0.9326773217614521,-0.022491825321639215
91.59,-0.7644775845735415,0.9893958377899337,-0.11881551202518106
91.61,-0.5950554655746723,1.0766738990923814,-0.22369587140543348
91.63,-0.43932402285853983,1.1055221098310057,-0.28408153286679094
91.65,-0.37062616508266355,1.0143324267334901,-0.26721266387556153
91.67,-0.42001039024539316,0.8832930965987226,-0.23591968951502001
91.69,-0.4786847171714085,0.8150841915472298,-0.22442930049200868
91.71,-0.49726492069798,0.7913699844146319,-0.22247348959447483
91.73,-0.519023316933044,0.8045717079729854,-0.22907435137365156
91.75,-0.5307581823182471,0.8461326895455795,-0.24887693671118175
91.77,-0.5207346514683862,0.8830486202365309,-0.27063533294624575
91.79,-0.49115301164318675,0.8918497692754331,-0.29752773278733613
91.81,-0.47355071356538214,0.9143415945970724,-0.3224643217308926
91.83,-0.48650796076154385,0.9556580998074748,-0.3361549980136295
91.85,-0.48944167710784464,0.9583473397915839,-0.3461785288634905
91.87,-0.47183937903004003,0.9243651254469333,-0.3518014851939003
91.89,-0.45741527366072793,0.8718027075757112,-0.34593405250129877
91.91,-0.4515478409681264,0.8133728570118877,-0.32515356171500165
91.93,-0.4359013537878556,0.7798795953916206,-0.29948354368486996
91.95,-0.4094979066711487,0.7720563518014851,-0.28799315466185865
91.97,-0.3982519940103291,0.7823243590135378,-0.28823763102405037
91.99,-0.41047581211991563,0.8163065733581885,-0.2877486782996669
92.01,-0.4285670629221037,0.869357943953794,-0.2904379182837759
92.03,-0.4361458301500474,0.9585918161537756,-0.3043730709287046
92.05,-0.4522812700547016,1.0769183754545733,-0.34422271796595666
92.07,-0.44519145555114137,1.0541820737707424,-0.3525349142804755
92.099,-0.44103535739388194,0.9338997035724108,-0.30901812181034743
92.11,-0.44959203007059256,0.8703358494025609,-0.2784585765363811
92.13,-0.4515478409681264,0.8395318277664028,-0.24887693671118175
92.15,-0.45839317910949484,0.8170400024447636,-0.2342083549796779
92.17,-0.4938422516272958,0.8417321150261284,-0.23225254408214405
92.19,-0.5432264767900253,0.8898939583778993,-0.22907435137365156
92.21,-0.5666962075604315,0.9040735873850196,-0.22931882773584328
92.23,-0.5632735384897473,0.893805580172967,-0.23054120954680193
92.25,-0.5432264767900253,0.8698468966781774,-0.2271185404761177
92.27,-0.5361366622864652,0.8255966751214742,-0.2109831005714635
92.29,-0.5346698041133148,0.7752345445099776,-0.17969012621092198
92.31,-0.5292913241450967,0.7446749992360113,-0.1591541117868166
92.33,-0.5400482840815328,0.7644775845735415,-0.16428811539284294
92.35,-0.553494484002078,0.8087278061302448,-0.17626745714023775
92.37,-0.5454267640497509,0.844910307734621,-0.17040002444763622
92.39,-0.5383369495461907,0.8727806130244782,-0.1672218317391437
92.41,-0.531736087767014,0.9140971182348806,-0.160620969959967
92.43,-0.5285578950585215,0.9639702961219937,-0.15719830088928277
92.45,-0.5295358005072884,1.0038199431592458,-0.16208782813311737
92.47,-0.5351587568376982,1.0246004339455428,-0.1615988754087339
92.49,-0.5439599058766006,1.0192219539773248,-0.15206429728325643
92.51,-0.5358921859242735,0.9962411759313021,-0.15059743911010604
92.53,-0.5134003606026343,0.9427008526113131,-0.1454634355040797
92.55,-0.48870824802126944,0.872047183937903,-0.14057390826024507
92.57,-0.47355071356538214,0.8189958133422974,-0.1383736210005195
92.59,-0.47355071356538214,0.8189958133422974,-0.1383736210005195
92.61,-0.4620603245423708,0.7903920789658649,-0.1376401919139443
92.63,-0.4535036518656602,0.7999266570913425,-0.16208782813311737
92.65,-0.45765975002291964,0.8312196314518839,-0.19460318430461754
92.67,-0.48406319713962653,0.8522445986003728,-0.23200806771995233
92.69,-0.5204901751061944,0.868380038505027,-0.2598783730098096
92.71,-0.5618066803165969,0.8696024203159857,-0.27943648198514803
92.73,-0.5864987928979617,0.865690798520918,-0.29777220914952784
92.75,-0.5908993674174128,0.8321975369006509,-0.29459401644103533
92.77,-0.6344161598875409,0.7534761482749136,-0.2618341839073435
92.79,-0.6916236286404058,0.6918681050025975,-0.2503437948843321
92.81,-0.7532316719127219,0.7155823121351954,-0.29459401644103533
92.83,-0.7842801699110717,0.7309843229532744,-0.34006661980869723
92.85,-0.7696115881795679,0.7094704030804021,-0.3527793906426672
92.87,-0.7586101518809399,0.7270727011582068,-0.3750267396021147
92.89,-0.7820798826513461,0.7674113009198423,-0.4202548666075849
92.91,-0.8600678421905081,0.78403569354888,-0.4681722335971641
92.93,-0.9515020016502155,0.7764569263209363,-0.5241573205390704
92.95,-0.978149925129114,0.7339180392995752,-0.5554502948996118
92.97,-0.9312104635883018,0.683311432325887,-0.5622956330409803
92.99,-0.8935611038107752,0.6776884759954772,-0.5740304984261834
93.01,-0.8950279619839256,0.6864896250343795,-0.5957888946612474
93.03,-0.9082296855422791,0.6485957888946612,-0.5896769856064542
93.05,-0.8984506310546099,0.591632796503988,-0.5603398221434465
93.07,-0.8705803257647526,0.5525165785533112,-0.531736087767014
93.09,-0.8458882131833878,0.5229349387281117,-0.48797481893469424
93.12,-0.8336643950738013,0.5001986370442808,-0.45863765547168656
93.14,-0.8243742933105155,0.4982428261467469,-0.4405464046694985
93.16,-0.8564006967576322,0.46401613543990466,-0.3581578706108853
93.18,-0.8598233658283164,0.4109647648442991,-0.3029062127555542
93.2,-0.8172844788069553,0.41560981572594197,-0.3183082235736332
93.22,-0.7334290865751918,0.4667053754240137,-0.31244079088103166
93.24,-0.6882009595697216,0.47135042630565654,-0.2791920056229563
93.26,-0.7116706903401278,0.43052287381963755,-0.24007578767227944
93.28,-0.7116706903401278,0.43052287381963755,-0.24007578767227944
93.3,-0.7297619411423157,0.43272316107936315,-0.2271185404761177
93.32,-0.6099685236683678,0.42905601564648715,-0.29948354368486996
93.34,-0.4148763866393668,0.48821929529688596,-0.317574794487058
93.36,-0.31488555450294897,0.5461601931363261,-0.29630535097637745
93.38,-0.3244201326284265,0.5222015096415366,-0.2760138129144638
93.4,-0.42563334657580293,0.5319805641292057,-0.30095040185802036
93.42,-0.6622864651773982,0.6564190324847966,-0.34104452525746415
93.44,-0.9067628273691287,0.7036029703878006,-0.38896189224704336
93.46,-0.9375668490052868,0.5781865965834428,-0.4405464046694985
93.48,-0.8060385661461358,0.49188644072976195,-0.45741527366072793
93.5,-0.7864804571707973,0.5026434006661981,-0.48748586621031076
93.52,-0.8062830425083275,0.4850411025883935,-0.5087553097209914
93.54,-0.7979708461938086,0.46108241909360387,-0.5723191638908413
93.56,-0.8864712893072151,0.4828408153286679,-0.5464046694985178
93.58,-0.9507685725636402,0.47281728447880694,-0.47623995354949117
93.6,-0.9478348562173394,0.2877486782996669,-0.38969532133361856
93.62,-1.0478256883537573,0.15402010818079026,-0.5048436879259236
93.64,-1.0774073281789567,0.20487119151667021,-0.8319530605384592
93.66,-1.0659169391559453,0.188735751612016,-1.1192127861137426
93.68,-1.157106622253461,0.056229563304098035,-1.0585826482901934
93.7,-1.198667603826055,-0.06845338141368457,-0.9070073037313204
93.72,-1.0104208049384225,-0.11392598478134645,-1.0439140665586897
93.74,-0.9556580998074748,-0.08043272316107936,-0.8089722824924365
93.76,-0.5503162912935855,0.1381291446383278,-0.6879564832075299
93.78,-0.1486416282125722,0.4398129755829233,-0.6879564832075299
93.8,-0.6586193197445221,0.48553005531277693,-0.6412614980289093
93.82,-1.3976713626501238,-0.02591449439232344,-0.6143690981878189
93.84,-1.6367692448736362,-0.19802585337530176,-0.6305045380924732
93.86,-1.3881367845246462,-0.4204993429697766,-0.5855208874491947
93.88,-1.2905907160101457,-0.35840234697307705,-0.7363628029214925
93.9,-0.9744827796962381,-0.1166152247654555,-0.803104849799835
93.92,-0.5202456987440027,-0.005622956330409804,-0.54811600403386
93.94,0.374782263239923,0.3821165541056749,-0.05940775601259053
93.96,0.11392598478134645,0.7454084283225866,-0.6385722580448003
93.98,-1.148794425938942,0.17162240625859487,-0.9625034379488433
94.0,-2.2000427833633833,-0.5461601931363261,-0.2747914311035052
94.02,-0.7637441554869664,-0.20487119151667021,-0.9649482015707606
94.04,-0.47672890627387465,-0.16819973718791065,-0.7999266570913425
94.06,-1.9819698682883597,-0.34177795434403935,0.25156617669529074
94.08,-0.33199889985637016,0.2591449439232344,0.1471747700394218
94.1,0.9937964123093849,0.4513033646059347,-0.011734865385203068
94.129,0.32515356171500165,-0.10585826482901935,-0.4539926045900437
94.15,-0.726828224796015,-0.019069156250954986,-1.0238670048589678
94.17,-2.203954405158451,0.23469730770406136,-0.7901476026036732
94.19,-1.666106408336644,-0.12052684656052318,-0.8986951074168016
94.21,-0.4341900192525135,-0.15059743911010604,-0.7952816062096996
94.23,-0.4588821318338783,-0.02493658894355652,-0.2743024783791217
94.25,-1.1651743422057879,-0.21000519512269658,-0.06918681050025975
94.27,-1.5318888854933839,-0.17553402805366256,-0.04645050881642881
94.29,-1.3671118173761574,-0.23836445313693733,-0.14815267548818872
94.31,-1.1509947131986675,-0.09803502123888397,-0.2518106530574825
94.33,-1.282278519695627,0.14497448277969624,-0.18360174800598966
94.35,-1.4167405189010787,0.23151911499556885,-0.1613543990465422
94.37,-1.4587904531980564,0.13886257372490296,-0.20976071876050484
94.39,-1.4539009259542217,-0.019069156250954986,-0.276747242001039
94.41,-1.1659077712923631,0.01589096354246249,-0.43198973199278795
94.43,-0.8165510497203802,0.06771995232710937,-0.5559392476239954
94.45,-0.6801332396173945,0.0919231121840907,-0.8361091586957186
94.47,-0.6466399779971274,0.13372857011887662,-0.620725483604804
94.49,-0.8605567949148917,0.024203159856981328,-0.2757693365522721
94.51,-0.9466124744063809,-0.2647679002536442,-0.6217033890535709
94.53,-0.575252880237142,0.04791736698957919,-0.8940500565351588
94.55,-0.48870824802126944,0.30975155089692263,-0.8681355621428353
94.57,-0.6529963634141124,0.3383552852733551,-1.0011307031751366
94.59,-0.6813556214283532,0.2263851113895425,-1.0950096262567612
94.61,-0.6610640833664395,0.14106286098462856,-1.0492925465269076
94.63,-0.6375943525960334,0.08850044311340648,-0.9612810561378846
94.65,-0.7033584940256089,0.11123674479723741,-0.9035846346606362
94.67,-0.8644684167099593,0.16966659536106102,-0.8590899367417413
94.69,-1.0074870885921217,0.1965589952021514,-0.7945481771231244
94.71,-1.0705619900375882,0.23029673318461022,-0.6754881887357516
94.73,-1.0057757540567795,0.21636158053968157,-0.5263576077987959
94.75,-0.7490755737554625,0.12639427925312471,-0.41145371756868254
94.77,-0.568896494820157,0.0743208141062861,-0.4977538734223635
94.79,-0.5569171530727622,0.15890963542462488,-0.42905601564648715
94.81,-0.5742749747883752,0.19533661339119274,-0.2662347584267946
94.83,-0.4960425388870214,0.13470647556764356,-0.3368884271002047
94.85,-0.37307092870458086,0.24252055129419675,-0.4940867279894875
94.87,-0.38896189224704336,0.5395593313571494,-0.5735415457017999
94.89,-0.4275891574733368,0.532713993215781,-0.5383369495461907
94.91,-0.5823426947407022,0.22687406411392597,-0.5085108333587997
94.93,-0.512666931516059,0.201448522445986,-0.5652293493872811
94.95,-0.3293096598722611,0.5246462732634538,-0.9666595361061027
94.97,-0.23640864223940347,0.7542095773614889,-1.254163738043578
94.99,-0.20976071876050484,0.610701952754943,-1.1338813678452464
95.01,-0.374782263239923,0.37062616508266355,-0.8123949515631207
95.03,-0.27283562020597135,0.31928612902240017,-0.6468844543593191
95.05,-0.25718913302570057,0.5930996546771384,-0.7725453045258687
95.07,-0.5561837239861871,0.8368425877822938,-0.6481068361702778
95.09,-0.9072517800935122,0.6383277816826085,-0.2596338966476179
95.11,-1.0255783393943099,0.5424930477034502,-0.07505424319286129
95.139,-0.7483421446688873,0.6855117195856125,-0.1750450753292791
95.15,-0.7791461663050454,0.9275433181554258,-0.3642697796656786
95.17,-1.1187238333893592,0.7392965192677933,-0.30021697277144516
95.19,-1.4634355040796994,0.5031323533905815,-0.3916511322311524
95.21,-1.350242948384928,0.8864712893072151,-0.3997188521834795
95.23,-0.667909421507808,0.6520184579653454,-0.3606026342328026
95.25,-0.5566726767105705,0.539070378632766,-0.25156617669529074
95.27,-0.6666870396968493,0.6928460104513645,-0.36964825963389664
95.29,-0.8307306787275005,0.8145952388228463,-0.6341716835253491
95.31,-0.8534669804113315,0.7647220609357332,-0.7155823121351954
95.33,-0.6158359563609693,0.6718210433028756,-0.6461510252727439
95.35,-0.41854353207224276,0.6111909054793264,-0.5896769856064542
95.37,-0.41854353207224276,0.6111909054793264,-0.5896769856064542
95.39,-0.3821165541056749,0.6586193197445221,-0.5933441310393301
95.41,-0.4554594627631941,0.632460348990007,-0.5982336582831648
95.43,-0.4950646334382544,0.6229257708645295,-0.568896494820157
95.45,-0.3892063686092351,0.5874766983467286,-0.523668367814687
95.47,-0.27087980930843747,0.5363811386486569,-0.5004431134064725
95.49,-0.17113345353421142,0.5420040949790667,-0.5048436879259236
95.51,-0.15866515906243314,0.5960333710234391,-0.5400482840815328
95.53,-0.20340433334351984,0.6209699599669957,-0.5652293493872811
95.55,-0.2784585765363811,0.6292821562815145,-0.6591082724689057
95.57,-0.29557192188980225,0.7686336827308009,-0.7055587812853344
95.59,-0.24643217308926443,0.8006600861779176,-0.56082877486783
95.61,-0.17895669712434678,0.5564282003483788,-0.43027839745744584
95.63,-0.059896708736973996,0.5855208874491947,-0.4994652079577056
95.65,-0.06747547596491764,0.8385539223176359,-0.5310026586804388
95.67,-0.29875011459829476,0.7786572135806619,-0.5417596186168749
95.69,-0.5517831494667359,0.7292729884179323,-0.5828316474650858
95.71,-0.7454084283225866,0.8986951074168016,-0.6603306542798643
95.73,-0.744919475598203,0.9211869327384409,-0.6075237600464505
95.75,-0.5556947712618037,0.8165510497203802,-0.4510588882437429
95.77,-0.5156006478623598,0.7282950829691655,-0.38725055771170125
95.79,-0.5957888946612474,0.7982153225560004,-0.47672890627387465
95.81,-0.6481068361702778,0.9153195000458393,-0.576230785685909
95.83,-0.6383277816826085,0.9387892308162454,-0.5385814259083824
95.85,-0.7419857592519024,0.8962503437948843,-0.3141521254163738
95.87,-1.0612718882743024,0.8872047183937903,-0.0982794976010757
95.89,-1.315771781315894,0.8676466094184518,-0.02591449439232344
95.91,-1.0307123430003362,0.7461418574091617,-0.1183265593007976
95.93,-0.41927696115881796,0.8642239403477676,-0.31341869632979863
95.95,-0.02151391987287229,1.1111450661614155,-0.48968615347003636
95.97,-0.006356385416984995,1.1263026006173027,-0.5266020841609876
95.99,-0.3246646089906182,0.9089631146288543,-0.4043639030651224
96.01,-0.5921217492283715,0.7779237844940867,-0.35864682333526876
96.03,-0.5950554655746723,0.7551874828102557,-0.3645142560278703
96.05,-0.4405464046694985,0.8028603734376433,-0.317574794487058
96.07,-0.35473520154020105,0.8637349876233842,-0.28677077285089997
96.09,-0.2909268710081594,0.9148305473214559,-0.2390978822235125
96.11,-0.2916603000947346,0.9471014271307643,-0.11441493750572991
96.13,-0.3950738013018366,0.9705711579011704,-0.0041560981572594195
96.159,-0.46963909177031443,0.9964856522934938,0.03178192708492498
96.17,-0.4513033646059347,0.995507746844727,0.04327231610793631
96.19,-0.40143018671882164,0.9893958377899337,0.015157534455887297
96.21,-0.36329187421691167,0.9798612596644561,-0.06405280689423341
96.23,-0.35522415426458454,0.9649482015707606,-0.1677107844635272
96.25,-0.3791828377593741,0.9197200745652905,-0.2263851113895425
96.27,-0.41585429208813374,0.8527335513247563,-0.24496531491611404
96.29,-0.4253888702136112,0.8495553586162637,-0.25547779849035845
96.31,-0.41512086300155854,0.8813372857011887,-0.2694129511352871
96.33,-0.43345659016593835,0.9236316963603581,-0.2779696238119977
96.35,-0.4090089539467653,0.9294991290529597,-0.2183173914372154
96.37,-0.35595758335115973,0.8999174892277603,-0.12297161018244049
96.39,-0.41585429208813374,0.9559025761696666,-0.08361091586957185
96.41,-0.47770681172264157,0.9830394523729487,-0.027870305289857285
96.43,-0.4850411025883935,0.9519909543745989,-0.001711334535342114
96.45,-0.5288023714207133,0.9967301286556856,-0.022247348959447483
96.47,-0.5192677932952358,0.9903737432387005,-0.03153745072273324
96.49,-0.38431684136540045,0.9045625401094032,-0.016135439904654218
96.51,-0.3029062127555542,0.9519909543745989,-0.08043272316107936
96.53,-0.31072945634568955,1.0199553830638999,-0.1317727592213428
96.55,-0.31146288543226475,0.9649482015707606,-0.09363444671943282
96.57,-0.31341869632979863,0.9502796198392568,-0.04987317788711304
96.59,-0.2901934419215842,0.9813281178376065,-0.04058307612382728
96.61,-0.27308009656816307,0.9649482015707606,-0.029092687100815938
96.63,-0.34593405250129877,0.9972190813800691,-0.0070898145035601864
96.65,-0.4068086666870397,0.9994193686397946,0.013201723558353452
96.67,-0.33786633254897164,0.922898267273783,0.0503621306114965
96.69,-0.30021697277144516,0.9077407328178957,0.08605567949148916
96.71,-0.37233749961800566,0.9316994163126853,0.09730159215230877
96.73,-0.4383461174097729,0.9177642636677567,0.06625309415395898
96.75,-0.3835834122788253,0.9094520673532378,0.003911621795067689
96.77,-0.3835834122788253,0.9094520673532378,0.003911621795067689
96.79,-0.3349326162026709,0.9214314091006326,-0.0415609815725942
96.81,-0.38260550683005834,0.9390337071784371,-0.10781407572655319
96.83,-0.4806405280689423,0.921920361825016,-0.16991107172325276
96.85,-0.4997096843198973,0.8554227913088653,-0.18726889343886563
96.87,-0.4525257464168933,0.8160620969959966,-0.1735782171561287
96.89,-0.4187880084344345,0.8104391406655869,-0.1271277083396999
96.91,-0.40020780490786295,0.8004156098157259,-0.07456529046847783
96.93,-0.3894508449714268,0.8192402897044891,-0.04131650521040247
96.95,-0.380160743208141,0.8735140421110533,-0.060874614185740916
96.97,-0.38407236500320874,0.9206979800140573,-0.10585826482901935
96.99,-0.364758732390062,0.9568804816184335,-0.1158817956788803
97.01,-0.29630535097637745,0.95639152889405,-0.10585826482901935
97.03,-0.2743024783791217,0.9813281178376065,-0.14521895914188795
97.05,-0.349356721571983,1.0483146410781408,-0.21929529688598234
97.07,-0.406564190324848,1.0859640008556672,-0.2327414968065275
97.09,-0.3356660452892461,1.048070164715949,-0.21318338783118906
97.11,-0.2493658894355652,1.027289673929652,-0.17382269351832044
97.13,-0.25792256211227577,0.9720380160743208,-0.1461968645906549
97.15,-0.36744797237417104,0.9324328453992604,-0.1615988754087339
97.179,-0.39947437582128775,0.9233872199981664,-0.17406716988051218
97.19,-0.31537450722733246,0.9162974054946063,-0.18017907893530544
97.21,-0.22980778046022673,0.9109189255263882,-0.20169299880817773
97.23,-0.17895669712434678,0.9194755982030988,-0.24863246034899
97.25,-0.14399657733092933,0.9656816306573358,-0.2906823946459677
97.27,-0.12614980289093297,0.9764385905937719,-0.3158634599517159
97.29,-0.13055037741038414,0.9556580998074748,-0.31366317269199034
97.31,-0.12810561378846683,0.9475903798551477,-0.295816398251994
97.33,-0.12248265745805702,0.9632368670354184,-0.3053509763774715
97.35,-0.17651193350242947,0.9774164960425389,-0.29826116187391133
97.37,-0.24643217308926443,0.9693487760902118,-0.27381352565473827
97.39,-0.2813922928826819,0.9605476270513095,-0.25376646395501634
97.41,-0.29948354368486996,0.9661705833817192,-0.24007578767227944
97.43,-0.30975155089692263,0.9766830669559636,-0.2278519695626929
97.45,-0.295816398251994,0.9742383033340464,-0.2109831005714635
97.47,-0.25670018030131714,0.9820615469241818,-0.21318338783118906
97.49,-0.23029673318461022,0.9830394523729487,-0.23200806771995233
97.51,-0.19704794792653485,0.98181707056199,-0.233230449530911
97.53,-0.12981694832380894,0.9625034379488433,-0.23200806771995233
97.55,-0.09534578125477493,0.9571249579806252,-0.24961036579775692
97.57,-0.0863001558536809,0.9617700088622682,-0.2625676129939186
97.59,-0.08507777404272224,0.9429453289735048,-0.2635455184426856
97.61,-0.10268007212052685,0.9204535036518656,-0.2525440821440577
97.63,-0.12663875561531643,0.9338997035724108,-0.2535219875928246
97.65,-0.10683617027778626,0.966415059743911,-0.2652568529780277
97.67,-0.08116615224765455,0.9739938269718547,-0.26012284937200136
97.69,-0.10023530849860954,0.9478348562173394,-0.23934235858570424
97.71,-0.13055037741038414,0.9517464780124072,-0.22174006050789963
97.73,-0.15377563181859855,0.984506310546099,-0.2180729150750237
97.75,-0.15035296274791432,1.000886226812945,-0.19558108975338445
97.77,-0.12492742107997433,1.0006417504507532,-0.1877578461632491
97.79,-0.1317727592213428,1.006264706781163,-0.19240289704489197
97.81,-0.17211135898297833,0.9957522232069187,-0.19484766066680928
97.83,-0.20511566787886196,0.9884179323411667,-0.20731595513858753
97.85,-0.21440576964214772,1.0045533722458209,-0.22736301683830945
97.87,-0.2190508205237906,0.9979525104666442,-0.24838798398679826
97.89,-0.24374293310515538,0.9581028634293921,-0.2603673257341931
97.91,-0.25572227485255017,0.9268098890688506,-0.27136876203282095
97.93,-0.25718913302570057,0.9182532163921401,-0.29826116187391133
97.95,-0.24863246034899,0.8979616783302264,-0.3060844054640467
97.97,-0.25572227485255017,0.8771811875439294,-0.30168383094459555
97.99,-0.2799254347095315,0.8700913730403691,-0.2911713473703511
98.01,-0.28579286740213306,0.874736423922012,-0.2777251474498059
98.03,-0.26990190385967056,0.9427008526113131,-0.2747914311035052
98.05,-0.2637899948048773,0.9764385905937719,-0.26134523118296
98.07,-0.29557192188980225,0.9972190813800691,-0.2469211258136479
98.09,-0.32490908535280993,1.0143324267334901,-0.23543073679063656
98.11,-0.31708584176267457,0.9972190813800691,-0.22320691868105003
98.13,-0.26843504568652016,1.0033309904348624,-0.2158726278152981
98.15,-0.23298597316871925,0.9823060232863735,-0.21465024600433946
98.17,-0.23298597316871925,0.9823060232863735,-0.21465024600433946
98.199,-0.25303303486844114,0.9583473397915839,-0.2263851113895425
98.21,-0.2542554166793998,0.940989518075971,-0.23298597316871925
98.23,-0.22027320233474926,0.9336552272102191,-0.23885340586132078
98.25,-0.18482412981694832,0.9272988417932341,-0.2510772239709073
98.27,-0.1623323044953091,0.9304770345017266,-0.26745714023775324
98.29,-0.16575497356599334,0.9343886562967942,-0.2779696238119977
98.31,-0.182379366195031,0.9378113253674785,-0.27161323839501267
98.33,-0.18482412981694832,0.9346331326589861,-0.2589004675610427
98.35,-0.17944564984873024,0.9515020016502155,-0.2478990312624148
98.37,-0.17993460257311372,0.9813281178376065,-0.2471656021758396
98.39,-0.1990037588240687,0.9859731687192494,-0.2390978822235125
98.41,-0.2173394859884485,0.9871955505302081,-0.22907435137365156
98.43,-0.21709500962625675,0.9908626959630841,-0.23445283134186962
98.45,-0.22345139504324174,0.9798612596644561,-0.2408092167588546
98.47,-0.24032026403447115,0.9632368670354184,-0.242276074932005
98.49,-0.24814350762460655,0.9539467652721327,-0.23811997677474558
98.51,-0.23958683494789598,0.9458790453198056,-0.23689759496378693
98.53,-0.22296244231885828,0.9502796198392568,-0.23958683494789598
98.55,-0.20120404608379427,0.9380558017296703,-0.23567521315282827
98.57,-0.17064450080982796,0.9304770345017266,-0.23225254408214405
98.59,-0.14961953366133912,0.9375668490052868,-0.24520979127830578
98.61,-0.154264584542982,0.9302325581395349,-0.25474436940378326
98.63,-0.18800232252544083,0.9199645509274822,-0.25841151483665925
98.65,-0.22174006050789963,0.9094520673532378,-0.25718913302570057
98.67,-0.2183173914372154,0.9189866454787152,-0.24838798398679826
98.69,-0.18555755890352352,0.9356110381077529,-0.2398313113100877
98.71,-0.2102496714848883,0.9698377288145952,-0.2500993185221404
98.73,-0.26819056932432844,0.9835284050973321,-0.24741007853803135
98.75,-0.3222198453687009,0.9715490633499373,-0.23885340586132078
98.77,-0.32955413623445284,0.9566360052562418,-0.23078568590899368
98.79,-0.31684136540048286,0.9495461907526815,-0.23591968951502001
98.81,-0.3334657580295205,0.9495461907526815,-0.22931882773584328
98.83,-0.34813433976102437,0.9375668490052868,-0.22027320233474926
98.85,-0.3324878525807536,0.941967423524738,-0.21538367509091463
98.87,-0.2750359074656969,0.9471014271307643,-0.22565168230296734
98.89,-0.25547779849035845,0.9326773217614521,-0.25449989304159154
98.91,-0.27405800201693,0.9180087400299484,-0.28114781652049015
98.93,-0.26427894752926073,0.922898267273783,-0.30241726003117075
98.95,-0.21685053326406503,0.921920361825016,-0.3060844054640467
98.97,-0.17333374079393699,0.932921798123644,-0.3063288818262384
98.99,-0.19142499159612505,0.9593252452403508,-0.29557192188980225
99.01,-0.25376646395501634,0.960058674326926,-0.264034471167069
99.03,-0.26843504568652016,0.9615255325000763,-0.23836445313693733
99.05,-0.25547779849035845,0.9656816306573358,-0.21856186779940714
99.07,-0.24863246034899,0.9495461907526815,-0.195092137029001
99.09,-0.2662347584267946,0.9522354307367906,-0.19362527885585062
99.11,-0.28579286740213306,0.9585918161537756,-0.201448522445986
99.13,-0.2620786602695352,0.9554136234452831,-0.21293891146899735
99.15,-0.22736301683830945,0.9595697216025425,-0.2278519695626929
99.17,-0.23225254408214405,0.9510130489258319,-0.24349845674296366
99.19,-0.24032026403447115,0.9490572380282981,-0.25572227485255017
99.219,-0.21856186779940714,0.9485682853039147,-0.25572227485255017
99.23,-0.1902026097851664,0.9544357179965162,-0.25694465666350885
99.25,-0.2063380496898206,0.9654371542951441,-0.2500993185221404
99.27,-0.23518626042844482,0.9595697216025425,-0.22296244231885828
99.29,-0.20853833694954618,0.9622589615866516,-0.19875928246187696
99.31,-0.18580203526571523,0.9874400268923998,-0.19240289704489197
99.33,-0.19435870794242582,0.9788833542156893,-0.18653546435229043
99.35,-0.2134278641933808,0.970082205176787,-0.1821348898328393
99.37,-0.22394034776762523,0.9722824924365125,-0.18604651162790697
99.39,-0.21147205329584695,0.9683708706414448,-0.195092137029001
99.41,-0.20584909696543716,0.972771445160896,-0.20976071876050484
99.43,-0.23200806771995233,0.9605476270513095,-0.21538367509091463
99.45,-0.2478990312624148,0.9493017143904898,-0.2214955841457079
99.47,-0.25058827124652383,0.953702288909941,-0.23396387861748616
99.49,-0.25523332212816674,0.9495461907526815,-0.2366531186015952
99.51,-0.2476545549002231,0.9436787580600801,-0.23151911499556885
99.53,-0.25694465666350885,0.9507685725636402,-0.22834092228707636
99.55,-0.25694465666350885,0.9507685725636402,-0.22834092228707636
99.57,-0.25792256211227577,0.9566360052562418,-0.2158726278152981
99.59,-0.2324970204443358,0.9551691470830914,-0.20487119151667021
99.61,-0.23689759496378693,0.9603031506891178,-0.19631451883995965
99.63,-0.2398313113100877,0.9625034379488433,-0.19411423158023408
99.65,-0.21367234055557252,0.9629923906732267,-0.19924823518626042
99.67,-0.22051767869694097,0.9620144852244599,-0.2102496714848883
99.69,-0.2430095040185802,0.9544357179965162,-0.21465024600433946
99.71,-0.2263851113895425,0.948323808941723,-0.21538367509091463
99.73,-0.1965589952021514,0.9639702961219937,-0.22076215505913271
99.75,-0.18042355529749718,0.9693487760902118,-0.22076215505913271
99.77,-0.1926473734070837,0.970082205176787,-0.22125110778351617
99.79,-0.21538367509091463,0.9683708706414448,-0.21244995874461386
99.81,-0.20438223879228676,0.9647037252085688,-0.2046267151544785
99.83,-0.17553402805366256,0.9713045869877456,-0.1965589952021514
99.85,-0.1726003117073618,0.970082205176787,-0.20438223879228676
99.87,-0.20682700241420407,0.9639702961219937,-0.21122757693365524
99.89,-0.22931882773584328,0.9568804816184335,-0.2117165296580387
99.91,-0.22320691868105003,0.9534578125477493,-0.21611710417748983
99.93,-0.21562815145310638,0.953702288909941,-0.2246737768542004
99.95,-0.21929529688598234,0.9532133361855576,-0.2349417840662531
99.97,-0.23714207132597867,0.953702288909941,-0.2508327476087156
99.99,-0.26012284937200136,0.9495461907526815,-0.25572227485255017
100.01,-0.2760138129144638,0.9453900925954222,-0.25474436940378326
100.03,-0.2718577147572044,0.9392781835406289,-0.25229960578186594
100.05,-0.25865599119885097,0.9429453289735048,-0.25572227485255017
100.07,-0.26819056932432844,0.9561470525318583,-0.25621122757693365
100.09,-0.27234666748158787,0.9566360052562418,-0.2542554166793998
100.11,-0.2652568529780277,0.9532133361855576,-0.2461876967270727
100.13,-0.25205512941967423,0.9598141979647342,-0.2430095040185802
100.15,-0.25401094031720806,0.9546801943587079,-0.2405647403966629
100.17,-0.2633010420804938,0.9507685725636402,-0.23836445313693733
100.19,-0.2574336093878923,0.9585918161537756,-0.23738654768817039
100.21,-0.23640864223940347,0.9593252452403508,-0.23958683494789598
100.238,-0.23543073679063656,0.9539467652721327,-0.2390978822235125
100.25,-0.24447636219173058,0.9478348562173394,-0.23958683494789598
100.27,-0.24961036579775692,0.9456345689576139,-0.24447636219173058
100.29,-0.24961036579775692,0.947345903492956,-0.2493658894355652
100.31,-0.23445283134186962,0.9475903798551477,-0.2503437948843321
100.33,-0.24472083855392232,0.941967423524738,-0.2518106530574825
100.35,-0.23934235858570424,0.9380558017296703,-0.2471656021758396
100.37,-0.23127463863337713,0.9480793325795311,-0.25376646395501634
100.39,-0.2317635913577606,0.9510130489258319,-0.25229960578186594
100.41,-0.22565168230296734,0.9458790453198056,-0.2454542676404975
100.43,-0.23518626042844482,0.9500351434770651,-0.2500993185221404
100.45,-0.2503437948843321,0.9505240962014485,-0.24985484215994866
100.47,-0.25327751123063286,0.9417229471625462,-0.2518106530574825
100.49,-0.24643217308926443,0.9412339944381627,-0.25229960578186594
100.51,-0.24741007853803135,0.9461235216819973,-0.25792256211227577
100.53,-0.25401094031720806,0.946367998044189,-0.25718913302570057
100.55,-0.2581670384744675,0.9466124744063809,-0.25596675121474194
100.57,-0.26134523118296,0.9417229471625462,-0.2493658894355652
100.59,-0.2645234238914525,0.9412339944381627,-0.24032026403447115
100.61,-0.24447636219173058,0.9517464780124072,-0.2469211258136479
100.63,-0.2109831005714635,0.9617700088622682,-0.25278855850624943
100.65,-0.23591968951502001,0.952724383461174,-0.24985484215994866
100.67,-0.27014638022186227,0.940989518075971,-0.2454542676404975
100.69,-0.25523332212816674,0.946367998044189,-0.24667664945145615
100.71,-0.21758396235064023,0.953702288909941,-0.24667664945145615
100.73,-0.21440576964214772,0.9576139107050087,-0.24472083855392232
100.75,-0.24643217308926443,0.9551691470830914,-0.24252055129419675
100.77,-0.25865599119885097,0.9534578125477493,-0.23934235858570424
100.79,-0.25278855850624943,0.953702288909941,-0.23811997677474558
100.81,-0.24985484215994866,0.9507685725636402,-0.24398740946734712
100.83,-0.25572227485255017,0.9458790453198056,-0.24667664945145615
100.85,-0.25278855850624943,0.9446566635088469,-0.24594322036488098
100.87,-0.24643217308926443,0.9534578125477493,-0.25205512941967423
100.89,-0.24814350762460655,0.95639152889405,-0.2493658894355652
100.91,-0.23836445313693733,0.9549246707208997,-0.2415426458454298
100.93,-0.2342083549796779,0.9556580998074748,-0.2327414968065275
100.95,-0.2342083549796779,0.9556580998074748,-0.2327414968065275
100.97,-0.2476545549002231,0.9507685725636402,-0.2278519695626929
100.99,-0.24838798398679826,0.957369434342817,-0.22589615866515905
101.01,-0.22907435137365156,0.9598141979647342,-0.22125110778351617
101.03,-0.2126944351068056,0.957369434342817,-0.22027320233474926
101.05,-0.2183173914372154,0.953702288909941,-0.22320691868105003
101.07,-0.22956330409803502,0.9524799070989823,-0.23029673318461022
101.09,-0.22736301683830945,0.952724383461174,-0.23054120954680193
101.11,-0.22247348959447483,0.9524799070989823,-0.2327414968065275
101.13,-0.22125110778351617,0.9532133361855576,-0.2366531186015952
101.15,-0.22271796595666657,0.9497906671148734,-0.2324970204443358
101.17,-0.23689759496378693,0.9549246707208997,-0.23200806771995233
101.19,-0.23958683494789598,0.9585918161537756,-0.22687406411392597
101.21,-0.2317635913577606,0.9510130489258319,-0.21685053326406503
101.23,-0.2222290132322831,0.9607921034135012,-0.22002872597255752
101.259,-0.22002872597255752,0.9676374415548696,-0.22027320233474926
101.27,-0.23078568590899368,0.963725819759802,-0.21562815145310638
101.29,-0.23151911499556885,0.9595697216025425,-0.21391681691776426
101.31,-0.21147205329584695,0.9612810561378846,-0.21367234055557252
101.33,-0.1990037588240687,0.9585918161537756,-0.21562815145310638
101.35,-0.2053601442410537,0.962747914311035,-0.21953977324817406
101.37,-0.2173394859884485,0.9581028634293921,-0.21880634416159886
101.39,-0.22345139504324174,0.9576139107050087,-0.2166060569018733
101.41,-0.2109831005714635,0.9659261070195275,-0.21880634416159886
101.43,-0.20682700241420407,0.9722824924365125,-0.22100663142132446
101.45,-0.22100663142132446,0.9639702961219937,-0.2173394859884485
101.47,-0.23151911499556885,0.9515020016502155,-0.21489472236653118
101.49,-0.25278855850624943,0.9471014271307643,-0.22516272957858385
101.51,-0.25572227485255017,0.9507685725636402,-0.22687406411392597
101.53,-0.2261406350273508,0.9607921034135012,-0.23005225682241848
101.55,-0.22369587140543348,0.9595697216025425,-0.22956330409803502
101.57,-0.25058827124652383,0.9512575252880237,-0.2324970204443358
101.59,-0.24447636219173058,0.9507685725636402,-0.23958683494789598
101.61,-0.22687406411392597,0.9524799070989823,-0.24203159856981327
101.63,-0.23836445313693733,0.9534578125477493,-0.24007578767227944
101.65,-0.2625676129939186,0.9488127616661064,-0.2349417840662531
101.67,-0.2630565657183021,0.9468569507685726,-0.2317635913577606
101.69,-0.24569874400268923,0.9524799070989823,-0.23151911499556885
101.71,-0.22271796595666657,0.963725819759802,-0.23811997677474558
101.73,-0.22369587140543348,0.9632368670354184,-0.23567521315282827
101.75,-0.2476545549002231,0.9493017143904898,-0.22491825321639214
101.77,-0.2508327476087156,0.9478348562173394,-0.23029673318461022
101.79,-0.2263851113895425,0.9566360052562418,-0.23469730770406136
101.81,-0.2180729150750237,0.95639152889405,-0.24105369312104635
101.83,-0.24276502765638847,0.9444121871466552,-0.24569874400268923
101.85,-0.2581670384744675,0.9360999908321364,-0.24838798398679826
101.87,-0.25523332212816674,0.9461235216819973,-0.24985484215994866
101.89,-0.2405647403966629,0.9568804816184335,-0.25498884576597497
101.91,-0.23151911499556885,0.9625034379488433,-0.25523332212816674
101.93,-0.23518626042844482,0.9561470525318583,-0.24643217308926443
101.95,-0.2461876967270727,0.9546801943587079,-0.24423188582953886
101.97,-0.25523332212816674,0.9559025761696666,-0.2469211258136479
101.99,-0.24594322036488098,0.9439232344222718,-0.2430095040185802
102.01,-0.2334749258931027,0.9475903798551477,-0.2493658894355652
102.03,-0.24203159856981327,0.9480793325795311,-0.25718913302570057
102.05,-0.2581670384744675,0.9405005653515875,-0.25938942028542616
102.07,-0.24985484215994866,0.9400116126272041,-0.2615897075451517
102.09,-0.23640864223940347,0.9436787580600801,-0.2606118020963848
102.11,-0.23396387861748616,0.9429453289735048,-0.2611007548207683
102.13,-0.24447636219173058,0.9397671362650124,-0.26134523118296
102.15,-0.26012284937200136,0.9429453289735048,-0.2620786602695352
102.17,-0.26647923478898633,0.9434342816978883,-0.26134523118296
102.19,-0.26647923478898633,0.9400116126272041,-0.25767808575008405
102.21,-0.2652568529780277,0.9451456162332305,-0.2581670384744675
102.23,-0.2635455184426856,0.948323808941723,-0.2630565657183021
102.25,-0.26427894752926073,0.9444121871466552,-0.26427894752926073
102.279,-0.2630565657183021,0.9414784708003545,-0.26501237661583593
102.29,-0.2628120893561104,0.9427008526113131,-0.267701616599945
102.31,-0.2618341839073435,0.9458790453198056,-0.27112428567062924
102.33,-0.2476545549002231,0.9397671362650124,-0.2633010420804938
102.35,-0.2476545549002231,0.9397671362650124,-0.2633010420804938
102.37,-0.23958683494789598,0.9402560889893958,-0.2596338966476179
102.39,-0.25572227485255017,0.9414784708003545,-0.2581670384744675
102.41,-0.2535219875928246,0.9375668490052868,-0.25547779849035845
102.43,-0.24594322036488098,0.9456345689576139,-0.25718913302570057
102.45,-0.24398740946734712,0.9466124744063809,-0.2603673257341931
102.47,-0.24569874400268923,0.9439232344222718,-0.25792256211227577
102.49,-0.2500993185221404,0.9456345689576139,-0.2596338966476179
102.51,-0.2508327476087156,0.9485682853039147,-0.25792256211227577
102.53,-0.24838798398679826,0.9510130489258319,-0.25474436940378326
102.55,-0.24472083855392232,0.9515020016502155,-0.25498884576597497
102.57,-0.24325398038077192,0.9471014271307643,-0.2510772239709073
102.59,-0.24814350762460655,0.9480793325795311,-0.2525440821440577
102.61,-0.2493658894355652,0.9512575252880237,-0.25498884576597497
102.63,-0.2390978822235125,0.9502796198392568,-0.24838798398679826
102.65,-0.22956330409803502,0.946367998044189,-0.24912141307337346
102.67,-0.23543073679063656,0.9490572380282981,-0.2508327476087156
102.69,-0.24178712220762155,0.9510130489258319,-0.25523332212816674
102.71,-0.2412981694832381,0.9522354307367906,-0.2518106530574825
102.73,-0.2327414968065275,0.9566360052562418,-0.24912141307337346
102.75,-0.24325398038077192,0.9581028634293921,-0.24838798398679826
102.77,-0.24887693671118175,0.9522354307367906,-0.2469211258136479
102.79,-0.2461876967270727,0.9590807688781591,-0.2493658894355652
102.81,-0.23738654768817039,0.9544357179965162,-0.24423188582953886
102.83,-0.23225254408214405,0.9449011398710387,-0.24447636219173058
102.85,-0.2366531186015952,0.9529688598233658,-0.25132170033309903
102.87,-0.23640864223940347,0.9507685725636402,-0.25376646395501634
102.89,-0.23616416587721173,0.9453900925954222,-0.2525440821440577
102.91,-0.23225254408214405,0.946367998044189,-0.2508327476087156
102.93,-0.23200806771995233,0.9517464780124072,-0.25449989304159154
102.95,-0.2366531186015952,0.953702288909941,-0.2535219875928246
102.97,-0.24178712220762155,0.9497906671148734,-0.25058827124652383
102.99,-0.2471656021758396,0.9446566635088469,-0.2471656021758396
103.01,-0.24472083855392232,0.9441677107844635,-0.24912141307337346
103.03,-0.23763102405036213,0.9490572380282981,-0.25132170033309903
103.05,-0.23763102405036213,0.9502796198392568,-0.2510772239709073
103.07,-0.23787550041255387,0.9446566635088469,-0.24838798398679826
103.09,-0.23714207132597867,0.9456345689576139,-0.25058827124652383
103.11,-0.23738654768817039,0.9449011398710387,-0.2503437948843321
103.13,-0.23518626042844482,0.9480793325795311,-0.2510772239709073
103.15,-0.2334749258931027,0.9524799070989823,-0.24961036579775692
103.17,-0.2334749258931027,0.9541912416343244,-0.2493658894355652
103.19,-0.24203159856981327,0.9529688598233658,-0.24814350762460655
103.21,-0.24398740946734712,0.9505240962014485,-0.2493658894355652
103.23,-0.23934235858570424,0.9502796198392568,-0.25156617669529074
103.25,-0.2390978822235125,0.948323808941723,-0.25523332212816674
103.27,-0.24985484215994866,0.9522354307367906,-0.25694465666350885
103.298,-0.25376646395501634,0.9397671362650124,-0.25229960578186594
103.31,-0.2478990312624148,0.938300278091862,-0.25058827124652383
103.33,-0.23200806771995233,0.9429453289735048,-0.2518106530574825
103.35,-0.22834092228707636,0.948323808941723,-0.24863246034899
103.37,-0.23127463863337713,0.9568804816184335,-0.2508327476087156
103.39,-0.23225254408214405,0.947345903492956,-0.24325398038077192
103.41,-0.2349417840662531,0.9500351434770651,-0.2408092167588546
103.43,-0.2254072059407756,0.9588362925159674,-0.2493658894355652
103.45,-0.22809644592488462,0.9524799070989823,-0.24912141307337346
103.47,-0.23714207132597867,0.9478348562173394,-0.25058827124652383
103.49,-0.23811997677474558,0.9480793325795311,-0.25278855850624943
103.51,-0.23763102405036213,0.9507685725636402,-0.25278855850624943
103.53,-0.24007578767227944,0.9541912416343244,-0.25621122757693365
103.55,-0.24423188582953886,0.9532133361855576,-0.25523332212816674
103.57,-0.24667664945145615,0.9480793325795311,-0.25156617669529074
103.59,-0.24594322036488098,0.9485682853039147,-0.2518106530574825
103.61,-0.24667664945145615,0.9522354307367906,-0.25303303486844114
103.63,-0.24252055129419675,0.9412339944381627,-0.2608562784585765
103.65,-0.23689759496378693,0.9451456162332305,-0.2718577147572044
103.67,-0.24398740946734712,0.9576139107050087,-0.27087980930843747
103.69,-0.2596338966476179,0.95639152889405,-0.25572227485255017
103.71,-0.2591449439232344,0.9651926779329524,-0.2510772239709073
103.73,-0.24569874400268923,0.9654371542951441,-0.24887693671118175
103.75,-0.24569874400268923,0.9654371542951441,-0.24887693671118175
103.77,-0.2324970204443358,0.9529688598233658,-0.23787550041255387
103.79,-0.24887693671118175,0.9422118998869297,-0.2398313113100877
103.81,-0.26843504568652016,0.9341441799346025,-0.2525440821440577
103.83,-0.2652568529780277,0.9324328453992604,-0.2743024783791217
103.85,-0.24667664945145615,0.9341441799346025,-0.29630535097637745
103.87,-0.24912141307337346,0.9243651254469333,-0.30046144913363687
103.89,-0.25645570393912537,0.9074962564557039,-0.27161323839501267
103.91,-0.2525440821440577,0.925587507257892,-0.24520979127830578
103.93,-0.2317635913577606,0.9578583870672004,-0.2263851113895425
103.95,-0.21709500962625675,0.9678819179170614,-0.21367234055557252
103.97,-0.22809644592488462,0.9671484888304862,-0.21318338783118906
103.99,-0.2618341839073435,0.9629923906732267,-0.23714207132597867
104.01,-0.28432600922898266,0.9603031506891178,-0.26819056932432844
104.03,-0.2743024783791217,0.9554136234452831,-0.2916603000947346
104.05,-0.2405647403966629,0.9446566635088469,-0.29557192188980225
104.07,-0.22247348959447483,0.9307215108639183,-0.28481496195336614
104.09,-0.22760749320050117,0.9299880817773432,-0.27405800201693
104.11,-0.2254072059407756,0.9358555144699446,-0.2611007548207683
104.13,-0.22491825321639214,0.9422118998869297,-0.2478990312624148
104.15,-0.21636158053968157,0.9441677107844635,-0.23029673318461022
104.17,-0.2029153806191364,0.952724383461174,-0.22760749320050117
104.19,-0.19313632613146717,0.9617700088622682,-0.2324970204443358
104.21,-0.19778137701311005,0.966415059743911,-0.25058827124652383
104.23,-0.2134278641933808,0.9610365797756929,-0.2615897075451517
104.25,-0.22247348959447483,0.9515020016502155,-0.26599028206460285
104.27,-0.2246737768542004,0.9402560889893958,-0.2645234238914525
104.29,-0.23445283134186962,0.9360999908321364,-0.2630565657183021
104.318,-0.2166060569018733,0.9434342816978883,-0.2598783730098096
104.33,-0.22662958775173425,0.948323808941723,-0.2630565657183021
104.35,-0.24105369312104635,0.9458790453198056,-0.25596675121474194
104.37,-0.22002872597255752,0.9512575252880237,-0.25792256211227577
104.39,-0.20169299880817773,0.9585918161537756,-0.2615897075451517
104.41,-0.1968034715643431,0.9617700088622682,-0.2598783730098096
104.43,-0.2021819515325612,0.960058674326926,-0.25474436940378326
104.45,-0.21049414784708004,0.9485682853039147,-0.24178712220762155
104.47,-0.21562815145310638,0.9495461907526815,-0.23787550041255387
104.49,-0.21611710417748983,0.9612810561378846,-0.23958683494789598
104.51,-0.21318338783118906,0.9546801943587079,-0.23811997677474558
104.53,-0.21562815145310638,0.9468569507685726,-0.2398313113100877
104.55,-0.22320691868105003,0.946367998044189,-0.2471656021758396
104.57,-0.22076215505913271,0.9444121871466552,-0.24985484215994866
104.59,-0.20927176603612138,0.9505240962014485,-0.25694465666350885
104.61,-0.1972924242887266,0.9581028634293921,-0.2589004675610427
104.63,-0.18800232252544083,0.9673929651926779,-0.2608562784585765
104.65,-0.19924823518626042,0.9749717324206215,-0.2589004675610427
104.67,-0.23005225682241848,0.9659261070195275,-0.24496531491611404
104.69,-0.24252055129419675,0.9568804816184335,-0.2324970204443358
104.71,-0.2278519695626929,0.960058674326926,-0.23005225682241848
104.73,-0.22345139504324174,0.9590807688781591,-0.2342083549796779
104.75,-0.2349417840662531,0.9466124744063809,-0.23885340586132078
104.77,-0.24178712220762155,0.9480793325795311,-0.25376646395501634
104.79,-0.2390978822235125,0.9405005653515875,-0.2623231366317269
104.81,-0.22907435137365156,0.9326773217614521,-0.267701616599945
104.83,-0.21929529688598234,0.9429453289735048,-0.27283562020597135
104.85,-0.2063380496898206,0.9453900925954222,-0.2652568529780277
104.87,-0.19338080249365888,0.9590807688781591,-0.25572227485255017
104.89,-0.18115698438407235,0.9612810561378846,-0.2398313113100877
104.91,-0.18189041347064755,0.9612810561378846,-0.22931882773584328
104.93,-0.19411423158023408,0.9688598233658283,-0.23689759496378693
104.95,-0.22980778046022673,0.9581028634293921,-0.24496531491611404
104.97,-0.2608562784585765,0.9595697216025425,-0.25327751123063286
104.99,-0.26599028206460285,0.9632368670354184,-0.2647679002536442
105.01,-0.27210219111939615,0.9585918161537756,-0.27308009656816307
105.03,-0.2789475292607646,0.9522354307367906,-0.28114781652049015
105.05,-0.2936161109922684,0.9424563762491214,-0.28554839103994134
105.07,-0.3031506891177459,0.9341441799346025,-0.2862818201265165
105.09,-0.3043730709287046,0.9275433181554258,-0.2911713473703511
105.11,-0.30266173639336247,0.9285212236041928,-0.2950829691654188
105.13,-0.30266173639336247,0.9285212236041928,-0.2950829691654188
105.15,-0.28897106011062557,0.932921798123644,-0.29752773278733613
105.17,-0.25865599119885097,0.9351220853833695,-0.29630535097637745
105.19,-0.2173394859884485,0.9585918161537756,-0.3229532744552761
105.21,-0.18286831891941446,0.9962411759313021,-0.38871741588485165
105.23,-0.14204076643339547,1.0324236775356783,-0.37698255049964857
105.25,-0.03642697796656786,0.9796167833022644,-0.2777251474498059
105.27,0.022491825321639215,1.0157992849066406,-0.2476545549002231
105.29,-0.14057390826024507,1.016288237631024,-0.22491825321639214
105.31,-0.3222198453687009,0.9248540781713168,-0.16282125721969257
105.339,-0.37135959416923875,0.8825596675121474,-0.15695382452709103
105.35,-0.2784585765363811,0.8894050056535159,-0.22051767869694097
105.37,-0.2126944351068056,0.9143415945970724,-0.2784585765363811
105.39,-0.2214955841457079,0.8876936711181738,-0.292149252819118
105.41,-0.23200806771995233,0.8806038566146136,-0.31219631451883995
105.43,-0.1990037588240687,0.9099410200776212,-0.3346881398404792
105.45,-0.1471747700394218,0.9126302600617303,-0.317574794487058
105.47,-0.09656816306573358,0.928276747242001,-0.29752773278733613
105.49,-0.07798795953916206,0.9852397396326742,-0.2782141001741894
105.51,-0.09167863582189897,1.0023530849860953,-0.23396387861748616
105.53,-0.07652110136601167,1.008220517678697,-0.18971365706078294
105.55,-0.06283042508327476,1.0246004339455428,-0.15230877364544815
105.57,-0.10585826482901935,1.0192219539773248,-0.13152828285915105
105.59,-0.182379366195031,1.0016196558995203,-0.13397304648106836
105.61,-0.1774898389511964,0.9869510741680163,-0.1510863918344895
105.63,-0.1398404791736699,0.9793723069400727,-0.19778137701311005
105.65,-0.16331020994407602,0.9771720196803472,-0.24472083855392232
105.67,-0.18898022797420774,0.9431898053356966,-0.26427894752926073
105.69,-0.1894691806985912,0.9302325581395349,-0.26794609296213673
105.71,-0.2038932860679033,0.9566360052562418,-0.2755248601900804
105.73,-0.2261406350273508,0.9693487760902118,-0.2606118020963848
105.75,-0.21244995874461386,0.978149925129114,-0.2317635913577606
105.77,-0.21073862420927175,0.9867065978058246,-0.21073862420927175
105.79,-0.22198453687009137,0.9933074595850013,-0.1870244170766739
105.81,-0.2222290132322831,1.0013751795373285,-0.1677107844635272
105.83,-0.2471656021758396,0.9864621214436329,-0.1630657335818843
105.85,-0.2608562784585765,0.9549246707208997,-0.18457965345475658
105.87,-0.26721266387556153,0.9529688598233658,-0.21856186779940714
105.89,-0.2635455184426856,0.960058674326926,-0.23714207132597867
105.91,-0.26134523118296,0.9439232344222718,-0.2366531186015952
105.93,-0.27039085658405404,0.9365889435565199,-0.2197842496103658
105.95,-0.2733245729303548,0.9336552272102191,-0.19875928246187696
105.97,-0.2787030528985729,0.9326773217614521,-0.18824679888763254
105.99,-0.32588699080157685,0.9405005653515875,-0.18629098799009872
106.01,-0.3772270268618403,0.9497906671148734,-0.17895669712434678
106.03,-0.368425877822938,0.9351220853833695,-0.1591541117868166
106.05,-0.3341991871160957,0.9133636891483055,-0.15328667909421506
106.07,-0.34080004889527243,0.9226537909115912,-0.1774898389511964
106.09,-0.33297680530513707,0.9554136234452831,-0.20169299880817773
106.11,-0.2655013293402194,0.9561470525318583,-0.18898022797420774
106.13,-0.19166946795831677,0.972771445160896,-0.1630657335818843
106.15,-0.19215842068270023,0.9908626959630841,-0.14570791186627144
106.17,-0.21538367509091463,0.9852397396326742,-0.11417046114353818
106.19,-0.20976071876050484,1.0084649940408887,-0.11001436298627876
106.21,-0.22394034776762523,1.0106652813006143,-0.11710417748983895
106.23,-0.23005225682241848,0.9561470525318583,-0.12517189744216606
106.25,-0.21367234055557252,0.9314549399504936,-0.15304220273202335
106.27,-0.23151911499556885,0.937322372643095,-0.18531308254133178
106.29,-0.2743024783791217,0.9629923906732267,-0.20609357332762887
106.31,-0.292149252819118,0.9365889435565199,-0.1821348898328393
106.33,-0.26721266387556153,0.922898267273783,-0.14888610457476392
106.359,-0.2623231366317269,0.9798612596644561,-0.14570791186627144
106.37,-0.3324878525807536,0.9825504996485652,-0.160620969959967
106.39,-0.421966201142927,0.9468569507685726,-0.16184335177092565
106.41,-0.44421355010237445,0.9304770345017266,-0.15890963542462488
106.43,-0.4053418085138893,0.9434342816978883,-0.17333374079393699
106.45,-0.3659811142010207,0.9206979800140573,-0.16599944992818508
106.47,-0.3767380741374568,0.8898939583778993,-0.17211135898297833
106.49,-0.4102313357577239,0.9060293982825536,-0.1911805152339333
106.51,-0.40338599761635546,0.9294991290529597,-0.18360174800598966
106.53,-0.40338599761635546,0.9294991290529597,-0.18360174800598966
106.55,-0.3645142560278703,0.928276747242001,-0.1518198209210647
106.57,-0.362069492405953,0.9018733001252941,-0.11808208293860586
106.59,-0.3701372123582801,0.8857378602206399,-0.0982794976010757
106.61,-0.3513125324695168,0.8835375729609143,-0.08189958133422974
106.63,-0.3222198453687009,0.9131192127861137,-0.10683617027778626
106.65,-0.2965498273385692,0.9434342816978883,-0.1303059010481924
106.67,-0.26647923478898633,0.9656816306573358,-0.16526602084160988
106.69,-0.23445283134186962,1.0084649940408887,-0.2454542676404975
106.71,-0.21465024600433946,1.0184885248907496,-0.34080004889527243
106.73,-0.2349417840662531,0.9559025761696666,-0.3628029214925282
106.75,-0.2784585765363811,0.8864712893072151,-0.3398221434465055
106.77,-0.280414387433915,0.8674021330562601,-0.30266173639336247
106.79,-0.23616416587721173,0.8546893622222901,-0.2757693365522721
106.81,-0.17015554808544447,0.8788925220792715,-0.2390978822235125
106.83,-0.11417046114353818,0.9314549399504936,-0.21391681691776426
106.85,-0.06820890505149284,0.9827949760107569,-0.20242642789475293
106.87,-0.06992023958683495,1.0441585429208813,-0.2254072059407756
106.89,-0.07407633774409436,1.1038107752956636,-0.25621122757693365
106.91,-0.05769642147724842,1.0940317208079944,-0.2525440821440577
106.93,-0.05940775601259053,1.0536931210463587,-0.22882987501145982
106.95,-0.10268007212052685,1.041713779298964,-0.2278519695626929
106.97,-0.17064450080982796,1.0143324267334901,-0.20340433334351984
106.99,-0.23371940225529445,0.9598141979647342,-0.19631451883995965
107.01,-0.2327414968065275,0.9297436054151514,-0.21318338783118906
107.03,-0.16013201723558354,0.920942456376249,-0.24398740946734712
107.05,-0.12126027564709838,0.9211869327384409,-0.2782141001741894
107.07,-0.11734865385203068,0.9338997035724108,-0.29972802004706167
107.09,-0.15304220273202335,0.9407450417137793,-0.3158634599517159
107.11,-0.15475353726736546,0.9654371542951441,-0.32564251443938513
107.13,-0.14570791186627144,0.9837728814595239,-0.32344222717965954
107.15,-0.1904470861473581,0.9605476270513095,-0.28823763102405037
107.17,-0.23127463863337713,0.9500351434770651,-0.26501237661583593
107.19,-0.2038932860679033,0.9688598233658283,-0.27161323839501267
107.21,-0.1608654463221587,0.9754606851450051,-0.28383705650459923
107.23,-0.15377563181859855,0.9588362925159674,-0.29679430370076093
107.25,-0.15817620633804969,0.9297436054151514,-0.305839929101855
107.27,-0.1655104972038016,0.9187421691165235,-0.321241939919934
107.29,-0.19142499159612505,0.9314549399504936,-0.34593405250129877
107.31,-0.2503437948843321,0.947345903492956,-0.3469119579500657
107.33,-0.2777251474498059,0.9331662744858357,-0.32759832533691896
107.35,-0.25938942028542616,0.9392781835406289,-0.3261314671637686
107.379,-0.26427894752926073,0.9698377288145952,-0.3332212816673288
107.39,-0.3060844054640467,0.9649482015707606,-0.32588699080157685
107.41,-0.3300430889588363,0.957369434342817,-0.31513003086514074
107.43,-0.2574336093878923,0.9568804816184335,-0.29777220914952784
107.45,-0.22809644592488462,0.8806038566146136,-0.3051065000152798
107.47,-0.27234666748158787,0.8263301042080494,-0.31488555450294897
107.49,-0.32686489625034376,0.8522445986003728,-0.34495614705253186
107.51,-0.3349326162026709,0.901139871038719,-0.368425877822938
107.53,-0.27943648198514803,0.9400116126272041,-0.3650032087522538
107.55,-0.2029153806191364,0.9356110381077529,-0.3437337652415732
107.57,-0.17651193350242947,0.9334107508480274,-0.3227087980930844
107.59,-0.20756043150077927,0.9639702961219937,-0.32637594352596033
107.61,-0.2405647403966629,0.984506310546099,-0.31048497998349783
107.63,-0.2471656021758396,0.9757051615071968,-0.2765027656388473
107.65,-0.25229960578186594,0.966415059743911,-0.24032026403447115
107.67,-0.23885340586132078,0.9593252452403508,-0.21880634416159886
107.69,-0.21513919872872292,0.9617700088622682,-0.23469730770406136
107.71,-0.19460318430461754,0.9561470525318583,-0.25474436940378326
107.73,-0.17406716988051218,0.9453900925954222,-0.28579286740213306
107.75,-0.14350762460654584,0.9439232344222718,-0.3236867035418513
107.77,-0.10756959936436146,0.966415059743911,-0.336643950738013
107.79,-0.052562417871222074,0.962747914311035,-0.3207529871955505
107.81,-0.032270879809308435,0.9519909543745989,-0.3046175472908963
107.83,-0.0911896830975155,0.9048070164715949,-0.28823763102405037
107.85,-0.15695382452709103,0.8916052929132414,-0.27014638022186227
107.87,-0.17724536258900467,0.9060293982825536,-0.25498884576597497
107.89,-0.1831127952816062,0.9236316963603581,-0.2342083549796779
107.91,-0.1831127952816062,0.9236316963603581,-0.2342083549796779
107.93,-0.21953977324817406,0.9360999908321364,-0.23151911499556885
107.95,-0.26721266387556153,0.9634813433976103,-0.2349417840662531
107.97,-0.31268526724322343,1.0140879503712985,-0.2454542676404975
107.99,-0.4053418085138893,1.0214222412370504,-0.22076215505913271
108.01,-0.5339363750267396,0.952724383461174,-0.1447300064175045
108.03,-0.6092350945817926,0.9133636891483055,-0.10805855208874492
108.05,-0.48919720074565287,0.9297436054151514,-0.10708064663997799
108.07,-0.33028756532102804,0.9446566635088469,-0.10830302845093664
108.09,-0.24374293310515538,0.9431898053356966,-0.10683617027778626
108.11,-0.17480059896708736,0.9133636891483055,-0.08556672676710571
108.13,-0.11783760657641414,0.8967392965192678,-0.07872138862573724
108.15,-0.1127036029703878,0.9348776090211778,-0.0887449194755982
108.17,-0.17651193350242947,0.9617700088622682,-0.10659169391559453
108.19,-0.23811997677474558,0.9810836414754148,-0.11759313021422241
108.21,-0.2493658894355652,1.0167771903554075,-0.11074779207285396
108.23,-0.3055954527396632,1.0536931210463587,-0.12663875561531643
108.25,-0.40020780490786295,1.1913333129603032,-0.11710417748983895
108.27,-0.44616936099990834,0.9840173578217156,0.03373773798245882
108.29,-0.452770222779085,0.9043180637472115,0.08263301042080494
108.31,-0.402897044891972,1.0796076154386822,-0.026403447116706905
108.33,-0.24594322036488098,1.0620053173608777,-0.03251535617150017
108.35,-0.20682700241420407,0.9869510741680163,-0.020047061699721907
108.37,-0.2686795220487119,0.9766830669559636,-0.06845338141368457
108.399,-0.31195183815664823,0.9534578125477493,-0.11930446474956452
108.41,-0.308529169085964,0.872047183937903,-0.15059743911010604
108.43,-0.3244201326284265,0.8564006967576322,-0.20438223879228676
108.45,-0.32759832533691896,0.8984506310546099,-0.21880634416159886
108.47,-0.28163676924487363,0.9013843474009107,-0.20340433334351984
108.49,-0.2750359074656969,0.928276747242001,-0.19460318430461754
108.51,-0.349356721571983,0.9615255325000763,-0.188735751612016
108.53,-0.43370106652813006,0.9610365797756929,-0.16526602084160988
108.55,-0.5045992115637319,0.9779054487669223,-0.15377563181859855
108.57,-0.5016654952174312,0.9713045869877456,-0.1391070500870947
108.59,-0.4251443938514195,0.9769275433181555,-0.14937505729914738
108.61,-0.34226690706842283,0.9735048742474712,-0.15377563181859855
108.63,-0.31390764905418206,0.9336552272102191,-0.15670934816489931
108.65,-0.3183082235736332,0.9040735873850196,-0.17211135898297833
108.67,-0.3244201326284265,0.8862268129450234,-0.1902026097851664
108.69,-0.2733245729303548,0.8705803257647526,-0.2046267151544785
108.71,-0.21147205329584695,0.8815817620633805,-0.2285853986492681
108.73,-0.18922470433639946,0.9160529291324145,-0.24838798398679826
108.75,-0.2102496714848883,0.9414784708003545,-0.2598783730098096
108.77,-0.25498884576597497,0.9879289796167833,-0.276747242001039
108.79,-0.32490908535280993,1.0664058918803287,-0.2784585765363811
108.81,-0.37771597958622377,1.0294899611893775,-0.2633010420804938
108.83,-0.39849647037252084,0.9109189255263882,-0.23616416587721173
108.85,-0.41145371756868254,0.9449011398710387,-0.20902728967392964
108.87,-0.3141521254163738,0.941967423524738,-0.17626745714023775
108.89,-0.21856186779940714,0.9162974054946063,-0.1535311554564068
108.91,-0.201448522445986,1.0050423249702045,-0.1518198209210647
108.93,-0.154264584542982,1.014576903095682,-0.14155181370901201
108.95,-0.08581120312929744,1.0187330012529414,-0.14155181370901201
108.97,-0.07212052684656052,1.0270451975674602,-0.1679552608257189
108.99,-0.11417046114353818,0.9744827796962381,-0.1909360388717416
109.01,-0.16428811539284294,0.9644592488463771,-0.22051767869694097
109.03,-0.19069156250954986,0.9568804816184335,-0.2503437948843321
109.05,-0.2021819515325612,0.9133636891483055,-0.25523332212816674
109.07,-0.2109831005714635,0.8967392965192678,-0.26574580570241113
109.09,-0.23127463863337713,0.8879381474803655,-0.28725972557528345
109.11,-0.2633010420804938,0.8774256639061211,-0.2909268710081594
109.13,-0.28579286740213306,0.8854933838584481,-0.2777251474498059
109.15,-0.2623231366317269,0.915563976408031,-0.2405647403966629
109.17,-0.2117165296580387,0.9561470525318583,-0.20193747517036947
109.19,-0.19411423158023408,0.9928185068606179,-0.1814014607462641
109.21,-0.17211135898297833,1.0038199431592458,-0.1549980136295572
109.23,-0.1373957155517526,0.9994193686397946,-0.14179629007120373
109.25,-0.11514836659230511,0.9808391651132231,-0.13715123918956085
109.27,-0.11783760657641414,0.9654371542951441,-0.14424105369312104
109.29,-0.12248265745805702,0.9659261070195275,-0.16648840265256853
109.31,-0.12248265745805702,0.9659261070195275,-0.16648840265256853
109.33,-0.1183265593007976,0.9568804816184335,-0.19313632613146717
109.35,-0.12737218470189163,0.9441677107844635,-0.21929529688598234
109.37,-0.14986401002353084,0.932921798123644,-0.24423188582953886
109.39,-0.19142499159612505,0.9375668490052868,-0.28237019833144883
109.418,-0.23738654768817039,0.947345903492956,-0.3014393545824038
109.43,-0.27234666748158787,0.9517464780124072,-0.3060844054640467
109.45,-0.28970448919720077,0.9615255325000763,-0.3053509763774715
109.47,-0.28677077285089997,0.9590807688781591,-0.29532744552761053
109.49,-0.24447636219173058,0.9453900925954222,-0.28188124560706534
109.51,-0.18115698438407235,0.9434342816978883,-0.27112428567062924
109.53,-0.2038932860679033,0.9512575252880237,-0.2655013293402194
109.55,-0.28016991107172323,0.9578583870672004,-0.2591449439232344
109.57,-0.31268526724322343,0.9436787580600801,-0.24032026403447115
109.59,-0.2750359074656969,0.9360999908321364,-0.22809644592488462
109.61,-0.23640864223940347,0.9783944014913057,-0.24520979127830578
109.63,-0.22100663142132446,1.0065091831433548,-0.25132170033309903
109.65,-0.1990037588240687,1.0116431867493811,-0.25596675121474194
109.67,-0.19215842068270023,1.0201998594260917,-0.2647679002536442
109.69,-0.22198453687009137,0.9974635577422608,-0.2635455184426856
109.71,-0.23371940225529445,0.9722824924365125,-0.2606118020963848
109.73,-0.2324970204443358,0.9656816306573358,-0.25376646395501634
109.75,-0.2197842496103658,0.9429453289735048,-0.22687406411392597
109.77,-0.17015554808544447,0.9131192127861137,-0.20413776243009504
109.79,-0.12174922837148183,0.9292546526907679,-0.2180729150750237
109.81,-0.10610274119121108,0.9407450417137793,-0.24398740946734712
109.83,-0.12126027564709838,0.9387892308162454,-0.267701616599945
109.85,-0.14350762460654584,0.9272988417932341,-0.305839929101855
109.87,-0.20829386058735447,0.9314549399504936,-0.3368884271002047
109.89,-0.2799254347095315,0.9334107508480274,-0.35546863062677625
109.91,-0.3645142560278703,0.9471014271307643,-0.355713106988968
109.93,-0.4493475537084008,0.948323808941723,-0.3332212816673288
109.95,-0.45912660819607004,0.9260764599822754,-0.2919047764569263
109.97,-0.308529169085964,0.921920361825016,-0.28432600922898266
109.99,-0.17773431531338812,0.9485682853039147,-0.31781927084924977
110.01,-0.10830302845093664,0.9444121871466552,-0.3332212816673288
110.03,-0.09387892308162454,0.9405005653515875,-0.3183082235736332
110.05,-0.12614980289093297,0.9576139107050087,-0.31292974360541514
110.07,-0.12028237019833145,0.9642147724841854,-0.2806588637961067
110.09,-0.088011490389023,0.9593252452403508,-0.24667664945145615
110.11,-0.11197017388381261,0.95639152889405,-0.2197842496103658
110.13,-0.1831127952816062,0.9695932524524035,-0.22345139504324174
110.15,-0.2327414968065275,0.9693487760902118,-0.23029673318461022
110.17,-0.2349417840662531,0.9431898053356966,-0.22931882773584328
110.19,-0.1965589952021514,0.9405005653515875,-0.24276502765638847
110.21,-0.19240289704489197,0.9654371542951441,-0.2581670384744675
110.23,-0.21147205329584695,0.9466124744063809,-0.2469211258136479
110.25,-0.22320691868105003,0.9512575252880237,-0.2493658894355652
110.27,-0.22271796595666657,0.9612810561378846,-0.25474436940378326
110.29,-0.23078568590899368,0.9561470525318583,-0.2630565657183021
110.31,-0.2180729150750237,0.95639152889405,-0.2718577147572044
110.33,-0.19240289704489197,0.9541912416343244,-0.2652568529780277
110.35,-0.17895669712434678,0.9644592488463771,-0.2581670384744675
110.37,-0.1774898389511964,0.9798612596644561,-0.24814350762460655
110.39,-0.18849127524982429,0.979127830577881,-0.23127463863337713
110.41,-0.2046267151544785,0.9815725941997983,-0.22076215505913271
110.439,-0.20756043150077927,0.9957522232069187,-0.22345139504324174
110.45,-0.22369587140543348,1.0003972740885616,-0.23567521315282827
110.47,-0.23005225682241848,0.9783944014913057,-0.23151911499556885
110.49,-0.23371940225529445,0.9534578125477493,-0.24178712220762155
110.51,-0.23860892949912904,0.9515020016502155,-0.24912141307337346
110.53,-0.23054120954680193,0.9461235216819973,-0.25327751123063286
110.55,-0.21073862420927175,0.9417229471625462,-0.23763102405036213
110.57,-0.1806680316596889,0.9478348562173394,-0.22271796595666657
110.59,-0.13690676282736913,0.9576139107050087,-0.22565168230296734
110.61,-0.11368150841915473,0.9661705833817192,-0.23763102405036213
110.63,-0.12174922837148183,0.970082205176787,-0.2469211258136479
110.65,-0.14277419551997067,0.9466124744063809,-0.24594322036488098
110.67,-0.14497448277969624,0.9241206490847416,-0.23567521315282827
110.69,-0.12786113742627508,0.9343886562967942,-0.25694465666350885
110.71,-0.12786113742627508,0.9343886562967942,-0.25694465666350885
110.73,-0.1373957155517526,0.9316994163126853,-0.27283562020597135
110.75,-0.17382269351832044,0.9070073037313204,-0.2779696238119977
110.77,-0.20609357332762887,0.8828041438743391,-0.28823763102405037
110.79,-0.22589615866515905,0.8612902240014668,-0.29679430370076093
110.81,-0.2408092167588546,0.8466216422699631,-0.302172783668979
110.83,-0.24961036579775692,0.8598233658283164,-0.32662041988815205
110.85,-0.25572227485255017,0.9060293982825536,-0.355713106988968
110.87,-0.2718577147572044,0.9441677107844635,-0.36891483054732144
110.89,-0.28090334015829843,0.9710601106255539,-0.35449072517800934
110.91,-0.23469730770406136,0.9776609724047306,-0.33297680530513707
110.93,-0.1486416282125722,0.998196986828836,-0.323931179904043
110.95,-0.16917764263667756,1.0177550958041743,-0.34006661980869723
110.97,-0.2525440821440577,0.9837728814595239,-0.3300430889588363
110.99,-0.2772361947254225,0.9292546526907679,-0.31635241267609937
111.01,-0.2263851113895425,0.9302325581395349,-0.3285762307856859
111.03,-0.17895669712434678,0.9260764599822754,-0.34348928887938146
111.05,-0.1591541117868166,0.8898939583778993,-0.3349326162026709
111.07,-0.16184335177092565,0.8881826238425572,-0.33150994713198667
111.09,-0.17553402805366256,0.8999174892277603,-0.3341991871160957
111.11,-0.19704794792653485,0.9040735873850196,-0.33126547076979496
111.13,-0.22296244231885828,0.9109189255263882,-0.32515356171500165
111.15,-0.24252055129419675,0.9304770345017266,-0.31781927084924977
111.17,-0.2405647403966629,0.9422118998869297,-0.29948354368486996
111.19,-0.22002872597255752,0.9568804816184335,-0.2757693365522721
111.21,-0.23371940225529445,0.9889068850655502,-0.2669681875133698
111.23,-0.28383705650459923,1.006264706781163,-0.25621122757693365
111.25,-0.3219753690065092,0.9959966995691104,-0.2469211258136479
111.27,-0.32515356171500165,1.0047978486080127,-0.2628120893561104
111.29,-0.28261467469364054,0.9906182196008924,-0.27405800201693
111.31,-0.27087980930843747,0.9471014271307643,-0.26965742749747884
111.33,-0.30021697277144516,0.9343886562967942,-0.2799254347095315
111.35,-0.3219753690065092,0.9375668490052868,-0.30192830730678727
111.37,-0.31146288543226475,0.9258319836200837,-0.29923906732267824
111.39,-0.28457048559117437,0.912874736423922,-0.28897106011062557
111.41,-0.2686795220487119,0.9060293982825536,-0.2757693365522721
111.43,-0.25865599119885097,0.9084741619044708,-0.2750359074656969
111.459,-0.24863246034899,0.9123857836995385,-0.2755248601900804
111.47,-0.2476545549002231,0.9099410200776212,-0.27112428567062924
111.49,-0.2430095040185802,0.8967392965192678,-0.2500993185221404
111.51,-0.21929529688598234,0.8923387219998167,-0.2430095040185802
111.53,-0.18849127524982429,0.9783944014913057,-0.26843504568652016
111.55,-0.14350762460654584,1.117990404302784,-0.29777220914952784
111.57,-0.1510863918344895,1.0659169391559453,-0.2263851113895425
111.59,-0.24887693671118175,1.0896311462885433,-0.17088897717201967
111.61,-0.3334657580295205,1.1231244079088103,-0.12199370473367356
111.63,-0.4087644775845735,1.0972099135164868,-0.04131650521040247
111.65,-0.41536533936375025,1.0874308590288175,0.0041560981572594195
111.67,-0.30266173639336247,1.049048070164716,0.05476270513094765
111.69,-0.16379916266845948,1.0040644195214374,0.08263301042080494
111.71,-0.030070592549582862,0.9774164960425389,0.043516792470128046
111.73,0.04253888702136112,0.9312104635883018,0.0044005745194511505
111.75,0.041805457934785926,0.8960058674326926,-0.01735782171561287
111.77,0.03716040705314305,0.8935611038107752,-0.017602298077804602
111.79,0.04498365064327843,0.9018733001252941,-0.02126944351068056
111.81,0.036182501604376124,0.9275433181554258,-0.01735782171561287
111.83,-0.009045625401094031,0.946367998044189,0.0207804907862971
111.85,-0.05842985056382361,0.9649482015707606,0.06992023958683495
111.87,-0.09021177764874859,0.9974635577422608,0.13006142468600068
111.89,-0.147908199125997,1.0106652813006143,0.17797879167557987
111.91,-0.2525440821440577,0.9928185068606179,0.22076215505913271
111.93,-0.3356660452892461,1.0074870885921217,0.20169299880817773
111.95,-0.33053204168321976,0.9972190813800691,0.13861809736271125
111.97,-0.2941050637166519,0.9698377288145952,0.025670018030131712
111.99,-0.3610915869571861,0.9656816306573358,-0.10830302845093664
112.01,-0.46963909177031443,0.938300278091862,-0.17969012621092198
112.03,-0.5048436879259236,0.9021177764874858,-0.1655104972038016
112.05,-0.4916419643675702,0.8996730128655686,-0.12883904287504203
112.07,-0.4955535861626379,0.8913608165510497,-0.08092167588546283
112.09,-0.4955535861626379,0.8913608165510497,-0.08092167588546283
112.11,-0.5312471350426305,0.8752253766463954,-0.045717079729853616
112.13,-0.5615622039544051,0.8859823365828317,-0.0383827888641017
112.15,-0.5001986370442808,0.8576230785685909,-0.03398221434465055
112.17,-0.43150077926840447,0.8568896494820157,-0.07701005409039513
112.19,-0.4669498517862054,0.8669131803318767,-0.13421752284326008
112.21,-0.4676832808727806,0.8434434495614705,-0.11368150841915473
112.23,-0.44885860098401736,0.8542004094979067,-0.08336643950738012
112.25,-0.48846377165907773,0.9248540781713168,-0.06503071234300034
112.27,-0.4515478409681264,0.9757051615071968,-0.026647923478898633
112.29,-0.3368884271002047,1.0451364483696481,-0.09143415945970723
112.31,-0.2635455184426856,1.0752070409192311,-0.16893316627448582
112.33,-0.2655013293402194,1.0703175136753964,-0.24594322036488098
112.35,-0.35546863062677625,1.0835192372337499,-0.2733245729303548
112.37,-0.3784494086727989,1.0003972740885616,-0.1630657335818843
112.39,-0.3549796779023928,0.9429453289735048,-0.08947834856217339
112.41,-0.3381108089111634,0.9500351434770651,-0.08752253766463955
112.43,-0.27381352565473827,0.9182532163921401,-0.12346056290682395
112.45,-0.2623231366317269,0.8933166274485835,-0.19289184976927543
112.479,-0.28897106011062557,0.9133636891483055,-0.25841151483665925
112.49,-0.2965498273385692,0.953702288909941,-0.29899459096048653
112.51,-0.2398313113100877,0.9512575252880237,-0.2936161109922684
112.53,-0.22516272957858385,0.9588362925159674,-0.2901934419215842
112.55,-0.25132170033309903,0.973749350609663,-0.2611007548207683
112.57,-0.23640864223940347,0.9661705833817192,-0.21318338783118906
112.59,-0.20658252605201236,0.9678819179170614,-0.17480059896708736
112.61,-0.24569874400268923,0.9688598233658283,-0.15817620633804969
112.63,-0.305839929101855,0.9595697216025425,-0.16282125721969257
112.65,-0.349356721571983,0.9375668490052868,-0.17895669712434678
112.67,-0.35938025242184396,0.9272988417932341,-0.2166060569018733
112.69,-0.35473520154020105,0.9170308345811814,-0.24423188582953886
112.71,-0.3510680561073251,0.8984506310546099,-0.2493658894355652
112.73,-0.37527121596430646,0.9175197873055648,-0.25865599119885097
112.75,-0.383827888641017,0.9434342816978883,-0.23640864223940347
112.77,-0.36964825963389664,0.9471014271307643,-0.20022614063502733
112.79,-0.34251138343061455,0.9466124744063809,-0.154264584542982
112.81,-0.31292974360541514,0.941967423524738,-0.1246829447177826
112.83,-0.3031506891177459,0.952724383461174,-0.14106286098462856
112.85,-0.3065733581884301,0.9546801943587079,-0.15328667909421506
112.87,-0.3334657580295205,0.9385447544540537,-0.17113345353421142
112.89,-0.34568957613910706,0.9312104635883018,-0.20047061699721908
112.91,-0.26990190385967056,0.9231427436359747,-0.20976071876050484
112.93,-0.18457965345475658,0.9314549399504936,-0.22076215505913271
112.95,-0.15548696635394066,0.9532133361855576,-0.2166060569018733
112.97,-0.18164593710845583,0.9764385905937719,-0.19875928246187696
112.99,-0.22125110778351617,0.9735048742474712,-0.1613543990465422
113.01,-0.25498884576597497,0.9632368670354184,-0.11734865385203068
113.03,-0.28481496195336614,0.9554136234452831,-0.09534578125477493
113.05,-0.2762582892766556,0.9747272560584298,-0.09241206490847416
113.07,-0.22442930049200868,0.9994193686397946,-0.0799437704366959
113.09,-0.18115698438407235,0.9986859395532194,-0.06820890505149284
113.11,-0.1743116462427039,1.0033309904348624,-0.07260947957094398
113.13,-0.19240289704489197,1.006264706781163,-0.08092167588546283
113.15,-0.2166060569018733,0.9977080341044525,-0.09583473397915838
113.17,-0.22271796595666657,0.9867065978058246,-0.11637074840326375
113.19,-0.18042355529749718,0.9871955505302081,-0.1366622864651774
113.21,-0.12590532652874126,0.98181707056199,-0.1608654463221587
113.23,-0.08850044311340648,0.9801057360266479,-0.18726889343886563
113.25,-0.060874614185740916,0.9725269687987043,-0.20804938422516273
113.27,-0.0327598325336919,0.9576139107050087,-0.2254072059407756
113.29,-0.008067719952327109,0.952724383461174,-0.24276502765638847
113.31,0.011979341747394798,0.9500351434770651,-0.2535219875928246
113.33,0.04498365064327843,0.9544357179965162,-0.25474436940378326
113.35,0.09534578125477493,0.9534578125477493,-0.23054120954680193
113.37,0.14350762460654584,0.9661705833817192,-0.2070714787763958
113.39,0.1608654463221587,0.9913516486874675,-0.17626745714023775
113.41,0.1366622864651774,0.9974635577422608,-0.14521895914188795
113.43,0.08116615224765455,0.9952632704825352,-0.13250618830791797
113.45,0.013935152644928643,0.9911071723252758,-0.1327506646701097
113.47,-0.04449469791889497,0.9739938269718547,-0.15059743911010604
113.499,-0.04449469791889497,0.9739938269718547,-0.15059743911010604
113.51,-0.06992023958683495,0.9708156342633621,-0.17895669712434678
113.53,-0.06136356691012437,0.9779054487669223,-0.21220548238242215
113.55,-0.03911621795067689,0.9759496378693885,-0.23591968951502001
113.57,-0.06185251963450784,0.9681263942792531,-0.25547779849035845
113.59,-0.10463588301806069,0.9676374415548696,-0.2655013293402194
113.61,-0.13861809736271125,0.9749717324206215,-0.25938942028542616
113.63,-0.1743116462427039,0.9808391651132231,-0.2278519695626929
113.65,-0.22980778046022673,0.9869510741680163,-0.19386975521804234
113.67,-0.29386058735446013,0.9940408886715766,-0.16599944992818508
113.69,-0.3102405036213061,1.001864132261712,-0.14326314824435413
113.71,-0.2725911438437796,1.006264706781163,-0.1447300064175045
113.73,-0.20878281331173792,1.0153103321822572,-0.15548696635394066
113.75,-0.14570791186627144,1.007976041316505,-0.17308926443174524
113.77,-0.10903645753751184,0.9752162087828133,-0.21122757693365524
113.79,-0.0951013048925832,0.9625034379488433,-0.2608562784585765
113.81,-0.08850044311340648,0.9686153470036366,-0.2972832564251444
113.83,-0.035204596155609204,0.9529688598233658,-0.31928612902240017
113.85,0.06405280689423341,0.8818262384255722,-0.3478898633988326
113.87,0.12663875561531643,0.8436879259236623,-0.37135959416923875
113.89,0.03813831250190997,1.0646945573449866,-0.3496011979341747
113.93,-0.11441493750572991,1.0060202304189714,-0.18335727164379795
113.95,-0.03691593069095132,0.8419765913883202,-0.13543990465421873
113.97,-0.016135439904654218,0.8933166274485835,-0.19142499159612505
113.99,-0.033248785258075356,0.99452984139596,-0.2508327476087156
114.01,0.010756959936436146,1.0011307031751366,-0.2662347584267946
114.03,0.033248785258075356,0.9754606851450051,-0.28408153286679094
114.05,-0.03422669070684228,0.9744827796962381,-0.2743024783791217
114.07,-0.04938422516272958,0.953702288909941,-0.25938942028542616
114.09,-0.04987317788711304,0.9515020016502155,-0.23640864223940347
114.11,-0.04204993429697766,0.9629923906732267,-0.20780490786297098
114.13,-0.03544907251780093,0.9957522232069187,-0.18531308254133178
114.15,-0.03202640344711671,1.014576903095682,-0.16746630810133545
114.17,-0.055985086941906306,1.0006417504507532,-0.15206429728325643
114.19,-0.09265654127066589,0.9551691470830914,-0.12932799559942548
114.21,-0.09852397396326742,0.9422118998869297,-0.1271277083396999
114.23,-0.03251535617150017,0.9918406014118509,-0.16355468630626777
114.25,-0.09094520673532377,1.0228890994102007,-0.1870244170766739
114.27,-0.1904470861473581,1.0006417504507532,-0.17284478806955353
114.29,-0.1655104972038016,0.9837728814595239,-0.16037649359777525
114.31,-0.12859456651285028,0.9673929651926779,-0.14228524279558719
114.33,-0.147908199125997,0.9588362925159674,-0.1320172355835345
114.35,-0.1726003117073618,0.9576139107050087,-0.12883904287504203
114.37,-0.18115698438407235,0.9617700088622682,-0.12859456651285028
114.39,-0.18042355529749718,0.9715490633499373,-0.12517189744216606
114.41,-0.1686886899122941,0.9901292668765088,-0.12737218470189163
114.43,-0.1535311554564068,0.9952632704825352,-0.1320172355835345
114.45,-0.14399657733092933,0.9969746050178773,-0.1334840937566849
114.47,-0.14277419551997067,1.0052868013323961,-0.13886257372490296
114.49,-0.1359288573786022,1.007976041316505,-0.14277419551997067
114.518,-0.11148122115942914,1.0065091831433548,-0.1359288573786022
114.53,-0.12688323197750817,0.9979525104666442,-0.14252971915777893
114.55,-0.16037649359777525,0.9835284050973321,-0.14521895914188795
114.57,-0.182379366195031,0.9805946887510314,-0.15059743911010604
114.59,-0.18726889343886563,0.9820615469241818,-0.15548696635394066
114.61,-0.17700088622681295,0.9825504996485652,-0.15622039544051583
114.63,-0.16208782813311737,0.9757051615071968,-0.15402010818079026
114.65,-0.14913058093695566,0.9710601106255539,-0.15670934816489931
114.67,-0.13543990465421873,0.9752162087828133,-0.15793172997585794
114.69,-0.11172569752162087,0.9715490633499373,-0.15890963542462488
114.71,-0.1063472175534028,0.9813281178376065,-0.1655104972038016
114.73,-0.094367875806008,0.9857286923570577,-0.1623323044953091
114.75,-0.08654463221587262,0.9786388778534976,-0.16453259175503468
114.77,-0.0951013048925832,0.9732603978852794,-0.16453259175503468
114.79,-0.11172569752162087,0.978149925129114,-0.16331020994407602
114.81,-0.12248265745805702,0.9761941142315802,-0.1662439262903768
114.83,-0.13250618830791797,0.9761941142315802,-0.16526602084160988
114.85,-0.14155181370901201,0.9815725941997983,-0.16355468630626777
114.87,-0.1454634355040797,0.9742383033340464,-0.16331020994407602
114.89,-0.1454634355040797,0.9742383033340464,-0.16331020994407602
114.91,-0.14350762460654584,0.9632368670354184,-0.1598875408733918
114.93,-0.13519542829202702,0.9656816306573358,-0.16575497356599334
114.95,-0.13446199920545182,0.9747272560584298,-0.1750450753292791
114.97,-0.13470647556764356,0.9764385905937719,-0.18091250802188064
114.99,-0.12566085016654951,0.9754606851450051,-0.18335727164379795
115.01,-0.11857103566298934,0.9744827796962381,-0.1821348898328393
115.03,-0.11197017388381261,0.9815725941997983,-0.1909360388717416
115.05,-0.10268007212052685,0.9901292668765088,-0.1919139443205085
115.07,-0.09656816306573358,0.9813281178376065,-0.19460318430461754
115.09,-0.0919231121840907,0.9815725941997983,-0.19973718791064388
115.11,-0.09070073037313205,0.9825504996485652,-0.21122757693365524
115.13,-0.09314549399504936,0.9810836414754148,-0.21049414784708004
115.15,-0.11001436298627876,0.9766830669559636,-0.21416129327995598
115.17,-0.11857103566298934,0.9832839287351404,-0.2183173914372154
115.19,-0.12272713382024875,0.9620144852244599,-0.20682700241420407
115.21,-0.13690676282736913,0.9576139107050087,-0.20731595513858753
115.23,-0.14057390826024507,0.9940408886715766,-0.2214955841457079
115.25,-0.1518198209210647,0.9735048742474712,-0.21244995874461386
115.27,-0.1677107844635272,0.9642147724841854,-0.2046267151544785
115.29,-0.1615988754087339,0.9805946887510314,-0.2134278641933808
115.31,-0.14961953366133912,0.9823060232863735,-0.21685053326406503
115.33,-0.14937505729914738,0.973749350609663,-0.2102496714848883
115.35,-0.14815267548818872,0.9695932524524035,-0.20853833694954618
115.37,-0.15035296274791432,0.9747272560584298,-0.21440576964214772
115.39,-0.14815267548818872,0.9717935397121291,-0.21953977324817406
115.41,-0.14741924640161355,0.9722824924365125,-0.22198453687009137
115.43,-0.14766372276380527,0.979127830577881,-0.22247348959447483
115.45,-0.1461968645906549,0.98181707056199,-0.22394034776762523
115.47,-0.13861809736271125,0.9801057360266479,-0.22345139504324174
115.49,-0.12297161018244049,0.9805946887510314,-0.2246737768542004
115.51,-0.11148122115942914,0.9801057360266479,-0.23029673318461022
115.539,-0.10096873758518474,0.9771720196803472,-0.23885340586132078
115.55,-0.09290101763285762,0.9735048742474712,-0.2461876967270727
115.57,-0.07774348317697033,0.9656816306573358,-0.25621122757693365
115.59,-0.06454175961861687,0.9644592488463771,-0.2630565657183021
115.61,-0.05842985056382361,0.9629923906732267,-0.2628120893561104
115.63,-0.05451822876875592,0.9603031506891178,-0.25694465666350885
115.65,-0.05305137059560554,0.9629923906732267,-0.25303303486844114
115.67,-0.05182898878464688,0.9656816306573358,-0.2461876967270727
115.69,-0.055251657855331114,0.9732603978852794,-0.24105369312104635
115.71,-0.06063013782354919,0.9805946887510314,-0.23591968951502001
115.73,-0.06185251963450784,0.9867065978058246,-0.23445283134186962
115.75,-0.06698652324053418,0.9871955505302081,-0.233230449530911
115.77,-0.07896586498792897,0.9803502123888397,-0.22907435137365156
115.79,-0.09876845032545915,0.9793723069400727,-0.2285853986492681
115.81,-0.10805855208874492,0.9823060232863735,-0.23640864223940347
115.83,-0.10488035938025242,0.979127830577881,-0.23689759496378693
115.85,-0.09241206490847416,0.9705711579011704,-0.22956330409803502
115.87,-0.06063013782354919,0.9713045869877456,-0.2261406350273508
115.89,-0.04229441065916939,0.978149925129114,-0.23127463863337713
115.91,-0.03202640344711671,0.9761941142315802,-0.2214955841457079
115.93,-0.0002444763621917306,0.9813281178376065,-0.22271796595666657
115.95,-0.018824679888763254,0.9849952632704825,-0.2398313113100877
115.97,-0.08263301042080494,0.9708156342633621,-0.2334749258931027
115.99,-0.11417046114353818,0.9693487760902118,-0.23151911499556885
116.01,-0.10219111939614338,0.9710601106255539,-0.2334749258931027
116.03,-0.07407633774409436,0.9649482015707606,-0.2278519695626929
116.05,-0.04889527243834611,0.9703266815389787,-0.22296244231885828
116.07,-0.043761268832319775,0.9757051615071968,-0.2285853986492681
116.09,-0.06992023958683495,0.9710601106255539,-0.23567521315282827
116.11,-0.11685970112764722,0.9576139107050087,-0.23567521315282827
116.13,-0.1471747700394218,0.9681263942792531,-0.22931882773584328
116.15,-0.12835009015065857,0.9825504996485652,-0.21318338783118906
116.17,-0.09216758854628243,0.979127830577881,-0.1919139443205085
116.19,-0.11001436298627876,0.978149925129114,-0.17944564984873024
116.21,-0.15842068270024143,0.9771720196803472,-0.1750450753292791
116.23,-0.18091250802188064,0.9783944014913057,-0.17480059896708736
116.25,-0.1877578461632491,0.9761941142315802,-0.18091250802188064
116.27,-0.20242642789475293,0.9673929651926779,-0.18995813342297466
116.29,-0.20242642789475293,0.9673929651926779,-0.18995813342297466
116.31,-0.21367234055557252,0.9688598233658283,-0.19704794792653485
116.33,-0.2021819515325612,0.9651926779329524,-0.1919139443205085
116.35,-0.17626745714023775,0.9669040124682945,-0.18604651162790697
116.37,-0.15035296274791432,0.979127830577881,-0.1821348898328393
116.39,-0.13641781010298568,0.98181707056199,-0.17944564984873024
116.41,-0.13299514103230142,0.9761941142315802,-0.17822326803777158
116.43,-0.1359288573786022,0.9884179323411667,-0.18653546435229043
116.45,-0.13421752284326008,0.988173455978975,-0.19215842068270023
116.47,-0.13959600281147816,0.9776609724047306,-0.19215842068270023
116.49,-0.15402010818079026,0.972771445160896,-0.19362527885585062
116.51,-0.160620969959967,0.9708156342633621,-0.201448522445986
116.53,-0.17064450080982796,0.9622589615866516,-0.20169299880817773
116.559,-0.1894691806985912,0.9488127616661064,-0.21122757693365524
116.57,-0.17773431531338812,0.9549246707208997,-0.1894691806985912
116.59,-0.1694221189988693,0.9698377288145952,-0.2053601442410537
116.61,-0.18800232252544083,0.9620144852244599,-0.21489472236653118
116.63,-0.19778137701311005,0.9468569507685726,-0.2021819515325612
116.65,-0.21000519512269658,0.9405005653515875,-0.20682700241420407
116.67,-0.2190508205237906,0.9510130489258319,-0.21147205329584695
116.69,-0.23396387861748616,0.9539467652721327,-0.22027320233474926
116.71,-0.21465024600433946,0.9424563762491214,-0.2197842496103658
116.73,-0.1623323044953091,0.9270543654310424,-0.2263851113895425
116.75,-0.11759313021422241,0.9294991290529597,-0.24643217308926443
116.77,-0.08605567949148916,0.9400116126272041,-0.2760138129144638
116.79,-0.07505424319286129,0.9649482015707606,-0.30901812181034743
116.81,-0.08165510497203801,0.9615255325000763,-0.3231977508174678
116.83,-0.10121321394737647,0.9446566635088469,-0.3496011979341747
116.85,-0.10512483574244415,0.9493017143904898,-0.362069492405953
116.87,-0.07212052684656052,0.9485682853039147,-0.32906518351006936
116.89,-0.03300430889588363,0.9478348562173394,-0.2904379182837759
116.91,-0.005867432692601534,0.9796167833022644,-0.28237019833144883
116.93,-0.019558108975338447,0.9717935397121291,-0.28603734376432477
116.95,-0.07774348317697033,0.9243651254469333,-0.26745714023775324
116.97,-0.12883904287504203,0.9138526418726889,-0.25058827124652383
116.99,-0.1471747700394218,0.9250985545335085,-0.2755248601900804
117.01,-0.14839715185038047,0.9495461907526815,-0.3051065000152798
117.03,-0.15133086819668123,0.9632368670354184,-0.3293096598722611
117.05,-0.14839715185038047,0.9857286923570577,-0.352045961556092
117.07,-0.14301867188216238,0.9920850777740428,-0.3650032087522538
117.09,-0.15157534455887295,0.9735048742474712,-0.3701372123582801
117.11,-0.17015554808544447,0.9673929651926779,-0.3610915869571861
117.13,-0.17088897717201967,0.9713045869877456,-0.336643950738013
117.15,-0.1376401919139443,0.9551691470830914,-0.30266173639336247
117.17,-0.13446199920545182,0.9197200745652905,-0.2791920056229563
117.19,-0.1158817956788803,0.8996730128655686,-0.27234666748158787
117.21,-0.10121321394737647,0.9177642636677567,-0.2733245729303548
117.23,-0.09803502123888397,0.9368334199187116,-0.26647923478898633
117.25,-0.09363444671943282,0.938300278091862,-0.25792256211227577
117.27,-0.09045625401094032,0.9368334199187116,-0.2493658894355652
117.29,-0.06136356691012437,0.9468569507685726,-0.24520979127830578
117.31,-0.10096873758518474,0.9735048742474712,-0.2623231366317269
117.33,-0.07383186138190263,1.0038199431592458,-0.23445283134186962
117.35,-0.08214405769642147,0.9984414631910277,-0.24863246034899
117.37,-0.0735873850197109,1.0013751795373285,-0.23151911499556885
117.39,-0.07114262139779359,1.0001527977263698,-0.21611710417748983
117.41,-0.11930446474956452,1.0001527977263698,-0.21000519512269658
117.43,-0.15744277725147449,0.9967301286556856,-0.1982703297374935
117.45,-0.1821348898328393,0.9803502123888397,-0.19435870794242582
117.47,-0.17920117348653852,1.00724261222993,-0.2173394859884485
117.49,-0.1398404791736699,1.0089539467652722,-0.23885340586132078
117.51,-0.11710417748983895,1.0106652813006143,-0.25792256211227577
117.53,-0.10732512300216973,1.1094337316260734,-0.34080004889527243
117.55,-0.05085108333587996,1.2001344619992054,-0.4241664884026526
117.579,-0.019313632613146715,1.137792989640314,-0.402897044891972
117.59,-0.10512483574244415,1.069828560951013,-0.3383552852733551
117.61,-0.17797879167557987,1.0964764844299117,-0.31268526724322343
117.63,-0.15402010818079026,1.0800965681630657,-0.26990190385967056
117.65,-0.09705711579011704,1.013598997646915,-0.18824679888763254
117.67,-0.09705711579011704,1.013598997646915,-0.18824679888763254
117.69,-0.07040919231121841,0.9901292668765088,-0.13788466827613605
117.71,-0.07578767227943647,0.9468569507685726,-0.09338997035724109
117.73,-0.11099226843504569,0.8615347003636585,-0.04889527243834611
117.75,-0.154264584542982,0.7984597989181921,-0.05891880328820707
117.77,-0.16404363903065122,0.8082388534058613,-0.11343703205696298
117.79,-0.11808208293860586,0.8417321150261284,-0.16331020994407602
117.81,-0.06307490144546649,0.8620236530880421,-0.2038932860679033
117.83,-0.055251657855331114,0.8713137548513278,-0.19851480609968522
117.85,-0.11465941386792164,0.8796259511658466,-0.19069156250954986
117.87,-0.18995813342297466,0.9532133361855576,-0.21416129327995598
117.89,-0.21685053326406503,1.0419582556611557,-0.21049414784708004
117.91,-0.2031598569813281,1.0693396082266295,-0.16648840265256853
117.93,-0.1975369006509183,1.0725178009351222,-0.09803502123888397
117.95,-0.17211135898297833,1.107966873452923,0.0070898145035601864
117.97,-0.057451945115056684,1.1434159459707238,0.14301867188216238
117.99,0.0,1.0820523790605996,0.20609357332762887
118.01,-0.10243559575833511,0.947345903492956,0.17308926443174524
118.03,-0.2608562784585765,0.9089631146288543,0.04033859976163555
118.05,-0.2972832564251444,0.963725819759802,-0.0799437704366959
118.07,-0.2261406350273508,0.9351220853833695,-0.18457965345475658
118.09,-0.20193747517036947,0.9070073037313204,-0.25474436940378326
118.11,-0.21929529688598234,0.9380558017296703,-0.31072945634568955
118.13,-0.25229960578186594,0.9786388778534976,-0.34471167069034014
118.15,-0.26843504568652016,0.9744827796962381,-0.28897106011062557
118.17,-0.26599028206460285,0.9615255325000763,-0.19435870794242582
118.19,-0.24912141307337346,0.9925740304984262,-0.09925740304984261
118.21,-0.2183173914372154,0.9923295541362345,-0.006111909054793264
118.23,-0.20438223879228676,0.973749350609663,0.047183937903004
118.25,-0.18751336980105734,0.9583473397915839,0.018335727164379794
118.27,-0.18189041347064755,0.9505240962014485,-0.06136356691012437
118.29,-0.20902728967392964,0.9260764599822754,-0.09852397396326742
118.31,-0.242276074932005,0.887449194755982,-0.1166152247654555
118.33,-0.26916847477309536,0.8850044311340647,-0.1391070500870947
118.35,-0.2765027656388473,0.878403569354888,-0.1518198209210647
118.37,-0.2755248601900804,0.8578675549307826,-0.14204076643339547
118.39,-0.28261467469364054,0.844910307734621,-0.1254163738043578
118.41,-0.26965742749747884,0.8776701402683128,-0.11759313021422241
118.43,-0.20780490786297098,0.9224093145493995,-0.10390245393148549
118.45,-0.13519542829202702,0.9292546526907679,-0.08556672676710571
118.47,-0.07065366867341014,0.9326773217614521,-0.05109555969807169
118.49,-0.0383827888641017,1.016288237631024,-0.020536014424105367
118.51,-0.03471564343122574,1.1426825168841488,-0.09461235216819973
118.53,-0.15719830088928277,1.2001344619992054,-0.26892399841090364
118.55,-0.3664700669254041,1.150505760474284,-0.35546863062677625
118.57,-0.5028878770283898,1.033646059346637,-0.3141521254163738
118.599,-0.47135042630565654,0.9351220853833695,-0.2647679002536442
118.61,-0.21782843871283195,0.9096965437154295,-0.2158726278152981
118.63,0.016135439904654218,0.8769367111817375,-0.22418482412981694
118.65,0.11563731931668857,0.8231519114995569,-0.2615897075451517
118.67,0.026403447116706905,0.7999266570913425,-0.33126547076979496
118.69,-0.10047978486080127,0.8681355621428353,-0.3989854230969043
118.71,-0.154264584542982,0.8925831983620084,-0.45594841548757753
118.73,-0.18262384255722275,0.9272988417932341,-0.48455214986401
118.75,-0.2173394859884485,0.985484215994866,-0.4620603245423708
118.77,-0.2134278641933808,0.9744827796962381,-0.4058307612382728
118.79,-0.19704794792653485,0.985484215994866,-0.35913577605965225
118.81,-0.2398313113100877,0.9989304159154112,-0.3437337652415732
118.83,-0.28530391467774957,0.9869510741680163,-0.31928612902240017
118.85,-0.27405800201693,0.9590807688781591,-0.3332212816673288
118.87,-0.22369587140543348,0.9385447544540537,-0.38431684136540045
118.89,-0.1911805152339333,0.9021177764874858,-0.41707667389909236
118.91,-0.1743116462427039,0.8642239403477676,-0.44079088103169023
118.93,-0.2102496714848883,0.8732695657488616,-0.494575680713871
118.95,-0.22956330409803502,0.8742474711976286,-0.5368700913730403
118.97,-0.2134278641933808,0.8703358494025609,-0.5478715276716682
118.99,-0.18971365706078294,0.8896494820157076,-0.5405372368059164
119.01,-0.16184335177092565,0.8979616783302264,-0.4994652079577056
119.03,-0.15010848638572258,0.8495553586162637,-0.44103535739388194
119.05,-0.1679552608257189,0.8304862023653088,-0.40069675763224644
119.07,-0.1679552608257189,0.8304862023653088,-0.40069675763224644
119.09,-0.18751336980105734,0.8669131803318767,-0.38749503407389296
119.11,-0.18017907893530544,0.8913608165510497,-0.35693548879992665
119.13,-0.1662439262903768,0.9079852091800874,-0.31610793631390766
119.15,-0.12663875561531643,0.9769275433181555,-0.3300430889588363
119.17,-0.09045625401094032,0.9353665617455612,-0.30339516547993767
119.19,-0.11514836659230511,0.9074962564557039,-0.27161323839501267
119.21,-0.18971365706078294,1.006264706781163,-0.2911713473703511
119.23,-0.23689759496378693,1.0502704519756745,-0.29606087461418573
119.25,-0.2366531186015952,1.008220517678697,-0.2901934419215842
119.27,-0.23029673318461022,0.9598141979647342,-0.27405800201693
119.29,-0.20609357332762887,0.9246096018091251,-0.24032026403447115
119.31,-0.20731595513858753,0.8808483329768053,-0.21244995874461386
119.33,-0.21562815145310638,0.8786480457170797,-0.24838798398679826
119.35,-0.22100663142132446,0.8862268129450234,-0.3214864162821257
119.37,-0.22687406411392597,0.8544448858600984,-0.3471564343122574
119.39,-0.20927176603612138,0.8422210677505119,-0.35669101243773493
119.41,-0.15133086819668123,0.8532225040491397,-0.3733154050667726
119.43,-0.1207713229227149,0.8913608165510497,-0.41560981572594197
119.45,-0.11123674479723741,0.9236316963603581,-0.4080310484979983
119.47,-0.06967576322464322,0.9202090272896739,-0.4258778229379947
119.49,-0.027625828927665557,0.9387892308162454,-0.44959203007059256
119.51,-0.040094123399443814,0.9184976927543318,-0.4072976194114232
119.53,-0.10243559575833511,0.940989518075971,-0.27087980930843747
119.55,-0.18042355529749718,1.0749625645570393,-0.16282125721969257
119.57,-0.31146288543226475,1.31381597041836,-0.05940775601259053
119.59,-0.34666748158787397,1.1074779207285395,0.006600861779176726
119.619,-0.29532744552761053,0.8537114567735232,0.08458882131833878
119.63,-0.3324878525807536,0.973749350609663,0.09412339944381627
119.65,-0.3300430889588363,1.0847416190447086,0.024203159856981328
119.67,-0.21367234055557252,1.047336735629374,-0.009779054487669223
119.69,-0.09412339944381627,1.021666717599242,-0.06283042508327476
119.71,-0.03960517067506036,1.0214222412370504,-0.10219111939614338
119.73,-0.08703358494025609,1.0104208049384225,-0.1207713229227149
119.75,-0.15230877364544815,0.9964856522934938,-0.1320172355835345
119.77,-0.18360174800598966,0.9713045869877456,-0.1454634355040797
119.79,-0.2278519695626929,0.9603031506891178,-0.1464413409528466
119.81,-0.22320691868105003,0.9026067292118694,-0.14277419551997067
119.83,-0.18017907893530544,0.890138434740091,-0.17700088622681295
119.85,-0.18286831891941446,0.9338997035724108,-0.2317635913577606
119.87,-0.22051767869694097,0.9661705833817192,-0.25767808575008405
119.89,-0.2628120893561104,0.9742383033340464,-0.280414387433915
119.91,-0.26965742749747884,0.9771720196803472,-0.29948354368486996
119.93,-0.2508327476087156,0.9632368670354184,-0.3014393545824038
119.95,-0.2476545549002231,0.9480793325795311,-0.29899459096048653
119.97,-0.25694465666350885,0.9356110381077529,-0.2926382055435015
119.99,-0.28383705650459923,0.9331662744858357,-0.28408153286679094
120.01,-0.2936161109922684,0.9358555144699446,-0.26990190385967056
120.03,-0.292149252819118,0.9331662744858357,-0.2390978822235125
120.05,-0.2743024783791217,0.9402560889893958,-0.2166060569018733
120.07,-0.25547779849035845,0.9598141979647342,-0.20609357332762887
120.09,-0.22125110778351617,0.9942853650337683,-0.17871222076215507
120.11,-0.17382269351832044,1.0121321394737646,-0.1608654463221587
120.13,-0.17284478806955353,1.0187330012529414,-0.16037649359777525
120.15,-0.19411423158023408,0.9967301286556856,-0.15670934816489931
120.17,-0.19802585337530176,1.0040644195214374,-0.14375210096873758
120.19,-0.2070714787763958,1.0214222412370504,-0.1239495156312074
120.21,-0.2180729150750237,1.00724261222993,-0.10439140665586896
120.23,-0.2117165296580387,0.9947743177581517,-0.10219111939614338
120.25,-0.1982703297374935,1.007976041316505,-0.10708064663997799
120.27,-0.19411423158023408,0.9986859395532194,-0.08996730128655686
120.29,-0.1982703297374935,0.9925740304984262,-0.07774348317697033
120.31,-0.19386975521804234,0.9991748922776029,-0.06992023958683495
120.33,-0.20682700241420407,1.0111542340249977,-0.08556672676710571
120.35,-0.2214955841457079,1.0067536595055466,-0.07114262139779359
120.37,-0.22296244231885828,0.9862176450814412,-0.030804021636158054
120.39,-0.22565168230296734,0.9678819179170614,-0.014179629007120373
120.41,-0.21220548238242215,0.9764385905937719,-0.02933716346300767
120.43,-0.23200806771995233,1.0356018702441707,-0.07040919231121841
120.45,-0.292149252819118,1.0737401827460806,-0.05500718149313938
120.47,-0.292149252819118,1.0737401827460806,-0.05500718149313938
120.49,-0.3092625981725392,1.0321792011734865,0.006111909054793264
120.51,-0.24007578767227944,0.9903737432387005,0.0207804907862971
120.53,-0.2053601442410537,1.0023530849860953,-0.013446199920545182
120.55,-0.25449989304159154,1.001864132261712,-0.008067719952327109
120.57,-0.3244201326284265,0.9901292668765088,0.009534578125477493
120.59,-0.32882070714787764,0.9840173578217156,-0.009534578125477493
120.61,-0.323931179904043,1.0057757540567795,-0.03178192708492498
120.639,-0.3217308926443174,0.9852397396326742,-0.026158970754515173
120.65,-0.29386058735446013,0.9671484888304862,-0.03300430889588363
120.67,-0.2877486782996669,1.0033309904348624,-0.053295846957797266
120.69,-0.2972832564251444,0.989151361427742,-0.03740488341533478
120.71,-0.28652629648870825,0.9512575252880237,-0.03349326162026709
120.73,-0.2493658894355652,0.9605476270513095,-0.05109555969807169
120.75,-0.2261406350273508,0.9808391651132231,-0.05696299239067323
120.77,-0.25841151483665925,0.9759496378693885,-0.05280689423341381
120.79,-0.2591449439232344,0.9661705833817192,-0.03936069431286862
120.81,-0.1821348898328393,0.9512575252880237,-0.0207804907862971
120.83,-0.13372857011887662,0.9497906671148734,-0.010756959936436146
120.85,-0.16917764263667756,0.9588362925159674,0.005378479968218073
120.87,-0.18677994071448217,0.9456345689576139,0.0041560981572594195
120.89,-0.15157534455887295,0.9783944014913057,-0.003422669070684228
120.91,-0.12370503926901567,1.001864132261712,0.0046450508816428815
120.93,-0.1391070500870947,0.9808391651132231,0.0036671454328759587
120.95,-0.1383736210005195,1.0260672921186933,-0.009290101763285763
120.97,-0.16013201723558354,1.0639611282584114,-0.009779054487669223
120.99,-0.22516272957858385,0.9224093145493995,-0.0031781927084924976
121.01,-0.20487119151667021,0.9505240962014485,-0.015402010818079027
121.03,-0.12614980289093297,0.9744827796962381,-0.03398221434465055
121.05,-0.09974635577422608,0.9314549399504936,-0.04425022155670324
121.07,-0.10732512300216973,0.9703266815389787,-0.07138709775998534
121.09,-0.13641781010298568,1.0150658558200654,-0.07896586498792897
121.11,-0.1525532500076399,0.9903737432387005,-0.06845338141368457
121.13,-0.12101579928490663,0.9649482015707606,-0.0623414723588913
121.15,-0.09216758854628243,0.9561470525318583,-0.062096995996699565
121.17,-0.08898939583778993,0.9683708706414448,-0.0679644286893011
121.19,-0.11343703205696298,0.9915961250496592,-0.08116615224765455
121.21,-0.11783760657641414,1.0016196558995203,-0.09363444671943282
121.23,-0.11197017388381261,0.9942853650337683,-0.09314549399504936
121.25,-0.11001436298627876,0.9725269687987043,-0.0919231121840907
121.27,-0.11734865385203068,0.9632368670354184,-0.08556672676710571
121.29,-0.11514836659230511,0.9629923906732267,-0.08336643950738012
121.31,-0.11099226843504569,0.9766830669559636,-0.0887449194755982
121.33,-0.1183265593007976,0.9849952632704825,-0.09143415945970723
121.35,-0.1246829447177826,0.9979525104666442,-0.09559025761696666
121.37,-0.1310393301347676,1.022644623048009,-0.10805855208874492
121.39,-0.13495095192983528,1.0294899611893775,-0.1127036029703878
121.41,-0.14204076643339547,1.018977477615133,-0.11245912660819607
121.43,-0.14839715185038047,1.0123766158359564,-0.11612627204107202
121.45,-0.15059743911010604,1.0155548085444488,-0.08996730128655686
121.47,-0.16013201723558354,0.9933074595850013,-0.07578767227943647
121.49,-0.15010848638572258,0.9488127616661064,-0.06820890505149284
121.51,-0.13495095192983528,0.9666595361061027,-0.07114262139779359
121.53,-0.11319255569477125,1.0016196558995203,-0.08703358494025609
121.55,-0.09094520673532377,1.029001008464994,-0.08996730128655686
121.57,-0.09265654127066589,1.0404913974880055,-0.09974635577422608
121.59,-0.12297161018244049,1.0556489319438926,-0.10585826482901935
121.61,-0.13372857011887662,1.054426550132934,-0.100724261222993
121.63,-0.11954894111175625,1.0175106194419827,-0.07065366867341014
121.658,-0.11392598478134645,0.9896403141521254,-0.05965223237478226
121.67,-0.11001436298627876,0.9830394523729487,-0.060141185099165724
121.69,-0.12737218470189163,0.9869510741680163,-0.06160804327231611
121.71,-0.1677107844635272,0.9950187941203434,-0.07260947957094398
121.73,-0.20413776243009504,0.998196986828836,-0.07798795953916206
121.75,-0.242276074932005,0.9950187941203434,-0.08654463221587262
121.77,-0.27039085658405404,0.9879289796167833,-0.1063472175534028
121.79,-0.2774806710876142,0.9950187941203434,-0.1327506646701097
121.81,-0.2782141001741894,1.011887663111573,-0.16673287901476025
121.83,-0.2906823946459677,1.0255783393943099,-0.2070714787763958
121.85,-0.2906823946459677,1.0255783393943099,-0.2070714787763958
121.87,-0.3207529871955505,1.0441585429208813,-0.24667664945145615
121.89,-0.3637808269412951,1.0678727500534793,-0.2943495400788436
121.91,-0.4148763866393668,1.0967209607921033,-0.32784280169911073
121.93,-0.47257280811661523,1.1145677352320997,-0.33053204168321976
121.95,-0.4953091098004462,1.1109005897992237,-0.33126547076979496
121.97,-0.4620603245423708,1.1023439171225131,-0.3522904379182838
121.99,-0.4109647648442991,1.1346147969318217,-0.3804052195703328
122.01,-0.40240809216758855,1.1495278550255172,-0.3588912996974605
122.03,-0.43076735018182927,1.1209241206490848,-0.30021697277144516
122.05,-0.47550652446291597,1.1101671607126486,-0.28579286740213306
122.07,-0.5016654952174312,1.1431714696085322,-0.31244079088103166
122.09,-0.5023989243040063,1.1568621458912691,-0.30046144913363687
122.11,-0.5334474223023561,1.135348226018397,-0.2518106530574825
122.13,-0.5975002291965895,1.1030773462090884,-0.19607004247776794
122.15,-0.6219478654157626,1.0996546771384041,-0.20902728967392964
122.17,-0.6001894691806986,1.1067444916419644,-0.195092137029001
122.19,-0.5923662255905632,1.016288237631024,-0.1063472175534028
122.21,-0.6165693854475446,0.9060293982825536,-0.06331937780765821
122.23,-0.5630290621275555,0.8928276747242001,-0.06771995232710937
122.25,-0.43125630290621275,0.8610457476392751,-0.03813831250190997
122.27,-0.4060752376004645,0.764966537297925,0.06820890505149284
122.29,-0.45839317910949484,0.6476178834458943,0.14521895914188795
122.31,-0.4997096843198973,0.5933441310393301,0.1814014607462641
122.33,-0.538092473183999,0.5820982183785105,0.19973718791064388
122.35,-0.5405372368059164,0.5647403966628977,0.1831127952816062
122.37,-0.49848730250893863,0.5654738257494728,0.2197842496103658
122.39,-0.5659627784738563,0.44714726644867525,0.4087644775845735
122.41,-0.7280506066069736,0.1968034715643431,0.48406319713962653
122.43,-0.7290285120557406,0.27234666748158787,0.3471564343122574
122.45,-0.7212052684656052,0.3943403722152614,0.28237019833144883
122.47,-0.7901476026036732,0.3740488341533478,0.3637808269412951
122.49,-0.805794089783944,0.18677994071448217,0.390184274058002
122.51,-0.7999266570913425,0.16966659536106102,0.33933319072212204
122.53,-0.7918589371390153,0.1095254102618953,0.41683219753690065
122.55,-0.8510222167894141,-0.0031781927084924976,0.5515386731045442
122.57,-0.7400299483543684,0.008801149038902301,0.5894325092442624
122.59,-0.27210219111939615,0.38676160498731776,0.5368700913730403
122.61,0.10659169391559453,0.5620511566787886,0.6745102832869847
122.63,-0.27136876203282095,0.46034899000702867,0.6877120068453382
122.65,-0.7683892063686092,0.4124316230174495,0.7326956574886165
122.679,-0.9964856522934938,0.42489991748922773,0.754943006448064
122.69,-1.044403019283073,0.421966201142927,0.6639977997127403
122.71,-0.9798612596644561,0.3943403722152614,0.5498273385692021
122.73,-0.9764385905937719,0.3461785288634905,0.43198973199278795
122.75,-0.9043180637472115,0.2950829691654188,0.3791828377593741
122.77,-0.7903920789658649,0.28163676924487363,0.4075420957736149
122.79,-0.7686336827308009,0.2510772239709073,0.4794181462579837
122.81,-0.8517556458759894,0.2109831005714635,0.5424930477034502
122.83,-0.9221648381872077,0.17137792989640313,0.5791645020322097
122.85,-0.9515020016502155,0.14521895914188795,0.5891880328820707
122.87,-0.9639702961219937,0.1461968645906549,0.5742749747883752
122.89,-0.9962411759313021,0.16648840265256853,0.5459157167741344
122.91,-0.9977080341044525,0.22198453687009137,0.5258686550744125
122.93,-0.9429453289735048,0.25547779849035845,0.5461601931363261
122.95,-0.893805580172967,0.2743024783791217,0.5828316474650858
122.97,-0.8801149038902301,0.2618341839073435,0.6038566146135745
122.99,-0.884759954771873,0.23689759496378693,0.595299941936864
123.01,-0.8859823365828317,0.2102496714848883,0.5686520184579653
123.03,-0.8947834856217339,0.18726889343886563,0.5376035204596156
123.05,-0.8830486202365309,0.17724536258900467,0.5273355132475629
123.07,-0.8671576566940684,0.17773431531338812,0.5322250404913975
123.09,-0.8632460348990006,0.18286831891941446,0.5402927604437245
123.11,-0.8610457476392751,0.195092137029001,0.5468936222229013
123.13,-0.8549338385844818,0.20731595513858753,0.5517831494667359
123.15,-0.8534669804113315,0.21122757693365524,0.554472389450845
123.17,-0.8473550713565382,0.20829386058735447,0.5578950585215292
123.19,-0.8343978241603764,0.20487119151667021,0.5669406839226232
123.21,-0.8314641078140758,0.20511566787886196,0.5657183021116645
123.23,-0.8282859151055832,0.20878281331173792,0.5618066803165969
123.25,-0.8282859151055832,0.20878281331173792,0.5618066803165969
123.27,-0.8224184824129817,0.20731595513858753,0.5669406839226232
123.29,-0.812150475200929,0.19558108975338445,0.5820982183785105
123.31,-0.8153286679094215,0.18409070073037312,0.6019008037160407
123.33,-0.8341533477981847,0.17993460257311372,0.6182807199828867
123.35,-0.8473550713565382,0.17724536258900467,0.6285487271949394
123.37,-0.8507777404272224,0.17871222076215507,0.6214589126913791
123.39,-0.8475995477187299,0.18262384255722275,0.6131467163768602
123.41,-0.8409986859395532,0.18800232252544083,0.6001894691806986
123.43,-0.8243742933105155,0.1982703297374935,0.5935886074015219
123.45,-0.8148397151850381,0.2038932860679033,0.5911438437796045
123.47,-0.8136173333740794,0.20242642789475293,0.5928551783149466
123.49,-0.8229074351373651,0.19875928246187696,0.5967668001100144
123.51,-0.8356202059713351,0.19704794792653485,0.6009228982672737
123.53,-0.8358646823335268,0.1958255661155762,0.6067903309598753
123.55,-0.8290193441921584,0.19386975521804234,0.6133911927390521
123.57,-0.8270635332946246,0.1870244170766739,0.6175472908963114
123.59,-0.8290193441921584,0.1806680316596889,0.6180362436206949
123.61,-0.8343978241603764,0.17626745714023775,0.6202365308804205
123.63,-0.8273080096568163,0.17822326803777158,0.6224368181401461
123.65,-0.8202181951532561,0.18629098799009872,0.6217033890535709
123.67,-0.8202181951532561,0.19484766066680928,0.6141246218256272
123.698,-0.8253521987592825,0.1904470861473581,0.6075237600464505
123.71,-0.8255966751214742,0.17137792989640313,0.6041010909757663
123.73,-0.824863246034899,0.15768725361366623,0.6138801454634355
123.75,-0.8353757296091434,0.1677107844635272,0.6341716835253491
123.77,-0.828530391467775,0.17944564984873024,0.6287932035571311
123.79,-0.8194847660666809,0.1902026097851664,0.6111909054793264
123.81,-0.818506860617914,0.2053601442410537,0.6087461418574092
123.83,-0.8172844788069553,0.21611710417748983,0.6143690981878189
123.85,-0.8097057115790117,0.21000519512269658,0.6121688109280934
123.87,-0.813128380649696,0.2021819515325612,0.6050789964245332
123.89,-0.8236408642239403,0.19558108975338445,0.5989670873697399
123.91,-0.8290193441921584,0.19802585337530176,0.6033676618891911
123.93,-0.8292638205543501,0.20193747517036947,0.6072792836842588
123.95,-0.8282859151055832,0.2102496714848883,0.6104574763927513
123.97,-0.8268190569324328,0.22125110778351617,0.6011673746294655
123.99,-0.8299972496409254,0.23225254408214405,0.5948109892124805
124.01,-0.8307306787275005,0.23591968951502001,0.5935886074015219
124.03,-0.8334199187116096,0.24520979127830578,0.5957888946612474
124.05,-0.8336643950738013,0.25156617669529074,0.588943556519879
124.07,-0.8314641078140758,0.25278855850624943,0.5784310729456346
124.09,-0.8334199187116096,0.24912141307337346,0.5684075420957736
124.11,-0.837576016868869,0.24887693671118175,0.5659627784738563
124.13,-0.8395318277664028,0.25523332212816674,0.5647403966628977
124.15,-0.8343978241603764,0.25694465666350885,0.5640069675763224
124.17,-0.8336643950738013,0.2591449439232344,0.5713412584420744
124.19,-0.8343978241603764,0.2628120893561104,0.5779421202212511
124.21,-0.8312196314518839,0.26599028206460285,0.579897931118785
124.23,-0.8326864896250343,0.26427894752926073,0.5879656510711121
124.25,-0.8353757296091434,0.2628120893561104,0.5901659383308376
124.27,-0.8358646823335268,0.26574580570241113,0.5884546037954955
124.29,-0.8353757296091434,0.27405800201693,0.5830761238272775
124.31,-0.8292638205543501,0.276747242001039,0.5786755493078263
124.33,-0.8204626715154478,0.2779696238119977,0.5820982183785105
124.35,-0.8207071478776395,0.2774806710876142,0.5776976438590594
124.37,-0.8224184824129817,0.2806588637961067,0.5625401094031721
124.39,-0.8138618097362711,0.2777251474498059,0.5666962075604315
124.41,-0.8143507624606545,0.2779696238119977,0.5874766983467286
124.43,-0.8119059988387373,0.28188124560706534,0.6009228982672737
124.45,-0.8043272316107937,0.28114781652049015,0.6009228982672737
124.47,-0.8026158970754514,0.2787030528985729,0.5945665128502888
124.49,-0.8106836170277786,0.2806588637961067,0.5879656510711121
124.51,-0.8111725697521621,0.28383705650459923,0.5877211747089203
124.53,-0.802126944351068,0.28237019833144883,0.6055679491489167
124.55,-0.7938147480365492,0.28383705650459923,0.617058338171928
124.57,-0.7947926534853161,0.2870152492130917,0.6065458545976836
124.59,-0.7987042752803838,0.2862818201265165,0.5938330837637136
124.61,-0.803104849799835,0.28237019833144883,0.5967668001100144
124.63,-0.8048161843351771,0.28285915105583226,0.6065458545976836
124.65,-0.8048161843351771,0.28285915105583226,0.6065458545976836
124.67,-0.799437704366959,0.28481496195336614,0.6133911927390521
124.69,-0.7903920789658649,0.28457048559117437,0.6195031017938453
124.718,-0.7825688353757296,0.2877486782996669,0.6165693854475446
124.73,-0.7793906426672371,0.289460012835009,0.6158359563609693
124.75,-0.777679308131895,0.28652629648870825,0.6153470036365859
124.77,-0.7837912171866882,0.28188124560706534,0.6158359563609693
124.79,-0.792103413501207,0.28188124560706534,0.6212144363291874
124.81,-0.7947926534853161,0.28725972557528345,0.6217033890535709
124.83,-0.7899031262414815,0.2870152492130917,0.6195031017938453
124.85,-0.7806130244781957,0.2892155364728173,0.6204810072426122
124.87,-0.7752345445099776,0.28799315466185865,0.6214589126913791
124.89,-0.7862359808086056,0.2906823946459677,0.616080432723161
124.91,-0.7801240717538123,0.28457048559117437,0.6226812945023378
124.93,-0.7850135989976469,0.28481496195336614,0.6253705344864469
124.95,-0.78403569354888,0.28652629648870825,0.627081869021789
124.97,-0.7825688353757296,0.28725972557528345,0.6290376799193228
124.99,-0.7801240717538123,0.28799315466185865,0.6285487271949394
125.01,-0.7757234972343612,0.289460012835009,0.6275708217461724
125.03,-0.7742566390612108,0.289460012835009,0.6265929162974054
125.05,-0.7732787336124438,0.28725972557528345,0.6253705344864469
125.07,-0.7740121626990191,0.28408153286679094,0.626103963573022
125.09,-0.7757234972343612,0.28359258014240746,0.6246371053998716
125.11,-0.7801240717538123,0.2892155364728173,0.6231702472267212
125.13,-0.7801240717538123,0.2904379182837759,0.6246371053998716
125.15,-0.7796351190294288,0.2911713473703511,0.6243926290376799
125.17,-0.7791461663050454,0.2899489655593925,0.6241481526754882
125.19,-0.7784127372184702,0.2901934419215842,0.623414723588913
125.21,-0.7786572135806619,0.2926382055435015,0.626103963573022
125.23,-0.7801240717538123,0.2904379182837759,0.627081869021789
125.25,-0.780368548116004,0.2911713473703511,0.6285487271949394
125.27,-0.7789016899428536,0.292149252819118,0.6243926290376799
125.29,-0.7825688353757296,0.2948384928032271,0.623414723588913
125.31,-0.7828133117379213,0.2948384928032271,0.6231702472267212
125.33,-0.7823243590135378,0.2972832564251444,0.6204810072426122
125.35,-0.7801240717538123,0.29997249640925344,0.6187696727072701
125.37,-0.7811019772025792,0.30119487822021207,0.6158359563609693
125.39,-0.7847691226354552,0.3014393545824038,0.6133911927390521
125.41,-0.7872138862573724,0.29997249640925344,0.6148580509122024
125.43,-0.787702838981756,0.30168383094459555,0.6163249090853528
125.45,-0.7855025517220303,0.304862023653088,0.6151025272743942
125.47,-0.7845246462732635,0.3060844054640467,0.6111909054793264
125.49,-0.7833022644623048,0.3051065000152798,0.6104574763927513
125.51,-0.7842801699110717,0.30339516547993767,0.6111909054793264
125.53,-0.7852580753598386,0.30119487822021207,0.6077682364086422
125.55,-0.7859915044464139,0.3036396418421294,0.6104574763927513
125.57,-0.7869694098951807,0.3063288818262384,0.6114353818415181
125.59,-0.7811019772025792,0.3075512636371971,0.6085016654952174
125.61,-0.7806130244781957,0.3068178345506219,0.6082571891330257
125.63,-0.7842801699110717,0.3080402163615805,0.6089906182196009
125.65,-0.7872138862573724,0.3075512636371971,0.6131467163768602
125.67,-0.7894141735170981,0.3075512636371971,0.6153470036365859
125.69,-0.7825688353757296,0.3046175472908963,0.6151025272743942
125.71,-0.7754790208721694,0.302172783668979,0.6153470036365859
125.738,-0.7793906426672371,0.3029062127555542,0.6219478654157626
125.75,-0.7830577881001131,0.3095070745347309,0.6248815817620633
125.77,-0.7811019772025792,0.31195183815664823,0.6195031017938453
125.79,-0.7710784463527183,0.3077957399993888,0.6124132872902851
125.81,-0.7749900681477859,0.3060844054640467,0.61167985820371
125.83,-0.7833022644623048,0.3070623109128136,0.6182807199828867
125.85,-0.781346453564771,0.3082846927237723,0.6204810072426122
125.87,-0.7769458790453198,0.3051065000152798,0.6182807199828867
125.89,-0.7801240717538123,0.3060844054640467,0.617058338171928
125.91,-0.7845246462732635,0.31048497998349783,0.6163249090853528
125.93,-0.7835467408244965,0.31439660177856554,0.6173028145341197
125.95,-0.780368548116004,0.31219631451883995,0.6141246218256272
125.97,-0.781346453564771,0.31048497998349783,0.6143690981878189
125.99,-0.7842801699110717,0.31268526724322343,0.6151025272743942
126.01,-0.78403569354888,0.31390764905418206,0.6163249090853528
126.03,-0.78403569354888,0.31390764905418206,0.6163249090853528
126.05,-0.7828133117379213,0.31439660177856554,0.6124132872902851
126.07,-0.7808575008403875,0.31219631451883995,0.6036121382513828
126.09,-0.781346453564771,0.3082846927237723,0.6050789964245332
126.11,-0.7828133117379213,0.31121840907007303,0.610701952754943
126.13,-0.7798795953916206,0.317574794487058,0.6121688109280934
126.15,-0.776701402683128,0.31488555450294897,0.6121688109280934
126.17,-0.7820798826513461,0.31244079088103166,0.6165693854475446
126.19,-0.7833022644623048,0.31684136540048286,0.6126577636524768
126.21,-0.7818354062891544,0.317574794487058,0.6087461418574092
126.23,-0.7815909299269627,0.31390764905418206,0.6082571891330257
126.25,-0.7823243590135378,0.31561898358952417,0.6080127127708339
126.27,-0.7820798826513461,0.31684136540048286,0.607034807322067
126.29,-0.781346453564771,0.31610793631390766,0.6067903309598753
126.31,-0.7815909299269627,0.3173303181248663,0.6109464291171347
126.33,-0.7837912171866882,0.31684136540048286,0.6082571891330257
126.35,-0.7830577881001131,0.31855269993582497,0.6077682364086422
126.37,-0.7818354062891544,0.31781927084924977,0.6065458545976836
126.39,-0.781346453564771,0.31366317269199034,0.6075237600464505
126.41,-0.7835467408244965,0.31219631451883995,0.6158359563609693
126.43,-0.7828133117379213,0.3141521254163738,0.6143690981878189
126.45,-0.78403569354888,0.31928612902240017,0.6143690981878189
126.47,-0.7791461663050454,0.3200195581089753,0.6114353818415181
126.49,-0.7781682608562784,0.31537450722733246,0.610701952754943
126.51,-0.780368548116004,0.31464107814075726,0.6109464291171347
126.53,-0.7847691226354552,0.31708584176267457,0.6102130000305596
126.55,-0.7835467408244965,0.3165968890382911,0.6065458545976836
126.57,-0.7806130244781957,0.31610793631390766,0.6036121382513828
126.59,-0.7850135989976469,0.31781927084924977,0.6102130000305596
126.61,-0.7818354062891544,0.3165968890382911,0.6119243345659017
126.63,-0.7818354062891544,0.31341869632979863,0.6141246218256272
126.65,-0.781346453564771,0.31366317269199034,0.6185251963450784
126.67,-0.7769458790453198,0.31708584176267457,0.61167985820371
126.69,-0.7784127372184702,0.31513003086514074,0.6072792836842588
126.71,-0.7845246462732635,0.3183082235736332,0.610701952754943
126.73,-0.7852580753598386,0.3209974635577423,0.6114353818415181
126.759,-0.7796351190294288,0.3173303181248663,0.6060569018733001
126.77,-0.7791461663050454,0.31488555450294897,0.6065458545976836
126.79,-0.7793906426672371,0.31146288543226475,0.6087461418574092
126.81,-0.781346453564771,0.3158634599517159,0.6080127127708339
126.83,-0.78403569354888,0.31561898358952417,0.6077682364086422
126.85,-0.7815909299269627,0.3070623109128136,0.6094795709439843
126.87,-0.7847691226354552,0.3055954527396632,0.6175472908963114
126.89,-0.7823243590135378,0.31146288543226475,0.6185251963450784
126.91,-0.7757234972343612,0.31635241267609937,0.6089906182196009
126.93,-0.7747455917855942,0.31219631451883995,0.6033676618891911
126.95,-0.7791461663050454,0.3060844054640467,0.6089906182196009
126.97,-0.7837912171866882,0.30192830730678727,0.6151025272743942
126.99,-0.7835467408244965,0.3031506891177459,0.6180362436206949
127.01,-0.7811019772025792,0.3051065000152798,0.617058338171928
127.03,-0.7801240717538123,0.305839929101855,0.617058338171928
127.05,-0.7825688353757296,0.3068178345506219,0.6143690981878189
127.07,-0.7820798826513461,0.3031506891177459,0.6114353818415181
127.09,-0.7833022644623048,0.29752773278733613,0.6109464291171347
127.11,-0.7825688353757296,0.2936161109922684,0.6153470036365859
127.13,-0.7811019772025792,0.295816398251994,0.6190141490694618
127.15,-0.7786572135806619,0.29850563823610304,0.6185251963450784
127.17,-0.7757234972343612,0.29606087461418573,0.6187696727072701
127.19,-0.7825688353757296,0.2936161109922684,0.6138801454634355
127.21,-0.7830577881001131,0.289460012835009,0.6146135745500106
127.23,-0.7852580753598386,0.289460012835009,0.6202365308804205
127.25,-0.7835467408244965,0.2941050637166519,0.6163249090853528
127.27,-0.7857470280842221,0.29948354368486996,0.6085016654952174
127.29,-0.7933257953121657,0.30339516547993767,0.6065458545976836
127.31,-0.7945481771231244,0.302172783668979,0.6053234727867249
127.33,-0.7955260825718913,0.30095040185802036,0.6177917672585032
127.35,-0.795770558934083,0.3014393545824038,0.623414723588913
127.37,-0.7886807444305228,0.29972802004706167,0.6085016654952174
127.39,-0.7837912171866882,0.29386058735446013,0.5872322219845368
127.41,-0.78403569354888,0.28505943831555786,0.572563640253033
127.43,-0.78403569354888,0.28505943831555786,0.572563640253033
127.45,-0.7869694098951807,0.289460012835009,0.5642514439385142
127.47,-0.787702838981756,0.304862023653088,0.5464046694985178
127.49,-0.7859915044464139,0.32564251443938513,0.5283134186963298
127.51,-0.7796351190294288,0.34642300522568226,0.5109555969807169
127.53,-0.7859915044464139,0.37062616508266355,0.5045992115637319
127.55,-0.8116615224765455,0.3806496959325245,0.5241573205390704
127.57,-0.8419765913883202,0.37307092870458086,0.5710967820798827
127.59,-0.8520001222381811,0.3672034960119793,0.6111909054793264
127.61,-0.8380649695932524,0.3652476851144455,0.6336827308009657
127.63,-0.8060385661461358,0.37453778687773126,0.6591082724689057
127.65,-0.7698560645417596,0.3799162668459493,0.6847782904990374
127.67,-0.7383186138190263,0.37698255049964857,0.7109372612535525
127.69,-0.749564526479846,0.3635363505791034,0.7300064175045076
127.71,-0.7965039880206582,0.3346881398404792,0.7297619411423157
127.73,-0.8282859151055832,0.31341869632979863,0.7062922103719097
127.75,-0.8136173333740794,0.3285762307856859,0.6661980869724659
127.779,-0.7693671118173762,0.35644653607554316,0.6182807199828867
127.79,-0.7292729884179323,0.36182501604376127,0.575252880237142
127.81,-0.7146044066864284,0.3522904379182838,0.5622956330409803
127.83,-0.7187605048436879,0.3496011979341747,0.5747639275127586
127.85,-0.7226721266387556,0.34568957613910706,0.6021452800782324
127.87,-0.714115453962045,0.3437337652415732,0.6334382544387739
127.89,-0.699691348592733,0.333954710753904,0.6373498762338417
127.91,-0.6840448614124621,0.31635241267609937,0.6456620725483605
127.93,-0.708736973993827,0.32906518351006936,0.632460348990007
127.95,-0.7263392720716315,0.3503346270207499,0.6317269199034318
127.97,-0.7285395593313572,0.3686703541851297,0.651529505240962
127.99,-0.6512850288787703,0.3808941722947162,0.7111817376157442
128.01,-0.6507960761543868,0.3662255905632124,0.7661889191088836
128.03,-0.647862359808086,0.3767380741374568,0.7644775845735415
128.05,-0.6402835925801424,0.3804052195703328,0.7656999663845002
128.07,-0.6407725453045259,0.37771597958622377,0.7793906426672371
128.09,-0.6390612107691838,0.3892063686092351,0.792103413501207
128.11,-0.6131467163768602,0.402897044891972,0.8104391406655869
128.13,-0.5686520184579653,0.41707667389909236,0.8363536350579103
128.15,-0.5158451242245515,0.4376126883231977,0.8798704275280383
128.17,-0.4491030773462091,0.43198973199278795,0.9299880817773432
128.19,-0.4258778229379947,0.3909177031445772,0.9559025761696666
128.21,-0.393851419490878,0.35986920514622744,0.9708156342633621
128.23,-0.3478898633988326,0.3967851358371787,0.9551691470830914
128.25,-0.33933319072212204,0.5948109892124805,0.9170308345811814
128.27,-0.3334657580295205,0.6705986614919169,0.8749809002842037
128.29,-0.28677077285089997,0.6529963634141124,0.9947743177581517
128.31,-0.17528955169147084,0.6028787091648076,1.0864529535800507
128.33,-0.13715123918956085,0.5378479968218073,1.1275249824282614
128.35,-0.11539284295449684,0.5346698041133148,1.1236133606331937
128.37,-0.04645050881642881,0.591632796503988,1.1055221098310057
128.39,-0.14497448277969624,0.6177917672585032,1.128991840601412
128.41,-0.36818140146074624,0.48332976805305133,1.119946215200318
128.43,-0.617058338171928,0.3236867035418513,1.0199553830638999
128.45,-0.5080218806344161,0.305839929101855,1.056382361030468
128.47,0.03251535617150017,0.302172783668979,1.1500168077499007
128.49,-0.17455612260489564,0.28554839103994134,0.9348776090211778
128.51,-0.5659627784738563,0.19778137701311005,0.8026158970754514
128.53,-0.5151116951379764,0.0975460685145005,0.8045717079729854
128.55,-0.23738654768817039,-0.02102496714848883,0.7889252207927145
128.57,-0.1334840937566849,-0.11637074840326375,0.7529871955505302
128.59,-0.17382269351832044,-0.14326314824435413,0.7290285120557406
128.61,-0.2166060569018733,-0.15597591907832412,0.7067811630962931
128.63,-0.23151911499556885,-0.21440576964214772,0.6989579195061577
128.65,-0.23078568590899368,-0.3031506891177459,0.7026250649390337
128.67,-0.24325398038077192,-0.35717996516211836,0.7006692540414998
128.69,-0.2655013293402194,-0.377471503224032,0.6965131558842405
128.71,-0.21611710417748983,-0.38505027045197565,0.6847782904990374
128.73,-0.17211135898297833,-0.41536533936375025,0.7336735629373835
128.75,-0.21562815145310638,-0.41463191027717505,0.8170400024447636
128.77,-0.19484766066680928,-0.3911621795067689,0.8725361366622865
128.799,-0.14179629007120373,-0.38553922317635914,0.8977172019680347
128.81,-0.10463588301806069,-0.3784494086727989,0.8820707147877639
128.83,-0.10463588301806069,-0.3784494086727989,0.8820707147877639
128.85,-0.06527518870519207,-0.3894508449714268,0.8732695657488616
128.87,-0.09290101763285762,-0.3877395104360847,0.8576230785685909
128.89,-0.22100663142132446,-0.31219631451883995,0.8884271002047489
128.91,-0.3628029214925282,-0.2102496714848883,0.9444121871466552
128.93,-0.27014638022186227,-0.13861809736271125,1.0021086086239037
128.95,-0.11025883934847049,-0.14448553005531278,1.0744736118326559
128.97,0.04033859976163555,-0.31341869632979863,1.0874308590288175
128.99,0.053540323319988994,-0.4363903065122391,1.0091984231274638
129.01,-0.11979341747394799,-0.3926290376799193,0.8715582312135195
129.03,-0.23738654768817039,-0.31072945634568955,0.8099501879412034
129.05,-0.2046267151544785,-0.321241939919934,0.865690798520918
129.07,-0.14106286098462856,-0.4285670629221037,0.9507685725636402
129.09,-0.06356385416984996,-0.4209882956941601,1.007976041316505
129.11,0.011245912660819608,-0.4581487027473031,1.029978913913761
129.13,-0.012223818109586528,-0.5085108333587997,1.0033309904348624
129.15,-0.21244995874461386,-0.4799070989823671,0.9414784708003545
129.17,-0.36329187421691167,-0.44543593191333314,0.910185496439813
129.19,-0.3513125324695168,-0.5097332151697582,0.937322372643095
129.21,-0.23127463863337713,-0.4933532989029123,0.9546801943587079
129.23,-0.18017907893530544,-0.462793753628946,0.95639152889405
129.25,-0.233230449530911,-0.4772178589982581,0.9493017143904898
129.27,-0.2190508205237906,-0.4385905937719647,0.8957613910705009
129.29,-0.15230877364544815,-0.4258778229379947,0.8566451731198239
129.31,-0.17944564984873024,-0.4977538734223635,0.8972282492436512
129.33,-0.1677107844635272,-0.4715949026678483,0.8808483329768053
129.35,-0.12932799559942548,-0.49726492069798,0.8627570821746172
129.37,-0.12663875561531643,-0.5251352259878372,0.8539559331357149
129.39,-0.12908351923723374,-0.5168230296733185,0.8500443113406473
129.41,-0.16819973718791065,-0.5324695168535892,0.8661797512453014
129.43,-0.18726889343886563,-0.506310546099074,0.8754698530085873
129.45,-0.15524248999174892,-0.4979983497845552,0.8977172019680347
129.47,-0.13323961739449316,-0.513644836964826,0.9077407328178957
129.49,-0.1376401919139443,-0.5151116951379764,0.9021177764874858
129.51,-0.14839715185038047,-0.48870824802126944,0.9028512055740611
129.53,-0.12517189744216606,-0.47477309537634077,0.9087186382666625
129.55,-0.11465941386792164,-0.490908535280995,0.9126302600617303
129.57,-0.12174922837148183,-0.48332976805305133,0.8923387219998167
129.59,-0.14839715185038047,-0.48968615347003636,0.9248540781713168
129.61,-0.14766372276380527,-0.47770681172264157,0.9578583870672004
129.63,-0.07823243590135379,-0.443724597377991,0.9578583870672004
129.65,-0.047183937903004,-0.42734468111114504,0.9444121871466552
129.67,-0.05182898878464688,-0.40387495034073895,0.9336552272102191
129.69,-0.055251657855331114,-0.3936069431286862,0.921920361825016
129.71,-0.027381352565473825,-0.39287351404211107,0.9074962564557039
129.73,-0.02102496714848883,-0.40143018671882164,0.9018733001252941
129.75,-0.0383827888641017,-0.37233749961800566,0.9018733001252941
129.77,-0.04791736698957919,-0.3640253033034868,0.9052959691959783
129.79,-0.03642697796656786,-0.4226996302295022,0.8969837728814595
129.818,0.005867432692601534,-0.40485285578950586,0.8989395837789933
129.83,-0.022247348959447483,-0.40216361580539683,0.9294991290529597
129.85,-0.10708064663997799,-0.409253430308957,0.9874400268923998
129.87,-0.09999083213641781,-0.3654921614766372,1.0297344375515691
129.89,-0.07187605048436879,-0.3381108089111634,0.998196986828836
129.91,-0.051340036060263425,-0.35522415426458454,0.9632368670354184
129.93,-0.06723099960272591,-0.3733154050667726,0.941967423524738
129.95,-0.040827552486019006,-0.3496011979341747,0.96910429972802
129.97,-0.0044005745194511505,-0.36915930690951315,0.9681263942792531
129.99,-0.02151391987287229,-0.3708706414448553,0.9253430308957002
130.01,-0.060141185099165724,-0.36818140146074624,0.8928276747242001
130.03,-0.08556672676710571,-0.3789383613971824,0.8989395837789933
130.05,-0.08165510497203801,-0.40411942670293066,0.9211869327384409
130.07,-0.07872138862573724,-0.4126760993796412,0.9307215108639183
130.09,-0.059896708736973996,-0.3772270268618403,0.9123857836995385
130.11,-0.04229441065916939,-0.3505791033829417,0.9045625401094032
130.13,-0.040094123399443814,-0.36158053968156956,0.9140971182348806
130.15,-0.06992023958683495,-0.37429331051553955,0.9769275433181555
130.17,-0.08947834856217339,-0.362069492405953,0.9754606851450051
130.19,-0.0975460685145005,-0.35742444152431013,0.9605476270513095
130.21,-0.0975460685145005,-0.35742444152431013,0.9605476270513095
130.23,-0.1207713229227149,-0.3686703541851297,0.9769275433181555
130.25,-0.1127036029703878,-0.37160407053143046,0.989151361427742
130.27,-0.07969929407450417,-0.3478898633988326,0.9840173578217156
130.29,-0.09290101763285762,-0.3398221434465055,0.9769275433181555
130.31,-0.09314549399504936,-0.3371329034623965,0.9808391651132231
130.33,-0.04791736698957919,-0.3141521254163738,0.931943892674877
130.35,-0.047672890627387464,-0.34153347798184763,0.9109189255263882
130.37,-0.09583473397915838,-0.41145371756868254,0.9549246707208997
130.39,-0.10268007212052685,-0.406564190324848,0.9683708706414448
130.41,-0.12101579928490663,-0.3679369250985545,0.9524799070989823
130.43,-0.16575497356599334,-0.36084711059499436,0.931943892674877
130.45,-0.1686886899122941,-0.3588912996974605,0.9358555144699446
130.47,-0.12614980289093297,-0.35669101243773493,0.9334107508480274
130.49,-0.09045625401094032,-0.3642697796656786,0.9517464780124072
130.51,-0.07945481771231244,-0.34666748158787397,0.9656816306573358
130.53,-0.09363444671943282,-0.3332212816673288,0.9585918161537756
130.55,-0.12297161018244049,-0.33224337621856187,0.9620144852244599
130.57,-0.13226171194572625,-0.3244201326284265,0.9385447544540537
130.59,-0.12003789383613972,-0.3207529871955505,0.9385447544540537
130.61,-0.11123674479723741,-0.3173303181248663,0.9441677107844635
130.63,-0.10365797756929376,-0.3354215689270544,0.9620144852244599
130.65,-0.0735873850197109,-0.32833175442349416,0.9705711579011704
130.67,-0.06454175961861687,-0.3075512636371971,0.9654371542951441
130.69,-0.08678910857806435,-0.3077957399993888,0.9568804816184335
130.71,-0.11490389023011337,-0.31317421996760686,0.9529688598233658
130.73,-0.09705711579011704,-0.31146288543226475,0.9434342816978883
130.75,-0.09412339944381627,-0.3197750817467836,0.9316994163126853
130.77,-0.0863001558536809,-0.33371023439171227,0.90554044555817
130.79,-0.07285395593313572,-0.3508235797451334,0.9324328453992604
130.81,-0.11245912660819607,-0.36744797237417104,1.012621092198148
130.839,-0.07896586498792897,-0.30266173639336247,0.9969746050178773
130.85,-0.052562417871222074,-0.26965742749747884,0.9840173578217156
130.87,-0.10292454848271858,-0.2887265837484338,0.9639702961219937
130.89,-0.11172569752162087,-0.29923906732267824,0.9422118998869297
130.91,-0.09632368670354186,-0.3109739327078813,0.9461235216819973
130.93,-0.08972282492436512,-0.32588699080157685,0.9407450417137793
130.95,-0.06674204687834245,-0.32784280169911073,0.9431898053356966
130.97,-0.06943128686245148,-0.33126547076979496,0.9556580998074748
130.99,-0.088011490389023,-0.32906518351006936,0.9673929651926779
131.01,-0.08018824679888763,-0.321241939919934,0.9832839287351404
131.03,-0.08287748678299667,-0.3244201326284265,1.034379488433212
131.05,-0.10439140665586896,-0.29850563823610304,1.0021086086239037
131.07,-0.10194664303395165,-0.2760138129144638,0.9607921034135012
131.09,-0.11025883934847049,-0.3099960272591144,0.9749717324206215
131.11,-0.13250618830791797,-0.3452006234147236,0.9803502123888397
131.13,-0.12981694832380894,-0.3246646089906182,0.9546801943587079
131.15,-0.10732512300216973,-0.3063288818262384,0.9505240962014485
131.17,-0.11539284295449684,-0.3518014851939003,0.9326773217614521
131.19,-0.14693029367723007,-0.35766891788650185,0.938300278091862
131.21,-0.14375210096873758,-0.33297680530513707,0.9603031506891178
131.23,-0.1239495156312074,-0.32490908535280993,0.9979525104666442
131.25,-0.14521895914188795,-0.32759832533691896,1.014576903095682
131.27,-0.1615988754087339,-0.30046144913363687,0.9937964123093849
131.29,-0.1295724719616172,-0.2606118020963848,0.9739938269718547
131.31,-0.12297161018244049,-0.2774806710876142,0.973749350609663
131.33,-0.14961953366133912,-0.30975155089692263,0.9507685725636402
131.35,-0.16404363903065122,-0.31439660177856554,0.9431898053356966
131.37,-0.16599944992818508,-0.3285762307856859,0.9402560889893958
131.39,-0.14766372276380527,-0.34300033615499803,0.948323808941723
131.41,-0.13397304648106836,-0.3508235797451334,0.9493017143904898
131.43,-0.13055037741038414,-0.3505791033829417,0.9346331326589861
131.45,-0.1454634355040797,-0.349356721571983,0.9407450417137793
131.47,-0.1677107844635272,-0.33199889985637016,0.9368334199187116
131.49,-0.17528955169147084,-0.3180637472114415,0.9341441799346025
131.51,-0.16013201723558354,-0.31195183815664823,0.9471014271307643
131.53,-0.14032943189805336,-0.3051065000152798,0.9617700088622682
131.55,-0.14424105369312104,-0.2923937291813098,0.9561470525318583
131.57,-0.14350762460654584,-0.28285915105583226,0.9505240962014485
131.59,-0.1359288573786022,-0.30021697277144516,0.9730159215230877
131.61,-0.1359288573786022,-0.30021697277144516,0.9730159215230877
131.63,-0.1518198209210647,-0.3190416526602084,0.9867065978058246
131.65,-0.15817620633804969,-0.29630535097637745,0.9835284050973321
131.67,-0.14766372276380527,-0.28652629648870825,0.9725269687987043
131.69,-0.13446199920545182,-0.30192830730678727,0.9717935397121291
131.71,-0.1471747700394218,-0.3082846927237723,0.9695932524524035
131.73,-0.14228524279558719,-0.2919047764569263,0.9593252452403508
131.75,-0.1383736210005195,-0.30119487822021207,0.9590807688781591
131.77,-0.14888610457476392,-0.31513003086514074,0.9510130489258319
131.79,-0.14693029367723007,-0.3095070745347309,0.9517464780124072
131.81,-0.1310393301347676,-0.29997249640925344,0.9588362925159674
131.83,-0.12566085016654951,-0.29948354368486996,0.9605476270513095
131.859,-0.13788466827613605,-0.29801668551171956,0.957369434342817
131.87,-0.14570791186627144,-0.28261467469364054,0.9441677107844635
131.89,-0.13421752284326008,-0.28579286740213306,0.9532133361855576
131.91,-0.1207713229227149,-0.3053509763774715,0.9634813433976103
131.93,-0.11050331571066223,-0.2936161109922684,0.9434342816978883
131.95,-0.10488035938025242,-0.2779696238119977,0.9414784708003545
131.97,-0.1239495156312074,-0.305839929101855,0.9703266815389787
131.99,-0.15059743911010604,-0.32490908535280993,0.9906182196008924
132.01,-0.14839715185038047,-0.29997249640925344,0.9869510741680163
132.03,-0.14155181370901201,-0.28652629648870825,0.9786388778534976
132.05,-0.12370503926901567,-0.28897106011062557,0.970082205176787
132.07,-0.09363444671943282,-0.28970448919720077,0.9779054487669223
132.09,-0.09852397396326742,-0.3070623109128136,0.9918406014118509
132.11,-0.10365797756929376,-0.2972832564251444,0.9688598233658283
132.13,-0.10512483574244415,-0.2914158237325429,0.9556580998074748
132.15,-0.10512483574244415,-0.30119487822021207,0.95639152889405
132.17,-0.09999083213641781,-0.30266173639336247,0.9669040124682945
132.19,-0.1095254102618953,-0.3070623109128136,0.985484215994866
132.21,-0.11001436298627876,-0.30241726003117075,0.9920850777740428
132.23,-0.11465941386792164,-0.30070592549582864,0.979127830577881
132.25,-0.11857103566298934,-0.30192830730678727,0.9639702961219937
132.27,-0.11123674479723741,-0.3029062127555542,0.9659261070195275
132.29,-0.11099226843504569,-0.308529169085964,0.978149925129114
132.31,-0.11245912660819607,-0.3043730709287046,0.9764385905937719
132.33,-0.1063472175534028,-0.2919047764569263,0.9676374415548696
132.35,-0.10439140665586896,-0.30046144913363687,0.9688598233658283
132.37,-0.09950187941203435,-0.30901812181034743,0.9744827796962381
132.39,-0.09387892308162454,-0.29801668551171956,0.9874400268923998
132.41,-0.1014576903095682,-0.2914158237325429,0.9698377288145952
132.43,-0.10194664303395165,-0.28799315466185865,0.9512575252880237
132.45,-0.09143415945970723,-0.29606087461418573,0.960058674326926
132.47,-0.08116615224765455,-0.30412859456651287,0.9669040124682945
132.49,-0.08703358494025609,-0.29948354368486996,0.9720380160743208
132.51,-0.1031690248449103,-0.293127158267885,0.9678819179170614
132.53,-0.10903645753751184,-0.2972832564251444,0.9673929651926779
132.55,-0.10268007212052685,-0.3043730709287046,0.9678819179170614
132.57,-0.09950187941203435,-0.3065733581884301,0.9671484888304862
132.59,-0.1031690248449103,-0.305839929101855,0.9651926779329524
132.61,-0.10536931210463588,-0.3046175472908963,0.9688598233658283
132.63,-0.09534578125477493,-0.30266173639336247,0.9632368670354184
132.65,-0.09730159215230877,-0.3092625981725392,0.9649482015707606
132.67,-0.10292454848271858,-0.3077957399993888,0.9617700088622682
132.69,-0.10756959936436146,-0.3080402163615805,0.9607921034135012
132.71,-0.11979341747394799,-0.31684136540048286,0.9678819179170614
132.73,-0.11710417748983895,-0.317574794487058,0.9801057360266479
132.75,-0.11490389023011337,-0.3141521254163738,0.970082205176787
132.77,-0.09559025761696666,-0.3099960272591144,0.9468569507685726
132.79,-0.08409986859395532,-0.3099960272591144,0.9561470525318583
132.81,-0.09314549399504936,-0.32344222717965954,0.9576139107050087
132.83,-0.07921034135012071,-0.3209974635577423,0.9957522232069187
132.85,-0.09363444671943282,-0.29972802004706167,1.0057757540567795
132.878,-0.11123674479723741,-0.2899489655593925,0.9827949760107569
132.89,-0.13323961739449316,-0.3082846927237723,0.9610365797756929
132.91,-0.12248265745805702,-0.31317421996760686,0.9647037252085688
132.93,-0.09314549399504936,-0.31537450722733246,0.962747914311035
132.95,-0.08556672676710571,-0.32344222717965954,0.9505240962014485
132.97,-0.09681263942792531,-0.32662041988815205,0.9471014271307643
132.99,-0.09730159215230877,-0.32735384897472725,0.9451456162332305
133.01,-0.09730159215230877,-0.32735384897472725,0.9451456162332305
133.03,-0.08996730128655686,-0.31928612902240017,0.9568804816184335
133.05,-0.09730159215230877,-0.31121840907007303,0.9556580998074748
133.07,-0.10439140665586896,-0.31072945634568955,0.9571249579806252
133.09,-0.1031690248449103,-0.3087736454481557,0.9649482015707606
133.11,-0.10194664303395165,-0.31366317269199034,0.9698377288145952
133.13,-0.11514836659230511,-0.3253980380771934,0.9769275433181555
133.15,-0.11319255569477125,-0.31513003086514074,0.9776609724047306
133.17,-0.08898939583778993,-0.3080402163615805,0.9705711579011704
133.19,-0.08776701402683128,-0.31513003086514074,0.962747914311035
133.21,-0.09901292668765088,-0.3099960272591144,0.9644592488463771
133.23,-0.10341350120710203,-0.31048497998349783,0.9683708706414448
133.25,-0.10414693029367723,-0.31121840907007303,0.9673929651926779
133.27,-0.0975460685145005,-0.31513003086514074,0.966415059743911
133.29,-0.10047978486080127,-0.33028756532102804,0.962747914311035
133.31,-0.10708064663997799,-0.3310209944076032,0.9581028634293921
133.33,-0.11099226843504569,-0.32833175442349416,0.953702288909941
133.35,-0.10830302845093664,-0.32490908535280993,0.9453900925954222
133.37,-0.11074779207285396,-0.32637594352596033,0.9566360052562418
133.39,-0.10903645753751184,-0.34080004889527243,0.9515020016502155
133.41,-0.11001436298627876,-0.3496011979341747,0.948323808941723
133.43,-0.10414693029367723,-0.34740091067444917,0.9458790453198056
133.45,-0.08532225040491398,-0.3317544234941784,0.9617700088622682
133.47,-0.10096873758518474,-0.32906518351006936,0.960058674326926
133.49,-0.10732512300216973,-0.33028756532102804,0.9519909543745989
133.51,-0.11148122115942914,-0.3227087980930844,0.9654371542951441
133.53,-0.10194664303395165,-0.3051065000152798,0.9739938269718547
133.55,-0.08752253766463955,-0.30339516547993767,0.9886624087033584
133.57,-0.11294807933257953,-0.3246646089906182,0.9810836414754148
133.59,-0.10121321394737647,-0.3202640344711671,0.9551691470830914
133.61,-0.06429728325642514,-0.32735384897472725,0.9414784708003545
133.63,-0.06625309415395898,-0.34202243070623106,0.9351220853833695
133.65,-0.07701005409039513,-0.333954710753904,0.9407450417137793
133.67,-0.08556672676710571,-0.3332212816673288,0.9588362925159674
133.69,-0.09632368670354186,-0.34324481251718975,0.9681263942792531
133.71,-0.10903645753751184,-0.3505791033829417,0.9732603978852794
133.73,-0.10610274119121108,-0.336643950738013,0.9705711579011704
133.75,-0.08996730128655686,-0.32686489625034376,0.9605476270513095
133.77,-0.07627662500381995,-0.32735384897472725,0.9441677107844635
133.79,-0.08165510497203801,-0.3261314671637686,0.9485682853039147
133.81,-0.09045625401094032,-0.3317544234941784,0.9808391651132231
133.83,-0.10243559575833511,-0.34471167069034014,0.985484215994866
133.85,-0.0951013048925832,-0.34324481251718975,0.973749350609663
133.87,-0.10561378846682762,-0.34251138343061455,0.9595697216025425
133.898,-0.11319255569477125,-0.3461785288634905,0.9502796198392568
133.91,-0.09094520673532377,-0.34813433976102437,0.9321883690370687
133.93,-0.08361091586957185,-0.35375729609143414,0.9375668490052868
133.95,-0.09852397396326742,-0.36255844513033647,0.9356110381077529
133.97,-0.10732512300216973,-0.36329187421691167,0.9407450417137793
133.99,-0.10170216667175992,-0.3613360633193778,0.9475903798551477
134.01,-0.1031690248449103,-0.3635363505791034,0.9444121871466552
134.03,-0.10023530849860954,-0.3549796779023928,0.9458790453198056
134.05,-0.09925740304984261,-0.35766891788650185,0.9515020016502155
134.07,-0.10292454848271858,-0.3613360633193778,0.9502796198392568
134.09,-0.10390245393148549,-0.3549796779023928,0.9529688598233658
134.11,-0.10194664303395165,-0.35717996516211836,0.9603031506891178
134.13,-0.09583473397915838,-0.35522415426458454,0.9659261070195275
134.15,-0.09461235216819973,-0.349356721571983,0.9654371542951441
134.17,-0.10047978486080127,-0.3498456742963665,0.9644592488463771
134.19,-0.09607921034135011,-0.349356721571983,0.9625034379488433
134.21,-0.10170216667175992,-0.3491122452097913,0.9507685725636402
134.23,-0.100724261222993,-0.34740091067444917,0.9505240962014485
134.25,-0.08972282492436512,-0.34324481251718975,0.9581028634293921
134.27,-0.09094520673532377,-0.3505791033829417,0.9507685725636402
134.29,-0.10194664303395165,-0.35522415426458454,0.9449011398710387
134.31,-0.10512483574244415,-0.35473520154020105,0.946367998044189
134.33,-0.11343703205696298,-0.3610915869571861,0.9488127616661064
134.35,-0.11368150841915473,-0.3603581578706109,0.9488127616661064
134.37,-0.1063472175534028,-0.35449072517800934,0.9456345689576139
134.39,-0.10610274119121108,-0.35302386700485894,0.9434342816978883
134.41,-0.10610274119121108,-0.35302386700485894,0.9434342816978883
134.43,-0.10170216667175992,-0.3498456742963665,0.9402560889893958
134.45,-0.08923387219998166,-0.3486232924854078,0.932921798123644
134.47,-0.09241206490847416,-0.35791339424869356,0.9427008526113131
134.49,-0.09803502123888397,-0.36084711059499436,0.9534578125477493
134.51,-0.09363444671943282,-0.35375729609143414,0.9593252452403508
134.53,-0.09681263942792531,-0.3461785288634905,0.9717935397121291
134.55,-0.11417046114353818,-0.349356721571983,0.9659261070195275
134.57,-0.10610274119121108,-0.3461785288634905,0.9554136234452831
134.59,-0.08972282492436512,-0.35840234697307705,0.9505240962014485
134.61,-0.08507777404272224,-0.36744797237417104,0.947345903492956
134.63,-0.07798795953916206,-0.3672034960119793,0.9395226599028206
134.65,-0.08458882131833878,-0.36818140146074624,0.9365889435565199
134.67,-0.07921034135012071,-0.36255844513033647,0.9441677107844635
134.69,-0.07505424319286129,-0.3603581578706109,0.9546801943587079
134.71,-0.09363444671943282,-0.35473520154020105,0.9578583870672004
134.73,-0.10732512300216973,-0.3437337652415732,0.9649482015707606
134.75,-0.10488035938025242,-0.3505791033829417,0.966415059743911
134.77,-0.09656816306573358,-0.3657366378388289,0.9568804816184335
134.79,-0.08532225040491398,-0.3635363505791034,0.9441677107844635
134.81,-0.08214405769642147,-0.35595758335115973,0.9360999908321364
134.83,-0.08458882131833878,-0.3637808269412951,0.9304770345017266
134.85,-0.08507777404272224,-0.374782263239923,0.9407450417137793
134.87,-0.08678910857806435,-0.377471503224032,0.9505240962014485
134.89,-0.09461235216819973,-0.3662255905632124,0.9502796198392568
134.919,-0.11539284295449684,-0.36818140146074624,0.9427008526113131
134.93,-0.10756959936436146,-0.36891483054732144,0.9378113253674785
134.95,-0.08409986859395532,-0.37160407053143046,0.9336552272102191
134.97,-0.061119090547932645,-0.3750267396021147,0.9231427436359747
134.99,-0.07480976683066956,-0.3676924487363628,0.9375668490052868
135.01,-0.12052684656052318,-0.36989273599608835,0.9578583870672004
135.03,-0.10439140665586896,-0.3821165541056749,0.9620144852244599
135.05,-0.09265654127066589,-0.37209302325581395,0.9436787580600801
135.07,-0.09705711579011704,-0.3603581578706109,0.9380558017296703
135.09,-0.08238853405861321,-0.3764935977752651,0.9363444671943282
135.11,-0.07921034135012071,-0.38333893591663354,0.9431898053356966
135.13,-0.09779054487669223,-0.3784494086727989,0.9502796198392568
135.15,-0.11197017388381261,-0.3830944595544418,0.9539467652721327
135.17,-0.10805855208874492,-0.3906732267823855,0.9466124744063809
135.19,-0.09265654127066589,-0.3909177031445772,0.9375668490052868
135.21,-0.08581120312929744,-0.3884729395226599,0.9346331326589861
135.23,-0.09461235216819973,-0.3943403722152614,0.938300278091862
135.25,-0.094367875806008,-0.3975185649237539,0.9431898053356966
135.27,-0.0887449194755982,-0.38896189224704336,0.9495461907526815
135.29,-0.09021177764874859,-0.38553922317635914,0.9380558017296703
135.31,-0.07505424319286129,-0.3909177031445772,0.937322372643095
135.33,-0.058185374201631876,-0.3972740885615622,0.9263209363444672
135.35,-0.05867432692601534,-0.38798398679827645,0.9304770345017266
135.37,-0.08776701402683128,-0.38480579408978394,0.9407450417137793
135.39,-0.10659169391559453,-0.3796717904837576,0.9490572380282981
135.41,-0.0838553922317636,-0.38333893591663354,0.9666595361061027
135.43,-0.05182898878464688,-0.38333893591663354,0.9605476270513095
135.45,-0.05182898878464688,-0.3740488341533478,0.9353665617455612
135.47,-0.07016471594902668,-0.37184854689362223,0.9353665617455612
135.49,-0.07040919231121841,-0.3835834122788253,0.9429453289735048
135.51,-0.062096995996699565,-0.3918956085933441,0.9441677107844635
135.53,-0.0686978577758763,-0.3911621795067689,0.9446566635088469
135.55,-0.07554319591724475,-0.38505027045197565,0.9402560889893958
135.57,-0.06625309415395898,-0.3767380741374568,0.9387892308162454
135.59,-0.05867432692601534,-0.3762491214130734,0.9395226599028206
135.61,-0.06331937780765821,-0.37135959416923875,0.9387892308162454
135.63,-0.07334290865751918,-0.37062616508266355,0.947345903492956
135.65,-0.07603214864162822,-0.377471503224032,0.9578583870672004
135.67,-0.06503071234300034,-0.3750267396021147,0.952724383461174
135.69,-0.06576414142957553,-0.37453778687773126,0.9446566635088469
135.71,-0.06454175961861687,-0.3757601686886899,0.9412339944381627
135.73,-0.05965223237478226,-0.37184854689362223,0.9427008526113131
135.75,-0.06649757051615071,-0.37282645234238915,0.9431898053356966
135.77,-0.07554319591724475,-0.36989273599608835,0.9439232344222718
135.79,-0.07554319591724475,-0.36989273599608835,0.9439232344222718
135.81,-0.06918681050025975,-0.3640253033034868,0.948323808941723
135.83,-0.0655196650673838,-0.35546863062677625,0.9634813433976103
135.85,-0.07847691226354551,-0.3518014851939003,0.9681263942792531
135.87,-0.07921034135012071,-0.36915930690951315,0.9387892308162454
135.89,-0.05696299239067323,-0.368425877822938,0.9461235216819973
135.91,-0.04253888702136112,-0.3630473978547199,0.9485682853039147
135.938,-0.04058307612382728,-0.3637808269412951,0.9436787580600801
135.95,-0.0591632796503988,-0.3613360633193778,0.9417229471625462
135.97,-0.06405280689423341,-0.3623139687681447,0.9417229471625462
135.99,-0.05574061057971457,-0.36989273599608835,0.940989518075971
136.01,-0.06380833053204168,-0.37355988142896435,0.9424563762491214
136.03,-0.08483329768053051,-0.3672034960119793,0.946367998044189
136.05,-0.08605567949148916,-0.3672034960119793,0.9497906671148734
136.07,-0.0806771995232711,-0.377471503224032,0.9539467652721327
136.09,-0.07578767227943647,-0.380160743208141,0.9434342816978883
136.11,-0.06380833053204168,-0.37160407053143046,0.9427008526113131
136.13,-0.05794089783944015,-0.36989273599608835,0.9414784708003545
136.15,-0.06356385416984996,-0.37038168872047184,0.9341441799346025
136.17,-0.08336643950738012,-0.3652476851144455,0.9385447544540537
136.19,-0.08507777404272224,-0.36084711059499436,0.9561470525318583
136.21,-0.08972282492436512,-0.37355988142896435,0.9593252452403508
136.23,-0.10756959936436146,-0.3772270268618403,0.9480793325795311
136.25,-0.10439140665586896,-0.3733154050667726,0.9458790453198056
136.27,-0.0863001558536809,-0.3818720777434832,0.9385447544540537
136.29,-0.08654463221587262,-0.3906732267823855,0.9400116126272041
136.31,-0.08336643950738012,-0.38578369953855085,0.937322372643095
136.33,-0.07407633774409436,-0.3786938850349907,0.9346331326589861
136.35,-0.0774990068147786,-0.3796717904837576,0.932921798123644
136.37,-0.07921034135012071,-0.3796717904837576,0.938300278091862
136.39,-0.08116615224765455,-0.3762491214130734,0.9453900925954222
136.41,-0.08434434495614705,-0.3708706414448553,0.9471014271307643
136.43,-0.08752253766463955,-0.37258197598019743,0.9461235216819973
136.45,-0.09021177764874859,-0.3789383613971824,0.9390337071784371
136.47,-0.09021177764874859,-0.38725055771170125,0.9360999908321364
136.49,-0.09583473397915838,-0.3931179904043028,0.9397671362650124
136.51,-0.10610274119121108,-0.3962961831127953,0.952724383461174
136.53,-0.10781407572655319,-0.38822846316046816,0.9610365797756929
136.55,-0.08825596675121473,-0.37184854689362223,0.9495461907526815
136.57,-0.061119090547932645,-0.3772270268618403,0.921920361825016
136.59,-0.04669498517862054,-0.3918956085933441,0.9074962564557039
136.61,-0.07016471594902668,-0.37282645234238915,0.9172753109433731
136.63,-0.09021177764874859,-0.37355988142896435,0.9522354307367906
136.65,-0.09143415945970723,-0.4036304739785472,0.953702288909941
136.67,-0.0951013048925832,-0.38602817590074257,0.9588362925159674
136.69,-0.11954894111175625,-0.3821165541056749,0.9449011398710387
136.71,-0.10732512300216973,-0.38602817590074257,0.9314549399504936
136.73,-0.07040919231121841,-0.3950738013018366,0.9287656999663845
136.75,-0.05500718149313938,-0.3894508449714268,0.9324328453992604
136.77,-0.05769642147724842,-0.3762491214130734,0.9290101763285762
136.79,-0.06747547596491764,-0.3791828377593741,0.9312104635883018
136.81,-0.08092167588546283,-0.38578369953855085,0.9387892308162454
136.83,-0.08116615224765455,-0.38578369953855085,0.9485682853039147
136.85,-0.08263301042080494,-0.38505027045197565,0.9515020016502155
136.87,-0.08654463221587262,-0.3762491214130734,0.953702288909941
136.89,-0.07945481771231244,-0.380160743208141,0.9497906671148734
136.91,-0.07505424319286129,-0.38700608134950953,0.9397671362650124
136.93,-0.08238853405861321,-0.3918956085933441,0.9387892308162454
136.958,-0.07896586498792897,-0.39702961219937044,0.941967423524738
136.97,-0.07505424319286129,-0.39531827766402833,0.9424563762491214
136.99,-0.0887449194755982,-0.3921400849555359,0.9363444671943282
137.01,-0.07798795953916206,-0.3821165541056749,0.9363444671943282
137.03,-0.060874614185740916,-0.3845613177275922,0.9360999908321364
137.05,-0.0686978577758763,-0.38896189224704336,0.9353665617455612
137.07,-0.08018824679888763,-0.38602817590074257,0.93096598722611
137.09,-0.07969929407450417,-0.3899397976958103,0.941967423524738
137.11,-0.07798795953916206,-0.3940958958530697,0.9480793325795311
137.13,-0.07383186138190263,-0.37453778687773126,0.9434342816978883
137.15,-0.0735873850197109,-0.37135959416923875,0.9414784708003545
137.17,-0.07456529046847783,-0.38627265226293434,0.9424563762491214
137.19,-0.07456529046847783,-0.38627265226293434,0.9424563762491214
137.21,-0.07578767227943647,-0.38969532133361856,0.9385447544540537
137.23,-0.07701005409039513,-0.383827888641017,0.9400116126272041
137.25,-0.07847691226354551,-0.3926290376799193,0.940989518075971
137.27,-0.08336643950738012,-0.3972740885615622,0.9407450417137793
137.29,-0.08532225040491398,-0.39996332854567124,0.9424563762491214
137.31,-0.08238853405861321,-0.38822846316046816,0.9461235216819973
137.33,-0.07456529046847783,-0.3772270268618403,0.9429453289735048
137.35,-0.08018824679888763,-0.3845613177275922,0.9400116126272041
137.37,-0.07823243590135379,-0.38969532133361856,0.9451456162332305
137.39,-0.07774348317697033,-0.3931179904043028,0.9471014271307643
137.41,-0.08263301042080494,-0.3914066558689607,0.9468569507685726
137.43,-0.09021177764874859,-0.38822846316046816,0.9429453289735048
137.45,-0.08336643950738012,-0.38676160498731776,0.9351220853833695
137.47,-0.07872138862573724,-0.39531827766402833,0.9221648381872077
137.49,-0.09143415945970723,-0.40411942670293066,0.9275433181554258
137.51,-0.09338997035724109,-0.4050973321516976,0.9412339944381627
137.53,-0.09265654127066589,-0.4094979066711487,0.9480793325795311
137.55,-0.09705711579011704,-0.402897044891972,0.9385447544540537
137.57,-0.09999083213641781,-0.39702961219937044,0.9236316963603581
137.59,-0.10023530849860954,-0.3960517067506035,0.9241206490847416
137.61,-0.08483329768053051,-0.3945848485774532,0.9277877945176175
137.63,-0.07114262139779359,-0.3804052195703328,0.9336552272102191
137.65,-0.08141062860984628,-0.37771597958622377,0.9341441799346025
137.67,-0.07798795953916206,-0.3823610304678666,0.9353665617455612
137.69,-0.06992023958683495,-0.3794273141215659,0.9270543654310424
137.71,-0.100724261222993,-0.393851419490878,0.9417229471625462
137.73,-0.11539284295449684,-0.4087644775845735,0.9478348562173394
137.75,-0.09803502123888397,-0.3962961831127953,0.9424563762491214
137.77,-0.09901292668765088,-0.3933624667664945,0.9351220853833695
137.79,-0.0911896830975155,-0.3936069431286862,0.9321883690370687
137.81,-0.0831219631451884,-0.39922989945909604,0.9294991290529597
137.83,-0.09461235216819973,-0.4058307612382728,0.9365889435565199
137.85,-0.11025883934847049,-0.40069675763224644,0.9390337071784371
137.87,-0.11539284295449684,-0.3997188521834795,0.9434342816978883
137.89,-0.10512483574244415,-0.39996332854567124,0.9427008526113131
137.91,-0.09656816306573358,-0.3955627540262201,0.9387892308162454
137.93,-0.08141062860984628,-0.380160743208141,0.932921798123644
137.95,-0.08752253766463955,-0.38480579408978394,0.9214314091006326
137.978,-0.10023530849860954,-0.3982519940103291,0.9160529291324145
137.99,-0.10928093389970357,-0.4068086666870397,0.9136081655104972
138.01,-0.10194664303395165,-0.4094979066711487,0.9277877945176175
138.03,-0.09021177764874859,-0.402897044891972,0.9336552272102191
138.05,-0.09803502123888397,-0.3945848485774532,0.9341441799346025
138.07,-0.08092167588546283,-0.3701372123582801,0.95639152889405
138.09,-0.08654463221587262,-0.3794273141215659,0.9522354307367906
138.11,-0.10854750481312837,-0.40143018671882164,0.9449011398710387
138.13,-0.09583473397915838,-0.3943403722152614,0.9385447544540537
138.15,-0.08434434495614705,-0.39776304128594564,0.9287656999663845
138.17,-0.08189958133422974,-0.4099868593955322,0.9275433181554258
138.19,-0.08972282492436512,-0.4112092412064908,0.9285212236041928
138.21,-0.11172569752162087,-0.409253430308957,0.9326773217614521
138.23,-0.10830302845093664,-0.40338599761635546,0.9365889435565199
138.25,-0.09901292668765088,-0.40191913944320506,0.9324328453992604
138.27,-0.09803502123888397,-0.39776304128594564,0.9216758854628243
138.29,-0.08458882131833878,-0.3789383613971824,0.9236316963603581
138.31,-0.07456529046847783,-0.3916511322311524,0.9250985545335085
138.33,-0.05891880328820707,-0.40338599761635546,0.9231427436359747
138.35,-0.043516792470128046,-0.4109647648442991,0.9162974054946063
138.37,-0.06380833053204168,-0.4080310484979983,0.920942456376249
138.39,-0.1127036029703878,-0.4058307612382728,0.9407450417137793
138.41,-0.12932799559942548,-0.3989854230969043,0.979127830577881
138.43,-0.11514836659230511,-0.38627265226293434,0.9884179323411667
138.45,-0.09241206490847416,-0.3796717904837576,0.9588362925159674
138.47,-0.10536931210463588,-0.4124316230174495,0.9268098890688506
138.49,-0.088011490389023,-0.4036304739785472,0.9194755982030988
138.51,-0.07725453045258686,-0.3933624667664945,0.9231427436359747
138.53,-0.07260947957094398,-0.40045228127005467,0.9304770345017266
138.55,-0.06454175961861687,-0.38676160498731776,0.9316994163126853
138.57,-0.07334290865751918,-0.37771597958622377,0.9365889435565199
138.59,-0.07334290865751918,-0.37771597958622377,0.9365889435565199
138.61,-0.07334290865751918,-0.37233749961800566,0.9400116126272041
138.63,-0.06160804327231611,-0.3828499831922501,0.9446566635088469
138.65,-0.0806771995232711,-0.40411942670293066,0.9453900925954222
138.67,-0.09559025761696666,-0.4036304739785472,0.9356110381077529
138.69,-0.07285395593313572,-0.3921400849555359,0.9265654127066589
138.71,-0.06356385416984996,-0.4036304739785472,0.9160529291324145
138.73,-0.06894233413806802,-0.40558628487608106,0.9172753109433731
138.75,-0.07921034135012071,-0.39874094673471255,0.9331662744858357
138.77,-0.100724261222993,-0.4050973321516976,0.9529688598233658
138.79,-0.10390245393148549,-0.40094123399443815,0.9522354307367906
138.81,-0.0887449194755982,-0.3948293249396449,0.937322372643095
138.83,-0.06845338141368457,-0.3789383613971824,0.937322372643095
138.85,-0.06405280689423341,-0.374782263239923,0.9375668490052868
138.87,-0.08141062860984628,-0.40020780490786295,0.9385447544540537
138.89,-0.08678910857806435,-0.39996332854567124,0.9400116126272041
138.91,-0.08434434495614705,-0.3967851358371787,0.9412339944381627
138.93,-0.09045625401094032,-0.411942670293066,0.9407450417137793
138.95,-0.09314549399504936,-0.4107202884821074,0.940989518075971
138.97,-0.09950187941203435,-0.39922989945909604,0.9299880817773432
138.998,-0.09876845032545915,-0.39287351404211107,0.9307215108639183
139.01,-0.08825596675121473,-0.3948293249396449,0.9365889435565199
139.03,-0.0735873850197109,-0.3909177031445772,0.9326773217614521
139.05,-0.08458882131833878,-0.38896189224704336,0.9370778962809033
139.07,-0.09901292668765088,-0.40240809216758855,0.9397671362650124
139.09,-0.09363444671943282,-0.4107202884821074,0.9441677107844635
139.11,-0.09094520673532377,-0.3989854230969043,0.9363444671943282
139.13,-0.09387892308162454,-0.3909177031445772,0.9280322708798093
139.15,-0.10292454848271858,-0.40045228127005467,0.9280322708798093
139.17,-0.10365797756929376,-0.40191913944320506,0.9348776090211778
139.19,-0.11025883934847049,-0.4087644775845735,0.941967423524738
139.21,-0.10536931210463588,-0.4058307612382728,0.941967423524738
139.23,-0.0982794976010757,-0.3923845613177276,0.9324328453992604
139.25,-0.11197017388381261,-0.39849647037252084,0.9268098890688506
139.27,-0.12297161018244049,-0.4212327720563518,0.9221648381872077
139.29,-0.11074779207285396,-0.4090089539467653,0.9202090272896739
139.31,-0.09363444671943282,-0.38725055771170125,0.9285212236041928
139.33,-0.08556672676710571,-0.3916511322311524,0.9280322708798093
139.35,-0.07872138862573724,-0.3923845613177276,0.9243651254469333
139.37,-0.09338997035724109,-0.40094123399443815,0.9184976927543318
139.39,-0.10781407572655319,-0.4102313357577239,0.9123857836995385
139.41,-0.10903645753751184,-0.4085200012223818,0.9162974054946063
139.43,-0.1095254102618953,-0.4094979066711487,0.9341441799346025
139.45,-0.09632368670354186,-0.4080310484979983,0.9405005653515875
139.47,-0.08018824679888763,-0.3830944595544418,0.9456345689576139
139.49,-0.0686978577758763,-0.3349326162026709,0.9515020016502155
139.51,-0.08972282492436512,-0.3686703541851297,0.9429453289735048
139.53,-0.12786113742627508,-0.434678971976897,0.9544357179965162
139.55,-0.12761666106408337,-0.41145371756868254,0.9585918161537756
139.57,-0.11685970112764722,-0.3980075176481374,0.9358555144699446
139.59,-0.11319255569477125,-0.4241664884026526,0.9226537909115912
139.61,-0.10536931210463588,-0.42832258655991196,0.920942456376249
139.63,-0.11245912660819607,-0.42636677566237813,0.9109189255263882
139.65,-0.1239495156312074,-0.4217217247807353,0.9143415945970724
139.67,-0.09950187941203435,-0.39042875042019376,0.931943892674877
139.69,-0.08825596675121473,-0.3818720777434832,0.9368334199187116
139.71,-0.09485682853039147,-0.3918956085933441,0.9378113253674785
139.73,-0.09803502123888397,-0.3943403722152614,0.9334107508480274
139.75,-0.10414693029367723,-0.3945848485774532,0.9316994163126853
139.77,-0.10365797756929376,-0.40558628487608106,0.9343886562967942
139.79,-0.09534578125477493,-0.4080310484979983,0.9341441799346025
139.81,-0.10243559575833511,-0.41536533936375025,0.928276747242001
139.83,-0.11221465024600434,-0.41634324481251717,0.93096598722611
139.85,-0.11710417748983895,-0.41756562662347585,0.9290101763285762
139.87,-0.11074779207285396,-0.4107202884821074,0.9233872199981664
139.89,-0.11197017388381261,-0.4109647648442991,0.9204535036518656
139.91,-0.10488035938025242,-0.4087644775845735,0.9182532163921401
139.93,-0.09803502123888397,-0.40191913944320506,0.912874736423922
139.95,-0.10292454848271858,-0.4187880084344345,0.9087186382666625
139.97,-0.10292454848271858,-0.4187880084344345,0.9087186382666625
139.99,-0.10732512300216973,-0.42489991748922773,0.9092075909910461
140.019,-0.11490389023011337,-0.4239220120404608,0.9258319836200837
140.03,-0.12174922837148183,-0.41854353207224276,0.9493017143904898
140.05,-0.11759313021422241,-0.4090089539467653,0.9512575252880237
140.07,-0.11319255569477125,-0.3975185649237539,0.9365889435565199
140.09,-0.09656816306573358,-0.3750267396021147,0.9353665617455612
140.11,-0.07798795953916206,-0.37135959416923875,0.9341441799346025
140.13,-0.09485682853039147,-0.41438743391498334,0.9321883690370687
140.15,-0.10830302845093664,-0.4234330593160774,0.9324328453992604
140.17,-0.1095254102618953,-0.4063197139626562,0.93096598722611
140.19,-0.10830302845093664,-0.4180545793478593,0.9268098890688506
140.21,-0.10292454848271858,-0.4239220120404608,0.9248540781713168
140.23,-0.09901292668765088,-0.4102313357577239,0.9265654127066589
140.25,-0.10194664303395165,-0.4046083794273141,0.9312104635883018
140.27,-0.09632368670354186,-0.39874094673471255,0.9395226599028206
140.29,-0.09338997035724109,-0.3894508449714268,0.9414784708003545
140.31,-0.09779054487669223,-0.3940958958530697,0.9343886562967942
140.33,-0.09705711579011704,-0.4036304739785472,0.9206979800140573
140.35,-0.10121321394737647,-0.4141429575527916,0.9248540781713168
140.37,-0.09730159215230877,-0.4234330593160774,0.9368334199187116
140.39,-0.10170216667175992,-0.4075420957736149,0.9370778962809033
140.41,-0.10879198117532012,-0.3940958958530697,0.9405005653515875
140.43,-0.09656816306573358,-0.40240809216758855,0.9427008526113131
140.45,-0.09265654127066589,-0.40118571035662987,0.9316994163126853
140.47,-0.11025883934847049,-0.38798398679827645,0.9292546526907679
140.49,-0.10781407572655319,-0.3948293249396449,0.9412339944381627
140.51,-0.08923387219998166,-0.4050973321516976,0.9395226599028206
140.53,-0.09950187941203435,-0.39849647037252084,0.931943892674877
140.55,-0.11294807933257953,-0.39776304128594564,0.928276747242001
140.57,-0.10268007212052685,-0.40485285578950586,0.931943892674877
140.59,-0.09387892308162454,-0.40558628487608106,0.9336552272102191
140.61,-0.09901292668765088,-0.393851419490878,0.9348776090211778
140.63,-0.10610274119121108,-0.38798398679827645,0.9351220853833695
140.65,-0.10439140665586896,-0.3911621795067689,0.9356110381077529
140.67,-0.10292454848271858,-0.40045228127005467,0.9331662744858357
140.69,-0.09265654127066589,-0.39531827766402833,0.9360999908321364
140.71,-0.09021177764874859,-0.38896189224704336,0.9375668490052868
140.73,-0.09901292668765088,-0.39042875042019376,0.9292546526907679
140.75,-0.10414693029367723,-0.3918956085933441,0.9331662744858357
140.77,-0.1063472175534028,-0.39922989945909604,0.9387892308162454
140.79,-0.10659169391559453,-0.40118571035662987,0.9363444671943282
140.81,-0.10365797756929376,-0.3931179904043028,0.9365889435565199
140.83,-0.10536931210463588,-0.4046083794273141,0.9307215108639183
140.85,-0.10365797756929376,-0.40265256852978026,0.9456345689576139
140.87,-0.09779054487669223,-0.36818140146074624,0.9524799070989823
140.89,-0.11539284295449684,-0.3936069431286862,0.9556580998074748
140.91,-0.13152828285915105,-0.4376126883231977,0.9348776090211778
140.93,-0.12443846835559087,-0.42978944473306235,0.9243651254469333
140.95,-0.10414693029367723,-0.38969532133361856,0.932921798123644
140.97,-0.09290101763285762,-0.3852947468141674,0.9285212236041928
140.99,-0.08092167588546283,-0.381138648656908,0.9324328453992604
141.01,-0.0767655777282034,-0.36964825963389664,0.9412339944381627
141.038,-0.08947834856217339,-0.3852947468141674,0.9270543654310424
141.05,-0.09167863582189897,-0.3955627540262201,0.9258319836200837
141.07,-0.08336643950738012,-0.37771597958622377,0.9231427436359747
141.09,-0.07896586498792897,-0.3918956085933441,0.8999174892277603
141.11,-0.0982794976010757,-0.4366347828744308,0.890138434740091
141.13,-0.11612627204107202,-0.4354124010634722,0.8984506310546099
141.15,-0.11319255569477125,-0.41438743391498334,0.9253430308957002
141.17,-0.1127036029703878,-0.4080310484979983,0.9642147724841854
141.19,-0.09681263942792531,-0.36158053968156956,0.985484215994866
141.21,-0.10194664303395165,-0.36329187421691167,0.9561470525318583
141.23,-0.12297161018244049,-0.40045228127005467,0.9422118998869297
141.25,-0.1095254102618953,-0.3980075176481374,0.938300278091862
141.27,-0.10023530849860954,-0.39922989945909604,0.9297436054151514
141.29,-0.10096873758518474,-0.41585429208813374,0.9287656999663845
141.31,-0.09656816306573358,-0.4197659138832014,0.9375668490052868
141.33,-0.09852397396326742,-0.4036304739785472,0.9405005653515875
141.35,-0.10341350120710203,-0.37233749961800566,0.9502796198392568
141.37,-0.10341350120710203,-0.37233749961800566,0.9502796198392568
141.39,-0.09901292668765088,-0.3823610304678666,0.9449011398710387
141.41,-0.10219111939614338,-0.4043639030651224,0.9375668490052868
141.43,-0.11099226843504569,-0.3950738013018366,0.9436787580600801
141.45,-0.11025883934847049,-0.393851419490878,0.9290101763285762
141.47,-0.10390245393148549,-0.4099868593955322,0.9263209363444672
141.49,-0.10341350120710203,-0.4234330593160774,0.9211869327384409
141.51,-0.11050331571066223,-0.4204993429697766,0.9184976927543318
141.53,-0.10708064663997799,-0.4124316230174495,0.9194755982030988
141.55,-0.11490389023011337,-0.41707667389909236,0.925587507257892
141.57,-0.11637074840326375,-0.4060752376004645,0.9270543654310424
141.59,-0.10585826482901935,-0.3884729395226599,0.93096598722611
141.61,-0.08483329768053051,-0.3767380741374568,0.9338997035724108
141.63,-0.0799437704366959,-0.3828499831922501,0.9275433181554258
141.65,-0.09045625401094032,-0.402897044891972,0.9094520673532378
141.67,-0.1095254102618953,-0.43296763744155486,0.9133636891483055
141.69,-0.12321608654463222,-0.42636677566237813,0.9493017143904898
141.71,-0.12052684656052318,-0.3962961831127953,0.9566360052562418
141.73,-0.11979341747394799,-0.40314152125416375,0.9365889435565199
141.75,-0.09705711579011704,-0.402897044891972,0.9211869327384409
141.77,-0.09167863582189897,-0.4046083794273141,0.9294991290529597
141.79,-0.1166152247654555,-0.3982519940103291,0.9522354307367906
141.81,-0.11930446474956452,-0.3784494086727989,0.9642147724841854
141.83,-0.10414693029367723,-0.3686703541851297,0.9705711579011704
141.85,-0.10121321394737647,-0.3762491214130734,0.9449011398710387
141.87,-0.09167863582189897,-0.39922989945909604,0.9136081655104972
141.89,-0.08923387219998166,-0.4082755248601901,0.8996730128655686
141.91,-0.09705711579011704,-0.41854353207224276,0.9018733001252941
141.93,-0.11221465024600434,-0.4258778229379947,0.9150750236836476
141.95,-0.11979341747394799,-0.41609876845032545,0.9116523546129633
141.97,-0.12126027564709838,-0.4141429575527916,0.9216758854628243
141.99,-0.12174922837148183,-0.4261222993001864,0.9348776090211778
142.01,-0.10390245393148549,-0.41438743391498334,0.9294991290529597
142.03,-0.11368150841915473,-0.38969532133361856,0.9348776090211778
142.058,-0.1183265593007976,-0.3943403722152614,0.9370778962809033
142.07,-0.10194664303395165,-0.39702961219937044,0.9453900925954222
142.09,-0.11025883934847049,-0.396540659474987,0.952724383461174
142.11,-0.11074779207285396,-0.38553922317635914,0.9505240962014485
142.13,-0.10292454848271858,-0.3962961831127953,0.928276747242001
142.15,-0.09485682853039147,-0.4072976194114232,0.9184976927543318
142.17,-0.08996730128655686,-0.4090089539467653,0.9221648381872077
142.19,-0.09950187941203435,-0.41438743391498334,0.922898267273783
142.21,-0.11123674479723741,-0.4195214375210097,0.928276747242001
142.23,-0.10488035938025242,-0.40314152125416375,0.9316994163126853
142.25,-0.09363444671943282,-0.40387495034073895,0.9243651254469333
142.27,-0.09387892308162454,-0.4070531430492314,0.9236316963603581
142.29,-0.08263301042080494,-0.3845613177275922,0.9351220853833695
142.31,-0.08238853405861321,-0.39287351404211107,0.9341441799346025
142.33,-0.09583473397915838,-0.40338599761635546,0.9297436054151514
142.35,-0.10341350120710203,-0.4116981939308743,0.928276747242001
142.37,-0.11710417748983895,-0.41683219753690065,0.9341441799346025
142.39,-0.11221465024600434,-0.3997188521834795,0.9414784708003545
142.41,-0.0686978577758763,-0.3926290376799193,0.9402560889893958
142.43,-0.05965223237478226,-0.38627265226293434,0.9331662744858357
142.45,-0.08654463221587262,-0.39042875042019376,0.9395226599028206
142.47,-0.08898939583778993,-0.38700608134950953,0.9505240962014485
142.49,-0.07627662500381995,-0.3791828377593741,0.9512575252880237
142.51,-0.09021177764874859,-0.38676160498731776,0.9417229471625462
142.53,-0.09338997035724109,-0.38725055771170125,0.9395226599028206
142.55,-0.053540323319988994,-0.3909177031445772,0.928276747242001
142.57,-0.05011765424930477,-0.4046083794273141,0.931943892674877
142.59,-0.061119090547932645,-0.3958072303884118,0.938300278091862
142.61,-0.0799437704366959,-0.3894508449714268,0.941967423524738
142.63,-0.08996730128655686,-0.3830944595544418,0.9385447544540537
142.65,-0.06918681050025975,-0.3835834122788253,0.9453900925954222
142.67,-0.04889527243834611,-0.39922989945909604,0.9439232344222718
142.69,-0.06038566146135745,-0.4094979066711487,0.9334107508480274
142.71,-0.053295846957797266,-0.3799162668459493,0.9324328453992604
142.73,-0.04253888702136112,-0.3791828377593741,0.9334107508480274
142.75,-0.03667145432875959,-0.3997188521834795,0.9316994163126853
142.77,-0.03667145432875959,-0.3997188521834795,0.9316994163126853
142.79,-0.03862726522629343,-0.3982519940103291,0.9304770345017266
142.81,-0.051340036060263425,-0.38822846316046816,0.9441677107844635
142.83,-0.05280689423341381,-0.3926290376799193,0.9568804816184335
142.85,-0.04425022155670324,-0.39042875042019376,0.9544357179965162
142.87,-0.04596155609204535,-0.3813831250190997,0.9431898053356966
142.89,-0.060874614185740916,-0.38651712862512605,0.9385447544540537
142.91,-0.05427375240656419,-0.3940958958530697,0.9346331326589861
142.93,-0.047183937903004,-0.3940958958530697,0.9297436054151514
142.95,-0.058185374201631876,-0.3989854230969043,0.9280322708798093
142.97,-0.0623414723588913,-0.4043639030651224,0.9334107508480274
142.99,-0.06160804327231611,-0.40240809216758855,0.9412339944381627
143.01,-0.0686978577758763,-0.3989854230969043,0.9480793325795311
143.03,-0.08165510497203801,-0.3945848485774532,0.941967423524738
143.05,-0.0863001558536809,-0.3962961831127953,0.9414784708003545
143.078,-0.0767655777282034,-0.3967851358371787,0.9478348562173394
143.09,-0.07334290865751918,-0.3982519940103291,0.9436787580600801
143.11,-0.07334290865751918,-0.3975185649237539,0.932921798123644
143.13,-0.07872138862573724,-0.39287351404211107,0.9304770345017266
143.15,-0.08141062860984628,-0.3918956085933441,0.9331662744858357
143.17,-0.07774348317697033,-0.39849647037252084,0.9363444671943282
143.19,-0.0767655777282034,-0.396540659474987,0.9326773217614521
143.21,-0.08116615224765455,-0.39947437582128775,0.9449011398710387
143.23,-0.07236500320875225,-0.3955627540262201,0.9444121871466552
143.25,-0.06771995232710937,-0.3789383613971824,0.9326773217614521
143.27,-0.08507777404272224,-0.3823610304678666,0.928276747242001
143.29,-0.07774348317697033,-0.3892063686092351,0.9280322708798093
143.31,-0.07529871955505302,-0.39849647037252084,0.922898267273783
143.33,-0.09387892308162454,-0.40094123399443815,0.9236316963603581
143.35,-0.10121321394737647,-0.39947437582128775,0.9324328453992604
143.37,-0.09705711579011704,-0.4063197139626562,0.9417229471625462
143.39,-0.09559025761696666,-0.4043639030651224,0.9441677107844635
143.41,-0.09950187941203435,-0.39922989945909604,0.941967423524738
143.43,-0.09485682853039147,-0.3950738013018366,0.9412339944381627
143.45,-0.0919231121840907,-0.3943403722152614,0.9434342816978883
143.47,-0.08434434495614705,-0.3948293249396449,0.937322372643095
143.49,-0.08752253766463955,-0.39947437582128775,0.9302325581395349
143.51,-0.09338997035724109,-0.40387495034073895,0.9221648381872077
143.53,-0.09876845032545915,-0.40118571035662987,0.9307215108639183
143.55,-0.10390245393148549,-0.39922989945909604,0.9378113253674785
143.57,-0.10219111939614338,-0.3997188521834795,0.938300278091862
143.59,-0.10047978486080127,-0.39702961219937044,0.9290101763285762
143.61,-0.10756959936436146,-0.39776304128594564,0.9358555144699446
143.63,-0.1014576903095682,-0.3823610304678666,0.9380558017296703
143.65,-0.10488035938025242,-0.3926290376799193,0.932921798123644
143.67,-0.10732512300216973,-0.3955627540262201,0.93096598722611
143.69,-0.0887449194755982,-0.3884729395226599,0.9221648381872077
143.71,-0.088011490389023,-0.4060752376004645,0.9182532163921401
143.73,-0.08825596675121473,-0.4112092412064908,0.9216758854628243
143.75,-0.07896586498792897,-0.396540659474987,0.9316994163126853
143.77,-0.09070073037313205,-0.40045228127005467,0.941967423524738
143.79,-0.10561378846682762,-0.41292057574183294,0.9446566635088469
143.81,-0.09925740304984261,-0.3926290376799193,0.947345903492956
143.83,-0.09265654127066589,-0.3906732267823855,0.9405005653515875
143.85,-0.08507777404272224,-0.3936069431286862,0.9346331326589861
143.87,-0.07725453045258686,-0.3808941722947162,0.9297436054151514
143.89,-0.06649757051615071,-0.38896189224704336,0.9197200745652905
143.91,-0.0591632796503988,-0.402897044891972,0.9187421691165235
143.93,-0.05378479968218073,-0.3962961831127953,0.9204535036518656
143.95,-0.047428414265195735,-0.39776304128594564,0.9192311218409069
143.97,-0.033248785258075356,-0.4197659138832014,0.9104299728020047
143.99,-0.015646487180270757,-0.4082755248601901,0.9067628273691287
144.01,-0.07065366867341014,-0.3779604559484155,0.9194755982030988
144.03,-0.15866515906243314,-0.3740488341533478,0.9720380160743208
144.05,-0.15304220273202335,-0.3830944595544418,1.0294899611893775
144.07,-0.06503071234300034,-0.36989273599608835,1.0084649940408887
144.098,-0.05305137059560554,-0.3672034960119793,0.9541912416343244
144.11,-0.06527518870519207,-0.3772270268618403,0.9302325581395349
144.13,-0.05207346514683862,-0.383827888641017,0.9312104635883018
144.15,-0.05207346514683862,-0.383827888641017,0.9312104635883018
144.17,-0.060874614185740916,-0.39702961219937044,0.9397671362650124
144.19,-0.06454175961861687,-0.40265256852978026,0.9441677107844635
144.21,-0.05891880328820707,-0.3931179904043028,0.9324328453992604
144.23,-0.05500718149313938,-0.38505027045197565,0.9221648381872077
144.25,-0.034960119793417475,-0.3823610304678666,0.9304770345017266
144.27,-0.04791736698957919,-0.381138648656908,0.937322372643095
144.29,-0.0503621306114965,-0.3767380741374568,0.9446566635088469
144.31,-0.04816184335177093,-0.3772270268618403,0.9478348562173394
144.33,-0.05451822876875592,-0.3794273141215659,0.9546801943587079
144.35,-0.06136356691012437,-0.3845613177275922,0.9414784708003545
144.37,-0.05109555969807169,-0.3789383613971824,0.9316994163126853
144.39,-0.05060660697368823,-0.381138648656908,0.9336552272102191
144.41,-0.05549613421752284,-0.3877395104360847,0.9422118998869297
144.43,-0.05305137059560554,-0.3877395104360847,0.9495461907526815
144.45,-0.04938422516272958,-0.3818720777434832,0.9478348562173394
144.47,-0.047183937903004,-0.37429331051553955,0.9360999908321364
144.49,-0.045717079729853616,-0.3767380741374568,0.9324328453992604
144.51,-0.0440057451945115,-0.3852947468141674,0.9321883690370687
144.53,-0.04669498517862054,-0.3906732267823855,0.9400116126272041
144.55,-0.04547260336766189,-0.383827888641017,0.9412339944381627
144.57,-0.0415609815725942,-0.3750267396021147,0.9387892308162454
144.59,-0.04791736698957919,-0.3796717904837576,0.9446566635088469
144.61,-0.056229563304098035,-0.38553922317635914,0.9488127616661064
144.63,-0.04596155609204535,-0.3818720777434832,0.9524799070989823
144.65,-0.04253888702136112,-0.3794273141215659,0.9471014271307643
144.67,-0.0440057451945115,-0.38627265226293434,0.938300278091862
144.69,-0.04253888702136112,-0.3877395104360847,0.9414784708003545
144.71,-0.04498365064327843,-0.381138648656908,0.947345903492956
144.73,-0.045717079729853616,-0.3892063686092351,0.9485682853039147
144.75,-0.0440057451945115,-0.3948293249396449,0.9417229471625462
144.77,-0.05158451242245515,-0.3945848485774532,0.9429453289735048
144.79,-0.04938422516272958,-0.3782049323106072,0.9449011398710387
144.81,-0.052562417871222074,-0.38700608134950953,0.9451456162332305
144.83,-0.03667145432875959,-0.3943403722152614,0.9346331326589861
144.85,-0.03398221434465055,-0.38407236500320874,0.9324328453992604
144.87,-0.04425022155670324,-0.38700608134950953,0.9353665617455612
144.89,-0.04229441065916939,-0.3918956085933441,0.9334107508480274
144.91,-0.028114781652049017,-0.3845613177275922,0.9307215108639183
144.93,-0.07089814503560186,-0.3936069431286862,0.941967423524738
144.95,-0.06063013782354919,-0.40314152125416375,0.9449011398710387
144.97,-0.05109555969807169,-0.3918956085933441,0.9390337071784371
144.99,-0.05060660697368823,-0.39874094673471255,0.9260764599822754
145.01,-0.04327231610793631,-0.3940958958530697,0.9312104635883018
145.03,-0.05011765424930477,-0.3926290376799193,0.9431898053356966
145.05,-0.05867432692601534,-0.3948293249396449,0.9461235216819973
145.07,-0.05011765424930477,-0.38798398679827645,0.9449011398710387
145.09,-0.045717079729853616,-0.38480579408978394,0.9427008526113131
145.118,-0.05109555969807169,-0.3906732267823855,0.9439232344222718
145.13,-0.047428414265195735,-0.3914066558689607,0.9434342816978883
145.15,-0.04547260336766189,-0.3943403722152614,0.9375668490052868
145.17,-0.04645050881642881,-0.3911621795067689,0.9331662744858357
145.19,-0.0503621306114965,-0.39042875042019376,0.9365889435565199
145.21,-0.057451945115056684,-0.3950738013018366,0.9434342816978883
145.23,-0.053540323319988994,-0.3894508449714268,0.9444121871466552
145.25,-0.05402927604437246,-0.3931179904043028,0.9468569507685726
145.27,-0.05060660697368823,-0.3916511322311524,0.95639152889405
145.29,-0.04938422516272958,-0.38676160498731776,0.9444121871466552
145.31,-0.05965223237478226,-0.38505027045197565,0.9356110381077529
145.33,-0.06723099960272591,-0.39922989945909604,0.9268098890688506
145.35,-0.03789383613971824,-0.3914066558689607,0.9231427436359747
145.37,-0.03862726522629343,-0.3960517067506035,0.9231427436359747
145.39,-0.0623414723588913,-0.396540659474987,0.932921798123644
145.41,-0.07212052684656052,-0.3936069431286862,0.9429453289735048
145.43,-0.058185374201631876,-0.3936069431286862,0.9385447544540537
145.45,-0.05500718149313938,-0.3958072303884118,0.9360999908321364
145.47,-0.05158451242245515,-0.3911621795067689,0.9299880817773432
145.49,-0.0503621306114965,-0.38969532133361856,0.9302325581395349
145.51,-0.06283042508327476,-0.3972740885615622,0.9392781835406289
145.53,-0.06429728325642514,-0.3982519940103291,0.9395226599028206
145.55,-0.06429728325642514,-0.3982519940103291,0.9395226599028206
145.57,-0.06331937780765821,-0.3989854230969043,0.9334107508480274
145.59,-0.05965223237478226,-0.3945848485774532,0.9336552272102191
145.61,-0.06845338141368457,-0.3945848485774532,0.9395226599028206
145.63,-0.06136356691012437,-0.3916511322311524,0.9390337071784371
145.65,-0.057207468752864955,-0.38896189224704336,0.9412339944381627
145.67,-0.05647403966628976,-0.3894508449714268,0.9387892308162454
145.69,-0.06283042508327476,-0.3950738013018366,0.9400116126272041
145.71,-0.06038566146135745,-0.396540659474987,0.9358555144699446
145.73,-0.06356385416984996,-0.3945848485774532,0.9353665617455612
145.75,-0.07187605048436879,-0.3975185649237539,0.9395226599028206
145.77,-0.06331937780765821,-0.3926290376799193,0.9395226599028206
145.79,-0.05500718149313938,-0.38822846316046816,0.940989518075971
145.81,-0.05402927604437246,-0.3892063686092351,0.9346331326589861
145.83,-0.05500718149313938,-0.3948293249396449,0.9302325581395349
145.85,-0.06771995232710937,-0.40314152125416375,0.938300278091862
145.87,-0.07114262139779359,-0.39874094673471255,0.9414784708003545
145.89,-0.06429728325642514,-0.38871741588485165,0.9365889435565199
145.91,-0.05794089783944015,-0.38627265226293434,0.937322372643095
145.93,-0.052562417871222074,-0.38969532133361856,0.9343886562967942
145.95,-0.060874614185740916,-0.38822846316046816,0.9385447544540537
145.97,-0.07040919231121841,-0.3894508449714268,0.947345903492956
145.99,-0.0679644286893011,-0.39042875042019376,0.9427008526113131
146.01,-0.06356385416984996,-0.39776304128594564,0.937322372643095
146.03,-0.0591632796503988,-0.3945848485774532,0.9334107508480274
146.05,-0.057451945115056684,-0.38822846316046816,0.937322372643095
146.07,-0.06625309415395898,-0.3945848485774532,0.946367998044189
146.09,-0.07016471594902668,-0.3950738013018366,0.9402560889893958
146.11,-0.08043272316107936,-0.4082755248601901,0.928276747242001
146.138,-0.0799437704366959,-0.4180545793478593,0.9260764599822754
146.15,-0.052562417871222074,-0.3909177031445772,0.9321883690370687
146.17,-0.05549613421752284,-0.38627265226293434,0.9324328453992604
146.19,-0.0686978577758763,-0.3845613177275922,0.9390337071784371
146.21,-0.07505424319286129,-0.38260550683005834,0.947345903492956
146.23,-0.07407633774409436,-0.39042875042019376,0.9461235216819973
146.25,-0.06600861779176725,-0.38969532133361856,0.9424563762491214
146.27,-0.05182898878464688,-0.3835834122788253,0.9363444671943282
146.29,-0.04987317788711304,-0.3852947468141674,0.9346331326589861
146.31,-0.053295846957797266,-0.3906732267823855,0.9348776090211778
146.33,-0.05305137059560554,-0.39287351404211107,0.9370778962809033
146.35,-0.06038566146135745,-0.4043639030651224,0.9436787580600801
146.37,-0.07725453045258686,-0.39996332854567124,0.9461235216819973
146.39,-0.06747547596491764,-0.3899397976958103,0.937322372643095
146.41,-0.05280689423341381,-0.3931179904043028,0.9297436054151514
146.43,-0.0623414723588913,-0.3916511322311524,0.9334107508480274
146.45,-0.07138709775998534,-0.3828499831922501,0.940989518075971
146.47,-0.06649757051615071,-0.38798398679827645,0.9441677107844635
146.49,-0.04889527243834611,-0.3894508449714268,0.9380558017296703
146.51,-0.045717079729853616,-0.3791828377593741,0.9380558017296703
146.53,-0.05696299239067323,-0.38431684136540045,0.9397671362650124
146.55,-0.06649757051615071,-0.3921400849555359,0.9405005653515875
146.57,-0.05696299239067323,-0.3894508449714268,0.9397671362650124
146.59,-0.06038566146135745,-0.3892063686092351,0.9405005653515875
146.61,-0.06405280689423341,-0.38553922317635914,0.9400116126272041
146.63,-0.059896708736973996,-0.38578369953855085,0.9427008526113131
146.65,-0.059896708736973996,-0.38798398679827645,0.940989518075971
146.67,-0.05647403966628976,-0.38871741588485165,0.9397671362650124
146.69,-0.056229563304098035,-0.38651712862512605,0.9402560889893958
146.71,-0.056229563304098035,-0.38725055771170125,0.9414784708003545
146.73,-0.058185374201631876,-0.38676160498731776,0.9422118998869297
146.75,-0.05500718149313938,-0.38578369953855085,0.9405005653515875
146.77,-0.06136356691012437,-0.3916511322311524,0.9414784708003545
146.79,-0.06625309415395898,-0.3921400849555359,0.9405005653515875
146.81,-0.06038566146135745,-0.3877395104360847,0.9385447544540537
146.83,-0.06258594872108303,-0.3931179904043028,0.9385447544540537
146.85,-0.06698652324053418,-0.39287351404211107,0.9405005653515875
146.87,-0.06331937780765821,-0.38602817590074257,0.9405005653515875
146.89,-0.06331937780765821,-0.38871741588485165,0.9380558017296703
146.91,-0.0647862359808086,-0.393851419490878,0.9353665617455612
146.93,-0.06258594872108303,-0.3923845613177276,0.9385447544540537
146.95,-0.06258594872108303,-0.3923845613177276,0.9385447544540537
146.97,-0.06943128686245148,-0.3955627540262201,0.940989518075971
146.99,-0.06845338141368457,-0.3936069431286862,0.9397671362650124
147.01,-0.06918681050025975,-0.3933624667664945,0.9412339944381627
147.03,-0.07163157412217706,-0.3950738013018366,0.9427008526113131
147.05,-0.06943128686245148,-0.38896189224704336,0.9397671362650124
147.07,-0.06820890505149284,-0.3877395104360847,0.9365889435565199
147.09,-0.06845338141368457,-0.3943403722152614,0.9353665617455612
147.11,-0.07578767227943647,-0.3962961831127953,0.9343886562967942
147.13,-0.07798795953916206,-0.3936069431286862,0.9363444671943282
147.158,-0.07529871955505302,-0.3950738013018366,0.9351220853833695
147.17,-0.07603214864162822,-0.3960517067506035,0.9287656999663845
147.19,-0.07603214864162822,-0.3894508449714268,0.9346331326589861
147.21,-0.07652110136601167,-0.3943403722152614,0.947345903492956
147.23,-0.0806771995232711,-0.3931179904043028,0.9475903798551477
147.25,-0.08043272316107936,-0.3852947468141674,0.9387892308162454
147.27,-0.08141062860984628,-0.3894508449714268,0.931943892674877
147.29,-0.0806771995232711,-0.39874094673471255,0.9353665617455612
147.31,-0.08458882131833878,-0.39947437582128775,0.9375668490052868
147.33,-0.08018824679888763,-0.39922989945909604,0.9334107508480274
147.35,-0.08972282492436512,-0.40069675763224644,0.9312104635883018
147.37,-0.09559025761696666,-0.3972740885615622,0.937322372643095
147.39,-0.08776701402683128,-0.3933624667664945,0.9351220853833695
147.41,-0.08263301042080494,-0.3906732267823855,0.9307215108639183
147.43,-0.08923387219998166,-0.393851419490878,0.941967423524738
147.45,-0.08507777404272224,-0.38798398679827645,0.9458790453198056
147.47,-0.08532225040491398,-0.3845613177275922,0.9392781835406289
147.49,-0.08116615224765455,-0.3835834122788253,0.931943892674877
147.51,-0.07847691226354551,-0.38798398679827645,0.9290101763285762
147.53,-0.08996730128655686,-0.3916511322311524,0.9375668490052868
147.55,-0.09485682853039147,-0.38871741588485165,0.9475903798551477
147.57,-0.09241206490847416,-0.38651712862512605,0.9456345689576139
147.59,-0.0887449194755982,-0.38651712862512605,0.9375668490052868
147.61,-0.0831219631451884,-0.38896189224704336,0.9297436054151514
147.63,-0.07921034135012071,-0.38871741588485165,0.9314549399504936
147.65,-0.08361091586957185,-0.38871741588485165,0.938300278091862
147.67,-0.09705711579011704,-0.38725055771170125,0.9478348562173394
147.69,-0.09779054487669223,-0.3835834122788253,0.9480793325795311
147.71,-0.0919231121840907,-0.38578369953855085,0.9446566635088469
147.73,-0.09094520673532377,-0.38627265226293434,0.9431898053356966
147.75,-0.08263301042080494,-0.3816276013812914,0.9405005653515875
147.77,-0.0838553922317636,-0.3806496959325245,0.9397671362650124
147.79,-0.0919231121840907,-0.3845613177275922,0.9422118998869297
147.81,-0.0911896830975155,-0.38871741588485165,0.9405005653515875
147.83,-0.088011490389023,-0.39287351404211107,0.9365889435565199
147.85,-0.08409986859395532,-0.390184274058002,0.9392781835406289
147.87,-0.09167863582189897,-0.3916511322311524,0.937322372643095
147.89,-0.09705711579011704,-0.3877395104360847,0.9424563762491214
147.91,-0.09901292668765088,-0.38798398679827645,0.9502796198392568
147.93,-0.09461235216819973,-0.3884729395226599,0.9458790453198056
147.95,-0.09730159215230877,-0.3950738013018366,0.9316994163126853
147.97,-0.08654463221587262,-0.3945848485774532,0.9241206490847416
147.99,-0.07529871955505302,-0.381138648656908,0.9258319836200837
148.01,-0.08703358494025609,-0.383827888641017,0.9336552272102191
148.03,-0.09216758854628243,-0.38871741588485165,0.9380558017296703
148.05,-0.0838553922317636,-0.38333893591663354,0.9380558017296703
148.07,-0.07921034135012071,-0.3821165541056749,0.9343886562967942
148.09,-0.09045625401094032,-0.39042875042019376,0.9326773217614521
148.11,-0.09876845032545915,-0.3958072303884118,0.9414784708003545
148.13,-0.0975460685145005,-0.38896189224704336,0.9510130489258319
148.15,-0.09901292668765088,-0.38676160498731776,0.9517464780124072
148.178,-0.08898939583778993,-0.38505027045197565,0.9436787580600801
148.19,-0.08336643950738012,-0.38676160498731776,0.9346331326589861
148.21,-0.088011490389023,-0.3909177031445772,0.9338997035724108
148.23,-0.08923387219998166,-0.3911621795067689,0.9365889435565199
148.25,-0.09021177764874859,-0.3899397976958103,0.9407450417137793
148.27,-0.094367875806008,-0.3894508449714268,0.941967423524738
148.29,-0.09705711579011704,-0.38896189224704336,0.9380558017296703
148.31,-0.0887449194755982,-0.3914066558689607,0.9387892308162454
148.33,-0.0887449194755982,-0.3914066558689607,0.9387892308162454
148.35,-0.0806771995232711,-0.38602817590074257,0.9365889435565199
148.37,-0.09070073037313205,-0.38969532133361856,0.9395226599028206
148.39,-0.10096873758518474,-0.3936069431286862,0.9422118998869297
148.41,-0.09534578125477493,-0.38602817590074257,0.9439232344222718
148.43,-0.08483329768053051,-0.3806496959325245,0.9444121871466552
148.45,-0.06943128686245148,-0.36255844513033647,0.9405005653515875
148.47,-0.0799437704366959,-0.3779604559484155,0.941967423524738
148.49,-0.09143415945970723,-0.3980075176481374,0.9422118998869297
148.51,-0.08850044311340648,-0.393851419490878,0.9378113253674785
148.53,-0.08654463221587262,-0.3960517067506035,0.9405005653515875
148.55,-0.08776701402683128,-0.38969532133361856,0.938300278091862
148.57,-0.09632368670354186,-0.3918956085933441,0.9385447544540537
148.59,-0.09143415945970723,-0.3914066558689607,0.9387892308162454
148.61,-0.08214405769642147,-0.3750267396021147,0.946367998044189
148.63,-0.0887449194755982,-0.3755156923264982,0.9512575252880237
148.65,-0.0951013048925832,-0.3818720777434832,0.9453900925954222
148.67,-0.09070073037313205,-0.381138648656908,0.9385447544540537
148.69,-0.08947834856217339,-0.38651712862512605,0.9378113253674785
148.71,-0.08483329768053051,-0.38553922317635914,0.9368334199187116
148.73,-0.08776701402683128,-0.3804052195703328,0.9370778962809033
148.75,-0.09290101763285762,-0.38260550683005834,0.9439232344222718
148.77,-0.10268007212052685,-0.3918956085933441,0.9495461907526815
148.79,-0.11050331571066223,-0.3926290376799193,0.9593252452403508
148.81,-0.09412339944381627,-0.3686703541851297,0.9497906671148734
148.83,-0.0831219631451884,-0.35840234697307705,0.9456345689576139
148.85,-0.08434434495614705,-0.37209302325581395,0.9356110381077529
148.87,-0.0863001558536809,-0.3828499831922501,0.9180087400299484
148.89,-0.09559025761696666,-0.3975185649237539,0.9143415945970724
148.91,-0.09241206490847416,-0.40143018671882164,0.9250985545335085
148.93,-0.09559025761696666,-0.3967851358371787,0.9365889435565199
148.95,-0.09950187941203435,-0.38480579408978394,0.9358555144699446
148.97,-0.09045625401094032,-0.3755156923264982,0.9368334199187116
148.99,-0.09143415945970723,-0.3755156923264982,0.9449011398710387
149.01,-0.09607921034135011,-0.3708706414448553,0.9485682853039147
149.03,-0.10243559575833511,-0.380160743208141,0.9431898053356966
149.05,-0.09216758854628243,-0.3909177031445772,0.9378113253674785
149.07,-0.0911896830975155,-0.3940958958530697,0.937322372643095
149.09,-0.09632368670354186,-0.38651712862512605,0.9326773217614521
149.11,-0.10047978486080127,-0.3877395104360847,0.9348776090211778
149.13,-0.1095254102618953,-0.3955627540262201,0.9475903798551477
149.15,-0.10488035938025242,-0.38700608134950953,0.9519909543745989
149.17,-0.10536931210463588,-0.38651712862512605,0.9471014271307643
149.198,-0.09338997035724109,-0.38871741588485165,0.9385447544540537
149.21,-0.09167863582189897,-0.3828499831922501,0.9395226599028206
149.23,-0.094367875806008,-0.37160407053143046,0.9434342816978883
149.25,-0.08654463221587262,-0.3662255905632124,0.9348776090211778
149.27,-0.09290101763285762,-0.38651712862512605,0.9224093145493995
149.29,-0.10390245393148549,-0.4046083794273141,0.9194755982030988
149.31,-0.09607921034135011,-0.39702961219937044,0.9258319836200837
149.33,-0.09730159215230877,-0.40338599761635546,0.9277877945176175
149.35,-0.09803502123888397,-0.4072976194114232,0.9375668490052868
149.37,-0.08825596675121473,-0.3914066558689607,0.9422118998869297
149.39,-0.09412339944381627,-0.38676160498731776,0.947345903492956
149.41,-0.09534578125477493,-0.38602817590074257,0.9517464780124072
149.43,-0.0911896830975155,-0.3808941722947162,0.9497906671148734
149.45,-0.08923387219998166,-0.3828499831922501,0.9429453289735048
149.47,-0.08752253766463955,-0.3828499831922501,0.9343886562967942
149.49,-0.09485682853039147,-0.3911621795067689,0.9304770345017266
149.51,-0.09999083213641781,-0.4077865721358066,0.9246096018091251
149.53,-0.09852397396326742,-0.411942670293066,0.9246096018091251
149.55,-0.09901292668765088,-0.4094979066711487,0.9294991290529597
149.57,-0.1063472175534028,-0.4053418085138893,0.9302325581395349
149.59,-0.11245912660819607,-0.4116981939308743,0.9353665617455612
149.61,-0.09583473397915838,-0.40020780490786295,0.9348776090211778
149.63,-0.0975460685145005,-0.40094123399443815,0.9424563762491214
149.65,-0.09950187941203435,-0.41463191027717505,0.9414784708003545
149.67,-0.09265654127066589,-0.4058307612382728,0.9456345689576139
149.69,-0.09779054487669223,-0.4082755248601901,0.9461235216819973
149.71,-0.10830302845093664,-0.41829905571005105,0.9363444671943282
149.73,-0.10830302845093664,-0.41829905571005105,0.9363444671943282
149.75,-0.08972282492436512,-0.40045228127005467,0.9334107508480274
149.77,-0.07383186138190263,-0.3926290376799193,0.9326773217614521
149.79,-0.07847691226354551,-0.3899397976958103,0.9299880817773432
149.81,-0.07236500320875225,-0.3762491214130734,0.9331662744858357
149.83,-0.07725453045258686,-0.38725055771170125,0.9378113253674785
149.85,-0.09534578125477493,-0.3926290376799193,0.9380558017296703
149.87,-0.09216758854628243,-0.3931179904043028,0.9392781835406289
149.89,-0.08605567949148916,-0.4046083794273141,0.9314549399504936
149.91,-0.0806771995232711,-0.3948293249396449,0.9184976927543318
149.93,-0.07798795953916206,-0.396540659474987,0.9126302600617303
149.95,-0.08141062860984628,-0.4209882956941601,0.9292546526907679
149.97,-0.07138709775998534,-0.4217217247807353,0.9356110381077529
149.99,-0.08458882131833878,-0.409253430308957,0.9314549399504936
150.01,-0.08972282492436512,-0.3958072303884118,0.9400116126272041
150.03,-0.05769642147724842,-0.3899397976958103,0.9539467652721327
150.05,-0.047428414265195735,-0.3830944595544418,0.9365889435565199
150.07,-0.08703358494025609,-0.3613360633193778,0.920942456376249
150.09,-0.10463588301806069,-0.3606026342328026,0.9397671362650124
150.11,-0.0679644286893011,-0.38700608134950953,0.9505240962014485
150.13,-0.06063013782354919,-0.38871741588485165,0.9485682853039147
150.15,-0.08018824679888763,-0.3779604559484155,0.9431898053356966
150.17,-0.07774348317697033,-0.38407236500320874,0.9380558017296703
150.19,-0.05305137059560554,-0.3943403722152614,0.9436787580600801
150.218,-0.05549613421752284,-0.3830944595544418,0.9444121871466552
150.23,-0.058185374201631876,-0.3669590196497876,0.9390337071784371
150.25,-0.04816184335177093,-0.37307092870458086,0.9429453289735048
150.27,-0.05182898878464688,-0.3926290376799193,0.9431898053356966
150.29,-0.05207346514683862,-0.390184274058002,0.9414784708003545
150.31,-0.0503621306114965,-0.38333893591663354,0.9402560889893958
150.33,-0.05402927604437246,-0.3884729395226599,0.9439232344222718
150.35,-0.04889527243834611,-0.38651712862512605,0.940989518075971
150.37,-0.04913974880053785,-0.383827888641017,0.9385447544540537
150.39,-0.05671851602848149,-0.38627265226293434,0.938300278091862
150.41,-0.05549613421752284,-0.390184274058002,0.9402560889893958
150.43,-0.05085108333587996,-0.3852947468141674,0.9380558017296703
150.45,-0.05769642147724842,-0.38798398679827645,0.9395226599028206
150.47,-0.057451945115056684,-0.38896189224704336,0.9368334199187116
150.49,-0.04449469791889497,-0.38896189224704336,0.9304770345017266
150.51,-0.049628701524921305,-0.3940958958530697,0.9314549399504936
150.53,-0.055985086941906306,-0.3914066558689607,0.9378113253674785
150.55,-0.04645050881642881,-0.3892063686092351,0.9390337071784371
150.57,-0.04669498517862054,-0.3962961831127953,0.9346331326589861
150.59,-0.03813831250190997,-0.3936069431286862,0.9231427436359747
150.61,-0.035938025242184396,-0.3955627540262201,0.9211869327384409
150.63,-0.03862726522629343,-0.40118571035662987,0.9275433181554258
150.65,-0.0383827888641017,-0.3967851358371787,0.9424563762491214
150.67,-0.03447116706903401,-0.3899397976958103,0.9541912416343244
150.69,-0.041072028848210734,-0.3923845613177276,0.9512575252880237
150.71,-0.04302783974574458,-0.3955627540262201,0.9400116126272041
150.73,-0.04522812700547016,-0.4050973321516976,0.9378113253674785
150.75,-0.041072028848210734,-0.4077865721358066,0.9444121871466552
150.77,-0.030070592549582862,-0.40045228127005467,0.9395226599028206
150.79,-0.031048497998349783,-0.40069675763224644,0.9272988417932341
150.81,-0.03202640344711671,-0.40338599761635546,0.9343886562967942
150.83,-0.030559545273966322,-0.40167466308101335,0.9392781835406289
150.85,-0.030070592549582862,-0.4043639030651224,0.931943892674877
150.87,-0.026403447116706905,-0.40314152125416375,0.9280322708798093
150.89,-0.026892399841090365,-0.40045228127005467,0.93096598722611
150.91,-0.031048497998349783,-0.40411942670293066,0.9341441799346025
150.93,-0.03471564343122574,-0.4072976194114232,0.9348776090211778
150.95,-0.030315068911774594,-0.4075420957736149,0.9287656999663845
150.97,-0.02518106530574825,-0.4107202884821074,0.9268098890688506
150.99,-0.030804021636158054,-0.4116981939308743,0.93096598722611
151.01,-0.030559545273966322,-0.40485285578950586,0.9378113253674785
151.03,-0.0295816398251994,-0.40265256852978026,0.9365889435565199
151.05,-0.027870305289857285,-0.4060752376004645,0.9321883690370687
151.07,-0.023469730770406136,-0.4068086666870397,0.9270543654310424
151.09,-0.02884821073862421,-0.4082755248601901,0.9314549399504936
151.11,-0.031048497998349783,-0.4124316230174495,0.9360999908321364
151.13,-0.031048497998349783,-0.4124316230174495,0.9360999908321364
151.15,-0.022980778046022676,-0.41218714665525774,0.9299880817773432
151.17,-0.02591449439232344,-0.4131650521040247,0.9287656999663845
151.19,-0.026403447116706905,-0.41047581211991563,0.9280322708798093
151.21,-0.022980778046022676,-0.4134095284662164,0.9258319836200837
151.238,-0.026892399841090365,-0.41463191027717505,0.9304770345017266
151.25,-0.03202640344711671,-0.411942670293066,0.9363444671943282
151.27,-0.03153745072273324,-0.4148763866393668,0.9316994163126853
151.29,-0.02493658894355652,-0.41634324481251717,0.9265654127066589
151.31,-0.028603734376432478,-0.41658772117470894,0.9246096018091251
151.33,-0.030559545273966322,-0.4187880084344345,0.9285212236041928
151.35,-0.027136876203282093,-0.41634324481251717,0.9294991290529597
151.37,-0.026403447116706905,-0.41560981572594197,0.925587507257892
151.39,-0.029092687100815938,-0.41781010298566756,0.9297436054151514
151.41,-0.0295816398251994,-0.41609876845032545,0.9250985545335085
151.43,-0.027136876203282093,-0.41683219753690065,0.922898267273783
151.45,-0.030559545273966322,-0.4187880084344345,0.928276747242001
151.47,-0.03373773798245882,-0.4202548666075849,0.9341441799346025
151.49,-0.03178192708492498,-0.4239220120404608,0.9270543654310424
151.51,-0.02591449439232344,-0.4222106775051187,0.9204535036518656
151.53,-0.029092687100815938,-0.4204993429697766,0.9248540781713168
151.55,-0.031048497998349783,-0.4217217247807353,0.925587507257892
151.57,-0.024447636219173056,-0.4229441065916939,0.9243651254469333
151.59,-0.0295816398251994,-0.4209882956941601,0.9226537909115912
151.61,-0.040827552486019006,-0.41707667389909236,0.9253430308957002
151.63,-0.036182501604376124,-0.4212327720563518,0.928276747242001
151.65,-0.03667145432875959,-0.42978944473306235,0.9314549399504936
151.67,-0.03813831250190997,-0.4231885829538856,0.9321883690370687
151.69,-0.03740488341533478,-0.41512086300155854,0.9299880817773432
151.71,-0.040827552486019006,-0.41389848119059985,0.9192311218409069
151.73,-0.042783363383552854,-0.41292057574183294,0.9253430308957002
151.75,-0.041072028848210734,-0.4212327720563518,0.9272988417932341
151.77,-0.0415609815725942,-0.4195214375210097,0.9324328453992604
151.79,-0.04131650521040247,-0.4124316230174495,0.9324328453992604
151.81,-0.041805457934785926,-0.41512086300155854,0.93096598722611
151.83,-0.034960119793417475,-0.4173211502612841,0.9238761727225498
151.85,-0.03667145432875959,-0.41829905571005105,0.9216758854628243
151.87,-0.04693946154081227,-0.4197659138832014,0.9341441799346025
151.89,-0.041805457934785926,-0.4141429575527916,0.9407450417137793
151.91,-0.0415609815725942,-0.41389848119059985,0.9351220853833695
151.93,-0.047428414265195735,-0.41438743391498334,0.9290101763285762
151.95,-0.04987317788711304,-0.41560981572594197,0.9287656999663845
151.97,-0.05085108333587996,-0.41536533936375025,0.9343886562967942
151.99,-0.057207468752864955,-0.4197659138832014,0.9341441799346025
152.01,-0.052562417871222074,-0.41389848119059985,0.9356110381077529
152.03,-0.053540323319988994,-0.40387495034073895,0.9387892308162454
152.05,-0.06405280689423341,-0.41463191027717505,0.9336552272102191
152.07,-0.051340036060263425,-0.4173211502612841,0.9324328453992604
152.09,-0.05402927604437246,-0.4082755248601901,0.9287656999663845
152.11,-0.05378479968218073,-0.40338599761635546,0.9236316963603581
152.13,-0.05965223237478226,-0.4082755248601901,0.9285212236041928
152.15,-0.07407633774409436,-0.41145371756868254,0.9453900925954222
152.17,-0.07187605048436879,-0.40411942670293066,0.9502796198392568
152.19,-0.03936069431286862,-0.3818720777434832,0.9258319836200837
152.21,-0.014913058093695565,-0.38553922317635914,0.9038291110228279
152.23,-0.040827552486019006,-0.4063197139626562,0.9238761727225498
152.258,-0.0838553922317636,-0.406564190324848,0.9502796198392568
152.27,-0.0951013048925832,-0.39776304128594564,0.9693487760902118
152.29,-0.06918681050025975,-0.38505027045197565,0.9507685725636402
152.31,-0.05207346514683862,-0.3642697796656786,0.9241206490847416
152.33,-0.07945481771231244,-0.37429331051553955,0.9299880817773432
152.35,-0.10732512300216973,-0.39776304128594564,0.9407450417137793
152.37,-0.11050331571066223,-0.3950738013018366,0.9480793325795311
152.39,-0.10536931210463588,-0.3816276013812914,0.9392781835406289
152.41,-0.09925740304984261,-0.383827888641017,0.9260764599822754
152.43,-0.09607921034135011,-0.3830944595544418,0.9170308345811814
152.45,-0.09999083213641781,-0.393851419490878,0.9194755982030988
152.47,-0.09583473397915838,-0.402897044891972,0.9287656999663845
152.49,-0.0975460685145005,-0.40240809216758855,0.9502796198392568
152.51,-0.07114262139779359,-0.3980075176481374,0.9412339944381627
152.53,-0.07114262139779359,-0.3980075176481374,0.9412339944381627
152.55,-0.07212052684656052,-0.421966201142927,0.9111634018885799
152.57,-0.11148122115942914,-0.4491030773462091,0.9177642636677567
152.59,-0.11074779207285396,-0.4222106775051187,0.9121413073373468
152.61,-0.10292454848271858,-0.4131650521040247,0.8977172019680347
152.63,-0.11612627204107202,-0.4398129755829233,0.9048070164715949
152.65,-0.1391070500870947,-0.4505699355193595,0.9258319836200837
152.67,-0.16355468630626777,-0.4229441065916939,0.9539467652721327
152.69,-0.17944564984873024,-0.3909177031445772,0.9610365797756929
152.71,-0.16013201723558354,-0.37209302325581395,0.9493017143904898
152.73,-0.14130733734682027,-0.38725055771170125,0.9444121871466552
152.75,-0.14057390826024507,-0.4058307612382728,0.940989518075971
152.77,-0.15646487180270757,-0.4036304739785472,0.9360999908321364
152.79,-0.15768725361366623,-0.39531827766402833,0.9294991290529597
152.81,-0.1591541117868166,-0.38749503407389296,0.931943892674877
152.83,-0.16282125721969257,-0.3786938850349907,0.932921798123644
152.85,-0.17871222076215507,-0.37771597958622377,0.9363444671943282
152.87,-0.19558108975338445,-0.3767380741374568,0.9478348562173394
152.89,-0.19411423158023408,-0.3808941722947162,0.9461235216819973
152.91,-0.18262384255722275,-0.3852947468141674,0.937322372643095
152.93,-0.16477706811722642,-0.3899397976958103,0.9238761727225498
152.95,-0.14741924640161355,-0.38896189224704336,0.9143415945970724
152.97,-0.14424105369312104,-0.3791828377593741,0.910185496439813
152.99,-0.15377563181859855,-0.3659811142010207,0.920942456376249
153.01,-0.17895669712434678,-0.3630473978547199,0.9365889435565199
153.03,-0.1990037588240687,-0.38896189224704336,0.9739938269718547
153.05,-0.1821348898328393,-0.380160743208141,0.9805946887510314
153.07,-0.19460318430461754,-0.32906518351006936,0.9517464780124072
153.09,-0.22296244231885828,-0.3667145432875959,0.8967392965192678
153.11,-0.18091250802188064,-0.38602817590074257,0.893805580172967
153.13,-0.15719830088928277,-0.39702961219937044,0.9358555144699446
153.15,-0.18360174800598966,-0.4077865721358066,0.9449011398710387
153.17,-0.20169299880817773,-0.3645142560278703,0.9292546526907679
153.19,-0.20927176603612138,-0.33786633254897164,0.9321883690370687
153.21,-0.2478990312624148,-0.3522904379182838,0.9485682853039147
153.23,-0.23860892949912904,-0.34813433976102437,0.95639152889405
153.25,-0.242276074932005,-0.33933319072212204,0.9620144852244599
153.279,-0.2525440821440577,-0.32710937261253553,0.9507685725636402
153.29,-0.25156617669529074,-0.3141521254163738,0.9431898053356966
153.31,-0.25938942028542616,-0.3209974635577423,0.9385447544540537
153.33,-0.2769917183632308,-0.32637594352596033,0.9568804816184335
153.35,-0.276747242001039,-0.29923906732267824,0.9725269687987043
153.37,-0.2791920056229563,-0.2948384928032271,0.9754606851450051
153.39,-0.29532744552761053,-0.3197750817467836,0.993551935947193
153.41,-0.2904379182837759,-0.29459401644103533,0.9967301286556856
153.43,-0.28554839103994134,-0.27063533294624575,0.9871955505302081
153.45,-0.2936161109922684,-0.3060844054640467,0.9519909543745989
153.47,-0.2923937291813098,-0.3412890016196559,0.8940500565351588
153.49,-0.2911713473703511,-0.33933319072212204,0.8395318277664028
153.51,-0.31708584176267457,-0.3349326162026709,0.8148397151850381
153.53,-0.333954710753904,-0.292149252819118,0.837576016868869
153.55,-0.3158634599517159,-0.22565168230296734,0.8908718638266663
153.57,-0.28652629648870825,-0.20267090425694465,0.9546801943587079
153.59,-0.2821257219692571,-0.21465024600433946,0.9920850777740428
153.61,-0.29386058735446013,-0.2109831005714635,1.0060202304189714
153.63,-0.3197750817467836,-0.21073862420927175,1.001864132261712
153.65,-0.35449072517800934,-0.20071509335941082,0.9925740304984262
153.67,-0.36818140146074624,-0.18629098799009872,0.972771445160896
153.69,-0.3522904379182838,-0.1972924242887266,0.9556580998074748
153.71,-0.3293096598722611,-0.2119610060202304,0.9659261070195275
153.73,-0.3207529871955505,-0.22907435137365156,0.947345903492956
153.75,-0.3253980380771934,-0.22100663142132446,0.9493017143904898
153.77,-0.32882070714787764,-0.21929529688598234,0.9312104635883018
153.79,-0.3444671943281484,-0.21611710417748983,0.9167863582189897
153.81,-0.3491122452097913,-0.20829386058735447,0.9211869327384409
153.83,-0.35473520154020105,-0.2254072059407756,0.9087186382666625
153.85,-0.352045961556092,-0.2222290132322831,0.9096965437154295
153.87,-0.3650032087522538,-0.21538367509091463,0.9116523546129633
153.89,-0.3532683433670507,-0.2031598569813281,0.9138526418726889
153.91,-0.3532683433670507,-0.2031598569813281,0.9138526418726889
153.93,-0.34397824160376494,-0.20193747517036947,0.9272988417932341
153.95,-0.3354215689270544,-0.2095162423983131,0.9395226599028206
153.97,-0.3197750817467836,-0.2056046206032454,0.9387892308162454
153.99,-0.32833175442349416,-0.20804938422516273,0.9598141979647342
154.01,-0.3659811142010207,-0.1750450753292791,0.9661705833817192
154.03,-0.38969532133361856,-0.1767564098646212,0.9757051615071968
154.05,-0.37698255049964857,-0.17895669712434678,0.9713045869877456
154.07,-0.3630473978547199,-0.1821348898328393,0.9625034379488433
154.09,-0.36964825963389664,-0.1982703297374935,0.9534578125477493
154.11,-0.3799162668459493,-0.19998166427283562,0.9556580998074748
154.13,-0.3784494086727989,-0.1894691806985912,0.9585918161537756
154.15,-0.3782049323106072,-0.18115698438407235,0.9576139107050087
154.17,-0.3791828377593741,-0.18017907893530544,0.9617700088622682
154.19,-0.3796717904837576,-0.1743116462427039,0.963725819759802
154.21,-0.37282645234238915,-0.16184335177092565,0.9620144852244599
154.23,-0.3645142560278703,-0.15719830088928277,0.9585918161537756
154.25,-0.34226690706842283,-0.14595238822846315,0.9519909543745989
154.27,-0.33077651804541147,-0.1320172355835345,0.9343886562967942
154.299,-0.3351770925648626,-0.1383736210005195,0.9158084527702227
154.31,-0.35913577605965225,-0.1750450753292791,0.8994285365033768
154.33,-0.39702961219937044,-0.21073862420927175,0.912874736423922
154.35,-0.4217217247807353,-0.1965589952021514,0.9390337071784371
154.37,-0.4207438193319683,-0.15230877364544815,0.9341441799346025
154.39,-0.38676160498731776,-0.1215047520092901,0.9297436054151514
154.41,-0.34348928887938146,-0.11417046114353818,0.928276747242001
154.43,-0.32564251443938513,-0.13935152644928644,0.9468569507685726
154.45,-0.34226690706842283,-0.2029153806191364,0.9353665617455612
154.47,-0.3349326162026709,-0.17871222076215507,0.9260764599822754
154.49,-0.2928826819056932,-0.11930446474956452,0.9204535036518656
154.51,-0.2618341839073435,-0.10805855208874492,0.9510130489258319
154.53,-0.2620786602695352,-0.09607921034135011,1.0045533722458209
154.55,-0.2662347584267946,-0.09070073037313205,1.0260672921186933
154.57,-0.27943648198514803,-0.05794089783944015,1.0285120557406107
154.59,-0.26794609296213673,-0.01711334535342114,1.0104208049384225
154.61,-0.24349845674296366,-0.02518106530574825,1.000886226812945
154.63,-0.25058827124652383,-0.06992023958683495,1.0143324267334901
154.65,-0.27381352565473827,-0.07285395593313572,1.029978913913761
154.67,-0.28481496195336614,-0.019558108975338447,1.0502704519756745
154.69,-0.2789475292607646,0.013690676282736913,1.0576047428414266
154.71,-0.2686795220487119,0.013201723558353452,1.0556489319438926
154.73,-0.27087980930843747,-0.006356385416984995,1.0676282736912874
154.75,-0.2743024783791217,0.015646487180270757,1.1038107752956636
154.77,-0.293127158267885,0.07383186138190263,1.1118784952479908
154.79,-0.3065733581884301,0.11563731931668857,0.9857286923570577
154.81,-0.28359258014240746,0.17822326803777158,0.8999174892277603
154.83,-0.18849127524982429,0.12566085016654951,0.730495370228891
154.85,-0.16502154447941814,0.18971365706078294,0.5510497203801608
154.87,-0.44250221556703234,0.42954496837087064,0.3708706414448553
154.89,-0.6036121382513828,0.4231885829538856,0.24741007853803135
154.91,-0.4354124010634722,0.28408153286679094,0.27039085658405404
154.93,-0.23934235858570424,0.19607004247776794,0.43027839745744584
154.95,-0.17308926443174524,0.1926473734070837,0.578920025670018
154.97,-0.09852397396326742,0.2430095040185802,0.6434617852886348
154.99,-0.026892399841090365,0.25670018030131714,0.6754881887357516
155.01,-0.003911621795067689,0.23445283134186962,0.6793998105308193
155.03,0.022736301683830944,0.31072945634568955,0.6960242031598569
155.05,0.022247348959447483,0.4383461174097729,0.6705986614919169
155.07,0.12981694832380894,0.5261131314366042,0.657885890657947
155.09,0.31195183815664823,0.673287901476026,0.6784219050820524
155.11,0.31121840907007303,0.8265745805702411,0.5351587568376982
155.13,0.11074779207285396,0.9859731687192494,0.32784280169911073
155.15,-0.047428414265195735,1.1722641567093481,0.04620603245423708
155.17,-0.005622956330409804,1.5673379580111848,-0.1679552608257189
155.19,0.12052684656052318,1.7734315313388136,-0.21758396235064023
155.21,0.11905998838737279,1.7692754331815541,-0.16428811539284294
155.23,-0.06845338141368457,1.817437276533325,-0.15304220273202335
155.25,-0.2461876967270727,2.009840173578217,-0.14008495553586162
155.27,-0.4293004920086789,2.1892858234269474,-0.21073862420927175
155.29,-0.7065366867341014,2.142590838248327,-0.32882070714787764
155.319,-0.7065366867341014,2.142590838248327,-0.32882070714787764
155.33,-0.9162974054946063,1.9352748831097393,-0.3892063686092351
155.35,-0.9412339944381627,1.6538825902270573,-0.368425877822938
155.37,-0.9500351434770651,1.4551233077651804,-0.3063288818262384
155.39,-0.9270543654310424,1.3321516975827399,-0.23958683494789598
155.41,-0.7383186138190263,1.2482963053509764,-0.2454542676404975
155.43,-0.5202456987440027,1.1575955749778444,-0.2574336093878923
155.45,-0.40558628487608106,1.0143324267334901,-0.22956330409803502
155.47,-0.3701372123582801,0.9050514928337866,-0.2117165296580387
155.49,-0.3877395104360847,0.8532225040491397,-0.2246737768542004
155.51,-0.4124316230174495,0.8153286679094215,-0.25132170033309903
155.53,-0.39922989945909604,0.7999266570913425,-0.2892155364728173
155.55,-0.35522415426458454,0.7943037007609327,-0.30412859456651287
155.57,-0.3227087980930844,0.8500443113406473,-0.3285762307856859
155.59,-0.3063288818262384,1.0409803502123889,-0.38896189224704336
155.61,-0.2777251474498059,1.2243376218561868,-0.462793753628946
155.63,-0.24667664945145615,1.1558842404425023,-0.456437368211961
155.65,-0.2725911438437796,0.9571249579806252,-0.3672034960119793
155.67,-0.3361549980136295,0.8368425877822938,-0.28285915105583226
155.69,-0.36891483054732144,0.7300064175045076,-0.2038932860679033
155.71,-0.38578369953855085,0.6434617852886348,-0.14204076643339547
155.73,-0.3975185649237539,0.6143690981878189,-0.12272713382024875
155.75,-0.39947437582128775,0.6317269199034318,-0.11294807933257953
155.77,-0.3943403722152614,0.6808666687039697,-0.07896586498792897
155.79,-0.38700608134950953,0.7224276502765639,-0.06405280689423341
155.81,-0.37258197598019743,0.7774348317697033,-0.09607921034135011
155.83,-0.34031109617088895,0.872047183937903,-0.14693029367723007
155.85,-0.3077957399993888,0.9827949760107569,-0.16991107172325276
155.87,-0.31048497998349783,1.0492925465269076,-0.14595238822846315
155.89,-0.32882070714787764,1.1228799315466185,-0.12786113742627508
155.91,-0.36158053968156956,1.2485407817131682,-0.10414693029367723
155.93,-0.4483696482596339,1.3590440974238303,-0.028114781652049017
155.95,-0.5464046694985178,1.3243284539926046,0.1327506646701097
155.97,-0.5662072548360481,1.2143140910063257,0.2892155364728173
155.99,-0.4659719463374385,1.1910888365981114,0.34153347798184763
156.01,-0.2598783730098096,1.2600311707361793,0.20976071876050484
156.03,-0.22931882773584328,1.3287290285120557,-0.018335727164379794
156.05,-0.34080004889527243,1.265898603428781,-0.15084191547229778
156.07,-0.4542370809522354,1.1316810805855209,-0.18091250802188064
156.09,-0.4515478409681264,1.0928093389970357,-0.18457965345475658
156.11,-0.35864682333526876,1.119701738838126,-0.1968034715643431
156.13,-0.24472083855392232,1.0876753353910094,-0.16331020994407602
156.15,-0.20511566787886196,0.9867065978058246,-0.0982794976010757
156.17,-0.23396387861748616,0.8735140421110533,-0.048406319713962656
156.19,-0.25767808575008405,0.7872138862573724,-0.028359258014240746
156.21,-0.26843504568652016,0.7615438682272407,-0.03373773798245882
156.23,-0.2821257219692571,0.7996821807291508,-0.06649757051615071
156.25,-0.30266173639336247,0.8749809002842037,-0.12443846835559087
156.27,-0.321241939919934,1.1258136478929193,-0.25156617669529074
156.29,-0.33224337621856187,1.559759190783241,-0.4642606118020964
156.31,-0.3246646089906182,1.5125752528802372,-0.5356477095620817
156.339,-0.4102313357577239,1.025333863032118,-0.4046083794273141
156.36,-0.5539834367264616,0.7488310973932708,-0.2510772239709073
156.38,-0.6417504507532927,0.5754973565993338,-0.0887449194755982
156.4,-0.6869785777587629,0.44812517189744216,0.042783363383552854
156.42,-0.7911255080524402,0.364758732390062,0.1063472175534028
156.44,-0.8551783149466736,0.4258778229379947,0.08825596675121473
156.46,-0.8145952388228463,0.6292821562815145,-0.05402927604437246
156.48,-0.657885890657947,0.8908718638266663,-0.28823763102405037
156.5,-0.45986003728264524,1.2441402071937169,-0.4852855789505852
156.52,-0.3478898633988326,1.5049964856522935,-0.6001894691806986
156.54,-0.26745714023775324,1.498151147510925,-0.47110594994346483
156.56,-0.20095956972160253,1.410139657121902,-0.31610793631390766
156.58,-0.10096873758518474,1.379335635485744,-0.23127463863337713
156.6,0.01271277083396999,1.329217981236439,-0.13568438101641048
156.62,0.088011490389023,1.2118693273844086,-0.06185251963450784
156.64,0.09485682853039147,1.0732512300216972,-0.029092687100815938
156.66,0.031292974360541514,0.9507685725636402,-0.004889527243834612
156.68,-0.05109555969807169,0.8627570821746172,0.0036671454328759587
156.7,-0.1295724719616172,0.8013935152644929,-0.005867432692601534
156.72,-0.18555755890352352,0.7485866210310791,-0.031292974360541514
156.74,-0.2166060569018733,0.7158267884973871,-0.04058307612382728
156.76,-0.23445283134186962,0.68233352687712,-0.029092687100815938
156.78,-0.2796809583473398,0.6591082724689057,-0.01271277083396999
156.8,-0.34642300522568226,0.658863796106714,-0.01686886899122941
156.82,-0.3610915869571861,0.6571524615713717,-0.011001436298627876
156.84,-0.2862818201265165,0.6534853161384958,0.03251535617150017
156.86,-0.17040002444763622,0.7014026831280751,0.10463588301806069
156.88,-0.14424105369312104,0.799437704366959,0.15059743911010604
156.9,-0.28261467469364054,0.9583473397915839,0.16013201723558354
156.92,-0.5253797023500291,1.1935336002200287,0.16526602084160988
156.94,-0.6725544723894509,1.3678452464627326,0.25278855850624943
156.96,-0.5361366622864652,1.3507319011093115,0.3899397976958103
156.98,-0.6373498762338417,1.3419307520704091,0.4148763866393668
157.0,-1.0573602664792348,1.250496592610702,0.18922470433639946
157.02,-1.1165235461296337,1.1329034623964795,0.028359258014240746
157.04,-0.795770558934083,1.0551599792195092,-0.004889527243834612
157.06,-0.5464046694985178,1.018977477615133,-0.07407633774409436
157.08,-0.4209882956941601,0.9109189255263882,-0.06038566146135745
157.1,-0.3852947468141674,0.8273080096568163,-0.044739174281086695
157.12,-0.38602817590074257,0.7987042752803838,-0.08507777404272224
157.14,-0.35669101243773493,0.7285395593313572,-0.11637074840326375
157.16,-0.3180637472114415,0.6691318033187666,-0.11905998838737279
157.18,-0.29459401644103533,0.6901567704672554,-0.11954894111175625
157.2,-0.2965498273385692,0.7590991046053235,-0.13568438101641048
157.22,-0.31513003086514074,0.8077499006814779,-0.1527977263698316
157.24,-0.36011368150841916,0.8554227913088653,-0.1686886899122941
157.26,-0.4173211502612841,0.9035846346606362,-0.17895669712434678
157.28,-0.43027839745744584,0.9277877945176175,-0.176022980778046
157.3,-0.42734468111114504,0.9590807688781591,-0.17333374079393699
157.32,-0.4398129755829233,0.9847507869082908,-0.17895669712434678
157.349,-0.4513033646059347,0.9779054487669223,-0.17015554808544447
157.36,-0.46059346636922044,0.9365889435565199,-0.15670934816489931
157.38,-0.4635271827155212,0.8962503437948843,-0.1518198209210647
157.4,-0.4635271827155212,0.8962503437948843,-0.1518198209210647
157.42,-0.46083794273141215,0.8759588057329707,-0.13886257372490296
157.44,-0.45619289184976924,0.8696024203159857,-0.11881551202518106
157.46,-0.44274669192922406,0.8749809002842037,-0.10659169391559453
157.48,-0.411942670293066,0.9030956819362528,-0.10561378846682762
157.5,-0.3672034960119793,0.9363444671943282,-0.09632368670354186
157.52,-0.3363994743758213,0.9598141979647342,-0.08263301042080494
157.54,-0.3197750817467836,0.9886624087033584,-0.07456529046847783
157.56,-0.3046175472908963,1.007976041316505,-0.088011490389023
157.58,-0.29557192188980225,1.0150658558200654,-0.10903645753751184
157.6,-0.31537450722733246,1.0065091831433548,-0.11637074840326375
157.62,-0.35669101243773493,0.9715490633499373,-0.100724261222993
157.64,-0.38822846316046816,0.940989518075971,-0.07627662500381995
157.66,-0.4058307612382728,0.9434342816978883,-0.07603214864162822
157.68,-0.4234330593160774,0.9348776090211778,-0.06185251963450784
157.7,-0.43150077926840447,0.9030956819362528,-0.026158970754515173
157.72,-0.44519145555114137,0.9290101763285762,-0.0041560981572594195
157.74,-0.45619289184976924,1.153195000458393,-0.06429728325642514
157.76,-0.4469027900864835,1.4035387953427252,-0.17235583534517007
157.78,-0.4405464046694985,1.4035387953427252,-0.18409070073037312
157.8,-0.47232833175442346,1.2590532652874125,-0.1183265593007976
157.82,-0.4867524371237356,1.0874308590288175,-0.047183937903004
157.84,-0.4667053754240137,0.9331662744858357,0.012223818109586528
157.86,-0.4398129755829233,0.8048161843351771,0.0767655777282034
157.88,-0.4124316230174495,0.7229166030009473,0.13079485377257585
157.9,-0.37355988142896435,0.7290285120557406,0.13299514103230142
157.92,-0.3209974635577423,0.8495553586162637,0.06283042508327476
157.94,-0.2608562784585765,0.9977080341044525,-0.04498365064327843
157.96,-0.2053601442410537,1.064450080982795,-0.11197017388381261
157.98,-0.1718668826207866,1.0695840845888214,-0.1246829447177826
158.0,-0.17211135898297833,1.1060110625553892,-0.13519542829202702
158.02,-0.20609357332762887,1.146105185954833,-0.1615988754087339
158.04,-0.23714207132597867,1.1448828041438743,-0.15059743911010604
158.06,-0.26574580570241113,1.1087003025394981,-0.10414693029367723
158.08,-0.3190416526602084,1.07789628090334,-0.06258594872108303
158.1,-0.3513125324695168,1.047336735629374,-0.03960517067506036
158.12,-0.35840234697307705,0.9749717324206215,-0.009779054487669223
158.14,-0.3500901506585582,0.8639794639855759,0.019069156250954986
158.16,-0.3077957399993888,0.755920911896831,0.05378479968218073
158.18,-0.26721266387556153,0.6710876142163005,0.09852397396326742
158.2,-0.2254072059407756,0.6212144363291874,0.12737218470189163
158.22,-0.17969012621092198,0.6199920545182288,0.1271277083396999
158.24,-0.14937505729914738,0.6529963634141124,0.09852397396326742
158.26,-0.1525532500076399,0.70775906854506,0.06845338141368457
158.28,-0.19313632613146717,0.755920911896831,0.05769642147724842
158.3,-0.25376646395501634,0.7908810316902485,0.062096995996699565
158.32,-0.31048497998349783,0.8573786022063992,0.06038566146135745
158.34,-0.3733154050667726,0.9903737432387005,0.030804021636158054
158.369,-0.44641383736210005,1.1338813678452464,-0.02933716346300767
158.38,-0.5019099715796229,1.204046083794273,-0.08972282492436512
158.4,-0.5500718149313938,1.2228707636830363,-0.10243559575833511
158.42,-0.6121688109280934,1.2949912905295968,-0.11612627204107202
158.44,-0.6432173089264431,1.3360633193778075,-0.14839715185038047
158.46,-0.5882101274333038,1.1497723313877088,-0.12443846835559087
158.48,-0.48553005531277693,0.8820707147877639,-0.08189958133422974
158.5,-0.37233749961800566,0.7439415701494362,-0.03471564343122574
158.52,-0.3095070745347309,0.7089814503560187,-0.011734865385203068
158.54,-0.29801668551171956,0.7842801699110717,-0.027381352565473825
158.56,-0.3202640344711671,0.9405005653515875,-0.10194664303395165
158.58,-0.34348928887938146,1.07080646639978,-0.18800232252544083
158.6,-0.3588912996974605,1.1101671607126486,-0.22834092228707636
158.62,-0.37355988142896435,1.1008770589493628,-0.23469730770406136
158.64,-0.3804052195703328,1.1263026006173027,-0.2518106530574825
158.66,-0.3835834122788253,1.16688567674113,-0.27234666748158787
158.68,-0.4087644775845735,1.1512391895608594,-0.2493658894355652
158.7,-0.452770222779085,1.0605384591877272,-0.18995813342297466
158.72,-0.46963909177031443,0.9629923906732267,-0.14937505729914738
158.74,-0.45741527366072793,0.8969837728814595,-0.13372857011887662
158.76,-0.43052287381963755,0.868380038505027,-0.13470647556764356
158.78,-0.3909177031445772,0.8534669804113315,-0.11783760657641414
158.8,-0.3909177031445772,0.8534669804113315,-0.11783760657641414
158.82,-0.3630473978547199,0.8365981114201021,-0.09167863582189897
158.84,-0.355713106988968,0.8356202059713351,-0.07212052684656052
158.86,-0.3518014851939003,0.8659352748831097,-0.055251657855331114
158.88,-0.34422271796595666,0.9114078782507716,-0.042783363383552854
158.9,-0.3231977508174678,0.9686153470036366,-0.061119090547932645
158.92,-0.28799315466185865,1.0282675793784188,-0.08752253766463955
158.94,-0.25523332212816674,1.084497142682517,-0.10096873758518474
158.96,-0.23738654768817039,1.1040552516578552,-0.10561378846682762
158.98,-0.2324970204443358,1.080585520887449,-0.09485682853039147
159.0,-0.24032026403447115,1.0287565321028023,-0.06747547596491764
159.02,-0.2606118020963848,0.9732603978852794,-0.03202640344711671
159.04,-0.2914158237325429,0.9304770345017266,0.0026892399841090364
159.06,-0.30901812181034743,0.9150750236836476,0.02102496714848883
159.08,-0.3082846927237723,0.9326773217614521,0.02542554166793998
159.1,-0.3038841182043211,0.9625034379488433,0.01686886899122941
159.12,-0.29850563823610304,0.9952632704825352,-0.011979341747394798
159.14,-0.30070592549582864,1.0194664303395164,-0.05207346514683862
159.16,-0.3173303181248663,1.0346239647954039,-0.08898939583778993
159.18,-0.3412890016196559,1.0400024447636218,-0.1127036029703878
159.2,-0.3623139687681447,1.0341350120710204,-0.13397304648106836
159.22,-0.38798398679827645,1.036335299330746,-0.1598875408733918
159.24,-0.4229441065916939,1.031934724811295,-0.17626745714023775
159.26,-0.44885860098401736,1.0040644195214374,-0.18189041347064755
159.28,-0.4630382299911377,0.95639152889405,-0.16917764263667756
159.3,-0.4642606118020964,0.9040735873850196,-0.14595238822846315
159.32,-0.44959203007059256,0.8737585184732451,-0.12883904287504203
159.34,-0.4244109647648443,0.8857378602206399,-0.1295724719616172
159.36,-0.4043639030651224,0.9260764599822754,-0.14057390826024507
159.389,-0.3911621795067689,0.9422118998869297,-0.14815267548818872
159.4,-0.3799162668459493,0.9412339944381627,-0.14570791186627144
159.42,-0.36818140146074624,0.9302325581395349,-0.14424105369312104
159.44,-0.35693548879992665,0.8986951074168016,-0.14252971915777893
159.46,-0.352045961556092,0.8671576566940684,-0.1398404791736699
159.48,-0.3527793906426672,0.8559117440332488,-0.1359288573786022
159.5,-0.35669101243773493,0.8632460348990006,-0.14057390826024507
159.52,-0.3535128197292424,0.8818262384255722,-0.1510863918344895
159.54,-0.3476453870366409,0.8857378602206399,-0.15842068270024143
159.56,-0.3498456742963665,0.8923387219998167,-0.17040002444763622
159.58,-0.3525349142804755,0.9060293982825536,-0.1814014607462641
159.6,-0.3478898633988326,0.9040735873850196,-0.18262384255722275
159.62,-0.3444671943281484,0.9052959691959783,-0.18042355529749718
159.64,-0.34422271796595666,0.9133636891483055,-0.1774898389511964
159.66,-0.3522904379182838,0.9392781835406289,-0.17137792989640313
159.68,-0.362069492405953,0.9693487760902118,-0.1608654463221587
159.7,-0.35595758335115973,0.9827949760107569,-0.14204076643339547
159.72,-0.3412890016196559,0.9754606851450051,-0.11612627204107202
159.74,-0.35938025242184396,0.9583473397915839,-0.05769642147724842
159.76,-0.4236775356782691,0.9304770345017266,0.030559545273966322
159.78,-0.47599547718729945,0.9126302600617303,0.12174922837148183
159.84,-0.462793753628946,1.0954985789811447,0.07114262139779359
159.86,-0.3772270268618403,1.1104116370748403,0.05965223237478226
159.88,-0.28457048559117437,1.0522262628732084,0.11930446474956452
159.9,-0.176022980778046,1.007976041316505,0.12101579928490663
159.92,-0.12639427925312471,1.0292454848271857,0.014668581731503835
159.94,-0.1838462243681814,1.1343703205696298,-0.0951013048925832
159.96,-0.22662958775173425,1.1835100693701677,-0.13568438101641048
159.98,-0.21782843871283195,1.1387708950890811,-0.12566085016654951
160.0,-0.264034471167069,1.111634018885799,-0.11368150841915473
160.02,-0.3371329034623965,1.0752070409192311,-0.10439140665586896
160.04,-0.3835834122788253,0.9928185068606179,-0.07065366867341014
160.06,-0.4190324847966262,0.9040735873850196,-0.04889527243834611
160.08,-0.44323564465360754,0.8444213550102374,-0.057207468752864955
160.1,-0.4649940408886716,0.808483329768053,-0.06992023958683495
160.12,-0.4933532989029123,0.7965039880206582,-0.07872138862573724
160.14,-0.5048436879259236,0.8060385661461358,-0.0887449194755982
160.16,-0.4835742444152431,0.844910307734621,-0.10390245393148549
160.18,-0.4835742444152431,0.844910307734621,-0.10390245393148549
160.2,-0.4542370809522354,0.8896494820157076,-0.11050331571066223
160.22,-0.43052287381963755,0.9167863582189897,-0.10096873758518474
160.24,-0.4072976194114232,0.9299880817773432,-0.08483329768053051
160.26,-0.40069675763224644,0.9380558017296703,-0.08116615224765455
160.28,-0.4231885829538856,0.940989518075971,-0.061119090547932645
160.3,-0.4557039391253858,0.9285212236041928,-0.026158970754515173
160.32,-0.4816184335177092,0.9275433181554258,0.00855667267671057
160.34,-0.5114445497051003,0.9343886562967942,0.04889527243834611
160.36,-0.5239128441768787,0.9405005653515875,0.0806771995232711
160.38,-0.5055771170124989,0.9598141979647342,0.08703358494025609
160.409,-0.4649940408886716,1.0016196558995203,0.10023530849860954
160.42,-0.43516792470128046,1.093542768083611,0.15475353726736546
160.44,-0.3187971762980167,1.1265470769794945,0.17626745714023775
160.46,-0.14595238822846315,1.1412156587109983,0.18751336980105734
160.48,-0.010756959936436146,1.1135898297833329,0.17626745714023775
160.5,0.05842985056382361,1.049781499251291,0.17626745714023775
160.7,-0.45912660819607004,0.8986951074168016,0.10096873758518474
160.82,-0.2119610060202304,0.8104391406655869,0.01295724719616172
160.84,-0.25596675121474194,0.7984597989181921,-0.0002444763621917306
160.86,-0.30070592549582864,0.8297527732787336,-0.018091250802188062
160.88,-0.3452006234147236,0.8735140421110533,-0.045717079729853616
160.9,-0.3936069431286862,0.9109189255263882,-0.06160804327231611
160.92,-0.4395684992207316,0.9324328453992604,-0.06698652324053418
160.94,-0.47232833175442346,0.9441677107844635,-0.06600861779176725
160.96,-0.4989762552333221,0.9632368670354184,-0.053540323319988994
160.98,-0.5053326406503071,1.008220517678697,-0.05965223237478226
161.0,-0.47599547718729945,1.084497142682517,-0.09779054487669223
161.02,-0.43003392109525407,1.1439048986951075,-0.14301867188216238
161.04,-0.3982519940103291,1.1470830914035999,-0.1623323044953091
161.06,-0.3662255905632124,1.1001436298627876,-0.14693029367723007
161.08,-0.3351770925648626,1.0744736118326559,-0.14057390826024507
161.1,-0.31610793631390766,1.1050331571066223,-0.1615988754087339
161.16,-0.3300430889588363,0.9417229471625462,-0.12297161018244049
161.18,-0.3217308926443174,0.8637349876233842,-0.11172569752162087
161.2,-0.31146288543226475,0.8077499006814779,-0.10268007212052685
161.22,-0.31072945634568955,0.7855025517220303,-0.09485682853039147
161.24,-0.3207529871955505,0.8075054243192861,-0.10047978486080127
161.26,-0.3214864162821257,0.8446658313724291,-0.12223818109586529
161.28,-0.31146288543226475,0.8793814748036549,-0.14179629007120373
161.3,-0.3055954527396632,0.9248540781713168,-0.15573144271613237
161.5,-0.3500901506585582,0.9453900925954222,-0.057451945115056684
161.56,-0.364758732390062,0.928276747242001,-0.044739174281086695
161.62,-0.4212327720563518,0.9260764599822754,-0.013201723558353452
161.64,-0.44788069553525045,0.9876845032545916,-0.03349326162026709
161.74,-0.45448155731442713,1.102588393484705,-0.09143415945970723
161.86,-0.381138648656908,0.7928368425877823,0.06771995232710937
161.92,-0.3099960272591144,0.9647037252085688,0.0327598325336919
162.08,-0.1838462243681814,0.90554044555817,0.14106286098462856
162.22,-0.5195122696574275,0.833908871435993,0.15548696635394066
162.24,-0.6539742688628793,0.8642239403477676,0.14179629007120373
162.28,-0.7762124499587446,0.8957613910705009,0.016135439904654218
162.32,-0.8028603734376433,1.056137884668276,-0.08581120312929744
162.38,-0.46328270635332947,1.0194664303395164,0.005134003606026342
162.4,-0.5522721021911193,0.8280414387433915,-0.005867432692601534
162.42,-0.49017510619441984,0.9294991290529597,-0.026892399841090365
162.449,-0.4109647648442991,1.1568621458912691,-0.0774990068147786
162.46,-0.6341716835253491,1.1412156587109983,-0.06698652324053418
162.66,-0.5505607676557772,0.579897931118785,-0.21538367509091463
162.76,-0.47599547718729945,1.0197109067017083,-0.28457048559117437
162.78,-0.4099868593955322,0.9534578125477493,-0.26794609296213673
162.9,-0.5468936222229013,0.6539742688628793,-0.5473825749472848
162.96,-0.7097148794425939,0.5466491458607096,-0.41365400482840814
163.04,-0.8940500565351588,0.478195764447025,-0.22736301683830945
163.08,-0.705069828560951,0.393851419490878,-0.18286831891941446
163.1,-0.6378388289582251,0.3603581578706109,-0.3500901506585582
163.12,-0.7209607921034135,0.4354124010634722,-0.46083794273141215
163.14,-0.8791369984414632,0.4671943281483971,-0.4483696482596339
163.16,-0.9847507869082908,0.4390795464963481,-0.4332121138037466
163.18,-1.0695840845888214,0.5070439751856493,-0.40314152125416375
163.2,-1.0346239647954039,0.5935886074015219,-0.34813433976102437
163.22,-0.9184976927543318,0.6131467163768602,-0.28725972557528345
163.24,-0.8101946643033952,0.7028695413012255,-0.23445283134186962
163.26,-0.7757234972343612,0.8126394279253124,-0.2884821073862421
163.28,-0.7454084283225866,0.817528955169147,-0.38676160498731776
163.3,-0.8282859151055832,0.7439415701494362,-0.4522812700547016
163.32,-0.8314641078140758,0.6341716835253491,-0.4356568774256639
163.34,-0.7899031262414815,0.5791645020322097,-0.4036304739785472
163.36,-0.8468661186321548,0.5923662255905632,-0.3926290376799193
163.38,-0.8732695657488616,0.5483604803960517,-0.3349326162026709
163.4,-0.726828224796015,0.5212236041927696,-0.22418482412981694
163.42,-0.5461601931363261,0.645173119823977,-0.15450906090517372
163.44,-0.4510588882437429,0.7361183265593008,-0.22736301683830945
163.469,-0.47746233536044985,0.7507869082908046,-0.21685053326406503
163.48,-0.4701280444946979,0.7466308101335452,-0.21220548238242215
163.5,-0.42489991748922773,0.7160712648595788,-0.21073862420927175
163.52,-0.45765975002291964,0.7419857592519024,-0.18800232252544083
163.54,-0.5505607676557772,0.8742474711976286,-0.18898022797420774
163.56,-0.6583748433823304,0.9224093145493995,-0.24912141307337346
163.58,-0.7353848974727256,0.9796167833022644,-0.23591968951502001
163.6,-0.900161965589952,1.1131008770589494,-0.1630657335818843
163.62,-0.9991748922776029,1.1419490877975735,-0.08483329768053051
163.64,-0.9661705833817192,1.0104208049384225,-0.08434434495614705
163.66,-0.7833022644623048,0.9246096018091251,-0.08996730128655686
163.68,-0.6082571891330257,0.8859823365828317,-0.07847691226354551
163.7,-0.5896769856064542,0.8077499006814779,-0.027870305289857285
163.72,-0.6456620725483605,0.721449744827797,0.013690676282736913
163.74,-0.6952907740732818,0.6727989487516426,-0.0014668581731503835
163.76,-0.7478531919445038,0.6258594872108303,-0.02518106530574825
163.78,-0.6757326650979433,0.5295358005072884,0.035938025242184396
163.8,-0.627081869021789,0.5358921859242735,0.051340036060263425
163.82,-0.6725544723894509,0.6141246218256272,0.04204993429697766
163.84,-0.6921125813647893,0.7172936466705375,0.053540323319988994
163.86,-0.657885890657947,0.699691348592733,0.06747547596491764
163.88,-0.7185160284814962,0.6483513125324695,0.09999083213641781
163.9,-0.8035938025242184,0.6483513125324695,0.09290101763285762
163.92,-0.8004156098157259,0.6314824435412401,0.10659169391559453
163.94,-0.7566543409834061,0.6417504507532927,0.08189958133422974
163.96,-0.692357057726981,0.6461510252727439,0.05891880328820707
163.98,-0.647862359808086,0.6319713962656236,0.04693946154081227
164.0,-0.6180362436206949,0.6432173089264431,0.05500718149313938
164.02,-0.623414723588913,0.6816000977905449,0.0799437704366959
164.04,-0.6730434251138343,0.7583656755187482,0.0647862359808086
164.06,-0.7278061302447819,0.7554319591724475,0.03813831250190997
164.08,-0.735873850197109,0.7793906426672371,0.044739174281086695
164.1,-0.7011582067658834,0.802126944351068,0.06625309415395898
164.12,-0.6806221923417779,0.8715582312135195,-0.038871741588485165
164.14,-0.7634996791247746,0.9260764599822754,-0.19142499159612505
164.16,-0.9008953946765272,0.98181707056199,-0.2366531186015952
164.18,-0.8735140421110533,0.8549338385844818,-0.16355468630626777
164.2,-0.875714329370779,0.7815909299269627,-0.12126027564709838
164.22,-0.878403569354888,0.7155823121351954,-0.09876845032545915
164.24,-0.7187605048436879,0.6544632215872628,-0.10659169391559453
164.26,-0.6187696727072701,0.6537297925006875,-0.15133086819668123
164.28,-0.6696207560431501,0.6331937780765822,-0.18262384255722275
164.3,-0.752253766463955,0.6192586254316536,-0.1376401919139443
164.32,-0.8087278061302448,0.6507960761543868,-0.08238853405861321
164.34,-0.8534669804113315,0.7092259267182104,-0.10341350120710203
164.36,-0.8534669804113315,0.7092259267182104,-0.10341350120710203
164.38,-0.7911255080524402,0.7456529046847783,-0.15059743911010604
164.4,-0.6473734070837026,0.7275616538825902,-0.15450906090517372
164.42,-0.6104574763927513,0.7341625156617669,-0.14986401002353084
164.44,-0.607034807322067,0.7004247776793081,-0.15328667909421506
164.46,-0.5957888946612474,0.6571524615713717,-0.23567521315282827
164.489,-0.595299941936864,0.6268373926595973,-0.3285762307856859
164.5,-0.575252880237142,0.6884454359319133,-0.3183082235736332
164.52,-0.5759863093237173,0.7121596430645112,-0.276747242001039
164.54,-0.6708431378541088,0.8062830425083275,-0.2791920056229563
164.56,-0.7361183265593008,0.8468661186321548,-0.355713106988968
164.58,-0.7850135989976469,0.8363536350579103,-0.34324481251718975
164.6,-0.7818354062891544,0.808483329768053,-0.25229960578186594
164.62,-0.7493200501176542,0.7864804571707973,-0.18604651162790697
164.64,-0.7104483085291691,0.7023805885768419,-0.22345139504324174
164.66,-0.6522629343275372,0.6456620725483605,-0.24594322036488098
164.68,-0.6331937780765822,0.6828224796015036,-0.21073862420927175
164.7,-0.7473642392201204,0.673287901476026,-0.2053601442410537
164.72,-0.8612902240014668,0.6427283562020597,-0.1902026097851664
164.74,-0.8652018457965345,0.6390612107691838,-0.20584909696543716
164.76,-0.823885340586132,0.6495736943434282,-0.23445283134186962
164.78,-0.7742566390612108,0.6686428505943831,-0.2398313113100877
164.8,-0.7363628029214925,0.6793998105308193,-0.25303303486844114
164.82,-0.777679308131895,0.6767105705467102,-0.23029673318461022
164.84,-0.8187513369801057,0.6500626470678116,-0.18800232252544083
164.86,-0.8221740060507899,0.619747578156037,-0.1677107844635272
164.88,-0.8133728570118877,0.6168138618097363,-0.16819973718791065
164.9,-0.8158176206338049,0.6060569018733001,-0.1608654463221587
164.92,-0.7955260825718913,0.6344161598875409,-0.14301867188216238
164.94,-0.7828133117379213,0.6899122941050637,-0.18580203526571523
164.96,-0.776701402683128,0.6955352504354735,-0.2623231366317269
164.98,-0.7190049812058796,0.6713320905784922,-0.34080004889527243
165.0,-0.6591082724689057,0.7133820248754699,-0.39042875042019376
165.02,-0.6610640833664395,0.7982153225560004,-0.3642697796656786
165.04,-0.6889343886562967,0.8307306787275005,-0.280414387433915
165.06,-0.6791553341686276,0.8060385661461358,-0.2430095040185802
165.08,-0.5566726767105705,0.8172844788069553,-0.28505943831555786
165.1,-0.4581487027473031,0.8608012712770834,-0.32759832533691896
165.12,-0.41609876845032545,0.8622681294502338,-0.31072945634568955
165.14,-0.42905601564648715,0.8471105949943465,-0.23885340586132078
165.16,-0.4813739571555175,0.8461326895455795,-0.19631451883995965
165.18,-0.5662072548360481,0.9070073037313204,-0.1821348898328393
165.2,-0.6209699599669957,0.9172753109433731,-0.2246737768542004
165.22,-0.7036029703878006,0.8153286679094215,-0.25547779849035845
165.24,-0.7143599303242367,0.7170491703083458,-0.25841151483665925
165.26,-0.6551966506738379,0.6906457231916389,-0.24007578767227944
165.28,-0.6192586254316536,0.6891788650184885,-0.2134278641933808
165.3,-0.627081869021789,0.7238945084497143,-0.17553402805366256
165.32,-0.6495736943434282,0.8013935152644929,-0.13226171194572625
165.34,-0.6625309415395899,0.8539559331357149,-0.11857103566298934
165.36,-0.692357057726981,0.8615347003636585,-0.1207713229227149
165.38,-0.7710784463527183,0.8803593802524218,-0.12737218470189163
165.4,-0.7478531919445038,0.8730250893866699,-0.1303059010481924
165.42,-0.7238945084497143,0.865690798520918,-0.1303059010481924
165.44,-0.7383186138190263,0.8336643950738013,-0.12908351923723374
165.46,-0.7089814503560187,0.744919475598203,-0.10585826482901935
165.48,-0.6825780032393118,0.7104483085291691,-0.11343703205696298
165.509,-0.679644286893011,0.6730434251138343,-0.11441493750572991
165.52,-0.6498181707056199,0.6177917672585032,-0.10121321394737647
165.54,-0.6713320905784922,0.6173028145341197,-0.09461235216819973
165.56,-0.7236500320875225,0.6363719707850747,-0.08752253766463955
165.58,-0.7341625156617669,0.6373498762338417,-0.08458882131833878
165.6,-0.7102038321669774,0.6444396907374018,-0.09534578125477493
165.62,-0.6940683922623231,0.6566635088469883,-0.10390245393148549
165.64,-0.7194939339302631,0.6720655196650673,-0.08727806130244782
165.66,-0.7302508938666993,0.6940683922623231,-0.044739174281086695
165.68,-0.7014026831280751,0.7363628029214925,-0.02102496714848883
165.7,-0.7170491703083458,0.8141062860984628,-0.08214405769642147
165.72,-0.7199828866546466,0.9297436054151514,-0.1975369006509183
165.74,-0.7965039880206582,0.9837728814595239,-0.2916603000947346
165.76,-0.7965039880206582,0.9837728814595239,-0.2916603000947346
165.78,-0.8295082969165418,0.9138526418726889,-0.2637899948048773
165.8,-0.761299391865049,0.8153286679094215,-0.21367234055557252
165.82,-0.6468844543593191,0.7940592243987409,-0.2021819515325612
165.84,-0.5750084038749503,0.7796351190294288,-0.17333374079393699
165.86,-0.5578950585215292,0.7720563518014851,-0.14693029367723007
165.88,-0.4926198698163371,0.7033584940256089,-0.17040002444763622
165.9,-0.5200012223818109,0.5992115637319316,-0.21367234055557252
165.92,-0.6485957888946612,0.5857653638113864,-0.2461876967270727
165.94,-0.7786572135806619,0.6087461418574092,-0.3029062127555542
165.96,-0.8065275188705192,0.5666962075604315,-0.3317544234941784
165.98,-0.8791369984414632,0.5618066803165969,-0.3293096598722611
166.0,-0.9067628273691287,0.5833206001894692,-0.28677077285089997
166.02,-0.8260856278458576,0.6353940653363078,-0.2884821073862421
166.04,-0.6779329523576689,0.6889343886562967,-0.29850563823610304
166.06,-0.5542279130886533,0.7070256394584848,-0.26819056932432844
166.08,-0.5366256150108486,0.7300064175045076,-0.25865599119885097
166.1,-0.5886990801576872,0.7231610793631391,-0.28481496195336614
166.12,-0.6952907740732818,0.7202273630168383,-0.3183082235736332
166.14,-0.8517556458759894,0.6749992360113681,-0.31537450722733246
166.16,-0.9493017143904898,0.5820982183785105,-0.2757693365522721
166.18,-1.0047978486080127,0.5043547352015402,-0.23298597316871925
166.2,-0.9466124744063809,0.4515478409681264,-0.24961036579775692
166.22,-0.7634996791247746,0.4828408153286679,-0.3381108089111634
166.24,-0.679644286893011,0.5503162912935855,-0.3757601686886899
166.26,-0.7490755737554625,0.5674296366470066,-0.3437337652415732
166.28,-0.8016379916266846,0.6219478654157626,-0.31072945634568955
166.3,-0.80946123521682,0.7048253521987593,-0.323931179904043
166.32,-0.7965039880206582,0.7290285120557406,-0.3471564343122574
166.34,-0.7593435809675152,0.7175381230327292,-0.362069492405953
166.36,-0.7119151667023195,0.7339180392995752,-0.3662255905632124
166.38,-0.6857561959478042,0.7324511811264248,-0.3412890016196559
166.4,-0.6749992360113681,0.7004247776793081,-0.2892155364728173
166.42,-0.7058032576475262,0.6850227668612291,-0.2774806710876142
166.44,-0.7251168902606729,0.6554411270360296,-0.3036396418421294
166.46,-0.7414968065275188,0.6075237600464505,-0.33199889985637016
166.48,-0.7661889191088836,0.5830761238272775,-0.3395776670843138
166.5,-0.7762124499587446,0.5764752620481007,-0.20413776243009504
166.529,-0.840265256852978,0.4131650521040247,-0.42001039024539316
166.54,-0.8246187696727073,0.6771995232710937,-0.45790422638511136
166.56,-0.7757234972343612,0.7060477340097179,-0.37698255049964857
166.58,-0.8216850533264065,0.5498273385692021,-0.31048497998349783
166.6,-0.8431989731992787,0.559850869419063,-0.2948384928032271
166.62,-0.8111725697521621,0.6226812945023378,-0.32637594352596033
166.64,-0.7537206246371054,0.6158359563609693,-0.3398221434465055
166.66,-0.7588546282431318,0.6050789964245332,-0.33786633254897164
166.68,-0.761299391865049,0.5872322219845368,-0.36182501604376127
166.7,-0.7679002536442258,0.5701188766311157,-0.3613360633193778
166.72,-0.7757234972343612,0.5657183021116645,-0.3596247287840357
166.74,-0.7864804571707973,0.5662072548360481,-0.3628029214925282
166.76,-0.7850135989976469,0.5649848730250894,-0.37258197598019743
166.78,-0.7864804571707973,0.5796534547565932,-0.36329187421691167
166.8,-0.7642331082113498,0.5940775601259053,-0.34031109617088895
166.82,-0.7490755737554625,0.6082571891330257,-0.31464107814075726
166.84,-0.7480976683066956,0.6099685236683678,-0.3077957399993888
166.86,-0.7620328209516243,0.6177917672585032,-0.3209974635577423
166.88,-0.7918589371390153,0.6329493017143905,-0.33297680530513707
166.9,-0.7872138862573724,0.6285487271949394,-0.3488677688475995
166.92,-0.7774348317697033,0.584298505638236,-0.381138648656908
166.94,-0.7896586498792898,0.5490939094826269,-0.37111511780704703
166.96,-0.8165510497203802,0.5708523057176909,-0.35449072517800934
166.98,-0.8527335513247563,0.594322036488097,-0.3508235797451334
167.0,-0.8522445986003728,0.5774531674968676,-0.3527793906426672
167.02,-0.8060385661461358,0.5618066803165969,-0.35693548879992665
167.04,-0.7432081410628609,0.5828316474650858,-0.3676924487363628
167.06,-0.7158267884973871,0.6080127127708339,-0.3762491214130734
167.08,-0.7546985300858723,0.5923662255905632,-0.37771597958622377
167.1,-0.8138618097362711,0.5495828622070104,-0.37698255049964857
167.12,-0.859334413103933,0.5114445497051003,-0.37282645234238915
167.14,-0.8674021330562601,0.5058215933746906,-0.35522415426458454
167.16,-0.8674021330562601,0.5058215933746906,-0.35522415426458454
167.18,-0.8461326895455795,0.5204901751061944,-0.32833175442349416
167.2,-0.8018824679888763,0.5266020841609876,-0.31610793631390766
167.22,-0.7749900681477859,0.5268465605231794,-0.3327323289429453
167.24,-0.7884362680683311,0.5256241787122208,-0.36011368150841916
167.26,-0.8114170461143538,0.5229349387281117,-0.38407236500320874
167.28,-0.8302417260031171,0.5310026586804388,-0.3708706414448553
167.3,-0.8378204932310607,0.5478715276716682,-0.3522904379182838
167.32,-0.8241298169483238,0.5569171530727622,-0.35669101243773493
167.34,-0.7982153225560004,0.5564282003483788,-0.3791828377593741
167.36,-0.7955260825718913,0.572563640253033,-0.3877395104360847
167.38,-0.8016379916266846,0.5828316474650858,-0.383827888641017
167.4,-0.8092167588546282,0.579897931118785,-0.374782263239923
167.42,-0.8172844788069553,0.5720746875286495,-0.3740488341533478
167.44,-0.8153286679094215,0.5530055312776946,-0.3782049323106072
167.46,-0.8089722824924365,0.5356477095620817,-0.37600464505088166
167.48,-0.8045717079729854,0.5334474223023561,-0.36255844513033647
167.5,-0.8070164715949026,0.5329584695779727,-0.34593405250129877
167.52,-0.8163065733581885,0.5275799896097546,-0.34495614705253186
167.549,-0.8194847660666809,0.5344253277511231,-0.3508235797451334
167.56,-0.8097057115790117,0.543470953152217,-0.35840234697307705
167.58,-0.8099501879412034,0.5466491458607096,-0.364758732390062
167.6,-0.8035938025242184,0.5532500076398863,-0.36964825963389664
167.62,-0.8013935152644929,0.564495920300706,-0.3708706414448553
167.64,-0.8035938025242184,0.5686520184579653,-0.3637808269412951
167.66,-0.8011490389023012,0.5684075420957736,-0.3657366378388289
167.68,-0.7952816062096996,0.5662072548360481,-0.3694037832717049
167.7,-0.7962595116584665,0.554472389450845,-0.364758732390062
167.72,-0.8075054243192861,0.5468936222229013,-0.3603581578706109
167.74,-0.8138618097362711,0.5478715276716682,-0.35913577605965225
167.76,-0.8062830425083275,0.5466491458607096,-0.36011368150841916
167.78,-0.7952816062096996,0.550805244017969,-0.36255844513033647
167.8,-0.7894141735170981,0.5613177275922134,-0.35693548879992665
167.82,-0.7830577881001131,0.5654738257494728,-0.35693548879992665
167.84,-0.7859915044464139,0.5686520184579653,-0.35669101243773493
167.86,-0.79674846438285,0.5696299239067323,-0.3659811142010207
167.88,-0.8023714207132597,0.5676741130091985,-0.3686703541851297
167.9,-0.8009045625401093,0.5552058185374201,-0.35766891788650185
167.92,-0.8106836170277786,0.550805244017969,-0.34080004889527243
167.94,-0.8092167588546282,0.5647403966628977,-0.3351770925648626
167.96,-0.8128839042875042,0.5588729639702961,-0.33150994713198667
167.98,-0.8475995477187299,0.5224459860037283,-0.33371023439171227
168.0,-0.8764477584573541,0.4970204443357883,-0.34177795434403935
168.02,-0.824863246034899,0.5058215933746906,-0.3694037832717049
168.04,-0.7493200501176542,0.5412706658924915,-0.3779604559484155
168.06,-0.7236500320875225,0.5857653638113864,-0.3642697796656786
168.08,-0.7512758610151881,0.6307490144546649,-0.36011368150841916
168.1,-0.7828133117379213,0.6385722580448003,-0.3667145432875959
168.12,-0.7869694098951807,0.5911438437796045,-0.3818720777434832
168.14,-0.7940592243987409,0.5349142804755065,-0.3830944595544418
168.16,-0.8224184824129817,0.49286434617852887,-0.3623139687681447
168.18,-0.8708248021269444,0.4764844299116829,-0.3542462488158176
168.2,-0.8972282492436512,0.47110594994346483,-0.3496011979341747
168.22,-0.875714329370779,0.47355071356538214,-0.34422271796595666
168.24,-0.8395318277664028,0.48993062983222807,-0.3667145432875959
168.26,-0.8160620969959966,0.5156006478623598,-0.3755156923264982
168.28,-0.808483329768053,0.5368700913730403,-0.35693548879992665
168.3,-0.8082388534058613,0.5593619166946796,-0.3540017724536259
168.32,-0.812150475200929,0.5828316474650858,-0.37038168872047184
168.34,-0.8048161843351771,0.5882101274333038,-0.38822846316046816
168.36,-0.7918589371390153,0.5715857348042661,-0.39702961219937044
168.38,-0.7879473153439477,0.5600953457812547,-0.38505027045197565
168.4,-0.7901476026036732,0.5588729639702961,-0.3782049323106072
168.42,-0.7952816062096996,0.5522721021911193,-0.3701372123582801
168.44,-0.8053051370595605,0.5476270513094765,-0.3662255905632124
168.46,-0.8104391406655869,0.5424930477034502,-0.3640253033034868
168.48,-0.8004156098157259,0.5336918986645479,-0.3606026342328026
168.5,-0.8028603734376433,0.5449378113253674,-0.3535128197292424
168.52,-0.8241298169483238,0.5664517311982398,-0.37160407053143046
168.54,-0.8199737187910644,0.5493383858448186,-0.390184274058002
168.568,-0.8199737187910644,0.5493383858448186,-0.390184274058002
168.58,-0.812150475200929,0.5165785533111267,-0.38676160498731776
168.6,-0.8126394279253124,0.5266020841609876,-0.3701372123582801
168.62,-0.8004156098157259,0.5520276258289276,-0.3606026342328026
168.64,-0.7855025517220303,0.5630290621275555,-0.3606026342328026
168.66,-0.777679308131895,0.5703633529933074,-0.3650032087522538
168.68,-0.7666778718332671,0.5774531674968676,-0.362069492405953
168.7,-0.7720563518014851,0.5723191638908413,-0.3478898633988326
168.72,-0.786724933532989,0.5605842985056382,-0.3356660452892461
168.74,-0.7972374171072334,0.5478715276716682,-0.34568957613910706
168.76,-0.821196100602023,0.5371145677352321,-0.35302386700485894
168.78,-0.8297527732787336,0.5246462732634538,-0.3657366378388289
168.8,-0.8253521987592825,0.5173119823977019,-0.37160407053143046
168.82,-0.8270635332946246,0.5285578950585215,-0.37111511780704703
168.84,-0.8260856278458576,0.5388259022705743,-0.3654921614766372
168.86,-0.8319530605384592,0.5361366622864652,-0.35938025242184396
168.88,-0.83488677688476,0.5319805641292057,-0.3628029214925282
168.9,-0.8295082969165418,0.5322250404913975,-0.36011368150841916
168.92,-0.8182623842557223,0.5292913241450967,-0.35375729609143414
168.94,-0.8033493261620267,0.5288023714207133,-0.34642300522568226
168.96,-0.7972374171072334,0.5222015096415366,-0.34324481251718975
168.98,-0.7869694098951807,0.5427375240656419,-0.364758732390062
169.0,-0.7796351190294288,0.572563640253033,-0.38896189224704336
169.02,-0.7754790208721694,0.5693854475445406,-0.3923845613177276
169.04,-0.7881917917061394,0.5723191638908413,-0.38822846316046816
169.06,-0.8070164715949026,0.5622956330409803,-0.38725055771170125
169.08,-0.8138618097362711,0.5417596186168749,-0.38676160498731776
169.1,-0.8180179078935306,0.5261131314366042,-0.3828499831922501
169.12,-0.823885340586132,0.5214680805549613,-0.383827888641017
169.14,-0.8336643950738013,0.5239128441768787,-0.38602817590074257
169.16,-0.844910307734621,0.529046847782905,-0.38260550683005834
169.18,-0.833908871435993,0.5334474223023561,-0.3799162668459493
169.2,-0.8089722824924365,0.5398038077193411,-0.3821165541056749
169.22,-0.8053051370595605,0.5405372368059164,-0.3808941722947162
169.24,-0.8104391406655869,0.5515386731045442,-0.37453778687773126
169.26,-0.8101946643033952,0.56082877486783,-0.3701372123582801
169.28,-0.8060385661461358,0.5583840112459126,-0.3708706414448553
169.3,-0.8016379916266846,0.5566726767105705,-0.37135959416923875
169.32,-0.7935702716743575,0.575252880237142,-0.36989273599608835
169.34,-0.8177734315313387,0.5960333710234391,-0.37184854689362223
169.36,-0.8302417260031171,0.5696299239067323,-0.38896189224704336
169.38,-0.8065275188705192,0.5363811386486569,-0.3786938850349907
169.4,-0.7960150352962748,0.5410261895302998,-0.36084711059499436
169.42,-0.7923478898633988,0.5503162912935855,-0.3478898633988326
169.44,-0.7903920789658649,0.5305137059560554,-0.3349326162026709
169.46,-0.8077499006814779,0.5099776915319499,-0.323931179904043
169.48,-0.8353757296091434,0.5129114078782507,-0.3195306053845919
169.5,-0.8475995477187299,0.5241573205390704,-0.31195183815664823
169.52,-0.8434434495614705,0.529046847782905,-0.304862023653088
169.54,-0.8277969623811997,0.5405372368059164,-0.3082846927237723
169.56,-0.8048161843351771,0.5613177275922134,-0.3217308926443174
169.589,-0.7857470280842221,0.5676741130091985,-0.3341991871160957
169.6,-0.780368548116004,0.5588729639702961,-0.33371023439171227
169.62,-0.7979708461938086,0.553494484002078,-0.3244201326284265
169.64,-0.821196100602023,0.5539834367264616,-0.3224643217308926
169.66,-0.828530391467775,0.5498273385692021,-0.3222198453687009
169.68,-0.8270635332946246,0.5439599058766006,-0.3244201326284265
169.7,-0.8265745805702411,0.5420040949790667,-0.3346881398404792
169.72,-0.8265745805702411,0.5424930477034502,-0.34397824160376494
169.74,-0.8197292424288727,0.539070378632766,-0.3452006234147236
169.76,-0.818506860617914,0.5454267640497509,-0.34031109617088895
169.78,-0.8101946643033952,0.5610732512300217,-0.34251138343061455
169.8,-0.7999266570913425,0.5715857348042661,-0.34397824160376494
169.82,-0.7881917917061394,0.5784310729456346,-0.34471167069034014
169.84,-0.7855025517220303,0.5825871711028939,-0.34422271796595666
169.86,-0.7881917917061394,0.5781865965834428,-0.3454450997769153
169.88,-0.7933257953121657,0.5691409711823487,-0.34495614705253186
169.9,-0.8001711334535342,0.5578950585215292,-0.3486232924854078
169.92,-0.8099501879412034,0.5468936222229013,-0.35546863062677625
169.94,-0.8099501879412034,0.5468936222229013,-0.35546863062677625
169.96,-0.8187513369801057,0.5366256150108486,-0.362069492405953
169.98,-0.8385539223176359,0.5332029459401644,-0.35791339424869356
170.0,-0.837576016868869,0.538092473183999,-0.3525349142804755
170.02,-0.8287748678299667,0.557161629434954,-0.35620205971335145
170.04,-0.8141062860984628,0.5657183021116645,-0.362069492405953
170.06,-0.8067719952327109,0.5554502948996118,-0.3654921614766372
170.08,-0.8011490389023012,0.5312471350426305,-0.38553922317635914
170.1,-0.8089722824924365,0.5187788405708523,-0.3755156923264982
170.12,-0.837576016868869,0.5239128441768787,-0.34324481251718975
170.14,-0.8510222167894141,0.5251352259878372,-0.32808727806130245
170.16,-0.8409986859395532,0.5266020841609876,-0.3334657580295205
170.18,-0.8255966751214742,0.5229349387281117,-0.3478898633988326
170.2,-0.8204626715154478,0.5033768297527733,-0.35620205971335145
170.22,-0.8282859151055832,0.5043547352015402,-0.35644653607554316
170.24,-0.832930965987226,0.5209791278305779,-0.35375729609143414
170.26,-0.8290193441921584,0.5295358005072884,-0.3542462488158176
170.28,-0.8165510497203802,0.5366256150108486,-0.3596247287840357
170.3,-0.8138618097362711,0.5483604803960517,-0.3662255905632124
170.32,-0.8180179078935306,0.5424930477034502,-0.3676924487363628
170.34,-0.818506860617914,0.5383369495461907,-0.3635363505791034
170.36,-0.8189958133422974,0.53540323319989,-0.35644653607554316
170.38,-0.8153286679094215,0.5324695168535892,-0.35717996516211836
170.4,-0.8116615224765455,0.5314916114048223,-0.3642697796656786
170.42,-0.8099501879412034,0.5361366622864652,-0.37135959416923875
170.44,-0.8119059988387373,0.5415151422546832,-0.36891483054732144
170.46,-0.8143507624606545,0.5407817131681081,-0.36084711059499436
170.48,-0.8148397151850381,0.5383369495461907,-0.36329187421691167
170.5,-0.8123949515631207,0.5385814259083824,-0.36989273599608835
170.52,-0.8128839042875042,0.5410261895302998,-0.37135959416923875
170.54,-0.8133728570118877,0.5356477095620817,-0.37038168872047184
170.56,-0.8192402897044891,0.5341808513889313,-0.368425877822938
170.58,-0.8243742933105155,0.5300247532316719,-0.3652476851144455
170.608,-0.8280414387433915,0.5253797023500291,-0.3676924487363628
170.62,-0.8251077223970907,0.5241573205390704,-0.3667145432875959
170.64,-0.8194847660666809,0.5266020841609876,-0.3650032087522538
170.66,-0.8160620969959966,0.5336918986645479,-0.3637808269412951
170.68,-0.8158176206338049,0.5398038077193411,-0.3640253033034868
170.7,-0.8243742933105155,0.5402927604437245,-0.36158053968156956
170.72,-0.821196100602023,0.5368700913730403,-0.35913577605965225
170.74,-0.8160620969959966,0.5273355132475629,-0.3596247287840357
170.76,-0.8141062860984628,0.5158451242245515,-0.3635363505791034
170.78,-0.8160620969959966,0.5231794150903034,-0.35864682333526876
170.8,-0.8209516242398313,0.538092473183999,-0.35449072517800934
170.82,-0.8192402897044891,0.538092473183999,-0.3606026342328026
170.84,-0.8111725697521621,0.5398038077193411,-0.364758732390062
170.86,-0.8087278061302448,0.5437154295144088,-0.3672034960119793
170.88,-0.8155731442716132,0.5420040949790667,-0.3635363505791034
170.9,-0.8136173333740794,0.5417596186168749,-0.3635363505791034
170.92,-0.8160620969959966,0.5437154295144088,-0.36329187421691167
170.94,-0.8197292424288727,0.5356477095620817,-0.3630473978547199
170.96,-0.8226629587751734,0.5319805641292057,-0.3628029214925282
170.98,-0.827552486019008,0.5376035204596156,-0.36158053968156956
171.0,-0.828530391467775,0.5336918986645479,-0.36011368150841916
171.02,-0.8368425877822938,0.5251352259878372,-0.3640253033034868
171.04,-0.8392873514042111,0.5275799896097546,-0.3645142560278703
171.06,-0.821196100602023,0.5422485713412585,-0.35620205971335145
171.08,-0.813128380649696,0.5566726767105705,-0.36182501604376127
171.1,-0.8165510497203802,0.5493383858448186,-0.3596247287840357
171.12,-0.8163065733581885,0.5231794150903034,-0.3513125324695168
171.14,-0.8109280933899703,0.5173119823977019,-0.34397824160376494
171.16,-0.8187513369801057,0.5146227424135928,-0.3405555725330807
171.18,-0.8260856278458576,0.5143782660514011,-0.3476453870366409
171.2,-0.8241298169483238,0.5256241787122208,-0.3525349142804755
171.22,-0.8287748678299667,0.5275799896097546,-0.3522904379182838
171.24,-0.8461326895455795,0.5239128441768787,-0.3527793906426672
171.26,-0.8475995477187299,0.5168230296733185,-0.35449072517800934
171.28,-0.8368425877822938,0.5089997860831831,-0.3505791033829417
171.3,-0.8336643950738013,0.512666931516059,-0.34324481251718975
171.32,-0.8290193441921584,0.5195122696574275,-0.3476453870366409
171.34,-0.8290193441921584,0.5195122696574275,-0.3476453870366409
171.36,-0.8170400024447636,0.529046847782905,-0.3405555725330807
171.38,-0.8180179078935306,0.5407817131681081,-0.33297680530513707
171.4,-0.8209516242398313,0.5473825749472848,-0.3354215689270544
171.42,-0.8150841915472298,0.544448858600984,-0.3478898633988326
171.44,-0.8038382788864101,0.5464046694985178,-0.35766891788650185
171.46,-0.8038382788864101,0.5505607676557772,-0.362069492405953
171.48,-0.808483329768053,0.5473825749472848,-0.362069492405953
171.5,-0.8150841915472298,0.5400482840815328,-0.3606026342328026
171.52,-0.8233963878617486,0.5490939094826269,-0.3701372123582801
171.54,-0.8221740060507899,0.5515386731045442,-0.37184854689362223
171.56,-0.8224184824129817,0.5283134186963298,-0.3630473978547199
171.58,-0.8302417260031171,0.5207346514683862,-0.35742444152431013
171.6,-0.8268190569324328,0.5270910368853712,-0.3488677688475995
171.629,-0.8265745805702411,0.532713993215781,-0.34324481251718975
171.64,-0.828530391467775,0.5437154295144088,-0.33224337621856187
171.66,-0.8280414387433915,0.5449378113253674,-0.3224643217308926
171.68,-0.8180179078935306,0.5493383858448186,-0.3244201326284265
171.7,-0.8033493261620267,0.5625401094031721,-0.3412890016196559
171.72,-0.8004156098157259,0.5632735384897473,-0.35840234697307705
171.74,-0.7989487516425755,0.5537389603642697,-0.3606026342328026
171.76,-0.8026158970754514,0.550805244017969,-0.3508235797451334
171.78,-0.8224184824129817,0.5427375240656419,-0.34568957613910706
171.8,-0.8370870641444855,0.5261131314366042,-0.3471564343122574
171.82,-0.842954496837087,0.5178009351220854,-0.3500901506585582
171.84,-0.8471105949943465,0.516334076948935,-0.3525349142804755
171.86,-0.8387983986798276,0.5038657824771567,-0.3486232924854078
171.88,-0.8363536350579103,0.5041102588393485,-0.3412890016196559
171.9,-0.8334199187116096,0.5214680805549613,-0.3354215689270544
171.92,-0.8204626715154478,0.5329584695779727,-0.3398221434465055
171.94,-0.8192402897044891,0.5400482840815328,-0.34251138343061455
171.96,-0.8204626715154478,0.5437154295144088,-0.3444671943281484
171.98,-0.8243742933105155,0.5503162912935855,-0.34226690706842283
172.0,-0.821196100602023,0.547138098585093,-0.3359105216514378
172.02,-0.8263301042080494,0.5412706658924915,-0.34006661980869723
172.04,-0.8292638205543501,0.547138098585093,-0.3452006234147236
172.06,-0.8204626715154478,0.5400482840815328,-0.3476453870366409
172.08,-0.8241298169483238,0.5231794150903034,-0.34300033615499803
172.1,-0.8304862023653088,0.5160896005867432,-0.34422271796595666
172.12,-0.8370870641444855,0.5148672187757846,-0.3412890016196559
172.14,-0.8378204932310607,0.5109555969807169,-0.34226690706842283
172.16,-0.8370870641444855,0.5160896005867432,-0.3476453870366409
172.18,-0.8363536350579103,0.5192677932952358,-0.3483788161232161
172.2,-0.8336643950738013,0.5202456987440027,-0.3505791033829417
172.22,-0.8243742933105155,0.5314916114048223,-0.3505791033829417
172.24,-0.8229074351373651,0.5314916114048223,-0.3525349142804755
172.26,-0.8268190569324328,0.5248907496256455,-0.34740091067444917
172.28,-0.8336643950738013,0.5209791278305779,-0.3454450997769153
172.3,-0.8373315405066772,0.5195122696574275,-0.3452006234147236
172.32,-0.8351312532469517,0.5219570332793448,-0.34202243070623106
172.34,-0.8299972496409254,0.5231794150903034,-0.34031109617088895
172.36,-0.8312196314518839,0.5288023714207133,-0.34348928887938146
172.38,-0.8314641078140758,0.5322250404913975,-0.3486232924854078
172.4,-0.8290193441921584,0.5341808513889313,-0.3518014851939003
172.42,-0.8253521987592825,0.5324695168535892,-0.3525349142804755
172.44,-0.8280414387433915,0.5248907496256455,-0.349356721571983
172.46,-0.8309751550896922,0.5266020841609876,-0.349356721571983
172.48,-0.8282859151055832,0.5346698041133148,-0.3518014851939003
172.5,-0.8277969623811997,0.5253797023500291,-0.34740091067444917
172.52,-0.8324420132628426,0.5219570332793448,-0.34422271796595666
172.54,-0.8290193441921584,0.5261131314366042,-0.3471564343122574
172.56,-0.8260856278458576,0.5283134186963298,-0.352045961556092
172.58,-0.8236408642239403,0.5295358005072884,-0.3505791033829417
172.6,-0.8204626715154478,0.531736087767014,-0.349356721571983
172.62,-0.8224184824129817,0.5332029459401644,-0.3483788161232161
172.648,-0.8263301042080494,0.5285578950585215,-0.3488677688475995
172.66,-0.8273080096568163,0.5305137059560554,-0.35449072517800934
172.68,-0.8282859151055832,0.53540323319989,-0.3549796779023928
172.7,-0.8314641078140758,0.5261131314366042,-0.3478898633988326
172.72,-0.8290193441921584,0.5222015096415366,-0.349356721571983
172.74,-0.8290193441921584,0.5222015096415366,-0.349356721571983
172.76,-0.8229074351373651,0.5273355132475629,-0.35742444152431013
172.78,-0.8170400024447636,0.5212236041927696,-0.3549796779023928
172.8,-0.8182623842557223,0.5229349387281117,-0.349356721571983
172.82,-0.8297527732787336,0.5358921859242735,-0.3498456742963665
172.84,-0.833908871435993,0.5324695168535892,-0.3540017724536259
172.86,-0.8343978241603764,0.5231794150903034,-0.3532683433670507
172.88,-0.840265256852978,0.5214680805549613,-0.3513125324695168
172.9,-0.8461326895455795,0.5180454114842771,-0.3510680561073251
172.92,-0.840265256852978,0.516334076948935,-0.349356721571983
172.94,-0.8319530605384592,0.5173119823977019,-0.34642300522568226
172.96,-0.8307306787275005,0.5146227424135928,-0.3437337652415732
172.98,-0.8299972496409254,0.5204901751061944,-0.34813433976102437
173.0,-0.8255966751214742,0.5241573205390704,-0.3483788161232161
173.02,-0.8231519114995569,0.5156006478623598,-0.352045961556092
173.04,-0.8236408642239403,0.5224459860037283,-0.3581578706108853
173.06,-0.8231519114995569,0.5358921859242735,-0.35938025242184396
173.08,-0.8321975369006509,0.5373590440974239,-0.35669101243773493
173.1,-0.840265256852978,0.5310026586804388,-0.35449072517800934
173.12,-0.8417321150261284,0.523668367814687,-0.3491122452097913
173.14,-0.8392873514042111,0.5187788405708523,-0.3452006234147236
173.16,-0.8324420132628426,0.5131558842404425,-0.34495614705253186
173.18,-0.8299972496409254,0.5067994988234575,-0.34275585979280626
173.2,-0.8351312532469517,0.5116890260672922,-0.34080004889527243
173.22,-0.8383094459554442,0.5222015096415366,-0.3452006234147236
173.24,-0.8334199187116096,0.5234238914524951,-0.3491122452097913
173.26,-0.8209516242398313,0.521712556917153,-0.3500901506585582
173.28,-0.817528955169147,0.5234238914524951,-0.3522904379182838
173.3,-0.8241298169483238,0.5300247532316719,-0.35449072517800934
173.32,-0.8302417260031171,0.5332029459401644,-0.355713106988968
173.34,-0.8304862023653088,0.5314916114048223,-0.35473520154020105
173.36,-0.8331754423494179,0.5248907496256455,-0.3505791033829417
173.38,-0.8334199187116096,0.52269046236592,-0.3510680561073251
173.4,-0.8334199187116096,0.5207346514683862,-0.34813433976102437
173.42,-0.8351312532469517,0.516334076948935,-0.34568957613910706
173.44,-0.8343978241603764,0.516334076948935,-0.3469119579500657
173.46,-0.832930965987226,0.5187788405708523,-0.34740091067444917
173.48,-0.8282859151055832,0.5229349387281117,-0.34495614705253186
173.5,-0.8241298169483238,0.5222015096415366,-0.34593405250129877
173.52,-0.8194847660666809,0.5219570332793448,-0.3532683433670507
173.54,-0.8163065733581885,0.5273355132475629,-0.35669101243773493
173.56,-0.8229074351373651,0.5305137059560554,-0.35473520154020105
173.58,-0.8334199187116096,0.5322250404913975,-0.35375729609143414
173.6,-0.8351312532469517,0.5251352259878372,-0.3535128197292424
173.62,-0.833908871435993,0.5209791278305779,-0.3532683433670507
173.64,-0.8343978241603764,0.5219570332793448,-0.3518014851939003
173.669,-0.8390428750420194,0.5151116951379764,-0.3486232924854078
173.68,-0.8436879259236623,0.5104666442563335,-0.3508235797451334
173.7,-0.8424655441127036,0.5121779787916756,-0.3503346270207499
173.72,-0.8427100204748953,0.5129114078782507,-0.3503346270207499
173.74,-0.8400207804907863,0.5148672187757846,-0.3510680561073251
173.76,-0.837576016868869,0.5192677932952358,-0.3505791033829417
173.78,-0.837576016868869,0.5143782660514011,-0.3503346270207499
173.8,-0.8363536350579103,0.5153561715001681,-0.3515570088317086
173.82,-0.8368425877822938,0.5173119823977019,-0.352045961556092
173.84,-0.8385539223176359,0.5182898878464688,-0.3535128197292424
173.86,-0.8409986859395532,0.5168230296733185,-0.35522415426458454
173.88,-0.8353757296091434,0.5148672187757846,-0.3522904379182838
173.9,-0.8331754423494179,0.5151116951379764,-0.35375729609143414
173.92,-0.8336643950738013,0.5168230296733185,-0.3513125324695168
173.94,-0.8292638205543501,0.5185343642086606,-0.3515570088317086
173.96,-0.8233963878617486,0.5224459860037283,-0.35595758335115973
173.98,-0.8219295296885982,0.5295358005072884,-0.3549796779023928
174.0,-0.823885340586132,0.532713993215781,-0.3532683433670507
174.02,-0.8277969623811997,0.5307581823182471,-0.3540017724536259
174.04,-0.8268190569324328,0.5283134186963298,-0.3581578706108853
174.06,-0.8226629587751734,0.5266020841609876,-0.35864682333526876
174.08,-0.8268190569324328,0.5263576077987959,-0.35546863062677625
174.1,-0.8336643950738013,0.5241573205390704,-0.3532683433670507
174.12,-0.8336643950738013,0.5241573205390704,-0.3532683433670507
174.14,-0.8343978241603764,0.5219570332793448,-0.3549796779023928
174.16,-0.8319530605384592,0.5231794150903034,-0.35375729609143414
174.18,-0.8309751550896922,0.5202456987440027,-0.35546863062677625
174.2,-0.8270635332946246,0.5187788405708523,-0.3540017724536259
174.22,-0.8216850533264065,0.5219570332793448,-0.35449072517800934
174.24,-0.8224184824129817,0.5270910368853712,-0.3540017724536259
174.26,-0.8241298169483238,0.5292913241450967,-0.3525349142804755
174.28,-0.8290193441921584,0.5270910368853712,-0.35375729609143414
174.3,-0.8292638205543501,0.5253797023500291,-0.35546863062677625
174.32,-0.8282859151055832,0.5224459860037283,-0.35644653607554316
174.34,-0.8302417260031171,0.5200012223818109,-0.35546863062677625
174.36,-0.8363536350579103,0.5187788405708523,-0.35473520154020105
174.38,-0.8380649695932524,0.5192677932952358,-0.3522904379182838
174.4,-0.8346423005225682,0.5141337896892094,-0.3522904379182838
174.42,-0.8307306787275005,0.5143782660514011,-0.355713106988968
174.44,-0.828530391467775,0.5192677932952358,-0.3510680561073251
174.46,-0.8297527732787336,0.5224459860037283,-0.349356721571983
174.48,-0.8297527732787336,0.523668367814687,-0.3549796779023928
174.5,-0.8295082969165418,0.5202456987440027,-0.3645142560278703
174.52,-0.8280414387433915,0.5192677932952358,-0.3679369250985545
174.54,-0.8380649695932524,0.5178009351220854,-0.37209302325581395
174.56,-0.833908871435993,0.5094887388075665,-0.3816276013812914
174.58,-0.8385539223176359,0.5055771170124989,-0.3845613177275922
174.6,-0.8554227913088653,0.5006875897686642,-0.39947437582128775
174.62,-0.8881826238425572,0.5085108333587997,-0.3945848485774532
174.64,-0.8825596675121474,0.5292913241450967,-0.35375729609143414
174.66,-0.8419765913883202,0.5358921859242735,-0.3095070745347309
174.689,-0.7984597989181921,0.5207346514683862,-0.2950829691654188
174.7,-0.7899031262414815,0.5112000733429086,-0.31195183815664823
174.72,-0.8165510497203802,0.5173119823977019,-0.3390887143599303
174.74,-0.8505332640650307,0.5278244659719463,-0.3324878525807536
174.76,-0.864712893072151,0.5344253277511231,-0.32979861259664456
174.78,-0.8471105949943465,0.5371145677352321,-0.34348928887938146
174.8,-0.8358646823335268,0.5351587568376982,-0.3491122452097913
174.82,-0.8258411514836659,0.5285578950585215,-0.36011368150841916
174.84,-0.8243742933105155,0.5212236041927696,-0.33859976163554684
174.86,-0.8397763041285945,0.5207346514683862,-0.3063288818262384
174.88,-0.8708248021269444,0.5273355132475629,-0.30119487822021207
174.9,-0.946367998044189,0.5532500076398863,-0.32490908535280993
174.92,-0.9368334199187116,0.5588729639702961,-0.3031506891177459
174.94,-0.8515111695137976,0.5329584695779727,-0.24398740946734712
174.96,-0.792103413501207,0.5219570332793448,-0.22076215505913271
174.98,-0.7500534792042294,0.5400482840815328,-0.22027320233474926
175.0,-0.7661889191088836,0.5676741130091985,-0.22516272957858385
175.02,-0.8231519114995569,0.5830761238272775,-0.23689759496378693
175.04,-0.8468661186321548,0.5666962075604315,-0.2349417840662531
175.06,-0.8485774531674969,0.5486049567582434,-0.22809644592488462
175.08,-0.8417321150261284,0.5512941967423525,-0.21929529688598234
175.1,-0.8427100204748953,0.5498273385692021,-0.22100663142132446
175.12,-0.8475995477187299,0.5407817131681081,-0.22271796595666657
175.14,-0.8497998349784555,0.539070378632766,-0.21416129327995598
175.16,-0.8522445986003728,0.5466491458607096,-0.2158726278152981
175.18,-0.8566451731198239,0.5522721021911193,-0.23543073679063656
175.2,-0.8595788894661247,0.5405372368059164,-0.25645570393912537
175.22,-0.8588454603795496,0.5214680805549613,-0.26916847477309536
175.24,-0.8649573694343428,0.5087553097209914,-0.2884821073862421
175.26,-0.874736423922012,0.4948201570760627,-0.304862023653088
175.28,-0.872047183937903,0.4772178589982581,-0.3068178345506219
175.3,-0.8713137548513278,0.4701280444946979,-0.31855269993582497
175.32,-0.8586009840173578,0.4943312043516792,-0.3046175472908963
175.34,-0.8209516242398313,0.5459157167741344,-0.27283562020597135
175.36,-0.7947926534853161,0.5962778473856309,-0.25303303486844114
175.38,-0.7779237844940867,0.6239036763132965,-0.2645234238914525
175.4,-0.7789016899428536,0.6327048253521987,-0.3095070745347309
175.42,-0.803104849799835,0.623414723588913,-0.3496011979341747
175.44,-0.8424655441127036,0.5930996546771384,-0.3630473978547199
175.46,-0.8625126058124255,0.5615622039544051,-0.349356721571983
175.48,-0.8568896494820157,0.5415151422546832,-0.32710937261253553
175.5,-0.8290193441921584,0.5266020841609876,-0.3209974635577423
175.52,-0.8290193441921584,0.5266020841609876,-0.3209974635577423
175.54,-0.8018824679888763,0.5344253277511231,-0.3173303181248663
175.56,-0.7962595116584665,0.5495828622070104,-0.31244079088103166
175.58,-0.8101946643033952,0.5490939094826269,-0.3173303181248663
175.6,-0.8358646823335268,0.5305137059560554,-0.32833175442349416
175.62,-0.8524890749625645,0.5209791278305779,-0.336643950738013
175.64,-0.8608012712770834,0.5263576077987959,-0.34422271796595666
175.66,-0.8598233658283164,0.5332029459401644,-0.3383552852733551
175.68,-0.8446658313724291,0.543470953152217,-0.33053204168321976
175.709,-0.8307306787275005,0.5691409711823487,-0.3202640344711671
175.72,-0.8253521987592825,0.5913883201417963,-0.31855269993582497
175.74,-0.8231519114995569,0.5999449928185069,-0.32344222717965954
175.76,-0.8219295296885982,0.5984781346453565,-0.3371329034623965
175.78,-0.8155731442716132,0.5879656510711121,-0.34251138343061455
175.8,-0.8155731442716132,0.5750084038749503,-0.3503346270207499
175.82,-0.8155731442716132,0.563518014851939,-0.3540017724536259
175.84,-0.8148397151850381,0.5510497203801608,-0.36011368150841916
175.86,-0.8053051370595605,0.5312471350426305,-0.37453778687773126
175.88,-0.7801240717538123,0.5212236041927696,-0.38602817590074257
175.9,-0.7527427191883385,0.5329584695779727,-0.3955627540262201
175.92,-0.7336735629373835,0.5522721021911193,-0.3950738013018366
175.94,-0.7172936466705375,0.5754973565993338,-0.38578369953855085
175.96,-0.7231610793631391,0.6055679491489167,-0.3940958958530697
175.98,-0.767655777282034,0.616080432723161,-0.4187880084344345
176.0,-0.8119059988387373,0.595299941936864,-0.44274669192922406
176.02,-0.8207071478776395,0.5886990801576872,-0.46059346636922044
176.04,-0.7581211991565565,0.6449286434617852,-0.47037252085688963
176.06,-0.7375851847324512,0.8194847660666809,-0.4860190080371604
176.08,-0.7212052684656052,0.724138984811906,-0.478195764447025
176.1,-0.7111817376157442,0.5630290621275555,-0.4390795464963481
176.12,-0.7273171775203985,0.5669406839226232,-0.38676160498731776
176.14,-0.744919475598203,0.5473825749472848,-0.32515356171500165
176.16,-0.717782599394921,0.54811600403386,-0.28970448919720077
176.18,-0.6280597744705558,0.6605751306420561,-0.2635455184426856
176.2,-0.5674296366470066,0.7705894936283348,-0.2366531186015952
176.22,-0.5745194511505669,0.8018824679888763,-0.23714207132597867
176.24,-0.6214589126913791,0.8187513369801057,-0.2620786602695352
176.26,-0.6319713962656236,0.8312196314518839,-0.2904379182837759
176.28,-0.6177917672585032,0.8740029948354369,-0.27283562020597135
176.3,-0.6603306542798643,0.9321883690370687,-0.19924823518626042
176.32,-0.7749900681477859,0.9534578125477493,-0.13543990465421873
176.34,-0.8864712893072151,0.8815817620633805,-0.08727806130244782
176.36,-0.8842710020474895,0.8023714207132597,-0.05891880328820707
176.38,-0.8546893622222901,0.8011490389023012,-0.07114262139779359
176.4,-0.827552486019008,0.8383094459554442,-0.10365797756929376
176.42,-0.704091923112184,0.7480976683066956,-0.09656816306573358
176.44,-0.6498181707056199,0.657885890657947,-0.06943128686245148
176.46,-0.6586193197445221,0.6285487271949394,-0.0735873850197109
176.48,-0.6532408397763041,0.578920025670018,-0.09338997035724109
176.5,-0.6595972251932891,0.5339363750267396,-0.10903645753751184
176.52,-0.7109372612535525,0.4838187207774348,-0.1391070500870947
176.54,-0.698713443143966,0.4671943281483971,-0.20193747517036947
176.56,-0.699691348592733,0.5248907496256455,-0.26012284937200136
176.58,-0.7789016899428536,0.5818537420163188,-0.2542554166793998
176.6,-0.855667267671057,0.6307490144546649,-0.20511566787886196
176.62,-0.8559117440332488,0.6745102832869847,-0.18189041347064755
176.64,-0.7894141735170981,0.692357057726981,-0.21049414784708004
176.66,-0.7542095773614889,0.7366072792836842,-0.25670018030131714
176.68,-0.7256058429850564,0.7862359808086056,-0.3087736454481557
176.7,-0.6517739816031537,0.8243742933105155,-0.3486232924854078
176.729,-0.5759863093237173,0.8458882131833878,-0.32710937261253553
176.74,-0.5671851602848149,0.8405097332151698,-0.2747914311035052
176.76,-0.635149588974116,0.7989487516425755,-0.22076215505913271
176.78,-0.6617975124530147,0.7429636647006692,-0.19949271154845216
176.8,-0.6529963634141124,0.7124041194267029,-0.2109831005714635
176.82,-0.6468844543593191,0.6674204687834245,-0.20731595513858753
176.84,-0.6363719707850747,0.6058124255111084,-0.18677994071448217
176.86,-0.6199920545182288,0.5808758365675518,-0.15890963542462488
176.88,-0.5801424074809767,0.5901659383308376,-0.12883904287504203
176.9,-0.5412706658924915,0.6033676618891911,-0.10536931210463588
176.92,-0.5412706658924915,0.6033676618891911,-0.10536931210463588
176.94,-0.5082663569966078,0.610701952754943,-0.07138709775998534
176.96,-0.5627845857653638,0.6468844543593191,-0.0831219631451884
176.98,-0.6422394034776763,0.7080035449072518,-0.11612627204107202
177.0,-0.6899122941050637,0.7608104391406656,-0.11759313021422241
177.02,-0.7339180392995752,0.8273080096568163,-0.07187605048436879
177.04,-0.8664242276074932,0.9989304159154112,0.047428414265195735
177.06,-1.175197873055649,1.2182257128013936,-0.35522415426458454
177.08,-1.4976621947865416,1.1091892552638816,-0.7837912171866882
177.1,-1.1321700333099043,0.7933257953121657,-0.6317269199034318
177.12,-0.5437154295144088,0.8935611038107752,-0.48870824802126944
177.14,-0.36329187421691167,0.962747914311035,-0.28310362741802403
177.16,-0.5530055312776946,0.7608104391406656,0.015157534455887297
177.18,-0.7004247776793081,0.5867432692601534,0.05867432692601534
177.2,-0.6341716835253491,0.5495828622070104,-0.07040919231121841
177.22,-0.557161629434954,0.5627845857653638,-0.21293891146899735
177.24,-0.5830761238272775,0.521712556917153,-0.3354215689270544
177.26,-0.5923662255905632,0.4811294807933258,-0.3918956085933441
177.28,-0.588943556519879,0.45790422638511136,-0.41585429208813374
177.3,-0.5324695168535892,0.5591174403324879,-0.41292057574183294
177.32,-0.5361366622864652,0.6510405525165786,-0.3948293249396449
177.34,-0.6278152981083641,0.7138709775998533,-0.34226690706842283
177.36,-0.7329401338508083,0.8581120312929743,-0.3207529871955505
177.38,-0.7285395593313572,0.9639702961219937,-0.3659811142010207
177.4,-0.6549521743116462,0.8627570821746172,-0.396540659474987
177.42,-0.6490847416190447,0.6816000977905449,-0.3894508449714268
177.44,-0.6960242031598569,0.6077682364086422,-0.3650032087522538
177.46,-0.6999358249549247,0.6263484399352137,-0.31121840907007303
177.48,-0.6251260581242551,0.6696207560431501,-0.28603734376432477
177.5,-0.5295358005072884,0.6891788650184885,-0.2887265837484338
177.52,-0.4390795464963481,0.6989579195061577,-0.31488555450294897
177.54,-0.3909177031445772,0.7383186138190263,-0.3581578706108853
177.56,-0.4126760993796412,0.8038382788864101,-0.3694037832717049
177.58,-0.4515478409681264,0.8497998349784555,-0.3522904379182838
177.6,-0.5234238914524951,0.8605567949148917,-0.32784280169911073
177.62,-0.5984781346453565,0.881092809338997,-0.3246646089906182
177.64,-0.6407725453045259,0.8786480457170797,-0.3532683433670507
177.66,-0.6798887632552028,0.8270635332946246,-0.3782049323106072
177.68,-0.7280506066069736,0.755920911896831,-0.4058307612382728
177.7,-0.7933257953121657,0.6720655196650673,-0.4261222993001864
177.72,-0.8732695657488616,0.641505974391101,-0.49041958255661156
177.749,-0.9265654127066589,0.7104483085291691,-0.5764752620481007
177.76,-0.9082296855422791,0.8659352748831097,-0.6710876142163005
177.78,-0.7991932280047672,0.9233872199981664,-0.6353940653363078
177.8,-0.7974818934694251,0.752253766463955,-0.43272316107936315
177.82,-0.7378296610946429,0.6434617852886348,-0.17137792989640313
177.84,-0.6102130000305596,0.7373407083702594,-0.11930446474956452
177.86,-0.4542370809522354,0.8884271002047489,-0.3029062127555542
177.88,-0.402897044891972,0.8933166274485835,-0.37184854689362223
177.9,-0.42954496837087064,0.8324420132628426,-0.3187971762980167
177.92,-0.37771597958622377,0.843932402285854,-0.31048497998349783
177.94,-0.2036488097057116,0.9192311218409069,-0.4063197139626562
177.96,-0.023225254408214404,0.9441677107844635,-0.48944167710784464
177.98,-0.010512483574244415,0.9304770345017266,-0.5449378113253674
178.0,-0.17773431531338812,0.9199645509274822,-0.5099776915319499
178.02,-0.29948354368486996,0.9595697216025425,-0.44812517189744216
178.04,-0.38651712862512605,0.9999083213641781,-0.38725055771170125
178.06,-0.5143782660514011,1.0006417504507532,-0.27014638022186227
178.08,-0.6148580509122024,0.9148305473214559,-0.13788466827613605
178.1,-0.7053143049231427,0.8148397151850381,0.026403447116706905
178.12,-0.7979708461938086,0.7757234972343612,0.04253888702136112
178.14,-0.7190049812058796,0.7192494575680713,-0.019313632613146715
178.16,-0.5930996546771384,0.674265806924793,-0.11221465024600434
178.18,-0.5835650765516609,0.6461510252727439,-0.15230877364544815
178.2,-0.6060569018733001,0.5796534547565932,-0.15230877364544815
178.22,-0.6688873269565748,0.5180454114842771,-0.16037649359777525
178.24,-0.7471197628579287,0.44592488463771657,-0.1598875408733918
178.26,-0.8001711334535342,0.374782263239923,-0.15842068270024143
178.28,-0.8407542095773615,0.3789383613971824,-0.15573144271613237
178.3,-0.8407542095773615,0.3789383613971824,-0.15573144271613237
178.32,-0.8627570821746172,0.4317452556305962,-0.09999083213641781
178.34,-0.8062830425083275,0.49726492069798,-0.009534578125477493
178.36,-0.8265745805702411,0.5515386731045442,0.03398221434465055
178.38,-0.8930721510863918,0.5828316474650858,0.0041560981572594195
178.4,-0.9385447544540537,0.6542187452250711,-0.02591449439232344
178.42,-0.9551691470830914,0.8236408642239403,0.04229441065916939
178.44,-1.0451364483696481,1.0896311462885433,-0.10659169391559453
178.46,-1.1365706078293554,1.1221465024600434,-0.638816734406992
178.48,-0.9363444671943282,1.0121321394737646,-0.6811111450661614
178.5,-0.672309996027259,0.8945390092595422,-0.5143782660514011
178.52,-0.456437368211961,0.9114078782507716,-0.452770222779085
178.54,-0.41512086300155854,1.056137884668276,-0.25572227485255017
178.56,-0.5950554655746723,0.7842801699110717,-0.03764935977752651
178.58,-0.6943128686245148,0.45790422638511136,0.03153745072273324
178.6,-0.6410170216667176,0.44543593191333314,-0.17284478806955353
178.62,-0.5537389603642697,0.5207346514683862,-0.37062616508266355
178.64,-0.5121779787916756,0.5332029459401644,-0.46059346636922044
178.66,-0.452770222779085,0.6055679491489167,-0.4997096843198973
178.68,-0.3532683433670507,0.7637441554869664,-0.5060660697368823
178.7,-0.34495614705253186,0.9615255325000763,-0.4645050881642881
178.72,-0.4916419643675702,1.0329126302600617,-0.3349326162026709
178.74,-0.6718210433028756,0.8801149038902301,-0.2787030528985729
178.769,-0.7441860465116279,0.7745011154234025,-0.36915930690951315
178.78,-0.699691348592733,0.7774348317697033,-0.4354124010634722
178.8,-0.6500626470678116,0.752253766463955,-0.406564190324848
178.82,-0.6121688109280934,0.7170491703083458,-0.3341991871160957
178.84,-0.564495920300706,0.72047183937903,-0.2904379182837759
178.86,-0.5048436879259236,0.7444305228738196,-0.2919047764569263
178.88,-0.47623995354949117,0.793081318949974,-0.3036396418421294
178.9,-0.4843076735018183,0.7987042752803838,-0.3158634599517159
178.92,-0.5527610549155029,0.7779237844940867,-0.34177795434403935
178.94,-0.6060569018733001,0.7573877700699814,-0.37771597958622377
178.96,-0.6236591999511047,0.7434526174250528,-0.396540659474987
178.98,-0.6586193197445221,0.736851755645876,-0.3791828377593741
179.0,-0.7253613666228647,0.7275616538825902,-0.34348928887938146
179.02,-0.7852580753598386,0.7070256394584848,-0.3227087980930844
179.04,-0.817528955169147,0.6891788650184885,-0.3092625981725392
179.06,-0.7896586498792898,0.6957797267976652,-0.29826116187391133
179.08,-0.714115453962045,0.7138709775998533,-0.29703878006295265
179.1,-0.6571524615713717,0.7043363994743758,-0.3038841182043211
179.12,-0.6417504507532927,0.6855117195856125,-0.3109739327078813
179.14,-0.6278152981083641,0.6767105705467102,-0.3197750817467836
179.16,-0.6180362436206949,0.6803777159795862,-0.3383552852733551
179.18,-0.6331937780765822,0.6830669559636953,-0.3672034960119793
179.2,-0.6661980869724659,0.6718210433028756,-0.37771597958622377
179.22,-0.7043363994743758,0.6471289307215109,-0.3852947468141674
179.24,-0.7500534792042294,0.6380833053204168,-0.39042875042019376
179.26,-0.762277297313816,0.6344161598875409,-0.396540659474987
179.28,-0.7590991046053235,0.6344161598875409,-0.39849647037252084
179.3,-0.7478531919445038,0.6268373926595973,-0.3936069431286862
179.32,-0.717782599394921,0.7207163157412217,-0.39776304128594564
179.34,-0.8608012712770834,1.0617608409986858,-0.4679277572349723
179.44,-0.6855117195856125,0.9375668490052868,-0.3224643217308926
179.46,-0.5833206001894692,0.9099410200776212,-0.3293096598722611
179.48,-0.506310546099074,0.8688689912294105,-0.2310301622711854
179.5,-0.40314152125416375,0.8762032820951624,-0.15475353726736546
179.52,-0.34031109617088895,0.8505332640650307,-0.08507777404272224
179.54,-0.30241726003117075,0.7965039880206582,-0.02933716346300767
179.56,-0.29899459096048653,0.7610549155028573,0.006111909054793264
179.58,-0.39849647037252084,0.7647220609357332,0.03447116706903401
179.6,-0.568896494820157,0.7427191883384775,0.026403447116706905
179.62,-0.7104483085291691,0.7385630901812181,0.0002444763621917306
179.64,-0.8295082969165418,0.7696115881795679,-0.022736301683830944
179.66,-0.8517556458759894,0.767655777282034,-0.023469730770406136
179.68,-0.7043363994743758,0.7835467408244965,-0.01686886899122941
179.7,-0.7043363994743758,0.7835467408244965,-0.01686886899122941
179.72,-0.5596063930568713,0.8368425877822938,-0.0647862359808086
179.74,-0.46010451364483695,0.8886715765669406,-0.11979341747394799
179.76,-0.38407236500320874,0.9277877945176175,-0.15230877364544815
179.789,-0.396540659474987,0.9387892308162454,-0.12590532652874126
179.8,-0.4645050881642881,0.8972282492436512,-0.08776701402683128
179.82,-0.538092473183999,0.8505332640650307,-0.07725453045258686
179.84,-0.5948109892124805,0.8216850533264065,-0.06723099960272591
179.86,-0.6407725453045259,0.8160620969959966,-0.0503621306114965
179.88,-0.6537297925006875,0.8260856278458576,-0.04547260336766189
179.9,-0.6539742688628793,0.8192402897044891,-0.062096995996699565
179.92,-0.6549521743116462,0.7974818934694251,-0.10121321394737647
179.94,-0.6419949271154846,0.7786572135806619,-0.1310393301347676
179.96,-0.6180362436206949,0.7605659627784739,-0.12297161018244049
179.98,-0.6375943525960334,0.7632552027625829,-0.09241206490847416
180.0,-0.7018916358524585,0.7632552027625829,-0.04449469791889497
180.02,-0.715093359410812,0.74589738104697,-0.02126944351068056
180.04,-0.6801332396173945,0.7092259267182104,-0.04449469791889497
180.06,-0.6913791522782141,0.6904012468294471,-0.07187605048436879
180.08,-0.7434526174250528,0.6862451486721878,-0.07040919231121841
180.1,-0.7656999663845002,0.6808666687039697,-0.06894233413806802
180.12,-0.7749900681477859,0.6825780032393118,-0.07847691226354551
180.14,-0.7375851847324512,0.674265806924793,-0.09950187941203435
180.16,-0.6835559086880787,0.6918681050025975,-0.10830302845093664
180.18,-0.6446841670995935,0.7155823121351954,-0.10536931210463588
180.2,-0.6463955016349356,0.7060477340097179,-0.08850044311340648
180.22,-0.6522629343275372,0.6855117195856125,-0.07016471594902668
180.24,-0.6444396907374018,0.6813556214283532,-0.04253888702136112
180.26,-0.5906548910552211,0.7109372612535525,-0.041072028848210734
180.28,-0.5209791278305779,0.7666778718332671,-0.06380833053204168
180.3,-0.4686611863215475,0.7825688353757296,-0.0951013048925832
180.32,-0.5256241787122208,0.8011490389023012,-0.11465941386792164
180.34,-0.6671759924212327,0.8982061546924182,-0.03862726522629343
180.36,-0.7811019772025792,1.0744736118326559,-0.01711334535342114
180.38,-0.8898939583778993,1.1436604223329156,-0.19313632613146717
180.4,-0.9216758854628243,1.067139320966904,-0.396540659474987
180.42,-0.8319530605384592,0.8854933838584481,-0.40069675763224644
180.44,-0.7373407083702594,0.6891788650184885,-0.3376218561867799
180.46,-0.6659536106102741,0.6962686795220487,-0.31708584176267457
180.48,-0.5975002291965895,0.764966537297925,-0.2535219875928246
180.5,-0.5478715276716682,0.7197384102924549,-0.19069156250954986
180.52,-0.5219570332793448,0.6657091342480824,-0.15622039544051583
180.54,-0.5041102588393485,0.6957797267976652,-0.16477706811722642
180.56,-0.5735415457017999,0.7373407083702594,-0.20413776243009504
180.58,-0.6544632215872628,0.7546985300858723,-0.2278519695626929
180.6,-0.6124132872902851,0.8001711334535342,-0.25156617669529074
180.62,-0.5437154295144088,0.8453992604590044,-0.26965742749747884
180.64,-0.5730525929774165,0.7999266570913425,-0.26672371115117804
180.66,-0.5864987928979617,0.740518901078752,-0.2735690492925465
180.68,-0.5742749747883752,0.7392965192677933,-0.33053204168321976
180.7,-0.600678421905082,0.7735232099746355,-0.37698255049964857
180.72,-0.6295266326437062,0.8079943770436696,-0.40020780490786295
180.74,-0.6664425633346576,0.8302417260031171,-0.39947437582128775
180.76,-0.7466308101335452,0.7982153225560004,-0.349356721571983
180.78,-0.7999266570913425,0.7187605048436879,-0.27454695474131346
180.809,-0.7842801699110717,0.6698652324053418,-0.233230449530911
180.82,-0.7136265012376616,0.6622864651773982,-0.21953977324817406
180.84,-0.664242276074932,0.6654646578858906,-0.23543073679063656
180.86,-0.6331937780765822,0.6845338141368457,-0.2784585765363811
180.88,-0.6517739816031537,0.7185160284814962,-0.30192830730678727
180.9,-0.676955046908902,0.7461418574091617,-0.29752773278733613
180.92,-0.6855117195856125,0.7757234972343612,-0.28579286740213306
180.94,-0.6776884759954772,0.7911255080524402,-0.2725911438437796
180.96,-0.6393056871313755,0.8050606606973688,-0.26427894752926073
180.98,-0.5967668001100144,0.8062830425083275,-0.2669681875133698
181.0,-0.5723191638908413,0.7952816062096996,-0.2630565657183021
181.02,-0.5882101274333038,0.7945481771231244,-0.2637899948048773
181.04,-0.6366164471472664,0.7627662500381994,-0.26134523118296
181.06,-0.6852672432234208,0.7238945084497143,-0.25205512941967423
181.08,-0.7436970937872445,0.7143599303242367,-0.25205512941967423
181.1,-0.7436970937872445,0.7143599303242367,-0.25205512941967423
181.12,-0.7965039880206582,0.7023805885768419,-0.26647923478898633
181.14,-0.8165510497203802,0.7055587812853344,-0.30412859456651287
181.16,-0.7818354062891544,0.7383186138190263,-0.3356660452892461
181.18,-0.7280506066069736,0.7608104391406656,-0.3075512636371971
181.2,-0.6872230541209546,0.755920911896831,-0.25645570393912537
181.22,-0.6473734070837026,0.739540995629985,-0.18629098799009872
181.24,-0.5960333710234391,0.6957797267976652,-0.13959600281147816
181.26,-0.5696299239067323,0.6644867524371237,-0.15646487180270757
181.28,-0.5864987928979617,0.664242276074932,-0.201448522445986
181.3,-0.5938330837637136,0.6820890505149283,-0.22027320233474926
181.32,-0.6114353818415181,0.7182715521193045,-0.21880634416159886
181.34,-0.6390612107691838,0.7507869082908046,-0.23885340586132078
181.36,-0.6537297925006875,0.7869694098951807,-0.26990190385967056
181.38,-0.6549521743116462,0.8065275188705192,-0.28432600922898266
181.4,-0.6485957888946612,0.8226629587751734,-0.2821257219692571
181.42,-0.6595972251932891,0.823885340586132,-0.27087980930843747
181.44,-0.6830669559636953,0.7965039880206582,-0.25841151483665925
181.46,-0.7062922103719097,0.760321486416282,-0.2598783730098096
181.48,-0.7116706903401278,0.7366072792836842,-0.26427894752926073
181.5,-0.7199828866546466,0.7153378357730037,-0.2606118020963848
181.52,-0.7275616538825902,0.6984689667817743,-0.25474436940378326
181.54,-0.7432081410628609,0.692357057726981,-0.26012284937200136
181.56,-0.7632552027625829,0.6637533233505485,-0.25498884576597497
181.58,-0.7725453045258687,0.6517739816031537,-0.2500993185221404
181.6,-0.7720563518014851,0.6554411270360296,-0.2625676129939186
181.62,-0.7512758610151881,0.6373498762338417,-0.28261467469364054
181.64,-0.7373407083702594,0.627081869021789,-0.2779696238119977
181.66,-0.7082480212694435,0.6598417015554808,-0.2535219875928246
181.68,-0.6608196070042478,0.688689912294105,-0.24325398038077192
181.7,-0.6412614980289093,0.7089814503560187,-0.25278855850624943
181.72,-0.6586193197445221,0.7282950829691655,-0.27112428567062924
181.74,-0.6838003850502704,0.7334290865751918,-0.28114781652049015
181.76,-0.7102038321669774,0.7397854719921767,-0.2884821073862421
181.78,-0.7353848974727256,0.740518901078752,-0.2901934419215842
181.8,-0.7270727011582068,0.7263392720716315,-0.2735690492925465
181.829,-0.7102038321669774,0.7168046939461541,-0.2618341839073435
181.84,-0.7075145921828683,0.7121596430645112,-0.25572227485255017
181.86,-0.717782599394921,0.708736973993827,-0.2478990312624148
181.88,-0.7163157412217706,0.6913791522782141,-0.25792256211227577
181.9,-0.7182715521193045,0.6860006723099961,-0.2725911438437796
181.92,-0.7102038321669774,0.6935794395379397,-0.2760138129144638
181.94,-0.6926015340891727,0.7028695413012255,-0.28188124560706534
181.96,-0.6982244904195826,0.7131375485132782,-0.2796809583473398
181.98,-0.7045808758365676,0.714115453962045,-0.2796809583473398
182.0,-0.7109372612535525,0.7106927848913608,-0.2821257219692571
182.02,-0.7212052684656052,0.708736973993827,-0.28261467469364054
182.04,-0.7260947957094398,0.70775906854506,-0.28432600922898266
182.06,-0.7111817376157442,0.7058032576475262,-0.28554839103994134
182.08,-0.6935794395379397,0.7053143049231427,-0.2862818201265165
182.1,-0.6845338141368457,0.7031140176634172,-0.28677077285089997
182.12,-0.6847782904990374,0.7038474467499923,-0.2862818201265165
182.14,-0.6933349631757479,0.7043363994743758,-0.2901934419215842
182.16,-0.7102038321669774,0.6984689667817743,-0.2911713473703511
182.18,-0.7229166030009473,0.6872230541209546,-0.2892155364728173
182.2,-0.7290285120557406,0.6789108578064358,-0.28481496195336614
182.22,-0.7282950829691655,0.6754881887357516,-0.28090334015829843
182.24,-0.7226721266387556,0.6789108578064358,-0.2762582892766556
182.26,-0.7251168902606729,0.6816000977905449,-0.2686795220487119
182.28,-0.7383186138190263,0.6793998105308193,-0.2686795220487119
182.3,-0.7410078538031354,0.6813556214283532,-0.2755248601900804
182.32,-0.7329401338508083,0.6791553341686276,-0.2757693365522721
182.34,-0.7300064175045076,0.6789108578064358,-0.267701616599945
182.36,-0.7351404211105339,0.6762216178223268,-0.25792256211227577
182.38,-0.7344069920239586,0.6767105705467102,-0.2574336093878923
182.4,-0.7410078538031354,0.6727989487516426,-0.2625676129939186
182.42,-0.7502979555664212,0.6713320905784922,-0.2598783730098096
182.44,-0.7627662500381994,0.6710876142163005,-0.25449989304159154
182.46,-0.764966537297925,0.6666870396968493,-0.25327751123063286
182.48,-0.764966537297925,0.6666870396968493,-0.25327751123063286
182.5,-0.7588546282431318,0.6657091342480824,-0.25058827124652383
182.52,-0.752253766463955,0.6649757051615072,-0.25058827124652383
182.54,-0.7502979555664212,0.6620419888152064,-0.25523332212816674
182.56,-0.7524982428261467,0.6551966506738379,-0.2606118020963848
182.58,-0.7598325336918986,0.658863796106714,-0.25865599119885097
182.6,-0.761299391865049,0.6639977997127403,-0.2542554166793998
182.62,-0.7532316719127219,0.6698652324053418,-0.25621122757693365
182.64,-0.7424747119762858,0.6771995232710937,-0.25792256211227577
182.66,-0.7309843229532744,0.6806221923417779,-0.25841151483665925
182.68,-0.7243834611740977,0.6891788650184885,-0.2635455184426856
182.7,-0.7253613666228647,0.6891788650184885,-0.26574580570241113
182.72,-0.7280506066069736,0.6874675304831463,-0.2652568529780277
182.74,-0.7297619411423157,0.6857561959478042,-0.26745714023775324
182.76,-0.7356293738349173,0.684289337774654,-0.2655013293402194
182.78,-0.7392965192677933,0.6830669559636953,-0.2618341839073435
182.8,-0.739540995629985,0.6828224796015036,-0.2598783730098096
182.82,-0.740518901078752,0.6828224796015036,-0.25767808575008405
182.849,-0.7346514683861504,0.684289337774654,-0.25596675121474194
182.86,-0.7300064175045076,0.6869785777587629,-0.25498884576597497
182.88,-0.7282950829691655,0.6867341013965712,-0.25572227485255017
182.9,-0.7253613666228647,0.6855117195856125,-0.25718913302570057
182.92,-0.7265837484338233,0.6835559086880787,-0.2596338966476179
182.94,-0.7234055557253308,0.6818445741527366,-0.2603673257341931
182.96,-0.7197384102924549,0.6850227668612291,-0.2596338966476179
182.98,-0.721449744827797,0.6857561959478042,-0.26012284937200136
183.0,-0.7243834611740977,0.6906457231916389,-0.2581670384744675
183.02,-0.7366072792836842,0.6901567704672554,-0.2542554166793998
183.04,-0.739540995629985,0.6850227668612291,-0.25498884576597497
183.06,-0.735873850197109,0.6798887632552028,-0.2596338966476179
183.08,-0.7353848974727256,0.674265806924793,-0.2637899948048773
183.1,-0.7392965192677933,0.6720655196650673,-0.26427894752926073
183.12,-0.7351404211105339,0.6752437123735598,-0.26672371115117804
183.14,-0.7341625156617669,0.6811111450661614,-0.2645234238914525
183.16,-0.7361183265593008,0.6852672432234208,-0.2669681875133698
183.18,-0.7370962320080677,0.6825780032393118,-0.27112428567062924
183.2,-0.7385630901812181,0.6803777159795862,-0.27112428567062924
183.22,-0.7344069920239586,0.6830669559636953,-0.2725911438437796
183.24,-0.7326956574886165,0.6850227668612291,-0.27234666748158787
183.26,-0.733184610213,0.6845338141368457,-0.26965742749747884
183.28,-0.7292729884179323,0.6862451486721878,-0.26745714023775324
183.3,-0.7280506066069736,0.6869785777587629,-0.26501237661583593
183.32,-0.7256058429850564,0.6874675304831463,-0.26965742749747884
183.34,-0.721449744827797,0.6899122941050637,-0.2686795220487119
183.36,-0.7209607921034135,0.6943128686245148,-0.26892399841090364
183.38,-0.7251168902606729,0.697735537695199,-0.26843504568652016
183.4,-0.7287840356935489,0.6952907740732818,-0.2662347584267946
183.42,-0.726828224796015,0.6916236286404058,-0.2652568529780277
183.44,-0.7207163157412217,0.6889343886562967,-0.26794609296213673
183.46,-0.7270727011582068,0.6874675304831463,-0.26745714023775324
183.48,-0.7248724138984812,0.6899122941050637,-0.26672371115117804
183.5,-0.7238945084497143,0.6928460104513645,-0.267701616599945
183.52,-0.7263392720716315,0.6918681050025975,-0.2669681875133698
183.54,-0.7251168902606729,0.6930904868135562,-0.26574580570241113
183.56,-0.7209607921034135,0.6921125813647893,-0.267701616599945
183.58,-0.7180270757571127,0.6943128686245148,-0.2662347584267946
183.6,-0.7187605048436879,0.6972465849708156,-0.26843504568652016
183.62,-0.7221831739143721,0.6945573449867066,-0.26721266387556153
183.64,-0.7246279375362894,0.6908901995538306,-0.26574580570241113
183.66,-0.7265837484338233,0.6882009595697216,-0.2645234238914525
183.68,-0.7265837484338233,0.6867341013965712,-0.26599028206460285
183.7,-0.7256058429850564,0.6847782904990374,-0.26892399841090364
183.72,-0.7312287993154661,0.6857561959478042,-0.26794609296213673
183.74,-0.7341625156617669,0.6850227668612291,-0.2645234238914525
183.76,-0.7329401338508083,0.6862451486721878,-0.2645234238914525
183.78,-0.7285395593313572,0.6872230541209546,-0.26427894752926073
183.8,-0.726828224796015,0.6869785777587629,-0.2633010420804938
183.82,-0.7290285120557406,0.6852672432234208,-0.2620786602695352
183.84,-0.7344069920239586,0.6847782904990374,-0.2606118020963848
183.869,-0.7348959447483421,0.68233352687712,-0.25938942028542616
183.88,-0.7348959447483421,0.68233352687712,-0.25938942028542616
183.9,-0.7346514683861504,0.6820890505149283,-0.2598783730098096
183.92,-0.733184610213,0.6811111450661614,-0.25938942028542616
183.94,-0.7341625156617669,0.683311432325887,-0.2603673257341931
183.96,-0.7326956574886165,0.6864896250343795,-0.2596338966476179
183.98,-0.7348959447483421,0.6882009595697216,-0.2596338966476179
184.0,-0.7324511811264248,0.6882009595697216,-0.2611007548207683
184.02,-0.7348959447483421,0.6891788650184885,-0.2596338966476179
184.04,-0.7326956574886165,0.6838003850502704,-0.2596338966476179
184.06,-0.7290285120557406,0.6864896250343795,-0.2618341839073435
184.08,-0.7307398465910827,0.6869785777587629,-0.2618341839073435
184.1,-0.7307398465910827,0.6855117195856125,-0.2596338966476179
184.12,-0.7302508938666993,0.6918681050025975,-0.2589004675610427
184.14,-0.7336735629373835,0.6904012468294471,-0.25767808575008405
184.16,-0.7329401338508083,0.692357057726981,-0.25865599119885097
184.18,-0.7292729884179323,0.6943128686245148,-0.2591449439232344
184.2,-0.7278061302447819,0.6911346759160224,-0.2581670384744675
184.22,-0.7297619411423157,0.6847782904990374,-0.25523332212816674
184.24,-0.7302508938666993,0.6808666687039697,-0.25376646395501634
184.26,-0.7312287993154661,0.6820890505149283,-0.25376646395501634
184.28,-0.7326956574886165,0.6830669559636953,-0.25474436940378326
184.3,-0.7278061302447819,0.6825780032393118,-0.25523332212816674
184.32,-0.7273171775203985,0.6877120068453382,-0.25401094031720806
184.34,-0.7265837484338233,0.6911346759160224,-0.25205512941967423
184.36,-0.729517464780124,0.6913791522782141,-0.25376646395501634
184.38,-0.7317177520398497,0.689667817742872,-0.25547779849035845
184.4,-0.7314732756776579,0.6872230541209546,-0.25694465666350885
184.42,-0.7329401338508083,0.6847782904990374,-0.25278855850624943
184.44,-0.7334290865751918,0.6850227668612291,-0.25205512941967423
184.46,-0.7319622284020414,0.6872230541209546,-0.25449989304159154
184.48,-0.7300064175045076,0.6869785777587629,-0.2535219875928246
184.5,-0.7282950829691655,0.6860006723099961,-0.2518106530574825
184.52,-0.7312287993154661,0.6867341013965712,-0.25058827124652383
184.54,-0.7322067047642331,0.6884454359319133,-0.2508327476087156
184.56,-0.7344069920239586,0.6879564832075299,-0.2510772239709073
184.58,-0.7353848974727256,0.6872230541209546,-0.2500993185221404
184.6,-0.7341625156617669,0.6882009595697216,-0.2510772239709073
184.62,-0.7322067047642331,0.6869785777587629,-0.24863246034899
184.64,-0.7285395593313572,0.6855117195856125,-0.2493658894355652
184.66,-0.7280506066069736,0.6857561959478042,-0.2503437948843321
184.68,-0.7300064175045076,0.6889343886562967,-0.24961036579775692
184.7,-0.7322067047642331,0.6894233413806803,-0.24961036579775692
184.72,-0.7334290865751918,0.6901567704672554,-0.2510772239709073
184.74,-0.7329401338508083,0.6911346759160224,-0.24961036579775692
184.76,-0.7300064175045076,0.6894233413806803,-0.25205512941967423
184.78,-0.726828224796015,0.6891788650184885,-0.2503437948843321
184.8,-0.7280506066069736,0.6918681050025975,-0.2503437948843321
184.82,-0.7287840356935489,0.6906457231916389,-0.25058827124652383
184.84,-0.7309843229532744,0.689667817742872,-0.2508327476087156
184.86,-0.7341625156617669,0.6904012468294471,-0.2471656021758396
184.888,-0.7317177520398497,0.6879564832075299,-0.24741007853803135
184.9,-0.7278061302447819,0.6906457231916389,-0.24961036579775692
184.92,-0.7292729884179323,0.6889343886562967,-0.2493658894355652
184.94,-0.7339180392995752,0.6891788650184885,-0.24985484215994866
184.96,-0.7344069920239586,0.6904012468294471,-0.2503437948843321
184.98,-0.7346514683861504,0.6891788650184885,-0.2508327476087156
185.0,-0.7314732756776579,0.6904012468294471,-0.25205512941967423
185.02,-0.730495370228891,0.6906457231916389,-0.25132170033309903
185.04,-0.7309843229532744,0.6904012468294471,-0.24985484215994866
185.06,-0.7307398465910827,0.6882009595697216,-0.24887693671118175
185.08,-0.7351404211105339,0.6891788650184885,-0.2500993185221404
185.1,-0.7361183265593008,0.6877120068453382,-0.24838798398679826
185.12,-0.730495370228891,0.6889343886562967,-0.25132170033309903
185.14,-0.7290285120557406,0.688689912294105,-0.2508327476087156
185.16,-0.7317177520398497,0.6877120068453382,-0.25229960578186594
185.18,-0.7309843229532744,0.6911346759160224,-0.2518106530574825
185.2,-0.7319622284020414,0.6891788650184885,-0.25132170033309903
185.22,-0.7329401338508083,0.689667817742872,-0.24912141307337346
185.24,-0.7314732756776579,0.6901567704672554,-0.24985484215994866
185.26,-0.7302508938666993,0.6874675304831463,-0.24985484215994866
185.28,-0.7302508938666993,0.6874675304831463,-0.24985484215994866
185.3,-0.7302508938666993,0.6894233413806803,-0.2493658894355652
185.32,-0.7300064175045076,0.6906457231916389,-0.24961036579775692
185.34,-0.7307398465910827,0.6908901995538306,-0.25058827124652383
185.36,-0.7273171775203985,0.6904012468294471,-0.2510772239709073
185.38,-0.7278061302447819,0.6889343886562967,-0.25303303486844114
185.4,-0.7292729884179323,0.6908901995538306,-0.25132170033309903
185.42,-0.7322067047642331,0.6918681050025975,-0.25156617669529074
185.44,-0.729517464780124,0.6901567704672554,-0.25278855850624943
185.46,-0.7312287993154661,0.6916236286404058,-0.25303303486844114
185.48,-0.7300064175045076,0.6908901995538306,-0.25621122757693365
185.5,-0.726828224796015,0.6972465849708156,-0.2620786602695352
185.52,-0.7197384102924549,0.6982244904195826,-0.25694465666350885
185.54,-0.7224276502765639,0.6933349631757479,-0.2500993185221404
185.56,-0.730495370228891,0.6869785777587629,-0.24985484215994866
185.58,-0.7312287993154661,0.6864896250343795,-0.2503437948843321
185.6,-0.7297619411423157,0.6840448614124621,-0.24741007853803135
185.62,-0.733184610213,0.6847782904990374,-0.2454542676404975
185.64,-0.7334290865751918,0.6904012468294471,-0.24814350762460655
185.66,-0.7336735629373835,0.6938239159001314,-0.25229960578186594
185.68,-0.7302508938666993,0.6945573449867066,-0.24887693671118175
185.7,-0.730495370228891,0.6918681050025975,-0.2493658894355652
185.72,-0.724138984811906,0.6928460104513645,-0.2525440821440577
185.74,-0.7251168902606729,0.6921125813647893,-0.25278855850624943
185.76,-0.726828224796015,0.6891788650184885,-0.2500993185221404
185.78,-0.7263392720716315,0.6928460104513645,-0.2500993185221404
185.8,-0.729517464780124,0.6943128686245148,-0.25058827124652383
185.82,-0.7285395593313572,0.6928460104513645,-0.25132170033309903
185.84,-0.7246279375362894,0.6960242031598569,-0.2510772239709073
185.86,-0.724138984811906,0.6945573449867066,-0.25205512941967423
185.88,-0.7251168902606729,0.69504629771109,-0.25229960578186594
185.909,-0.7260947957094398,0.6940683922623231,-0.2518106530574825
185.92,-0.7282950829691655,0.6930904868135562,-0.25303303486844114
185.94,-0.7292729884179323,0.6938239159001314,-0.25156617669529074
185.96,-0.7273171775203985,0.6918681050025975,-0.25156617669529074
185.98,-0.7226721266387556,0.6957797267976652,-0.2535219875928246
186.0,-0.7202273630168383,0.6962686795220487,-0.25474436940378326
186.02,-0.72047183937903,0.6974910613330073,-0.25376646395501634
186.04,-0.7251168902606729,0.6967576322464322,-0.25132170033309903
186.06,-0.7246279375362894,0.6948018213488983,-0.2518106530574825
186.08,-0.7231610793631391,0.6943128686245148,-0.25229960578186594
186.1,-0.7251168902606729,0.6945573449867066,-0.2508327476087156
186.12,-0.7273171775203985,0.6952907740732818,-0.2503437948843321
186.14,-0.7270727011582068,0.6938239159001314,-0.2500993185221404
186.16,-0.7260947957094398,0.6943128686245148,-0.2508327476087156
186.18,-0.7260947957094398,0.6943128686245148,-0.25132170033309903
186.2,-0.7256058429850564,0.6938239159001314,-0.25156617669529074
186.22,-0.7260947957094398,0.69504629771109,-0.2525440821440577
186.24,-0.7251168902606729,0.6935794395379397,-0.25205512941967423
186.26,-0.7256058429850564,0.6933349631757479,-0.2510772239709073
186.28,-0.724138984811906,0.6940683922623231,-0.25058827124652383
186.3,-0.7219386975521804,0.6938239159001314,-0.24985484215994866
186.32,-0.7229166030009473,0.6933349631757479,-0.25058827124652383
186.34,-0.7238945084497143,0.6933349631757479,-0.2518106530574825
186.36,-0.7248724138984812,0.6938239159001314,-0.25132170033309903
186.38,-0.7275616538825902,0.6938239159001314,-0.2503437948843321
186.4,-0.7278061302447819,0.6940683922623231,-0.2500993185221404
186.42,-0.7263392720716315,0.6943128686245148,-0.24985484215994866
186.44,-0.7265837484338233,0.6935794395379397,-0.2500993185221404
186.46,-0.7263392720716315,0.6921125813647893,-0.24838798398679826
186.48,-0.7285395593313572,0.6938239159001314,-0.24887693671118175
186.5,-0.7278061302447819,0.6918681050025975,-0.24887693671118175
186.52,-0.7219386975521804,0.6894233413806803,-0.2508327476087156
186.54,-0.7221831739143721,0.6967576322464322,-0.25303303486844114
186.56,-0.7297619411423157,0.7021361122146502,-0.2518106530574825
186.58,-0.729517464780124,0.6960242031598569,-0.2469211258136479
186.6,-0.7280506066069736,0.698713443143966,-0.2461876967270727
186.62,-0.7300064175045076,0.6930904868135562,-0.24349845674296366
186.64,-0.7273171775203985,0.6884454359319133,-0.24594322036488098
186.66,-0.7319622284020414,0.6882009595697216,-0.24667664945145615
186.68,-0.7319622284020414,0.6882009595697216,-0.24667664945145615
186.7,-0.7344069920239586,0.689667817742872,-0.24349845674296366
186.72,-0.7300064175045076,0.6913791522782141,-0.24423188582953886
186.74,-0.7253613666228647,0.6945573449867066,-0.24520979127830578
186.76,-0.7282950829691655,0.6926015340891727,-0.2469211258136479
186.78,-0.7297619411423157,0.6933349631757479,-0.25058827124652383
186.8,-0.7317177520398497,0.69504629771109,-0.24961036579775692
186.82,-0.7290285120557406,0.6945573449867066,-0.25303303486844114
186.84,-0.7312287993154661,0.6965131558842405,-0.25694465666350885
186.86,-0.7263392720716315,0.6916236286404058,-0.2581670384744675
186.88,-0.7224276502765639,0.69504629771109,-0.2596338966476179
186.9,-0.7238945084497143,0.6957797267976652,-0.25938942028542616
186.928,-0.7187605048436879,0.6921125813647893,-0.25547779849035845
186.94,-0.7224276502765639,0.6933349631757479,-0.25449989304159154
186.96,-0.7256058429850564,0.6930904868135562,-0.25229960578186594
186.98,-0.7256058429850564,0.6933349631757479,-0.2500993185221404
187.0,-0.7290285120557406,0.6948018213488983,-0.2525440821440577
187.02,-0.7297619411423157,0.6952907740732818,-0.2508327476087156
187.04,-0.7275616538825902,0.6940683922623231,-0.24961036579775692
187.06,-0.7253613666228647,0.6930904868135562,-0.2503437948843321
187.08,-0.7248724138984812,0.6918681050025975,-0.25303303486844114
187.1,-0.7287840356935489,0.6928460104513645,-0.2510772239709073
187.12,-0.7317177520398497,0.6921125813647893,-0.24961036579775692
187.14,-0.729517464780124,0.6928460104513645,-0.2500993185221404
187.16,-0.7309843229532744,0.6921125813647893,-0.25132170033309903
187.18,-0.730495370228891,0.6877120068453382,-0.2518106530574825
187.2,-0.7336735629373835,0.6867341013965712,-0.2503437948843321
187.22,-0.7339180392995752,0.6850227668612291,-0.25132170033309903
187.24,-0.7344069920239586,0.6857561959478042,-0.24985484215994866
187.26,-0.7353848974727256,0.6864896250343795,-0.24912141307337346
187.28,-0.7319622284020414,0.6891788650184885,-0.2493658894355652
187.3,-0.7302508938666993,0.6908901995538306,-0.24912141307337346
187.32,-0.7292729884179323,0.6904012468294471,-0.24985484215994866
187.34,-0.7307398465910827,0.6874675304831463,-0.25327751123063286
187.36,-0.7339180392995752,0.6872230541209546,-0.25156617669529074
187.38,-0.736851755645876,0.6838003850502704,-0.25058827124652383
187.4,-0.7370962320080677,0.683311432325887,-0.25156617669529074
187.42,-0.7388075665434098,0.6830669559636953,-0.2503437948843321
187.44,-0.7385630901812181,0.6816000977905449,-0.25229960578186594
187.46,-0.7400299483543684,0.6816000977905449,-0.24887693671118175
187.48,-0.7392965192677933,0.6784219050820524,-0.2500993185221404
187.5,-0.7380741374568346,0.6798887632552028,-0.25132170033309903
187.52,-0.7427191883384775,0.6813556214283532,-0.24594322036488098
187.54,-0.7383186138190263,0.6803777159795862,-0.24276502765638847
187.56,-0.7322067047642331,0.6847782904990374,-0.24594322036488098
187.58,-0.7348959447483421,0.6862451486721878,-0.2471656021758396
187.6,-0.7390520429056016,0.6882009595697216,-0.24594322036488098
187.62,-0.740518901078752,0.6906457231916389,-0.2461876967270727
187.64,-0.7402744247165602,0.689667817742872,-0.24667664945145615
187.66,-0.7388075665434098,0.6891788650184885,-0.24398740946734712
187.68,-0.7334290865751918,0.689667817742872,-0.24252055129419675
187.7,-0.7300064175045076,0.6918681050025975,-0.2430095040185802
187.72,-0.7300064175045076,0.6943128686245148,-0.2430095040185802
187.74,-0.729517464780124,0.6938239159001314,-0.24105369312104635
187.76,-0.7278061302447819,0.69504629771109,-0.24643217308926443
187.78,-0.7265837484338233,0.6962686795220487,-0.24887693671118175
187.8,-0.7265837484338233,0.6965131558842405,-0.2454542676404975
187.82,-0.7260947957094398,0.698713443143966,-0.24447636219173058
187.84,-0.7260947957094398,0.6965131558842405,-0.24569874400268923
187.86,-0.7270727011582068,0.6955352504354735,-0.24741007853803135
187.88,-0.7341625156617669,0.6906457231916389,-0.24496531491611404
187.9,-0.7336735629373835,0.6884454359319133,-0.24472083855392232
187.92,-0.7309843229532744,0.6862451486721878,-0.24374293310515538
187.948,-0.7317177520398497,0.6867341013965712,-0.24203159856981327
187.96,-0.733184610213,0.688689912294105,-0.2390978822235125
187.98,-0.7329401338508083,0.689667817742872,-0.2398313113100877
188.0,-0.735873850197109,0.6891788650184885,-0.2415426458454298
188.02,-0.7341625156617669,0.6884454359319133,-0.23885340586132078
188.04,-0.7363628029214925,0.6891788650184885,-0.2366531186015952
188.06,-0.7363628029214925,0.6891788650184885,-0.2366531186015952
188.08,-0.7373407083702594,0.6894233413806803,-0.2390978822235125
188.1,-0.7383186138190263,0.6867341013965712,-0.23934235858570424
188.12,-0.736851755645876,0.6847782904990374,-0.23885340586132078
188.14,-0.740518901078752,0.6855117195856125,-0.23591968951502001
188.16,-0.739540995629985,0.6847782904990374,-0.23371940225529445
188.18,-0.7388075665434098,0.6862451486721878,-0.23543073679063656
188.2,-0.7400299483543684,0.6850227668612291,-0.23616416587721173
188.22,-0.7454084283225866,0.6845338141368457,-0.23518626042844482
188.24,-0.7478531919445038,0.6828224796015036,-0.23518626042844482
188.26,-0.7478531919445038,0.6808666687039697,-0.23543073679063656
188.28,-0.7446749992360113,0.6808666687039697,-0.23518626042844482
188.3,-0.7434526174250528,0.6825780032393118,-0.23371940225529445
188.32,-0.7436970937872445,0.6811111450661614,-0.2342083549796779
188.34,-0.7446749992360113,0.6808666687039697,-0.2349417840662531
188.36,-0.7402744247165602,0.6847782904990374,-0.23591968951502001
188.38,-0.7356293738349173,0.6860006723099961,-0.23543073679063656
188.4,-0.7344069920239586,0.6864896250343795,-0.23518626042844482
188.42,-0.7451639519603949,0.6882009595697216,-0.23640864223940347
188.44,-0.7507869082908046,0.6850227668612291,-0.23445283134186962
188.46,-0.7444305228738196,0.6830669559636953,-0.23469730770406136
188.48,-0.7380741374568346,0.6828224796015036,-0.2342083549796779
188.5,-0.7392965192677933,0.684289337774654,-0.23298597316871925
188.52,-0.7414968065275188,0.6835559086880787,-0.23445283134186962
188.54,-0.7439415701494362,0.6840448614124621,-0.23078568590899368
188.56,-0.7454084283225866,0.683311432325887,-0.2310301622711854
188.58,-0.7427191883384775,0.6852672432234208,-0.23396387861748616
188.6,-0.7380741374568346,0.688689912294105,-0.23616416587721173
188.62,-0.7329401338508083,0.6894233413806803,-0.23714207132597867
188.64,-0.7302508938666993,0.6908901995538306,-0.23518626042844482
188.66,-0.7309843229532744,0.6894233413806803,-0.23860892949912904
188.68,-0.7385630901812181,0.6882009595697216,-0.2398313113100877
188.7,-0.7412523301653271,0.684289337774654,-0.23958683494789598
188.72,-0.7385630901812181,0.683311432325887,-0.23934235858570424
188.74,-0.7346514683861504,0.6852672432234208,-0.2398313113100877
188.76,-0.7312287993154661,0.6874675304831463,-0.23860892949912904
188.78,-0.733184610213,0.6906457231916389,-0.23860892949912904
188.8,-0.7314732756776579,0.6906457231916389,-0.2398313113100877
188.82,-0.7322067047642331,0.6916236286404058,-0.242276074932005
188.84,-0.7346514683861504,0.692357057726981,-0.24252055129419675
188.86,-0.7329401338508083,0.6921125813647893,-0.24178712220762155
188.88,-0.7319622284020414,0.6906457231916389,-0.2390978822235125
188.9,-0.733184610213,0.6908901995538306,-0.23860892949912904
188.92,-0.7326956574886165,0.6901567704672554,-0.24007578767227944
188.94,-0.7312287993154661,0.6911346759160224,-0.23836445313693733
188.968,-0.7326956574886165,0.6908901995538306,-0.23860892949912904
188.98,-0.7336735629373835,0.6908901995538306,-0.2405647403966629
189.0,-0.7339180392995752,0.6928460104513645,-0.24032026403447115
189.02,-0.7344069920239586,0.6938239159001314,-0.2398313113100877
189.04,-0.7326956574886165,0.6933349631757479,-0.2390978822235125
189.06,-0.7282950829691655,0.692357057726981,-0.24032026403447115
189.08,-0.7270727011582068,0.6935794395379397,-0.24252055129419675
189.1,-0.7265837484338233,0.6938239159001314,-0.24105369312104635
189.12,-0.7287840356935489,0.6945573449867066,-0.24178712220762155
189.14,-0.7292729884179323,0.692357057726981,-0.24276502765638847
189.16,-0.7273171775203985,0.6948018213488983,-0.24423188582953886
189.18,-0.7270727011582068,0.6960242031598569,-0.24472083855392232
189.2,-0.7280506066069736,0.6940683922623231,-0.24594322036488098
189.22,-0.7287840356935489,0.6952907740732818,-0.24423188582953886
189.24,-0.7278061302447819,0.6955352504354735,-0.24398740946734712
189.26,-0.7236500320875225,0.6994468722305413,-0.2454542676404975
189.28,-0.7212052684656052,0.7006692540414998,-0.2461876967270727
189.3,-0.7246279375362894,0.6994468722305413,-0.24863246034899
189.32,-0.729517464780124,0.7001803013171164,-0.24887693671118175
189.34,-0.7246279375362894,0.6948018213488983,-0.24472083855392232
189.36,-0.7192494575680713,0.6943128686245148,-0.24594322036488098
189.38,-0.7216942211899887,0.6967576322464322,-0.24741007853803135
189.4,-0.7285395593313572,0.6940683922623231,-0.24643217308926443
189.42,-0.7282950829691655,0.6940683922623231,-0.24594322036488098
189.44,-0.7302508938666993,0.6960242031598569,-0.2471656021758396
189.46,-0.7302508938666993,0.6960242031598569,-0.2471656021758396
189.48,-0.7256058429850564,0.6952907740732818,-0.24838798398679826
189.5,-0.7221831739143721,0.698713443143966,-0.24838798398679826
189.52,-0.7216942211899887,0.6999358249549247,-0.24863246034899
189.54,-0.7231610793631391,0.7004247776793081,-0.24961036579775692
189.56,-0.7234055557253308,0.6982244904195826,-0.2471656021758396
189.58,-0.7216942211899887,0.6957797267976652,-0.24961036579775692
189.6,-0.7231610793631391,0.6967576322464322,-0.25058827124652383
189.62,-0.7253613666228647,0.6938239159001314,-0.2478990312624148
189.64,-0.7234055557253308,0.697735537695199,-0.24741007853803135
189.66,-0.724138984811906,0.6982244904195826,-0.24594322036488098
189.68,-0.7231610793631391,0.6970021086086239,-0.24667664945145615
189.7,-0.724138984811906,0.698713443143966,-0.24643217308926443
189.72,-0.7243834611740977,0.6957797267976652,-0.2471656021758396
189.74,-0.7243834611740977,0.6965131558842405,-0.24961036579775692
189.76,-0.7258503193472481,0.6974910613330073,-0.2469211258136479
189.78,-0.7256058429850564,0.6960242031598569,-0.2469211258136479
189.8,-0.7246279375362894,0.6979800140573909,-0.24594322036488098
189.82,-0.724138984811906,0.6994468722305413,-0.2469211258136479
189.84,-0.7226721266387556,0.6984689667817743,-0.2471656021758396
189.86,-0.7231610793631391,0.6999358249549247,-0.2471656021758396
189.88,-0.7226721266387556,0.6984689667817743,-0.24863246034899
189.9,-0.7224276502765639,0.6979800140573909,-0.24887693671118175
189.92,-0.7226721266387556,0.698713443143966,-0.24667664945145615
189.94,-0.7238945084497143,0.6989579195061577,-0.2476545549002231
189.96,-0.7251168902606729,0.697735537695199,-0.2478990312624148
189.988,-0.7231610793631391,0.6960242031598569,-0.2469211258136479
190.0,-0.7221831739143721,0.6984689667817743,-0.2471656021758396
190.02,-0.7231610793631391,0.6994468722305413,-0.2471656021758396
190.04,-0.7236500320875225,0.6982244904195826,-0.24863246034899
190.06,-0.7226721266387556,0.697735537695199,-0.2478990312624148
190.08,-0.7253613666228647,0.6984689667817743,-0.24594322036488098
190.1,-0.7251168902606729,0.6965131558842405,-0.2469211258136479
190.12,-0.7260947957094398,0.6945573449867066,-0.2476545549002231
190.14,-0.7258503193472481,0.6945573449867066,-0.24667664945145615
190.16,-0.7251168902606729,0.6945573449867066,-0.24496531491611404
190.18,-0.7238945084497143,0.6970021086086239,-0.24985484215994866
190.2,-0.7226721266387556,0.6970021086086239,-0.24912141307337346
190.22,-0.7256058429850564,0.6982244904195826,-0.24985484215994866
190.24,-0.7282950829691655,0.6984689667817743,-0.2518106530574825
190.26,-0.7282950829691655,0.6957797267976652,-0.24985484215994866
190.28,-0.721449744827797,0.6960242031598569,-0.24863246034899
190.3,-0.7207163157412217,0.6967576322464322,-0.25058827124652383
190.32,-0.724138984811906,0.6911346759160224,-0.24887693671118175
190.34,-0.7282950829691655,0.6940683922623231,-0.2493658894355652
190.36,-0.7307398465910827,0.6952907740732818,-0.24912141307337346
190.38,-0.7285395593313572,0.69504629771109,-0.2508327476087156
190.4,-0.7263392720716315,0.69504629771109,-0.25229960578186594
190.42,-0.7263392720716315,0.6935794395379397,-0.24887693671118175
190.44,-0.7246279375362894,0.6955352504354735,-0.24863246034899
190.46,-0.7253613666228647,0.6974910613330073,-0.2476545549002231
190.48,-0.7256058429850564,0.6962686795220487,-0.24985484215994866
190.5,-0.7253613666228647,0.6952907740732818,-0.2508327476087156
190.52,-0.7251168902606729,0.6948018213488983,-0.2503437948843321
190.54,-0.7238945084497143,0.6952907740732818,-0.24961036579775692
190.56,-0.7216942211899887,0.6960242031598569,-0.2518106530574825
190.58,-0.7253613666228647,0.6945573449867066,-0.2500993185221404
190.6,-0.726828224796015,0.6943128686245148,-0.2500993185221404
190.62,-0.7263392720716315,0.69504629771109,-0.2500993185221404
190.64,-0.7253613666228647,0.6952907740732818,-0.25058827124652383
190.66,-0.7234055557253308,0.69504629771109,-0.2510772239709073
190.68,-0.724138984811906,0.6945573449867066,-0.2508327476087156
190.7,-0.7270727011582068,0.69504629771109,-0.24863246034899
190.72,-0.7253613666228647,0.6957797267976652,-0.2493658894355652
190.74,-0.7246279375362894,0.6974910613330073,-0.25058827124652383
190.76,-0.7238945084497143,0.6965131558842405,-0.25132170033309903
190.78,-0.7236500320875225,0.6979800140573909,-0.2525440821440577
190.8,-0.7251168902606729,0.6984689667817743,-0.2508327476087156
190.82,-0.726828224796015,0.6972465849708156,-0.24814350762460655
190.84,-0.7275616538825902,0.6967576322464322,-0.2469211258136479
190.86,-0.7275616538825902,0.6967576322464322,-0.2469211258136479
190.88,-0.7275616538825902,0.6979800140573909,-0.24814350762460655
190.9,-0.7260947957094398,0.69504629771109,-0.24643217308926443
190.92,-0.7158267884973871,0.6906457231916389,-0.24594322036488098
190.94,-0.7341625156617669,0.6943128686245148,-0.2469211258136479
190.96,-0.7297619411423157,0.6943128686245148,-0.24961036579775692
190.98,-0.7243834611740977,0.6972465849708156,-0.24887693671118175
191.008,-0.7236500320875225,0.6982244904195826,-0.24594322036488098
191.02,-0.7248724138984812,0.6979800140573909,-0.2461876967270727
191.04,-0.7256058429850564,0.6960242031598569,-0.2469211258136479
191.06,-0.7273171775203985,0.6938239159001314,-0.24814350762460655
191.08,-0.7265837484338233,0.692357057726981,-0.24912141307337346
191.1,-0.7238945084497143,0.6938239159001314,-0.24741007853803135
191.12,-0.7226721266387556,0.6960242031598569,-0.2461876967270727
191.14,-0.7234055557253308,0.6952907740732818,-0.24667664945145615
191.16,-0.7238945084497143,0.6957797267976652,-0.24741007853803135
191.18,-0.7290285120557406,0.6948018213488983,-0.2430095040185802
191.2,-0.7297619411423157,0.692357057726981,-0.24178712220762155
191.22,-0.7253613666228647,0.6957797267976652,-0.242276074932005
191.24,-0.7256058429850564,0.6957797267976652,-0.24325398038077192
191.26,-0.7297619411423157,0.6943128686245148,-0.24374293310515538
191.28,-0.7307398465910827,0.6940683922623231,-0.24349845674296366
191.3,-0.7302508938666993,0.692357057726981,-0.24374293310515538
191.32,-0.7292729884179323,0.6928460104513645,-0.24374293310515538
191.34,-0.7292729884179323,0.6943128686245148,-0.2430095040185802
191.36,-0.7285395593313572,0.6945573449867066,-0.24325398038077192
191.38,-0.7285395593313572,0.6957797267976652,-0.242276074932005
191.4,-0.7322067047642331,0.6921125813647893,-0.24325398038077192
191.42,-0.7341625156617669,0.697735537695199,-0.24349845674296366
191.44,-0.7248724138984812,0.6916236286404058,-0.24032026403447115
191.46,-0.730495370228891,0.6926015340891727,-0.24496531491611404
191.48,-0.7290285120557406,0.6938239159001314,-0.24447636219173058
191.5,-0.730495370228891,0.6911346759160224,-0.2412981694832381
191.52,-0.7322067047642331,0.6972465849708156,-0.24349845674296366
191.54,-0.7314732756776579,0.6940683922623231,-0.24423188582953886
191.56,-0.7282950829691655,0.6918681050025975,-0.24203159856981327
191.58,-0.7246279375362894,0.692357057726981,-0.242276074932005
191.6,-0.7329401338508083,0.6926015340891727,-0.2408092167588546
191.62,-0.7238945084497143,0.6926015340891727,-0.24447636219173058
191.64,-0.7280506066069736,0.6957797267976652,-0.242276074932005
191.66,-0.729517464780124,0.6933349631757479,-0.24178712220762155
191.68,-0.7280506066069736,0.6933349631757479,-0.2415426458454298
191.7,-0.7263392720716315,0.6916236286404058,-0.24276502765638847
191.72,-0.726828224796015,0.6945573449867066,-0.24178712220762155
191.74,-0.726828224796015,0.6943128686245148,-0.2415426458454298
191.76,-0.7280506066069736,0.69504629771109,-0.24203159856981327
191.78,-0.7282950829691655,0.6957797267976652,-0.24203159856981327
191.8,-0.7246279375362894,0.6960242031598569,-0.24569874400268923
191.82,-0.7229166030009473,0.6972465849708156,-0.2454542676404975
191.84,-0.7234055557253308,0.6974910613330073,-0.24374293310515538
191.86,-0.7251168902606729,0.6972465849708156,-0.24325398038077192
191.88,-0.7280506066069736,0.6979800140573909,-0.24252055129419675
191.9,-0.7282950829691655,0.6974910613330073,-0.24276502765638847
191.92,-0.7258503193472481,0.6952907740732818,-0.24496531491611404
191.94,-0.724138984811906,0.6957797267976652,-0.24423188582953886
191.96,-0.7219386975521804,0.6984689667817743,-0.24594322036488098
191.98,-0.7234055557253308,0.7004247776793081,-0.24496531491611404
192.0,-0.7224276502765639,0.6999358249549247,-0.2461876967270727
192.028,-0.7216942211899887,0.6965131558842405,-0.24643217308926443
192.04,-0.7207163157412217,0.6984689667817743,-0.24838798398679826
192.06,-0.7275616538825902,0.6974910613330073,-0.24423188582953886
192.08,-0.715093359410812,0.6970021086086239,-0.2461876967270727
192.1,-0.7229166030009473,0.7031140176634172,-0.24594322036488098
192.12,-0.7226721266387556,0.6962686795220487,-0.2469211258136479
192.14,-0.7224276502765639,0.6992023958683494,-0.24887693671118175
192.16,-0.724138984811906,0.6965131558842405,-0.24643217308926443
192.18,-0.7238945084497143,0.6972465849708156,-0.2476545549002231
192.2,-0.7221831739143721,0.7006692540414998,-0.24985484215994866
192.22,-0.7199828866546466,0.7016471594902668,-0.2493658894355652
192.24,-0.7199828866546466,0.7016471594902668,-0.2493658894355652
192.26,-0.7219386975521804,0.699691348592733,-0.24838798398679826
192.28,-0.7212052684656052,0.6965131558842405,-0.24887693671118175
192.3,-0.7212052684656052,0.697735537695199,-0.24887693671118175
192.32,-0.7243834611740977,0.6992023958683494,-0.2500993185221404
192.34,-0.7231610793631391,0.6962686795220487,-0.24961036579775692
192.36,-0.7197384102924549,0.6962686795220487,-0.24912141307337346
192.38,-0.7216942211899887,0.6960242031598569,-0.2503437948843321
192.4,-0.7248724138984812,0.6972465849708156,-0.2518106530574825
192.42,-0.724138984811906,0.6965131558842405,-0.2510772239709073
192.44,-0.7251168902606729,0.6957797267976652,-0.25058827124652383
192.46,-0.7256058429850564,0.6940683922623231,-0.2503437948843321
192.48,-0.7273171775203985,0.6962686795220487,-0.25132170033309903
192.5,-0.7258503193472481,0.6962686795220487,-0.2508327476087156
192.52,-0.7236500320875225,0.6960242031598569,-0.2508327476087156
192.54,-0.7238945084497143,0.6957797267976652,-0.2518106530574825
192.56,-0.7253613666228647,0.6945573449867066,-0.2503437948843321
192.58,-0.7280506066069736,0.6928460104513645,-0.24887693671118175
192.6,-0.7280506066069736,0.6930904868135562,-0.24985484215994866
192.62,-0.7280506066069736,0.6940683922623231,-0.25278855850624943
192.64,-0.7273171775203985,0.6933349631757479,-0.25229960578186594
192.66,-0.7280506066069736,0.6938239159001314,-0.25132170033309903
192.68,-0.726828224796015,0.6938239159001314,-0.25058827124652383
192.7,-0.7253613666228647,0.6928460104513645,-0.2493658894355652
192.72,-0.7258503193472481,0.6943128686245148,-0.2510772239709073
192.74,-0.730495370228891,0.6926015340891727,-0.24985484215994866
192.76,-0.7319622284020414,0.6908901995538306,-0.24961036579775692
192.78,-0.726828224796015,0.6908901995538306,-0.2500993185221404
192.8,-0.7256058429850564,0.6926015340891727,-0.2508327476087156
192.82,-0.7263392720716315,0.6928460104513645,-0.25132170033309903
192.84,-0.7290285120557406,0.6926015340891727,-0.2500993185221404
192.86,-0.7270727011582068,0.6935794395379397,-0.25327751123063286
192.88,-0.7246279375362894,0.6940683922623231,-0.2518106530574825
192.9,-0.7256058429850564,0.6943128686245148,-0.2542554166793998
192.92,-0.7280506066069736,0.6952907740732818,-0.25572227485255017
192.94,-0.7256058429850564,0.6921125813647893,-0.25278855850624943
192.96,-0.7234055557253308,0.6930904868135562,-0.2500993185221404
192.98,-0.7275616538825902,0.6938239159001314,-0.25058827124652383
193.0,-0.726828224796015,0.6908901995538306,-0.25058827124652383
193.02,-0.7314732756776579,0.6908901995538306,-0.2508327476087156
193.048,-0.729517464780124,0.6906457231916389,-0.25156617669529074
193.06,-0.7285395593313572,0.6904012468294471,-0.25278855850624943
193.08,-0.7302508938666993,0.6911346759160224,-0.25205512941967423
193.1,-0.7270727011582068,0.6933349631757479,-0.25278855850624943
193.12,-0.7300064175045076,0.6972465849708156,-0.2503437948843321
193.14,-0.7309843229532744,0.6945573449867066,-0.2500993185221404
193.16,-0.72047183937903,0.6918681050025975,-0.25449989304159154
193.18,-0.7224276502765639,0.6933349631757479,-0.25156617669529074
193.2,-0.7190049812058796,0.6940683922623231,-0.24838798398679826
193.22,-0.7172936466705375,0.6972465849708156,-0.25303303486844114
193.24,-0.72047183937903,0.6970021086086239,-0.2574336093878923
193.26,-0.7248724138984812,0.6952907740732818,-0.25572227485255017
193.28,-0.7248724138984812,0.697735537695199,-0.25841151483665925
193.3,-0.7231610793631391,0.6989579195061577,-0.2635455184426856
193.32,-0.72047183937903,0.6967576322464322,-0.26134523118296
193.34,-0.7199828866546466,0.6965131558842405,-0.2596338966476179
193.36,-0.7212052684656052,0.6943128686245148,-0.2581670384744675
193.38,-0.72047183937903,0.6930904868135562,-0.25767808575008405
193.4,-0.7197384102924549,0.6945573449867066,-0.2581670384744675
193.42,-0.7180270757571127,0.6984689667817743,-0.2620786602695352
193.44,-0.7199828866546466,0.6992023958683494,-0.2625676129939186
193.46,-0.724138984811906,0.6999358249549247,-0.2635455184426856
193.48,-0.7258503193472481,0.6994468722305413,-0.2623231366317269
193.5,-0.7270727011582068,0.6967576322464322,-0.2620786602695352
193.52,-0.7280506066069736,0.69504629771109,-0.2623231366317269
193.54,-0.7265837484338233,0.692357057726981,-0.2603673257341931
193.56,-0.7248724138984812,0.6908901995538306,-0.25767808575008405
193.58,-0.7238945084497143,0.6894233413806803,-0.25645570393912537
193.6,-0.7260947957094398,0.689667817742872,-0.25523332212816674
193.62,-0.7270727011582068,0.6904012468294471,-0.25401094031720806
193.64,-0.7270727011582068,0.6904012468294471,-0.25401094031720806
193.66,-0.7251168902606729,0.689667817742872,-0.25229960578186594
193.68,-0.7263392720716315,0.6940683922623231,-0.25278855850624943
193.7,-0.7265837484338233,0.6952907740732818,-0.25449989304159154
193.72,-0.7278061302447819,0.6930904868135562,-0.25767808575008405
193.74,-0.7278061302447819,0.689667817742872,-0.26012284937200136
193.76,-0.7253613666228647,0.6906457231916389,-0.2574336093878923
193.78,-0.7216942211899887,0.6913791522782141,-0.2591449439232344
193.8,-0.7224276502765639,0.6918681050025975,-0.26012284937200136
193.82,-0.7243834611740977,0.6945573449867066,-0.2606118020963848
193.84,-0.7258503193472481,0.6933349631757479,-0.25670018030131714
193.86,-0.721449744827797,0.6930904868135562,-0.25718913302570057
193.88,-0.72047183937903,0.6938239159001314,-0.2581670384744675
193.9,-0.7216942211899887,0.692357057726981,-0.2603673257341931
193.92,-0.7224276502765639,0.6943128686245148,-0.26012284937200136
193.94,-0.7236500320875225,0.6938239159001314,-0.2603673257341931
193.96,-0.7219386975521804,0.69504629771109,-0.2611007548207683
193.98,-0.7209607921034135,0.6965131558842405,-0.2611007548207683
194.0,-0.7187605048436879,0.6933349631757479,-0.26599028206460285
194.02,-0.7165602175839624,0.6940683922623231,-0.2645234238914525
194.04,-0.7224276502765639,0.6982244904195826,-0.2598783730098096
194.068,-0.7236500320875225,0.6984689667817743,-0.2625676129939186
194.08,-0.7226721266387556,0.6970021086086239,-0.26427894752926073
194.1,-0.7236500320875225,0.6906457231916389,-0.2618341839073435
194.12,-0.7219386975521804,0.6899122941050637,-0.2645234238914525
194.14,-0.7212052684656052,0.6860006723099961,-0.26843504568652016
194.16,-0.7278061302447819,0.6872230541209546,-0.26745714023775324
194.18,-0.7322067047642331,0.689667817742872,-0.27014638022186227
194.2,-0.7312287993154661,0.6894233413806803,-0.2747914311035052
194.22,-0.729517464780124,0.6874675304831463,-0.2774806710876142
194.24,-0.7260947957094398,0.6860006723099961,-0.2750359074656969
194.26,-0.724138984811906,0.6884454359319133,-0.2752803838278886
194.28,-0.7187605048436879,0.6874675304831463,-0.2762582892766556
194.3,-0.7256058429850564,0.6908901995538306,-0.2769917183632308
194.32,-0.7248724138984812,0.6911346759160224,-0.2796809583473398
194.34,-0.7256058429850564,0.6967576322464322,-0.2791920056229563
194.36,-0.7246279375362894,0.6962686795220487,-0.28114781652049015
194.38,-0.7126485957888946,0.7001803013171164,-0.2784585765363811
194.4,-0.714115453962045,0.7062922103719097,-0.2791920056229563
194.42,-0.7175381230327292,0.7011582067658834,-0.28554839103994134
194.44,-0.7180270757571127,0.7036029703878006,-0.29386058735446013
194.46,-0.7202273630168383,0.7067811630962931,-0.29826116187391133
194.48,-0.7089814503560187,0.7053143049231427,-0.2943495400788436
194.5,-0.6877120068453382,0.7094704030804021,-0.28530391467774957
194.52,-0.6556856033982215,0.7097148794425939,-0.2694129511352871
194.54,-0.635149588974116,0.7216942211899887,-0.2608562784585765
194.56,-0.6295266326437062,0.7329401338508083,-0.26012284937200136
194.58,-0.6285487271949394,0.7309843229532744,-0.25670018030131714
194.6,-0.6256150108486386,0.7373407083702594,-0.267701616599945
194.62,-0.6231702472267212,0.7412523301653271,-0.27234666748158787
194.64,-0.623414723588913,0.7256058429850564,-0.26794609296213673
194.66,-0.6278152981083641,0.7246279375362894,-0.2574336093878923
194.68,-0.6427283562020597,0.7402744247165602,-0.2398313113100877
194.7,-0.6862451486721878,0.7581211991565565,-0.22076215505913271
194.72,-0.7375851847324512,0.7632552027625829,-0.19949271154845216
194.74,-0.7617883445894325,0.7725453045258687,-0.18164593710845583
194.76,-0.7925923662255906,0.7444305228738196,-0.16917764263667756
194.78,-0.8277969623811997,0.6889343886562967,-0.14277419551997067
194.8,-0.8627570821746172,0.6828224796015036,-0.12566085016654951
194.82,-0.8825596675121474,0.6737768542004094,-0.10341350120710203
194.84,-0.8991840601411851,0.6441952143752101,-0.08018824679888763
194.86,-0.8727806130244782,0.6180362436206949,-0.08189958133422974
194.88,-0.8258411514836659,0.6011673746294655,-0.10463588301806069
194.9,-0.8072609479570944,0.5857653638113864,-0.1246829447177826
194.92,-0.8251077223970907,0.5918772728661797,-0.13055037741038414
194.94,-0.793081318949974,0.5884546037954955,-0.12639427925312471
194.96,-0.7576322464321731,0.6053234727867249,-0.13470647556764356
194.98,-0.7439415701494362,0.6339272071631574,-0.14057390826024507
195.0,-0.7045808758365676,0.6764660941845185,-0.13568438101641048
195.02,-0.6419949271154846,0.7361183265593008,-0.1271277083396999
195.04,-0.6419949271154846,0.7361183265593008,-0.1271277083396999
195.06,-0.6236591999511047,0.8045717079729854,-0.13299514103230142
195.089,-0.6459065489105522,0.8207071478776395,-0.14081838462243682
195.1,-0.6779329523576689,0.7962595116584665,-0.15206429728325643
195.12,-0.6989579195061577,0.7793906426672371,-0.1767564098646212
195.14,-0.7263392720716315,0.7608104391406656,-0.19607004247776794
195.16,-0.7429636647006692,0.7344069920239586,-0.20022614063502733
195.18,-0.7353848974727256,0.7373407083702594,-0.19484766066680928
195.2,-0.714115453962045,0.7444305228738196,-0.19435870794242582
195.22,-0.6913791522782141,0.7434526174250528,-0.19802585337530176
195.24,-0.7043363994743758,0.7456529046847783,-0.19802585337530176
195.26,-0.730495370228891,0.7434526174250528,-0.17333374079393699
195.28,-0.7373407083702594,0.7285395593313572,-0.1527977263698316
195.3,-0.7275616538825902,0.7060477340097179,-0.1615988754087339
195.32,-0.7109372612535525,0.7045808758365676,-0.17797879167557987
195.34,-0.6901567704672554,0.7229166030009473,-0.17382269351832044
195.36,-0.6884454359319133,0.7410078538031354,-0.16355468630626777
195.38,-0.6776884759954772,0.7556764355346393,-0.15524248999174892
195.4,-0.6630198942639733,0.7654554900223085,-0.15768725361366623
195.42,-0.6500626470678116,0.7691226354551844,-0.17406716988051218
195.44,-0.6349051126119243,0.7595880573297069,-0.19460318430461754
195.46,-0.632460348990007,0.7542095773614889,-0.19607004247776794
195.48,-0.651529505240962,0.735873850197109,-0.2029153806191364
195.5,-0.6757326650979433,0.7197384102924549,-0.21244995874461386
195.52,-0.7089814503560187,0.744919475598203,-0.23445283134186962
195.54,-0.7757234972343612,0.7424747119762858,-0.2478990312624148
195.56,-0.8123949515631207,0.7361183265593008,-0.24667664945145615
195.58,-0.754943006448064,0.7053143049231427,-0.24667664945145615
195.6,-0.7224276502765639,0.6718210433028756,-0.21758396235064023
195.62,-0.6583748433823304,0.6657091342480824,-0.16208782813311737
195.64,-0.5407817131681081,0.736851755645876,-0.15035296274791432
195.66,-0.5273355132475629,0.881092809338997,-0.1334840937566849
195.68,-0.7236500320875225,0.9505240962014485,-0.20878281331173792
195.7,-1.0219111939614338,0.8160620969959966,-0.3109739327078813
195.72,-0.9510130489258319,0.6725544723894509,-0.32588699080157685
195.74,-0.684289337774654,0.7710784463527183,-0.31708584176267457
195.76,-0.5745194511505669,0.8150841915472298,-0.23616416587721173
195.78,-0.6319713962656236,0.7388075665434098,-0.12321608654463222
195.8,-0.6432173089264431,0.6701097087675335,-0.11294807933257953
195.82,-0.6647312287993155,0.6659536106102741,-0.2102496714848883
195.84,-0.6539742688628793,0.6595972251932891,-0.2743024783791217
195.86,-0.6461510252727439,0.6749992360113681,-0.28505943831555786
195.88,-0.7089814503560187,0.6884454359319133,-0.2598783730098096
195.9,-0.7833022644623048,0.68233352687712,-0.2278519695626929
195.92,-0.7820798826513461,0.673287901476026,-0.23934235858570424
195.94,-0.7197384102924549,0.6811111450661614,-0.29532744552761053
195.96,-0.6617975124530147,0.6938239159001314,-0.3246646089906182
195.98,-0.6637533233505485,0.699691348592733,-0.30901812181034743
196.0,-0.6820890505149283,0.6874675304831463,-0.27405800201693
196.02,-0.6708431378541088,0.6820890505149283,-0.27454695474131346
196.04,-0.6547076979494545,0.6830669559636953,-0.29386058735446013
196.06,-0.6999358249549247,0.657885890657947,-0.30192830730678727
196.08,-0.754943006448064,0.6410170216667176,-0.2899489655593925
196.109,-0.780368548116004,0.6537297925006875,-0.26892399841090364
196.12,-0.7720563518014851,0.6666870396968493,-0.26427894752926073
196.14,-0.7493200501176542,0.6661980869724659,-0.2772361947254225
196.16,-0.7192494575680713,0.6683983742321914,-0.30070592549582864
196.18,-0.7067811630962931,0.6635088469883568,-0.3180637472114415
196.2,-0.7180270757571127,0.6422394034776763,-0.34177795434403935
196.22,-0.7300064175045076,0.6312379671790483,-0.34177795434403935
196.24,-0.7615438682272407,0.6493292179812364,-0.3351770925648626
196.26,-0.7784127372184702,0.6510405525165786,-0.3158634599517159
196.28,-0.7718118754392934,0.636127494422883,-0.2787030528985729
196.3,-0.7480976683066956,0.6114353818415181,-0.2628120893561104
196.32,-0.7605659627784739,0.5982336582831648,-0.26647923478898633
196.34,-0.8353757296091434,0.5930996546771384,-0.2909268710081594
196.36,-0.8542004094979067,0.5840540292760443,-0.3180637472114415
196.38,-0.8192402897044891,0.5833206001894692,-0.30412859456651287
196.4,-0.7943037007609327,0.5869877456223451,-0.2789475292607646
196.42,-0.7943037007609327,0.5869877456223451,-0.2789475292607646
196.44,-0.7918589371390153,0.5921217492283715,-0.2769917183632308
196.46,-0.7818354062891544,0.5908993674174128,-0.29826116187391133
196.48,-0.7745011154234025,0.5891880328820707,-0.3200195581089753
196.5,-0.7862359808086056,0.5820982183785105,-0.321241939919934
196.52,-0.8116615224765455,0.5737860220639917,-0.3300430889588363
196.54,-0.8067719952327109,0.5769642147724842,-0.33371023439171227
196.56,-0.7683892063686092,0.6023897564404241,-0.3317544234941784
196.58,-0.7544540537236806,0.6239036763132965,-0.34300033615499803
196.6,-0.7556764355346393,0.6199920545182288,-0.3623139687681447
196.62,-0.760321486416282,0.6224368181401461,-0.37355988142896435
196.64,-0.7679002536442258,0.6322158726278153,-0.3701372123582801
196.66,-0.7627662500381994,0.6520184579653454,-0.362069492405953
196.68,-0.7378296610946429,0.6713320905784922,-0.368425877822938
196.7,-0.7194939339302631,0.6855117195856125,-0.37135959416923875
196.72,-0.7194939339302631,0.6918681050025975,-0.3791828377593741
196.74,-0.7207163157412217,0.6921125813647893,-0.38553922317635914
196.76,-0.7148488830486203,0.6882009595697216,-0.3892063686092351
196.78,-0.7053143049231427,0.6879564832075299,-0.38798398679827645
196.8,-0.7072701158206766,0.6806221923417779,-0.3791828377593741
196.82,-0.7092259267182104,0.667909421507808,-0.37038168872047184
196.84,-0.7070256394584848,0.6625309415395899,-0.3635363505791034
196.86,-0.6992023958683494,0.6549521743116462,-0.35913577605965225
196.88,-0.6967576322464322,0.657885890657947,-0.34813433976102437
196.9,-0.6970021086086239,0.6708431378541088,-0.3317544234941784
196.92,-0.6899122941050637,0.6793998105308193,-0.3478898633988326
196.94,-0.6806221923417779,0.6806221923417779,-0.3657366378388289
196.96,-0.6864896250343795,0.6882009595697216,-0.3628029214925282
196.98,-0.6877120068453382,0.6984689667817743,-0.36182501604376127
197.0,-0.6813556214283532,0.7065366867341014,-0.355713106988968
197.02,-0.6864896250343795,0.7138709775998533,-0.34104452525746415
197.04,-0.6891788650184885,0.7221831739143721,-0.32662041988815205
197.06,-0.673287901476026,0.7273171775203985,-0.32710937261253553
197.08,-0.666931516059041,0.7246279375362894,-0.33933319072212204
197.1,-0.6691318033187666,0.7136265012376616,-0.34495614705253186
197.129,-0.6701097087675335,0.7038474467499923,-0.34251138343061455
197.14,-0.679644286893011,0.6989579195061577,-0.336643950738013
197.16,-0.6811111450661614,0.7018916358524585,-0.33224337621856187
197.18,-0.6801332396173945,0.7082480212694435,-0.32710937261253553
197.2,-0.6874675304831463,0.7116706903401278,-0.32784280169911073
197.22,-0.6908901995538306,0.6970021086086239,-0.3231977508174678
197.24,-0.6793998105308193,0.6989579195061577,-0.31464107814075726
197.26,-0.6681538978699997,0.7124041194267029,-0.31561898358952417
197.28,-0.6630198942639733,0.7219386975521804,-0.3253980380771934
197.3,-0.6517739816031537,0.7336735629373835,-0.3344436634782874
197.32,-0.6395501634935672,0.746875286495737,-0.34006661980869723
197.34,-0.6334382544387739,0.7564098646212144,-0.3376218561867799
197.36,-0.6339272071631574,0.7605659627784739,-0.3229532744552761
197.38,-0.6295266326437062,0.7644775845735415,-0.3327323289429453
197.4,-0.6119243345659017,0.7581211991565565,-0.3437337652415732
197.42,-0.6058124255111084,0.7476087155823121,-0.34593405250129877
197.44,-0.610701952754943,0.7515203373773798,-0.3356660452892461
197.46,-0.6248815817620633,0.7446749992360113,-0.32808727806130245
197.48,-0.6402835925801424,0.7366072792836842,-0.3195306053845919
197.5,-0.6461510252727439,0.7221831739143721,-0.32979861259664456
197.52,-0.6610640833664395,0.7038474467499923,-0.34422271796595666
197.54,-0.6793998105308193,0.6852672432234208,-0.35522415426458454
197.56,-0.7004247776793081,0.6784219050820524,-0.3676924487363628
197.58,-0.7116706903401278,0.6639977997127403,-0.37062616508266355
197.6,-0.7089814503560187,0.6483513125324695,-0.3786938850349907
197.62,-0.7111817376157442,0.6466399779971274,-0.3804052195703328
197.64,-0.7285395593313572,0.6441952143752101,-0.37209302325581395
197.66,-0.7348959447483421,0.6549521743116462,-0.3733154050667726
197.68,-0.7160712648595788,0.6674204687834245,-0.3640253033034868
197.7,-0.6757326650979433,0.6730434251138343,-0.34495614705253186
197.72,-0.6603306542798643,0.6781774287198606,-0.32808727806130245
197.74,-0.6918681050025975,0.6754881887357516,-0.33224337621856187
197.76,-0.7388075665434098,0.6539742688628793,-0.3398221434465055
197.78,-0.7845246462732635,0.6253705344864469,-0.3371329034623965
197.8,-0.818506860617914,0.5957888946612474,-0.3222198453687009
197.82,-0.818506860617914,0.5957888946612474,-0.3222198453687009
197.84,-0.8265745805702411,0.5757418329615255,-0.31268526724322343
197.86,-0.8451547840968127,0.5503162912935855,-0.31268526724322343
197.88,-0.8346423005225682,0.5490939094826269,-0.3065733581884301
197.9,-0.8116615224765455,0.5664517311982398,-0.3095070745347309
197.92,-0.7727897808880604,0.5754973565993338,-0.3183082235736332
197.94,-0.761299391865049,0.5747639275127586,-0.3236867035418513
197.96,-0.7886807444305228,0.5495828622070104,-0.3214864162821257
197.98,-0.8089722824924365,0.5351587568376982,-0.3183082235736332
198.0,-0.8128839042875042,0.5334474223023561,-0.323931179904043
198.02,-0.8365981114201021,0.5192677932952358,-0.3200195581089753
198.04,-0.8595788894661247,0.507288451547841,-0.31928612902240017
198.06,-0.8622681294502338,0.5085108333587997,-0.321241939919934
198.08,-0.8634905112611924,0.5178009351220854,-0.3359105216514378
198.1,-0.8710692784891361,0.5339363750267396,-0.34324481251718975
198.12,-0.858356507655166,0.5625401094031721,-0.3412890016196559
198.149,-0.8260856278458576,0.5987226110075482,-0.33028756532102804
198.16,-0.7845246462732635,0.6314824435412401,-0.3351770925648626
198.18,-0.7551874828102557,0.6627754179017816,-0.35766891788650185
198.2,-0.7654554900223085,0.6725544723894509,-0.36744797237417104
198.22,-0.8053051370595605,0.6630198942639733,-0.36891483054732144
198.24,-0.8331754423494179,0.6522629343275372,-0.36084711059499436
198.26,-0.817528955169147,0.6551966506738379,-0.34324481251718975
198.28,-0.7561653882590227,0.6664425633346576,-0.32882070714787764
198.3,-0.7053143049231427,0.6786663814442441,-0.31488555450294897
198.32,-0.6952907740732818,0.6735323778382177,-0.30192830730678727
198.34,-0.6984689667817743,0.6554411270360296,-0.2733245729303548
198.36,-0.7146044066864284,0.619747578156037,-0.2603673257341931
198.38,-0.7182715521193045,0.5806313602053601,-0.26647923478898633
198.4,-0.7055587812853344,0.5745194511505669,-0.26721266387556153
198.42,-0.6899122941050637,0.5811203129297436,-0.26012284937200136
198.44,-0.6962686795220487,0.6014118509916573,-0.2461876967270727
198.46,-0.705069828560951,0.6329493017143905,-0.2625676129939186
198.48,-0.7033584940256089,0.6598417015554808,-0.2777251474498059
198.5,-0.7128930721510863,0.6666870396968493,-0.29459401644103533
198.52,-0.7192494575680713,0.674265806924793,-0.3099960272591144
198.54,-0.752253766463955,0.6855117195856125,-0.3195306053845919
198.56,-0.79674846438285,0.6764660941845185,-0.3293096598722611
198.58,-0.786724933532989,0.6666870396968493,-0.32686489625034376
198.6,-0.7498090028420377,0.6657091342480824,-0.31781927084924977
198.62,-0.7226721266387556,0.6336827308009657,-0.3623139687681447
198.64,-0.7014026831280751,0.7461418574091617,-0.39947437582128775
198.66,-0.7906365553280567,0.906518351006937,-0.47428414265195734
198.68,-0.7825688353757296,0.8598233658283164,-0.5248907496256455
198.7,-0.77132292271491,0.8671576566940684,-0.4779512880848333
198.72,-0.7471197628579287,0.7894141735170981,-0.380160743208141
198.74,-0.7163157412217706,0.6532408397763041,-0.2911713473703511
198.76,-0.610701952754943,0.616080432723161,-0.2769917183632308
198.78,-0.5031323533905815,0.6872230541209546,-0.28554839103994134
198.8,-0.3657366378388289,0.7647220609357332,-0.28261467469364054
198.82,-0.21220548238242215,0.8116615224765455,-0.3046175472908963
198.84,-0.16428811539284294,0.9292546526907679,-0.37527121596430646
198.86,-0.18580203526571523,1.0250893866699264,-0.38969532133361856
198.88,-0.13006142468600068,0.9598141979647342,-0.4090089539467653
198.9,-0.25401094031720806,0.9510130489258319,-0.4359013537878556
198.92,-0.3960517067506035,0.9453900925954222,-0.4112092412064908
198.94,-0.450080982794976,0.966415059743911,-0.3610915869571861
198.96,-0.49017510619441984,1.020933288512667,-0.2430095040185802
198.98,-0.5395593313571494,1.018977477615133,-0.11465941386792164
199.0,-0.5407817131681081,0.9669040124682945,-0.09167863582189897
199.02,-0.4843076735018183,0.884759954771873,-0.15059743911010604
199.04,-0.503621306114965,0.8488219295296886,-0.19460318430461754
199.06,-0.5576505821593375,0.83488677688476,-0.19411423158023408
199.08,-0.6067903309598753,0.8287748678299667,-0.22736301683830945
199.1,-0.6190141490694618,0.777679308131895,-0.23005225682241848
199.12,-0.6202365308804205,0.7490755737554625,-0.19484766066680928
199.14,-0.6610640833664395,0.7933257953121657,-0.18433517709256486
199.169,-0.6278152981083641,0.8317085841762675,-0.1774898389511964
199.18,-0.5877211747089203,0.793081318949974,-0.1398404791736699
199.2,-0.6038566146135745,0.7554319591724475,-0.11759313021422241
199.22,-0.6038566146135745,0.7554319591724475,-0.11759313021422241
199.24,-0.6962686795220487,0.7126485957888946,-0.1254163738043578
199.26,-0.7412523301653271,0.6544632215872628,-0.10854750481312837
199.28,-0.7654554900223085,0.6192586254316536,-0.11368150841915473
199.3,-0.735873850197109,0.610701952754943,-0.12663875561531643
199.32,-0.6490847416190447,0.5613177275922134,-0.12639427925312471
199.34,-0.5669406839226232,0.5285578950585215,-0.12272713382024875
199.36,-0.5346698041133148,0.5278244659719463,-0.10121321394737647
199.38,-0.5503162912935855,0.4933532989029123,-0.06771995232710937
199.4,-0.584298505638236,0.5045992115637319,-0.022491825321639215
199.42,-0.6256150108486386,0.5547168658130367,0.062096995996699565
199.44,-0.787702838981756,0.6419949271154846,0.16379916266845948
199.46,-1.0351129175197873,0.7263392720716315,0.19215842068270023
199.48,-1.1091892552638816,0.7329401338508083,0.13568438101641048
199.5,-0.9429453289735048,0.9414784708003545,0.040827552486019006
199.52,-0.9461235216819973,1.1118784952479908,-0.3488677688475995
199.54,-1.2465849708156342,1.2238486691318033,-0.7999266570913425
199.56,-1.2438957308315253,1.1045442043822387,-0.8576230785685909
199.58,-0.932921798123644,0.704091923112184,-0.48332976805305133
199.6,-0.6930904868135562,0.6613085597286312,-0.21538367509091463
199.62,-0.3195306053845919,0.8654463221587263,0.0
199.64,-0.04547260336766189,0.7933257953121657,0.05867432692601534
199.66,-0.25303303486844114,0.48479662622620173,-0.14595238822846315
199.68,-0.4332121138037466,0.44665831372429177,-0.3708706414448553
199.7,-0.4923753934541454,0.6278152981083641,-0.5779421202212511
199.72,-0.5116890260672922,0.7556764355346393,-0.6820890505149283
199.74,-0.5141337896892094,0.7732787336124438,-0.5801424074809767
199.76,-0.4317452556305962,0.8700913730403691,-0.36084711059499436
199.78,-0.4420132628426489,1.0302233902759528,-0.19215842068270023
199.8,-0.4962870152492131,0.8615347003636585,-0.17137792989640313
199.82,-0.5033768297527733,0.6938239159001314,-0.28530391467774957
199.84,-0.5089997860831831,0.6857561959478042,-0.3828499831922501
199.86,-0.5896769856064542,0.6314824435412401,-0.38896189224704336
199.88,-0.6850227668612291,0.5703633529933074,-0.3926290376799193
199.9,-0.7434526174250528,0.595299941936864,-0.39874094673471255
199.92,-0.7542095773614889,0.6759771414601351,-0.3581578706108853
199.94,-0.7965039880206582,0.7300064175045076,-0.30975155089692263
199.96,-0.912874736423922,0.7194939339302631,-0.28334810378021574
199.98,-0.9847507869082908,0.6559300797604132,-0.2327414968065275
200.0,-0.8001711334535342,0.6571524615713717,-0.24496531491611404
200.02,-0.6072792836842588,0.7048253521987593,-0.293127158267885
200.04,-0.5307581823182471,0.7461418574091617,-0.3031506891177459
200.06,-0.5185343642086606,0.7414968065275188,-0.2899489655593925
200.08,-0.5488494331204351,0.7089814503560187,-0.29850563823610304
200.1,-0.623414723588913,0.7033584940256089,-0.3224643217308926
200.12,-0.6994468722305413,0.7084924976316352,-0.35302386700485894
200.14,-0.7627662500381994,0.7053143049231427,-0.3603581578706109
200.16,-0.7500534792042294,0.7180270757571127,-0.3383552852733551
200.189,-0.7072701158206766,0.7231610793631391,-0.3246646089906182
200.2,-0.6904012468294471,0.7182715521193045,-0.36818140146074624
200.22,-0.8082388534058613,0.9458790453198056,-0.44079088103169023
200.24,-0.9686153470036366,1.1282584115148366,-0.6041010909757663
200.26,-0.9815725941997983,1.0744736118326559,-0.6928460104513645
200.28,-0.9468569507685726,0.891116340188858,-0.6647312287993155
200.3,-0.837576016868869,0.7143599303242367,-0.5014210188552394
200.32,-0.717782599394921,0.6483513125324695,-0.39874094673471255
200.34,-0.4938422516272958,0.6835559086880787,-0.29752773278733613
200.36,-0.17846774439996332,0.8011490389023012,-0.17822326803777158
200.38,0.06771995232710937,0.8867157656694068,-0.1464413409528466
200.4,0.1750450753292791,0.8637349876233842,-0.23836445313693733
200.42,-0.03862726522629343,0.8801149038902301,-0.31635241267609937
200.44,-0.352045961556092,0.8268190569324328,-0.3344436634782874
200.46,-0.43003392109525407,0.7779237844940867,-0.4197659138832014
200.48,-0.538092473183999,0.8158176206338049,-0.5266020841609876
200.5,-0.705069828560951,0.8649573694343428,-0.5781865965834428
200.52,-0.891116340188858,0.9544357179965162,-0.49017510619441984
200.54,-1.1583290040644194,0.9199645509274822,-0.08507777404272224
200.56,-1.1979341747394798,0.7224276502765639,0.29386058735446013
200.58,-0.7972374171072334,0.6305045380924732,0.1982703297374935
200.6,-0.5407817131681081,0.6974910613330073,-0.07163157412217706
200.62,-0.5407817131681081,0.6974910613330073,-0.07163157412217706
200.64,-0.4813739571555175,0.5967668001100144,-0.16453259175503468
200.66,-0.44616936099990834,0.42832258655991196,-0.1726003117073618
200.68,-0.47575100082510774,0.3055954527396632,-0.17480059896708736
200.7,-0.6456620725483605,0.2542554166793998,-0.17797879167557987
200.72,-0.8417321150261284,0.29386058735446013,-0.1904470861473581
200.74,-0.9067628273691287,0.38578369953855085,-0.2095162423983131
200.76,-0.833908871435993,0.4821073862420927,-0.19069156250954986
200.78,-0.7820798826513461,0.5732970693396082,-0.06454175961861687
200.8,-0.8097057115790117,0.676955046908902,0.04596155609204535
200.82,-0.8229074351373651,0.8077499006814779,0.01980258533753018
200.84,-0.7737676863368272,0.8444213550102374,-0.09387892308162454
200.86,-0.8006600861779176,0.8273080096568163,-0.1215047520092901
200.88,-0.9380558017296703,0.8644684167099593,-0.0911896830975155
200.9,-1.1639519603948294,0.8126394279253124,-0.5742749747883752
200.92,-1.3499984720227363,0.9194755982030988,-0.8087278061302448
200.94,-1.027289673929652,0.849310882254072,-0.642483879839868
200.96,-0.6786663814442441,0.8314641078140758,-0.5058215933746906
200.98,-0.3933624667664945,1.0011307031751366,-0.3327323289429453
201.0,-0.2870152492130917,0.8862268129450234,-0.1630657335818843
201.02,-0.3532683433670507,0.5107111206185252,-0.11783760657641414
201.04,-0.4772178589982581,0.3173303181248663,-0.28383705650459923
201.06,-0.5977447055587812,0.40216361580539683,-0.47550652446291597
201.08,-0.6087461418574092,0.5363811386486569,-0.5605842985056382
201.1,-0.5102221678941418,0.5997005164563152,-0.5948109892124805
201.12,-0.3334657580295205,0.7351404211105339,-0.5652293493872811
201.14,-0.2772361947254225,0.9566360052562418,-0.4112092412064908
201.16,-0.3532683433670507,1.0502704519756745,-0.2222290132322831
201.18,-0.4987317788711304,0.9735048742474712,-0.0911896830975155
201.209,-0.6603306542798643,0.8383094459554442,-0.1535311554564068
201.22,-0.7058032576475262,0.762277297313816,-0.3324878525807536
201.24,-0.7278061302447819,0.7197384102924549,-0.40314152125416375
201.26,-0.7500534792042294,0.6703541851297252,-0.3835834122788253
201.28,-0.7463863337713534,0.6429728325642514,-0.3791828377593741
201.3,-0.7564098646212144,0.6554411270360296,-0.3828499831922501
201.32,-0.6911346759160224,0.6693762796809584,-0.3491122452097913
201.34,-0.6072792836842588,0.699691348592733,-0.3073067872750053
201.36,-0.5882101274333038,0.7216942211899887,-0.26892399841090364
201.38,-0.5860098401735782,0.7224276502765639,-0.28090334015829843
201.4,-0.5740304984261834,0.7390520429056016,-0.3300430889588363
201.42,-0.5840540292760443,0.7564098646212144,-0.3757601686886899
201.44,-0.6089906182196009,0.7556764355346393,-0.3877395104360847
201.46,-0.6378388289582251,0.7444305228738196,-0.3997188521834795
201.48,-0.7006692540414998,0.7287840356935489,-0.393851419490878
201.5,-0.740518901078752,0.699691348592733,-0.37209302325581395
201.52,-0.7498090028420377,0.6534853161384958,-0.36158053968156956
201.54,-0.7791461663050454,0.6212144363291874,-0.38871741588485165
201.56,-0.8414876386639366,0.7962595116584665,-0.4686611863215475
201.58,-0.9158084527702227,0.9835284050973321,-0.5615622039544051
201.6,-0.8136173333740794,0.80946123521682,-0.4923753934541454
201.62,-0.6940683922623231,0.7016471594902668,-0.39776304128594564
201.64,-0.6791553341686276,0.7329401338508083,-0.3398221434465055
201.66,-0.6984689667817743,0.7488310973932708,-0.23518626042844482
201.68,-0.6422394034776763,0.7573877700699814,-0.18189041347064755
201.7,-0.5231794150903034,0.8040827552486018,-0.24496531491611404
201.72,-0.42734468111114504,0.8722916603000948,-0.21685053326406503
201.74,-0.3606026342328026,0.9314549399504936,-0.11637074840326375
201.76,-0.3051065000152798,1.0045533722458209,-0.09070073037313205
201.78,-0.2760138129144638,1.0747180881948477,-0.1239495156312074
201.8,-0.3772270268618403,1.0514928337866332,-0.19338080249365888
201.82,-0.5845429820004279,0.9221648381872077,-0.20438223879228676
201.84,-0.6840448614124621,0.8630015585368089,-0.22442930049200868
201.86,-0.7498090028420377,0.9087186382666625,-0.28163676924487363
201.88,-0.7671668245576506,0.8957613910705009,-0.2645234238914525
201.9,-0.647862359808086,0.8334199187116096,-0.17455612260489564
201.92,-0.5246462732634538,0.7842801699110717,-0.1591541117868166
201.94,-0.5173119823977019,0.7732787336124438,-0.1608654463221587
201.96,-0.5151116951379764,0.772300828163677,-0.1320172355835345
201.98,-0.503621306114965,0.7908810316902485,-0.0806771995232711
202.0,-0.503621306114965,0.7908810316902485,-0.0806771995232711
202.02,-0.5170675060355102,0.7989487516425755,-0.047672890627387464
202.04,-0.5781865965834428,0.7725453045258687,-0.06845338141368457
202.06,-0.6410170216667176,0.6945573449867066,-0.10023530849860954
202.08,-0.7390520429056016,0.6087461418574092,-0.13250618830791797
202.1,-0.8801149038902301,0.5512941967423525,-0.15157534455887295
202.12,-0.9688598233658283,0.5180454114842771,-0.16331020994407602
202.14,-0.941967423524738,0.4821073862420927,-0.1461968645906549
202.16,-0.8219295296885982,0.4789291935336002,-0.13617333374079393
202.18,-0.7084924976316352,0.5207346514683862,-0.12126027564709838
202.2,-0.6537297925006875,0.5336918986645479,-0.09681263942792531
202.229,-0.6571524615713717,0.5361366622864652,-0.07529871955505302
202.24,-0.6683983742321914,0.5527610549155029,-0.05891880328820707
202.26,-0.689667817742872,0.5911438437796045,-0.0503621306114965
202.28,-0.7385630901812181,0.6393056871313755,-0.04596155609204535
202.3,-0.8170400024447636,0.6793998105308193,-0.03544907251780093
202.32,-0.8221740060507899,0.7158267884973871,-0.020047061699721907
202.34,-0.7520092901017633,0.7471197628579287,-0.0019558108975338447
202.36,-0.7581211991565565,0.7764569263209363,0.04425022155670324
202.38,-0.8688689912294105,0.9979525104666442,0.23469730770406136
202.4,-1.0409803502123889,1.1979341747394798,-0.3077957399993888
202.42,-1.1123674479723742,1.2409620144852245,-0.7859915044464139
202.44,-0.8642239403477676,0.8803593802524218,-0.6275708217461724
202.46,-0.7759679735965529,0.674265806924793,-0.44885860098401736
202.48,-0.7688781590929927,0.8986951074168016,-0.2596338966476179
202.5,-0.7011582067658834,0.8194847660666809,0.0014668581731503835
202.52,-0.729517464780124,0.5075329279100327,0.07114262139779359
202.54,-0.6701097087675335,0.4823518626042844,-0.08727806130244782
202.56,-0.523668367814687,0.54811600403386,-0.2630565657183021
202.58,-0.4772178589982581,0.5456712404119427,-0.34740091067444917
202.6,-0.45448155731442713,0.5001986370442808,-0.37698255049964857
202.62,-0.45692632093634444,0.494575680713871,-0.42563334657580293
202.64,-0.45374812822785193,0.6085016654952174,-0.450080982794976
202.66,-0.5615622039544051,0.7520092901017633,-0.4053418085138893
202.68,-0.6798887632552028,0.8111725697521621,-0.32710937261253553
202.7,-0.6889343886562967,0.8400207804907863,-0.3488677688475995
202.72,-0.5713412584420744,0.8979616783302264,-0.4180545793478593
202.74,-0.4613268954557956,0.9243651254469333,-0.4517923173303181
202.76,-0.48699691348592733,0.8497998349784555,-0.402897044891972
202.78,-0.6158359563609693,0.7510313846529963,-0.33150994713198667
202.8,-0.7334290865751918,0.6816000977905449,-0.26012284937200136
202.82,-0.7830577881001131,0.6454175961861688,-0.21782843871283195
202.84,-0.808483329768053,0.6265929162974054,-0.22565168230296734
202.86,-0.792103413501207,0.6019008037160407,-0.25401094031720806
202.88,-0.754943006448064,0.594322036488097,-0.2923937291813098
202.9,-0.6921125813647893,0.6307490144546649,-0.32588699080157685
202.92,-0.658863796106714,0.6762216178223268,-0.3317544234941784
202.94,-0.6476178834458943,0.7080035449072518,-0.3102405036213061
202.96,-0.6390612107691838,0.7373407083702594,-0.2862818201265165
202.98,-0.6341716835253491,0.7439415701494362,-0.2752803838278886
203.0,-0.6322158726278153,0.7383186138190263,-0.27234666748158787
203.02,-0.6402835925801424,0.7124041194267029,-0.2914158237325429
203.04,-0.6551966506738379,0.6840448614124621,-0.3231977508174678
203.06,-0.7199828866546466,0.6654646578858906,-0.3662255905632124
203.08,-0.8304862023653088,0.6050789964245332,-0.40069675763224644
203.1,-0.8573786022063992,0.5664517311982398,-0.4148763866393668
203.12,-0.7581211991565565,0.5945665128502888,-0.4341900192525135
203.14,-0.667909421507808,0.7908810316902485,-0.465482993613055
203.16,-0.600678421905082,0.8788925220792715,-0.4354124010634722
203.18,-0.5266020841609876,0.850288787702839,-0.32662041988815205
203.2,-0.5710967820798827,0.9280322708798093,-0.2933716346300767
203.22,-0.792103413501207,0.9837728814595239,-0.402897044891972
203.249,-0.9605476270513095,1.007976041316505,-0.5033768297527733
203.26,-0.9004064419521437,0.9634813433976103,-0.4808850044311341
203.28,-0.6860006723099961,0.8869602420315985,-0.3791828377593741
203.3,-0.4794181462579837,0.8260856278458576,-0.28750420193747517
203.32,-0.33199889985637016,0.7833022644623048,-0.20902728967392964
203.34,-0.2173394859884485,0.7537206246371054,-0.1982703297374935
203.36,-0.18115698438407235,0.746875286495737,-0.2056046206032454
203.38,-0.09656816306573358,0.733184610213,-0.20242642789475293
203.4,-0.09656816306573358,0.733184610213,-0.20242642789475293
203.42,-0.14839715185038047,0.8038382788864101,-0.24349845674296366
203.44,-0.3784494086727989,0.8864712893072151,-0.26501237661583593
203.46,-0.5388259022705743,0.9338997035724108,-0.2765027656388473
203.48,-0.7187605048436879,0.9906182196008924,-0.2965498273385692
203.5,-0.9018733001252941,0.9661705833817192,-0.2214955841457079
203.52,-1.0199553830638999,0.9184976927543318,-0.09730159215230877
203.54,-0.8566451731198239,0.869357943953794,-0.05182898878464688
203.56,-0.6053234727867249,0.8368425877822938,-0.10292454848271858
203.58,-0.4681722335971641,0.8177734315313387,-0.14350762460654584
203.6,-0.40069675763224644,0.7808575008403875,-0.15670934816489931
203.62,-0.41292057574183294,0.7336735629373835,-0.14961953366133912
203.64,-0.47844024080921677,0.7388075665434098,-0.14081838462243682
203.66,-0.5478715276716682,0.7356293738349173,-0.15304220273202335
203.68,-0.61167985820371,0.6463955016349356,-0.1735782171561287
203.7,-0.7319622284020414,0.5767197384102924,-0.20756043150077927
203.72,-0.8825596675121474,0.5410261895302998,-0.195092137029001
203.74,-0.9644592488463771,0.5288023714207133,-0.13470647556764356
203.76,-0.868380038505027,0.569874400268924,-0.07554319591724475
203.78,-0.715093359410812,0.6745102832869847,-0.06331937780765821
203.8,-0.6708431378541088,0.7263392720716315,-0.03569354887999267
203.82,-0.6713320905784922,0.7456529046847783,-0.006600861779176726
203.84,-0.6654646578858906,0.8082388534058613,-0.015157534455887297
203.86,-0.6363719707850747,0.8378204932310607,-0.0623414723588913
203.88,-0.6490847416190447,0.7940592243987409,-0.11979341747394799
203.9,-0.7148488830486203,0.7038474467499923,-0.14375210096873758
203.92,-0.7698560645417596,0.6945573449867066,-0.08898939583778993
203.94,-0.8688689912294105,0.8045717079729854,-0.09730159215230877
203.96,-1.0309568193625278,0.8598233658283164,-0.19240289704489197
203.98,-1.0930538153592275,0.8957613910705009,-0.26916847477309536
204.0,-0.8202181951532561,0.8889160529291324,-0.3087736454481557
204.02,-0.5493383858448186,0.8674021330562601,-0.3363994743758213
204.04,-0.3491122452097913,0.7659444427466919,-0.33786633254897164
204.06,-0.31781927084924977,0.7287840356935489,-0.31537450722733246
204.08,-0.5278244659719463,0.7820798826513461,-0.28579286740213306
204.1,-0.6693762796809584,0.7444305228738196,-0.2799254347095315
204.12,-0.6701097087675335,0.7270727011582068,-0.3080402163615805
204.14,-0.5923662255905632,0.7021361122146502,-0.3231977508174678
204.16,-0.5266020841609876,0.6625309415395899,-0.31219631451883995
204.18,-0.4275891574733368,0.6916236286404058,-0.323931179904043
204.2,-0.3368884271002047,0.7896586498792898,-0.3662255905632124
204.22,-0.3373773798245882,0.821196100602023,-0.4109647648442991
204.24,-0.46157137181798735,0.8167955260825719,-0.4116981939308743
204.269,-0.5581395348837209,0.8615347003636585,-0.40167466308101335
204.28,-0.6067903309598753,0.9710601106255539,-0.44616936099990834
204.3,-0.6444396907374018,0.9686153470036366,-0.41634324481251717
204.32,-0.6551966506738379,0.855667267671057,-0.32808727806130245
204.34,-0.6322158726278153,0.7874583626195643,-0.2877486782996669
204.36,-0.6305045380924732,0.7309843229532744,-0.267701616599945
204.38,-0.648840265256853,0.7106927848913608,-0.25670018030131714
204.4,-0.6505515997921951,0.7322067047642331,-0.2765027656388473
204.42,-0.6263484399352137,0.7742566390612108,-0.29923906732267824
204.44,-0.5857653638113864,0.8143507624606545,-0.3068178345506219
204.46,-0.5640069675763224,0.8309751550896922,-0.29532744552761053
204.48,-0.5816092656541271,0.8214405769642148,-0.2813922928826819
204.5,-0.5982336582831648,0.8143507624606545,-0.27039085658405404
204.52,-0.5999449928185069,0.7969929407450417,-0.2591449439232344
204.54,-0.5681630657335819,0.7754790208721694,-0.27087980930843747
204.56,-0.5767197384102924,0.7801240717538123,-0.29679430370076093
204.58,-0.6092350945817926,0.7571432937077897,-0.31513003086514074
204.6,-0.6368609235094582,0.7180270757571127,-0.31513003086514074
204.62,-0.657885890657947,0.7058032576475262,-0.3109739327078813
204.64,-0.6926015340891727,0.6845338141368457,-0.28603734376432477
204.66,-0.7209607921034135,0.6740213305626012,-0.2603673257341931
204.68,-0.714115453962045,0.6838003850502704,-0.24838798398679826
204.7,-0.7036029703878006,0.6943128686245148,-0.25376646395501634
204.72,-0.6943128686245148,0.7097148794425939,-0.26012284937200136
204.74,-0.6708431378541088,0.7336735629373835,-0.26134523118296
204.76,-0.6547076979494545,0.754943006448064,-0.25547779849035845
204.78,-0.651529505240962,0.7600770100540903,-0.25474436940378326
204.8,-0.651529505240962,0.7600770100540903,-0.25474436940378326
204.82,-0.6581303670201387,0.7583656755187482,-0.267701616599945
204.84,-0.6652201815236989,0.7488310973932708,-0.27112428567062924
204.86,-0.6647312287993155,0.7427191883384775,-0.27454695474131346
204.88,-0.6532408397763041,0.7444305228738196,-0.27405800201693
204.9,-0.6375943525960334,0.7556764355346393,-0.26965742749747884
204.92,-0.6143690981878189,0.7595880573297069,-0.2596338966476179
204.94,-0.5989670873697399,0.7696115881795679,-0.2608562784585765
204.96,-0.5874766983467286,0.781346453564771,-0.2645234238914525
204.98,-0.5860098401735782,0.7894141735170981,-0.26647923478898633
205.0,-0.5877211747089203,0.8028603734376433,-0.27014638022186227
205.02,-0.5779421202212511,0.8153286679094215,-0.2686795220487119
205.04,-0.5740304984261834,0.8172844788069553,-0.25670018030131714
205.06,-0.576230785685909,0.8087278061302448,-0.25694465666350885
205.08,-0.5896769856064542,0.8016379916266846,-0.25767808575008405
205.1,-0.5977447055587812,0.7943037007609327,-0.25792256211227577
205.12,-0.5926107019527549,0.7859915044464139,-0.2669681875133698
205.14,-0.5884546037954955,0.78403569354888,-0.2757693365522721
205.16,-0.6168138618097363,0.7928368425877823,-0.2750359074656969
205.18,-0.5774531674968676,0.7842801699110717,-0.25376646395501634
205.2,-0.572563640253033,0.8023714207132597,-0.25474436940378326
205.22,-0.5613177275922134,0.8079943770436696,-0.25498884576597497
205.24,-0.5610732512300217,0.8040827552486018,-0.25792256211227577
205.26,-0.5796534547565932,0.8221740060507899,-0.27234666748158787
205.289,-0.609724047306176,0.8534669804113315,-0.28970448919720077
205.3,-0.6317269199034318,0.8781590929926962,-0.3224643217308926
205.32,-0.6493292179812364,0.8884271002047489,-0.36329187421691167
205.34,-0.6124132872902851,0.8906273874644746,-0.3664700669254041
205.36,-0.5429820004278336,0.883782049323106,-0.3469119579500657
205.38,-0.5261131314366042,0.9079852091800874,-0.3388442379977386
205.4,-0.4779512880848333,0.8896494820157076,-0.31537450722733246
205.42,-0.46181584818017907,0.883782049323106,-0.3038841182043211
205.44,-0.4239220120404608,0.8879381474803655,-0.2743024783791217
205.46,-0.33199889985637016,0.8796259511658466,-0.25205512941967423
205.48,-0.3498456742963665,0.8962503437948843,-0.2630565657183021
205.5,-0.37160407053143046,0.8766922348195458,-0.2899489655593925
205.52,-0.3808941722947162,0.8480885004431133,-0.3117073617944565
205.54,-0.4094979066711487,0.8268190569324328,-0.32662041988815205
205.56,-0.4148763866393668,0.7987042752803838,-0.32784280169911073
205.58,-0.3982519940103291,0.8099501879412034,-0.3158634599517159
205.6,-0.3830944595544418,0.8290193441921584,-0.28970448919720077
205.62,-0.38627265226293434,0.8251077223970907,-0.27454695474131346
205.64,-0.4324786847171714,0.8136173333740794,-0.280414387433915
205.66,-0.47917366989579196,0.824863246034899,-0.2972832564251444
205.68,-0.4681722335971641,0.8451547840968127,-0.31195183815664823
205.7,-0.46890566268373923,0.8840265256852978,-0.3246646089906182
205.72,-0.4359013537878556,0.9304770345017266,-0.31341869632979863
205.74,-0.3845613177275922,0.9314549399504936,-0.2941050637166519
205.76,-0.3603581578706109,0.9290101763285762,-0.26819056932432844
205.78,-0.3535128197292424,0.9617700088622682,-0.2784585765363811
205.8,-0.3967851358371787,0.9331662744858357,-0.2916603000947346
205.82,-0.49848730250893863,0.9153195000458393,-0.26012284937200136
205.84,-0.5517831494667359,0.9343886562967942,-0.23958683494789598
205.86,-0.5559392476239954,0.9243651254469333,-0.23298597316871925
205.88,-0.5121779787916756,0.9143415945970724,-0.2166060569018733
205.9,-0.45839317910949484,0.8933166274485835,-0.22125110778351617
205.92,-0.4674388045105889,0.8485774531674969,-0.20095956972160253
205.94,-0.5021544479418146,0.8160620969959966,-0.18115698438407235
205.96,-0.5229349387281117,0.792103413501207,-0.17015554808544447
205.98,-0.5603398221434465,0.7857470280842221,-0.15670934816489931
206.0,-0.5627845857653638,0.8471105949943465,-0.14424105369312104
206.02,-0.5241573205390704,0.9050514928337866,-0.11857103566298934
206.04,-0.4681722335971641,0.8982061546924182,-0.09314549399504936
206.06,-0.4503254591571677,0.859334413103933,-0.08556672676710571
206.08,-0.47403966628976557,0.828530391467775,-0.08776701402683128
206.1,-0.519023316933044,0.8520001222381811,-0.11074779207285396
206.12,-0.5564282003483788,0.8661797512453014,-0.12492742107997433
206.14,-0.5850319347248113,0.8578675549307826,-0.11979341747394799
206.16,-0.6199920545182288,0.8551783149466736,-0.12614980289093297
206.18,-0.6199920545182288,0.8551783149466736,-0.12614980289093297
206.2,-0.6273263453839807,0.8510222167894141,-0.12761666106408337
206.22,-0.6129022400146685,0.8551783149466736,-0.13152828285915105
206.24,-0.5835650765516609,0.8737585184732451,-0.12566085016654951
206.26,-0.5376035204596156,0.8872047183937903,-0.11490389023011337
206.28,-0.5065550224612657,0.8947834856217339,-0.10683617027778626
206.309,-0.4764844299116829,0.9026067292118694,-0.1095254102618953
206.32,-0.4510588882437429,0.8935611038107752,-0.11197017388381261
206.34,-0.45961556092045347,0.8947834856217339,-0.09730159215230877
206.36,-0.44714726644867525,0.878403569354888,-0.10243559575833511
206.38,-0.43443449561470526,0.8774256639061211,-0.11857103566298934
206.4,-0.4378571646853895,0.8754698530085873,-0.11954894111175625
206.42,-0.47672890627387465,0.8664242276074932,-0.11050331571066223
206.44,-0.5209791278305779,0.8515111695137976,-0.10390245393148549
206.46,-0.538092473183999,0.8324420132628426,-0.1031690248449103
206.48,-0.5522721021911193,0.8292638205543501,-0.12028237019833145
206.5,-0.5652293493872811,0.8260856278458576,-0.14277419551997067
206.52,-0.5769642147724842,0.8128839042875042,-0.15573144271613237
206.54,-0.5904104146930294,0.8045717079729854,-0.14375210096873758
206.56,-0.6089906182196009,0.7962595116584665,-0.11343703205696298
206.58,-0.6014118509916573,0.7906365553280567,-0.07701005409039513
206.6,-0.5740304984261834,0.7891696971549064,-0.06185251963450784
206.62,-0.5894325092442624,0.8424655441127036,-0.06258594872108303
206.64,-0.7026250649390337,0.9018733001252941,-0.12810561378846683
206.66,-0.9004064419521437,0.8549338385844818,-0.20047061699721908
206.68,-1.0910980044616936,0.7539651009992971,-0.24569874400268923
206.7,-1.1285028878770285,0.6759771414601351,-0.2197842496103658
206.72,-0.966415059743911,0.6657091342480824,-0.14204076643339547
206.74,-0.7026250649390337,0.7737676863368272,-0.07823243590135379
206.76,-0.5561837239861871,0.8436879259236623,-0.052317941509030345
206.78,-0.5048436879259236,0.8158176206338049,-0.041805457934785926
206.8,-0.4390795464963481,0.8165510497203802,-0.09901292668765088
206.82,-0.3508235797451334,0.7669223481954588,-0.23127463863337713
206.84,-0.3914066558689607,0.6605751306420561,-0.3650032087522538
206.86,-0.47917366989579196,0.6038566146135745,-0.41536533936375025
206.88,-0.521712556917153,0.7036029703878006,-0.41927696115881796
206.9,-0.6331937780765822,0.897472725605843,-0.3075512636371971
206.92,-0.9082296855422791,0.9815725941997983,-0.15035296274791432
206.94,-0.9827949760107569,0.8148397151850381,-0.20022614063502733
206.96,-0.6708431378541088,0.6718210433028756,-0.3503346270207499
206.98,-0.47379518992757386,0.6757326650979433,-0.3755156923264982
207.0,-0.4107202884821074,0.6481068361702778,-0.34177795434403935
207.02,-0.40314152125416375,0.6529963634141124,-0.37209302325581395
207.04,-0.46890566268373923,0.7226721266387556,-0.3945848485774532
207.06,-0.627081869021789,0.7583656755187482,-0.37698255049964857
207.08,-0.781346453564771,0.714115453962045,-0.3549796779023928
207.1,-0.8422210677505119,0.647862359808086,-0.39922989945909604
207.12,-0.8045717079729854,0.6353940653363078,-0.478195764447025
207.14,-0.7221831739143721,0.6402835925801424,-0.5266020841609876
207.16,-0.6999358249549247,0.6610640833664395,-0.5275799896097546
207.18,-0.6776884759954772,0.6735323778382177,-0.5033768297527733
207.2,-0.6224368181401461,0.6874675304831463,-0.45937108455826176
207.22,-0.6224368181401461,0.69504629771109,-0.41829905571005105
207.24,-0.6774439996332854,0.69504629771109,-0.3818720777434832
207.26,-0.7216942211899887,0.6806221923417779,-0.3532683433670507
207.28,-0.7187605048436879,0.6481068361702778,-0.33224337621856187
207.3,-0.6894233413806803,0.6297711090058979,-0.3229532744552761
207.329,-0.6874675304831463,0.6319713962656236,-0.3205085108333588
207.34,-0.7197384102924549,0.6300155853680897,-0.32808727806130245
207.36,-0.761299391865049,0.619747578156037,-0.34593405250129877
207.38,-0.8072609479570944,0.6265929162974054,-0.3603581578706109
207.4,-0.8368425877822938,0.6522629343275372,-0.3483788161232161
207.42,-0.8314641078140758,0.6818445741527366,-0.31513003086514074
207.44,-0.7659444427466919,0.6928460104513645,-0.2950829691654188
207.46,-0.6789108578064358,0.6989579195061577,-0.29850563823610304
207.48,-0.6461510252727439,0.698713443143966,-0.30021697277144516
207.5,-0.6830669559636953,0.692357057726981,-0.3051065000152798
207.52,-0.7346514683861504,0.6767105705467102,-0.31928612902240017
207.54,-0.7688781590929927,0.664242276074932,-0.3317544234941784
207.56,-0.7735232099746355,0.6737768542004094,-0.3478898633988326
207.58,-0.7735232099746355,0.6737768542004094,-0.3478898633988326
207.6,-0.754943006448064,0.6818445741527366,-0.3505791033829417
207.62,-0.7329401338508083,0.6767105705467102,-0.34080004889527243
207.64,-0.7246279375362894,0.6676649451456163,-0.3310209944076032
207.66,-0.7309843229532744,0.6627754179017816,-0.3173303181248663
207.68,-0.72047183937903,0.6666870396968493,-0.30192830730678727
207.7,-0.6894233413806803,0.6911346759160224,-0.2911713473703511
207.72,-0.6512850288787703,0.7190049812058796,-0.27136876203282095
207.74,-0.6334382544387739,0.733184610213,-0.264034471167069
207.76,-0.6375943525960334,0.7231610793631391,-0.28285915105583226
207.78,-0.6463955016349356,0.6992023958683494,-0.35473520154020105
207.8,-0.7163157412217706,0.8358646823335268,-0.37600464505088166
207.82,-0.8392873514042111,0.7911255080524402,-0.4268557283867616
207.84,-0.8417321150261284,0.7278061302447819,-0.46181584818017907
207.86,-0.8458882131833878,0.7727897808880604,-0.450080982794976
207.88,-0.823885340586132,0.6948018213488983,-0.4131650521040247
207.9,-0.7833022644623048,0.6290376799193228,-0.34275585979280626
207.92,-0.6816000977905449,0.6229257708645295,-0.2943495400788436
207.94,-0.5121779787916756,0.657885890657947,-0.2618341839073435
207.96,-0.3945848485774532,0.7153378357730037,-0.2765027656388473
207.98,-0.3036396418421294,0.7544540537236806,-0.28408153286679094
208.0,-0.3361549980136295,0.8246187696727073,-0.3087736454481557
208.02,-0.4613268954557956,0.8859823365828317,-0.32735384897472725
208.04,-0.5459157167741344,0.8722916603000948,-0.33786633254897164
208.06,-0.5723191638908413,0.8480885004431133,-0.35449072517800934
208.08,-0.5578950585215292,0.8116615224765455,-0.37038168872047184
208.1,-0.5231794150903034,0.7908810316902485,-0.3630473978547199
208.12,-0.4493475537084008,0.7872138862573724,-0.34397824160376494
208.14,-0.34153347798184763,0.8302417260031171,-0.34740091067444917
208.16,-0.2647679002536442,0.9326773217614521,-0.29997249640925344
208.18,-0.25767808575008405,1.0835192372337499,-0.28554839103994134
208.2,-0.531736087767014,1.1248357424441524,-0.28016991107172323
208.22,-0.6664425633346576,0.979127830577881,-0.24863246034899
208.24,-0.7432081410628609,0.9116523546129633,-0.28554839103994134
208.26,-0.8852489074962564,0.9016288237631024,-0.26745714023775324
208.28,-0.9566360052562418,0.8341533477981847,-0.17480059896708736
208.3,-0.8652018457965345,0.7248724138984812,-0.09632368670354186
208.32,-0.7698560645417596,0.6889343886562967,-0.08214405769642147
208.349,-0.6705986614919169,0.6532408397763041,-0.09632368670354186
208.36,-0.5967668001100144,0.6109464291171347,-0.11001436298627876
208.38,-0.5505607676557772,0.5945665128502888,-0.1183265593007976
208.4,-0.5200012223818109,0.5860098401735782,-0.12370503926901567
208.42,-0.5769642147724842,0.5666962075604315,-0.13079485377257585
208.44,-0.7187605048436879,0.5324695168535892,-0.1510863918344895
208.46,-0.821196100602023,0.48699691348592733,-0.1598875408733918
208.48,-0.8405097332151698,0.48626348439935213,-0.15084191547229778
208.5,-0.8505332640650307,0.5378479968218073,-0.10365797756929376
208.52,-0.8038382788864101,0.5882101274333038,-0.04620603245423708
208.54,-0.7158267884973871,0.632460348990007,-0.05109555969807169
208.56,-0.7065366867341014,0.6297711090058979,-0.08752253766463955
208.58,-0.7505424319286129,0.6454175961861688,-0.09314549399504936
208.6,-0.8141062860984628,0.6647312287993155,-0.08825596675121473
208.62,-0.843932402285854,0.6681538978699997,-0.14399657733092933
208.64,-0.8488219295296886,0.6647312287993155,-0.18017907893530544
208.66,-0.8551783149466736,0.6397946398557589,-0.15573144271613237
208.68,-0.8735140421110533,0.6402835925801424,-0.11148122115942914
208.7,-0.9116523546129633,0.6984689667817743,0.005867432692601534
208.72,-0.979127830577881,0.7874583626195643,-0.03447116706903401
208.74,-1.1651743422057879,0.8458882131833878,-0.18726889343886563
208.76,-1.201356843810164,0.781346453564771,-0.24741007853803135
208.78,-0.9986859395532194,0.828530391467775,-0.3498456742963665
208.8,-0.744919475598203,0.8671576566940684,-0.3972740885615622
208.82,-0.44959203007059256,0.7652110136601167,-0.3818720777434832
208.84,-0.26990190385967056,0.735873850197109,-0.37038168872047184
208.86,-0.2261406350273508,0.7933257953121657,-0.36011368150841916
208.88,-0.32759832533691896,0.8414876386639366,-0.3075512636371971
208.9,-0.4517923173303181,0.8463771659077712,-0.24594322036488098
208.92,-0.5270910368853712,0.8295082969165418,-0.22442930049200868
208.94,-0.5378479968218073,0.7564098646212144,-0.26672371115117804
208.96,-0.5429820004278336,0.7260947957094398,-0.3063288818262384
208.98,-0.5429820004278336,0.7260947957094398,-0.3063288818262384
209.0,-0.47917366989579196,0.7282950829691655,-0.31464107814075726
209.02,-0.4535036518656602,0.7348959447483421,-0.3356660452892461
209.04,-0.5187788405708523,0.7488310973932708,-0.352045961556092
209.06,-0.5838095529138526,0.7644775845735415,-0.368425877822938
209.08,-0.6138801454634355,0.7571432937077897,-0.38578369953855085
209.1,-0.5992115637319316,0.8273080096568163,-0.4239220120404608
209.12,-0.5454267640497509,0.8994285365033768,-0.44176878648045714
209.14,-0.521712556917153,0.8977172019680347,-0.4231885829538856
209.16,-0.5666962075604315,0.8419765913883202,-0.3960517067506035
209.18,-0.6099685236683678,0.7828133117379213,-0.37111511780704703
209.2,-0.6212144363291874,0.7339180392995752,-0.3522904379182838
209.22,-0.6045900437001497,0.6979800140573909,-0.3381108089111634
209.24,-0.5664517311982398,0.6786663814442441,-0.3236867035418513
209.26,-0.5405372368059164,0.6940683922623231,-0.3117073617944565
209.28,-0.5456712404119427,0.739540995629985,-0.3095070745347309
209.3,-0.5975002291965895,0.7710784463527183,-0.3141521254163738
209.32,-0.6534853161384958,0.7955260825718913,-0.33786633254897164
209.34,-0.6708431378541088,0.8053051370595605,-0.368425877822938
209.369,-0.674265806924793,0.8011490389023012,-0.38333893591663354
209.38,-0.6793998105308193,0.7872138862573724,-0.3916511322311524
209.4,-0.6720655196650673,0.7573877700699814,-0.3945848485774532
209.42,-0.6483513125324695,0.7322067047642331,-0.38798398679827645
209.44,-0.6319713962656236,0.72047183937903,-0.3767380741374568
209.46,-0.6493292179812364,0.7053143049231427,-0.37233749961800566
209.48,-0.6916236286404058,0.6857561959478042,-0.3835834122788253
209.5,-0.7290285120557406,0.6632643706261651,-0.3923845613177276
209.52,-0.7324511811264248,0.6532408397763041,-0.3918956085933441
209.54,-0.7102038321669774,0.6493292179812364,-0.3884729395226599
209.56,-0.7072701158206766,0.6471289307215109,-0.3823610304678666
209.58,-0.7163157412217706,0.6534853161384958,-0.3750267396021147
209.6,-0.7102038321669774,0.6644867524371237,-0.3740488341533478
209.62,-0.7099593558047856,0.666931516059041,-0.37600464505088166
209.64,-0.7155823121351954,0.6625309415395899,-0.37209302325581395
209.66,-0.7216942211899887,0.6686428505943831,-0.3784494086727989
209.68,-0.652507410689729,0.7483421446688873,-0.4195214375210097
209.7,-0.5476270513094765,0.922898267273783,-0.443724597377991
209.72,-0.5402927604437245,0.8505332640650307,-0.36964825963389664
209.74,-0.5559392476239954,0.7363628029214925,-0.26134523118296
209.76,-0.5603398221434465,0.8390428750420194,-0.19924823518626042
209.78,-0.6050789964245332,0.9077407328178957,-0.1743116462427039
209.8,-0.6334382544387739,0.910185496439813,-0.21244995874461386
209.82,-0.5904104146930294,0.9754606851450051,-0.302172783668979
209.84,-0.4796626226201754,0.9607921034135012,-0.3686703541851297
209.86,-0.3772270268618403,0.8823151911499557,-0.355713106988968
209.88,-0.37160407053143046,0.8830486202365309,-0.31121840907007303
209.9,-0.44348012101579926,0.8708248021269444,-0.2623231366317269
209.92,-0.47599547718729945,0.8229074351373651,-0.22296244231885828
209.94,-0.49922073159551383,0.7989487516425755,-0.19851480609968522
209.96,-0.5750084038749503,0.7757234972343612,-0.1655104972038016
209.98,-0.6598417015554808,0.7485866210310791,-0.1359288573786022
210.0,-0.7280506066069736,0.7432081410628609,-0.12737218470189163
210.02,-0.7554319591724475,0.7163157412217706,-0.08898939583778993
210.04,-0.7686336827308009,0.7018916358524585,-0.04987317788711304
210.06,-0.7943037007609327,0.7058032576475262,-0.007823243590135379
210.08,-0.7598325336918986,0.7490755737554625,-0.003422669070684228
210.1,-0.676955046908902,0.7874583626195643,-0.022736301683830944
210.12,-0.6383277816826085,0.7779237844940867,-0.05427375240656419
210.14,-0.6089906182196009,0.7038474467499923,-0.10365797756929376
210.16,-0.5977447055587812,0.6613085597286312,-0.12810561378846683
210.18,-0.6026342328026159,0.6727989487516426,-0.12419399199339913
210.2,-0.6319713962656236,0.6835559086880787,-0.09216758854628243
210.22,-0.647862359808086,0.7070256394584848,-0.0831219631451884
210.24,-0.5825871711028939,0.7510313846529963,-0.10414693029367723
210.26,-0.5302692295938636,0.8192402897044891,-0.11612627204107202
210.28,-0.5119335024294839,0.9082296855422791,-0.08727806130244782
210.3,-0.595299941936864,1.0539375974085505,-0.0686978577758763
210.32,-0.7608104391406656,1.0903645753751183,-0.14937505729914738
210.34,-0.7693671118173762,0.9214314091006326,-0.2769917183632308
210.36,-0.5816092656541271,0.799437704366959,-0.336643950738013
210.389,-0.5816092656541271,0.799437704366959,-0.336643950738013
210.4,-0.5048436879259236,0.7945481771231244,-0.3043730709287046
210.42,-0.5591174403324879,0.8177734315313387,-0.17406716988051218
210.44,-0.5407817131681081,0.8287748678299667,-0.10170216667175992
210.46,-0.47355071356538214,0.761299391865049,-0.15646487180270757
210.48,-0.564495920300706,0.7351404211105339,-0.2535219875928246
210.5,-0.657885890657947,0.7644775845735415,-0.30119487822021207
210.52,-0.7764569263209363,0.7720563518014851,-0.33933319072212204
210.54,-0.8669131803318767,0.7026250649390337,-0.32662041988815205
210.56,-0.7823243590135378,0.666931516059041,-0.2574336093878923
210.58,-0.6483513125324695,0.7454084283225866,-0.18800232252544083
210.6,-0.6104574763927513,0.7872138862573724,-0.11954894111175625
210.62,-0.579897931118785,0.792103413501207,-0.10928093389970357
210.64,-0.5349142804755065,0.8004156098157259,-0.18898022797420774
210.66,-0.5539834367264616,0.8226629587751734,-0.27136876203282095
210.68,-0.6092350945817926,0.8331754423494179,-0.2877486782996669
210.7,-0.6454175961861688,0.8209516242398313,-0.2743024783791217
210.72,-0.6375943525960334,0.7842801699110717,-0.26599028206460285
210.74,-0.6427283562020597,0.7573877700699814,-0.2652568529780277
210.76,-0.6141246218256272,0.7366072792836842,-0.2620786602695352
210.78,-0.5825871711028939,0.7231610793631391,-0.2525440821440577
210.8,-0.6009228982672737,0.7231610793631391,-0.24276502765638847
210.82,-0.6243926290376799,0.7317177520398497,-0.22834092228707636
210.84,-0.6173028145341197,0.7397854719921767,-0.22589615866515905
210.86,-0.6246371053998716,0.7534761482749136,-0.23200806771995233
210.88,-0.6434617852886348,0.7735232099746355,-0.23934235858570424
210.9,-0.6432173089264431,0.7979708461938086,-0.23738654768817039
210.92,-0.6258594872108303,0.8214405769642148,-0.23714207132597867
210.94,-0.6204810072426122,0.8771811875439294,-0.24741007853803135
210.96,-0.5967668001100144,0.9471014271307643,-0.25938942028542616
210.98,-0.6309934908168566,0.9676374415548696,-0.2862818201265165
211.0,-0.6828224796015036,0.915563976408031,-0.2911713473703511
211.02,-0.6806221923417779,0.799437704366959,-0.26892399841090364
211.04,-0.6231702472267212,0.7300064175045076,-0.24912141307337346
211.06,-0.5823426947407022,0.7363628029214925,-0.22247348959447483
211.08,-0.5674296366470066,0.74589738104697,-0.21073862420927175
211.1,-0.5708523057176909,0.7414968065275188,-0.22662958775173425
211.12,-0.5740304984261834,0.7524982428261467,-0.2608562784585765
211.14,-0.6014118509916573,0.7554319591724475,-0.27454695474131346
211.16,-0.6493292179812364,0.7478531919445038,-0.2779696238119977
211.18,-0.6840448614124621,0.7348959447483421,-0.28016991107172323
211.2,-0.6549521743116462,0.7187605048436879,-0.27136876203282095
211.22,-0.6143690981878189,0.7124041194267029,-0.25938942028542616
211.24,-0.6085016654952174,0.714115453962045,-0.25498884576597497
211.26,-0.6111909054793264,0.7329401338508083,-0.24374293310515538
211.28,-0.6133911927390521,0.762277297313816,-0.2390978822235125
211.3,-0.6209699599669957,0.7806130244781957,-0.25156617669529074
211.32,-0.6031231855269994,0.7869694098951807,-0.2574336093878923
211.34,-0.5899214619686459,0.7918589371390153,-0.2478990312624148
211.36,-0.5847874583626196,0.7859915044464139,-0.23445283134186962
211.38,-0.5921217492283715,0.7884362680683311,-0.22882987501145982
211.409,-0.6268373926595973,0.8075054243192861,-0.22589615866515905
211.42,-0.6610640833664395,0.8011490389023012,-0.22931882773584328
211.44,-0.6681538978699997,0.781346453564771,-0.2278519695626929
211.46,-0.645173119823977,0.7852580753598386,-0.21465024600433946
211.48,-0.6031231855269994,0.795770558934083,-0.2126944351068056
211.5,-0.5872322219845368,0.8202181951532561,-0.21953977324817406
211.52,-0.600678421905082,0.8199737187910644,-0.22589615866515905
211.54,-0.6099685236683678,0.8119059988387373,-0.24667664945145615
211.56,-0.616080432723161,0.8013935152644929,-0.267701616599945
211.58,-0.6346606362497326,0.7886807444305228,-0.2752803838278886
211.6,-0.6576414142957553,0.7916144607768236,-0.26721266387556153
211.62,-0.6571524615713717,0.8035938025242184,-0.2611007548207683
211.64,-0.6422394034776763,0.8060385661461358,-0.26427894752926073
211.66,-0.6283042508327475,0.7913699844146319,-0.2750359074656969
211.68,-0.6278152981083641,0.7688781590929927,-0.2782141001741894
211.7,-0.6314824435412401,0.7571432937077897,-0.2755248601900804
211.72,-0.6317269199034318,0.7571432937077897,-0.26965742749747884
211.74,-0.6300155853680897,0.7634996791247746,-0.2542554166793998
211.76,-0.6300155853680897,0.7634996791247746,-0.2542554166793998
211.78,-0.6143690981878189,0.7532316719127219,-0.242276074932005
211.8,-0.6089906182196009,0.7463863337713534,-0.2503437948843321
211.82,-0.6212144363291874,0.7473642392201204,-0.26672371115117804
211.84,-0.6256150108486386,0.7478531919445038,-0.2772361947254225
211.86,-0.6378388289582251,0.7630107264003911,-0.28677077285089997
211.88,-0.657885890657947,0.7701005409039513,-0.2914158237325429
211.9,-0.641505974391101,0.7815909299269627,-0.2919047764569263
211.92,-0.607034807322067,0.8018824679888763,-0.29532744552761053
211.94,-0.5886990801576872,0.8099501879412034,-0.2923937291813098
211.96,-0.578920025670018,0.8150841915472298,-0.28554839103994134
211.98,-0.5728081166152248,0.8099501879412034,-0.28677077285089997
212.0,-0.5684075420957736,0.8055496134217522,-0.2887265837484338
212.02,-0.5745194511505669,0.8018824679888763,-0.28823763102405037
212.04,-0.5906548910552211,0.7974818934694251,-0.28530391467774957
212.06,-0.6014118509916573,0.7891696971549064,-0.2821257219692571
212.08,-0.6019008037160407,0.7833022644623048,-0.2769917183632308
212.1,-0.6023897564404241,0.7811019772025792,-0.27283562020597135
212.12,-0.6028787091648076,0.7820798826513461,-0.27014638022186227
212.14,-0.6028787091648076,0.7845246462732635,-0.26965742749747884
212.16,-0.6004339455428903,0.7901476026036732,-0.2733245729303548
212.18,-0.5948109892124805,0.7916144607768236,-0.2779696238119977
212.2,-0.5921217492283715,0.7960150352962748,-0.28114781652049015
212.22,-0.5987226110075482,0.7940592243987409,-0.28285915105583226
212.24,-0.6031231855269994,0.7889252207927145,-0.2813922928826819
212.26,-0.6050789964245332,0.7864804571707973,-0.2774806710876142
212.28,-0.601656327353849,0.7852580753598386,-0.2777251474498059
212.3,-0.595299941936864,0.7833022644623048,-0.2765027656388473
212.32,-0.5960333710234391,0.7835467408244965,-0.27454695474131346
212.34,-0.5984781346453565,0.7837912171866882,-0.27454695474131346
212.36,-0.5972557528343978,0.781346453564771,-0.2750359074656969
212.38,-0.600678421905082,0.7825688353757296,-0.2750359074656969
212.4,-0.6092350945817926,0.7801240717538123,-0.27405800201693
212.429,-0.6124132872902851,0.7779237844940867,-0.2735690492925465
212.44,-0.616080432723161,0.7779237844940867,-0.27087980930843747
212.46,-0.6190141490694618,0.776701402683128,-0.27112428567062924
212.48,-0.6175472908963114,0.7769458790453198,-0.27210219111939615
212.5,-0.6175472908963114,0.7798795953916206,-0.27283562020597135
212.52,-0.6163249090853528,0.7815909299269627,-0.27234666748158787
212.54,-0.6151025272743942,0.7808575008403875,-0.27136876203282095
212.56,-0.610701952754943,0.7835467408244965,-0.27405800201693
212.58,-0.6119243345659017,0.7847691226354552,-0.27283562020597135
212.6,-0.6121688109280934,0.7850135989976469,-0.2747914311035052
212.62,-0.6109464291171347,0.7874583626195643,-0.2774806710876142
212.64,-0.610701952754943,0.7847691226354552,-0.27405800201693
212.66,-0.6092350945817926,0.7828133117379213,-0.27161323839501267
212.68,-0.609724047306176,0.7811019772025792,-0.26990190385967056
212.7,-0.6089906182196009,0.7815909299269627,-0.27381352565473827
212.72,-0.6089906182196009,0.7850135989976469,-0.2752803838278886
212.74,-0.6114353818415181,0.7828133117379213,-0.2733245729303548
212.76,-0.6124132872902851,0.7786572135806619,-0.27161323839501267
212.78,-0.610701952754943,0.7806130244781957,-0.27039085658405404
212.8,-0.6104574763927513,0.7791461663050454,-0.26819056932432844
212.82,-0.6089906182196009,0.7791461663050454,-0.27112428567062924
212.84,-0.609724047306176,0.7786572135806619,-0.27210219111939615
212.86,-0.6102130000305596,0.7798795953916206,-0.27136876203282095
212.88,-0.6080127127708339,0.7837912171866882,-0.2725911438437796
212.9,-0.6094795709439843,0.7828133117379213,-0.2757693365522721
212.92,-0.6124132872902851,0.7842801699110717,-0.2747914311035052
212.94,-0.6158359563609693,0.7818354062891544,-0.27381352565473827
212.96,-0.6151025272743942,0.7811019772025792,-0.2750359074656969
212.98,-0.6158359563609693,0.781346453564771,-0.2752803838278886
213.0,-0.6138801454634355,0.7779237844940867,-0.2718577147572044
213.02,-0.6109464291171347,0.7791461663050454,-0.27381352565473827
213.04,-0.6129022400146685,0.7779237844940867,-0.27283562020597135
213.06,-0.6143690981878189,0.7779237844940867,-0.2735690492925465
213.08,-0.6119243345659017,0.781346453564771,-0.2735690492925465
213.1,-0.6133911927390521,0.7825688353757296,-0.27087980930843747
213.12,-0.6146135745500106,0.781346453564771,-0.27014638022186227
213.14,-0.6119243345659017,0.7791461663050454,-0.27063533294624575
213.16,-0.6119243345659017,0.7791461663050454,-0.27063533294624575
213.18,-0.6141246218256272,0.7808575008403875,-0.27112428567062924
213.2,-0.6148580509122024,0.7825688353757296,-0.27161323839501267
213.22,-0.6138801454634355,0.7806130244781957,-0.27087980930843747
213.24,-0.610701952754943,0.7833022644623048,-0.27234666748158787
213.26,-0.6136356691012438,0.7842801699110717,-0.2755248601900804
213.28,-0.617058338171928,0.7818354062891544,-0.2735690492925465
213.3,-0.6126577636524768,0.7818354062891544,-0.27234666748158787
213.32,-0.6082571891330257,0.7820798826513461,-0.2752803838278886
213.34,-0.6077682364086422,0.7835467408244965,-0.2779696238119977
213.36,-0.6131467163768602,0.7855025517220303,-0.27943648198514803
213.38,-0.6153470036365859,0.7884362680683311,-0.2821257219692571
213.4,-0.6177917672585032,0.7918589371390153,-0.28505943831555786
213.42,-0.6204810072426122,0.7916144607768236,-0.28677077285089997
213.449,-0.620725483604804,0.7899031262414815,-0.28579286740213306
213.46,-0.6148580509122024,0.7862359808086056,-0.28603734376432477
213.48,-0.604345567337958,0.7857470280842221,-0.28530391467774957
213.5,-0.5977447055587812,0.7825688353757296,-0.28505943831555786
213.52,-0.6033676618891911,0.7784127372184702,-0.28530391467774957
213.54,-0.6011673746294655,0.776701402683128,-0.28163676924487363
213.56,-0.6031231855269994,0.7855025517220303,-0.28579286740213306
213.58,-0.5989670873697399,0.7815909299269627,-0.29923906732267824
213.6,-0.5935886074015219,0.7698560645417596,-0.3060844054640467
213.62,-0.5894325092442624,0.7808575008403875,-0.29801668551171956
213.64,-0.5857653638113864,0.7903920789658649,-0.2887265837484338
213.66,-0.5855208874491947,0.7945481771231244,-0.28016991107172323
213.68,-0.5896769856064542,0.7923478898633988,-0.2765027656388473
213.7,-0.5835650765516609,0.8011490389023012,-0.2782141001741894
213.72,-0.5811203129297436,0.8138618097362711,-0.276747242001039
213.74,-0.5813647892919354,0.8163065733581885,-0.2733245729303548
213.76,-0.5776976438590594,0.8167955260825719,-0.2777251474498059
213.78,-0.5884546037954955,0.8092167588546282,-0.2813922928826819
213.8,-0.595299941936864,0.7982153225560004,-0.2774806710876142
213.82,-0.5823426947407022,0.7950371298475079,-0.28163676924487363
213.84,-0.5847874583626196,0.8004156098157259,-0.276747242001039
213.86,-0.5940775601259053,0.79674846438285,-0.267701616599945
213.88,-0.5921217492283715,0.7989487516425755,-0.2618341839073435
213.9,-0.5803868838431684,0.8028603734376433,-0.26892399841090364
213.92,-0.5781865965834428,0.8072609479570944,-0.26012284937200136
213.94,-0.578920025670018,0.8070164715949026,-0.25449989304159154
213.96,-0.5818537420163188,0.8048161843351771,-0.2581670384744675
213.98,-0.5754973565993338,0.7952816062096996,-0.2628120893561104
214.0,-0.5483604803960517,0.7884362680683311,-0.2662347584267946
214.02,-0.5324695168535892,0.7847691226354552,-0.2762582892766556
214.04,-0.5422485713412585,0.7940592243987409,-0.2757693365522721
214.06,-0.5662072548360481,0.7996821807291508,-0.2535219875928246
214.08,-0.572563640253033,0.8182623842557223,-0.21416129327995598
214.1,-0.6153470036365859,0.8419765913883202,-0.17822326803777158
214.12,-0.648840265256853,0.8424655441127036,-0.14277419551997067
214.14,-0.6498181707056199,0.8500443113406473,-0.14888610457476392
214.16,-0.6397946398557589,0.8664242276074932,-0.17773431531338812
214.18,-0.645173119823977,0.855667267671057,-0.1902026097851664
214.2,-0.6666870396968493,0.8608012712770834,-0.16037649359777525
214.22,-0.651529505240962,0.8539559331357149,-0.14081838462243682
214.24,-0.6307490144546649,0.8043272316107937,-0.1527977263698316
214.26,-0.642483879839868,0.7422302356140941,-0.16648840265256853
214.28,-0.6136356691012438,0.7158267884973871,-0.14815267548818872
214.3,-0.5459157167741344,0.7109372612535525,-0.13617333374079393
214.32,-0.5429820004278336,0.7155823121351954,-0.12052684656052318
214.34,-0.5627845857653638,0.740518901078752,-0.09143415945970723
214.36,-0.53540323319989,0.7627662500381994,-0.07236500320875225
214.38,-0.5229349387281117,0.8075054243192861,-0.09338997035724109
214.4,-0.5432264767900253,0.8475995477187299,-0.11783760657641414
214.42,-0.5740304984261834,0.8634905112611924,-0.12003789383613972
214.44,-0.6529963634141124,0.8957613910705009,-0.12737218470189163
214.469,-0.7573877700699814,0.9145860709592641,-0.17137792989640313
214.48,-0.7471197628579287,0.8654463221587263,-0.2158726278152981
214.5,-0.6864896250343795,0.8075054243192861,-0.2158726278152981
214.52,-0.6363719707850747,0.7808575008403875,-0.19998166427283562
214.54,-0.5794089783944015,0.7852580753598386,-0.18898022797420774
214.56,-0.5794089783944015,0.7852580753598386,-0.18898022797420774
214.58,-0.5569171530727622,0.8273080096568163,-0.16893316627448582
214.6,-0.5532500076398863,0.8532225040491397,-0.14228524279558719
214.62,-0.5520276258289276,0.8483329768053052,-0.13568438101641048
214.64,-0.5148672187757846,0.8510222167894141,-0.17308926443174524
214.66,-0.48773034257250253,0.8634905112611924,-0.22516272957858385
214.68,-0.49041958255661156,0.8361091586957186,-0.25792256211227577
214.7,-0.48406319713962653,0.8099501879412034,-0.2779696238119977
214.72,-0.4794181462579837,0.8092167588546282,-0.29606087461418573
214.74,-0.5214680805549613,0.8150841915472298,-0.29850563823610304
214.76,-0.5710967820798827,0.8453992604590044,-0.31684136540048286
214.78,-0.5642514439385142,0.931943892674877,-0.3640253033034868
214.8,-0.4997096843198973,0.9886624087033584,-0.41634324481251717
214.82,-0.46254927726675427,0.9395226599028206,-0.45521498640100233
214.84,-0.5023989243040063,0.8578675549307826,-0.46083794273141215
214.86,-0.5305137059560554,0.8013935152644929,-0.4620603245423708
214.88,-0.5747639275127586,0.739540995629985,-0.4483696482596339
214.9,-0.6280597744705558,0.6960242031598569,-0.40338599761635546
214.92,-0.6503071234300033,0.6889343886562967,-0.3486232924854078
214.94,-0.6463955016349356,0.7253613666228647,-0.30901812181034743
214.96,-0.6309934908168566,0.7879473153439477,-0.29679430370076093
214.98,-0.6307490144546649,0.8153286679094215,-0.26574580570241113
215.0,-0.6129022400146685,0.8033493261620267,-0.23787550041255387
215.02,-0.5970112764722061,0.7671668245576506,-0.22516272957858385
215.04,-0.6041010909757663,0.7647220609357332,-0.2596338966476179
215.06,-0.635149588974116,0.7815909299269627,-0.30339516547993767
215.08,-0.7075145921828683,0.7847691226354552,-0.31072945634568955
215.1,-0.7894141735170981,0.8172844788069553,-0.321241939919934
215.12,-0.8143507624606545,0.7720563518014851,-0.30070592549582864
215.14,-0.8251077223970907,0.7373407083702594,-0.2906823946459677
215.16,-0.8165510497203802,0.6864896250343795,-0.2750359074656969
215.18,-0.8148397151850381,0.6344161598875409,-0.22100663142132446
215.2,-0.7969929407450417,0.6175472908963114,-0.20047061699721908
215.22,-0.8001711334535342,0.6124132872902851,-0.21782843871283195
215.24,-0.7774348317697033,0.5769642147724842,-0.2056046206032454
215.26,-0.7793906426672371,0.4989762552333221,-0.1454634355040797
215.28,-0.8769367111817375,0.48944167710784464,-0.14839715185038047
215.3,-0.8913608165510497,0.48895272438346116,-0.15695382452709103
215.32,-0.9143415945970724,0.5270910368853712,-0.17651193350242947
215.34,-0.9598141979647342,0.5967668001100144,-0.166977355376952
215.36,-0.906518351006937,0.6317269199034318,-0.1686886899122941
215.38,-0.8331754423494179,0.6405280689423342,-0.18531308254133178
215.4,-0.7918589371390153,0.6801332396173945,-0.20047061699721908
215.42,-0.7857470280842221,0.7427191883384775,-0.21782843871283195
215.44,-0.8292638205543501,0.6412614980289093,-0.17162240625859487
215.46,-0.8691134675916022,0.7796351190294288,-0.2117165296580387
215.489,-0.754943006448064,0.8070164715949026,-0.17895669712434678
215.5,-0.7190049812058796,0.79674846438285,-0.15524248999174892
215.52,-0.8038382788864101,0.8571341258442075,-0.1591541117868166
215.54,-0.9820615469241818,1.000886226812945,-0.22809644592488462
215.56,-1.051737310148825,1.0013751795373285,-0.26819056932432844
215.58,-1.0632276991718363,0.9316994163126853,-0.2608562784585765
215.6,-0.9867065978058246,0.8551783149466736,-0.2317635913577606
215.62,-0.8265745805702411,0.74589738104697,-0.17308926443174524
215.64,-0.672309996027259,0.6674204687834245,-0.11319255569477125
215.66,-0.5268465605231794,0.6671759924212327,-0.07627662500381995
215.68,-0.393851419490878,0.6877120068453382,-0.06576414142957553
215.7,-0.19998166427283562,0.6705986614919169,-0.07603214864162822
215.72,-0.02200287259725575,0.6410170216667176,-0.09534578125477493
215.74,0.03544907251780093,0.7038474467499923,-0.1158817956788803
215.76,0.01980258533753018,0.833908871435993,-0.18091250802188064
215.78,-0.08238853405861321,0.8925831983620084,-0.31439660177856554
215.8,-0.3635363505791034,0.8620236530880421,-0.4046083794273141
215.82,-0.6632643706261651,0.8517556458759894,-0.4693946154081227
215.84,-0.8099501879412034,0.9050514928337866,-0.4821073862420927
215.86,-0.8351312532469517,0.9260764599822754,-0.41781010298566756
215.88,-0.7319622284020414,0.8380649695932524,-0.2735690492925465
215.9,-0.5779421202212511,0.7583656755187482,-0.1334840937566849
215.92,-0.5107111206185252,0.7466308101335452,-0.028359258014240746
215.94,-0.5107111206185252,0.7466308101335452,-0.028359258014240746
215.96,-0.4982428261467469,0.7588546282431318,0.06038566146135745
215.98,-0.4794181462579837,0.7512758610151881,0.12639427925312471
216.0,-0.47183937903004003,0.7216942211899887,0.1743116462427039
216.02,-0.46230480090456255,0.6498181707056199,0.18091250802188064
216.04,-0.36818140146074624,0.5574061057971458,0.1239495156312074
216.06,-0.4112092412064908,0.47770681172264157,-0.01246829447177826
216.08,-0.7055587812853344,0.43003392109525407,-0.1535311554564068
216.1,-0.9793723069400727,0.3921400849555359,-0.19215842068270023
216.12,-0.9942853650337683,0.30412859456651287,-0.14888610457476392
216.14,-0.9030956819362528,0.19460318430461754,-0.10243559575833511
216.16,-0.8490664058918803,0.15377563181859855,-0.0975460685145005
216.18,-0.9004064419521437,0.26843504568652016,-0.18360174800598966
216.2,-1.0228890994102007,0.4202548666075849,-0.2799254347095315
216.22,-1.0358463466063625,0.47428414265195734,-0.293127158267885
216.24,-0.9517464780124072,0.46254927726675427,-0.2911713473703511
216.26,-0.9312104635883018,0.544448858600984,-0.362069492405953
216.28,-0.9676374415548696,0.7666778718332671,-0.5209791278305779
216.3,-0.9825504996485652,0.9446566635088469,-0.6701097087675335
216.32,-0.9114078782507716,0.8713137548513278,-0.6745102832869847
216.34,-0.8505332640650307,0.6889343886562967,-0.5500718149313938
216.36,-0.7067811630962931,0.647862359808086,-0.4830852916908596
216.38,-0.5740304984261834,0.7011582067658834,-0.4850411025883935
216.4,-0.48773034257250253,0.6813556214283532,-0.47428414265195734
216.42,-0.47110594994346483,0.6468844543593191,-0.4390795464963481
216.44,-0.49726492069798,0.6366164471472664,-0.3755156923264982
216.46,-0.5192677932952358,0.6894233413806803,-0.3437337652415732
216.48,-0.516334076948935,0.7463863337713534,-0.35669101243773493
216.509,-0.5209791278305779,0.8128839042875042,-0.3659811142010207
216.53,-0.6138801454634355,1.0527152155975918,-0.41756562662347585
216.55,-0.6295266326437062,1.048070164715949,-0.4383461174097729
216.57,-0.6654646578858906,1.017266143079791,-0.41512086300155854
216.59,-0.7194939339302631,1.0324236775356783,-0.364758732390062
216.61,-0.7104483085291691,1.0165327139932157,-0.3791828377593741
216.63,-0.568896494820157,0.9485682853039147,-0.46157137181798735
216.65,-0.568896494820157,0.9485682853039147,-0.46157137181798735
216.67,-0.38725055771170125,0.9395226599028206,-0.47355071356538214
216.69,-0.2510772239709073,0.9876845032545916,-0.40558628487608106
216.71,-0.1814014607462641,1.0307123430003362,-0.28799315466185865
216.73,-0.13641781010298568,1.04538092473184,-0.23714207132597867
216.75,-0.08923387219998166,1.0270451975674602,-0.19411423158023408
216.77,-0.09534578125477493,1.0265562448430767,-0.17528955169147084
216.79,-0.15133086819668123,1.053448644684167,-0.18482412981694832
216.81,-0.23200806771995233,1.0688506555022461,-0.2029153806191364
216.83,-0.28970448919720077,1.0720288482107385,-0.21073862420927175
216.85,-0.32882070714787764,1.1214130733734682,-0.2366531186015952
216.87,-0.34642300522568226,1.320416832197537,-0.3317544234941784
216.89,-0.3368884271002047,1.374690584604101,-0.37233749961800566
216.91,-0.3513125324695168,1.0138434740091067,-0.19973718791064388
216.93,-0.4222106775051187,0.7727897808880604,-0.006111909054793264
216.95,-0.4635271827155212,0.7033584940256089,0.10390245393148549
216.97,-0.46230480090456255,0.6434617852886348,0.16526602084160988
216.99,-0.43027839745744584,0.5911438437796045,0.18629098799009872
217.01,-0.3657366378388289,0.5784310729456346,0.15939858814900834
217.03,-0.28310362741802403,0.6781774287198606,0.09167863582189897
217.05,-0.24374293310515538,0.8881826238425572,-0.03251535617150017
217.07,-0.22442930049200868,1.0803410445252575,-0.15768725361366623
217.09,-0.19069156250954986,1.1189683097515508,-0.19386975521804234
217.11,-0.17406716988051218,1.0297344375515691,-0.15475353726736546
217.13,-0.18531308254133178,0.9915961250496592,-0.1254163738043578
217.15,-0.2324970204443358,1.0358463466063625,-0.12321608654463222
217.17,-0.3236867035418513,1.0429361611099226,-0.11465941386792164
217.19,-0.41047581211991563,0.995507746844727,-0.09265654127066589
217.21,-0.47501757173853254,0.9588362925159674,-0.07652110136601167
217.23,-0.5219570332793448,0.9505240962014485,-0.0838553922317636
217.25,-0.5539834367264616,0.9551691470830914,-0.10121321394737647
217.27,-0.5737860220639917,0.9534578125477493,-0.11465941386792164
217.29,-0.5803868838431684,0.9590807688781591,-0.12492742107997433
217.31,-0.5669406839226232,0.9752162087828133,-0.13397304648106836
217.33,-0.5429820004278336,0.9986859395532194,-0.14766372276380527
217.35,-0.531736087767014,1.001864132261712,-0.1535311554564068
217.37,-0.5160896005867432,0.9661705833817192,-0.13959600281147816
217.39,-0.4955535861626379,0.9338997035724108,-0.11979341747394799
217.41,-0.4835742444152431,0.9158084527702227,-0.10536931210463588
217.43,-0.48553005531277693,0.8930721510863918,-0.08825596675121473
217.45,-0.5094887388075665,0.8825596675121474,-0.06845338141368457
217.47,-0.5349142804755065,0.9138526418726889,-0.07089814503560186
217.49,-0.5405372368059164,1.0382911102282797,-0.10268007212052685
217.519,-0.5515386731045442,1.1984231274638633,-0.13641781010298568
217.53,-0.5483604803960517,1.2196925709745439,-0.14399657733092933
217.55,-0.47526204810072425,1.0639611282584114,-0.14570791186627144
217.57,-0.40020780490786295,1.049048070164716,-0.17284478806955353
217.59,-0.35717996516211836,1.1355927023805885,-0.2117165296580387
217.61,-0.3542462488158176,1.1541729059071602,-0.24961036579775692
217.63,-0.34397824160376494,1.11603459340525,-0.26990190385967056
217.65,-0.3217308926443174,1.0656724627937537,-0.28725972557528345
217.67,-0.3117073617944565,1.0175106194419827,-0.292149252819118
217.69,-0.30339516547993767,0.970082205176787,-0.2899489655593925
217.71,-0.29703878006295265,0.9512575252880237,-0.29801668551171956
217.73,-0.28725972557528345,0.9681263942792531,-0.30119487822021207
217.75,-0.28310362741802403,0.9825504996485652,-0.3060844054640467
217.77,-0.28334810378021574,0.966415059743911,-0.31219631451883995
217.79,-0.289460012835009,0.9539467652721327,-0.31146288543226475
217.81,-0.30070592549582864,0.9505240962014485,-0.31635241267609937
217.83,-0.3087736454481557,0.9358555144699446,-0.3224643217308926
217.85,-0.3165968890382911,0.8820707147877639,-0.31244079088103166
217.87,-0.32417565626623474,0.8204626715154478,-0.2948384928032271
217.89,-0.32735384897472725,0.7818354062891544,-0.2755248601900804
217.91,-0.3077957399993888,0.7598325336918986,-0.2620786602695352
217.93,-0.28897106011062557,0.7637441554869664,-0.24569874400268923
217.95,-0.29997249640925344,0.7771903554075115,-0.22736301683830945
217.97,-0.308529169085964,0.8214405769642148,-0.21953977324817406
217.99,-0.3055954527396632,0.8835375729609143,-0.23371940225529445
218.01,-0.2919047764569263,0.8952724383461174,-0.24887693671118175
218.03,-0.2919047764569263,0.8952724383461174,-0.24887693671118175
218.05,-0.28261467469364054,0.9023622528496775,-0.25767808575008405
218.07,-0.28237019833144883,0.9456345689576139,-0.2686795220487119
218.09,-0.2901934419215842,0.9622589615866516,-0.26721266387556153
218.11,-0.31684136540048286,0.9551691470830914,-0.25058827124652383
218.13,-0.3596247287840357,0.9610365797756929,-0.23469730770406136
218.15,-0.4072976194114232,0.9629923906732267,-0.2134278641933808
218.17,-0.4491030773462091,0.9551691470830914,-0.1904470861473581
218.19,-0.47135042630565654,0.9612810561378846,-0.17797879167557987
218.21,-0.47306176084099866,1.012621092198148,-0.18653546435229043
218.23,-0.4520367936925098,1.117012498854017,-0.23469730770406136
218.25,-0.41634324481251717,1.1602848149619533,-0.25156617669529074
218.27,-0.3914066558689607,1.0756959936436146,-0.17651193350242947
218.29,-0.4116981939308743,1.0170216667175993,-0.08703358494025609
218.31,-0.4388350701341564,1.0341350120710204,-0.019313632613146715
218.33,-0.4554594627631941,1.0566268373926595,0.015157534455887297
218.35,-0.4469027900864835,1.0294899611893775,0.05060660697368823
218.37,-0.41292057574183294,0.9764385905937719,0.09143415945970723
218.39,-0.3637808269412951,0.9348776090211778,0.1014576903095682
218.41,-0.23763102405036213,0.9502796198392568,0.08507777404272224
218.43,-0.052562417871222074,1.0043088958836293,0.07847691226354551
218.45,-0.08678910857806435,0.9725269687987043,0.0022002872597255752
218.47,-0.31195183815664823,0.9717935397121291,-0.07798795953916206
218.49,-0.42807811019772024,0.9898847905143171,-0.10976988662408703
218.51,-0.3923845613177276,1.0101763285762309,-0.14693029367723007
218.539,-0.3669590196497876,1.0502704519756745,-0.18335727164379795
218.55,-0.349356721571983,1.0737401827460806,-0.1814014607462641
218.57,-0.31855269993582497,1.0576047428414266,-0.15133086819668123
218.59,-0.31244079088103166,1.0006417504507532,-0.1239495156312074
218.61,-0.3341991871160957,0.9062738746447453,-0.08850044311340648
218.63,-0.36255844513033647,0.8246187696727073,-0.06454175961861687
218.65,-0.35546863062677625,0.7759679735965529,-0.05476270513094765
218.67,-0.3535128197292424,0.762277297313816,-0.04889527243834611
218.69,-0.3535128197292424,0.7735232099746355,-0.0591632796503988
218.71,-0.3173303181248663,0.7991932280047672,-0.09094520673532377
218.73,-0.26745714023775324,0.8468661186321548,-0.11857103566298934
218.75,-0.2635455184426856,0.8894050056535159,-0.13788466827613605
218.77,-0.32564251443938513,0.8879381474803655,-0.14693029367723007
218.79,-0.3789383613971824,0.8818262384255722,-0.14081838462243682
218.81,-0.3708706414448553,0.8881826238425572,-0.12223818109586529
218.83,-0.3906732267823855,0.9006509183143354,-0.10268007212052685
218.85,-0.44714726644867525,0.9045625401094032,-0.07896586498792897
218.87,-0.4796626226201754,0.8940500565351588,-0.062096995996699565
218.89,-0.47257280811661523,0.8845154784096813,-0.05647403966628976
218.91,-0.4635271827155212,0.8886715765669406,-0.06331937780765821
218.93,-0.45912660819607004,0.8920942456376248,-0.0679644286893011
218.95,-0.4429911682914158,0.9006509183143354,-0.06845338141368457
218.97,-0.41389848119059985,0.9272988417932341,-0.07016471594902668
218.99,-0.38505027045197565,0.95639152889405,-0.07187605048436879
219.01,-0.37258197598019743,0.9693487760902118,-0.06185251963450784
219.03,-0.37258197598019743,0.9796167833022644,-0.036182501604376124
219.05,-0.3701372123582801,0.9840173578217156,-0.011245912660819608
219.07,-0.36964825963389664,0.9725269687987043,-0.0046450508816428815
219.09,-0.377471503224032,0.9893958377899337,-0.019069156250954986
219.11,-0.4099868593955322,1.194267029306604,-0.027136876203282093
219.13,-0.47452861901414906,1.4424105369312104,-0.09461235216819973
219.15,-0.47061699721908135,1.4196742352473795,-0.1454634355040797
219.17,-0.42661125202456984,1.2162699019038596,-0.15084191547229778
219.19,-0.377471503224032,1.129725269687987,-0.16477706811722642
219.21,-0.32344222717965954,1.1964673165663295,-0.17553402805366256
219.23,-0.30266173639336247,1.2309384836353634,-0.20242642789475293
219.25,-0.402897044891972,1.1844879748189348,-0.22491825321639214
219.27,-0.39287351404211107,1.117012498854017,-0.21073862420927175
219.29,-0.2214955841457079,1.1028328698468965,-0.1968034715643431
219.31,0.006600861779176726,1.0375576811417047,-0.15719830088928277
219.33,0.182379366195031,0.881092809338997,-0.10390245393148549
219.35,0.19289184976927543,0.792103413501207,-0.0623414723588913
219.37,0.0031781927084924976,0.7647220609357332,-0.07334290865751918
219.39,-0.24178712220762155,0.7410078538031354,-0.1031690248449103
219.41,-0.3469119579500657,0.8026158970754514,-0.15842068270024143
219.43,-0.3469119579500657,0.8026158970754514,-0.15842068270024143
219.45,-0.39776304128594564,0.9118968309751551,-0.26134523118296
219.47,-0.44348012101579926,0.9950187941203434,-0.3373773798245882
219.49,-0.5067994988234575,0.984506310546099,-0.35693548879992665
219.51,-0.5417596186168749,0.9272988417932341,-0.3398221434465055
219.53,-0.4994652079577056,0.8903829111022827,-0.3095070745347309
219.559,-0.4275891574733368,0.8490664058918803,-0.28016991107172323
219.58,-0.32759832533691896,0.8018824679888763,-0.20413776243009504
219.6,-0.3075512636371971,0.8043272316107937,-0.1757785044158543
219.62,-0.304862023653088,0.7991932280047672,-0.1623323044953091
219.64,-0.3187971762980167,0.8224184824129817,-0.17480059896708736
219.66,-0.33028756532102804,0.8676466094184518,-0.18971365706078294
219.68,-0.336643950738013,0.8737585184732451,-0.18017907893530544
219.7,-0.336643950738013,0.858356507655166,-0.1510863918344895
219.72,-0.31292974360541514,0.8730250893866699,-0.16282125721969257
219.74,-0.2581670384744675,0.9126302600617303,-0.20120404608379427
219.76,-0.22418482412981694,0.9541912416343244,-0.2109831005714635
219.78,-0.23371940225529445,0.9698377288145952,-0.1838462243681814
219.8,-0.26574580570241113,0.9634813433976103,-0.15793172997585794
219.82,-0.2936161109922684,0.9715490633499373,-0.15328667909421506
219.84,-0.32588699080157685,0.9805946887510314,-0.15402010818079026
219.86,-0.37038168872047184,0.9754606851450051,-0.14497448277969624
219.88,-0.4058307612382728,0.9603031506891178,-0.12908351923723374
219.9,-0.41560981572594197,0.9698377288145952,-0.12101579928490663
219.92,-0.4268557283867616,1.0182440485285578,-0.12272713382024875
219.94,-0.45668184457415273,1.0429361611099226,-0.1014576903095682
219.96,-0.4950646334382544,1.0385355865904715,-0.05940775601259053
219.98,-0.5229349387281117,1.04538092473184,-0.044739174281086695
220.0,-0.5097332151697582,1.2069798001405738,-0.07309843229532745
220.02,-0.3623139687681447,1.4028053662561502,-0.0591632796503988
220.04,-0.3786938850349907,1.369312104635883,-0.07089814503560186
220.06,-0.6231702472267212,1.2221373345964612,-0.11734865385203068
220.08,-0.792103413501207,1.1238578369953856,-0.10928093389970357
220.1,-0.7463863337713534,1.034379488433212,-0.04987317788711304
220.12,-0.6564190324847966,0.9446566635088469,-0.022980778046022676
220.14,-0.6564190324847966,0.9446566635088469,-0.022980778046022676
220.16,-0.5522721021911193,0.8749809002842037,0.006111909054793264
220.18,-0.4405464046694985,0.8070164715949026,0.02493658894355652
220.2,-0.3657366378388289,0.7759679735965529,0.006356385416984995
220.22,-0.3102405036213061,0.795770558934083,-0.05549613421752284
220.24,-0.2493658894355652,0.8559117440332488,-0.11905998838737279
220.26,-0.21562815145310638,0.9180087400299484,-0.1806680316596889
220.28,-0.22662958775173425,0.9439232344222718,-0.23225254408214405
220.3,-0.24863246034899,0.9764385905937719,-0.25449989304159154
220.32,-0.2747914311035052,1.084497142682517,-0.2884821073862421
220.34,-0.3068178345506219,1.1788650184885248,-0.31121840907007303
220.36,-0.33859976163554684,1.1304586987745622,-0.28408153286679094
220.38,-0.3804052195703328,1.017266143079791,-0.22100663142132446
220.4,-0.437368211961006,0.9510130489258319,-0.17137792989640313
220.42,-0.47477309537634077,0.8935611038107752,-0.13543990465421873
220.44,-0.4931088225407206,0.840265256852978,-0.11172569752162087
220.46,-0.5038657824771567,0.823885340586132,-0.10756959936436146
220.48,-0.4823518626042844,0.8189958133422974,-0.12737218470189163
220.5,-0.41292057574183294,0.8199737187910644,-0.14008495553586162
220.52,-0.35449072517800934,0.824863246034899,-0.14204076643339547
220.54,-0.31341869632979863,0.8297527732787336,-0.1525532500076399
220.569,-0.24569874400268923,0.8524890749625645,-0.17822326803777158
220.58,-0.1767564098646212,0.8813372857011887,-0.18824679888763254
220.6,-0.14375210096873758,0.8894050056535159,-0.16282125721969257
220.62,-0.16355468630626777,0.8830486202365309,-0.10732512300216973
220.64,-0.25327751123063286,0.8654463221587263,-0.05671851602848149
220.66,-0.3205085108333588,0.8473550713565382,-0.01735782171561287
220.68,-0.33933319072212204,0.8434434495614705,0.03251535617150017
220.7,-0.3390887143599303,0.8620236530880421,0.06723099960272591
220.72,-0.304862023653088,0.8759588057329707,0.06894233413806802
220.74,-0.18629098799009872,0.9197200745652905,0.07089814503560186
220.76,-0.10292454848271858,0.9360999908321364,0.08581120312929744
220.78,-0.21538367509091463,0.9629923906732267,0.05549613421752284
220.8,-0.35766891788650185,1.031934724811295,0.019313632613146715
220.82,-0.38627265226293434,1.067139320966904,-0.010512483574244415
220.84,-0.3845613177275922,1.0551599792195092,-0.03398221434465055
220.86,-0.43027839745744584,1.0532041683219753,-0.0591632796503988
220.88,-0.48968615347003636,1.1583290040644194,-0.0982794976010757
220.9,-0.5310026586804388,1.2661430797909727,-0.1767564098646212
220.92,-0.5001986370442808,1.1891330257005777,-0.17871222076215507
220.94,-0.41365400482840814,1.0050423249702045,-0.10976988662408703
220.96,-0.3334657580295205,0.8982061546924182,-0.05696299239067323
220.98,-0.2779696238119977,0.912874736423922,-0.11001436298627876
221.0,-0.24496531491611404,0.9808391651132231,-0.19949271154845216
221.02,-0.22907435137365156,1.0292454848271857,-0.23225254408214405
221.04,-0.22760749320050117,1.0981878189652539,-0.2750359074656969
221.06,-0.2525440821440577,1.1072334443663479,-0.3388442379977386
221.08,-0.3300430889588363,1.0021086086239037,-0.32808727806130245
221.1,-0.4420132628426489,0.8708248021269444,-0.2911713473703511
221.12,-0.4979983497845552,0.770345017266143,-0.2581670384744675
221.14,-0.46328270635332947,0.7131375485132782,-0.23029673318461022
221.16,-0.37038168872047184,0.6974910613330073,-0.2349417840662531
221.18,-0.2669681875133698,0.7055587812853344,-0.2772361947254225
221.2,-0.17406716988051218,0.7422302356140941,-0.3351770925648626
221.22,-0.094367875806008,0.7991932280047672,-0.41634324481251717
221.24,-0.027381352565473825,0.8612902240014668,-0.44323564465360754
221.26,-0.034960119793417475,0.8766922348195458,-0.43003392109525407
221.28,-0.06820890505149284,0.8730250893866699,-0.4388350701341564
221.3,-0.06674204687834245,0.8735140421110533,-0.45692632093634444
221.32,-0.02200287259725575,0.8977172019680347,-0.49188644072976195
221.34,-0.005622956330409804,0.9515020016502155,-0.48846377165907773
221.36,-0.11857103566298934,0.9500351434770651,-0.4356568774256639
221.38,-0.23714207132597867,0.9018733001252941,-0.42001039024539316
221.4,-0.2070714787763958,0.9356110381077529,-0.47501757173853254
221.42,-0.11954894111175625,0.9862176450814412,-0.5358921859242735
221.44,-0.07089814503560186,0.9898847905143171,-0.5493383858448186
221.46,-0.06576414142957553,0.9840173578217156,-0.5209791278305779
221.48,-0.08092167588546283,0.99452984139596,-0.4173211502612841
221.5,-0.09583473397915838,0.9522354307367906,-0.3525349142804755
221.52,-0.09583473397915838,0.9522354307367906,-0.3525349142804755
221.54,-0.0207804907862971,1.0201998594260917,-0.4422577392048406
221.56,0.03642697796656786,1.1385264187268893,-0.4950646334382544
221.589,-0.03373773798245882,1.1402377532622314,-0.44274669192922406
221.6,-0.15646487180270757,1.1187238333893592,-0.3327323289429453
221.62,-0.23518626042844482,1.0837637135959417,-0.3029062127555542
221.64,-0.18482412981694832,1.1255691715307277,-0.4060752376004645
221.66,-0.08336643950738012,1.1480609968523667,-0.4764844299116829
221.68,-0.04131650521040247,1.0610274119121108,-0.45790422638511136
221.7,-0.05182898878464688,0.9830394523729487,-0.38822846316046816
221.72,-0.06136356691012437,0.9265654127066589,-0.3813831250190997
221.74,-0.4080310484979983,0.9236316963603581,-0.4050973321516976
221.76,-0.7062922103719097,0.9717935397121291,-0.7185160284814962
221.78,-0.17895669712434678,0.8160620969959966,-0.803104849799835
221.8,-0.16526602084160988,0.7011582067658834,-0.852978027686948
221.82,-0.12223818109586529,0.7339180392995752,-0.8942945328973505
221.84,-0.019558108975338447,0.7524982428261467,-0.8620236530880421
221.86,0.07480976683066956,0.7551874828102557,-0.7808575008403875
221.88,0.0799437704366959,0.7576322464321731,-0.6957797267976652
221.9,-0.001711334535342114,0.7512758610151881,-0.5967668001100144
221.92,-0.045717079729853616,0.6869785777587629,-0.4613268954557956
221.94,0.08752253766463955,0.7253613666228647,-0.362069492405953
221.96,0.35522415426458454,0.8918497692754331,-0.40338599761635546
221.98,0.4940867279894875,1.1077223970907313,-0.4830852916908596
222.0,0.28725972557528345,0.8898939583778993,-0.42978944473306235
222.2,0.0735873850197109,0.8578675549307826,-0.5850319347248113
222.5,0.07701005409039513,0.8270635332946246,-0.5295358005072884
222.54,0.09265654127066589,0.8405097332151698,-0.5283134186963298
222.8,-0.1757785044158543,0.9096965437154295,-0.5405372368059164
222.88,-0.14986401002353084,0.9226537909115912,-0.5319805641292057
222.94,-0.16404363903065122,0.93096598722611,-0.5285578950585215
222.98,-0.17211135898297833,0.9480793325795311,-0.5288023714207133
223.08,-0.23811997677474558,0.9072517800935122,-0.4916419643675702
223.18,-0.37429331051553955,0.8197292424288727,-0.4102313357577239
223.22,-0.4547260336766189,0.780368548116004,-0.3610915869571861
223.24,-0.503621306114965,0.7825688353757296,-0.3317544234941784
223.32,-0.5764752620481007,0.761299391865049,-0.3933624667664945
223.38,-0.5874766983467286,0.6674204687834245,-0.31268526724322343
223.42,-0.6544632215872628,0.5305137059560554,-0.20022614063502733
223.48,-0.651529505240962,0.5302692295938636,-0.2031598569813281
223.5,-0.6686428505943831,0.5398038077193411,-0.2126944351068056
223.52,-0.7053143049231427,0.5710967820798827,-0.22589615866515905
223.54,-0.752253766463955,0.5794089783944015,-0.21856186779940714
223.56,-0.7982153225560004,0.5776976438590594,-0.21440576964214772
223.58,-0.8551783149466736,0.5970112764722061,-0.2342083549796779
223.6,-0.8867157656694068,0.6158359563609693,-0.27283562020597135
223.629,-0.8715582312135195,0.6053234727867249,-0.28016991107172323
223.64,-0.8576230785685909,0.5747639275127586,-0.25767808575008405
223.66,-0.8451547840968127,0.5552058185374201,-0.24203159856981327
223.68,-0.8336643950738013,0.5928551783149466,-0.25792256211227577
223.7,-0.8106836170277786,0.6554411270360296,-0.28359258014240746
223.72,-0.7742566390612108,0.6718210433028756,-0.3031506891177459
223.74,-0.7334290865751918,0.6353940653363078,-0.3053509763774715
223.76,-0.6992023958683494,0.6041010909757663,-0.28652629648870825
223.78,-0.6852672432234208,0.5857653638113864,-0.2606118020963848
223.8,-0.6862451486721878,0.5483604803960517,-0.23078568590899368
223.82,-0.6857561959478042,0.5165785533111267,-0.21244995874461386
223.84,-0.6659536106102741,0.4931088225407206,-0.2063380496898206
223.86,-0.6422394034776763,0.4821073862420927,-0.20340433334351984
223.88,-0.6402835925801424,0.4813739571555175,-0.19484766066680928
223.9,-0.6559300797604132,0.4953091098004462,-0.18506860617914006
223.92,-0.6862451486721878,0.5329584695779727,-0.18726889343886563
223.94,-0.7023805885768419,0.5701188766311157,-0.19460318430461754
223.96,-0.6855117195856125,0.5894325092442624,-0.19362527885585062
223.98,-0.6595972251932891,0.6187696727072701,-0.19704794792653485
224.0,-0.6620419888152064,0.6696207560431501,-0.20609357332762887
224.02,-0.7038474467499923,0.7226721266387556,-0.2117165296580387
224.04,-0.7498090028420377,0.7520092901017633,-0.21318338783118906
224.06,-0.762277297313816,0.7735232099746355,-0.20267090425694465
224.08,-0.7270727011582068,0.7852580753598386,-0.19460318430461754
224.1,-0.6762216178223268,0.8126394279253124,-0.19069156250954986
224.12,-0.6327048253521987,0.8595788894661247,-0.188735751612016
224.14,-0.5769642147724842,0.8876936711181738,-0.18604651162790697
224.16,-0.5160896005867432,0.9136081655104972,-0.18042355529749718
224.18,-0.456437368211961,0.9397671362650124,-0.19240289704489197
224.2,-0.40387495034073895,0.9720380160743208,-0.2222290132322831
224.22,-0.3628029214925282,1.005531277694588,-0.25841151483665925
224.24,-0.355713106988968,1.0258228157565015,-0.2926382055435015
224.26,-0.36744797237417104,1.0387800629526633,-0.32833175442349416
224.28,-0.3659811142010207,1.0441585429208813,-0.37160407053143046
224.3,-0.36964825963389664,1.0397579684014302,-0.4075420957736149
224.32,-0.36964825963389664,1.0397579684014302,-0.4075420957736149
224.34,-0.38578369953855085,1.022644623048009,-0.4212327720563518
224.36,-0.4226996302295022,0.9979525104666442,-0.411942670293066
224.38,-0.4821073862420927,0.9766830669559636,-0.3796717904837576
224.4,-0.5412706658924915,0.9490572380282981,-0.34568957613910706
224.42,-0.5794089783944015,0.9304770345017266,-0.31635241267609937
224.44,-0.5979891819209731,0.948323808941723,-0.2933716346300767
224.46,-0.6121688109280934,1.0157992849066406,-0.29459401644103533
224.48,-0.600678421905082,1.0827858081471748,-0.3165968890382911
224.5,-0.5622956330409803,1.1292363169636035,-0.3354215689270544
224.52,-0.5400482840815328,1.19231121840907,-0.349356721571983
224.54,-0.5214680805549613,1.1536839531827767,-0.3202640344711671
224.56,-0.5041102588393485,0.9994193686397946,-0.22931882773584328
224.58,-0.49115301164318675,0.8732695657488616,-0.11905998838737279
224.6,-0.4679277572349723,0.8167955260825719,-0.05891880328820707
224.62,-0.4503254591571677,0.7960150352962748,-0.0327598325336919
224.649,-0.44323564465360754,0.7916144607768236,-0.003422669070684228
224.66,-0.43443449561470526,0.7791461663050454,0.033248785258075356
224.68,-0.4094979066711487,0.7718118754392934,-0.011979341747394798
224.7,-0.3911621795067689,0.8463771659077712,-0.03716040705314305
224.72,-0.45374812822785193,0.9512575252880237,0.002933716346300767
224.74,-0.5666962075604315,1.0324236775356783,0.053295846957797266
224.76,-0.6730434251138343,1.048070164715949,0.11441493750572991
224.78,-0.6686428505943831,1.0140879503712985,0.1821348898328393
224.8,-0.5676741130091985,0.979127830577881,0.1821348898328393
224.82,-0.49041958255661156,0.9583473397915839,0.10268007212052685
224.84,-0.4258778229379947,0.93096598722611,-0.005622956330409804
224.86,-0.32833175442349416,0.9370778962809033,-0.09045625401094032
224.88,-0.21856186779940714,0.9840173578217156,-0.14081838462243682
224.9,-0.1271277083396999,1.0602939828255356,-0.1615988754087339
224.92,-0.1166152247654555,1.107966873452923,-0.1902026097851664
224.94,-0.16819973718791065,1.1047886807444305,-0.21465024600433946
224.96,-0.23958683494789598,1.078874186352107,-0.20927176603612138
224.98,-0.3077957399993888,1.0351129175197873,-0.188735751612016
225.0,-0.377471503224032,0.9497906671148734,-0.13421752284326008
225.02,-0.4613268954557956,0.8539559331357149,-0.053295846957797266
225.04,-0.53540323319989,0.7916144607768236,-0.026892399841090365
225.06,-0.56082877486783,0.7806130244781957,-0.028359258014240746
225.08,-0.5402927604437245,0.7952816062096996,-0.04547260336766189
225.1,-0.4950646334382544,0.8324420132628426,-0.0679644286893011
225.12,-0.4368792592366226,0.8727806130244782,-0.08923387219998166
225.14,-0.3740488341533478,0.8908718638266663,-0.1063472175534028
225.16,-0.295816398251994,0.9676374415548696,-0.1095254102618953
225.18,-0.19240289704489197,1.1316810805855209,-0.11857103566298934
225.2,-0.1464413409528466,1.2619869816337133,-0.1806680316596889
225.22,-0.21611710417748983,1.2282492436512544,-0.18824679888763254
225.24,-0.33297680530513707,1.2111358982978333,-0.17235583534517007
225.26,-0.4043639030651224,1.153439476820585,-0.1831127952816062
225.28,-0.3527793906426672,0.921920361825016,-0.15670934816489931
225.3,-0.25229960578186594,0.8067719952327109,-0.12663875561531643
225.32,-0.22418482412981694,0.8686245148672188,-0.16013201723558354
225.34,-0.19386975521804234,0.973749350609663,-0.20413776243009504
225.36,-0.15890963542462488,1.0248449103077346,-0.2789475292607646
225.38,-0.17773431531338812,1.023622528496776,-0.34177795434403935
225.4,-0.21000519512269658,1.005531277694588,-0.37062616508266355
225.42,-0.233230449530911,0.9710601106255539,-0.40045228127005467
225.44,-0.2789475292607646,0.8864712893072151,-0.39922989945909604
225.46,-0.3346881398404792,0.7955260825718913,-0.368425877822938
225.48,-0.34666748158787397,0.7476087155823121,-0.3310209944076032
225.5,-0.349356721571983,0.7370962320080677,-0.3195306053845919
225.52,-0.37038168872047184,0.7451639519603949,-0.3317544234941784
225.54,-0.3368884271002047,0.7488310973932708,-0.35986920514622744
225.56,-0.2779696238119977,0.7737676863368272,-0.39874094673471255
225.58,-0.25278855850624943,0.8092167588546282,-0.4072976194114232
225.6,-0.2542554166793998,0.8106836170277786,-0.38676160498731776
225.62,-0.25523332212816674,0.8167955260825719,-0.34348928887938146
225.64,-0.29972802004706167,0.8485774531674969,-0.3310209944076032
225.669,-0.3334657580295205,0.8845154784096813,-0.34275585979280626
225.68,-0.3317544234941784,0.9233872199981664,-0.3667145432875959
225.7,-0.3317544234941784,0.9233872199981664,-0.3667145432875959
225.72,-0.3628029214925282,0.9615255325000763,-0.38431684136540045
225.74,-0.4251443938514195,0.972771445160896,-0.38505027045197565
225.76,-0.4686611863215475,0.9625034379488433,-0.3669590196497876
225.78,-0.4957980625248296,0.9544357179965162,-0.3628029214925282
225.8,-0.568896494820157,1.0307123430003362,-0.36744797237417104
225.82,-0.7595880573297069,1.0832747608715583,-0.34593405250129877
225.84,-0.9959966995691104,1.049048070164716,-0.2806588637961067
225.86,-1.1126119243345658,0.9089631146288543,-0.22345139504324174
225.88,-0.9170308345811814,0.7446749992360113,-0.24007578767227944
225.9,-0.5886990801576872,0.762277297313816,-0.317574794487058
225.92,-0.3654921614766372,0.9180087400299484,-0.4046083794273141
225.94,-0.1982703297374935,1.026311768480885,-0.44788069553525045
225.96,-0.1215047520092901,0.9730159215230877,-0.3960517067506035
225.98,-0.1821348898328393,0.8559117440332488,-0.3349326162026709
226.0,-0.3231977508174678,0.8258411514836659,-0.31928612902240017
226.02,-0.42489991748922773,0.8517556458759894,-0.3381108089111634
226.04,-0.44543593191333314,0.858356507655166,-0.3488677688475995
226.06,-0.4090089539467653,0.8935611038107752,-0.38725055771170125
226.08,-0.3588912996974605,0.9270543654310424,-0.4234330593160774
226.1,-0.3068178345506219,0.9094520673532378,-0.41536533936375025
226.12,-0.2772361947254225,0.8854933838584481,-0.3962961831127953
226.14,-0.2718577147572044,0.8642239403477676,-0.3676924487363628
226.16,-0.2870152492130917,0.8065275188705192,-0.3214864162821257
226.18,-0.34080004889527243,0.7823243590135378,-0.2870152492130917
226.2,-0.36915930690951315,0.8145952388228463,-0.2782141001741894
226.22,-0.35669101243773493,0.8554227913088653,-0.28823763102405037
226.24,-0.36084711059499436,0.875714329370779,-0.28799315466185865
226.26,-0.38553922317635914,0.8781590929926962,-0.2769917183632308
226.28,-0.3962961831127953,0.8776701402683128,-0.2598783730098096
226.3,-0.40387495034073895,0.8820707147877639,-0.2662347584267946
226.32,-0.4363903065122391,0.8876936711181738,-0.26599028206460285
226.34,-0.5077774042722244,0.8818262384255722,-0.24887693671118175
226.36,-0.5823426947407022,0.8671576566940684,-0.21953977324817406
226.38,-0.6779329523576689,0.8703358494025609,-0.18922470433639946
226.4,-0.7456529046847783,0.8806038566146136,-0.17211135898297833
226.42,-0.6412614980289093,0.8955169147083091,-0.15719830088928277
226.44,-0.5439599058766006,0.9250985545335085,-0.16502154447941814
226.46,-0.462793753628946,0.9050514928337866,-0.15402010818079026
226.48,-0.41512086300155854,0.8622681294502338,-0.15206429728325643
226.5,-0.43932402285853983,0.8886715765669406,-0.1911805152339333
226.52,-0.48748586621031076,0.9847507869082908,-0.2762582892766556
226.54,-0.5197567460196192,1.0673837973290958,-0.3606026342328026
226.56,-0.5400482840815328,1.0649390337071785,-0.3931179904043028
226.58,-0.5261131314366042,1.0192219539773248,-0.3818720777434832
226.6,-0.47746233536044985,0.9869510741680163,-0.3645142560278703
226.62,-0.41389848119059985,0.979127830577881,-0.3444671943281484
226.64,-0.3657366378388289,0.910185496439813,-0.32344222717965954
226.66,-0.3606026342328026,0.7869694098951807,-0.289460012835009
226.689,-0.3672034960119793,0.7036029703878006,-0.2725911438437796
226.71,-0.3588912996974605,0.6918681050025975,-0.2733245729303548
226.73,-0.3368884271002047,0.7363628029214925,-0.28334810378021574
226.75,-0.3077957399993888,0.7869694098951807,-0.29777220914952784
226.77,-0.2892155364728173,0.8177734315313387,-0.31513003086514074
226.79,-0.28310362741802403,0.8356202059713351,-0.32490908535280993
226.81,-0.2892155364728173,0.8312196314518839,-0.32417565626623474
226.83,-0.30266173639336247,0.8527335513247563,-0.3293096598722611
226.85,-0.3224643217308926,0.9439232344222718,-0.36084711059499436
226.87,-0.3383552852733551,1.0593160773767687,-0.40558628487608106
226.89,-0.3476453870366409,1.126058124255111,-0.4486141246218256
226.91,-0.3500901506585582,1.1023439171225131,-0.4535036518656602
226.93,-0.37527121596430646,1.056137884668276,-0.4530146991412768
226.95,-0.4070531430492314,1.0104208049384225,-0.4535036518656602
226.97,-0.4090089539467653,0.9153195000458393,-0.4224551538673105
226.99,-0.39849647037252084,0.8155731442716132,-0.3662255905632124
227.01,-0.39776304128594564,0.7414968065275188,-0.29777220914952784
227.03,-0.3733154050667726,0.7106927848913608,-0.23591968951502001
227.05,-0.34471167069034014,0.7483421446688873,-0.22491825321639214
227.07,-0.3390887143599303,0.8204626715154478,-0.242276074932005
227.09,-0.3395776670843138,0.8461326895455795,-0.25327751123063286
227.11,-0.3334657580295205,0.8551783149466736,-0.26012284937200136
227.13,-0.32979861259664456,0.8771811875439294,-0.27234666748158787
227.15,-0.33077651804541147,0.9072517800935122,-0.28799315466185865
227.17,-0.33150994713198667,0.9260764599822754,-0.30070592549582864
227.19,-0.3293096598722611,0.9177642636677567,-0.3038841182043211
227.21,-0.33028756532102804,0.8977172019680347,-0.30021697277144516
227.23,-0.34324481251718975,0.881092809338997,-0.29606087461418573
227.25,-0.35938025242184396,0.9096965437154295,-0.29801668551171956
227.27,-0.3657366378388289,1.0087094704030803,-0.3244201326284265
227.29,-0.36891483054732144,1.076184946367998,-0.362069492405953
227.31,-0.3818720777434832,0.9774164960425389,-0.3452006234147236
227.33,-0.4339455428903218,0.9082296855422791,-0.30901812181034743
227.35,-0.47917366989579196,0.897472725605843,-0.28530391467774957
227.37,-0.49115301164318675,0.8409986859395532,-0.2591449439232344
227.39,-0.5006875897686642,0.8011490389023012,-0.2271185404761177
227.41,-0.5302692295938636,0.8104391406655869,-0.19240289704489197
227.43,-0.5610732512300217,0.8441768786480457,-0.17528955169147084
227.45,-0.5669406839226232,0.8940500565351588,-0.1904470861473581
227.47,-0.5248907496256455,0.9400116126272041,-0.22247348959447483
227.49,-0.46059346636922044,0.9661705833817192,-0.25572227485255017
227.51,-0.41829905571005105,0.98181707056199,-0.2796809583473398
227.53,-0.38822846316046816,1.0047978486080127,-0.2911713473703511
227.55,-0.381138648656908,1.0211777648748586,-0.3043730709287046
227.57,-0.3972740885615622,1.0175106194419827,-0.31855269993582497
227.59,-0.41927696115881796,0.998196986828836,-0.33053204168321976
227.61,-0.4241664884026526,0.9461235216819973,-0.3332212816673288
227.63,-0.41609876845032545,0.8759588057329707,-0.3173303181248663
227.65,-0.41047581211991563,0.8070164715949026,-0.29606087461418573
227.67,-0.40069675763224644,0.7493200501176542,-0.2757693365522721
227.699,-0.3828499831922501,0.7280506066069736,-0.2623231366317269
227.71,-0.36744797237417104,0.764966537297925,-0.27234666748158787
227.73,-0.3628029214925282,0.8373315405066772,-0.29923906732267824
227.75,-0.36158053968156956,0.8923387219998167,-0.31684136540048286
227.77,-0.35986920514622744,0.9292546526907679,-0.317574794487058
227.79,-0.35986920514622744,0.9292546526907679,-0.317574794487058
227.81,-0.35864682333526876,0.9759496378693885,-0.31341869632979863
227.83,-0.3540017724536259,1.0047978486080127,-0.3082846927237723
227.85,-0.3540017724536259,0.9774164960425389,-0.280414387433915
227.87,-0.37380435779115606,0.925587507257892,-0.24741007853803135
227.89,-0.3828499831922501,0.8803593802524218,-0.22736301683830945
227.91,-0.390184274058002,0.8363536350579103,-0.2056046206032454
227.93,-0.41047581211991563,0.8106836170277786,-0.18629098799009872
227.95,-0.4363903065122391,0.8123949515631207,-0.17382269351832044
227.97,-0.4520367936925098,0.8265745805702411,-0.1718668826207866
227.99,-0.44959203007059256,0.8409986859395532,-0.1726003117073618
228.01,-0.4388350701341564,0.8561562203954405,-0.17920117348653852
228.03,-0.44494697918894965,0.8588454603795496,-0.17480059896708736
228.05,-0.4823518626042844,0.8495553586162637,-0.14839715185038047
228.07,-0.5288023714207133,0.8397763041285945,-0.12614980289093297
228.09,-0.5674296366470066,0.8549338385844818,-0.11490389023011337
228.11,-0.601656327353849,0.8766922348195458,-0.1127036029703878
228.13,-0.6353940653363078,0.9343886562967942,-0.12614980289093297
228.15,-0.6945573449867066,1.058827124652385,-0.16575497356599334
228.17,-0.6860006723099961,1.150750236836476,-0.2285853986492681
228.19,-0.5671851602848149,1.1590624331509947,-0.2950829691654188
228.21,-0.49041958255661156,1.105277633468814,-0.3381108089111634
228.23,-0.47452861901414906,0.9654371542951441,-0.3219753690065092
228.25,-0.4698835681325062,0.8219295296885982,-0.26647923478898633
228.27,-0.43345659016593835,0.7617883445894325,-0.233230449530911
228.29,-0.37233749961800566,0.7742566390612108,-0.23225254408214405
228.31,-0.3222198453687009,0.8092167588546282,-0.24520979127830578
228.33,-0.31341869632979863,0.83488677688476,-0.264034471167069
228.35,-0.33224337621856187,0.8700913730403691,-0.28237019833144883
228.37,-0.34324481251718975,0.9114078782507716,-0.29679430370076093
228.39,-0.3341991871160957,0.9576139107050087,-0.3141521254163738
228.41,-0.31537450722733246,0.9920850777740428,-0.33028756532102804
228.43,-0.29703878006295265,0.9957522232069187,-0.3327323289429453
228.45,-0.2936161109922684,0.9996638450019864,-0.32637594352596033
228.47,-0.29899459096048653,1.005531277694588,-0.3165968890382911
228.49,-0.2943495400788436,0.9942853650337683,-0.31219631451883995
228.51,-0.2884821073862421,0.9661705833817192,-0.31561898358952417
228.53,-0.2909268710081594,0.9356110381077529,-0.3099960272591144
228.55,-0.29459401644103533,0.8994285365033768,-0.29777220914952784
228.57,-0.2943495400788436,0.859334413103933,-0.28432600922898266
228.59,-0.2884821073862421,0.8292638205543501,-0.27210219111939615
228.61,-0.2887265837484338,0.8246187696727073,-0.2625676129939186
228.63,-0.3029062127555542,0.8407542095773615,-0.25718913302570057
228.65,-0.3214864162821257,0.8586009840173578,-0.24887693671118175
228.67,-0.34471167069034014,0.8916052929132414,-0.23225254408214405
228.69,-0.3662255905632124,0.9439232344222718,-0.22882987501145982
228.719,-0.3686703541851297,0.9896403141521254,-0.24032026403447115
228.73,-0.35449072517800934,1.0184885248907496,-0.25229960578186594
228.75,-0.33933319072212204,1.0194664303395164,-0.24472083855392232
228.77,-0.3412890016196559,1.0179995721663662,-0.2271185404761177
228.79,-0.34740091067444917,1.0106652813006143,-0.2056046206032454
228.81,-0.3488677688475995,0.9798612596644561,-0.17871222076215507
228.83,-0.349356721571983,0.9544357179965162,-0.15597591907832412
228.85,-0.3444671943281484,0.9275433181554258,-0.13617333374079393
228.87,-0.34300033615499803,0.9018733001252941,-0.11905998838737279
228.89,-0.3540017724536259,0.8918497692754331,-0.1031690248449103
228.91,-0.3764935977752651,0.8832930965987226,-0.08605567949148916
228.93,-0.40143018671882164,0.891116340188858,-0.08972282492436512
228.95,-0.4099868593955322,0.9214314091006326,-0.11465941386792164
228.97,-0.3980075176481374,0.9634813433976103,-0.15768725361366623
228.99,-0.39531827766402833,1.0275341502918436,-0.21122757693365524
229.01,-0.4131650521040247,1.071784371848547,-0.25449989304159154
229.03,-0.4429911682914158,1.0710509427619717,-0.28725972557528345
229.05,-0.47037252085688963,1.0446474956452647,-0.30412859456651287
229.07,-0.49922073159551383,0.9950187941203434,-0.29532744552761053
229.09,-0.5148672187757846,0.9258319836200837,-0.2628120893561104
229.11,-0.506310546099074,0.8542004094979067,-0.22345139504324174
229.13,-0.4803960517067506,0.8150841915472298,-0.19778137701311005
229.15,-0.4510588882437429,0.8356202059713351,-0.19875928246187696
229.17,-0.4361458301500474,0.8825596675121474,-0.21489472236653118
229.19,-0.4361458301500474,0.8825596675121474,-0.21489472236653118
229.21,-0.43101182654402104,0.90554044555817,-0.22907435137365156
229.23,-0.43125630290621275,0.9094520673532378,-0.23640864223940347
229.25,-0.43052287381963755,0.9062738746447453,-0.23811997677474558
229.27,-0.4324786847171714,0.8945390092595422,-0.22491825321639214
229.29,-0.43027839745744584,0.8869602420315985,-0.20853833694954618
229.31,-0.4275891574733368,0.8864712893072151,-0.19924823518626042
229.33,-0.4293004920086789,0.8823151911499557,-0.1904470861473581
229.35,-0.4388350701341564,0.8908718638266663,-0.18751336980105734
229.37,-0.44421355010237445,0.9153195000458393,-0.18409070073037312
229.39,-0.44103535739388194,0.9458790453198056,-0.18433517709256486
229.41,-0.4390795464963481,0.98181707056199,-0.18580203526571523
229.43,-0.44348012101579926,1.0006417504507532,-0.17162240625859487
229.45,-0.44421355010237445,0.9964856522934938,-0.15524248999174892
229.47,-0.44568040827552485,0.9837728814595239,-0.13299514103230142
229.49,-0.4542370809522354,0.9595697216025425,-0.09852397396326742
229.51,-0.4588821318338783,0.9294991290529597,-0.060874614185740916
229.53,-0.45986003728264524,0.8999174892277603,-0.031292974360541514
229.55,-0.4505699355193595,0.883782049323106,-0.018091250802188062
229.57,-0.4285670629221037,0.8749809002842037,-0.01589096354246249
229.59,-0.39996332854567124,0.8735140421110533,-0.026647923478898633
229.61,-0.3877395104360847,0.8979616783302264,-0.060141185099165724
229.63,-0.38896189224704336,0.9126302600617303,-0.10268007212052685
229.65,-0.38505027045197565,0.9087186382666625,-0.12566085016654951
229.67,-0.42636677566237813,0.9167863582189897,-0.14570791186627144
229.69,-0.45863765547168656,0.9136081655104972,-0.16526602084160988
229.71,-0.4642606118020964,0.8986951074168016,-0.18262384255722275
229.739,-0.469150139045931,0.8955169147083091,-0.18482412981694832
229.75,-0.48846377165907773,0.9067628273691287,-0.18360174800598966
229.77,-0.5109555969807169,0.9145860709592641,-0.18335727164379795
229.79,-0.523668367814687,0.9131192127861137,-0.18189041347064755
229.81,-0.5351587568376982,0.9620144852244599,-0.19289184976927543
229.83,-0.5275799896097546,1.0016196558995203,-0.2263851113895425
229.85,-0.5055771170124989,0.9368334199187116,-0.2278519695626929
229.87,-0.49041958255661156,0.881092809338997,-0.20682700241420407
229.89,-0.4620603245423708,0.8713137548513278,-0.20242642789475293
229.91,-0.4368792592366226,0.8798704275280383,-0.20658252605201236
229.93,-0.4251443938514195,0.9013843474009107,-0.20829386058735447
229.95,-0.41560981572594197,0.9341441799346025,-0.2126944351068056
229.97,-0.4068086666870397,0.9625034379488433,-0.22051767869694097
229.99,-0.3936069431286862,0.9774164960425389,-0.22027320233474926
230.01,-0.3794273141215659,0.9764385905937719,-0.21562815145310638
230.03,-0.3676924487363628,0.9585918161537756,-0.20095956972160253
230.05,-0.3610915869571861,0.9449011398710387,-0.18482412981694832
230.07,-0.35522415426458454,0.946367998044189,-0.17846774439996332
230.09,-0.3503346270207499,0.9461235216819973,-0.1806680316596889
230.11,-0.34813433976102437,0.9338997035724108,-0.17871222076215507
230.13,-0.3525349142804755,0.9074962564557039,-0.17308926443174524
230.15,-0.3540017724536259,0.8737585184732451,-0.166977355376952
230.17,-0.3476453870366409,0.8400207804907863,-0.1527977263698316
230.19,-0.34104452525746415,0.8180179078935306,-0.14228524279558719
230.21,-0.34251138343061455,0.8148397151850381,-0.13226171194572625
230.23,-0.3491122452097913,0.823885340586132,-0.13250618830791797
230.25,-0.35717996516211836,0.8417321150261284,-0.14032943189805336
230.27,-0.3669590196497876,0.8678910857806436,-0.1510863918344895
230.29,-0.3806496959325245,0.9123857836995385,-0.17064450080982796
230.31,-0.3960517067506035,0.966415059743911,-0.18726889343886563
230.33,-0.4224551538673105,1.0170216667175993,-0.19949271154845216
230.35,-0.4486141246218256,1.0593160773767687,-0.2173394859884485
230.37,-0.46890566268373923,1.0615163646364942,-0.22956330409803502
230.39,-0.48748586621031076,1.0040644195214374,-0.21513919872872292
230.41,-0.5031323533905815,0.9204535036518656,-0.1774898389511964
230.43,-0.4938422516272958,0.859334413103933,-0.15230877364544815
230.45,-0.45961556092045347,0.8260856278458576,-0.13323961739449316
230.47,-0.4381016410475812,0.8419765913883202,-0.12859456651285028
230.49,-0.4231885829538856,0.8881826238425572,-0.13470647556764356
230.51,-0.4072976194114232,0.915563976408031,-0.14155181370901201
230.53,-0.3972740885615622,0.9341441799346025,-0.14839715185038047
230.55,-0.39287351404211107,0.963725819759802,-0.16208782813311737
230.57,-0.39922989945909604,0.9693487760902118,-0.16599944992818508
230.59,-0.39922989945909604,0.9693487760902118,-0.16599944992818508
230.61,-0.41927696115881796,0.9583473397915839,-0.1686886899122941
230.63,-0.4385905937719647,0.9471014271307643,-0.1662439262903768
230.65,-0.44592488463771657,0.9238761727225498,-0.16575497356599334
230.67,-0.45374812822785193,0.9116523546129633,-0.17382269351832044
230.69,-0.46059346636922044,0.9050514928337866,-0.17871222076215507
230.71,-0.4637716590777129,0.8991840601411851,-0.18360174800598966
230.73,-0.46010451364483695,0.8972282492436512,-0.18726889343886563
230.759,-0.4505699355193595,0.8950279619839256,-0.18726889343886563
230.77,-0.43932402285853983,0.896494820157076,-0.1838462243681814
230.79,-0.4317452556305962,0.9082296855422791,-0.18482412981694832
230.81,-0.42807811019772024,0.9199645509274822,-0.1904470861473581
230.83,-0.4236775356782691,0.9216758854628243,-0.19240289704489197
230.85,-0.4148763866393668,0.9170308345811814,-0.19142499159612505
230.87,-0.4090089539467653,0.9143415945970724,-0.18898022797420774
230.89,-0.40240809216758855,0.9092075909910461,-0.18751336980105734
230.91,-0.40265256852978026,0.9013843474009107,-0.18580203526571523
230.93,-0.40558628487608106,0.8962503437948843,-0.18677994071448217
230.95,-0.4063197139626562,0.9018733001252941,-0.188735751612016
230.97,-0.40265256852978026,0.9094520673532378,-0.18604651162790697
230.99,-0.39849647037252084,0.9167863582189897,-0.18286831891941446
231.01,-0.393851419490878,0.9297436054151514,-0.18824679888763254
231.03,-0.3923845613177276,0.9299880817773432,-0.18360174800598966
231.05,-0.39849647037252084,0.9260764599822754,-0.1750450753292791
231.07,-0.3980075176481374,0.9175197873055648,-0.16257678085750082
231.09,-0.3906732267823855,0.9099410200776212,-0.1535311554564068
231.11,-0.383827888641017,0.916541881856798,-0.15157534455887295
231.13,-0.38480579408978394,0.9158084527702227,-0.14766372276380527
231.15,-0.3894508449714268,0.9133636891483055,-0.14350762460654584
231.17,-0.39042875042019376,0.9172753109433731,-0.14008495553586162
231.19,-0.3923845613177276,0.9199645509274822,-0.1381291446383278
231.21,-0.3960517067506035,0.922898267273783,-0.13641781010298568
231.23,-0.39922989945909604,0.9294991290529597,-0.1391070500870947
231.25,-0.40167466308101335,0.9331662744858357,-0.1398404791736699
231.27,-0.4050973321516976,0.9321883690370687,-0.14179629007120373
231.29,-0.40558628487608106,0.9360999908321364,-0.14521895914188795
231.31,-0.4068086666870397,0.9356110381077529,-0.15010848638572258
231.33,-0.4124316230174495,0.9206979800140573,-0.147908199125997
231.35,-0.41781010298566756,0.9150750236836476,-0.1525532500076399
231.37,-0.41365400482840814,0.916541881856798,-0.1591541117868166
231.39,-0.41658772117470894,0.9167863582189897,-0.16893316627448582
231.41,-0.42001039024539316,0.9126302600617303,-0.1743116462427039
231.43,-0.4207438193319683,0.9094520673532378,-0.17822326803777158
231.45,-0.4207438193319683,0.9092075909910461,-0.18433517709256486
231.47,-0.41781010298566756,0.9062738746447453,-0.18433517709256486
231.49,-0.41829905571005105,0.90554044555817,-0.18849127524982429
231.51,-0.4217217247807353,0.9043180637472115,-0.18824679888763254
231.53,-0.42563334657580293,0.90554044555817,-0.18922470433639946
231.55,-0.42905601564648715,0.90554044555817,-0.19166946795831677
231.57,-0.4317452556305962,0.9038291110228279,-0.1911805152339333
231.59,-0.43932402285853983,0.9030956819362528,-0.19338080249365888
231.61,-0.44079088103169023,0.9062738746447453,-0.19704794792653485
231.63,-0.44714726644867525,0.9077407328178957,-0.1965589952021514
231.65,-0.4515478409681264,0.9077407328178957,-0.19411423158023408
231.67,-0.4535036518656602,0.9062738746447453,-0.19142499159612505
231.69,-0.4505699355193595,0.910185496439813,-0.1902026097851664
231.71,-0.44543593191333314,0.9150750236836476,-0.18677994071448217
231.73,-0.43932402285853983,0.9123857836995385,-0.17969012621092198
231.75,-0.4390795464963481,0.9167863582189897,-0.17871222076215507
231.779,-0.4412798337560737,0.9187421691165235,-0.17553402805366256
231.79,-0.43932402285853983,0.9175197873055648,-0.17406716988051218
231.81,-0.42978944473306235,0.9211869327384409,-0.17064450080982796
231.83,-0.4234330593160774,0.9126302600617303,-0.16404363903065122
231.85,-0.4224551538673105,0.9172753109433731,-0.16526602084160988
231.87,-0.41707667389909236,0.9241206490847416,-0.16575497356599334
231.89,-0.4116981939308743,0.9226537909115912,-0.1623323044953091
231.91,-0.406564190324848,0.9224093145493995,-0.1591541117868166
231.93,-0.40020780490786295,0.9231427436359747,-0.15768725361366623
231.95,-0.3933624667664945,0.9231427436359747,-0.16013201723558354
231.97,-0.3892063686092351,0.9246096018091251,-0.16208782813311737
231.99,-0.3892063686092351,0.9246096018091251,-0.16208782813311737
232.01,-0.3914066558689607,0.9241206490847416,-0.16208782813311737
232.03,-0.3943403722152614,0.9189866454787152,-0.16208782813311737
232.05,-0.3931179904043028,0.9162974054946063,-0.1615988754087339
232.07,-0.38651712862512605,0.9194755982030988,-0.16526602084160988
232.09,-0.3799162668459493,0.9206979800140573,-0.1662439262903768
232.11,-0.3782049323106072,0.9138526418726889,-0.16110992268435045
232.13,-0.3804052195703328,0.9140971182348806,-0.16404363903065122
232.15,-0.3818720777434832,0.9170308345811814,-0.1677107844635272
232.17,-0.38871741588485165,0.9177642636677567,-0.1662439262903768
232.19,-0.3894508449714268,0.9184976927543318,-0.16819973718791065
232.21,-0.38822846316046816,0.9192311218409069,-0.1677107844635272
232.23,-0.3943403722152614,0.920942456376249,-0.16648840265256853
232.25,-0.402897044891972,0.9177642636677567,-0.16404363903065122
232.27,-0.4102313357577239,0.9150750236836476,-0.1613543990465422
232.29,-0.41365400482840814,0.9204535036518656,-0.16184335177092565
232.31,-0.4116981939308743,0.9192311218409069,-0.1591541117868166
232.33,-0.4124316230174495,0.9197200745652905,-0.15817620633804969
232.35,-0.41536533936375025,0.9199645509274822,-0.15964306451120008
232.37,-0.4187880084344345,0.916541881856798,-0.15744277725147449
232.39,-0.421966201142927,0.9121413073373468,-0.15573144271613237
232.41,-0.4244109647648443,0.9096965437154295,-0.15622039544051583
232.43,-0.4217217247807353,0.9148305473214559,-0.16037649359777525
232.45,-0.4187880084344345,0.9162974054946063,-0.16013201723558354
232.47,-0.4190324847966262,0.9160529291324145,-0.16673287901476025
232.49,-0.4180545793478593,0.915563976408031,-0.1726003117073618
232.51,-0.41829905571005105,0.9079852091800874,-0.17211135898297833
232.53,-0.41927696115881796,0.9026067292118694,-0.17406716988051218
232.55,-0.41634324481251717,0.9040735873850196,-0.17822326803777158
232.57,-0.41609876845032545,0.9033401582984445,-0.18115698438407235
232.59,-0.4197659138832014,0.9172753109433731,-0.19240289704489197
232.61,-0.4180545793478593,0.9456345689576139,-0.22076215505913271
232.63,-0.44812517189744216,0.9749717324206215,-0.22980778046022673
232.65,-0.4931088225407206,0.9715490633499373,-0.21440576964214772
232.67,-0.5043547352015402,0.9417229471625462,-0.18115698438407235
232.69,-0.48406319713962653,0.9250985545335085,-0.16526602084160988
232.71,-0.44176878648045714,0.9402560889893958,-0.16893316627448582
232.73,-0.4190324847966262,0.9343886562967942,-0.15890963542462488
232.75,-0.4107202884821074,0.8972282492436512,-0.14057390826024507
232.77,-0.41365400482840814,0.8769367111817375,-0.12908351923723374
232.799,-0.4236775356782691,0.8527335513247563,-0.11612627204107202
232.81,-0.4239220120404608,0.8268190569324328,-0.11099226843504569
232.83,-0.41585429208813374,0.8209516242398313,-0.11294807933257953
232.85,-0.38749503407389296,0.8444213550102374,-0.14252971915777893
232.87,-0.3664700669254041,0.9815725941997983,-0.23616416587721173
232.89,-0.402897044891972,1.0378021575038963,-0.2596338966476179
232.91,-0.4588821318338783,0.9461235216819973,-0.19240289704489197
232.93,-0.5021544479418146,0.9133636891483055,-0.17211135898297833
232.95,-0.47501757173853254,0.9593252452403508,-0.19240289704489197
232.97,-0.3909177031445772,0.9732603978852794,-0.18751336980105734
232.99,-0.3496011979341747,0.9517464780124072,-0.1694221189988693
233.01,-0.3412890016196559,0.9021177764874858,-0.13226171194572625
233.03,-0.34666748158787397,0.8595788894661247,-0.1095254102618953
233.05,-0.3645142560278703,0.8661797512453014,-0.11172569752162087
233.07,-0.3676924487363628,0.8713137548513278,-0.11123674479723741
233.09,-0.36182501604376127,0.8727806130244782,-0.11343703205696298
233.11,-0.3650032087522538,0.9026067292118694,-0.12517189744216606
233.13,-0.38333893591663354,0.9277877945176175,-0.13250618830791797
233.15,-0.4107202884821074,0.9495461907526815,-0.1381291446383278
233.17,-0.4195214375210097,0.9656816306573358,-0.14326314824435413
233.19,-0.393851419490878,0.9632368670354184,-0.13617333374079393
233.21,-0.368425877822938,0.9578583870672004,-0.13690676282736913
233.23,-0.3694037832717049,0.9414784708003545,-0.14032943189805336
233.25,-0.38822846316046816,0.9150750236836476,-0.1398404791736699
233.27,-0.4082755248601901,0.9028512055740611,-0.14521895914188795
233.29,-0.406564190324848,0.8989395837789933,-0.14497448277969624
233.31,-0.40191913944320506,0.9030956819362528,-0.14424105369312104
233.33,-0.3980075176481374,0.9082296855422791,-0.14937505729914738
233.35,-0.40069675763224644,0.9099410200776212,-0.15450906090517372
233.37,-0.40069675763224644,0.9099410200776212,-0.15450906090517372
233.39,-0.4102313357577239,0.9162974054946063,-0.15450906090517372
233.41,-0.4207438193319683,0.9140971182348806,-0.15402010818079026
233.43,-0.43101182654402104,0.9150750236836476,-0.1549980136295572
233.45,-0.43443449561470526,0.9214314091006326,-0.160620969959967
233.47,-0.43101182654402104,0.9253430308957002,-0.166977355376952
233.49,-0.4261222993001864,0.9253430308957002,-0.16453259175503468
233.51,-0.4253888702136112,0.922898267273783,-0.15842068270024143
233.53,-0.43003392109525407,0.9243651254469333,-0.15524248999174892
233.55,-0.4332121138037466,0.9292546526907679,-0.15573144271613237
233.57,-0.4361458301500474,0.932921798123644,-0.15133086819668123
233.59,-0.44079088103169023,0.9316994163126853,-0.14277419551997067
233.61,-0.44494697918894965,0.9299880817773432,-0.1398404791736699
233.63,-0.4420132628426489,0.9336552272102191,-0.14081838462243682
233.65,-0.4381016410475812,0.9338997035724108,-0.14081838462243682
233.67,-0.43370106652813006,0.925587507257892,-0.1327506646701097
233.69,-0.4275891574733368,0.9253430308957002,-0.13470647556764356
233.71,-0.4197659138832014,0.9233872199981664,-0.13641781010298568
233.73,-0.41707667389909236,0.9175197873055648,-0.13519542829202702
233.75,-0.4094979066711487,0.9133636891483055,-0.1366622864651774
233.77,-0.3989854230969043,0.9145860709592641,-0.1391070500870947
233.79,-0.3918956085933441,0.9199645509274822,-0.14179629007120373
233.819,-0.39287351404211107,0.9253430308957002,-0.14155181370901201
233.83,-0.3921400849555359,0.9297436054151514,-0.14301867188216238
233.85,-0.38871741588485165,0.9316994163126853,-0.14448553005531278
233.87,-0.3845613177275922,0.9287656999663845,-0.14424105369312104
233.89,-0.3835834122788253,0.9226537909115912,-0.14350762460654584
233.91,-0.383827888641017,0.915563976408031,-0.13886257372490296
233.93,-0.383827888641017,0.9148305473214559,-0.13715123918956085
233.95,-0.3830944595544418,0.9184976927543318,-0.13861809736271125
233.97,-0.383827888641017,0.9202090272896739,-0.13715123918956085
233.99,-0.3813831250190997,0.9206979800140573,-0.1359288573786022
234.01,-0.374782263239923,0.9253430308957002,-0.13690676282736913
234.03,-0.36989273599608835,0.921920361825016,-0.13323961739449316
234.05,-0.3672034960119793,0.9189866454787152,-0.13006142468600068
234.07,-0.3672034960119793,0.9194755982030988,-0.12419399199339913
234.09,-0.3750267396021147,0.9189866454787152,-0.12517189744216606
234.11,-0.38896189224704336,0.9253430308957002,-0.1303059010481924
234.13,-0.3958072303884118,0.9250985545335085,-0.13226171194572625
234.15,-0.40216361580539683,0.9270543654310424,-0.13446199920545182
234.17,-0.40240809216758855,0.9287656999663845,-0.13543990465421873
234.19,-0.4050973321516976,0.9224093145493995,-0.1373957155517526
234.21,-0.4090089539467653,0.9260764599822754,-0.14399657733092933
234.23,-0.4124316230174495,0.9294991290529597,-0.1471747700394218
234.25,-0.41707667389909236,0.9216758854628243,-0.1461968645906549
234.27,-0.4234330593160774,0.9214314091006326,-0.14815267548818872
234.29,-0.4251443938514195,0.9243651254469333,-0.15084191547229778
234.31,-0.4234330593160774,0.9243651254469333,-0.15670934816489931
234.33,-0.424655441127036,0.922898267273783,-0.15817620633804969
234.35,-0.42489991748922773,0.9199645509274822,-0.15964306451120008
234.37,-0.42734468111114504,0.9160529291324145,-0.15622039544051583
234.39,-0.42734468111114504,0.9162974054946063,-0.1591541117868166
234.41,-0.42661125202456984,0.9236316963603581,-0.1655104972038016
234.43,-0.42563334657580293,0.9199645509274822,-0.16526602084160988
234.45,-0.43101182654402104,0.912874736423922,-0.16184335177092565
234.47,-0.4339455428903218,0.9153195000458393,-0.16599944992818508
234.49,-0.43296763744155486,0.9158084527702227,-0.16819973718791065
234.51,-0.43076735018182927,0.9148305473214559,-0.166977355376952
234.53,-0.42734468111114504,0.916541881856798,-0.16453259175503468
234.55,-0.4258778229379947,0.9189866454787152,-0.1662439262903768
234.57,-0.4253888702136112,0.9197200745652905,-0.16526602084160988
234.59,-0.4226996302295022,0.9187421691165235,-0.16379916266845948
234.61,-0.4187880084344345,0.9197200745652905,-0.16477706811722642
234.63,-0.41854353207224276,0.920942456376249,-0.16282125721969257
234.65,-0.4112092412064908,0.9224093145493995,-0.16013201723558354
234.67,-0.4060752376004645,0.9277877945176175,-0.1549980136295572
234.69,-0.39702961219937044,0.9336552272102191,-0.1535311554564068
234.71,-0.3940958958530697,0.9343886562967942,-0.15402010818079026
234.73,-0.3975185649237539,0.9353665617455612,-0.15328667909421506
234.75,-0.39947437582128775,0.9314549399504936,-0.15157534455887295
234.77,-0.39947437582128775,0.9314549399504936,-0.15157534455887295
234.79,-0.396540659474987,0.9326773217614521,-0.15010848638572258
234.81,-0.3894508449714268,0.9338997035724108,-0.15084191547229778
234.839,-0.383827888641017,0.9331662744858357,-0.1525532500076399
234.85,-0.38553922317635914,0.9314549399504936,-0.15646487180270757
234.87,-0.3926290376799193,0.9236316963603581,-0.15622039544051583
234.89,-0.3948293249396449,0.9216758854628243,-0.15646487180270757
234.91,-0.3906732267823855,0.9250985545335085,-0.1613543990465422
234.93,-0.38676160498731776,0.9243651254469333,-0.16282125721969257
234.95,-0.38700608134950953,0.9294991290529597,-0.16844421355010236
234.97,-0.3877395104360847,0.9182532163921401,-0.16428811539284294
234.99,-0.3936069431286862,0.9136081655104972,-0.1630657335818843
235.01,-0.3960517067506035,0.9199645509274822,-0.1679552608257189
235.03,-0.393851419490878,0.9170308345811814,-0.1677107844635272
235.05,-0.3936069431286862,0.9150750236836476,-0.16477706811722642
235.07,-0.3940958958530697,0.9177642636677567,-0.16526602084160988
235.09,-0.3923845613177276,0.9221648381872077,-0.1679552608257189
235.11,-0.39776304128594564,0.9238761727225498,-0.17162240625859487
235.13,-0.40045228127005467,0.9216758854628243,-0.17064450080982796
235.15,-0.40191913944320506,0.9241206490847416,-0.16917764263667756
235.17,-0.40314152125416375,0.9241206490847416,-0.1686886899122941
235.19,-0.3967851358371787,0.9258319836200837,-0.1672218317391437
235.21,-0.3914066558689607,0.9324328453992604,-0.17015554808544447
235.23,-0.38822846316046816,0.9248540781713168,-0.16575497356599334
235.25,-0.393851419490878,0.9194755982030988,-0.15793172997585794
235.27,-0.3948293249396449,0.9231427436359747,-0.16184335177092565
235.29,-0.38896189224704336,0.9238761727225498,-0.16428811539284294
235.31,-0.3877395104360847,0.922898267273783,-0.16502154447941814
235.33,-0.38725055771170125,0.9206979800140573,-0.16257678085750082
235.35,-0.38700608134950953,0.9175197873055648,-0.1613543990465422
235.37,-0.3894508449714268,0.921920361825016,-0.16502154447941814
235.39,-0.38676160498731776,0.9243651254469333,-0.1679552608257189
235.41,-0.3852947468141674,0.9250985545335085,-0.1694221189988693
235.43,-0.3877395104360847,0.9258319836200837,-0.1694221189988693
235.45,-0.38553922317635914,0.925587507257892,-0.17015554808544447
235.47,-0.383827888641017,0.9294991290529597,-0.1735782171561287
235.49,-0.38407236500320874,0.9299880817773432,-0.17333374079393699
235.51,-0.38505027045197565,0.9275433181554258,-0.17211135898297833
235.53,-0.38505027045197565,0.9263209363444672,-0.17064450080982796
235.55,-0.3808941722947162,0.9253430308957002,-0.16991107172325276
235.57,-0.381138648656908,0.925587507257892,-0.17040002444763622
235.59,-0.3813831250190997,0.9260764599822754,-0.17162240625859487
235.61,-0.38480579408978394,0.922898267273783,-0.16844421355010236
235.63,-0.38431684136540045,0.9243651254469333,-0.1679552608257189
235.65,-0.38505027045197565,0.9253430308957002,-0.16575497356599334
235.67,-0.38602817590074257,0.9241206490847416,-0.1662439262903768
235.69,-0.3892063686092351,0.9285212236041928,-0.16819973718791065
235.71,-0.3923845613177276,0.9231427436359747,-0.16819973718791065
235.73,-0.3982519940103291,0.9224093145493995,-0.16991107172325276
235.75,-0.39874094673471255,0.925587507257892,-0.1718668826207866
235.77,-0.3972740885615622,0.9324328453992604,-0.17651193350242947
235.79,-0.3943403722152614,0.9351220853833695,-0.17797879167557987
235.81,-0.396540659474987,0.9226537909115912,-0.17211135898297833
235.83,-0.40143018671882164,0.9211869327384409,-0.17406716988051218
235.858,-0.3975185649237539,0.9233872199981664,-0.17822326803777158
235.87,-0.3918956085933441,0.9187421691165235,-0.17700088622681295
235.89,-0.39042875042019376,0.9162974054946063,-0.1774898389511964
235.91,-0.3899397976958103,0.9192311218409069,-0.17871222076215507
235.93,-0.3936069431286862,0.9199645509274822,-0.18164593710845583
235.95,-0.3962961831127953,0.921920361825016,-0.1831127952816062
235.97,-0.3931179904043028,0.9236316963603581,-0.18335727164379795
235.99,-0.3926290376799193,0.9258319836200837,-0.18189041347064755
236.01,-0.393851419490878,0.9231427436359747,-0.17944564984873024
236.03,-0.3931179904043028,0.925587507257892,-0.17969012621092198
236.05,-0.3940958958530697,0.928276747242001,-0.17871222076215507
236.07,-0.3955627540262201,0.9253430308957002,-0.1767564098646212
236.09,-0.40216361580539683,0.9331662744858357,-0.1767564098646212
236.11,-0.40167466308101335,0.9378113253674785,-0.17406716988051218
236.13,-0.40020780490786295,0.9331662744858357,-0.17137792989640313
236.15,-0.3967851358371787,0.9287656999663845,-0.16673287901476025
236.17,-0.3967851358371787,0.9287656999663845,-0.16673287901476025
236.19,-0.39702961219937044,0.9224093145493995,-0.16355468630626777
236.21,-0.40118571035662987,0.9192311218409069,-0.160620969959967
236.23,-0.39996332854567124,0.9177642636677567,-0.15866515906243314
236.25,-0.39874094673471255,0.9199645509274822,-0.15939858814900834
236.27,-0.3975185649237539,0.9202090272896739,-0.16110992268435045
236.29,-0.40020780490786295,0.9197200745652905,-0.1672218317391437
236.31,-0.40338599761635546,0.920942456376249,-0.17113345353421142
236.33,-0.4058307612382728,0.9202090272896739,-0.17308926443174524
236.35,-0.402897044891972,0.9199645509274822,-0.1735782171561287
236.37,-0.40118571035662987,0.9243651254469333,-0.17700088622681295
236.39,-0.3980075176481374,0.928276747242001,-0.18042355529749718
236.41,-0.3958072303884118,0.9280322708798093,-0.18042355529749718
236.43,-0.3955627540262201,0.9214314091006326,-0.17895669712434678
236.45,-0.3940958958530697,0.9172753109433731,-0.1750450753292791
236.47,-0.3926290376799193,0.9158084527702227,-0.1735782171561287
236.49,-0.38871741588485165,0.9189866454787152,-0.17235583534517007
236.51,-0.3884729395226599,0.9187421691165235,-0.17113345353421142
236.53,-0.3909177031445772,0.9177642636677567,-0.16966659536106102
236.55,-0.3923845613177276,0.9160529291324145,-0.1694221189988693
236.57,-0.38798398679827645,0.9182532163921401,-0.1686886899122941
236.59,-0.381138648656908,0.9162974054946063,-0.1662439262903768
236.61,-0.3816276013812914,0.9204535036518656,-0.16991107172325276
236.63,-0.38480579408978394,0.9260764599822754,-0.17088897717201967
236.65,-0.38871741588485165,0.921920361825016,-0.17137792989640313
236.67,-0.3884729395226599,0.9268098890688506,-0.16991107172325276
236.69,-0.38578369953855085,0.9204535036518656,-0.16379916266845948
236.71,-0.38725055771170125,0.9204535036518656,-0.1613543990465422
236.73,-0.3894508449714268,0.928276747242001,-0.1613543990465422
236.75,-0.3894508449714268,0.9253430308957002,-0.15964306451120008
236.77,-0.39531827766402833,0.921920361825016,-0.15695382452709103
236.79,-0.39702961219937044,0.9202090272896739,-0.15646487180270757
236.81,-0.396540659474987,0.9192311218409069,-0.15719830088928277
236.83,-0.39702961219937044,0.9233872199981664,-0.1608654463221587
236.85,-0.3967851358371787,0.9253430308957002,-0.160620969959967
236.879,-0.3982519940103291,0.925587507257892,-0.16282125721969257
236.89,-0.40045228127005467,0.925587507257892,-0.16282125721969257
236.91,-0.40216361580539683,0.9246096018091251,-0.16819973718791065
236.93,-0.40216361580539683,0.9292546526907679,-0.17235583534517007
236.95,-0.40338599761635546,0.916541881856798,-0.16575497356599334
236.97,-0.4063197139626562,0.9138526418726889,-0.1686886899122941
236.99,-0.402897044891972,0.9177642636677567,-0.1718668826207866
237.01,-0.40020780490786295,0.9189866454787152,-0.17235583534517007
237.03,-0.39996332854567124,0.9167863582189897,-0.17235583534517007
237.05,-0.40118571035662987,0.912874736423922,-0.17211135898297833
237.07,-0.4060752376004645,0.9145860709592641,-0.17480059896708736
237.09,-0.40974238303334043,0.916541881856798,-0.17553402805366256
237.11,-0.409253430308957,0.9175197873055648,-0.17382269351832044
237.13,-0.40387495034073895,0.9158084527702227,-0.17284478806955353
237.15,-0.4068086666870397,0.9197200745652905,-0.17528955169147084
237.17,-0.40974238303334043,0.9187421691165235,-0.1718668826207866
237.19,-0.4107202884821074,0.915563976408031,-0.17064450080982796
237.21,-0.4087644775845735,0.9184976927543318,-0.17480059896708736
237.23,-0.4141429575527916,0.9192311218409069,-0.17235583534517007
237.25,-0.4173211502612841,0.921920361825016,-0.1735782171561287
237.27,-0.4148763866393668,0.9258319836200837,-0.1767564098646212
237.29,-0.41463191027717505,0.9280322708798093,-0.17797879167557987
237.31,-0.41609876845032545,0.925587507257892,-0.17846774439996332
237.33,-0.4173211502612841,0.9175197873055648,-0.17773431531338812
237.35,-0.41536533936375025,0.9126302600617303,-0.1757785044158543
237.37,-0.4112092412064908,0.9153195000458393,-0.17822326803777158
237.39,-0.4075420957736149,0.9248540781713168,-0.18653546435229043
237.41,-0.4102313357577239,0.9241206490847416,-0.18971365706078294
237.43,-0.4134095284662164,0.9126302600617303,-0.1904470861473581
237.45,-0.41292057574183294,0.9111634018885799,-0.19435870794242582
237.47,-0.4046083794273141,0.9087186382666625,-0.1982703297374935
237.49,-0.4046083794273141,0.9045625401094032,-0.20071509335941082
237.51,-0.4072976194114232,0.9138526418726889,-0.2036488097057116
237.53,-0.40558628487608106,0.9060293982825536,-0.2021819515325612
237.55,-0.4112092412064908,0.8903829111022827,-0.19778137701311005
237.57,-0.4112092412064908,0.8903829111022827,-0.19778137701311005
237.59,-0.4109647648442991,0.8894050056535159,-0.19558108975338445
237.61,-0.4058307612382728,0.8891605292913242,-0.19435870794242582
237.63,-0.4058307612382728,0.8945390092595422,-0.19338080249365888
237.65,-0.4043639030651224,0.9074962564557039,-0.19607004247776794
237.67,-0.406564190324848,0.915563976408031,-0.195092137029001
237.69,-0.4082755248601901,0.9243651254469333,-0.1972924242887266
237.71,-0.4082755248601901,0.931943892674877,-0.19924823518626042
237.73,-0.4099868593955322,0.9365889435565199,-0.19460318430461754
237.75,-0.40387495034073895,0.9363444671943282,-0.1894691806985912
237.77,-0.3980075176481374,0.9439232344222718,-0.188735751612016
237.79,-0.3940958958530697,0.9612810561378846,-0.18433517709256486
237.81,-0.3892063686092351,0.970082205176787,-0.17871222076215507
237.83,-0.3852947468141674,0.9823060232863735,-0.16966659536106102
237.85,-0.3767380741374568,0.985484215994866,-0.15719830088928277
237.87,-0.3676924487363628,0.9801057360266479,-0.14448553005531278
237.899,-0.3635363505791034,0.9757051615071968,-0.13397304648106836
237.91,-0.380160743208141,0.973749350609663,-0.13079485377257585
237.93,-0.3659811142010207,0.9581028634293921,-0.12248265745805702
237.95,-0.33297680530513707,0.9578583870672004,-0.12101579928490663
237.97,-0.3227087980930844,0.9566360052562418,-0.12590532652874126
237.99,-0.3219753690065092,0.9466124744063809,-0.12810561378846683
238.01,-0.3202640344711671,0.9365889435565199,-0.13886257372490296
238.03,-0.3214864162821257,0.9299880817773432,-0.14986401002353084
238.05,-0.32759832533691896,0.9092075909910461,-0.15548696635394066
238.07,-0.336643950738013,0.8994285365033768,-0.1630657335818843
238.09,-0.3363994743758213,0.8979616783302264,-0.17382269351832044
238.11,-0.3363994743758213,0.9018733001252941,-0.18360174800598966
238.13,-0.3390887143599303,0.9077407328178957,-0.1919139443205085
238.15,-0.33859976163554684,0.9104299728020047,-0.19973718791064388
238.17,-0.3437337652415732,0.9121413073373468,-0.20584909696543716
238.19,-0.3478898633988326,0.9094520673532378,-0.2134278641933808
238.21,-0.3508235797451334,0.906518351006937,-0.21367234055557252
238.23,-0.352045961556092,0.9026067292118694,-0.21244995874461386
238.25,-0.35473520154020105,0.9023622528496775,-0.2109831005714635
238.27,-0.3505791033829417,0.9048070164715949,-0.2117165296580387
238.29,-0.3500901506585582,0.9082296855422791,-0.21318338783118906
238.31,-0.35766891788650185,0.910185496439813,-0.21293891146899735
238.33,-0.3652476851144455,0.9087186382666625,-0.21465024600433946
238.35,-0.3701372123582801,0.9062738746447453,-0.21489472236653118
238.37,-0.374782263239923,0.916541881856798,-0.21562815145310638
238.39,-0.38260550683005834,0.9304770345017266,-0.2158726278152981
238.41,-0.39849647037252084,0.9290101763285762,-0.21147205329584695
238.43,-0.41609876845032545,0.9299880817773432,-0.20682700241420407
238.45,-0.42905601564648715,0.9351220853833695,-0.20511566787886196
238.47,-0.4395684992207316,0.9358555144699446,-0.1972924242887266
238.49,-0.4469027900864835,0.9380558017296703,-0.1919139443205085
238.51,-0.45594841548757753,0.9402560889893958,-0.18677994071448217
238.53,-0.4684167099593558,0.9365889435565199,-0.17822326803777158
238.55,-0.46108241909360387,0.9365889435565199,-0.16917764263667756
238.57,-0.46474956452647986,0.9414784708003545,-0.16477706811722642
238.59,-0.4989762552333221,0.937322372643095,-0.15866515906243314
238.61,-0.528068942334138,0.9187421691165235,-0.1486416282125722
238.63,-0.5248907496256455,0.9175197873055648,-0.14741924640161355
238.65,-0.4979983497845552,0.9231427436359747,-0.15377563181859855
238.67,-0.4813739571555175,0.9202090272896739,-0.15133086819668123
238.69,-0.4823518626042844,0.9199645509274822,-0.15084191547229778
238.71,-0.48821929529688596,0.920942456376249,-0.15524248999174892
238.73,-0.4843076735018183,0.9204535036518656,-0.15719830088928277
238.75,-0.4813739571555175,0.9238761727225498,-0.1613543990465422
238.77,-0.47355071356538214,0.9216758854628243,-0.16257678085750082
238.79,-0.4613268954557956,0.9253430308957002,-0.16379916266845948
238.81,-0.4510588882437429,0.9304770345017266,-0.1677107844635272
238.83,-0.450080982794976,0.9331662744858357,-0.16844421355010236
238.85,-0.44788069553525045,0.9302325581395349,-0.166977355376952
238.87,-0.4341900192525135,0.9275433181554258,-0.16844421355010236
238.89,-0.4209882956941601,0.9299880817773432,-0.1718668826207866
238.919,-0.4187880084344345,0.9331662744858357,-0.17651193350242947
238.93,-0.41438743391498334,0.9402560889893958,-0.18017907893530544
238.95,-0.41438743391498334,0.9402560889893958,-0.18017907893530544
238.97,-0.40558628487608106,0.9427008526113131,-0.1806680316596889
238.99,-0.39287351404211107,0.9395226599028206,-0.17724536258900467
239.01,-0.38431684136540045,0.9365889435565199,-0.17235583534517007
239.03,-0.3782049323106072,0.932921798123644,-0.16966659536106102
239.05,-0.37209302325581395,0.9348776090211778,-0.1672218317391437
239.07,-0.36182501604376127,0.9368334199187116,-0.16453259175503468
239.09,-0.34813433976102437,0.9387892308162454,-0.15964306451120008
239.11,-0.34495614705253186,0.93096598722611,-0.15450906090517372
239.13,-0.3476453870366409,0.9236316963603581,-0.15597591907832412
239.15,-0.3505791033829417,0.9236316963603581,-0.1591541117868166
239.17,-0.34568957613910706,0.9238761727225498,-0.15597591907832412
239.19,-0.3376218561867799,0.9238761727225498,-0.15377563181859855
239.21,-0.3368884271002047,0.9224093145493995,-0.1510863918344895
239.23,-0.3371329034623965,0.9158084527702227,-0.1471747700394218
239.25,-0.3390887143599303,0.9206979800140573,-0.14888610457476392
239.27,-0.34104452525746415,0.9216758854628243,-0.14888610457476392
239.29,-0.3486232924854078,0.9126302600617303,-0.14228524279558719
239.31,-0.35546863062677625,0.9153195000458393,-0.13886257372490296
239.33,-0.35742444152431013,0.9226537909115912,-0.14008495553586162
239.35,-0.35717996516211836,0.925587507257892,-0.13641781010298568
239.37,-0.3654921614766372,0.9243651254469333,-0.13299514103230142
239.39,-0.3762491214130734,0.9270543654310424,-0.12932799559942548
239.41,-0.38480579408978394,0.9314549399504936,-0.12932799559942548
239.43,-0.3945848485774532,0.9370778962809033,-0.1320172355835345
239.45,-0.40191913944320506,0.9407450417137793,-0.1310393301347676
239.47,-0.40240809216758855,0.941967423524738,-0.12566085016654951
239.49,-0.411942670293066,0.9446566635088469,-0.12737218470189163
239.51,-0.42832258655991196,0.9431898053356966,-0.12883904287504203
239.53,-0.4378571646853895,0.9324328453992604,-0.12566085016654951
239.55,-0.43198973199278795,0.9275433181554258,-0.12419399199339913
239.57,-0.4229441065916939,0.9324328453992604,-0.13226171194572625
239.59,-0.4234330593160774,0.932921798123644,-0.13788466827613605
239.61,-0.4214772484185435,0.9292546526907679,-0.14130733734682027
239.63,-0.4112092412064908,0.9275433181554258,-0.14424105369312104
239.65,-0.4077865721358066,0.925587507257892,-0.1486416282125722
239.67,-0.4063197139626562,0.9214314091006326,-0.14937505729914738
239.69,-0.40558628487608106,0.9221648381872077,-0.15157534455887295
239.71,-0.4075420957736149,0.9246096018091251,-0.15059743911010604
239.73,-0.409253430308957,0.922898267273783,-0.14961953366133912
239.75,-0.4060752376004645,0.9206979800140573,-0.14937505729914738
239.77,-0.39947437582128775,0.9206979800140573,-0.147908199125997
239.79,-0.3958072303884118,0.9250985545335085,-0.147908199125997
239.81,-0.393851419490878,0.9285212236041928,-0.14668581731503835
239.83,-0.393851419490878,0.9272988417932341,-0.14252971915777893
239.85,-0.3948293249396449,0.9265654127066589,-0.14228524279558719
239.87,-0.390184274058002,0.9272988417932341,-0.1391070500870947
239.89,-0.38798398679827645,0.9265654127066589,-0.13568438101641048
239.91,-0.3823610304678666,0.9304770345017266,-0.13397304648106836
239.939,-0.374782263239923,0.9334107508480274,-0.1334840937566849
239.95,-0.374782263239923,0.931943892674877,-0.12859456651285028
239.97,-0.3784494086727989,0.9334107508480274,-0.12981694832380894
239.99,-0.3823610304678666,0.9316994163126853,-0.12908351923723374
240.01,-0.3821165541056749,0.9294991290529597,-0.12859456651285028
240.03,-0.383827888641017,0.9358555144699446,-0.13421752284326008
240.05,-0.38871741588485165,0.93096598722611,-0.13299514103230142
240.07,-0.396540659474987,0.931943892674877,-0.13788466827613605
240.09,-0.39702961219937044,0.9292546526907679,-0.1383736210005195
240.11,-0.3972740885615622,0.9187421691165235,-0.13372857011887662
240.13,-0.40118571035662987,0.9258319836200837,-0.13861809736271125
240.15,-0.40069675763224644,0.9272988417932341,-0.14350762460654584
240.17,-0.40240809216758855,0.9221648381872077,-0.14179629007120373
240.19,-0.4043639030651224,0.921920361825016,-0.13959600281147816
240.21,-0.40485285578950586,0.9260764599822754,-0.14350762460654584
240.23,-0.4063197139626562,0.9299880817773432,-0.14521895914188795
240.25,-0.40558628487608106,0.9285212236041928,-0.14399657733092933
240.27,-0.40558628487608106,0.9285212236041928,-0.14130733734682027
240.29,-0.4053418085138893,0.9265654127066589,-0.1373957155517526
240.31,-0.39874094673471255,0.9341441799346025,-0.1398404791736699
240.33,-0.3933624667664945,0.9375668490052868,-0.13935152644928644
240.35,-0.3933624667664945,0.9375668490052868,-0.13935152644928644
240.37,-0.3911621795067689,0.9270543654310424,-0.13299514103230142
240.39,-0.3967851358371787,0.9268098890688506,-0.1334840937566849
240.41,-0.3967851358371787,0.9290101763285762,-0.13470647556764356
240.43,-0.3921400849555359,0.9285212236041928,-0.13446199920545182
240.45,-0.38260550683005834,0.9294991290529597,-0.13495095192983528
240.47,-0.3794273141215659,0.9297436054151514,-0.13568438101641048
240.49,-0.380160743208141,0.9321883690370687,-0.1312838064969593
240.51,-0.37698255049964857,0.9351220853833695,-0.1366622864651774
240.53,-0.374782263239923,0.9378113253674785,-0.13568438101641048
240.55,-0.377471503224032,0.9321883690370687,-0.13323961739449316
240.57,-0.3789383613971824,0.9297436054151514,-0.13446199920545182
240.59,-0.3757601686886899,0.9302325581395349,-0.13617333374079393
240.61,-0.3762491214130734,0.9316994163126853,-0.13495095192983528
240.63,-0.3767380741374568,0.9316994163126853,-0.13690676282736913
240.65,-0.3755156923264982,0.9324328453992604,-0.13641781010298568
240.67,-0.37453778687773126,0.9324328453992604,-0.13446199920545182
240.69,-0.377471503224032,0.9324328453992604,-0.1383736210005195
240.71,-0.3823610304678666,0.9321883690370687,-0.1376401919139443
240.73,-0.38749503407389296,0.9304770345017266,-0.1373957155517526
240.75,-0.38627265226293434,0.9285212236041928,-0.1359288573786022
240.77,-0.38578369953855085,0.9270543654310424,-0.1359288573786022
240.79,-0.390184274058002,0.9265654127066589,-0.13641781010298568
240.81,-0.3967851358371787,0.9272988417932341,-0.13886257372490296
240.83,-0.3997188521834795,0.9248540781713168,-0.1383736210005195
240.85,-0.3997188521834795,0.9297436054151514,-0.14252971915777893
240.87,-0.3989854230969043,0.9334107508480274,-0.14228524279558719
240.89,-0.39947437582128775,0.9348776090211778,-0.14595238822846315
240.91,-0.39996332854567124,0.9375668490052868,-0.14961953366133912
240.93,-0.3982519940103291,0.9250985545335085,-0.14375210096873758
240.958,-0.3997188521834795,0.9172753109433731,-0.14106286098462856
240.97,-0.39947437582128775,0.9275433181554258,-0.14375210096873758
240.99,-0.393851419490878,0.9260764599822754,-0.14204076643339547
241.01,-0.3916511322311524,0.9236316963603581,-0.14326314824435413
241.03,-0.3982519940103291,0.9287656999663845,-0.15230877364544815
241.05,-0.4060752376004645,0.9285212236041928,-0.1615988754087339
241.07,-0.40045228127005467,0.9236316963603581,-0.16575497356599334
241.09,-0.37258197598019743,0.9167863582189897,-0.1672218317391437
241.11,-0.39776304128594564,0.9365889435565199,-0.19166946795831677
241.13,-0.48944167710784464,0.9424563762491214,-0.22051767869694097
241.15,-0.620725483604804,0.9275433181554258,-0.25327751123063286
241.17,-0.7226721266387556,0.8796259511658466,-0.264034471167069
241.19,-0.7610549155028573,0.8353757296091434,-0.24863246034899
241.21,-0.7309843229532744,0.80946123521682,-0.2398313113100877
241.23,-0.672309996027259,0.7989487516425755,-0.2503437948843321
241.25,-0.658863796106714,0.8048161843351771,-0.26745714023775324
241.27,-0.7119151667023195,0.8026158970754514,-0.2936161109922684
241.29,-0.7945481771231244,0.7923478898633988,-0.32564251443938513
241.31,-0.8309751550896922,0.7683892063686092,-0.3381108089111634
241.33,-0.8251077223970907,0.7388075665434098,-0.3596247287840357
241.35,-0.8192402897044891,0.7314732756776579,-0.38700608134950953
241.37,-0.8207071478776395,0.7182715521193045,-0.41438743391498334
241.39,-0.8478440240809216,0.697735537695199,-0.43198973199278795
241.41,-0.884759954771873,0.6781774287198606,-0.4339455428903218
241.43,-0.8942945328973505,0.6529963634141124,-0.44274669192922406
241.45,-0.8759588057329707,0.6432173089264431,-0.465482993613055
241.47,-0.8644684167099593,0.6331937780765822,-0.47428414265195734
241.49,-0.8676466094184518,0.5962778473856309,-0.4679277572349723
241.51,-0.8686245148672188,0.5488494331204351,-0.4549705100388106
241.53,-0.8715582312135195,0.5160896005867432,-0.42881153928429544
241.55,-0.8691134675916022,0.4982428261467469,-0.41438743391498334
241.57,-0.8431989731992787,0.4794181462579837,-0.3950738013018366
241.59,-0.8187513369801057,0.46034899000702867,-0.3733154050667726
241.61,-0.8104391406655869,0.45839317910949484,-0.37355988142896435
241.63,-0.7745011154234025,0.4816184335177092,-0.3764935977752651
241.65,-0.7674113009198423,0.49213091709195367,-0.3491122452097913
241.67,-0.8216850533264065,0.44470250282675794,-0.321241939919934
241.69,-0.8456437368211961,0.3782049323106072,-0.31635241267609937
241.71,-0.8145952388228463,0.37111511780704703,-0.3183082235736332
241.73,-0.781346453564771,0.4046083794273141,-0.2750359074656969
241.75,-0.781346453564771,0.4046083794273141,-0.2750359074656969
241.77,-0.7493200501176542,0.38627265226293434,-0.24912141307337346
241.79,-0.7370962320080677,0.37258197598019743,-0.2769917183632308
241.81,-0.7278061302447819,0.42807811019772024,-0.27405800201693
241.83,-0.7385630901812181,0.44152431011826543,-0.22296244231885828
241.85,-0.7175381230327292,0.40485285578950586,-0.2117165296580387
241.87,-0.689667817742872,0.4068086666870397,-0.19435870794242582
241.89,-0.7336735629373835,0.38798398679827645,-0.19460318430461754
241.91,-0.7771903554075115,0.4197659138832014,-0.18115698438407235
241.93,-0.7556764355346393,0.49359777526510407,-0.1718668826207866
241.95,-0.7407633774409437,0.5231794150903034,-0.30266173639336247
241.979,-0.9050514928337866,0.49188644072976195,-0.380160743208141
242.0,-1.124346789719769,0.3945848485774532,-0.32759832533691896
242.02,-0.9023622528496775,0.6038566146135745,-0.26672371115117804
242.04,-0.733184610213,0.7444305228738196,-0.24007578767227944
242.06,-0.7696115881795679,0.7170491703083458,-0.21147205329584695
242.08,-0.805794089783944,0.5564282003483788,-0.22051767869694097
242.1,-1.0840081899581333,0.6226812945023378,-0.47355071356538214
242.12,-0.7718118754392934,1.0375576811417047,-0.5975002291965895
242.14,-0.3285762307856859,1.0891421935641596,-0.5131558842404425
242.16,-0.35595758335115973,0.7811019772025792,-0.09950187941203435
242.18,-0.6302600617302815,0.43272316107936315,-0.018580203526571526
242.2,-0.7593435809675152,0.3351770925648626,-0.052317941509030345
242.22,-0.83488677688476,0.40143018671882164,-0.15719830088928277
242.24,-1.0370687284173212,0.547138098585093,-0.2063380496898206
242.26,-1.2302050545487884,0.5566726767105705,-0.1014576903095682
242.28,-1.335818843015616,0.40020780490786295,-0.12272713382024875
242.3,-1.3326406503071233,0.26794609296213673,-0.24863246034899
242.32,-1.3893591663356049,0.23763102405036213,-0.3772270268618403
242.34,-1.333863032118082,0.25670018030131714,-0.38676160498731776
242.36,-1.1057665861931973,0.2919047764569263,-0.32759832533691896
242.38,-0.993551935947193,0.27063533294624575,-0.14375210096873758
242.4,-0.9008953946765272,0.25572227485255017,0.024203159856981328
242.42,-0.8808483329768053,0.22394034776762523,0.060874614185740916
242.44,-0.8808483329768053,0.22394034776762523,0.060874614185740916
242.46,-0.9681263942792531,0.2334749258931027,-0.03251535617150017
242.48,-1.0793631390764906,0.1909360388717416,-0.10903645753751184
242.5,-1.0710509427619717,0.26134523118296,-0.09852397396326742
242.52,-0.9666595361061027,0.3437337652415732,-0.05207346514683862
242.54,-0.8321975369006509,0.35791339424869356,-0.04058307612382728
242.56,-0.8466216422699631,0.4359013537878556,-0.08532225040491398
242.58,-0.9776609724047306,0.43370106652813006,-0.15695382452709103
242.6,-0.9703266815389787,0.28285915105583226,-0.07529871955505302
242.62,-1.2287381963756379,0.3405555725330807,-0.06820890505149284
242.64,-1.6223451395043242,0.5830761238272775,-0.1655104972038016
242.66,-1.611588179567888,0.5613177275922134,-0.21562815145310638
242.68,-0.06185251963450784,-0.22809644592488462,-0.34740091067444917
242.7,1.5074412492742109,-0.31292974360541514,-0.12492742107997433
242.72,1.4340983406166916,-0.04693946154081227,0.12297161018244049
242.74,-0.3222198453687009,0.4681722335971641,-0.7106927848913608
242.76,-2.117898725666962,2.4313174219967606,-1.5179537328484551
242.78,-1.967301286556856,0.689667817742872,-0.7488310973932708
242.8,-1.2954802432539803,-0.4197659138832014,-0.2591449439232344
242.82,-1.5800507288451549,0.014424105369312105,-0.2623231366317269
242.84,-1.6529046847782904,0.5603398221434465,-0.4090089539467653
242.86,-1.322128166732879,0.5349142804755065,-0.4190324847966262
242.88,-0.8933166274485835,0.24741007853803135,-0.2799254347095315
242.9,-1.0424472083855392,0.3361549980136295,-0.2126944351068056
242.92,-1.3162607340402774,0.2965498273385692,-0.10243559575833511
242.94,-1.4262750970265563,0.32686489625034376,-0.07945481771231244
242.96,-1.305748250466033,0.40069675763224644,-0.11465941386792164
242.989,-1.0703175136753964,0.3344436634782874,-0.03251535617150017
243.0,-0.9109189255263882,0.34397824160376494,0.019558108975338447
243.02,-0.7977263698316169,0.4933532989029123,0.04669498517862054
243.04,-0.7617883445894325,0.554472389450845,0.03178192708492498
243.06,-0.8050606606973688,0.5591174403324879,0.044739174281086695
243.08,-0.8566451731198239,0.5305137059560554,0.04816184335177093
243.1,-0.803104849799835,0.5283134186963298,-0.010756959936436146
243.12,-0.6776884759954772,0.5906548910552211,-0.06967576322464322
243.14,-0.6033676618891911,0.6659536106102741,-0.13152828285915105
243.16,-0.7192494575680713,0.7192494575680713,-0.17137792989640313
243.18,-0.8671576566940684,0.604345567337958,-0.1095254102618953
243.2,-0.900161965589952,0.5023989243040063,-0.07285395593313572
243.22,-0.8141062860984628,0.5627845857653638,-0.11979341747394799
243.24,-0.7324511811264248,0.6400391162179506,-0.14766372276380527
243.26,-0.7842801699110717,0.5908993674174128,-0.12810561378846683
243.28,-0.9160529291324145,0.5427375240656419,-0.11001436298627876
243.3,-0.9610365797756929,0.5283134186963298,-0.06820890505149284
243.32,-0.9554136234452831,0.538092473183999,-0.043761268832319775
243.34,-0.9554136234452831,0.5561837239861871,-0.022491825321639215
243.36,-1.0353573938819791,0.5341808513889313,-0.014179629007120373
243.38,-1.094276197170186,0.5131558842404425,-0.05280689423341381
243.4,-1.0160437612688322,0.5955444182990557,-0.09632368670354186
243.42,-0.9698377288145952,0.7285395593313572,-0.010268007212052684
243.44,-1.0268007212052686,0.8160620969959966,0.06160804327231611
243.46,-0.9603031506891178,0.8718027075757112,0.12932799559942548
243.48,-0.8326864896250343,0.9050514928337866,0.17969012621092198
243.5,-0.8766922348195458,0.9590807688781591,0.21709500962625675
243.52,-0.9588362925159674,0.9008953946765272,0.2772361947254225
243.54,-0.9488127616661064,0.897472725605843,0.29923906732267824
243.56,-0.9387892308162454,0.9397671362650124,0.28359258014240746
243.58,-0.9598141979647342,0.9268098890688506,0.2606118020963848
243.6,-0.8896494820157076,0.8546893622222901,0.27308009656816307
243.62,-0.8053051370595605,0.7891696971549064,0.2752803838278886
243.64,-0.8380649695932524,0.8116615224765455,0.24276502765638847
243.66,-0.8436879259236623,0.8167955260825719,0.2686795220487119
243.68,-0.7573877700699814,0.805794089783944,0.23567521315282827
243.7,-0.6989579195061577,0.7439415701494362,0.13372857011887662
243.72,-0.569874400268924,0.5835650765516609,0.035204596155609204
243.74,-0.5207346514683862,0.40216361580539683,-0.09265654127066589
243.76,-0.762277297313816,0.25547779849035845,-0.166977355376952
243.78,-1.1412156587109983,0.08898939583778993,-0.15842068270024143
243.8,-1.1798429239372918,-0.16110992268435045,-0.12932799559942548
243.82,-1.0466033065427987,-0.28603734376432477,-0.17040002444763622
243.84,-1.0466033065427987,-0.28603734376432477,-0.17040002444763622
243.86,-1.0646945573449866,-0.2733245729303548,-0.09485682853039147
243.88,-1.2993918650490481,-0.21562815145310638,0.03202640344711671
243.9,-1.4108730862084773,-0.18677994071448217,0.21000519512269658
243.92,-1.2798337560737096,-0.18629098799009872,0.2909268710081594
243.94,-1.265898603428781,-0.14057390826024507,0.3214864162821257
243.96,-1.3077040613635669,-0.13226171194572625,0.302172783668979
243.98,-1.2438957308315253,-0.1464413409528466,0.21685053326406503
244.009,-1.1945115056687956,-0.1376401919139443,0.14350762460654584
244.02,-1.2084466583137243,-0.2454542676404975,0.15646487180270757
244.04,-1.1737310148824984,-0.38749503407389296,0.15719830088928277
244.06,-1.0385355865904715,-0.43076735018182927,0.11905998838737279
244.08,-0.8510222167894141,-0.39947437582128775,0.025670018030131712
244.1,-0.8422210677505119,-0.37307092870458086,-0.030804021636158054
244.12,-0.755920911896831,-0.3610915869571861,-0.008067719952327109
244.14,-0.5410261895302998,-0.5569171530727622,0.267701616599945
244.16,-0.6593527488310974,-1.122390978822235,0.12443846835559087
244.18,-0.8820707147877639,-0.9285212236041928,-0.11025883934847049
244.2,-1.0994102007762123,-0.658863796106714,-0.10194664303395165
244.22,-0.9436787580600801,-0.5092442624453748,-0.09779054487669223
244.24,-0.6058124255111084,-0.46474956452647986,-0.04938422516272958
244.26,-0.44396907374018274,-0.5204901751061944,-0.011734865385203068
244.28,-0.456437368211961,-0.5613177275922134,0.055251657855331114
244.3,-0.5532500076398863,-0.4799070989823671,0.05940775601259053
244.32,-0.6921125813647893,-0.43223420835497967,0.10047978486080127
244.34,-0.6444396907374018,-0.40485285578950586,0.18360174800598966
244.36,-0.4938422516272958,-0.4371237355988143,0.19778137701311005
244.38,-0.46254927726675427,-0.513644836964826,0.15964306451120008
244.4,-0.5774531674968676,-0.554472389450845,0.1303059010481924
244.42,-0.6001894691806986,-0.6190141490694618,0.0982794976010757
244.44,-0.6476178834458943,-0.6158359563609693,0.0982794976010757
244.46,-0.6058124255111084,-0.5657183021116645,0.17480059896708736
244.48,-0.5713412584420744,-0.588943556519879,0.1613543990465422
244.5,-0.7916144607768236,-0.5710967820798827,0.12272713382024875
244.52,-0.93096598722611,-0.5019099715796229,0.058185374201631876
244.54,-0.9013843474009107,-0.5202456987440027,0.015157534455887297
244.56,-0.8434434495614705,-0.6185251963450784,0.004889527243834612
244.58,-0.8295082969165418,-0.6764660941845185,-0.05085108333587996
244.6,-0.8754698530085873,-0.6957797267976652,-0.11050331571066223
244.62,-0.8808483329768053,-0.730495370228891,-0.09534578125477493
244.64,-0.8505332640650307,-0.7341625156617669,-0.030315068911774594
244.66,-0.7696115881795679,-0.667909421507808,0.020047061699721907
244.68,-0.7759679735965529,-0.6295266326437062,0.04669498517862054
244.7,-0.7363628029214925,-0.6217033890535709,0.048650796076154385
244.72,-0.7341625156617669,-0.6534853161384958,0.03544907251780093
244.74,-0.832930965987226,-0.7102038321669774,-0.0073342908657519175
244.76,-0.8945390092595422,-0.7038474467499923,-0.10756959936436146
244.78,-0.8754698530085873,-0.7080035449072518,-0.1904470861473581
244.8,-0.7987042752803838,-0.7493200501176542,-0.22174006050789963
244.82,-0.7471197628579287,-0.7950371298475079,-0.19998166427283562
244.84,-0.7146044066864284,-0.8023714207132597,-0.17211135898297833
244.86,-0.7864804571707973,-0.7798795953916206,-0.10439140665586896
244.88,-0.8187513369801057,-0.7493200501176542,-0.055985086941906306
244.9,-0.7493200501176542,-0.7339180392995752,-0.031048497998349783
244.92,-0.6938239159001314,-0.7512758610151881,-0.015402010818079027
244.94,-0.6485957888946612,-0.7485866210310791,-0.01589096354246249
244.96,-0.69504629771109,-0.7566543409834061,-0.0044005745194511505
244.98,-0.7598325336918986,-0.7691226354551844,-0.0207804907862971
245.0,-0.7801240717538123,-0.7595880573297069,-0.04033859976163555
245.029,-0.72047183937903,-0.7617883445894325,-0.03789383613971824
245.04,-0.6882009595697216,-0.7911255080524402,-0.042783363383552854
245.06,-0.7221831739143721,-0.7979708461938086,-0.04449469791889497
245.08,-0.7153378357730037,-0.7661889191088836,-0.05794089783944015
245.1,-0.7209607921034135,-0.7593435809675152,-0.027381352565473825
245.12,-0.6749992360113681,-0.7370962320080677,0.021758396235064023
245.14,-0.6199920545182288,-0.7356293738349173,0.09338997035724109
245.16,-0.6087461418574092,-0.7309843229532744,0.14130733734682027
245.18,-0.6899122941050637,-0.7048253521987593,0.16648840265256853
245.2,-0.802126944351068,-0.6847782904990374,0.1613543990465422
245.22,-0.802126944351068,-0.6847782904990374,0.1613543990465422
245.24,-0.8006600861779176,-0.6864896250343795,0.12663875561531643
245.26,-0.6771995232710937,-0.6784219050820524,0.14375210096873758
245.28,-0.6126577636524768,-0.6781774287198606,0.20340433334351984
245.3,-0.7661889191088836,-0.6789108578064358,0.23567521315282827
245.32,-0.8715582312135195,-0.638816734406992,0.2503437948843321
245.34,-0.7830577881001131,-0.632460348990007,0.23054120954680193
245.36,-0.746875286495737,-0.6715765669406839,0.201448522445986
245.38,-0.8801149038902301,-0.6757326650979433,0.1471747700394218
245.4,-1.0160437612688322,-0.6307490144546649,0.07212052684656052
245.42,-0.963725819759802,-0.6441952143752101,0.03764935977752651
245.44,-0.8026158970754514,-0.7082480212694435,0.017602298077804602
245.46,-0.7693671118173762,-0.730495370228891,0.02102496714848883
245.48,-0.7987042752803838,-0.7055587812853344,0.047428414265195735
245.5,-0.7918589371390153,-0.666931516059041,0.08947834856217339
245.52,-0.754943006448064,-0.6583748433823304,0.14032943189805336
245.54,-0.736851755645876,-0.6517739816031537,0.14766372276380527
245.56,-0.7747455917855942,-0.6248815817620633,0.1373957155517526
245.58,-0.7564098646212144,-0.6251260581242551,0.09681263942792531
245.6,-0.7138709775998533,-0.6835559086880787,0.06503071234300034
245.62,-0.7353848974727256,-0.7319622284020414,0.06625309415395898
245.64,-0.8106836170277786,-0.7104483085291691,0.11881551202518106
245.66,-0.7977263698316169,-0.6747547596491764,0.18482412981694832
245.68,-0.7987042752803838,-0.6688873269565748,0.26721266387556153
245.7,-0.8600678421905081,-0.6586193197445221,0.31464107814075726
245.72,-0.8373315405066772,-0.6346606362497326,0.31121840907007303
245.74,-0.74589738104697,-0.647862359808086,0.3205085108333588
245.76,-0.7199828866546466,-0.6793998105308193,0.33199889985637016
245.78,-0.721449744827797,-0.6715765669406839,0.34348928887938146
245.8,-0.70775906854506,-0.6630198942639733,0.33053204168321976
245.82,-0.7119151667023195,-0.6737768542004094,0.3073067872750053
245.84,-0.6820890505149283,-0.6913791522782141,0.2469211258136479
245.86,-0.7155823121351954,-0.721449744827797,0.18335727164379795
245.88,-0.7546985300858723,-0.7380741374568346,0.14350762460654584
245.9,-0.7163157412217706,-0.7219386975521804,0.14057390826024507
245.92,-0.6798887632552028,-0.7216942211899887,0.16037649359777525
245.94,-0.6965131558842405,-0.7182715521193045,0.23445283134186962
245.96,-0.752253766463955,-0.7209607921034135,0.2906823946459677
245.98,-0.7903920789658649,-0.7182715521193045,0.3080402163615805
246.0,-0.7683892063686092,-0.7011582067658834,0.31366317269199034
246.02,-0.7388075665434098,-0.7058032576475262,0.2870152492130917
246.049,-0.729517464780124,-0.7092259267182104,0.24961036579775692
246.06,-0.7275616538825902,-0.7119151667023195,0.21318338783118906
246.08,-0.7383186138190263,-0.7133820248754699,0.1965589952021514
246.1,-0.7238945084497143,-0.6992023958683494,0.1838462243681814
246.12,-0.7089814503560187,-0.6935794395379397,0.18824679888763254
246.14,-0.7045808758365676,-0.715093359410812,0.1982703297374935
246.16,-0.7273171775203985,-0.7380741374568346,0.20878281331173792
246.18,-0.7238945084497143,-0.746875286495737,0.22296244231885828
246.2,-0.7148488830486203,-0.7515203373773798,0.22369587140543348
246.22,-0.7160712648595788,-0.7617883445894325,0.22125110778351617
246.24,-0.6989579195061577,-0.755920911896831,0.21636158053968157
246.26,-0.6938239159001314,-0.7370962320080677,0.21489472236653118
246.28,-0.7104483085291691,-0.7419857592519024,0.2180729150750237
246.3,-0.7148488830486203,-0.7187605048436879,0.21489472236653118
246.32,-0.7175381230327292,-0.7170491703083458,0.1958255661155762
246.34,-0.705069828560951,-0.7165602175839624,0.18262384255722275
246.36,-0.7067811630962931,-0.7270727011582068,0.17015554808544447
246.38,-0.7432081410628609,-0.7378296610946429,0.15646487180270757
246.4,-0.762277297313816,-0.7326956574886165,0.14448553005531278
246.42,-0.7265837484338233,-0.7226721266387556,0.14913058093695566
246.44,-0.6962686795220487,-0.7256058429850564,0.16844421355010236
246.46,-0.7248724138984812,-0.7265837484338233,0.18042355529749718
246.48,-0.7825688353757296,-0.7062922103719097,0.1806680316596889
246.5,-0.8165510497203802,-0.7026250649390337,0.17480059896708736
246.52,-0.8126394279253124,-0.7136265012376616,0.1518198209210647
246.54,-0.7833022644623048,-0.6962686795220487,0.15328667909421506
246.56,-0.7476087155823121,-0.6974910613330073,0.1743116462427039
246.58,-0.7234055557253308,-0.7043363994743758,0.18898022797420774
246.6,-0.7326956574886165,-0.7094704030804021,0.18531308254133178
246.62,-0.7326956574886165,-0.7094704030804021,0.18531308254133178
246.64,-0.7466308101335452,-0.7001803013171164,0.17724536258900467
246.66,-0.7630107264003911,-0.6911346759160224,0.18042355529749718
246.68,-0.7637441554869664,-0.705069828560951,0.17651193350242947
246.7,-0.7476087155823121,-0.7246279375362894,0.16575497356599334
246.72,-0.7290285120557406,-0.7397854719921767,0.1527977263698316
246.74,-0.7185160284814962,-0.74589738104697,0.13690676282736913
246.76,-0.7165602175839624,-0.752253766463955,0.1366622864651774
246.78,-0.6962686795220487,-0.7378296610946429,0.14204076643339547
246.8,-0.705069828560951,-0.711426213977936,0.14424105369312104
246.82,-0.7351404211105339,-0.6713320905784922,0.13861809736271125
246.84,-0.7366072792836842,-0.6542187452250711,0.13886257372490296
246.86,-0.7466308101335452,-0.6691318033187666,0.13226171194572625
246.88,-0.8155731442716132,-0.6686428505943831,0.11245912660819607
246.9,-0.8358646823335268,-0.6375943525960334,0.10805855208874492
246.92,-0.7879473153439477,-0.636127494422883,0.12370503926901567
246.94,-0.7454084283225866,-0.6586193197445221,0.12272713382024875
246.96,-0.7483421446688873,-0.6608196070042478,0.11881551202518106
246.98,-0.7568988173455978,-0.6740213305626012,0.1239495156312074
247.0,-0.7373407083702594,-0.7212052684656052,0.11050331571066223
247.02,-0.7168046939461541,-0.7412523301653271,0.08605567949148916
247.04,-0.7121596430645112,-0.7231610793631391,0.07480976683066956
247.069,-0.770345017266143,-0.7006692540414998,0.07847691226354551
247.08,-0.8524890749625645,-0.6547076979494545,0.0679644286893011
247.1,-0.8906273874644746,-0.6121688109280934,0.04913974880053785
247.12,-0.891116340188858,-0.5906548910552211,0.06625309415395898
247.14,-0.890138434740091,-0.5923662255905632,0.1014576903095682
247.16,-0.8742474711976286,-0.5906548910552211,0.09950187941203435
247.18,-0.8825596675121474,-0.5674296366470066,0.11979341747394799
247.2,-0.8906273874644746,-0.5774531674968676,0.13641781010298568
247.22,-0.8989395837789933,-0.6077682364086422,0.13446199920545182
247.24,-0.8798704275280383,-0.645173119823977,0.10365797756929376
247.26,-0.8571341258442075,-0.6698652324053418,0.06160804327231611
247.28,-0.8209516242398313,-0.6935794395379397,0.030804021636158054
247.3,-0.7977263698316169,-0.7234055557253308,0.04131650521040247
247.32,-0.7630107264003911,-0.715093359410812,0.055985086941906306
247.34,-0.7116706903401278,-0.7006692540414998,0.05280689423341381
247.36,-0.6945573449867066,-0.7163157412217706,0.06380833053204168
247.38,-0.7307398465910827,-0.7160712648595788,0.08556672676710571
247.4,-0.7659444427466919,-0.6974910613330073,0.09999083213641781
247.42,-0.7385630901812181,-0.6808666687039697,0.11368150841915473
247.44,-0.7153378357730037,-0.6657091342480824,0.14155181370901201
247.46,-0.7674113009198423,-0.6561745561226049,0.1518198209210647
247.48,-0.8605567949148917,-0.609724047306176,0.11881551202518106
247.5,-0.8539559331357149,-0.5505607676557772,0.07114262139779359
247.52,-0.8255966751214742,-0.5393148549949577,0.052562417871222074
247.54,-0.8241298169483238,-0.5395593313571494,0.029092687100815938
247.56,-0.8422210677505119,-0.5168230296733185,-0.034960119793417475
247.58,-0.843932402285854,-0.5031323533905815,-0.03422669070684228
247.6,-0.7742566390612108,-0.5004431134064725,-0.022980778046022676
247.62,-0.7126485957888946,-0.4825963389664762,-0.009290101763285763
247.64,-0.7207163157412217,-0.4505699355193595,0.005622956330409804
247.66,-0.7801240717538123,-0.41683219753690065,-0.006111909054793264
247.68,-0.7901476026036732,-0.3540017724536259,-0.021758396235064023
247.7,-0.7317177520398497,-0.32564251443938513,-0.03569354887999267
247.72,-0.5869877456223451,-0.31635241267609937,-0.06894233413806802
247.74,-0.503621306114965,-0.33371023439171227,-0.1535311554564068
247.76,-0.6989579195061577,-0.35595758335115973,-0.2053601442410537
247.78,-0.9299880817773432,-0.27136876203282095,-0.22271796595666657
247.8,-0.8561562203954405,-0.18262384255722275,-0.21856186779940714
247.82,-0.6752437123735598,-0.21636158053968157,-0.19851480609968522
247.84,-0.7231610793631391,-0.22418482412981694,-0.20438223879228676
247.86,-0.8708248021269444,-0.1535311554564068,-0.23836445313693733
247.88,-0.8405097332151698,-0.08287748678299667,-0.21611710417748983
247.9,-0.8896494820157076,-0.027625828927665557,-0.22076215505913271
247.92,-1.0402469211258136,0.04987317788711304,-0.20169299880817773
247.94,-0.9595697216025425,0.038871741588485165,-0.26574580570241113
247.96,-0.7886807444305228,0.031048497998349783,-0.48748586621031076
247.98,-0.957369434342817,0.2119610060202304,-0.70775906854506
248.0,-1.1817987348348256,0.36818140146074624,-0.7021361122146502
248.02,-1.1817987348348256,0.36818140146074624,-0.7021361122146502
248.04,-0.9118968309751551,0.07089814503560186,-0.6273263453839807
248.06,-0.8143507624606545,0.09216758854628243,-0.7637441554869664
248.09,-1.2751887051920667,0.5258686550744125,-0.7571432937077897
248.11,-0.9316994163126853,-0.09094520673532377,-0.12517189744216606
248.13,-0.8331754423494179,0.18726889343886563,-0.4080310484979983
248.15,-1.1820432111970174,0.8617791767258502,-0.44005745194511503
248.17,-1.2707881306726156,0.7911255080524402,-0.05549613421752284
248.19,-0.8035938025242184,0.264034471167069,0.2603673257341931
248.21,-0.7410078538031354,0.44788069553525045,0.18580203526571523
248.23,-1.346575802952052,1.0057757540567795,0.044739174281086695
248.25,-1.4639244568040828,0.7273171775203985,0.08703358494025609
248.27,-0.9358555144699446,0.4244109647648443,0.14570791186627144
248.29,-0.7715673990771017,0.7512758610151881,-0.08263301042080494
248.31,-0.8326864896250343,0.9407450417137793,-0.23371940225529445
248.33,-0.8549338385844818,0.8089722824924365,-0.10659169391559453
248.35,-0.8769367111817375,0.833908871435993,-0.0679644286893011
248.37,-0.6038566146135745,0.8850044311340647,-0.08361091586957185
248.39,-0.38480579408978394,0.9260764599822754,-0.11759313021422241
248.41,-0.46010451364483695,1.00724261222993,-0.14937505729914738
248.43,-0.5576505821593375,0.8982061546924182,-0.07163157412217706
248.45,-0.4395684992207316,0.8268190569324328,-0.09387892308162454
248.47,-0.41463191027717505,0.9837728814595239,-0.15646487180270757
248.49,-0.3371329034623965,1.0233780521345843,-0.12443846835559087
248.51,-0.28383705650459923,0.9231427436359747,-0.04913974880053785
248.53,-0.20193747517036947,0.973749350609663,0.05476270513094765
248.55,-0.1972924242887266,1.0243559575833512,-0.027625828927665557
248.57,-0.2134278641933808,1.184243498456743,-0.15450906090517372
248.59,-0.28016991107172323,1.3123491122452098,-0.2469211258136479
248.61,-0.3892063686092351,1.2901017632857623,-0.2762582892766556
248.63,-0.36744797237417104,1.2062463710539988,-0.1662439262903768
248.65,-0.26745714023775324,1.1803318766616753,-0.0073342908657519175
248.67,-0.1821348898328393,1.043425113834306,-0.05500718149313938
248.69,-0.31635241267609937,0.9593252452403508,-0.21440576964214772
248.71,-0.31635241267609937,0.9593252452403508,-0.21440576964214772
248.73,-0.6547076979494545,0.989151361427742,-0.29850563823610304
248.75,-0.9057849219203618,0.883782049323106,-0.24643217308926443
248.77,-0.9123857836995385,0.7216942211899887,-0.14888610457476392
248.79,-0.7182715521193045,0.6960242031598569,-0.13617333374079393
248.81,-0.5278244659719463,0.7727897808880604,-0.19166946795831677
248.83,-0.4491030773462091,0.8361091586957186,-0.21513919872872292
248.85,-0.3945848485774532,0.8766922348195458,-0.21465024600433946
248.87,-0.2904379182837759,0.8737585184732451,-0.19484766066680928
248.89,-0.14521895914188795,0.8735140421110533,-0.22687406411392597
248.91,-0.28310362741802403,0.9725269687987043,-0.33371023439171227
248.93,-0.7422302356140941,0.9529688598233658,-0.2508327476087156
248.95,-0.8427100204748953,0.7815909299269627,0.011245912660819608
248.97,-0.4852855789505852,0.887449194755982,0.052317941509030345
248.99,-0.14130733734682027,1.300369770497815,-0.11221465024600434
249.01,0.03178192708492498,1.4399657733092932,-0.16331020994407602
249.03,-0.05500718149313938,1.2192036182501604,-0.008067719952327109
249.05,-0.32833175442349416,1.1118784952479908,0.05549613421752284
249.07,-0.46254927726675427,1.1331479387586711,0.03373773798245882
249.099,-0.38700608134950953,1.1189683097515508,0.005378479968218073
249.11,-0.3310209944076032,1.1201906915625095,-0.051340036060263425
249.13,-0.355713106988968,1.0688506555022461,-0.06331937780765821
249.15,-0.31121840907007303,1.0197109067017083,-0.055251657855331114
249.17,-0.2412981694832381,1.0722733245729303,-0.11319255569477125
249.19,-0.23298597316871925,1.091586957186077,-0.16844421355010236
249.21,-0.21513919872872292,1.0013751795373285,-0.14252971915777893
249.23,-0.19778137701311005,0.9258319836200837,-0.10341350120710203
249.25,-0.182379366195031,0.8876936711181738,-0.09656816306573358
249.27,-0.18360174800598966,0.9104299728020047,-0.11539284295449684
249.29,-0.27112428567062924,0.9184976927543318,-0.11001436298627876
249.31,-0.37209302325581395,0.850288787702839,-0.08458882131833878
249.33,-0.38627265226293434,0.7664333954710754,-0.05060660697368823
249.35,-0.3381108089111634,0.7329401338508083,-0.06649757051615071
249.37,-0.3444671943281484,0.7896586498792898,-0.14277419551997067
249.39,-0.3662255905632124,0.792103413501207,-0.2190508205237906
249.41,-0.35986920514622744,0.772300828163677,-0.3073067872750053
249.43,-0.4366347828744308,0.7850135989976469,-0.37184854689362223
249.45,-0.5850319347248113,0.7647220609357332,-0.4087644775845735
249.47,-0.7899031262414815,0.7544540537236806,-0.4134095284662164
249.49,-0.9759496378693885,0.7133820248754699,-0.3784494086727989
249.51,-1.0593160773767687,0.6434617852886348,-0.26990190385967056
249.53,-1.1167680224918253,0.6402835925801424,-0.160620969959967
249.55,-1.0786297099899154,0.6671759924212327,-0.11539284295449684
249.57,-1.0011307031751366,0.7441860465116279,-0.11857103566298934
249.59,-1.0233780521345843,0.817528955169147,-0.09876845032545915
249.61,-0.9825504996485652,0.7850135989976469,-0.0863001558536809
249.63,-0.8854933838584481,0.7789016899428536,-0.08141062860984628
249.65,-0.7637441554869664,0.7512758610151881,-0.09143415945970723
249.67,-0.6202365308804205,0.7417412828897106,-0.17211135898297833
249.69,-0.49115301164318675,0.7771903554075115,-0.2618341839073435
249.71,-0.4503254591571677,0.7446749992360113,-0.3205085108333588
249.73,-0.4816184335177092,0.7182715521193045,-0.3293096598722611
249.75,-0.4491030773462091,0.6877120068453382,-0.3381108089111634
249.77,-0.3926290376799193,0.6789108578064358,-0.39849647037252084
249.79,-0.38676160498731776,0.6845338141368457,-0.4363903065122391
249.81,-0.4202548666075849,0.6715765669406839,-0.44812517189744216
249.83,-0.48895272438346116,0.6683983742321914,-0.45863765547168656
249.85,-0.5593619166946796,0.6561745561226049,-0.45692632093634444
249.87,-0.6466399779971274,0.6141246218256272,-0.41389848119059985
249.89,-0.6393056871313755,0.5693854475445406,-0.4231885829538856
249.91,-0.7480976683066956,0.6336827308009657,-0.4554594627631941
249.93,-0.90554044555817,0.7322067047642331,-0.40191913944320506
249.95,-0.8771811875439294,0.6891788650184885,-0.3525349142804755
249.97,-0.8586009840173578,0.6872230541209546,-0.32808727806130245
249.99,-0.9612810561378846,0.7427191883384775,-0.2870152492130917
250.01,-1.011887663111573,0.7568988173455978,-0.2173394859884485
250.03,-0.915563976408031,0.7747455917855942,-0.14937505729914738
250.05,-0.7925923662255906,0.8373315405066772,-0.12346056290682395
250.07,-0.6850227668612291,0.8649573694343428,-0.10096873758518474
250.09,-0.5750084038749503,0.9407450417137793,-0.09216758854628243
250.119,-0.5750084038749503,0.9407450417137793,-0.09216758854628243
250.14,-0.13617333374079393,0.9331662744858357,-0.10585826482901935
250.16,-0.18017907893530544,1.0556489319438926,-0.17797879167557987
250.18,-0.35669101243773493,1.195000458393179,-0.2327414968065275
250.2,-0.29801668551171956,1.0514928337866332,-0.14301867188216238
250.22,-0.09901292668765088,0.9434342816978883,-0.0982794976010757
250.24,-0.047428414265195735,1.025333863032118,-0.14766372276380527
250.26,-0.1527977263698316,1.0268007212052686,-0.18091250802188064
250.28,-0.1677107844635272,0.9673929651926779,-0.12663875561531643
250.3,-0.11172569752162087,0.9852397396326742,-0.13935152644928644
250.32,-0.09216758854628243,1.0385355865904715,-0.15524248999174892
250.34,-0.06307490144546649,1.0439140665586897,-0.14252971915777893
250.36,-0.03251535617150017,1.0940317208079944,-0.14986401002353084
250.38,-0.05280689423341381,1.1302142224123706,-0.15670934816489931
250.4,-0.08361091586957185,1.1465941386792164,-0.1454634355040797
250.42,-0.08483329768053051,1.145127280506066,-0.1127036029703878
250.44,-0.026158970754515173,1.1431714696085322,-0.08361091586957185
250.46,0.016135439904654218,1.1135898297833329,-0.053540323319988994
250.48,-0.042783363383552854,1.0539375974085505,0.0031781927084924976
250.5,-0.18335727164379795,0.9869510741680163,0.07529871955505302
250.52,-0.2813922928826819,0.8876936711181738,0.1831127952816062
250.54,-0.3701372123582801,0.792103413501207,0.2777251474498059
250.56,-0.44885860098401736,0.7656999663845002,0.35302386700485894
250.58,-0.5378479968218073,0.7979708461938086,0.32882070714787764
250.6,-0.5923662255905632,0.8434434495614705,0.280414387433915
250.62,-0.6605751306420561,0.7891696971549064,0.26672371115117804
250.64,-0.7493200501176542,0.7392965192677933,0.2765027656388473
250.66,-0.772300828163677,0.7170491703083458,0.25132170033309903
250.68,-0.5962778473856309,0.7498090028420377,0.1919139443205085
250.7,-0.38798398679827645,0.8383094459554442,0.11343703205696298
250.72,-0.3031506891177459,0.8463771659077712,0.06625309415395898
250.74,-0.27308009656816307,0.8488219295296886,0.03373773798245882
250.76,-0.3095070745347309,0.8698468966781774,0.0044005745194511505
250.78,-0.29630535097637745,0.8321975369006509,0.0026892399841090364
250.8,-0.29630535097637745,0.8321975369006509,0.0026892399841090364
250.82,-0.23469730770406136,0.8505332640650307,-0.011245912660819608
250.84,-0.24349845674296366,0.9143415945970724,-0.05207346514683862
250.86,-0.25205512941967423,0.957369434342817,-0.044739174281086695
250.88,-0.22418482412981694,1.005531277694588,-0.022491825321639215
250.9,-0.17015554808544447,1.0903645753751183,-0.019313632613146715
250.92,-0.07016471594902668,1.1651743422057879,0.005378479968218073
250.94,0.011490389023011338,1.1522170950096262,0.07578767227943647
250.96,-0.09461235216819973,1.1302142224123706,0.17895669712434678
250.98,-0.2197842496103658,1.1082113498151147,0.2799254347095315
251.0,-0.3784494086727989,1.1321700333099043,0.4390795464963481
251.02,-0.5691409711823487,1.0847416190447086,0.6838003850502704
251.04,-0.5649848730250894,0.8842710020474895,0.915563976408031
251.06,-0.5087553097209914,0.8520001222381811,0.8104391406655869
251.08,-0.31195183815664823,1.027289673929652,0.4816184335177092
251.1,-0.2623231366317269,1.1038107752956636,0.15059743911010604
251.129,-0.47306176084099866,1.0104208049384225,-0.08752253766463955
251.14,-0.6808666687039697,0.8224184824129817,-0.18922470433639946
251.16,-0.7375851847324512,0.8356202059713351,-0.3187971762980167
251.18,-0.7172936466705375,0.9285212236041928,-0.3918956085933441
251.2,-0.6735323778382177,0.9048070164715949,-0.3610915869571861
251.22,-0.6209699599669957,0.8984506310546099,-0.29826116187391133
251.24,-0.6307490144546649,0.9026067292118694,-0.21293891146899735
251.26,-0.6554411270360296,0.8945390092595422,-0.09779054487669223
251.28,-0.6287932035571311,0.8823151911499557,0.014668581731503835
251.3,-0.5620511566787886,0.8879381474803655,0.09534578125477493
251.32,-0.5050881642881154,0.8996730128655686,0.15304220273202335
251.34,-0.4395684992207316,0.8894050056535159,0.15646487180270757
251.36,-0.4253888702136112,0.8894050056535159,0.10781407572655319
251.38,-0.5119335024294839,0.8566451731198239,0.06063013782354919
251.4,-0.6221923417779543,0.8123949515631207,0.011245912660819608
251.42,-0.6735323778382177,0.8035938025242184,-0.047183937903004
251.44,-0.6786663814442441,0.8053051370595605,-0.07969929407450417
251.46,-0.6906457231916389,0.7979708461938086,-0.08238853405861321
251.48,-0.699691348592733,0.7674113009198423,-0.08018824679888763
251.5,-0.6972465849708156,0.735873850197109,-0.08361091586957185
251.52,-0.6860006723099961,0.7197384102924549,-0.07847691226354551
251.54,-0.6600861779176725,0.7065366867341014,-0.07798795953916206
251.56,-0.6209699599669957,0.6855117195856125,-0.08018824679888763
251.58,-0.5769642147724842,0.6781774287198606,-0.0623414723588913
251.6,-0.5820982183785105,0.689667817742872,-0.11025883934847049
251.62,-0.5796534547565932,0.7146044066864284,-0.17773431531338812
251.64,-0.48773034257250253,0.6901567704672554,-0.14032943189805336
251.66,-0.4341900192525135,0.679644286893011,-0.10536931210463588
251.68,-0.4476362191730587,0.688689912294105,-0.166977355376952
251.7,-0.5116890260672922,0.7300064175045076,-0.377471503224032
251.72,-0.6605751306420561,0.7943037007609327,-0.5732970693396082
251.74,-0.6613085597286312,0.724138984811906,-0.4926198698163371
251.76,-0.5368700913730403,0.6429728325642514,-0.36255844513033647
251.78,-0.5449378113253674,0.7869694098951807,-0.4241664884026526
251.8,-0.6371053998716499,0.8891605292913242,-0.4799070989823671
251.82,-0.6710876142163005,0.8365981114201021,-0.44323564465360754
251.84,-0.6468844543593191,0.8062830425083275,-0.40558628487608106
251.86,-0.626103963573022,0.8759588057329707,-0.362069492405953
251.88,-0.5877211747089203,0.9192311218409069,-0.2928826819056932
251.9,-0.5067994988234575,0.90554044555817,-0.2454542676404975
251.92,-0.3989854230969043,0.893805580172967,-0.2158726278152981
251.94,-0.3549796779023928,0.9353665617455612,-0.2694129511352871
251.96,-0.3488677688475995,1.0422027320233476,-0.29923906732267824
251.98,-0.28603734376432477,1.049781499251291,-0.302172783668979
252.0,-0.18800232252544083,0.979127830577881,-0.3068178345506219
252.02,-0.11563731931668857,0.9884179323411667,-0.3077957399993888
252.04,-0.11074779207285396,1.0656724627937537,-0.33028756532102804
252.06,-0.1376401919139443,1.119701738838126,-0.3395776670843138
252.08,-0.15939858814900834,1.0940317208079944,-0.31684136540048286
252.1,-0.15646487180270757,1.0439140665586897,-0.2911713473703511
252.12,-0.12566085016654951,1.013598997646915,-0.2787030528985729
252.149,-0.1510863918344895,1.0065091831433548,-0.280414387433915
252.16,-0.2134278641933808,1.008220517678697,-0.28505943831555786
252.18,-0.20095956972160253,1.0128655685603398,-0.2774806710876142
252.2,-0.20095956972160253,1.0128655685603398,-0.2774806710876142
252.22,-0.13055037741038414,1.0238670048589678,-0.27308009656816307
252.24,-0.11734865385203068,1.0187330012529414,-0.26794609296213673
252.26,-0.14766372276380527,0.9928185068606179,-0.2408092167588546
252.28,-0.15059743911010604,0.95639152889405,-0.20804938422516273
252.3,-0.11294807933257953,0.9275433181554258,-0.16599944992818508
252.32,-0.039849647037252085,0.9427008526113131,-0.18360174800598966
252.34,0.08947834856217339,1.2135806619197507,-0.25547779849035845
252.36,0.2943495400788436,1.342908657519176,-0.1919139443205085
252.38,0.411942670293066,1.1893775020627693,-0.05280689423341381
252.4,0.293127158267885,1.162485102221679,-0.053295846957797266
252.42,0.0982794976010757,1.0693396082266295,-0.0070898145035601864
252.44,0.06160804327231611,0.858356507655166,0.1447300064175045
252.46,0.07847691226354551,0.6292821562815145,0.24447636219173058
252.48,-0.021758396235064023,0.4982428261467469,0.21856186779940714
252.5,-0.24398740946734712,0.5816092656541271,0.20071509335941082
252.52,-0.4271002047489533,0.9280322708798093,0.14448553005531278
252.54,-0.25132170033309903,1.167863582189897,0.0838553922317636
252.56,0.22320691868105003,1.079852091800874,0.11245912660819607
252.58,0.47526204810072425,0.9449011398710387,0.17822326803777158
252.6,0.4366347828744308,0.8414876386639366,0.20120404608379427
252.62,0.2662347584267946,0.9070073037313204,0.16355468630626777
252.64,0.1454634355040797,1.05809369556581,0.09656816306573358
252.66,0.14937505729914738,1.0664058918803287,0.0831219631451884
252.68,0.1911805152339333,0.9370778962809033,0.13397304648106836
252.7,0.18286831891941446,0.8786480457170797,0.17822326803777158
252.72,0.22271796595666657,0.9084741619044708,0.1972924242887266
252.74,0.3219753690065092,0.9370778962809033,0.1831127952816062
252.76,0.37160407053143046,0.9439232344222718,0.18164593710845583
252.78,0.4508144118815512,0.9016288237631024,0.1838462243681814
252.8,0.531736087767014,0.8407542095773615,0.16917764263667756
252.82,0.5684075420957736,0.7485866210310791,0.14961953366133912
252.84,0.601656327353849,0.6625309415395899,0.14424105369312104
252.86,0.6960242031598569,0.6378388289582251,0.13617333374079393
252.88,0.7881917917061394,0.7400299483543684,0.07554319591724475
252.9,0.8136173333740794,1.0810744736118327,-0.12346056290682395
252.92,0.652507410689729,1.4123399443816276,-0.42636677566237813
252.94,0.2606118020963848,1.2121138037466002,-0.5160896005867432
252.96,-0.3503346270207499,1.0920759099104604,-0.3527793906426672
252.98,-1.0121321394737646,1.2927910032698713,0.05182898878464688
253.0,-1.363933624667665,1.0822968554227912,0.6363719707850747
253.02,-0.9224093145493995,0.8165510497203802,0.8615347003636585
253.04,-0.37209302325581395,0.8972282492436512,0.8045717079729854
253.06,-0.11490389023011337,1.0622497937230693,0.6251260581242551
253.08,-0.09021177764874859,1.203312654707698,0.362069492405953
253.1,-0.09045625401094032,1.1805763530238669,0.16673287901476025
253.12,-0.12517189744216606,1.0265562448430767,0.12859456651285028
253.14,-0.05451822876875592,0.9079852091800874,0.1662439262903768
253.169,0.07212052684656052,0.9903737432387005,0.1254163738043578
253.18,0.04253888702136112,1.1446383277816825,0.005867432692601534
253.2,-0.030559545273966322,1.0783852336277235,0.0073342908657519175
253.22,-0.055985086941906306,0.9644592488463771,0.11490389023011337
253.24,-0.055985086941906306,1.0583381719280016,0.11074779207285396
253.26,-0.14326314824435413,1.1392598478134646,0.02884821073862421
253.28,-0.2747914311035052,1.0424472083855392,0.006845338141368456
253.3,-0.3503346270207499,0.9397671362650124,0.023469730770406136
253.32,-0.44519145555114137,0.9867065978058246,0.03667145432875959
253.34,-0.6133911927390521,1.0505149283378663,0.018580203526571526
253.36,-0.6715765669406839,0.9864621214436329,0.06185251963450784
253.38,-0.6346606362497326,0.8622681294502338,0.09265654127066589
253.4,-0.5586284876081044,0.761299391865049,0.06625309415395898
253.42,-0.44421355010237445,0.7075145921828683,0.02029153806191364
253.44,-0.35913577605965225,0.7124041194267029,-0.013935152644928643
253.46,-0.3852947468141674,0.704091923112184,-0.05158451242245515
253.48,-0.5080218806344161,0.6762216178223268,-0.07285395593313572
253.5,-0.676955046908902,0.7138709775998533,-0.16331020994407602
253.52,-0.7031140176634172,0.7018916358524585,-0.21758396235064023
253.54,-0.6058124255111084,0.6136356691012438,-0.16208782813311737
253.56,-0.6767105705467102,0.6899122941050637,-0.23151911499556885
253.58,-0.8219295296885982,0.7383186138190263,-0.28652629648870825
253.6,-0.8219295296885982,0.7383186138190263,-0.28652629648870825
253.62,-0.9150750236836476,0.6935794395379397,-0.23616416587721173
253.64,-0.9150750236836476,0.6241481526754882,-0.1527977263698316
253.66,-0.8700913730403691,0.591632796503988,-0.009534578125477493
253.68,-0.8507777404272224,0.6014118509916573,0.1679552608257189
253.7,-0.8258411514836659,0.6151025272743942,0.31219631451883995
253.72,-0.7940592243987409,0.6449286434617852,0.36329187421691167
253.74,-0.714115453962045,0.7278061302447819,0.3496011979341747
253.76,-0.6214589126913791,0.8551783149466736,0.34202243070623106
253.78,-0.5552058185374201,0.9133636891483055,0.355713106988968
253.8,-0.5588729639702961,0.891116340188858,0.2919047764569263
253.82,-0.5574061057971458,0.8581120312929743,0.1919139443205085
253.84,-0.5141337896892094,0.7960150352962748,0.13861809736271125
253.86,-0.47477309537634077,0.7705894936283348,0.12786113742627508
253.88,-0.45374812822785193,0.8165510497203802,0.0887449194755982
253.9,-0.4239220120404608,0.9018733001252941,0.003422669070684228
253.92,-0.3755156923264982,0.9581028634293921,-0.0207804907862971
253.94,-0.3835834122788253,0.9417229471625462,0.03740488341533478
253.96,-0.46181584818017907,0.9862176450814412,0.1254163738043578
253.98,-0.4821073862420927,1.0612718882743024,0.195092137029001
254.0,-0.4679277572349723,1.0756959936436146,0.24887693671118175
254.02,-0.48332976805305133,1.0338905357088286,0.2887265837484338
254.04,-0.5131558842404425,1.0598050301011521,0.26990190385967056
254.06,-0.462793753628946,1.12165754973566,0.2180729150750237
254.08,-0.36891483054732144,1.1255691715307277,0.20047061699721908
254.1,-0.2965498273385692,1.1338813678452464,0.17969012621092198
254.12,-0.23689759496378693,1.12874736423922,0.13397304648106836
254.14,-0.21489472236653118,1.0849860954069004,0.1166152247654555
254.16,-0.2046267151544785,1.009931852214039,0.16404363903065122
254.189,-0.16331020994407602,0.946367998044189,0.21782843871283195
254.2,-0.11123674479723741,0.906518351006937,0.2669681875133698
254.22,-0.0911896830975155,0.8947834856217339,0.28799315466185865
254.24,-0.06527518870519207,0.8945390092595422,0.28603734376432477
254.26,0.009534578125477493,0.8764477584573541,0.2787030528985729
254.28,0.10414693029367723,0.8566451731198239,0.2887265837484338
254.3,0.1183265593007976,0.8791369984414632,0.26819056932432844
254.32,0.023469730770406136,0.9238761727225498,0.2415426458454298
254.34,-0.0623414723588913,0.9331662744858357,0.22125110778351617
254.36,-0.010023530849860953,0.920942456376249,0.17333374079393699
254.38,0.08507777404272224,0.9813281178376065,0.07603214864162822
254.4,0.17113345353421142,0.9754606851450051,0.04816184335177093
254.42,0.15524248999174892,0.865690798520918,0.09338997035724109
254.44,0.02029153806191364,0.7656999663845002,0.10243559575833511
254.46,-0.05940775601259053,0.764966537297925,0.06429728325642514
254.48,-0.026158970754515173,0.887449194755982,-0.025670018030131712
254.5,0.0806771995232711,1.0840081899581333,-0.1239495156312074
254.52,0.28579286740213306,1.079852091800874,-0.10488035938025242
254.54,0.45937108455826176,0.9507685725636402,-0.06136356691012437
254.56,0.4850411025883935,0.8989395837789933,-0.06845338141368457
254.58,0.3755156923264982,0.9294991290529597,-0.09681263942792531
254.6,0.30046144913363687,0.9930629832228096,-0.1239495156312074
254.62,0.29459401644103533,1.065427986431562,-0.12492742107997433
254.64,0.22051767869694097,1.049781499251291,-0.07554319591724475
254.66,0.10194664303395165,0.9766830669559636,0.0041560981572594195
254.68,0.013446199920545182,0.8876936711181738,0.10121321394737647
254.7,-0.11808208293860586,0.8571341258442075,0.1215047520092901
254.72,-0.32735384897472725,0.9392781835406289,0.07260947957094398
254.74,-0.5026434006661981,1.0087094704030803,0.0415609815725942
254.76,-0.5432264767900253,1.0219111939614338,0.021758396235064023
254.78,-0.4957980625248296,1.086941906304434,-0.07774348317697033
254.8,-0.41707667389909236,1.1857103566298932,-0.20682700241420407
254.82,-0.3540017724536259,1.2174922837148183,-0.31121840907007303
254.84,-0.2784585765363811,1.2045350365186567,-0.37209302325581395
254.86,-0.16257678085750082,1.2016013201723559,-0.4070531430492314
254.88,-0.053295846957797266,1.1727531094337316,-0.4253888702136112
254.9,-0.013201723558353452,1.0771628518167649,-0.39996332854567124
254.92,-0.033248785258075356,0.9996638450019864,-0.3261314671637686
254.94,-0.012223818109586528,1.0292454848271857,-0.3087736454481557
254.96,0.07114262139779359,1.0109097576628059,-0.3197750817467836
254.98,0.07114262139779359,1.0109097576628059,-0.3197750817467836
255.0,0.057451945115056684,0.883782049323106,-0.362069492405953
255.02,-0.05867432692601534,0.9314549399504936,-0.4109647648442991
255.04,-0.19778137701311005,1.0507594047000581,-0.4226996302295022
255.06,-0.2718577147572044,0.9974635577422608,-0.4046083794273141
255.08,-0.2821257219692571,0.900161965589952,-0.35375729609143414
255.1,-0.3158634599517159,0.9290101763285762,-0.34177795434403935
255.12,-0.333954710753904,0.9717935397121291,-0.336643950738013
255.14,-0.3676924487363628,0.9593252452403508,-0.3165968890382911
255.16,-0.37771597958622377,0.9052959691959783,-0.2772361947254225
255.18,-0.3955627540262201,0.8918497692754331,-0.25205512941967423
255.209,-0.38822846316046816,0.9057849219203618,-0.2471656021758396
255.22,-0.3659811142010207,0.8825596675121474,-0.24961036579775692
255.24,-0.3918956085933441,0.8458882131833878,-0.233230449530911
255.26,-0.45594841548757753,0.8343978241603764,-0.23371940225529445
255.28,-0.5332029459401644,0.8727806130244782,-0.27210219111939615
255.3,-0.5899214619686459,0.8857378602206399,-0.2941050637166519
255.32,-0.5957888946612474,0.792103413501207,-0.24520979127830578
255.34,-0.579897931118785,0.7632552027625829,-0.17528955169147084
255.36,-0.5332029459401644,0.7965039880206582,-0.15230877364544815
255.38,-0.4637716590777129,0.8170400024447636,-0.15402010818079026
255.4,-0.44665831372429177,0.8001711334535342,-0.11954894111175625
255.42,-0.47672890627387465,0.7583656755187482,-0.06820890505149284
255.44,-0.5222015096415366,0.7493200501176542,-0.06894233413806802
255.46,-0.5476270513094765,0.7850135989976469,-0.11392598478134645
255.48,-0.5417596186168749,0.8072609479570944,-0.14106286098462856
255.5,-0.532713993215781,0.8251077223970907,-0.1461968645906549
255.52,-0.5764752620481007,0.8842710020474895,-0.13641781010298568
255.54,-0.6236591999511047,0.9133636891483055,-0.13641781010298568
255.56,-0.6038566146135745,0.9004064419521437,-0.1334840937566849
255.58,-0.5825871711028939,0.8889160529291324,-0.11368150841915473
255.6,-0.6031231855269994,0.8644684167099593,-0.11808208293860586
255.62,-0.61167985820371,0.8434434495614705,-0.12932799559942548
255.64,-0.5427375240656419,0.8412431623017449,-0.14839715185038047
255.66,-0.46401613543990466,0.8554227913088653,-0.19778137701311005
255.68,-0.4366347828744308,0.8808483329768053,-0.24276502765638847
255.7,-0.3708706414448553,0.8681355621428353,-0.26794609296213673
255.72,-0.2928826819056932,0.849310882254072,-0.28554839103994134
255.74,-0.26599028206460285,0.8622681294502338,-0.3080402163615805
255.76,-0.29630535097637745,0.9114078782507716,-0.3405555725330807
255.78,-0.3173303181248663,0.9214314091006326,-0.34324481251718975
255.8,-0.32662041988815205,0.9104299728020047,-0.32564251443938513
255.82,-0.3796717904837576,0.9334107508480274,-0.28897106011062557
255.84,-0.42636677566237813,0.9287656999663845,-0.2461876967270727
255.86,-0.4148763866393668,0.9243651254469333,-0.1965589952021514
255.88,-0.41658772117470894,0.9593252452403508,-0.15010848638572258
255.9,-0.42881153928429544,0.98181707056199,-0.10708064663997799
255.92,-0.3750267396021147,0.9869510741680163,-0.06918681050025975
255.94,-0.27234666748158787,1.0282675793784188,-0.055985086941906306
255.96,-0.17969012621092198,1.087186382666626,-0.12028237019833145
255.98,-0.12883904287504203,1.1803318766616753,-0.2095162423983131
256.0,-0.06405280689423341,1.2287381963756379,-0.22736301683830945
256.02,0.047428414265195735,1.1866882620786603,-0.20193747517036947
256.04,0.12272713382024875,1.164196436757021,-0.22174006050789963
256.06,0.15597591907832412,1.1989120801882467,-0.23714207132597867
256.08,0.14741924640161355,1.1583290040644194,-0.2036488097057116
256.1,0.12297161018244049,1.048070164715949,-0.15450906090517372
256.12,0.09021177764874859,0.972771445160896,-0.1630657335818843
256.14,0.04498365064327843,0.9471014271307643,-0.2102496714848883
256.16,0.009779054487669223,0.9341441799346025,-0.25376646395501634
256.18,-0.017602298077804602,0.8925831983620084,-0.2772361947254225
256.2,-0.0014668581731503835,0.8295082969165418,-0.27405800201693
256.229,0.04327231610793631,0.805794089783944,-0.30070592549582864
256.24,0.03642697796656786,0.8431989731992787,-0.3581578706108853
256.26,0.005622956330409804,0.8627570821746172,-0.374782263239923
256.28,0.007823243590135379,0.8331754423494179,-0.3645142560278703
256.3,0.05182898878464688,0.8336643950738013,-0.3207529871955505
256.32,0.09265654127066589,0.8617791767258502,-0.29801668551171956
256.34,0.12419399199339913,0.8764477584573541,-0.26647923478898633
256.36,0.14106286098462856,0.8972282492436512,-0.1990037588240687
256.38,0.14106286098462856,0.8972282492436512,-0.1990037588240687
256.4,0.13299514103230142,0.937322372643095,-0.13152828285915105
256.42,0.13495095192983528,0.9478348562173394,-0.0383827888641017
256.44,0.1398404791736699,0.9390337071784371,0.027625828927665557
256.46,0.16184335177092565,0.9392781835406289,0.06845338141368457
256.48,0.2102496714848883,0.9612810561378846,0.04938422516272958
256.5,0.31121840907007303,1.2529413562326193,-0.05549613421752284
256.52,0.43516792470128046,1.514531063777771,-0.06600861779176725
256.54,0.5735415457017999,1.234116676343856,0.03667145432875959
256.56,0.5202456987440027,0.9933074595850013,0.07652110136601167
256.58,0.2743024783791217,1.0038199431592458,0.005867432692601534
256.6,0.01980258533753018,1.016288237631024,-0.015646487180270757
256.62,-0.00855667267671057,0.8197292424288727,0.048406319713962656
256.64,0.10194664303395165,0.6554411270360296,0.060874614185740916
256.66,0.22736301683830945,0.679644286893011,0.0503621306114965
256.68,0.30412859456651287,0.8759588057329707,0.06894233413806802
256.7,0.3505791033829417,1.026311768480885,0.08092167588546283
256.72,0.48797481893469424,1.0522262628732084,0.11759313021422241
256.74,0.5813647892919354,0.9796167833022644,0.1510863918344895
256.76,0.46401613543990466,0.9830394523729487,0.1750450753292791
256.78,0.21782843871283195,1.0155548085444488,0.19435870794242582
256.8,0.12346056290682395,0.9412339944381627,0.3036396418421294
256.82,0.14570791186627144,0.8815817620633805,0.2799254347095315
256.84,0.15695382452709103,0.9182532163921401,0.1911805152339333
256.86,0.07798795953916206,0.9114078782507716,0.11759313021422241
256.88,-0.09705711579011704,0.8172844788069553,0.02151391987287229
256.9,-0.31219631451883995,0.8013935152644929,-0.0655196650673838
256.92,-0.4823518626042844,0.8463771659077712,-0.15842068270024143
256.94,-0.5696299239067323,0.9099410200776212,-0.21880634416159886
256.96,-0.6405280689423342,0.9297436054151514,-0.23591968951502001
256.98,-0.7546985300858723,0.9649482015707606,-0.22760749320050117
257.0,-0.7925923662255906,1.011887663111573,-0.22565168230296734
257.02,-0.7065366867341014,1.1419490877975735,-0.22907435137365156
257.04,-0.5373590440974239,1.2781224215383675,-0.28554839103994134
257.06,-0.4239220120404608,1.3766463955016348,-0.3830944595544418
257.08,-0.34348928887938146,1.3531766647312287,-0.35473520154020105
257.1,-0.3209974635577423,1.3055037741038413,-0.22956330409803502
257.12,-0.4134095284662164,1.0749625645570393,-0.2518106530574825
257.14,-0.36915930690951315,1.8281942364697612,0.010512483574244415
257.16,0.1334840937566849,2.0839165113223115,0.24961036579775692
257.18,0.6503071234300033,0.9087186382666625,0.37453778687773126
257.2,0.5393148549949577,0.6571524615713717,0.5561837239861871
257.22,0.4058307612382728,0.48577453167496865,0.4965314916114048
257.249,0.24569874400268923,0.4813739571555175,0.2366531186015952
257.26,0.011734865385203068,0.5659627784738563,0.05794089783944015
257.28,-0.12639427925312471,0.9717935397121291,-0.06674204687834245
257.3,-0.280414387433915,1.3174831158512361,-0.17895669712434678
257.32,-0.22076215505913271,0.8744919475598203,-0.07627662500381995
257.34,-0.5102221678941418,0.7524982428261467,0.05940775601259053
257.36,-0.9216758854628243,0.8967392965192678,0.13543990465421873
257.38,-0.8079943770436696,0.8732695657488616,0.1982703297374935
257.4,-0.5992115637319316,1.0485591174403324,0.17846774439996332
257.42,-0.776701402683128,1.0803410445252575,0.21611710417748983
257.44,-0.4354124010634722,0.9067628273691287,0.3816276013812914
257.46,2.104208049384225,1.8939583778993367,-0.25718913302570057
257.48,0.5356477095620817,1.4666136967881918,0.16208782813311737
257.5,-1.2360724872413897,-0.28750420193747517,1.3328851266693151
257.52,-0.8546893622222901,0.5146227424135928,0.8309751550896922
257.54,0.009534578125477493,1.0847416190447086,0.2493658894355652
257.56,0.35913577605965225,0.8260856278458576,0.2430095040185802
257.58,0.008801149038902301,0.7004247776793081,-0.01735782171561287
257.6,-0.3075512636371971,1.2526968798704274,-0.22565168230296734
257.62,-0.47306176084099866,1.551691470830914,-0.05965223237478226
257.64,-0.5987226110075482,1.0920759099104604,0.011490389023011338
257.66,-0.7375851847324512,1.182287687559209,-0.19924823518626042
257.68,-0.6781774287198606,1.2424288726583748,-0.4378571646853895
257.7,-1.7599853314182685,0.7962595116584665,-0.9297436054151514
257.72,-1.5086636310851693,0.5806313602053601,-0.28188124560706534
257.74,-0.6485957888946612,0.7683892063686092,0.03349326162026709
257.76,-0.5923662255905632,1.2614980289093298,0.009779054487669223
257.78,-0.5923662255905632,1.2614980289093298,0.009779054487669223
257.8,-0.7480976683066956,1.0673837973290958,0.30070592549582864
257.82,-0.6647312287993155,0.4046083794273141,0.9360999908321364
257.84,-0.15010848638572258,0.7089814503560187,0.7852580753598386
257.86,-0.057207468752864955,1.0436695901964979,0.41927696115881796
257.88,-0.3950738013018366,0.8615347003636585,0.0911896830975155
257.9,-0.7111817376157442,0.7370962320080677,0.020536014424105367
257.92,-0.5097332151697582,0.6965131558842405,0.14155181370901201
257.94,-0.3053509763774715,0.8324420132628426,0.003911621795067689
257.96,-0.2870152492130917,1.0150658558200654,-0.11172569752162087
257.98,-0.41389848119059985,0.910185496439813,-0.04204993429697766
258.0,-0.6221923417779543,0.8400207804907863,0.022736301683830944
258.02,-0.5652293493872811,0.8534669804113315,0.019313632613146715
258.04,-0.41609876845032545,0.8781590929926962,0.006356385416984995
258.06,-0.5647403966628977,0.8053051370595605,0.01711334535342114
258.08,-0.7532316719127219,0.676955046908902,0.03862726522629343
258.1,-0.7038474467499923,0.5246462732634538,0.07847691226354551
258.12,-0.6001894691806986,0.5838095529138526,0.028114781652049017
258.14,-0.4652385172508633,0.8219295296885982,-0.056229563304098035
258.16,-0.3195306053845919,0.9930629832228096,-0.06380833053204168
258.18,-0.31195183815664823,0.9715490633499373,-0.03569354887999267
258.2,-0.368425877822938,0.7789016899428536,0.10561378846682762
258.22,-0.44641383736210005,0.7221831739143721,0.1767564098646212
258.24,-0.5077774042722244,1.0605384591877272,0.10488035938025242
258.269,-0.2941050637166519,1.353910093817804,-0.0009779054487669223
258.28,-0.04425022155670324,1.1407267059866149,0.08141062860984628
258.3,-0.06429728325642514,0.9933074595850013,0.10390245393148549
258.32,-0.1975369006509183,0.9072517800935122,0.04620603245423708
258.34,-0.3214864162821257,0.8011490389023012,0.062096995996699565
258.36,-0.4224551538673105,0.8744919475598203,0.039849647037252085
258.38,-0.40020780490786295,1.0309568193625278,-0.07847691226354551
258.4,-0.36915930690951315,1.1047886807444305,-0.12786113742627508
258.42,-0.6067903309598753,1.1331479387586711,-0.08898939583778993
258.44,-0.9556580998074748,1.0940317208079944,0.03667145432875959
258.46,-1.241450967209608,1.0512483574244416,0.05574061057971457
258.48,-1.2299605781865965,1.1463496623170246,-0.03471564343122574
258.5,-0.9116523546129633,1.1654188185679797,-0.06307490144546649
258.52,-0.7028695413012255,1.0764294227301898,-0.08532225040491398
258.54,-0.6297711090058979,0.9407450417137793,-0.10243559575833511
258.56,-0.6468844543593191,0.8255966751214742,-0.14008495553586162
258.58,-0.6405280689423342,0.776701402683128,-0.176022980778046
258.6,-0.5627845857653638,0.7554319591724475,-0.20169299880817773
258.62,-0.5043547352015402,0.8221740060507899,-0.23763102405036213
258.64,-0.4180545793478593,0.8705803257647526,-0.26501237661583593
258.66,-0.26134523118296,0.9172753109433731,-0.28579286740213306
258.68,-0.10830302845093664,0.9969746050178773,-0.3293096598722611
258.7,-0.0022002872597255752,1.0182440485285578,-0.3650032087522538
258.72,-0.08581120312929744,0.9659261070195275,-0.3806496959325245
258.74,-0.24325398038077192,0.8813372857011887,-0.38749503407389296
258.76,-0.2743024783791217,0.8114170461143538,-0.3755156923264982
258.78,-0.3285762307856859,0.7634996791247746,-0.3791828377593741
258.8,-0.41438743391498334,0.7679002536442258,-0.47623995354949117
258.82,-0.46083794273141215,0.8796259511658466,-0.6119243345659017
258.84,-0.5561837239861871,0.6928460104513645,-0.6461510252727439
258.86,-0.8233963878617486,0.5278244659719463,-0.6187696727072701
258.88,-1.06518351006937,0.47208385539223174,-0.5099776915319499
258.9,-1.1077223970907313,0.41658772117470894,-0.26794609296213673
258.92,-1.0368242520551294,0.3491122452097913,-0.08727806130244782
258.94,-0.8872047183937903,0.3610915869571861,-0.20609357332762887
258.96,-0.6422394034776763,0.5288023714207133,-0.3383552852733551
258.98,-0.5938330837637136,0.6789108578064358,-0.4366347828744308
259.0,-0.6710876142163005,0.6312379671790483,-0.44079088103169023
259.02,-0.6872230541209546,0.42881153928429544,-0.3217308926443174
259.04,-0.638816734406992,0.44494697918894965,-0.2493658894355652
259.06,-0.506310546099074,0.6131467163768602,-0.34568957613910706
259.08,-0.3503346270207499,0.7097148794425939,-0.4982428261467469
259.1,-0.23567521315282827,0.7647220609357332,-0.5750084038749503
259.12,-0.2923937291813098,0.8043272316107937,-0.5576505821593375
259.14,-0.49995416068208903,0.7859915044464139,-0.5214680805549613
259.16,-0.6045900437001497,0.7679002536442258,-0.4520367936925098
259.18,-0.6045900437001497,0.7679002536442258,-0.4520367936925098
259.2,-0.5835650765516609,0.7754790208721694,-0.35669101243773493
259.22,-0.5625401094031721,0.8231519114995569,-0.28725972557528345
259.24,-0.5500718149313938,0.8730250893866699,-0.2461876967270727
259.26,-0.5222015096415366,0.9043180637472115,-0.24349845674296366
259.29,-0.5092442624453748,0.9341441799346025,-0.26599028206460285
259.31,-0.5028878770283898,1.0192219539773248,-0.2911713473703511
259.33,-0.5060660697368823,1.0382911102282797,-0.30412859456651287
259.35,-0.4635271827155212,1.0331571066222534,-0.2936161109922684
259.37,-0.40216361580539683,1.0431806374721144,-0.276747242001039
259.39,-0.3630473978547199,1.0373132047795128,-0.267701616599945
259.41,-0.38578369953855085,1.0297344375515691,-0.2618341839073435
259.43,-0.4131650521040247,1.0397579684014302,-0.23787550041255387
259.45,-0.36964825963389664,1.0287565321028023,-0.1968034715643431
259.47,-0.3549796779023928,1.0590716010145769,-0.18017907893530544
259.49,-0.35522415426458454,1.0749625645570393,-0.13446199920545182
259.51,-0.26574580570241113,0.8830486202365309,-0.14228524279558719
259.53,-0.4938422516272958,1.1148122115942916,-0.2923937291813098
259.55,-0.4498365064327843,1.079852091800874,-0.24594322036488098
259.57,-0.14913058093695566,0.8365981114201021,-0.12101579928490663
259.59,-0.08923387219998166,0.9427008526113131,-0.16819973718791065
259.61,-0.0655196650673838,1.0045533722458209,-0.20487119151667021
259.63,-0.030559545273966322,0.985484215994866,-0.20193747517036947
259.65,-0.06943128686245148,1.0021086086239037,-0.20242642789475293
259.67,-0.08898939583778993,0.984506310546099,-0.1677107844635272
259.69,-0.07480976683066956,0.9625034379488433,-0.1373957155517526
259.71,-0.14106286098462856,1.0023530849860953,-0.1471747700394218
259.73,-0.22076215505913271,1.0060202304189714,-0.12174922837148183
259.75,-0.24887693671118175,0.9346331326589861,-0.07578767227943647
259.77,-0.2694129511352871,0.925587507257892,-0.05891880328820707
259.79,-0.29703878006295265,0.9568804816184335,-0.047183937903004
259.81,-0.292149252819118,0.9686153470036366,-0.019069156250954986
259.83,-0.25058827124652383,0.9837728814595239,0.014179629007120373
259.85,-0.19949271154845216,0.9815725941997983,0.03251535617150017
259.87,-0.19949271154845216,0.9815725941997983,0.03251535617150017
259.89,-0.18751336980105734,0.989151361427742,0.02200287259725575
259.91,-0.20780490786297098,1.0057757540567795,0.013935152644928643
259.93,-0.20120404608379427,0.98181707056199,0.029092687100815938
259.95,-0.17015554808544447,0.9671484888304862,0.041072028848210734
259.97,-0.15133086819668123,0.9678819179170614,0.010756959936436146
259.99,-0.15793172997585794,0.9842618341839073,-0.011979341747394798
260.01,-0.15377563181859855,0.9576139107050087,-0.0075787672279436485
260.03,-0.1464413409528466,0.9478348562173394,-0.013201723558353452
260.05,-0.14179629007120373,0.9390337071784371,-0.0415609815725942
260.07,-0.1525532500076399,0.9334107508480274,-0.06503071234300034
260.09,-0.15964306451120008,0.9302325581395349,-0.0774990068147786
260.11,-0.12835009015065857,0.9387892308162454,-0.09534578125477493
260.13,-0.10512483574244415,0.9368334199187116,-0.10805855208874492
260.15,-0.10536931210463588,0.9390337071784371,-0.12101579928490663
260.17,-0.12272713382024875,0.9642147724841854,-0.12199370473367356
260.19,-0.12590532652874126,0.9654371542951441,-0.11392598478134645
260.21,-0.1166152247654555,0.9519909543745989,-0.1014576903095682
260.23,-0.1310393301347676,0.95639152889405,-0.09656816306573358
260.25,-0.14986401002353084,0.979127830577881,-0.09534578125477493
260.27,-0.15866515906243314,0.9869510741680163,-0.0838553922317636
260.299,-0.17382269351832044,0.984506310546099,-0.07040919231121841
260.31,-0.1831127952816062,0.988173455978975,-0.04938422516272958
260.33,-0.18457965345475658,0.9933074595850013,-0.052562417871222074
260.35,-0.20267090425694465,1.0131100449225314,-0.08532225040491398
260.37,-0.23567521315282827,1.0231335757723925,-0.10683617027778626
260.39,-0.264034471167069,1.0128655685603398,-0.12028237019833145
260.41,-0.2777251474498059,0.9898847905143171,-0.12932799559942548
260.43,-0.29777220914952784,0.9886624087033584,-0.14741924640161355
260.45,-0.31341869632979863,0.9977080341044525,-0.17528955169147084
260.47,-0.3261314671637686,0.9996638450019864,-0.20927176603612138
260.49,-0.36158053968156956,1.014576903095682,-0.23225254408214405
260.51,-0.4293004920086789,1.1280139351526448,-0.19069156250954986
260.53,-0.31928612902240017,1.1673746294655136,-0.027136876203282093
260.55,-0.15133086819668123,0.9642147724841854,0.0831219631451884
260.57,-0.02029153806191364,0.8373315405066772,-0.07480976683066956
260.59,-0.057207468752864955,0.8434434495614705,-0.3503346270207499
260.61,-0.26647923478898633,0.9688598233658283,-0.4838187207774348
260.63,-0.393851419490878,1.1417046114353817,-0.4053418085138893
260.65,-0.2278519695626929,1.1639519603948294,-0.3063288818262384
260.67,0.08092167588546283,1.1126119243345658,-0.24007578767227944
260.69,0.25572227485255017,1.0527152155975918,-0.1919139443205085
260.71,0.1662439262903768,1.0175106194419827,-0.25718913302570057
260.73,-0.10365797756929376,1.0800965681630657,-0.39849647037252084
260.75,-0.30070592549582864,1.0231335757723925,-0.4376126883231977
260.77,-0.333954710753904,0.8532225040491397,-0.3767380741374568
260.79,-0.37111511780704703,0.8634905112611924,-0.37600464505088166
260.81,-0.44812517189744216,0.9666595361061027,-0.41536533936375025
260.83,-0.44592488463771657,0.932921798123644,-0.41047581211991563
260.85,-0.37111511780704703,0.8392873514042111,-0.4046083794273141
260.87,-0.5011765424930477,0.869357943953794,-0.4698835681325062
260.89,-0.5767197384102924,0.9449011398710387,-0.43370106652813006
260.91,-0.5490939094826269,0.9867065978058246,-0.37453778687773126
260.93,-0.5879656510711121,1.1101671607126486,-0.2892155364728173
260.95,-0.6089906182196009,1.129725269687987,-0.16893316627448582
260.97,-0.5659627784738563,1.0554044555817008,-0.1461968645906549
260.99,-0.5490939094826269,1.06518351006937,-0.3073067872750053
261.01,-0.6371053998716499,0.9177642636677567,-0.4107202884821074
261.03,-0.7938147480365492,0.6089906182196009,-0.3799162668459493
261.05,-0.9732603978852794,0.3916511322311524,-0.44421355010237445
261.07,-1.1580845277022278,0.264034471167069,-0.6400391162179506
261.09,-1.1771536839531827,0.25621122757693365,-0.8255966751214742
261.11,-1.0615163646364942,0.28725972557528345,-0.8752253766463954
261.13,-0.957369434342817,0.2503437948843321,-0.8116615224765455
261.15,-0.9079852091800874,0.17944564984873024,-0.6850227668612291
261.17,-0.8994285365033768,0.18580203526571523,-0.5490939094826269
261.19,-0.8933166274485835,0.24398740946734712,-0.4493475537084008
261.21,-0.799437704366959,0.2916603000947346,-0.40069675763224644
261.23,-0.6473734070837026,0.3527793906426672,-0.3664700669254041
261.25,-0.6256150108486386,0.4669498517862054,-0.3029062127555542
261.27,-0.6256150108486386,0.4669498517862054,-0.3029062127555542
261.29,-0.7598325336918986,0.48553005531277693,-0.16844421355010236
261.319,-0.821196100602023,0.4053418085138893,-0.0026892399841090364
261.33,-0.7439415701494362,0.30412859456651287,0.12199370473367356
261.35,-0.8023714207132597,0.22320691868105003,0.11099226843504569
261.37,-1.057115790117043,0.22125110778351617,0.014424105369312105
261.39,-1.0842526663203251,0.2909268710081594,-0.0774990068147786
261.41,-0.8507777404272224,0.33786633254897164,-0.10805855208874492
261.43,-0.8671576566940684,0.3779604559484155,-0.0975460685145005
261.45,-1.0250893866699264,0.32490908535280993,-0.07383186138190263
261.47,-1.0881642881153928,0.31121840907007303,-0.0503621306114965
261.49,-1.0392690156770468,0.2933716346300767,-0.033248785258075356
261.51,-0.9798612596644561,0.2620786602695352,-0.01637991626684595
261.53,-0.993551935947193,0.22271796595666657,-0.010756959936436146
261.55,-1.0756959936436146,0.17895669712434678,-0.0440057451945115
261.57,-1.155150811355927,0.24032026403447115,-0.19924823518626042
261.59,-1.256852978027687,0.5872322219845368,-0.38407236500320874
261.61,-1.0294899611893775,0.6393056871313755,-0.33933319072212204
261.63,-0.8314641078140758,0.37209302325581395,-0.15670934816489931
261.65,-0.9197200745652905,0.32979861259664456,-0.19166946795831677
261.67,-1.0307123430003362,0.4068086666870397,-0.34031109617088895
261.69,-1.0578492192036182,0.29532744552761053,-0.355713106988968
261.71,-0.9331662744858357,0.1254163738043578,-0.34300033615499803
261.73,-0.8165510497203802,0.11025883934847049,-0.43076735018182927
261.75,-0.7784127372184702,0.18580203526571523,-0.523668367814687
261.77,-0.7444305228738196,0.22296244231885828,-0.5818537420163188
261.79,-0.7273171775203985,0.18433517709256486,-0.5984781346453565
261.81,-0.7446749992360113,0.14741924640161355,-0.5730525929774165
261.83,-0.7683892063686092,0.1320172355835345,-0.5050881642881154
261.85,-0.8363536350579103,0.12126027564709838,-0.4124316230174495
261.87,-0.8766922348195458,0.11343703205696298,-0.30901812181034743
261.89,-0.8678910857806436,0.08507777404272224,-0.23396387861748616
261.91,-0.8872047183937903,0.07236500320875225,-0.20584909696543716
261.93,-1.0133545212847233,0.08043272316107936,-0.22100663142132446
261.95,-1.1138343061455245,0.07163157412217706,-0.21220548238242215
261.97,-1.0365797756929376,0.039849647037252085,-0.1549980136295572
261.99,-0.8872047183937903,0.09485682853039147,-0.13250618830791797
262.01,-0.9160529291324145,0.22296244231885828,-0.18360174800598966
262.03,-1.0783852336277235,0.2655013293402194,-0.2412981694832381
262.05,-1.0255783393943099,0.21000519512269658,-0.23396387861748616
262.07,-0.8539559331357149,0.18824679888763254,-0.25156617669529074
262.09,-0.9204535036518656,0.26599028206460285,-0.30266173639336247
262.11,-1.0622497937230693,0.24643217308926443,-0.29801668551171956
262.13,-1.1131008770589494,0.14326314824435413,-0.21538367509091463
262.15,-1.1055221098310057,0.009779054487669223,-0.14081838462243682
262.17,-1.1972007456529046,-0.05940775601259053,-0.15890963542462488
262.19,-1.3918039299575222,-0.008801149038902301,-0.40020780490786295
262.21,-1.5890963542462488,0.14570791186627144,-0.5586284876081044
262.23,-1.539956605445711,0.014424105369312105,-0.4429911682914158
262.25,-1.3612443846835558,-0.22345139504324174,-0.23616416587721173
262.27,-1.1803318766616753,-0.16282125721969257,-0.15842068270024143
262.29,-0.9378113253674785,-0.06454175961861687,-0.11099226843504569
262.31,-0.8813372857011887,0.02542554166793998,-0.02029153806191364
262.339,-1.1639519603948294,0.2254072059407756,0.09876845032545915
262.35,-1.3257953121657549,0.14106286098462856,0.1968034715643431
262.37,-1.0864529535800507,0.0031781927084924976,0.24814350762460655
262.39,-0.9341441799346025,0.12590532652874126,0.188735751612016
262.41,-1.0725178009351222,0.17846774439996332,0.08483329768053051
262.43,-1.0813189499740243,0.05451822876875592,0.05549613421752284
262.45,-0.9715490633499373,0.01711334535342114,0.04253888702136112
262.47,-0.8642239403477676,0.049628701524921305,0.03471564343122574
262.49,-0.8221740060507899,-0.02493658894355652,0.10219111939614338
262.51,-0.8632460348990006,-0.12419399199339913,0.14204076643339547
262.53,-0.8969837728814595,-0.1750450753292791,0.14521895914188795
262.55,-0.9820615469241818,-0.16991107172325276,0.1095254102618953
262.57,-0.9928185068606179,-0.14888610457476392,0.06600861779176725
262.59,-0.8766922348195458,-0.15793172997585794,0.036182501604376124
262.61,-0.8478440240809216,-0.17113345353421142,0.041072028848210734
262.63,-0.874736423922012,-0.15939858814900834,0.06307490144546649
262.65,-0.874736423922012,-0.15939858814900834,0.06307490144546649
262.67,-0.8251077223970907,-0.1317727592213428,0.09045625401094032
262.69,-0.72047183937903,-0.07921034135012071,0.09461235216819973
262.71,-0.7363628029214925,0.060141185099165724,0.11392598478134645
262.73,-0.9612810561378846,0.16819973718791065,0.14961953366133912
262.75,-1.1901109311493445,0.14839715185038047,0.21147205329584695
262.77,-1.2206704764233107,0.1359288573786022,0.22662958775173425
262.79,-1.0021086086239037,0.34495614705253186,0.12370503926901567
262.81,-0.7796351190294288,0.6459065489105522,0.07260947957094398
262.83,-0.6803777159795862,0.8180179078935306,0.09045625401094032
262.85,-0.6764660941845185,0.8977172019680347,0.05476270513094765
262.87,-0.6598417015554808,0.9510130489258319,-0.014424105369312105
262.89,-0.6649757051615072,0.9551691470830914,-0.010023530849860953
262.91,-0.7806130244781957,0.8842710020474895,0.0046450508816428815
262.93,-0.623414723588913,0.7493200501176542,-0.03300430889588363
262.95,-0.29972802004706167,0.730495370228891,-0.10194664303395165
262.97,-0.30095040185802036,0.8676466094184518,-0.16184335177092565
262.99,-0.4825963389664762,0.7928368425877823,-0.19949271154845216
263.01,-0.5527610549155029,0.6209699599669957,-0.1679552608257189
263.03,-0.47183937903004003,0.6444396907374018,-0.057207468752864955
263.05,-0.35669101243773493,0.7104483085291691,0.011734865385203068
263.07,-0.2608562784585765,0.8221740060507899,-0.003422669070684228
263.09,-0.09338997035724109,0.8392873514042111,0.0951013048925832
263.11,0.10219111939614338,0.9378113253674785,0.2390978822235125
263.13,0.21391681691776426,1.2216483818720778,0.3657366378388289
263.15,0.37258197598019743,1.4829936130550376,0.4405464046694985
263.17,0.4635271827155212,1.6499709684319896,0.5200012223818109
263.19,0.3664700669254041,1.7612077132292272,0.6419949271154846
263.21,0.17871222076215507,1.7766097240473062,0.7583656755187482
263.23,-0.009045625401094031,1.6455703939125386,0.761299391865049
263.25,-0.13397304648106836,1.540690034532286,0.6696207560431501
263.27,-0.2021819515325612,1.4543898786786051,0.4799070989823671
263.29,-0.17969012621092198,1.2962136723405555,0.2791920056229563
263.31,-0.06723099960272591,1.1771536839531827,0.12321608654463222
263.33,0.025670018030131712,1.056137884668276,-0.03740488341533478
263.359,0.011490389023011338,0.9661705833817192,-0.1608654463221587
263.37,-0.10708064663997799,0.9598141979647342,-0.2278519695626929
263.39,-0.23567521315282827,0.9986859395532194,-0.3388442379977386
263.41,-0.28408153286679094,1.0160437612688322,-0.47477309537634077
263.43,-0.26672371115117804,1.0842526663203251,-0.6038566146135745
263.45,-0.26672371115117804,1.1096782079882652,-0.617058338171928
263.47,-0.29850563823610304,1.0065091831433548,-0.3518014851939003
263.49,-0.23714207132597867,0.9867065978058246,-0.07334290865751918
263.51,-0.07163157412217706,0.9661705833817192,0.06405280689423341
263.53,-0.04913974880053785,0.9348776090211778,0.21758396235064023
263.55,-0.13690676282736913,0.938300278091862,0.39947437582128775
263.57,-0.12761666106408337,0.9346331326589861,0.481862909879901
263.59,0.015646487180270757,0.9089631146288543,0.4571707972985362
263.61,0.12614980289093297,0.9043180637472115,0.4571707972985362
263.63,0.08214405769642147,0.916541881856798,0.5703633529933074
263.65,0.02884821073862421,0.8950279619839256,0.6446841670995935
263.67,0.17822326803777158,0.9402560889893958,0.5569171530727622
263.69,0.35546863062677625,1.0307123430003362,0.42832258655991196
263.71,0.28823763102405037,1.013598997646915,0.3229532744552761
263.73,0.03642697796656786,0.9534578125477493,0.2635455184426856
263.75,-0.08189958133422974,0.9532133361855576,0.22002872597255752
263.77,-0.06625309415395898,0.938300278091862,0.1958255661155762
263.79,-0.0647862359808086,0.8603123185527,0.22394034776762523
263.81,-0.1391070500870947,0.8119059988387373,0.27454695474131346
263.83,-0.21636158053968157,0.8527335513247563,0.3099960272591144
263.85,-0.23445283134186962,0.8925831983620084,0.21440576964214772
263.87,-0.292149252819118,0.9346331326589861,0.11343703205696298
263.89,-0.4072976194114232,0.9725269687987043,0.08654463221587262
263.91,-0.41927696115881796,0.96910429972802,0.02126944351068056
263.93,-0.31855269993582497,1.026311768480885,-0.07798795953916206
263.95,-0.39996332854567124,1.153439476820585,-0.14252971915777893
263.97,-0.5630290621275555,1.0637166518962198,-0.1014576903095682
263.99,-0.5495828622070104,0.921920361825016,0.07040919231121841
264.01,-0.466460899061822,0.916541881856798,0.14424105369312104
264.03,-0.4217217247807353,1.0204443357882835,0.15964306451120008
264.05,-0.4217217247807353,1.0204443357882835,0.15964306451120008
264.07,-0.4180545793478593,1.0522262628732084,0.32759832533691896
264.09,-0.40143018671882164,0.9793723069400727,0.48773034257250253
264.11,-0.3535128197292424,0.9490572380282981,0.5564282003483788
264.13,-0.2813922928826819,1.0030865140726706,0.6109464291171347
264.15,-0.28457048559117437,1.0277786266540354,0.6314824435412401
264.17,-0.4058307612382728,1.0133545212847233,0.6466399779971274
264.19,-0.5336918986645479,0.98181707056199,0.6676649451456163
264.21,-0.5906548910552211,0.9302325581395349,0.638816734406992
264.23,-0.6493292179812364,0.8955169147083091,0.5515386731045442
264.25,-0.7463863337713534,0.8769367111817375,0.48406319713962653
264.27,-0.8730250893866699,0.8317085841762675,0.4354124010634722
264.29,-0.8869602420315985,0.739540995629985,0.41536533936375025
264.31,-0.8346423005225682,0.676955046908902,0.3452006234147236
264.33,-0.8696024203159857,0.6774439996332854,0.3672034960119793
264.35,-0.9143415945970724,0.6080127127708339,0.40338599761635546
264.379,-0.8060385661461358,0.5341808513889313,0.45619289184976924
264.4,-0.7004247776793081,0.5209791278305779,0.40411942670293066
264.42,-0.7067811630962931,0.49995416068208903,0.48895272438346116
264.44,-0.6767105705467102,0.46401613543990466,0.6173028145341197
264.46,-0.6776884759954772,0.43125630290621275,0.6410170216667176
264.48,-0.7226721266387556,0.39702961219937044,0.6026342328026159
264.5,-0.755920911896831,0.3936069431286862,0.664242276074932
264.52,-0.8104391406655869,0.3936069431286862,0.697735537695199
264.54,-0.7977263698316169,0.41658772117470894,0.6199920545182288
264.56,-0.7158267884973871,0.4285670629221037,0.5972557528343978
264.58,-0.7109372612535525,0.4063197139626562,0.6461510252727439
264.6,-0.8669131803318767,0.3388442379977386,0.6241481526754882
264.62,-1.0187330012529414,0.3359105216514378,0.5517831494667359
264.64,-0.9720380160743208,0.36255844513033647,0.4933532989029123
264.66,-0.7847691226354552,0.3923845613177276,0.506310546099074
264.68,-0.7180270757571127,0.3588912996974605,0.5923662255905632
264.7,-0.7906365553280567,0.2415426458454298,0.6217033890535709
264.72,-0.8441768786480457,0.19949271154845216,0.616080432723161
264.74,-0.8441768786480457,0.19949271154845216,0.616080432723161
264.76,-0.8637349876233842,0.18971365706078294,0.5603398221434465
264.78,-0.8409986859395532,0.20976071876050484,0.5175564587598936
264.8,-0.7581211991565565,0.19558108975338445,0.5209791278305779
264.82,-0.717782599394921,0.14693029367723007,0.48577453167496865
264.84,-0.6943128686245148,0.12297161018244049,0.4671943281483971
264.86,-0.7004247776793081,0.0767655777282034,0.494575680713871
264.88,-0.7097148794425939,0.038871741588485165,0.49726492069798
264.9,-0.6639977997127403,0.018824679888763254,0.46963909177031443
264.92,-0.6131467163768602,0.031292974360541514,0.4674388045105889
264.94,-0.5292913241450967,0.009290101763285763,0.45741527366072793
264.96,-0.4850411025883935,0.009534578125477493,0.45668184457415273
264.98,-0.5077774042722244,-0.02126944351068056,0.47575100082510774
265.0,-0.5075329279100327,-0.06307490144546649,0.4772178589982581
265.02,-0.4645050881642881,-0.07016471594902668,0.48895272438346116
265.04,-0.45741527366072793,-0.10194664303395165,0.513644836964826
265.06,-0.4679277572349723,-0.11099226843504569,0.47917366989579196
265.08,-0.44592488463771657,-0.09363444671943282,0.4405464046694985
265.1,-0.38798398679827645,-0.10781407572655319,0.43150077926840447
265.12,-0.46108241909360387,-0.0982794976010757,0.4525257464168933
265.14,-0.6023897564404241,-0.09656816306573358,0.45521498640100233
265.16,-0.5014210188552394,-0.10659169391559453,0.3933624667664945
265.18,-0.2813922928826819,-0.08018824679888763,0.32515356171500165
265.2,-0.4229441065916939,0.01686886899122941,0.35595758335115973
265.22,-0.8341533477981847,0.03764935977752651,0.47110594994346483
265.24,-0.9294991290529597,-0.1376401919139443,0.2772361947254225
265.26,-0.5058215933746906,-0.17773431531338812,0.013446199920545182
265.28,-0.48895272438346116,0.033248785258075356,0.020047061699721907
265.3,-1.1465941386792164,0.13299514103230142,0.3205085108333588
265.32,-1.8506860617914005,-0.14521895914188795,0.5891880328820707
265.34,-1.6555939247623994,0.1743116462427039,0.3642697796656786
265.36,-0.9114078782507716,0.35473520154020105,0.3791828377593741
265.389,-0.4275891574733368,0.6124132872902851,0.8903829111022827
265.4,-0.47917366989579196,1.001864132261712,1.4688139840479173
265.42,-0.7490755737554625,1.1994010329126303,1.5306665036824252
265.44,-0.8062830425083275,1.1123674479723742,1.426519573388748
265.46,-0.7224276502765639,0.966415059743911,1.3717568682578003
265.48,-0.7784127372184702,1.0500259756134829,1.0815634263362162
265.5,-1.0404913974880055,1.0840081899581333,0.7089814503560187
265.52,-1.2754331815542586,0.9813281178376065,0.5134003606026343
265.54,-1.2592977416496043,0.7859915044464139,0.5053326406503071
265.56,-1.0754515172814227,0.6471289307215109,0.4828408153286679
265.58,-1.0175106194419827,0.6060569018733001,0.3757601686886899
265.6,-1.0285120557406107,0.5605842985056382,0.3200195581089753
265.62,-0.9204535036518656,0.4405464046694985,0.3070623109128136
265.64,-0.7989487516425755,0.3899397976958103,0.28334810378021574
265.66,-0.7576322464321731,0.35864682333526876,0.2662347584267946
265.68,-0.8004156098157259,0.3645142560278703,0.23811997677474558
265.7,-0.8387983986798276,0.3967851358371787,0.22394034776762523
265.72,-0.715093359410812,0.34080004889527243,0.21244995874461386
265.74,-0.5872322219845368,0.31439660177856554,0.15059743911010604
265.76,-0.767655777282034,0.3349326162026709,0.09901292668765088
265.78,-0.8740029948354369,0.3324878525807536,0.11637074840326375
265.8,-0.7542095773614889,0.33150994713198667,0.10781407572655319
265.82,-0.5999449928185069,0.3527793906426672,0.0073342908657519175
265.84,-0.6292821562815145,0.3962961831127953,-0.12028237019833145
265.86,-0.714115453962045,0.4293004920086789,-0.2046267151544785
265.88,-0.7466308101335452,0.4131650521040247,-0.2408092167588546
265.9,-0.7652110136601167,0.35669101243773493,-0.22369587140543348
265.92,-0.6943128686245148,0.3532683433670507,-0.22516272957858385
265.94,-0.6989579195061577,0.45986003728264524,-0.1965589952021514
265.96,-1.0113987103871893,0.647862359808086,0.013201723558353452
265.98,-1.3751795373284845,0.5926107019527549,0.4405464046694985
266.0,-0.9211869327384409,0.4082755248601901,0.7212052684656052
266.02,-0.03813831250190997,0.6454175961861688,0.7314732756776579
266.04,0.02542554166793998,0.9617700088622682,0.7390520429056016
266.06,-0.8744919475598203,0.7947926534853161,0.9380558017296703
266.08,-1.7372490297344376,0.5975002291965895,0.9947743177581517
266.1,-1.4710142713076428,0.688689912294105,0.5979891819209731
266.12,-0.578920025670018,0.47208385539223174,0.23591968951502001
266.14,-0.578920025670018,0.47208385539223174,0.23591968951502001
266.16,-0.5818537420163188,0.39849647037252084,-0.04449469791889497
266.18,-1.6098768450325458,0.4955535861626379,-0.23371940225529445
266.2,-1.7125569171530728,0.578920025670018,-0.4094979066711487
266.22,-1.1118784952479908,0.7891696971549064,-0.5811203129297436
266.24,-0.7366072792836842,0.9287656999663845,-0.40485285578950586
266.26,-0.5818537420163188,0.9294991290529597,-0.1750450753292791
266.28,-0.4806405280689423,0.9216758854628243,-0.030559545273966322
266.3,-0.4368792592366226,0.9923295541362345,-0.0014668581731503835
266.32,-0.46890566268373923,1.058827124652385,-0.0440057451945115
266.34,-0.3542462488158176,1.0016196558995203,-0.03178192708492498
266.36,-0.06160804327231611,0.9260764599822754,-0.03716040705314305
266.38,0.20022614063502733,1.003575466797054,-0.11685970112764722
266.409,0.28114781652049015,1.106988968004156,-0.2324970204443358
266.42,0.16453259175503468,1.1715307276227729,-0.2769917183632308
266.44,0.035204596155609204,1.1837545457323595,-0.23078568590899368
266.46,-0.03789383613971824,1.2463404944534424,-0.1381291446383278
266.48,-0.15133086819668123,1.3145493995049353,-0.09485682853039147
266.5,-0.28090334015829843,1.3301958866852062,-0.10585826482901935
266.52,-0.5329584695779727,1.2020902728967393,-0.008067719952327109
266.54,-0.8400207804907863,1.0297344375515691,0.1158817956788803
266.56,-1.0813189499740243,1.044403019283073,0.0975460685145005
266.58,-1.2309384836353634,1.0231335757723925,0.11759313021422241
266.6,-0.9238761727225498,0.8380649695932524,0.1615988754087339
266.62,-0.4923753934541454,0.883782049323106,0.10659169391559453
266.64,-0.26819056932432844,1.0221556703236256,0.04425022155670324
266.66,-0.25547779849035845,1.106988968004156,0.023714207132597868
266.68,-0.22271796595666657,0.993551935947193,0.11343703205696298
266.7,-0.12297161018244049,0.9062738746447453,0.17211135898297833
266.72,-0.13446199920545182,0.9111634018885799,0.17113345353421142
266.74,-0.22662958775173425,0.8441768786480457,0.20047061699721908
266.76,-0.3080402163615805,0.897472725605843,0.20095956972160253
266.78,-0.3606026342328026,1.0424472083855392,0.14228524279558719
266.8,-0.3060844054640467,1.0930538153592275,0.13421752284326008
266.82,-0.15206429728325643,1.0395134920392384,0.18604651162790697
266.84,-0.12614980289093297,1.0598050301011521,0.17015554808544447
266.86,-0.23371940225529445,1.1140787825077163,0.10879198117532012
266.88,-0.3229532744552761,1.1172569752162087,0.058185374201631876
266.9,-0.2718577147572044,1.0436695901964979,0.07212052684656052
266.92,-0.2246737768542004,0.9471014271307643,0.12223818109586529
266.94,-0.22394034776762523,0.9422118998869297,0.10683617027778626
266.96,-0.2620786602695352,1.042691684747731,0.006356385416984995
266.98,-0.20438223879228676,1.0143324267334901,0.010268007212052684
267.0,-0.09803502123888397,0.8962503437948843,0.07529871955505302
267.02,-0.052317941509030345,0.8796259511658466,0.10390245393148549
267.04,-0.01589096354246249,0.9554136234452831,0.07603214864162822
267.06,-0.01246829447177826,1.0246004339455428,0.041805457934785926
267.08,-0.058185374201631876,0.9471014271307643,0.09045625401094032
267.1,-0.14228524279558719,0.8625126058124255,0.1127036029703878
267.12,-0.22027320233474926,0.891116340188858,0.06649757051615071
267.14,-0.27136876203282095,0.9314549399504936,0.022980778046022676
267.16,-0.33371023439171227,0.9351220853833695,0.0207804907862971
267.18,-0.3515570088317086,0.8982061546924182,0.05207346514683862
267.2,-0.40387495034073895,0.8441768786480457,0.09021177764874859
267.22,-0.40314152125416375,0.7568988173455978,0.14424105369312104
267.24,-0.24961036579775692,0.7681447300064175,0.19558108975338445
267.26,-0.15035296274791432,0.893805580172967,0.1975369006509183
267.28,-0.13543990465421873,1.0282675793784188,0.19069156250954986
267.3,-0.14741924640161355,1.0338905357088286,0.21929529688598234
267.32,-0.13519542829202702,0.9607921034135012,0.29532744552761053
267.34,-0.17382269351832044,1.0918314335482688,0.34300033615499803
267.36,-0.18531308254133178,1.2280047672890626,0.2892155364728173
267.38,-0.23934235858570424,1.1536839531827767,0.28310362741802403
267.4,-0.1718668826207866,0.8390428750420194,0.3498456742963665
267.429,-0.12663875561531643,0.7158267884973871,0.33371023439171227
267.44,-0.19166946795831677,0.8661797512453014,0.1877578461632491
267.46,-0.1902026097851664,1.0431806374721144,0.04449469791889497
267.48,-0.01589096354246249,0.9977080341044525,0.1376401919139443
267.5,0.10512483574244415,0.8654463221587263,0.21440576964214772
267.52,0.05940775601259053,0.9233872199981664,0.2158726278152981
267.54,0.05940775601259053,0.9233872199981664,0.2158726278152981
267.56,0.016624392629037678,1.0260672921186933,0.22174006050789963
267.58,0.100724261222993,1.04538092473184,0.22198453687009137
267.6,0.13617333374079393,1.0431806374721144,0.22394034776762523
267.62,0.040827552486019006,1.0676282736912874,0.34153347798184763
267.64,0.0019558108975338447,1.0140879503712985,0.4588821318338783
267.66,0.09632368670354186,1.0199553830638999,0.5026434006661981
267.68,0.14839715185038047,1.0478256883537573,0.5346698041133148
267.7,0.11539284295449684,1.0478256883537573,0.5801424074809767
267.72,0.10659169391559453,1.0686061791400543,0.6136356691012438
267.74,0.1246829447177826,0.995507746844727,0.5921217492283715
267.76,0.07065366867341014,0.9092075909910461,0.554472389450845
267.78,0.02126944351068056,0.9307215108639183,0.5151116951379764
267.8,0.03349326162026709,0.9170308345811814,0.32490908535280993
267.82,-0.026158970754515173,0.920942456376249,0.12835009015065857
267.84,-0.18922470433639946,0.8852489074962564,0.035938025242184396
267.86,-0.29826116187391133,0.9307215108639183,-0.06380833053204168
267.88,-0.572563640253033,1.1214130733734682,-0.21049414784708004
267.9,-0.5322250404913975,1.1375485132781225,-0.21758396235064023
267.92,-0.3383552852733551,1.0884087644775846,-0.13959600281147816
267.94,-0.19533661339119274,1.1419490877975735,-0.02151391987287229
267.96,-0.10928093389970357,1.1659077712923631,0.03764935977752651
267.98,-0.19484766066680928,1.2201815236989273,0.0002444763621917306
268.0,-0.4190324847966262,1.393759740855056,-0.07163157412217706
268.02,-0.5449378113253674,1.2842343305931607,-0.047672890627387464
268.04,-0.5437154295144088,1.0903645753751183,0.12810561378846683
268.06,-0.45448155731442713,0.9603031506891178,0.3222198453687009
268.08,-0.13641781010298568,0.8982061546924182,0.4630382299911377
268.1,0.22002872597255752,0.8994285365033768,0.4684167099593558
268.12,0.3229532744552761,0.8935611038107752,0.4354124010634722
268.14,0.005622956330409804,0.9480793325795311,0.31048497998349783
268.16,-0.3823610304678666,1.1028328698468965,0.15548696635394066
268.18,-0.35913577605965225,1.1610182440485286,0.16013201723558354
268.2,-0.06674204687834245,1.0431806374721144,0.26819056932432844
268.22,-0.027625828927665557,1.0270451975674602,0.27454695474131346
268.24,-0.15670934816489931,1.056137884668276,0.2630565657183021
268.26,-0.016135439904654218,1.0265562448430767,0.31244079088103166
268.28,0.09974635577422608,0.9989304159154112,0.32637594352596033
268.3,-0.02469211258136479,0.9351220853833695,0.3476453870366409
268.32,-0.24203159856981327,0.9192311218409069,0.3498456742963665
268.34,-0.27943648198514803,0.9231427436359747,0.30339516547993767
268.36,-0.2056046206032454,0.8532225040491397,0.2478990312624148
268.38,-0.24863246034899,0.7710784463527183,0.26427894752926073
268.4,-0.25572227485255017,0.859334413103933,0.23298597316871925
268.42,-0.1894691806985912,0.9077407328178957,0.1312838064969593
268.449,-0.18800232252544083,0.721449744827797,0.13568438101641048
268.46,-0.3654921614766372,0.5818537420163188,0.09241206490847416
268.48,-0.5659627784738563,0.5972557528343978,-0.018335727164379794
268.5,-0.6593527488310974,0.6385722580448003,-0.08116615224765455
268.52,-0.5407817131681081,0.5737860220639917,-0.0679644286893011
268.54,-0.355713106988968,0.544448858600984,-0.10732512300216973
268.56,-0.42734468111114504,0.6505515997921951,-0.2510772239709073
268.58,-0.6104574763927513,0.7891696971549064,-0.3055954527396632
268.6,-0.620725483604804,0.7104483085291691,-0.17969012621092198
268.62,-0.33786633254897164,0.6177917672585032,-0.0073342908657519175
268.64,-0.09338997035724109,0.9796167833022644,-0.09094520673532377
268.66,0.29630535097637745,1.738715887907588,-0.1679552608257189
268.68,1.0182440485285578,2.104208049384225,0.2686795220487119
268.7,1.5912966415059744,1.9416312685267243,1.1607737676863368
268.72,1.4658802677016165,1.119946215200318,2.0091067444916417
268.74,0.6148580509122024,0.5923662255905632,2.033554380710815
268.76,-0.295816398251994,1.0182440485285578,1.6301683830944595
268.78,-0.7923478898633988,0.9869510741680163,1.3260397885279467
268.8,-0.6586193197445221,0.7361183265593008,1.0373132047795128
268.82,-0.2787030528985729,0.8515111695137976,0.6652201815236989
268.84,0.0951013048925832,1.0774073281789567,0.3518014851939003
268.86,0.07725453045258686,1.1253246951685358,0.006111909054793264
268.88,0.29459401644103533,1.0422027320233476,0.015157534455887297
268.9,1.239495156312074,0.8243742933105155,0.1510863918344895
268.92,1.35757723925068,0.5077774042722244,0.6718210433028756
268.94,1.35757723925068,0.5077774042722244,0.6718210433028756
268.96,0.4390795464963481,0.7018916358524585,0.7681447300064175
268.98,-0.2899489655593925,1.069828560951013,0.3958072303884118
269.0,-1.0131100449225314,0.7600770100540903,-0.027625828927665557
269.02,-1.520642972832564,0.16526602084160988,-0.19484766066680928
269.04,-1.753873422363475,0.06771995232710937,0.07383186138190263
269.06,-0.8436879259236623,0.48870824802126944,0.09656816306573358
269.08,1.5421568927054365,1.4040277480671088,0.4060752376004645
269.1,2.515417290590716,1.8704886471289306,0.8928276747242001
269.12,0.23029673318461022,0.5500718149313938,0.9392781835406289
269.14,-1.9915044464138374,1.0972099135164868,0.77132292271491
269.16,-0.8199737187910644,0.12297161018244049,0.29777220914952784
269.18,-0.8793814748036549,0.3637808269412951,0.03178192708492498
269.2,-0.22882987501145982,1.089875622650735,0.7373407083702594
269.22,-0.24423188582953886,1.4030498426183418,0.529046847782905
269.24,-0.08581120312929744,1.0446474956452647,0.5556947712618037
269.26,-0.1958255661155762,0.5767197384102924,0.5415151422546832
269.28,-0.8351312532469517,0.2596338966476179,0.27210219111939615
269.3,-1.9787916755798673,0.25792256211227577,-0.3906732267823855
269.32,-1.6086544632215873,0.7820798826513461,-0.14693029367723007
269.34,-0.03251535617150017,0.9906182196008924,0.28432600922898266
269.36,0.30412859456651287,0.7542095773614889,0.28188124560706534
269.38,-0.18580203526571523,0.45986003728264524,0.2628120893561104
269.4,-0.5701188766311157,0.3962961831127953,0.5160896005867432
269.42,-0.6967576322464322,0.6965131558842405,0.5923662255905632
269.44,-0.3701372123582801,0.7436970937872445,0.6982244904195826
269.469,-0.3214864162821257,0.6904012468294471,0.8324420132628426
269.48,-0.5723191638908413,0.7598325336918986,0.7749900681477859
269.5,-0.7216942211899887,0.7507869082908046,0.7529871955505302
269.52,-0.5825871711028939,0.8224184824129817,0.7784127372184702
269.54,-0.41365400482840814,0.8881826238425572,0.8312196314518839
269.56,-0.5231794150903034,0.7055587812853344,0.8786480457170797
269.58,-0.8167955260825719,0.5324695168535892,0.8475995477187299
269.6,-0.8309751550896922,0.5833206001894692,0.6972465849708156
269.62,-0.6620419888152064,0.6395501634935672,0.5165785533111267
269.64,-0.5610732512300217,0.6190141490694618,0.3804052195703328
269.66,-0.6021452800782324,0.5820982183785105,0.29801668551171956
269.68,-0.6273263453839807,0.5684075420957736,0.2789475292607646
269.7,-0.4557039391253858,0.5627845857653638,0.2906823946459677
269.72,-0.3075512636371971,0.6696207560431501,0.2214955841457079
269.74,-0.5195122696574275,0.6576414142957553,0.20095956972160253
269.76,-0.6879564832075299,0.5684075420957736,0.33371023439171227
269.78,-0.5349142804755065,0.6371053998716499,0.396540659474987
269.8,-0.35546863062677625,0.7617883445894325,0.40191913944320506
269.82,-0.033248785258075356,1.458301500473673,0.6850227668612291
269.84,0.3808941722947162,1.5274883109739328,0.3613360633193778
269.86,-0.3038841182043211,0.6182807199828867,0.37184854689362223
269.88,-0.9270543654310424,0.49726492069798,0.7950371298475079
269.9,-0.4931088225407206,0.7265837484338233,0.5806313602053601
269.92,0.14252971915777893,0.6904012468294471,0.3398221434465055
269.94,0.14741924640161355,0.5456712404119427,0.21953977324817406
269.96,-0.19411423158023408,0.7084924976316352,0.1454634355040797
269.98,-0.47061699721908135,0.916541881856798,0.11905998838737279
270.0,-0.6439507380130184,0.8666687039696849,0.22418482412981694
270.02,-0.8422210677505119,0.7715673990771017,0.4403019283073068
270.04,-0.9099410200776212,0.7168046939461541,0.569874400268924
270.06,-0.6657091342480824,0.7791461663050454,0.5530055312776946
270.08,-0.396540659474987,0.8823151911499557,0.543470953152217
270.1,-0.38749503407389296,0.8991840601411851,0.58625431653577
270.12,-0.5437154295144088,0.9087186382666625,0.6226812945023378
270.14,-0.6126577636524768,0.842954496837087,0.5373590440974239
270.16,-0.4850411025883935,0.9365889435565199,0.48650796076154385
270.18,-0.2806588637961067,1.1194572624759342,0.4403019283073068
270.2,-0.0975460685145005,1.1629740549460623,0.3740488341533478
270.22,0.06356385416984996,1.064450080982795,0.28481496195336614
270.24,0.16355468630626777,1.1192127861137426,0.1623323044953091
270.26,0.15866515906243314,1.2243376218561868,-0.023225254408214404
270.28,0.1870244170766739,1.2343611527060476,-0.1239495156312074
270.3,0.18751336980105734,1.1964673165663295,-0.11905998838737279
270.32,0.18751336980105734,1.1964673165663295,-0.11905998838737279
270.34,-0.006356385416984995,1.1253246951685358,-0.0735873850197109
270.36,-0.20511566787886196,0.9898847905143171,-0.024447636219173056
270.38,-0.2645234238914525,0.9104299728020047,0.0019558108975338447
270.4,-0.25523332212816674,0.9351220853833695,-0.001711334535342114
270.42,-0.24741007853803135,1.1324145096720961,0.1014576903095682
270.44,-0.24349845674296366,0.9732603978852794,0.2246737768542004
270.46,-0.33053204168321976,0.8832930965987226,0.23787550041255387
270.489,-0.45937108455826176,1.0111542340249977,0.09901292668765088
270.5,-0.47428414265195734,1.0822968554227912,-0.031292974360541514
270.52,-0.5156006478623598,1.15979586223757,-0.05769642147724842
270.54,-0.5913883201417963,1.2375393454145402,0.01637991626684595
270.56,-0.5478715276716682,1.1458607095926412,0.1630657335818843
270.58,-0.4786847171714085,1.0206888121504751,0.23860892949912904
270.6,-0.47355071356538214,1.021666717599242,0.21073862420927175
270.62,-0.41609876845032545,0.988173455978975,0.15475353726736546
270.64,-0.3038841182043211,0.9989304159154112,0.07114262139779359
270.66,-0.24398740946734712,0.9969746050178773,-0.019558108975338447
270.68,-0.28359258014240746,0.9581028634293921,-0.03544907251780093
270.7,-0.3310209944076032,0.9202090272896739,-0.03178192708492498
270.72,-0.3063288818262384,0.9182532163921401,-0.043516792470128046
270.74,-0.3117073617944565,0.8703358494025609,-0.07872138862573724
270.76,-0.3923845613177276,0.8028603734376433,-0.13299514103230142
270.78,-0.500932066130856,0.8409986859395532,-0.1909360388717416
270.8,-0.5170675060355102,0.8906273874644746,-0.22931882773584328
270.82,-0.4530146991412768,0.8331754423494179,-0.18360174800598966
270.84,-0.4681722335971641,0.8221740060507899,-0.09461235216819973
270.86,-0.532713993215781,0.8864712893072151,0.005134003606026342
270.88,-0.584298505638236,0.8490664058918803,0.0863001558536809
270.9,-0.61167985820371,0.818506860617914,0.10268007212052685
270.92,-0.5664517311982398,0.8590899367417413,0.042783363383552854
270.94,-0.5207346514683862,0.884759954771873,0.02126944351068056
270.96,-0.5923662255905632,0.8326864896250343,0.02029153806191364
270.98,-0.5904104146930294,0.8253521987592825,-0.006600861779176726
271.0,-0.45937108455826176,0.8370870641444855,-0.047428414265195735
271.02,-0.35302386700485894,0.8243742933105155,-0.07945481771231244
271.04,-0.3224643217308926,0.8378204932310607,-0.09925740304984261
271.06,-0.3075512636371971,0.8605567949148917,-0.14106286098462856
271.08,-0.26843504568652016,0.8698468966781774,-0.13421752284326008
271.1,-0.2102496714848883,0.9133636891483055,-0.07260947957094398
271.12,-0.12737218470189163,0.9485682853039147,0.00855667267671057
271.14,-0.0327598325336919,0.9979525104666442,0.08605567949148916
271.16,-0.0070898145035601864,1.0060202304189714,0.14057390826024507
271.18,-0.08727806130244782,1.0199553830638999,0.10170216667175992
271.2,-0.1655104972038016,1.0932982917214191,-0.04058307612382728
271.22,-0.21391681691776426,1.086941906304434,-0.1679552608257189
271.24,-0.2899489655593925,0.9585918161537756,-0.2278519695626929
271.26,-0.47844024080921677,0.9287656999663845,-0.3046175472908963
271.28,-0.6960242031598569,0.9241206490847416,-0.38431684136540045
271.3,-0.8475995477187299,0.9236316963603581,-0.4693946154081227
271.32,-0.9321883690370687,0.9546801943587079,-0.5486049567582434
271.34,-0.9343886562967942,0.9334107508480274,-0.5001986370442808
271.36,-0.8803593802524218,0.912874736423922,-0.46401613543990466
271.38,-0.7436970937872445,0.9593252452403508,-0.4816184335177092
271.4,-0.6510405525165786,0.9285212236041928,-0.4429911682914158
271.42,-0.7287840356935489,0.9070073037313204,-0.3508235797451334
271.44,-0.726828224796015,0.9456345689576139,-0.304862023653088
271.46,-0.5344253277511231,1.0052868013323961,-0.23738654768817039
271.48,-0.3508235797451334,1.0700730373132048,-0.16355468630626777
271.509,-0.30046144913363687,1.1380374660025059,-0.09607921034135011
271.52,-0.3642697796656786,1.0991657244140207,-0.041805457934785926
271.54,-0.4053418085138893,1.0593160773767687,-0.07016471594902668
271.56,-0.3488677688475995,0.9343886562967942,-0.10439140665586896
271.58,-0.4667053754240137,0.776701402683128,-0.15817620633804969
271.6,-0.7023805885768419,0.7092259267182104,-0.24325398038077192
271.62,-0.7894141735170981,0.7038474467499923,-0.195092137029001
271.64,-0.6564190324847966,0.8356202059713351,-0.17455612260489564
271.66,-0.5437154295144088,0.8886715765669406,-0.276747242001039
271.68,-0.5231794150903034,0.8431989731992787,-0.31708584176267457
271.7,-0.5930996546771384,0.780368548116004,-0.3498456742963665
271.72,-0.5930996546771384,0.780368548116004,-0.3498456742963665
271.74,-0.6945573449867066,0.805794089783944,-0.390184274058002
271.76,-0.623414723588913,0.8033493261620267,-0.3676924487363628
271.78,-0.494575680713871,0.777679308131895,-0.3525349142804755
271.8,-0.3936069431286862,0.7889252207927145,-0.36329187421691167
271.82,-0.3469119579500657,0.7950371298475079,-0.3356660452892461
271.84,-0.323931179904043,0.8326864896250343,-0.3246646089906182
271.86,-0.34397824160376494,0.8737585184732451,-0.3346881398404792
271.88,-0.3596247287840357,0.8395318277664028,-0.35620205971335145
271.9,-0.409253430308957,0.7943037007609327,-0.4116981939308743
271.92,-0.4202548666075849,0.7067811630962931,-0.44396907374018274
271.94,-0.45619289184976924,0.6649757051615072,-0.47550652446291597
271.96,-0.5082663569966078,0.697735537695199,-0.5058215933746906
271.98,-0.5214680805549613,0.7615438682272407,-0.5456712404119427
272.0,-0.5388259022705743,0.7490755737554625,-0.575252880237142
272.02,-0.4926198698163371,0.7334290865751918,-0.5970112764722061
272.04,-0.4075420957736149,0.7307398465910827,-0.6385722580448003
272.06,-0.36964825963389664,0.7285395593313572,-0.6564190324847966
272.08,-0.30975155089692263,0.7170491703083458,-0.6446841670995935
272.1,-0.23885340586132078,0.7256058429850564,-0.6561745561226049
272.12,-0.1982703297374935,0.736851755645876,-0.6573969379335636
272.14,-0.1904470861473581,0.7463863337713534,-0.6393056871313755
272.16,-0.22247348959447483,0.7556764355346393,-0.6163249090853528
272.18,-0.233230449530911,0.7317177520398497,-0.5759863093237173
272.2,-0.2500993185221404,0.7427191883384775,-0.5811203129297436
272.22,-0.2950829691654188,0.7857470280842221,-0.5874766983467286
272.24,-0.32833175442349416,0.7850135989976469,-0.5547168658130367
272.26,-0.349356721571983,0.832930965987226,-0.5696299239067323
272.28,-0.381138648656908,0.8627570821746172,-0.6033676618891911
272.3,-0.41756562662347585,0.8478440240809216,-0.6111909054793264
272.32,-0.452770222779085,0.8700913730403691,-0.6906457231916389
272.34,-0.46401613543990466,0.7698560645417596,-0.7224276502765639
272.36,-0.4547260336766189,0.6522629343275372,-0.7715673990771017
272.38,-0.44079088103169023,0.5930996546771384,-0.8405097332151698
272.4,-0.34080004889527243,0.5515386731045442,-0.8603123185527
272.42,-0.19973718791064388,0.539070378632766,-0.910185496439813
272.44,-0.10463588301806069,0.5067994988234575,-0.9253430308957002
272.46,-0.03862726522629343,0.456437368211961,-0.9079852091800874
272.48,0.014913058093695565,0.4530146991412768,-0.9214314091006326
272.5,0.03764935977752651,0.4505699355193595,-0.9060293982825536
272.529,0.03862726522629343,0.41585429208813374,-0.8742474711976286
272.54,0.006600861779176726,0.3740488341533478,-0.8774256639061211
272.56,-0.02884821073862421,0.3068178345506219,-0.884759954771873
272.58,-0.10219111939614338,0.2755248601900804,-0.9233872199981664
272.6,-0.16893316627448582,0.25132170033309903,-0.8986951074168016
272.62,-0.22369587140543348,0.2591449439232344,-0.878403569354888
272.64,-0.2782141001741894,0.29801668551171956,-0.8935611038107752
272.66,-0.3224643217308926,0.30412859456651287,-0.8708248021269444
272.68,-0.31439660177856554,0.3452006234147236,-0.8920942456376248
272.7,-0.3063288818262384,0.3906732267823855,-0.9272988417932341
272.72,-0.28725972557528345,0.3972740885615622,-0.9277877945176175
272.74,-0.25792256211227577,0.377471503224032,-0.9231427436359747
272.76,-0.24325398038077192,0.3816276013812914,-0.9387892308162454
272.78,-0.2390978822235125,0.38725055771170125,-0.9867065978058246
272.8,-0.2647679002536442,0.424655441127036,-1.0402469211258136
272.82,-0.19949271154845216,0.5552058185374201,-1.1480609968523667
272.84,-0.18409070073037312,0.48455214986401,-1.174219967606882
272.86,-0.3055954527396632,0.3637808269412951,-1.1155456406808666
272.88,-0.41438743391498334,0.35938025242184396,-1.094276197170186
272.9,-0.3943403722152614,0.3483788161232161,-0.9964856522934938
272.92,-0.37600464505088166,0.3038841182043211,-0.8705803257647526
272.94,-0.31464107814075726,0.2862818201265165,-0.8317085841762675
272.96,-0.2542554166793998,0.32637594352596033,-0.9153195000458393
272.98,-0.21367234055557252,0.336643950738013,-0.9395226599028206
273.0,-0.15084191547229778,0.32588699080157685,-0.9150750236836476
273.02,-0.11148122115942914,0.3214864162821257,-0.925587507257892
273.04,-0.1383736210005195,0.3099960272591144,-0.9238761727225498
273.06,-0.1679552608257189,0.29752773278733613,-0.8857378602206399
273.08,-0.188735751612016,0.2589004675610427,-0.8395318277664028
273.1,-0.21122757693365524,0.20267090425694465,-0.803104849799835
273.12,-0.21122757693365524,0.20267090425694465,-0.803104849799835
273.14,-0.20438223879228676,0.12835009015065857,-0.8111725697521621
273.16,-0.2430095040185802,0.015402010818079027,-0.8314641078140758
273.18,-0.25474436940378326,-0.07456529046847783,-0.8419765913883202
273.2,-0.21538367509091463,-0.1327506646701097,-0.840265256852978
273.22,-0.19778137701311005,-0.1806680316596889,-0.8463771659077712
273.24,-0.20609357332762887,-0.23738654768817039,-0.817528955169147
273.26,-0.20609357332762887,-0.24912141307337346,-0.8062830425083275
273.28,-0.2053601442410537,-0.24520979127830578,-0.7693671118173762
273.3,-0.2190508205237906,-0.2415426458454298,-0.7659444427466919
273.32,-0.26990190385967056,-0.2510772239709073,-0.7740121626990191
273.34,-0.2615897075451517,-0.2774806710876142,-0.8209516242398313
273.36,-0.24887693671118175,-0.28261467469364054,-0.8776701402683128
273.38,-0.2777251474498059,-0.30021697277144516,-0.8818262384255722
273.4,-0.2787030528985729,-0.36182501604376127,-0.9977080341044525
273.42,-0.31121840907007303,-0.3253980380771934,-1.1392598478134646
273.44,-0.333954710753904,-0.0806771995232711,-1.2062463710539988
273.46,-0.2503437948843321,0.015402010818079027,-1.20502398924304
273.48,-0.1965589952021514,-0.04669498517862054,-1.0886532408397762
273.5,-0.21073862420927175,-0.032270879809308435,-0.962747914311035
273.52,-0.3183082235736332,-0.01295724719616172,-0.8576230785685909
273.549,-0.3806496959325245,-0.15475353726736546,-0.9172753109433731
273.57,-0.31072945634568955,-0.09070073037313205,-0.9297436054151514
273.59,-0.289460012835009,0.010512483574244415,-0.9241206490847416
273.61,-0.28481496195336614,0.07505424319286129,-0.9453900925954222
273.63,-0.24643217308926443,0.20120404608379427,-0.8989395837789933
273.65,-0.2454542676404975,0.28799315466185865,-0.8180179078935306
273.67,-0.32833175442349416,0.27063533294624575,-0.7837912171866882
273.69,-0.4366347828744308,0.2821257219692571,-0.7507869082908046
273.71,-0.5016654952174312,0.3195306053845919,-0.7175381230327292
273.73,-0.5742749747883752,0.3317544234941784,-0.7260947957094398
273.75,-0.7089814503560187,0.3231977508174678,-0.7082480212694435
273.77,-0.7806130244781957,0.22882987501145982,-0.5684075420957736
273.79,-0.6725544723894509,0.10659169391559453,-0.5266020841609876
273.81,-0.6725544723894509,0.10659169391559453,-0.5266020841609876
273.83,-0.6082571891330257,0.27283562020597135,-0.6816000977905449
273.85,-0.6532408397763041,0.4278336338355285,-0.761299391865049
273.87,-0.6155914799987776,0.29703878006295265,-0.7146044066864284
273.89,-0.469150139045931,0.22198453687009137,-0.7786572135806619
273.91,-0.3909177031445772,0.32490908535280993,-0.9546801943587079
273.93,-0.4469027900864835,0.424655441127036,-1.0485591174403324
273.95,-0.6701097087675335,0.31366317269199034,-1.023622528496776
273.97,-0.8062830425083275,0.2589004675610427,-0.9683708706414448
273.99,-0.6466399779971274,0.377471503224032,-0.9248540781713168
274.01,-0.5055771170124989,0.5911438437796045,-0.8862268129450234
274.03,-0.658863796106714,0.6383277816826085,-0.7234055557253308
274.05,-1.1131008770589494,0.5486049567582434,-0.697735537695199
274.07,-1.2935244323564465,0.5869877456223451,-0.5026434006661981
274.09,-0.7529871955505302,0.28237019833144883,-0.23469730770406136
274.11,-0.308529169085964,0.3828499831922501,-0.10903645753751184
274.13,-0.5896769856064542,0.7192494575680713,-0.1549980136295572
274.15,-0.952724383461174,0.8796259511658466,-0.07456529046847783
274.17,-0.8786480457170797,0.6725544723894509,0.06405280689423341
274.19,-0.5131558842404425,0.6268373926595973,0.07138709775998534
274.21,-0.24961036579775692,0.8517556458759894,0.09730159215230877
274.23,-0.3165968890382911,1.021666717599242,0.10512483574244415
274.25,-0.6358830180606913,0.952724383461174,0.1527977263698316
274.27,-0.7498090028420377,0.8383094459554442,0.22809644592488462
274.29,-0.5371145677352321,0.7960150352962748,0.23640864223940347
274.31,-0.4253888702136112,0.8260856278458576,0.19460318430461754
274.33,-0.6407725453045259,0.8762032820951624,0.11245912660819607
274.35,-0.985484215994866,0.8984506310546099,0.002933716346300767
274.37,-1.1219020260978516,0.7774348317697033,-0.0415609815725942
274.39,-0.9644592488463771,0.6246371053998716,-0.05451822876875592
274.41,-0.7945481771231244,0.7683892063686092,-0.18824679888763254
274.43,-0.6749992360113681,0.9500351434770651,-0.3772270268618403
274.45,-0.5442043822387923,0.9429453289735048,-0.3823610304678666
274.47,-0.5288023714207133,0.8114170461143538,-0.2914158237325429
274.49,-0.6918681050025975,0.7659444427466919,-0.2725911438437796
274.51,-0.772300828163677,0.6928460104513645,-0.2254072059407756
274.53,-0.8160620969959966,0.705069828560951,-0.14106286098462856
274.559,-0.6994468722305413,0.7432081410628609,-0.08458882131833878
274.57,-0.5314916114048223,0.8043272316107937,-0.07652110136601167
274.59,-0.466460899061822,0.8718027075757112,-0.026158970754515173
274.61,-0.35644653607554316,1.0573602664792348,-0.018824679888763254
274.63,-0.0007334290865751917,1.362955719218898,-0.1902026097851664
274.65,0.31195183815664823,1.4370320569629924,-0.19778137701311005
274.67,0.1958255661155762,1.231427436359747,-0.0019558108975338447
274.69,-0.04669498517862054,1.0358463466063625,0.03544907251780093
274.71,-0.10610274119121108,0.9475903798551477,-0.018580203526571526
274.73,-0.14766372276380527,0.9436787580600801,-0.09216758854628243
274.75,-0.28237019833144883,1.0392690156770468,-0.20976071876050484
274.77,-0.3899397976958103,0.9612810561378846,-0.23151911499556885
274.79,-0.41560981572594197,0.83488677688476,-0.1911805152339333
274.81,-0.390184274058002,0.8869602420315985,-0.21856186779940714
274.83,-0.2525440821440577,0.970082205176787,-0.2471656021758396
274.85,-0.12566085016654951,0.9827949760107569,-0.2623231366317269
274.87,-0.06576414142957553,1.0116431867493811,-0.25645570393912537
274.89,-0.04204993429697766,1.031934724811295,-0.20780490786297098
274.91,-0.021758396235064023,1.0248449103077346,-0.15450906090517372
274.93,-0.010023530849860953,1.0167771903554075,-0.1303059010481924
274.95,0.004889527243834612,1.0228890994102007,-0.08605567949148916
274.97,0.01735782171561287,0.9942853650337683,-0.023225254408214404
274.99,-0.010756959936436146,0.963725819759802,0.03398221434465055
275.01,-0.03813831250190997,0.9803502123888397,0.08483329768053051
275.03,-0.06723099960272591,1.0348684411575955,0.0919231121840907
275.05,-0.08605567949148916,1.09623200806772,0.06992023958683495
275.07,-0.07016471594902668,1.1221465024600434,0.0440057451945115
275.09,-0.005378479968218073,1.1387708950890811,-0.013690676282736913
275.11,0.07285395593313572,1.3199278794731535,-0.14155181370901201
275.13,0.15939858814900834,1.5648931943892674,-0.2285853986492681
275.15,0.20658252605201236,1.2717660361213825,-0.19631451883995965
275.17,0.048406319713962656,1.0896311462885433,-0.24741007853803135
275.19,-0.14008495553586162,1.2588087889252209,-0.3789383613971824
275.21,-0.14008495553586162,1.2588087889252209,-0.3789383613971824
275.23,-0.20878281331173792,1.062738746447453,-0.35766891788650185
275.25,-0.2777251474498059,0.7911255080524402,-0.2596338966476179
275.27,-0.40240809216758855,0.7065366867341014,-0.21782843871283195
275.29,-0.45765975002291964,0.6529963634141124,-0.17920117348653852
275.31,-0.41536533936375025,0.6405280689423342,-0.16966659536106102
275.33,-0.29606087461418573,0.764966537297925,-0.22345139504324174
275.35,-0.1677107844635272,0.8989395837789933,-0.29752773278733613
275.37,-0.06063013782354919,0.9221648381872077,-0.34300033615499803
275.39,-0.03960517067506036,0.8676466094184518,-0.37527121596430646
275.41,-0.14008495553586162,0.9013843474009107,-0.4429911682914158
275.43,-0.3053509763774715,1.0101763285762309,-0.5278244659719463
275.45,-0.4214772484185435,1.038046633866088,-0.5085108333587997
275.47,-0.4637716590777129,0.9436787580600801,-0.409253430308957
275.49,-0.48455214986401,0.9140971182348806,-0.3300430889588363
275.51,-0.5004431134064725,0.9622589615866516,-0.28114781652049015
275.53,-0.44714726644867525,0.9590807688781591,-0.2246737768542004
275.55,-0.3686703541851297,0.946367998044189,-0.16893316627448582
275.579,-0.2943495400788436,0.9351220853833695,-0.13641781010298568
275.59,-0.21929529688598234,0.9368334199187116,-0.1254163738043578
275.61,-0.14277419551997067,0.9378113253674785,-0.11759313021422241
275.63,-0.08092167588546283,0.9500351434770651,-0.12639427925312471
275.65,-0.06185251963450784,0.9715490633499373,-0.1535311554564068
275.67,-0.07065366867341014,0.9923295541362345,-0.1591541117868166
275.69,-0.10023530849860954,0.9666595361061027,-0.14913058093695566
275.71,-0.13715123918956085,0.9441677107844635,-0.1686886899122941
275.73,-0.1975369006509183,0.9370778962809033,-0.18457965345475658
275.75,-0.25865599119885097,0.8947834856217339,-0.1774898389511964
275.77,-0.3046175472908963,0.8947834856217339,-0.18482412981694832
275.79,-0.3046175472908963,0.948323808941723,-0.23689759496378693
275.81,-0.2747914311035052,0.9805946887510314,-0.24887693671118175
275.83,-0.2628120893561104,0.9588362925159674,-0.21220548238242215
275.85,-0.2246737768542004,0.9984414631910277,-0.19704794792653485
275.87,-0.18971365706078294,1.1703083458118142,-0.24447636219173058
275.89,-0.13470647556764356,1.1101671607126486,-0.2598783730098096
275.91,-0.03300430889588363,0.893805580172967,-0.2126944351068056
275.93,0.0767655777282034,0.8786480457170797,-0.2752803838278886
275.95,0.14032943189805336,0.8933166274485835,-0.34642300522568226
275.97,0.14815267548818872,0.8639794639855759,-0.3332212816673288
275.99,0.14228524279558719,0.8510222167894141,-0.31048497998349783
276.01,0.16746630810133545,0.9150750236836476,-0.3664700669254041
276.03,0.21440576964214772,0.9783944014913057,-0.4341900192525135
276.05,0.21709500962625675,0.9610365797756929,-0.41463191027717505
276.07,0.12492742107997433,0.9270543654310424,-0.377471503224032
276.09,-0.02029153806191364,0.9757051615071968,-0.3926290376799193
276.11,-0.20658252605201236,0.9969746050178773,-0.3972740885615622
276.13,-0.4204993429697766,1.0043088958836293,-0.383827888641017
276.15,-0.578920025670018,0.9720380160743208,-0.31855269993582497
276.17,-0.648840265256853,0.9488127616661064,-0.2254072059407756
276.19,-0.688689912294105,0.9669040124682945,-0.1383736210005195
276.21,-0.7016471594902668,1.0148213794578735,-0.05451822876875592
276.23,-0.6681538978699997,1.0568713137548513,0.01735782171561287
276.25,-0.6129022400146685,1.0167771903554075,0.040827552486019006
276.27,-0.49115301164318675,1.044403019283073,0.07187605048436879
276.29,-0.35986920514622744,1.19231121840907,0.015157534455887297
276.31,-0.16477706811722642,1.3627112428567063,-0.06405280689423341
276.33,0.07309843229532745,1.2402285853986492,-0.08409986859395532
276.35,-0.08923387219998166,1.0849860954069004,-0.195092137029001
276.37,-0.7424747119762858,1.1439048986951075,-0.30412859456651287
276.39,-0.8852489074962564,0.9121413073373468,-0.09779054487669223
276.41,-0.5366256150108486,0.7720563518014851,0.04669498517862054
276.43,-0.2787030528985729,0.9241206490847416,-0.003422669070684228
276.45,-0.25523332212816674,0.953702288909941,-0.0044005745194511505
276.47,-0.37111511780704703,0.8067719952327109,0.09999083213641781
276.49,-0.4799070989823671,0.6847782904990374,0.16477706811722642
276.51,-0.5708523057176909,0.7001803013171164,0.22491825321639214
276.53,-0.6009228982672737,0.7392965192677933,0.2263851113895425
276.55,-0.5600953457812547,0.7815909299269627,0.18898022797420774
276.57,-0.5488494331204351,0.7666778718332671,0.1757785044158543
276.599,-0.6329493017143905,0.7679002536442258,0.15304220273202335
276.61,-0.6329493017143905,0.7679002536442258,0.15304220273202335
276.63,-0.6551966506738379,0.7011582067658834,0.1207713229227149
276.65,-0.6539742688628793,0.6708431378541088,0.0799437704366959
276.67,-0.752253766463955,0.7011582067658834,-0.014424105369312105
276.69,-0.8441768786480457,0.6808666687039697,-0.09632368670354186
276.71,-0.8718027075757112,0.5977447055587812,-0.1207713229227149
276.73,-0.9348776090211778,0.5994560400941233,-0.07040919231121841
276.75,-0.9986859395532194,0.6153470036365859,0.04596155609204535
276.77,-0.963725819759802,0.5464046694985178,0.14448553005531278
276.79,-0.8353757296091434,0.512666931516059,0.17015554808544447
276.81,-0.7175381230327292,0.6060569018733001,0.17333374079393699
276.83,-0.6542187452250711,0.6209699599669957,0.19558108975338445
276.85,-0.6124132872902851,0.6033676618891911,0.17137792989640313
276.87,-0.5820982183785105,0.7197384102924549,0.0863001558536809
276.89,-0.5884546037954955,0.8764477584573541,-0.001222381810958653
276.91,-0.635149588974116,0.8478440240809216,-0.018824679888763254
276.93,-0.7106927848913608,0.7111817376157442,0.009290101763285763
276.95,-0.7534761482749136,0.7561653882590227,0.01637991626684595
276.97,-0.7507869082908046,0.7544540537236806,0.12003789383613972
276.99,-0.7571432937077897,0.6999358249549247,0.2398313113100877
277.01,-0.7945481771231244,0.69504629771109,0.2625676129939186
277.03,-0.7339180392995752,0.7727897808880604,0.21367234055557252
277.05,-0.632460348990007,0.859334413103933,0.16477706811722642
277.07,-0.6021452800782324,0.8343978241603764,0.18555755890352352
277.09,-0.6339272071631574,0.8106836170277786,0.21000519512269658
277.11,-0.6598417015554808,0.7938147480365492,0.21244995874461386
277.13,-0.6109464291171347,0.7683892063686092,0.1965589952021514
277.15,-0.5691409711823487,0.7500534792042294,0.17700088622681295
277.17,-0.553494484002078,0.7571432937077897,0.14521895914188795
277.19,-0.4955535861626379,0.7686336827308009,0.11563731931668857
277.21,-0.40485285578950586,0.808483329768053,0.0735873850197109
277.23,-0.36891483054732144,0.8507777404272224,0.045717079729853616
277.25,-0.4293004920086789,0.849310882254072,0.02029153806191364
277.27,-0.5023989243040063,0.8581120312929743,-0.04620603245423708
277.29,-0.4823518626042844,0.8918497692754331,-0.07480976683066956
277.31,-0.5087553097209914,0.916541881856798,-0.014668581731503835
277.33,-0.5994560400941233,0.9666595361061027,0.09974635577422608
277.35,-0.6493292179812364,0.9832839287351404,0.1694221189988693
277.37,-0.6610640833664395,0.9989304159154112,0.2324970204443358
277.39,-0.6344161598875409,1.021666717599242,0.3791828377593741
277.41,-0.553494484002078,1.060782935549919,0.5031323533905815
277.43,-0.355713106988968,1.071784371848547,0.44470250282675794
277.45,-0.2158726278152981,1.0766738990923814,0.3373773798245882
277.47,-0.23738654768817039,1.0451364483696481,0.2278519695626929
277.49,-0.2180729150750237,0.9957522232069187,0.15695382452709103
277.51,-0.15230877364544815,0.993551935947193,0.09681263942792531
277.53,-0.10928093389970357,1.003575466797054,0.03422669070684228
277.55,-0.09852397396326742,0.9996638450019864,0.015646487180270757
277.57,-0.11074779207285396,0.9688598233658283,0.02029153806191364
277.59,-0.12248265745805702,0.9581028634293921,0.022980778046022676
277.619,-0.11197017388381261,0.9744827796962381,0.026403447116706905
277.63,-0.11123674479723741,0.9849952632704825,0.05451822876875592
277.65,-0.10854750481312837,0.972771445160896,0.10170216667175992
277.67,-0.13323961739449316,1.0016196558995203,0.12688323197750817
277.69,-0.17382269351832044,1.058827124652385,0.15206429728325643
277.71,-0.201448522445986,1.0370687284173212,0.188735751612016
277.73,-0.2214955841457079,0.9925740304984262,0.2053601442410537
277.75,-0.30192830730678727,0.9862176450814412,0.19435870794242582
277.77,-0.41047581211991563,1.0069981358677382,0.1767564098646212
277.79,-0.4498365064327843,0.9842618341839073,0.17626745714023775
277.81,-0.37038168872047184,0.9417229471625462,0.17015554808544447
277.83,-0.2782141001741894,0.9507685725636402,0.1461968645906549
277.85,-0.23298597316871925,0.9832839287351404,0.12199370473367356
277.87,-0.160620969959967,0.9625034379488433,0.12566085016654951
277.89,-0.08752253766463955,0.9109189255263882,0.12566085016654951
277.91,-0.12003789383613972,0.9133636891483055,0.07505424319286129
277.93,-0.21636158053968157,0.9625034379488433,0.018580203526571526
277.95,-0.2542554166793998,0.9040735873850196,-0.0019558108975338447
277.97,-0.2943495400788436,0.8754698530085873,-0.036182501604376124
277.99,-0.2943495400788436,0.8754698530085873,-0.036182501604376124
278.01,-0.411942670293066,0.9028512055740611,-0.0911896830975155
278.03,-0.5493383858448186,0.9143415945970724,-0.13006142468600068
278.05,-0.6212144363291874,0.8918497692754331,-0.12443846835559087
278.07,-0.5664517311982398,0.9033401582984445,-0.13788466827613605
278.09,-0.41634324481251717,0.9942853650337683,-0.1373957155517526
278.11,-0.3285762307856859,1.047336735629374,-0.0799437704366959
278.13,-0.31855269993582497,1.0488035938025242,0.010268007212052684
278.15,-0.32784280169911073,1.039024539314855,0.09583473397915838
278.17,-0.3310209944076032,1.0649390337071785,0.15890963542462488
278.19,-0.32417565626623474,1.1023439171225131,0.18580203526571523
278.21,-0.26916847477309536,1.0766738990923814,0.20242642789475293
278.23,-0.23225254408214405,1.0524707392354002,0.2366531186015952
278.25,-0.27014638022186227,1.0485591174403324,0.2735690492925465
278.27,-0.28163676924487363,1.0292454848271857,0.25792256211227577
278.29,-0.23127463863337713,1.0341350120710204,0.23445283134186962
278.31,-0.19338080249365888,1.008220517678697,0.24007578767227944
278.33,-0.2029153806191364,1.0003972740885616,0.1838462243681814
278.35,-0.18629098799009872,1.0179995721663662,0.11148122115942914
278.37,-0.12174922837148183,0.9957522232069187,0.08263301042080494
278.39,-0.09485682853039147,0.9603031506891178,0.07334290865751918
278.41,-0.09901292668765088,0.9769275433181555,0.03447116706903401
278.43,-0.07578767227943647,0.9962411759313021,-0.023225254408214404
278.45,-0.04889527243834611,0.9852397396326742,-0.05940775601259053
278.47,-0.040827552486019006,1.0113987103871893,-0.03740488341533478
278.49,0.0767655777282034,1.0791186627142988,-0.002933716346300767
278.51,0.21318338783118906,1.1637074840326376,-0.09901292668765088
278.53,-0.03813831250190997,1.4072059407756012,-0.29777220914952784
278.55,-0.5373590440974239,1.611588179567888,-0.4359013537878556
278.57,-0.6745102832869847,1.034379488433212,-0.16648840265256853
278.59,-0.7407633774409437,0.824863246034899,0.060141185099165724
278.61,-0.9126302600617303,0.8982061546924182,0.1613543990465422
278.639,-0.6124132872902851,0.7916144607768236,0.3158634599517159
278.66,-0.2743024783791217,0.883782049323106,0.18922470433639946
278.68,-0.30339516547993767,0.8114170461143538,0.14448553005531278
278.7,-0.30339516547993767,0.8114170461143538,0.14448553005531278
278.72,-0.42905601564648715,0.8615347003636585,0.06600861779176725
278.74,-0.4359013537878556,0.9774164960425389,-0.016624392629037678
278.76,-0.36158053968156956,1.031934724811295,-0.06698652324053418
278.78,-0.3500901506585582,0.9725269687987043,-0.024447636219173056
278.8,-0.34471167069034014,0.8568896494820157,0.04816184335177093
278.82,-0.29899459096048653,0.7982153225560004,0.09705711579011704
278.84,-0.26843504568652016,0.8356202059713351,0.09632368670354186
278.86,-0.21147205329584695,0.8497998349784555,0.07701005409039513
278.88,-0.19778137701311005,0.824863246034899,0.03716040705314305
278.9,-0.321241939919934,0.8314641078140758,0.005134003606026342
278.92,-0.48553005531277693,0.8180179078935306,-0.010512483574244415
278.94,-0.5297802768694801,0.7478531919445038,0.005378479968218073
278.96,-0.5153561715001681,0.7537206246371054,0.017602298077804602
278.98,-0.4498365064327843,0.8224184824129817,0.01637991626684595
279.0,-0.39849647037252084,0.8434434495614705,0.0295816398251994
279.02,-0.4324786847171714,0.8158176206338049,0.02102496714848883
279.04,-0.54811600403386,0.813128380649696,-0.05402927604437246
279.06,-0.6246371053998716,0.842954496837087,-0.09559025761696666
279.08,-0.5129114078782507,0.8703358494025609,-0.10756959936436146
279.1,-0.26916847477309536,0.9162974054946063,-0.0911896830975155
279.12,-0.1310393301347676,0.9431898053356966,-0.1383736210005195
279.14,-0.19386975521804234,1.1157901170430584,-0.3231977508174678
279.16,-0.3141521254163738,1.2935244323564465,-0.49115301164318675
279.18,-0.3205085108333588,1.2707881306726156,-0.45668184457415273
279.2,-0.23200806771995233,1.1113895425236073,-0.3190416526602084
279.22,-0.023469730770406136,1.067139320966904,-0.14081838462243682
279.24,0.31121840907007303,1.0994102007762123,0.07603214864162822
279.26,0.4808850044311341,1.049048070164716,0.18042355529749718
279.28,0.48455214986401,1.0069981358677382,0.1902026097851664
279.3,0.34495614705253186,1.1267915533416863,0.0679644286893011
279.32,0.25938942028542616,1.2859456651285028,-0.05965223237478226
279.34,0.3117073617944565,1.2583198362008372,-0.06845338141368457
279.36,0.3982519940103291,1.0387800629526633,-0.027381352565473825
279.38,0.3525349142804755,0.9424563762491214,-0.03960517067506036
279.4,0.22834092228707636,0.9857286923570577,-0.1166152247654555
279.42,0.11123674479723741,1.0201998594260917,-0.23054120954680193
279.44,0.018335727164379794,0.9493017143904898,-0.2972832564251444
279.46,-0.05500718149313938,0.7889252207927145,-0.3031506891177459
279.48,-0.10512483574244415,0.692357057726981,-0.33199889985637016
279.5,-0.1527977263698316,0.7099593558047856,-0.34324481251718975
279.52,-0.1894691806985912,0.7740121626990191,-0.3733154050667726
279.54,-0.12590532652874126,0.8072609479570944,-0.3958072303884118
279.56,0.002444763621917306,0.8314641078140758,-0.3916511322311524
279.58,0.14057390826024507,0.8876936711181738,-0.3327323289429453
279.6,0.2591449439232344,0.9180087400299484,-0.27014638022186227
279.62,0.3180637472114415,0.95639152889405,-0.21391681691776426
279.649,0.34324481251718975,1.0382911102282797,-0.17944564984873024
279.66,0.4085200012223818,1.129725269687987,-0.12614980289093297
279.68,0.5070439751856493,1.1385264187268893,-0.03764935977752651
279.7,0.5578950585215292,1.0744736118326559,0.06063013782354919
279.72,0.5319805641292057,1.0353573938819791,0.08238853405861321
279.74,0.4554594627631941,1.3008587232221984,-0.03936069431286862
279.76,0.45619289184976924,1.5282217400605078,-0.07627662500381995
279.78,0.490908535280995,1.2133361855575588,0.06429728325642514
279.8,0.27161323839501267,0.9402560889893958,0.1630657335818843
279.82,-0.08654463221587262,0.9121413073373468,0.1894691806985912
279.84,-0.4403019283073068,0.9187421691165235,0.2038932860679033
279.86,-0.5671851602848149,0.7412523301653271,0.23054120954680193
279.88,-0.4679277572349723,0.5537389603642697,0.2762582892766556
279.9,-0.42661125202456984,0.6146135745500106,0.23371940225529445
279.92,-0.4398129755829233,0.8991840601411851,0.026647923478898633
279.94,-0.2862818201265165,1.1285028878770285,-0.1320172355835345
279.96,-0.07309843229532745,1.1304586987745622,-0.17406716988051218
279.98,-0.01637991626684595,1.07080646639978,-0.06747547596491764
280.0,-0.18824679888763254,0.9358555144699446,0.016624392629037678
280.02,-0.5231794150903034,0.4532591755034685,-0.15939858814900834
280.04,-0.14961953366133912,0.9162974054946063,0.1207713229227149
280.06,0.5033768297527733,2.0504232497020443,0.1909360388717416
280.08,0.5033768297527733,2.0504232497020443,0.1909360388717416
280.1,0.8341533477981847,1.333129603031507,0.28432600922898266
280.12,0.5681630657335819,0.6290376799193228,0.6322158726278153
280.14,-0.10219111939614338,0.45448155731442713,0.3933624667664945
280.16,-0.5967668001100144,0.7610549155028573,0.1718668826207866
280.18,-0.8412431623017449,1.256852978027687,0.0009779054487669223
280.2,-0.5185343642086606,1.0153103321822572,0.02493658894355652
280.22,-0.1535311554564068,0.6500626470678116,0.19973718791064388
280.24,-0.17700088622681295,0.963725819759802,0.27063533294624575
280.26,1.1610182440485286,2.4584542982000426,1.183265593007976
280.28,1.769519909543746,0.5994560400941233,0.5855208874491947
280.3,0.34422271796595666,-0.08825596675121473,0.2510772239709073
280.32,-0.9796167833022644,0.5055771170124989,0.20609357332762887
280.34,-1.0617608409986858,1.4108730862084773,0.10341350120710203
280.36,-0.38431684136540045,1.8013018366286708,-0.09070073037313205
280.38,0.07823243590135379,1.2057574183296151,0.026892399841090365
280.4,-0.15622039544051583,0.6466399779971274,-0.01637991626684595
280.42,-1.0270451975674602,1.1162790697674418,-0.45839317910949484
280.44,-0.18482412981694832,1.804724505699355,0.19240289704489197
280.46,0.0951013048925832,0.7542095773614889,0.22491825321639214
280.48,0.1207713229227149,0.777679308131895,0.578920025670018
280.5,-0.6221923417779543,0.6583748433823304,-0.26012284937200136
280.52,-1.5037741038413348,1.307459585001375,0.05207346514683862
280.54,-1.093542768083611,0.24349845674296366,-0.15010848638572258
280.56,-1.0510038810622497,0.5537389603642697,0.043516792470128046
280.58,-0.3346881398404792,0.6801332396173945,-0.09461235216819973
280.6,-0.7947926534853161,0.7018916358524585,-0.40118571035662987
280.62,-0.8713137548513278,0.7701005409039513,-0.19142499159612505
280.64,-0.35473520154020105,0.9825504996485652,-0.08581120312929744
280.669,0.23640864223940347,1.2306940072731718,0.1904470861473581
280.68,0.44103535739388194,1.2238486691318033,0.3532683433670507
280.7,0.12981694832380894,0.8984506310546099,0.52269046236592
280.72,-0.28090334015829843,0.6948018213488983,0.5684075420957736
280.74,-0.35913577605965225,0.8287748678299667,0.47575100082510774
280.76,-0.1254163738043578,1.0106652813006143,0.33371023439171227
280.78,-0.04449469791889497,1.034379488433212,0.3070623109128136
280.8,-0.3068178345506219,0.8678910857806436,0.3356660452892461
280.82,-0.4867524371237356,0.7488310973932708,0.35595758335115973
280.84,-0.31341869632979863,0.7796351190294288,0.33224337621856187
280.86,-0.04033859976163555,0.9116523546129633,0.2608562784585765
280.88,0.15059743911010604,0.9735048742474712,0.2623231366317269
280.9,0.6243926290376799,1.1808208293860587,0.2508327476087156
280.92,0.24961036579775692,1.0094428994896556,0.026892399841090365
280.94,-0.6395501634935672,0.5266020841609876,0.04327231610793631
280.96,-0.7759679735965529,0.7273171775203985,0.2119610060202304
280.98,-0.08165510497203801,1.1512391895608594,0.1376401919139443
281.0,0.4693946154081227,1.2666320325153562,0.03569354887999267
281.02,0.16379916266845948,0.896494820157076,0.11612627204107202
281.04,-0.40167466308101335,0.8876936711181738,0.18286831891941446
281.06,-0.6038566146135745,1.5064633438254438,0.15010848638572258
281.08,-0.2246737768542004,1.772209149527855,0.11612627204107202
281.1,0.15133086819668123,1.4233413806802555,0.2926382055435015
281.12,-0.0831219631451884,1.0901200990129267,0.40167466308101335
281.14,-0.45668184457415273,1.0632276991718363,0.45448155731442713
281.16,-0.6625309415395899,0.9522354307367906,0.49286434617852887
281.18,-0.7121596430645112,0.761299391865049,0.5134003606026343
281.2,-0.7407633774409437,0.6290376799193228,0.5591174403324879
281.22,-0.6879564832075299,0.5407817131681081,0.578920025670018
281.24,-0.5593619166946796,0.6221923417779543,0.5442043822387923
281.26,-0.3676924487363628,0.7754790208721694,0.3757601686886899
281.28,-0.24643217308926443,0.8710692784891361,0.10414693029367723
281.3,-0.17480059896708736,1.1527060477340096,-0.15402010818079026
281.32,0.002933716346300767,1.3680897228249242,-0.2608562784585765
281.34,0.17773431531338812,1.2316719127219387,-0.16184335177092565
281.36,0.08727806130244782,1.0260672921186933,-0.03642697796656786
281.38,-0.3095070745347309,0.9136081655104972,-0.11172569752162087
281.4,-0.6280597744705558,0.9385447544540537,-0.17651193350242947
281.42,-0.733184610213,0.9072517800935122,-0.1063472175534028
281.44,-0.6527518870519207,0.8075054243192861,-0.03471564343122574
281.46,-0.5300247532316719,0.833908871435993,-0.005867432692601534
281.48,-0.5300247532316719,0.833908871435993,-0.005867432692601534
281.5,-0.5016654952174312,0.8473550713565382,-0.010268007212052684
281.52,-0.5021544479418146,0.812150475200929,-0.042783363383552854
281.54,-0.503621306114965,0.7952816062096996,-0.05451822876875592
281.56,-0.5200012223818109,0.7429636647006692,-0.047428414265195735
281.58,-0.5344253277511231,0.6713320905784922,-0.014424105369312105
281.6,-0.5454267640497509,0.6219478654157626,-0.03544907251780093
281.62,-0.6209699599669957,0.627081869021789,-0.08092167588546283
281.64,-0.7273171775203985,0.6395501634935672,-0.09803502123888397
281.66,-0.7991932280047672,0.7097148794425939,-0.2615897075451517
281.689,-0.8133728570118877,1.064450080982795,-0.6446841670995935
281.7,-0.8351312532469517,1.1096782079882652,-0.8786480457170797
281.72,-0.8358646823335268,0.7962595116584665,-0.6036121382513828
281.74,-0.7502979555664212,0.6483513125324695,-0.3349326162026709
281.76,-0.5877211747089203,0.6644867524371237,-0.24105369312104635
281.78,-0.4852855789505852,0.6874675304831463,-0.19558108975338445
281.8,-0.543470953152217,0.6850227668612291,-0.1672218317391437
281.82,-0.5666962075604315,0.7417412828897106,-0.22931882773584328
281.84,-0.4530146991412768,0.8089722824924365,-0.38260550683005834
281.86,-0.2183173914372154,0.8336643950738013,-0.35302386700485894
281.88,-0.11930446474956452,0.9439232344222718,-0.2813922928826819
281.9,-0.040094123399443814,1.0541820737707424,-0.2589004675610427
281.92,-0.017602298077804602,1.1228799315466185,-0.3818720777434832
281.94,-0.07456529046847783,1.1773981603153745,-0.3496011979341747
281.96,-0.20804938422516273,1.151483665923051,-0.1838462243681814
281.98,-0.3371329034623965,1.0866974299422425,-0.08165510497203801
282.0,-0.37453778687773126,1.0727622772973138,-0.036182501604376124
282.02,-0.34348928887938146,1.0803410445252575,-0.03544907251780093
282.04,-0.25303303486844114,1.0837637135959417,-0.08507777404272224
282.06,-0.16673287901476025,1.0756959936436146,-0.23787550041255387
282.08,-0.15866515906243314,1.060782935549919,-0.3794273141215659
282.1,-0.2342083549796779,1.021666717599242,-0.4635271827155212
282.12,-0.2310301622711854,0.9695932524524035,-0.5182898878464688
282.14,-0.11392598478134645,0.9153195000458393,-0.5669406839226232
282.16,-0.031048497998349783,0.9346331326589861,-0.6114353818415181
282.18,-0.029092687100815938,0.9515020016502155,-0.6395501634935672
282.2,-0.05280689423341381,0.9082296855422791,-0.6432173089264431
282.22,-0.11343703205696298,0.8412431623017449,-0.5945665128502888
282.24,-0.24887693671118175,0.8265745805702411,-0.5043547352015402
282.26,-0.3500901506585582,0.8351312532469517,-0.4349234483390887
282.28,-0.3532683433670507,0.8422210677505119,-0.41389848119059985
282.3,-0.2928826819056932,0.8495553586162637,-0.3813831250190997
282.32,-0.233230449530911,0.8165510497203802,-0.32906518351006936
282.34,-0.20682700241420407,0.7987042752803838,-0.3053509763774715
282.36,-0.1926473734070837,0.8637349876233842,-0.31928612902240017
282.38,-0.19533661339119274,1.0111542340249977,-0.3293096598722611
282.4,-0.21465024600433946,1.1219020260978516,-0.28310362741802403
282.42,-0.2598783730098096,1.1302142224123706,-0.22589615866515905
282.44,-0.24203159856981327,1.1233688842710021,-0.1694221189988693
282.46,-0.20413776243009504,1.1358371787427803,-0.17235583534517007
282.48,-0.34422271796595666,1.1920667420468782,-0.24423188582953886
282.5,-0.5295358005072884,1.1800874002994834,-0.28285915105583226
282.52,-0.5877211747089203,0.9500351434770651,-0.2261406350273508
282.54,-0.5955444182990557,0.868380038505027,-0.233230449530911
282.56,-0.5847874583626196,0.9387892308162454,-0.3669590196497876
282.58,-0.5578950585215292,0.897472725605843,-0.45765975002291964
282.6,-0.6038566146135745,0.7835467408244965,-0.48968615347003636
282.62,-0.6346606362497326,0.7070256394584848,-0.46181584818017907
282.64,-0.610701952754943,0.6566635088469883,-0.41218714665525774
282.66,-0.5586284876081044,0.6708431378541088,-0.37135959416923875
282.68,-0.500932066130856,0.697735537695199,-0.32515356171500165
282.71,-0.4965314916114048,0.679644286893011,-0.2772361947254225
282.73,-0.5253797023500291,0.6566635088469883,-0.2334749258931027
282.75,-0.5138893133270177,0.6268373926595973,-0.21367234055557252
282.77,-0.4923753934541454,0.6327048253521987,-0.22882987501145982
282.79,-0.5053326406503071,0.6534853161384958,-0.24105369312104635
282.81,-0.5295358005072884,0.6554411270360296,-0.2608562784585765
282.83,-0.5112000733429086,0.6566635088469883,-0.3075512636371971
282.85,-0.4808850044311341,0.6764660941845185,-0.34593405250129877
282.87,-0.5449378113253674,0.641505974391101,-0.36011368150841916
282.89,-0.6175472908963114,0.617058338171928,-0.42563334657580293
282.91,-0.6449286434617852,0.6520184579653454,-0.4970204443357883
282.93,-0.6153470036365859,0.6241481526754882,-0.5048436879259236
282.95,-0.6124132872902851,0.5574061057971458,-0.48553005531277693
282.97,-0.642483879839868,0.516334076948935,-0.4779512880848333
282.99,-0.6268373926595973,0.532713993215781,-0.5026434006661981
283.01,-0.6212144363291874,0.7955260825718913,-0.5297802768694801
283.03,-0.5972557528343978,1.0666503682425206,-0.5813647892919354
283.05,-0.44323564465360754,0.8884271002047489,-0.4962870152492131
283.07,-0.34348928887938146,0.5930996546771384,-0.38602817590074257
