Time (seconds),X,Y,Z
0.0,-0.5055771170124989,0.08532225040491398,-0.906518351006937
0.02,-0.4989762552333221,0.08850044311340648,-0.9087186382666625
0.04,-0.4948201570760627,0.08947834856217339,-0.910185496439813
0.06,-0.4965314916114048,0.08678910857806435,-0.9109189255263882
0.08,-0.5011765424930477,0.08581120312929744,-0.9070073037313204
0.1,-0.5043547352015402,0.08703358494025609,-0.9038291110228279
0.12,-0.5045992115637319,0.08923387219998166,-0.9028512055740611
0.14,-0.5004431134064725,0.08947834856217339,-0.9092075909910461
0.16,-0.4977538734223635,0.08850044311340648,-0.9136081655104972
0.18,-0.4960425388870214,0.0887449194755982,-0.912874736423922
0.2,-0.4982428261467469,0.08996730128655686,-0.9082296855422791
0.22,-0.5023989243040063,0.08825596675121473,-0.9023622528496775
0.24,-0.5038657824771567,0.08923387219998166,-0.9040735873850196
0.26,-0.5043547352015402,0.08898939583778993,-0.9094520673532378
0.28,-0.5041102588393485,0.0863001558536809,-0.9099410200776212
0.3,-0.5041102588393485,0.08532225040491398,-0.9079852091800874
0.32,-0.5033768297527733,0.08532225040491398,-0.9062738746447453
0.34,-0.4982428261467469,0.08752253766463955,-0.9040735873850196
0.36,-0.4926198698163371,0.09216758854628243,-0.9052959691959783
0.38,-0.4987317788711304,0.08947834856217339,-0.9084741619044708
0.4,-0.5065550224612657,0.08556672676710571,-0.9089631146288543
0.42,-0.5011765424930477,0.08287748678299667,-0.9136081655104972
0.44,-0.4955535861626379,0.08507777404272224,-0.9170308345811814
0.46,-0.494575680713871,0.09094520673532377,-0.9089631146288543
0.48,-0.4989762552333221,0.09021177764874859,-0.900161965589952
0.5,-0.5048436879259236,0.08947834856217339,-0.8986951074168016
0.52,-0.5065550224612657,0.08947834856217339,-0.9052959691959783
0.54,-0.5028878770283898,0.0863001558536809,-0.9116523546129633
0.56,-0.4975093970601717,0.08776701402683128,-0.912874736423922
0.58,-0.4943312043516792,0.09094520673532377,-0.9092075909910461
0.6,-0.49286434617852887,0.08703358494025609,-0.9077407328178957
0.62,-0.4987317788711304,0.08703358494025609,-0.9050514928337866
0.64,-0.5094887388075665,0.08458882131833878,-0.9040735873850196
0.66,-0.5094887388075665,0.0863001558536809,-0.9052959691959783
0.68,-0.5033768297527733,0.08776701402683128,-0.9087186382666625
0.708,-0.4987317788711304,0.08727806130244782,-0.9114078782507716
0.72,-0.5016654952174312,0.08507777404272224,-0.9084741619044708
0.74,-0.5060660697368823,0.08532225040491398,-0.9040735873850196
0.76,-0.506310546099074,0.08434434495614705,-0.9052959691959783
0.78,-0.49115301164318675,0.08776701402683128,-0.9092075909910461
0.8,-0.4838187207774348,0.0919231121840907,-0.9104299728020047
0.82,-0.4987317788711304,0.09314549399504936,-0.9089631146288543
0.84,-0.5141337896892094,0.08703358494025609,-0.9040735873850196
0.86,-0.5173119823977019,0.0831219631451884,-0.9067628273691287
0.88,-0.5087553097209914,0.08361091586957185,-0.910185496439813
0.9,-0.4965314916114048,0.08947834856217339,-0.912874736423922
0.92,-0.4940867279894875,0.0887449194755982,-0.9138526418726889
0.94,-0.4926198698163371,0.09290101763285762,-0.9035846346606362
0.96,-0.503621306114965,0.08996730128655686,-0.8994285365033768
0.98,-0.5067994988234575,0.08507777404272224,-0.8979616783302264
1.0,-0.5023989243040063,0.08556672676710571,-0.9028512055740611
1.02,-0.5060660697368823,0.0887449194755982,-0.9082296855422791
1.04,-0.5077774042722244,0.08923387219998166,-0.9082296855422791
1.06,-0.5038657824771567,0.08776701402683128,-0.9087186382666625
1.08,-0.4987317788711304,0.08752253766463955,-0.9092075909910461
1.1,-0.4977538734223635,0.08654463221587262,-0.9133636891483055
1.12,-0.5014210188552394,0.08703358494025609,-0.910185496439813
1.14,-0.5080218806344161,0.08654463221587262,-0.9030956819362528
1.16,-0.5031323533905815,0.08776701402683128,-0.9023622528496775
1.18,-0.494575680713871,0.09314549399504936,-0.9072517800935122
1.2,-0.4957980625248296,0.08996730128655686,-0.9099410200776212
1.22,-0.5067994988234575,0.08556672676710571,-0.9043180637472115
1.24,-0.512666931516059,0.08458882131833878,-0.9038291110228279
1.26,-0.5077774042722244,0.08605567949148916,-0.9072517800935122
1.28,-0.5011765424930477,0.08850044311340648,-0.910185496439813
1.3,-0.5001986370442808,0.0887449194755982,-0.9126302600617303
1.32,-0.49995416068208903,0.0887449194755982,-0.9096965437154295
1.34,-0.4994652079577056,0.09363444671943282,-0.9004064419521437
1.36,-0.4994652079577056,0.09363444671943282,-0.9004064419521437
1.38,-0.5016654952174312,0.08923387219998166,-0.8994285365033768
1.4,-0.5014210188552394,0.09045625401094032,-0.8982061546924182
1.42,-0.5021544479418146,0.08947834856217339,-0.9082296855422791
1.44,-0.5011765424930477,0.08703358494025609,-0.9131192127861137
1.46,-0.5028878770283898,0.08703358494025609,-0.912874736423922
1.48,-0.507288451547841,0.08361091586957185,-0.9106744491641964
1.5,-0.478195764447025,0.06698652324053418,-0.9561470525318583
1.52,-0.3662255905632124,0.06185251963450784,-1.0752070409192311
1.54,-0.3368884271002047,0.13152828285915105,-1.1522170950096262
1.56,-0.43052287381963755,0.1982703297374935,-1.1338813678452464
1.58,-0.6180362436206949,0.13397304648106836,-1.0057757540567795
1.6,-0.8417321150261284,0.06943128686245148,-0.9292546526907679
1.62,-0.8495553586162637,0.06331937780765821,-0.8798704275280383
1.64,-0.7436970937872445,0.07505424319286129,-0.8158176206338049
1.66,-0.7779237844940867,0.21465024600433946,-0.7285395593313572
1.68,-1.0656724627937537,0.3945848485774532,-0.7989487516425755
1.7,-1.2480518289887845,0.3845613177275922,-1.0067536595055466
1.729,-1.2969471014271308,0.380160743208141,-1.049048070164716
1.74,-1.1566176695290773,0.292149252819118,-0.9717935397121291
1.76,-0.9656816306573358,0.2694129511352871,-0.912874736423922
1.78,-0.9043180637472115,0.28897106011062557,-0.8771811875439294
1.8,-0.9757051615071968,0.28579286740213306,-0.8894050056535159
1.82,-0.9695932524524035,0.30192830730678727,-0.9077407328178957
1.84,-0.8600678421905081,0.33786633254897164,-0.8532225040491397
1.86,-0.7916144607768236,0.3676924487363628,-0.8119059988387373
1.88,-0.7363628029214925,0.3955627540262201,-0.805794089783944
1.9,-0.6278152981083641,0.3933624667664945,-0.7639886318491581
1.92,-0.5302692295938636,0.37380435779115606,-0.7471197628579287
1.94,-0.48944167710784464,0.35693548879992665,-0.7833022644623048
1.96,-0.4950646334382544,0.27136876203282095,-0.7698560645417596
1.98,-0.46083794273141215,0.12370503926901567,-0.6830669559636953
2.0,-0.3652476851144455,0.05207346514683862,-0.6698652324053418
2.02,-0.2655013293402194,0.035204596155609204,-0.6948018213488983
2.04,-0.12786113742627508,0.0679644286893011,-0.6302600617302815
2.06,-0.07212052684656052,0.11490389023011337,-0.6402835925801424
2.08,-0.10439140665586896,0.10292454848271858,-0.6735323778382177
2.1,-0.0799437704366959,0.03936069431286862,-0.6649757051615072
2.12,0.02469211258136479,-0.0044005745194511505,-0.6441952143752101
2.14,0.08898939583778993,-0.030315068911774594,-0.6432173089264431
2.16,0.13006142468600068,-0.07945481771231244,-0.6818445741527366
2.18,0.18457965345475658,-0.10219111939614338,-0.7104483085291691
2.2,0.24447636219173058,-0.09901292668765088,-0.6945573449867066
2.22,0.27308009656816307,-0.10659169391559453,-0.6559300797604132
2.24,0.2263851113895425,-0.100724261222993,-0.7028695413012255
2.26,0.20853833694954618,-0.12492742107997433,-0.767655777282034
2.28,0.35669101243773493,-0.12737218470189163,-0.8106836170277786
2.3,0.4923753934541454,-0.10023530849860954,-0.8422210677505119
2.32,0.4341900192525135,-0.18653546435229043,-0.8387983986798276
2.34,0.32662041988815205,-0.3359105216514378,-0.8385539223176359
2.36,0.29777220914952784,-0.40485285578950586,-0.9263209363444672
2.38,0.3376218561867799,-0.3623139687681447,-0.9803502123888397
2.4,0.3659811142010207,-0.2784585765363811,-0.9343886562967942
2.42,0.31244079088103166,-0.2941050637166519,-0.8483329768053052
2.44,0.2618341839073435,-0.3361549980136295,-0.8202181951532561
2.46,0.2784585765363811,-0.2941050637166519,-0.9052959691959783
2.48,0.3205085108333588,-0.18677994071448217,-0.9972190813800691
2.5,0.31048497998349783,-0.11465941386792164,-1.049781499251291
2.52,0.25449989304159154,-0.14375210096873758,-1.0128655685603398
2.54,0.16746630810133545,-0.1958255661155762,-1.0109097576628059
2.56,0.13446199920545182,-0.1718668826207866,-1.0246004339455428
2.58,0.09534578125477493,-0.1376401919139443,-1.0409803502123889
2.6,0.07847691226354551,-0.1271277083396999,-1.101610488035938
2.62,0.04889527243834611,-0.16013201723558354,-1.1250802188063442
2.64,-0.023714207132597868,-0.19362527885585062,-1.0881642881153928
2.66,-0.07872138862573724,-0.21220548238242215,-1.0255783393943099
2.68,-0.06723099960272591,-0.2102496714848883,-1.026311768480885
2.7,-0.060141185099165724,-0.1926473734070837,-1.0595605537389603
2.72,-0.07872138862573724,-0.16428811539284294,-1.0585826482901934
2.749,-0.1239495156312074,-0.1471747700394218,-0.9974635577422608
2.76,-0.1239495156312074,-0.1471747700394218,-0.9974635577422608
2.78,-0.16282125721969257,-0.17088897717201967,-0.9407450417137793
2.8,-0.27283562020597135,-0.26501237661583593,-0.952724383461174
2.82,-0.3190416526602084,-0.34495614705253186,-1.0456254010940318
2.84,-0.23958683494789598,-0.36915930690951315,-1.1395043241756562
2.86,-0.14204076643339547,-0.3461785288634905,-1.0813189499740243
2.88,-0.10096873758518474,-0.31146288543226475,-0.9312104635883018
2.9,-0.12101579928490663,-0.333954710753904,-0.9023622528496775
2.92,-0.22834092228707636,-0.40216361580539683,-0.948323808941723
2.94,-0.22174006050789963,-0.4975093970601717,-0.9170308345811814
2.96,-0.042783363383552854,-0.595299941936864,-0.9143415945970724
2.98,0.09950187941203435,-0.6652201815236989,-0.8698468966781774
3.0,0.06845338141368457,-0.7439415701494362,-0.7842801699110717
3.02,0.09925740304984261,-0.7251168902606729,-0.7600770100540903
3.04,0.17284478806955353,-0.6011673746294655,-0.714115453962045
3.06,0.17626745714023775,-0.5314916114048223,-0.70775906854506
3.08,0.15744277725147449,-0.503621306114965,-0.6547076979494545
3.1,0.009045625401094031,-0.5488494331204351,-0.6173028145341197
3.12,-0.14497448277969624,-0.636127494422883,-0.7637441554869664
3.14,-0.11025883934847049,-0.6048345200623415,-0.7588546282431318
3.16,-0.043761268832319775,-0.5627845857653638,-0.5808758365675518
3.18,-0.10708064663997799,-0.6806221923417779,-0.5468936222229013
3.2,-0.12223818109586529,-0.7989487516425755,-0.5928551783149466
3.22,-0.1549980136295572,-0.8331754423494179,-0.6026342328026159
3.24,-0.3036396418421294,-0.8273080096568163,-0.714115453962045
3.26,-0.5170675060355102,-0.8752253766463954,-0.7789016899428536
3.28,-0.4867524371237356,-0.9167863582189897,-0.6505515997921951
3.3,-0.3782049323106072,-0.9735048742474712,-0.6187696727072701
3.32,-0.1968034715643431,-1.0891421935641596,-0.6654646578858906
3.34,0.07505424319286129,-1.0532041683219753,-0.5371145677352321
3.36,0.264034471167069,-0.9439232344222718,-0.1317727592213428
3.38,0.35986920514622744,-0.9588362925159674,0.18115698438407235
3.4,0.22125110778351617,-1.16688567674113,0.003422669070684228
3.42,-0.4698835681325062,-1.2937689087186381,-0.6187696727072701
3.44,-0.957369434342817,-1.22335971640742,-1.1659077712923631
3.46,-0.3187971762980167,-1.2808116615224765,-1.1800874002994834
3.48,0.12028237019833145,-1.113345353421141,-0.7392965192677933
3.5,0.34006661980869723,-0.6307490144546649,-0.048650796076154385
3.52,0.36182501604376127,-0.1806680316596889,0.09925740304984261
3.54,0.09412339944381627,-0.06405280689423341,-0.1757785044158543
3.56,-0.554472389450845,-0.26501237661583593,-0.7845246462732635
3.58,-1.2556305962167282,-0.4620603245423708,-1.0214222412370504
3.6,-0.8463771659077712,-0.31513003086514074,-0.43027839745744584
3.62,-0.1359288573786022,-0.5864987928979617,0.04889527243834611
3.64,0.23200806771995233,-1.0903645753751183,-0.016135439904654218
3.66,-0.15670934816489931,-1.4551233077651804,-0.5520276258289276
3.68,-0.7026250649390337,-1.890046756104269,-0.8419765913883202
3.7,-0.30168383094459555,-1.9765913883201418,-0.6593527488310974
3.72,-0.2190508205237906,-1.4622131222687407,-0.4505699355193595
3.74,-0.01589096354246249,-0.5530055312776946,-0.2310301622711854
3.769,-0.043516792470128046,-0.18898022797420774,-0.2637899948048773
3.78,-0.34813433976102437,-0.724138984811906,-0.5180454114842771
3.8,-0.34471167069034014,-1.1727531094337316,-0.32784280169911073
3.82,-0.41047581211991563,-1.4179629007120373,-0.07603214864162822
3.84,-0.022491825321639215,-1.0456254010940318,-0.12737218470189163
3.86,-0.053295846957797266,-0.5855208874491947,-0.2591449439232344
3.88,-0.23640864223940347,-0.6033676618891911,-0.18726889343886563
3.9,-0.4444580264645662,-0.6647312287993155,-0.14008495553586162
3.92,-0.5295358005072884,-1.0583381719280016,-0.2542554166793998
3.94,-0.12590532652874126,-1.0994102007762123,-0.188735751612016
3.96,-0.18726889343886563,-0.8490664058918803,-0.2278519695626929
3.98,-0.44348012101579926,-0.776701402683128,-0.23078568590899368
4.0,-0.726828224796015,-1.049048070164716,-0.07114262139779359
4.02,-0.3906732267823855,-1.2101579928490664,-0.25547779849035845
4.04,-0.19215842068270023,-1.0595605537389603,-0.3510680561073251
4.06,-0.5305137059560554,-0.9336552272102191,-0.01246829447177826
4.08,-0.6439507380130184,-0.9517464780124072,0.03642697796656786
4.1,-0.34177795434403935,-1.0910980044616936,-0.28457048559117437
4.12,-0.1486416282125722,-1.1512391895608594,-0.31195183815664823
4.14,-0.3073067872750053,-1.0524707392354002,-0.03422669070684228
4.16,-0.3073067872750053,-1.0524707392354002,-0.03422669070684228
4.18,-0.6248815817620633,-0.7940592243987409,-0.02469211258136479
4.2,-0.5209791278305779,-0.8615347003636585,-0.17993460257311372
4.22,-0.4253888702136112,-0.9280322708798093,-0.22076215505913271
4.24,-0.4082755248601901,-1.0294899611893775,-0.3070623109128136
4.26,-0.3852947468141674,-1.1128564006967576,-0.22320691868105003
4.28,-0.37429331051553955,-1.0395134920392384,-0.16526602084160988
4.3,-0.34080004889527243,-0.9378113253674785,-0.25792256211227577
4.32,-0.4662164226996302,-0.8512666931516059,-0.2173394859884485
4.34,-0.5400482840815328,-0.72047183937903,-0.21122757693365524
4.36,-0.33933319072212204,-0.8050606606973688,-0.22662958775173425
4.38,-0.267701616599945,-0.9280322708798093,-0.09705711579011704
4.4,-0.14839715185038047,-0.8453992604590044,-0.18849127524982429
4.42,-0.4630382299911377,-0.8835375729609143,-0.2525440821440577
4.44,-0.575252880237142,-0.9004064419521437,-0.22589615866515905
4.46,-0.22296244231885828,-0.9867065978058246,-0.3637808269412951
4.48,-0.2923937291813098,-0.9214314091006326,-0.057451945115056684
4.5,-0.7080035449072518,-1.0221556703236256,-0.09999083213641781
4.52,-0.47379518992757386,-1.2399841090364576,-0.4975093970601717
4.54,0.022980778046022676,-1.1233688842710021,-0.44568040827552485
4.56,-0.20022614063502733,-0.6994468722305413,-0.27136876203282095
4.58,-0.6058124255111084,-0.6757326650979433,-0.4180545793478593
4.6,-0.609724047306176,-0.9180087400299484,-0.22076215505913271
4.62,-0.4131650521040247,-1.167863582189897,-0.21367234055557252
4.64,-0.24863246034899,-1.1277694587904532,-0.32882070714787764
4.66,-0.31244079088103166,-1.1272805060660698,-0.5877211747089203
4.68,-0.647862359808086,-1.23044953091098,-0.41707667389909236
4.7,-0.6556856033982215,-1.3023255813953487,-0.2933716346300767
4.72,-0.38676160498731776,-1.4450997769153195,-0.4378571646853895
4.74,-0.17162240625859487,-1.4495003514347706,-0.4491030773462091
4.76,-0.10756959936436146,-1.2284937200134463,-0.3852947468141674
4.789,-0.09583473397915838,-0.8835375729609143,-0.34202243070623106
4.81,-0.1359288573786022,-1.3971824099257402,0.03960517067506036
4.83,-0.12492742107997433,-1.4145402316413531,0.17284478806955353
4.85,-0.26745714023775324,-1.4120954680194358,0.08483329768053051
4.87,-0.26745714023775324,-1.4120954680194358,0.08483329768053051
4.89,-0.3975185649237539,-1.3353298902912325,-0.21513919872872292
4.91,-0.21856186779940714,-1.0155548085444488,-0.3031506891177459
4.93,-0.020047061699721907,-0.569874400268924,-0.4190324847966262
4.95,-0.5041102588393485,-0.3596247287840357,-0.5295358005072884
4.97,-0.1549980136295572,-0.43443449561470526,-1.105277633468814
4.99,-0.39947437582128775,-0.9495461907526815,-1.3888702136112214
5.01,-0.563518014851939,-0.4261222993001864,-0.6371053998716499
5.03,-0.2796809583473398,0.03716040705314305,-0.25205512941967423
5.05,0.06307490144546649,0.18262384255722275,-0.25572227485255017
5.07,0.15402010818079026,0.062096995996699565,-0.2941050637166519
5.09,-0.2246737768542004,-0.21440576964214772,-0.31610793631390766
5.11,-0.09265654127066589,-0.22394034776762523,-0.5055771170124989
5.13,-0.34226690706842283,0.1694221189988693,-0.25596675121474194
5.15,-1.2490297344375516,0.25327751123063286,-0.5896769856064542
5.17,-1.6164777068117226,-0.5099776915319499,-1.5365339363750268
5.19,-0.7830577881001131,-1.5184426855728386,-1.333863032118082
5.21,-0.2508327476087156,-1.5876294960730983,-0.46108241909360387
5.23,-0.01735782171561287,-1.1231244079088103,0.01637991626684595
5.25,0.2633010420804938,-1.2693212724994651,-0.0036671454328759587
5.27,0.48846377165907773,-1.2986584359624729,-0.05940775601259053
5.29,0.323931179904043,-1.136081655104972,-0.05696299239067323
5.31,0.10463588301806069,-1.029001008464994,-0.14595238822846315
5.33,0.018091250802188062,-1.029001008464994,-0.31121840907007303
5.35,-0.03398221434465055,-1.0052868013323961,-0.38822846316046816
5.37,0.014913058093695565,-0.9515020016502155,-0.3782049323106072
5.39,-0.176022980778046,-0.9669040124682945,-0.40387495034073895
5.41,-0.28652629648870825,-0.9962411759313021,-0.4953091098004462
5.43,-0.16208782813311737,-0.9698377288145952,-0.5087553097209914
5.45,0.15402010818079026,-0.8776701402683128,-0.323931179904043
5.47,0.26892399841090364,-0.8363536350579103,-0.18017907893530544
5.49,0.16502154447941814,-0.9480793325795311,-0.28383705650459923
5.51,0.12174922837148183,-1.0331571066222534,-0.42881153928429544
5.53,0.06625309415395898,-1.0214222412370504,-0.45961556092045347
5.55,-0.02933716346300767,-0.9607921034135012,-0.4659719463374385
5.57,0.12737218470189163,-0.864712893072151,-0.3782049323106072
5.59,0.19533661339119274,-0.8434434495614705,-0.24276502765638847
5.61,0.006356385416984995,-0.9541912416343244,-0.3190416526602084
5.63,0.042783363383552854,-0.9559025761696666,-0.4241664884026526
5.65,0.10121321394737647,-0.8373315405066772,-0.40338599761635546
5.67,-0.094367875806008,-0.8251077223970907,-0.3344436634782874
5.69,-0.17284478806955353,-0.8727806130244782,-0.3102405036213061
5.71,-0.08825596675121473,-0.9148305473214559,-0.4053418085138893
5.73,-0.055251657855331114,-0.9292546526907679,-0.44348012101579926
5.75,-0.02884821073862421,-0.8551783149466736,-0.34740091067444917
5.77,-0.14326314824435413,-0.8358646823335268,-0.16819973718791065
5.799,-0.13006142468600068,-0.8273080096568163,-0.1525532500076399
5.81,-0.1613543990465422,-0.8632460348990006,-0.28481496195336614
5.83,-0.05574061057971457,-0.8996730128655686,-0.3943403722152614
5.85,0.008801149038902301,-0.8889160529291324,-0.3899397976958103
5.87,0.06527518870519207,-0.827552486019008,-0.29801668551171956
5.89,0.08287748678299667,-0.8280414387433915,-0.24032026403447115
5.91,0.15646487180270757,-0.897472725605843,-0.2628120893561104
5.93,0.16282125721969257,-0.9969746050178773,-0.3231977508174678
5.95,0.1990037588240687,-0.9766830669559636,-0.37111511780704703
5.97,0.23396387861748616,-0.9722824924365125,-0.3877395104360847
5.99,0.2261406350273508,-1.0849860954069004,-0.38896189224704336
6.01,0.15524248999174892,-1.1492833786633254,-0.3454450997769153
6.03,0.1525532500076399,-1.087186382666626,-0.33297680530513707
6.05,0.08654463221587262,-1.00724261222993,-0.22907435137365156
6.07,0.027625828927665557,-0.9021177764874858,-0.1254163738043578
6.09,0.0440057451945115,-0.8145952388228463,-0.1655104972038016
6.11,0.0838553922317636,-0.8251077223970907,-0.23885340586132078
6.13,0.011245912660819608,-0.9028512055740611,-0.28750420193747517
6.15,-0.055985086941906306,-0.9622589615866516,-0.3452006234147236
6.17,-0.07285395593313572,-0.9671484888304862,-0.32637594352596033
6.19,-0.07016471594902668,-1.0038199431592458,-0.31341869632979863
6.21,0.023469730770406136,-1.0382911102282797,-0.32662041988815205
6.23,0.05500718149313938,-1.0302233902759528,-0.34348928887938146
6.25,0.03202640344711671,-0.989151361427742,-0.3498456742963665
6.27,0.03202640344711671,-0.989151361427742,-0.3498456742963665
6.29,-0.0327598325336919,-0.9669040124682945,-0.34813433976102437
6.31,-0.053295846957797266,-1.0321792011734865,-0.4522812700547016
6.33,-0.059896708736973996,-1.1035662989334718,-0.44005745194511503
6.35,-0.027625828927665557,-1.1050331571066223,-0.3354215689270544
6.37,-0.0911896830975155,-1.1067444916419644,-0.2589004675610427
6.39,-0.17211135898297833,-1.1319255569477127,-0.20095956972160253
6.41,-0.18091250802188064,-1.1835100693701677,-0.2166060569018733
6.43,-0.15573144271613237,-1.2297161018244047,-0.33053204168321976
6.45,-0.12174922837148183,-1.2416954435717997,-0.3662255905632124
6.47,-0.18017907893530544,-1.2069798001405738,-0.4823518626042844
6.49,-0.1904470861473581,-1.1412156587109983,-0.5158451242245515
6.51,-0.17235583534517007,-1.129725269687987,-0.41218714665525774
6.53,-0.11368150841915473,-1.14146013507319,-0.35473520154020105
6.55,0.011490389023011338,-1.1368150841915472,-0.32808727806130245
6.57,0.021758396235064023,-1.1470830914035999,-0.3381108089111634
6.59,-0.04816184335177093,-1.1385264187268893,-0.3222198453687009
6.61,-0.08507777404272224,-1.106988968004156,-0.2806588637961067
6.63,-0.1183265593007976,-1.0854750481312838,-0.27014638022186227
6.65,-0.13152828285915105,-1.0840081899581333,-0.29997249640925344
6.67,-0.17797879167557987,-1.0519817865110166,-0.34324481251718975
6.69,-0.242276074932005,-0.973749350609663,-0.37038168872047184
6.71,-0.22809644592488462,-0.8867157656694068,-0.38602817590074257
6.73,-0.1919139443205085,-0.8353757296091434,-0.3835834122788253
6.75,-0.1821348898328393,-0.817528955169147,-0.3359105216514378
6.77,-0.27087980930843747,-0.7984597989181921,-0.26892399841090364
6.79,-0.4124316230174495,-0.7752345445099776,-0.2877486782996669
6.82,-0.4796626226201754,-0.762277297313816,-0.3816276013812914
6.84,-0.3623139687681447,-0.688689912294105,-0.5160896005867432
6.86,-0.3779604559484155,-0.6182807199828867,-0.44103535739388194
6.88,-0.4926198698163371,-0.5530055312776946,-0.3173303181248663
6.9,-0.588943556519879,-0.47697338263606637,-0.2119610060202304
6.92,-0.576230785685909,-0.4234330593160774,-0.242276074932005
6.94,-0.5116890260672922,-0.4087644775845735,-0.33859976163554684
6.96,-0.5116890260672922,-0.4087644775845735,-0.33859976163554684
6.98,-0.539070378632766,-0.4190324847966262,-0.41609876845032545
7.0,-0.6028787091648076,-0.44739174281086697,-0.4099868593955322
7.02,-0.5830761238272775,-0.4036304739785472,-0.31072945634568955
7.04,-0.5446933349631757,-0.381138648656908,-0.21049414784708004
7.06,-0.4940867279894875,-0.37307092870458086,-0.10879198117532012
7.08,-0.41463191027717505,-0.38333893591663354,-0.18262384255722275
7.1,-1.2969471014271308,-0.6884454359319133,-0.824863246034899
7.12,-1.4443663478287443,-0.6889343886562967,-1.5739388197903614
7.14,-0.8177734315313387,-0.4557039391253858,-1.193289123857837
7.16,-0.58625431653577,-0.5730525929774165,-0.506310546099074
7.18,-0.3821165541056749,-0.5864987928979617,-0.3361549980136295
7.2,-0.31268526724322343,-0.6483513125324695,-0.4077865721358066
7.22,-0.3195306053845919,-0.7833022644623048,-0.47477309537634077
7.24,-0.2777251474498059,-0.9299880817773432,-0.52269046236592
7.26,-0.31464107814075726,-1.0558934083060845,-0.5001986370442808
7.28,-0.2914158237325429,-1.1549063349937352,-0.3522904379182838
7.3,-0.2334749258931027,-1.1299697460501787,-0.2647679002536442
7.32,-0.2408092167588546,-1.056137884668276,-0.2735690492925465
7.34,-0.21244995874461386,-1.0170216667175993,-0.31513003086514074
7.36,-0.18189041347064755,-0.9820615469241818,-0.380160743208141
7.38,-0.2158726278152981,-0.9500351434770651,-0.4339455428903218
7.4,-0.28359258014240746,-0.9324328453992604,-0.4261222993001864
7.42,-0.25841151483665925,-0.9133636891483055,-0.3701372123582801
7.44,-0.25449989304159154,-0.8920942456376248,-0.32588699080157685
7.46,-0.28310362741802403,-0.8649573694343428,-0.28016991107172323
7.48,-0.30021697277144516,-0.8698468966781774,-0.3043730709287046
7.5,-0.30046144913363687,-0.9099410200776212,-0.352045961556092
7.52,-0.2911713473703511,-0.9402560889893958,-0.37429331051553955
7.54,-0.24569874400268923,-0.9326773217614521,-0.34251138343061455
7.56,-0.20829386058735447,-0.9238761727225498,-0.3383552852733551
7.58,-0.19313632613146717,-0.9272988417932341,-0.3532683433670507
7.6,-0.18017907893530544,-0.9290101763285762,-0.3830944595544418
7.62,-0.18262384255722275,-0.9280322708798093,-0.41292057574183294
7.64,-0.17113345353421142,-0.9260764599822754,-0.3980075176481374
7.66,-0.17480059896708736,-0.9275433181554258,-0.3830944595544418
7.68,-0.18555755890352352,-0.9302325581395349,-0.35913577605965225
7.7,-0.1982703297374935,-0.9277877945176175,-0.36964825963389664
7.72,-0.21391681691776426,-0.9297436054151514,-0.39776304128594564
7.74,-0.21244995874461386,-0.9326773217614521,-0.3894508449714268
7.76,-0.19533661339119274,-0.9177642636677567,-0.38676160498731776
7.78,-0.18677994071448217,-0.8928276747242001,-0.37600464505088166
7.8,-0.1549980136295572,-0.8691134675916022,-0.35595758335115973
7.829,-0.1718668826207866,-0.8703358494025609,-0.3804052195703328
7.84,-0.21073862420927175,-0.8903829111022827,-0.4204993429697766
7.86,-0.21685053326406503,-0.8950279619839256,-0.41634324481251717
7.88,-0.18286831891941446,-0.8933166274485835,-0.3911621795067689
7.9,-0.15695382452709103,-0.8972282492436512,-0.3823610304678666
7.92,-0.16648840265256853,-0.8952724383461174,-0.4060752376004645
7.94,-0.18995813342297466,-0.8999174892277603,-0.43296763744155486
7.96,-0.18726889343886563,-0.9167863582189897,-0.42832258655991196
7.98,-0.18898022797420774,-0.9493017143904898,-0.41756562662347585
8.0,-0.1677107844635272,-0.9321883690370687,-0.39874094673471255
8.02,-0.15793172997585794,-0.9035846346606362,-0.39947437582128775
8.04,-0.15524248999174892,-0.9202090272896739,-0.409253430308957
8.06,-0.13886257372490296,-0.9341441799346025,-0.39849647037252084
8.08,-0.12028237019833145,-0.9363444671943282,-0.36891483054732144
8.1,-0.12590532652874126,-0.947345903492956,-0.3623139687681447
8.12,-0.14350762460654584,-0.9510130489258319,-0.3652476851144455
8.14,-0.14155181370901201,-0.9556580998074748,-0.3610915869571861
8.16,-0.10756959936436146,-0.9703266815389787,-0.34495614705253186
8.18,-0.10023530849860954,-0.9676374415548696,-0.36084711059499436
8.2,-0.1320172355835345,-0.941967423524738,-0.3918956085933441
8.22,-0.15475353726736546,-0.9263209363444672,-0.4209882956941601
8.24,-0.20853833694954618,-0.9356110381077529,-0.41854353207224276
8.26,-0.2493658894355652,-0.931943892674877,-0.3830944595544418
8.28,-0.18726889343886563,-0.884759954771873,-0.3813831250190997
8.3,-0.08116615224765455,-0.8155731442716132,-0.3916511322311524
8.32,-0.11685970112764722,-0.7762124499587446,-0.3980075176481374
8.34,-0.20071509335941082,-0.7586101518809399,-0.41927696115881796
8.36,-0.2779696238119977,-0.767655777282034,-0.4764844299116829
8.38,-0.2779696238119977,-0.767655777282034,-0.4764844299116829
8.4,-0.3351770925648626,-0.8192402897044891,-0.5493383858448186
8.42,-0.2390978822235125,-0.8197292424288727,-0.4982428261467469
8.44,-0.14521895914188795,-0.762277297313816,-0.4077865721358066
8.46,-0.2271185404761177,-0.8128839042875042,-0.37135959416923875
8.48,-0.34226690706842283,-0.9175197873055648,-0.40167466308101335
8.5,-0.3630473978547199,-0.9554136234452831,-0.41438743391498334
8.52,-0.35717996516211836,-0.9713045869877456,-0.3755156923264982
8.54,-0.2655013293402194,-0.9378113253674785,-0.3351770925648626
8.56,-0.21611710417748983,-0.8612902240014668,-0.28677077285089997
8.58,-0.24741007853803135,-0.9136081655104972,-0.2972832564251444
8.6,-0.3496011979341747,-0.9830394523729487,-0.3664700669254041
8.62,-0.31928612902240017,-0.9742383033340464,-0.3654921614766372
8.64,-0.2310301622711854,-0.9353665617455612,-0.3672034960119793
8.66,-0.176022980778046,-0.9275433181554258,-0.34348928887938146
8.68,-0.20047061699721908,-0.8986951074168016,-0.3038841182043211
8.7,-0.32735384897472725,-0.8896494820157076,-0.3080402163615805
8.72,-0.44494697918894965,-0.9226537909115912,-0.28799315466185865
8.74,-0.48968615347003636,-0.9441677107844635,-0.26672371115117804
8.76,-0.4950646334382544,-0.8991840601411851,-0.26843504568652016
8.78,-0.5014210188552394,-0.8419765913883202,-0.17846774439996332
8.8,-0.4444580264645662,-0.8451547840968127,-0.1366622864651774
8.82,-0.4498365064327843,-0.8884271002047489,-0.16526602084160988
8.849,-0.4385905937719647,-0.9035846346606362,-0.13421752284326008
8.86,-0.4261222993001864,-0.9336552272102191,-0.08678910857806435
8.88,-0.4204993429697766,-0.9326773217614521,-0.07212052684656052
8.9,-0.5104666442563335,-0.9153195000458393,-0.10805855208874492
8.92,-0.6195031017938453,-0.8791369984414632,-0.018824679888763254
8.94,-0.6087461418574092,-0.8341533477981847,0.10659169391559453
8.96,-0.5647403966628977,-0.8365981114201021,0.04596155609204535
8.98,-0.5564282003483788,-0.8925831983620084,-0.01637991626684595
9.0,-0.5420040949790667,-0.9016288237631024,0.060141185099165724
9.02,-0.4852855789505852,-0.8708248021269444,0.16648840265256853
9.04,-0.4933532989029123,-0.9214314091006326,0.17064450080982796
9.06,-0.47110594994346483,-0.9280322708798093,0.18604651162790697
9.08,-0.4354124010634722,-0.875714329370779,0.21073862420927175
9.1,-0.44176878648045714,-0.8414876386639366,0.276747242001039
9.12,-0.39531827766402833,-0.8326864896250343,0.36255844513033647
9.14,-0.355713106988968,-0.8475995477187299,0.4261222993001864
9.16,-0.35375729609143414,-0.868380038505027,0.4816184335177092
9.18,-0.3931179904043028,-0.8815817620633805,0.48748586621031076
9.2,-0.39874094673471255,-0.8373315405066772,0.4957980625248296
9.22,-0.3630473978547199,-0.7764569263209363,0.5586284876081044
9.24,-0.33053204168321976,-0.7823243590135378,0.6004339455428903
9.26,-0.289460012835009,-0.8099501879412034,0.6036121382513828
9.28,-0.23958683494789598,-0.772300828163677,0.6131467163768602
9.3,-0.3346881398404792,-0.8033493261620267,0.5253797023500291
9.32,-0.3603581578706109,-0.8246187696727073,0.5119335024294839
9.34,-0.28188124560706534,-0.7774348317697033,0.5153561715001681
9.36,-0.28652629648870825,-0.8092167588546282,0.4510588882437429
9.38,-0.23029673318461022,-0.8427100204748953,0.47208385539223174
9.4,-0.18017907893530544,-0.8255966751214742,0.4948201570760627
9.42,-0.2246737768542004,-0.8546893622222901,0.46034899000702867
9.44,-0.3950738013018366,-0.9106744491641964,0.37111511780704703
9.46,-0.4950646334382544,-0.8994285365033768,0.44739174281086697
9.48,-0.3914066558689607,-0.7224276502765639,0.5977447055587812
9.5,-0.38700608134950953,-0.6882009595697216,0.5041102588393485
9.52,-0.3816276013812914,-0.7801240717538123,0.539070378632766
9.54,-0.317574794487058,-0.8859823365828317,0.5596063930568713
9.56,-0.38553922317635914,-0.9661705833817192,0.4997096843198973
9.58,-0.4173211502612841,-0.9798612596644561,0.424655441127036
9.6,-0.3664700669254041,-0.9559025761696666,0.3899397976958103
9.62,-0.295816398251994,-0.9033401582984445,0.43198973199278795
9.64,-0.28457048559117437,-0.780368548116004,0.4515478409681264
9.66,-0.4116981939308743,-0.7666778718332671,0.4816184335177092
9.68,-0.37209302325581395,-0.8258411514836659,0.4835742444152431
9.7,-0.27039085658405404,-0.7940592243987409,0.5297802768694801
9.72,-0.37160407053143046,-0.7556764355346393,0.48846377165907773
9.74,-0.5085108333587997,-0.8659352748831097,0.46108241909360387
9.76,-0.39874094673471255,-0.9703266815389787,0.4510588882437429
9.78,-0.39874094673471255,-0.9703266815389787,0.4510588882437429
9.8,-0.22956330409803502,-0.9529688598233658,0.41829905571005105
9.82,-0.14228524279558719,-0.850288787702839,0.3936069431286862
9.84,-0.19411423158023408,-0.7674113009198423,0.46083794273141215
9.869,-0.3080402163615805,-0.7380741374568346,0.5654738257494728
9.88,-0.30412859456651287,-0.6659536106102741,0.5244017969012621
9.9,-0.32955413623445284,-0.5693854475445406,0.3980075176481374
9.92,-0.5043547352015402,-0.7720563518014851,0.24447636219173058
9.94,-0.49213091709195367,-1.0991657244140207,0.2535219875928246
9.96,-0.40338599761635546,-1.2698102252238486,0.3202640344711671
9.98,-0.1095254102618953,-0.9316994163126853,0.4967759679735965
10.0,-0.13446199920545182,-0.915563976408031,0.46963909177031443
10.02,-0.32344222717965954,-1.0791186627142988,0.26647923478898633
10.04,-0.3310209944076032,-0.9114078782507716,0.35473520154020105
10.06,-0.28799315466185865,-0.8564006967576322,0.37429331051553955
10.08,-0.4060752376004645,-0.8913608165510497,0.3141521254163738
10.1,-0.469150139045931,-0.8703358494025609,0.34348928887938146
10.12,-0.434678971976897,-0.8561562203954405,0.35546863062677625
10.14,-0.37355988142896435,-0.8908718638266663,0.3109739327078813
10.16,-0.3395776670843138,-0.8960058674326926,0.24961036579775692
10.18,-0.3469119579500657,-0.8986951074168016,0.23298597316871925
10.2,-0.3141521254163738,-0.8801149038902301,0.2310301622711854
10.22,-0.31244079088103166,-0.8942945328973505,0.15377563181859855
10.24,-0.411942670293066,-0.9368334199187116,0.13079485377257585
10.26,-0.4657274699752468,-0.8463771659077712,0.2821257219692571
10.28,-0.5684075420957736,-0.7908810316902485,0.380160743208141
10.3,-0.5476270513094765,-0.7556764355346393,0.3740488341533478
10.32,-0.4967759679735965,-0.8960058674326926,0.3229532744552761
10.34,-0.4522812700547016,-1.023622528496776,0.28481496195336614
10.36,-0.38260550683005834,-0.9735048742474712,0.2611007548207683
10.38,-0.44005745194511503,-0.9272988417932341,0.19924823518626042
10.4,-0.48821929529688596,-0.9250985545335085,0.10341350120710203
10.42,-0.46108241909360387,-0.8913608165510497,0.0415609815725942
10.44,-0.45961556092045347,-0.8603123185527,0.04547260336766189
10.46,-0.5151116951379764,-0.8155731442716132,0.13397304648106836
10.48,-0.5547168658130367,-0.7693671118173762,0.2053601442410537
10.5,-0.5750084038749503,-0.8128839042875042,0.19484766066680928
10.52,-0.5532500076398863,-0.8891605292913242,0.15890963542462488
10.54,-0.516334076948935,-0.9678819179170614,0.15377563181859855
10.56,-0.44592488463771657,-0.9864621214436329,0.16013201723558354
10.58,-0.40974238303334043,-0.9493017143904898,0.12835009015065857
10.6,-0.4693946154081227,-0.9497906671148734,0.1303059010481924
10.62,-0.5075329279100327,-0.9549246707208997,0.2046267151544785
10.64,-0.4940867279894875,-0.9769275433181555,0.25376646395501634
10.66,-0.43272316107936315,-1.006264706781163,0.19142499159612505
10.68,-0.40338599761635546,-1.0282675793784188,0.1183265593007976
10.7,-0.4112092412064908,-1.0600495064633437,0.052562417871222074
10.72,-0.4251443938514195,-1.0925648626348439,-0.018335727164379794
10.74,-0.3950738013018366,-1.1277694587904532,-0.03349326162026709
10.76,-0.2943495400788436,-1.11603459340525,0.05451822876875592
10.78,-0.17773431531338812,-1.0478256883537573,0.17944564984873024
10.8,-0.10414693029367723,-1.0678727500534793,0.18922470433639946
10.82,-0.048650796076154385,-1.0813189499740243,0.1767564098646212
10.84,-0.07016471594902668,-1.0857195244934754,0.23640864223940347
10.86,-0.22736301683830945,-1.1632185313082541,0.22418482412981694
10.889,-0.21538367509091463,-1.1827766402835926,0.16991107172325276
10.9,-0.08214405769642147,-1.1236133606331937,0.15842068270024143
10.92,-0.10488035938025242,-1.10894477890169,0.1679552608257189
10.94,-0.16331020994407602,-1.0837637135959417,0.12419399199339913
10.96,-0.15450906090517372,-1.0109097576628059,0.08018824679888763
10.98,-0.18971365706078294,-0.9769275433181555,0.0415609815725942
11.0,-0.27234666748158787,-0.9744827796962381,-0.019069156250954986
11.02,-0.33224337621856187,-0.948323808941723,-0.08581120312929744
11.04,-0.35302386700485894,-0.9111634018885799,-0.11245912660819607
11.06,-0.41707667389909236,-0.8791369984414632,-0.12321608654463222
11.08,-0.4867524371237356,-0.8813372857011887,-0.13226171194572625
11.1,-0.5075329279100327,-0.9079852091800874,-0.10243559575833511
11.12,-0.5004431134064725,-0.8960058674326926,-0.05158451242245515
11.14,-0.44250221556703234,-0.8727806130244782,-0.05182898878464688
11.16,-0.3483788161232161,-0.8735140421110533,-0.0767655777282034
11.18,-0.3483788161232161,-0.8735140421110533,-0.0767655777282034
11.2,-0.3173303181248663,-0.8828041438743391,-0.08581120312929744
11.22,-0.3173303181248663,-0.8823151911499557,-0.0767655777282034
11.24,-0.29997249640925344,-0.8935611038107752,-0.08972282492436512
11.26,-0.30021697277144516,-0.9094520673532378,-0.1166152247654555
11.28,-0.2926382055435015,-0.8972282492436512,-0.1254163738043578
11.3,-0.25841151483665925,-0.8788925220792715,-0.13495095192983528
11.32,-0.21416129327995598,-0.8676466094184518,-0.13886257372490296
11.34,-0.17700088622681295,-0.8546893622222901,-0.1334840937566849
11.36,-0.16282125721969257,-0.842954496837087,-0.13568438101641048
11.38,-0.18091250802188064,-0.833908871435993,-0.14888610457476392
11.4,-0.2126944351068056,-0.8358646823335268,-0.15524248999174892
11.42,-0.24203159856981327,-0.8390428750420194,-0.14155181370901201
11.44,-0.2637899948048773,-0.8383094459554442,-0.13079485377257585
11.46,-0.2782141001741894,-0.8312196314518839,-0.1383736210005195
11.48,-0.2884821073862421,-0.8053051370595605,-0.1527977263698316
11.5,-0.295816398251994,-0.8126394279253124,-0.1655104972038016
11.52,-0.28750420193747517,-0.8776701402683128,-0.1806680316596889
11.54,-0.2620786602695352,-0.9644592488463771,-0.19924823518626042
11.56,-0.23616416587721173,-1.0246004339455428,-0.2053601442410537
11.58,-0.20976071876050484,-1.087186382666626,-0.1965589952021514
11.6,-0.16110992268435045,-1.1517281422852428,-0.15548696635394066
11.62,-0.10488035938025242,-1.1365706078293554,-0.10561378846682762
11.64,-0.09314549399504936,-1.0637166518962198,-0.08923387219998166
11.66,-0.09999083213641781,-1.0395134920392384,-0.10488035938025242
11.68,-0.11050331571066223,-1.0637166518962198,-0.13421752284326008
11.7,-0.1464413409528466,-1.07080646639978,-0.16257678085750082
11.72,-0.19558108975338445,-1.0204443357882835,-0.16673287901476025
11.74,-0.20976071876050484,-0.966415059743911,-0.14693029367723007
11.76,-0.18849127524982429,-0.9471014271307643,-0.11612627204107202
11.78,-0.1591541117868166,-0.9429453289735048,-0.08678910857806435
11.8,-0.13935152644928644,-0.9519909543745989,-0.07896586498792897
11.82,-0.12614980289093297,-0.9607921034135012,-0.08434434495614705
11.84,-0.11148122115942914,-0.9713045869877456,-0.09338997035724109
11.86,-0.11050331571066223,-0.9940408886715766,-0.10365797756929376
11.88,-0.12932799559942548,-1.0192219539773248,-0.11539284295449684
11.909,-0.15939858814900834,-1.0368242520551294,-0.12492742107997433
11.92,-0.1806680316596889,-1.033646059346637,-0.1376401919139443
11.94,-0.18531308254133178,-1.0512483574244416,-0.15206429728325643
11.96,-0.18800232252544083,-1.0732512300216972,-0.1615988754087339
11.98,-0.1821348898328393,-1.076184946367998,-0.16110992268435045
12.0,-0.16575497356599334,-1.076184946367998,-0.15035296274791432
12.02,-0.16208782813311737,-1.0752070409192311,-0.13055037741038414
12.04,-0.17088897717201967,-1.0492925465269076,-0.13006142468600068
12.06,-0.18726889343886563,-0.9908626959630841,-0.1454634355040797
12.08,-0.20413776243009504,-0.9417229471625462,-0.1677107844635272
12.1,-0.2271185404761177,-0.9111634018885799,-0.18115698438407235
12.12,-0.24569874400268923,-0.8881826238425572,-0.18751336980105734
12.14,-0.2581670384744675,-0.8698468966781774,-0.17455612260489564
12.16,-0.2633010420804938,-0.8718027075757112,-0.16037649359777525
12.18,-0.25449989304159154,-0.8708248021269444,-0.15059743911010604
12.2,-0.2454542676404975,-0.8864712893072151,-0.16257678085750082
12.22,-0.23860892949912904,-0.920942456376249,-0.1975369006509183
12.24,-0.23543073679063656,-0.9754606851450051,-0.19778137701311005
12.26,-0.25278855850624943,-1.0661614155181371,-0.17773431531338812
12.28,-0.2972832564251444,-1.0820523790605996,-0.19998166427283562
12.3,-0.3183082235736332,-1.0143324267334901,-0.2637899948048773
12.32,-0.32417565626623474,-0.9776609724047306,-0.32735384897472725
12.34,-0.34177795434403935,-0.9356110381077529,-0.35449072517800934
12.36,-0.35864682333526876,-0.9140971182348806,-0.3645142560278703
12.38,-0.35938025242184396,-0.8840265256852978,-0.3750267396021147
12.4,-0.3346881398404792,-0.8466216422699631,-0.3610915869571861
12.42,-0.2936161109922684,-0.8412431623017449,-0.3518014851939003
12.44,-0.2669681875133698,-0.8605567949148917,-0.35864682333526876
12.46,-0.26965742749747884,-0.8813372857011887,-0.3708706414448553
12.48,-0.29703878006295265,-0.9096965437154295,-0.3796717904837576
12.5,-0.31684136540048286,-0.9353665617455612,-0.38651712862512605
12.52,-0.3051065000152798,-0.9390337071784371,-0.393851419490878
12.54,-0.27943648198514803,-0.9343886562967942,-0.38969532133361856
12.56,-0.26012284937200136,-0.9272988417932341,-0.37111511780704703
12.58,-0.26012284937200136,-0.9272988417932341,-0.37111511780704703
12.6,-0.23689759496378693,-0.9334107508480274,-0.3535128197292424
12.62,-0.21367234055557252,-0.9412339944381627,-0.34006661980869723
12.64,-0.1965589952021514,-0.9302325581395349,-0.3207529871955505
12.66,-0.18629098799009872,-0.9140971182348806,-0.29532744552761053
12.68,-0.1965589952021514,-0.9136081655104972,-0.27039085658405404
12.7,-0.20829386058735447,-0.9233872199981664,-0.25327751123063286
12.72,-0.20976071876050484,-0.9270543654310424,-0.2535219875928246
12.74,-0.20120404608379427,-0.9180087400299484,-0.25401094031720806
12.76,-0.18604651162790697,-0.8977172019680347,-0.25376646395501634
12.78,-0.1750450753292791,-0.8762032820951624,-0.24814350762460655
12.8,-0.17235583534517007,-0.8681355621428353,-0.24032026403447115
12.82,-0.182379366195031,-0.8718027075757112,-0.25327751123063286
12.84,-0.19289184976927543,-0.8818262384255722,-0.28750420193747517
12.86,-0.19998166427283562,-0.8832930965987226,-0.31195183815664823
12.88,-0.21293891146899735,-0.878403569354888,-0.30975155089692263
12.9,-0.22760749320050117,-0.8830486202365309,-0.3180637472114415
12.929,-0.24325398038077192,-0.8872047183937903,-0.33126547076979496
12.94,-0.25670018030131714,-0.8854933838584481,-0.3341991871160957
12.96,-0.2750359074656969,-0.8942945328973505,-0.33199889985637016
12.98,-0.28505943831555786,-0.9067628273691287,-0.33150994713198667
13.0,-0.2796809583473398,-0.9294991290529597,-0.33077651804541147
13.02,-0.28334810378021574,-0.9568804816184335,-0.3207529871955505
13.04,-0.29801668551171956,-0.9661705833817192,-0.3036396418421294
13.06,-0.31146288543226475,-0.9666595361061027,-0.2909268710081594
13.08,-0.3183082235736332,-0.9730159215230877,-0.28652629648870825
13.1,-0.32808727806130245,-0.9742383033340464,-0.2796809583473398
13.12,-0.33371023439171227,-0.9713045869877456,-0.26916847477309536
13.14,-0.3390887143599303,-0.9607921034135012,-0.25547779849035845
13.16,-0.34226690706842283,-0.9519909543745989,-0.24252055129419675
13.18,-0.34471167069034014,-0.9493017143904898,-0.23738654768817039
13.2,-0.3515570088317086,-0.9461235216819973,-0.24105369312104635
13.22,-0.3510680561073251,-0.940989518075971,-0.24741007853803135
13.24,-0.34666748158787397,-0.941967423524738,-0.2508327476087156
13.26,-0.3510680561073251,-0.9402560889893958,-0.2408092167588546
13.28,-0.3525349142804755,-0.9338997035724108,-0.24032026403447115
13.3,-0.3488677688475995,-0.9294991290529597,-0.24398740946734712
13.32,-0.3373773798245882,-0.9348776090211778,-0.2589004675610427
13.34,-0.33053204168321976,-0.947345903492956,-0.27234666748158787
13.36,-0.33077651804541147,-0.9595697216025425,-0.2750359074656969
13.38,-0.32588699080157685,-0.9666595361061027,-0.2784585765363811
13.4,-0.29777220914952784,-0.9551691470830914,-0.2782141001741894
13.42,-0.27381352565473827,-0.9422118998869297,-0.27308009656816307
13.44,-0.2633010420804938,-0.9348776090211778,-0.26427894752926073
13.46,-0.264034471167069,-0.9429453289735048,-0.2628120893561104
13.48,-0.26745714023775324,-0.9634813433976103,-0.2628120893561104
13.5,-0.25865599119885097,-0.963725819759802,-0.2525440821440577
13.52,-0.24374293310515538,-0.9510130489258319,-0.2461876967270727
13.54,-0.23445283134186962,-0.9405005653515875,-0.23469730770406136
13.56,-0.23445283134186962,-0.9387892308162454,-0.23298597316871925
13.58,-0.24838798398679826,-0.9280322708798093,-0.23640864223940347
13.6,-0.26721266387556153,-0.9224093145493995,-0.23958683494789598
13.62,-0.2774806710876142,-0.9277877945176175,-0.24667664945145615
13.64,-0.28090334015829843,-0.931943892674877,-0.25376646395501634
13.66,-0.28652629648870825,-0.9402560889893958,-0.25792256211227577
13.68,-0.295816398251994,-0.9607921034135012,-0.264034471167069
13.7,-0.3075512636371971,-0.9676374415548696,-0.26599028206460285
13.72,-0.3117073617944565,-0.9519909543745989,-0.26134523118296
13.74,-0.3095070745347309,-0.9346331326589861,-0.25670018030131714
13.76,-0.3053509763774715,-0.9290101763285762,-0.25596675121474194
13.78,-0.3053509763774715,-0.931943892674877,-0.2591449439232344
13.8,-0.3046175472908963,-0.9392781835406289,-0.2645234238914525
13.82,-0.3082846927237723,-0.9429453289735048,-0.2633010420804938
13.84,-0.3065733581884301,-0.9412339944381627,-0.25596675121474194
13.86,-0.29899459096048653,-0.9380558017296703,-0.24887693671118175
13.88,-0.2887265837484338,-0.9390337071784371,-0.2390978822235125
13.9,-0.28237019833144883,-0.941967423524738,-0.23396387861748616
13.92,-0.28383705650459923,-0.9444121871466552,-0.23029673318461022
13.948,-0.28163676924487363,-0.9387892308162454,-0.2285853986492681
13.96,-0.2799254347095315,-0.9312104635883018,-0.2285853986492681
13.98,-0.2799254347095315,-0.9312104635883018,-0.2285853986492681
14.0,-0.2779696238119977,-0.9294991290529597,-0.2285853986492681
14.02,-0.2718577147572044,-0.932921798123644,-0.23200806771995233
14.04,-0.2743024783791217,-0.9424563762491214,-0.23738654768817039
14.06,-0.2813922928826819,-0.941967423524738,-0.24276502765638847
14.08,-0.28310362741802403,-0.9424563762491214,-0.24032026403447115
14.1,-0.28823763102405037,-0.9402560889893958,-0.23396387861748616
14.12,-0.2892155364728173,-0.9351220853833695,-0.23469730770406136
14.14,-0.2904379182837759,-0.9304770345017266,-0.24325398038077192
14.16,-0.29532744552761053,-0.9365889435565199,-0.25132170033309903
14.18,-0.30046144913363687,-0.9456345689576139,-0.2591449439232344
14.2,-0.29777220914952784,-0.9515020016502155,-0.25792256211227577
14.22,-0.2948384928032271,-0.9507685725636402,-0.25596675121474194
14.24,-0.292149252819118,-0.9368334199187116,-0.2606118020963848
14.26,-0.2884821073862421,-0.9221648381872077,-0.26647923478898633
14.28,-0.2870152492130917,-0.9162974054946063,-0.2647679002536442
14.3,-0.28285915105583226,-0.9268098890688506,-0.2625676129939186
14.32,-0.2791920056229563,-0.9429453289735048,-0.2606118020963848
14.34,-0.28285915105583226,-0.9390337071784371,-0.25596675121474194
14.36,-0.28481496195336614,-0.9290101763285762,-0.25132170033309903
14.38,-0.28285915105583226,-0.9270543654310424,-0.2508327476087156
14.4,-0.28799315466185865,-0.9412339944381627,-0.25376646395501634
14.42,-0.29703878006295265,-0.9549246707208997,-0.25156617669529074
14.44,-0.30192830730678727,-0.9515020016502155,-0.24398740946734712
14.46,-0.30095040185802036,-0.9395226599028206,-0.2366531186015952
14.48,-0.29557192188980225,-0.932921798123644,-0.23811997677474558
14.5,-0.2933716346300767,-0.9336552272102191,-0.24643217308926443
14.52,-0.2948384928032271,-0.9334107508480274,-0.24594322036488098
14.54,-0.2884821073862421,-0.93096598722611,-0.24594322036488098
14.56,-0.28334810378021574,-0.9358555144699446,-0.24594322036488098
14.58,-0.2806588637961067,-0.9360999908321364,-0.2454542676404975
14.6,-0.27454695474131346,-0.9368334199187116,-0.24667664945145615
14.62,-0.27161323839501267,-0.937322372643095,-0.2503437948843321
14.64,-0.2774806710876142,-0.9424563762491214,-0.2574336093878923
14.66,-0.2870152492130917,-0.946367998044189,-0.25523332212816674
14.68,-0.28970448919720077,-0.9444121871466552,-0.2454542676404975
14.7,-0.28237019833144883,-0.9368334199187116,-0.2430095040185802
14.72,-0.2762582892766556,-0.9351220853833695,-0.24569874400268923
14.74,-0.27308009656816307,-0.9387892308162454,-0.24594322036488098
14.76,-0.2733245729303548,-0.947345903492956,-0.2461876967270727
14.78,-0.27210219111939615,-0.9517464780124072,-0.24520979127830578
14.8,-0.264034471167069,-0.9500351434770651,-0.24423188582953886
14.82,-0.25498884576597497,-0.9431898053356966,-0.24325398038077192
14.84,-0.2478990312624148,-0.9402560889893958,-0.2430095040185802
14.86,-0.2510772239709073,-0.9468569507685726,-0.2412981694832381
14.88,-0.25694465666350885,-0.95639152889405,-0.24423188582953886
14.9,-0.2606118020963848,-0.9583473397915839,-0.24912141307337346
14.92,-0.2615897075451517,-0.9532133361855576,-0.2500993185221404
14.94,-0.2620786602695352,-0.9456345689576139,-0.24594322036488098
14.969,-0.2615897075451517,-0.9422118998869297,-0.24349845674296366
14.98,-0.25718913302570057,-0.9422118998869297,-0.2461876967270727
15.0,-0.25767808575008405,-0.9444121871466552,-0.2493658894355652
15.02,-0.26012284937200136,-0.9446566635088469,-0.24520979127830578
15.04,-0.2608562784585765,-0.9466124744063809,-0.2412981694832381
15.06,-0.2635455184426856,-0.9475903798551477,-0.23811997677474558
15.08,-0.2591449439232344,-0.9431898053356966,-0.23689759496378693
15.1,-0.25401094031720806,-0.9422118998869297,-0.2430095040185802
15.12,-0.2574336093878923,-0.9400116126272041,-0.24594322036488098
15.14,-0.25938942028542616,-0.940989518075971,-0.2454542676404975
15.16,-0.2633010420804938,-0.9431898053356966,-0.24374293310515538
15.18,-0.26819056932432844,-0.948323808941723,-0.24032026403447115
15.2,-0.2652568529780277,-0.9510130489258319,-0.23811997677474558
15.22,-0.2647679002536442,-0.9458790453198056,-0.2408092167588546
15.24,-0.2725911438437796,-0.9458790453198056,-0.24569874400268923
15.26,-0.2806588637961067,-0.9468569507685726,-0.24961036579775692
15.28,-0.28261467469364054,-0.9444121871466552,-0.24912141307337346
15.3,-0.2789475292607646,-0.9414784708003545,-0.24887693671118175
15.32,-0.27210219111939615,-0.9387892308162454,-0.25156617669529074
15.34,-0.26745714023775324,-0.937322372643095,-0.25327751123063286
15.36,-0.264034471167069,-0.9390337071784371,-0.25449989304159154
15.38,-0.264034471167069,-0.9390337071784371,-0.25449989304159154
15.4,-0.2628120893561104,-0.9441677107844635,-0.25474436940378326
15.42,-0.2635455184426856,-0.9451456162332305,-0.25449989304159154
15.44,-0.26134523118296,-0.9446566635088469,-0.2535219875928246
15.46,-0.26599028206460285,-0.9434342816978883,-0.2508327476087156
15.48,-0.2686795220487119,-0.9407450417137793,-0.24667664945145615
15.5,-0.2655013293402194,-0.9405005653515875,-0.24276502765638847
15.52,-0.2618341839073435,-0.9380558017296703,-0.2454542676404975
15.54,-0.2625676129939186,-0.9385447544540537,-0.24814350762460655
15.56,-0.2635455184426856,-0.9397671362650124,-0.25278855850624943
15.58,-0.2633010420804938,-0.9407450417137793,-0.25792256211227577
15.6,-0.2645234238914525,-0.9414784708003545,-0.25205512941967423
15.62,-0.2608562784585765,-0.9397671362650124,-0.24496531491611404
15.64,-0.25547779849035845,-0.9417229471625462,-0.24643217308926443
15.66,-0.25401094031720806,-0.9412339944381627,-0.2476545549002231
15.68,-0.25474436940378326,-0.9424563762491214,-0.2454542676404975
15.7,-0.2589004675610427,-0.9431898053356966,-0.2478990312624148
15.72,-0.2628120893561104,-0.941967423524738,-0.24985484215994866
15.74,-0.264034471167069,-0.9363444671943282,-0.2518106530574825
15.76,-0.2633010420804938,-0.9343886562967942,-0.25474436940378326
15.78,-0.2618341839073435,-0.9385447544540537,-0.25767808575008405
15.8,-0.264034471167069,-0.9453900925954222,-0.26012284937200136
15.82,-0.2620786602695352,-0.9519909543745989,-0.25841151483665925
15.84,-0.2469211258136479,-0.9605476270513095,-0.2390978822235125
15.86,-0.2525440821440577,-0.9764385905937719,-0.22051767869694097
15.88,-0.26843504568652016,-0.9798612596644561,-0.2285853986492681
15.9,-0.2916603000947346,-0.979127830577881,-0.23787550041255387
15.92,-0.31146288543226475,-0.9226537909115912,-0.23934235858570424
15.94,-0.3014393545824038,-0.8744919475598203,-0.23078568590899368
15.96,-0.2799254347095315,-0.8994285365033768,-0.22296244231885828
15.989,-0.2645234238914525,-0.9444121871466552,-0.22198453687009137
16.0,-0.24838798398679826,-0.9766830669559636,-0.22076215505913271
16.02,-0.23445283134186962,-0.9793723069400727,-0.2180729150750237
16.04,-0.23714207132597867,-0.9544357179965162,-0.23591968951502001
16.06,-0.2471656021758396,-0.9356110381077529,-0.2476545549002231
16.08,-0.2500993185221404,-0.946367998044189,-0.2461876967270727
16.1,-0.25498884576597497,-0.9708156342633621,-0.24814350762460655
16.12,-0.2694129511352871,-0.9676374415548696,-0.2493658894355652
16.14,-0.27039085658405404,-0.9730159215230877,-0.242276074932005
16.16,-0.2655013293402194,-0.9695932524524035,-0.23689759496378693
16.18,-0.2493658894355652,-0.9666595361061027,-0.23225254408214405
16.2,-0.22418482412981694,-0.9632368670354184,-0.2190508205237906
16.22,-0.18751336980105734,-0.9576139107050087,-0.20902728967392964
16.24,-0.18824679888763254,-0.947345903492956,-0.20511566787886196
16.26,-0.17895669712434678,-0.9358555144699446,-0.19924823518626042
16.28,-0.17553402805366256,-0.9402560889893958,-0.19411423158023408
16.3,-0.17382269351832044,-0.9532133361855576,-0.19778137701311005
16.32,-0.16991107172325276,-0.948323808941723,-0.2036488097057116
16.34,-0.16282125721969257,-0.9343886562967942,-0.2063380496898206
16.36,-0.16477706811722642,-0.9561470525318583,-0.19313632613146717
16.38,-0.14839715185038047,-1.0106652813006143,-0.19607004247776794
16.4,-0.1527977263698316,-1.0011307031751366,-0.21000519512269658
16.42,-0.15059743911010604,-0.9688598233658283,-0.22662958775173425
16.44,-0.1613543990465422,-0.9275433181554258,-0.22980778046022673
16.46,-0.15842068270024143,-0.9006509183143354,-0.2197842496103658
16.48,-0.14057390826024507,-0.9429453289735048,-0.19704794792653485
16.5,-0.1447300064175045,-1.033646059346637,-0.19386975521804234
16.52,-0.17455612260489564,-1.0492925465269076,-0.19949271154845216
16.54,-0.19411423158023408,-1.0287565321028023,-0.20853833694954618
16.56,-0.21611710417748983,-0.9989304159154112,-0.2263851113895425
16.58,-0.2366531186015952,-0.9928185068606179,-0.24741007853803135
16.6,-0.2317635913577606,-0.9874400268923998,-0.28799315466185865
16.62,-0.21122757693365524,-0.9649482015707606,-0.3229532744552761
16.64,-0.20878281331173792,-0.9522354307367906,-0.31781927084924977
16.66,-0.20658252605201236,-0.9705711579011704,-0.28481496195336614
16.68,-0.14986401002353084,-1.0446474956452647,-0.28114781652049015
16.7,-0.17137792989640313,-1.0495370228890994,-0.31781927084924977
16.72,-0.26843504568652016,-1.0011307031751366,-0.3405555725330807
16.74,-0.2806588637961067,-0.9458790453198056,-0.3588912996974605
16.76,-0.2784585765363811,-0.8727806130244782,-0.31341869632979863
16.78,-0.2784585765363811,-0.8727806130244782,-0.31341869632979863
16.8,-0.3053509763774715,-0.8341533477981847,-0.2787030528985729
16.82,-0.3246646089906182,-0.8370870641444855,-0.28750420193747517
16.84,-0.3029062127555542,-0.8559117440332488,-0.31072945634568955
16.86,-0.23054120954680193,-0.8928276747242001,-0.302172783668979
16.88,-0.1919139443205085,-0.925587507257892,-0.2877486782996669
16.9,-0.20682700241420407,-0.8862268129450234,-0.28237019833144883
16.92,-0.22076215505913271,-0.8268190569324328,-0.28750420193747517
16.94,-0.2430095040185802,-0.8187513369801057,-0.2789475292607646
16.96,-0.22956330409803502,-0.8346423005225682,-0.28114781652049015
16.98,-0.22687406411392597,-0.8666687039696849,-0.31121840907007303
17.009,-0.2476545549002231,-0.8867157656694068,-0.323931179904043
17.02,-0.23200806771995233,-0.8940500565351588,-0.31390764905418206
17.04,-0.19631451883995965,-0.9429453289735048,-0.3246646089906182
17.06,-0.17040002444763622,-1.0211777648748586,-0.3518014851939003
17.08,-0.16917764263667756,-1.0431806374721144,-0.3623139687681447
17.1,-0.18824679888763254,-0.9871955505302081,-0.3515570088317086
17.12,-0.21758396235064023,-0.9187421691165235,-0.31855269993582497
17.14,-0.22760749320050117,-0.878403569354888,-0.2901934419215842
17.16,-0.2261406350273508,-0.868380038505027,-0.25792256211227577
17.18,-0.2366531186015952,-0.9131192127861137,-0.22247348959447483
17.2,-0.2615897075451517,-0.9713045869877456,-0.20511566787886196
17.22,-0.2926382055435015,-0.979127830577881,-0.21440576964214772
17.24,-0.3158634599517159,-0.948323808941723,-0.21709500962625675
17.26,-0.3310209944076032,-0.9246096018091251,-0.18995813342297466
17.28,-0.3373773798245882,-0.9312104635883018,-0.13788466827613605
17.3,-0.34006661980869723,-0.9923295541362345,-0.100724261222993
17.32,-0.34080004889527243,-1.0422027320233476,-0.09412339944381627
17.34,-0.3317544234941784,-1.0451364483696481,-0.10463588301806069
17.36,-0.3055954527396632,-0.9940408886715766,-0.09021177764874859
17.38,-0.2799254347095315,-0.9857286923570577,-0.05500718149313938
17.4,-0.26599028206460285,-1.062494270085261,-0.03544907251780093
17.42,-0.24496531491611404,-1.1483054732145586,-0.03862726522629343
17.44,-0.21538367509091463,-1.2311829599975552,-0.04033859976163555
17.46,-0.1831127952816062,-1.2981694832380894,-0.022491825321639215
17.48,-0.17626745714023775,-1.2732328942945328,0.006845338141368456
17.5,-0.18506860617914006,-1.2091800874002994,0.03447116706903401
17.52,-0.1894691806985912,-1.1478165204901751,0.04131650521040247
17.54,-0.20242642789475293,-1.0896311462885433,0.02982611618739113
17.56,-0.23518626042844482,-1.0353573938819791,0.0075787672279436485
17.58,-0.26990190385967056,-0.9898847905143171,-0.003422669070684228
17.6,-0.3099960272591144,-0.9747272560584298,0.0014668581731503835
17.62,-0.32662041988815205,-0.9620144852244599,0.01271277083396999
17.64,-0.3073067872750053,-0.9338997035724108,0.027625828927665557
17.66,-0.28970448919720077,-0.9158084527702227,0.041072028848210734
17.68,-0.2887265837484338,-0.9199645509274822,0.038871741588485165
17.7,-0.293127158267885,-0.9280322708798093,0.017846774439996334
17.72,-0.29679430370076093,-0.9378113253674785,-0.003911621795067689
17.74,-0.3055954527396632,-0.9610365797756929,-0.02029153806191364
17.76,-0.3173303181248663,-0.9647037252085688,-0.031292974360541514
17.78,-0.31561898358952417,-0.9615255325000763,-0.03300430889588363
17.8,-0.3053509763774715,-0.9598141979647342,-0.03153745072273324
17.82,-0.2936161109922684,-0.9439232344222718,-0.04425022155670324
17.84,-0.29386058735446013,-0.9180087400299484,-0.07969929407450417
17.86,-0.3073067872750053,-0.9004064419521437,-0.13935152644928644
17.88,-0.3327323289429453,-0.9004064419521437,-0.18115698438407235
17.9,-0.34104452525746415,-0.896494820157076,-0.1894691806985912
17.92,-0.34495614705253186,-0.8832930965987226,-0.17040002444763622
17.94,-0.35375729609143414,-0.878403569354888,-0.15548696635394066
17.96,-0.3444671943281484,-0.8705803257647526,-0.1774898389511964
17.98,-0.3222198453687009,-0.8612902240014668,-0.23763102405036213
18.0,-0.31561898358952417,-0.8326864896250343,-0.28457048559117437
18.029,-0.3075512636371971,-0.7969929407450417,-0.26427894752926073
18.04,-0.3285762307856859,-0.8759588057329707,-0.23591968951502001
18.06,-0.3764935977752651,-0.9539467652721327,-0.23151911499556885
18.08,-0.41389848119059985,-0.9485682853039147,-0.24178712220762155
18.1,-0.4060752376004645,-0.9038291110228279,-0.26990190385967056
18.12,-0.383827888641017,-0.8224184824129817,-0.2787030528985729
18.14,-0.38553922317635914,-0.7571432937077897,-0.25449989304159154
18.16,-0.3931179904043028,-0.7434526174250528,-0.22345139504324174
18.18,-0.4087644775845735,-0.7620328209516243,-0.2070714787763958
18.2,-0.4087644775845735,-0.7620328209516243,-0.2070714787763958
18.22,-0.4124316230174495,-0.8101946643033952,-0.19460318430461754
18.24,-0.41560981572594197,-0.9280322708798093,-0.19435870794242582
18.26,-0.4207438193319683,-1.0642056046206032,-0.2038932860679033
18.28,-0.39287351404211107,-1.234116676343856,-0.21929529688598234
18.3,-0.29777220914952784,-1.4595238822846315,-0.24178712220762155
18.32,-0.1750450753292791,-1.678819179170614,-0.21538367509091463
18.34,-0.05647403966628976,-1.7563181859853925,-0.1215047520092901
18.36,0.026158970754515173,-1.6665953610610273,-0.024447636219173056
18.38,-0.013935152644928643,-1.5612260489563914,-0.003422669070684228
18.4,-0.09803502123888397,-1.5294441218714665,-0.03251535617150017
18.42,-0.20804938422516273,-1.4829936130550376,-0.04547260336766189
18.44,-0.3117073617944565,-1.382024875469853,-0.023714207132597868
18.46,-0.2899489655593925,-1.2199370473367357,0.030804021636158054
18.48,-0.17308926443174524,-1.0121321394737646,0.08727806130244782
18.5,-0.08507777404272224,-0.8458882131833878,0.09412339944381627
18.52,-0.04620603245423708,-0.7639886318491581,0.07505424319286129
18.54,-0.01711334535342114,-0.7385630901812181,0.047672890627387464
18.56,0.04669498517862054,-0.7679002536442258,0.03544907251780093
18.58,0.09363444671943282,-0.858356507655166,0.030804021636158054
18.6,0.11001436298627876,-0.9048070164715949,0.023958683494789596
18.62,0.1461968645906549,-0.9270543654310424,-0.005134003606026342
18.64,0.17113345353421142,-0.9307215108639183,-0.0295816398251994
18.66,0.18922470433639946,-0.8705803257647526,-0.03422669070684228
18.68,0.17871222076215507,-0.8216850533264065,-0.06771995232710937
18.7,0.15328667909421506,-0.8126394279253124,-0.11368150841915473
18.72,0.14008495553586162,-0.8302417260031171,-0.14888610457476392
18.74,0.10903645753751184,-0.858356507655166,-0.1774898389511964
18.76,0.11197017388381261,-0.8881826238425572,-0.1919139443205085
18.78,0.1373957155517526,-0.8996730128655686,-0.19949271154845216
18.8,0.15939858814900834,-0.8872047183937903,-0.19533661339119274
18.82,0.18091250802188064,-0.8766922348195458,-0.188735751612016
18.84,0.19558108975338445,-0.8840265256852978,-0.18800232252544083
18.86,0.18286831891941446,-0.897472725605843,-0.19069156250954986
18.88,0.16257678085750082,-0.8798704275280383,-0.17333374079393699
18.9,0.12028237019833145,-0.8576230785685909,-0.16526602084160988
18.92,0.06992023958683495,-0.8383094459554442,-0.16575497356599334
18.94,0.032270879809308435,-0.8309751550896922,-0.16453259175503468
18.96,0.038871741588485165,-0.8446658313724291,-0.16257678085750082
18.98,0.03398221434465055,-0.8537114567735232,-0.16404363903065122
19.0,0.001711334535342114,-0.8385539223176359,-0.16379916266845948
19.02,-0.020047061699721907,-0.8233963878617486,-0.16502154447941814
19.049,-0.010023530849860953,-0.8153286679094215,-0.1662439262903768
19.06,-0.00855667267671057,-0.8189958133422974,-0.15744277725147449
19.08,-0.03716040705314305,-0.8368425877822938,-0.15524248999174892
19.1,-0.08923387219998166,-0.850288787702839,-0.17333374079393699
19.12,-0.10830302845093664,-0.8500443113406473,-0.20242642789475293
19.14,-0.11221465024600434,-0.8395318277664028,-0.2173394859884485
19.16,-0.1398404791736699,-0.8111725697521621,-0.20927176603612138
19.18,-0.1464413409528466,-0.8055496134217522,-0.2095162423983131
19.2,-0.13641781010298568,-0.8233963878617486,-0.21073862420927175
19.22,-0.14032943189805336,-0.818506860617914,-0.2038932860679033
19.24,-0.11857103566298934,-0.8512666931516059,-0.1870244170766739
19.26,-0.10170216667175992,-1.0228890994102007,-0.1877578461632491
19.28,-0.14301867188216238,-1.2771445160896007,-0.2166060569018733
19.3,-0.21220548238242215,-1.3607554319591724,-0.22247348959447483
19.32,-0.22516272957858385,-1.1773981603153745,-0.16746630810133545
19.34,-0.16819973718791065,-0.9967301286556856,-0.09999083213641781
19.36,-0.10756959936436146,-0.9263209363444672,-0.08581120312929744
19.38,-0.08238853405861321,-0.9312104635883018,-0.12321608654463222
19.4,-0.15010848638572258,-0.9546801943587079,-0.15817620633804969
19.42,-0.2476545549002231,-0.9710601106255539,-0.16110992268435045
19.44,-0.29777220914952784,-1.0109097576628059,-0.15597591907832412
19.46,-0.3065733581884301,-1.031934724811295,-0.1549980136295572
19.48,-0.2796809583473398,-0.9805946887510314,-0.17137792989640313
19.5,-0.24178712220762155,-0.9074962564557039,-0.19435870794242582
19.52,-0.22027320233474926,-0.8854933838584481,-0.21049414784708004
19.54,-0.2063380496898206,-0.9348776090211778,-0.21709500962625675
19.56,-0.1965589952021514,-1.0246004339455428,-0.22296244231885828
19.58,-0.1904470861473581,-1.0827858081471748,-0.21367234055557252
19.6,-0.1904470861473581,-1.0827858081471748,-0.21367234055557252
19.62,-0.1735782171561287,-1.098921248051829,-0.19215842068270023
19.64,-0.1447300064175045,-1.0913424808238854,-0.17480059896708736
19.66,-0.11514836659230511,-1.0524707392354002,-0.17969012621092198
19.68,-0.09632368670354186,-1.0096873758518472,-0.19386975521804234
19.7,-0.10781407572655319,-0.9942853650337683,-0.18091250802188064
19.72,-0.15402010818079026,-0.9796167833022644,-0.160620969959967
19.74,-0.20120404608379427,-0.9571249579806252,-0.14595238822846315
19.76,-0.22980778046022673,-0.9285212236041928,-0.13519542829202702
19.78,-0.2471656021758396,-0.9114078782507716,-0.12052684656052318
19.8,-0.2503437948843321,-0.9233872199981664,-0.11050331571066223
19.82,-0.2493658894355652,-0.9510130489258319,-0.11441493750572991
19.84,-0.2405647403966629,-0.9849952632704825,-0.13372857011887662
19.86,-0.24203159856981327,-1.0089539467652722,-0.1381291446383278
19.88,-0.24007578767227944,-1.0109097576628059,-0.12883904287504203
19.9,-0.24741007853803135,-1.0021086086239037,-0.1239495156312074
19.92,-0.25621122757693365,-0.9923295541362345,-0.1312838064969593
19.94,-0.2655013293402194,-0.9864621214436329,-0.14961953366133912
19.96,-0.26647923478898633,-1.0047978486080127,-0.15793172997585794
19.98,-0.2581670384744675,-1.0466033065427987,-0.14986401002353084
20.0,-0.24032026403447115,-1.1074779207285395,-0.1254163738043578
20.02,-0.22736301683830945,-1.182287687559209,-0.0982794976010757
20.04,-0.2327414968065275,-1.202334749258931,-0.09485682853039147
20.069,-0.24276502765638847,-1.07789628090334,-0.14326314824435413
20.08,-0.2581670384744675,-0.916541881856798,-0.21513919872872292
20.1,-0.28652629648870825,-0.8097057115790117,-0.23371940225529445
20.12,-0.29679430370076093,-0.8067719952327109,-0.18653546435229043
20.14,-0.28505943831555786,-0.8867157656694068,-0.15597591907832412
20.16,-0.2581670384744675,-0.9414784708003545,-0.15793172997585794
20.18,-0.22834092228707636,-0.9578583870672004,-0.18017907893530544
20.2,-0.2021819515325612,-0.9461235216819973,-0.20682700241420407
20.22,-0.1831127952816062,-0.9263209363444672,-0.22027320233474926
20.24,-0.18898022797420774,-0.9026067292118694,-0.20731595513858753
20.26,-0.1911805152339333,-0.8979616783302264,-0.17308926443174524
20.28,-0.19924823518626042,-0.9126302600617303,-0.16648840265256853
20.3,-0.20927176603612138,-0.9363444671943282,-0.201448522445986
20.32,-0.17455612260489564,-0.9698377288145952,-0.22051767869694097
20.34,-0.13788466827613605,-0.9771720196803472,-0.20438223879228676
20.36,-0.10439140665586896,-0.988173455978975,-0.17944564984873024
20.38,-0.0863001558536809,-1.0047978486080127,-0.17920117348653852
20.4,-0.09632368670354186,-1.0021086086239037,-0.19435870794242582
20.42,-0.12370503926901567,-0.9656816306573358,-0.20340433334351984
20.44,-0.14155181370901201,-0.9214314091006326,-0.1990037588240687
20.46,-0.15573144271613237,-0.9094520673532378,-0.19313632613146717
20.48,-0.16453259175503468,-0.925587507257892,-0.20267090425694465
20.5,-0.16502154447941814,-0.9270543654310424,-0.21611710417748983
20.52,-0.1615988754087339,-0.9270543654310424,-0.22002872597255752
20.54,-0.16673287901476025,-0.9370778962809033,-0.2271185404761177
20.56,-0.17846774439996332,-0.9461235216819973,-0.23934235858570424
20.58,-0.18824679888763254,-0.946367998044189,-0.2471656021758396
20.6,-0.19435870794242582,-0.9397671362650124,-0.2510772239709073
20.62,-0.19949271154845216,-0.9378113253674785,-0.25645570393912537
20.64,-0.21367234055557252,-0.9334107508480274,-0.2630565657183021
20.66,-0.23225254408214405,-0.9370778962809033,-0.26916847477309536
20.68,-0.24520979127830578,-0.9343886562967942,-0.27161323839501267
20.7,-0.24814350762460655,-0.9231427436359747,-0.2725911438437796
20.72,-0.24667664945145615,-0.921920361825016,-0.27405800201693
20.74,-0.23445283134186962,-0.9072517800935122,-0.2747914311035052
20.76,-0.20780490786297098,-0.8962503437948843,-0.26892399841090364
20.78,-0.20169299880817773,-0.8977172019680347,-0.2596338966476179
20.8,-0.21244995874461386,-0.90554044555817,-0.2596338966476179
20.82,-0.21758396235064023,-0.9030956819362528,-0.24985484215994866
20.84,-0.21782843871283195,-0.9145860709592641,-0.23787550041255387
20.86,-0.22516272957858385,-0.9170308345811814,-0.23885340586132078
20.88,-0.21758396235064023,-0.9304770345017266,-0.23860892949912904
20.9,-0.20878281331173792,-1.005531277694588,-0.22760749320050117
20.92,-0.20804938422516273,-1.099899153500596,-0.22027320233474926
20.94,-0.20584909696543716,-1.1429269932463404,-0.23054120954680193
20.96,-0.1982703297374935,-1.0752070409192311,-0.2246737768542004
20.98,-0.17822326803777158,-0.9661705833817192,-0.17871222076215507
21.0,-0.17822326803777158,-0.9661705833817192,-0.17871222076215507
21.02,-0.15670934816489931,-0.896494820157076,-0.14179629007120373
21.04,-0.1471747700394218,-0.9026067292118694,-0.1327506646701097
21.06,-0.15719830088928277,-0.9561470525318583,-0.1381291446383278
21.089,-0.19362527885585062,-0.9867065978058246,-0.14668581731503835
21.1,-0.2261406350273508,-0.984506310546099,-0.1615988754087339
21.12,-0.23298597316871925,-0.9605476270513095,-0.17700088622681295
21.14,-0.21758396235064023,-0.928276747242001,-0.17944564984873024
21.16,-0.20511566787886196,-0.9050514928337866,-0.17235583534517007
21.18,-0.1965589952021514,-0.8945390092595422,-0.1757785044158543
21.2,-0.18482412981694832,-0.897472725605843,-0.18555755890352352
21.22,-0.17797879167557987,-0.8984506310546099,-0.1662439262903768
21.24,-0.17626745714023775,-0.90554044555817,-0.1398404791736699
21.26,-0.18677994071448217,-0.9079852091800874,-0.1271277083396999
21.28,-0.20267090425694465,-0.910185496439813,-0.12786113742627508
21.3,-0.2173394859884485,-0.915563976408031,-0.11954894111175625
21.32,-0.2327414968065275,-0.9111634018885799,-0.10219111939614338
21.34,-0.23298597316871925,-0.9070073037313204,-0.07945481771231244
21.36,-0.22345139504324174,-0.9089631146288543,-0.0735873850197109
21.38,-0.20511566787886196,-0.9336552272102191,-0.07725453045258686
21.4,-0.1902026097851664,-0.9952632704825352,-0.08214405769642147
21.42,-0.18531308254133178,-1.0353573938819791,-0.08434434495614705
21.44,-0.17382269351832044,-1.07080646639978,-0.07285395593313572
21.46,-0.16819973718791065,-1.1018549643981297,-0.07089814503560186
21.48,-0.18091250802188064,-1.1241023133575772,-0.07138709775998534
21.5,-0.19362527885585062,-1.1490389023011338,-0.07089814503560186
21.52,-0.19998166427283562,-1.1673746294655136,-0.04913974880053785
21.54,-0.20267090425694465,-1.166152247654555,-0.021758396235064023
21.56,-0.20780490786297098,-1.1541729059071602,-0.01735782171561287
21.58,-0.2036488097057116,-1.1316810805855209,-0.03398221434465055
21.6,-0.1894691806985912,-1.101610488035938,-0.047183937903004
21.62,-0.17846774439996332,-1.0666503682425206,-0.04596155609204535
21.64,-0.17846774439996332,-1.0341350120710204,-0.03960517067506036
21.66,-0.16819973718791065,-1.0153103321822572,-0.04498365064327843
21.68,-0.14986401002353084,-1.0038199431592458,-0.04620603245423708
21.7,-0.14350762460654584,-1.017266143079791,-0.0327598325336919
21.72,-0.1383736210005195,-1.0456254010940318,-0.018580203526571526
21.74,-0.12614980289093297,-1.0492925465269076,-0.0207804907862971
21.76,-0.12688323197750817,-1.0170216667175993,-0.02542554166793998
21.78,-0.1359288573786022,-0.9771720196803472,-0.03740488341533478
21.8,-0.14961953366133912,-0.9500351434770651,-0.052562417871222074
21.82,-0.1672218317391437,-0.9603031506891178,-0.06625309415395898
21.84,-0.18189041347064755,-0.9994193686397946,-0.08361091586957185
21.86,-0.18898022797420774,-1.0140879503712985,-0.09925740304984261
21.88,-0.16673287901476025,-1.0047978486080127,-0.10292454848271858
21.9,-0.13250618830791797,-0.9901292668765088,-0.09632368670354186
21.92,-0.11539284295449684,-0.9852397396326742,-0.0975460685145005
21.94,-0.12248265745805702,-0.9823060232863735,-0.11465941386792164
21.96,-0.13788466827613605,-0.9717935397121291,-0.12663875561531643
21.98,-0.1598875408733918,-0.9512575252880237,-0.1271277083396999
22.0,-0.1774898389511964,-0.938300278091862,-0.12297161018244049
22.02,-0.17382269351832044,-0.9263209363444672,-0.1183265593007976
22.04,-0.15719830088928277,-0.9104299728020047,-0.11563731931668857
22.06,-0.13372857011887662,-0.9067628273691287,-0.11979341747394799
22.08,-0.1166152247654555,-0.9062738746447453,-0.12101579928490663
22.109,-0.12101579928490663,-0.8989395837789933,-0.11734865385203068
22.12,-0.14570791186627144,-0.8955169147083091,-0.1207713229227149
22.14,-0.16991107172325276,-0.8889160529291324,-0.1359288573786022
22.16,-0.1821348898328393,-0.8884271002047489,-0.15010848638572258
22.18,-0.18482412981694832,-0.8920942456376248,-0.1598875408733918
22.2,-0.19142499159612505,-0.8925831983620084,-0.16404363903065122
22.22,-0.195092137029001,-0.8947834856217339,-0.17895669712434678
22.24,-0.19949271154845216,-0.9087186382666625,-0.201448522445986
22.26,-0.22491825321639214,-0.9336552272102191,-0.22174006050789963
22.28,-0.24594322036488098,-0.952724383461174,-0.23543073679063656
22.3,-0.24423188582953886,-0.9559025761696666,-0.2478990312624148
22.32,-0.23640864223940347,-0.9439232344222718,-0.2525440821440577
22.34,-0.22271796595666657,-0.9231427436359747,-0.2510772239709073
22.36,-0.19949271154845216,-0.9180087400299484,-0.2405647403966629
22.38,-0.19338080249365888,-0.9661705833817192,-0.22809644592488462
22.4,-0.19338080249365888,-0.9661705833817192,-0.22809644592488462
22.42,-0.21367234055557252,-1.0646945573449866,-0.22491825321639214
22.44,-0.20976071876050484,-1.111634018885799,-0.22125110778351617
22.46,-0.18751336980105734,-1.071539895486355,-0.19851480609968522
22.48,-0.1686886899122941,-0.9972190813800691,-0.15450906090517372
22.5,-0.15084191547229778,-0.9485682853039147,-0.11563731931668857
22.52,-0.15133086819668123,-0.9387892308162454,-0.0982794976010757
22.54,-0.18115698438407235,-0.9471014271307643,-0.088011490389023
22.56,-0.21611710417748983,-0.9705711579011704,-0.07921034135012071
22.58,-0.25303303486844114,-0.9757051615071968,-0.07114262139779359
22.6,-0.280414387433915,-0.9632368670354184,-0.056229563304098035
22.62,-0.29459401644103533,-0.9522354307367906,-0.045717079729853616
22.64,-0.30412859456651287,-0.952724383461174,-0.04449469791889497
22.66,-0.29630535097637745,-0.9647037252085688,-0.041072028848210734
22.68,-0.28823763102405037,-0.9957522232069187,-0.04791736698957919
22.7,-0.29386058735446013,-1.022644623048009,-0.06331937780765821
22.72,-0.2923937291813098,-1.0387800629526633,-0.07652110136601167
22.74,-0.2904379182837759,-1.049781499251291,-0.08336643950738012
22.76,-0.2950829691654188,-1.056137884668276,-0.08189958133422974
22.78,-0.2941050637166519,-1.0681172264156709,-0.08483329768053051
22.8,-0.29630535097637745,-1.0793631390764906,-0.09314549399504936
22.82,-0.29972802004706167,-1.0847416190447086,-0.10268007212052685
22.84,-0.30192830730678727,-1.086208477217859,-0.10903645753751184
22.86,-0.30119487822021207,-1.0813189499740243,-0.10268007212052685
22.88,-0.2926382055435015,-1.071539895486355,-0.0975460685145005
22.9,-0.2877486782996669,-1.0321792011734865,-0.09925740304984261
22.92,-0.2750359074656969,-0.9864621214436329,-0.09681263942792531
22.94,-0.26745714023775324,-0.9610365797756929,-0.08361091586957185
22.96,-0.26012284937200136,-0.9478348562173394,-0.07212052684656052
22.98,-0.26794609296213673,-0.9517464780124072,-0.07554319591724475
23.0,-0.2743024783791217,-0.9539467652721327,-0.09265654127066589
23.02,-0.2750359074656969,-0.9546801943587079,-0.10268007212052685
23.04,-0.2608562784585765,-0.9475903798551477,-0.10047978486080127
23.06,-0.24569874400268923,-0.9397671362650124,-0.09730159215230877
23.08,-0.23763102405036213,-0.9451456162332305,-0.10708064663997799
23.1,-0.23543073679063656,-0.957369434342817,-0.11905998838737279
23.129,-0.22516272957858385,-0.9629923906732267,-0.12688323197750817
23.14,-0.21782843871283195,-0.9417229471625462,-0.13152828285915105
23.16,-0.21929529688598234,-0.9211869327384409,-0.13886257372490296
23.18,-0.23640864223940347,-0.9072517800935122,-0.14424105369312104
23.2,-0.24203159856981327,-0.8913608165510497,-0.14375210096873758
23.22,-0.24007578767227944,-0.901139871038719,-0.14815267548818872
23.24,-0.23078568590899368,-0.9214314091006326,-0.1613543990465422
23.26,-0.21636158053968157,-0.93096598722611,-0.16648840265256853
23.28,-0.20780490786297098,-0.9216758854628243,-0.16379916266845948
23.3,-0.2038932860679033,-0.9268098890688506,-0.154264584542982
23.32,-0.21318338783118906,-0.9390337071784371,-0.15304220273202335
23.34,-0.22931882773584328,-0.9671484888304862,-0.16477706811722642
23.36,-0.24105369312104635,-0.9830394523729487,-0.1694221189988693
23.38,-0.23934235858570424,-0.9744827796962381,-0.16013201723558354
23.4,-0.23567521315282827,-0.9634813433976103,-0.16648840265256853
23.42,-0.2261406350273508,-0.9593252452403508,-0.1909360388717416
23.44,-0.22442930049200868,-0.9375668490052868,-0.19411423158023408
23.46,-0.23738654768817039,-0.915563976408031,-0.1735782171561287
23.48,-0.2630565657183021,-0.9167863582189897,-0.16526602084160988
23.5,-0.2735690492925465,-0.9451456162332305,-0.18971365706078294
23.52,-0.2735690492925465,-0.978149925129114,-0.2183173914372154
23.54,-0.2914158237325429,-0.9759496378693885,-0.2158726278152981
23.56,-0.3117073617944565,-0.9659261070195275,-0.21538367509091463
23.58,-0.31341869632979863,-0.9515020016502155,-0.23200806771995233
23.6,-0.2926382055435015,-0.9360999908321364,-0.23934235858570424
23.62,-0.25572227485255017,-0.9275433181554258,-0.23689759496378693
23.64,-0.24178712220762155,-0.9312104635883018,-0.24594322036488098
23.66,-0.2574336093878923,-0.9378113253674785,-0.25327751123063286
23.68,-0.2747914311035052,-0.910185496439813,-0.2478990312624148
23.7,-0.28970448919720077,-0.8732695657488616,-0.22931882773584328
23.72,-0.2972832564251444,-0.868380038505027,-0.2261406350273508
23.74,-0.3046175472908963,-0.893805580172967,-0.23714207132597867
23.76,-0.31317421996760686,-0.9140971182348806,-0.242276074932005
23.78,-0.3036396418421294,-0.9307215108639183,-0.24007578767227944
23.8,-0.3036396418421294,-0.9307215108639183,-0.24007578767227944
23.82,-0.29972802004706167,-0.9444121871466552,-0.23396387861748616
23.84,-0.29752773278733613,-0.946367998044189,-0.23445283134186962
23.86,-0.3014393545824038,-0.948323808941723,-0.22516272957858385
23.88,-0.3099960272591144,-0.9940408886715766,-0.21465024600433946
23.9,-0.31390764905418206,-1.0705619900375882,-0.21147205329584695
23.92,-0.3082846927237723,-1.1248357424441524,-0.2180729150750237
23.94,-0.29923906732267824,-1.0940317208079944,-0.21465024600433946
23.96,-0.27454695474131346,-1.0038199431592458,-0.18629098799009872
23.98,-0.2415426458454298,-0.9260764599822754,-0.15964306451120008
24.0,-0.22198453687009137,-0.9087186382666625,-0.1464413409528466
24.02,-0.2180729150750237,-0.9502796198392568,-0.1359288573786022
24.04,-0.24472083855392232,-1.0074870885921217,-0.1295724719616172
24.06,-0.2608562784585765,-1.018977477615133,-0.12346056290682395
24.08,-0.2755248601900804,-0.9869510741680163,-0.1183265593007976
24.1,-0.28530391467774957,-0.9439232344222718,-0.1246829447177826
24.12,-0.2791920056229563,-0.9292546526907679,-0.13495095192983528
24.149,-0.26794609296213673,-0.9610365797756929,-0.13886257372490296
24.16,-0.25523332212816674,-0.9972190813800691,-0.13152828285915105
24.18,-0.23738654768817039,-1.0116431867493811,-0.1271277083396999
24.2,-0.22589615866515905,-1.0052868013323961,-0.1376401919139443
24.22,-0.23225254408214405,-0.9820615469241818,-0.15059743911010604
24.24,-0.25058827124652383,-0.9625034379488433,-0.15573144271613237
24.26,-0.264034471167069,-0.9519909543745989,-0.15597591907832412
24.28,-0.28530391467774957,-0.9507685725636402,-0.15842068270024143
24.3,-0.3158634599517159,-0.9405005653515875,-0.13715123918956085
24.32,-0.3510680561073251,-0.947345903492956,-0.10341350120710203
24.34,-0.3662255905632124,-0.9683708706414448,-0.08336643950738012
24.36,-0.37307092870458086,-0.9972190813800691,-0.09314549399504936
24.38,-0.3508235797451334,-0.9974635577422608,-0.088011490389023
24.4,-0.31610793631390766,-0.9759496378693885,-0.02102496714848883
24.42,-0.31684136540048286,-0.9967301286556856,0.03691593069095132
24.44,-0.2735690492925465,-1.0514928337866332,-0.009045625401094031
24.46,-0.15133086819668123,-1.09623200806772,-0.1127036029703878
24.48,-0.03544907251780093,-1.044403019283073,-0.1608654463221587
24.5,0.043516792470128046,-0.932921798123644,-0.18115698438407235
24.52,0.11441493750572991,-0.8520001222381811,-0.23200806771995233
24.54,0.07652110136601167,-0.8532225040491397,-0.2870152492130917
24.56,-0.06258594872108303,-0.9030956819362528,-0.317574794487058
24.58,-0.1615988754087339,-0.9084741619044708,-0.3141521254163738
24.6,-0.19460318430461754,-0.9070073037313204,-0.24741007853803135
24.62,-0.22320691868105003,-0.9387892308162454,-0.1471747700394218
24.64,-0.24105369312104635,-0.9529688598233658,-0.0743208141062861
24.66,-0.2623231366317269,-0.9549246707208997,-0.05182898878464688
24.68,-0.3217308926443174,-0.9681263942792531,-0.049628701524921305
24.7,-0.38260550683005834,-0.9708156342633621,-0.06625309415395898
24.72,-0.4508144118815512,-0.9823060232863735,-0.1095254102618953
24.74,-0.5439599058766006,-0.9977080341044525,-0.14375210096873758
24.76,-0.5930996546771384,-1.0023530849860953,-0.16355468630626777
24.78,-0.5735415457017999,-1.008220517678697,-0.1615988754087339
24.8,-0.4708614735812731,-0.9889068850655502,-0.1525532500076399
24.82,-0.40069675763224644,-0.9654371542951441,-0.1518198209210647
24.84,-0.37160407053143046,-0.9541912416343244,-0.1461968645906549
24.86,-0.2923937291813098,-0.9334107508480274,-0.1598875408733918
24.88,-0.2246737768542004,-0.9114078782507716,-0.1774898389511964
24.9,-0.2031598569813281,-0.9052959691959783,-0.18360174800598966
24.92,-0.20438223879228676,-0.90554044555817,-0.18482412981694832
24.94,-0.22320691868105003,-0.9023622528496775,-0.18360174800598966
24.96,-0.25865599119885097,-0.9189866454787152,-0.17773431531338812
24.98,-0.2909268710081594,-0.9568804816184335,-0.17773431531338812
25.0,-0.3109739327078813,-0.9999083213641781,-0.17700088622681295
25.02,-0.3046175472908963,-1.026311768480885,-0.17382269351832044
25.04,-0.28725972557528345,-1.0302233902759528,-0.17113345353421142
25.06,-0.29459401644103533,-1.0312012957247196,-0.16917764263667756
25.08,-0.2398313113100877,-1.0060202304189714,-0.17944564984873024
25.1,-0.2095162423983131,-0.989151361427742,-0.17700088622681295
25.12,-0.22589615866515905,-1.0104208049384225,-0.18335727164379795
25.14,-0.13617333374079393,-0.984506310546099,-0.21440576964214772
25.169,-0.100724261222993,-0.9595697216025425,-0.22369587140543348
25.18,-0.09265654127066589,-0.9493017143904898,-0.2183173914372154
25.2,-0.09265654127066589,-0.9493017143904898,-0.2183173914372154
25.22,-0.0679644286893011,-0.9238761727225498,-0.20511566787886196
25.24,-0.07603214864162822,-0.922898267273783,-0.21929529688598234
25.26,-0.13617333374079393,-0.9221648381872077,-0.22296244231885828
25.28,-0.18800232252544083,-0.9150750236836476,-0.19533661339119274
25.3,-0.21416129327995598,-0.9231427436359747,-0.17895669712434678
25.32,-0.25718913302570057,-0.9431898053356966,-0.1767564098646212
25.34,-0.28383705650459923,-0.9588362925159674,-0.17944564984873024
25.36,-0.2916603000947346,-0.9593252452403508,-0.17944564984873024
25.38,-0.3073067872750053,-0.9541912416343244,-0.16673287901476025
25.4,-0.29801668551171956,-0.9466124744063809,-0.16428811539284294
25.42,-0.29386058735446013,-0.9561470525318583,-0.17553402805366256
25.44,-0.30021697277144516,-0.963725819759802,-0.18531308254133178
25.46,-0.29801668551171956,-0.957369434342817,-0.19338080249365888
25.48,-0.29606087461418573,-0.9480793325795311,-0.19313632613146717
25.5,-0.29801668551171956,-0.9512575252880237,-0.19338080249365888
25.52,-0.2972832564251444,-0.9632368670354184,-0.20095956972160253
25.54,-0.30192830730678727,-0.9730159215230877,-0.21367234055557252
25.56,-0.3073067872750053,-0.972771445160896,-0.21562815145310638
25.58,-0.3077957399993888,-0.9656816306573358,-0.21513919872872292
25.6,-0.29826116187391133,-0.9532133361855576,-0.2134278641933808
25.62,-0.2777251474498059,-0.9515020016502155,-0.21122757693365524
25.64,-0.2647679002536442,-0.9571249579806252,-0.21122757693365524
25.66,-0.2598783730098096,-0.9642147724841854,-0.20878281331173792
25.68,-0.25621122757693365,-0.9629923906732267,-0.20438223879228676
25.7,-0.2542554166793998,-0.9588362925159674,-0.19875928246187696
25.72,-0.24838798398679826,-0.9544357179965162,-0.19411423158023408
25.74,-0.24398740946734712,-0.9585918161537756,-0.1902026097851664
25.76,-0.24374293310515538,-0.9595697216025425,-0.18286831891941446
25.78,-0.2461876967270727,-0.9585918161537756,-0.17333374079393699
25.8,-0.24838798398679826,-0.9544357179965162,-0.17015554808544447
25.82,-0.2542554166793998,-0.95639152889405,-0.1662439262903768
25.84,-0.25792256211227577,-0.9559025761696666,-0.16428811539284294
25.86,-0.2598783730098096,-0.9539467652721327,-0.16428811539284294
25.88,-0.25572227485255017,-0.9568804816184335,-0.1655104972038016
25.9,-0.2469211258136479,-0.9588362925159674,-0.17040002444763622
25.92,-0.2366531186015952,-0.9583473397915839,-0.17700088622681295
25.94,-0.2334749258931027,-0.966415059743911,-0.17700088622681295
25.96,-0.2327414968065275,-0.9735048742474712,-0.18360174800598966
25.98,-0.23127463863337713,-0.9776609724047306,-0.18017907893530544
26.0,-0.22931882773584328,-0.9747272560584298,-0.17528955169147084
26.02,-0.22125110778351617,-0.9598141979647342,-0.17773431531338812
26.04,-0.21856186779940714,-0.9561470525318583,-0.17797879167557987
26.06,-0.2197842496103658,-0.9568804816184335,-0.16991107172325276
26.08,-0.22931882773584328,-0.9554136234452831,-0.16428811539284294
26.1,-0.24520979127830578,-0.9622589615866516,-0.1549980136295572
26.12,-0.24838798398679826,-0.9717935397121291,-0.15328667909421506
26.14,-0.23616416587721173,-0.9769275433181555,-0.1613543990465422
26.16,-0.2408092167588546,-0.9735048742474712,-0.16257678085750082
26.189,-0.25547779849035845,-0.9720380160743208,-0.160620969959967
26.2,-0.26134523118296,-0.9713045869877456,-0.1591541117868166
26.22,-0.25572227485255017,-0.9688598233658283,-0.16257678085750082
26.24,-0.25058827124652383,-0.9656816306573358,-0.1677107844635272
26.26,-0.2510772239709073,-0.9654371542951441,-0.16844421355010236
26.28,-0.25303303486844114,-0.9644592488463771,-0.16673287901476025
26.3,-0.2510772239709073,-0.9615255325000763,-0.16526602084160988
26.32,-0.24985484215994866,-0.9610365797756929,-0.16257678085750082
26.34,-0.2518106530574825,-0.9632368670354184,-0.1598875408733918
26.36,-0.24741007853803135,-0.9666595361061027,-0.16502154447941814
26.38,-0.23958683494789598,-0.9651926779329524,-0.16648840265256853
26.4,-0.24252055129419675,-0.9629923906732267,-0.1608654463221587
26.42,-0.24374293310515538,-0.9693487760902118,-0.1598875408733918
26.44,-0.24252055129419675,-0.9752162087828133,-0.16502154447941814
26.46,-0.24472083855392232,-0.9715490633499373,-0.1662439262903768
26.48,-0.2493658894355652,-0.9671484888304862,-0.16477706811722642
26.5,-0.24985484215994866,-0.9629923906732267,-0.1655104972038016
26.52,-0.2508327476087156,-0.9639702961219937,-0.16844421355010236
26.54,-0.2478990312624148,-0.9642147724841854,-0.16991107172325276
26.56,-0.2454542676404975,-0.9661705833817192,-0.166977355376952
26.58,-0.2454542676404975,-0.9669040124682945,-0.1672218317391437
26.6,-0.25229960578186594,-0.9647037252085688,-0.16110992268435045
26.62,-0.25229960578186594,-0.9647037252085688,-0.16110992268435045
26.64,-0.2493658894355652,-0.9651926779329524,-0.16184335177092565
26.66,-0.24838798398679826,-0.9698377288145952,-0.16428811539284294
26.68,-0.24447636219173058,-0.9666595361061027,-0.1623323044953091
26.7,-0.23958683494789598,-0.962747914311035,-0.15964306451120008
26.72,-0.22956330409803502,-0.9656816306573358,-0.1662439262903768
26.74,-0.22442930049200868,-0.9639702961219937,-0.1677107844635272
26.76,-0.21856186779940714,-0.9654371542951441,-0.1672218317391437
26.78,-0.21856186779940714,-0.9678819179170614,-0.16966659536106102
26.8,-0.20804938422516273,-0.9649482015707606,-0.1806680316596889
26.82,-0.21367234055557252,-0.9615255325000763,-0.1767564098646212
26.84,-0.21953977324817406,-0.9588362925159674,-0.16428811539284294
26.86,-0.24374293310515538,-0.9612810561378846,-0.15890963542462488
26.88,-0.25767808575008405,-0.9683708706414448,-0.1535311554564068
26.9,-0.2574336093878923,-0.9693487760902118,-0.15084191547229778
26.92,-0.25694465666350885,-0.9793723069400727,-0.14986401002353084
26.94,-0.25449989304159154,-0.9739938269718547,-0.14815267548818872
26.96,-0.25523332212816674,-0.9617700088622682,-0.14693029367723007
26.98,-0.2430095040185802,-0.960058674326926,-0.14961953366133912
27.0,-0.23543073679063656,-0.9590807688781591,-0.15573144271613237
27.02,-0.2430095040185802,-0.9583473397915839,-0.15670934816489931
27.04,-0.24325398038077192,-0.9671484888304862,-0.15450906090517372
27.06,-0.23298597316871925,-0.96910429972802,-0.14595238822846315
27.08,-0.2197842496103658,-0.9747272560584298,-0.1518198209210647
27.1,-0.2038932860679033,-0.9703266815389787,-0.17040002444763622
27.12,-0.18555755890352352,-0.9595697216025425,-0.17846774439996332
27.14,-0.18262384255722275,-0.9651926779329524,-0.16599944992818508
27.16,-0.18751336980105734,-0.9681263942792531,-0.1598875408733918
27.18,-0.20902728967392964,-0.9725269687987043,-0.16257678085750082
27.208,-0.22100663142132446,-0.9659261070195275,-0.16282125721969257
27.22,-0.2214955841457079,-0.9647037252085688,-0.15402010818079026
27.24,-0.22271796595666657,-0.9654371542951441,-0.14130733734682027
27.26,-0.2342083549796779,-0.9759496378693885,-0.1381291446383278
27.28,-0.22931882773584328,-0.9796167833022644,-0.14839715185038047
27.3,-0.23151911499556885,-0.9754606851450051,-0.15035296274791432
27.32,-0.23078568590899368,-0.9683708706414448,-0.1461968645906549
27.34,-0.22174006050789963,-0.9651926779329524,-0.14815267548818872
27.36,-0.21440576964214772,-0.9659261070195275,-0.154264584542982
27.38,-0.20756043150077927,-0.9649482015707606,-0.15450906090517372
27.4,-0.21391681691776426,-0.9644592488463771,-0.1510863918344895
27.42,-0.2134278641933808,-0.9659261070195275,-0.1527977263698316
27.44,-0.21147205329584695,-0.9661705833817192,-0.14424105369312104
27.46,-0.21147205329584695,-0.9644592488463771,-0.14204076643339547
27.48,-0.21489472236653118,-0.9705711579011704,-0.15133086819668123
27.5,-0.22027320233474926,-0.9715490633499373,-0.1591541117868166
27.52,-0.2183173914372154,-0.9632368670354184,-0.15939858814900834
27.54,-0.21856186779940714,-0.9673929651926779,-0.15646487180270757
27.56,-0.2317635913577606,-0.9752162087828133,-0.15573144271613237
27.58,-0.23860892949912904,-0.9783944014913057,-0.16599944992818508
27.6,-0.23738654768817039,-0.9739938269718547,-0.16917764263667756
27.62,-0.24276502765638847,-0.9695932524524035,-0.15695382452709103
27.64,-0.24838798398679826,-0.9673929651926779,-0.15377563181859855
27.66,-0.2645234238914525,-0.9717935397121291,-0.15206429728325643
27.68,-0.2765027656388473,-0.9725269687987043,-0.15548696635394066
27.7,-0.27283562020597135,-0.9671484888304862,-0.1535311554564068
27.72,-0.2611007548207683,-0.966415059743911,-0.1510863918344895
27.74,-0.25694465666350885,-0.9708156342633621,-0.1518198209210647
27.76,-0.25156617669529074,-0.9796167833022644,-0.15548696635394066
27.78,-0.24252055129419675,-0.9747272560584298,-0.15597591907832412
27.8,-0.2261406350273508,-0.9659261070195275,-0.15646487180270757
27.82,-0.22320691868105003,-0.960058674326926,-0.15450906090517372
27.84,-0.2285853986492681,-0.9595697216025425,-0.14741924640161355
27.86,-0.2271185404761177,-0.9622589615866516,-0.14399657733092933
27.88,-0.2278519695626929,-0.9671484888304862,-0.1454634355040797
27.9,-0.2246737768542004,-0.9656816306573358,-0.14350762460654584
27.92,-0.21929529688598234,-0.9622589615866516,-0.1461968645906549
27.94,-0.22516272957858385,-0.9649482015707606,-0.14913058093695566
27.96,-0.2327414968065275,-0.9681263942792531,-0.15230877364544815
27.98,-0.23371940225529445,-0.9666595361061027,-0.15328667909421506
28.0,-0.24032026403447115,-0.9656816306573358,-0.15010848638572258
28.02,-0.24032026403447115,-0.9656816306573358,-0.15010848638572258
28.04,-0.24520979127830578,-0.9669040124682945,-0.14693029367723007
28.06,-0.2398313113100877,-0.9632368670354184,-0.1527977263698316
28.08,-0.25132170033309903,-0.9693487760902118,-0.1613543990465422
28.1,-0.24961036579775692,-0.9725269687987043,-0.16184335177092565
28.12,-0.24276502765638847,-0.9669040124682945,-0.14839715185038047
28.14,-0.22907435137365156,-0.9713045869877456,-0.14424105369312104
28.16,-0.23200806771995233,-0.9693487760902118,-0.15084191547229778
28.18,-0.24496531491611404,-0.9656816306573358,-0.15059743911010604
28.2,-0.2408092167588546,-0.9629923906732267,-0.14766372276380527
28.229,-0.23127463863337713,-0.966415059743911,-0.14521895914188795
28.24,-0.2246737768542004,-0.9713045869877456,-0.1454634355040797
28.26,-0.22369587140543348,-0.9732603978852794,-0.147908199125997
28.28,-0.22980778046022673,-0.9725269687987043,-0.1464413409528466
28.3,-0.23885340586132078,-0.9686153470036366,-0.14497448277969624
28.32,-0.23811997677474558,-0.9681263942792531,-0.14815267548818872
28.34,-0.23738654768817039,-0.9681263942792531,-0.1471747700394218
28.36,-0.23151911499556885,-0.9725269687987043,-0.14766372276380527
28.38,-0.22834092228707636,-0.9744827796962381,-0.14693029367723007
28.4,-0.22565168230296734,-0.9698377288145952,-0.14595238822846315
28.42,-0.21489472236653118,-0.9698377288145952,-0.1486416282125722
28.44,-0.21636158053968157,-0.9686153470036366,-0.147908199125997
28.46,-0.22834092228707636,-0.9722824924365125,-0.14986401002353084
28.48,-0.22565168230296734,-0.9722824924365125,-0.15304220273202335
28.5,-0.22174006050789963,-0.9669040124682945,-0.15059743911010604
28.52,-0.22247348959447483,-0.9669040124682945,-0.14521895914188795
28.54,-0.22760749320050117,-0.9732603978852794,-0.14693029367723007
28.56,-0.242276074932005,-0.9713045869877456,-0.14961953366133912
28.58,-0.24252055129419675,-0.9642147724841854,-0.14913058093695566
28.6,-0.2349417840662531,-0.962747914311035,-0.14521895914188795
28.62,-0.23200806771995233,-0.9698377288145952,-0.1471747700394218
28.64,-0.23469730770406136,-0.9769275433181555,-0.15133086819668123
28.66,-0.23689759496378693,-0.9720380160743208,-0.14961953366133912
28.68,-0.2324970204443358,-0.9683708706414448,-0.1486416282125722
28.7,-0.23005225682241848,-0.9681263942792531,-0.14693029367723007
28.72,-0.22516272957858385,-0.9698377288145952,-0.14937505729914738
28.74,-0.22491825321639214,-0.9722824924365125,-0.14668581731503835
28.76,-0.22736301683830945,-0.9705711579011704,-0.14252971915777893
28.78,-0.2263851113895425,-0.9676374415548696,-0.14277419551997067
28.8,-0.22369587140543348,-0.9678819179170614,-0.1447300064175045
28.82,-0.2214955841457079,-0.9683708706414448,-0.14375210096873758
28.84,-0.22589615866515905,-0.9722824924365125,-0.14179629007120373
28.86,-0.22907435137365156,-0.9730159215230877,-0.1510863918344895
28.88,-0.23005225682241848,-0.9705711579011704,-0.1535311554564068
28.9,-0.2263851113895425,-0.9642147724841854,-0.14179629007120373
28.92,-0.22442930049200868,-0.9644592488463771,-0.14106286098462856
28.94,-0.2334749258931027,-0.9710601106255539,-0.15157534455887295
28.96,-0.2398313113100877,-0.9717935397121291,-0.15059743911010604
28.98,-0.23811997677474558,-0.9659261070195275,-0.14693029367723007
29.0,-0.23787550041255387,-0.9669040124682945,-0.1461968645906549
29.02,-0.23518626042844482,-0.9683708706414448,-0.14693029367723007
29.04,-0.23518626042844482,-0.970082205176787,-0.14766372276380527
29.06,-0.2405647403966629,-0.9710601106255539,-0.15035296274791432
29.08,-0.242276074932005,-0.9717935397121291,-0.1464413409528466
29.1,-0.23200806771995233,-0.9671484888304862,-0.1464413409528466
29.12,-0.22442930049200868,-0.9656816306573358,-0.14766372276380527
29.14,-0.22516272957858385,-0.9708156342633621,-0.14888610457476392
29.16,-0.22907435137365156,-0.9739938269718547,-0.14766372276380527
29.18,-0.23591968951502001,-0.9705711579011704,-0.14839715185038047
29.2,-0.23738654768817039,-0.9678819179170614,-0.14668581731503835
29.22,-0.2366531186015952,-0.9693487760902118,-0.14839715185038047
29.249,-0.23151911499556885,-0.96910429972802,-0.14839715185038047
29.26,-0.23298597316871925,-0.9698377288145952,-0.14815267548818872
29.28,-0.23371940225529445,-0.96910429972802,-0.14839715185038047
29.3,-0.23298597316871925,-0.9698377288145952,-0.14839715185038047
29.32,-0.23371940225529445,-0.9705711579011704,-0.1486416282125722
29.34,-0.2349417840662531,-0.9739938269718547,-0.1464413409528466
29.36,-0.2324970204443358,-0.9764385905937719,-0.14741924640161355
29.38,-0.22736301683830945,-0.9766830669559636,-0.147908199125997
29.4,-0.22418482412981694,-0.970082205176787,-0.1471747700394218
29.42,-0.22418482412981694,-0.970082205176787,-0.1471747700394218
29.44,-0.22174006050789963,-0.9710601106255539,-0.14766372276380527
29.46,-0.2158726278152981,-0.9713045869877456,-0.14570791186627144
29.48,-0.21636158053968157,-0.9722824924365125,-0.14204076643339547
29.5,-0.21440576964214772,-0.9656816306573358,-0.14497448277969624
29.52,-0.21416129327995598,-0.9644592488463771,-0.14741924640161355
29.54,-0.22198453687009137,-0.9678819179170614,-0.14448553005531278
29.56,-0.22931882773584328,-0.9715490633499373,-0.14252971915777893
29.58,-0.2271185404761177,-0.9752162087828133,-0.14106286098462856
29.6,-0.22736301683830945,-0.9754606851450051,-0.14130733734682027
29.62,-0.22809644592488462,-0.9739938269718547,-0.14570791186627144
29.64,-0.2263851113895425,-0.9681263942792531,-0.14766372276380527
29.66,-0.22687406411392597,-0.9649482015707606,-0.1454634355040797
29.68,-0.2214955841457079,-0.9683708706414448,-0.14301867188216238
29.7,-0.21538367509091463,-0.9761941142315802,-0.14448553005531278
29.72,-0.2173394859884485,-0.9769275433181555,-0.14668581731503835
29.74,-0.22247348959447483,-0.970082205176787,-0.14301867188216238
29.76,-0.2222290132322831,-0.9632368670354184,-0.14326314824435413
29.78,-0.22662958775173425,-0.9612810561378846,-0.14228524279558719
29.8,-0.23714207132597867,-0.9676374415548696,-0.14179629007120373
29.82,-0.23958683494789598,-0.9693487760902118,-0.1447300064175045
29.84,-0.2263851113895425,-0.9681263942792531,-0.14008495553586162
29.86,-0.21929529688598234,-0.9666595361061027,-0.1359288573786022
29.88,-0.22687406411392597,-0.9744827796962381,-0.13959600281147816
29.9,-0.22980778046022673,-0.9725269687987043,-0.14375210096873758
29.92,-0.22491825321639214,-0.96910429972802,-0.14032943189805336
29.94,-0.22394034776762523,-0.9720380160743208,-0.1373957155517526
29.96,-0.22345139504324174,-0.9710601106255539,-0.14155181370901201
29.98,-0.22271796595666657,-0.9722824924365125,-0.14252971915777893
30.0,-0.2246737768542004,-0.9710601106255539,-0.14301867188216238
30.02,-0.23151911499556885,-0.9705711579011704,-0.14350762460654584
30.04,-0.23591968951502001,-0.9717935397121291,-0.14570791186627144
30.06,-0.23689759496378693,-0.9730159215230877,-0.14448553005531278
30.08,-0.2398313113100877,-0.9739938269718547,-0.1454634355040797
30.1,-0.2408092167588546,-0.9705711579011704,-0.14497448277969624
30.12,-0.24105369312104635,-0.9703266815389787,-0.14204076643339547
30.14,-0.23689759496378693,-0.9705711579011704,-0.14155181370901201
30.16,-0.23396387861748616,-0.9695932524524035,-0.14032943189805336
30.18,-0.23763102405036213,-0.9705711579011704,-0.13935152644928644
30.2,-0.23885340586132078,-0.972771445160896,-0.14570791186627144
30.22,-0.23445283134186962,-0.9686153470036366,-0.14668581731503835
30.24,-0.2310301622711854,-0.9669040124682945,-0.13446199920545182
30.269,-0.23396387861748616,-0.9725269687987043,-0.13568438101641048
30.28,-0.2405647403966629,-0.9693487760902118,-0.14521895914188795
30.3,-0.23860892949912904,-0.9617700088622682,-0.14448553005531278
30.32,-0.23860892949912904,-0.9622589615866516,-0.1381291446383278
30.34,-0.2398313113100877,-0.9688598233658283,-0.13446199920545182
30.36,-0.23811997677474558,-0.9798612596644561,-0.13641781010298568
30.38,-0.23543073679063656,-0.9766830669559636,-0.14081838462243682
30.4,-0.23543073679063656,-0.9715490633499373,-0.14228524279558719
30.42,-0.23958683494789598,-0.9708156342633621,-0.13861809736271125
30.44,-0.2405647403966629,-0.9744827796962381,-0.13861809736271125
30.46,-0.24276502765638847,-0.9730159215230877,-0.14130733734682027
30.48,-0.23934235858570424,-0.9649482015707606,-0.13788466827613605
30.5,-0.23445283134186962,-0.966415059743911,-0.13470647556764356
30.52,-0.23885340586132078,-0.9720380160743208,-0.13641781010298568
30.54,-0.24520979127830578,-0.9720380160743208,-0.13519542829202702
30.56,-0.2471656021758396,-0.9686153470036366,-0.13250618830791797
30.58,-0.24667664945145615,-0.972771445160896,-0.1327506646701097
30.6,-0.24643217308926443,-0.973749350609663,-0.1383736210005195
30.62,-0.242276074932005,-0.9683708706414448,-0.1373957155517526
30.64,-0.24032026403447115,-0.9671484888304862,-0.13372857011887662
30.66,-0.24032026403447115,-0.9695932524524035,-0.13886257372490296
30.68,-0.2408092167588546,-0.9686153470036366,-0.14057390826024507
30.7,-0.23738654768817039,-0.9695932524524035,-0.13055037741038414
30.72,-0.23787550041255387,-0.9703266815389787,-0.12786113742627508
30.74,-0.23885340586132078,-0.9651926779329524,-0.1310393301347676
30.76,-0.2405647403966629,-0.9671484888304862,-0.13446199920545182
30.78,-0.24667664945145615,-0.9617700088622682,-0.13152828285915105
30.8,-0.24594322036488098,-0.963725819759802,-0.12932799559942548
30.82,-0.24594322036488098,-0.963725819759802,-0.12932799559942548
30.84,-0.24643217308926443,-0.9730159215230877,-0.13079485377257585
30.86,-0.24838798398679826,-0.9766830669559636,-0.13055037741038414
30.88,-0.2469211258136479,-0.9761941142315802,-0.13226171194572625
30.9,-0.2471656021758396,-0.9678819179170614,-0.1334840937566849
30.92,-0.2469211258136479,-0.9683708706414448,-0.13617333374079393
30.94,-0.24863246034899,-0.9693487760902118,-0.1383736210005195
30.96,-0.24838798398679826,-0.9730159215230877,-0.13543990465421873
30.98,-0.24472083855392232,-0.973749350609663,-0.1376401919139443
31.0,-0.24252055129419675,-0.9708156342633621,-0.13788466827613605
31.02,-0.2405647403966629,-0.9644592488463771,-0.13470647556764356
31.04,-0.24325398038077192,-0.9659261070195275,-0.13397304648106836
31.06,-0.2476545549002231,-0.9698377288145952,-0.13372857011887662
31.08,-0.2500993185221404,-0.9683708706414448,-0.1271277083396999
31.1,-0.2454542676404975,-0.970082205176787,-0.1254163738043578
31.12,-0.24423188582953886,-0.9676374415548696,-0.12492742107997433
31.14,-0.2461876967270727,-0.9708156342633621,-0.13079485377257585
31.16,-0.2476545549002231,-0.9739938269718547,-0.14301867188216238
31.18,-0.2471656021758396,-0.9710601106255539,-0.14057390826024507
31.2,-0.24496531491611404,-0.9671484888304862,-0.1320172355835345
31.22,-0.24447636219173058,-0.9715490633499373,-0.1317727592213428
31.24,-0.2454542676404975,-0.9695932524524035,-0.1373957155517526
31.26,-0.24887693671118175,-0.9698377288145952,-0.13568438101641048
31.289,-0.2518106530574825,-0.9671484888304862,-0.13299514103230142
31.3,-0.2525440821440577,-0.9678819179170614,-0.13397304648106836
31.32,-0.24912141307337346,-0.9722824924365125,-0.1327506646701097
31.34,-0.24594322036488098,-0.9749717324206215,-0.13152828285915105
31.36,-0.2478990312624148,-0.9722824924365125,-0.1310393301347676
31.38,-0.2461876967270727,-0.9678819179170614,-0.13226171194572625
31.4,-0.24520979127830578,-0.9686153470036366,-0.13495095192983528
31.42,-0.2430095040185802,-0.972771445160896,-0.13470647556764356
31.44,-0.24276502765638847,-0.9774164960425389,-0.13543990465421873
31.46,-0.2405647403966629,-0.9730159215230877,-0.13617333374079393
31.48,-0.23640864223940347,-0.9698377288145952,-0.13152828285915105
31.5,-0.23567521315282827,-0.9656816306573358,-0.12859456651285028
31.52,-0.242276074932005,-0.9651926779329524,-0.12835009015065857
31.54,-0.24741007853803135,-0.9693487760902118,-0.12908351923723374
31.56,-0.2471656021758396,-0.96910429972802,-0.13006142468600068
31.58,-0.24863246034899,-0.9715490633499373,-0.13397304648106836
31.6,-0.24863246034899,-0.9681263942792531,-0.1320172355835345
31.62,-0.2461876967270727,-0.9669040124682945,-0.13617333374079393
31.64,-0.2476545549002231,-0.9703266815389787,-0.14277419551997067
31.66,-0.24569874400268923,-0.9717935397121291,-0.14130733734682027
31.68,-0.24594322036488098,-0.970082205176787,-0.1303059010481924
31.7,-0.24276502765638847,-0.970082205176787,-0.1317727592213428
31.72,-0.2412981694832381,-0.9681263942792531,-0.13641781010298568
31.74,-0.23958683494789598,-0.9671484888304862,-0.13446199920545182
31.76,-0.2408092167588546,-0.9639702961219937,-0.13226171194572625
31.78,-0.23934235858570424,-0.9681263942792531,-0.13495095192983528
31.8,-0.24007578767227944,-0.9695932524524035,-0.13372857011887662
31.82,-0.24496531491611404,-0.9717935397121291,-0.13519542829202702
31.84,-0.25132170033309903,-0.9713045869877456,-0.13568438101641048
31.86,-0.2535219875928246,-0.9705711579011704,-0.1373957155517526
31.88,-0.2503437948843321,-0.9720380160743208,-0.13641781010298568
31.9,-0.23836445313693733,-0.972771445160896,-0.1373957155517526
31.92,-0.2327414968065275,-0.9730159215230877,-0.13690676282736913
31.94,-0.23298597316871925,-0.9715490633499373,-0.13079485377257585
31.96,-0.2285853986492681,-0.9686153470036366,-0.13079485377257585
31.98,-0.23005225682241848,-0.9698377288145952,-0.12663875561531643
32.0,-0.23396387861748616,-0.9713045869877456,-0.12688323197750817
32.02,-0.23518626042844482,-0.96910429972802,-0.12761666106408337
32.04,-0.23689759496378693,-0.9661705833817192,-0.12810561378846683
32.06,-0.23714207132597867,-0.9649482015707606,-0.13079485377257585
32.08,-0.23543073679063656,-0.966415059743911,-0.1320172355835345
32.1,-0.2415426458454298,-0.9735048742474712,-0.12932799559942548
32.12,-0.23689759496378693,-0.9742383033340464,-0.1310393301347676
32.14,-0.23518626042844482,-0.9698377288145952,-0.13226171194572625
32.16,-0.2349417840662531,-0.9705711579011704,-0.13690676282736913
32.18,-0.23860892949912904,-0.9779054487669223,-0.14228524279558719
32.2,-0.242276074932005,-0.978149925129114,-0.13372857011887662
32.22,-0.242276074932005,-0.978149925129114,-0.13372857011887662
32.24,-0.23934235858570424,-0.9761941142315802,-0.1327506646701097
32.26,-0.233230449530911,-0.9676374415548696,-0.13690676282736913
32.28,-0.23054120954680193,-0.9612810561378846,-0.1383736210005195
32.308,-0.23518626042844482,-0.966415059743911,-0.1359288573786022
32.32,-0.24252055129419675,-0.973749350609663,-0.13397304648106836
32.34,-0.24472083855392232,-0.9793723069400727,-0.13250618830791797
32.36,-0.24594322036488098,-0.979127830577881,-0.13250618830791797
32.38,-0.2454542676404975,-0.9769275433181555,-0.13519542829202702
32.4,-0.23958683494789598,-0.9717935397121291,-0.1373957155517526
32.42,-0.2278519695626929,-0.9669040124682945,-0.13617333374079393
32.44,-0.22320691868105003,-0.96910429972802,-0.1312838064969593
32.46,-0.2261406350273508,-0.9766830669559636,-0.13323961739449316
32.48,-0.22907435137365156,-0.9754606851450051,-0.13079485377257585
32.5,-0.22882987501145982,-0.970082205176787,-0.12761666106408337
32.52,-0.22956330409803502,-0.9705711579011704,-0.1310393301347676
32.54,-0.23518626042844482,-0.9720380160743208,-0.13446199920545182
32.56,-0.23738654768817039,-0.972771445160896,-0.13715123918956085
32.58,-0.22760749320050117,-0.9671484888304862,-0.13519542829202702
32.6,-0.2214955841457079,-0.9644592488463771,-0.13323961739449316
32.62,-0.22565168230296734,-0.9710601106255539,-0.13935152644928644
32.64,-0.23738654768817039,-0.9747272560584298,-0.1366622864651774
32.66,-0.24569874400268923,-0.9730159215230877,-0.13470647556764356
32.68,-0.24472083855392232,-0.9705711579011704,-0.1391070500870947
32.7,-0.23934235858570424,-0.9683708706414448,-0.14057390826024507
32.72,-0.23958683494789598,-0.9703266815389787,-0.14106286098462856
32.74,-0.23934235858570424,-0.9688598233658283,-0.14277419551997067
32.76,-0.23836445313693733,-0.9686153470036366,-0.14350762460654584
32.78,-0.24252055129419675,-0.9708156342633621,-0.14424105369312104
32.8,-0.24325398038077192,-0.9732603978852794,-0.14301867188216238
32.82,-0.2454542676404975,-0.9725269687987043,-0.14155181370901201
32.84,-0.24863246034899,-0.9686153470036366,-0.14424105369312104
32.86,-0.24447636219173058,-0.962747914311035,-0.13861809736271125
32.88,-0.2412981694832381,-0.9617700088622682,-0.13250618830791797
32.9,-0.23640864223940347,-0.9629923906732267,-0.13935152644928644
32.92,-0.23445283134186962,-0.9649482015707606,-0.14301867188216238
32.94,-0.23445283134186962,-0.9708156342633621,-0.14228524279558719
32.96,-0.23591968951502001,-0.979127830577881,-0.14424105369312104
32.98,-0.23860892949912904,-0.9759496378693885,-0.14375210096873758
33.0,-0.23518626042844482,-0.970082205176787,-0.14521895914188795
33.02,-0.23127463863337713,-0.9678819179170614,-0.14424105369312104
33.04,-0.23763102405036213,-0.9698377288145952,-0.1461968645906549
33.06,-0.24667664945145615,-0.9661705833817192,-0.14448553005531278
33.08,-0.24667664945145615,-0.9661705833817192,-0.14399657733092933
33.1,-0.24667664945145615,-0.9703266815389787,-0.14570791186627144
33.12,-0.24863246034899,-0.9708156342633621,-0.14815267548818872
33.14,-0.2493658894355652,-0.9666595361061027,-0.14424105369312104
33.16,-0.24961036579775692,-0.972771445160896,-0.14081838462243682
33.18,-0.2461876967270727,-0.9747272560584298,-0.14106286098462856
33.2,-0.2342083549796779,-0.9651926779329524,-0.14155181370901201
33.22,-0.23885340586132078,-0.9639702961219937,-0.13470647556764356
33.24,-0.23787550041255387,-0.9708156342633621,-0.13690676282736913
33.26,-0.23054120954680193,-0.9761941142315802,-0.14497448277969624
33.28,-0.2342083549796779,-0.9764385905937719,-0.14155181370901201
33.3,-0.2366531186015952,-0.9730159215230877,-0.14155181370901201
33.328,-0.2349417840662531,-0.9666595361061027,-0.14155181370901201
33.34,-0.2261406350273508,-0.963725819759802,-0.14155181370901201
33.36,-0.22565168230296734,-0.966415059743911,-0.13959600281147816
33.38,-0.23078568590899368,-0.9686153470036366,-0.1383736210005195
33.4,-0.23445283134186962,-0.9681263942792531,-0.1366622864651774
33.42,-0.23127463863337713,-0.9710601106255539,-0.13617333374079393
33.44,-0.2246737768542004,-0.970082205176787,-0.13495095192983528
33.46,-0.22174006050789963,-0.9666595361061027,-0.13568438101641048
33.48,-0.22834092228707636,-0.9686153470036366,-0.13519542829202702
33.5,-0.2349417840662531,-0.9688598233658283,-0.1359288573786022
33.52,-0.23591968951502001,-0.966415059743911,-0.13446199920545182
33.54,-0.22442930049200868,-0.9639702961219937,-0.1383736210005195
33.56,-0.23567521315282827,-0.966415059743911,-0.14399657733092933
33.58,-0.24667664945145615,-0.9622589615866516,-0.13543990465421873
33.6,-0.24203159856981327,-0.9722824924365125,-0.1376401919139443
33.62,-0.24203159856981327,-0.9722824924365125,-0.1376401919139443
33.64,-0.24496531491611404,-0.9776609724047306,-0.1383736210005195
33.66,-0.24203159856981327,-0.9761941142315802,-0.14106286098462856
33.68,-0.24374293310515538,-0.970082205176787,-0.14155181370901201
33.7,-0.24423188582953886,-0.9666595361061027,-0.14326314824435413
33.72,-0.24887693671118175,-0.9698377288145952,-0.1447300064175045
33.74,-0.2510772239709073,-0.9742383033340464,-0.1461968645906549
33.76,-0.24961036579775692,-0.9752162087828133,-0.14497448277969624
33.78,-0.24252055129419675,-0.9683708706414448,-0.1447300064175045
33.8,-0.2398313113100877,-0.9686153470036366,-0.14228524279558719
33.82,-0.24032026403447115,-0.9730159215230877,-0.14057390826024507
33.84,-0.242276074932005,-0.9717935397121291,-0.13788466827613605
33.86,-0.23836445313693733,-0.9695932524524035,-0.13421752284326008
33.88,-0.2334749258931027,-0.9686153470036366,-0.1366622864651774
33.9,-0.22882987501145982,-0.970082205176787,-0.14155181370901201
33.92,-0.2310301622711854,-0.9708156342633621,-0.14399657733092933
33.94,-0.2317635913577606,-0.9708156342633621,-0.14448553005531278
33.96,-0.22931882773584328,-0.9735048742474712,-0.1464413409528466
33.98,-0.23005225682241848,-0.9705711579011704,-0.14668581731503835
34.0,-0.233230449530911,-0.9673929651926779,-0.1447300064175045
34.02,-0.23616416587721173,-0.9693487760902118,-0.14521895914188795
34.04,-0.23934235858570424,-0.9761941142315802,-0.14766372276380527
34.06,-0.23860892949912904,-0.9752162087828133,-0.14570791186627144
34.08,-0.2342083549796779,-0.9686153470036366,-0.14448553005531278
34.1,-0.23151911499556885,-0.9617700088622682,-0.1471747700394218
34.12,-0.23371940225529445,-0.9610365797756929,-0.14521895914188795
34.14,-0.23958683494789598,-0.9632368670354184,-0.14252971915777893
34.16,-0.24472083855392232,-0.9698377288145952,-0.14424105369312104
34.18,-0.24276502765638847,-0.972771445160896,-0.14106286098462856
34.2,-0.23591968951502001,-0.9722824924365125,-0.13935152644928644
34.22,-0.2390978822235125,-0.9713045869877456,-0.14350762460654584
34.24,-0.24594322036488098,-0.9681263942792531,-0.15157534455887295
34.26,-0.2518106530574825,-0.9678819179170614,-0.15133086819668123
34.28,-0.24325398038077192,-0.9656816306573358,-0.14937505729914738
34.3,-0.23445283134186962,-0.9673929651926779,-0.1510863918344895
34.32,-0.23591968951502001,-0.9722824924365125,-0.14986401002353084
34.349,-0.23738654768817039,-0.9710601106255539,-0.14399657733092933
34.36,-0.2405647403966629,-0.9681263942792531,-0.13959600281147816
34.38,-0.23714207132597867,-0.9669040124682945,-0.14057390826024507
34.4,-0.23958683494789598,-0.9656816306573358,-0.14204076643339547
34.42,-0.242276074932005,-0.9669040124682945,-0.14326314824435413
34.44,-0.24276502765638847,-0.9681263942792531,-0.14448553005531278
34.46,-0.2408092167588546,-0.9681263942792531,-0.14521895914188795
34.48,-0.2408092167588546,-0.9708156342633621,-0.1461968645906549
34.5,-0.2408092167588546,-0.9698377288145952,-0.1471747700394218
34.52,-0.24325398038077192,-0.9681263942792531,-0.1471747700394218
34.54,-0.242276074932005,-0.9656816306573358,-0.14448553005531278
34.56,-0.23860892949912904,-0.966415059743911,-0.14277419551997067
34.58,-0.23298597316871925,-0.9695932524524035,-0.14179629007120373
34.6,-0.23127463863337713,-0.9720380160743208,-0.14130733734682027
34.62,-0.233230449530911,-0.9703266815389787,-0.14032943189805336
34.64,-0.2342083549796779,-0.9725269687987043,-0.14081838462243682
34.66,-0.23054120954680193,-0.9688598233658283,-0.14252971915777893
34.68,-0.2246737768542004,-0.9654371542951441,-0.14179629007120373
34.7,-0.2246737768542004,-0.9661705833817192,-0.14155181370901201
34.72,-0.22809644592488462,-0.9708156342633621,-0.14521895914188795
34.74,-0.23371940225529445,-0.9735048742474712,-0.14252971915777893
34.76,-0.2390978822235125,-0.9713045869877456,-0.13861809736271125
34.78,-0.23860892949912904,-0.966415059743911,-0.14032943189805336
34.8,-0.23616416587721173,-0.9632368670354184,-0.14448553005531278
34.82,-0.24178712220762155,-0.9695932524524035,-0.14497448277969624
34.84,-0.2476545549002231,-0.9693487760902118,-0.14448553005531278
34.86,-0.25058827124652383,-0.9683708706414448,-0.14130733734682027
34.88,-0.24887693671118175,-0.9739938269718547,-0.14008495553586162
34.9,-0.24985484215994866,-0.9720380160743208,-0.14057390826024507
34.92,-0.25229960578186594,-0.970082205176787,-0.14228524279558719
34.94,-0.24961036579775692,-0.970082205176787,-0.14448553005531278
34.96,-0.23763102405036213,-0.9688598233658283,-0.1461968645906549
34.98,-0.2334749258931027,-0.9717935397121291,-0.14228524279558719
35.0,-0.2327414968065275,-0.972771445160896,-0.14032943189805336
35.02,-0.23567521315282827,-0.972771445160896,-0.14081838462243682
35.04,-0.23567521315282827,-0.972771445160896,-0.14081838462243682
35.06,-0.2476545549002231,-0.9708156342633621,-0.14081838462243682
35.08,-0.25572227485255017,-0.96910429972802,-0.13935152644928644
35.1,-0.22882987501145982,-0.9605476270513095,-0.12883904287504203
35.12,-0.22736301683830945,-0.9661705833817192,-0.1310393301347676
35.14,-0.25205512941967423,-0.9705711579011704,-0.14155181370901201
35.16,-0.25694465666350885,-0.9666595361061027,-0.14424105369312104
35.18,-0.24398740946734712,-0.9708156342633621,-0.14448553005531278
35.2,-0.24912141307337346,-0.9779054487669223,-0.1461968645906549
35.22,-0.2581670384744675,-0.9815725941997983,-0.14913058093695566
35.24,-0.25694465666350885,-0.973749350609663,-0.14668581731503835
35.26,-0.2525440821440577,-0.9673929651926779,-0.14521895914188795
35.28,-0.24472083855392232,-0.9681263942792531,-0.14595238822846315
35.3,-0.23127463863337713,-0.9681263942792531,-0.14839715185038047
35.32,-0.23151911499556885,-0.9678819179170614,-0.14595238822846315
35.34,-0.24398740946734712,-0.9722824924365125,-0.14301867188216238
35.368,-0.24349845674296366,-0.9730159215230877,-0.13886257372490296
35.38,-0.23591968951502001,-0.9676374415548696,-0.1398404791736699
35.4,-0.23151911499556885,-0.9654371542951441,-0.14301867188216238
35.42,-0.23567521315282827,-0.9673929651926779,-0.1471747700394218
35.44,-0.24203159856981327,-0.9710601106255539,-0.147908199125997
35.46,-0.2476545549002231,-0.9695932524524035,-0.15059743911010604
35.48,-0.25156617669529074,-0.9681263942792531,-0.1486416282125722
35.5,-0.25132170033309903,-0.9713045869877456,-0.15304220273202335
35.52,-0.24985484215994866,-0.9686153470036366,-0.15866515906243314
35.54,-0.24520979127830578,-0.9654371542951441,-0.15059743911010604
35.56,-0.24178712220762155,-0.9659261070195275,-0.14595238822846315
35.58,-0.24594322036488098,-0.9649482015707606,-0.15450906090517372
35.6,-0.24961036579775692,-0.9647037252085688,-0.15817620633804969
35.62,-0.2500993185221404,-0.9639702961219937,-0.154264584542982
35.64,-0.24985484215994866,-0.9644592488463771,-0.14815267548818872
35.66,-0.2510772239709073,-0.9688598233658283,-0.14888610457476392
35.68,-0.2493658894355652,-0.9710601106255539,-0.15084191547229778
35.7,-0.24594322036488098,-0.9708156342633621,-0.15573144271613237
35.72,-0.24667664945145615,-0.9683708706414448,-0.15304220273202335
35.74,-0.2412981694832381,-0.9656816306573358,-0.15206429728325643
35.76,-0.23445283134186962,-0.9629923906732267,-0.15597591907832412
35.78,-0.23836445313693733,-0.9656816306573358,-0.15646487180270757
35.8,-0.23958683494789598,-0.9688598233658283,-0.15377563181859855
35.82,-0.24447636219173058,-0.9656816306573358,-0.154264584542982
35.84,-0.24398740946734712,-0.9632368670354184,-0.1527977263698316
35.86,-0.24398740946734712,-0.9612810561378846,-0.14986401002353084
35.88,-0.24252055129419675,-0.9620144852244599,-0.1527977263698316
35.9,-0.24496531491611404,-0.9620144852244599,-0.15133086819668123
35.92,-0.24447636219173058,-0.9669040124682945,-0.154264584542982
35.94,-0.24838798398679826,-0.9671484888304862,-0.16037649359777525
35.96,-0.2535219875928246,-0.9615255325000763,-0.16037649359777525
35.98,-0.25303303486844114,-0.962747914311035,-0.16013201723558354
36.0,-0.25303303486844114,-0.96910429972802,-0.16331020994407602
36.02,-0.25205512941967423,-0.9713045869877456,-0.15744277725147449
36.04,-0.24496531491611404,-0.9647037252085688,-0.15646487180270757
36.06,-0.2430095040185802,-0.9590807688781591,-0.1630657335818843
36.08,-0.2469211258136479,-0.9629923906732267,-0.16428811539284294
36.1,-0.2510772239709073,-0.9669040124682945,-0.16257678085750082
36.12,-0.24423188582953886,-0.9651926779329524,-0.15768725361366623
36.14,-0.24643217308926443,-0.9651926779329524,-0.1518198209210647
36.16,-0.25327751123063286,-0.9688598233658283,-0.1471747700394218
36.18,-0.25621122757693365,-0.9676374415548696,-0.14961953366133912
36.2,-0.2620786602695352,-0.9593252452403508,-0.1510863918344895
36.22,-0.25645570393912537,-0.953702288909941,-0.15133086819668123
36.24,-0.2493658894355652,-0.9578583870672004,-0.14986401002353084
36.26,-0.2469211258136479,-0.9603031506891178,-0.147908199125997
36.28,-0.23885340586132078,-0.9605476270513095,-0.15010848638572258
36.3,-0.23616416587721173,-0.9617700088622682,-0.15230877364544815
36.32,-0.24032026403447115,-0.9639702961219937,-0.15377563181859855
36.34,-0.2461876967270727,-0.9649482015707606,-0.1549980136295572
36.36,-0.24594322036488098,-0.9651926779329524,-0.1525532500076399
36.389,-0.2478990312624148,-0.9615255325000763,-0.14937505729914738
36.4,-0.25205512941967423,-0.9642147724841854,-0.1535311554564068
36.42,-0.2589004675610427,-0.9683708706414448,-0.1613543990465422
36.44,-0.2589004675610427,-0.9683708706414448,-0.1613543990465422
36.46,-0.2611007548207683,-0.966415059743911,-0.16110992268435045
36.48,-0.2628120893561104,-0.9632368670354184,-0.15377563181859855
36.5,-0.27161323839501267,-0.9693487760902118,-0.154264584542982
36.52,-0.2772361947254225,-0.9695932524524035,-0.16453259175503468
36.54,-0.27210219111939615,-0.9625034379488433,-0.1655104972038016
36.56,-0.2628120893561104,-0.9598141979647342,-0.1615988754087339
36.58,-0.25718913302570057,-0.9647037252085688,-0.16599944992818508
36.6,-0.25645570393912537,-0.9671484888304862,-0.1694221189988693
36.62,-0.2620786602695352,-0.9676374415548696,-0.16331020994407602
36.64,-0.2589004675610427,-0.9651926779329524,-0.15866515906243314
36.66,-0.25572227485255017,-0.9654371542951441,-0.15842068270024143
36.68,-0.26501237661583593,-0.9615255325000763,-0.15157534455887295
36.7,-0.26574580570241113,-0.9617700088622682,-0.1510863918344895
36.72,-0.26990190385967056,-0.960058674326926,-0.15059743911010604
36.74,-0.2777251474498059,-0.9603031506891178,-0.14937505729914738
36.76,-0.2750359074656969,-0.9583473397915839,-0.15059743911010604
36.78,-0.2752803838278886,-0.9593252452403508,-0.1510863918344895
36.8,-0.28823763102405037,-0.9634813433976103,-0.14521895914188795
36.82,-0.2899489655593925,-0.9705711579011704,-0.15842068270024143
36.84,-0.2725911438437796,-0.9617700088622682,-0.166977355376952
36.86,-0.24912141307337346,-0.9534578125477493,-0.15646487180270757
36.88,-0.23763102405036213,-0.9622589615866516,-0.1464413409528466
36.9,-0.2454542676404975,-0.9666595361061027,-0.14937505729914738
36.92,-0.2493658894355652,-0.9651926779329524,-0.14741924640161355
36.94,-0.24276502765638847,-0.9585918161537756,-0.13935152644928644
36.96,-0.23787550041255387,-0.9612810561378846,-0.14008495553586162
36.98,-0.23860892949912904,-0.9659261070195275,-0.14399657733092933
37.0,-0.24447636219173058,-0.9688598233658283,-0.14668581731503835
37.02,-0.2535219875928246,-0.9676374415548696,-0.1486416282125722
37.04,-0.25547779849035845,-0.9669040124682945,-0.15035296274791432
37.06,-0.2574336093878923,-0.9673929651926779,-0.1527977263698316
37.08,-0.25523332212816674,-0.970082205176787,-0.15377563181859855
37.1,-0.2500993185221404,-0.9678819179170614,-0.15695382452709103
37.12,-0.25376646395501634,-0.9688598233658283,-0.15597591907832412
37.14,-0.2625676129939186,-0.9659261070195275,-0.14888610457476392
37.16,-0.26794609296213673,-0.9669040124682945,-0.1527977263698316
37.18,-0.25572227485255017,-0.9644592488463771,-0.15744277725147449
37.2,-0.2349417840662531,-0.9549246707208997,-0.14741924640161355
37.22,-0.22907435137365156,-0.9610365797756929,-0.14228524279558719
37.24,-0.24520979127830578,-0.9732603978852794,-0.14570791186627144
37.26,-0.25572227485255017,-0.9720380160743208,-0.1454634355040797
37.28,-0.25841151483665925,-0.9598141979647342,-0.14204076643339547
37.3,-0.25718913302570057,-0.9568804816184335,-0.14815267548818872
37.32,-0.2591449439232344,-0.9598141979647342,-0.1549980136295572
37.34,-0.26599028206460285,-0.9654371542951441,-0.1549980136295572
37.36,-0.27136876203282095,-0.9693487760902118,-0.15450906090517372
37.38,-0.2623231366317269,-0.9705711579011704,-0.1549980136295572
37.409,-0.2591449439232344,-0.970082205176787,-0.15842068270024143
37.42,-0.25670018030131714,-0.9686153470036366,-0.15524248999174892
37.44,-0.25229960578186594,-0.9698377288145952,-0.15475353726736546
37.46,-0.24667664945145615,-0.9639702961219937,-0.14986401002353084
37.48,-0.24863246034899,-0.9629923906732267,-0.14497448277969624
37.5,-0.2471656021758396,-0.9647037252085688,-0.14424105369312104
37.52,-0.2510772239709073,-0.9647037252085688,-0.1447300064175045
37.54,-0.25792256211227577,-0.9642147724841854,-0.14350762460654584
37.56,-0.2598783730098096,-0.9607921034135012,-0.1461968645906549
37.58,-0.2606118020963848,-0.9612810561378846,-0.1518198209210647
37.6,-0.2623231366317269,-0.9583473397915839,-0.15622039544051583
37.62,-0.2686795220487119,-0.9610365797756929,-0.1535311554564068
37.64,-0.26819056932432844,-0.9651926779329524,-0.1525532500076399
37.66,-0.26916847477309536,-0.9654371542951441,-0.1525532500076399
37.68,-0.26574580570241113,-0.9651926779329524,-0.14937505729914738
37.7,-0.26672371115117804,-0.9647037252085688,-0.14399657733092933
37.72,-0.2652568529780277,-0.9632368670354184,-0.14375210096873758
37.74,-0.2596338966476179,-0.9654371542951441,-0.14937505729914738
37.76,-0.2603673257341931,-0.9683708706414448,-0.14668581731503835
37.78,-0.2525440821440577,-0.9698377288145952,-0.1454634355040797
37.8,-0.2500993185221404,-0.9634813433976103,-0.1525532500076399
37.82,-0.25229960578186594,-0.9566360052562418,-0.15230877364544815
37.84,-0.25229960578186594,-0.9566360052562418,-0.15230877364544815
37.86,-0.25327751123063286,-0.9620144852244599,-0.15548696635394066
37.88,-0.2652568529780277,-0.9688598233658283,-0.15597591907832412
37.9,-0.26745714023775324,-0.9713045869877456,-0.1510863918344895
37.92,-0.26647923478898633,-0.9761941142315802,-0.14521895914188795
37.94,-0.26599028206460285,-0.9715490633499373,-0.14595238822846315
37.96,-0.26134523118296,-0.9669040124682945,-0.14839715185038047
37.98,-0.25596675121474194,-0.9671484888304862,-0.15010848638572258
38.0,-0.24863246034899,-0.9678819179170614,-0.15035296274791432
38.02,-0.2408092167588546,-0.96910429972802,-0.14986401002353084
38.04,-0.2390978822235125,-0.9683708706414448,-0.14766372276380527
38.06,-0.23469730770406136,-0.972771445160896,-0.14448553005531278
38.08,-0.2342083549796779,-0.9757051615071968,-0.14204076643339547
38.1,-0.23763102405036213,-0.9754606851450051,-0.1447300064175045
38.12,-0.23714207132597867,-0.9735048742474712,-0.14741924640161355
38.14,-0.23396387861748616,-0.970082205176787,-0.14424105369312104
38.16,-0.22565168230296734,-0.9671484888304862,-0.14081838462243682
38.18,-0.21465024600433946,-0.9666595361061027,-0.14106286098462856
38.2,-0.2180729150750237,-0.9722824924365125,-0.1383736210005195
38.22,-0.21611710417748983,-0.9730159215230877,-0.13935152644928644
38.24,-0.22100663142132446,-0.9703266815389787,-0.14277419551997067
38.26,-0.2263851113895425,-0.9639702961219937,-0.14448553005531278
38.28,-0.22931882773584328,-0.9615255325000763,-0.14741924640161355
38.3,-0.23958683494789598,-0.9681263942792531,-0.14961953366133912
38.32,-0.24325398038077192,-0.970082205176787,-0.14986401002353084
38.34,-0.24985484215994866,-0.9713045869877456,-0.15402010818079026
38.36,-0.25498884576597497,-0.9754606851450051,-0.15670934816489931
38.38,-0.2574336093878923,-0.96910429972802,-0.15035296274791432
38.4,-0.25278855850624943,-0.9656816306573358,-0.14839715185038047
38.429,-0.25229960578186594,-0.9603031506891178,-0.15548696635394066
38.44,-0.25498884576597497,-0.9590807688781591,-0.15866515906243314
38.46,-0.2574336093878923,-0.9610365797756929,-0.15793172997585794
38.48,-0.2589004675610427,-0.9642147724841854,-0.15450906090517372
38.5,-0.25596675121474194,-0.9671484888304862,-0.15328667909421506
38.52,-0.2581670384744675,-0.9703266815389787,-0.1518198209210647
38.54,-0.26721266387556153,-0.9673929651926779,-0.1525532500076399
38.56,-0.267701616599945,-0.9610365797756929,-0.1527977263698316
38.58,-0.25670018030131714,-0.9561470525318583,-0.15817620633804969
38.6,-0.25621122757693365,-0.9571249579806252,-0.16257678085750082
38.62,-0.25767808575008405,-0.9644592488463771,-0.15939858814900834
38.64,-0.25449989304159154,-0.962747914311035,-0.16037649359777525
38.66,-0.25572227485255017,-0.960058674326926,-0.1549980136295572
38.68,-0.26012284937200136,-0.9607921034135012,-0.1525532500076399
38.7,-0.26012284937200136,-0.963725819759802,-0.15475353726736546
38.72,-0.2647679002536442,-0.9644592488463771,-0.15793172997585794
38.74,-0.2623231366317269,-0.9612810561378846,-0.15964306451120008
38.76,-0.2603673257341931,-0.963725819759802,-0.1613543990465422
38.78,-0.25523332212816674,-0.9644592488463771,-0.16355468630626777
38.8,-0.2518106530574825,-0.963725819759802,-0.1615988754087339
38.82,-0.25474436940378326,-0.9629923906732267,-0.1608654463221587
38.84,-0.2518106530574825,-0.9649482015707606,-0.1623323044953091
38.86,-0.24520979127830578,-0.962747914311035,-0.1591541117868166
38.88,-0.24447636219173058,-0.9634813433976103,-0.15548696635394066
38.9,-0.25303303486844114,-0.9669040124682945,-0.15670934816489931
38.92,-0.2608562784585765,-0.9666595361061027,-0.16355468630626777
38.94,-0.25621122757693365,-0.9593252452403508,-0.16331020994407602
38.96,-0.2508327476087156,-0.9559025761696666,-0.15793172997585794
38.98,-0.2518106530574825,-0.9615255325000763,-0.154264584542982
39.0,-0.25401094031720806,-0.9678819179170614,-0.15622039544051583
39.02,-0.2535219875928246,-0.9742383033340464,-0.15866515906243314
39.04,-0.24838798398679826,-0.9742383033340464,-0.16013201723558354
39.06,-0.24203159856981327,-0.970082205176787,-0.1613543990465422
39.08,-0.23543073679063656,-0.9651926779329524,-0.15744277725147449
39.1,-0.23371940225529445,-0.963725819759802,-0.15548696635394066
39.12,-0.23054120954680193,-0.9651926779329524,-0.15597591907832412
39.14,-0.22491825321639214,-0.9651926779329524,-0.15304220273202335
39.16,-0.23005225682241848,-0.9678819179170614,-0.154264584542982
39.18,-0.23763102405036213,-0.9676374415548696,-0.15402010818079026
39.2,-0.24423188582953886,-0.9617700088622682,-0.14888610457476392
39.22,-0.2471656021758396,-0.9671484888304862,-0.15548696635394066
39.24,-0.2471656021758396,-0.9671484888304862,-0.15548696635394066
39.26,-0.24447636219173058,-0.9693487760902118,-0.1598875408733918
39.28,-0.2398313113100877,-0.9615255325000763,-0.15622039544051583
39.3,-0.24447636219173058,-0.9615255325000763,-0.15059743911010604
39.32,-0.24863246034899,-0.9666595361061027,-0.15646487180270757
39.34,-0.25205512941967423,-0.9676374415548696,-0.1608654463221587
39.36,-0.2518106530574825,-0.9634813433976103,-0.15597591907832412
39.38,-0.2508327476087156,-0.9651926779329524,-0.15475353726736546
39.4,-0.2518106530574825,-0.9671484888304862,-0.15622039544051583
39.42,-0.24985484215994866,-0.9673929651926779,-0.15622039544051583
39.449,-0.2493658894355652,-0.9644592488463771,-0.15646487180270757
39.46,-0.2518106530574825,-0.9634813433976103,-0.15548696635394066
39.48,-0.2493658894355652,-0.9647037252085688,-0.15548696635394066
39.5,-0.24667664945145615,-0.9647037252085688,-0.15768725361366623
39.52,-0.24887693671118175,-0.9639702961219937,-0.15817620633804969
39.54,-0.25229960578186594,-0.963725819759802,-0.15719830088928277
39.56,-0.25645570393912537,-0.9605476270513095,-0.15597591907832412
39.58,-0.2618341839073435,-0.9593252452403508,-0.1591541117868166
39.6,-0.26427894752926073,-0.9588362925159674,-0.15670934816489931
39.62,-0.2630565657183021,-0.9607921034135012,-0.15670934816489931
39.64,-0.26647923478898633,-0.962747914311035,-0.15768725361366623
39.66,-0.27136876203282095,-0.9673929651926779,-0.15866515906243314
39.68,-0.27039085658405404,-0.9644592488463771,-0.16282125721969257
39.7,-0.27014638022186227,-0.9605476270513095,-0.16379916266845948
39.72,-0.26990190385967056,-0.9603031506891178,-0.1613543990465422
39.74,-0.26599028206460285,-0.966415059743911,-0.16037649359777525
39.76,-0.2618341839073435,-0.970082205176787,-0.1613543990465422
39.78,-0.2525440821440577,-0.9683708706414448,-0.15377563181859855
39.8,-0.24398740946734712,-0.9669040124682945,-0.154264584542982
39.82,-0.24520979127830578,-0.9620144852244599,-0.15939858814900834
39.84,-0.24472083855392232,-0.9610365797756929,-0.15670934816489931
39.86,-0.24472083855392232,-0.9612810561378846,-0.15524248999174892
39.88,-0.2478990312624148,-0.9676374415548696,-0.15304220273202335
39.9,-0.2503437948843321,-0.9744827796962381,-0.1518198209210647
39.92,-0.24838798398679826,-0.973749350609663,-0.15206429728325643
39.94,-0.24887693671118175,-0.9683708706414448,-0.15573144271613237
39.96,-0.25132170033309903,-0.9661705833817192,-0.1591541117868166
39.98,-0.25058827124652383,-0.9673929651926779,-0.15719830088928277
40.0,-0.2412981694832381,-0.9683708706414448,-0.15524248999174892
40.02,-0.23640864223940347,-0.9688598233658283,-0.1527977263698316
40.04,-0.23567521315282827,-0.9647037252085688,-0.14815267548818872
40.06,-0.22760749320050117,-0.9598141979647342,-0.15133086819668123
40.08,-0.22980778046022673,-0.9605476270513095,-0.1535311554564068
40.1,-0.2398313113100877,-0.9642147724841854,-0.1518198209210647
40.12,-0.24814350762460655,-0.9678819179170614,-0.1535311554564068
40.14,-0.25596675121474194,-0.966415059743911,-0.15744277725147449
40.16,-0.25792256211227577,-0.9632368670354184,-0.15866515906243314
40.18,-0.2581670384744675,-0.9656816306573358,-0.15964306451120008
40.2,-0.25767808575008405,-0.966415059743911,-0.15695382452709103
40.22,-0.25303303486844114,-0.9649482015707606,-0.15377563181859855
40.24,-0.2476545549002231,-0.966415059743911,-0.15524248999174892
40.26,-0.24447636219173058,-0.9639702961219937,-0.15646487180270757
40.28,-0.24252055129419675,-0.9620144852244599,-0.15622039544051583
40.3,-0.24569874400268923,-0.9639702961219937,-0.15402010818079026
40.32,-0.24447636219173058,-0.9644592488463771,-0.15133086819668123
40.34,-0.24423188582953886,-0.9654371542951441,-0.14815267548818872
40.36,-0.2478990312624148,-0.972771445160896,-0.154264584542982
40.38,-0.2510772239709073,-0.9747272560584298,-0.15622039544051583
40.4,-0.2476545549002231,-0.9678819179170614,-0.1518198209210647
40.42,-0.2405647403966629,-0.9625034379488433,-0.15793172997585794
40.44,-0.24178712220762155,-0.9607921034135012,-0.16013201723558354
40.469,-0.24985484215994866,-0.960058674326926,-0.15573144271613237
40.48,-0.25572227485255017,-0.9607921034135012,-0.1527977263698316
40.5,-0.25670018030131714,-0.9639702961219937,-0.15157534455887295
40.52,-0.2503437948843321,-0.9656816306573358,-0.14815267548818872
40.54,-0.2508327476087156,-0.9693487760902118,-0.15010848638572258
40.56,-0.25865599119885097,-0.9717935397121291,-0.154264584542982
40.58,-0.25645570393912537,-0.9659261070195275,-0.15402010818079026
40.6,-0.2510772239709073,-0.9656816306573358,-0.15646487180270757
40.62,-0.2476545549002231,-0.9644592488463771,-0.15622039544051583
40.64,-0.2476545549002231,-0.9644592488463771,-0.15622039544051583
40.66,-0.24594322036488098,-0.9673929651926779,-0.1525532500076399
40.68,-0.24178712220762155,-0.9681263942792531,-0.15084191547229778
40.7,-0.23860892949912904,-0.9681263942792531,-0.14937505729914738
40.72,-0.24203159856981327,-0.9651926779329524,-0.14570791186627144
40.74,-0.2471656021758396,-0.9634813433976103,-0.14497448277969624
40.76,-0.25278855850624943,-0.9671484888304862,-0.15133086819668123
40.78,-0.24887693671118175,-0.9639702961219937,-0.15059743911010604
40.8,-0.24520979127830578,-0.9603031506891178,-0.1464413409528466
40.82,-0.24863246034899,-0.966415059743911,-0.14961953366133912
40.84,-0.2574336093878923,-0.9720380160743208,-0.15817620633804969
40.86,-0.2637899948048773,-0.9730159215230877,-0.1591541117868166
40.88,-0.2591449439232344,-0.9730159215230877,-0.15548696635394066
40.9,-0.2518106530574825,-0.9725269687987043,-0.15377563181859855
40.92,-0.24520979127830578,-0.9722824924365125,-0.1535311554564068
40.94,-0.23616416587721173,-0.9693487760902118,-0.14961953366133912
40.96,-0.2342083549796779,-0.963725819759802,-0.14448553005531278
40.98,-0.24594322036488098,-0.9593252452403508,-0.1527977263698316
41.0,-0.25474436940378326,-0.9593252452403508,-0.15719830088928277
41.02,-0.2620786602695352,-0.9544357179965162,-0.154264584542982
41.04,-0.27136876203282095,-0.95639152889405,-0.15230877364544815
41.06,-0.27014638022186227,-0.9669040124682945,-0.15475353726736546
41.08,-0.26599028206460285,-0.972771445160896,-0.1518198209210647
41.1,-0.25938942028542616,-0.9744827796962381,-0.14595238822846315
41.12,-0.2589004675610427,-0.9793723069400727,-0.1486416282125722
41.14,-0.25278855850624943,-0.9813281178376065,-0.15450906090517372
41.16,-0.23958683494789598,-0.9761941142315802,-0.15206429728325643
41.18,-0.23005225682241848,-0.9713045869877456,-0.1464413409528466
41.2,-0.22956330409803502,-0.9717935397121291,-0.1525532500076399
41.22,-0.22125110778351617,-0.9620144852244599,-0.15010848638572258
41.24,-0.23225254408214405,-0.9512575252880237,-0.14106286098462856
41.26,-0.24276502765638847,-0.9585918161537756,-0.1525532500076399
41.28,-0.24667664945145615,-0.9715490633499373,-0.15964306451120008
41.3,-0.25327751123063286,-0.9798612596644561,-0.1525532500076399
41.32,-0.25596675121474194,-0.9847507869082908,-0.14913058093695566
41.34,-0.25229960578186594,-0.9832839287351404,-0.1525532500076399
41.36,-0.24178712220762155,-0.9793723069400727,-0.14961953366133912
41.38,-0.22931882773584328,-0.9725269687987043,-0.1454634355040797
41.4,-0.22125110778351617,-0.9649482015707606,-0.14570791186627144
41.42,-0.21709500962625675,-0.9617700088622682,-0.14937505729914738
41.44,-0.21416129327995598,-0.9612810561378846,-0.15010848638572258
41.46,-0.21513919872872292,-0.9678819179170614,-0.15084191547229778
41.488,-0.2158726278152981,-0.9747272560584298,-0.1525532500076399
41.5,-0.21856186779940714,-0.9730159215230877,-0.15010848638572258
41.52,-0.2261406350273508,-0.9752162087828133,-0.14937505729914738
41.54,-0.2324970204443358,-0.9720380160743208,-0.15402010818079026
41.56,-0.2349417840662531,-0.962747914311035,-0.15842068270024143
41.58,-0.23689759496378693,-0.9625034379488433,-0.16404363903065122
41.6,-0.24007578767227944,-0.9673929651926779,-0.16379916266845948
41.62,-0.24178712220762155,-0.9708156342633621,-0.15890963542462488
41.64,-0.2430095040185802,-0.9732603978852794,-0.15719830088928277
41.66,-0.23543073679063656,-0.9649482015707606,-0.15206429728325643
41.68,-0.23225254408214405,-0.9593252452403508,-0.1486416282125722
41.7,-0.22882987501145982,-0.9468569507685726,-0.1518198209210647
41.72,-0.22687406411392597,-0.9358555144699446,-0.1518198209210647
41.74,-0.2324970204443358,-0.9436787580600801,-0.15548696635394066
41.76,-0.23885340586132078,-0.9593252452403508,-0.160620969959967
41.78,-0.24594322036488098,-0.9659261070195275,-0.16746630810133545
41.8,-0.25523332212816674,-0.9681263942792531,-0.17382269351832044
41.82,-0.25792256211227577,-0.9647037252085688,-0.17137792989640313
41.84,-0.2596338966476179,-0.9671484888304862,-0.16673287901476025
41.86,-0.2645234238914525,-0.9669040124682945,-0.16648840265256853
41.88,-0.25449989304159154,-0.95639152889405,-0.17211135898297833
41.9,-0.2603673257341931,-0.953702288909941,-0.1767564098646212
41.92,-0.27161323839501267,-0.9551691470830914,-0.17846774439996332
41.94,-0.2752803838278886,-0.9551691470830914,-0.17773431531338812
41.96,-0.280414387433915,-0.9671484888304862,-0.1750450753292791
41.98,-0.27210219111939615,-0.9715490633499373,-0.17333374079393699
42.0,-0.2686795220487119,-0.963725819759802,-0.17333374079393699
42.02,-0.2662347584267946,-0.9585918161537756,-0.16844421355010236
42.04,-0.2662347584267946,-0.9585918161537756,-0.16844421355010236
42.06,-0.2686795220487119,-0.9615255325000763,-0.16184335177092565
42.08,-0.26599028206460285,-0.9617700088622682,-0.15719830088928277
42.1,-0.25767808575008405,-0.9556580998074748,-0.15597591907832412
42.12,-0.25596675121474194,-0.9556580998074748,-0.154264584542982
42.14,-0.25303303486844114,-0.9581028634293921,-0.154264584542982
42.16,-0.2503437948843321,-0.960058674326926,-0.15695382452709103
42.18,-0.2510772239709073,-0.9647037252085688,-0.15939858814900834
42.2,-0.24496531491611404,-0.9629923906732267,-0.15768725361366623
42.22,-0.24105369312104635,-0.9644592488463771,-0.15646487180270757
42.24,-0.2412981694832381,-0.9649482015707606,-0.15597591907832412
42.26,-0.24276502765638847,-0.9612810561378846,-0.1591541117868166
42.28,-0.2415426458454298,-0.9595697216025425,-0.1608654463221587
42.3,-0.2469211258136479,-0.963725819759802,-0.1613543990465422
42.32,-0.24594322036488098,-0.9683708706414448,-0.15793172997585794
42.34,-0.24594322036488098,-0.9654371542951441,-0.15719830088928277
42.36,-0.2454542676404975,-0.9730159215230877,-0.16257678085750082
42.38,-0.24398740946734712,-0.9725269687987043,-0.1615988754087339
42.4,-0.24838798398679826,-0.9669040124682945,-0.15573144271613237
42.42,-0.2525440821440577,-0.9615255325000763,-0.16037649359777525
42.44,-0.25376646395501634,-0.9554136234452831,-0.17333374079393699
42.46,-0.2542554166793998,-0.9634813433976103,-0.17088897717201967
42.48,-0.2574336093878923,-0.9725269687987043,-0.16526602084160988
42.509,-0.2581670384744675,-0.9766830669559636,-0.16428811539284294
42.52,-0.2510772239709073,-0.9713045869877456,-0.16453259175503468
42.54,-0.2518106530574825,-0.9649482015707606,-0.16282125721969257
42.56,-0.25572227485255017,-0.9644592488463771,-0.16355468630626777
42.58,-0.24594322036488098,-0.9603031506891178,-0.14913058093695566
42.6,-0.24569874400268923,-0.9671484888304862,-0.1527977263698316
42.62,-0.24252055129419675,-0.9776609724047306,-0.16453259175503468
42.64,-0.24203159856981327,-0.9793723069400727,-0.1549980136295572
42.66,-0.23885340586132078,-0.9744827796962381,-0.14301867188216238
42.68,-0.22320691868105003,-0.9710601106255539,-0.1454634355040797
42.7,-0.21147205329584695,-0.9688598233658283,-0.14448553005531278
42.72,-0.21073862420927175,-0.9769275433181555,-0.13935152644928644
42.74,-0.2214955841457079,-0.988173455978975,-0.12981694832380894
42.76,-0.2254072059407756,-0.9823060232863735,-0.12639427925312471
42.78,-0.20878281331173792,-0.960058674326926,-0.12639427925312471
42.8,-0.1975369006509183,-0.9551691470830914,-0.1183265593007976
42.82,-0.19607004247776794,-0.9849952632704825,-0.11368150841915473
42.84,-0.18922470433639946,-1.0157992849066406,-0.1158817956788803
42.86,-0.17846774439996332,-1.0346239647954039,-0.10732512300216973
42.88,-0.16331020994407602,-1.0356018702441707,-0.09338997035724109
42.9,-0.15817620633804969,-1.021666717599242,-0.08996730128655686
42.92,-0.16575497356599334,-0.9947743177581517,-0.0774990068147786
42.94,-0.17308926443174524,-0.979127830577881,-0.06503071234300034
42.96,-0.18335727164379795,-0.9783944014913057,-0.06527518870519207
42.98,-0.18677994071448217,-0.9774164960425389,-0.07285395593313572
43.0,-0.17651193350242947,-0.9759496378693885,-0.08092167588546283
43.02,-0.15964306451120008,-0.9849952632704825,-0.0863001558536809
43.04,-0.16208782813311737,-1.0033309904348624,-0.08776701402683128
43.06,-0.14913058093695566,-1.0089539467652722,-0.10659169391559453
43.08,-0.12639427925312471,-1.0030865140726706,-0.12663875561531643
43.1,-0.11465941386792164,-0.998196986828836,-0.1486416282125722
43.12,-0.10903645753751184,-0.9847507869082908,-0.17113345353421142
43.14,-0.10781407572655319,-0.9678819179170614,-0.1919139443205085
43.16,-0.12003789383613972,-0.937322372643095,-0.18800232252544083
43.18,-0.1630657335818843,-0.9048070164715949,-0.15475353726736546
43.2,-0.20047061699721908,-0.920942456376249,-0.13006142468600068
43.22,-0.22394034776762523,-0.937322372643095,-0.1320172355835345
43.24,-0.2637899948048773,-0.93096598722611,-0.14081838462243682
43.26,-0.2948384928032271,-0.9370778962809033,-0.14081838462243682
43.28,-0.29606087461418573,-0.9512575252880237,-0.14008495553586162
43.3,-0.2909268710081594,-0.9436787580600801,-0.15010848638572258
43.32,-0.26672371115117804,-0.9170308345811814,-0.17651193350242947
43.34,-0.2965498273385692,-0.8886715765669406,-0.18286831891941446
43.36,-0.3229532744552761,-0.9038291110228279,-0.2070714787763958
43.38,-0.3650032087522538,-0.9451456162332305,-0.21416129327995598
43.4,-0.39042875042019376,-0.9710601106255539,-0.20413776243009504
43.42,-0.3645142560278703,-0.9757051615071968,-0.19631451883995965
43.44,-0.3645142560278703,-0.9757051615071968,-0.19631451883995965
43.46,-0.280414387433915,-0.9593252452403508,-0.19778137701311005
43.48,-0.2430095040185802,-0.9490572380282981,-0.20413776243009504
43.5,-0.23640864223940347,-0.937322372643095,-0.2158726278152981
43.529,-0.22418482412981694,-0.9336552272102191,-0.22027320233474926
43.54,-0.20927176603612138,-0.9759496378693885,-0.21000519512269658
43.56,-0.1877578461632491,-1.058827124652385,-0.19851480609968522
43.58,-0.17651193350242947,-1.135348226018397,-0.1965589952021514
43.6,-0.18849127524982429,-1.155150811355927,-0.18653546435229043
43.62,-0.20976071876050484,-1.101610488035938,-0.14766372276380527
43.64,-0.20340433334351984,-0.988173455978975,-0.12737218470189163
43.66,-0.17846774439996332,-0.9263209363444672,-0.1359288573786022
43.68,-0.1774898389511964,-0.9302325581395349,-0.1376401919139443
43.7,-0.12126027564709838,-0.9595697216025425,-0.13568438101641048
43.72,-0.16379916266845948,-1.0194664303395164,-0.1063472175534028
43.74,-0.1334840937566849,-1.0260672921186933,-0.10732512300216973
43.76,-0.1246829447177826,-1.0214222412370504,-0.11025883934847049
43.78,-0.15573144271613237,-1.0011307031751366,-0.10805855208874492
43.8,-0.13641781010298568,-0.9771720196803472,-0.11490389023011337
43.82,-0.11783760657641414,-0.9625034379488433,-0.1183265593007976
43.84,-0.12590532652874126,-0.9365889435565199,-0.10805855208874492
43.86,-0.1398404791736699,-0.9268098890688506,-0.09632368670354186
43.88,-0.1327506646701097,-0.912874736423922,-0.09070073037313205
43.9,-0.14326314824435413,-0.9397671362650124,-0.07016471594902668
43.92,-0.16526602084160988,-1.0052868013323961,-0.05867432692601534
43.94,-0.1904470861473581,-1.0448919720074565,-0.05940775601259053
43.96,-0.20756043150077927,-1.0370687284173212,-0.053540323319988994
43.98,-0.2053601442410537,-1.0138434740091067,-0.04693946154081227
44.0,-0.1982703297374935,-0.9771720196803472,-0.04645050881642881
44.02,-0.19313632613146717,-0.9495461907526815,-0.05207346514683862
44.04,-0.19460318430461754,-0.9578583870672004,-0.057207468752864955
44.06,-0.22907435137365156,-1.0011307031751366,-0.05500718149313938
44.08,-0.24863246034899,-1.0324236775356783,-0.05378479968218073
44.1,-0.2415426458454298,-1.0512483574244416,-0.052317941509030345
44.12,-0.2398313113100877,-1.0747180881948477,-0.05182898878464688
44.14,-0.24520979127830578,-1.0536931210463587,-0.04938422516272958
44.16,-0.25694465666350885,-1.0143324267334901,-0.041072028848210734
44.18,-0.27405800201693,-0.9771720196803472,-0.04033859976163555
44.2,-0.2862818201265165,-0.9583473397915839,-0.0440057451945115
44.22,-0.2870152492130917,-0.9629923906732267,-0.051340036060263425
44.24,-0.28603734376432477,-0.9827949760107569,-0.05280689423341381
44.26,-0.27161323839501267,-1.0013751795373285,-0.05842985056382361
44.28,-0.26427894752926073,-1.0192219539773248,-0.06405280689423341
44.3,-0.25621122757693365,-1.029001008464994,-0.06331937780765821
44.32,-0.25205512941967423,-1.0275341502918436,-0.06771995232710937
44.34,-0.24007578767227944,-1.0065091831433548,-0.07040919231121841
44.36,-0.23811997677474558,-0.9964856522934938,-0.06380833053204168
44.38,-0.24276502765638847,-0.9950187941203434,-0.07040919231121841
44.4,-0.23763102405036213,-0.9964856522934938,-0.08532225040491398
44.42,-0.23371940225529445,-0.9969746050178773,-0.08581120312929744
44.44,-0.23225254408214405,-0.9884179323411667,-0.08947834856217339
44.46,-0.23005225682241848,-0.9730159215230877,-0.100724261222993
44.48,-0.22369587140543348,-0.9556580998074748,-0.10879198117532012
44.5,-0.2271185404761177,-0.963725819759802,-0.10488035938025242
44.52,-0.23885340586132078,-0.9915961250496592,-0.09705711579011704
44.55,-0.25303303486844114,-0.9942853650337683,-0.08263301042080494
44.57,-0.26134523118296,-1.0045533722458209,-0.08092167588546283
44.59,-0.2743024783791217,-0.9742383033340464,-0.1014576903095682
44.61,-0.2796809583473398,-0.8876936711181738,-0.11368150841915473
44.63,-0.28823763102405037,-0.849310882254072,-0.11148122115942914
44.65,-0.3165968890382911,-0.8933166274485835,-0.10732512300216973
44.67,-0.333954710753904,-0.9607921034135012,-0.11954894111175625
44.69,-0.3014393545824038,-0.9695932524524035,-0.13886257372490296
44.71,-0.26965742749747884,-0.9534578125477493,-0.15206429728325643
44.73,-0.2591449439232344,-0.9231427436359747,-0.15548696635394066
44.75,-0.25498884576597497,-0.90554044555817,-0.15035296274791432
44.77,-0.2669681875133698,-0.9133636891483055,-0.14350762460654584
44.79,-0.2916603000947346,-0.9444121871466552,-0.1461968645906549
44.81,-0.29899459096048653,-0.9808391651132231,-0.15622039544051583
44.83,-0.2743024783791217,-0.9967301286556856,-0.1608654463221587
44.85,-0.24814350762460655,-0.9974635577422608,-0.15768725361366623
44.87,-0.23396387861748616,-0.9771720196803472,-0.15719830088928277
44.89,-0.233230449530911,-0.9632368670354184,-0.1686886899122941
44.91,-0.23445283134186962,-0.9556580998074748,-0.1767564098646212
44.93,-0.23200806771995233,-0.9607921034135012,-0.1743116462427039
44.95,-0.21073862420927175,-0.9757051615071968,-0.1767564098646212
44.97,-0.18482412981694832,-0.9857286923570577,-0.17993460257311372
44.99,-0.1518198209210647,-0.9972190813800691,-0.17846774439996332
45.01,-0.12272713382024875,-1.00724261222993,-0.1743116462427039
45.03,-0.11490389023011337,-1.0131100449225314,-0.15842068270024143
45.05,-0.1246829447177826,-1.0128655685603398,-0.14252971915777893
45.07,-0.1334840937566849,-1.0033309904348624,-0.12859456651285028
45.09,-0.1359288573786022,-0.9996638450019864,-0.12370503926901567
45.11,-0.13886257372490296,-1.0069981358677382,-0.12028237019833145
45.13,-0.14179629007120373,-1.0123766158359564,-0.1166152247654555
45.15,-0.1317727592213428,-1.0123766158359564,-0.11539284295449684
45.17,-0.12101579928490663,-1.0113987103871893,-0.12614980289093297
45.19,-0.11148122115942914,-0.9994193686397946,-0.13886257372490296
45.21,-0.10268007212052685,-0.995507746844727,-0.14375210096873758
45.23,-0.10561378846682762,-0.9913516486874675,-0.15695382452709103
45.25,-0.12419399199339913,-0.9849952632704825,-0.1726003117073618
45.27,-0.14326314824435413,-0.978149925129114,-0.18457965345475658
45.29,-0.15304220273202335,-0.9593252452403508,-0.18995813342297466
45.31,-0.14693029367723007,-0.9517464780124072,-0.20413776243009504
45.33,-0.1757785044158543,-0.9304770345017266,-0.19924823518626042
45.35,-0.22125110778351617,-0.9158084527702227,-0.17797879167557987
45.37,-0.24912141307337346,-0.9353665617455612,-0.16673287901476025
45.39,-0.26647923478898633,-0.9290101763285762,-0.1608654463221587
45.41,-0.2752803838278886,-0.9158084527702227,-0.15964306451120008
45.43,-0.2806588637961067,-0.9260764599822754,-0.1630657335818843
45.45,-0.2623231366317269,-0.9475903798551477,-0.17993460257311372
45.47,-0.23689759496378693,-0.9581028634293921,-0.19215842068270023
45.49,-0.21880634416159886,-0.9634813433976103,-0.20731595513858753
45.51,-0.17553402805366256,-0.9519909543745989,-0.23078568590899368
45.53,-0.14301867188216238,-0.9495461907526815,-0.2405647403966629
45.559,-0.14301867188216238,-0.9495461907526815,-0.2405647403966629
45.57,-0.11637074840326375,-0.9539467652721327,-0.2366531186015952
45.59,-0.10096873758518474,-0.9566360052562418,-0.20829386058735447
45.61,-0.1295724719616172,-0.9617700088622682,-0.16477706811722642
45.63,-0.12883904287504203,-0.978149925129114,-0.15793172997585794
45.65,-0.14424105369312104,-0.9957522232069187,-0.1598875408733918
45.67,-0.1919139443205085,-1.0023530849860953,-0.1471747700394218
45.69,-0.2285853986492681,-0.9986859395532194,-0.1359288573786022
45.71,-0.22076215505913271,-0.9925740304984262,-0.14375210096873758
45.73,-0.22516272957858385,-1.0077315649543135,-0.1591541117868166
45.75,-0.18580203526571523,-1.0155548085444488,-0.18922470433639946
45.77,-0.16037649359777525,-1.0155548085444488,-0.2095162423983131
45.79,-0.14570791186627144,-1.0087094704030803,-0.20756043150077927
45.81,-0.11857103566298934,-0.9893958377899337,-0.1965589952021514
45.83,-0.07725453045258686,-0.9688598233658283,-0.18971365706078294
45.85,-0.06600861779176725,-0.9656816306573358,-0.17651193350242947
45.87,-0.09265654127066589,-0.9629923906732267,-0.15402010818079026
45.89,-0.1373957155517526,-0.9561470525318583,-0.14204076643339547
45.91,-0.18262384255722275,-0.9659261070195275,-0.13568438101641048
45.93,-0.21782843871283195,-0.960058674326926,-0.12590532652874126
45.95,-0.21953977324817406,-0.9612810561378846,-0.11979341747394799
45.97,-0.20609357332762887,-0.9620144852244599,-0.1215047520092901
45.99,-0.1968034715643431,-0.9493017143904898,-0.12443846835559087
46.01,-0.2095162423983131,-0.9343886562967942,-0.12492742107997433
46.03,-0.22809644592488462,-0.9407450417137793,-0.12761666106408337
46.05,-0.23763102405036213,-0.9571249579806252,-0.12297161018244049
46.07,-0.25572227485255017,-0.9620144852244599,-0.11539284295449684
46.09,-0.25767808575008405,-0.9651926779329524,-0.11441493750572991
46.11,-0.23543073679063656,-0.9666595361061027,-0.11368150841915473
46.13,-0.2454542676404975,-0.9779054487669223,-0.11197017388381261
46.15,-0.23127463863337713,-0.9901292668765088,-0.1014576903095682
46.17,-0.23078568590899368,-0.9898847905143171,-0.1014576903095682
46.19,-0.2508327476087156,-0.9849952632704825,-0.11050331571066223
46.21,-0.24887693671118175,-0.9634813433976103,-0.1166152247654555
46.23,-0.24667664945145615,-0.9461235216819973,-0.11637074840326375
46.25,-0.2454542676404975,-0.9422118998869297,-0.11563731931668857
46.27,-0.24496531491611404,-0.9402560889893958,-0.1166152247654555
46.29,-0.2390978822235125,-0.9475903798551477,-0.11172569752162087
46.31,-0.23298597316871925,-0.9717935397121291,-0.10610274119121108
46.33,-0.24594322036488098,-0.9984414631910277,-0.10268007212052685
46.35,-0.24520979127830578,-1.0204443357882835,-0.10219111939614338
46.37,-0.2412981694832381,-1.023622528496776,-0.10194664303395165
46.39,-0.2327414968065275,-1.026311768480885,-0.1014576903095682
46.41,-0.2261406350273508,-1.0121321394737646,-0.09901292668765088
46.43,-0.22760749320050117,-0.9820615469241818,-0.09681263942792531
46.45,-0.23885340586132078,-0.9505240962014485,-0.09607921034135011
46.47,-0.24985484215994866,-0.9524799070989823,-0.09534578125477493
46.49,-0.25645570393912537,-0.9747272560584298,-0.0975460685145005
46.51,-0.2669681875133698,-0.9986859395532194,-0.0951013048925832
46.53,-0.27283562020597135,-1.0260672921186933,-0.0919231121840907
46.55,-0.2630565657183021,-1.0524707392354002,-0.09461235216819973
46.579,-0.25547779849035845,-1.067139320966904,-0.10732512300216973
46.59,-0.25449989304159154,-1.0546710264951258,-0.11221465024600434
46.61,-0.25621122757693365,-1.0233780521345843,-0.11417046114353818
46.63,-0.25792256211227577,-1.0021086086239037,-0.11783760657641414
46.65,-0.2637899948048773,-0.9925740304984262,-0.12346056290682395
46.67,-0.26916847477309536,-0.9869510741680163,-0.12883904287504203
46.69,-0.267701616599945,-1.0045533722458209,-0.1295724719616172
46.71,-0.2606118020963848,-1.0463588301806068,-0.12810561378846683
46.73,-0.25156617669529074,-1.0617608409986858,-0.12003789383613972
46.75,-0.24496531491611404,-1.0304678666381444,-0.11465941386792164
46.77,-0.2408092167588546,-0.9688598233658283,-0.1183265593007976
46.79,-0.23298597316871925,-0.9143415945970724,-0.1334840937566849
46.81,-0.2349417840662531,-0.8935611038107752,-0.1454634355040797
46.83,-0.24007578767227944,-0.9172753109433731,-0.14130733734682027
46.85,-0.22931882773584328,-0.957369434342817,-0.13568438101641048
46.87,-0.20878281331173792,-0.9840173578217156,-0.14081838462243682
46.89,-0.19460318430461754,-0.98181707056199,-0.1549980136295572
46.91,-0.19386975521804234,-0.9551691470830914,-0.16184335177092565
46.93,-0.2070714787763958,-0.9192311218409069,-0.1525532500076399
46.95,-0.2070714787763958,-0.9192311218409069,-0.1525532500076399
46.97,-0.23445283134186962,-0.9180087400299484,-0.14252971915777893
46.99,-0.24741007853803135,-0.9370778962809033,-0.15010848638572258
47.01,-0.2412981694832381,-0.960058674326926,-0.15646487180270757
47.03,-0.2190508205237906,-0.9671484888304862,-0.16013201723558354
47.05,-0.20682700241420407,-0.9647037252085688,-0.16208782813311737
47.07,-0.2109831005714635,-0.9522354307367906,-0.16282125721969257
47.09,-0.21367234055557252,-0.9378113253674785,-0.15890963542462488
47.11,-0.22002872597255752,-0.9334107508480274,-0.154264584542982
47.13,-0.21929529688598234,-0.9378113253674785,-0.14913058093695566
47.15,-0.21416129327995598,-0.9446566635088469,-0.14350762460654584
47.17,-0.21049414784708004,-0.946367998044189,-0.1391070500870947
47.19,-0.20902728967392964,-0.9512575252880237,-0.13886257372490296
47.21,-0.2031598569813281,-0.9590807688781591,-0.13250618830791797
47.23,-0.2036488097057116,-0.9666595361061027,-0.12346056290682395
47.25,-0.1990037588240687,-0.9639702961219937,-0.11905998838737279
47.27,-0.19362527885585062,-0.9749717324206215,-0.12028237019833145
47.29,-0.19240289704489197,-0.9896403141521254,-0.12101579928490663
47.31,-0.1877578461632491,-0.9957522232069187,-0.11514836659230511
47.33,-0.18800232252544083,-1.0045533722458209,-0.10390245393148549
47.35,-0.18409070073037312,-1.0199553830638999,-0.10292454848271858
47.37,-0.18360174800598966,-1.0312012957247196,-0.10463588301806069
47.39,-0.18360174800598966,-1.0233780521345843,-0.10781407572655319
47.41,-0.17528955169147084,-1.006264706781163,-0.1095254102618953
47.43,-0.1750450753292791,-0.9974635577422608,-0.10781407572655319
47.45,-0.1694221189988693,-0.9969746050178773,-0.11221465024600434
47.47,-0.16453259175503468,-0.9979525104666442,-0.11465941386792164
47.49,-0.15817620633804969,-0.9972190813800691,-0.12052684656052318
47.51,-0.154264584542982,-0.98181707056199,-0.12101579928490663
47.53,-0.1527977263698316,-0.9656816306573358,-0.12223818109586529
47.55,-0.15475353726736546,-0.953702288909941,-0.12272713382024875
47.57,-0.15402010818079026,-0.9566360052562418,-0.1271277083396999
47.599,-0.15744277725147449,-0.9632368670354184,-0.1317727592213428
47.61,-0.15377563181859855,-0.9686153470036366,-0.13323961739449316
47.63,-0.15548696635394066,-0.9683708706414448,-0.13079485377257585
47.65,-0.14839715185038047,-0.9661705833817192,-0.13226171194572625
47.67,-0.1518198209210647,-0.9671484888304862,-0.13543990465421873
47.69,-0.15402010818079026,-0.9669040124682945,-0.1373957155517526
47.71,-0.1527977263698316,-0.9717935397121291,-0.14155181370901201
47.73,-0.15768725361366623,-0.9774164960425389,-0.14497448277969624
47.75,-0.15866515906243314,-0.9820615469241818,-0.14595238822846315
47.77,-0.16037649359777525,-0.98181707056199,-0.14326314824435413
47.79,-0.16110992268435045,-0.9801057360266479,-0.14424105369312104
47.81,-0.15939858814900834,-0.9776609724047306,-0.14277419551997067
47.83,-0.16526602084160988,-0.9810836414754148,-0.1398404791736699
47.85,-0.17382269351832044,-0.9871955505302081,-0.14228524279558719
47.87,-0.17700088622681295,-0.9859731687192494,-0.14228524279558719
47.89,-0.17651193350242947,-0.9813281178376065,-0.13788466827613605
47.91,-0.1774898389511964,-0.9813281178376065,-0.13470647556764356
47.93,-0.18409070073037312,-0.9893958377899337,-0.1327506646701097
47.95,-0.18898022797420774,-0.9918406014118509,-0.13055037741038414
47.97,-0.1911805152339333,-0.9859731687192494,-0.13152828285915105
47.99,-0.1919139443205085,-0.9783944014913057,-0.1334840937566849
48.01,-0.19215842068270023,-0.9693487760902118,-0.1359288573786022
48.03,-0.18751336980105734,-0.9666595361061027,-0.13055037741038414
48.05,-0.18629098799009872,-0.9661705833817192,-0.12761666106408337
48.07,-0.1904470861473581,-0.9693487760902118,-0.13079485377257585
48.09,-0.19607004247776794,-0.9710601106255539,-0.13079485377257585
48.11,-0.20242642789475293,-0.9686153470036366,-0.1310393301347676
48.13,-0.20829386058735447,-0.9642147724841854,-0.12981694832380894
48.15,-0.21611710417748983,-0.9639702961219937,-0.12761666106408337
48.17,-0.21465024600433946,-0.96910429972802,-0.13372857011887662
48.19,-0.20780490786297098,-0.9715490633499373,-0.14228524279558719
48.21,-0.2063380496898206,-0.9742383033340464,-0.13861809736271125
48.23,-0.20780490786297098,-0.9793723069400727,-0.13519542829202702
48.25,-0.20829386058735447,-0.9847507869082908,-0.14277419551997067
48.27,-0.21122757693365524,-0.9852397396326742,-0.14741924640161355
48.29,-0.2109831005714635,-0.9879289796167833,-0.14204076643339547
48.31,-0.2029153806191364,-0.9896403141521254,-0.14106286098462856
48.33,-0.1990037588240687,-0.9906182196008924,-0.14741924640161355
48.35,-0.1990037588240687,-0.9906182196008924,-0.14741924640161355
48.37,-0.20120404608379427,-0.9876845032545916,-0.15059743911010604
48.39,-0.1975369006509183,-0.9832839287351404,-0.14937505729914738
48.41,-0.1982703297374935,-0.9801057360266479,-0.14106286098462856
48.43,-0.1958255661155762,-0.9776609724047306,-0.1381291446383278
48.45,-0.1911805152339333,-0.9771720196803472,-0.1464413409528466
48.47,-0.18677994071448217,-0.9725269687987043,-0.14497448277969624
48.49,-0.1911805152339333,-0.9720380160743208,-0.14106286098462856
48.51,-0.19778137701311005,-0.9742383033340464,-0.1383736210005195
48.53,-0.1990037588240687,-0.9825504996485652,-0.13935152644928644
48.55,-0.19386975521804234,-0.9896403141521254,-0.14155181370901201
48.57,-0.19289184976927543,-0.99452984139596,-0.13641781010298568
48.59,-0.19142499159612505,-0.99452984139596,-0.12761666106408337
48.619,-0.18971365706078294,-0.9913516486874675,-0.12590532652874126
48.63,-0.18995813342297466,-0.9842618341839073,-0.12908351923723374
48.65,-0.18726889343886563,-0.9779054487669223,-0.12908351923723374
48.67,-0.18531308254133178,-0.9742383033340464,-0.11979341747394799
48.69,-0.18995813342297466,-0.9725269687987043,-0.11710417748983895
48.71,-0.19142499159612505,-0.9720380160743208,-0.11857103566298934
48.73,-0.18922470433639946,-0.972771445160896,-0.12101579928490663
48.75,-0.19362527885585062,-0.9678819179170614,-0.12174922837148183
48.77,-0.1975369006509183,-0.9578583870672004,-0.12297161018244049
48.79,-0.2038932860679033,-0.9522354307367906,-0.12028237019833145
48.81,-0.20804938422516273,-0.9656816306573358,-0.12003789383613972
48.83,-0.20804938422516273,-0.9796167833022644,-0.12688323197750817
48.85,-0.2031598569813281,-0.9871955505302081,-0.1271277083396999
48.87,-0.19802585337530176,-0.9901292668765088,-0.12346056290682395
48.89,-0.18995813342297466,-0.989151361427742,-0.12370503926901567
48.91,-0.18531308254133178,-0.9930629832228096,-0.12248265745805702
48.93,-0.1902026097851664,-0.9915961250496592,-0.11881551202518106
48.95,-0.20095956972160253,-0.9820615469241818,-0.11954894111175625
48.97,-0.20022614063502733,-0.9720380160743208,-0.12003789383613972
48.99,-0.1968034715643431,-0.972771445160896,-0.1215047520092901
49.01,-0.19289184976927543,-0.9779054487669223,-0.1246829447177826
49.03,-0.18262384255722275,-0.9803502123888397,-0.12443846835559087
49.05,-0.18091250802188064,-0.9898847905143171,-0.12908351923723374
49.07,-0.18824679888763254,-0.9969746050178773,-0.1310393301347676
49.09,-0.18922470433639946,-0.9928185068606179,-0.1310393301347676
49.11,-0.17113345353421142,-0.9837728814595239,-0.12859456651285028
49.13,-0.17528955169147084,-0.9820615469241818,-0.12419399199339913
49.15,-0.18751336980105734,-0.9801057360266479,-0.12517189744216606
49.17,-0.17724536258900467,-0.9908626959630841,-0.1246829447177826
49.19,-0.16893316627448582,-1.0021086086239037,-0.12688323197750817
49.21,-0.17333374079393699,-1.0057757540567795,-0.13006142468600068
49.23,-0.1735782171561287,-0.9915961250496592,-0.13397304648106836
49.25,-0.17088897717201967,-0.9725269687987043,-0.13323961739449316
49.27,-0.17235583534517007,-0.9642147724841854,-0.12859456651285028
49.29,-0.18286831891941446,-0.970082205176787,-0.12883904287504203
49.31,-0.18629098799009872,-0.9796167833022644,-0.1317727592213428
49.33,-0.18017907893530544,-0.9815725941997983,-0.12981694832380894
49.35,-0.1726003117073618,-0.9871955505302081,-0.12835009015065857
49.37,-0.1686886899122941,-0.9972190813800691,-0.12614980289093297
49.39,-0.17137792989640313,-1.0045533722458209,-0.12737218470189163
49.41,-0.1726003117073618,-1.0003972740885616,-0.12761666106408337
49.43,-0.17211135898297833,-0.9913516486874675,-0.1310393301347676
49.45,-0.16477706811722642,-0.9930629832228096,-0.12908351923723374
49.47,-0.16331020994407602,-0.9913516486874675,-0.12517189744216606
49.49,-0.15548696635394066,-0.9837728814595239,-0.12346056290682395
49.51,-0.15719830088928277,-0.9766830669559636,-0.12199370473367356
49.53,-0.15866515906243314,-0.9769275433181555,-0.12614980289093297
49.55,-0.1510863918344895,-0.9835284050973321,-0.12883904287504203
49.57,-0.14766372276380527,-0.9862176450814412,-0.1327506646701097
49.59,-0.14179629007120373,-0.9815725941997983,-0.13690676282736913
49.61,-0.13323961739449316,-0.9703266815389787,-0.14326314824435413
49.639,-0.1310393301347676,-0.9603031506891178,-0.15450906090517372
49.65,-0.13641781010298568,-0.9524799070989823,-0.16599944992818508
49.67,-0.1464413409528466,-0.9458790453198056,-0.17088897717201967
49.69,-0.15402010818079026,-0.9370778962809033,-0.17455612260489564
49.71,-0.15768725361366623,-0.937322372643095,-0.18653546435229043
49.73,-0.16208782813311737,-0.9341441799346025,-0.20267090425694465
49.75,-0.1615988754087339,-0.9316994163126853,-0.2183173914372154
49.77,-0.1615988754087339,-0.9316994163126853,-0.2183173914372154
49.79,-0.17211135898297833,-0.9390337071784371,-0.22174006050789963
49.81,-0.1806680316596889,-0.9453900925954222,-0.22100663142132446
49.83,-0.1831127952816062,-0.9480793325795311,-0.22662958775173425
49.85,-0.18971365706078294,-0.9434342816978883,-0.22662958775173425
49.87,-0.21049414784708004,-0.93096598722611,-0.22002872597255752
49.89,-0.22980778046022673,-0.9118968309751551,-0.21244995874461386
49.91,-0.2310301622711854,-0.900161965589952,-0.20071509335941082
49.93,-0.22662958775173425,-0.9189866454787152,-0.18409070073037312
49.95,-0.2095162423983131,-0.9451456162332305,-0.16379916266845948
49.97,-0.1972924242887266,-0.9708156342633621,-0.16648840265256853
49.99,-0.19460318430461754,-0.984506310546099,-0.17626745714023775
50.01,-0.19142499159612505,-0.9862176450814412,-0.17382269351832044
50.03,-0.19386975521804234,-0.9950187941203434,-0.15670934816489931
50.05,-0.201448522445986,-1.00724261222993,-0.1391070500870947
50.07,-0.21073862420927175,-1.0148213794578735,-0.1376401919139443
50.09,-0.20511566787886196,-0.9933074595850013,-0.1312838064969593
50.11,-0.18898022797420774,-0.960058674326926,-0.11465941386792164
50.13,-0.17626745714023775,-0.9458790453198056,-0.09901292668765088
50.15,-0.17137792989640313,-0.952724383461174,-0.09559025761696666
50.17,-0.17040002444763622,-0.9813281178376065,-0.09632368670354186
50.19,-0.18629098799009872,-0.9991748922776029,-0.08825596675121473
50.21,-0.18091250802188064,-0.9984414631910277,-0.08727806130244782
50.23,-0.16037649359777525,-0.9862176450814412,-0.08532225040491398
50.25,-0.1630657335818843,-0.9678819179170614,-0.0806771995232711
50.27,-0.17406716988051218,-0.9519909543745989,-0.08776701402683128
50.29,-0.16648840265256853,-0.9417229471625462,-0.09045625401094032
50.31,-0.16844421355010236,-0.9441677107844635,-0.08727806130244782
50.33,-0.18726889343886563,-0.9683708706414448,-0.09070073037313205
50.35,-0.19338080249365888,-0.9942853650337683,-0.09950187941203435
50.37,-0.18971365706078294,-1.00724261222993,-0.10805855208874492
50.39,-0.19802585337530176,-1.0157992849066406,-0.11417046114353818
50.41,-0.20511566787886196,-1.016288237631024,-0.11783760657641414
50.43,-0.20242642789475293,-1.0084649940408887,-0.11930446474956452
50.45,-0.20780490786297098,-1.0023530849860953,-0.11612627204107202
50.47,-0.2119610060202304,-0.9915961250496592,-0.10928093389970357
50.49,-0.2180729150750237,-0.9840173578217156,-0.10463588301806069
50.51,-0.2246737768542004,-0.9876845032545916,-0.1014576903095682
50.53,-0.2271185404761177,-0.9896403141521254,-0.09485682853039147
50.55,-0.22687406411392597,-0.9837728814595239,-0.088011490389023
50.57,-0.23225254408214405,-0.9730159215230877,-0.08507777404272224
50.59,-0.2342083549796779,-0.9615255325000763,-0.0806771995232711
50.61,-0.2342083549796779,-0.9519909543745989,-0.07383186138190263
50.63,-0.23714207132597867,-0.9512575252880237,-0.0623414723588913
50.659,-0.24105369312104635,-0.95639152889405,-0.05769642147724842
50.67,-0.24863246034899,-0.9593252452403508,-0.05794089783944015
50.69,-0.2500993185221404,-0.9541912416343244,-0.05378479968218073
50.71,-0.25376646395501634,-0.9429453289735048,-0.04204993429697766
50.73,-0.2620786602695352,-0.9471014271307643,-0.03862726522629343
50.75,-0.25767808575008405,-0.9566360052562418,-0.040827552486019006
50.77,-0.25327751123063286,-0.9620144852244599,-0.03447116706903401
50.79,-0.25694465666350885,-0.9793723069400727,-0.027136876203282093
50.81,-0.2628120893561104,-1.0069981358677382,-0.01735782171561287
50.83,-0.26745714023775324,-1.0346239647954039,-0.018335727164379794
50.85,-0.2755248601900804,-1.047336735629374,-0.016624392629037678
50.87,-0.2772361947254225,-1.0382911102282797,-0.014424105369312105
50.89,-0.28505943831555786,-1.0268007212052686,-0.014913058093695565
50.91,-0.28603734376432477,-1.0255783393943099,-0.01246829447177826
50.93,-0.292149252819118,-1.0241114812211594,-0.014668581731503835
50.95,-0.28432600922898266,-1.028023103016227,-0.020047061699721907
50.97,-0.28310362741802403,-1.0241114812211594,-0.026892399841090365
50.99,-0.28383705650459923,-1.0243559575833512,-0.030559545273966322
51.01,-0.28481496195336614,-1.0143324267334901,-0.030804021636158054
51.03,-0.28163676924487363,-0.99452984139596,-0.034960119793417475
51.05,-0.2796809583473398,-0.9776609724047306,-0.040094123399443814
51.07,-0.28285915105583226,-0.970082205176787,-0.039849647037252085
51.09,-0.28432600922898266,-0.9732603978852794,-0.03642697796656786
51.11,-0.2923937291813098,-0.9893958377899337,-0.034960119793417475
51.13,-0.3043730709287046,-1.0182440485285578,-0.03862726522629343
51.15,-0.3043730709287046,-1.0170216667175993,-0.045717079729853616
51.17,-0.3043730709287046,-1.0170216667175993,-0.045717079729853616
51.19,-0.29630535097637745,-0.98181707056199,-0.05011765424930477
51.21,-0.28408153286679094,-0.9559025761696666,-0.05940775601259053
51.23,-0.2806588637961067,-0.938300278091862,-0.0686978577758763
51.25,-0.2784585765363811,-0.9424563762491214,-0.08141062860984628
51.27,-0.2762582892766556,-0.9524799070989823,-0.09338997035724109
51.29,-0.26599028206460285,-0.9515020016502155,-0.10439140665586896
51.31,-0.25132170033309903,-0.9449011398710387,-0.11197017388381261
51.33,-0.22027320233474926,-0.952724383461174,-0.11245912660819607
51.35,-0.21049414784708004,-0.9695932524524035,-0.10683617027778626
51.37,-0.22100663142132446,-0.9925740304984262,-0.11979341747394799
51.39,-0.22271796595666657,-0.9999083213641781,-0.12639427925312471
51.41,-0.22662958775173425,-0.9893958377899337,-0.11734865385203068
51.43,-0.23616416587721173,-0.979127830577881,-0.10732512300216973
51.45,-0.24007578767227944,-0.9688598233658283,-0.10854750481312837
51.47,-0.23616416587721173,-0.9519909543745989,-0.10928093389970357
51.49,-0.23029673318461022,-0.9424563762491214,-0.09974635577422608
51.51,-0.22125110778351617,-0.9507685725636402,-0.0951013048925832
51.53,-0.2158726278152981,-0.9688598233658283,-0.0951013048925832
51.55,-0.21611710417748983,-0.9749717324206215,-0.09070073037313205
51.57,-0.22198453687009137,-0.9788833542156893,-0.0831219631451884
51.59,-0.23005225682241848,-0.9813281178376065,-0.0774990068147786
51.61,-0.23396387861748616,-0.9859731687192494,-0.07407633774409436
51.63,-0.23714207132597867,-0.9847507869082908,-0.07016471594902668
51.65,-0.24203159856981327,-0.9867065978058246,-0.0686978577758763
51.678,-0.24325398038077192,-0.9933074595850013,-0.06992023958683495
51.69,-0.23860892949912904,-0.9928185068606179,-0.07578767227943647
51.71,-0.23005225682241848,-0.9808391651132231,-0.08116615224765455
51.73,-0.22565168230296734,-0.9695932524524035,-0.08165510497203801
51.75,-0.22516272957858385,-0.9654371542951441,-0.08409986859395532
51.77,-0.22882987501145982,-0.9686153470036366,-0.08947834856217339
51.79,-0.2317635913577606,-0.9725269687987043,-0.09461235216819973
51.81,-0.22662958775173425,-0.9725269687987043,-0.10194664303395165
51.83,-0.22247348959447483,-0.9771720196803472,-0.09656816306573358
51.85,-0.21465024600433946,-0.9788833542156893,-0.09338997035724109
51.87,-0.20829386058735447,-0.984506310546099,-0.09803502123888397
51.89,-0.20682700241420407,-0.9915961250496592,-0.09901292668765088
51.91,-0.20413776243009504,-0.9813281178376065,-0.09094520673532377
51.93,-0.20071509335941082,-0.9708156342633621,-0.08043272316107936
51.95,-0.19998166427283562,-0.9705711579011704,-0.0767655777282034
51.97,-0.20242642789475293,-0.9813281178376065,-0.08214405769642147
51.99,-0.2095162423983131,-0.9840173578217156,-0.08141062860984628
52.01,-0.2063380496898206,-0.973749350609663,-0.07872138862573724
52.03,-0.20340433334351984,-0.95639152889405,-0.08018824679888763
52.05,-0.19875928246187696,-0.9475903798551477,-0.08923387219998166
52.07,-0.20242642789475293,-0.9497906671148734,-0.09412339944381627
52.09,-0.21318338783118906,-0.9554136234452831,-0.09485682853039147
52.11,-0.22247348959447483,-0.9622589615866516,-0.09681263942792531
52.13,-0.2285853986492681,-0.960058674326926,-0.10023530849860954
52.15,-0.23151911499556885,-0.9539467652721327,-0.1014576903095682
52.17,-0.23640864223940347,-0.9519909543745989,-0.09852397396326742
52.19,-0.2412981694832381,-0.9539467652721327,-0.0982794976010757
52.21,-0.24203159856981327,-0.9590807688781591,-0.09583473397915838
52.23,-0.2430095040185802,-0.9688598233658283,-0.09094520673532377
52.25,-0.24594322036488098,-0.9749717324206215,-0.08776701402683128
52.27,-0.24423188582953886,-0.9710601106255539,-0.08189958133422974
52.29,-0.2430095040185802,-0.9705711579011704,-0.08238853405861321
52.31,-0.24569874400268923,-0.9766830669559636,-0.0806771995232711
52.33,-0.2471656021758396,-0.988173455978975,-0.07407633774409436
52.35,-0.2469211258136479,-0.9991748922776029,-0.06698652324053418
52.37,-0.24374293310515538,-1.0028420377104788,-0.06454175961861687
52.39,-0.23738654768817039,-0.9984414631910277,-0.06649757051615071
52.41,-0.23591968951502001,-0.9940408886715766,-0.062096995996699565
52.43,-0.23445283134186962,-0.99452984139596,-0.05671851602848149
52.45,-0.2390978822235125,-0.995507746844727,-0.05500718149313938
52.47,-0.2349417840662531,-0.9867065978058246,-0.05867432692601534
52.49,-0.23078568590899368,-0.9849952632704825,-0.05891880328820707
52.51,-0.22687406411392597,-0.9962411759313021,-0.06185251963450784
52.53,-0.2166060569018733,-1.0184885248907496,-0.07236500320875225
52.55,-0.20878281331173792,-1.0231335757723925,-0.07725453045258686
52.57,-0.20878281331173792,-1.0231335757723925,-0.07725453045258686
52.59,-0.19949271154845216,-1.0131100449225314,-0.07309843229532745
52.61,-0.20169299880817773,-1.0050423249702045,-0.0679644286893011
52.63,-0.21489472236653118,-1.0006417504507532,-0.07652110136601167
52.65,-0.19851480609968522,-0.9967301286556856,-0.07627662500381995
52.67,-0.1904470861473581,-0.9915961250496592,-0.06307490144546649
52.699,-0.22247348959447483,-0.9996638450019864,-0.06771995232710937
52.71,-0.28970448919720077,-1.0307123430003362,-0.07627662500381995
52.73,-0.32490908535280993,-1.0620053173608777,-0.10854750481312837
52.75,-0.3060844054640467,-1.10894477890169,-0.19851480609968522
52.77,-0.3496011979341747,-1.170552822174006,-0.2862818201265165
52.79,-0.4957980625248296,-1.1786205421263332,-0.26599028206460285
52.81,-0.6329493017143905,-1.1316810805855209,-0.2469211258136479
52.83,-0.7104483085291691,-1.0688506555022461,-0.25474436940378326
52.85,-0.7429636647006692,-1.0400024447636218,-0.26794609296213673
52.87,-0.7710784463527183,-1.0334015829844452,-0.27063533294624575
52.89,-0.7891696971549064,-1.0287565321028023,-0.26745714023775324
52.91,-0.8236408642239403,-1.0375576811417047,-0.24349845674296366
52.93,-0.9018733001252941,-1.086208477217859,-0.2070714787763958
52.95,-1.0091984231274638,-1.1087003025394981,-0.1757785044158543
52.97,-1.0710509427619717,-1.0776518045411485,-0.14668581731503835
52.99,-1.039024539314855,-0.9869510741680163,-0.12590532652874126
53.01,-0.972771445160896,-0.8820707147877639,-0.10928093389970357
53.03,-0.9510130489258319,-0.7996821807291508,-0.09094520673532377
53.05,-0.9717935397121291,-0.7715673990771017,-0.06967576322464322
53.07,-0.9908626959630841,-0.7617883445894325,-0.06576414142957553
53.09,-1.0331571066222534,-0.7312287993154661,-0.09632368670354186
53.11,-1.0524707392354002,-0.666931516059041,-0.11074779207285396
53.13,-1.0414693029367723,-0.5745194511505669,-0.1317727592213428
53.15,-1.0194664303395164,-0.47477309537634077,-0.17064450080982796
53.17,-0.9717935397121291,-0.38407236500320874,-0.18580203526571523
53.19,-0.9294991290529597,-0.3285762307856859,-0.17113345353421142
53.21,-0.7564098646212144,-0.20853833694954618,-0.20584909696543716
53.23,-0.7322067047642331,-0.06136356691012437,-0.24667664945145615
53.25,-0.8771811875439294,-0.013935152644928643,-0.289460012835009
53.27,-0.8840265256852978,0.011490389023011338,-0.30192830730678727
53.29,-0.7862359808086056,0.07383186138190263,-0.2591449439232344
53.31,-0.7055587812853344,0.17553402805366256,-0.2285853986492681
53.33,-0.6363719707850747,0.28359258014240746,-0.2606118020963848
53.35,-0.6432173089264431,0.3376218561867799,-0.2877486782996669
53.37,-0.6806221923417779,0.349356721571983,-0.28261467469364054
53.39,-0.7348959447483421,0.37453778687773126,-0.25498884576597497
53.41,-0.7199828866546466,0.411942670293066,-0.23860892949912904
53.43,-0.6481068361702778,0.44641383736210005,-0.23836445313693733
53.45,-0.627081869021789,0.4202548666075849,-0.24325398038077192
53.47,-0.564495920300706,0.41047581211991563,-0.2799254347095315
53.49,-0.6312379671790483,0.4253888702136112,-0.25058827124652383
53.51,-0.6913791522782141,0.4412798337560737,-0.24105369312104635
53.53,-0.7018916358524585,0.4486141246218256,-0.2747914311035052
53.55,-0.6793998105308193,0.4676832808727806,-0.289460012835009
53.57,-0.68233352687712,0.48919720074565287,-0.34495614705253186
53.59,-0.6872230541209546,0.48626348439935213,-0.36915930690951315
53.61,-0.5021544479418146,0.5564282003483788,-0.4522812700547016
53.63,-0.5011765424930477,0.5933441310393301,-0.4102313357577239
53.65,-0.5569171530727622,0.6268373926595973,-0.36744797237417104
53.67,-0.6400391162179506,0.6375943525960334,-0.3972740885615622
53.69,-0.6857561959478042,0.6131467163768602,-0.4046083794273141
53.719,-0.78403569354888,0.6268373926595973,-0.3955627540262201
53.73,-0.7987042752803838,0.6984689667817743,-0.4068086666870397
53.75,-0.739540995629985,0.733184610213,-0.3989854230969043
53.77,-0.7339180392995752,0.7116706903401278,-0.36744797237417104
53.79,-0.7427191883384775,0.6713320905784922,-0.368425877822938
53.81,-0.7168046939461541,0.6427283562020597,-0.3676924487363628
53.83,-0.6906457231916389,0.6620419888152064,-0.3478898633988326
53.85,-0.6835559086880787,0.7023805885768419,-0.3371329034623965
53.87,-0.6608196070042478,0.7099593558047856,-0.34348928887938146
53.89,-0.6899122941050637,0.6916236286404058,-0.3503346270207499
53.91,-0.7243834611740977,0.6864896250343795,-0.35522415426458454
53.93,-0.740518901078752,0.692357057726981,-0.352045961556092
53.95,-0.7375851847324512,0.6779329523576689,-0.34642300522568226
53.97,-0.7375851847324512,0.6779329523576689,-0.34642300522568226
53.99,-0.7109372612535525,0.6625309415395899,-0.3694037832717049
54.01,-0.6957797267976652,0.6666870396968493,-0.3821165541056749
54.03,-0.6904012468294471,0.6972465849708156,-0.38480579408978394
54.05,-0.7185160284814962,0.7070256394584848,-0.3669590196497876
54.07,-0.7419857592519024,0.6864896250343795,-0.36915930690951315
54.09,-0.7265837484338233,0.6637533233505485,-0.3757601686886899
54.11,-0.6813556214283532,0.6302600617302815,-0.3933624667664945
54.13,-0.6705986614919169,0.6202365308804205,-0.40118571035662987
54.15,-0.6740213305626012,0.6251260581242551,-0.38407236500320874
54.17,-0.7055587812853344,0.636127494422883,-0.3762491214130734
54.19,-0.7092259267182104,0.6691318033187666,-0.38627265226293434
54.21,-0.6864896250343795,0.6852672432234208,-0.3909177031445772
54.23,-0.6307490144546649,0.6884454359319133,-0.4063197139626562
54.25,-0.5625401094031721,0.7282950829691655,-0.43052287381963755
54.27,-0.5552058185374201,0.7429636647006692,-0.44176878648045714
54.29,-0.6048345200623415,0.7417412828897106,-0.4483696482596339
54.31,-0.6204810072426122,0.7414968065275188,-0.44103535739388194
54.33,-0.6300155853680897,0.714115453962045,-0.4239220120404608
54.35,-0.6153470036365859,0.7036029703878006,-0.437368211961006
54.37,-0.619747578156037,0.7021361122146502,-0.44543593191333314
54.39,-0.636127494422883,0.7119151667023195,-0.4239220120404608
54.41,-0.6331937780765822,0.724138984811906,-0.40240809216758855
54.43,-0.5884546037954955,0.7290285120557406,-0.406564190324848
54.45,-0.5493383858448186,0.7111817376157442,-0.4539926045900437
54.47,-0.5060660697368823,0.7229166030009473,-0.5014210188552394
54.49,-0.519023316933044,0.7407633774409437,-0.5505607676557772
54.51,-0.6082571891330257,0.7476087155823121,-0.5486049567582434
54.53,-0.6591082724689057,0.7341625156617669,-0.547138098585093
54.55,-0.6141246218256272,0.7256058429850564,-0.5908993674174128
54.57,-0.507288451547841,0.7370962320080677,-0.6065458545976836
54.59,-0.5023989243040063,0.7498090028420377,-0.6126577636524768
54.61,-0.6028787091648076,0.7099593558047856,-0.5855208874491947
54.63,-0.6092350945817926,0.6818445741527366,-0.5747639275127586
54.65,-0.5422485713412585,0.6979800140573909,-0.5613177275922134
54.67,-0.5138893133270177,0.7378296610946429,-0.5613177275922134
54.69,-0.5632735384897473,0.705069828560951,-0.5706078293554991
54.71,-0.5794089783944015,0.6591082724689057,-0.5911438437796045
54.739,-0.5165785533111267,0.638816734406992,-0.6339272071631574
54.75,-0.5124224551538673,0.6148580509122024,-0.6637533233505485
54.77,-0.5349142804755065,0.6556856033982215,-0.6459065489105522
54.79,-0.52269046236592,0.7089814503560187,-0.5769642147724842
54.81,-0.5109555969807169,0.7001803013171164,-0.5578950585215292
54.83,-0.5258686550744125,0.6698652324053418,-0.5576505821593375
54.85,-0.5207346514683862,0.6561745561226049,-0.5461601931363261
54.87,-0.5222015096415366,0.6429728325642514,-0.5400482840815328
54.89,-0.5099776915319499,0.6534853161384958,-0.5764752620481007
54.91,-0.49286434617852887,0.6456620725483605,-0.6094795709439843
54.93,-0.5288023714207133,0.6583748433823304,-0.5666962075604315
54.95,-0.5630290621275555,0.6644867524371237,-0.5466491458607096
54.97,-0.5038657824771567,0.6461510252727439,-0.5417596186168749
54.99,-0.4557039391253858,0.6759771414601351,-0.5102221678941418
55.01,-0.43198973199278795,0.6967576322464322,-0.5334474223023561
55.03,-0.5351587568376982,0.6921125813647893,-0.5324695168535892
55.05,-0.5835650765516609,0.7471197628579287,-0.554472389450845
55.07,-0.5503162912935855,0.7062922103719097,-0.6089906182196009
55.09,-0.54811600403386,0.6791553341686276,-0.5632735384897473
55.11,-0.5459157167741344,0.721449744827797,-0.52269046236592
55.13,-0.48577453167496865,0.7627662500381994,-0.4860190080371604
55.15,-0.4613268954557956,0.7955260825718913,-0.46181584818017907
55.17,-0.5361366622864652,0.7943037007609327,-0.44103535739388194
55.19,-0.5784310729456346,0.7705894936283348,-0.4209882956941601
55.21,-0.5674296366470066,0.7356293738349173,-0.42832258655991196
55.23,-0.5935886074015219,0.7292729884179323,-0.42905601564648715
55.25,-0.609724047306176,0.7742566390612108,-0.42001039024539316
55.27,-0.5446933349631757,0.7989487516425755,-0.4053418085138893
55.29,-0.5422485713412585,0.7881917917061394,-0.38700608134950953
55.31,-0.5566726767105705,0.7715673990771017,-0.4131650521040247
55.33,-0.6126577636524768,0.7686336827308009,-0.38749503407389296
55.35,-0.6111909054793264,0.7696115881795679,-0.40167466308101335
55.37,-0.6111909054793264,0.7696115881795679,-0.40167466308101335
55.39,-0.5921217492283715,0.7693671118173762,-0.4099868593955322
55.41,-0.5899214619686459,0.770345017266143,-0.4187880084344345
55.43,-0.5776976438590594,0.8050606606973688,-0.3767380741374568
55.45,-0.5378479968218073,0.8674021330562601,-0.3500901506585582
55.47,-0.5258686550744125,0.8764477584573541,-0.3542462488158176
55.49,-0.6163249090853528,0.8304862023653088,-0.3354215689270544
55.51,-0.8109280933899703,0.8089722824924365,-0.29777220914952784
55.53,-0.7089814503560187,0.8578675549307826,-0.38431684136540045
55.55,-0.5449378113253674,0.852978027686948,-0.3708706414448553
55.57,-0.5104666442563335,0.8307306787275005,-0.3197750817467836
55.59,-0.5539834367264616,0.808483329768053,-0.305839929101855
55.61,-0.6309934908168566,0.8400207804907863,-0.2390978822235125
55.63,-0.6595972251932891,0.8894050056535159,-0.25596675121474194
55.65,-0.5684075420957736,0.9043180637472115,-0.31390764905418206
55.67,-0.466460899061822,0.8603123185527,-0.3461785288634905
55.69,-0.390184274058002,0.781346453564771,-0.37282645234238915
55.71,-0.5879656510711121,0.6928460104513645,-0.37111511780704703
55.73,-0.7679002536442258,0.692357057726981,-0.3244201326284265
55.759,-0.7627662500381994,0.6811111450661614,-0.305839929101855
55.77,-0.6933349631757479,0.6715765669406839,-0.29386058735446013
55.79,-0.6926015340891727,0.6471289307215109,-0.3082846927237723
55.81,-0.7752345445099776,0.5930996546771384,-0.32637594352596033
55.83,-0.7845246462732635,0.5877211747089203,-0.3073067872750053
55.85,-0.7429636647006692,0.5813647892919354,-0.31610793631390766
55.87,-0.48797481893469424,0.529046847782905,-0.4940867279894875
55.89,-0.46010451364483695,0.538092473183999,-0.4581487027473031
55.91,-0.7835467408244965,0.6278152981083641,-0.2126944351068056
55.93,-0.8302417260031171,0.6576414142957553,-0.25938942028542616
55.95,-0.7933257953121657,0.6221923417779543,-0.41389848119059985
55.97,-0.7586101518809399,0.6862451486721878,-0.4657274699752468
55.99,-0.7370962320080677,0.7617883445894325,-0.44470250282675794
56.01,-0.7053143049231427,0.7510313846529963,-0.39849647037252084
56.03,-0.6952907740732818,0.7300064175045076,-0.304862023653088
56.05,-0.7270727011582068,0.7292729884179323,-0.24105369312104635
56.07,-0.7561653882590227,0.7314732756776579,-0.280414387433915
56.09,-0.6960242031598569,0.7246279375362894,-0.36964825963389664
56.11,-0.6204810072426122,0.7493200501176542,-0.40094123399443815
56.13,-0.6605751306420561,0.7573877700699814,-0.393851419490878
56.15,-0.6967576322464322,0.726828224796015,-0.37111511780704703
56.17,-0.6916236286404058,0.7036029703878006,-0.35375729609143414
56.19,-0.6918681050025975,0.7155823121351954,-0.3483788161232161
56.21,-0.7045808758365676,0.7595880573297069,-0.34006661980869723
56.23,-0.704091923112184,0.7850135989976469,-0.3522904379182838
56.25,-0.6466399779971274,0.7595880573297069,-0.38407236500320874
56.27,-0.6422394034776763,0.726828224796015,-0.38480579408978394
56.29,-0.6698652324053418,0.721449744827797,-0.37527121596430646
56.31,-0.6691318033187666,0.7219386975521804,-0.3694037832717049
56.33,-0.6605751306420561,0.7185160284814962,-0.35375729609143414
56.35,-0.6637533233505485,0.7207163157412217,-0.3383552852733551
56.37,-0.6571524615713717,0.7111817376157442,-0.35620205971335145
56.39,-0.620725483604804,0.7084924976316352,-0.37062616508266355
56.41,-0.5830761238272775,0.7216942211899887,-0.3808941722947162
56.43,-0.6236591999511047,0.7265837484338233,-0.3686703541851297
56.45,-0.6725544723894509,0.7346514683861504,-0.37111511780704703
56.47,-0.636127494422883,0.7512758610151881,-0.38627265226293434
56.49,-0.6146135745500106,0.7818354062891544,-0.38260550683005834
56.51,-0.6028787091648076,0.7874583626195643,-0.36989273599608835
56.53,-0.6019008037160407,0.7718118754392934,-0.37355988142896435
56.55,-0.6104574763927513,0.7830577881001131,-0.3823610304678666
56.57,-0.5754973565993338,0.7984597989181921,-0.3835834122788253
56.59,-0.5542279130886533,0.781346453564771,-0.3830944595544418
56.61,-0.5552058185374201,0.7385630901812181,-0.3950738013018366
56.63,-0.5703633529933074,0.726828224796015,-0.36964825963389664
56.65,-0.5747639275127586,0.7341625156617669,-0.37209302325581395
56.67,-0.5847874583626196,0.7625217736760077,-0.3642697796656786
56.69,-0.5830761238272775,0.7969929407450417,-0.3630473978547199
56.71,-0.5586284876081044,0.7950371298475079,-0.3650032087522538
56.73,-0.5356477095620817,0.7960150352962748,-0.3808941722947162
56.75,-0.5776976438590594,0.7835467408244965,-0.38480579408978394
56.779,-0.5776976438590594,0.7835467408244965,-0.38480579408978394
56.79,-0.6258594872108303,0.7784127372184702,-0.38651712862512605
56.81,-0.607034807322067,0.7855025517220303,-0.38651712862512605
56.83,-0.5581395348837209,0.7950371298475079,-0.4371237355988143
56.85,-0.554472389450845,0.7908810316902485,-0.4366347828744308
56.87,-0.5696299239067323,0.7818354062891544,-0.4209882956941601
56.89,-0.5764752620481007,0.7608104391406656,-0.4368792592366226
56.91,-0.584298505638236,0.7586101518809399,-0.40411942670293066
56.93,-0.5493383858448186,0.7859915044464139,-0.41609876845032545
56.95,-0.5908993674174128,0.7483421446688873,-0.4036304739785472
56.97,-0.6349051126119243,0.7329401338508083,-0.3823610304678666
56.99,-0.6385722580448003,0.7282950829691655,-0.3794273141215659
57.01,-0.6290376799193228,0.7238945084497143,-0.3772270268618403
57.03,-0.5940775601259053,0.7265837484338233,-0.43932402285853983
57.05,-0.5820982183785105,0.7197384102924549,-0.4390795464963481
57.07,-0.6048345200623415,0.7314732756776579,-0.4102313357577239
57.09,-0.5960333710234391,0.7441860465116279,-0.4060752376004645
57.11,-0.5750084038749503,0.7502979555664212,-0.4398129755829233
57.13,-0.5850319347248113,0.7493200501176542,-0.42489991748922773
57.15,-0.6182807199828867,0.7586101518809399,-0.39776304128594564
57.17,-0.6625309415395899,0.762277297313816,-0.349356721571983
57.19,-0.5346698041133148,0.8006600861779176,-0.3786938850349907
57.21,-0.4483696482596339,0.7789016899428536,-0.4214772484185435
57.23,-0.5026434006661981,0.7507869082908046,-0.437368211961006
57.25,-0.5857653638113864,0.7576322464321731,-0.443724597377991
57.27,-0.68233352687712,0.7825688353757296,-0.38725055771170125
57.29,-0.7155823121351954,0.8111725697521621,-0.393851419490878
57.31,-0.5999449928185069,0.7974818934694251,-0.4141429575527916
57.33,-0.4962870152492131,0.7488310973932708,-0.4359013537878556
57.35,-0.5737860220639917,0.7319622284020414,-0.4268557283867616
57.37,-0.6476178834458943,0.7307398465910827,-0.38969532133361856
57.39,-0.5989670873697399,0.7637441554869664,-0.3628029214925282
57.41,-0.5312471350426305,0.8153286679094215,-0.3740488341533478
57.43,-0.49017510619441984,0.8038382788864101,-0.40265256852978026
57.45,-0.5288023714207133,0.7886807444305228,-0.3894508449714268
57.47,-0.5559392476239954,0.7899031262414815,-0.3476453870366409
57.49,-0.572563640253033,0.7573877700699814,-0.2965498273385692
57.51,-0.5527610549155029,0.7148488830486203,-0.28114781652049015
57.53,-0.626103963573022,0.6510405525165786,-0.28163676924487363
57.55,-0.6838003850502704,0.5928551783149466,-0.40167466308101335
57.57,-0.609724047306176,0.5708523057176909,-0.6026342328026159
57.59,-0.6715765669406839,0.48650796076154385,-0.6676649451456163
57.61,-0.617058338171928,0.5241573205390704,-0.47232833175442346
57.63,-0.3051065000152798,0.6246371053998716,-0.2941050637166519
57.65,-0.15450906090517372,0.6177917672585032,-0.22834092228707636
57.67,-0.1821348898328393,0.6190141490694618,-0.15964306451120008
57.69,-0.2914158237325429,0.584298505638236,-0.24643217308926443
57.71,-0.31317421996760686,0.47672890627387465,-0.3967851358371787
57.73,-0.3960517067506035,0.39922989945909604,-0.29703878006295265
57.75,-0.5129114078782507,0.37233749961800566,-0.11368150841915473
57.77,-0.6329493017143905,0.38578369953855085,-0.0002444763621917306
57.799,-0.7608104391406656,0.3669590196497876,0.030559545273966322
57.81,-0.7576322464321731,0.3158634599517159,0.03911621795067689
57.83,-0.610701952754943,0.21440576964214772,-0.10805855208874492
57.85,-0.697735537695199,-0.029092687100815938,-0.10805855208874492
57.87,-1.1654188185679797,-0.09070073037313205,0.1870244170766739
57.89,-1.2989029123246645,0.003911621795067689,0.352045961556092
57.91,-1.056382361030468,-0.02151391987287229,0.25376646395501634
57.93,-0.9497906671148734,-0.22736301683830945,0.026892399841090365
57.95,-1.0783852336277235,-0.3346881398404792,0.011979341747394798
57.97,-1.3245729303547964,-0.26745714023775324,0.14032943189805336
57.99,-1.573449867065978,-0.2615897075451517,0.2787030528985729
58.01,-1.2761666106408336,-0.4244109647648443,0.15964306451120008
58.03,-0.8542004094979067,-0.5581395348837209,-0.015157534455887297
58.05,-1.0387800629526633,-0.5478715276716682,-0.03667145432875959
58.07,-1.2370503926901568,-0.4852855789505852,-0.055251657855331114
58.09,-1.124346789719769,-0.44494697918894965,-0.10928093389970357
58.11,-1.073495706383889,-0.5566726767105705,-0.11197017388381261
58.13,-0.8989395837789933,-0.7473642392201204,-0.14375210096873758
58.15,-0.6576414142957553,-0.7507869082908046,-0.23640864223940347
58.17,-0.6918681050025975,-0.7784127372184702,-0.20902728967392964
58.19,-0.6918681050025975,-0.7784127372184702,-0.20902728967392964
58.21,-0.7762124499587446,-0.8515111695137976,-0.22956330409803502
58.23,-0.7740121626990191,-0.921920361825016,-0.29679430370076093
58.25,-0.7417412828897106,-1.0052868013323961,-0.3060844054640467
58.27,-0.6373498762338417,-1.0365797756929376,-0.2324970204443358
58.29,-0.6500626470678116,-1.113345353421141,-0.24667664945145615
58.31,-0.6798887632552028,-1.1891330257005777,-0.2608562784585765
58.33,-0.6317269199034318,-1.1918222656846866,-0.2750359074656969
58.35,-0.6273263453839807,-1.1729975857959234,-0.2892155364728173
58.37,-0.6082571891330257,-1.130703175136754,-0.2637899948048773
58.39,-0.6412614980289093,-1.1338813678452464,-0.2762582892766556
58.41,-0.5632735384897473,-1.0664058918803287,-0.16746630810133545
58.43,-0.7148488830486203,-1.0947651498945696,-0.15842068270024143
58.45,-0.5757418329615255,-1.0243559575833512,-0.2036488097057116
58.47,-0.5067994988234575,-0.9742383033340464,-0.2056046206032454
58.49,-0.46083794273141215,-0.9436787580600801,-0.15157534455887295
58.51,-0.4667053754240137,-0.9471014271307643,-0.11001436298627876
58.53,-0.543470953152217,-0.957369434342817,-0.12492742107997433
58.55,-0.5075329279100327,-0.9304770345017266,-0.12737218470189163
58.57,-0.4772178589982581,-0.9153195000458393,-0.12981694832380894
58.59,-0.4087644775845735,-0.8952724383461174,-0.10585826482901935
58.61,-0.4676832808727806,-0.9446566635088469,-0.08532225040491398
58.63,-0.4422577392048406,-0.9449011398710387,-0.09412339944381627
58.65,-0.4271002047489533,-0.9475903798551477,-0.09803502123888397
58.67,-0.41634324481251717,-0.9642147724841854,-0.09607921034135011
58.69,-0.3962961831127953,-0.993551935947193,-0.10659169391559453
58.71,-0.39702961219937044,-1.0057757540567795,-0.10243559575833511
58.73,-0.3835834122788253,-0.9842618341839073,-0.10170216667175992
58.75,-0.3779604559484155,-0.9752162087828133,-0.09314549399504936
58.77,-0.3659811142010207,-0.9783944014913057,-0.08703358494025609
58.79,-0.3395776670843138,-0.9769275433181555,-0.07480976683066956
58.819,-0.32882070714787764,-0.9805946887510314,-0.053295846957797266
58.83,-0.3236867035418513,-0.9867065978058246,-0.03691593069095132
58.85,-0.29679430370076093,-0.988173455978975,-0.03716040705314305
58.87,-0.2750359074656969,-0.9739938269718547,-0.03936069431286862
58.89,-0.2789475292607646,-0.9634813433976103,-0.038871741588485165
58.91,-0.2733245729303548,-0.947345903492956,-0.03789383613971824
58.93,-0.2628120893561104,-0.9341441799346025,-0.04669498517862054
58.95,-0.25278855850624943,-0.9280322708798093,-0.06503071234300034
58.97,-0.2647679002536442,-0.9331662744858357,-0.07798795953916206
58.99,-0.2911713473703511,-0.9427008526113131,-0.0887449194755982
59.01,-0.3031506891177459,-0.9422118998869297,-0.09021177764874859
59.03,-0.3029062127555542,-0.9360999908321364,-0.08189958133422974
59.05,-0.29923906732267824,-0.9307215108639183,-0.0831219631451884
59.07,-0.29557192188980225,-0.9338997035724108,-0.08483329768053051
59.09,-0.29606087461418573,-0.9405005653515875,-0.0887449194755982
59.11,-0.30119487822021207,-0.9417229471625462,-0.08776701402683128
59.13,-0.31390764905418206,-0.9466124744063809,-0.08996730128655686
59.15,-0.3207529871955505,-0.9502796198392568,-0.09070073037313205
59.17,-0.32686489625034376,-0.9524799070989823,-0.08605567949148916
59.19,-0.32735384897472725,-0.95639152889405,-0.08727806130244782
59.21,-0.3356660452892461,-0.9571249579806252,-0.08947834856217339
59.23,-0.34568957613910706,-0.9647037252085688,-0.08752253766463955
59.25,-0.35449072517800934,-0.9708156342633621,-0.08654463221587262
59.27,-0.36329187421691167,-0.9678819179170614,-0.08703358494025609
59.29,-0.36891483054732144,-0.9622589615866516,-0.08581120312929744
59.31,-0.3694037832717049,-0.9647037252085688,-0.08532225040491398
59.33,-0.3694037832717049,-0.9698377288145952,-0.08532225040491398
59.35,-0.3740488341533478,-0.9654371542951441,-0.08850044311340648
59.37,-0.377471503224032,-0.9561470525318583,-0.09363444671943282
59.39,-0.38553922317635914,-0.9427008526113131,-0.08483329768053051
59.41,-0.3945848485774532,-0.9353665617455612,-0.08678910857806435
59.43,-0.40387495034073895,-0.9385447544540537,-0.10879198117532012
59.45,-0.3955627540262201,-0.9353665617455612,-0.1158817956788803
59.47,-0.38969532133361856,-0.948323808941723,-0.10830302845093664
59.49,-0.39531827766402833,-0.9681263942792531,-0.10341350120710203
59.51,-0.3884729395226599,-0.9695932524524035,-0.11245912660819607
59.53,-0.37429331051553955,-0.9722824924365125,-0.11783760657641414
59.55,-0.3672034960119793,-0.9754606851450051,-0.11074779207285396
59.57,-0.3522904379182838,-0.9732603978852794,-0.10219111939614338
59.59,-0.3522904379182838,-0.9732603978852794,-0.10219111939614338
59.61,-0.34593405250129877,-0.9859731687192494,-0.09779054487669223
59.63,-0.3525349142804755,-0.9923295541362345,-0.09974635577422608
59.65,-0.34666748158787397,-0.9893958377899337,-0.10268007212052685
59.67,-0.3351770925648626,-0.9788833542156893,-0.10683617027778626
59.69,-0.32637594352596033,-0.9671484888304862,-0.10488035938025242
59.71,-0.3183082235736332,-0.962747914311035,-0.10047978486080127
59.73,-0.30901812181034743,-0.9654371542951441,-0.0982794976010757
59.75,-0.29948354368486996,-0.9673929651926779,-0.10194664303395165
59.77,-0.29459401644103533,-0.9590807688781591,-0.10341350120710203
59.79,-0.28530391467774957,-0.9495461907526815,-0.10439140665586896
59.81,-0.28603734376432477,-0.9497906671148734,-0.10365797756929376
59.839,-0.2928826819056932,-0.9541912416343244,-0.10585826482901935
59.85,-0.2928826819056932,-0.95639152889405,-0.11001436298627876
59.87,-0.29459401644103533,-0.9549246707208997,-0.10879198117532012
59.89,-0.28970448919720077,-0.9561470525318583,-0.1183265593007976
59.91,-0.2919047764569263,-0.9605476270513095,-0.1207713229227149
59.93,-0.2950829691654188,-0.9559025761696666,-0.11881551202518106
59.95,-0.2916603000947346,-0.9507685725636402,-0.12443846835559087
59.97,-0.2943495400788436,-0.948323808941723,-0.12688323197750817
59.99,-0.2943495400788436,-0.9502796198392568,-0.12883904287504203
60.01,-0.2936161109922684,-0.953702288909941,-0.13495095192983528
60.03,-0.29850563823610304,-0.9605476270513095,-0.13446199920545182
60.05,-0.3043730709287046,-0.9669040124682945,-0.13470647556764356
60.07,-0.305839929101855,-0.9671484888304862,-0.13690676282736913
60.09,-0.30339516547993767,-0.9622589615866516,-0.13421752284326008
60.11,-0.29532744552761053,-0.9517464780124072,-0.12932799559942548
60.13,-0.2887265837484338,-0.9497906671148734,-0.1271277083396999
60.15,-0.2928826819056932,-0.9488127616661064,-0.1320172355835345
60.17,-0.2916603000947346,-0.9458790453198056,-0.1334840937566849
60.19,-0.2862818201265165,-0.9400116126272041,-0.12370503926901567
60.21,-0.2892155364728173,-0.9351220853833695,-0.1166152247654555
60.23,-0.2914158237325429,-0.9307215108639183,-0.12028237019833145
60.25,-0.295816398251994,-0.9226537909115912,-0.11563731931668857
60.27,-0.29826116187391133,-0.9084741619044708,-0.11148122115942914
60.29,-0.29606087461418573,-0.9099410200776212,-0.1158817956788803
60.31,-0.29606087461418573,-0.9192311218409069,-0.11417046114353818
60.33,-0.2919047764569263,-0.9331662744858357,-0.11319255569477125
60.35,-0.28237019833144883,-0.9485682853039147,-0.11148122115942914
60.37,-0.27283562020597135,-0.9551691470830914,-0.11148122115942914
60.39,-0.2755248601900804,-0.9607921034135012,-0.11294807933257953
60.41,-0.28383705650459923,-0.9764385905937719,-0.11245912660819607
60.43,-0.27381352565473827,-0.9962411759313021,-0.10536931210463588
60.45,-0.2535219875928246,-1.0096873758518472,-0.08703358494025609
60.47,-0.23860892949912904,-1.0094428994896556,-0.07089814503560186
60.49,-0.23127463863337713,-1.0133545212847233,-0.06992023958683495
60.51,-0.22760749320050117,-1.0211777648748586,-0.07554319591724475
60.53,-0.23151911499556885,-1.0167771903554075,-0.057207468752864955
60.55,-0.23225254408214405,-1.0167771903554075,-0.027625828927665557
60.57,-0.2183173914372154,-1.0312012957247196,-0.0070898145035601864
60.59,-0.20511566787886196,-1.036335299330746,-0.0009779054487669223
60.61,-0.19704794792653485,-1.0219111939614338,0.003422669070684228
60.63,-0.19460318430461754,-1.0197109067017083,0.005622956330409804
60.65,-0.19558108975338445,-1.0206888121504751,0.008312196314518839
60.67,-0.19607004247776794,-1.0170216667175993,0.005867432692601534
60.69,-0.1968034715643431,-1.026311768480885,0.0019558108975338447
60.71,-0.18604651162790697,-1.031690248449103,0.006111909054793264
60.73,-0.17284478806955353,-1.0243559575833512,0.009779054487669223
60.75,-0.16673287901476025,-1.0111542340249977,0.001711334535342114
60.77,-0.16257678085750082,-1.000886226812945,-0.013201723558353452
60.79,-0.1679552608257189,-0.9947743177581517,-0.020047061699721907
60.81,-0.17553402805366256,-0.9947743177581517,-0.027870305289857285
60.83,-0.1838462243681814,-0.9952632704825352,-0.03422669070684228
60.859,-0.18360174800598966,-0.9977080341044525,-0.04204993429697766
60.87,-0.17235583534517007,-1.014576903095682,-0.053295846957797266
60.89,-0.16453259175503468,-1.013598997646915,-0.06185251963450784
60.91,-0.15817620633804969,-0.9991748922776029,-0.07040919231121841
60.93,-0.15646487180270757,-0.989151361427742,-0.08165510497203801
60.95,-0.15597591907832412,-0.9776609724047306,-0.08727806130244782
60.97,-0.15744277725147449,-0.963725819759802,-0.08703358494025609
60.99,-0.15744277725147449,-0.963725819759802,-0.08703358494025609
61.01,-0.15328667909421506,-0.9512575252880237,-0.08923387219998166
61.03,-0.14961953366133912,-0.9456345689576139,-0.09070073037313205
61.05,-0.1486416282125722,-0.9390337071784371,-0.09387892308162454
61.07,-0.15573144271613237,-0.9334107508480274,-0.09779054487669223
61.09,-0.1767564098646212,-0.93096598722611,-0.09583473397915838
61.11,-0.19484766066680928,-0.9370778962809033,-0.09607921034135011
61.13,-0.2126944351068056,-0.9541912416343244,-0.10170216667175992
61.15,-0.2222290132322831,-0.9837728814595239,-0.10756959936436146
61.17,-0.2180729150750237,-1.0040644195214374,-0.11490389023011337
61.19,-0.22345139504324174,-1.0113987103871893,-0.11808208293860586
61.21,-0.2324970204443358,-1.0179995721663662,-0.12248265745805702
61.23,-0.23640864223940347,-1.0148213794578735,-0.12883904287504203
61.25,-0.24496531491611404,-1.0084649940408887,-0.12761666106408337
61.27,-0.25670018030131714,-1.0003972740885616,-0.12272713382024875
61.29,-0.2655013293402194,-1.0013751795373285,-0.12321608654463222
61.31,-0.2633010420804938,-1.0123766158359564,-0.12492742107997433
61.33,-0.25547779849035845,-1.0194664303395164,-0.12003789383613972
61.35,-0.2591449439232344,-1.0094428994896556,-0.11123674479723741
61.37,-0.28016991107172323,-0.9964856522934938,-0.11074779207285396
61.39,-0.30241726003117075,-0.9823060232863735,-0.11514836659230511
61.41,-0.3202640344711671,-0.95639152889405,-0.11490389023011337
61.43,-0.32759832533691896,-0.93096598722611,-0.10854750481312837
61.45,-0.32564251443938513,-0.9126302600617303,-0.10096873758518474
61.47,-0.3222198453687009,-0.9048070164715949,-0.09876845032545915
61.49,-0.3214864162821257,-0.9133636891483055,-0.10781407572655319
61.51,-0.32955413623445284,-0.9272988417932341,-0.11563731931668857
61.53,-0.3373773798245882,-0.9334107508480274,-0.11734865385203068
61.55,-0.34226690706842283,-0.9468569507685726,-0.11637074840326375
61.57,-0.34275585979280626,-0.9615255325000763,-0.11954894111175625
61.59,-0.34006661980869723,-0.9832839287351404,-0.1312838064969593
61.61,-0.3395776670843138,-0.9898847905143171,-0.14277419551997067
61.63,-0.33053204168321976,-0.9776609724047306,-0.14986401002353084
61.65,-0.32417565626623474,-0.9642147724841854,-0.15035296274791432
61.67,-0.3195306053845919,-0.9500351434770651,-0.1454634355040797
61.69,-0.321241939919934,-0.9593252452403508,-0.14839715185038047
61.71,-0.31708584176267457,-0.9642147724841854,-0.15719830088928277
61.73,-0.305839929101855,-0.9519909543745989,-0.16428811539284294
61.75,-0.29606087461418573,-0.9436787580600801,-0.17113345353421142
61.77,-0.27943648198514803,-0.9480793325795311,-0.15964306451120008
61.79,-0.27063533294624575,-0.9588362925159674,-0.13935152644928644
61.81,-0.28016991107172323,-0.9444121871466552,-0.10879198117532012
61.83,-0.29679430370076093,-0.9380558017296703,-0.09387892308162454
61.85,-0.32515356171500165,-0.9390337071784371,-0.10096873758518474
61.879,-0.32906518351006936,-0.9402560889893958,-0.10903645753751184
61.89,-0.31268526724322343,-0.9321883690370687,-0.08727806130244782
61.91,-0.2901934419215842,-0.915563976408031,-0.0440057451945115
61.93,-0.2630565657183021,-0.9123857836995385,-0.052317941509030345
61.95,-0.22834092228707636,-0.9204535036518656,-0.094367875806008
61.97,-0.20853833694954618,-0.932921798123644,-0.11050331571066223
61.99,-0.2119610060202304,-0.9358555144699446,-0.09705711579011704
62.01,-0.23005225682241848,-0.9402560889893958,-0.08556672676710571
62.03,-0.25767808575008405,-0.9512575252880237,-0.10194664303395165
62.05,-0.2787030528985729,-0.9598141979647342,-0.12835009015065857
62.07,-0.29532744552761053,-0.960058674326926,-0.12174922837148183
62.09,-0.32490908535280993,-0.9595697216025425,-0.07554319591724475
62.11,-0.37209302325581395,-0.9801057360266479,-0.02493658894355652
62.13,-0.3911621795067689,-1.0167771903554075,-0.03862726522629343
62.15,-0.3645142560278703,-1.0566268373926595,-0.04547260336766189
62.17,-0.352045961556092,-1.0492925465269076,-0.0046450508816428815
62.19,-0.3806496959325245,-0.9977080341044525,0.05500718149313938
62.21,-0.3948293249396449,-0.9681263942792531,0.08996730128655686
62.23,-0.3395776670843138,-0.9840173578217156,0.04791736698957919
62.25,-0.25523332212816674,-0.9852397396326742,0.0031781927084924976
62.27,-0.1965589952021514,-0.9519909543745989,0.008312196314518839
62.29,-0.17162240625859487,-0.9605476270513095,-0.003911621795067689
62.31,-0.15328667909421506,-0.9678819179170614,-0.047428414265195735
62.33,-0.14741924640161355,-0.9673929651926779,-0.11099226843504569
62.35,-0.21122757693365524,-0.9837728814595239,-0.14424105369312104
62.37,-0.25670018030131714,-0.9732603978852794,-0.1672218317391437
62.39,-0.25670018030131714,-0.9732603978852794,-0.1672218317391437
62.41,-0.2598783730098096,-0.9583473397915839,-0.12346056290682395
62.43,-0.24594322036488098,-0.9407450417137793,-0.0327598325336919
62.45,-0.2254072059407756,-0.9497906671148734,0.006845338141368456
62.47,-0.19778137701311005,-1.0194664303395164,-0.03642697796656786
62.49,-0.18971365706078294,-1.071784371848547,-0.05671851602848149
62.51,-0.2063380496898206,-1.0461143538184152,-0.008801149038902301
62.53,-0.24520979127830578,-1.0016196558995203,0.041805457934785926
62.55,-0.293127158267885,-0.988173455978975,0.03911621795067689
62.57,-0.3513125324695168,-1.0025975613482871,0.013446199920545182
62.59,-0.3708706414448553,-1.0116431867493811,-0.017602298077804602
62.61,-0.3767380741374568,-1.03266815389787,-0.03740488341533478
62.63,-0.38553922317635914,-1.0791186627142988,-0.03936069431286862
62.65,-0.36158053968156956,-1.09623200806772,-0.043761268832319775
62.67,-0.31195183815664823,-1.0668948446047122,-0.055985086941906306
62.69,-0.26012284937200136,-1.0094428994896556,-0.06038566146135745
62.71,-0.2415426458454298,-0.9576139107050087,-0.04058307612382728
62.73,-0.21440576964214772,-0.9111634018885799,-0.029092687100815938
62.75,-0.17626745714023775,-0.8835375729609143,-0.04253888702136112
62.77,-0.1718668826207866,-0.9050514928337866,-0.07212052684656052
62.79,-0.21318338783118906,-0.932921798123644,-0.07456529046847783
62.81,-0.25205512941967423,-0.9439232344222718,-0.05060660697368823
62.83,-0.2525440821440577,-0.9661705833817192,-0.031292974360541514
62.85,-0.26134523118296,-0.9598141979647342,-0.005622956330409804
62.87,-0.27014638022186227,-0.9402560889893958,0.013690676282736913
62.899,-0.28114781652049015,-0.9471014271307643,0.016135439904654218
62.91,-0.26916847477309536,-0.9402560889893958,-0.019069156250954986
62.93,-0.28603734376432477,-0.9392781835406289,-0.05280689423341381
62.95,-0.28725972557528345,-0.9356110381077529,-0.052562417871222074
62.97,-0.3038841182043211,-0.9458790453198056,-0.04033859976163555
62.99,-0.3205085108333588,-0.9603031506891178,-0.027136876203282093
63.01,-0.3341991871160957,-0.9771720196803472,-0.024203159856981328
63.03,-0.3398221434465055,-0.9952632704825352,-0.035938025242184396
63.05,-0.3395776670843138,-0.9893958377899337,-0.040827552486019006
63.07,-0.34593405250129877,-0.9705711579011704,-0.04449469791889497
63.09,-0.3522904379182838,-0.9673929651926779,-0.058185374201631876
63.11,-0.35473520154020105,-0.9749717324206215,-0.06331937780765821
63.13,-0.35766891788650185,-0.9911071723252758,-0.06331937780765821
63.15,-0.35840234697307705,-0.9950187941203434,-0.060141185099165724
63.17,-0.34080004889527243,-0.9808391651132231,-0.05794089783944015
63.19,-0.3158634599517159,-0.9722824924365125,-0.053540323319988994
63.21,-0.29899459096048653,-0.970082205176787,-0.05476270513094765
63.23,-0.29606087461418573,-0.9661705833817192,-0.059896708736973996
63.25,-0.30339516547993767,-0.9651926779329524,-0.05940775601259053
63.27,-0.29801668551171956,-0.9708156342633621,-0.06258594872108303
63.29,-0.2911713473703511,-0.9742383033340464,-0.07309843229532745
63.31,-0.2923937291813098,-0.9720380160743208,-0.07456529046847783
63.33,-0.2887265837484338,-0.9649482015707606,-0.07969929407450417
63.35,-0.28188124560706534,-0.9512575252880237,-0.08947834856217339
63.37,-0.28237019833144883,-0.9456345689576139,-0.094367875806008
63.39,-0.28237019833144883,-0.9414784708003545,-0.09705711579011704
63.41,-0.27136876203282095,-0.9453900925954222,-0.1014576903095682
63.43,-0.26990190385967056,-0.9546801943587079,-0.10390245393148549
63.45,-0.26599028206460285,-0.952724383461174,-0.10292454848271858
63.47,-0.25596675121474194,-0.9517464780124072,-0.10512483574244415
63.49,-0.26012284937200136,-0.9549246707208997,-0.10976988662408703
63.51,-0.2694129511352871,-0.9581028634293921,-0.11245912660819607
63.53,-0.2757693365522721,-0.9605476270513095,-0.10488035938025242
63.55,-0.2813922928826819,-0.9632368670354184,-0.09363444671943282
63.57,-0.2914158237325429,-0.9639702961219937,-0.08703358494025609
63.59,-0.30412859456651287,-0.9610365797756929,-0.09045625401094032
63.61,-0.31561898358952417,-0.957369434342817,-0.09070073037313205
63.63,-0.3205085108333588,-0.9490572380282981,-0.0863001558536809
63.65,-0.3261314671637686,-0.9522354307367906,-0.0806771995232711
63.67,-0.33053204168321976,-0.9561470525318583,-0.07969929407450417
63.69,-0.33053204168321976,-0.9568804816184335,-0.08018824679888763
63.71,-0.3349326162026709,-0.9556580998074748,-0.0831219631451884
63.73,-0.33297680530513707,-0.9478348562173394,-0.07529871955505302
63.75,-0.33077651804541147,-0.9544357179965162,-0.05207346514683862
63.77,-0.33150994713198667,-0.9615255325000763,-0.052562417871222074
63.79,-0.33150994713198667,-0.9615255325000763,-0.052562417871222074
63.81,-0.31366317269199034,-0.9576139107050087,-0.07383186138190263
63.83,-0.3070623109128136,-0.95639152889405,-0.09265654127066589
63.85,-0.3351770925648626,-0.9622589615866516,-0.0838553922317636
63.87,-0.3505791033829417,-0.962747914311035,-0.08409986859395532
63.89,-0.3388442379977386,-0.9461235216819973,-0.09730159215230877
63.919,-0.3231977508174678,-0.9532133361855576,-0.10047978486080127
63.93,-0.3202640344711671,-0.9617700088622682,-0.09070073037313205
63.95,-0.3244201326284265,-0.9588362925159674,-0.09485682853039147
63.97,-0.3229532744552761,-0.95639152889405,-0.10561378846682762
63.99,-0.3207529871955505,-0.952724383461174,-0.09999083213641781
64.01,-0.3165968890382911,-0.9571249579806252,-0.10096873758518474
64.03,-0.323931179904043,-0.9722824924365125,-0.10243559575833511
64.05,-0.3195306053845919,-0.973749350609663,-0.09094520673532377
64.07,-0.3082846927237723,-0.9671484888304862,-0.09021177764874859
64.09,-0.3087736454481557,-0.9644592488463771,-0.10219111939614338
64.11,-0.29752773278733613,-0.9532133361855576,-0.11343703205696298
64.13,-0.28823763102405037,-0.9546801943587079,-0.11783760657641414
64.15,-0.2948384928032271,-0.9666595361061027,-0.11979341747394799
64.17,-0.28652629648870825,-0.9739938269718547,-0.10805855208874492
64.19,-0.2735690492925465,-0.9827949760107569,-0.11514836659230511
64.21,-0.2787030528985729,-0.9688598233658283,-0.13788466827613605
64.23,-0.31537450722733246,-0.9647037252085688,-0.13006142468600068
64.25,-0.3102405036213061,-0.9551691470830914,-0.11392598478134645
64.27,-0.2972832564251444,-0.9424563762491214,-0.11148122115942914
64.29,-0.2965498273385692,-0.9356110381077529,-0.1095254102618953
64.31,-0.3214864162821257,-0.9434342816978883,-0.10805855208874492
64.33,-0.3359105216514378,-0.9561470525318583,-0.10683617027778626
64.35,-0.3173303181248663,-0.9468569507685726,-0.09803502123888397
64.37,-0.27063533294624575,-0.9334107508480274,-0.08727806130244782
64.39,-0.27210219111939615,-0.9395226599028206,-0.07138709775998534
64.41,-0.2948384928032271,-0.9588362925159674,-0.07554319591724475
64.43,-0.2972832564251444,-0.9686153470036366,-0.0806771995232711
64.45,-0.2919047764569263,-0.9669040124682945,-0.09681263942792531
64.47,-0.28970448919720077,-0.9642147724841854,-0.09656816306573358
64.49,-0.2899489655593925,-0.9559025761696666,-0.09999083213641781
64.51,-0.3065733581884301,-0.9607921034135012,-0.10023530849860954
64.53,-0.3195306053845919,-0.9585918161537756,-0.09705711579011704
64.55,-0.3219753690065092,-0.9607921034135012,-0.09607921034135011
64.57,-0.3227087980930844,-0.9659261070195275,-0.09363444671943282
64.59,-0.31268526724322343,-0.9541912416343244,-0.10390245393148549
64.61,-0.31341869632979863,-0.95639152889405,-0.10879198117532012
64.63,-0.3246646089906182,-0.9576139107050087,-0.11685970112764722
64.65,-0.31121840907007303,-0.9620144852244599,-0.13935152644928644
64.67,-0.31268526724322343,-0.9671484888304862,-0.14913058093695566
64.69,-0.3217308926443174,-0.962747914311035,-0.13006142468600068
64.71,-0.3368884271002047,-0.9617700088622682,-0.1271277083396999
64.73,-0.34177795434403935,-0.9752162087828133,-0.14595238822846315
64.75,-0.32833175442349416,-0.9757051615071968,-0.14424105369312104
64.77,-0.3236867035418513,-0.9632368670354184,-0.11685970112764722
64.79,-0.3109739327078813,-0.9488127616661064,-0.08850044311340648
64.81,-0.29752773278733613,-0.9478348562173394,-0.08727806130244782
64.83,-0.2928826819056932,-0.9519909543745989,-0.09461235216819973
64.85,-0.3080402163615805,-0.9612810561378846,-0.09094520673532377
64.87,-0.31072945634568955,-0.9568804816184335,-0.08263301042080494
64.89,-0.3070623109128136,-0.963725819759802,-0.09314549399504936
64.91,-0.3209974635577423,-0.9639702961219937,-0.10708064663997799
64.939,-0.3195306053845919,-0.9532133361855576,-0.1166152247654555
64.95,-0.3229532744552761,-0.9534578125477493,-0.11514836659230511
64.97,-0.317574794487058,-0.9458790453198056,-0.1183265593007976
64.99,-0.31341869632979863,-0.9434342816978883,-0.11514836659230511
65.01,-0.31268526724322343,-0.9451456162332305,-0.10194664303395165
65.03,-0.31708584176267457,-0.9468569507685726,-0.09632368670354186
65.05,-0.3244201326284265,-0.941967423524738,-0.10390245393148549
65.07,-0.32784280169911073,-0.9400116126272041,-0.10610274119121108
65.09,-0.3285762307856859,-0.9515020016502155,-0.10708064663997799
65.11,-0.3310209944076032,-0.9634813433976103,-0.11172569752162087
65.13,-0.33297680530513707,-0.9642147724841854,-0.11734865385203068
65.15,-0.3344436634782874,-0.9666595361061027,-0.11808208293860586
65.17,-0.3327323289429453,-0.9625034379488433,-0.11221465024600434
65.19,-0.3327323289429453,-0.9625034379488433,-0.11221465024600434
65.21,-0.32637594352596033,-0.9554136234452831,-0.11050331571066223
65.23,-0.3209974635577423,-0.9590807688781591,-0.11172569752162087
65.25,-0.3197750817467836,-0.970082205176787,-0.11074779207285396
65.27,-0.3219753690065092,-0.972771445160896,-0.11245912660819607
65.29,-0.31781927084924977,-0.9617700088622682,-0.11319255569477125
65.31,-0.3063288818262384,-0.9576139107050087,-0.1158817956788803
65.33,-0.30168383094459555,-0.9566360052562418,-0.1158817956788803
65.35,-0.31072945634568955,-0.9505240962014485,-0.1127036029703878
65.37,-0.3053509763774715,-0.9424563762491214,-0.11074779207285396
65.39,-0.2941050637166519,-0.9446566635088469,-0.1031690248449103
65.41,-0.30021697277144516,-0.9436787580600801,-0.09338997035724109
65.43,-0.3046175472908963,-0.9429453289735048,-0.0951013048925832
65.45,-0.29752773278733613,-0.946367998044189,-0.11123674479723741
65.47,-0.29752773278733613,-0.9471014271307643,-0.11392598478134645
65.49,-0.3038841182043211,-0.9434342816978883,-0.10414693029367723
65.51,-0.31513003086514074,-0.9480793325795311,-0.10439140665586896
65.53,-0.3207529871955505,-0.9568804816184335,-0.11123674479723741
65.55,-0.3236867035418513,-0.9595697216025425,-0.11343703205696298
65.57,-0.32735384897472725,-0.9549246707208997,-0.11710417748983895
65.59,-0.32906518351006936,-0.9522354307367906,-0.11857103566298934
65.61,-0.33028756532102804,-0.9502796198392568,-0.11710417748983895
65.63,-0.3300430889588363,-0.9444121871466552,-0.11514836659230511
65.65,-0.32833175442349416,-0.9397671362650124,-0.11294807933257953
65.67,-0.32710937261253553,-0.9436787580600801,-0.11465941386792164
65.69,-0.3300430889588363,-0.9441677107844635,-0.1166152247654555
65.71,-0.33297680530513707,-0.9451456162332305,-0.11319255569477125
65.73,-0.3310209944076032,-0.9449011398710387,-0.11148122115942914
65.75,-0.3261314671637686,-0.9485682853039147,-0.1095254102618953
65.77,-0.3224643217308926,-0.9539467652721327,-0.10561378846682762
65.79,-0.3195306053845919,-0.9559025761696666,-0.09925740304984261
65.81,-0.3200195581089753,-0.9551691470830914,-0.10121321394737647
65.83,-0.321241939919934,-0.9534578125477493,-0.10219111939614338
65.85,-0.3202640344711671,-0.947345903492956,-0.10243559575833511
65.87,-0.3197750817467836,-0.9458790453198056,-0.10708064663997799
65.89,-0.31781927084924977,-0.9519909543745989,-0.11441493750572991
65.91,-0.31390764905418206,-0.957369434342817,-0.11881551202518106
65.93,-0.3165968890382911,-0.9913516486874675,-0.12346056290682395
65.959,-0.3214864162821257,-0.99452984139596,-0.1239495156312074
65.97,-0.3141521254163738,-0.9686153470036366,-0.1158817956788803
65.99,-0.31146288543226475,-0.9656816306573358,-0.11221465024600434
66.01,-0.3209974635577423,-0.9495461907526815,-0.12174922837148183
66.03,-0.3300430889588363,-0.9035846346606362,-0.12370503926901567
66.05,-0.3383552852733551,-0.8835375729609143,-0.11637074840326375
66.07,-0.3542462488158176,-0.8972282492436512,-0.11123674479723741
66.09,-0.3659811142010207,-0.9072517800935122,-0.11881551202518106
66.11,-0.38749503407389296,-0.9116523546129633,-0.12492742107997433
66.13,-0.40191913944320506,-0.9099410200776212,-0.1320172355835345
66.15,-0.40143018671882164,-0.9324328453992604,-0.14741924640161355
66.17,-0.3852947468141674,-0.9497906671148734,-0.166977355376952
66.19,-0.37062616508266355,-0.9783944014913057,-0.18482412981694832
66.21,-0.3525349142804755,-1.0074870885921217,-0.1990037588240687
66.23,-0.3376218561867799,-1.0419582556611557,-0.19166946795831677
66.25,-0.33053204168321976,-1.0556489319438926,-0.16819973718791065
66.27,-0.33224337621856187,-1.0590716010145769,-0.1454634355040797
66.29,-0.31072945634568955,-1.0519817865110166,-0.12443846835559087
66.31,-0.28163676924487363,-1.0446474956452647,-0.10439140665586896
66.33,-0.264034471167069,-1.0201998594260917,-0.09070073037313205
66.35,-0.24887693671118175,-0.9893958377899337,-0.08214405769642147
66.37,-0.25156617669529074,-0.9847507869082908,-0.06576414142957553
66.39,-0.2623231366317269,-0.970082205176787,-0.05427375240656419
66.41,-0.26721266387556153,-0.9551691470830914,-0.05011765424930477
66.43,-0.25572227485255017,-0.9380558017296703,-0.04498365064327843
66.45,-0.24667664945145615,-0.928276747242001,-0.03862726522629343
66.47,-0.24912141307337346,-0.9246096018091251,-0.043516792470128046
66.49,-0.25645570393912537,-0.9096965437154295,-0.05696299239067323
66.51,-0.2694129511352871,-0.9030956819362528,-0.07016471594902668
66.53,-0.2755248601900804,-0.901139871038719,-0.0774990068147786
66.55,-0.2647679002536442,-0.9087186382666625,-0.08018824679888763
66.57,-0.2652568529780277,-0.9312104635883018,-0.08776701402683128
66.59,-0.2652568529780277,-0.9312104635883018,-0.08776701402683128
66.61,-0.2652568529780277,-0.9446566635088469,-0.10610274119121108
66.63,-0.2606118020963848,-0.9485682853039147,-0.12297161018244049
66.65,-0.2618341839073435,-0.9302325581395349,-0.12908351923723374
66.67,-0.2623231366317269,-0.9231427436359747,-0.12786113742627508
66.69,-0.25596675121474194,-0.9412339944381627,-0.13323961739449316
66.71,-0.2608562784585765,-0.9595697216025425,-0.1383736210005195
66.73,-0.280414387433915,-0.9793723069400727,-0.14106286098462856
66.75,-0.304862023653088,-0.9759496378693885,-0.14839715185038047
66.77,-0.30901812181034743,-1.0160437612688322,-0.15328667909421506
66.79,-0.29850563823610304,-1.0598050301011521,-0.1271277083396999
66.81,-0.2755248601900804,-1.0387800629526633,-0.09925740304984261
66.83,-0.28505943831555786,-0.9766830669559636,-0.12908351923723374
66.85,-0.3219753690065092,-0.9016288237631024,-0.17455612260489564
66.87,-0.35473520154020105,-0.8390428750420194,-0.17113345353421142
66.89,-0.37429331051553955,-0.8617791767258502,-0.15793172997585794
66.91,-0.383827888641017,-0.9275433181554258,-0.15573144271613237
66.93,-0.3676924487363628,-0.9757051615071968,-0.16379916266845948
66.95,-0.34593405250129877,-0.9999083213641781,-0.182379366195031
66.979,-0.336643950738013,-0.9979525104666442,-0.1975369006509183
66.99,-0.3388442379977386,-0.9928185068606179,-0.18409070073037312
67.01,-0.34275585979280626,-0.9896403141521254,-0.154264584542982
67.03,-0.3356660452892461,-0.9969746050178773,-0.14081838462243682
67.05,-0.32833175442349416,-0.99452984139596,-0.1398404791736699
67.07,-0.3214864162821257,-0.962747914311035,-0.13299514103230142
67.09,-0.3102405036213061,-0.9453900925954222,-0.13006142468600068
67.11,-0.30021697277144516,-0.9490572380282981,-0.1295724719616172
67.13,-0.2870152492130917,-0.9534578125477493,-0.1166152247654555
67.15,-0.2652568529780277,-0.9625034379488433,-0.10854750481312837
67.17,-0.2525440821440577,-0.9632368670354184,-0.10781407572655319
67.19,-0.24398740946734712,-0.9656816306573358,-0.1063472175534028
67.21,-0.24203159856981327,-0.9735048742474712,-0.09656816306573358
67.23,-0.2342083549796779,-0.9906182196008924,-0.08825596675121473
67.25,-0.22834092228707636,-1.0013751795373285,-0.0799437704366959
67.27,-0.23029673318461022,-0.9776609724047306,-0.06503071234300034
67.29,-0.23445283134186962,-0.9612810561378846,-0.06723099960272591
67.31,-0.23714207132597867,-0.9478348562173394,-0.0799437704366959
67.33,-0.2334749258931027,-0.928276747242001,-0.08752253766463955
67.35,-0.23763102405036213,-0.9248540781713168,-0.0951013048925832
67.37,-0.25132170033309903,-0.9294991290529597,-0.10903645753751184
67.39,-0.2574336093878923,-0.9358555144699446,-0.11930446474956452
67.41,-0.26599028206460285,-0.9605476270513095,-0.12370503926901567
67.43,-0.2765027656388473,-0.9830394523729487,-0.12663875561531643
67.45,-0.28505943831555786,-1.0045533722458209,-0.13935152644928644
67.47,-0.2916603000947346,-0.9989304159154112,-0.14888610457476392
67.49,-0.2911713473703511,-0.9857286923570577,-0.15010848638572258
67.51,-0.30412859456651287,-0.9801057360266479,-0.1471747700394218
67.53,-0.31048497998349783,-0.9649482015707606,-0.14693029367723007
67.55,-0.3200195581089753,-0.9488127616661064,-0.13935152644928644
67.57,-0.32906518351006936,-0.9302325581395349,-0.12492742107997433
67.59,-0.3261314671637686,-0.9109189255263882,-0.11881551202518106
67.61,-0.3398221434465055,-0.9104299728020047,-0.1246829447177826
67.63,-0.3510680561073251,-0.9118968309751551,-0.12761666106408337
67.65,-0.3679369250985545,-0.921920361825016,-0.12003789383613972
67.67,-0.3936069431286862,-0.9444121871466552,-0.11612627204107202
67.69,-0.4126760993796412,-0.9524799070989823,-0.12932799559942548
67.71,-0.4102313357577239,-0.9493017143904898,-0.1613543990465422
67.73,-0.41854353207224276,-0.9581028634293921,-0.17895669712434678
67.75,-0.43003392109525407,-0.9725269687987043,-0.182379366195031
67.77,-0.42881153928429544,-0.9810836414754148,-0.1831127952816062
67.79,-0.4124316230174495,-0.9942853650337683,-0.188735751612016
67.81,-0.37698255049964857,-0.9979525104666442,-0.18482412981694832
67.83,-0.34593405250129877,-0.9884179323411667,-0.160620969959967
67.85,-0.32979861259664456,-0.9749717324206215,-0.13226171194572625
67.87,-0.3205085108333588,-0.9683708706414448,-0.12052684656052318
67.89,-0.31292974360541514,-0.9764385905937719,-0.12028237019833145
67.91,-0.29997249640925344,-0.9857286923570577,-0.11221465024600434
67.93,-0.28603734376432477,-0.9999083213641781,-0.09216758854628243
67.95,-0.26990190385967056,-1.003575466797054,-0.0735873850197109
67.97,-0.2591449439232344,-0.9996638450019864,-0.06674204687834245
67.999,-0.26574580570241113,-0.9950187941203434,-0.06527518870519207
68.01,-0.26574580570241113,-0.9950187941203434,-0.06527518870519207
68.03,-0.2725911438437796,-0.9986859395532194,-0.05671851602848149
68.05,-0.26794609296213673,-1.003575466797054,-0.04033859976163555
68.07,-0.2620786602695352,-1.0013751795373285,-0.03202640344711671
68.09,-0.2518106530574825,-1.0023530849860953,-0.03471564343122574
68.11,-0.2405647403966629,-1.0043088958836293,-0.035204596155609204
68.13,-0.23127463863337713,-0.9972190813800691,-0.03398221434465055
68.15,-0.22369587140543348,-0.9837728814595239,-0.02982611618739113
68.17,-0.2173394859884485,-0.966415059743911,-0.033248785258075356
68.19,-0.21562815145310638,-0.953702288909941,-0.0383827888641017
68.21,-0.21391681691776426,-0.9422118998869297,-0.04522812700547016
68.23,-0.21440576964214772,-0.9321883690370687,-0.05011765424930477
68.25,-0.21367234055557252,-0.9265654127066589,-0.05549613421752284
68.27,-0.20853833694954618,-0.9304770345017266,-0.06747547596491764
68.29,-0.20340433334351984,-0.9336552272102191,-0.07725453045258686
68.31,-0.21147205329584695,-0.9302325581395349,-0.0838553922317636
68.33,-0.22296244231885828,-0.928276747242001,-0.0919231121840907
68.35,-0.23543073679063656,-0.9326773217614521,-0.10023530849860954
68.37,-0.2461876967270727,-0.9436787580600801,-0.10708064663997799
68.39,-0.25547779849035845,-0.9522354307367906,-0.1127036029703878
68.41,-0.2611007548207683,-0.9566360052562418,-0.11881551202518106
68.43,-0.2645234238914525,-0.9581028634293921,-0.1271277083396999
68.45,-0.2655013293402194,-0.966415059743911,-0.12810561378846683
68.47,-0.2652568529780277,-0.9708156342633621,-0.12370503926901567
68.49,-0.26745714023775324,-0.9801057360266479,-0.11905998838737279
68.51,-0.28261467469364054,-0.9879289796167833,-0.11783760657641414
68.53,-0.30339516547993767,-0.9962411759313021,-0.1158817956788803
68.55,-0.3187971762980167,-0.9989304159154112,-0.11148122115942914
68.57,-0.32344222717965954,-0.9918406014118509,-0.10756959936436146
68.59,-0.32515356171500165,-0.9847507869082908,-0.10243559575833511
68.61,-0.32906518351006936,-0.9779054487669223,-0.10096873758518474
68.63,-0.33150994713198667,-0.9820615469241818,-0.10243559575833511
68.65,-0.33297680530513707,-0.9903737432387005,-0.10414693029367723
68.67,-0.33053204168321976,-0.9925740304984262,-0.1031690248449103
68.69,-0.32417565626623474,-0.9906182196008924,-0.100724261222993
68.71,-0.321241939919934,-0.9937964123093849,-0.09779054487669223
68.73,-0.31684136540048286,-0.9867065978058246,-0.09143415945970723
68.75,-0.3043730709287046,-0.9871955505302081,-0.08287748678299667
68.77,-0.29972802004706167,-0.9913516486874675,-0.0774990068147786
68.79,-0.30119487822021207,-0.9999083213641781,-0.07480976683066956
68.81,-0.302172783668979,-1.0013751795373285,-0.07407633774409436
68.83,-0.2911713473703511,-0.9832839287351404,-0.07212052684656052
68.85,-0.28359258014240746,-0.9669040124682945,-0.07407633774409436
68.87,-0.2405647403966629,-0.9581028634293921,-0.06894233413806802
68.89,-0.21513919872872292,-0.9559025761696666,-0.06527518870519207
68.91,-0.2263851113895425,-0.9617700088622682,-0.07652110136601167
68.93,-0.24105369312104635,-0.9485682853039147,-0.09265654127066589
68.95,-0.22956330409803502,-0.9258319836200837,-0.0975460685145005
68.97,-0.1968034715643431,-0.9096965437154295,-0.09363444671943282
68.99,-0.18457965345475658,-0.9175197873055648,-0.08703358494025609
69.019,-0.2095162423983131,-0.9532133361855576,-0.09167863582189897
69.03,-0.2254072059407756,-0.9842618341839073,-0.09803502123888397
69.05,-0.2271185404761177,-0.993551935947193,-0.09730159215230877
69.07,-0.21636158053968157,-0.978149925129114,-0.09021177764874859
69.09,-0.20976071876050484,-0.9698377288145952,-0.08263301042080494
69.11,-0.22247348959447483,-0.9647037252085688,-0.0774990068147786
69.13,-0.22931882773584328,-0.9610365797756929,-0.07309843229532745
69.15,-0.24398740946734712,-0.9588362925159674,-0.07505424319286129
69.17,-0.25156617669529074,-0.9544357179965162,-0.0774990068147786
69.19,-0.24741007853803135,-0.9546801943587079,-0.08092167588546283
69.21,-0.24496531491611404,-0.9598141979647342,-0.07798795953916206
69.23,-0.24643217308926443,-0.9581028634293921,-0.06649757051615071
69.25,-0.25401094031720806,-0.9639702961219937,-0.06283042508327476
69.27,-0.25523332212816674,-0.9732603978852794,-0.06674204687834245
69.29,-0.2645234238914525,-0.9803502123888397,-0.07016471594902668
69.31,-0.26965742749747884,-0.9798612596644561,-0.06723099960272591
69.33,-0.2652568529780277,-0.9796167833022644,-0.06160804327231611
69.35,-0.25938942028542616,-0.9857286923570577,-0.0591632796503988
69.37,-0.2618341839073435,-0.9923295541362345,-0.06331937780765821
69.39,-0.2630565657183021,-1.0016196558995203,-0.07040919231121841
69.41,-0.2630565657183021,-1.0016196558995203,-0.07040919231121841
69.43,-0.25449989304159154,-1.0113987103871893,-0.06527518870519207
69.45,-0.23811997677474558,-1.0153103321822572,-0.05402927604437246
69.47,-0.23298597316871925,-1.0167771903554075,-0.05451822876875592
69.49,-0.23616416587721173,-1.0138434740091067,-0.06307490144546649
69.51,-0.23689759496378693,-1.007976041316505,-0.06380833053204168
69.53,-0.2366531186015952,-1.005531277694588,-0.0591632796503988
69.55,-0.2334749258931027,-0.9999083213641781,-0.05451822876875592
69.57,-0.22320691868105003,-0.9928185068606179,-0.05891880328820707
69.59,-0.21416129327995598,-0.9864621214436329,-0.06649757051615071
69.61,-0.2063380496898206,-0.9864621214436329,-0.07260947957094398
69.63,-0.1972924242887266,-0.9979525104666442,-0.0735873850197109
69.65,-0.18922470433639946,-1.0016196558995203,-0.07163157412217706
69.67,-0.18629098799009872,-0.9906182196008924,-0.06992023958683495
69.69,-0.1870244170766739,-0.9752162087828133,-0.07260947957094398
69.71,-0.18922470433639946,-0.9678819179170614,-0.07627662500381995
69.73,-0.1919139443205085,-0.9671484888304862,-0.07114262139779359
69.75,-0.19240289704489197,-0.9659261070195275,-0.06454175961861687
69.77,-0.1894691806985912,-0.9666595361061027,-0.060874614185740916
69.79,-0.18824679888763254,-0.973749350609663,-0.0623414723588913
69.81,-0.19460318430461754,-0.984506310546099,-0.05891880328820707
69.83,-0.1975369006509183,-0.9864621214436329,-0.051340036060263425
69.85,-0.20071509335941082,-0.9842618341839073,-0.048650796076154385
69.87,-0.2063380496898206,-0.9852397396326742,-0.05158451242245515
69.89,-0.21073862420927175,-0.9871955505302081,-0.0503621306114965
69.91,-0.21611710417748983,-0.988173455978975,-0.04229441065916939
69.93,-0.21489472236653118,-0.9859731687192494,-0.04204993429697766
69.95,-0.21611710417748983,-0.9862176450814412,-0.04938422516272958
69.97,-0.22027320233474926,-0.9884179323411667,-0.049628701524921305
69.99,-0.22882987501145982,-0.9903737432387005,-0.04938422516272958
70.01,-0.23054120954680193,-0.9915961250496592,-0.05574061057971457
70.039,-0.23396387861748616,-0.9889068850655502,-0.05867432692601534
70.05,-0.23445283134186962,-0.9864621214436329,-0.06038566146135745
70.07,-0.23811997677474558,-0.9869510741680163,-0.06331937780765821
70.09,-0.2412981694832381,-0.9832839287351404,-0.06771995232710937
70.11,-0.24472083855392232,-0.9832839287351404,-0.06918681050025975
70.13,-0.24423188582953886,-0.9813281178376065,-0.07138709775998534
70.15,-0.2412981694832381,-0.9803502123888397,-0.07163157412217706
70.17,-0.24032026403447115,-0.9825504996485652,-0.07334290865751918
70.19,-0.24594322036488098,-0.9835284050973321,-0.07921034135012071
70.21,-0.25132170033309903,-0.9835284050973321,-0.08483329768053051
70.23,-0.24912141307337346,-0.9803502123888397,-0.08361091586957185
70.25,-0.24496531491611404,-0.9803502123888397,-0.08703358494025609
70.27,-0.24472083855392232,-0.9783944014913057,-0.09656816306573358
70.29,-0.2430095040185802,-0.9757051615071968,-0.10121321394737647
70.31,-0.24325398038077192,-0.9661705833817192,-0.09999083213641781
70.33,-0.24105369312104635,-0.9583473397915839,-0.09974635577422608
70.35,-0.2415426458454298,-0.9581028634293921,-0.10170216667175992
70.37,-0.24374293310515538,-0.9603031506891178,-0.10585826482901935
70.39,-0.24741007853803135,-0.9620144852244599,-0.10781407572655319
70.41,-0.2493658894355652,-0.9634813433976103,-0.10659169391559453
70.43,-0.25156617669529074,-0.9593252452403508,-0.10610274119121108
70.45,-0.2500993185221404,-0.9634813433976103,-0.10928093389970357
70.47,-0.2510772239709073,-0.9725269687987043,-0.11392598478134645
70.49,-0.2535219875928246,-0.9815725941997983,-0.11490389023011337
70.51,-0.25303303486844114,-0.9864621214436329,-0.11245912660819607
70.53,-0.24887693671118175,-0.9871955505302081,-0.11441493750572991
70.55,-0.25156617669529074,-0.9793723069400727,-0.11710417748983895
70.57,-0.2500993185221404,-0.9666595361061027,-0.11930446474956452
70.59,-0.2500993185221404,-0.9554136234452831,-0.11441493750572991
70.61,-0.25498884576597497,-0.9571249579806252,-0.11465941386792164
70.63,-0.2603673257341931,-0.9647037252085688,-0.11954894111175625
70.65,-0.26647923478898633,-0.9710601106255539,-0.1239495156312074
70.67,-0.2760138129144638,-0.9742383033340464,-0.12346056290682395
70.69,-0.2718577147572044,-0.9739938269718547,-0.11954894111175625
70.71,-0.26501237661583593,-0.9730159215230877,-0.12248265745805702
70.73,-0.2603673257341931,-0.9730159215230877,-0.12614980289093297
70.75,-0.25205512941967423,-0.9673929651926779,-0.12346056290682395
70.77,-0.2589004675610427,-0.9598141979647342,-0.1183265593007976
70.79,-0.26892399841090364,-0.9549246707208997,-0.11954894111175625
70.81,-0.26892399841090364,-0.9549246707208997,-0.11954894111175625
70.83,-0.2725911438437796,-0.9576139107050087,-0.12052684656052318
70.85,-0.27405800201693,-0.9590807688781591,-0.12101579928490663
70.87,-0.27039085658405404,-0.9588362925159674,-0.12101579928490663
70.89,-0.26892399841090364,-0.9617700088622682,-0.11954894111175625
70.91,-0.27014638022186227,-0.9666595361061027,-0.12052684656052318
70.93,-0.27161323839501267,-0.970082205176787,-0.12248265745805702
70.95,-0.267701616599945,-0.970082205176787,-0.12517189744216606
70.97,-0.26990190385967056,-0.9693487760902118,-0.12737218470189163
70.99,-0.26916847477309536,-0.9649482015707606,-0.12761666106408337
71.01,-0.26794609296213673,-0.9617700088622682,-0.13152828285915105
71.03,-0.26965742749747884,-0.9556580998074748,-0.12981694832380894
71.059,-0.26647923478898633,-0.9546801943587079,-0.1303059010481924
71.07,-0.2623231366317269,-0.9549246707208997,-0.1373957155517526
71.09,-0.2603673257341931,-0.9507685725636402,-0.14155181370901201
71.11,-0.2623231366317269,-0.9490572380282981,-0.13372857011887662
71.13,-0.2628120893561104,-0.9534578125477493,-0.1320172355835345
71.15,-0.2623231366317269,-0.9554136234452831,-0.14204076643339547
71.17,-0.2645234238914525,-0.9556580998074748,-0.14595238822846315
71.19,-0.27063533294624575,-0.9554136234452831,-0.14081838462243682
71.21,-0.26843504568652016,-0.9610365797756929,-0.14057390826024507
71.23,-0.26599028206460285,-0.9732603978852794,-0.1464413409528466
71.25,-0.2655013293402194,-0.984506310546099,-0.14839715185038047
71.27,-0.26745714023775324,-0.9864621214436329,-0.14961953366133912
71.29,-0.26916847477309536,-0.9764385905937719,-0.14668581731503835
71.31,-0.27014638022186227,-0.9671484888304862,-0.1486416282125722
71.33,-0.26794609296213673,-0.9583473397915839,-0.15157534455887295
71.35,-0.2628120893561104,-0.9480793325795311,-0.1510863918344895
71.37,-0.25670018030131714,-0.9500351434770651,-0.14937505729914738
71.39,-0.2615897075451517,-0.9581028634293921,-0.1486416282125722
71.41,-0.2652568529780277,-0.9571249579806252,-0.15377563181859855
71.43,-0.2735690492925465,-0.9510130489258319,-0.15695382452709103
71.45,-0.28114781652049015,-0.9502796198392568,-0.15939858814900834
71.47,-0.28114781652049015,-0.9556580998074748,-0.1608654463221587
71.49,-0.2821257219692571,-0.979127830577881,-0.16331020994407602
71.51,-0.28163676924487363,-0.9952632704825352,-0.16355468630626777
71.53,-0.28016991107172323,-0.9889068850655502,-0.16991107172325276
71.55,-0.28090334015829843,-0.9669040124682945,-0.17480059896708736
71.57,-0.28554839103994134,-0.9466124744063809,-0.17088897717201967
71.59,-0.28530391467774957,-0.9341441799346025,-0.1694221189988693
71.61,-0.2877486782996669,-0.9265654127066589,-0.17406716988051218
71.63,-0.2877486782996669,-0.9236316963603581,-0.17626745714023775
71.65,-0.2933716346300767,-0.9353665617455612,-0.1774898389511964
71.67,-0.29899459096048653,-0.953702288909941,-0.1774898389511964
71.69,-0.30095040185802036,-0.9642147724841854,-0.17993460257311372
71.71,-0.30241726003117075,-0.9686153470036366,-0.18335727164379795
71.73,-0.29679430370076093,-0.962747914311035,-0.1814014607462641
71.75,-0.29923906732267824,-0.9615255325000763,-0.18262384255722275
71.77,-0.30070592549582864,-0.9590807688781591,-0.18017907893530544
71.79,-0.30070592549582864,-0.9639702961219937,-0.17969012621092198
71.81,-0.29923906732267824,-0.9625034379488433,-0.1743116462427039
71.83,-0.2914158237325429,-0.9559025761696666,-0.17015554808544447
71.85,-0.28457048559117437,-0.9524799070989823,-0.1679552608257189
71.87,-0.2813922928826819,-0.952724383461174,-0.16819973718791065
71.89,-0.2796809583473398,-0.9507685725636402,-0.1662439262903768
71.91,-0.2787030528985729,-0.9461235216819973,-0.16453259175503468
71.93,-0.2772361947254225,-0.948323808941723,-0.16477706811722642
71.95,-0.276747242001039,-0.9534578125477493,-0.16428811539284294
71.97,-0.2765027656388473,-0.9576139107050087,-0.16477706811722642
71.99,-0.2796809583473398,-0.9571249579806252,-0.17040002444763622
72.01,-0.27943648198514803,-0.9556580998074748,-0.1735782171561287
72.03,-0.2774806710876142,-0.9546801943587079,-0.17333374079393699
72.05,-0.2782141001741894,-0.9595697216025425,-0.17455612260489564
72.079,-0.2789475292607646,-0.9625034379488433,-0.17993460257311372
72.09,-0.28090334015829843,-0.9539467652721327,-0.18506860617914006
72.11,-0.28090334015829843,-0.9446566635088469,-0.1926473734070837
72.13,-0.2806588637961067,-0.940989518075971,-0.20022614063502733
72.15,-0.28603734376432477,-0.9475903798551477,-0.20340433334351984
72.17,-0.2892155364728173,-0.9505240962014485,-0.19949271154845216
72.19,-0.28310362741802403,-0.95639152889405,-0.20242642789475293
72.21,-0.28310362741802403,-0.95639152889405,-0.20242642789475293
72.23,-0.28432600922898266,-0.9644592488463771,-0.20780490786297098
72.25,-0.289460012835009,-0.9669040124682945,-0.2102496714848883
72.27,-0.2909268710081594,-0.9647037252085688,-0.2102496714848883
72.29,-0.28505943831555786,-0.9612810561378846,-0.20511566787886196
72.31,-0.2760138129144638,-0.9559025761696666,-0.20071509335941082
72.33,-0.26990190385967056,-0.9495461907526815,-0.20022614063502733
72.35,-0.2694129511352871,-0.9402560889893958,-0.1968034715643431
72.37,-0.2733245729303548,-0.9444121871466552,-0.1958255661155762
72.39,-0.2733245729303548,-0.9475903798551477,-0.1972924242887266
72.41,-0.26965742749747884,-0.948323808941723,-0.19924823518626042
72.43,-0.27014638022186227,-0.9507685725636402,-0.195092137029001
72.45,-0.2694129511352871,-0.9583473397915839,-0.19362527885585062
72.47,-0.27039085658405404,-0.9656816306573358,-0.195092137029001
72.49,-0.2662347584267946,-0.9661705833817192,-0.20071509335941082
72.51,-0.2637899948048773,-0.9603031506891178,-0.2070714787763958
72.53,-0.2669681875133698,-0.9517464780124072,-0.20731595513858753
72.55,-0.27063533294624575,-0.9392781835406289,-0.2031598569813281
72.57,-0.2735690492925465,-0.9304770345017266,-0.20438223879228676
72.59,-0.27210219111939615,-0.9363444671943282,-0.20584909696543716
72.61,-0.2772361947254225,-0.9471014271307643,-0.20853833694954618
72.63,-0.2821257219692571,-0.9490572380282981,-0.21244995874461386
72.65,-0.28554839103994134,-0.9380558017296703,-0.21318338783118906
72.67,-0.28114781652049015,-0.9294991290529597,-0.21147205329584695
72.69,-0.2796809583473398,-0.9363444671943282,-0.21465024600433946
72.71,-0.28237019833144883,-0.9446566635088469,-0.21782843871283195
72.73,-0.28677077285089997,-0.9490572380282981,-0.21709500962625675
72.75,-0.2916603000947346,-0.9475903798551477,-0.21709500962625675
72.77,-0.2916603000947346,-0.9456345689576139,-0.22051767869694097
72.79,-0.29630535097637745,-0.9497906671148734,-0.22491825321639214
72.81,-0.29875011459829476,-0.9566360052562418,-0.22834092228707636
72.83,-0.2941050637166519,-0.9649482015707606,-0.22687406411392597
72.85,-0.2877486782996669,-0.9654371542951441,-0.22980778046022673
72.87,-0.28408153286679094,-0.9590807688781591,-0.2349417840662531
72.89,-0.28188124560706534,-0.9441677107844635,-0.23127463863337713
72.91,-0.2796809583473398,-0.9287656999663845,-0.22565168230296734
72.93,-0.28530391467774957,-0.9194755982030988,-0.21685053326406503
72.95,-0.28970448919720077,-0.9136081655104972,-0.21440576964214772
72.97,-0.2943495400788436,-0.9133636891483055,-0.2109831005714635
72.99,-0.30339516547993767,-0.9150750236836476,-0.20487119151667021
73.01,-0.3046175472908963,-0.9189866454787152,-0.2036488097057116
73.03,-0.305839929101855,-0.9123857836995385,-0.20804938422516273
73.05,-0.29752773278733613,-0.8803593802524218,-0.19998166427283562
73.07,-0.30021697277144516,-0.8862268129450234,-0.18457965345475658
73.099,-0.3141521254163738,-0.881092809338997,-0.19802585337530176
73.11,-0.33126547076979496,-0.8703358494025609,-0.21416129327995598
73.13,-0.33053204168321976,-0.874736423922012,-0.22002872597255752
73.15,-0.3381108089111634,-0.8872047183937903,-0.24276502765638847
73.17,-0.30168383094459555,-0.8823151911499557,-0.2591449439232344
73.19,-0.28799315466185865,-0.884759954771873,-0.24447636219173058
73.21,-0.2884821073862421,-0.9023622528496775,-0.2493658894355652
73.23,-0.31146288543226475,-0.887449194755982,-0.24349845674296366
73.25,-0.3231977508174678,-0.869357943953794,-0.2334749258931027
73.27,-0.31855269993582497,-0.8343978241603764,-0.22247348959447483
73.29,-0.31292974360541514,-0.8013935152644929,-0.20658252605201236
73.31,-0.2911713473703511,-0.8104391406655869,-0.2109831005714635
73.33,-0.3344436634782874,-0.8099501879412034,-0.19778137701311005
73.35,-0.34642300522568226,-0.8136173333740794,-0.1838462243681814
73.37,-0.3549796779023928,-0.8255966751214742,-0.21929529688598234
73.39,-0.37184854689362223,-0.7752345445099776,-0.2787030528985729
73.41,-0.38480579408978394,-0.7263392720716315,-0.36084711059499436
73.43,-0.42661125202456984,-0.7634996791247746,-0.40191913944320506
73.45,-0.3784494086727989,-0.8158176206338049,-0.37771597958622377
73.47,-0.27161323839501267,-0.8180179078935306,-0.28579286740213306
73.49,-0.16844421355010236,-0.7319622284020414,-0.16404363903065122
73.51,-0.14497448277969624,-0.6603306542798643,-0.09583473397915838
73.53,-0.17455612260489564,-0.6676649451456163,-0.05109555969807169
73.55,-0.18653546435229043,-0.6485957888946612,-0.0007334290865751917
73.57,-0.10512483574244415,-0.563518014851939,0.06625309415395898
73.59,0.030070592549582862,-0.47623995354949117,0.14032943189805336
73.61,0.030070592549582862,-0.47623995354949117,0.14032943189805336
73.63,0.16013201723558354,-0.4679277572349723,0.14815267548818872
73.65,0.38822846316046816,-0.4486141246218256,0.09656816306573358
73.67,0.6847782904990374,-0.3180637472114415,0.11612627204107202
73.69,0.8813372857011887,-0.029092687100815938,0.31635241267609937
73.71,0.7226721266387556,0.17944564984873024,0.3014393545824038
73.73,0.25205512941967423,-0.041805457934785926,-0.11808208293860586
73.75,-0.023958683494789596,-0.3955627540262201,-0.7581211991565565
73.77,-0.29532744552761053,-0.26134523118296,-1.0140879503712985
73.79,-0.9131192127861137,0.08018824679888763,-0.832930965987226
73.81,-1.5585368089722824,0.03398221434465055,-1.0243559575833512
73.83,-1.0612718882743024,-0.466460899061822,-0.8405097332151698
73.85,0.040827552486019006,-2.040888671576567,-0.7656999663845002
73.87,0.8419765913883202,-2.5738471411545394,-1.359288573786022
73.89,0.5026434006661981,1.5042630565657182,-1.7934785930385355
73.91,-0.8669131803318767,6.925770864529536,-1.8677994071448216
73.93,-1.3878923081624546,2.7916755798673716,-3.273294013385081
73.95,-1.1519726186474346,2.4452525746416893,-4.321119701738838
73.97,-0.8906273874644746,2.0421110533875257,-3.986187085536167
73.99,-1.4539009259542217,0.8634905112611924,-2.0575130642056045
74.01,-2.6119854536564495,0.2623231366317269,-0.4131650521040247
74.03,-1.723313877089509,0.35938025242184396,0.4412798337560737
74.05,-0.22442930049200868,0.411942670293066,0.2623231366317269
74.07,0.24912141307337346,0.006845338141368456,-0.3532683433670507
74.09,0.16453259175503468,0.41438743391498334,-0.5341808513889313
74.119,-0.5740304984261834,0.752253766463955,-0.3087736454481557
74.14,-1.3235950249060293,-0.11245912660819607,0.10243559575833511
74.16,-1.54264584542982,-0.2119610060202304,0.22198453687009137
74.18,-1.080829997249641,-0.15035296274791432,0.047183937903004
74.2,-0.6752437123735598,-0.0327598325336919,-0.1334840937566849
74.22,-0.7806130244781957,0.06038566146135745,-0.27283562020597135
74.24,-1.0720288482107385,0.009534578125477493,-0.4112092412064908
74.26,-1.3609999083213642,-0.06454175961861687,-0.506310546099074
74.28,-1.5221098310057146,-0.12835009015065857,-0.6483513125324695
74.3,-1.434587293341075,-0.14815267548818872,-0.7906365553280567
74.32,-1.434587293341075,-0.14815267548818872,-0.7906365553280567
74.34,-1.1201906915625095,-0.07163157412217706,-0.7987042752803838
74.36,-0.8199737187910644,0.0799437704366959,-0.7060477340097179
74.38,-0.6258594872108303,0.18751336980105734,-0.6366164471472664
74.4,-0.5388259022705743,0.24985484215994866,-0.6175472908963114
74.42,-0.5586284876081044,0.2750359074656969,-0.5684075420957736
74.44,-0.5417596186168749,0.293127158267885,-0.553494484002078
74.46,-0.5412706658924915,0.2950829691654188,-0.5691409711823487
74.48,-0.6454175961861688,0.26134523118296,-0.6119243345659017
74.5,-0.7578767227943648,0.1972924242887266,-0.6703541851297252
74.52,-0.8087278061302448,0.11857103566298934,-0.7454084283225866
74.54,-0.8104391406655869,0.1031690248449103,-0.7664333954710754
74.56,-0.7962595116584665,0.05182898878464688,-0.8150841915472298
74.58,-0.8219295296885982,0.06576414142957553,-0.9013843474009107
74.6,-0.9123857836995385,-0.02493658894355652,-0.9783944014913057
74.62,-0.8972282492436512,-0.036182501604376124,-0.9143415945970724
74.64,-0.7874583626195643,0.05427375240656419,-0.7925923662255906
74.66,-0.6928460104513645,0.05011765424930477,-0.7070256394584848
74.68,-0.6586193197445221,0.10830302845093664,-0.664242276074932
74.7,-0.6652201815236989,0.13226171194572625,-0.6410170216667176
74.72,-0.667909421507808,0.13886257372490296,-0.6366164471472664
74.74,-0.6713320905784922,0.1615988754087339,-0.638816734406992
74.76,-0.7185160284814962,0.15842068270024143,-0.6576414142957553
74.78,-0.7510313846529963,0.12590532652874126,-0.6972465849708156
74.8,-0.7874583626195643,0.11148122115942914,-0.739540995629985
74.82,-0.8383094459554442,0.09363444671943282,-0.7654554900223085
74.84,-0.8405097332151698,0.08361091586957185,-0.7630107264003911
74.86,-0.8138618097362711,0.08898939583778993,-0.7456529046847783
74.88,-0.7742566390612108,0.09265654127066589,-0.7219386975521804
74.9,-0.7488310973932708,0.11025883934847049,-0.7089814503560187
74.92,-0.7432081410628609,0.11465941386792164,-0.7048253521987593
74.94,-0.7397854719921767,0.11514836659230511,-0.7155823121351954
74.96,-0.7471197628579287,0.12370503926901567,-0.7192494575680713
74.98,-0.7500534792042294,0.11857103566298934,-0.7175381230327292
75.0,-0.7666778718332671,0.11465941386792164,-0.7153378357730037
75.02,-0.7806130244781957,0.10976988662408703,-0.7033584940256089
75.04,-0.7815909299269627,0.10585826482901935,-0.69504629771109
75.06,-0.7923478898633988,0.10708064663997799,-0.6877120068453382
75.08,-0.803104849799835,0.10365797756929376,-0.6847782904990374
75.1,-0.8104391406655869,0.1031690248449103,-0.6850227668612291
75.128,-0.8177734315313387,0.09950187941203435,-0.6850227668612291
75.14,-0.8109280933899703,0.100724261222993,-0.6938239159001314
75.16,-0.7938147480365492,0.10585826482901935,-0.7016471594902668
75.18,-0.7732787336124438,0.10879198117532012,-0.70775906854506
75.2,-0.7581211991565565,0.11465941386792164,-0.7158267884973871
75.22,-0.7527427191883385,0.1127036029703878,-0.7138709775998533
75.24,-0.7493200501176542,0.11441493750572991,-0.7133820248754699
75.26,-0.754943006448064,0.11490389023011337,-0.7153378357730037
75.28,-0.7627662500381994,0.11148122115942914,-0.7175381230327292
75.3,-0.7686336827308009,0.10879198117532012,-0.7199828866546466
75.32,-0.7718118754392934,0.10879198117532012,-0.7197384102924549
75.34,-0.7720563518014851,0.10854750481312837,-0.714115453962045
75.36,-0.7710784463527183,0.10683617027778626,-0.7102038321669774
75.38,-0.7683892063686092,0.10610274119121108,-0.7092259267182104
75.4,-0.7661889191088836,0.10854750481312837,-0.7104483085291691
75.42,-0.7652110136601167,0.11025883934847049,-0.7111817376157442
75.44,-0.7630107264003911,0.11050331571066223,-0.7153378357730037
75.46,-0.7671668245576506,0.10903645753751184,-0.7158267884973871
75.48,-0.770345017266143,0.10879198117532012,-0.7094704030804021
75.5,-0.7764569263209363,0.11025883934847049,-0.7075145921828683
75.52,-0.7825688353757296,0.10708064663997799,-0.7036029703878006
75.54,-0.780368548116004,0.10903645753751184,-0.7055587812853344
75.56,-0.7789016899428536,0.1095254102618953,-0.7072701158206766
75.58,-0.7749900681477859,0.10830302845093664,-0.7092259267182104
75.6,-0.7749900681477859,0.10879198117532012,-0.7070256394584848
75.62,-0.7771903554075115,0.10805855208874492,-0.7026250649390337
75.64,-0.7798795953916206,0.10879198117532012,-0.7009137304036915
75.66,-0.7801240717538123,0.10805855208874492,-0.7011582067658834
75.68,-0.780368548116004,0.10805855208874492,-0.7058032576475262
75.7,-0.7764569263209363,0.11001436298627876,-0.70775906854506
75.72,-0.7764569263209363,0.11001436298627876,-0.70775906854506
75.74,-0.7740121626990191,0.11025883934847049,-0.7089814503560187
75.76,-0.7659444427466919,0.11172569752162087,-0.7104483085291691
75.78,-0.7656999663845002,0.10976988662408703,-0.7109372612535525
75.8,-0.7691226354551844,0.10903645753751184,-0.7104483085291691
75.82,-0.7708339699905266,0.11099226843504569,-0.7106927848913608
75.84,-0.7710784463527183,0.10805855208874492,-0.7148488830486203
75.86,-0.77132292271491,0.10805855208874492,-0.7168046939461541
75.88,-0.7696115881795679,0.11099226843504569,-0.7128930721510863
75.9,-0.7666778718332671,0.11123674479723741,-0.708736973993827
75.92,-0.7691226354551844,0.11050331571066223,-0.7053143049231427
75.94,-0.7740121626990191,0.1095254102618953,-0.7062922103719097
75.96,-0.7757234972343612,0.10756959936436146,-0.708736973993827
75.98,-0.7769458790453198,0.10732512300216973,-0.7075145921828683
76.0,-0.7752345445099776,0.10903645753751184,-0.7072701158206766
76.02,-0.7745011154234025,0.10879198117532012,-0.7062922103719097
76.04,-0.7737676863368272,0.10854750481312837,-0.7033584940256089
76.06,-0.7771903554075115,0.10976988662408703,-0.7031140176634172
76.08,-0.7762124499587446,0.1095254102618953,-0.7072701158206766
76.1,-0.7764569263209363,0.10756959936436146,-0.708736973993827
76.12,-0.7762124499587446,0.10805855208874492,-0.7082480212694435
76.148,-0.7747455917855942,0.10830302845093664,-0.7070256394584848
76.16,-0.772300828163677,0.10854750481312837,-0.7075145921828683
76.18,-0.7708339699905266,0.11099226843504569,-0.7055587812853344
76.2,-0.7701005409039513,0.11148122115942914,-0.7072701158206766
76.22,-0.7691226354551844,0.11025883934847049,-0.7097148794425939
76.24,-0.7708339699905266,0.1095254102618953,-0.7119151667023195
76.26,-0.7740121626990191,0.10708064663997799,-0.7097148794425939
76.28,-0.7747455917855942,0.10756959936436146,-0.705069828560951
76.3,-0.7752345445099776,0.10854750481312837,-0.7038474467499923
76.32,-0.7769458790453198,0.10903645753751184,-0.7065366867341014
76.34,-0.7759679735965529,0.10879198117532012,-0.7111817376157442
76.36,-0.7749900681477859,0.11001436298627876,-0.7109372612535525
76.38,-0.77132292271491,0.10903645753751184,-0.7109372612535525
76.4,-0.7681447300064175,0.11025883934847049,-0.708736973993827
76.42,-0.7698560645417596,0.11099226843504569,-0.7065366867341014
76.44,-0.7730342572502521,0.11001436298627876,-0.7058032576475262
76.46,-0.7801240717538123,0.10854750481312837,-0.7055587812853344
76.48,-0.781346453564771,0.1063472175534028,-0.705069828560951
76.5,-0.7781682608562784,0.10732512300216973,-0.7070256394584848
76.52,-0.7740121626990191,0.10903645753751184,-0.7084924976316352
76.54,-0.7725453045258687,0.10976988662408703,-0.7075145921828683
76.56,-0.7701005409039513,0.11221465024600434,-0.7072701158206766
76.58,-0.7688781590929927,0.11025883934847049,-0.7099593558047856
76.6,-0.7732787336124438,0.10683617027778626,-0.7136265012376616
76.62,-0.7752345445099776,0.10805855208874492,-0.7072701158206766
76.64,-0.7759679735965529,0.11001436298627876,-0.7011582067658834
76.66,-0.7762124499587446,0.11050331571066223,-0.7028695413012255
76.68,-0.7747455917855942,0.11074779207285396,-0.7072701158206766
76.7,-0.7737676863368272,0.10976988662408703,-0.7104483085291691
76.72,-0.7747455917855942,0.10854750481312837,-0.7104483085291691
76.74,-0.7730342572502521,0.10854750481312837,-0.7106927848913608
76.76,-0.7727897808880604,0.10805855208874492,-0.7072701158206766
76.78,-0.7720563518014851,0.10708064663997799,-0.7072701158206766
76.8,-0.7742566390612108,0.10903645753751184,-0.7075145921828683
76.82,-0.7749900681477859,0.11123674479723741,-0.7065366867341014
76.84,-0.7752345445099776,0.11074779207285396,-0.7067811630962931
76.86,-0.7752345445099776,0.10830302845093664,-0.7104483085291691
76.88,-0.7740121626990191,0.10585826482901935,-0.7111817376157442
76.9,-0.7735232099746355,0.10683617027778626,-0.7060477340097179
76.92,-0.7745011154234025,0.10903645753751184,-0.7033584940256089
76.94,-0.7747455917855942,0.11123674479723741,-0.7045808758365676
76.96,-0.7720563518014851,0.10976988662408703,-0.7075145921828683
76.98,-0.7742566390612108,0.10756959936436146,-0.7102038321669774
77.0,-0.777679308131895,0.10585826482901935,-0.7104483085291691
77.02,-0.7774348317697033,0.10610274119121108,-0.7080035449072518
77.04,-0.7774348317697033,0.10756959936436146,-0.7018916358524585
77.06,-0.7781682608562784,0.10781407572655319,-0.7023805885768419
77.08,-0.7806130244781957,0.10708064663997799,-0.7060477340097179
77.1,-0.7806130244781957,0.10561378846682762,-0.7070256394584848
77.12,-0.7806130244781957,0.10561378846682762,-0.7070256394584848
77.14,-0.7764569263209363,0.10365797756929376,-0.7070256394584848
77.168,-0.7666778718332671,0.10708064663997799,-0.7038474467499923
77.18,-0.7627662500381994,0.11343703205696298,-0.6955352504354735
77.2,-0.7652110136601167,0.11905998838737279,-0.6911346759160224
77.22,-0.7735232099746355,0.11905998838737279,-0.7026250649390337
77.24,-0.7769458790453198,0.11245912660819607,-0.7187605048436879
77.26,-0.7671668245576506,0.11148122115942914,-0.7302508938666993
77.28,-0.7502979555664212,0.11245912660819607,-0.7326956574886165
77.3,-0.7392965192677933,0.11637074840326375,-0.7285395593313572
77.32,-0.7329401338508083,0.11441493750572991,-0.7256058429850564
77.34,-0.7434526174250528,0.10756959936436146,-0.724138984811906
77.36,-0.7595880573297069,0.09779054487669223,-0.729517464780124
77.38,-0.7696115881795679,0.09559025761696666,-0.7312287993154661
77.4,-0.7786572135806619,0.09363444671943282,-0.724138984811906
77.42,-0.7872138862573724,0.09412339944381627,-0.7185160284814962
77.44,-0.7852580753598386,0.09705711579011704,-0.7070256394584848
77.46,-0.7793906426672371,0.10488035938025242,-0.6940683922623231
77.48,-0.7725453045258687,0.10830302845093664,-0.698713443143966
77.5,-0.7754790208721694,0.10805855208874492,-0.7048253521987593
77.52,-0.7735232099746355,0.10805855208874492,-0.717782599394921
77.54,-0.7664333954710754,0.10659169391559453,-0.730495370228891
77.56,-0.7593435809675152,0.10219111939614338,-0.7378296610946429
77.58,-0.7485866210310791,0.10512483574244415,-0.7339180392995752
77.6,-0.7390520429056016,0.11197017388381261,-0.7273171775203985
77.62,-0.7383186138190263,0.11465941386792164,-0.724138984811906
77.64,-0.7424747119762858,0.11368150841915473,-0.7300064175045076
77.66,-0.7502979555664212,0.11294807933257953,-0.7329401338508083
77.68,-0.7537206246371054,0.1127036029703878,-0.735873850197109
77.7,-0.7568988173455978,0.10903645753751184,-0.733184610213
77.72,-0.7542095773614889,0.11148122115942914,-0.7243834611740977
77.74,-0.7554319591724475,0.11001436298627876,-0.7207163157412217
77.76,-0.7532316719127219,0.11001436298627876,-0.7202273630168383
77.78,-0.7534761482749136,0.10830302845093664,-0.7243834611740977
77.8,-0.7554319591724475,0.11025883934847049,-0.7256058429850564
77.82,-0.7576322464321731,0.11001436298627876,-0.7258503193472481
77.84,-0.7573877700699814,0.10585826482901935,-0.7265837484338233
77.86,-0.7610549155028573,0.10170216667175992,-0.7290285120557406
77.88,-0.7647220609357332,0.10390245393148549,-0.7219386975521804
77.9,-0.7656999663845002,0.10292454848271858,-0.7187605048436879
77.92,-0.7620328209516243,0.10903645753751184,-0.7136265012376616
77.94,-0.7588546282431318,0.11221465024600434,-0.714115453962045
77.96,-0.7573877700699814,0.10903645753751184,-0.7282950829691655
77.98,-0.7561653882590227,0.11074779207285396,-0.7319622284020414
78.0,-0.7551874828102557,0.11001436298627876,-0.7319622284020414
78.02,-0.7524982428261467,0.10854750481312837,-0.7275616538825902
78.04,-0.7502979555664212,0.11123674479723741,-0.7219386975521804
78.06,-0.7524982428261467,0.10976988662408703,-0.7224276502765639
78.08,-0.7566543409834061,0.10756959936436146,-0.7265837484338233
78.1,-0.762277297313816,0.10805855208874492,-0.7280506066069736
78.12,-0.7605659627784739,0.10830302845093664,-0.7258503193472481
78.14,-0.7556764355346393,0.10830302845093664,-0.7265837484338233
78.16,-0.7520092901017633,0.10756959936436146,-0.7246279375362894
78.188,-0.7524982428261467,0.10854750481312837,-0.7219386975521804
78.2,-0.7544540537236806,0.10830302845093664,-0.7238945084497143
78.22,-0.7588546282431318,0.10512483574244415,-0.7278061302447819
78.24,-0.7581211991565565,0.10365797756929376,-0.7339180392995752
78.26,-0.7586101518809399,0.10390245393148549,-0.7258503193472481
78.28,-0.7581211991565565,0.1095254102618953,-0.7165602175839624
78.3,-0.7605659627784739,0.11001436298627876,-0.7155823121351954
78.32,-0.7608104391406656,0.10805855208874492,-0.7234055557253308
78.34,-0.7598325336918986,0.10585826482901935,-0.7280506066069736
78.36,-0.7571432937077897,0.10512483574244415,-0.7297619411423157
78.38,-0.7573877700699814,0.10683617027778626,-0.7238945084497143
78.4,-0.755920911896831,0.10805855208874492,-0.7212052684656052
78.42,-0.7571432937077897,0.10683617027778626,-0.721449744827797
78.44,-0.7568988173455978,0.10561378846682762,-0.7226721266387556
78.46,-0.7566543409834061,0.10708064663997799,-0.7253613666228647
78.48,-0.7588546282431318,0.10854750481312837,-0.7231610793631391
78.5,-0.7600770100540903,0.10610274119121108,-0.7219386975521804
78.52,-0.7600770100540903,0.10610274119121108,-0.7219386975521804
78.54,-0.7590991046053235,0.10585826482901935,-0.7265837484338233
78.56,-0.761299391865049,0.10463588301806069,-0.726828224796015
78.58,-0.7544540537236806,0.10561378846682762,-0.7278061302447819
78.6,-0.7534761482749136,0.10708064663997799,-0.7265837484338233
78.62,-0.754943006448064,0.1095254102618953,-0.7202273630168383
78.64,-0.7581211991565565,0.10708064663997799,-0.7248724138984812
78.66,-0.7605659627784739,0.10243559575833511,-0.7297619411423157
78.68,-0.7615438682272407,0.10243559575833511,-0.7275616538825902
78.7,-0.7605659627784739,0.10341350120710203,-0.7224276502765639
78.72,-0.7583656755187482,0.10610274119121108,-0.7168046939461541
78.74,-0.7595880573297069,0.10805855208874492,-0.7172936466705375
78.76,-0.7625217736760077,0.10561378846682762,-0.7246279375362894
78.78,-0.7627662500381994,0.1063472175534028,-0.7297619411423157
78.8,-0.7586101518809399,0.10683617027778626,-0.7265837484338233
78.82,-0.7576322464321731,0.1063472175534028,-0.7224276502765639
78.84,-0.7546985300858723,0.10683617027778626,-0.7192494575680713
78.86,-0.7573877700699814,0.1063472175534028,-0.7226721266387556
78.88,-0.7632552027625829,0.10536931210463588,-0.7236500320875225
78.9,-0.7659444427466919,0.10561378846682762,-0.7202273630168383
78.92,-0.7644775845735415,0.10610274119121108,-0.7229166030009473
78.94,-0.7586101518809399,0.10683617027778626,-0.7292729884179323
78.96,-0.7551874828102557,0.1063472175534028,-0.726828224796015
78.98,-0.7551874828102557,0.10561378846682762,-0.7243834611740977
79.0,-0.7564098646212144,0.10830302845093664,-0.7190049812058796
79.02,-0.7588546282431318,0.11025883934847049,-0.715093359410812
79.04,-0.7586101518809399,0.10879198117532012,-0.724138984811906
79.06,-0.7605659627784739,0.10536931210463588,-0.7280506066069736
79.08,-0.7608104391406656,0.10879198117532012,-0.7229166030009473
79.1,-0.7573877700699814,0.10879198117532012,-0.717782599394921
79.12,-0.7554319591724475,0.10903645753751184,-0.7165602175839624
79.14,-0.7544540537236806,0.10805855208874492,-0.7187605048436879
79.16,-0.761299391865049,0.10610274119121108,-0.7207163157412217
79.18,-0.7620328209516243,0.10243559575833511,-0.726828224796015
79.208,-0.7634996791247746,0.10341350120710203,-0.7243834611740977
79.22,-0.7598325336918986,0.10879198117532012,-0.7229166030009473
79.24,-0.7600770100540903,0.10756959936436146,-0.7273171775203985
79.26,-0.7610549155028573,0.10585826482901935,-0.7329401338508083
79.28,-0.7571432937077897,0.10561378846682762,-0.7287840356935489
79.3,-0.755920911896831,0.10536931210463588,-0.724138984811906
79.32,-0.7581211991565565,0.10341350120710203,-0.7221831739143721
79.34,-0.7625217736760077,0.10170216667175992,-0.7175381230327292
79.36,-0.7659444427466919,0.10023530849860954,-0.7160712648595788
79.38,-0.7679002536442258,0.10512483574244415,-0.7160712648595788
79.4,-0.764966537297925,0.10854750481312837,-0.7229166030009473
79.42,-0.7588546282431318,0.11074779207285396,-0.7312287993154661
79.44,-0.7537206246371054,0.11148122115942914,-0.7344069920239586
79.46,-0.7480976683066956,0.10928093389970357,-0.7312287993154661
79.48,-0.7480976683066956,0.10708064663997799,-0.7256058429850564
79.5,-0.7554319591724475,0.10488035938025242,-0.72047183937903
79.52,-0.7617883445894325,0.10488035938025242,-0.7212052684656052
79.54,-0.7634996791247746,0.10390245393148549,-0.7207163157412217
79.56,-0.7656999663845002,0.10659169391559453,-0.7207163157412217
79.58,-0.767655777282034,0.10903645753751184,-0.7185160284814962
79.6,-0.7654554900223085,0.10512483574244415,-0.7202273630168383
79.62,-0.7573877700699814,0.1031690248449103,-0.7246279375362894
79.64,-0.7524982428261467,0.10781407572655319,-0.7226721266387556
79.66,-0.7500534792042294,0.10928093389970357,-0.7221831739143721
79.68,-0.7590991046053235,0.10805855208874492,-0.7287840356935489
79.7,-0.7669223481954588,0.10414693029367723,-0.7282950829691655
79.72,-0.7696115881795679,0.10268007212052685,-0.7260947957094398
79.74,-0.7600770100540903,0.10512483574244415,-0.72047183937903
79.76,-0.7510313846529963,0.11099226843504569,-0.7197384102924549
79.78,-0.7471197628579287,0.1127036029703878,-0.7226721266387556
79.8,-0.7556764355346393,0.11074779207285396,-0.7236500320875225
79.82,-0.7634996791247746,0.10463588301806069,-0.724138984811906
79.84,-0.7666778718332671,0.1031690248449103,-0.7207163157412217
79.86,-0.7605659627784739,0.10585826482901935,-0.7202273630168383
79.88,-0.7586101518809399,0.10683617027778626,-0.7187605048436879
79.9,-0.7583656755187482,0.10756959936436146,-0.7238945084497143
79.92,-0.7583656755187482,0.10756959936436146,-0.7238945084497143
79.94,-0.7590991046053235,0.10463588301806069,-0.7317177520398497
79.96,-0.7561653882590227,0.10561378846682762,-0.7273171775203985
79.98,-0.7532316719127219,0.10659169391559453,-0.7234055557253308
80.0,-0.7517648137395715,0.10659169391559453,-0.7229166030009473
80.02,-0.7556764355346393,0.10854750481312837,-0.7219386975521804
80.04,-0.7610549155028573,0.10708064663997799,-0.7253613666228647
80.06,-0.7647220609357332,0.10439140665586896,-0.7234055557253308
80.08,-0.762277297313816,0.10488035938025242,-0.7226721266387556
80.1,-0.7608104391406656,0.10292454848271858,-0.7224276502765639
80.12,-0.7568988173455978,0.10659169391559453,-0.7221831739143721
80.14,-0.7527427191883385,0.1095254102618953,-0.7229166030009473
80.16,-0.7527427191883385,0.10903645753751184,-0.7270727011582068
80.18,-0.7551874828102557,0.10830302845093664,-0.7290285120557406
80.2,-0.7566543409834061,0.10708064663997799,-0.7231610793631391
80.229,-0.7595880573297069,0.10659169391559453,-0.7209607921034135
80.24,-0.7647220609357332,0.10414693029367723,-0.7165602175839624
80.26,-0.7644775845735415,0.10365797756929376,-0.7216942211899887
80.28,-0.7659444427466919,0.10488035938025242,-0.7236500320875225
80.3,-0.760321486416282,0.10585826482901935,-0.7300064175045076
80.32,-0.7551874828102557,0.1063472175534028,-0.7307398465910827
80.34,-0.7490755737554625,0.10879198117532012,-0.7253613666228647
80.36,-0.7493200501176542,0.11099226843504569,-0.724138984811906
80.38,-0.7630107264003911,0.10194664303395165,-0.7280506066069736
80.4,-0.7625217736760077,0.10121321394737647,-0.7417412828897106
80.42,-0.7683892063686092,0.12297161018244049,-0.7566543409834061
80.44,-0.8111725697521621,0.1334840937566849,-0.7784127372184702
80.46,-0.8859823365828317,0.14424105369312104,-0.8026158970754514
80.48,-1.0045533722458209,0.15768725361366623,-0.8678910857806436
80.5,-1.086941906304434,0.19313632613146717,-0.8884271002047489
80.52,-1.1585734804266112,0.27943648198514803,-0.83488677688476
80.54,-1.3165052104024693,0.3821165541056749,-0.7693671118173762
80.56,-1.386425449989304,0.2589004675610427,-0.8065275188705192
80.58,-1.1382819423646975,0.10928093389970357,-0.8730250893866699
80.6,-0.823885340586132,0.14497448277969624,-0.9077407328178957
80.62,-0.7273171775203985,0.22296244231885828,-0.95639152889405
80.64,-0.7720563518014851,0.2031598569813281,-0.9405005653515875
80.66,-0.8273080096568163,0.1525532500076399,-0.8422210677505119
80.68,-0.8231519114995569,0.15622039544051583,-0.7801240717538123
80.7,-0.8138618097362711,0.23763102405036213,-0.817528955169147
80.72,-0.8637349876233842,0.3236867035418513,-0.8463771659077712
80.74,-0.8942945328973505,0.3522904379182838,-0.8475995477187299
80.76,-0.803104849799835,0.35742444152431013,-0.7916144607768236
80.78,-0.6500626470678116,0.3757601686886899,-0.7006692540414998
80.8,-0.5288023714207133,0.3923845613177276,-0.6339272071631574
80.82,-0.4860190080371604,0.3635363505791034,-0.6278152981083641
80.84,-0.39776304128594564,0.35522415426458454,-0.6564190324847966
80.86,-0.2645234238914525,0.39874094673471255,-0.6955352504354735
80.88,-0.2933716346300767,0.3395776670843138,-0.6752437123735598
80.9,-0.49726492069798,0.1454634355040797,-0.6133911927390521
80.92,-0.5764752620481007,-0.017602298077804602,-0.5662072548360481
80.94,-0.48724138984811904,-0.0919231121840907,-0.5906548910552211
80.96,-0.3461785288634905,-0.09876845032545915,-0.6813556214283532
80.98,-0.18629098799009872,-0.048406319713962656,-0.7461418574091617
81.0,-0.053295846957797266,-0.013201723558353452,-0.7896586498792898
81.02,0.04645050881642881,0.001711334535342114,-0.787702838981756
81.04,0.12908351923723374,0.029092687100815938,-0.7747455917855942
81.06,0.19386975521804234,0.05647403966628976,-0.7825688353757296
81.08,0.2412981694832381,0.047183937903004,-0.8070164715949026
81.1,0.24276502765638847,0.02518106530574825,-0.8913608165510497
81.12,0.10365797756929376,-0.03471564343122574,-0.9747272560584298
81.14,0.01686886899122941,-0.07945481771231244,-0.9937964123093849
81.16,-0.03569354887999267,-0.11637074840326375,-0.9950187941203434
81.18,-0.09607921034135011,-0.24203159856981327,-1.003575466797054
81.2,-0.10341350120710203,-0.44176878648045714,-1.0033309904348624
81.22,0.3962961831127953,-0.3894508449714268,-1.2707881306726156
81.249,0.8463771659077712,-0.11343703205696298,-1.3812914463832777
81.26,0.4229441065916939,-0.2190508205237906,-1.199645509274822
81.28,-0.06576414142957553,-0.28383705650459923,-1.22335971640742
81.3,-0.06723099960272591,-0.12346056290682395,-1.0475812119915655
81.32,-0.06723099960272591,-0.12346056290682395,-1.0475812119915655
81.34,0.07823243590135379,0.11979341747394799,-0.9505240962014485
81.36,0.036182501604376124,0.23763102405036213,-0.9013843474009107
81.38,-0.045717079729853616,0.2887265837484338,-0.8500443113406473
81.4,-0.1982703297374935,0.22760749320050117,-0.8488219295296886
81.42,-0.16331020994407602,0.20682700241420407,-0.8109280933899703
81.44,-0.06258594872108303,0.21049414784708004,-0.7278061302447819
81.46,-0.10488035938025242,0.18409070073037312,-0.683311432325887
81.48,-0.21122757693365524,0.1303059010481924,-0.726828224796015
81.5,-0.21049414784708004,0.1254163738043578,-0.8026158970754514
81.52,-0.23616416587721173,0.14497448277969624,-0.8255966751214742
81.54,-0.28457048559117437,0.1743116462427039,-0.7564098646212144
81.56,-0.41756562662347585,0.10268007212052685,-0.6767105705467102
81.58,-0.6082571891330257,-0.033248785258075356,-0.6852672432234208
81.6,-0.6625309415395899,-0.13861809736271125,-0.8060385661461358
81.62,-0.6495736943434282,-0.22345139504324174,-0.9588362925159674
81.64,-0.6314824435412401,-0.2901934419215842,-1.0568713137548513
81.66,-0.638816734406992,-0.35669101243773493,-1.0541820737707424
81.68,-0.6075237600464505,-0.3892063686092351,-1.0131100449225314
81.7,-0.49139748800537847,-0.3823610304678666,-0.9952632704825352
81.72,-0.3806496959325245,-0.36915930690951315,-1.0720288482107385
81.74,-0.3351770925648626,-0.34813433976102437,-1.1001436298627876
81.76,-0.3596247287840357,-0.3943403722152614,-1.0492925465269076
81.78,-0.37062616508266355,-0.49726492069798,-0.9348776090211778
81.8,-0.38871741588485165,-0.6121688109280934,-0.8830486202365309
81.82,-0.2884821073862421,-0.6280597744705558,-0.7899031262414815
81.84,-0.14228524279558719,-0.6038566146135745,-0.6872230541209546
81.86,-0.1383736210005195,-0.6136356691012438,-0.6608196070042478
81.88,-0.19435870794242582,-0.6556856033982215,-0.6727989487516426
81.9,-0.29386058735446013,-0.772300828163677,-0.7155823121351954
81.92,-0.24985484215994866,-0.7292729884179323,-0.7234055557253308
81.94,-0.18457965345475658,-0.6283042508327475,-0.6549521743116462
81.96,-0.14130733734682027,-0.6001894691806986,-0.5957888946612474
81.98,-0.11930446474956452,-0.6290376799193228,-0.5847874583626196
82.0,-0.1735782171561287,-0.7192494575680713,-0.6221923417779543
82.02,-0.22662958775173425,-0.8150841915472298,-0.7187605048436879
82.04,-0.2036488097057116,-0.8654463221587263,-0.7947926534853161
82.06,-0.24472083855392232,-0.9030956819362528,-0.6664425633346576
82.08,-0.38333893591663354,-0.979127830577881,-0.48895272438346116
82.1,-0.43932402285853983,-1.135103749656205,-0.5693854475445406
82.12,-0.3596247287840357,-1.1798429239372918,-0.5586284876081044
82.14,-0.2461876967270727,-1.16688567674113,-0.3224643217308926
82.16,-0.13617333374079393,-1.2497631635241266,-0.17455612260489564
82.18,-0.031292974360541514,-1.3534211410934205,-0.3645142560278703
82.2,-0.4339455428903218,-1.22335971640742,-0.793081318949974
82.22,-0.7505424319286129,-0.9705711579011704,-0.9886624087033584
82.24,-0.43443449561470526,-0.8111725697521621,-0.5735415457017999
82.269,0.10585826482901935,-0.5016654952174312,-0.09607921034135011
82.28,0.002444763621917306,-0.5202456987440027,-0.34031109617088895
82.3,-0.6718210433028756,-0.8546893622222901,-0.8370870641444855
82.32,-1.0050423249702045,-1.0468477829049903,-0.890138434740091
82.34,-0.7869694098951807,-0.901139871038719,-0.5586284876081044
82.36,0.014424105369312105,-0.5720746875286495,-0.0951013048925832
82.38,-0.0002444763621917306,-0.4808850044311341,-0.18995813342297466
82.4,-0.33933319072212204,-0.6635088469883568,-0.3806496959325245
82.42,-0.2686795220487119,-1.0228890994102007,-0.38505027045197565
82.44,-0.28530391467774957,-1.3213947376463038,-0.32344222717965954
82.46,-0.5615622039544051,-1.1788650184885248,-0.3532683433670507
82.48,-0.46254927726675427,-0.9495461907526815,-0.39531827766402833
82.5,-0.19313632613146717,-0.8390428750420194,-0.33126547076979496
82.52,-0.17211135898297833,-0.7312287993154661,-0.2390978822235125
82.54,-0.3117073617944565,-0.6994468722305413,-0.21953977324817406
82.56,-0.5156006478623598,-0.7823243590135378,-0.24252055129419675
82.58,-0.424655441127036,-0.7610549155028573,-0.27454695474131346
82.6,-0.512666931516059,-0.8942945328973505,-0.3099960272591144
82.62,-0.3662255905632124,-1.0664058918803287,-0.23029673318461022
82.64,-0.05378479968218073,-0.7610549155028573,-0.18629098799009872
82.66,-0.3158634599517159,-0.5679185893713902,-0.28603734376432477
82.68,-0.48870824802126944,-0.5982336582831648,-0.08556672676710571
82.7,-0.7705894936283348,-0.8979616783302264,0.11294807933257953
82.72,-0.6713320905784922,-1.3680897228249242,-0.03373773798245882
82.74,-0.6713320905784922,-1.3680897228249242,-0.03373773798245882
82.76,-0.1919139443205085,-1.2998808177734316,-0.26427894752926073
82.78,-0.35717996516211836,-0.8427100204748953,-0.14888610457476392
82.8,-0.7102038321669774,-0.7923478898633988,0.0007334290865751917
82.82,-0.5693854475445406,-1.0094428994896556,-0.012223818109586528
82.84,-0.37429331051553955,-1.0033309904348624,-0.03667145432875959
82.86,-0.528068942334138,-0.7092259267182104,0.02884821073862421
82.88,-0.6938239159001314,-0.6581303670201387,0.02933716346300767
82.9,-0.6251260581242551,-0.9268098890688506,-0.18335727164379795
82.92,-0.6190141490694618,-1.027289673929652,-0.2261406350273508
82.94,-0.6505515997921951,-1.0747180881948477,-0.06894233413806802
82.96,-0.666931516059041,-0.9979525104666442,0.0075787672279436485
82.98,-0.6635088469883568,-0.823885340586132,0.01589096354246249
83.0,-0.7190049812058796,-0.828530391467775,0.0975460685145005
83.02,-0.7199828866546466,-0.9801057360266479,0.06894233413806802
83.04,-0.6253705344864469,-0.9918406014118509,-0.1317727592213428
83.06,-0.575252880237142,-0.8431989731992787,-0.1904470861473581
83.08,-0.6378388289582251,-0.8126394279253124,-0.1461968645906549
83.1,-0.6591082724689057,-0.7749900681477859,-0.005867432692601534
83.12,-0.6434617852886348,-0.8661797512453014,0.047183937903004
83.14,-0.6598417015554808,-0.9072517800935122,0.07138709775998534
83.16,-0.7089814503560187,-0.9118968309751551,0.026892399841090365
83.18,-0.6586193197445221,-1.0096873758518472,-0.043516792470128046
83.2,-0.6701097087675335,-0.9898847905143171,-0.032270879809308435
83.22,-0.8691134675916022,-0.9669040124682945,0.002933716346300767
83.24,-0.9466124744063809,-1.3940042172172478,-0.08287748678299667
83.26,-0.015157534455887297,-0.7216942211899887,-0.6001894691806986
83.289,-1.1490389023011338,-1.8680438835070134,-0.21685053326406503
83.3,-0.5820982183785105,-1.137059560553739,-0.16331020994407602
83.32,-0.8742474711976286,-1.1710417748983895,-0.40338599761635546
83.34,-1.1123674479723742,-1.2654096507043975,-0.4806405280689423
83.36,-1.0265562448430767,-1.0759404700058064,-0.45912660819607004
83.38,-0.36011368150841916,-0.9991748922776029,-0.23787550041255387
83.4,-0.07872138862573724,-1.014576903095682,0.09950187941203435
83.42,0.5143782660514011,-0.925587507257892,-0.023714207132597868
83.44,0.6764660941845185,-0.764966537297925,0.14839715185038047
83.46,0.025670018030131712,-1.1338813678452464,0.014668581731503835
83.48,-0.26843504568652016,-1.3089264431745256,-0.15768725361366623
83.5,-0.28334810378021574,-1.2126027564709836,-0.039849647037252085
83.52,-0.46108241909360387,-1.106255538917581,-0.0044005745194511505
83.54,-0.7637441554869664,-1.0649390337071785,-0.10805855208874492
83.56,-0.8920942456376248,-1.1155456406808666,-0.31366317269199034
83.58,-0.9170308345811814,-1.1563731931668857,-0.4058307612382728
83.6,-1.064450080982795,-1.0945206735323778,-0.409253430308957
83.62,-1.2336277236194726,-1.0920759099104604,-0.41658772117470894
83.64,-1.2773889924517923,-1.1155456406808666,-0.3075512636371971
83.66,-1.1715307276227729,-1.0598050301011521,-0.12199370473367356
83.68,-1.1091892552638816,-0.9510130489258319,-0.030559545273966322
83.7,-1.0668948446047122,-0.7647220609357332,0.009534578125477493
83.72,-0.9285212236041928,-0.6036121382513828,0.07236500320875225
83.74,-0.7901476026036732,-0.48748586621031076,0.07285395593313572
83.76,-0.7913699844146319,-0.4390795464963481,-0.009045625401094031
83.78,-0.8053051370595605,-0.4275891574733368,-0.10439140665586896
83.8,-0.9439232344222718,-0.3997188521834795,-0.15964306451120008
83.82,-1.016288237631024,-0.35791339424869356,-0.13715123918956085
83.84,-1.047336735629374,-0.3197750817467836,-0.030559545273966322
83.86,-1.1123674479723742,-0.28725972557528345,0.04253888702136112
83.88,-1.03266815389787,-0.2405647403966629,0.07383186138190263
83.9,-0.9033401582984445,-0.2791920056229563,0.08752253766463955
83.92,-0.850288787702839,-0.3522904379182838,-0.05867432692601534
83.94,-0.7124041194267029,-0.3327323289429453,-0.03960517067506036
83.96,-0.6344161598875409,-0.28334810378021574,0.1968034715643431
83.98,-0.5696299239067323,-0.2799254347095315,0.11514836659230511
84.0,-0.4679277572349723,-0.3065733581884301,-0.1630657335818843
84.02,-0.31610793631390766,-0.41560981572594197,-0.1958255661155762
84.04,-0.32882070714787764,-0.6305045380924732,-0.053540323319988994
84.06,-0.6356385416984995,-1.2746997524676833,-0.21293891146899735
84.08,-0.6165693854475446,-1.514531063777771,-0.1215047520092901
84.1,-0.5033768297527733,-1.2326498181707055,0.4173211502612841
84.12,-0.2787030528985729,-0.9294991290529597,0.7488310973932708
84.14,-0.2787030528985729,-0.9294991290529597,0.7488310973932708
84.16,-0.21367234055557252,-0.8620236530880421,0.6175472908963114
84.18,-0.2887265837484338,-0.9331662744858357,0.42661125202456984
84.2,-0.3789383613971824,-0.9705711579011704,0.5045992115637319
84.22,-0.38896189224704336,-0.8590899367417413,0.5742749747883752
84.24,-0.3388442379977386,-0.8028603734376433,0.503621306114965
84.26,-0.33371023439171227,-0.817528955169147,0.44616936099990834
84.28,-0.3327323289429453,-0.828530391467775,0.45619289184976924
84.309,-0.305839929101855,-0.8282859151055832,0.4803960517067506
84.32,-0.3341991871160957,-0.8353757296091434,0.4444580264645662
84.34,-0.4109647648442991,-0.850288787702839,0.3816276013812914
84.36,-0.3762491214130734,-0.8436879259236623,0.42563334657580293
84.38,-0.2901934419215842,-0.8207071478776395,0.5006875897686642
84.4,-0.267701616599945,-0.7972374171072334,0.46474956452647986
84.42,-0.31708584176267457,-0.7781682608562784,0.4102313357577239
84.44,-0.3779604559484155,-0.7781682608562784,0.44812517189744216
84.46,-0.47183937903004003,-0.8045717079729854,0.48821929529688596
84.48,-0.5112000733429086,-0.8202181951532561,0.523668367814687
84.5,-0.3454450997769153,-0.833908871435993,0.5283134186963298
84.52,-0.2784585765363811,-0.8463771659077712,0.5185343642086606
84.54,-0.3073067872750053,-0.8916052929132414,0.5080218806344161
84.56,-0.2877486782996669,-0.8923387219998167,0.48870824802126944
84.58,-0.2909268710081594,-0.8737585184732451,0.4997096843198973
84.6,-0.38578369953855085,-0.850288787702839,0.46034899000702867
84.62,-0.4278336338355285,-0.8077499006814779,0.47379518992757386
84.64,-0.46157137181798735,-0.7647220609357332,0.5464046694985178
84.66,-0.503621306114965,-0.842954496837087,0.5104666442563335
84.68,-0.4075420957736149,-0.9045625401094032,0.4371237355988143
84.7,-0.33150994713198667,-0.8793814748036549,0.4251443938514195
84.72,-0.37307092870458086,-0.8808483329768053,0.3642697796656786
84.74,-0.45790422638511136,-0.8705803257647526,0.22907435137365156
84.76,-0.494575680713871,-0.8715582312135195,0.15622039544051583
84.78,-0.5004431134064725,-1.0463588301806068,0.13299514103230142
84.8,-0.36255844513033647,-1.034379488433212,0.28016991107172323
84.82,-0.34813433976102437,-0.901139871038719,0.3513125324695168
84.84,-0.5075329279100327,-0.9446566635088469,0.21513919872872292
84.86,-0.5515386731045442,-0.9272988417932341,0.09314549399504936
84.88,-0.47770681172264157,-0.8368425877822938,0.10439140665586896
84.9,-0.4173211502612841,-0.8126394279253124,0.1383736210005195
84.92,-0.40240809216758855,-0.8216850533264065,0.12248265745805702
84.94,-0.4080310484979983,-0.8466216422699631,0.006356385416984995
84.96,-0.37111511780704703,-0.9030956819362528,-0.03349326162026709
84.98,-0.35449072517800934,-0.9417229471625462,0.0044005745194511505
85.0,-0.3038841182043211,-0.9524799070989823,0.05965223237478226
85.02,-0.25132170033309903,-0.9739938269718547,0.09021177764874859
85.04,-0.28090334015829843,-0.9720380160743208,0.12370503926901567
85.06,-0.33297680530513707,-0.9578583870672004,0.07847691226354551
85.08,-0.374782263239923,-0.9889068850655502,0.0046450508816428815
85.1,-0.4124316230174495,-0.9698377288145952,0.003422669070684228
85.12,-0.43932402285853983,-0.9334107508480274,0.059896708736973996
85.14,-0.4412798337560737,-0.9395226599028206,0.0799437704366959
85.16,-0.3845613177275922,-0.9776609724047306,0.0295816398251994
85.18,-0.31244079088103166,-1.0233780521345843,0.005867432692601534
85.2,-0.29630535097637745,-1.0485591174403324,0.027136876203282093
85.22,-0.28383705650459923,-1.0568713137548513,0.05696299239067323
85.24,-0.27039085658405404,-1.0796076154386822,0.04425022155670324
85.26,-0.2623231366317269,-1.0864529535800507,0.0004889527243834612
85.28,-0.2933716346300767,-1.088897717201968,-0.02493658894355652
85.3,-0.33224337621856187,-1.0803410445252575,-0.027136876203282093
85.329,-0.33053204168321976,-1.0676282736912874,-0.04204993429697766
85.34,-0.28334810378021574,-1.057115790117043,-0.01686886899122941
85.36,-0.27112428567062924,-1.049781499251291,0.00855667267671057
85.38,-0.2750359074656969,-1.051737310148825,-0.022491825321639215
85.4,-0.2611007548207683,-1.0810744736118327,-0.09094520673532377
85.42,-0.2263851113895425,-1.0893866699263515,-0.14399657733092933
85.44,-0.1806680316596889,-1.0554044555817008,-0.1870244170766739
85.46,-0.12810561378846683,-1.0341350120710204,-0.18824679888763254
85.48,-0.12981694832380894,-1.0028420377104788,-0.19778137701311005
85.5,-0.18580203526571523,-0.9923295541362345,-0.23029673318461022
85.52,-0.2862818201265165,-1.0077315649543135,-0.27136876203282095
85.54,-0.2862818201265165,-1.0077315649543135,-0.27136876203282095
85.56,-0.336643950738013,-0.9964856522934938,-0.30266173639336247
85.58,-0.3469119579500657,-0.9771720196803472,-0.31317421996760686
85.6,-0.3522904379182838,-0.9551691470830914,-0.3205085108333588
85.62,-0.44519145555114137,-0.9400116126272041,-0.22076215505913271
85.64,-0.5647403966628977,-0.8840265256852978,-0.0686978577758763
85.66,-0.402897044891972,-0.843932402285854,-0.052562417871222074
85.68,-0.24887693671118175,-0.8141062860984628,-0.08556672676710571
85.7,-0.23029673318461022,-0.8326864896250343,-0.07969929407450417
85.72,-0.21318338783118906,-0.8383094459554442,-0.09583473397915838
85.74,-0.16966659536106102,-0.8065275188705192,-0.13323961739449316
85.76,-0.15475353726736546,-0.7879473153439477,-0.15524248999174892
85.78,-0.1615988754087339,-0.7850135989976469,-0.15035296274791432
85.8,-0.17969012621092198,-0.7862359808086056,-0.12981694832380894
85.82,-0.1909360388717416,-0.8231519114995569,-0.12737218470189163
85.84,-0.1904470861473581,-0.8730250893866699,-0.13861809736271125
85.86,-0.17333374079393699,-0.8957613910705009,-0.147908199125997
85.88,-0.1510863918344895,-0.8952724383461174,-0.14448553005531278
85.9,-0.13079485377257585,-0.9138526418726889,-0.12981694832380894
85.92,-0.11123674479723741,-0.9544357179965162,-0.12492742107997433
85.94,-0.1014576903095682,-1.0001527977263698,-0.12223818109586529
85.96,-0.10732512300216973,-1.0370687284173212,-0.1207713229227149
85.98,-0.11465941386792164,-1.079852091800874,-0.12688323197750817
86.0,-0.1334840937566849,-1.1192127861137426,-0.1447300064175045
86.02,-0.166977355376952,-1.0937872444458026,-0.1535311554564068
86.04,-0.1870244170766739,-1.012621092198148,-0.13861809736271125
86.06,-0.18482412981694832,-0.9456345689576139,-0.11539284295449684
86.08,-0.17944564984873024,-0.9412339944381627,-0.10096873758518474
86.1,-0.1726003117073618,-0.9847507869082908,-0.09925740304984261
86.12,-0.1877578461632491,-0.9796167833022644,-0.1014576903095682
86.14,-0.2222290132322831,-0.9698377288145952,-0.11441493750572991
86.16,-0.2518106530574825,-0.960058674326926,-0.12419399199339913
86.18,-0.26990190385967056,-0.9429453289735048,-0.12614980289093297
86.2,-0.28432600922898266,-0.9148305473214559,-0.12297161018244049
86.22,-0.2813922928826819,-0.901139871038719,-0.11490389023011337
86.24,-0.2757693365522721,-0.9214314091006326,-0.10830302845093664
86.26,-0.27063533294624575,-0.95639152889405,-0.11074779207285396
86.28,-0.25547779849035845,-1.0069981358677382,-0.11905998838737279
86.3,-0.2476545549002231,-1.057115790117043,-0.1239495156312074
86.32,-0.24032026403447115,-1.0857195244934754,-0.12737218470189163
86.349,-0.23763102405036213,-1.0996546771384041,-0.1215047520092901
86.36,-0.2408092167588546,-1.0972099135164868,-0.09607921034135011
86.38,-0.2398313113100877,-1.0822968554227912,-0.06576414142957553
86.4,-0.24814350762460655,-1.0678727500534793,-0.05647403966628976
86.42,-0.27063533294624575,-1.0605384591877272,-0.07016471594902668
86.44,-0.29386058735446013,-1.0419582556611557,-0.0919231121840907
86.46,-0.31561898358952417,-1.0089539467652722,-0.10096873758518474
86.48,-0.32490908535280993,-0.9713045869877456,-0.0919231121840907
86.5,-0.31928612902240017,-0.947345903492956,-0.0743208141062861
86.52,-0.3117073617944565,-0.9238761727225498,-0.06136356691012437
86.54,-0.3082846927237723,-0.8996730128655686,-0.05794089783944015
86.56,-0.3046175472908963,-0.8818262384255722,-0.06747547596491764
86.58,-0.30046144913363687,-0.8835375729609143,-0.07823243590135379
86.6,-0.3073067872750053,-0.9082296855422791,-0.08434434495614705
86.62,-0.3219753690065092,-0.962747914311035,-0.07774348317697033
86.64,-0.33028756532102804,-1.0150658558200654,-0.06845338141368457
86.66,-0.3109739327078813,-1.0143324267334901,-0.08263301042080494
86.68,-0.2870152492130917,-0.9901292668765088,-0.11148122115942914
86.7,-0.28016991107172323,-0.9471014271307643,-0.13079485377257585
86.72,-0.26819056932432844,-0.9414784708003545,-0.15597591907832412
86.74,-0.24178712220762155,-0.9764385905937719,-0.19240289704489197
86.76,-0.20609357332762887,-0.989151361427742,-0.20682700241420407
86.78,-0.1735782171561287,-1.0043088958836293,-0.17895669712434678
86.8,-0.1454634355040797,-1.0309568193625278,-0.160620969959967
86.82,-0.12835009015065857,-1.0211777648748586,-0.1613543990465422
86.84,-0.060874614185740916,-1.0089539467652722,-0.16428811539284294
86.86,0.010756959936436146,-1.0060202304189714,-0.19411423158023408
86.88,0.0799437704366959,-1.017266143079791,-0.2324970204443358
86.9,0.1271277083396999,-0.9766830669559636,-0.2190508205237906
86.92,0.1166152247654555,-0.910185496439813,-0.17797879167557987
86.94,0.1166152247654555,-0.910185496439813,-0.17797879167557987
86.96,0.03202640344711671,-0.9466124744063809,-0.1735782171561287
86.98,-0.02200287259725575,-1.0419582556611557,-0.20095956972160253
87.0,-0.0591632796503988,-1.0920759099104604,-0.22247348959447483
87.02,-0.06894233413806802,-1.049048070164716,-0.20242642789475293
87.04,-0.059896708736973996,-0.9810836414754148,-0.16282125721969257
87.06,-0.07798795953916206,-0.9796167833022644,-0.14277419551997067
87.08,-0.0735873850197109,-1.033646059346637,-0.14693029367723007
87.1,-0.05696299239067323,-1.1057665861931973,-0.21440576964214772
87.12,-0.08018824679888763,-1.0957430553433365,-0.2635455184426856
87.14,-0.14252971915777893,-0.9889068850655502,-0.2725911438437796
87.16,-0.1750450753292791,-0.8632460348990006,-0.24325398038077192
87.18,-0.2021819515325612,-0.7894141735170981,-0.1990037588240687
87.2,-0.25621122757693365,-0.8111725697521621,-0.27943648198514803
87.22,-0.3068178345506219,-0.868380038505027,-0.29948354368486996
87.24,-0.37771597958622377,-0.8598233658283164,-0.21880634416159886
87.26,-0.3246646089906182,-0.8072609479570944,-0.2036488097057116
87.28,-0.24569874400268923,-0.8277969623811997,-0.21416129327995598
87.3,-0.19631451883995965,-0.8916052929132414,-0.2263851113895425
87.32,-0.18189041347064755,-0.9610365797756929,-0.2525440821440577
87.34,-0.2327414968065275,-1.0182440485285578,-0.28408153286679094
87.369,-0.29801668551171956,-1.0309568193625278,-0.2928826819056932
87.38,-0.3087736454481557,-1.005531277694588,-0.28163676924487363
87.4,-0.289460012835009,-0.9651926779329524,-0.2606118020963848
87.42,-0.26843504568652016,-0.9395226599028206,-0.24912141307337346
87.44,-0.24032026403447115,-0.9405005653515875,-0.2598783730098096
87.46,-0.21073862420927175,-0.9314549399504936,-0.26965742749747884
87.48,-0.21147205329584695,-0.901139871038719,-0.2581670384744675
87.5,-0.23029673318461022,-0.8603123185527,-0.2398313113100877
87.52,-0.23518626042844482,-0.8351312532469517,-0.21416129327995598
87.54,-0.22956330409803502,-0.8576230785685909,-0.1904470861473581
87.56,-0.23225254408214405,-0.9177642636677567,-0.18091250802188064
87.58,-0.21709500962625675,-1.0167771903554075,-0.17162240625859487
87.6,-0.2053601442410537,-1.1509947131986675,-0.19142499159612505
87.62,-0.2056046206032454,-1.145127280506066,-0.2166060569018733
87.64,-0.160620969959967,-1.1739754912446903,-0.2173394859884485
87.66,-0.10439140665586896,-1.412828897106011,-0.2190508205237906
87.68,-0.05769642147724842,-1.592519023316933,-0.2063380496898206
87.7,0.0036671454328759587,-1.616966659536106,-0.1919139443205085
87.72,0.060141185099165724,-1.5920300705925496,-0.15450906090517372
87.74,0.09241206490847416,-1.4864162821257219,-0.11001436298627876
87.76,0.09167863582189897,-1.3033034868441158,-0.09363444671943282
87.78,0.07016471594902668,-1.0732512300216972,-0.0919231121840907
87.8,0.05402927604437246,-0.9326773217614521,-0.08434434495614705
87.82,0.05109555969807169,-0.8918497692754331,-0.07089814503560186
87.84,-0.0073342908657519175,-0.8779146166305045,-0.0767655777282034
87.86,-0.10194664303395165,-0.8546893622222901,-0.09876845032545915
87.88,-0.16013201723558354,-0.8453992604590044,-0.10854750481312837
87.9,-0.1679552608257189,-0.9265654127066589,-0.09974635577422608
87.92,-0.14179629007120373,-1.0206888121504751,-0.08850044311340648
87.94,-0.11245912660819607,-1.106988968004156,-0.06038566146135745
87.96,-0.08018824679888763,-1.1382819423646975,-0.028359258014240746
87.98,-0.05402927604437246,-1.0945206735323778,-0.026403447116706905
88.0,-0.04229441065916939,-1.0194664303395164,-0.05085108333587996
88.02,-0.062096995996699565,-0.9385447544540537,-0.07578767227943647
88.04,-0.0982794976010757,-0.8916052929132414,-0.09241206490847416
88.06,-0.14986401002353084,-0.8725361366622865,-0.09583473397915838
88.08,-0.18751336980105734,-0.8419765913883202,-0.09314549399504936
88.1,-0.20609357332762887,-0.80946123521682,-0.0838553922317636
88.12,-0.2126944351068056,-0.79674846438285,-0.07334290865751918
88.14,-0.20780490786297098,-0.7940592243987409,-0.07138709775998534
88.16,-0.18922470433639946,-0.7952816062096996,-0.07823243590135379
88.18,-0.166977355376952,-0.8145952388228463,-0.08605567949148916
88.2,-0.15450906090517372,-0.837576016868869,-0.09265654127066589
88.22,-0.1518198209210647,-0.8732695657488616,-0.09485682853039147
88.24,-0.16013201723558354,-0.9153195000458393,-0.09779054487669223
88.26,-0.17553402805366256,-0.9493017143904898,-0.10536931210463588
88.28,-0.1806680316596889,-0.9571249579806252,-0.10976988662408703
88.3,-0.18360174800598966,-0.9485682853039147,-0.11783760657641414
88.32,-0.188735751612016,-0.9556580998074748,-0.13152828285915105
88.34,-0.188735751612016,-0.9556580998074748,-0.13152828285915105
88.36,-0.18677994071448217,-0.96910429972802,-0.13715123918956085
88.389,-0.17113345353421142,-1.0128655685603398,-0.12688323197750817
88.4,-0.14399657733092933,-1.0475812119915655,-0.1031690248449103
88.42,-0.11539284295449684,-1.0642056046206032,-0.05891880328820707
88.44,-0.11783760657641414,-1.0356018702441707,-0.05549613421752284
88.46,-0.13543990465421873,-0.8925831983620084,-0.10488035938025242
88.48,-0.18164593710845583,-0.795770558934083,-0.16257678085750082
88.5,-0.22565168230296734,-0.777679308131895,-0.19631451883995965
88.52,-0.2618341839073435,-0.8309751550896922,-0.188735751612016
88.54,-0.27381352565473827,-0.8928276747242001,-0.18017907893530544
88.56,-0.2190508205237906,-0.9461235216819973,-0.2031598569813281
88.58,-0.15768725361366623,-0.9757051615071968,-0.2628120893561104
88.6,-0.10365797756929376,-0.9493017143904898,-0.27943648198514803
88.62,-0.05500718149313938,-0.8801149038902301,-0.23836445313693733
88.64,-0.049628701524921305,-0.8351312532469517,-0.22027320233474926
88.66,-0.09656816306573358,-0.8527335513247563,-0.2454542676404975
88.68,-0.15402010818079026,-0.906518351006937,-0.28432600922898266
88.7,-0.19166946795831677,-0.9603031506891178,-0.30095040185802036
88.72,-0.21953977324817406,-0.9994193686397946,-0.28750420193747517
88.74,-0.2166060569018733,-0.9759496378693885,-0.2525440821440577
88.76,-0.19411423158023408,-0.9392781835406289,-0.22369587140543348
88.78,-0.1806680316596889,-0.9096965437154295,-0.21636158053968157
88.8,-0.17969012621092198,-0.8852489074962564,-0.2070714787763958
88.82,-0.182379366195031,-0.859334413103933,-0.18824679888763254
88.84,-0.176022980778046,-0.8520001222381811,-0.16893316627448582
88.86,-0.1726003117073618,-0.8749809002842037,-0.16257678085750082
88.88,-0.16893316627448582,-0.8903829111022827,-0.15793172997585794
88.9,-0.15964306451120008,-0.8830486202365309,-0.1518198209210647
88.92,-0.16013201723558354,-0.8698468966781774,-0.14766372276380527
88.94,-0.15890963542462488,-0.858356507655166,-0.14399657733092933
88.96,-0.1510863918344895,-0.8754698530085873,-0.14252971915777893
88.98,-0.1398404791736699,-0.9400116126272041,-0.1373957155517526
89.0,-0.13250618830791797,-1.040735873850197,-0.12688323197750817
89.02,-0.12737218470189163,-1.185954832992085,-0.1334840937566849
89.04,-0.12126027564709838,-1.297680530513706,-0.15670934816489931
89.06,-0.11734865385203068,-1.2424288726583748,-0.14839715185038047
89.08,-0.10488035938025242,-1.1101671607126486,-0.10756959936436146
89.1,-0.08434434495614705,-1.0258228157565015,-0.06820890505149284
89.12,-0.0767655777282034,-1.0043088958836293,-0.05549613421752284
89.14,-0.10928093389970357,-1.0566268373926595,-0.07896586498792897
89.16,-0.14839715185038047,-1.0925648626348439,-0.10243559575833511
89.18,-0.17015554808544447,-1.047336735629374,-0.09412339944381627
89.2,-0.17553402805366256,-0.9808391651132231,-0.06527518870519207
89.22,-0.1774898389511964,-0.9358555144699446,-0.03251535617150017
89.24,-0.16819973718791065,-0.9250985545335085,-0.016624392629037678
89.26,-0.1608654463221587,-0.9226537909115912,-0.015402010818079027
89.28,-0.1591541117868166,-0.9158084527702227,-0.027136876203282093
89.3,-0.16453259175503468,-0.8994285365033768,-0.032270879809308435
89.32,-0.17113345353421142,-0.9057849219203618,-0.04033859976163555
89.34,-0.17284478806955353,-0.9126302600617303,-0.03691593069095132
89.36,-0.16673287901476025,-0.9253430308957002,-0.018335727164379794
89.38,-0.1662439262903768,-0.9554136234452831,-0.009290101763285763
89.409,-0.16991107172325276,-1.009931852214039,-0.018824679888763254
89.42,-0.17040002444763622,-1.0404913974880055,-0.03349326162026709
89.44,-0.17284478806955353,-1.0397579684014302,-0.0415609815725942
89.46,-0.18335727164379795,-1.0197109067017083,-0.042783363383552854
89.48,-0.18629098799009872,-0.9867065978058246,-0.041072028848210734
89.5,-0.18189041347064755,-0.9810836414754148,-0.03667145432875959
89.52,-0.1743116462427039,-1.0246004339455428,-0.03447116706903401
89.54,-0.16966659536106102,-1.0747180881948477,-0.02982611618739113
89.56,-0.15842068270024143,-1.1060110625553892,-0.02591449439232344
89.58,-0.1461968645906549,-1.1113895425236073,-0.02200287259725575
89.6,-0.15304220273202335,-1.0864529535800507,-0.010512483574244415
89.62,-0.16355468630626777,-1.0485591174403324,-0.00855667267671057
89.64,-0.17651193350242947,-1.0197109067017083,-0.018580203526571526
89.66,-0.19484766066680928,-1.007976041316505,-0.0383827888641017
89.68,-0.21440576964214772,-1.0106652813006143,-0.05182898878464688
89.7,-0.22002872597255752,-1.013598997646915,-0.05085108333587996
89.72,-0.2095162423983131,-0.9950187941203434,-0.042783363383552854
89.74,-0.2095162423983131,-0.9950187941203434,-0.042783363383552854
89.76,-0.1877578461632491,-0.9815725941997983,-0.042783363383552854
89.78,-0.176022980778046,-0.9805946887510314,-0.05500718149313938
89.8,-0.1726003117073618,-0.9996638450019864,-0.06625309415395898
89.82,-0.18360174800598966,-1.0334015829844452,-0.06356385416984996
89.84,-0.20340433334351984,-1.0512483574244416,-0.05158451242245515
89.86,-0.20976071876050484,-1.0424472083855392,-0.034960119793417475
89.88,-0.20169299880817773,-1.0893866699263515,-0.006600861779176726
89.9,-0.2109831005714635,-0.9583473397915839,-0.02518106530574825
89.92,-0.22418482412981694,-0.7588546282431318,-0.06258594872108303
89.94,-0.25156617669529074,-0.7380741374568346,-0.08996730128655686
89.96,-0.2769917183632308,-0.8067719952327109,-0.09314549399504936
89.98,-0.29826116187391133,-0.9468569507685726,-0.09534578125477493
90.0,-0.28383705650459923,-1.057115790117043,-0.10439140665586896
90.02,-0.23591968951502001,-1.0984322953274455,-0.11685970112764722
90.04,-0.17969012621092198,-1.0783852336277235,-0.11563731931668857
90.06,-0.12859456651285028,-1.0358463466063625,-0.10268007212052685
90.08,-0.100724261222993,-1.0133545212847233,-0.09950187941203435
90.1,-0.11221465024600434,-1.0106652813006143,-0.10536931210463588
90.12,-0.1679552608257189,-1.0395134920392384,-0.11148122115942914
90.14,-0.20584909696543716,-1.0475812119915655,-0.11954894111175625
90.16,-0.20095956972160253,-1.043425113834306,-0.11099226843504569
90.18,-0.1870244170766739,-1.0605384591877272,-0.09265654127066589
90.2,-0.1535311554564068,-1.0666503682425206,-0.0838553922317636
90.22,-0.11441493750572991,-1.0412248265745805,-0.08727806130244782
90.24,-0.09999083213641781,-1.017266143079791,-0.09021177764874859
90.26,-0.094367875806008,-1.021666717599242,-0.09045625401094032
90.28,-0.09852397396326742,-1.0400024447636218,-0.08581120312929744
90.3,-0.11514836659230511,-1.0321792011734865,-0.08850044311340648
90.32,-0.13055037741038414,-1.006264706781163,-0.08947834856217339
90.34,-0.13152828285915105,-0.9688598233658283,-0.09290101763285762
90.36,-0.12810561378846683,-0.9480793325795311,-0.09852397396326742
90.38,-0.13543990465421873,-0.9466124744063809,-0.10928093389970357
90.4,-0.13715123918956085,-0.9392781835406289,-0.1207713229227149
90.429,-0.14252971915777893,-0.9182532163921401,-0.12419399199339913
90.44,-0.15084191547229778,-0.8854933838584481,-0.12003789383613972
90.46,-0.15206429728325643,-0.8527335513247563,-0.12101579928490663
90.48,-0.15597591907832412,-0.8324420132628426,-0.12614980289093297
90.5,-0.15402010818079026,-0.8358646823335268,-0.14106286098462856
90.52,-0.15059743911010604,-0.8520001222381811,-0.1527977263698316
90.54,-0.15719830088928277,-0.8581120312929743,-0.16453259175503468
90.56,-0.1679552608257189,-0.8769367111817375,-0.17088897717201967
90.58,-0.18262384255722275,-0.8796259511658466,-0.1718668826207866
90.6,-0.19289184976927543,-0.878403569354888,-0.1726003117073618
90.62,-0.1982703297374935,-0.8894050056535159,-0.1814014607462641
90.64,-0.195092137029001,-0.9114078782507716,-0.19460318430461754
90.66,-0.18995813342297466,-0.9365889435565199,-0.20609357332762887
90.68,-0.21391681691776426,-0.9874400268923998,-0.2197842496103658
90.7,-0.29386058735446013,-1.0840081899581333,-0.22980778046022673
90.72,-0.3821165541056749,-1.2429178253827582,-0.24007578767227944
90.74,-0.4116981939308743,-1.3712679155334169,-0.3087736454481557
90.76,-0.393851419490878,-1.3546435229043792,-0.3642697796656786
90.78,-0.35766891788650185,-1.2392506799498824,-0.31366317269199034
90.8,-0.3246646089906182,-1.1522170950096262,-0.29386058735446013
90.82,-0.3444671943281484,-1.1057665861931973,-0.35595758335115973
90.84,-0.44739174281086697,-1.1187238333893592,-0.44494697918894965
90.86,-0.6053234727867249,-1.1712862512605813,-0.5251352259878372
90.88,-0.7644775845735415,-1.2138251382819423,-0.5341808513889313
90.9,-0.8823151911499557,-1.2302050545487884,-0.466460899061822
90.92,-0.9911071723252758,-1.2265379091159123,-0.4063197139626562
90.94,-1.0069981358677382,-1.2287381963756379,-0.4214772484185435
90.96,-1.0121321394737646,-1.286679094215078,-0.4403019283073068
90.98,-1.036335299330746,-1.3067261559148,-0.3916511322311524
91.0,-1.078140757265532,-1.2492742107997432,-0.3080402163615805
91.02,-1.1617516731351036,-1.2363169636035816,-0.2669681875133698
91.04,-1.1849769275433182,-1.1998899856370138,-0.27234666748158787
91.06,-1.1245912660819606,-1.0918314335482688,-0.2625676129939186
91.08,-1.1177459279405921,-1.0221556703236256,-0.2285853986492681
91.1,-1.0219111939614338,-0.928276747242001,-0.201448522445986
91.12,-0.8996730128655686,-0.7771903554075115,-0.2126944351068056
91.14,-0.8996730128655686,-0.7771903554075115,-0.2126944351068056
91.16,-0.8510222167894141,-0.6327048253521987,-0.2603673257341931
91.18,-0.8405097332151698,-0.5209791278305779,-0.28188124560706534
91.2,-0.7143599303242367,-0.4099868593955322,-0.3324878525807536
91.22,-0.5539834367264616,-0.264034471167069,-0.3916511322311524
91.24,-0.4701280444946979,-0.12272713382024875,-0.3483788161232161
91.26,-0.3654921614766372,0.005867432692601534,-0.2500993185221404
91.28,-0.22760749320050117,0.13226171194572625,-0.22809644592488462
91.3,-0.18042355529749718,0.27283562020597135,-0.25694465666350885
91.32,-0.2063380496898206,0.3496011979341747,-0.28457048559117437
91.34,-0.14032943189805336,0.3894508449714268,-0.27308009656816307
91.36,-0.1215047520092901,0.44665831372429177,-0.23445283134186962
91.38,-0.17993460257311372,0.5131558842404425,-0.242276074932005
91.4,-0.1726003117073618,0.5630290621275555,-0.21122757693365524
91.42,-0.2173394859884485,0.6683983742321914,-0.15010848638572258
91.449,-0.06674204687834245,0.7571432937077897,-0.2134278641933808
91.46,-0.15939858814900834,0.68233352687712,-0.2772361947254225
91.48,-0.31292974360541514,0.6507960761543868,-0.19411423158023408
91.5,-0.4967759679735965,0.7045808758365676,-0.13250618830791797
91.52,-0.6400391162179506,0.7757234972343612,-0.16575497356599334
91.54,-0.6226812945023378,0.8150841915472298,-0.17406716988051218
91.56,-0.5515386731045442,0.8016379916266846,-0.21416129327995598
91.58,-0.6285487271949394,0.799437704366959,-0.24349845674296366
91.6,-0.6776884759954772,0.8568896494820157,-0.24398740946734712
91.62,-0.672309996027259,0.9013843474009107,-0.25938942028542616
91.64,-0.6295266326437062,0.891116340188858,-0.32417565626623474
91.66,-0.5349142804755065,0.922898267273783,-0.32588699080157685
91.68,-0.45448155731442713,1.0065091831433548,-0.27454695474131346
91.7,-0.4517923173303181,0.9803502123888397,-0.26892399841090364
91.72,-0.45937108455826176,0.8923387219998167,-0.2686795220487119
91.74,-0.5045992115637319,0.8480885004431133,-0.26965742749747884
91.76,-0.49995416068208903,0.9138526418726889,-0.20511566787886196
91.78,-0.5050881642881154,1.0106652813006143,0.013446199920545182
91.8,-0.5050881642881154,0.9026067292118694,-0.1215047520092901
91.82,-0.3980075176481374,0.7906365553280567,-0.34006661980869723
91.84,-0.16502154447941814,0.855667267671057,-0.4405464046694985
91.86,-0.3190416526602084,0.8527335513247563,-0.31488555450294897
91.88,-0.49286434617852887,0.9517464780124072,-0.18482412981694832
91.9,-0.532713993215781,0.9810836414754148,-0.17064450080982796
91.92,-0.4652385172508633,0.9522354307367906,-0.24374293310515538
91.94,-0.4087644775845735,0.9544357179965162,-0.2813922928826819
91.96,-0.40265256852978026,0.9585918161537756,-0.3165968890382911
91.98,-0.44739174281086697,0.9314549399504936,-0.25278855850624943
92.0,-0.4505699355193595,0.9038291110228279,-0.21122757693365524
92.02,-0.3962961831127953,0.8896494820157076,-0.29630535097637745
92.04,-0.41512086300155854,0.9585918161537756,-0.23836445313693733
92.06,-0.46059346636922044,0.9595697216025425,-0.16673287901476025
92.08,-0.4469027900864835,0.8700913730403691,-0.19851480609968522
92.1,-0.4234330593160774,0.8314641078140758,-0.295816398251994
92.12,-0.2317635913577606,0.8419765913883202,-0.4843076735018183
92.14,-0.14595238822846315,0.8561562203954405,-0.465482993613055
92.16,-0.31439660177856554,0.8414876386639366,-0.40338599761635546
92.18,-0.44494697918894965,0.832930965987226,-0.38700608134950953
92.2,-0.409253430308957,0.8312196314518839,-0.37111511780704703
92.22,-0.352045961556092,0.7894141735170981,-0.35302386700485894
92.24,-0.3317544234941784,0.7158267884973871,-0.34080004889527243
92.26,-0.29899459096048653,0.6302600617302815,-0.3471564343122574
92.28,-0.28457048559117437,0.6182807199828867,-0.3654921614766372
92.3,-0.27381352565473827,0.6879564832075299,-0.37380435779115606
92.32,-0.2053601442410537,0.6908901995538306,-0.39947437582128775
92.34,-0.10756959936436146,0.6341716835253491,-0.3828499831922501
92.36,-0.0887449194755982,0.5600953457812547,-0.29923906732267824
92.38,-0.08727806130244782,0.5148672187757846,-0.21880634416159886
92.4,-0.11343703205696298,0.4982428261467469,-0.20413776243009504
92.42,-0.15646487180270757,0.4933532989029123,-0.20071509335941082
92.44,-0.1904470861473581,0.46108241909360387,-0.2029153806191364
92.469,-0.3244201326284265,0.34593405250129877,-0.28970448919720077
92.48,-0.490908535280995,0.22980778046022673,-0.3923845613177276
92.5,-0.6138801454634355,0.2029153806191364,-0.4571707972985362
92.52,-0.6798887632552028,0.19411423158023408,-0.41512086300155854
92.54,-0.7297619411423157,0.16355468630626777,-0.2799254347095315
92.56,-0.7297619411423157,0.16355468630626777,-0.2799254347095315
92.58,-0.7923478898633988,0.08458882131833878,-0.2598783730098096
92.6,-0.8101946643033952,-0.026892399841090365,-0.3496011979341747
92.62,-0.7869694098951807,-0.14961953366133912,-0.3642697796656786
92.64,-0.9192311218409069,-0.30119487822021207,-0.3346881398404792
92.66,-1.2292271491000213,-0.4686611863215475,-0.35791339424869356
92.68,-1.324817406716988,-0.5532500076398863,-0.3997188521834795
92.7,-1.098921248051829,-0.5373590440974239,-0.42832258655991196
92.72,-0.8652018457965345,-0.5525165785533112,-0.3786938850349907
92.74,-0.7480976683066956,-0.6192586254316536,-0.28677077285089997
92.76,-0.7454084283225866,-0.7419857592519024,-0.23763102405036213
92.78,-0.8634905112611924,-0.9424563762491214,-0.22931882773584328
92.8,-1.0219111939614338,-1.249518687161935,-0.27136876203282095
92.82,-1.0783852336277235,-1.4182073770742292,-0.2765027656388473
92.84,-0.8559117440332488,-1.239495156312074,-0.22491825321639214
92.86,-0.5754973565993338,-1.162485102221679,-0.18091250802188064
92.88,-0.5564282003483788,-1.3380191302753415,-0.19240289704489197
92.9,-0.7251168902606729,-1.5372673654616018,-0.2620786602695352
92.92,-0.8468661186321548,-1.5751612016013201,-0.3500901506585582
92.94,-0.7999266570913425,-1.4822601839684626,-0.3623139687681447
92.96,-0.666931516059041,-1.3715123918956085,-0.3469119579500657
92.98,-0.5451822876875592,-1.247562876264401,-0.32808727806130245
93.0,-0.434678971976897,-1.1473275677657917,-0.3099960272591144
93.02,-0.3899397976958103,-1.0874308590288175,-0.3099960272591144
93.04,-0.41560981572594197,-1.064450080982795,-0.29459401644103533
93.06,-0.45668184457415273,-1.0402469211258136,-0.2500993185221404
93.08,-0.48553005531277693,-0.9847507869082908,-0.2430095040185802
93.1,-0.46963909177031443,-0.9500351434770651,-0.23543073679063656
93.12,-0.47183937903004003,-0.9752162087828133,-0.20756043150077927
93.14,-0.44592488463771657,-0.9458790453198056,-0.1909360388717416
93.16,-0.40216361580539683,-0.9018733001252941,-0.18433517709256486
93.18,-0.383827888641017,-0.8977172019680347,-0.17333374079393699
93.2,-0.40094123399443815,-0.9241206490847416,-0.15524248999174892
93.22,-0.4251443938514195,-0.9622589615866516,-0.13250618830791797
93.24,-0.4173211502612841,-0.9879289796167833,-0.10781407572655319
93.26,-0.3784494086727989,-1.0047978486080127,-0.10928093389970357
93.28,-0.35595758335115973,-1.0143324267334901,-0.09534578125477493
93.3,-0.33371023439171227,-1.025333863032118,-0.08238853405861321
93.32,-0.29899459096048653,-1.0265562448430767,-0.08409986859395532
93.34,-0.2933716346300767,-1.016288237631024,-0.0806771995232711
93.36,-0.29532744552761053,-1.0052868013323961,-0.07383186138190263
93.38,-0.2909268710081594,-0.9889068850655502,-0.0767655777282034
93.4,-0.28897106011062557,-0.9683708706414448,-0.07896586498792897
93.42,-0.2914158237325429,-0.9625034379488433,-0.07212052684656052
93.44,-0.28823763102405037,-0.960058674326926,-0.07554319591724475
93.46,-0.2757693365522721,-0.9502796198392568,-0.09021177764874859
93.489,-0.25303303486844114,-0.9243651254469333,-0.09363444671943282
93.5,-0.2317635913577606,-0.9028512055740611,-0.0919231121840907
93.52,-0.2214955841457079,-0.901139871038719,-0.09485682853039147
93.54,-0.2166060569018733,-0.9045625401094032,-0.09974635577422608
93.56,-0.21856186779940714,-0.8969837728814595,-0.10683617027778626
93.58,-0.23078568590899368,-0.8815817620633805,-0.11123674479723741
93.6,-0.23616416587721173,-0.8894050056535159,-0.11710417748983895
93.62,-0.24276502765638847,-0.910185496439813,-0.13079485377257585
93.64,-0.25841151483665925,-0.9158084527702227,-0.13861809736271125
93.66,-0.2779696238119977,-0.9123857836995385,-0.13788466827613605
93.68,-0.28897106011062557,-0.9158084527702227,-0.1383736210005195
93.7,-0.29850563823610304,-0.925587507257892,-0.13690676282736913
93.72,-0.305839929101855,-0.9365889435565199,-0.13690676282736913
93.74,-0.3217308926443174,-0.9541912416343244,-0.1303059010481924
93.76,-0.3371329034623965,-0.9688598233658283,-0.1246829447177826
93.78,-0.34275585979280626,-0.9752162087828133,-0.12370503926901567
93.8,-0.36158053968156956,-0.9813281178376065,-0.12419399199339913
93.82,-0.37698255049964857,-0.985484215994866,-0.1246829447177826
93.84,-0.3799162668459493,-0.9906182196008924,-0.12297161018244049
93.86,-0.3845613177275922,-0.9859731687192494,-0.11612627204107202
93.88,-0.3808941722947162,-0.9849952632704825,-0.11465941386792164
93.9,-0.3918956085933441,-0.998196986828836,-0.11881551202518106
93.92,-0.4053418085138893,-0.9979525104666442,-0.1310393301347676
93.94,-0.41560981572594197,-0.9915961250496592,-0.13543990465421873
93.96,-0.41560981572594197,-0.9915961250496592,-0.13543990465421873
93.98,-0.4077865721358066,-0.995507746844727,-0.1359288573786022
94.0,-0.3936069431286862,-0.9977080341044525,-0.13323961739449316
94.02,-0.37771597958622377,-0.9867065978058246,-0.13788466827613605
94.04,-0.37429331051553955,-0.9803502123888397,-0.14741924640161355
94.06,-0.3806496959325245,-0.973749350609663,-0.14204076643339547
94.08,-0.37429331051553955,-0.9705711579011704,-0.1391070500870947
94.1,-0.36158053968156956,-0.9761941142315802,-0.13690676282736913
94.12,-0.34495614705253186,-0.9801057360266479,-0.13690676282736913
94.14,-0.3341991871160957,-0.973749350609663,-0.13519542829202702
94.16,-0.32833175442349416,-0.9713045869877456,-0.13495095192983528
94.18,-0.317574794487058,-0.9801057360266479,-0.12981694832380894
94.2,-0.3046175472908963,-0.9783944014913057,-0.1246829447177826
94.22,-0.2936161109922684,-0.9632368670354184,-0.11417046114353818
94.24,-0.276747242001039,-0.9649482015707606,-0.10683617027778626
94.26,-0.2603673257341931,-0.9764385905937719,-0.09901292668765088
94.28,-0.24985484215994866,-0.9803502123888397,-0.09143415945970723
94.3,-0.24887693671118175,-0.9730159215230877,-0.08776701402683128
94.32,-0.24912141307337346,-0.9673929651926779,-0.08361091586957185
94.34,-0.24520979127830578,-0.9705711579011704,-0.07725453045258686
94.36,-0.24105369312104635,-0.9730159215230877,-0.07725453045258686
94.38,-0.24276502765638847,-0.9644592488463771,-0.07627662500381995
94.4,-0.24349845674296366,-0.9517464780124072,-0.06649757051615071
94.42,-0.24032026403447115,-0.9485682853039147,-0.05940775601259053
94.44,-0.23396387861748616,-0.9456345689576139,-0.062096995996699565
94.46,-0.23151911499556885,-0.9395226599028206,-0.06600861779176725
94.48,-0.23200806771995233,-0.9441677107844635,-0.07260947957094398
94.509,-0.22809644592488462,-0.9607921034135012,-0.07945481771231244
94.52,-0.2285853986492681,-0.9607921034135012,-0.08556672676710571
94.54,-0.23078568590899368,-0.9529688598233658,-0.09559025761696666
94.56,-0.2324970204443358,-0.9466124744063809,-0.10463588301806069
94.58,-0.2405647403966629,-0.9336552272102191,-0.11197017388381261
94.6,-0.2476545549002231,-0.9272988417932341,-0.11930446474956452
94.62,-0.24887693671118175,-0.9268098890688506,-0.1295724719616172
94.64,-0.24741007853803135,-0.9326773217614521,-0.1391070500870947
94.66,-0.25694465666350885,-0.9338997035724108,-0.14130733734682027
94.68,-0.26794609296213673,-0.9287656999663845,-0.14424105369312104
94.7,-0.2774806710876142,-0.9287656999663845,-0.14986401002353084
94.72,-0.280414387433915,-0.9436787580600801,-0.15842068270024143
94.74,-0.28163676924487363,-0.9659261070195275,-0.16404363903065122
94.76,-0.28579286740213306,-0.979127830577881,-0.1615988754087339
94.78,-0.2806588637961067,-0.9920850777740428,-0.15939858814900834
94.8,-0.2725911438437796,-0.9952632704825352,-0.15230877364544815
94.82,-0.27039085658405404,-0.9969746050178773,-0.1464413409528466
94.84,-0.2806588637961067,-1.0001527977263698,-0.14106286098462856
94.86,-0.30168383094459555,-1.0033309904348624,-0.13861809736271125
94.88,-0.31561898358952417,-1.0091984231274638,-0.14424105369312104
94.9,-0.3202640344711671,-1.0101763285762309,-0.1471747700394218
94.92,-0.31708584176267457,-0.9964856522934938,-0.14448553005531278
94.94,-0.29703878006295265,-0.9837728814595239,-0.13421752284326008
94.96,-0.28579286740213306,-0.96910429972802,-0.1310393301347676
94.98,-0.28677077285089997,-0.9703266815389787,-0.13861809736271125
95.0,-0.2906823946459677,-0.9717935397121291,-0.14081838462243682
95.02,-0.2870152492130917,-0.960058674326926,-0.13226171194572625
95.04,-0.2725911438437796,-0.957369434342817,-0.12370503926901567
95.06,-0.25694465666350885,-0.9617700088622682,-0.12003789383613972
95.08,-0.24814350762460655,-0.9656816306573358,-0.11808208293860586
95.1,-0.2469211258136479,-0.9757051615071968,-0.11783760657641414
95.12,-0.2508327476087156,-0.9852397396326742,-0.11172569752162087
95.14,-0.25718913302570057,-0.9869510741680163,-0.10976988662408703
95.16,-0.25645570393912537,-0.9759496378693885,-0.11025883934847049
95.18,-0.2461876967270727,-0.9603031506891178,-0.11050331571066223
95.2,-0.23543073679063656,-0.9541912416343244,-0.10756959936436146
95.22,-0.2285853986492681,-0.9510130489258319,-0.10732512300216973
95.24,-0.22100663142132446,-0.9632368670354184,-0.10463588301806069
95.26,-0.21367234055557252,-0.9710601106255539,-0.09412339944381627
95.28,-0.2109831005714635,-0.9774164960425389,-0.09485682853039147
95.3,-0.2109831005714635,-0.9771720196803472,-0.09852397396326742
95.32,-0.21416129327995598,-0.979127830577881,-0.09803502123888397
95.34,-0.22760749320050117,-0.979127830577881,-0.09290101763285762
95.36,-0.22760749320050117,-0.979127830577881,-0.09290101763285762
95.38,-0.23714207132597867,-0.973749350609663,-0.08923387219998166
95.4,-0.23738654768817039,-0.9654371542951441,-0.08776701402683128
95.42,-0.23567521315282827,-0.9615255325000763,-0.09143415945970723
95.44,-0.2263851113895425,-0.9585918161537756,-0.09461235216819973
95.46,-0.22125110778351617,-0.960058674326926,-0.094367875806008
95.48,-0.22418482412981694,-0.9620144852244599,-0.09534578125477493
95.5,-0.2261406350273508,-0.9603031506891178,-0.094367875806008
95.529,-0.22956330409803502,-0.9617700088622682,-0.0975460685145005
95.54,-0.2327414968065275,-0.9678819179170614,-0.10243559575833511
95.56,-0.23543073679063656,-0.9776609724047306,-0.10390245393148549
95.58,-0.2408092167588546,-0.9940408886715766,-0.11025883934847049
95.6,-0.24007578767227944,-0.989151361427742,-0.11294807933257953
95.62,-0.23860892949912904,-0.9805946887510314,-0.10879198117532012
95.64,-0.2366531186015952,-0.9715490633499373,-0.10268007212052685
95.66,-0.23200806771995233,-0.9705711579011704,-0.10365797756929376
95.68,-0.22980778046022673,-0.9717935397121291,-0.10659169391559453
95.7,-0.233230449530911,-0.9732603978852794,-0.10488035938025242
95.72,-0.2390978822235125,-0.9730159215230877,-0.09876845032545915
95.74,-0.2408092167588546,-0.9769275433181555,-0.09607921034135011
95.76,-0.23518626042844482,-0.9849952632704825,-0.09779054487669223
95.78,-0.22931882773584328,-0.9923295541362345,-0.09705711579011704
95.8,-0.22760749320050117,-0.9930629832228096,-0.0919231121840907
95.82,-0.2263851113895425,-0.9874400268923998,-0.08898939583778993
95.84,-0.22296244231885828,-0.9793723069400727,-0.09363444671943282
95.86,-0.2180729150750237,-0.9788833542156893,-0.0975460685145005
95.88,-0.21538367509091463,-0.9752162087828133,-0.09656816306573358
95.9,-0.2158726278152981,-0.973749350609663,-0.0975460685145005
95.92,-0.2183173914372154,-0.9774164960425389,-0.10243559575833511
95.94,-0.21856186779940714,-0.9803502123888397,-0.10390245393148549
95.96,-0.2254072059407756,-0.9686153470036366,-0.09290101763285762
95.98,-0.2589004675610427,-0.9554136234452831,-0.04302783974574458
96.0,-0.3310209944076032,-0.9456345689576139,0.04987317788711304
96.02,-0.37038168872047184,-0.9224093145493995,0.08532225040491398
96.04,-0.32955413623445284,-0.8999174892277603,0.027625828927665557
96.06,-0.305839929101855,-0.8920942456376248,0.0327598325336919
96.08,-0.31195183815664823,-0.9006509183143354,0.06625309415395898
96.1,-0.28750420193747517,-1.0074870885921217,0.030070592549582862
96.12,-0.17724536258900467,-1.1248357424441524,-0.00855667267671057
96.14,-0.09387892308162454,-1.084497142682517,-0.030315068911774594
96.16,-0.11368150841915473,-0.9678819179170614,-0.0009779054487669223
96.18,-0.10194664303395165,-0.9140971182348806,-0.0002444763621917306
96.2,0.0207804907862971,-0.9021177764874858,-0.08581120312929744
96.22,0.04058307612382728,-0.9204535036518656,-0.10488035938025242
96.24,-0.18751336980105734,-1.009931852214039,0.02151391987287229
96.26,-0.47770681172264157,-1.1495278550255172,0.13568438101641048
96.28,-0.4148763866393668,-1.3299514103230143,-0.09534578125477493
96.3,-0.18091250802188064,-1.3812914463832777,-0.44568040827552485
96.32,-0.07725453045258686,-1.2627204107202885,-0.5349142804755065
96.34,-0.07114262139779359,-1.1458607095926412,-0.4505699355193595
96.36,-0.22834092228707636,-1.0932982917214191,-0.31684136540048286
96.38,-0.41927696115881796,-1.080829997249641,-0.14668581731503835
96.4,-0.5314916114048223,-0.9786388778534976,0.03936069431286862
96.42,-0.4796626226201754,-0.8453992604590044,0.040827552486019006
96.44,-0.36915930690951315,-0.6952907740732818,-0.07236500320875225
96.46,-0.30412859456651287,-0.6089906182196009,-0.08996730128655686
96.48,-0.34397824160376494,-0.5933441310393301,-0.056229563304098035
96.5,-0.4395684992207316,-0.6165693854475446,-0.04547260336766189
96.52,-0.47477309537634077,-0.6476178834458943,-0.040094123399443814
96.549,-0.43516792470128046,-0.6713320905784922,-0.008067719952327109
96.56,-0.37355988142896435,-0.6813556214283532,0.03202640344711671
96.58,-0.32710937261253553,-0.7028695413012255,0.04522812700547016
96.6,-0.29826116187391133,-0.7634996791247746,-0.041072028848210734
96.62,-0.25670018030131714,-0.8390428750420194,-0.17235583534517007
96.64,-0.20047061699721908,-0.9079852091800874,-0.1894691806985912
96.66,-0.17211135898297833,-0.9581028634293921,-0.0735873850197109
96.68,-0.16526602084160988,-1.0182440485285578,0.05671851602848149
96.7,-0.15939858814900834,-1.099899153500596,0.16673287901476025
96.72,-0.22320691868105003,-1.1756868257800324,0.2503437948843321
96.74,-0.3926290376799193,-1.2421843962961832,0.26672371115117804
96.76,-0.3926290376799193,-1.2421843962961832,0.26672371115117804
96.78,-0.6048345200623415,-1.334840937566849,0.03716040705314305
96.8,-0.6383277816826085,-1.3514653301958865,-0.8867157656694068
96.82,-0.5657183021116645,-1.0461143538184152,-1.2570974543898787
96.84,-0.4261222993001864,-1.17250863307154,-0.23151911499556885
96.86,-0.5671851602848149,-1.044403019283073,0.08434434495614705
96.88,-0.5965223237478227,-0.9280322708798093,0.05476270513094765
96.9,-0.5855208874491947,-0.8197292424288727,0.08996730128655686
96.92,-0.4197659138832014,-0.7808575008403875,0.06429728325642514
96.94,-0.18677994071448217,-0.8109280933899703,-0.011734865385203068
96.96,-0.03960517067506036,-0.8128839042875042,-0.11905998838737279
96.98,-0.07798795953916206,-0.8542004094979067,-0.17553402805366256
97.0,-0.19215842068270023,-0.9336552272102191,-0.15793172997585794
97.02,-0.2901934419215842,-0.9869510741680163,-0.12883904287504203
97.04,-0.36158053968156956,-1.0409803502123889,-0.088011490389023
97.06,-0.3936069431286862,-1.0568713137548513,-0.05451822876875592
97.08,-0.4214772484185435,-1.0378021575038963,-0.03789383613971824
97.1,-0.4341900192525135,-1.0277786266540354,-0.02126944351068056
97.12,-0.3980075176481374,-1.034379488433212,-0.019558108975338447
97.14,-0.3532683433670507,-1.0204443357882835,-0.04302783974574458
97.16,-0.3324878525807536,-0.9906182196008924,-0.07701005409039513
97.18,-0.30412859456651287,-0.9607921034135012,-0.08898939583778993
97.2,-0.28677077285089997,-0.9294991290529597,-0.09094520673532377
97.22,-0.28188124560706534,-0.9052959691959783,-0.08092167588546283
97.24,-0.2733245729303548,-0.8950279619839256,-0.06283042508327476
97.26,-0.2618341839073435,-0.9016288237631024,-0.05305137059560554
97.28,-0.25327751123063286,-0.9150750236836476,-0.06307490144546649
97.3,-0.24741007853803135,-0.931943892674877,-0.07603214864162822
97.32,-0.24520979127830578,-0.9490572380282981,-0.08263301042080494
97.34,-0.2508327476087156,-0.9629923906732267,-0.08605567949148916
97.36,-0.2589004675610427,-0.9642147724841854,-0.09241206490847416
97.38,-0.25645570393912537,-0.9607921034135012,-0.09950187941203435
97.4,-0.24496531491611404,-0.9620144852244599,-0.10170216667175992
97.42,-0.2317635913577606,-0.9725269687987043,-0.11417046114353818
97.44,-0.2063380496898206,-0.9805946887510314,-0.1366622864651774
97.46,-0.20242642789475293,-0.989151361427742,-0.15304220273202335
97.48,-0.22662958775173425,-0.9925740304984262,-0.1615988754087339
97.5,-0.24520979127830578,-0.979127830577881,-0.16282125721969257
97.52,-0.2789475292607646,-0.9676374415548696,-0.15206429728325643
97.54,-0.29752773278733613,-0.9568804816184335,-0.1376401919139443
97.569,-0.2923937291813098,-0.9549246707208997,-0.12443846835559087
97.58,-0.28823763102405037,-0.9695932524524035,-0.11319255569477125
97.6,-0.2806588637961067,-0.9827949760107569,-0.10561378846682762
97.62,-0.2762582892766556,-0.9915961250496592,-0.09681263942792531
97.64,-0.2752803838278886,-0.9930629832228096,-0.08850044311340648
97.66,-0.27308009656816307,-0.984506310546099,-0.08214405769642147
97.68,-0.2806588637961067,-0.979127830577881,-0.0767655777282034
97.7,-0.28285915105583226,-0.9759496378693885,-0.07309843229532745
97.72,-0.2799254347095315,-0.970082205176787,-0.07016471594902668
97.74,-0.27308009656816307,-0.9678819179170614,-0.05965223237478226
97.76,-0.26843504568652016,-0.9742383033340464,-0.05280689423341381
97.78,-0.26916847477309536,-0.9754606851450051,-0.05427375240656419
97.8,-0.27283562020597135,-0.9717935397121291,-0.06063013782354919
97.82,-0.27405800201693,-0.9666595361061027,-0.06454175961861687
97.84,-0.27210219111939615,-0.9632368670354184,-0.0686978577758763
97.86,-0.2662347584267946,-0.963725819759802,-0.0743208141062861
97.88,-0.2623231366317269,-0.9669040124682945,-0.07896586498792897
97.9,-0.2591449439232344,-0.9744827796962381,-0.08507777404272224
97.92,-0.25841151483665925,-0.9769275433181555,-0.09290101763285762
97.94,-0.25718913302570057,-0.9713045869877456,-0.09632368670354186
97.96,-0.2542554166793998,-0.970082205176787,-0.09607921034135011
97.98,-0.2518106530574825,-0.9708156342633621,-0.09925740304984261
98.0,-0.25449989304159154,-0.9713045869877456,-0.10536931210463588
98.02,-0.25498884576597497,-0.9744827796962381,-0.10879198117532012
98.04,-0.25376646395501634,-0.9769275433181555,-0.10561378846682762
98.06,-0.25058827124652383,-0.9764385905937719,-0.09901292668765088
98.08,-0.24667664945145615,-0.9757051615071968,-0.09241206490847416
98.1,-0.24325398038077192,-0.9749717324206215,-0.08947834856217339
98.12,-0.24325398038077192,-0.9710601106255539,-0.08727806130244782
98.14,-0.2510772239709073,-0.9713045869877456,-0.08189958133422974
98.16,-0.2510772239709073,-0.9713045869877456,-0.08189958133422974
98.18,-0.25865599119885097,-0.973749350609663,-0.08043272316107936
98.2,-0.2620786602695352,-0.9720380160743208,-0.07480976683066956
98.22,-0.2591449439232344,-0.9656816306573358,-0.06967576322464322
98.24,-0.25767808575008405,-0.9686153470036366,-0.07138709775998534
98.26,-0.25865599119885097,-0.9769275433181555,-0.0743208141062861
98.28,-0.2620786602695352,-0.978149925129114,-0.07212052684656052
98.3,-0.2598783730098096,-0.9713045869877456,-0.06845338141368457
98.32,-0.25523332212816674,-0.9659261070195275,-0.07334290865751918
98.34,-0.25767808575008405,-0.973749350609663,-0.07896586498792897
98.36,-0.26134523118296,-0.979127830577881,-0.08214405769642147
98.38,-0.25670018030131714,-0.9796167833022644,-0.08287748678299667
98.4,-0.25327751123063286,-0.9796167833022644,-0.08238853405861321
98.42,-0.25205512941967423,-0.9739938269718547,-0.08605567949148916
98.44,-0.25132170033309903,-0.9713045869877456,-0.09167863582189897
98.46,-0.25523332212816674,-0.9717935397121291,-0.09803502123888397
98.48,-0.2596338966476179,-0.9735048742474712,-0.09852397396326742
98.5,-0.26012284937200136,-0.9774164960425389,-0.09559025761696666
98.52,-0.25523332212816674,-0.9761941142315802,-0.09730159215230877
98.54,-0.25132170033309903,-0.9705711579011704,-0.10096873758518474
98.56,-0.2500993185221404,-0.96910429972802,-0.10170216667175992
98.588,-0.25303303486844114,-0.970082205176787,-0.0982794976010757
98.6,-0.25694465666350885,-0.9735048742474712,-0.09705711579011704
98.62,-0.26012284937200136,-0.9786388778534976,-0.09730159215230877
98.64,-0.2598783730098096,-0.9803502123888397,-0.09705711579011704
98.66,-0.25621122757693365,-0.9766830669559636,-0.10170216667175992
98.68,-0.25718913302570057,-0.9717935397121291,-0.09999083213641781
98.7,-0.2591449439232344,-0.966415059743911,-0.09632368670354186
98.72,-0.2574336093878923,-0.9649482015707606,-0.09950187941203435
98.74,-0.25572227485255017,-0.9666595361061027,-0.10390245393148549
98.76,-0.25498884576597497,-0.9695932524524035,-0.10365797756929376
98.78,-0.25547779849035845,-0.970082205176787,-0.10121321394737647
98.8,-0.25670018030131714,-0.9693487760902118,-0.09852397396326742
98.82,-0.25694465666350885,-0.9703266815389787,-0.09974635577422608
98.84,-0.25572227485255017,-0.970082205176787,-0.09901292668765088
98.86,-0.2510772239709073,-0.9659261070195275,-0.094367875806008
98.88,-0.2469211258136479,-0.9676374415548696,-0.09534578125477493
98.9,-0.2461876967270727,-0.9720380160743208,-0.09730159215230877
98.92,-0.25205512941967423,-0.9683708706414448,-0.09803502123888397
98.94,-0.2535219875928246,-0.9647037252085688,-0.09901292668765088
98.96,-0.2461876967270727,-0.9607921034135012,-0.10194664303395165
98.98,-0.24276502765638847,-0.9642147724841854,-0.09901292668765088
99.0,-0.2408092167588546,-0.9676374415548696,-0.09314549399504936
99.02,-0.24007578767227944,-0.9671484888304862,-0.10047978486080127
99.04,-0.24349845674296366,-0.9666595361061027,-0.11148122115942914
99.06,-0.25156617669529074,-0.9659261070195275,-0.11001436298627876
99.08,-0.25058827124652383,-0.9661705833817192,-0.10585826482901935
99.1,-0.24887693671118175,-0.9710601106255539,-0.10830302845093664
99.12,-0.2510772239709073,-0.9744827796962381,-0.11074779207285396
99.14,-0.25718913302570057,-0.973749350609663,-0.11172569752162087
99.16,-0.2662347584267946,-0.9725269687987043,-0.11172569752162087
99.18,-0.26892399841090364,-0.9698377288145952,-0.11294807933257953
99.2,-0.2669681875133698,-0.9683708706414448,-0.11172569752162087
99.22,-0.26892399841090364,-0.9651926779329524,-0.10830302845093664
99.24,-0.2686795220487119,-0.9642147724841854,-0.10561378846682762
99.26,-0.2686795220487119,-0.9642147724841854,-0.10903645753751184
99.28,-0.26916847477309536,-0.9669040124682945,-0.11368150841915473
99.3,-0.27136876203282095,-0.9705711579011704,-0.11490389023011337
99.32,-0.2757693365522721,-0.9757051615071968,-0.11245912660819607
99.34,-0.2791920056229563,-0.9796167833022644,-0.11197017388381261
99.36,-0.2743024783791217,-0.972771445160896,-0.11319255569477125
99.38,-0.26794609296213673,-0.9659261070195275,-0.11465941386792164
99.4,-0.2686795220487119,-0.9683708706414448,-0.11514836659230511
99.42,-0.2686795220487119,-0.9666595361061027,-0.11417046114353818
99.44,-0.26916847477309536,-0.9629923906732267,-0.11490389023011337
99.46,-0.267701616599945,-0.9607921034135012,-0.1166152247654555
99.48,-0.26794609296213673,-0.9642147724841854,-0.11392598478134645
99.5,-0.26794609296213673,-0.9686153470036366,-0.11197017388381261
99.52,-0.26599028206460285,-0.9713045869877456,-0.11099226843504569
99.54,-0.2630565657183021,-0.9708156342633621,-0.11050331571066223
99.56,-0.2630565657183021,-0.9708156342633621,-0.11050331571066223
99.58,-0.2635455184426856,-0.9656816306573358,-0.10976988662408703
99.609,-0.26427894752926073,-0.9632368670354184,-0.10928093389970357
99.62,-0.2669681875133698,-0.9654371542951441,-0.10756959936436146
99.64,-0.2655013293402194,-0.9720380160743208,-0.11099226843504569
99.66,-0.26501237661583593,-0.9705711579011704,-0.11563731931668857
99.68,-0.2611007548207683,-0.9620144852244599,-0.11148122115942914
99.7,-0.2581670384744675,-0.9576139107050087,-0.10610274119121108
99.72,-0.25718913302570057,-0.962747914311035,-0.11025883934847049
99.74,-0.2618341839073435,-0.9683708706414448,-0.11563731931668857
99.76,-0.26721266387556153,-0.9686153470036366,-0.11417046114353818
99.78,-0.2686795220487119,-0.9676374415548696,-0.11197017388381261
99.8,-0.2662347584267946,-0.9661705833817192,-0.11197017388381261
99.82,-0.2630565657183021,-0.9625034379488433,-0.11368150841915473
99.84,-0.2652568529780277,-0.9607921034135012,-0.11294807933257953
99.86,-0.27136876203282095,-0.9620144852244599,-0.11539284295449684
99.88,-0.27381352565473827,-0.9661705833817192,-0.11905998838737279
99.9,-0.2755248601900804,-0.9688598233658283,-0.12248265745805702
99.92,-0.276747242001039,-0.973749350609663,-0.12321608654463222
99.94,-0.2750359074656969,-0.9793723069400727,-0.12248265745805702
99.96,-0.2750359074656969,-0.9769275433181555,-0.12321608654463222
99.98,-0.27405800201693,-0.9722824924365125,-0.12590532652874126
100.0,-0.2747914311035052,-0.9703266815389787,-0.12810561378846683
100.02,-0.2777251474498059,-0.96910429972802,-0.13152828285915105
100.04,-0.2813922928826819,-0.9669040124682945,-0.12859456651285028
100.06,-0.28285915105583226,-0.9632368670354184,-0.12566085016654951
100.08,-0.2796809583473398,-0.9595697216025425,-0.1215047520092901
100.1,-0.2799254347095315,-0.9554136234452831,-0.1215047520092901
100.12,-0.2787030528985729,-0.9556580998074748,-0.12272713382024875
100.14,-0.2772361947254225,-0.9556580998074748,-0.1215047520092901
100.16,-0.2789475292607646,-0.9603031506891178,-0.1183265593007976
100.18,-0.2806588637961067,-0.9629923906732267,-0.11539284295449684
100.2,-0.2813922928826819,-0.9622589615866516,-0.11808208293860586
100.22,-0.2784585765363811,-0.9595697216025425,-0.11905998838737279
100.24,-0.25498884576597497,-0.957369434342817,-0.1271277083396999
100.26,-0.24374293310515538,-0.9539467652721327,-0.14130733734682027
100.28,-0.276747242001039,-0.9713045869877456,-0.1303059010481924
100.3,-0.26721266387556153,-0.970082205176787,-0.13421752284326008
100.32,-0.2493658894355652,-0.962747914311035,-0.15059743911010604
100.34,-0.305839929101855,-0.9710601106255539,-0.12835009015065857
100.36,-0.34177795434403935,-0.9693487760902118,-0.11465941386792164
100.38,-0.32784280169911073,-0.9634813433976103,-0.12688323197750817
100.4,-0.32637594352596033,-0.9583473397915839,-0.13470647556764356
100.42,-0.30901812181034743,-0.9461235216819973,-0.1391070500870947
100.44,-0.2943495400788436,-0.9407450417137793,-0.14277419551997067
100.46,-0.302172783668979,-0.9515020016502155,-0.14032943189805336
100.48,-0.3073067872750053,-0.9598141979647342,-0.1383736210005195
100.5,-0.3082846927237723,-0.9634813433976103,-0.14350762460654584
100.52,-0.31341869632979863,-0.972771445160896,-0.14497448277969624
100.54,-0.30975155089692263,-0.9754606851450051,-0.14399657733092933
100.56,-0.3063288818262384,-0.9720380160743208,-0.14448553005531278
100.58,-0.30095040185802036,-0.957369434342817,-0.14570791186627144
100.6,-0.3087736454481557,-0.9407450417137793,-0.1454634355040797
100.629,-0.3031506891177459,-0.940989518075971,-0.14375210096873758
100.64,-0.29826116187391133,-0.9510130489258319,-0.1454634355040797
100.66,-0.3075512636371971,-0.9620144852244599,-0.14766372276380527
100.68,-0.3073067872750053,-0.9559025761696666,-0.15010848638572258
100.7,-0.305839929101855,-0.9495461907526815,-0.1535311554564068
100.72,-0.31708584176267457,-0.9517464780124072,-0.14741924640161355
100.74,-0.31855269993582497,-0.9541912416343244,-0.14130733734682027
100.76,-0.308529169085964,-0.9532133361855576,-0.14913058093695566
100.78,-0.304862023653088,-0.9405005653515875,-0.15157534455887295
100.8,-0.31610793631390766,-0.9429453289735048,-0.14204076643339547
100.82,-0.3229532744552761,-0.9500351434770651,-0.14668581731503835
100.84,-0.3202640344711671,-0.9522354307367906,-0.16526602084160988
100.86,-0.32662041988815205,-0.9461235216819973,-0.1655104972038016
100.88,-0.32490908535280993,-0.9417229471625462,-0.16526602084160988
100.9,-0.31268526724322343,-0.9427008526113131,-0.16575497356599334
100.92,-0.3214864162821257,-0.9466124744063809,-0.16502154447941814
100.94,-0.32735384897472725,-0.953702288909941,-0.16453259175503468
100.96,-0.3209974635577423,-0.9541912416343244,-0.16453259175503468
100.98,-0.3209974635577423,-0.9541912416343244,-0.16453259175503468
101.0,-0.31928612902240017,-0.9449011398710387,-0.16037649359777525
101.02,-0.31488555450294897,-0.9365889435565199,-0.15866515906243314
101.04,-0.31268526724322343,-0.9365889435565199,-0.16282125721969257
101.06,-0.3244201326284265,-0.9429453289735048,-0.16379916266845948
101.08,-0.34275585979280626,-0.9539467652721327,-0.16404363903065122
101.1,-0.35522415426458454,-0.9585918161537756,-0.16331020994407602
101.12,-0.3540017724536259,-0.9546801943587079,-0.16917764263667756
101.14,-0.34568957613910706,-0.9497906671148734,-0.17553402805366256
101.16,-0.33224337621856187,-0.946367998044189,-0.18457965345475658
101.18,-0.3227087980930844,-0.9446566635088469,-0.19313632613146717
101.2,-0.3246646089906182,-0.9510130489258319,-0.1982703297374935
101.22,-0.3383552852733551,-0.9488127616661064,-0.19558108975338445
101.24,-0.3486232924854078,-0.9375668490052868,-0.1911805152339333
101.26,-0.34813433976102437,-0.931943892674877,-0.1894691806985912
101.28,-0.34300033615499803,-0.9285212236041928,-0.19338080249365888
101.3,-0.3454450997769153,-0.938300278091862,-0.195092137029001
101.32,-0.3503346270207499,-0.9387892308162454,-0.1919139443205085
101.34,-0.34422271796595666,-0.9326773217614521,-0.18629098799009872
101.36,-0.3461785288634905,-0.9250985545335085,-0.176022980778046
101.38,-0.3376218561867799,-0.9182532163921401,-0.17969012621092198
101.4,-0.33859976163554684,-0.9260764599822754,-0.18091250802188064
101.42,-0.3334657580295205,-0.9260764599822754,-0.176022980778046
101.44,-0.32833175442349416,-0.928276747242001,-0.16991107172325276
101.46,-0.31781927084924977,-0.9346331326589861,-0.17797879167557987
101.48,-0.30095040185802036,-0.9488127616661064,-0.19313632613146717
101.5,-0.29826116187391133,-0.9598141979647342,-0.1972924242887266
101.52,-0.29606087461418573,-0.9598141979647342,-0.1919139443205085
101.54,-0.2914158237325429,-0.9507685725636402,-0.19215842068270023
101.56,-0.28481496195336614,-0.9402560889893958,-0.20193747517036947
101.58,-0.28897106011062557,-0.9346331326589861,-0.20731595513858753
101.6,-0.2909268710081594,-0.9246096018091251,-0.20609357332762887
101.62,-0.2799254347095315,-0.9326773217614521,-0.21073862420927175
101.649,-0.3077957399993888,-0.9400116126272041,-0.20902728967392964
101.66,-0.34153347798184763,-0.9343886562967942,-0.20022614063502733
101.68,-0.33933319072212204,-0.9202090272896739,-0.20193747517036947
101.7,-0.3351770925648626,-0.9175197873055648,-0.20095956972160253
101.72,-0.3102405036213061,-0.9038291110228279,-0.19924823518626042
101.74,-0.32710937261253553,-0.9067628273691287,-0.19386975521804234
101.76,-0.35522415426458454,-0.9109189255263882,-0.19313632613146717
101.78,-0.34275585979280626,-0.901139871038719,-0.20756043150077927
101.8,-0.3454450997769153,-0.9040735873850196,-0.21391681691776426
101.82,-0.3522904379182838,-0.9077407328178957,-0.21953977324817406
101.84,-0.3659811142010207,-0.916541881856798,-0.21953977324817406
101.86,-0.3899397976958103,-0.9123857836995385,-0.2180729150750237
101.88,-0.374782263239923,-0.8982061546924182,-0.2134278641933808
101.9,-0.34813433976102437,-0.8950279619839256,-0.19973718791064388
101.92,-0.3498456742963665,-0.893805580172967,-0.19362527885585062
101.94,-0.3491122452097913,-0.8884271002047489,-0.20022614063502733
101.96,-0.355713106988968,-0.8972282492436512,-0.20511566787886196
101.98,-0.38700608134950953,-0.8417321150261284,-0.1902026097851664
102.0,-0.34177795434403935,-0.7811019772025792,-0.17993460257311372
102.02,-0.32564251443938513,-0.8182623842557223,-0.19240289704489197
102.04,-0.3324878525807536,-0.837576016868869,-0.19973718791064388
102.06,-0.3190416526602084,-0.859334413103933,-0.2053601442410537
102.08,-0.35644653607554316,-0.8705803257647526,-0.21782843871283195
102.1,-0.38260550683005834,-0.8028603734376433,-0.21685053326406503
102.12,-0.3933624667664945,-0.7253613666228647,-0.1821348898328393
102.14,-0.34397824160376494,-0.6945573449867066,-0.18604651162790697
102.16,-0.3080402163615805,-0.7478531919445038,-0.1982703297374935
102.18,-0.30095040185802036,-0.7806130244781957,-0.19338080249365888
102.2,-0.3376218561867799,-0.7500534792042294,-0.18849127524982429
102.22,-0.37209302325581395,-0.7045808758365676,-0.19069156250954986
102.24,-0.3818720777434832,-0.6434617852886348,-0.18164593710845583
102.26,-0.34348928887938146,-0.5432264767900253,-0.15304220273202335
102.28,-0.264034471167069,-0.4987317788711304,-0.11417046114353818
102.3,-0.22834092228707636,-0.5329584695779727,-0.08996730128655686
102.32,-0.25938942028542616,-0.5322250404913975,-0.07529871955505302
102.34,-0.2633010420804938,-0.4508144118815512,-0.06992023958683495
102.36,-0.1767564098646212,-0.31146288543226475,-0.05011765424930477
102.38,-0.1767564098646212,-0.31146288543226475,-0.05011765424930477
102.4,-0.05451822876875592,-0.18726889343886563,-0.01246829447177826
102.42,0.048650796076154385,-0.11392598478134645,0.01246829447177826
102.44,0.08018824679888763,-0.1271277083396999,0.041805457934785926
102.46,0.07089814503560186,-0.17969012621092198,0.08776701402683128
102.48,0.07285395593313572,-0.17455612260489564,0.10781407572655319
102.5,-0.05402927604437246,-0.035204596155609204,0.03716040705314305
102.52,-0.37380435779115606,0.15622039544051583,-0.10365797756929376
102.54,-0.6713320905784922,0.24276502765638847,-0.07701005409039513
102.56,-0.8830486202365309,-0.05549613421752284,-0.005134003606026342
102.58,-1.2901017632857623,-0.21562815145310638,-0.5019099715796229
102.6,-1.611588179567888,0.18849127524982429,-0.9879289796167833
102.62,-1.2923020505454879,0.3630473978547199,-0.33126547076979496
102.64,0.17553402805366256,0.8087278061302448,-1.4634355040796994
102.67,-0.45448155731442713,5.4369098187818965,-4.390306512239098
102.69,-6.26666259206063,0.5957888946612474,-2.714910002139168
102.71,-2.626898511750145,1.9064266723711152,-2.815634263362161
102.73,0.4486141246218256,2.0401552424899916,-1.7426275097026556
102.75,1.3387525593619167,0.8441768786480457,-0.781346453564771
102.77,0.5622956330409803,0.7422302356140941,-0.25523332212816674
102.79,0.10854750481312837,0.4645050881642881,-0.1679552608257189
102.81,0.16379916266845948,0.14693029367723007,-0.13226171194572625
102.83,-0.0046450508816428815,0.12248265745805702,-0.2031598569813281
102.85,-0.2877486782996669,0.3038841182043211,-0.19166946795831677
102.87,-0.5583840112459126,0.4180545793478593,-0.13641781010298568
102.89,-0.7911255080524402,0.28310362741802403,-0.12859456651285028
102.91,-0.7850135989976469,0.10414693029367723,-0.14228524279558719
102.93,-0.6493292179812364,-0.0919231121840907,-0.10536931210463588
102.95,-0.5554502948996118,-0.23860892949912904,-0.06967576322464322
102.97,-0.4662164226996302,-0.32906518351006936,-0.07945481771231244
102.99,-0.4806405280689423,-0.27943648198514803,-0.1672218317391437
103.01,-0.6334382544387739,-0.18971365706078294,-0.31781927084924977
103.03,-0.9287656999663845,-0.21636158053968157,-0.5456712404119427
103.05,-1.1003881062249794,-0.14081838462243682,-0.7852580753598386
103.07,-1.1003881062249794,-0.14081838462243682,-0.7852580753598386
103.09,-2.067781071417657,-0.051340036060263425,-0.9928185068606179
103.11,-3.551752589921462,-0.7451639519603949,-0.45619289184976924
103.13,-2.093451089447789,-0.4173211502612841,-0.2310301622711854
103.15,-0.8803593802524218,0.08043272316107936,-0.34568957613910706
103.17,-0.8573786022063992,0.17455612260489564,-0.23836445313693733
103.19,-0.7388075665434098,0.15890963542462488,-0.10023530849860954
103.21,-0.4830852916908596,0.16991107172325276,-0.17651193350242947
103.23,-0.4378571646853895,0.28823763102405037,-0.19215842068270023
103.25,-0.4708614735812731,0.3363994743758213,-0.242276074932005
103.27,-0.5666962075604315,0.3628029214925282,-0.3496011979341747
103.29,-0.7566543409834061,0.36182501604376127,-0.4141429575527916
103.31,-0.9649482015707606,0.37135959416923875,-0.45986003728264524
103.33,-1.0558934083060845,0.38798398679827645,-0.5160896005867432
103.35,-0.9779054487669223,0.3508235797451334,-0.6146135745500106
103.37,-0.7439415701494362,0.2180729150750237,-0.7410078538031354
103.39,-0.8334199187116096,-0.027136876203282093,-0.9400116126272041
103.41,-0.7106927848913608,-0.11490389023011337,-1.0309568193625278
103.43,-0.5828316474650858,0.03740488341533478,-1.1627295785838707
103.45,-0.711426213977936,-0.005867432692601534,-1.065427986431562
103.47,-0.6554411270360296,0.0073342908657519175,-0.8336643950738013
103.49,-0.5170675060355102,0.1454634355040797,-0.7471197628579287
103.51,-0.4989762552333221,0.18164593710845583,-0.69504629771109
103.53,-0.5478715276716682,0.14155181370901201,-0.6554411270360296
103.55,-0.6258594872108303,0.15059743911010604,-0.6686428505943831
103.57,-0.724138984811906,0.14326314824435413,-0.7058032576475262
103.59,-0.7913699844146319,0.10708064663997799,-0.7290285120557406
103.61,-0.8361091586957186,0.08483329768053051,-0.7385630901812181
103.63,-0.8845154784096813,0.06625309415395898,-0.7329401338508083
103.65,-0.9043180637472115,0.051340036060263425,-0.7055587812853344
103.679,-0.8749809002842037,0.06283042508327476,-0.6705986614919169
103.69,-0.8226629587751734,0.0831219631451884,-0.6498181707056199
103.71,-0.793081318949974,0.09534578125477493,-0.6439507380130184
103.73,-0.7789016899428536,0.10561378846682762,-0.6573969379335636
103.75,-0.770345017266143,0.10708064663997799,-0.6855117195856125
103.77,-0.7720563518014851,0.10854750481312837,-0.7168046939461541
103.79,-0.7617883445894325,0.11441493750572991,-0.7410078538031354
103.81,-0.7539651009992971,0.11783760657641414,-0.7480976683066956
103.83,-0.7524982428261467,0.12003789383613972,-0.7436970937872445
103.85,-0.7424747119762858,0.12492742107997433,-0.7353848974727256
103.87,-0.735873850197109,0.12199370473367356,-0.7234055557253308
103.89,-0.740518901078752,0.11710417748983895,-0.7202273630168383
103.91,-0.7566543409834061,0.11368150841915473,-0.7212052684656052
103.93,-0.77132292271491,0.11172569752162087,-0.7199828866546466
103.95,-0.7791461663050454,0.10976988662408703,-0.72047183937903
103.97,-0.7823243590135378,0.10414693029367723,-0.7192494575680713
103.99,-0.7747455917855942,0.10585826482901935,-0.7119151667023195
104.01,-0.7693671118173762,0.10463588301806069,-0.7055587812853344
104.03,-0.7693671118173762,0.10268007212052685,-0.7026250649390337
104.05,-0.7666778718332671,0.1031690248449103,-0.7072701158206766
104.07,-0.7566543409834061,0.10610274119121108,-0.7172936466705375
104.09,-0.7608104391406656,0.10268007212052685,-0.7226721266387556
104.11,-0.7701005409039513,0.100724261222993,-0.7243834611740977
104.13,-0.7710784463527183,0.10047978486080127,-0.7192494575680713
104.15,-0.7656999663845002,0.10610274119121108,-0.7119151667023195
104.17,-0.7656999663845002,0.1095254102618953,-0.7102038321669774
104.19,-0.7679002536442258,0.11099226843504569,-0.7146044066864284
104.21,-0.7681447300064175,0.11025883934847049,-0.7190049812058796
104.23,-0.772300828163677,0.10756959936436146,-0.7212052684656052
104.25,-0.7639886318491581,0.10610274119121108,-0.7216942211899887
104.27,-0.752253766463955,0.11123674479723741,-0.7165602175839624
104.29,-0.7581211991565565,0.11148122115942914,-0.7104483085291691
104.31,-0.7644775845735415,0.11221465024600434,-0.7106927848913608
104.33,-0.7669223481954588,0.11245912660819607,-0.7194939339302631
104.35,-0.7693671118173762,0.10879198117532012,-0.7248724138984812
104.37,-0.77132292271491,0.10365797756929376,-0.7231610793631391
104.39,-0.7674113009198423,0.10512483574244415,-0.7170491703083458
104.41,-0.7664333954710754,0.10756959936436146,-0.7080035449072518
104.43,-0.7683892063686092,0.1095254102618953,-0.7072701158206766
104.45,-0.7705894936283348,0.10585826482901935,-0.7138709775998533
104.47,-0.7705894936283348,0.10585826482901935,-0.7138709775998533
104.49,-0.7679002536442258,0.10610274119121108,-0.7185160284814962
104.51,-0.7644775845735415,0.10610274119121108,-0.7192494575680713
104.53,-0.760321486416282,0.1063472175534028,-0.7190049812058796
104.55,-0.7600770100540903,0.10708064663997799,-0.715093359410812
104.57,-0.7595880573297069,0.10903645753751184,-0.7138709775998533
104.59,-0.7625217736760077,0.11001436298627876,-0.7153378357730037
104.61,-0.7674113009198423,0.10585826482901935,-0.721449744827797
104.63,-0.7715673990771017,0.1031690248449103,-0.7209607921034135
104.65,-0.7725453045258687,0.10683617027778626,-0.7148488830486203
104.67,-0.7679002536442258,0.11148122115942914,-0.7126485957888946
104.698,-0.7529871955505302,0.11343703205696298,-0.7165602175839624
104.71,-0.7527427191883385,0.10976988662408703,-0.7221831739143721
104.73,-0.7630107264003911,0.10365797756929376,-0.7246279375362894
104.75,-0.7679002536442258,0.10512483574244415,-0.7190049812058796
104.77,-0.7718118754392934,0.10732512300216973,-0.7109372612535525
104.79,-0.7749900681477859,0.10683617027778626,-0.7104483085291691
104.81,-0.7701005409039513,0.1063472175534028,-0.715093359410812
104.83,-0.7654554900223085,0.10756959936436146,-0.717782599394921
104.85,-0.7647220609357332,0.10732512300216973,-0.7190049812058796
104.87,-0.7615438682272407,0.10781407572655319,-0.7172936466705375
104.89,-0.7634996791247746,0.10854750481312837,-0.7126485957888946
104.91,-0.7654554900223085,0.10976988662408703,-0.714115453962045
104.93,-0.7625217736760077,0.1063472175534028,-0.7182715521193045
104.95,-0.7642331082113498,0.10463588301806069,-0.72047183937903
104.97,-0.7661889191088836,0.10610274119121108,-0.7197384102924549
104.99,-0.7693671118173762,0.10659169391559453,-0.7160712648595788
105.01,-0.762277297313816,0.11074779207285396,-0.7143599303242367
105.03,-0.7556764355346393,0.11245912660819607,-0.7192494575680713
105.05,-0.7588546282431318,0.10976988662408703,-0.7216942211899887
105.07,-0.7639886318491581,0.10390245393148549,-0.7226721266387556
105.09,-0.767655777282034,0.10243559575833511,-0.7163157412217706
105.11,-0.7720563518014851,0.10512483574244415,-0.7106927848913608
105.13,-0.770345017266143,0.11025883934847049,-0.7116706903401278
105.15,-0.7634996791247746,0.10903645753751184,-0.72047183937903
105.17,-0.7588546282431318,0.10585826482901935,-0.7248724138984812
105.19,-0.7608104391406656,0.10536931210463588,-0.7226721266387556
105.21,-0.7647220609357332,0.10439140665586896,-0.7158267884973871
105.23,-0.770345017266143,0.10805855208874492,-0.7119151667023195
105.25,-0.7679002536442258,0.11123674479723741,-0.7136265012376616
105.27,-0.7659444427466919,0.11050331571066223,-0.7185160284814962
105.29,-0.7647220609357332,0.10610274119121108,-0.7236500320875225
105.31,-0.7605659627784739,0.10536931210463588,-0.7221831739143721
105.33,-0.7647220609357332,0.10659169391559453,-0.7155823121351954
105.35,-0.7664333954710754,0.10732512300216973,-0.7133820248754699
105.37,-0.7696115881795679,0.11001436298627876,-0.7143599303242367
105.39,-0.7715673990771017,0.10879198117532012,-0.7194939339302631
105.41,-0.7551874828102557,0.10561378846682762,-0.7263392720716315
105.43,-0.752253766463955,0.10659169391559453,-0.7180270757571127
105.45,-0.7652110136601167,0.1095254102618953,-0.7094704030804021
105.47,-0.7701005409039513,0.10879198117532012,-0.7128930721510863
105.49,-0.7727897808880604,0.10610274119121108,-0.7207163157412217
105.51,-0.7747455917855942,0.10488035938025242,-0.7216942211899887
105.53,-0.7705894936283348,0.10536931210463588,-0.7175381230327292
105.55,-0.7632552027625829,0.10879198117532012,-0.7133820248754699
105.57,-0.7586101518809399,0.11050331571066223,-0.7136265012376616
105.59,-0.754943006448064,0.1095254102618953,-0.7197384102924549
105.61,-0.7581211991565565,0.10683617027778626,-0.7229166030009473
105.63,-0.7661889191088836,0.10463588301806069,-0.7209607921034135
105.65,-0.772300828163677,0.10610274119121108,-0.7155823121351954
105.67,-0.770345017266143,0.11001436298627876,-0.7099593558047856
105.69,-0.7637441554869664,0.10854750481312837,-0.7175381230327292
105.718,-0.7586101518809399,0.10561378846682762,-0.7231610793631391
105.73,-0.7620328209516243,0.10268007212052685,-0.724138984811906
105.75,-0.7642331082113498,0.10659169391559453,-0.7194939339302631
105.77,-0.7564098646212144,0.11050331571066223,-0.7158267884973871
105.79,-0.7539651009992971,0.11172569752162087,-0.7212052684656052
105.81,-0.762277297313816,0.10561378846682762,-0.7224276502765639
105.83,-0.7708339699905266,0.10170216667175992,-0.717782599394921
105.85,-0.7745011154234025,0.10659169391559453,-0.7138709775998533
105.87,-0.7693671118173762,0.10976988662408703,-0.7133820248754699
105.89,-0.7693671118173762,0.10976988662408703,-0.7133820248754699
105.91,-0.7617883445894325,0.10879198117532012,-0.7194939339302631
105.93,-0.7588546282431318,0.10585826482901935,-0.7231610793631391
105.95,-0.7620328209516243,0.10805855208874492,-0.7180270757571127
105.97,-0.7659444427466919,0.10928093389970357,-0.7126485957888946
105.99,-0.7664333954710754,0.10928093389970357,-0.7143599303242367
106.01,-0.7656999663845002,0.10536931210463588,-0.7192494575680713
106.03,-0.7659444427466919,0.10414693029367723,-0.7248724138984812
106.05,-0.7639886318491581,0.10268007212052685,-0.7219386975521804
106.07,-0.7578767227943648,0.10659169391559453,-0.7182715521193045
106.09,-0.7600770100540903,0.10976988662408703,-0.7148488830486203
106.11,-0.7627662500381994,0.11025883934847049,-0.7192494575680713
106.13,-0.764966537297925,0.10781407572655319,-0.7224276502765639
106.15,-0.7679002536442258,0.10439140665586896,-0.721449744827797
106.17,-0.7664333954710754,0.10512483574244415,-0.7165602175839624
106.19,-0.7661889191088836,0.10805855208874492,-0.7126485957888946
106.21,-0.7654554900223085,0.10781407572655319,-0.7148488830486203
106.23,-0.760321486416282,0.10708064663997799,-0.7197384102924549
106.25,-0.762277297313816,0.10659169391559453,-0.7231610793631391
106.27,-0.7642331082113498,0.10585826482901935,-0.7212052684656052
106.29,-0.7656999663845002,0.10708064663997799,-0.7190049812058796
106.31,-0.7652110136601167,0.10683617027778626,-0.7170491703083458
106.33,-0.7654554900223085,0.10879198117532012,-0.7172936466705375
106.35,-0.7654554900223085,0.10732512300216973,-0.7194939339302631
106.37,-0.7573877700699814,0.10903645753751184,-0.7216942211899887
106.39,-0.7568988173455978,0.10805855208874492,-0.7172936466705375
106.41,-0.7661889191088836,0.10830302845093664,-0.7163157412217706
106.43,-0.7632552027625829,0.10488035938025242,-0.724138984811906
106.45,-0.7625217736760077,0.10121321394737647,-0.7300064175045076
106.47,-0.7661889191088836,0.10023530849860954,-0.7251168902606729
106.49,-0.7600770100540903,0.10854750481312837,-0.7136265012376616
106.51,-0.762277297313816,0.11123674479723741,-0.7084924976316352
106.53,-0.7659444427466919,0.11099226843504569,-0.7146044066864284
106.55,-0.7666778718332671,0.10708064663997799,-0.724138984811906
106.57,-0.7656999663845002,0.10512483574244415,-0.7234055557253308
106.59,-0.7617883445894325,0.10561378846682762,-0.72047183937903
106.61,-0.7564098646212144,0.10610274119121108,-0.7180270757571127
106.63,-0.755920911896831,0.10708064663997799,-0.7182715521193045
106.65,-0.764966537297925,0.10659169391559453,-0.7185160284814962
106.67,-0.7669223481954588,0.10610274119121108,-0.7192494575680713
106.69,-0.7639886318491581,0.10561378846682762,-0.721449744827797
106.71,-0.7642331082113498,0.10365797756929376,-0.7202273630168383
106.738,-0.7630107264003911,0.10439140665586896,-0.7168046939461541
106.75,-0.7647220609357332,0.10732512300216973,-0.7128930721510863
106.77,-0.7656999663845002,0.10928093389970357,-0.7158267884973871
106.79,-0.7647220609357332,0.10928093389970357,-0.7226721266387556
106.81,-0.762277297313816,0.10683617027778626,-0.7246279375362894
106.83,-0.7639886318491581,0.10414693029367723,-0.7212052684656052
106.85,-0.7647220609357332,0.10561378846682762,-0.7168046939461541
106.87,-0.7593435809675152,0.10756959936436146,-0.7153378357730037
106.89,-0.7568988173455978,0.10805855208874492,-0.717782599394921
106.91,-0.7617883445894325,0.10830302845093664,-0.7194939339302631
106.93,-0.7627662500381994,0.10854750481312837,-0.7234055557253308
106.95,-0.764966537297925,0.10268007212052685,-0.7251168902606729
106.97,-0.767655777282034,0.09925740304984261,-0.7224276502765639
106.99,-0.7674113009198423,0.10341350120710203,-0.7172936466705375
107.01,-0.7674113009198423,0.10756959936436146,-0.7089814503560187
107.03,-0.7647220609357332,0.10903645753751184,-0.7111817376157442
107.05,-0.7627662500381994,0.10708064663997799,-0.7194939339302631
107.07,-0.7595880573297069,0.10732512300216973,-0.7236500320875225
107.09,-0.7581211991565565,0.1063472175534028,-0.7238945084497143
107.11,-0.7608104391406656,0.10463588301806069,-0.7202273630168383
107.13,-0.7647220609357332,0.10585826482901935,-0.7143599303242367
107.15,-0.7671668245576506,0.10879198117532012,-0.7133820248754699
107.17,-0.7647220609357332,0.10928093389970357,-0.7187605048436879
107.19,-0.7647220609357332,0.10488035938025242,-0.7236500320875225
107.21,-0.764966537297925,0.10121321394737647,-0.7253613666228647
107.23,-0.7637441554869664,0.10243559575833511,-0.7175381230327292
107.25,-0.7686336827308009,0.10756959936436146,-0.7126485957888946
107.27,-0.7637441554869664,0.11025883934847049,-0.7172936466705375
107.29,-0.7637441554869664,0.11025883934847049,-0.7172936466705375
107.31,-0.7478531919445038,0.1095254102618953,-0.7251168902606729
107.33,-0.7551874828102557,0.10561378846682762,-0.7221831739143721
107.35,-0.7683892063686092,0.10439140665586896,-0.7190049812058796
107.37,-0.7708339699905266,0.10414693029367723,-0.715093359410812
107.39,-0.7710784463527183,0.10219111939614338,-0.7187605048436879
107.41,-0.7656999663845002,0.10341350120710203,-0.7197384102924549
107.43,-0.761299391865049,0.10781407572655319,-0.7163157412217706
107.45,-0.7588546282431318,0.10756959936436146,-0.714115453962045
107.47,-0.7630107264003911,0.10805855208874492,-0.7168046939461541
107.49,-0.7642331082113498,0.10756959936436146,-0.7192494575680713
107.51,-0.7656999663845002,0.10463588301806069,-0.7209607921034135
107.53,-0.7625217736760077,0.10708064663997799,-0.7172936466705375
107.55,-0.7571432937077897,0.11123674479723741,-0.7163157412217706
107.57,-0.760321486416282,0.10708064663997799,-0.7192494575680713
107.59,-0.7654554900223085,0.10341350120710203,-0.7258503193472481
107.61,-0.7705894936283348,0.10023530849860954,-0.7258503193472481
107.63,-0.7671668245576506,0.10121321394737647,-0.7182715521193045
107.65,-0.7698560645417596,0.10194664303395165,-0.7109372612535525
107.67,-0.7647220609357332,0.10708064663997799,-0.7124041194267029
107.69,-0.7456529046847783,0.11050331571066223,-0.7170491703083458
107.71,-0.7500534792042294,0.10659169391559453,-0.7216942211899887
107.73,-0.7666778718332671,0.10805855208874492,-0.7212052684656052
107.758,-0.7764569263209363,0.10879198117532012,-0.7202273630168383
107.77,-0.7820798826513461,0.10365797756929376,-0.7209607921034135
107.79,-0.7764569263209363,0.10414693029367723,-0.7175381230327292
107.81,-0.7578767227943648,0.11099226843504569,-0.715093359410812
107.83,-0.7502979555664212,0.11172569752162087,-0.717782599394921
107.85,-0.7590991046053235,0.10683617027778626,-0.7226721266387556
107.87,-0.7674113009198423,0.10292454848271858,-0.7280506066069736
107.89,-0.7669223481954588,0.1031690248449103,-0.7253613666228647
107.91,-0.7598325336918986,0.1127036029703878,-0.7163157412217706
107.93,-0.7493200501176542,0.11441493750572991,-0.7165602175839624
107.95,-0.749564526479846,0.10708064663997799,-0.724138984811906
107.97,-0.7480976683066956,0.10976988662408703,-0.7260947957094398
107.99,-0.7576322464321731,0.10976988662408703,-0.7263392720716315
108.01,-0.761299391865049,0.10903645753751184,-0.7263392720716315
108.03,-0.7593435809675152,0.10928093389970357,-0.7258503193472481
108.05,-0.754943006448064,0.10659169391559453,-0.7322067047642331
108.07,-0.7488310973932708,0.1095254102618953,-0.7356293738349173
108.09,-0.7370962320080677,0.10243559575833511,-0.7422302356140941
108.11,-0.7292729884179323,0.094367875806008,-0.7446749992360113
108.13,-0.7270727011582068,0.09730159215230877,-0.7444305228738196
108.15,-0.726828224796015,0.1031690248449103,-0.7480976683066956
108.17,-0.7270727011582068,0.10414693029367723,-0.7500534792042294
108.19,-0.7317177520398497,0.10096873758518474,-0.755920911896831
108.21,-0.7322067047642331,0.10047978486080127,-0.7566543409834061
108.23,-0.7322067047642331,0.10194664303395165,-0.7544540537236806
108.25,-0.7258503193472481,0.10561378846682762,-0.744919475598203
108.27,-0.7300064175045076,0.10439140665586896,-0.7402744247165602
108.29,-0.7392965192677933,0.09656816306573358,-0.749564526479846
108.31,-0.7375851847324512,0.0975460685145005,-0.7571432937077897
108.33,-0.7385630901812181,0.09534578125477493,-0.7576322464321731
108.35,-0.7339180392995752,0.0982794976010757,-0.7546985300858723
108.37,-0.7238945084497143,0.10439140665586896,-0.7490755737554625
108.39,-0.7216942211899887,0.10414693029367723,-0.7515203373773798
