Time (seconds),X,Y,Z
0.0,-0.3808941722947162,-0.9417229471625462,0.1334840937566849
0.02,-0.38553922317635914,-0.9407450417137793,0.1317727592213428
0.04,-0.3830944595544418,-0.9471014271307643,0.1312838064969593
0.06,-0.3852947468141674,-0.941967423524738,0.1334840937566849
0.08,-0.3830944595544418,-0.9549246707208997,0.13006142468600068
0.1,-0.37453778687773126,-0.953702288909941,0.13055037741038414
0.12,-0.36744797237417104,-0.9519909543745989,0.13250618830791797
0.14,-0.36744797237417104,-0.9556580998074748,0.13299514103230142
0.16,-0.3667145432875959,-0.9517464780124072,0.13421752284326008
0.18,-0.3664700669254041,-0.9507685725636402,0.1359288573786022
0.2,-0.36255844513033647,-0.9500351434770651,0.1359288573786022
0.22,-0.36255844513033647,-0.9475903798551477,0.13543990465421873
0.24,-0.3701372123582801,-0.9493017143904898,0.1376401919139443
0.26,-0.3750267396021147,-0.9502796198392568,0.13421752284326008
0.28,-0.3779604559484155,-0.9500351434770651,0.13641781010298568
0.3,-0.3813831250190997,-0.9493017143904898,0.13519542829202702
0.32,-0.3821165541056749,-0.9495461907526815,0.1359288573786022
0.34,-0.3830944595544418,-0.9493017143904898,0.13788466827613605
0.36,-0.38260550683005834,-0.9449011398710387,0.14106286098462856
0.38,-0.3828499831922501,-0.9429453289735048,0.13788466827613605
0.4,-0.381138648656908,-0.9488127616661064,0.1334840937566849
0.42,-0.3755156923264982,-0.9500351434770651,0.1464413409528466
0.44,-0.37135959416923875,-0.952724383461174,0.14008495553586162
0.46,-0.3823610304678666,-0.9493017143904898,0.14179629007120373
0.47,-0.3708706414448553,-0.9434342816978883,0.13935152644928644
0.49,-0.36989273599608835,-0.9436787580600801,0.1447300064175045
0.51,-0.37062616508266355,-0.9500351434770651,0.14497448277969624
0.53,-0.36915930690951315,-0.9461235216819973,0.14448553005531278
0.55,-0.37282645234238915,-0.9422118998869297,0.1454634355040797
0.57,-0.3784494086727989,-0.9436787580600801,0.14570791186627144
0.59,-0.37258197598019743,-0.9453900925954222,0.14766372276380527
0.61,-0.3762491214130734,-0.946367998044189,0.147908199125997
0.63,-0.3796717904837576,-0.9522354307367906,0.1461968645906549
0.65,-0.37380435779115606,-0.9566360052562418,0.14741924640161355
0.67,-0.36255844513033647,-0.9546801943587079,0.14888610457476392
0.69,-0.3613360633193778,-0.9610365797756929,0.14986401002353084
0.71,-0.35766891788650185,-0.9549246707208997,0.15206429728325643
0.73,-0.35840234697307705,-0.9517464780124072,0.1535311554564068
0.75,-0.35717996516211836,-0.9488127616661064,0.15377563181859855
0.77,-0.3505791033829417,-0.9502796198392568,0.15206429728325643
0.79,-0.3486232924854078,-0.9495461907526815,0.1510863918344895
0.81,-0.3642697796656786,-0.9497906671148734,0.1527977263698316
0.83,-0.3808941722947162,-0.9522354307367906,0.15059743911010604
0.85,-0.38871741588485165,-0.9471014271307643,0.14888610457476392
0.87,-0.38871741588485165,-0.9471014271307643,0.1486416282125722
0.89,-0.39042875042019376,-0.9478348562173394,0.14668581731503835
0.91,-0.3835834122788253,-0.9461235216819973,0.147908199125997
0.93,-0.38260550683005834,-0.946367998044189,0.1464413409528466
0.95,-0.3918956085933441,-0.9453900925954222,0.1391070500870947
0.96,-0.3899397976958103,-0.9485682853039147,0.14179629007120373
0.98,-0.38798398679827645,-0.9466124744063809,0.14252971915777893
1.0,-0.3975185649237539,-0.957369434342817,0.13323961739449316
1.02,-0.3945848485774532,-0.952724383461174,0.13495095192983528
1.04,-0.38578369953855085,-0.9495461907526815,0.13788466827613605
1.06,-0.38505027045197565,-0.9529688598233658,0.13959600281147816
1.08,-0.3816276013812914,-0.9461235216819973,0.14057390826024507
1.1,-0.3779604559484155,-0.9387892308162454,0.14032943189805336
1.12,-0.37282645234238915,-0.9363444671943282,0.14106286098462856
1.14,-0.3782049323106072,-0.9395226599028206,0.14668581731503835
1.16,-0.38700608134950953,-0.9375668490052868,0.14839715185038047
1.18,-0.38749503407389296,-0.9456345689576139,0.1471747700394218
1.2,-0.3808941722947162,-0.9451456162332305,0.14130733734682027
1.22,-0.3789383613971824,-0.9466124744063809,0.14081838462243682
1.24,-0.3784494086727989,-0.9507685725636402,0.14350762460654584
1.26,-0.3796717904837576,-0.9502796198392568,0.13861809736271125
1.28,-0.381138648656908,-0.9488127616661064,0.1373957155517526
1.3,-0.3764935977752651,-0.9466124744063809,0.13617333374079393
1.32,-0.3789383613971824,-0.9495461907526815,0.1381291446383278
1.34,-0.3767380741374568,-0.9507685725636402,0.1366622864651774
1.36,-0.38407236500320874,-0.9529688598233658,0.13446199920545182
1.38,-0.380160743208141,-0.9512575252880237,0.1359288573786022
1.4,-0.381138648656908,-0.9519909543745989,0.13886257372490296
1.42,-0.3806496959325245,-0.9515020016502155,0.1373957155517526
1.44,-0.377471503224032,-0.9456345689576139,0.1366622864651774
1.45,-0.3789383613971824,-0.9441677107844635,0.14032943189805336
1.46,-0.3779604559484155,-0.9407450417137793,0.13886257372490296
1.48,-0.3791828377593741,-0.9451456162332305,0.1359288573786022
1.5,-0.3816276013812914,-0.9461235216819973,0.14399657733092933
1.52,-0.3821165541056749,-0.9444121871466552,0.14986401002353084
1.54,-0.383827888641017,-0.9561470525318583,0.13935152644928644
1.56,-0.3772270268618403,-0.9497906671148734,0.14179629007120373
1.58,-0.37209302325581395,-0.9485682853039147,0.14204076643339547
1.6,-0.3694037832717049,-0.9561470525318583,0.14521895914188795
1.62,-0.3635363505791034,-0.9510130489258319,0.14497448277969624
1.64,-0.36255844513033647,-0.9444121871466552,0.1383736210005195
1.66,-0.35742444152431013,-0.9422118998869297,0.14032943189805336
1.68,-0.36011368150841916,-0.9458790453198056,0.13886257372490296
1.7,-0.36182501604376127,-0.9495461907526815,0.14008495553586162
1.72,-0.36818140146074624,-0.9544357179965162,0.14106286098462856
1.74,-0.3596247287840357,-0.952724383461174,0.13959600281147816
1.76,-0.35742444152431013,-0.9510130489258319,0.1359288573786022
1.78,-0.37062616508266355,-0.948323808941723,0.13715123918956085
1.8,-0.37380435779115606,-0.9444121871466552,0.1366622864651774
1.82,-0.3757601686886899,-0.9439232344222718,0.13470647556764356
1.84,-0.37355988142896435,-0.9449011398710387,0.13299514103230142
1.86,-0.37527121596430646,-0.9458790453198056,0.1303059010481924
1.88,-0.38333893591663354,-0.9517464780124072,0.1320172355835345
1.9,-0.38871741588485165,-0.9534578125477493,0.12981694832380894
1.92,-0.3877395104360847,-0.9529688598233658,0.13323961739449316
1.94,-0.3821165541056749,-0.9554136234452831,0.1334840937566849
1.956,-0.38407236500320874,-0.9502796198392568,0.13519542829202702
1.976,-0.3786938850349907,-0.9449011398710387,0.13299514103230142
1.996,-0.3750267396021147,-0.9412339944381627,0.13617333374079393
2.016,-0.3686703541851297,-0.9407450417137793,0.12688323197750817
2.036,-0.3610915869571861,-0.9441677107844635,0.13299514103230142
2.056,-0.36182501604376127,-0.9461235216819973,0.14081838462243682
2.076,-0.3662255905632124,-0.9571249579806252,0.1303059010481924
2.096,-0.3635363505791034,-0.9505240962014485,0.13323961739449316
2.116,-0.3596247287840357,-0.9475903798551477,0.13495095192983528
2.136,-0.3588912996974605,-0.9590807688781591,0.13568438101641048
2.156,-0.35840234697307705,-0.95639152889405,0.1383736210005195
2.176,-0.3637808269412951,-0.9544357179965162,0.13788466827613605
2.196,-0.3603581578706109,-0.957369434342817,0.1376401919139443
2.216,-0.36182501604376127,-0.9534578125477493,0.13690676282736913
2.236,-0.36255844513033647,-0.9544357179965162,0.1381291446383278
2.256,-0.3635363505791034,-0.9603031506891178,0.13788466827613605
2.276,-0.3635363505791034,-0.9590807688781591,0.13372857011887662
2.296,-0.3596247287840357,-0.952724383461174,0.1317727592213428
2.316,-0.3610915869571861,-0.9534578125477493,0.13226171194572625
2.336,-0.3657366378388289,-0.9497906671148734,0.1334840937566849
2.356,-0.36818140146074624,-0.9495461907526815,0.13250618830791797
2.376,-0.36964825963389664,-0.9493017143904898,0.13079485377257585
2.396,-0.37209302325581395,-0.9466124744063809,0.1310393301347676
2.416,-0.37258197598019743,-0.948323808941723,0.1312838064969593
2.426,-0.37600464505088166,-0.9490572380282981,0.1295724719616172
2.44,-0.3784494086727989,-0.9495461907526815,0.1317727592213428
2.46,-0.3823610304678666,-0.9515020016502155,0.12932799559942548
2.48,-0.3786938850349907,-0.9519909543745989,0.12761666106408337
2.5,-0.3740488341533478,-0.9515020016502155,0.1303059010481924
2.52,-0.3679369250985545,-0.9475903798551477,0.13690676282736913
2.54,-0.3623139687681447,-0.9519909543745989,0.12883904287504203
2.56,-0.35669101243773493,-0.957369434342817,0.13323961739449316
2.58,-0.3498456742963665,-0.9512575252880237,0.14424105369312104
2.6,-0.35522415426458454,-0.9595697216025425,0.13470647556764356
2.62,-0.35546863062677625,-0.9549246707208997,0.13006142468600068
2.64,-0.3518014851939003,-0.9505240962014485,0.1366622864651774
2.66,-0.34740091067444917,-0.95639152889405,0.1373957155517526
2.68,-0.3454450997769153,-0.9522354307367906,0.13617333374079393
2.7,-0.3527793906426672,-0.9493017143904898,0.13617333374079393
2.72,-0.35620205971335145,-0.9544357179965162,0.13519542829202702
2.74,-0.364758732390062,-0.952724383461174,0.1383736210005195
2.76,-0.368425877822938,-0.9505240962014485,0.13788466827613605
2.78,-0.3669590196497876,-0.952724383461174,0.13519542829202702
2.8,-0.3581578706108853,-0.957369434342817,0.13421752284326008
2.82,-0.3522904379182838,-0.9546801943587079,0.13617333374079393
2.84,-0.3540017724536259,-0.9593252452403508,0.14008495553586162
2.86,-0.35620205971335145,-0.9585918161537756,0.14155181370901201
2.88,-0.3540017724536259,-0.9519909543745989,0.1383736210005195
2.9,-0.3498456742963665,-0.9507685725636402,0.14032943189805336
2.91,-0.3515570088317086,-0.953702288909941,0.14326314824435413
2.92,-0.3532683433670507,-0.9541912416343244,0.14130733734682027
2.94,-0.35522415426458454,-0.9546801943587079,0.13886257372490296
2.96,-0.3603581578706109,-0.9510130489258319,0.13935152644928644
2.98,-0.3588912996974605,-0.9539467652721327,0.13861809736271125
3.0,-0.35742444152431013,-0.9554136234452831,0.13715123918956085
3.02,-0.3532683433670507,-0.9500351434770651,0.13861809736271125
3.04,-0.3527793906426672,-0.9466124744063809,0.14057390826024507
3.06,-0.3542462488158176,-0.9458790453198056,0.14326314824435413
3.08,-0.35644653607554316,-0.9568804816184335,0.14301867188216238
3.1,-0.36158053968156956,-0.953702288909941,0.15793172997585794
3.12,-0.3669590196497876,-0.9424563762491214,0.15842068270024143
3.14,-0.37307092870458086,-0.9497906671148734,0.15866515906243314
3.16,-0.37111511780704703,-0.9556580998074748,0.17724536258900467
3.18,-0.37698255049964857,-0.9757051615071968,0.19215842068270023
3.2,-0.3782049323106072,-0.9847507869082908,0.19973718791064388
3.22,-0.37209302325581395,-0.9497906671148734,0.19460318430461754
3.24,-0.38431684136540045,-0.928276747242001,0.18580203526571523
3.26,-0.39287351404211107,-0.921920361825016,0.16917764263667756
3.28,-0.39874094673471255,-0.921920361825016,0.14815267548818872
3.3,-0.4116981939308743,-0.9412339944381627,0.11637074840326375
3.32,-0.4278336338355285,-0.9478348562173394,0.10292454848271858
3.34,-0.42661125202456984,-0.9280322708798093,0.10512483574244415
3.36,-0.4234330593160774,-0.9294991290529597,0.11001436298627876
3.38,-0.41218714665525774,-0.941967423524738,0.11172569752162087
3.4,-0.3980075176481374,-0.9617700088622682,0.10781407572655319
3.42,-0.40265256852978026,-0.9629923906732267,0.11539284295449684
3.44,-0.3909177031445772,-0.9444121871466552,0.12981694832380894
3.46,-0.3828499831922501,-0.9331662744858357,0.1461968645906549
3.48,-0.3816276013812914,-0.9424563762491214,0.16331020994407602
3.5,-0.3821165541056749,-0.9561470525318583,0.1686886899122941
3.52,-0.3664700669254041,-0.9517464780124072,0.1694221189988693
3.54,-0.35620205971335145,-0.9436787580600801,0.16257678085750082
3.56,-0.36182501604376127,-0.9439232344222718,0.1486416282125722
3.58,-0.3806496959325245,-0.9346331326589861,0.1359288573786022
3.6,-0.40387495034073895,-0.9375668490052868,0.1303059010481924
3.62,-0.424655441127036,-0.9617700088622682,0.1310393301347676
3.64,-0.4209882956941601,-0.9703266815389787,0.1535311554564068
3.66,-0.3926290376799193,-0.9937964123093849,0.18286831891941446
3.68,-0.36964825963389664,-1.0495370228890994,0.20438223879228676
3.7,-0.35644653607554316,-1.0519817865110166,0.22027320233474926
3.72,-0.3623139687681447,-1.0231335757723925,0.23225254408214405
3.74,-0.36818140146074624,-0.9947743177581517,0.2405647403966629
3.76,-0.3652476851144455,-1.0050423249702045,0.26647923478898633
3.78,-0.34153347798184763,-1.0277786266540354,0.3031506891177459
3.8,-0.32417565626623474,-0.9950187941203434,0.3197750817467836
3.82,-0.3209974635577423,-0.9957522232069187,0.323931179904043
3.84,-0.31317421996760686,-1.0248449103077346,0.34300033615499803
3.86,-0.30266173639336247,-1.025333863032118,0.35717996516211836
3.88,-0.2899489655593925,-1.020933288512667,0.37282645234238915
3.89,-0.27308009656816307,-1.020933288512667,0.3830944595544418
3.91,-0.25156617669529074,-1.006264706781163,0.3816276013812914
3.93,-0.23860892949912904,-1.0231335757723925,0.36818140146074624
3.95,-0.22931882773584328,-1.039024539314855,0.36084711059499436
3.97,-0.23396387861748616,-1.0585826482901934,0.35986920514622744
3.99,-0.24007578767227944,-1.0605384591877272,0.3496011979341747
4.01,-0.2405647403966629,-1.0585826482901934,0.33199889985637016
4.03,-0.23518626042844482,-1.0659169391559453,0.31244079088103166
4.05,-0.22736301683830945,-1.0822968554227912,0.2948384928032271
4.07,-0.21489472236653118,-1.0796076154386822,0.28114781652049015
4.09,-0.20658252605201236,-1.0632276991718363,0.26916847477309536
4.11,-0.20658252605201236,-1.047092259267182,0.2476545549002231
4.13,-0.20829386058735447,-1.0224001466858172,0.2214955841457079
4.15,-0.21318338783118906,-0.995507746844727,0.19484766066680928
4.17,-0.22125110778351617,-0.9776609724047306,0.1726003117073618
4.19,-0.21685053326406503,-0.9686153470036366,0.15646487180270757
4.21,-0.21147205329584695,-0.9647037252085688,0.1454634355040797
4.23,-0.20438223879228676,-0.9431898053356966,0.1359288573786022
4.25,-0.1982703297374935,-0.9202090272896739,0.12981694832380894
4.27,-0.19338080249365888,-0.9116523546129633,0.12492742107997433
4.29,-0.19142499159612505,-0.9050514928337866,0.1207713229227149
4.31,-0.19142499159612505,-0.9074962564557039,0.12737218470189163
4.33,-0.20022614063502733,-0.9211869327384409,0.13788466827613605
4.35,-0.21293891146899735,-0.9549246707208997,0.15402010818079026
4.37,-0.22589615866515905,-0.9986859395532194,0.18506860617914006
4.38,-0.23396387861748616,-1.0197109067017083,0.2158726278152981
4.396,-0.24398740946734712,-1.0294899611893775,0.24252055129419675
4.416,-0.2461876967270727,-1.0277786266540354,0.2718577147572044
4.436,-0.24252055129419675,-1.0546710264951258,0.3092625981725392
4.456,-0.24814350762460655,-1.1292363169636035,0.3606026342328026
4.476,-0.25205512941967423,-1.2101579928490664,0.43296763744155486
4.496,-0.26012284937200136,-1.274944228829875,0.5031323533905815
4.516,-0.2762582892766556,-1.304770345017266,0.5720746875286495
4.536,-0.3036396418421294,-1.2673654616019314,0.6224368181401461
4.556,-0.32808727806130245,-1.1798429239372918,0.6559300797604132
4.576,-0.3371329034623965,-1.0815634263362162,0.6671759924212327
4.596,-0.3676924487363628,-1.0287565321028023,0.6422394034776763
4.616,-0.42954496837087064,-1.0038199431592458,0.576230785685909
4.636,-0.4955535861626379,-0.9341441799346025,0.5001986370442808
4.656,-0.5400482840815328,-0.8754698530085873,0.42807811019772024
4.676,-0.5745194511505669,-0.8708248021269444,0.3762491214130734
4.696,-0.5955444182990557,-0.8925831983620084,0.33786633254897164
4.716,-0.5901659383308376,-0.9074962564557039,0.3334657580295205
4.736,-0.5525165785533112,-0.9116523546129633,0.34031109617088895
4.756,-0.528068942334138,-0.9226537909115912,0.31708584176267457
4.776,-0.4923753934541454,-0.9246096018091251,0.2911713473703511
4.796,-0.4498365064327843,-0.9253430308957002,0.2518106530574825
4.816,-0.42001039024539316,-0.9304770345017266,0.2095162423983131
4.836,-0.41047581211991563,-0.9424563762491214,0.1677107844635272
4.856,-0.41218714665525774,-0.9524799070989823,0.13641781010298568
4.88,-0.4378571646853895,-0.9820615469241818,0.09290101763285762
4.9,-0.462793753628946,-1.0334015829844452,0.03716040705314305
4.92,-0.43003392109525407,-1.0876753353910094,-0.0026892399841090364
4.94,-0.40143018671882164,-1.0854750481312838,-0.009045625401094031
4.96,-0.4102313357577239,-1.0730067536595056,-0.013690676282736913
4.98,-0.3982519940103291,-1.127036029703878,-0.035204596155609204
5.0,0.3073067872750053,-1.4397212969471014,-0.5527610549155029
5.02,1.5595147144210493,-1.800323931179904,-1.0045533722458209
5.04,0.6429728325642514,-1.216758854628243,-0.5982336582831648
5.06,-0.1975369006509183,-0.9544357179965162,-0.308529169085964
5.08,-0.7471197628579287,-1.0370687284173212,-0.23860892949912904
5.1,-1.1385264187268893,-0.9972190813800691,-0.16526602084160988
5.12,-0.8458882131833878,-0.9908626959630841,-0.014424105369312105
5.14,-0.44396907374018274,-1.0954985789811447,0.07701005409039513
5.16,-0.23298597316871925,-1.1253246951685358,0.08605567949148916
5.18,-0.12908351923723374,-1.0879198117532012,0.10854750481312837
5.2,-0.08336643950738012,-1.0429361611099226,0.10096873758518474
5.22,-0.11319255569477125,-1.0143324267334901,0.0887449194755982
5.24,-0.13935152644928644,-1.0057757540567795,0.08043272316107936
5.26,-0.19460318430461754,-1.0131100449225314,0.07089814503560186
5.28,-0.289460012835009,-1.0177550958041743,0.10512483574244415
5.3,-0.33297680530513707,-0.9903737432387005,0.12737218470189163
5.32,-0.33371023439171227,-0.9942853650337683,0.1383736210005195
5.34,-0.37282645234238915,-1.0243559575833512,0.15890963542462488
5.35,-0.3926290376799193,-1.0485591174403324,0.18482412981694832
5.37,-0.35522415426458454,-1.073495706383889,0.19338080249365888
5.39,-0.3628029214925282,-1.1096782079882652,0.19069156250954986
5.41,-0.36891483054732144,-1.1165235461296337,0.17284478806955353
5.43,-0.35669101243773493,-1.1013660116737463,0.1630657335818843
5.45,-0.3786938850349907,-1.0893866699263515,0.10414693029367723
5.47,-0.3816276013812914,-1.0820523790605996,0.06894233413806802
5.49,-0.40314152125416375,-1.0820523790605996,-0.03862726522629343
5.51,-0.47208385539223174,-1.2028237019833146,-0.1391070500870947
5.53,-0.3764935977752651,-1.2945023378052134,-0.06723099960272591
5.55,-0.24741007853803135,-1.217003330990435,0.005134003606026342
5.57,-0.21758396235064023,-1.1111450661614155,0.038871741588485165
5.59,-0.160620969959967,-1.0502704519756745,0.027870305289857285
5.61,-0.10781407572655319,-1.0052868013323961,-0.04204993429697766
5.63,-0.11563731931668857,-1.0206888121504751,-0.13519542829202702
5.65,-0.07089814503560186,-1.0001527977263698,-0.16746630810133545
5.67,-0.09925740304984261,-0.9043180637472115,-0.1608654463221587
5.69,-0.20071509335941082,-0.9730159215230877,-0.25841151483665925
5.71,-0.27039085658405404,-1.17250863307154,-0.4077865721358066
5.73,-0.20829386058735447,-1.2636983161690554,-0.41365400482840814
5.75,-0.0838553922317636,-1.1292363169636035,-0.31390764905418206
5.77,0.026403447116706905,-0.9194755982030988,-0.15450906090517372
5.79,0.06307490144546649,-0.8705803257647526,-0.10219111939614338
5.81,0.06405280689423341,-0.978149925129114,-0.2324970204443358
5.83,0.03300430889588363,-0.9280322708798093,-0.25718913302570057
5.84,-0.05965223237478226,-0.770345017266143,-0.17846774439996332
5.85,-0.19142499159612505,-0.6962686795220487,-0.07383186138190263
5.87,-0.2892155364728173,-0.6674204687834245,0.03202640344711671
5.89,-0.333954710753904,-0.6151025272743942,0.09338997035724109
5.91,-0.3806496959325245,-0.5229349387281117,0.12346056290682395
5.93,-0.4324786847171714,-0.39287351404211107,0.13959600281147816
5.95,-0.5816092656541271,-0.3180637472114415,0.14815267548818872
5.97,-0.6177917672585032,-0.27943648198514803,0.17137792989640313
5.99,-0.5975002291965895,-0.26843504568652016,0.2806588637961067
6.01,-0.5835650765516609,-0.31635241267609937,0.43052287381963755
6.03,-0.623414723588913,-0.377471503224032,0.5070439751856493
6.05,-0.7246279375362894,-0.38725055771170125,0.4539926045900437
6.07,-0.7637441554869664,-0.317574794487058,0.43125630290621275
6.09,-0.6705986614919169,-0.23591968951502001,0.39996332854567124
6.11,-0.5754973565993338,-0.2070714787763958,0.29948354368486996
6.13,-0.5894325092442624,-0.2095162423983131,0.23763102405036213
6.15,-0.6317269199034318,-0.19313632613146717,0.20804938422516273
6.17,-0.6857561959478042,-0.09094520673532377,0.17211135898297833
6.19,-0.7688781590929927,0.05574061057971457,-0.07774348317697033
6.21,-0.8977172019680347,0.08189958133422974,-0.4444580264645662
6.23,-0.8620236530880421,-0.06918681050025975,-0.5896769856064542
6.25,-1.0725178009351222,-0.23860892949912904,-0.2246737768542004
6.27,-0.8818262384255722,0.012223818109586528,-0.05182898878464688
6.29,-1.2729884179323412,0.1757785044158543,-1.2216483818720778
6.31,2.5530666503682427,-6.7189438621153315,-7.957461112978638
6.33,-1.7934785930385355,-0.8852489074962564,-2.9459401644103536
6.35,-0.6982244904195826,2.95816398251994,-2.133300736485041
6.37,-4.805182898878464,2.970387800629527,-1.7871222076215505
6.39,-1.0747180881948477,-0.947345903492956,0.06674204687834245
6.41,0.4979983497845552,-7.497601075695994,0.852978027686948
6.43,-1.168597011276472,-1.5563365217125569,3.255936191669468
6.45,-0.22980778046022673,1.2629648870824801,1.9286740213305626
6.47,3.1268526724322343,3.6363414112398007,0.19362527885585062
6.49,3.7236194725422487,-0.28114781652049015,-0.3224643217308926
6.51,2.9068239464596766,-0.42734468111114504,-2.2112886960242033
6.53,0.735873850197109,-0.6493292179812364,-1.0038199431592458
6.55,-0.20976071876050484,-0.19166946795831677,0.3361549980136295
6.57,-0.47281728447880694,0.2791920056229563,-0.4542370809522354
6.59,0.04669498517862054,0.6468844543593191,-0.2095162423983131
6.61,0.6309934908168566,0.3508235797451334,-0.17480059896708736
6.63,0.7243834611740977,-0.08092167588546283,-0.18457965345475658
6.65,0.4080310484979983,-0.4324786847171714,-0.6302600617302815
6.67,-0.0031781927084924976,-0.7857470280842221,-0.5204901751061944
6.69,-0.3918956085933441,-0.5615622039544051,-0.176022980778046
6.71,-0.7004247776793081,-0.16502154447941814,-0.22296244231885828
6.73,-1.3174831158512361,-0.34495614705253186,-0.7786572135806619
6.75,-2.305901048192403,-0.5334474223023561,-1.0483146410781408
6.77,-1.8120587965651072,-0.7084924976316352,-1.9751245301469913
6.79,-2.628120893561104,-0.8282859151055832,-2.9002230846805
6.81,-0.7916144607768236,-0.5454267640497509,-1.2837453778687773
6.82,0.7124041194267029,0.1312838064969593,-0.5490939094826269
6.84,0.7493200501176542,0.647862359808086,-1.029978913913761
6.86,-0.8023714207132597,0.4659719463374385,-0.31561898358952417
6.88,-1.4749258931027105,0.23151911499556885,-0.3522904379182838
6.9,-1.1248357424441524,0.02982611618739113,-0.5662072548360481
6.92,-0.6715765669406839,-0.043761268832319775,-0.5960333710234391
6.94,-0.6830669559636953,-0.006356385416984995,-0.620725483604804
6.96,-0.5405372368059164,-0.03691593069095132,-0.9871955505302081
6.98,-0.31537450722733246,0.12859456651285028,-1.2844788069553525
7.0,-1.5837178742780307,1.0133545212847233,-0.7656999663845002
7.02,-1.2456070653668674,0.5339363750267396,-0.5588729639702961
7.04,-0.5185343642086606,0.21391681691776426,-0.5334474223023561
7.06,-0.43932402285853983,0.034960119793417475,-0.735873850197109
7.08,-0.8451547840968127,-0.1215047520092901,-0.5813647892919354
7.1,-1.085230571769092,-0.13470647556764356,-0.7082480212694435
7.12,-0.563518014851939,-0.2246737768542004,-0.8126394279253124
7.14,-0.32955413623445284,-0.21685053326406503,-1.1355927023805885
7.16,-0.4652385172508633,-0.17211135898297833,-0.979127830577881
7.18,-0.26916847477309536,-0.060874614185740916,-0.9358555144699446
7.2,-0.18189041347064755,-0.1718668826207866,-0.9040735873850196
7.22,-0.37282645234238915,-0.2334749258931027,-0.8869602420315985
7.24,-0.5102221678941418,-0.17822326803777158,-0.8828041438743391
7.26,-0.5679185893713902,-0.13543990465421873,-0.8718027075757112
7.28,-0.5840540292760443,-0.16599944992818508,-0.8605567949148917
7.3,-0.6344161598875409,-0.18971365706078294,-0.837576016868869
7.31,-0.6278152981083641,-0.1549980136295572,-0.813128380649696
7.33,-0.6938239159001314,-0.13568438101641048,-0.8048161843351771
7.35,-0.6217033890535709,-0.12101579928490663,-0.8153286679094215
7.37,-0.6089906182196009,-0.15059743911010604,-0.8346423005225682
7.39,-0.5339363750267396,-0.18433517709256486,-0.8664242276074932
7.41,-0.5212236041927696,-0.17651193350242947,-0.8730250893866699
7.43,-0.5219570332793448,-0.1391070500870947,-0.8722916603000948
7.45,-0.5344253277511231,-0.12932799559942548,-0.8676466094184518
7.47,-0.5532500076398863,-0.13495095192983528,-0.8576230785685909
7.49,-0.5596063930568713,-0.12737218470189163,-0.8578675549307826
7.51,-0.5603398221434465,-0.11050331571066223,-0.8549338385844818
7.53,-0.5566726767105705,-0.11074779207285396,-0.8559117440332488
7.55,-0.5561837239861871,-0.12908351923723374,-0.8627570821746172
7.57,-0.5517831494667359,-0.13299514103230142,-0.8612902240014668
7.59,-0.5486049567582434,-0.12492742107997433,-0.8590899367417413
7.61,-0.5537389603642697,-0.12614980289093297,-0.8576230785685909
7.63,-0.5613177275922134,-0.1295724719616172,-0.8566451731198239
7.65,-0.5625401094031721,-0.1312838064969593,-0.8564006967576322
7.67,-0.5610732512300217,-0.1327506646701097,-0.8588454603795496
7.69,-0.5549613421752284,-0.13299514103230142,-0.8615347003636585
7.71,-0.5532500076398863,-0.13421752284326008,-0.858356507655166
7.73,-0.5525165785533112,-0.13690676282736913,-0.8595788894661247
7.75,-0.5564282003483788,-0.14032943189805336,-0.8588454603795496
7.77,-0.5618066803165969,-0.14155181370901201,-0.8542004094979067
7.79,-0.5654738257494728,-0.1381291446383278,-0.8537114567735232
7.807,-0.5657183021116645,-0.1376401919139443,-0.8537114567735232
7.827,-0.5591174403324879,-0.13543990465421873,-0.8578675549307826
7.847,-0.557161629434954,-0.13617333374079393,-0.8546893622222901
7.867,-0.5569171530727622,-0.1317727592213428,-0.8568896494820157
7.887,-0.5566726767105705,-0.13519542829202702,-0.8588454603795496
7.907,-0.5488494331204351,-0.1359288573786022,-0.8625126058124255
7.927,-0.547138098585093,-0.1381291446383278,-0.8603123185527
7.947,-0.5583840112459126,-0.13886257372490296,-0.8564006967576322
7.967,-0.5693854475445406,-0.13470647556764356,-0.8539559331357149
7.987,-0.5652293493872811,-0.1271277083396999,-0.8517556458759894
8.007,-0.5549613421752284,-0.13006142468600068,-0.8559117440332488
8.027,-0.5493383858448186,-0.13886257372490296,-0.8603123185527
8.047,-0.5478715276716682,-0.1383736210005195,-0.8634905112611924
8.067,-0.5552058185374201,-0.13421752284326008,-0.8564006967576322
8.087,-0.5630290621275555,-0.13543990465421873,-0.8559117440332488
8.107,-0.56082877486783,-0.1359288573786022,-0.8568896494820157
8.127,-0.5564282003483788,-0.13323961739449316,-0.8578675549307826
8.147,-0.5510497203801608,-0.1381291446383278,-0.8600678421905081
8.167,-0.5554502948996118,-0.13715123918956085,-0.8588454603795496
8.187,-0.5574061057971458,-0.1327506646701097,-0.858356507655166
8.207,-0.5559392476239954,-0.1310393301347676,-0.8581120312929743
8.227,-0.5525165785533112,-0.13397304648106836,-0.8603123185527
8.247,-0.5527610549155029,-0.13519542829202702,-0.8598233658283164
8.267,-0.5537389603642697,-0.13323961739449316,-0.8595788894661247
8.277,-0.5561837239861871,-0.13323961739449316,-0.8598233658283164
8.29,-0.5556947712618037,-0.13421752284326008,-0.8586009840173578
8.31,-0.557161629434954,-0.13470647556764356,-0.8590899367417413
8.33,-0.5556947712618037,-0.13397304648106836,-0.8566451731198239
8.35,-0.553494484002078,-0.1334840937566849,-0.8612902240014668
8.37,-0.5539834367264616,-0.13641781010298568,-0.858356507655166
8.39,-0.5574061057971458,-0.12883904287504203,-0.8588454603795496
8.41,-0.5578950585215292,-0.13006142468600068,-0.8588454603795496
8.43,-0.5486049567582434,-0.1398404791736699,-0.8661797512453014
8.45,-0.5420040949790667,-0.14155181370901201,-0.8637349876233842
8.47,-0.5522721021911193,-0.13788466827613605,-0.8600678421905081
8.49,-0.5674296366470066,-0.13226171194572625,-0.8554227913088653
8.51,-0.5657183021116645,-0.12663875561531643,-0.855667267671057
8.53,-0.554472389450845,-0.13226171194572625,-0.8590899367417413
8.55,-0.5490939094826269,-0.1381291446383278,-0.8615347003636585
8.57,-0.5461601931363261,-0.13715123918956085,-0.8637349876233842
8.59,-0.5510497203801608,-0.13519542829202702,-0.8581120312929743
8.61,-0.5596063930568713,-0.13519542829202702,-0.8588454603795496
8.63,-0.5618066803165969,-0.13446199920545182,-0.8561562203954405
8.65,-0.5561837239861871,-0.13372857011887662,-0.8588454603795496
8.67,-0.5493383858448186,-0.13470647556764356,-0.8620236530880421
8.69,-0.5486049567582434,-0.13788466827613605,-0.8612902240014668
8.71,-0.5552058185374201,-0.1359288573786022,-0.8600678421905081
8.73,-0.5554502948996118,-0.1310393301347676,-0.8590899367417413
8.75,-0.5552058185374201,-0.1317727592213428,-0.858356507655166
8.77,-0.5505607676557772,-0.1327506646701097,-0.8617791767258502
8.78,-0.5512941967423525,-0.1359288573786022,-0.8610457476392751
8.8,-0.5542279130886533,-0.13519542829202702,-0.8586009840173578
8.82,-0.5583840112459126,-0.1366622864651774,-0.8581120312929743
8.84,-0.5566726767105705,-0.13568438101641048,-0.8603123185527
8.86,-0.553494484002078,-0.13470647556764356,-0.8576230785685909
8.88,-0.5537389603642697,-0.13446199920545182,-0.8586009840173578
8.9,-0.5510497203801608,-0.13641781010298568,-0.8612902240014668
8.92,-0.5564282003483788,-0.13543990465421873,-0.8586009840173578
8.94,-0.5554502948996118,-0.12761666106408337,-0.8588454603795496
8.96,-0.5569171530727622,-0.13617333374079393,-0.8617791767258502
8.98,-0.5442043822387923,-0.14301867188216238,-0.8659352748831097
9.0,-0.5439599058766006,-0.13715123918956085,-0.8608012712770834
9.02,-0.5588729639702961,-0.1359288573786022,-0.8559117440332488
9.04,-0.5708523057176909,-0.13299514103230142,-0.8544448858600984
9.06,-0.5566726767105705,-0.12737218470189163,-0.8571341258442075
9.08,-0.5464046694985178,-0.13617333374079393,-0.8605567949148917
9.1,-0.5461601931363261,-0.13935152644928644,-0.8603123185527
9.12,-0.5542279130886533,-0.1327506646701097,-0.8595788894661247
9.14,-0.5561837239861871,-0.13543990465421873,-0.8588454603795496
9.16,-0.5576505821593375,-0.13886257372490296,-0.8586009840173578
9.18,-0.5600953457812547,-0.13470647556764356,-0.8564006967576322
9.2,-0.5576505821593375,-0.13299514103230142,-0.8578675549307826
9.22,-0.550805244017969,-0.1359288573786022,-0.8627570821746172
9.24,-0.5473825749472848,-0.13886257372490296,-0.8630015585368089
9.25,-0.54811600403386,-0.1391070500870947,-0.8605567949148917
9.26,-0.5554502948996118,-0.13641781010298568,-0.859334413103933
9.28,-0.5593619166946796,-0.1295724719616172,-0.8561562203954405
9.3,-0.5537389603642697,-0.13495095192983528,-0.8586009840173578
9.32,-0.5510497203801608,-0.13788466827613605,-0.8627570821746172
9.34,-0.5532500076398863,-0.13446199920545182,-0.8600678421905081
9.36,-0.5559392476239954,-0.13372857011887662,-0.8588454603795496
9.38,-0.5556947712618037,-0.13568438101641048,-0.8578675549307826
9.4,-0.5552058185374201,-0.1391070500870947,-0.8598233658283164
9.42,-0.5556947712618037,-0.1366622864651774,-0.8586009840173578
9.44,-0.5517831494667359,-0.13372857011887662,-0.8608012712770834
9.46,-0.5537389603642697,-0.13690676282736913,-0.8566451731198239
9.48,-0.553494484002078,-0.13935152644928644,-0.8595788894661247
9.5,-0.5596063930568713,-0.13886257372490296,-0.8573786022063992
9.52,-0.5552058185374201,-0.1317727592213428,-0.8576230785685909
9.54,-0.5527610549155029,-0.13421752284326008,-0.858356507655166
9.56,-0.543470953152217,-0.13641781010298568,-0.8674021330562601
9.58,-0.5420040949790667,-0.14057390826024507,-0.8634905112611924
9.6,-0.5564282003483788,-0.14277419551997067,-0.8588454603795496
9.62,-0.5703633529933074,-0.13617333374079393,-0.8524890749625645
9.64,-0.5613177275922134,-0.12981694832380894,-0.8542004094979067
9.66,-0.5520276258289276,-0.13421752284326008,-0.8600678421905081
9.68,-0.54811600403386,-0.14057390826024507,-0.8632460348990006
9.7,-0.5503162912935855,-0.13886257372490296,-0.8603123185527
9.72,-0.5566726767105705,-0.1359288573786022,-0.8590899367417413
9.74,-0.557161629434954,-0.13886257372490296,-0.8576230785685909
9.76,-0.5588729639702961,-0.14032943189805336,-0.859334413103933
9.78,-0.5576505821593375,-0.1373957155517526,-0.8561562203954405
9.8,-0.554472389450845,-0.13372857011887662,-0.8578675549307826
9.82,-0.550805244017969,-0.13690676282736913,-0.8605567949148917
9.84,-0.5495828622070104,-0.1454634355040797,-0.8608012712770834
9.86,-0.5539834367264616,-0.1398404791736699,-0.8578675549307826
9.88,-0.5576505821593375,-0.1327506646701097,-0.8554227913088653
9.9,-0.5554502948996118,-0.1366622864651774,-0.8578675549307826
9.92,-0.5525165785533112,-0.14057390826024507,-0.8615347003636585
9.94,-0.5520276258289276,-0.13935152644928644,-0.8590899367417413
9.96,-0.5556947712618037,-0.1373957155517526,-0.8554227913088653
9.98,-0.5596063930568713,-0.1383736210005195,-0.8551783149466736
10.0,-0.557161629434954,-0.13788466827613605,-0.858356507655166
10.02,-0.5527610549155029,-0.13935152644928644,-0.8603123185527
10.04,-0.5500718149313938,-0.1376401919139443,-0.8617791767258502
10.06,-0.5539834367264616,-0.1381291446383278,-0.8590899367417413
10.08,-0.5559392476239954,-0.1381291446383278,-0.8588454603795496
10.1,-0.5549613421752284,-0.1383736210005195,-0.8603123185527
10.12,-0.5564282003483788,-0.1376401919139443,-0.859334413103933
10.14,-0.5552058185374201,-0.1398404791736699,-0.8578675549307826
10.16,-0.5530055312776946,-0.13935152644928644,-0.8590899367417413
10.18,-0.553494484002078,-0.13861809736271125,-0.8581120312929743
10.2,-0.5556947712618037,-0.13788466827613605,-0.8588454603795496
10.22,-0.5552058185374201,-0.13886257372490296,-0.8581120312929743
10.23,-0.554472389450845,-0.13886257372490296,-0.8598233658283164
10.24,-0.553494484002078,-0.13690676282736913,-0.859334413103933
10.26,-0.5520276258289276,-0.1373957155517526,-0.8573786022063992
10.28,-0.5547168658130367,-0.1383736210005195,-0.859334413103933
10.3,-0.5515386731045442,-0.14081838462243682,-0.8586009840173578
10.32,-0.5552058185374201,-0.13959600281147816,-0.8576230785685909
10.34,-0.5574061057971458,-0.13788466827613605,-0.8551783149466736
10.36,-0.5554502948996118,-0.13959600281147816,-0.8590899367417413
10.38,-0.5549613421752284,-0.14081838462243682,-0.8586009840173578
10.4,-0.5525165785533112,-0.13568438101641048,-0.8568896494820157
10.42,-0.5527610549155029,-0.13299514103230142,-0.8600678421905081
10.44,-0.5454267640497509,-0.13250618830791797,-0.8661797512453014
10.46,-0.5456712404119427,-0.14326314824435413,-0.8610457476392751
10.48,-0.5581395348837209,-0.15377563181859855,-0.8559117440332488
10.5,-0.5750084038749503,-0.1373957155517526,-0.8510222167894141
10.52,-0.5620511566787886,-0.12199370473367356,-0.8542004094979067
10.54,-0.5451822876875592,-0.13446199920545182,-0.8634905112611924
10.56,-0.5437154295144088,-0.14937505729914738,-0.865690798520918
10.58,-0.5522721021911193,-0.13935152644928644,-0.859334413103933
10.6,-0.5615622039544051,-0.13152828285915105,-0.8546893622222901
10.62,-0.5583840112459126,-0.14228524279558719,-0.8571341258442075
10.64,-0.5530055312776946,-0.14497448277969624,-0.8608012712770834
10.66,-0.5554502948996118,-0.1366622864651774,-0.8573786022063992
10.68,-0.5583840112459126,-0.13568438101641048,-0.8539559331357149
10.7,-0.5549613421752284,-0.13446199920545182,-0.8586009840173578
10.72,-0.5493383858448186,-0.14032943189805336,-0.8622681294502338
10.73,-0.5510497203801608,-0.14057390826024507,-0.8603123185527
10.75,-0.5539834367264616,-0.13323961739449316,-0.8595788894661247
10.77,-0.5559392476239954,-0.13446199920545182,-0.8573786022063992
10.79,-0.5539834367264616,-0.14008495553586162,-0.8615347003636585
10.81,-0.5510497203801608,-0.14057390826024507,-0.8600678421905081
10.83,-0.5527610549155029,-0.13690676282736913,-0.8564006967576322
10.85,-0.5578950585215292,-0.13715123918956085,-0.8561562203954405
10.87,-0.5561837239861871,-0.13788466827613605,-0.8566451731198239
10.89,-0.5539834367264616,-0.13788466827613605,-0.8595788894661247
10.91,-0.5498273385692021,-0.14057390826024507,-0.858356507655166
10.93,-0.5510497203801608,-0.13617333374079393,-0.8595788894661247
10.95,-0.5530055312776946,-0.1366622864651774,-0.8578675549307826
10.97,-0.5542279130886533,-0.13641781010298568,-0.8600678421905081
10.99,-0.5517831494667359,-0.1381291446383278,-0.8600678421905081
11.01,-0.553494484002078,-0.13690676282736913,-0.8578675549307826
11.03,-0.5539834367264616,-0.13788466827613605,-0.8598233658283164
11.05,-0.5539834367264616,-0.1334840937566849,-0.8581120312929743
11.07,-0.5537389603642697,-0.13543990465421873,-0.8608012712770834
11.09,-0.5539834367264616,-0.1391070500870947,-0.8612902240014668
11.11,-0.5530055312776946,-0.13886257372490296,-0.8598233658283164
11.13,-0.5520276258289276,-0.1366622864651774,-0.8598233658283164
11.15,-0.5564282003483788,-0.13788466827613605,-0.859334413103933
11.17,-0.5552058185374201,-0.13715123918956085,-0.8581120312929743
11.19,-0.5532500076398863,-0.14032943189805336,-0.8590899367417413
11.21,-0.5527610549155029,-0.13079485377257585,-0.858356507655166
11.23,-0.5549613421752284,-0.13421752284326008,-0.859334413103933
11.25,-0.5478715276716682,-0.14204076643339547,-0.8649573694343428
11.27,-0.5422485713412585,-0.1391070500870947,-0.8639794639855759
11.29,-0.5517831494667359,-0.14277419551997067,-0.8590899367417413
11.31,-0.5703633529933074,-0.13788466827613605,-0.8554227913088653
11.33,-0.5649848730250894,-0.1239495156312074,-0.8564006967576322
11.35,-0.5446933349631757,-0.13372857011887662,-0.8600678421905081
11.37,-0.5422485713412585,-0.1454634355040797,-0.865690798520918
11.39,-0.5500718149313938,-0.13935152644928644,-0.8608012712770834
11.41,-0.5576505821593375,-0.1317727592213428,-0.8566451731198239
11.43,-0.5559392476239954,-0.14008495553586162,-0.8595788894661247
11.45,-0.5554502948996118,-0.1454634355040797,-0.8608012712770834
11.47,-0.553494484002078,-0.1376401919139443,-0.8586009840173578
11.49,-0.5547168658130367,-0.13226171194572625,-0.859334413103933
11.51,-0.5520276258289276,-0.13446199920545182,-0.8610457476392751
11.53,-0.547138098585093,-0.14301867188216238,-0.8622681294502338
11.55,-0.5515386731045442,-0.14130733734682027,-0.8588454603795496
11.57,-0.5588729639702961,-0.1317727592213428,-0.8559117440332488
11.59,-0.5554502948996118,-0.1317727592213428,-0.8603123185527
11.61,-0.5486049567582434,-0.13959600281147816,-0.8627570821746172
11.63,-0.5495828622070104,-0.13788466827613605,-0.8620236530880421
11.65,-0.5569171530727622,-0.13617333374079393,-0.8546893622222901
11.67,-0.5591174403324879,-0.1376401919139443,-0.8564006967576322
11.69,-0.5559392476239954,-0.13861809736271125,-0.8598233658283164
11.7,-0.550805244017969,-0.13861809736271125,-0.8588454603795496
11.72,-0.5495828622070104,-0.1359288573786022,-0.8590899367417413
11.74,-0.5530055312776946,-0.1373957155517526,-0.859334413103933
11.76,-0.5542279130886533,-0.1376401919139443,-0.8615347003636585
11.78,-0.5527610549155029,-0.13715123918956085,-0.8588454603795496
11.8,-0.5542279130886533,-0.1373957155517526,-0.8573786022063992
11.82,-0.5539834367264616,-0.13641781010298568,-0.8588454603795496
11.84,-0.5512941967423525,-0.13715123918956085,-0.8603123185527
11.86,-0.5527610549155029,-0.1373957155517526,-0.8590899367417413
11.88,-0.554472389450845,-0.13715123918956085,-0.8605567949148917
11.9,-0.5542279130886533,-0.13959600281147816,-0.8595788894661247
11.92,-0.553494484002078,-0.13959600281147816,-0.8595788894661247
11.94,-0.5532500076398863,-0.13519542829202702,-0.8612902240014668
11.96,-0.5525165785533112,-0.13641781010298568,-0.8590899367417413
11.98,-0.5532500076398863,-0.1376401919139443,-0.8586009840173578
12.0,-0.5554502948996118,-0.14106286098462856,-0.8581120312929743
12.02,-0.5561837239861871,-0.13055037741038414,-0.859334413103933
12.04,-0.554472389450845,-0.1376401919139443,-0.8598233658283164
12.06,-0.5449378113253674,-0.14375210096873758,-0.8654463221587263
12.08,-0.5429820004278336,-0.1391070500870947,-0.8612902240014668
12.1,-0.557161629434954,-0.14497448277969624,-0.8544448858600984
12.12,-0.5701188766311157,-0.1327506646701097,-0.8542004094979067
12.14,-0.5593619166946796,-0.12443846835559087,-0.8573786022063992
12.16,-0.538092473183999,-0.13641781010298568,-0.8622681294502338
12.18,-0.5427375240656419,-0.1454634355040797,-0.8632460348990006
12.19,-0.5581395348837209,-0.1376401919139443,-0.8561562203954405
12.21,-0.5613177275922134,-0.13641781010298568,-0.8568896494820157
12.23,-0.5566726767105705,-0.14057390826024507,-0.8581120312929743
12.25,-0.5517831494667359,-0.14301867188216238,-0.8605567949148917
12.27,-0.5505607676557772,-0.13715123918956085,-0.8600678421905081
12.29,-0.5542279130886533,-0.13421752284326008,-0.8571341258442075
12.31,-0.5527610549155029,-0.13519542829202702,-0.8620236530880421
12.33,-0.5522721021911193,-0.14350762460654584,-0.8603123185527
12.35,-0.5525165785533112,-0.14424105369312104,-0.8588454603795496
12.37,-0.5586284876081044,-0.13299514103230142,-0.8544448858600984
12.39,-0.5512941967423525,-0.1320172355835345,-0.8586009840173578
12.41,-0.5488494331204351,-0.14008495553586162,-0.8617791767258502
12.43,-0.5486049567582434,-0.14081838462243682,-0.8615347003636585
12.45,-0.557161629434954,-0.1381291446383278,-0.8576230785685909
12.47,-0.5642514439385142,-0.14032943189805336,-0.8554227913088653
12.49,-0.5561837239861871,-0.14008495553586162,-0.8576230785685909
12.51,-0.5500718149313938,-0.13788466827613605,-0.8608012712770834
12.53,-0.5459157167741344,-0.1391070500870947,-0.8627570821746172
12.55,-0.5493383858448186,-0.1383736210005195,-0.8603123185527
12.57,-0.5542279130886533,-0.13886257372490296,-0.8590899367417413
12.59,-0.5556947712618037,-0.1383736210005195,-0.8595788894661247
12.61,-0.5564282003483788,-0.1373957155517526,-0.8610457476392751
12.63,-0.5537389603642697,-0.13959600281147816,-0.8586009840173578
12.65,-0.5505607676557772,-0.1398404791736699,-0.8605567949148917
12.67,-0.5522721021911193,-0.1376401919139443,-0.8603123185527
12.69,-0.554472389450845,-0.13959600281147816,-0.8590899367417413
12.71,-0.5542279130886533,-0.13715123918956085,-0.8595788894661247
12.73,-0.553494484002078,-0.1376401919139443,-0.859334413103933
12.75,-0.5525165785533112,-0.13959600281147816,-0.8622681294502338
12.77,-0.5520276258289276,-0.14155181370901201,-0.8620236530880421
12.79,-0.5520276258289276,-0.1391070500870947,-0.8588454603795496
12.81,-0.5566726767105705,-0.1381291446383278,-0.8566451731198239
12.83,-0.5556947712618037,-0.1391070500870947,-0.8595788894661247
12.85,-0.5512941967423525,-0.14252971915777893,-0.8588454603795496
12.87,-0.5520276258289276,-0.13495095192983528,-0.8603123185527
12.89,-0.5525165785533112,-0.1373957155517526,-0.8612902240014668
12.91,-0.5451822876875592,-0.13543990465421873,-0.8627570821746172
12.93,-0.5454267640497509,-0.13959600281147816,-0.8608012712770834
12.95,-0.5586284876081044,-0.15157534455887295,-0.8559117440332488
12.97,-0.5735415457017999,-0.1376401919139443,-0.8532225040491397
12.99,-0.5566726767105705,-0.12737218470189163,-0.8576230785685909
13.01,-0.5410261895302998,-0.13543990465421873,-0.8622681294502338
13.03,-0.5427375240656419,-0.14741924640161355,-0.8642239403477676
13.05,-0.5530055312776946,-0.14252971915777893,-0.858356507655166
13.07,-0.5618066803165969,-0.1334840937566849,-0.8539559331357149
13.09,-0.5588729639702961,-0.1391070500870947,-0.8588454603795496
13.11,-0.5512941967423525,-0.1454634355040797,-0.8617791767258502
13.13,-0.5493383858448186,-0.14130733734682027,-0.8590899367417413
13.15,-0.5552058185374201,-0.13690676282736913,-0.8568896494820157
13.16,-0.5578950585215292,-0.1334840937566849,-0.8549338385844818
13.166,-0.5532500076398863,-0.13935152644928644,-0.8605567949148917
13.186,-0.5483604803960517,-0.14570791186627144,-0.8634905112611924
13.206,-0.5503162912935855,-0.13690676282736913,-0.8595788894661247
13.226,-0.5547168658130367,-0.13446199920545182,-0.8588454603795496
13.246,-0.5554502948996118,-0.13959600281147816,-0.859334413103933
13.266,-0.5512941967423525,-0.14204076643339547,-0.8586009840173578
13.286,-0.5515386731045442,-0.13935152644928644,-0.858356507655166
13.306,-0.5556947712618037,-0.1376401919139443,-0.8573786022063992
13.326,-0.5581395348837209,-0.13935152644928644,-0.8578675549307826
13.346,-0.553494484002078,-0.14130733734682027,-0.8610457476392751
13.366,-0.5488494331204351,-0.13935152644928644,-0.8603123185527
13.386,-0.5478715276716682,-0.1383736210005195,-0.8586009840173578
13.406,-0.5539834367264616,-0.13861809736271125,-0.8600678421905081
13.426,-0.5552058185374201,-0.1391070500870947,-0.8595788894661247
13.446,-0.5561837239861871,-0.14032943189805336,-0.8595788894661247
13.466,-0.5527610549155029,-0.14008495553586162,-0.8615347003636585
13.486,-0.5520276258289276,-0.1373957155517526,-0.8576230785685909
13.506,-0.553494484002078,-0.1398404791736699,-0.8603123185527
13.526,-0.5525165785533112,-0.1391070500870947,-0.8590899367417413
13.546,-0.5552058185374201,-0.14057390826024507,-0.8603123185527
13.566,-0.5532500076398863,-0.13861809736271125,-0.859334413103933
13.586,-0.5515386731045442,-0.13886257372490296,-0.8610457476392751
13.606,-0.5520276258289276,-0.13788466827613605,-0.8610457476392751
13.626,-0.5520276258289276,-0.14252971915777893,-0.8590899367417413
13.636,-0.5522721021911193,-0.14130733734682027,-0.8603123185527
13.658,-0.5515386731045442,-0.1383736210005195,-0.8605567949148917
13.678,-0.5532500076398863,-0.13690676282736913,-0.858356507655166
13.698,-0.5561837239861871,-0.14130733734682027,-0.858356507655166
13.718,-0.5530055312776946,-0.14155181370901201,-0.858356507655166
13.738,-0.5500718149313938,-0.13641781010298568,-0.8586009840173578
13.758,-0.5517831494667359,-0.13299514103230142,-0.8590899367417413
13.778,-0.5503162912935855,-0.14106286098462856,-0.8632460348990006
13.798,-0.5459157167741344,-0.13641781010298568,-0.8642239403477676
13.818,-0.547138098585093,-0.1464413409528466,-0.8588454603795496
13.838,-0.5640069675763224,-0.1486416282125722,-0.8561562203954405
13.858,-0.5710967820798827,-0.12981694832380894,-0.8559117440332488
13.878,-0.5510497203801608,-0.12737218470189163,-0.858356507655166
13.898,-0.5393148549949577,-0.14179629007120373,-0.864712893072151
13.918,-0.543470953152217,-0.14595238822846315,-0.8632460348990006
13.938,-0.5554502948996118,-0.13788466827613605,-0.8573786022063992
13.958,-0.5615622039544051,-0.13397304648106836,-0.8564006967576322
13.978,-0.5561837239861871,-0.14326314824435413,-0.8595788894661247
13.998,-0.5493383858448186,-0.14399657733092933,-0.8603123185527
14.018,-0.5520276258289276,-0.13617333374079393,-0.8605567949148917
14.038,-0.5542279130886533,-0.1327506646701097,-0.8598233658283164
14.058,-0.5515386731045442,-0.13935152644928644,-0.8625126058124255
14.078,-0.5468936222229013,-0.14277419551997067,-0.8625126058124255
14.098,-0.550805244017969,-0.14008495553586162,-0.8615347003636585
14.118,-0.5561837239861871,-0.1320172355835345,-0.858356507655166
14.128,-0.5554502948996118,-0.13519542829202702,-0.8612902240014668
14.15,-0.5486049567582434,-0.14106286098462856,-0.864712893072151
14.17,-0.5498273385692021,-0.13959600281147816,-0.8605567949148917
14.19,-0.5552058185374201,-0.13886257372490296,-0.858356507655166
14.21,-0.5588729639702961,-0.13788466827613605,-0.8549338385844818
14.23,-0.5539834367264616,-0.13886257372490296,-0.8590899367417413
14.25,-0.54811600403386,-0.13959600281147816,-0.8620236530880421
14.27,-0.5473825749472848,-0.13788466827613605,-0.8600678421905081
14.29,-0.5505607676557772,-0.13861809736271125,-0.8617791767258502
14.31,-0.5530055312776946,-0.1381291446383278,-0.8600678421905081
14.33,-0.5537389603642697,-0.1391070500870947,-0.8581120312929743
14.35,-0.5525165785533112,-0.13861809736271125,-0.8615347003636585
14.37,-0.5520276258289276,-0.13715123918956085,-0.8610457476392751
14.39,-0.5539834367264616,-0.13861809736271125,-0.8588454603795496
14.41,-0.5517831494667359,-0.13715123918956085,-0.8600678421905081
14.43,-0.5522721021911193,-0.13617333374079393,-0.858356507655166
14.45,-0.550805244017969,-0.1376401919139443,-0.8598233658283164
14.47,-0.5530055312776946,-0.13519542829202702,-0.8603123185527
14.49,-0.5542279130886533,-0.1383736210005195,-0.8615347003636585
14.51,-0.5517831494667359,-0.14204076643339547,-0.8600678421905081
14.53,-0.553494484002078,-0.1366622864651774,-0.859334413103933
14.55,-0.553494484002078,-0.1366622864651774,-0.8595788894661247
14.57,-0.5532500076398863,-0.13690676282736913,-0.8600678421905081
14.59,-0.5515386731045442,-0.1398404791736699,-0.8605567949148917
14.61,-0.5515386731045442,-0.13470647556764356,-0.8590899367417413
14.62,-0.5559392476239954,-0.13006142468600068,-0.8588454603795496
14.63,-0.5549613421752284,-0.1391070500870947,-0.8595788894661247
14.65,-0.5446933349631757,-0.14179629007120373,-0.864712893072151
14.67,-0.5420040949790667,-0.13715123918956085,-0.8610457476392751
14.69,-0.5556947712618037,-0.14399657733092933,-0.8554227913088653
14.71,-0.5715857348042661,-0.13543990465421873,-0.8554227913088653
14.73,-0.5591174403324879,-0.12883904287504203,-0.8581120312929743
14.75,-0.5366256150108486,-0.13543990465421873,-0.8625126058124255
14.77,-0.5429820004278336,-0.14448553005531278,-0.8600678421905081
14.79,-0.5564282003483788,-0.14008495553586162,-0.8590899367417413
14.81,-0.5610732512300217,-0.13446199920545182,-0.8566451731198239
14.83,-0.5549613421752284,-0.14106286098462856,-0.8595788894661247
14.85,-0.5512941967423525,-0.1454634355040797,-0.8608012712770834
14.87,-0.5515386731045442,-0.1381291446383278,-0.8598233658283164
14.89,-0.5522721021911193,-0.1327506646701097,-0.8581120312929743
14.91,-0.5500718149313938,-0.1359288573786022,-0.8622681294502338
14.93,-0.5466491458607096,-0.14375210096873758,-0.8620236530880421
14.95,-0.5549613421752284,-0.14277419551997067,-0.8581120312929743
14.97,-0.5581395348837209,-0.13079485377257585,-0.8576230785685909
14.99,-0.5515386731045442,-0.13323961739449316,-0.8608012712770834
15.01,-0.5451822876875592,-0.14326314824435413,-0.8649573694343428
15.03,-0.54811600403386,-0.14204076643339547,-0.8608012712770834
15.05,-0.5578950585215292,-0.13421752284326008,-0.8561562203954405
15.07,-0.5603398221434465,-0.13886257372490296,-0.8561562203954405
15.09,-0.5532500076398863,-0.13959600281147816,-0.8615347003636585
15.11,-0.547138098585093,-0.1391070500870947,-0.8617791767258502
15.12,-0.5498273385692021,-0.13935152644928644,-0.8603123185527
15.14,-0.5527610549155029,-0.1373957155517526,-0.8608012712770834
15.16,-0.5532500076398863,-0.1383736210005195,-0.859334413103933
15.18,-0.5549613421752284,-0.14032943189805336,-0.8586009840173578
15.2,-0.5505607676557772,-0.1391070500870947,-0.8571341258442075
15.22,-0.5512941967423525,-0.1381291446383278,-0.8610457476392751
15.24,-0.5539834367264616,-0.13935152644928644,-0.8600678421905081
15.26,-0.5517831494667359,-0.13861809736271125,-0.8590899367417413
15.28,-0.5561837239861871,-0.13935152644928644,-0.8576230785685909
15.3,-0.550805244017969,-0.13788466827613605,-0.8608012712770834
15.32,-0.5522721021911193,-0.1376401919139443,-0.8605567949148917
15.34,-0.5525165785533112,-0.1381291446383278,-0.8603123185527
15.36,-0.5522721021911193,-0.14106286098462856,-0.8588454603795496
15.38,-0.5537389603642697,-0.14204076643339547,-0.8590899367417413
15.4,-0.5578950585215292,-0.14008495553586162,-0.8573786022063992
15.42,-0.5554502948996118,-0.1381291446383278,-0.8573786022063992
15.44,-0.5498273385692021,-0.13959600281147816,-0.8615347003636585
15.46,-0.5486049567582434,-0.13617333374079393,-0.8608012712770834
15.48,-0.5539834367264616,-0.1317727592213428,-0.8551783149466736
15.5,-0.5600953457812547,-0.1510863918344895,-0.8546893622222901
15.52,-0.5527610549155029,-0.14081838462243682,-0.8573786022063992
15.54,-0.5505607676557772,-0.14008495553586162,-0.8600678421905081
15.56,-0.5554502948996118,-0.15622039544051583,-0.8564006967576322
15.58,-0.5693854475445406,-0.1535311554564068,-0.8542004094979067
15.6,-0.5627845857653638,-0.14179629007120373,-0.8551783149466736
15.62,-0.5451822876875592,-0.14008495553586162,-0.855667267671057
15.64,-0.5495828622070104,-0.14130733734682027,-0.855667267671057
15.66,-0.5625401094031721,-0.14277419551997067,-0.8627570821746172
15.68,-0.5654738257494728,-0.14913058093695566,-0.8534669804113315
15.7,-0.5554502948996118,-0.15817620633804969,-0.8517556458759894
15.72,-0.5530055312776946,-0.1461968645906549,-0.8500443113406473
15.74,-0.559850869419063,-0.14913058093695566,-0.8554227913088653
15.76,-0.5615622039544051,-0.15450906090517372,-0.8539559331357149
15.78,-0.5552058185374201,-0.15719830088928277,-0.8573786022063992
15.8,-0.5522721021911193,-0.14741924640161355,-0.8517556458759894
15.82,-0.5593619166946796,-0.15206429728325643,-0.8532225040491397
15.84,-0.5596063930568713,-0.15744277725147449,-0.852978027686948
15.86,-0.557161629434954,-0.14521895914188795,-0.8507777404272224
15.88,-0.5412706658924915,-0.15328667909421506,-0.8642239403477676
15.9,-0.5825871711028939,-0.14228524279558719,-0.8434434495614705
15.92,-0.5388259022705743,-0.12370503926901567,-0.8617791767258502
15.94,-0.5483604803960517,-0.14252971915777893,-0.8588454603795496
15.96,-0.5833206001894692,-0.14301867188216238,-0.8422210677505119
15.98,-0.5532500076398863,-0.15402010818079026,-0.8632460348990006
16.0,-0.5586284876081044,-0.19386975521804234,-0.8532225040491397
16.02,-0.5588729639702961,-0.18164593710845583,-0.8390428750420194
16.04,-0.5997005164563152,-0.07823243590135379,-0.8854933838584481
16.06,-0.6126577636524768,-0.027870305289857285,-0.762277297313816
16.08,-0.5566726767105705,-0.12639427925312471,-0.869357943953794
16.09,-0.5405372368059164,-0.2735690492925465,-0.8143507624606545
16.11,-0.5710967820798827,-0.36744797237417104,-0.8600678421905081
16.13,-0.4808850044311341,-0.3395776670843138,-0.8273080096568163
16.15,-0.4483696482596339,-0.11025883934847049,-0.9111634018885799
16.17,-0.40411942670293066,-0.023469730770406136,-0.9199645509274822
16.19,-0.47379518992757386,-0.13959600281147816,-0.8947834856217339
16.21,-0.5121779787916756,-0.242276074932005,-0.8542004094979067
16.23,-0.5336918986645479,-0.20902728967392964,-0.8160620969959966
16.25,-0.5911438437796045,-0.15059743911010604,-0.8187513369801057
16.27,-0.5156006478623598,-0.10854750481312837,-0.8150841915472298
16.29,-0.5297802768694801,-0.14668581731503835,-0.8749809002842037
16.31,-0.5371145677352321,-0.1014576903095682,-0.8207071478776395
16.33,-0.5855208874491947,-0.1774898389511964,-0.7779237844940867
16.35,-0.7742566390612108,-0.14252971915777893,-0.7617883445894325
16.37,-0.8412431623017449,-0.2173394859884485,-0.7960150352962748
16.39,-0.6427283562020597,-0.2919047764569263,-0.8040827552486018
16.41,-0.5610732512300217,-0.23054120954680193,-0.7402744247165602
16.43,-0.3686703541851297,-0.2611007548207683,-0.8307306787275005
16.45,-0.4542370809522354,-0.38333893591663354,-0.8886715765669406
16.47,-0.56082877486783,-0.44714726644867525,-0.8480885004431133
16.49,-0.5664517311982398,-0.4244109647648443,-0.8221740060507899
16.51,-0.5735415457017999,-0.34006661980869723,-0.8165510497203802
16.53,-0.5732970693396082,-0.2493658894355652,-0.817528955169147
16.55,-0.6309934908168566,-0.3244201326284265,-0.8163065733581885
16.57,-0.5603398221434465,-0.43101182654402104,-0.8067719952327109
16.586,-0.4412798337560737,-0.40387495034073895,-0.7928368425877823
16.606,-0.44079088103169023,-0.3686703541851297,-0.7879473153439477
16.626,-0.42978944473306235,-0.44812517189744216,-0.8167955260825719
16.646,-0.5202456987440027,-0.47403966628976557,-0.7962595116584665
16.666,-0.5314916114048223,-0.46181584818017907,-0.777679308131895
16.686,-0.49066405891880327,-0.5087553097209914,-0.7825688353757296
16.706,-0.4975093970601717,-0.5239128441768787,-0.7947926534853161
16.726,-0.38553922317635914,-0.5170675060355102,-0.7974818934694251
16.746,-0.35449072517800934,-0.4975093970601717,-0.7977263698316169
16.766,-0.3483788161232161,-0.4796626226201754,-0.8368425877822938
16.786,-0.37184854689362223,-0.538092473183999,-0.7732787336124438
16.806,-0.38822846316046816,-0.5253797023500291,-0.7916144607768236
16.826,-0.32759832533691896,-0.4962870152492131,-0.8026158970754514
16.846,-0.25694465666350885,-0.6390612107691838,-0.7207163157412217
16.866,-0.25718913302570057,-0.6253705344864469,-0.8197292424288727
16.886,-0.26012284937200136,-0.5050881642881154,-0.8698468966781774
16.906,-0.23078568590899368,-0.5253797023500291,-0.8263301042080494
16.926,-0.14228524279558719,-0.610701952754943,-0.7529871955505302
16.946,-0.16502154447941814,-0.6454175961861688,-0.7625217736760077
16.966,-0.20071509335941082,-0.6089906182196009,-0.7656999663845002
16.986,-0.2628120893561104,-0.6302600617302815,-0.8013935152644929
17.006,-0.2285853986492681,-0.6816000977905449,-0.7784127372184702
17.026,-0.1877578461632491,-0.6972465849708156,-0.7727897808880604
17.046,-0.11905998838737279,-0.711426213977936,-0.7693671118173762
17.056,-0.088011490389023,-0.7326956574886165,-0.7273171775203985
17.078,-0.2053601442410537,-0.8123949515631207,-0.805794089783944
17.098,-0.34006661980869723,-0.9016288237631024,-0.8908718638266663
17.118,-0.34226690706842283,-0.8409986859395532,-0.9686153470036366
17.138,-0.31537450722733246,-0.8397763041285945,-1.011887663111573
17.158,-0.33077651804541147,-0.948323808941723,-1.0265562448430767
17.178,-0.543470953152217,-0.9158084527702227,-1.2742107997432999
17.198,-1.0422027320233476,-0.7390520429056016,-1.2204260000611191
17.218,-0.8524890749625645,-0.6341716835253491,-0.8686245148672188
17.238,-0.3476453870366409,-0.47232833175442346,-0.48626348439935213
17.258,-0.08238853405861321,-0.5258686550744125,-0.679644286893011
17.278,-1.3825138281942364,-0.25156617669529074,-0.8497998349784555
17.298,-1.4976621947865416,-0.28799315466185865,-0.6926015340891727
17.318,-0.8786480457170797,-0.4126760993796412,-0.6067903309598753
17.338,-0.4173211502612841,-0.349356721571983,-0.5197567460196192
17.358,-0.3503346270207499,-0.28114781652049015,-0.4126760993796412
17.378,-0.5151116951379764,-0.15010848638572258,-0.2620786602695352
17.398,-0.6412614980289093,-0.17137792989640313,-0.2070714787763958
17.418,-0.5143782660514011,-0.33224337621856187,-0.16648840265256853
17.438,-0.2941050637166519,-0.733184610213,-0.19435870794242582
17.458,-0.12199370473367356,-1.1045442043822387,-0.09485682853039147
17.478,-0.0806771995232711,-1.034379488433212,0.009045625401094031
17.498,-0.1183265593007976,-1.0248449103077346,0.23763102405036213
17.518,0.10512483574244415,-1.2839898542309691,0.3532683433670507
17.538,0.3051065000152798,-1.4177184243498457,0.5055771170124989
17.548,0.5720746875286495,-1.2526968798704274,0.8610457476392751
17.56,0.7801240717538123,-1.202334749258931,1.146105185954833
17.58,0.40974238303334043,-1.2854567124041194,1.349265042936161
17.6,-0.4522812700547016,-1.307459585001375,1.5587812853344742
17.62,-0.8045717079729854,-1.3636891483054732,1.2898572869235705
17.64,-0.8009045625401093,-1.3404638938972588,0.6080127127708339
17.66,-0.638816734406992,-0.2317635913577606,-0.10756959936436146
17.68,-0.3486232924854078,0.12737218470189163,-0.8304862023653088
17.7,-0.28016991107172323,-1.7279589279711518,-1.2067353237783822
17.72,-0.5886990801576872,-1.3025700577575405,-0.22882987501145982
17.74,0.1904470861473581,-0.6295266326437062,-0.6830669559636953
17.76,-0.9280322708798093,-1.6066986523240534,-0.10292454848271858
17.78,-0.0207804907862971,-1.11603459340525,0.07260947957094398
17.8,-0.38578369953855085,-0.7471197628579287,-0.47037252085688963
17.82,-0.40387495034073895,-1.114323258869908,0.28725972557528345
17.84,-0.16110992268435045,-1.196956269290713,0.38627265226293434
17.86,0.10610274119121108,-1.1979341747394798,0.46963909177031443
17.88,-0.10756959936436146,-1.2209149527855025,0.5972557528343978
17.9,-0.24398740946734712,-1.284967759679736,0.013446199920545182
17.92,-0.4630382299911377,-0.920942456376249,-0.521712556917153
17.94,-0.27381352565473827,-0.9294991290529597,-0.2655013293402194
17.96,0.027625828927665557,-1.0250893866699264,0.24032026403447115
17.98,0.09461235216819973,-1.0813189499740243,0.37111511780704703
18.0,-0.01686886899122941,-1.0923203862726523,0.2787030528985729
18.02,-0.2119610060202304,-1.0461143538184152,0.100724261222993
18.04,-0.17846774439996332,-0.8361091586957186,0.16673287901476025
18.05,-0.23811997677474558,-0.8806038566146136,0.09656816306573358
18.07,-0.09632368670354186,-1.0382911102282797,0.20022614063502733
18.09,0.05305137059560554,-0.96910429972802,0.21416129327995598
18.11,-0.047672890627387464,-0.9605476270513095,0.22442930049200868
18.13,-0.17113345353421142,-1.07789628090334,0.276747242001039
18.15,-0.1608654463221587,-1.0113987103871893,0.3205085108333588
18.17,-0.1383736210005195,-0.9070073037313204,0.29532744552761053
18.19,-0.15402010818079026,-1.0285120557406107,0.22565168230296734
18.21,-0.29777220914952784,-0.9480793325795311,-0.3173303181248663
18.23,-0.053295846957797266,-1.1429269932463404,0.013446199920545182
18.25,-0.05696299239067323,-1.0705619900375882,0.3750267396021147
18.27,-0.12248265745805702,-1.033646059346637,0.3496011979341747
18.29,-0.1686886899122941,-1.0512483574244416,0.23934235858570424
18.31,-0.17969012621092198,-1.1649298658435963,0.2645234238914525
18.33,-0.07554319591724475,-1.1663967240167465,0.10561378846682762
18.35,0.4953091098004462,-1.196956269290713,0.3087736454481557
18.37,1.0727622772973138,-1.1255691715307277,1.1439048986951075
18.39,-0.006356385416984995,-1.4336093878923082,1.4277419551997066
18.41,-0.17284478806955353,-1.289368334199187,1.008220517678697
18.43,0.48650796076154385,-1.346575802952052,0.9644592488463771
18.45,0.5620511566787886,-1.0187330012529414,0.7278061302447819
18.47,0.8713137548513278,-1.0365797756929376,0.4715949026678483
18.49,0.8214405769642148,-0.8554227913088653,0.31121840907007303
18.51,0.28505943831555786,-0.7762124499587446,0.22687406411392597
18.52,0.2190508205237906,-0.7906365553280567,0.062096995996699565
18.54,0.0440057451945115,-0.7874583626195643,0.09681263942792531
18.56,-0.11123674479723741,-0.9629923906732267,0.1814014607462641
18.58,-0.13935152644928644,-1.0986767716896373,0.30070592549582864
18.6,0.13715123918956085,-0.9928185068606179,0.3950738013018366
18.62,0.29801668551171956,-0.7666778718332671,0.4588821318338783
18.64,0.0767655777282034,-0.7886807444305228,0.5165785533111267
18.66,0.0046450508816428815,-0.9566360052562418,0.5410261895302998
18.68,0.024447636219173056,-1.0605384591877272,0.5640069675763224
18.7,0.12003789383613972,-1.0749625645570393,0.49995416068208903
18.72,0.2412981694832381,-1.0615163646364942,0.3909177031445772
18.74,0.26501237661583593,-1.082541331784983,0.456437368211961
18.76,0.19949271154845216,-1.1619961494972955,0.5449378113253674
18.78,0.1207713229227149,-1.2588087889252209,0.5089997860831831
18.8,0.14888610457476392,-1.2910796687345292,0.41389848119059985
18.82,0.31146288543226475,-1.2179812364392018,0.35473520154020105
18.84,0.3945848485774532,-1.1302142224123706,0.3657366378388289
18.86,0.3324878525807536,-1.1358371787427803,0.35766891788650185
18.88,0.24276502765638847,-1.127036029703878,0.3217308926443174
18.9,0.2056046206032454,-1.0478256883537573,0.302172783668979
18.92,0.13519542829202702,-0.9930629832228096,0.2782141001741894
18.94,0.06307490144546649,-1.000886226812945,0.23763102405036213
18.96,0.0009779054487669223,-0.9940408886715766,0.22002872597255752
18.98,-0.06356385416984996,-0.9475903798551477,0.2063380496898206
19.0,-0.11490389023011337,-0.8762032820951624,0.18580203526571523
19.01,-0.09607921034135011,-0.8194847660666809,0.11465941386792164
19.03,-0.10170216667175992,-0.7375851847324512,0.12614980289093297
19.05,-0.1686886899122941,-0.6974910613330073,0.10512483574244415
19.07,-0.17088897717201967,-0.6561745561226049,0.09559025761696666
19.09,-0.19289184976927543,-0.6165693854475446,0.09045625401094032
19.11,-0.24349845674296366,-0.6011673746294655,0.08434434495614705
19.13,-0.2765027656388473,-0.5940775601259053,0.0799437704366959
19.15,-0.28750420193747517,-0.5794089783944015,0.06356385416984996
19.17,-0.31048497998349783,-0.5767197384102924,0.048650796076154385
19.19,-0.3351770925648626,-0.5908993674174128,0.038871741588485165
19.21,-0.3505791033829417,-0.6165693854475446,0.03153745072273324
19.23,-0.37307092870458086,-0.6573969379335636,0.0383827888641017
19.25,-0.39531827766402833,-0.7463863337713534,0.049628701524921305
19.27,-0.4063197139626562,-0.872047183937903,0.07823243590135379
19.29,-0.40314152125416375,-0.9989304159154112,0.1359288573786022
19.31,-0.3975185649237539,-1.0539375974085505,0.18653546435229043
19.33,-0.3982519940103291,-1.0527152155975918,0.21538367509091463
19.35,-0.3916511322311524,-1.0556489319438926,0.21318338783118906
19.37,-0.3772270268618403,-1.0769183754545733,0.2134278641933808
19.39,-0.3535128197292424,-1.0950096262567612,0.2180729150750237
19.41,-0.32979861259664456,-1.1182348806649758,0.2285853986492681
19.43,-0.29875011459829476,-1.119701738838126,0.24594322036488098
19.45,-0.2765027656388473,-1.0818079026984078,0.2625676129939186
19.47,-0.2777251474498059,-1.028023103016227,0.2733245729303548
19.49,-0.30119487822021207,-0.9666595361061027,0.27308009656816307
19.5,-0.3231977508174678,-0.9202090272896739,0.2669681875133698
19.51,-0.3412890016196559,-0.8803593802524218,0.25694465666350885
19.53,-0.36818140146074624,-0.833908871435993,0.24203159856981327
19.55,-0.3804052195703328,-0.808483329768053,0.23151911499556885
19.57,-0.374782263239923,-0.7996821807291508,0.23200806771995233
19.59,-0.3740488341533478,-0.7891696971549064,0.2342083549796779
19.61,-0.3708706414448553,-0.7789016899428536,0.23860892949912904
19.63,-0.35717996516211836,-0.781346453564771,0.23860892949912904
19.65,-0.32710937261253553,-0.7925923662255906,0.23885340586132078
19.67,-0.3190416526602084,-0.8282859151055832,0.23029673318461022
19.69,-0.3300430889588363,-0.8698468966781774,0.2166060569018733
19.71,-0.3461785288634905,-0.8930721510863918,0.1911805152339333
19.73,-0.3645142560278703,-0.9060293982825536,0.1686886899122941
19.75,-0.38260550683005834,-0.9187421691165235,0.15230877364544815
19.77,-0.38700608134950953,-0.9314549399504936,0.14350762460654584
19.79,-0.38333893591663354,-0.9348776090211778,0.14032943189805336
19.81,-0.3694037832717049,-0.9248540781713168,0.13959600281147816
19.83,-0.3535128197292424,-0.9194755982030988,0.13250618830791797
19.85,-0.35693548879992665,-0.9539467652721327,0.09876845032545915
19.87,-0.35669101243773493,-1.0043088958836293,0.05476270513094765
19.89,-0.32833175442349416,-1.0184885248907496,0.04791736698957919
19.91,-0.293127158267885,-1.0150658558200654,0.031048497998349783
19.93,-0.28163676924487363,-1.0224001466858172,-0.002444763621917306
19.95,-0.28408153286679094,-1.0387800629526633,-0.04131650521040247
19.97,-0.26819056932432844,-1.0414693029367723,-0.0383827888641017
19.99,-0.24814350762460655,-1.0353573938819791,-0.03764935977752651
20.01,-0.25449989304159154,-1.0431806374721144,-0.04058307612382728
20.03,-0.2821257219692571,-1.0646945573449866,-0.08141062860984628
20.05,-0.2923937291813098,-1.0891421935641596,-0.09265654127066589
20.07,-0.2718577147572044,-1.0771628518167649,-0.06674204687834245
20.09,-0.2603673257341931,-1.040735873850197,-0.04669498517862054
20.11,-0.28799315466185865,-1.0219111939614338,-0.047183937903004
20.13,-0.3244201326284265,-1.0155548085444488,-0.05305137059560554
20.15,-0.32759832533691896,-0.9947743177581517,-0.0440057451945115
20.17,-0.3317544234941784,-0.9754606851450051,-0.026647923478898633
20.19,-0.34740091067444917,-0.9695932524524035,-0.01271277083396999
20.21,-0.3645142560278703,-0.9705711579011704,0.0036671454328759587
20.23,-0.374782263239923,-0.9666595361061027,0.02518106530574825
20.25,-0.3794273141215659,-0.9671484888304862,0.049628701524921305
20.27,-0.38969532133361856,-0.9796167833022644,0.06771995232710937
20.29,-0.40167466308101335,-0.9886624087033584,0.09094520673532377
20.31,-0.4124316230174495,-0.9901292668765088,0.11172569752162087
20.33,-0.42563334657580293,-0.9874400268923998,0.12663875561531643
20.35,-0.4366347828744308,-0.9830394523729487,0.13861809736271125
20.37,-0.44103535739388194,-0.9769275433181555,0.14766372276380527
20.39,-0.44348012101579926,-0.9710601106255539,0.14204076643339547
20.41,-0.4412798337560737,-0.9625034379488433,0.14228524279558719
20.43,-0.4361458301500474,-0.9546801943587079,0.14008495553586162
20.45,-0.43198973199278795,-0.9588362925159674,0.13886257372490296
20.47,-0.4197659138832014,-0.9456345689576139,0.14693029367723007
20.49,-0.40411942670293066,-0.9510130489258319,0.15719830088928277
20.51,-0.39874094673471255,-0.9651926779329524,0.15646487180270757
20.53,-0.39776304128594564,-0.9581028634293921,0.15646487180270757
20.55,-0.3936069431286862,-0.9431898053356966,0.15475353726736546
20.57,-0.38602817590074257,-0.9375668490052868,0.147908199125997
20.59,-0.3828499831922501,-0.9302325581395349,0.14155181370901201
20.61,-0.3764935977752651,-0.9299880817773432,0.14228524279558719
20.63,-0.377471503224032,-0.9417229471625462,0.13397304648106836
20.65,-0.3799162668459493,-0.9585918161537756,0.12419399199339913
20.67,-0.37307092870458086,-0.9678819179170614,0.12028237019833145
20.69,-0.3657366378388289,-0.9759496378693885,0.10854750481312837
20.71,-0.3672034960119793,-0.9849952632704825,0.0919231121840907
20.73,-0.3657366378388289,-0.9757051615071968,0.08043272316107936
20.75,-0.3667145432875959,-0.9607921034135012,0.06845338141368457
20.77,-0.3672034960119793,-0.9656816306573358,0.055251657855331114
20.79,-0.36255844513033647,-0.9742383033340464,0.048406319713962656
20.81,-0.3483788161232161,-0.9803502123888397,0.04791736698957919
20.83,-0.3346881398404792,-0.9803502123888397,0.047428414265195735
20.85,-0.32808727806130245,-0.9805946887510314,0.03960517067506036
20.87,-0.32906518351006936,-0.9859731687192494,0.031292974360541514
20.89,-0.323931179904043,-0.9857286923570577,0.022247348959447483
20.91,-0.3187971762980167,-0.978149925129114,0.019558108975338447
20.93,-0.31390764905418206,-0.972771445160896,0.014913058093695565
20.95,-0.3102405036213061,-0.963725819759802,0.018824679888763254
20.96,-0.3060844054640467,-0.9561470525318583,0.023225254408214404
20.97,-0.302172783668979,-0.9475903798551477,0.027870305289857285
20.99,-0.29630535097637745,-0.9466124744063809,0.03862726522629343
21.01,-0.2950829691654188,-0.9436787580600801,0.04204993429697766
21.03,-0.3051065000152798,-0.9336552272102191,0.047672890627387464
21.05,-0.3200195581089753,-0.9270543654310424,0.053540323319988994
21.07,-0.32833175442349416,-0.9285212236041928,0.05794089783944015
21.09,-0.33126547076979496,-0.9314549399504936,0.06380833053204168
21.11,-0.3371329034623965,-0.9307215108639183,0.07603214864162822
21.13,-0.34006661980869723,-0.9292546526907679,0.08018824679888763
21.15,-0.3461785288634905,-0.9397671362650124,0.08605567949148916
21.17,-0.349356721571983,-0.962747914311035,0.09485682853039147
21.19,-0.3522904379182838,-0.9744827796962381,0.09779054487669223
21.21,-0.35840234697307705,-0.9625034379488433,0.10365797756929376
21.23,-0.36329187421691167,-0.9581028634293921,0.10756959936436146
21.25,-0.3650032087522538,-0.9654371542951441,0.11001436298627876
21.27,-0.3667145432875959,-0.960058674326926,0.11172569752162087
21.29,-0.368425877822938,-0.9634813433976103,0.11099226843504569
21.31,-0.3672034960119793,-0.9722824924365125,0.11563731931668857
21.33,-0.3603581578706109,-0.9659261070195275,0.11808208293860586
21.35,-0.3628029214925282,-0.9581028634293921,0.12199370473367356
21.37,-0.3630473978547199,-0.9615255325000763,0.1246829447177826
21.39,-0.3667145432875959,-0.9605476270513095,0.12492742107997433
21.41,-0.36915930690951315,-0.9544357179965162,0.12297161018244049
21.43,-0.37184854689362223,-0.9485682853039147,0.12614980289093297
21.45,-0.37209302325581395,-0.9427008526113131,0.1207713229227149
21.47,-0.37380435779115606,-0.9363444671943282,0.11417046114353818
21.49,-0.37282645234238915,-0.9348776090211778,0.11099226843504569
21.51,-0.3733154050667726,-0.9456345689576139,0.11001436298627876
21.53,-0.37111511780704703,-0.9576139107050087,0.10659169391559453
21.55,-0.36989273599608835,-0.9539467652721327,0.10243559575833511
21.57,-0.3667145432875959,-0.947345903492956,0.09950187941203435
21.59,-0.3672034960119793,-0.9461235216819973,0.09999083213641781
21.61,-0.3654921614766372,-0.9571249579806252,0.09387892308162454
21.63,-0.3669590196497876,-0.9590807688781591,0.09167863582189897
21.65,-0.37062616508266355,-0.947345903492956,0.0831219631451884
21.67,-0.37355988142896435,-0.946367998044189,0.07725453045258686
21.69,-0.37453778687773126,-0.9612810561378846,0.07187605048436879
21.71,-0.3701372123582801,-0.9693487760902118,0.07163157412217706
21.73,-0.3650032087522538,-0.9671484888304862,0.06674204687834245
21.75,-0.355713106988968,-0.9629923906732267,0.06185251963450784
21.77,-0.3488677688475995,-0.9632368670354184,0.05794089783944015
21.79,-0.34471167069034014,-0.9620144852244599,0.05476270513094765
21.81,-0.3540017724536259,-0.9678819179170614,0.05427375240656419
21.83,-0.3613360633193778,-0.9678819179170614,0.05647403966628976
21.85,-0.36255844513033647,-0.9671484888304862,0.057451945115056684
21.87,-0.3640253033034868,-0.9713045869877456,0.06258594872108303
21.89,-0.36329187421691167,-0.9771720196803472,0.0623414723588913
21.91,-0.364758732390062,-0.9742383033340464,0.07163157412217706
21.93,-0.36989273599608835,-0.9774164960425389,0.07578767227943647
21.94,-0.377471503224032,-0.9830394523729487,0.07969929407450417
21.96,-0.3835834122788253,-0.9715490633499373,0.07823243590135379
21.98,-0.38676160498731776,-0.9681263942792531,0.08483329768053051
22.0,-0.38505027045197565,-0.9671484888304862,0.08581120312929744
22.02,-0.3772270268618403,-0.9541912416343244,0.08703358494025609
22.04,-0.37258197598019743,-0.9439232344222718,0.09045625401094032
22.06,-0.37453778687773126,-0.9466124744063809,0.0919231121840907
22.08,-0.3750267396021147,-0.952724383461174,0.09607921034135011
22.1,-0.37771597958622377,-0.9546801943587079,0.10341350120710203
22.12,-0.3794273141215659,-0.9539467652721327,0.10341350120710203
22.14,-0.3816276013812914,-0.9500351434770651,0.10365797756929376
22.16,-0.3823610304678666,-0.9444121871466552,0.10536931210463588
22.18,-0.38407236500320874,-0.941967423524738,0.11148122115942914
22.2,-0.38602817590074257,-0.9375668490052868,0.11123674479723741
22.22,-0.38749503407389296,-0.9397671362650124,0.10903645753751184
22.24,-0.3911621795067689,-0.9478348562173394,0.10708064663997799
22.26,-0.390184274058002,-0.9534578125477493,0.10708064663997799
22.28,-0.3877395104360847,-0.9505240962014485,0.1014576903095682
22.3,-0.38627265226293434,-0.9490572380282981,0.10096873758518474
22.32,-0.3828499831922501,-0.9431898053356966,0.09974635577422608
22.34,-0.3816276013812914,-0.940989518075971,0.09803502123888397
22.36,-0.381138648656908,-0.9449011398710387,0.09485682853039147
22.38,-0.3821165541056749,-0.9439232344222718,0.09314549399504936
22.4,-0.3804052195703328,-0.9412339944381627,0.09290101763285762
22.42,-0.3799162668459493,-0.9429453289735048,0.0887449194755982
22.43,-0.3782049323106072,-0.9456345689576139,0.08703358494025609
22.446,-0.3806496959325245,-0.9519909543745989,0.08752253766463955
22.466,-0.380160743208141,-0.9539467652721327,0.08605567949148916
22.486,-0.380160743208141,-0.9554136234452831,0.08434434495614705
22.506,-0.3804052195703328,-0.9585918161537756,0.0831219631451884
22.526,-0.3830944595544418,-0.9585918161537756,0.08556672676710571
22.546,-0.38260550683005834,-0.9644592488463771,0.07529871955505302
22.566,-0.38480579408978394,-0.9669040124682945,0.05940775601259053
22.586,-0.3750267396021147,-0.9615255325000763,0.06185251963450784
22.606,-0.3784494086727989,-0.9622589615866516,0.05867432692601534
22.626,-0.38969532133361856,-0.9688598233658283,0.05305137059560554
22.646,-0.38725055771170125,-0.9598141979647342,0.04889527243834611
22.666,-0.38553922317635914,-0.9583473397915839,0.048406319713962656
22.686,-0.3789383613971824,-0.9673929651926779,0.05574061057971457
22.706,-0.37429331051553955,-0.9568804816184335,0.059896708736973996
22.726,-0.37282645234238915,-0.9515020016502155,0.06723099960272591
22.746,-0.37135959416923875,-0.9610365797756929,0.08238853405861321
22.766,-0.36744797237417104,-0.962747914311035,0.0911896830975155
22.786,-0.36744797237417104,-0.9585918161537756,0.09803502123888397
22.806,-0.3784494086727989,-0.9590807688781591,0.10096873758518474
22.826,-0.3823610304678666,-0.9607921034135012,0.09607921034135011
22.846,-0.37429331051553955,-0.9493017143904898,0.09705711579011704
22.866,-0.3764935977752651,-0.9449011398710387,0.09876845032545915
22.886,-0.37258197598019743,-0.9493017143904898,0.09974635577422608
22.906,-0.37038168872047184,-0.9444121871466552,0.09925740304984261
22.928,-0.36891483054732144,-0.9512575252880237,0.10047978486080127
22.948,-0.3657366378388289,-0.9517464780124072,0.09803502123888397
22.968,-0.3654921614766372,-0.9468569507685726,0.09705711579011704
22.988,-0.3659811142010207,-0.9478348562173394,0.0951013048925832
23.008,-0.3672034960119793,-0.9507685725636402,0.09216758854628243
23.028,-0.3662255905632124,-0.9478348562173394,0.09363444671943282
23.048,-0.3667145432875959,-0.9475903798551477,0.09021177764874859
23.068,-0.3679369250985545,-0.9522354307367906,0.08825596675121473
23.088,-0.3657366378388289,-0.9488127616661064,0.08581120312929744
23.108,-0.36329187421691167,-0.9441677107844635,0.08605567949148916
23.128,-0.3630473978547199,-0.9493017143904898,0.08336643950738012
23.148,-0.3662255905632124,-0.9497906671148734,0.0831219631451884
23.168,-0.36818140146074624,-0.9490572380282981,0.08483329768053051
23.188,-0.37111511780704703,-0.9517464780124072,0.0863001558536809
23.208,-0.374782263239923,-0.9534578125477493,0.0799437704366959
23.228,-0.374782263239923,-0.9571249579806252,0.07798795953916206
23.248,-0.37453778687773126,-0.9568804816184335,0.07774348317697033
23.268,-0.3779604559484155,-0.9568804816184335,0.07554319591724475
23.288,-0.3818720777434832,-0.9544357179965162,0.06943128686245148
23.308,-0.383827888641017,-0.9554136234452831,0.07701005409039513
23.328,-0.38407236500320874,-0.9522354307367906,0.0774990068147786
23.348,-0.38749503407389296,-0.9495461907526815,0.0767655777282034
23.368,-0.38749503407389296,-0.9422118998869297,0.07945481771231244
23.388,-0.38871741588485165,-0.9431898053356966,0.07896586498792897
23.398,-0.38725055771170125,-0.9480793325795311,0.08189958133422974
23.41,-0.3877395104360847,-0.9451456162332305,0.08141062860984628
23.43,-0.38676160498731776,-0.9458790453198056,0.07554319591724475
23.45,-0.3835834122788253,-0.9480793325795311,0.08141062860984628
23.47,-0.38505027045197565,-0.9493017143904898,0.08189958133422974
23.49,-0.3894508449714268,-0.9556580998074748,0.08336643950738012
23.51,-0.3950738013018366,-0.9436787580600801,0.08972282492436512
23.53,-0.3989854230969043,-0.9468569507685726,0.08678910857806435
23.55,-0.3967851358371787,-0.9607921034135012,0.09216758854628243
23.57,-0.3926290376799193,-0.9632368670354184,0.09021177764874859
23.59,-0.3948293249396449,-0.9632368670354184,0.08434434495614705
23.61,-0.3960517067506035,-0.9642147724841854,0.07872138862573724
23.63,-0.3918956085933441,-0.9588362925159674,0.07627662500381995
23.65,-0.3945848485774532,-0.95639152889405,0.07480976683066956
23.67,-0.390184274058002,-0.9541912416343244,0.07309843229532745
23.69,-0.38749503407389296,-0.9517464780124072,0.07065366867341014
23.71,-0.38749503407389296,-0.9515020016502155,0.06820890505149284
23.73,-0.3899397976958103,-0.9510130489258319,0.0679644286893011
23.75,-0.38969532133361856,-0.9488127616661064,0.06674204687834245
23.77,-0.3948293249396449,-0.948323808941723,0.06503071234300034
23.79,-0.3921400849555359,-0.9451456162332305,0.06649757051615071
23.81,-0.39531827766402833,-0.9495461907526815,0.06771995232710937
23.83,-0.40020780490786295,-0.9524799070989823,0.06820890505149284
23.85,-0.40045228127005467,-0.953702288909941,0.06771995232710937
23.87,-0.3982519940103291,-0.9510130489258319,0.0679644286893011
23.89,-0.3982519940103291,-0.9524799070989823,0.07114262139779359
23.9,-0.39922989945909604,-0.9505240962014485,0.06943128686245148
23.92,-0.3940958958530697,-0.9493017143904898,0.07089814503560186
23.94,-0.3884729395226599,-0.9493017143904898,0.0767655777282034
23.96,-0.38798398679827645,-0.9497906671148734,0.07456529046847783
23.98,-0.3818720777434832,-0.9517464780124072,0.07627662500381995
24.0,-0.37600464505088166,-0.9517464780124072,0.08825596675121473
24.02,-0.37429331051553955,-0.9546801943587079,0.08458882131833878
24.04,-0.37429331051553955,-0.9519909543745989,0.08165510497203801
24.06,-0.37307092870458086,-0.9385447544540537,0.08361091586957185
24.08,-0.37233749961800566,-0.9431898053356966,0.08214405769642147
24.1,-0.3740488341533478,-0.9451456162332305,0.07847691226354551
24.12,-0.37429331051553955,-0.9380558017296703,0.07627662500381995
24.14,-0.3686703541851297,-0.9407450417137793,0.07627662500381995
24.16,-0.3694037832717049,-0.9458790453198056,0.08018824679888763
24.18,-0.374782263239923,-0.9490572380282981,0.08336643950738012
24.2,-0.38602817590074257,-0.9539467652721327,0.0838553922317636
24.22,-0.39042875042019376,-0.95639152889405,0.08214405769642147
24.24,-0.38822846316046816,-0.9515020016502155,0.08141062860984628
24.26,-0.383827888641017,-0.9495461907526815,0.08556672676710571
24.28,-0.38260550683005834,-0.9539467652721327,0.08409986859395532
24.3,-0.38260550683005834,-0.9512575252880237,0.07945481771231244
24.32,-0.3830944595544418,-0.9485682853039147,0.08141062860984628
24.34,-0.3816276013812914,-0.9517464780124072,0.07921034135012071
24.36,-0.3806496959325245,-0.9493017143904898,0.07872138862573724
24.38,-0.3791828377593741,-0.9471014271307643,0.07921034135012071
24.4,-0.3804052195703328,-0.9475903798551477,0.07921034135012071
24.42,-0.38407236500320874,-0.9495461907526815,0.0767655777282034
24.44,-0.3835834122788253,-0.9493017143904898,0.07798795953916206
24.46,-0.38431684136540045,-0.9502796198392568,0.07725453045258686
24.48,-0.3852947468141674,-0.9493017143904898,0.07505424319286129
24.5,-0.38260550683005834,-0.9500351434770651,0.07383186138190263
24.52,-0.383827888641017,-0.9532133361855576,0.07114262139779359
24.54,-0.38431684136540045,-0.9510130489258319,0.07114262139779359
24.56,-0.3830944595544418,-0.9500351434770651,0.06820890505149284
24.58,-0.38676160498731776,-0.9475903798551477,0.06771995232710937
24.6,-0.38505027045197565,-0.9461235216819973,0.07016471594902668
24.62,-0.38602817590074257,-0.9497906671148734,0.0774990068147786
24.64,-0.38798398679827645,-0.948323808941723,0.06992023958683495
24.66,-0.38969532133361856,-0.947345903492956,0.07701005409039513
24.68,-0.3909177031445772,-0.9451456162332305,0.08556672676710571
24.7,-0.39042875042019376,-0.9458790453198056,0.08043272316107936
24.72,-0.3933624667664945,-0.9466124744063809,0.07896586498792897
24.74,-0.3914066558689607,-0.9427008526113131,0.07774348317697033
24.76,-0.3945848485774532,-0.9471014271307643,0.07701005409039513
24.78,-0.3940958958530697,-0.9456345689576139,0.07652110136601167
24.8,-0.3899397976958103,-0.9351220853833695,0.07725453045258686
24.82,-0.3936069431286862,-0.9397671362650124,0.08116615224765455
24.84,-0.3936069431286862,-0.9468569507685726,0.08483329768053051
24.86,-0.3923845613177276,-0.9534578125477493,0.08361091586957185
24.88,-0.3980075176481374,-0.9539467652721327,0.08507777404272224
24.9,-0.3997188521834795,-0.9488127616661064,0.07969929407450417
24.92,-0.3962961831127953,-0.948323808941723,0.07872138862573724
24.94,-0.3906732267823855,-0.9495461907526815,0.07627662500381995
24.96,-0.3852947468141674,-0.9471014271307643,0.07187605048436879
24.98,-0.3818720777434832,-0.9453900925954222,0.07456529046847783
25.0,-0.3804052195703328,-0.9532133361855576,0.07823243590135379
25.02,-0.3813831250190997,-0.9546801943587079,0.08092167588546283
25.04,-0.3845613177275922,-0.9493017143904898,0.07921034135012071
25.06,-0.3877395104360847,-0.9478348562173394,0.07798795953916206
25.08,-0.38749503407389296,-0.9497906671148734,0.0806771995232711
25.1,-0.38553922317635914,-0.9519909543745989,0.08263301042080494
25.12,-0.3877395104360847,-0.9502796198392568,0.08189958133422974
25.14,-0.3884729395226599,-0.947345903492956,0.08116615224765455
25.16,-0.38602817590074257,-0.9461235216819973,0.08214405769642147
25.18,-0.38896189224704336,-0.9471014271307643,0.08556672676710571
25.2,-0.3914066558689607,-0.9497906671148734,0.08654463221587262
25.22,-0.3982519940103291,-0.9515020016502155,0.08678910857806435
25.24,-0.40240809216758855,-0.9461235216819973,0.08532225040491398
25.26,-0.3967851358371787,-0.9456345689576139,0.08263301042080494
25.28,-0.3982519940103291,-0.9480793325795311,0.08703358494025609
25.3,-0.40143018671882164,-0.9497906671148734,0.07896586498792897
25.32,-0.40143018671882164,-0.9495461907526815,0.08458882131833878
25.34,-0.39776304128594564,-0.9510130489258319,0.08947834856217339
25.35,-0.39947437582128775,-0.9561470525318583,0.08409986859395532
25.36,-0.40069675763224644,-0.9576139107050087,0.0774990068147786
25.38,-0.3967851358371787,-0.9478348562173394,0.07969929407450417
25.4,-0.38969532133361856,-0.9461235216819973,0.07578767227943647
25.42,-0.3845613177275922,-0.9507685725636402,0.07872138862573724
25.44,-0.3828499831922501,-0.9453900925954222,0.0774990068147786
25.46,-0.381138648656908,-0.947345903492956,0.0774990068147786
25.48,-0.3821165541056749,-0.9517464780124072,0.07969929407450417
25.5,-0.3914066558689607,-0.9502796198392568,0.08483329768053051
25.52,-0.40167466308101335,-0.9524799070989823,0.08727806130244782
25.54,-0.40265256852978026,-0.9546801943587079,0.08483329768053051
25.56,-0.3943403722152614,-0.9510130489258319,0.0838553922317636
25.58,-0.38798398679827645,-0.9510130489258319,0.08703358494025609
25.6,-0.38602817590074257,-0.9502796198392568,0.08458882131833878
25.62,-0.38700608134950953,-0.9466124744063809,0.08532225040491398
25.64,-0.38676160498731776,-0.948323808941723,0.08507777404272224
25.66,-0.38725055771170125,-0.9510130489258319,0.08727806130244782
25.68,-0.38431684136540045,-0.9497906671148734,0.088011490389023
25.7,-0.38749503407389296,-0.9488127616661064,0.088011490389023
25.72,-0.3894508449714268,-0.9497906671148734,0.08776701402683128
25.74,-0.38407236500320874,-0.9490572380282981,0.0863001558536809
25.76,-0.3877395104360847,-0.9485682853039147,0.088011490389023
25.78,-0.38627265226293434,-0.9500351434770651,0.08703358494025609
25.8,-0.3835834122788253,-0.9505240962014485,0.08752253766463955
25.82,-0.3852947468141674,-0.9502796198392568,0.08678910857806435
25.84,-0.38651712862512605,-0.9490572380282981,0.08434434495614705
25.856,-0.3845613177275922,-0.9490572380282981,0.08605567949148916
25.876,-0.38431684136540045,-0.9490572380282981,0.08605567949148916
25.896,-0.38822846316046816,-0.9517464780124072,0.08263301042080494
25.916,-0.3830944595544418,-0.948323808941723,0.08605567949148916
25.936,-0.3835834122788253,-0.9485682853039147,0.08605567949148916
25.956,-0.38431684136540045,-0.9524799070989823,0.0887449194755982
25.976,-0.38333893591663354,-0.9502796198392568,0.08287748678299667
25.996,-0.3835834122788253,-0.9554136234452831,0.08752253766463955
26.016,-0.3806496959325245,-0.9556580998074748,0.09607921034135011
26.036,-0.38676160498731776,-0.9576139107050087,0.08483329768053051
26.056,-0.38651712862512605,-0.9495461907526815,0.08678910857806435
26.076,-0.3799162668459493,-0.9458790453198056,0.08654463221587262
26.096,-0.3791828377593741,-0.9495461907526815,0.08532225040491398
26.116,-0.3799162668459493,-0.9395226599028206,0.08532225040491398
26.136,-0.381138648656908,-0.9402560889893958,0.08409986859395532
26.156,-0.3779604559484155,-0.9485682853039147,0.0863001558536809
26.176,-0.3794273141215659,-0.9505240962014485,0.08947834856217339
26.196,-0.3914066558689607,-0.9539467652721327,0.08996730128655686
26.216,-0.3950738013018366,-0.9595697216025425,0.09045625401094032
26.236,-0.3943403722152614,-0.9568804816184335,0.08850044311340648
26.256,-0.39042875042019376,-0.9549246707208997,0.088011490389023
26.276,-0.390184274058002,-0.95639152889405,0.08483329768053051
26.296,-0.38602817590074257,-0.9544357179965162,0.08287748678299667
26.316,-0.3813831250190997,-0.9490572380282981,0.0838553922317636
26.326,-0.3791828377593741,-0.9493017143904898,0.07872138862573724
26.34,-0.380160743208141,-0.953702288909941,0.07896586498792897
26.36,-0.3796717904837576,-0.9510130489258319,0.08165510497203801
26.38,-0.3799162668459493,-0.9493017143904898,0.08238853405861321
26.4,-0.3799162668459493,-0.9522354307367906,0.0831219631451884
26.42,-0.3796717904837576,-0.9505240962014485,0.08287748678299667
26.44,-0.3808941722947162,-0.9512575252880237,0.08116615224765455
26.46,-0.3816276013812914,-0.9515020016502155,0.08116615224765455
26.48,-0.37771597958622377,-0.9522354307367906,0.08238853405861321
26.5,-0.3808941722947162,-0.9515020016502155,0.08141062860984628
26.52,-0.38627265226293434,-0.9532133361855576,0.08189958133422974
26.54,-0.38700608134950953,-0.9549246707208997,0.08018824679888763
26.56,-0.38749503407389296,-0.9581028634293921,0.08018824679888763
26.58,-0.383827888641017,-0.95639152889405,0.08092167588546283
26.6,-0.38333893591663354,-0.9524799070989823,0.08214405769642147
26.62,-0.38578369953855085,-0.9515020016502155,0.07945481771231244
26.64,-0.381138648656908,-0.9478348562173394,0.07701005409039513
26.66,-0.3779604559484155,-0.9505240962014485,0.08043272316107936
26.68,-0.3789383613971824,-0.952724383461174,0.08189958133422974
26.7,-0.380160743208141,-0.9522354307367906,0.07847691226354551
26.72,-0.37771597958622377,-0.9556580998074748,0.08654463221587262
26.74,-0.380160743208141,-0.9571249579806252,0.08678910857806435
26.76,-0.38553922317635914,-0.9581028634293921,0.07969929407450417
26.78,-0.381138648656908,-0.9490572380282981,0.0806771995232711
26.8,-0.37258197598019743,-0.948323808941723,0.07945481771231244
26.82,-0.36989273599608835,-0.9515020016502155,0.07872138862573724
26.83,-0.36818140146074624,-0.9441677107844635,0.07921034135012071
26.85,-0.3659811142010207,-0.9417229471625462,0.07969929407450417
26.87,-0.37038168872047184,-0.9466124744063809,0.08116615224765455
26.89,-0.37307092870458086,-0.9493017143904898,0.08409986859395532
26.91,-0.3796717904837576,-0.9566360052562418,0.08458882131833878
26.93,-0.3818720777434832,-0.960058674326926,0.0838553922317636
26.95,-0.37527121596430646,-0.9539467652721327,0.08727806130244782
26.97,-0.37209302325581395,-0.9539467652721327,0.08434434495614705
26.99,-0.37233749961800566,-0.9524799070989823,0.07872138862573724
27.01,-0.37184854689362223,-0.9466124744063809,0.07872138862573724
27.03,-0.37111511780704703,-0.9497906671148734,0.08043272316107936
27.05,-0.368425877822938,-0.9505240962014485,0.0806771995232711
27.07,-0.3676924487363628,-0.9458790453198056,0.07774348317697033
27.09,-0.36818140146074624,-0.9446566635088469,0.07652110136601167
27.11,-0.3701372123582801,-0.9497906671148734,0.07627662500381995
27.13,-0.37062616508266355,-0.9529688598233658,0.07847691226354551
27.15,-0.37429331051553955,-0.9549246707208997,0.07798795953916206
27.17,-0.37453778687773126,-0.9559025761696666,0.07627662500381995
27.19,-0.37453778687773126,-0.9549246707208997,0.07529871955505302
27.21,-0.374782263239923,-0.9534578125477493,0.07309843229532745
27.23,-0.377471503224032,-0.9532133361855576,0.07407633774409436
27.25,-0.3755156923264982,-0.953702288909941,0.07529871955505302
27.27,-0.377471503224032,-0.9534578125477493,0.07456529046847783
27.29,-0.3767380741374568,-0.9556580998074748,0.07554319591724475
27.3,-0.3784494086727989,-0.9566360052562418,0.07798795953916206
27.32,-0.37771597958622377,-0.95639152889405,0.0767655777282034
27.34,-0.38260550683005834,-0.9546801943587079,0.07529871955505302
27.36,-0.381138648656908,-0.9515020016502155,0.07554319591724475
27.38,-0.3791828377593741,-0.9522354307367906,0.07309843229532745
27.4,-0.3782049323106072,-0.9544357179965162,0.0799437704366959
27.42,-0.3799162668459493,-0.9519909543745989,0.06992023958683495
27.44,-0.3782049323106072,-0.9556580998074748,0.08043272316107936
27.46,-0.377471503224032,-0.9541912416343244,0.08116615224765455
27.48,-0.38505027045197565,-0.9576139107050087,0.07578767227943647
27.5,-0.3830944595544418,-0.9532133361855576,0.07701005409039513
27.52,-0.377471503224032,-0.946367998044189,0.07823243590135379
27.54,-0.37380435779115606,-0.9539467652721327,0.0799437704366959
27.56,-0.37307092870458086,-0.9512575252880237,0.07823243590135379
27.58,-0.37307092870458086,-0.9480793325795311,0.07774348317697033
27.6,-0.374782263239923,-0.9529688598233658,0.08043272316107936
27.62,-0.3750267396021147,-0.9539467652721327,0.08336643950738012
27.64,-0.3818720777434832,-0.9583473397915839,0.08483329768053051
27.66,-0.38725055771170125,-0.9607921034135012,0.08434434495614705
27.68,-0.38407236500320874,-0.9578583870672004,0.0838553922317636
27.7,-0.37600464505088166,-0.9590807688781591,0.08605567949148916
27.72,-0.37307092870458086,-0.9583473397915839,0.08141062860984628
27.74,-0.37380435779115606,-0.9468569507685726,0.07847691226354551
27.76,-0.37527121596430646,-0.9507685725636402,0.08165510497203801
27.78,-0.37282645234238915,-0.9544357179965162,0.0799437704366959
27.79,-0.37282645234238915,-0.9559025761696666,0.07798795953916206
27.81,-0.37135959416923875,-0.953702288909941,0.07872138862573724
27.83,-0.37282645234238915,-0.9534578125477493,0.07798795953916206
27.85,-0.3740488341533478,-0.9546801943587079,0.0774990068147786
27.87,-0.3767380741374568,-0.9561470525318583,0.0799437704366959
27.89,-0.3779604559484155,-0.9554136234452831,0.07872138862573724
27.91,-0.374782263239923,-0.9556580998074748,0.08141062860984628
27.93,-0.37453778687773126,-0.9539467652721327,0.08116615224765455
27.95,-0.3757601686886899,-0.9522354307367906,0.07896586498792897
27.97,-0.3782049323106072,-0.9524799070989823,0.08116615224765455
27.99,-0.3799162668459493,-0.952724383461174,0.08018824679888763
28.01,-0.3779604559484155,-0.9515020016502155,0.08263301042080494
28.03,-0.3772270268618403,-0.9515020016502155,0.08141062860984628
28.05,-0.3782049323106072,-0.953702288909941,0.08263301042080494
28.07,-0.3786938850349907,-0.9559025761696666,0.08165510497203801
28.09,-0.3818720777434832,-0.953702288909941,0.08116615224765455
28.11,-0.3828499831922501,-0.9539467652721327,0.0799437704366959
28.13,-0.3813831250190997,-0.9493017143904898,0.08018824679888763
28.15,-0.3789383613971824,-0.9495461907526815,0.07896586498792897
28.17,-0.3784494086727989,-0.953702288909941,0.08214405769642147
28.19,-0.381138648656908,-0.9539467652721327,0.07407633774409436
28.21,-0.3789383613971824,-0.9559025761696666,0.0806771995232711
28.23,-0.3755156923264982,-0.9551691470830914,0.08776701402683128
28.25,-0.38578369953855085,-0.9622589615866516,0.07798795953916206
28.27,-0.3835834122788253,-0.9566360052562418,0.07285395593313572
28.28,-0.3779604559484155,-0.946367998044189,0.07309843229532745
28.29,-0.374782263239923,-0.9522354307367906,0.07505424319286129
28.31,-0.37135959416923875,-0.95639152889405,0.07603214864162822
28.33,-0.37184854689362223,-0.9449011398710387,0.07407633774409436
28.35,-0.37209302325581395,-0.9505240962014485,0.07285395593313572
28.37,-0.37111511780704703,-0.9534578125477493,0.07505424319286129
28.39,-0.37527121596430646,-0.9524799070989823,0.08092167588546283
28.41,-0.38553922317635914,-0.9595697216025425,0.07774348317697033
28.43,-0.38627265226293434,-0.9607921034135012,0.07774348317697033
28.45,-0.380160743208141,-0.9571249579806252,0.07969929407450417
28.47,-0.3750267396021147,-0.9578583870672004,0.07872138862573724
28.49,-0.37380435779115606,-0.9493017143904898,0.07627662500381995
28.51,-0.37282645234238915,-0.9449011398710387,0.07627662500381995
28.53,-0.37233749961800566,-0.9524799070989823,0.0774990068147786
28.55,-0.37453778687773126,-0.9549246707208997,0.07652110136601167
28.57,-0.3750267396021147,-0.9534578125477493,0.07652110136601167
28.59,-0.3764935977752651,-0.953702288909941,0.07627662500381995
28.61,-0.3755156923264982,-0.9559025761696666,0.0743208141062861
28.63,-0.37698255049964857,-0.9522354307367906,0.07578767227943647
28.65,-0.3784494086727989,-0.9490572380282981,0.07456529046847783
28.67,-0.3794273141215659,-0.9500351434770651,0.0735873850197109
28.69,-0.37698255049964857,-0.95639152889405,0.07554319591724475
28.71,-0.3786938850349907,-0.9480793325795311,0.07554319591724475
28.73,-0.3823610304678666,-0.9451456162332305,0.07480976683066956
28.75,-0.38333893591663354,-0.9515020016502155,0.07529871955505302
28.77,-0.381138648656908,-0.9505240962014485,0.07383186138190263
28.789,-0.3823610304678666,-0.9471014271307643,0.0735873850197109
28.809,-0.3821165541056749,-0.9524799070989823,0.07578767227943647
28.829,-0.380160743208141,-0.9529688598233658,0.07701005409039513
28.849,-0.3816276013812914,-0.9512575252880237,0.07505424319286129
28.869,-0.3830944595544418,-0.9505240962014485,0.07138709775998534
28.889,-0.38480579408978394,-0.9515020016502155,0.07236500320875225
28.909,-0.3845613177275922,-0.9497906671148734,0.0591632796503988
28.929,-0.38333893591663354,-0.953702288909941,0.055985086941906306
28.949,-0.38480579408978394,-0.9532133361855576,0.06185251963450784
28.969,-0.3892063686092351,-0.9566360052562418,0.06625309415395898
28.989,-0.3943403722152614,-0.9502796198392568,0.07480976683066956
29.009,-0.3940958958530697,-0.9427008526113131,0.06845338141368457
29.029,-0.38871741588485165,-0.9453900925954222,0.07309843229532745
29.049,-0.38407236500320874,-0.9471014271307643,0.0774990068147786
29.069,-0.39287351404211107,-0.9585918161537756,0.06649757051615071
29.089,-0.39849647037252084,-0.9607921034135012,0.06845338141368457
29.109,-0.3962961831127953,-0.9568804816184335,0.06331937780765821
29.129,-0.3877395104360847,-0.9620144852244599,0.057207468752864955
29.149,-0.3767380741374568,-0.9400116126272041,0.06429728325642514
29.169,-0.37771597958622377,-0.9480793325795311,0.06307490144546649
29.189,-0.36964825963389664,-0.9590807688781591,0.0686978577758763
29.209,-0.3657366378388289,-0.9490572380282981,0.07187605048436879
29.229,-0.377471503224032,-0.9532133361855576,0.07163157412217706
29.249,-0.3799162668459493,-0.9571249579806252,0.07187605048436879
29.27,-0.3767380741374568,-0.9603031506891178,0.07554319591724475
29.29,-0.3750267396021147,-0.9581028634293921,0.07212052684656052
29.31,-0.3782049323106072,-0.947345903492956,0.07456529046847783
29.33,-0.381138648656908,-0.9441677107844635,0.07260947957094398
29.35,-0.383827888641017,-0.9405005653515875,0.06723099960272591
29.37,-0.38676160498731776,-0.938300278091862,0.06429728325642514
29.39,-0.38700608134950953,-0.9422118998869297,0.06160804327231611
29.41,-0.3884729395226599,-0.9451456162332305,0.05891880328820707
29.43,-0.3909177031445772,-0.9517464780124072,0.06136356691012437
29.45,-0.40069675763224644,-0.9549246707208997,0.06160804327231611
29.47,-0.4043639030651224,-0.953702288909941,0.06307490144546649
29.49,-0.40069675763224644,-0.9510130489258319,0.0647862359808086
29.51,-0.39874094673471255,-0.9478348562173394,0.06527518870519207
29.53,-0.3894508449714268,-0.9510130489258319,0.06405280689423341
29.55,-0.38480579408978394,-0.948323808941723,0.06063013782354919
29.57,-0.38553922317635914,-0.9456345689576139,0.06038566146135745
29.59,-0.38578369953855085,-0.9451456162332305,0.06356385416984996
29.61,-0.3877395104360847,-0.9507685725636402,0.06405280689423341
29.63,-0.390184274058002,-0.9507685725636402,0.06674204687834245
29.65,-0.3906732267823855,-0.947345903492956,0.06307490144546649
29.67,-0.3906732267823855,-0.9517464780124072,0.0623414723588913
29.69,-0.3921400849555359,-0.9546801943587079,0.06649757051615071
29.71,-0.3943403722152614,-0.9517464780124072,0.06356385416984996
29.73,-0.3955627540262201,-0.9478348562173394,0.060874614185740916
29.74,-0.3916511322311524,-0.946367998044189,0.05940775601259053
29.75,-0.3916511322311524,-0.947345903492956,0.0623414723588913
29.77,-0.3945848485774532,-0.9510130489258319,0.06576414142957553
29.79,-0.39531827766402833,-0.9500351434770651,0.05965223237478226
29.81,-0.3943403722152614,-0.9566360052562418,0.062096995996699565
29.83,-0.3899397976958103,-0.9551691470830914,0.0655196650673838
29.85,-0.3950738013018366,-0.953702288909941,0.0623414723588913
29.87,-0.3958072303884118,-0.9583473397915839,0.06185251963450784
29.89,-0.38822846316046816,-0.9502796198392568,0.06160804327231611
29.91,-0.38627265226293434,-0.9488127616661064,0.06258594872108303
29.93,-0.38333893591663354,-0.9488127616661064,0.06503071234300034
29.95,-0.38700608134950953,-0.9475903798551477,0.06600861779176725
29.97,-0.39287351404211107,-0.9497906671148734,0.0679644286893011
29.99,-0.39922989945909604,-0.9453900925954222,0.06820890505149284
30.01,-0.40411942670293066,-0.9461235216819973,0.06894233413806802
30.03,-0.40216361580539683,-0.948323808941723,0.06503071234300034
30.05,-0.4063197139626562,-0.9524799070989823,0.06576414142957553
30.07,-0.40191913944320506,-0.9590807688781591,0.07163157412217706
30.09,-0.39922989945909604,-0.9532133361855576,0.06160804327231611
30.11,-0.3960517067506035,-0.9378113253674785,0.056229563304098035
30.13,-0.3921400849555359,-0.9456345689576139,0.05965223237478226
30.15,-0.38969532133361856,-0.9632368670354184,0.06356385416984996
30.17,-0.3975185649237539,-0.9659261070195275,0.06723099960272591
30.19,-0.4060752376004645,-0.9598141979647342,0.06503071234300034
30.21,-0.4109647648442991,-0.9541912416343244,0.06258594872108303
30.23,-0.4148763866393668,-0.9490572380282981,0.062096995996699565
30.25,-0.409253430308957,-0.9466124744063809,0.05965223237478226
30.27,-0.39922989945909604,-0.9453900925954222,0.05842985056382361
30.29,-0.38505027045197565,-0.9529688598233658,0.060874614185740916
30.31,-0.38602817590074257,-0.9551691470830914,0.05696299239067323
30.33,-0.38480579408978394,-0.95639152889405,0.05476270513094765
30.35,-0.3892063686092351,-0.9549246707208997,0.055251657855331114
30.37,-0.3936069431286862,-0.952724383461174,0.05769642147724842
30.39,-0.3960517067506035,-0.9485682853039147,0.05378479968218073
30.41,-0.3945848485774532,-0.9488127616661064,0.052562417871222074
30.43,-0.3940958958530697,-0.9502796198392568,0.053540323319988994
30.45,-0.396540659474987,-0.9488127616661064,0.05060660697368823
30.47,-0.3960517067506035,-0.946367998044189,0.048406319713962656
30.49,-0.40045228127005467,-0.9461235216819973,0.048650796076154385
30.51,-0.40265256852978026,-0.9434342816978883,0.044739174281086695
30.53,-0.40338599761635546,-0.9407450417137793,0.04425022155670324
30.55,-0.4050973321516976,-0.9424563762491214,0.04693946154081227
30.57,-0.4036304739785472,-0.9446566635088469,0.042783363383552854
30.59,-0.40387495034073895,-0.9424563762491214,0.0440057451945115
30.61,-0.4072976194114232,-0.938300278091862,0.035938025242184396
30.63,-0.40240809216758855,-0.9400116126272041,0.04058307612382728
30.64,-0.3958072303884118,-0.9292546526907679,0.04302783974574458
30.66,-0.402897044891972,-0.9246096018091251,0.030559545273966322
30.68,-0.40265256852978026,-0.9187421691165235,0.02518106530574825
30.7,-0.39947437582128775,-0.9079852091800874,0.018824679888763254
30.72,-0.40020780490786295,-0.9106744491641964,0.01295724719616172
30.74,-0.39531827766402833,-0.9172753109433731,0.017846774439996334
30.76,-0.3972740885615622,-0.8989395837789933,0.020047061699721907
30.78,-0.40216361580539683,-0.8935611038107752,0.01637991626684595
30.8,-0.3960517067506035,-0.9121413073373468,0.0075787672279436485
30.82,-0.3916511322311524,-0.9121413073373468,0.01980258533753018
30.84,-0.39849647037252084,-0.878403569354888,0.009779054487669223
30.86,-0.3997188521834795,-0.8762032820951624,0.011001436298627876
30.88,-0.37453778687773126,-0.9038291110228279,0.006356385416984995
30.9,-0.34813433976102437,-0.9363444671943282,0.002444763621917306
30.92,-0.3349326162026709,-0.8930721510863918,-0.02518106530574825
30.94,-0.3224643217308926,-0.8412431623017449,-0.05476270513094765
30.96,-0.2936161109922684,-0.8265745805702411,-0.07578767227943647
30.98,-0.2197842496103658,-0.8109280933899703,-0.08727806130244782
31.0,-0.18433517709256486,-0.7796351190294288,-0.0975460685145005
31.02,-0.22271796595666657,-0.7397854719921767,-0.0735873850197109
31.04,-0.22736301683830945,-0.7094704030804021,-0.02518106530574825
31.06,-0.23787550041255387,-0.6820890505149283,0.003422669070684228
31.08,-0.2158726278152981,-0.6547076979494545,0.027136876203282093
31.09,-0.18506860617914006,-0.6539742688628793,0.03911621795067689
31.1,-0.25572227485255017,-0.6872230541209546,0.06454175961861687
31.12,-0.38260550683005834,-0.7290285120557406,0.060874614185740916
31.14,-0.35522415426458454,-0.6554411270360296,0.05940775601259053
31.16,-0.26134523118296,-0.5992115637319316,0.06992023958683495
31.18,-0.19924823518626042,-0.6791553341686276,0.047183937903004
31.2,-0.27405800201693,-0.8092167588546282,0.06307490144546649
31.22,-0.3610915869571861,-0.7955260825718913,0.043761268832319775
31.24,-0.4043639030651224,-0.6882009595697216,-0.022980778046022676
31.26,-0.4376126883231977,-0.5989670873697399,-0.0623414723588913
31.28,-0.47355071356538214,-0.6520184579653454,-0.06943128686245148
31.3,-0.48332976805305133,-0.833908871435993,-0.09583473397915838
31.32,-0.4681722335971641,-0.7696115881795679,-0.19949271154845216
31.34,-0.48870824802126944,-0.4813739571555175,-0.4036304739785472
31.36,-0.4674388045105889,-0.3324878525807536,-0.41927696115881796
31.38,-0.3065733581884301,-0.46108241909360387,-0.37062616508266355
31.4,-0.18262384255722275,-0.7133820248754699,-0.41829905571005105
31.42,-0.2180729150750237,-0.6928460104513645,-0.5168230296733185
31.44,-0.14424105369312104,-0.443724597377991,-0.6349051126119243
31.46,0.07529871955505302,-0.31219631451883995,-0.7571432937077897
31.48,0.08116615224765455,-0.33371023439171227,-0.41829905571005105
31.5,-0.013935152644928643,-0.3317544234941784,0.04131650521040247
31.52,0.14424105369312104,0.13543990465421873,0.30168383094459555
31.53,0.04913974880053785,0.8603123185527,-0.27381352565473827
31.55,1.3634446719432816,0.7209607921034135,-2.882376310240504
31.57,-7.736698957919506,-1.1038107752956636,-7.843046175472908
31.59,-1.5585368089722824,-1.626256761299392,-3.398221434465055
31.61,-4.362680683311432,1.0637166518962198,-1.8509305381535923
31.63,-0.5273355132475629,-1.6656174556122605,-1.7399382697185466
31.65,0.3630473978547199,-3.024417076673899,0.689667817742872
31.67,-0.1926473734070837,-1.4333649115301164,2.7264003911621795
31.69,2.173883812608868,0.5151116951379764,2.7442471656021756
31.71,5.645937108455826,4.066864285059438,2.4276502765638845
31.73,2.895578033798857,0.6124132872902851,0.08116615224765455
31.75,-0.008312196314518839,0.07505424319286129,-0.7031140176634172
31.77,-2.2445374812822783,-1.5438682272407787,0.3997188521834795
31.79,-1.6206338049689821,-1.1583290040644194,0.3794273141215659
31.81,-0.5512941967423525,0.20095956972160253,-0.2750359074656969
31.83,-0.009534578125477493,1.9289184976927543,0.5706078293554991
31.85,0.2611007548207683,1.1947559820309874,0.47037252085688963
31.87,0.7080035449072518,0.28603734376432477,-0.04131650521040247
31.89,0.469150139045931,-0.20413776243009504,-0.41927696115881796
31.91,0.03447116706903401,-0.564495920300706,-0.2789475292607646
31.93,0.04913974880053785,-0.786724933532989,-0.32833175442349416
31.95,1.3976713626501238,-1.1253246951685358,-5.660850166549522
31.97,-7.28661797512453,-1.8707331234911224,-3.784738563090181
31.98,-2.372643095070745,-0.9732603978852794,-0.9541912416343244
31.99,-0.9153195000458393,-0.22174006050789963,-0.33199889985637016
32.01,-0.5395593313571494,0.2662347584267946,0.02493658894355652
32.03,-0.31146288543226475,0.3676924487363628,0.16819973718791065
32.05,0.3082846927237723,0.6512850288787703,0.1743116462427039
32.07,0.4967759679735965,0.4080310484979983,-0.1767564098646212
32.09,0.2046267151544785,0.21929529688598234,-0.30241726003117075
32.11,-0.182379366195031,0.2166060569018733,-0.5503162912935855
32.13,-0.3911621795067689,0.2904379182837759,-1.0025975613482871
32.15,-0.34300033615499803,0.2923937291813098,-1.0991657244140207
32.17,-0.10219111939614338,0.20927176603612138,-1.0686061791400543
32.19,-0.07701005409039513,0.14766372276380527,-1.0551599792195092
32.21,-0.3478898633988326,0.11905998838737279,-1.1690859640008557
32.23,-0.8436879259236623,0.02884821073862421,-1.2082021819515325
32.25,-1.10894477890169,-0.05402927604437246,-1.0375576811417047
32.27,-1.042691684747731,0.029092687100815938,-0.9265654127066589
32.29,-0.9008953946765272,0.17724536258900467,-0.764966537297925
32.31,-0.7493200501176542,0.24325398038077192,-0.6437062616508267
32.33,-0.6463955016349356,0.22931882773584328,-0.5906548910552211
32.35,-0.6141246218256272,0.188735751612016,-0.5997005164563152
32.37,-0.6786663814442441,0.17284478806955353,-0.5979891819209731
32.39,-0.8578675549307826,0.12639427925312471,-0.5987226110075482
32.41,-0.9747272560584298,0.07456529046847783,-0.6058124255111084
32.43,-0.9749717324206215,0.03202640344711671,-0.6664425633346576
32.45,-0.8999174892277603,-0.006600861779176726,-0.7221831739143721
32.47,-0.8390428750420194,-0.030070592549582862,-0.7698560645417596
32.49,-0.8087278061302448,-0.02518106530574825,-0.8018824679888763
32.51,-0.7493200501176542,-0.019069156250954986,-0.8072609479570944
32.53,-0.679644286893011,-0.01271277083396999,-0.802126944351068
32.55,-0.6263484399352137,-0.02102496714848883,-0.8001711334535342
32.57,-0.5982336582831648,-0.025670018030131712,-0.8028603734376433
32.59,-0.5669406839226232,-0.009290101763285763,-0.7952816062096996
32.61,-0.5532500076398863,0.011979341747394798,-0.795770558934083
32.63,-0.5676741130091985,0.022247348959447483,-0.7935702716743575
32.65,-0.5886990801576872,0.013935152644928643,-0.8070164715949026
32.67,-0.6109464291171347,0.011001436298627876,-0.8182623842557223
32.69,-0.6305045380924732,0.013446199920545182,-0.8155731442716132
32.71,-0.6547076979494545,0.015402010818079027,-0.8153286679094215
32.73,-0.6774439996332854,0.019558108975338447,-0.8106836170277786
32.75,-0.6808666687039697,0.021758396235064023,-0.8106836170277786
32.77,-0.6818445741527366,0.023714207132597868,-0.812150475200929
32.79,-0.6840448614124621,0.022980778046022676,-0.8167955260825719
32.81,-0.684289337774654,0.027870305289857285,-0.8209516242398313
32.83,-0.6830669559636953,0.027136876203282093,-0.8243742933105155
32.85,-0.6791553341686276,0.023958683494789596,-0.8224184824129817
32.87,-0.6725544723894509,0.02151391987287229,-0.8126394279253124
32.88,-0.6691318033187666,0.023225254408214404,-0.8016379916266846
32.9,-0.6754881887357516,0.019069156250954986,-0.786724933532989
32.92,-0.6735323778382177,0.008801149038902301,-0.7889252207927145
32.94,-0.6693762796809584,0.008067719952327109,-0.7960150352962748
32.96,-0.6681538978699997,0.01246829447177826,-0.8062830425083275
32.98,-0.6681538978699997,0.011001436298627876,-0.805794089783944
33.0,-0.6625309415395899,0.014913058093695565,-0.8038382788864101
33.02,-0.658863796106714,0.018580203526571526,-0.7979708461938086
33.04,-0.6549521743116462,0.0207804907862971,-0.7935702716743575
33.06,-0.6529963634141124,0.01735782171561287,-0.7972374171072334
33.08,-0.6559300797604132,0.012223818109586528,-0.8006600861779176
33.1,-0.6591082724689057,0.013446199920545182,-0.8035938025242184
33.12,-0.6652201815236989,0.017602298077804602,-0.8070164715949026
33.14,-0.6649757051615072,0.02029153806191364,-0.8075054243192861
33.16,-0.6649757051615072,0.02126944351068056,-0.8077499006814779
33.18,-0.6637533233505485,0.02102496714848883,-0.8055496134217522
33.2,-0.6632643706261651,0.018824679888763254,-0.8033493261620267
33.22,-0.664242276074932,0.01711334535342114,-0.8043272316107937
33.24,-0.6674204687834245,0.01711334535342114,-0.8038382788864101
33.26,-0.6691318033187666,0.01686886899122941,-0.8043272316107937
33.28,-0.6720655196650673,0.01735782171561287,-0.8011490389023012
33.3,-0.672309996027259,0.014668581731503835,-0.799437704366959
33.32,-0.6693762796809584,0.016135439904654218,-0.7984597989181921
33.33,-0.6683983742321914,0.016624392629037678,-0.795770558934083
33.35,-0.6654646578858906,0.019069156250954986,-0.7984597989181921
33.37,-0.6683983742321914,0.021758396235064023,-0.8018824679888763
33.39,-0.6615530360908229,0.015646487180270757,-0.8072609479570944
33.41,-0.6551966506738379,0.018335727164379794,-0.8028603734376433
33.43,-0.6627754179017816,0.013935152644928643,-0.8035938025242184
33.45,-0.6583748433823304,0.013446199920545182,-0.8043272316107937
33.47,-0.6556856033982215,0.01637991626684595,-0.8072609479570944
33.49,-0.658863796106714,0.018824679888763254,-0.8023714207132597
33.51,-0.6649757051615072,0.01735782171561287,-0.799437704366959
33.53,-0.6730434251138343,0.01980258533753018,-0.7982153225560004
33.55,-0.6745102832869847,0.02029153806191364,-0.8011490389023012
33.57,-0.6683983742321914,0.019069156250954986,-0.8023714207132597
33.59,-0.6632643706261651,0.01637991626684595,-0.805794089783944
33.61,-0.6647312287993155,0.01589096354246249,-0.8013935152644929
33.63,-0.6622864651773982,0.015646487180270757,-0.7991932280047672
33.65,-0.6637533233505485,0.01711334535342114,-0.8006600861779176
33.67,-0.6647312287993155,0.019558108975338447,-0.8009045625401093
33.69,-0.6647312287993155,0.01735782171561287,-0.8023714207132597
33.71,-0.666931516059041,0.016624392629037678,-0.8033493261620267
33.73,-0.6676649451456163,0.01735782171561287,-0.799437704366959
33.75,-0.664242276074932,0.02029153806191364,-0.8018824679888763
33.77,-0.6637533233505485,0.01980258533753018,-0.8016379916266846
33.79,-0.6610640833664395,0.018824679888763254,-0.8023714207132597
33.81,-0.6622864651773982,0.01711334535342114,-0.8026158970754514
33.83,-0.6654646578858906,0.017602298077804602,-0.803104849799835
33.85,-0.6681538978699997,0.01589096354246249,-0.8028603734376433
33.87,-0.6681538978699997,0.016135439904654218,-0.8028603734376433
33.89,-0.6674204687834245,0.016135439904654218,-0.803104849799835
33.91,-0.666931516059041,0.019069156250954986,-0.8016379916266846
33.93,-0.667909421507808,0.018335727164379794,-0.7965039880206582
33.95,-0.6654646578858906,0.019069156250954986,-0.8023714207132597
33.97,-0.6613085597286312,0.015402010818079027,-0.8004156098157259
33.99,-0.6652201815236989,0.018824679888763254,-0.8062830425083275
34.01,-0.6627754179017816,0.020536014424105367,-0.8035938025242184
34.03,-0.6649757051615072,0.01637991626684595,-0.8045717079729854
34.05,-0.6644867524371237,0.01686886899122941,-0.8045717079729854
34.07,-0.6613085597286312,0.013446199920545182,-0.8016379916266846
34.09,-0.6627754179017816,0.013201723558353452,-0.8033493261620267
34.11,-0.6671759924212327,0.01711334535342114,-0.7962595116584665
34.13,-0.6698652324053418,0.024203159856981328,-0.799437704366959
34.15,-0.6701097087675335,0.020047061699721907,-0.8011490389023012
34.17,-0.666931516059041,0.018091250802188062,-0.7987042752803838
34.19,-0.6683983742321914,0.017602298077804602,-0.7984597989181921
34.21,-0.6671759924212327,0.016624392629037678,-0.8006600861779176
34.22,-0.6657091342480824,0.015402010818079027,-0.8026158970754514
34.24,-0.6671759924212327,0.01637991626684595,-0.8011490389023012
34.26,-0.6693762796809584,0.019313632613146715,-0.8006600861779176
34.28,-0.673287901476026,0.02029153806191364,-0.7996821807291508
34.3,-0.6735323778382177,0.0207804907862971,-0.8011490389023012
34.32,-0.6666870396968493,0.016624392629037678,-0.802126944351068
34.34,-0.6652201815236989,0.01711334535342114,-0.7999266570913425
34.36,-0.6666870396968493,0.02151391987287229,-0.8004156098157259
34.38,-0.6683983742321914,0.021758396235064023,-0.7991932280047672
34.4,-0.6664425633346576,0.020047061699721907,-0.7991932280047672
34.42,-0.6698652324053418,0.018580203526571526,-0.7987042752803838
34.44,-0.6693762796809584,0.018335727164379794,-0.8026158970754514
34.46,-0.6705986614919169,0.01711334535342114,-0.8018824679888763
34.48,-0.6713320905784922,0.019313632613146715,-0.7991932280047672
34.5,-0.6730434251138343,0.02029153806191364,-0.7969929407450417
34.52,-0.6735323778382177,0.023714207132597868,-0.7952816062096996
34.54,-0.6735323778382177,0.022491825321639215,-0.7965039880206582
34.56,-0.6701097087675335,0.023225254408214404,-0.7974818934694251
34.58,-0.6688873269565748,0.022491825321639215,-0.8004156098157259
34.6,-0.6676649451456163,0.025670018030131712,-0.7996821807291508
34.62,-0.666931516059041,0.022491825321639215,-0.7989487516425755
34.64,-0.672309996027259,0.02200287259725575,-0.8035938025242184
34.66,-0.6708431378541088,0.01711334535342114,-0.8045717079729854
34.67,-0.6666870396968493,0.016135439904654218,-0.8018824679888763
34.68,-0.6661980869724659,0.018580203526571526,-0.7965039880206582
34.7,-0.6735323778382177,0.021758396235064023,-0.7938147480365492
34.72,-0.6779329523576689,0.022491825321639215,-0.7987042752803838
34.74,-0.6774439996332854,0.022980778046022676,-0.8006600861779176
34.76,-0.6737768542004094,0.022247348959447483,-0.7950371298475079
34.78,-0.6713320905784922,0.024447636219173056,-0.7945481771231244
34.8,-0.6725544723894509,0.02493658894355652,-0.7938147480365492
34.82,-0.6749992360113681,0.023714207132597868,-0.7911255080524402
34.84,-0.6776884759954772,0.020536014424105367,-0.7911255080524402
34.86,-0.6759771414601351,0.023958683494789596,-0.7911255080524402
34.88,-0.6749992360113681,0.022247348959447483,-0.7884362680683311
34.9,-0.6745102832869847,0.024447636219173056,-0.7901476026036732
34.92,-0.6749992360113681,0.022736301683830944,-0.7896586498792898
34.94,-0.674265806924793,0.02469211258136479,-0.7879473153439477
34.96,-0.6759771414601351,0.02518106530574825,-0.7855025517220303
34.98,-0.6786663814442441,0.023958683494789596,-0.7906365553280567
35.0,-0.6852672432234208,0.022980778046022676,-0.7928368425877823
35.02,-0.6850227668612291,0.023469730770406136,-0.7935702716743575
35.04,-0.6830669559636953,0.025670018030131712,-0.7940592243987409
35.06,-0.6820890505149283,0.026403447116706905,-0.7886807444305228
35.08,-0.6835559086880787,0.026892399841090365,-0.7884362680683311
35.1,-0.6811111450661614,0.023469730770406136,-0.7906365553280567
35.12,-0.6791553341686276,0.02126944351068056,-0.7938147480365492
35.14,-0.6793998105308193,0.023714207132597868,-0.7911255080524402
35.16,-0.6801332396173945,0.02591449439232344,-0.7947926534853161
35.18,-0.6784219050820524,0.0207804907862971,-0.7916144607768236
35.2,-0.6767105705467102,0.02542554166793998,-0.7913699844146319
35.22,-0.6767105705467102,0.031048497998349783,-0.7913699844146319
35.24,-0.6727989487516426,0.0295816398251994,-0.7943037007609327
35.26,-0.673287901476026,0.024203159856981328,-0.7999266570913425
35.28,-0.6725544723894509,0.019069156250954986,-0.8001711334535342
35.3,-0.676955046908902,0.018091250802188062,-0.79674846438285
35.32,-0.6816000977905449,0.023225254408214404,-0.7894141735170981
35.34,-0.6813556214283532,0.028359258014240746,-0.7901476026036732
35.36,-0.674265806924793,0.029092687100815938,-0.7916144607768236
35.38,-0.673287901476026,0.02469211258136479,-0.7950371298475079
35.4,-0.6754881887357516,0.024447636219173056,-0.7947926534853161
35.42,-0.674265806924793,0.02469211258136479,-0.7952816062096996
35.44,-0.6754881887357516,0.022736301683830944,-0.7960150352962748
35.46,-0.674265806924793,0.02126944351068056,-0.7969929407450417
35.48,-0.6759771414601351,0.023714207132597868,-0.7935702716743575
35.5,-0.6793998105308193,0.029092687100815938,-0.793081318949974
35.52,-0.676955046908902,0.030070592549582862,-0.7925923662255906
35.54,-0.6752437123735598,0.023469730770406136,-0.7940592243987409
35.56,-0.6735323778382177,0.020536014424105367,-0.7952816062096996
35.57,-0.6784219050820524,0.022736301683830944,-0.7950371298475079
35.59,-0.6791553341686276,0.02493658894355652,-0.7945481771231244
35.61,-0.6774439996332854,0.02493658894355652,-0.7938147480365492
35.63,-0.6747547596491764,0.022491825321639215,-0.7952816062096996
35.65,-0.6727989487516426,0.024203159856981328,-0.7908810316902485
35.67,-0.673287901476026,0.026158970754515173,-0.7891696971549064
35.69,-0.6774439996332854,0.026403447116706905,-0.786724933532989
35.71,-0.684289337774654,0.026158970754515173,-0.7894141735170981
35.73,-0.6845338141368457,0.02518106530574825,-0.7935702716743575
35.75,-0.6835559086880787,0.021758396235064023,-0.7925923662255906
35.77,-0.6801332396173945,0.023958683494789596,-0.7918589371390153
35.79,-0.6798887632552028,0.024203159856981328,-0.7896586498792898
35.81,-0.6781774287198606,0.023958683494789596,-0.7916144607768236
35.83,-0.6727989487516426,0.023958683494789596,-0.7925923662255906
35.85,-0.673287901476026,0.026647923478898633,-0.7938147480365492
35.87,-0.6798887632552028,0.021758396235064023,-0.7935702716743575
35.89,-0.6828224796015036,0.020047061699721907,-0.7925923662255906
35.91,-0.6857561959478042,0.02591449439232344,-0.7913699844146319
35.93,-0.6830669559636953,0.022247348959447483,-0.7938147480365492
35.95,-0.6801332396173945,0.019558108975338447,-0.7923478898633988
35.97,-0.6793998105308193,0.02151391987287229,-0.7906365553280567
35.99,-0.6808666687039697,0.01735782171561287,-0.7908810316902485
36.0,-0.6840448614124621,0.018824679888763254,-0.7884362680683311
36.02,-0.6877120068453382,0.019069156250954986,-0.786724933532989
36.04,-0.69504629771109,0.02200287259725575,-0.7908810316902485
36.06,-0.6855117195856125,0.017602298077804602,-0.7925923662255906
36.08,-0.6811111450661614,0.013935152644928643,-0.7881917917061394
36.1,-0.6874675304831463,0.03178192708492498,-0.7889252207927145
36.12,-0.6901567704672554,0.024447636219173056,-0.8087278061302448
36.14,-0.6793998105308193,-0.014668581731503835,-0.8177734315313387
36.16,-0.6857561959478042,-0.010023530849860953,-0.8033493261620267
36.18,-0.6828224796015036,0.006356385416984995,-0.795770558934083
36.2,-0.6860006723099961,0.017846774439996334,-0.7852580753598386
36.22,-0.6862451486721878,0.0383827888641017,-0.7808575008403875
36.24,-0.6879564832075299,0.02933716346300767,-0.7918589371390153
36.26,-0.6838003850502704,-0.011490389023011338,-0.8123949515631207
36.28,-0.6828224796015036,-0.014913058093695565,-0.8199737187910644
36.3,-0.6864896250343795,0.0004889527243834612,-0.8207071478776395
36.32,-0.6850227668612291,0.001222381810958653,-0.8170400024447636
36.34,-0.6801332396173945,-0.0031781927084924976,-0.8104391406655869
36.36,-0.664242276074932,0.014913058093695565,-0.8048161843351771
36.38,-0.6432173089264431,0.04204993429697766,-0.8006600861779176
36.4,-0.6229257708645295,0.048650796076154385,-0.8028603734376433
36.42,-0.6121688109280934,0.05427375240656419,-0.8050606606973688
36.44,-0.6087461418574092,0.06918681050025975,-0.8065275188705192
36.46,-0.6195031017938453,0.07554319591724475,-0.8089722824924365
36.48,-0.6280597744705558,0.056229563304098035,-0.8123949515631207
36.5,-0.6322158726278153,0.047672890627387464,-0.8097057115790117
36.52,-0.6375943525960334,0.04449469791889497,-0.8128839042875042
36.54,-0.6456620725483605,0.02469211258136479,-0.8251077223970907
36.56,-0.6576414142957553,-0.014913058093695565,-0.8427100204748953
36.58,-0.6600861779176725,-0.03349326162026709,-0.8427100204748953
36.6,-0.6657091342480824,0.0,-0.8224184824129817
36.62,-0.6666870396968493,0.009045625401094031,-0.8163065733581885
36.64,-0.6654646578858906,0.0,-0.8123949515631207
36.66,-0.65690798520918,0.0070898145035601864,-0.8106836170277786
36.68,-0.6422394034776763,0.01686886899122941,-0.8075054243192861
36.7,-0.632460348990007,0.028603734376432478,-0.8004156098157259
36.72,-0.6317269199034318,0.04204993429697766,-0.7879473153439477
36.74,-0.6368609235094582,0.049628701524921305,-0.787702838981756
36.76,-0.6405280689423342,0.0440057451945115,-0.7845246462732635
36.78,-0.6622864651773982,0.04645050881642881,-0.7835467408244965
36.8,-0.6904012468294471,0.03764935977752651,-0.7828133117379213
36.82,-0.7106927848913608,0.018824679888763254,-0.7837912171866882
36.84,-0.729517464780124,0.010268007212052684,-0.7879473153439477
36.86,-0.7324511811264248,0.002444763621917306,-0.7855025517220303
36.88,-0.7309843229532744,0.0073342908657519175,-0.7842801699110717
36.89,-0.7187605048436879,0.01686886899122941,-0.777679308131895
36.91,-0.7058032576475262,0.030804021636158054,-0.7630107264003911
36.93,-0.6989579195061577,0.04425022155670324,-0.7573877700699814
36.95,-0.7048253521987593,0.04645050881642881,-0.7517648137395715
36.97,-0.7282950829691655,0.029092687100815938,-0.7529871955505302
36.99,-0.7322067047642331,0.01980258533753018,-0.7600770100540903
37.01,-0.7231610793631391,0.06845338141368457,-0.7473642392201204
37.03,-0.7238945084497143,0.12052684656052318,-0.7353848974727256
37.05,-0.7209607921034135,0.11343703205696298,-0.7400299483543684
37.07,-0.7155823121351954,0.07945481771231244,-0.7356293738349173
37.09,-0.7229166030009473,0.0647862359808086,-0.7324511811264248
37.11,-0.7256058429850564,0.03398221434465055,-0.739540995629985
37.13,-0.7143599303242367,0.08898939583778993,-0.7314732756776579
37.15,-0.7634996791247746,0.08263301042080494,-0.7146044066864284
37.17,-0.7962595116584665,0.04889527243834611,-0.7060477340097179
37.19,-0.777679308131895,0.0623414723588913,-0.7001803013171164
37.21,-0.7595880573297069,0.05794089783944015,-0.6982244904195826
37.23,-0.7683892063686092,0.052562417871222074,-0.6928460104513645
37.25,-0.8016379916266846,0.0207804907862971,-0.7004247776793081
37.27,-0.805794089783944,-0.001222381810958653,-0.7026250649390337
37.29,-0.8097057115790117,0.05671851602848149,-0.6806221923417779
37.31,-0.83488677688476,0.08018824679888763,-0.6571524615713717
37.32,-0.868380038505027,0.05158451242245515,-0.6371053998716499
37.335,-0.9057849219203618,0.053540323319988994,-0.6510405525165786
37.355,-0.8859823365828317,0.10243559575833511,-0.6593527488310974
37.375,-0.8001711334535342,0.1295724719616172,-0.6368609235094582
37.395,-0.7947926534853161,0.12272713382024875,-0.6221923417779543
37.415,-0.8160620969959966,0.0838553922317636,-0.658863796106714
37.435,-0.7769458790453198,0.039849647037252085,-0.7072701158206766
37.455,-0.7075145921828683,0.07578767227943647,-0.7351404211105339
37.475,-0.6608196070042478,0.12174922837148183,-0.7593435809675152
37.495,-0.61167985820371,0.10756959936436146,-0.7847691226354552
37.515,-0.557161629434954,0.07187605048436879,-0.79674846438285
37.535,-0.5134003606026343,0.03178192708492498,-0.7855025517220303
37.555,-0.5642514439385142,-0.011490389023011338,-0.7590991046053235
37.575,-0.6317269199034318,-0.006845338141368456,-0.7429636647006692
37.595,-0.6649757051615072,0.03178192708492498,-0.7121596430645112
37.615,-0.7278061302447819,0.06674204687834245,-0.6879564832075299
37.635,-0.8145952388228463,0.06992023958683495,-0.6581303670201387
37.655,-0.9336552272102191,0.06283042508327476,-0.647862359808086
37.675,-1.0187330012529414,0.041072028848210734,-0.6102130000305596
37.695,-1.0255783393943099,0.05427375240656419,-0.6192586254316536
37.715,-1.0138434740091067,0.01686886899122941,-0.6239036763132965
37.735,-0.952724383461174,0.03471564343122574,-0.6121688109280934
37.755,-0.9480793325795311,0.10096873758518474,-0.5918772728661797
37.775,-0.9412339944381627,0.12297161018244049,-0.578920025670018
37.795,-0.9678819179170614,0.1095254102618953,-0.5605842985056382
37.815,-0.988173455978975,0.0975460685145005,-0.5143782660514011
37.835,-1.017266143079791,0.10928093389970357,-0.48846377165907773
37.855,-1.0348684411575955,0.13079485377257585,-0.48846377165907773
37.875,-1.0466033065427987,0.15622039544051583,-0.4816184335177092
37.895,-1.047336735629374,0.14204076643339547,-0.48577453167496865
37.915,-1.008220517678697,0.14986401002353084,-0.47770681172264157
37.935,-0.9852397396326742,0.14301867188216238,-0.47452861901414906
37.955,-0.9673929651926779,0.09387892308162454,-0.5302692295938636
37.975,-0.881092809338997,0.12199370473367356,-0.543470953152217
37.995,-0.7480976683066956,0.28457048559117437,-0.5429820004278336
38.015,-0.5896769856064542,0.4517923173303181,-0.5092442624453748
38.035,-0.4202548666075849,0.5148672187757846,-0.4808850044311341
38.055,-0.4429911682914158,0.4090089539467653,-0.35546863062677625
38.075,-0.7067811630962931,0.267701616599945,-0.1894691806985912
38.095,-0.9959966995691104,0.20095956972160253,-0.04522812700547016
38.115,-1.1681080585520887,0.2038932860679033,0.006356385416984995
38.135,-1.2372948690523484,0.31855269993582497,-0.08141062860984628
38.155,-1.2302050545487884,0.42832258655991196,-0.17382269351832044
38.175,-1.1221465024600434,0.47037252085688963,-0.24032026403447115
38.195,-0.9862176450814412,0.4234330593160774,-0.2278519695626929
38.205,-0.9908626959630841,0.3405555725330807,-0.20976071876050484
38.225,-1.0884087644775846,0.2310301622711854,-0.19851480609968522
38.245,-1.1358371787427803,0.1838462243681814,-0.21538367509091463
38.265,-1.206001894691807,0.18482412981694832,-0.30241726003117075
38.285,-1.1456162332304496,0.23469730770406136,-0.3261314671637686
38.305,-1.0258228157565015,0.29875011459829476,-0.2777251474498059
38.325,-0.978149925129114,0.31072945634568955,-0.2254072059407756
38.345,-0.9761941142315802,0.3055954527396632,-0.20780490786297098
38.365,-1.0011307031751366,0.29850563823610304,-0.20780490786297098
38.385,-1.0170216667175993,0.3261314671637686,-0.25718913302570057
38.405,-0.9603031506891178,0.33371023439171227,-0.25401094031720806
38.425,-1.029978913913761,0.2652568529780277,-0.22125110778351617
38.445,-1.1539284295449683,0.2535219875928246,-0.28554839103994134
38.465,-1.0116431867493811,0.35669101243773493,-0.37184854689362223
38.485,-0.8879381474803655,0.47477309537634077,-0.38822846316046816
38.505,-0.8605567949148917,0.35938025242184396,-0.32759832533691896
38.525,-0.8674021330562601,0.21049414784708004,-0.3231977508174678
38.545,-0.8740029948354369,0.28334810378021574,-0.3346881398404792
38.565,-0.8991840601411851,0.2948384928032271,-0.34642300522568226
38.585,-0.9827949760107569,0.2542554166793998,-0.3818720777434832
38.605,-0.9079852091800874,0.37453778687773126,-0.3816276013812914
38.625,-0.7568988173455978,0.44519145555114137,-0.3757601686886899
38.645,-0.8324420132628426,0.36744797237417104,-0.411942670293066
38.655,-0.8962503437948843,0.3053509763774715,-0.35693548879992665
38.665,-0.9170308345811814,0.3075512636371971,-0.30119487822021207
38.685,-0.9583473397915839,0.3246646089906182,-0.333954710753904
38.705,-0.9651926779329524,0.31561898358952417,-0.4036304739785472
38.725,-0.9654371542951441,0.33199889985637016,-0.4099868593955322
38.745,-0.8879381474803655,0.3933624667664945,-0.37527121596430646
38.765,-0.823885340586132,0.38505027045197565,-0.3640253033034868
38.785,-0.9986859395532194,0.3031506891177459,-0.336643950738013
38.805,-1.1299697460501787,0.19802585337530176,-0.31635241267609937
38.825,-1.0566268373926595,0.2799254347095315,-0.3334657580295205
38.845,-0.9407450417137793,0.3982519940103291,-0.3796717904837576
38.865,-0.906518351006937,0.383827888641017,-0.3796717904837576
38.885,-1.0576047428414266,0.2652568529780277,-0.3510680561073251
38.905,-1.0681172264156709,0.17455612260489564,-0.3488677688475995
38.925,-1.0365797756929376,0.3068178345506219,-0.3036396418421294
38.945,-0.9140971182348806,0.3767380741374568,-0.2933716346300767
38.965,-0.9045625401094032,0.3087736454481557,-0.30095040185802036
38.985,-1.0536931210463587,0.29606087461418573,-0.29923906732267824
39.005,-1.0431806374721144,0.3642697796656786,-0.28237019833144883
39.025,-1.0133545212847233,0.47550652446291597,-0.1870244170766739
39.045,-0.973749350609663,0.3804052195703328,-0.22809644592488462
39.065,-1.0441585429208813,0.1911805152339333,-0.31537450722733246
39.085,-0.9556580998074748,0.32833175442349416,-0.35913577605965225
39.105,-0.8649573694343428,0.5104666442563335,-0.3332212816673288
39.12,-0.9986859395532194,0.32833175442349416,-0.25670018030131714
39.14,-0.978149925129114,0.22907435137365156,-0.27405800201693
39.16,-0.805794089783944,0.3933624667664945,-0.3102405036213061
39.18,-0.8898939583778993,0.3664700669254041,-0.37160407053143046
39.2,-1.1600403385997615,0.2933716346300767,-0.28603734376432477
39.22,-1.0121321394737646,0.29459401644103533,-0.20878281331173792
39.24,-0.8744919475598203,0.3806496959325245,-0.24472083855392232
39.26,-0.9840173578217156,0.4339455428903218,-0.3063288818262384
39.28,-1.034379488433212,0.38627265226293434,-0.37209302325581395
39.3,-0.9820615469241818,0.2877486782996669,-0.3224643217308926
39.32,-1.201356843810164,0.34300033615499803,-0.23054120954680193
39.34,-1.062494270085261,0.43443449561470526,-0.16428811539284294
39.36,-0.9444121871466552,0.4542370809522354,-0.22394034776762523
39.38,-0.7441860465116279,0.34300033615499803,-0.5324695168535892
39.4,-0.843932402285854,0.28359258014240746,-0.5794089783944015
39.42,-1.144393851419491,0.4124316230174495,-0.37233749961800566
39.44,-0.937322372643095,0.3285762307856859,-0.4420132628426489
39.46,-0.8845154784096813,0.7248724138984812,-0.2718577147572044
39.48,-0.7996821807291508,1.8198820401552425,-0.23885340586132078
39.5,-0.726828224796015,-1.9893041591541119,-0.8940500565351588
39.52,-1.4541454023164135,-0.4970204443357883,-0.717782599394921
39.54,-0.3031506891177459,0.1686886899122941,-0.3772270268618403
39.55,0.22271796595666657,1.0231335757723925,-0.7106927848913608
39.57,0.016624392629037678,1.1871772148030437,-0.7894141735170981
39.59,-0.5023989243040063,0.5393148549949577,-0.777679308131895
39.61,-0.7461418574091617,0.03569354887999267,-0.7099593558047856
39.63,-0.8182623842557223,-0.03251535617150017,-0.6378388289582251
39.65,-0.7642331082113498,0.38725055771170125,-0.5094887388075665
39.67,-0.8876936711181738,0.7683892063686092,-0.4483696482596339
39.69,-0.8522445986003728,0.27283562020597135,-0.579897931118785
39.71,-0.7256058429850564,0.2029153806191364,-0.4994652079577056
39.73,-0.7334290865751918,0.23934235858570424,-0.4525257464168933
39.75,-0.8097057115790117,0.4058307612382728,-0.5527610549155029
39.77,-0.8725361366622865,0.465482993613055,-0.6126577636524768
39.79,-0.6813556214283532,0.1312838064969593,-0.579897931118785
39.81,-0.8197292424288727,0.043516792470128046,-0.6165693854475446
39.83,-1.1272805060660698,0.32417565626623474,-0.5038657824771567
39.85,-1.1549063349937352,0.30975155089692263,-0.5517831494667359
39.87,-0.9642147724841854,-0.023469730770406136,-0.7441860465116279
39.89,-0.9610365797756929,-0.07505424319286129,-0.7473642392201204
39.91,-1.150505760474284,0.12761666106408337,-0.5867432692601534
39.93,-1.1600403385997615,0.34300033615499803,-0.7363628029214925
39.95,-0.9571249579806252,0.27943648198514803,-0.9356110381077529
39.97,-0.8551783149466736,0.19704794792653485,-0.9106744491641964
39.99,-1.2336277236194726,-0.12663875561531643,-0.9485682853039147
40.0,-1.463679980441891,-0.23005225682241848,-0.7527427191883385
40.02,-1.391070500870947,-0.07872138862573724,-0.7461418574091617
40.04,-1.487149711212297,-0.13299514103230142,-0.8854933838584481
40.06,-1.4751703694649023,-0.5160896005867432,-0.735873850197109
40.08,-0.9192311218409069,-0.8634905112611924,-0.53540323319989
40.1,-0.5847874583626196,-0.8625126058124255,-0.3187971762980167
40.12,-0.44348012101579926,-0.8625126058124255,-0.11685970112764722
40.14,-0.5019099715796229,-0.7351404211105339,-0.3227087980930844
40.16,-0.7402744247165602,-0.7874583626195643,-0.5180454114842771
40.18,-0.7996821807291508,-1.0632276991718363,-0.41365400482840814
40.2,-0.7094704030804021,-1.2595422180117959,-0.07138709775998534
40.22,-0.7735232099746355,-1.1138343061455245,0.27234666748158787
40.24,-1.017266143079791,-0.8573786022063992,0.5082663569966078
40.26,-1.2685878434128899,-0.7578767227943648,0.6617975124530147
40.28,-1.5683158634599517,-0.6877120068453382,0.6236591999511047
40.3,-1.8800232252544082,-0.554472389450845,0.3982519940103291
40.32,-1.8523973963267426,-0.5647403966628977,0.11979341747394799
40.34,-1.4267640497509397,-0.5882101274333038,-0.033248785258075356
40.36,-1.056137884668276,-0.40143018671882164,-0.014913058093695565
40.38,-0.8309751550896922,-0.33786633254897164,0.2070714787763958
40.4,-0.6158359563609693,-0.31317421996760686,0.34275585979280626
40.42,-0.5864987928979617,-0.3960517067506035,0.3701372123582801
40.44,-1.174219967606882,-0.2901934419215842,0.38431684136540045
40.45,-1.526265929162974,-0.09876845032545915,0.25865599119885097
40.46,-1.2732328942945328,0.027625828927665557,0.30168383094459555
40.48,-1.0294899611893775,0.1031690248449103,0.39922989945909604
40.5,-1.0541820737707424,0.08972282492436512,0.38749503407389296
40.52,-1.0346239647954039,0.09314549399504936,0.25547779849035845
40.54,-0.8671576566940684,0.051340036060263425,0.3227087980930844
40.56,-0.9886624087033584,0.08776701402683128,0.500932066130856
40.58,-2.085383369495462,-0.48797481893469424,-0.8194847660666809
40.6,-1.4529230205054549,-3.030773462090884,-2.2455153867310456
40.62,-0.8468661186321548,-2.054334871497112,-0.9356110381077529
40.64,0.9451456162332305,-2.319102771750756,0.7001803013171164
40.66,0.1919139443205085,-2.0086177917672585,0.44250221556703234
40.68,-1.0033309904348624,-1.3651560064786237,-0.1454634355040797
40.7,-0.42954496837087064,-0.9911071723252758,-0.21856186779940714
40.72,-0.1461968645906549,-0.7307398465910827,-0.0831219631451884
40.74,-0.44079088103169023,-0.843932402285854,-0.04522812700547016
40.76,-0.21073862420927175,-1.0744736118326559,-0.057451945115056684
40.78,-0.17406716988051218,-0.9825504996485652,0.011979341747394798
40.8,-0.2772361947254225,-0.9092075909910461,-0.14815267548818872
40.82,-0.3063288818262384,-1.0057757540567795,-0.20756043150077927
40.84,-0.21391681691776426,-0.9757051615071968,-0.27210219111939615
40.86,-0.3821165541056749,-0.9803502123888397,-0.1726003117073618
40.88,-0.3535128197292424,-1.071784371848547,-0.07089814503560186
40.9,-0.24667664945145615,-0.9639702961219937,-0.11808208293860586
40.92,-0.3701372123582801,-0.8920942456376248,-0.12639427925312471
40.94,-0.19338080249365888,-1.0143324267334901,-0.04058307612382728
40.96,-0.2598783730098096,-0.9620144852244599,-0.09852397396326742
40.98,-0.22394034776762523,-0.9089631146288543,-0.08361091586957185
41.0,-0.21929529688598234,-0.8390428750420194,-0.04791736698957919
41.02,-0.13421752284326008,-0.8170400024447636,-0.03300430889588363
41.04,-0.2500993185221404,-0.8500443113406473,-0.13250618830791797
41.06,-0.3911621795067689,-0.7857470280842221,-0.2342083549796779
41.08,-0.2909268710081594,-0.9757051615071968,-0.1031690248449103
41.1,-0.2972832564251444,-1.1693304403630473,-0.02200287259725575
41.12,-0.3117073617944565,-1.1798429239372918,0.01711334535342114
41.14,-0.12443846835559087,-1.1663967240167465,0.019558108975338447
41.16,-0.0415609815725942,-1.0040644195214374,0.0
41.18,-0.20267090425694465,-0.9823060232863735,-0.08752253766463955
41.2,-0.466460899061822,-1.0077315649543135,-0.29923906732267824
41.22,-0.5023989243040063,-1.003575466797054,-0.07554319591724475
41.24,-0.29948354368486996,-0.9236316963603581,-0.010023530849860953
41.26,-0.4261222993001864,-0.864712893072151,-0.04253888702136112
41.28,-0.26134523118296,-1.0593160773767687,-0.0911896830975155
41.3,-0.3782049323106072,-1.1544173822693518,-0.11417046114353818
41.32,-0.3982519940103291,-1.0957430553433365,-0.1894691806985912
41.34,-0.48406319713962653,-0.9783944014913057,-0.1870244170766739
41.35,-0.5750084038749503,-1.0153103321822572,-0.11319255569477125
41.36,-0.519023316933044,-1.027289673929652,-0.05574061057971457
41.38,-0.4378571646853895,-0.8979616783302264,-0.10879198117532012
41.4,-0.35449072517800934,-0.9216758854628243,-0.08678910857806435
41.42,-0.4072976194114232,-1.0268007212052686,-0.07921034135012071
41.44,-0.42636677566237813,-1.0153103321822572,-0.10781407572655319
41.46,-0.5486049567582434,-0.9793723069400727,-0.13861809736271125
41.48,-0.5400482840815328,-1.0150658558200654,-0.1461968645906549
41.5,-0.5845429820004279,-1.0175106194419827,-0.12003789383613972
41.52,-0.5422485713412585,-1.0661614155181371,-0.15817620633804969
41.54,-0.45790422638511136,-1.022644623048009,-0.201448522445986
41.56,-0.5053326406503071,-1.0485591174403324,-0.21782843871283195
41.58,-0.4962870152492131,-1.1228799315466185,-0.24643217308926443
41.6,-0.29777220914952784,-1.1390153714512727,-0.29459401644103533
41.62,-0.27161323839501267,-1.3524432356446536,-0.44421355010237445
41.64,-0.6275708217461724,-1.5059743911010604,-0.352045961556092
41.66,-0.5165785533111267,-1.5419124163432447,-0.4652385172508633
41.68,-0.31928612902240017,-1.753873422363475,-0.26574580570241113
41.7,0.08409986859395532,-1.4947284784402408,0.08678910857806435
41.72,-0.0686978577758763,-1.473703511291752,0.29630535097637745
41.74,0.06307490144546649,-1.3059927268282248,0.45912660819607004
41.76,0.19973718791064388,-1.1387708950890811,0.636127494422883
41.78,0.09607921034135011,-1.0250893866699264,0.7471197628579287
41.79,-0.07089814503560186,-1.0067536595055466,0.705069828560951
41.81,-0.23787550041255387,-1.0050423249702045,0.5855208874491947
41.83,-0.34666748158787397,-0.9720380160743208,0.4850411025883935
41.85,-0.3244201326284265,-0.9153195000458393,0.43296763744155486
41.87,-0.2769917183632308,-0.874736423922012,0.4141429575527916
41.89,-0.2500993185221404,-0.9099410200776212,0.38553922317635914
41.91,-0.21636158053968157,-0.9779054487669223,0.3535128197292424
41.93,-0.22760749320050117,-1.0617608409986858,0.3183082235736332
41.95,-0.24961036579775692,-1.188644072976194,0.34348928887938146
41.97,-0.276747242001039,-1.4032943189805336,0.41047581211991563
41.99,-0.37233749961800566,-1.7088897717201967,0.4779512880848333
42.01,-0.521712556917153,-1.962656235675213,0.48332976805305133
42.03,-0.7190049812058796,-2.0660697368823153,0.4395684992207316
42.05,-0.859334413103933,-2.043577911560676,0.45961556092045347
42.07,-0.9380558017296703,-1.92549582862207,0.48773034257250253
42.09,-0.995507746844727,-1.7169574916725239,0.5109555969807169
42.11,-0.916541881856798,-1.311126730434251,0.44665831372429177
42.13,-0.6930904868135562,-0.9607921034135012,0.3031506891177459
42.15,-0.38676160498731776,-0.8043272316107937,0.22345139504324174
42.17,-0.2119610060202304,-0.8378204932310607,0.1391070500870947
42.19,-0.2102496714848883,-0.8546893622222901,0.07114262139779359
42.21,-0.30119487822021207,-0.8231519114995569,-0.013446199920545182
42.23,-0.4050973321516976,-0.7309843229532744,-0.015646487180270757
42.24,-0.4825963389664762,-0.6681538978699997,0.019069156250954986
42.26,-0.5246462732634538,-0.5772086911346759,0.03178192708492498
42.28,-0.5349142804755065,-0.5256241787122208,0.03716040705314305
42.3,-0.5116890260672922,-0.5048436879259236,0.04645050881642881
42.32,-0.44421355010237445,-0.5097332151697582,0.03398221434465055
42.34,-0.3772270268618403,-0.5329584695779727,0.04816184335177093
42.36,-0.33053204168321976,-0.5578950585215292,0.05891880328820707
42.38,-0.29923906732267824,-0.6268373926595973,0.10756959936436146
42.4,-0.264034471167069,-0.7275616538825902,0.02200287259725575
42.42,-0.22980778046022673,-0.9735048742474712,0.009045625401094031
42.44,-0.16208782813311737,-1.4661247440638083,-0.04449469791889497
42.46,-0.3958072303884118,-1.4370320569629924,0.28823763102405037
42.48,-0.19631451883995965,-0.9072517800935122,0.7104483085291691
42.5,0.5395593313571494,-0.7681447300064175,0.36891483054732144
42.52,0.7679002536442258,-1.018977477615133,-0.15304220273202335
42.54,0.5082663569966078,-1.4446108241909361,-0.18824679888763254
42.56,0.22076215505913271,-1.3519542829202702,-0.022980778046022676
42.58,0.09461235216819973,-1.0365797756929376,0.10659169391559453
42.6,0.0,-1.0030865140726706,0.25303303486844114
42.62,-0.15768725361366623,-1.183999022094551,0.2733245729303548
42.64,-0.5263576077987959,-1.4245637624912142,0.3786938850349907
42.66,-0.8277969623811997,-1.579806252482963,0.44323564465360754
42.68,-0.850288787702839,-1.4734590349295602,0.46034899000702867
42.69,-0.735873850197109,-1.3218836903706872,0.456437368211961
42.7,-0.604345567337958,-1.1945115056687956,0.452770222779085
42.72,-0.4349234483390887,-1.0910980044616936,0.4214772484185435
42.74,-0.26794609296213673,-1.0287565321028023,0.38260550683005834
42.76,-0.1334840937566849,-0.9493017143904898,0.3354215689270544
42.78,-0.058185374201631876,-0.8586009840173578,0.28188124560706534
42.8,-0.04253888702136112,-0.7974818934694251,0.24643217308926443
42.82,-0.08972282492436512,-0.7686336827308009,0.22002872597255752
42.84,-0.16257678085750082,-0.7366072792836842,0.22320691868105003
42.86,-0.2183173914372154,-0.7016471594902668,0.2366531186015952
42.88,-0.26647923478898633,-0.6855117195856125,0.25474436940378326
42.9,-0.308529169085964,-0.6825780032393118,0.2743024783791217
42.92,-0.317574794487058,-0.6948018213488983,0.2870152492130917
42.94,-0.3173303181248663,-0.7187605048436879,0.2950829691654188
42.96,-0.3173303181248663,-0.7654554900223085,0.2909268710081594
42.98,-0.3051065000152798,-0.80946123521682,0.27405800201693
43.0,-0.27136876203282095,-0.8165510497203802,0.2615897075451517
43.02,-0.2476545549002231,-0.786724933532989,0.25229960578186594
43.04,-0.24472083855392232,-0.7842801699110717,0.24252055129419675
43.06,-0.2630565657183021,-0.8373315405066772,0.23127463863337713
43.08,-0.28823763102405037,-0.9150750236836476,0.22662958775173425
43.1,-0.29875011459829476,-0.9801057360266479,0.23958683494789598
43.12,-0.2909268710081594,-1.0248449103077346,0.26134523118296
43.14,-0.2877486782996669,-1.0441585429208813,0.29826116187391133
43.16,-0.29630535097637745,-1.0468477829049903,0.32564251443938513
43.18,-0.31390764905418206,-1.0529596919597837,0.3341991871160957
43.2,-0.34300033615499803,-1.0522262628732084,0.31146288543226475
43.22,-0.39042875042019376,-1.0539375974085505,0.2752803838278886
43.24,-0.45692632093634444,-1.097943342603062,0.26012284937200136
43.26,-0.5112000733429086,-1.1715307276227729,0.2686795220487119
43.28,-0.5581395348837209,-1.2262934327537205,0.29386058735446013
43.3,-0.5874766983467286,-1.2473183999022095,0.32637594352596033
43.32,-0.595299941936864,-1.275922134278642,0.33859976163554684
43.34,-0.572563640253033,-1.3077040613635669,0.32662041988815205
43.36,-0.5373590440974239,-1.2732328942945328,0.27039085658405404
43.38,-0.5256241787122208,-1.1649298658435963,0.1757785044158543
43.4,-0.5263576077987959,-1.014576903095682,0.1031690248449103
43.42,-0.5339363750267396,-0.896494820157076,0.05500718149313938
43.44,-0.5564282003483788,-0.8527335513247563,0.010512483574244415
43.46,-0.5671851602848149,-0.8820707147877639,-0.026892399841090365
43.48,-0.5263576077987959,-0.9546801943587079,-0.030804021636158054
43.5,-0.41927696115881796,-1.029978913913761,-0.0041560981572594195
43.52,-0.2919047764569263,-1.088897717201968,0.02029153806191364
43.54,-0.20267090425694465,-1.1209241206490848,0.05500718149313938
43.56,-0.22882987501145982,-1.1155456406808666,0.11025883934847049
43.58,-0.3359105216514378,-1.0341350120710204,0.14326314824435413
43.59,-0.38822846316046816,-0.9231427436359747,0.14179629007120373
43.61,-0.42807811019772024,-0.8539559331357149,0.08703358494025609
43.63,-0.48479662622620173,-0.8321975369006509,0.04449469791889497
43.65,-0.4708614735812731,-0.8510222167894141,0.026647923478898633
43.67,-0.42807811019772024,-0.9172753109433731,0.01980258533753018
43.69,-0.43223420835497967,-0.9742383033340464,0.03202640344711671
43.71,-0.3909177031445772,-0.9759496378693885,0.06771995232710937
43.73,-0.3117073617944565,-0.9708156342633621,0.10830302845093664
43.75,-0.12492742107997433,-0.9972190813800691,0.09314549399504936
43.77,0.035204596155609204,-1.0128655685603398,0.07701005409039513
43.79,0.05500718149313938,-1.021666717599242,0.06038566146135745
43.81,0.0036671454328759587,-1.0314457720869112,0.09314549399504936
43.83,-0.0647862359808086,-1.0387800629526633,0.12737218470189163
43.85,-0.15548696635394066,-1.0400024447636218,0.13690676282736913
43.87,-0.30412859456651287,-1.0331571066222534,0.17040002444763622
43.89,-0.3496011979341747,-1.0131100449225314,0.19386975521804234
43.91,-0.2743024783791217,-0.9913516486874675,0.19313632613146717
43.93,-0.1239495156312074,-0.9764385905937719,0.1454634355040797
43.95,-0.11074779207285396,-0.979127830577881,0.12346056290682395
43.97,-0.14008495553586162,-1.0302233902759528,0.12272713382024875
43.99,-0.07212052684656052,-0.9886624087033584,0.11930446474956452
44.01,-0.08409986859395532,-0.9695932524524035,0.1510863918344895
44.03,-0.2102496714848883,-1.048070164715949,0.13568438101641048
44.04,-0.4085200012223818,-1.157106622253461,0.18824679888763254
44.06,-0.4933532989029123,-1.0849860954069004,0.20340433334351984
44.08,-0.4483696482596339,-0.8517556458759894,0.20340433334351984
44.1,-0.47208385539223174,-0.721449744827797,0.20169299880817773
44.12,-0.5060660697368823,-0.7463863337713534,0.19411423158023408
44.14,-0.4816184335177092,-0.8412431623017449,0.1968034715643431
44.16,-0.44519145555114137,-0.9211869327384409,0.20682700241420407
44.18,-0.4317452556305962,-0.9475903798551477,0.2246737768542004
44.2,-0.41658772117470894,-0.9351220853833695,0.22760749320050117
44.22,-0.38260550683005834,-0.9089631146288543,0.21293891146899735
44.24,-0.3525349142804755,-0.8840265256852978,0.19973718791064388
44.26,-0.3346881398404792,-0.8718027075757112,0.1831127952816062
44.28,-0.33150994713198667,-0.8691134675916022,0.1767564098646212
44.3,-0.34251138343061455,-0.8764477584573541,0.17724536258900467
44.32,-0.3667145432875959,-0.9104299728020047,0.1838462243681814
44.34,-0.3818720777434832,-0.9485682853039147,0.19166946795831677
44.36,-0.37307092870458086,-0.9713045869877456,0.2029153806191364
44.38,-0.35669101243773493,-0.9835284050973321,0.20584909696543716
44.4,-0.34397824160376494,-0.9903737432387005,0.19924823518626042
44.42,-0.3363994743758213,-0.9808391651132231,0.19362527885585062
44.44,-0.3285762307856859,-0.9698377288145952,0.18604651162790697
44.46,-0.32906518351006936,-0.9603031506891178,0.17871222076215507
44.48,-0.3398221434465055,-0.9510130489258319,0.17308926443174524
44.5,-0.3642697796656786,-0.9502796198392568,0.17553402805366256
44.52,-0.3784494086727989,-0.9517464780124072,0.17871222076215507
44.54,-0.38480579408978394,-0.9519909543745989,0.1757785044158543
44.56,-0.38749503407389296,-0.9544357179965162,0.17284478806955353
44.58,-0.38700608134950953,-0.952724383461174,0.1679552608257189
44.6,-0.38602817590074257,-0.9461235216819973,0.16404363903065122
44.62,-0.3794273141215659,-0.9424563762491214,0.15524248999174892
44.64,-0.37184854689362223,-0.9497906671148734,0.15890963542462488
44.66,-0.3799162668459493,-0.9412339944381627,0.15646487180270757
44.68,-0.3972740885615622,-0.9346331326589861,0.15450906090517372
44.7,-0.4090089539467653,-0.9461235216819973,0.1454634355040797
44.72,-0.4126760993796412,-0.9590807688781591,0.14081838462243682
44.74,-0.4187880084344345,-0.9654371542951441,0.1359288573786022
44.76,-0.4244109647648443,-0.9786388778534976,0.1310393301347676
44.78,-0.4275891574733368,-0.9906182196008924,0.1312838064969593
44.8,-0.4244109647648443,-0.9959966995691104,0.1373957155517526
44.82,-0.4229441065916939,-0.9959966995691104,0.1383736210005195
44.84,-0.4116981939308743,-1.0028420377104788,0.14986401002353084
44.86,-0.3980075176481374,-1.0133545212847233,0.16355468630626777
44.88,-0.393851419490878,-1.022644623048009,0.16648840265256853
44.9,-0.3989854230969043,-1.0184885248907496,0.17015554808544447
44.92,-0.4077865721358066,-1.00724261222993,0.1735782171561287
44.93,-0.41047581211991563,-1.0057757540567795,0.17724536258900467
44.94,-0.4099868593955322,-1.00724261222993,0.17700088622681295
44.96,-0.4090089539467653,-1.00724261222993,0.17333374079393699
44.98,-0.4090089539467653,-1.0003972740885616,0.16917764263667756
45.0,-0.40216361580539683,-0.9859731687192494,0.16379916266845948
45.02,-0.39042875042019376,-0.9603031506891178,0.1591541117868166
45.04,-0.3806496959325245,-0.9353665617455612,0.15866515906243314
45.06,-0.374782263239923,-0.9170308345811814,0.15450906090517372
45.08,-0.3708706414448553,-0.9077407328178957,0.14815267548818872
45.1,-0.3640253033034868,-0.9045625401094032,0.1464413409528466
45.12,-0.3603581578706109,-0.9082296855422791,0.14326314824435413
45.14,-0.3581578706108853,-0.9148305473214559,0.13959600281147816
45.16,-0.35717996516211836,-0.9187421691165235,0.1398404791736699
45.18,-0.35522415426458454,-0.9202090272896739,0.1391070500870947
45.2,-0.35620205971335145,-0.9226537909115912,0.14032943189805336
45.22,-0.3596247287840357,-0.9341441799346025,0.1464413409528466
45.24,-0.3662255905632124,-0.9478348562173394,0.14521895914188795
45.26,-0.3762491214130734,-0.9642147724841854,0.14350762460654584
45.28,-0.3818720777434832,-0.9796167833022644,0.1447300064175045
45.3,-0.377471503224032,-0.9886624087033584,0.1486416282125722
45.32,-0.36915930690951315,-0.9827949760107569,0.14448553005531278
45.34,-0.3603581578706109,-0.9744827796962381,0.14301867188216238
45.36,-0.3513125324695168,-0.973749350609663,0.1383736210005195
45.38,-0.3505791033829417,-0.972771445160896,0.1312838064969593
45.4,-0.3503346270207499,-0.9639702961219937,0.11979341747394799
45.42,-0.34006661980869723,-0.963725819759802,0.11979341747394799
45.44,-0.3197750817467836,-0.9722824924365125,0.12346056290682395
45.46,-0.3202640344711671,-0.9713045869877456,0.11637074840326375
45.48,-0.3231977508174678,-0.9625034379488433,0.10732512300216973
45.5,-0.3217308926443174,-0.9634813433976103,0.08898939583778993
45.52,-0.3209974635577423,-0.9908626959630841,0.07016471594902668
45.54,-0.29606087461418573,-0.9896403141521254,0.07652110136601167
45.56,-0.2821257219692571,-0.9507685725636402,0.07529871955505302
45.58,-0.2909268710081594,-0.9243651254469333,0.07921034135012071
45.6,-0.30266173639336247,-0.9363444671943282,0.06625309415395898
45.62,-0.31464107814075726,-0.9544357179965162,0.034960119793417475
45.64,-0.31708584176267457,-0.9625034379488433,0.02591449439232344
45.66,-0.3031506891177459,-0.9642147724841854,0.041805457934785926
45.68,-0.302172783668979,-0.9695932524524035,0.04596155609204535
45.7,-0.3236867035418513,-0.9749717324206215,0.019313632613146715
45.72,-0.32833175442349416,-0.979127830577881,0.02102496714848883
45.74,-0.3165968890382911,-0.9801057360266479,0.03251535617150017
45.76,-0.3205085108333588,-0.9551691470830914,0.04693946154081227
45.78,-0.34471167069034014,-0.93096598722611,0.049628701524921305
45.8,-0.3368884271002047,-0.9336552272102191,0.044739174281086695
45.82,-0.3989854230969043,-0.9402560889893958,0.030070592549582862
45.84,-0.4816184335177092,-0.9378113253674785,-0.01637991626684595
45.86,-0.5153561715001681,-0.9258319836200837,-0.021758396235064023
45.88,-0.48479662622620173,-0.9392781835406289,-0.024447636219173056
45.9,-0.5561837239861871,-0.9786388778534976,-0.028603734376432478
45.92,-0.6175472908963114,-1.0131100449225314,-0.043761268832319775
45.94,-0.5957888946612474,-1.005531277694588,-0.039849647037252085
45.96,-0.5366256150108486,-0.9813281178376065,-0.011490389023011338
45.98,-0.4244109647648443,-0.9779054487669223,0.02029153806191364
46.0,-0.3813831250190997,-1.0025975613482871,0.041805457934785926
46.02,-0.41389848119059985,-1.0436695901964979,0.030804021636158054
46.04,-0.4072976194114232,-1.04538092473184,0.027381352565473825
46.06,-0.3740488341533478,-1.0021086086239037,0.04425022155670324
46.08,-0.3324878525807536,-0.9615255325000763,0.03691593069095132
46.1,-0.32710937261253553,-0.9632368670354184,0.01735782171561287
46.12,-0.33859976163554684,-0.9857286923570577,0.0031781927084924976
46.14,-0.3317544234941784,-0.9923295541362345,0.0004889527243834612
46.16,-0.32662041988815205,-0.9761941142315802,0.011245912660819608
46.18,-0.31390764905418206,-0.9666595361061027,0.018091250802188062
46.2,-0.3207529871955505,-0.9793723069400727,0.014913058093695565
46.22,-0.3229532744552761,-0.9893958377899337,-0.0075787672279436485
46.24,-0.3205085108333588,-0.9683708706414448,-0.022491825321639215
46.26,-0.32344222717965954,-0.9468569507685726,-0.03349326162026709
46.27,-0.31561898358952417,-0.9458790453198056,-0.031292974360541514
46.29,-0.30192830730678727,-0.9505240962014485,-0.026892399841090365
46.31,-0.2914158237325429,-0.9468569507685726,-0.023469730770406136
46.33,-0.28114781652049015,-0.9451456162332305,-0.042783363383552854
46.35,-0.2635455184426856,-0.9441677107844635,-0.04302783974574458
46.37,-0.23787550041255387,-0.9588362925159674,-0.040094123399443814
46.39,-0.2222290132322831,-0.9710601106255539,-0.04669498517862054
46.41,-0.20071509335941082,-0.9566360052562418,-0.039849647037252085
46.43,-0.18653546435229043,-0.9307215108639183,-0.03471564343122574
46.45,-0.1894691806985912,-0.9226537909115912,-0.04498365064327843
46.47,-0.1958255661155762,-0.9199645509274822,-0.057207468752864955
46.49,-0.20169299880817773,-0.8979616783302264,-0.05965223237478226
46.51,-0.2053601442410537,-0.875714329370779,-0.056229563304098035
46.53,-0.21293891146899735,-0.8742474711976286,-0.05011765424930477
46.55,-0.22051767869694097,-0.8876936711181738,-0.04131650521040247
46.57,-0.2190508205237906,-0.8928276747242001,-0.03153745072273324
46.59,-0.23029673318461022,-0.8894050056535159,-0.01980258533753018
46.61,-0.24423188582953886,-0.8813372857011887,-0.015157534455887297
46.63,-0.25303303486844114,-0.8686245148672188,-0.013446199920545182
46.65,-0.2662347584267946,-0.8520001222381811,-0.011245912660819608
46.67,-0.28237019833144883,-0.8405097332151698,-0.006111909054793264
46.69,-0.2950829691654188,-0.837576016868869,0.005378479968218073
46.7,-0.30070592549582864,-0.8392873514042111,0.014179629007120373
46.72,-0.3065733581884301,-0.8456437368211961,0.02469211258136479
46.74,-0.31366317269199034,-0.8639794639855759,0.03813831250190997
46.76,-0.3205085108333588,-0.8803593802524218,0.047183937903004
46.78,-0.3359105216514378,-0.8813372857011887,0.056229563304098035
46.8,-0.3513125324695168,-0.9021177764874858,0.07016471594902668
46.82,-0.36744797237417104,-0.9358555144699446,0.08336643950738012
46.84,-0.3980075176481374,-0.96910429972802,0.08458882131833878
46.86,-0.43370106652813006,-1.001864132261712,0.09632368670354186
46.88,-0.4508144118815512,-1.0285120557406107,0.12419399199339913
46.9,-0.47623995354949117,-1.139748800537848,0.15793172997585794
46.92,-0.5823426947407022,-1.5159979219509214,0.1376401919139443
46.94,-0.6835559086880787,-1.8118143202029153,0.1398404791736699
46.96,-0.7060477340097179,-1.5729609143415946,0.14228524279558719
46.98,-0.65690798520918,-1.2165143782660515,0.15402010818079026
47.0,-0.5307581823182471,-1.0040644195214374,0.12614980289093297
47.02,-0.35938025242184396,-0.8803593802524218,0.03373773798245882
47.04,-0.23860892949912904,-0.8243742933105155,-0.052562417871222074
47.06,-0.22394034776762523,-0.8224184824129817,-0.0838553922317636
47.08,-0.28481496195336614,-0.8598233658283164,-0.05500718149313938
47.1,-0.34666748158787397,-0.9074962564557039,0.0036671454328759587
47.12,-0.39042875042019376,-0.9490572380282981,0.0735873850197109
47.14,-0.4522812700547016,-1.0204443357882835,0.12346056290682395
47.156,-0.5060660697368823,-1.1480609968523667,0.15670934816489931
47.176,-0.5028878770283898,-1.263209363444672,0.18457965345475658
47.196,-0.3444671943281484,-1.280322708798093,0.1870244170766739
47.216,-0.21367234055557252,-1.1930446474956453,0.14839715185038047
47.236,-0.1757785044158543,-1.0976988662408702,0.09876845032545915
47.256,-0.26745714023775324,-1.0639611282584114,0.10439140665586896
47.276,-0.28016991107172323,-1.062494270085261,0.0838553922317636
47.296,-0.24594322036488098,-1.0304678666381444,0.06600861779176725
47.316,-0.308529169085964,-1.0387800629526633,0.07505424319286129
47.336,-0.37429331051553955,-1.0783852336277235,0.08923387219998166
47.356,-0.3444671943281484,-1.0693396082266295,0.10708064663997799
47.376,-0.3117073617944565,-1.0314457720869112,0.11465941386792164
47.396,-0.29777220914952784,-1.005531277694588,0.12003789383613972
47.416,-0.25205512941967423,-0.9671484888304862,0.12003789383613972
47.436,-0.20878281331173792,-0.9084741619044708,0.11563731931668857
47.456,-0.1831127952816062,-0.8427100204748953,0.11368150841915473
47.476,-0.16013201723558354,-0.7960150352962748,0.11148122115942914
47.496,-0.15793172997585794,-0.7798795953916206,0.11685970112764722
47.516,-0.18898022797420774,-0.7847691226354552,0.12346056290682395
47.536,-0.22418482412981694,-0.792103413501207,0.1383736210005195
47.556,-0.2461876967270727,-0.8045717079729854,0.15304220273202335
47.566,-0.25621122757693365,-0.8253521987592825,0.16355468630626777
47.586,-0.27063533294624575,-0.8808483329768053,0.1831127952816062
47.606,-0.28603734376432477,-0.9370778962809033,0.20413776243009504
47.626,-0.3051065000152798,-0.9893958377899337,0.22394034776762523
47.646,-0.3190416526602084,-1.0360908229685541,0.24985484215994866
47.666,-0.32979861259664456,-1.0937872444458026,0.28114781652049015
47.686,-0.3390887143599303,-1.176909207590991,0.31537450722733246
47.706,-0.349356721571983,-1.2661430797909727,0.3669590196497876
47.726,-0.36084711059499436,-1.4089172753109434,0.4366347828744308
47.746,-0.3926290376799193,-1.5631818598539253,0.47623995354949117
47.766,-0.4532591755034685,-1.4605017877333986,0.45692632093634444
47.786,-0.5442043822387923,-1.2196925709745439,0.3324878525807536
47.806,-0.636127494422883,-1.1412156587109983,0.11514836659230511
47.826,-0.5987226110075482,-1.1123674479723742,-0.027136876203282093
47.846,-0.42881153928429544,-1.0302233902759528,-0.01271277083396999
47.866,-0.36891483054732144,-0.9864621214436329,-0.14228524279558719
47.886,-0.35742444152431013,-0.8979616783302264,-0.1904470861473581
47.906,-0.30046144913363687,-0.7297619411423157,-0.18629098799009872
47.926,-0.4180545793478593,-0.6104574763927513,-0.1919139443205085
47.946,-0.7568988173455978,-0.6520184579653454,-0.13421752284326008
47.966,-1.051737310148825,-0.7977263698316169,0.021758396235064023
47.986,-0.9996638450019864,-0.8542004094979067,0.03716040705314305
48.006,-0.9578583870672004,-0.9106744491641964,-0.07603214864162822
48.016,-0.9490572380282981,-0.9622589615866516,-0.18164593710845583
48.026,-0.9522354307367906,-0.9397671362650124,-0.09241206490847416
48.046,-0.9277877945176175,-0.8537114567735232,0.013690676282736913
48.066,-0.7566543409834061,-0.8138618097362711,0.03153745072273324
48.086,-0.5933441310393301,-0.8688689912294105,0.048650796076154385
48.106,-0.538092473183999,-0.9639702961219937,0.024203159856981328
48.126,-0.5292913241450967,-0.9554136234452831,0.024447636219173056
48.146,-0.4324786847171714,-0.8522445986003728,0.02591449439232344
48.166,-0.3767380741374568,-0.735873850197109,0.09143415945970723
48.186,-0.4112092412064908,-0.664242276074932,0.22736301683830945
48.206,-0.4341900192525135,-0.6688873269565748,0.35986920514622744
48.226,-0.4987317788711304,-0.7131375485132782,0.41047581211991563
48.246,-0.5449378113253674,-0.72047183937903,0.4141429575527916
48.266,-0.4275891574733368,-0.6248815817620633,0.4498365064327843
48.286,-0.2765027656388473,-0.5080218806344161,0.4867524371237356
48.306,-0.19460318430461754,-0.42661125202456984,0.6038566146135745
48.326,-0.17040002444763622,-0.3943403722152614,0.7380741374568346
48.346,-0.23029673318461022,-0.4469027900864835,0.6547076979494545
48.366,-0.21538367509091463,-0.42001039024539316,0.5339363750267396
48.386,-0.17113345353421142,-0.34813433976102437,0.40045228127005467
48.406,-0.15328667909421506,-0.3936069431286862,0.3581578706108853
48.426,-0.12248265745805702,-0.478195764447025,0.4943312043516792
48.446,-0.06771995232710937,-0.5180454114842771,0.44616936099990834
48.466,-0.0440057451945115,-0.4835742444152431,0.3542462488158176
48.486,0.055985086941906306,-0.3772270268618403,0.3190416526602084
48.506,0.4420132628426489,-0.18457965345475658,0.25229960578186594
48.526,0.6613085597286312,0.014668581731503835,0.13641781010298568
48.546,0.6278152981083641,0.08752253766463955,0.08189958133422974
48.566,1.0167771903554075,-0.1679552608257189,0.34006661980869723
48.586,1.2610090761849464,0.528068942334138,1.3570882865262965
48.606,5.902881765119335,-4.083733154050668,-5.374812822785197
48.626,-6.625309415395899,-5.3557436665342415,-7.399810530819301
48.646,-1.978302722855484,-3.2368670354185127,-1.274944228829875
48.666,-1.3551324756287626,-0.13446199920545182,-0.5285578950585215
48.686,-0.8065275188705192,0.6649757051615072,-0.9052959691959783
48.706,-1.1952449347553709,-1.080585520887449,-1.434587293341075
48.726,-1.185954832992085,-2.6511016716071265,-0.23543073679063656
48.746,-0.5028878770283898,-2.161171041774898,-1.2091800874002994
48.766,-0.652507410689729,-0.9524799070989823,-1.2148030437307094
48.786,-0.8202181951532561,-0.6412614980289093,-1.0947651498945696
48.806,-0.03813831250190997,0.0073342908657519175,-0.47135042630565654
48.826,0.9590807688781591,0.45912660819607004,0.10683617027778626
48.846,1.5541362344528313,0.5857653638113864,0.3894508449714268
48.866,0.9180087400299484,0.6911346759160224,0.24496531491611404
48.886,-0.0975460685145005,0.5449378113253674,0.027381352565473825
48.906,-0.47183937903004003,0.05451822876875592,0.11050331571066223
48.916,-0.14668581731503835,-0.21440576964214772,-0.0019558108975338447
48.94,0.08752253766463955,-0.2821257219692571,0.11197017388381261
48.96,-0.052317941509030345,-0.11392598478134645,0.010268007212052684
48.98,-0.06429728325642514,-0.1623323044953091,-0.289460012835009
49.0,0.4229441065916939,-0.6111909054793264,-0.22100663142132446
49.02,2.0927176603612136,-1.1395043241756562,-0.7097148794425939
49.04,1.8741557925618066,-2.302233902759527,-0.8123949515631207
49.06,0.14668581731503835,-3.2366225590563213,-0.5041102588393485
49.08,-1.1456162332304496,-1.331173792133973,-0.47526204810072425
49.1,-1.1265470769794945,-0.16673287901476025,-0.746875286495737
49.12,-0.7659444427466919,1.0686061791400543,-0.6838003850502704
49.14,-0.5461601931363261,-0.17797879167557987,-1.0981878189652539
49.16,-0.44519145555114137,-0.6838003850502704,-1.6221006631421324
49.18,-0.5833206001894692,-0.32686489625034376,-1.8423738654768818
49.2,-0.14448553005531278,-0.10121321394737647,-1.56807138709776
49.22,-0.034960119793417475,-0.5045992115637319,-0.7109372612535525
49.24,-0.19313632613146717,-0.6906457231916389,-0.402897044891972
49.26,-0.1757785044158543,-0.666931516059041,-0.34740091067444917
49.28,-0.2166060569018733,-0.7353848974727256,-0.41512086300155854
49.3,-0.2779696238119977,-0.8123949515631207,-0.575252880237142
49.32,-0.26745714023775324,-0.7901476026036732,-0.7427191883384775
49.34,-0.24472083855392232,-0.7490755737554625,-0.823885340586132
49.36,-0.21929529688598234,-0.6840448614124621,-0.7977263698316169
49.38,-0.25205512941967423,-0.7009137304036915,-0.7500534792042294
49.39,-0.29606087461418573,-0.6970021086086239,-0.7436970937872445
49.41,-0.31146288543226475,-0.6471289307215109,-0.7143599303242367
49.43,-0.30070592549582864,-0.6613085597286312,-0.6940683922623231
49.45,-0.31390764905418206,-0.6461510252727439,-0.6901567704672554
49.47,-0.3381108089111634,-0.6566635088469883,-0.697735537695199
49.49,-0.34666748158787397,-0.6654646578858906,-0.7190049812058796
49.51,-0.3371329034623965,-0.6610640833664395,-0.7402744247165602
49.53,-0.3236867035418513,-0.6485957888946612,-0.7353848974727256
49.55,-0.3165968890382911,-0.6371053998716499,-0.7194939339302631
49.57,-0.3219753690065092,-0.6278152981083641,-0.7060477340097179
49.59,-0.3346881398404792,-0.620725483604804,-0.7099593558047856
49.61,-0.3405555725330807,-0.6168138618097363,-0.7229166030009473
49.63,-0.3368884271002047,-0.6199920545182288,-0.7432081410628609
49.65,-0.32662041988815205,-0.6158359563609693,-0.7517648137395715
49.67,-0.32686489625034376,-0.6133911927390521,-0.7483421446688873
49.69,-0.32735384897472725,-0.6104574763927513,-0.729517464780124
49.71,-0.31439660177856554,-0.6163249090853528,-0.7094704030804021
49.73,-0.30021697277144516,-0.6219478654157626,-0.6992023958683494
49.75,-0.2948384928032271,-0.6239036763132965,-0.7023805885768419
49.77,-0.3014393545824038,-0.6329493017143905,-0.7094704030804021
49.79,-0.31244079088103166,-0.638816734406992,-0.7185160284814962
49.81,-0.31781927084924977,-0.6407725453045259,-0.7260947957094398
49.83,-0.3224643217308926,-0.6353940653363078,-0.72047183937903
49.85,-0.3217308926443174,-0.6314824435412401,-0.7148488830486203
49.87,-0.3236867035418513,-0.6302600617302815,-0.7202273630168383
49.886,-0.3231977508174678,-0.6341716835253491,-0.7273171775203985
49.906,-0.3217308926443174,-0.6356385416984995,-0.7282950829691655
49.926,-0.3222198453687009,-0.6363719707850747,-0.7312287993154661
49.946,-0.32344222717965954,-0.6297711090058979,-0.7324511811264248
49.966,-0.3227087980930844,-0.627081869021789,-0.7280506066069736
49.986,-0.32564251443938513,-0.6273263453839807,-0.7251168902606729
50.006,-0.32735384897472725,-0.6246371053998716,-0.7265837484338233
50.026,-0.32979861259664456,-0.6251260581242551,-0.7285395593313572
50.046,-0.3310209944076032,-0.6297711090058979,-0.7238945084497143
50.066,-0.32637594352596033,-0.6243926290376799,-0.7194939339302631
50.086,-0.33199889985637016,-0.6177917672585032,-0.7285395593313572
50.106,-0.33371023439171227,-0.6202365308804205,-0.7273171775203985
50.126,-0.3351770925648626,-0.6195031017938453,-0.7307398465910827
50.146,-0.3349326162026709,-0.6155914799987776,-0.726828224796015
50.166,-0.3359105216514378,-0.6141246218256272,-0.7258503193472481
50.186,-0.3356660452892461,-0.6165693854475446,-0.7324511811264248
50.206,-0.3359105216514378,-0.6187696727072701,-0.7334290865751918
50.226,-0.3349326162026709,-0.6163249090853528,-0.7258503193472481
50.246,-0.33126547076979496,-0.6131467163768602,-0.7280506066069736
50.266,-0.3293096598722611,-0.6131467163768602,-0.7287840356935489
50.286,-0.3310209944076032,-0.6165693854475446,-0.7307398465910827
50.306,-0.3317544234941784,-0.6177917672585032,-0.7275616538825902
50.326,-0.3346881398404792,-0.6182807199828867,-0.7278061302447819
50.346,-0.33224337621856187,-0.6202365308804205,-0.7297619411423157
50.356,-0.3327323289429453,-0.619747578156037,-0.7309843229532744
50.38,-0.33028756532102804,-0.6175472908963114,-0.7290285120557406
50.4,-0.3351770925648626,-0.6173028145341197,-0.730495370228891
50.42,-0.3371329034623965,-0.6143690981878189,-0.7324511811264248
50.44,-0.3390887143599303,-0.6163249090853528,-0.7280506066069736
50.46,-0.3395776670843138,-0.6146135745500106,-0.7292729884179323
50.48,-0.3395776670843138,-0.6143690981878189,-0.7334290865751918
50.5,-0.33933319072212204,-0.6138801454634355,-0.7317177520398497
50.52,-0.33933319072212204,-0.6151025272743942,-0.7300064175045076
50.54,-0.3381108089111634,-0.6155914799987776,-0.7324511811264248
50.56,-0.3383552852733551,-0.6133911927390521,-0.7300064175045076
50.58,-0.33786633254897164,-0.6133911927390521,-0.7312287993154661
50.6,-0.3368884271002047,-0.610701952754943,-0.7324511811264248
50.62,-0.3395776670843138,-0.6133911927390521,-0.7319622284020414
50.64,-0.34031109617088895,-0.6136356691012438,-0.7329401338508083
50.66,-0.33859976163554684,-0.6119243345659017,-0.7317177520398497
50.68,-0.3371329034623965,-0.61167985820371,-0.7309843229532744
50.7,-0.34080004889527243,-0.6151025272743942,-0.7312287993154661
50.72,-0.3368884271002047,-0.6148580509122024,-0.7302508938666993
50.74,-0.3398221434465055,-0.6087461418574092,-0.7300064175045076
50.76,-0.3412890016196559,-0.6099685236683678,-0.7326956574886165
50.78,-0.34153347798184763,-0.6146135745500106,-0.7334290865751918
50.8,-0.34153347798184763,-0.609724047306176,-0.7309843229532744
50.82,-0.33859976163554684,-0.610701952754943,-0.7258503193472481
50.84,-0.34202243070623106,-0.6124132872902851,-0.7336735629373835
50.85,-0.3412890016196559,-0.6136356691012438,-0.7366072792836842
50.87,-0.34593405250129877,-0.6133911927390521,-0.7339180392995752
50.89,-0.34495614705253186,-0.6082571891330257,-0.7322067047642331
50.91,-0.34348928887938146,-0.6067903309598753,-0.7319622284020414
50.93,-0.34666748158787397,-0.6111909054793264,-0.7336735629373835
50.95,-0.3461785288634905,-0.610701952754943,-0.7322067047642331
50.97,-0.34202243070623106,-0.61167985820371,-0.7319622284020414
50.99,-0.34348928887938146,-0.6114353818415181,-0.7307398465910827
51.01,-0.3437337652415732,-0.6102130000305596,-0.7336735629373835
51.03,-0.34202243070623106,-0.6080127127708339,-0.730495370228891
51.05,-0.34153347798184763,-0.6092350945817926,-0.7317177520398497
51.07,-0.34348928887938146,-0.610701952754943,-0.7314732756776579
51.09,-0.34422271796595666,-0.6111909054793264,-0.7336735629373835
51.11,-0.34593405250129877,-0.6109464291171347,-0.7324511811264248
51.13,-0.34568957613910706,-0.6099685236683678,-0.7346514683861504
51.15,-0.34471167069034014,-0.6085016654952174,-0.7324511811264248
51.17,-0.34471167069034014,-0.6099685236683678,-0.7312287993154661
51.19,-0.34642300522568226,-0.6121688109280934,-0.7312287993154661
51.21,-0.3454450997769153,-0.6102130000305596,-0.7309843229532744
51.23,-0.34422271796595666,-0.6102130000305596,-0.733184610213
51.25,-0.34642300522568226,-0.6099685236683678,-0.7324511811264248
51.27,-0.34666748158787397,-0.6109464291171347,-0.7317177520398497
51.29,-0.3461785288634905,-0.6111909054793264,-0.7319622284020414
51.31,-0.34348928887938146,-0.6094795709439843,-0.7309843229532744
51.33,-0.34568957613910706,-0.6080127127708339,-0.7300064175045076
51.34,-0.34642300522568226,-0.6075237600464505,-0.7302508938666993
51.35,-0.34568957613910706,-0.6102130000305596,-0.7336735629373835
51.37,-0.34568957613910706,-0.610701952754943,-0.7336735629373835
51.39,-0.34471167069034014,-0.6082571891330257,-0.7322067047642331
51.41,-0.3444671943281484,-0.6075237600464505,-0.7319622284020414
51.43,-0.34593405250129877,-0.6133911927390521,-0.7317177520398497
51.45,-0.3454450997769153,-0.6087461418574092,-0.7334290865751918
51.47,-0.3500901506585582,-0.6058124255111084,-0.7336735629373835
51.49,-0.3471564343122574,-0.6114353818415181,-0.7324511811264248
51.51,-0.3437337652415732,-0.61167985820371,-0.7346514683861504
51.53,-0.34104452525746415,-0.6050789964245332,-0.730495370228891
51.55,-0.3437337652415732,-0.6077682364086422,-0.7256058429850564
51.57,-0.34666748158787397,-0.6121688109280934,-0.735873850197109
51.59,-0.3515570088317086,-0.6126577636524768,-0.7363628029214925
51.61,-0.3488677688475995,-0.6085016654952174,-0.7344069920239586
51.63,-0.34593405250129877,-0.6067903309598753,-0.7324511811264248
51.65,-0.34593405250129877,-0.6077682364086422,-0.7326956574886165
51.67,-0.34642300522568226,-0.609724047306176,-0.735873850197109
51.69,-0.34568957613910706,-0.6119243345659017,-0.7329401338508083
51.71,-0.34080004889527243,-0.6099685236683678,-0.7292729884179323
51.73,-0.34006661980869723,-0.6104574763927513,-0.7278061302447819
51.75,-0.34348928887938146,-0.6129022400146685,-0.7309843229532744
51.77,-0.34202243070623106,-0.6133911927390521,-0.7322067047642331
51.79,-0.34031109617088895,-0.6111909054793264,-0.7300064175045076
51.81,-0.34031109617088895,-0.6124132872902851,-0.733184610213
51.82,-0.34226690706842283,-0.61167985820371,-0.7300064175045076
51.84,-0.34031109617088895,-0.6148580509122024,-0.7312287993154661
51.86,-0.34080004889527243,-0.6143690981878189,-0.7297619411423157
51.88,-0.34226690706842283,-0.6124132872902851,-0.7287840356935489
51.9,-0.3368884271002047,-0.6143690981878189,-0.7273171775203985
51.92,-0.3381108089111634,-0.6158359563609693,-0.7265837484338233
51.94,-0.33786633254897164,-0.6173028145341197,-0.7300064175045076
51.96,-0.3356660452892461,-0.6155914799987776,-0.7278061302447819
51.98,-0.336643950738013,-0.6151025272743942,-0.7251168902606729
52.0,-0.3371329034623965,-0.616080432723161,-0.726828224796015
52.02,-0.3346881398404792,-0.619747578156037,-0.7273171775203985
52.04,-0.33297680530513707,-0.6187696727072701,-0.7300064175045076
52.06,-0.3327323289429453,-0.6192586254316536,-0.7287840356935489
52.08,-0.333954710753904,-0.6199920545182288,-0.7280506066069736
52.1,-0.33224337621856187,-0.6187696727072701,-0.7248724138984812
52.12,-0.3344436634782874,-0.617058338171928,-0.7258503193472481
52.14,-0.3354215689270544,-0.619747578156037,-0.7270727011582068
52.16,-0.32979861259664456,-0.6180362436206949,-0.7270727011582068
52.18,-0.32955413623445284,-0.6177917672585032,-0.7238945084497143
52.2,-0.3293096598722611,-0.6202365308804205,-0.7263392720716315
52.22,-0.3293096598722611,-0.6248815817620633,-0.7246279375362894
52.24,-0.32808727806130245,-0.6229257708645295,-0.7258503193472481
52.26,-0.33126547076979496,-0.6204810072426122,-0.7243834611740977
52.28,-0.3293096598722611,-0.6251260581242551,-0.7236500320875225
52.3,-0.32808727806130245,-0.6224368181401461,-0.7336735629373835
52.31,-0.32588699080157685,-0.6173028145341197,-0.7260947957094398
52.33,-0.3217308926443174,-0.6175472908963114,-0.7224276502765639
52.35,-0.3087736454481557,-0.6131467163768602,-0.7160712648595788
52.37,-0.29948354368486996,-0.6075237600464505,-0.7121596430645112
52.39,-0.3200195581089753,-0.6295266326437062,-0.7136265012376616
52.41,-0.3327323289429453,-0.6309934908168566,-0.7265837484338233
52.43,-0.3219753690065092,-0.6268373926595973,-0.729517464780124
52.45,-0.31928612902240017,-0.6314824435412401,-0.7273171775203985
52.47,-0.3253980380771934,-0.6307490144546649,-0.7341625156617669
52.49,-0.31708584176267457,-0.6331937780765822,-0.7278061302447819
52.51,-0.31635241267609937,-0.6302600617302815,-0.7224276502765639
52.53,-0.29997249640925344,-0.6280597744705558,-0.72047183937903
52.55,-0.31513003086514074,-0.6331937780765822,-0.7009137304036915
52.57,-0.3486232924854078,-0.6407725453045259,-0.7265837484338233
52.59,-0.3165968890382911,-0.6393056871313755,-0.7275616538825902
52.61,-0.31219631451883995,-0.6432173089264431,-0.7219386975521804
52.63,-0.31610793631390766,-0.6363719707850747,-0.724138984811906
52.65,-0.31855269993582497,-0.6368609235094582,-0.7153378357730037
52.67,-0.3217308926443174,-0.6417504507532927,-0.7158267884973871
52.69,-0.31684136540048286,-0.6371053998716499,-0.7175381230327292
52.71,-0.31366317269199034,-0.6385722580448003,-0.7136265012376616
52.73,-0.3207529871955505,-0.6427283562020597,-0.7185160284814962
52.75,-0.321241939919934,-0.6471289307215109,-0.7192494575680713
52.77,-0.31684136540048286,-0.6441952143752101,-0.7190049812058796
52.79,-0.31072945634568955,-0.6405280689423342,-0.7131375485132782
52.8,-0.3183082235736332,-0.6427283562020597,-0.7072701158206766
52.81,-0.31464107814075726,-0.6434617852886348,-0.7075145921828683
52.83,-0.31072945634568955,-0.6407725453045259,-0.7106927848913608
52.85,-0.31146288543226475,-0.6402835925801424,-0.7136265012376616
52.87,-0.3187971762980167,-0.6419949271154846,-0.7102038321669774
52.89,-0.3261314671637686,-0.645173119823977,-0.7175381230327292
52.91,-0.3227087980930844,-0.6466399779971274,-0.7109372612535525
52.93,-0.31635241267609937,-0.6390612107691838,-0.7067811630962931
52.95,-0.3253980380771934,-0.641505974391101,-0.711426213977936
52.97,-0.3293096598722611,-0.6434617852886348,-0.7163157412217706
52.99,-0.3180637472114415,-0.641505974391101,-0.7062922103719097
53.01,-0.31244079088103166,-0.6441952143752101,-0.705069828560951
53.03,-0.3202640344711671,-0.6449286434617852,-0.7146044066864284
53.05,-0.3261314671637686,-0.647862359808086,-0.7106927848913608
53.07,-0.31439660177856554,-0.651529505240962,-0.6960242031598569
53.09,-0.3187971762980167,-0.6422394034776763,-0.7028695413012255
53.11,-0.3231977508174678,-0.6317269199034318,-0.6984689667817743
53.13,-0.321241939919934,-0.6302600617302815,-0.699691348592733
53.15,-0.3231977508174678,-0.6481068361702778,-0.7018916358524585
53.17,-0.3187971762980167,-0.6625309415395899,-0.7014026831280751
53.19,-0.3293096598722611,-0.6485957888946612,-0.7045808758365676
53.21,-0.3498456742963665,-0.6461510252727439,-0.7092259267182104
53.23,-0.34568957613910706,-0.6463955016349356,-0.7018916358524585
53.25,-0.32662041988815205,-0.6410170216667176,-0.6974910613330073
53.27,-0.3476453870366409,-0.6559300797604132,-0.6913791522782141
53.29,-0.37135959416923875,-0.6385722580448003,-0.699691348592733
53.306,-0.3894508449714268,-0.6520184579653454,-0.6935794395379397
53.326,-0.39287351404211107,-0.6512850288787703,-0.7033584940256089
53.346,-0.3686703541851297,-0.6319713962656236,-0.6984689667817743
53.366,-0.3701372123582801,-0.6412614980289093,-0.684289337774654
53.386,-0.38602817590074257,-0.6500626470678116,-0.6874675304831463
53.406,-0.38798398679827645,-0.6503071234300033,-0.6930904868135562
53.426,-0.38480579408978394,-0.6446841670995935,-0.6916236286404058
53.446,-0.3877395104360847,-0.6434617852886348,-0.6879564832075299
53.466,-0.3948293249396449,-0.6485957888946612,-0.6779329523576689
53.486,-0.396540659474987,-0.6358830180606913,-0.6764660941845185
53.506,-0.39776304128594564,-0.6341716835253491,-0.667909421507808
53.526,-0.4077865721358066,-0.6341716835253491,-0.6576414142957553
53.546,-0.4241664884026526,-0.6273263453839807,-0.6754881887357516
53.566,-0.4339455428903218,-0.6390612107691838,-0.6730434251138343
53.586,-0.4317452556305962,-0.6383277816826085,-0.6676649451456163
53.606,-0.43272316107936315,-0.636127494422883,-0.6644867524371237
53.626,-0.44005745194511503,-0.6437062616508267,-0.6507960761543868
53.646,-0.4535036518656602,-0.6483513125324695,-0.658863796106714
53.666,-0.44470250282675794,-0.6595972251932891,-0.6571524615713717
53.686,-0.43932402285853983,-0.6583748433823304,-0.6566635088469883
53.706,-0.4505699355193595,-0.6483513125324695,-0.6517739816031537
53.726,-0.46474956452647986,-0.6608196070042478,-0.6278152981083641
53.746,-0.45448155731442713,-0.6520184579653454,-0.6055679491489167
53.766,-0.46083794273141215,-0.6500626470678116,-0.6082571891330257
53.776,-0.47135042630565654,-0.6544632215872628,-0.6214589126913791
53.79,-0.47526204810072425,-0.6561745561226049,-0.6280597744705558
53.81,-0.4261222993001864,-0.6593527488310974,-0.6129022400146685
53.83,-0.4112092412064908,-0.6263484399352137,-0.6080127127708339
53.85,-0.46328270635332947,-0.6331937780765822,-0.5662072548360481
53.87,-0.4613268954557956,-0.652507410689729,-0.5258686550744125
53.89,-0.4197659138832014,-0.6603306542798643,-0.5378479968218073
53.91,-0.4231885829538856,-0.5945665128502888,-0.5720746875286495
53.93,-0.5270910368853712,-0.6571524615713717,-0.5420040949790667
53.95,-0.6111909054793264,-0.7414968065275188,-0.5759863093237173
53.97,-0.6195031017938453,-0.7696115881795679,-0.6195031017938453
53.99,-0.6180362436206949,-0.7471197628579287,-0.6111909054793264
54.01,-0.5806313602053601,-0.7072701158206766,-0.5339363750267396
54.03,-0.5483604803960517,-0.6581303670201387,-0.53540323319989
54.05,-0.6102130000305596,-0.6879564832075299,-0.5522721021911193
54.07,-0.6346606362497326,-0.7263392720716315,-0.5168230296733185
54.09,-0.5718302111664578,-0.7009137304036915,-0.4923753934541454
54.11,-0.5740304984261834,-0.689667817742872,-0.4994652079577056
54.13,-0.6041010909757663,-0.7045808758365676,-0.47183937903004003
54.15,-0.579897931118785,-0.7084924976316352,-0.421966201142927
54.17,-0.6405280689423342,-0.6647312287993155,-0.506310546099074
54.19,-0.607034807322067,-0.7375851847324512,-0.4811294807933258
54.21,-0.6009228982672737,-0.8106836170277786,-0.46328270635332947
54.23,-0.6857561959478042,-0.7554319591724475,-0.4659719463374385
54.25,-0.6490847416190447,-0.7517648137395715,-0.4212327720563518
54.26,-0.5860098401735782,-0.7432081410628609,-0.3813831250190997
54.27,-0.5901659383308376,-0.7319622284020414,-0.3791828377593741
54.29,-0.6762216178223268,-0.7451639519603949,-0.3950738013018366
54.31,-0.6657091342480824,-0.7410078538031354,-0.34568957613910706
54.33,-0.5759863093237173,-0.7231610793631391,-0.37209302325581395
54.35,-0.683311432325887,-0.74589738104697,-0.34153347798184763
54.37,-0.7407633774409437,-0.7771903554075115,-0.355713106988968
54.39,-0.6630198942639733,-0.7749900681477859,-0.32637594352596033
54.41,-0.5295358005072884,-0.6410170216667176,-0.2760138129144638
54.43,-0.5901659383308376,-0.6243926290376799,-0.25278855850624943
54.45,-0.6989579195061577,-0.6884454359319133,-0.321241939919934
54.47,-0.6860006723099961,-0.7407633774409437,-0.2936161109922684
54.49,-0.6439507380130184,-0.7432081410628609,-0.2796809583473398
54.51,-0.7324511811264248,-0.7190049812058796,-0.30192830730678727
54.53,-0.7539651009992971,-0.7388075665434098,-0.28016991107172323
54.55,-0.7366072792836842,-0.708736973993827,-0.31317421996760686
54.57,-0.7740121626990191,-0.714115453962045,-0.3075512636371971
54.59,-0.7383186138190263,-0.7392965192677933,-0.276747242001039
54.61,-0.6952907740732818,-0.7436970937872445,-0.26965742749747884
54.63,-0.7124041194267029,-0.7275616538825902,-0.280414387433915
54.65,-0.72047183937903,-0.7070256394584848,-0.2926382055435015
54.67,-0.7410078538031354,-0.6657091342480824,-0.2799254347095315
54.69,-0.7644775845735415,-0.6417504507532927,-0.27014638022186227
54.71,-0.714115453962045,-0.6542187452250711,-0.2694129511352871
54.73,-0.7099593558047856,-0.6884454359319133,-0.2972832564251444
54.75,-0.7825688353757296,-0.6989579195061577,-0.3070623109128136
54.77,-0.7945481771231244,-0.6879564832075299,-0.308529169085964
54.79,-0.7691226354551844,-0.6454175961861688,-0.34153347798184763
54.81,-0.8145952388228463,-0.6510405525165786,-0.28505943831555786
54.83,-0.755920911896831,-0.6561745561226049,-0.2941050637166519
54.85,-0.7505424319286129,-0.6625309415395899,-0.29630535097637745
54.87,-0.7571432937077897,-0.6725544723894509,-0.3043730709287046
54.89,-0.7681447300064175,-0.684289337774654,-0.295816398251994
54.91,-0.7500534792042294,-0.6869785777587629,-0.28725972557528345
54.93,-0.7231610793631391,-0.6759771414601351,-0.27161323839501267
54.95,-0.767655777282034,-0.6627754179017816,-0.2743024783791217
54.97,-0.7583656755187482,-0.6576414142957553,-0.25792256211227577
54.99,-0.7471197628579287,-0.6608196070042478,-0.2637899948048773
55.01,-0.7693671118173762,-0.674265806924793,-0.2774806710876142
55.03,-0.7884362680683311,-0.6720655196650673,-0.2884821073862421
55.05,-0.7864804571707973,-0.6818445741527366,-0.29801668551171956
55.07,-0.7835467408244965,-0.6906457231916389,-0.2901934419215842
55.09,-0.7869694098951807,-0.6884454359319133,-0.295816398251994
55.11,-0.8304862023653088,-0.6940683922623231,-0.3437337652415732
55.13,-0.9314549399504936,-0.6891788650184885,-0.4278336338355285
55.15,-0.9671484888304862,-0.8172844788069553,-0.4503254591571677
55.17,-0.8762032820951624,-0.9497906671148734,-0.44396907374018274
55.19,-0.8011490389023012,-0.8989395837789933,-0.4241664884026526
55.21,-0.6774439996332854,-0.7576322464321731,-0.37307092870458086
55.23,-0.6752437123735598,-0.7346514683861504,-0.24887693671118175
55.24,-0.7048253521987593,-0.6429728325642514,-0.5456712404119427
55.26,-0.6727989487516426,-0.6158359563609693,-0.8769367111817375
55.28,-0.7524982428261467,-0.6092350945817926,-0.7781682608562784
55.3,-0.9390337071784371,-0.43027839745744584,-0.9216758854628243
55.32,-0.5393148549949577,-0.23225254408214405,-0.8138618097362711
55.34,-0.6542187452250711,-0.26745714023775324,-0.7075145921828683
55.36,-0.5632735384897473,-0.5620511566787886,-0.8216850533264065
55.38,-0.5759863093237173,-0.45594841548757753,-0.6412614980289093
55.4,-0.6906457231916389,-0.2611007548207683,-0.5432264767900253
55.42,-0.962747914311035,-0.22394034776762523,-0.49726492069798
55.44,-1.0727622772973138,-0.3317544234941784,-0.519023316933044
55.46,-0.8586009840173578,-0.3852947468141674,-0.594322036488097
55.48,-0.6945573449867066,-0.31195183815664823,-0.6718210433028756
55.5,-0.478195764447025,-0.3613360633193778,-0.6312379671790483
55.52,-0.5999449928185069,-0.37600464505088166,-0.6358830180606913
55.54,-0.7163157412217706,-0.40143018671882164,-0.6522629343275372
55.56,-0.6498181707056199,-0.4385905937719647,-0.6058124255111084
55.58,-0.5505607676557772,-0.4659719463374385,-0.4962870152492131
55.6,-0.4275891574733368,-0.49213091709195367,-0.43223420835497967
55.62,-0.40069675763224644,-0.5065550224612657,-0.36011368150841916
55.64,-0.3412890016196559,-0.5547168658130367,-0.3635363505791034
55.66,-0.3989854230969043,-0.6011673746294655,-0.43003392109525407
55.68,-0.6319713962656236,-0.7028695413012255,-0.4224551538673105
55.7,-0.5982336582831648,-0.752253766463955,-0.37062616508266355
55.72,-0.4967759679735965,-0.7815909299269627,-0.35595758335115973
55.73,-0.4811294807933258,-0.8133728570118877,-0.3398221434465055
55.74,-0.5231794150903034,-0.8001711334535342,-0.3669590196497876
55.76,-0.6395501634935672,-0.7928368425877823,-0.3818720777434832
55.78,-0.575252880237142,-0.7639886318491581,-0.35717996516211836
55.8,-0.3253980380771934,-0.7891696971549064,-0.2574336093878923
55.82,-0.1271277083396999,-0.9405005653515875,-0.027136876203282093
55.84,-0.5693854475445406,-1.7978791675579866,-0.8791369984414632
55.86,-0.793081318949974,-1.0505149283378663,-1.3627112428567063
55.88,-0.490908535280995,-0.7329401338508083,-1.174219967606882
55.9,-0.36818140146074624,-0.7500534792042294,-0.6459065489105522
55.92,-0.34251138343061455,-0.6329493017143905,-0.5268465605231794
55.94,-0.323931179904043,-0.5244017969012621,-0.6781774287198606
55.96,-0.3053509763774715,-0.5588729639702961,-0.7935702716743575
55.98,-0.28652629648870825,-0.5984781346453565,-0.7889252207927145
56.0,-0.2933716346300767,-0.6209699599669957,-0.7520092901017633
56.02,-0.3975185649237539,-0.6410170216667176,-0.7341625156617669
56.04,-0.46328270635332947,-0.635149588974116,-0.6708431378541088
56.06,-0.38578369953855085,-0.6104574763927513,-0.7190049812058796
56.08,-0.3209974635577423,-0.5794089783944015,-0.8016379916266846
56.1,-0.32490908535280993,-0.5718302111664578,-0.7894141735170981
56.12,-0.3513125324695168,-0.6192586254316536,-0.7309843229532744
56.14,-0.4046083794273141,-0.6314824435412401,-0.6984689667817743
56.16,-0.409253430308957,-0.6217033890535709,-0.6820890505149283
56.18,-0.40314152125416375,-0.6334382544387739,-0.6485957888946612
56.2,-0.390184274058002,-0.6441952143752101,-0.6566635088469883
56.22,-0.396540659474987,-0.6407725453045259,-0.6696207560431501
56.24,-0.39996332854567124,-0.6466399779971274,-0.6080127127708339
56.26,-0.4043639030651224,-0.642483879839868,-0.6146135745500106
56.28,-0.4293004920086789,-0.6566635088469883,-0.6581303670201387
56.3,-0.5121779787916756,-0.6539742688628793,-0.698713443143966
56.32,-0.47355071356538214,-0.658863796106714,-0.6818445741527366
56.34,-0.4371237355988143,-0.641505974391101,-0.6327048253521987
56.36,-0.4491030773462091,-0.6622864651773982,-0.6581303670201387
56.38,-0.5119335024294839,-0.6693762796809584,-0.6759771414601351
56.4,-0.5275799896097546,-0.6258594872108303,-0.6774439996332854
56.42,-0.465482993613055,-0.6312379671790483,-0.6368609235094582
56.44,-0.46254927726675427,-0.607034807322067,-0.6879564832075299
56.46,-0.48748586621031076,-0.6004339455428903,-0.6759771414601351
56.48,-0.5031323533905815,-0.6202365308804205,-0.6446841670995935
56.5,-0.46890566268373923,-0.5891880328820707,-0.7006692540414998
56.52,-0.47428414265195734,-0.5872322219845368,-0.7014026831280751
56.54,-0.5324695168535892,-0.6031231855269994,-0.6581303670201387
56.56,-0.5270910368853712,-0.5867432692601534,-0.6657091342480824
56.58,-0.5295358005072884,-0.5886990801576872,-0.6882009595697216
56.6,-0.5618066803165969,-0.5950554655746723,-0.6630198942639733
56.62,-0.5427375240656419,-0.5779421202212511,-0.6666870396968493
56.64,-0.47232833175442346,-0.5647403966628977,-0.6943128686245148
56.66,-0.47135042630565654,-0.5708523057176909,-0.6928460104513645
56.68,-0.5170675060355102,-0.5662072548360481,-0.6855117195856125
56.7,-0.5593619166946796,-0.5737860220639917,-0.6754881887357516
56.72,-0.5116890260672922,-0.5654738257494728,-0.7011582067658834
56.74,-0.47844024080921677,-0.5525165785533112,-0.6984689667817743
56.76,-0.5107111206185252,-0.56082877486783,-0.6943128686245148
56.78,-0.5336918986645479,-0.5610732512300217,-0.6857561959478042
56.8,-0.4970204443357883,-0.5505607676557772,-0.6911346759160224
56.82,-0.49922073159551383,-0.547138098585093,-0.6916236286404058
56.84,-0.539070378632766,-0.5620511566787886,-0.6808666687039697
56.86,-0.559850869419063,-0.5554502948996118,-0.6811111450661614
56.88,-0.5564282003483788,-0.5772086911346759,-0.6840448614124621
56.9,-0.5351587568376982,-0.5884546037954955,-0.7011582067658834
56.92,-0.5143782660514011,-0.5850319347248113,-0.6938239159001314
56.94,-0.5239128441768787,-0.5994560400941233,-0.6705986614919169
56.96,-0.5464046694985178,-0.5823426947407022,-0.6825780032393118
56.98,-0.5483604803960517,-0.5962778473856309,-0.6495736943434282
57.0,-0.564495920300706,-0.6153470036365859,-0.6094795709439843
57.02,-0.5554502948996118,-0.6048345200623415,-0.6263484399352137
57.04,-0.5424930477034502,-0.6133911927390521,-0.6199920545182288
57.06,-0.5542279130886533,-0.6209699599669957,-0.6231702472267212
57.08,-0.5251352259878372,-0.651529505240962,-0.5838095529138526
57.1,-0.5146227424135928,-0.6510405525165786,-0.5745194511505669
57.12,-0.5131558842404425,-0.6432173089264431,-0.5588729639702961
57.14,-0.48724138984811904,-0.6317269199034318,-0.4843076735018183
57.16,-0.4828408153286679,-0.6334382544387739,-0.47135042630565654
57.18,-0.5657183021116645,-0.7148488830486203,-0.5053326406503071
57.19,-0.6031231855269994,-0.7072701158206766,-0.5610732512300217
57.2,-0.5468936222229013,-0.6830669559636953,-0.5618066803165969
57.22,-0.48577453167496865,-0.6620419888152064,-0.5085108333587997
57.24,-0.4789291935336002,-0.6368609235094582,-0.4669498517862054
57.26,-0.5796534547565932,-0.6429728325642514,-0.5014210188552394
57.28,-0.6023897564404241,-0.664242276074932,-0.5334474223023561
57.3,-0.48993062983222807,-0.7297619411423157,-0.47306176084099866
57.32,-0.5615622039544051,-0.7102038321669774,-0.4835742444152431
57.34,-0.5652293493872811,-0.6405280689423342,-0.43296763744155486
57.36,-0.5055771170124989,-0.6104574763927513,-0.48699691348592733
57.38,-0.5979891819209731,-0.6745102832869847,-0.47037252085688963
57.4,-0.7568988173455978,-0.6664425633346576,-0.5539834367264616
57.42,-0.674265806924793,-0.7410078538031354,-0.5302692295938636
57.44,-0.5053326406503071,-0.6735323778382177,-0.4816184335177092
57.46,-0.6730434251138343,-0.5757418329615255,-0.4686611863215475
57.48,-0.7500534792042294,-0.5886990801576872,-0.5165785533111267
57.5,-0.6209699599669957,-0.6148580509122024,-0.539070378632766
57.52,-0.6126577636524768,-0.6295266326437062,-0.6366164471472664
57.54,-0.813128380649696,-0.6141246218256272,-0.6011673746294655
57.56,-0.8114170461143538,-0.5522721021911193,-0.5713412584420744
57.58,-0.6520184579653454,-0.5681630657335819,-0.5774531674968676
57.6,-0.7759679735965529,-0.604345567337958,-0.5921217492283715
57.62,-0.7796351190294288,-0.5576505821593375,-0.5622956330409803
57.64,-0.6493292179812364,-0.5305137059560554,-0.5478715276716682
57.66,-0.6691318033187666,-0.5378479968218073,-0.6023897564404241
57.68,-0.74589738104697,-0.5253797023500291,-0.6319713962656236
57.7,-0.7363628029214925,-0.47306176084099866,-0.5258686550744125
57.72,-0.7282950829691655,-0.49188644072976195,-0.5921217492283715
57.74,-0.736851755645876,-0.5376035204596156,-0.6671759924212327
57.76,-0.786724933532989,-0.4669498517862054,-0.5195122696574275
57.78,-0.7749900681477859,-0.38700608134950953,-0.5119335024294839
57.8,-0.7791461663050454,-0.47135042630565654,-0.6055679491489167
57.82,-0.8341533477981847,-0.4510588882437429,-0.5561837239861871
57.84,-0.8820707147877639,-0.4341900192525135,-0.538092473183999
57.86,-0.7324511811264248,-0.3936069431286862,-0.5371145677352321
57.88,-0.7762124499587446,-0.3989854230969043,-0.5808758365675518
57.9,-0.8896494820157076,-0.42905601564648715,-0.5899214619686459
57.92,-0.7414968065275188,-0.374782263239923,-0.617058338171928
57.94,-0.7026250649390337,-0.45374812822785193,-0.6312379671790483
57.96,-0.8050606606973688,-0.3892063686092351,-0.5757418329615255
57.98,-0.8260856278458576,-0.409253430308957,-0.6082571891330257
58.0,-0.7280506066069736,-0.3936069431286862,-0.632460348990007
58.02,-0.6747547596491764,-0.4070531430492314,-0.6004339455428903
58.04,-0.7480976683066956,-0.40216361580539683,-0.6190141490694618
58.06,-0.7749900681477859,-0.38700608134950953,-0.6077682364086422
58.08,-0.7593435809675152,-0.4077865721358066,-0.6412614980289093
58.1,-0.6745102832869847,-0.3808941722947162,-0.610701952754943
58.12,-0.7121596430645112,-0.4197659138832014,-0.6544632215872628
58.14,-0.7089814503560187,-0.35449072517800934,-0.6295266326437062
58.16,-0.7312287993154661,-0.41707667389909236,-0.674265806924793
58.17,-0.6583748433823304,-0.381138648656908,-0.5982336582831648
58.19,-0.7199828866546466,-0.4077865721358066,-0.6862451486721878
58.21,-0.7493200501176542,-0.43932402285853983,-0.6808666687039697
58.23,-0.6974910613330073,-0.3943403722152614,-0.6537297925006875
58.25,-0.7075145921828683,-0.41854353207224276,-0.6512850288787703
58.27,-0.6816000977905449,-0.3794273141215659,-0.635149588974116
58.29,-0.6803777159795862,-0.44323564465360754,-0.6776884759954772
58.31,-0.6994468722305413,-0.42489991748922773,-0.6776884759954772
58.33,-0.6940683922623231,-0.4520367936925098,-0.6686428505943831
58.35,-0.6591082724689057,-0.4226996302295022,-0.6214589126913791
58.37,-0.6957797267976652,-0.4395684992207316,-0.6576414142957553
58.39,-0.6559300797604132,-0.46157137181798735,-0.6549521743116462
58.41,-0.6363719707850747,-0.4649940408886716,-0.6287932035571311
58.43,-0.689667817742872,-0.46230480090456255,-0.6970021086086239
58.45,-0.6581303670201387,-0.4975093970601717,-0.6556856033982215
58.47,-0.6199920545182288,-0.4979983497845552,-0.6605751306420561
58.49,-0.6747547596491764,-0.47770681172264157,-0.5938330837637136
58.51,-0.7537206246371054,-0.5395593313571494,-0.715093359410812
58.53,-0.6556856033982215,-0.5659627784738563,-0.6319713962656236
58.55,-0.49995416068208903,-0.519023316933044,-0.6187696727072701
58.57,-0.6011673746294655,-0.494575680713871,-0.6627754179017816
58.59,-0.6625309415395899,-0.5872322219845368,-0.6864896250343795
58.61,-0.5979891819209731,-0.5828316474650858,-0.6710876142163005
58.63,-0.49922073159551383,-0.564495920300706,-0.5742749747883752
58.65,-0.5823426947407022,-0.5332029459401644,-0.6265929162974054
58.66,-0.5904104146930294,-0.6104574763927513,-0.642483879839868
58.68,-0.6011673746294655,-0.6036121382513828,-0.6581303670201387
58.7,-0.6344161598875409,-0.626103963573022,-0.6654646578858906
58.72,-0.5833206001894692,-0.6806221923417779,-0.698713443143966
58.74,-0.40974238303334043,-0.7014026831280751,-0.5926107019527549
58.76,-0.5576505821593375,-0.5270910368853712,-0.6867341013965712
58.78,-0.6730434251138343,-0.6994468722305413,-0.7092259267182104
58.8,-0.5160896005867432,-0.8361091586957186,-0.6730434251138343
58.82,-0.36989273599608835,-0.7537206246371054,-0.6327048253521987
58.84,-0.5251352259878372,-0.626103963573022,-0.7339180392995752
58.86,-0.5828316474650858,-0.8407542095773615,-0.7307398465910827
58.88,-0.3535128197292424,-0.9986859395532194,-0.6500626470678116
58.9,-0.2342083549796779,-0.8546893622222901,-0.6979800140573909
58.92,-0.30339516547993767,-0.724138984811906,-0.7067811630962931
58.94,-0.4381016410475812,-0.827552486019008,-0.7207163157412217
58.96,-0.49188644072976195,-0.9884179323411667,-0.6955352504354735
58.98,-0.39922989945909604,-1.1651743422057879,-0.6312379671790483
59.0,-0.333954710753904,-1.340219417535067,-0.4957980625248296
59.02,-0.32955413623445284,-1.3932707881306725,-0.4684167099593558
59.04,-0.07285395593313572,-1.1065000152797726,0.3363994743758213
59.06,0.3799162668459493,-1.131436604223329,0.715093359410812
59.08,0.15646487180270757,-1.596186168749809,0.4764844299116829
59.1,-0.1877578461632491,-1.591541117868166,0.4371237355988143
59.12,-0.16746630810133545,-1.4340983406166916,0.33199889985637016
59.14,-0.023714207132597868,-1.4558567368517557,0.20267090425694465
59.157,-0.057451945115056684,-1.2529413562326193,0.09705711579011704
59.177,-0.07798795953916206,-1.0387800629526633,-0.09925740304984261
59.197,0.003911621795067689,-1.0688506555022461,-0.2718577147572044
59.217,0.10439140665586896,-0.9952632704825352,-0.28530391467774957
59.237,0.1246829447177826,-0.7287840356935489,-0.2750359074656969
59.257,0.03911621795067689,-0.6263484399352137,-0.2772361947254225
59.277,-0.07823243590135379,-0.6737768542004094,-0.16184335177092565
59.297,-0.2755248601900804,-0.6554411270360296,-0.11881551202518106
59.317,-0.5625401094031721,-0.6373498762338417,0.05940775601259053
59.337,-1.1148122115942916,-0.2278519695626929,0.05965223237478226
59.357,-1.0495370228890994,0.04229441065916939,-0.023469730770406136
59.377,-0.8170400024447636,-0.014668581731503835,0.5561837239861871
59.397,-3.9123552241542643,-0.5659627784738563,0.6463955016349356
59.417,-5.409283989854231,-0.9825504996485652,0.2334749258931027
59.437,-0.6930904868135562,-0.9544357179965162,-0.10903645753751184
59.457,-0.37355988142896435,-0.6740213305626012,-2.222290132322831
59.477,1.3722458209821837,-0.3031506891177459,-0.8500443113406473
59.497,-0.28090334015829843,-1.6482596338966475,-0.10805855208874492
59.517,-0.68233352687712,-2.293921706445008,0.6102130000305596
59.537,0.6556856033982215,-1.7629190477645693,0.604345567337958
59.557,0.31244079088103166,-1.0617608409986858,0.36329187421691167
59.577,-0.05060660697368823,-1.0656724627937537,-0.019313632613146715
59.597,-0.1686886899122941,-1.1952449347553709,-0.3772270268618403
59.617,-0.10732512300216973,-0.998196986828836,-0.4733062372031904
59.627,-0.052562417871222074,-0.9769275433181555,-0.3972740885615622
59.64,-0.32515356171500165,-1.0686061791400543,-0.19240289704489197
59.66,-0.23640864223940347,-1.155150811355927,-0.08165510497203801
59.68,-0.15010848638572258,-0.9378113253674785,-0.14081838462243682
59.7,-0.24472083855392232,-0.8358646823335268,-0.11465941386792164
59.72,-0.0806771995232711,-1.152461571371818,-0.11221465024600434
59.74,-0.05305137059560554,-1.0573602664792348,-0.0831219631451884
59.76,-0.17284478806955353,-0.8446658313724291,-0.09681263942792531
59.78,-0.28114781652049015,-0.8769367111817375,-0.2070714787763958
59.8,-0.2263851113895425,-1.028023103016227,-0.16844421355010236
59.82,-0.13250618830791797,-1.080829997249641,-0.17162240625859487
59.84,-0.21856186779940714,-1.126058124255111,-0.13568438101641048
59.86,-0.1662439262903768,-0.9468569507685726,-0.1608654463221587
59.88,-0.3395776670843138,-0.8356202059713351,-0.22100663142132446
59.9,-0.20658252605201236,-1.0111542340249977,-0.1679552608257189
59.92,-0.21929529688598234,-1.0255783393943099,-0.14277419551997067
59.94,-0.31684136540048286,-1.022644623048009,-0.13788466827613605
59.96,-0.3060844054640467,-0.8507777404272224,-0.18555755890352352
59.98,-0.31244079088103166,-1.012621092198148,-0.24961036579775692
60.0,-0.2743024783791217,-1.1194572624759342,-0.30168383094459555
60.02,-0.24178712220762155,-1.0104208049384225,-0.21391681691776426
60.04,-0.37038168872047184,-1.0458698774562234,-0.2606118020963848
60.06,-0.4107202884821074,-1.157840051340036,-0.3471564343122574
60.08,-0.42807811019772024,-1.2042905601564649,-0.29875011459829476
60.1,-0.3642697796656786,-1.3123491122452098,-0.25498884576597497
60.12,-0.37282645234238915,-1.2744552761054915,-0.293127158267885
60.13,-0.362069492405953,-1.278611374262751,-0.47306176084099866
60.15,-0.18335727164379795,-1.2751887051920667,-0.2254072059407756
60.17,-0.3075512636371971,-1.4336093878923082,-0.43198973199278795
60.19,-0.1591541117868166,-1.4495003514347706,-0.6251260581242551
60.21,-0.0863001558536809,-1.4829936130550376,-0.7705894936283348
60.23,-0.2877486782996669,-1.2042905601564649,-0.730495370228891
60.25,-0.3498456742963665,-0.9363444671943282,-0.34348928887938146
60.27,-0.2454542676404975,-1.0170216667175993,0.14057390826024507
60.29,-0.014424105369312105,-1.1583290040644194,0.48577453167496865
60.31,0.026158970754515173,-1.1509947131986675,0.6701097087675335
60.33,-0.04816184335177093,-1.0796076154386822,0.6908901995538306
60.35,-0.07847691226354551,-0.9893958377899337,0.6258594872108303
60.37,-0.0975460685145005,-0.9576139107050087,0.568896494820157
60.39,-0.14595238822846315,-0.9431898053356966,0.5060660697368823
60.41,-0.16917764263667756,-0.9233872199981664,0.4520367936925098
60.43,-0.14693029367723007,-0.9004064419521437,0.38969532133361856
60.45,-0.14106286098462856,-0.8564006967576322,0.3483788161232161
60.47,-0.18800232252544083,-0.8446658313724291,0.3359105216514378
60.49,-0.2412981694832381,-0.8862268129450234,0.3099960272591144
60.51,-0.292149252819118,-0.9402560889893958,0.295816398251994
60.53,-0.3540017724536259,-0.9930629832228096,0.2877486782996669
60.55,-0.46083794273141215,-1.0994102007762123,0.26965742749747884
60.57,-0.6192586254316536,-1.2255600036671455,0.24643217308926443
60.59,-0.7815909299269627,-1.2859456651285028,0.2254072059407756
60.61,-0.8363536350579103,-1.2668765088775478,0.29923906732267824
60.62,-0.7155823121351954,-1.2336277236194726,0.409253430308957
60.64,-0.557161629434954,-1.2319163890841305,0.3630473978547199
60.66,-0.4669498517862054,-1.2082021819515325,0.2615897075451517
60.68,-0.4116981939308743,-1.1915777893224948,0.15059743911010604
60.7,-0.3750267396021147,-1.2201815236989273,0.0503621306114965
60.72,-0.317574794487058,-1.2223818109586528,-0.002444763621917306
60.74,-0.2574336093878923,-1.1891330257005777,-0.01295724719616172
60.76,-0.20878281331173792,-1.1250802188063442,0.027625828927665557
60.78,-0.22687406411392597,-1.079852091800874,0.08409986859395532
60.8,-0.29606087461418573,-1.0368242520551294,0.11368150841915473
60.82,-0.34422271796595666,-0.993551935947193,0.06771995232710937
60.84,-0.36915930690951315,-0.9879289796167833,0.011245912660819608
60.86,-0.3508235797451334,-0.962747914311035,0.001711334535342114
60.88,-0.2870152492130917,-0.8742474711976286,0.0014668581731503835
60.9,-0.21953977324817406,-0.7752345445099776,0.015157534455887297
60.92,-0.18506860617914006,-0.7148488830486203,0.03960517067506036
60.94,-0.15842068270024143,-0.7004247776793081,0.06674204687834245
60.96,-0.1317727592213428,-0.7253613666228647,0.08092167588546283
60.98,-0.10854750481312837,-0.7588546282431318,0.1215047520092901
61.0,-0.12932799559942548,-0.8312196314518839,0.13861809736271125
61.02,-0.19704794792653485,-0.9783944014913057,0.13446199920545182
61.04,-0.26965742749747884,-1.102588393484705,0.15817620633804969
61.06,-0.3077957399993888,-1.1072334443663479,0.201448522445986
61.08,-0.3229532744552761,-1.0556489319438926,0.24007578767227944
61.09,-0.3549796779023928,-1.0720288482107385,0.2503437948843321
61.11,-0.40191913944320506,-1.1480609968523667,0.24178712220762155
61.13,-0.450080982794976,-1.2243376218561868,0.22736301683830945
61.15,-0.44959203007059256,-1.1967117929285211,0.21367234055557252
61.17,-0.4241664884026526,-1.1404822296244232,0.2031598569813281
61.19,-0.37600464505088166,-1.114323258869908,0.2056046206032454
61.21,-0.3075512636371971,-1.0969654371542952,0.2029153806191364
61.23,-0.25229960578186594,-1.0468477829049903,0.20071509335941082
61.25,-0.25156617669529074,-1.0148213794578735,0.20927176603612138
61.27,-0.2635455184426856,-1.0106652813006143,0.20878281331173792
61.29,-0.25229960578186594,-0.9915961250496592,0.2102496714848883
61.31,-0.25645570393912537,-0.9744827796962381,0.2117165296580387
61.33,-0.26965742749747884,-0.9449011398710387,0.2134278641933808
61.35,-0.27210219111939615,-0.8994285365033768,0.2183173914372154
61.37,-0.2655013293402194,-0.859334413103933,0.2158726278152981
61.39,-0.2625676129939186,-0.8326864896250343,0.21049414784708004
61.41,-0.2618341839073435,-0.8163065733581885,0.20853833694954618
61.43,-0.25865599119885097,-0.8099501879412034,0.21440576964214772
61.45,-0.2635455184426856,-0.8231519114995569,0.21709500962625675
61.47,-0.2662347584267946,-0.8378204932310607,0.22589615866515905
61.49,-0.2635455184426856,-0.8620236530880421,0.2412981694832381
61.51,-0.2718577147572044,-0.9167863582189897,0.2596338966476179
61.53,-0.2899489655593925,-0.9832839287351404,0.28457048559117437
61.55,-0.3053509763774715,-1.0204443357882835,0.31684136540048286
61.57,-0.29801668551171956,-1.0197109067017083,0.37307092870458086
61.58,-0.289460012835009,-1.0551599792195092,0.4222106775051187
61.59,-0.2965498273385692,-1.1568621458912691,0.4241664884026526
61.61,-0.31684136540048286,-1.2148030437307094,0.41365400482840814
61.63,-0.34275585979280626,-1.0930538153592275,0.3828499831922501
61.65,-0.3525349142804755,-0.9485682853039147,0.35644653607554316
61.67,-0.34226690706842283,-0.915563976408031,0.35302386700485894
61.69,-0.3173303181248663,-0.9739938269718547,0.37135959416923875
61.71,-0.31708584176267457,-1.0397579684014302,0.39947437582128775
61.73,-0.32662041988815205,-1.0529596919597837,0.4195214375210097
61.75,-0.333954710753904,-1.0358463466063625,0.4261222993001864
61.77,-0.3354215689270544,-1.0458698774562234,0.41536533936375025
61.79,-0.349356721571983,-1.0837637135959417,0.396540659474987
61.81,-0.3877395104360847,-1.0886532408397762,0.37429331051553955
61.83,-0.4239220120404608,-1.0683617027778627,0.3664700669254041
61.85,-0.4222106775051187,-1.0893866699263515,0.37282645234238915
61.87,-0.421966201142927,-1.1448828041438743,0.3830944595544418
61.89,-0.4403019283073068,-1.162485102221679,0.3921400849555359
61.91,-0.46034899000702867,-1.1321700333099043,0.38969532133361856
61.93,-0.4835742444152431,-1.0832747608715583,0.3672034960119793
61.95,-0.4982428261467469,-1.026311768480885,0.3376218561867799
61.97,-0.4620603245423708,-0.9933074595850013,0.3461785288634905
61.99,-0.3940958958530697,-1.0881642881153928,0.39947437582128775
62.01,-0.3461785288634905,-1.1619961494972955,0.41389848119059985
62.03,-0.34422271796595666,-0.99452984139596,0.4278336338355285
62.05,-0.3596247287840357,-0.8483329768053052,0.42881153928429544
62.07,-0.35986920514622744,-0.8769367111817375,0.4217217247807353
62.08,-0.3657366378388289,-0.9307215108639183,0.41047581211991563
62.1,-0.38700608134950953,-0.8820707147877639,0.4148763866393668
62.12,-0.41218714665525774,-0.8097057115790117,0.421966201142927
62.14,-0.4324786847171714,-0.8101946643033952,0.4197659138832014
62.16,-0.4508144118815512,-0.8644684167099593,0.4090089539467653
62.18,-0.46890566268373923,-0.897472725605843,0.40191913944320506
62.2,-0.47697338263606637,-0.9004064419521437,0.3989854230969043
62.22,-0.47135042630565654,-0.9204535036518656,0.37453778687773126
62.24,-0.45839317910949484,-0.96910429972802,0.3549796779023928
62.26,-0.4662164226996302,-1.023622528496776,0.33297680530513707
62.28,-0.5006875897686642,-1.071539895486355,0.3029062127555542
62.3,-0.5476270513094765,-1.119946215200318,0.2461876967270727
62.32,-0.5684075420957736,-1.184243498456743,0.15377563181859855
62.34,-0.465482993613055,-1.236805916327965,0.1471747700394218
62.36,-0.34397824160376494,-1.2592977416496043,-0.005134003606026342
62.38,-0.40216361580539683,-1.22335971640742,-0.10341350120710203
62.4,-0.5439599058766006,-1.1558842404425023,-0.0799437704366959
62.42,-0.7265837484338233,-1.1365706078293554,-0.1334840937566849
62.44,-1.0950096262567612,-1.131436604223329,-0.23396387861748616
62.46,-1.5541362344528313,-1.0483146410781408,-0.3222198453687009
62.48,-1.8915136142774196,-0.9588362925159674,-0.33150994713198667
62.5,-1.8871130397579683,-0.9788833542156893,-0.35938025242184396
62.52,-1.6027870305289857,-1.1928001711334535,-0.2747914311035052
62.54,-1.2509855453350853,-1.4279864315618984,-0.13935152644928644
62.56,-1.1331479387586711,-1.3678452464627326,0.05109555969807169
62.58,-1.3025700577575405,-1.2316719127219387,0.18482412981694832
62.6,-1.4825046603306542,-1.2390062035876905,0.24863246034899
62.62,-1.5005959111328424,-1.311371206796443,0.289460012835009
62.64,-1.369312104635883,-1.3473092320386273,0.4180545793478593
62.66,-1.2526968798704274,-1.3761574427772514,0.478195764447025
62.68,-1.1805763530238669,-1.3707789628090334,0.5402927604437245
62.7,-1.082541331784983,-1.3651560064786237,0.5855208874491947
62.72,-1.0128655685603398,-1.3526877120068452,0.6322158726278153
62.74,-0.9140971182348806,-1.2705436543104238,0.6158359563609693
62.76,-0.8608012712770834,-1.1241023133575772,0.6148580509122024
62.78,-0.83488677688476,-1.0595605537389603,0.6143690981878189
62.8,-0.7793906426672371,-0.9783944014913057,0.5835650765516609
62.82,-0.7642331082113498,-0.8353757296091434,0.5728081166152248
62.84,-0.6889343886562967,-0.7383186138190263,0.48479662622620173
62.86,-0.5464046694985178,-0.6302600617302815,0.3972740885615622
62.88,-0.4226996302295022,-0.5170675060355102,0.37209302325581395
62.9,-0.434678971976897,-0.4686611863215475,0.42881153928429544
62.92,-0.5200012223818109,-0.48699691348592733,0.3960517067506035
62.94,-0.6295266326437062,-0.44714726644867525,0.2752803838278886
62.96,-0.8796259511658466,-0.34422271796595666,0.2134278641933808
62.98,-1.1072334443663479,-0.26916847477309536,0.08263301042080494
63.0,-1.0881642881153928,-0.15573144271613237,0.03862726522629343
63.02,-0.9722824924365125,-0.048406319713962656,-0.10732512300216973
63.04,-0.9343886562967942,0.04498365064327843,-0.21318338783118906
63.05,-0.9265654127066589,0.04522812700547016,-0.16428811539284294
63.07,-0.8749809002842037,0.04522812700547016,-0.19875928246187696
63.09,-0.7121596430645112,0.08556672676710571,-0.35840234697307705
63.11,-0.5214680805549613,0.1870244170766739,-0.5231794150903034
63.13,-0.321241939919934,0.3405555725330807,-0.6899122941050637
63.15,-0.28285915105583226,0.4953091098004462,-0.7229166030009473
63.17,-0.34031109617088895,0.5640069675763224,-0.6075237600464505
63.19,-0.295816398251994,0.5728081166152248,-0.5896769856064542
63.21,-0.27161323839501267,0.5019099715796229,-0.5994560400941233
63.23,-0.29703878006295265,0.4234330593160774,-0.6992023958683494
63.25,-0.295816398251994,0.42734468111114504,-0.7632552027625829
63.27,-0.3650032087522538,0.48944167710784464,-0.7977263698316169
63.29,-0.5576505821593375,0.5185343642086606,-0.7818354062891544
63.31,-0.6948018213488983,0.4933532989029123,-0.6992023958683494
63.33,-0.6774439996332854,0.49017510619441984,-0.6627754179017816
63.35,-0.6483513125324695,0.5160896005867432,-0.6703541851297252
63.37,-0.7278061302447819,0.5085108333587997,-0.6627754179017816
63.39,-0.7955260825718913,0.4955535861626379,-0.6412614980289093
63.41,-0.8035938025242184,0.513644836964826,-0.6021452800782324
63.43,-0.7896586498792898,0.5302692295938636,-0.5366256150108486
63.45,-0.8038382788864101,0.554472389450845,-0.5019099715796229
63.47,-0.8197292424288727,0.6334382544387739,-0.3877395104360847
63.49,-0.6872230541209546,0.5622956330409803,-0.4082755248601901
63.51,-0.679644286893011,0.5329584695779727,-0.34568957613910706
63.53,-0.6544632215872628,0.550805244017969,-0.28285915105583226
63.54,-0.5632735384897473,0.5732970693396082,-0.2469211258136479
63.56,-0.4816184335177092,0.6092350945817926,-0.2095162423983131
63.58,-0.4803960517067506,0.6419949271154846,-0.21391681691776426
63.6,-0.5994560400941233,0.6547076979494545,-0.31244079088103166
63.62,-0.7256058429850564,0.666931516059041,-0.3772270268618403
63.64,-0.7764569263209363,0.6901567704672554,-0.3508235797451334
63.66,-0.8133728570118877,0.7075145921828683,-0.3980075176481374
63.68,-0.8520001222381811,0.7102038321669774,-0.46157137181798735
63.7,-0.872047183937903,0.6798887632552028,-0.4630382299911377
63.72,-0.901139871038719,0.6818445741527366,-0.4403019283073068
63.74,-0.8894050056535159,0.6872230541209546,-0.43223420835497967
63.76,-0.8918497692754331,0.6507960761543868,-0.4363903065122391
63.78,-0.8735140421110533,0.6383277816826085,-0.43296763744155486
63.8,-0.8727806130244782,0.6344161598875409,-0.41781010298566756
63.82,-0.8762032820951624,0.6163249090853528,-0.39849647037252084
63.84,-0.868380038505027,0.6038566146135745,-0.3823610304678666
63.86,-0.8397763041285945,0.5874766983467286,-0.3623139687681447
63.88,-0.8150841915472298,0.5818537420163188,-0.3535128197292424
63.9,-0.8075054243192861,0.5696299239067323,-0.34348928887938146
63.92,-0.8077499006814779,0.5610732512300217,-0.3244201326284265
63.94,-0.8226629587751734,0.5620511566787886,-0.31317421996760686
63.96,-0.8277969623811997,0.550805244017969,-0.3173303181248663
63.98,-0.8165510497203802,0.547138098585093,-0.3180637472114415
64.0,-0.8133728570118877,0.5468936222229013,-0.3224643217308926
64.02,-0.8114170461143538,0.5493383858448186,-0.3327323289429453
64.04,-0.8214405769642148,0.547138098585093,-0.34080004889527243
64.06,-0.8292638205543501,0.5493383858448186,-0.34177795434403935
64.08,-0.8253521987592825,0.5542279130886533,-0.34813433976102437
64.1,-0.8204626715154478,0.5578950585215292,-0.3532683433670507
64.12,-0.8331754423494179,0.5515386731045442,-0.3659811142010207
64.14,-0.8297527732787336,0.5530055312776946,-0.3701372123582801
64.16,-0.8177734315313387,0.5600953457812547,-0.3645142560278703
64.18,-0.8128839042875042,0.564495920300706,-0.3637808269412951
64.2,-0.8263301042080494,0.563518014851939,-0.3654921614766372
64.22,-0.8317085841762675,0.5620511566787886,-0.3679369250985545
64.24,-0.8214405769642148,0.5686520184579653,-0.3606026342328026
64.26,-0.8243742933105155,0.5728081166152248,-0.3610915869571861
64.28,-0.832930965987226,0.5664517311982398,-0.35791339424869356
64.3,-0.8258411514836659,0.5708523057176909,-0.3513125324695168
64.32,-0.8158176206338049,0.5735415457017999,-0.3483788161232161
64.34,-0.8060385661461358,0.5713412584420744,-0.34813433976102437
64.36,-0.8082388534058613,0.5708523057176909,-0.3498456742963665
64.38,-0.8209516242398313,0.5706078293554991,-0.352045961556092
64.4,-0.8172844788069553,0.5708523057176909,-0.3469119579500657
64.42,-0.813128380649696,0.5759863093237173,-0.3500901506585582
64.44,-0.8314641078140758,0.5794089783944015,-0.35693548879992665
64.46,-0.8620236530880421,0.600678421905082,-0.3818720777434832
64.48,-0.9057849219203618,0.6534853161384958,-0.3950738013018366
64.5,-0.9287656999663845,0.6867341013965712,-0.3767380741374568
64.51,-0.9241206490847416,0.7006692540414998,-0.37111511780704703
64.52,-0.9316994163126853,0.7031140176634172,-0.34226690706842283
64.54,-0.9688598233658283,0.7138709775998533,-0.30119487822021207
64.56,-0.9920850777740428,0.6764660941845185,-0.26721266387556153
64.58,-1.0165327139932157,0.6644867524371237,-0.233230449530911
64.6,-0.9813281178376065,0.6811111450661614,-0.25865599119885097
64.62,-0.8960058674326926,0.7075145921828683,-0.29997249640925344
64.64,-0.878403569354888,0.7334290865751918,-0.34495614705253186
64.66,-0.9471014271307643,0.8053051370595605,-0.4671943281483971
64.68,-1.1810653057482505,0.9104299728020047,-0.8906273874644746
64.7,-1.4475445405372367,0.9233872199981664,-1.1192127861137426
64.72,-1.1419490877975735,0.8537114567735232,-0.9996638450019864
64.74,-0.6285487271949394,0.9087186382666625,-0.9661705833817192
64.76,-0.3469119579500657,0.9466124744063809,-0.8803593802524218
64.78,-0.29386058735446013,0.9915961250496592,-0.6104574763927513
64.8,-0.409253430308957,1.0194664303395164,-0.3606026342328026
64.82,-0.5168230296733185,1.0478256883537573,-0.31048497998349783
64.84,-0.4173211502612841,0.730495370228891,-0.2317635913577606
64.86,-0.16037649359777525,0.5043547352015402,0.057207468752864955
64.88,0.11734865385203068,0.5102221678941418,0.17797879167557987
64.9,0.2591449439232344,0.4789291935336002,0.055251657855331114
64.92,0.2261406350273508,0.31928612902240017,-0.035938025242184396
64.94,0.27039085658405404,0.2166060569018733,-0.017602298077804602
64.96,0.41927696115881796,0.12835009015065857,-0.07114262139779359
64.98,0.7630107264003911,0.08263301042080494,-0.24863246034899
65.0,0.9610365797756929,-0.0022002872597255752,-0.5055771170124989
65.018,0.855667267671057,0.1613543990465422,-0.3478898633988326
65.038,0.5089997860831831,0.32882070714787764,-0.24814350762460655
65.058,0.46034899000702867,0.38822846316046816,-0.38969532133361856
65.078,0.6644867524371237,0.36891483054732144,-0.45961556092045347
65.098,0.803104849799835,0.4087644775845735,-0.44176878648045714
65.118,0.8427100204748953,0.47257280811661523,-0.3789383613971824
65.138,0.8236408642239403,0.503621306114965,-0.3317544234941784
65.158,0.7769458790453198,0.5048436879259236,-0.3099960272591144
65.178,0.7852580753598386,0.5229349387281117,-0.3344436634782874
65.198,0.7764569263209363,0.5407817131681081,-0.32344222717965954
65.218,0.7532316719127219,0.5266020841609876,-0.27063533294624575
65.238,0.7133820248754699,0.5209791278305779,-0.22198453687009137
65.258,0.6877120068453382,0.5138893133270177,-0.23640864223940347
65.278,0.6725544723894509,0.5121779787916756,-0.2476545549002231
65.298,0.6534853161384958,0.5053326406503071,-0.22296244231885828
65.318,0.692357057726981,0.5583840112459126,-0.24007578767227944
65.338,0.7353848974727256,0.6148580509122024,-0.28750420193747517
65.358,0.7216942211899887,0.5615622039544051,-0.29532744552761053
65.378,0.6593527488310974,0.5574061057971458,-0.28188124560706534
65.398,0.6505515997921951,0.5794089783944015,-0.3180637472114415
65.418,0.6439507380130184,0.5478715276716682,-0.364758732390062
65.438,0.5613177275922134,0.5021544479418146,-0.35913577605965225
65.458,0.4997096843198973,0.48919720074565287,-0.3940958958530697
65.478,0.5483604803960517,0.503621306114965,-0.393851419490878
65.5,0.6412614980289093,0.5248907496256455,-0.33199889985637016
65.52,0.6256150108486386,0.5872322219845368,-0.3483788161232161
65.54,0.6058124255111084,0.5972557528343978,-0.3488677688475995
65.56,0.5757418329615255,0.6175472908963114,-0.37307092870458086
65.58,0.5938330837637136,0.658863796106714,-0.38505027045197565
65.6,0.6085016654952174,0.6962686795220487,-0.4209882956941601
65.62,0.5906548910552211,0.7194939339302631,-0.41463191027717505
65.64,0.5740304984261834,0.721449744827797,-0.42807811019772024
65.66,0.5569171530727622,0.6522629343275372,-0.47110594994346483
65.68,0.6239036763132965,0.6341716835253491,-0.4058307612382728
65.7,0.6992023958683494,0.6048345200623415,-0.3945848485774532
65.72,0.7028695413012255,0.4977538734223635,-0.42734468111114504
65.74,0.7561653882590227,0.43932402285853983,-0.42978944473306235
65.76,0.739540995629985,0.5121779787916756,-0.5405372368059164
65.78,0.7361183265593008,0.5764752620481007,-0.4943312043516792
65.8,0.8258411514836659,0.5955444182990557,-0.434678971976897
65.82,0.9522354307367906,0.6463955016349356,-0.3740488341533478
65.84,0.8598233658283164,0.5918772728661797,-0.4239220120404608
65.86,0.7172936466705375,0.5750084038749503,-0.5180454114842771
65.88,0.7148488830486203,0.5334474223023561,-0.41829905571005105
65.9,0.7850135989976469,0.48968615347003636,-0.27063533294624575
65.92,0.5442043822387923,0.27405800201693,-0.47061699721908135
65.94,0.3070623109128136,0.19338080249365888,-0.5080218806344161
65.96,0.402897044891972,0.21538367509091463,-0.41585429208813374
65.97,0.6564190324847966,0.20902728967392964,-0.24447636219173058
65.98,0.8099501879412034,0.2246737768542004,-0.11343703205696298
66.0,0.8314641078140758,0.3051065000152798,-0.1454634355040797
66.02,0.7023805885768419,0.2933716346300767,-0.44274669192922406
66.04,0.4339455428903218,0.3918956085933441,-0.6659536106102741
66.06,0.465482993613055,0.41634324481251717,-0.579897931118785
66.08,0.7053143049231427,0.4733062372031904,-0.5476270513094765
66.1,0.7818354062891544,0.4405464046694985,-0.4094979066711487
66.12,0.7253613666228647,0.46034899000702867,-0.2943495400788436
66.14,0.7185160284814962,0.4994652079577056,-0.32637594352596033
66.16,0.6710876142163005,0.7048253521987593,-0.3205085108333588
66.18,0.6916236286404058,0.6970021086086239,-0.43443449561470526
66.2,0.5366256150108486,0.7014026831280751,-0.3180637472114415
66.22,0.6554411270360296,0.6637533233505485,-0.34031109617088895
66.24,0.7136265012376616,0.6850227668612291,-0.03153745072273324
66.26,0.5505607676557772,0.5750084038749503,-0.3187971762980167
66.28,0.5713412584420744,0.521712556917153,-0.3799162668459493
66.3,0.5148672187757846,0.5322250404913975,-0.4378571646853895
66.32,0.5023989243040063,0.5776976438590594,-0.24520979127830578
66.34,0.48650796076154385,0.6375943525960334,-0.32808727806130245
66.36,0.4667053754240137,0.584298505638236,-0.43003392109525407
66.38,0.46181584818017907,0.6309934908168566,-0.3469119579500657
66.4,0.4444580264645662,0.7226721266387556,-0.2608562784585765
66.42,0.5948109892124805,0.878403569354888,-0.29850563823610304
66.44,0.7859915044464139,0.9353665617455612,-0.5178009351220854
66.46,0.74589738104697,0.8461326895455795,-0.7380741374568346
66.47,0.5791645020322097,0.8510222167894141,-0.6967576322464322
66.49,0.4645050881642881,0.890138434740091,-0.5542279130886533
66.51,0.39849647037252084,0.9456345689576139,-0.465482993613055
66.53,0.4109647648442991,0.9260764599822754,-0.4642606118020964
66.55,0.607034807322067,0.8123949515631207,-0.506310546099074
66.57,0.8282859151055832,0.9224093145493995,-0.2615897075451517
66.59,0.7820798826513461,1.117990404302784,-0.19166946795831677
66.61,0.49359777526510407,1.0400024447636218,-0.233230449530911
66.63,0.2254072059407756,1.027289673929652,-0.3740488341533478
66.65,0.014668581731503835,1.1727531094337316,-0.34226690706842283
66.67,0.03202640344711671,1.136081655104972,-0.3782049323106072
66.69,0.10268007212052685,1.0353573938819791,-0.3667145432875959
66.71,0.1447300064175045,1.0270451975674602,-0.4378571646853895
66.73,0.17797879167557987,0.9556580998074748,-0.4539926045900437
66.75,0.1814014607462641,0.8637349876233842,-0.4513033646059347
66.77,0.04889527243834611,0.7847691226354552,-0.42881153928429544
66.79,0.08507777404272224,0.7155823121351954,-0.28481496195336614
66.81,0.21049414784708004,0.7434526174250528,-0.21636158053968157
66.83,0.39874094673471255,0.7092259267182104,-0.23029673318461022
66.85,0.3087736454481557,0.6082571891330257,-0.23811997677474558
66.87,0.24203159856981327,0.6329493017143905,-0.17920117348653852
66.89,0.3476453870366409,0.6512850288787703,-0.18604651162790697
66.91,0.4679277572349723,0.5801424074809767,-0.19069156250954986
66.93,0.43223420835497967,0.47061699721908135,-0.2589004675610427
66.95,0.20095956972160253,0.41438743391498334,-0.3327323289429453
66.97,0.12443846835559087,0.4816184335177092,-0.21856186779940714
66.99,0.12761666106408337,0.47917366989579196,-0.13715123918956085
67.01,0.14252971915777893,0.44152431011826543,-0.2813922928826819
67.03,0.2271185404761177,0.481862909879901,-0.3398221434465055
67.05,0.280414387433915,0.48650796076154385,-0.3229532744552761
67.07,0.0647862359808086,0.4630382299911377,-0.15133086819668123
67.09,-0.09705711579011704,0.4046083794273141,0.03300430889588363
67.11,0.0022002872597255752,0.6960242031598569,-0.2789475292607646
67.13,-0.12883904287504203,0.7111817376157442,-0.4068086666870397
67.15,-0.44788069553525045,0.7084924976316352,-0.2628120893561104
67.17,-0.8986951074168016,0.7590991046053235,-0.2796809583473398
67.19,-0.8282859151055832,0.8163065733581885,-0.3877395104360847
67.21,-0.6224368181401461,0.8099501879412034,-0.38431684136540045
67.23,-0.7392965192677933,0.7847691226354552,-0.23811997677474558
67.25,-0.8434434495614705,0.6674204687834245,-0.16844421355010236
67.27,-0.9338997035724108,0.5420040949790667,-0.2589004675610427
67.29,-1.0725178009351222,0.44788069553525045,-0.3244201326284265
67.31,-1.1453717568682578,0.38969532133361856,-0.2750359074656969
67.33,-1.1316810805855209,0.3923845613177276,-0.30241726003117075
67.35,-1.1805763530238669,0.34813433976102437,-0.3471564343122574
67.37,-1.2509855453350853,0.40191913944320506,-0.48773034257250253
67.39,-1.240473061760841,0.5578950585215292,-0.6163249090853528
67.41,-1.1165235461296337,0.6608196070042478,-0.6735323778382177
67.43,-1.0385355865904715,0.6882009595697216,-0.6957797267976652
67.45,-1.0725178009351222,0.7062922103719097,-0.6412614980289093
67.47,-1.087186382666626,0.6539742688628793,-0.6001894691806986
67.49,-1.0813189499740243,0.5522721021911193,-0.5786755493078263
67.51,-1.0918314335482688,0.4588821318338783,-0.5376035204596156
67.53,-1.0541820737707424,0.3936069431286862,-0.47355071356538214
67.55,-0.9766830669559636,0.35986920514622744,-0.4075420957736149
67.57,-0.9316994163126853,0.32417565626623474,-0.34031109617088895
67.59,-0.9698377288145952,0.3165968890382911,-0.3063288818262384
67.61,-1.0353573938819791,0.34740091067444917,-0.28530391467774957
67.63,-1.0409803502123889,0.37233749961800566,-0.2246737768542004
67.65,-0.9837728814595239,0.3659811142010207,-0.17846774439996332
67.67,-0.963725819759802,0.34397824160376494,-0.21929529688598234
67.69,-0.9808391651132231,0.3532683433670507,-0.29679430370076093
67.71,-1.0275341502918436,0.38798398679827645,-0.3733154050667726
67.73,-1.145127280506066,0.40338599761635546,-0.3926290376799193
67.75,-1.0466033065427987,0.41047581211991563,-0.3628029214925282
67.77,-0.8796259511658466,0.3933624667664945,-0.34226690706842283
67.79,-0.7759679735965529,0.3892063686092351,-0.3063288818262384
67.81,-0.8304862023653088,0.38725055771170125,-0.34226690706842283
67.83,-0.9109189255263882,0.409253430308957,-0.380160743208141
67.85,-0.957369434342817,0.3525349142804755,-0.3762491214130734
67.87,-0.8972282492436512,0.38260550683005834,-0.35791339424869356
67.89,-0.8586009840173578,0.42563334657580293,-0.3469119579500657
67.91,-0.8598233658283164,0.4190324847966262,-0.3955627540262201
67.92,-0.859334413103933,0.41438743391498334,-0.4060752376004645
67.936,-0.8422210677505119,0.434678971976897,-0.35840234697307705
67.956,-0.772300828163677,0.4671943281483971,-0.32955413623445284
67.976,-0.7737676863368272,0.4708614735812731,-0.3246646089906182
67.996,-0.8229074351373651,0.4493475537084008,-0.31292974360541514
68.016,-0.874736423922012,0.4381016410475812,-0.31146288543226475
68.036,-0.9363444671943282,0.4214772484185435,-0.29532744552761053
68.056,-0.9925740304984262,0.45594841548757753,-0.292149252819118
68.076,-1.0187330012529414,0.4517923173303181,-0.293127158267885
68.096,-1.0732512300216972,0.4112092412064908,-0.3051065000152798
68.116,-1.0864529535800507,0.4239220120404608,-0.3046175472908963
68.136,-0.9972190813800691,0.43932402285853983,-0.28408153286679094
68.156,-1.0074870885921217,0.4645050881642881,-0.25449989304159154
68.176,-1.0906090517373102,0.4469027900864835,-0.22834092228707636
68.196,-1.1321700333099043,0.44739174281086697,-0.23958683494789598
68.216,-1.0739846591082725,0.4505699355193595,-0.2904379182837759
68.236,-1.0040644195214374,0.4112092412064908,-0.3332212816673288
68.256,-0.9456345689576139,0.3845613177275922,-0.3332212816673288
68.276,-0.8960058674326926,0.3452006234147236,-0.32417565626623474
68.296,-0.9060293982825536,0.29703878006295265,-0.3095070745347309
68.316,-0.9079852091800874,0.26012284937200136,-0.3046175472908963
68.336,-0.8788925220792715,0.2405647403966629,-0.293127158267885
68.356,-0.9089631146288543,0.21636158053968157,-0.2762582892766556
68.376,-1.0356018702441707,0.23860892949912904,-0.2757693365522721
68.396,-1.1162790697674418,0.22418482412981694,-0.2789475292607646
68.406,-1.1304586987745622,0.23543073679063656,-0.28432600922898266
68.428,-1.0050423249702045,0.2694129511352871,-0.31684136540048286
68.448,-0.9852397396326742,0.292149252819118,-0.3527793906426672
68.468,-0.9774164960425389,0.26892399841090364,-0.37771597958622377
68.488,-0.9761941142315802,0.25449989304159154,-0.3816276013812914
68.508,-1.0057757540567795,0.24667664945145615,-0.3672034960119793
68.528,-1.0057757540567795,0.22002872597255752,-0.35840234697307705
68.548,-1.0045533722458209,0.17944564984873024,-0.349356721571983
68.568,-0.9908626959630841,0.1821348898328393,-0.3376218561867799
68.588,-0.9879289796167833,0.1990037588240687,-0.33786633254897164
68.608,-0.9893958377899337,0.19607004247776794,-0.3452006234147236
68.628,-0.9823060232863735,0.18922470433639946,-0.35644653607554316
68.648,-0.9940408886715766,0.17993460257311372,-0.3791828377593741
68.668,-0.9903737432387005,0.18262384255722275,-0.3757601686886899
68.688,-0.9803502123888397,0.19411423158023408,-0.37160407053143046
68.708,-1.001864132261712,0.18677994071448217,-0.37160407053143046
68.728,-1.0277786266540354,0.17871222076215507,-0.38602817590074257
68.748,-1.0153103321822572,0.2126944351068056,-0.3914066558689607
68.768,-1.0285120557406107,0.25523332212816674,-0.39874094673471255
68.788,-1.0378021575038963,0.30046144913363687,-0.3926290376799193
68.808,-1.0730067536595056,0.32344222717965954,-0.4212327720563518
68.828,-1.0786297099899154,0.2618341839073435,-0.4361458301500474
68.848,-1.0695840845888214,0.25792256211227577,-0.44396907374018274
68.868,-1.0881642881153928,0.2508327476087156,-0.4324786847171714
68.888,-1.0910980044616936,0.20267090425694465,-0.4131650521040247
68.898,-1.065427986431562,0.19484766066680928,-0.424655441127036
