spi_time,water_temp_filtered,coil_temp_filtered,die_temp_filtered,temp_sensor_filtered_value,coil_temp_estimate,referenceSpeed_rpm,outputSpeed_rpm,dqCommand_imag,dqCommand_real,measurement_running,water_temp_estimate
0.0,0.2702702702702702,0.23484848484848486,0.24380165289256195,0.613682092555332,0.6,0.0,0.00046072333563695,0.0,0.9999999999999999,0.0,0.00038801047628285966
10.0,0.2567567567567568,0.2272727272727273,0.24380165289256195,0.613682092555332,0.6,0.0,0.00046072333563695,0.0,0.9999999999999999,0.0,0.0004850130953535746
20.0,0.5810810810810811,0.21212121212121215,0.5950413223140498,0.0,0.0,0.6162790697674418,0.6109191430545957,0.40671828171828167,0.7213771016813451,1.0,0.0
30.0,0.6756756756756757,0.21212121212121215,0.6528925619834713,0.5090543259557344,0.5972222222222222,0.6162790697674418,0.6106887813867772,0.40509490509490514,0.7229783827061649,1.0,0.0014550392860607237
40.0,0.6756756756756757,0.25,0.6528925619834713,0.5674044265593562,0.5972222222222222,0.6162790697674418,0.6106887813867772,0.40771728271728275,0.7197758206565251,1.0,0.0028130759530507325
50.0,0.6621621621621621,0.26515151515151514,0.669421487603306,0.6217303822937627,0.6,0.6162790697674418,0.6095369730476848,0.40671828171828167,0.7213771016813451,1.0,0.004268115239111457
60.0,0.6756756756756757,0.25,0.669421487603306,0.613682092555332,0.6,0.6162790697674418,0.6116102280580511,0.40372127872127866,0.7237790232185748,1.0,0.005626151906101465
70.0,0.6621621621621621,0.23484848484848486,0.669421487603306,0.619718309859155,0.6027777777777777,0.6162790697674418,0.6106887813867772,0.40546953046953044,0.722177742193755,1.0,0.007081191192162189
80.0,0.6756756756756757,0.26515151515151514,0.6611570247933884,0.6338028169014085,0.6027777777777777,0.6395348837209303,0.6334945865008063,0.4451798201798202,0.6829463570856684,1.0,0.008536230478222913
90.0,0.6621621621621621,0.2803030303030303,0.6611570247933884,0.6398390342052315,0.6083333333333334,0.6395348837209303,0.6341856715042616,0.4399350649350649,0.688550840672538,1.0,0.01008827238335435
100.0,0.6621621621621621,0.303030303030303,0.669421487603306,0.6418511066398391,0.6111111111111112,0.6395348837209303,0.6337249481686247,0.44118381618381614,0.6869495596477181,1.0,0.01164031428848579
110.0,0.6621621621621621,0.33333333333333326,0.669421487603306,0.647887323943662,0.6138888888888889,0.6395348837209303,0.6344160331720802,0.4416833166833167,0.6861489191353082,1.0,0.013289358812687944
120.0,0.6756756756756757,0.28787878787878785,0.669421487603306,0.653923541247485,0.6138888888888889,0.6395348837209303,0.6341856715042616,0.4474275724275724,0.6805444355484387,1.0,0.014841400717819381
130.0,0.6621621621621621,0.31060606060606055,0.6611570247933884,0.659959758551308,0.6138888888888889,0.6395348837209303,0.6337249481686247,0.4399350649350649,0.688550840672538,1.0,0.01639344262295082
140.0,0.6756756756756757,0.33333333333333326,0.6611570247933884,0.647887323943662,0.6138888888888889,0.6627906976744187,0.6558396682791984,0.4822677322677323,0.6461168935148118,1.0,0.01794548452808226
150.0,0.6756756756756757,0.303030303030303,0.6611570247933884,0.6579476861167003,0.6194444444444445,0.6627906976744187,0.65860400829302,0.47877122877122874,0.6501200960768614,1.0,0.019788534290425843
160.0,0.6756756756756757,0.3181818181818181,0.6611570247933884,0.6498993963782697,0.625,0.6627906976744187,0.6576825616217461,0.4805194805194805,0.6477181745396317,1.0,0.021534581433698713
170.0,0.6756756756756757,0.2803030303030303,0.6611570247933884,0.659959758551308,0.625,0.6627906976744187,0.6576825616217461,0.48176823176823175,0.6469175340272217,1.0,0.02328062857697158
180.0,0.6621621621621621,0.3712121212121211,0.6611570247933884,0.6458752515090543,0.625,0.6627906976744187,0.6560700299470168,0.47914585414585414,0.6493194555644515,1.0,0.02502667572024445
190.0,0.6621621621621621,0.3181818181818181,0.669421487603306,0.6639839034205232,0.6277777777777778,0.6627906976744187,0.6569914766182907,0.4845154845154845,0.643714971977582,1.0,0.026772722863517315
200.0,0.6756756756756757,0.2727272727272727,0.669421487603306,0.6659959758551308,0.6277777777777778,0.686046511627907,0.6814098134070491,0.5206043956043955,0.6084867894315451,1.0,0.028518770006790185
210.0,0.6621621621621621,0.33333333333333326,0.6611570247933884,0.6720321931589538,0.6333333333333333,0.686046511627907,0.6791061967288643,0.5283466533466534,0.6004803843074459,1.0,0.0305558250072752
220.0,0.6756756756756757,0.36363636363636354,0.669421487603306,0.6579476861167003,0.6361111111111112,0.686046511627907,0.6800276434001382,0.5224775224775224,0.6060848678943154,1.0,0.0324958773886895
230.0,0.6621621621621621,0.33333333333333326,0.669421487603306,0.6579476861167003,0.638888888888889,0.686046511627907,0.6800276434001382,0.5219780219780219,0.6068855084067253,1.0,0.0344359297701038
240.0,0.6756756756756757,0.3712121212121211,0.669421487603306,0.6700201207243461,0.638888888888889,0.686046511627907,0.6788758350610459,0.5224775224775224,0.6060848678943154,1.0,0.03637598215151809
250.0,0.6756756756756757,0.3787878787878787,0.6611570247933884,0.6740442655935615,0.6416666666666667,0.686046511627907,0.6791061967288643,0.5246003996003996,0.6044835868694955,1.0,0.03831603453293239
260.0,0.6621621621621621,0.33333333333333326,0.6611570247933884,0.6780684104627768,0.6416666666666667,0.7093023255813954,0.7028334485141672,0.5676823176823176,0.5620496397117694,1.0,0.0403530895334174
270.0,0.6756756756756757,0.3484848484848484,0.6611570247933884,0.6740442655935615,0.6472222222222223,0.7093023255813954,0.7032941718498041,0.566058941058941,0.5636509207365892,1.0,0.04248714715297313
280.0,0.6756756756756757,0.3484848484848484,0.669421487603306,0.6800804828973843,0.65,0.7093023255813954,0.7032941718498041,0.5651848151848151,0.5636509207365892,1.0,0.044718207391599575
290.0,0.6756756756756757,0.38636363636363624,0.6818181818181821,0.688128772635815,0.6527777777777778,0.7093023255813954,0.7026030868463488,0.566058941058941,0.5636509207365892,1.0,0.04694926763022602
300.0,0.6621621621621621,0.3939393939393938,0.6818181818181821,0.6981891348088531,0.6527777777777778,0.7093023255813954,0.7023727251785303,0.5643106893106893,0.5644515612489991,1.0,0.049180327868852465
310.0,0.6756756756756757,0.3712121212121211,0.669421487603306,0.7002012072434608,0.6527777777777778,0.7093023255813954,0.7028334485141672,0.5655594405594406,0.5636509207365892,1.0,0.05131438548840819
320.0,0.6756756756756757,0.3181818181818181,0.6818181818181821,0.6921529175050303,0.6527777777777778,0.6976744186046512,0.6929278967979728,0.5415834165834166,0.587670136108887,1.0,0.05344844310796392
330.0,0.6621621621621621,0.35606060606060597,0.6611570247933884,0.6861167002012073,0.6527777777777778,0.6976744186046512,0.691545726791062,0.5447052947052946,0.5844675740592473,1.0,0.05558250072751965
340.0,0.6756756756756757,0.3712121212121211,0.6818181818181821,0.6780684104627768,0.65,0.6976744186046512,0.6924671734623359,0.5433316683316682,0.5860688550840671,1.0,0.05761955572800466
350.0,0.6756756756756757,0.35606060606060597,0.6818181818181821,0.6841046277665996,0.65,0.6976744186046512,0.691545726791062,0.5415834165834166,0.587670136108887,1.0,0.05955960810941896
360.0,0.6621621621621621,0.41666666666666674,0.6818181818181821,0.682092555331992,0.65,0.6976744186046512,0.6901635567841511,0.5484515484515484,0.5804643714971977,1.0,0.06159666310990397
370.0,0.6756756756756757,0.34090909090909083,0.6900826446280992,0.688128772635815,0.65,0.6976744186046512,0.691545726791062,0.5393356643356644,0.5900720576461168,1.0,0.06363371811038898
380.0,0.6756756756756757,0.3484848484848484,0.6818181818181821,0.682092555331992,0.65,0.686046511627907,0.6802580050679566,0.517982017982018,0.610888710968775,1.0,0.06557377049180328
390.0,0.6756756756756757,0.4015151515151514,0.6900826446280992,0.682092555331992,0.65,0.686046511627907,0.6786454733932273,0.5246003996003996,0.6044835868694955,1.0,0.06751382287321758
400.0,0.6756756756756757,0.36363636363636354,0.6818181818181821,0.6800804828973843,0.6472222222222223,0.686046511627907,0.6797972817323197,0.517982017982018,0.610888710968775,1.0,0.06935687263556116
410.0,0.6756756756756757,0.3257575757575757,0.6818181818181821,0.682092555331992,0.6472222222222223,0.686046511627907,0.6807187284035936,0.5197302697302697,0.609287429943955,1.0,0.07119992239790475
420.0,0.6891891891891893,0.38636363636363624,0.6818181818181821,0.6841046277665996,0.6444444444444445,0.686046511627907,0.6793365583966828,0.5206043956043955,0.6084867894315451,1.0,0.07313997477931905
430.0,0.6891891891891893,0.38636363636363624,0.6983471074380168,0.6861167002012073,0.6444444444444445,0.686046511627907,0.6800276434001382,0.5192307692307692,0.609287429943955,1.0,0.07498302454166263
440.0,0.6756756756756757,0.34090909090909083,0.6818181818181821,0.6780684104627768,0.6472222222222223,0.6744186046511629,0.6687399216770329,0.4948801198801199,0.6333066453162529,1.0,0.07682607430400622
450.0,0.6756756756756757,0.3257575757575757,0.6900826446280992,0.6700201207243461,0.6444444444444445,0.6744186046511629,0.6692006450126698,0.49999999999999994,0.6293034427542032,1.0,0.07857212144727908
460.0,0.6756756756756757,0.3484848484848484,0.6900826446280992,0.6700201207243461,0.6444444444444445,0.6744186046511629,0.6692006450126698,0.5004995004995005,0.6285028022417933,1.0,0.08031816859055195
470.0,0.6756756756756757,0.35606060606060597,0.6900826446280992,0.6720321931589538,0.6416666666666667,0.6744186046511629,0.6680488366735775,0.49925074925074925,0.6293034427542032,1.0,0.0819672131147541
480.0,0.6891891891891893,0.4015151515151514,0.6983471074380168,0.6861167002012073,0.6416666666666667,0.6744186046511629,0.6671273900023036,0.5032467532467533,0.6261008807045636,1.0,0.08371326025802697
490.0,0.6891891891891893,0.40909090909090917,0.6900826446280992,0.6941649899396379,0.6416666666666667,0.6744186046511629,0.6678184750057591,0.5044955044955044,0.6244995996797438,1.0,0.08545930740129984
500.0,0.6891891891891893,0.34090909090909083,0.6900826446280992,0.7022132796780685,0.6416666666666667,0.6627906976744187,0.6579129232895646,0.4826423576423577,0.6461168935148118,1.0,0.0872053545445727
510.0,0.6891891891891893,0.3787878787878787,0.6900826446280992,0.6861167002012073,0.6416666666666667,0.6627906976744187,0.6546878599401059,0.4845154845154845,0.643714971977582,1.0,0.08875739644970415
520.0,0.6756756756756757,0.3484848484848484,0.6900826446280992,0.6861167002012073,0.638888888888889,0.6627906976744187,0.6565307532826538,0.4796453546453547,0.6485188150520416,1.0,0.09040644097390631
530.0,0.6756756756756757,0.3484848484848484,0.6983471074380168,0.6700201207243461,0.638888888888889,0.6627906976744187,0.6569914766182907,0.4852647352647353,0.6429143314651721,1.0,0.09195848287903774
540.0,0.6891891891891893,0.3484848484848484,0.6818181818181821,0.682092555331992,0.638888888888889,0.6627906976744187,0.6581432849573831,0.47652347652347654,0.6517213771016812,1.0,0.0936075274032399
550.0,0.6756756756756757,0.36363636363636354,0.6900826446280992,0.6700201207243461,0.638888888888889,0.6627906976744187,0.6560700299470168,0.4805194805194805,0.6477181745396317,1.0,0.09515956930837133
560.0,0.6891891891891893,0.3181818181818181,0.6818181818181821,0.6780684104627768,0.638888888888889,0.6511627906976745,0.6463948398986409,0.46166333666333664,0.66613290632506,1.0,0.09671161121350277
570.0,0.6756756756756757,0.33333333333333326,0.6900826446280992,0.6740442655935615,0.6361111111111112,0.6511627906976745,0.6459341165630039,0.4604145854145854,0.6677341873498799,1.0,0.0981666504995635
580.0,0.6891891891891893,0.3712121212121211,0.6900826446280992,0.6780684104627768,0.6361111111111112,0.6511627906976745,0.6459341165630039,0.4577922077922078,0.6701361088871096,1.0,0.09962168978562422
590.0,0.6891891891891893,0.36363636363636354,0.6818181818181821,0.6680080482897385,0.6361111111111112,0.6511627906976745,0.6443215848882746,0.4621628371628372,0.66613290632506,1.0,0.10107672907168494
600.0,0.6891891891891893,0.34090909090909083,0.6818181818181821,0.6680080482897385,0.6361111111111112,0.6511627906976745,0.6466252015664593,0.45616883116883117,0.6717373899119294,1.0,0.10253176835774566
610.0,0.6891891891891893,0.303030303030303,0.6818181818181821,0.6680080482897385,0.6361111111111112,0.6511627906976745,0.6466252015664593,0.45991508491508487,0.6677341873498799,1.0,0.10398680764380638
620.0,0.6891891891891893,0.31060606060606055,0.6818181818181821,0.6740442655935615,0.6361111111111112,0.6395348837209303,0.6339553098364432,0.44080919080919084,0.687750200160128,1.0,0.10544184692986712
630.0,0.6891891891891893,0.34090909090909083,0.6818181818181821,0.6680080482897385,0.6333333333333333,0.6395348837209303,0.6332642248329878,0.4443056943056943,0.6837469975980783,1.0,0.10679988359685712
640.0,0.6891891891891893,0.33333333333333326,0.6900826446280992,0.6659959758551308,0.6333333333333333,0.6395348837209303,0.6344160331720802,0.43643856143856147,0.6917534027221777,1.0,0.10815792026384713
650.0,0.6756756756756757,0.38636363636363624,0.669421487603306,0.6740442655935615,0.6305555555555555,0.6395348837209303,0.6334945865008063,0.4416833166833167,0.6861489191353082,1.0,0.10941895431176643
660.0,0.6891891891891893,0.35606060606060597,0.669421487603306,0.6760563380281691,0.6305555555555555,0.6395348837209303,0.6341856715042616,0.43818681318681313,0.6901521216973578,1.0,0.11077699097875643
670.0,0.6891891891891893,0.3484848484848484,0.6818181818181821,0.6780684104627768,0.6305555555555555,0.6395348837209303,0.6332642248329878,0.4429320679320679,0.6853482786228982,1.0,0.11213502764574644
680.0,0.6891891891891893,0.3257575757575757,0.6818181818181821,0.6720321931589538,0.6305555555555555,0.6325581395348837,0.6270444598018889,0.4346903096903097,0.6933546837469975,1.0,0.11349306431273645
690.0,0.6756756756756757,0.3712121212121211,0.6818181818181821,0.6639839034205232,0.6305555555555555,0.6325581395348837,0.6258926514627966,0.4299450549450549,0.6981585268214571,1.0,0.11475409836065574
700.0,0.6891891891891893,0.36363636363636354,0.6900826446280992,0.6579476861167003,0.6305555555555555,0.6325581395348837,0.6268140981340705,0.4299450549450549,0.6981585268214571,1.0,0.11591812978950432
710.0,0.6891891891891893,0.3484848484848484,0.6900826446280992,0.653923541247485,0.6305555555555555,0.6325581395348837,0.6270444598018889,0.4325674325674325,0.6957566052842272,1.0,0.11717916383742362
720.0,0.6891891891891893,0.35606060606060597,0.6818181818181821,0.6619718309859155,0.6305555555555555,0.6325581395348837,0.6272748214697075,0.4299450549450549,0.6981585268214571,1.0,0.11844019788534291
730.0,0.6891891891891893,0.3181818181818181,0.6818181818181821,0.6700201207243461,0.6305555555555555,0.6325581395348837,0.6272748214697075,0.4286963036963037,0.698959167333867,1.0,0.11970123193326221
740.0,0.6891891891891893,0.34090909090909083,0.6818181818181821,0.6720321931589538,0.6305555555555555,0.6255813953488373,0.6194425247638793,0.41858141858141856,0.709367493995196,1.0,0.1209622659811815
750.0,0.6891891891891893,0.3257575757575757,0.6818181818181821,0.6659959758551308,0.6305555555555555,0.6255813953488373,0.6194425247638793,0.4154595404595404,0.7125700560448358,1.0,0.12212629741003007
760.0,0.6891891891891893,0.31060606060606055,0.6818181818181821,0.6579476861167003,0.6305555555555555,0.6255813953488373,0.6203639714351532,0.41371128871128876,0.7141713370696556,1.0,0.12329032883887865
770.0,0.6756756756756757,0.28787878787878785,0.6818181818181821,0.6559356136820926,0.6305555555555555,0.6255813953488373,0.6210550564386086,0.41820679320679316,0.709367493995196,1.0,0.12445436026772724
780.0,0.6891891891891893,0.31060606060606055,0.6818181818181821,0.6579476861167003,0.6305555555555555,0.6255813953488373,0.6208246947707902,0.4168331668331668,0.710968775020016,1.0,0.12561839169657582
790.0,0.6891891891891893,0.303030303030303,0.669421487603306,0.6619718309859155,0.6305555555555555,0.6255813953488373,0.6210550564386086,0.41333666333666336,0.7141713370696556,1.0,0.12687942574449512
800.0,0.6891891891891893,0.34090909090909083,0.6818181818181821,0.6659959758551308,0.6305555555555555,0.6186046511627907,0.6113798663902327,0.40184815184815187,0.7261809447558045,1.0,0.1280434571733437
810.0,0.6891891891891893,0.303030303030303,0.6900826446280992,0.6720321931589538,0.6277777777777778,0.6186046511627907,0.6134531214005989,0.40184815184815187,0.7261809447558045,1.0,0.12911048598312155
820.0,0.6891891891891893,0.3181818181818181,0.6818181818181821,0.6760563380281691,0.6277777777777778,0.6186046511627907,0.6132227597327804,0.40546953046953044,0.722177742193755,1.0,0.1301775147928994
830.0,0.6891891891891893,0.3787878787878787,0.6818181818181821,0.6700201207243461,0.6277777777777778,0.6186046511627907,0.6132227597327804,0.4063436563436564,0.7213771016813451,1.0,0.13134154622174798
840.0,0.6891891891891893,0.33333333333333326,0.6818181818181821,0.6659959758551308,0.6277777777777778,0.6186046511627907,0.6116102280580511,0.4090909090909091,0.7189751801441152,1.0,0.13240857503152587
850.0,0.6891891891891893,0.2954545454545454,0.669421487603306,0.6659959758551308,0.6305555555555555,0.6186046511627907,0.612992398064962,0.40584415584415584,0.722177742193755,1.0,0.13347560384130372
860.0,0.6891891891891893,0.36363636363636354,0.669421487603306,0.659959758551308,0.6305555555555555,0.6116279069767442,0.6058511863625893,0.39622877122877126,0.7309847878302641,1.0,0.1346396352701523
870.0,0.6756756756756757,0.3257575757575757,0.6818181818181821,0.6559356136820926,0.6277777777777778,0.6116279069767442,0.6053904630269523,0.3946053946053946,0.732586068855084,1.0,0.13560966146085945
880.0,0.6891891891891893,0.33333333333333326,0.6818181818181821,0.6458752515090543,0.6277777777777778,0.6116279069767442,0.6053904630269523,0.39760239760239763,0.7301841473178542,1.0,0.1366766902706373
890.0,0.6891891891891893,0.2954545454545454,0.6818181818181821,0.6498993963782697,0.6277777777777778,0.6116279069767442,0.6053904630269523,0.39810189810189806,0.7293835068054443,1.0,0.1377437190804152
900.0,0.6756756756756757,0.3181818181818181,0.6818181818181821,0.6619718309859155,0.6277777777777778,0.6116279069767442,0.6058511863625893,0.3946053946053946,0.732586068855084,1.0,0.13881074789019304
910.0,0.6891891891891893,0.36363636363636354,0.6818181818181821,0.6659959758551308,0.6305555555555555,0.6116279069767442,0.6063119096982262,0.39498001998002,0.7317854283426741,1.0,0.1397807740809002
920.0,0.6756756756756757,0.3484848484848484,0.669421487603306,0.6619718309859155,0.6305555555555555,0.6093023255813954,0.6044690163556784,0.3884865134865135,0.7389911929543633,1.0,0.14084780289067805
930.0,0.6756756756756757,0.34090909090909083,0.6818181818181821,0.653923541247485,0.6277777777777778,0.6093023255813954,0.6040082930200414,0.3911088911088911,0.7357886309047237,1.0,0.1418178290813852
940.0,0.6756756756756757,0.31060606060606055,0.6900826446280992,0.6519114688128773,0.6277777777777778,0.6093023255813954,0.6044690163556784,0.39023476523476525,0.7365892714171336,1.0,0.14288485789116306
950.0,0.6891891891891893,0.2803030303030303,0.6818181818181821,0.6579476861167003,0.6305555555555555,0.6093023255813954,0.6030868463487675,0.3884865134865135,0.7389911929543633,1.0,0.14385488408187022
960.0,0.6891891891891893,0.3257575757575757,0.669421487603306,0.6498993963782697,0.6305555555555555,0.6093023255813954,0.6035475696844045,0.3918581418581419,0.7349879903923138,1.0,0.14482491027257738
970.0,0.6756756756756757,0.3181818181818181,0.669421487603306,0.653923541247485,0.6305555555555555,0.6093023255813954,0.6028564846809491,0.3923576423576423,0.7349879903923138,1.0,0.1457949364632845
980.0,0.6891891891891893,0.2803030303030303,0.669421487603306,0.6639839034205232,0.6305555555555555,0.6069767441860465,0.6017046763418566,0.3884865134865135,0.7389911929543633,1.0,0.14676496265399167
990.0,0.6891891891891893,0.31060606060606055,0.669421487603306,0.6700201207243461,0.6305555555555555,0.6069767441860465,0.6023957613453121,0.3911088911088911,0.7357886309047237,1.0,0.14773498884469882
1000.0,0.6891891891891893,0.31060606060606055,0.6818181818181821,0.6659959758551308,0.6305555555555555,0.6069767441860465,0.6019350380096752,0.38499000999000993,0.7421937550040031,1.0,0.14870501503540595
1010.0,0.6756756756756757,0.2954545454545454,0.6818181818181821,0.653923541247485,0.6333333333333333,0.6069767441860465,0.6017046763418566,0.38586413586413587,0.7413931144915932,1.0,0.1496750412261131
1020.0,0.6756756756756757,0.3181818181818181,0.6611570247933884,0.653923541247485,0.6305555555555555,0.6069767441860465,0.6026261230131306,0.3871128871128871,0.7397918334667734,1.0,0.15064506741682027
1030.0,0.6891891891891893,0.303030303030303,0.669421487603306,0.653923541247485,0.6333333333333333,0.6069767441860465,0.6014743146740382,0.38798701298701294,0.7389911929543633,1.0,0.15161509360752742
1040.0,0.6891891891891893,0.303030303030303,0.6818181818181821,0.6619718309859155,0.6333333333333333,0.6046511627906977,0.599401059663672,0.39023476523476525,0.7365892714171336,1.0,0.15258511979823455
1050.0,0.6891891891891893,0.3257575757575757,0.669421487603306,0.6659959758551308,0.6333333333333333,0.6046511627906977,0.599401059663672,0.38311688311688313,0.743795036028823,1.0,0.1535551459889417
1060.0,0.6756756756756757,0.3181818181818181,0.669421487603306,0.6740442655935615,0.6333333333333333,0.6046511627906977,0.598940336328035,0.3884865134865135,0.7389911929543633,1.0,0.15442816956057814
1070.0,0.6756756756756757,0.2803030303030303,0.669421487603306,0.6740442655935615,0.6333333333333333,0.6046511627906977,0.5991706979958534,0.3814935064935065,0.7453963170536428,1.0,0.1553981957512853
1080.0,0.6891891891891893,0.2727272727272727,0.6818181818181821,0.6659959758551308,0.6333333333333333,0.6046511627906977,0.5987099746602166,0.3841158841158841,0.7429943955164131,1.0,0.15636822194199243
1090.0,0.6756756756756757,0.303030303030303,0.6818181818181821,0.6579476861167003,0.6361111111111112,0.6046511627906977,0.598940336328035,0.3811188811188811,0.7461969575660528,1.0,0.1572412455136289
1100.0,0.6891891891891893,0.303030303030303,0.669421487603306,0.6519114688128773,0.6361111111111112,0.627906976744186,0.6226675881133379,0.4198301698301698,0.7077662129703762,1.0,0.15821127170433602
1110.0,0.6891891891891893,0.3181818181818181,0.669421487603306,0.6458752515090543,0.638888888888889,0.627906976744186,0.6212854181064271,0.42382617382617377,0.7037630104083266,1.0,0.1593753031331846
1120.0,0.6891891891891893,0.303030303030303,0.669421487603306,0.6458752515090543,0.6416666666666667,0.627906976744186,0.6233586731167934,0.4194555444555445,0.7085668534827861,1.0,0.16044233194296248
1130.0,0.6756756756756757,0.3257575757575757,0.6818181818181821,0.6438631790744467,0.6444444444444445,0.627906976744186,0.6217461414420641,0.4242007992007992,0.7037630104083266,1.0,0.16160636337181106
1140.0,0.6756756756756757,0.303030303030303,0.6818181818181821,0.653923541247485,0.6444444444444445,0.627906976744186,0.6235890347846118,0.42107892107892103,0.7061649319455563,1.0,0.1626733921815889
1150.0,0.6891891891891893,0.3257575757575757,0.669421487603306,0.6498993963782697,0.6444444444444445,0.627906976744186,0.6212854181064271,0.42782217782217785,0.699759807846277,1.0,0.16374042099136676
1160.0,0.6891891891891893,0.3181818181818181,0.6818181818181821,0.6619718309859155,0.6472222222222223,0.6511627906976745,0.6447823082239116,0.4604145854145854,0.6677341873498799,1.0,0.16490445242021537
1170.0,0.6891891891891893,0.31060606060606055,0.6611570247933884,0.6579476861167003,0.6527777777777778,0.6511627906976745,0.6461644782308223,0.4621628371628372,0.66613290632506,1.0,0.16616548646813464
1180.0,0.6891891891891893,0.31060606060606055,0.669421487603306,0.6579476861167003,0.6555555555555556,0.6511627906976745,0.6468555632342778,0.4604145854145854,0.6677341873498799,1.0,0.16742652051605394
1190.0,0.6891891891891893,0.2803030303030303,0.6611570247933884,0.653923541247485,0.6555555555555556,0.6511627906976745,0.6468555632342778,0.4577922077922078,0.6701361088871096,1.0,0.16878455718304394
1200.0,0.6891891891891893,0.34090909090909083,0.6818181818181821,0.6579476861167003,0.6583333333333333,0.6511627906976745,0.6447823082239116,0.463036963036963,0.6645316253002401,1.0,0.17004559123096324
1210.0,0.6756756756756757,0.33333333333333326,0.6818181818181821,0.6619718309859155,0.6611111111111111,0.6511627906976745,0.6452430315595484,0.46091408591408595,0.6669335468374699,1.0,0.17130662527888255
1220.0,0.6891891891891893,0.3181818181818181,0.669421487603306,0.6579476861167003,0.6611111111111111,0.6744186046511629,0.6567611149504722,0.5071178821178821,0.6220976781425139,1.0,0.17266466194587254
1230.0,0.6891891891891893,0.3787878787878787,0.6818181818181821,0.6659959758551308,0.6666666666666667,0.6744186046511629,0.6687399216770329,0.49962537462537465,0.6293034427542032,1.0,0.17411970123193327
1240.0,0.6891891891891893,0.3712121212121211,0.6818181818181821,0.6740442655935615,0.6666666666666667,0.6744186046511629,0.6673577516701221,0.5009990009990011,0.6277021617293834,1.0,0.175574740517994
1250.0,0.6891891891891893,0.3484848484848484,0.6818181818181821,0.682092555331992,0.6722222222222223,0.6744186046511629,0.6682791983413959,0.5023726273726274,0.6269015212169735,1.0,0.17712678242312543
1260.0,0.6891891891891893,0.35606060606060597,0.669421487603306,0.682092555331992,0.6722222222222223,0.6744186046511629,0.6664363049988482,0.5036213786213786,0.6253002401921537,1.0,0.17858182170918616
1270.0,0.6891891891891893,0.28787878787878785,0.6900826446280992,0.6700201207243461,0.6722222222222223,0.6744186046511629,0.6682791983413959,0.49962537462537465,0.6293034427542032,1.0,0.1801338636143176
1280.0,0.6891891891891893,0.34090909090909083,0.6900826446280992,0.6680080482897385,0.675,0.6744186046511629,0.6687399216770329,0.5036213786213786,0.6253002401921537,1.0,0.18158890290037832
1290.0,0.6756756756756757,0.34090909090909083,0.6818181818181821,0.6740442655935615,0.6805555555555556,0.6976744186046512,0.6922368117945173,0.5398351648351649,0.5892714171337069,1.0,0.1833349500436512
1300.0,0.6891891891891893,0.3939393939393938,0.6900826446280992,0.6800804828973843,0.6861111111111111,0.6976744186046512,0.6899331951163327,0.5438311688311688,0.5852682145716572,1.0,0.18508099718692406
1310.0,0.6891891891891893,0.3257575757575757,0.6818181818181821,0.6800804828973843,0.6888888888888889,0.6976744186046512,0.691545726791062,0.5407092907092907,0.5884707766212969,1.0,0.1867300417111262
1320.0,0.6891891891891893,0.3484848484848484,0.6900826446280992,0.6740442655935615,0.6888888888888889,0.6976744186046512,0.6922368117945173,0.5433316683316682,0.5860688550840671,1.0,0.1884760888543991
1330.0,0.6891891891891893,0.35606060606060597,0.6900826446280992,0.6740442655935615,0.6916666666666667,0.6976744186046512,0.6901635567841511,0.5447052947052946,0.5844675740592473,1.0,0.19022213599767196
1340.0,0.6891891891891893,0.34090909090909083,0.6900826446280992,0.6841046277665996,0.6916666666666667,0.6976744186046512,0.6920064501266989,0.5412087912087913,0.5884707766212969,1.0,0.1918711805218741
1350.0,0.6891891891891893,0.35606060606060597,0.6818181818181821,0.6780684104627768,0.6972222222222223,0.7209302325581396,0.7148122552407279,0.5830419580419581,0.5468374699759807,1.0,0.1938112329032884
1360.0,0.6891891891891893,0.3257575757575757,0.6900826446280992,0.6841046277665996,0.7027777777777778,0.7209302325581396,0.7157337019120018,0.5777972027972027,0.5516413130504403,1.0,0.1957512852847027
1370.0,0.6891891891891893,0.3787878787878787,0.6818181818181821,0.6780684104627768,0.7027777777777778,0.7209302325581396,0.7150426169085464,0.5856643356643356,0.5444355484387509,1.0,0.1977883402851877
1380.0,0.6891891891891893,0.3712121212121211,0.6900826446280992,0.6800804828973843,0.7055555555555556,0.7209302325581396,0.7150426169085464,0.5860389610389611,0.543634907926341,1.0,0.199728392666602
1390.0,0.6891891891891893,0.36363636363636354,0.6900826446280992,0.6780684104627768,0.7055555555555556,0.7209302325581396,0.7150426169085464,0.5830419580419581,0.5468374699759807,1.0,0.20166844504801631
1400.0,0.6891891891891893,0.35606060606060597,0.6983471074380168,0.6800804828973843,0.7055555555555556,0.7209302325581396,0.7159640635798203,0.5816683316683318,0.5476381104883906,1.0,0.2035114948103599
1410.0,0.6891891891891893,0.40909090909090917,0.6983471074380168,0.682092555331992,0.7083333333333334,0.7325581395348838,0.7260999769638332,0.6091408591408591,0.521216973578863,1.0,0.2056455524299156
1420.0,0.7027027027027026,0.3484848484848484,0.6983471074380168,0.6981891348088531,0.7111111111111111,0.7325581395348838,0.7265607002994702,0.6031468531468531,0.5268214571657326,1.0,0.20777961004947135
1430.0,0.7027027027027026,0.3939393939393938,0.6900826446280992,0.7022132796780685,0.7138888888888889,0.7325581395348838,0.7274821469707441,0.6065184815184814,0.5236188951160927,1.0,0.20981666504995636
1440.0,0.6891891891891893,0.3939393939393938,0.6983471074380168,0.7042253521126761,0.7138888888888889,0.7325581395348838,0.7260999769638332,0.6096403596403597,0.5204163330664531,1.0,0.21185372005044137
1450.0,0.6891891891891893,0.3787878787878787,0.6900826446280992,0.6981891348088531,0.7138888888888889,0.7325581395348838,0.7260999769638332,0.6048951048951048,0.5252201761409127,1.0,0.21389077505092638
1460.0,0.7027027027027026,0.4015151515151514,0.6900826446280992,0.6981891348088531,0.7138888888888889,0.7325581395348838,0.7265607002994702,0.6075174825174825,0.5228182546036828,1.0,0.2159278300514114
1470.0,0.6891891891891893,0.41666666666666674,0.6983471074380168,0.7062374245472838,0.7166666666666667,0.7441860465116279,0.7369269753513015,0.6336163836163835,0.4963971176941553,1.0,0.21815889029003785
1480.0,0.6891891891891893,0.40909090909090917,0.6983471074380168,0.7082494969818914,0.7194444444444444,0.7441860465116279,0.736696613683483,0.6301198801198802,0.49959967974379493,1.0,0.22038995052866428
1490.0,0.7027027027027026,0.41666666666666674,0.6983471074380168,0.7062374245472838,0.7222222222222222,0.7441860465116279,0.7378484220225754,0.6266233766233766,0.5036028823058446,1.0,0.22252400814822001
1500.0,0.7162162162162162,0.41666666666666674,0.6983471074380168,0.7082494969818914,0.7222222222222222,0.7441860465116279,0.7369269753513015,0.6306193806193807,0.49959967974379493,1.0,0.22475506838684645
1510.0,0.7027027027027026,0.4242424242424243,0.7107438016528924,0.7022132796780685,0.7222222222222222,0.7441860465116279,0.7362358903478461,0.6306193806193807,0.49959967974379493,1.0,0.22688912600640218
1520.0,0.7027027027027026,0.3787878787878787,0.7107438016528924,0.6981891348088531,0.7194444444444444,0.7441860465116279,0.7385395070260309,0.6227522477522478,0.5076060848678943,1.0,0.22902318362595792
1530.0,0.7027027027027026,0.4696969696969697,0.7107438016528924,0.6981891348088531,0.7222222222222222,0.7558139534883721,0.7472932504031329,0.6567182817182817,0.4739791833466772,1.0,0.23125424386458435
1540.0,0.7027027027027026,0.3939393939393938,0.7107438016528924,0.6981891348088531,0.725,0.7558139534883721,0.7500575904169546,0.6502247752247752,0.4803843074459567,1.0,0.2334853041032108
1550.0,0.7027027027027026,0.4015151515151514,0.71900826446281,0.7082494969818914,0.725,0.7558139534883721,0.7479843354065884,0.6528471528471529,0.4779823859087269,1.0,0.23581336696090796
1560.0,0.6891891891891893,0.4242424242424243,0.7107438016528924,0.7102615694164991,0.725,0.7558139534883721,0.7491361437456807,0.6498501498501499,0.4803843074459567,1.0,0.2380444271995344
1570.0,0.7027027027027026,0.4242424242424243,0.7107438016528924,0.7102615694164991,0.725,0.7558139534883721,0.7491361437456807,0.648976023976024,0.48198558847077655,1.0,0.24027548743816085
1580.0,0.7027027027027026,0.43939393939393945,0.71900826446281,0.7203219315895373,0.725,0.7558139534883721,0.7479843354065884,0.648976023976024,0.48198558847077655,1.0,0.242603550295858
1590.0,0.7027027027027026,0.38636363636363624,0.7107438016528924,0.7263581488933603,0.7277777777777779,0.7674418604651163,0.7606542271366045,0.6734515484515484,0.45796637309847876,1.0,0.24502861577262589
1600.0,0.7027027027027026,0.4318181818181819,0.7107438016528924,0.7364185110663984,0.7305555555555556,0.7674418604651163,0.7608845888044229,0.6745754245754245,0.45636509207365883,1.0,0.24745368124939374
1610.0,0.7162162162162162,0.43939393939393945,0.71900826446281,0.7203219315895373,0.7305555555555556,0.7674418604651163,0.7595024187975121,0.6773226773226773,0.4539631705364291,1.0,0.24987874672616162
1620.0,0.7162162162162162,0.41666666666666674,0.7107438016528924,0.7142857142857143,0.7305555555555556,0.7674418604651163,0.759963142133149,0.6667082917082916,0.46357085668534825,1.0,0.2523038122029295
1630.0,0.7027027027027026,0.4318181818181819,0.71900826446281,0.7142857142857143,0.7305555555555556,0.7674418604651163,0.7606542271366045,0.6745754245754245,0.45636509207365883,1.0,0.2547288776796974
1640.0,0.7162162162162162,0.446969696969697,0.7107438016528924,0.7223340040241449,0.7305555555555556,0.7674418604651163,0.7595024187975121,0.6698301698301699,0.4603682946357085,1.0,0.25705694053739453
1650.0,0.7027027027027026,0.4318181818181819,0.71900826446281,0.7283702213279679,0.7333333333333334,0.7790697674418605,0.7733241188666206,0.6926823176823176,0.43795036028823053,1.0,0.25967601125230383
1660.0,0.7027027027027026,0.4772727272727273,0.71900826446281,0.7384305835010061,0.7361111111111112,0.7790697674418605,0.7714812255240727,0.6964285714285714,0.43394715772618087,1.0,0.26219807934814243
1670.0,0.7162162162162162,0.4545454545454546,0.7272727272727275,0.7384305835010061,0.7361111111111112,0.7790697674418605,0.7724026721953466,0.7012987012987013,0.4291433146517213,1.0,0.264720147443981
1680.0,0.7162162162162162,0.446969696969697,0.7272727272727275,0.7364185110663984,0.7361111111111112,0.7790697674418605,0.7728633955309836,0.6976773226773227,0.43314651721377095,1.0,0.2673392181588903
1690.0,0.7162162162162162,0.46212121212121215,0.7272727272727275,0.7323943661971831,0.7361111111111112,0.7790697674418605,0.7724026721953466,0.6976773226773227,0.43314651721377095,1.0,0.2698612862547289
1700.0,0.7162162162162162,0.4545454545454546,0.71900826446281,0.7364185110663984,0.7361111111111112,0.7790697674418605,0.7730937571988021,0.6973026973026972,0.43314651721377095,1.0,0.2723833543505675
1710.0,0.7162162162162162,0.5075757575757576,0.7396694214876032,0.7384305835010061,0.7388888888888889,0.7906976744186047,0.7818475005759041,0.7252747252747254,0.4059247397918334,1.0,0.2750994276845475
1720.0,0.7297297297297296,0.41666666666666674,0.7396694214876032,0.7344064386317908,0.7388888888888889,0.7906976744186047,0.7843814789219073,0.7191558441558441,0.4123298638911128,1.0,0.27781550101852753
1730.0,0.7162162162162162,0.4772727272727273,0.71900826446281,0.7464788732394367,0.7416666666666667,0.7906976744186047,0.783229670582815,0.7200299700299699,0.4115292233787029,1.0,0.28043457173343683
1740.0,0.7162162162162162,0.4696969696969697,0.7272727272727275,0.7424547283702214,0.7416666666666667,0.7906976744186047,0.783229670582815,0.7205294705294705,0.410728582866293,1.0,0.28315064506741683
1750.0,0.7162162162162162,0.5,0.7272727272727275,0.7484909456740443,0.7416666666666667,0.7906976744186047,0.782768947247178,0.7212787212787213,0.4099279423538831,1.0,0.2858667184013969
1760.0,0.7297297297297296,0.43939393939393945,0.7272727272727275,0.7323943661971831,0.7416666666666667,0.7906976744186047,0.783690393918452,0.7186563436563436,0.4123298638911128,1.0,0.2884857891163062
1770.0,0.7162162162162162,0.5075757575757576,0.7396694214876032,0.7404426559356138,0.7444444444444445,0.8023255813953489,0.7945173923059202,0.7417582417582418,0.38911128903122494,1.0,0.29129886506935687
1780.0,0.7162162162162162,0.5378787878787878,0.7396694214876032,0.7384305835010061,0.7472222222222222,0.8023255813953489,0.7945173923059202,0.7421328671328671,0.388310648518815,1.0,0.2941119410224076
1790.0,0.7162162162162162,0.5,0.7396694214876032,0.7384305835010061,0.7472222222222222,0.8023255813953489,0.7954388389771941,0.737887112887113,0.3931144915932745,1.0,0.29692501697545837
1800.0,0.7297297297297296,0.5,0.7396694214876032,0.7384305835010061,0.75,0.8023255813953489,0.7935959456346464,0.7443806193806193,0.38430744595676536,1.0,0.29964109030943836
1810.0,0.7297297297297296,0.4696969696969697,0.7396694214876032,0.7384305835010061,0.75,0.8023255813953489,0.7945173923059202,0.7383866133866135,0.3931144915932745,1.0,0.3025511688815598
1820.0,0.7162162162162162,0.4696969696969697,0.7479338842975207,0.7505030181086519,0.75,0.8023255813953489,0.7935959456346464,0.7425074925074926,0.387510008006405,1.0,0.30526724221553986
1830.0,0.7297297297297296,0.4545454545454546,0.7479338842975207,0.7625754527162979,0.7472222222222222,0.7906976744186047,0.7848422022575443,0.7161588411588411,0.41553242594075257,1.0,0.30788631293044916
1840.0,0.7162162162162162,0.553030303030303,0.7396694214876032,0.7625754527162979,0.7444444444444445,0.7906976744186047,0.7816171389080857,0.7177822177822177,0.4131305044035227,1.0,0.31050538364535846
1850.0,0.7297297297297296,0.4545454545454546,0.7561983471074383,0.7525150905432596,0.7444444444444445,0.7906976744186047,0.7843814789219073,0.7109140859140859,0.42033626901521215,1.0,0.313027451741197
1860.0,0.7432432432432432,0.5,0.7479338842975207,0.7464788732394367,0.7444444444444445,0.7906976744186047,0.7829993089149965,0.7196553446553446,0.4115292233787029,1.0,0.31564652245610636
1870.0,0.7297297297297296,0.4772727272727273,0.7561983471074383,0.7404426559356138,0.7444444444444445,0.7906976744186047,0.7825385855793596,0.7169080919080919,0.41473178542834255,1.0,0.31826559317101566
1880.0,0.7297297297297296,0.49242424242424243,0.7396694214876032,0.7505030181086519,0.7444444444444445,0.7906976744186047,0.7846118405897259,0.7142857142857142,0.4171337069655724,1.0,0.32088466388592496
1890.0,0.7297297297297296,0.46212121212121215,0.7396694214876032,0.7364185110663984,0.7416666666666667,0.7790697674418605,0.7721723105275282,0.6899350649350648,0.4411529223378702,1.0,0.3232127267436221
1900.0,0.7432432432432432,0.5,0.7479338842975207,0.7424547283702214,0.7388888888888889,0.7790697674418605,0.7726330338631652,0.6903096903096904,0.44035228182546027,1.0,0.32563779222038997
1910.0,0.7432432432432432,0.5454545454545454,0.7396694214876032,0.7344064386317908,0.7388888888888889,0.7790697674418605,0.7705597788527989,0.6999250749250749,0.4307445956765411,1.0,0.3279658550780871
1920.0,0.7432432432432432,0.48484848484848486,0.7479338842975207,0.7404426559356138,0.7388888888888889,0.7790697674418605,0.7728633955309836,0.6981768231768233,0.43234587670136104,1.0,0.3302939179357843
1930.0,0.7432432432432432,0.4772727272727273,0.7479338842975207,0.7464788732394367,0.7388888888888889,0.7790697674418605,0.7719419488597097,0.6929320679320679,0.43795036028823053,1.0,0.3327189834125522
1940.0,0.7432432432432432,0.4545454545454546,0.7479338842975207,0.7505030181086519,0.7388888888888889,0.7790697674418605,0.7717115871918913,0.689060939060939,0.4419535628502802,1.0,0.33504704627024934
1950.0,0.7432432432432432,0.4318181818181819,0.7561983471074383,0.7484909456740443,0.7361111111111112,0.7674418604651163,0.7606542271366045,0.672077922077922,0.4587670136108887,1.0,0.33727810650887574
1960.0,0.7432432432432432,0.4772727272727273,0.7561983471074383,0.7545271629778673,0.7361111111111112,0.7674418604651163,0.7611149504722414,0.6677072927072927,0.46277021617293823,1.0,0.3394121641284315
1970.0,0.7297297297297296,0.48484848484848486,0.7561983471074383,0.7585513078470826,0.7333333333333334,0.7674418604651163,0.7606542271366045,0.6707042957042957,0.4603682946357085,1.0,0.3415462217479872
1980.0,0.7432432432432432,0.46212121212121215,0.7479338842975207,0.7585513078470826,0.7333333333333334,0.7674418604651163,0.7613453121400598,0.6763236763236764,0.454763811048839,1.0,0.34377728198661367
1990.0,0.7432432432432432,0.4772727272727273,0.7561983471074383,0.7464788732394367,0.7333333333333334,0.7674418604651163,0.7613453121400598,0.6734515484515484,0.45796637309847876,1.0,0.3459113396061694
2000.0,0.7432432432432432,0.4772727272727273,0.7561983471074383,0.7444668008048291,0.7333333333333334,0.7674418604651163,0.7606542271366045,0.6734515484515484,0.45796637309847876,1.0,0.34814239984479584
2010.0,0.7432432432432432,0.41666666666666674,0.7479338842975207,0.7404426559356138,0.7333333333333334,0.7558139534883721,0.7498272287491361,0.6457292707292708,0.4843875100080063,1.0,0.35008245222621015
2020.0,0.7432432432432432,0.4545454545454546,0.7479338842975207,0.7404426559356138,0.7333333333333334,0.7558139534883721,0.7493665054134991,0.6432317682317683,0.48759007205764604,1.0,0.35211950722669516
2030.0,0.7432432432432432,0.4772727272727273,0.7561983471074383,0.7464788732394367,0.7305555555555556,0.7558139534883721,0.7486754204100438,0.6505994005994007,0.4795836669335468,1.0,0.3540595596081094
2040.0,0.7432432432432432,0.46212121212121215,0.7479338842975207,0.7505030181086519,0.7305555555555556,0.7558139534883721,0.7498272287491361,0.6432317682317683,0.48759007205764604,1.0,0.35599961198952373
2050.0,0.7432432432432432,0.4772727272727273,0.7479338842975207,0.7484909456740443,0.7305555555555556,0.7558139534883721,0.7468325270674959,0.647977022977023,0.48278622898318646,1.0,0.35803666699000875
2060.0,0.7432432432432432,0.5303030303030303,0.7561983471074383,0.7384305835010061,0.7305555555555556,0.7558139534883721,0.7479843354065884,0.647977022977023,0.48278622898318646,1.0,0.35997671937142306
2070.0,0.7567567567567568,0.4242424242424243,0.7479338842975207,0.7424547283702214,0.7277777777777779,0.7441860465116279,0.7390002303616678,0.6210039960039959,0.5092073658927141,1.0,0.3618197691337666
2080.0,0.7432432432432432,0.4318181818181819,0.7479338842975207,0.7424547283702214,0.7277777777777779,0.7441860465116279,0.7378484220225754,0.6245004995004995,0.5052041633306645,1.0,0.36366281889611024
2090.0,0.7567567567567568,0.46212121212121215,0.7479338842975207,0.7525150905432596,0.7277777777777779,0.7441860465116279,0.7362358903478461,0.624875124875125,0.5052041633306645,1.0,0.3654088660393831
2100.0,0.7567567567567568,0.4242424242424243,0.7561983471074383,0.7505030181086519,0.7277777777777779,0.7441860465116279,0.737618060354757,0.6292457542457541,0.5004003202562048,1.0,0.36725191580172667
2110.0,0.7567567567567568,0.4545454545454546,0.7561983471074383,0.7525150905432596,0.7277777777777779,0.7441860465116279,0.7373876986869384,0.6241258741258742,0.5060048038430744,1.0,0.36909496556407023
2120.0,0.7567567567567568,0.4242424242424243,0.7561983471074383,0.7424547283702214,0.7277777777777779,0.7441860465116279,0.7373876986869384,0.6262487512487513,0.5036028823058446,1.0,0.37093801532641385
2130.0,0.7432432432432432,0.41666666666666674,0.7479338842975207,0.7464788732394367,0.7277777777777779,0.7325581395348838,0.7274821469707441,0.6008991008991009,0.5284227381905524,1.0,0.37249005723154527
2140.0,0.7567567567567568,0.4545454545454546,0.7396694214876032,0.7424547283702214,0.725,0.7325581395348838,0.7270214236351071,0.6065184815184814,0.5236188951160927,1.0,0.37423610437481813
2150.0,0.7567567567567568,0.46212121212121215,0.7479338842975207,0.7364185110663984,0.725,0.7325581395348838,0.7247178069569223,0.6091408591408591,0.521216973578863,1.0,0.3758851488990203
2160.0,0.7432432432432432,0.41666666666666674,0.7479338842975207,0.7344064386317908,0.725,0.7325581395348838,0.7265607002994702,0.6035214785214784,0.5268214571657326,1.0,0.3774371908041517
2170.0,0.7567567567567568,0.446969696969697,0.7479338842975207,0.7303822937625755,0.725,0.7325581395348838,0.7260999769638332,0.607017982017982,0.5228182546036828,1.0,0.3791832379474246
2180.0,0.7567567567567568,0.4545454545454546,0.7479338842975207,0.7323943661971831,0.725,0.7325581395348838,0.7247178069569223,0.6048951048951048,0.5252201761409127,1.0,0.38073527985255606
2190.0,0.7567567567567568,0.446969696969697,0.7396694214876032,0.7303822937625755,0.725,0.7209302325581396,0.7164247869154573,0.5816683316683318,0.5476381104883906,1.0,0.3823843243767582
2200.0,0.7567567567567568,0.41666666666666674,0.7396694214876032,0.7223340040241449,0.725,0.7209302325581396,0.7150426169085464,0.5821678321678321,0.5476381104883906,1.0,0.3838393636628189
2210.0,0.7567567567567568,0.446969696969697,0.7396694214876032,0.7223340040241449,0.7222222222222222,0.7209302325581396,0.7129693618981802,0.5856643356643356,0.5444355484387509,1.0,0.3853914055679504
2220.0,0.7567567567567568,0.446969696969697,0.7396694214876032,0.7223340040241449,0.725,0.7209302325581396,0.7134300852338171,0.5835414585414584,0.5460368294635708,1.0,0.3868464448540111
2230.0,0.7567567567567568,0.4015151515151514,0.7479338842975207,0.7203219315895373,0.7222222222222222,0.7209302325581396,0.7171158719189127,0.5772977022977024,0.5524419535628502,1.0,0.3883014841400718
2240.0,0.7567567567567568,0.4242424242424243,0.7479338842975207,0.7183098591549296,0.7222222222222222,0.7209302325581396,0.7131997235659986,0.5812937062937062,0.5484387510008006,1.0,0.38975652342613254
2250.0,0.7567567567567568,0.43939393939393945,0.7396694214876032,0.7223340040241449,0.725,0.7162790697674419,0.70997466021654,0.5751748251748252,0.5548438751000799,1.0,0.39121156271219326
2260.0,0.7567567567567568,0.48484848484848486,0.7479338842975207,0.7303822937625755,0.7222222222222222,0.7162790697674419,0.709513936880903,0.5764235764235763,0.5532425940752601,1.0,0.3925695993791833
2270.0,0.7567567567567568,0.446969696969697,0.7396694214876032,0.7444668008048291,0.7222222222222222,0.7162790697674419,0.7102050218843584,0.5777972027972027,0.5516413130504403,1.0,0.394024638665244
2280.0,0.7567567567567568,0.43939393939393945,0.7479338842975207,0.7464788732394367,0.7222222222222222,0.7162790697674419,0.7097442985487215,0.576048951048951,0.55404323458767,1.0,0.39547967795130473
2290.0,0.7567567567567568,0.446969696969697,0.7479338842975207,0.7565392354124749,0.725,0.7162790697674419,0.7106657452199954,0.5725524475524475,0.5572457966373098,1.0,0.3968377146182947
2300.0,0.7432432432432432,0.4015151515151514,0.7479338842975207,0.7464788732394367,0.725,0.7162790697674419,0.709513936880903,0.5708041958041958,0.5588470776621296,1.0,0.3981957512852847
2310.0,0.7567567567567568,0.4242424242424243,0.7396694214876032,0.7364185110663984,0.725,0.7116279069767443,0.7053674268601704,0.5681818181818181,0.5620496397117694,1.0,0.39965079057134545
2320.0,0.7567567567567568,0.49242424242424243,0.7396694214876032,0.7243460764587526,0.725,0.7116279069767443,0.7044459801888966,0.566058941058941,0.5636509207365892,1.0,0.4010088272383355
2330.0,0.7567567567567568,0.4318181818181819,0.7396694214876032,0.7303822937625755,0.725,0.7116279069767443,0.7053674268601704,0.5673076923076923,0.5620496397117694,1.0,0.40226986128625475
2340.0,0.7567567567567568,0.4015151515151514,0.7479338842975207,0.7323943661971831,0.725,0.7116279069767443,0.7058281501958074,0.5655594405594406,0.5636509207365892,1.0,0.4036278979532448
2350.0,0.7567567567567568,0.4015151515151514,0.7479338842975207,0.7263581488933603,0.725,0.7116279069767443,0.7055977885279889,0.5620629370629371,0.5668534827862288,1.0,0.4049859346202348
2360.0,0.7567567567567568,0.446969696969697,0.7396694214876032,0.7183098591549296,0.725,0.7116279069767443,0.704676341856715,0.5685564435564436,0.5612489991993594,1.0,0.4062469686681541
2370.0,0.7567567567567568,0.4545454545454546,0.7479338842975207,0.7203219315895373,0.725,0.7069767441860465,0.6993780234968902,0.558066933066933,0.5708566853482786,1.0,0.4076050053351441
2380.0,0.7567567567567568,0.41666666666666674,0.7479338842975207,0.7183098591549296,0.725,0.7069767441860465,0.7007601935038009,0.558066933066933,0.5708566853482786,1.0,0.4088660393830634
2390.0,0.7567567567567568,0.4242424242424243,0.7396694214876032,0.7243460764587526,0.725,0.7069767441860465,0.7007601935038009,0.5546953046953047,0.5748598879103282,1.0,0.41012707343098265
2400.0,0.7567567567567568,0.446969696969697,0.7396694214876032,0.716297786720322,0.725,0.7069767441860465,0.7000691085003455,0.5603146853146852,0.5684547638110488,1.0,0.411388107478902
2410.0,0.7702702702702704,0.4242424242424243,0.7272727272727275,0.7183098591549296,0.725,0.7069767441860465,0.7023727251785303,0.5533216783216783,0.5756605284227381,1.0,0.41255213890775055
2420.0,0.7567567567567568,0.43939393939393945,0.7479338842975207,0.7223340040241449,0.725,0.7069767441860465,0.7007601935038009,0.552947052947053,0.576461168935148,1.0,0.41381317295566983
2430.0,0.7567567567567568,0.41666666666666674,0.7396694214876032,0.7223340040241449,0.725,0.7023255813953488,0.6973047684865238,0.5450799200799201,0.5844675740592473,1.0,0.4150742070035891
2440.0,0.7567567567567568,0.4242424242424243,0.7479338842975207,0.7303822937625755,0.725,0.7023255813953488,0.695922598479613,0.5475774225774226,0.5812650120096077,1.0,0.41633524105150843
2450.0,0.7702702702702704,0.4318181818181819,0.7396694214876032,0.716297786720322,0.725,0.7023255813953488,0.6979958534899793,0.5472027972027973,0.5820656525220176,1.0,0.417499272480357
2460.0,0.7567567567567568,0.4318181818181819,0.7396694214876032,0.7183098591549296,0.725,0.7023255813953488,0.6966136834830684,0.5498251748251748,0.5796637309847877,1.0,0.4186633039092056
2470.0,0.7702702702702704,0.4318181818181819,0.7561983471074383,0.7122736418511068,0.725,0.7023255813953488,0.6961529601474314,0.5515734265734267,0.5780624499599679,1.0,0.41982733533805416
2480.0,0.7702702702702704,0.41666666666666674,0.7479338842975207,0.7183098591549296,0.725,0.7023255813953488,0.6966136834830684,0.5503246753246753,0.5788630904723778,1.0,0.42099136676690274
2490.0,0.7567567567567568,0.4242424242424243,0.7272727272727275,0.7183098591549296,0.7277777777777779,0.6976744186046512,0.6922368117945173,0.5412087912087913,0.5884707766212969,1.0,0.422252400814822
2500.0,0.7567567567567568,0.4242424242424243,0.7396694214876032,0.7323943661971831,0.725,0.6976744186046512,0.6920064501266989,0.5368381618381619,0.5924739791833467,1.0,0.4233194296245999
2510.0,0.7702702702702704,0.48484848484848486,0.7396694214876032,0.7263581488933603,0.725,0.6976744186046512,0.6899331951163327,0.5442057942057943,0.5852682145716572,1.0,0.4243864584343778
2520.0,0.7567567567567568,0.3939393939393938,0.7479338842975207,0.7243460764587526,0.725,0.6976744186046512,0.6924671734623359,0.5398351648351649,0.5892714171337069,1.0,0.42555048986322636
2530.0,0.7702702702702704,0.4696969696969697,0.7396694214876032,0.7183098591549296,0.7277777777777779,0.6976744186046512,0.690624280119788,0.5415834165834166,0.587670136108887,1.0,0.4266175186730042
2540.0,0.7702702702702704,0.4242424242424243,0.7479338842975207,0.7142857142857143,0.7277777777777779,0.6976744186046512,0.691545726791062,0.5364635364635364,0.5932746196957566,1.0,0.42768454748278206
2550.0,0.7702702702702704,0.3712121212121211,0.7479338842975207,0.7223340040241449,0.7277777777777779,0.7209302325581396,0.7164247869154573,0.5804195804195804,0.5492393915132106,1.0,0.42884857891163064
2560.0,0.7702702702702704,0.4318181818181819,0.7396694214876032,0.7223340040241449,0.7333333333333334,0.7209302325581396,0.7141211702372725,0.5851648351648351,0.5444355484387509,1.0,0.43020661557862067
2570.0,0.7702702702702704,0.5075757575757576,0.7479338842975207,0.7384305835010061,0.7361111111111112,0.7209302325581396,0.7141211702372725,0.5847902097902098,0.5452361889511608,1.0,0.43156465224561064
2580.0,0.7567567567567568,0.3939393939393938,0.7479338842975207,0.7263581488933603,0.7361111111111112,0.7209302325581396,0.7152729785763648,0.5816683316683318,0.5476381104883906,1.0,0.43292268891260066
2590.0,0.7567567567567568,0.4318181818181819,0.7479338842975207,0.7263581488933603,0.7388888888888889,0.7209302325581396,0.7157337019120018,0.5772977022977024,0.5524419535628502,1.0,0.4343777281986614
2600.0,0.7567567567567568,0.48484848484848486,0.7396694214876032,0.716297786720322,0.7416666666666667,0.7209302325581396,0.7145818935729095,0.5799200799200799,0.5500400320256205,1.0,0.4357357648656514
2610.0,0.7702702702702704,0.446969696969697,0.7479338842975207,0.7243460764587526,0.7416666666666667,0.7441860465116279,0.737618060354757,0.6274975024975025,0.5028022417934347,1.0,0.43709380153264143
2620.0,0.7702702702702704,0.446969696969697,0.7561983471074383,0.7243460764587526,0.7444444444444445,0.7441860465116279,0.7380787836903939,0.6269980019980019,0.5028022417934347,1.0,0.43874284605684355
2630.0,0.7702702702702704,0.46212121212121215,0.7396694214876032,0.7344064386317908,0.7472222222222222,0.7441860465116279,0.7373876986869384,0.6269980019980019,0.5028022417934347,1.0,0.4403918905810457
2640.0,0.783783783783784,0.4545454545454546,0.7396694214876032,0.7344064386317908,0.75,0.7441860465116279,0.736696613683483,0.6266233766233766,0.5036028823058446,1.0,0.44194393248617714
2650.0,0.7702702702702704,0.4696969696969697,0.7479338842975207,0.7344064386317908,0.7527777777777778,0.7441860465116279,0.736696613683483,0.6313686313686313,0.498799039231385,1.0,0.44368997962945
2660.0,0.7702702702702704,0.4696969696969697,0.7396694214876032,0.7364185110663984,0.7527777777777778,0.7441860465116279,0.7369269753513015,0.6274975024975025,0.5028022417934347,1.0,0.4452420215345815
2670.0,0.7702702702702704,0.4545454545454546,0.7479338842975207,0.7384305835010061,0.7527777777777778,0.7674418604651163,0.759963142133149,0.6725774225774226,0.4587670136108887,1.0,0.4468910660587836
2680.0,0.7702702702702704,0.4318181818181819,0.7561983471074383,0.7484909456740443,0.7583333333333334,0.7674418604651163,0.7622667588113338,0.6667082917082916,0.46357085668534825,1.0,0.4488311184401979
2690.0,0.7702702702702704,0.46212121212121215,0.7479338842975207,0.7424547283702214,0.7611111111111112,0.7674418604651163,0.7627274821469707,0.672077922077922,0.4587670136108887,1.0,0.4507711708216122
2700.0,0.7702702702702704,0.4772727272727273,0.7561983471074383,0.7444668008048291,0.763888888888889,0.7674418604651163,0.759963142133149,0.6712037962037962,0.4595676541232986,1.0,0.45271122320302654
2710.0,0.7702702702702704,0.4318181818181819,0.7479338842975207,0.7384305835010061,0.7666666666666667,0.7674418604651163,0.7611149504722414,0.6712037962037962,0.4595676541232986,1.0,0.4546512755844408
2720.0,0.7702702702702704,0.4696969696969697,0.7561983471074383,0.7424547283702214,0.7666666666666667,0.7674418604651163,0.7604238654687859,0.6763236763236764,0.454763811048839,1.0,0.4564943253467844
2730.0,0.783783783783784,0.4772727272727273,0.7561983471074383,0.7364185110663984,0.7666666666666667,0.7906976744186047,0.7841511172540889,0.7191558441558441,0.4123298638911128,1.0,0.45843437772819867
2740.0,0.783783783783784,0.446969696969697,0.7561983471074383,0.7303822937625755,0.7722222222222223,0.7906976744186047,0.7841511172540889,0.7156593406593406,0.41553242594075257,1.0,0.46056843534775443
2750.0,0.783783783783784,0.5,0.7561983471074383,0.7323943661971831,0.775,0.7906976744186047,0.783690393918452,0.7212787212787213,0.4099279423538831,1.0,0.46279949558638084
2760.0,0.7702702702702704,0.48484848484848486,0.7685950413223139,0.7424547283702214,0.7777777777777778,0.7906976744186047,0.7839207555862704,0.7139110889110889,0.4171337069655724,1.0,0.4650305558250073
2770.0,0.783783783783784,0.5,0.7685950413223139,0.7545271629778673,0.7805555555555556,0.7906976744186047,0.7813867772402672,0.7182817182817183,0.4131305044035227,1.0,0.46716461344456306
2780.0,0.7702702702702704,0.5378787878787878,0.7685950413223139,0.7565392354124749,0.7805555555555556,0.7906976744186047,0.7839207555862704,0.7161588411588411,0.41553242594075257,1.0,0.46939567368318946
2790.0,0.7702702702702704,0.49242424242424243,0.7685950413223139,0.7585513078470826,0.7805555555555556,0.8023255813953489,0.7942870306381018,0.740884115884116,0.39071257005604476,1.0,0.4716267339218159
2800.0,0.783783783783784,0.5303030303030303,0.7768595041322315,0.7505030181086519,0.7861111111111111,0.8023255813953489,0.7952084773093757,0.7451298701298701,0.38350680544435545,1.0,0.4739547967795131
2810.0,0.783783783783784,0.553030303030303,0.7768595041322315,0.7444668008048291,0.7861111111111111,0.8023255813953489,0.7931352222990095,0.7425074925074926,0.387510008006405,1.0,0.47628285963721023
2820.0,0.783783783783784,0.4772727272727273,0.7685950413223139,0.7545271629778673,0.788888888888889,0.8023255813953489,0.7975120939875604,0.7343906093906094,0.39631705364291425,1.0,0.4787079251139781
2830.0,0.783783783783784,0.49242424242424243,0.7685950413223139,0.7625754527162979,0.788888888888889,0.8023255813953489,0.7965906473162866,0.7413836163836163,0.3939151321056845,1.0,0.48103598797167524
2840.0,0.783783783783784,0.5606060606060606,0.7685950413223139,0.7665995975855131,0.7916666666666667,0.8023255813953489,0.7947477539737388,0.7413836163836163,0.38991192954363485,1.0,0.48336405082937245
2850.0,0.7972972972972971,0.5378787878787878,0.7768595041322315,0.7665995975855131,0.7916666666666667,0.813953488372093,0.806035475696844,0.7676073926073925,0.34747798238590866,1.0,0.4857891163061403
2860.0,0.7972972972972971,0.5227272727272727,0.7768595041322315,0.7665995975855131,0.7944444444444445,0.813953488372093,0.8078783690393918,0.7628621378621379,0.355484387510008,1.0,0.4883111844019789
2870.0,0.7972972972972971,0.5303030303030303,0.7768595041322315,0.7746478873239437,0.7972222222222223,0.813953488372093,0.8053443906933886,0.764985014985015,0.3514811849479583,1.0,0.49083325249781745
2880.0,0.783783783783784,0.5833333333333333,0.7768595041322315,0.7726358148893361,0.7972222222222223,0.813953488372093,0.8051140290255702,0.7658591408591409,0.3498799039231384,1.0,0.49335532059365605
2890.0,0.7972972972972971,0.5075757575757576,0.785123966942149,0.7726358148893361,0.8,0.813953488372093,0.8076480073715734,0.7641108891108892,0.35308246597277815,1.0,0.49587738868949466
2900.0,0.783783783783784,0.5151515151515151,0.785123966942149,0.7726358148893361,0.8,0.813953488372093,0.8071872840359364,0.7632367632367631,0.35468374699759797,1.0,0.49839945678533326
2910.0,0.7972972972972971,0.49242424242424243,0.7768595041322315,0.7706237424547284,0.8,0.8255813953488372,0.8191660907624971,0.7900849150849152,0.31144915932746187,1.0,0.5009215248811718
2920.0,0.7972972972972971,0.606060606060606,0.785123966942149,0.7706237424547284,0.8027777777777778,0.8255813953488372,0.8166321124164939,0.7904595404595405,0.31064851881505195,1.0,0.5035405955960811
2930.0,0.783783783783784,0.5075757575757576,0.785123966942149,0.7686116700201208,0.8027777777777778,0.8255813953488372,0.8173231974199493,0.787962037962038,0.31545236188951153,1.0,0.5062566689300612
2940.0,0.7972972972972971,0.5303030303030303,0.7975206611570247,0.7706237424547284,0.8055555555555556,0.8255813953488372,0.8193964524303156,0.7857142857142858,0.3186549239391513,1.0,0.5089727422640412
2950.0,0.7972972972972971,0.5454545454545454,0.7975206611570247,0.7786720321931591,0.8083333333333333,0.8255813953488372,0.8193964524303156,0.7883366633366633,0.3146517213771016,1.0,0.5115918129789505
2960.0,0.783783783783784,0.5757575757575757,0.7975206611570247,0.7806841046277667,0.8083333333333333,0.8255813953488372,0.8170928357521309,0.7904595404595405,0.31064851881505195,1.0,0.5143078863129305
2970.0,0.8108108108108107,0.5757575757575757,0.7975206611570247,0.7786720321931591,0.8083333333333333,0.8372093023255814,0.8286109191430546,0.82017982017982,0.2634107285828662,1.0,0.5169269570278398
2980.0,0.8108108108108107,0.6287878787878787,0.7975206611570247,0.7706237424547284,0.8111111111111111,0.8372093023255814,0.82930200414651,0.8168081918081918,0.2690152121697357,1.0,0.5197400329808906
2990.0,0.7972972972972971,0.5681818181818181,0.7975206611570247,0.7706237424547284,0.8138888888888889,0.8372093023255814,0.8316056208246948,0.8159340659340659,0.2698158526821457,1.0,0.522650111553012
3000.0,0.8108108108108107,0.5909090909090908,0.7975206611570247,0.7665995975855131,0.8166666666666667,0.8372093023255814,0.8286109191430546,0.8184315684315684,0.26581265012009603,1.0,0.5254631875060627
3010.0,0.7972972972972971,0.5681818181818181,0.7975206611570247,0.7686116700201208,0.8166666666666667,0.8372093023255814,0.8286109191430546,0.8196803196803195,0.2642113690952762,1.0,0.5281792608400427
3020.0,0.8243243243243243,0.5833333333333333,0.7975206611570247,0.7706237424547284,0.8166666666666667,0.8372093023255814,0.829762727482147,0.8163086913086912,0.2698158526821457,1.0,0.5309923367930934
3030.0,0.8108108108108107,0.5378787878787878,0.8057851239669422,0.7746478873239437,0.8166666666666667,0.8255813953488372,0.8189357290946786,0.7870879120879122,0.31625300240192145,1.0,0.5338054127461441
3040.0,0.8108108108108107,0.5833333333333333,0.8057851239669422,0.7907444668008049,0.8166666666666667,0.8255813953488372,0.8189357290946786,0.793081918081918,0.3066453162530023,1.0,0.5364244834610535
3050.0,0.8108108108108107,0.6439393939393938,0.8057851239669422,0.8028169014084507,0.8138888888888889,0.8255813953488372,0.8168624740843123,0.793081918081918,0.3066453162530023,1.0,0.5389465515568921
3060.0,0.8243243243243243,0.606060606060606,0.8057851239669422,0.7987927565392354,0.8138888888888889,0.8255813953488372,0.8180142824234047,0.7897102897102897,0.3122497998398718,1.0,0.5415656222718014
3070.0,0.8108108108108107,0.5606060606060606,0.8057851239669422,0.7887323943661972,0.8138888888888889,0.8255813953488372,0.8184750057590416,0.7845904095904095,0.3202562049639711,1.0,0.5441846929867107
3080.0,0.8243243243243243,0.5378787878787878,0.8057851239669422,0.7867203219315896,0.8111111111111111,0.8255813953488372,0.8198571757659525,0.7913336663336663,0.30984787830264204,1.0,0.54680376370162
3090.0,0.8243243243243243,0.5984848484848484,0.8057851239669422,0.8008048289738431,0.8111111111111111,0.813953488372093,0.8062658373646625,0.7684815184815186,0.34587670136108883,1.0,0.5493258317974585
3100.0,0.8243243243243243,0.5454545454545454,0.8057851239669422,0.7967806841046279,0.8111111111111111,0.813953488372093,0.8081087307072103,0.7596153846153846,0.35948759007205755,1.0,0.5516538946551557
3110.0,0.8243243243243243,0.5984848484848484,0.8057851239669422,0.7987927565392354,0.8083333333333333,0.813953488372093,0.8048836673577516,0.7646103896103895,0.35228182546036824,1.0,0.5540789601319236
3120.0,0.8243243243243243,0.5606060606060606,0.8057851239669422,0.7907444668008049,0.8083333333333333,0.813953488372093,0.8069569223681179,0.767982017982018,0.34667734187349875,1.0,0.5564070229896207
3130.0,0.8243243243243243,0.5303030303030303,0.7975206611570247,0.7887323943661972,0.8083333333333333,0.813953488372093,0.8081087307072103,0.7608641358641359,0.35868694955964764,1.0,0.5587350858473179
3140.0,0.8243243243243243,0.5833333333333333,0.7975206611570247,0.7867203219315896,0.8055555555555556,0.813953488372093,0.8067265607002995,0.7628621378621379,0.355484387510008,1.0,0.5610631487050151
3150.0,0.8243243243243243,0.6287878787878787,0.8057851239669422,0.7867203219315896,0.8055555555555556,0.8023255813953489,0.7926744989633725,0.7472527472527473,0.3795036028823058,1.0,0.5633912115627122
3160.0,0.8243243243243243,0.5681818181818181,0.8057851239669422,0.7947686116700202,0.8055555555555556,0.8023255813953489,0.7952084773093757,0.7356393606393605,0.39551641313050434,1.0,0.565525269182268
3170.0,0.8243243243243243,0.5303030303030303,0.8057851239669422,0.8028169014084507,0.8027777777777778,0.8023255813953489,0.7958995623128311,0.7370129870129869,0.3939151321056845,1.0,0.5676593268018237
3180.0,0.8243243243243243,0.5606060606060606,0.8057851239669422,0.8068410462776661,0.8027777777777778,0.8023255813953489,0.7954388389771941,0.7455044955044956,0.38270616493194554,1.0,0.5697933844213794
3190.0,0.8243243243243243,0.5681818181818181,0.8140495867768598,0.7987927565392354,0.8,0.8023255813953489,0.7929048606311909,0.7463786213786214,0.3811048839071256,1.0,0.5719274420409352
3200.0,0.8108108108108107,0.5757575757575757,0.8140495867768598,0.7847082494969819,0.8,0.8023255813953489,0.7947477539737388,0.7430069930069929,0.3867093674939951,1.0,0.5740614996604909
3210.0,0.8378378378378379,0.6136363636363635,0.8057851239669422,0.7826961770623743,0.8027777777777778,0.7906976744186047,0.7834600322506334,0.7182817182817183,0.4131305044035227,1.0,0.5760985546609759
3220.0,0.8243243243243243,0.5378787878787878,0.8140495867768598,0.7867203219315896,0.8,0.7906976744186047,0.783690393918452,0.7191558441558441,0.4123298638911128,1.0,0.5780386070423902
3230.0,0.8243243243243243,0.5606060606060606,0.8140495867768598,0.7806841046277667,0.7972222222222223,0.7906976744186047,0.7825385855793596,0.7121628371628372,0.4195356285028021,1.0,0.5799786594238044
3240.0,0.8378378378378379,0.5606060606060606,0.8140495867768598,0.7887323943661972,0.7972222222222223,0.7906976744186047,0.7839207555862704,0.7186563436563436,0.4123298638911128,1.0,0.5819187118052188
3250.0,0.8243243243243243,0.5075757575757576,0.8057851239669422,0.7907444668008049,0.7972222222222223,0.7906976744186047,0.7834600322506334,0.7186563436563436,0.4123298638911128,1.0,0.5838587641866331
3260.0,0.8378378378378379,0.5606060606060606,0.8140495867768598,0.7987927565392354,0.7972222222222223,0.7906976744186047,0.7834600322506334,0.7186563436563436,0.4123298638911128,1.0,0.5857988165680473
3270.0,0.8378378378378379,0.5227272727272727,0.8057851239669422,0.7907444668008049,0.7972222222222223,0.7790697674418605,0.7728633955309836,0.6880619380619382,0.4427542033626901,1.0,0.587641866330391
3280.0,0.8378378378378379,0.5606060606060606,0.8057851239669422,0.7947686116700202,0.7972222222222223,0.7790697674418605,0.7707901405206173,0.6990509490509491,0.43154523618895113,1.0,0.5894849160927346
3290.0,0.8243243243243243,0.5075757575757576,0.8057851239669422,0.7947686116700202,0.7944444444444445,0.7790697674418605,0.7742455655378945,0.6873126873126874,0.4435548438751,1.0,0.5912309632360074
3300.0,0.8378378378378379,0.5227272727272727,0.8057851239669422,0.7907444668008049,0.7944444444444445,0.7790697674418605,0.7705597788527989,0.6934315684315684,0.4371497197758206,1.0,0.5929770103792803
3310.0,0.8378378378378379,0.5,0.8057851239669422,0.7826961770623743,0.7944444444444445,0.7790697674418605,0.7724026721953466,0.6929320679320679,0.43795036028823053,1.0,0.5947230575225532
3320.0,0.8378378378378379,0.5,0.8057851239669422,0.7786720321931591,0.7944444444444445,0.7790697674418605,0.774015203870076,0.6880619380619382,0.4427542033626901,1.0,0.596469104665826
3330.0,0.8513513513513515,0.5454545454545454,0.8057851239669422,0.7786720321931591,0.7944444444444445,0.7674418604651163,0.7601935038009675,0.6642107892107891,0.465972778222578,1.0,0.5981181491900281
3340.0,0.8378378378378379,0.49242424242424243,0.8057851239669422,0.7947686116700202,0.7944444444444445,0.7674418604651163,0.7618060354756968,0.6667082917082916,0.46357085668534825,1.0,0.5996701910951596
3350.0,0.8378378378378379,0.5757575757575757,0.8057851239669422,0.7907444668008049,0.7916666666666667,0.7674418604651163,0.7597327804653305,0.6738261738261737,0.45716573258606874,1.0,0.6012222330002911
3360.0,0.8378378378378379,0.5378787878787878,0.8057851239669422,0.7786720321931591,0.7916666666666667,0.7674418604651163,0.7601935038009675,0.6707042957042957,0.4603682946357085,1.0,0.6026772722863518
3370.0,0.8378378378378379,0.5,0.8057851239669422,0.7706237424547284,0.7916666666666667,0.7674418604651163,0.7613453121400598,0.6707042957042957,0.4603682946357085,1.0,0.6043263168105539
3380.0,0.8378378378378379,0.5606060606060606,0.8057851239669422,0.7665995975855131,0.7916666666666667,0.7674418604651163,0.7588113337940566,0.6763236763236764,0.454763811048839,1.0,0.6057813560966147
3390.0,0.8513513513513515,0.5454545454545454,0.8057851239669422,0.7665995975855131,0.7916666666666667,0.7558139534883721,0.7479843354065884,0.651098901098901,0.4795836669335468,1.0,0.6072363953826754
3400.0,0.8513513513513515,0.5227272727272727,0.8057851239669422,0.7625754527162979,0.7916666666666667,0.7558139534883721,0.7491361437456807,0.6453546453546453,0.4851881505204163,1.0,0.6086914346687361
3410.0,0.8378378378378379,0.4772727272727273,0.8140495867768598,0.7605633802816902,0.7916666666666667,0.7558139534883721,0.7500575904169546,0.6442307692307692,0.48678943154523613,1.0,0.6099524687166554
3420.0,0.8378378378378379,0.5454545454545454,0.8057851239669422,0.7706237424547284,0.7916666666666667,0.7558139534883721,0.7475236120709514,0.6548451548451548,0.47558046437149715,1.0,0.6114075080027161
3430.0,0.8378378378378379,0.5454545454545454,0.8057851239669422,0.7766599597585514,0.7916666666666667,0.7558139534883721,0.7482146970744068,0.6519730269730271,0.4787830264211368,1.0,0.6127655446697061
3440.0,0.8513513513513515,0.5303030303030303,0.8057851239669422,0.7786720321931591,0.7916666666666667,0.7558139534883721,0.7500575904169546,0.6466033966033966,0.48358686949559637,1.0,0.6141235813366961
3450.0,0.8378378378378379,0.49242424242424243,0.8057851239669422,0.7746478873239437,0.7916666666666667,0.7441860465116279,0.7380787836903939,0.6241258741258742,0.5060048038430744,1.0,0.6154816180036862
3460.0,0.8378378378378379,0.48484848484848486,0.8140495867768598,0.7665995975855131,0.788888888888889,0.7441860465116279,0.7396913153651232,0.6252497502497503,0.5044035228182545,1.0,0.6166456494325347
3470.0,0.8513513513513515,0.4772727272727273,0.8057851239669422,0.7686116700201208,0.788888888888889,0.7441860465116279,0.7396913153651232,0.6227522477522478,0.5076060848678943,1.0,0.617906683480454
3480.0,0.8513513513513515,0.4696969696969697,0.7975206611570247,0.7665995975855131,0.788888888888889,0.7441860465116279,0.7383091453582123,0.6245004995004995,0.5052041633306645,1.0,0.6190707149093025
3490.0,0.8243243243243243,0.4772727272727273,0.8057851239669422,0.7645875251509054,0.788888888888889,0.7441860465116279,0.737618060354757,0.6257492507492508,0.5044035228182545,1.0,0.6202347463381511
3500.0,0.8513513513513515,0.5151515151515151,0.7975206611570247,0.7625754527162979,0.788888888888889,0.7441860465116279,0.7378484220225754,0.624875124875125,0.5052041633306645,1.0,0.6213987777669997
3510.0,0.8378378378378379,0.5303030303030303,0.8057851239669422,0.7665995975855131,0.788888888888889,0.7325581395348838,0.7256392536281963,0.6056443556443556,0.5244195356285027,1.0,0.6225628091958483
3520.0,0.8513513513513515,0.5227272727272727,0.7975206611570247,0.7605633802816902,0.788888888888889,0.7325581395348838,0.7265607002994702,0.5986513486513487,0.5308246597277821,1.0,0.6236298380056262
3530.0,0.8513513513513515,0.5075757575757576,0.7975206611570247,0.7706237424547284,0.7861111111111111,0.7325581395348838,0.7260999769638332,0.6035214785214784,0.5268214571657326,1.0,0.6245998641963333
3540.0,0.8513513513513515,0.5454545454545454,0.7975206611570247,0.7665995975855131,0.7861111111111111,0.7325581395348838,0.7242570836212854,0.610014985014985,0.5204163330664531,1.0,0.6256668930061112
3550.0,0.8513513513513515,0.4772727272727273,0.8057851239669422,0.7665995975855131,0.7861111111111111,0.7325581395348838,0.7265607002994702,0.6000249750249751,0.5292233787029623,1.0,0.6266369191968184
3560.0,0.8378378378378379,0.49242424242424243,0.7975206611570247,0.7645875251509054,0.7861111111111111,0.7325581395348838,0.7267910619672886,0.6061438561438561,0.5244195356285027,1.0,0.6277039480065962
3570.0,0.8513513513513515,0.5,0.8057851239669422,0.7585513078470826,0.7861111111111111,0.7209302325581396,0.7155033402441834,0.5786713286713288,0.5508406725380304,1.0,0.6286739741973034
3580.0,0.8378378378378379,0.4696969696969697,0.8057851239669422,0.7545271629778673,0.7861111111111111,0.7209302325581396,0.7159640635798203,0.5777972027972027,0.5516413130504403,1.0,0.6295469977689399
3590.0,0.8513513513513515,0.5,0.8057851239669422,0.7484909456740443,0.7861111111111111,0.7209302325581396,0.7145818935729095,0.5826673326673326,0.5468374699759807,1.0,0.6305170239596469
3600.0,0.8513513513513515,0.49242424242424243,0.8057851239669422,0.7525150905432596,0.7861111111111111,0.7209302325581396,0.713890808569454,0.5874125874125875,0.5420336269015211,1.0,0.6313900475312834
3610.0,0.8513513513513515,0.43939393939393945,0.8057851239669422,0.7505030181086519,0.7861111111111111,0.7209302325581396,0.7141211702372725,0.5835414585414584,0.5460368294635708,1.0,0.6322630711029198
3620.0,0.8513513513513515,0.5,0.8140495867768598,0.7484909456740443,0.7861111111111111,0.7209302325581396,0.7129693618981802,0.5826673326673326,0.5468374699759807,1.0,0.6331360946745562
3630.0,0.8513513513513515,0.46212121212121215,0.7975206611570247,0.7545271629778673,0.7861111111111111,0.0,0.6560700299470168,0.4420579420579421,0.6861489191353082,1.0,0.6340091182461927
3640.0,0.8378378378378379,0.46212121212121215,0.8140495867768598,0.7585513078470826,0.7611111111111112,0.0,0.000230361667818475,0.18181818181818182,0.9999999999999999,1.0,0.6329420894364148
3650.0,0.783783783783784,0.4545454545454546,0.8057851239669422,0.7505030181086519,0.7416666666666667,0.0,0.00046072333563695,0.18181818181818182,0.9999999999999999,1.0,0.6319720632457076
3660.0,0.7702702702702704,0.43939393939393945,0.8140495867768598,0.7344064386317908,0.7222222222222222,0.0,0.00046072333563695,0.18181818181818182,0.9999999999999999,1.0,0.6310020370550006
3670.0,0.7567567567567568,0.40909090909090917,0.7975206611570247,0.7223340040241449,0.7111111111111111,0.0,0.000230361667818475,0.18181818181818182,0.9999999999999999,1.0,0.6299350082452226
3680.0,0.7297297297297296,0.3939393939393938,0.7975206611570247,0.7142857142857143,0.7027777777777778,0.0,0.00046072333563695,0.18181818181818182,0.9999999999999999,1.0,0.6289649820545156
3690.0,0.7162162162162162,0.3939393939393938,0.785123966942149,0.7062374245472838,0.6972222222222223,0.0,0.00046072333563695,0.18181818181818182,0.9999999999999999,1.0,0.6279949558638084
3700.0,0.7027027027027026,0.3787878787878787,0.785123966942149,0.7022132796780685,0.6944444444444444,0.0,0.00046072333563695,0.18181818181818182,0.9999999999999999,1.0,0.6270249296731012
3710.0,0.6891891891891893,0.36363636363636354,0.7975206611570247,0.6941649899396379,0.6944444444444444,0.0,0.00046072333563695,0.18181818181818182,0.9999999999999999,1.0,0.6259579008633234
3720.0,0.6756756756756757,0.36363636363636354,0.785123966942149,0.6901408450704226,0.6916666666666667,0.0,0.00046072333563695,0.18181818181818182,0.9999999999999999,1.0,0.6249878746726162
3730.0,0.6756756756756757,0.3787878787878787,0.7768595041322315,0.682092555331992,0.6916666666666667,0.0,0.00046072333563695,0.18181818181818182,0.9999999999999999,1.0,0.624017848481909
3740.0,0.6486486486486487,0.3484848484848484,0.7975206611570247,0.6800804828973843,0.6888888888888889,0.0,0.00046072333563695,0.18181818181818182,0.9999999999999999,1.0,0.6230478222912019
3750.0,0.6486486486486487,0.34090909090909083,0.7975206611570247,0.6740442655935615,0.6888888888888889,0.0,0.00046072333563695,0.18181818181818182,0.9999999999999999,1.0,0.6220777961004947
3760.0,0.6351351351351351,0.34090909090909083,0.7975206611570247,0.6760563380281691,0.6888888888888889,0.0,0.00046072333563695,0.18181818181818182,0.9999999999999999,1.0,0.6211077699097876
3770.0,0.6081081081081081,0.33333333333333326,0.785123966942149,0.6740442655935615,0.6888888888888889,0.0,0.00046072333563695,0.18181818181818182,0.9999999999999999,1.0,0.6201377437190805
3780.0,0.5945945945945945,0.33333333333333326,0.7768595041322315,0.6720321931589538,0.6888888888888889,0.0,0.00046072333563695,0.18181818181818182,0.9999999999999999,1.0,0.6191677175283733
3790.0,0.5810810810810811,0.33333333333333326,0.785123966942149,0.6680080482897385,0.6888888888888889,0.0,0.00046072333563695,0.18181818181818182,0.9999999999999999,1.0,0.6181976913376661
3800.0,0.5810810810810811,0.3181818181818181,0.7768595041322315,0.6659959758551308,0.6888888888888889,0.0,0.00046072333563695,0.18181818181818182,0.9999999999999999,1.0,0.617227665146959
3810.0,0.5675675675675675,0.33333333333333326,0.7768595041322315,0.6639839034205232,0.6861111111111111,0.0,0.00046072333563695,0.18181818181818182,0.9999999999999999,1.0,0.6162576389562519
3820.0,0.554054054054054,0.3257575757575757,0.7685950413223139,0.6639839034205232,0.6861111111111111,0.0,0.00046072333563695,0.18181818181818182,0.9999999999999999,1.0,0.6152876127655447
3830.0,0.5405405405405406,0.3257575757575757,0.7685950413223139,0.6619718309859155,0.6861111111111111,0.0,0.00046072333563695,0.18181818181818182,0.9999999999999999,1.0,0.6143175865748376
3840.0,0.5405405405405406,0.3181818181818181,0.7685950413223139,0.6619718309859155,0.6861111111111111,0.0,0.00046072333563695,0.18181818181818182,0.9999999999999999,1.0,0.6133475603841304
3850.0,0.527027027027027,0.3257575757575757,0.7768595041322315,0.6579476861167003,0.6861111111111111,0.0,0.00046072333563695,0.18181818181818182,0.9999999999999999,1.0,0.6123775341934232
3860.0,0.5,0.31060606060606055,0.7685950413223139,0.6579476861167003,0.6861111111111111,0.0,0.000230361667818475,0.18181818181818182,0.9999999999999999,1.0,0.6115045106217868
3870.0,0.5,0.31060606060606055,0.7561983471074383,0.653923541247485,0.6861111111111111,0.0,0.00046072333563695,0.18181818181818182,0.9999999999999999,1.0,0.6105344844310797
3880.0,0.4864864864864864,0.3181818181818181,0.7685950413223139,0.6579476861167003,0.6861111111111111,0.0,0.00046072333563695,0.18181818181818182,0.9999999999999999,1.0,0.6095644582403725
3890.0,0.4864864864864864,0.2954545454545454,0.7685950413223139,0.6559356136820926,0.6861111111111111,0.0,0.00046072333563695,0.18181818181818182,0.9999999999999999,1.0,0.6085944320496653
3900.0,0.472972972972973,0.31060606060606055,0.7685950413223139,0.6559356136820926,0.6861111111111111,0.0,0.00046072333563695,0.18181818181818182,0.9999999999999999,1.0,0.6077214084780289
3910.0,0.45945945945945943,0.303030303030303,0.7685950413223139,0.6559356136820926,0.6861111111111111,0.0,0.00046072333563695,0.18181818181818182,0.9999999999999999,1.0,0.6067513822873218
3920.0,0.44594594594594583,0.31060606060606055,0.7685950413223139,0.6559356136820926,0.6833333333333333,0.0,0.00046072333563695,0.18181818181818182,0.9999999999999999,1.0,0.6057813560966147
3930.0,0.44594594594594583,0.303030303030303,0.7685950413223139,0.653923541247485,0.6833333333333333,0.0,0.00046072333563695,0.18181818181818182,0.9999999999999999,1.0,0.6049083325249782
3940.0,0.43243243243243246,0.303030303030303,0.7685950413223139,0.6498993963782697,0.6833333333333333,0.0,0.00046072333563695,0.18181818181818182,0.9999999999999999,1.0,0.603938306334271
3950.0,0.41891891891891886,0.303030303030303,0.7561983471074383,0.647887323943662,0.6833333333333333,0.0,0.00046072333563695,0.18181818181818182,0.9999999999999999,1.0,0.602968280143564
3960.0,0.41891891891891886,0.303030303030303,0.7561983471074383,0.647887323943662,0.6833333333333333,0.0,0.00046072333563695,0.18181818181818182,0.9999999999999999,1.0,0.6020952565719275
3970.0,0.41891891891891886,0.2954545454545454,0.7561983471074383,0.6498993963782697,0.6805555555555556,0.0,0.000230361667818475,0.18181818181818182,0.9999999999999999,1.0,0.6011252303812203
3980.0,0.4054054054054055,0.2954545454545454,0.7561983471074383,0.6519114688128773,0.6805555555555556,0.0,0.00046072333563695,0.18181818181818182,0.9999999999999999,1.0,0.6002522068095839
3990.0,0.4054054054054055,0.2803030303030303,0.7685950413223139,0.6519114688128773,0.6805555555555556,0.0,0.00046072333563695,0.18181818181818182,0.9999999999999999,1.0,0.5992821806188767
4000.0,0.3918918918918919,0.28787878787878785,0.7479338842975207,0.6498993963782697,0.6805555555555556,0.0,0.00046072333563695,0.18181818181818182,0.9999999999999999,1.0,0.5984091570472403
4010.0,0.3918918918918919,0.2954545454545454,0.7479338842975207,0.6458752515090543,0.6805555555555556,0.0,0.00046072333563695,0.18181818181818182,0.9999999999999999,1.0,0.5974391308565332
4020.0,0.3918918918918919,0.28787878787878785,0.7561983471074383,0.6458752515090543,0.6805555555555556,0.0,0.000230361667818475,0.18181818181818182,0.9999999999999999,1.0,0.5965661072848968
4030.0,0.3648648648648649,0.2803030303030303,0.7479338842975207,0.6458752515090543,0.6805555555555556,0.0,0.00046072333563695,0.18181818181818182,0.9999999999999999,1.0,0.5955960810941896
4040.0,0.3648648648648649,0.28787878787878785,0.7479338842975207,0.6458752515090543,0.6805555555555556,0.0,0.00046072333563695,0.18181818181818182,0.9999999999999999,1.0,0.5947230575225532
4050.0,0.3513513513513513,0.28787878787878785,0.7479338842975207,0.6438631790744467,0.6805555555555556,0.0,0.00046072333563695,0.18181818181818182,0.9999999999999999,1.0,0.5938500339509167
4060.0,0.3513513513513513,0.2727272727272727,0.7561983471074383,0.6418511066398391,0.6805555555555556,0.0,0.00046072333563695,0.18181818181818182,0.9999999999999999,1.0,0.5928800077602095
4070.0,0.3378378378378377,0.2954545454545454,0.7561983471074383,0.6418511066398391,0.6805555555555556,0.0,0.00046072333563695,0.18181818181818182,0.9999999999999999,1.0,0.5920069841885731
4080.0,0.3378378378378377,0.28787878787878785,0.7396694214876032,0.6438631790744467,0.6805555555555556,0.0,0.00046072333563695,0.18181818181818182,0.9999999999999999,1.0,0.5911339606169367
4090.0,0.3378378378378377,0.2803030303030303,0.7396694214876032,0.6438631790744467,0.6805555555555556,0.0,0.00046072333563695,0.18181818181818182,0.9999999999999999,1.0,0.5901639344262295
4100.0,0.3378378378378377,0.303030303030303,0.7396694214876032,0.6438631790744467,0.6805555555555556,0.0,0.00046072333563695,0.18181818181818182,0.9999999999999999,1.0,0.5892909108545931
4110.0,0.3378378378378377,0.2803030303030303,0.7479338842975207,0.6438631790744467,0.6805555555555556,0.0,0.00046072333563695,0.18181818181818182,0.9999999999999999,1.0,0.5884178872829566
4120.0,0.32432432432432434,0.2803030303030303,0.7396694214876032,0.6438631790744467,0.6777777777777778,0.0,0.00046072333563695,0.18181818181818182,0.9999999999999999,1.0,0.5875448637113202
4130.0,0.31081081081081074,0.2803030303030303,0.7396694214876032,0.6418511066398391,0.6777777777777778,0.0,0.00046072333563695,0.18181818181818182,0.9999999999999999,1.0,0.5865748375206131
4140.0,0.31081081081081074,0.2727272727272727,0.7396694214876032,0.6398390342052315,0.6777777777777778,0.0,0.000230361667818475,0.18181818181818182,0.9999999999999999,1.0,0.5857018139489767
4150.0,0.31081081081081074,0.28787878787878785,0.7396694214876032,0.6378269617706238,0.6777777777777778,0.0,0.00046072333563695,0.18181818181818182,0.9999999999999999,1.0,0.5848287903773403
4160.0,0.29729729729729715,0.2727272727272727,0.7396694214876032,0.6418511066398391,0.6777777777777778,0.0,0.00046072333563695,0.18181818181818182,0.9999999999999999,1.0,0.5839557668057038
4170.0,0.29729729729729715,0.2803030303030303,0.7396694214876032,0.6398390342052315,0.6777777777777778,0.0,0.00046072333563695,0.18181818181818182,0.9999999999999999,1.0,0.5830827432340674
4180.0,0.28378378378378377,0.28787878787878785,0.7396694214876032,0.6398390342052315,0.675,0.0,0.00046072333563695,0.18181818181818182,0.9999999999999999,1.0,0.582209719662431
4190.0,0.29729729729729715,0.2727272727272727,0.7479338842975207,0.6378269617706238,0.6777777777777778,0.0,0.00046072333563695,0.18181818181818182,0.9999999999999999,1.0,0.5813366960907945
4200.0,0.28378378378378377,0.2727272727272727,0.7272727272727275,0.6378269617706238,0.6777777777777778,0.0,0.00046072333563695,0.18181818181818182,0.9999999999999999,1.0,0.5804636725191581
4210.0,0.2702702702702702,0.26515151515151514,0.7396694214876032,0.6378269617706238,0.675,0.0,0.00046072333563695,0.18181818181818182,0.9999999999999999,1.0,0.5795906489475217
4220.0,0.2702702702702702,0.26515151515151514,0.7272727272727275,0.6378269617706238,0.675,0.0,0.00046072333563695,0.18181818181818182,0.9999999999999999,1.0,0.5787176253758852
4230.0,0.2702702702702702,0.26515151515151514,0.7396694214876032,0.6358148893360162,0.675,0.0,0.00046072333563695,0.18181818181818182,0.9999999999999999,1.0,0.5778446018042488
4240.0,0.2702702702702702,0.26515151515151514,0.71900826446281,0.6338028169014085,0.675,0.0,0.000230361667818475,0.18181818181818182,0.9999999999999999,1.0,0.5769715782326124
4250.0,0.2702702702702702,0.26515151515151514,0.71900826446281,0.6338028169014085,0.675,0.0,0.00046072333563695,0.18181818181818182,0.9999999999999999,1.0,0.5760985546609759
4260.0,0.2567567567567568,0.26515151515151514,0.7272727272727275,0.6338028169014085,0.675,0.0,0.00046072333563695,0.18181818181818182,0.9999999999999999,1.0,0.5752255310893395
4270.0,0.2567567567567568,0.2803030303030303,0.7272727272727275,0.6338028169014085,0.675,0.0,0.00046072333563695,0.18181818181818182,0.9999999999999999,1.0,0.5743525075177031
4280.0,0.2567567567567568,0.26515151515151514,0.7272727272727275,0.6338028169014085,0.675,0.0,0.00046072333563695,0.18181818181818182,0.9999999999999999,1.0,0.5734794839460666
4290.0,0.2567567567567568,0.25757575757575757,0.7272727272727275,0.6338028169014085,0.6722222222222223,0.0,0.00046072333563695,0.18181818181818182,0.9999999999999999,1.0,0.5726064603744302
4300.0,0.2432432432432432,0.26515151515151514,0.71900826446281,0.6297786720321932,0.6722222222222223,0.0,0.00046072333563695,0.18181818181818182,0.9999999999999999,1.0,0.5718304394218644
4310.0,0.2297297297297296,0.25757575757575757,0.7272727272727275,0.6297786720321932,0.6722222222222223,0.0,0.00046072333563695,0.18181818181818182,0.9999999999999999,1.0,0.570957415850228
4320.0,0.2432432432432432,0.26515151515151514,0.71900826446281,0.6297786720321932,0.6722222222222223,0.0,0.00046072333563695,0.18181818181818182,0.9999999999999999,1.0,0.5700843922785915
4330.0,0.2297297297297296,0.26515151515151514,0.7107438016528924,0.6297786720321932,0.6722222222222223,0.0,0.00046072333563695,0.18181818181818182,0.9999999999999999,1.0,0.5692113687069551
4340.0,0.2297297297297296,0.25757575757575757,0.7272727272727275,0.625754527162978,0.6722222222222223,0.0,0.000230361667818475,0.18181818181818182,0.9999999999999999,1.0,0.5683383451353187
4350.0,0.2297297297297296,0.25757575757575757,0.71900826446281,0.625754527162978,0.6722222222222223,0.0,0.00046072333563695,0.18181818181818182,0.9999999999999999,1.0,0.567562324182753
4360.0,0.2297297297297296,0.25757575757575757,0.7107438016528924,0.625754527162978,0.6722222222222223,0.0,0.00046072333563695,0.18181818181818182,0.9999999999999999,1.0,0.5666893006111166
4370.0,0.21621621621621623,0.26515151515151514,0.7107438016528924,0.625754527162978,0.6722222222222223,0.0,0.00046072333563695,0.18181818181818182,0.9999999999999999,1.0,0.5658162770394801
4380.0,0.21621621621621623,0.25757575757575757,0.7107438016528924,0.625754527162978,0.6722222222222223,0.0,0.00046072333563695,0.18181818181818182,0.9999999999999999,1.0,0.5650402560869143
4390.0,0.20270270270270263,0.25,0.7107438016528924,0.625754527162978,0.6694444444444445,0.0,0.00046072333563695,0.18181818181818182,0.9999999999999999,1.0,0.5641672325152779
4400.0,0.20270270270270263,0.25,0.7107438016528924,0.625754527162978,0.6722222222222223,0.0,0.00046072333563695,0.18181818181818182,0.9999999999999999,1.0,0.5633912115627122
4410.0,0.20270270270270263,0.25757575757575757,0.71900826446281,0.625754527162978,0.6694444444444445,0.0,0.00046072333563695,0.18181818181818182,0.9999999999999999,1.0,0.5625181879910758
4420.0,0.20270270270270263,0.24242424242424243,0.7107438016528924,0.6237424547283703,0.6694444444444445,0.0,0.00046072333563695,0.18181818181818182,0.9999999999999999,1.0,0.5616451644194393
4430.0,0.20270270270270263,0.25,0.6983471074380168,0.6217303822937627,0.6694444444444445,0.0,0.00046072333563695,0.18181818181818182,0.9999999999999999,1.0,0.5608691434668737
4440.0,0.18918918918918926,0.25,0.6983471074380168,0.6217303822937627,0.6694444444444445,0.0,0.00046072333563695,0.18181818181818182,0.9999999999999999,1.0,0.5599961198952372
4450.0,0.18918918918918926,0.25,0.71900826446281,0.6217303822937627,0.6694444444444445,0.0,0.00046072333563695,0.18181818181818182,0.9999999999999999,1.0,0.5592200989426714
4460.0,0.18918918918918926,0.25757575757575757,0.7107438016528924,0.6217303822937627,0.6694444444444445,0.0,0.00046072333563695,0.18181818181818182,0.9999999999999999,1.0,0.558347075371035
4470.0,0.18918918918918926,0.25,0.71900826446281,0.6217303822937627,0.6694444444444445,0.0,0.00046072333563695,0.18181818181818182,0.9999999999999999,1.0,0.5575710544184693
4480.0,0.18918918918918926,0.25,0.6983471074380168,0.6217303822937627,0.6694444444444445,0.0,0.00046072333563695,0.18181818181818182,0.9999999999999999,1.0,0.5566980308468329
4490.0,0.18918918918918926,0.25,0.7107438016528924,0.6217303822937627,0.6694444444444445,0.0,0.00046072333563695,0.18181818181818182,0.9999999999999999,1.0,0.5559220098942672
4500.0,0.18918918918918926,0.25757575757575757,0.7107438016528924,0.6217303822937627,0.6694444444444445,0.0,0.00046072333563695,0.18181818181818182,0.9999999999999999,1.0,0.5551459889417014
4510.0,0.17567567567567566,0.23484848484848486,0.6983471074380168,0.6217303822937627,0.6666666666666667,0.0,0.00046072333563695,0.18181818181818182,0.9999999999999999,1.0,0.554272965370065
4520.0,0.17567567567567566,0.24242424242424243,0.6983471074380168,0.6217303822937627,0.6666666666666667,0.0,0.00046072333563695,0.18181818181818182,0.9999999999999999,1.0,0.5534969444174993
4530.0,0.17567567567567566,0.24242424242424243,0.6983471074380168,0.6177062374245473,0.6666666666666667,0.0,0.00046072333563695,0.18181818181818182,0.9999999999999999,1.0,0.5527209234649336
4540.0,0.16216216216216206,0.24242424242424243,0.6983471074380168,0.6177062374245473,0.6666666666666667,0.0,0.00046072333563695,0.18181818181818182,0.9999999999999999,1.0,0.5518478998932972
4550.0,0.17567567567567566,0.24242424242424243,0.6983471074380168,0.6156941649899397,0.6666666666666667,0.0,0.00046072333563695,0.18181818181818182,0.9999999999999999,1.0,0.5510718789407314
4560.0,0.16216216216216206,0.24242424242424243,0.6983471074380168,0.6156941649899397,0.6666666666666667,0.0,0.00046072333563695,0.18181818181818182,0.9999999999999999,1.0,0.5502958579881657
4570.0,0.16216216216216206,0.24242424242424243,0.6983471074380168,0.6177062374245473,0.6666666666666667,0.0,0.00046072333563695,0.18181818181818182,0.9999999999999999,1.0,0.5494228344165293
4580.0,0.16216216216216206,0.23484848484848486,0.6983471074380168,0.6177062374245473,0.6666666666666667,0.0,0.00046072333563695,0.18181818181818182,0.9999999999999999,1.0,0.5486468134639636
4590.0,0.16216216216216206,0.2272727272727273,0.6900826446280992,0.6177062374245473,0.6666666666666667,0.0,0.00046072333563695,0.18181818181818182,0.9999999999999999,1.0,0.5478707925113978
4600.0,0.16216216216216206,0.24242424242424243,0.6983471074380168,0.613682092555332,0.6666666666666667,0.0,0.00046072333563695,0.18181818181818182,0.9999999999999999,1.0,0.5470947715588321
4610.0,0.16216216216216206,0.23484848484848486,0.6818181818181821,0.6156941649899397,0.6666666666666667,0.0,0.00046072333563695,0.18181818181818182,0.9999999999999999,1.0,0.5463187506062664
4620.0,0.14864864864864868,0.23484848484848486,0.6900826446280992,0.613682092555332,0.6666666666666667,0.0,0.00046072333563695,0.18181818181818182,0.9999999999999999,1.0,0.54544572703463
4630.0,0.14864864864864868,0.23484848484848486,0.7107438016528924,0.6156941649899397,0.6666666666666667,0.0,0.00046072333563695,0.18181818181818182,0.9999999999999999,1.0,0.5446697060820642
4640.0,0.14864864864864868,0.24242424242424243,0.6900826446280992,0.6096579476861167,0.6638888888888889,0.0,0.00046072333563695,0.18181818181818182,0.9999999999999999,1.0,0.5438936851294985
4650.0,0.16216216216216206,0.21969696969696972,0.6983471074380168,0.6096579476861167,0.6638888888888889,0.0,0.00046072333563695,0.18181818181818182,0.9999999999999999,1.0,0.5431176641769329
4660.0,0.14864864864864868,0.2272727272727273,0.6818181818181821,0.6096579476861167,0.6638888888888889,0.0,0.00046072333563695,0.18181818181818182,0.9999999999999999,1.0,0.5423416432243671
4670.0,0.1351351351351351,0.23484848484848486,0.6900826446280992,0.6116700201207244,0.6638888888888889,0.0,0.00046072333563695,0.18181818181818182,0.9999999999999999,1.0,0.5415656222718014
4680.0,0.14864864864864868,0.21969696969696972,0.6900826446280992,0.6116700201207244,0.6638888888888889,0.0,0.00046072333563695,0.18181818181818182,0.9999999999999999,1.0,0.5407896013192357
4690.0,0.1351351351351351,0.21969696969696972,0.6983471074380168,0.6116700201207244,0.6638888888888889,0.0,0.00046072333563695,0.18181818181818182,0.9999999999999999,1.0,0.5400135803666699
4700.0,0.1351351351351351,0.21969696969696972,0.6900826446280992,0.6116700201207244,0.6638888888888889,0.0,0.00046072333563695,0.18181818181818182,0.9999999999999999,1.0,0.5392375594141042
4710.0,0.1351351351351351,0.2272727272727273,0.6900826446280992,0.6116700201207244,0.6638888888888889,0.0,0.00046072333563695,0.18181818181818182,0.9999999999999999,1.0,0.5384615384615385
4720.0,0.1351351351351351,0.23484848484848486,0.6900826446280992,0.6116700201207244,0.6638888888888889,0.0,0.00046072333563695,0.18181818181818182,0.9999999999999999,1.0,0.5376855175089728
4730.0,0.1351351351351351,0.2272727272727273,0.6900826446280992,0.6096579476861167,0.6611111111111111,0.0,0.00046072333563695,0.18181818181818182,0.9999999999999999,1.0,0.5369094965564071
4740.0,0.1351351351351351,0.21212121212121215,0.6818181818181821,0.6096579476861167,0.6638888888888889,0.0,0.00046072333563695,0.18181818181818182,0.9999999999999999,1.0,0.5361334756038414
4750.0,0.1351351351351351,0.21969696969696972,0.6818181818181821,0.6076458752515091,0.6611111111111111,0.0,0.000230361667818475,0.18181818181818182,0.9999999999999999,1.0,0.5353574546512756
4760.0,0.12162162162162149,0.2272727272727273,0.6900826446280992,0.6076458752515091,0.6611111111111111,0.0,0.00046072333563695,0.18181818181818182,0.9999999999999999,1.0,0.5345814336987099
4770.0,0.12162162162162149,0.21212121212121215,0.6818181818181821,0.6056338028169015,0.6611111111111111,0.0,0.00046072333563695,0.18181818181818182,0.9999999999999999,1.0,0.5338054127461441
4780.0,0.12162162162162149,0.2272727272727273,0.6818181818181821,0.6056338028169015,0.6611111111111111,0.0,0.00046072333563695,0.18181818181818182,0.9999999999999999,1.0,0.5331263944126492
4790.0,0.12162162162162149,0.21969696969696972,0.669421487603306,0.6056338028169015,0.6611111111111111,0.0,0.00046072333563695,0.18181818181818182,0.9999999999999999,1.0,0.5323503734600834
4800.0,0.12162162162162149,0.21212121212121215,0.669421487603306,0.6056338028169015,0.6611111111111111,0.0,0.000691085003455425,0.18181818181818182,0.9999999999999999,1.0,0.5315743525075177
4810.0,0.12162162162162149,0.21212121212121215,0.6818181818181821,0.6056338028169015,0.6611111111111111,0.0,0.00046072333563695,0.18181818181818182,0.9999999999999999,1.0,0.530798331554952
4820.0,0.12162162162162149,0.20454545454545459,0.6818181818181821,0.6096579476861167,0.6611111111111111,0.0,0.00046072333563695,0.18181818181818182,0.9999999999999999,1.0,0.5300223106023862
4830.0,0.12162162162162149,0.2272727272727273,0.6818181818181821,0.6096579476861167,0.6583333333333333,0.0,0.00046072333563695,0.18181818181818182,0.9999999999999999,1.0,0.5293432922688913
4840.0,0.10810810810810811,0.21212121212121215,0.6818181818181821,0.6096579476861167,0.6611111111111111,0.0,0.00046072333563695,0.18181818181818182,0.9999999999999999,1.0,0.5285672713163255
4850.0,0.12162162162162149,0.21212121212121215,0.6818181818181821,0.6056338028169015,0.6583333333333333,0.0,0.00046072333563695,0.18181818181818182,0.9999999999999999,1.0,0.5277912503637598
4860.0,0.12162162162162149,0.20454545454545459,0.6611570247933884,0.6056338028169015,0.6583333333333333,0.0,0.00046072333563695,0.18181818181818182,0.9999999999999999,1.0,0.5271122320302648
4870.0,0.12162162162162149,0.21212121212121215,0.669421487603306,0.6036217303822938,0.6583333333333333,0.0,0.00046072333563695,0.18181818181818182,0.9999999999999999,1.0,0.5263362110776991
4880.0,0.10810810810810811,0.21969696969696972,0.669421487603306,0.6036217303822938,0.6583333333333333,0.0,0.00046072333563695,0.18181818181818182,0.9999999999999999,1.0,0.5255601901251334
4890.0,0.10810810810810811,0.21212121212121215,0.669421487603306,0.6036217303822938,0.6583333333333333,0.0,0.00046072333563695,0.18181818181818182,0.9999999999999999,1.0,0.5248811717916384
4900.0,0.10810810810810811,0.21212121212121215,0.6611570247933884,0.6036217303822938,0.6583333333333333,0.0,0.00046072333563695,0.18181818181818182,0.9999999999999999,1.0,0.5241051508390727
4910.0,0.10810810810810811,0.20454545454545459,0.669421487603306,0.6036217303822938,0.6583333333333333,0.0,0.00046072333563695,0.18181818181818182,0.9999999999999999,1.0,0.5233291298865069
4920.0,0.10810810810810811,0.21212121212121215,0.669421487603306,0.6036217303822938,0.6583333333333333,0.0,0.00046072333563695,0.18181818181818182,0.9999999999999999,1.0,0.522650111553012
4930.0,0.12162162162162149,0.20454545454545459,0.669421487603306,0.6016096579476862,0.6583333333333333,0.0,0.00046072333563695,0.18181818181818182,0.9999999999999999,1.0,0.5218740906004462
4940.0,0.10810810810810811,0.21212121212121215,0.669421487603306,0.6016096579476862,0.6583333333333333,0.0,0.00046072333563695,0.18181818181818182,0.9999999999999999,1.0,0.5211950722669513
4950.0,0.10810810810810811,0.19696969696969702,0.6611570247933884,0.6016096579476862,0.6583333333333333,0.0,0.00046072333563695,0.18181818181818182,0.9999999999999999,1.0,0.5204190513143855
4960.0,0.09459459459459452,0.19696969696969702,0.6611570247933884,0.6016096579476862,0.6583333333333333,0.0,0.00046072333563695,0.18181818181818182,0.9999999999999999,1.0,0.5197400329808906
4970.0,0.09459459459459452,0.20454545454545459,0.6611570247933884,0.6016096579476862,0.6555555555555556,0.0,0.00046072333563695,0.18181818181818182,0.9999999999999999,1.0,0.5189640120283248
4980.0,0.10810810810810811,0.20454545454545459,0.669421487603306,0.6016096579476862,0.6555555555555556,0.0,0.00046072333563695,0.18181818181818182,0.9999999999999999,1.0,0.5182849936948298
4990.0,0.10810810810810811,0.21212121212121215,0.669421487603306,0.5995975855130785,0.6555555555555556,0.0,0.00046072333563695,0.18181818181818182,0.9999999999999999,1.0,0.517508972742264
5000.0,0.10810810810810811,0.21212121212121215,0.669421487603306,0.5995975855130785,0.6555555555555556,0.0,0.00046072333563695,0.18181818181818182,0.9999999999999999,1.0,0.5168299544087691
5010.0,0.09459459459459452,0.20454545454545459,0.6611570247933884,0.5975855130784709,0.6555555555555556,0.0,0.00046072333563695,0.18181818181818182,0.9999999999999999,1.0,0.5160539334562033
5020.0,0.09459459459459452,0.20454545454545459,0.669421487603306,0.6016096579476862,0.6555555555555556,0.0,0.000230361667818475,0.18181818181818182,0.9999999999999999,1.0,0.5153749151227084
5030.0,0.09459459459459452,0.18939393939393945,0.6611570247933884,0.6016096579476862,0.6555555555555556,0.0,0.00046072333563695,0.18181818181818182,0.9999999999999999,1.0,0.5146958967892133
5040.0,0.09459459459459452,0.20454545454545459,0.6611570247933884,0.6016096579476862,0.6555555555555556,0.0,0.00046072333563695,0.18181818181818182,0.9999999999999999,1.0,0.5139198758366477
5050.0,0.09459459459459452,0.20454545454545459,0.669421487603306,0.5975855130784709,0.6555555555555556,0.0,0.00046072333563695,0.18181818181818182,0.9999999999999999,1.0,0.5132408575031526
5060.0,0.08108108108108092,0.18939393939393945,0.6528925619834713,0.5935613682092555,0.6555555555555556,0.0,0.00046072333563695,0.18181818181818182,0.9999999999999999,1.0,0.5125618391696576
5070.0,0.09459459459459452,0.19696969696969702,0.6611570247933884,0.591549295774648,0.6555555555555556,0.0,0.00046072333563695,0.18181818181818182,0.9999999999999999,1.0,0.5117858182170919
5080.0,0.09459459459459452,0.19696969696969702,0.669421487603306,0.591549295774648,0.6555555555555556,0.0,0.00046072333563695,0.18181818181818182,0.9999999999999999,1.0,0.5111067998835969
5090.0,0.08108108108108092,0.19696969696969702,0.6528925619834713,0.5935613682092555,0.6555555555555556,0.0,0.00046072333563695,0.18181818181818182,0.9999999999999999,1.0,0.5104277815501019
5100.0,0.08108108108108092,0.18939393939393945,0.6404958677685952,0.5955734406438632,0.6527777777777778,0.0,0.00046072333563695,0.18181818181818182,0.9999999999999999,1.0,0.5097487632166069
5110.0,0.08108108108108092,0.19696969696969702,0.6528925619834713,0.5955734406438632,0.6527777777777778,0.0,0.00046072333563695,0.18181818181818182,0.9999999999999999,1.0,0.5089727422640412
5120.0,0.08108108108108092,0.19696969696969702,0.6528925619834713,0.5935613682092555,0.6527777777777778,0.0,0.00046072333563695,0.18181818181818182,0.9999999999999999,1.0,0.5082937239305462
5130.0,0.08108108108108092,0.18939393939393945,0.6528925619834713,0.5935613682092555,0.6527777777777778,0.0,0.00046072333563695,0.18181818181818182,0.9999999999999999,1.0,0.5076147055970511
5140.0,0.08108108108108092,0.18939393939393945,0.6528925619834713,0.591549295774648,0.6527777777777778,0.0,0.00046072333563695,0.18181818181818182,0.9999999999999999,1.0,0.5069356872635562
5150.0,0.09459459459459452,0.19696969696969702,0.6404958677685952,0.5895372233400403,0.6527777777777778,0.0,0.00046072333563695,0.18181818181818182,0.9999999999999999,1.0,0.5062566689300612
5160.0,0.09459459459459452,0.18939393939393945,0.6404958677685952,0.5895372233400403,0.6527777777777778,0.0,0.00046072333563695,0.18181818181818182,0.9999999999999999,1.0,0.5054806479774955
5170.0,0.08108108108108092,0.18939393939393945,0.6611570247933884,0.5895372233400403,0.6527777777777778,0.0,0.00046072333563695,0.18181818181818182,0.9999999999999999,1.0,0.5048016296440004
5180.0,0.09459459459459452,0.18939393939393945,0.6528925619834713,0.591549295774648,0.6527777777777778,0.0,0.00046072333563695,0.18181818181818182,0.9999999999999999,1.0,0.5041226113105054
5190.0,0.08108108108108092,0.18939393939393945,0.6528925619834713,0.591549295774648,0.6527777777777778,0.0,0.00046072333563695,0.18181818181818182,0.9999999999999999,1.0,0.5034435929770104
5200.0,0.08108108108108092,0.18939393939393945,0.6404958677685952,0.591549295774648,0.6527777777777778,0.0,0.00046072333563695,0.18181818181818182,0.9999999999999999,1.0,0.5027645746435154
5210.0,0.06756756756756754,0.18939393939393945,0.6404958677685952,0.591549295774648,0.6527777777777778,0.0,0.00046072333563695,0.18181818181818182,0.9999999999999999,1.0,0.5020855563100204
5220.0,0.09459459459459452,0.1742424242424243,0.6528925619834713,0.591549295774648,0.65,0.0,0.00046072333563695,0.18181818181818182,0.9999999999999999,1.0,0.5014065379765253
5230.0,0.09459459459459452,0.18939393939393945,0.6528925619834713,0.5895372233400403,0.6527777777777778,0.0,0.00046072333563695,0.18181818181818182,0.9999999999999999,1.0,0.5007275196430304
5240.0,0.08108108108108092,0.18939393939393945,0.6528925619834713,0.5895372233400403,0.6527777777777778,0.0,0.000691085003455425,0.18181818181818182,0.9999999999999999,1.0,0.5000485013095354
5250.0,0.06756756756756754,0.18939393939393945,0.6322314049586777,0.5875251509054327,0.65,0.0,0.00046072333563695,0.18181818181818182,0.9999999999999999,1.0,0.4993694829760404
5260.0,0.06756756756756754,0.1742424242424243,0.6528925619834713,0.5875251509054327,0.65,0.0,0.00046072333563695,0.18181818181818182,0.9999999999999999,1.0,0.4986904646425454
5270.0,0.08108108108108092,0.18181818181818188,0.6404958677685952,0.585513078470825,0.65,0.0,0.00046072333563695,0.18181818181818182,0.9999999999999999,1.0,0.49801144630905037
5280.0,0.08108108108108092,0.18181818181818188,0.6404958677685952,0.585513078470825,0.65,0.0,0.00046072333563695,0.18181818181818182,0.9999999999999999,1.0,0.4973324279755554
5290.0,0.08108108108108092,0.18181818181818188,0.6404958677685952,0.5875251509054327,0.65,0.0,0.00046072333563695,0.18181818181818182,0.9999999999999999,1.0,0.4966534096420604
5300.0,0.06756756756756754,0.18181818181818188,0.6404958677685952,0.5895372233400403,0.65,0.0,0.00046072333563695,0.18181818181818182,0.9999999999999999,1.0,0.49597439130856535
5310.0,0.06756756756756754,0.18181818181818188,0.6404958677685952,0.5895372233400403,0.65,0.0,0.00046072333563695,0.18181818181818182,0.9999999999999999,1.0,0.49529537297507037
5320.0,0.06756756756756754,0.18939393939393945,0.6404958677685952,0.5895372233400403,0.65,0.0,0.00046072333563695,0.18181818181818182,0.9999999999999999,1.0,0.49461635464157533
5330.0,0.06756756756756754,0.18181818181818188,0.6322314049586777,0.5895372233400403,0.65,0.0,0.00046072333563695,0.18181818181818182,0.9999999999999999,1.0,0.49403433892715104
5340.0,0.06756756756756754,0.1742424242424243,0.6404958677685952,0.5895372233400403,0.65,0.0,0.00046072333563695,0.18181818181818182,0.9999999999999999,1.0,0.49335532059365605
5350.0,0.08108108108108092,0.18181818181818188,0.6322314049586777,0.585513078470825,0.65,0.0,0.00046072333563695,0.18181818181818182,0.9999999999999999,1.0,0.49267630226016107
5360.0,0.06756756756756754,0.18181818181818188,0.6322314049586777,0.585513078470825,0.65,0.0,0.000691085003455425,0.18181818181818182,0.9999999999999999,1.0,0.49199728392666603
5370.0,0.06756756756756754,0.1742424242424243,0.6322314049586777,0.5835010060362174,0.65,0.0,0.00046072333563695,0.18181818181818182,0.9999999999999999,1.0,0.49131826559317104
5380.0,0.06756756756756754,0.1742424242424243,0.6322314049586777,0.5875251509054327,0.65,0.0,0.000691085003455425,0.18181818181818182,0.9999999999999999,1.0,0.49063924725967606
5390.0,0.08108108108108092,0.1742424242424243,0.6322314049586777,0.5875251509054327,0.6472222222222223,0.0,0.00046072333563695,0.18181818181818182,0.9999999999999999,1.0,0.49005723154525177
5400.0,0.06756756756756754,0.18939393939393945,0.6322314049586777,0.5895372233400403,0.6472222222222223,0.0,0.00046072333563695,0.18181818181818182,0.9999999999999999,1.0,0.48937821321175673
5410.0,0.06756756756756754,0.1742424242424243,0.6322314049586777,0.585513078470825,0.6472222222222223,0.0,0.00046072333563695,0.18181818181818182,0.9999999999999999,1.0,0.48869919487826174
5420.0,0.06756756756756754,0.1742424242424243,0.6322314049586777,0.5875251509054327,0.6472222222222223,0.0,0.00046072333563695,0.18181818181818182,0.9999999999999999,1.0,0.48811717916383746
5430.0,0.06756756756756754,0.1742424242424243,0.6322314049586777,0.585513078470825,0.6472222222222223,0.0,0.00046072333563695,0.18181818181818182,0.9999999999999999,1.0,0.48743816083034247
5440.0,0.3513513513513513,0.16666666666666652,0.6239669421487606,0.5814889336016097,0.6472222222222223,0.6976744186046512,0.6662059433310297,0.5468281718281718,0.5828662930344275,1.0,0.48675914249684743
5450.0,0.7162162162162162,0.15151515151515138,0.6033057851239669,0.5814889336016097,0.6805555555555556,0.6976744186046512,0.6908546417876066,0.5412087912087913,0.5884707766212969,1.0,0.4877291686875546
5460.0,0.6891891891891893,0.20454545454545459,0.6115702479338845,0.5895372233400403,0.7000000000000001,0.6976744186046512,0.6908546417876066,0.5447052947052946,0.5844675740592473,1.0,0.48869919487826174
5470.0,0.6891891891891893,0.2727272727272727,0.6239669421487606,0.5955734406438632,0.7138888888888889,0.6976744186046512,0.6908546417876066,0.5450799200799201,0.5844675740592473,1.0,0.4896692210689689
5480.0,0.6891891891891893,0.19696969696969702,0.6322314049586777,0.6096579476861167,0.725,0.6976744186046512,0.6913153651232434,0.5407092907092907,0.5884707766212969,1.0,0.49073624987874676
5490.0,0.6891891891891893,0.2954545454545454,0.6322314049586777,0.6096579476861167,0.7305555555555556,0.6976744186046512,0.6908546417876066,0.5428321678321679,0.586869495596477,1.0,0.4917062760694539
5500.0,0.6891891891891893,0.24242424242424243,0.6322314049586777,0.6217303822937627,0.7361111111111112,0.6976744186046512,0.6908546417876066,0.5407092907092907,0.5884707766212969,1.0,0.49267630226016107
5510.0,0.6756756756756757,0.2803030303030303,0.6528925619834713,0.6338028169014085,0.7388888888888889,0.6976744186046512,0.691545726791062,0.5472027972027973,0.5820656525220176,1.0,0.4936463284508682
5520.0,0.6891891891891893,0.303030303030303,0.6528925619834713,0.6378269617706238,0.7416666666666667,0.6976744186046512,0.691545726791062,0.546078921078921,0.5836669335468374,1.0,0.49461635464157533
5530.0,0.6891891891891893,0.2954545454545454,0.6528925619834713,0.6519114688128773,0.7444444444444445,0.6976744186046512,0.6920064501266989,0.5424575424575424,0.586869495596477,1.0,0.4955863808322825
5540.0,0.6891891891891893,0.3712121212121211,0.6528925619834713,0.6458752515090543,0.7444444444444445,0.6976744186046512,0.691545726791062,0.5402097902097902,0.5892714171337069,1.0,0.49655640702298964
5550.0,0.6891891891891893,0.33333333333333326,0.6611570247933884,0.653923541247485,0.7472222222222222,0.6976744186046512,0.6894724717806957,0.5480769230769231,0.5812650120096077,1.0,0.49752643321369683
5560.0,0.6891891891891893,0.3257575757575757,0.6611570247933884,0.653923541247485,0.7472222222222222,0.6976744186046512,0.6920064501266989,0.5455794205794207,0.5836669335468374,1.0,0.49849645940440396
5570.0,0.7027027027027026,0.34090909090909083,0.669421487603306,0.6559356136820926,0.7472222222222222,0.6976744186046512,0.691545726791062,0.5472027972027973,0.5820656525220176,1.0,0.4994664855951111
5580.0,0.6891891891891893,0.33333333333333326,0.669421487603306,0.6720321931589538,0.75,0.6976744186046512,0.6926975351301543,0.5384615384615385,0.5908726981585267,1.0,0.5004365117858183
5590.0,0.6891891891891893,0.3787878787878787,0.6818181818181821,0.6720321931589538,0.75,0.6976744186046512,0.6924671734623359,0.5412087912087913,0.5884707766212969,1.0,0.5013095353574547
5600.0,0.7027027027027026,0.31060606060606055,0.6818181818181821,0.6800804828973843,0.75,0.6976744186046512,0.6926975351301543,0.5415834165834166,0.587670136108887,1.0,0.5022795615481618
5610.0,0.6891891891891893,0.34090909090909083,0.6818181818181821,0.6740442655935615,0.7527777777777778,0.6976744186046512,0.6922368117945173,0.5428321678321679,0.586869495596477,1.0,0.503249587738869
5620.0,0.6891891891891893,0.36363636363636354,0.6900826446280992,0.6740442655935615,0.7527777777777778,0.6976744186046512,0.6908546417876066,0.5433316683316682,0.5860688550840671,1.0,0.5041226113105054
5630.0,0.6891891891891893,0.3181818181818181,0.6818181818181821,0.6861167002012073,0.7555555555555555,0.6976744186046512,0.6913153651232434,0.5407092907092907,0.5884707766212969,1.0,0.5050926375012126
5640.0,0.6891891891891893,0.36363636363636354,0.6900826446280992,0.6780684104627768,0.7555555555555555,0.6976744186046512,0.691545726791062,0.5480769230769231,0.5812650120096077,1.0,0.5060626636919198
5650.0,0.6891891891891893,0.3257575757575757,0.6818181818181821,0.6941649899396379,0.7555555555555555,0.6976744186046512,0.6913153651232434,0.5415834165834166,0.587670136108887,1.0,0.5069356872635562
5660.0,0.7027027027027026,0.36363636363636354,0.6900826446280992,0.688128772635815,0.7555555555555555,0.6976744186046512,0.6922368117945173,0.5419580419580419,0.587670136108887,1.0,0.5079057134542633
5670.0,0.6891891891891893,0.38636363636363624,0.6818181818181821,0.6901408450704226,0.7555555555555555,0.6976744186046512,0.6903939184519696,0.5428321678321679,0.586869495596477,1.0,0.5088757396449705
5680.0,0.6891891891891893,0.36363636363636354,0.6900826446280992,0.682092555331992,0.7555555555555555,0.6976744186046512,0.6913153651232434,0.5412087912087913,0.5884707766212969,1.0,0.5097487632166069
5690.0,0.6891891891891893,0.3712121212121211,0.6900826446280992,0.6760563380281691,0.7555555555555555,0.6976744186046512,0.691545726791062,0.5455794205794207,0.5836669335468374,1.0,0.5107187894073141
5700.0,0.7027027027027026,0.3257575757575757,0.6983471074380168,0.682092555331992,0.7583333333333334,0.6976744186046512,0.6917760884588804,0.5433316683316682,0.5860688550840671,1.0,0.5115918129789505
5710.0,0.7027027027027026,0.41666666666666674,0.6900826446280992,0.6760563380281691,0.7555555555555555,0.6976744186046512,0.6903939184519696,0.5468281718281718,0.5828662930344275,1.0,0.5125618391696576
5720.0,0.7027027027027026,0.35606060606060597,0.6900826446280992,0.682092555331992,0.7583333333333334,0.6976744186046512,0.691085003455425,0.5402097902097902,0.5892714171337069,1.0,0.513434862741294
5730.0,0.6891891891891893,0.35606060606060597,0.6818181818181821,0.6941649899396379,0.7583333333333334,0.6976744186046512,0.6922368117945173,0.5402097902097902,0.5892714171337069,1.0,0.5143078863129305
5740.0,0.7027027027027026,0.38636363636363624,0.6900826446280992,0.6921529175050303,0.7583333333333334,0.6976744186046512,0.6913153651232434,0.546078921078921,0.5836669335468374,1.0,0.5151809098845669
5750.0,0.6891891891891893,0.35606060606060597,0.6900826446280992,0.6921529175050303,0.7583333333333334,0.6976744186046512,0.6913153651232434,0.5447052947052946,0.5844675740592473,1.0,0.5161509360752741
5760.0,0.7027027027027026,0.4318181818181819,0.6900826446280992,0.6841046277665996,0.7583333333333334,0.6976744186046512,0.6908546417876066,0.5450799200799201,0.5844675740592473,1.0,0.5171209622659813
5770.0,0.7027027027027026,0.3939393939393938,0.6900826446280992,0.6861167002012073,0.7583333333333334,0.6976744186046512,0.6892421101128772,0.5407092907092907,0.5884707766212969,1.0,0.5179939858376177
5780.0,0.6891891891891893,0.3787878787878787,0.6983471074380168,0.6901408450704226,0.7583333333333334,0.6976744186046512,0.6922368117945173,0.5464535464535465,0.5828662930344275,1.0,0.5188670094092541
5790.0,0.7027027027027026,0.3939393939393938,0.6900826446280992,0.688128772635815,0.7611111111111112,0.6976744186046512,0.6908546417876066,0.5447052947052946,0.5844675740592473,1.0,0.5197400329808906
5800.0,0.7027027027027026,0.35606060606060597,0.6983471074380168,0.6921529175050303,0.7611111111111112,0.6976744186046512,0.691545726791062,0.5433316683316682,0.5860688550840671,1.0,0.5207100591715976
5810.0,0.7027027027027026,0.3939393939393938,0.6983471074380168,0.6941649899396379,0.7611111111111112,0.6976744186046512,0.690624280119788,0.5428321678321679,0.586869495596477,1.0,0.5215830827432341
5820.0,0.7027027027027026,0.35606060606060597,0.6983471074380168,0.6961770623742455,0.7611111111111112,0.6976744186046512,0.6917760884588804,0.5393356643356644,0.5900720576461168,1.0,0.5224561063148705
5830.0,0.7027027027027026,0.3712121212121211,0.6983471074380168,0.7062374245472838,0.7611111111111112,0.6976744186046512,0.691085003455425,0.5442057942057943,0.5852682145716572,1.0,0.5233291298865069
5840.0,0.7027027027027026,0.3939393939393938,0.6983471074380168,0.6941649899396379,0.7611111111111112,0.6976744186046512,0.6892421101128772,0.5475774225774226,0.5812650120096077,1.0,0.5242021534581434
5850.0,0.7027027027027026,0.3712121212121211,0.6983471074380168,0.7022132796780685,0.7611111111111112,0.6976744186046512,0.690624280119788,0.5433316683316682,0.5860688550840671,1.0,0.5251721796488505
5860.0,0.7027027027027026,0.4242424242424243,0.6983471074380168,0.6901408450704226,0.763888888888889,0.6976744186046512,0.6903939184519696,0.5438311688311688,0.5852682145716572,1.0,0.526045203220487
5870.0,0.7027027027027026,0.3712121212121211,0.7107438016528924,0.6981891348088531,0.763888888888889,0.6976744186046512,0.6899331951163327,0.5438311688311688,0.5852682145716572,1.0,0.5269182267921234
5880.0,0.7027027027027026,0.3787878787878787,0.6983471074380168,0.6941649899396379,0.763888888888889,0.6976744186046512,0.690624280119788,0.5455794205794207,0.5836669335468374,1.0,0.5277912503637598
5890.0,0.7027027027027026,0.3712121212121211,0.6983471074380168,0.6961770623742455,0.763888888888889,0.6976744186046512,0.6908546417876066,0.5438311688311688,0.5852682145716572,1.0,0.5286642739353963
5900.0,0.7027027027027026,0.3787878787878787,0.7107438016528924,0.7062374245472838,0.763888888888889,0.6976744186046512,0.6920064501266989,0.5402097902097902,0.5892714171337069,1.0,0.5295372975070327
5910.0,0.7027027027027026,0.3939393939393938,0.6900826446280992,0.6961770623742455,0.763888888888889,0.6976744186046512,0.691545726791062,0.546078921078921,0.5836669335468374,1.0,0.5304103210786691
5920.0,0.7027027027027026,0.3484848484848484,0.6983471074380168,0.6981891348088531,0.763888888888889,0.6976744186046512,0.6929278967979728,0.5389610389610389,0.5908726981585267,1.0,0.5312833446503056
5930.0,0.7027027027027026,0.43939393939393945,0.7107438016528924,0.688128772635815,0.7666666666666667,0.6976744186046512,0.6908546417876066,0.5424575424575424,0.586869495596477,1.0,0.532156368221942
5940.0,0.7027027027027026,0.3787878787878787,0.7107438016528924,0.6921529175050303,0.7666666666666667,0.6976744186046512,0.6908546417876066,0.5412087912087913,0.5884707766212969,1.0,0.5330293917935784
5950.0,0.7027027027027026,0.35606060606060597,0.6983471074380168,0.7002012072434608,0.7666666666666667,0.6976744186046512,0.6922368117945173,0.5402097902097902,0.5892714171337069,1.0,0.5339024153652149
5960.0,0.7162162162162162,0.38636363636363624,0.6983471074380168,0.6941649899396379,0.7666666666666667,0.6976744186046512,0.691545726791062,0.5442057942057943,0.5852682145716572,1.0,0.5347754389368513
5970.0,0.7027027027027026,0.36363636363636354,0.7107438016528924,0.7042253521126761,0.7694444444444445,0.6976744186046512,0.691545726791062,0.5389610389610389,0.5908726981585267,1.0,0.5356484625084877
5980.0,0.7027027027027026,0.41666666666666674,0.7107438016528924,0.6981891348088531,0.7694444444444445,0.6976744186046512,0.6908546417876066,0.5442057942057943,0.5852682145716572,1.0,0.5365214860801242
5990.0,0.7027027027027026,0.4015151515151514,0.6983471074380168,0.7002012072434608,0.7694444444444445,0.6976744186046512,0.6913153651232434,0.5359640359640359,0.5932746196957566,1.0,0.53729750703269
6000.0,0.7027027027027026,0.3787878787878787,0.7107438016528924,0.6961770623742455,0.7694444444444445,0.6976744186046512,0.691545726791062,0.5450799200799201,0.5844675740592473,1.0,0.5381705306043264
6010.0,0.7027027027027026,0.43939393939393945,0.6983471074380168,0.6901408450704226,0.7694444444444445,0.6976744186046512,0.6913153651232434,0.5415834165834166,0.587670136108887,1.0,0.5390435541759628
6020.0,0.7027027027027026,0.3484848484848484,0.7107438016528924,0.6961770623742455,0.7694444444444445,0.6976744186046512,0.6920064501266989,0.5415834165834166,0.587670136108887,1.0,0.5399165777475993
6030.0,0.7027027027027026,0.40909090909090917,0.7107438016528924,0.6901408450704226,0.7694444444444445,0.6976744186046512,0.6901635567841511,0.5447052947052946,0.5844675740592473,1.0,0.540692598700165
6040.0,0.7027027027027026,0.3712121212121211,0.7107438016528924,0.6961770623742455,0.7694444444444445,0.8255813953488372,0.7901405206173693,0.7706043956043955,0.3426741393114491,1.0,0.5415656222718014
6050.0,0.7162162162162162,0.41666666666666674,0.7107438016528924,0.6961770623742455,0.7916666666666667,0.8255813953488372,0.8193964524303156,0.7900849150849152,0.31144915932746187,1.0,0.5441846929867107
6060.0,0.7162162162162162,0.48484848484848486,0.71900826446281,0.7062374245472838,0.8083333333333333,0.8255813953488372,0.8173231974199493,0.7947052947052946,0.30424339471577255,1.0,0.54680376370162
6070.0,0.7162162162162162,0.446969696969697,0.7107438016528924,0.7062374245472838,0.8222222222222223,0.8255813953488372,0.8166321124164939,0.7943306693306693,0.30424339471577255,1.0,0.5494228344165293
6080.0,0.7027027027027026,0.4015151515151514,0.71900826446281,0.7142857142857143,0.8305555555555556,0.8255813953488372,0.820087537433771,0.7857142857142858,0.3186549239391513,1.0,0.5520419051314386
6090.0,0.7297297297297296,0.4545454545454546,0.7107438016528924,0.7223340040241449,0.8361111111111111,0.8255813953488372,0.8196268140981341,0.7900849150849152,0.31144915932746187,1.0,0.5546609758463479
6100.0,0.7162162162162162,0.4772727272727273,0.7272727272727275,0.7303822937625755,0.8416666666666667,0.8255813953488372,0.8193964524303156,0.7862137862137861,0.3178542834267414,1.0,0.5571830439421864
6110.0,0.7297297297297296,0.446969696969697,0.71900826446281,0.7323943661971831,0.8444444444444444,0.8255813953488372,0.8168624740843123,0.7900849150849152,0.31144915932746187,1.0,0.5596081094189543
6120.0,0.7162162162162162,0.48484848484848486,0.7272727272727275,0.7344064386317908,0.8444444444444444,0.8255813953488372,0.8184750057590416,0.7947052947052946,0.30424339471577255,1.0,0.5622271801338636
6130.0,0.7297297297297296,0.49242424242424243,0.7272727272727275,0.7384305835010061,0.8444444444444444,0.8255813953488372,0.8189357290946786,0.7900849150849152,0.31144915932746187,1.0,0.5646522456106315
6140.0,0.7297297297297296,0.4696969696969697,0.7396694214876032,0.7404426559356138,0.8444444444444444,0.8255813953488372,0.8173231974199493,0.7900849150849152,0.31144915932746187,1.0,0.5671743137064701
6150.0,0.7162162162162162,0.4545454545454546,0.7272727272727275,0.7484909456740443,0.8444444444444444,0.8255813953488372,0.8184750057590416,0.7900849150849152,0.31144915932746187,1.0,0.5697933844213794
6160.0,0.7297297297297296,0.5606060606060606,0.7396694214876032,0.7545271629778673,0.8472222222222222,0.8255813953488372,0.8170928357521309,0.7913336663336663,0.30984787830264204,1.0,0.572315452517218
6170.0,0.7297297297297296,0.5151515151515151,0.7479338842975207,0.7525150905432596,0.8472222222222222,0.8255813953488372,0.8175535590877677,0.7857142857142858,0.3186549239391513,1.0,0.5748375206130566
6180.0,0.7297297297297296,0.4696969696969697,0.7396694214876032,0.7525150905432596,0.8472222222222222,0.8255813953488372,0.8191660907624971,0.7857142857142858,0.3186549239391513,1.0,0.5773595887088951
6190.0,0.7162162162162162,0.5151515151515151,0.7272727272727275,0.7545271629778673,0.8472222222222222,0.8255813953488372,0.8207786224372264,0.7900849150849152,0.31144915932746187,1.0,0.5798816568047338
6200.0,0.7297297297297296,0.5227272727272727,0.7479338842975207,0.7565392354124749,0.8444444444444444,0.8255813953488372,0.8180142824234047,0.7883366633366633,0.3146517213771016,1.0,0.5823067222815016
6210.0,0.7432432432432432,0.4772727272727273,0.7561983471074383,0.7525150905432596,0.8444444444444444,0.8255813953488372,0.8193964524303156,0.7874625374625375,0.31545236188951153,1.0,0.5847317877582695
6220.0,0.7432432432432432,0.5227272727272727,0.7479338842975207,0.7565392354124749,0.8444444444444444,0.8255813953488372,0.8182446440912232,0.7934565434565435,0.3058446757405924,1.0,0.587253855854108
6230.0,0.7297297297297296,0.5378787878787878,0.7479338842975207,0.7585513078470826,0.8444444444444444,0.8255813953488372,0.8175535590877677,0.7897102897102897,0.3122497998398718,1.0,0.5897759239499467
6240.0,0.7162162162162162,0.49242424242424243,0.7561983471074383,0.7585513078470826,0.8444444444444444,0.8255813953488372,0.8191660907624971,0.787962037962038,0.31545236188951153,1.0,0.5922009894267145
6250.0,0.7432432432432432,0.4772727272727273,0.7561983471074383,0.7706237424547284,0.8444444444444444,0.8255813953488372,0.8182446440912232,0.7888361638361638,0.3138510808646917,1.0,0.5946260549034824
6260.0,0.7297297297297296,0.5681818181818181,0.7561983471074383,0.7786720321931591,0.8444444444444444,0.8255813953488372,0.8173231974199493,0.7888361638361638,0.3138510808646917,1.0,0.5970511203802503
6270.0,0.7297297297297296,0.5454545454545454,0.7685950413223139,0.7726358148893361,0.8416666666666667,0.8255813953488372,0.8150195807417645,0.790959040959041,0.31064851881505195,1.0,0.5995731884760889
6280.0,0.7432432432432432,0.5227272727272727,0.7561983471074383,0.7746478873239437,0.8416666666666667,0.8255813953488372,0.8191660907624971,0.7883366633366633,0.3146517213771016,1.0,0.6020952565719275
6290.0,0.7297297297297296,0.5378787878787878,0.7561983471074383,0.7766599597585514,0.8416666666666667,0.8255813953488372,0.8189357290946786,0.7883366633366633,0.3146517213771016,1.0,0.6045203220486953
6300.0,0.7432432432432432,0.5454545454545454,0.7561983471074383,0.7766599597585514,0.8416666666666667,0.8255813953488372,0.8173231974199493,0.7865884115884116,0.31705364291433136,1.0,0.6069453875254632
6310.0,0.7432432432432432,0.5,0.7685950413223139,0.7625754527162979,0.8416666666666667,0.8255813953488372,0.820087537433771,0.7874625374625375,0.31545236188951153,1.0,0.6093704530022311
6320.0,0.7432432432432432,0.5606060606060606,0.7685950413223139,0.7645875251509054,0.8416666666666667,0.8255813953488372,0.8180142824234047,0.7922077922077921,0.3082465972778222,1.0,0.6117955184789989
6330.0,0.7432432432432432,0.5757575757575757,0.7685950413223139,0.7686116700201208,0.8416666666666667,0.8255813953488372,0.81571066574522,0.7938311688311688,0.30504403522818246,1.0,0.6142205839557668
6340.0,0.7432432432432432,0.49242424242424243,0.7685950413223139,0.7746478873239437,0.8416666666666667,0.8255813953488372,0.8198571757659525,0.7828421578421578,0.32265812650120085,1.0,0.6166456494325347
6350.0,0.7567567567567568,0.5454545454545454,0.7685950413223139,0.7746478873239437,0.8416666666666667,0.8255813953488372,0.820087537433771,0.7870879120879122,0.31625300240192145,1.0,0.6189737122902319
6360.0,0.7432432432432432,0.553030303030303,0.7685950413223139,0.7786720321931591,0.8416666666666667,0.8255813953488372,0.8184750057590416,0.7900849150849152,0.31144915932746187,1.0,0.6213987777669997
6370.0,0.7567567567567568,0.5378787878787878,0.7561983471074383,0.7746478873239437,0.8416666666666667,0.8255813953488372,0.8166321124164939,0.7837162837162837,0.32185748598879094,1.0,0.6238238432437676
6380.0,0.7567567567567568,0.5454545454545454,0.7685950413223139,0.7806841046277667,0.8416666666666667,0.8255813953488372,0.8187053674268602,0.7904595404595405,0.31064851881505195,1.0,0.6261519061014648
6390.0,0.7432432432432432,0.5454545454545454,0.7685950413223139,0.7867203219315896,0.8416666666666667,0.8255813953488372,0.8187053674268602,0.7892107892107891,0.3130504403522818,1.0,0.6285769715782327
6400.0,0.7567567567567568,0.5227272727272727,0.7685950413223139,0.7867203219315896,0.8416666666666667,0.8255813953488372,0.8164017507486754,0.7865884115884116,0.31705364291433136,1.0,0.6309050344359298
6410.0,0.7567567567567568,0.5,0.7685950413223139,0.7786720321931591,0.8416666666666667,0.8255813953488372,0.8196268140981341,0.7857142857142858,0.3186549239391513,1.0,0.6333300999126977
6420.0,0.7567567567567568,0.606060606060606,0.7685950413223139,0.7806841046277667,0.8444444444444444,0.8255813953488372,0.8173231974199493,0.790959040959041,0.31064851881505195,1.0,0.6356581627703949
6430.0,0.7567567567567568,0.5454545454545454,0.7685950413223139,0.7746478873239437,0.8444444444444444,0.8255813953488372,0.8184750057590416,0.7862137862137861,0.3178542834267414,1.0,0.6380832282471627
6440.0,0.7567567567567568,0.5151515151515151,0.7685950413223139,0.7786720321931591,0.8416666666666667,0.8255813953488372,0.8170928357521309,0.7922077922077921,0.3082465972778222,1.0,0.6404112911048598
6450.0,0.7567567567567568,0.5378787878787878,0.7768595041322315,0.7826961770623743,0.8416666666666667,0.8255813953488372,0.8198571757659525,0.7857142857142858,0.3186549239391513,1.0,0.642739353962557
6460.0,0.7702702702702704,0.553030303030303,0.7768595041322315,0.7847082494969819,0.8416666666666667,0.8255813953488372,0.816171389080857,0.7927072927072927,0.3074459567654123,1.0,0.6450674168202541
6470.0,0.7567567567567568,0.5227272727272727,0.7768595041322315,0.7826961770623743,0.8416666666666667,0.8255813953488372,0.81571066574522,0.7918331668331668,0.30904723779023213,1.0,0.6473954796779513
6480.0,0.7702702702702704,0.5378787878787878,0.7685950413223139,0.7746478873239437,0.8444444444444444,0.8255813953488372,0.8198571757659525,0.7892107892107891,0.3130504403522818,1.0,0.6497235425356485
6490.0,0.7702702702702704,0.6136363636363635,0.7768595041322315,0.7806841046277667,0.8444444444444444,0.8255813953488372,0.8166321124164939,0.7947052947052946,0.30424339471577255,1.0,0.6520516053933456
6500.0,0.7702702702702704,0.5075757575757576,0.7768595041322315,0.7786720321931591,0.8416666666666667,0.8255813953488372,0.8189357290946786,0.7862137862137861,0.3178542834267414,1.0,0.6542826656319721
6510.0,0.783783783783784,0.5151515151515151,0.785123966942149,0.7826961770623743,0.8444444444444444,0.8255813953488372,0.8187053674268602,0.7927072927072927,0.3074459567654123,1.0,0.6566107284896693
6520.0,0.7567567567567568,0.5909090909090908,0.7768595041322315,0.7786720321931591,0.8444444444444444,0.8255813953488372,0.8168624740843123,0.7904595404595405,0.31064851881505195,1.0,0.6589387913473664
6530.0,0.7702702702702704,0.5681818181818181,0.7768595041322315,0.7746478873239437,0.8444444444444444,0.8255813953488372,0.8173231974199493,0.7828421578421578,0.32265812650120085,1.0,0.6611698515859928
6540.0,0.7702702702702704,0.5151515151515151,0.7768595041322315,0.7726358148893361,0.8444444444444444,0.8255813953488372,0.8184750057590416,0.7865884115884116,0.31705364291433136,1.0,0.6634009118246194
6550.0,0.7702702702702704,0.553030303030303,0.7768595041322315,0.7766599597585514,0.8444444444444444,0.8255813953488372,0.8203178991015895,0.7883366633366633,0.3146517213771016,1.0,0.6658259773013872
6560.0,0.783783783783784,0.5606060606060606,0.785123966942149,0.7806841046277667,0.8444444444444444,0.8255813953488372,0.8175535590877677,0.7865884115884116,0.31705364291433136,1.0,0.6680570375400137
6570.0,0.7702702702702704,0.5303030303030303,0.7768595041322315,0.7786720321931591,0.8444444444444444,0.8255813953488372,0.8191660907624971,0.7870879120879122,0.31625300240192145,1.0,0.6703851003977108
6580.0,0.7702702702702704,0.553030303030303,0.7768595041322315,0.7826961770623743,0.8472222222222222,0.8255813953488372,0.8184750057590416,0.7913336663336663,0.30984787830264204,1.0,0.672713163255408
6590.0,0.7702702702702704,0.606060606060606,0.785123966942149,0.7826961770623743,0.8472222222222222,0.8255813953488372,0.8164017507486754,0.7913336663336663,0.30984787830264204,1.0,0.6749442234940344
6600.0,0.783783783783784,0.5227272727272727,0.785123966942149,0.7826961770623743,0.8472222222222222,0.8255813953488372,0.820087537433771,0.7828421578421578,0.32265812650120085,1.0,0.6771752837326608
6610.0,0.783783783783784,0.5757575757575757,0.785123966942149,0.7806841046277667,0.8472222222222222,0.8255813953488372,0.8196268140981341,0.7857142857142858,0.3186549239391513,1.0,0.6794063439712873
6620.0,0.7702702702702704,0.6136363636363635,0.785123966942149,0.7786720321931591,0.8472222222222222,0.8255813953488372,0.8177839207555863,0.7904595404595405,0.31064851881505195,1.0,0.681540401590843
6630.0,0.783783783783784,0.5681818181818181,0.785123966942149,0.7746478873239437,0.8472222222222222,0.8255813953488372,0.81571066574522,0.7874625374625375,0.31545236188951153,1.0,0.6837714618294695
6640.0,0.7702702702702704,0.5454545454545454,0.785123966942149,0.7786720321931591,0.8472222222222222,0.8255813953488372,0.8187053674268602,0.7883366633366633,0.3146517213771016,1.0,0.6860025220680959
6650.0,0.7972972972972971,0.553030303030303,0.7768595041322315,0.7867203219315896,0.8777777777777778,1.0,0.9900944482838056,0.9750249750249749,0.039231385108086436,1.0,0.6900766320690659
6660.0,0.7972972972972971,0.6666666666666667,0.785123966942149,0.8028169014084507,0.9027777777777778,1.0,0.9933195116332642,0.9721528471528471,0.04643714971977575,1.0,0.6941507420700359
6670.0,0.8108108108108107,0.6590909090909092,0.7975206611570247,0.8068410462776661,0.9222222222222223,1.0,0.9983874683252707,0.9617882117882117,0.06004803843074458,1.0,0.6981278494519353
6680.0,0.7972972972972971,0.75,0.8057851239669422,0.8269617706237425,0.9361111111111111,1.0,0.9900944482838056,0.9746503496503496,0.04083266613290626,1.0,0.7020079542147638
6690.0,0.8108108108108107,0.6666666666666667,0.8140495867768598,0.8450704225352114,0.9472222222222223,1.0,0.9896337249481686,0.9803946053946053,0.029623698959167277,1.0,0.7058880589775924
6700.0,0.8108108108108107,0.7424242424242424,0.8264462809917354,0.8672032193158954,0.9555555555555556,1.0,0.9942409583045381,0.9636613386613386,0.06004803843074458,1.0,0.7098651663594917
6710.0,0.8243243243243243,0.7272727272727273,0.834710743801653,0.869215291750503,0.9638888888888889,1.0,0.9889426399447132,0.9775224775224776,0.03682946357085659,1.0,0.7137452711223203
6720.0,0.8108108108108107,0.7878787878787878,0.8471074380165291,0.8792756539235413,0.9666666666666667,1.0,0.9884819166090762,0.98001998001998,0.0312249799839871,1.0,0.717625375885149
6730.0,0.8108108108108107,0.7348484848484849,0.8553719008264462,0.8873239436619719,0.9694444444444444,1.0,0.9910158949550795,0.9712787212787213,0.04483586869495593,1.0,0.7214084780289068
6740.0,0.8243243243243243,0.8712121212121211,0.8636363636363638,0.903420523138833,0.9722222222222222,1.0,0.9852568532596175,0.9903846153846154,0.014411529223378627,1.0,0.725094577553594
6750.0,0.8108108108108107,0.8333333333333333,0.8760330578512399,0.915492957746479,0.9750000000000001,1.0,0.9861782999308915,0.9893856143856143,0.017614091273018384,1.0,0.7289746823164226
6760.0,0.8243243243243243,0.8257575757575757,0.884297520661157,0.9175050301810866,0.9777777777777779,1.0,0.9891730016125316,0.9845154845154844,0.02642113690952763,1.0,0.7329517896983219
6770.0,0.8378378378378379,0.8712121212121211,0.8760330578512399,0.9235412474849095,0.9777777777777779,1.0,0.9838746832527068,0.9918831168831168,0.011208967173738982,1.0,0.7366378892230091
6780.0,0.8378378378378379,0.7878787878787878,0.884297520661157,0.9235412474849095,0.9777777777777779,1.0,0.990324809951624,0.98001998001998,0.0312249799839871,1.0,0.7405179939858376
6790.0,0.8378378378378379,0.856060606060606,0.8760330578512399,0.9275653923541248,0.9777777777777779,1.0,0.9912462566228979,0.9776473526473526,0.03763010408326661,1.0,0.7443010961295955
6800.0,0.8378378378378379,0.803030303030303,0.8925619834710745,0.9356136820925555,0.9805555555555556,1.0,0.9953927666436305,0.965034965034965,0.05764611689351473,1.0,0.7480841982733534
6810.0,0.8378378378378379,0.803030303030303,0.9049586776859506,0.9315895372233401,0.9777777777777779,1.0,0.981571066574522,1.0,0.0,1.0,0.7516732951789699
6820.0,0.8378378378378379,0.8787878787878787,0.9049586776859506,0.943661971830986,0.9805555555555556,1.0,0.9889426399447132,0.9855144855144855,0.024019215372297786,1.0,0.7554563973227277
6830.0,0.8378378378378379,0.8636363636363635,0.9049586776859506,0.9396378269617707,0.9777777777777779,1.0,0.9912462566228979,0.9778971028971029,0.03602882305844668,1.0,0.7590454942283442
6840.0,0.8378378378378379,0.8712121212121211,0.9049586776859506,0.9416498993963783,0.9777777777777779,1.0,0.9940105966367196,0.9686563436563436,0.04963971176941551,1.0,0.76253758851489
6850.0,0.8513513513513515,0.8863636363636362,0.9049586776859506,0.943661971830986,0.9777777777777779,1.0,0.9827228749136143,0.9938811188811187,0.007205764611689314,1.0,0.7663206906586478
6860.0,0.8648648648648647,0.856060606060606,0.9049586776859506,0.937625754527163,0.9777777777777779,1.0,0.9928587882976273,0.9664085914085914,0.053642914331465175,1.0,0.7699097875642643
6870.0,0.8513513513513515,0.9015151515151516,0.9132231404958677,0.9476861167002013,0.9777777777777779,1.0,1.0,0.9524225774225774,0.0744595676541232,1.0,0.7737898923270928
6880.0,0.8513513513513515,0.8636363636363635,0.9214876033057853,0.943661971830986,0.9777777777777779,1.0,0.9914766182907164,0.9664085914085914,0.05124099279423533,1.0,0.7774759918517801
6890.0,0.8513513513513515,0.946969696969697,0.9214876033057853,0.9517102615694166,0.9777777777777779,1.0,0.9905551716194425,0.9672827172827172,0.04963971176941551,1.0,0.7810650887573966
6900.0,0.8513513513513515,0.8333333333333333,0.9214876033057853,0.9537223340040242,0.9805555555555556,1.0,0.9870997466021654,0.9837662337662336,0.023218574859887875,1.0,0.7846541856630129
6910.0,0.8648648648648647,0.8863636363636362,0.9214876033057853,0.949698189134809,0.9777777777777779,1.0,0.9887122782768947,0.9758991008991009,0.03763010408326661,1.0,0.7881462799495587
6920.0,0.8783783783783783,0.946969696969697,0.9338842975206614,0.9537223340040242,0.9805555555555556,1.0,0.9907855332872609,0.9737762237762237,0.04083266613290626,1.0,0.7920263847123873
6930.0,0.8648648648648647,0.8863636363636362,0.9338842975206614,0.9557344064386318,0.9805555555555556,1.0,0.9898640866159871,0.9657842157842158,0.05044035228182542,1.0,0.7957124842370744
6940.0,0.8783783783783783,0.9621212121212122,0.9421487603305785,0.9637826961770625,0.9805555555555556,1.0,0.9896337249481686,0.9720279720279719,0.044035228182546016,1.0,0.7992045785236201
6950.0,0.8783783783783783,0.856060606060606,0.9421487603305785,0.9637826961770625,0.9805555555555556,1.0,0.9914766182907164,0.968031968031968,0.048839071257005595,1.0,0.8026966728101659
6960.0,0.8648648648648647,0.9318181818181819,0.9338842975206614,0.9657947686116701,0.9805555555555556,1.0,0.9942409583045381,0.9597902097902098,0.06405124099279413,1.0,0.806091764477641
6970.0,0.8783783783783783,0.9015151515151516,0.9338842975206614,0.9798792756539236,0.9833333333333334,1.0,0.9928587882976273,0.9702797202797202,0.04723779023218566,1.0,0.8098748666213988
6980.0,0.8918918918918919,0.9090909090909092,0.9421487603305785,0.9738430583501007,0.9833333333333334,1.0,0.9900944482838056,0.9686563436563436,0.048839071257005595,1.0,0.8136579687651567
6990.0,0.8918918918918919,0.9166666666666667,0.950413223140496,0.977867203219316,0.9861111111111112,1.0,0.9967749366505413,0.9610389610389609,0.06244995996797431,1.0,0.8171500630517025
7000.0,0.8918918918918919,0.9545454545454546,0.9421487603305785,0.9597585513078472,0.9861111111111112,1.0,0.9970052983183598,0.9587912087912087,0.06325060048038422,1.0,0.8207391599573189
7010.0,0.8918918918918919,0.9393939393939394,0.950413223140496,0.971830985915493,0.9888888888888889,1.0,0.9875604699378023,0.9831418581418581,0.028823058446757366,1.0,0.8244252594820061
7020.0,0.8918918918918919,0.8712121212121211,0.9421487603305785,0.9678068410462778,0.9861111111111112,1.0,0.9900944482838056,0.9822677322677322,0.029623698959167277,1.0,0.8280143563876226
7030.0,0.9054054054054055,0.9166666666666667,0.950413223140496,0.971830985915493,0.9861111111111112,1.0,0.9884819166090762,0.9796453546453545,0.0312249799839871,1.0,0.8315064506741683
7040.0,0.9054054054054055,0.9166666666666667,0.950413223140496,0.971830985915493,0.9888888888888889,1.0,0.9877908316056208,0.9788961038961039,0.03202562049639712,1.0,0.8350955475797847
7050.0,0.9054054054054055,0.9090909090909092,0.9628099173553721,0.9637826961770625,0.9888888888888889,1.0,0.9958534899792674,0.9612887112887112,0.06004803843074458,1.0,0.8388786497235425
7060.0,0.9054054054054055,0.9166666666666667,0.950413223140496,0.971830985915493,0.9888888888888889,1.0,0.9852568532596175,0.9872627372627372,0.018414731785428295,1.0,0.8422737413910176
7070.0,0.9054054054054055,0.9090909090909092,0.950413223140496,0.9738430583501007,0.9888888888888889,1.0,0.9944713199723566,0.951048951048951,0.0744595676541232,1.0,0.8459598409157048
7080.0,0.9054054054054055,0.9166666666666667,0.950413223140496,0.983903420523139,0.9916666666666667,1.0,0.9854872149274361,0.9875124875124874,0.018414731785428295,1.0,0.8495489378213212
7090.0,0.9189189189189191,0.8712121212121211,0.9628099173553721,0.9818913480885313,0.9944444444444445,1.0,0.9981571066574522,0.9512987012987013,0.07686148919135305,1.0,0.8532350373460084
7100.0,0.9324324324324322,0.9393939393939394,0.9628099173553721,0.9758551307847083,0.9944444444444445,1.0,0.9933195116332642,0.965034965034965,0.05764611689351473,1.0,0.8566301290134835
7110.0,0.9189189189189191,0.9393939393939394,0.9628099173553721,0.9818913480885313,0.9944444444444445,1.0,0.9866390232665284,0.9886363636363635,0.019215372297838207,1.0,0.8601222233000292
7120.0,0.9324324324324322,0.9318181818181819,0.9710743801652892,0.971830985915493,0.9944444444444445,1.0,0.986869384934347,0.9837662337662336,0.024819855884707698,1.0,0.8638083228247163
7130.0,0.9189189189189191,0.9772727272727273,0.9710743801652892,0.9859154929577466,0.9944444444444445,1.0,0.9907855332872609,0.9827672327672328,0.028823058446757366,1.0,0.8672034144921913
7140.0,0.9324324324324322,0.9166666666666667,0.9793388429752068,0.9758551307847083,0.9944444444444445,1.0,0.9930891499654457,0.9555444555444554,0.07045636509207365,1.0,0.870695508778737
7150.0,0.9459459459459458,0.9393939393939394,0.9793388429752068,0.977867203219316,0.9972222222222222,1.0,0.9963142133149043,0.9547952047952046,0.07205764611689347,1.0,0.8741876030652829
7160.0,0.9324324324324322,0.8787878787878787,0.9710743801652892,0.9758551307847083,0.9972222222222222,1.0,0.9933195116332642,0.9654095904095903,0.05764611689351473,1.0,0.8774856921136871
7170.0,0.9459459459459458,0.9393939393939394,0.9793388429752068,0.9738430583501007,0.9972222222222222,1.0,0.9898640866159871,0.9695304695304694,0.048038430744595684,1.0,0.8808807837811622
7180.0,0.9459459459459458,0.9545454545454546,0.9710743801652892,0.9818913480885313,0.9972222222222222,1.0,0.9891730016125316,0.9730269730269729,0.043234587670136104,1.0,0.8842758754486372
7190.0,0.9459459459459458,0.9166666666666667,0.9793388429752068,0.9818913480885313,0.9972222222222222,1.0,0.9919373416263534,0.9644105894105894,0.054443554843875086,1.0,0.8878649723542537
7200.0,0.9459459459459458,0.9848484848484849,0.9793388429752068,0.9879275653923542,1.0,1.0,0.9900944482838056,0.96515984015984,0.053642914331465175,1.0,0.89145406925987
7210.0,0.9594594594594594,0.9393939393939394,0.9793388429752068,0.9959758551307848,1.0,1.0,0.9921677032941718,0.971153846153846,0.04483586869495593,1.0,0.8948491609273451
7220.0,0.9459459459459458,1.0,0.9710743801652892,0.9919517102615695,1.0,1.0,0.9919373416263534,0.968031968031968,0.05044035228182542,1.0,0.8982442525948201
7230.0,0.9459459459459458,0.9318181818181819,0.9710743801652892,1.0,1.0,1.0,0.9970052983183598,0.9575424575424574,0.06485188150520416,1.0,0.9014453390241537
7240.0,0.9594594594594594,0.946969696969697,0.9793388429752068,0.983903420523139,1.0,1.0,0.9898640866159871,0.9689060939060938,0.04723779023218566,1.0,0.9048404306916288
7250.0,0.9459459459459458,0.8787878787878787,1.0,0.9919517102615695,1.0,0.8255813953488372,0.8191660907624971,0.7803446553446554,0.3266613290632505,1.0,0.9082355223591038
7260.0,0.9459459459459458,0.893939393939394,0.9917355371900829,0.977867203219316,0.9722222222222222,0.8255813953488372,0.8168624740843123,0.7870879120879122,0.31625300240192145,1.0,0.9098845668833059
7270.0,0.9594594594594594,0.8636363636363635,0.9793388429752068,0.9657947686116701,0.9472222222222223,0.8255813953488372,0.8166321124164939,0.7857142857142858,0.3186549239391513,1.0,0.9115336114075081
7280.0,0.9459459459459458,0.8181818181818181,0.9710743801652892,0.9456740442655936,0.9277777777777778,0.8255813953488372,0.8189357290946786,0.7808441558441559,0.3258606885508406,1.0,0.9130856533126395
7290.0,0.9594594594594594,0.803030303030303,0.9628099173553721,0.9336016096579478,0.913888888888889,0.8255813953488372,0.8189357290946786,0.7857142857142858,0.3186549239391513,1.0,0.9147346978368417
7300.0,0.9594594594594594,0.8409090909090908,0.9628099173553721,0.9275653923541248,0.9027777777777778,0.8255813953488372,0.81571066574522,0.7892107892107891,0.3130504403522818,1.0,0.9163837423610438
7310.0,0.9594594594594594,0.7424242424242424,0.950413223140496,0.915492957746479,0.8972222222222223,0.8255813953488372,0.8191660907624971,0.779095904095904,0.32906325060048036,1.0,0.9179357842661753
7320.0,0.9459459459459458,0.7121212121212122,0.9421487603305785,0.9114688128772637,0.8944444444444445,0.8255813953488372,0.8189357290946786,0.7840909090909092,0.321056845476381,1.0,0.9195848287903774
7330.0,0.9594594594594594,0.803030303030303,0.9421487603305785,0.9014084507042255,0.8916666666666667,0.8255813953488372,0.8177839207555863,0.7854645354645355,0.3194555644515612,1.0,0.9212338733145795
7340.0,0.9459459459459458,0.7424242424242424,0.9338842975206614,0.8873239436619719,0.8916666666666667,0.8255813953488372,0.8170928357521309,0.7782217782217782,0.3298638911128903,1.0,0.922785915219711
7350.0,0.9459459459459458,0.7121212121212122,0.9214876033057853,0.8792756539235413,0.8944444444444445,0.8255813953488372,0.8182446440912232,0.7845904095904095,0.3202562049639711,1.0,0.9244349597439131
7360.0,0.9459459459459458,0.7121212121212122,0.9214876033057853,0.875251509054326,0.8944444444444445,0.8255813953488372,0.8214697074406818,0.7808441558441559,0.3258606885508406,1.0,0.9259870016490446
7370.0,0.972972972972973,0.7121212121212122,0.9214876033057853,0.8772635814889337,0.8944444444444445,0.8255813953488372,0.8177839207555863,0.7794705294705295,0.32826261008807034,1.0,0.927539043554176
7380.0,0.9594594594594594,0.7045454545454546,0.9214876033057853,0.875251509054326,0.8972222222222223,0.8255813953488372,0.820087537433771,0.779095904095904,0.32906325060048036,1.0,0.9291880880783782
7390.0,0.9594594594594594,0.7121212121212122,0.9132231404958677,0.8732394366197184,0.8972222222222223,0.8255813953488372,0.8187053674268602,0.7862137862137861,0.3178542834267414,1.0,0.9308371326025803
7400.0,0.972972972972973,0.7196969696969697,0.9214876033057853,0.8672032193158954,0.9,0.8255813953488372,0.8170928357521309,0.7854645354645355,0.3194555644515612,1.0,0.9323891745077117
7410.0,0.9594594594594594,0.6439393939393938,0.9214876033057853,0.8551307847082495,0.9,0.8255813953488372,0.8207786224372264,0.7764735264735265,0.3330664531625299,1.0,0.9339412164128432
7420.0,0.9594594594594594,0.6818181818181819,0.9214876033057853,0.8551307847082495,0.9027777777777778,0.8255813953488372,0.8207786224372264,0.7810939060939062,0.3250600480384307,1.0,0.9354932583179747
7430.0,0.9594594594594594,0.6893939393939394,0.9132231404958677,0.8511066398390342,0.9055555555555556,0.8255813953488372,0.8198571757659525,0.7840909090909092,0.321056845476381,1.0,0.9370453002231061
7440.0,0.972972972972973,0.6439393939393938,0.9132231404958677,0.8511066398390342,0.9083333333333333,0.8255813953488372,0.8191660907624971,0.7808441558441559,0.3258606885508406,1.0,0.9386943447473083
7450.0,0.972972972972973,0.6742424242424243,0.9132231404958677,0.8571428571428572,0.9083333333333333,0.8255813953488372,0.8187053674268602,0.7874625374625375,0.31545236188951153,1.0,0.9402463866524396
7460.0,0.972972972972973,0.696969696969697,0.9049586776859506,0.8631790744466802,0.9111111111111111,0.8255813953488372,0.8187053674268602,0.7857142857142858,0.3186549239391513,1.0,0.9417984285575711
7470.0,0.972972972972973,0.6742424242424243,0.9132231404958677,0.8591549295774649,0.913888888888889,0.8255813953488372,0.8175535590877677,0.7768481518481518,0.33226581265012,1.0,0.9433504704627026
7480.0,0.972972972972973,0.6287878787878787,0.9049586776859506,0.8490945674044267,0.913888888888889,0.8255813953488372,0.8198571757659525,0.7794705294705295,0.32826261008807034,1.0,0.944902512367834
7490.0,0.972972972972973,0.7348484848484849,0.9049586776859506,0.8490945674044267,0.9166666666666667,0.8255813953488372,0.8173231974199493,0.7854645354645355,0.3194555644515612,1.0,0.9465515568920362
7500.0,0.972972972972973,0.6742424242424243,0.9132231404958677,0.8430583501006037,0.9166666666666667,0.8255813953488372,0.8191660907624971,0.7768481518481518,0.33226581265012,1.0,0.9481035987971675
7510.0,0.972972972972973,0.6212121212121211,0.9132231404958677,0.8430583501006037,0.9194444444444445,0.8255813953488372,0.8187053674268602,0.7832167832167831,0.32185748598879094,1.0,0.949655640702299
7520.0,0.972972972972973,0.6590909090909092,0.9049586776859506,0.8531187122736419,0.9194444444444445,0.8255813953488372,0.8191660907624971,0.7883366633366633,0.3146517213771016,1.0,0.9512076826074305
7530.0,0.972972972972973,0.6742424242424243,0.9049586776859506,0.8531187122736419,0.9222222222222223,0.8255813953488372,0.8173231974199493,0.7854645354645355,0.3194555644515612,1.0,0.9526627218934912
7540.0,0.972972972972973,0.6439393939393938,0.8925619834710745,0.8571428571428572,0.9222222222222223,0.8255813953488372,0.8182446440912232,0.7840909090909092,0.321056845476381,1.0,0.9542147637986226
7550.0,0.972972972972973,0.6666666666666667,0.8925619834710745,0.847082494969819,0.925,0.8255813953488372,0.820087537433771,0.7845904095904095,0.3202562049639711,1.0,0.955766805703754
7560.0,0.972972972972973,0.7045454545454546,0.8925619834710745,0.8511066398390342,0.925,0.8255813953488372,0.816171389080857,0.7897102897102897,0.3122497998398718,1.0,0.9573188476088855
7570.0,0.9864864864864866,0.6439393939393938,0.9049586776859506,0.8430583501006037,0.9277777777777778,0.8255813953488372,0.8187053674268602,0.7815934065934065,0.3250600480384307,1.0,0.9587738868949462
7580.0,0.9864864864864866,0.6363636363636362,0.8925619834710745,0.847082494969819,0.9277777777777778,0.8255813953488372,0.8180142824234047,0.7854645354645355,0.3194555644515612,1.0,0.9603259288000776
7590.0,0.9864864864864866,0.7121212121212122,0.8925619834710745,0.847082494969819,0.9277777777777778,0.8255813953488372,0.8173231974199493,0.7824675324675325,0.32345876701361087,1.0,0.9618779707052091
7600.0,0.9864864864864866,0.6818181818181819,0.8925619834710745,0.841046277665996,0.9305555555555556,0.8255813953488372,0.8164017507486754,0.7785964035964037,0.3298638911128903,1.0,0.9633330099912698
7610.0,0.9864864864864866,0.6590909090909092,0.8925619834710745,0.847082494969819,0.9305555555555556,0.8255813953488372,0.8184750057590416,0.7808441558441559,0.3258606885508406,1.0,0.9648850518964013
7620.0,0.9864864864864866,0.6818181818181819,0.9049586776859506,0.847082494969819,0.9333333333333333,0.8255813953488372,0.8180142824234047,0.7888361638361638,0.3138510808646917,1.0,0.9664370938015328
7630.0,0.9864864864864866,0.6666666666666667,0.8925619834710745,0.8551307847082495,0.9333333333333333,0.8255813953488372,0.8180142824234047,0.7803446553446554,0.3266613290632505,1.0,0.9678921330875935
7640.0,0.9864864864864866,0.6363636363636362,0.9049586776859506,0.8531187122736419,0.9361111111111111,0.8255813953488372,0.8182446440912232,0.7837162837162837,0.32185748598879094,1.0,0.9694441749927248
7650.0,0.9864864864864866,0.6666666666666667,0.9049586776859506,0.8571428571428572,0.9361111111111111,0.8255813953488372,0.8170928357521309,0.7897102897102897,0.3122497998398718,1.0,0.9709962168978563
7660.0,0.972972972972973,0.7045454545454546,0.8925619834710745,0.8490945674044267,0.9361111111111111,0.8255813953488372,0.8154803040774015,0.7900849150849152,0.31144915932746187,1.0,0.972451256183917
7670.0,0.9999999999999998,0.6363636363636362,0.8925619834710745,0.8390342052313884,0.9388888888888889,0.8255813953488372,0.8205482607694079,0.7777222777222776,0.3306645316253002,1.0,0.9740032980890485
7680.0,0.9864864864864866,0.6893939393939394,0.884297520661157,0.8390342052313884,0.9416666666666667,0.8255813953488372,0.8175535590877677,0.7865884115884116,0.31705364291433136,1.0,0.9754583373751092
7690.0,0.9864864864864866,0.7045454545454546,0.9132231404958677,0.841046277665996,0.9416666666666667,0.8255813953488372,0.8170928357521309,0.7883366633366633,0.3146517213771016,1.0,0.9768163740420992
7700.0,0.9864864864864866,0.6742424242424243,0.9049586776859506,0.8390342052313884,0.9444444444444445,0.8255813953488372,0.8184750057590416,0.7757242757242757,0.33466773418734985,1.0,0.9782714133281599
7710.0,0.9864864864864866,0.6666666666666667,0.884297520661157,0.8450704225352114,0.9444444444444445,0.8255813953488372,0.8196268140981341,0.782092907092907,0.3242594075260208,1.0,0.9798234552332914
7720.0,0.9864864864864866,0.6818181818181819,0.8925619834710745,0.8531187122736419,0.9472222222222223,0.8255813953488372,0.8170928357521309,0.7837162837162837,0.32185748598879094,1.0,0.9812784945193521
7730.0,0.9864864864864866,0.6666666666666667,0.8925619834710745,0.8531187122736419,0.9472222222222223,0.8255813953488372,0.8187053674268602,0.7785964035964037,0.3298638911128903,1.0,0.9827335338054128
7740.0,0.9999999999999998,0.6287878787878787,0.8925619834710745,0.8430583501006037,0.9472222222222223,0.8255813953488372,0.8189357290946786,0.7828421578421578,0.32265812650120085,1.0,0.9841885730914736
7750.0,0.9999999999999998,0.7196969696969697,0.9132231404958677,0.8430583501006037,0.9500000000000001,0.8255813953488372,0.8170928357521309,0.7883366633366633,0.3146517213771016,1.0,0.9856436123775343
7760.0,0.9864864864864866,0.6818181818181819,0.9049586776859506,0.8390342052313884,0.9500000000000001,0.8255813953488372,0.8168624740843123,0.7832167832167831,0.32185748598879094,1.0,0.987098651663595
7770.0,0.9864864864864866,0.6439393939393938,0.9049586776859506,0.841046277665996,0.9500000000000001,0.8255813953488372,0.8177839207555863,0.7865884115884116,0.31705364291433136,1.0,0.9885536909496557
7780.0,0.9999999999999998,0.6666666666666667,0.9049586776859506,0.8490945674044267,0.9500000000000001,0.8255813953488372,0.8189357290946786,0.784965034965035,0.3194555644515612,1.0,0.9900087302357164
7790.0,0.9999999999999998,0.6818181818181819,0.8925619834710745,0.847082494969819,0.9527777777777778,0.8255813953488372,0.8166321124164939,0.787962037962038,0.31545236188951153,1.0,0.9913667669027064
7800.0,0.9864864864864866,0.6287878787878787,0.9049586776859506,0.8490945674044267,0.9527777777777778,0.8255813953488372,0.8191660907624971,0.7799700299700301,0.3274619695756604,1.0,0.9928218061887671
7810.0,0.9999999999999998,0.6818181818181819,0.8925619834710745,0.841046277665996,0.9527777777777778,0.8255813953488372,0.8182446440912232,0.7888361638361638,0.3138510808646917,1.0,0.9942768454748279
7820.0,0.9999999999999998,0.6818181818181819,0.8925619834710745,0.841046277665996,0.9555555555555556,0.8255813953488372,0.8159410274130384,0.7913336663336663,0.30984787830264204,1.0,0.9957318847608886
7830.0,0.9999999999999998,0.6515151515151514,0.8925619834710745,0.8390342052313884,0.9555555555555556,0.8255813953488372,0.8170928357521309,0.7803446553446554,0.3266613290632505,1.0,0.9970899214278787
7840.0,0.9864864864864866,0.6363636363636362,0.9132231404958677,0.8430583501006037,0.9555555555555556,0.8255813953488372,0.8184750057590416,0.7840909090909092,0.321056845476381,1.0,0.9985449607139394
7850.0,0.9999999999999998,0.6287878787878787,0.9132231404958677,0.8551307847082495,0.9583333333333334,0.6976744186046512,0.691545726791062,0.5328421578421578,0.5956765412329863,1.0,1.0
7860.0,0.9864864864864866,0.6515151515151514,0.9049586776859506,0.8551307847082495,0.9361111111111111,0.6976744186046512,0.6913153651232434,0.5354645354645355,0.5940752602081665,1.0,0.999708992142788
7870.0,0.9999999999999998,0.606060606060606,0.9049586776859506,0.8450704225352114,0.9166666666666667,0.6976744186046512,0.691085003455425,0.5332167832167831,0.5956765412329863,1.0,0.9994179842855758
7880.0,0.9864864864864866,0.6287878787878787,0.9049586776859506,0.8390342052313884,0.9027777777777778,0.6976744186046512,0.6913153651232434,0.5364635364635364,0.5932746196957566,1.0,0.9990299738092929
7890.0,0.9999999999999998,0.6287878787878787,0.9049586776859506,0.8209255533199196,0.8916666666666667,0.6976744186046512,0.6894724717806957,0.5398351648351649,0.5892714171337069,1.0,0.9987389659520808
7900.0,0.9999999999999998,0.5681818181818181,0.8925619834710745,0.8189134808853119,0.8861111111111112,0.6976744186046512,0.6924671734623359,0.5337162837162837,0.5956765412329863,1.0,0.9984479580948686
7910.0,0.9999999999999998,0.6287878787878787,0.884297520661157,0.8088531187122737,0.8805555555555555,0.6976744186046512,0.691085003455425,0.5364635364635364,0.5932746196957566,1.0,0.9980599476185857
7920.0,0.9999999999999998,0.5681818181818181,0.884297520661157,0.812877263581489,0.8805555555555555,0.6976744186046512,0.6901635567841511,0.537962037962038,0.5916733386709367,1.0,0.9977689397613736
7930.0,0.9999999999999998,0.5833333333333333,0.884297520661157,0.8068410462776661,0.8805555555555555,0.6976744186046512,0.6920064501266989,0.5354645354645355,0.5940752602081665,1.0,0.9974779319041615
7940.0,0.9864864864864866,0.5454545454545454,0.884297520661157,0.8028169014084507,0.8805555555555555,0.6976744186046512,0.6913153651232434,0.5368381618381619,0.5924739791833467,1.0,0.9971869240469493
7950.0,0.9864864864864866,0.5606060606060606,0.8760330578512399,0.8068410462776661,0.8805555555555555,0.6976744186046512,0.6917760884588804,0.5324675324675325,0.5964771817453962,1.0,0.9968959161897372
7960.0,0.9864864864864866,0.606060606060606,0.8760330578512399,0.8028169014084507,0.8833333333333334,0.6976744186046512,0.690624280119788,0.5354645354645355,0.5940752602081665,1.0,0.996604908332525
7970.0,0.9999999999999998,0.5303030303030303,0.8636363636363638,0.7987927565392354,0.8833333333333334,0.6976744186046512,0.6920064501266989,0.5389610389610389,0.5908726981585267,1.0,0.9962168978562422
7980.0,0.9999999999999998,0.6136363636363635,0.8760330578512399,0.7927565392354126,0.8861111111111112,0.6976744186046512,0.6903939184519696,0.5384615384615385,0.5908726981585267,1.0,0.9959258899990301
7990.0,0.9864864864864866,0.5757575757575757,0.8760330578512399,0.7867203219315896,0.888888888888889,0.6976744186046512,0.6908546417876066,0.5359640359640359,0.5932746196957566,1.0,0.995634882141818
8000.0,0.9864864864864866,0.5227272727272727,0.8636363636363638,0.7947686116700202,0.888888888888889,0.6976744186046512,0.691545726791062,0.5307192807192807,0.598078462770216,1.0,0.9953438742846058
8010.0,0.9999999999999998,0.5681818181818181,0.8636363636363638,0.7867203219315896,0.8916666666666667,0.6976744186046512,0.691085003455425,0.5364635364635364,0.5932746196957566,1.0,0.9949558638083229
8020.0,0.9999999999999998,0.5757575757575757,0.8636363636363638,0.7867203219315896,0.8916666666666667,0.6976744186046512,0.691085003455425,0.5398351648351649,0.5892714171337069,1.0,0.9946648559511108
8030.0,0.9864864864864866,0.5681818181818181,0.884297520661157,0.7867203219315896,0.8944444444444445,0.6976744186046512,0.6899331951163327,0.5342157842157842,0.5948759007205764,1.0,0.9943738480938986
8040.0,0.9999999999999998,0.5303030303030303,0.8760330578512399,0.7947686116700202,0.8972222222222223,0.6976744186046512,0.6913153651232434,0.5324675324675325,0.5964771817453962,1.0,0.9940828402366865
8050.0,0.9864864864864866,0.5151515151515151,0.8760330578512399,0.7947686116700202,0.9,0.6976744186046512,0.6924671734623359,0.5345904095904095,0.5948759007205764,1.0,0.9937918323794743
8060.0,0.9864864864864866,0.5227272727272727,0.8760330578512399,0.7907444668008049,0.9,0.6976744186046512,0.6926975351301543,0.5307192807192807,0.598078462770216,1.0,0.9935008245222622
8070.0,0.9864864864864866,0.5303030303030303,0.8636363636363638,0.7806841046277667,0.9027777777777778,0.6976744186046512,0.6929278967979728,0.5345904095904095,0.5948759007205764,1.0,0.99320981666505
8080.0,0.9864864864864866,0.553030303030303,0.8760330578512399,0.7867203219315896,0.9027777777777778,0.6976744186046512,0.6920064501266989,0.5368381618381619,0.5924739791833467,1.0,0.9929188088078379
8090.0,0.9864864864864866,0.5909090909090908,0.8760330578512399,0.7847082494969819,0.9027777777777778,0.6976744186046512,0.690624280119788,0.5384615384615385,0.5908726981585267,1.0,0.9926278009506257
8100.0,0.9999999999999998,0.606060606060606,0.8760330578512399,0.7887323943661972,0.9055555555555556,0.6976744186046512,0.6908546417876066,0.5354645354645355,0.5940752602081665,1.0,0.9923367930934136
8110.0,0.9999999999999998,0.553030303030303,0.8760330578512399,0.7826961770623743,0.9055555555555556,0.6976744186046512,0.6917760884588804,0.5368381618381619,0.5924739791833467,1.0,0.9919487826171307
8120.0,0.9999999999999998,0.5681818181818181,0.8553719008264462,0.7766599597585514,0.9083333333333333,0.6976744186046512,0.6901635567841511,0.5354645354645355,0.5940752602081665,1.0,0.9916577747599186
8130.0,0.9864864864864866,0.5151515151515151,0.8636363636363638,0.7826961770623743,0.9083333333333333,0.6976744186046512,0.6913153651232434,0.5328421578421578,0.5956765412329863,1.0,0.9914637695217772
8140.0,0.9864864864864866,0.5,0.8760330578512399,0.7746478873239437,0.9083333333333333,0.6976744186046512,0.691545726791062,0.5389610389610389,0.5908726981585267,1.0,0.991172761664565
8150.0,0.9864864864864866,0.5075757575757576,0.8636363636363638,0.7786720321931591,0.9111111111111111,0.6976744186046512,0.6917760884588804,0.5359640359640359,0.5932746196957566,1.0,0.9908817538073529
8160.0,0.9999999999999998,0.5454545454545454,0.8636363636363638,0.7766599597585514,0.9111111111111111,0.6976744186046512,0.691545726791062,0.5332167832167831,0.5956765412329863,1.0,0.9905907459501407
8170.0,0.9864864864864866,0.5378787878787878,0.8636363636363638,0.7746478873239437,0.913888888888889,0.6976744186046512,0.6931582584657913,0.5337162837162837,0.5956765412329863,1.0,0.9902997380929286
8180.0,0.9864864864864866,0.5606060606060606,0.8636363636363638,0.7867203219315896,0.913888888888889,0.6976744186046512,0.6903939184519696,0.5364635364635364,0.5932746196957566,1.0,0.9900087302357164
8190.0,0.9999999999999998,0.5681818181818181,0.8636363636363638,0.7786720321931591,0.913888888888889,0.6976744186046512,0.6908546417876066,0.5389610389610389,0.5908726981585267,1.0,0.9897177223785043
8200.0,0.9999999999999998,0.5833333333333333,0.8760330578512399,0.7867203219315896,0.913888888888889,0.6976744186046512,0.6899331951163327,0.5393356643356644,0.5900720576461168,1.0,0.9894267145212922
8210.0,0.9864864864864866,0.5454545454545454,0.8636363636363638,0.7726358148893361,0.913888888888889,0.6976744186046512,0.6894724717806957,0.5328421578421578,0.5956765412329863,1.0,0.98913570666408
8220.0,0.9999999999999998,0.5378787878787878,0.8553719008264462,0.7786720321931591,0.9166666666666667,0.6976744186046512,0.6922368117945173,0.5293456543456543,0.599679743795036,1.0,0.9888446988068679
8230.0,0.9999999999999998,0.5075757575757576,0.8636363636363638,0.7786720321931591,0.9166666666666667,0.6976744186046512,0.6924671734623359,0.5315934065934065,0.5972778222578061,1.0,0.9885536909496557
8240.0,0.9864864864864866,0.5,0.8553719008264462,0.7746478873239437,0.9166666666666667,0.6976744186046512,0.691545726791062,0.53508991008991,0.5940752602081665,1.0,0.9881656804733728
8250.0,0.9864864864864866,0.5378787878787878,0.8636363636363638,0.7847082494969819,0.9194444444444445,0.6976744186046512,0.6920064501266989,0.531968031968032,0.5964771817453962,1.0,0.9879716752352314
8260.0,0.9864864864864866,0.5303030303030303,0.8553719008264462,0.7867203219315896,0.9194444444444445,0.6976744186046512,0.6913153651232434,0.5342157842157842,0.5948759007205764,1.0,0.9876806673780193
8270.0,0.9864864864864866,0.553030303030303,0.8636363636363638,0.7927565392354126,0.9194444444444445,0.6976744186046512,0.6908546417876066,0.5368381618381619,0.5924739791833467,1.0,0.9873896595208072
8280.0,0.9864864864864866,0.5909090909090908,0.8553719008264462,0.7826961770623743,0.9194444444444445,0.6976744186046512,0.6903939184519696,0.5372127872127872,0.5924739791833467,1.0,0.987098651663595
8290.0,0.9864864864864866,0.553030303030303,0.8636363636363638,0.7746478873239437,0.9222222222222223,0.6976744186046512,0.691545726791062,0.53508991008991,0.5940752602081665,1.0,0.9868076438063829
8300.0,0.9864864864864866,0.5075757575757576,0.8553719008264462,0.7786720321931591,0.9222222222222223,0.6976744186046512,0.6922368117945173,0.5372127872127872,0.5924739791833467,1.0,0.9866136385682414
8310.0,0.9999999999999998,0.5606060606060606,0.8553719008264462,0.7786720321931591,0.9222222222222223,0.6976744186046512,0.6908546417876066,0.537962037962038,0.5916733386709367,1.0,0.9863226307110292
8320.0,0.9864864864864866,0.5075757575757576,0.8553719008264462,0.7826961770623743,0.925,0.6976744186046512,0.6913153651232434,0.5315934065934065,0.5972778222578061,1.0,0.9860316228538171
8330.0,0.9864864864864866,0.5227272727272727,0.8636363636363638,0.7826961770623743,0.925,0.6976744186046512,0.691085003455425,0.53508991008991,0.5940752602081665,1.0,0.9857406149966049
8340.0,0.9864864864864866,0.5606060606060606,0.8553719008264462,0.7746478873239437,0.925,0.6976744186046512,0.6901635567841511,0.5315934065934065,0.5972778222578061,1.0,0.9854496071393928
8350.0,0.9864864864864866,0.5075757575757576,0.8553719008264462,0.7806841046277667,0.9277777777777778,0.6976744186046512,0.6922368117945173,0.5345904095904095,0.5948759007205764,1.0,0.9851585992821806
8360.0,0.9999999999999998,0.5606060606060606,0.8760330578512399,0.7766599597585514,0.9277777777777778,0.6976744186046512,0.6913153651232434,0.5375874125874125,0.5916733386709367,1.0,0.9848675914249685
8370.0,0.9864864864864866,0.5303030303030303,0.8553719008264462,0.7806841046277667,0.9277777777777778,0.6976744186046512,0.690624280119788,0.5375874125874125,0.5916733386709367,1.0,0.9845765835677563
8380.0,0.9864864864864866,0.5454545454545454,0.8553719008264462,0.7806841046277667,0.9277777777777778,0.6976744186046512,0.690624280119788,0.5372127872127872,0.5924739791833467,1.0,0.984382578329615
8390.0,0.9864864864864866,0.553030303030303,0.8553719008264462,0.7746478873239437,0.9305555555555556,0.6976744186046512,0.691545726791062,0.5345904095904095,0.5948759007205764,1.0,0.9840915704724028
8400.0,0.9864864864864866,0.5378787878787878,0.8636363636363638,0.7786720321931591,0.9305555555555556,0.6976744186046512,0.691085003455425,0.5384615384615385,0.5908726981585267,1.0,0.9838005626151907
8410.0,0.9864864864864866,0.553030303030303,0.8636363636363638,0.7686116700201208,0.9333333333333333,0.6976744186046512,0.690624280119788,0.5372127872127872,0.5924739791833467,1.0,0.9835095547579785
8420.0,0.9864864864864866,0.5,0.8636363636363638,0.7746478873239437,0.9305555555555556,0.6976744186046512,0.6926975351301543,0.5345904095904095,0.5948759007205764,1.0,0.9833155495198371
8430.0,0.9864864864864866,0.5378787878787878,0.8636363636363638,0.7686116700201208,0.9305555555555556,0.6976744186046512,0.6936189818014282,0.5324675324675325,0.5964771817453962,1.0,0.983024541662625
8440.0,0.9864864864864866,0.5303030303030303,0.8553719008264462,0.7686116700201208,0.9305555555555556,0.6976744186046512,0.6913153651232434,0.5342157842157842,0.5948759007205764,1.0,0.9827335338054128
8450.0,0.9864864864864866,0.5681818181818181,0.8636363636363638,0.7786720321931591,0.9305555555555556,0.0,0.5302925593181295,0.23988511488511488,0.8582866293034427,1.0,0.9824425259482007
8460.0,0.9594594594594594,0.5227272727272727,0.8760330578512399,0.7786720321931591,0.9222222222222223,0.0,0.000230361667818475,0.18181818181818182,0.9999999999999999,1.0,0.9805994761858571
8470.0,0.9189189189189191,0.5151515151515151,0.8760330578512399,0.7806841046277667,0.9083333333333333,0.0,0.00046072333563695,0.18181818181818182,0.9999999999999999,1.0,0.9787564264235135
8480.0,0.8918918918918919,0.49242424242424243,0.8636363636363638,0.7645875251509054,0.9,0.0,0.00046072333563695,0.18181818181818182,0.9999999999999999,1.0,0.97691337666117
8490.0,0.8648648648648647,0.48484848484848486,0.8553719008264462,0.7585513078470826,0.8916666666666667,0.0,0.000230361667818475,0.18181818181818182,0.9999999999999999,1.0,0.9750703268988263
8500.0,0.8513513513513515,0.46212121212121215,0.8636363636363638,0.7505030181086519,0.8833333333333334,0.0,0.00046072333563695,0.18181818181818182,0.9999999999999999,1.0,0.9732272771364827
8510.0,0.8378378378378379,0.4545454545454546,0.8553719008264462,0.7424547283702214,0.8777777777777778,0.0,0.00046072333563695,0.18181818181818182,0.9999999999999999,1.0,0.9713842273741392
8520.0,0.8243243243243243,0.446969696969697,0.8553719008264462,0.7364185110663984,0.875,0.0,0.00046072333563695,0.18181818181818182,0.9999999999999999,1.0,0.9696381802308663
8530.0,0.7972972972972971,0.43939393939393945,0.8471074380165291,0.7303822937625755,0.875,0.0,0.00046072333563695,0.18181818181818182,0.9999999999999999,1.0,0.9677951304685227
8540.0,0.783783783783784,0.43939393939393945,0.8553719008264462,0.7263581488933603,0.875,0.0,0.00046072333563695,0.18181818181818182,0.9999999999999999,1.0,0.9659520807061791
8550.0,0.7567567567567568,0.4242424242424243,0.8471074380165291,0.7223340040241449,0.875,0.0,0.00046072333563695,0.18181818181818182,0.9999999999999999,1.0,0.9641090309438356
8560.0,0.7567567567567568,0.4242424242424243,0.8471074380165291,0.7183098591549296,0.875,0.0,0.00046072333563695,0.18181818181818182,0.9999999999999999,1.0,0.9623629838005626
8570.0,0.7297297297297296,0.40909090909090917,0.8471074380165291,0.7142857142857143,0.875,0.0,0.00046072333563695,0.18181818181818182,0.9999999999999999,1.0,0.9605199340382191
8580.0,0.7162162162162162,0.41666666666666674,0.834710743801653,0.7122736418511068,0.875,0.0,0.00046072333563695,0.18181818181818182,0.9999999999999999,1.0,0.9586768842758755
8590.0,0.7027027027027026,0.40909090909090917,0.8471074380165291,0.7122736418511068,0.875,0.0,0.00046072333563695,0.18181818181818182,0.9999999999999999,1.0,0.9569308371326026
8600.0,0.6891891891891893,0.4015151515151514,0.834710743801653,0.7102615694164991,0.875,0.0,0.00046072333563695,0.18181818181818182,0.9999999999999999,1.0,0.955087787370259
8610.0,0.6756756756756757,0.4015151515151514,0.834710743801653,0.7042253521126761,0.8777777777777778,0.0,0.00046072333563695,0.18181818181818182,0.9999999999999999,1.0,0.9533417402269861
8620.0,0.6621621621621621,0.3939393939393938,0.834710743801653,0.7022132796780685,0.875,0.0,0.00046072333563695,0.18181818181818182,0.9999999999999999,1.0,0.9515956930837133
8630.0,0.6486486486486487,0.4015151515151514,0.8264462809917354,0.7022132796780685,0.875,0.0,0.00046072333563695,0.18181818181818182,0.9999999999999999,1.0,0.9497526433213698
8640.0,0.6486486486486487,0.3787878787878787,0.8471074380165291,0.7022132796780685,0.8777777777777778,0.0,0.00046072333563695,0.18181818181818182,0.9999999999999999,1.0,0.9480065961780969
8650.0,0.6216216216216217,0.4015151515151514,0.8264462809917354,0.7022132796780685,0.8777777777777778,0.0,0.00046072333563695,0.18181818181818182,0.9999999999999999,1.0,0.946260549034824
8660.0,0.6216216216216217,0.40909090909090917,0.8471074380165291,0.7022132796780685,0.8777777777777778,0.0,0.000230361667818475,0.18181818181818182,0.9999999999999999,1.0,0.9444174992724804
8670.0,0.6081081081081081,0.38636363636363624,0.834710743801653,0.6981891348088531,0.8805555555555555,0.0,0.00046072333563695,0.18181818181818182,0.9999999999999999,1.0,0.9426714521292076
8680.0,0.5810810810810811,0.38636363636363624,0.8264462809917354,0.6941649899396379,0.8805555555555555,0.0,0.00046072333563695,0.18181818181818182,0.9999999999999999,1.0,0.9409254049859347
8690.0,0.5945945945945945,0.3939393939393938,0.834710743801653,0.688128772635815,0.8805555555555555,0.0,0.00046072333563695,0.18181818181818182,0.9999999999999999,1.0,0.9391793578426618
8700.0,0.5675675675675675,0.3787878787878787,0.8264462809917354,0.6901408450704226,0.8833333333333334,0.0,0.00046072333563695,0.18181818181818182,0.9999999999999999,1.0,0.937433310699389
8710.0,0.554054054054054,0.3712121212121211,0.8140495867768598,0.6901408450704226,0.8861111111111112,0.0,0.00046072333563695,0.18181818181818182,0.9999999999999999,1.0,0.9356872635561161
8720.0,0.554054054054054,0.38636363636363624,0.8140495867768598,0.6941649899396379,0.8833333333333334,0.0,0.000230361667818475,0.18181818181818182,0.9999999999999999,1.0,0.9339412164128432
8730.0,0.5405405405405406,0.3712121212121211,0.8264462809917354,0.6901408450704226,0.8861111111111112,0.0,0.00046072333563695,0.18181818181818182,0.9999999999999999,1.0,0.9321951692695704
8740.0,0.527027027027027,0.3787878787878787,0.8140495867768598,0.688128772635815,0.8861111111111112,0.0,0.000691085003455425,0.18181818181818182,0.9999999999999999,1.0,0.9304491221262975
8750.0,0.5135135135135134,0.36363636363636354,0.8057851239669422,0.688128772635815,0.8861111111111112,0.0,0.000691085003455425,0.18181818181818182,0.9999999999999999,1.0,0.9288000776020953
8760.0,0.5135135135135134,0.3787878787878787,0.8140495867768598,0.6921529175050303,0.8861111111111112,0.0,0.000230361667818475,0.18181818181818182,0.9999999999999999,1.0,0.9270540304588224
8770.0,0.5,0.3712121212121211,0.8140495867768598,0.6921529175050303,0.8861111111111112,0.0,0.00046072333563695,0.18181818181818182,0.9999999999999999,1.0,0.9253079833155495
8780.0,0.4864864864864864,0.3787878787878787,0.8140495867768598,0.6941649899396379,0.8861111111111112,0.0,0.000691085003455425,0.18181818181818182,0.9999999999999999,1.0,0.9235619361722767
8790.0,0.45945945945945943,0.3712121212121211,0.8140495867768598,0.6921529175050303,0.8861111111111112,0.0,0.00046072333563695,0.18181818181818182,0.9999999999999999,1.0,0.9219128916480746
8800.0,0.45945945945945943,0.36363636363636354,0.8140495867768598,0.6901408450704226,0.8861111111111112,0.0,0.00046072333563695,0.18181818181818182,0.9999999999999999,1.0,0.9201668445048017
8810.0,0.45945945945945943,0.3712121212121211,0.8057851239669422,0.6861167002012073,0.8861111111111112,0.0,0.00046072333563695,0.18181818181818182,0.9999999999999999,1.0,0.9185177999805996
8820.0,0.45945945945945943,0.3712121212121211,0.8140495867768598,0.6861167002012073,0.8861111111111112,0.0,0.000230361667818475,0.18181818181818182,0.9999999999999999,1.0,0.9167717528373267
8830.0,0.44594594594594583,0.36363636363636354,0.8057851239669422,0.6861167002012073,0.8861111111111112,0.0,0.000230361667818475,0.18181818181818182,0.9999999999999999,1.0,0.9151227083131245
8840.0,0.43243243243243246,0.36363636363636354,0.8057851239669422,0.6861167002012073,0.8861111111111112,0.0,0.00046072333563695,0.18181818181818182,0.9999999999999999,1.0,0.9133766611698516
8850.0,0.41891891891891886,0.36363636363636354,0.7975206611570247,0.6841046277665996,0.8861111111111112,0.0,0.00046072333563695,0.18181818181818182,0.9999999999999999,1.0,0.9117276166456495
8860.0,0.41891891891891886,0.35606060606060597,0.8057851239669422,0.6841046277665996,0.8861111111111112,0.0,0.00046072333563695,0.18181818181818182,0.9999999999999999,1.0,0.9099815695023766
8870.0,0.4054054054054055,0.34090909090909083,0.8057851239669422,0.6841046277665996,0.8833333333333334,0.0,0.000230361667818475,0.18181818181818182,0.9999999999999999,1.0,0.9083325249781745
8880.0,0.4054054054054055,0.35606060606060597,0.8057851239669422,0.6841046277665996,0.8833333333333334,0.0,0.00046072333563695,0.18181818181818182,0.9999999999999999,1.0,0.9066834804539723
8890.0,0.4054054054054055,0.36363636363636354,0.7975206611570247,0.682092555331992,0.8833333333333334,0.0,0.000230361667818475,0.18181818181818182,0.9999999999999999,1.0,0.9050344359297702
8900.0,0.3783783783783783,0.36363636363636354,0.7975206611570247,0.6800804828973843,0.8833333333333334,0.0,0.00046072333563695,0.18181818181818182,0.9999999999999999,1.0,0.9032883887864973
8910.0,0.3918918918918919,0.3484848484848484,0.7975206611570247,0.6780684104627768,0.8805555555555555,0.0,0.00046072333563695,0.18181818181818182,0.9999999999999999,1.0,0.9016393442622952
8920.0,0.3648648648648649,0.34090909090909083,0.7975206611570247,0.6780684104627768,0.8805555555555555,0.0,0.000230361667818475,0.18181818181818182,0.9999999999999999,1.0,0.899990299738093
8930.0,0.3648648648648649,0.35606060606060597,0.785123966942149,0.6800804828973843,0.875,0.0,0.00046072333563695,0.18181818181818182,0.9999999999999999,1.0,0.8983412552138909
8940.0,0.3648648648648649,0.35606060606060597,0.7975206611570247,0.6841046277665996,0.8722222222222222,0.0,0.000230361667818475,0.18181818181818182,0.9999999999999999,1.0,0.8966922106896886
8950.0,0.3513513513513513,0.3484848484848484,0.7975206611570247,0.682092555331992,0.8722222222222222,0.0,0.000230361667818475,0.18181818181818182,0.9999999999999999,1.0,0.8950431661654865
8960.0,0.3513513513513513,0.3257575757575757,0.7975206611570247,0.6800804828973843,0.8666666666666667,0.0,0.000691085003455425,0.18181818181818182,0.9999999999999999,1.0,0.8933941216412844
8970.0,0.3378378378378377,0.35606060606060597,0.785123966942149,0.6780684104627768,0.8638888888888889,0.0,0.00046072333563695,0.18181818181818182,0.9999999999999999,1.0,0.8917450771170822
8980.0,0.3378378378378377,0.3484848484848484,0.7768595041322315,0.6760563380281691,0.8611111111111112,0.0,0.00046072333563695,0.18181818181818182,0.9999999999999999,1.0,0.8901930352119508
8990.0,0.3378378378378377,0.35606060606060597,0.785123966942149,0.6740442655935615,0.8555555555555556,0.0,0.00046072333563695,0.18181818181818182,0.9999999999999999,1.0,0.8885439906877486
9000.0,0.3378378378378377,0.3484848484848484,0.7768595041322315,0.6720321931589538,0.8527777777777779,0.0,0.000230361667818475,0.18181818181818182,0.9999999999999999,1.0,0.8868949461635465
9010.0,0.32432432432432434,0.34090909090909083,0.785123966942149,0.6700201207243461,0.85,0.0,0.00046072333563695,0.18181818181818182,0.9999999999999999,1.0,0.8852459016393444
9020.0,0.32432432432432434,0.34090909090909083,0.7768595041322315,0.6700201207243461,0.8444444444444444,0.0,0.00046072333563695,0.18181818181818182,0.9999999999999999,1.0,0.8836938597342129
9030.0,0.31081081081081074,0.34090909090909083,0.7768595041322315,0.6700201207243461,0.8416666666666667,0.0,0.00046072333563695,0.18181818181818182,0.9999999999999999,1.0,0.8820448152100108
9040.0,0.32432432432432434,0.33333333333333326,0.7768595041322315,0.6700201207243461,0.8361111111111111,0.0,0.00046072333563695,0.18181818181818182,0.9999999999999999,1.0,0.8803957706858085
9050.0,0.31081081081081074,0.34090909090909083,0.7768595041322315,0.6680080482897385,0.8305555555555556,0.0,0.00046072333563695,0.18181818181818182,0.9999999999999999,1.0,0.8788437287806772
9060.0,0.29729729729729715,0.33333333333333326,0.7768595041322315,0.6700201207243461,0.8277777777777778,0.0,0.000230361667818475,0.18181818181818182,0.9999999999999999,1.0,0.877194684256475
9070.0,0.29729729729729715,0.3484848484848484,0.7768595041322315,0.6700201207243461,0.8222222222222223,0.0,0.00046072333563695,0.18181818181818182,0.9999999999999999,1.0,0.8756426423513436
9080.0,0.28378378378378377,0.33333333333333326,0.7685950413223139,0.6700201207243461,0.8194444444444445,0.0,0.00046072333563695,0.18181818181818182,0.9999999999999999,1.0,0.8739935978271414
9090.0,0.28378378378378377,0.34090909090909083,0.7768595041322315,0.6659959758551308,0.8166666666666667,0.0,0.00046072333563695,0.18181818181818182,0.9999999999999999,1.0,0.87244155592201
9100.0,0.29729729729729715,0.33333333333333326,0.7561983471074383,0.6659959758551308,0.8138888888888889,0.0,0.00046072333563695,0.18181818181818182,0.9999999999999999,1.0,0.8708895140168785
9110.0,0.28378378378378377,0.34090909090909083,0.7685950413223139,0.6639839034205232,0.8083333333333333,0.0,0.00046072333563695,0.18181818181818182,0.9999999999999999,1.0,0.8692404694926763
9120.0,0.28378378378378377,0.3181818181818181,0.7685950413223139,0.6639839034205232,0.8055555555555556,0.0,0.000691085003455425,0.18181818181818182,0.9999999999999999,1.0,0.8676884275875449
9130.0,0.2702702702702702,0.3257575757575757,0.7768595041322315,0.6639839034205232,0.8027777777777778,0.0,0.00046072333563695,0.18181818181818182,0.9999999999999999,1.0,0.8661363856824135
9140.0,0.2567567567567568,0.3181818181818181,0.7561983471074383,0.6619718309859155,0.8,0.0,0.000230361667818475,0.18181818181818182,0.9999999999999999,1.0,0.864584343777282
9150.0,0.2702702702702702,0.3181818181818181,0.7685950413223139,0.6639839034205232,0.7972222222222223,0.0,0.00046072333563695,0.18181818181818182,0.9999999999999999,1.0,0.8629352992530799
9160.0,0.2702702702702702,0.3181818181818181,0.7685950413223139,0.6639839034205232,0.7944444444444445,0.0,0.000230361667818475,0.18181818181818182,0.9999999999999999,1.0,0.8613832573479484
9170.0,0.2702702702702702,0.3257575757575757,0.7685950413223139,0.6619718309859155,0.7916666666666667,0.0,0.00046072333563695,0.18181818181818182,0.9999999999999999,1.0,0.859831215442817
9180.0,0.2567567567567568,0.3181818181818181,0.7685950413223139,0.659959758551308,0.7916666666666667,0.0,0.00046072333563695,0.18181818181818182,0.9999999999999999,1.0,0.8582791735376856
9190.0,0.2567567567567568,0.303030303030303,0.7685950413223139,0.6579476861167003,0.788888888888889,0.0,0.00046072333563695,0.18181818181818182,0.9999999999999999,1.0,0.8567271316325541
9200.0,0.2432432432432432,0.2954545454545454,0.7685950413223139,0.6579476861167003,0.788888888888889,0.0,0.00046072333563695,0.18181818181818182,0.9999999999999999,1.0,0.8551750897274227
9210.0,0.2567567567567568,0.3181818181818181,0.7561983471074383,0.6579476861167003,0.7861111111111111,0.0,0.00046072333563695,0.18181818181818182,0.9999999999999999,1.0,0.8536230478222913
9220.0,0.2432432432432432,0.31060606060606055,0.7561983471074383,0.6619718309859155,0.7861111111111111,0.0,0.000230361667818475,0.18181818181818182,0.9999999999999999,1.0,0.8520710059171598
9230.0,0.2432432432432432,0.31060606060606055,0.7561983471074383,0.6619718309859155,0.7833333333333333,0.0,0.00046072333563695,0.18181818181818182,0.9999999999999999,1.0,0.8506159666310991
9240.0,0.2297297297297296,0.303030303030303,0.7561983471074383,0.659959758551308,0.7833333333333333,0.0,0.000230361667818475,0.18181818181818182,0.9999999999999999,1.0,0.8490639247259677
9250.0,0.2297297297297296,0.31060606060606055,0.7479338842975207,0.6559356136820926,0.7805555555555556,0.0,0.00046072333563695,0.18181818181818182,0.9999999999999999,1.0,0.8475118828208362
9260.0,0.2432432432432432,0.31060606060606055,0.7561983471074383,0.6559356136820926,0.7805555555555556,0.0,0.00046072333563695,0.18181818181818182,0.9999999999999999,1.0,0.8459598409157048
9270.0,0.2297297297297296,0.303030303030303,0.7561983471074383,0.653923541247485,0.7777777777777778,0.0,0.00046072333563695,0.18181818181818182,0.9999999999999999,1.0,0.844504801629644
9280.0,0.21621621621621623,0.31060606060606055,0.7479338842975207,0.653923541247485,0.7777777777777778,0.0,0.000691085003455425,0.18181818181818182,0.9999999999999999,1.0,0.8429527597245127
9290.0,0.21621621621621623,0.2954545454545454,0.7479338842975207,0.653923541247485,0.7777777777777778,0.0,0.000230361667818475,0.18181818181818182,0.9999999999999999,1.0,0.8414007178193812
9300.0,0.21621621621621623,0.303030303030303,0.7479338842975207,0.6519114688128773,0.775,0.0,0.00046072333563695,0.18181818181818182,0.9999999999999999,1.0,0.8399456785333205
9310.0,0.21621621621621623,0.31060606060606055,0.7479338842975207,0.6498993963782697,0.775,0.0,0.00046072333563695,0.18181818181818182,0.9999999999999999,1.0,0.838393636628189
9320.0,0.20270270270270263,0.2954545454545454,0.7396694214876032,0.6458752515090543,0.775,0.0,0.000230361667818475,0.18181818181818182,0.9999999999999999,1.0,0.8369385973421283
9330.0,0.20270270270270263,0.303030303030303,0.7479338842975207,0.647887323943662,0.7722222222222223,0.0,0.00046072333563695,0.18181818181818182,0.9999999999999999,1.0,0.8353865554369968
9340.0,0.21621621621621623,0.2954545454545454,0.7479338842975207,0.647887323943662,0.7722222222222223,0.0,0.000230361667818475,0.18181818181818182,0.9999999999999999,1.0,0.8339315161509361
9350.0,0.18918918918918926,0.2954545454545454,0.7396694214876032,0.6498993963782697,0.7722222222222223,0.0,0.000230361667818475,0.18181818181818182,0.9999999999999999,1.0,0.8323794742458047
9360.0,0.20270270270270263,0.31060606060606055,0.7396694214876032,0.6498993963782697,0.7722222222222223,0.0,0.00046072333563695,0.18181818181818182,0.9999999999999999,1.0,0.830924434959744
9370.0,0.20270270270270263,0.2954545454545454,0.7396694214876032,0.6498993963782697,0.7694444444444445,0.0,0.000691085003455425,0.18181818181818182,0.9999999999999999,1.0,0.8294693956736833
9380.0,0.20270270270270263,0.2954545454545454,0.7396694214876032,0.6498993963782697,0.7694444444444445,0.0,0.00046072333563695,0.18181818181818182,0.9999999999999999,1.0,0.8280143563876226
9390.0,0.20270270270270263,0.2954545454545454,0.7396694214876032,0.647887323943662,0.7666666666666667,0.0,0.00046072333563695,0.18181818181818182,0.9999999999999999,1.0,0.8264623144824911
9400.0,0.18918918918918926,0.2954545454545454,0.7396694214876032,0.647887323943662,0.7666666666666667,0.0,0.000230361667818475,0.18181818181818182,0.9999999999999999,1.0,0.8250072751964304
9410.0,0.18918918918918926,0.2954545454545454,0.7396694214876032,0.6458752515090543,0.7666666666666667,0.0,0.00046072333563695,0.18181818181818182,0.9999999999999999,1.0,0.8235522359103696
9420.0,0.18918918918918926,0.2954545454545454,0.7272727272727275,0.6458752515090543,0.7666666666666667,0.0,0.00046072333563695,0.18181818181818182,0.9999999999999999,1.0,0.8220971966243089
9430.0,0.18918918918918926,0.28787878787878785,0.7396694214876032,0.6438631790744467,0.7666666666666667,0.0,0.000691085003455425,0.18181818181818182,0.9999999999999999,1.0,0.8206421573382482
9440.0,0.17567567567567566,0.2803030303030303,0.7396694214876032,0.6438631790744467,0.763888888888889,0.0,0.00046072333563695,0.18181818181818182,0.9999999999999999,1.0,0.8191871180521875
9450.0,0.17567567567567566,0.28787878787878785,0.7272727272727275,0.6398390342052315,0.763888888888889,0.0,0.00046072333563695,0.18181818181818182,0.9999999999999999,1.0,0.8177320787661267
9460.0,0.17567567567567566,0.2727272727272727,0.7272727272727275,0.6398390342052315,0.7611111111111112,0.0,0.00046072333563695,0.18181818181818182,0.9999999999999999,1.0,0.816277039480066
9470.0,0.16216216216216206,0.2803030303030303,0.7396694214876032,0.6378269617706238,0.7611111111111112,0.0,0.00046072333563695,0.18181818181818182,0.9999999999999999,1.0,0.8148220001940053
9480.0,0.16216216216216206,0.2803030303030303,0.7396694214876032,0.6398390342052315,0.7583333333333334,0.0,0.000691085003455425,0.18181818181818182,0.9999999999999999,1.0,0.8133669609079446
9490.0,0.16216216216216206,0.2803030303030303,0.7272727272727275,0.6418511066398391,0.7583333333333334,0.0,0.00046072333563695,0.18181818181818182,0.9999999999999999,1.0,0.8119119216218839
9500.0,0.16216216216216206,0.2803030303030303,0.7272727272727275,0.6398390342052315,0.7583333333333334,0.0,0.00046072333563695,0.18181818181818182,0.9999999999999999,1.0,0.8104568823358231
9510.0,0.14864864864864868,0.2803030303030303,0.7396694214876032,0.6398390342052315,0.7555555555555555,0.0,0.00046072333563695,0.18181818181818182,0.9999999999999999,1.0,0.8090018430497624
9520.0,0.16216216216216206,0.2727272727272727,0.7272727272727275,0.6378269617706238,0.7555555555555555,0.0,0.00046072333563695,0.18181818181818182,0.9999999999999999,1.0,0.8076438063827723
9530.0,0.14864864864864868,0.28787878787878785,0.7272727272727275,0.6398390342052315,0.7555555555555555,0.0,0.00046072333563695,0.18181818181818182,0.9999999999999999,1.0,0.8061887670967116
9540.0,0.14864864864864868,0.2727272727272727,0.7272727272727275,0.6378269617706238,0.7527777777777778,0.0,0.000230361667818475,0.18181818181818182,0.9999999999999999,1.0,0.8047337278106509
9550.0,0.14864864864864868,0.2727272727272727,0.7272727272727275,0.6378269617706238,0.7527777777777778,0.0,0.00046072333563695,0.18181818181818182,0.9999999999999999,1.0,0.8033756911436609
9560.0,0.16216216216216206,0.2727272727272727,0.7272727272727275,0.6358148893360162,0.7527777777777778,0.0,0.00046072333563695,0.18181818181818182,0.9999999999999999,1.0,0.8019206518576002
9570.0,0.14864864864864868,0.2727272727272727,0.7272727272727275,0.6358148893360162,0.75,0.0,0.00046072333563695,0.18181818181818182,0.9999999999999999,1.0,0.8004656125715395
9580.0,0.14864864864864868,0.2727272727272727,0.7272727272727275,0.6358148893360162,0.75,0.0,0.00046072333563695,0.18181818181818182,0.9999999999999999,1.0,0.7991075759045495
9590.0,0.14864864864864868,0.26515151515151514,0.71900826446281,0.6358148893360162,0.7472222222222222,0.0,0.00046072333563695,0.18181818181818182,0.9999999999999999,1.0,0.7976525366184888
9600.0,0.14864864864864868,0.25757575757575757,0.71900826446281,0.6378269617706238,0.7472222222222222,0.0,0.00046072333563695,0.18181818181818182,0.9999999999999999,1.0,0.7962944999514987
9610.0,0.1351351351351351,0.26515151515151514,0.71900826446281,0.6378269617706238,0.7472222222222222,0.0,0.000230361667818475,0.18181818181818182,0.9999999999999999,1.0,0.794839460665438
9620.0,0.14864864864864868,0.2727272727272727,0.71900826446281,0.6338028169014085,0.7472222222222222,0.0,0.00046072333563695,0.18181818181818182,0.9999999999999999,1.0,0.793481423998448
9630.0,0.1351351351351351,0.2727272727272727,0.71900826446281,0.6338028169014085,0.7444444444444445,0.0,0.000230361667818475,0.18181818181818182,0.9999999999999999,1.0,0.792123387331458
9640.0,0.1351351351351351,0.26515151515151514,0.71900826446281,0.6338028169014085,0.7444444444444445,0.0,0.00046072333563695,0.18181818181818182,0.9999999999999999,1.0,0.7906683480453973
9650.0,0.1351351351351351,0.26515151515151514,0.7107438016528924,0.6338028169014085,0.7444444444444445,0.0,0.00046072333563695,0.18181818181818182,0.9999999999999999,1.0,0.7893103113784072
9660.0,0.1351351351351351,0.26515151515151514,0.7107438016528924,0.6297786720321932,0.7444444444444445,0.0,0.00046072333563695,0.18181818181818182,0.9999999999999999,1.0,0.7879522747114173
9670.0,0.1351351351351351,0.26515151515151514,0.71900826446281,0.6297786720321932,0.7416666666666667,0.0,0.00046072333563695,0.18181818181818182,0.9999999999999999,1.0,0.7864972354253565
9680.0,0.1351351351351351,0.26515151515151514,0.7107438016528924,0.6297786720321932,0.7416666666666667,0.0,0.00046072333563695,0.18181818181818182,0.9999999999999999,1.0,0.7851391987583666
9690.0,0.1351351351351351,0.26515151515151514,0.7107438016528924,0.6277665995975855,0.7416666666666667,0.0,0.00046072333563695,0.18181818181818182,0.9999999999999999,1.0,0.7837811620913765
9700.0,0.1351351351351351,0.25757575757575757,0.7107438016528924,0.6277665995975855,0.7388888888888889,0.0,0.00046072333563695,0.18181818181818182,0.9999999999999999,1.0,0.7824231254243865
9710.0,0.1351351351351351,0.25757575757575757,0.7107438016528924,0.6297786720321932,0.7388888888888889,0.0,0.00046072333563695,0.18181818181818182,0.9999999999999999,1.0,0.7810650887573966
9720.0,0.12162162162162149,0.26515151515151514,0.6983471074380168,0.6317907444668008,0.7388888888888889,0.0,0.000691085003455425,0.18181818181818182,0.9999999999999999,1.0,0.7797070520904065
9730.0,0.12162162162162149,0.25,0.7107438016528924,0.6297786720321932,0.7361111111111112,0.0,0.000230361667818475,0.18181818181818182,0.9999999999999999,1.0,0.7783490154234165
9740.0,0.12162162162162149,0.25,0.7107438016528924,0.6277665995975855,0.7361111111111112,0.0,0.00046072333563695,0.18181818181818182,0.9999999999999999,1.0,0.7769909787564264
9750.0,0.12162162162162149,0.25757575757575757,0.7107438016528924,0.625754527162978,0.7361111111111112,0.0,0.000230361667818475,0.18181818181818182,0.9999999999999999,1.0,0.7756329420894365
9760.0,0.12162162162162149,0.25757575757575757,0.6983471074380168,0.625754527162978,0.7361111111111112,0.0,0.00046072333563695,0.18181818181818182,0.9999999999999999,1.0,0.7742749054224465
9770.0,0.12162162162162149,0.25,0.6983471074380168,0.6277665995975855,0.7333333333333334,0.0,0.00046072333563695,0.18181818181818182,0.9999999999999999,1.0,0.7729168687554564
9780.0,0.12162162162162149,0.25757575757575757,0.6983471074380168,0.6277665995975855,0.7333333333333334,0.0,0.00046072333563695,0.18181818181818182,0.9999999999999999,1.0,0.7715588320884664
9790.0,0.12162162162162149,0.25,0.6900826446280992,0.6297786720321932,0.7305555555555556,0.0,0.00046072333563695,0.18181818181818182,0.9999999999999999,1.0,0.7702007954214765
9800.0,0.12162162162162149,0.25,0.6900826446280992,0.625754527162978,0.7333333333333334,0.0,0.00046072333563695,0.18181818181818182,0.9999999999999999,1.0,0.7689397613735571
9810.0,0.12162162162162149,0.2727272727272727,0.6983471074380168,0.6217303822937627,0.7305555555555556,0.0,0.000230361667818475,0.18181818181818182,0.9999999999999999,1.0,0.7675817247065672
9820.0,0.12162162162162149,0.25,0.6900826446280992,0.619718309859155,0.7305555555555556,0.0,0.00046072333563695,0.18181818181818182,0.9999999999999999,1.0,0.7662236880395771
9830.0,0.12162162162162149,0.24242424242424243,0.6983471074380168,0.619718309859155,0.7305555555555556,0.0,0.00046072333563695,0.18181818181818182,0.9999999999999999,1.0,0.7648656513725871
9840.0,0.12162162162162149,0.2272727272727273,0.6983471074380168,0.6217303822937627,0.7277777777777779,0.0,0.000691085003455425,0.18181818181818182,0.9999999999999999,1.0,0.7636046173246678
9850.0,0.10810810810810811,0.24242424242424243,0.6983471074380168,0.6217303822937627,0.7277777777777779,0.0,0.00046072333563695,0.18181818181818182,0.9999999999999999,1.0,0.7622465806576778
9860.0,0.10810810810810811,0.24242424242424243,0.6900826446280992,0.6217303822937627,0.7277777777777779,0.0,0.000691085003455425,0.18181818181818182,0.9999999999999999,1.0,0.7609855466097585
9870.0,0.10810810810810811,0.24242424242424243,0.6983471074380168,0.6217303822937627,0.7277777777777779,0.0,0.000691085003455425,0.18181818181818182,0.9999999999999999,1.0,0.7596275099427685
9880.0,0.10810810810810811,0.24242424242424243,0.6983471074380168,0.6217303822937627,0.7277777777777779,0.0,0.00046072333563695,0.18181818181818182,0.9999999999999999,1.0,0.7582694732757785
9890.0,0.10810810810810811,0.23484848484848486,0.6900826446280992,0.6217303822937627,0.725,0.0,0.00046072333563695,0.18181818181818182,0.9999999999999999,1.0,0.7570084392278592
9900.0,0.10810810810810811,0.25,0.6900826446280992,0.6217303822937627,0.725,0.0,0.00046072333563695,0.18181818181818182,0.9999999999999999,1.0,0.7557474051799399
9910.0,0.10810810810810811,0.24242424242424243,0.6900826446280992,0.619718309859155,0.725,0.0,0.00046072333563695,0.18181818181818182,0.9999999999999999,1.0,0.7543893685129499
9920.0,0.09459459459459452,0.23484848484848486,0.6983471074380168,0.6177062374245473,0.725,0.0,0.00046072333563695,0.18181818181818182,0.9999999999999999,1.0,0.7531283344650306
9930.0,0.10810810810810811,0.24242424242424243,0.6818181818181821,0.6177062374245473,0.725,0.0,0.00046072333563695,0.18181818181818182,0.9999999999999999,1.0,0.7517702977980406
9940.0,0.10810810810810811,0.23484848484848486,0.6900826446280992,0.619718309859155,0.7222222222222222,0.0,0.00046072333563695,0.18181818181818182,0.9999999999999999,1.0,0.7505092637501213
9950.0,0.09459459459459452,0.23484848484848486,0.6818181818181821,0.6177062374245473,0.7222222222222222,0.0,0.00046072333563695,0.18181818181818182,0.9999999999999999,1.0,0.7492482297022021
9960.0,0.10810810810810811,0.21969696969696972,0.6900826446280992,0.613682092555332,0.7222222222222222,0.0,0.00046072333563695,0.18181818181818182,0.9999999999999999,1.0,0.747890193035212
9970.0,0.09459459459459452,0.23484848484848486,0.6818181818181821,0.613682092555332,0.7194444444444444,0.0,0.00046072333563695,0.18181818181818182,0.9999999999999999,1.0,0.7466291589872927
9980.0,0.09459459459459452,0.23484848484848486,0.6818181818181821,0.613682092555332,0.7194444444444444,0.0,0.000230361667818475,0.18181818181818182,0.9999999999999999,1.0,0.7453681249393734
9990.0,0.10810810810810811,0.23484848484848486,0.6900826446280992,0.613682092555332,0.7194444444444444,0.0,0.00046072333563695,0.18181818181818182,0.9999999999999999,1.0,0.7441070908914541
10000.0,0.10810810810810811,0.2272727272727273,0.6818181818181821,0.6096579476861167,0.7194444444444444,0.0,0.00046072333563695,0.18181818181818182,0.9999999999999999,1.0,0.7428460568435348
10010.0,0.09459459459459452,0.21969696969696972,0.6818181818181821,0.6116700201207244,0.7194444444444444,0.0,0.00046072333563695,0.18181818181818182,0.9999999999999999,1.0,0.7415850227956156
10020.0,0.09459459459459452,0.2272727272727273,0.6818181818181821,0.613682092555332,0.7194444444444444,0.0,0.00046072333563695,0.18181818181818182,0.9999999999999999,1.0,0.7403239887476962
10030.0,0.09459459459459452,0.2272727272727273,0.669421487603306,0.6177062374245473,0.7166666666666667,0.0,0.00046072333563695,0.18181818181818182,0.9999999999999999,1.0,0.7390629546997769
10040.0,0.10810810810810811,0.2272727272727273,0.669421487603306,0.6156941649899397,0.7166666666666667,0.0,0.00046072333563695,0.18181818181818182,0.9999999999999999,1.0,0.7378019206518577
10050.0,0.09459459459459452,0.2272727272727273,0.6818181818181821,0.6156941649899397,0.7166666666666667,0.0,0.00046072333563695,0.18181818181818182,0.9999999999999999,1.0,0.7365408866039383
10060.0,0.08108108108108092,0.21969696969696972,0.6818181818181821,0.613682092555332,0.7166666666666667,0.0,0.00046072333563695,0.18181818181818182,0.9999999999999999,1.0,0.735279852556019
10070.0,0.09459459459459452,0.23484848484848486,0.669421487603306,0.613682092555332,0.7166666666666667,0.0,0.00046072333563695,0.18181818181818182,0.9999999999999999,1.0,0.7340188185080998
10080.0,0.08108108108108092,0.23484848484848486,0.669421487603306,0.6096579476861167,0.7166666666666667,0.0,0.00046072333563695,0.18181818181818182,0.9999999999999999,1.0,0.7327577844601805
10090.0,0.09459459459459452,0.21969696969696972,0.669421487603306,0.6096579476861167,0.7138888888888889,0.0,0.00046072333563695,0.18181818181818182,0.9999999999999999,1.0,0.7314967504122611
10100.0,0.08108108108108092,0.23484848484848486,0.6818181818181821,0.6116700201207244,0.7138888888888889,0.0,0.00046072333563695,0.18181818181818182,0.9999999999999999,1.0,0.7302357163643419
10110.0,0.09459459459459452,0.21212121212121215,0.669421487603306,0.613682092555332,0.7138888888888889,0.0,0.00046072333563695,0.18181818181818182,0.9999999999999999,1.0,0.7289746823164226
10120.0,0.08108108108108092,0.2272727272727273,0.669421487603306,0.613682092555332,0.7138888888888889,0.0,0.0,0.18181818181818182,0.9999999999999999,1.0,0.727810650887574
10130.0,0.08108108108108092,0.21212121212121215,0.669421487603306,0.6096579476861167,0.7111111111111111,0.0,0.00046072333563695,0.18181818181818182,0.9999999999999999,1.0,0.7265496168396547
10140.0,0.08108108108108092,0.21212121212121215,0.669421487603306,0.6096579476861167,0.7111111111111111,0.0,0.00046072333563695,0.18181818181818182,0.9999999999999999,1.0,0.7252885827917355
10150.0,0.09459459459459452,0.23484848484848486,0.669421487603306,0.6096579476861167,0.7111111111111111,0.0,0.00046072333563695,0.18181818181818182,0.9999999999999999,1.0,0.7241245513628869
10160.0,0.08108108108108092,0.20454545454545459,0.669421487603306,0.6096579476861167,0.7111111111111111,0.0,0.00046072333563695,0.18181818181818182,0.9999999999999999,1.0,0.7228635173149676
10170.0,0.08108108108108092,0.21969696969696972,0.669421487603306,0.6076458752515091,0.7111111111111111,0.0,0.000691085003455425,0.18181818181818182,0.9999999999999999,1.0,0.7216024832670482
10180.0,0.08108108108108092,0.2272727272727273,0.6611570247933884,0.6056338028169015,0.7083333333333334,0.0,0.00046072333563695,0.18181818181818182,0.9999999999999999,1.0,0.7204384518381997
10190.0,0.08108108108108092,0.21212121212121215,0.669421487603306,0.6076458752515091,0.7083333333333334,0.0,0.00046072333563695,0.18181818181818182,0.9999999999999999,1.0,0.7191774177902804
10200.0,0.08108108108108092,0.21212121212121215,0.6611570247933884,0.6056338028169015,0.7083333333333334,0.0,0.00046072333563695,0.18181818181818182,0.9999999999999999,1.0,0.7180133863614317
10210.0,0.06756756756756754,0.21212121212121215,0.669421487603306,0.6056338028169015,0.7083333333333334,0.0,0.00046072333563695,0.18181818181818182,0.9999999999999999,1.0,0.7167523523135125
10220.0,0.08108108108108092,0.21969696969696972,0.669421487603306,0.6036217303822938,0.7083333333333334,0.0,0.00046072333563695,0.18181818181818182,0.9999999999999999,1.0,0.715588320884664
10230.0,0.08108108108108092,0.21212121212121215,0.6611570247933884,0.6016096579476862,0.7083333333333334,0.0,0.00046072333563695,0.18181818181818182,0.9999999999999999,1.0,0.7144242894558154
10240.0,0.08108108108108092,0.20454545454545459,0.6528925619834713,0.6036217303822938,0.7083333333333334,0.0,0.000230361667818475,0.18181818181818182,0.9999999999999999,1.0,0.713163255407896
10250.0,0.08108108108108092,0.20454545454545459,0.6611570247933884,0.6056338028169015,0.7055555555555556,0.0,0.00046072333563695,0.18181818181818182,0.9999999999999999,1.0,0.7119992239790475
10260.0,0.08108108108108092,0.21212121212121215,0.6611570247933884,0.6076458752515091,0.7055555555555556,0.0,0.00046072333563695,0.18181818181818182,0.9999999999999999,1.0,0.7107381899311281
10270.0,0.08108108108108092,0.20454545454545459,0.6611570247933884,0.6056338028169015,0.7055555555555556,0.0,0.00046072333563695,0.18181818181818182,0.9999999999999999,1.0,0.7095741585022796
10280.0,0.08108108108108092,0.20454545454545459,0.6528925619834713,0.6056338028169015,0.7055555555555556,0.0,0.000691085003455425,0.18181818181818182,0.9999999999999999,1.0,0.708410127073431
10290.0,0.08108108108108092,0.20454545454545459,0.6528925619834713,0.6036217303822938,0.7055555555555556,0.0,0.00046072333563695,0.18181818181818182,0.9999999999999999,1.0,0.7072460956445824
10300.0,0.06756756756756754,0.21969696969696972,0.6404958677685952,0.6016096579476862,0.7055555555555556,0.0,0.00046072333563695,0.18181818181818182,0.9999999999999999,1.0,0.7059850615966632
10310.0,0.08108108108108092,0.20454545454545459,0.6528925619834713,0.6016096579476862,0.7027777777777778,0.0,0.00046072333563695,0.18181818181818182,0.9999999999999999,1.0,0.7048210301678146
10320.0,0.06756756756756754,0.20454545454545459,0.6528925619834713,0.6016096579476862,0.7027777777777778,0.0,0.00046072333563695,0.18181818181818182,0.9999999999999999,1.0,0.703656998738966
10330.0,0.06756756756756754,0.20454545454545459,0.6528925619834713,0.5995975855130785,0.7027777777777778,0.0,0.00046072333563695,0.18181818181818182,0.9999999999999999,1.0,0.7024929673101175
10340.0,0.06756756756756754,0.21969696969696972,0.6404958677685952,0.6016096579476862,0.7027777777777778,0.0,0.00046072333563695,0.18181818181818182,0.9999999999999999,1.0,0.7013289358812689
10350.0,0.06756756756756754,0.20454545454545459,0.6404958677685952,0.5995975855130785,0.7027777777777778,0.0,0.00046072333563695,0.18181818181818182,0.9999999999999999,1.0,0.7001649044524203
10360.0,0.06756756756756754,0.20454545454545459,0.6528925619834713,0.6016096579476862,0.7000000000000001,0.0,0.00046072333563695,0.18181818181818182,0.9999999999999999,1.0,0.6990008730235717
10370.0,0.06756756756756754,0.19696969696969702,0.6404958677685952,0.6016096579476862,0.7000000000000001,0.0,0.00046072333563695,0.18181818181818182,0.9999999999999999,1.0,0.6978368415947231
10380.0,0.08108108108108092,0.21212121212121215,0.6528925619834713,0.6016096579476862,0.7000000000000001,0.0,0.00046072333563695,0.18181818181818182,0.9999999999999999,1.0,0.6966728101658746
10390.0,0.06756756756756754,0.19696969696969702,0.6528925619834713,0.6016096579476862,0.7000000000000001,0.0,0.00046072333563695,0.18181818181818182,0.9999999999999999,1.0,0.695508778737026
10400.0,0.06756756756756754,0.21212121212121215,0.6528925619834713,0.5975855130784709,0.7000000000000001,0.0,0.00046072333563695,0.18181818181818182,0.9999999999999999,1.0,0.6943447473081774
10410.0,0.06756756756756754,0.19696969696969702,0.6404958677685952,0.5975855130784709,0.7000000000000001,0.0,0.00046072333563695,0.18181818181818182,0.9999999999999999,1.0,0.6931807158793288
10420.0,0.06756756756756754,0.19696969696969702,0.6528925619834713,0.5935613682092555,0.7000000000000001,0.0,0.00046072333563695,0.18181818181818182,0.9999999999999999,1.0,0.6920166844504803
10430.0,0.06756756756756754,0.19696969696969702,0.6322314049586777,0.5955734406438632,0.7000000000000001,0.0,0.00046072333563695,0.18181818181818182,0.9999999999999999,1.0,0.6909496556407023
10440.0,0.054054054054053946,0.20454545454545459,0.6404958677685952,0.5975855130784709,0.6972222222222223,0.0,0.00046072333563695,0.18181818181818182,0.9999999999999999,1.0,0.6897856242118537
10450.0,0.06756756756756754,0.18939393939393945,0.6528925619834713,0.5975855130784709,0.6972222222222223,0.0,0.000691085003455425,0.18181818181818182,0.9999999999999999,1.0,0.6886215927830052
10460.0,0.06756756756756754,0.19696969696969702,0.6404958677685952,0.5935613682092555,0.6972222222222223,0.0,0.00046072333563695,0.18181818181818182,0.9999999999999999,1.0,0.6874575613541566
10470.0,0.06756756756756754,0.1742424242424243,0.6528925619834713,0.591549295774648,0.6972222222222223,0.0,0.000691085003455425,0.18181818181818182,0.9999999999999999,1.0,0.6863905325443788
10480.0,0.06756756756756754,0.18939393939393945,0.6322314049586777,0.5935613682092555,0.6972222222222223,0.0,0.00046072333563695,0.18181818181818182,0.9999999999999999,1.0,0.6852265011155302
10490.0,0.054054054054053946,0.19696969696969702,0.6404958677685952,0.5935613682092555,0.6972222222222223,0.0,0.00046072333563695,0.18181818181818182,0.9999999999999999,1.0,0.6840624696866816
10500.0,0.06756756756756754,0.18939393939393945,0.6404958677685952,0.5935613682092555,0.6944444444444444,0.0,0.00046072333563695,0.18181818181818182,0.9999999999999999,1.0,0.6829954408769037
10510.0,0.06756756756756754,0.19696969696969702,0.6404958677685952,0.5895372233400403,0.6972222222222223,0.0,0.00046072333563695,0.18181818181818182,0.9999999999999999,1.0,0.6818314094480551
10520.0,0.08108108108108092,0.18939393939393945,0.6404958677685952,0.591549295774648,0.6944444444444444,0.0,0.00046072333563695,0.18181818181818182,0.9999999999999999,1.0,0.6806673780192065
10530.0,0.06756756756756754,0.18939393939393945,0.6404958677685952,0.5935613682092555,0.6944444444444444,0.0,0.00046072333563695,0.18181818181818182,0.9999999999999999,1.0,0.6796003492094287
10540.0,0.06756756756756754,0.18939393939393945,0.6404958677685952,0.5935613682092555,0.6944444444444444,0.0,0.00046072333563695,0.18181818181818182,0.9999999999999999,1.0,0.6784363177805801
10550.0,0.054054054054053946,0.18181818181818188,0.6322314049586777,0.5935613682092555,0.6944444444444444,0.0,0.00046072333563695,0.18181818181818182,0.9999999999999999,1.0,0.6773692889708023
10560.0,0.06756756756756754,0.18939393939393945,0.6404958677685952,0.591549295774648,0.6944444444444444,0.0,0.000230361667818475,0.18181818181818182,0.9999999999999999,1.0,0.6762052575419537
10570.0,0.06756756756756754,0.18181818181818188,0.6404958677685952,0.5895372233400403,0.6944444444444444,0.0,0.00046072333563695,0.18181818181818182,0.9999999999999999,1.0,0.6751382287321758
10580.0,0.054054054054053946,0.19696969696969702,0.6404958677685952,0.5895372233400403,0.6944444444444444,0.0,0.00046072333563695,0.18181818181818182,0.9999999999999999,1.0,0.674071199922398
10590.0,0.06756756756756754,0.18181818181818188,0.6322314049586777,0.5895372233400403,0.6944444444444444,0.0,0.00046072333563695,0.18181818181818182,0.9999999999999999,1.0,0.6729071684935494
10600.0,0.06756756756756754,0.18939393939393945,0.6322314049586777,0.585513078470825,0.6944444444444444,0.0,0.00046072333563695,0.18181818181818182,0.9999999999999999,1.0,0.6718401396837715
10610.0,0.06756756756756754,0.19696969696969702,0.6322314049586777,0.585513078470825,0.6916666666666667,0.0,0.000230361667818475,0.18181818181818182,0.9999999999999999,1.0,0.6707731108739936
10620.0,0.054054054054053946,0.18939393939393945,0.6322314049586777,0.585513078470825,0.6916666666666667,0.0,0.00046072333563695,0.18181818181818182,0.9999999999999999,1.0,0.669609079445145
10630.0,0.054054054054053946,0.18939393939393945,0.6404958677685952,0.5895372233400403,0.6916666666666667,0.0,0.00046072333563695,0.18181818181818182,0.9999999999999999,1.0,0.6685420506353672
10640.0,0.054054054054053946,0.1742424242424243,0.6322314049586777,0.5875251509054327,0.6916666666666667,0.0,0.00046072333563695,0.18181818181818182,0.9999999999999999,1.0,0.6674750218255894
10650.0,0.054054054054053946,0.1742424242424243,0.6404958677685952,0.5875251509054327,0.6916666666666667,0.0,0.000230361667818475,0.18181818181818182,0.9999999999999999,1.0,0.6664079930158114
10660.0,0.06756756756756754,0.1742424242424243,0.6322314049586777,0.5875251509054327,0.6916666666666667,0.0,0.00046072333563695,0.18181818181818182,0.9999999999999999,1.0,0.6652439615869629
10670.0,0.054054054054053946,0.18181818181818188,0.6115702479338845,0.5895372233400403,0.6916666666666667,0.0,0.00046072333563695,0.18181818181818182,0.9999999999999999,1.0,0.664176932777185
10680.0,0.054054054054053946,0.18181818181818188,0.6239669421487606,0.5895372233400403,0.6888888888888889,0.0,0.000230361667818475,0.18181818181818182,0.9999999999999999,1.0,0.6631099039674072
10690.0,0.054054054054053946,0.1742424242424243,0.6239669421487606,0.5875251509054327,0.6888888888888889,0.0,0.000230361667818475,0.18181818181818182,0.9999999999999999,1.0,0.6620428751576293
10700.0,0.054054054054053946,0.1742424242424243,0.6239669421487606,0.5895372233400403,0.6888888888888889,0.0,0.000691085003455425,0.18181818181818182,0.9999999999999999,1.0,0.6609758463478514
10710.0,0.054054054054053946,0.1742424242424243,0.6239669421487606,0.5895372233400403,0.6888888888888889,0.0,0.00046072333563695,0.18181818181818182,0.9999999999999999,1.0,0.6599088175380736
10720.0,0.06756756756756754,0.1742424242424243,0.6239669421487606,0.5895372233400403,0.6861111111111111,0.0,0.000691085003455425,0.18181818181818182,0.9999999999999999,1.0,0.6588417887282957
10730.0,0.054054054054053946,0.1742424242424243,0.6239669421487606,0.5875251509054327,0.6888888888888889,0.0,0.00046072333563695,0.18181818181818182,0.9999999999999999,1.0,0.6577747599185179
10740.0,0.04054054054054057,0.1742424242424243,0.6239669421487606,0.5895372233400403,0.6861111111111111,0.0,0.00046072333563695,0.18181818181818182,0.9999999999999999,1.0,0.6567077311087399
10750.0,0.054054054054053946,0.1742424242424243,0.6239669421487606,0.5875251509054327,0.6861111111111111,0.0,0.000230361667818475,0.18181818181818182,0.9999999999999999,1.0,0.6556407022989621
10760.0,0.054054054054053946,0.1742424242424243,0.6239669421487606,0.585513078470825,0.6861111111111111,0.0,0.00046072333563695,0.18181818181818182,0.9999999999999999,1.0,0.6545736734891843
10770.0,0.054054054054053946,0.18181818181818188,0.6115702479338845,0.5835010060362174,0.6861111111111111,0.0,0.00046072333563695,0.18181818181818182,0.9999999999999999,1.0,0.6535066446794063
10780.0,0.054054054054053946,0.1742424242424243,0.6239669421487606,0.5814889336016097,0.6861111111111111,0.0,0.00046072333563695,0.18181818181818182,0.9999999999999999,1.0,0.6524396158696285
10790.0,0.054054054054053946,0.15909090909090895,0.6115702479338845,0.5814889336016097,0.6861111111111111,0.0,0.000230361667818475,0.18181818181818182,0.9999999999999999,1.0,0.6514695896789213
10800.0,0.054054054054053946,0.16666666666666652,0.6239669421487606,0.5814889336016097,0.6861111111111111,0.0,0.00046072333563695,0.18181818181818182,0.9999999999999999,1.0,0.6504025608691435
10810.0,0.054054054054053946,0.1742424242424243,0.6115702479338845,0.5835010060362174,0.6861111111111111,0.0,0.000691085003455425,0.18181818181818182,0.9999999999999999,1.0,0.6493355320593657
10820.0,0.054054054054053946,0.16666666666666652,0.6115702479338845,0.5835010060362174,0.6861111111111111,0.0,0.00046072333563695,0.18181818181818182,0.9999999999999999,1.0,0.6482685032495877
10830.0,0.054054054054053946,0.15151515151515138,0.6239669421487606,0.585513078470825,0.6861111111111111,0.0,0.00046072333563695,0.18181818181818182,0.9999999999999999,1.0,0.6472984770588807
10840.0,0.04054054054054057,0.16666666666666652,0.6115702479338845,0.585513078470825,0.6833333333333333,0.0,0.00046072333563695,0.18181818181818182,0.9999999999999999,1.0,0.6462314482491027
10850.0,0.054054054054053946,0.16666666666666652,0.6115702479338845,0.5835010060362174,0.6833333333333333,0.0,0.00046072333563695,0.18181818181818182,0.9999999999999999,1.0,0.6451644194393249
10860.0,0.04054054054054057,0.1742424242424243,0.6239669421487606,0.5814889336016097,0.6833333333333333,0.0,0.00046072333563695,0.18181818181818182,0.9999999999999999,1.0,0.6441943932486177
10870.0,0.04054054054054057,0.1742424242424243,0.6239669421487606,0.5814889336016097,0.6833333333333333,0.0,0.00046072333563695,0.18181818181818182,0.9999999999999999,1.0,0.6431273644388399
10880.0,0.04054054054054057,0.16666666666666652,0.6115702479338845,0.5835010060362174,0.6833333333333333,0.0,0.000230361667818475,0.18181818181818182,0.9999999999999999,1.0,0.6420603356290621
10890.0,0.04054054054054057,0.16666666666666652,0.6115702479338845,0.5835010060362174,0.6833333333333333,0.0,0.00046072333563695,0.18181818181818182,0.9999999999999999,1.0,0.6410903094383549
10900.0,0.04054054054054057,0.1742424242424243,0.6115702479338845,0.5814889336016097,0.6833333333333333,0.0,0.00046072333563695,0.18181818181818182,0.9999999999999999,1.0,0.640023280628577
10910.0,0.04054054054054057,0.1742424242424243,0.6239669421487606,0.579476861167002,0.6805555555555556,0.0,0.00046072333563695,0.18181818181818182,0.9999999999999999,1.0,0.6390532544378699
10920.0,0.054054054054053946,0.1742424242424243,0.6033057851239669,0.5774647887323944,0.6833333333333333,0.0,0.00046072333563695,0.18181818181818182,0.9999999999999999,1.0,0.637986225628092
10930.0,0.054054054054053946,0.16666666666666652,0.6239669421487606,0.5774647887323944,0.6833333333333333,0.0,0.00046072333563695,0.18181818181818182,0.9999999999999999,1.0,0.6370161994373849
10940.0,0.04054054054054057,0.15909090909090895,0.6033057851239669,0.5774647887323944,0.6805555555555556,0.0,0.00046072333563695,0.18181818181818182,0.9999999999999999,1.0,0.635949170627607
10950.0,0.04054054054054057,0.15909090909090895,0.6115702479338845,0.5754527162977867,0.6805555555555556,0.0,0.00046072333563695,0.18181818181818182,0.9999999999999999,1.0,0.6349791444368998
10960.0,0.04054054054054057,0.1742424242424243,0.6115702479338845,0.5774647887323944,0.6805555555555556,0.0,0.00046072333563695,0.18181818181818182,0.9999999999999999,1.0,0.6340091182461927
10970.0,0.027027027027026973,0.15909090909090895,0.6115702479338845,0.5774647887323944,0.6805555555555556,0.0,0.00046072333563695,0.18181818181818182,0.9999999999999999,1.0,0.6329420894364148
10980.0,0.04054054054054057,0.16666666666666652,0.6115702479338845,0.5774647887323944,0.6805555555555556,0.0,0.000230361667818475,0.18181818181818182,0.9999999999999999,1.0,0.6319720632457076
10990.0,0.04054054054054057,0.15909090909090895,0.6033057851239669,0.5774647887323944,0.6805555555555556,0.0,0.00046072333563695,0.18181818181818182,0.9999999999999999,1.0,0.6310020370550006
11000.0,0.04054054054054057,0.1742424242424243,0.6115702479338845,0.5774647887323944,0.6805555555555556,0.0,0.00046072333563695,0.18181818181818182,0.9999999999999999,1.0,0.6299350082452226
11010.0,0.04054054054054057,0.16666666666666652,0.6033057851239669,0.5774647887323944,0.6777777777777778,0.0,0.00046072333563695,0.18181818181818182,0.9999999999999999,1.0,0.6289649820545156
11020.0,0.04054054054054057,0.16666666666666652,0.6115702479338845,0.5774647887323944,0.6777777777777778,0.0,0.00046072333563695,0.18181818181818182,0.9999999999999999,1.0,0.6279949558638084
11030.0,0.04054054054054057,0.15151515151515138,0.6033057851239669,0.5774647887323944,0.6777777777777778,0.0,0.00046072333563695,0.18181818181818182,0.9999999999999999,1.0,0.6270249296731012
11040.0,0.04054054054054057,0.15151515151515138,0.6033057851239669,0.5774647887323944,0.6777777777777778,0.0,0.00046072333563695,0.18181818181818182,0.9999999999999999,1.0,0.6259579008633234
11050.0,0.027027027027026973,0.15909090909090895,0.6033057851239669,0.579476861167002,0.6777777777777778,0.0,0.00046072333563695,0.18181818181818182,0.9999999999999999,1.0,0.6249878746726162
11060.0,0.027027027027026973,0.15909090909090895,0.6033057851239669,0.5774647887323944,0.6777777777777778,0.0,0.00046072333563695,0.18181818181818182,0.9999999999999999,1.0,0.624017848481909
11070.0,0.04054054054054057,0.15909090909090895,0.6033057851239669,0.5734406438631792,0.6777777777777778,0.0,0.00046072333563695,0.18181818181818182,0.9999999999999999,1.0,0.6230478222912019
11080.0,0.027027027027026973,0.15909090909090895,0.6115702479338845,0.5734406438631792,0.6777777777777778,0.0,0.00046072333563695,0.18181818181818182,0.9999999999999999,1.0,0.6220777961004947
11090.0,0.04054054054054057,0.16666666666666652,0.5950413223140498,0.5734406438631792,0.6777777777777778,0.0,0.00046072333563695,0.18181818181818182,0.9999999999999999,1.0,0.6211077699097876
11100.0,0.04054054054054057,0.15151515151515138,0.6033057851239669,0.5734406438631792,0.6777777777777778,0.0,0.00046072333563695,0.18181818181818182,0.9999999999999999,1.0,0.6201377437190805
11110.0,0.04054054054054057,0.1439393939393938,0.6033057851239669,0.5734406438631792,0.675,0.0,0.00046072333563695,0.18181818181818182,0.9999999999999999,1.0,0.6191677175283733
11120.0,0.027027027027026973,0.15151515151515138,0.5950413223140498,0.5754527162977867,0.675,0.0,0.00046072333563695,0.18181818181818182,0.9999999999999999,1.0,0.6181976913376661
11130.0,0.04054054054054057,0.15909090909090895,0.5950413223140498,0.5754527162977867,0.675,0.0,0.00046072333563695,0.18181818181818182,0.9999999999999999,1.0,0.617227665146959
11140.0,0.027027027027026973,0.1439393939393938,0.6033057851239669,0.5734406438631792,0.675,0.0,0.00046072333563695,0.18181818181818182,0.9999999999999999,1.0,0.6162576389562519
11150.0,0.027027027027026973,0.15909090909090895,0.6033057851239669,0.5734406438631792,0.675,0.0,0.00046072333563695,0.18181818181818182,0.9999999999999999,1.0,0.6152876127655447
11160.0,0.04054054054054057,0.15909090909090895,0.5950413223140498,0.5734406438631792,0.675,0.0,0.000230361667818475,0.18181818181818182,0.9999999999999999,1.0,0.6143175865748376
11170.0,0.04054054054054057,0.15151515151515138,0.6033057851239669,0.5734406438631792,0.675,0.0,0.00046072333563695,0.18181818181818182,0.9999999999999999,1.0,0.6133475603841304
11180.0,0.04054054054054057,0.15151515151515138,0.5950413223140498,0.5734406438631792,0.675,0.0,0.00046072333563695,0.18181818181818182,0.9999999999999999,1.0,0.6123775341934232
11190.0,0.04054054054054057,0.1439393939393938,0.5950413223140498,0.5734406438631792,0.675,0.0,0.00046072333563695,0.18181818181818182,0.9999999999999999,1.0,0.6115045106217868
11200.0,0.04054054054054057,0.1439393939393938,0.5826446280991737,0.5734406438631792,0.675,0.0,0.00046072333563695,0.18181818181818182,0.9999999999999999,1.0,0.6105344844310797
11210.0,0.04054054054054057,0.1439393939393938,0.5826446280991737,0.5714285714285715,0.6722222222222223,0.0,0.00046072333563695,0.18181818181818182,0.9999999999999999,1.0,0.6095644582403725
11220.0,0.013513513513513375,0.15909090909090895,0.5950413223140498,0.5694164989939638,0.6722222222222223,0.0,0.00046072333563695,0.18181818181818182,0.9999999999999999,1.0,0.6085944320496653
11230.0,0.027027027027026973,0.16666666666666652,0.5950413223140498,0.5694164989939638,0.6722222222222223,0.0,0.00046072333563695,0.18181818181818182,0.9999999999999999,1.0,0.6077214084780289
11240.0,0.027027027027026973,0.15151515151515138,0.5826446280991737,0.5694164989939638,0.6722222222222223,0.0,0.00046072333563695,0.18181818181818182,0.9999999999999999,1.0,0.6067513822873218
11250.0,0.027027027027026973,0.1439393939393938,0.5950413223140498,0.5694164989939638,0.6722222222222223,0.0,0.00046072333563695,0.18181818181818182,0.9999999999999999,1.0,0.6057813560966147
11260.0,0.04054054054054057,0.15151515151515138,0.5950413223140498,0.5674044265593562,0.6722222222222223,0.0,0.00046072333563695,0.18181818181818182,0.9999999999999999,1.0,0.6049083325249782
11270.0,0.027027027027026973,0.15909090909090895,0.5950413223140498,0.5694164989939638,0.6722222222222223,0.0,0.00046072333563695,0.18181818181818182,0.9999999999999999,1.0,0.603938306334271
11280.0,0.04054054054054057,0.15151515151515138,0.5826446280991737,0.5694164989939638,0.6694444444444445,0.0,0.000230361667818475,0.18181818181818182,0.9999999999999999,1.0,0.602968280143564
11290.0,0.027027027027026973,0.1439393939393938,0.5826446280991737,0.5694164989939638,0.6694444444444445,0.0,0.00046072333563695,0.18181818181818182,0.9999999999999999,1.0,0.6020952565719275
11300.0,0.027027027027026973,0.15909090909090895,0.5826446280991737,0.5674044265593562,0.6694444444444445,0.0,0.00046072333563695,0.18181818181818182,0.9999999999999999,1.0,0.6011252303812203
11310.0,0.027027027027026973,0.1439393939393938,0.5950413223140498,0.5674044265593562,0.6694444444444445,0.0,0.00046072333563695,0.18181818181818182,0.9999999999999999,1.0,0.6002522068095839
11320.0,0.04054054054054057,0.1439393939393938,0.5950413223140498,0.5694164989939638,0.6694444444444445,0.0,0.00046072333563695,0.18181818181818182,0.9999999999999999,1.0,0.5992821806188767
11330.0,0.027027027027026973,0.1439393939393938,0.5950413223140498,0.5714285714285715,0.6694444444444445,0.0,0.00046072333563695,0.18181818181818182,0.9999999999999999,1.0,0.5984091570472403
11340.0,0.04054054054054057,0.1439393939393938,0.5950413223140498,0.5734406438631792,0.6694444444444445,0.0,0.00046072333563695,0.18181818181818182,0.9999999999999999,1.0,0.5974391308565332
11350.0,0.04054054054054057,0.1439393939393938,0.5826446280991737,0.5734406438631792,0.6694444444444445,0.0,0.00046072333563695,0.18181818181818182,0.9999999999999999,1.0,0.5965661072848968
11360.0,0.027027027027026973,0.1439393939393938,0.5950413223140498,0.5694164989939638,0.6694444444444445,0.0,0.00046072333563695,0.18181818181818182,0.9999999999999999,1.0,0.5955960810941896
11370.0,0.027027027027026973,0.1439393939393938,0.5826446280991737,0.5653923541247485,0.6694444444444445,0.0,0.00046072333563695,0.18181818181818182,0.9999999999999999,1.0,0.5947230575225532
11380.0,0.027027027027026973,0.13636363636363624,0.5743801652892562,0.5653923541247485,0.6694444444444445,0.0,0.00046072333563695,0.18181818181818182,0.9999999999999999,1.0,0.5938500339509167
11390.0,0.027027027027026973,0.13636363636363624,0.5743801652892562,0.5653923541247485,0.6694444444444445,0.0,0.00046072333563695,0.18181818181818182,0.9999999999999999,1.0,0.5928800077602095
11400.0,0.027027027027026973,0.13636363636363624,0.5826446280991737,0.5653923541247485,0.6666666666666667,0.0,0.00046072333563695,0.18181818181818182,0.9999999999999999,1.0,0.5920069841885731
11410.0,0.027027027027026973,0.13636363636363624,0.5826446280991737,0.5633802816901409,0.6666666666666667,0.0,0.00046072333563695,0.18181818181818182,0.9999999999999999,1.0,0.5911339606169367
11420.0,0.013513513513513375,0.15151515151515138,0.5950413223140498,0.5653923541247485,0.6666666666666667,0.0,0.000230361667818475,0.18181818181818182,0.9999999999999999,1.0,0.5901639344262295
11430.0,0.027027027027026973,0.1439393939393938,0.5826446280991737,0.5653923541247485,0.6694444444444445,0.0,0.00046072333563695,0.18181818181818182,0.9999999999999999,1.0,0.5892909108545931
11440.0,0.054054054054053946,0.12878787878787867,0.5826446280991737,0.5653923541247485,0.6694444444444445,0.0,0.00046072333563695,0.18181818181818182,0.9999999999999999,1.0,0.5884178872829566
11450.0,0.04054054054054057,0.13636363636363624,0.5743801652892562,0.5653923541247485,0.6666666666666667,0.0,0.000230361667818475,0.18181818181818182,0.9999999999999999,1.0,0.5875448637113202
11460.0,0.027027027027026973,0.1439393939393938,0.5826446280991737,0.5653923541247485,0.6666666666666667,0.0,0.00046072333563695,0.18181818181818182,0.9999999999999999,1.0,0.5865748375206131
11470.0,0.04054054054054057,0.1439393939393938,0.5826446280991737,0.5653923541247485,0.6666666666666667,0.0,0.00046072333563695,0.18181818181818182,0.9999999999999999,1.0,0.5857018139489767
11480.0,0.013513513513513375,0.1439393939393938,0.5743801652892562,0.5653923541247485,0.6666666666666667,0.0,0.00046072333563695,0.18181818181818182,0.9999999999999999,1.0,0.5848287903773403
11490.0,0.027027027027026973,0.15151515151515138,0.5743801652892562,0.5653923541247485,0.6666666666666667,0.0,0.00046072333563695,0.18181818181818182,0.9999999999999999,1.0,0.5839557668057038
11500.0,0.027027027027026973,0.13636363636363624,0.5743801652892562,0.5653923541247485,0.6666666666666667,0.0,0.00046072333563695,0.18181818181818182,0.9999999999999999,1.0,0.5830827432340674
11510.0,0.027027027027026973,0.13636363636363624,0.5743801652892562,0.5653923541247485,0.6638888888888889,0.0,0.00046072333563695,0.18181818181818182,0.9999999999999999,1.0,0.582209719662431
11520.0,0.027027027027026973,0.1439393939393938,0.5826446280991737,0.5633802816901409,0.6638888888888889,0.0,0.00046072333563695,0.18181818181818182,0.9999999999999999,1.0,0.5813366960907945
11530.0,0.027027027027026973,0.13636363636363624,0.5826446280991737,0.5633802816901409,0.6638888888888889,0.0,0.00046072333563695,0.18181818181818182,0.9999999999999999,1.0,0.5804636725191581
11540.0,0.013513513513513375,0.1212121212121211,0.5950413223140498,0.5613682092555332,0.6638888888888889,0.0,0.00046072333563695,0.18181818181818182,0.9999999999999999,1.0,0.5795906489475217
11550.0,0.027027027027026973,0.12878787878787867,0.5743801652892562,0.5613682092555332,0.6638888888888889,0.0,0.00046072333563695,0.18181818181818182,0.9999999999999999,1.0,0.5787176253758852
11560.0,0.027027027027026973,0.12878787878787867,0.5743801652892562,0.557344064386318,0.6638888888888889,0.0,0.00046072333563695,0.18181818181818182,0.9999999999999999,1.0,0.5778446018042488
11570.0,0.013513513513513375,0.13636363636363624,0.5743801652892562,0.5593561368209256,0.6638888888888889,0.0,0.00046072333563695,0.18181818181818182,0.9999999999999999,1.0,0.5769715782326124
11580.0,0.013513513513513375,0.1439393939393938,0.5743801652892562,0.5593561368209256,0.6638888888888889,0.0,0.00046072333563695,0.18181818181818182,0.9999999999999999,1.0,0.5760985546609759
11590.0,0.013513513513513375,0.12878787878787867,0.5826446280991737,0.5613682092555332,0.6638888888888889,0.0,0.00046072333563695,0.18181818181818182,0.9999999999999999,1.0,0.5752255310893395
11600.0,0.027027027027026973,0.12878787878787867,0.5743801652892562,0.5613682092555332,0.6638888888888889,0.0,0.00046072333563695,0.18181818181818182,0.9999999999999999,1.0,0.5743525075177031
11610.0,0.027027027027026973,0.12878787878787867,0.5743801652892562,0.557344064386318,0.6638888888888889,0.0,0.0,0.18181818181818182,0.9999999999999999,1.0,0.5734794839460666
11620.0,0.027027027027026973,0.12878787878787867,0.5743801652892562,0.557344064386318,0.6611111111111111,0.0,0.00046072333563695,0.18181818181818182,0.9999999999999999,1.0,0.5726064603744302
11630.0,0.027027027027026973,0.12878787878787867,0.5826446280991737,0.5593561368209256,0.6611111111111111,0.0,0.00046072333563695,0.18181818181818182,0.9999999999999999,1.0,0.5718304394218644
11640.0,0.013513513513513375,0.13636363636363624,0.5743801652892562,0.5593561368209256,0.6611111111111111,0.0,0.00046072333563695,0.18181818181818182,0.9999999999999999,1.0,0.570957415850228
11650.0,0.013513513513513375,0.15151515151515138,0.5743801652892562,0.557344064386318,0.6611111111111111,0.0,0.000691085003455425,0.18181818181818182,0.9999999999999999,1.0,0.5700843922785915
11660.0,0.027027027027026973,0.12878787878787867,0.5619834710743801,0.557344064386318,0.6611111111111111,0.0,0.00046072333563695,0.18181818181818182,0.9999999999999999,1.0,0.5692113687069551
11670.0,0.013513513513513375,0.13636363636363624,0.5743801652892562,0.557344064386318,0.6611111111111111,0.0,0.00046072333563695,0.18181818181818182,0.9999999999999999,1.0,0.5683383451353187
11680.0,0.027027027027026973,0.11363636363636354,0.553719008264463,0.557344064386318,0.6611111111111111,0.0,0.00046072333563695,0.18181818181818182,0.9999999999999999,1.0,0.567562324182753
11690.0,0.027027027027026973,0.11363636363636354,0.5743801652892562,0.557344064386318,0.6611111111111111,0.0,0.00046072333563695,0.18181818181818182,0.9999999999999999,1.0,0.5666893006111166
11700.0,0.027027027027026973,0.12878787878787867,0.5743801652892562,0.5613682092555332,0.6611111111111111,0.0,0.00046072333563695,0.18181818181818182,0.9999999999999999,1.0,0.5658162770394801
11710.0,0.027027027027026973,0.12878787878787867,0.5743801652892562,0.557344064386318,0.6583333333333333,0.0,0.00046072333563695,0.18181818181818182,0.9999999999999999,1.0,0.5650402560869143
11720.0,0.027027027027026973,0.13636363636363624,0.5619834710743801,0.557344064386318,0.6583333333333333,0.0,0.000230361667818475,0.18181818181818182,0.9999999999999999,1.0,0.5641672325152779
11730.0,0.027027027027026973,0.1212121212121211,0.5743801652892562,0.557344064386318,0.6583333333333333,0.0,0.00046072333563695,0.18181818181818182,0.9999999999999999,1.0,0.5633912115627122
11740.0,0.013513513513513375,0.12878787878787867,0.5619834710743801,0.5593561368209256,0.6583333333333333,0.0,0.00046072333563695,0.18181818181818182,0.9999999999999999,1.0,0.5625181879910758
11750.0,0.027027027027026973,0.11363636363636354,0.5743801652892562,0.5593561368209256,0.6583333333333333,0.0,0.00046072333563695,0.18181818181818182,0.9999999999999999,1.0,0.5616451644194393
11760.0,0.027027027027026973,0.1212121212121211,0.5619834710743801,0.5613682092555332,0.6583333333333333,0.0,0.00046072333563695,0.18181818181818182,0.9999999999999999,1.0,0.5608691434668737
11770.0,0.027027027027026973,0.1212121212121211,0.5743801652892562,0.5613682092555332,0.6611111111111111,0.0,0.00046072333563695,0.18181818181818182,0.9999999999999999,1.0,0.5599961198952372
11780.0,0.027027027027026973,0.12878787878787867,0.5743801652892562,0.5613682092555332,0.6611111111111111,0.0,0.00046072333563695,0.18181818181818182,0.9999999999999999,1.0,0.5592200989426714
11790.0,0.027027027027026973,0.1212121212121211,0.5619834710743801,0.5613682092555332,0.6611111111111111,0.0,0.00046072333563695,0.18181818181818182,0.9999999999999999,1.0,0.558347075371035
11800.0,0.013513513513513375,0.11363636363636354,0.5619834710743801,0.557344064386318,0.6583333333333333,0.0,0.000230361667818475,0.18181818181818182,0.9999999999999999,1.0,0.5575710544184693
11810.0,0.013513513513513375,0.13636363636363624,0.5619834710743801,0.5553319919517103,0.6583333333333333,0.0,0.00046072333563695,0.18181818181818182,0.9999999999999999,1.0,0.5566980308468329
11820.0,0.013513513513513375,0.11363636363636354,0.5619834710743801,0.5533199195171027,0.6583333333333333,0.0,0.00046072333563695,0.18181818181818182,0.9999999999999999,1.0,0.5559220098942672
11830.0,0.013513513513513375,0.1212121212121211,0.5619834710743801,0.551307847082495,0.6583333333333333,0.0,0.00046072333563695,0.18181818181818182,0.9999999999999999,1.0,0.5551459889417014
11840.0,0.013513513513513375,0.11363636363636354,0.5743801652892562,0.5553319919517103,0.6583333333333333,0.0,0.00046072333563695,0.18181818181818182,0.9999999999999999,1.0,0.554272965370065
11850.0,0.027027027027026973,0.11363636363636354,0.5619834710743801,0.5533199195171027,0.6583333333333333,0.0,0.00046072333563695,0.18181818181818182,0.9999999999999999,1.0,0.5534969444174993
11860.0,0.013513513513513375,0.12878787878787867,0.5619834710743801,0.557344064386318,0.6583333333333333,0.0,0.00046072333563695,0.18181818181818182,0.9999999999999999,1.0,0.5527209234649336
11870.0,0.013513513513513375,0.11363636363636354,0.5743801652892562,0.5533199195171027,0.6583333333333333,0.0,0.00046072333563695,0.18181818181818182,0.9999999999999999,1.0,0.5518478998932972
11880.0,0.027027027027026973,0.11363636363636354,0.5619834710743801,0.5533199195171027,0.6583333333333333,0.0,0.00046072333563695,0.18181818181818182,0.9999999999999999,1.0,0.5510718789407314
11890.0,0.027027027027026973,0.11363636363636354,0.553719008264463,0.551307847082495,0.6583333333333333,0.0,0.00046072333563695,0.18181818181818182,0.9999999999999999,1.0,0.5502958579881657
11900.0,0.013513513513513375,0.11363636363636354,0.5619834710743801,0.5492957746478874,0.6555555555555556,0.0,0.00046072333563695,0.18181818181818182,0.9999999999999999,1.0,0.5494228344165293
11910.0,0.027027027027026973,0.1212121212121211,0.5619834710743801,0.5472837022132797,0.6555555555555556,0.0,0.000230361667818475,0.18181818181818182,0.9999999999999999,1.0,0.5486468134639636
11920.0,0.027027027027026973,0.11363636363636354,0.5619834710743801,0.5492957746478874,0.6555555555555556,0.0,0.00046072333563695,0.18181818181818182,0.9999999999999999,1.0,0.5478707925113978
11930.0,0.013513513513513375,0.1212121212121211,0.5619834710743801,0.551307847082495,0.6555555555555556,0.0,0.000230361667818475,0.18181818181818182,0.9999999999999999,1.0,0.5470947715588321
11940.0,0.027027027027026973,0.11363636363636354,0.5743801652892562,0.5533199195171027,0.6555555555555556,0.0,0.000230361667818475,0.18181818181818182,0.9999999999999999,1.0,0.5463187506062664
11950.0,0.013513513513513375,0.1212121212121211,0.553719008264463,0.5553319919517103,0.6555555555555556,0.0,0.00046072333563695,0.18181818181818182,0.9999999999999999,1.0,0.54544572703463
11960.0,0.013513513513513375,0.11363636363636354,0.553719008264463,0.5533199195171027,0.6555555555555556,0.0,0.00046072333563695,0.18181818181818182,0.9999999999999999,1.0,0.5446697060820642
11970.0,0.013513513513513375,0.10606060606060597,0.553719008264463,0.5533199195171027,0.6555555555555556,0.0,0.00046072333563695,0.18181818181818182,0.9999999999999999,1.0,0.5438936851294985
11980.0,0.013513513513513375,0.11363636363636354,0.5619834710743801,0.5492957746478874,0.6555555555555556,0.0,0.000691085003455425,0.18181818181818182,0.9999999999999999,1.0,0.5431176641769329
11990.0,0.027027027027026973,0.11363636363636354,0.553719008264463,0.551307847082495,0.6555555555555556,0.0,0.00046072333563695,0.18181818181818182,0.9999999999999999,1.0,0.5423416432243671
12000.0,0.013513513513513375,0.11363636363636354,0.553719008264463,0.551307847082495,0.6555555555555556,0.0,0.00046072333563695,0.18181818181818182,0.9999999999999999,1.0,0.5415656222718014
12010.0,0.013513513513513375,0.1212121212121211,0.553719008264463,0.5533199195171027,0.6555555555555556,0.0,0.00046072333563695,0.18181818181818182,0.9999999999999999,1.0,0.5407896013192357
12020.0,0.013513513513513375,0.1212121212121211,0.5619834710743801,0.551307847082495,0.6527777777777778,0.0,0.00046072333563695,0.18181818181818182,0.9999999999999999,1.0,0.5400135803666699
12030.0,0.013513513513513375,0.11363636363636354,0.553719008264463,0.551307847082495,0.6527777777777778,0.0,0.00046072333563695,0.18181818181818182,0.9999999999999999,1.0,0.5392375594141042
12040.0,0.027027027027026973,0.10606060606060597,0.553719008264463,0.551307847082495,0.6527777777777778,0.0,0.00046072333563695,0.18181818181818182,0.9999999999999999,1.0,0.5384615384615385
12050.0,0.013513513513513375,0.10606060606060597,0.5454545454545454,0.5533199195171027,0.6527777777777778,0.0,0.00046072333563695,0.18181818181818182,0.9999999999999999,1.0,0.5376855175089728
12060.0,0.013513513513513375,0.10606060606060597,0.5454545454545454,0.5533199195171027,0.6527777777777778,0.0,0.00046072333563695,0.18181818181818182,0.9999999999999999,1.0,0.5369094965564071
12070.0,0.013513513513513375,0.1212121212121211,0.553719008264463,0.551307847082495,0.65,0.0,0.00046072333563695,0.18181818181818182,0.9999999999999999,1.0,0.5361334756038414
12080.0,0.013513513513513375,0.11363636363636354,0.5619834710743801,0.5492957746478874,0.6527777777777778,0.0,0.000230361667818475,0.18181818181818182,0.9999999999999999,1.0,0.5353574546512756
12090.0,0.013513513513513375,0.10606060606060597,0.5454545454545454,0.5492957746478874,0.6527777777777778,0.0,0.000230361667818475,0.18181818181818182,0.9999999999999999,1.0,0.5345814336987099
12100.0,0.027027027027026973,0.12878787878787867,0.553719008264463,0.5472837022132797,0.6527777777777778,0.0,0.00046072333563695,0.18181818181818182,0.9999999999999999,1.0,0.5339024153652149
12110.0,0.027027027027026973,0.11363636363636354,0.553719008264463,0.5472837022132797,0.6527777777777778,0.0,0.00046072333563695,0.18181818181818182,0.9999999999999999,1.0,0.5331263944126492
12120.0,0.013513513513513375,0.11363636363636354,0.5454545454545454,0.5472837022132797,0.6527777777777778,0.0,0.00046072333563695,0.18181818181818182,0.9999999999999999,1.0,0.5323503734600834
12130.0,0.013513513513513375,0.10606060606060597,0.5454545454545454,0.5472837022132797,0.6527777777777778,0.0,0.00046072333563695,0.18181818181818182,0.9999999999999999,1.0,0.5315743525075177
12140.0,0.027027027027026973,0.10606060606060597,0.553719008264463,0.5472837022132797,0.65,0.0,0.00046072333563695,0.18181818181818182,0.9999999999999999,1.0,0.530798331554952
12150.0,0.013513513513513375,0.10606060606060597,0.553719008264463,0.5472837022132797,0.6527777777777778,0.0,0.00046072333563695,0.18181818181818182,0.9999999999999999,1.0,0.5300223106023862
12160.0,0.013513513513513375,0.0984848484848484,0.5454545454545454,0.5472837022132797,0.6527777777777778,0.0,0.00046072333563695,0.18181818181818182,0.9999999999999999,1.0,0.5293432922688913
12170.0,0.027027027027026973,0.1212121212121211,0.553719008264463,0.5472837022132797,0.6527777777777778,0.0,0.000230361667818475,0.18181818181818182,0.9999999999999999,1.0,0.5285672713163255
12180.0,0.013513513513513375,0.10606060606060597,0.553719008264463,0.5492957746478874,0.6527777777777778,0.0,0.00046072333563695,0.18181818181818182,0.9999999999999999,1.0,0.5277912503637598
12190.0,0.013513513513513375,0.10606060606060597,0.553719008264463,0.5492957746478874,0.65,0.0,0.000230361667818475,0.18181818181818182,0.9999999999999999,1.0,0.5271122320302648
12200.0,0.013513513513513375,0.0984848484848484,0.5454545454545454,0.5492957746478874,0.65,0.0,0.00046072333563695,0.18181818181818182,0.9999999999999999,1.0,0.5263362110776991
12210.0,0.013513513513513375,0.11363636363636354,0.5454545454545454,0.5492957746478874,0.65,0.0,0.00046072333563695,0.18181818181818182,0.9999999999999999,1.0,0.5255601901251334
12220.0,0.027027027027026973,0.0984848484848484,0.5454545454545454,0.5492957746478874,0.65,0.0,0.00046072333563695,0.18181818181818182,0.9999999999999999,1.0,0.5248811717916384
12230.0,0.013513513513513375,0.0984848484848484,0.5454545454545454,0.5492957746478874,0.65,0.0,0.00046072333563695,0.18181818181818182,0.9999999999999999,1.0,0.5241051508390727
12240.0,0.013513513513513375,0.10606060606060597,0.5454545454545454,0.5492957746478874,0.65,0.0,0.00046072333563695,0.18181818181818182,0.9999999999999999,1.0,0.5233291298865069
12250.0,0.013513513513513375,0.10606060606060597,0.5454545454545454,0.5472837022132797,0.65,0.0,0.00046072333563695,0.18181818181818182,0.9999999999999999,1.0,0.522650111553012
12260.0,0.013513513513513375,0.10606060606060597,0.553719008264463,0.545271629778672,0.6472222222222223,0.0,0.00046072333563695,0.18181818181818182,0.9999999999999999,1.0,0.5218740906004462
12270.0,0.013513513513513375,0.10606060606060597,0.5454545454545454,0.545271629778672,0.65,0.0,0.00046072333563695,0.18181818181818182,0.9999999999999999,1.0,0.5211950722669513
12280.0,0.027027027027026973,0.0984848484848484,0.553719008264463,0.5472837022132797,0.6472222222222223,0.0,0.00046072333563695,0.18181818181818182,0.9999999999999999,1.0,0.5204190513143855
12290.0,0.013513513513513375,0.0984848484848484,0.5330578512396693,0.5472837022132797,0.6472222222222223,0.0,0.00046072333563695,0.18181818181818182,0.9999999999999999,1.0,0.5197400329808906
12300.0,0.013513513513513375,0.10606060606060597,0.5454545454545454,0.545271629778672,0.6472222222222223,0.0,0.000230361667818475,0.18181818181818182,0.9999999999999999,1.0,0.5189640120283248
12310.0,0.013513513513513375,0.0984848484848484,0.5454545454545454,0.545271629778672,0.65,0.0,0.00046072333563695,0.18181818181818182,0.9999999999999999,1.0,0.5182849936948298
12320.0,0.013513513513513375,0.09090909090909083,0.5454545454545454,0.545271629778672,0.6472222222222223,0.0,0.00046072333563695,0.18181818181818182,0.9999999999999999,1.0,0.517508972742264
12330.0,0.013513513513513375,0.0984848484848484,0.5454545454545454,0.5472837022132797,0.6472222222222223,0.0,0.00046072333563695,0.18181818181818182,0.9999999999999999,1.0,0.5168299544087691
12340.0,0.013513513513513375,0.0984848484848484,0.5454545454545454,0.545271629778672,0.6472222222222223,0.0,0.000230361667818475,0.18181818181818182,0.9999999999999999,1.0,0.5160539334562033
12350.0,0.0,0.0984848484848484,0.5454545454545454,0.5472837022132797,0.6472222222222223,0.0,0.00046072333563695,0.18181818181818182,0.9999999999999999,1.0,0.5153749151227084
12360.0,0.013513513513513375,0.09090909090909083,0.5454545454545454,0.545271629778672,0.6472222222222223,0.0,0.00046072333563695,0.18181818181818182,0.9999999999999999,1.0,0.5146958967892133
12370.0,0.013513513513513375,0.10606060606060597,0.5330578512396693,0.545271629778672,0.6472222222222223,0.0,0.000230361667818475,0.18181818181818182,0.9999999999999999,1.0,0.5139198758366477
12380.0,0.027027027027026973,0.0984848484848484,0.5454545454545454,0.5412474849094567,0.6472222222222223,0.0,0.00046072333563695,0.18181818181818182,0.9999999999999999,1.0,0.5132408575031526
12390.0,0.013513513513513375,0.10606060606060597,0.5330578512396693,0.5412474849094567,0.6472222222222223,0.0,0.000230361667818475,0.18181818181818182,0.9999999999999999,1.0,0.5125618391696576
12400.0,0.013513513513513375,0.0984848484848484,0.5454545454545454,0.5432595573440644,0.6472222222222223,0.0,0.00046072333563695,0.18181818181818182,0.9999999999999999,1.0,0.5117858182170919
12410.0,0.013513513513513375,0.10606060606060597,0.5330578512396693,0.5432595573440644,0.6472222222222223,0.0,0.00046072333563695,0.18181818181818182,0.9999999999999999,1.0,0.5111067998835969
12420.0,0.013513513513513375,0.0984848484848484,0.5454545454545454,0.5432595573440644,0.6472222222222223,0.0,0.00046072333563695,0.18181818181818182,0.9999999999999999,1.0,0.5104277815501019
12430.0,0.013513513513513375,0.09090909090909083,0.5454545454545454,0.5412474849094567,0.6472222222222223,0.0,0.00046072333563695,0.18181818181818182,0.9999999999999999,1.0,0.5097487632166069
12440.0,0.013513513513513375,0.0984848484848484,0.5454545454545454,0.5432595573440644,0.6472222222222223,0.0,0.000230361667818475,0.18181818181818182,0.9999999999999999,1.0,0.5089727422640412
12450.0,0.013513513513513375,0.09090909090909083,0.5454545454545454,0.545271629778672,0.6472222222222223,0.0,0.00046072333563695,0.18181818181818182,0.9999999999999999,1.0,0.5082937239305462
12460.0,0.013513513513513375,0.10606060606060597,0.5330578512396693,0.5412474849094567,0.6444444444444445,0.0,0.00046072333563695,0.18181818181818182,0.9999999999999999,1.0,0.5076147055970511
12470.0,0.013513513513513375,0.10606060606060597,0.5454545454545454,0.5412474849094567,0.6472222222222223,0.0,0.00046072333563695,0.18181818181818182,0.9999999999999999,1.0,0.5069356872635562
12480.0,0.013513513513513375,0.0984848484848484,0.5454545454545454,0.5412474849094567,0.6472222222222223,0.0,0.00046072333563695,0.18181818181818182,0.9999999999999999,1.0,0.5062566689300612
12490.0,0.013513513513513375,0.09090909090909083,0.5330578512396693,0.5412474849094567,0.6472222222222223,0.0,0.00046072333563695,0.18181818181818182,0.9999999999999999,1.0,0.5054806479774955
12500.0,0.013513513513513375,0.09090909090909083,0.5330578512396693,0.5432595573440644,0.6444444444444445,0.0,0.00046072333563695,0.18181818181818182,0.9999999999999999,1.0,0.5048016296440004
12510.0,0.013513513513513375,0.10606060606060597,0.5330578512396693,0.5412474849094567,0.6444444444444445,0.0,0.00046072333563695,0.18181818181818182,0.9999999999999999,1.0,0.5041226113105054
12520.0,0.013513513513513375,0.0984848484848484,0.5454545454545454,0.5432595573440644,0.6444444444444445,0.0,0.000230361667818475,0.18181818181818182,0.9999999999999999,1.0,0.5034435929770104
12530.0,0.013513513513513375,0.09090909090909083,0.5330578512396693,0.5432595573440644,0.6444444444444445,0.0,0.00046072333563695,0.18181818181818182,0.9999999999999999,1.0,0.5027645746435154
12540.0,0.013513513513513375,0.10606060606060597,0.5330578512396693,0.545271629778672,0.6444444444444445,0.0,0.00046072333563695,0.18181818181818182,0.9999999999999999,1.0,0.5020855563100204
12550.0,0.013513513513513375,0.07575757575757569,0.5454545454545454,0.5412474849094567,0.6444444444444445,0.0,0.00046072333563695,0.18181818181818182,0.9999999999999999,1.0,0.5014065379765253
12560.0,0.013513513513513375,0.0984848484848484,0.5330578512396693,0.5412474849094567,0.6444444444444445,0.0,0.00046072333563695,0.18181818181818182,0.9999999999999999,1.0,0.5007275196430304
12570.0,0.013513513513513375,0.09090909090909083,0.5454545454545454,0.5392354124748492,0.6444444444444445,0.0,0.00046072333563695,0.18181818181818182,0.9999999999999999,1.0,0.5000485013095354
12580.0,0.027027027027026973,0.10606060606060597,0.5454545454545454,0.5412474849094567,0.6444444444444445,0.0,0.00046072333563695,0.18181818181818182,0.9999999999999999,1.0,0.4993694829760404
12590.0,0.013513513513513375,0.0984848484848484,0.5454545454545454,0.5412474849094567,0.6444444444444445,0.0,0.00046072333563695,0.18181818181818182,0.9999999999999999,1.0,0.4986904646425454
12600.0,0.013513513513513375,0.09090909090909083,0.5330578512396693,0.5392354124748492,0.6444444444444445,0.0,0.000230361667818475,0.18181818181818182,0.9999999999999999,1.0,0.49801144630905037
12610.0,0.0,0.10606060606060597,0.5330578512396693,0.5372233400402415,0.6444444444444445,0.0,0.00046072333563695,0.18181818181818182,0.9999999999999999,1.0,0.4973324279755554
12620.0,0.013513513513513375,0.0984848484848484,0.5330578512396693,0.5412474849094567,0.6444444444444445,0.0,0.00046072333563695,0.18181818181818182,0.9999999999999999,1.0,0.4966534096420604
12630.0,0.013513513513513375,0.09090909090909083,0.5330578512396693,0.5432595573440644,0.6444444444444445,0.0,0.000230361667818475,0.18181818181818182,0.9999999999999999,1.0,0.49597439130856535
12640.0,0.013513513513513375,0.09090909090909083,0.5330578512396693,0.545271629778672,0.6444444444444445,0.0,0.0,0.18181818181818182,0.9999999999999999,1.0,0.49529537297507037
12650.0,0.027027027027026973,0.09090909090909083,0.5330578512396693,0.5432595573440644,0.6416666666666667,0.0,0.00046072333563695,0.18181818181818182,0.9999999999999999,1.0,0.49461635464157533
12660.0,0.013513513513513375,0.09090909090909083,0.5454545454545454,0.5412474849094567,0.6416666666666667,0.0,0.00046072333563695,0.18181818181818182,0.9999999999999999,1.0,0.49403433892715104
12670.0,0.013513513513513375,0.09090909090909083,0.5330578512396693,0.5412474849094567,0.6416666666666667,0.0,0.0,0.18181818181818182,0.9999999999999999,1.0,0.49335532059365605
12680.0,0.0,0.09090909090909083,0.5454545454545454,0.5392354124748492,0.6416666666666667,0.0,0.00046072333563695,0.18181818181818182,0.9999999999999999,1.0,0.49267630226016107
12690.0,0.013513513513513375,0.10606060606060597,0.5247933884297522,0.5392354124748492,0.6416666666666667,0.0,0.00046072333563695,0.18181818181818182,0.9999999999999999,1.0,0.49199728392666603
12700.0,0.0,0.08333333333333326,0.5247933884297522,0.5372233400402415,0.6444444444444445,0.0,0.000230361667818475,0.18181818181818182,0.9999999999999999,1.0,0.49131826559317104
12710.0,0.013513513513513375,0.08333333333333326,0.5330578512396693,0.5372233400402415,0.6416666666666667,0.0,0.00046072333563695,0.18181818181818182,0.9999999999999999,1.0,0.49073624987874676
12720.0,0.013513513513513375,0.09090909090909083,0.5247933884297522,0.5372233400402415,0.6416666666666667,0.0,0.00046072333563695,0.18181818181818182,0.9999999999999999,1.0,0.49005723154525177
12730.0,0.013513513513513375,0.08333333333333326,0.5247933884297522,0.5372233400402415,0.6416666666666667,0.0,0.00046072333563695,0.18181818181818182,0.9999999999999999,1.0,0.48937821321175673
12740.0,0.013513513513513375,0.0984848484848484,0.5330578512396693,0.5372233400402415,0.6416666666666667,0.0,0.00046072333563695,0.18181818181818182,0.9999999999999999,1.0,0.48869919487826174
12750.0,0.027027027027026973,0.10606060606060597,0.5247933884297522,0.5372233400402415,0.6416666666666667,0.0,0.00046072333563695,0.18181818181818182,0.9999999999999999,1.0,0.48811717916383746
12760.0,0.013513513513513375,0.10606060606060597,0.5247933884297522,0.5392354124748492,0.6416666666666667,0.0,0.000230361667818475,0.18181818181818182,0.9999999999999999,1.0,0.48743816083034247
12770.0,0.027027027027026973,0.08333333333333326,0.5330578512396693,0.5392354124748492,0.6416666666666667,0.0,0.00046072333563695,0.18181818181818182,0.9999999999999999,1.0,0.48675914249684743
12780.0,0.013513513513513375,0.09090909090909083,0.5247933884297522,0.5372233400402415,0.6416666666666667,0.0,0.00046072333563695,0.18181818181818182,0.9999999999999999,1.0,0.48617712678242314
12790.0,0.0,0.0984848484848484,0.5330578512396693,0.5372233400402415,0.6416666666666667,0.0,0.00046072333563695,0.18181818181818182,0.9999999999999999,1.0,0.48549810844892816
12800.0,0.013513513513513375,0.09090909090909083,0.5247933884297522,0.5372233400402415,0.6416666666666667,0.0,0.00046072333563695,0.18181818181818182,0.9999999999999999,1.0,0.48481909011543317
12810.0,0.013513513513513375,0.08333333333333326,0.5247933884297522,0.5372233400402415,0.6416666666666667,0.0,0.00046072333563695,0.18181818181818182,0.9999999999999999,1.0,0.4842370744010089
12820.0,0.0,0.09090909090909083,0.5247933884297522,0.5412474849094567,0.6416666666666667,0.0,0.00046072333563695,0.18181818181818182,0.9999999999999999,1.0,0.48355805606751384
12830.0,0.0,0.08333333333333326,0.5247933884297522,0.5392354124748492,0.6416666666666667,0.0,0.00046072333563695,0.18181818181818182,0.9999999999999999,1.0,0.48287903773401886
12840.0,0.013513513513513375,0.08333333333333326,0.5247933884297522,0.5372233400402415,0.6416666666666667,0.0,0.00046072333563695,0.18181818181818182,0.9999999999999999,1.0,0.48229702201959457
12850.0,0.013513513513513375,0.07575757575757569,0.5247933884297522,0.5372233400402415,0.638888888888889,0.0,0.00046072333563695,0.18181818181818182,0.9999999999999999,1.0,0.4816180036860996
12860.0,0.013513513513513375,0.07575757575757569,0.5247933884297522,0.5392354124748492,0.6416666666666667,0.0,0.000230361667818475,0.18181818181818182,0.9999999999999999,1.0,0.48103598797167524
12870.0,0.013513513513513375,0.08333333333333326,0.5247933884297522,0.5392354124748492,0.6416666666666667,0.0,0.00046072333563695,0.18181818181818182,0.9999999999999999,1.0,0.48035696963818025
12880.0,0.013513513513513375,0.07575757575757569,0.5247933884297522,0.5352112676056339,0.6416666666666667,0.0,0.00046072333563695,0.18181818181818182,0.9999999999999999,1.0,0.47977495392375596
12890.0,0.013513513513513375,0.08333333333333326,0.5247933884297522,0.5331991951710262,0.638888888888889,0.0,0.00046072333563695,0.18181818181818182,0.9999999999999999,1.0,0.479095935590261
12900.0,0.013513513513513375,0.09090909090909083,0.5165289256198349,0.5352112676056339,0.638888888888889,0.0,0.00046072333563695,0.18181818181818182,0.9999999999999999,1.0,0.4785139198758367
12910.0,0.0,0.08333333333333326,0.5247933884297522,0.5372233400402415,0.638888888888889,0.0,0.00046072333563695,0.18181818181818182,0.9999999999999999,1.0,0.47783490154234165
12920.0,0.013513513513513375,0.07575757575757569,0.5165289256198349,0.5372233400402415,0.638888888888889,0.0,0.00046072333563695,0.18181818181818182,0.9999999999999999,1.0,0.47725288582791736
12930.0,0.013513513513513375,0.08333333333333326,0.5165289256198349,0.5372233400402415,0.638888888888889,0.0,0.00046072333563695,0.18181818181818182,0.9999999999999999,1.0,0.4766708701134931
12940.0,0.0,0.08333333333333326,0.5165289256198349,0.5372233400402415,0.638888888888889,0.0,0.00046072333563695,0.18181818181818182,0.9999999999999999,1.0,0.4759918517799981
12950.0,0.0,0.09090909090909083,0.5247933884297522,0.5372233400402415,0.638888888888889,0.0,0.00046072333563695,0.18181818181818182,0.9999999999999999,1.0,0.4754098360655738
12960.0,0.013513513513513375,0.0984848484848484,0.5165289256198349,0.5352112676056339,0.638888888888889,0.0,0.00046072333563695,0.18181818181818182,0.9999999999999999,1.0,0.4747308177320788
12970.0,0.0,0.07575757575757569,0.5165289256198349,0.5352112676056339,0.638888888888889,0.0,0.00046072333563695,0.18181818181818182,0.9999999999999999,1.0,0.4741488020176545
12980.0,0.0,0.07575757575757569,0.5165289256198349,0.5331991951710262,0.638888888888889,0.0,0.00046072333563695,0.18181818181818182,0.9999999999999999,1.0,0.47356678630323024
12990.0,0.0,0.08333333333333326,0.5165289256198349,0.5331991951710262,0.638888888888889,0.0,0.00046072333563695,0.18181818181818182,0.9999999999999999,1.0,0.4728877679697352
13000.0,0.0,0.09090909090909083,0.5247933884297522,0.5311871227364185,0.638888888888889,0.0,0.00046072333563695,0.18181818181818182,0.9999999999999999,1.0,0.4723057522553109
13010.0,0.027027027027026973,0.08333333333333326,0.5247933884297522,0.5331991951710262,0.638888888888889,0.0,0.000230361667818475,0.18181818181818182,0.9999999999999999,1.0,0.4717237365408866
13020.0,0.0,0.08333333333333326,0.5247933884297522,0.5331991951710262,0.638888888888889,0.0,0.00046072333563695,0.18181818181818182,0.9999999999999999,1.0,0.47114172082646233
13030.0,0.013513513513513375,0.08333333333333326,0.5165289256198349,0.5331991951710262,0.638888888888889,0.0,0.00046072333563695,0.18181818181818182,0.9999999999999999,1.0,0.47046270249296734
13040.0,0.0,0.09090909090909083,0.5165289256198349,0.5352112676056339,0.6361111111111112,0.0,0.00046072333563695,0.18181818181818182,0.9999999999999999,1.0,0.46988068677854306
13050.0,0.0,0.08333333333333326,0.5247933884297522,0.5352112676056339,0.6361111111111112,0.0,0.00046072333563695,0.18181818181818182,0.9999999999999999,1.0,0.46929867106411877
13060.0,0.013513513513513375,0.07575757575757569,0.5165289256198349,0.5372233400402415,0.6361111111111112,0.0,0.00046072333563695,0.18181818181818182,0.9999999999999999,1.0,0.4687166553496945
13070.0,0.013513513513513375,0.07575757575757569,0.5247933884297522,0.5331991951710262,0.6361111111111112,0.0,0.00046072333563695,0.18181818181818182,0.9999999999999999,1.0,0.4680376370161995
13080.0,0.013513513513513375,0.08333333333333326,0.5165289256198349,0.5331991951710262,0.6361111111111112,0.0,0.00046072333563695,0.18181818181818182,0.9999999999999999,1.0,0.4674556213017752
13090.0,0.013513513513513375,0.09090909090909083,0.5165289256198349,0.5311871227364185,0.6361111111111112,0.0,0.000230361667818475,0.18181818181818182,0.9999999999999999,1.0,0.4668736055873509
13100.0,0.013513513513513375,0.07575757575757569,0.5041322314049588,0.5291750503018109,0.6361111111111112,0.0,0.00046072333563695,0.18181818181818182,0.9999999999999999,1.0,0.4662915898729266
13110.0,0.0,0.06060606060606055,0.5165289256198349,0.5311871227364185,0.6361111111111112,0.0,0.00046072333563695,0.18181818181818182,0.9999999999999999,1.0,0.4657095741585023
13120.0,0.013513513513513375,0.07575757575757569,0.5041322314049588,0.5291750503018109,0.6361111111111112,0.0,0.000230361667818475,0.18181818181818182,0.9999999999999999,1.0,0.465127558444078
13130.0,0.0,0.06818181818181812,0.5041322314049588,0.5331991951710262,0.6361111111111112,0.0,0.00046072333563695,0.18181818181818182,0.9999999999999999,1.0,0.464448540110583
13140.0,0.0,0.07575757575757569,0.5041322314049588,0.5311871227364185,0.6361111111111112,0.0,0.00046072333563695,0.18181818181818182,0.9999999999999999,1.0,0.4638665243961587
13150.0,0.013513513513513375,0.08333333333333326,0.5165289256198349,0.5331991951710262,0.6361111111111112,0.0,0.00046072333563695,0.18181818181818182,0.9999999999999999,1.0,0.46328450868173443
13160.0,0.0,0.08333333333333326,0.5041322314049588,0.5352112676056339,0.6361111111111112,0.0,0.00046072333563695,0.18181818181818182,0.9999999999999999,1.0,0.46270249296731014
13170.0,0.013513513513513375,0.06818181818181812,0.5041322314049588,0.5372233400402415,0.6333333333333333,0.0,0.00046072333563695,0.18181818181818182,0.9999999999999999,1.0,0.46212047725288585
13180.0,0.013513513513513375,0.07575757575757569,0.5041322314049588,0.5372233400402415,0.6333333333333333,0.0,0.00046072333563695,0.18181818181818182,0.9999999999999999,1.0,0.46153846153846156
13190.0,0.0,0.08333333333333326,0.5165289256198349,0.5331991951710262,0.6361111111111112,0.0,0.00046072333563695,0.18181818181818182,0.9999999999999999,1.0,0.4609564458240373
13200.0,0.013513513513513375,0.07575757575757569,0.5041322314049588,0.5311871227364185,0.6333333333333333,0.0,0.00046072333563695,0.18181818181818182,0.9999999999999999,1.0,0.460374430109613
13210.0,0.027027027027026973,0.07575757575757569,0.5041322314049588,0.5311871227364185,0.6333333333333333,0.0,0.00046072333563695,0.18181818181818182,0.9999999999999999,1.0,0.4597924143951887
13220.0,0.0,0.07575757575757569,0.5041322314049588,0.5352112676056339,0.6333333333333333,0.0,0.00046072333563695,0.18181818181818182,0.9999999999999999,1.0,0.4592103986807644
13230.0,0.027027027027026973,0.06818181818181812,0.5041322314049588,0.5372233400402415,0.6333333333333333,0.0,0.00046072333563695,0.18181818181818182,0.9999999999999999,1.0,0.4586283829663401
13240.0,0.013513513513513375,0.07575757575757569,0.5041322314049588,0.5352112676056339,0.6333333333333333,0.0,0.00046072333563695,0.18181818181818182,0.9999999999999999,1.0,0.45804636725191583
13250.0,0.013513513513513375,0.07575757575757569,0.5041322314049588,0.5271629778672032,0.6333333333333333,0.0,0.00046072333563695,0.18181818181818182,0.9999999999999999,1.0,0.45746435153749154
13260.0,0.013513513513513375,0.07575757575757569,0.5041322314049588,0.5251509054325956,0.6333333333333333,0.0,0.00046072333563695,0.18181818181818182,0.9999999999999999,1.0,0.45688233582306725
13270.0,0.0,0.09090909090909083,0.5041322314049588,0.5291750503018109,0.6333333333333333,0.0,0.00046072333563695,0.18181818181818182,0.9999999999999999,1.0,0.45630032010864296
13280.0,0.027027027027026973,0.07575757575757569,0.5165289256198349,0.5331991951710262,0.6333333333333333,0.0,0.00046072333563695,0.18181818181818182,0.9999999999999999,1.0,0.4558153070132894
13290.0,0.0,0.07575757575757569,0.5041322314049588,0.5311871227364185,0.6333333333333333,0.0,0.000230361667818475,0.18181818181818182,0.9999999999999999,1.0,0.4552332912988651
13300.0,0.013513513513513375,0.08333333333333326,0.49586776859504145,0.5271629778672032,0.6333333333333333,0.0,0.00046072333563695,0.18181818181818182,0.9999999999999999,1.0,0.4546512755844408
13310.0,0.013513513513513375,0.06818181818181812,0.5165289256198349,0.5291750503018109,0.6333333333333333,0.0,0.00046072333563695,0.18181818181818182,0.9999999999999999,1.0,0.4540692598700165
13320.0,0.013513513513513375,0.07575757575757569,0.5041322314049588,0.5291750503018109,0.6333333333333333,0.0,0.00046072333563695,0.18181818181818182,0.9999999999999999,1.0,0.4534872441555922
13330.0,0.0,0.09090909090909083,0.5165289256198349,0.5331991951710262,0.6333333333333333,0.0,0.00046072333563695,0.18181818181818182,0.9999999999999999,1.0,0.45290522844116793
13340.0,0.0,0.07575757575757569,0.5041322314049588,0.5291750503018109,0.6333333333333333,0.0,0.00046072333563695,0.18181818181818182,0.9999999999999999,1.0,0.45232321272674364
13350.0,0.013513513513513375,0.07575757575757569,0.5041322314049588,0.5291750503018109,0.6333333333333333,0.0,0.00046072333563695,0.18181818181818182,0.9999999999999999,1.0,0.4518381996313901
13360.0,0.0,0.06818181818181812,0.5041322314049588,0.5291750503018109,0.6333333333333333,0.0,0.00046072333563695,0.18181818181818182,0.9999999999999999,1.0,0.4512561839169658
13370.0,0.013513513513513375,0.08333333333333326,0.5041322314049588,0.5311871227364185,0.6333333333333333,0.0,0.00046072333563695,0.18181818181818182,0.9999999999999999,1.0,0.45067416820254147
13380.0,0.013513513513513375,0.07575757575757569,0.5041322314049588,0.5331991951710262,0.6333333333333333,0.0,0.00046072333563695,0.18181818181818182,0.9999999999999999,1.0,0.4500921524881172
13390.0,0.013513513513513375,0.06818181818181812,0.5041322314049588,0.5331991951710262,0.6305555555555555,0.0,0.00046072333563695,0.18181818181818182,0.9999999999999999,1.0,0.44960713939276364
13400.0,0.0,0.06818181818181812,0.5041322314049588,0.5352112676056339,0.6333333333333333,0.0,0.00046072333563695,0.18181818181818182,0.9999999999999999,1.0,0.44902512367833936
13410.0,0.0,0.07575757575757569,0.5041322314049588,0.5372233400402415,0.6333333333333333,0.0,0.00046072333563695,0.18181818181818182,0.9999999999999999,1.0,0.44844310796391507
13420.0,0.0,0.07575757575757569,0.5041322314049588,0.5352112676056339,0.6333333333333333,0.0,0.00046072333563695,0.18181818181818182,0.9999999999999999,1.0,0.4479580948685615
13430.0,0.013513513513513375,0.08333333333333326,0.5165289256198349,0.5311871227364185,0.6333333333333333,0.0,0.00046072333563695,0.18181818181818182,0.9999999999999999,1.0,0.4473760791541372
13440.0,0.0,0.06818181818181812,0.5041322314049588,0.5291750503018109,0.6333333333333333,0.0,0.00046072333563695,0.18181818181818182,0.9999999999999999,1.0,0.4467940634397129
13450.0,0.0,0.07575757575757569,0.49586776859504145,0.5291750503018109,0.6333333333333333,0.0,0.00046072333563695,0.18181818181818182,0.9999999999999999,1.0,0.4463090503443593
13460.0,0.0,0.07575757575757569,0.5041322314049588,0.5291750503018109,0.6333333333333333,0.0,0.00046072333563695,0.18181818181818182,0.9999999999999999,1.0,0.445727034629935
13470.0,0.0,0.06818181818181812,0.5041322314049588,0.5291750503018109,0.6333333333333333,0.0,0.000230361667818475,0.18181818181818182,0.9999999999999999,1.0,0.4451450189155107
13480.0,0.013513513513513375,0.08333333333333326,0.49586776859504145,0.5331991951710262,0.6333333333333333,0.0,0.00046072333563695,0.18181818181818182,0.9999999999999999,1.0,0.4446600058201572
13490.0,0.013513513513513375,0.06818181818181812,0.49586776859504145,0.5311871227364185,0.6333333333333333,0.0,0.00046072333563695,0.18181818181818182,0.9999999999999999,1.0,0.4440779901057329
13500.0,0.013513513513513375,0.07575757575757569,0.49586776859504145,0.5311871227364185,0.6333333333333333,0.0,0.00046072333563695,0.18181818181818182,0.9999999999999999,1.0,0.4434959743913086
13510.0,0.0,0.06818181818181812,0.5041322314049588,0.5271629778672032,0.6333333333333333,0.0,0.000691085003455425,0.18181818181818182,0.9999999999999999,1.0,0.443010961295955
13520.0,0.013513513513513375,0.07575757575757569,0.5041322314049588,0.5271629778672032,0.6305555555555555,0.0,0.00046072333563695,0.18181818181818182,0.9999999999999999,1.0,0.44242894558153073
13530.0,0.013513513513513375,0.06818181818181812,0.49586776859504145,0.5291750503018109,0.6305555555555555,0.0,0.00046072333563695,0.18181818181818182,0.9999999999999999,1.0,0.44194393248617714
13540.0,0.0,0.07575757575757569,0.49586776859504145,0.5291750503018109,0.6305555555555555,0.0,0.00046072333563695,0.18181818181818182,0.9999999999999999,1.0,0.44136191677175285
13550.0,0.0,0.06060606060606055,0.5041322314049588,0.5291750503018109,0.6305555555555555,0.0,0.00046072333563695,0.18181818181818182,0.9999999999999999,1.0,0.4408769036763993
13560.0,0.0,0.06818181818181812,0.5041322314049588,0.5291750503018109,0.6305555555555555,0.0,0.00046072333563695,0.18181818181818182,0.9999999999999999,1.0,0.440294887961975
13570.0,0.0,0.06818181818181812,0.49586776859504145,0.5291750503018109,0.6305555555555555,0.0,0.00046072333563695,0.18181818181818182,0.9999999999999999,1.0,0.43980987486662143
13580.0,0.013513513513513375,0.06060606060606055,0.49586776859504145,0.5291750503018109,0.6305555555555555,0.0,0.00046072333563695,0.18181818181818182,0.9999999999999999,1.0,0.43922785915219714
13590.0,0.0,0.07575757575757569,0.5041322314049588,0.5291750503018109,0.6305555555555555,0.0,0.00046072333563695,0.18181818181818182,0.9999999999999999,1.0,0.43874284605684355
13600.0,0.013513513513513375,0.07575757575757569,0.49586776859504145,0.5271629778672032,0.6305555555555555,0.0,0.00046072333563695,0.18181818181818182,0.9999999999999999,1.0,0.43816083034241926
13610.0,0.013513513513513375,0.07575757575757569,0.5041322314049588,0.5271629778672032,0.6305555555555555,0.0,0.00046072333563695,0.18181818181818182,0.9999999999999999,1.0,0.4376758172470657
13620.0,0.0,0.06818181818181812,0.49586776859504145,0.5291750503018109,0.6305555555555555,0.0,0.00046072333563695,0.18181818181818182,0.9999999999999999,1.0,0.43709380153264143
13630.0,0.0,0.06818181818181812,0.5041322314049588,0.5291750503018109,0.6305555555555555,0.0,0.00046072333563695,0.18181818181818182,0.9999999999999999,1.0,0.43660878843728784
13640.0,0.0,0.06060606060606055,0.49586776859504145,0.5291750503018109,0.6305555555555555,0.0,0.00046072333563695,0.18181818181818182,0.9999999999999999,1.0,0.43612377534193425
13650.0,0.0,0.06818181818181812,0.49586776859504145,0.5251509054325956,0.6305555555555555,0.0,0.000230361667818475,0.18181818181818182,0.9999999999999999,1.0,0.43554175962750996
13660.0,0.0,0.06818181818181812,0.5041322314049588,0.5291750503018109,0.6305555555555555,0.0,0.00046072333563695,0.18181818181818182,0.9999999999999999,1.0,0.43505674653215637
13670.0,0.0,0.06818181818181812,0.5041322314049588,0.5291750503018109,0.6305555555555555,0.0,0.00046072333563695,0.18181818181818182,0.9999999999999999,1.0,0.43457173343680283
13680.0,0.013513513513513375,0.06060606060606055,0.4876033057851241,0.5291750503018109,0.6305555555555555,0.0,0.00046072333563695,0.18181818181818182,0.9999999999999999,1.0,0.43398971772237854
13690.0,0.013513513513513375,0.06060606060606055,0.4876033057851241,0.5271629778672032,0.6305555555555555,0.0,0.00046072333563695,0.18181818181818182,0.9999999999999999,1.0,0.43350470462702495
13700.0,0.013513513513513375,0.06060606060606055,0.49586776859504145,0.5271629778672032,0.6305555555555555,0.0,0.000230361667818475,0.18181818181818182,0.9999999999999999,1.0,0.43301969153167136
13710.0,0.0,0.06818181818181812,0.49586776859504145,0.5291750503018109,0.6305555555555555,0.0,0.00046072333563695,0.18181818181818182,0.9999999999999999,1.0,0.43243767581724707
13720.0,0.013513513513513375,0.06818181818181812,0.49586776859504145,0.5271629778672032,0.6305555555555555,0.0,0.00046072333563695,0.18181818181818182,0.9999999999999999,1.0,0.43195266272189353
13730.0,0.0,0.06818181818181812,0.49586776859504145,0.5291750503018109,0.6305555555555555,0.0,0.00046072333563695,0.18181818181818182,0.9999999999999999,1.0,0.43146764962653994
13740.0,0.013513513513513375,0.045454545454545414,0.49586776859504145,0.5291750503018109,0.6305555555555555,0.0,0.00046072333563695,0.18181818181818182,0.9999999999999999,1.0,0.43088563391211565
13750.0,0.013513513513513375,0.07575757575757569,0.5041322314049588,0.5311871227364185,0.6305555555555555,0.0,0.00046072333563695,0.18181818181818182,0.9999999999999999,1.0,0.43040062081676206
13760.0,0.013513513513513375,0.06060606060606055,0.4876033057851241,0.5271629778672032,0.6305555555555555,0.0,0.000230361667818475,0.18181818181818182,0.9999999999999999,1.0,0.4299156077214085
13770.0,0.0,0.06060606060606055,0.5041322314049588,0.5251509054325956,0.6305555555555555,0.0,0.00046072333563695,0.18181818181818182,0.9999999999999999,1.0,0.42943059462605493
13780.0,0.013513513513513375,0.06060606060606055,0.49586776859504145,0.5251509054325956,0.6305555555555555,0.0,0.00046072333563695,0.18181818181818182,0.9999999999999999,1.0,0.42884857891163064
13790.0,0.0,0.07575757575757569,0.5041322314049588,0.5271629778672032,0.6305555555555555,0.0,0.00046072333563695,0.18181818181818182,0.9999999999999999,1.0,0.42836356581627705
13800.0,0.0,0.06818181818181812,0.4876033057851241,0.5251509054325956,0.6305555555555555,0.0,0.00046072333563695,0.18181818181818182,0.9999999999999999,1.0,0.4278785527209235
13810.0,0.013513513513513375,0.06060606060606055,0.49586776859504145,0.5271629778672032,0.6305555555555555,0.0,0.00046072333563695,0.18181818181818182,0.9999999999999999,1.0,0.4273935396255699
13820.0,0.0,0.07575757575757569,0.49586776859504145,0.5271629778672032,0.6277777777777778,0.0,0.00046072333563695,0.18181818181818182,0.9999999999999999,1.0,0.4269085265302163
13830.0,0.0,0.06060606060606055,0.49586776859504145,0.5291750503018109,0.6277777777777778,0.0,0.00046072333563695,0.18181818181818182,0.9999999999999999,1.0,0.4264235134348628
13840.0,0.013513513513513375,0.06818181818181812,0.49586776859504145,0.5271629778672032,0.6305555555555555,0.0,0.00046072333563695,0.18181818181818182,0.9999999999999999,1.0,0.4258414977204385
13850.0,0.0,0.06060606060606055,0.5041322314049588,0.5271629778672032,0.6305555555555555,0.0,0.00046072333563695,0.18181818181818182,0.9999999999999999,1.0,0.4253564846250849
13860.0,0.0,0.06060606060606055,0.5041322314049588,0.5251509054325956,0.6305555555555555,0.0,0.00046072333563695,0.18181818181818182,0.9999999999999999,1.0,0.4248714715297313
13870.0,0.0,0.07575757575757569,0.5041322314049588,0.5251509054325956,0.6305555555555555,0.0,0.00046072333563695,0.18181818181818182,0.9999999999999999,1.0,0.4243864584343778
13880.0,0.013513513513513375,0.06060606060606055,0.11570247933884303,0.5251509054325956,0.6222222222222222,0.0,0.00046072333563695,0.0,0.9999999999999999,0.0,0.42351343486274134
13890.0,0.027027027027026973,0.06060606060606055,0.07851239669421495,0.5251509054325956,0.6166666666666667,0.0,0.00046072333563695,0.0,0.9999999999999999,0.0,0.4226404112911049
13900.0,0.027027027027026973,0.06818181818181812,0.07024793388429762,0.5251509054325956,0.6138888888888889,0.0,0.00046072333563695,0.0,0.9999999999999999,0.0,0.4216703851003977
13910.0,0.027027027027026973,0.05303030303030298,0.07024793388429762,0.5251509054325956,0.6138888888888889,0.0,0.00046072333563695,0.0,0.9999999999999999,0.0,0.4207973615287613
13920.0,0.013513513513513375,0.045454545454545414,0.05785123966942152,0.5211267605633804,0.6138888888888889,0.0,0.00046072333563695,0.0,0.9999999999999999,0.0,0.41992433795712486
13930.0,0.013513513513513375,0.06060606060606055,0.05785123966942152,0.5211267605633804,0.6138888888888889,0.0,0.00046072333563695,0.0,0.9999999999999999,0.0,0.4190513143854884
13940.0,0.027027027027026973,0.06060606060606055,0.05785123966942152,0.5211267605633804,0.6111111111111112,0.0,0.00046072333563695,0.0,0.9999999999999999,0.0,0.418178290813852
13950.0,0.027027027027026973,0.05303030303030298,0.05785123966942152,0.5211267605633804,0.6111111111111112,0.0,0.00046072333563695,0.0,0.9999999999999999,0.0,0.41730526724221556
13960.0,0.013513513513513375,0.05303030303030298,0.04958677685950419,0.517102615694165,0.6111111111111112,0.0,0.00046072333563695,0.0,0.9999999999999999,0.0,0.41633524105150843
13970.0,0.027027027027026973,0.05303030303030298,0.04958677685950419,0.5130784708249497,0.6111111111111112,0.0,0.00046072333563695,0.0,0.9999999999999999,0.0,0.415462217479872
13980.0,0.013513513513513375,0.045454545454545414,0.04958677685950419,0.5130784708249497,0.6111111111111112,0.0,0.00046072333563695,0.0,0.9999999999999999,0.0,0.41458919390823556
13990.0,0.013513513513513375,0.045454545454545414,0.04958677685950419,0.517102615694165,0.6111111111111112,0.0,0.00046072333563695,0.0,0.9999999999999999,0.0,0.41371617033659913
14000.0,0.013513513513513375,0.045454545454545414,0.04958677685950419,0.5191146881287727,0.6111111111111112,0.0,0.00046072333563695,0.0,0.9999999999999999,0.0,0.4128431467649627
14010.0,0.027027027027026973,0.037878787878787845,0.04958677685950419,0.5191146881287727,0.6111111111111112,0.0,0.00046072333563695,0.0,0.9999999999999999,0.0,0.41197012319332627
14020.0,0.013513513513513375,0.045454545454545414,0.04958677685950419,0.517102615694165,0.6138888888888889,0.0,0.00046072333563695,0.0,0.9999999999999999,0.0,0.41109709962168983
14030.0,0.027027027027026973,0.045454545454545414,0.04132231404958686,0.517102615694165,0.6138888888888889,0.0,0.00046072333563695,0.0,0.9999999999999999,0.0,0.4102240760500534
14040.0,0.027027027027026973,0.045454545454545414,0.04958677685950419,0.5150905432595574,0.6138888888888889,0.0,0.00046072333563695,0.0,0.9999999999999999,0.0,0.40935105247841697
14050.0,0.027027027027026973,0.045454545454545414,0.04958677685950419,0.5150905432595574,0.6138888888888889,0.0,0.00046072333563695,0.0,0.9999999999999999,0.0,0.40857503152585123
14060.0,0.027027027027026973,0.037878787878787845,0.02892561983471076,0.5110663983903421,0.6138888888888889,0.0,0.00046072333563695,0.0,0.9999999999999999,0.0,0.4077020079542148
14070.0,0.013513513513513375,0.045454545454545414,0.04132231404958686,0.5110663983903421,0.6138888888888889,0.0,0.00046072333563695,0.0,0.9999999999999999,0.0,0.40682898438257836
14080.0,0.027027027027026973,0.037878787878787845,0.04958677685950419,0.5130784708249497,0.6138888888888889,0.0,0.00046072333563695,0.0,0.9999999999999999,0.0,0.40595596081094193
14090.0,0.013513513513513375,0.045454545454545414,0.04132231404958686,0.5130784708249497,0.6138888888888889,0.0,0.00046072333563695,0.0,0.9999999999999999,0.0,0.4050829372393055
14100.0,0.027027027027026973,0.022727272727272707,0.04132231404958686,0.5130784708249497,0.6138888888888889,0.0,0.00046072333563695,0.0,0.9999999999999999,0.0,0.40420991366766906
14110.0,0.013513513513513375,0.037878787878787845,0.02892561983471076,0.5110663983903421,0.6138888888888889,0.0,0.00046072333563695,0.0,0.9999999999999999,0.0,0.4034338927151033
14120.0,0.013513513513513375,0.030303030303030276,0.04132231404958686,0.5090543259557344,0.6138888888888889,0.0,0.00046072333563695,0.0,0.9999999999999999,0.0,0.4025608691434669
14130.0,0.013513513513513375,0.030303030303030276,0.02892561983471076,0.5090543259557344,0.6138888888888889,0.0,0.00046072333563695,0.0,0.9999999999999999,0.0,0.40168784557183046
14140.0,0.027027027027026973,0.030303030303030276,0.02892561983471076,0.5070422535211268,0.6138888888888889,0.0,0.00046072333563695,0.0,0.9999999999999999,0.0,0.400814822000194
14150.0,0.027027027027026973,0.030303030303030276,0.02892561983471076,0.5070422535211268,0.6138888888888889,0.0,0.00046072333563695,0.0,0.9999999999999999,0.0,0.4000388010476283
14160.0,0.013513513513513375,0.015151515151515138,0.04132231404958686,0.5070422535211268,0.6138888888888889,0.0,0.00046072333563695,0.0,0.9999999999999999,0.0,0.39916577747599186
14170.0,0.013513513513513375,0.022727272727272707,0.02066115702479343,0.5070422535211268,0.6138888888888889,0.0,0.00046072333563695,0.0,0.9999999999999999,0.0,0.3982927539043554
14180.0,0.013513513513513375,0.030303030303030276,0.02066115702479343,0.5070422535211268,0.6138888888888889,0.0,0.00046072333563695,0.0,0.9999999999999999,0.0,0.39751673295178974
14190.0,0.027027027027026973,0.022727272727272707,0.02066115702479343,0.5070422535211268,0.6138888888888889,0.0,0.00046072333563695,0.0,0.9999999999999999,0.0,0.3966437093801533
14200.0,0.027027027027026973,0.037878787878787845,0.02066115702479343,0.5090543259557344,0.6138888888888889,0.0,0.00046072333563695,0.0,0.9999999999999999,0.0,0.39586768842758757
14210.0,0.027027027027026973,0.030303030303030276,0.02892561983471076,0.5070422535211268,0.6138888888888889,0.0,0.00046072333563695,0.0,0.9999999999999999,0.0,0.39499466485595114
14220.0,0.013513513513513375,0.030303030303030276,0.02892561983471076,0.5090543259557344,0.6138888888888889,0.0,0.00046072333563695,0.0,0.9999999999999999,0.0,0.3942186439033854
14230.0,0.027027027027026973,0.030303030303030276,0.02066115702479343,0.5070422535211268,0.6138888888888889,0.0,0.00046072333563695,0.0,0.9999999999999999,0.0,0.39334562033174897
14240.0,0.013513513513513375,0.022727272727272707,0.02066115702479343,0.5090543259557344,0.6138888888888889,0.0,0.00046072333563695,0.0,0.9999999999999999,0.0,0.3925695993791833
14250.0,0.027027027027026973,0.030303030303030276,0.02892561983471076,0.5050301810865192,0.6138888888888889,0.0,0.00046072333563695,0.0,0.9999999999999999,0.0,0.39169657580754685
14260.0,0.013513513513513375,0.030303030303030276,0.02892561983471076,0.5050301810865192,0.6138888888888889,0.0,0.00046072333563695,0.0,0.9999999999999999,0.0,0.3909205548549811
14270.0,0.027027027027026973,0.022727272727272707,0.02066115702479343,0.5050301810865192,0.6138888888888889,0.0,0.00046072333563695,0.0,0.9999999999999999,0.0,0.3900475312833447
14280.0,0.013513513513513375,0.022727272727272707,0.02892561983471076,0.5050301810865192,0.6138888888888889,0.0,0.00046072333563695,0.0,0.9999999999999999,0.0,0.38927151033077895
14290.0,0.013513513513513375,0.022727272727272707,0.02066115702479343,0.5030181086519115,0.6138888888888889,0.0,0.00046072333563695,0.0,0.9999999999999999,0.0,0.3883984867591425
14300.0,0.027027027027026973,0.030303030303030276,0.012396694214876103,0.5030181086519115,0.6138888888888889,0.0,0.00046072333563695,0.0,0.9999999999999999,0.0,0.3876224658065768
14310.0,0.013513513513513375,0.015151515151515138,0.02066115702479343,0.5030181086519115,0.6138888888888889,0.0,0.00046072333563695,0.0,0.9999999999999999,0.0,0.3868464448540111
14320.0,0.013513513513513375,0.022727272727272707,0.02066115702479343,0.5050301810865192,0.6138888888888889,0.0,0.00046072333563695,0.0,0.9999999999999999,0.0,0.38597342128237466
14330.0,0.013513513513513375,0.030303030303030276,0.02066115702479343,0.5050301810865192,0.6138888888888889,0.0,0.00046072333563695,0.0,0.9999999999999999,0.0,0.3851974003298089
14340.0,0.027027027027026973,0.015151515151515138,0.02066115702479343,0.5010060362173039,0.6138888888888889,0.0,0.00046072333563695,0.0,0.9999999999999999,0.0,0.3844213793772432
14350.0,0.027027027027026973,0.022727272727272707,0.012396694214876103,0.5010060362173039,0.6138888888888889,0.0,0.00046072333563695,0.0,0.9999999999999999,0.0,0.38354835580560676
14360.0,0.013513513513513375,0.022727272727272707,0.012396694214876103,0.4989939637826962,0.6138888888888889,0.0,0.00046072333563695,0.0,0.9999999999999999,0.0,0.3827723348530411
14370.0,0.013513513513513375,0.015151515151515138,0.012396694214876103,0.5010060362173039,0.6138888888888889,0.0,0.00046072333563695,0.0,0.9999999999999999,0.0,0.38199631390047534
14380.0,0.027027027027026973,0.015151515151515138,0.012396694214876103,0.4989939637826962,0.6138888888888889,0.0,0.00046072333563695,0.0,0.9999999999999999,0.0,0.3812202929479096
14390.0,0.027027027027026973,0.015151515151515138,0.012396694214876103,0.5010060362173039,0.6138888888888889,0.0,0.00046072333563695,0.0,0.9999999999999999,0.0,0.3804442719953439
14400.0,0.027027027027026973,0.022727272727272707,0.0,0.5010060362173039,0.6138888888888889,0.0,0.00046072333563695,0.0,0.9999999999999999,0.0,0.3795712484237075
14410.0,0.013513513513513375,0.022727272727272707,0.0,0.5010060362173039,0.6138888888888889,0.0,0.00046072333563695,0.0,0.9999999999999999,0.0,0.37879522747114175
14420.0,0.013513513513513375,0.007575757575757569,0.02066115702479343,0.5010060362173039,0.6138888888888889,0.0,0.00046072333563695,0.0,0.9999999999999999,0.0,0.378019206518576
14430.0,0.027027027027026973,0.015151515151515138,0.012396694214876103,0.4989939637826962,0.6138888888888889,0.0,0.00046072333563695,0.0,0.9999999999999999,0.0,0.37724318556601033
14440.0,0.013513513513513375,0.015151515151515138,0.012396694214876103,0.49698189134808857,0.6138888888888889,0.0,0.00046072333563695,0.0,0.9999999999999999,0.0,0.3764671646134446
14450.0,0.013513513513513375,0.0,0.012396694214876103,0.49698189134808857,0.6138888888888889,0.0,0.00046072333563695,0.0,0.9999999999999999,0.0,0.37569114366087886
