Time (seconds),X,Y,Z
0.0,-0.25449989304159154,0.4381016410475812,-0.20609357332762887
0.02,-0.4234330593160774,0.828530391467775,-0.43003392109525407
0.04,-0.506310546099074,1.1561287168046939,-0.6168138618097363
0.06,-0.6231702472267212,1.6746630810133545,-0.5520276258289276
0.08,-0.6278152981083641,1.9230510650001527,-0.4359013537878556
0.1,-0.5246462732634538,1.8338171928001712,-0.5772086911346759
0.12,-0.3676924487363628,1.5155089692265378,-0.5869877456223451
0.14,-0.2412981694832381,1.202334749258931,-0.5041102588393485
0.16,-0.2038932860679033,0.9742383033340464,-0.5060660697368823
0.18,-0.20658252605201236,0.812150475200929,-0.52269046236592
0.2,-0.1990037588240687,0.6779329523576689,-0.47281728447880694
0.22,-0.18751336980105734,0.553494484002078,-0.3914066558689607
0.24,-0.182379366195031,0.4520367936925098,-0.3068178345506219
0.26,-0.19435870794242582,0.3933624667664945,-0.23543073679063656
0.28,-0.2246737768542004,0.32710937261253553,-0.18971365706078294
0.3,-0.25132170033309903,0.24374293310515538,-0.15890963542462488
0.32,-0.34324481251718975,0.19435870794242582,-0.12492742107997433
0.34,-0.45937108455826176,0.2126944351068056,-0.09461235216819973
0.36,-0.5989670873697399,0.22394034776762523,-0.07383186138190263
0.38,-0.7661889191088836,0.2535219875928246,-0.06429728325642514
0.4,-0.9654371542951441,0.2936161109922684,-0.04791736698957919
0.42,-1.1935336002200287,0.34177795434403935,-0.023958683494789596
0.44,-1.4485224459860038,0.43076735018182927,-0.014668581731503835
0.46,-1.7272254988845765,0.5556947712618037,-0.03300430889588363
0.48,-1.9448094612352167,0.7168046939461541,-0.09925740304984261
0.5,-2.003483788161232,0.8463771659077712,-0.19631451883995965
0.52,-1.8695107416801637,0.9559025761696666,-0.3806496959325245
0.54,-1.5846957797267975,0.37527121596430646,-0.39287351404211107
0.56,-1.7973902148336032,-0.31317421996760686,-0.6087461418574092
0.58,-1.3617333374079394,0.8490664058918803,-0.6666870396968493
0.6,-1.3023255813953487,0.1549980136295572,-0.3332212816673288
0.62,-1.1639519603948294,0.4332121138037466,-0.25694465666350885
0.64,-1.0810744736118327,0.6055679491489167,-0.1672218317391437
0.66,-1.0277786266540354,0.6957797267976652,-0.032270879809308435
0.68,-0.9356110381077529,0.6053234727867249,0.03447116706903401
0.7,-0.8431989731992787,0.4063197139626562,0.06771995232710937
0.72,-0.8099501879412034,0.3227087980930844,0.0026892399841090364
0.74,-0.7740121626990191,0.20047061699721908,-0.010512483574244415
0.76,-0.754943006448064,0.2755248601900804,-0.028603734376432478
0.78,-0.7745011154234025,0.323931179904043,-0.03716040705314305
0.8,-0.8141062860984628,0.38333893591663354,-0.049628701524921305
0.82,-0.8749809002842037,0.4141429575527916,-0.05158451242245515
0.84,-0.93096598722611,0.4469027900864835,-0.04131650521040247
0.86,-0.9835284050973321,0.45790422638511136,-0.03789383613971824
0.88,-1.0275341502918436,0.4405464046694985,-0.04913974880053785
0.9,-1.0695840845888214,0.4072976194114232,-0.06649757051615071
0.92,-1.1084558261773065,0.3483788161232161,-0.09485682853039147
0.94,-1.1084558261773065,0.28285915105583226,-0.14497448277969624
0.96,-1.0700730373132048,0.2254072059407756,-0.24887693671118175
0.97,-1.1165235461296337,0.25572227485255017,-0.2909268710081594
0.99,-1.2201815236989273,-0.3659811142010207,-0.47135042630565654
1.01,-1.2069798001405738,-0.6992023958683494,-0.6226812945023378
1.03,-1.091586957186077,-0.5823426947407022,-0.5253797023500291
1.05,-1.056382361030468,-0.3444671943281484,-0.409253430308957
1.07,-1.0725178009351222,-0.052317941509030345,-0.3503346270207499
1.09,-1.0849860954069004,0.06160804327231611,-0.267701616599945
1.11,-1.0891421935641596,0.1095254102618953,-0.1750450753292791
1.13,-1.0578492192036182,0.17969012621092198,-0.10879198117532012
1.15,-1.0040644195214374,0.2904379182837759,-0.06038566146135745
1.17,-0.9876845032545916,0.3461785288634905,-0.0207804907862971
1.19,-0.948323808941723,0.35791339424869356,0.006845338141368456
1.21,-0.9246096018091251,0.33224337621856187,0.0007334290865751917
1.23,-0.9096965437154295,0.3491122452097913,-0.009045625401094031
1.25,-0.9206979800140573,0.2928826819056932,-0.02542554166793998
1.27,-0.9842618341839073,0.27161323839501267,-0.05060660697368823
1.29,-1.0646945573449866,0.276747242001039,-0.07260947957094398
1.31,-1.1617516731351036,0.29386058735446013,-0.10023530849860954
1.33,-1.1612627204107202,0.26843504568652016,-0.13372857011887662
1.35,-1.0431806374721144,0.25058827124652383,-0.12443846835559087
1.37,-0.9590807688781591,0.2461876967270727,-0.11514836659230511
1.39,-0.9211869327384409,0.2574336093878923,-0.1014576903095682
1.41,-0.9402560889893958,0.2493658894355652,-0.09534578125477493
1.43,-0.995507746844727,0.24374293310515538,-0.07529871955505302
1.45,-1.0351129175197873,0.27112428567062924,-0.06405280689423341
1.46,-1.0800965681630657,0.3075512636371971,-0.06698652324053418
1.48,-1.0967209607921033,0.3070623109128136,-0.055985086941906306
1.5,-1.1013660116737463,0.317574794487058,-0.0383827888641017
1.52,-1.0737401827460806,0.3231977508174678,-0.04302783974574458
1.54,-1.0466033065427987,0.2916603000947346,-0.02982611618739113
1.56,-1.0285120557406107,0.30339516547993767,-0.030804021636158054
1.58,-1.014576903095682,0.30412859456651287,-0.028603734376432478
1.6,-1.017266143079791,0.31048497998349783,-0.021758396235064023
1.62,-1.0246004339455428,0.3102405036213061,-0.01711334535342114
1.64,-1.0365797756929376,0.3063288818262384,-0.014179629007120373
1.66,-1.0404913974880055,0.30095040185802036,-0.01271277083396999
1.68,-1.0385355865904715,0.29826116187391133,-0.010756959936436146
1.7,-1.0400024447636218,0.3036396418421294,-0.009534578125477493
1.72,-1.041713779298964,0.31610793631390766,-0.009045625401094031
1.74,-1.0370687284173212,0.32417565626623474,-0.01246829447177826
1.76,-1.0294899611893775,0.3300430889588363,-0.015402010818079027
1.78,-1.0292454848271857,0.3332212816673288,-0.018824679888763254
1.8,-1.041713779298964,0.3334657580295205,-0.019313632613146715
1.82,-1.057115790117043,0.3332212816673288,-0.02126944351068056
1.84,-1.0686061791400543,0.33077651804541147,-0.021758396235064023
1.86,-1.0739846591082725,0.32759832533691896,-0.02102496714848883
1.88,-1.0700730373132048,0.32735384897472725,-0.023225254408214404
1.9,-1.0688506555022461,0.3310209944076032,-0.022980778046022676
1.92,-1.0754515172814227,0.3351770925648626,-0.020536014424105367
1.94,-1.0840081899581333,0.34006661980869723,-0.02029153806191364
1.96,-1.0830302845093664,0.3412890016196559,-0.018335727164379794
1.98,-1.0774073281789567,0.3388442379977386,-0.010756959936436146
2.0,-1.0598050301011521,0.3346881398404792,-0.011490389023011338
2.02,-1.0451364483696481,0.33028756532102804,-0.009045625401094031
2.04,-1.0387800629526633,0.3327323289429453,-0.0075787672279436485
2.06,-1.0341350120710204,0.3351770925648626,-0.0041560981572594195
2.08,-1.0321792011734865,0.33786633254897164,-0.002444763621917306
2.1,-1.0297344375515691,0.3390887143599303,-0.001222381810958653
2.12,-1.023622528496776,0.34153347798184763,-0.005867432692601534
2.14,-1.0197109067017083,0.3381108089111634,-0.006845338141368456
2.16,-1.0231335757723925,0.3359105216514378,-0.009290101763285763
2.18,-1.0231335757723925,0.32882070714787764,-0.014424105369312105
2.2,-1.0182440485285578,0.3229532744552761,-0.018335727164379794
2.22,-1.0153103321822572,0.3209974635577423,-0.022491825321639215
2.24,-1.0238670048589678,0.3222198453687009,-0.023958683494789596
2.26,-1.0334015829844452,0.3207529871955505,-0.025670018030131712
2.28,-1.0368242520551294,0.31537450722733246,-0.022736301683830944
2.3,-1.0404913974880055,0.31146288543226475,-0.021758396235064023
2.32,-1.0446474956452647,0.31146288543226475,-0.02591449439232344
2.34,-1.0466033065427987,0.3080402163615805,-0.02518106530574825
2.36,-1.048070164715949,0.3063288818262384,-0.02029153806191364
2.38,-1.0524707392354002,0.30339516547993767,-0.019069156250954986
2.4,-1.0505149283378663,0.30070592549582864,-0.015646487180270757
2.42,-1.042691684747731,0.29850563823610304,-0.019558108975338447
2.45,-1.0414693029367723,0.29679430370076093,-0.019313632613146715
2.47,-1.0466033065427987,0.29850563823610304,-0.018335727164379794
2.49,-1.0514928337866332,0.2972832564251444,-0.01980258533753018
2.51,-1.0429361611099226,0.2936161109922684,-0.02029153806191364
2.53,-1.0331571066222534,0.2928826819056932,-0.02029153806191364
2.55,-1.027289673929652,0.2923937291813098,-0.02493658894355652
2.57,-1.0184885248907496,0.2919047764569263,-0.030315068911774594
2.59,-1.0128655685603398,0.2948384928032271,-0.035204596155609204
2.61,-1.0089539467652722,0.29606087461418573,-0.04131650521040247
2.63,-0.9999083213641781,0.2943495400788436,-0.04669498517862054
2.65,-0.9889068850655502,0.28897106011062557,-0.052317941509030345
2.67,-0.9801057360266479,0.28359258014240746,-0.060141185099165724
2.69,-0.98181707056199,0.28237019833144883,-0.062096995996699565
2.71,-0.9984414631910277,0.2877486782996669,-0.06405280689423341
2.73,-1.0023530849860953,0.28579286740213306,-0.055985086941906306
2.75,-0.9999083213641781,0.29703878006295265,-0.06992023958683495
2.77,-0.9967301286556856,0.3068178345506219,-0.08165510497203801
2.79,-1.012621092198148,0.2877486782996669,-0.09167863582189897
2.81,-1.0353573938819791,0.3236867035418513,-0.14399657733092933
2.83,-1.09623200806772,0.34177795434403935,-0.14766372276380527
2.85,-1.1453717568682578,0.32490908535280993,-0.10390245393148549
2.87,-1.15979586223757,0.35522415426458454,-0.06992023958683495
2.89,-1.135103749656205,0.32759832533691896,-0.07138709775998534
2.91,-1.086208477217859,0.2941050637166519,-0.060874614185740916
2.92,-1.0204443357882835,0.2813922928826819,-0.04058307612382728
2.94,-0.9534578125477493,0.2476545549002231,-0.011490389023011338
2.96,-0.9334107508480274,0.23005225682241848,0.014179629007120373
2.98,-0.941967423524738,0.21758396235064023,0.028603734376432478
3.0,-0.9566360052562418,0.21538367509091463,0.01686886899122941
3.02,-0.9757051615071968,0.21465024600433946,-0.016135439904654218
3.04,-1.0402469211258136,0.1838462243681814,-0.03862726522629343
3.06,-1.0920759099104604,0.15377563181859855,-0.01735782171561287
3.08,-1.124346789719769,0.11123674479723741,0.022980778046022676
3.1,-1.1214130733734682,0.08483329768053051,0.06185251963450784
3.12,-1.09623200806772,0.08581120312929744,0.07114262139779359
3.14,-1.0617608409986858,0.12346056290682395,0.05574061057971457
3.16,-1.0722733245729303,0.1623323044953091,0.047672890627387464
3.18,-1.1346147969318217,0.17797879167557987,0.08776701402683128
3.2,-1.113345353421141,0.17113345353421142,0.11979341747394799
3.22,-0.9532133361855576,0.17895669712434678,0.0919231121840907
3.24,-0.7916144607768236,0.19973718791064388,0.019069156250954986
3.26,-0.6471289307215109,0.21073862420927175,-0.04204993429697766
3.28,-0.5547168658130367,0.2183173914372154,-0.07872138862573724
3.3,-0.5442043822387923,0.21318338783118906,-0.08043272316107936
3.32,-0.5945665128502888,0.18189041347064755,-0.09803502123888397
3.34,-0.616080432723161,0.14130733734682027,-0.07114262139779359
3.36,-0.6581303670201387,0.11197017388381261,-0.024203159856981328
3.38,-0.6984689667817743,0.11881551202518106,0.0009779054487669223
3.4,-0.7617883445894325,0.1518198209210647,0.009534578125477493
3.41,-0.8199737187910644,0.2036488097057116,0.0
3.43,-0.8077499006814779,0.23078568590899368,-0.04913974880053785
3.45,-0.74589738104697,0.1975369006509183,-0.11685970112764722
3.47,-0.7023805885768419,0.16917764263667756,-0.15157534455887295
3.49,-0.7461418574091617,0.15646487180270757,-0.18017907893530544
3.51,-0.859334413103933,0.15842068270024143,-0.088011490389023
3.53,-0.9353665617455612,0.14913058093695566,0.02102496714848883
3.55,-1.0192219539773248,0.13690676282736913,0.06527518870519207
3.57,-1.1321700333099043,0.14521895914188795,0.0383827888641017
3.59,-1.2597866943739877,0.16257678085750082,0.02469211258136479
3.61,-1.2544082144057696,0.14277419551997067,0.11221465024600434
3.63,-1.1937780765822203,0.14179629007120373,0.2029153806191364
3.65,-1.1446383277816825,0.18629098799009872,0.2222290132322831
3.67,-1.1690859640008557,0.2246737768542004,0.16013201723558354
3.69,-1.2600311707361793,0.28188124560706534,0.09338997035724109
3.71,-1.335818843015616,0.2862818201265165,0.02518106530574825
3.73,-1.3543990465421873,0.38431684136540045,0.04131650521040247
3.75,-1.3218836903706872,0.42001039024539316,0.09265654127066589
3.77,-1.2407175381230326,0.41585429208813374,0.07603214864162822
3.79,-1.2113803746600251,0.3791828377593741,-0.001711334535342114
3.81,-1.2165143782660515,0.3209974635577423,-0.08238853405861321
3.83,-1.1754423494178405,0.289460012835009,-0.09265654127066589
3.85,-1.0886532408397762,0.3073067872750053,-0.017846774439996334
3.87,-1.0551599792195092,0.32417565626623474,0.051340036060263425
3.89,-1.0957430553433365,0.33859976163554684,0.058185374201631876
3.9,-1.2839898542309691,0.31561898358952417,0.06576414142957553
3.92,-1.9252513522598784,0.3522904379182838,-0.022980778046022676
3.94,-2.03428780979739,0.3635363505791034,-0.04816184335177093
3.96,-1.8237936619503101,0.3349326162026709,0.06747547596491764
3.98,-1.5213764019191394,0.3244201326284265,0.15719830088928277
4.0,-1.2844788069553525,0.24569874400268923,0.15230877364544815
4.02,-1.1715307276227729,0.17113345353421142,0.055985086941906306
4.04,-1.1265470769794945,0.15402010818079026,-0.02126944351068056
4.06,-1.0945206735323778,0.22760749320050117,-0.05476270513094765
4.08,-1.062738746447453,0.33126547076979496,-0.030559545273966322
4.1,-1.0446474956452647,0.20976071876050484,0.020047061699721907
4.12,-1.0536931210463587,0.09485682853039147,-0.0073342908657519175
4.14,-1.0637166518962198,0.05207346514683862,-0.03936069431286862
4.16,-1.0827858081471748,0.17871222076215507,-0.03911621795067689
4.18,-1.102588393484705,0.2813922928826819,-0.012223818109586528
4.2,-1.1087003025394981,0.3630473978547199,0.023469730770406136
4.22,-1.0976988662408702,0.3823610304678666,0.07065366867341014
4.24,-1.0776518045411485,0.3733154050667726,0.043761268832319775
4.26,-1.0439140665586897,0.3327323289429453,-0.010512483574244415
4.28,-0.9937964123093849,0.2615897075451517,-0.05060660697368823
4.3,-0.9427008526113131,0.19338080249365888,-0.05378479968218073
4.32,-0.8957613910705009,0.15695382452709103,-0.031048497998349783
4.34,-0.8703358494025609,0.14961953366133912,0.01246829447177826
4.36,-0.868380038505027,0.17455612260489564,0.03202640344711671
4.38,-0.8715582312135195,0.201448522445986,0.02933716346300767
4.4,-0.8730250893866699,0.20829386058735447,0.020047061699721907
4.42,-0.8713137548513278,0.23371940225529445,0.02151391987287229
4.44,-0.8461326895455795,0.2606118020963848,0.03667145432875959
4.46,-0.8163065733581885,0.2757693365522721,0.06356385416984996
4.48,-0.8028603734376433,0.29703878006295265,0.07872138862573724
4.5,-0.849310882254072,0.32662041988815205,0.0799437704366959
4.52,-0.9725269687987043,0.3596247287840357,0.08458882131833878
4.54,-1.1925556947712619,0.41634324481251717,0.12174922837148183
4.56,-1.3282400757876722,0.47599547718729945,0.15402010818079026
4.58,-1.3116156831586345,0.4867524371237356,0.1894691806985912
4.6,-1.2113803746600251,0.4997096843198973,0.19313632613146717
4.62,-1.0923203862726523,0.5180454114842771,0.11245912660819607
4.64,-1.0199553830638999,0.4803960517067506,-0.02884821073862421
4.66,-1.0057757540567795,0.2911713473703511,-0.10805855208874492
4.68,-1.0111542340249977,0.3486232924854078,-0.02493658894355652
4.7,-1.0331571066222534,0.8446658313724291,-0.011979341747394798
4.72,-1.1913333129603032,0.9316994163126853,-0.19998166427283562
4.74,-1.307459585001375,1.2045350365186567,-0.21636158053968157
4.76,-1.3761574427772514,1.4015829844451915,-0.20242642789475293
4.78,-1.35757723925068,1.6230785685908993,-0.18800232252544083
4.8,-1.37737982458821,1.7015554808544449,-0.1527977263698316
4.82,-1.3636891483054732,1.6844421355010237,-0.32735384897472725
4.84,-1.2438957308315253,1.52993307459585,-0.3676924487363628
4.86,-1.102588393484705,1.386425449989304,-0.3936069431286862
4.876,-0.9659261070195275,1.296702625064939,-0.43150077926840447
4.896,-0.8214405769642148,1.0448919720074565,-0.4349234483390887
4.916,-0.7397854719921767,1.0143324267334901,-0.4957980625248296
4.936,-0.744919475598203,0.9620144852244599,-0.4483696482596339
4.956,-0.7099593558047856,0.8268190569324328,-0.3657366378388289
4.976,-0.6659536106102741,0.8246187696727073,-0.2943495400788436
4.996,-0.6209699599669957,0.6979800140573909,-0.36084711059499436
5.016,-0.4835742444152431,0.4275891574733368,-0.383827888641017
5.036,-0.42001039024539316,0.4838187207774348,-0.2647679002536442
5.056,-0.29972802004706167,0.3835834122788253,-0.12003789383613972
5.076,-0.13470647556764356,0.2928826819056932,-0.07212052684656052
5.096,-0.024447636219173056,0.4099868593955322,-0.02518106530574825
5.116,0.08043272316107936,0.29972802004706167,-0.03251535617150017
5.136,0.12639427925312471,0.23127463863337713,-0.0911896830975155
5.156,0.1774898389511964,0.1767564098646212,-0.11808208293860586
5.176,0.25132170033309903,0.1246829447177826,-0.1623323044953091
5.196,0.3219753690065092,0.13617333374079393,-0.22247348959447483
5.216,0.402897044891972,0.08996730128655686,-0.23469730770406136
5.236,0.4667053754240137,0.015157534455887297,-0.22345139504324174
5.256,0.5121779787916756,-0.026892399841090365,-0.19558108975338445
5.276,0.5388259022705743,-0.06674204687834245,-0.1694221189988693
5.296,0.5229349387281117,-0.0799437704366959,-0.19435870794242582
5.316,0.5053326406503071,-0.12883904287504203,-0.17553402805366256
5.336,0.494575680713871,-0.21416129327995598,-0.08678910857806435
5.359,0.4131650521040247,-0.2390978822235125,-0.030070592549582862
5.379,0.2928826819056932,-0.17088897717201967,-0.020536014424105367
5.399,0.17064450080982796,-0.08287748678299667,-0.03960517067506036
5.419,0.04987317788711304,-0.02518106530574825,-0.07921034135012071
5.439,-0.05109555969807169,0.013201723558353452,-0.14032943189805336
5.459,-0.18653546435229043,0.06649757051615071,-0.1919139443205085
5.479,-0.4821073862420927,0.6581303670201387,-0.21073862420927175
5.499,-0.5684075420957736,1.670506982856095,-0.14350762460654584
5.519,-0.5295358005072884,1.280322708798093,-0.2899489655593925
5.539,-0.5116890260672922,0.8204626715154478,0.005378479968218073
5.559,-2.072670598661492,5.112734162515662,-3.6539437093176055
5.579,-0.18726889343886563,-2.3841334840937565,0.08850044311340648
5.599,0.48919720074565287,0.18726889343886563,-0.09705711579011704
5.619,-0.009534578125477493,1.4693029367723007,-0.7380741374568346
5.639,-0.11197017388381261,0.8224184824129817,-0.7026250649390337
5.659,-0.09485682853039147,0.7823243590135378,-0.672309996027259
5.679,-0.18580203526571523,0.8554227913088653,-0.7446749992360113
5.699,-0.1902026097851664,0.6329493017143905,-0.6798887632552028
5.719,-0.19631451883995965,0.6818445741527366,-0.6085016654952174
5.739,-0.20682700241420407,0.7478531919445038,-0.6124132872902851
5.759,-0.15377563181859855,0.8123949515631207,-0.5791645020322097
5.779,-0.12492742107997433,0.8158176206338049,-0.5539834367264616
5.799,-0.11881551202518106,0.8356202059713351,-0.5363811386486569
5.819,-0.1063472175534028,0.8539559331357149,-0.5151116951379764
5.839,-0.09241206490847416,0.8515111695137976,-0.5102221678941418
5.85,-0.07774348317697033,0.8762032820951624,-0.49188644072976195
5.87,-0.06185251963450784,0.9375668490052868,-0.5075329279100327
5.89,-0.03789383613971824,0.9933074595850013,-0.5292913241450967
5.91,-0.010756959936436146,0.8842710020474895,-0.5383369495461907
5.93,-0.005622956330409804,0.8114170461143538,-0.5407817131681081
5.95,-0.017602298077804602,0.7933257953121657,-0.5278244659719463
5.97,-0.03544907251780093,0.7894141735170981,-0.5178009351220854
5.99,-0.05769642147724842,0.8150841915472298,-0.5231794150903034
6.01,-0.07554319591724475,0.8204626715154478,-0.5341808513889313
6.03,-0.07578767227943647,0.7842801699110717,-0.5613177275922134
6.05,-0.06674204687834245,0.7855025517220303,-0.5911438437796045
6.07,-0.05647403966628976,0.7872138862573724,-0.5921217492283715
6.09,-0.0440057451945115,0.78403569354888,-0.5735415457017999
6.11,-0.0327598325336919,0.8089722824924365,-0.5781865965834428
6.13,-0.022491825321639215,0.8143507624606545,-0.5750084038749503
6.15,-0.01980258533753018,0.795770558934083,-0.5622956330409803
6.17,-0.017846774439996334,0.8062830425083275,-0.5627845857653638
6.19,-0.024447636219173056,0.8243742933105155,-0.5652293493872811
6.21,-0.031048497998349783,0.8119059988387373,-0.5578950585215292
6.23,-0.032270879809308435,0.8075054243192861,-0.557161629434954
6.25,-0.03740488341533478,0.8163065733581885,-0.5610732512300217
6.27,-0.03936069431286862,0.8148397151850381,-0.5530055312776946
6.29,-0.0415609815725942,0.8077499006814779,-0.5500718149313938
6.31,-0.04253888702136112,0.8126394279253124,-0.5556947712618037
6.33,-0.03642697796656786,0.8045717079729854,-0.550805244017969
6.34,-0.03936069431286862,0.8106836170277786,-0.5561837239861871
6.36,-0.041072028848210734,0.8170400024447636,-0.5588729639702961
6.38,-0.040094123399443814,0.8087278061302448,-0.5564282003483788
6.4,-0.04058307612382728,0.8155731442716132,-0.5561837239861871
6.42,-0.03960517067506036,0.8165510497203802,-0.5578950585215292
6.44,-0.036182501604376124,0.8079943770436696,-0.5578950585215292
6.46,-0.03716040705314305,0.8104391406655869,-0.5581395348837209
6.48,-0.038871741588485165,0.8163065733581885,-0.5591174403324879
6.5,-0.03862726522629343,0.8087278061302448,-0.5581395348837209
6.52,-0.03789383613971824,0.8104391406655869,-0.5596063930568713
6.54,-0.04253888702136112,0.818506860617914,-0.5588729639702961
6.56,-0.042783363383552854,0.8158176206338049,-0.557161629434954
6.58,-0.043761268832319775,0.8148397151850381,-0.5583840112459126
6.6,-0.045717079729853616,0.8221740060507899,-0.5561837239861871
6.62,-0.04449469791889497,0.8128839042875042,-0.5583840112459126
6.64,-0.04204993429697766,0.8048161843351771,-0.563518014851939
6.66,-0.04522812700547016,0.812150475200929,-0.5703633529933074
6.68,-0.048406319713962656,0.8050606606973688,-0.5774531674968676
6.7,-0.04913974880053785,0.7952816062096996,-0.5745194511505669
6.72,-0.048650796076154385,0.8067719952327109,-0.5772086911346759
6.74,-0.05182898878464688,0.8099501879412034,-0.5779421202212511
6.76,-0.05207346514683862,0.803104849799835,-0.5813647892919354
6.78,-0.04816184335177093,0.7962595116584665,-0.5764752620481007
6.8,-0.04816184335177093,0.7952816062096996,-0.5718302111664578
6.82,-0.051340036060263425,0.8141062860984628,-0.5708523057176909
6.84,-0.05647403966628976,0.812150475200929,-0.5659627784738563
6.86,-0.05696299239067323,0.8116615224765455,-0.5647403966628977
6.88,-0.052562417871222074,0.8109280933899703,-0.568896494820157
6.9,-0.04938422516272958,0.8128839042875042,-0.5696299239067323
6.92,-0.04522812700547016,0.8045717079729854,-0.5750084038749503
6.94,-0.04816184335177093,0.7999266570913425,-0.5750084038749503
6.96,-0.053540323319988994,0.8033493261620267,-0.5786755493078263
6.98,-0.05671851602848149,0.7999266570913425,-0.5779421202212511
7.0,-0.05794089783944015,0.8004156098157259,-0.5740304984261834
7.02,-0.05305137059560554,0.8087278061302448,-0.5747639275127586
7.04,-0.053540323319988994,0.8126394279253124,-0.5730525929774165
7.06,-0.05476270513094765,0.8060385661461358,-0.5706078293554991
7.08,-0.05402927604437246,0.8048161843351771,-0.578920025670018
7.1,-0.05378479968218073,0.8018824679888763,-0.5791645020322097
7.12,-0.05696299239067323,0.7977263698316169,-0.5818537420163188
7.14,-0.06160804327231611,0.7923478898633988,-0.588943556519879
7.16,-0.06307490144546649,0.7903920789658649,-0.5918772728661797
7.18,-0.06380833053204168,0.7913699844146319,-0.5965223237478227
7.2,-0.05867432692601534,0.7899031262414815,-0.5957888946612474
7.22,-0.05500718149313938,0.7872138862573724,-0.5962778473856309
7.24,-0.05769642147724842,0.7889252207927145,-0.5982336582831648
7.26,-0.06185251963450784,0.7837912171866882,-0.6038566146135745
7.28,-0.06674204687834245,0.776701402683128,-0.609724047306176
7.3,-0.06820890505149284,0.7735232099746355,-0.6121688109280934
7.32,-0.06454175961861687,0.7686336827308009,-0.6158359563609693
7.34,-0.06307490144546649,0.7710784463527183,-0.6133911927390521
7.36,-0.062096995996699565,0.7769458790453198,-0.6138801454634355
7.38,-0.06331937780765821,0.7727897808880604,-0.6151025272743942
7.4,-0.06307490144546649,0.7691226354551844,-0.6185251963450784
7.42,-0.06429728325642514,0.7681447300064175,-0.6248815817620633
7.44,-0.0647862359808086,0.7600770100540903,-0.6292821562815145
7.46,-0.06356385416984996,0.7581211991565565,-0.6275708217461724
7.48,-0.06649757051615071,0.7639886318491581,-0.6285487271949394
7.5,-0.07040919231121841,0.7610549155028573,-0.6285487271949394
7.52,-0.07016471594902668,0.7644775845735415,-0.6253705344864469
7.54,-0.07016471594902668,0.7683892063686092,-0.6251260581242551
7.56,-0.06820890505149284,0.7686336827308009,-0.6231702472267212
7.58,-0.06405280689423341,0.7669223481954588,-0.6253705344864469
7.6,-0.06405280689423341,0.77132292271491,-0.6239036763132965
7.62,-0.06674204687834245,0.772300828163677,-0.6231702472267212
7.64,-0.06771995232710937,0.7671668245576506,-0.6251260581242551
7.66,-0.0623414723588913,0.767655777282034,-0.626103963573022
7.68,-0.06160804327231611,0.7600770100540903,-0.6327048253521987
7.7,-0.06429728325642514,0.7554319591724475,-0.641505974391101
7.72,-0.0679644286893011,0.7502979555664212,-0.6463955016349356
7.74,-0.0686978577758763,0.7451639519603949,-0.6456620725483605
7.76,-0.06845338141368457,0.744919475598203,-0.6493292179812364
7.78,-0.062096995996699565,0.7388075665434098,-0.6522629343275372
7.81,-0.05794089783944015,0.7444305228738196,-0.6517739816031537
7.83,-0.05842985056382361,0.7422302356140941,-0.6551966506738379
7.85,-0.06380833053204168,0.7422302356140941,-0.6517739816031537
7.87,-0.06503071234300034,0.7446749992360113,-0.652507410689729
7.89,-0.06527518870519207,0.7427191883384775,-0.6517739816031537
7.91,-0.06356385416984996,0.7432081410628609,-0.6493292179812364
7.93,-0.06698652324053418,0.7451639519603949,-0.6512850288787703
7.95,-0.06845338141368457,0.740518901078752,-0.6522629343275372
7.97,-0.06820890505149284,0.7434526174250528,-0.6490847416190447
7.99,-0.07089814503560186,0.7483421446688873,-0.6500626470678116
8.01,-0.06747547596491764,0.746875286495737,-0.6505515997921951
8.03,-0.06454175961861687,0.7417412828897106,-0.6544632215872628
8.05,-0.06625309415395898,0.7422302356140941,-0.651529505240962
8.07,-0.06429728325642514,0.7429636647006692,-0.651529505240962
8.09,-0.06576414142957553,0.7441860465116279,-0.651529505240962
8.11,-0.07163157412217706,0.7463863337713534,-0.6512850288787703
8.13,-0.06943128686245148,0.7488310973932708,-0.6490847416190447
8.15,-0.06918681050025975,0.7502979555664212,-0.651529505240962
8.17,-0.06820890505149284,0.7427191883384775,-0.6534853161384958
8.19,-0.0679644286893011,0.7390520429056016,-0.6537297925006875
8.21,-0.06943128686245148,0.7414968065275188,-0.6547076979494545
8.23,-0.06967576322464322,0.740518901078752,-0.6537297925006875
8.25,-0.06894233413806802,0.7434526174250528,-0.6505515997921951
8.27,-0.06967576322464322,0.7483421446688873,-0.651529505240962
8.286,-0.07114262139779359,0.7490755737554625,-0.6481068361702778
8.306,-0.06992023958683495,0.746875286495737,-0.6493292179812364
8.326,-0.07089814503560186,0.7454084283225866,-0.6503071234300033
8.346,-0.06967576322464322,0.7446749992360113,-0.6537297925006875
8.366,-0.06649757051615071,0.7388075665434098,-0.6547076979494545
8.386,-0.06723099960272591,0.7388075665434098,-0.6571524615713717
8.406,-0.06625309415395898,0.7402744247165602,-0.6561745561226049
8.426,-0.06747547596491764,0.7427191883384775,-0.6493292179812364
8.446,-0.06943128686245148,0.7446749992360113,-0.6512850288787703
8.466,-0.07040919231121841,0.7493200501176542,-0.6485957888946612
8.486,-0.07114262139779359,0.7456529046847783,-0.648840265256853
8.506,-0.0679644286893011,0.7436970937872445,-0.652507410689729
8.526,-0.06600861779176725,0.7424747119762858,-0.6559300797604132
8.546,-0.06943128686245148,0.7380741374568346,-0.6556856033982215
8.566,-0.07114262139779359,0.7410078538031354,-0.6527518870519207
8.586,-0.07065366867341014,0.74589738104697,-0.6495736943434282
8.606,-0.07089814503560186,0.7505424319286129,-0.6466399779971274
8.626,-0.0679644286893011,0.7507869082908046,-0.6471289307215109
8.646,-0.06845338141368457,0.7485866210310791,-0.6505515997921951
8.666,-0.06894233413806802,0.7414968065275188,-0.6510405525165786
8.686,-0.07260947957094398,0.7419857592519024,-0.652507410689729
8.706,-0.07554319591724475,0.7434526174250528,-0.6522629343275372
8.726,-0.07578767227943647,0.7439415701494362,-0.6517739816031537
8.746,-0.07040919231121841,0.7473642392201204,-0.6505515997921951
8.766,-0.06967576322464322,0.7427191883384775,-0.6495736943434282
8.78,-0.07212052684656052,0.7463863337713534,-0.6505515997921951
8.8,-0.07138709775998534,0.7483421446688873,-0.6517739816031537
8.82,-0.07212052684656052,0.7451639519603949,-0.651529505240962
8.84,-0.07089814503560186,0.7454084283225866,-0.6537297925006875
8.86,-0.06943128686245148,0.7422302356140941,-0.6554411270360296
8.88,-0.06771995232710937,0.7388075665434098,-0.6551966506738379
8.9,-0.0679644286893011,0.7378296610946429,-0.6608196070042478
8.92,-0.07114262139779359,0.7253613666228647,-0.674265806924793
8.94,-0.07187605048436879,0.7048253521987593,-0.7021361122146502
8.96,-0.0686978577758763,0.6965131558842405,-0.7185160284814962
8.98,-0.0327598325336919,0.6918681050025975,-0.714115453962045
9.0,-0.060141185099165724,0.7104483085291691,-0.7446749992360113
9.02,-0.08434434495614705,0.6918681050025975,-0.8111725697521621
9.04,-0.12517189744216606,0.7886807444305228,-0.8368425877822938
9.06,-0.09852397396326742,1.0664058918803287,-0.7471197628579287
9.08,-0.0686978577758763,1.1580845277022278,-0.601656327353849
9.1,-0.02542554166793998,1.4289643370106653,-0.44568040827552485
9.12,0.06527518870519207,1.6670843137854108,-0.5089997860831831
9.14,0.007823243590135379,1.4803043730709287,-0.7045808758365676
9.16,0.03813831250190997,1.1363261314671638,-0.7187605048436879
9.18,0.13152828285915105,0.9820615469241818,-0.531736087767014
9.2,0.20609357332762887,1.101610488035938,-0.48797481893469424
9.22,0.16966659536106102,1.0901200990129267,-0.5229349387281117
9.24,0.15793172997585794,0.9952632704825352,-0.5691409711823487
9.26,0.21220548238242215,0.8845154784096813,-0.48724138984811904
9.28,0.292149252819118,0.776701402683128,-0.36818140146074624
9.3,0.3180637472114415,0.760321486416282,-0.3173303181248663
9.32,0.3102405036213061,0.735873850197109,-0.3664700669254041
9.34,0.3491122452097913,0.5965223237478227,-0.34300033615499803
9.36,0.383827888641017,0.5214680805549613,-0.2623231366317269
9.38,0.41658772117470894,0.40020780490786295,-0.2870152492130917
9.4,0.4275891574733368,0.31610793631390766,-0.28285915105583226
9.42,0.4645050881642881,0.2471656021758396,-0.26745714023775324
9.44,0.5160896005867432,0.182379366195031,-0.2725911438437796
9.46,0.5385814259083824,0.2461876967270727,-0.2725911438437796
9.48,0.5899214619686459,0.18457965345475658,-0.27308009656816307
9.5,0.6173028145341197,0.09876845032545915,-0.28481496195336614
9.52,0.6520184579653454,0.10463588301806069,-0.289460012835009
9.54,0.6847782904990374,0.03153745072273324,-0.3217308926443174
9.56,0.7319622284020414,-0.041072028848210734,-0.3373773798245882
9.58,0.754943006448064,-0.02933716346300767,-0.3351770925648626
9.6,0.7818354062891544,-0.043761268832319775,-0.3229532744552761
9.62,0.8035938025242184,-0.11490389023011337,-0.3187971762980167
9.64,0.7925923662255906,-0.14008495553586162,-0.34300033615499803
9.66,0.7727897808880604,-0.10194664303395165,-0.3500901506585582
9.68,0.7847691226354552,-0.08581120312929744,-0.35986920514622744
9.7,0.7830577881001131,-0.06307490144546649,-0.3454450997769153
9.72,0.7847691226354552,-0.02151391987287229,-0.3209974635577423
9.74,0.7737676863368272,0.0031781927084924976,-0.3388442379977386
9.76,0.7625217736760077,0.002444763621917306,-0.3796717904837576
9.78,0.7561653882590227,-0.030804021636158054,-0.3906732267823855
9.8,0.7515203373773798,-0.07040919231121841,-0.3522904379182838
9.82,0.7356293738349173,-0.12370503926901567,-0.2669681875133698
9.84,0.708736973993827,-0.18262384255722275,-0.1527977263698316
9.86,0.6275708217461724,-0.19411423158023408,-0.04425022155670324
9.88,0.5288023714207133,-0.19338080249365888,0.033248785258075356
9.9,0.42978944473306235,-0.1608654463221587,0.055985086941906306
9.92,0.29679430370076093,-0.0623414723588913,0.051340036060263425
9.94,0.19998166427283562,0.06992023958683495,0.0743208141062861
9.96,0.12321608654463222,0.2542554166793998,0.032270879809308435
9.98,0.02518106530574825,0.25156617669529074,-0.04131650521040247
10.0,-0.035938025242184396,0.17651193350242947,-0.014913058093695565
10.02,-0.13323961739449316,0.0975460685145005,0.027136876203282093
10.04,-0.3940958958530697,0.12932799559942548,-0.07896586498792897
10.06,-0.7938147480365492,0.5278244659719463,-0.09632368670354186
10.08,-1.09623200806772,1.923784494086728,0.09656816306573358
10.1,-0.18995813342297466,6.286709653760352,-2.54279864315619
10.12,-2.434740091067445,-2.2428261467469364,1.238517250863307
10.14,1.3695565809980748,-1.0546710264951258,0.1373957155517526
10.16,-0.23298597316871925,2.288298750114598,-1.360266479234789
10.18,0.0070898145035601864,0.6427283562020597,-0.600678421905082
10.2,-0.14693029367723007,0.9392781835406289,-0.6943128686245148
10.22,-0.13715123918956085,0.6737768542004094,-0.4060752376004645
10.24,-0.21220548238242215,0.9192311218409069,-0.503621306114965
10.26,-0.22907435137365156,0.8444213550102374,-0.46254927726675427
10.29,-0.2686795220487119,0.8825596675121474,-0.3068178345506219
10.31,-0.22565168230296734,0.9412339944381627,-0.2134278641933808
10.33,-0.17040002444763622,0.9532133361855576,-0.18457965345475658
10.35,-0.1303059010481924,0.9962411759313021,-0.21244995874461386
10.37,-0.0887449194755982,1.0231335757723925,-0.24520979127830578
10.39,-0.03202640344711671,1.0429361611099226,-0.25865599119885097
10.41,0.008801149038902301,1.0908535280995018,-0.2725911438437796
10.43,0.026158970754515173,1.0087094704030803,-0.29606087461418573
10.45,0.05891880328820707,0.855667267671057,-0.3190416526602084
10.47,0.05476270513094765,0.8730250893866699,-0.37527121596430646
10.49,-0.0026892399841090364,0.887449194755982,-0.41512086300155854
10.51,-0.0327598325336919,0.8942945328973505,-0.409253430308957
10.53,-0.0679644286893011,0.8957613910705009,-0.3916511322311524
10.55,-0.08678910857806435,0.8984506310546099,-0.3972740885615622
10.57,-0.09461235216819973,0.8801149038902301,-0.3940958958530697
10.59,-0.10341350120710203,0.8994285365033768,-0.3911621795067689
10.61,-0.11001436298627876,0.9087186382666625,-0.38578369953855085
10.63,-0.09070073037313205,0.8913608165510497,-0.37380435779115606
10.65,-0.07603214864162822,0.9084741619044708,-0.3659811142010207
10.67,-0.06698652324053418,0.9280322708798093,-0.37209302325581395
10.69,-0.056229563304098035,0.9143415945970724,-0.3657366378388289
10.71,-0.05280689423341381,0.9131192127861137,-0.36255844513033647
10.73,-0.05891880328820707,0.9292546526907679,-0.36891483054732144
10.74,-0.05794089783944015,0.9111634018885799,-0.3654921614766372
10.76,-0.06258594872108303,0.9099410200776212,-0.3650032087522538
10.78,-0.0686978577758763,0.9148305473214559,-0.37307092870458086
10.8,-0.06943128686245148,0.8986951074168016,-0.3755156923264982
10.82,-0.07040919231121841,0.9111634018885799,-0.3796717904837576
10.84,-0.057451945115056684,0.921920361825016,-0.37209302325581395
10.86,-0.06380833053204168,0.9094520673532378,-0.3686703541851297
10.88,-0.060874614185740916,0.9192311218409069,-0.37233749961800566
10.9,-0.06600861779176725,0.9204535036518656,-0.37135959416923875
10.92,-0.06723099960272591,0.9026067292118694,-0.37160407053143046
10.94,-0.06845338141368457,0.90554044555817,-0.37160407053143046
10.96,-0.06405280689423341,0.9106744491641964,-0.3767380741374568
10.98,-0.06454175961861687,0.910185496439813,-0.37307092870458086
11.0,-0.06258594872108303,0.9099410200776212,-0.3764935977752651
11.02,-0.06820890505149284,0.921920361825016,-0.37429331051553955
11.04,-0.07138709775998534,0.9138526418726889,-0.3679369250985545
11.06,-0.06625309415395898,0.9062738746447453,-0.3657366378388289
11.08,-0.06600861779176725,0.9182532163921401,-0.3686703541851297
11.1,-0.06576414142957553,0.9167863582189897,-0.3701372123582801
11.12,-0.06674204687834245,0.9131192127861137,-0.3657366378388289
11.14,-0.06649757051615071,0.9192311218409069,-0.3676924487363628
11.16,-0.06992023958683495,0.9131192127861137,-0.3701372123582801
11.18,-0.0679644286893011,0.9018733001252941,-0.368425877822938
11.19,-0.06771995232710937,0.9150750236836476,-0.36989273599608835
11.21,-0.06943128686245148,0.9121413073373468,-0.3652476851144455
11.23,-0.07114262139779359,0.9143415945970724,-0.3659811142010207
11.25,-0.07480976683066956,0.9202090272896739,-0.362069492405953
11.27,-0.07603214864162822,0.9224093145493995,-0.35766891788650185
11.29,-0.0774990068147786,0.915563976408031,-0.35766891788650185
11.31,-0.07554319591724475,0.9206979800140573,-0.35742444152431013
11.33,-0.07187605048436879,0.9214314091006326,-0.35913577605965225
11.35,-0.06992023958683495,0.915563976408031,-0.35742444152431013
11.37,-0.07212052684656052,0.925587507257892,-0.35302386700485894
11.39,-0.07309843229532745,0.9248540781713168,-0.3510680561073251
11.41,-0.07040919231121841,0.922898267273783,-0.3535128197292424
11.43,-0.06820890505149284,0.922898267273783,-0.34813433976102437
11.45,-0.07260947957094398,0.9304770345017266,-0.3488677688475995
11.47,-0.07407633774409436,0.921920361825016,-0.3483788161232161
11.49,-0.07065366867341014,0.9182532163921401,-0.3505791033829417
11.51,-0.0686978577758763,0.9238761727225498,-0.35644653607554316
11.53,-0.06771995232710937,0.9182532163921401,-0.35766891788650185
11.55,-0.06723099960272591,0.9150750236836476,-0.35620205971335145
11.57,-0.0735873850197109,0.9246096018091251,-0.35473520154020105
11.59,-0.07603214864162822,0.9184976927543318,-0.3515570088317086
11.61,-0.07309843229532745,0.9189866454787152,-0.3469119579500657
11.63,-0.06943128686245148,0.9302325581395349,-0.3496011979341747
11.65,-0.07040919231121841,0.9243651254469333,-0.3513125324695168
11.67,-0.0686978577758763,0.9214314091006326,-0.3498456742963665
11.69,-0.07089814503560186,0.9258319836200837,-0.3503346270207499
11.71,-0.07285395593313572,0.9192311218409069,-0.35522415426458454
11.73,-0.06967576322464322,0.9123857836995385,-0.35717996516211836
11.75,-0.06771995232710937,0.9167863582189897,-0.35938025242184396
11.77,-0.06918681050025975,0.9226537909115912,-0.35644653607554316
11.79,-0.07040919231121841,0.9192311218409069,-0.3542462488158176
11.81,-0.07040919231121841,0.921920361825016,-0.35522415426458454
11.83,-0.06943128686245148,0.9211869327384409,-0.35840234697307705
11.85,-0.07040919231121841,0.9148305473214559,-0.3640253033034868
11.87,-0.07040919231121841,0.9133636891483055,-0.36084711059499436
11.89,-0.06992023958683495,0.9138526418726889,-0.3610915869571861
11.91,-0.07163157412217706,0.9131192127861137,-0.362069492405953
11.93,-0.06845338141368457,0.916541881856798,-0.3613360633193778
11.95,-0.06771995232710937,0.9180087400299484,-0.36329187421691167
11.97,-0.06674204687834245,0.9143415945970724,-0.3657366378388289
11.99,-0.06405280689423341,0.9143415945970724,-0.3628029214925282
12.01,-0.06771995232710937,0.9138526418726889,-0.3667145432875959
12.03,-0.07040919231121841,0.9145860709592641,-0.3679369250985545
12.05,-0.07016471594902668,0.9109189255263882,-0.3628029214925282
12.07,-0.07236500320875225,0.9204535036518656,-0.3610915869571861
12.09,-0.07187605048436879,0.9194755982030988,-0.36011368150841916
12.11,-0.07040919231121841,0.9136081655104972,-0.3596247287840357
12.13,-0.06771995232710937,0.9204535036518656,-0.3672034960119793
12.15,-0.06771995232710937,0.9140971182348806,-0.37038168872047184
12.17,-0.06918681050025975,0.9099410200776212,-0.3701372123582801
12.19,-0.06943128686245148,0.9145860709592641,-0.368425877822938
12.21,-0.06943128686245148,0.9192311218409069,-0.3708706414448553
12.23,-0.07040919231121841,0.915563976408031,-0.3694037832717049
12.25,-0.06649757051615071,0.9145860709592641,-0.35986920514622744
12.27,-0.06992023958683495,0.9158084527702227,-0.35669101243773493
12.29,-0.07065366867341014,0.9158084527702227,-0.36964825963389664
12.31,-0.06429728325642514,0.9062738746447453,-0.3659811142010207
12.33,-0.06747547596491764,0.9211869327384409,-0.362069492405953
12.35,-0.06820890505149284,0.9167863582189897,-0.3603581578706109
12.37,-0.06723099960272591,0.9131192127861137,-0.3664700669254041
12.39,-0.06894233413806802,0.9175197873055648,-0.3664700669254041
12.41,-0.07016471594902668,0.9136081655104972,-0.3686703541851297
12.43,-0.06943128686245148,0.9111634018885799,-0.36891483054732144
12.45,-0.0686978577758763,0.9153195000458393,-0.3657366378388289
12.47,-0.06943128686245148,0.9182532163921401,-0.3642697796656786
12.49,-0.06747547596491764,0.9131192127861137,-0.3659811142010207
12.51,-0.06894233413806802,0.9182532163921401,-0.3664700669254041
12.54,-0.07065366867341014,0.9170308345811814,-0.3650032087522538
12.56,-0.06771995232710937,0.9160529291324145,-0.3694037832717049
12.58,-0.06820890505149284,0.9138526418726889,-0.3628029214925282
12.6,-0.06894233413806802,0.912874736423922,-0.3645142560278703
12.62,-0.07138709775998534,0.9153195000458393,-0.37135959416923875
12.64,-0.0686978577758763,0.910185496439813,-0.3662255905632124
12.66,-0.06723099960272591,0.9150750236836476,-0.3642697796656786
12.68,-0.07016471594902668,0.916541881856798,-0.36818140146074624
12.7,-0.07163157412217706,0.9175197873055648,-0.3679369250985545
12.72,-0.07065366867341014,0.9133636891483055,-0.3659811142010207
12.74,-0.07040919231121841,0.9109189255263882,-0.3694037832717049
12.76,-0.07016471594902668,0.9116523546129633,-0.37184854689362223
12.78,-0.06820890505149284,0.9158084527702227,-0.3669590196497876
12.8,-0.06967576322464322,0.9153195000458393,-0.3659811142010207
12.82,-0.06992023958683495,0.9189866454787152,-0.36989273599608835
12.84,-0.06698652324053418,0.9148305473214559,-0.3708706414448553
12.86,-0.06723099960272591,0.9143415945970724,-0.37429331051553955
12.88,-0.06576414142957553,0.9167863582189897,-0.3708706414448553
12.9,-0.06429728325642514,0.9116523546129633,-0.36989273599608835
12.92,-0.06771995232710937,0.9189866454787152,-0.35840234697307705
12.94,-0.07309843229532745,0.915563976408031,-0.3672034960119793
12.96,-0.07138709775998534,0.915563976408031,-0.36891483054732144
12.98,-0.06380833053204168,0.9343886562967942,-0.3784494086727989
13.0,-0.049628701524921305,0.9952632704825352,-0.3791828377593741
13.02,-0.09387892308162454,1.007976041316505,-0.45839317910949484
13.04,-0.11490389023011337,0.7943037007609327,-0.40143018671882164
13.06,-0.06967576322464322,0.8813372857011887,-0.321241939919934
13.08,-0.04229441065916939,0.9180087400299484,-0.26721266387556153
13.1,-0.055985086941906306,0.9133636891483055,-0.349356721571983
13.12,-0.06136356691012437,0.8962503437948843,-0.47501757173853254
13.14,-0.06038566146135745,0.8630015585368089,-0.4975093970601717
13.16,-0.060141185099165724,0.8505332640650307,-0.4686611863215475
13.18,-0.07627662500381995,0.855667267671057,-0.4657274699752468
13.2,-0.08116615224765455,0.8297527732787336,-0.47917366989579196
13.22,-0.0975460685145005,0.8089722824924365,-0.5085108333587997
13.24,-0.09950187941203435,0.8170400024447636,-0.543470953152217
13.26,-0.09363444671943282,0.8050606606973688,-0.5539834367264616
13.28,-0.09681263942792531,0.8114170461143538,-0.5713412584420744
13.3,-0.08752253766463955,0.8109280933899703,-0.5791645020322097
13.32,-0.0799437704366959,0.8004156098157259,-0.5864987928979617
13.34,-0.07798795953916206,0.8048161843351771,-0.5904104146930294
13.36,-0.08043272316107936,0.802126944351068,-0.588943556519879
13.38,-0.07578767227943647,0.7969929407450417,-0.5928551783149466
13.4,-0.0863001558536809,0.7857470280842221,-0.5955444182990557
13.42,-0.08409986859395532,0.8072609479570944,-0.5926107019527549
13.44,-0.09167863582189897,0.8067719952327109,-0.5803868838431684
13.46,-0.09656816306573358,0.7962595116584665,-0.5896769856064542
13.48,-0.09730159215230877,0.7786572135806619,-0.5979891819209731
13.5,-0.08581120312929744,0.7801240717538123,-0.6104574763927513
13.52,-0.08238853405861321,0.7679002536442258,-0.6297711090058979
13.54,-0.08678910857806435,0.749564526479846,-0.6505515997921951
13.56,-0.09632368670354186,0.7309843229532744,-0.6573969379335636
13.58,-0.09412339944381627,0.729517464780124,-0.6798887632552028
13.6,-0.07114262139779359,0.7502979555664212,-0.6855117195856125
13.62,-0.07701005409039513,0.7850135989976469,-0.6908901995538306
13.64,-0.13568438101641048,0.8676466094184518,-0.8089722824924365
13.66,-0.21073862420927175,0.9338997035724108,-1.0488035938025242
13.68,-0.23567521315282827,1.0348684411575955,-1.20502398924304
13.7,-0.3075512636371971,1.1700638694496226,-1.1761757785044158
13.72,-0.3334657580295205,1.4468111114506617,-0.9879289796167833
13.74,-0.2542554166793998,1.3240839776304127,-0.9407450417137793
13.76,-0.16991107172325276,0.8214405769642148,-1.119946215200318
13.78,-0.04302783974574458,0.45839317910949484,-1.1375485132781225
13.8,0.035204596155609204,0.3505791033829417,-1.000886226812945
13.82,0.0767655777282034,0.355713106988968,-0.8735140421110533
13.84,0.15768725361366623,0.2892155364728173,-0.7102038321669774
13.86,0.2271185404761177,0.302172783668979,-0.5097332151697582
13.88,0.30070592549582864,0.25694465666350885,-0.35644653607554316
13.9,0.3388442379977386,0.12737218470189163,-0.2887265837484338
13.92,0.32735384897472725,0.0070898145035601864,-0.289460012835009
13.94,0.31146288543226475,-0.0044005745194511505,-0.2787030528985729
13.96,0.3363994743758213,-0.010268007212052684,-0.2246737768542004
13.98,0.3515570088317086,-0.03691593069095132,-0.15842068270024143
14.0,0.3055954527396632,0.005134003606026342,-0.17651193350242947
14.02,0.26599028206460285,0.01980258533753018,-0.2645234238914525
14.04,0.22027320233474926,0.029092687100815938,-0.3628029214925282
14.06,0.23640864223940347,-0.011734865385203068,-0.34568957613910706
14.08,0.24667664945145615,-0.03300430889588363,-0.2647679002536442
14.1,0.19215842068270023,0.01686886899122941,-0.2899489655593925
14.12,0.13226171194572625,0.0383827888641017,-0.29972802004706167
14.14,0.06356385416984996,0.08043272316107936,-0.2645234238914525
14.16,-0.02591449439232344,0.08996730128655686,-0.2821257219692571
14.18,-0.1527977263698316,0.12786113742627508,-0.37038168872047184
14.2,-0.28383705650459923,0.2334749258931027,-0.35669101243773493
14.22,-1.6971549063349938,2.540109403172081,-4.861167985820371
14.24,-0.3708706414448553,0.07260947957094398,1.3172386394890443
14.26,0.6838003850502704,-0.30095040185802036,-0.14815267548818872
14.28,-0.08556672676710571,0.07603214864162822,-0.34666748158787397
14.3,-0.38822846316046816,-0.017602298077804602,-0.9429453289735048
14.32,-0.4635271827155212,0.08752253766463955,-2.126210921981481
14.34,-0.28237019833144883,0.6094795709439843,-1.9885707300675366
14.36,-0.094367875806008,0.1750450753292791,-1.2588087889252209
14.38,-0.11197017388381261,0.29630535097637745,-1.12165754973566
14.4,-0.17015554808544447,0.5134003606026343,-1.0219111939614338
14.42,-0.09167863582189897,0.5503162912935855,-1.0446474956452647
14.44,0.06454175961861687,0.23738654768817039,-1.1299697460501787
14.46,0.14497448277969624,0.1166152247654555,-1.0485591174403324
14.48,0.20511566787886196,0.13152828285915105,-0.8414876386639366
14.5,0.2637899948048773,0.1486416282125722,-0.5578950585215292
14.52,0.2862818201265165,0.17528955169147084,-0.3921400849555359
14.54,0.2887265837484338,0.09265654127066589,-0.25792256211227577
14.56,0.29557192188980225,-0.011490389023011338,-0.11294807933257953
14.58,0.22418482412981694,-0.016135439904654218,-0.06307490144546649
14.6,0.13617333374079393,-0.01637991626684595,-0.05574061057971457
14.62,0.03251535617150017,0.03178192708492498,-0.07114262139779359
14.64,-0.12981694832380894,0.11954894111175625,-0.2342083549796779
14.66,-0.28188124560706534,0.25058827124652383,-0.47623995354949117
14.68,-0.14326314824435413,0.3371329034623965,-0.22760749320050117
14.7,-0.15793172997585794,0.1383736210005195,-0.304862023653088
14.72,-1.4438773951043609,3.8016074320814104,-4.852122360419277
14.75,-0.40094123399443815,-1.5996088378204931,1.7536289460012835
14.77,0.7336735629373835,-0.24349845674296366,-0.09656816306573358
14.79,-0.4214772484185435,0.5109555969807169,-0.9769275433181555
14.81,-0.5674296366470066,0.23054120954680193,-2.2890321792011736
14.83,-0.11417046114353818,-0.8869602420315985,-0.6283042508327475
14.85,-0.1207713229227149,-0.06649757051615071,-0.9532133361855576
14.87,-0.2214955841457079,0.28383705650459923,-1.1045442043822387
14.89,-0.15842068270024143,0.4828408153286679,-0.928276747242001
14.91,-0.09583473397915838,0.5200012223818109,-0.8385539223176359
14.93,-0.09925740304984261,0.553494484002078,-0.8649573694343428
14.95,-0.11490389023011337,0.547138098585093,-0.865690798520918
14.97,-0.10805855208874492,0.5410261895302998,-0.8495553586162637
14.99,-0.12101579928490663,0.5275799896097546,-0.8532225040491397
15.01,-0.13935152644928644,0.49726492069798,-0.8813372857011887
15.03,-0.12786113742627508,0.46083794273141215,-0.8713137548513278
15.05,-0.11490389023011337,0.4960425388870214,-0.8681355621428353
15.07,-0.12786113742627508,0.5170675060355102,-0.8634905112611924
15.09,-0.11759313021422241,0.49359777526510407,-0.858356507655166
15.11,-0.12052684656052318,0.48797481893469424,-0.8515111695137976
15.13,-0.11685970112764722,0.507288451547841,-0.8598233658283164
15.15,-0.11172569752162087,0.519023316933044,-0.8532225040491397
15.17,-0.09583473397915838,0.5266020841609876,-0.8346423005225682
15.185,-0.10928093389970357,0.543470953152217,-0.833908871435993
15.205,-0.1183265593007976,0.5368700913730403,-0.8427100204748953
15.225,-0.11417046114353818,0.521712556917153,-0.8417321150261284
15.245,-0.11637074840326375,0.5158451242245515,-0.8444213550102374
15.265,-0.11759313021422241,0.5300247532316719,-0.8544448858600984
15.285,-0.11148122115942914,0.5292913241450967,-0.843932402285854
15.305,-0.11343703205696298,0.5258686550744125,-0.8397763041285945
15.325,-0.11808208293860586,0.5302692295938636,-0.8461326895455795
15.345,-0.11343703205696298,0.5314916114048223,-0.8395318277664028
15.365,-0.11759313021422241,0.5334474223023561,-0.8346423005225682
15.385,-0.11905998838737279,0.5358921859242735,-0.8378204932310607
15.405,-0.11050331571066223,0.5356477095620817,-0.8390428750420194
15.425,-0.10536931210463588,0.5248907496256455,-0.8419765913883202
15.445,-0.11294807933257953,0.5234238914524951,-0.8453992604590044
15.465,-0.11514836659230511,0.5378479968218073,-0.842954496837087
15.485,-0.11710417748983895,0.5270910368853712,-0.8390428750420194
15.505,-0.11441493750572991,0.5239128441768787,-0.8400207804907863
15.525,-0.11294807933257953,0.5349142804755065,-0.8446658313724291
15.545,-0.11025883934847049,0.5234238914524951,-0.8444213550102374
15.565,-0.10756959936436146,0.5219570332793448,-0.8414876386639366
15.585,-0.11050331571066223,0.5385814259083824,-0.844910307734621
15.605,-0.11050331571066223,0.519023316933044,-0.8424655441127036
15.615,-0.1183265593007976,0.5288023714207133,-0.8417321150261284
15.635,-0.11245912660819607,0.5310026586804388,-0.8427100204748953
15.655,-0.11319255569477125,0.5295358005072884,-0.8390428750420194
15.675,-0.1127036029703878,0.5329584695779727,-0.8407542095773615
15.695,-0.1095254102618953,0.5398038077193411,-0.837576016868869
15.715,-0.11001436298627876,0.5234238914524951,-0.8407542095773615
15.735,-0.1127036029703878,0.521712556917153,-0.8451547840968127
15.755,-0.11172569752162087,0.5305137059560554,-0.8431989731992787
15.775,-0.11343703205696298,0.5278244659719463,-0.842954496837087
15.795,-0.11294807933257953,0.5312471350426305,-0.8370870641444855
15.815,-0.11417046114353818,0.5420040949790667,-0.8412431623017449
15.835,-0.11441493750572991,0.5314916114048223,-0.8409986859395532
15.855,-0.11025883934847049,0.5256241787122208,-0.8397763041285945
15.875,-0.1127036029703878,0.5368700913730403,-0.8409986859395532
15.895,-0.11490389023011337,0.5263576077987959,-0.8414876386639366
15.915,-0.11172569752162087,0.5246462732634538,-0.8397763041285945
15.935,-0.11025883934847049,0.5383369495461907,-0.8397763041285945
15.955,-0.1127036029703878,0.5358921859242735,-0.8436879259236623
15.975,-0.1127036029703878,0.5222015096415366,-0.840265256852978
15.995,-0.11685970112764722,0.5332029459401644,-0.8380649695932524
16.015,-0.11710417748983895,0.5368700913730403,-0.8409986859395532
16.035,-0.1095254102618953,0.5251352259878372,-0.8405097332151698
16.055,-0.10805855208874492,0.5356477095620817,-0.8436879259236623
16.075,-0.10781407572655319,0.5266020841609876,-0.8441768786480457
16.095,-0.11245912660819607,0.5278244659719463,-0.8409986859395532
16.115,-0.11441493750572991,0.5429820004278336,-0.8392873514042111
16.135,-0.11514836659230511,0.5356477095620817,-0.8363536350579103
16.155,-0.11368150841915473,0.521712556917153,-0.8419765913883202
16.175,-0.11074779207285396,0.5239128441768787,-0.8453992604590044
16.195,-0.10830302845093664,0.5339363750267396,-0.8424655441127036
16.215,-0.11001436298627876,0.5334474223023561,-0.8412431623017449
16.235,-0.11294807933257953,0.529046847782905,-0.8409986859395532
16.255,-0.11343703205696298,0.532713993215781,-0.8417321150261284
16.275,-0.11612627204107202,0.5253797023500291,-0.8383094459554442
16.295,-0.11343703205696298,0.5302692295938636,-0.8400207804907863
16.315,-0.11245912660819607,0.5378479968218073,-0.840265256852978
16.335,-0.11245912660819607,0.531736087767014,-0.8387983986798276
16.355,-0.11123674479723741,0.531736087767014,-0.8405097332151698
16.375,-0.11197017388381261,0.5346698041133148,-0.8407542095773615
16.395,-0.11172569752162087,0.5253797023500291,-0.8424655441127036
16.415,-0.11197017388381261,0.5275799896097546,-0.8400207804907863
16.435,-0.11001436298627876,0.5427375240656419,-0.8387983986798276
16.455,-0.11539284295449684,0.5344253277511231,-0.8383094459554442
16.475,-0.1158817956788803,0.5305137059560554,-0.8368425877822938
16.495,-0.11514836659230511,0.5427375240656419,-0.8370870641444855
16.525,-0.11221465024600434,0.5292913241450967,-0.8412431623017449
16.545,-0.10879198117532012,0.5263576077987959,-0.8453992604590044
16.565,-0.11074779207285396,0.5273355132475629,-0.8417321150261284
16.585,-0.11172569752162087,0.53540323319989,-0.840265256852978
16.605,-0.11343703205696298,0.5412706658924915,-0.8353757296091434
16.625,-0.11490389023011337,0.53540323319989,-0.8356202059713351
16.645,-0.11612627204107202,0.531736087767014,-0.8412431623017449
16.665,-0.11319255569477125,0.5329584695779727,-0.8417321150261284
16.685,-0.1095254102618953,0.5341808513889313,-0.8400207804907863
16.705,-0.11221465024600434,0.5322250404913975,-0.8400207804907863
16.725,-0.1127036029703878,0.5366256150108486,-0.8395318277664028
16.745,-0.11417046114353818,0.5420040949790667,-0.8361091586957186
16.765,-0.11612627204107202,0.5319805641292057,-0.8368425877822938
16.785,-0.11343703205696298,0.5322250404913975,-0.8395318277664028
16.805,-0.11025883934847049,0.5356477095620817,-0.8383094459554442
16.825,-0.1095254102618953,0.5356477095620817,-0.8407542095773615
16.845,-0.11343703205696298,0.5336918986645479,-0.8385539223176359
16.865,-0.11637074840326375,0.5356477095620817,-0.8390428750420194
16.885,-0.11710417748983895,0.538092473183999,-0.8356202059713351
16.905,-0.11514836659230511,0.5368700913730403,-0.8380649695932524
16.925,-0.11392598478134645,0.531736087767014,-0.840265256852978
16.945,-0.11050331571066223,0.5361366622864652,-0.8385539223176359
16.965,-0.11343703205696298,0.538092473183999,-0.8368425877822938
16.985,-0.11783760657641414,0.53540323319989,-0.837576016868869
17.005,-0.11710417748983895,0.5383369495461907,-0.8356202059713351
17.025,-0.11490389023011337,0.538092473183999,-0.837576016868869
17.045,-0.11319255569477125,0.5334474223023561,-0.8397763041285945
17.065,-0.11221465024600434,0.53540323319989,-0.8380649695932524
17.085,-0.1127036029703878,0.5366256150108486,-0.8365981114201021
17.105,-0.1158817956788803,0.5351587568376982,-0.8383094459554442
17.125,-0.11612627204107202,0.5344253277511231,-0.8370870641444855
17.145,-0.11490389023011337,0.5385814259083824,-0.8370870641444855
17.165,-0.11539284295449684,0.5366256150108486,-0.8363536350579103
17.185,-0.11197017388381261,0.5349142804755065,-0.8378204932310607
17.205,-0.11172569752162087,0.5341808513889313,-0.8405097332151698
17.225,-0.11465941386792164,0.531736087767014,-0.8395318277664028
17.245,-0.11490389023011337,0.5363811386486569,-0.8368425877822938
17.265,-0.11441493750572991,0.5412706658924915,-0.8361091586957186
17.285,-0.11441493750572991,0.5356477095620817,-0.8370870641444855
17.305,-0.11514836659230511,0.5373590440974239,-0.837576016868869
17.325,-0.1127036029703878,0.5388259022705743,-0.8363536350579103
17.345,-0.11441493750572991,0.5388259022705743,-0.8373315405066772
17.365,-0.11465941386792164,0.5295358005072884,-0.8405097332151698
17.385,-0.11465941386792164,0.5329584695779727,-0.8414876386639366
17.405,-0.11441493750572991,0.5378479968218073,-0.8373315405066772
17.42,-0.11465941386792164,0.539070378632766,-0.8380649695932524
17.44,-0.11563731931668857,0.5363811386486569,-0.8368425877822938
17.46,-0.11319255569477125,0.538092473183999,-0.8363536350579103
17.48,-0.11465941386792164,0.5405372368059164,-0.8387983986798276
17.5,-0.11637074840326375,0.5341808513889313,-0.8427100204748953
17.52,-0.11685970112764722,0.5322250404913975,-0.8390428750420194
17.54,-0.11319255569477125,0.5376035204596156,-0.8400207804907863
17.56,-0.11221465024600434,0.538092473183999,-0.8356202059713351
17.58,-0.11172569752162087,0.5351587568376982,-0.8363536350579103
17.6,-0.11808208293860586,0.5356477095620817,-0.8422210677505119
17.62,-0.11954894111175625,0.5363811386486569,-0.8373315405066772
17.64,-0.11539284295449684,0.5358921859242735,-0.8373315405066772
17.66,-0.10928093389970357,0.5297802768694801,-0.8409986859395532
17.68,-0.10903645753751184,0.5307581823182471,-0.8424655441127036
17.7,-0.11441493750572991,0.539070378632766,-0.83488677688476
17.72,-0.11783760657641414,0.539070378632766,-0.8368425877822938
17.74,-0.11710417748983895,0.531736087767014,-0.8409986859395532
17.76,-0.11563731931668857,0.5297802768694801,-0.8400207804907863
17.78,-0.11368150841915473,0.5332029459401644,-0.8397763041285945
17.8,-0.11172569752162087,0.53540323319989,-0.8397763041285945
17.82,-0.11319255569477125,0.5344253277511231,-0.8390428750420194
17.84,-0.11637074840326375,0.5366256150108486,-0.8387983986798276
17.87,-0.10512483574244415,0.5229349387281117,-0.8444213550102374
17.89,-0.12003789383613972,0.4962870152492131,-0.8578675549307826
17.91,-0.11074779207285396,0.5050881642881154,-0.8568896494820157
17.93,-0.088011490389023,0.5769642147724842,-0.8573786022063992
17.95,-0.09803502123888397,0.6397946398557589,-0.8639794639855759
17.97,-0.07823243590135379,0.6243926290376799,-0.9216758854628243
17.99,-0.03764935977752651,0.6072792836842588,-1.080829997249641
18.01,-0.16013201723558354,0.5104666442563335,-1.4226079515936803
18.03,-0.27136876203282095,0.5207346514683862,-1.7211135898297834
18.05,-0.29606087461418573,0.543470953152217,-1.6683066955963695
18.07,-0.1510863918344895,0.6754881887357516,-1.362955719218898
18.09,-0.05280689423341381,0.6938239159001314,-1.1057665861931973
18.11,-0.12223818109586529,0.7021361122146502,-1.0013751795373285
18.13,-0.12639427925312471,0.7422302356140941,-0.9793723069400727
18.15,-0.10585826482901935,0.7287840356935489,-0.9950187941203434
18.17,-0.14937505729914738,0.7439415701494362,-1.0605384591877272
18.19,-0.11294807933257953,0.6422394034776763,-0.9999083213641781
18.21,-0.02102496714848883,0.43443449561470526,-0.9077407328178957
18.23,0.033248785258075356,0.3542462488158176,-0.7779237844940867
18.25,0.07505424319286129,0.2791920056229563,-0.6312379671790483
18.27,0.12590532652874126,0.15939858814900834,-0.5708523057176909
18.29,0.19973718791064388,-0.04816184335177093,-0.528068942334138
18.31,0.2430095040185802,-0.10414693029367723,-0.5151116951379764
18.33,0.3070623109128136,-0.12492742107997433,-0.44665831372429177
18.35,0.34642300522568226,-0.0743208141062861,-0.364758732390062
18.37,0.377471503224032,-0.02200287259725575,-0.27283562020597135
18.39,0.39531827766402833,-0.04938422516272958,-0.19411423158023408
18.41,0.44641383736210005,-0.10536931210463588,-0.08532225040491398
18.43,0.4671943281483971,-0.10463588301806069,-0.006845338141368456
18.45,0.44641383736210005,-0.10414693029367723,0.005622956330409804
18.47,0.3916511322311524,-0.08507777404272224,-0.001222381810958653
18.49,0.31439660177856554,-0.06820890505149284,-0.019558108975338447
18.51,0.2173394859884485,-0.019313632613146715,-0.02493658894355652
18.53,0.11025883934847049,0.04302783974574458,-0.03911621795067689
18.55,-0.0070898145035601864,0.06771995232710937,-0.11197017388381261
18.57,-0.06600861779176725,0.09779054487669223,-0.1726003117073618
18.59,-0.12052684656052318,0.0911896830975155,-0.2887265837484338
18.61,-0.17308926443174524,0.15450906090517372,-0.38896189224704336
18.63,-0.13250618830791797,0.2618341839073435,-0.323931179904043
18.65,-0.34153347798184763,0.48626348439935213,-0.3349326162026709
18.67,-1.2365614399657734,1.8998258105919383,-2.8241909360388715
18.69,-1.8333282400757875,-0.29679430370076093,-1.5284662164226996
18.71,0.90554044555817,0.40020780490786295,-0.4090089539467653
18.73,0.09583473397915838,-0.15304220273202335,-0.22345139504324174
18.75,0.044739174281086695,-0.0806771995232711,-0.19924823518626042
18.76,-0.017602298077804602,0.02884821073862421,-0.2919047764569263
18.78,-0.14399657733092933,0.21293891146899735,-1.0404913974880055
18.8,-0.3087736454481557,0.1990037588240687,-2.4359624728784035
18.82,-0.03667145432875959,-0.49017510619441984,-0.8930721510863918
18.84,0.027625828927665557,-0.0767655777282034,-0.7128930721510863
18.86,-0.14693029367723007,0.38505027045197565,-0.978149925129114
18.88,-0.21000519512269658,0.8216850533264065,-1.0639611282584114
18.9,-0.11441493750572991,0.49359777526510407,-0.8123949515631207
18.92,-0.1158817956788803,0.47208385539223174,-0.8463771659077712
18.94,-0.16819973718791065,0.4080310484979983,-0.9444121871466552
18.96,-0.13543990465421873,0.31464107814075726,-0.9610365797756929
18.98,-0.09974635577422608,0.32588699080157685,-0.9299880817773432
19.0,-0.10536931210463588,0.4268557283867616,-0.9204535036518656
19.02,-0.10610274119121108,0.4510588882437429,-0.8898939583778993
19.04,-0.09290101763285762,0.45594841548757753,-0.869357943953794
19.06,-0.11783760657641414,0.4483696482596339,-0.8818262384255722
19.08,-0.12028237019833145,0.44274669192922406,-0.8835375729609143
19.1,-0.10756959936436146,0.44665831372429177,-0.8793814748036549
19.12,-0.10830302845093664,0.47672890627387465,-0.8884271002047489
19.14,-0.11612627204107202,0.48821929529688596,-0.874736423922012
19.16,-0.11637074840326375,0.5099776915319499,-0.8674021330562601
19.18,-0.12614980289093297,0.5222015096415366,-0.8598233658283164
19.2,-0.13055037741038414,0.5197567460196192,-0.8537114567735232
19.21,-0.11392598478134645,0.5185343642086606,-0.8534669804113315
19.23,-0.10854750481312837,0.49359777526510407,-0.8546893622222901
19.25,-0.10830302845093664,0.48797481893469424,-0.8730250893866699
19.27,-0.11001436298627876,0.48553005531277693,-0.8681355621428353
19.29,-0.11343703205696298,0.49066405891880327,-0.8622681294502338
19.31,-0.11759313021422241,0.494575680713871,-0.8598233658283164
19.33,-0.11514836659230511,0.5055771170124989,-0.8620236530880421
19.35,-0.11417046114353818,0.5065550224612657,-0.8598233658283164
19.37,-0.11465941386792164,0.500932066130856,-0.8576230785685909
19.39,-0.11343703205696298,0.5045992115637319,-0.8630015585368089
19.41,-0.11148122115942914,0.5038657824771567,-0.8568896494820157
19.43,-0.11172569752162087,0.4989762552333221,-0.8564006967576322
19.45,-0.11490389023011337,0.500932066130856,-0.8625126058124255
19.47,-0.11099226843504569,0.4923753934541454,-0.8620236530880421
19.49,-0.10708064663997799,0.4933532989029123,-0.8610457476392751
19.51,-0.11099226843504569,0.5011765424930477,-0.8644684167099593
19.53,-0.11368150841915473,0.5014210188552394,-0.8622681294502338
19.55,-0.11148122115942914,0.5016654952174312,-0.8546893622222901
19.57,-0.1158817956788803,0.5104666442563335,-0.858356507655166
19.59,-0.11539284295449684,0.5006875897686642,-0.8639794639855759
19.61,-0.11025883934847049,0.49139748800537847,-0.8610457476392751
19.63,-0.10830302845093664,0.5011765424930477,-0.8612902240014668
19.66,-0.11343703205696298,0.5038657824771567,-0.8612902240014668
19.68,-0.10903645753751184,0.4953091098004462,-0.8595788894661247
19.7,-0.11343703205696298,0.4955535861626379,-0.8595788894661247
19.72,-0.11710417748983895,0.5006875897686642,-0.8612902240014668
19.74,-0.11343703205696298,0.4970204443357883,-0.8588454603795496
19.76,-0.11343703205696298,0.5004431134064725,-0.8571341258442075
19.78,-0.11099226843504569,0.5033768297527733,-0.8600678421905081
19.8,-0.10830302845093664,0.4955535861626379,-0.8644684167099593
19.82,-0.11099226843504569,0.4916419643675702,-0.8637349876233842
19.84,-0.11025883934847049,0.49726492069798,-0.8612902240014668
19.86,-0.11025883934847049,0.5048436879259236,-0.8578675549307826
19.88,-0.11074779207285396,0.4960425388870214,-0.8576230785685909
19.9,-0.11148122115942914,0.4940867279894875,-0.8608012712770834
19.92,-0.11050331571066223,0.5006875897686642,-0.8627570821746172
19.94,-0.11074779207285396,0.5014210188552394,-0.8608012712770834
19.96,-0.11001436298627876,0.5004431134064725,-0.8590899367417413
19.98,-0.11074779207285396,0.5028878770283898,-0.8610457476392751
20.0,-0.11441493750572991,0.4967759679735965,-0.8630015585368089
20.02,-0.11417046114353818,0.49041958255661156,-0.859334413103933
20.04,-0.1063472175534028,0.5004431134064725,-0.8622681294502338
20.06,-0.10976988662408703,0.5075329279100327,-0.8608012712770834
20.08,-0.11099226843504569,0.4975093970601717,-0.8566451731198239
20.11,-0.11099226843504569,0.4960425388870214,-0.8608012712770834
20.13,-0.11441493750572991,0.4979983497845552,-0.8603123185527
20.15,-0.11319255569477125,0.5028878770283898,-0.8581120312929743
20.17,-0.11319255569477125,0.5041102588393485,-0.8551783149466736
20.19,-0.11050331571066223,0.5041102588393485,-0.859334413103933
20.21,-0.11025883934847049,0.5060660697368823,-0.8581120312929743
20.23,-0.11245912660819607,0.5021544479418146,-0.8588454603795496
20.25,-0.11221465024600434,0.4994652079577056,-0.8564006967576322
20.27,-0.11245912660819607,0.5077774042722244,-0.8588454603795496
20.29,-0.11441493750572991,0.5033768297527733,-0.8564006967576322
20.31,-0.1127036029703878,0.5023989243040063,-0.8573786022063992
20.33,-0.10805855208874492,0.5080218806344161,-0.8571341258442075
20.35,-0.11001436298627876,0.503621306114965,-0.8568896494820157
20.37,-0.11025883934847049,0.5014210188552394,-0.8559117440332488
20.39,-0.1158817956788803,0.5109555969807169,-0.8537114567735232
20.41,-0.11417046114353818,0.5089997860831831,-0.8539559331357149
20.43,-0.11294807933257953,0.5031323533905815,-0.8578675549307826
20.45,-0.10830302845093664,0.5055771170124989,-0.8568896494820157
20.47,-0.10928093389970357,0.5070439751856493,-0.8546893622222901
20.49,-0.10879198117532012,0.5019099715796229,-0.858356507655166
20.51,-0.11172569752162087,0.5058215933746906,-0.8571341258442075
20.53,-0.11808208293860586,0.5094887388075665,-0.855667267671057
20.56,-0.11172569752162087,0.5143782660514011,-0.8497998349784555
20.58,-0.11074779207285396,0.5112000733429086,-0.8512666931516059
20.6,-0.11050331571066223,0.5104666442563335,-0.8532225040491397
20.62,-0.11050331571066223,0.5165785533111267,-0.8510222167894141
20.64,-0.11417046114353818,0.5143782660514011,-0.8510222167894141
20.66,-0.11857103566298934,0.5087553097209914,-0.8520001222381811
20.68,-0.11417046114353818,0.5170675060355102,-0.8505332640650307
20.7,-0.11368150841915473,0.528068942334138,-0.8468661186321548
20.72,-0.11148122115942914,0.5180454114842771,-0.8485774531674969
20.74,-0.10976988662408703,0.5212236041927696,-0.850288787702839
20.76,-0.11441493750572991,0.5275799896097546,-0.8458882131833878
20.78,-0.12223818109586529,0.5231794150903034,-0.8453992604590044
20.8,-0.12174922837148183,0.5212236041927696,-0.8424655441127036
20.82,-0.11417046114353818,0.5256241787122208,-0.8444213550102374
20.84,-0.11221465024600434,0.5248907496256455,-0.8458882131833878
20.86,-0.10903645753751184,0.5231794150903034,-0.844910307734621
20.88,-0.11563731931668857,0.5246462732634538,-0.8475995477187299
20.9,-0.11637074840326375,0.5192677932952358,-0.8471105949943465
20.92,-0.11123674479723741,0.5219570332793448,-0.8453992604590044
20.94,-0.11050331571066223,0.5200012223818109,-0.8512666931516059
20.96,-0.11319255569477125,0.5089997860831831,-0.8520001222381811
20.98,-0.11074779207285396,0.5175564587598936,-0.849310882254072
21.0,-0.11172569752162087,0.5204901751061944,-0.8559117440332488
21.02,-0.10879198117532012,0.5050881642881154,-0.8573786022063992
21.04,-0.10268007212052685,0.5080218806344161,-0.8561562203954405
21.06,-0.1303059010481924,0.5420040949790667,-0.874736423922012
21.08,-0.1317727592213428,0.5554502948996118,-0.8845154784096813
21.1,-0.05867432692601534,0.5759863093237173,-0.9079852091800874
21.12,-0.019069156250954986,0.6136356691012438,-0.9832839287351404
21.14,-0.1320172355835345,0.8216850533264065,-1.1458607095926412
21.16,-0.17553402805366256,0.9099410200776212,-1.314060446780552
21.18,-0.10561378846682762,0.8520001222381811,-1.2705436543104238
21.2,-0.009290101763285763,1.0439140665586897,-1.062738746447453
21.22,-0.011490389023011338,0.9798612596644561,-1.069828560951013
21.24,0.022491825321639215,0.9551691470830914,-1.1309476514989456
21.26,0.10512483574244415,0.9918406014118509,-0.9769275433181555
21.28,0.13372857011887662,1.1436604223329156,-0.7346514683861504
21.3,0.18115698438407235,1.2524524035082358,-0.5923662255905632
21.32,0.20242642789475293,1.1483054732145586,-0.5420040949790667
21.34,0.21538367509091463,0.9940408886715766,-0.48479662622620173
21.36,0.18849127524982429,0.6781774287198606,-0.45668184457415273
21.38,0.21880634416159886,0.42661125202456984,-0.4476362191730587
21.4,0.22271796595666657,0.20340433334351984,-0.42905601564648715
21.42,0.23151911499556885,-0.008801149038902301,-0.4207438193319683
21.44,0.24398740946734712,-0.05402927604437246,-0.4090089539467653
21.45,0.23714207132597867,-0.05794089783944015,-0.38407236500320874
21.47,0.22809644592488462,-0.1312838064969593,-0.37527121596430646
21.49,0.2508327476087156,-0.24594322036488098,-0.3102405036213061
21.51,0.2625676129939186,-0.19411423158023408,-0.2126944351068056
21.53,0.25938942028542616,-0.11490389023011337,-0.0743208141062861
21.55,0.23934235858570424,-0.03569354887999267,-0.027625828927665557
21.57,0.22076215505913271,-0.031292974360541514,-0.041072028848210734
21.59,0.22002872597255752,-0.07260947957094398,-0.1381291446383278
21.61,0.2574336093878923,0.0041560981572594195,-0.15866515906243314
21.63,0.2430095040185802,0.11050331571066223,-0.05940775601259053
21.65,0.21147205329584695,0.3244201326284265,0.03251535617150017
21.67,0.1510863918344895,0.4493475537084008,0.049628701524921305
21.69,0.11319255569477125,0.3967851358371787,0.05451822876875592
21.71,0.15475353726736546,0.368425877822938,0.052562417871222074
21.73,0.16013201723558354,0.6143690981878189,0.10488035938025242
21.75,0.051340036060263425,0.5813647892919354,0.10219111939614338
21.77,-0.1972924242887266,0.45839317910949484,0.05867432692601534
21.79,0.24007578767227944,2.2780307429025455,-3.05424319286129
21.81,-2.4183601748005987,3.3615499801362954,-0.7855025517220303
21.83,0.7417412828897106,-2.341105644348012,-0.48479662622620173
21.85,0.0503621306114965,0.5302692295938636,-0.3469119579500657
21.87,-0.2053601442410537,0.4278336338355285,-0.35644653607554316
21.89,-0.16673287901476025,0.7595880573297069,-0.49726492069798
21.91,-0.03936069431286862,1.644103535739388,-1.1637074840326376
21.93,-0.01735782171561287,1.2771445160896007,-0.4420132628426489
21.95,0.10243559575833511,0.7324511811264248,-0.46474956452647986
21.97,-0.09925740304984261,0.7282950829691655,-0.5459157167741344
21.99,-0.12003789383613972,0.7260947957094398,-0.7153378357730037
22.01,-0.11319255569477125,0.5092442624453748,-0.7764569263209363
22.03,-0.10903645753751184,0.44641383736210005,-0.8270635332946246
22.05,-0.12859456651285028,0.46230480090456255,-0.8559117440332488
22.07,-0.14081838462243682,0.4816184335177092,-0.8674021330562601
22.09,-0.15695382452709103,0.5292913241450967,-0.8700913730403691
22.11,-0.1527977263698316,0.5258686550744125,-0.8321975369006509
22.13,-0.12737218470189163,0.5764752620481007,-0.7962595116584665
22.15,-0.09779054487669223,0.5933441310393301,-0.7823243590135378
22.17,-0.08214405769642147,0.6092350945817926,-0.7884362680683311
22.19,-0.08165510497203801,0.6199920545182288,-0.7669223481954588
22.21,-0.09241206490847416,0.6647312287993155,-0.754943006448064
22.23,-0.11490389023011337,0.6730434251138343,-0.7463863337713534
22.25,-0.11172569752162087,0.6603306542798643,-0.7637441554869664
22.27,-0.10708064663997799,0.6050789964245332,-0.7784127372184702
22.29,-0.09656816306573358,0.5945665128502888,-0.8013935152644929
22.31,-0.10585826482901935,0.5769642147724842,-0.7879473153439477
22.33,-0.10170216667175992,0.6019008037160407,-0.7811019772025792
22.35,-0.11857103566298934,0.6204810072426122,-0.780368548116004
22.37,-0.11637074840326375,0.6300155853680897,-0.7659444427466919
22.39,-0.10121321394737647,0.6371053998716499,-0.7705894936283348
22.41,-0.10170216667175992,0.6243926290376799,-0.7749900681477859
22.43,-0.09559025761696666,0.6136356691012438,-0.7815909299269627
22.45,-0.1031690248449103,0.609724047306176,-0.7764569263209363
22.47,-0.11417046114353818,0.6153470036365859,-0.7896586498792898
22.49,-0.11539284295449684,0.6045900437001497,-0.7789016899428536
22.51,-0.10219111939614338,0.6165693854475446,-0.7796351190294288
22.53,-0.10585826482901935,0.6212144363291874,-0.7710784463527183
22.55,-0.10561378846682762,0.6280597744705558,-0.7727897808880604
22.57,-0.11050331571066223,0.6214589126913791,-0.7710784463527183
22.59,-0.11172569752162087,0.623414723588913,-0.780368548116004
22.61,-0.1095254102618953,0.6099685236683678,-0.7842801699110717
22.63,-0.10243559575833511,0.6072792836842588,-0.7833022644623048
22.65,-0.10268007212052685,0.6087461418574092,-0.7796351190294288
22.67,-0.10659169391559453,0.6229257708645295,-0.7749900681477859
22.69,-0.10756959936436146,0.6221923417779543,-0.7730342572502521
22.71,-0.10854750481312837,0.6265929162974054,-0.7737676863368272
22.73,-0.10561378846682762,0.623414723588913,-0.7749900681477859
22.75,-0.10830302845093664,0.6138801454634355,-0.7774348317697033
22.77,-0.10365797756929376,0.6036121382513828,-0.7820798826513461
22.8,-0.10488035938025242,0.6187696727072701,-0.7735232099746355
22.82,-0.11148122115942914,0.6300155853680897,-0.7718118754392934
22.84,-0.11148122115942914,0.6283042508327475,-0.772300828163677
22.86,-0.10781407572655319,0.6168138618097363,-0.7774348317697033
22.88,-0.10488035938025242,0.6114353818415181,-0.78403569354888
22.9,-0.10439140665586896,0.6089906182196009,-0.7830577881001131
22.92,-0.10463588301806069,0.6094795709439843,-0.780368548116004
22.94,-0.10488035938025242,0.6190141490694618,-0.7779237844940867
22.96,-0.1095254102618953,0.623414723588913,-0.7720563518014851
22.98,-0.11025883934847049,0.6265929162974054,-0.77132292271491
23.0,-0.10708064663997799,0.6204810072426122,-0.7737676863368272
23.02,-0.10585826482901935,0.6173028145341197,-0.7811019772025792
23.04,-0.10610274119121108,0.6085016654952174,-0.7852580753598386
23.06,-0.10268007212052685,0.6067903309598753,-0.7862359808086056
23.08,-0.1031690248449103,0.6080127127708339,-0.7823243590135378
23.1,-0.10683617027778626,0.619747578156037,-0.777679308131895
23.12,-0.1063472175534028,0.6309934908168566,-0.7708339699905266
23.14,-0.10879198117532012,0.6327048253521987,-0.7683892063686092
23.16,-0.11563731931668857,0.6214589126913791,-0.7779237844940867
23.18,-0.11001436298627876,0.6082571891330257,-0.7781682608562784
23.2,-0.1031690248449103,0.6126577636524768,-0.7789016899428536
23.22,-0.10463588301806069,0.6251260581242551,-0.7727897808880604
23.24,-0.1063472175534028,0.6292821562815145,-0.7647220609357332
23.26,-0.11197017388381261,0.6400391162179506,-0.7654554900223085
23.28,-0.11539284295449684,0.6290376799193228,-0.7742566390612108
23.3,-0.10439140665586896,0.604345567337958,-0.7862359808086056
23.32,-0.09314549399504936,0.5984781346453565,-0.7923478898633988
23.34,-0.10219111939614338,0.6033676618891911,-0.7842801699110717
23.36,-0.1158817956788803,0.6199920545182288,-0.7686336827308009
23.38,-0.12223818109586529,0.6439507380130184,-0.7586101518809399
23.4,-0.11954894111175625,0.6405280689423342,-0.7620328209516243
23.42,-0.09925740304984261,0.6180362436206949,-0.7786572135806619
23.44,-0.08605567949148916,0.6072792836842588,-0.7859915044464139
23.46,-0.09730159215230877,0.6094795709439843,-0.7862359808086056
23.48,-0.11343703205696298,0.6126577636524768,-0.7781682608562784
23.5,-0.1239495156312074,0.6280597744705558,-0.7701005409039513
23.52,-0.11637074840326375,0.6336827308009657,-0.7664333954710754
23.54,-0.10390245393148549,0.6236591999511047,-0.7771903554075115
23.56,-0.09534578125477493,0.6126577636524768,-0.7791461663050454
23.58,-0.09779054487669223,0.6214589126913791,-0.7757234972343612
23.6,-0.11368150841915473,0.6273263453839807,-0.7691226354551844
23.62,-0.11979341747394799,0.6322158726278153,-0.7679002536442258
23.64,-0.1166152247654555,0.6175472908963114,-0.7730342572502521
23.66,-0.10830302845093664,0.6085016654952174,-0.7825688353757296
23.68,-0.09681263942792531,0.617058338171928,-0.7732787336124438
23.7,-0.10023530849860954,0.6353940653363078,-0.7642331082113498
23.72,-0.11148122115942914,0.6334382544387739,-0.7652110136601167
23.74,-0.11539284295449684,0.6251260581242551,-0.7732787336124438
23.76,-0.11074779207285396,0.6109464291171347,-0.7791461663050454
23.78,-0.10365797756929376,0.61167985820371,-0.7771903554075115
23.8,-0.10121321394737647,0.6214589126913791,-0.7740121626990191
23.82,-0.10756959936436146,0.6358830180606913,-0.7664333954710754
23.84,-0.11050331571066223,0.6258594872108303,-0.7740121626990191
23.86,-0.11392598478134645,0.6209699599669957,-0.7710784463527183
23.88,-0.11343703205696298,0.6275708217461724,-0.7693671118173762
23.9,-0.11465941386792164,0.6287932035571311,-0.7718118754392934
23.92,-0.10243559575833511,0.6155914799987776,-0.7779237844940867
23.94,-0.09338997035724109,0.6151025272743942,-0.7811019772025792
23.96,-0.1031690248449103,0.6239036763132965,-0.7718118754392934
23.98,-0.11514836659230511,0.6300155853680897,-0.7600770100540903
24.0,-0.12590532652874126,0.6397946398557589,-0.7605659627784739
24.02,-0.12003789383613972,0.6331937780765822,-0.7686336827308009
24.04,-0.10732512300216973,0.6168138618097363,-0.7708339699905266
24.06,-0.09607921034135011,0.6209699599669957,-0.7791461663050454
24.08,-0.10023530849860954,0.6187696727072701,-0.7735232099746355
24.1,-0.10756959936436146,0.6275708217461724,-0.7693671118173762
24.12,-0.11808208293860586,0.6356385416984995,-0.7639886318491581
24.14,-0.11881551202518106,0.6349051126119243,-0.7659444427466919
24.16,-0.1063472175534028,0.6243926290376799,-0.7742566390612108
24.18,-0.09241206490847416,0.6212144363291874,-0.7784127372184702
24.2,-0.08263301042080494,0.6055679491489167,-0.786724933532989
24.22,-0.09338997035724109,0.6131467163768602,-0.780368548116004
24.24,-0.09021177764874859,0.6471289307215109,-0.7798795953916206
24.26,-0.0863001558536809,0.6935794395379397,-0.7837912171866882
24.28,-0.07823243590135379,0.7737676863368272,-0.7979708461938086
24.3,-0.00855667267671057,0.9231427436359747,-0.8104391406655869
24.32,-0.011245912660819608,1.190599883873728,-0.9238761727225498
24.34,-0.022491825321639215,1.649726492069798,-1.1131008770589494
24.36,-0.25229960578186594,1.167863582189897,-0.9840173578217156
24.38,-0.25670018030131714,1.254897167130153,-0.9942853650337683
24.4,-0.09485682853039147,1.3191944503865782,-0.7688781590929927
24.42,0.04302783974574458,1.3680897228249242,-0.54811600403386
24.44,0.17480059896708736,1.3724902973443756,-0.3764935977752651
24.46,0.18995813342297466,1.1786205421263332,-0.33371023439171227
24.48,0.2021819515325612,0.9250985545335085,-0.32588699080157685
24.5,0.18506860617914006,0.8906273874644746,-0.2774806710876142
24.52,0.12908351923723374,0.7764569263209363,-0.26916847477309536
24.54,0.12639427925312471,0.5224459860037283,-0.31121840907007303
24.56,0.12688323197750817,0.16355468630626777,-0.4058307612382728
24.58,0.18555755890352352,0.040094123399443814,-0.3906732267823855
24.6,0.22271796595666657,0.09461235216819973,-0.4231885829538856
24.62,0.2412981694832381,0.2618341839073435,-0.4124316230174495
24.64,0.19533661339119274,0.302172783668979,-0.3471564343122574
24.66,0.19313632613146717,0.22418482412981694,-0.30901812181034743
24.68,0.17626745714023775,0.13079485377257585,-0.30168383094459555
24.7,0.17162240625859487,-0.04693946154081227,-0.28579286740213306
24.72,0.1686886899122941,0.010756959936436146,-0.3070623109128136
24.74,0.16208782813311737,0.022491825321639215,-0.29997249640925344
24.76,0.11465941386792164,0.07480976683066956,-0.23127463863337713
24.78,0.04131650521040247,0.1310393301347676,-0.10854750481312837
24.8,0.013201723558353452,0.13495095192983528,0.0007334290865751917
24.82,0.015157534455887297,0.1902026097851664,0.14081838462243682
24.84,-0.0031781927084924976,0.35644653607554316,0.308529169085964
24.86,-0.04547260336766189,0.7219386975521804,0.6344161598875409
24.88,0.0014668581731503835,1.4321425297191577,1.2531858325948109
24.9,0.3405555725330807,1.6147663722763805,1.402071937169575
24.92,0.5451822876875592,1.4671026495125752,1.133392415120863
24.94,0.9402560889893958,3.5060355101916083,0.07163157412217706
24.96,-2.4506310546099073,2.719799529383003,1.115301164318675
24.98,1.031934724811295,2.413715123918956,0.19851480609968522
25.01,0.36744797237417104,-0.601656327353849,-0.516334076948935
25.03,-0.15084191547229778,-0.6661980869724659,-0.7014026831280751
25.05,-0.02102496714848883,0.5938330837637136,-0.4505699355193595
25.07,-0.22418482412981694,0.18629098799009872,-0.30241726003117075
25.09,0.11465941386792164,0.2611007548207683,0.15377563181859855
25.11,0.11099226843504569,0.7441860465116279,0.3940958958530697
25.13,0.008312196314518839,1.0710509427619717,0.18751336980105734
25.15,0.018335727164379794,1.2067353237783822,-0.24912141307337346
25.17,0.34495614705253186,2.611496500932066,-0.9441677107844635
25.19,-0.057451945115056684,1.5311554564068086,-0.34104452525746415
25.21,-0.41365400482840814,-0.22345139504324174,-0.3943403722152614
25.23,-0.0044005745194511505,0.8001711334535342,-0.45986003728264524
25.25,-0.013690676282736913,1.2783668979005591,-0.4420132628426489
25.27,-0.07505424319286129,0.8820707147877639,-0.34593405250129877
25.29,-0.08532225040491398,0.7903920789658649,-0.33224337621856187
25.31,-0.1031690248449103,0.8700913730403691,-0.4197659138832014
25.33,-0.10536931210463588,0.9268098890688506,-0.47110594994346483
25.35,-0.11490389023011337,0.8886715765669406,-0.5019099715796229
25.37,-0.100724261222993,0.8070164715949026,-0.5246462732634538
25.39,-0.08776701402683128,0.8163065733581885,-0.5239128441768787
25.41,-0.06429728325642514,0.8302417260031171,-0.5214680805549613
25.43,-0.06454175961861687,0.8576230785685909,-0.5207346514683862
25.446,-0.07872138862573724,0.8576230785685909,-0.5021544479418146
25.466,-0.07798795953916206,0.8312196314518839,-0.5160896005867432
25.486,-0.0774990068147786,0.8011490389023012,-0.5402927604437245
25.506,-0.09950187941203435,0.8358646823335268,-0.5424930477034502
25.526,-0.10463588301806069,0.8378204932310607,-0.5285578950585215
25.546,-0.10414693029367723,0.8392873514042111,-0.5153561715001681
25.566,-0.0919231121840907,0.8390428750420194,-0.5112000733429086
25.586,-0.08434434495614705,0.8549338385844818,-0.5112000733429086
25.606,-0.08581120312929744,0.8581120312929743,-0.503621306114965
25.626,-0.08263301042080494,0.8475995477187299,-0.519023316933044
25.646,-0.08703358494025609,0.8334199187116096,-0.5439599058766006
25.666,-0.09412339944381627,0.8138618097362711,-0.5464046694985178
25.686,-0.0887449194755982,0.8089722824924365,-0.5549613421752284
25.706,-0.09314549399504936,0.8199737187910644,-0.5605842985056382
25.726,-0.10219111939614338,0.8067719952327109,-0.5569171530727622
25.746,-0.09876845032545915,0.8023714207132597,-0.5527610549155029
25.766,-0.0982794976010757,0.8165510497203802,-0.5539834367264616
25.786,-0.10903645753751184,0.8243742933105155,-0.553494484002078
25.806,-0.10047978486080127,0.8163065733581885,-0.5527610549155029
25.826,-0.0911896830975155,0.8165510497203802,-0.5537389603642697
25.846,-0.08752253766463955,0.8224184824129817,-0.5574061057971458
25.866,-0.08409986859395532,0.8150841915472298,-0.5539834367264616
25.876,-0.08947834856217339,0.8214405769642148,-0.5537389603642697
25.896,-0.09803502123888397,0.8189958133422974,-0.5520276258289276
25.916,-0.09265654127066589,0.8150841915472298,-0.5552058185374201
25.936,-0.09045625401094032,0.8148397151850381,-0.563518014851939
25.956,-0.09461235216819973,0.8150841915472298,-0.5647403966628977
25.976,-0.09314549399504936,0.8077499006814779,-0.56082877486783
25.996,-0.09314549399504936,0.8045717079729854,-0.5600953457812547
26.016,-0.10170216667175992,0.818506860617914,-0.5588729639702961
26.036,-0.09901292668765088,0.817528955169147,-0.5588729639702961
26.056,-0.09363444671943282,0.80946123521682,-0.5647403966628977
26.076,-0.09338997035724109,0.8099501879412034,-0.5630290621275555
26.096,-0.09730159215230877,0.8128839042875042,-0.5603398221434465
26.116,-0.09583473397915838,0.8165510497203802,-0.5627845857653638
26.136,-0.09779054487669223,0.8079943770436696,-0.5625401094031721
26.156,-0.09925740304984261,0.8111725697521621,-0.5654738257494728
26.176,-0.09559025761696666,0.8065275188705192,-0.5679185893713902
26.196,-0.09485682853039147,0.8072609479570944,-0.5642514439385142
26.216,-0.09779054487669223,0.8153286679094215,-0.5647403966628977
26.236,-0.09607921034135011,0.8128839042875042,-0.5669406839226232
26.256,-0.09412339944381627,0.803104849799835,-0.5669406839226232
26.276,-0.09999083213641781,0.8116615224765455,-0.5674296366470066
26.296,-0.09803502123888397,0.8099501879412034,-0.5666962075604315
26.316,-0.09632368670354186,0.8092167588546282,-0.568896494820157
26.326,-0.09779054487669223,0.8043272316107937,-0.5671851602848149
26.346,-0.09632368670354186,0.8143507624606545,-0.5679185893713902
26.366,-0.09779054487669223,0.8104391406655869,-0.5723191638908413
26.386,-0.09803502123888397,0.8038382788864101,-0.5703633529933074
26.406,-0.09656816306573358,0.8026158970754514,-0.5686520184579653
26.426,-0.10219111939614338,0.8128839042875042,-0.569874400268924
26.446,-0.10170216667175992,0.8111725697521621,-0.5696299239067323
26.466,-0.09705711579011704,0.7996821807291508,-0.5720746875286495
26.486,-0.09559025761696666,0.8082388534058613,-0.5715857348042661
26.506,-0.09779054487669223,0.8145952388228463,-0.5718302111664578
26.526,-0.09803502123888397,0.8070164715949026,-0.5728081166152248
26.546,-0.09412339944381627,0.7979708461938086,-0.5718302111664578
26.566,-0.09876845032545915,0.808483329768053,-0.5703633529933074
26.586,-0.10292454848271858,0.8106836170277786,-0.5723191638908413
26.606,-0.09999083213641781,0.7996821807291508,-0.5732970693396082
26.626,-0.1014576903095682,0.8053051370595605,-0.5684075420957736
26.646,-0.10121321394737647,0.8119059988387373,-0.5703633529933074
26.666,-0.10023530849860954,0.8023714207132597,-0.5779421202212511
26.686,-0.0982794976010757,0.7960150352962748,-0.5772086911346759
26.706,-0.09583473397915838,0.8053051370595605,-0.5754973565993338
26.726,-0.09730159215230877,0.8079943770436696,-0.5774531674968676
26.746,-0.09876845032545915,0.7996821807291508,-0.578920025670018
26.766,-0.09559025761696666,0.7972374171072334,-0.5769642147724842
26.786,-0.09730159215230877,0.8033493261620267,-0.5779421202212511
26.806,-0.1014576903095682,0.8045717079729854,-0.5781865965834428
26.826,-0.1014576903095682,0.7991932280047672,-0.5759863093237173
26.846,-0.10268007212052685,0.8026158970754514,-0.5769642147724842
26.866,-0.10390245393148549,0.8038382788864101,-0.5808758365675518
26.886,-0.09974635577422608,0.7965039880206582,-0.5776976438590594
26.906,-0.10194664303395165,0.8001711334535342,-0.5779421202212511
26.926,-0.10561378846682762,0.8033493261620267,-0.5830761238272775
26.946,-0.10243559575833511,0.799437704366959,-0.5742749747883752
26.966,-0.10365797756929376,0.8082388534058613,-0.5764752620481007
26.986,-0.10390245393148549,0.8028603734376433,-0.5825871711028939
27.006,-0.09974635577422608,0.7916144607768236,-0.5774531674968676
27.026,-0.10365797756929376,0.8004156098157259,-0.5735415457017999
27.046,-0.10732512300216973,0.812150475200929,-0.5759863093237173
27.066,-0.10463588301806069,0.7989487516425755,-0.5806313602053601
27.086,-0.10121321394737647,0.7945481771231244,-0.5779421202212511
27.106,-0.10268007212052685,0.8050606606973688,-0.578920025670018
27.126,-0.10390245393148549,0.802126944351068,-0.5820982183785105
27.146,-0.10268007212052685,0.7918589371390153,-0.5776976438590594
27.166,-0.10610274119121108,0.8050606606973688,-0.5723191638908413
27.186,-0.10561378846682762,0.8126394279253124,-0.5764752620481007
27.206,-0.10023530849860954,0.8013935152644929,-0.5801424074809767
27.23,-0.09999083213641781,0.7969929407450417,-0.578920025670018
27.25,-0.10292454848271858,0.8009045625401093,-0.5754973565993338
27.27,-0.10732512300216973,0.8028603734376433,-0.5772086911346759
27.29,-0.10341350120710203,0.8040827552486018,-0.5718302111664578
27.31,-0.10488035938025242,0.8082388534058613,-0.5774531674968676
27.33,-0.10023530849860954,0.802126944351068,-0.5794089783944015
27.35,-0.10170216667175992,0.7950371298475079,-0.5818537420163188
27.37,-0.10488035938025242,0.7979708461938086,-0.576230785685909
27.39,-0.10683617027778626,0.8082388534058613,-0.569874400268924
27.41,-0.10659169391559453,0.8145952388228463,-0.5735415457017999
27.43,-0.10341350120710203,0.8048161843351771,-0.5784310729456346
27.45,-0.09950187941203435,0.7955260825718913,-0.5776976438590594
27.47,-0.09999083213641781,0.8011490389023012,-0.5786755493078263
27.49,-0.10414693029367723,0.7962595116584665,-0.5779421202212511
27.51,-0.10561378846682762,0.8018824679888763,-0.5750084038749503
27.53,-0.10463588301806069,0.80946123521682,-0.5732970693396082
27.55,-0.09901292668765088,0.8045717079729854,-0.5759863093237173
27.57,-0.09656816306573358,0.8028603734376433,-0.5750084038749503
27.59,-0.09901292668765088,0.8035938025242184,-0.5786755493078263
27.61,-0.10365797756929376,0.7996821807291508,-0.578920025670018
27.63,-0.10390245393148549,0.8023714207132597,-0.5747639275127586
27.65,-0.10439140665586896,0.8048161843351771,-0.5759863093237173
27.68,-0.10536931210463588,0.8028603734376433,-0.5723191638908413
27.7,-0.10488035938025242,0.80946123521682,-0.5754973565993338
27.72,-0.09999083213641781,0.8026158970754514,-0.5754973565993338
27.74,-0.10047978486080127,0.8028603734376433,-0.5781865965834428
27.76,-0.09901292668765088,0.8018824679888763,-0.578920025670018
27.78,-0.10243559575833511,0.7982153225560004,-0.5791645020322097
27.8,-0.10414693029367723,0.8033493261620267,-0.5742749747883752
27.82,-0.10561378846682762,0.8101946643033952,-0.5713412584420744
27.84,-0.10268007212052685,0.8072609479570944,-0.572563640253033
27.86,-0.09974635577422608,0.8060385661461358,-0.576230785685909
27.88,-0.09925740304984261,0.8023714207132597,-0.5794089783944015
27.9,-0.09852397396326742,0.7947926534853161,-0.5813647892919354
27.92,-0.1031690248449103,0.7969929407450417,-0.576230785685909
27.94,-0.10683617027778626,0.8101946643033952,-0.572563640253033
27.96,-0.10414693029367723,0.8097057115790117,-0.5728081166152248
27.98,-0.100724261222993,0.8062830425083275,-0.5730525929774165
28.0,-0.09803502123888397,0.8023714207132597,-0.5745194511505669
28.02,-0.10121321394737647,0.7996821807291508,-0.5796534547565932
28.04,-0.10390245393148549,0.7979708461938086,-0.5796534547565932
28.06,-0.10292454848271858,0.7965039880206582,-0.5769642147724842
28.08,-0.10170216667175992,0.8079943770436696,-0.572563640253033
28.1,-0.10219111939614338,0.8104391406655869,-0.5757418329615255
28.13,-0.09901292668765088,0.7979708461938086,-0.5791645020322097
28.15,-0.10268007212052685,0.8055496134217522,-0.578920025670018
28.17,-0.10292454848271858,0.7969929407450417,-0.578920025670018
28.19,-0.10170216667175992,0.7974818934694251,-0.5767197384102924
28.21,-0.10439140665586896,0.8089722824924365,-0.576230785685909
28.23,-0.10439140665586896,0.8023714207132597,-0.5796534547565932
28.25,-0.10219111939614338,0.795770558934083,-0.5776976438590594
28.27,-0.09974635577422608,0.7987042752803838,-0.5813647892919354
28.29,-0.100724261222993,0.7984597989181921,-0.5828316474650858
28.31,-0.10341350120710203,0.793081318949974,-0.5830761238272775
28.33,-0.09876845032545915,0.8023714207132597,-0.5808758365675518
28.35,-0.0975460685145005,0.8026158970754514,-0.5813647892919354
28.37,-0.09779054487669223,0.7947926534853161,-0.5801424074809767
28.39,-0.09876845032545915,0.8026158970754514,-0.575252880237142
28.41,-0.10365797756929376,0.8101946643033952,-0.5813647892919354
28.43,-0.10170216667175992,0.7938147480365492,-0.5847874583626196
28.45,-0.1014576903095682,0.7881917917061394,-0.5867432692601534
28.47,-0.10683617027778626,0.7979708461938086,-0.5811203129297436
28.49,-0.11074779207285396,0.8013935152644929,-0.5784310729456346
28.51,-0.11074779207285396,0.7952816062096996,-0.5808758365675518
28.53,-0.10732512300216973,0.7989487516425755,-0.5818537420163188
28.55,-0.09779054487669223,0.802126944351068,-0.5840540292760443
28.57,-0.09730159215230877,0.795770558934083,-0.5884546037954955
28.59,-0.09607921034135011,0.7889252207927145,-0.5813647892919354
28.61,-0.0951013048925832,0.7996821807291508,-0.5813647892919354
28.63,-0.09534578125477493,0.8055496134217522,-0.5825871711028939
28.65,-0.09534578125477493,0.7974818934694251,-0.5806313602053601
28.67,-0.09876845032545915,0.7999266570913425,-0.5784310729456346
28.69,-0.1014576903095682,0.8038382788864101,-0.5794089783944015
28.71,-0.09852397396326742,0.7984597989181921,-0.5823426947407022
28.73,-0.09779054487669223,0.7962595116584665,-0.5806313602053601
28.75,-0.09876845032545915,0.8040827552486018,-0.5806313602053601
28.77,-0.10023530849860954,0.8028603734376433,-0.579897931118785
28.79,-0.10243559575833511,0.8006600861779176,-0.575252880237142
28.81,-0.10414693029367723,0.802126944351068,-0.5759863093237173
28.83,-0.10170216667175992,0.7989487516425755,-0.5850319347248113
28.85,-0.09559025761696666,0.792103413501207,-0.585276411087003
28.87,-0.09852397396326742,0.7960150352962748,-0.5794089783944015
28.89,-0.100724261222993,0.8072609479570944,-0.5820982183785105
28.91,-0.10390245393148549,0.79674846438285,-0.584298505638236
28.93,-0.10219111939614338,0.7977263698316169,-0.5803868838431684
28.95,-0.10414693029367723,0.8067719952327109,-0.5794089783944015
28.97,-0.10488035938025242,0.7950371298475079,-0.5813647892919354
28.99,-0.10341350120710203,0.7938147480365492,-0.5825871711028939
29.01,-0.10659169391559453,0.8018824679888763,-0.5794089783944015
29.03,-0.10708064663997799,0.8001711334535342,-0.5806313602053601
29.05,-0.10023530849860954,0.7984597989181921,-0.5823426947407022
29.06,-0.10170216667175992,0.7952816062096996,-0.5801424074809767
29.08,-0.10047978486080127,0.7989487516425755,-0.5830761238272775
29.1,-0.10488035938025242,0.8011490389023012,-0.5833206001894692
29.12,-0.10512483574244415,0.7977263698316169,-0.579897931118785
29.14,-0.10096873758518474,0.7969929407450417,-0.5813647892919354
29.16,-0.10439140665586896,0.8075054243192861,-0.5791645020322097
29.18,-0.10585826482901935,0.805794089783944,-0.5781865965834428
29.2,-0.1031690248449103,0.7969929407450417,-0.5769642147724842
29.22,-0.10121321394737647,0.8038382788864101,-0.5757418329615255
29.24,-0.10439140665586896,0.8089722824924365,-0.5772086911346759
29.26,-0.09974635577422608,0.7969929407450417,-0.5801424074809767
29.28,-0.10292454848271858,0.7982153225560004,-0.5781865965834428
29.3,-0.10341350120710203,0.802126944351068,-0.5781865965834428
29.32,-0.10414693029367723,0.8006600861779176,-0.5825871711028939
29.34,-0.09974635577422608,0.7977263698316169,-0.5806313602053601
29.36,-0.10170216667175992,0.8048161843351771,-0.5774531674968676
29.38,-0.09925740304984261,0.8048161843351771,-0.5820982183785105
29.4,-0.09876845032545915,0.7916144607768236,-0.5828316474650858
29.42,-0.09803502123888397,0.7950371298475079,-0.5811203129297436
29.44,-0.10292454848271858,0.7989487516425755,-0.5833206001894692
29.46,-0.100724261222993,0.7903920789658649,-0.5860098401735782
29.48,-0.09974635577422608,0.7950371298475079,-0.579897931118785
29.5,-0.10414693029367723,0.8075054243192861,-0.5811203129297436
29.52,-0.1014576903095682,0.7972374171072334,-0.5825871711028939
29.54,-0.09974635577422608,0.792103413501207,-0.5825871711028939
29.55,-0.10096873758518474,0.7940592243987409,-0.5784310729456346
29.57,-0.10610274119121108,0.8035938025242184,-0.5816092656541271
29.59,-0.10219111939614338,0.8013935152644929,-0.5806313602053601
29.61,-0.10096873758518474,0.7960150352962748,-0.5823426947407022
29.63,-0.09950187941203435,0.7969929407450417,-0.5828316474650858
29.65,-0.10390245393148549,0.7996821807291508,-0.5840540292760443
29.67,-0.10414693029367723,0.7952816062096996,-0.5850319347248113
29.69,-0.10365797756929376,0.793081318949974,-0.5808758365675518
29.71,-0.10488035938025242,0.8035938025242184,-0.5813647892919354
29.73,-0.10390245393148549,0.8033493261620267,-0.5811203129297436
29.75,-0.09999083213641781,0.7965039880206582,-0.5847874583626196
29.77,-0.0975460685145005,0.792103413501207,-0.5855208874491947
29.79,-0.10121321394737647,0.7987042752803838,-0.5828316474650858
29.81,-0.1063472175534028,0.7991932280047672,-0.5828316474650858
29.83,-0.10781407572655319,0.7955260825718913,-0.5857653638113864
29.85,-0.10414693029367723,0.7923478898633988,-0.5869877456223451
29.87,-0.1014576903095682,0.7945481771231244,-0.5857653638113864
29.89,-0.09876845032545915,0.7952816062096996,-0.5860098401735782
29.91,-0.10023530849860954,0.7989487516425755,-0.5867432692601534
29.93,-0.0982794976010757,0.7945481771231244,-0.5818537420163188
29.95,-0.10047978486080127,0.803104849799835,-0.5808758365675518
29.97,-0.10096873758518474,0.802126944351068,-0.585276411087003
29.99,-0.10341350120710203,0.7989487516425755,-0.5867432692601534
30.01,-0.10830302845093664,0.7979708461938086,-0.5816092656541271
30.04,-0.11197017388381261,0.7996821807291508,-0.5816092656541271
30.06,-0.14326314824435413,0.8138618097362711,-0.5801424074809767
30.08,-0.19998166427283562,0.805794089783944,-0.616080432723161
30.1,-0.32637594352596033,0.6835559086880787,-0.591632796503988
30.12,-0.18971365706078294,0.8043272316107937,-0.4642606118020964
30.14,-0.27283562020597135,0.8089722824924365,-0.5266020841609876
30.16,-0.3209974635577423,0.8424655441127036,-0.5750084038749503
30.18,-0.3510680561073251,0.7965039880206582,-0.5630290621275555
30.2,-0.2782141001741894,0.8806038566146136,-0.45692632093634444
30.22,-0.31341869632979863,1.07080646639978,-0.3997188521834795
30.24,-0.35840234697307705,0.9996638450019864,-0.37429331051553955
30.26,-0.31268526724322343,0.8405097332151698,-0.4356568774256639
30.28,-0.2390978822235125,0.8197292424288727,-0.5674296366470066
30.3,-0.18189041347064755,0.8101946643033952,-0.5576505821593375
30.32,-0.201448522445986,0.8405097332151698,-0.5488494331204351
30.34,-0.13715123918956085,0.7960150352962748,-0.5410261895302998
30.36,-0.1383736210005195,0.8119059988387373,-0.5965223237478227
30.38,-0.10170216667175992,0.7833022644623048,-0.6204810072426122
30.4,-0.0686978577758763,0.7850135989976469,-0.6551966506738379
30.42,-0.22345139504324174,0.7463863337713534,-0.5911438437796045
30.44,-0.030559545273966322,0.859334413103933,-0.5500718149313938
30.46,-0.06967576322464322,0.714115453962045,-0.5402927604437245
30.48,-0.08263301042080494,0.6879564832075299,-0.46083794273141215
30.5,-0.08703358494025609,0.803104849799835,-0.5754973565993338
30.526,-0.07872138862573724,0.584298505638236,-0.5459157167741344
30.546,-0.0327598325336919,0.7820798826513461,-0.5882101274333038
30.566,-0.022247348959447483,0.7899031262414815,-0.641505974391101
30.586,-0.005134003606026342,0.5119335024294839,-0.7537206246371054
30.606,-0.03789383613971824,0.3672034960119793,-0.8214405769642148
30.626,0.1902026097851664,0.30046144913363687,-0.8013935152644929
30.646,-0.0036671454328759587,0.30046144913363687,-0.7192494575680713
30.666,-0.2787030528985729,0.7879473153439477,-0.7407633774409437
30.686,-0.12883904287504203,1.0268007212052686,-0.6317269199034318
30.706,-0.12003789383613972,1.6516823029673318,-0.46474956452647986
30.726,-0.11417046114353818,1.5700271979952938,-0.3791828377593741
30.746,-0.04791736698957919,1.0400024447636218,-0.4202548666075849
30.766,-0.042783363383552854,0.8251077223970907,-0.44250221556703234
30.786,-0.07285395593313572,0.7446749992360113,-0.4046083794273141
30.806,-0.1166152247654555,0.6811111450661614,-0.37160407053143046
30.826,-0.17455612260489564,0.7725453045258687,-0.37160407053143046
30.846,-0.2500993185221404,0.799437704366959,-0.3936069431286862
30.866,-0.28481496195336614,0.7190049812058796,-0.41218714665525774
30.886,-0.2774806710876142,0.6273263453839807,-0.42905601564648715
30.906,-0.321241939919934,0.6595972251932891,-0.4933532989029123
30.926,-0.3899397976958103,0.7615438682272407,-0.5517831494667359
30.946,-0.3926290376799193,0.7644775845735415,-0.5522721021911193
30.966,-0.3642697796656786,0.7666778718332671,-0.5251352259878372
30.986,-0.396540659474987,1.031690248449103,-0.5811203129297436
31.01,-0.47257280811661523,1.1849769275433182,-0.6133911927390521
31.03,-0.4173211502612841,0.9378113253674785,-0.5486049567582434
31.05,-0.38725055771170125,0.7546985300858723,-0.5182898878464688
31.07,-0.3967851358371787,0.7532316719127219,-0.5666962075604315
31.09,-0.40069675763224644,0.823885340586132,-0.5975002291965895
31.11,-0.37771597958622377,0.8864712893072151,-0.5632735384897473
31.13,-0.40191913944320506,0.9158084527702227,-0.5583840112459126
31.15,-0.4068086666870397,0.8666687039696849,-0.5674296366470066
31.17,-0.3884729395226599,0.8334199187116096,-0.5588729639702961
31.19,-0.3659811142010207,0.799437704366959,-0.5178009351220854
31.21,-0.3525349142804755,0.7534761482749136,-0.4979983497845552
31.23,-0.3388442379977386,0.7180270757571127,-0.49848730250893863
31.25,-0.3214864162821257,0.6928460104513645,-0.4926198698163371
31.27,-0.308529169085964,0.6825780032393118,-0.5026434006661981
31.29,-0.293127158267885,0.7454084283225866,-0.5138893133270177
31.31,-0.2813922928826819,0.7710784463527183,-0.5415151422546832
31.33,-0.28579286740213306,0.721449744827797,-0.5774531674968676
31.35,-0.29630535097637745,0.6346606362497326,-0.5495828622070104
31.37,-0.2906823946459677,0.6510405525165786,-0.4772178589982581
31.39,-0.2884821073862421,0.6349051126119243,-0.4363903065122391
31.41,-0.3513125324695168,0.7996821807291508,-0.5378479968218073
31.43,-0.5610732512300217,1.1324145096720961,-0.7571432937077897
31.45,-0.5720746875286495,0.9810836414754148,-0.7554319591724475
31.47,-0.5285578950585215,0.7913699844146319,-0.6168138618097363
31.49,-0.5131558842404425,0.6948018213488983,-0.5554502948996118
31.5,-0.5097332151697582,0.724138984811906,-0.5850319347248113
31.52,-0.4960425388870214,0.7170491703083458,-0.6026342328026159
31.54,-0.4733062372031904,0.7302508938666993,-0.6187696727072701
31.56,-0.43027839745744584,0.7143599303242367,-0.6060569018733001
31.58,-0.3772270268618403,0.6696207560431501,-0.569874400268924
31.6,-0.34177795434403935,0.6850227668612291,-0.5261131314366042
31.62,-0.32637594352596033,0.733184610213,-0.5407817131681081
31.64,-0.3109739327078813,0.7617883445894325,-0.5556947712618037
31.66,-0.3229532744552761,0.733184610213,-0.5728081166152248
31.68,-0.3310209944076032,0.7253613666228647,-0.579897931118785
31.7,-0.31048497998349783,0.7392965192677933,-0.5004431134064725
31.72,-0.31513003086514074,0.7456529046847783,-0.4786847171714085
31.74,-0.3733154050667726,0.7407633774409437,-0.5559392476239954
31.76,-0.4361458301500474,0.7485866210310791,-0.6363719707850747
31.78,-0.4649940408886716,0.7388075665434098,-0.6439507380130184
31.8,-0.47575100082510774,0.7730342572502521,-0.6300155853680897
31.82,-0.47770681172264157,0.7546985300858723,-0.6187696727072701
31.84,-0.4698835681325062,0.7031140176634172,-0.6283042508327475
31.86,-0.44616936099990834,0.7520092901017633,-0.6253705344864469
31.88,-0.38700608134950953,0.7590991046053235,-0.585276411087003
31.9,-0.34593405250129877,0.7786572135806619,-0.5715857348042661
31.92,-0.32955413623445284,0.7823243590135378,-0.5823426947407022
31.94,-0.3014393545824038,0.7334290865751918,-0.5718302111664578
31.96,-0.31439660177856554,0.7598325336918986,-0.5972557528343978
31.98,-0.37135959416923875,0.8678910857806436,-0.6661980869724659
32.0,-0.521712556917153,1.1475720441279833,-0.8434434495614705
32.02,-0.6461510252727439,1.1646853894814044,-1.0109097576628059
32.04,-0.5989670873697399,1.1238578369953856,-1.0827858081471748
32.06,-0.4229441065916939,0.9348776090211778,-0.7246279375362894
32.08,-0.3217308926443174,1.051737310148825,-0.24594322036488098
32.1,-0.2608562784585765,1.202334749258931,-0.2408092167588546
32.12,-0.11490389023011337,0.7554319591724475,-0.18898022797420774
32.14,-0.11881551202518106,0.10512483574244415,-0.5830761238272775
32.16,-0.10928093389970357,-0.28432600922898266,-0.6505515997921951
32.18,0.045717079729853616,-0.22394034776762523,-0.42636677566237813
32.2,0.094367875806008,-0.2070714787763958,-0.08458882131833878
32.22,-0.009534578125477493,-0.11368150841915473,0.0026892399841090364
32.24,-0.14521895914188795,0.009045625401094031,-0.34348928887938146
32.26,-0.23763102405036213,0.06674204687834245,-0.746875286495737
32.28,-0.3931179904043028,0.5124224551538673,-1.0593160773767687
32.3,-0.12688323197750817,0.14008495553586162,-0.7825688353757296
32.32,-0.6933349631757479,5.303425725025211,0.4850411025883935
32.34,-0.9478348562173394,-0.30046144913363687,-0.3669590196497876
32.36,-0.10047978486080127,0.7598325336918986,-0.8920942456376248
32.38,-0.27136876203282095,0.6407725453045259,-0.699691348592733
32.4,-0.36011368150841916,0.8180179078935306,-0.5129114078782507
32.42,-0.3452006234147236,0.7916144607768236,-0.3757601686886899
32.44,-0.2923937291813098,0.563518014851939,-0.25767808575008405
32.46,-0.24667664945145615,0.503621306114965,-0.31855269993582497
32.48,-0.23445283134186962,0.6571524615713717,-0.44885860098401736
32.5,-0.2327414968065275,0.8045717079729854,-0.5349142804755065
32.52,-0.2598783730098096,0.8862268129450234,-0.5454267640497509
32.54,-0.28554839103994134,0.8828041438743391,-0.5395593313571494
32.56,-0.29923906732267824,0.7874583626195643,-0.4987317788711304
32.58,-0.31244079088103166,0.7260947957094398,-0.46157137181798735
32.6,-0.3327323289429453,0.781346453564771,-0.466460899061822
32.62,-0.3491122452097913,0.8590899367417413,-0.5028878770283898
32.64,-0.3926290376799193,1.0067536595055466,-0.5554502948996118
32.66,-0.3982519940103291,0.9500351434770651,-0.5332029459401644
32.68,-0.37209302325581395,0.8475995477187299,-0.48919720074565287
32.7,-0.362069492405953,0.8219295296885982,-0.503621306114965
32.72,-0.3779604559484155,0.8872047183937903,-0.5275799896097546
32.74,-0.3610915869571861,0.8691134675916022,-0.48821929529688596
32.76,-0.3349326162026709,0.792103413501207,-0.4588821318338783
32.78,-0.32662041988815205,0.7710784463527183,-0.481862909879901
32.8,-0.32808727806130245,0.8028603734376433,-0.5041102588393485
32.82,-0.3359105216514378,0.8466216422699631,-0.5089997860831831
32.84,-0.34153347798184763,0.8400207804907863,-0.4813739571555175
32.86,-0.34813433976102437,0.818506860617914,-0.4613268954557956
32.88,-0.364758732390062,0.7960150352962748,-0.49286434617852887
32.9,-0.40265256852978026,0.7801240717538123,-0.5427375240656419
32.92,-0.40094123399443815,0.8764477584573541,-0.5077774042722244
32.94,-0.3804052195703328,0.8894050056535159,-0.46181584818017907
32.97,-0.3327323289429453,0.8035938025242184,-0.4510588882437429
32.99,-0.3077957399993888,0.8060385661461358,-0.47061699721908135
33.01,-0.29752773278733613,0.8077499006814779,-0.506310546099074
33.03,-0.30119487822021207,0.7894141735170981,-0.5212236041927696
33.05,-0.3214864162821257,0.8065275188705192,-0.5268465605231794
33.07,-0.355713106988968,0.9231427436359747,-0.5547168658130367
33.09,-0.40069675763224644,1.0268007212052686,-0.5879656510711121
33.11,-0.41634324481251717,1.0023530849860953,-0.5676741130091985
33.13,-0.4476362191730587,0.9216758854628243,-0.4359013537878556
33.15,-0.4046083794273141,1.0502704519756745,-0.6180362436206949
33.17,-0.3772270268618403,0.9351220853833695,-0.6011673746294655
33.19,-0.317574794487058,0.7053143049231427,-0.5791645020322097
33.21,-0.34422271796595666,0.4679277572349723,-0.8290193441921584
33.23,-0.25401094031720806,0.4794181462579837,-0.9050514928337866
33.25,-0.17211135898297833,0.3207529871955505,-0.8163065733581885
33.27,-0.09290101763285762,0.13543990465421873,-0.6600861779176725
33.29,0.021758396235064023,-0.18457965345475658,-0.3486232924854078
33.31,-0.010023530849860953,-0.15793172997585794,-0.25718913302570057
33.33,-0.18971365706078294,0.0799437704366959,-0.4676832808727806
33.35,-0.3087736454481557,0.16991107172325276,-0.7290285120557406
33.37,-0.3383552852733551,0.3701372123582801,-0.532713993215781
33.39,-0.3092625981725392,3.402866485346698,0.36255844513033647
33.41,-1.1703083458118142,1.2016013201723559,-0.36011368150841916
33.43,-0.154264584542982,0.591632796503988,-0.7644775845735415
33.46,-0.3187971762980167,0.7913699844146319,-0.6889343886562967
33.48,-0.424655441127036,0.7745011154234025,-0.607034807322067
33.5,-0.40314152125416375,0.7282950829691655,-0.47452861901414906
33.52,-0.3498456742963665,0.684289337774654,-0.35938025242184396
33.54,-0.2813922928826819,0.6918681050025975,-0.383827888641017
33.56,-0.25547779849035845,0.7735232099746355,-0.4803960517067506
33.58,-0.2694129511352871,0.8928276747242001,-0.5556947712618037
33.6,-0.28408153286679094,0.9126302600617303,-0.5811203129297436
33.62,-0.31390764905418206,0.8879381474803655,-0.5664517311982398
33.64,-0.3381108089111634,0.8554227913088653,-0.5446933349631757
33.66,-0.36011368150841916,0.8537114567735232,-0.53540323319989
33.68,-0.3808941722947162,0.7908810316902485,-0.544448858600984
33.7,-0.38578369953855085,0.7466308101335452,-0.5107111206185252
33.72,-0.3652476851144455,0.7600770100540903,-0.4806405280689423
33.74,-0.36818140146074624,0.7881917917061394,-0.48993062983222807
33.76,-0.3452006234147236,0.8194847660666809,-0.48724138984811904
33.78,-0.31268526724322343,0.8165510497203802,-0.47306176084099866
33.8,-0.2965498273385692,0.8062830425083275,-0.4803960517067506
33.82,-0.2899489655593925,0.8182623842557223,-0.5016654952174312
33.84,-0.30046144913363687,0.8207071478776395,-0.5143782660514011
33.86,-0.31488555450294897,0.8097057115790117,-0.5097332151697582
33.88,-0.32833175442349416,0.80946123521682,-0.49848730250893863
33.9,-0.3388442379977386,0.795770558934083,-0.4850411025883935
33.92,-0.35986920514622744,0.7639886318491581,-0.5080218806344161
33.94,-0.42832258655991196,0.7806130244781957,-0.539070378632766
33.96,-0.3940958958530697,0.8803593802524218,-0.5124224551538673
33.98,-0.37282645234238915,0.8718027075757112,-0.5048436879259236
34.0,-0.3444671943281484,0.8055496134217522,-0.49359777526510407
34.02,-0.30168383094459555,0.7969929407450417,-0.4772178589982581
34.04,-0.2892155364728173,0.7977263698316169,-0.49139748800537847
34.06,-0.2909268710081594,0.8097057115790117,-0.5175564587598936
34.08,-0.31219631451883995,0.8260856278458576,-0.5341808513889313
34.1,-0.3359105216514378,0.8385539223176359,-0.5468936222229013
34.12,-0.3623139687681447,0.9123857836995385,-0.5610732512300217
34.14,-0.40191913944320506,1.0419582556611557,-0.5962778473856309
34.16,-0.4486141246218256,1.1365706078293554,-0.6283042508327475
34.18,-0.4530146991412768,0.8128839042875042,-0.40265256852978026
34.2,-0.3398221434465055,0.9999083213641781,-0.47403966628976557
34.22,-0.35791339424869356,0.8387983986798276,-0.5860098401735782
34.24,-0.3217308926443174,0.6045900437001497,-0.6974910613330073
34.26,-0.2916603000947346,0.6527518870519207,-1.0211777648748586
34.28,-0.20511566787886196,0.532713993215781,-1.1040552516578552
34.3,-0.033248785258075356,0.11685970112764722,-0.721449744827797
34.32,0.07114262139779359,0.03569354887999267,-0.276747242001039
34.34,0.013201723558353452,-0.03764935977752651,-0.12590532652874126
34.36,-0.2119610060202304,-0.1127036029703878,-0.4803960517067506
34.38,-0.31561898358952417,-0.16746630810133545,-0.7950371298475079
34.4,-0.46254927726675427,0.20682700241420407,-0.5908993674174128
34.42,-0.42832258655991196,1.5150200165021543,0.2772361947254225
34.44,-0.8128839042875042,2.896311462885432,-0.08458882131833878
34.46,-0.3911621795067689,0.4148763866393668,-1.028023103016227
34.48,-0.2611007548207683,0.5997005164563152,-1.0994102007762123
34.5,-0.29948354368486996,0.8192402897044891,-0.9104299728020047
34.52,-0.32955413623445284,0.8243742933105155,-0.6177917672585032
34.54,-0.317574794487058,0.8942945328973505,-0.3794273141215659
34.56,-0.2772361947254225,0.7397854719921767,-0.33150994713198667
34.58,-0.25498884576597497,0.5300247532316719,-0.4530146991412768
34.6,-0.25621122757693365,0.6322158726278153,-0.5454267640497509
34.62,-0.27087980930843747,0.7828133117379213,-0.53540323319989
34.64,-0.3060844054640467,0.9331662744858357,-0.5522721021911193
34.66,-0.3351770925648626,1.0346239647954039,-0.5899214619686459
34.68,-0.3542462488158176,0.9779054487669223,-0.6402835925801424
34.7,-0.35620205971335145,0.8028603734376433,-0.6329493017143905
34.72,-0.34104452525746415,0.7163157412217706,-0.6004339455428903
34.74,-0.32906518351006936,0.6845338141368457,-0.6065458545976836
34.76,-0.3368884271002047,0.6503071234300033,-0.5816092656541271
34.78,-0.35375729609143414,0.7280506066069736,-0.5586284876081044
34.8,-0.3261314671637686,0.8170400024447636,-0.5493383858448186
34.82,-0.3099960272591144,0.7705894936283348,-0.5415151422546832
34.84,-0.2926382055435015,0.7248724138984812,-0.5620511566787886
34.86,-0.28237019833144883,0.7226721266387556,-0.5728081166152248
34.88,-0.2862818201265165,0.8011490389023012,-0.5649848730250894
34.9,-0.2782141001741894,0.8490664058918803,-0.5845429820004279
34.91,-0.26721266387556153,0.8006600861779176,-0.6175472908963114
34.93,-0.2508327476087156,0.6036121382513828,-0.5446933349631757
34.95,-0.28090334015829843,0.5808758365675518,-0.4967759679735965
34.97,-0.2965498273385692,0.7833022644623048,-0.749564526479846
34.99,-0.31268526724322343,0.8505332640650307,-0.900161965589952
35.01,-0.26672371115117804,0.6153470036365859,-0.8277969623811997
35.03,-0.21685053326406503,0.5525165785533112,-0.7366072792836842
35.05,-0.22980778046022673,0.5043547352015402,-0.6559300797604132
35.07,-0.2525440821440577,0.40216361580539683,-0.6011673746294655
35.09,-0.30412859456651287,0.5212236041927696,-0.5965223237478227
35.11,-0.3505791033829417,0.6718210433028756,-0.16331020994407602
35.13,-0.43027839745744584,1.7925006875897687,0.005867432692601534
35.15,-0.22834092228707636,1.167863582189897,-0.4085200012223818
35.17,-0.22002872597255752,0.7598325336918986,-0.7595880573297069
35.19,-0.2652568529780277,0.7062922103719097,-0.6852672432234208
35.21,-0.26574580570241113,0.6757326650979433,-0.5813647892919354
35.23,-0.3036396418421294,0.7991932280047672,-0.6791553341686276
35.25,-0.29386058735446013,0.7691226354551844,-0.7483421446688873
35.27,-0.2603673257341931,0.5234238914524951,-0.6913791522782141
35.29,-0.2317635913577606,0.4637716590777129,-0.6331937780765822
35.31,-0.20853833694954618,0.31072945634568955,-0.5295358005072884
35.33,-0.31610793631390766,0.5693854475445406,0.08850044311340648
35.35,-0.507288451547841,2.133300736485041,-0.0014668581731503835
35.37,-0.25596675121474194,1.0197109067017083,-0.5620511566787886
35.39,-0.22736301683830945,0.7124041194267029,-0.78403569354888
35.41,-0.24643217308926443,0.5769642147724842,-0.8043272316107937
35.43,-0.2950829691654188,0.7837912171866882,-0.6759771414601351
35.45,-0.3029062127555542,0.8128839042875042,-0.5405372368059164
35.47,-0.29972802004706167,0.7683892063686092,-0.5344253277511231
35.49,-0.28359258014240746,0.730495370228891,-0.6138801454634355
35.51,-0.264034471167069,0.8216850533264065,-0.7789016899428536
35.53,-0.2694129511352871,0.41218714665525774,-0.824863246034899
35.55,-0.2493658894355652,0.12370503926901567,-0.4938422516272958
35.57,-0.2892155364728173,1.3253063594413714,-0.06992023958683495
35.59,-0.3906732267823855,1.5130642056046206,0.13861809736271125
35.61,-0.2542554166793998,1.1236133606331937,-0.3065733581884301
35.63,-0.26672371115117804,0.5209791278305779,-0.5569171530727622
35.65,-0.26501237661583593,0.6867341013965712,-0.5016654952174312
35.67,-0.28603734376432477,0.647862359808086,-0.5314916114048223
35.69,-0.3099960272591144,0.8669131803318767,-0.6454175961861688
35.71,-0.2779696238119977,0.8263301042080494,-0.6241481526754882
35.73,-0.2405647403966629,0.7720563518014851,-0.6067903309598753
35.75,-0.22125110778351617,0.7185160284814962,-0.5840540292760443
35.77,-0.22736301683830945,0.7935702716743575,-0.6948018213488983
35.79,-0.23567521315282827,0.6011673746294655,-0.8101946643033952
35.81,-0.2412981694832381,0.2574336093878923,-0.6300155853680897
35.83,-0.24252055129419675,0.7344069920239586,0.04204993429697766
35.85,-0.47575100082510774,1.8328392873514041,-0.07114262139779359
35.87,-0.21049414784708004,0.9480793325795311,-0.39531827766402833
35.9,-0.2733245729303548,0.5701188766311157,-0.47452861901414906
35.92,-0.3200195581089753,0.780368548116004,-0.4940867279894875
35.94,-0.31781927084924977,0.8898939583778993,-0.49017510619441984
35.96,-0.30119487822021207,0.8947834856217339,-0.4698835681325062
35.98,-0.26916847477309536,0.859334413103933,-0.462793753628946
36.0,-0.2789475292607646,0.8678910857806436,-0.4786847171714085
36.02,-0.31464107814075726,0.843932402285854,-0.4940867279894875
36.04,-0.32588699080157685,0.8935611038107752,-0.4649940408886716
36.06,-0.3068178345506219,0.8989395837789933,-0.41609876845032545
36.08,-0.29557192188980225,0.8373315405066772,-0.42489991748922773
36.1,-0.2779696238119977,0.813128380649696,-0.4383461174097729
36.12,-0.27039085658405404,0.8422210677505119,-0.4371237355988143
36.14,-0.264034471167069,0.8867157656694068,-0.4244109647648443
36.16,-0.27063533294624575,0.9153195000458393,-0.4293004920086789
36.18,-0.27943648198514803,0.9189866454787152,-0.4667053754240137
36.2,-0.29459401644103533,0.9539467652721327,-0.49359777526510407
36.22,-0.3244201326284265,1.0688506555022461,-0.5334474223023561
36.24,-0.3317544234941784,1.0365797756929376,-0.4535036518656602
36.26,-0.36255844513033647,1.0334015829844452,-0.12908351923723374
36.28,-0.30266173639336247,1.1478165204901751,-0.4970204443357883
36.3,-0.33859976163554684,0.5923662255905632,-0.5904104146930294
36.32,-0.2518106530574825,0.6894233413806803,-0.5816092656541271
36.34,-0.18726889343886563,0.9038291110228279,-0.8913608165510497
36.36,-0.21685053326406503,0.8009045625401093,-0.9666595361061027
36.377,-0.09950187941203435,0.49922073159551383,-0.7351404211105339
36.397,-0.04033859976163555,0.11465941386792164,-0.47135042630565654
36.417,-0.014424105369312105,-0.06160804327231611,-0.22565168230296734
36.437,-0.08092167588546283,0.07774348317697033,-0.23445283134186962
36.457,-0.2655013293402194,0.08238853405861321,-0.48821929529688596
36.477,-0.3975185649237539,0.19338080249365888,-0.6637533233505485
36.497,-0.18482412981694832,0.4522812700547016,-0.11245912660819607
36.517,-0.3346881398404792,1.824771567399077,0.9512575252880237
36.537,-0.9162974054946063,3.2275769336552274,-0.4513033646059347
36.557,-0.289460012835009,0.4068086666870397,-0.7370962320080677
36.577,-0.10365797756929376,0.9287656999663845,-0.6520184579653454
36.597,-0.24423188582953886,0.972771445160896,-0.4341900192525135
36.617,-0.28285915105583226,1.0250893866699264,-0.2813922928826819
36.637,-0.2972832564251444,0.9211869327384409,-0.21367234055557252
36.657,-0.24398740946734712,0.619747578156037,-0.19607004247776794
36.677,-0.24032026403447115,0.5838095529138526,-0.3073067872750053
36.697,-0.23763102405036213,0.7461418574091617,-0.3317544234941784
36.717,-0.2611007548207683,0.9077407328178957,-0.31195183815664823
36.737,-0.2901934419215842,1.1189683097515508,-0.3967851358371787
36.757,-0.3109739327078813,1.1519726186474346,-0.43370106652813006
36.777,-0.3099960272591144,1.0140879503712985,-0.43516792470128046
36.797,-0.31390764905418206,0.9089631146288543,-0.44812517189744216
36.817,-0.32808727806130245,0.821196100602023,-0.4383461174097729
36.837,-0.3334657580295205,0.7925923662255906,-0.38725055771170125
36.86,-0.3173303181248663,0.8082388534058613,-0.2943495400788436
36.88,-0.31146288543226475,0.8524890749625645,-0.2618341839073435
36.9,-0.304862023653088,0.8578675549307826,-0.28823763102405037
36.92,-0.27234666748158787,0.8515111695137976,-0.2972832564251444
36.94,-0.2510772239709073,0.9006509183143354,-0.32490908535280993
36.96,-0.26990190385967056,0.9260764599822754,-0.3652476851144455
36.98,-0.30168383094459555,0.90554044555817,-0.3967851358371787
37.0,-0.3109739327078813,0.8681355621428353,-0.3640253033034868
37.02,-0.31219631451883995,0.8221740060507899,-0.30119487822021207
37.04,-0.32417565626623474,0.9590807688781591,-0.27063533294624575
37.06,-0.3334657580295205,1.0025975613482871,-0.28652629648870825
37.08,-0.3376218561867799,0.9008953946765272,-0.34568957613910706
37.1,-0.3214864162821257,0.8260856278458576,-0.374782263239923
37.12,-0.3454450997769153,0.8537114567735232,-0.36158053968156956
37.14,-0.35522415426458454,0.979127830577881,-0.28970448919720077
37.16,-0.3246646089906182,0.9820615469241818,-0.25767808575008405
37.18,-0.2755248601900804,0.9089631146288543,-0.25694465666350885
37.2,-0.22271796595666657,0.8678910857806436,-0.28114781652049015
37.22,-0.23518626042844482,0.8928276747242001,-0.36255844513033647
37.24,-0.2591449439232344,0.9874400268923998,-0.43076735018182927
37.26,-0.2774806710876142,1.0632276991718363,-0.43296763744155486
37.28,-0.30070592549582864,1.0532041683219753,-0.38333893591663354
37.3,-0.28188124560706534,0.9815725941997983,-0.3540017724536259
37.32,-0.28750420193747517,0.9544357179965162,-0.35938025242184396
37.34,-0.2919047764569263,0.938300278091862,-0.3918956085933441
37.35,-0.2899489655593925,0.9478348562173394,-0.5070439751856493
37.37,-0.26745714023775324,0.8642239403477676,-0.5080218806344161
37.39,-0.24741007853803135,0.9930629832228096,-0.5666962075604315
37.41,-0.22051767869694097,0.9138526418726889,-0.5808758365675518
37.43,-0.19973718791064388,0.7170491703083458,-0.5911438437796045
37.45,-0.19460318430461754,0.48773034257250253,-0.5754973565993338
37.47,-0.16648840265256853,0.36989273599608835,-0.47110594994346483
37.49,-0.19338080249365888,0.3205085108333588,-0.48968615347003636
37.51,-0.2158726278152981,0.34740091067444917,-0.6305045380924732
37.53,-0.23029673318461022,0.04498365064327843,-0.6551966506738379
37.55,-0.08409986859395532,-0.12272713382024875,0.11710417748983895
37.57,-0.5764752620481007,0.8740029948354369,0.7889252207927145
37.59,-0.6485957888946612,3.643431225743361,-0.7082480212694435
37.61,-0.37600464505088166,0.6889343886562967,-0.7400299483543684
37.63,-0.08018824679888763,0.7556764355346393,-0.6860006723099961
37.65,-0.15768725361366623,0.9162974054946063,-0.519023316933044
37.67,-0.24594322036488098,0.9999083213641781,-0.383827888641017
37.69,-0.2755248601900804,0.8678910857806436,-0.26012284937200136
37.71,-0.23005225682241848,0.6916236286404058,-0.17088897717201967
37.73,-0.2021819515325612,0.6402835925801424,-0.20193747517036947
37.75,-0.21244995874461386,0.7075145921828683,-0.30412859456651287
37.77,-0.23078568590899368,0.8243742933105155,-0.39531827766402833
37.79,-0.2508327476087156,1.0094428994896556,-0.4087644775845735
37.81,-0.2625676129939186,1.166152247654555,-0.362069492405953
37.83,-0.26599028206460285,1.1947559820309874,-0.32979861259664456
37.85,-0.27112428567062924,1.1045442043822387,-0.308529169085964
37.87,-0.27234666748158787,0.932921798123644,-0.2916603000947346
37.89,-0.2735690492925465,0.8380649695932524,-0.28383705650459923
37.91,-0.32564251443938513,0.8043272316107937,-0.29801668551171956
37.93,-0.2892155364728173,0.912874736423922,-0.23714207132597867
37.95,-0.27063533294624575,0.9757051615071968,-0.24325398038077192
37.97,-0.26965742749747884,0.9343886562967942,-0.2765027656388473
37.99,-0.2412981694832381,0.8962503437948843,-0.2750359074656969
38.01,-0.22271796595666657,0.8918497692754331,-0.2718577147572044
38.03,-0.2271185404761177,0.920942456376249,-0.27234666748158787
38.05,-0.23689759496378693,0.9730159215230877,-0.28897106011062557
38.07,-0.2478990312624148,0.9730159215230877,-0.302172783668979
38.09,-0.25694465666350885,0.9177642636677567,-0.3051065000152798
38.11,-0.27112428567062924,0.884759954771873,-0.31121840907007303
38.13,-0.28823763102405037,0.868380038505027,-0.32979861259664456
38.15,-0.3200195581089753,0.9143415945970724,-0.34397824160376494
38.17,-0.29386058735446013,1.000886226812945,-0.25767808575008405
38.19,-0.28016991107172323,0.9994193686397946,-0.21758396235064023
38.21,-0.26794609296213673,0.9265654127066589,-0.2493658894355652
38.23,-0.24447636219173058,0.8845154784096813,-0.28163676924487363
38.25,-0.24398740946734712,0.9026067292118694,-0.2972832564251444
38.27,-0.242276074932005,0.9414784708003545,-0.2919047764569263
38.29,-0.25572227485255017,0.9551691470830914,-0.2796809583473398
38.31,-0.2655013293402194,0.9842618341839073,-0.3070623109128136
38.34,-0.28457048559117437,0.9889068850655502,-0.25645570393912537
38.36,-0.2743024783791217,1.0356018702441707,-0.15817620633804969
38.38,-0.31635241267609937,1.10894477890169,-0.24887693671118175
38.4,-0.3454450997769153,0.9764385905937719,-0.5525165785533112
38.42,-0.31317421996760686,0.8625126058124255,-0.6385722580448003
38.44,-0.23836445313693733,0.8845154784096813,-0.5757418329615255
38.46,-0.22882987501145982,0.9004064419521437,-0.6092350945817926
38.48,-0.20609357332762887,0.7256058429850564,-0.5906548910552211
38.5,-0.1623323044953091,0.5312471350426305,-0.49139748800537847
38.52,-0.1246829447177826,0.3940958958530697,-0.41854353207224276
38.54,-0.10879198117532012,0.4498365064327843,-0.4368792592366226
38.56,-0.188735751612016,0.48773034257250253,-0.5693854475445406
38.58,-0.20169299880817773,0.29948354368486996,-0.6505515997921951
38.6,-0.2503437948843321,0.14106286098462856,-0.4549705100388106
38.62,-0.3623139687681447,0.37355988142896435,0.5324695168535892
38.64,-0.5270910368853712,3.8703052898572867,-0.1095254102618953
38.66,-0.3852947468141674,0.5077774042722244,-0.5659627784738563
38.68,-0.16819973718791065,0.6974910613330073,-0.6613085597286312
38.7,-0.22125110778351617,0.9184976927543318,-0.4224551538673105
38.72,-0.280414387433915,0.9581028634293921,-0.2618341839073435
38.74,-0.31317421996760686,0.7996821807291508,-0.17113345353421142
38.76,-0.28334810378021574,0.6490847416190447,-0.19289184976927543
38.78,-0.2598783730098096,0.6791553341686276,-0.3117073617944565
38.8,-0.23860892949912904,0.7710784463527183,-0.3359105216514378
38.81,-0.2246737768542004,0.8913608165510497,-0.3412890016196559
38.83,-0.2317635913577606,1.1023439171225131,-0.35449072517800934
38.85,-0.25205512941967423,1.1981786511016717,-0.31439660177856554
38.87,-0.26892399841090364,1.0370687284173212,-0.3209974635577423
38.89,-0.28481496195336614,0.9052959691959783,-0.3187971762980167
38.91,-0.3046175472908963,0.8608012712770834,-0.30168383094459555
38.93,-0.34031109617088895,0.8351312532469517,-0.3285762307856859
38.95,-0.3496011979341747,0.8759588057329707,-0.3046175472908963
38.97,-0.3060844054640467,0.9625034379488433,-0.2669681875133698
38.99,-0.28237019833144883,0.9471014271307643,-0.2772361947254225
39.01,-0.25621122757693365,0.9358555144699446,-0.2821257219692571
39.03,-0.25767808575008405,0.9708156342633621,-0.2095162423983131
39.05,-0.2791920056229563,1.0224001466858172,-0.17773431531338812
39.07,-0.293127158267885,0.9622589615866516,-0.40069675763224644
39.09,-0.2762582892766556,0.8991840601411851,-0.568896494820157
39.11,-0.25132170033309903,0.9248540781713168,-0.6593527488310974
39.13,-0.23469730770406136,0.916541881856798,-0.6221923417779543
39.15,-0.2214955841457079,0.7194939339302631,-0.5483604803960517
39.17,-0.2158726278152981,0.5662072548360481,-0.5417596186168749
39.19,-0.21611710417748983,0.6666870396968493,-0.6527518870519207
39.21,-0.21220548238242215,0.5517831494667359,-0.5972557528343978
39.23,-0.2134278641933808,0.24569874400268923,-0.5045992115637319
39.25,-0.21416129327995598,-0.10365797756929376,0.1391070500870947
39.27,-0.469150139045931,1.9323411667634385,0.3779604559484155
39.29,-0.5928551783149466,2.807566543409834,-0.43345659016593835
39.3,-0.35669101243773493,0.9615255325000763,-0.6904012468294471
39.32,-0.16453259175503468,0.6600861779176725,-0.6143690981878189
39.34,-0.1990037588240687,0.8622681294502338,-0.41218714665525774
39.36,-0.2892155364728173,0.9008953946765272,-0.4217217247807353
39.38,-0.32808727806130245,0.9143415945970724,-0.4825963389664762
39.4,-0.28652629648870825,0.7434526174250528,-0.5160896005867432
39.42,-0.195092137029001,0.6283042508327475,-0.5818537420163188
39.44,-0.18091250802188064,0.7033584940256089,-0.5266020841609876
39.46,-0.21538367509091463,0.5642514439385142,-0.53540323319989
39.48,-0.20878281331173792,0.16355468630626777,-0.16673287901476025
39.5,-0.40069675763224644,1.9071601014576902,0.22931882773584328
39.52,-0.47232833175442346,1.4629465513553157,-0.305839929101855
39.54,-0.2095162423983131,0.8713137548513278,-0.5845429820004279
39.56,-0.17626745714023775,0.7234055557253308,-0.49041958255661156
39.58,-0.280414387433915,0.8263301042080494,-0.48455214986401
39.6,-0.29899459096048653,0.8930721510863918,-0.5432264767900253
39.62,-0.2349417840662531,0.717782599394921,-0.4926198698163371
39.64,-0.15695382452709103,0.6053234727867249,-0.5212236041927696
39.66,-0.25132170033309903,0.61167985820371,-0.5864987928979617
39.68,-0.21049414784708004,0.4923753934541454,-0.4520367936925098
39.7,-0.27943648198514803,0.33859976163554684,0.009779054487669223
39.72,-0.4588821318338783,2.423983131131009,0.0046450508816428815
39.74,-0.3606026342328026,0.9683708706414448,-0.33028756532102804
39.76,-0.2126944351068056,0.7696115881795679,-0.4965314916114048
39.78,-0.21318338783118906,0.8009045625401093,-0.48919720074565287
39.797,-0.26672371115117804,0.9126302600617303,-0.4085200012223818
39.817,-0.28750420193747517,0.8224184824129817,-0.39996332854567124
39.837,-0.2743024783791217,0.8561562203954405,-0.48748586621031076
39.857,-0.2254072059407756,0.8246187696727073,-0.5200012223818109
39.877,-0.16208782813311737,0.7378296610946429,-0.5728081166152248
39.897,-0.16257678085750082,0.6410170216667176,-0.642483879839868
39.917,-0.17553402805366256,0.3373773798245882,-0.5151116951379764
39.937,-0.17455612260489564,0.053540323319988994,-0.07309843229532745
39.957,-0.4090089539467653,2.6066069736882316,0.15817620633804969
39.977,-0.41536533936375025,0.9072517800935122,-0.24594322036488098
39.997,-0.24178712220762155,0.6615530360908229,-0.41047581211991563
40.017,-0.2608562784585765,0.8016379916266846,-0.28579286740213306
40.037,-0.31781927084924977,1.0351129175197873,-0.20682700241420407
40.057,-0.3063288818262384,1.0060202304189714,-0.19069156250954986
40.077,-0.24398740946734712,0.8950279619839256,-0.16673287901476025
40.097,-0.19802585337530176,0.9285212236041928,-0.17846774439996332
40.117,-0.21318338783118906,1.0292454848271857,-0.2102496714848883
40.137,-0.26574580570241113,1.044403019283073,-0.19778137701311005
40.157,-0.25547779849035845,1.0519817865110166,-0.14277419551997067
40.177,-0.26721266387556153,0.9783944014913057,-0.17040002444763622
40.197,-0.27234666748158787,0.9150750236836476,-0.24423188582953886
40.217,-0.2765027656388473,0.9008953946765272,-0.264034471167069
40.237,-0.26819056932432844,0.93096598722611,-0.2053601442410537
40.257,-0.25229960578186594,0.9397671362650124,-0.18409070073037312
40.29,-0.2405647403966629,0.9928185068606179,-0.25572227485255017
40.31,-0.25156617669529074,1.0668948446047122,-0.2755248601900804
40.33,-0.24569874400268923,1.0879198117532012,-0.23763102405036213
40.35,-0.2630565657183021,1.0847416190447086,-0.059896708736973996
40.37,-0.233230449530911,1.1473275677657917,-0.13886257372490296
40.39,-0.2909268710081594,0.922898267273783,-0.39287351404211107
40.41,-0.25694465666350885,0.7334290865751918,-0.4412798337560737
40.43,-0.23005225682241848,0.8180179078935306,-0.5803868838431684
40.45,-0.1975369006509183,0.8143507624606545,-0.6811111450661614
40.47,-0.160620969959967,0.6933349631757479,-0.6334382544387739
40.49,-0.10805855208874492,0.5222015096415366,-0.46108241909360387
40.51,-0.10268007212052685,0.37111511780704703,-0.38578369953855085
40.53,-0.14497448277969624,0.4058307612382728,-0.4366347828744308
40.55,-0.19411423158023408,0.4510588882437429,-0.5578950585215292
40.57,-0.22418482412981694,0.5561837239861871,-0.6698652324053418
40.59,-0.2222290132322831,0.43223420835497967,-0.5312471350426305
40.61,-0.2733245729303548,0.19460318430461754,0.18653546435229043
40.63,-0.41609876845032545,2.741313449255875,0.06723099960272591
40.65,-0.46157137181798735,1.315771781315894,-0.3310209944076032
40.67,-0.26672371115117804,1.0402469211258136,-0.6630198942639733
40.69,-0.20120404608379427,0.8187513369801057,-0.47623995354949117
40.71,-0.2752803838278886,0.8590899367417413,-0.31292974360541514
40.73,-0.3244201326284265,0.9857286923570577,-0.16355468630626777
40.75,-0.27943648198514803,1.0096873758518472,-0.2246737768542004
40.78,-0.25058827124652383,0.7014026831280751,-0.3877395104360847
40.8,-0.25670018030131714,0.776701402683128,-0.43150077926840447
40.82,-0.25938942028542616,0.9148305473214559,-0.4087644775845735
40.84,-0.28285915105583226,0.9194755982030988,-0.3368884271002047
40.86,-0.2469211258136479,1.0752070409192311,-0.28334810378021574
40.88,-0.21220548238242215,1.0507594047000581,-0.3371329034623965
40.9,-0.2070714787763958,0.8319530605384592,-0.37111511780704703
40.92,-0.2349417840662531,0.7314732756776579,-0.38871741588485165
40.94,-0.2349417840662531,0.8221740060507899,-0.34226690706842283
40.96,-0.2596338966476179,0.9004064419521437,-0.28652629648870825
40.98,-0.29532744552761053,0.9720380160743208,-0.2535219875928246
41.0,-0.2943495400788436,0.9918406014118509,-0.242276074932005
41.02,-0.2694129511352871,0.9681263942792531,-0.24325398038077192
41.04,-0.23934235858570424,0.9507685725636402,-0.2510772239709073
41.06,-0.22589615866515905,0.9158084527702227,-0.26134523118296
41.08,-0.22320691868105003,0.9241206490847416,-0.2772361947254225
41.1,-0.2197842496103658,0.9598141979647342,-0.26599028206460285
41.12,-0.22027320233474926,0.9451456162332305,-0.25058827124652383
41.14,-0.23689759496378693,0.8850044311340647,-0.26916847477309536
41.16,-0.2916603000947346,0.8544448858600984,-0.31488555450294897
41.18,-0.2972832564251444,0.96910429972802,-0.2611007548207683
41.2,-0.28554839103994134,1.0373132047795128,-0.20438223879228676
41.22,-0.26501237661583593,0.9703266815389787,-0.2254072059407756
41.24,-0.24961036579775692,0.9048070164715949,-0.24838798398679826
41.25,-0.22662958775173425,0.8788925220792715,-0.25401094031720806
41.27,-0.2180729150750237,0.9043180637472115,-0.26721266387556153
41.29,-0.22198453687009137,0.96910429972802,-0.2725911438437796
41.31,-0.22980778046022673,0.9950187941203434,-0.2581670384744675
41.33,-0.24472083855392232,0.9967301286556856,-0.22809644592488462
41.35,-0.26134523118296,0.9774164960425389,-0.21929529688598234
41.37,-0.27943648198514803,0.9752162087828133,-0.16037649359777525
41.39,-0.25498884576597497,1.0346239647954039,-0.1975369006509183
41.41,-0.3209974635577423,0.9898847905143171,-0.4491030773462091
41.43,-0.34300033615499803,0.9478348562173394,-0.6427283562020597
41.45,-0.22174006050789963,0.9258319836200837,-0.5388259022705743
41.47,-0.2285853986492681,0.8766922348195458,-0.5415151422546832
41.49,-0.2327414968065275,0.79674846438285,-0.5911438437796045
41.51,-0.1902026097851664,0.6503071234300033,-0.5107111206185252
41.53,-0.16819973718791065,0.5764752620481007,-0.4977538734223635
41.55,-0.16893316627448582,0.44543593191333314,-0.5160896005867432
41.57,-0.14326314824435413,0.34740091067444917,-0.40974238303334043
41.59,-0.17651193350242947,0.37111511780704703,-0.4317452556305962
41.61,-0.2222290132322831,0.4429911682914158,-0.37209302325581395
41.63,-0.24887693671118175,0.16331020994407602,-0.002444763621917306
41.65,-0.48332976805305133,3.086269596308407,0.043516792470128046
41.67,-0.3390887143599303,1.3387525593619167,0.014913058093695565
41.69,-0.21685053326406503,0.900161965589952,-0.4960425388870214
41.71,-0.28725972557528345,0.8104391406655869,-0.4060752376004645
41.73,-0.3219753690065092,0.8803593802524218,-0.3505791033829417
41.74,-0.352045961556092,0.8698468966781774,-0.3498456742963665
41.76,-0.36084711059499436,0.7705894936283348,-0.2941050637166519
41.78,-0.29703878006295265,0.6630198942639733,-0.2134278641933808
41.8,-0.24814350762460655,0.7661889191088836,-0.23787550041255387
41.82,-0.2625676129939186,0.6776884759954772,-0.24423188582953886
41.84,-0.32735384897472725,0.6517739816031537,-0.2518106530574825
41.86,-0.44470250282675794,0.8576230785685909,-0.3962961831127953
41.88,-0.4510588882437429,0.865690798520918,-0.47477309537634077
41.9,-0.46157137181798735,0.6393056871313755,-0.4349234483390887
41.92,-0.43003392109525407,0.41047581211991563,-0.3740488341533478
41.94,-0.42734468111114504,0.43076735018182927,-0.2909268710081594
41.96,-0.49213091709195367,0.47061699721908135,-0.24863246034899
41.98,-0.4381016410475812,0.22002872597255752,-0.18751336980105734
42.0,-0.4967759679735965,0.2324970204443358,-0.09925740304984261
42.02,-0.5972557528343978,0.31855269993582497,-0.14595238822846315
42.04,-0.6811111450661614,0.41927696115881796,-0.20927176603612138
42.06,-0.770345017266143,0.4581487027473031,-0.2180729150750237
42.08,-0.9180087400299484,0.5512941967423525,-0.22394034776762523
42.1,-1.0827858081471748,0.469150139045931,-0.1743116462427039
42.12,-1.239495156312074,0.3764935977752651,-0.10732512300216973
42.14,-1.4257861443021727,0.3368884271002047,0.07798795953916206
42.16,-1.586162637899948,0.32417565626623474,0.0799437704366959
42.18,-1.7656082877486783,0.406564190324848,0.042783363383552854
42.2,-1.7969012621092197,0.38260550683005834,-0.01711334535342114
42.22,-1.747761513308682,0.39849647037252084,-0.05182898878464688
42.23,-1.6604834520062342,0.42807811019772024,-0.06380833053204168
42.25,-1.524554594627632,0.43296763744155486,-0.07774348317697033
42.27,-1.3986492680988907,0.4324786847171714,-0.08043272316107936
42.29,-1.2891238578369955,0.41560981572594197,-0.0686978577758763
42.31,-1.202334749258931,0.4390795464963481,-0.062096995996699565
42.33,-1.1316810805855209,0.4642606118020964,-0.053295846957797266
42.35,-1.0615163646364942,0.490908535280995,-0.04889527243834611
42.37,-1.0038199431592458,0.5219570332793448,-0.058185374201631876
42.39,-0.9449011398710387,0.5300247532316719,-0.07040919231121841
42.41,-0.9133636891483055,0.529046847782905,-0.09216758854628243
42.43,-0.9018733001252941,0.5180454114842771,-0.12932799559942548
42.45,-0.921920361825016,0.4816184335177092,-0.16526602084160988
42.47,-0.9490572380282981,0.4530146991412768,-0.17846774439996332
42.49,-1.0148213794578735,0.4195214375210097,-0.19875928246187696
42.51,-1.079852091800874,0.390184274058002,-0.2056046206032454
42.53,-1.135103749656205,0.3491122452097913,-0.19313632613146717
42.55,-1.16688567674113,0.31048497998349783,-0.16184335177092565
42.57,-1.168597011276472,0.28237019833144883,-0.12028237019833145
42.59,-1.1221465024600434,0.26916847477309536,-0.0887449194755982
42.61,-1.269565748861657,0.6036121382513828,0.24105369312104635
42.63,-1.3720013446199921,-0.07701005409039513,0.5011765424930477
42.65,-1.1392598478134646,-0.45741527366072793,0.48406319713962653
42.67,-1.001864132261712,-0.44396907374018274,0.2173394859884485
42.69,-1.057115790117043,-0.2909268710081594,0.018824679888763254
42.71,-1.0600495064633437,-0.08678910857806435,-0.09412339944381627
42.73,-1.1918222656846866,0.07701005409039513,-0.07383186138190263
42.75,-1.0602939828255356,0.03642697796656786,0.04522812700547016
42.77,-1.0077315649543135,0.28554839103994134,0.16037649359777525
42.79,-0.972771445160896,0.3933624667664945,0.27161323839501267
42.81,-0.9820615469241818,0.516334076948935,0.29606087461418573
42.83,-0.9994193686397946,0.5231794150903034,0.2542554166793998
42.85,-0.9930629832228096,0.47257280811661523,0.30266173639336247
42.87,-0.9436787580600801,0.3830944595544418,0.3943403722152614
42.89,-0.890138434740091,0.27943648198514803,0.44641383736210005
42.91,-0.8424655441127036,0.2070714787763958,0.40974238303334043
42.93,-0.8674021330562601,0.16991107172325276,0.28897106011062557
42.95,-0.9625034379488433,0.14521895914188795,0.1877578461632491
42.97,-1.383980686367387,0.0623414723588913,0.09901292668765088
42.99,-1.106988968004156,-0.3053509763774715,0.19411423158023408
43.01,-1.1226354551844269,-0.43223420835497967,0.07701005409039513
43.03,-1.3742016318797177,-0.34740091067444917,-0.02884821073862421
43.05,-0.9686153470036366,-0.35449072517800934,0.15768725361366623
43.07,-1.0830302845093664,0.1909360388717416,0.24594322036488098
43.09,-1.221403905509886,0.2645234238914525,0.25670018030131714
43.11,-1.3392415120863002,0.12003789383613972,0.3476453870366409
43.13,-1.2925465269076797,-0.2623231366317269,0.4148763866393668
43.15,-1.3509763774715031,-0.42905601564648715,0.27136876203282095
43.17,-1.4294532897350487,-0.39996332854567124,0.12566085016654951
43.19,-1.608898939583779,-0.34397824160376494,0.13226171194572625
43.21,-1.6162332304495308,-0.40118571035662987,0.10365797756929376
43.23,-1.5546251871772148,-0.31366317269199034,-0.027136876203282093
43.25,-1.432631482443541,-0.3068178345506219,-0.15793172997585794
43.27,-1.1502612841120925,-0.3300430889588363,-0.242276074932005
43.29,-1.0282675793784188,-0.11441493750572991,-0.33224337621856187
43.31,-1.0566268373926595,0.13055037741038414,-0.6212144363291874
43.33,-0.9468569507685726,-0.0041560981572594195,-0.673287901476026
43.35,-0.9294991290529597,-0.08825596675121473,-0.6982244904195826
43.37,-0.916541881856798,0.0686978577758763,-0.5285578950585215
43.39,-0.8671576566940684,0.19338080249365888,-0.2454542676404975
43.41,-0.864712893072151,0.2615897075451517,-0.14350762460654584
43.43,-0.7104483085291691,0.06771995232710937,-0.23689759496378693
43.45,-0.9686153470036366,0.031292974360541514,-0.24838798398679826
43.47,-0.7380741374568346,0.07774348317697033,-0.12737218470189163
43.49,-1.0974543898786786,0.25229960578186594,-0.13250618830791797
43.51,-1.1277694587904532,0.040094123399443814,0.08287748678299667
43.53,-1.131436604223329,0.12370503926901567,0.1391070500870947
43.55,-1.115301164318675,0.08923387219998166,0.15890963542462488
43.57,-1.2260489563915289,0.07578767227943647,0.1909360388717416
43.59,-1.275922134278642,0.016135439904654218,0.1968034715643431
43.61,-1.4370320569629924,-0.12639427925312471,0.14081838462243682
43.63,-1.4380099624117593,-0.06283042508327476,0.11783760657641414
43.65,-1.52993307459585,0.10879198117532012,0.11612627204107202
43.67,-1.5211319255569478,0.18262384255722275,0.16966659536106102
43.7,-1.5631818598539253,0.20169299880817773,0.0919231121840907
43.72,-1.6027870305289857,0.1750450753292791,0.011490389023011338
43.74,-1.6367692448736362,0.08116615224765455,-0.045717079729853616
43.76,-1.5482688017602297,-0.03740488341533478,-0.06503071234300034
43.78,-1.4350762460654585,-0.008067719952327109,-0.07212052684656052
43.8,-1.3240839776304127,0.06845338141368457,-0.07921034135012071
43.82,-1.1881551202518106,0.09070073037313205,-0.06405280689423341
43.84,-1.0957430553433365,0.08507777404272224,-0.07236500320875225
43.86,-1.0722733245729303,0.094367875806008,-0.12981694832380894
43.88,-1.0131100449225314,0.1063472175534028,-0.19973718791064388
43.9,-0.9480793325795311,0.11074779207285396,-0.22565168230296734
43.92,-0.8876936711181738,0.12174922837148183,-0.24569874400268923
43.94,-0.8830486202365309,0.166977355376952,-0.23738654768817039
43.96,-0.8674021330562601,0.12419399199339913,-0.21318338783118906
43.98,-0.8253521987592825,0.08263301042080494,-0.23371940225529445
44.0,-0.7238945084497143,0.10341350120710203,-0.22394034776762523
44.02,-0.6730434251138343,0.15670934816489931,-0.18629098799009872
44.04,-0.6539742688628793,0.14106286098462856,-0.17700088622681295
44.06,-0.6605751306420561,0.13079485377257585,-0.21685053326406503
44.08,-0.6957797267976652,0.16893316627448582,-0.2877486782996669
44.1,-0.7507869082908046,0.22516272957858385,-0.32833175442349416
44.12,-0.8197292424288727,0.2581670384744675,-0.267701616599945
44.14,-0.8554227913088653,0.30070592549582864,-0.15573144271613237
44.16,-0.855667267671057,0.3070623109128136,-0.06136356691012437
44.18,-0.8488219295296886,0.305839929101855,-0.018580203526571526
44.2,-0.8515111695137976,0.28603734376432477,0.014179629007120373
44.22,-0.8654463221587263,0.3099960272591144,0.030804021636158054
44.24,-0.9192311218409069,0.3535128197292424,0.03300430889588363
44.26,-1.0179995721663662,0.4261222993001864,0.02542554166793998
44.28,-1.1446383277816825,0.5102221678941418,0.010023530849860953
44.3,-1.2715215597591907,0.5830761238272775,0.008801149038902301
44.32,-1.3781132536747853,0.6314824435412401,0.026158970754515173
44.34,-1.432875958805733,0.6405280689423342,0.07163157412217706
44.36,-1.430186718821624,0.5850319347248113,0.12272713382024875
44.38,-1.4353207224276503,0.4498365064327843,0.11490389023011337
44.4,-1.4248082388534058,0.2733245729303548,0.07554319591724475
44.42,-1.3707789628090334,0.20340433334351984,0.040827552486019006
44.44,-1.2737218470189164,0.2606118020963848,0.06454175961861687
44.46,-1.1649298658435963,0.29703878006295265,0.12932799559942548
44.48,-1.0595605537389603,0.37184854689362223,0.19631451883995965
44.5,-1.029001008464994,0.4649940408886716,0.26672371115117804
44.52,-0.9673929651926779,0.4667053754240137,0.31219631451883995
44.54,-0.9162974054946063,0.44616936099990834,0.3195306053845919
44.56,-0.8928276747242001,0.3997188521834795,0.29948354368486996
44.58,-0.8788925220792715,0.3662255905632124,0.2589004675610427
44.6,-0.8754698530085873,0.35864682333526876,0.2031598569813281
44.62,-0.8637349876233842,0.35938025242184396,0.15157534455887295
44.64,-0.868380038505027,0.37135959416923875,0.10121321394737647
44.66,-0.8544448858600984,0.3628029214925282,0.0686978577758763
44.67,-0.8674021330562601,0.37184854689362223,0.04645050881642881
44.69,-0.9187421691165235,0.4231885829538856,0.017846774439996334
44.71,-0.9874400268923998,0.4708614735812731,-0.01686886899122941
44.73,-1.0436695901964979,0.4693946154081227,-0.042783363383552854
44.75,-1.1040552516578552,0.4197659138832014,-0.052317941509030345
44.77,-1.2038016074320814,0.3982519940103291,-0.10170216667175992
44.79,-1.249518687161935,0.3532683433670507,-0.1327506646701097
44.81,-1.2473183999022095,0.28970448919720077,-0.14961953366133912
44.83,-1.2228707636830363,0.2342083549796779,-0.17040002444763622
44.85,-1.1866882620786603,0.20780490786297098,-0.2036488097057116
44.87,-1.1989120801882467,0.17528955169147084,-0.2126944351068056
44.89,-1.2881459523882284,0.15890963542462488,-0.2046267151544785
44.91,-1.3842251627295785,0.15670934816489931,-0.1838462243681814
44.93,-1.3852030681783454,0.160620969959967,-0.17235583534517007
44.95,-1.2817895669712434,0.1608654463221587,-0.17700088622681295
44.97,-1.1998899856370138,0.1591541117868166,-0.22100663142132446
44.99,-1.1402377532622314,0.10879198117532012,-0.2718577147572044
45.01,-1.0913424808238854,0.03544907251780093,-0.3014393545824038
45.03,-1.0468477829049903,-0.032270879809308435,-0.29826116187391133
45.05,-1.0067536595055466,-0.12174922837148183,-0.26745714023775324
45.07,-1.018977477615133,-0.09583473397915838,-0.24814350762460655
45.09,-1.0593160773767687,-0.041805457934785926,-0.21440576964214772
45.11,-1.0375576811417047,-0.05549613421752284,-0.17406716988051218
45.13,-0.973749350609663,-0.09559025761696666,-0.13250618830791797
45.15,-0.9358555144699446,-0.08776701402683128,-0.1310393301347676
45.166,-0.910185496439813,-0.058185374201631876,-0.14424105369312104
45.186,-0.887449194755982,0.0075787672279436485,-0.16282125721969257
45.206,-0.8935611038107752,0.0767655777282034,-0.17382269351832044
45.226,-0.9106744491641964,0.14375210096873758,-0.16184335177092565
45.246,-0.9260764599822754,0.18286831891941446,-0.14081838462243682
45.266,-0.9485682853039147,0.21244995874461386,-0.1312838064969593
45.286,-0.9835284050973321,0.2366531186015952,-0.13861809736271125
45.306,-1.0165327139932157,0.26012284937200136,-0.15206429728325643
45.326,-1.0507594047000581,0.2415426458454298,-0.1598875408733918
45.346,-1.0859640008556672,0.4241664884026526,-0.21685053326406503
45.366,-1.0842526663203251,0.30975155089692263,-0.19851480609968522
45.386,-1.0739846591082725,0.34642300522568226,-0.19802585337530176
45.406,-1.0617608409986858,0.4116981939308743,-0.2029153806191364
45.426,-1.047092259267182,0.3043730709287046,-0.18531308254133178
45.446,-1.0463588301806068,0.31464107814075726,-0.20829386058735447
45.466,-1.06518351006937,0.29606087461418573,-0.23543073679063656
45.486,-1.0541820737707424,0.26012284937200136,-0.22565168230296734
45.506,-1.0248449103077346,0.25132170033309903,-0.22100663142132446
45.526,-0.9933074595850013,0.25547779849035845,-0.24643217308926443
45.546,-0.9801057360266479,0.2525440821440577,-0.2608562784585765
45.566,-1.0556489319438926,0.25327751123063286,-0.2611007548207683
45.586,-1.2539192616813861,0.32906518351006936,-0.317574794487058
45.606,-1.2588087889252209,0.3522904379182838,-0.31855269993582497
45.626,-1.1321700333099043,0.31464107814075726,-0.25449989304159154
45.638,-1.0167771903554075,0.2774806710876142,-0.17235583534517007
45.658,-0.9434342816978883,0.2623231366317269,-0.11050331571066223
45.678,-0.9566360052562418,0.25767808575008405,-0.1095254102618953
45.698,-1.0250893866699264,0.24912141307337346,-0.12101579928490663
45.718,-1.1091892552638816,0.26745714023775324,-0.10879198117532012
45.738,-1.1536839531827767,0.3082846927237723,-0.08605567949148916
45.758,-1.1519726186474346,0.36255844513033647,-0.047183937903004
45.778,-1.11603459340525,0.3630473978547199,-0.006111909054793264
45.798,-1.069828560951013,0.3356660452892461,0.015402010818079027
45.818,-1.027289673929652,0.3503346270207499,0.009290101763285763
45.838,-1.0282675793784188,0.37282645234238915,-0.0002444763621917306
45.858,-1.0436695901964979,0.3750267396021147,-0.005867432692601534
45.878,-1.0566268373926595,0.38553922317635914,-0.002444763621917306
45.898,-1.0712954191241635,0.3967851358371787,0.0075787672279436485
45.918,-1.0703175136753964,0.38725055771170125,0.027625828927665557
45.938,-1.0739846591082725,0.33859976163554684,0.04522812700547016
45.958,-1.0693396082266295,0.3109739327078813,0.05696299239067323
45.978,-1.0727622772973138,0.295816398251994,0.05549613421752284
45.998,-1.0732512300216972,0.2877486782996669,0.047672890627387464
46.018,-1.0720288482107385,0.28554839103994134,0.040094123399443814
46.038,-1.056382361030468,0.2769917183632308,0.03398221434465055
46.058,-1.0514928337866332,0.26647923478898633,0.028603734376432478
46.078,-1.0422027320233476,0.2608562784585765,0.01980258533753018
46.098,-1.0536931210463587,0.2637899948048773,0.009534578125477493
46.118,-1.060782935549919,0.27014638022186227,0.0046450508816428815
46.13,-1.0766738990923814,0.26965742749747884,0.003911621795067689
46.15,-1.0813189499740243,0.26574580570241113,0.0036671454328759587
46.17,-1.085230571769092,0.2662347584267946,-0.003911621795067689
46.19,-1.0847416190447086,0.26574580570241113,-0.02469211258136479
46.21,-1.0822968554227912,0.2623231366317269,-0.053540323319988994
46.23,-1.0774073281789567,0.2791920056229563,-0.09803502123888397
46.25,-1.1001436298627876,0.28554839103994134,-0.12321608654463222
46.27,-1.1744644439690737,0.30975155089692263,-0.14595238822846315
46.29,-1.1947559820309874,0.3214864162821257,-0.1662439262903768
46.31,-1.1861993093542769,0.3109739327078813,-0.18189041347064755
46.33,-1.1764202548666076,0.3165968890382911,-0.21465024600433946
46.35,-1.1483054732145586,0.31513003086514074,-0.24912141307337346
46.37,-1.0796076154386822,0.29606087461418573,-0.25449989304159154
46.39,-0.9918406014118509,0.27039085658405404,-0.2412981694832381
46.41,-0.9021177764874858,0.24398740946734712,-0.2119610060202304
46.43,-0.8419765913883202,0.21562815145310638,-0.18189041347064755
46.45,-0.8136173333740794,0.1831127952816062,-0.160620969959967
46.47,-0.8043272316107937,0.16575497356599334,-0.12737218470189163
46.49,-0.83488677688476,0.19460318430461754,-0.10365797756929376
46.51,-0.8986951074168016,0.22174006050789963,-0.08605567949148916
46.53,-0.9867065978058246,0.2542554166793998,-0.08409986859395532
46.55,-1.0395134920392384,0.28652629648870825,-0.09705711579011704
46.57,-1.0243559575833512,0.3077957399993888,-0.10854750481312837
46.59,-0.9644592488463771,0.32564251443938513,-0.12101579928490663
46.61,-0.9133636891483055,0.3395776670843138,-0.14179629007120373
46.62,-0.8771811875439294,0.3483788161232161,-0.17333374079393699
46.64,-0.8341533477981847,0.34740091067444917,-0.1877578461632491
46.66,-0.8180179078935306,0.3371329034623965,-0.16746630810133545
46.68,-0.83488677688476,0.333954710753904,-0.12981694832380894
46.7,-0.8676466094184518,0.31561898358952417,-0.10585826482901935
46.72,-0.90554044555817,0.3073067872750053,-0.11685970112764722
46.74,-0.9248540781713168,0.28725972557528345,-0.13617333374079393
46.76,-0.9338997035724108,0.26134523118296,-0.15133086819668123
46.78,-0.9510130489258319,0.28090334015829843,-0.18433517709256486
46.8,-0.9603031506891178,0.3043730709287046,-0.21782843871283195
46.82,-0.970082205176787,0.3310209944076032,-0.2454542676404975
46.84,-0.9820615469241818,0.3092625981725392,-0.26990190385967056
46.86,-1.021666717599242,0.29875011459829476,-0.2965498273385692
46.88,-1.057115790117043,0.3363994743758213,-0.2972832564251444
46.9,-1.085230571769092,0.352045961556092,-0.3080402163615805
46.92,-1.1131008770589494,0.36744797237417104,-0.2789475292607646
46.94,-1.1495278550255172,0.3750267396021147,-0.25865599119885097
46.96,-1.3006142468600066,0.39849647037252084,-0.27381352565473827
46.98,-1.4600128350090151,0.46083794273141215,-0.31928612902240017
47.0,-1.5023072456681845,0.4493475537084008,-0.31219631451883995
47.02,-1.4908168566451732,0.4229441065916939,-0.2630565657183021
47.04,-1.4223634752314884,0.3750267396021147,-0.2166060569018733
47.06,-1.3025700577575405,0.32784280169911073,-0.195092137029001
47.08,-1.1368150841915472,0.23689759496378693,-0.18506860617914006
47.1,-1.003575466797054,0.17846774439996332,-0.18922470433639946
47.11,-0.8913608165510497,0.14595238822846315,-0.18677994071448217
47.13,-0.8314641078140758,0.14937505729914738,-0.13323961739449316
47.15,-0.8341533477981847,0.20413776243009504,-0.08898939583778993
47.17,-0.8867157656694068,0.2535219875928246,-0.05011765424930477
47.19,-0.9837728814595239,0.3341991871160957,-0.028114781652049017
47.21,-1.057115790117043,0.4043639030651224,-0.014668581731503835
47.23,-1.0783852336277235,0.40216361580539683,-0.009534578125477493
47.25,-1.0439140665586897,0.3733154050667726,0.004889527243834612
47.27,-0.988173455978975,0.3202640344711671,0.026892399841090365
47.29,-0.9478348562173394,0.2750359074656969,0.03691593069095132
47.31,-0.9353665617455612,0.2476545549002231,0.03422669070684228
47.33,-0.9439232344222718,0.24178712220762155,0.025670018030131712
47.35,-0.9554136234452831,0.2645234238914525,0.027136876203282093
47.37,-0.966415059743911,0.2877486782996669,0.03373773798245882
47.39,-0.973749350609663,0.29826116187391133,0.04913974880053785
47.41,-0.9686153470036366,0.293127158267885,0.061119090547932645
47.43,-0.9549246707208997,0.2774806710876142,0.06503071234300034
47.45,-0.9417229471625462,0.2574336093878923,0.05696299239067323
47.47,-0.9358555144699446,0.25401094031720806,0.04889527243834611
47.49,-0.9444121871466552,0.25792256211227577,0.040094123399443814
47.51,-0.963725819759802,0.26892399841090364,0.01980258533753018
47.53,-1.0050423249702045,0.27454695474131346,-0.009779054487669223
47.55,-1.0495370228890994,0.27112428567062924,-0.008312196314518839
47.57,-1.080829997249641,0.2735690492925465,-0.008312196314518839
47.59,-1.0859640008556672,0.2892155364728173,-0.02982611618739113
47.61,-1.0893866699263515,0.29948354368486996,-0.0647862359808086
47.63,-1.2668765088775478,0.33126547076979496,-0.05378479968218073
47.65,-1.4299422424594321,0.402897044891972,-0.0743208141062861
47.67,-1.3805580172967027,0.3918956085933441,-0.10341350120710203
47.69,-1.238517250863307,0.4082755248601901,-0.17308926443174524
47.71,-1.0519817865110166,0.4381016410475812,-0.28677077285089997
47.73,-0.8898939583778993,0.42832258655991196,-0.3613360633193778
47.75,-0.833908871435993,0.41536533936375025,-0.3535128197292424
47.77,-0.8735140421110533,0.3664700669254041,-0.28432600922898266
47.79,-0.993551935947193,0.20756043150077927,-0.2784585765363811
47.81,-1.1404822296244232,0.26990190385967056,-0.4366347828744308
47.83,-1.2020902728967393,0.14766372276380527,-0.5134003606026343
47.85,-1.126058124255111,0.3642697796656786,-0.31390764905418206
47.87,-1.017266143079791,0.46034899000702867,-0.1831127952816062
47.89,-0.891116340188858,0.48993062983222807,-0.12223818109586529
47.91,-0.8231519114995569,0.4581487027473031,-0.08898939583778993
47.93,-0.7969929407450417,0.37771597958622377,-0.0686978577758763
47.95,-0.8265745805702411,0.29459401644103533,-0.07480976683066956
47.97,-0.8654463221587263,0.28359258014240746,-0.09705711579011704
47.99,-0.9035846346606362,0.3229532744552761,-0.10341350120710203
48.01,-0.9338997035724108,0.3606026342328026,-0.08507777404272224
48.03,-0.9622589615866516,0.37209302325581395,-0.07774348317697033
48.05,-0.9859731687192494,0.3527793906426672,-0.05696299239067323
48.07,-0.9928185068606179,0.3349326162026709,-0.04302783974574458
48.09,-1.0040644195214374,0.32686489625034376,-0.03471564343122574
48.11,-1.031690248449103,0.33053204168321976,-0.03544907251780093
48.13,-1.0891421935641596,0.34666748158787397,-0.028114781652049017
48.15,-1.1157901170430584,0.34495614705253186,0.018335727164379794
48.17,-1.1541729059071602,0.3214864162821257,0.06992023958683495
48.19,-1.1561287168046939,0.29386058735446013,0.05158451242245515
48.21,-1.1126119243345658,0.2471656021758396,0.03300430889588363
48.23,-1.0810744736118327,0.2109831005714635,0.03398221434465055
48.25,-1.0649390337071785,0.19386975521804234,0.049628701524921305
48.27,-1.043425113834306,0.1806680316596889,0.06307490144546649
48.29,-1.0786297099899154,0.10805855208874492,0.03349326162026709
48.31,-1.1972007456529046,0.09241206490847416,0.02518106530574825
48.33,-1.2837453778687773,0.09925740304984261,0.029092687100815938
48.35,-1.366622864651774,0.18604651162790697,0.014668581731503835
48.37,-1.3737126791553342,0.17944564984873024,0.0327598325336919
48.39,-1.3282400757876722,0.16282125721969257,0.07578767227943647
48.41,-1.1854658802677016,0.04913974880053785,0.1750450753292791
48.43,-1.0558934083060845,-0.06747547596491764,0.2109831005714635
48.45,-1.053448644684167,-0.059896708736973996,0.1615988754087339
48.47,-1.1387708950890811,0.027136876203282093,0.11050331571066223
48.49,-1.2297161018244047,0.07089814503560186,0.10047978486080127
48.51,-1.1791094948507166,-0.027381352565473825,0.14815267548818872
48.53,-1.1040552516578552,-0.003911621795067689,0.1447300064175045
48.55,-1.0786297099899154,0.03936069431286862,0.09925740304984261
48.576,-1.0519817865110166,0.06820890505149284,0.004889527243834612
48.596,-1.085230571769092,0.04913974880053785,-0.04058307612382728
48.616,-1.0683617027778627,-0.005378479968218073,-0.013446199920545182
48.636,-1.0466033065427987,-0.011734865385203068,0.02469211258136479
48.656,-1.0312012957247196,0.06331937780765821,0.02982611618739113
48.676,-1.0686061791400543,0.13152828285915105,0.009290101763285763
48.696,-1.1109005897992237,0.18409070073037312,-0.04669498517862054
48.716,-1.1035662989334718,0.10170216667175992,-0.10096873758518474
48.736,-1.0847416190447086,0.07163157412217706,-0.100724261222993
48.756,-1.064450080982795,0.154264584542982,-0.023958683494789596
48.776,-1.0353573938819791,0.22931882773584328,0.030559545273966322
48.796,-1.0043088958836293,0.2036488097057116,0.028603734376432478
48.816,-0.9886624087033584,0.11563731931668857,0.009045625401094031
48.836,-0.9847507869082908,0.08287748678299667,-0.007823243590135379
48.856,-0.9974635577422608,0.20756043150077927,-0.047672890627387464
48.876,-0.9656816306573358,0.2884821073862421,-0.022980778046022676
48.896,-0.941967423524738,0.24252055129419675,0.006845338141368456
48.916,-0.9517464780124072,0.25401094031720806,0.009290101763285763
48.936,-1.0094428994896556,0.2760138129144638,-0.09167863582189897
48.956,-1.0683617027778627,0.24863246034899,-0.11685970112764722
48.976,-1.0896311462885433,0.2747914311035052,-0.019069156250954986
48.996,-1.1148122115942916,0.22271796595666657,-0.009534578125477493
49.016,-1.0918314335482688,0.18017907893530544,-0.023714207132597868
49.036,-1.0793631390764906,0.1677107844635272,-0.040827552486019006
49.058,-1.0612718882743024,0.24520979127830578,-0.024447636219173056
49.078,-1.107966873452923,-0.15475353726736546,-0.11392598478134645
49.098,-1.133392415120863,-0.323931179904043,-0.13323961739449316
49.118,-1.1825321639214008,-0.3368884271002047,-0.2718577147572044
49.138,-1.1387708950890811,-0.10365797756929376,-0.568896494820157
49.158,-1.1849769275433182,-0.5014210188552394,-0.3784494086727989
49.178,-1.2377838217767319,-0.22931882773584328,-0.3444671943281484
49.198,-1.1040552516578552,0.12688323197750817,-0.39996332854567124
49.218,-1.1265470769794945,0.06600861779176725,-0.38798398679827645
49.238,-1.2746997524676833,0.04522812700547016,-0.30266173639336247
49.258,-1.2084466583137243,0.19240289704489197,-0.25841151483665925
49.278,-1.0414693029367723,0.21416129327995598,-0.18800232252544083
49.298,-1.0412248265745805,0.09167863582189897,-0.12346056290682395
49.318,-1.1145677352320997,0.1525532500076399,-0.08263301042080494
49.338,-1.2126027564709836,0.02126944351068056,-0.2821257219692571
49.358,-1.1001436298627876,-0.24569874400268923,-0.29459401644103533
49.378,-1.0140879503712985,-0.23934235858570424,-0.22076215505913271
49.398,-1.0016196558995203,-0.09901292668765088,-0.25205512941967423
49.418,-1.0568713137548513,-0.11637074840326375,-0.1982703297374935
49.438,-1.0583381719280016,-0.1672218317391437,-0.1679552608257189
49.458,-1.063472175534028,-0.14130733734682027,-0.14937505729914738
49.478,-1.0461143538184152,-0.13470647556764356,-0.16917764263667756
49.498,-1.057115790117043,-0.07774348317697033,-0.10830302845093664
49.518,-1.0886532408397762,-0.04327231610793631,-0.060141185099165724
49.538,-1.1011215353115544,-0.05158451242245515,-0.03251535617150017
49.55,-1.1038107752956636,-0.06820890505149284,-0.022980778046022676
49.57,-1.0964764844299117,-0.09021177764874859,-0.018580203526571526
49.59,-1.084497142682517,-0.07260947957094398,-0.04669498517862054
49.61,-1.0840081899581333,-0.061119090547932645,-0.09094520673532377
49.63,-1.0686061791400543,-0.013201723558353452,-0.1158817956788803
49.65,-1.0827858081471748,-0.009534578125477493,-0.14937505729914738
49.67,-1.0984322953274455,-0.0041560981572594195,-0.17846774439996332
49.69,-1.1033218225712802,0.018824679888763254,-0.18726889343886563
49.71,-1.12165754973566,0.06160804327231611,-0.28505943831555786
49.73,-1.1475720441279833,-0.05451822876875592,-0.3244201326284265
49.75,-1.2338721999816642,-0.12199370473367356,-0.25767808575008405
49.77,-1.22335971640742,-0.08947834856217339,-0.23029673318461022
49.79,-1.2011123674479725,-0.048406319713962656,-0.11417046114353818
49.81,-1.1925556947712619,-0.14741924640161355,-0.062096995996699565
49.83,-1.1981786511016717,-0.22320691868105003,0.0046450508816428815
49.85,-1.1436604223329156,-0.17920117348653852,0.0647862359808086
49.87,-1.0514928337866332,-0.09607921034135011,0.09974635577422608
49.89,-1.0016196558995203,0.0007334290865751917,0.04058307612382728
49.91,-0.9820615469241818,0.06918681050025975,0.09314549399504936
49.93,-1.0003972740885616,0.15035296274791432,0.055985086941906306
49.95,-1.0681172264156709,0.28725972557528345,-0.012223818109586528
49.97,-0.9045625401094032,0.6080127127708339,0.20047061699721908
49.99,-0.9485682853039147,0.37282645234238915,0.19289184976927543
50.01,-0.9642147724841854,0.45741527366072793,0.08043272316107936
50.03,-0.9942853650337683,0.35986920514622744,-0.02542554166793998
50.05,-0.9928185068606179,0.26599028206460285,-0.0831219631451884
50.07,-1.0050423249702045,0.20095956972160253,-0.07505424319286129
50.09,-1.0373132047795128,0.24178712220762155,-0.09461235216819973
50.11,-1.084497142682517,0.2936161109922684,-0.11148122115942914
50.13,-1.119946215200318,0.2950829691654188,-0.11148122115942914
50.15,-1.1258136478929193,0.2611007548207683,-0.0975460685145005
50.17,-1.1421935641597654,0.2791920056229563,-0.09412339944381627
50.19,-1.0150658558200654,0.7109372612535525,-0.060874614185740916
50.21,-1.468080554961342,0.5938330837637136,0.3936069431286862
50.23,-1.426519573388748,-0.7031140176634172,0.6065458545976836
50.25,-1.1837545457323595,-0.7080035449072518,0.38700608134950953
50.27,-0.9862176450814412,-0.7566543409834061,0.14815267548818872
50.29,-1.003575466797054,-0.5045992115637319,0.04327231610793631
50.31,-1.1201906915625095,-0.10976988662408703,0.024447636219173056
50.33,-1.1898664547871527,0.2478990312624148,0.10121321394737647
50.35,-1.1109005897992237,0.40020780490786295,0.28310362741802403
50.37,-1.137792989640314,0.409253430308957,0.16037649359777525
50.39,-1.144393851419491,0.48797481893469424,0.07847691226354551
50.41,-1.1431714696085322,0.5591174403324879,0.09241206490847416
50.43,-1.1585734804266112,0.4285670629221037,0.1831127952816062
50.45,-1.1659077712923631,0.42978944473306235,0.1965589952021514
50.47,-1.1580845277022278,0.42954496837087064,0.16379916266845948
50.49,-1.168841487638664,0.3686703541851297,0.2471656021758396
50.51,-1.1844879748189348,0.31195183815664823,0.29532744552761053
50.53,-1.1690859640008557,0.2941050637166519,0.2645234238914525
50.55,-1.2045350365186567,0.2263851113895425,0.24496531491611404
50.57,-1.2918130978211044,0.19998166427283562,0.2126944351068056
50.59,-1.2641872688934388,0.19289184976927543,0.25694465666350885
50.61,-1.185954832992085,0.1904470861473581,0.31537450722733246
50.63,-1.0906090517373102,0.2390978822235125,0.2862818201265165
50.65,-1.0091984231274638,0.24203159856981327,0.23567521315282827
50.67,-0.9615255325000763,0.2469211258136479,0.19313632613146717
50.69,-0.93096598722611,0.2652568529780277,0.17528955169147084
50.71,-0.9118968309751551,0.2581670384744675,0.17724536258900467
50.73,-0.9045625401094032,0.25767808575008405,0.19435870794242582
50.75,-0.9028512055740611,0.23127463863337713,0.20511566787886196
50.77,-0.9204535036518656,0.201448522445986,0.19949271154845216
50.79,-0.9524799070989823,0.18751336980105734,0.17993460257311372
50.81,-0.9962411759313021,0.20829386058735447,0.15646487180270757
50.83,-1.0422027320233476,0.24961036579775692,0.12786113742627508
50.85,-1.0756959936436146,0.30339516547993767,0.09632368670354186
50.87,-1.0967209607921033,0.3603581578706109,0.05500718149313938
50.89,-1.0906090517373102,0.3950738013018366,0.01735782171561287
50.91,-1.09623200806772,0.44641383736210005,-0.02102496714848883
50.93,-1.1101671607126486,0.5070439751856493,-0.034960119793417475
50.95,-1.1967117929285211,0.610701952754943,-0.29752773278733613
50.97,-1.5074412492742109,0.8170400024447636,-2.6919292240931454
50.99,-1.4575680713870978,-0.4860190080371604,-1.0165327139932157
51.02,-1.0937872444458026,-0.2789475292607646,-0.352045961556092
51.04,-1.0143324267334901,-0.22198453687009137,-0.383827888641017
51.06,-0.9578583870672004,0.4803960517067506,-0.36744797237417104
51.08,-0.9375668490052868,0.5329584695779727,-0.17969012621092198
51.1,-0.8510222167894141,0.588943556519879,-0.035204596155609204
51.12,-0.812150475200929,0.48944167710784464,0.0863001558536809
51.14,-0.8412431623017449,0.5642514439385142,0.1295724719616172
51.16,-0.8859823365828317,0.6224368181401461,0.11172569752162087
51.18,-0.9094520673532378,0.70775906854506,0.030804021636158054
51.2,-0.9703266815389787,0.6437062616508267,-0.027136876203282093
51.22,-1.0111542340249977,0.6507960761543868,-0.10610274119121108
51.24,-1.0074870885921217,0.6666870396968493,-0.17455612260489564
51.26,-0.9886624087033584,0.7221831739143721,-0.23763102405036213
51.28,-0.9390337071784371,0.6273263453839807,-0.3038841182043211
51.3,-0.896494820157076,0.5877211747089203,-0.3664700669254041
51.32,-0.8507777404272224,0.6014118509916573,-0.4126760993796412
51.34,-0.7925923662255906,0.6055679491489167,-0.4043639030651224
51.36,-0.7845246462732635,0.600678421905082,-0.4520367936925098
51.38,-0.7991932280047672,0.5640069675763224,-0.45741527366072793
51.4,-0.8740029948354369,0.5539834367264616,-0.5219570332793448
51.42,-0.8845154784096813,0.4967759679735965,-0.6148580509122024
51.44,-0.8935611038107752,0.43027839745744584,-0.7043363994743758
51.46,-0.8879381474803655,0.4085200012223818,-0.7446749992360113
51.48,-0.8850044311340647,0.3518014851939003,-0.7388075665434098
51.498,-0.8979616783302264,-0.07529871955505302,-0.6434617852886348
51.518,-0.7363628029214925,0.0975460685145005,-0.4075420957736149
51.538,-0.7256058429850564,0.4383461174097729,-0.34397824160376494
51.558,-0.7253613666228647,0.6136356691012438,-0.4180545793478593
51.578,-0.6801332396173945,0.4535036518656602,-0.3796717904837576
51.598,-0.6339272071631574,0.3180637472114415,-0.39702961219937044
51.618,-0.6072792836842588,0.2454542676404975,-0.5097332151697582
51.638,-0.635149588974116,0.3549796779023928,-0.6745102832869847
51.658,-0.6921125813647893,0.44641383736210005,-0.7833022644623048
51.678,-0.7018916358524585,0.40411942670293066,-0.6835559086880787
51.698,-0.7190049812058796,0.48821929529688596,-0.544448858600984
51.718,-0.7402744247165602,0.6383277816826085,-0.5148672187757846
51.738,-0.7539651009992971,0.7224276502765639,-0.5561837239861871
51.758,-0.7370962320080677,0.6226812945023378,-0.6063013782354918
51.778,-0.7160712648595788,0.4068086666870397,-0.7053143049231427
51.798,-0.6928460104513645,0.3921400849555359,-0.7414968065275188
51.818,-0.6603306542798643,0.44568040827552485,-0.7253613666228647
51.838,-0.6967576322464322,0.521712556917153,-0.7534761482749136
51.858,-0.7143599303242367,0.39702961219937044,-0.7480976683066956
51.878,-0.6615530360908229,0.22051767869694097,-0.704091923112184
51.898,-0.6781774287198606,0.3087736454481557,-0.6972465849708156
51.918,-0.647862359808086,0.39947437582128775,-0.6283042508327475
51.938,-0.6864896250343795,0.3635363505791034,-0.5972557528343978
51.958,-0.8109280933899703,0.31292974360541514,-0.6146135745500106
51.98,-0.7771903554075115,0.3452006234147236,-0.6481068361702778
52.0,-0.7796351190294288,0.2117165296580387,-0.7556764355346393
52.02,-0.8458882131833878,0.24520979127830578,-0.8092167588546282
52.04,-0.7769458790453198,-0.001222381810958653,-0.72047183937903
52.06,-0.7666778718332671,0.04669498517862054,-0.7324511811264248
52.08,-0.6752437123735598,-0.02884821073862421,-0.6182807199828867
52.1,-0.6727989487516426,-0.003422669070684228,-0.507288451547841
52.12,-0.7102038321669774,0.11637074840326375,-0.5349142804755065
52.14,-0.7564098646212144,0.2046267151544785,-0.5402927604437245
52.16,-0.7730342572502521,0.2317635913577606,-0.4613268954557956
52.18,-0.8082388534058613,0.25303303486844114,-0.3645142560278703
52.2,-0.8302417260031171,0.2750359074656969,-0.27210219111939615
52.22,-0.8321975369006509,0.2694129511352871,-0.2053601442410537
52.24,-0.8361091586957186,0.2877486782996669,-0.17773431531338812
52.26,-0.8478440240809216,0.32906518351006936,-0.1677107844635272
52.28,-0.8671576566940684,0.3038841182043211,-0.18017907893530544
52.3,-0.9099410200776212,0.3767380741374568,-0.1814014607462641
52.32,-0.9771720196803472,0.41609876845032545,-0.2469211258136479
52.34,-1.0578492192036182,0.4816184335177092,-0.28823763102405037
52.36,-1.157106622253461,0.5148672187757846,-0.26892399841090364
52.38,-1.277633468813984,0.5324695168535892,-0.2500993185221404
52.4,-1.36466705375424,0.5495828622070104,-0.2725911438437796
52.42,-1.346575802952052,0.4979983497845552,-0.28970448919720077
52.44,-1.2729884179323412,0.3909177031445772,-0.3102405036213061
52.46,-1.210402469211258,0.2799254347095315,-0.29752773278733613
52.47,-1.1639519603948294,0.15059743911010604,-0.2694129511352871
52.49,-1.1492833786633254,0.02542554166793998,-0.2870152492130917
52.51,-1.1517281422852428,-0.022491825321639215,-0.3381108089111634
52.53,-1.113345353421141,-0.001222381810958653,-0.377471503224032
52.55,-1.0590716010145769,0.08018824679888763,-0.3786938850349907
52.57,-1.0003972740885616,0.154264584542982,-0.36158053968156956
52.59,-0.962747914311035,0.24472083855392232,-0.32979861259664456
52.61,-0.9402560889893958,0.32735384897472725,-0.3087736454481557
52.63,-0.9253430308957002,0.377471503224032,-0.2972832564251444
52.65,-0.9158084527702227,0.3918956085933441,-0.2779696238119977
52.67,-0.9118968309751551,0.38407236500320874,-0.25645570393912537
52.69,-0.9162974054946063,0.3694037832717049,-0.24374293310515538
52.71,-0.9277877945176175,0.3596247287840357,-0.23151911499556885
52.73,-0.96910429972802,0.3613360633193778,-0.2166060569018733
52.75,-1.0182440485285578,0.3676924487363628,-0.20095956972160253
52.77,-1.0600495064633437,0.3672034960119793,-0.18409070073037312
52.79,-1.0776518045411485,0.35938025242184396,-0.160620969959967
52.81,-1.07789628090334,0.3500901506585582,-0.12419399199339913
52.83,-1.0737401827460806,0.3405555725330807,-0.088011490389023
52.85,-1.0622497937230693,0.3261314671637686,-0.05476270513094765
52.87,-1.0485591174403324,0.3224643217308926,-0.027870305289857285
52.89,-1.047336735629374,0.2493658894355652,0.0007334290865751917
52.91,-1.0492925465269076,0.20682700241420407,0.01295724719616172
52.93,-1.0387800629526633,0.2031598569813281,0.020536014424105367
52.95,-1.0219111939614338,0.19998166427283562,0.022247348959447483
52.97,-1.0241114812211594,0.20853833694954618,0.026158970754515173
52.99,-1.0622497937230693,0.23591968951502001,0.02151391987287229
53.01,-1.146105185954833,0.28897106011062557,0.002444763621917306
53.03,-1.2732328942945328,0.3508235797451334,-0.02469211258136479
53.05,-1.436543104238609,0.4077865721358066,-0.055251657855331114
53.07,-1.4135623261925863,0.41829905571005105,-0.06380833053204168
53.09,-1.2128472328331754,0.3508235797451334,-0.023225254408214404
53.11,-1.0602939828255356,0.30168383094459555,0.01735782171561287
53.13,-0.9678819179170614,0.26794609296213673,0.027870305289857285
53.15,-0.948323808941723,0.2342083549796779,0.03300430889588363
53.17,-1.0045533722458209,0.2412981694832381,0.028114781652049017
53.19,-1.0810744736118327,0.2542554166793998,0.030559545273966322
53.21,-1.146105185954833,0.2518106530574825,0.05427375240656419
53.23,-1.1580845277022278,0.23298597316871925,0.10659169391559453
53.25,-1.105277633468814,0.19802585337530176,0.1510863918344895
53.27,-1.0128655685603398,0.1662439262903768,0.17846774439996332
53.29,-1.0243559575833512,0.15939858814900834,0.19166946795831677
53.31,-1.0610274119121108,0.1549980136295572,0.19166946795831677
53.33,-1.0710509427619717,0.07701005409039513,0.1902026097851664
53.35,-1.0448919720074565,0.02493658894355652,0.2031598569813281
53.37,-1.0334015829844452,-0.0004889527243834612,0.17406716988051218
53.39,-1.0297344375515691,0.05549613421752284,0.11465941386792164
53.41,-1.0901200990129267,0.17235583534517007,0.08507777404272224
53.43,-1.1084558261773065,0.18922470433639946,0.09656816306573358
53.46,-1.0796076154386822,0.09705711579011704,0.15890963542462488
53.48,-1.0986767716896373,0.032270879809308435,0.15304220273202335
53.5,-1.120679644286893,0.039849647037252085,0.1254163738043578
53.52,-1.1172569752162087,0.05427375240656419,0.11637074840326375
53.54,-1.1182348806649758,0.06405280689423341,0.12443846835559087
53.56,-1.133392415120863,0.0982794976010757,0.13446199920545182
53.58,-1.175197873055649,0.1327506646701097,0.15817620633804969
53.6,-1.2600311707361793,0.2109831005714635,0.16477706811722642
53.62,-1.3519542829202702,0.2500993185221404,0.1334840937566849
53.64,-1.412828897106011,0.2806588637961067,0.06723099960272591
53.66,-1.3661339119273905,0.30266173639336247,0.011979341747394798
53.68,-1.2094245637624912,0.3197750817467836,-0.053295846957797266
53.7,-1.038046633866088,0.08165510497203801,-0.2254072059407756
53.72,-1.0786297099899154,-0.40558628487608106,-0.7779237844940867
53.74,-1.4548788314029888,0.17480059896708736,-0.8109280933899703
53.76,-1.1771536839531827,0.9111634018885799,-0.4957980625248296
53.78,-1.2223818109586528,0.9879289796167833,-0.3173303181248663
53.8,-1.2526968798704274,0.9693487760902118,-0.21073862420927175
53.82,-1.126058124255111,0.7764569263209363,-0.14350762460654584
53.84,-0.9260764599822754,0.5138893133270177,-0.08409986859395532
53.86,-0.8006600861779176,0.2774806710876142,-0.07627662500381995
53.88,-0.78403569354888,0.14888610457476392,-0.08996730128655686
53.9,-0.8346423005225682,0.12614980289093297,-0.10121321394737647
53.92,-0.9280322708798093,0.17333374079393699,-0.094367875806008
53.94,-1.0331571066222534,0.15206429728325643,-0.07603214864162822
53.96,-1.10894477890169,0.16966659536106102,-0.057207468752864955
53.98,-1.1253246951685358,0.1694221189988693,-0.061119090547932645
54.0,-1.0686061791400543,0.21073862420927175,-0.0679644286893011
54.02,-0.9849952632704825,0.26745714023775324,-0.06698652324053418
54.04,-0.9172753109433731,0.3662255905632124,-0.07383186138190263
54.06,-0.8823151911499557,0.4359013537878556,-0.07554319591724475
54.08,-0.8903829111022827,0.4681722335971641,-0.061119090547932645
54.1,-0.9106744491641964,0.49017510619441984,-0.04033859976163555
54.12,-1.040735873850197,0.47379518992757386,0.01295724719616172
54.14,-1.399138220823274,0.600678421905082,-0.088011490389023
54.16,-1.326773217614522,0.5446933349631757,-0.12028237019833145
54.18,-1.1715307276227729,0.421966201142927,-0.05867432692601534
54.2,-1.0458698774562234,0.3310209944076032,0.01711334535342114
54.22,-0.9837728814595239,0.2476545549002231,0.053295846957797266
54.24,-1.0047978486080127,0.18164593710845583,0.0591632796503988
54.26,-1.0769183754545733,0.18042355529749718,0.03642697796656786
54.28,-1.1282584115148366,0.22296244231885828,0.02102496714848883
54.3,-1.159551385875378,0.264034471167069,0.011245912660819608
54.32,-1.1612627204107202,0.31464107814075726,0.00855667267671057
54.34,-1.1419490877975735,0.362069492405953,0.006845338141368456
54.36,-1.1167680224918253,0.38407236500320874,0.00855667267671057
54.38,-1.0822968554227912,0.36158053968156956,0.013446199920545182
54.4,-1.0441585429208813,0.3285762307856859,0.02102496714848883
54.416,-1.0128655685603398,0.3092625981725392,0.030315068911774594
54.436,-0.9977080341044525,0.29679430370076093,0.03911621795067689
54.456,-0.9952632704825352,0.2779696238119977,0.05402927604437246
54.476,-0.9969746050178773,0.2608562784585765,0.060874614185740916
54.496,-0.9974635577422608,0.24863246034899,0.0655196650673838
54.516,-0.9876845032545916,0.24741007853803135,0.06356385416984996
54.536,-0.9764385905937719,0.25572227485255017,0.057207468752864955
54.556,-0.9666595361061027,0.27161323839501267,0.043761268832319775
54.576,-0.9595697216025425,0.28432600922898266,0.02493658894355652
54.596,-0.9554136234452831,0.28750420193747517,0.011734865385203068
54.616,-0.9546801943587079,0.2877486782996669,0.010023530849860953
54.636,-0.9534578125477493,0.28481496195336614,0.013935152644928643
54.656,-0.9595697216025425,0.2752803838278886,0.014668581731503835
54.676,-0.9752162087828133,0.27381352565473827,0.010268007212052684
54.696,-0.9837728814595239,0.2760138129144638,-0.003911621795067689
54.716,-1.0113987103871893,0.28603734376432477,-0.03178192708492498
54.736,-1.041713779298964,0.292149252819118,-0.05280689423341381
54.756,-1.0732512300216972,0.29557192188980225,-0.06723099960272591
54.776,-1.0837637135959417,0.2936161109922684,-0.08018824679888763
54.796,-1.087186382666626,0.2870152492130917,-0.08923387219998166
54.816,-1.1038107752956636,0.2972832564251444,-0.10292454848271858
54.836,-1.11603459340525,0.31268526724322343,-0.11954894111175625
54.856,-1.1275249824282614,0.3227087980930844,-0.12663875561531643
54.876,-1.135103749656205,0.2662347584267946,-0.11490389023011337
54.896,-1.1431714696085322,0.34397824160376494,-0.15768725361366623
54.909,-1.1646853894814044,0.32784280169911073,-0.1838462243681814
54.929,-1.135103749656205,0.4212327720563518,-0.1909360388717416
54.949,-1.1717752039849647,0.23371940225529445,-0.1254163738043578
54.969,-1.168597011276472,0.31610793631390766,-0.0044005745194511505
54.989,-1.2844788069553525,0.3469119579500657,0.10194664303395165
55.009,-1.4189408061608042,0.3750267396021147,0.08409986859395532
55.029,-1.3717568682578003,0.3505791033829417,0.05940775601259053
55.049,-1.2101579928490664,0.2909268710081594,0.044739174281086695
55.069,-1.0673837973290958,0.2173394859884485,0.016624392629037678
55.089,-0.9588362925159674,0.21856186779940714,-0.02102496714848883
55.109,-0.9043180637472115,0.21709500962625675,-0.04913974880053785
55.129,-0.8681355621428353,0.20878281331173792,-0.021758396235064023
55.149,-0.8490664058918803,0.2415426458454298,0.008312196314518839
55.169,-0.8407542095773615,0.2310301622711854,0.017846774439996334
55.189,-0.8744919475598203,0.18555755890352352,0.023958683494789596
55.209,-0.9314549399504936,0.14130733734682027,0.014179629007120373
55.229,-1.0219111939614338,0.13886257372490296,0.0044005745194511505
55.249,-1.0881642881153928,0.13641781010298568,-0.016135439904654218
55.269,-1.1417046114353817,0.09901292668765088,-0.055251657855331114
55.289,-1.14146013507319,0.06283042508327476,-0.10805855208874492
55.309,-1.0754515172814227,0.0440057451945115,-0.13641781010298568
55.329,-0.9893958377899337,0.04693946154081227,-0.13372857011887662
55.349,-0.9241206490847416,0.05402927604437246,-0.12492742107997433
55.369,-0.8972282492436512,0.04498365064327843,-0.12052684656052318
55.389,-0.8942945328973505,0.04425022155670324,-0.11245912660819607
55.4,-0.9136081655104972,0.07847691226354551,-0.10610274119121108
55.42,-0.953702288909941,0.15548696635394066,-0.08263301042080494
55.44,-0.9972190813800691,0.18604651162790697,-0.061119090547932645
55.46,-1.0255783393943099,0.18604651162790697,-0.06918681050025975
55.48,-1.0331571066222534,0.1958255661155762,-0.09950187941203435
55.5,-1.0250893866699264,0.22834092228707636,-0.10928093389970357
55.52,-1.0131100449225314,0.2310301622711854,-0.10928093389970357
55.54,-1.0094428994896556,0.23225254408214405,-0.09730159215230877
55.56,-1.023622528496776,0.25596675121474194,-0.07969929407450417
55.58,-1.040735873850197,0.2769917183632308,-0.07285395593313572
55.6,-1.0431806374721144,0.22931882773584328,-0.07921034135012071
55.62,-1.0074870885921217,0.160620969959967,-0.0686978577758763
55.64,-1.0030865140726706,0.19411423158023408,-0.06038566146135745
55.66,-1.0219111939614338,0.24178712220762155,-0.04449469791889497
55.68,-1.0615163646364942,0.26599028206460285,-0.02933716346300767
55.7,-1.1446383277816825,0.2635455184426856,-0.01246829447177826
55.72,-1.3106377777098677,0.25938942028542616,-0.013935152644928643
55.74,-1.544357179965162,0.3398221434465055,-0.02982611618739113
55.76,-1.6771078446352718,0.3933624667664945,-0.019558108975338447
55.78,-1.5729609143415946,0.34251138343061455,0.022980778046022676
55.8,-1.355621428353146,0.20658252605201236,0.04253888702136112
55.82,-1.1666412003789384,0.08116615224765455,0.10561378846682762
55.84,-1.069095131864438,-0.0044005745194511505,0.43125630290621275
55.86,-1.12165754973566,-0.12639427925312471,0.7977263698316169
55.88,-1.183265593007976,-1.0984322953274455,0.5143782660514011
55.9,-1.6084099868593955,-0.3962961831127953,1.468080554961342
55.92,-0.4271002047489533,-0.47746233536044985,0.3757601686886899
55.94,-1.1324145096720961,-0.028603734376432478,0.6693762796809584
55.96,-0.8923387219998167,0.09779054487669223,0.6884454359319133
55.98,-1.0282675793784188,0.3750267396021147,0.47672890627387465
56.0,-1.1358371787427803,0.32906518351006936,0.04987317788711304
56.02,-1.0282675793784188,0.34397824160376494,-0.32808727806130245
56.04,-0.9656816306573358,0.31121840907007303,-0.5307581823182471
56.06,-0.9612810561378846,0.2904379182837759,-0.4931088225407206
56.08,-0.9774164960425389,0.3454450997769153,-0.36915930690951315
56.1,-1.0297344375515691,0.46059346636922044,-0.19435870794242582
56.12,-1.0742291354704643,0.5270910368853712,-0.05060660697368823
56.14,-1.117012498854017,0.5395593313571494,0.05158451242245515
56.16,-1.146105185954833,0.5402927604437245,0.12101579928490663
56.18,-1.1412156587109983,0.47477309537634077,0.14350762460654584
56.2,-1.1346147969318217,0.35302386700485894,0.09461235216819973
56.22,-1.1241023133575772,0.23200806771995233,0.005867432692601534
56.24,-1.1055221098310057,0.12174922837148183,-0.06918681050025975
56.26,-1.0637166518962198,0.026403447116706905,-0.12052684656052318
56.28,-1.0307123430003362,-0.019558108975338447,-0.147908199125997
56.3,-1.0255783393943099,0.003911621795067689,-0.160620969959967
56.32,-1.0512483574244416,0.09461235216819973,-0.14741924640161355
56.34,-1.0884087644775846,0.17333374079393699,-0.12614980289093297
56.36,-1.1131008770589494,0.23298597316871925,-0.10488035938025242
56.39,-1.4350762460654585,0.3227087980930844,0.019558108975338447
56.41,-1.6773523209974635,0.4173211502612841,0.06820890505149284
56.43,-1.8692662653179721,0.4671943281483971,0.07823243590135379
56.45,-1.646059346636922,0.4412798337560737,-0.01246829447177826
56.47,-1.2025792256211227,0.3488677688475995,-0.14252971915777893
56.49,-0.8483329768053052,0.26892399841090364,-0.26672371115117804
56.51,-0.6647312287993155,0.19778137701311005,-0.3246646089906182
56.53,-0.5877211747089203,0.15768725361366623,-0.25596675121474194
56.55,-0.5613177275922134,0.17064450080982796,-0.12688323197750817
56.57,-0.5960333710234391,0.2029153806191364,-0.0207804907862971
56.59,-0.6984689667817743,0.23836445313693733,0.05378479968218073
56.61,-0.8380649695932524,0.2633010420804938,0.11197017388381261
56.63,-0.98181707056199,0.2618341839073435,0.1454634355040797
56.65,-1.0441585429208813,0.24032026403447115,0.154264584542982
56.67,-0.9820615469241818,0.2366531186015952,0.14106286098462856
56.69,-0.8718027075757112,0.2493658894355652,0.1359288573786022
56.71,-0.7847691226354552,0.28383705650459923,0.1381291446383278
56.73,-0.735873850197109,0.34495614705253186,0.12614980289093297
56.75,-0.7632552027625829,0.4148763866393668,0.08727806130244782
56.77,-0.8554227913088653,0.4811294807933258,0.03300430889588363
56.79,-0.972771445160896,0.544448858600984,-0.018335727164379794
56.81,-1.0749625645570393,0.616080432723161,-0.042783363383552854
56.83,-1.1228799315466185,0.6911346759160224,-0.01246829447177826
56.85,-1.130703175136754,0.7124041194267029,0.033248785258075356
56.86,-1.1248357424441524,0.679644286893011,0.08678910857806435
56.88,-1.1109005897992237,0.6182807199828867,0.11441493750572991
56.9,-1.0996546771384041,0.5065550224612657,0.08654463221587262
56.92,-1.0903645753751183,0.3950738013018366,0.03471564343122574
56.94,-1.1255691715307277,0.34324481251718975,-0.015157534455887297
56.96,-1.2663875561531643,0.37282645234238915,-0.09925740304984261
56.98,-1.3147938758671271,0.3779604559484155,-0.16355468630626777
57.0,-1.2751887051920667,0.3285762307856859,-0.20022614063502733
57.02,-1.0937872444458026,0.24667664945145615,-0.23811997677474558
57.04,-0.9774164960425389,0.08116615224765455,-0.16184335177092565
57.06,-1.0700730373132048,-0.7811019772025792,0.01711334535342114
57.08,-1.0954985789811447,-0.6791553341686276,-0.06063013782354919
57.1,-0.9136081655104972,-0.305839929101855,0.16428811539284294
57.12,-1.1957338874797543,0.08287748678299667,0.3476453870366409
57.14,-1.3213947376463038,0.3043730709287046,0.11783760657641414
57.16,-1.25587507257892,0.607034807322067,0.040827552486019006
57.18,-1.1363261314671638,0.37258197598019743,0.1814014607462641
57.2,-1.0529596919597837,0.22491825321639214,0.2669681875133698
57.22,-1.057115790117043,0.1767564098646212,0.2029153806191364
57.24,-1.0314457720869112,0.27308009656816307,0.14424105369312104
57.26,-0.9730159215230877,0.35449072517800934,0.15328667909421506
57.28,-0.9387892308162454,0.3757601686886899,0.17480059896708736
57.3,-0.9517464780124072,0.33786633254897164,0.25156617669529074
57.32,-0.9840173578217156,0.3344436634782874,0.336643950738013
57.34,-0.9884179323411667,0.3997188521834795,0.349356721571983
57.357,-0.993551935947193,0.4087644775845735,0.35375729609143414
57.377,-1.0116431867493811,0.39287351404211107,0.3478898633988326
57.397,-1.017266143079791,0.38260550683005834,0.3227087980930844
57.417,-1.021666717599242,0.38505027045197565,0.25841151483665925
57.437,-1.0338905357088286,0.4131650521040247,0.20193747517036947
57.457,-1.0637166518962198,0.43125630290621275,0.17528955169147084
57.477,-1.1035662989334718,0.4324786847171714,0.1767564098646212
57.497,-1.1348592732940133,0.44176878648045714,0.18433517709256486
57.517,-1.152461571371818,0.4324786847171714,0.17871222076215507
57.537,-1.1627295785838707,0.3933624667664945,0.15548696635394066
57.557,-1.1651743422057879,0.3381108089111634,0.11441493750572991
57.577,-1.1639519603948294,0.289460012835009,0.07040919231121841
57.597,-1.1656632949301715,0.2598783730098096,0.03471564343122574
57.617,-1.1676191058277052,0.2510772239709073,0.016624392629037678
57.637,-1.161507196772912,0.25841151483665925,0.008312196314518839
57.657,-1.159551385875378,0.27405800201693,0.0046450508816428815
57.677,-1.1639519603948294,0.29532744552761053,0.0041560981572594195
57.697,-1.1607737676863368,0.2972832564251444,0.001222381810958653
57.717,-1.1480609968523667,0.29459401644103533,0.002444763621917306
57.737,-1.129725269687987,0.29386058735446013,0.009534578125477493
57.757,-1.1074779207285395,0.28334810378021574,0.019558108975338447
57.777,-1.0820523790605996,0.26916847477309536,0.034960119793417475
57.797,-1.051737310148825,0.25621122757693365,0.053540323319988994
57.817,-1.0268007212052686,0.2476545549002231,0.06894233413806802
57.837,-1.0182440485285578,0.24520979127830578,0.07383186138190263
57.857,-1.0275341502918436,0.24814350762460655,0.06405280689423341
57.885,-1.0510038810622497,0.25547779849035845,0.04913974880053785
57.905,-1.1050331571066223,0.2655013293402194,0.04327231610793631
57.925,-1.1175014515784005,0.2821257219692571,0.03642697796656786
57.945,-1.0492925465269076,0.28799315466185865,-0.015157534455887297
57.965,-0.9906182196008924,0.2784585765363811,-0.08336643950738012
57.985,-0.9270543654310424,0.25474436940378326,-0.13079485377257585
58.005,-0.8742474711976286,0.2261406350273508,-0.13861809736271125
58.025,-0.8444213550102374,0.21416129327995598,-0.13055037741038414
58.045,-0.8370870641444855,0.22051767869694097,-0.11001436298627876
58.065,-0.8358646823335268,0.22100663142132446,-0.0975460685145005
58.085,-0.840265256852978,0.22296244231885828,-0.08752253766463955
58.105,-0.8586009840173578,0.2285853986492681,-0.0838553922317636
58.125,-0.8744919475598203,0.24374293310515538,-0.08214405769642147
58.145,-0.8796259511658466,0.26745714023775324,-0.0774990068147786
58.165,-0.8752253766463954,0.2806588637961067,-0.09632368670354186
58.185,-0.891116340188858,0.2901934419215842,-0.11539284295449684
58.205,-0.9131192127861137,0.0951013048925832,-0.06405280689423341
58.225,-1.1131008770589494,0.4173211502612841,-0.17724536258900467
58.245,-1.1319255569477127,0.8920942456376248,-0.31684136540048286
58.265,-1.203312654707698,0.45912660819607004,-0.32882070714787764
58.285,-1.1553952877181188,0.44519145555114137,-0.28799315466185865
58.305,-1.1561287168046939,0.45961556092045347,-0.23885340586132078
58.33,-1.152461571371818,0.521712556917153,-0.28481496195336614
58.35,-1.1409711823488067,0.47306176084099866,-0.3075512636371971
58.37,-1.1309476514989456,0.4234330593160774,-0.3060844054640467
58.39,-1.1028328698468965,0.3498456742963665,-0.2625676129939186
58.41,-1.0923203862726523,0.3073067872750053,-0.27454695474131346
58.43,-1.079852091800874,0.28457048559117437,-0.3043730709287046
58.45,-1.0495370228890994,0.26990190385967056,-0.3197750817467836
58.47,-1.0157992849066406,0.25401094031720806,-0.30241726003117075
58.49,-0.9859731687192494,0.26843504568652016,-0.2633010420804938
58.51,-0.9742383033340464,0.31121840907007303,-0.2349417840662531
58.53,-0.9622589615866516,0.34471167069034014,-0.21685053326406503
58.55,-0.9598141979647342,0.3786938850349907,-0.2126944351068056
58.57,-0.9661705833817192,0.40118571035662987,-0.20682700241420407
58.59,-0.9986859395532194,0.43150077926840447,-0.21073862420927175
58.61,-1.0360908229685541,0.4535036518656602,-0.21147205329584695
58.63,-1.0700730373132048,0.4613268954557956,-0.20804938422516273
58.65,-1.0874308590288175,0.4517923173303181,-0.18849127524982429
58.67,-1.0972099135164868,0.4241664884026526,-0.12443846835559087
58.69,-1.3103933013476758,0.4684167099593558,-0.11857103566298934
58.71,-1.4957063838890077,0.564495920300706,-0.17626745714023775
58.73,-1.5866515906243315,0.559850869419063,-0.12908351923723374
58.75,-1.6252788558506248,0.5794089783944015,-0.08556672676710571
58.78,-1.393759740855056,0.46401613543990466,0.017602298077804602
58.8,-1.2062463710539988,0.3244201326284265,0.05085108333587996
58.82,-1.0703175136753964,0.20756043150077927,0.04425022155670324
58.84,-1.0128655685603398,0.1743116462427039,0.022491825321639215
58.86,-1.0341350120710204,0.18971365706078294,0.014179629007120373
58.88,-1.1140787825077163,0.23934235858570424,0.015402010818079027
58.9,-1.2189591418879686,0.31928612902240017,0.024203159856981328
58.92,-1.3279955994254806,0.3940958958530697,0.05671851602848149
58.94,-1.3690676282736913,0.4498365064327843,0.09216758854628243
58.96,-1.3182165449378114,0.4498365064327843,0.12614980289093297
58.98,-1.2064908474161904,0.3799162668459493,0.15304220273202335
59.0,-1.1111450661614155,0.30339516547993767,0.15719830088928277
59.02,-1.0463588301806068,0.2542554166793998,0.14130733734682027
59.04,-1.0201998594260917,0.2095162423983131,0.1317727592213428
59.06,-1.0133545212847233,0.19949271154845216,0.12223818109586529
59.08,-1.017266143079791,0.22002872597255752,0.13641781010298568
59.1,-1.022644623048009,0.24667664945145615,0.15402010818079026
59.12,-1.0304678666381444,0.26647923478898633,0.15670934816489931
59.14,-1.0219111939614338,0.27014638022186227,0.1535311554564068
59.16,-0.9964856522934938,0.2591449439232344,0.1447300064175045
59.18,-0.9617700088622682,0.24252055129419675,0.12761666106408337
59.2,-0.9194755982030988,0.23543073679063656,0.09363444671943282
59.22,-0.8749809002842037,0.23934235858570424,0.04449469791889497
59.24,-0.8554227913088653,0.23640864223940347,-0.013935152644928643
59.26,-0.8666687039696849,0.2454542676404975,-0.0919231121840907
59.28,-0.8715582312135195,0.2478990312624148,-0.15230877364544815
59.3,-0.8458882131833878,0.2109831005714635,-0.14106286098462856
59.32,-0.8243742933105155,0.2095162423983131,-0.13397304648106836
59.34,-0.8202181951532561,0.22907435137365156,-0.18164593710845583
59.36,-0.8280414387433915,0.2324970204443358,-0.2589004675610427
59.38,-0.849310882254072,0.20658252605201236,-0.2765027656388473
59.4,-0.9928185068606179,0.17846774439996332,-0.19533661339119274
59.42,-1.309415395898909,0.23225254408214405,-0.14326314824435413
59.44,-1.4399657733092932,0.27234666748158787,-0.15010848638572258
59.46,-1.4705253185832594,0.31439660177856554,-0.25596675121474194
59.48,-1.4138068025547779,0.3293096598722611,-0.41658772117470894
59.5,-1.3409528466216423,0.38480579408978394,-0.5867432692601534
59.52,-1.2204260000611191,0.40485285578950586,-0.6710876142163005
59.54,-1.115301164318675,0.22809644592488462,-0.5786755493078263
59.56,-1.0893866699263515,0.07236500320875225,-0.40045228127005467
59.58,-1.0859640008556672,0.5239128441768787,-0.6094795709439843
59.6,-1.1529505240962015,0.3488677688475995,-0.3053509763774715
59.62,-1.2769000397274088,0.34300033615499803,-0.12223818109586529
59.64,-1.3609999083213642,0.46963909177031443,-0.08776701402683128
59.66,-1.3524432356446536,0.5879656510711121,-0.11759313021422241
59.67,-1.3064816795526082,0.5574061057971458,-0.17406716988051218
59.69,-1.183999022094551,0.4513033646059347,-0.22589615866515905
59.71,-1.0664058918803287,0.41389848119059985,-0.23885340586132078
59.73,-0.9937964123093849,0.40314152125416375,-0.23616416587721173
59.75,-0.9629923906732267,0.4554594627631941,-0.23591968951502001
59.77,-0.9651926779329524,0.5258686550744125,-0.23860892949912904
59.79,-0.9879289796167833,0.5527610549155029,-0.24472083855392232
59.81,-1.003575466797054,0.5312471350426305,-0.25327751123063286
59.83,-1.0150658558200654,0.5222015096415366,-0.2625676129939186
59.85,-1.014576903095682,0.4772178589982581,-0.25670018030131714
59.87,-1.0184885248907496,0.4383461174097729,-0.25376646395501634
59.89,-1.0265562448430767,0.3967851358371787,-0.24325398038077192
59.91,-1.0373132047795128,0.3664700669254041,-0.2180729150750237
59.93,-1.0475812119915655,0.34324481251718975,-0.18409070073037312
59.95,-1.0622497937230693,0.33371023439171227,-0.16355468630626777
59.97,-1.1128564006967576,0.33297680530513707,-0.13788466827613605
59.99,-1.2426733490205666,0.38480579408978394,-0.19460318430461754
60.01,-1.2825229960578186,0.38627265226293434,-0.2119610060202304
60.03,-1.3587996210616387,0.3909177031445772,-0.21244995874461386
60.05,-1.3715123918956085,0.4075420957736149,-0.18653546435229043
60.07,-1.3546435229043792,0.3628029214925282,-0.11319255569477125
60.09,-1.3715123918956085,0.3341991871160957,-0.041072028848210734
60.11,-1.3966934572013567,0.31390764905418206,-0.0044005745194511505
60.12,-1.4186963297986126,0.292149252819118,0.026647923478898633
60.14,-1.4277419551997066,0.280414387433915,0.06160804327231611
60.16,-1.4067169880512178,0.25523332212816674,0.08483329768053051
60.18,-1.3920484063197138,0.24863246034899,0.09999083213641781
60.2,-1.3470647556764355,0.2633010420804938,0.12174922837148183
60.22,-1.2761666106408336,0.30021697277144516,0.16526602084160988
60.24,-1.1864437857164685,0.34422271796595666,0.20340433334351984
60.26,-1.1189683097515508,0.3877395104360847,0.23078568590899368
60.28,-1.0776518045411485,0.41683219753690065,0.2493658894355652
60.3,-1.0392690156770468,0.4148763866393668,0.2760138129144638
60.32,-1.0084649940408887,0.4068086666870397,0.3099960272591144
60.34,-0.9713045869877456,0.3892063686092351,0.34226690706842283
60.36,-0.9307215108639183,0.3645142560278703,0.3637808269412951
60.38,-0.9057849219203618,0.3349326162026709,0.36915930690951315
60.4,-0.8972282492436512,0.3036396418421294,0.35449072517800934
60.42,-0.8918497692754331,0.2589004675610427,0.3395776670843138
60.44,-0.9040735873850196,0.2478990312624148,0.3285762307856859
60.46,-0.9265654127066589,0.2430095040185802,0.317574794487058
60.48,-0.9710601106255539,0.2596338966476179,0.2911713473703511
60.5,-1.0238670048589678,0.28897106011062557,0.25132170033309903
60.52,-1.0981878189652539,0.3070623109128136,0.20487119151667021
60.54,-1.130703175136754,0.3043730709287046,0.1525532500076399
60.56,-1.1607737676863368,0.29557192188980225,0.12786113742627508
60.57,-1.1717752039849647,0.29923906732267824,0.09705711579011704
60.59,-1.1715307276227729,0.2603673257341931,0.04302783974574458
60.61,-1.1747089203312655,0.1735782171561287,-0.001222381810958653
60.63,-1.157106622253461,0.14375210096873758,-0.02518106530574825
60.65,-1.1380374660025059,0.11979341747394799,-0.0415609815725942
60.67,-1.1693304403630473,0.09290101763285762,-0.05280689423341381
60.69,-1.2399841090364576,0.07236500320875225,-0.06698652324053418
60.71,-1.2651651743422057,0.030315068911774594,-0.07236500320875225
60.73,-1.2392506799498824,-0.04033859976163555,-0.09021177764874859
60.75,-1.2099135164868746,-0.04791736698957919,-0.12786113742627508
60.77,-1.2121138037466002,0.011979341747394798,-0.154264584542982
60.79,-1.333863032118082,0.047183937903004,-0.154264584542982
60.81,-1.529199645509275,-0.05378479968218073,-0.10561378846682762
60.83,-1.5802952052073465,-0.08434434495614705,-0.11930446474956452
60.85,-1.5076857256364025,0.027381352565473825,-0.26574580570241113
60.87,-1.3830027809186198,0.10854750481312837,-0.47844024080921677
60.89,-1.2008678910857806,-0.1486416282125722,-0.864712893072151
60.91,-1.1111450661614155,-0.8947834856217339,-1.459034929560248
60.93,-1.3037924395684992,1.463679980441891,-0.9441677107844635
60.95,-0.7375851847324512,0.7383186138190263,-0.521712556917153
60.97,-1.014576903095682,0.5767197384102924,-0.46010451364483695
60.99,-1.0879198117532012,0.5275799896097546,-0.38798398679827645
61.02,-1.051737310148825,0.3921400849555359,-0.16037649359777525
61.04,-1.0906090517373102,0.32882070714787764,-0.02542554166793998
61.06,-1.093542768083611,0.13690676282736913,0.09852397396326742
61.08,-1.091586957186077,0.04645050881642881,0.1295724719616172
61.1,-1.0950096262567612,0.14424105369312104,0.10121321394737647
61.12,-1.1192127861137426,0.23298597316871925,0.06576414142957553
61.14,-1.1404822296244232,0.25621122757693365,0.04889527243834611
61.16,-1.1131008770589494,0.25865599119885097,0.05671851602848149
61.18,-1.0578492192036182,0.26916847477309536,0.052317941509030345
61.2,-1.0028420377104788,0.27112428567062924,0.04620603245423708
61.22,-0.9686153470036366,0.28359258014240746,0.052562417871222074
61.24,-0.9495461907526815,0.29801668551171956,0.06063013782354919
61.26,-0.9554136234452831,0.3205085108333588,0.07529871955505302
61.28,-0.9671484888304862,0.35693548879992665,0.08678910857806435
61.3,-0.9757051615071968,0.37527121596430646,0.07774348317697033
61.32,-0.9752162087828133,0.39042875042019376,0.056229563304098035
61.34,-0.9581028634293921,0.3877395104360847,0.027625828927665557
61.36,-0.9397671362650124,0.3845613177275922,0.009290101763285763
61.38,-0.9268098890688506,0.3921400849555359,0.0070898145035601864
61.4,-0.9270543654310424,0.39776304128594564,0.005867432692601534
61.42,-0.9517464780124072,0.393851419490878,0.0073342908657519175
61.44,-0.9683708706414448,0.37282645234238915,0.0031781927084924976
61.47,-1.023622528496776,0.30046144913363687,0.005622956330409804
61.49,-1.0424472083855392,0.2518106530574825,0.031048497998349783
61.51,-1.0700730373132048,0.2070714787763958,-0.0014668581731503835
61.53,-1.1003881062249794,0.14106286098462856,-0.18751336980105734
61.55,-1.1047886807444305,-0.001711334535342114,-0.3207529871955505
61.57,-0.9991748922776029,-0.10536931210463588,0.09363444671943282
61.59,-1.0028420377104788,0.06894233413806802,0.22271796595666657
61.61,-1.0182440485285578,0.381138648656908,0.09656816306573358
61.63,-0.9842618341839073,0.33150994713198667,0.26012284937200136
61.65,-0.9177642636677567,0.5158451242245515,0.37160407053143046
61.67,-0.9967301286556856,0.7036029703878006,0.2926382055435015
61.69,-1.1810653057482505,0.8114170461143538,0.20584909696543716
61.71,-1.2553861198545366,0.8725361366622865,0.17211135898297833
61.73,-1.3964489808391651,0.8312196314518839,0.2095162423983131
61.75,-1.419185282522996,0.8231519114995569,0.2476545549002231
61.77,-1.4006050789964246,0.5984781346453565,0.23934235858570424
61.79,-1.2717660361213825,-0.8182623842557223,0.17211135898297833
61.81,-1.0585826482901934,-0.5512941967423525,-0.3349326162026709
61.83,-1.2035571310698896,-0.2725911438437796,-1.598875408733918
61.85,-1.2881459523882284,0.563518014851939,-1.7766097240473062
61.87,-0.8960058674326926,0.697735537695199,-0.4801515753445589
61.89,-0.8818262384255722,-0.07285395593313572,-0.2662347584267946
61.91,-1.1407267059866149,0.47183937903004003,-0.6882009595697216
61.93,-1.3622222901323229,0.44176878648045714,-0.3779604559484155
61.95,-1.4575680713870978,0.31244079088103166,-0.13226171194572625
61.97,-1.3668673410139658,0.2919047764569263,0.2936161109922684
61.99,-1.1974452220150964,0.34251138343061455,0.40485285578950586
62.01,-1.07789628090334,0.3982519940103291,0.41145371756868254
62.03,-0.8957613910705009,0.5552058185374201,0.4772178589982581
62.05,-0.9915961250496592,0.308529169085964,0.3219753690065092
62.07,-0.9023622528496775,0.12761666106408337,-0.0026892399841090364
62.09,-0.8608012712770834,0.48406319713962653,-0.10390245393148549
62.11,-0.8972282492436512,-0.19215842068270023,-0.4378571646853895
62.13,-1.0356018702441707,-0.12883904287504203,-0.47746233536044985
62.15,-0.9089631146288543,-0.25376646395501634,-0.5134003606026343
62.17,-0.8845154784096813,0.14961953366133912,-0.4850411025883935
62.19,-0.8243742933105155,0.4671943281483971,-0.23445283134186962
62.21,-0.8967392965192678,0.43003392109525407,-0.3236867035418513
62.23,-1.034379488433212,0.16599944992818508,-0.4772178589982581
62.25,-1.0886532408397762,-0.04938422516272958,-0.39874094673471255
62.27,-1.0549155028573174,0.061119090547932645,-0.5574061057971458
62.29,-0.9815725941997983,0.2317635913577606,-0.28725972557528345
62.31,-1.043425113834306,0.2615897075451517,-0.05891880328820707
62.33,-1.0791186627142988,-0.009534578125477493,-0.2254072059407756
62.35,-1.042691684747731,0.08532225040491398,-0.22369587140543348
62.36,-1.044403019283073,0.14228524279558719,0.061119090547932645
62.38,-1.2206704764233107,0.22247348959447483,0.22247348959447483
62.4,-1.568804816184335,0.6173028145341197,0.16257678085750082
62.42,-1.6509488738807567,1.0908535280995018,0.2647679002536442
62.44,-1.6553494484002078,1.0483146410781408,0.6390612107691838
62.46,-1.447300064175045,0.9979525104666442,0.6647312287993155
62.48,-1.1632185313082541,0.7798795953916206,0.4823518626042844
62.5,-1.0373132047795128,0.3911621795067689,0.21391681691776426
62.52,-0.9588362925159674,0.3786938850349907,0.05402927604437246
62.54,-0.9180087400299484,0.18604651162790697,0.047672890627387464
62.56,-0.8798704275280383,0.19778137701311005,0.0982794976010757
62.58,-0.887449194755982,0.21782843871283195,0.1655104972038016
62.6,-0.9495461907526815,0.23836445313693733,0.201448522445986
62.62,-1.0771628518167649,0.25498884576597497,0.2214955841457079
62.64,-1.2143140910063257,0.2589004675610427,0.23225254408214405
62.66,-1.2678544143263148,0.2430095040185802,0.21367234055557252
62.68,-1.2416954435717997,0.21709500962625675,0.18042355529749718
62.7,-1.1632185313082541,0.23616416587721173,0.1662439262903768
62.72,-1.067139320966904,0.2755248601900804,0.14326314824435413
62.74,-0.9835284050973321,0.2919047764569263,0.11294807933257953
62.76,-0.941967423524738,0.2926382055435015,0.07725453045258686
62.78,-0.9634813433976103,0.28457048559117437,0.04425022155670324
62.8,-1.0155548085444488,0.28799315466185865,0.0327598325336919
62.82,-1.060782935549919,0.2799254347095315,0.05451822876875592
62.84,-1.0837637135959417,0.2950829691654188,0.10121321394737647
62.86,-1.086208477217859,0.28285915105583226,0.13886257372490296
62.88,-1.056137884668276,0.28310362741802403,0.16379916266845948
62.9,-1.0089539467652722,0.2769917183632308,0.16648840265256853
62.92,-0.9725269687987043,0.2611007548207683,0.15133086819668123
62.94,-0.9378113253674785,0.25303303486844114,0.13079485377257585
62.96,-0.9221648381872077,0.25572227485255017,0.10390245393148549
62.98,-0.9241206490847416,0.26990190385967056,0.06307490144546649
63.0,-0.9495461907526815,0.27234666748158787,0.023469730770406136
63.02,-1.0659169391559453,0.28408153286679094,0.009534578125477493
63.04,-1.1940225529444122,0.3405555725330807,-0.008067719952327109
63.06,-1.2270268618402957,0.3669590196497876,-0.019069156250954986
63.08,-1.1522170950096262,0.3835834122788253,-0.0686978577758763
63.1,-1.0334015829844452,0.3513125324695168,-0.10659169391559453
63.12,-0.963725819759802,0.29386058735446013,-0.08727806130244782
63.14,-0.9615255325000763,0.2777251474498059,-0.07529871955505302
63.16,-1.0030865140726706,0.28823763102405037,-0.06992023958683495
63.18,-1.0558934083060845,0.30339516547993767,-0.06918681050025975
63.2,-1.1047886807444305,0.33224337621856187,-0.0679644286893011
63.22,-1.1326589860342877,0.352045961556092,-0.07847691226354551
63.24,-1.135103749656205,0.3437337652415732,-0.09925740304984261
63.26,-1.122390978822235,0.33028756532102804,-0.1207713229227149
63.28,-1.097943342603062,0.323931179904043,-0.14252971915777893
63.3,-1.0783852336277235,0.31537450722733246,-0.14032943189805336
63.32,-1.0485591174403324,0.2596338966476179,-0.11759313021422241
63.34,-1.042691684747731,0.3967851358371787,-0.13886257372490296
63.36,-1.036335299330746,0.41218714665525774,-0.13886257372490296
63.38,-1.008220517678697,0.3955627540262201,-0.14057390826024507
63.4,-1.0077315649543135,0.2119610060202304,-0.09901292668765088
63.42,-1.0265562448430767,0.3334657580295205,-0.11001436298627876
63.44,-1.0566268373926595,0.37429331051553955,-0.08605567949148916
63.46,-1.0822968554227912,0.4070531430492314,-0.0655196650673838
63.48,-1.0994102007762123,0.4112092412064908,-0.058185374201631876
63.5,-1.1204351679247013,0.4068086666870397,-0.06649757051615071
63.52,-1.1407267059866149,0.4094979066711487,-0.08581120312929744
63.54,-1.1561287168046939,0.41585429208813374,-0.10096873758518474
63.56,-1.1566176695290773,0.42807811019772024,-0.09950187941203435
63.58,-1.1541729059071602,0.43125630290621275,-0.08434434495614705
63.6,-1.1417046114353817,0.4099868593955322,-0.0655196650673838
63.62,-1.1231244079088103,0.3630473978547199,-0.04547260336766189
63.64,-1.1018549643981297,0.29948354368486996,-0.028114781652049017
63.66,-1.0908535280995018,0.2542554166793998,-0.019558108975338447
63.68,-1.09623200806772,0.26134523118296,-0.030070592549582862
63.71,-1.1219020260978516,0.28285915105583226,-0.02518106530574825
63.73,-1.1238578369953856,0.31781927084924977,-0.01637991626684595
63.75,-1.097943342603062,0.34104452525746415,-0.008312196314518839
63.77,-1.063472175534028,0.34495614705253186,0.010023530849860953
63.79,-1.0385355865904715,0.3346881398404792,0.02102496714848883
63.81,-1.025333863032118,0.3214864162821257,0.02884821073862421
63.83,-1.016288237631024,0.3051065000152798,0.03422669070684228
63.85,-0.9994193686397946,0.2928826819056932,0.04596155609204535
63.87,-0.9808391651132231,0.28554839103994134,0.049628701524921305
63.89,-0.9644592488463771,0.2762582892766556,0.0440057451945115
63.91,-0.9424563762491214,0.25303303486844114,0.04229441065916939
63.93,-0.9348776090211778,0.24203159856981327,0.047672890627387464
63.95,-0.9654371542951441,0.24178712220762155,0.05696299239067323
63.97,-1.0796076154386822,0.24447636219173058,0.08556672676710571
63.99,-1.1629740549460623,0.2735690492925465,0.09167863582189897
64.01,-1.0774073281789567,0.2743024783791217,0.05085108333587996
64.03,-0.9661705833817192,0.25498884576597497,0.0022002872597255752
64.05,-0.9177642636677567,0.2635455184426856,-0.06038566146135745
64.07,-0.8771811875439294,0.25645570393912537,-0.07187605048436879
64.09,-0.8769367111817375,0.2762582892766556,-0.07529871955505302
64.11,-0.8947834856217339,0.31513003086514074,-0.09412339944381627
64.13,-0.9341441799346025,0.34080004889527243,-0.14741924640161355
64.15,-0.9417229471625462,0.3383552852733551,-0.1965589952021514
64.17,-0.9199645509274822,0.28310362741802403,-0.14179629007120373
64.19,-0.9062738746447453,0.2652568529780277,-0.0838553922317636
64.21,-0.9062738746447453,0.28725972557528345,-0.08972282492436512
64.23,-0.9500351434770651,0.30192830730678727,-0.18824679888763254
64.25,-1.0187330012529414,0.293127158267885,-0.25498884576597497
64.27,-1.0908535280995018,0.31390764905418206,-0.24667664945145615
64.29,-1.1402377532622314,0.3940958958530697,-0.2747914311035052
64.31,-1.1263026006173027,0.3371329034623965,-0.28457048559117437
64.33,-1.1346147969318217,0.5160896005867432,-0.4244109647648443
64.35,-1.0485591174403324,0.6111909054793264,-0.4388350701341564
64.37,-1.0113987103871893,0.26134523118296,-0.38602817590074257
64.39,-1.0094428994896556,0.40974238303334043,-0.3603581578706109
64.41,-1.0282675793784188,0.4217217247807353,-0.34348928887938146
64.43,-1.0451364483696481,0.4385905937719647,-0.336643950738013
64.45,-1.0466033065427987,0.421966201142927,-0.28237019833144883
64.47,-1.0338905357088286,0.38871741588485165,-0.20804938422516273
64.49,-1.0182440485285578,0.36989273599608835,-0.19533661339119274
64.51,-0.9940408886715766,0.3454450997769153,-0.2109831005714635
64.53,-0.9666595361061027,0.31341869632979863,-0.21318338783118906
64.55,-0.9500351434770651,0.30241726003117075,-0.18677994071448217
64.57,-0.9522354307367906,0.34202243070623106,-0.17088897717201967
64.59,-0.9588362925159674,0.3437337652415732,-0.15597591907832412
64.6,-0.9703266815389787,0.3532683433670507,-0.1471747700394218
64.62,-0.9837728814595239,0.3672034960119793,-0.1398404791736699
64.64,-0.9962411759313021,0.37380435779115606,-0.1327506646701097
64.66,-1.0246004339455428,0.3835834122788253,-0.12223818109586529
64.68,-1.0664058918803287,0.40167466308101335,-0.11025883934847049
64.7,-1.0972099135164868,0.40974238303334043,-0.08018824679888763
64.72,-1.1585734804266112,0.39874094673471255,-0.007823243590135379
64.74,-1.360266479234789,0.4535036518656602,-0.017602298077804602
64.76,-1.4668581731503836,0.4674388045105889,-0.015157534455887297
64.78,-1.5172203037618799,0.43150077926840447,0.030070592549582862
64.8,-1.4905723802829813,0.43076735018182927,0.06185251963450784
64.82,-1.3548879992665708,0.3940958958530697,0.09241206490847416
64.84,-1.1964673165663295,0.3476453870366409,0.10268007212052685
64.86,-1.0527152155975918,0.31464107814075726,0.0919231121840907
64.88,-0.9326773217614521,0.29801668551171956,0.07407633774409436
64.9,-0.8676466094184518,0.3046175472908963,0.047672890627387464
64.92,-0.8698468966781774,0.31366317269199034,0.05451822876875592
64.94,-0.9439232344222718,0.34006661980869723,0.0679644286893011
64.96,-1.0722733245729303,0.374782263239923,0.07725453045258686
64.98,-1.215047520092901,0.39702961219937044,0.088011490389023
65.0,-1.289368334199187,0.40143018671882164,0.13959600281147816
65.02,-1.2663875561531643,0.38749503407389296,0.1958255661155762
65.04,-1.1795984475751,0.32955413623445284,0.20902728967392964
65.06,-1.0930538153592275,0.276747242001039,0.1662439262903768
65.08,-1.0329126302600617,0.22687406411392597,0.12101579928490663
65.1,-1.0123766158359564,0.18482412981694832,0.08678910857806435
65.12,-1.013598997646915,0.19778137701311005,0.06918681050025975
65.14,-1.0221556703236256,0.23836445313693733,0.07774348317697033
65.16,-1.0397579684014302,0.2637899948048773,0.09656816306573358
65.18,-1.0522262628732084,0.27161323839501267,0.10243559575833511
65.2,-1.0422027320233476,0.2669681875133698,0.09241206490847416
65.22,-1.013598997646915,0.2503437948843321,0.0623414723588913
65.24,-0.9796167833022644,0.23225254408214405,0.006845338141368456
65.26,-0.9561470525318583,0.23151911499556885,-0.05940775601259053
65.28,-0.9241206490847416,0.21391681691776426,-0.06674204687834245
65.3,-0.9026067292118694,0.1972924242887266,-0.04547260336766189
65.32,-0.8850044311340647,0.20609357332762887,-0.04229441065916939
65.34,-0.8608012712770834,0.22051767869694097,-0.08361091586957185
65.36,-0.8307306787275005,0.2366531186015952,-0.14986401002353084
65.38,-0.8038382788864101,0.24374293310515538,-0.21049414784708004
65.4,-0.7996821807291508,0.26721266387556153,-0.267701616599945
65.42,-0.813128380649696,0.2789475292607646,-0.2862818201265165
65.44,-0.9522354307367906,0.2625676129939186,-0.1926473734070837
65.46,-1.2810561378846683,0.33371023439171227,-0.11685970112764722
65.48,-1.416496042538887,0.37698255049964857,-0.11392598478134645
65.5,-1.3734682027931424,0.38676160498731776,-0.18653546435229043
65.52,-1.2707881306726156,0.37258197598019743,-0.26916847477309536
65.54,-1.2030681783455062,0.4339455428903218,-0.37111511780704703
65.56,-1.1544173822693518,0.4977538734223635,-0.456437368211961
65.58,-1.0976988662408702,0.5373590440974239,-0.4674388045105889
65.6,-1.0184885248907496,0.5662072548360481,-0.3740488341533478
65.62,-0.9287656999663845,0.5349142804755065,-0.2415426458454298
65.64,-0.9077407328178957,0.4532591755034685,-0.15035296274791432
65.66,-1.0089539467652722,0.3610915869571861,-0.11563731931668857
65.68,-1.1798429239372918,0.32564251443938513,-0.11734865385203068
65.7,-1.3321516975827399,0.34226690706842283,-0.16917764263667756
65.72,-1.3634446719432816,0.3581578706108853,-0.24496531491611404
65.74,-1.2864346178528863,0.3588912996974605,-0.31048497998349783
65.76,-1.1563731931668857,0.36084711059499436,-0.3628029214925282
65.78,-1.0483146410781408,0.3603581578706109,-0.3997188521834795
65.8,-0.9710601106255539,0.34251138343061455,-0.3767380741374568
65.82,-0.9405005653515875,0.3327323289429453,-0.35986920514622744
65.84,-0.9524799070989823,0.305839929101855,-0.3285762307856859
65.86,-0.9686153470036366,0.28188124560706534,-0.27234666748158787
65.88,-0.9744827796962381,0.2757693365522721,-0.23200806771995233
65.9,-0.9903737432387005,0.2821257219692571,-0.19142499159612505
65.93,-1.0113987103871893,0.27405800201693,-0.15719830088928277
65.95,-1.0233780521345843,0.26745714023775324,-0.1327506646701097
65.97,-1.0238670048589678,0.2596338966476179,-0.10708064663997799
65.99,-1.0148213794578735,0.2430095040185802,-0.05696299239067323
66.01,-1.0211777648748586,0.24472083855392232,-0.010268007212052684
66.03,-1.0368242520551294,0.267701616599945,-0.002444763621917306
66.05,-1.086941906304434,0.28750420193747517,-0.015157534455887297
66.07,-1.2001344619992054,0.3209974635577423,-0.04498365064327843
66.09,-1.2937689087186381,0.3496011979341747,-0.04547260336766189
66.11,-1.3712679155334169,0.3884729395226599,-0.016135439904654218
66.13,-1.3671118173761574,0.3980075176481374,0.04987317788711304
66.15,-1.282278519695627,0.3823610304678666,0.13495095192983528
66.17,-1.2067353237783822,0.368425877822938,0.1806680316596889
66.19,-1.182287687559209,0.3349326162026709,0.20022614063502733
66.21,-1.1964673165663295,0.29557192188980225,0.2070714787763958
66.23,-1.241206490847416,0.27210219111939615,0.20829386058735447
66.25,-1.2981694832380894,0.23738654768817039,0.21856186779940714
66.27,-1.2490297344375516,0.20169299880817773,0.25938942028542616
66.29,-1.1764202548666076,0.21147205329584695,0.2669681875133698
66.31,-1.1113895425236073,0.25670018030131714,0.24667664945145615
66.33,-1.071539895486355,0.3073067872750053,0.1958255661155762
66.35,-1.076184946367998,0.32662041988815205,0.17651193350242947
66.366,-1.0595605537389603,0.3540017724536259,0.19435870794242582
66.386,-1.0011307031751366,0.32710937261253553,0.21318338783118906
66.406,-0.9810836414754148,0.31781927084924977,0.23127463863337713
66.426,-0.9986859395532194,0.28799315466185865,0.21073862420927175
66.446,-1.0177550958041743,0.21293891146899735,0.17700088622681295
66.466,-1.0338905357088286,0.18629098799009872,0.14350762460654584
66.486,-1.0448919720074565,0.15206429728325643,0.11637074840326375
66.506,-1.0752070409192311,0.09021177764874859,0.07285395593313572
66.526,-1.0730067536595056,0.04987317788711304,0.05305137059560554
66.546,-1.113345353421141,0.022736301683830944,0.06185251963450784
66.566,-1.1236133606331937,-0.04131650521040247,0.053540323319988994
66.586,-1.0431806374721144,-0.05011765424930477,-0.026158970754515173
66.606,-1.0040644195214374,-0.0070898145035601864,-0.18995813342297466
66.626,-1.0192219539773248,0.0046450508816428815,-0.2535219875928246
66.646,-1.0502704519756745,0.026892399841090365,-0.21611710417748983
66.666,-1.0747180881948477,0.04669498517862054,-0.18286831891941446
66.686,-1.0876753353910094,0.01271277083396999,-0.16991107172325276
66.706,-1.1336368914830548,-0.008801149038902301,-0.21147205329584695
66.726,-1.1866882620786603,0.02029153806191364,-0.2870152492130917
66.746,-1.1710417748983895,0.03300430889588363,-0.3317544234941784
66.766,-1.0847416190447086,0.013201723558353452,-0.292149252819118
66.785,-1.0221556703236256,0.06698652324053418,-0.28310362741802403
66.805,-0.9867065978058246,0.11490389023011337,-0.3029062127555542
66.825,-0.9871955505302081,0.1757785044158543,-0.40094123399443815
66.845,-0.979127830577881,0.17920117348653852,-0.43223420835497967
66.865,-0.9735048742474712,0.22345139504324174,-0.32833175442349416
66.885,-0.9933074595850013,0.3496011979341747,-0.35840234697307705
66.905,-1.031934724811295,0.3676924487363628,-0.5239128441768787
66.925,-1.0338905357088286,0.25474436940378326,-0.5713412584420744
66.945,-1.0091984231274638,0.1870244170766739,-0.43932402285853983
66.965,-0.9967301286556856,0.4043639030651224,-0.3344436634782874
66.985,-0.9928185068606179,0.6500626470678116,-0.26819056932432844
67.005,-1.0385355865904715,0.7001803013171164,-0.3351770925648626
67.025,-1.11603459340525,0.5930996546771384,-0.35913577605965225
67.045,-1.1976896983772882,0.5334474223023561,-0.100724261222993
67.065,-1.2143140910063257,0.5437154295144088,-0.1166152247654555
67.085,-1.186932738440852,0.4275891574733368,-0.2718577147572044
67.105,-0.8820707147877639,-1.302081105033157,-0.43516792470128046
67.125,-3.2239097882223513,-1.102588393484705,-1.7983681202823703
67.145,-0.65690798520918,-2.2203343214252973,2.3235033462702073
67.165,-1.1979341747394798,-1.022644623048009,0.3300430889588363
67.185,-2.7789628090334015,0.8642239403477676,0.26794609296213673
67.205,-0.36329187421691167,0.19386975521804234,-0.3165968890382911
67.225,-1.2253155273049536,0.09363444671943282,-0.3982519940103291
67.245,-0.9532133361855576,0.05891880328820707,-0.5175564587598936
67.265,-0.9258319836200837,-0.11563731931668857,-0.5869877456223451
67.285,-1.0849860954069004,-0.20829386058735447,-0.5735415457017999
67.305,-0.9871955505302081,0.0022002872597255752,-0.051340036060263425
67.325,-0.9676374415548696,-0.21293891146899735,-0.06454175961861687
67.345,-1.1619961494972955,-0.35449072517800934,-0.17944564984873024
67.365,-1.0287565321028023,-0.1359288573786022,-0.06454175961861687
67.385,-0.8994285365033768,-0.3207529871955505,-0.3180637472114415
67.405,-1.0307123430003362,-0.13250618830791797,-0.4197659138832014
67.425,-0.9449011398710387,-0.1655104972038016,-0.5014210188552394
67.445,-0.8598233658283164,-0.26647923478898633,-0.5398038077193411
67.465,-0.9427008526113131,-0.18262384255722275,-0.5574061057971458
67.485,-0.8099501879412034,-0.19313632613146717,-0.43296763744155486
67.505,-0.8114170461143538,-0.26819056932432844,-0.41512086300155854
67.525,-0.8830486202365309,-0.5158451242245515,-0.5165785533111267
67.545,-0.7771903554075115,-0.4361458301500474,-0.3828499831922501
67.565,-0.9639702961219937,-0.4823518626042844,-0.3187971762980167
67.585,-0.9268098890688506,-0.3053509763774715,-0.25327751123063286
67.605,-1.0307123430003362,-0.2757693365522721,-0.2310301622711854
67.625,-0.9341441799346025,-1.3852030681783454,-0.5185343642086606
67.645,-0.9236316963603581,-0.33199889985637016,-0.20511566787886196
67.665,-0.9544357179965162,-0.29532744552761053,0.09901292668765088
67.695,-0.9397671362650124,-0.2031598569813281,0.10096873758518474
67.715,-0.9510130489258319,-0.2870152492130917,-0.11294807933257953
67.735,-0.8001711334535342,-0.8598233658283164,-0.22442930049200868
67.755,-0.8649573694343428,-0.4825963389664762,-0.10243559575833511
67.775,-0.9813281178376065,-0.267701616599945,0.09607921034135011
67.795,-0.6556856033982215,-0.19069156250954986,0.1310393301347676
67.815,-0.9258319836200837,-0.35742444152431013,-0.15817620633804969
67.835,-1.342175228432601,0.09876845032545915,-0.06380833053204168
67.855,-1.5744277725147449,0.0070898145035601864,-0.008312196314518839
67.875,-1.434587293341075,0.23298597316871925,0.0806771995232711
67.895,-1.182287687559209,0.4058307612382728,-0.08458882131833878
67.915,-1.0776518045411485,0.20022614063502733,-0.22516272957858385
67.935,-0.868380038505027,0.0014668581731503835,-0.37429331051553955
67.955,-0.7996821807291508,-0.409253430308957,-0.3796717904837576
67.975,-0.7845246462732635,0.022980778046022676,-0.3180637472114415
67.995,-1.0500259756134829,-0.11685970112764722,-0.2943495400788436
68.015,-1.0033309904348624,0.35840234697307705,-0.17455612260489564
68.035,-0.7605659627784739,0.9268098890688506,0.08238853405861321
68.055,-1.0896311462885433,1.2715215597591907,0.6231702472267212
68.075,-1.2588087889252209,1.2297161018244047,0.9629923906732267
68.095,-1.4314091006325826,0.7263392720716315,0.7659444427466919
68.115,-1.4690584604101091,0.2471656021758396,0.40143018671882164
68.135,-1.3213947376463038,0.09559025761696666,0.21929529688598234
68.155,-1.252207927146044,-0.003422669070684228,0.12761666106408337
68.175,-1.1962228402041377,-0.06771995232710937,0.1383736210005195
68.195,-1.1883995966140024,0.03471564343122574,0.25058827124652383
68.215,-1.1874216911652353,0.23836445313693733,0.3068178345506219
68.235,-1.1627295785838707,0.31268526724322343,0.31072945634568955
68.255,-1.215047520092901,0.3068178345506219,0.2923937291813098
68.275,-1.2629648870824801,0.31513003086514074,0.2366531186015952
68.295,-1.2947468141674052,0.3219753690065092,0.16355468630626777
68.315,-1.270299177948232,0.3187971762980167,0.1359288573786022
68.335,-1.232405341808514,0.2904379182837759,0.17528955169147084
68.355,-1.1901109311493445,0.26965742749747884,0.2317635913577606
68.375,-1.1575955749778444,0.23567521315282827,0.2606118020963848
68.395,-1.1329034623964795,0.21318338783118906,0.2647679002536442
68.415,-1.117990404302784,0.23616416587721173,0.2615897075451517
68.435,-1.0874308590288175,0.2342083549796779,0.25718913302570057
68.455,-1.0475812119915655,0.24838798398679826,0.25621122757693365
68.475,-1.0067536595055466,0.2725911438437796,0.25229960578186594
68.495,-0.9681263942792531,0.2862818201265165,0.24985484215994866
68.515,-0.9353665617455612,0.29606087461418573,0.24105369312104635
68.535,-0.9177642636677567,0.30901812181034743,0.22589615866515905
68.555,-0.9123857836995385,0.31855269993582497,0.21465024600433946
68.575,-0.9116523546129633,0.3209974635577423,0.2109831005714635
68.59,-0.9121413073373468,0.3187971762980167,0.21073862420927175
68.61,-0.9334107508480274,0.3117073617944565,0.1968034715643431
68.63,-0.9603031506891178,0.31561898358952417,0.18115698438407235
68.65,-0.9847507869082908,0.33053204168321976,0.15939858814900834
68.67,-1.0047978486080127,0.32955413623445284,0.13421752284326008
68.69,-1.0268007212052686,0.3334657580295205,0.11197017388381261
68.71,-1.0505149283378663,0.3437337652415732,0.0799437704366959
68.73,-1.0739846591082725,0.3383552852733551,0.0503621306114965
68.75,-1.1094337316260734,0.33933319072212204,-0.0002444763621917306
68.77,-1.1402377532622314,0.352045961556092,-0.08996730128655686
68.79,-1.1509947131986675,0.308529169085964,-0.11612627204107202
68.81,-1.1656632949301715,0.2733245729303548,-0.11319255569477125
68.83,-1.166152247654555,0.2821257219692571,-0.14301867188216238
68.85,-1.1390153714512727,0.3051065000152798,-0.23885340586132078
68.87,-1.124346789719769,0.293127158267885,-0.33077651804541147
68.89,-1.1011215353115544,0.2591449439232344,-0.368425877822938
68.91,-1.078140757265532,0.25132170033309903,-0.3955627540262201
68.93,-1.0688506555022461,0.26990190385967056,-0.41463191027717505
68.95,-1.0492925465269076,0.2725911438437796,-0.4085200012223818
68.97,-1.0341350120710204,0.2647679002536442,-0.4226996302295022
68.99,-1.047336735629374,0.25865599119885097,-0.5351587568376982
69.01,-1.1458607095926412,0.16673287901476025,-0.437368211961006
69.04,-1.2969471014271308,0.1383736210005195,-0.33859976163554684
69.06,-1.2099135164868746,0.13886257372490296,-0.3236867035418513
69.08,-1.0818079026984078,0.1366622864651774,-0.3513125324695168
69.1,-0.9942853650337683,0.1591541117868166,-0.3522904379182838
69.12,-0.9871955505302081,0.20756043150077927,-0.3117073617944565
69.14,-1.0260672921186933,0.26965742749747884,-0.2635455184426856
69.16,-1.0576047428414266,0.2911713473703511,-0.21049414784708004
69.18,-1.0576047428414266,0.2972832564251444,-0.15670934816489931
69.2,-1.0221556703236256,0.29826116187391133,-0.12199370473367356
69.22,-0.9676374415548696,0.28823763102405037,-0.09143415945970723
69.24,-0.9140971182348806,0.2733245729303548,-0.05940775601259053
69.26,-0.890138434740091,0.2635455184426856,-0.028114781652049017
69.28,-0.8960058674326926,0.25474436940378326,-0.0036671454328759587
69.3,-0.9449011398710387,0.2733245729303548,0.003422669070684228
69.32,-1.0043088958836293,0.31268526724322343,0.018580203526571526
69.34,-1.0693396082266295,0.37282645234238915,0.026647923478898633
69.36,-1.1138343061455245,0.4253888702136112,0.02542554166793998
69.38,-1.1182348806649758,0.46230480090456255,0.006845338141368456
69.4,-1.0612718882743024,0.45521498640100233,-0.01246829447177826
69.42,-0.9996638450019864,0.43027839745744584,-0.016624392629037678
69.44,-0.9417229471625462,0.40411942670293066,-0.008312196314518839
69.46,-0.9096965437154295,0.3664700669254041,0.008312196314518839
69.48,-0.9092075909910461,0.34177795434403935,0.011734865385203068
69.5,-0.9375668490052868,0.3253980380771934,0.01711334535342114
69.52,-0.9798612596644561,0.32710937261253553,0.01295724719616172
69.54,-1.0177550958041743,0.32955413623445284,-0.0044005745194511505
69.56,-1.0463588301806068,0.32417565626623474,-0.029092687100815938
69.58,-1.0297344375515691,0.3043730709287046,-0.049628701524921305
69.6,-1.0050423249702045,0.2936161109922684,-0.06723099960272591
69.62,-0.9889068850655502,0.29630535097637745,-0.09094520673532377
69.64,-0.9913516486874675,0.3036396418421294,-0.11099226843504569
69.66,-1.003575466797054,0.31121840907007303,-0.11979341747394799
69.68,-1.0206888121504751,0.31048497998349783,-0.1207713229227149
69.7,-1.0356018702441707,0.3029062127555542,-0.11710417748983895
69.72,-1.0197109067017083,0.25645570393912537,-0.12810561378846683
69.74,-1.0766738990923814,0.24203159856981327,-0.20853833694954618
69.76,-1.12165754973566,-0.1166152247654555,-0.2760138129144638
69.78,-1.131436604223329,-0.2598783730098096,-0.35522415426458454
69.8,-1.091586957186077,-0.04596155609204535,-0.30046144913363687
69.82,-1.044403019283073,0.12614980289093297,-0.2285853986492681
69.84,-1.0121321394737646,0.2943495400788436,-0.1549980136295572
69.86,-1.0131100449225314,0.31561898358952417,-0.11221465024600434
69.88,-0.9695932524524035,0.3229532744552761,-0.0767655777282034
69.9,-1.0023530849860953,0.31635241267609937,-0.010023530849860953
69.92,-1.1419490877975735,0.37062616508266355,-0.0041560981572594195
69.93,-1.2118693273844086,0.41683219753690065,-0.029092687100815938
69.95,-1.2038016074320814,0.4209882956941601,-0.058185374201631876
69.97,-1.1817987348348256,0.44543593191333314,-0.09021177764874859
69.99,-1.1226354551844269,0.4385905937719647,-0.08703358494025609
70.01,-1.0835192372337499,0.41585429208813374,-0.06723099960272591
70.03,-1.058827124652385,0.3884729395226599,-0.04498365064327843
70.05,-1.0448919720074565,0.3452006234147236,-0.02518106530574825
70.07,-1.0170216667175993,0.3080402163615805,-0.020536014424105367
70.09,-0.9686153470036366,0.280414387433915,-0.04913974880053785
70.11,-0.9026067292118694,0.28457048559117437,-0.08556672676710571
70.13,-0.8881826238425572,0.3209974635577423,-0.09607921034135011
70.15,-0.9510130489258319,0.3642697796656786,-0.09314549399504936
70.17,-1.053448644684167,0.406564190324848,-0.08996730128655686
70.19,-1.1558842404425023,0.4381016410475812,-0.07652110136601167
70.21,-1.2216483818720778,0.44176878648045714,-0.0655196650673838
70.23,-1.2311829599975552,0.43125630290621275,-0.045717079729853616
70.25,-1.1788650184885248,0.3779604559484155,-0.03471564343122574
70.27,-1.1074779207285395,0.3095070745347309,-0.02542554166793998
70.29,-1.0429361611099226,0.25718913302570057,-0.020536014424105367
70.31,-1.017266143079791,0.20682700241420407,-0.018335727164379794
70.33,-1.025333863032118,0.18677994071448217,-0.023958683494789596
70.35,-1.0505149283378663,0.22320691868105003,-0.027136876203282093
70.37,-1.064450080982795,0.24252055129419675,-0.022491825321639215
70.38,-1.0725178009351222,0.25401094031720806,-0.010512483574244415
70.4,-1.0629832228096445,0.2789475292607646,0.0004889527243834612
70.42,-1.034379488433212,0.28334810378021574,0.007823243590135379
70.44,-1.001864132261712,0.27234666748158787,0.013446199920545182
70.46,-0.9776609724047306,0.2591449439232344,0.0207804907862971
70.48,-0.963725819759802,0.24741007853803135,0.033248785258075356
70.5,-0.9656816306573358,0.24447636219173058,0.04498365064327843
70.52,-0.9561470525318583,0.24007578767227944,0.057207468752864955
70.54,-0.9336552272102191,0.2310301622711854,0.06967576322464322
70.56,-0.9140971182348806,0.22760749320050117,0.07163157412217706
70.58,-0.9035846346606362,0.23591968951502001,0.048650796076154385
70.6,-0.8994285365033768,0.25132170033309903,0.018335727164379794
70.62,-0.9006509183143354,0.2774806710876142,-0.014913058093695565
70.64,-0.9118968309751551,0.3092625981725392,-0.03862726522629343
70.66,-1.0382911102282797,0.32662041988815205,-0.013935152644928643
70.68,-1.2847232833175442,0.38505027045197565,-0.0031781927084924976
70.7,-1.36466705375424,0.3911621795067689,0.0002444763621917306
70.72,-1.3260397885279467,0.3650032087522538,-0.01246829447177826
70.74,-1.173242062158115,0.3498456742963665,-0.06454175961861687
70.76,-1.0160437612688322,0.34031109617088895,-0.1525532500076399
70.78,-0.9148305473214559,0.32833175442349416,-0.23860892949912904
70.8,-0.8715582312135195,0.3351770925648626,-0.2589004675610427
70.82,-0.8385539223176359,0.37038168872047184,-0.22051767869694097
70.84,-0.8397763041285945,0.41854353207224276,-0.17064450080982796
70.86,-0.9038291110228279,0.3496011979341747,-0.13397304648106836
70.88,-1.03266815389787,0.3635363505791034,-0.1726003117073618
70.9,-1.2382727745011155,0.28090334015829843,-0.27454695474131346
70.92,-1.3106377777098677,0.47746233536044985,-0.2046267151544785
70.94,-1.2898572869235705,0.5065550224612657,-0.11857103566298934
70.96,-1.207957705589341,0.4275891574733368,-0.12346056290682395
70.98,-1.0776518045411485,0.42807811019772024,-0.16453259175503468
71.0,-0.9732603978852794,0.31781927084924977,-0.1814014607462641
71.02,-0.9084741619044708,0.3046175472908963,-0.18409070073037312
71.04,-0.8803593802524218,0.3395776670843138,-0.16991107172325276
71.06,-0.9013843474009107,0.3940958958530697,-0.15035296274791432
71.08,-0.9505240962014485,0.4422577392048406,-0.14375210096873758
71.1,-0.9898847905143171,0.45668184457415273,-0.14081838462243682
71.12,-1.0084649940408887,0.44176878648045714,-0.14815267548818872
71.14,-1.0096873758518472,0.42734468111114504,-0.15475353726736546
71.16,-0.9972190813800691,0.41683219753690065,-0.15475353726736546
71.18,-0.9840173578217156,0.3955627540262201,-0.1527977263698316
71.2,-0.9911071723252758,0.38798398679827645,-0.14424105369312104
71.22,-1.0128655685603398,0.3767380741374568,-0.1271277083396999
71.24,-1.048070164715949,0.3527793906426672,-0.09681263942792531
71.26,-1.0837637135959417,0.3368884271002047,-0.07309843229532745
71.28,-1.11603459340525,0.3227087980930844,-0.06185251963450784
71.3,-1.1439048986951075,0.29972802004706167,-0.05085108333587996
71.32,-1.1693304403630473,0.2799254347095315,-0.04987317788711304
71.34,-1.1827766402835926,0.2755248601900804,-0.040094123399443814
71.36,-1.1734865385203068,0.28261467469364054,-0.02102496714848883
71.38,-1.1527060477340096,0.2686795220487119,0.005378479968218073
71.4,-1.2360724872413897,0.28970448919720077,0.03544907251780093
71.42,-1.510863918344895,0.3835834122788253,0.031048497998349783
71.44,-1.6893316627448582,0.4813739571555175,0.0075787672279436485
71.46,-1.5421568927054365,0.5075329279100327,0.011001436298627876
71.48,-1.2370503926901568,0.47379518992757386,0.03911621795067689
71.5,-0.9918406014118509,0.41634324481251717,0.06894233413806802
71.52,-0.8517556458759894,0.37233749961800566,0.059896708736973996
71.54,-0.7943037007609327,0.32955413623445284,0.05402927604437246
71.56,-0.7837912171866882,0.3214864162821257,0.07896586498792897
71.58,-0.852978027686948,0.3469119579500657,0.1014576903095682
71.6,-0.9849952632704825,0.38676160498731776,0.10365797756929376
71.62,-1.148794425938942,0.42954496837087064,0.10536931210463588
71.64,-1.2482963053509764,0.44885860098401736,0.1334840937566849
71.66,-1.22335971640742,0.45594841548757753,0.17480059896708736
71.68,-1.1324145096720961,0.4043639030651224,0.20413776243009504
71.7,-1.0228890994102007,0.3542462488158176,0.18800232252544083
71.73,-0.9488127616661064,0.25401094031720806,0.15866515906243314
71.75,-0.9676374415548696,0.21367234055557252,0.14448553005531278
71.77,-1.020933288512667,0.2430095040185802,0.13959600281147816
71.79,-1.07080646639978,0.2892155364728173,0.14766372276380527
71.81,-1.122390978822235,0.3261314671637686,0.1655104972038016
71.83,-1.1553952877181188,0.35473520154020105,0.16477706811722642
71.85,-1.1627295785838707,0.36011368150841916,0.15230877364544815
71.87,-1.1512391895608594,0.34226690706842283,0.12174922837148183
71.89,-1.1226354551844269,0.3082846927237723,0.08507777404272224
71.91,-1.0923203862726523,0.28505943831555786,0.057451945115056684
71.93,-1.0642056046206032,0.2813922928826819,0.035204596155609204
71.95,-1.0395134920392384,0.27161323839501267,0.03202640344711671
71.97,-1.0368242520551294,0.26012284937200136,0.0327598325336919
71.99,-1.0737401827460806,0.25058827124652383,0.024447636219173056
72.01,-1.1390153714512727,0.2574336093878923,-0.03202640344711671
72.03,-1.1605292913241452,0.2628120893561104,-0.13495095192983528
72.05,-1.1236133606331937,0.24569874400268923,-0.19631451883995965
72.07,-1.0742291354704643,0.24032026403447115,-0.22076215505913271
72.09,-1.0429361611099226,0.24374293310515538,-0.24423188582953886
72.11,-1.0742291354704643,0.19215842068270023,-0.18531308254133178
72.13,-1.2429178253827582,0.19338080249365888,-0.09338997035724109
72.15,-1.239495156312074,0.20853833694954618,-0.06527518870519207
72.17,-1.1096782079882652,0.1911805152339333,-0.09045625401094032
72.19,-0.9852397396326742,0.21000519512269658,-0.14521895914188795
72.21,-0.8759588057329707,0.23934235858570424,-0.22589615866515905
72.23,-0.8290193441921584,0.34226690706842283,-0.2743024783791217
72.25,-0.840265256852978,0.3955627540262201,-0.30975155089692263
72.27,-0.8688689912294105,0.35449072517800934,-0.31513003086514074
72.29,-0.8994285365033768,0.2637899948048773,-0.292149252819118
72.31,-0.9360999908321364,0.07163157412217706,-0.23543073679063656
72.33,-1.3521987592824618,-0.4053418085138893,-0.47306176084099866
72.35,-1.2382727745011155,0.9231427436359747,-0.7696115881795679
72.37,-1.3658894355651987,1.067139320966904,-0.5014210188552394
72.39,-1.1336368914830548,1.1067444916419644,-0.34348928887938146
72.41,-1.0270451975674602,0.5718302111664578,-0.23640864223940347
72.43,-0.9211869327384409,0.7962595116584665,-0.22736301683830945
72.45,-0.8600678421905081,0.47917366989579196,-0.20193747517036947
72.47,-0.8617791767258502,0.2747914311035052,-0.18457965345475658
72.49,-0.8779146166305045,0.3373773798245882,-0.08703358494025609
72.51,-0.8999174892277603,0.29606087461418573,-0.0019558108975338447
72.53,-0.9644592488463771,0.43052287381963755,0.017602298077804602
72.55,-1.04538092473184,0.5038657824771567,0.023469730770406136
72.57,-1.0686061791400543,0.47355071356538214,0.02884821073862421
72.59,-1.0742291354704643,0.3958072303884118,0.0019558108975338447
72.61,-1.0681172264156709,0.32882070714787764,-0.026158970754515173
72.62,-1.0532041683219753,0.2765027656388473,-0.05305137059560554
72.64,-1.0199553830638999,0.22271796595666657,-0.0743208141062861
72.66,-0.99452984139596,0.1926473734070837,-0.07627662500381995
72.68,-0.9717935397121291,0.18335727164379795,-0.06527518870519207
72.7,-0.9612810561378846,0.2126944351068056,-0.05109555969807169
72.72,-0.9893958377899337,0.2574336093878923,-0.0503621306114965
72.74,-1.0307123430003362,0.27405800201693,-0.049628701524921305
72.76,-1.041713779298964,0.26990190385967056,-0.03642697796656786
72.78,-1.0439140665586897,0.2762582892766556,-0.023958683494789596
72.8,-1.0373132047795128,0.2862818201265165,-0.017846774439996334
72.82,-1.038046633866088,0.3046175472908963,-0.019558108975338447
72.84,-1.0150658558200654,0.3195306053845919,-0.022491825321639215
72.86,-0.9825504996485652,0.3383552852733551,-0.02469211258136479
72.88,-0.998196986828836,0.3772270268618403,-0.03642697796656786
72.9,-1.053448644684167,0.41609876845032545,-0.045717079729853616
72.92,-1.0722733245729303,0.4239220120404608,-0.023225254408214404
72.94,-1.0598050301011521,0.4060752376004645,0.01589096354246249
72.96,-1.0937872444458026,0.3789383613971824,0.052562417871222074
72.98,-1.2717660361213825,0.39849647037252084,0.034960119793417475
73.0,-1.2817895669712434,0.41536533936375025,0.011979341747394798
73.02,-1.272254988845766,0.4082755248601901,0.005622956330409804
73.04,-1.2152919964550928,0.4378571646853895,-0.004889527243834612
73.06,-1.106255538917581,0.41585429208813374,0.0075787672279436485
73.08,-1.0556489319438926,0.3852947468141674,0.042783363383552854
73.1,-1.0908535280995018,0.37135959416923875,0.07798795953916206
73.12,-1.1263026006173027,0.3757601686886899,0.09167863582189897
73.14,-1.1365706078293554,0.3796717904837576,0.10585826482901935
73.16,-1.1407267059866149,0.3962961831127953,0.10390245393148549
73.18,-1.1299697460501787,0.41707667389909236,0.09338997035724109
73.2,-1.135348226018397,0.41854353207224276,0.08336643950738012
73.22,-1.1465941386792164,0.41560981572594197,0.09485682853039147
73.24,-1.1637074840326376,0.41389848119059985,0.11294807933257953
73.26,-1.1847324511811264,0.39996332854567124,0.15328667909421506
73.28,-1.21773676007701,0.40558628487608106,0.1743116462427039
73.3,-1.182287687559209,-0.513644836964826,-0.17406716988051218
73.32,-2.1264553983436727,-2.4904807016471593,1.7988570730067537
73.34,-0.5398038077193411,1.0527152155975918,1.0148213794578735
73.36,-0.8830486202365309,1.2018457965345475,1.0502704519756745
73.38,-1.2531858325948109,-0.5200012223818109,2.0487119151667024
73.4,-1.4729700822051768,-0.07896586498792897,1.6392140084955535
73.42,-1.1126119243345658,-0.3222198453687009,1.0566268373926595
73.44,-1.1309476514989456,-0.5882101274333038,0.787702838981756
73.46,-1.082541331784983,-0.6855117195856125,0.4493475537084008
73.48,-1.1150566879564832,-0.7297619411423157,0.19166946795831677
73.5,-0.9739938269718547,-0.5503162912935855,0.05965223237478226
73.52,-1.0747180881948477,-0.4197659138832014,0.13690676282736913
73.54,-1.0693396082266295,-0.17382269351832044,0.14228524279558719
73.56,-1.1619961494972955,-0.06820890505149284,0.12835009015065857
73.58,-1.1304586987745622,0.11319255569477125,0.06943128686245148
73.6,-1.1600403385997615,0.2574336093878923,0.02542554166793998
73.62,-1.1979341747394798,0.8495553586162637,-0.2412981694832381
73.64,-1.3524432356446536,0.642483879839868,-0.28505943831555786
73.66,-1.5746722488769367,0.6192586254316536,-0.42489991748922773
73.68,-1.7582739968829264,0.44959203007059256,-0.6339272071631574
73.7,-1.694221189988693,0.16184335177092565,-0.8040827552486018
73.72,-1.064450080982795,-0.5701188766311157,-0.6644867524371237
73.74,-0.9889068850655502,-0.5195122696574275,-0.4258778229379947
73.76,-1.079852091800874,-0.7092259267182104,-0.3332212816673288
73.78,-0.7947926534853161,-0.47697338263606637,-0.31341869632979863
73.8,-0.5669406839226232,-0.17626745714023775,-0.19607004247776794
73.82,-0.5987226110075482,-0.11319255569477125,-0.06136356691012437
73.84,-0.7801240717538123,0.022491825321639215,-0.027136876203282093
73.86,-0.9720380160743208,0.11074779207285396,-0.0007334290865751917
73.88,-1.161507196772912,0.2623231366317269,-0.03178192708492498
73.9,-1.3218836903706872,0.3823610304678666,-0.06160804327231611
73.92,-1.3808024936588943,0.47623995354949117,-0.07505424319286129
73.94,-1.256608501665495,0.48626348439935213,-0.09559025761696666
73.97,-1.0610274119121108,0.37160407053143046,-0.11123674479723741
73.99,-0.9480793325795311,0.3452006234147236,-0.07212052684656052
74.01,-0.922898267273783,0.31268526724322343,-0.047428414265195735
74.03,-0.9678819179170614,0.27087980930843747,-0.04669498517862054
74.05,-1.0153103321822572,0.2694129511352871,-0.03422669070684228
74.07,-1.0529596919597837,0.29679430370076093,0.002444763621917306
74.09,-1.0813189499740243,0.33933319072212204,0.05305137059560554
74.11,-1.0876753353910094,0.36915930690951315,0.09901292668765088
74.13,-1.064450080982795,0.3962961831127953,0.12835009015065857
74.15,-1.009931852214039,0.4060752376004645,0.14252971915777893
74.17,-0.9488127616661064,0.3813831250190997,0.1454634355040797
74.19,-0.9184976927543318,0.3505791033829417,0.13421752284326008
74.21,-0.9238761727225498,0.333954710753904,0.11001436298627876
74.23,-0.9507685725636402,0.3222198453687009,0.0911896830975155
74.25,-0.9896403141521254,0.32637594352596033,0.08996730128655686
74.27,-1.0722733245729303,0.32686489625034376,0.11881551202518106
74.29,-1.2441402071937169,0.37233749961800566,0.10805855208874492
74.31,-1.3023255813953487,0.39849647037252084,0.06967576322464322
74.33,-1.2487852580753598,0.3950738013018366,0.031048497998349783
74.35,-1.1311921278611374,0.35913577605965225,0.019558108975338447
74.37,-1.0436695901964979,0.29997249640925344,0.028603734376432478
74.39,-1.0109097576628059,0.2285853986492681,0.05940775601259053
74.41,-1.0441585429208813,0.17480059896708736,0.09730159215230877
74.43,-1.110656113437032,0.16453259175503468,0.11783760657641414
74.45,-1.170552822174006,0.19386975521804234,0.11637074840326375
74.47,-1.1729975857959234,0.20878281331173792,0.09999083213641781
74.49,-1.1113895425236073,0.22760749320050117,0.08116615224765455
74.51,-1.023622528496776,0.27308009656816307,0.05671851602848149
74.53,-0.9449011398710387,0.3055954527396632,0.030070592549582862
74.55,-0.8759588057329707,0.31317421996760686,0.018580203526571526
74.57,-0.8361091586957186,0.31146288543226475,0.028114781652049017
74.59,-0.8280414387433915,0.3092625981725392,0.052317941509030345
74.61,-0.8615347003636585,0.31439660177856554,0.06307490144546649
74.63,-0.9167863582189897,0.3229532744552761,0.053295846957797266
74.65,-0.9788833542156893,0.3471564343122574,0.041805457934785926
74.67,-1.0324236775356783,0.38676160498731776,0.031292974360541514
74.69,-1.0676282736912874,0.41292057574183294,0.011245912660819608
74.71,-1.0925648626348439,0.4341900192525135,-0.015402010818079027
74.73,-1.0976988662408702,0.421966201142927,-0.023469730770406136
74.75,-1.0950096262567612,0.3852947468141674,-0.019558108975338447
74.77,-1.0930538153592275,0.3261314671637686,0.002444763621917306
74.79,-1.095254102618953,0.25767808575008405,0.020536014424105367
74.81,-1.0981878189652539,0.18189041347064755,0.023225254408214404
74.83,-1.0964764844299117,0.13152828285915105,0.0036671454328759587
74.85,-1.0969654371542952,0.11148122115942914,-0.02591449439232344
74.86,-1.1011215353115544,0.12028237019833145,-0.059896708736973996
74.88,-1.102588393484705,0.1655104972038016,-0.08238853405861321
74.9,-1.105277633468814,0.21318338783118906,-0.10561378846682762
74.92,-1.0932982917214191,0.2735690492925465,-0.12859456651285028
74.94,-1.0722733245729303,0.32955413623445284,-0.14913058093695566
74.96,-1.060782935549919,0.3794273141215659,-0.16257678085750082
74.98,-1.0448919720074565,0.3909177031445772,-0.16110992268435045
75.0,-1.0224001466858172,0.3806496959325245,-0.1535311554564068
75.02,-1.0331571066222534,0.34471167069034014,-0.12297161018244049
75.04,-1.2588087889252209,0.35913577605965225,-0.04669498517862054
75.06,-1.4279864315618984,0.3708706414448553,-0.02933716346300767
75.08,-1.3852030681783454,0.2892155364728173,0.0002444763621917306
75.1,-1.2693212724994651,0.23200806771995233,-0.010268007212052684
75.12,-1.0732512300216972,0.2095162423983131,-0.059896708736973996
75.14,-0.9202090272896739,0.19484766066680928,-0.11808208293860586
75.16,-0.8451547840968127,0.20242642789475293,-0.1615988754087339
75.18,-0.8361091586957186,0.2647679002536442,-0.15304220273202335
75.2,-0.8595788894661247,0.3383552852733551,-0.09461235216819973
75.22,-0.8930721510863918,0.38505027045197565,-0.03569354887999267
75.24,-0.9253430308957002,0.4075420957736149,-0.009779054487669223
75.26,-0.9400116126272041,0.374782263239923,0.01686886899122941
75.28,-0.9400116126272041,0.3046175472908963,0.02518106530574825
75.3,-0.940989518075971,0.2518106530574825,0.015402010818079027
75.32,-0.9488127616661064,0.233230449530911,-0.006600861779176726
75.34,-0.9629923906732267,0.2625676129939186,-0.021758396235064023
75.36,-0.9774164960425389,0.2965498273385692,-0.014424105369312105
75.38,-1.0275341502918436,0.34568957613910706,-0.01271277083396999
75.4,-1.071784371848547,0.39531827766402833,-0.023225254408214404
75.42,-1.0854750481312838,0.41927696115881796,-0.0503621306114965
75.44,-1.0573602664792348,0.4087644775845735,-0.0679644286893011
75.46,-1.0133545212847233,0.36891483054732144,-0.05647403966628976
75.48,-0.98181707056199,0.35449072517800934,-0.032270879809308435
75.5,-0.9651926779329524,0.33126547076979496,-0.016624392629037678
75.52,-0.9703266815389787,0.3095070745347309,-0.016135439904654218
75.54,-0.9950187941203434,0.308529169085964,-0.01589096354246249
75.56,-1.0314457720869112,0.3253980380771934,-0.018824679888763254
75.58,-1.0529596919597837,0.34348928887938146,-0.027625828927665557
75.6,-1.058827124652385,0.35620205971335145,-0.03740488341533478
75.62,-1.0468477829049903,0.3659811142010207,-0.05476270513094765
75.64,-1.0231335757723925,0.3740488341533478,-0.07627662500381995
75.66,-0.9964856522934938,0.3794273141215659,-0.09045625401094032
75.68,-0.9852397396326742,0.38505027045197565,-0.08923387219998166
75.7,-0.970082205176787,0.35644653607554316,-0.09656816306573358
75.72,-0.9901292668765088,0.28261467469364054,-0.11979341747394799
75.74,-0.9920850777740428,0.25303303486844114,-0.13055037741038414
75.76,-1.013598997646915,0.17846774439996332,-0.12272713382024875
75.78,-1.0348684411575955,0.12321608654463222,-0.1158817956788803
75.8,-1.0573602664792348,0.08434434495614705,-0.11245912660819607
75.82,-1.106988968004156,0.07114262139779359,-0.11441493750572991
75.84,-1.07789628090334,0.06894233413806802,-0.11417046114353818
75.86,-1.0661614155181371,0.1271277083396999,-0.08434434495614705
75.88,-1.0451364483696481,0.19631451883995965,-0.0623414723588913
75.9,-1.0043088958836293,0.24667664945145615,-0.03300430889588363
75.92,-0.9590807688781591,0.2933716346300767,-0.027381352565473825
75.94,-0.9387892308162454,0.31464107814075726,-0.007823243590135379
75.96,-1.088897717201968,0.36744797237417104,-0.009045625401094031
75.98,-1.1654188185679797,0.43198973199278795,-0.04620603245423708
76.0,-1.2108914219356415,0.44616936099990834,-0.04449469791889497
76.02,-1.2835009015065855,0.5080218806344161,-0.05794089783944015
76.04,-1.2453625890046756,0.531736087767014,-0.08458882131833878
76.06,-1.1849769275433182,0.49017510619441984,-0.052317941509030345
76.08,-1.1172569752162087,0.4368792592366226,-0.010268007212052684
76.1,-1.0069981358677382,0.3383552852733551,0.01589096354246249
76.12,-0.8918497692754331,0.23543073679063656,0.010756959936436146
76.14,-0.8204626715154478,0.18091250802188064,-0.02102496714848883
76.16,-0.8412431623017449,0.21440576964214772,-0.042783363383552854
76.19,-0.9341441799346025,0.27943648198514803,-0.05549613421752284
76.21,-1.0500259756134829,0.3376218561867799,-0.05109555969807169
76.23,-1.15979586223757,0.4068086666870397,-0.03202640344711671
76.25,-1.2133361855575588,0.46108241909360387,-0.02102496714848883
76.27,-1.1937780765822203,0.466460899061822,-0.027625828927665557
76.29,-1.1385264187268893,0.41829905571005105,-0.03740488341533478
76.31,-1.0827858081471748,0.38333893591663354,-0.04816184335177093
76.33,-1.0419582556611557,0.3503346270207499,-0.04938422516272958
76.35,-1.0224001466858172,0.3109739327078813,-0.0327598325336919
76.37,-1.0206888121504751,0.28188124560706534,-0.006845338141368456
76.39,-1.0268007212052686,0.2606118020963848,-0.0009779054487669223
76.41,-1.0334015829844452,0.22956330409803502,-0.005134003606026342
76.43,-1.031690248449103,0.19704794792653485,-0.018824679888763254
76.45,-1.028023103016227,0.17871222076215507,-0.022980778046022676
76.47,-1.025333863032118,0.17162240625859487,-0.02493658894355652
76.49,-1.0246004339455428,0.18457965345475658,-0.024447636219173056
76.51,-1.013598997646915,0.1982703297374935,-0.014668581731503835
76.53,-1.0067536595055466,0.2183173914372154,0.0
76.55,-1.0143324267334901,0.23616416587721173,0.009045625401094031
76.57,-1.03266815389787,0.24496531491611404,0.00855667267671057
76.59,-1.043425113834306,0.2454542676404975,0.0075787672279436485
76.61,-1.0094428994896556,0.23005225682241848,0.017602298077804602
76.63,-0.9583473397915839,0.21489472236653118,0.024203159856981328
76.65,-0.9192311218409069,0.2173394859884485,0.013446199920545182
76.676,-0.9070073037313204,0.24325398038077192,-0.02542554166793998
76.696,-0.9140971182348806,0.26745714023775324,-0.05769642147724842
76.716,-0.9363444671943282,0.27210219111939615,-0.06331937780765821
76.736,-1.1387708950890811,0.2909268710081594,-0.011979341747394798
76.756,-1.3490205665739694,0.323931179904043,0.0415609815725942
76.776,-1.3761574427772514,0.3207529871955505,0.05647403966628976
76.796,-1.2507410689728937,0.3046175472908963,0.026647923478898633
76.816,-1.0686061791400543,0.31781927084924977,-0.04889527243834611
76.836,-0.9182532163921401,0.3483788161232161,-0.17064450080982796
76.856,-0.8341533477981847,0.3830944595544418,-0.2603673257341931
76.876,-0.7945481771231244,0.4068086666870397,-0.2669681875133698
76.896,-0.7696115881795679,0.4293004920086789,-0.20071509335941082
76.916,-0.7671668245576506,0.409253430308957,-0.10781407572655319
76.936,-0.8544448858600984,0.37184854689362223,-0.03813831250190997
76.956,-1.038046633866088,0.31439660177856554,-0.020047061699721907
76.976,-1.2859456651285028,0.29630535097637745,-0.09045625401094032
76.996,-1.4688139840479173,0.38431684136540045,-0.16453259175503468
77.016,-1.4443663478287443,0.503621306114965,-0.16819973718791065
77.036,-1.3196834031109617,0.4676832808727806,-0.19313632613146717
77.056,-1.1527060477340096,0.4669498517862054,-0.23811997677474558
77.076,-1.0179995721663662,0.41536533936375025,-0.23616416587721173
77.096,-0.9307215108639183,0.3498456742963665,-0.2056046206032454
77.116,-0.8984506310546099,0.3310209944076032,-0.17944564984873024
77.14,-0.915563976408031,0.35717996516211836,-0.17040002444763622
77.16,-0.9497906671148734,0.38676160498731776,-0.17211135898297833
77.18,-0.9852397396326742,0.40069675763224644,-0.1694221189988693
77.2,-1.0179995721663662,0.4094979066711487,-0.17626745714023775
77.22,-1.0338905357088286,0.4072976194114232,-0.19362527885585062
77.24,-1.0258228157565015,0.3926290376799193,-0.20242642789475293
77.26,-1.0077315649543135,0.377471503224032,-0.19435870794242582
77.28,-0.9918406014118509,0.3623139687681447,-0.17528955169147084
77.3,-0.9989304159154112,0.35302386700485894,-0.15157534455887295
77.32,-1.036335299330746,0.3505791033829417,-0.13861809736271125
77.34,-1.084497142682517,0.34251138343061455,-0.13397304648106836
77.36,-1.1255691715307277,0.32784280169911073,-0.1295724719616172
77.38,-1.158817956788803,0.30901812181034743,-0.11392598478134645
77.4,-1.1764202548666076,0.28505943831555786,-0.08825596675121473
77.42,-1.183999022094551,0.2581670384744675,-0.05378479968218073
77.44,-1.174953396693457,0.24105369312104635,-0.022491825321639215
77.46,-1.1720196803471563,0.22051767869694097,0.022247348959447483
77.48,-1.3262842648901385,0.2398313113100877,0.04645050881642881
77.5,-1.4362986278764172,0.3060844054640467,0.03153745072273324
77.52,-1.4431439660177856,0.35791339424869356,0.026158970754515173
77.54,-1.3297069339608227,0.39947437582128775,0.019313632613146715
77.56,-1.1077223970907313,0.3931179904043028,0.025670018030131712
77.58,-0.9341441799346025,0.36329187421691167,0.04327231610793631
77.6,-0.8395318277664028,0.3405555725330807,0.0647862359808086
77.62,-0.812150475200929,0.33150994713198667,0.08263301042080494
77.63,-0.817528955169147,0.33786633254897164,0.10023530849860954
77.65,-0.8424655441127036,0.3483788161232161,0.11734865385203068
77.67,-0.8803593802524218,0.35595758335115973,0.12199370473367356
77.69,-0.9431898053356966,0.3645142560278703,0.11197017388381261
77.71,-1.0201998594260917,0.37038168872047184,0.100724261222993
77.73,-1.0930538153592275,0.3918956085933441,0.09681263942792531
77.75,-1.139748800537848,0.4197659138832014,0.11001436298627876
77.77,-1.150750236836476,0.4293004920086789,0.12908351923723374
77.79,-1.1321700333099043,0.4244109647648443,0.15817620633804969
77.81,-1.094276197170186,0.3921400849555359,0.17480059896708736
77.83,-1.063472175534028,0.3478898633988326,0.17528955169147084
77.85,-1.0620053173608777,0.30021697277144516,0.1525532500076399
77.87,-1.0803410445252575,0.26916847477309536,0.11123674479723741
77.89,-1.093542768083611,0.24985484215994866,0.0774990068147786
77.91,-1.1165235461296337,0.25449989304159154,0.05158451242245515
77.93,-1.1294807933257953,0.2787030528985729,0.05574061057971457
77.95,-1.144393851419491,0.28677077285089997,0.044739174281086695
77.97,-1.1336368914830548,0.2928826819056932,0.03471564343122574
77.99,-1.1390153714512727,0.292149252819118,0.023469730770406136
78.01,-1.1375485132781225,0.2782141001741894,0.018824679888763254
78.03,-1.146838615041408,0.25694465666350885,0.016135439904654218
78.05,-1.1336368914830548,0.2408092167588546,0.016135439904654218
78.07,-1.0940317208079944,0.22809644592488462,0.022736301683830944
78.09,-1.0527152155975918,0.21489472236653118,0.028603734376432478
78.11,-1.0324236775356783,0.21440576964214772,0.026158970754515173
78.12,-1.0150658558200654,0.2222290132322831,0.01295724719616172
78.14,-0.9918406014118509,0.24007578767227944,-0.023714207132597868
78.16,-0.9783944014913057,0.2500993185221404,-0.05378479968218073
78.18,-1.0615163646364942,0.2647679002536442,-0.061119090547932645
78.2,-1.1622406258594873,0.29948354368486996,-0.07505424319286129
78.22,-1.1634630076704457,0.29826116187391133,-0.0911896830975155
78.24,-1.1045442043822387,0.2813922928826819,-0.11979341747394799
78.26,-1.0231335757723925,0.28457048559117437,-0.2117165296580387
78.28,-0.9238761727225498,0.2623231366317269,-0.28285915105583226
78.3,-0.8520001222381811,0.264034471167069,-0.3351770925648626
78.32,-0.7874583626195643,0.2936161109922684,-0.37209302325581395
78.34,-0.7417412828897106,0.29606087461418573,-0.3664700669254041
78.36,-0.7265837484338233,0.2789475292607646,-0.31537450722733246
78.38,-0.760321486416282,0.22980778046022673,-0.22516272957858385
78.4,-0.8155731442716132,-0.30070592549582864,-0.04131650521040247
78.42,-1.1131008770589494,0.5420040949790667,-0.3187971762980167
78.44,-1.3426641811569844,1.1695749167252392,-0.3672034960119793
78.46,-1.2639427925312472,0.8590899367417413,-0.39531827766402833
78.48,-1.1321700333099043,0.6449286434617852,-0.31390764905418206
78.5,-1.0277786266540354,0.4987317788711304,-0.3334657580295205
78.52,-0.9534578125477493,0.48846377165907773,-0.3031506891177459
78.54,-0.9517464780124072,0.47135042630565654,-0.18164593710845583
78.56,-0.9581028634293921,0.4637716590777129,-0.027870305289857285
78.58,-0.9747272560584298,0.5332029459401644,0.07725453045258686
78.6,-1.0047978486080127,0.5446933349631757,0.13372857011887662
78.62,-1.0436695901964979,0.5077774042722244,0.15475353726736546
78.64,-1.0820523790605996,0.4131650521040247,0.1334840937566849
78.66,-1.0947651498945696,0.30901812181034743,0.05500718149313938
78.68,-1.0930538153592275,0.23298597316871925,-0.041072028848210734
78.7,-1.085230571769092,0.20340433334351984,-0.1158817956788803
78.72,-1.0683617027778627,0.22076215505913271,-0.15059743911010604
78.74,-1.0573602664792348,0.25205512941967423,-0.14277419551997067
78.76,-1.049781499251291,0.2911713473703511,-0.10830302845093664
78.78,-1.038046633866088,0.30975155089692263,-0.06576414142957553
78.8,-1.0351129175197873,0.3099960272591144,-0.045717079729853616
78.82,-1.0356018702441707,0.30021697277144516,-0.03373773798245882
78.84,-1.0400024447636218,0.28652629648870825,-0.01589096354246249
78.86,-1.049781499251291,0.2694129511352871,0.016135439904654218
78.88,-1.062738746447453,0.26427894752926073,0.04302783974574458
78.9,-1.0661614155181371,0.2750359074656969,0.05769642147724842
78.92,-1.0774073281789567,0.30241726003117075,0.0686978577758763
78.94,-1.0984322953274455,0.3363994743758213,0.07652110136601167
78.96,-1.1209241206490848,0.3676924487363628,0.08434434495614705
78.98,-1.1385264187268893,0.38407236500320874,0.09290101763285762
79.0,-1.1292363169636035,0.40094123399443815,0.08043272316107936
79.02,-1.062738746447453,0.3821165541056749,0.06038566146135745
79.04,-1.0214222412370504,0.3708706414448553,-0.1366622864651774
79.06,-1.022644623048009,0.2813922928826819,-0.1014576903095682
79.08,-1.1707972985361979,0.24203159856981327,0.05842985056382361
79.11,-1.2817895669712434,0.16917764263667756,-0.37160407053143046
79.13,-1.287656999663845,0.06405280689423341,-0.2652568529780277
79.15,-1.0686061791400543,0.059896708736973996,0.35913577605965225
79.17,-0.865690798520918,0.465482993613055,0.5246462732634538
79.19,-0.636127494422883,-0.7282950829691655,-0.013935152644928643
79.21,-2.2291354704641995,-2.570913424808239,-1.0815634263362162
79.23,-1.6154998013629558,-0.5168230296733185,-0.37307092870458086
79.25,-1.0639611282584114,-0.5420040949790667,0.8979616783302264
79.27,-1.0832747608715583,-0.5065550224612657,0.4843076735018183
79.29,-1.155150811355927,-0.28114781652049015,-0.08703358494025609
79.31,-1.2646762216178222,-0.09021177764874859,-0.47526204810072425
79.33,-1.1844879748189348,-0.11685970112764722,-0.3356660452892461
79.35,-1.0554044555817008,0.35595758335115973,-0.18677994071448217
79.37,-1.0268007212052686,0.39874094673471255,-0.17064450080982796
79.39,-1.1622406258594873,-0.16037649359777525,-0.4082755248601901
79.41,-1.0451364483696481,0.1814014607462641,-0.27210219111939615
79.43,-0.9849952632704825,0.10683617027778626,-0.07163157412217706
79.45,-1.1187238333893592,0.2628120893561104,0.0014668581731503835
79.47,-0.9793723069400727,-0.4698835681325062,0.026647923478898633
79.49,-1.438254438773951,-0.21709500962625675,-0.2625676129939186
79.51,-1.106255538917581,0.22076215505913271,0.1471747700394218
79.53,-0.9140971182348806,2.113253674785319,0.32833175442349416
79.55,-1.1810653057482505,0.18604651162790697,0.4733062372031904
79.57,-1.1898664547871527,0.7735232099746355,0.14375210096873758
79.58,-1.1994010329126303,0.5349142804755065,0.17235583534517007
79.6,-0.9153195000458393,0.16917764263667756,0.006356385416984995
79.62,-1.2705436543104238,-0.5285578950585215,0.411942670293066
79.64,-1.2546526907679614,-1.2001344619992054,0.3219753690065092
79.66,-1.4272530024753232,-0.09803502123888397,-0.014668581731503835
79.68,-0.9671484888304862,-0.786724933532989,-0.08776701402683128
79.7,-1.1901109311493445,-0.6999358249549247,-0.08605567949148916
79.72,-1.4729700822051768,-0.06160804327231611,-0.03569354887999267
79.74,-1.42114109342053,-0.022491825321639215,0.0041560981572594195
79.76,-1.3431531338813678,0.06136356691012437,0.09094520673532377
79.78,-1.344619992054518,0.21636158053968157,0.2070714787763958
79.8,-1.514531063777771,0.28334810378021574,0.30412859456651287
79.82,-1.5350670782018763,0.32564251443938513,0.34348928887938146
79.84,-1.431898053356966,0.39042875042019376,0.3055954527396632
79.86,-1.2434067781071418,0.5143782660514011,0.22442930049200868
79.88,-0.9908626959630841,0.638816734406992,0.14448553005531278
79.9,-0.8537114567735232,0.6776884759954772,0.055985086941906306
79.92,-0.7757234972343612,0.5813647892919354,0.002444763621917306
79.94,-0.6989579195061577,0.469150139045931,0.0004889527243834612
79.96,-0.6327048253521987,0.37771597958622377,0.030315068911774594
79.98,-0.5975002291965895,0.32979861259664456,0.10194664303395165
80.0,-0.600678421905082,0.34568957613910706,0.1814014607462641
80.02,-0.6412614980289093,0.3515570088317086,0.22980778046022673
80.04,-0.6933349631757479,0.35449072517800934,0.25694465666350885
80.06,-0.7080035449072518,0.3351770925648626,0.2620786602695352
80.066,-0.7275616538825902,0.29752773278733613,0.23934235858570424
80.086,-0.7820798826513461,0.24985484215994866,0.17211135898297833
80.106,-0.8708248021269444,0.23787550041255387,0.09779054487669223
80.126,-0.9752162087828133,0.25327751123063286,0.03251535617150017
80.146,-1.0676282736912874,0.29801668551171956,-0.017846774439996334
80.166,-1.0996546771384041,0.3207529871955505,-0.060874614185740916
80.186,-1.0832747608715583,0.3253980380771934,-0.08434434495614705
80.206,-1.054426550132934,0.3014393545824038,-0.06698652324053418
80.226,-1.0238670048589678,0.2645234238914525,-0.035938025242184396
80.246,-1.0040644195214374,0.2271185404761177,-0.02126944351068056
80.266,-1.0094428994896556,0.19704794792653485,-0.015646487180270757
80.286,-1.0356018702441707,0.1767564098646212,-0.017846774439996334
80.306,-1.0642056046206032,0.17846774439996332,-0.030315068911774594
80.326,-1.0932982917214191,-0.033248785258075356,0.019313632613146715
80.346,-1.1404822296244232,0.27308009656816307,-0.15842068270024143
80.366,-1.21773676007701,0.5742749747883752,-0.34495614705253186
80.386,-1.2045350365186567,0.383827888641017,-0.6764660941845185
80.406,-1.2245820982183784,0.43027839745744584,-0.9260764599822754
80.426,-1.1045442043822387,0.7439415701494362,-1.026311768480885
80.446,-1.0131100449225314,0.5779421202212511,-0.6028787091648076
80.466,-0.8881826238425572,0.5334474223023561,-0.34006661980869723
80.486,-0.9199645509274822,0.5972557528343978,-0.26843504568652016
80.506,-0.9104299728020047,0.5918772728661797,-0.17284478806955353
80.526,-0.9099410200776212,0.5385814259083824,-0.05011765424930477
80.546,-0.9510130489258319,0.5292913241450967,0.006845338141368456
80.56,-1.0177550958041743,0.5547168658130367,0.051340036060263425
80.58,-1.1426825168841488,0.5500718149313938,0.06136356691012437
80.6,-1.2121138037466002,0.5532500076398863,0.02933716346300767
80.62,-1.155150811355927,0.47917366989579196,0.011979341747394798
80.64,-1.0769183754545733,0.39287351404211107,0.02029153806191364
80.66,-1.0121321394737646,0.29459401644103533,0.05476270513094765
80.68,-0.9986859395532194,0.18433517709256486,0.094367875806008
80.7,-1.0224001466858172,0.15695382452709103,0.0951013048925832
80.72,-1.0551599792195092,0.1615988754087339,0.06894233413806802
80.74,-1.0686061791400543,0.22442930049200868,0.03569354887999267
80.76,-1.0549155028573174,0.2733245729303548,0.009045625401094031
80.78,-1.0275341502918436,0.29923906732267824,-0.010268007212052684
80.8,-1.0050423249702045,0.3513125324695168,-0.027870305289857285
80.82,-0.9962411759313021,0.38822846316046816,-0.0415609815725942
80.84,-0.9994193686397946,0.4173211502612841,-0.042783363383552854
80.86,-1.0170216667175993,0.4354124010634722,-0.03422669070684228
80.88,-1.0304678666381444,0.44739174281086697,-0.009779054487669223
80.9,-1.0353573938819791,0.44421355010237445,0.0207804907862971
80.92,-1.041713779298964,0.4046083794273141,0.040827552486019006
80.94,-1.0441585429208813,0.3694037832717049,0.05158451242245515
80.96,-1.0458698774562234,0.3341991871160957,0.05500718149313938
80.98,-1.0466033065427987,0.3080402163615805,0.04449469791889497
81.0,-1.0485591174403324,0.3141521254163738,0.03422669070684228
81.02,-1.0507594047000581,0.3368884271002047,0.026403447116706905
81.04,-1.0488035938025242,0.34740091067444917,0.027381352565473825
81.05,-1.0382911102282797,0.35669101243773493,0.027870305289857285
81.07,-1.0199553830638999,0.3623139687681447,0.026403447116706905
81.09,-1.0077315649543135,0.35522415426458454,0.02469211258136479
81.11,-1.0155548085444488,0.3354215689270544,0.02542554166793998
81.13,-1.036335299330746,0.32735384897472725,0.02518106530574825
81.15,-1.0500259756134829,0.32710937261253553,0.022491825321639215
81.17,-1.048070164715949,0.3217308926443174,0.01686886899122941
81.19,-1.0304678666381444,0.31635241267609937,0.011979341747394798
81.21,-1.0160437612688322,0.3075512636371971,0.012223818109586528
81.23,-1.0250893866699264,0.30266173639336247,0.0026892399841090364
81.25,-1.0402469211258136,0.29459401644103533,-0.0041560981572594195
81.27,-1.0549155028573174,0.2906823946459677,-0.010756959936436146
81.29,-1.0732512300216972,0.2901934419215842,-0.02029153806191364
81.31,-1.0893866699263515,0.28603734376432477,-0.033248785258075356
81.33,-1.099899153500596,0.2799254347095315,-0.04302783974574458
81.35,-1.241206490847416,0.2769917183632308,-0.0009779054487669223
81.37,-1.4450997769153195,0.3219753690065092,0.0041560981572594195
81.39,-1.4089172753109434,0.2608562784585765,0.010512483574244415
81.41,-1.3025700577575405,0.22296244231885828,-0.010512483574244415
81.43,-1.145127280506066,0.22369587140543348,-0.07627662500381995
81.45,-1.016288237631024,0.2197842496103658,-0.14399657733092933
81.47,-0.9202090272896739,0.23860892949912904,-0.17308926443174524
81.49,-0.8774256639061211,0.2787030528985729,-0.17015554808544447
81.51,-0.8686245148672188,0.29630535097637745,-0.1694221189988693
81.54,-0.8710692784891361,0.28334810378021574,-0.1679552608257189
81.56,-0.8490664058918803,0.24447636219173058,-0.12810561378846683
81.58,-0.8241298169483238,0.21220548238242215,-0.07725453045258686
81.6,-0.8221740060507899,0.1990037588240687,-0.051340036060263425
81.62,-0.8011490389023012,0.1894691806985912,-0.0440057451945115
81.64,-0.8082388534058613,0.2029153806191364,-0.062096995996699565
81.66,-0.8532225040491397,0.24374293310515538,-0.08752253766463955
81.68,-0.9052959691959783,0.25718913302570057,-0.09852397396326742
81.7,-0.9776609724047306,0.2904379182837759,-0.09950187941203435
81.72,-1.0573602664792348,0.3356660452892461,-0.11221465024600434
81.74,-1.0986767716896373,0.3782049323106072,-0.13861809736271125
81.76,-1.082541331784983,0.38553922317635914,-0.16037649359777525
81.78,-1.0187330012529414,0.21611710417748983,-0.10805855208874492
81.8,-1.0859640008556672,0.34740091067444917,-0.20878281331173792
81.82,-1.0187330012529414,0.8485774531674969,-0.21416129327995598
81.84,-1.0006417504507532,0.11514836659230511,-0.08458882131833878
81.86,-1.0519817865110166,0.43027839745744584,-0.09901292668765088
81.88,-1.0884087644775846,0.355713106988968,-0.053540323319988994
81.9,-1.1101671607126486,0.3923845613177276,-0.0591632796503988
81.92,-1.1157901170430584,0.4217217247807353,-0.07065366867341014
81.94,-1.0984322953274455,0.45790422638511136,-0.08483329768053051
81.96,-1.0693396082266295,0.44739174281086697,-0.09705711579011704
81.98,-1.0382911102282797,0.4405464046694985,-0.11563731931668857
82.0,-1.0123766158359564,0.4268557283867616,-0.1366622864651774
82.03,-0.99452984139596,0.40191913944320506,-0.15695382452709103
82.05,-0.9969746050178773,0.3764935977752651,-0.1662439262903768
82.07,-1.009931852214039,0.3515570088317086,-0.1677107844635272
82.09,-1.0121321394737646,0.32588699080157685,-0.16208782813311737
82.11,-1.013598997646915,0.29752773278733613,-0.15817620633804969
82.13,-1.0187330012529414,0.280414387433915,-0.15719830088928277
82.15,-1.0358463466063625,0.2796809583473398,-0.15524248999174892
82.17,-1.0461143538184152,0.30046144913363687,-0.15084191547229778
82.19,-1.0495370228890994,0.3253980380771934,-0.14570791186627144
82.21,-1.0373132047795128,0.321241939919934,-0.1366622864651774
82.23,-1.0201998594260917,0.31195183815664823,-0.12223818109586529
82.25,-1.0429361611099226,0.29899459096048653,-0.08043272316107936
82.27,-1.2487852580753598,0.37307092870458086,-0.10023530849860954
82.29,-1.4130733734682028,0.443724597377991,-0.12639427925312471
82.31,-1.514531063777771,0.48332976805305133,-0.1239495156312074
82.33,-1.4842159948659963,0.5082663569966078,-0.11514836659230511
82.35,-1.311371206796443,0.4659719463374385,-0.0735873850197109
82.37,-1.1676191058277052,0.42563334657580293,-0.036182501604376124
82.39,-1.0556489319438926,0.35766891788650185,-0.023225254408214404
82.41,-0.9698377288145952,0.28799315466185865,-0.011734865385203068
82.43,-0.922898267273783,0.2574336093878923,-0.0002444763621917306
82.45,-0.9507685725636402,0.26843504568652016,0.015646487180270757
82.47,-1.0204443357882835,0.30095040185802036,0.02200287259725575
82.49,-1.1050331571066223,0.35473520154020105,0.026158970754515173
82.51,-1.1766647312287992,0.4082755248601901,0.03740488341533478
82.53,-1.1925556947712619,0.4395684992207316,0.04229441065916939
82.55,-1.135348226018397,0.43198973199278795,0.04693946154081227
82.57,-1.0620053173608777,0.3950738013018366,0.057207468752864955
82.59,-1.0248449103077346,0.37307092870458086,0.05647403966628976
82.61,-1.0451364483696481,0.374782263239923,0.05158451242245515
82.63,-1.0893866699263515,0.35938025242184396,0.0743208141062861
82.65,-1.106255538917581,0.3214864162821257,0.12272713382024875
82.67,-1.1128564006967576,0.29386058735446013,0.1383736210005195
82.69,-1.1189683097515508,0.2884821073862421,0.11979341747394799
82.71,-1.1113895425236073,0.28359258014240746,0.08898939583778993
82.73,-1.080829997249641,0.2757693365522721,0.06992023958683495
82.75,-1.0461143538184152,0.2733245729303548,0.06747547596491764
82.77,-1.0179995721663662,0.2655013293402194,0.07969929407450417
82.79,-1.007976041316505,0.26916847477309536,0.09730159215230877
82.81,-1.0187330012529414,0.2662347584267946,0.10805855208874492
82.83,-1.0461143538184152,0.2589004675610427,0.09387892308162454
82.85,-1.049781499251291,0.2430095040185802,0.08752253766463955
82.87,-1.0519817865110166,0.2366531186015952,0.08483329768053051
82.89,-1.0514928337866332,0.24374293310515538,0.06136356691012437
82.91,-1.0331571066222534,0.2655013293402194,-0.0046450508816428815
82.93,-1.0309568193625278,0.28285915105583226,-0.07554319591724475
82.95,-1.1610182440485286,0.27161323839501267,-0.06992023958683495
82.97,-1.277633468813984,0.2760138129144638,-0.04131650521040247
82.99,-1.2832564251443939,0.26892399841090364,-0.022247348959447483
83.0,-1.1930446474956453,0.2625676129939186,-0.031292974360541514
83.02,-1.0109097576628059,0.26892399841090364,-0.10903645753751184
83.04,-0.8678910857806436,0.2779696238119977,-0.22516272957858385
83.06,-0.8035938025242184,0.2928826819056932,-0.34422271796595666
83.08,-0.7842801699110717,0.31781927084924977,-0.41707667389909236
83.1,-0.787702838981756,0.3461785288634905,-0.43932402285853983
83.12,-0.7850135989976469,0.32686489625034376,-0.3630473978547199
83.14,-0.795770558934083,0.30070592549582864,-0.2694129511352871
83.16,-0.8576230785685909,0.25792256211227577,-0.1894691806985912
83.18,-0.9661705833817192,0.21929529688598234,-0.14570791186627144
83.2,-1.0903645753751183,0.22687406411392597,-0.16331020994407602
83.22,-1.182287687559209,0.30119487822021207,-0.2430095040185802
83.24,-1.221403905509886,0.23518626042844482,-0.28677077285089997
83.26,-1.214069614644134,-0.0036671454328759587,-0.3911621795067689
83.28,-1.183265593007976,0.9581028634293921,-0.6493292179812364
83.3,-1.0725178009351222,0.26794609296213673,-0.607034807322067
83.32,-0.9977080341044525,0.43443449561470526,-0.5006875897686642
83.34,-0.9456345689576139,0.4368792592366226,-0.3317544234941784
83.36,-0.9725269687987043,0.553494484002078,-0.182379366195031
83.38,-1.0040644195214374,0.5610732512300217,-0.10561378846682762
83.4,-1.0483146410781408,0.5214680805549613,-0.10854750481312837
83.42,-1.060782935549919,0.6060569018733001,-0.04620603245423708
83.44,-1.0632276991718363,0.528068942334138,0.014424105369312105
83.46,-1.0551599792195092,0.39702961219937044,0.0044005745194511505
83.48,-1.0620053173608777,0.3261314671637686,-0.04253888702136112
83.49,-1.0615163646364942,0.29557192188980225,-0.08850044311340648
83.51,-1.067139320966904,0.25572227485255017,-0.12321608654463222
83.53,-1.0725178009351222,0.21416129327995598,-0.12566085016654951
83.55,-1.0859640008556672,0.18360174800598966,-0.11490389023011337
83.57,-1.100632582587171,0.16526602084160988,-0.09925740304984261
83.59,-1.1128564006967576,0.16208782813311737,-0.07627662500381995
83.61,-1.1211685970112764,0.176022980778046,-0.053295846957797266
83.63,-1.1057665861931973,0.17064450080982796,-0.02126944351068056
83.65,-1.0766738990923814,0.17406716988051218,0.0044005745194511505
83.67,-1.0456254010940318,0.19998166427283562,0.01295724719616172
83.69,-1.017266143079791,0.24447636219173058,0.010268007212052684
83.71,-0.9913516486874675,0.2923937291813098,0.018091250802188062
83.73,-0.9813281178376065,0.3518014851939003,0.041805457934785926
83.75,-0.9686153470036366,0.40338599761635546,0.07040919231121841
83.77,-0.9590807688781591,0.4217217247807353,0.09632368670354186
83.79,-0.9884179323411667,0.42832258655991196,0.11783760657641414
83.81,-1.2375393454145402,0.4679277572349723,0.15622039544051583
83.83,-1.3944931699416312,0.5278244659719463,0.18653546435229043
83.85,-1.3578217156128716,0.5950554655746723,0.19240289704489197
83.87,-1.1480609968523667,0.627081869021789,0.18164593710845583
83.89,-0.9840173578217156,0.5456712404119427,0.09876845032545915
83.91,-0.98181707056199,0.1838462243681814,-0.28481496195336614
83.93,-1.0030865140726706,-0.2777251474498059,0.14204076643339547
83.95,-1.0739846591082725,-0.5048436879259236,0.6028787091648076
83.98,-1.1023439171225131,0.016624392629037678,0.6456620725483605
84.0,-1.0810744736118327,0.2787030528985729,0.8365981114201021
84.02,-0.8106836170277786,0.676955046908902,1.0673837973290958
84.04,-1.8699996944045472,-3.5324389573083153,-1.302081105033157
84.06,-2.0912508021880636,0.02542554166793998,-2.9368945390092596
84.08,-1.8648656907985208,-0.31488555450294897,-0.6177917672585032
84.1,-1.0060202304189714,0.8806038566146136,-0.7515203373773798
84.12,-0.5197567460196192,1.2436512544693334,-1.254897167130153
84.14,-0.9324328453992604,0.08703358494025609,-0.5845429820004279
84.16,-1.0025975613482871,0.0774990068147786,-0.1320172355835345
84.18,-1.2448736362802921,0.3383552852733551,0.16184335177092565
84.2,-1.3106377777098677,0.4970204443357883,0.4077865721358066
84.22,-1.2135806619197507,0.3165968890382911,0.36964825963389664
84.24,-1.0994102007762123,0.323931179904043,0.0041560981572594195
84.26,-1.0128655685603398,0.32637594352596033,-0.3327323289429453
84.28,-0.9615255325000763,0.28725972557528345,-0.3821165541056749
84.3,-0.8925831983620084,0.16819973718791065,-0.32979861259664456
84.32,-0.9082296855422791,0.060874614185740916,-0.2686795220487119
84.34,-0.8356202059713351,0.27308009656816307,-0.09607921034135011
84.36,-0.9167863582189897,-0.2635455184426856,-0.7287840356935489
84.38,-1.0246004339455428,-0.18824679888763254,-0.8006600861779176
84.4,-0.9869510741680163,-0.03642697796656786,-0.5547168658130367
84.42,-0.9832839287351404,0.1510863918344895,-0.481862909879901
84.44,-1.012621092198148,0.07089814503560186,-0.5129114078782507
84.47,-0.99452984139596,-0.03422669070684228,-0.4520367936925098
84.49,-0.9546801943587079,-0.017602298077804602,-0.3791828377593741
84.51,-0.9925740304984262,-0.08018824679888763,-0.41463191027717505
84.53,-0.9735048742474712,-0.015402010818079027,-0.4075420957736149
84.55,-0.984506310546099,-0.10781407572655319,-0.5067994988234575
84.57,-1.3416862757082175,-0.053540323319988994,-0.49286434617852887
84.59,-1.7905448766922347,0.18091250802188064,-0.36818140146074624
84.61,-1.6221006631421324,0.26672371115117804,-0.19386975521804234
84.63,-1.1972007456529046,0.3253980380771934,0.020536014424105367
84.65,-0.9158084527702227,0.3359105216514378,-0.16966659536106102
84.67,-0.6630198942639733,0.31488555450294897,-0.38260550683005834
84.69,-0.6309934908168566,0.3405555725330807,-0.2053601442410537
84.71,-0.6329493017143905,0.2887265837484338,-0.23371940225529445
84.73,-0.7647220609357332,0.0623414723588913,-0.18604651162790697
84.75,-0.8947834856217339,-0.08947834856217339,-0.17308926443174524
84.77,-0.9275433181554258,-0.09265654127066589,-0.24252055129419675
84.79,-0.948323808941723,-0.017846774439996334,-0.1975369006509183
84.81,-0.9622589615866516,0.04253888702136112,-0.23469730770406136
84.83,-0.9925740304984262,0.1486416282125722,-0.14595238822846315
84.85,-1.029001008464994,0.2190508205237906,-0.18409070073037312
84.87,-1.0854750481312838,0.25547779849035845,-0.031292974360541514
84.89,-1.0947651498945696,0.34324481251718975,-0.12321608654463222
84.91,-1.1263026006173027,0.32710937261253553,-0.055985086941906306
84.93,-0.9522354307367906,0.4371237355988143,-0.25547779849035845
84.95,-0.9028512055740611,0.7436970937872445,0.13519542829202702
84.97,-0.7894141735170981,1.4441218714665525,0.5356477095620817
84.99,-1.0556489319438926,0.7793906426672371,0.40974238303334043
85.01,-1.1947559820309874,-0.3508235797451334,-0.3095070745347309
85.03,-1.2754331815542586,0.011734865385203068,-0.5564282003483788
85.05,-1.2008678910857806,0.17333374079393699,-0.47844024080921677
85.07,-1.1204351679247013,0.4217217247807353,-0.3300430889588363
85.09,-1.1556397640803104,0.383827888641017,-0.31855269993582497
85.11,-1.207713229227149,0.2390978822235125,-0.3813831250190997
85.13,-1.1888885493383858,0.17211135898297833,-0.349356721571983
85.15,-1.1519726186474346,0.17333374079393699,-0.2598783730098096
85.17,-1.1187238333893592,0.18751336980105734,-0.19289184976927543
85.19,-1.1113895425236073,0.1750450753292791,-0.14913058093695566
85.21,-1.0554044555817008,0.16013201723558354,-0.09705711579011704
85.23,-1.048070164715949,0.10683617027778626,-0.001222381810958653
85.25,-1.0837637135959417,-0.06723099960272591,0.0070898145035601864
85.27,-1.0903645753751183,-0.17455612260489564,-0.05769642147724842
85.29,-1.275922134278642,-0.4493475537084008,-0.23518626042844482
85.31,-1.34486446841671,-0.617058338171928,-0.19484766066680928
85.33,-1.135103749656205,0.5376035204596156,0.03642697796656786
85.35,-1.2590532652874125,-0.4977538734223635,0.17626745714023775
85.37,-0.8872047183937903,0.7471197628579287,0.21000519512269658
85.39,-0.7913699844146319,0.6400391162179506,0.48406319713962653
85.41,-1.0375576811417047,0.4190324847966262,0.5855208874491947
85.43,-1.1522170950096262,0.6212144363291874,0.4943312043516792
85.44,-1.1783760657641413,0.5940775601259053,0.47110594994346483
85.46,-1.1791094948507166,0.48699691348592733,0.383827888641017
85.48,-1.0874308590288175,0.3075512636371971,0.3092625981725392
85.5,-1.0113987103871893,0.2694129511352871,0.22345139504324174
85.52,-0.9977080341044525,0.3046175472908963,0.1686886899122941
85.54,-1.0400024447636218,0.3197750817467836,0.14301867188216238
85.56,-1.1033218225712802,0.34495614705253186,0.15206429728325643
85.58,-1.1776426366775663,0.374782263239923,0.18433517709256486
85.6,-1.2500076398863185,0.38333893591663354,0.22662958775173425
85.62,-1.2989029123246645,0.3640253033034868,0.25767808575008405
85.64,-1.3301958866852062,0.3207529871955505,0.2591449439232344
85.66,-1.3394859884484918,0.26819056932432844,0.2246737768542004
85.68,-1.3304403630473978,0.21049414784708004,0.17162240625859487
85.7,-1.302081105033157,0.17162240625859487,0.12761666106408337
85.72,-1.2509855453350853,0.16917764263667756,0.10096873758518474
85.74,-1.1959783638419461,0.19313632613146717,0.1014576903095682
85.76,-1.151483665923051,0.2197842496103658,0.11245912660819607
85.78,-1.115301164318675,0.2398313113100877,0.12492742107997433
85.8,-1.095987531705528,0.2471656021758396,0.13421752284326008
85.82,-1.089875622650735,0.25523332212816674,0.13690676282736913
85.84,-1.071539895486355,0.25547779849035845,0.13421752284326008
85.86,-1.0448919720074565,0.24667664945145615,0.12639427925312471
85.88,-1.007976041316505,0.2454542676404975,0.11808208293860586
85.9,-0.970082205176787,0.24985484215994866,0.1014576903095682
85.927,-0.9392781835406289,0.25523332212816674,0.08776701402683128
85.947,-0.9221648381872077,0.27014638022186227,0.0655196650673838
85.967,-0.9194755982030988,0.28114781652049015,0.040094123399443814
85.987,-0.9224093145493995,0.28579286740213306,0.02200287259725575
86.007,-0.9341441799346025,0.30192830730678727,-0.018335727164379794
86.027,-0.9620144852244599,0.3344436634782874,-0.12223818109586529
86.047,-0.9659261070195275,0.33199889985637016,-0.20120404608379427
86.067,-0.9588362925159674,0.27014638022186227,-0.19484766066680928
86.087,-0.9620144852244599,0.23811997677474558,-0.16110992268435045
86.107,-0.9744827796962381,0.23934235858570424,-0.17797879167557987
86.127,-0.98181707056199,0.24912141307337346,-0.2518106530574825
86.147,-1.014576903095682,0.2119610060202304,-0.25718913302570057
86.167,-1.2028237019833146,0.18800232252544083,-0.22247348959447483
86.187,-1.338508082999725,0.2390978822235125,-0.2285853986492681
86.207,-1.361977813770131,0.28457048559117437,-0.2518106530574825
86.227,-1.2998808177734316,0.31635241267609937,-0.3354215689270544
86.247,-1.1666412003789384,0.3246646089906182,-0.3997188521834795
86.267,-1.0913424808238854,0.3405555725330807,-0.42905601564648715
86.287,-1.0620053173608777,0.3515570088317086,-0.3921400849555359
86.307,-1.0338905357088286,0.16184335177092565,-0.2630565657183021
86.327,-1.0957430553433365,0.46010451364483695,-0.2725911438437796
86.347,-1.0402469211258136,0.6307490144546649,-0.21489472236653118
86.367,-1.0246004339455428,0.26721266387556153,-0.12199370473367356
86.387,-1.0160437612688322,0.2510772239709073,-0.11294807933257953
86.42,-1.0358463466063625,0.29630535097637745,-0.08238853405861321
86.44,-1.029978913913761,0.32515356171500165,-0.060141185099165724
86.46,-1.027289673929652,0.3452006234147236,-0.027136876203282093
86.48,-1.0436695901964979,0.3931179904043028,-0.010023530849860953
86.5,-1.0620053173608777,0.4503254591571677,-0.010023530849860953
86.52,-1.095254102618953,0.49213091709195367,-0.01637991626684595
86.54,-1.1067444916419644,0.5207346514683862,-0.02884821073862421
86.56,-1.0712954191241635,0.5094887388075665,-0.030559545273966322
86.58,-1.0094428994896556,0.4645050881642881,-0.022980778046022676
86.6,-0.9607921034135012,0.39874094673471255,-0.01735782171561287
86.62,-0.9368334199187116,0.3679369250985545,-0.011979341747394798
86.64,-0.9324328453992604,0.36744797237417104,-0.013446199920545182
86.66,-0.9556580998074748,0.3659811142010207,-0.01589096354246249
86.68,-0.9796167833022644,0.37355988142896435,-0.020536014424105367
86.7,-0.9874400268923998,0.3816276013812914,-0.02151391987287229
86.72,-0.989151361427742,0.38822846316046816,-0.022491825321639215
86.74,-0.9915961250496592,0.390184274058002,-0.030804021636158054
86.76,-0.9996638450019864,0.3926290376799193,-0.03544907251780093
86.78,-1.0087094704030803,0.3894508449714268,-0.0415609815725942
86.8,-1.0204443357882835,0.381138648656908,-0.039849647037252085
86.82,-1.0419582556611557,0.364758732390062,-0.035204596155609204
86.84,-1.0602939828255356,0.34397824160376494,-0.03764935977752651
86.86,-1.0712954191241635,0.31513003086514074,-0.03716040705314305
86.88,-1.0847416190447086,0.28554839103994134,-0.03544907251780093
86.91,-1.1050331571066223,0.25132170033309903,-0.022736301683830944
86.93,-1.1067444916419644,0.24325398038077192,-0.015402010818079027
86.95,-1.0972099135164868,0.24032026403447115,-0.008067719952327109
86.97,-1.0842526663203251,0.25132170033309903,0.0026892399841090364
86.99,-1.0485591174403324,0.24838798398679826,0.012223818109586528
87.01,-0.9918406014118509,0.2469211258136479,0.03447116706903401
87.03,-1.064450080982795,0.2478990312624148,0.07309843229532745
87.05,-1.2502521162485103,0.30975155089692263,0.0743208141062861
87.07,-1.407450417137793,0.35742444152431013,0.07187605048436879
87.09,-1.4387433914983345,0.4236775356782691,0.04938422516272958
87.11,-1.2470739235400177,0.4630382299911377,0.02102496714848883
87.13,-1.021666717599242,0.44812517189744216,0.017846774439996334
87.15,-0.8700913730403691,0.4068086666870397,0.038871741588485165
87.17,-0.8070164715949026,0.355713106988968,0.06576414142957553
87.19,-0.8307306787275005,0.30095040185802036,0.09241206490847416
87.21,-0.9233872199981664,0.3077957399993888,0.08850044311340648
87.23,-1.0409803502123889,0.3708706414448553,0.056229563304098035
87.25,-1.1348592732940133,0.39702961219937044,0.027870305289857285
87.27,-1.1651743422057879,0.4222106775051187,0.013935152644928643
87.29,-1.137792989640314,0.42734468111114504,0.018091250802188062
87.31,-1.0774073281789567,0.4180545793478593,0.02591449439232344
87.33,-1.013598997646915,0.3659811142010207,0.04058307612382728
87.35,-0.9683708706414448,0.29606087461418573,0.06625309415395898
87.37,-0.9671484888304862,0.2525440821440577,0.07896586498792897
87.39,-1.001864132261712,0.23543073679063656,0.06723099960272591
87.41,-1.051737310148825,0.25523332212816674,0.03178192708492498
87.43,-1.094276197170186,0.3038841182043211,0.011245912660819608
87.45,-1.119701738838126,0.33371023439171227,0.0041560981572594195
87.47,-1.1241023133575772,0.34251138343061455,0.006845338141368456
87.49,-1.1241023133575772,0.34251138343061455,0.009045625401094031
87.51,-1.097943342603062,0.31390764905418206,0.012223818109586528
87.53,-1.0463588301806068,0.2733245729303548,0.021758396235064023
87.55,-1.0312012957247196,0.24961036579775692,0.023714207132597868
87.57,-1.029978913913761,0.24032026403447115,0.027136876203282093
87.59,-1.0605384591877272,0.23567521315282827,0.031292974360541514
87.61,-1.1013660116737463,0.24423188582953886,0.030315068911774594
87.63,-1.1253246951685358,0.24887693671118175,0.027136876203282093
87.65,-1.1121229716101824,0.24374293310515538,0.019313632613146715
87.67,-1.0783852336277235,0.2271185404761177,0.005134003606026342
87.69,-1.0402469211258136,0.22980778046022673,-0.02029153806191364
87.71,-1.0277786266540354,0.23811997677474558,-0.03813831250190997
87.73,-1.1786205421263332,0.24496531491611404,-0.001222381810958653
87.75,-1.3661339119273905,0.29948354368486996,0.051340036060263425
87.77,-1.2844788069553525,0.27039085658405404,0.04693946154081227
87.79,-1.1421935641597654,0.2285853986492681,-0.022247348959447483
87.81,-1.0248449103077346,0.23543073679063656,-0.15475353726736546
87.83,-0.8969837728814595,0.22491825321639214,-0.21049414784708004
87.85,-0.8114170461143538,0.23811997677474558,-0.22174006050789963
87.87,-0.776701402683128,0.27454695474131346,-0.23836445313693733
87.88,-0.7488310973932708,0.30021697277144516,-0.24741007853803135
87.9,-0.7199828866546466,0.3065733581884301,-0.2405647403966629
87.92,-0.7036029703878006,0.2733245729303548,-0.19142499159612505
87.94,-0.7300064175045076,0.22174006050789963,-0.11123674479723741
87.96,-0.8209516242398313,0.20829386058735447,-0.05867432692601534
87.98,-0.9661705833817192,0.24423188582953886,-0.07872138862573724
88.0,-1.098921248051829,0.3080402163615805,-0.15573144271613237
88.02,-1.1605292913241452,0.3791828377593741,-0.25865599119885097
88.04,-1.1365706078293554,0.4239220120404608,-0.3496011979341747
88.06,-1.0468477829049903,0.4202548666075849,-0.35693548879992665
88.08,-0.988173455978975,0.4141429575527916,-0.3051065000152798
88.1,-0.9825504996485652,0.4046083794273141,-0.27136876203282095
88.12,-1.0128655685603398,0.3958072303884118,-0.2518106530574825
88.14,-1.0605384591877272,0.3962961831127953,-0.2408092167588546
88.16,-1.0991657244140207,0.41463191027717505,-0.23054120954680193
88.18,-1.1155456406808666,0.43003392109525407,-0.2190508205237906
88.2,-1.110656113437032,0.43296763744155486,-0.21244995874461386
88.22,-1.095254102618953,0.42881153928429544,-0.2166060569018733
88.24,-1.0764294227301898,0.41609876845032545,-0.20902728967392964
88.26,-1.0676282736912874,0.40314152125416375,-0.19607004247776794
88.28,-1.0632276991718363,0.38676160498731776,-0.17088897717201967
88.3,-1.058827124652385,0.3662255905632124,-0.14424105369312104
88.32,-1.0656724627937537,0.35644653607554316,-0.12101579928490663
88.34,-1.0722733245729303,0.35840234697307705,-0.11099226843504569
88.36,-1.069828560951013,0.34397824160376494,-0.09070073037313205
88.38,-1.0815634263362162,0.33150994713198667,-0.06356385416984996
88.4,-1.1035662989334718,0.32564251443938513,-0.03398221434465055
88.42,-1.1245912660819606,0.3180637472114415,-0.009045625401094031
88.44,-1.1255691715307277,0.3087736454481557,0.021758396235064023
88.46,-1.115301164318675,0.3014393545824038,0.048406319713962656
88.48,-1.097943342603062,0.30119487822021207,0.0686978577758763
88.5,-1.0649390337071785,0.305839929101855,0.08923387219998166
88.52,-1.0304678666381444,0.3209974635577423,0.09216758854628243
88.54,-0.9867065978058246,0.3398221434465055,0.09290101763285762
88.56,-0.9522354307367906,0.3701372123582801,0.10096873758518474
88.58,-0.9231427436359747,0.38578369953855085,0.12126027564709838
88.6,-1.0612718882743024,0.4050973321516976,0.17040002444763622
88.62,-1.304770345017266,0.5268465605231794,0.16453259175503468
88.64,-1.3490205665739694,0.5630290621275555,0.18604651162790697
88.66,-1.249518687161935,0.5710967820798827,0.23543073679063656
88.68,-1.1399932769000396,0.5473825749472848,0.3173303181248663
88.7,-1.1177459279405921,0.5019099715796229,0.4197659138832014
88.72,-1.1148122115942916,0.4830852916908596,0.4693946154081227
88.74,-1.1380374660025059,0.4801515753445589,0.4681722335971641
88.76,-1.136081655104972,0.4187880084344345,0.4965314916114048
88.78,-1.1302142224123706,0.3444671943281484,0.5001986370442808
88.8,-1.144393851419491,0.34495614705253186,0.4209882956941601
88.82,-1.1817987348348256,0.31855269993582497,0.3341991871160957
88.84,-1.2253155273049536,0.34397824160376494,0.2972832564251444
88.86,-1.2769000397274088,0.37429331051553955,0.28188124560706534
88.88,-1.3717568682578003,0.41536533936375025,0.27087980930843747
88.9,-0.7512758610151881,-1.3952265990282064,0.32882070714787764
88.92,-3.995721663661645,-2.1188766311157288,-0.3351770925648626
88.94,-0.6292821562815145,1.5893408306084404,2.8190569324328454
88.96,-0.28310362741802403,-1.723069400727317,1.5030406747547596
88.98,-1.5218653546435228,-0.4429911682914158,0.7216942211899887
89.0,-1.3155273049537022,0.32710937261253553,0.33126547076979496
89.02,-1.1187238333893592,0.4659719463374385,-0.013935152644928643
89.04,-1.1426825168841488,-0.9651926779329524,-0.034960119793417475
89.06,-1.1311921278611374,-0.026158970754515173,-0.28505943831555786
89.08,-0.9446566635088469,-0.11490389023011337,-0.03544907251780093
89.1,-1.06518351006937,0.002933716346300767,0.028114781652049017
89.12,-1.1099226843504568,-0.17651193350242947,0.022980778046022676
89.14,-1.0224001466858172,0.16355468630626777,-0.18262384255722275
89.16,-1.025333863032118,-0.45790422638511136,-0.2070714787763958
89.18,-1.0712954191241635,-0.24105369312104635,-0.3373773798245882
89.2,-1.0659169391559453,-0.2246737768542004,-0.3395776670843138
89.22,-1.1082113498151147,-0.34324481251718975,-0.302172783668979
89.24,-1.1277694587904532,-0.28823763102405037,-0.24447636219173058
89.26,-1.113345353421141,-0.26647923478898633,-0.11734865385203068
89.28,-1.1434159459707238,-0.11857103566298934,-0.04033859976163555
89.3,-1.1463496623170246,-0.03471564343122574,0.06943128686245148
89.32,-1.153439476820585,-0.07774348317697033,0.1623323044953091
89.348,-1.1219020260978516,-0.05574061057971457,0.20658252605201236
89.368,-1.0932982917214191,-0.04253888702136112,0.17895669712434678
89.388,-1.0554044555817008,-0.0623414723588913,0.1694221189988693
89.408,-1.033646059346637,-0.06820890505149284,0.18409070073037312
89.428,-1.0334015829844452,-0.06845338141368457,0.20487119151667021
89.448,-1.0695840845888214,-0.09999083213641781,0.19411423158023408
89.468,-1.1583290040644194,-0.17626745714023775,0.2117165296580387
89.488,-1.1998899856370138,-0.195092137029001,0.22662958775173425
89.508,-1.3380191302753415,-0.1095254102618953,0.25449989304159154
89.528,-1.2118693273844086,-0.1031690248449103,0.2813922928826819
89.548,-1.1549063349937352,0.026403447116706905,0.2405647403966629
89.568,-1.006264706781163,0.04791736698957919,0.22956330409803502
89.588,-0.906518351006937,0.03716040705314305,0.10365797756929376
89.608,-0.9346331326589861,-0.06527518870519207,0.06307490144546649
89.628,-0.9798612596644561,-0.20487119151667021,0.07554319591724475
89.648,-1.1221465024600434,-0.14106286098462856,-0.05109555969807169
89.668,-0.8762032820951624,-0.060141185099165724,-0.055251657855331114
89.688,-0.9796167833022644,-0.4405464046694985,0.17382269351832044
89.708,-1.1541729059071602,0.15230877364544815,0.14424105369312104
89.728,-1.0681172264156709,0.3253980380771934,0.1327506646701097
89.748,-1.0981878189652539,0.44396907374018274,0.027381352565473825
89.768,-0.8771811875439294,-0.12932799559942548,0.11025883934847049
89.788,-1.071539895486355,0.5468936222229013,-0.13543990465421873
89.808,-1.0747180881948477,0.2735690492925465,-0.15524248999174892
89.83,-1.1182348806649758,0.1672218317391437,-0.2029153806191364
89.85,-1.1387708950890811,0.20511566787886196,-0.19313632613146717
89.87,-1.1500168077499007,0.06992023958683495,-0.20829386058735447
89.89,-1.1783760657641413,0.0415609815725942,-0.2415426458454298
89.91,-1.187910643889619,0.10512483574244415,-0.2056046206032454
89.93,-1.1676191058277052,0.1591541117868166,-0.1535311554564068
89.95,-1.1267915533416863,0.22002872597255752,-0.09705711579011704
89.97,-1.1082113498151147,0.20878281331173792,-0.05109555969807169
89.99,-1.1091892552638816,0.1767564098646212,-0.009779054487669223
90.01,-1.1057665861931973,0.1549980136295572,0.01735782171561287
90.03,-1.099899153500596,0.12883904287504203,0.03716040705314305
90.05,-1.082541331784983,0.12321608654463222,0.04987317788711304
90.07,-1.0620053173608777,0.11783760657641414,0.0383827888641017
90.09,-1.0749625645570393,0.15524248999174892,0.02542554166793998
90.11,-1.0700730373132048,0.18360174800598966,0.03300430889588363
90.13,-1.054426550132934,0.20927176603612138,0.04253888702136112
90.15,-1.0429361611099226,0.23029673318461022,0.048406319713962656
90.17,-1.0448919720074565,0.22247348959447483,0.045717079729853616
90.19,-1.0451364483696481,0.2126944351068056,0.04889527243834611
90.21,-1.0439140665586897,0.2063380496898206,0.05109555969807169
90.23,-1.0522262628732084,0.18482412981694832,0.057451945115056684
90.25,-1.0539375974085505,0.15597591907832412,0.060874614185740916
90.27,-1.056382361030468,0.14839715185038047,0.05158451242245515
90.29,-1.0448919720074565,0.1525532500076399,0.026403447116706905
90.31,-1.040735873850197,0.15206429728325643,-0.011245912660819608
90.33,-1.020933288512667,0.14888610457476392,-0.05402927604437246
90.35,-1.0040644195214374,0.14301867188216238,-0.0735873850197109
90.37,-0.989151361427742,0.14057390826024507,-0.05671851602848149
90.39,-1.036335299330746,0.18335727164379795,-0.04938422516272958
90.41,-1.1737310148824984,0.23787550041255387,-0.07187605048436879
90.43,-1.2646762216178222,0.28897106011062557,-0.14595238822846315
90.45,-1.1698193930874308,0.2630565657183021,-0.17015554808544447
90.47,-1.0392690156770468,0.24032026403447115,-0.16819973718791065
90.49,-0.9385447544540537,0.2342083549796779,-0.15695382452709103
90.51,-0.8916052929132414,0.22956330409803502,-0.15230877364544815
90.53,-0.8947834856217339,0.23763102405036213,-0.14937505729914738
90.55,-0.9348776090211778,0.2615897075451517,-0.15573144271613237
90.57,-0.9823060232863735,0.28652629648870825,-0.16184335177092565
90.59,-1.021666717599242,0.29972802004706167,-0.15866515906243314
90.61,-1.042691684747731,0.30070592549582864,-0.15377563181859855
90.63,-1.0448919720074565,0.2950829691654188,-0.1613543990465422
90.65,-1.0324236775356783,0.29386058735446013,-0.17528955169147084
90.67,-1.0282675793784188,0.29850563823610304,-0.18042355529749718
90.69,-1.0270451975674602,0.30266173639336247,-0.17553402805366256
90.71,-1.026311768480885,0.3043730709287046,-0.15670934816489931
90.73,-1.0338905357088286,0.3077957399993888,-0.14277419551997067
90.75,-1.0458698774562234,0.3117073617944565,-0.13323961739449316
90.77,-1.0539375974085505,0.3075512636371971,-0.1334840937566849
90.79,-1.0568713137548513,0.30192830730678727,-0.13788466827613605
90.8,-1.0519817865110166,0.295816398251994,-0.14155181370901201
90.82,-1.0451364483696481,0.28677077285089997,-0.1359288573786022
90.84,-1.039024539314855,0.28432600922898266,-0.1031690248449103
90.86,-1.0341350120710204,0.29875011459829476,-0.08238853405861321
90.88,-1.0246004339455428,0.31488555450294897,-0.09094520673532377
90.9,-1.0204443357882835,0.3227087980930844,-0.10170216667175992
90.92,-1.0331571066222534,0.34251138343061455,-0.11465941386792164
90.94,-1.044403019283073,0.34495614705253186,-0.11343703205696298
90.96,-1.0436695901964979,0.3361549980136295,-0.0911896830975155
90.98,-1.048070164715949,0.32637594352596033,-0.0686978577758763
91.0,-1.0514928337866332,0.31464107814075726,-0.061119090547932645
91.02,-1.0566268373926595,0.3063288818262384,-0.06405280689423341
91.04,-1.06518351006937,0.3077957399993888,-0.07529871955505302
91.06,-1.0593160773767687,0.31244079088103166,-0.08018824679888763
91.08,-1.0488035938025242,0.3202640344711671,-0.07652110136601167
91.1,-1.039024539314855,0.3229532744552761,-0.06503071234300034
91.12,-1.0248449103077346,0.3214864162821257,-0.061119090547932645
91.14,-1.0121321394737646,0.31561898358952417,-0.06136356691012437
91.16,-1.0050423249702045,0.31219631451883995,-0.06674204687834245
91.18,-1.0094428994896556,0.3055954527396632,-0.06992023958683495
91.2,-1.0128655685603398,0.30119487822021207,-0.06771995232710937
91.22,-1.016288237631024,0.30119487822021207,-0.06454175961861687
91.24,-1.0231335757723925,0.3038841182043211,-0.06185251963450784
91.26,-1.0370687284173212,0.30412859456651287,-0.06136356691012437
91.28,-1.0431806374721144,0.29923906732267824,-0.06429728325642514
91.29,-1.0551599792195092,0.2972832564251444,-0.06625309415395898
91.31,-1.067139320966904,0.2904379182837759,-0.0679644286893011
91.33,-1.0681172264156709,0.28603734376432477,-0.0591632796503988
91.35,-1.0673837973290958,0.2877486782996669,-0.056229563304098035
91.37,-1.0664058918803287,0.2965498273385692,-0.06063013782354919
91.39,-1.0632276991718363,0.29630535097637745,-0.06063013782354919
91.41,-1.049781499251291,0.2943495400788436,-0.05842985056382361
91.43,-1.041713779298964,0.2933716346300767,-0.052562417871222074
91.45,-1.033646059346637,0.2911713473703511,-0.05060660697368823
91.47,-1.0309568193625278,0.28505943831555786,-0.04987317788711304
91.49,-1.0270451975674602,0.28163676924487363,-0.04693946154081227
91.51,-1.0148213794578735,0.28016991107172323,-0.047428414265195735
91.53,-1.0023530849860953,0.2752803838278886,-0.04645050881642881
91.55,-0.9950187941203434,0.27234666748158787,-0.04620603245423708
91.57,-0.995507746844727,0.27308009656816307,-0.04547260336766189
91.59,-1.0074870885921217,0.27136876203282095,-0.043761268832319775
91.61,-1.0187330012529414,0.26843504568652016,-0.038871741588485165
91.63,-1.0246004339455428,0.2647679002536442,-0.035938025242184396
91.65,-1.0246004339455428,0.2652568529780277,-0.03691593069095132
91.67,-1.0250893866699264,0.2752803838278886,-0.03202640344711671
91.69,-1.0505149283378663,0.2914158237325429,-0.0295816398251994
91.71,-1.084497142682517,0.30021697277144516,-0.028359258014240746
91.73,-1.0896311462885433,0.295816398251994,-0.03667145432875959
91.75,-1.0595605537389603,0.28188124560706534,-0.04522812700547016
91.77,-1.020933288512667,0.2757693365522721,-0.053295846957797266
