Time (seconds),X,Y,Z
0.0,-0.6564190324847966,-0.7737676863368272,-0.2430095040185802
0.019,-0.658863796106714,-0.7752345445099776,-0.2366531186015952
0.04,-0.6534853161384958,-0.7789016899428536,-0.23640864223940347
0.06,-0.6556856033982215,-0.7759679735965529,-0.24374293310515538
0.08,-0.6625309415395899,-0.7757234972343612,-0.24496531491611404
0.1,-0.6595972251932891,-0.7791461663050454,-0.24325398038077192
0.117,-0.6554411270360296,-0.7752345445099776,-0.2454542676404975
0.14,-0.6537297925006875,-0.7740121626990191,-0.25058827124652383
0.16,-0.6603306542798643,-0.7784127372184702,-0.25229960578186594
0.18,-0.6456620725483605,-0.7801240717538123,-0.2493658894355652
0.2,-0.638816734406992,-0.7762124499587446,-0.2476545549002231
0.217,-0.6529963634141124,-0.7737676863368272,-0.24496531491611404
0.24,-0.6532408397763041,-0.7764569263209363,-0.2461876967270727
0.26,-0.6532408397763041,-0.7774348317697033,-0.24887693671118175
0.28,-0.6561745561226049,-0.7811019772025792,-0.24838798398679826
0.3,-0.6549521743116462,-0.7850135989976469,-0.24741007853803135
0.32,-0.6544632215872628,-0.78403569354888,-0.25205512941967423
0.34,-0.6522629343275372,-0.7842801699110717,-0.25278855850624943
0.36,-0.6459065489105522,-0.7837912171866882,-0.2500993185221404
0.38,-0.6437062616508267,-0.7806130244781957,-0.24569874400268923
0.4,-0.6444396907374018,-0.7828133117379213,-0.23860892949912904
0.42,-0.6449286434617852,-0.7850135989976469,-0.23029673318461022
0.44,-0.6395501634935672,-0.7823243590135378,-0.22516272957858385
0.458,-0.6312379671790483,-0.7798795953916206,-0.22516272957858385
0.48,-0.6380833053204168,-0.781346453564771,-0.22662958775173425
0.5,-0.6459065489105522,-0.7833022644623048,-0.2271185404761177
0.52,-0.6405280689423342,-0.7862359808086056,-0.22736301683830945
0.54,-0.6454175961861688,-0.7830577881001131,-0.2327414968065275
0.57,-0.652507410689729,-0.7796351190294288,-0.24178712220762155
0.59,-0.6520184579653454,-0.7708339699905266,-0.25132170033309903
0.607,-0.645173119823977,-0.7661889191088836,-0.26794609296213673
0.63,-0.6446841670995935,-0.7683892063686092,-0.2862818201265165
0.65,-0.6505515997921951,-0.7669223481954588,-0.29801668551171956
0.67,-0.6507960761543868,-0.7688781590929927,-0.3043730709287046
0.69,-0.6439507380130184,-0.7674113009198423,-0.3046175472908963
0.71,-0.6459065489105522,-0.7732787336124438,-0.2943495400788436
0.73,-0.6380833053204168,-0.7727897808880604,-0.280414387433915
0.75,-0.6253705344864469,-0.7681447300064175,-0.26794609296213673
0.77,-0.6368609235094582,-0.7615438682272407,-0.2620786602695352
0.79,-0.6444396907374018,-0.7654554900223085,-0.2606118020963848
0.81,-0.6481068361702778,-0.770345017266143,-0.26574580570241113
0.83,-0.65690798520918,-0.7759679735965529,-0.2669681875133698
0.848,-0.6659536106102741,-0.7762124499587446,-0.2655013293402194
0.87,-0.6639977997127403,-0.7801240717538123,-0.2589004675610427
0.899,-0.664242276074932,-0.7798795953916206,-0.25547779849035845
0.92,-0.6600861779176725,-0.7732787336124438,-0.2598783730098096
0.94,-0.6581303670201387,-0.770345017266143,-0.2603673257341931
0.96,-0.6544632215872628,-0.7688781590929927,-0.2620786602695352
0.98,-0.6554411270360296,-0.7691226354551844,-0.26134523118296
0.997,-0.6573969379335636,-0.77132292271491,-0.2598783730098096
1.02,-0.6608196070042478,-0.7718118754392934,-0.2611007548207683
1.04,-0.6591082724689057,-0.7718118754392934,-0.2637899948048773
1.06,-0.6571524615713717,-0.7745011154234025,-0.26892399841090364
1.08,-0.6551966506738379,-0.7730342572502521,-0.26721266387556153
1.1,-0.6559300797604132,-0.7688781590929927,-0.2633010420804938
1.12,-0.6532408397763041,-0.7642331082113498,-0.25841151483665925
1.14,-0.6534853161384958,-0.7630107264003911,-0.25694465666350885
1.16,-0.6561745561226049,-0.7686336827308009,-0.2623231366317269
1.18,-0.6610640833664395,-0.7762124499587446,-0.2655013293402194
1.2,-0.6595972251932891,-0.77132292271491,-0.2652568529780277
1.22,-0.65690798520918,-0.7693671118173762,-0.26721266387556153
1.238,-0.6617975124530147,-0.7742566390612108,-0.26647923478898633
1.26,-0.6500626470678116,-0.7749900681477859,-0.25645570393912537
1.28,-0.6393056871313755,-0.7617883445894325,-0.24863246034899
1.3,-0.6481068361702778,-0.7568988173455978,-0.2535219875928246
1.32,-0.6559300797604132,-0.7666778718332671,-0.2662347584267946
1.35,-0.6542187452250711,-0.7705894936283348,-0.26892399841090364
1.37,-0.6554411270360296,-0.7710784463527183,-0.26647923478898633
1.387,-0.657885890657947,-0.7710784463527183,-0.26647923478898633
1.41,-0.658863796106714,-0.7708339699905266,-0.26745714023775324
1.43,-0.6517739816031537,-0.7693671118173762,-0.2635455184426856
1.45,-0.6490847416190447,-0.7620328209516243,-0.25938942028542616
1.47,-0.6505515997921951,-0.7620328209516243,-0.2608562784585765
1.49,-0.6544632215872628,-0.7656999663845002,-0.27136876203282095
1.51,-0.6549521743116462,-0.7693671118173762,-0.2789475292607646
1.53,-0.6564190324847966,-0.7691226354551844,-0.2789475292607646
1.55,-0.6581303670201387,-0.767655777282034,-0.2760138129144638
1.57,-0.6605751306420561,-0.7661889191088836,-0.2762582892766556
1.59,-0.6603306542798643,-0.7688781590929927,-0.2725911438437796
1.61,-0.6573969379335636,-0.7679002536442258,-0.26599028206460285
1.628,-0.6542187452250711,-0.7705894936283348,-0.25865599119885097
1.65,-0.6544632215872628,-0.772300828163677,-0.25621122757693365
1.67,-0.6556856033982215,-0.7701005409039513,-0.25841151483665925
1.69,-0.6598417015554808,-0.7701005409039513,-0.26012284937200136
1.71,-0.6549521743116462,-0.7701005409039513,-0.25792256211227577
1.74,-0.658863796106714,-0.7740121626990191,-0.25498884576597497
1.76,-0.6576414142957553,-0.7718118754392934,-0.2581670384744675
1.777,-0.6649757051615072,-0.7752345445099776,-0.26012284937200136
1.8,-0.6617975124530147,-0.7749900681477859,-0.25547779849035845
1.82,-0.6459065489105522,-0.7674113009198423,-0.2611007548207683
1.84,-0.6551966506738379,-0.7630107264003911,-0.27087980930843747
1.86,-0.658863796106714,-0.7683892063686092,-0.2779696238119977
1.877,-0.6559300797604132,-0.7718118754392934,-0.26794609296213673
1.909,-0.6559300797604132,-0.7691226354551844,-0.25229960578186594
1.93,-0.65690798520918,-0.7718118754392934,-0.24349845674296366
1.95,-0.657885890657947,-0.7745011154234025,-0.2461876967270727
1.969,-0.6598417015554808,-0.7764569263209363,-0.2508327476087156
1.99,-0.6586193197445221,-0.7757234972343612,-0.25474436940378326
2.01,-0.6539742688628793,-0.7747455917855942,-0.2525440821440577
2.03,-0.6505515997921951,-0.7732787336124438,-0.2508327476087156
2.05,-0.6517739816031537,-0.7686336827308009,-0.25498884576597497
2.067,-0.6549521743116462,-0.7701005409039513,-0.25645570393912537
2.09,-0.6483513125324695,-0.7745011154234025,-0.2503437948843321
2.11,-0.6493292179812364,-0.7747455917855942,-0.24814350762460655
2.13,-0.6549521743116462,-0.7769458790453198,-0.25498884576597497
2.15,-0.6556856033982215,-0.7801240717538123,-0.25865599119885097
2.167,-0.6542187452250711,-0.7830577881001131,-0.25841151483665925
2.19,-0.6510405525165786,-0.7818354062891544,-0.24814350762460655
2.21,-0.6427283562020597,-0.7820798826513461,-0.23763102405036213
2.23,-0.642483879839868,-0.7781682608562784,-0.2278519695626929
2.25,-0.6410170216667176,-0.7745011154234025,-0.22834092228707636
2.267,-0.6493292179812364,-0.7791461663050454,-0.23811997677474558
2.29,-0.6564190324847966,-0.7899031262414815,-0.2476545549002231
2.31,-0.6537297925006875,-0.7837912171866882,-0.25376646395501634
2.33,-0.6537297925006875,-0.7828133117379213,-0.25865599119885097
2.35,-0.6547076979494545,-0.7852580753598386,-0.25205512941967423
2.37,-0.6395501634935672,-0.7801240717538123,-0.24814350762460655
2.39,-0.636127494422883,-0.7698560645417596,-0.24814350762460655
2.408,-0.6441952143752101,-0.7708339699905266,-0.2535219875928246
2.43,-0.6463955016349356,-0.7764569263209363,-0.25792256211227577
2.45,-0.6500626470678116,-0.7798795953916206,-0.25645570393912537
2.47,-0.6505515997921951,-0.7847691226354552,-0.25621122757693365
2.49,-0.6520184579653454,-0.7842801699110717,-0.2574336093878923
2.52,-0.6449286434617852,-0.7786572135806619,-0.25572227485255017
2.54,-0.6439507380130184,-0.7749900681477859,-0.25449989304159154
2.557,-0.6439507380130184,-0.7749900681477859,-0.25449989304159154
2.58,-0.6422394034776763,-0.7735232099746355,-0.25401094031720806
2.6,-0.645173119823977,-0.7774348317697033,-0.25645570393912537
2.62,-0.6449286434617852,-0.7769458790453198,-0.25841151483665925
2.64,-0.6510405525165786,-0.7825688353757296,-0.2623231366317269
2.657,-0.6510405525165786,-0.7825688353757296,-0.2623231366317269
2.68,-0.6476178834458943,-0.781346453564771,-0.25694465666350885
2.7,-0.6449286434617852,-0.7764569263209363,-0.25694465666350885
2.72,-0.6483513125324695,-0.7769458790453198,-0.25645570393912537
2.74,-0.6466399779971274,-0.7808575008403875,-0.25792256211227577
2.76,-0.6441952143752101,-0.7798795953916206,-0.25621122757693365
2.78,-0.6454175961861688,-0.7791461663050454,-0.25449989304159154
2.798,-0.6454175961861688,-0.7791461663050454,-0.25498884576597497
2.82,-0.6512850288787703,-0.7835467408244965,-0.25132170033309903
2.84,-0.6461510252727439,-0.7811019772025792,-0.2478990312624148
2.86,-0.6456620725483605,-0.7798795953916206,-0.25205512941967423
2.88,-0.6556856033982215,-0.7847691226354552,-0.25449989304159154
2.919,-0.6432173089264431,-0.7889252207927145,-0.24985484215994866
2.94,-0.6476178834458943,-0.7720563518014851,-0.24814350762460655
2.96,-0.6439507380130184,-0.7759679735965529,-0.24887693671118175
2.98,-0.6417504507532927,-0.7818354062891544,-0.25156617669529074
2.997,-0.6417504507532927,-0.7818354062891544,-0.25156617669529074
3.02,-0.6520184579653454,-0.7879473153439477,-0.2476545549002231
3.04,-0.6498181707056199,-0.786724933532989,-0.2476545549002231
3.06,-0.6468844543593191,-0.7837912171866882,-0.2503437948843321
3.08,-0.6422394034776763,-0.7784127372184702,-0.25303303486844114
3.1,-0.6380833053204168,-0.7737676863368272,-0.2525440821440577
3.12,-0.6397946398557589,-0.7752345445099776,-0.24985484215994866
3.139,-0.6380833053204168,-0.7789016899428536,-0.2493658894355652
3.16,-0.6437062616508267,-0.781346453564771,-0.25205512941967423
3.18,-0.6485957888946612,-0.7820798826513461,-0.25132170033309903
3.2,-0.6471289307215109,-0.7828133117379213,-0.2535219875928246
3.22,-0.645173119823977,-0.781346453564771,-0.25327751123063286
3.237,-0.645173119823977,-0.781346453564771,-0.25327751123063286
3.26,-0.6434617852886348,-0.780368548116004,-0.2469211258136479
3.28,-0.645173119823977,-0.7798795953916206,-0.25058827124652383
3.3,-0.6444396907374018,-0.781346453564771,-0.25670018030131714
3.32,-0.6429728325642514,-0.7798795953916206,-0.2581670384744675
3.337,-0.6429728325642514,-0.7798795953916206,-0.2581670384744675
3.36,-0.6419949271154846,-0.7796351190294288,-0.2596338966476179
3.38,-0.6439507380130184,-0.7793906426672371,-0.25767808575008405
3.4,-0.6444396907374018,-0.7769458790453198,-0.2611007548207683
3.42,-0.6522629343275372,-0.78403569354888,-0.2611007548207683
3.437,-0.6522629343275372,-0.78403569354888,-0.2611007548207683
3.46,-0.632460348990007,-0.780368548116004,-0.25596675121474194
3.48,-0.6427283562020597,-0.77132292271491,-0.2510772239709073
3.5,-0.641505974391101,-0.7732787336124438,-0.25278855850624943
3.52,-0.6446841670995935,-0.7769458790453198,-0.2615897075451517
3.54,-0.6498181707056199,-0.7781682608562784,-0.26745714023775324
3.56,-0.645173119823977,-0.7791461663050454,-0.26599028206460285
3.578,-0.6495736943434282,-0.7745011154234025,-0.2647679002536442
3.6,-0.6454175961861688,-0.7691226354551844,-0.26745714023775324
3.62,-0.6422394034776763,-0.7701005409039513,-0.2652568529780277
3.64,-0.6380833053204168,-0.7727897808880604,-0.2628120893561104
3.66,-0.6449286434617852,-0.770345017266143,-0.26745714023775324
3.69,-0.6485957888946612,-0.7701005409039513,-0.27454695474131346
3.71,-0.6449286434617852,-0.7747455917855942,-0.2782141001741894
3.727,-0.6444396907374018,-0.7740121626990191,-0.27161323839501267
3.75,-0.6429728325642514,-0.7720563518014851,-0.26647923478898633
3.77,-0.6441952143752101,-0.7725453045258687,-0.26012284937200136
3.79,-0.6405280689423342,-0.764966537297925,-0.25132170033309903
3.81,-0.6405280689423342,-0.7671668245576506,-0.25205512941967423
3.827,-0.6434617852886348,-0.7691226354551844,-0.2637899948048773
3.85,-0.6459065489105522,-0.7669223481954588,-0.2772361947254225
3.87,-0.6500626470678116,-0.7681447300064175,-0.28677077285089997
3.89,-0.6576414142957553,-0.7698560645417596,-0.2972832564251444
3.91,-0.6620419888152064,-0.764966537297925,-0.3073067872750053
3.939,-0.6529963634141124,-0.7476087155823121,-0.31635241267609937
3.96,-0.6537297925006875,-0.7422302356140941,-0.3412890016196559
3.98,-0.6583748433823304,-0.760321486416282,-0.3452006234147236
4.0,-0.6410170216667176,-0.7510313846529963,-0.3498456742963665
4.017,-0.6473734070837026,-0.7251168902606729,-0.3610915869571861
4.04,-0.6598417015554808,-0.7165602175839624,-0.35522415426458454
4.06,-0.6547076979494545,-0.7092259267182104,-0.34251138343061455
4.09,-0.6603306542798643,-0.7224276502765639,-0.3332212816673288
4.11,-0.6691318033187666,-0.7158267884973871,-0.3300430889588363
4.13,-0.674265806924793,-0.7021361122146502,-0.3324878525807536
4.15,-0.6705986614919169,-0.711426213977936,-0.3229532744552761
4.167,-0.6554411270360296,-0.7190049812058796,-0.31928612902240017
4.19,-0.6652201815236989,-0.7172936466705375,-0.3197750817467836
4.21,-0.6803777159795862,-0.7148488830486203,-0.31684136540048286
4.23,-0.6838003850502704,-0.7185160284814962,-0.305839929101855
4.25,-0.6860006723099961,-0.7238945084497143,-0.28603734376432477
4.27,-0.6808666687039697,-0.7260947957094398,-0.2581670384744675
4.29,-0.6617975124530147,-0.7192494575680713,-0.24814350762460655
4.31,-0.667909421507808,-0.7172936466705375,-0.2493658894355652
4.33,-0.68233352687712,-0.7199828866546466,-0.25572227485255017
4.35,-0.689667817742872,-0.717782599394921,-0.25841151483665925
4.37,-0.6830669559636953,-0.7380741374568346,-0.25547779849035845
4.39,-0.6928460104513645,-0.7258503193472481,-0.25523332212816674
4.407,-0.699691348592733,-0.7109372612535525,-0.2478990312624148
4.43,-0.7104483085291691,-0.7075145921828683,-0.2630565657183021
4.45,-0.7219386975521804,-0.7045808758365676,-0.2598783730098096
4.48,-0.6982244904195826,-0.7172936466705375,-0.2647679002536442
4.5,-0.7033584940256089,-0.7180270757571127,-0.2762582892766556
4.52,-0.7011582067658834,-0.7170491703083458,-0.2906823946459677
4.54,-0.6867341013965712,-0.7099593558047856,-0.3065733581884301
4.557,-0.6867341013965712,-0.7099593558047856,-0.3065733581884301
4.58,-0.6830669559636953,-0.6908901995538306,-0.3092625981725392
4.6,-0.6955352504354735,-0.6811111450661614,-0.31048497998349783
4.62,-0.6943128686245148,-0.6838003850502704,-0.3195306053845919
4.64,-0.6974910613330073,-0.6838003850502704,-0.3356660452892461
4.66,-0.7018916358524585,-0.6908901995538306,-0.34104452525746415
4.68,-0.6989579195061577,-0.6754881887357516,-0.3351770925648626
4.7,-0.7158267884973871,-0.6713320905784922,-0.31781927084924977
4.72,-0.7121596430645112,-0.6639977997127403,-0.32759832533691896
4.74,-0.7302508938666993,-0.6505515997921951,-0.3476453870366409
4.76,-0.7451639519603949,-0.6630198942639733,-0.3799162668459493
4.78,-0.7568988173455978,-0.6593527488310974,-0.41463191027717505
4.797,-0.7681447300064175,-0.6637533233505485,-0.4236775356782691
4.82,-0.7659444427466919,-0.667909421507808,-0.4214772484185435
4.84,-0.7696115881795679,-0.674265806924793,-0.4224551538673105
4.87,-0.7855025517220303,-0.6657091342480824,-0.4395684992207316
4.89,-0.7842801699110717,-0.65690798520918,-0.45863765547168656
4.91,-0.77132292271491,-0.6466399779971274,-0.4686611863215475
4.93,-0.7752345445099776,-0.6407725453045259,-0.4686611863215475
4.957,-0.7793906426672371,-0.6466399779971274,-0.452770222779085
4.98,-0.7588546282431318,-0.6322158726278153,-0.44665831372429177
4.997,-0.7588546282431318,-0.6322158726278153,-0.44665831372429177
5.02,-0.7429636647006692,-0.6295266326437062,-0.4554594627631941
5.04,-0.7363628029214925,-0.6239036763132965,-0.4522812700547016
5.06,-0.7546985300858723,-0.6241481526754882,-0.4354124010634722
5.08,-0.7564098646212144,-0.6275708217461724,-0.41560981572594197
5.1,-0.7400299483543684,-0.6280597744705558,-0.4107202884821074
5.12,-0.7466308101335452,-0.6290376799193228,-0.40387495034073895
5.138,-0.7581211991565565,-0.6410170216667176,-0.3894508449714268
5.16,-0.7524982428261467,-0.638816734406992,-0.3791828377593741
5.18,-0.7463863337713534,-0.6327048253521987,-0.3652476851144455
5.2,-0.7221831739143721,-0.6368609235094582,-0.3532683433670507
5.22,-0.7119151667023195,-0.620725483604804,-0.3518014851939003
5.25,-0.7194939339302631,-0.6155914799987776,-0.34153347798184763
5.27,-0.7131375485132782,-0.6373498762338417,-0.333954710753904
5.3,-0.7004247776793081,-0.642483879839868,-0.3527793906426672
5.32,-0.7026250649390337,-0.6527518870519207,-0.34495614705253186
5.337,-0.7026250649390337,-0.6527518870519207,-0.34495614705253186
5.36,-0.7055587812853344,-0.6664425633346576,-0.3068178345506219
5.38,-0.6784219050820524,-0.6850227668612291,-0.29899459096048653
5.4,-0.6828224796015036,-0.6793998105308193,-0.29777220914952784
5.42,-0.7018916358524585,-0.6701097087675335,-0.30070592549582864
5.44,-0.7004247776793081,-0.684289337774654,-0.30266173639336247
5.46,-0.6911346759160224,-0.6918681050025975,-0.30339516547993767
5.48,-0.688689912294105,-0.6972465849708156,-0.30095040185802036
5.5,-0.6899122941050637,-0.7089814503560187,-0.29899459096048653
5.52,-0.6899122941050637,-0.7109372612535525,-0.2965498273385692
5.54,-0.6867341013965712,-0.7146044066864284,-0.29703878006295265
5.56,-0.6933349631757479,-0.721449744827797,-0.30168383094459555
5.577,-0.689667817742872,-0.7317177520398497,-0.29801668551171956
5.6,-0.6908901995538306,-0.744919475598203,-0.28799315466185865
5.62,-0.6869785777587629,-0.7515203373773798,-0.2750359074656969
5.65,-0.6749992360113681,-0.754943006448064,-0.26916847477309536
5.67,-0.6889343886562967,-0.7524982428261467,-0.2635455184426856
5.69,-0.68233352687712,-0.7539651009992971,-0.2591449439232344
5.71,-0.6789108578064358,-0.7485866210310791,-0.25376646395501634
5.727,-0.6759771414601351,-0.7466308101335452,-0.23811997677474558
5.75,-0.6520184579653454,-0.7507869082908046,-0.23200806771995233
5.77,-0.6664425633346576,-0.7483421446688873,-0.2056046206032454
5.79,-0.6740213305626012,-0.7546985300858723,-0.1904470861473581
5.81,-0.6676649451456163,-0.7564098646212144,-0.19533661339119274
5.83,-0.6735323778382177,-0.7691226354551844,-0.1968034715643431
5.85,-0.6862451486721878,-0.7681447300064175,-0.21000519512269658
5.87,-0.6879564832075299,-0.7818354062891544,-0.22516272957858385
5.89,-0.7001803013171164,-0.7918589371390153,-0.24423188582953886
5.91,-0.70775906854506,-0.803104849799835,-0.25058827124652383
5.93,-0.6904012468294471,-0.7996821807291508,-0.24178712220762155
5.959,-0.6806221923417779,-0.7806130244781957,-0.22442930049200868
5.98,-0.6659536106102741,-0.7720563518014851,-0.2029153806191364
6.0,-0.6703541851297252,-0.7701005409039513,-0.201448522445986
6.03,-0.6703541851297252,-0.7808575008403875,-0.19704794792653485
6.05,-0.6657091342480824,-0.787702838981756,-0.19166946795831677
6.08,-0.6654646578858906,-0.7886807444305228,-0.19289184976927543
6.1,-0.6617975124530147,-0.7825688353757296,-0.20267090425694465
6.117,-0.6617975124530147,-0.7825688353757296,-0.20267090425694465
6.14,-0.6459065489105522,-0.7681447300064175,-0.19704794792653485
6.16,-0.6346606362497326,-0.7696115881795679,-0.19558108975338445
6.18,-0.6241481526754882,-0.7737676863368272,-0.19949271154845216
6.2,-0.6400391162179506,-0.7710784463527183,-0.20193747517036947
6.22,-0.6591082724689057,-0.7715673990771017,-0.20902728967392964
6.24,-0.6713320905784922,-0.7754790208721694,-0.22174006050789963
6.26,-0.6771995232710937,-0.7784127372184702,-0.23371940225529445
6.28,-0.6683983742321914,-0.7771903554075115,-0.24325398038077192
6.3,-0.6705986614919169,-0.7730342572502521,-0.25132170033309903
6.32,-0.6713320905784922,-0.7715673990771017,-0.2662347584267946
6.34,-0.6674204687834245,-0.7686336827308009,-0.2765027656388473
6.357,-0.6674204687834245,-0.7686336827308009,-0.2765027656388473
6.38,-0.6740213305626012,-0.7529871955505302,-0.28188124560706534
6.4,-0.6657091342480824,-0.7517648137395715,-0.280414387433915
6.43,-0.6539742688628793,-0.7510313846529963,-0.28505943831555786
6.45,-0.6630198942639733,-0.7466308101335452,-0.2926382055435015
6.47,-0.6701097087675335,-0.7446749992360113,-0.29997249640925344
6.49,-0.6652201815236989,-0.746875286495737,-0.30241726003117075
6.507,-0.6718210433028756,-0.7419857592519024,-0.3060844054640467
6.53,-0.6754881887357516,-0.7441860465116279,-0.3031506891177459
6.55,-0.6754881887357516,-0.7410078538031354,-0.30339516547993767
6.57,-0.6784219050820524,-0.7388075665434098,-0.30021697277144516
6.59,-0.6745102832869847,-0.7388075665434098,-0.30119487822021207
6.61,-0.6747547596491764,-0.7322067047642331,-0.29801668551171956
6.63,-0.6720655196650673,-0.7353848974727256,-0.29752773278733613
6.65,-0.6757326650979433,-0.7410078538031354,-0.3046175472908963
6.67,-0.6816000977905449,-0.7383186138190263,-0.31121840907007303
6.69,-0.6801332396173945,-0.7366072792836842,-0.31268526724322343
6.71,-0.6779329523576689,-0.7422302356140941,-0.31048497998349783
6.73,-0.6698652324053418,-0.7402744247165602,-0.30412859456651287
6.747,-0.6693762796809584,-0.7285395593313572,-0.30021697277144516
6.77,-0.6715765669406839,-0.7302508938666993,-0.2916603000947346
6.79,-0.667909421507808,-0.7329401338508083,-0.2901934419215842
6.82,-0.6830669559636953,-0.7432081410628609,-0.30095040185802036
6.84,-0.6847782904990374,-0.7444305228738196,-0.3060844054640467
6.86,-0.69504629771109,-0.7493200501176542,-0.3224643217308926
6.88,-0.7187605048436879,-0.7835467408244965,-0.4124316230174495
6.897,-0.7187605048436879,-0.7835467408244965,-0.4124316230174495
6.92,-0.8312196314518839,-0.883782049323106,-0.8219295296885982
6.94,-0.7532316719127219,-0.9192311218409069,-1.0466033065427987
6.97,-0.7825688353757296,-0.9378113253674785,-1.170552822174006
6.99,-0.6906457231916389,-0.9495461907526815,-1.2216483818720778
7.01,-0.6192586254316536,-1.0664058918803287,-0.7735232099746355
7.03,-0.5312471350426305,-1.1663967240167465,-0.406564190324848
7.05,-0.4195214375210097,-0.9532133361855576,-0.5468936222229013
7.07,-0.4676832808727806,-0.7534761482749136,-0.6001894691806986
7.088,-0.6212144363291874,-0.717782599394921,-0.43932402285853983
7.11,-0.5512941967423525,-0.7950371298475079,-0.47501757173853254
7.13,-0.25670018030131714,-0.8969837728814595,-0.5500718149313938
7.15,-0.11417046114353818,-0.8940500565351588,-0.6173028145341197
7.17,-0.3077957399993888,-0.8004156098157259,-0.5960333710234391
7.2,-0.3830944595544418,-0.7128930721510863,-0.6187696727072701
7.22,-0.18995813342297466,-0.6554411270360296,-0.5938330837637136
7.25,-0.10781407572655319,-0.5371145677352321,-0.5530055312776946
7.27,-0.04449469791889497,-0.4517923173303181,-0.5547168658130367
7.287,-0.023714207132597868,-0.41829905571005105,-0.5356477095620817
7.31,-0.02933716346300767,-0.3914066558689607,-0.47599547718729945
7.33,0.008312196314518839,-0.34080004889527243,-0.45790422638511136
7.35,0.04620603245423708,-0.28603734376432477,-0.4923753934541454
7.37,0.10268007212052685,-0.2603673257341931,-0.4982428261467469
7.39,0.1902026097851664,-0.25058827124652383,-0.47281728447880694
7.41,0.2317635913577606,-0.22760749320050117,-0.4378571646853895
7.43,0.22809644592488462,-0.2390978822235125,-0.4940867279894875
7.45,0.23738654768817039,-0.27112428567062924,-0.6089906182196009
7.47,0.21685053326406503,-0.28603734376432477,-0.7302508938666993
7.49,0.22394034776762523,-0.30241726003117075,-0.7356293738349173
7.51,0.2655013293402194,-0.31855269993582497,-0.6838003850502704
7.527,0.26427894752926073,-0.3087736454481557,-0.6982244904195826
7.55,0.24472083855392232,-0.29850563823610304,-0.7632552027625829
7.57,0.27039085658405404,-0.31121840907007303,-0.7996821807291508
7.6,0.3109739327078813,-0.3444671943281484,-0.7576322464321731
7.62,0.32979861259664456,-0.3669590196497876,-0.764966537297925
7.64,0.2779696238119977,-0.35375729609143414,-0.8324420132628426
7.66,0.2735690492925465,-0.3491122452097913,-0.8383094459554442
7.677,0.2735690492925465,-0.3491122452097913,-0.8383094459554442
7.7,0.3310209944076032,-0.3173303181248663,-0.7828133117379213
7.72,0.33028756532102804,-0.31121840907007303,-0.7322067047642331
7.74,0.3549796779023928,-0.3351770925648626,-0.7128930721510863
7.76,0.3483788161232161,-0.33297680530513707,-0.7346514683861504
7.78,0.3187971762980167,-0.31439660177856554,-0.7656999663845002
7.8,0.3082846927237723,-0.31390764905418206,-0.7771903554075115
7.82,0.31048497998349783,-0.31390764905418206,-0.7659444427466919
7.84,0.34348928887938146,-0.3346881398404792,-0.7334290865751918
7.86,0.3354215689270544,-0.32979861259664456,-0.7478531919445038
7.88,0.31121840907007303,-0.31048497998349783,-0.7737676863368272
7.9,0.3354215689270544,-0.31341869632979863,-0.7774348317697033
7.917,0.3354215689270544,-0.31341869632979863,-0.7774348317697033
7.94,0.3371329034623965,-0.3053509763774715,-0.7363628029214925
7.96,0.3344436634782874,-0.31928612902240017,-0.7414968065275188
7.99,0.27943648198514803,-0.31219631451883995,-0.7759679735965529
8.01,0.29948354368486996,-0.29948354368486996,-0.7845246462732635
8.03,0.29850563823610304,-0.29459401644103533,-0.7955260825718913
8.05,0.28970448919720077,-0.308529169085964,-0.7759679735965529
8.067,0.31195183815664823,-0.3095070745347309,-0.764966537297925
8.09,0.33126547076979496,-0.31610793631390766,-0.7679002536442258
8.11,0.31195183815664823,-0.3200195581089753,-0.7952816062096996
8.13,0.3036396418421294,-0.31121840907007303,-0.7989487516425755
8.15,0.3324878525807536,-0.31292974360541514,-0.7864804571707973
8.17,0.3224643217308926,-0.31488555450294897,-0.7747455917855942
8.19,0.3310209944076032,-0.3117073617944565,-0.7639886318491581
8.21,0.34568957613910706,-0.3077957399993888,-0.754943006448064
8.23,0.32686489625034376,-0.30975155089692263,-0.7625217736760077
8.25,0.29997249640925344,-0.31048497998349783,-0.7686336827308009
8.27,0.3053509763774715,-0.31317421996760686,-0.7752345445099776
8.29,0.305839929101855,-0.3092625981725392,-0.7825688353757296
8.307,0.3014393545824038,-0.3077957399993888,-0.7784127372184702
8.33,0.34153347798184763,-0.3102405036213061,-0.7625217736760077
8.35,0.36744797237417104,-0.3077957399993888,-0.7485866210310791
8.38,0.45961556092045347,-0.3055954527396632,-0.767655777282034
8.4,0.4698835681325062,-0.29679430370076093,-0.8380649695932524
8.42,0.3791828377593741,-0.2943495400788436,-0.8999174892277603
8.44,0.3207529871955505,-0.31219631451883995,-0.8461326895455795
8.457,0.3207529871955505,-0.31219631451883995,-0.8461326895455795
8.48,0.11612627204107202,-0.44323564465360754,-0.48846377165907773
8.5,-0.43272316107936315,-0.4530146991412768,-0.4234330593160774
8.52,-1.0722733245729303,-0.4112092412064908,-0.516334076948935
8.54,-1.315771781315894,-0.28090334015829843,-0.6317269199034318
8.557,-1.315771781315894,-0.28090334015829843,-0.6317269199034318
8.58,-0.8180179078935306,-0.21440576964214772,-0.43345659016593835
8.6,-0.8681355621428353,-0.27161323839501267,-0.4733062372031904
8.62,-0.989151361427742,-0.24178712220762155,-0.5241573205390704
8.64,-0.9192311218409069,-0.1718668826207866,-0.5525165785533112
8.66,-0.8612902240014668,-0.1591541117868166,-0.49213091709195367
8.68,-0.8446658313724291,-0.1838462243681814,-0.38700608134950953
8.697,-0.8446658313724291,-0.1838462243681814,-0.38700608134950953
8.72,-0.9766830669559636,-0.20511566787886196,-0.4486141246218256
8.74,-0.9661705833817192,-0.19558108975338445,-0.43027839745744584
8.77,-0.9585918161537756,-0.19313632613146717,-0.4173211502612841
8.79,-0.9524799070989823,-0.19607004247776794,-0.4085200012223818
8.81,-0.9451456162332305,-0.20169299880817773,-0.39947437582128775
8.83,-0.9480793325795311,-0.2070714787763958,-0.39874094673471255
8.847,-0.9832839287351404,-0.20267090425694465,-0.4112092412064908
8.87,-0.9923295541362345,-0.20095956972160253,-0.424655441127036
8.89,-0.9796167833022644,-0.21220548238242215,-0.4087644775845735
8.91,-0.9241206490847416,-0.23689759496378693,-0.38431684136540045
8.93,-0.8842710020474895,-0.25278855850624943,-0.3791828377593741
8.95,-0.9084741619044708,-0.2510772239709073,-0.3940958958530697
8.98,-0.9830394523729487,-0.2324970204443358,-0.39947437582128775
8.997,-1.0243559575833512,-0.22394034776762523,-0.396540659474987
9.02,-0.962747914311035,-0.23958683494789598,-0.3967851358371787
9.038,-0.8891605292913242,-0.24594322036488098,-0.3662255905632124
9.06,-0.9153195000458393,-0.24496531491611404,-0.364758732390062
9.08,-0.9566360052562418,-0.233230449530911,-0.37771597958622377
9.1,-0.9715490633499373,-0.21391681691776426,-0.3931179904043028
9.12,-0.9529688598233658,-0.21122757693365524,-0.40558628487608106
9.15,-0.9126302600617303,-0.22442930049200868,-0.3975185649237539
9.17,-0.8779146166305045,-0.23543073679063656,-0.3806496959325245
9.2,-0.957369434342817,-0.25058827124652383,-0.36158053968156956
9.22,-0.9341441799346025,-0.25621122757693365,-0.26819056932432844
9.237,-0.9341441799346025,-0.25621122757693365,-0.26819056932432844
9.26,-0.844910307734621,-0.3219753690065092,-0.11490389023011337
9.28,-0.8060385661461358,-0.37282645234238915,-0.08972282492436512
9.3,-0.7158267884973871,-0.41683219753690065,-0.1166152247654555
9.32,-0.6055679491489167,-0.44079088103169023,-0.14937505729914738
9.337,-0.6055679491489167,-0.44079088103169023,-0.14937505729914738
9.36,-0.5600953457812547,-0.5089997860831831,-0.19558108975338445
9.38,-0.6153470036365859,-0.5740304984261834,-0.22051767869694097
9.4,-0.6967576322464322,-0.6400391162179506,-0.23396387861748616
9.42,-0.8011490389023012,-0.6701097087675335,-0.21513919872872292
9.44,-0.9106744491641964,-0.6554411270360296,-0.22589615866515905
9.46,-1.0219111939614338,-0.6427283562020597,-0.22271796595666657
9.477,-1.0219111939614338,-0.6427283562020597,-0.22271796595666657
9.5,-0.993551935947193,-0.7605659627784739,-0.3540017724536259
9.52,-0.7300064175045076,-0.8859823365828317,-0.3911621795067689
9.55,-0.5693854475445406,-0.957369434342817,-0.5067994988234575
9.57,-0.6566635088469883,-0.8850044311340647,-0.7062922103719097
9.59,-0.6901567704672554,-0.7737676863368272,-0.7718118754392934
9.61,-0.6111909054793264,-0.7375851847324512,-0.7608104391406656
9.627,-0.5493383858448186,-0.7427191883384775,-0.7412523301653271
9.65,-0.4058307612382728,-0.7412523301653271,-0.623414723588913
9.67,0.023958683494789596,-0.8845154784096813,-0.7260947957094398
9.69,0.18286831891941446,-1.133392415120863,-0.711426213977936
9.71,-0.019558108975338447,-1.2947468141674052,-0.6126577636524768
9.73,-0.579897931118785,-1.0539375974085505,-0.3940958958530697
9.75,-0.9150750236836476,-0.8637349876233842,-0.3368884271002047
9.77,-0.9233872199981664,-0.7089814503560187,-0.28750420193747517
9.79,-0.93096598722611,-0.6192586254316536,-0.23714207132597867
9.81,-0.8287748678299667,-0.5896769856064542,-0.3070623109128136
9.83,-0.6395501634935672,-0.5908993674174128,-0.38627265226293434
9.85,-0.5987226110075482,-0.6256150108486386,-0.35864682333526876
9.867,-0.5742749747883752,-0.8385539223176359,-0.14204076643339547
9.89,-0.4571707972985362,-1.1255691715307277,-0.09632368670354186
9.91,-0.6539742688628793,-1.049048070164716,-0.15402010818079026
9.94,-0.8417321150261284,-0.9669040124682945,-0.233230449530911
9.96,-0.8155731442716132,-0.872047183937903,-0.2662347584267946
9.989,-0.7605659627784739,-0.8119059988387373,-0.24252055129419675
10.01,-0.6994468722305413,-0.8180179078935306,-0.23371940225529445
10.03,-0.6581303670201387,-0.793081318949974,-0.25523332212816674
10.05,-0.6371053998716499,-0.7732787336124438,-0.2461876967270727
10.067,-0.6522629343275372,-0.7674113009198423,-0.23005225682241848
10.09,-0.6490847416190447,-0.7568988173455978,-0.2070714787763958
10.11,-0.6603306542798643,-0.7918589371390153,-0.1926473734070837
10.13,-0.6749992360113681,-0.7918589371390153,-0.23689759496378693
10.15,-0.6899122941050637,-0.7952816062096996,-0.27454695474131346
10.17,-0.6904012468294471,-0.7935702716743575,-0.2926382055435015
10.19,-0.6948018213488983,-0.8011490389023012,-0.2911713473703511
10.208,-0.6767105705467102,-0.802126944351068,-0.2789475292607646
10.23,-0.6483513125324695,-0.7972374171072334,-0.25645570393912537
10.25,-0.6383277816826085,-0.7891696971549064,-0.22589615866515905
10.27,-0.6402835925801424,-0.7749900681477859,-0.19924823518626042
10.29,-0.6273263453839807,-0.7779237844940867,-0.19313632613146717
10.32,-0.6676649451456163,-0.7879473153439477,-0.2324970204443358
10.34,-0.6380833053204168,-0.7862359808086056,-0.2503437948843321
10.37,-0.6314824435412401,-0.7789016899428536,-0.23934235858570424
10.39,-0.6427283562020597,-0.7705894936283348,-0.23005225682241848
10.407,-0.6407725453045259,-0.7757234972343612,-0.23029673318461022
10.43,-0.6322158726278153,-0.7830577881001131,-0.24349845674296366
10.45,-0.6380833053204168,-0.7771903554075115,-0.2589004675610427
10.47,-0.6537297925006875,-0.7742566390612108,-0.26892399841090364
10.49,-0.65690798520918,-0.7811019772025792,-0.27234666748158787
10.51,-0.6446841670995935,-0.7798795953916206,-0.2752803838278886
10.53,-0.6412614980289093,-0.7801240717538123,-0.27136876203282095
10.55,-0.6405280689423342,-0.7857470280842221,-0.26794609296213673
10.57,-0.6405280689423342,-0.7859915044464139,-0.2637899948048773
10.59,-0.6380833053204168,-0.7830577881001131,-0.25645570393912537
10.61,-0.6363719707850747,-0.781346453564771,-0.24838798398679826
10.63,-0.6371053998716499,-0.7781682608562784,-0.24178712220762155
10.647,-0.6400391162179506,-0.7818354062891544,-0.24349845674296366
10.67,-0.6427283562020597,-0.7837912171866882,-0.2469211258136479
10.69,-0.6483513125324695,-0.7823243590135378,-0.24985484215994866
10.72,-0.6481068361702778,-0.7847691226354552,-0.24838798398679826
10.74,-0.6471289307215109,-0.7825688353757296,-0.24838798398679826
10.76,-0.6510405525165786,-0.7808575008403875,-0.2542554166793998
10.78,-0.6510405525165786,-0.7808575008403875,-0.25327751123063286
10.797,-0.6510405525165786,-0.7808575008403875,-0.25327751123063286
10.82,-0.6444396907374018,-0.7833022644623048,-0.24398740946734712
10.84,-0.6512850288787703,-0.7837912171866882,-0.2408092167588546
10.86,-0.6498181707056199,-0.787702838981756,-0.24398740946734712
10.88,-0.6503071234300033,-0.7852580753598386,-0.24325398038077192
10.897,-0.6503071234300033,-0.7852580753598386,-0.24325398038077192
10.92,-0.6498181707056199,-0.7850135989976469,-0.24569874400268923
10.94,-0.6485957888946612,-0.7889252207927145,-0.23469730770406136
10.96,-0.645173119823977,-0.7835467408244965,-0.2327414968065275
10.98,-0.6556856033982215,-0.7828133117379213,-0.2430095040185802
11.009,-0.6608196070042478,-0.7945481771231244,-0.23763102405036213
11.03,-0.6349051126119243,-0.7874583626195643,-0.23445283134186962
11.05,-0.6366164471472664,-0.7762124499587446,-0.23445283134186962
11.07,-0.6507960761543868,-0.7715673990771017,-0.2324970204443358
11.1,-0.6498181707056199,-0.7815909299269627,-0.2342083549796779
11.12,-0.6542187452250711,-0.7786572135806619,-0.23078568590899368
11.15,-0.6551966506738379,-0.7842801699110717,-0.23567521315282827
11.17,-0.6564190324847966,-0.7818354062891544,-0.23787550041255387
11.187,-0.6581303670201387,-0.7781682608562784,-0.24203159856981327
11.21,-0.6620419888152064,-0.7784127372184702,-0.24496531491611404
11.23,-0.6581303670201387,-0.7781682608562784,-0.24961036579775692
11.25,-0.6608196070042478,-0.7769458790453198,-0.25205512941967423
11.27,-0.6598417015554808,-0.7784127372184702,-0.2518106530574825
11.29,-0.6593527488310974,-0.7791461663050454,-0.2510772239709073
11.31,-0.6610640833664395,-0.7806130244781957,-0.24814350762460655
11.33,-0.6571524615713717,-0.7808575008403875,-0.24838798398679826
11.35,-0.6547076979494545,-0.7842801699110717,-0.24667664945145615
11.37,-0.6561745561226049,-0.7837912171866882,-0.2478990312624148
11.39,-0.65690798520918,-0.7808575008403875,-0.24985484215994866
11.41,-0.6556856033982215,-0.7742566390612108,-0.25132170033309903
11.428,-0.6512850288787703,-0.7745011154234025,-0.2476545549002231
11.45,-0.6547076979494545,-0.7740121626990191,-0.24863246034899
11.47,-0.6593527488310974,-0.7752345445099776,-0.25572227485255017
11.49,-0.657885890657947,-0.7740121626990191,-0.25767808575008405
11.51,-0.6542187452250711,-0.7757234972343612,-0.2574336093878923
11.54,-0.6520184579653454,-0.7759679735965529,-0.2510772239709073
11.56,-0.6495736943434282,-0.7745011154234025,-0.25498884576597497
11.577,-0.6495736943434282,-0.7745011154234025,-0.25498884576597497
11.6,-0.6507960761543868,-0.7837912171866882,-0.2542554166793998
11.62,-0.635149588974116,-0.7781682608562784,-0.2493658894355652
11.64,-0.6397946398557589,-0.7679002536442258,-0.24667664945145615
11.66,-0.647862359808086,-0.7730342572502521,-0.2493658894355652
11.68,-0.6529963634141124,-0.7779237844940867,-0.25376646395501634
11.7,-0.6517739816031537,-0.7754790208721694,-0.25523332212816674
11.72,-0.6471289307215109,-0.776701402683128,-0.25596675121474194
11.74,-0.6549521743116462,-0.786724933532989,-0.2535219875928246
11.76,-0.6561745561226049,-0.7757234972343612,-0.2510772239709073
11.78,-0.6454175961861688,-0.7781682608562784,-0.2478990312624148
11.8,-0.6510405525165786,-0.7818354062891544,-0.24447636219173058
11.818,-0.6510405525165786,-0.7818354062891544,-0.24447636219173058
11.84,-0.6402835925801424,-0.776701402683128,-0.2454542676404975
11.86,-0.6490847416190447,-0.7825688353757296,-0.2476545549002231
11.88,-0.6512850288787703,-0.7828133117379213,-0.25303303486844114
11.9,-0.6507960761543868,-0.7793906426672371,-0.2542554166793998
11.93,-0.6527518870519207,-0.7820798826513461,-0.2503437948843321
11.95,-0.651529505240962,-0.7855025517220303,-0.2518106530574825
11.967,-0.6468844543593191,-0.7857470280842221,-0.24814350762460655
11.99,-0.6471289307215109,-0.781346453564771,-0.24472083855392232
12.019,-0.641505974391101,-0.7845246462732635,-0.24643217308926443
12.04,-0.6517739816031537,-0.7845246462732635,-0.25132170033309903
12.06,-0.6476178834458943,-0.78403569354888,-0.24887693671118175
12.08,-0.6407725453045259,-0.7825688353757296,-0.2518106530574825
12.1,-0.645173119823977,-0.781346453564771,-0.25376646395501634
12.117,-0.645173119823977,-0.781346453564771,-0.25376646395501634
12.14,-0.6439507380130184,-0.777679308131895,-0.25596675121474194
12.159,-0.648840265256853,-0.7811019772025792,-0.2620786602695352
12.18,-0.647862359808086,-0.7869694098951807,-0.2611007548207683
12.2,-0.6319713962656236,-0.786724933532989,-0.25303303486844114
12.22,-0.6314824435412401,-0.7740121626990191,-0.24887693671118175
12.24,-0.6407725453045259,-0.7718118754392934,-0.25229960578186594
12.257,-0.6407725453045259,-0.7718118754392934,-0.25229960578186594
12.28,-0.6446841670995935,-0.7793906426672371,-0.26427894752926073
12.3,-0.6471289307215109,-0.7842801699110717,-0.2628120893561104
12.32,-0.6456620725483605,-0.787702838981756,-0.2606118020963848
12.34,-0.6473734070837026,-0.7837912171866882,-0.25767808575008405
12.357,-0.6473734070837026,-0.7837912171866882,-0.25767808575008405
12.38,-0.6383277816826085,-0.7774348317697033,-0.25278855850624943
12.4,-0.6366164471472664,-0.7769458790453198,-0.2508327476087156
12.46,-0.6444396907374018,-0.780368548116004,-0.2647679002536442
12.48,-0.636127494422883,-0.7798795953916206,-0.26501237661583593
12.5,-0.6395501634935672,-0.7818354062891544,-0.2618341839073435
12.52,-0.6434617852886348,-0.7789016899428536,-0.2625676129939186
12.54,-0.6385722580448003,-0.7828133117379213,-0.2618341839073435
12.56,-0.6375943525960334,-0.7837912171866882,-0.2581670384744675
12.58,-0.6393056871313755,-0.78403569354888,-0.25621122757693365
12.598,-0.6393056871313755,-0.78403569354888,-0.25621122757693365
12.62,-0.6378388289582251,-0.781346453564771,-0.2603673257341931
12.64,-0.6378388289582251,-0.7793906426672371,-0.2625676129939186
12.66,-0.6407725453045259,-0.7784127372184702,-0.2618341839073435
12.68,-0.6432173089264431,-0.7823243590135378,-0.2635455184426856
12.71,-0.6429728325642514,-0.7857470280842221,-0.25865599119885097
12.73,-0.6402835925801424,-0.7798795953916206,-0.25865599119885097
12.747,-0.6390612107691838,-0.781346453564771,-0.26012284937200136
12.77,-0.6466399779971274,-0.7835467408244965,-0.26599028206460285
12.79,-0.6373498762338417,-0.7891696971549064,-0.2630565657183021
12.81,-0.6280597744705558,-0.7742566390612108,-0.2606118020963848
12.83,-0.6393056871313755,-0.772300828163677,-0.26012284937200136
12.85,-0.6383277816826085,-0.7818354062891544,-0.2628120893561104
12.87,-0.6454175961861688,-0.7815909299269627,-0.264034471167069
12.89,-0.6520184579653454,-0.78403569354888,-0.264034471167069
12.91,-0.6446841670995935,-0.7874583626195643,-0.2606118020963848
12.93,-0.645173119823977,-0.7823243590135378,-0.2596338966476179
12.95,-0.638816734406992,-0.7808575008403875,-0.26134523118296
12.97,-0.6380833053204168,-0.7793906426672371,-0.2606118020963848
12.988,-0.6400391162179506,-0.7806130244781957,-0.25621122757693365
13.01,-0.6363719707850747,-0.7793906426672371,-0.2591449439232344
13.039,-0.6405280689423342,-0.780368548116004,-0.2630565657183021
13.06,-0.6405280689423342,-0.780368548116004,-0.26843504568652016
13.08,-0.6402835925801424,-0.7801240717538123,-0.26819056932432844
13.1,-0.6407725453045259,-0.7793906426672371,-0.26574580570241113
13.12,-0.6371053998716499,-0.7818354062891544,-0.2625676129939186
13.137,-0.6371053998716499,-0.7818354062891544,-0.2625676129939186
13.16,-0.6393056871313755,-0.7798795953916206,-0.2625676129939186
13.18,-0.6383277816826085,-0.7791461663050454,-0.2623231366317269
13.2,-0.6339272071631574,-0.7828133117379213,-0.2603673257341931
13.22,-0.6371053998716499,-0.7825688353757296,-0.2628120893561104
13.24,-0.638816734406992,-0.7823243590135378,-0.2630565657183021
13.26,-0.6393056871313755,-0.7754790208721694,-0.2608562784585765
13.28,-0.6385722580448003,-0.78403569354888,-0.25523332212816674
13.3,-0.6371053998716499,-0.7847691226354552,-0.25156617669529074
13.32,-0.6371053998716499,-0.7823243590135378,-0.2591449439232344
13.34,-0.6468844543593191,-0.7869694098951807,-0.26745714023775324
13.36,-0.636127494422883,-0.7874583626195643,-0.264034471167069
13.378,-0.636127494422883,-0.7874583626195643,-0.264034471167069
13.4,-0.6378388289582251,-0.7764569263209363,-0.25376646395501634
13.42,-0.6371053998716499,-0.7806130244781957,-0.25303303486844114
13.44,-0.6339272071631574,-0.7837912171866882,-0.2525440821440577
13.46,-0.6437062616508267,-0.786724933532989,-0.2510772239709073
13.49,-0.6410170216667176,-0.7908810316902485,-0.2508327476087156
13.51,-0.6368609235094582,-0.7886807444305228,-0.2508327476087156
13.527,-0.6378388289582251,-0.7847691226354552,-0.25376646395501634
13.55,-0.6331937780765822,-0.7820798826513461,-0.2535219875928246
13.57,-0.6302600617302815,-0.7798795953916206,-0.2518106530574825
13.59,-0.6356385416984995,-0.7825688353757296,-0.2510772239709073
13.61,-0.6373498762338417,-0.7872138862573724,-0.24985484215994866
13.63,-0.6397946398557589,-0.7872138862573724,-0.25205512941967423
13.65,-0.6385722580448003,-0.7864804571707973,-0.2542554166793998
13.67,-0.6383277816826085,-0.787702838981756,-0.25670018030131714
13.69,-0.6427283562020597,-0.7852580753598386,-0.25718913302570057
13.71,-0.6390612107691838,-0.7864804571707973,-0.25718913302570057
13.73,-0.6371053998716499,-0.7842801699110717,-0.25572227485255017
13.75,-0.641505974391101,-0.7828133117379213,-0.2525440821440577
13.768,-0.6393056871313755,-0.7859915044464139,-0.25229960578186594
13.79,-0.6395501634935672,-0.7833022644623048,-0.25278855850624943
13.81,-0.6395501634935672,-0.7837912171866882,-0.2535219875928246
13.83,-0.641505974391101,-0.7820798826513461,-0.25523332212816674
13.85,-0.6405280689423342,-0.7808575008403875,-0.25523332212816674
13.88,-0.6353940653363078,-0.7837912171866882,-0.25621122757693365
13.9,-0.6459065489105522,-0.7823243590135378,-0.26721266387556153
13.917,-0.6459065489105522,-0.7823243590135378,-0.26721266387556153
13.94,-0.6268373926595973,-0.7899031262414815,-0.2574336093878923
13.96,-0.6263484399352137,-0.7793906426672371,-0.25449989304159154
13.98,-0.6429728325642514,-0.7762124499587446,-0.2542554166793998
14.0,-0.6385722580448003,-0.7806130244781957,-0.25718913302570057
14.02,-0.6397946398557589,-0.7820798826513461,-0.2581670384744675
14.049,-0.6461510252727439,-0.7872138862573724,-0.2589004675610427
14.07,-0.6461510252727439,-0.7889252207927145,-0.25547779849035845
14.09,-0.6395501634935672,-0.787702838981756,-0.25474436940378326
14.109,-0.6417504507532927,-0.7818354062891544,-0.25670018030131714
14.13,-0.6397946398557589,-0.7818354062891544,-0.25498884576597497
14.15,-0.6317269199034318,-0.7823243590135378,-0.25401094031720806
14.17,-0.6378388289582251,-0.7798795953916206,-0.25401094031720806
14.19,-0.638816734406992,-0.7818354062891544,-0.26012284937200136
14.207,-0.6395501634935672,-0.7825688353757296,-0.2652568529780277
14.23,-0.6375943525960334,-0.7825688353757296,-0.26721266387556153
14.25,-0.6383277816826085,-0.7806130244781957,-0.26745714023775324
14.27,-0.6371053998716499,-0.7808575008403875,-0.2647679002536442
14.29,-0.6363719707850747,-0.7830577881001131,-0.2596338966476179
14.307,-0.6353940653363078,-0.7847691226354552,-0.25938942028542616
14.33,-0.6385722580448003,-0.7815909299269627,-0.2581670384744675
14.35,-0.6378388289582251,-0.7825688353757296,-0.2606118020963848
14.37,-0.6353940653363078,-0.78403569354888,-0.2633010420804938
14.39,-0.6410170216667176,-0.7791461663050454,-0.2623231366317269
14.41,-0.6397946398557589,-0.7779237844940867,-0.2635455184426856
14.43,-0.636127494422883,-0.7820798826513461,-0.2635455184426856
14.45,-0.6402835925801424,-0.7820798826513461,-0.2606118020963848
14.47,-0.6393056871313755,-0.7786572135806619,-0.26647923478898633
14.49,-0.6485957888946612,-0.7857470280842221,-0.27234666748158787
14.51,-0.6373498762338417,-0.7879473153439477,-0.26599028206460285
14.53,-0.6182807199828867,-0.7781682608562784,-0.25547779849035845
14.548,-0.6331937780765822,-0.7679002536442258,-0.2542554166793998
14.57,-0.6397946398557589,-0.7771903554075115,-0.2633010420804938
14.59,-0.638816734406992,-0.780368548116004,-0.26965742749747884
14.61,-0.6454175961861688,-0.7808575008403875,-0.26892399841090364
14.63,-0.6456620725483605,-0.786724933532989,-0.26599028206460285
14.66,-0.6400391162179506,-0.7811019772025792,-0.25718913302570057
14.68,-0.6363719707850747,-0.7811019772025792,-0.25841151483665925
14.697,-0.6363719707850747,-0.7811019772025792,-0.25841151483665925
14.72,-0.6353940653363078,-0.7796351190294288,-0.25572227485255017
14.74,-0.6363719707850747,-0.7815909299269627,-0.2611007548207683
14.76,-0.6397946398557589,-0.7823243590135378,-0.264034471167069
14.78,-0.6410170216667176,-0.7815909299269627,-0.26794609296213673
14.8,-0.6410170216667176,-0.7793906426672371,-0.26819056932432844
14.82,-0.6417504507532927,-0.780368548116004,-0.26819056932432844
14.84,-0.6373498762338417,-0.7835467408244965,-0.26647923478898633
14.86,-0.6402835925801424,-0.7815909299269627,-0.26134523118296
14.88,-0.6380833053204168,-0.780368548116004,-0.2581670384744675
14.9,-0.635149588974116,-0.7818354062891544,-0.2589004675610427
14.92,-0.641505974391101,-0.7825688353757296,-0.25938942028542616
14.938,-0.641505974391101,-0.7825688353757296,-0.25938942028542616
14.96,-0.6400391162179506,-0.7796351190294288,-0.26134523118296
14.98,-0.6407725453045259,-0.7749900681477859,-0.2618341839073435
15.0,-0.6405280689423342,-0.780368548116004,-0.2655013293402194
15.02,-0.638816734406992,-0.7806130244781957,-0.2620786602695352
15.059,-0.6383277816826085,-0.7759679735965529,-0.2645234238914525
15.08,-0.6407725453045259,-0.7891696971549064,-0.2686795220487119
15.1,-0.619747578156037,-0.7811019772025792,-0.25621122757693365
15.12,-0.6297711090058979,-0.7705894936283348,-0.25474436940378326
15.137,-0.6297711090058979,-0.7705894936283348,-0.25474436940378326
15.16,-0.6419949271154846,-0.7798795953916206,-0.27210219111939615
15.18,-0.6446841670995935,-0.7811019772025792,-0.26843504568652016
15.2,-0.6437062616508267,-0.7859915044464139,-0.26745714023775324
15.22,-0.641505974391101,-0.7830577881001131,-0.264034471167069
15.24,-0.6378388289582251,-0.7764569263209363,-0.2606118020963848
15.26,-0.6395501634935672,-0.7747455917855942,-0.2618341839073435
15.279,-0.6366164471472664,-0.776701402683128,-0.2628120893561104
15.3,-0.6309934908168566,-0.7779237844940867,-0.26501237661583593
15.32,-0.6390612107691838,-0.7786572135806619,-0.26599028206460285
15.34,-0.6402835925801424,-0.7820798826513461,-0.26965742749747884
15.36,-0.6407725453045259,-0.7808575008403875,-0.27014638022186227
15.377,-0.6407725453045259,-0.7808575008403875,-0.27014638022186227
15.4,-0.6395501634935672,-0.7789016899428536,-0.26721266387556153
15.42,-0.6380833053204168,-0.777679308131895,-0.26574580570241113
15.44,-0.6400391162179506,-0.7793906426672371,-0.2630565657183021
15.46,-0.6366164471472664,-0.781346453564771,-0.2591449439232344
15.477,-0.6366164471472664,-0.781346453564771,-0.2591449439232344
15.5,-0.6410170216667176,-0.7837912171866882,-0.2635455184426856
15.52,-0.6402835925801424,-0.781346453564771,-0.26843504568652016
15.54,-0.6383277816826085,-0.7796351190294288,-0.26794609296213673
15.56,-0.6334382544387739,-0.7791461663050454,-0.26647923478898633
15.58,-0.6383277816826085,-0.7759679735965529,-0.2652568529780277
15.6,-0.6368609235094582,-0.7789016899428536,-0.26721266387556153
15.62,-0.6385722580448003,-0.7828133117379213,-0.26672371115117804
15.64,-0.6366164471472664,-0.7798795953916206,-0.2694129511352871
15.66,-0.645173119823977,-0.7818354062891544,-0.27454695474131346
15.68,-0.6446841670995935,-0.7879473153439477,-0.2647679002536442
15.7,-0.6251260581242551,-0.7857470280842221,-0.25621122757693365
15.718,-0.6251260581242551,-0.7857470280842221,-0.25621122757693365
15.74,-0.6353940653363078,-0.7781682608562784,-0.2608562784585765
15.76,-0.6383277816826085,-0.7793906426672371,-0.2633010420804938
15.78,-0.6402835925801424,-0.7806130244781957,-0.264034471167069
15.8,-0.6395501634935672,-0.7833022644623048,-0.2645234238914525
15.83,-0.6383277816826085,-0.786724933532989,-0.26134523118296
15.85,-0.6405280689423342,-0.7842801699110717,-0.26134523118296
15.867,-0.6419949271154846,-0.7835467408244965,-0.2589004675610427
15.89,-0.6339272071631574,-0.7806130244781957,-0.25572227485255017
15.91,-0.632460348990007,-0.7796351190294288,-0.25449989304159154
15.93,-0.6349051126119243,-0.7806130244781957,-0.25670018030131714
15.95,-0.6307490144546649,-0.7828133117379213,-0.2574336093878923
15.97,-0.6358830180606913,-0.7823243590135378,-0.2603673257341931
15.99,-0.6346606362497326,-0.7842801699110717,-0.2625676129939186
16.01,-0.635149588974116,-0.7874583626195643,-0.2611007548207683
16.03,-0.6378388289582251,-0.7852580753598386,-0.2598783730098096
16.05,-0.6378388289582251,-0.7852580753598386,-0.2618341839073435
16.079,-0.6397946398557589,-0.7859915044464139,-0.25767808575008405
16.1,-0.6385722580448003,-0.7859915044464139,-0.25498884576597497
16.12,-0.6334382544387739,-0.7855025517220303,-0.2518106530574825
16.14,-0.6297711090058979,-0.7842801699110717,-0.25205512941967423
16.157,-0.6297711090058979,-0.7842801699110717,-0.25205512941967423
16.18,-0.6368609235094582,-0.78403569354888,-0.2608562784585765
16.2,-0.636127494422883,-0.7811019772025792,-0.2669681875133698
16.22,-0.6366164471472664,-0.7855025517220303,-0.26965742749747884
16.24,-0.6366164471472664,-0.7842801699110717,-0.26794609296213673
16.257,-0.6366164471472664,-0.7842801699110717,-0.26794609296213673
16.28,-0.6417504507532927,-0.7847691226354552,-0.267701616599945
16.3,-0.6280597744705558,-0.7855025517220303,-0.2518106530574825
16.32,-0.6209699599669957,-0.7833022644623048,-0.24643217308926443
16.34,-0.6353940653363078,-0.7737676863368272,-0.2476545549002231
16.36,-0.6344161598875409,-0.7769458790453198,-0.24887693671118175
16.38,-0.6358830180606913,-0.7779237844940867,-0.2508327476087156
16.4,-0.641505974391101,-0.7747455917855942,-0.25449989304159154
16.42,-0.6432173089264431,-0.7789016899428536,-0.2611007548207683
16.44,-0.6437062616508267,-0.7820798826513461,-0.27381352565473827
16.46,-0.6466399779971274,-0.7835467408244965,-0.28310362741802403
16.48,-0.6463955016349356,-0.7833022644623048,-0.28481496195336614
16.498,-0.6463955016349356,-0.7833022644623048,-0.28481496195336614
16.52,-0.6349051126119243,-0.7774348317697033,-0.2645234238914525
16.54,-0.6358830180606913,-0.7769458790453198,-0.2596338966476179
16.56,-0.6368609235094582,-0.7825688353757296,-0.2525440821440577
16.58,-0.6405280689423342,-0.786724933532989,-0.2525440821440577
16.61,-0.6463955016349356,-0.7906365553280567,-0.2510772239709073
16.63,-0.6461510252727439,-0.7911255080524402,-0.24667664945145615
16.647,-0.6427283562020597,-0.7918589371390153,-0.24594322036488098
16.67,-0.642483879839868,-0.7903920789658649,-0.24398740946734712
16.69,-0.6463955016349356,-0.7852580753598386,-0.24496531491611404
16.71,-0.6407725453045259,-0.7833022644623048,-0.2461876967270727
16.73,-0.6437062616508267,-0.7835467408244965,-0.24667664945145615
16.75,-0.6459065489105522,-0.7818354062891544,-0.25449989304159154
16.77,-0.6434617852886348,-0.7828133117379213,-0.2608562784585765
16.79,-0.6463955016349356,-0.7786572135806619,-0.26574580570241113
16.81,-0.6459065489105522,-0.7781682608562784,-0.26843504568652016
16.83,-0.641505974391101,-0.7818354062891544,-0.26672371115117804
16.85,-0.6371053998716499,-0.7793906426672371,-0.2630565657183021
16.87,-0.6444396907374018,-0.7759679735965529,-0.26427894752926073
16.888,-0.6505515997921951,-0.7847691226354552,-0.2633010420804938
16.91,-0.6287932035571311,-0.7845246462732635,-0.25058827124652383
16.93,-0.6177917672585032,-0.7752345445099776,-0.2478990312624148
16.95,-0.6410170216667176,-0.7710784463527183,-0.25327751123063286
16.97,-0.6429728325642514,-0.776701402683128,-0.2603673257341931
17.0,-0.6375943525960334,-0.7740121626990191,-0.25523332212816674
17.02,-0.6446841670995935,-0.7730342572502521,-0.25792256211227577
17.037,-0.6446841670995935,-0.7730342572502521,-0.25792256211227577
17.06,-0.6537297925006875,-0.7769458790453198,-0.2862818201265165
17.089,-0.648840265256853,-0.7749900681477859,-0.28579286740213306
17.11,-0.6385722580448003,-0.7747455917855942,-0.27308009656816307
17.13,-0.6322158726278153,-0.7725453045258687,-0.26427894752926073
17.15,-0.6400391162179506,-0.7752345445099776,-0.2618341839073435
17.17,-0.6402835925801424,-0.7754790208721694,-0.26892399841090364
17.19,-0.6444396907374018,-0.7791461663050454,-0.26916847477309536
17.21,-0.6454175961861688,-0.780368548116004,-0.26745714023775324
17.229,-0.6500626470678116,-0.7835467408244965,-0.2637899948048773
17.25,-0.6456620725483605,-0.7833022644623048,-0.2596338966476179
17.27,-0.6446841670995935,-0.7806130244781957,-0.25474436940378326
17.29,-0.6473734070837026,-0.7791461663050454,-0.25938942028542616
17.31,-0.6495736943434282,-0.7828133117379213,-0.2625676129939186
17.327,-0.6463955016349356,-0.7791461663050454,-0.2637899948048773
17.35,-0.6476178834458943,-0.780368548116004,-0.2611007548207683
17.37,-0.6473734070837026,-0.7801240717538123,-0.25767808575008405
17.39,-0.645173119823977,-0.7779237844940867,-0.26012284937200136
17.41,-0.6439507380130184,-0.7745011154234025,-0.26427894752926073
17.427,-0.6383277816826085,-0.7749900681477859,-0.2647679002536442
17.45,-0.6427283562020597,-0.7774348317697033,-0.2645234238914525
17.47,-0.6434617852886348,-0.7749900681477859,-0.26672371115117804
17.49,-0.6466399779971274,-0.776701402683128,-0.27308009656816307
17.51,-0.6446841670995935,-0.78403569354888,-0.27136876203282095
17.527,-0.627081869021789,-0.7796351190294288,-0.2635455184426856
17.55,-0.6317269199034318,-0.7701005409039513,-0.2589004675610427
17.57,-0.6419949271154846,-0.772300828163677,-0.2647679002536442
17.59,-0.642483879839868,-0.7798795953916206,-0.27136876203282095
17.61,-0.6429728325642514,-0.7781682608562784,-0.26892399841090364
17.63,-0.6405280689423342,-0.7830577881001131,-0.2620786602695352
17.65,-0.6395501634935672,-0.7855025517220303,-0.25645570393912537
17.668,-0.6373498762338417,-0.78403569354888,-0.25523332212816674
17.69,-0.6344161598875409,-0.7801240717538123,-0.25865599119885097
17.71,-0.635149588974116,-0.7771903554075115,-0.25792256211227577
17.73,-0.6317269199034318,-0.776701402683128,-0.2608562784585765
17.75,-0.6353940653363078,-0.7779237844940867,-0.267701616599945
17.78,-0.6346606362497326,-0.7774348317697033,-0.27161323839501267
17.8,-0.6373498762338417,-0.7779237844940867,-0.2694129511352871
17.817,-0.6373498762338417,-0.7779237844940867,-0.2694129511352871
17.84,-0.6366164471472664,-0.7830577881001131,-0.2662347584267946
17.86,-0.6356385416984995,-0.7820798826513461,-0.267701616599945
17.88,-0.6349051126119243,-0.7823243590135378,-0.26892399841090364
17.9,-0.6373498762338417,-0.7801240717538123,-0.2694129511352871
17.917,-0.6373498762338417,-0.7801240717538123,-0.2694129511352871
17.94,-0.6339272071631574,-0.7806130244781957,-0.26843504568652016
17.96,-0.6336827308009657,-0.780368548116004,-0.2718577147572044
17.98,-0.6366164471472664,-0.7806130244781957,-0.27136876203282095
18.0,-0.6344161598875409,-0.776701402683128,-0.27161323839501267
18.02,-0.6385722580448003,-0.7754790208721694,-0.26916847477309536
18.04,-0.6349051126119243,-0.7798795953916206,-0.27087980930843747
18.058,-0.6349051126119243,-0.7798795953916206,-0.27087980930843747
18.08,-0.6393056871313755,-0.7781682608562784,-0.27112428567062924
18.109,-0.6446841670995935,-0.7842801699110717,-0.2765027656388473
18.13,-0.636127494422883,-0.7879473153439477,-0.27308009656816307
18.15,-0.6195031017938453,-0.777679308131895,-0.2647679002536442
18.17,-0.6346606362497326,-0.7666778718332671,-0.2628120893561104
18.19,-0.6358830180606913,-0.7762124499587446,-0.26721266387556153
18.207,-0.6407725453045259,-0.7769458790453198,-0.27210219111939615
18.23,-0.6422394034776763,-0.7820798826513461,-0.27014638022186227
18.25,-0.6395501634935672,-0.7879473153439477,-0.27014638022186227
18.27,-0.6441952143752101,-0.7833022644623048,-0.27014638022186227
18.29,-0.6434617852886348,-0.7796351190294288,-0.27063533294624575
18.307,-0.6344161598875409,-0.777679308131895,-0.26794609296213673
18.33,-0.6322158726278153,-0.7757234972343612,-0.2623231366317269
18.35,-0.6363719707850747,-0.7762124499587446,-0.2637899948048773
18.37,-0.6353940653363078,-0.7786572135806619,-0.267701616599945
18.39,-0.6380833053204168,-0.7786572135806619,-0.26892399841090364
18.41,-0.6373498762338417,-0.7806130244781957,-0.27136876203282095
18.43,-0.6439507380130184,-0.7806130244781957,-0.2718577147572044
18.448,-0.642483879839868,-0.7811019772025792,-0.27308009656816307
18.47,-0.6380833053204168,-0.780368548116004,-0.26721266387556153
18.49,-0.636127494422883,-0.7818354062891544,-0.2618341839073435
18.51,-0.6363719707850747,-0.7811019772025792,-0.2615897075451517
18.53,-0.6375943525960334,-0.7798795953916206,-0.2623231366317269
18.56,-0.638816734406992,-0.7771903554075115,-0.2662347584267946
18.58,-0.6366164471472664,-0.7786572135806619,-0.2647679002536442
18.61,-0.6393056871313755,-0.7815909299269627,-0.2615897075451517
18.63,-0.638816734406992,-0.7801240717538123,-0.25841151483665925
18.647,-0.6390612107691838,-0.7808575008403875,-0.2611007548207683
18.67,-0.6383277816826085,-0.7798795953916206,-0.2652568529780277
18.69,-0.6393056871313755,-0.7823243590135378,-0.2635455184426856
18.71,-0.6356385416984995,-0.7789016899428536,-0.2625676129939186
18.73,-0.6429728325642514,-0.7825688353757296,-0.2662347584267946
18.75,-0.638816734406992,-0.7842801699110717,-0.25938942028542616
18.77,-0.6307490144546649,-0.7825688353757296,-0.2598783730098096
18.79,-0.6412614980289093,-0.7820798826513461,-0.2598783730098096
18.81,-0.6407725453045259,-0.7796351190294288,-0.2615897075451517
18.83,-0.638816734406992,-0.7847691226354552,-0.2628120893561104
18.85,-0.6397946398557589,-0.7842801699110717,-0.2633010420804938
18.87,-0.6432173089264431,-0.7881917917061394,-0.2608562784585765
18.887,-0.6400391162179506,-0.7869694098951807,-0.2581670384744675
18.91,-0.6380833053204168,-0.7837912171866882,-0.2574336093878923
18.93,-0.6378388289582251,-0.7830577881001131,-0.25572227485255017
18.96,-0.6373498762338417,-0.78403569354888,-0.25498884576597497
18.98,-0.6353940653363078,-0.7837912171866882,-0.25694465666350885
19.0,-0.6366164471472664,-0.7828133117379213,-0.26134523118296
19.02,-0.6390612107691838,-0.7825688353757296,-0.2635455184426856
19.037,-0.6390612107691838,-0.7825688353757296,-0.2635455184426856
19.06,-0.6334382544387739,-0.7855025517220303,-0.25767808575008405
19.08,-0.6339272071631574,-0.787702838981756,-0.25376646395501634
19.1,-0.6358830180606913,-0.7894141735170981,-0.2542554166793998
19.129,-0.6341716835253491,-0.7859915044464139,-0.25694465666350885
19.15,-0.6373498762338417,-0.786724933532989,-0.25449989304159154
19.17,-0.6356385416984995,-0.7881917917061394,-0.25523332212816674
19.19,-0.6363719707850747,-0.787702838981756,-0.25523332212816674
19.21,-0.6329493017143905,-0.7886807444305228,-0.25474436940378326
19.228,-0.6319713962656236,-0.7859915044464139,-0.25718913302570057
19.25,-0.6305045380924732,-0.7857470280842221,-0.25841151483665925
19.27,-0.6309934908168566,-0.7862359808086056,-0.25596675121474194
19.29,-0.6287932035571311,-0.7859915044464139,-0.2510772239709073
19.31,-0.6283042508327475,-0.787702838981756,-0.25132170033309903
19.34,-0.6273263453839807,-0.786724933532989,-0.25376646395501634
19.36,-0.6305045380924732,-0.7857470280842221,-0.26134523118296
19.39,-0.6295266326437062,-0.7945481771231244,-0.2591449439232344
19.41,-0.6214589126913791,-0.7925923662255906,-0.25596675121474194
19.427,-0.632460348990007,-0.7825688353757296,-0.25303303486844114
19.45,-0.626103963573022,-0.7874583626195643,-0.2574336093878923
19.47,-0.6339272071631574,-0.7899031262414815,-0.26427894752926073
19.49,-0.638816734406992,-0.7908810316902485,-0.26599028206460285
19.51,-0.636127494422883,-0.7943037007609327,-0.2662347584267946
19.53,-0.6302600617302815,-0.7903920789658649,-0.2635455184426856
19.55,-0.632460348990007,-0.7864804571707973,-0.2611007548207683
19.57,-0.6246371053998716,-0.7845246462732635,-0.2591449439232344
19.59,-0.620725483604804,-0.7845246462732635,-0.25792256211227577
19.61,-0.6219478654157626,-0.7828133117379213,-0.2603673257341931
19.63,-0.6285487271949394,-0.7847691226354552,-0.26501237661583593
19.65,-0.627081869021789,-0.7879473153439477,-0.26672371115117804
19.667,-0.6278152981083641,-0.7889252207927145,-0.26892399841090364
19.69,-0.6305045380924732,-0.787702838981756,-0.27039085658405404
19.71,-0.6258594872108303,-0.786724933532989,-0.26843504568652016
19.74,-0.6212144363291874,-0.7872138862573724,-0.2647679002536442
19.76,-0.6239036763132965,-0.7862359808086056,-0.26012284937200136
19.78,-0.6248815817620633,-0.7859915044464139,-0.2623231366317269
19.8,-0.6243926290376799,-0.7906365553280567,-0.26647923478898633
19.817,-0.6273263453839807,-0.7874583626195643,-0.26647923478898633
19.84,-0.6314824435412401,-0.7847691226354552,-0.2735690492925465
19.86,-0.6314824435412401,-0.7864804571707973,-0.27308009656816307
19.88,-0.626103963573022,-0.78403569354888,-0.2620786602695352
19.9,-0.6275708217461724,-0.7881917917061394,-0.25572227485255017
19.92,-0.6295266326437062,-0.7908810316902485,-0.2591449439232344
19.94,-0.6280597744705558,-0.7886807444305228,-0.2623231366317269
19.96,-0.6258594872108303,-0.7806130244781957,-0.2718577147572044
19.98,-0.6375943525960334,-0.7891696971549064,-0.28310362741802403
20.0,-0.6380833053204168,-0.7950371298475079,-0.2774806710876142
20.02,-0.61167985820371,-0.7857470280842221,-0.26745714023775324
20.04,-0.6312379671790483,-0.7815909299269627,-0.2747914311035052
20.057,-0.6380833053204168,-0.7864804571707973,-0.2743024783791217
20.08,-0.6253705344864469,-0.786724933532989,-0.26672371115117804
20.1,-0.6300155853680897,-0.7884362680683311,-0.2615897075451517
20.139,-0.6322158726278153,-0.7896586498792898,-0.2620786602695352
20.155,-0.6275708217461724,-0.7842801699110717,-0.2615897075451517
20.19,-0.6263484399352137,-0.7852580753598386,-0.25841151483665925
20.207,-0.626103963573022,-0.78403569354888,-0.26134523118296
20.23,-0.6312379671790483,-0.78403569354888,-0.2662347584267946
20.25,-0.6285487271949394,-0.7850135989976469,-0.26990190385967056
20.27,-0.6305045380924732,-0.7837912171866882,-0.2747914311035052
20.29,-0.6331937780765822,-0.7837912171866882,-0.2782141001741894
20.31,-0.6312379671790483,-0.7837912171866882,-0.276747242001039
20.33,-0.6300155853680897,-0.7864804571707973,-0.27112428567062924
20.35,-0.627081869021789,-0.7842801699110717,-0.26892399841090364
20.37,-0.6307490144546649,-0.7842801699110717,-0.26745714023775324
20.39,-0.6314824435412401,-0.7857470280842221,-0.27234666748158787
20.41,-0.6412614980289093,-0.7899031262414815,-0.28163676924487363
20.43,-0.6632643706261651,-0.7969929407450417,-0.3087736454481557
20.447,-0.6938239159001314,-0.8231519114995569,-0.349356721571983
20.47,-0.6945573449867066,-0.8456437368211961,-0.3733154050667726
20.49,-0.6974910613330073,-0.8568896494820157,-0.4363903065122391
20.52,-0.6784219050820524,-0.8691134675916022,-0.4508144118815512
20.54,-0.5796534547565932,-0.8539559331357149,-0.4547260336766189
20.56,-0.6566635088469883,-0.8133728570118877,-0.47183937903004003
20.58,-0.7590991046053235,-0.8280414387433915,-0.5204901751061944
20.597,-0.7705894936283348,-0.9184976927543318,-0.6067903309598753
20.62,-0.7011582067658834,-1.0725178009351222,-0.5652293493872811
20.64,-0.47844024080921677,-1.1529505240962015,-0.4940867279894875
20.66,-0.3527793906426672,-1.0255783393943099,-0.47403966628976557
20.68,-0.35522415426458454,-0.9471014271307643,-0.49922073159551383
20.7,-0.4363903065122391,-0.9299880817773432,-0.48993062983222807
20.72,-0.45765975002291964,-0.906518351006937,-0.4390795464963481
20.74,-0.32490908535280993,-0.8691134675916022,-0.36891483054732144
20.76,-0.1750450753292791,-0.8177734315313387,-0.2405647403966629
20.78,-0.05451822876875592,-0.752253766463955,-0.14961953366133912
20.8,-0.03202640344711671,-0.6911346759160224,-0.18433517709256486
20.82,-0.06185251963450784,-0.6957797267976652,-0.4620603245423708
20.837,-0.1303059010481924,-0.7742566390612108,-0.5867432692601534
20.86,-0.28457048559117437,-0.7375851847324512,-0.4686611863215475
20.88,-0.25718913302570057,-0.6341716835253491,-0.3513125324695168
20.91,-0.1662439262903768,-0.6241481526754882,-0.2183173914372154
20.93,-0.195092137029001,-0.6647312287993155,-0.13935152644928644
20.95,-0.13446199920545182,-0.6718210433028756,-0.10903645753751184
20.97,-0.10488035938025242,-0.6390612107691838,-0.12297161018244049
20.987,-0.21391681691776426,-0.6231702472267212,-0.15744277725147449
21.01,-0.3224643217308926,-0.6806221923417779,-0.22296244231885828
21.03,-0.3549796779023928,-0.7727897808880604,-0.2799254347095315
21.05,-0.35473520154020105,-0.8187513369801057,-0.28750420193747517
21.07,-0.3835834122788253,-0.8207071478776395,-0.26427894752926073
21.09,-0.47917366989579196,-0.8490664058918803,-0.2669681875133698
21.11,-0.5566726767105705,-0.9270543654310424,-0.3190416526602084
21.13,-0.5637624912141307,-0.9830394523729487,-0.40118571035662987
21.16,-0.5703633529933074,-0.9170308345811814,-0.4669498517862054
21.178,-0.5324695168535892,-0.7742566390612108,-0.521712556917153
21.2,-0.626103963573022,-0.6026342328026159,-0.5796534547565932
21.22,-0.5930996546771384,-0.5376035204596156,-0.6454175961861688
21.24,-0.4275891574733368,-0.6449286434617852,-0.6256150108486386
21.26,-0.6776884759954772,-0.7067811630962931,-0.6434617852886348
21.29,-0.3368884271002047,-1.0668948446047122,-0.5388259022705743
21.31,-0.3926290376799193,-0.9475903798551477,-0.3503346270207499
21.34,-0.6251260581242551,-0.8512666931516059,-0.18433517709256486
21.36,-0.7478531919445038,-0.8145952388228463,-0.18433517709256486
21.377,-0.8969837728814595,-0.8896494820157076,-0.21465024600433946
21.4,-0.883782049323106,-0.9994193686397946,-0.21611710417748983
21.42,-0.7031140176634172,-1.013598997646915,-0.22809644592488462
21.44,-0.6463955016349356,-0.9774164960425389,-0.2197842496103658
21.46,-0.7119151667023195,-0.896494820157076,-0.19460318430461754
21.48,-0.705069828560951,-0.8451547840968127,-0.15719830088928277
21.5,-0.6825780032393118,-0.8475995477187299,-0.1383736210005195
21.52,-0.6556856033982215,-0.8126394279253124,-0.1373957155517526
21.54,-0.6380833053204168,-0.7874583626195643,-0.15793172997585794
21.56,-0.6004339455428903,-0.8079943770436696,-0.20413776243009504
21.58,-0.6380833053204168,-0.7945481771231244,-0.23958683494789598
21.6,-0.673287901476026,-0.793081318949974,-0.25547779849035845
21.617,-0.679644286893011,-0.8104391406655869,-0.25205512941967423
21.64,-0.6818445741527366,-0.8167955260825719,-0.24667664945145615
21.66,-0.6747547596491764,-0.8133728570118877,-0.24374293310515538
21.69,-0.652507410689729,-0.8116615224765455,-0.24398740946734712
21.71,-0.6454175961861688,-0.7974818934694251,-0.2500993185221404
21.73,-0.6356385416984995,-0.7837912171866882,-0.2412981694832381
21.75,-0.6268373926595973,-0.7793906426672371,-0.22736301683830945
21.767,-0.6231702472267212,-0.7835467408244965,-0.2190508205237906
21.79,-0.6314824435412401,-0.7842801699110717,-0.22271796595666657
21.81,-0.6422394034776763,-0.7947926534853161,-0.22418482412981694
21.83,-0.6444396907374018,-0.805794089783944,-0.22125110778351617
21.85,-0.6334382544387739,-0.80946123521682,-0.2246737768542004
21.87,-0.6290376799193228,-0.7991932280047672,-0.2285853986492681
21.89,-0.6383277816826085,-0.7872138862573724,-0.22027320233474926
21.91,-0.6368609235094582,-0.7989487516425755,-0.20095956972160253
21.93,-0.6495736943434282,-0.8089722824924365,-0.2031598569813281
21.95,-0.6417504507532927,-0.8016379916266846,-0.20682700241420407
21.97,-0.645173119823977,-0.8114170461143538,-0.20413776243009504
21.99,-0.6400391162179506,-0.813128380649696,-0.20878281331173792
22.007,-0.6419949271154846,-0.8104391406655869,-0.20902728967392964
22.03,-0.6395501634935672,-0.8045717079729854,-0.21489472236653118
22.05,-0.6243926290376799,-0.7960150352962748,-0.22002872597255752
22.08,-0.6307490144546649,-0.7943037007609327,-0.2222290132322831
22.1,-0.6363719707850747,-0.7960150352962748,-0.22809644592488462
22.12,-0.6344161598875409,-0.7969929407450417,-0.23029673318461022
22.14,-0.6339272071631574,-0.7962595116584665,-0.23005225682241848
22.166,-0.636127494422883,-0.8001711334535342,-0.23005225682241848
22.18,-0.6439507380130184,-0.8006600861779176,-0.233230449530911
22.2,-0.635149588974116,-0.799437704366959,-0.22980778046022673
22.22,-0.6290376799193228,-0.7989487516425755,-0.22809644592488462
22.24,-0.6312379671790483,-0.7972374171072334,-0.23029673318461022
22.257,-0.6363719707850747,-0.7984597989181921,-0.23127463863337713
22.28,-0.6305045380924732,-0.795770558934083,-0.2342083549796779
22.3,-0.6339272071631574,-0.7962595116584665,-0.23811997677474558
22.32,-0.6400391162179506,-0.7977263698316169,-0.23958683494789598
22.34,-0.6312379671790483,-0.795770558934083,-0.23860892949912904
22.36,-0.6327048253521987,-0.7950371298475079,-0.2398313113100877
22.38,-0.6371053998716499,-0.7952816062096996,-0.24594322036488098
22.397,-0.645173119823977,-0.7965039880206582,-0.25205512941967423
22.42,-0.6446841670995935,-0.8016379916266846,-0.2476545549002231
22.44,-0.6273263453839807,-0.8006600861779176,-0.24105369312104635
22.47,-0.6341716835253491,-0.7842801699110717,-0.2349417840662531
22.49,-0.635149588974116,-0.7879473153439477,-0.2430095040185802
22.51,-0.636127494422883,-0.7894141735170981,-0.2469211258136479
22.53,-0.6439507380130184,-0.7916144607768236,-0.24496531491611404
22.547,-0.6422394034776763,-0.8004156098157259,-0.24374293310515538
22.57,-0.6393056871313755,-0.7960150352962748,-0.24374293310515538
22.59,-0.6383277816826085,-0.792103413501207,-0.2415426458454298
22.61,-0.6329493017143905,-0.7933257953121657,-0.24178712220762155
22.63,-0.6331937780765822,-0.7901476026036732,-0.23860892949912904
22.65,-0.6319713962656236,-0.7850135989976469,-0.24203159856981327
22.67,-0.632460348990007,-0.7886807444305228,-0.24985484215994866
22.69,-0.641505974391101,-0.7903920789658649,-0.25449989304159154
22.71,-0.6378388289582251,-0.7903920789658649,-0.25596675121474194
22.73,-0.6385722580448003,-0.7901476026036732,-0.2510772239709073
22.75,-0.6356385416984995,-0.7899031262414815,-0.24741007853803135
22.77,-0.6371053998716499,-0.7928368425877823,-0.24252055129419675
22.787,-0.6412614980289093,-0.7918589371390153,-0.242276074932005
22.81,-0.636127494422883,-0.7911255080524402,-0.2415426458454298
22.83,-0.636127494422883,-0.7891696971549064,-0.24203159856981327
22.86,-0.6412614980289093,-0.7886807444305228,-0.23885340586132078
22.88,-0.6380833053204168,-0.7862359808086056,-0.24374293310515538
22.9,-0.6400391162179506,-0.7872138862573724,-0.24423188582953886
22.92,-0.6429728325642514,-0.7894141735170981,-0.24203159856981327
22.937,-0.6434617852886348,-0.7925923662255906,-0.24032026403447115
22.96,-0.6429728325642514,-0.7928368425877823,-0.2430095040185802
22.98,-0.6459065489105522,-0.7955260825718913,-0.24447636219173058
23.0,-0.6503071234300033,-0.7962595116584665,-0.24520979127830578
23.02,-0.632460348990007,-0.7938147480365492,-0.23518626042844482
23.04,-0.6214589126913791,-0.7852580753598386,-0.22907435137365156
23.06,-0.6412614980289093,-0.7852580753598386,-0.23127463863337713
23.08,-0.6456620725483605,-0.7906365553280567,-0.24325398038077192
23.1,-0.6434617852886348,-0.7928368425877823,-0.2454542676404975
23.12,-0.645173119823977,-0.7933257953121657,-0.24325398038077192
23.14,-0.6463955016349356,-0.795770558934083,-0.242276074932005
23.169,-0.6397946398557589,-0.7928368425877823,-0.23860892949912904
23.19,-0.6383277816826085,-0.7872138862573724,-0.23567521315282827
23.21,-0.6366164471472664,-0.7896586498792898,-0.2366531186015952
23.24,-0.6358830180606913,-0.7901476026036732,-0.24032026403447115
23.26,-0.6427283562020597,-0.7906365553280567,-0.24520979127830578
23.29,-0.6412614980289093,-0.7847691226354552,-0.2493658894355652
23.31,-0.6412614980289093,-0.786724933532989,-0.2471656021758396
23.327,-0.6366164471472664,-0.786724933532989,-0.24569874400268923
23.35,-0.6349051126119243,-0.7855025517220303,-0.2469211258136479
23.37,-0.6378388289582251,-0.7833022644623048,-0.2454542676404975
23.39,-0.6373498762338417,-0.7857470280842221,-0.2461876967270727
23.41,-0.6373498762338417,-0.7894141735170981,-0.24643217308926443
23.43,-0.635149588974116,-0.7869694098951807,-0.25132170033309903
23.45,-0.6344161598875409,-0.7884362680683311,-0.24887693671118175
23.47,-0.6407725453045259,-0.7855025517220303,-0.24863246034899
23.49,-0.6397946398557589,-0.786724933532989,-0.25596675121474194
23.51,-0.6344161598875409,-0.7850135989976469,-0.2535219875928246
23.53,-0.6571524615713717,-0.7896586498792898,-0.23445283134186962
23.55,-0.6410170216667176,-0.793081318949974,-0.23763102405036213
23.567,-0.6390612107691838,-0.7977263698316169,-0.2461876967270727
23.59,-0.648840265256853,-0.7950371298475079,-0.24863246034899
23.61,-0.6295266326437062,-0.7955260825718913,-0.24667664945145615
23.64,-0.6314824435412401,-0.7857470280842221,-0.24178712220762155
23.66,-0.6368609235094582,-0.7830577881001131,-0.23811997677474558
23.68,-0.6331937780765822,-0.7857470280842221,-0.24569874400268923
23.7,-0.6385722580448003,-0.7852580753598386,-0.24863246034899
23.717,-0.6456620725483605,-0.7916144607768236,-0.2508327476087156
23.74,-0.6405280689423342,-0.7950371298475079,-0.2518106530574825
23.76,-0.6368609235094582,-0.7906365553280567,-0.24985484215994866
23.78,-0.6349051126119243,-0.792103413501207,-0.24374293310515538
23.8,-0.6341716835253491,-0.7938147480365492,-0.2390978822235125
23.82,-0.6358830180606913,-0.7891696971549064,-0.242276074932005
23.84,-0.6400391162179506,-0.787702838981756,-0.24667664945145615
23.86,-0.6400391162179506,-0.7884362680683311,-0.24887693671118175
23.88,-0.6375943525960334,-0.7884362680683311,-0.2525440821440577
23.9,-0.6385722580448003,-0.7906365553280567,-0.25278855850624943
23.92,-0.6422394034776763,-0.7908810316902485,-0.2503437948843321
23.94,-0.6383277816826085,-0.7901476026036732,-0.2471656021758396
23.957,-0.6334382544387739,-0.7901476026036732,-0.242276074932005
23.98,-0.6366164471472664,-0.7859915044464139,-0.2398313113100877
24.0,-0.6334382544387739,-0.7911255080524402,-0.23787550041255387
24.03,-0.6353940653363078,-0.792103413501207,-0.2469211258136479
24.05,-0.636127494422883,-0.7918589371390153,-0.2503437948843321
24.07,-0.632460348990007,-0.7886807444305228,-0.24838798398679826
24.09,-0.632460348990007,-0.7884362680683311,-0.242276074932005
24.107,-0.6344161598875409,-0.7928368425877823,-0.23714207132597867
24.13,-0.6344161598875409,-0.7903920789658649,-0.2398313113100877
24.15,-0.6402835925801424,-0.7908810316902485,-0.25058827124652383
24.179,-0.6417504507532927,-0.7965039880206582,-0.2508327476087156
24.2,-0.6231702472267212,-0.7935702716743575,-0.2405647403966629
24.22,-0.6155914799987776,-0.7872138862573724,-0.24105369312104635
24.24,-0.6393056871313755,-0.7808575008403875,-0.24423188582953886
24.26,-0.6373498762338417,-0.7874583626195643,-0.24838798398679826
24.28,-0.6412614980289093,-0.7908810316902485,-0.2518106530574825
24.298,-0.6422394034776763,-0.792103413501207,-0.24912141307337346
24.32,-0.6397946398557589,-0.7940592243987409,-0.24887693671118175
24.34,-0.6380833053204168,-0.7933257953121657,-0.24741007853803135
24.36,-0.6368609235094582,-0.7879473153439477,-0.2476545549002231
24.38,-0.6375943525960334,-0.786724933532989,-0.2476545549002231
24.41,-0.6300155853680897,-0.7894141735170981,-0.24472083855392232
24.43,-0.6368609235094582,-0.7872138862573724,-0.24520979127830578
24.46,-0.6366164471472664,-0.786724933532989,-0.24814350762460655
24.48,-0.6358830180606913,-0.7879473153439477,-0.25278855850624943
24.497,-0.6366164471472664,-0.7886807444305228,-0.25401094031720806
24.52,-0.6373498762338417,-0.7879473153439477,-0.25401094031720806
24.54,-0.6422394034776763,-0.7896586498792898,-0.2493658894355652
24.56,-0.6390612107691838,-0.7913699844146319,-0.24569874400268923
24.58,-0.6371053998716499,-0.7918589371390153,-0.2408092167588546
24.6,-0.6366164471472664,-0.7903920789658649,-0.24007578767227944
24.62,-0.6390612107691838,-0.7891696971549064,-0.24325398038077192
24.64,-0.6400391162179506,-0.7874583626195643,-0.2476545549002231
24.66,-0.6397946398557589,-0.786724933532989,-0.2461876967270727
24.68,-0.6375943525960334,-0.7886807444305228,-0.24643217308926443
24.7,-0.6422394034776763,-0.793081318949974,-0.24863246034899
24.72,-0.6419949271154846,-0.7913699844146319,-0.24912141307337346
24.737,-0.6434617852886348,-0.7879473153439477,-0.25205512941967423
24.76,-0.6483513125324695,-0.7923478898633988,-0.25327751123063286
24.78,-0.6280597744705558,-0.7952816062096996,-0.2430095040185802
24.81,-0.6383277816826085,-0.7801240717538123,-0.2471656021758396
24.83,-0.6449286434617852,-0.7862359808086056,-0.2525440821440577
24.85,-0.6441952143752101,-0.7891696971549064,-0.25303303486844114
24.87,-0.6463955016349356,-0.7908810316902485,-0.25132170033309903
24.887,-0.6483513125324695,-0.7960150352962748,-0.25205512941967423
24.91,-0.6395501634935672,-0.7906365553280567,-0.24643217308926443
24.93,-0.636127494422883,-0.7818354062891544,-0.24472083855392232
24.95,-0.6375943525960334,-0.7828133117379213,-0.2454542676404975
24.97,-0.6356385416984995,-0.7845246462732635,-0.2476545549002231
24.99,-0.6341716835253491,-0.786724933532989,-0.24887693671118175
25.01,-0.6375943525960334,-0.7884362680683311,-0.25498884576597497
25.03,-0.6417504507532927,-0.7879473153439477,-0.2603673257341931
25.05,-0.6437062616508267,-0.7906365553280567,-0.25767808575008405
25.07,-0.6407725453045259,-0.786724933532989,-0.25376646395501634
25.09,-0.6375943525960334,-0.7869694098951807,-0.25058827124652383
25.11,-0.636127494422883,-0.7879473153439477,-0.24667664945145615
25.127,-0.6363719707850747,-0.7874583626195643,-0.2461876967270727
25.15,-0.6371053998716499,-0.7864804571707973,-0.2478990312624148
25.17,-0.6341716835253491,-0.7869694098951807,-0.24961036579775692
25.2,-0.6363719707850747,-0.7891696971549064,-0.24863246034899
25.22,-0.6363719707850747,-0.7891696971549064,-0.24520979127830578
25.24,-0.6356385416984995,-0.7899031262414815,-0.2461876967270727
25.26,-0.638816734406992,-0.7918589371390153,-0.2454542676404975
25.277,-0.6353940653363078,-0.7913699844146319,-0.24594322036488098
25.3,-0.6327048253521987,-0.7899031262414815,-0.2454542676404975
25.32,-0.6300155853680897,-0.7862359808086056,-0.24887693671118175
25.34,-0.6417504507532927,-0.7874583626195643,-0.25327751123063286
25.36,-0.6358830180606913,-0.7940592243987409,-0.25303303486844114
25.38,-0.623414723588913,-0.7943037007609327,-0.25205512941967423
25.4,-0.6319713962656236,-0.7869694098951807,-0.2525440821440577
25.42,-0.6363719707850747,-0.7842801699110717,-0.25376646395501634
25.44,-0.6339272071631574,-0.7872138862573724,-0.25229960578186594
25.46,-0.6344161598875409,-0.7911255080524402,-0.2510772239709073
25.48,-0.6397946398557589,-0.7955260825718913,-0.24741007853803135
25.5,-0.6353940653363078,-0.7965039880206582,-0.24374293310515538
25.517,-0.6319713962656236,-0.7899031262414815,-0.242276074932005
25.54,-0.6344161598875409,-0.7879473153439477,-0.24349845674296366
25.56,-0.6246371053998716,-0.7874583626195643,-0.24472083855392232
25.59,-0.6312379671790483,-0.787702838981756,-0.24814350762460655
25.61,-0.6336827308009657,-0.792103413501207,-0.25058827124652383
25.63,-0.6334382544387739,-0.7911255080524402,-0.25205512941967423
25.65,-0.6368609235094582,-0.7906365553280567,-0.24961036579775692
25.667,-0.6336827308009657,-0.7908810316902485,-0.2461876967270727
25.69,-0.6363719707850747,-0.7906365553280567,-0.24912141307337346
25.71,-0.6368609235094582,-0.7896586498792898,-0.25327751123063286
25.73,-0.6353940653363078,-0.7906365553280567,-0.2542554166793998
25.75,-0.6341716835253491,-0.7916144607768236,-0.25156617669529074
25.77,-0.6358830180606913,-0.7899031262414815,-0.2503437948843321
25.79,-0.6319713962656236,-0.7881917917061394,-0.2503437948843321
25.81,-0.6280597744705558,-0.787702838981756,-0.2510772239709073
25.83,-0.6314824435412401,-0.7845246462732635,-0.25401094031720806
25.85,-0.6295266326437062,-0.78403569354888,-0.25572227485255017
25.87,-0.6346606362497326,-0.7850135989976469,-0.25401094031720806
25.89,-0.6405280689423342,-0.7872138862573724,-0.2598783730098096
25.907,-0.6503071234300033,-0.7923478898633988,-0.2747914311035052
25.93,-0.6503071234300033,-0.8016379916266846,-0.27454695474131346
25.95,-0.6265929162974054,-0.7947926534853161,-0.25547779849035845
25.98,-0.6268373926595973,-0.7798795953916206,-0.24203159856981327
26.0,-0.6329493017143905,-0.7806130244781957,-0.23518626042844482
26.02,-0.6305045380924732,-0.7864804571707973,-0.2366531186015952
26.04,-0.6390612107691838,-0.7918589371390153,-0.23836445313693733
26.057,-0.6422394034776763,-0.7955260825718913,-0.23763102405036213
26.08,-0.6383277816826085,-0.7989487516425755,-0.23860892949912904
26.1,-0.638816734406992,-0.7952816062096996,-0.242276074932005
26.12,-0.6375943525960334,-0.7899031262414815,-0.2469211258136479
26.14,-0.636127494422883,-0.786724933532989,-0.2478990312624148
26.157,-0.6307490144546649,-0.7855025517220303,-0.25229960578186594
26.189,-0.6363719707850747,-0.7864804571707973,-0.25449989304159154
26.21,-0.6356385416984995,-0.787702838981756,-0.2518106530574825
26.23,-0.6407725453045259,-0.7891696971549064,-0.2535219875928246
26.248,-0.6412614980289093,-0.7901476026036732,-0.2525440821440577
26.27,-0.6371053998716499,-0.7901476026036732,-0.24985484215994866
26.29,-0.6331937780765822,-0.7886807444305228,-0.24447636219173058
26.31,-0.6349051126119243,-0.786724933532989,-0.24252055129419675
26.33,-0.6349051126119243,-0.7874583626195643,-0.2469211258136479
26.347,-0.6375943525960334,-0.786724933532989,-0.25229960578186594
26.37,-0.6371053998716499,-0.7859915044464139,-0.2525440821440577
26.39,-0.6397946398557589,-0.7864804571707973,-0.25401094031720806
26.41,-0.6412614980289093,-0.7903920789658649,-0.2542554166793998
26.43,-0.6295266326437062,-0.7857470280842221,-0.24912141307337346
26.447,-0.6358830180606913,-0.7896586498792898,-0.2493658894355652
26.47,-0.6419949271154846,-0.786724933532989,-0.25058827124652383
26.49,-0.6410170216667176,-0.786724933532989,-0.25327751123063286
26.51,-0.6432173089264431,-0.7899031262414815,-0.2591449439232344
26.53,-0.6290376799193228,-0.7911255080524402,-0.2581670384744675
26.547,-0.6275708217461724,-0.781346453564771,-0.25449989304159154
26.57,-0.6419949271154846,-0.7784127372184702,-0.25401094031720806
26.59,-0.6405280689423342,-0.7857470280842221,-0.25572227485255017
26.61,-0.6393056871313755,-0.7864804571707973,-0.2525440821440577
26.63,-0.6437062616508267,-0.7901476026036732,-0.25058827124652383
26.65,-0.6410170216667176,-0.7943037007609327,-0.24985484215994866
26.67,-0.6366164471472664,-0.7884362680683311,-0.24643217308926443
26.688,-0.6336827308009657,-0.7815909299269627,-0.24594322036488098
26.71,-0.6395501634935672,-0.7835467408244965,-0.2454542676404975
26.73,-0.6356385416984995,-0.7842801699110717,-0.24594322036488098
26.75,-0.6373498762338417,-0.7884362680683311,-0.24814350762460655
26.77,-0.6383277816826085,-0.7918589371390153,-0.2508327476087156
26.8,-0.6371053998716499,-0.7923478898633988,-0.25547779849035845
26.82,-0.6422394034776763,-0.7903920789658649,-0.25670018030131714
26.837,-0.6483513125324695,-0.7879473153439477,-0.2574336093878923
26.86,-0.632460348990007,-0.7872138862573724,-0.25645570393912537
26.88,-0.6427283562020597,-0.7852580753598386,-0.25229960578186594
26.9,-0.6349051126119243,-0.7842801699110717,-0.2503437948843321
26.92,-0.6341716835253491,-0.7872138862573724,-0.24594322036488098
26.94,-0.6366164471472664,-0.7857470280842221,-0.24741007853803135
26.96,-0.6380833053204168,-0.7886807444305228,-0.2500993185221404
26.98,-0.6402835925801424,-0.7891696971549064,-0.2503437948843321
27.0,-0.6375943525960334,-0.7859915044464139,-0.25278855850624943
27.02,-0.6339272071631574,-0.7835467408244965,-0.25547779849035845
27.04,-0.6363719707850747,-0.7869694098951807,-0.25523332212816674
27.06,-0.6373498762338417,-0.7881917917061394,-0.25449989304159154
27.078,-0.6385722580448003,-0.7850135989976469,-0.25621122757693365
27.1,-0.6427283562020597,-0.7874583626195643,-0.2598783730098096
27.12,-0.6427283562020597,-0.7913699844146319,-0.25572227485255017
27.14,-0.6217033890535709,-0.7869694098951807,-0.24643217308926443
27.16,-0.6258594872108303,-0.7771903554075115,-0.2454542676404975
27.199,-0.6393056871313755,-0.7864804571707973,-0.2611007548207683
27.22,-0.6419949271154846,-0.7864804571707973,-0.26012284937200136
27.24,-0.6459065489105522,-0.7886807444305228,-0.2623231366317269
27.26,-0.636127494422883,-0.7911255080524402,-0.2581670384744675
27.277,-0.6329493017143905,-0.7835467408244965,-0.25303303486844114
27.3,-0.638816734406992,-0.7842801699110717,-0.25156617669529074
27.32,-0.6329493017143905,-0.7850135989976469,-0.2508327476087156
27.34,-0.6346606362497326,-0.7835467408244965,-0.25401094031720806
27.36,-0.6375943525960334,-0.7835467408244965,-0.2542554166793998
27.38,-0.6368609235094582,-0.7862359808086056,-0.25449989304159154
27.4,-0.6358830180606913,-0.787702838981756,-0.25621122757693365
27.419,-0.6417504507532927,-0.7872138862573724,-0.2581670384744675
27.44,-0.6410170216667176,-0.7855025517220303,-0.25792256211227577
27.46,-0.6353940653363078,-0.7859915044464139,-0.2581670384744675
27.48,-0.6344161598875409,-0.7847691226354552,-0.2574336093878923
27.5,-0.6383277816826085,-0.7837912171866882,-0.25401094031720806
27.517,-0.6385722580448003,-0.7857470280842221,-0.25132170033309903
27.54,-0.6356385416984995,-0.7874583626195643,-0.25132170033309903
27.56,-0.6400391162179506,-0.787702838981756,-0.2542554166793998
27.58,-0.6368609235094582,-0.7864804571707973,-0.25792256211227577
27.6,-0.6358830180606913,-0.7830577881001131,-0.25718913302570057
27.617,-0.6380833053204168,-0.7801240717538123,-0.25670018030131714
27.64,-0.6368609235094582,-0.7857470280842221,-0.25670018030131714
27.66,-0.638816734406992,-0.7862359808086056,-0.25670018030131714
27.72,-0.6441952143752101,-0.7908810316902485,-0.25767808575008405
27.74,-0.6248815817620633,-0.7881917917061394,-0.24838798398679826
27.76,-0.6302600617302815,-0.7781682608562784,-0.2478990312624148
27.78,-0.6405280689423342,-0.7815909299269627,-0.25449989304159154
27.8,-0.6397946398557589,-0.7859915044464139,-0.2581670384744675
27.82,-0.641505974391101,-0.7874583626195643,-0.25670018030131714
27.84,-0.6432173089264431,-0.793081318949974,-0.25547779849035845
27.858,-0.6385722580448003,-0.7918589371390153,-0.25523332212816674
27.88,-0.6375943525960334,-0.7842801699110717,-0.2535219875928246
27.9,-0.6375943525960334,-0.7833022644623048,-0.25572227485255017
27.92,-0.6334382544387739,-0.7845246462732635,-0.25523332212816674
27.94,-0.6336827308009657,-0.7828133117379213,-0.25523332212816674
27.97,-0.6373498762338417,-0.7862359808086056,-0.2620786602695352
27.99,-0.6375943525960334,-0.7845246462732635,-0.26721266387556153
28.007,-0.6380833053204168,-0.7833022644623048,-0.27234666748158787
28.03,-0.6395501634935672,-0.7842801699110717,-0.26745714023775324
28.05,-0.6331937780765822,-0.7835467408244965,-0.2618341839073435
28.07,-0.6344161598875409,-0.7830577881001131,-0.2625676129939186
28.09,-0.6300155853680897,-0.7842801699110717,-0.2574336093878923
28.11,-0.6305045380924732,-0.7874583626195643,-0.25670018030131714
28.13,-0.6378388289582251,-0.7881917917061394,-0.2618341839073435
28.15,-0.6358830180606913,-0.7857470280842221,-0.2694129511352871
28.17,-0.6349051126119243,-0.7847691226354552,-0.2645234238914525
28.19,-0.6263484399352137,-0.7842801699110717,-0.2637899948048773
28.219,-0.6287932035571311,-0.7847691226354552,-0.2630565657183021
28.24,-0.626103963573022,-0.781346453564771,-0.2623231366317269
28.26,-0.6265929162974054,-0.7820798826513461,-0.25596675121474194
28.28,-0.6300155853680897,-0.7837912171866882,-0.25523332212816674
28.297,-0.6302600617302815,-0.7850135989976469,-0.26134523118296
28.32,-0.636127494422883,-0.7928368425877823,-0.26819056932432844
28.34,-0.6341716835253491,-0.7950371298475079,-0.2615897075451517
28.36,-0.6182807199828867,-0.7864804571707973,-0.2589004675610427
28.38,-0.6251260581242551,-0.7825688353757296,-0.2574336093878923
28.397,-0.6327048253521987,-0.7830577881001131,-0.2608562784585765
28.42,-0.6334382544387739,-0.7837912171866882,-0.264034471167069
28.44,-0.6346606362497326,-0.7859915044464139,-0.26794609296213673
28.46,-0.636127494422883,-0.7869694098951807,-0.26794609296213673
28.48,-0.6329493017143905,-0.7879473153439477,-0.26427894752926073
28.5,-0.6292821562815145,-0.7857470280842221,-0.2662347584267946
28.52,-0.6358830180606913,-0.7899031262414815,-0.26647923478898633
28.54,-0.6336827308009657,-0.7901476026036732,-0.26819056932432844
28.56,-0.6265929162974054,-0.7855025517220303,-0.26916847477309536
28.58,-0.6312379671790483,-0.781346453564771,-0.26892399841090364
28.6,-0.6295266326437062,-0.780368548116004,-0.2725911438437796
28.62,-0.6305045380924732,-0.7835467408244965,-0.27136876203282095
28.638,-0.6346606362497326,-0.7857470280842221,-0.27210219111939615
28.66,-0.6336827308009657,-0.7855025517220303,-0.27234666748158787
28.68,-0.6329493017143905,-0.786724933532989,-0.27063533294624575
28.7,-0.6309934908168566,-0.7830577881001131,-0.26916847477309536
28.72,-0.6290376799193228,-0.7815909299269627,-0.267701616599945
28.75,-0.6287932035571311,-0.7830577881001131,-0.27136876203282095
28.77,-0.6283042508327475,-0.7830577881001131,-0.26916847477309536
28.787,-0.6297711090058979,-0.7850135989976469,-0.26843504568652016
28.81,-0.632460348990007,-0.7842801699110717,-0.26819056932432844
28.83,-0.6336827308009657,-0.7823243590135378,-0.27014638022186227
28.85,-0.6307490144546649,-0.7845246462732635,-0.26990190385967056
28.87,-0.6317269199034318,-0.7862359808086056,-0.2694129511352871
28.89,-0.6300155853680897,-0.7830577881001131,-0.26745714023775324
28.91,-0.6287932035571311,-0.780368548116004,-0.27234666748158787
28.93,-0.6334382544387739,-0.78403569354888,-0.2718577147572044
28.95,-0.623414723588913,-0.7881917917061394,-0.2718577147572044
28.97,-0.6212144363291874,-0.7828133117379213,-0.26794609296213673
28.99,-0.6319713962656236,-0.7774348317697033,-0.2652568529780277
29.01,-0.6273263453839807,-0.7830577881001131,-0.2652568529780277
29.028,-0.6209699599669957,-0.7864804571707973,-0.26843504568652016
29.05,-0.6378388289582251,-0.7833022644623048,-0.2694129511352871
29.07,-0.6437062616508267,-0.7911255080524402,-0.2669681875133698
29.09,-0.6248815817620633,-0.7881917917061394,-0.26965742749747884
29.11,-0.6292821562815145,-0.7842801699110717,-0.27112428567062924
29.14,-0.6295266326437062,-0.7837912171866882,-0.27014638022186227
29.16,-0.6246371053998716,-0.7850135989976469,-0.267701616599945
29.177,-0.6287932035571311,-0.7855025517220303,-0.26501237661583593
29.2,-0.6263484399352137,-0.786724933532989,-0.2645234238914525
29.229,-0.6280597744705558,-0.7857470280842221,-0.2669681875133698
29.25,-0.6297711090058979,-0.7850135989976469,-0.27210219111939615
29.27,-0.6263484399352137,-0.7857470280842221,-0.2718577147572044
29.29,-0.6258594872108303,-0.7833022644623048,-0.26916847477309536
29.31,-0.6314824435412401,-0.7881917917061394,-0.26819056932432844
29.327,-0.6295266326437062,-0.7899031262414815,-0.26794609296213673
29.35,-0.6287932035571311,-0.7899031262414815,-0.26819056932432844
29.369,-0.6339272071631574,-0.7857470280842221,-0.2662347584267946
29.39,-0.6307490144546649,-0.7842801699110717,-0.26599028206460285
29.41,-0.6268373926595973,-0.7842801699110717,-0.26819056932432844
29.43,-0.626103963573022,-0.7815909299269627,-0.26819056932432844
29.45,-0.6258594872108303,-0.7830577881001131,-0.267701616599945
29.467,-0.6285487271949394,-0.7869694098951807,-0.2645234238914525
29.49,-0.627081869021789,-0.7891696971549064,-0.26574580570241113
29.51,-0.635149588974116,-0.7879473153439477,-0.2733245729303548
29.53,-0.6373498762338417,-0.7896586498792898,-0.27308009656816307
29.55,-0.6231702472267212,-0.7908810316902485,-0.2655013293402194
29.567,-0.6151025272743942,-0.7852580753598386,-0.2611007548207683
29.59,-0.6280597744705558,-0.7793906426672371,-0.2611007548207683
29.61,-0.627081869021789,-0.7823243590135378,-0.2645234238914525
29.63,-0.6278152981083641,-0.7842801699110717,-0.26599028206460285
29.65,-0.6319713962656236,-0.7884362680683311,-0.2655013293402194
29.67,-0.6300155853680897,-0.7928368425877823,-0.2669681875133698
29.69,-0.6302600617302815,-0.7906365553280567,-0.27039085658405404
29.71,-0.6309934908168566,-0.7862359808086056,-0.2725911438437796
29.73,-0.6280597744705558,-0.7837912171866882,-0.267701616599945
29.75,-0.6221923417779543,-0.7801240717538123,-0.2625676129939186
29.77,-0.6248815817620633,-0.7806130244781957,-0.2645234238914525
29.79,-0.6275708217461724,-0.7833022644623048,-0.26721266387556153
29.808,-0.6290376799193228,-0.7845246462732635,-0.27234666748158787
29.83,-0.6317269199034318,-0.7859915044464139,-0.27283562020597135
29.85,-0.6339272071631574,-0.7884362680683311,-0.27234666748158787
29.87,-0.6331937780765822,-0.7889252207927145,-0.2662347584267946
29.89,-0.6287932035571311,-0.7869694098951807,-0.26134523118296
29.92,-0.626103963573022,-0.7859915044464139,-0.2615897075451517
29.94,-0.6280597744705558,-0.7847691226354552,-0.2652568529780277
29.957,-0.6280597744705558,-0.7855025517220303,-0.26843504568652016
29.98,-0.6305045380924732,-0.7874583626195643,-0.2686795220487119
30.0,-0.6273263453839807,-0.7862359808086056,-0.26843504568652016
30.02,-0.6263484399352137,-0.78403569354888,-0.27063533294624575
30.04,-0.6302600617302815,-0.7859915044464139,-0.2686795220487119
30.06,-0.632460348990007,-0.7859915044464139,-0.2652568529780277
30.08,-0.6336827308009657,-0.7837912171866882,-0.26574580570241113
30.1,-0.6356385416984995,-0.7889252207927145,-0.2752803838278886
30.12,-0.6373498762338417,-0.7916144607768236,-0.26843504568652016
30.14,-0.6175472908963114,-0.787702838981756,-0.2574336093878923
30.16,-0.6168138618097363,-0.7786572135806619,-0.25718913302570057
30.18,-0.6353940653363078,-0.7771903554075115,-0.2647679002536442
30.198,-0.6307490144546649,-0.7845246462732635,-0.2718577147572044
30.22,-0.6305045380924732,-0.7879473153439477,-0.2752803838278886
30.249,-0.636127494422883,-0.7886807444305228,-0.2718577147572044
30.27,-0.6309934908168566,-0.7837912171866882,-0.26427894752926073
30.29,-0.6314824435412401,-0.7808575008403875,-0.26672371115117804
30.31,-0.6327048253521987,-0.7847691226354552,-0.26134523118296
30.33,-0.6217033890535709,-0.7820798826513461,-0.2608562784585765
30.347,-0.6253705344864469,-0.7818354062891544,-0.26794609296213673
30.37,-0.6287932035571311,-0.7825688353757296,-0.27308009656816307
30.39,-0.6302600617302815,-0.78403569354888,-0.27405800201693
30.41,-0.6331937780765822,-0.7833022644623048,-0.2743024783791217
30.43,-0.6329493017143905,-0.7833022644623048,-0.2757693365522721
30.45,-0.6300155853680897,-0.7842801699110717,-0.27136876203282095
30.47,-0.6305045380924732,-0.7828133117379213,-0.26843504568652016
30.49,-0.6273263453839807,-0.7837912171866882,-0.26745714023775324
30.51,-0.627081869021789,-0.7820798826513461,-0.267701616599945
30.53,-0.6300155853680897,-0.7801240717538123,-0.267701616599945
30.55,-0.6297711090058979,-0.7815909299269627,-0.27087980930843747
30.57,-0.6302600617302815,-0.7815909299269627,-0.27136876203282095
30.588,-0.6314824435412401,-0.78403569354888,-0.27039085658405404
30.61,-0.6336827308009657,-0.7864804571707973,-0.27161323839501267
30.63,-0.6300155853680897,-0.7835467408244965,-0.26965742749747884
30.65,-0.6339272071631574,-0.7830577881001131,-0.2743024783791217
30.67,-0.6393056871313755,-0.7859915044464139,-0.2755248601900804
30.7,-0.6214589126913791,-0.7886807444305228,-0.2645234238914525
30.72,-0.6163249090853528,-0.7771903554075115,-0.2591449439232344
30.737,-0.6346606362497326,-0.7740121626990191,-0.26745714023775324
30.76,-0.6363719707850747,-0.7845246462732635,-0.2774806710876142
30.78,-0.6349051126119243,-0.787702838981756,-0.276747242001039
30.8,-0.6395501634935672,-0.7862359808086056,-0.27381352565473827
30.82,-0.6373498762338417,-0.7884362680683311,-0.27283562020597135
30.84,-0.6322158726278153,-0.7864804571707973,-0.27063533294624575
30.86,-0.632460348990007,-0.7793906426672371,-0.26794609296213673
30.88,-0.632460348990007,-0.7781682608562784,-0.2655013293402194
30.9,-0.6287932035571311,-0.7798795953916206,-0.2630565657183021
30.92,-0.6305045380924732,-0.7830577881001131,-0.2669681875133698
30.94,-0.6329493017143905,-0.7845246462732635,-0.27234666748158787
30.96,-0.6297711090058979,-0.7830577881001131,-0.2755248601900804
30.978,-0.6305045380924732,-0.7801240717538123,-0.2779696238119977
31.0,-0.6331937780765822,-0.7781682608562784,-0.2787030528985729
31.02,-0.6331937780765822,-0.781346453564771,-0.2750359074656969
31.04,-0.6312379671790483,-0.7823243590135378,-0.2686795220487119
31.06,-0.6334382544387739,-0.7850135989976469,-0.26574580570241113
31.09,-0.6302600617302815,-0.777679308131895,-0.26990190385967056
31.11,-0.6322158726278153,-0.7796351190294288,-0.2725911438437796
31.127,-0.6283042508327475,-0.7798795953916206,-0.2743024783791217
31.15,-0.6314824435412401,-0.7798795953916206,-0.27454695474131346
31.17,-0.6319713962656236,-0.7830577881001131,-0.2755248601900804
31.19,-0.6314824435412401,-0.7830577881001131,-0.27283562020597135
31.21,-0.6300155853680897,-0.7815909299269627,-0.2760138129144638
31.23,-0.638816734406992,-0.7845246462732635,-0.28114781652049015
31.259,-0.6317269199034318,-0.787702838981756,-0.27381352565473827
31.28,-0.6129022400146685,-0.7825688353757296,-0.2598783730098096
31.3,-0.6239036763132965,-0.7737676863368272,-0.2596338966476179
31.319,-0.6314824435412401,-0.7781682608562784,-0.26990190385967056
31.34,-0.6314824435412401,-0.7818354062891544,-0.2777251474498059
31.36,-0.6380833053204168,-0.7864804571707973,-0.2774806710876142
31.38,-0.6390612107691838,-0.7889252207927145,-0.2779696238119977
31.4,-0.6327048253521987,-0.7908810316902485,-0.27161323839501267
31.417,-0.6292821562815145,-0.7796351190294288,-0.26843504568652016
31.44,-0.632460348990007,-0.7769458790453198,-0.26672371115117804
31.46,-0.6280597744705558,-0.7820798826513461,-0.264034471167069
31.48,-0.6295266326437062,-0.7815909299269627,-0.264034471167069
31.5,-0.6314824435412401,-0.7852580753598386,-0.26672371115117804
31.517,-0.6322158726278153,-0.7852580753598386,-0.27039085658405404
31.54,-0.6314824435412401,-0.7845246462732635,-0.2762582892766556
31.56,-0.6329493017143905,-0.781346453564771,-0.2774806710876142
31.58,-0.6322158726278153,-0.780368548116004,-0.27405800201693
31.6,-0.6309934908168566,-0.7830577881001131,-0.26745714023775324
31.62,-0.6319713962656236,-0.7833022644623048,-0.2628120893561104
31.64,-0.6297711090058979,-0.7847691226354552,-0.26427894752926073
31.66,-0.6302600617302815,-0.7835467408244965,-0.2686795220487119
31.68,-0.632460348990007,-0.78403569354888,-0.27308009656816307
31.7,-0.6317269199034318,-0.7798795953916206,-0.2725911438437796
31.72,-0.632460348990007,-0.7786572135806619,-0.27234666748158787
31.74,-0.6336827308009657,-0.781346453564771,-0.27308009656816307
31.758,-0.6307490144546649,-0.7857470280842221,-0.2725911438437796
31.78,-0.6346606362497326,-0.7811019772025792,-0.27161323839501267
31.8,-0.6317269199034318,-0.7781682608562784,-0.2755248601900804
31.82,-0.638816734406992,-0.7852580753598386,-0.2787030528985729
31.84,-0.6275708217461724,-0.7901476026036732,-0.26916847477309536
31.87,-0.6300155853680897,-0.7742566390612108,-0.26647923478898633
31.89,-0.6356385416984995,-0.7798795953916206,-0.27063533294624575
31.907,-0.6344161598875409,-0.7859915044464139,-0.27283562020597135
31.93,-0.6375943525960334,-0.786724933532989,-0.2760138129144638
31.95,-0.6353940653363078,-0.7896586498792898,-0.27087980930843747
31.97,-0.6300155853680897,-0.7872138862573724,-0.26574580570241113
31.99,-0.6278152981083641,-0.7789016899428536,-0.2645234238914525
32.01,-0.6322158726278153,-0.7806130244781957,-0.2633010420804938
32.03,-0.6292821562815145,-0.7835467408244965,-0.2630565657183021
32.05,-0.6265929162974054,-0.7818354062891544,-0.26574580570241113
32.07,-0.6297711090058979,-0.78403569354888,-0.2686795220487119
32.09,-0.6346606362497326,-0.7864804571707973,-0.27234666748158787
32.11,-0.6336827308009657,-0.7862359808086056,-0.2735690492925465
32.13,-0.6322158726278153,-0.7830577881001131,-0.2718577147572044
32.148,-0.6305045380924732,-0.7859915044464139,-0.2669681875133698
32.17,-0.6278152981083641,-0.7830577881001131,-0.2625676129939186
32.19,-0.627081869021789,-0.7830577881001131,-0.26134523118296
32.21,-0.6312379671790483,-0.7857470280842221,-0.2652568529780277
32.23,-0.6309934908168566,-0.7879473153439477,-0.2669681875133698
32.269,-0.6346606362497326,-0.7855025517220303,-0.26745714023775324
32.29,-0.6280597744705558,-0.78403569354888,-0.2598783730098096
32.31,-0.6280597744705558,-0.7825688353757296,-0.264034471167069
32.33,-0.6302600617302815,-0.7842801699110717,-0.26990190385967056
32.347,-0.632460348990007,-0.7855025517220303,-0.2686795220487119
32.37,-0.6292821562815145,-0.7830577881001131,-0.26892399841090364
32.39,-0.6383277816826085,-0.7881917917061394,-0.27136876203282095
32.41,-0.6339272071631574,-0.792103413501207,-0.2625676129939186
32.43,-0.619747578156037,-0.7899031262414815,-0.25572227485255017
32.45,-0.627081869021789,-0.7808575008403875,-0.2615897075451517
32.47,-0.6295266326437062,-0.7793906426672371,-0.26599028206460285
32.489,-0.6265929162974054,-0.7828133117379213,-0.26794609296213673
32.51,-0.6329493017143905,-0.7842801699110717,-0.2655013293402194
32.53,-0.6349051126119243,-0.7896586498792898,-0.2647679002536442
32.55,-0.6309934908168566,-0.7891696971549064,-0.2635455184426856
32.57,-0.626103963573022,-0.7837912171866882,-0.2623231366317269
32.587,-0.6307490144546649,-0.7864804571707973,-0.2611007548207683
32.61,-0.627081869021789,-0.7879473153439477,-0.2603673257341931
32.63,-0.6248815817620633,-0.7850135989976469,-0.2611007548207683
32.65,-0.6295266326437062,-0.7852580753598386,-0.26599028206460285
32.67,-0.6327048253521987,-0.787702838981756,-0.267701616599945
32.687,-0.6327048253521987,-0.7874583626195643,-0.2733245729303548
32.71,-0.632460348990007,-0.7857470280842221,-0.2718577147572044
32.73,-0.6329493017143905,-0.7833022644623048,-0.26794609296213673
32.75,-0.6302600617302815,-0.7864804571707973,-0.26574580570241113
32.77,-0.6280597744705558,-0.7862359808086056,-0.26574580570241113
32.787,-0.6297711090058979,-0.7869694098951807,-0.2645234238914525
32.81,-0.6319713962656236,-0.786724933532989,-0.2652568529780277
32.83,-0.6312379671790483,-0.7837912171866882,-0.26819056932432844
32.85,-0.6287932035571311,-0.7847691226354552,-0.26721266387556153
32.87,-0.6251260581242551,-0.7837912171866882,-0.26574580570241113
32.89,-0.6305045380924732,-0.7850135989976469,-0.2655013293402194
32.91,-0.6327048253521987,-0.7862359808086056,-0.267701616599945
32.928,-0.632460348990007,-0.787702838981756,-0.26599028206460285
32.95,-0.6346606362497326,-0.786724933532989,-0.26916847477309536
32.97,-0.6378388289582251,-0.7869694098951807,-0.2777251474498059
32.99,-0.6368609235094582,-0.7894141735170981,-0.27112428567062924
33.01,-0.6131467163768602,-0.7859915044464139,-0.25938942028542616
33.04,-0.6190141490694618,-0.7742566390612108,-0.25938942028542616
33.06,-0.6329493017143905,-0.7774348317697033,-0.2615897075451517
33.077,-0.6285487271949394,-0.7833022644623048,-0.26965742749747884
33.1,-0.6366164471472664,-0.7901476026036732,-0.27136876203282095
33.12,-0.6378388289582251,-0.7913699844146319,-0.26990190385967056
33.14,-0.6329493017143905,-0.7906365553280567,-0.26672371115117804
33.16,-0.6268373926595973,-0.7808575008403875,-0.2618341839073435
33.177,-0.6331937780765822,-0.7784127372184702,-0.2628120893561104
33.2,-0.6305045380924732,-0.7847691226354552,-0.2637899948048773
33.22,-0.6275708217461724,-0.7872138862573724,-0.2635455184426856
33.24,-0.6290376799193228,-0.7872138862573724,-0.2635455184426856
33.26,-0.6285487271949394,-0.7837912171866882,-0.267701616599945
33.289,-0.6309934908168566,-0.7842801699110717,-0.2755248601900804
33.31,-0.6256150108486386,-0.7818354062891544,-0.2750359074656969
33.33,-0.6256150108486386,-0.7855025517220303,-0.2694129511352871
33.35,-0.6317269199034318,-0.7845246462732635,-0.26672371115117804
33.367,-0.6280597744705558,-0.7823243590135378,-0.26745714023775324
33.39,-0.6265929162974054,-0.7818354062891544,-0.26745714023775324
33.41,-0.6302600617302815,-0.7837912171866882,-0.26916847477309536
33.43,-0.6319713962656236,-0.7852580753598386,-0.27210219111939615
33.45,-0.6327048253521987,-0.7855025517220303,-0.27087980930843747
33.467,-0.6285487271949394,-0.7830577881001131,-0.26916847477309536
33.49,-0.632460348990007,-0.7789016899428536,-0.2694129511352871
33.51,-0.6329493017143905,-0.7818354062891544,-0.27283562020597135
33.53,-0.6307490144546649,-0.7859915044464139,-0.27210219111939615
33.55,-0.6312379671790483,-0.7852580753598386,-0.26965742749747884
33.567,-0.636127494422883,-0.7835467408244965,-0.27454695474131346
33.59,-0.6368609235094582,-0.7884362680683311,-0.2755248601900804
33.61,-0.6185251963450784,-0.786724933532989,-0.26599028206460285
33.63,-0.6202365308804205,-0.7740121626990191,-0.26427894752926073
33.65,-0.6317269199034318,-0.7769458790453198,-0.27063533294624575
33.67,-0.6314824435412401,-0.7835467408244965,-0.2750359074656969
33.69,-0.6366164471472664,-0.7852580753598386,-0.27454695474131346
33.708,-0.6380833053204168,-0.7884362680683311,-0.2747914311035052
33.73,-0.636127494422883,-0.7923478898633988,-0.2733245729303548
33.75,-0.6297711090058979,-0.7864804571707973,-0.26574580570241113
33.77,-0.6305045380924732,-0.7771903554075115,-0.2633010420804938
33.79,-0.6300155853680897,-0.7801240717538123,-0.2628120893561104
33.82,-0.6292821562815145,-0.7820798826513461,-0.2645234238914525
33.84,-0.6307490144546649,-0.78403569354888,-0.26794609296213673
33.87,-0.632460348990007,-0.7857470280842221,-0.276747242001039
33.89,-0.6307490144546649,-0.781346453564771,-0.27405800201693
33.907,-0.6319713962656236,-0.7793906426672371,-0.27063533294624575
33.93,-0.6305045380924732,-0.7825688353757296,-0.2662347584267946
33.95,-0.6305045380924732,-0.7828133117379213,-0.26501237661583593
33.97,-0.6305045380924732,-0.7835467408244965,-0.26672371115117804
33.99,-0.6305045380924732,-0.7830577881001131,-0.2669681875133698
34.01,-0.6312379671790483,-0.7830577881001131,-0.26819056932432844
34.03,-0.6295266326437062,-0.7837912171866882,-0.27087980930843747
34.05,-0.6327048253521987,-0.7842801699110717,-0.27210219111939615
34.07,-0.6327048253521987,-0.7859915044464139,-0.27063533294624575
34.09,-0.6295266326437062,-0.7828133117379213,-0.27161323839501267
34.11,-0.6280597744705558,-0.7798795953916206,-0.27136876203282095
34.13,-0.6319713962656236,-0.780368548116004,-0.27136876203282095
34.147,-0.6305045380924732,-0.7850135989976469,-0.27014638022186227
34.17,-0.6322158726278153,-0.7872138862573724,-0.27063533294624575
34.19,-0.6331937780765822,-0.7850135989976469,-0.2718577147572044
34.22,-0.6380833053204168,-0.786724933532989,-0.27405800201693
34.24,-0.6287932035571311,-0.7889252207927145,-0.2662347584267946
34.26,-0.6136356691012438,-0.781346453564771,-0.26012284937200136
34.28,-0.6295266326437062,-0.7715673990771017,-0.2628120893561104
34.306,-0.6329493017143905,-0.7806130244781957,-0.2733245729303548
34.32,-0.6331937780765822,-0.7852580753598386,-0.2782141001741894
34.34,-0.6390612107691838,-0.7872138862573724,-0.2755248601900804
34.36,-0.6366164471472664,-0.7901476026036732,-0.27210219111939615
34.38,-0.6309934908168566,-0.786724933532989,-0.27063533294624575
34.4,-0.6295266326437062,-0.7793906426672371,-0.26647923478898633
34.42,-0.6305045380924732,-0.7784127372184702,-0.264034471167069
34.44,-0.6283042508327475,-0.781346453564771,-0.2637899948048773
34.46,-0.6302600617302815,-0.7850135989976469,-0.2669681875133698
34.48,-0.6314824435412401,-0.7823243590135378,-0.27210219111939615
34.5,-0.6292821562815145,-0.7837912171866882,-0.2752803838278886
34.52,-0.6331937780765822,-0.7823243590135378,-0.2743024783791217
34.537,-0.6300155853680897,-0.7818354062891544,-0.27381352565473827
34.56,-0.6317269199034318,-0.7835467408244965,-0.27210219111939615
34.58,-0.6305045380924732,-0.7857470280842221,-0.2694129511352871
34.61,-0.6275708217461724,-0.7823243590135378,-0.26574580570241113
34.63,-0.6317269199034318,-0.7833022644623048,-0.2662347584267946
34.65,-0.6319713962656236,-0.78403569354888,-0.26892399841090364
34.67,-0.6307490144546649,-0.7850135989976469,-0.2686795220487119
34.687,-0.6292821562815145,-0.7842801699110717,-0.26965742749747884
34.71,-0.6273263453839807,-0.7837912171866882,-0.27454695474131346
34.73,-0.6334382544387739,-0.7833022644623048,-0.27234666748158787
34.75,-0.6305045380924732,-0.7823243590135378,-0.26965742749747884
34.77,-0.6290376799193228,-0.7825688353757296,-0.26819056932432844
34.79,-0.632460348990007,-0.7837912171866882,-0.26819056932432844
34.81,-0.632460348990007,-0.7879473153439477,-0.26794609296213673
34.83,-0.6314824435412401,-0.7842801699110717,-0.2630565657183021
34.85,-0.6322158726278153,-0.7830577881001131,-0.26916847477309536
34.87,-0.6405280689423342,-0.7869694098951807,-0.27405800201693
34.89,-0.6229257708645295,-0.7874583626195643,-0.26647923478898633
34.91,-0.6175472908963114,-0.7808575008403875,-0.2620786602695352
34.927,-0.632460348990007,-0.7786572135806619,-0.2652568529780277
34.95,-0.6290376799193228,-0.7833022644623048,-0.26990190385967056
34.97,-0.6314824435412401,-0.7857470280842221,-0.27210219111939615
35.0,-0.638816734406992,-0.7869694098951807,-0.27234666748158787
35.02,-0.6339272071631574,-0.7906365553280567,-0.27063533294624575
35.04,-0.6297711090058979,-0.786724933532989,-0.26672371115117804
35.06,-0.6283042508327475,-0.7779237844940867,-0.2630565657183021
35.077,-0.6297711090058979,-0.781346453564771,-0.2633010420804938
35.1,-0.6290376799193228,-0.7837912171866882,-0.2620786602695352
35.12,-0.6273263453839807,-0.7864804571707973,-0.2623231366317269
35.14,-0.6283042508327475,-0.7847691226354552,-0.2645234238914525
35.16,-0.632460348990007,-0.7862359808086056,-0.2718577147572044
35.18,-0.6317269199034318,-0.7864804571707973,-0.2760138129144638
35.2,-0.6300155853680897,-0.7852580753598386,-0.2733245729303548
35.22,-0.6317269199034318,-0.7837912171866882,-0.2686795220487119
35.24,-0.6273263453839807,-0.7845246462732635,-0.264034471167069
35.26,-0.6290376799193228,-0.78403569354888,-0.26501237661583593
35.28,-0.6302600617302815,-0.7857470280842221,-0.2655013293402194
35.309,-0.6278152981083641,-0.7855025517220303,-0.26574580570241113
35.33,-0.6307490144546649,-0.7862359808086056,-0.26427894752926073
35.35,-0.6305045380924732,-0.7850135989976469,-0.2645234238914525
35.38,-0.6307490144546649,-0.786724933532989,-0.26672371115117804
35.4,-0.6300155853680897,-0.7837912171866882,-0.26892399841090364
35.43,-0.6258594872108303,-0.7847691226354552,-0.26574580570241113
35.45,-0.6292821562815145,-0.786724933532989,-0.2655013293402194
35.467,-0.6292821562815145,-0.7881917917061394,-0.26647923478898633
35.49,-0.6278152981083641,-0.7879473153439477,-0.26501237661583593
35.51,-0.6353940653363078,-0.7857470280842221,-0.267701616599945
35.53,-0.6346606362497326,-0.7884362680683311,-0.2662347584267946
35.55,-0.6195031017938453,-0.7879473153439477,-0.25792256211227577
35.57,-0.6185251963450784,-0.7837912171866882,-0.25841151483665925
35.59,-0.6341716835253491,-0.7781682608562784,-0.2618341839073435
35.61,-0.6319713962656236,-0.7830577881001131,-0.2652568529780277
35.63,-0.6307490144546649,-0.7869694098951807,-0.2718577147572044
35.65,-0.6363719707850747,-0.7889252207927145,-0.26843504568652016
35.67,-0.6317269199034318,-0.7908810316902485,-0.26843504568652016
35.69,-0.6297711090058979,-0.7869694098951807,-0.26427894752926073
35.707,-0.6314824435412401,-0.780368548116004,-0.26745714023775324
35.73,-0.6336827308009657,-0.7830577881001131,-0.26892399841090364
35.75,-0.6278152981083641,-0.7847691226354552,-0.2662347584267946
35.78,-0.6243926290376799,-0.7842801699110717,-0.26427894752926073
35.8,-0.6300155853680897,-0.7815909299269627,-0.2662347584267946
35.82,-0.6312379671790483,-0.7833022644623048,-0.26892399841090364
35.84,-0.6309934908168566,-0.7830577881001131,-0.2725911438437796
35.857,-0.6307490144546649,-0.78403569354888,-0.2735690492925465
35.88,-0.632460348990007,-0.7862359808086056,-0.27136876203282095
35.9,-0.6319713962656236,-0.787702838981756,-0.267701616599945
35.92,-0.6309934908168566,-0.7850135989976469,-0.2662347584267946
35.94,-0.6280597744705558,-0.7823243590135378,-0.2655013293402194
35.96,-0.6300155853680897,-0.7815909299269627,-0.2618341839073435
35.98,-0.6290376799193228,-0.7828133117379213,-0.26427894752926073
36.0,-0.6305045380924732,-0.786724933532989,-0.26721266387556153
36.02,-0.6322158726278153,-0.7894141735170981,-0.27063533294624575
36.04,-0.6314824435412401,-0.786724933532989,-0.27234666748158787
36.06,-0.6336827308009657,-0.7837912171866882,-0.27112428567062924
36.08,-0.6285487271949394,-0.7801240717538123,-0.26501237661583593
36.097,-0.6292821562815145,-0.7830577881001131,-0.264034471167069
36.12,-0.6302600617302815,-0.7857470280842221,-0.2625676129939186
36.14,-0.632460348990007,-0.7864804571707973,-0.2633010420804938
36.17,-0.642483879839868,-0.7879473153439477,-0.2752803838278886
36.19,-0.632460348990007,-0.7913699844146319,-0.2652568529780277
36.21,-0.6138801454634355,-0.7845246462732635,-0.25474436940378326
36.23,-0.6287932035571311,-0.7774348317697033,-0.25498884576597497
36.247,-0.6331937780765822,-0.780368548116004,-0.2623231366317269
36.27,-0.6312379671790483,-0.7847691226354552,-0.27136876203282095
36.29,-0.6407725453045259,-0.7899031262414815,-0.27308009656816307
36.319,-0.6380833053204168,-0.7903920789658649,-0.2733245729303548
36.34,-0.6334382544387739,-0.7896586498792898,-0.26843504568652016
36.36,-0.6290376799193228,-0.7837912171866882,-0.2633010420804938
36.38,-0.6346606362497326,-0.781346453564771,-0.2611007548207683
36.4,-0.6307490144546649,-0.7833022644623048,-0.2542554166793998
36.42,-0.6248815817620633,-0.7828133117379213,-0.2606118020963848
36.438,-0.6322158726278153,-0.7842801699110717,-0.2686795220487119
36.46,-0.6331937780765822,-0.787702838981756,-0.27014638022186227
36.48,-0.6305045380924732,-0.7842801699110717,-0.27039085658405404
36.5,-0.6334382544387739,-0.781346453564771,-0.26794609296213673
36.52,-0.6317269199034318,-0.7845246462732635,-0.27136876203282095
36.55,-0.6300155853680897,-0.7847691226354552,-0.26501237661583593
36.57,-0.6295266326437062,-0.7835467408244965,-0.26134523118296
36.6,-0.6287932035571311,-0.7823243590135378,-0.2633010420804938
36.62,-0.6317269199034318,-0.7830577881001131,-0.26672371115117804
36.637,-0.632460348990007,-0.7859915044464139,-0.267701616599945
36.66,-0.6322158726278153,-0.7889252207927145,-0.267701616599945
36.68,-0.6314824435412401,-0.7862359808086056,-0.26794609296213673
36.7,-0.6319713962656236,-0.7845246462732635,-0.2662347584267946
36.72,-0.6285487271949394,-0.7820798826513461,-0.2633010420804938
36.74,-0.6300155853680897,-0.7793906426672371,-0.2669681875133698
36.76,-0.6305045380924732,-0.7830577881001131,-0.27039085658405404
36.78,-0.6309934908168566,-0.7879473153439477,-0.26672371115117804
36.8,-0.6327048253521987,-0.7872138862573724,-0.2635455184426856
36.82,-0.6329493017143905,-0.786724933532989,-0.26965742749747884
36.84,-0.6383277816826085,-0.7889252207927145,-0.27014638022186227
36.86,-0.6219478654157626,-0.7894141735170981,-0.2615897075451517
36.877,-0.6165693854475446,-0.7784127372184702,-0.25718913302570057
36.9,-0.6292821562815145,-0.7759679735965529,-0.2618341839073435
36.92,-0.6312379671790483,-0.7825688353757296,-0.26990190385967056
36.95,-0.6385722580448003,-0.7908810316902485,-0.27087980930843747
36.97,-0.6356385416984995,-0.7911255080524402,-0.2718577147572044
36.99,-0.6287932035571311,-0.7869694098951807,-0.26501237661583593
37.01,-0.6268373926595973,-0.7784127372184702,-0.2606118020963848
37.027,-0.6327048253521987,-0.781346453564771,-0.2606118020963848
37.05,-0.6305045380924732,-0.7855025517220303,-0.2608562784585765
37.07,-0.6275708217461724,-0.7859915044464139,-0.26599028206460285
37.09,-0.6331937780765822,-0.7857470280842221,-0.26745714023775324
37.11,-0.6292821562815145,-0.7837912171866882,-0.27210219111939615
37.13,-0.6307490144546649,-0.7806130244781957,-0.2757693365522721
37.15,-0.6322158726278153,-0.781346453564771,-0.2757693365522721
37.17,-0.6312379671790483,-0.7847691226354552,-0.27136876203282095
37.19,-0.6327048253521987,-0.7881917917061394,-0.2652568529780277
37.21,-0.6319713962656236,-0.786724933532989,-0.2628120893561104
37.23,-0.6295266326437062,-0.7833022644623048,-0.2608562784585765
37.25,-0.6314824435412401,-0.781346453564771,-0.264034471167069
37.267,-0.6305045380924732,-0.7828133117379213,-0.26916847477309536
37.29,-0.6346606362497326,-0.7845246462732635,-0.26965742749747884
37.31,-0.632460348990007,-0.787702838981756,-0.26965742749747884
37.34,-0.6319713962656236,-0.7845246462732635,-0.27112428567062924
37.36,-0.6327048253521987,-0.7823243590135378,-0.27087980930843747
37.38,-0.627081869021789,-0.7806130244781957,-0.27039085658405404
37.4,-0.6309934908168566,-0.7806130244781957,-0.26892399841090364
37.417,-0.6344161598875409,-0.7815909299269627,-0.26574580570241113
37.44,-0.6319713962656236,-0.7862359808086056,-0.26574580570241113
37.46,-0.6309934908168566,-0.7850135989976469,-0.2655013293402194
37.48,-0.6339272071631574,-0.7833022644623048,-0.27234666748158787
37.5,-0.6383277816826085,-0.7862359808086056,-0.27283562020597135
37.52,-0.6229257708645295,-0.7859915044464139,-0.26501237661583593
37.54,-0.6199920545182288,-0.7806130244781957,-0.2637899948048773
37.56,-0.6331937780765822,-0.7789016899428536,-0.2662347584267946
37.58,-0.632460348990007,-0.7830577881001131,-0.27136876203282095
37.6,-0.632460348990007,-0.7857470280842221,-0.2735690492925465
37.62,-0.6393056871313755,-0.7847691226354552,-0.2747914311035052
37.64,-0.635149588974116,-0.7869694098951807,-0.27161323839501267
37.657,-0.6307490144546649,-0.7850135989976469,-0.26794609296213673
37.68,-0.632460348990007,-0.7784127372184702,-0.2647679002536442
37.7,-0.6349051126119243,-0.7806130244781957,-0.2625676129939186
37.73,-0.6295266326437062,-0.78403569354888,-0.2652568529780277
37.75,-0.6336827308009657,-0.7864804571707973,-0.27112428567062924
37.77,-0.6329493017143905,-0.7842801699110717,-0.27161323839501267
37.79,-0.6341716835253491,-0.7818354062891544,-0.27039085658405404
37.807,-0.6307490144546649,-0.7811019772025792,-0.26819056932432844
37.83,-0.6300155853680897,-0.7845246462732635,-0.26599028206460285
37.85,-0.6319713962656236,-0.7847691226354552,-0.264034471167069
37.87,-0.6327048253521987,-0.7847691226354552,-0.26501237661583593
37.89,-0.6309934908168566,-0.7837912171866882,-0.2662347584267946
37.91,-0.6334382544387739,-0.7825688353757296,-0.2662347584267946
37.93,-0.6341716835253491,-0.7828133117379213,-0.26574580570241113
37.95,-0.6319713962656236,-0.7845246462732635,-0.2645234238914525
37.97,-0.632460348990007,-0.7842801699110717,-0.2686795220487119
37.99,-0.6312379671790483,-0.7847691226354552,-0.27039085658405404
38.01,-0.6287932035571311,-0.7815909299269627,-0.26990190385967056
38.03,-0.6297711090058979,-0.780368548116004,-0.26819056932432844
38.047,-0.6319713962656236,-0.7784127372184702,-0.2686795220487119
38.07,-0.6327048253521987,-0.7833022644623048,-0.27014638022186227
38.09,-0.6305045380924732,-0.7828133117379213,-0.27014638022186227
38.12,-0.6344161598875409,-0.7801240717538123,-0.2735690492925465
38.14,-0.6344161598875409,-0.7847691226354552,-0.2777251474498059
38.16,-0.6300155853680897,-0.7859915044464139,-0.26965742749747884
38.18,-0.6187696727072701,-0.7820798826513461,-0.2655013293402194
38.197,-0.6295266326437062,-0.7747455917855942,-0.2686795220487119
38.22,-0.6368609235094582,-0.7779237844940867,-0.27136876203282095
38.24,-0.6319713962656236,-0.7820798826513461,-0.2791920056229563
38.26,-0.6339272071631574,-0.7845246462732635,-0.2782141001741894
38.28,-0.6373498762338417,-0.7850135989976469,-0.2762582892766556
38.3,-0.6334382544387739,-0.7833022644623048,-0.2725911438437796
38.329,-0.632460348990007,-0.7784127372184702,-0.27014638022186227
38.35,-0.6334382544387739,-0.7806130244781957,-0.27087980930843747
38.37,-0.6268373926595973,-0.7825688353757296,-0.27063533294624575
38.388,-0.6290376799193228,-0.7786572135806619,-0.2718577147572044
38.41,-0.6309934908168566,-0.7784127372184702,-0.2725911438437796
38.43,-0.6344161598875409,-0.7791461663050454,-0.2743024783791217
38.45,-0.638816734406992,-0.7828133117379213,-0.2755248601900804
38.47,-0.6373498762338417,-0.7828133117379213,-0.2779696238119977
38.5,-0.6339272071631574,-0.7791461663050454,-0.2791920056229563
38.52,-0.6295266326437062,-0.7757234972343612,-0.2813922928826819
38.55,-0.6329493017143905,-0.781346453564771,-0.28310362741802403
38.57,-0.6302600617302815,-0.7842801699110717,-0.2718577147572044
38.587,-0.6302600617302815,-0.7845246462732635,-0.25694465666350885
38.61,-0.6302600617302815,-0.7874583626195643,-0.2620786602695352
38.63,-0.6375943525960334,-0.7894141735170981,-0.27943648198514803
38.65,-0.6329493017143905,-0.7830577881001131,-0.2821257219692571
38.67,-0.6273263453839807,-0.7759679735965529,-0.2750359074656969
38.69,-0.632460348990007,-0.7769458790453198,-0.2787030528985729
38.71,-0.6366164471472664,-0.7845246462732635,-0.2772361947254225
38.73,-0.6334382544387739,-0.7864804571707973,-0.2618341839073435
38.75,-0.626103963573022,-0.7818354062891544,-0.25670018030131714
38.77,-0.638816734406992,-0.7857470280842221,-0.26794609296213673
38.79,-0.6419949271154846,-0.7903920789658649,-0.2623231366317269
38.81,-0.61167985820371,-0.78403569354888,-0.2535219875928246
38.827,-0.6180362436206949,-0.7747455917855942,-0.25498884576597497
38.85,-0.6393056871313755,-0.7696115881795679,-0.267701616599945
38.87,-0.6300155853680897,-0.7771903554075115,-0.2774806710876142
38.9,-0.6368609235094582,-0.7815909299269627,-0.2777251474498059
38.92,-0.6407725453045259,-0.7749900681477859,-0.2787030528985729
38.94,-0.6278152981083641,-0.7740121626990191,-0.2733245729303548
38.96,-0.6268373926595973,-0.7605659627784739,-0.2760138129144638
38.977,-0.6344161598875409,-0.752253766463955,-0.28432600922898266
39.0,-0.6263484399352137,-0.755920911896831,-0.28432600922898266
39.02,-0.6317269199034318,-0.7593435809675152,-0.289460012835009
39.04,-0.6273263453839807,-0.7546985300858723,-0.2926382055435015
39.06,-0.6275708217461724,-0.7529871955505302,-0.30070592549582864
39.08,-0.6378388289582251,-0.7507869082908046,-0.3158634599517159
39.1,-0.6385722580448003,-0.7520092901017633,-0.3261314671637686
39.12,-0.6551966506738379,-0.7564098646212144,-0.3361549980136295
39.14,-0.6547076979494545,-0.7600770100540903,-0.34226690706842283
39.16,-0.6559300797604132,-0.7664333954710754,-0.3244201326284265
39.18,-0.6449286434617852,-0.7693671118173762,-0.29459401644103533
39.2,-0.6468844543593191,-0.7688781590929927,-0.28359258014240746
39.217,-0.626103963573022,-0.7774348317697033,-0.29752773278733613
39.24,-0.6637533233505485,-0.7627662500381994,-0.28163676924487363
39.26,-0.6776884759954772,-0.7710784463527183,-0.2652568529780277
39.29,-0.6493292179812364,-0.781346453564771,-0.24863246034899
39.31,-0.6571524615713717,-0.78403569354888,-0.24961036579775692
39.339,-0.6542187452250711,-0.7825688353757296,-0.2625676129939186
39.36,-0.6463955016349356,-0.7852580753598386,-0.2718577147572044
39.38,-0.6466399779971274,-0.7811019772025792,-0.2782141001741894
39.4,-0.647862359808086,-0.7847691226354552,-0.2789475292607646
39.417,-0.6534853161384958,-0.7972374171072334,-0.27454695474131346
39.44,-0.6644867524371237,-0.817528955169147,-0.27381352565473827
39.46,-0.6639977997127403,-0.8744919475598203,-0.3359105216514378
39.48,-0.7080035449072518,-0.9307215108639183,-0.4349234483390887
39.5,-0.6901567704672554,-0.9145860709592641,-0.5229349387281117
39.52,-0.6737768542004094,-0.8681355621428353,-0.5794089783944015
39.54,-0.6828224796015036,-0.9060293982825536,-0.529046847782905
39.558,-0.54811600403386,-0.9067628273691287,-0.42563334657580293
39.58,-0.30901812181034743,-0.912874736423922,-0.27039085658405404
39.6,-0.24520979127830578,-0.912874736423922,-0.1373957155517526
39.62,-0.16477706811722642,-0.9294991290529597,0.0686978577758763
39.64,-0.12052684656052318,-0.9341441799346025,0.12492742107997433
39.67,-0.1672218317391437,-0.9363444671943282,-0.03911621795067689
39.69,-0.2031598569813281,-0.9145860709592641,-0.017846774439996334
39.72,-0.22271796595666657,-0.9123857836995385,0.0073342908657519175
39.74,-0.35644653607554316,-0.9436787580600801,0.1063472175534028
39.757,-0.8197292424288727,-1.0568713137548513,0.20413776243009504
39.78,-1.4287198606484734,-1.044403019283073,-0.14155181370901201
39.8,-1.2915686214589126,-0.8595788894661247,-0.3227087980930844
39.82,-0.8070164715949026,-0.7097148794425939,-0.38480579408978394
39.84,-0.7947926534853161,-0.5261131314366042,-0.24496531491611404
39.86,-0.9275433181554258,-0.32710937261253553,-0.18189041347064755
39.88,-0.9698377288145952,-0.14937505729914738,-0.1982703297374935
39.9,-1.0057757540567795,-0.018091250802188062,-0.2478990312624148
39.92,-1.0265562448430767,0.05549613421752284,-0.31292974360541514
39.94,-1.0221556703236256,0.07578767227943647,-0.3371329034623965
39.96,-1.0013751795373285,0.04449469791889497,-0.3158634599517159
39.98,-0.9478348562173394,-0.02469211258136479,-0.2596338966476179
39.997,-0.9006509183143354,-0.12028237019833145,-0.16746630810133545
40.02,-0.979127830577881,-0.23958683494789598,-0.1166152247654555
40.04,-1.1759313021422242,-0.393851419490878,-0.04522812700547016
40.07,-1.2392506799498824,-0.6879564832075299,0.017602298077804602
40.09,-1.1529505240962015,-0.7820798826513461,-0.005622956330409804
40.11,-1.1368150841915472,-0.9275433181554258,-0.018824679888763254
40.13,-1.1600403385997615,-1.0967209607921033,0.1095254102618953
40.147,-1.1248357424441524,-1.1837545457323595,0.22051767869694097
40.17,-1.0590716010145769,-1.1368150841915472,0.23836445313693733
40.19,-0.928276747242001,-1.0920759099104604,0.22491825321639214
40.21,-0.7845246462732635,-1.0522262628732084,0.23396387861748616
40.23,-0.6793998105308193,-0.9942853650337683,0.2493658894355652
40.25,-0.6190141490694618,-0.9226537909115912,0.24643217308926443
40.27,-0.5732970693396082,-0.8446658313724291,0.25596675121474194
40.29,-0.5322250404913975,-0.7762124499587446,0.25449989304159154
40.31,-0.531736087767014,-0.7190049812058796,0.26819056932432844
40.33,-0.5378479968218073,-0.674265806924793,0.25303303486844114
40.359,-0.5618066803165969,-0.6263484399352137,0.25376646395501634
40.38,-0.5772086911346759,-0.588943556519879,0.2645234238914525
40.4,-0.5786755493078263,-0.5686520184579653,0.2633010420804938
40.42,-0.5830761238272775,-0.568896494820157,0.2542554166793998
40.45,-0.6571524615713717,-0.6226812945023378,0.24423188582953886
40.47,-0.7309843229532744,-0.6811111450661614,0.2471656021758396
40.5,-0.7901476026036732,-0.7786572135806619,0.27063533294624575
40.52,-0.8109280933899703,-0.8854933838584481,0.2936161109922684
40.537,-0.777679308131895,-0.9576139107050087,0.3038841182043211
40.56,-0.6960242031598569,-0.9903737432387005,0.28481496195336614
40.58,-0.6151025272743942,-1.031934724811295,0.31317421996760686
40.6,-0.5302692295938636,-1.0632276991718363,0.3806496959325245
40.62,-0.4503254591571677,-1.0972099135164868,0.4180545793478593
40.64,-0.3975185649237539,-1.136081655104972,0.4483696482596339
40.66,-0.4036304739785472,-1.1756868257800324,0.4830852916908596
40.68,-0.4498365064327843,-1.1876661675274272,0.5146227424135928
40.7,-0.5097332151697582,-1.183999022094551,0.5532500076398863
40.72,-0.5657183021116645,-1.1959783638419461,0.6265929162974054
40.74,-0.6155914799987776,-1.1803318766616753,0.7275616538825902
40.76,-0.6305045380924732,-1.114323258869908,0.8097057115790117
40.777,-0.6652201815236989,-1.0532041683219753,0.8456437368211961
40.8,-0.7104483085291691,-1.001864132261712,0.8549338385844818
40.82,-0.6801332396173945,-0.9341441799346025,0.8527335513247563
40.85,-0.42832258655991196,-0.8395318277664028,0.9334107508480274
40.87,-0.35546863062677625,-0.8072609479570944,0.9612810561378846
40.89,-0.3500901506585582,-0.7815909299269627,1.0375576811417047
40.91,-0.32564251443938513,-0.8050606606973688,1.088897717201968
40.927,-0.32637594352596033,-0.8515111695137976,1.1238578369953856
40.95,-0.31708584176267457,-0.9703266815389787,1.129725269687987
40.97,-0.3055954527396632,-1.1634630076704457,1.1497723313877088
40.99,-0.24178712220762155,-1.24316230174495,1.1363261314671638
41.01,-0.12272713382024875,-1.3453534211410934,1.0937872444458026
41.03,-0.12835009015065857,-1.5575589035235156,1.0854750481312838
41.05,-0.2916603000947346,-1.6392140084955535,1.0033309904348624
41.07,-0.4532591755034685,-1.6511933502429483,0.7923478898633988
41.09,-0.5437154295144088,-1.6181890413470648,0.5378479968218073
41.11,-0.6287932035571311,-1.579806252482963,0.3845613177275922
41.13,-0.6877120068453382,-1.5504690890199553,0.3818720777434832
41.15,-0.7561653882590227,-1.4404547260336766,0.32686489625034376
41.167,-0.780368548116004,-1.3067261559148,0.2772361947254225
41.19,-0.7576322464321731,-1.1849769275433182,0.3183082235736332
41.21,-0.7617883445894325,-1.0429361611099226,0.42905601564648715
41.24,-0.7500534792042294,-0.9184976927543318,0.4850411025883935
41.26,-0.6974910613330073,-0.8065275188705192,0.523668367814687
41.28,-0.6243926290376799,-0.6840448614124621,0.5649848730250894
41.3,-0.5742749747883752,-0.5652293493872811,0.6187696727072701
41.317,-0.5984781346453565,-0.48748586621031076,0.6957797267976652
41.34,-0.6561745561226049,-0.44421355010237445,0.7999266570913425
41.37,-0.7278061302447819,-0.380160743208141,0.8026158970754514
41.39,-0.7021361122146502,-0.23029673318461022,0.9070073037313204
41.41,-0.595299941936864,-0.14815267548818872,1.0646945573449866
41.43,-0.6818445741527366,-0.010512483574244415,0.9867065978058246
41.45,-0.8326864896250343,0.04058307612382728,0.9170308345811814
41.47,-0.837576016868869,-0.04131650521040247,0.9796167833022644
41.49,-0.8343978241603764,-0.23738654768817039,1.1162790697674418
41.508,-1.0187330012529414,-0.4662164226996302,1.2082021819515325
41.53,-1.2793448033493262,-0.6605751306420561,1.2791003269871344
41.55,-1.4370320569629924,-0.9052959691959783,1.3453534211410934
41.57,-1.4837270421416129,-1.2162699019038596,1.4649023622528496
41.59,-1.4580570241114812,-1.66415059743911,1.6531491611404823
41.62,-1.5191761146594138,-2.1450356018702443,1.8196375637930506
41.64,-1.6885982336582832,-2.473856309018122,1.8580203526571524
41.67,-1.7396937933563548,-3.1706139412645538,1.9259847813464535
41.69,-1.757785044158543,-3.4969898847905143,2.1066528130061424
41.707,-1.655104972038016,-3.699660789047459,2.1575038963420226
41.73,-1.6184335177092564,-3.8189652537970233,2.025486660758488
41.75,-1.7788100113070318,-3.8976866424227605,2.051401155150811
41.77,-1.8472633927207163,-3.8881520642972833,2.150658558200654
41.79,-1.8140146074626409,-3.8529474681416738,2.1601931363261313
41.81,-1.8345506218867462,-3.8050301011520946,2.131589401949699
41.83,-1.7137792989640315,-3.683036396418421,2.0183968462549275
41.85,-1.5184426855728386,-3.5006570302233904,1.865599119885096
41.87,-1.3534211410934205,-3.2715826788497386,1.671484888304862
41.89,-1.1764202548666076,-3.058154814656358,1.4803043730709287
41.91,-1.0368242520551294,-2.8281025578339394,1.391070500870947
41.93,-0.946367998044189,-2.5992726828224795,1.3272621703389054
41.948,-0.7128930721510863,-2.4044250221556704,1.1546618586315436
41.97,-0.381138648656908,-2.1792622925770866,0.9524799070989823
41.99,-0.17700088622681295,-1.9316077376768632,0.7779237844940867
42.01,-0.14081838462243682,-1.7262475934358097,0.627081869021789
42.03,-0.05207346514683862,-1.568804816184335,0.5510497203801608
42.06,0.13935152644928644,-1.4123399443816276,0.5207346514683862
42.08,0.3300430889588363,-1.2839898542309691,0.48699691348592733
42.097,0.4510588882437429,-1.1385264187268893,0.3813831250190997
42.12,0.559850869419063,-0.9803502123888397,0.3077957399993888
42.14,0.6485957888946612,-0.8412431623017449,0.2535219875928246
42.16,0.7334290865751918,-0.736851755645876,0.26794609296213673
42.18,0.8786480457170797,-0.6031231855269994,0.3324878525807536
42.2,1.0040644195214374,-0.4542370809522354,0.304862023653088
42.22,0.9708156342633621,-0.3437337652415732,0.182379366195031
42.24,0.8145952388228463,-0.3236867035418513,0.08287748678299667
42.26,0.6410170216667176,-0.4109647648442991,-0.006600861779176726
42.28,0.5454267640497509,-0.5092442624453748,-0.025670018030131712
42.3,0.5664517311982398,-0.52269046236592,0.027625828927665557
42.32,0.600678421905082,-0.5087553097209914,0.10243559575833511
42.338,0.5033768297527733,-0.575252880237142,0.1166152247654555
42.36,0.20756043150077927,-0.7996821807291508,0.05867432692601534
42.39,-0.25205512941967423,-1.1913333129603032,-0.041072028848210734
42.41,-0.8857378602206399,-1.6030315068911773,0.14815267548818872
42.43,-1.0324236775356783,-2.015707606270819,0.3158634599517159
42.45,-1.5944748342144668,-2.7144210494147845,0.452770222779085
42.47,-2.3301042080493843,-2.7320233474925892,0.6696207560431501
42.487,-2.932005011765425,-2.974543898786786,1.048070164715949
42.51,-3.2398007517648137,-3.0065703022339028,1.15979586223757
42.53,-3.425602787030529,-3.0420193747517037,1.225071050942762
42.55,-3.323900620358769,-3.027839745744583,1.3301958866852062
42.57,-3.1938391956727683,-2.9713657060782936,1.4697918894966842
42.59,-3.088958836292516,-2.8850655502246125,1.6091434159459708
42.61,-2.9513186443785715,-2.8970448919720075,1.8355285273355133
42.63,-2.7963206307490145,-2.689239984109036,1.7682975277327873
42.65,-2.52446291599181,-2.4227607493200503,1.5318888854933839
42.67,-2.3340158298444518,-2.2171561287168045,1.305014821379458
42.69,-2.135256547382575,-2.0648473550713566,1.177887113039758
42.71,-1.8233047092259267,-1.9012926687650888,1.0348684411575955
42.728,-1.5582923326100908,-1.7228249243651255,0.9449011398710387
42.75,-1.349265042936161,-1.4644134095284662,0.8754698530085873
42.77,-1.153439476820585,-1.232160865446322,0.8710692784891361
42.79,-1.0314457720869112,-0.9693487760902118,0.8867157656694068
42.81,-0.9906182196008924,-0.6385722580448003,0.8955169147083091
42.84,-0.891116340188858,-0.3845613177275922,0.9263209363444672
42.86,-0.7546985300858723,-0.18824679888763254,0.9717935397121291
42.877,-0.5740304984261834,-0.05842985056382361,1.0693396082266295
42.9,-0.4173211502612841,-0.026892399841090365,1.232160865446322
42.92,-0.3640253033034868,-0.0073342908657519175,1.3935152644928643
42.94,-0.47501757173853254,0.0831219631451884,1.3896036426977967
42.96,-0.6554411270360296,0.22002872597255752,1.1690859640008557
42.98,-0.7070256394584848,0.21416129327995598,1.0148213794578735
43.0,-0.676955046908902,0.0046450508816428815,1.150750236836476
43.02,-0.6820890505149283,-0.3354215689270544,1.3187054976621948
43.04,-0.7488310973932708,-0.6583748433823304,1.2942578614430218
43.06,-0.8727806130244782,-0.8955169147083091,1.1654188185679797
43.08,-1.0060202304189714,-1.214069614644134,1.1602848149619533
43.1,-1.0893866699263515,-1.6221006631421324,1.25587507257892
43.118,-1.2563640253033035,-2.0396662897656084,1.300369770497815
43.14,-1.5213764019191394,-2.386578247715674,1.3372857011887662
43.16,-1.6607279283684258,-2.742291354704642,1.3380191302753415
43.18,-1.695932524524035,-3.1402988723527794,1.432631482443541
43.2,-1.7922562112275768,-3.476942823090792,1.4277419551997066
43.23,-2.17975124530147,-4.039971885218348,1.2299605781865965
43.25,-2.218622986889955,-4.266845949332274,1.320416832197537
43.267,-2.1746172416954437,-4.259511658466522,1.3350854139290407
43.29,-2.1230327292729885,-4.28322586559912,1.3179720685756195
43.31,-2.20517678696941,-4.251688414876386,1.2148030437307094
43.33,-2.31959172447514,-4.165143782660514,1.2267823854781041
43.35,-2.1726614307979095,-4.137517953732848,1.3908260245087554
43.37,-1.868288359869205,-4.1113589829783335,1.4304311951838156
43.4,-1.7318705497662195,-4.002811478165205,1.4502337805213459
43.42,-1.4424105369312104,-3.7808269412951137,1.4932616202670903
43.44,-0.9827949760107569,-3.4522507105094276,1.368578675549308
43.459,-0.6153470036365859,-2.9848119059988387,1.164196436757021
43.48,-0.3518014851939003,-2.4895027961983924,0.9109189255263882
43.5,-0.14668581731503835,-2.0438223879228676,0.7033584940256089
43.52,-0.02493658894355652,-1.6558384011245912,0.5420040949790667
43.54,-0.01637991626684595,-1.3654004828408153,0.4444580264645662
43.557,-0.10170216667175992,-1.189621978424961,0.43003392109525407
43.58,-0.05280689423341381,-1.0558934083060845,0.4684167099593558
43.6,0.25792256211227577,-0.906518351006937,0.5385814259083824
43.62,0.6199920545182288,-0.8209516242398313,0.6341716835253491
43.64,0.7199828866546466,-0.6268373926595973,0.4476362191730587
43.657,0.683311432325887,-0.47257280811661523,0.35620205971335145
43.68,0.6285487271949394,-0.3989854230969043,0.3099960272591144
43.7,0.5615622039544051,-0.3596247287840357,0.2916603000947346
43.72,0.5537389603642697,-0.31513003086514074,0.32490908535280993
43.74,0.5813647892919354,-0.29630535097637745,0.2877486782996669
43.757,0.6798887632552028,-0.3219753690065092,0.17382269351832044
43.78,0.8018824679888763,-0.37307092870458086,0.05940775601259053
43.8,0.777679308131895,-0.40411942670293066,0.04229441065916939
43.82,0.6928460104513645,-0.43345659016593835,0.07921034135012071
43.84,0.7043363994743758,-0.4967759679735965,0.1447300064175045
43.86,0.7248724138984812,-0.6243926290376799,0.24496531491611404
43.88,0.6195031017938453,-0.8754698530085873,0.4234330593160774
43.898,0.2877486782996669,-1.3514653301958865,0.594322036488097
43.92,-0.34177795434403935,-2.049934296977661,0.6437062616508267
43.94,-1.3419307520704091,-2.574580570241115,0.569874400268924
43.96,-2.4357179965162117,-2.596827919200562,0.6615530360908229
43.98,-2.912691379152278,-2.601717446444397,0.8666687039696849
44.01,-3.210463588301806,-3.057176909207591,1.0720288482107385
44.03,-3.350304067475476,-2.851327812242154,0.7965039880206582
44.047,-2.882131833878312,-2.9021788955780337,0.896494820157076
44.07,-2.693885034990679,-3.033462702074993,1.1157901170430584
44.09,-2.603428780979739,-3.031995843901843,1.2370503926901568
44.11,-2.7053754240136905,-2.925404149986248,1.1644409131192128
44.13,-2.785563670812578,-2.715643431225743,1.0400024447636218
44.15,-2.657702533386303,-2.530574825046603,1.0192219539773248
44.17,-2.4821685053326408,-2.279986553800079,0.8669131803318767
44.19,-2.229624423188583,-2.0367325734193074,0.6573969379335636
44.21,-1.8844237997738593,-1.7814992512911407,0.5728081166152248
44.23,-1.4668581731503836,-1.6663508846988357,0.6346606362497326
44.25,-1.204046083794273,-1.5993643614583015,0.6784219050820524
44.27,-1.1135898297833329,-1.4443663478287443,0.6063013782354918
44.288,-1.145127280506066,-1.1920667420468782,0.5461601931363261
44.31,-1.106255538917581,-0.890138434740091,0.5640069675763224
44.33,-0.9757051615071968,-0.6089906182196009,0.6877120068453382
44.35,-0.8564006967576322,-0.3527793906426672,0.8828041438743391
44.37,-0.7708339699905266,-0.09583473397915838,1.0409803502123889
44.409,-0.6561745561226049,0.13959600281147816,1.1539284295449683
44.43,-0.3036396418421294,0.4801515753445589,1.2226262873208447
44.45,-0.34226690706842283,0.47232833175442346,1.1446383277816825
44.47,-0.43223420835497967,0.32735384897472725,1.0260672921186933
44.487,-0.5251352259878372,0.07163157412217706,1.080585520887449
44.51,-0.4339455428903218,-0.1686886899122941,1.238517250863307
44.53,-0.34153347798184763,-0.3664700669254041,1.3116156831586345
44.55,-0.490908535280995,-0.8004156098157259,1.408183846224368
44.57,-0.7583656755187482,-1.3377746539131496,1.450967209607921
44.59,-0.9214314091006326,-1.4661247440638083,1.3336185557558904
44.61,-1.0468477829049903,-1.7969012621092197,1.3507319011093115
44.629,-1.1135898297833329,-2.33377135348226,1.5416679399810531
44.65,-1.2419399199339913,-2.707086758549033,1.6883537572960914
44.67,-1.4350762460654585,-3.1402988723527794,1.8149925129114077
44.69,-1.5763835834122788,-3.5974696696513155,1.8526418726889344
44.71,-1.648015157534456,-3.992543470953152,1.9154722977722092
44.727,-1.6037649359777526,-4.325275799896097,2.120587965651071
44.75,-1.5257769764385907,-4.681966812333832,2.426427894752926
44.77,-1.7348042661125203,-5.1120007334290865,2.4393851419490877
44.79,-1.9360083121963145,-5.073617944564985,2.2917214191852824
44.81,-1.802279742077438,-4.900773156495431,2.3653088042049935
44.827,-1.7000886226812946,-4.7553097209913515,2.482657458057024
44.85,-1.5482688017602297,-4.568040827552486,2.590716010145769
44.87,-1.3397304648106836,-4.283714818323503,2.429117134737035
44.89,-1.2152919964550928,-3.9671179292852123,2.1227882529107966
44.91,-1.1497723313877088,-3.5493078262995446,1.8800232252544082
44.93,-0.9268098890688506,-3.1703694649023624,1.683219753690065
44.95,-0.5813647892919354,-2.7606270818690217,1.4734590349295602
44.97,-0.31635241267609937,-2.319102771750756,1.16688567674113
44.99,-0.07480976683066956,-1.9484766066680927,0.8960058674326926
45.01,0.09241206490847416,-1.5903187360572075,0.6718210433028756
45.03,0.14106286098462856,-1.2989029123246645,0.5019099715796229
45.05,0.33933319072212204,-1.1067444916419644,0.44176878648045714
45.068,0.8097057115790117,-0.8725361366622865,0.5522721021911193
45.09,0.9439232344222718,-0.41560981572594197,0.3899397976958103
45.11,0.8089722824924365,-0.1359288573786022,0.09559025761696666
45.13,0.8246187696727073,-0.14839715185038047,-0.10023530849860954
45.15,0.7757234972343612,-0.18971365706078294,-0.10512483574244415
45.18,0.47746233536044985,-0.048406319713962656,-0.05867432692601534
45.2,0.19240289704489197,0.16819973718791065,-0.09070073037313205
45.217,0.022736301683830944,0.41927696115881796,-0.35913577605965225
45.24,0.016624392629037678,0.5813647892919354,-0.5975002291965895
45.26,0.08703358494025609,0.529046847782905,-0.46083794273141215
45.28,-0.061119090547932645,0.5561837239861871,-0.38505027045197565
45.3,-0.0838553922317636,0.7116706903401278,-0.31855269993582497
45.32,0.04253888702136112,1.725025211624851,-0.24423188582953886
45.34,-0.29386058735446013,2.028909329829172,-0.20878281331173792
45.36,-0.4063197139626562,0.9395226599028206,-0.23200806771995233
45.38,-0.6904012468294471,0.5838095529138526,-0.21636158053968157
45.4,-1.0065091831433548,0.7133820248754699,-0.14961953366133912
45.43,-1.1637074840326376,0.8097057115790117,-0.11343703205696298
45.45,-1.473703511291752,0.7348959447483421,-0.2046267151544785
45.47,-1.5974085505607676,0.7138709775998533,-0.22882987501145982
45.49,-1.5917855942303578,0.7334290865751918,-0.1975369006509183
45.507,-1.5343336491153012,0.8180179078935306,-0.13715123918956085
45.53,-1.529199645509275,0.8608012712770834,-0.18115698438407235
45.55,-1.5551141399015982,0.7390520429056016,-0.3080402163615805
45.57,-1.4304311951838156,0.5006875897686642,-0.4222106775051187
45.59,-1.2795892797115178,0.3500901506585582,-0.4967759679735965
45.607,-1.2035571310698896,0.24912141307337346,-0.5266020841609876
45.63,-1.078140757265532,0.1359288573786022,-0.5214680805549613
45.65,-0.8920942456376248,0.053540323319988994,-0.538092473183999
45.67,-0.7581211991565565,0.023225254408214404,-0.6322158726278153
45.69,-0.6720655196650673,0.012223818109586528,-0.7033584940256089
45.707,-0.604345567337958,-0.009534578125477493,-0.698713443143966
45.73,-0.5302692295938636,-0.05280689423341381,-0.657885890657947
45.75,-0.4510588882437429,-0.10341350120710203,-0.5886990801576872
45.77,-0.3828499831922501,-0.13543990465421873,-0.5028878770283898
45.79,-0.3791828377593741,-0.14277419551997067,-0.4253888702136112
45.81,-0.5006875897686642,-0.1821348898328393,-0.3317544234941784
45.83,-0.7251168902606729,-0.242276074932005,-0.22442930049200868
45.848,-1.0495370228890994,-0.26965742749747884,-0.20682700241420407
45.87,-1.1544173822693518,-0.3637808269412951,-0.12810561378846683
45.89,-1.2563640253033035,-0.4251443938514195,0.034960119793417475
45.91,-1.7252696879870426,-0.6375943525960334,0.20487119151667021
45.93,-2.1220548238242216,-1.207957705589341,0.40558628487608106
45.96,-2.015707606270819,-1.5746722488769367,0.5759863093237173
45.98,-2.6259206063013782,-1.8905357088286525,0.9116523546129633
45.997,-3.3906426672371115,-2.1403905509886014,0.9964856522934938
46.02,-3.275005347920423,-2.161171041774898,0.7378296610946429
46.04,-3.3957766708431376,-2.323992298994591,0.6126577636524768
46.06,-3.5622650734957064,-2.4567429636647007,0.6402835925801424
46.08,-3.424624881581762,-2.6418115698438407,0.49848730250893863
46.1,-3.2334443663478285,-2.94398435351282,0.36989273599608835
46.12,-3.4067781071417658,-3.29578583870672,0.3623139687681447
46.14,-3.380374660025059,-3.2916297405494603,0.35938025242184396
46.16,-3.120496287015249,-3.2209760718760503,0.3796717904837576
46.18,-2.9950799132108914,-3.22659902820646,0.5124224551538673
46.2,-2.8845765975002293,-3.2111970173883813,0.7850135989976469
46.22,-2.562356752131528,-3.075268160009779,1.139748800537848
46.238,-2.159704183601748,-2.931027106316658,1.5981419796473428
46.26,-1.783944014913058,-2.819301408795037,2.04553372245821
46.28,-1.3944931699416312,-2.7398465910827245,2.353818415181982
46.3,-0.9720380160743208,-2.3640864223940348,2.327903920789659
46.32,-0.6126577636524768,-1.655104972038016,2.2110442196620115
46.35,-0.23689759496378693,-0.4825963389664762,1.928185068606179
46.37,-0.6816000977905449,-0.188735751612016,1.474681416740519
46.387,-0.7043363994743758,-0.1334840937566849,1.0536931210463587
46.41,-0.2608562784585765,-0.12052684656052318,0.7933257953121657
46.439,0.07016471594902668,-0.1904470861473581,0.8207071478776395
46.46,0.188735751612016,-0.3202640344711671,0.8796259511658466
46.48,0.2755248601900804,-0.3818720777434832,0.7300064175045076
46.5,0.2285853986492681,-0.25523332212816674,0.5324695168535892
46.52,0.14179629007120373,-0.0686978577758763,0.3762491214130734
46.537,0.2063380496898206,0.12126027564709838,0.2398313113100877
46.56,0.452770222779085,0.31219631451883995,0.09412339944381627
46.579,0.6904012468294471,0.44959203007059256,-0.02469211258136479
46.6,0.6974910613330073,0.402897044891972,0.09583473397915838
46.62,0.5979891819209731,0.22882987501145982,0.18751336980105734
46.64,0.563518014851939,0.14766372276380527,0.24814350762460655
46.66,0.5273355132475629,0.12248265745805702,0.24178712220762155
46.677,0.3943403722152614,0.09559025761696666,0.23567521315282827
46.7,0.21367234055557252,0.06283042508327476,0.27381352565473827
46.72,0.07578767227943647,0.02102496714848883,0.3229532744552761
46.74,-0.049628701524921305,-0.014424105369312105,0.3813831250190997
46.76,-0.20487119151667021,-0.04547260336766189,0.45594841548757753
46.777,-0.3373773798245882,-0.09534578125477493,0.4850411025883935
46.8,-0.42978944473306235,-0.2053601442410537,0.4532591755034685
46.82,-0.5671851602848149,-0.4077865721358066,0.5740304984261834
46.84,-0.7524982428261467,-0.6869785777587629,0.8043272316107937
46.86,-1.0277786266540354,-0.8603123185527,0.8896494820157076
46.88,-1.342908657519176,-0.7984597989181921,0.8730250893866699
46.9,-1.6044983650643279,-0.7490755737554625,0.7987042752803838
46.92,-1.8064358402346972,-0.7835467408244965,0.8317085841762675
46.94,-1.8744002689239985,-0.8612902240014668,0.9439232344222718
46.96,-1.883690370687284,-1.1030773462090884,1.0981878189652539
46.98,-1.9017816214894723,-1.3874033554380711,1.1390153714512727
47.0,-1.8663325489716713,-1.4983956238731166,1.0392690156770468
47.018,-1.8939583778993367,-1.5475353726736545,0.9250985545335085
47.04,-1.9103382941661828,-1.66415059743911,1.0077315649543135
47.06,-1.8467744399963328,-1.8005684075420958,1.15979586223757
47.08,-1.7834550621886747,-1.9739021483360326,1.2629648870824801
47.1,-1.7147572044127983,-2.098829569416007,1.2707881306726156
47.13,-1.487394187574489,-2.2063991687803686,0.7429636647006692
47.15,-1.4460776823640864,-2.0029948354368488,0.7121596430645112
47.167,-1.2781224215383675,-1.896647617883446,1.0402469211258136
47.19,-1.3507319011093115,-1.9682791920056228,1.2326498181707055
47.21,-1.6010756959936436,-1.9078935305442655,1.1695749167252392
47.23,-1.6277236194725422,-1.8345506218867462,1.0683617027778627
47.25,-1.546312990862696,-1.8230602328637349,0.9906182196008924
47.27,-1.5578033798857072,-1.6020536014424105,0.8170400024447636
47.29,-1.560003667145433,-1.4177184243498457,0.8730250893866699
47.31,-1.432875958805733,-1.3932707881306725,1.0346239647954039
47.33,-1.2360724872413897,-1.2742107997432999,0.9412339944381627
47.35,-0.9304770345017266,-1.0519817865110166,0.6446841670995935
47.37,-0.6099685236683678,-0.8517556458759894,0.4070531430492314
47.39,-0.3950738013018366,-0.6862451486721878,0.26012284937200136
47.408,-0.2769917183632308,-0.5478715276716682,0.17064450080982796
47.43,-0.16282125721969257,-0.45790422638511136,0.05574061057971457
47.459,0.024447636219173056,-0.4224551538673105,-0.1376401919139443
47.48,0.15450906090517372,-0.4239220120404608,-0.34397824160376494
47.5,0.07260947957094398,-0.5527610549155029,-0.4923753934541454
47.52,-0.20756043150077927,-0.832930965987226,-0.5332029459401644
47.54,-0.564495920300706,-1.1825321639214008,-0.2972832564251444
47.557,-0.9013843474009107,-1.5947193105766586,0.2615897075451517
47.58,-1.2460960180912508,-2.0795159368028604,0.7710784463527183
47.6,-1.5856736851755646,-2.6386333771353483,0.9507685725636402
47.62,-2.081471747700394,-3.0694007273171775,0.9544357179965162
47.64,-2.777740427222443,-3.160590410414693,1.254897167130153
47.657,-2.7997432998196987,-3.132720105124836,1.6573052592977415
47.68,-2.290254561012132,-3.3654616019313632,1.9494545121168596
47.7,-2.298566757326651,-3.737554625187177,1.7951899275738776
47.72,-2.5931607737676865,-4.042905601564649,1.6367692448736362
47.74,-2.635455184426856,-4.372704214161293,1.8741557925618066
47.76,-2.386578247715674,-4.567551874828102,2.0895394676527212
47.78,-1.9856370137212358,-4.645295358005073,2.2819423646976134
47.798,-1.6013201723558352,-4.439935213764019,2.441829905571005
47.82,-1.2930354796320631,-3.9106438896189224,2.67701616599945
47.84,-1.0969654371542952,-2.9894569568804816,2.759160223695871
47.86,-1.1663967240167465,-2.047245056993552,2.494392323442227
47.88,-1.4942395257158574,-1.6272346667481588,2.0892949912905294
47.91,-1.0468477829049903,-1.4749258931027105,1.447300064175045
47.93,-0.5938330837637136,-1.3803135409345109,1.3399749411728754
47.947,-0.31219631451883995,-1.2035571310698896,1.2614980289093298
47.97,-0.19949271154845216,-0.9693487760902118,1.176909207590991
47.99,-0.17773431531338812,-0.7630107264003911,1.0585826482901934
48.01,-0.08361091586957185,-0.6735323778382177,0.9475903798551477
48.03,0.08923387219998166,-0.6373498762338417,0.8590899367417413
48.047,0.20829386058735447,-0.5483604803960517,0.6884454359319133
48.07,0.25621122757693365,-0.42563334657580293,0.5520276258289276
48.09,0.28310362741802403,-0.31121840907007303,0.4994652079577056
48.11,0.34422271796595666,-0.22198453687009137,0.49139748800537847
48.13,0.4190324847966262,-0.15035296274791432,0.4388350701341564
48.15,0.5219570332793448,-0.09216758854628243,0.3183082235736332
48.17,0.5784310729456346,-0.028603734376432478,0.21856186779940714
48.188,0.5361366622864652,-0.003422669070684228,0.23640864223940347
48.21,0.5446933349631757,-0.02493658894355652,0.2615897075451517
48.23,0.554472389450845,0.02884821073862421,0.26672371115117804
48.25,0.46083794273141215,0.12297161018244049,0.2180729150750237
48.27,0.4341900192525135,0.1679552608257189,0.15573144271613237
48.3,0.5464046694985178,0.04816184335177093,0.11417046114353818
48.32,0.5908993674174128,-0.18531308254133178,0.15573144271613237
48.337,0.48479662622620173,-0.396540659474987,0.3051065000152798
48.36,0.3500901506585582,-0.47770681172264157,0.35644653607554316
48.38,0.16648840265256853,-0.5468936222229013,0.4799070989823671
48.4,-0.21293891146899735,-1.0153103321822572,0.8661797512453014
48.42,-1.0028420377104788,-2.1746172416954437,1.448277969623812
48.437,-1.9594780429667207,-2.5229960578186597,1.524554594627632
48.47,-2.873575161201601,-2.2137334596461202,0.9852397396326742
48.49,-3.238578369953855,-3.1789261375790727,1.4614796931821654
48.51,-2.7334902056657397,-3.81994315924579,1.773920484063197
48.529,-3.111695137976347,-3.869082908046328,1.4497448277969625
48.55,-3.3471258747669834,-3.9236011368150843,1.3810469700210861
48.57,-3.380130183662867,-3.907221220548238,1.4805488494331205
48.59,-3.4006661980869723,-3.727531094337316,1.4925281911805153
48.61,-3.3270788130672613,-3.3943098126699875,1.3455978975032852
48.627,-3.1437215414234636,-3.0082816367692446,1.2133361855575588
48.65,-2.874553066650368,-2.82394645967668,1.2130917091953672
48.67,-2.640833664395074,-2.6650368242520552,1.2196925709745439
48.69,-2.395623873116768,-2.446474956452648,1.1881551202518106
48.71,-2.147969318216545,-2.240381383125019,1.137059560553739
48.727,-1.9206063013782355,-2.0257311371206796,1.0668948446047122
48.75,-1.7399382697185466,-1.8196375637930506,1.0932982917214191
48.77,-1.5531583290040645,-1.523576689178865,1.049048070164716
48.79,-1.3788466827613606,-1.2551416434923448,0.9830394523729487
48.81,-1.236805916327965,-1.0446474956452647,1.0170216667175993
48.83,-1.054426550132934,-0.8243742933105155,1.0693396082266295
48.85,-0.6974910613330073,-0.6080127127708339,1.0991657244140207
48.87,-0.3080402163615805,-0.38725055771170125,1.1967117929285211
48.89,0.047183937903004,-0.18555755890352352,1.286679094215078
48.91,0.3884729395226599,0.07456529046847783,1.2094245637624912
48.93,0.5486049567582434,0.3667145432875959,1.0527152155975918
48.95,0.6446841670995935,0.5138893133270177,1.0143324267334901
48.968,0.6877120068453382,0.46010451364483695,1.06518351006937
48.99,0.7131375485132782,0.31292974360541514,1.1038107752956636
49.01,0.6314824435412401,0.304862023653088,1.0590716010145769
49.03,0.5424930477034502,0.31317421996760686,0.9901292668765088
49.05,0.3945848485774532,0.18091250802188064,0.9177642636677567
49.08,0.14057390826024507,-0.09925740304984261,0.8945390092595422
49.1,-0.14032943189805336,-0.6202365308804205,0.9815725941997983
49.13,-1.2392506799498824,-1.5064633438254438,1.0976988662408702
49.15,-1.5152644928643462,-1.7084008189958133,1.0013751795373285
49.167,-1.8123032729272988,-2.1401460746264096,1.0617608409986858
49.19,-2.0741374568346425,-2.38462243681814,0.9126302600617303
49.21,-1.8577758762949608,-2.560889893958378,0.8466216422699631
49.23,-1.7181798734834826,-2.8354368486996915,0.8962503437948843
49.25,-1.7807658222045655,-3.2099746355774226,1.0050423249702045
49.27,-2.0477340097179355,-3.6084711059499432,0.9827949760107569
49.29,-2.200531736087767,-3.784983039452373,0.993551935947193
49.31,-1.92549582862207,-4.04021636158054,1.2419399199339913
49.33,-1.8543532072242765,-4.406930904868135,1.3668673410139658
49.35,-2.0474895333557437,-4.717415884851634,1.5458240381383124
49.37,-2.049934296977661,-4.810561378846683,1.7392048406319713
49.39,-1.8954252360724873,-4.793203557131069,1.6856645173119824
49.407,-1.958255661155762,-4.582953885646181,1.3976713626501238
49.43,-2.0364880970571155,-4.402041377624301,1.193289123857837
49.45,-2.1582373254285976,-4.323075512636372,1.4015829844451915
49.49,-2.098829569416007,-4.368303639641842,1.766830669559637
49.505,-1.8763560798215322,-4.236041927696116,1.6037649359777526
49.54,-1.0886532408397762,-3.414601350731901,1.181554258472634
49.557,-0.8297527732787336,-2.904868135562143,0.9358555144699446
49.58,-0.600678421905082,-2.4423188582953883,0.7781682608562784
49.6,-0.44543593191333314,-2.01448522445986,0.6889343886562967
49.62,-0.34348928887938146,-1.6590165938330836,0.6155914799987776
49.64,-0.23885340586132078,-1.3678452464627326,0.5718302111664578
49.66,-0.10390245393148549,-1.106988968004156,0.4975093970601717
49.68,0.07212052684656052,-0.8886715765669406,0.43076735018182927
49.7,0.29997249640925344,-0.7324511811264248,0.4070531430492314
49.72,0.4982428261467469,-0.5505607676557772,0.34006661980869723
49.74,0.5659627784738563,-0.364758732390062,0.25792256211227577
49.76,0.5713412584420744,-0.2779696238119977,0.22051767869694097
49.78,0.600678421905082,-0.28897106011062557,0.22809644592488462
49.797,0.6246371053998716,-0.3359105216514378,0.25767808575008405
49.82,0.7170491703083458,-0.3341991871160957,0.28530391467774957
49.84,0.8549338385844818,-0.2430095040185802,0.24423188582953886
49.87,0.6004339455428903,-0.14986401002353084,0.12737218470189163
49.89,0.41463191027717505,-0.23860892949912904,0.12859456651285028
49.91,0.3796717904837576,-0.3471564343122574,0.0623414723588913
49.93,0.3486232924854078,-0.44470250282675794,0.02933716346300767
49.947,0.08776701402683128,-0.6109464291171347,0.059896708736973996
49.97,-0.30192830730678727,-0.8678910857806436,-0.032270879809308435
49.99,-0.8018824679888763,-1.201356843810164,-0.25303303486844114
50.01,-1.5279772636983162,-1.4756593221892857,-0.45863765547168656
50.03,-2.413715123918956,-1.3433976102435596,-0.49017510619441984
50.05,-2.7298230602328637,-0.8576230785685909,-0.4620603245423708
50.07,-2.9813892369281545,-0.6647312287993155,-0.4532591755034685
50.09,-3.4304923142743635,-0.5820982183785105,-0.4378571646853895
50.11,-3.555175258992146,-0.47550652446291597,-0.21758396235064023
50.13,-3.522659902820646,-0.3227087980930844,0.11930446474956452
50.15,-3.4925893102710632,-0.05402927604437246,0.3200195581089753
50.17,-3.279161446077682,0.03691593069095132,0.4813739571555175
50.187,-3.1356538214711365,-0.06845338141368457,0.7121596430645112
50.21,-3.0395746111297863,-0.17700088622681295,0.9551691470830914
50.23,-2.8146563579133943,-0.33053204168321976,1.2627204107202885
50.26,-2.49903737432387,-0.5334474223023561,1.7079118662714299
50.28,-2.1675274271918834,-0.5874766983467286,2.16141551813709
50.3,-1.9668123338324726,-0.45765975002291964,2.3332824007578767
50.32,-2.037221526143691,-0.4530146991412768,2.3543073679063653
50.337,-1.7937230694007273,-0.8177734315313387,2.4787458362619565
50.36,-0.946367998044189,-0.9453900925954222,2.6501237661583597
50.38,-0.4112092412064908,-0.6549521743116462,2.622253460868502
50.4,-0.23738654768817039,-0.34813433976102437,2.2643400666198086
50.42,-0.09290101763285762,-0.12419399199339913,1.9157167741344008
50.44,0.1183265593007976,0.0004889527243834612,1.921095254102619
50.46,0.37233749961800566,0.10341350120710203,2.015463129908627
50.48,0.5835650765516609,0.3527793906426672,2.025486660758488
50.51,0.6740213305626012,0.7385630901812181,1.8959141887968707
50.528,0.591632796503988,0.8133728570118877,2.2144668887326957
50.55,0.3669590196497876,0.4271002047489533,2.311035051798429
50.57,0.4498365064327843,0.31928612902240017,2.152614369098188
50.59,0.48455214986401,0.2791920056229563,2.016196558995202
50.61,0.4244109647648443,0.14032943189805336,1.9902820646028787
50.64,0.3253980380771934,-0.34495614705253186,2.0748708859212175
50.66,0.07505424319286129,-1.275922134278642,2.1807291507502367
50.69,-0.4366347828744308,-1.2035571310698896,1.5504690890199553
50.71,-0.44959203007059256,-1.5152644928643462,1.3920484063197138
50.727,-0.550805244017969,-1.5377563181859855,1.236805916327965
50.75,-0.6671759924212327,-1.8462854872719494,1.307459585001375
50.77,-0.6825780032393118,-2.161171041774898,1.523576689178865
50.79,-0.5116890260672922,-2.5075940470005804,1.8834458943250925
50.81,-0.3068178345506219,-2.890932982917214,2.0936955658099805
50.83,-0.2652568529780277,-3.6023591968951503,2.0232863734987623
50.85,-0.2461876967270727,-4.072487241389848,1.56807138709776
50.87,-0.2469211258136479,-4.248510222167894,1.0585826482901934
50.89,-0.6681538978699997,-4.29031568010268,0.35620205971335145
50.91,-1.1074779207285395,-4.170766738990924,-0.24643217308926443
50.93,-1.1622406258594873,-4.336277236194725,-0.6434617852886348
50.95,-0.7669223481954588,-4.226507349570638,-0.6593527488310974
50.967,-1.2859456651285028,-4.114537175686825,-0.5654738257494728
50.99,-2.283164746508572,-3.7118846071570455,-0.8681355621428353
51.01,-2.2684961647770683,-3.390153714512728,-0.9656816306573358
51.04,-1.42823090792409,-3.322922714910002,-0.9072517800935122
51.06,-1.0231335757723925,-3.1838156648229075,-0.9343886562967942
51.08,-0.9649482015707606,-2.952052073465147,-0.72047183937903
51.1,-1.0510038810622497,-2.7356904929254653,-0.4209882956941601
51.117,-1.093542768083611,-2.5012376615835956,-0.2943495400788436
51.14,-0.9769275433181555,-2.3164135317666474,-0.27063533294624575
51.16,-0.843932402285854,-2.231580234086117,-0.23836445313693733
51.18,-0.6965131558842405,-2.196864590654891,-0.22174006050789963
51.2,-0.6757326650979433,-2.1638602817590074,-0.18849127524982429
51.22,-0.6119243345659017,-1.8707331234911224,-0.31146288543226475
51.24,-0.6747547596491764,-1.6348134339761025,-0.30412859456651287
51.26,-0.7789016899428536,-1.4441218714665525,-0.2158726278152981
51.28,-0.8282859151055832,-1.3282400757876722,-0.12223818109586529
51.3,-0.8028603734376433,-1.1874216911652353,-0.09974635577422608
51.32,-0.7943037007609327,-1.0683617027778627,-0.08165510497203801
51.34,-0.7309843229532744,-0.9348776090211778,-0.07309843229532745
51.357,-0.6661980869724659,-0.884759954771873,0.010023530849860953
51.38,-0.6872230541209546,-0.8991840601411851,0.13886257372490296
51.4,-0.7106927848913608,-0.8104391406655869,0.20804938422516273
51.43,-0.6119243345659017,-0.5263576077987959,0.14350762460654584
51.45,-0.5674296366470066,-0.5026434006661981,0.13519542829202702
51.47,-0.5578950585215292,-0.5476270513094765,0.24887693671118175
51.49,-0.5730525929774165,-0.5933441310393301,0.3764935977752651
51.562,-0.2772361947254225,-0.626103963573022,0.2821257219692571
51.58,-0.31855269993582497,-0.6957797267976652,0.3630473978547199
51.6,-0.41560981572594197,-0.7681447300064175,0.5033768297527733
51.62,-0.4789291935336002,-0.8229074351373651,0.5295358005072884
51.64,-0.5999449928185069,-0.8153286679094215,0.48699691348592733
51.66,-0.7808575008403875,-0.7982153225560004,0.4843076735018183
51.68,-0.96910429972802,-0.8207071478776395,0.4926198698163371
51.698,-1.1663967240167465,-0.8297527732787336,0.6085016654952174
51.72,-1.3255508358035633,-0.7991932280047672,0.7234055557253308
51.74,-1.482749136692846,-0.7109372612535525,0.6740213305626012
51.76,-1.6656174556122605,-0.6138801454634355,0.6192586254316536
51.78,-1.7247807352626592,-0.4960425388870214,0.5720746875286495
51.81,-1.8526418726889344,-0.32564251443938513,0.7532316719127219
51.83,-1.8123032729272988,-0.14106286098462856,0.7006692540414998
51.86,-1.6883537572960914,-0.05280689423341381,0.7419857592519024
51.88,-1.578094917947621,-0.09803502123888397,0.8612902240014668
51.897,-1.5213764019191394,-0.08434434495614705,0.9783944014913057
51.92,-1.4781040858112031,-0.05109555969807169,1.017266143079791
51.94,-1.4710142713076428,-0.08532225040491398,1.051737310148825
51.96,-1.3409528466216423,-0.14741924640161355,1.1033218225712802
51.98,-1.11603459340525,-0.1271277083396999,1.130703175136754
52.0,-0.9407450417137793,0.023225254408214404,1.0549155028573174
52.02,-0.8441768786480457,0.18457965345475658,1.0121321394737646
52.04,-0.823885340586132,0.32662041988815205,0.9294991290529597
52.06,-0.874736423922012,0.5058215933746906,0.7833022644623048
52.08,-0.8705803257647526,0.6483513125324695,0.8246187696727073
52.1,-0.8466216422699631,0.7248724138984812,0.8808483329768053
52.12,-0.7202273630168383,0.7454084283225866,0.8735140421110533
52.137,-0.5742749747883752,0.8194847660666809,0.8857378602206399
52.16,-0.4234330593160774,0.9233872199981664,0.8950279619839256
52.18,-0.21122757693365524,0.9884179323411667,0.9441677107844635
52.21,-0.031048497998349783,0.8167955260825719,1.0783852336277235
52.23,0.09338997035724109,0.7701005409039513,1.2196925709745439
52.25,0.25938942028542616,0.7011582067658834,1.382024875469853
52.27,0.26012284937200136,0.6725544723894509,1.4279864315618984
52.287,0.30339516547993767,0.6212144363291874,1.5086636310851693
52.31,0.45374812822785193,0.49848730250893863,1.588851877884057
52.33,0.4493475537084008,0.3452006234147236,1.602542554166794
52.35,0.3476453870366409,0.14570791186627144,1.583473397915839
52.37,0.20878281331173792,-0.1471747700394218,1.5480243253980381
52.39,0.06160804327231611,-0.47428414265195734,1.5311554564068086
52.41,-0.11172569752162087,-0.72047183937903,1.4812822785196955
52.43,-0.21856186779940714,-0.8806038566146136,1.344619992054518
52.45,-0.24472083855392232,-1.06518351006937,1.2006234147235888
52.47,-0.46083794273141215,-1.3524432356446536,1.1082113498151147
52.49,-0.6718210433028756,-1.6186779940714482,0.928276747242001
52.51,-0.8282859151055832,-1.8599761635546863,0.717782599394921
52.527,-0.9925740304984262,-2.521773676007701,1.1600403385997615
52.55,-1.414784708003545,-2.9075573755462516,1.61892247043364
52.58,-1.065427986431562,-2.3618861351343092,1.6154998013629558
52.6,-0.3488677688475995,-2.9684319897319926,2.5273966323381107
52.62,-1.1277694587904532,-4.453625890046756,2.402713687620328
52.64,-0.9669040124682945,-4.616202670904257,0.8136173333740794
52.66,0.5586284876081044,-4.459982275463741,0.27112428567062924
52.677,0.26574580570241113,-4.857500840387495,0.5197567460196192
52.7,-0.2591449439232344,-5.569904959814198,0.35449072517800934
52.72,-0.2596338966476179,-5.374323870060813,0.07383186138190263
52.74,-0.6067903309598753,-5.177031445772087,-0.13617333374079393
52.76,-1.476392751275861,-4.939400421721725,-0.8793814748036549
52.777,-1.166152247654555,-4.665342419704794,-0.8495553586162637
52.8,0.293127158267885,-4.581975980197415,-0.6860006723099961
52.82,0.6265929162974054,-4.0179690126210925,-0.7502979555664212
52.84,-0.051340036060263425,-3.504324175656266,-0.4852855789505852
52.86,-0.5483604803960517,-3.19970662836537,-0.10512483574244415
52.88,-0.7529871955505302,-2.8615958194542066,-0.03398221434465055
52.9,-0.9815725941997983,-2.514439385141949,-0.08923387219998166
52.917,-1.1847324511811264,-2.1953977324817404,-0.29777220914952784
52.94,-1.151483665923051,-1.7272254988845765,-0.47037252085688963
52.96,-0.9805946887510314,-1.3984047917366988,-0.3628029214925282
52.99,-1.2871680469394615,-1.0431806374721144,0.1461968645906549
53.01,-1.4649023622528496,-0.7732787336124438,0.2134278641933808
53.03,-1.2429178253827582,-0.5757418329615255,0.12126027564709838
53.05,-0.8405097332151698,-0.5371145677352321,0.0743208141062861
53.067,-0.5882101274333038,-0.4657274699752468,0.10439140665586896
53.09,-0.4799070989823671,-0.3642697796656786,0.19949271154845216
53.11,-0.4376126883231977,-0.3053509763774715,0.33053204168321976
53.13,-0.35840234697307705,-0.31561898358952417,0.48797481893469424
53.15,-0.26672371115117804,-0.3708706414448553,0.6613085597286312
53.17,-0.1814014607462641,-0.4070531430492314,0.7326956574886165
53.19,-0.14179629007120373,-0.33199889985637016,0.7771903554075115
53.21,-0.2412981694832381,-0.25474436940378326,0.8632460348990006
53.23,-0.47599547718729945,-0.28383705650459923,0.8796259511658466
53.25,-0.7031140176634172,-0.36964825963389664,0.7801240717538123
53.27,-0.7857470280842221,-0.4251443938514195,0.6177917672585032
53.29,-0.776701402683128,-0.43027839745744584,0.5275799896097546
53.307,-0.7679002536442258,-0.5004431134064725,0.4948201570760627
53.33,-0.8221740060507899,-0.6168138618097363,0.4234330593160774
53.35,-0.9172753109433731,-0.7207163157412217,0.2887265837484338
53.38,-1.0040644195214374,-0.7901476026036732,0.12321608654463222
53.4,-1.0307123430003362,-0.8441768786480457,0.022736301683830944
53.42,-0.9167863582189897,-0.8991840601411851,0.06380833053204168
53.44,-0.7419857592519024,-0.9749717324206215,0.19484766066680928
53.457,-0.6899122941050637,-1.0595605537389603,0.19924823518626042
53.48,-0.7571432937077897,-0.9986859395532194,0.031292974360541514
53.5,-0.7811019772025792,-0.93096598722611,-0.06160804327231611
53.52,-0.7344069920239586,-1.0510038810622497,0.0002444763621917306
53.54,-0.6155914799987776,-1.1050331571066223,0.08678910857806435
53.56,-0.5094887388075665,-1.1311921278611374,0.15230877364544815
53.59,-0.4508144118815512,-1.1754423494178405,0.12566085016654951
53.61,-0.4268557283867616,-1.0382911102282797,0.05427375240656419
53.63,-0.41047581211991563,-0.9876845032545916,0.16110992268435045
53.648,-0.4231885829538856,-0.979127830577881,0.3043730709287046
53.67,-0.5642514439385142,-0.9717935397121291,0.35986920514622744
53.69,-0.72047183937903,-0.9099410200776212,0.29557192188980225
53.71,-0.7505424319286129,-0.8862268129450234,0.32710937261253553
53.73,-0.6825780032393118,-0.9294991290529597,0.36084711059499436
53.76,-0.6393056871313755,-0.9659261070195275,0.2901934419215842
53.78,-0.6441952143752101,-1.0052868013323961,0.22320691868105003
53.81,-0.6136356691012438,-0.9991748922776029,0.15157534455887295
53.83,-0.6613085597286312,-0.9942853650337683,0.16819973718791065
53.847,-0.7896586498792898,-1.0143324267334901,0.2596338966476179
53.87,-0.9964856522934938,-1.0011307031751366,0.26916847477309536
53.89,-1.1908443602359198,-0.9387892308162454,0.40167466308101335
53.91,-1.3734682027931424,-0.957369434342817,0.5476270513094765
53.93,-1.665128502887877,-0.9231427436359747,0.6994468722305413
53.95,-1.9550774684472694,-0.9221648381872077,0.9250985545335085
53.97,-2.0782935549919017,-1.0996546771384041,1.3218836903706872
53.99,-2.0203526571524617,-1.1544173822693518,1.5724719616172111
54.01,-2.1276777801546314,-0.9084741619044708,1.5333557436665342
54.03,-1.9396754576291904,-0.9847507869082908,1.7106011062555389
54.05,-1.5409345108944779,-0.9263209363444672,1.4800598967087368
54.07,-1.3742016318797177,-0.7366072792836842,1.1502612841120925
54.087,-1.168841487638664,-0.7490755737554625,0.9754606851450051
54.11,-1.073495706383889,-0.623414723588913,0.6510405525165786
54.13,-0.8950279619839256,-0.4733062372031904,0.5001986370442808
54.16,-0.47550652446291597,-0.3478898633988326,0.6581303670201387
54.18,-0.03960517067506036,-0.0415609815725942,0.6974910613330073
54.2,0.292149252819118,0.4620603245423708,0.5410261895302998
54.22,0.34153347798184763,0.8334199187116096,0.5393148549949577
54.237,0.305839929101855,0.9133636891483055,0.6571524615713717
54.26,0.47208385539223174,1.034379488433212,0.6019008037160407
54.28,0.5784310729456346,1.0972099135164868,0.6185251963450784
54.3,0.4997096843198973,1.114323258869908,0.6512850288787703
54.32,0.4517923173303181,1.093542768083611,0.7265837484338233
54.337,0.47844024080921677,1.0832747608715583,0.8967392965192678
54.36,0.4979983497845552,1.0358463466063625,1.1045442043822387
54.38,0.4786847171714085,0.9849952632704825,1.3116156831586345
54.4,0.4613268954557956,0.9030956819362528,1.480793325795312
54.42,0.465482993613055,0.7828133117379213,1.6235675213152827
54.44,0.4046083794273141,0.6258594872108303,1.6719738410292455
54.46,0.3222198453687009,0.48821929529688596,1.6668398374232192
54.477,0.16648840265256853,0.23885340586132078,1.597164074198576
54.5,-0.03398221434465055,-0.030804021636158054,1.4949729548024324
54.52,-0.08581120312929744,-0.29703878006295265,1.4443663478287443
54.55,-0.30339516547993767,-0.7444305228738196,1.1363261314671638
54.57,-0.4686611863215475,-0.978149925129114,1.0199553830638999
54.6,-0.5368700913730403,-1.3886257372490296,1.0373132047795128
54.62,-0.5708523057176909,-1.7770986767716896,1.1546618586315436
54.64,-0.53540323319989,-2.2780307429025455,1.4585459768358646
54.66,-0.4141429575527916,-2.639855758946307,1.4035387953427252
54.677,-0.47917366989579196,-3.0740457781988204,1.4138068025547779
54.7,-0.9272988417932341,-3.2503132353390582,1.1399932769000396
54.72,-0.9033401582984445,-3.3691287473642393,0.5131558842404425
54.74,-0.617058338171928,-3.534150291843657,-0.3038841182043211
54.76,-0.6962686795220487,-3.476209394004217,-0.7830577881001131
54.78,-0.0655196650673838,-3.6111603459340524,-0.7659444427466919
54.8,0.7615438682272407,-3.7346209088408764,-0.893805580172967
54.818,0.381138648656908,-3.4647190049812058,-1.11603459340525
54.84,-0.5270910368853712,-3.336368914830547,-1.049781499251291
54.86,-0.9268098890688506,-3.319500045839318,-1.0360908229685541
54.88,-0.764966537297925,-3.180637472114415,-1.1309476514989456
54.9,-0.5295358005072884,-3.143477065061272,-0.9387892308162454
54.93,-0.3510680561073251,-2.6762827369128748,-0.6999358249549247
54.95,-0.40387495034073895,-2.556244843076735,-0.6422394034776763
54.98,-0.44812517189744216,-2.503926901567705,-0.4674388045105889
55.0,-0.437368211961006,-2.4513644836964827,-0.2628120893561104
55.017,-0.47403966628976557,-2.2592060630137825,-0.26134523118296
55.04,-0.5615622039544051,-2.1220548238242216,-0.2366531186015952
55.06,-0.44470250282675794,-1.9695015738165815,-0.15573144271613237
55.08,-0.380160743208141,-1.786877731259359,-0.10561378846682762
55.1,-0.4679277572349723,-1.6113437032056963,-0.11783760657641414
55.12,-0.5275799896097546,-1.480793325795312,-0.18555755890352352
55.14,-0.5522721021911193,-1.4050056535158757,-0.16453259175503468
55.16,-0.5112000733429086,-1.297680530513706,-0.09803502123888397
55.18,-0.46108241909360387,-1.1404822296244232,-0.11930446474956452
55.2,-0.5292913241450967,-1.036335299330746,-0.11343703205696298
55.22,-0.5965223237478227,-0.9123857836995385,-0.07921034135012071
55.24,-0.5742749747883752,-0.8390428750420194,0.011979341747394798
55.257,-0.5185343642086606,-0.7872138862573724,0.07554319591724475
55.28,-0.5058215933746906,-0.7058032576475262,0.12810561378846683
55.3,-0.48332976805305133,-0.6292821562815145,0.17700088622681295
55.33,-0.4486141246218256,-0.6212144363291874,0.28383705650459923
55.35,-0.4275891574733368,-0.6124132872902851,0.3471564343122574
55.37,-0.4356568774256639,-0.6385722580448003,0.43272316107936315
55.39,-0.4779512880848333,-0.6471289307215109,0.43198973199278795
55.407,-0.521712556917153,-0.6219478654157626,0.3989854230969043
55.43,-0.5674296366470066,-0.6510405525165786,0.3884729395226599
55.45,-0.6004339455428903,-0.7270727011582068,0.4080310484979983
55.47,-0.6317269199034318,-0.786724933532989,0.4060752376004645
55.49,-0.7111817376157442,-0.8307306787275005,0.381138648656908
55.507,-0.7111817376157442,-0.8307306787275005,0.381138648656908
55.53,-0.7991932280047672,-0.808483329768053,0.28579286740213306
55.55,-0.8314641078140758,-0.805794089783944,0.24496531491611404
55.57,-0.8532225040491397,-0.8253521987592825,0.21513919872872292
55.59,-0.9008953946765272,-0.8879381474803655,0.21953977324817406
55.62,-0.893805580172967,-0.9321883690370687,0.20120404608379427
55.64,-0.7982153225560004,-0.9429453289735048,0.17235583534517007
55.66,-0.7067811630962931,-0.9493017143904898,0.14766372276380527
55.68,-0.6813556214283532,-0.9862176450814412,0.10879198117532012
55.71,-0.604345567337958,-1.0558934083060845,-0.0007334290865751917
55.73,-0.5366256150108486,-1.065427986431562,0.011734865385203068
55.76,-0.47575100082510774,-1.0847416190447086,-0.007823243590135379
55.78,-0.41634324481251717,-1.097943342603062,-0.05109555969807169
55.797,-0.2928826819056932,-1.0661614155181371,0.011979341747394798
55.82,-0.16110992268435045,-1.0153103321822572,-0.024447636219173056
55.84,-0.2777251474498059,-0.8845154784096813,-0.09143415945970723
55.86,-0.6275708217461724,-0.8033493261620267,-0.1608654463221587
55.88,-0.900161965589952,-0.776701402683128,0.016624392629037678
55.9,-1.0957430553433365,-0.858356507655166,0.24814350762460655
55.92,-1.5890963542462488,-0.9294991290529597,0.3686703541851297
55.94,-2.043577911560676,-0.8417321150261284,0.39849647037252084
55.96,-2.182440485285579,-0.8414876386639366,0.45863765547168656
55.98,-2.288787702838982,-0.9928185068606179,0.6212144363291874
56.0,-2.2174006050789963,-0.9969746050178773,0.6874675304831463
56.02,-1.9668123338324726,-1.051737310148825,0.8703358494025609
56.037,-1.71500168077499,-1.009931852214039,0.8798704275280383
56.06,-1.630657335818843,-0.8097057115790117,0.8996730128655686
56.08,-1.6167221831739143,-0.7564098646212144,1.0287565321028023
56.11,-1.4416771078446353,-0.5273355132475629,0.8952724383461174
56.13,-1.24316230174495,-0.5398038077193411,1.0270451975674602
56.15,-0.9908626959630841,-0.4838187207774348,1.0265562448430767
56.17,-0.828530391467775,-0.2774806710876142,1.0157992849066406
56.187,-0.7341625156617669,-0.19362527885585062,1.218714665525777
56.21,-0.6718210433028756,-0.1774898389511964,1.333863032118082
56.23,-0.636127494422883,-0.0623414723588913,1.3277511230632888
56.25,-0.5334474223023561,0.08605567949148916,1.2734773706567246
56.27,-0.411942670293066,0.1814014607462641,1.3228615958194543
56.29,-0.27210219111939615,0.20511566787886196,1.31381597041836
56.31,-0.100724261222993,0.3202640344711671,1.2761666106408336
56.33,0.001222381810958653,0.45839317910949484,1.2654096507043975
56.35,0.1447300064175045,0.5116890260672922,1.1737310148824984
56.37,0.24203159856981327,0.54811600403386,1.182287687559209
56.39,0.32637594352596033,0.5977447055587812,1.1602848149619533
56.41,0.4217217247807353,0.6265929162974054,1.1744644439690737
56.427,0.45790422638511136,0.594322036488097,1.2260489563915289
56.45,0.5094887388075665,0.5520276258289276,1.2690767961372735
56.47,0.48699691348592733,0.5256241787122208,1.2617425052715214
56.5,0.3806496959325245,0.44812517189744216,1.2074687528649573
56.52,0.2615897075451517,0.336643950738013,1.146105185954833
56.54,0.18995813342297466,0.22394034776762523,1.1280139351526448
56.56,0.13323961739449316,0.08214405769642147,1.146838615041408
56.577,0.02126944351068056,-0.16379916266845948,1.1045442043822387
56.6,-0.147908199125997,-0.5642514439385142,1.056137884668276
56.63,-0.295816398251994,-0.9644592488463771,1.067139320966904
56.65,-0.6781774287198606,-1.513553158329004,0.9248540781713168
56.67,-0.8463771659077712,-1.8017907893530545,1.0348684411575955
56.69,-0.8989395837789933,-1.9149833450478257,1.3336185557558904
56.71,-0.7544540537236806,-2.140635027350793,1.984659108272469
56.73,-0.740518901078752,-2.659658344283837,2.4227607493200503
56.75,-0.9099410200776212,-3.3371023439171226,2.3440393606943126
56.769,-0.5251352259878372,-4.049750939706017,2.248449103077346
56.79,0.2263851113895425,-4.757510008251077,1.786633254897167
56.81,0.28652629648870825,-4.83843168413654,0.6820890505149283
56.83,-0.14399657733092933,-4.83280872780613,0.24105369312104635
56.85,0.25303303486844114,-4.915197261864743,0.4324786847171714
56.867,0.25303303486844114,-4.915197261864743,0.4324786847171714
56.89,0.08581120312929744,-4.882926382055435,0.5407817131681081
56.91,-0.053295846957797266,-4.651407267059866,0.17920117348653852
56.93,-0.08996730128655686,-4.254133178498304,-0.008067719952327109
56.95,0.07896586498792897,-4.010879198117532,0.3894508449714268
56.967,0.07896586498792897,-4.010879198117532,0.3894508449714268
56.99,-0.09070073037313205,-4.210616386028176,0.8507777404272224
57.01,-0.4801515753445589,-4.103535739388198,0.651529505240962
57.03,-0.8163065733581885,-3.7175075634874553,0.5395593313571494
57.05,-0.9512575252880237,-3.1835711884607156,0.6539742688628793
57.07,-0.9610365797756929,-2.6735934969287656,0.7170491703083458
57.09,-1.031934724811295,-2.204443357882835,0.6825780032393118
57.11,-1.1495278550255172,-1.7704978149925128,0.6175472908963114
57.13,-1.1546618586315436,-1.3463313265898602,0.5322250404913975
57.15,-1.031934724811295,-0.9754606851450051,0.48724138984811904
57.17,-0.8534669804113315,-0.7715673990771017,0.48993062983222807
57.19,-0.7260947957094398,-0.7185160284814962,0.5488494331204351
57.208,-0.647862359808086,-0.6600861779176725,0.6290376799193228
57.23,-0.6072792836842588,-0.5146227424135928,0.641505974391101
57.25,-0.5622956330409803,-0.40558628487608106,0.607034807322067
57.27,-0.4657274699752468,-0.4799070989823671,0.6683983742321914
57.29,-0.33933319072212204,-0.6874675304831463,0.786724933532989
57.32,-0.25767808575008405,-0.8138618097362711,0.7754790208721694
57.34,-0.31928612902240017,-0.8568896494820157,0.6390612107691838
57.357,-0.4217217247807353,-0.8512666931516059,0.4940867279894875
57.38,-0.4239220120404608,-0.8422210677505119,0.40020780490786295
57.4,-0.3784494086727989,-0.8155731442716132,0.3405555725330807
57.42,-0.32955413623445284,-0.7385630901812181,0.2899489655593925
57.44,-0.26794609296213673,-0.6860006723099961,0.2500993185221404
57.46,-0.1911805152339333,-0.6309934908168566,0.24178712220762155
57.48,-0.12761666106408337,-0.5857653638113864,0.19460318430461754
57.5,-0.08532225040491398,-0.5987226110075482,0.08092167588546283
57.52,-0.1391070500870947,-0.7823243590135378,-0.04889527243834611
57.54,-0.29679430370076093,-1.073495706383889,-0.07040919231121841
57.56,-0.3835834122788253,-1.2578308834764538,0.0975460685145005
57.58,-0.4420132628426489,-1.4597683586468233,0.2799254347095315
57.598,-0.7507869082908046,-1.96363414112398,0.31317421996760686
57.62,-1.1954894111175625,-2.276563884729395,-0.014424105369312105
57.65,-1.6159887540873392,-2.297833328240076,-0.14155181370901201
57.67,-1.3055037741038413,-1.9135164868746752,-0.2598783730098096
57.69,-0.9008953946765272,-1.8523973963267426,-0.2119610060202304
57.71,-0.7199828866546466,-1.6091434159459708,-0.2779696238119977
57.73,-0.6148580509122024,-1.4243192861290224,-0.28970448919720077
57.793,-0.8187513369801057,-0.972771445160896,-0.1510863918344895
57.81,-0.868380038505027,-0.869357943953794,-0.10512483574244415
57.83,-0.8353757296091434,-0.7852580753598386,-0.05696299239067323
57.85,-0.8143507624606545,-0.6935794395379397,0.02200287259725575
57.87,-0.8038382788864101,-0.6432173089264431,0.07823243590135379
57.89,-0.7894141735170981,-0.6703541851297252,0.14595238822846315
57.91,-0.7637441554869664,-0.7537206246371054,0.2454542676404975
57.93,-0.7302508938666993,-0.8385539223176359,0.36329187421691167
57.95,-0.6967576322464322,-0.9378113253674785,0.5021544479418146
57.97,-0.6710876142163005,-1.0461143538184152,0.6148580509122024
57.988,-0.6539742688628793,-1.1001436298627876,0.6375943525960334
58.01,-0.6671759924212327,-1.136081655104972,0.5495828622070104
58.03,-0.7033584940256089,-1.2255600036671455,0.5102221678941418
58.05,-0.6850227668612291,-1.3052592977416495,0.5894325092442624
58.07,-0.6395501634935672,-1.3940042172172478,0.6869785777587629
58.1,-0.6265929162974054,-1.4895944748342145,0.7366072792836842
58.12,-0.645173119823977,-1.6238119976774745,0.7537206246371054
58.137,-0.6322158726278153,-1.7546068514500504,0.7979708461938086
58.16,-0.6202365308804205,-1.8010573602664792,0.8586009840173578
58.18,-0.6972465849708156,-1.8494636799804418,0.9632368670354184
58.2,-0.724138984811906,-1.8340616691623628,0.9622589615866516
58.22,-0.6894233413806803,-1.8142590838248327,0.9774164960425389
58.24,-0.7353848974727256,-1.8015463129908627,0.9801057360266479
58.26,-0.7160712648595788,-1.7575405677963511,0.8818262384255722
58.28,-0.7109372612535525,-1.7497173242062158,0.6982244904195826
58.3,-0.8634905112611924,-1.6328576230785685,0.5344253277511231
58.32,-1.069095131864438,-1.4702808422210678,0.45765975002291964
58.34,-1.2727439415701494,-1.4384989151361427,0.40118571035662987
58.36,-1.3240839776304127,-1.3962045044769733,0.3046175472908963
58.378,-1.1299697460501787,-1.2879014760260368,0.2119610060202304
58.4,-0.9686153470036366,-1.2243376218561868,0.16648840265256853
58.42,-0.9275433181554258,-1.099899153500596,0.0735873850197109
58.44,-0.8082388534058613,-0.9424563762491214,0.011001436298627876
58.46,-0.5486049567582434,-0.803104849799835,-0.008801149038902301
58.49,-0.2589004675610427,-0.45741527366072793,-0.08532225040491398
58.51,-0.2109831005714635,-0.28481496195336614,-0.09925740304984261
58.527,-0.2109831005714635,-0.28481496195336614,-0.09925740304984261
58.55,-0.10243559575833511,-0.011979341747394798,-0.10463588301806069
58.57,-0.006111909054793264,0.07138709775998534,-0.02126944351068056
58.59,0.11343703205696298,0.14961953366133912,0.0031781927084924976
58.61,0.15646487180270757,0.24007578767227944,-0.031048497998349783
58.627,0.15646487180270757,0.24007578767227944,-0.031048497998349783
58.658,0.11245912660819607,0.2349417840662531,0.006356385416984995
58.68,0.11197017388381261,0.14521895914188795,0.07212052684656052
58.7,0.0799437704366959,0.0686978577758763,0.05207346514683862
58.719,-0.0036671454328759587,0.008801149038902301,0.04522812700547016
58.74,-0.060874614185740916,-0.06405280689423341,0.04253888702136112
58.76,-0.08605567949148916,-0.18286831891941446,0.06674204687834245
58.78,-0.1095254102618953,-0.3767380741374568,0.15548696635394066
58.8,-0.1726003117073618,-0.6820890505149283,0.2166060569018733
58.817,-0.32906518351006936,-1.2262934327537205,0.25205512941967423
58.84,-0.5138893133270177,-1.8871130397579683,0.32808727806130245
58.86,-0.5351587568376982,-1.8433517709256486,0.3073067872750053
58.88,-0.5004431134064725,-1.7252696879870426,0.3356660452892461
58.9,-0.5295358005072884,-2.0396662897656084,0.5197567460196192
58.917,-0.572563640253033,-2.272163310209944,0.607034807322067
58.94,-0.6021452800782324,-2.4613880145463436,0.6353940653363078
58.96,-0.6816000977905449,-2.637899948048773,0.6593527488310974
58.98,-0.6786663814442441,-2.72786724933533,0.6816000977905449
59.0,-0.6014118509916573,-2.8024325398038075,0.733184610213
59.017,-0.5564282003483788,-2.872841732115026,0.7605659627784739
59.04,-0.576230785685909,-2.99630229502185,0.8133728570118877
59.06,-0.5366256150108486,-3.0855361672218318,0.9035846346606362
59.08,-0.5539834367264616,-3.0095040185802033,0.9512575252880237
59.1,-0.6784219050820524,-2.8542615285884545,0.9172753109433731
59.12,-0.7911255080524402,-2.6816612168810927,0.7884362680683311
59.14,-0.8106836170277786,-2.415426458454298,0.5666962075604315
59.158,-0.7124041194267029,-2.1802401980258534,0.4779512880848333
59.18,-0.5774531674968676,-2.003483788161232,0.4630382299911377
59.2,-0.5720746875286495,-1.808391651132231,0.4403019283073068
59.22,-0.6033676618891911,-1.6284570485591174,0.4241664884026526
59.24,-0.4965314916114048,-1.5079302019985943,0.3918956085933441
59.27,-0.2765027656388473,-1.1485499495767504,0.24985484215994866
59.29,-0.3471564343122574,-0.9341441799346025,0.17455612260489564
59.307,-0.3471564343122574,-0.9341441799346025,0.17455612260489564
59.33,-0.4510588882437429,-0.6674204687834245,0.07407633774409436
59.35,-0.4645050881642881,-0.5855208874491947,0.0503621306114965
59.37,-0.3762491214130734,-0.47697338263606637,0.05109555969807169
59.39,-0.2454542676404975,-0.383827888641017,-0.022980778046022676
59.41,-0.23640864223940347,-0.35546863062677625,-0.06160804327231611
59.43,-0.362069492405953,-0.30046144913363687,-0.045717079729853616
59.45,-0.3772270268618403,-0.2591449439232344,-0.06356385416984996
59.47,-0.3068178345506219,-0.22027320233474926,-0.10292454848271858
59.49,-0.2686795220487119,-0.17064450080982796,-0.13055037741038414
59.51,-0.2870152492130917,-0.20120404608379427,-0.12590532652874126
59.53,-0.42734468111114504,-0.21611710417748983,-0.07040919231121841
59.548,-0.5143782660514011,-0.27112428567062924,-0.026158970754515173
59.57,-0.5021544479418146,-0.4674388045105889,0.0044005745194511505
59.59,-0.40485285578950586,-0.6615530360908229,0.017846774439996334
59.61,-0.349356721571983,-0.754943006448064,0.07652110136601167
59.63,-0.4515478409681264,-0.8224184824129817,0.20120404608379427
59.67,-0.6874675304831463,-1.0287565321028023,0.40338599761635546
59.69,-0.6850227668612291,-1.6150108486385721,0.8534669804113315
59.71,-0.5806313602053601,-1.6309018121810348,0.8625126058124255
59.73,-0.623414723588913,-2.016441035357394,0.893805580172967
59.747,-0.623414723588913,-2.016441035357394,0.893805580172967
59.77,-0.8373315405066772,-3.1674357485560614,1.4094062280353268
59.79,-0.7527427191883385,-3.110472756165388,1.5519359471931058
59.81,-0.5869877456223451,-3.0077926840448614,1.4619686459065488
59.83,-0.424655441127036,-3.1835711884607156,1.4859273294013384
59.85,-0.42954496837087064,-3.3097209913516488,1.5639152889405006
59.87,-0.4957980625248296,-3.3290346239647954,1.6272346667481588
59.889,-0.42734468111114504,-3.384530758182318,1.7306481679552608
59.91,-0.4070531430492314,-3.419735354337927,1.80399107661278
59.93,-0.4371237355988143,-3.485255019405311,1.757785044158543
59.95,-0.4940867279894875,-3.5581089753384467,1.6607279283684258
59.97,-0.5757418329615255,-3.352015402010818,1.4120954680194358
59.987,-0.5757418329615255,-3.352015402010818,1.4120954680194358
60.01,-0.5918772728661797,-3.1429881123368886,1.0910980044616936
60.03,-0.6926015340891727,-2.800232252544082,0.9324328453992604
60.05,-0.4498365064327843,-2.516150719677291,0.8055496134217522
60.07,-0.47379518992757386,-2.1956422088439322,0.6067903309598753
60.087,-0.47379518992757386,-2.1956422088439322,0.6067903309598753
60.11,-0.4789291935336002,-1.804724505699355,0.1982703297374935
60.13,-0.21929529688598234,-1.3891146899734133,0.0383827888641017
60.15,-0.1655104972038016,-1.0730067536595056,-0.1320172355835345
60.17,-0.32955413623445284,-0.8876936711181738,-0.2620786602695352
60.187,-0.32955413623445284,-0.8876936711181738,-0.2620786602695352
60.21,-0.41634324481251717,-0.5806313602053601,-0.37429331051553955
60.23,-0.31121840907007303,-0.49213091709195367,-0.3657366378388289
60.25,-0.27283562020597135,-0.3980075176481374,-0.3244201326284265
60.27,-0.3036396418421294,-0.28530391467774957,-0.3498456742963665
60.29,-0.31317421996760686,-0.21758396235064023,-0.41292057574183294
60.31,-0.2718577147572044,-0.15768725361366623,-0.3921400849555359
60.328,-0.2525440821440577,-0.13055037741038414,-0.3383552852733551
60.35,-0.1774898389511964,-0.12639427925312471,-0.21856186779940714
60.37,-0.01589096354246249,-0.048650796076154385,-0.04498365064327843
60.39,0.08458882131833878,0.07603214864162822,0.014668581731503835
60.41,0.06771995232710937,0.11539284295449684,-0.026158970754515173
60.44,-0.011001436298627876,0.09412339944381627,-0.008312196314518839
60.46,-0.0295816398251994,0.0911896830975155,0.018580203526571526
60.477,0.029092687100815938,0.07016471594902668,0.07774348317697033
60.5,0.09852397396326742,0.06258594872108303,0.14497448277969624
60.52,0.12835009015065857,0.07016471594902668,0.19215842068270023
60.54,0.10243559575833511,0.07529871955505302,0.1990037588240687
60.56,0.048650796076154385,0.06380833053204168,0.21611710417748983
60.577,-0.007823243590135379,0.03202640344711671,0.26134523118296
60.6,-0.05085108333587996,-0.04058307612382728,0.34471167069034014
60.62,-0.10292454848271858,-0.17162240625859487,0.4082755248601901
60.64,-0.18335727164379795,-0.38798398679827645,0.3806496959325245
60.66,-0.308529169085964,-0.7999266570913425,0.35693548879992665
60.69,-0.44470250282675794,-1.3622222901323229,0.39776304128594564
60.71,-0.5552058185374201,-1.1795984475751,0.21856186779940714
60.73,-0.674265806924793,-1.363933624667665,0.1303059010481924
60.75,-0.8231519114995569,-1.8670659780582464,0.03911621795067689
60.767,-0.8231519114995569,-1.8670659780582464,0.03911621795067689
60.79,-0.7928368425877823,-2.2061546924181767,0.333954710753904
60.81,-0.8229074351373651,-2.3301042080493843,0.3786938850349907
60.83,-0.8544448858600984,-2.5024600433945543,0.383827888641017
60.85,-0.8009045625401093,-2.699507991321089,0.3476453870366409
60.867,-0.8009045625401093,-2.699507991321089,0.3476453870366409
60.89,-0.42563334657580293,-2.706842282186841,0.2285853986492681
60.91,-0.44323564465360754,-2.6176084099868593,0.36255844513033647
60.93,-0.6177917672585032,-2.5105277633468814,0.5146227424135928
60.95,-0.8463771659077712,-2.3870672004400575,0.7806130244781957
60.967,-0.8463771659077712,-2.3870672004400575,0.7806130244781957
60.99,-1.544357179965162,-1.947498701219326,1.4974177184243498
61.01,-1.8044800293371634,-1.5570699507991321,1.55535861626379
61.03,-1.8871130397579683,-1.1429269932463404,1.3651560064786237
61.05,-1.7800323931179904,-0.8334199187116096,1.028023103016227
61.07,-1.5015738165816093,-0.6605751306420561,0.7539651009992971
61.09,-1.2517189744216606,-0.5442043822387923,0.6559300797604132
61.108,-1.1654188185679797,-0.43150077926840447,0.6943128686245148
61.13,-1.078874186352107,-0.2933716346300767,0.6943128686245148
61.15,-0.9417229471625462,-0.15475353726736546,0.6246371053998716
61.17,-0.8422210677505119,-0.11563731931668857,0.5618066803165969
61.19,-0.8713137548513278,-0.14497448277969624,0.5107111206185252
61.22,-0.9964856522934938,-0.2415426458454298,0.4997096843198973
61.24,-1.0605384591877272,-0.333954710753904,0.5104666442563335
61.257,-1.0050423249702045,-0.3960517067506035,0.5701188766311157
61.28,-0.9495461907526815,-0.44665831372429177,0.626103963573022
61.3,-1.051737310148825,-0.513644836964826,0.6779329523576689
61.32,-1.2588087889252209,-0.6209699599669957,0.840265256852978
61.34,-1.456590165938331,-0.7427191883384775,0.8703358494025609
61.36,-1.6154998013629558,-0.7326956574886165,0.8832930965987226
61.38,-1.6702625064939034,-0.6373498762338417,1.0774073281789567
61.4,-1.61892247043364,-0.5933441310393301,1.3742016318797177
61.42,-1.577850441585429,-0.623414723588913,1.6228340922287077
61.44,-1.7130458698774562,-0.5899214619686459,1.6602389756440423
61.46,-1.8558200653974268,-0.5129114078782507,1.6455703939125386
61.48,-1.7284478806955352,-0.4444580264645662,1.736760077010054
61.498,-1.5565809980747487,-0.5102221678941418,1.7756318185985391
61.52,-1.3798245882101274,-0.6263484399352137,1.616966659536106
61.54,-1.2617425052715214,-0.6063013782354918,1.5010848638572258
61.56,-1.1546618586315436,-0.44665831372429177,1.5059743911010604
61.58,-0.9162974054946063,-0.3219753690065092,1.322128166732879
61.61,-0.8189958133422974,-0.15793172997585794,1.017266143079791
61.63,-0.7691226354551844,-0.05207346514683862,0.8642239403477676
61.647,-0.7691226354551844,-0.05207346514683862,0.8642239403477676
61.67,-0.5134003606026343,0.0415609815725942,0.4420132628426489
61.699,-0.41463191027717505,0.0026892399841090364,0.2476545549002231
61.72,-0.34226690706842283,-0.009045625401094031,0.07212052684656052
61.74,-0.2862818201265165,0.0503621306114965,-0.09143415945970723
61.76,-0.2317635913577606,0.20413776243009504,-0.19386975521804234
61.78,-0.17284478806955353,0.355713106988968,-0.31366317269199034
61.797,-0.11197017388381261,0.5231794150903034,-0.44470250282675794
61.82,-0.03642697796656786,0.6710876142163005,-0.5336918986645479
61.839,0.031048497998349783,0.7004247776793081,-0.5613177275922134
61.86,0.07456529046847783,0.7070256394584848,-0.5796534547565932
61.88,0.11319255569477125,0.6771995232710937,-0.4838187207774348
61.9,0.1254163738043578,0.6019008037160407,-0.411942670293066
61.92,0.1527977263698316,0.6598417015554808,-0.4224551538673105
61.937,0.3327323289429453,0.9177642636677567,-0.4341900192525135
61.96,0.3236867035418513,1.4152736607279284,-0.40387495034073895
61.98,0.08532225040491398,1.320416832197537,-0.28750420193747517
62.0,0.015646487180270757,0.676955046908902,-0.24667664945145615
62.02,0.08898939583778993,0.4987317788711304,-0.22882987501145982
62.037,0.09974635577422608,0.7209607921034135,-0.25792256211227577
62.06,0.02469211258136479,0.8559117440332488,-0.24814350762460655
62.08,-0.016135439904654218,0.8251077223970907,-0.21440576964214772
62.1,-0.009779054487669223,0.7825688353757296,-0.19558108975338445
62.12,-0.030070592549582862,0.8013935152644929,-0.15866515906243314
62.137,-0.03471564343122574,0.8639794639855759,-0.12932799559942548
62.16,-0.0046450508816428815,0.9488127616661064,-0.11514836659230511
62.18,-0.0031781927084924976,1.0170216667175993,-0.09314549399504936
62.2,-0.03569354887999267,1.0884087644775846,-0.08972282492436512
62.22,-0.09950187941203435,1.164196436757021,-0.09852397396326742
62.24,-0.1461968645906549,1.195000458393179,-0.13470647556764356
62.26,-0.10781407572655319,1.1747089203312655,-0.25694465666350885
62.278,0.0014668581731503835,1.1050331571066223,-0.40314152125416375
62.3,0.10170216667175992,1.0593160773767687,-0.5520276258289276
62.32,0.16477706811722642,0.9708156342633621,-0.6527518870519207
62.34,0.16526602084160988,0.8246187696727073,-0.7456529046847783
62.36,0.18091250802188064,0.6151025272743942,-0.7899031262414815
62.39,0.24520979127830578,0.25327751123063286,-0.5830761238272775
62.41,0.1726003117073618,0.13323961739449316,-0.48919720074565287
62.427,0.1726003117073618,0.13323961739449316,-0.48919720074565287
62.45,-0.030559545273966322,-0.08018824679888763,-0.25718913302570057
62.47,-0.09412339944381627,-0.1317727592213428,-0.08947834856217339
62.49,-0.1359288573786022,-0.0982794976010757,-0.10390245393148549
62.51,-0.22565168230296734,-0.2469211258136479,-0.10341350120710203
62.527,-0.22565168230296734,-0.2469211258136479,-0.10341350120710203
62.55,-0.48773034257250253,-1.2118693273844086,0.3701372123582801
62.57,-0.5329584695779727,-1.780276869480182,0.8568896494820157
62.59,-0.5549613421752284,-1.1549063349937352,1.0859640008556672
62.61,-0.7084924976316352,-0.9353665617455612,1.1925556947712619
62.63,-0.8123949515631207,-1.3213947376463038,1.1135898297833329
62.65,-0.6688873269565748,-1.5172203037618799,1.0612718882743024
62.668,-0.6688873269565748,-1.5172203037618799,1.0612718882743024
62.69,-0.6891788650184885,-2.0450447697338263,1.4507227332457293
62.72,-0.8654463221587263,-2.3425725025211626,1.7137792989640315
62.74,-0.8659352748831097,-2.7136876203282094,1.9230510650001527
62.76,-0.840265256852978,-3.0962931271582677,2.065091831433548
62.78,-0.8478440240809216,-3.3659505546557464,2.1000519512269658
62.8,-0.8612902240014668,-3.5006570302233904,2.048956391528894
62.817,-1.1219020260978516,-3.217553402805366,1.8714665525776977
62.84,-1.0025975613482871,-3.071845490939095,1.5059743911010604
62.86,-0.7903920789658649,-3.142499159612505,1.2028237019833146
62.88,-0.5329584695779727,-3.3089875622650733,1.280567185160285
62.9,-0.47501757173853254,-3.331234911224521,1.5397121290835192
62.917,-0.8600678421905081,-3.0285731748311586,1.6008312196314518
62.94,-0.8463771659077712,-2.704153042202732,1.3891146899734133
62.96,-0.617058338171928,-2.5112611924334565,1.2331387708950892
62.98,-0.5965223237478227,-2.2814534119732297,1.2275158145646792
63.0,-0.6109464291171347,-2.017174464443969,1.2055129419674235
63.02,-0.559850869419063,-1.7709867677168962,1.1439048986951075
63.04,-0.5004431134064725,-1.5365339363750268,0.9766830669559636
63.058,-0.41683219753690065,-1.3808024936588943,0.8620236530880421
63.08,-0.2625676129939186,-1.2636983161690554,0.7637441554869664
63.1,-0.1310393301347676,-1.14146013507319,0.6894233413806803
63.12,-0.10561378846682762,-1.0028420377104788,0.6862451486721878
63.14,-0.17895669712434678,-0.8170400024447636,0.72047183937903
63.17,-0.1767564098646212,-0.4324786847171714,0.7466308101335452
63.19,-0.100724261222993,-0.27454695474131346,0.645173119823977
63.207,-0.100724261222993,-0.27454695474131346,0.645173119823977
63.23,-0.16184335177092565,-0.14741924640161355,0.6671759924212327
63.25,-0.25792256211227577,-0.07383186138190263,0.7038474467499923
63.27,-0.308529169085964,-0.0073342908657519175,0.5840540292760443
63.29,-0.21367234055557252,0.03153745072273324,0.45961556092045347
63.31,-0.11954894111175625,0.01589096354246249,0.41463191027717505
63.33,-0.13641781010298568,-0.08581120312929744,0.4085200012223818
63.35,-0.19558108975338445,-0.22516272957858385,0.3361549980136295
63.37,-0.20267090425694465,-0.3823610304678666,0.2762582892766556
63.39,-0.19631451883995965,-0.6263484399352137,0.21367234055557252
63.41,-0.28188124560706534,-0.8236408642239403,0.17553402805366256
63.43,-0.28481496195336614,-0.99452984139596,0.06454175961861687
63.448,-0.28481496195336614,-0.99452984139596,0.06454175961861687
63.47,-0.14595238822846315,-1.5763835834122788,-0.3437337652415732
63.49,-0.13617333374079393,-1.4587904531980564,-0.4398129755829233
63.51,-0.0623414723588913,-1.5729609143415946,-0.2936161109922684
63.53,-0.18042355529749718,-1.7964123093848363,-0.4190324847966262
63.56,-0.40411942670293066,-1.7499618005684074,-0.6102130000305596
63.58,-0.1902026097851664,-1.6384805794089783,-0.4241664884026526
63.597,-0.08507777404272224,-1.6763744155486966,-0.2214955841457079
63.62,-0.2887265837484338,-1.7983681202823703,-0.15548696635394066
63.64,-0.33077651804541147,-1.9223176359135776,-0.16893316627448582
63.66,-0.30241726003117075,-1.9868593955321945,-0.05451822876875592
63.68,-0.16575497356599334,-2.104208049384225,0.16037649359777525
63.697,-0.2430095040185802,-2.3252146808055496,0.4278336338355285
63.73,-0.29899459096048653,-2.513461479693182,0.5442043822387923
63.75,-0.3341991871160957,-3.4522507105094276,1.1226354551844269
63.77,-0.21562815145310638,-3.802096384805794,1.2654096507043975
63.789,-0.4341900192525135,-4.009656816306573,1.4367875806008006
63.81,-0.7534761482749136,-4.114537175686825,1.6883537572960914
63.83,-0.9942853650337683,-4.20132628426489,1.9404088867157656
63.85,-1.2382727745011155,-3.973963267426581,1.736760077010054
63.87,-1.3179720685756195,-3.806741435687437,1.7396937933563548
63.887,-1.3179720685756195,-3.806741435687437,1.7396937933563548
63.91,-0.5468936222229013,-3.3287901476026036,1.6137884668276137
63.93,-0.6212144363291874,-2.7963206307490145,1.3896036426977967
63.95,-0.6199920545182288,-2.329370778962809,1.152461571371818
63.97,-0.5366256150108486,-1.9230510650001527,0.9906182196008924
63.987,-0.5366256150108486,-1.9230510650001527,0.9906182196008924
64.01,-0.3642697796656786,-1.2492742107997432,1.0150658558200654
64.03,-0.3461785288634905,-0.9942853650337683,0.9008953946765272
64.05,-0.2625676129939186,-0.7554319591724475,0.5972557528343978
64.07,-0.25645570393912537,-0.5185343642086606,0.4229441065916939
64.087,-0.25645570393912537,-0.5185343642086606,0.4229441065916939
64.11,-0.03740488341533478,-0.0951013048925832,0.30192830730678727
64.13,0.06918681050025975,0.03667145432875959,0.1694221189988693
64.15,0.10292454848271858,0.1821348898328393,-0.08287748678299667
64.17,0.12566085016654951,0.3478898633988326,-0.2782141001741894
64.19,0.18091250802188064,0.46181584818017907,-0.29532744552761053
64.21,0.10976988662408703,0.45863765547168656,-0.24961036579775692
64.228,0.10390245393148549,0.5393148549949577,-0.19778137701311005
64.25,0.05867432692601534,0.5192677932952358,-0.11465941386792164
64.27,-0.1518198209210647,0.31317421996760686,0.005867432692601534
64.29,-0.25474436940378326,0.1958255661155762,0.034960119793417475
64.31,-0.3077957399993888,0.2278519695626929,0.05207346514683862
64.34,-0.3483788161232161,0.2787030528985729,0.05891880328820707
64.36,-0.3483788161232161,0.2914158237325429,0.05794089783944015
64.39,-0.31488555450294897,0.26745714023775324,0.03373773798245882
64.41,-0.2652568529780277,0.22394034776762523,0.007823243590135379
64.427,-0.2652568529780277,0.22394034776762523,0.007823243590135379
64.45,-0.24472083855392232,0.0440057451945115,0.04938422516272958
64.47,-0.264034471167069,-0.026892399841090365,0.04302783974574458
64.49,-0.2633010420804938,-0.1271277083396999,0.04204993429697766
64.51,-0.2574336093878923,-0.26892399841090364,0.0647862359808086
64.53,-0.24887693671118175,-0.4635271827155212,0.2102496714848883
64.55,-0.26134523118296,-0.733184610213,0.41512086300155854
64.57,-0.42636677566237813,-0.9661705833817192,0.6407725453045259
64.59,-0.7062922103719097,-1.1126119243345658,0.979127830577881
64.61,-0.8793814748036549,-1.189621978424961,1.2463404944534424
64.63,-0.8564006967576322,-1.2143140910063257,1.3309293157717812
64.65,-0.9170308345811814,-1.225071050942762,1.2678544143263148
64.667,-0.9170308345811814,-1.225071050942762,1.2678544143263148
64.69,-1.2326498181707055,-1.784921920361825,1.2732328942945328
64.71,-1.0255783393943099,-1.8690217889557803,1.296702625064939
64.75,-0.9766830669559636,-1.8939583778993367,1.2192036182501604
64.765,-1.1470830914035999,-2.119854536564496,1.2306940072731718
64.8,-1.1275249824282614,-2.2090884087644773,1.3455978975032852
64.817,-1.088897717201968,-2.1408795037129846,1.2945023378052134
64.84,-1.1065000152797726,-1.9438315557864498,1.175197873055649
64.86,-1.0243559575833512,-1.7927451639519603,1.0248449103077346
64.88,-0.9779054487669223,-1.6463038229991138,0.916541881856798
64.9,-1.1096782079882652,-1.5269993582495491,0.8265745805702411
64.92,-1.2426733490205666,-1.3404638938972588,0.7094704030804021
64.94,-1.28130061424686,-1.1962228402041377,0.6256150108486386
64.96,-1.1952449347553709,-1.086208477217859,0.6138801454634355
64.98,-0.9803502123888397,-1.0160437612688322,0.6141246218256272
65.0,-0.7974818934694251,-0.9336552272102191,0.585276411087003
65.02,-0.7480976683066956,-0.8466216422699631,0.5358921859242735
65.04,-0.8295082969165418,-0.8136173333740794,0.5138893133270177
65.057,-0.7786572135806619,-0.7869694098951807,0.5192677932952358
65.08,-0.6185251963450784,-0.772300828163677,0.564495920300706
65.1,-0.6004339455428903,-0.7850135989976469,0.594322036488097
65.13,-0.7444305228738196,-0.6872230541209546,0.6173028145341197
65.15,-0.7309843229532744,-0.6544632215872628,0.6177917672585032
65.17,-0.714115453962045,-0.6840448614124621,0.6239036763132965
65.19,-0.7097148794425939,-0.793081318949974,0.6649757051615072
65.207,-0.7097148794425939,-0.793081318949974,0.6649757051615072
65.23,-0.7236500320875225,-0.9541912416343244,0.6657091342480824
65.25,-0.6891788650184885,-0.874736423922012,0.645173119823977
65.27,-0.6838003850502704,-0.8400207804907863,0.6292821562815145
65.29,-0.698713443143966,-0.8762032820951624,0.6175472908963114
65.31,-0.6652201815236989,-0.921920361825016,0.5997005164563152
65.33,-0.6219478654157626,-0.9842618341839073,0.617058338171928
65.35,-0.6072792836842588,-1.1033218225712802,0.6126577636524768
65.37,-0.5833206001894692,-1.1925556947712619,0.5772086911346759
65.39,-0.5566726767105705,-1.1994010329126303,0.5728081166152248
65.41,-0.5517831494667359,-1.201356843810164,0.6028787091648076
65.43,-0.5676741130091985,-1.2536747853191945,0.6224368181401461
65.447,-0.5676741130091985,-1.2536747853191945,0.6224368181401461
65.47,-0.5410261895302998,-1.3282400757876722,0.6028787091648076
65.49,-0.523668367814687,-1.2915686214589126,0.5681630657335819
65.52,-0.5373590440974239,-1.2353390581548147,0.5053326406503071
65.54,-0.5214680805549613,-1.2072242765027656,0.490908535280995
65.56,-0.48553005531277693,-1.201356843810164,0.5449378113253674
65.58,-0.4686611863215475,-1.1250802188063442,0.5537389603642697
65.597,-0.4772178589982581,-1.0248449103077346,0.4420132628426489
65.62,-0.5305137059560554,-0.95639152889405,0.3779604559484155
65.64,-0.5376035204596156,-0.8551783149466736,0.3828499831922501
65.66,-0.4987317788711304,-0.6830669559636953,0.4036304739785472
65.68,-0.6471289307215109,-0.46157137181798735,0.53540323319989
65.7,-1.1214130733734682,-0.2782141001741894,0.7138709775998533
65.72,-1.8404180545793478,-0.09412339944381627,0.9634813433976103
65.74,-2.4342511383430616,0.20731595513858753,1.3470647556764355
65.769,-2.3533294624575984,0.43052287381963755,1.4952174311646242
65.788,-2.0093512208538336,0.45374812822785193,1.4575680713870978
65.81,-1.9440760321486417,-0.3515570088317086,1.7208691134675915
65.83,-1.7707422913547046,-0.842954496837087,1.559759190783241
65.85,-1.2942578614430218,-0.9507685725636402,1.2717660361213825
65.87,-0.8400207804907863,-0.7656999663845002,0.9519909543745989
65.9,-0.5813647892919354,-0.6757326650979433,0.6989579195061577
65.92,-0.3581578706108853,-0.6632643706261651,0.5439599058766006
65.95,-0.024447636219173056,-0.45668184457415273,0.24814350762460655
65.97,-0.08141062860984628,-0.292149252819118,0.10781407572655319
65.987,-0.08141062860984628,-0.292149252819118,0.10781407572655319
66.01,-0.2263851113895425,-0.06063013782354919,0.025670018030131712
66.03,-0.15842068270024143,-0.019313632613146715,-0.07163157412217706
66.05,-0.06258594872108303,-0.009534578125477493,-0.12052684656052318
66.07,0.05476270513094765,0.006111909054793264,-0.12272713382024875
66.087,0.05476270513094765,0.006111909054793264,-0.12272713382024875
66.11,0.20780490786297098,0.061119090547932645,-0.08238853405861321
66.13,0.17626745714023775,0.05549613421752284,-0.062096995996699565
66.15,0.06771995232710937,0.030315068911774594,-0.06356385416984996
66.17,-0.006600861779176726,-0.05182898878464688,-0.0031781927084924976
66.19,-0.008067719952327109,-0.16893316627448582,0.11685970112764722
66.21,-0.0073342908657519175,-0.3491122452097913,0.19362527885585062
66.227,-0.0073342908657519175,-0.3491122452097913,0.19362527885585062
66.25,-0.304862023653088,-0.7908810316902485,0.5038657824771567
66.27,-0.572563640253033,-0.8732695657488616,0.8236408642239403
66.3,-0.7969929407450417,-0.8062830425083275,1.2832564251443939
66.32,-0.890138434740091,-0.7226721266387556,1.8536197781377013
66.34,-0.9334107508480274,-0.6292821562815145,2.0176634171683525
66.36,-1.073495706383889,-0.5825871711028939,1.9726797665250742
66.377,-1.3742016318797177,-0.6199920545182288,2.25749472847844
66.4,-1.3211502612841122,-0.38749503407389296,2.2161782232680376
66.42,-0.9598141979647342,-0.07627662500381995,1.962656235675213
66.44,-0.9681263942792531,0.05476270513094765,1.7054671026495125
66.46,-1.1399932769000396,0.09021177764874859,1.2426733490205666
66.48,-1.1529505240962015,0.08165510497203801,0.8387983986798276
66.5,-1.0923203862726523,-0.048406319713962656,0.32833175442349416
66.52,-1.193289123857837,-0.3581578706108853,0.04033859976163555
66.54,-1.12874736423922,-0.5134003606026343,0.5454267640497509
66.56,-0.8087278061302448,-0.7348959447483421,1.1336368914830548
66.58,-0.07945481771231244,-0.9686153470036366,1.349265042936161
66.6,0.604345567337958,-1.0006417504507532,1.2248265745805702
66.617,0.7916144607768236,-1.026311768480885,0.8006600861779176
66.64,0.5446933349631757,-1.095987531705528,0.5182898878464688
66.66,0.3931179904043028,-1.1040552516578552,0.41854353207224276
66.69,0.2791920056229563,-1.042691684747731,0.9172753109433731
66.71,-0.16477706811722642,-1.3387525593619167,0.8586009840173578
66.73,-0.3845613177275922,-1.452678544143263,0.7847691226354552
66.75,-0.3496011979341747,-1.1771536839531827,0.9162974054946063
66.822,0.10023530849860954,-1.4069614644134094,0.7427191883384775
66.84,-0.3757601686886899,-1.2947468141674052,0.7566543409834061
66.86,-0.3610915869571861,-1.1221465024600434,0.7894141735170981
66.88,-0.07334290865751918,-1.0554044555817008,0.724138984811906
66.9,-0.051340036060263425,-1.0246004339455428,0.6290376799193228
66.92,-0.19558108975338445,-0.9351220853833695,0.6771995232710937
66.94,-0.24741007853803135,-0.8260856278458576,0.6654646578858906
66.958,-0.17235583534517007,-0.813128380649696,0.6576414142957553
66.98,-0.03153745072273324,-0.9236316963603581,0.6358830180606913
67.0,0.04547260336766189,-0.9412339944381627,0.543470953152217
67.02,0.022736301683830944,-0.8710692784891361,0.43370106652813006
67.04,-0.04547260336766189,-0.8537114567735232,0.38822846316046816
67.07,-0.18457965345475658,-1.040735873850197,0.33150994713198667
67.09,-0.21000519512269658,-1.1539284295449683,0.31390764905418206
67.12,-0.16599944992818508,-1.2832564251443939,0.3300430889588363
67.14,-0.10903645753751184,-1.4433884423799774,0.3650032087522538
67.157,-0.09632368670354186,-1.667817742871986,0.4520367936925098
67.18,-0.052562417871222074,-1.8971365706078294,0.5728081166152248
67.2,-0.08043272316107936,-2.156037038168872,0.6894233413806803
67.22,-0.23689759496378693,-2.3924456804082754,0.8011490389023012
67.24,-0.3361549980136295,-2.5956055373896034,0.9338997035724108
67.26,-0.3750267396021147,-2.806588637961067,1.033646059346637
67.28,-0.31317421996760686,-2.9510741680163797,1.095987531705528
67.3,-0.1694221189988693,-3.071845490939095,1.189621978424961
67.32,-0.1014576903095682,-3.183326712098524,1.2370503926901568
67.34,-0.2180729150750237,-3.2625370534486446,1.256852978027687
67.36,-0.12003789383613972,-3.2063074901445465,1.247807352626593
67.38,-0.04547260336766189,-3.163524126760994,1.1844879748189348
67.397,-0.2021819515325612,-3.041285945665128,1.2446291599181003
67.42,-0.24472083855392232,-2.7613605109555968,1.3636891483054732
67.44,-0.21611710417748983,-2.443785716468539,1.4116065152950523
67.47,-0.15964306451120008,-2.424961036579776,0.8884271002047489
67.49,0.1686886899122941,-1.923784494086728,0.8603123185527
67.51,-0.5297802768694801,-1.6037649359777526,1.1717752039849647
67.53,-0.636127494422883,-1.9198728722916603,1.0165327139932157
67.547,-0.636127494422883,-1.9198728722916603,1.0165327139932157
67.57,0.24472083855392232,-0.9656816306573358,0.5466491458607096
67.59,-0.30070592549582864,-0.957369434342817,0.4224551538673105
67.61,-0.469150139045931,-0.8087278061302448,0.6793998105308193
67.63,-0.4686611863215475,-0.6791553341686276,0.6779329523576689
67.65,-0.321241939919934,-0.519023316933044,0.4708614735812731
67.67,-0.15524248999174892,-0.32833175442349416,0.4072976194114232
67.69,-0.06674204687834245,-0.22931882773584328,0.4124316230174495
67.71,-0.022247348959447483,-0.15157534455887295,0.3750267396021147
67.73,-0.005622956330409804,-0.010756959936436146,0.32637594352596033
67.75,0.0207804907862971,0.20413776243009504,0.24178712220762155
67.77,0.06331937780765821,0.4799070989823671,0.10243559575833511
67.787,0.06331937780765821,0.4799070989823671,0.10243559575833511
67.81,0.09534578125477493,0.6879564832075299,-0.05647403966628976
67.839,0.06331937780765821,0.45668184457415273,-0.05451822876875592
67.86,0.060874614185740916,0.40314152125416375,-0.13617333374079393
67.88,0.08678910857806435,0.4823518626042844,-0.23054120954680193
67.9,0.12370503926901567,0.5077774042722244,-0.28799315466185865
67.92,0.18091250802188064,0.48724138984811904,-0.3261314671637686
67.937,0.21953977324817406,0.4799070989823671,-0.34251138343061455
67.96,0.20853833694954618,0.4967759679735965,-0.36158053968156956
67.98,0.17113345353421142,0.49139748800537847,-0.3816276013812914
68.0,0.13299514103230142,0.4671943281483971,-0.40974238303334043
68.02,0.14252971915777893,0.4581487027473031,-0.41854353207224276
68.04,0.1694221189988693,0.4669498517862054,-0.41634324481251717
68.06,0.14301867188216238,0.4359013537878556,-0.45619289184976924
68.08,0.12199370473367356,0.35620205971335145,-0.4662164226996302
68.1,0.1183265593007976,0.2916603000947346,-0.45937108455826176
68.12,0.11392598478134645,0.2598783730098096,-0.42734468111114504
68.14,0.06429728325642514,0.2190508205237906,-0.41145371756868254
68.16,0.0327598325336919,0.1486416282125722,-0.3500901506585582
68.177,0.021758396235064023,0.09265654127066589,-0.2796809583473398
68.2,0.008801149038902301,0.0440057451945115,-0.2102496714848883
68.22,-0.0295816398251994,-0.026892399841090365,-0.1317727592213428
68.25,-0.08434434495614705,-0.27283562020597135,0.06307490144546649
68.27,-0.11857103566298934,-0.462793753628946,0.16917764263667756
68.29,-0.17064450080982796,-0.7373407083702594,0.25376646395501634
68.31,-0.23787550041255387,-0.9451456162332305,0.2669681875133698
68.327,-0.23787550041255387,-0.9451456162332305,0.2669681875133698
68.35,-0.26599028206460285,-1.2744552761054915,0.2471656021758396
68.37,-0.28334810378021574,-1.6993551935947193,0.3405555725330807
68.39,-0.35840234697307705,-1.920117348653852,0.25058827124652383
68.41,-0.5094887388075665,-2.031843046175473,0.11857103566298934
68.427,-0.5094887388075665,-2.031843046175473,0.11857103566298934
68.45,-0.49726492069798,-2.2626287320844667,0.2478990312624148
68.47,-0.6586193197445221,-2.476301072640039,0.13543990465421873
68.49,-0.8341533477981847,-2.6173639336246675,-0.015157534455887297
68.51,-0.6368609235094582,-2.538887021361122,0.0799437704366959
68.53,-0.267701616599945,-2.5212847232833173,0.16184335177092565
68.55,-0.17162240625859487,-2.592427344681111,0.07847691226354551
68.567,-0.17162240625859487,-2.592427344681111,0.07847691226354551
68.59,-0.39996332854567124,-2.316658008128839,0.04425022155670324
68.61,-0.4503254591571677,-2.134278641933808,0.13079485377257585
68.64,-0.5662072548360481,-1.9726797665250742,0.14913058093695566
68.66,-0.6463955016349356,-1.8472633927207163,0.15450906090517372
68.68,-0.6595972251932891,-1.787611160345934,0.15939858814900834
68.7,-0.692357057726981,-1.8294166182807199,0.16110992268435045
68.717,-0.7808575008403875,-1.7934785930385355,0.08898939583778993
68.74,-0.7901476026036732,-1.590807688781591,0.020536014424105367
68.76,-0.6965131558842405,-1.408183846224368,0.02884821073862421
68.78,-0.6099685236683678,-1.2918130978211044,0.030804021636158054
68.8,-0.5400482840815328,-1.1972007456529046,0.001711334535342114
68.82,-0.4828408153286679,-1.117990404302784,-0.012223818109586528
68.85,-0.45961556092045347,-1.0668948446047122,-0.01711334535342114
68.87,-0.5429820004278336,-0.9187421691165235,-0.01589096354246249
68.89,-0.5908993674174128,-0.8566451731198239,0.01686886899122941
68.908,-0.5908993674174128,-0.8566451731198239,0.01686886899122941
68.93,-0.6542187452250711,-0.869357943953794,0.11221465024600434
68.95,-0.6972465849708156,-0.840265256852978,0.17064450080982796
68.97,-0.7862359808086056,-0.7943037007609327,0.2784585765363811
68.99,-0.8845154784096813,-0.9263209363444672,0.481862909879901
69.02,-0.7314732756776579,-1.0360908229685541,0.6229257708645295
69.04,-0.22834092228707636,-0.9478348562173394,0.569874400268924
69.07,0.3750267396021147,-0.8038382788864101,0.5552058185374201
69.09,0.17920117348653852,-0.7938147480365492,0.5028878770283898
69.107,0.17920117348653852,-0.7938147480365492,0.5028878770283898
69.13,-0.13446199920545182,-1.0268007212052686,0.6339272071631574
69.15,0.32882070714787764,-1.0945206735323778,0.6715765669406839
69.17,0.4204993429697766,-1.1140787825077163,0.6239036763132965
69.19,0.1327506646701097,-1.1434159459707238,0.6874675304831463
69.21,0.020536014424105367,-1.106255538917581,0.6918681050025975
69.23,0.2398313113100877,-1.023622528496776,0.683311432325887
69.25,0.4547260336766189,-0.9422118998869297,0.5891880328820707
69.27,0.3779604559484155,-0.8483329768053052,0.4339455428903218
69.29,0.1821348898328393,-0.8189958133422974,0.34275585979280626
69.31,0.028603734376432478,-0.8908718638266663,0.4102313357577239
69.33,0.03422669070684228,-0.9759496378693885,0.47428414265195734
69.347,0.03422669070684228,-0.9759496378693885,0.47428414265195734
69.37,0.10830302845093664,-0.9803502123888397,0.424655441127036
69.39,0.026892399841090365,-0.9886624087033584,0.4229441065916939
69.42,-0.03789383613971824,-0.9815725941997983,0.4532591755034685
69.44,-0.06845338141368457,-0.9659261070195275,0.47306176084099866
69.46,-0.10659169391559453,-0.9559025761696666,0.4542370809522354
69.48,-0.1662439262903768,-0.9862176450814412,0.4197659138832014
69.497,-0.1623323044953091,-1.0268007212052686,0.46328270635332947
69.52,-0.14179629007120373,-0.9752162087828133,0.4962870152492131
69.54,-0.13568438101641048,-0.8935611038107752,0.46328270635332947
69.56,-0.18335727164379795,-0.9013843474009107,0.3821165541056749
69.58,-0.2916603000947346,-0.9673929651926779,0.33859976163554684
69.6,-0.2884821073862421,-1.0268007212052686,0.362069492405953
69.62,-0.18898022797420774,-1.0282675793784188,0.34471167069034014
69.64,-0.10536931210463588,-0.9827949760107569,0.3060844054640467
69.66,-0.15084191547229778,-0.9835284050973321,0.26501237661583593
69.68,-0.2813922928826819,-1.0378021575038963,0.2508327476087156
69.7,-0.3195306053845919,-1.1128564006967576,0.28823763102405037
69.72,-0.2791920056229563,-1.1275249824282614,0.30412859456651287
69.737,-0.26427894752926073,-1.058827124652385,0.2750359074656969
69.76,-0.2911713473703511,-1.0304678666381444,0.25205512941967423
69.78,-0.32637594352596033,-1.0695840845888214,0.24912141307337346
69.81,-0.3549796779023928,-1.0964764844299117,0.2787030528985729
69.83,-0.35791339424869356,-1.0813189499740243,0.2574336093878923
69.86,-0.3354215689270544,-1.1131008770589494,0.28505943831555786
69.88,-0.29386058735446013,-1.1302142224123706,0.3341991871160957
69.9,-0.29557192188980225,-1.0695840845888214,0.3214864162821257
69.92,-0.4046083794273141,-1.0104208049384225,0.28799315466185865
69.937,-0.5356477095620817,-0.9957522232069187,0.28603734376432477
69.96,-0.5283134186963298,-0.9889068850655502,0.2779696238119977
69.98,-0.4080310484979983,-1.0431806374721144,0.3068178345506219
70.0,-0.3310209944076032,-1.1121229716101824,0.3082846927237723
70.02,-0.3293096598722611,-1.1561287168046939,0.29557192188980225
70.04,-0.3368884271002047,-1.1128564006967576,0.2615897075451517
70.06,-0.34324481251718975,-0.998196986828836,0.18482412981694832
70.078,-0.33371023439171227,-0.9341441799346025,0.11417046114353818
70.1,-0.29899459096048653,-0.922898267273783,0.08678910857806435
70.12,-0.2789475292607646,-0.9356110381077529,0.088011490389023
70.14,-0.3070623109128136,-0.9551691470830914,0.08361091586957185
70.16,-0.3701372123582801,-0.9605476270513095,0.060874614185740916
70.19,-0.3508235797451334,-0.9461235216819973,0.08409986859395532
70.21,-0.27136876203282095,-0.9402560889893958,0.11319255569477125
70.24,-0.2214955841457079,-0.9290101763285762,0.12981694832380894
70.26,-0.22174006050789963,-0.9236316963603581,0.11148122115942914
70.277,-0.25841151483665925,-0.9554136234452831,0.05867432692601534
70.3,-0.3180637472114415,-0.9886624087033584,-0.005867432692601534
70.32,-0.38676160498731776,-0.9933074595850013,0.002933716346300767
70.34,-0.44348012101579926,-0.9871955505302081,-0.003911621795067689
70.36,-0.4686611863215475,-0.9969746050178773,-0.03740488341533478
70.38,-0.43296763744155486,-1.0395134920392384,-0.11319255569477125
70.4,-0.30241726003117075,-1.093542768083611,-0.16208782813311737
70.42,-0.053540323319988994,-1.1321700333099043,-0.11685970112764722
70.44,0.06649757051615071,-1.0996546771384041,0.0044005745194511505
70.46,-0.23885340586132078,-1.0446474956452647,0.20413776243009504
70.48,-0.7850135989976469,-1.040735873850197,0.5620511566787886
70.5,-1.0864529535800507,-0.8764477584573541,0.7124041194267029
70.517,-0.9979525104666442,-0.6067903309598753,0.6285487271949394
70.54,-0.7639886318491581,-0.3046175472908963,0.5116890260672922
70.56,-1.0224001466858172,-0.1381291446383278,0.7642331082113498
70.59,-1.8460410109097576,-0.0075787672279436485,0.5581395348837209
70.61,-1.3407083702594504,-0.041805457934785926,0.38822846316046816
70.63,-0.852978027686948,-0.2755248601900804,0.46474956452647986
70.65,-0.6190141490694618,-0.40387495034073895,0.5048436879259236
70.667,-0.6190141490694618,-0.40387495034073895,0.5048436879259236
70.69,-0.6319713962656236,-0.3060844054640467,0.5666962075604315
70.71,-0.5908993674174128,-0.2769917183632308,0.6023897564404241
70.73,-0.6251260581242551,-0.280414387433915,0.601656327353849
70.75,-0.6644867524371237,-0.22442930049200868,0.6334382544387739
70.767,-0.6644867524371237,-0.22442930049200868,0.6334382544387739
70.79,-0.6111909054793264,-0.14106286098462856,0.6921125813647893
70.81,-0.6437062616508267,-0.12248265745805702,0.7043363994743758
70.83,-0.7018916358524585,-0.0911896830975155,0.6720655196650673
70.85,-0.7163157412217706,-0.08434434495614705,0.648840265256853
70.879,-0.688689912294105,-0.09045625401094032,0.6600861779176725
70.9,-0.7168046939461541,-0.08458882131833878,0.6962686795220487
70.92,-0.7490755737554625,-0.06698652324053418,0.7363628029214925
70.94,-0.7373407083702594,-0.04816184335177093,0.7082480212694435
70.97,-0.7698560645417596,-0.1327506646701097,0.6581303670201387
70.99,-0.8608012712770834,-0.21147205329584695,0.6483513125324695
71.02,-0.963725819759802,-0.22980778046022673,0.7097148794425939
71.04,-0.9810836414754148,-0.16917764263667756,0.7216942211899887
71.057,-0.9534578125477493,-0.11148122115942914,0.6984689667817743
71.08,-0.9199645509274822,-0.09999083213641781,0.6974910613330073
71.1,-0.872047183937903,-0.12174922837148183,0.7082480212694435
71.12,-0.8872047183937903,-0.14937505729914738,0.7334290865751918
71.14,-0.9368334199187116,-0.14008495553586162,0.7583656755187482
71.157,-0.9544357179965162,-0.08972282492436512,0.7578767227943648
71.18,-0.9515020016502155,-0.03936069431286862,0.7502979555664212
71.2,-0.8891605292913242,-0.010512483574244415,0.764966537297925
71.22,-0.7952816062096996,0.0002444763621917306,0.7527427191883385
71.24,-0.8089722824924365,0.0026892399841090364,0.7361183265593008
71.26,-0.9082296855422791,0.003911621795067689,0.7238945084497143
71.28,-0.9835284050973321,0.003422669070684228,0.7234055557253308
71.297,-1.008220517678697,0.008312196314518839,0.7595880573297069
71.32,-1.007976041316505,0.02469211258136479,0.8006600861779176
71.34,-0.9918406014118509,0.052317941509030345,0.8160620969959966
71.37,-0.9918406014118509,0.04229441065916939,0.7282950829691655
71.39,-1.0439140665586897,0.02469211258136479,0.7334290865751918
71.41,-1.1654188185679797,0.013201723558353452,0.7009137304036915
71.43,-1.2162699019038596,0.05965223237478226,0.6556856033982215
71.447,-1.2162699019038596,0.05965223237478226,0.6556856033982215
71.47,-1.042691684747731,0.21538367509091463,0.49359777526510407
71.49,-1.0353573938819791,0.2390978822235125,0.42832258655991196
71.51,-0.9505240962014485,0.25596675121474194,0.3955627540262201
71.53,-0.8766922348195458,0.2796809583473398,0.3381108089111634
71.55,-0.8771811875439294,0.28481496195336614,0.2899489655593925
71.57,-0.20193747517036947,-0.4422577392048406,-1.5793172997585796
71.59,-0.617058338171928,-2.2868318919414476,-0.7043363994743758
71.61,-0.8774256639061211,-4.3040063563854165,2.8938666992635147
71.63,-1.584451303364606,0.01271277083396999,2.2890321792011736
71.65,-1.8572869235705773,1.8709775998533142,0.04253888702136112
71.67,-4.179567888029826,1.2377838217767319,0.3395776670843138
71.687,-4.179567888029826,1.2377838217767319,0.3395776670843138
71.71,-1.3409528466216423,-2.6092962136723403,3.447361183265593
71.73,-0.07969929407450417,-0.14521895914188795,1.978302722855484
71.76,-1.1177459279405921,1.3600220028725973,0.38627265226293434
71.78,0.007823243590135379,0.16453259175503468,-0.33199889985637016
71.8,1.767564098646212,-0.48895272438346116,-1.1380374660025059
71.82,1.3590440974238303,-0.28823763102405037,-1.386425449989304
71.837,1.448277969623812,-0.30339516547993767,-1.2436512544693334
71.86,1.9457873666839838,-0.2415426458454298,-1.0187330012529414
71.889,0.8510222167894141,-0.1310393301347676,0.060874614185740916
71.91,0.9534578125477493,0.9559025761696666,-0.12297161018244049
71.93,-0.9871955505302081,0.15548696635394066,-0.7397854719921767
71.95,-4.837453778687773,-3.9808086055679492,2.2508938666992635
71.97,-4.289582251016105,-4.087400299483543,2.8334810378021573
71.99,-1.295724719616172,-2.064113925984781,0.5740304984261834
72.01,-2.0105736026647922,-1.8697552180423556,-0.08214405769642147
72.029,-2.0105736026647922,-1.8697552180423556,-0.08214405769642147
72.05,-0.7072701158206766,-0.9771720196803472,-0.7896586498792898
72.07,-0.4542370809522354,0.25205512941967423,-0.7138709775998533
72.09,-0.4542370809522354,0.25205512941967423,-0.7138709775998533
72.11,-0.4148763866393668,1.2729884179323412,-0.42734468111114504
72.14,-0.6021452800782324,2.793875867127097,-0.5427375240656419
72.16,-1.2482963053509764,0.494575680713871,-0.09705711579011704
72.19,-3.1843046175472907,-0.7600770100540903,1.1338813678452464
72.21,-3.4253583106683374,-2.1015188094001163,3.5097026556244844
72.227,-1.2949912905295968,-3.16865813036702,2.954496837087064
72.25,-0.7366072792836842,-1.7443388442379977,1.041713779298964
72.27,-0.8490664058918803,-0.6031231855269994,0.35449072517800934
72.29,-0.5713412584420744,-0.8510222167894141,-0.15964306451120008
72.31,0.22565168230296734,-0.8906273874644746,-0.7124041194267029
72.33,0.09974635577422608,-0.36011368150841916,-0.5187788405708523
72.35,0.018824679888763254,0.08947834856217339,-0.40216361580539683
72.37,0.07040919231121841,0.5207346514683862,-0.4796626226201754
72.39,0.12370503926901567,0.8224184824129817,-0.7754790208721694
72.41,-0.30241726003117075,0.9757051615071968,-0.5028878770283898
72.43,-1.7905448766922347,1.0241114812211594,0.30021697277144516
72.45,-3.6402530330348686,0.3207529871955505,0.5647403966628977
72.468,-3.552486019008037,-1.3507319011093115,0.6840448614124621
72.49,-1.7546068514500504,-1.6377471503224033,1.142438040521957
72.51,-1.508174678360786,-0.7128930721510863,0.4772178589982581
72.53,-1.9159612504965926,-0.24423188582953886,-0.08263301042080494
72.55,-1.2754331815542586,-0.08141062860984628,-0.1686886899122941
72.58,-0.7216942211899887,0.023714207132597868,0.4965314916114048
72.6,-0.48846377165907773,-0.010268007212052684,0.7302508938666993
72.617,-0.38602817590074257,-0.08605567949148916,0.8686245148672188
72.64,-0.31610793631390766,-0.21049414784708004,0.8947834856217339
72.66,-0.20267090425694465,-0.25229960578186594,0.8400207804907863
72.68,-0.2508327476087156,-0.18017907893530544,0.8053051370595605
72.7,-0.6537297925006875,-0.11368150841915473,0.7701005409039513
72.72,-0.9302325581395349,-0.13006142468600068,0.8099501879412034
72.74,-0.9717935397121291,-0.13299514103230142,0.7605659627784739
72.76,-0.9798612596644561,-0.08263301042080494,0.601656327353849
72.78,-1.086941906304434,-0.0623414723588913,0.49139748800537847
72.8,-1.1294807933257953,-0.020536014424105367,0.41756562662347585
72.82,-1.3228615958194543,0.11563731931668857,0.5376035204596156
72.84,-1.5697827216331022,0.26745714023775324,0.5366256150108486
72.858,-1.5727164379794027,0.3102405036213061,0.4349234483390887
72.88,-1.1962228402041377,0.21293891146899735,0.35913577605965225
72.909,-0.9852397396326742,0.15744277725147449,0.41512086300155854
72.93,-1.1145677352320997,0.12614980289093297,0.746875286495737
72.95,-1.328484552149864,0.05378479968218073,0.3899397976958103
72.97,-1.060782935549919,-0.12272713382024875,0.17064450080982796
72.99,-0.7891696971549064,-0.16991107172325276,0.5388259022705743
73.007,-0.5857653638113864,-0.25474436940378326,0.5185343642086606
73.03,-0.4366347828744308,-0.30901812181034743,0.34740091067444917
73.05,-0.49848730250893863,-0.2965498273385692,0.3029062127555542
73.07,-0.5322250404913975,-0.21929529688598234,0.3371329034623965
73.09,-0.5114445497051003,-0.1464413409528466,0.308529169085964
73.11,-0.5112000733429086,-0.13372857011887662,0.31366317269199034
73.13,-0.5094887388075665,-0.18580203526571523,0.3158634599517159
73.15,-0.5363811386486569,-0.26427894752926073,0.25229960578186594
73.17,-0.5899214619686459,-0.34324481251718975,0.18017907893530544
73.19,-0.6791553341686276,-0.4278336338355285,0.16966659536106102
73.21,-0.7960150352962748,-0.5014210188552394,0.21856186779940714
73.23,-0.9067628273691287,-0.5583840112459126,0.31366317269199034
73.248,-0.9695932524524035,-0.6371053998716499,0.3596247287840357
73.27,-1.0783852336277235,-0.7544540537236806,0.44421355010237445
73.29,-1.3952265990282064,-0.8302417260031171,0.5647403966628977
73.31,-1.519909543745989,-0.7402744247165602,0.6019008037160407
73.33,-1.4666136967881918,-0.5965223237478227,0.6053234727867249
73.36,-1.393759740855056,-0.5620511566787886,0.6556856033982215
73.38,-1.417229471625462,-0.5659627784738563,0.6329493017143905
73.397,-1.34486446841671,-0.494575680713871,0.5412706658924915
73.42,-1.2179812364392018,-0.44788069553525045,0.47061699721908135
73.44,-1.1331479387586711,-0.4588821318338783,0.4671943281483971
73.46,-1.0602939828255356,-0.4830852916908596,0.47232833175442346
73.48,-1.0395134920392384,-0.4867524371237356,0.48332976805305133
73.497,-1.0341350120710204,-0.47844024080921677,0.47110594994346483
73.52,-1.0069981358677382,-0.4962870152492131,0.45521498640100233
73.54,-0.973749350609663,-0.5324695168535892,0.44543593191333314
73.56,-0.9488127616661064,-0.5486049567582434,0.4420132628426489
73.58,-0.9515020016502155,-0.5622956330409803,0.4366347828744308
73.6,-0.9353665617455612,-0.5666962075604315,0.42881153928429544
73.62,-0.9033401582984445,-0.5772086911346759,0.41438743391498334
73.638,-0.8617791767258502,-0.5977447055587812,0.4063197139626562
73.66,-0.832930965987226,-0.616080432723161,0.383827888641017
73.68,-0.8554227913088653,-0.6397946398557589,0.368425877822938
73.7,-0.8197292424288727,-0.6275708217461724,0.381138648656908
73.72,-0.7889252207927145,-0.6124132872902851,0.39922989945909604
73.75,-0.7842801699110717,-0.6339272071631574,0.3962961831127953
73.77,-0.7894141735170981,-0.6481068361702778,0.3921400849555359
73.787,-0.780368548116004,-0.6503071234300033,0.38969532133361856
73.81,-0.7273171775203985,-0.6595972251932891,0.3610915869571861
73.83,-0.6869785777587629,-0.6705986614919169,0.34642300522568226
73.85,-0.7075145921828683,-0.6740213305626012,0.3830944595544418
73.87,-0.7353848974727256,-0.6635088469883568,0.40069675763224644
73.89,-0.7111817376157442,-0.6498181707056199,0.38333893591663354
73.919,-0.6899122941050637,-0.6593527488310974,0.36329187421691167
73.94,-0.7009137304036915,-0.6740213305626012,0.3471564343122574
73.96,-0.7021361122146502,-0.6691318033187666,0.3310209944076032
73.979,-0.6757326650979433,-0.6715765669406839,0.32759832533691896
74.0,-0.6346606362497326,-0.6781774287198606,0.3293096598722611
74.02,-0.6253705344864469,-0.699691348592733,0.33199889985637016
74.04,-0.6204810072426122,-0.7344069920239586,0.3195306053845919
74.06,-0.6114353818415181,-0.780368548116004,0.3222198453687009
74.077,-0.6111909054793264,-0.83488677688476,0.34202243070623106
74.1,-0.5989670873697399,-0.8627570821746172,0.36989273599608835
74.12,-0.5872322219845368,-0.8537114567735232,0.3967851358371787
74.14,-0.6138801454634355,-0.8268190569324328,0.4087644775845735
74.16,-0.6838003850502704,-0.8165510497203802,0.41365400482840814
74.177,-0.7529871955505302,-0.8312196314518839,0.43027839745744584
74.2,-0.7701005409039513,-0.8165510497203802,0.47232833175442346
74.22,-0.8532225040491397,-0.7659444427466919,0.48821929529688596
74.24,-1.0656724627937537,-0.6559300797604132,0.5510497203801608
74.26,-1.3001252941356232,-0.5681630657335819,0.6994468722305413
74.28,-1.4299422424594321,-0.5410261895302998,0.8229074351373651
74.3,-1.4050056535158757,-0.528068942334138,0.8996730128655686
74.32,-1.2358280108791981,-0.506310546099074,0.8495553586162637
74.34,-1.1492833786633254,-0.5050881642881154,0.7595880573297069
74.36,-1.2069798001405738,-0.4850411025883935,0.721449744827797
74.38,-1.2954802432539803,-0.4063197139626562,0.688689912294105
74.4,-1.3174831158512361,-0.3610915869571861,0.5811203129297436
74.418,-1.280567185160285,-0.3667145432875959,0.5405372368059164
74.44,-1.069828560951013,-0.41683219753690065,0.5483604803960517
74.46,-1.001864132261712,-0.4420132628426489,0.6190141490694618
74.48,-0.9189866454787152,-0.28603734376432477,0.7302508938666993
74.5,-0.8258411514836659,-0.08678910857806435,0.7229166030009473
74.53,-0.8265745805702411,0.015157534455887297,0.6559300797604132
74.55,-0.7996821807291508,0.1127036029703878,0.7248724138984812
74.567,-0.48919720074565287,0.12590532652874126,0.8290193441921584
74.59,-0.1757785044158543,-0.026403447116706905,0.8106836170277786
74.61,1.2993918650490481,-1.2084466583137243,-1.0456254010940318
74.63,3.7969623811997675,-2.5767808575008404,-1.3722458209821837
74.65,0.04791736698957919,-2.2164226996302294,3.9583167802463097
74.67,-2.6845949332273937,-1.0157992849066406,3.6429422730189773
74.69,-3.7248418543532074,-0.2317635913577606,0.336643950738013
74.71,-3.1138954252360724,-0.5224459860037283,0.7133820248754699
74.73,-3.661278000183357,-2.1836628670965377,2.191486110686673
74.75,-4.005500718149314,-1.5922745469547412,2.068270024142041
74.77,-2.9948354368486996,0.41438743391498334,1.2754331815542586
74.79,-0.6336827308009657,1.4776151330868197,0.16404363903065122
74.808,0.9598141979647342,0.7855025517220303,-0.18482412981694832
74.83,2.4234941784066253,-0.030070592549582862,-0.7544540537236806
74.85,4.646028787091648,-0.03936069431286862,-0.7901476026036732
74.87,3.565198789842007,0.43516792470128046,0.17113345353421142
74.89,2.0668031659688904,0.0647862359808086,0.8111725697521621
74.929,-0.05158451242245515,-0.05696299239067323,0.5833206001894692
74.95,-1.891024661553036,-1.284967759679736,-0.03911621795067689
74.97,-5.212969471014271,-4.844543593191333,2.5811814320202915
74.99,-1.7643859059377196,-3.2669376279680957,0.7784127372184702
75.007,-2.086361274944229,-2.675060355101916,-1.4384989151361427
75.03,-3.9387586712709712,-1.3849585918161538,-0.8453992604590044
75.05,-3.4160682089050516,-0.7092259267182104,-0.33786633254897164
75.07,-0.8163065733581885,-0.03349326162026709,-0.6735323778382177
75.09,1.262231457995905,0.9595697216025425,-0.5625401094031721
75.11,3.8451242245515385,1.4605017877333986,0.08752253766463955
75.13,2.8733306848394093,1.4284753842862818,-0.05427375240656419
75.149,-0.39849647037252084,1.465391314977233,0.026403447116706905
75.17,-1.538978699996944,1.3187054976621948,0.10463588301806069
75.19,-4.408642239403478,-1.3262842648901385,1.7235583534517005
75.21,-5.300492008678911,-4.288115392842954,3.5229043791828376
75.23,-0.5070439751856493,-2.926382055435015,1.7350487424747119
75.247,-1.203312654707698,-1.6673287901476026,0.3077957399993888
75.27,-1.7692754331815541,-1.247807352626593,0.6493292179812364
75.29,-0.7004247776793081,-0.47281728447880694,-0.5107111206185252
75.31,0.34153347798184763,0.24374293310515538,-1.1952449347553709
75.33,1.1165235461296337,0.28114781652049015,-0.9607921034135012
75.347,2.6572135806619195,1.2597866943739877,-0.6204810072426122
75.37,1.3345964612046572,1.9919933991382208,-0.5383369495461907
75.39,-0.5884546037954955,1.4651468386150415,-0.7001803013171164
75.41,-0.832930965987226,0.2752803838278886,0.047183937903004
75.43,-5.055282217400605,-3.2625370534486446,4.056840754209578
75.45,-3.5854903279039205,-3.7507563487455307,3.1547229777220913
75.47,-0.6155914799987776,-1.2905907160101457,0.07407633774409436
75.49,-1.5424013690676281,-1.3680897228249242,0.25841151483665925
75.51,-1.1651743422057879,-0.14350762460654584,-0.7488310973932708
75.53,0.40069675763224644,0.8713137548513278,-1.4008495553586162
75.55,1.2852122360419276,1.7511841823793661,-0.8735140421110533
75.57,1.3966934572013567,1.2201815236989273,-0.051340036060263425
75.588,-0.07701005409039513,-0.09143415945970723,0.3229532744552761
75.61,-2.1183876783913456,-1.1030773462090884,1.153195000458393
75.63,-4.028237019833145,-2.4178712220762155,2.12181034746203
75.65,-1.0448919720074565,-0.645173119823977,1.0177550958041743
75.67,-0.8681355621428353,0.014179629007120373,0.3068178345506219
75.7,-0.9698377288145952,-0.028359258014240746,-0.006356385416984995
75.72,-0.8221740060507899,0.016624392629037678,-0.06258594872108303
75.737,-0.8678910857806436,-0.09730159215230877,0.08556672676710571
75.76,-0.8116615224765455,-0.27283562020597135,0.1672218317391437
75.78,-0.8319530605384592,-0.2943495400788436,0.2782141001741894
75.8,-1.0859640008556672,-0.3346881398404792,0.5263576077987959
75.82,-1.271277083396999,-0.528068942334138,0.4080310484979983
75.84,-1.0038199431592458,-0.5637624912141307,0.2598783730098096
75.86,-0.8114170461143538,-0.539070378632766,0.4926198698163371
75.88,-0.8652018457965345,-0.6970021086086239,0.6583748433823304
75.9,-0.46890566268373923,-0.9397671362650124,-0.019313632613146715
75.92,-0.31684136540048286,-0.9554136234452831,-0.28799315466185865
75.95,-0.7764569263209363,-0.6948018213488983,0.1246829447177826
75.97,-1.0148213794578735,-0.41145371756868254,0.4955535861626379
75.99,-0.7463863337713534,-0.28016991107172323,0.5134003606026343
76.01,-0.39849647037252084,-0.3068178345506219,0.3205085108333588
76.027,-0.3921400849555359,-0.4390795464963481,0.25523332212816674
76.05,-0.5087553097209914,-0.5679185893713902,0.276747242001039
76.07,-0.5187788405708523,-0.6476178834458943,0.2906823946459677
76.09,-0.4982428261467469,-0.7625217736760077,0.2647679002536442
76.11,-0.5092442624453748,-0.957369434342817,0.23738654768817039
76.127,-0.4955535861626379,-1.1575955749778444,0.2117165296580387
76.15,-0.5048436879259236,-1.2891238578369955,0.1743116462427039
76.17,-0.5654738257494728,-1.393026311768481,0.16648840265256853
76.19,-0.6603306542798643,-1.5203984964703725,0.2053601442410537
76.21,-0.7202273630168383,-1.5529138526418726,0.21318338783118906
76.227,-0.6119243345659017,-1.4353207224276503,0.2134278641933808
76.25,-0.4510588882437429,-1.331173792133973,0.2036488097057116
76.27,-0.3852947468141674,-1.303059010481924,0.1271277083396999
76.29,-0.37062616508266355,-1.3319072212205483,0.0383827888641017
76.31,-0.32735384897472725,-1.3451089447789017,-0.029092687100815938
76.33,-0.31781927084924977,-1.2998808177734316,-0.07480976683066956
76.35,-0.3603581578706109,-1.225071050942762,-0.042783363383552854
76.368,-0.4332121138037466,-1.1258136478929193,-0.026158970754515173
76.39,-0.5468936222229013,-1.062494270085261,-0.018091250802188062
76.41,-0.6539742688628793,-1.0365797756929376,-0.006111909054793264
76.43,-0.7102038321669774,-1.0047978486080127,-0.008801149038902301
76.45,-0.7153378357730037,-0.9673929651926779,0.009290101763285763
76.48,-0.5992115637319316,-0.9666595361061027,-0.010512483574244415
76.5,-0.5493383858448186,-0.9554136234452831,-0.06038566146135745
76.517,-0.5178009351220854,-0.9566360052562418,-0.0951013048925832
76.54,-0.49188644072976195,-0.9930629832228096,-0.09534578125477493
76.56,-0.4950646334382544,-1.0541820737707424,-0.10781407572655319
76.58,-0.528068942334138,-1.1272805060660698,-0.1215047520092901
76.6,-0.5310026586804388,-1.1989120801882467,-0.10170216667175992
76.62,-0.45765975002291964,-1.2365614399657734,-0.06943128686245148
76.64,-0.3821165541056749,-1.241450967209608,-0.057451945115056684
76.66,-0.35522415426458454,-1.215047520092901,-0.061119090547932645
76.68,-0.3395776670843138,-1.137059560553739,-0.04987317788711304
76.7,-0.280414387433915,-1.047336735629374,-0.040827552486019006
76.72,-0.25523332212816674,-0.9886624087033584,-0.03862726522629343
76.74,-0.26892399841090364,-0.9417229471625462,-0.042783363383552854
76.758,-0.28408153286679094,-0.8923387219998167,-0.05011765424930477
76.78,-0.2877486782996669,-0.8400207804907863,-0.05696299239067323
76.8,-0.2941050637166519,-0.7872138862573724,-0.0735873850197109
76.82,-0.31635241267609937,-0.7439415701494362,-0.08141062860984628
76.84,-0.3368884271002047,-0.7324511811264248,-0.08189958133422974
76.87,-0.3581578706108853,-0.7341625156617669,-0.07627662500381995
76.89,-0.38505027045197565,-0.7280506066069736,-0.07334290865751918
76.907,-0.3972740885615622,-0.7209607921034135,-0.06429728325642514
76.93,-0.3909177031445772,-0.7138709775998533,-0.041805457934785926
76.959,-0.3764935977752651,-0.7036029703878006,-0.00855667267671057
76.98,-0.3476453870366409,-0.7383186138190263,0.041072028848210734
77.0,-0.3444671943281484,-0.792103413501207,0.05769642147724842
77.02,-0.35473520154020105,-0.8424655441127036,0.07407633774409436
77.04,-0.38896189224704336,-0.8925831983620084,0.07701005409039513
77.06,-0.45986003728264524,-0.9248540781713168,0.06380833053204168
77.08,-0.5300247532316719,-0.9402560889893958,0.0655196650673838
77.099,-0.5192677932952358,-0.9387892308162454,0.04987317788711304
77.12,-0.4356568774256639,-0.9566360052562418,0.043516792470128046
77.14,-0.3911621795067689,-0.985484215994866,0.049628701524921305
77.16,-0.39702961219937044,-1.0104208049384225,0.0647862359808086
77.18,-0.4043639030651224,-1.0783852336277235,0.08287748678299667
77.197,-0.43370106652813006,-1.1573510986156526,0.09387892308162454
77.22,-0.4806405280689423,-1.1891330257005777,0.08727806130244782
77.24,-0.5104666442563335,-1.1698193930874308,0.07603214864162822
77.26,-0.5305137059560554,-1.1402377532622314,0.0743208141062861
77.28,-0.5432264767900253,-1.1346147969318217,0.08043272316107936
77.297,-0.5366256150108486,-1.1434159459707238,0.07945481771231244
77.32,-0.523668367814687,-1.1541729059071602,0.08703358494025609
77.34,-0.5170675060355102,-1.1549063349937352,0.09681263942792531
77.36,-0.5060660697368823,-1.136081655104972,0.09607921034135011
77.38,-0.47477309537634077,-1.1094337316260734,0.0975460685145005
77.4,-0.4412798337560737,-1.0874308590288175,0.09314549399504936
77.42,-0.4187880084344345,-1.0700730373132048,0.09730159215230877
77.44,-0.4134095284662164,-1.0578492192036182,0.11368150841915473
77.46,-0.4317452556305962,-1.0536931210463587,0.13470647556764356
77.48,-0.437368211961006,-1.0436695901964979,0.14521895914188795
77.5,-0.4339455428903218,-1.0378021575038963,0.15939858814900834
77.52,-0.4376126883231977,-1.0414693029367723,0.17137792989640313
77.538,-0.44421355010237445,-1.0334015829844452,0.1743116462427039
77.56,-0.44665831372429177,-1.0043088958836293,0.166977355376952
77.58,-0.44103535739388194,-0.9862176450814412,0.1591541117868166
77.6,-0.4368792592366226,-0.9693487760902118,0.15622039544051583
77.62,-0.4483696482596339,-0.9549246707208997,0.16844421355010236
77.65,-0.44176878648045714,-0.9566360052562418,0.17920117348653852
77.67,-0.4046083794273141,-0.9671484888304862,0.19069156250954986
77.687,-0.3767380741374568,-0.9788833542156893,0.19778137701311005
77.71,-0.3588912996974605,-0.970082205176787,0.2056046206032454
77.73,-0.3486232924854078,-0.9439232344222718,0.20658252605201236
77.75,-0.35742444152431013,-0.9238761727225498,0.20511566787886196
77.77,-0.3694037832717049,-0.9087186382666625,0.1990037588240687
77.787,-0.3794273141215659,-0.8999174892277603,0.18922470433639946
77.81,-0.3918956085933441,-0.8994285365033768,0.1757785044158543
77.83,-0.4112092412064908,-0.9096965437154295,0.16037649359777525
77.85,-0.4244109647648443,-0.9287656999663845,0.15328667909421506
77.87,-0.41292057574183294,-0.9348776090211778,0.14668581731503835
77.89,-0.3884729395226599,-0.9316994163126853,0.13323961739449316
77.91,-0.3830944595544418,-0.9368334199187116,0.09925740304984261
77.928,-0.3906732267823855,-0.932921798123644,0.06356385416984996
77.95,-0.39042875042019376,-0.9206979800140573,0.03667145432875959
77.979,-0.3799162668459493,-0.922898267273783,0.028114781652049017
78.0,-0.3395776670843138,-0.9871955505302081,0.0031781927084924976
78.02,-0.323931179904043,-1.0246004339455428,-0.009534578125477493
78.04,-0.30975155089692263,-1.0463588301806068,-0.02518106530574825
78.06,-0.2965498273385692,-1.054426550132934,-0.04522812700547016
78.077,-0.28383705650459923,-1.0448919720074565,-0.05647403966628976
78.1,-0.27234666748158787,-1.031690248449103,-0.0623414723588913
78.12,-0.27381352565473827,-1.029001008464994,-0.07260947957094398
78.14,-0.30168383094459555,-1.0282675793784188,-0.09021177764874859
78.16,-0.3398221434465055,-1.0179995721663662,-0.10512483574244415
78.177,-0.35449072517800934,-0.9903737432387005,-0.11294807933257953
78.2,-0.3510680561073251,-0.9686153470036366,-0.11123674479723741
78.22,-0.34813433976102437,-0.9495461907526815,-0.10341350120710203
78.24,-0.34324481251718975,-0.9390337071784371,-0.09950187941203435
78.26,-0.34593405250129877,-0.9505240962014485,-0.09143415945970723
78.28,-0.36329187421691167,-0.9632368670354184,-0.08923387219998166
78.3,-0.38627265226293434,-0.966415059743911,-0.09314549399504936
78.318,-0.3975185649237539,-0.9681263942792531,-0.0863001558536809
78.34,-0.4058307612382728,-0.9705711579011704,-0.07334290865751918
78.36,-0.41512086300155854,-0.9783944014913057,-0.0679644286893011
78.38,-0.4253888702136112,-0.9840173578217156,-0.06943128686245148
78.4,-0.43443449561470526,-0.9798612596644561,-0.07383186138190263
78.43,-0.4363903065122391,-0.9986859395532194,-0.07114262139779359
78.45,-0.43101182654402104,-1.0360908229685541,-0.06429728325642514
78.467,-0.42001039024539316,-1.0422027320233476,-0.05940775601259053
78.49,-0.4116981939308743,-1.0201998594260917,-0.05305137059560554
78.51,-0.39849647037252084,-1.0101763285762309,-0.03422669070684228
78.53,-0.3914066558689607,-1.0275341502918436,-0.011490389023011338
78.55,-0.3906732267823855,-1.0510038810622497,0.0007334290865751917
78.567,-0.38871741588485165,-1.049781499251291,0.010268007212052684
78.59,-0.37771597958622377,-1.051737310148825,0.026158970754515173
78.61,-0.37527121596430646,-1.057115790117043,0.04131650521040247
78.63,-0.3740488341533478,-1.0463588301806068,0.05280689423341381
78.65,-0.37282645234238915,-1.0275341502918436,0.055985086941906306
78.67,-0.37380435779115606,-1.0104208049384225,0.056229563304098035
78.69,-0.3772270268618403,-0.9903737432387005,0.056229563304098035
78.708,-0.3806496959325245,-0.9659261070195275,0.055985086941906306
78.73,-0.3794273141215659,-0.9475903798551477,0.05549613421752284
78.75,-0.37307092870458086,-0.9363444671943282,0.057451945115056684
78.77,-0.3654921614766372,-0.9192311218409069,0.056229563304098035
78.79,-0.35840234697307705,-0.9021177764874858,0.05794089783944015
78.82,-0.352045961556092,-0.8952724383461174,0.04938422516272958
78.84,-0.36011368150841916,-0.8916052929132414,0.04693946154081227
78.857,-0.35766891788650185,-0.8923387219998167,0.055251657855331114
78.88,-0.355713106988968,-0.8950279619839256,0.06576414142957553
78.9,-0.36158053968156956,-0.9006509183143354,0.07407633774409436
78.92,-0.3654921614766372,-0.9092075909910461,0.07945481771231244
78.94,-0.37282645234238915,-0.9233872199981664,0.08116615224765455
78.957,-0.38333893591663354,-0.9270543654310424,0.07456529046847783
78.989,-0.3923845613177276,-0.9211869327384409,0.06503071234300034
79.01,-0.39702961219937044,-0.9275433181554258,0.061119090547932645
79.03,-0.40069675763224644,-0.937322372643095,0.05378479968218073
79.049,-0.3960517067506035,-0.9439232344222718,0.04816184335177093
79.07,-0.3911621795067689,-0.9559025761696666,0.047672890627387464
79.09,-0.3894508449714268,-0.9644592488463771,0.04131650521040247
79.11,-0.3906732267823855,-0.9774164960425389,0.03202640344711671
79.13,-0.3933624667664945,-0.9996638450019864,0.02518106530574825
79.147,-0.396540659474987,-1.0155548085444488,0.02200287259725575
79.17,-0.39776304128594564,-1.025333863032118,0.02469211258136479
79.19,-0.40118571035662987,-1.0314457720869112,0.027381352565473825
79.21,-0.4126760993796412,-1.0373132047795128,0.02518106530574825
79.23,-0.4324786847171714,-1.041713779298964,0.018580203526571526
79.26,-0.4659719463374385,-1.040735873850197,-0.0007334290865751917
79.28,-0.4613268954557956,-1.0356018702441707,0.003911621795067689
79.297,-0.45668184457415273,-1.0307123430003362,0.008801149038902301
79.32,-0.44885860098401736,-1.0297344375515691,0.011245912660819608
79.34,-0.4356568774256639,-1.043425113834306,0.019069156250954986
79.36,-0.4275891574733368,-1.0495370228890994,0.023225254408214404
79.38,-0.4207438193319683,-1.0260672921186933,0.022491825321639215
79.4,-0.4050973321516976,-1.013598997646915,0.03789383613971824
79.42,-0.40118571035662987,-1.0165327139932157,0.061119090547932645
79.44,-0.4087644775845735,-1.0153103321822572,0.0735873850197109
79.46,-0.4112092412064908,-1.0175106194419827,0.08189958133422974
79.48,-0.4094979066711487,-1.0184885248907496,0.09265654127066589
79.5,-0.4063197139626562,-1.0087094704030803,0.09974635577422608
79.52,-0.39702961219937044,-0.9967301286556856,0.10023530849860954
79.537,-0.3549796779023928,-0.9950187941203434,0.08556672676710571
79.56,-0.302172783668979,-0.995507746844727,0.08507777404272224
79.58,-0.2901934419215842,-0.972771445160896,0.10561378846682762
79.61,-0.32955413623445284,-0.9515020016502155,0.12028237019833145
79.63,-0.39922989945909604,-0.946367998044189,0.12419399199339913
79.65,-0.4549705100388106,-0.9375668490052868,0.12346056290682395
79.67,-0.4852855789505852,-0.9248540781713168,0.11759313021422241
79.687,-0.4943312043516792,-0.920942456376249,0.10830302845093664
79.71,-0.49041958255661156,-0.9221648381872077,0.10268007212052685
79.73,-0.4530146991412768,-0.9172753109433731,0.10536931210463588
79.75,-0.4141429575527916,-0.9131192127861137,0.10683617027778626
79.77,-0.3936069431286862,-0.9126302600617303,0.10170216667175992
79.79,-0.37135959416923875,-0.9148305473214559,0.08434434495614705
79.81,-0.35620205971335145,-0.9136081655104972,0.07016471594902668
79.83,-0.34568957613910706,-0.9131192127861137,0.061119090547932645
79.85,-0.34666748158787397,-0.9197200745652905,0.055985086941906306
79.87,-0.3525349142804755,-0.9280322708798093,0.051340036060263425
79.89,-0.3613360633193778,-0.9417229471625462,0.047672890627387464
79.91,-0.3828499831922501,-0.9598141979647342,0.03960517067506036
79.927,-0.39947437582128775,-0.9610365797756929,0.03251535617150017
79.95,-0.396540659474987,-0.9683708706414448,0.03789383613971824
79.97,-0.390184274058002,-0.9889068850655502,0.0503621306114965
80.009,-0.38627265226293434,-1.031690248449103,0.044739174281086695
80.025,-0.40387495034073895,-1.040735873850197,0.04253888702136112
80.06,-0.43370106652813006,-1.1194572624759342,0.05794089783944015
80.077,-0.42661125202456984,-1.1148122115942916,0.06405280689423341
80.1,-0.41292057574183294,-1.0700730373132048,0.06063013782354919
80.12,-0.38798398679827645,-1.0422027320233476,0.0647862359808086
80.14,-0.3657366378388289,-1.0157992849066406,0.07505424319286129
80.16,-0.362069492405953,-0.9913516486874675,0.07872138862573724
80.18,-0.35864682333526876,-0.9849952632704825,0.09265654127066589
80.2,-0.3508235797451334,-0.9837728814595239,0.11539284295449684
80.22,-0.34495614705253186,-0.9906182196008924,0.14815267548818872
80.24,-0.3412890016196559,-0.9984414631910277,0.1735782171561287
80.26,-0.34275585979280626,-0.9810836414754148,0.18017907893530544
80.28,-0.3640253033034868,-0.9585918161537756,0.1662439262903768
80.3,-0.396540659474987,-0.932921798123644,0.14766372276380527
80.317,-0.424655441127036,-0.8996730128655686,0.1310393301347676
80.34,-0.4532591755034685,-0.8737585184732451,0.12052684656052318
80.36,-0.4557039391253858,-0.9043180637472115,0.12272713382024875
80.39,-0.43223420835497967,-0.972771445160896,0.11734865385203068
80.41,-0.4209882956941601,-0.984506310546099,0.08532225040491398
80.43,-0.41634324481251717,-0.9786388778534976,0.049628701524921305
80.45,-0.4036304739785472,-0.9886624087033584,0.04449469791889497
80.467,-0.38431684136540045,-0.9598141979647342,0.0440057451945115
80.49,-0.3452006234147236,-0.9052959691959783,0.03544907251780093
80.51,-0.30901812181034743,-0.8605567949148917,0.006845338141368456
80.53,-0.3077957399993888,-0.8365981114201021,-0.02933716346300767
80.55,-0.31146288543226475,-0.9199645509274822,-0.0019558108975338447
80.57,-0.32955413623445284,-1.0693396082266295,0.033248785258075356
80.59,-0.3540017724536259,-1.1500168077499007,0.017846774439996334
80.61,-0.36915930690951315,-1.1084558261773065,-0.023958683494789596
80.63,-0.3686703541851297,-1.0593160773767687,-0.04816184335177093
80.65,-0.3510680561073251,-1.0527152155975918,-0.032270879809308435
80.67,-0.31928612902240017,-1.0612718882743024,0.0044005745194511505
80.69,-0.2743024783791217,-1.0774073281789567,0.03813831250190997
80.707,-0.22907435137365156,-1.0906090517373102,0.05476270513094765
80.73,-0.21147205329584695,-1.0903645753751183,0.055251657855331114
80.75,-0.22760749320050117,-1.0796076154386822,0.05940775601259053
80.78,-0.2772361947254225,-1.0194664303395164,0.08238853405861321
80.8,-0.2933716346300767,-0.9937964123093849,0.09559025761696666
80.82,-0.31268526724322343,-0.9962411759313021,0.11148122115942914
80.84,-0.32344222717965954,-1.0045533722458209,0.11490389023011337
80.857,-0.33786633254897164,-0.9957522232069187,0.10096873758518474
80.88,-0.3522904379182838,-0.9847507869082908,0.08092167588546283
80.9,-0.3522904379182838,-0.9730159215230877,0.06967576322464322
80.92,-0.3224643217308926,-0.9568804816184335,0.07040919231121841
80.94,-0.28603734376432477,-0.9439232344222718,0.07480976683066956
80.96,-0.26819056932432844,-0.9304770345017266,0.07212052684656052
80.98,-0.25938942028542616,-0.9241206490847416,0.06380833053204168
81.0,-0.25841151483665925,-0.9202090272896739,0.05574061057971457
81.029,-0.27405800201693,-0.9158084527702227,0.06136356691012437
81.048,-0.3014393545824038,-0.9162974054946063,0.07309843229532745
81.07,-0.32344222717965954,-0.901139871038719,0.0774990068147786
81.09,-0.33028756532102804,-0.8774256639061211,0.07040919231121841
81.11,-0.3395776670843138,-0.8659352748831097,0.06625309415395898
81.13,-0.3527793906426672,-0.8678910857806436,0.06747547596491764
81.16,-0.3782049323106072,-0.9172753109433731,0.06747547596491764
81.18,-0.38333893591663354,-0.9402560889893958,0.05965223237478226
81.21,-0.3823610304678666,-0.9605476270513095,0.052562417871222074
81.23,-0.3884729395226599,-0.9869510741680163,0.040094123399443814
81.247,-0.4080310484979983,-1.0277786266540354,0.026158970754515173
81.27,-0.42636677566237813,-1.0727622772973138,0.005867432692601534
81.29,-0.437368211961006,-1.0996546771384041,-0.015402010818079027
81.31,-0.43272316107936315,-1.117012498854017,-0.03202640344711671
81.33,-0.41292057574183294,-1.1253246951685358,-0.0327598325336919
81.35,-0.36915930690951315,-1.1040552516578552,-0.013201723558353452
81.37,-0.31146288543226475,-1.0720288482107385,0.014668581731503835
81.39,-0.2777251474498059,-1.0583381719280016,0.030559545273966322
81.41,-0.2877486782996669,-1.0456254010940318,0.02884821073862421
81.43,-0.34153347798184763,-1.0250893866699264,0.03153745072273324
81.45,-0.37453778687773126,-1.009931852214039,0.036182501604376124
81.47,-0.40387495034073895,-0.993551935947193,0.04229441065916939
81.487,-0.44348012101579926,-0.9744827796962381,0.04327231610793631
81.51,-0.4662164226996302,-0.9581028634293921,0.03667145432875959
81.53,-0.4708614735812731,-0.9634813433976103,0.03398221434465055
81.56,-0.4405464046694985,-0.9500351434770651,0.03862726522629343
81.58,-0.4077865721358066,-0.9368334199187116,0.03349326162026709
81.6,-0.3936069431286862,-0.9395226599028206,0.02126944351068056
81.62,-0.38725055771170125,-0.9512575252880237,0.02102496714848883
81.637,-0.390184274058002,-0.9559025761696666,0.02029153806191364
81.66,-0.3943403722152614,-0.9588362925159674,0.016624392629037678
81.68,-0.3894508449714268,-0.9571249579806252,0.016624392629037678
81.7,-0.3808941722947162,-0.963725819759802,0.014913058093695565
81.72,-0.3784494086727989,-0.988173455978975,0.009045625401094031
81.74,-0.3794273141215659,-1.0001527977263698,0.011979341747394798
81.76,-0.3772270268618403,-1.0057757540567795,0.014424105369312105
81.78,-0.3740488341533478,-1.0148213794578735,0.014179629007120373
81.8,-0.368425877822938,-1.0111542340249977,0.013690676282736913
81.82,-0.35644653607554316,-0.9972190813800691,0.012223818109586528
81.84,-0.3478898633988326,-0.9903737432387005,0.014668581731503835
81.86,-0.34642300522568226,-0.9849952632704825,0.0207804907862971
81.877,-0.3471564343122574,-0.9823060232863735,0.028114781652049017
81.9,-0.3491122452097913,-0.9825504996485652,0.03398221434465055
81.92,-0.3508235797451334,-0.9842618341839073,0.03471564343122574
81.95,-0.3510680561073251,-0.9813281178376065,0.03740488341533478
81.97,-0.3469119579500657,-0.9798612596644561,0.04425022155670324
81.99,-0.34348928887938146,-0.9827949760107569,0.05378479968218073
82.01,-0.34813433976102437,-0.9813281178376065,0.055251657855331114
82.036,-0.36182501604376127,-0.9879289796167833,0.05476270513094765
82.05,-0.33933319072212204,-0.9874400268923998,0.047428414265195735
82.07,-0.323931179904043,-0.9918406014118509,0.03936069431286862
82.09,-0.3532683433670507,-1.008220517678697,0.04302783974574458
82.11,-0.3657366378388289,-1.0050423249702045,0.049628701524921305
82.13,-0.33933319072212204,-0.9937964123093849,0.03789383613971824
82.15,-0.34031109617088895,-1.000886226812945,0.04131650521040247
82.17,-0.3500901506585582,-0.9967301286556856,0.041072028848210734
82.19,-0.3454450997769153,-0.9930629832228096,0.035938025242184396
82.21,-0.3371329034623965,-0.9977080341044525,0.03764935977752651
82.23,-0.333954710753904,-0.99452984139596,0.03960517067506036
82.25,-0.34348928887938146,-0.9864621214436329,0.038871741588485165
82.267,-0.36182501604376127,-0.9713045869877456,0.03813831250190997
82.29,-0.35840234697307705,-0.9449011398710387,0.042783363383552854
82.31,-0.35522415426458454,-0.9358555144699446,0.04645050881642881
82.34,-0.396540659474987,-0.9412339944381627,0.04229441065916939
82.36,-0.40020780490786295,-0.9341441799346025,0.04425022155670324
82.38,-0.4053418085138893,-0.9544357179965162,0.04791736698957919
82.4,-0.40191913944320506,-0.9793723069400727,0.04547260336766189
82.417,-0.38676160498731776,-0.9986859395532194,0.04302783974574458
82.44,-0.3794273141215659,-1.0184885248907496,0.04425022155670324
82.46,-0.38407236500320874,-1.0412248265745805,0.04669498517862054
82.48,-0.3909177031445772,-1.0529596919597837,0.04522812700547016
82.5,-0.38871741588485165,-1.0507594047000581,0.04253888702136112
82.52,-0.3796717904837576,-1.0483146410781408,0.04253888702136112
82.54,-0.35840234697307705,-1.0400024447636218,0.04791736698957919
82.56,-0.3478898633988326,-1.0160437612688322,0.05402927604437246
82.58,-0.34080004889527243,-0.9896403141521254,0.06185251963450784
82.6,-0.3405555725330807,-0.978149925129114,0.07065366867341014
82.62,-0.3515570088317086,-0.9735048742474712,0.07701005409039513
82.64,-0.35864682333526876,-0.9539467652721327,0.07480976683066956
82.657,-0.36989273599608835,-0.9326773217614521,0.07529871955505302
82.68,-0.3813831250190997,-0.922898267273783,0.08238853405861321
82.7,-0.3701372123582801,-0.9226537909115912,0.0887449194755982
82.73,-0.35375729609143414,-0.9385447544540537,0.08556672676710571
82.75,-0.34397824160376494,-0.963725819759802,0.0799437704366959
82.77,-0.34226690706842283,-0.9788833542156893,0.07945481771231244
82.79,-0.3478898633988326,-0.9893958377899337,0.07163157412217706
82.807,-0.3498456742963665,-0.995507746844727,0.06405280689423341
82.83,-0.34593405250129877,-1.000886226812945,0.057207468752864955
82.85,-0.34031109617088895,-1.0069981358677382,0.0503621306114965
82.87,-0.3363994743758213,-1.0065091831433548,0.0415609815725942
82.89,-0.333954710753904,-1.0011307031751366,0.036182501604376124
82.91,-0.32882070714787764,-0.9989304159154112,0.031048497998349783
82.93,-0.32637594352596033,-0.9920850777740428,0.027381352565473825
82.95,-0.3293096598722611,-0.9832839287351404,0.026647923478898633
82.97,-0.32882070714787764,-0.9776609724047306,0.025670018030131712
82.99,-0.3317544234941784,-0.9801057360266479,0.023714207132597868
83.01,-0.3368884271002047,-0.9803502123888397,0.022980778046022676
83.039,-0.3398221434465055,-0.9715490633499373,0.02518106530574825
83.06,-0.34104452525746415,-0.9693487760902118,0.027136876203282093
83.08,-0.3452006234147236,-0.9639702961219937,0.022980778046022676
83.11,-0.352045961556092,-0.9644592488463771,0.030315068911774594
83.13,-0.3542462488158176,-0.9683708706414448,0.03471564343122574
