Time (seconds),X,Y,Z
0.0,-0.05182898878464688,-0.08165510497203801,1.0461143538184152
0.02,-0.052317941509030345,-0.0799437704366959,1.0463588301806068
0.04,-0.05305137059560554,-0.08092167588546283,1.0463588301806068
0.06,-0.051340036060263425,-0.08043272316107936,1.047336735629374
0.08,-0.05305137059560554,-0.08189958133422974,1.0475812119915655
0.1,-0.05280689423341381,-0.08214405769642147,1.047092259267182
0.128,-0.05207346514683862,-0.0806771995232711,1.0483146410781408
0.15,-0.05011765424930477,-0.0806771995232711,1.0461143538184152
0.17,-0.05280689423341381,-0.08141062860984628,1.0468477829049903
0.19,-0.05305137059560554,-0.08263301042080494,1.0483146410781408
0.21,-0.05207346514683862,-0.0799437704366959,1.048070164715949
0.227,-0.05207346514683862,-0.0799437704366959,1.048070164715949
0.25,-0.05378479968218073,-0.08238853405861321,1.0483146410781408
0.27,-0.05280689423341381,-0.08189958133422974,1.0483146410781408
0.29,-0.051340036060263425,-0.08214405769642147,1.049048070164716
0.31,-0.05182898878464688,-0.08092167588546283,1.0468477829049903
0.327,-0.05182898878464688,-0.08092167588546283,1.0468477829049903
0.35,-0.052317941509030345,-0.08043272316107936,1.04538092473184
0.37,-0.05280689423341381,-0.08141062860984628,1.047336735629374
0.39,-0.052562417871222074,-0.08141062860984628,1.0475812119915655
0.41,-0.05305137059560554,-0.08141062860984628,1.0488035938025242
0.43,-0.05158451242245515,-0.08238853405861321,1.049781499251291
0.45,-0.052562417871222074,-0.08018824679888763,1.047092259267182
0.47,-0.052562417871222074,-0.07921034135012071,1.0461143538184152
0.49,-0.051340036060263425,-0.07921034135012071,1.0463588301806068
0.51,-0.05280689423341381,-0.08092167588546283,1.0475812119915655
0.53,-0.052562417871222074,-0.08214405769642147,1.048070164715949
0.55,-0.05182898878464688,-0.08214405769642147,1.0475812119915655
0.568,-0.05207346514683862,-0.08043272316107936,1.047336735629374
0.59,-0.05158451242245515,-0.07921034135012071,1.0468477829049903
0.61,-0.05085108333587996,-0.08018824679888763,1.0478256883537573
0.63,-0.05060660697368823,-0.08141062860984628,1.0468477829049903
0.65,-0.05207346514683862,-0.08336643950738012,1.0478256883537573
0.68,-0.053540323319988994,-0.08263301042080494,1.0463588301806068
0.7,-0.05378479968218073,-0.0799437704366959,1.0461143538184152
0.717,-0.05207346514683862,-0.07969929407450417,1.0466033065427987
0.74,-0.05085108333587996,-0.08018824679888763,1.0468477829049903
0.76,-0.052317941509030345,-0.08165510497203801,1.0492925465269076
0.78,-0.05158451242245515,-0.08287748678299667,1.0468477829049903
0.8,-0.052317941509030345,-0.08238853405861321,1.047092259267182
0.82,-0.05378479968218073,-0.08043272316107936,1.0466033065427987
0.84,-0.052317941509030345,-0.07969929407450417,1.0463588301806068
0.86,-0.05085108333587996,-0.0806771995232711,1.0463588301806068
0.88,-0.049628701524921305,-0.08165510497203801,1.0466033065427987
0.9,-0.05182898878464688,-0.0806771995232711,1.0475812119915655
0.92,-0.05280689423341381,-0.08141062860984628,1.0475812119915655
0.94,-0.05378479968218073,-0.08165510497203801,1.0463588301806068
0.958,-0.05280689423341381,-0.0806771995232711,1.0483146410781408
0.98,-0.05011765424930477,-0.0799437704366959,1.0475812119915655
1.0,-0.0503621306114965,-0.08116615224765455,1.047092259267182
1.02,-0.05060660697368823,-0.08092167588546283,1.0441585429208813
1.04,-0.05427375240656419,-0.08141062860984628,1.0448919720074565
1.07,-0.05427375240656419,-0.08141062860984628,1.0461143538184152
1.09,-0.05085108333587996,-0.08165510497203801,1.049048070164716
1.107,-0.05060660697368823,-0.07945481771231244,1.0475812119915655
1.138,-0.05011765424930477,-0.07969929407450417,1.0466033065427987
1.157,-0.05060660697368823,-0.08141062860984628,1.048070164715949
1.18,-0.05305137059560554,-0.08189958133422974,1.0463588301806068
1.2,-0.053540323319988994,-0.08214405769642147,1.0451364483696481
1.22,-0.052562417871222074,-0.08189958133422974,1.0461143538184152
1.24,-0.051340036060263425,-0.08043272316107936,1.0463588301806068
1.26,-0.052562417871222074,-0.08116615224765455,1.0461143538184152
1.28,-0.052562417871222074,-0.08214405769642147,1.0483146410781408
1.299,-0.05280689423341381,-0.08116615224765455,1.0488035938025242
1.32,-0.052562417871222074,-0.08165510497203801,1.0475812119915655
1.34,-0.052317941509030345,-0.08092167588546283,1.047092259267182
1.36,-0.052562417871222074,-0.08018824679888763,1.0466033065427987
1.38,-0.053295846957797266,-0.08092167588546283,1.0466033065427987
1.397,-0.05305137059560554,-0.0838553922317636,1.0468477829049903
1.42,-0.052562417871222074,-0.08165510497203801,1.0492925465269076
1.44,-0.05182898878464688,-0.08238853405861321,1.047336735629374
1.46,-0.051340036060263425,-0.08018824679888763,1.04538092473184
1.48,-0.05085108333587996,-0.0799437704366959,1.0468477829049903
1.497,-0.0503621306114965,-0.08092167588546283,1.048070164715949
1.52,-0.053295846957797266,-0.08214405769642147,1.0478256883537573
1.54,-0.05305137059560554,-0.08263301042080494,1.047336735629374
1.56,-0.052317941509030345,-0.08165510497203801,1.0463588301806068
1.58,-0.05085108333587996,-0.07969929407450417,1.0466033065427987
1.6,-0.05011765424930477,-0.07921034135012071,1.0468477829049903
1.62,-0.05109555969807169,-0.08238853405861321,1.047092259267182
1.64,-0.05280689423341381,-0.08263301042080494,1.0468477829049903
1.66,-0.05182898878464688,-0.0831219631451884,1.0475812119915655
1.68,-0.052317941509030345,-0.08092167588546283,1.0478256883537573
1.7,-0.05451822876875592,-0.0806771995232711,1.0451364483696481
1.72,-0.051340036060263425,-0.0806771995232711,1.0478256883537573
1.738,-0.053540323319988994,-0.08092167588546283,1.0478256883537573
1.76,-0.05378479968218073,-0.07945481771231244,1.047092259267182
1.78,-0.05500718149313938,-0.07945481771231244,1.047092259267182
1.8,-0.05671851602848149,-0.0799437704366959,1.044403019283073
1.82,-0.05402927604437246,-0.08116615224765455,1.0466033065427987
1.85,-0.05427375240656419,-0.08214405769642147,1.048070164715949
1.87,-0.05402927604437246,-0.08189958133422974,1.0478256883537573
1.887,-0.05476270513094765,-0.07969929407450417,1.047092259267182
1.91,-0.053295846957797266,-0.08043272316107936,1.0466033065427987
1.93,-0.053540323319988994,-0.0831219631451884,1.0483146410781408
1.95,-0.052317941509030345,-0.08409986859395532,1.047336735629374
1.97,-0.04033859976163555,-0.08092167588546283,1.049781499251291
1.99,-0.03862726522629343,0.10512483574244415,1.0642056046206032
2.01,-0.06160804327231611,-0.10928093389970357,1.0461143538184152
2.03,-0.08141062860984628,-0.22760749320050117,1.039024539314855
2.05,-0.06771995232710937,-0.094367875806008,1.0358463466063625
2.07,-0.1271277083396999,-0.10414693029367723,1.0722733245729303
2.09,-0.16648840265256853,-0.06918681050025975,0.9629923906732267
2.11,0.10732512300216973,-0.022491825321639215,1.0727622772973138
2.128,-0.058185374201631876,-0.0911896830975155,1.0615163646364942
2.158,-0.06771995232710937,-0.08483329768053051,1.0414693029367723
2.177,-0.05158451242245515,-0.08165510497203801,1.0475812119915655
2.2,-0.05647403966628976,-0.08018824679888763,1.0468477829049903
2.22,-0.05671851602848149,-0.0806771995232711,1.047092259267182
2.24,-0.055985086941906306,-0.08336643950738012,1.0475812119915655
2.26,-0.05647403966628976,-0.08507777404272224,1.0463588301806068
2.277,-0.05647403966628976,-0.08507777404272224,1.0463588301806068
2.3,-0.010756959936436146,-0.07847691226354551,1.0549155028573174
2.32,-0.022980778046022676,-0.05158451242245515,1.0554044555817008
2.34,-0.030070592549582862,0.044739174281086695,1.0483146410781408
2.36,-0.0591632796503988,-0.11514836659230511,1.0370687284173212
2.38,-0.06283042508327476,-0.18360174800598966,1.0429361611099226
2.4,-0.05940775601259053,-0.10708064663997799,1.0461143538184152
2.42,-0.05842985056382361,-0.08972282492436512,1.0463588301806068
2.44,-0.05549613421752284,-0.07627662500381995,1.043425113834306
2.46,-0.05671851602848149,-0.08214405769642147,1.0451364483696481
2.48,-0.05182898878464688,-0.02982611618739113,1.05809369556581
2.5,-0.04547260336766189,-0.10341350120710203,1.0546710264951258
2.518,-0.04669498517862054,-0.13568438101641048,1.031934724811295
2.54,-0.0503621306114965,-0.14008495553586162,1.0488035938025242
2.56,-0.07065366867341014,-0.13519542829202702,1.039024539314855
2.58,-0.04204993429697766,-0.05207346514683862,1.0422027320233476
2.6,-0.04913974880053785,-0.10170216667175992,1.0527152155975918
2.63,-0.07334290865751918,-0.1095254102618953,1.0488035938025242
2.65,-0.07383186138190263,-0.08654463221587262,1.0400024447636218
2.667,-0.06771995232710937,-0.12052684656052318,1.0456254010940318
2.69,-0.0831219631451884,-0.12883904287504203,1.0448919720074565
2.71,-0.09705711579011704,-0.17626745714023775,1.0338905357088286
2.73,-0.08507777404272224,-0.12443846835559087,1.0441585429208813
2.75,-0.06820890505149284,-0.027870305289857285,1.0527152155975918
2.77,-0.08336643950738012,-0.03716040705314305,1.0466033065427987
2.79,-0.11025883934847049,-0.08287748678299667,1.0378021575038963
2.81,-0.11539284295449684,-0.1063472175534028,1.0375576811417047
2.83,-0.07921034135012071,-0.13323961739449316,1.0536931210463587
2.85,-0.11025883934847049,-0.09021177764874859,1.0385355865904715
2.87,-0.11099226843504569,-0.0799437704366959,1.0448919720074565
2.89,-0.0975460685145005,-0.09265654127066589,1.04538092473184
2.908,-0.10390245393148549,-0.09779054487669223,1.044403019283073
2.93,-0.10243559575833511,-0.10096873758518474,1.044403019283073
2.95,-0.09803502123888397,-0.09412339944381627,1.0468477829049903
2.97,-0.09412339944381627,-0.0831219631451884,1.0475812119915655
2.99,-0.1014576903095682,-0.06185251963450784,1.0524707392354002
3.02,-0.10243559575833511,-0.08776701402683128,1.0441585429208813
3.04,-0.10854750481312837,-0.08483329768053051,1.04538092473184
3.057,-0.10463588301806069,-0.08507777404272224,1.047336735629374
3.08,-0.11148122115942914,-0.08776701402683128,1.0451364483696481
3.1,-0.11245912660819607,-0.07872138862573724,1.042691684747731
3.12,-0.11050331571066223,-0.07701005409039513,1.04538092473184
3.14,-0.10781407572655319,-0.08776701402683128,1.042691684747731
3.168,-0.10536931210463588,-0.0806771995232711,1.0478256883537573
3.19,-0.10390245393148549,-0.0767655777282034,1.0446474956452647
3.21,-0.10439140665586896,-0.08287748678299667,1.0448919720074565
3.23,-0.1063472175534028,-0.07627662500381995,1.0458698774562234
3.249,-0.10903645753751184,-0.07480976683066956,1.0468477829049903
3.27,-0.10756959936436146,-0.08189958133422974,1.0448919720074565
3.29,-0.1031690248449103,-0.09461235216819973,1.053448644684167
3.31,-0.09901292668765088,-0.07505424319286129,1.0422027320233476
3.33,-0.09656816306573358,-0.06820890505149284,1.04538092473184
3.347,-0.09485682853039147,-0.07896586498792897,1.047092259267182
3.37,-0.10292454848271858,-0.08336643950738012,1.0522262628732084
3.39,-0.10561378846682762,-0.08898939583778993,1.0478256883537573
3.41,-0.09681263942792531,-0.07969929407450417,1.0378021575038963
3.43,-0.10390245393148549,-0.08043272316107936,1.0541820737707424
3.447,-0.12492742107997433,-0.11001436298627876,1.044403019283073
3.47,-0.13372857011887662,-0.1391070500870947,1.0583381719280016
3.49,-0.11294807933257953,-0.12590532652874126,1.0974543898786786
3.51,-0.07823243590135379,-0.010512483574244415,1.1651743422057879
3.53,-0.08165510497203801,-0.0022002872597255752,1.1754423494178405
3.547,-0.10781407572655319,-0.07725453045258686,1.0527152155975918
3.57,-0.1166152247654555,-0.1373957155517526,1.0764294227301898
3.59,-0.10928093389970357,-0.05280689423341381,1.049781499251291
3.61,-0.10365797756929376,-0.03813831250190997,1.0742291354704643
3.63,-0.10536931210463588,-0.07505424319286129,1.1165235461296337
3.65,-0.09583473397915838,-0.035938025242184396,1.1791094948507166
3.67,-0.11099226843504569,-0.018335727164379794,1.0864529535800507
3.688,-0.11319255569477125,0.011001436298627876,0.9194755982030988
3.71,-0.11392598478134645,-0.04938422516272958,0.9258319836200837
3.73,-0.11979341747394799,-0.10488035938025242,1.022644623048009
3.75,-0.11881551202518106,-0.10512483574244415,1.1385264187268893
3.77,-0.09656816306573358,-0.04913974880053785,1.2130917091953672
3.8,-0.12737218470189163,-0.03642697796656786,0.9933074595850013
3.82,-0.13226171194572625,-0.11245912660819607,0.9495461907526815
3.837,-0.10805855208874492,-0.09999083213641781,1.0568713137548513
3.86,-0.08654463221587262,-0.06454175961861687,1.1316810805855209
3.88,-0.07529871955505302,-0.004889527243834612,1.122390978822235
3.9,-0.07260947957094398,-0.006356385416984995,1.1233688842710021
3.92,-0.08043272316107936,-0.08018824679888763,1.099899153500596
3.937,-0.08409986859395532,-0.13519542829202702,1.0478256883537573
3.96,-0.07309843229532745,-0.0774990068147786,1.0688506555022461
3.98,-0.06258594872108303,-0.07872138862573724,1.1258136478929193
4.0,-0.055985086941906306,-0.06747547596491764,1.185954832992085
4.02,-0.04669498517862054,-0.09021177764874859,1.2434067781071418
4.04,-0.08189958133422974,-0.1718668826207866,1.177887113039758
4.06,-0.07383186138190263,-0.11343703205696298,1.0536931210463587
4.078,-0.05158451242245515,-0.10390245393148549,1.0346239647954039
4.1,-0.0383827888641017,-0.09387892308162454,1.0849860954069004
4.12,-0.027136876203282093,-0.07187605048436879,1.129725269687987
4.14,-0.0014668581731503835,-0.053295846957797266,1.1517281422852428
4.16,-0.022247348959447483,-0.11710417748983895,1.0688506555022461
4.2,-0.009779054487669223,-0.10439140665586896,0.8180179078935306
4.22,0.009779054487669223,-0.06943128686245148,0.8419765913883202
4.24,0.02126944351068056,-0.05647403966628976,0.8727806130244782
4.26,0.033248785258075356,-0.055251657855331114,0.9040735873850196
4.277,0.013446199920545182,-0.08214405769642147,0.8546893622222901
4.3,0.012223818109586528,-0.08263301042080494,0.7248724138984812
4.32,0.007823243590135379,-0.09290101763285762,0.6591082724689057
4.34,0.007823243590135379,-0.11221465024600434,0.74589738104697
4.36,0.013446199920545182,-0.10194664303395165,0.8370870641444855
4.38,0.020047061699721907,-0.09412339944381627,0.90554044555817
4.4,0.015402010818079027,-0.12566085016654951,0.915563976408031
4.419,0.0073342908657519175,-0.10023530849860954,0.8101946643033952
4.44,-0.011490389023011338,-0.1183265593007976,0.7334290865751918
4.46,-0.011734865385203068,-0.15059743911010604,0.8221740060507899
4.48,0.0002444763621917306,-0.0911896830975155,0.953702288909941
4.5,0.0075787672279436485,-0.06698652324053418,1.016288237631024
4.517,-0.004889527243834612,-0.04791736698957919,0.9590807688781591
4.54,-0.02200287259725575,-0.008801149038902301,0.8331754423494179
4.56,-0.053540323319988994,-0.011001436298627876,0.8407542095773615
4.58,-0.07554319591724475,-0.008067719952327109,0.9480793325795311
4.6,-0.08287748678299667,-0.040827552486019006,1.031690248449103
4.617,-0.0919231121840907,-0.0743208141062861,1.0378021575038963
4.64,-0.08752253766463955,-0.02933716346300767,1.135103749656205
4.66,-0.10463588301806069,-0.03471564343122574,1.135103749656205
4.68,-0.1327506646701097,-0.03764935977752651,1.0864529535800507
4.7,-0.160620969959967,-0.06307490144546649,1.1204351679247013
4.717,-0.15035296274791432,-0.06600861779176725,1.216758854628243
4.74,-0.15573144271613237,-0.062096995996699565,1.2482963053509764
4.76,-0.17626745714023775,-0.06747547596491764,1.2016013201723559
4.78,-0.0647862359808086,-0.4224551538673105,2.4271613238395013
4.8,-0.3180637472114415,-0.05549613421752284,1.265898603428781
4.82,-0.11465941386792164,-0.03544907251780093,0.9070073037313204
4.84,-0.0863001558536809,-0.033248785258075356,1.0104208049384225
4.858,-0.08361091586957185,-0.05794089783944015,1.0695840845888214
4.88,-0.09216758854628243,-0.09779054487669223,1.0297344375515691
4.9,-0.11343703205696298,-0.08825596675121473,1.0549155028573174
4.92,-0.1317727592213428,-0.06992023958683495,1.086941906304434
4.94,-0.1320172355835345,-0.03251535617150017,1.0752070409192311
4.97,-0.14595238822846315,-0.08287748678299667,1.1331479387586711
4.99,-0.13617333374079393,-0.10536931210463588,1.265898603428781
5.007,-0.12688323197750817,-0.04033859976163555,1.2399841090364576
5.03,-0.14595238822846315,-0.021758396235064023,1.2094245637624912
5.05,-0.14204076643339547,-0.035938025242184396,1.3118601595208264
5.07,-0.1381291446383278,-0.07480976683066956,1.3742016318797177
5.09,-0.1381291446383278,-0.08043272316107936,1.3223726430950706
5.107,-0.12810561378846683,-0.05476270513094765,1.2289826727378297
5.13,-0.12370503926901567,-0.060141185099165724,1.1847324511811264
5.15,-0.12199370473367356,-0.05207346514683862,1.1727531094337316
5.17,-0.11930446474956452,-0.10536931210463588,1.1490389023011338
5.198,-0.10292454848271858,-0.060141185099165724,1.0950096262567612
5.22,-0.09485682853039147,-0.0014668581731503835,0.985484215994866
5.24,-0.09094520673532377,-0.07187605048436879,0.9131192127861137
5.26,-0.061119090547932645,-0.06967576322464322,0.9642147724841854
5.28,-0.04498365064327843,-0.026158970754515173,0.9695932524524035
5.297,-0.05476270513094765,-0.030070592549582862,0.843932402285854
5.32,-0.06038566146135745,-0.07578767227943647,0.6938239159001314
5.34,-0.03716040705314305,-0.05769642147724842,0.672309996027259
5.37,-0.027381352565473825,-0.057207468752864955,0.6627754179017816
5.39,-0.022491825321639215,-0.04253888702136112,0.7551874828102557
5.41,-0.032270879809308435,-0.06625309415395898,0.7835467408244965
5.43,-0.04425022155670324,-0.12908351923723374,0.7444305228738196
5.447,-0.04449469791889497,-0.13299514103230142,0.7373407083702594
5.47,-0.02933716346300767,-0.06747547596491764,0.799437704366959
5.49,-0.008067719952327109,-0.03373773798245882,0.9143415945970724
5.51,-0.028359258014240746,-0.08238853405861321,0.9170308345811814
5.53,-0.047672890627387464,-0.10708064663997799,0.9030956819362528
5.55,-0.04791736698957919,-0.06038566146135745,0.9231427436359747
5.57,-0.055985086941906306,-0.035204596155609204,0.9417229471625462
5.59,-0.06576414142957553,0.02884821073862421,0.9336552272102191
5.61,-0.07505424319286129,0.05158451242245515,0.9632368670354184
5.63,-0.0806771995232711,-0.0036671454328759587,1.0554044555817008
5.65,-0.09925740304984261,-0.005134003606026342,1.120679644286893
5.67,-0.10903645753751184,-0.023714207132597868,1.2331387708950892
5.687,-0.09852397396326742,0.01637991626684595,1.4050056535158757
5.71,-0.09925740304984261,0.043516792470128046,1.4311646242703908
5.73,-0.11490389023011337,0.07627662500381995,1.3712679155334169
5.76,-0.13055037741038414,0.009045625401094031,1.3561103810775295
5.78,-0.13568438101641048,-0.0767655777282034,1.553402805366256
5.8,-0.1366622864651774,-0.06723099960272591,1.6448369648259633
5.82,-0.15304220273202335,-0.07578767227943647,1.503529627479143
5.837,-0.14888610457476392,-0.04229441065916939,1.4059835589646426
5.86,-0.13959600281147816,-0.042783363383552854,1.3336185557558904
5.88,-0.14888610457476392,-0.04938422516272958,1.2392506799498824
5.9,-0.13397304648106836,-0.04889527243834611,1.0813189499740243
5.92,-0.12321608654463222,-0.03764935977752651,1.0429361611099226
5.94,-0.10830302845093664,0.0070898145035601864,1.0913424808238854
5.96,-0.11050331571066223,-0.07016471594902668,1.0722733245729303
5.98,-0.09852397396326742,-0.08018824679888763,1.0312012957247196
6.0,-0.07603214864162822,-0.02493658894355652,0.9365889435565199
6.02,-0.07921034135012071,-0.0767655777282034,0.7456529046847783
6.04,-0.056229563304098035,-0.016135439904654218,0.7593435809675152
6.06,-0.03569354887999267,0.008067719952327109,0.7666778718332671
6.077,-0.03569354887999267,0.008067719952327109,0.7666778718332671
6.1,-0.03936069431286862,-0.040827552486019006,0.6346606362497326
6.12,-0.043516792470128046,-0.03153745072273324,0.627081869021789
6.15,-0.04058307612382728,-0.044739174281086695,0.6813556214283532
6.17,-0.04791736698957919,-0.062096995996699565,0.714115453962045
6.19,-0.04669498517862054,-0.013935152644928643,0.7500534792042294
6.218,-0.03300430889588363,0.0009779054487669223,0.8798704275280383
6.24,-0.060141185099165724,-0.09534578125477493,0.8708248021269444
6.26,-0.06527518870519207,-0.04229441065916939,0.901139871038719
6.277,-0.06527518870519207,-0.04229441065916939,0.901139871038719
6.3,-0.06527518870519207,-0.0004889527243834612,1.007976041316505
6.32,-0.06576414142957553,0.08189958133422974,1.1285028878770285
6.34,-0.06894233413806802,0.052317941509030345,1.2798337560737096
6.36,-0.09216758854628243,0.013935152644928643,1.3023255813953487
6.38,-0.10121321394737647,0.023469730770406136,1.311371206796443
6.4,-0.10121321394737647,0.07603214864162822,1.3739571555175258
6.418,-0.11685970112764722,0.08189958133422974,1.45365644959203
6.44,-0.10488035938025242,0.005622956330409804,1.711334535342114
6.46,-0.11319255569477125,-0.019069156250954986,1.7174464443969073
6.48,-0.13250618830791797,-0.04547260336766189,1.5120863001558535
6.5,-0.12737218470189163,-0.034960119793417475,1.3698010573602664
6.53,-0.12003789383613972,-0.007823243590135379,1.2705436543104238
6.55,-0.11417046114353818,-0.0014668581731503835,1.1419490877975735
6.58,-0.08752253766463955,-0.08092167588546283,1.0600495064633437
6.6,-0.09290101763285762,-0.09070073037313205,0.9206979800140573
6.617,-0.09290101763285762,-0.09070073037313205,0.9206979800140573
6.64,-0.06820890505149284,-0.03667145432875959,0.8001711334535342
6.66,-0.047183937903004,-0.041072028848210734,0.8324420132628426
6.68,-0.03691593069095132,-0.04449469791889497,0.8417321150261284
6.7,-0.04522812700547016,-0.05794089783944015,0.8138618097362711
6.72,-0.053295846957797266,-0.06356385416984996,0.7639886318491581
6.74,-0.045717079729853616,-0.07236500320875225,0.7502979555664212
6.76,-0.047428414265195735,-0.055985086941906306,0.7009137304036915
6.78,-0.04498365064327843,-0.0838553922317636,0.7414968065275188
6.8,-0.04058307612382728,-0.07285395593313572,0.8055496134217522
6.82,-0.035938025242184396,-0.03373773798245882,0.858356507655166
6.84,-0.04033859976163555,0.002444763621917306,0.852978027686948
6.857,-0.04693946154081227,-0.05085108333587996,0.8573786022063992
6.88,-0.04229441065916939,-0.07138709775998534,0.948323808941723
6.9,-0.06674204687834245,-0.11539284295449684,0.9233872199981664
6.93,-0.07089814503560186,-0.06038566146135745,0.9314549399504936
6.95,-0.07065366867341014,-0.014424105369312105,0.9170308345811814
6.97,-0.06380833053204168,0.011979341747394798,0.9832839287351404
6.99,-0.06576414142957553,-0.030315068911774594,1.0866974299422425
7.007,-0.09583473397915838,-0.056229563304098035,1.0854750481312838
7.03,-0.12223818109586529,-0.03373773798245882,1.1038107752956636
7.05,-0.11539284295449684,0.026647923478898633,1.2627204107202885
7.07,-0.11197017388381261,0.011490389023011338,1.4895944748342145
7.09,-0.10683617027778626,-0.05109555969807169,1.5854292088133728
7.11,-0.13250618830791797,-0.09681263942792531,1.560003667145433
7.13,-0.12419399199339913,-0.03642697796656786,1.5120863001558535
7.15,-0.12663875561531643,-0.0014668581731503835,1.456590165938331
7.17,-0.15133086819668123,-0.021758396235064023,1.4179629007120373
7.19,-0.14301867188216238,-0.07236500320875225,1.4803043730709287
7.21,-0.1376401919139443,-0.016135439904654218,1.375668490052868
7.238,-0.12174922837148183,-0.00855667267671057,1.2539192616813861
7.26,-0.0831219631451884,-0.028603734376432478,1.011887663111573
7.28,-0.07798795953916206,-0.08336643950738012,0.9715490633499373
7.31,-0.08678910857806435,-0.10512483574244415,0.8735140421110533
7.33,-0.09387892308162454,-0.14961953366133912,0.7745011154234025
7.36,-0.05427375240656419,-0.03349326162026709,0.6747547596491764
7.38,-0.023958683494789596,-0.014913058093695565,0.7187605048436879
7.397,-0.014179629007120373,-0.08116615224765455,0.8145952388228463
7.42,-0.03373773798245882,-0.09290101763285762,0.7221831739143721
7.44,-0.049628701524921305,-0.08507777404272224,0.620725483604804
7.46,-0.053540323319988994,-0.04645050881642881,0.5811203129297436
7.48,-0.036182501604376124,-0.02933716346300767,0.7256058429850564
7.5,-0.030559545273966322,-0.055985086941906306,0.8681355621428353
7.52,-0.03202640344711671,-0.025670018030131712,0.9150750236836476
7.54,-0.05085108333587996,-0.027870305289857285,0.9253430308957002
7.56,-0.08458882131833878,-0.07456529046847783,0.9060293982825536
7.58,-0.07872138862573724,-0.04327231610793631,1.0123766158359564
7.6,-0.07407633774409436,-0.02518106530574825,1.0463588301806068
7.62,-0.09681263942792531,-0.028603734376432478,1.0084649940408887
7.637,-0.11319255569477125,0.020536014424105367,0.9896403141521254
7.66,-0.0919231121840907,0.053540323319988994,1.0749625645570393
7.68,-0.09338997035724109,0.040827552486019006,1.153195000458393
7.71,-0.14301867188216238,-0.018824679888763254,1.0906090517373102
7.73,-0.18457965345475658,-0.07627662500381995,1.0556489319438926
7.75,-0.18286831891941446,0.003911621795067689,1.119946215200318
7.77,-0.16917764263667756,0.03936069431286862,1.247562876264401
7.787,-0.1391070500870947,-0.02542554166793998,1.616966659536106
7.81,-0.03911621795067689,-0.2405647403966629,1.8487302508938666
7.83,-0.17113345353421142,-0.0073342908657519175,0.9546801943587079
7.85,-0.10439140665586896,-0.0679644286893011,1.00724261222993
7.87,-0.10903645753751184,-0.057207468752864955,1.0678727500534793
7.89,-0.12810561378846683,-0.042783363383552854,1.0312012957247196
7.91,-0.11074779207285396,-0.07480976683066956,1.017266143079791
7.93,-0.09387892308162454,-0.0735873850197109,1.043425113834306
7.95,-0.0831219631451884,-0.06674204687834245,1.0400024447636218
7.97,-0.07138709775998534,-0.09241206490847416,1.095254102618953
7.99,-0.15573144271613237,-0.22442930049200868,0.8735140421110533
8.01,-0.04522812700547016,-0.06063013782354919,1.0661614155181371
8.027,-0.04522812700547016,-0.06063013782354919,1.0661614155181371
8.05,-0.04791736698957919,-0.08483329768053051,1.0492925465269076
8.07,-0.04816184335177093,-0.08361091586957185,1.047092259267182
8.1,-0.04889527243834611,-0.08287748678299667,1.0458698774562234
8.12,-0.04913974880053785,-0.08092167588546283,1.04538092473184
8.14,-0.05011765424930477,-0.08654463221587262,1.04538092473184
8.16,-0.05085108333587996,-0.08581120312929744,1.0468477829049903
8.222,-0.031048497998349783,-0.08947834856217339,1.0578492192036182
8.248,-0.011490389023011338,-0.10243559575833511,1.042691684747731
8.27,-0.08434434495614705,-0.11808208293860586,1.0541820737707424
8.29,-0.06136356691012437,-0.09607921034135011,1.05809369556581
8.31,-0.06771995232710937,-0.005622956330409804,1.0431806374721144
8.33,-0.0767655777282034,-0.10047978486080127,1.0422027320233476
8.35,-0.08972282492436512,-0.1031690248449103,1.0375576811417047
8.368,-0.08092167588546283,-0.10292454848271858,1.0356018702441707
8.39,-0.14081838462243682,-0.06454175961861687,1.031690248449103
8.41,-0.0075787672279436485,-0.08409986859395532,1.0505149283378663
8.43,-0.0046450508816428815,-0.11294807933257953,1.0803410445252575
8.45,-0.07554319591724475,-0.05794089783944015,1.047336735629374
8.48,-0.053295846957797266,-0.08654463221587262,1.04538092473184
8.5,-0.049628701524921305,-0.08434434495614705,1.047336735629374
8.53,-0.05305137059560554,-0.08043272316107936,1.0441585429208813
8.55,-0.05451822876875592,-0.08189958133422974,1.048070164715949
8.567,-0.05451822876875592,-0.08189958133422974,1.048070164715949
8.59,-0.04522812700547016,-0.088011490389023,1.0512483574244416
8.61,-0.03398221434465055,-0.07774348317697033,1.0886532408397762
8.63,-0.05940775601259053,-0.12443846835559087,1.0182440485285578
8.65,-0.08189958133422974,-0.07798795953916206,1.0429361611099226
8.67,-0.09338997035724109,-0.10096873758518474,1.0551599792195092
8.69,-0.12346056290682395,-0.14448553005531278,1.0595605537389603
8.71,-0.08238853405861321,-0.0415609815725942,1.0338905357088286
8.73,-0.08556672676710571,-0.05402927604437246,1.0505149283378663
8.75,-0.06698652324053418,-0.06649757051615071,1.0854750481312838
8.77,-0.0007334290865751917,-0.05402927604437246,1.1962228402041377
8.79,-0.0295816398251994,-0.10976988662408703,1.239495156312074
8.807,-0.05427375240656419,-0.21318338783118906,1.2160254255416678
8.83,-0.04987317788711304,0.0036671454328759587,1.2556305962167282
8.85,-0.08678910857806435,0.001222381810958653,1.174953396693457
8.88,-0.08752253766463955,-0.0207804907862971,1.106988968004156
8.9,-0.0031781927084924976,0.035938025242184396,1.1568621458912691
8.92,0.0295816398251994,-0.035938025242184396,1.1673746294655136
8.94,-0.015157534455887297,-0.08483329768053051,1.1020994407603215
8.957,-0.08727806130244782,-0.07285395593313572,0.9038291110228279
8.98,-0.09852397396326742,0.06063013782354919,0.7444305228738196
9.0,-0.0647862359808086,0.08776701402683128,0.83488677688476
9.02,-0.01271277083396999,-0.023714207132597868,0.952724383461174
9.04,0.055251657855331114,-0.047428414265195735,1.0681172264156709
9.06,0.031048497998349783,-0.05378479968218073,1.062494270085261
9.08,-0.038871741588485165,-0.04449469791889497,0.9568804816184335
9.1,-0.07627662500381995,-0.051340036060263425,0.8781590929926962
9.12,-0.0031781927084924976,0.004889527243834612,0.9434342816978883
9.14,0.03789383613971824,-0.05207346514683862,1.0551599792195092
9.16,0.0075787672279436485,-0.16428811539284294,1.0822968554227912
9.18,0.004889527243834612,-0.15964306451120008,1.0419582556611557
9.197,0.008801149038902301,-0.07114262139779359,1.0123766158359564
9.22,0.04669498517862054,-0.0743208141062861,1.087186382666626
9.24,0.027381352565473825,-0.10488035938025242,1.0539375974085505
9.27,0.041805457934785926,-0.0679644286893011,1.078874186352107
9.29,0.04987317788711304,-0.15059743911010604,1.150505760474284
9.31,0.06943128686245148,-0.11490389023011337,1.12874736423922
9.33,0.08434434495614705,-0.06527518870519207,1.0976988662408702
9.347,0.09045625401094032,-0.061119090547932645,1.0659169391559453
9.37,0.11074779207285396,-0.09583473397915838,1.0908535280995018
9.39,0.08116615224765455,-0.11417046114353818,1.0170216667175993
9.41,0.08116615224765455,-0.059896708736973996,0.9534578125477493
9.43,0.16673287901476025,-0.001222381810958653,1.0573602664792348
9.447,0.19949271154845216,-0.08825596675121473,1.1390153714512727
9.47,0.1655104972038016,-0.15548696635394066,1.0681172264156709
9.49,0.13152828285915105,-0.10414693029367723,0.9693487760902118
9.51,0.10121321394737647,-0.09901292668765088,0.8957613910705009
9.53,0.24252055129419675,-0.0002444763621917306,0.9950187941203434
9.55,0.37233749961800566,0.05305137059560554,1.1622406258594873
9.57,0.25621122757693365,-0.1254163738043578,1.064450080982795
9.587,0.15793172997585794,-0.23567521315282827,0.9375668490052868
9.61,0.25058827124652383,-0.06160804327231611,0.900161965589952
9.63,0.5542279130886533,0.13055037741038414,1.1954894111175625
9.66,0.5424930477034502,-0.01271277083396999,1.2769000397274088
9.68,0.30241726003117075,-0.20658252605201236,0.9534578125477493
9.7,0.2500993185221404,-0.09485682853039147,0.6992023958683494
9.72,0.4642606118020964,0.13543990465421873,0.8062830425083275
9.737,0.5647403966628977,0.10854750481312837,0.9529688598233658
9.76,0.4967759679735965,0.0,0.7896586498792898
9.78,0.5116890260672922,0.07285395593313572,0.673287901476026
9.8,0.578920025670018,0.15084191547229778,0.7375851847324512
9.82,0.6258594872108303,0.1239495156312074,0.7752345445099776
9.837,0.7106927848913608,0.1447300064175045,0.8417321150261284
9.86,0.7339180392995752,0.10756959936436146,0.8537114567735232
9.88,0.5962778473856309,0.06576414142957553,0.6053234727867249
9.9,0.578920025670018,0.1662439262903768,0.402897044891972
9.92,0.7886807444305228,0.3383552852733551,0.6075237600464505
9.94,0.8040827552486018,0.33224337621856187,0.6459065489105522
9.96,0.6803777159795862,0.13421752284326008,0.49041958255661156
9.977,0.6583748433823304,0.14106286098462856,0.380160743208141
10.0,0.7412523301653271,0.28359258014240746,0.37527121596430646
10.02,0.9236316963603581,0.4148763866393668,0.5102221678941418
10.05,0.878403569354888,0.28237019833144883,0.4850411025883935
10.07,0.7053143049231427,0.21929529688598234,0.18262384255722275
10.09,0.7388075665434098,0.22394034776762523,0.20682700241420407
10.11,0.7857470280842221,0.2762582892766556,0.21758396235064023
10.127,0.8791369984414632,0.4072976194114232,0.23689759496378693
10.15,0.9720380160743208,0.47208385539223174,0.3701372123582801
10.17,0.8798704275280383,0.3080402163615805,0.3190416526602084
10.19,0.736851755645876,0.1926473734070837,0.07383186138190263
10.21,0.7906365553280567,0.22247348959447483,0.03862726522629343
10.23,0.9224093145493995,0.38676160498731776,0.20902728967392964
10.258,1.1094337316260734,0.4510588882437429,0.5302692295938636
10.28,0.8233963878617486,0.11343703205696298,0.20242642789475293
10.3,0.8642239403477676,0.22125110778351617,0.10414693029367723
10.318,0.9451456162332305,0.28334810378021574,0.23787550041255387
10.34,0.9793723069400727,0.30192830730678727,0.3997188521834795
10.36,0.9143415945970724,0.28652629648870825,0.3835834122788253
10.38,0.8542004094979067,0.2718577147572044,0.2608562784585765
10.4,0.896494820157076,0.293127158267885,0.24912141307337346
10.43,0.9206979800140573,0.24325398038077192,0.3293096598722611
10.45,0.855667267671057,0.30192830730678727,0.26012284937200136
10.48,0.8703358494025609,0.3437337652415732,0.26990190385967056
10.5,0.8321975369006509,0.31317421996760686,0.14179629007120373
10.517,0.8321975369006509,0.31317421996760686,0.14179629007120373
10.54,0.9571249579806252,0.38871741588485165,0.3664700669254041
10.56,0.8801149038902301,0.34471167069034014,0.3794273141215659
10.58,0.795770558934083,0.2581670384744675,0.25645570393912537
10.6,0.813128380649696,0.24203159856981327,0.20731595513858753
10.62,0.8862268129450234,0.31366317269199034,0.33224337621856187
10.64,0.9272988417932341,0.32344222717965954,0.4532591755034685
10.66,0.8571341258442075,0.3063288818262384,0.35913577605965225
10.68,0.8400207804907863,0.28334810378021574,0.2862818201265165
10.7,0.8412431623017449,0.2950829691654188,0.2806588637961067
10.72,0.8424655441127036,0.31537450722733246,0.31635241267609937
10.74,0.8752253766463954,0.3603581578706109,0.39042875042019376
10.757,0.9150750236836476,0.35986920514622744,0.44396907374018274
10.78,0.8842710020474895,0.3109739327078813,0.3630473978547199
10.8,0.8453992604590044,0.2887265837484338,0.2750359074656969
10.83,0.8568896494820157,0.28579286740213306,0.29899459096048653
10.85,0.8216850533264065,0.28750420193747517,0.27112428567062924
10.87,0.8299972496409254,0.2628120893561104,0.3180637472114415
10.89,0.8886715765669406,0.24203159856981327,0.4363903065122391
10.907,1.0001527977263698,0.32637594352596033,0.5542279130886533
10.93,0.9561470525318583,0.32344222717965954,0.48944167710784464
10.95,0.8207071478776395,0.24863246034899,0.2591449439232344
10.97,0.7735232099746355,0.32784280169911073,0.24985484215994866
10.99,0.7400299483543684,0.35791339424869356,0.37698255049964857
11.01,0.7446749992360113,0.2747914311035052,0.44812517189744216
11.03,0.7656999663845002,0.195092137029001,0.5253797023500291
11.05,0.6864896250343795,0.15035296274791432,0.48724138984811904
11.07,0.6329493017143905,0.289460012835009,0.6045900437001497
11.09,0.715093359410812,0.3679369250985545,0.9495461907526815
11.11,0.657885890657947,0.11197017388381261,0.9192311218409069
11.13,0.5742749747883752,-0.05109555969807169,0.8395318277664028
11.147,0.6273263453839807,0.09999083213641781,0.8568896494820157
11.17,0.569874400268924,0.11025883934847049,0.8395318277664028
11.19,0.4251443938514195,0.07627662500381995,0.761299391865049
11.22,0.6899122941050637,0.028359258014240746,1.5360449836506433
11.24,0.45594841548757753,-0.22100663142132446,1.1920667420468782
11.268,0.2784585765363811,0.045717079729853616,0.8779146166305045
11.29,0.27283562020597135,0.13323961739449316,0.7979708461938086
11.31,0.3679369250985545,0.07138709775998534,0.9603031506891178
11.33,0.3596247287840357,0.045717079729853616,0.963725819759802
11.347,0.30266173639336247,0.010023530849860953,0.8207071478776395
11.37,0.2109831005714635,0.05378479968218073,0.6444396907374018
11.39,0.2760138129144638,0.1870244170766739,0.6891788650184885
11.41,0.3476453870366409,0.15328667909421506,0.8138618097362711
11.43,0.36084711059499436,0.03862726522629343,0.8532225040491397
11.45,0.4258778229379947,0.04498365064327843,0.9334107508480274
11.47,0.43052287381963755,0.028603734376432478,0.9324328453992604
11.488,0.4085200012223818,0.06405280689423341,0.9143415945970724
11.51,0.3669590196497876,0.09314549399504936,0.8725361366622865
11.53,0.37233749961800566,0.04816184335177093,0.8409986859395532
11.55,0.4226996302295022,0.06038566146135745,0.8766922348195458
11.57,0.4835742444152431,0.10194664303395165,0.9774164960425389
11.6,0.5080218806344161,0.14008495553586162,1.1302142224123706
11.62,0.47770681172264157,0.11808208293860586,1.09623200806772
11.65,0.3955627540262201,0.09167863582189897,0.93096598722611
11.67,0.377471503224032,0.14326314824435413,0.887449194755982
11.687,0.3628029214925282,0.12174922837148183,0.872047183937903
11.71,0.39042875042019376,0.12883904287504203,0.9622589615866516
11.73,0.43932402285853983,0.05891880328820707,1.1331479387586711
11.75,0.3637808269412951,0.027870305289857285,1.0964764844299117
11.77,0.2916603000947346,0.07505424319286129,0.9930629832228096
11.79,0.26134523118296,0.10194664303395165,0.8879381474803655
11.81,0.18898022797420774,0.1014576903095682,0.7950371298475079
11.83,0.13250618830791797,0.041072028848210734,0.8549338385844818
11.85,0.11343703205696298,-0.03716040705314305,0.9923295541362345
11.87,0.1127036029703878,0.011734865385203068,1.094276197170186
11.89,0.060141185099165724,0.10047978486080127,1.0744736118326559
11.91,-0.15939858814900834,0.09290101763285762,0.8341533477981847
11.927,-0.38480579408978394,0.0002444763621917306,0.6339272071631574
11.95,-0.5153561715001681,-0.15768725361366623,0.7960150352962748
11.97,-0.642483879839868,-0.2398313113100877,0.9272988417932341
12.0,-0.2772361947254225,-0.19558108975338445,1.4971732420621582
12.02,-0.35840234697307705,0.008067719952327109,1.3235950249060293
12.04,-0.5813647892919354,-0.020047061699721907,0.9343886562967942
12.06,-0.7654554900223085,-0.22271796595666657,0.7121596430645112
12.077,-0.8766922348195458,-0.27136876203282095,0.7106927848913608
12.1,-0.9138526418726889,-0.12639427925312471,0.6615530360908229
12.12,-0.8586009840173578,-0.06503071234300034,0.7199828866546466
12.14,-0.7727897808880604,-0.16453259175503468,0.8182623842557223
12.16,-0.7488310973932708,-0.11979341747394799,0.8202181951532561
12.18,-0.8290193441921584,-0.02884821073862421,0.6930904868135562
12.2,-0.8625126058124255,-0.016135439904654218,0.6581303670201387
12.22,-0.875714329370779,0.06820890505149284,0.5908993674174128
12.24,-0.9023622528496775,-0.10121321394737647,0.4838187207774348
12.26,-0.9813281178376065,-0.34666748158787397,0.43125630290621275
12.289,-0.9500351434770651,-0.37429331051553955,0.5251352259878372
12.31,-0.8906273874644746,0.07285395593313572,0.4989762552333221
12.33,-0.8405097332151698,0.12639427925312471,0.48993062983222807
12.35,-0.8676466094184518,-0.05158451242245515,0.5102221678941418
12.38,-0.9805946887510314,-0.25303303486844114,0.4354124010634722
12.4,-0.9659261070195275,-0.25205512941967423,0.4588821318338783
12.43,-0.8896494820157076,-0.028114781652049017,0.595299941936864
12.45,-0.8510222167894141,0.022980778046022676,0.5488494331204351
12.467,-0.8510222167894141,0.022980778046022676,0.5488494331204351
12.49,-0.953702288909941,-0.16404363903065122,0.48895272438346116
12.51,-0.9869510741680163,-0.18800232252544083,0.4557039391253858
12.53,-0.9275433181554258,-0.04302783974574458,0.5116890260672922
12.55,-0.8989395837789933,0.057451945115056684,0.5239128441768787
12.57,-0.8649573694343428,-0.04522812700547016,0.5896769856064542
12.59,-0.9214314091006326,-0.1381291446383278,0.5891880328820707
12.61,-0.9769275433181555,-0.028359258014240746,0.506310546099074
12.63,-0.9307215108639183,-0.0044005745194511505,0.5970112764722061
12.65,-0.9121413073373468,-0.07212052684656052,0.6410170216667176
12.67,-0.9263209363444672,-0.11050331571066223,0.601656327353849
12.69,-0.9206979800140573,-0.08850044311340648,0.5940775601259053
12.707,-0.8573786022063992,-0.045717079729853616,0.6943128686245148
12.73,-0.8710692784891361,0.09412339944381627,0.7226721266387556
12.75,-0.8798704275280383,0.1525532500076399,0.6175472908963114
12.78,-0.8681355621428353,0.05158451242245515,0.6353940653363078
12.8,-0.8617791767258502,-0.030559545273966322,0.6906457231916389
12.82,-0.7764569263209363,-0.0686978577758763,0.8627570821746172
12.84,-0.7348959447483421,-0.011490389023011338,0.9253430308957002
12.857,-0.7515203373773798,0.10488035938025242,0.8615347003636585
12.88,-0.7791461663050454,0.2603673257341931,0.7502979555664212
12.9,-0.6659536106102741,0.2791920056229563,0.8475995477187299
12.92,-0.5349142804755065,0.1215047520092901,0.8766922348195458
12.94,-0.44176878648045714,0.027381352565473825,0.8996730128655686
12.96,-0.36011368150841916,-0.11563731931668857,1.056382361030468
12.98,-0.31684136540048286,-0.1613543990465422,1.0686061791400543
13.0,-0.3997188521834795,0.12126027564709838,0.7385630901812181
13.02,-0.35742444152431013,0.3505791033829417,0.5050881642881154
13.04,-0.21611710417748983,0.06845338141368457,0.5600953457812547
13.06,-0.09950187941203435,-0.3373773798245882,0.884759954771873
13.08,0.0503621306114965,-0.3794273141215659,1.09623200806772
13.097,0.009045625401094031,0.12346056290682395,1.1676191058277052
13.12,0.05647403966628976,0.4808850044311341,1.1446383277816825
13.14,0.15084191547229778,0.362069492405953,1.1727531094337316
13.17,0.08263301042080494,-0.28457048559117437,1.1150566879564832
13.19,-0.013446199920545182,-0.1327506646701097,0.833908871435993
13.21,0.14228524279558719,-0.013935152644928643,1.0387800629526633
13.23,0.21929529688598234,0.006600861779176726,1.2133361855575588
13.247,0.1327506646701097,0.04449469791889497,1.104299728020047
13.27,0.13152828285915105,-0.058185374201631876,1.17250863307154
13.298,0.1239495156312074,-0.07407633774409436,1.1898664547871527
13.32,0.09363444671943282,-0.0806771995232711,1.0910980044616936
13.34,0.05305137059560554,-0.19973718791064388,1.084497142682517
13.36,0.0014668581731503835,-0.267701616599945,1.0519817865110166
13.38,0.01686886899122941,-0.1677107844635272,1.0463588301806068
13.4,0.057451945115056684,-0.051340036060263425,1.084497142682517
13.42,0.09901292668765088,-0.06283042508327476,1.1453717568682578
13.438,0.09485682853039147,-0.11808208293860586,1.1385264187268893
13.46,0.05647403966628976,-0.1926473734070837,1.0928093389970357
13.48,-0.019069156250954986,-0.1334840937566849,0.9759496378693885
13.5,-0.014179629007120373,-0.024447636219173056,0.9805946887510314
13.52,0.04669498517862054,0.005378479968218073,1.0549155028573174
13.55,0.04693946154081227,-0.030559545273966322,1.0994102007762123
13.57,0.01735782171561287,-0.009779054487669223,1.0820523790605996
13.6,-0.05867432692601534,0.002444763621917306,0.8979616783302264
13.62,-0.13935152644928644,0.11954894111175625,0.7502979555664212
13.637,-0.01295724719616172,0.20584909696543716,1.0025975613482871
13.66,0.06918681050025975,0.15377563181859855,1.2045350365186567
13.68,0.03447116706903401,0.22051767869694097,1.2082021819515325
13.7,-0.0951013048925832,0.26134523118296,1.0214222412370504
13.72,-0.23714207132597867,0.40240809216758855,0.7745011154234025
13.74,-0.2906823946459677,0.4141429575527916,0.575252880237142
13.76,-0.20438223879228676,0.3652476851144455,0.503621306114965
13.78,0.06405280689423341,0.6485957888946612,0.9074962564557039
13.8,0.28285915105583226,0.6639977997127403,1.3751795373284845
13.82,-0.12272713382024875,0.7507869082908046,0.6378388289582251
13.84,-0.2821257219692571,0.8204626715154478,0.12517189744216606
13.86,-0.25376646395501634,0.7872138862573724,0.23885340586132078
13.877,-0.2102496714848883,0.8067719952327109,0.2214955841457079
13.9,-0.023225254408214404,1.0661614155181371,0.38871741588485165
13.92,0.14350762460654584,1.22335971640742,0.7539651009992971
13.95,-0.12223818109586529,1.0067536595055466,0.32662041988815205
13.97,-0.17455612260489564,0.973749350609663,0.12517189744216606
13.99,-0.16110992268435045,1.044403019283073,0.0911896830975155
14.01,-0.07701005409039513,1.0906090517373102,0.31366317269199034
14.027,-0.10732512300216973,1.1473275677657917,0.38553922317635914
14.05,-0.12248265745805702,1.1150566879564832,0.2862818201265165
14.07,-0.11099226843504569,1.033646059346637,0.23787550041255387
14.09,-0.14937505729914738,0.9297436054151514,0.1391070500870947
14.11,-0.14839715185038047,0.9118968309751551,0.1295724719616172
14.13,-0.07652110136601167,0.9111634018885799,0.4036304739785472
14.15,-0.11563731931668857,1.011887663111573,0.27014638022186227
14.17,-0.08092167588546283,1.1605292913241452,0.21000519512269658
14.19,-0.045717079729853616,1.0637166518962198,0.2694129511352871
14.21,-0.03544907251780093,0.8952724383461174,0.27161323839501267
14.23,-0.10219111939614338,0.7471197628579287,0.21953977324817406
14.25,-0.17064450080982796,0.8730250893866699,0.15597591907832412
14.268,-0.14693029367723007,0.9439232344222718,0.31048497998349783
14.29,-0.1320172355835345,0.8991840601411851,0.3515570088317086
14.319,-0.14497448277969624,0.6593527488310974,0.41658772117470894
14.34,-0.20658252605201236,0.6434617852886348,0.48332976805305133
14.36,-0.2046267151544785,0.8334199187116096,0.6527518870519207
14.38,-0.3095070745347309,1.091586957186077,0.507288451547841
14.4,-0.33126547076979496,1.119946215200318,0.47257280811661523
14.417,-0.33126547076979496,1.119946215200318,0.47257280811661523
14.44,0.06576414142957553,0.6410170216667176,1.3233505485438377
14.46,-0.1919139443205085,0.3613360633193778,1.1666412003789384
14.48,-0.5781865965834428,0.406564190324848,0.7644775845735415
14.5,-0.5244017969012621,0.5784310729456346,0.572563640253033
14.52,-0.25303303486844114,0.5060660697368823,0.7899031262414815
14.54,-0.07921034135012071,0.2787030528985729,1.195000458393179
14.56,-0.13519542829202702,-0.24423188582953886,1.3343519848424654
14.58,-0.28579286740213306,-0.2965498273385692,1.1490389023011338
14.6,-0.31341869632979863,0.08043272316107936,1.174953396693457
14.62,-0.27039085658405404,0.2750359074656969,1.0610274119121108
14.64,-0.27405800201693,-0.0073342908657519175,0.9867065978058246
14.658,-0.34031109617088895,-0.4388350701341564,0.9705711579011704
14.68,-0.30021697277144516,-0.6368609235094582,1.006264706781163
14.7,-0.2109831005714635,-0.41512086300155854,1.0923203862726523
14.72,-0.25132170033309903,-0.08556672676710571,0.984506310546099
14.74,-0.2591449439232344,0.03911621795067689,0.8153286679094215
14.77,-0.1965589952021514,-0.026158970754515173,0.8265745805702411
14.79,-0.09021177764874859,-0.1623323044953091,1.0595605537389603
14.807,-0.10561378846682762,-0.28530391467774957,1.1118784952479908
14.83,-0.1031690248449103,-0.19607004247776794,1.0756959936436146
14.85,-0.13543990465421873,0.003422669070684228,0.9490572380282981
14.87,-0.17333374079393699,0.1063472175534028,0.8727806130244782
14.89,-0.11050331571066223,0.09681263942792531,0.9771720196803472
14.91,-0.03911621795067689,-0.04058307612382728,1.1844879748189348
14.93,-0.11539284295449684,-0.15866515906243314,1.130703175136754
14.95,-0.17284478806955353,-0.14057390826024507,0.9862176450814412
14.97,-0.1909360388717416,0.040094123399443814,0.9522354307367906
14.99,-0.14057390826024507,0.18042355529749718,1.0060202304189714
15.01,-0.07212052684656052,0.13519542829202702,1.1497723313877088
15.03,-0.0799437704366959,-0.014668581731503835,1.1908443602359198
15.048,-0.18115698438407235,-0.11441493750572991,1.0199553830638999
15.07,-0.21562815145310638,-0.018335727164379794,0.9375668490052868
15.09,-0.17284478806955353,0.08287748678299667,0.9661705833817192
15.11,-0.09852397396326742,0.10121321394737647,1.131436604223329
15.13,-0.06454175961861687,0.06063013782354919,1.2204260000611191
15.16,-0.20804938422516273,-0.1031690248449103,0.993551935947193
15.18,-0.2589004675610427,-0.08776701402683128,0.8918497692754331
15.197,-0.22198453687009137,-0.018091250802188062,0.962747914311035
15.22,-0.09216758854628243,0.011001436298627876,1.185954832992085
15.24,-0.02126944351068056,-0.12810561378846683,1.3199278794731535
15.26,-0.1295724719616172,-0.24276502765638847,1.1712862512605813
15.28,-0.26599028206460285,-0.13935152644928644,0.8850044311340647
15.3,-0.24423188582953886,-0.05794089783944015,0.8718027075757112
15.329,-0.14448553005531278,-0.2892155364728173,0.9603031506891178
15.35,-0.2056046206032454,-0.6356385416984995,0.855667267671057
15.37,-0.1806680316596889,-0.3508235797451334,0.9911071723252758
15.389,-0.09094520673532377,-0.264034471167069,1.3624667664945145
15.41,-0.20340433334351984,-0.5539834367264616,0.9717935397121291
15.43,-0.2923937291813098,-0.6965131558842405,0.6635088469883568
15.45,-0.24887693671118175,-0.44103535739388194,0.6935794395379397
15.47,-0.1527977263698316,-0.48479662622620173,0.7864804571707973
15.487,-0.14986401002353084,-0.77132292271491,0.777679308131895
15.51,-0.16966659536106102,-1.1346147969318217,0.761299391865049
15.53,-0.2928826819056932,-1.0003972740885616,0.5750084038749503
15.55,-0.31855269993582497,-0.6444396907374018,0.4520367936925098
15.57,-0.27161323839501267,-0.7654554900223085,0.31635241267609937
15.587,-0.15744277725147449,-0.9681263942792531,0.4229441065916939
15.61,-0.13055037741038414,-1.0466033065427987,0.46034899000702867
15.63,-0.24349845674296366,-1.2145585673685175,0.15793172997585794
15.69,-0.10219111939614338,-0.966415059743911,0.22565168230296734
15.71,-0.21367234055557252,-1.2651651743422057,0.18751336980105734
15.73,-0.242276074932005,-1.187910643889619,0.03716040705314305
15.75,-0.2916603000947346,-0.7987042752803838,-0.06331937780765821
15.77,-0.18726889343886563,-0.8004156098157259,0.03178192708492498
15.79,-0.14155181370901201,-0.9759496378693885,0.047428414265195735
15.81,-0.31684136540048286,-1.0920759099104604,-0.233230449530911
15.828,-0.26501237661583593,-0.9769275433181555,-0.18555755890352352
15.85,-0.2782141001741894,-0.9052959691959783,-0.19924823518626042
15.87,-0.38749503407389296,-1.0052868013323961,-0.34324481251718975
15.89,-0.37355988142896435,-0.9757051615071968,-0.3229532744552761
15.91,-0.3764935977752651,-1.0331571066222534,-0.34202243070623106
15.94,-0.37527121596430646,-0.8732695657488616,-0.3757601686886899
15.96,-0.45374812822785193,-0.7595880573297069,-0.5065550224612657
15.977,-0.5129114078782507,-0.8923387219998167,-0.5894325092442624
16.0,-0.4275891574733368,-0.9231427436359747,-0.3926290376799193
16.02,-0.3669590196497876,-0.9639702961219937,-0.2183173914372154
16.04,-0.4385905937719647,-0.8696024203159857,-0.42734468111114504
16.06,-0.4657274699752468,-0.7260947957094398,-0.5116890260672922
16.08,-0.4116981939308743,-0.6989579195061577,-0.45839317910949484
16.1,-0.3672034960119793,-0.6845338141368457,-0.27943648198514803
16.12,-0.4224551538673105,-0.8986951074168016,-0.20413776243009504
16.14,-0.5554502948996118,-0.9192311218409069,-0.4764844299116829
16.16,-0.6099685236683678,-0.7979708461938086,-0.6302600617302815
16.18,-0.46181584818017907,-0.744919475598203,-0.4063197139626562
16.2,-0.45692632093634444,-0.9233872199981664,-0.25865599119885097
16.218,-0.4491030773462091,-0.8634905112611924,-0.19558108975338445
16.24,-0.4708614735812731,-0.6344161598875409,-0.32808727806130245
16.26,-0.5192677932952358,-0.7216942211899887,-0.41218714665525774
16.28,-0.5796534547565932,-0.8314641078140758,-0.47355071356538214
16.3,-0.5613177275922134,-0.828530391467775,-0.4390795464963481
16.339,-0.32833175442349416,-0.6708431378541088,-0.06454175961861687
16.36,-0.4825963389664762,-0.7637441554869664,-0.3613360633193778
16.38,-0.32735384897472725,-0.6952907740732818,-0.14130733734682027
16.4,-0.333954710753904,-0.5742749747883752,-0.20927176603612138
16.417,-0.3508235797451334,-0.6331937780765822,-0.21709500962625675
16.44,-0.409253430308957,-0.7796351190294288,-0.14008495553586162
16.46,-0.3207529871955505,-0.9676374415548696,0.06845338141368457
16.48,-0.09974635577422608,-0.8942945328973505,0.34080004889527243
16.5,-0.04816184335177093,-0.6023897564404241,0.5200012223818109
16.52,-0.2246737768542004,-0.6407725453045259,0.4112092412064908
16.54,-0.3471564343122574,-0.8387983986798276,0.3363994743758213
16.559,-0.2926382055435015,-0.7913699844146319,0.4701280444946979
16.58,-0.1317727592213428,-0.4940867279894875,0.9184976927543318
16.6,0.034960119793417475,-0.2936161109922684,1.392781835406289
16.62,0.003911621795067689,-0.36989273599608835,1.3935152644928643
16.64,-0.01246829447177826,-0.3293096598722611,1.0725178009351222
16.657,-0.07016471594902668,-0.05842985056382361,0.953702288909941
16.68,0.14913058093695566,0.17797879167557987,1.3326406503071233
16.7,0.3187971762980167,0.302172783668979,1.5991198850961097
16.72,0.2606118020963848,0.2021819515325612,1.5123307765180454
16.74,0.2166060569018733,0.20780490786297098,1.5502246126577637
16.757,0.1215047520092901,0.2222290132322831,1.4387433914983345
16.78,0.029092687100815938,0.1694221189988693,1.0739846591082725
16.8,0.039849647037252085,0.13152828285915105,0.8962503437948843
16.82,0.1334840937566849,0.12810561378846683,0.9581028634293921
16.84,0.28823763102405037,0.16819973718791065,1.2661430797909727
16.86,0.28530391467774957,0.3388442379977386,1.4035387953427252
16.88,0.02982611618739113,0.14937505729914738,0.9490572380282981
16.9,-0.20511566787886196,-0.06894233413806802,0.4938422516272958
16.92,-0.12932799559942548,0.0046450508816428815,0.5341808513889313
16.94,0.13372857011887662,0.2031598569813281,0.9468569507685726
16.96,0.27381352565473827,0.29997249640925344,1.2771445160896007
16.98,0.12003789383613972,0.17333374079393699,1.0842526663203251
16.998,-0.05109555969807169,0.05207346514683862,0.7764569263209363
17.02,-0.04131650521040247,0.01589096354246249,0.7302508938666993
17.04,0.026892399841090365,0.0295816398251994,0.824863246034899
17.06,0.08923387219998166,0.11099226843504569,0.9184976927543318
17.08,0.09559025761696666,0.11905998838737279,0.8737585184732451
17.11,-0.04229441065916939,-0.09999083213641781,0.6072792836842588
17.13,-0.11074779207285396,-0.03447116706903401,0.5935886074015219
17.147,-0.05060660697368823,-0.08141062860984628,0.8889160529291324
17.17,0.03447116706903401,0.23591968951502001,1.1908443602359198
17.19,0.08092167588546283,0.30021697277144516,1.3118601595208264
17.21,0.004889527243834612,0.18189041347064755,1.2509855453350853
17.23,-0.043516792470128046,0.006356385416984995,1.1184793570271674
17.25,-0.12614980289093297,-0.17797879167557987,0.9304770345017266
17.27,-0.20804938422516273,-0.21391681691776426,0.8989395837789933
17.29,-0.1909360388717416,0.09387892308162454,1.2116248510222167
17.31,0.1958255661155762,0.07798795953916206,2.41713779298964
17.33,0.19973718791064388,0.005378479968218073,1.913760963236867
17.359,-0.11123674479723741,-0.07798795953916206,0.7779237844940867
17.38,-0.2928826819056932,-0.22051767869694097,0.9884179323411667
17.4,-0.12174922837148183,-0.08581120312929744,1.080585520887449
17.42,-0.08605567949148916,0.011734865385203068,1.06518351006937
17.437,-0.06771995232710937,-0.09021177764874859,1.034379488433212
17.46,-0.03202640344711671,-0.14961953366133912,1.0392690156770468
17.48,-0.02591449439232344,-0.10341350120710203,1.0730067536595056
17.5,-0.04131650521040247,-0.0911896830975155,1.0255783393943099
17.52,-0.07603214864162822,-0.03642697796656786,1.0463588301806068
17.537,-0.03911621795067689,-0.08776701402683128,1.0382911102282797
17.56,-0.01980258533753018,-0.14204076643339547,1.0610274119121108
17.58,-0.02126944351068056,-0.1127036029703878,1.0448919720074565
17.6,-0.0591632796503988,-0.05965223237478226,1.0483146410781408
17.62,-0.05647403966628976,-0.06063013782354919,1.0458698774562234
17.64,-0.023469730770406136,-0.0735873850197109,1.0468477829049903
17.66,-0.035204596155609204,-0.0655196650673838,1.0424472083855392
17.68,0.0002444763621917306,-0.1391070500870947,0.931943892674877
17.7,-0.05427375240656419,-0.18531308254133178,1.1082113498151147
17.72,-0.028114781652049017,-0.06429728325642514,1.0903645753751183
17.74,-0.06454175961861687,-0.1310393301347676,1.0197109067017083
17.76,-0.041805457934785926,-0.12908351923723374,1.040735873850197
17.778,-0.04816184335177093,-0.10463588301806069,1.04538092473184
17.8,-0.05427375240656419,-0.11539284295449684,1.0448919720074565
17.82,-0.03447116706903401,-0.14277419551997067,1.044403019283073
17.84,-0.05574061057971457,-0.1207713229227149,1.0360908229685541
17.86,-0.03691593069095132,-0.1471747700394218,1.0260672921186933
17.89,-0.04522812700547016,-0.10756959936436146,1.0260672921186933
17.91,-0.05451822876875592,-0.10463588301806069,1.0402469211258136
17.927,-0.03936069431286862,-0.05867432692601534,1.0700730373132048
17.95,-0.04498365064327843,-0.08116615224765455,1.0414693029367723
17.97,-0.04522812700547016,-0.08850044311340648,1.0463588301806068
17.99,-0.040827552486019006,-0.0838553922317636,1.0468477829049903
18.01,-0.04449469791889497,-0.08238853405861321,1.0478256883537573
18.03,-0.04987317788711304,-0.08581120312929744,1.0439140665586897
18.05,-0.04938422516272958,-0.08850044311340648,1.0475812119915655
18.07,-0.04791736698957919,-0.0863001558536809,1.0458698774562234
18.09,-0.0415609815725942,-0.08556672676710571,1.047092259267182
18.11,-0.04058307612382728,-0.0831219631451884,1.0451364483696481
18.13,-0.04449469791889497,-0.08361091586957185,1.0463588301806068
18.15,-0.047183937903004,-0.08556672676710571,1.0451364483696481
18.168,-0.048650796076154385,-0.08776701402683128,1.0466033065427987
18.19,-0.04620603245423708,-0.08581120312929744,1.047092259267182
18.21,-0.042783363383552854,-0.08605567949148916,1.044403019283073
18.23,-0.04033859976163555,-0.08361091586957185,1.048070164715949
18.25,-0.04131650521040247,-0.08483329768053051,1.0466033065427987
18.28,-0.0440057451945115,-0.08483329768053051,1.047092259267182
18.3,-0.06429728325642514,-0.16379916266845948,1.0392690156770468
18.317,-0.06429728325642514,-0.16379916266845948,1.0392690156770468
18.34,0.010268007212052684,0.10805855208874492,1.0483146410781408
18.368,-0.039849647037252085,0.06527518870519207,1.0612718882743024
18.39,-0.026403447116706905,-0.06943128686245148,1.056137884668276
18.41,-0.06136356691012437,-0.14179629007120373,1.0346239647954039
18.43,-0.06894233413806802,-0.11930446474956452,1.031934724811295
18.45,-0.05696299239067323,-0.08923387219998166,1.0495370228890994
18.47,-0.052317941509030345,-0.06918681050025975,1.0532041683219753
18.49,-0.05574061057971457,-0.07309843229532745,1.0519817865110166
18.509,-0.09314549399504936,-0.055251657855331114,1.0510038810622497
18.53,-0.019313632613146715,-0.05427375240656419,1.0602939828255356
18.55,-0.06454175961861687,-0.11930446474956452,1.0409803502123889
18.57,-0.07089814503560186,-0.09338997035724109,1.0448919720074565
18.59,-0.05549613421752284,-0.08507777404272224,1.0402469211258136
18.607,-0.05060660697368823,-0.11465941386792164,1.0451364483696481
18.63,-0.08703358494025609,-0.0806771995232711,1.0649390337071785
18.65,-0.14521895914188795,-0.21880634416159886,1.0532041683219753
18.67,-0.1767564098646212,-0.22076215505913271,1.0148213794578735
18.69,0.023714207132597868,0.02933716346300767,1.0478256883537573
18.707,0.0887449194755982,0.008312196314518839,1.038046633866088
18.73,0.08654463221587262,-0.0026892399841090364,1.018977477615133
18.75,-0.16991107172325276,0.01711334535342114,1.0307123430003362
18.77,-0.10879198117532012,-0.2254072059407756,1.0849860954069004
18.79,-0.05574061057971457,-0.07456529046847783,1.0527152155975918
18.81,-0.12590532652874126,-0.09583473397915838,0.8815817620633805
18.83,0.02102496714848883,-0.03911621795067689,1.2001344619992054
18.85,-0.026158970754515173,-0.08409986859395532,1.0686061791400543
18.87,-0.04987317788711304,-0.08776701402683128,1.0302233902759528
18.89,-0.04816184335177093,-0.08287748678299667,1.0458698774562234
18.91,-0.04327231610793631,-0.08703358494025609,1.0468477829049903
18.93,-0.04253888702136112,-0.08825596675121473,1.047336735629374
18.948,-0.04596155609204535,-0.08654463221587262,1.0446474956452647
18.97,-0.05085108333587996,-0.0686978577758763,1.0441585429208813
18.99,-0.017602298077804602,0.12761666106408337,1.0615163646364942
19.01,-0.04669498517862054,-0.35546863062677625,1.0334015829844452
19.03,0.010268007212052684,0.039849647037252085,1.053448644684167
19.06,-0.08336643950738012,-0.1166152247654555,1.0448919720074565
19.08,-0.06405280689423341,-0.1373957155517526,1.016288237631024
19.097,-0.07089814503560186,-0.06576414142957553,1.0578492192036182
19.12,-0.07260947957094398,-0.08189958133422974,1.0578492192036182
19.14,-0.07065366867341014,-0.12639427925312471,1.0346239647954039
19.16,-0.08165510497203801,-0.053540323319988994,1.0468477829049903
19.18,-0.041072028848210734,-0.052317941509030345,1.0747180881948477
19.2,0.04425022155670324,-0.12443846835559087,1.1817987348348256
19.22,0.013446199920545182,-0.04913974880053785,1.241450967209608
19.24,-0.05500718149313938,-0.25670018030131714,1.0600495064633437
19.26,0.007823243590135379,-0.26427894752926073,1.036335299330746
19.28,0.04913974880053785,-0.07798795953916206,1.111634018885799
19.3,0.11074779207285396,-0.12614980289093297,1.0879198117532012
19.32,0.20609357332762887,-0.14130733734682027,1.1138343061455245
19.338,0.28114781652049015,-0.05965223237478226,1.1808208293860587
19.36,0.22907435137365156,0.3341991871160957,1.2089356110381078
19.389,0.3029062127555542,0.20853833694954618,1.0568713137548513
19.41,0.35522415426458454,0.1312838064969593,1.0397579684014302
19.43,0.4094979066711487,0.25278855850624943,1.0676282736912874
19.45,0.4261222993001864,0.19338080249365888,1.0197109067017083
19.47,0.48479662622620173,0.0686978577758763,0.9378113253674785
19.487,0.5596063930568713,0.09290101763285762,0.9246096018091251
19.51,0.6481068361702778,0.25205512941967423,0.9074962564557039
19.53,0.8356202059713351,0.30241726003117075,0.869357943953794
19.55,0.8368425877822938,0.1726003117073618,0.8097057115790117
19.57,0.6627754179017816,0.02029153806191364,0.6026342328026159
19.59,0.5082663569966078,0.09265654127066589,0.5402927604437245
19.61,0.41512086300155854,0.18971365706078294,0.32662041988815205
19.63,0.9060293982825536,0.5781865965834428,0.09876845032545915
19.65,1.2556305962167282,0.7324511811264248,0.09583473397915838
19.67,0.7285395593313572,0.4226996302295022,-0.09607921034135011
19.69,0.304862023653088,0.2102496714848883,-0.2757693365522721
19.71,0.3363994743758213,0.1630657335818843,-0.3332212816673288
19.728,0.6708431378541088,0.36744797237417104,-0.4075420957736149
19.75,0.9874400268923998,0.5784310729456346,-0.37380435779115606
19.77,0.8823151911499557,0.5358921859242735,-0.4366347828744308
19.79,0.3630473978547199,0.19851480609968522,-0.5319805641292057
19.81,0.30070592549582864,-0.0075787672279436485,-0.47281728447880694
19.84,0.9175197873055648,0.3816276013812914,-0.5960333710234391
19.86,0.7297619411423157,0.4332121138037466,-0.7009137304036915
19.877,0.4420132628426489,0.38822846316046816,-0.7336735629373835
19.9,0.4493475537084008,0.3486232924854078,-0.7417412828897106
19.92,0.5060660697368823,0.308529169085964,-0.7378296610946429
19.94,0.600678421905082,0.32417565626623474,-0.6945573449867066
19.96,0.49188644072976195,0.2596338966476179,-0.6811111450661614
19.98,0.3955627540262201,0.25498884576597497,-0.7256058429850564
20.0,0.3437337652415732,0.20902728967392964,-0.7138709775998533
20.02,0.4503254591571677,0.3950738013018366,-0.8011490389023012
20.04,0.49995416068208903,0.4405464046694985,-0.9033401582984445
20.06,0.38260550683005834,0.2611007548207683,-0.7385630901812181
20.08,0.3053509763774715,0.2405647403966629,-0.7852580753598386
20.1,0.2625676129939186,0.23763102405036213,-0.803104849799835
20.118,0.29850563823610304,0.38822846316046816,-0.8991840601411851
20.14,0.46010451364483695,0.4662164226996302,-0.9512575252880237
20.16,0.2911713473703511,0.21953977324817406,-0.792103413501207
20.18,0.22296244231885828,0.23371940225529445,-0.8441768786480457
20.2,0.2493658894355652,0.3542462488158176,-0.9192311218409069
20.23,0.28285915105583226,0.3300430889588363,-0.8713137548513278
20.25,0.3231977508174678,0.2342083549796779,-0.8520001222381811
20.267,0.3231977508174678,0.2342083549796779,-0.8520001222381811
20.29,0.02933716346300767,0.22809644592488462,-0.8312196314518839
20.31,0.08018824679888763,0.3522904379182838,-0.9725269687987043
20.33,0.2603673257341931,0.4341900192525135,-0.891116340188858
20.35,0.17944564984873024,0.35669101243773493,-0.9485682853039147
20.37,0.0014668581731503835,0.3141521254163738,-0.9422118998869297
20.398,-0.07260947957094398,0.28163676924487363,-0.8796259511658466
20.42,0.07383186138190263,0.35864682333526876,-0.8989395837789933
20.44,0.05696299239067323,0.2615897075451517,-0.8458882131833878
20.459,0.09779054487669223,0.25694465666350885,-0.8630015585368089
20.48,0.06331937780765821,0.2813922928826819,-0.8913608165510497
20.5,0.0009779054487669223,0.2899489655593925,-0.8898939583778993
20.52,0.04987317788711304,0.34593405250129877,-0.9138526418726889
20.54,0.1246829447177826,0.27454695474131346,-0.8928276747242001
20.557,0.12590532652874126,0.21489472236653118,-0.9089631146288543
20.58,0.0951013048925832,0.3405555725330807,-1.0001527977263698
20.6,-0.021758396235064023,0.32808727806130245,-0.9331662744858357
20.62,-0.06698652324053418,0.34740091067444917,-0.8835375729609143
20.64,0.02542554166793998,0.30266173639336247,-0.8857378602206399
20.657,-0.022247348959447483,0.31537450722733246,-0.9673929651926779
20.68,-0.07578767227943647,0.333954710753904,-0.9725269687987043
20.7,-0.005622956330409804,0.264034471167069,-0.9290101763285762
20.72,0.056229563304098035,0.22980778046022673,-0.9292546526907679
20.74,0.04693946154081227,0.18164593710845583,-0.9175197873055648
20.76,0.003911621795067689,0.295816398251994,-0.9559025761696666
20.78,-0.04693946154081227,0.3180637472114415,-0.9297436054151514
20.8,0.05647403966628976,0.19973718791064388,-0.8923387219998167
20.82,0.01711334535342114,0.12566085016654951,-0.887449194755982
20.84,-0.02933716346300767,0.16404363903065122,-0.9299880817773432
20.86,-0.00855667267671057,0.24569874400268923,-0.9424563762491214
20.88,0.04791736698957919,0.25865599119885097,-0.8982061546924182
20.898,0.11759313021422241,0.21220548238242215,-0.8933166274485835
20.92,0.06380833053204168,0.1726003117073618,-0.9121413073373468
20.94,-0.031292974360541514,0.19875928246187696,-0.9111634018885799
20.96,0.02126944351068056,0.2618341839073435,-0.9316994163126853
20.98,0.08189958133422974,0.20756043150077927,-0.9436787580600801
21.01,0.08605567949148916,0.2542554166793998,-0.9722824924365125
21.03,-0.0686978577758763,0.2948384928032271,-0.9556580998074748
21.047,-0.035204596155609204,0.28579286740213306,-0.966415059743911
21.07,0.12101579928490663,0.1608654463221587,-0.9515020016502155
21.09,0.08116615224765455,0.08434434495614705,-0.9441677107844635
21.11,-0.05378479968218073,0.13617333374079393,-0.9331662744858357
21.13,-0.035938025242184396,0.242276074932005,-0.9585918161537756
21.147,0.01637991626684595,0.2596338966476179,-0.9735048742474712
21.17,0.09338997035724109,0.16991107172325276,-0.9534578125477493
21.19,0.060141185099165724,0.16379916266845948,-0.9522354307367906
21.21,-0.06307490144546649,0.1464413409528466,-0.9246096018091251
21.23,-0.05280689423341381,0.1672218317391437,-0.957369434342817
21.25,0.01637991626684595,0.2102496714848883,-0.9585918161537756
21.27,0.030070592549582862,0.12126027564709838,-0.9096965437154295
21.288,0.058185374201631876,0.12052684656052318,-0.9062738746447453
21.31,0.002933716346300767,0.18849127524982429,-0.9321883690370687
21.33,-0.006600861779176726,0.21049414784708004,-0.9497906671148734
21.35,0.06503071234300034,0.15597591907832412,-0.9360999908321364
21.37,0.08189958133422974,0.11417046114353818,-0.947345903492956
21.408,0.033248785258075356,0.14081838462243682,-0.960058674326926
21.43,-0.018335727164379794,0.2029153806191364,-0.9669040124682945
21.45,0.04620603245423708,0.19851480609968522,-0.9813281178376065
21.47,0.04816184335177093,0.14595238822846315,-0.9529688598233658
21.487,0.018824679888763254,0.11172569752162087,-0.9365889435565199
21.51,-0.032270879809308435,0.14595238822846315,-0.9549246707208997
21.53,-0.043761268832319775,0.20071509335941082,-0.9815725941997983
21.55,0.0415609815725942,0.1677107844635272,-0.9632368670354184
21.57,0.07383186138190263,0.14277419551997067,-0.9368334199187116
21.59,-0.013446199920545182,0.14155181370901201,-0.9294991290529597
21.61,-0.11343703205696298,0.15646487180270757,-0.9378113253674785
21.629,-0.041805457934785926,0.16184335177092565,-0.9544357179965162
21.65,0.03300430889588363,0.12590532652874126,-0.9365889435565199
21.67,0.10194664303395165,0.11930446474956452,-0.9603031506891178
21.69,0.026647923478898633,0.11197017388381261,-0.9495461907526815
21.71,-0.03740488341533478,0.17626745714023775,-0.9688598233658283
21.727,-0.05085108333587996,0.17284478806955353,-0.9715490633499373
21.75,0.03544907251780093,0.1303059010481924,-0.9441677107844635
21.77,0.08923387219998166,0.09290101763285762,-0.9407450417137793
21.79,0.049628701524921305,0.17528955169147084,-0.9977080341044525
21.81,-0.08361091586957185,0.154264584542982,-0.9722824924365125
21.827,-0.06649757051615071,0.15817620633804969,-0.9581028634293921
21.85,0.0440057451945115,0.12639427925312471,-0.9449011398710387
21.87,0.10879198117532012,0.09363444671943282,-0.9475903798551477
21.89,0.023225254408214404,0.13470647556764356,-0.9786388778534976
21.91,-0.0009779054487669223,0.18604651162790697,-0.9925740304984262
21.927,-0.026892399841090365,0.20267090425694465,-0.9942853650337683
21.95,-0.04058307612382728,0.17015554808544447,-0.9568804816184335
21.97,0.007823243590135379,0.15964306451120008,-0.9546801943587079
21.99,0.07089814503560186,0.16893316627448582,-0.9930629832228096
22.01,0.006111909054793264,0.14277419551997067,-0.9698377288145952
22.03,-0.08263301042080494,0.17406716988051218,-0.9346331326589861
22.05,-0.060141185099165724,0.1877578461632491,-0.897472725605843
22.068,0.13323961739449316,0.182379366195031,-0.9287656999663845
22.09,0.17797879167557987,0.166977355376952,-0.9864621214436329
22.11,0.01295724719616172,0.001711334535342114,-1.033646059346637
22.13,0.04204993429697766,-0.1767564098646212,-0.9801057360266479
22.15,0.4060752376004645,-0.05280689423341381,-0.9427008526113131
22.18,0.3931179904043028,-0.100724261222993,-0.9529688598233658
22.2,0.47477309537634077,-0.11172569752162087,-0.9544357179965162
22.217,0.47477309537634077,-0.11172569752162087,-0.9544357179965162
22.24,0.14521895914188795,-0.10928093389970357,-0.8072609479570944
22.26,0.4825963389664762,-0.0041560981572594195,-0.8040827552486018
22.28,0.6979800140573909,-0.035204596155609204,-0.7520092901017633
22.3,0.6549521743116462,-0.047428414265195735,-0.7740121626990191
22.317,0.6549521743116462,-0.047428414265195735,-0.7740121626990191
22.34,0.42734468111114504,0.047428414265195735,-0.6664425633346576
22.36,0.7842801699110717,0.07187605048436879,-0.6278152981083641
22.38,0.7630107264003911,-0.1014576903095682,-0.5116890260672922
22.4,0.7366072792836842,0.019069156250954986,-0.5234238914524951
22.429,0.5464046694985178,0.10488035938025242,-0.47110594994346483
22.45,0.4806405280689423,0.03251535617150017,-0.28237019833144883
22.47,0.9143415945970724,0.1215047520092901,-0.25670018030131714
22.49,1.1998899856370138,0.07260947957094398,-0.2285853986492681
22.507,1.1935336002200287,0.02102496714848883,-0.25718913302570057
22.53,0.8674021330562601,0.051340036060263425,-0.2095162423983131
22.55,0.6331937780765822,0.12052684656052318,-0.025670018030131712
22.57,0.8835375729609143,0.24203159856981327,0.06136356691012437
22.59,1.1084558261773065,0.12492742107997433,0.1031690248449103
22.607,1.312104635883018,0.14570791186627144,0.05794089783944015
22.63,1.0204443357882835,0.22027320233474926,0.07774348317697033
22.65,0.4383461174097729,0.08043272316107936,0.33199889985637016
22.67,0.28554839103994134,0.26134523118296,0.44714726644867525
22.69,0.35473520154020105,0.16673287901476025,0.5864987928979617
22.707,1.193289123857837,-0.016135439904654218,0.5811203129297436
22.73,1.3888702136112214,0.233230449530911,0.3918956085933441
22.75,0.6852672432234208,0.25303303486844114,0.5109555969807169
22.77,0.2725911438437796,0.17651193350242947,0.7133820248754699
22.79,0.37233749961800566,0.19289184976927543,0.7681447300064175
22.81,1.088897717201968,0.14986401002353084,0.6847782904990374
22.83,1.1035662989334718,0.09241206490847416,0.6050789964245332
22.848,0.5402927604437245,0.22809644592488462,0.7385630901812181
22.87,0.3187971762980167,0.3852947468141674,0.8346423005225682
22.89,0.4376126883231977,0.4359013537878556,0.7625217736760077
22.91,0.8092167588546282,0.31537450722733246,0.7427191883384775
22.93,0.6816000977905449,0.11539284295449684,0.8935611038107752
22.96,0.424655441127036,0.46059346636922044,0.9338997035724108
22.98,0.5728081166152248,0.42905601564648715,0.9246096018091251
23.01,0.3363994743758213,0.28505943831555786,1.0348684411575955
23.03,0.2762582892766556,0.27234666748158787,1.0866974299422425
23.047,0.29752773278733613,0.15866515906243314,1.1245912660819606
23.07,0.5811203129297436,0.3036396418421294,0.93096598722611
23.09,0.6481068361702778,0.4090089539467653,0.8312196314518839
23.11,0.19778137701311005,0.26794609296213673,1.0057757540567795
23.13,-0.1295724719616172,0.19289184976927543,1.1302142224123706
23.15,-0.02151391987287229,0.19215842068270023,1.1094337316260734
23.17,0.3444671943281484,0.2620786602695352,1.0067536595055466
23.19,0.4938422516272958,0.31244079088103166,0.9231427436359747
23.21,0.2635455184426856,0.233230449530911,0.9478348562173394
23.23,0.11343703205696298,0.16110992268435045,0.9999083213641781
23.25,0.19142499159612505,0.3046175472908963,1.0025975613482871
23.27,0.42734468111114504,0.4486141246218256,0.8610457476392751
23.287,0.27063533294624575,0.3224643217308926,0.9074962564557039
23.31,-0.015157534455887297,0.24007578767227944,0.9918406014118509
23.33,-0.04693946154081227,0.2862818201265165,0.9962411759313021
23.36,0.34177795434403935,0.3828499831922501,0.8669131803318767
23.38,0.26990190385967056,0.41609876845032545,0.8889160529291324
23.4,0.07285395593313572,0.3346881398404792,0.9625034379488433
23.42,0.05549613421752284,0.23640864223940347,1.0246004339455428
23.445,0.1615988754087339,0.22345139504324174,1.0270451975674602
23.46,0.3217308926443174,0.4361458301500474,0.9380558017296703
23.48,0.25841151483665925,0.4948201570760627,0.9045625401094032
23.5,0.14766372276380527,0.3669590196497876,0.9250985545335085
23.52,0.06967576322464322,0.2936161109922684,0.9576139107050087
23.54,0.0327598325336919,0.3046175472908963,0.9798612596644561
23.56,0.047672890627387464,0.29972802004706167,1.0043088958836293
23.58,0.2173394859884485,0.3117073617944565,0.948323808941723
23.6,0.2063380496898206,0.3261314671637686,0.9265654127066589
23.62,0.12297161018244049,0.3356660452892461,0.9761941142315802
23.64,0.1063472175534028,0.34813433976102437,1.0069981358677382
23.66,0.04522812700547016,0.3931179904043028,0.9886624087033584
23.677,0.049628701524921305,0.3549796779023928,0.9893958377899337
23.7,0.07652110136601167,0.3373773798245882,0.9786388778534976
23.72,0.1743116462427039,0.40411942670293066,0.9226537909115912
23.75,0.15646487180270757,0.29630535097637745,0.9497906671148734
23.77,0.058185374201631876,0.28334810378021574,1.0021086086239037
23.79,0.0007334290865751917,0.3799162668459493,1.005531277694588
23.81,0.00855667267671057,0.40020780490786295,0.9967301286556856
23.827,0.07212052684656052,0.380160743208141,0.9815725941997983
23.85,0.14081838462243682,0.39287351404211107,0.9559025761696666
23.87,0.1310393301347676,0.3936069431286862,0.948323808941723
23.89,0.022491825321639215,0.2806588637961067,1.016288237631024
23.91,0.041805457934785926,0.31635241267609937,1.0324236775356783
23.93,0.18580203526571523,0.34080004889527243,0.9991748922776029
23.95,0.1327506646701097,0.36818140146074624,1.0033309904348624
23.97,0.019558108975338447,0.3373773798245882,1.014576903095682
23.99,0.08825596675121473,0.3628029214925282,0.9681263942792531
24.01,0.12614980289093297,0.40020780490786295,0.9651926779329524
24.03,0.04033859976163555,0.3794273141215659,0.9889068850655502
24.05,0.09607921034135011,0.31708584176267457,0.9788833542156893
24.067,0.09607921034135011,0.31708584176267457,0.9788833542156893
24.09,0.16184335177092565,0.3786938850349907,0.9673929651926779
24.11,0.03667145432875959,0.3923845613177276,1.005531277694588
24.14,0.022980778046022676,0.3762491214130734,1.0204443357882835
24.16,0.08409986859395532,0.3478898633988326,0.9911071723252758
24.18,0.15328667909421506,0.31708584176267457,0.9730159215230877
24.2,0.16379916266845948,0.34568957613910706,0.9649482015707606
24.217,0.15646487180270757,0.38480579408978394,0.9468569507685726
24.24,0.11783760657641414,0.39947437582128775,0.9118968309751551
24.26,0.034960119793417475,0.3733154050667726,0.9368334199187116
24.28,0.030315068911774594,0.34422271796595666,0.9556580998074748
24.3,0.20780490786297098,0.3796717904837576,0.8896494820157076
24.317,0.2777251474498059,0.4090089539467653,0.8351312532469517
24.34,0.0975460685145005,0.3483788161232161,0.9170308345811814
24.36,-0.007823243590135379,0.2877486782996669,0.9754606851450051
24.38,0.0799437704366959,0.289460012835009,0.9576139107050087
24.4,0.10928093389970357,0.29532744552761053,0.9414784708003545
24.42,0.21000519512269658,0.3830944595544418,0.900161965589952
24.448,0.17797879167557987,0.4068086666870397,0.9030956819362528
24.47,0.17015554808544447,0.28677077285089997,0.9747272560584298
24.49,0.19533661339119274,0.3654921614766372,0.9566360052562418
24.52,0.18849127524982429,0.3486232924854078,0.9757051615071968
24.54,0.15377563181859855,0.2943495400788436,0.9869510741680163
24.57,0.1694221189988693,0.44739174281086697,0.9111634018885799
24.59,0.21147205329584695,0.46010451364483695,0.9590807688781591
24.607,0.21147205329584695,0.46010451364483695,0.9590807688781591
24.63,0.1630657335818843,0.2877486782996669,0.9889068850655502
24.65,0.10488035938025242,0.3099960272591144,1.0113987103871893
24.67,0.25401094031720806,0.4821073862420927,1.031690248449103
24.69,0.6265929162974054,0.6412614980289093,0.8123949515631207
24.71,0.44519145555114137,0.5102221678941418,0.8845154784096813
24.73,0.17920117348653852,0.3654921614766372,1.0096873758518472
24.75,0.18653546435229043,0.25498884576597497,1.0087094704030803
24.77,0.30119487822021207,0.409253430308957,0.9356110381077529
24.79,0.40069675763224644,0.46181584818017907,0.984506310546099
24.81,0.5334474223023561,0.4772178589982581,0.9290101763285762
24.83,0.39042875042019376,0.3650032087522538,0.9145860709592641
24.847,0.2246737768542004,0.16184335177092565,1.0629832228096445
24.87,-0.04425022155670324,-0.013201723558353452,1.271277083396999
24.89,0.1591541117868166,0.15524248999174892,1.1500168077499007
24.92,0.42881153928429544,0.34031109617088895,0.8872047183937903
24.94,0.3911621795067689,0.3603581578706109,0.8622681294502338
24.96,0.2596338966476179,0.1990037588240687,0.9649482015707606
24.98,0.10439140665586896,-0.028359258014240746,1.0693396082266295
24.997,-0.0647862359808086,-0.11710417748983895,1.1881551202518106
25.02,-0.0951013048925832,0.14986401002353084,1.029978913913761
25.04,0.020047061699721907,0.31292974360541514,0.8295082969165418
25.06,0.11172569752162087,0.2635455184426856,0.8199737187910644
25.08,0.2263851113895425,0.05427375240656419,0.8654463221587263
25.1,0.1972924242887266,0.001711334535342114,0.8825596675121474
25.12,0.12346056290682395,0.16917764263667756,0.9175197873055648
25.14,0.1464413409528466,0.22589615866515905,0.9236316963603581
25.16,0.16966659536106102,0.13495095192983528,0.9622589615866516
25.18,0.24472083855392232,0.08996730128655686,0.9610365797756929
25.2,0.3344436634782874,0.051340036060263425,0.9771720196803472
25.22,0.28725972557528345,0.07309843229532745,1.016288237631024
25.237,0.2589004675610427,0.14693029367723007,1.0348684411575955
25.26,0.18580203526571523,0.20756043150077927,1.0138434740091067
25.28,0.26965742749747884,0.10756959936436146,1.026311768480885
25.31,0.35669101243773493,0.030070592549582862,1.0458698774562234
25.33,0.17846774439996332,0.26012284937200136,1.008220517678697
25.35,0.12639427925312471,0.3073067872750053,0.9906182196008924
25.37,0.17308926443174524,0.21489472236653118,1.028023103016227
25.387,0.2606118020963848,0.07554319591724475,1.067139320966904
25.41,0.2941050637166519,-0.014179629007120373,1.0881642881153928
25.43,0.22271796595666657,0.11099226843504569,1.0549155028573174
25.458,0.1183265593007976,0.1982703297374935,1.0155548085444488
25.48,0.11221465024600434,0.18580203526571523,1.0113987103871893
25.5,0.10854750481312837,0.14741924640161355,1.0052868013323961
25.52,0.201448522445986,0.1317727592213428,0.9617700088622682
25.54,0.27210219111939615,0.14106286098462856,0.9539467652721327
25.56,0.2327414968065275,0.13495095192983528,0.985484215994866
25.578,0.15450906090517372,0.18531308254133178,0.9918406014118509
25.6,0.11881551202518106,0.15035296274791432,1.0043088958836293
25.62,0.12761666106408337,0.14839715185038047,1.0153103321822572
25.64,0.14057390826024507,0.11294807933257953,1.0219111939614338
25.66,0.24643217308926443,0.06503071234300034,1.0109097576628059
25.69,0.15817620633804969,0.17797879167557987,1.0023530849860953
25.71,0.027870305289857285,0.15597591907832412,1.0686061791400543
25.74,0.09461235216819973,0.154264584542982,1.060782935549919
25.76,0.21318338783118906,0.16526602084160988,1.013598997646915
25.777,0.26843504568652016,0.14057390826024507,0.9901292668765088
25.8,0.23518626042844482,0.11368150841915473,1.0123766158359564
25.82,0.16282125721969257,0.14130733734682027,1.0446474956452647
25.84,0.11514836659230511,0.20438223879228676,1.026311768480885
25.86,0.14228524279558719,0.18751336980105734,1.0052868013323961
25.88,0.19460318430461754,0.11954894111175625,0.995507746844727
25.9,0.2031598569813281,0.17455612260489564,0.9595697216025425
25.92,0.1366622864651774,0.17480059896708736,0.9798612596644561
25.94,0.11319255569477125,0.1254163738043578,1.042691684747731
25.96,0.10365797756929376,0.12810561378846683,1.0519817865110166
25.98,0.16502154447941814,0.19484766066680928,0.9957522232069187
26.0,0.20340433334351984,0.19778137701311005,0.9595697216025425
26.017,0.14326314824435413,0.11417046114353818,1.0199553830638999
26.04,0.20829386058735447,0.1295724719616172,1.0219111939614338
26.06,0.13250618830791797,0.147908199125997,1.0419582556611557
26.09,0.13641781010298568,0.2327414968065275,1.0250893866699264
26.11,0.21611710417748983,0.15890963542462488,1.0131100449225314
26.13,0.22589615866515905,0.0774990068147786,1.0338905357088286
26.15,0.17797879167557987,0.14521895914188795,1.0199553830638999
26.167,0.13372857011887662,0.16379916266845948,1.017266143079791
26.19,0.14986401002353084,0.15475353726736546,1.0148213794578735
26.21,0.19362527885585062,0.16844421355010236,0.9969746050178773
26.23,0.21489472236653118,0.18555755890352352,0.9739938269718547
26.25,0.2390978822235125,0.13152828285915105,0.9903737432387005
26.27,0.22394034776762523,0.09999083213641781,1.0238670048589678
26.29,0.1254163738043578,0.13935152644928644,1.0387800629526633
26.31,0.11319255569477125,0.17040002444763622,1.017266143079791
26.33,0.20829386058735447,0.17137792989640313,1.005531277694588
26.35,0.2647679002536442,0.14179629007120373,1.0028420377104788
26.37,0.22736301683830945,0.1183265593007976,1.0275341502918436
26.39,0.14228524279558719,0.12614980289093297,1.0368242520551294
26.407,0.15939858814900834,0.16526602084160988,1.0287565321028023
26.43,0.16037649359777525,0.18824679888763254,1.006264706781163
26.45,0.19802585337530176,0.19215842068270023,0.9771720196803472
26.48,0.17969012621092198,0.13470647556764356,0.9979525104666442
26.5,0.09045625401094032,0.13935152644928644,1.0214222412370504
26.52,0.1312838064969593,0.23298597316871925,1.000886226812945
26.54,0.15793172997585794,0.18555755890352352,1.0047978486080127
26.557,0.15793172997585794,0.18555755890352352,1.0047978486080127
26.58,0.1630657335818843,0.09901292668765088,1.0397579684014302
26.6,0.1359288573786022,0.1677107844635272,1.0373132047795128
26.62,0.19802585337530176,0.2525440821440577,0.9928185068606179
26.64,0.19142499159612505,0.18531308254133178,1.0150658558200654
26.66,0.10830302845093664,0.12052684656052318,1.0642056046206032
26.68,0.08507777404272224,0.15573144271613237,1.0602939828255356
26.7,0.19362527885585062,0.19215842068270023,1.0177550958041743
26.72,0.2278519695626929,0.20487119151667021,0.9989304159154112
26.74,0.0831219631451884,0.1486416282125722,1.047336735629374
26.76,0.06992023958683495,0.18751336980105734,1.0378021575038963
26.78,0.18262384255722275,0.19998166427283562,1.0013751795373285
26.797,0.2469211258136479,0.17846774439996332,1.0003972740885616
26.82,0.19484766066680928,0.11148122115942914,1.0387800629526633
26.84,0.16013201723558354,0.09290101763285762,1.07789628090334
26.87,0.14399657733092933,0.16257678085750082,1.0629832228096445
26.89,0.1726003117073618,0.13568438101641048,1.0646945573449866
26.91,0.28359258014240746,0.11025883934847049,1.0424472083855392
26.93,0.35840234697307705,0.08409986859395532,1.0265562448430767
26.947,0.35644653607554316,0.07040919231121841,1.0365797756929376
26.97,0.19973718791064388,0.035204596155609204,1.085230571769092
26.99,0.166977355376952,0.07456529046847783,1.0197109067017083
27.01,0.29875011459829476,0.14497448277969624,0.9360999908321364
27.03,0.44616936099990834,0.22662958775173425,0.8752253766463954
27.05,0.7688781590929927,0.13568438101641048,0.8473550713565382
27.07,0.7285395593313572,-0.040827552486019006,0.9654371542951441
27.09,0.39922989945909604,-0.08825596675121473,1.0539375974085505
27.11,0.3884729395226599,0.0806771995232711,0.9363444671943282
27.13,0.7434526174250528,0.16208782813311737,0.7124041194267029
27.15,1.1967117929285211,0.04131650521040247,0.6241481526754882
27.17,1.2421843962961832,-0.11857103566298934,0.7625217736760077
27.187,0.9084741619044708,0.006600861779176726,0.818506860617914
27.21,0.6490847416190447,0.176022980778046,0.6199920545182288
27.23,0.9079852091800874,0.1486416282125722,0.42563334657580293
27.26,0.8427100204748953,0.12419399199339913,0.3043730709287046
27.28,0.6512850288787703,0.22271796595666657,0.14741924640161355
27.3,0.8534669804113315,0.1383736210005195,0.0799437704366959
27.32,0.9705711579011704,0.09045625401094032,0.010268007212052684
27.337,0.915563976408031,0.10121321394737647,-0.10561378846682762
27.36,0.58625431653577,0.039849647037252085,-0.14228524279558719
27.38,0.5979891819209731,0.12688323197750817,-0.31121840907007303
27.4,0.7845246462732635,0.29801668551171956,-0.5214680805549613
27.42,0.6838003850502704,0.323931179904043,-0.7136265012376616
27.44,0.4825963389664762,0.1320172355835345,-0.61167985820371
27.469,0.39947437582128775,-0.06820890505149284,-0.5882101274333038
27.49,0.7507869082908046,0.19313632613146717,-0.7757234972343612
27.51,0.6767105705467102,0.30975155089692263,-0.849310882254072
27.528,0.14595238822846315,0.02200287259725575,-0.6014118509916573
27.55,-0.24472083855392232,-0.06698652324053418,-0.5747639275127586
27.57,-0.1814014607462641,0.13421752284326008,-0.8405097332151698
27.59,0.05769642147724842,0.15084191547229778,-0.931943892674877
27.61,0.010512483574244415,-0.12248265745805702,-0.799437704366959
27.64,-0.12419399199339913,-0.09070073037313205,-0.9629923906732267
27.66,-0.20071509335941082,-0.05867432692601534,-1.0419582556611557
27.69,-0.08018824679888763,-0.06771995232710937,-1.0972099135164868
27.71,-0.32710937261253553,-0.5764752620481007,-0.9358555144699446
27.727,-0.15157534455887295,-0.10219111939614338,-1.1835100693701677
27.75,0.24594322036488098,0.6075237600464505,-1.5338446963909176
27.77,0.09803502123888397,0.27087980930843747,-1.15979586223757
27.79,-0.006600861779176726,-0.016135439904654218,-0.881092809338997
27.81,0.011490389023011338,-0.03471564343122574,-0.8642239403477676
27.83,-0.08825596675121473,-0.17113345353421142,-0.7610549155028573
27.85,-0.04498365064327843,-0.12443846835559087,-0.762277297313816
27.87,0.022736301683830944,0.042783363383552854,-0.9006509183143354
27.89,-0.1877578461632491,-0.07065366867341014,-0.90554044555817
27.91,-0.18189041347064755,-0.1391070500870947,-0.8916052929132414
27.93,-0.060874614185740916,-0.06723099960272591,-0.9143415945970724
27.95,-0.0623414723588913,0.02102496714848883,-0.9793723069400727
27.967,-0.13690676282736913,0.045717079729853616,-1.0448919720074565
27.99,-0.16819973718791065,0.05696299239067323,-1.0854750481312838
28.01,-0.2095162423983131,-0.04302783974574458,-1.040735873850197
28.04,-0.02591449439232344,0.08678910857806435,-1.0737401827460806
28.06,-0.09167863582189897,0.02884821073862421,-1.0370687284173212
28.08,-0.23811997677474558,-0.03251535617150017,-0.970082205176787
28.1,-0.13543990465421873,0.05182898878464688,-1.0089539467652722
28.117,-0.08898939583778993,0.027136876203282093,-0.988173455978975
28.14,-0.19949271154845216,-0.006111909054793264,-0.9661705833817192
28.16,-0.3029062127555542,-0.011734865385203068,-0.9475903798551477
28.18,-0.23151911499556885,0.06771995232710937,-0.9884179323411667
28.2,-0.11245912660819607,0.07774348317697033,-0.9889068850655502
28.22,-0.18091250802188064,-0.03300430889588363,-0.9175197873055648
28.24,-0.19533661339119274,-0.04816184335177093,-0.9140971182348806
28.26,-0.14839715185038047,0.02518106530574825,-0.9429453289735048
28.28,-0.17969012621092198,-0.03642697796656786,-0.9099410200776212
28.3,-0.13446199920545182,-0.026403447116706905,-0.9106744491641964
28.32,-0.10585826482901935,0.04131650521040247,-0.9713045869877456
28.34,-0.13617333374079393,0.055985086941906306,-1.0060202304189714
28.357,-0.2469211258136479,0.025670018030131712,-0.9801057360266479
28.38,-0.2618341839073435,0.04498365064327843,-0.99452984139596
28.4,-0.12737218470189163,0.1183265593007976,-1.0536931210463587
28.43,-0.1831127952816062,-0.0073342908657519175,-0.9815725941997983
28.45,-0.22247348959447483,0.018335727164379794,-0.9541912416343244
28.478,-0.1239495156312074,0.07872138862573724,-0.9864621214436329
28.5,-0.09803502123888397,0.05011765424930477,-0.9774164960425389
28.52,-0.0951013048925832,0.05427375240656419,-0.9805946887510314
28.54,-0.09950187941203435,0.06160804327231611,-0.98181707056199
28.557,-0.12859456651285028,0.03667145432875959,-0.9578583870672004
28.58,-0.1471747700394218,0.04816184335177093,-0.946367998044189
28.6,-0.13568438101641048,0.022736301683830944,-0.9250985545335085
28.62,-0.14448553005531278,0.010268007212052684,-0.8969837728814595
28.64,-0.14081838462243682,-0.006845338141368456,-0.8229074351373651
28.66,-0.10292454848271858,-0.08898939583778993,-0.6305045380924732
28.68,-0.06820890505149284,-0.19362527885585062,-0.44641383736210005
28.698,-0.05476270513094765,-0.24496531491611404,-0.3055954527396632
28.72,-0.22736301683830945,-0.25303303486844114,-0.24423188582953886
28.74,-0.16844421355010236,-0.08116615224765455,-0.38700608134950953
28.76,-0.03911621795067689,0.22907435137365156,-0.6644867524371237
28.78,-0.026403447116706905,0.37209302325581395,-0.9346331326589861
28.81,-0.10561378846682762,0.3757601686886899,-1.3915594535953304
28.83,-0.3652476851144455,0.5346698041133148,-1.695932524524035
28.86,-0.5160896005867432,0.7089814503560187,-1.9081380069064573
28.88,-0.5246462732634538,0.7568988173455978,-1.870244170766739
28.897,-0.44494697918894965,0.6019008037160407,-1.6000977905448766
28.92,-0.2190508205237906,0.4244109647648443,-1.3226171194572625
28.94,-0.1838462243681814,0.2965498273385692,-1.1211685970112764
28.96,-0.23616416587721173,0.2948384928032271,-1.0659169391559453
28.98,-0.16991107172325276,0.31195183815664823,-1.1011215353115544
29.0,-0.026647923478898633,0.3398221434465055,-1.1781315894019497
29.02,-0.018580203526571526,0.3109739327078813,-1.175197873055649
29.04,0.05574061057971457,0.30241726003117075,-1.1783760657641413
29.06,-0.012223818109586528,0.29752773278733613,-1.1563731931668857
29.08,-0.1694221189988693,0.22980778046022673,-1.0683617027778627
29.1,-0.16893316627448582,0.18457965345475658,-0.9825504996485652
29.12,-0.10047978486080127,0.08532225040491398,-0.8392873514042111
29.137,0.0007334290865751917,-0.013201723558353452,-0.717782599394921
29.16,0.04058307612382728,0.002933716346300767,-0.6498181707056199
29.18,0.0,0.04938422516272958,-0.6390612107691838
29.21,0.018335727164379794,-0.06845338141368457,-0.4669498517862054
29.23,0.08043272316107936,-0.07407633774409436,-0.4923753934541454
29.25,0.06967576322464322,-0.06405280689423341,-0.5649848730250894
29.27,0.028603734376432478,-0.07456529046847783,-0.6195031017938453
29.287,-0.023225254408214404,-0.0440057451945115,-0.7180270757571127
29.31,-0.11637074840326375,-0.011001436298627876,-0.8297527732787336
29.33,-0.08361091586957185,0.04596155609204535,-0.9436787580600801
29.35,0.06967576322464322,0.0383827888641017,-1.0001527977263698
29.37,0.12248265745805702,-0.010268007212052684,-0.9969746050178773
29.39,0.09974635577422608,-0.0041560981572594195,-1.0177550958041743
29.41,-0.04547260336766189,0.008312196314518839,-1.0312012957247196
29.43,-0.12761666106408337,0.048650796076154385,-1.062738746447453
29.45,-0.06649757051615071,0.030559545273966322,-1.0637166518962198
29.47,-0.011734865385203068,0.009045625401094031,-1.0356018702441707
29.498,-0.005622956330409804,0.03471564343122574,-1.034379488433212
29.52,-0.09632368670354186,0.04033859976163555,-1.0324236775356783
29.54,-0.051340036060263425,0.055251657855331114,-1.0221556703236256
29.56,0.06331937780765821,0.010512483574244415,-0.9801057360266479
29.59,0.047183937903004,0.03202640344711671,-0.9798612596644561
29.61,-0.031048497998349783,0.008312196314518839,-0.9441677107844635
29.64,-0.0767655777282034,-0.0014668581731503835,-0.9204535036518656
29.66,-0.05451822876875592,-0.017846774439996334,-0.9422118998869297
29.677,-0.026892399841090365,0.03178192708492498,-0.9747272560584298
29.7,-0.03862726522629343,0.05940775601259053,-1.0106652813006143
29.72,-0.040827552486019006,0.00855667267671057,-0.9889068850655502
29.74,0.023225254408214404,0.005134003606026342,-0.9874400268923998
29.76,0.06185251963450784,0.048650796076154385,-0.9852397396326742
29.78,0.0647862359808086,0.045717079729853616,-0.9363444671943282
29.8,0.020047061699721907,0.022980778046022676,-0.828530391467775
29.82,-0.10683617027778626,-0.03716040705314305,-0.6175472908963114
29.84,-0.16257678085750082,-0.12272713382024875,-0.38871741588485165
29.86,-0.018824679888763254,-0.09950187941203435,-0.3051065000152798
29.88,0.08581120312929744,-0.1320172355835345,-0.24374293310515538
29.9,-0.013935152644928643,-0.13495095192983528,-0.19998166427283562
29.917,-0.10805855208874492,-0.06405280689423341,-0.22687406411392597
29.94,0.027136876203282093,0.1014576903095682,-0.46401613543990466
29.96,-0.025670018030131712,0.19998166427283562,-0.7568988173455978
29.99,-0.10219111939614338,0.4554594627631941,-1.254897167130153
30.01,-0.0982794976010757,0.6771995232710937,-1.5595147144210493
30.03,-0.14424105369312104,0.8141062860984628,-1.7372490297344376
30.05,-0.22394034776762523,0.7058032576475262,-1.8057024111481221
30.067,-0.22002872597255752,0.6644867524371237,-1.9734131956116492
30.09,-0.38749503407389296,0.9160529291324145,-2.072670598661492
30.11,-0.5500718149313938,0.9048070164715949,-1.7582739968829264
30.13,-0.20267090425694465,0.5723191638908413,-1.4186963297986126
30.15,0.11563731931668857,0.5055771170124989,-1.3517098065580784
30.17,0.10096873758518474,0.48479662622620173,-1.3033034868441158
30.19,-0.07578767227943647,0.4332121138037466,-1.1952449347553709
30.21,-0.1471747700394218,0.42905601564648715,-1.0984322953274455
30.23,-0.11734865385203068,0.34080004889527243,-0.9197200745652905
30.25,-0.057207468752864955,0.2349417840662531,-0.7517648137395715
30.27,-0.05182898878464688,0.06723099960272591,-0.5395593313571494
30.29,0.03667145432875959,0.010512483574244415,-0.3918956085933441
30.307,-0.0046450508816428815,0.007823243590135379,-0.28457048559117437
30.33,-0.13959600281147816,-0.1063472175534028,-0.18286831891941446
30.35,-0.07456529046847783,-0.1686886899122941,-0.22320691868105003
30.38,0.1183265593007976,-0.001222381810958653,-0.6278152981083641
30.4,0.2892155364728173,0.1461968645906549,-0.9030956819362528
30.42,0.22100663142132446,0.12932799559942548,-1.0348684411575955
30.44,0.02029153806191364,0.088011490389023,-1.0507594047000581
30.457,0.02029153806191364,0.088011490389023,-1.0507594047000581
30.48,-0.023225254408214404,0.1334840937566849,-1.127036029703878
30.509,-0.0863001558536809,0.06038566146135745,-1.0742291354704643
30.53,-0.09338997035724109,0.09925740304984261,-1.0822968554227912
30.55,-0.05574061057971457,0.12492742107997433,-1.0659169391559453
30.57,-0.020536014424105367,0.10219111939614338,-1.0246004339455428
30.59,0.017602298077804602,0.08581120312929744,-0.9964856522934938
30.61,-0.0007334290865751917,0.042783363383552854,-0.9852397396326742
30.63,-0.036182501604376124,0.0440057451945115,-0.989151361427742
30.648,-0.039849647037252085,0.08556672676710571,-1.0023530849860953
30.67,-0.029092687100815938,0.09779054487669223,-0.9820615469241818
30.69,-0.06992023958683495,0.05427375240656419,-0.9429453289735048
30.71,-0.07578767227943647,0.040094123399443814,-0.9434342816978883
30.73,0.01295724719616172,0.04327231610793631,-0.9607921034135012
30.76,0.011245912660819608,0.02542554166793998,-0.9387892308162454
30.78,-0.03764935977752651,0.06992023958683495,-0.9776609724047306
30.81,-0.10121321394737647,0.09852397396326742,-0.9986859395532194
30.83,0.004889527243834612,0.15939858814900834,-0.9783944014913057
30.847,0.10439140665586896,0.02884821073862421,-0.8559117440332488
30.87,0.13372857011887662,-0.10463588301806069,-0.70775906854506
30.89,0.0327598325336919,-0.12419399199339913,-0.5938330837637136
30.91,-0.057451945115056684,-0.07578767227943647,-0.4354124010634722
30.93,-0.015402010818079027,-0.09779054487669223,-0.28970448919720077
30.95,-0.031048497998349783,-0.26134523118296,-0.1359288573786022
30.97,0.004889527243834612,-0.2038932860679033,-0.15230877364544815
30.99,-0.03642697796656786,0.0647862359808086,-0.3679369250985545
31.01,-0.06894233413806802,0.3640253033034868,-0.6860006723099961
31.03,-0.10121321394737647,0.45863765547168656,-0.9006509183143354
31.05,-0.16991107172325276,0.4195214375210097,-1.0532041683219753
31.07,-0.16379916266845948,0.5065550224612657,-1.2923020505454879
31.087,-0.10243559575833511,0.6375943525960334,-1.544357179965162
31.11,-0.1166152247654555,0.7696115881795679,-1.9127830577881
31.13,-0.10536931210463588,1.0681172264156709,-2.483635363505791
31.16,-0.6877120068453382,0.8681355621428353,-1.852886349051126
31.18,-0.09461235216819973,0.4779512880848333,-1.4216300461449134
31.2,0.1381291446383278,0.40338599761635546,-1.3086819668123337
31.22,-0.06160804327231611,0.3958072303884118,-1.2067353237783822
31.237,-0.19411423158023408,0.4080310484979983,-1.0810744736118327
31.26,-0.19362527885585062,0.295816398251994,-0.8820707147877639
31.28,-0.11099226843504569,0.1672218317391437,-0.705069828560951
31.3,-0.00855667267671057,0.14179629007120373,-0.5904104146930294
31.32,0.08336643950738012,0.09338997035724109,-0.5158451242245515
31.34,-0.01589096354246249,0.018824679888763254,-0.4229441065916939
31.36,-0.0022002872597255752,0.02200287259725575,-0.4080310484979983
31.38,0.0383827888641017,-0.03642697796656786,-0.42001039024539316
31.4,0.047672890627387464,-0.0911896830975155,-0.4483696482596339
31.42,0.07652110136601167,-0.05794089783944015,-0.5258686550744125
31.44,0.11294807933257953,-0.041805457934785926,-0.6151025272743942
31.46,0.10708064663997799,0.019069156250954986,-0.7236500320875225
31.477,0.055251657855331114,0.03936069431286862,-0.8050606606973688
31.5,0.0207804907862971,0.02493658894355652,-0.8617791767258502
31.528,0.06918681050025975,0.0440057451945115,-0.9449011398710387
31.55,0.14179629007120373,0.05427375240656419,-0.9977080341044525
31.57,0.1877578461632491,0.05427375240656419,-1.0192219539773248
31.59,0.14228524279558719,0.06503071234300034,-1.029978913913761
31.61,0.09021177764874859,0.07921034135012071,-1.0297344375515691
31.627,0.07627662500381995,0.09363444671943282,-1.0304678666381444
31.65,0.07065366867341014,0.04669498517862054,-0.9908626959630841
31.67,0.09021177764874859,0.01637991626684595,-0.9647037252085688
31.69,0.10928093389970357,0.08556672676710571,-0.9901292668765088
31.71,0.051340036060263425,0.088011490389023,-0.9752162087828133
31.73,0.0075787672279436485,0.056229563304098035,-0.9581028634293921
31.75,0.07456529046847783,0.06600861779176725,-0.9693487760902118
31.77,0.13079485377257585,0.06356385416984996,-0.9739938269718547
31.79,0.09559025761696666,0.08361091586957185,-0.9830394523729487
31.81,0.01589096354246249,0.06820890505149284,-0.970082205176787
31.83,0.020047061699721907,0.08165510497203801,-0.9837728814595239
31.85,-0.031048497998349783,0.03740488341533478,-0.9400116126272041
31.867,0.013201723558353452,0.06331937780765821,-0.9515020016502155
31.89,0.052317941509030345,0.07798795953916206,-0.9578583870672004
31.91,0.047428414265195735,0.08018824679888763,-0.9571249579806252
31.94,0.038871741588485165,0.05280689423341381,-0.9136081655104972
31.96,0.08972282492436512,0.06038566146135745,-0.8862268129450234
31.98,0.0911896830975155,0.06625309415395898,-0.8478440240809216
32.0,0.11197017388381261,0.04596155609204535,-0.7908810316902485
32.017,0.08092167588546283,-0.0009779054487669223,-0.6965131558842405
32.04,0.027381352565473825,-0.0415609815725942,-0.6248815817620633
32.06,0.006845338141368456,0.001222381810958653,-0.6385722580448003
32.08,0.028114781652049017,0.09583473397915838,-0.697735537695199
32.1,0.06576414142957553,0.10488035938025242,-0.6891788650184885
32.12,0.06894233413806802,0.06356385416984996,-0.642483879839868
32.14,-0.03813831250190997,0.0046450508816428815,-0.5891880328820707
32.16,-0.13641781010298568,-0.01980258533753018,-0.5930996546771384
32.18,-0.18115698438407235,0.043761268832319775,-0.6847782904990374
32.2,-0.14008495553586162,0.1454634355040797,-0.8409986859395532
32.22,-0.07309843229532745,0.195092137029001,-0.9813281178376065
32.24,-0.010512483574244415,0.3092625981725392,-1.1250802188063442
32.258,-0.024447636219173056,0.5329584695779727,-1.3778687773125935
32.28,-0.1381291446383278,0.6549521743116462,-1.584206827002414
32.3,-0.17724536258900467,0.651529505240962,-1.6426366775662378
32.32,-0.11930446474956452,0.623414723588913,-1.6783302264462305
32.34,-0.05696299239067323,0.6745102832869847,-1.7194022552944412
32.37,-0.15744277725147449,0.538092473183999,-1.4448553005531277
32.39,-0.14204076643339547,0.4547260336766189,-1.3534211410934205
32.407,-0.14204076643339547,0.4547260336766189,-1.3534211410934205
32.43,-0.11905998838737279,0.36011368150841916,-1.1600403385997615
32.45,-0.058185374201631876,0.349356721571983,-1.0923203862726523
32.47,-0.10879198117532012,0.28383705650459923,-0.9779054487669223
32.49,-0.06038566146135745,0.22296244231885828,-0.8542004094979067
32.51,0.060141185099165724,0.17015554808544447,-0.7402744247165602
32.538,0.061119090547932645,0.09265654127066589,-0.6253705344864469
32.56,0.04302783974574458,0.09730159215230877,-0.564495920300706
32.58,0.10879198117532012,0.1454634355040797,-0.5603398221434465
32.599,0.12835009015065857,0.09167863582189897,-0.544448858600984
32.62,0.035938025242184396,0.0031781927084924976,-0.5368700913730403
32.64,0.06331937780765821,0.05671851602848149,-0.6077682364086422
32.66,0.016624392629037678,0.01686886899122941,-0.6454175961861688
32.68,-0.032270879809308435,0.011245912660819608,-0.7207163157412217
32.697,-0.004889527243834612,0.07114262139779359,-0.855667267671057
32.72,0.001711334535342114,0.05451822876875592,-0.9106744491641964
32.74,0.12101579928490663,0.034960119793417475,-0.931943892674877
32.76,0.1613543990465422,0.053295846957797266,-0.9524799070989823
32.78,0.09045625401094032,0.06625309415395898,-0.9874400268923998
32.797,0.06747547596491764,0.0743208141062861,-1.023622528496776
32.82,-0.013690676282736913,0.07945481771231244,-1.016288237631024
32.84,-0.030559545273966322,0.039849647037252085,-0.9805946887510314
32.86,0.07701005409039513,0.11563731931668857,-0.9876845032545916
32.88,0.06331937780765821,0.10659169391559453,-0.9852397396326742
32.9,-0.0002444763621917306,0.030559545273966322,-0.9529688598233658
32.92,0.10365797756929376,0.08898939583778993,-0.9710601106255539
32.94,0.1677107844635272,0.12761666106408337,-0.9754606851450051
32.96,0.04791736698957919,0.06527518870519207,-0.9431898053356966
32.98,-0.07456529046847783,0.014913058093695565,-0.9138526418726889
33.0,-0.027870305289857285,0.06283042508327476,-0.93096598722611
33.02,0.09901292668765088,0.11685970112764722,-0.9671484888304862
33.038,0.12981694832380894,0.12028237019833145,-0.9512575252880237
33.06,0.06600861779176725,0.09852397396326742,-0.9351220853833695
33.08,-0.02884821073862421,0.040094123399443814,-0.9153195000458393
33.1,0.05965223237478226,0.04791736698957919,-0.9405005653515875
33.12,0.1831127952816062,0.07529871955505302,-0.9617700088622682
33.15,-0.088011490389023,0.25792256211227577,-0.8436879259236623
33.17,-0.09485682853039147,0.3383552852733551,-0.9400116126272041
33.187,-0.005622956330409804,0.18115698438407235,-0.8549338385844818
33.21,0.019313632613146715,-0.052317941509030345,-0.7373407083702594
33.23,-0.026403447116706905,-0.04425022155670324,-0.6566635088469883
33.25,0.047672890627387464,0.17626745714023775,-0.5940775601259053
33.27,0.17797879167557987,0.43052287381963755,-0.5459157167741344
33.29,0.2342083549796779,0.5904104146930294,-0.6446841670995935
33.31,0.09070073037313205,0.47110594994346483,-0.6004339455428903
33.33,-0.07701005409039513,0.4231885829538856,-0.5955444182990557
33.35,-0.047183937903004,0.5554502948996118,-0.705069828560951
33.37,0.060874614185740916,0.7483421446688873,-0.7102038321669774
33.39,0.0036671454328759587,0.9676374415548696,-0.7696115881795679
33.41,-0.08752253766463955,0.938300278091862,-0.7307398465910827
33.428,-0.11245912660819607,0.8070164715949026,-0.6187696727072701
33.45,-0.04425022155670324,0.7390520429056016,-0.48968615347003636
33.47,-0.048406319713962656,0.7742566390612108,-0.5383369495461907
33.49,-0.13788466827613605,0.9920850777740428,-0.6385722580448003
33.51,-0.20682700241420407,1.37737982458821,-0.7786572135806619
33.549,-0.17822326803777158,1.3614888610457476,-0.938300278091862
33.57,-0.13055037741038414,0.8715582312135195,-0.697735537695199
33.59,0.0041560981572594195,1.0199553830638999,-0.7407633774409437
33.61,-0.05696299239067323,1.0664058918803287,-0.6735323778382177
33.627,-0.15670934816489931,1.1453717568682578,-0.6591082724689057
33.65,-0.10805855208874492,1.0769183754545733,-0.666931516059041
33.67,-0.04033859976163555,0.9067628273691287,-0.5967668001100144
33.69,-0.005378479968218073,0.8815817620633805,-0.6014118509916573
33.71,-0.013201723558353452,0.9779054487669223,-0.6314824435412401
33.73,-0.12517189744216606,1.2196925709745439,-0.6784219050820524
33.75,-0.02029153806191364,1.2707881306726156,-0.8307306787275005
33.769,-0.07285395593313572,1.0314457720869112,-0.755920911896831
33.79,-0.059896708736973996,0.8999174892277603,-0.7143599303242367
33.81,0.05305137059560554,0.7544540537236806,-0.6138801454634355
33.83,0.08483329768053051,0.6410170216667176,-0.5070439751856493
33.85,-0.07505424319286129,0.529046847782905,-0.5070439751856493
33.867,-0.1926473734070837,0.38725055771170125,-0.4398129755829233
33.89,-0.026158970754515173,0.33859976163554684,-0.41560981572594197
33.91,0.11245912660819607,0.33199889985637016,-0.411942670293066
33.93,0.18042355529749718,0.28261467469364054,-0.43076735018182927
33.95,0.0951013048925832,0.25792256211227577,-0.4317452556305962
33.967,-0.027136876203282093,0.3310209944076032,-0.5104666442563335
33.99,-0.17235583534517007,0.31464107814075726,-0.46474956452647986
34.01,-0.2271185404761177,0.381138648656908,-0.53540323319989
34.03,-0.03667145432875959,0.6529963634141124,-0.6830669559636953
34.05,0.08996730128655686,0.7270727011582068,-0.8385539223176359
34.07,0.010512483574244415,0.6011673746294655,-0.7859915044464139
34.09,0.0007334290865751917,0.6720655196650673,-0.781346453564771
34.11,0.0075787672279436485,0.8101946643033952,-0.8737585184732451
34.13,-0.06943128686245148,0.7480976683066956,-1.0128655685603398
34.15,-0.16379916266845948,0.5329584695779727,-0.9842618341839073
34.17,-0.0743208141062861,0.4830852916908596,-0.9143415945970724
34.19,0.12786113742627508,0.5591174403324879,-0.8642239403477676
34.208,0.11392598478134645,0.588943556519879,-1.0228890994102007
34.23,-0.04669498517862054,0.5292913241450967,-1.033646059346637
34.25,-0.12492742107997433,0.437368211961006,-0.9937964123093849
34.27,-0.14106286098462856,0.3317544234941784,-0.916541881856798
34.29,-0.003422669070684228,0.3916511322311524,-1.018977477615133
34.32,-0.18091250802188064,0.022980778046022676,-0.881092809338997
34.34,-0.1965589952021514,0.11001436298627876,-0.9111634018885799
34.357,-0.1965589952021514,0.11001436298627876,-0.9111634018885799
34.38,0.07040919231121841,0.2598783730098096,-1.210402469211258
34.4,-0.19215842068270023,-0.160620969959967,-0.8028603734376433
34.42,0.008312196314518839,-0.17211135898297833,-0.8199737187910644
34.44,0.32588699080157685,0.010023530849860953,-0.9576139107050087
34.46,0.3469119579500657,-0.0911896830975155,-0.925587507257892
34.48,0.11343703205696298,-0.3664700669254041,-0.8419765913883202
34.5,0.056229563304098035,-0.42636677566237813,-0.8018824679888763
34.52,0.19240289704489197,-0.23543073679063656,-0.9204535036518656
34.54,0.15450906090517372,-0.18189041347064755,-0.993551935947193
34.569,0.015646487180270757,-0.2789475292607646,-0.9013843474009107
34.59,0.018091250802188062,-0.31048497998349783,-0.8840265256852978
34.61,0.021758396235064023,-0.41438743391498334,-0.7774348317697033
34.63,0.041072028848210734,-0.42881153928429544,-0.7498090028420377
34.647,0.12174922837148183,-0.28897106011062557,-0.8835375729609143
34.67,0.02982611618739113,-0.3852947468141674,-0.7564098646212144
34.69,0.011734865385203068,-0.564495920300706,-0.6185251963450784
34.71,0.26647923478898633,-0.5671851602848149,-0.6957797267976652
34.73,0.2461876967270727,-0.575252880237142,-0.6419949271154846
34.747,-0.11319255569477125,-0.6522629343275372,-0.5070439751856493
34.77,-0.1821348898328393,-0.6126577636524768,-0.5476270513094765
34.79,0.0041560981572594195,-0.47232833175442346,-0.6979800140573909
34.81,0.3361549980136295,-0.4821073862420927,-0.859334413103933
34.83,0.4525257464168933,-0.5899214619686459,-0.9703266815389787
34.85,0.1327506646701097,-0.6087461418574092,-0.8603123185527
34.87,-0.03667145432875959,-0.5209791278305779,-0.9016288237631024
34.89,-0.00855667267671057,-0.4642606118020964,-0.9698377288145952
34.91,-0.11514836659230511,-0.49115301164318675,-1.0096873758518472
34.93,-0.06160804327231611,-0.6082571891330257,-0.9182532163921401
34.95,0.14081838462243682,-0.6334382544387739,-0.8859823365828317
34.97,0.21122757693365524,-0.5828316474650858,-0.874736423922012
34.988,0.12761666106408337,-0.5737860220639917,-0.7590991046053235
35.01,0.07407633774409436,-0.49922073159551383,-0.735873850197109
35.03,0.04645050881642881,-0.45741527366072793,-0.6400391162179506
35.05,0.08947834856217339,-0.5283134186963298,-0.5114445497051003
35.07,-0.006600861779176726,-0.6023897564404241,-0.3835834122788253
35.1,-0.1383736210005195,-0.3513125324695168,-0.5006875897686642
35.12,-0.041072028848210734,-0.47428414265195734,-0.5412706658924915
35.137,0.05182898878464688,-0.5625401094031721,-0.6155914799987776
35.16,0.1031690248449103,-0.5950554655746723,-0.7855025517220303
35.18,-0.0044005745194511505,-0.6532408397763041,-0.7681447300064175
35.2,0.039849647037252085,-0.5305137059560554,-0.9231427436359747
35.22,0.14179629007120373,-0.44592488463771657,-1.1646853894814044
35.24,0.10219111939614338,-0.47917366989579196,-1.3125935886074014
35.26,0.022736301683830944,-0.4547260336766189,-1.36466705375424
35.28,0.026158970754515173,-0.5089997860831831,-1.305014821379458
35.3,0.19875928246187696,-0.4332121138037466,-1.383980686367387
35.32,0.37111511780704703,-0.37258197598019743,-1.5284662164226996
35.34,0.07285395593313572,-0.4099868593955322,-1.3169941631268527
35.36,-0.09021177764874859,-0.4209882956941601,-1.1157901170430584
35.378,0.013446199920545182,-0.4231885829538856,-0.9837728814595239
35.4,0.1911805152339333,-0.33371023439171227,-1.0211777648748586
35.42,0.07040919231121841,-0.3513125324695168,-0.8869602420315985
35.44,-0.06698652324053418,-0.39042875042019376,-0.714115453962045
35.46,-0.045717079729853616,-0.44348012101579926,-0.5879656510711121
35.49,0.027136876203282093,-0.4821073862420927,-0.5234238914524951
35.51,0.020536014424105367,-0.5432264767900253,-0.40411942670293066
35.527,-0.10096873758518474,-0.5561837239861871,-0.34471167069034014
35.55,-0.09265654127066589,-0.4772178589982581,-0.40167466308101335
35.579,-0.0863001558536809,-0.5107111206185252,-0.3816276013812914
35.6,-0.02982611618739113,-0.5938330837637136,-0.34422271796595666
35.62,0.05671851602848149,-0.5241573205390704,-0.41585429208813374
35.64,0.049628701524921305,-0.47428414265195734,-0.5781865965834428
35.66,0.0327598325336919,-0.4253888702136112,-0.7317177520398497
35.68,0.02518106530574825,-0.3799162668459493,-0.817528955169147
35.7,0.06600861779176725,-0.32662041988815205,-0.95639152889405
35.719,0.08776701402683128,-0.31684136540048286,-1.0556489319438926
35.74,0.05305137059560554,-0.3376218561867799,-1.060782935549919
35.76,0.01980258533753018,-0.3202640344711671,-1.0475812119915655
35.78,0.12639427925312471,-0.2750359074656969,-1.173242062158115
35.8,0.1391070500870947,-0.37038168872047184,-1.2416954435717997
35.817,-0.023958683494789596,-0.390184274058002,-1.2901017632857623
35.84,-0.1359288573786022,-0.37600464505088166,-1.3490205665739694
35.86,-0.00855667267671057,-0.37600464505088166,-1.431898053356966
35.88,0.023714207132597868,-0.4395684992207316,-1.4507227332457293
35.9,0.06160804327231611,-0.5112000733429086,-1.4795709439843534
35.917,0.031048497998349783,-0.48748586621031076,-1.4959508602511995
35.94,-0.1743116462427039,-0.3764935977752651,-1.403783271704917
35.96,-0.16037649359777525,-0.27454695474131346,-1.2986584359624729
35.98,-0.043516792470128046,-0.22736301683830945,-1.153439476820585
36.0,-0.08507777404272224,-0.25449989304159154,-0.9008953946765272
36.02,-0.1510863918344895,-0.36182501604376127,-0.5965223237478227
36.04,-0.11783760657641414,-0.4058307612382728,-0.4053418085138893
36.06,-0.03960517067506036,-0.39287351404211107,-0.4197659138832014
36.08,0.08727806130244782,-0.3708706414448553,-0.5439599058766006
36.1,0.06429728325642514,-0.4204993429697766,-0.4838187207774348
36.12,0.011490389023011338,-0.5285578950585215,-0.32833175442349416
36.14,0.01980258533753018,-0.5341808513889313,-0.25645570393912537
36.158,-0.04327231610793631,-0.5437154295144088,-0.17015554808544447
36.18,-0.09901292668765088,-0.585276411087003,-0.15206429728325643
36.2,-0.08850044311340648,-0.5586284876081044,-0.23054120954680193
36.22,0.01686886899122941,-0.5737860220639917,-0.2884821073862421
36.24,0.11001436298627876,-0.5244017969012621,-0.35302386700485894
36.27,-0.01980258533753018,-0.41781010298566756,-0.5305137059560554
36.29,-0.009290101763285763,-0.3227087980930844,-0.7852580753598386
36.307,-0.009290101763285763,-0.3227087980930844,-0.7852580753598386
36.33,0.11734865385203068,-0.35840234697307705,-1.0170216667175993
36.35,0.233230449530911,-0.36891483054732144,-1.2160254255416678
36.37,0.03813831250190997,-0.3080402163615805,-1.2896128105613789
36.39,-0.13079485377257585,-0.195092137029001,-1.3658894355651987
36.41,-0.0911896830975155,-0.21611710417748983,-1.5274883109739328
36.43,-0.02151391987287229,-0.30975155089692263,-1.6360358157870611
36.45,-0.12101579928490663,-0.37600464505088166,-1.5634263362161172
36.47,-0.09632368670354186,-0.2909268710081594,-1.547046419949271
36.49,-0.1014576903095682,-0.2056046206032454,-1.5238211655410567
36.51,-0.15475353726736546,-0.27014638022186227,-1.391070500870947
36.53,-0.12126027564709838,-0.3664700669254041,-1.2827674724200104
36.548,-0.05085108333587996,-0.38969532133361856,-1.2336277236194726
36.57,0.07701005409039513,-0.36818140146074624,-1.2228707636830363
36.599,0.040827552486019006,-0.3205085108333588,-1.1294807933257953
36.62,-0.0440057451945115,-0.2862818201265165,-1.0170216667175993
36.64,-0.11294807933257953,-0.3214864162821257,-0.8678910857806436
36.66,-0.17088897717201967,-0.31072945634568955,-0.7314732756776579
36.68,-0.1655104972038016,-0.3532683433670507,-0.579897931118785
36.697,-0.055251657855331114,-0.4212327720563518,-0.4510588882437429
36.72,0.006356385416984995,-0.39996332854567124,-0.44396907374018274
36.74,-0.06674204687834245,-0.39531827766402833,-0.34324481251718975
36.76,-0.05696299239067323,-0.4786847171714085,-0.24472083855392232
36.78,0.001222381810958653,-0.45937108455826176,-0.28823763102405037
36.8,0.01637991626684595,-0.37380435779115606,-0.37698255049964857
36.82,-0.0415609815725942,-0.41560981572594197,-0.2694129511352871
36.84,-0.041072028848210734,-0.4187880084344345,-0.28090334015829843
36.86,-0.019313632613146715,-0.37355988142896435,-0.37307092870458086
36.88,0.14106286098462856,-0.41927696115881796,-0.5618066803165969
36.9,0.2415426458454298,-0.4429911682914158,-0.7615438682272407
36.92,0.19924823518626042,-0.40485285578950586,-0.8451547840968127
36.938,-0.02518106530574825,-0.41585429208813374,-0.754943006448064
36.96,-0.25449989304159154,-0.31390764905418206,-0.7661889191088836
36.98,-0.2718577147572044,-0.1750450753292791,-0.9928185068606179
37.0,-0.20095956972160253,-0.2271185404761177,-1.145127280506066
37.02,-0.06429728325642514,-0.3371329034623965,-1.236805916327965
37.05,0.11441493750572991,-0.3813831250190997,-1.5751612016013201
37.07,0.09999083213641781,-0.37209302325581395,-1.6934877609021177
37.087,0.022247348959447483,-0.37600464505088166,-1.716713015310332
37.11,0.01711334535342114,-0.308529169085964,-1.7284478806955352
37.13,-0.03740488341533478,-0.32344222717965954,-1.6027870305289857
37.15,-0.10708064663997799,-0.29875011459829476,-1.4123399443816276
37.17,-0.08703358494025609,-0.24252055129419675,-1.232160865446322
37.19,-0.11441493750572991,-0.26599028206460285,-1.0140879503712985
37.21,-0.10268007212052685,-0.31121840907007303,-0.8984506310546099
37.23,0.0070898145035601864,-0.34471167069034014,-0.8456437368211961
37.25,-0.030804021636158054,-0.37038168872047184,-0.7608104391406656
37.27,-0.19386975521804234,-0.4505699355193595,-0.6287932035571311
37.29,-0.16991107172325276,-0.5478715276716682,-0.6121688109280934
37.31,-0.0743208141062861,-0.6182807199828867,-0.6505515997921951
37.328,0.04229441065916939,-0.6405280689423342,-0.6928460104513645
37.35,-0.018824679888763254,-0.6251260581242551,-0.6490847416190447
37.37,-0.05158451242245515,-0.6114353818415181,-0.5918772728661797
37.39,0.015646487180270757,-0.6102130000305596,-0.58625431653577
37.41,0.03716040705314305,-0.6356385416984995,-0.547138098585093
37.44,0.03153745072273324,-0.6505515997921951,-0.478195764447025
37.46,0.18409070073037312,-0.6539742688628793,-0.4799070989823671
37.477,0.16526602084160988,-0.6363719707850747,-0.48699691348592733
37.5,0.17088897717201967,-0.6158359563609693,-0.5412706658924915
37.52,0.0686978577758763,-0.5796534547565932,-0.5312471350426305
37.54,-0.14937505729914738,-0.609724047306176,-0.4126760993796412
37.56,-0.05109555969807169,-0.58625431653577,-0.48626348439935213
37.58,0.10463588301806069,-0.5613177275922134,-0.5503162912935855
37.609,0.0743208141062861,-0.6175472908963114,-0.47355071356538214
37.63,0.2686795220487119,-0.7260947957094398,-0.3972740885615622
37.65,0.2510772239709073,-0.6395501634935672,-0.4275891574733368
37.669,0.1870244170766739,-0.5283134186963298,-0.5067994988234575
37.69,0.017602298077804602,-0.40069675763224644,-0.5674296366470066
37.71,-0.0383827888641017,-0.3667145432875959,-0.5371145677352321
37.73,0.08409986859395532,-0.3821165541056749,-0.5182898878464688
37.75,0.2760138129144638,-0.40338599761635546,-0.5847874583626196
37.767,0.06625309415395898,-0.3099960272591144,-0.6473734070837026
37.79,-0.21953977324817406,-0.15646487180270757,-0.7581211991565565
37.81,-0.38871741588485165,-0.11417046114353818,-0.842954496837087
37.83,-0.21147205329584695,-0.12443846835559087,-1.0255783393943099
37.85,0.053295846957797266,-0.1894691806985912,-1.1795984475751
37.867,0.017846774439996334,-0.16966659536106102,-1.2744552761054915
37.89,-0.12859456651285028,-0.1127036029703878,-1.347553708400819
37.91,-0.03764935977752651,-0.09534578125477493,-1.454634355040797
37.93,0.05378479968218073,-0.09681263942792531,-1.5279772636983162
37.95,0.040827552486019006,-0.05451822876875592,-1.5653821471136509
37.97,-0.06918681050025975,-0.08361091586957185,-1.4167405189010787
37.99,-0.18898022797420774,-0.12052684656052318,-1.2390062035876905
38.01,-0.1359288573786022,-0.09779054487669223,-1.1693304403630473
38.03,0.17333374079393699,-0.12786113742627508,-1.1558842404425023
38.05,0.11930446474956452,-0.10879198117532012,-1.0747180881948477
38.07,-0.08581120312929744,-0.12761666106408337,-0.9864621214436329
38.09,-0.1095254102618953,-0.11172569752162087,-0.9859731687192494
38.108,-0.023958683494789596,-0.11539284295449684,-1.0287565321028023
38.13,0.07529871955505302,-0.19558108975338445,-1.007976041316505
38.15,0.09045625401094032,-0.24423188582953886,-0.9747272560584298
38.17,0.019558108975338447,-0.16673287901476025,-1.0370687284173212
38.19,-0.06405280689423341,-0.13617333374079393,-1.0744736118326559
38.22,0.01980258533753018,-0.15524248999174892,-1.1275249824282614
38.24,0.038871741588485165,-0.1672218317391437,-1.139748800537848
38.257,0.038871741588485165,-0.1672218317391437,-1.139748800537848
38.28,0.015157534455887297,-0.20487119151667021,-1.1390153714512727
38.3,-0.09852397396326742,-0.18164593710845583,-1.1045442043822387
38.32,-0.0075787672279436485,-0.1376401919139443,-1.1649298658435963
38.34,0.03936069431286862,-0.20927176603612138,-1.120679644286893
38.36,0.03667145432875959,-0.24985484215994866,-1.0551599792195092
38.38,0.07480976683066956,-0.2510772239709073,-1.014576903095682
38.4,0.12835009015065857,-0.23078568590899368,-0.9852397396326742
38.42,0.12101579928490663,-0.21758396235064023,-0.9253430308957002
38.44,0.10830302845093664,-0.2109831005714635,-0.8737585184732451
38.46,0.08556672676710571,-0.23591968951502001,-0.8082388534058613
38.48,0.0806771995232711,-0.28285915105583226,-0.740518901078752
38.498,0.16331020994407602,-0.2743024783791217,-0.7275616538825902
38.52,0.15206429728325643,-0.25572227485255017,-0.730495370228891
38.54,0.05842985056382361,-0.28237019833144883,-0.6654646578858906
38.56,0.09681263942792531,-0.2884821073862421,-0.6346606362497326
38.58,0.18824679888763254,-0.2518106530574825,-0.657885890657947
38.619,0.24349845674296366,-0.28530391467774957,-0.6661980869724659
38.64,0.11319255569477125,-0.3063288818262384,-0.6615530360908229
38.66,0.20780490786297098,-0.2750359074656969,-0.7062922103719097
38.68,0.2750359074656969,-0.28481496195336614,-0.6984689667817743
38.697,0.25449989304159154,-0.280414387433915,-0.6385722580448003
38.72,0.22491825321639214,-0.30168383094459555,-0.6231702472267212
38.74,0.19411423158023408,-0.3914066558689607,-0.5187788405708523
38.76,0.1613543990465422,-0.43003392109525407,-0.4366347828744308
38.78,0.1303059010481924,-0.3967851358371787,-0.4204993429697766
38.797,0.06943128686245148,-0.383827888641017,-0.4090089539467653
38.82,0.02493658894355652,-0.424655441127036,-0.513644836964826
38.839,0.017602298077804602,-0.47135042630565654,-0.6659536106102741
38.86,0.02469211258136479,-0.5730525929774165,-0.6595972251932891
38.88,0.09852397396326742,-0.6067903309598753,-0.7424747119762858
38.9,0.15768725361366623,-0.6151025272743942,-0.9884179323411667
38.92,-0.006845338141368456,-0.6779329523576689,-1.1067444916419644
38.937,-0.16844421355010236,-0.666931516059041,-1.1605292913241452
38.96,-0.15059743911010604,-0.5495828622070104,-1.2839898542309691
38.98,-0.20853833694954618,-0.5351587568376982,-1.2930354796320631
39.0,-0.18922470433639946,-0.5945665128502888,-1.2155364728172844
39.02,-0.24349845674296366,-0.6307490144546649,-1.0429361611099226
39.037,-0.26990190385967056,-0.4204993429697766,-1.0813189499740243
39.06,-0.24349845674296366,-0.2899489655593925,-1.1593069095131865
39.08,-0.28677077285089997,-0.3997188521834795,-1.0365797756929376
39.1,-0.24741007853803135,-0.5021544479418146,-0.9412339944381627
39.12,-0.12272713382024875,-0.557161629434954,-0.9324328453992604
39.14,-0.07383186138190263,-0.5202456987440027,-0.9779054487669223
39.16,-0.11637074840326375,-0.48553005531277693,-1.0387800629526633
39.18,-0.1982703297374935,-0.47623995354949117,-1.0334015829844452
39.2,-0.1535311554564068,-0.44152431011826543,-1.085230571769092
39.22,-0.07212052684656052,-0.4635271827155212,-1.0793631390764906
39.24,-0.03862726522629343,-0.5146227424135928,-1.0321792011734865
39.26,-0.17773431531338812,-0.54811600403386,-0.9695932524524035
39.278,-0.17895669712434678,-0.4948201570760627,-1.0077315649543135
39.3,-0.07309843229532745,-0.44396907374018274,-1.0353573938819791
39.32,-0.06845338141368457,-0.4520367936925098,-1.0514928337866332
39.34,0.031292974360541514,-0.4923753934541454,-1.0847416190447086
39.36,0.060874614185740916,-0.5759863093237173,-1.00724261222993
39.39,-0.018091250802188062,-0.588943556519879,-0.9258319836200837
39.41,0.052317941509030345,-0.539070378632766,-0.9793723069400727
39.427,0.048650796076154385,-0.43052287381963755,-1.0184885248907496
39.45,0.01246829447177826,-0.44788069553525045,-0.9507685725636402
39.47,0.016135439904654218,-0.5058215933746906,-0.8336643950738013
39.49,-0.011734865385203068,-0.47917366989579196,-0.7837912171866882
39.51,-0.094367875806008,-0.44176878648045714,-0.6889343886562967
39.527,-0.03960517067506036,-0.47379518992757386,-0.5302692295938636
39.55,0.18922470433639946,-0.5134003606026343,-0.45619289184976924
39.57,0.3830944595544418,-0.5104666442563335,-0.4657274699752468
39.59,0.336643950738013,-0.40167466308101335,-0.5156006478623598
39.61,-0.03153745072273324,-0.33028756532102804,-0.3828499831922501
39.639,-0.18849127524982429,-0.336643950738013,-0.24252055129419675
39.66,0.25523332212816674,-0.3508235797451334,-0.25058827124652383
39.68,0.4058307612382728,-0.41585429208813374,-0.2686795220487119
39.7,0.15035296274791432,-0.18433517709256486,-0.31537450722733246
39.717,-0.06185251963450784,0.04425022155670324,-0.4239220120404608
39.74,-0.1215047520092901,0.030804021636158054,-0.3823610304678666
39.76,0.05769642147724842,0.08116615224765455,-0.5055771170124989
39.78,0.06503071234300034,0.2222290132322831,-0.7505424319286129
39.8,-0.10170216667175992,0.2774806710876142,-0.9446566635088469
39.817,-0.2173394859884485,0.27087980930843747,-1.1094337316260734
39.84,-0.03349326162026709,0.2752803838278886,-1.3328851266693151
39.86,0.05671851602848149,0.17797879167557987,-1.42823090792409
39.88,-0.0743208141062861,0.16037649359777525,-1.500840387495034
39.9,-0.049628701524921305,0.25523332212816674,-1.7536289460012835
39.917,0.055251657855331114,0.2694129511352871,-2.0396662897656084
39.94,-0.005134003606026342,0.2870152492130917,-2.209332885126669
39.96,-0.07089814503560186,0.2134278641933808,-1.8653546435229043
39.98,0.031292974360541514,0.05280689423341381,-1.3015921523087737
40.0,-0.05794089783944015,-0.08189958133422974,-0.79674846438285
40.02,-0.08850044311340648,0.025670018030131712,-0.7336735629373835
40.04,-0.11979341747394799,0.07896586498792897,-0.8165510497203802
40.058,-0.19362527885585062,-0.014913058093695565,-0.7273171775203985
40.08,0.02591449439232344,0.05011765424930477,-0.9275433181554258
40.1,0.21000519512269658,0.17920117348653852,-1.1805763530238669
40.12,0.23811997677474558,0.2500993185221404,-1.303059010481924
40.14,-0.0022002872597255752,0.2158726278152981,-1.1847324511811264
40.17,0.017602298077804602,0.25767808575008405,-1.2519634507838524
40.19,0.05867432692601534,0.2750359074656969,-1.2448736362802921
40.207,0.05867432692601534,0.2750359074656969,-1.2448736362802921
40.23,0.1677107844635272,0.28285915105583226,-1.2529413562326193
40.25,0.1806680316596889,0.2620786602695352,-1.2610090761849464
40.27,0.011245912660819608,0.15548696635394066,-1.1439048986951075
40.29,0.04791736698957919,0.2109831005714635,-1.1417046114353817
40.307,0.04791736698957919,0.2109831005714635,-1.1417046114353817
40.33,0.0919231121840907,0.1877578461632491,-1.0505149283378663
40.35,0.11148122115942914,0.18555755890352352,-0.9625034379488433
40.37,0.051340036060263425,0.07236500320875225,-0.8097057115790117
40.39,0.028114781652049017,0.03251535617150017,-0.697735537695199
40.41,0.06723099960272591,-0.047672890627387464,-0.5918772728661797
40.43,-0.03667145432875959,-0.19704794792653485,-0.39947437582128775
40.448,0.08703358494025609,-0.25278855850624943,-0.3755156923264982
40.47,0.17162240625859487,-0.29557192188980225,-0.302172783668979
40.49,0.1774898389511964,-0.35986920514622744,-0.2623231366317269
40.51,0.017602298077804602,-0.4554594627631941,-0.2158726278152981
40.53,-0.052562417871222074,-0.41829905571005105,-0.3060844054640467
40.56,-0.01686886899122941,-0.3933624667664945,-0.3804052195703328
40.58,0.020047061699721907,-0.35913577605965225,-0.4715949026678483
40.597,0.09803502123888397,-0.41560981572594197,-0.6129022400146685
40.62,0.04204993429697766,-0.6087461418574092,-0.5918772728661797
40.649,0.05794089783944015,-0.6461510252727439,-0.5989670873697399
40.67,0.004889527243834612,-0.5410261895302998,-0.8138618097362711
40.69,-0.07309843229532745,-0.4378571646853895,-0.9847507869082908
40.71,-0.018824679888763254,-0.42001039024539316,-1.1358371787427803
40.73,0.03471564343122574,-0.4080310484979983,-1.1756868257800324
40.75,-0.01271277083396999,-0.38749503407389296,-1.1707972985361979
40.77,-0.0838553922317636,-0.34568957613910706,-1.2265379091159123
40.789,-0.12639427925312471,-0.3014393545824038,-1.2761666106408336
40.81,-0.11734865385203068,-0.2166060569018733,-1.322128166732879
40.83,-0.10219111939614338,-0.15670934816489931,-1.318461021300003
40.85,-0.08458882131833878,-0.23371940225529445,-1.216758854628243
40.87,-0.08287748678299667,-0.28677077285089997,-1.137059560553739
40.887,-0.061119090547932645,-0.2769917183632308,-1.1067444916419644
40.91,-0.07309843229532745,-0.19631451883995965,-1.1480609968523667
40.93,-0.12639427925312471,-0.20829386058735447,-1.1717752039849647
40.96,-0.09925740304984261,-0.18433517709256486,-1.204046083794273
40.98,-0.03251535617150017,-0.22980778046022673,-1.194267029306604
41.0,-0.0070898145035601864,-0.32759832533691896,-1.0972099135164868
41.02,-0.03447116706903401,-0.406564190324848,-0.9920850777740428
41.037,-0.04204993429697766,-0.3158634599517159,-1.0346239647954039
41.06,-0.03936069431286862,-0.18555755890352352,-1.0786297099899154
41.08,0.020047061699721907,-0.10023530849860954,-1.1145677352320997
41.1,0.1381291446383278,-0.18580203526571523,-0.962747914311035
41.12,0.3936069431286862,-0.2750359074656969,-0.8053051370595605
41.14,0.5334474223023561,-0.22027320233474926,-0.6385722580448003
41.16,0.5520276258289276,-0.042783363383552854,-0.6547076979494545
41.18,0.6165693854475446,-0.1613543990465422,-0.5525165785533112
41.2,0.7258503193472481,-0.18335727164379795,-0.43076735018182927
41.22,0.5302692295938636,-0.3755156923264982,-0.12223818109586529
41.24,0.34740091067444917,-0.4412798337560737,0.1735782171561287
41.26,0.5178009351220854,-0.30119487822021207,0.3334657580295205
41.277,0.8769367111817375,-0.08409986859395532,0.3109739327078813
41.3,1.1937780765822203,-0.056229563304098035,0.2635455184426856
41.32,0.8224184824129817,-0.3757601686886899,0.5566726767105705
41.35,0.6456620725483605,-0.4116981939308743,1.0950096262567612
41.37,1.0749625645570393,-0.1271277083396999,0.8070164715949026
41.39,1.0722733245729303,-0.03740488341533478,0.5759863093237173
41.41,0.6356385416984995,-0.32564251443938513,0.8016379916266846
41.427,0.041072028848210734,-0.3513125324695168,1.078874186352107
41.45,0.09412339944381627,-0.14595238822846315,0.9847507869082908
41.47,0.5437154295144088,0.029092687100815938,0.70775906854506
41.49,0.7004247776793081,0.002444763621917306,0.6165693854475446
41.51,0.34300033615499803,-0.15402010818079026,0.9292546526907679
41.53,-0.3654921614766372,-0.24520979127830578,1.2470739235400177
41.55,-0.4134095284662164,-0.15964306451120008,1.276655563365217
41.57,0.06698652324053418,0.0975460685145005,0.9815725941997983
41.59,0.352045961556092,0.041805457934785926,0.9194755982030988
41.61,0.31464107814075726,-0.12614980289093297,1.0294899611893775
41.63,-0.035938025242184396,-0.07016471594902668,1.1465941386792164
41.658,-0.3923845613177276,-0.01686886899122941,1.223115240045228
41.68,-0.23469730770406136,0.018335727164379794,1.0835192372337499
41.7,0.022247348959447483,0.048650796076154385,0.9336552272102191
41.73,-0.02542554166793998,-0.043516792470128046,1.1040552516578552
41.75,-0.26501237661583593,-0.08189958133422974,1.2184701891635852
41.78,-0.1909360388717416,-0.0031781927084924976,1.0901200990129267
41.8,-0.06674204687834245,-0.0007334290865751917,1.021666717599242
41.817,0.01711334535342114,0.09901292668765088,0.9429453289735048
41.84,-0.13152828285915105,0.07040919231121841,1.017266143079791
41.86,-0.4405464046694985,-0.005378479968218073,1.1734865385203068
41.88,-0.2972832564251444,0.02933716346300767,1.111634018885799
41.9,-0.023714207132597868,0.05965223237478226,0.9933074595850013
41.92,-0.03936069431286862,-0.042783363383552854,1.0321792011734865
41.94,-0.1694221189988693,0.005867432692601534,1.0255783393943099
41.96,-0.3491122452097913,0.04302783974574458,1.053448644684167
41.98,-0.2718577147572044,-0.05427375240656419,1.0060202304189714
42.0,-0.0014668581731503835,-0.053295846957797266,0.823885340586132
42.02,0.014913058093695565,-0.018824679888763254,0.6926015340891727
42.04,-0.13861809736271125,-0.040827552486019006,0.6461510252727439
42.057,-0.23054120954680193,-0.030559545273966322,0.6143690981878189
42.08,-0.015157534455887297,0.10683617027778626,0.4126760993796412
42.1,0.015157534455887297,0.19435870794242582,0.293127158267885
42.13,-0.08776701402683128,0.1990037588240687,0.35766891788650185
42.15,-0.15964306451120008,0.16453259175503468,0.45521498640100233
42.17,-0.2246737768542004,0.1911805152339333,0.5784310729456346
42.19,-0.1591541117868166,0.3945848485774532,0.5630290621275555
42.207,-0.003911621795067689,0.4581487027473031,0.7314732756776579
42.23,0.19607004247776794,0.31244079088103166,1.106255538917581
42.25,0.33371023439171227,0.28579286740213306,1.3949821226660146
42.27,0.32759832533691896,0.3080402163615805,1.5795617761207712
42.29,0.29459401644103533,0.4368792592366226,1.659750022919659
42.31,0.2596338966476179,0.4671943281483971,1.7717201968034715
42.33,0.34202243070623106,0.4339455428903218,1.8343061455245546
42.35,0.45937108455826176,0.4212327720563518,1.7389603642697797
42.37,0.4072976194114232,0.4141429575527916,1.6257678085750085
42.39,0.3183082235736332,0.5539834367264616,1.488127616661064
42.41,0.22174006050789963,0.554472389450845,1.5223543073679062
42.43,0.10976988662408703,0.43003392109525407,1.6340800048895272
42.447,0.1968034715643431,0.443724597377991,1.5477798490358463
42.47,0.3764935977752651,0.5466491458607096,1.3297069339608227
42.49,0.368425877822938,0.46963909177031443,1.3206613085597285
42.52,0.17235583534517007,0.3757601686886899,1.402071937169575
42.54,0.25229960578186594,0.3894508449714268,1.2531858325948109
42.56,0.21122757693365524,0.3637808269412951,1.1201906915625095
42.58,0.2031598569813281,0.3958072303884118,0.9422118998869297
42.597,0.2031598569813281,0.3958072303884118,0.9422118998869297
42.62,0.011490389023011338,0.2493658894355652,0.7730342572502521
42.64,-0.09070073037313205,0.21538367509091463,0.7302508938666993
42.668,-0.08703358494025609,0.2173394859884485,0.7043363994743758
42.69,-0.0036671454328759587,0.18409070073037312,0.6573969379335636
42.71,0.08556672676710571,0.14277419551997067,0.6080127127708339
42.73,0.041072028848210734,0.13152828285915105,0.6275708217461724
42.75,-0.03716040705314305,0.08825596675121473,0.6911346759160224
42.77,-0.0019558108975338447,0.03642697796656786,0.7473642392201204
42.788,0.048406319713962656,0.07847691226354551,0.7693671118173762
42.81,0.07823243590135379,0.12052684656052318,0.7630107264003911
42.83,0.07725453045258686,0.04645050881642881,0.8114170461143538
42.85,0.07016471594902668,0.03789383613971824,0.8539559331357149
42.87,0.01271277083396999,0.05696299239067323,0.9038291110228279
42.9,0.002444763621917306,0.006111909054793264,1.0228890994102007
42.92,0.05060660697368823,0.04889527243834611,1.0030865140726706
42.95,0.035204596155609204,0.0919231121840907,0.9693487760902118
42.97,-0.0019558108975338447,0.07163157412217706,0.9783944014913057
42.987,-0.0073342908657519175,0.06356385416984996,0.985484215994866
43.01,0.01246829447177826,0.04498365064327843,0.978149925129114
43.03,0.023714207132597868,0.061119090547932645,0.9334107508480274
43.05,0.023714207132597868,0.14570791186627144,0.8857378602206399
43.07,0.027381352565473825,0.1166152247654555,0.8586009840173578
43.09,-0.027136876203282093,0.16673287901476025,0.8277969623811997
43.11,0.002444763621917306,0.08898939583778993,0.7698560645417596
43.13,0.013201723558353452,0.010756959936436146,0.7989487516425755
43.15,0.0655196650673838,0.06503071234300034,0.7429636647006692
43.17,0.040827552486019006,0.11539284295449684,0.7334290865751918
43.19,-0.005622956330409804,0.22198453687009137,0.7671668245576506
43.21,0.0774990068147786,0.19558108975338445,0.8246187696727073
43.227,0.1207713229227149,0.09290101763285762,0.8991840601411851
43.25,0.06405280689423341,0.01686886899122941,0.9986859395532194
43.27,0.03178192708492498,0.0383827888641017,1.0642056046206032
43.3,0.21636158053968157,0.2662347584267946,1.0170216667175993
43.32,0.26672371115117804,0.2471656021758396,1.0678727500534793
43.34,0.3031506891177459,0.10096873758518474,1.1465941386792164
43.36,0.3080402163615805,0.10170216667175992,1.1671301531033218
43.377,0.2633010420804938,0.22125110778351617,1.1126119243345658
43.4,0.15475353726736546,0.28432600922898266,1.168597011276472
43.42,0.1774898389511964,0.3036396418421294,1.2052684656052317
43.44,0.3332212816673288,0.25572227485255017,1.1676191058277052
43.46,0.4251443938514195,0.11539284295449684,1.2705436543104238
43.48,0.25401094031720806,0.15475353726736546,1.2480518289887845
43.5,0.24374293310515538,0.3080402163615805,1.2052684656052317
43.52,0.28652629648870825,0.3613360633193778,1.1478165204901751
43.54,0.18457965345475658,0.4271002047489533,1.1495278550255172
43.56,0.16355468630626777,0.3070623109128136,1.031934724811295
43.58,0.18457965345475658,0.3911621795067689,1.113345353421141
43.6,0.2923937291813098,0.1391070500870947,1.1844879748189348
43.617,0.16917764263667756,0.11563731931668857,1.1003881062249794
43.64,0.09583473397915838,0.15890963542462488,1.0739846591082725
43.66,0.03251535617150017,0.023958683494789596,1.1399932769000396
43.69,0.0767655777282034,0.002933716346300767,1.1038107752956636
43.71,0.15964306451120008,0.1518198209210647,1.0091984231274638
43.73,-0.11734865385203068,0.1320172355835345,0.6131467163768602
43.75,-0.13226171194572625,-0.1677107844635272,1.5331112673043426
43.767,0.12223818109586529,-0.06429728325642514,0.9326773217614521
43.79,0.35840234697307705,-0.058185374201631876,0.9999083213641781
43.81,0.2923937291813098,-0.0655196650673838,1.0400024447636218
43.83,0.3469119579500657,0.0070898145035601864,0.9576139107050087
43.85,0.23567521315282827,-0.09461235216819973,1.1157901170430584
43.87,-0.47110594994346483,-0.10659169391559453,0.7896586498792898
43.89,0.011245912660819608,0.11979341747394799,1.1693304403630473
43.91,0.01637991626684595,0.1207713229227149,1.0906090517373102
43.93,-0.09363444671943282,-0.3535128197292424,1.028023103016227
43.95,-0.08776701402683128,-0.21122757693365524,1.033646059346637
43.97,-0.04987317788711304,-0.03398221434465055,1.049048070164716
43.99,-0.053295846957797266,-0.07529871955505302,1.0446474956452647
44.007,-0.05671851602848149,-0.07921034135012071,1.047092259267182
44.03,-0.05891880328820707,-0.07701005409039513,1.047092259267182
44.05,-0.05891880328820707,-0.08018824679888763,1.0466033065427987
44.08,-0.05842985056382361,-0.07701005409039513,1.0468477829049903
44.1,-0.05696299239067323,-0.07872138862573724,1.0485591174403324
44.12,-0.05769642147724842,-0.07921034135012071,1.047092259267182
44.14,-0.057207468752864955,-0.07921034135012071,1.0466033065427987
44.157,-0.05891880328820707,-0.07896586498792897,1.0478256883537573
44.18,-0.05965223237478226,-0.07774348317697033,1.048070164715949
44.2,-0.05842985056382361,-0.07725453045258686,1.0463588301806068
44.22,-0.058185374201631876,-0.07725453045258686,1.0483146410781408
44.24,-0.05671851602848149,-0.07945481771231244,1.0475812119915655
44.26,-0.05647403966628976,-0.07896586498792897,1.0451364483696481
44.28,-0.05769642147724842,-0.07921034135012071,1.0456254010940318
44.3,-0.060141185099165724,-0.0799437704366959,1.0485591174403324
44.32,-0.059896708736973996,-0.0806771995232711,1.0478256883537573
44.34,-0.05940775601259053,-0.0799437704366959,1.0463588301806068
44.36,-0.05647403966628976,-0.07823243590135379,1.0463588301806068
44.38,-0.056229563304098035,-0.07969929407450417,1.0466033065427987
44.397,-0.056229563304098035,-0.07847691226354551,1.048070164715949
44.42,-0.06038566146135745,-0.07798795953916206,1.049048070164716
44.44,-0.061119090547932645,-0.07969929407450417,1.049048070164716
44.47,-0.057207468752864955,-0.07823243590135379,1.0463588301806068
44.49,-0.05427375240656419,-0.07823243590135379,1.047092259267182
44.51,-0.05378479968218073,-0.0799437704366959,1.0475812119915655
44.53,-0.05940775601259053,-0.07969929407450417,1.0475812119915655
44.547,-0.05940775601259053,-0.07969929407450417,1.0475812119915655
44.57,-0.06136356691012437,-0.07798795953916206,1.048070164715949
44.59,-0.05940775601259053,-0.07701005409039513,1.047336735629374
44.61,-0.057207468752864955,-0.07921034135012071,1.0463588301806068
44.63,-0.057451945115056684,-0.0799437704366959,1.048070164715949
44.65,-0.05769642147724842,-0.07945481771231244,1.0485591174403324
44.678,-0.059896708736973996,-0.07945481771231244,1.047336735629374
44.7,-0.059896708736973996,-0.0799437704366959,1.0458698774562234
44.72,-0.05965223237478226,-0.0799437704366959,1.0475812119915655
44.738,-0.05769642147724842,-0.07872138862573724,1.0456254010940318
44.76,-0.05647403966628976,-0.07823243590135379,1.0461143538184152
44.78,-0.056229563304098035,-0.07969929407450417,1.0466033065427987
44.8,-0.05891880328820707,-0.08092167588546283,1.0483146410781408
44.82,-0.06185251963450784,-0.08092167588546283,1.0461143538184152
44.85,-0.055985086941906306,-0.07847691226354551,1.043425113834306
44.87,-0.057451945115056684,-0.07896586498792897,1.0456254010940318
44.9,-0.05842985056382361,-0.0806771995232711,1.0478256883537573
44.92,-0.06038566146135745,-0.08263301042080494,1.0446474956452647
44.937,-0.06038566146135745,-0.08043272316107936,1.049781499251291
44.96,-0.05940775601259053,-0.07847691226354551,1.0441585429208813
44.98,-0.05842985056382361,-0.07823243590135379,1.047336735629374
45.0,-0.05574061057971457,-0.08043272316107936,1.0431806374721144
45.02,-0.05891880328820707,-0.08116615224765455,1.047092259267182
45.04,-0.061119090547932645,-0.08018824679888763,1.047092259267182
45.06,-0.05867432692601534,-0.0799437704366959,1.0468477829049903
45.08,-0.05965223237478226,-0.07969929407450417,1.0461143538184152
45.1,-0.057207468752864955,-0.08141062860984628,1.0475812119915655
45.12,-0.058185374201631876,-0.08116615224765455,1.0456254010940318
45.14,-0.05769642147724842,-0.08141062860984628,1.0463588301806068
45.16,-0.05965223237478226,-0.07896586498792897,1.047092259267182
45.177,-0.062096995996699565,-0.08018824679888763,1.048070164715949
45.2,-0.060141185099165724,-0.08018824679888763,1.047336735629374
45.22,-0.05671851602848149,-0.0799437704366959,1.047092259267182
45.25,-0.05794089783944015,-0.07798795953916206,1.044403019283073
45.27,-0.057451945115056684,-0.07872138862573724,1.0451364483696481
45.29,-0.05891880328820707,-0.08189958133422974,1.0466033065427987
45.31,-0.060874614185740916,-0.08238853405861321,1.0483146410781408
45.327,-0.059896708736973996,-0.08214405769642147,1.0478256883537573
45.35,-0.05696299239067323,-0.07847691226354551,1.0468477829049903
45.37,-0.05671851602848149,-0.07896586498792897,1.0466033065427987
45.39,-0.05842985056382361,-0.08018824679888763,1.0456254010940318
45.41,-0.060141185099165724,-0.08165510497203801,1.0458698774562234
45.43,-0.0591632796503988,-0.08165510497203801,1.04538092473184
45.45,-0.0591632796503988,-0.07896586498792897,1.047092259267182
45.47,-0.05867432692601534,-0.0774990068147786,1.0448919720074565
45.49,-0.05867432692601534,-0.08018824679888763,1.0458698774562234
45.51,-0.058185374201631876,-0.08092167588546283,1.047336735629374
45.53,-0.05867432692601534,-0.08141062860984628,1.0463588301806068
45.55,-0.05769642147724842,-0.07945481771231244,1.0456254010940318
45.567,-0.058185374201631876,-0.07896586498792897,1.0456254010940318
45.59,-0.05867432692601534,-0.0799437704366959,1.0466033065427987
45.61,-0.0591632796503988,-0.07945481771231244,1.048070164715949
45.64,-0.05867432692601534,-0.0806771995232711,1.0468477829049903
45.66,-0.05794089783944015,-0.08043272316107936,1.0451364483696481
45.688,-0.05842985056382361,-0.0806771995232711,1.047092259267182
45.71,-0.05940775601259053,-0.07896586498792897,1.0463588301806068
45.73,-0.05940775601259053,-0.07847691226354551,1.0463588301806068
45.75,-0.05965223237478226,-0.07945481771231244,1.0461143538184152
