Time (seconds),X,Y,Z
5.551115123125783E-17,-0.2107386291027069,-0.8610457181930542,0.5112000703811646
0.020000000000000073,-0.22491824626922607,-0.8974727392196655,0.42245516180992126
0.03999999999999965,-0.1620878279209137,-0.8876936435699463,0.4970204532146454
0.059999999999999665,-0.10390245169401169,-0.8720471858978271,0.48968616127967834
0.07999999999999968,-0.1545090675354004,-0.8674021363258362,0.47501757740974426
0.0999999999999997,-0.1804235577583313,-0.8612902164459229,0.498731791973114
0.11999999999999997,-0.17064450681209564,-0.866668701171875,0.5109555721282959
0.13999999999999999,-0.13690675795078278,-0.8434434533119202,0.49970969557762146
0.16,-0.14473000168800354,-0.8542004227638245,0.48577451705932617
0.1799999999999998,-0.1493750512599945,-0.8742474913597107,0.4728172719478607
0.19999999999999982,-0.18971365690231323,-0.8960058689117432,0.4950646460056305
0.21999999999999983,-0.17040002346038818,-0.8656908273696899,0.5138893127441406
0.23999999999999985,-0.16868868470191956,-0.8727806210517883,0.49335330724716187
0.2599999999999999,-0.16062097251415253,-0.8867157697677612,0.495553582906723
0.2799999999999999,-0.14106285572052002,-0.8568896651268005,0.48284080624580383
0.2999999999999999,-0.15597592294216156,-0.8813372850418091,0.4464138448238373
0.3199999999999999,-0.17260031402111053,-0.8806038498878479,0.44348013401031494
0.3399999999999999,-0.17308926582336426,-0.8928276896476746,0.4977538585662842
0.35999999999999993,-0.1493750512599945,-0.8551782965660095,0.5092442631721497
0.37999999999999995,-0.16697736084461212,-0.8336644172668457,0.5178009271621704
0.39999999999999997,-0.16942211985588074,-0.8502888083457947,0.4816184341907501
0.4199999999999999,-0.16135439276695251,-0.859334409236908,0.48528558015823364
0.44999999999999996,-0.1469302922487259,-0.8925831913948059,0.5119335055351257
0.47,-0.10659169405698776,-0.9140971302986145,0.4950646460056305
0.49,-0.1760229766368866,-0.9033401608467102,0.488219290971756
0.51,-0.1620878279209137,-0.9028512239456177,0.5292913317680359
0.53,-0.16599945724010468,-0.896983802318573,0.5041102766990662
0.5500000000000002,-0.20242643356323242,-0.8823152184486389,0.4823518693447113
0.57,-0.16551049053668976,-0.8551782965660095,0.5400483012199402
0.59,-0.08654463291168213,-0.818751335144043,0.5566726922988892
0.61,-0.08312196284532547,-0.8219295144081116,0.5588729381561279
0.6299999999999999,-0.1298169493675232,-0.8600678443908691,0.5014210343360901
0.6499999999999999,-0.15866516530513763,-0.8610457181930542,0.506066083908081
0.6699999999999999,-0.14986400306224823,-0.8243743181228638,0.5371145606040955
0.6899999999999997,-0.14595238864421844,-0.8537114858627319,0.5229349136352539
0.7099999999999997,-0.16575497388839722,-0.9040735960006714,0.5126669406890869
0.7299999999999998,-0.19509214162826538,-0.9043180346488953,0.5341808795928955
0.7499999999999998,-0.14961953461170197,-0.8964948058128357,0.5371145606040955
0.7699999999999998,-0.14741924405097961,-0.9011398553848267,0.5217125415802002
0.7899999999999998,-0.15988753736019135,-0.871313750743866,0.49799835681915283
0.8099999999999998,-0.1760229766368866,-0.8539559245109558,0.4950646460056305
0.8299999999999998,-0.1310393363237381,-0.818751335144043,0.4811294674873352
0.8499999999999999,-0.15866516530513763,-0.8341533541679382,0.501665472984314
0.87,-0.16306573152542114,-0.8383094668388367,0.49286434054374695
0.894,-0.15402010083198547,-0.8803593516349792,0.4899306297302246
0.914,-0.16868868470191956,-0.8483330011367798,0.5065550208091736
0.934,-0.1772453635931015,-0.8515111804008484,0.503376841545105
0.9540000000000001,-0.14521895349025726,-0.8495553731918335,0.5253797173500061
0.9740000000000001,-0.14888609945774078,-0.8681355714797974,0.5151116847991943
0.9940000000000001,-0.14228524267673492,-0.8774256706237793,0.5138893127441406
1.0140000000000002,-0.18580204248428345,-0.9048070311546326,0.5539834499359131
1.0340000000000003,-0.1127036064863205,-0.8864712715148926,0.48577451705932617
1.0540000000000003,-0.14008495211601257,-0.8710692524909973,0.48650795221328735
1.0740000000000003,-0.0784769132733345,-0.8285303711891174,0.5190232992172241
1.0940000000000003,-0.031048497185111046,-0.8050606846809387,0.5703633427619934
1.1140000000000003,-0.030804021283984184,-0.7811020016670227,0.638083279132843
1.134,-0.05867432802915573,-0.7847691178321838,0.3493567109107971
1.154,-0.1190599873661995,-0.8255966901779175,0.2082938551902771
1.174,-0.3310209810733795,-0.7099593281745911,0.46694985032081604
1.194,-0.010268007405102253,-0.6383277773857117,0.5121780037879944
1.214,0.14986400306224823,-0.5950554609298706,0.5021544694900513
1.234,0.06943129003047943,-0.5730525851249695,0.6309934854507446
1.254,-0.08434434235095978,-0.6388167142868042,0.6092351078987122
1.274,-0.09167863428592682,-0.5977447032928467,0.42392200231552124
1.294,-0.10585826635360718,-0.5530055165290833,0.3063288927078247
1.314,0.04547260329127312,-0.47379517555236816,0.2916603088378906
1.3440000000000003,0.08336643874645233,-0.3400666117668152,0.32882070541381836
1.3640000000000003,-0.08654463291168213,-0.22174006700515747,0.40803104639053345
1.384,-0.3525349199771881,-0.0924120619893074,0.45032545924186707
1.404,-0.7084925174713135,0.08287748694419861,0.701647162437439
1.424,-0.9011398553848267,0.1298169493675232,0.7955260872840881
1.444,-0.902606725692749,0.1254163682460785,0.7598325610160828
1.464,-0.8444213271141052,0.12443846464157104,0.591877281665802
1.484,-0.7175381183624268,0.23983131349086761,0.5759863257408142
1.504,-0.6439507603645325,0.4312562942504883,0.40607523918151855
1.524,-1.146838665008545,0.5354032516479492,0.32686489820480347
1.544,-1.313815951347351,0.6605751514434814,0.4082755148410797
1.564,-1.135837197303772,0.6793997883796692,0.6446841955184937
1.584,-1.1001436710357666,0.7180270552635193,0.9060294032096863
1.604,-1.102588415145874,0.8241298198699951,0.9121413230895996
1.624,-1.2172478437423706,0.902606725692749,0.8089722990989685
1.6440000000000001,-1.4006050825119019,0.9414784908294678,0.7473642230033875
1.6640000000000001,-1.4942395687103271,0.9649481773376465,0.5796534419059753
1.6840000000000002,-1.6497265100479126,0.8446658253669739,0.6087461709976196
1.7040000000000002,-1.6797970533370972,0.8072609305381775,0.8319530487060547
1.7240000000000002,-1.5037740468978882,0.8744919300079346,1.0818078517913818
1.7440000000000002,-1.4470555782318115,0.8810927867889404,1.155395269393921
1.7640000000000002,-1.369067668914795,0.7270727157592773,0.9783943891525269
1.7840000000000003,-1.29474675655365,0.48895272612571716,0.8390429019927979
1.8040000000000003,-1.1778870820999146,0.4241665005683899,0.68502277135849
1.8240000000000003,-1.0588271617889404,0.5119335055351257,0.5728080868721008
1.8440000000000003,-0.9331662654876709,0.6747547388076782,0.4811294674873352
1.8640000000000003,-0.7784127593040466,0.8632460236549377,0.44861412048339844
1.884,-0.6703541874885559,0.9933074712753296,0.48015156388282776
1.904,-0.6177917718887329,0.9241206645965576,0.6862451434135437
1.924,-0.516334056854248,1.0370687246322632,1.0182440280914307
1.944,-0.21220548450946808,1.0069981813430786,0.9761941432952881
1.964,-0.32001957297325134,0.7656999826431274,0.501665472984314
1.984,-0.4337010681629181,0.7691226601600647,0.16110992431640625
2.004,-0.42049935460090637,0.6967576146125793,0.13446199893951416
2.024,-0.3843168318271637,0.5857653617858887,0.25229960680007935
2.044,-0.5065550208091736,0.6302600502967834,0.29532745480537415
2.064,-0.6913791298866272,0.5429819822311401,0.2811478078365326
2.084,-0.7190049886703491,0.48259633779525757,0.2708798050880432
2.104,-0.6867340803146362,0.5041102766990662,0.33126547932624817
2.124,-0.6031231880187988,0.5121780037879944,0.3508235812187195
2.144,-0.4195214509963989,0.5970112681388855,0.23567521572113037
2.164,-0.23029673099517822,0.6097240447998047,-0.028848210349678993
2.184,0.07236500084400177,0.5471380949020386,-0.15230877697467804
2.204,-0.25352197885513306,0.7160712480545044,0.2349417805671692
2.214,-0.7036029696464539,0.8353757262229919,0.7317177653312683
2.244,-0.9869510531425476,0.8275524973869324,1.0236225128173828
2.264,-1.0732512474060059,0.5879656672477722,1.0231335163116455
2.284,-0.8104391694068909,0.2640344798564911,0.9040735960006714
2.304,-0.7246279120445251,0.21831738948822021,0.7896586656570435
2.324,-0.6351495981216431,0.3860281705856323,0.5187788605690002
2.344,-0.5962778329849243,0.49848729372024536,0.3703816831111908
2.3639999999999994,-0.5009320378303528,0.558628499507904,0.4241665005683899
2.3839999999999995,-0.568896472454071,0.6129022240638733,0.6960241794586182
2.4039999999999995,-0.6605751514434814,0.7620328068733215,0.7833022475242615
2.424,-0.6146135926246643,0.6877120137214661,0.6578859090805054
2.4439999999999995,-0.5713412761688232,0.594810962677002,0.5779421329498291
2.464,-0.5424930453300476,0.5698744058609009,0.578186571598053
2.4839999999999995,-0.5006875991821289,0.5290468335151672,0.6033676862716675
2.504,-0.5930996537208557,0.5613177418708801,0.6771995425224304
2.5239999999999996,-0.7703450322151184,0.6280597448348999,0.7187604904174805
2.544,-1.017999529838562,0.7273171544075012,0.8847599625587463
2.5639999999999996,-0.9600586891174316,0.8400207757949829,0.8644683957099915
2.584,-0.7126485705375671,0.778168261051178,0.7280505895614624
2.6039999999999996,-0.6505516171455383,0.6715765595436096,0.6349050998687744
2.624,-0.6102129817008972,0.5955443978309631,0.579897940158844
2.6439999999999997,-0.630748987197876,0.5456712245941162,0.5405372381210327
2.664,-0.6591082811355591,0.5292913317680359,0.506066083908081
2.6839999999999997,-0.6764661073684692,0.5156006217002869,0.5031323432922363
2.704,-0.6537297964096069,0.5371145606040955,0.5500718355178833
2.7239999999999998,-0.6485958099365234,0.5745194554328918,0.5916327834129333
2.744,-0.6344161629676819,0.591877281665802,0.6346606612205505
2.764,-0.6258594989776611,0.60385662317276,0.6644867658615112
2.7839999999999994,-0.6170583367347717,0.6065458655357361,0.6894233226776123
2.804,-0.6234146952629089,0.6148580312728882,0.7099593281745911
2.8239999999999994,-0.6270818710327148,0.6126577854156494,0.725605845451355
2.844,-0.6199920773506165,0.6107019782066345,0.7285395860671997
2.8639999999999994,-0.620481014251709,0.6045900583267212,0.7258503437042236
2.884,-0.6190141439437866,0.6043455600738525,0.720960795879364
2.9039999999999995,-0.6119243502616882,0.6109464168548584,0.7177826166152954
2.924,-0.6082571744918823,0.6131467223167419,0.7119151949882507
2.9439999999999995,-0.60679030418396,0.6160804033279419,0.6940683722496033
2.964,-0.60385662317276,0.6089906096458435,0.6627753973007202
2.9839999999999995,-0.6133912205696106,0.5916327834129333,0.621458888053894
3.004,-0.6314824223518372,0.5772086977958679,0.599211573600769
3.0239999999999996,-0.6356385350227356,0.5816092491149902,0.6048344969749451
3.044,-0.6375943422317505,0.5972557663917542,0.5987226366996765
3.0639999999999996,-0.6385722756385803,0.5886991024017334,0.5769641995429993
3.084,-0.6407725214958191,0.5718302130699158,0.5835650563240051
3.1039999999999996,-0.642728328704834,0.5664517283439636,0.6199920773506165
3.1139999999999994,-0.6395501494407654,0.590165913105011,0.6512850522994995
3.1439999999999997,-0.6219478845596313,0.5972557663917542,0.6752437353134155
3.164,-0.5921217203140259,0.6045900583267212,0.6715765595436096
3.1839999999999997,-0.6053234934806824,0.5879656672477722,0.6686428785324097
3.204,-0.6143690943717957,0.567918598651886,0.6808666586875916
3.2239999999999998,-0.6378388404846191,0.5696299076080322,0.7021360993385315
3.244,-0.6109464168548584,0.5847874879837036,0.6918681263923645
3.264,-0.6532408595085144,0.6089906096458435,0.725605845451355
3.2839999999999994,-0.5935885906219482,0.597500205039978,0.7380741238594055
3.304,-0.6155914664268494,0.5994560122489929,0.7304953932762146
3.3239999999999994,-0.614124596118927,0.6004339456558228,0.7009137272834778
3.344,-0.5972557663917542,0.6036121249198914,0.674021303653717
3.3639999999999994,-0.6043455600738525,0.5957888960838318,0.6659536361694336
3.384,-0.6143690943717957,0.5857653617858887,0.656419038772583
3.4039999999999995,-0.6195030808448792,0.5806313753128052,0.6446841955184937
3.424,-0.6295266151428223,0.5715857148170471,0.6378388404846191
3.4439999999999995,-0.6366164684295654,0.563273549079895,0.6378388404846191
3.464,-0.6417504549026489,0.5706078410148621,0.6336827278137207
3.4839999999999995,-0.6503071188926697,0.5789200067520142,0.6292821764945984
3.504,-0.6539742946624756,0.5840540528297424,0.626103937625885
3.5239999999999996,-0.6503071188926697,0.5886991024017334,0.6344161629676819
3.544,-0.6556856036186218,0.584542989730835,0.6366164684295654
3.554,-0.6573969125747681,0.579897940158844,0.6339272260665894
3.584,-0.6539742946624756,0.579897940158844,0.6292821764945984
3.6040000000000005,-0.6488402485847473,0.5803868770599365,0.627815306186676
3.624,-0.6525074243545532,0.5850319266319275,0.6290376782417297
3.6440000000000006,-0.6505516171455383,0.5879656672477722,0.6319714188575745
3.664,-0.6483513116836548,0.5894325375556946,0.6375943422317505
3.6840000000000006,-0.6441951990127563,0.5906549096107483,0.6410170197486877
3.704,-0.6495736837387085,0.590165913105011,0.6378388404846191
3.7240000000000006,-0.6576414108276367,0.5842984914779663,0.6314824223518372
3.744,-0.6627753973007202,0.5811203122138977,0.6217033863067627
3.764,-0.6639978289604187,0.5767197608947754,0.6243926286697388
3.7840000000000003,-0.6571524739265442,0.5767197608947754,0.6314824223518372
3.804,-0.6515294909477234,0.5784310698509216,0.6405280828475952
3.8240000000000003,-0.649084746837616,0.580875813961029,0.6339272260665894
3.844,-0.656419038772583,0.5794090032577515,0.6180362701416016
3.8640000000000003,-0.662041962146759,0.5762307643890381,0.6107019782066345
3.884,-0.6551966667175293,0.5747639536857605,0.6202365159988403
3.9040000000000004,-0.6446841955184937,0.573541522026062,0.6358830332756042
3.924,-0.6270818710327148,0.5698744058609009,0.6520184874534607
3.9440000000000004,-0.6109464168548584,0.5693854689598083,0.6701096892356873
3.964,-0.6089906096458435,0.567918598651886,0.6830669641494751
3.9840000000000004,-0.6107019782066345,0.5674296617507935,0.6926015615463257
4.004,-0.6131467223167419,0.5669406652450562,0.6913791298866272
4.034,-0.6199920773506165,0.5642514228820801,0.6879565119743347
4.054,-0.6270818710327148,0.5664517283439636,0.6945573687553406
4.074,-0.6331937909126282,0.5635179877281189,0.7055587768554688
4.094,-0.6317269206047058,0.5640069842338562,0.7075145840644836
4.114,-0.6253705620765686,0.5622956156730652,0.6984689831733704
4.134,-0.6346606612205505,0.5591174364089966,0.6828224658966064
4.154,-0.6451731324195862,0.5547168850898743,0.6691318154335022
4.174,-0.6569079756736755,0.5493384003639221,0.6681538820266724
4.194,-0.6573969125747681,0.5483604669570923,0.6686428785324097
4.214,-0.6476178765296936,0.5527610778808594,0.6698652505874634
4.234,-0.6478623747825623,0.558628499507904,0.6642422676086426
4.254,-0.6532408595085144,0.5517831444740295,0.661064088344574
4.274,-0.6581303477287292,0.5471380949020386,0.6671760082244873
4.294,-0.6576414108276367,0.5515386462211609,0.6759771704673767
4.314,-0.6388167142868042,0.5571616291999817,0.6796442866325378
4.334,-0.6292821764945984,0.554227888584137,0.6847782731056213
4.354,-0.630748987197876,0.5473825931549072,0.6811111569404602
4.374,-0.6363719701766968,0.5476270318031311,0.6816000938415527
4.394,-0.639794647693634,0.5481160283088684,0.6864896416664124
4.413999999999999,-0.639794647693634,0.5498273372650146,0.6945573687553406
4.433999999999998,-0.6358830332756042,0.5500718355178833,0.6999358534812927
4.453999999999998,-0.6356385350227356,0.5522720813751221,0.6938239336013794
4.483999999999999,-0.6375943422317505,0.5503162741661072,0.692357063293457
4.503999999999999,-0.6417504549026489,0.5505607724189758,0.689667820930481
4.523999999999998,-0.6395501494407654,0.549582839012146,0.6855117082595825
4.543999999999998,-0.6356385350227356,0.5486049652099609,0.6811111569404602
4.563999999999999,-0.6356385350227356,0.5451822876930237,0.6771995425224304
4.583999999999999,-0.6373499035835266,0.5471380949020386,0.677688479423523
4.603999999999998,-0.6375943422317505,0.5498273372650146,0.6791553497314453
4.623999999999998,-0.6375943422317505,0.5534945130348206,0.6725544929504395
4.643999999999999,-0.6476178765296936,0.5554503202438354,0.6635088324546814
4.663999999999999,-0.6534852981567383,0.5517831444740295,0.6595972180366516
4.683999999999998,-0.6561745405197144,0.5500718355178833,0.6617975234985352
4.703999999999998,-0.6544632315635681,0.5515386462211609,0.6664425730705261
4.723999999999999,-0.6446841955184937,0.5554503202438354,0.6710876226425171
4.743999999999999,-0.6346606612205505,0.5620511770248413,0.673043429851532
4.7639999999999985,-0.633438229560852,0.5647404193878174,0.6754881739616394
4.783999999999998,-0.6366164684295654,0.5564281940460205,0.6742658019065857
4.803999999999999,-0.6400391459465027,0.5510497093200684,0.668398380279541
4.823999999999999,-0.6542187333106995,0.5508052706718445,0.656419038772583
4.8439999999999985,-0.6454175710678101,0.5510497093200684,0.6566635370254517
4.863999999999998,-0.6344161629676819,0.5554503202438354,0.6525074243545532
4.8839999999999995,-0.6319714188575745,0.5610732436180115,0.6569079756736755
4.903999999999999,-0.6395501494407654,0.5627846121788025,0.6644867658615112
4.933999999999998,-0.6432173252105713,0.5537389516830444,0.6749992370605469
4.953999999999998,-0.6312379837036133,0.5488494038581848,0.6671760082244873
4.973999999999999,-0.6246371269226074,0.5483604669570923,0.6642422676086426
4.993999999999999,-0.6258594989776611,0.5459157228469849,0.6732879281044006
5.013999999999999,-0.6270818710327148,0.5483604669570923,0.6811111569404602
5.033999999999999,-0.6322158575057983,0.5574061274528503,0.6899123191833496
5.053999999999999,-0.6305045485496521,0.5622956156730652,0.6955352425575256
5.073999999999999,-0.6344161629676819,0.5591174364089966,0.6962686777114868
5.094,-0.6415059566497803,0.5505607724189758,0.6869785785675049
5.114,-0.6388167142868042,0.5451822876930237,0.6735323667526245
5.1339999999999995,-0.6287931799888611,0.5488494038581848,0.6679094433784485
5.153999999999999,-0.6180362701416016,0.5574061274528503,0.6769550442695618
5.174,-0.6273263692855835,0.5671851634979248,0.6862451434135437
5.194,-0.6368609070777893,0.5684075355529785,0.6901567578315735
5.2139999999999995,-0.6341716647148132,0.5637624859809875,0.6862451434135437
5.233999999999999,-0.6302600502967834,0.5588729381561279,0.6855117082595825
5.253999999999999,-0.6224368214607239,0.5578950643539429,0.6749992370605469
5.274,-0.6151025295257568,0.558628499507904,0.6554411053657532
5.294,-0.6383277773857117,0.5473825931549072,0.6608195900917053
5.313999999999999,-0.6483513116836548,0.5368700623512268,0.6943128705024719
5.333999999999999,-0.6339272260665894,0.5427375435829163,0.7065367102622986
5.344,-0.6258594989776611,0.5420041084289551,0.7121596336364746
5.374,-0.6229257583618164,0.5429819822311401,0.7185160517692566
5.393999999999999,-0.6270818710327148,0.5503162741661072,0.7253613471984863
5.413999999999999,-0.6265929341316223,0.5554503202438354,0.7216942310333252
5.433999999999999,-0.614124596118927,0.5517831444740295,0.7133820056915283
5.453999999999999,-0.6077682375907898,0.5415151715278625,0.7092259526252747
5.473999999999999,-0.6080127358436584,0.5358921885490417,0.6935794353485107
5.493999999999999,-0.6129022240638733,0.5336918830871582,0.6793997883796692
5.513999999999999,-0.615835964679718,0.531980574131012,0.6764661073684692
5.533999999999999,-0.6212144494056702,0.5361366868019104,0.677688479423523
5.553999999999999,-0.6341716647148132,0.537603497505188,0.6867340803146362
5.573999999999999,-0.6383277773857117,0.5444488525390625,0.6894233226776123
5.593999999999999,-0.6400391459465027,0.551294207572937,0.6820890307426453
5.613999999999999,-0.6437062621116638,0.5520276427268982,0.6639978289604187
5.6339999999999995,-0.6439507603645325,0.5500718355178833,0.6595972180366516
5.653999999999999,-0.6314824223518372,0.5498273372650146,0.671332061290741
5.6739999999999995,-0.6290376782417297,0.5549613237380981,0.683311402797699
5.693999999999999,-0.6273263692855835,0.5603398084640503,0.6874675154685974
5.7139999999999995,-0.6190141439437866,0.5598508715629578,0.6855117082595825
5.733999999999999,-0.6131467223167419,0.5500718355178833,0.6852672696113586
5.753999999999999,-0.620481014251709,0.5461602210998535,0.68502277135849
5.773999999999999,-0.6197475790977478,0.551294207572937,0.6847782731056213
5.793999999999999,-0.6217033863067627,0.555939257144928,0.6879565119743347
5.813999999999999,-0.6243926286697388,0.5591174364089966,0.6882009506225586
5.833999999999999,-0.6292821764945984,0.5596063733100891,0.680377721786499
5.853999999999999,-0.6358830332756042,0.5561836957931519,0.6725544929504395
5.873999999999999,-0.637105405330658,0.5554503202438354,0.6632643938064575
5.893999999999999,-0.6349050998687744,0.5556947588920593,0.6571524739265442
5.913999999999999,-0.6358830332756042,0.5578950643539429,0.6561745405197144
5.933999999999999,-0.6383277773857117,0.5576505661010742,0.6581303477287292
5.953999999999999,-0.6393057107925415,0.560584306716919,0.6647312045097351
5.973999999999999,-0.6349050998687744,0.558628499507904,0.6708431243896484
5.993999999999999,-0.633438229560852,0.5583840012550354,0.6752437353134155
6.013999999999999,-0.6356385350227356,0.556917130947113,0.6793997883796692
6.033999999999999,-0.6366164684295654,0.5554503202438354,0.6759771704673767
6.053999999999999,-0.6358830332756042,0.5561836957931519,0.6798887848854065
6.073999999999999,-0.6368609070777893,0.5591174364089966,0.680377721786499
6.093999999999999,-0.6358830332756042,0.560584306716919,0.6811111569404602
6.113999999999999,-0.6375943422317505,0.5578950643539429,0.680377721786499
6.1339999999999995,-0.6361274719238281,0.5561836957931519,0.6838003993034363
6.153999999999999,-0.6356385350227356,0.5539834499359131,0.6823335289955139
6.1739999999999995,-0.6314824223518372,0.5530055165290833,0.6793997883796692
6.193999999999999,-0.6341716647148132,0.5539834499359131,0.6808666586875916
6.2139999999999995,-0.6305045485496521,0.5527610778808594,0.6820890307426453
6.233999999999999,-0.6327048540115356,0.5498273372650146,0.6816000938415527
6.253999999999999,-0.6319714188575745,0.5515386462211609,0.6808666586875916
6.273999999999999,-0.6353940367698669,0.554227888584137,0.6816000938415527
6.283999999999999,-0.6393057107925415,0.555939257144928,0.6762216091156006
6.313999999999999,-0.6466400027275085,0.5561836957931519,0.674021303653717
6.333999999999999,-0.6505516171455383,0.558628499507904,0.673043429851532
6.353999999999999,-0.6456620693206787,0.5600953698158264,0.6732879281044006
6.373999999999999,-0.6314824223518372,0.5583840012550354,0.6698652505874634
6.393999999999999,-0.6295266151428223,0.5566726922988892,0.6715765595436096
6.413999999999999,-0.6331937909126282,0.5556947588920593,0.6723099946975708
6.433999999999999,-0.6346606612205505,0.556917130947113,0.678666353225708
6.453999999999999,-0.630748987197876,0.5603398084640503,0.6835559010505676
6.473999999999999,-0.6265929341316223,0.5620511770248413,0.6752437353134155
6.493999999999999,-0.6327048540115356,0.5564281940460205,0.6737768650054932
6.513999999999999,-0.6346606612205505,0.5547168850898743,0.6727989315986633
6.533999999999999,-0.6346606612205505,0.5574061274528503,0.6705986857414246
6.553999999999999,-0.6263484358787537,0.5637624859809875,0.6754881739616394
6.573999999999999,-0.6190141439437866,0.5676741003990173,0.6762216091156006
6.593999999999999,-0.6302600502967834,0.558628499507904,0.6757326722145081
6.613999999999999,-0.6412615180015564,0.5561836957931519,0.6759771704673767
6.6339999999999995,-0.6329492926597595,0.5622956156730652,0.6762216091156006
6.653999999999999,-0.6305045485496521,0.5666962265968323,0.6789108514785767
6.6739999999999995,-0.6248815655708313,0.5684075355529785,0.6823335289955139
6.693999999999999,-0.6283042430877686,0.5693854689598083,0.6811111569404602
6.7139999999999995,-0.6341716647148132,0.5706078410148621,0.6764661073684692
6.733999999999999,-0.6368609070777893,0.5706078410148621,0.6642422676086426
6.753999999999999,-0.6395501494407654,0.5693854689598083,0.6617975234985352
6.773999999999999,-0.637105405330658,0.5698744058609009,0.6654646396636963
6.799999999999999,-0.6339272260665894,0.5776976346969604,0.659352719783783
6.819999999999999,-0.6422393918037415,0.5833206176757812,0.6549521684646606
6.839999999999999,-0.6595972180366516,0.5708522796630859,0.6498181819915771
6.859999999999999,-0.6483513116836548,0.5588729381561279,0.639794647693634
6.879999999999999,-0.6383277773857117,0.5454267859458923,0.6224368214607239
6.8999999999999995,-0.6351495981216431,0.546649158000946,0.632460355758667
6.919999999999999,-0.6466400027275085,0.5625401139259338,0.6622864603996277
6.9399999999999995,-0.6173028349876404,0.5830761194229126,0.6818445920944214
6.959999999999999,-0.6053234934806824,0.5879656672477722,0.6718210577964783
6.9799999999999995,-0.6014118790626526,0.5833206176757812,0.6495736837387085
6.999999999999999,-0.6270818710327148,0.5737860202789307,0.6388167142868042
7.019999999999999,-0.6498181819915771,0.5710967779159546,0.6341716647148132
7.039999999999999,-0.6549521684646606,0.5806313753128052,0.6356385350227356
7.059999999999999,-0.6532408595085144,0.5913883447647095,0.6412615180015564
7.079999999999999,-0.6586193442344666,0.5950554609298706,0.637105405330658
7.099999999999999,-0.6617975234985352,0.5874766707420349,0.6217033863067627
7.119999999999999,-0.6661980748176575,0.578186571598053,0.6177917718887329
7.139999999999999,-0.6642422676086426,0.5728080868721008,0.6329492926597595
7.159999999999999,-0.6581303477287292,0.5759863257408142,0.6686428785324097
7.179999999999999,-0.6368609070777893,0.572563648223877,0.6935794353485107
7.199999999999999,-0.6155914664268494,0.590165913105011,0.6913791298866272
7.219999999999999,-0.6126577854156494,0.5884546041488647,0.6737768650054932
7.239999999999999,-0.6297711133956909,0.580875813961029,0.649084746837616
7.259999999999999,-0.6422393918037415,0.5691409707069397,0.6236591935157776
7.283999999999999,-0.6534852981567383,0.5696299076080322,0.6226813197135925
7.303999999999999,-0.6630198955535889,0.584542989730835,0.6290376782417297
7.323999999999999,-0.6691318154335022,0.5989670753479004,0.6344161629676819
7.343999999999999,-0.6691318154335022,0.6001894474029541,0.6319714188575745
7.363999999999999,-0.6657091379165649,0.5833206176757812,0.6349050998687744
7.3839999999999995,-0.6598417162895203,0.561562180519104,0.6449286341667175
7.403999999999999,-0.642728328704834,0.5564281940460205,0.6463955044746399
7.4239999999999995,-0.6331937909126282,0.5613177418708801,0.6451731324195862
7.443999999999999,-0.6290376782417297,0.5644959211349487,0.6424838900566101
7.4639999999999995,-0.6353940367698669,0.5730525851249695,0.6459065675735474
7.483999999999999,-0.6410170197486877,0.5840540528297424,0.661064088344574
7.503999999999999,-0.6422393918037415,0.596522331237793,0.6632643938064575
7.523999999999999,-0.6463955044746399,0.60385662317276,0.6556856036186218
7.543999999999999,-0.6542187333106995,0.5982336401939392,0.642728328704834
7.563999999999999,-0.6605751514434814,0.5891880393028259,0.6243926286697388
7.583999999999999,-0.6573969125747681,0.5803868770599365,0.6297711133956909
7.603999999999999,-0.6613085865974426,0.5750083923339844,0.6429728269577026
7.623999999999999,-0.6617975234985352,0.5754973292350769,0.6481068134307861
7.643999999999998,-0.6515294909477234,0.5786755681037903,0.630748987197876
7.663999999999998,-0.6507960557937622,0.5776976346969604,0.6241481304168701
7.683999999999999,-0.6503071188926697,0.573541522026062,0.6353940367698669
7.703999999999999,-0.6461510062217712,0.5838095545768738,0.6285487413406372
7.723999999999998,-0.6476178765296936,0.6001894474029541,0.6097240447998047
7.743999999999998,-0.6395501494407654,0.5618066787719727,0.6549521684646606
7.773999999999999,-0.6485958099365234,0.5525165796279907,0.7021360993385315
7.793999999999999,-0.6874675154685974,0.5292913317680359,0.7207162976264954
7.813999999999998,-0.7158268094062805,0.5574061274528503,0.6948018074035645
7.833999999999998,-0.6515294909477234,0.5625401139259338,0.6471289396286011
7.853999999999999,-0.615835964679718,0.5009320378303528,0.560584306716919
7.873999999999999,-0.7126485705375671,0.48015156388282776,0.5116890072822571
7.893999999999998,-0.7730342745780945,0.4855300486087799,0.5405372381210327
7.913999999999998,-0.7177826166152954,0.5006875991821289,0.5620511770248413
7.933999999999999,-0.7336735725402832,0.5182898640632629,0.5889435410499573
7.953999999999999,-0.7358738780021667,0.5312471389770508,0.6199920773506165
7.973999999999998,-0.7273171544075012,0.5288023948669434,0.6339272260665894
7.993999999999998,-0.7229166030883789,0.5231794118881226,0.6317269206047058
8.013999999999998,-0.7153378129005432,0.4977538585662842,0.6292821764945984
8.033999999999999,-0.7170491814613342,0.4818629026412964,0.6170583367347717
8.053999999999998,-0.7148488759994507,0.47575101256370544,0.6053234934806824
8.073999999999998,-0.7028695344924927,0.47330623865127563,0.6163249015808105
8.093999999999998,-0.6965131759643555,0.4862634837627411,0.6454175710678101
8.113999999999999,-0.7370962500572205,0.5361366868019104,0.7138710021972656
8.133999999999999,-0.7940592169761658,0.5745194554328918,0.7432081699371338
8.153999999999998,-0.8077499270439148,0.5647404193878174,0.6930904984474182
8.173999999999998,-0.7825688123703003,0.5239128470420837,0.6234146952629089
8.193999999999999,-0.7935702800750732,0.4755065143108368,0.5759863257408142
8.213999999999999,-0.7903921008110046,0.4495920240879059,0.5344253182411194
8.233999999999998,-0.7754790186882019,0.435656875371933,0.5094887614250183
8.263999999999998,-0.7830578088760376,0.4400574564933777,0.5324695110321045
8.283999999999999,-0.8079943656921387,0.46694985032081604,0.5564281940460205
8.303999999999998,-0.8126394152641296,0.49359777569770813,0.5891880393028259
8.323999999999998,-0.8163065910339355,0.5190232992172241,0.594810962677002
8.343999999999998,-0.8055496215820312,0.5119335055351257,0.5945665240287781
8.363999999999999,-0.8035938143730164,0.5021544694900513,0.5904104113578796
8.383999999999999,-0.7962595224380493,0.48699691891670227,0.5913883447647095
8.403999999999996,-0.7835467457771301,0.47941815853118896,0.5879656672477722
8.423999999999996,-0.7796351313591003,0.4696390926837921,0.5967668294906616
8.443999999999996,-0.7730342745780945,0.46377167105674744,0.6109464168548584
8.463999999999995,-0.7671668529510498,0.4679277539253235,0.6285487413406372
8.483999999999995,-0.7676557898521423,0.47135043144226074,0.6476178765296936
8.503999999999994,-0.7647220492362976,0.4860190153121948,0.6617975234985352
8.523999999999994,-0.7647220492362976,0.48577451705932617,0.6798887848854065
8.543999999999997,-0.7732787132263184,0.4918864369392395,0.6725544929504395
8.563999999999997,-0.7674112915992737,0.4911530017852783,0.6507960557937622
8.583999999999996,-0.7578766942024231,0.48284080624580383,0.6363719701766968
8.603999999999996,-0.7564098834991455,0.4708614647388458,0.6295266151428223
8.623999999999995,-0.7600769996643066,0.4654829800128937,0.6258594989776611
8.643999999999995,-0.7551875114440918,0.4708614647388458,0.6275708079338074
8.663999999999994,-0.7480976581573486,0.4698835611343384,0.649084746837616
8.683999999999994,-0.7373406887054443,0.48137396574020386,0.6632643938064575
8.703999999999997,-0.7300063967704773,0.5009320378303528,0.6674204468727112
8.723999999999997,-0.716315746307373,0.5126669406890869,0.656419038772583
8.753999999999994,-0.7175381183624268,0.5055770874023438,0.6383277773857117
8.773999999999994,-0.7045809030532837,0.49604254961013794,0.6043455600738525
8.793999999999997,-0.7004247903823853,0.49530911445617676,0.5635179877281189
8.813999999999997,-0.6930904984474182,0.5065550208091736,0.5402927398681641
8.833999999999996,-0.6674204468727112,0.5253797173500061,0.5410261750221252
8.853999999999996,-0.6459065675735474,0.5412706732749939,0.5576505661010742
8.873999999999995,-0.6273263692855835,0.5451822876930237,0.5779421329498291
8.893999999999995,-0.6280597448348999,0.5588729381561279,0.5794090032577515
8.913999999999994,-0.5686520338058472,0.5400483012199402,0.579897940158844
8.933999999999994,-0.5424930453300476,0.5530055165290833,0.5816092491149902
8.953999999999997,-0.5786755681037903,0.6082571744918823,0.6239036917686462
8.973999999999997,-0.7647220492362976,0.6899123191833496,0.6512850522994995
8.993999999999996,-0.7991932034492493,0.7082480192184448,0.6131467223167419
9.013999999999996,-0.7757235169410706,0.754209578037262,0.5625401139259338
9.033999999999995,-0.8793814778327942,0.7747455835342407,0.558628499507904
9.053999999999995,-0.6864896416664124,0.7835467457771301,0.5894325375556946
9.073999999999995,-0.4918864369392395,0.7691226601600647,0.66375333070755
9.093999999999994,-0.4576597511768341,0.7473642230033875,0.6331937909126282
9.113999999999997,-0.46059346199035645,0.6471289396286011,0.6449286341667175
9.133999999999997,-0.5336918830871582,0.6840448379516602,0.6251260638237
9.153999999999996,-0.630748987197876,0.7290285229682922,0.6955352425575256
9.173999999999996,-0.6451731324195862,0.8524890542030334,0.7246279120445251
9.193999999999996,-0.6182807087898254,0.9363444447517395,0.6967576146125793
9.213999999999995,-0.527335524559021,0.9177642464637756,0.6816000938415527
9.233999999999995,-0.5248907208442688,0.8793814778327942,0.6989579200744629
9.253999999999994,-0.5077773928642273,0.806771993637085,0.6605751514434814
9.273999999999994,-0.4728172719478607,0.7309843301773071,0.5955443978309631
9.293999999999997,-0.4317452609539032,0.651773989200592,0.5400483012199402
9.313999999999997,-0.40045228600502014,0.5989670753479004,0.5168230533599854
9.333999999999996,-0.39336246252059937,0.5762307643890381,0.5006875991821289
9.353999999999996,-0.3823610246181488,0.6092351078987122,0.513644814491272
9.373999999999995,-0.30486202239990234,0.6649757027626038,0.4601045250892639
9.393999999999995,-0.3337102234363556,0.683311402797699,0.4400574564933777
9.413999999999996,-0.45032545924186707,0.7275616526603699,0.47697338461875916
9.433999999999996,-0.4855300486087799,0.7740121483802795,0.5204901695251465
9.453999999999997,-0.44616934657096863,0.7837912440299988,0.5092442631721497
9.473999999999997,-0.5124224424362183,0.802126944065094,0.5131558775901794
9.493999999999996,-0.495553582906723,0.8101946711540222,0.47966262698173523
9.513999999999996,-0.38822847604751587,0.7764569520950317,0.4711059629917145
9.533999999999997,-0.45056992769241333,0.7769458889961243,0.4559484124183655
9.553999999999997,-0.4393240213394165,0.7820798754692078,0.4285670518875122
9.573999999999996,-0.513644814491272,0.7776793241500854,0.35913577675819397
9.593999999999996,-0.4664609134197235,0.7903921008110046,0.32759833335876465
9.613999999999997,-0.5204901695251465,0.8079943656921387,0.35669100284576416
9.633999999999997,-0.5121780037879944,0.8202182054519653,0.4014301896095276
9.653999999999996,-0.6424838900566101,0.8710692524909973,0.3640252947807312
9.673999999999996,-0.6556856036186218,0.9268099069595337,0.31610792875289917
9.693999999999997,-0.6104574799537659,0.9346331357955933,0.3163524270057678
9.703999999999997,-0.5850319266319275,0.9243651032447815,0.3652476966381073
9.733999999999996,-0.5112000703811646,0.9096965193748474,0.3867616057395935
9.753999999999996,-0.5204901695251465,0.8779146075248718,0.375271201133728
9.773999999999996,-0.5481160283088684,0.8480885028839111,0.31928613781929016
9.793999999999997,-0.5124224424362183,0.8290193676948547,0.33395472168922424
9.813999999999997,-0.5121780037879944,0.8280414342880249,0.3967851400375366
9.833999999999996,-0.5278244614601135,0.8378204703330994,0.4214772582054138
9.853999999999996,-0.5420041084289551,0.8405097126960754,0.435656875371933
9.873999999999997,-0.5862542986869812,0.854689359664917,0.40607523918151855
9.893999999999997,-0.6867340803146362,0.8395318388938904,0.3628029227256775
9.913999999999996,-0.5481160283088684,0.8043272495269775,0.3999633193016052
9.933999999999996,-0.5099776983261108,0.7803685665130615,0.42685574293136597
9.953999999999997,-0.5571616291999817,0.7637441754341125,0.5067995190620422
9.973999999999997,-0.5801423788070679,0.7593435645103455,0.6023897528648376
9.993999999999996,-0.6720654964447021,0.7793906331062317,0.5796534419059753
10.013999999999996,-0.6520184874534607,0.8280414342880249,0.4850411117076874
10.033999999999997,-0.5754973292350769,0.8346422910690308,0.39849647879600525
10.053999999999997,-0.5718302130699158,0.8175289630889893,0.4361458420753479
10.073999999999996,-0.5889435410499573,0.7798795700073242,0.5407817363739014
10.093999999999996,-0.6221923232078552,0.7534761428833008,0.5708522796630859
10.113999999999997,-0.6234146952629089,0.7395409941673279,0.5182898640632629
10.133999999999997,-0.591877281665802,0.7280505895614624,0.4456804096698761
10.153999999999996,-0.6107019782066345,0.7251169085502625,0.44103536009788513
10.173999999999996,-0.6031231880187988,0.702625036239624,0.4923754036426544
10.183999999999996,-0.6119243502616882,0.6652202010154724,0.5087553262710571
10.213999999999997,-0.6217033863067627,0.6771995425224304,0.4779512882232666
10.233999999999996,-0.5835650563240051,0.6943128705024719,0.4222106635570526
10.253999999999996,-0.6402835845947266,0.6921125650405884,0.4906640648841858
10.273999999999996,-0.6869785785675049,0.6627753973007202,0.6155914664268494
10.293999999999997,-0.7194939255714417,0.6466400027275085,0.6955352425575256
10.313999999999997,-0.7138710021972656,0.6322158575057983,0.6764661073684692
10.333999999999996,-0.7133820056915283,0.5874766707420349,0.5620511770248413
10.353999999999996,-0.7199828624725342,0.5574061274528503,0.45472604036331177
10.373999999999997,-0.7962595224380493,0.5684075355529785,0.4107202887535095
10.393999999999997,-0.797481894493103,0.5451822876930237,0.40680867433547974
10.413999999999996,-0.8343978524208069,0.5244017839431763,0.42245516180992126
10.433999999999996,-0.8062830567359924,0.5693854689598083,0.4033859968185425
10.453999999999997,-0.7830578088760376,0.6148580312728882,0.38700607419013977
10.473999999999997,-0.7539650797843933,0.6226813197135925,0.42074382305145264
10.493999999999996,-0.7480976581573486,0.594810962677002,0.46817222237586975
10.513999999999996,-0.7368517518043518,0.5534945130348206,0.5197567343711853
10.533999999999997,-0.7141154408454895,0.549582839012146,0.5114445686340332
10.553999999999997,-0.7128930687904358,0.5620511770248413,0.5187788605690002
10.573999999999996,-0.737585186958313,0.5713412761688232,0.5146227478981018
10.593999999999996,-0.7862359881401062,0.6207255125045776,0.5300247669219971
10.613999999999997,-0.8018824458122253,0.6591082811355591,0.5156006217002869
10.633999999999997,-0.768878161907196,0.6463955044746399,0.508021891117096
10.653999999999996,-0.7996821999549866,0.6361274719238281,0.5180454254150391
10.673999999999996,-0.7864804863929749,0.6058124303817749,0.5412706732749939
10.703999999999997,-0.7894141674041748,0.6102129817008972,0.579897940158844
10.723999999999997,-0.7698560357093811,0.6251260638237,0.5635179877281189
10.743999999999996,-0.754209578037262,0.6001894474029541,0.5424930453300476
10.763999999999996,-0.7639886140823364,0.5886991024017334,0.5156006217002869
10.783999999999997,-0.7723008394241333,0.563273549079895,0.5119335055351257
10.803999999999997,-0.7696115970611572,0.5552058219909668,0.5026434063911438
10.823999999999996,-0.7598325610160828,0.5864987969398499,0.49604254961013794
10.843999999999996,-0.7610549330711365,0.6285487413406372,0.5148672461509705
10.863999999999997,-0.756898820400238,0.6503071188926697,0.5515386462211609
10.883999999999997,-0.7539650797843933,0.6251260638237,0.5525165796279907
10.903999999999996,-0.7226721048355103,0.6263484358787537,0.5050881505012512
10.923999999999996,-0.7417412996292114,0.6236591935157776,0.5173119902610779
10.943999999999997,-0.7590991258621216,0.5874766707420349,0.5134003758430481
10.963999999999997,-0.7427191734313965,0.6133912205696106,0.46059346199035645
10.983999999999996,-0.7307398319244385,0.6243926286697388,0.4400574564933777
11.003999999999996,-0.7121596336364746,0.6358830332756042,0.45472604036331177
11.023999999999996,-0.7407633662223816,0.6515294909477234,0.49799835681915283
11.043999999999997,-0.7669223546981812,0.6581303477287292,0.5023989081382751
11.063999999999997,-0.7304953932762146,0.704336404800415,0.4860190153121948
11.083999999999996,-0.7192494869232178,0.7128930687904358,0.4931088089942932
11.103999999999996,-0.7243834733963013,0.7121596336364746,0.5266020894050598
11.123999999999997,-0.7202273607254028,0.6901567578315735,0.5263575911521912
11.143999999999997,-0.7238945364952087,0.6561745405197144,0.4803960621356964
11.163999999999996,-0.7326956391334534,0.6857562065124512,0.44030192494392395
11.193999999999997,-0.768878161907196,0.8263301253318787,0.4784402549266815
11.213999999999997,-0.7727897763252258,0.8705803155899048,0.4691501259803772
11.233999999999996,-0.7595880627632141,0.8529780507087708,0.44592487812042236
11.253999999999996,-0.7715674042701721,0.8280414342880249,0.4806405305862427
11.273999999999996,-0.7730342745780945,0.8395318388938904,0.48528558015823364
11.293999999999997,-0.7830578088760376,0.8510222434997559,0.46499404311180115
11.313999999999997,-0.7483421564102173,0.7603214979171753,0.45814868807792664
11.333999999999996,-0.6784219145774841,0.6361274719238281,0.3987409472465515
11.353999999999996,-0.6133912205696106,0.5473825931549072,0.31121841073036194
11.373999999999997,-0.5412706732749939,0.5170674920082092,0.25621122121810913
11.393999999999997,-0.4425022304058075,0.5532500147819519,0.14228524267673492
11.413999999999996,-0.4469027817249298,0.6676649451255798,0.11221464723348618
11.433999999999996,-0.5554503202438354,0.7270727157592773,0.20609357953071594
11.453999999999997,-0.6290376782417297,0.8390429019927979,0.24643217027187347
11.473999999999997,-0.5674296617507935,1.027289628982544,0.2640344798564911
11.493999999999996,-0.5869877338409424,1.0595605373382568,0.2911713421344757
11.513999999999996,-0.6434617638587952,0.9260764718055725,0.23836445808410645
11.533999999999997,-0.6439507603645325,0.8136173486709595,0.28016990423202515
11.553999999999997,-0.5686520338058472,0.8165510296821594,0.3385997712612152
11.573999999999996,-0.501665472984314,0.778168261051178,0.34520062804222107
11.593999999999996,-0.4608379304409027,0.7549430131912231,0.36818140745162964
11.613999999999997,-0.4544815719127655,0.6962686777114868,0.3892063796520233
11.633999999999997,-0.4850411117076874,0.6779329776763916,0.423677533864975
11.653999999999996,-0.5053326487541199,0.7390520572662354,0.38847294449806213
11.673999999999996,-0.48895272612571716,0.8009045720100403,0.31439658999443054
11.693999999999997,-0.5182898640632629,0.8407542109489441,0.2828591465950012
11.713999999999997,-0.5979892015457153,0.914586067199707,0.24447636306285858
11.733999999999996,-0.6771995425224304,0.9654371738433838,0.2532775104045868
11.753999999999996,-0.6449286341667175,1.0140879154205322,0.20218195021152496
11.773999999999996,-0.6092351078987122,1.020688772201538,0.18017907440662384
11.793999999999997,-0.5657182931900024,0.9559025764465332,0.2828591465950012
11.813999999999997,-0.5292913317680359,0.8730250597000122,0.36353635787963867
11.833999999999996,-0.5138893127441406,0.8089722990989685,0.3461785316467285
11.853999999999996,-0.5014210343360901,0.7617883682250977,0.28652629256248474
11.873999999999997,-0.4664609134197235,0.7517648339271545,0.24349845945835114
11.893999999999997,-0.46817222237586975,0.7622773051261902,0.23591968417167664
11.913999999999996,-0.4850411117076874,0.8221740126609802,0.258167028427124
11.933999999999996,-0.5322250127792358,0.8854933977127075,0.2708798050880432
11.953999999999997,-0.5696299076080322,0.9187421798706055,0.30046144127845764
11.973999999999997,-0.602145254611969,0.9175198078155518,0.3728264570236206
11.993999999999996,-0.5666962265968323,0.914586067199707,0.3855392336845398
12.013999999999996,-0.6495736837387085,0.9114078879356384,0.39360693097114563
12.033999999999997,-0.6129022240638733,0.8674021363258362,0.4337010681629181
12.053999999999997,-0.532958447933197,0.8365980982780457,0.40363046526908875
12.073999999999996,-0.5248907208442688,0.797481894493103,0.3975185751914978
12.093999999999996,-0.46181583404541016,0.7683892250061035,0.3747822642326355
12.113999999999997,-0.5001986622810364,0.7451639771461487,0.4138984680175781
12.133999999999997,-0.5151116847991943,0.7502979636192322,0.42685574293136597
12.163999999999996,-0.5026434063911438,0.7634996771812439,0.3696482479572296
12.183999999999996,-0.5776976346969604,0.7679002285003662,0.29092687368392944
12.203999999999997,-0.5341808795928955,0.780857503414154,0.24032026529312134
12.223999999999997,-0.5894325375556946,0.8275524973869324,0.21220548450946808
12.243999999999996,-0.6072793006896973,0.895272433757782,0.22076214849948883
12.263999999999996,-0.6043455600738525,0.9483237862586975,0.36622560024261475
12.283999999999997,-0.7837912440299988,0.9595696926116943,0.596522331237793
12.303999999999997,-0.7896586656570435,0.9184976816177368,0.6280597448348999
12.323999999999996,-0.7605659365653992,0.9111633896827698,0.32246431708335876
12.343999999999996,-0.5610732436180115,0.9021177887916565,0.06551966816186905
12.363999999999997,-0.47575101256370544,0.8189958333969116,0.13323961198329926
12.383999999999997,-0.4513033628463745,0.6793997883796692,0.3246646225452423
12.403999999999996,-0.5146227478981018,0.6043455600738525,0.34226691722869873
12.423999999999996,-0.647373378276825,0.654707670211792,0.23078568279743195
12.443999999999997,-0.6368609070777893,0.7627662420272827,0.22002872824668884
12.463999999999997,-0.6119243502616882,0.7767013907432556,0.4469027817249298
12.483999999999996,-0.6058124303817749,0.7881917953491211,0.5471380949020386
12.503999999999996,-0.6378388404846191,0.8177734017372131,0.4811294674873352
12.523999999999996,-0.6842893362045288,0.8370870351791382,0.4469027817249298
12.543999999999997,-0.6649757027626038,0.8072609305381775,0.4527702331542969
12.563999999999997,-0.6605751514434814,0.7877028584480286,0.3747822642326355
12.583999999999996,-0.695290744304657,0.7935702800750732,0.34031111001968384
12.603999999999996,-0.8189958333969116,0.8292638063430786,0.49726492166519165
12.623999999999997,-0.7852580547332764,0.8280414342880249,0.7009137272834778
12.650999999999996,-0.637105405330658,0.7774348258972168,0.6603306531906128
12.670999999999996,-0.4962870180606842,0.6681538820266724,0.4557039439678192
12.690999999999997,-0.46694985032081604,0.5508052706718445,0.35791340470314026
12.710999999999997,-0.5796534419059753,0.48137396574020386,0.33395472168922424
12.730999999999996,-0.790147602558136,0.47135043144226074,0.3190416395664215
12.750999999999996,-0.830730676651001,0.510711133480072,0.35155701637268066
12.770999999999997,-0.814106285572052,0.6011673808097839,0.4708614647388458
12.790999999999997,-0.7419857382774353,0.7004247903823853,0.5547168850898743
12.810999999999996,-0.692357063293457,0.7458973526954651,0.5825871825218201
12.830999999999996,-0.6945573687553406,0.7353848814964294,0.5999450087547302
12.850999999999997,-0.7260947823524475,0.7141154408454895,0.5894325375556946
12.870999999999997,-0.6806222200393677,0.6864896416664124,0.5591174364089966
12.890999999999996,-0.6529963612556458,0.6613085865974426,0.516334056854248
12.910999999999996,-0.6549521684646606,0.6383277773857117,0.4879748225212097
12.930999999999996,-0.6349050998687744,0.6019008159637451,0.47966262698173523
12.950999999999997,-0.6353940367698669,0.5933441519737244,0.5278244614601135
12.970999999999997,-0.6048344969749451,0.6143690943717957,0.6177917718887329
12.990999999999996,-0.563273549079895,0.6608195900917053,0.6009228825569153
13.010999999999996,-0.5659627914428711,0.6869785785675049,0.5957888960838318
13.030999999999997,-0.6036121249198914,0.680377721786499,0.5979892015457153
13.050999999999997,-0.6671760082244873,0.6725544929504395,0.5952999591827393
13.070999999999996,-0.7263392806053162,0.6977355480194092,0.6168138384819031
13.090999999999996,-0.7141154408454895,0.7185160517692566,0.6023897528648376
13.110999999999997,-0.6974910497665405,0.7400299310684204,0.6165693998336792
13.133999999999997,-0.7285395860671997,0.7246279120445251,0.6375943422317505
13.153999999999996,-0.6818445920944214,0.7251169085502625,0.609479546546936
13.173999999999996,-0.6295266151428223,0.720960795879364,0.5904104113578796
13.193999999999997,-0.6217033863067627,0.7153378129005432,0.5997005105018616
13.213999999999997,-0.6146135926246643,0.6974910497665405,0.5938330888748169
13.233999999999996,-0.5940775871276855,0.6818445920944214,0.572563648223877
13.253999999999996,-0.6072793006896973,0.6627753973007202,0.5442043542861938
13.273999999999996,-0.6165693998336792,0.6439507603645325,0.5417596101760864
13.293999999999997,-0.6041010618209839,0.6258594989776611,0.5644959211349487
13.313999999999997,-0.5703633427619934,0.639794647693634,0.5754973292350769
13.333999999999996,-0.572563648223877,0.659352719783783,0.597500205039978
13.353999999999996,-0.5904104113578796,0.6867340803146362,0.6109464168548584
13.373999999999997,-0.5669406652450562,0.7111817598342896,0.5979892015457153
13.393999999999997,-0.537603497505188,0.7221831679344177,0.6124132871627808
13.413999999999996,-0.560584306716919,0.7138710021972656,0.6268373727798462
13.433999999999996,-0.539314866065979,0.7011582255363464,0.6148580312728882
13.453999999999997,-0.5530055165290833,0.7072701454162598,0.6014118790626526
13.473999999999997,-0.5525165796279907,0.7072701454162598,0.597500205039978
13.493999999999996,-0.5522720813751221,0.6930904984474182,0.5989670753479004
13.513999999999996,-0.5520276427268982,0.6681538820266724,0.5534945130348206
13.533999999999997,-0.5556947588920593,0.7182715535163879,0.4576597511768341
13.553999999999997,-0.6163249015808105,0.8488219380378723,0.5402927398681641
13.573999999999996,-0.6522629261016846,0.9451456069946289,0.6410170197486877
13.593999999999996,-0.6918681263923645,1.0595605373382568,0.6987134218215942
13.603999999999996,-0.7884362936019897,1.0473366975784302,0.7116706967353821
13.633999999999997,-0.761543869972229,1.0302233695983887,0.6505516171455383
13.653999999999996,-0.6559301018714905,0.919231116771698,0.5224459767341614
13.673999999999996,-0.5109555721282959,0.7705894708633423,0.4253888726234436
13.693999999999997,-0.3613360524177551,0.6239036917686462,0.3760046362876892
13.713999999999997,-0.37576016783714294,0.5324695110321045,0.33908870816230774
13.733999999999996,-0.40558627247810364,0.5351587533950806,0.32564252614974976
13.753999999999996,-0.4957980513572693,0.555939257144928,0.2923937439918518
13.773999999999996,-0.5517831444740295,0.6151025295257568,0.310729444026947
13.793999999999997,-0.5764752626419067,0.6573969125747681,0.30290621519088745
13.813999999999997,-0.5160896182060242,0.7361183166503906,0.22711853682994843
13.833999999999996,-0.4918864369392395,0.8456437587738037,0.13690675795078278
13.853999999999996,-0.4906640648841858,0.9309659600257874,0.23983131349086761
13.873999999999997,-0.5371145606040955,1.042691707611084,0.4165877103805542
13.893999999999997,-0.58552086353302,1.137792944908142,0.4632827043533325
13.913999999999996,-0.5652293562889099,1.172753095626831,0.3628029227256775
13.933999999999996,-0.5143782496452332,1.1397488117218018,0.29777219891548157
13.953999999999997,-0.5676741003990173,1.005042314529419,0.3297986090183258
13.973999999999997,-0.5732970833778381,0.8974727392196655,0.37135958671569824
13.993999999999996,-0.5305137038230896,0.7962595224380493,0.3615805506706238
14.013999999999996,-0.43272316455841064,0.7432081699371338,0.3222198486328125
14.033999999999997,-0.42123275995254517,0.6693762540817261,0.29483848810195923
14.053999999999997,-0.4280781149864197,0.6554411053657532,0.3170858323574066
14.073999999999996,-0.4266112446784973,0.6723099946975708,0.3341991901397705
14.093999999999996,-0.45497050881385803,0.7388075590133667,0.35913577675819397
14.113999999999997,-0.45741528272628784,0.7771903276443481,0.35351282358169556
14.133999999999997,-0.5075329542160034,0.8336644172668457,0.3400666117668152
14.153999999999996,-0.5322250127792358,0.8656908273696899,0.3398221433162689
14.173999999999996,-0.532958447933197,0.901628851890564,0.3874950408935547
14.193999999999997,-0.5940775871276855,0.9742382764816284,0.4623048007488251
14.213999999999997,-0.6984689831733704,1.0111541748046875,0.4293004870414734
14.233999999999996,-0.602145254611969,1.0165326595306396,0.30046144127845764
14.253999999999996,-0.5471380949020386,0.9891513586044312,0.19827033579349518
14.273999999999996,-0.5732970833778381,0.9353665709495544,0.1943587064743042
14.293999999999997,-0.5720747113227844,0.8639794588088989,0.21880634129047394
14.313999999999997,-0.566207230091095,0.8453992605209351,0.2488769292831421
14.333999999999996,-0.5258686542510986,0.8155731558799744,0.2843260169029236
14.353999999999996,-0.4975093901157379,0.8082388639450073,0.318552702665329
14.373999999999997,-0.46939462423324585,0.7884362936019897,0.33591052889823914
14.393999999999997,-0.4742841422557831,0.7962595224380493,0.35033461451530457
14.413999999999996,-0.4901750981807709,0.7957705855369568,0.41243162751197815
14.433999999999996,-0.5099776983261108,0.8263301253318787,0.4608379304409027
14.453999999999997,-0.5473825931549072,0.8343978524208069,0.4398129880428314
14.473999999999997,-0.5038657784461975,0.8392873406410217,0.4065641760826111
14.493999999999996,-0.471594899892807,0.8317086100578308,0.4014301896095276
14.513999999999996,-0.48895272612571716,0.814106285572052,0.4329676330089569
14.533999999999997,-0.5520276427268982,0.8446658253669739,0.4393240213394165
14.553999999999997,-0.6522629261016846,0.8556672930717468,0.4354124069213867
14.573999999999996,-0.5732970833778381,0.8006600737571716,0.3850502669811249
14.603999999999996,-0.4803960621356964,0.7080035209655762,0.29019343852996826
14.623999999999997,-0.5481160283088684,0.6600861549377441,0.18384622037410736
14.643999999999997,-0.5911438465118408,0.6767105460166931,0.15475353598594666
14.663999999999996,-0.5649848580360413,0.7251169085502625,0.2038932889699936
14.683999999999996,-0.58552086353302,0.7749900817871094,0.26354551315307617
14.703999999999997,-0.6163249015808105,0.8009045720100403,0.3334657549858093
14.723999999999997,-0.6527518630027771,0.8153286576271057,0.3449561595916748
14.743999999999996,-0.6542187333106995,0.8617791533470154,0.32001957297325134
14.763999999999996,-0.6913791298866272,0.8784035444259644,0.34788987040519714
14.783999999999997,-0.6862451434135437,0.8524890542030334,0.4019191265106201
14.803999999999997,-0.6720654964447021,0.7864804863929749,0.40167465806007385
14.823999999999996,-0.7507869005203247,0.7524982690811157,0.3628029227256775
14.843999999999996,-0.8106836080551147,0.7791461944580078,0.32075297832489014
14.863999999999997,-0.8038382530212402,0.8449103236198425,0.3322433829307556
14.883999999999997,-0.6852672696113586,0.8693579435348511,0.4197659194469452
14.903999999999996,-0.5928551554679871,0.8471105694770813,0.50435471534729
14.923999999999996,-0.5806313753128052,0.7889252305030823,0.513644814491272
14.943999999999997,-0.5754973292350769,0.7612993717193604,0.4569263160228729
14.963999999999997,-0.6053234934806824,0.7344070076942444,0.4151208698749542
14.983999999999996,-0.6715765595436096,0.7246279120445251,0.39409589767456055
15.003999999999996,-0.6659536361694336,0.7065367102622986,0.44983649253845215
15.023999999999996,-0.7124041318893433,0.716315746307373,0.4615713655948639
15.043999999999997,-0.7515203356742859,0.7248724102973938,0.40045228600502014
15.063999999999997,-0.7666778564453125,0.7390520572662354,0.26672372221946716
15.093999999999996,-0.7248724102973938,0.7290285229682922,0.2799254357814789
15.113999999999997,-0.7896586656570435,0.5681630373001099,0.16477707028388977
15.133999999999997,-0.7891696691513062,0.4588821232318878,0.06283042579889297
15.153999999999996,-0.8722916841506958,0.578186571598053,0.05158451199531555
15.173999999999996,-0.9290101528167725,0.7632551789283752,0.2329859733581543
15.193999999999997,-0.8938055634498596,0.7395409941673279,0.3923845589160919
15.213999999999997,-0.8346422910690308,0.7356293797492981,0.38773950934410095
15.233999999999996,-0.7786571979522705,0.6999358534812927,0.3341991901397705
15.253999999999996,-0.7960150241851807,0.6459065675735474,0.31879717111587524
15.273999999999996,-0.8097057342529297,0.6173028349876404,0.34911224246025085
15.293999999999997,-0.8138617873191833,0.6759771704673767,0.39287352561950684
15.313999999999997,-0.778168261051178,0.6855117082595825,0.4324786961078644
15.333999999999996,-0.7652109861373901,0.6945573687553406,0.46890565752983093
15.353999999999996,-0.7441860437393188,0.7011582255363464,0.4684167206287384
15.373999999999997,-0.7260947823524475,0.674021303653717,0.4376126825809479
15.393999999999997,-0.7468752861022949,0.6361274719238281,0.3955627679824829
15.413999999999996,-0.7642331123352051,0.6349050998687744,0.35864681005477905
15.433999999999996,-0.7921034097671509,0.6422393918037415,0.4031415283679962
15.453999999999997,-0.8405097126960754,0.6806222200393677,0.45179232954978943
15.473999999999997,-0.7928368449211121,0.7172936201095581,0.4779512882232666
15.493999999999996,-0.773523211479187,0.7014026641845703,0.48088499903678894
15.513999999999996,-0.7774348258972168,0.6485958099365234,0.44348013401031494
15.533999999999997,-0.7713229060173035,0.621458888053894,0.38260549306869507
15.553999999999997,-0.7485865950584412,0.5940775871276855,0.3461785316467285
15.583999999999996,-0.7510313987731934,0.5935885906219482,0.36867034435272217
15.603999999999996,-0.7502979636192322,0.632460355758667,0.3872505724430084
15.623999999999999,-0.7390520572662354,0.6515294909477234,0.3823610246181488
15.643999999999998,-0.7150933742523193,0.6759771704673767,0.41194266080856323
15.663999999999998,-0.713626503944397,0.6913791298866272,0.4341900050640106
15.683999999999997,-0.7170491814613342,0.6913791298866272,0.4437246024608612
15.703999999999997,-0.7373406887054443,0.6974910497665405,0.44030192494392395
15.723999999999997,-0.7251169085502625,0.6754881739616394,0.43590134382247925
15.743999999999996,-0.7224276661872864,0.6265929341316223,0.4623048007488251
15.763999999999996,-0.7087369561195374,0.6004339456558228,0.510711133480072
15.783999999999999,-0.7050698399543762,0.6114353537559509,0.5522720813751221
15.803999999999998,-0.6845338344573975,0.6635088324546814,0.5784310698509216
15.823999999999998,-0.6537297964096069,0.6830669641494751,0.6063013672828674
15.843999999999998,-0.6314824223518372,0.6732879281044006,0.6031231880187988
15.863999999999997,-0.6243926286697388,0.6449286341667175,0.5789200067520142
15.883999999999997,-0.6808666586875916,0.6769550442695618,0.4571707844734192
15.903999999999996,-0.7023805975914001,0.7793906331062317,0.50435471534729
15.923999999999996,-0.6686428785324097,0.859334409236908,0.5640069842338562
15.943999999999999,-0.6774439811706543,0.920942485332489,0.6180362701416016
15.963999999999999,-0.6845338344573975,0.9294991493225098,0.5354032516479492
15.983999999999998,-0.7168046832084656,0.9004064202308655,0.4894416630268097
16.004,-0.6461510062217712,0.7987042665481567,0.49604254961013794
16.024,-0.6752437353134155,0.7754790186882019,0.4752620458602905
16.044,-0.6104574799537659,0.6341716647148132,0.4324786961078644
16.074,-0.42954495549201965,0.5659627914428711,0.3121963143348694
16.094,-0.41609877347946167,0.6036121249198914,0.043516792356967926
16.114,-0.4334565997123718,0.6671760082244873,-0.006111909169703722
16.134,-0.5410261750221252,0.7488310933113098,0.13788466155529022
16.154,-0.5842984914779663,0.896983802318573,0.34104451537132263
16.174,-0.6573969125747681,0.9363444447517395,0.48332977294921875
16.194,-0.6121687889099121,1.0172661542892456,0.47501757740974426
16.214,-0.5471380949020386,1.0331571102142334,0.42196619510650635
16.234,-0.5534945130348206,0.9945298433303833,0.4290560185909271
16.254,-0.5820982456207275,0.9052959680557251,0.41194266080856323
16.274,-0.5610732436180115,0.8407542109489441,0.3728264570236206
16.294,-0.5999450087547302,0.7199828624725342,0.3601136803627014
16.314,-0.6498181819915771,0.6674204468727112,0.35229045152664185
16.334,-0.6077682375907898,0.6488402485847473,0.3038841187953949
16.354,-0.5813648104667664,0.6532408595085144,0.24154265224933624
16.374,-0.6192586421966553,0.649084746837616,0.2711242735385895
16.394,-0.6302600502967834,0.6505516171455383,0.38456133008003235
16.41400000000001,-0.6644867658615112,0.6407725214958191,0.4723283350467682
16.434000000000008,-0.7348959445953369,0.5737860202789307,0.5121780037879944
16.454000000000008,-0.9243651032447815,0.5539834499359131,0.45545947551727295
16.474000000000007,-0.9651926755905151,0.5923662185668945,0.2906824052333832
16.494000000000007,-0.8967393040657043,0.5962778329849243,0.07872138917446136
16.514000000000006,-0.9121413230895996,0.5852764248847961,0.0029337164014577866
16.524000000000008,-0.9150750041007996,0.5490939021110535,0.05867432802915573
16.544000000000008,-0.9114078879356384,0.4752620458602905,0.15304219722747803
16.564000000000007,-0.7270727157592773,0.33591052889823914,0.38578370213508606
16.584000000000007,-0.6908901929855347,0.1215047538280487,0.4011857211589813
16.604000000000006,-1.2126027345657349,0.0880114883184433,0.28970450162887573
16.624000000000006,-1.0808299779891968,0.3456895649433136,0.06576414406299591
16.644000000000005,-1.0138434171676636,0.7823243737220764,0.05134003609418869
16.66400000000001,-1.3157718181610107,1.1942670345306396,0.315374493598938
16.684000000000008,-1.2194480895996094,1.1030772924423218,0.5967668294906616
16.704000000000008,-1.0808299779891968,0.9336552023887634,0.6256150007247925
16.724000000000007,-0.9999083280563354,0.8576231002807617,0.5405372381210327
16.744000000000007,-0.9373223781585693,0.6581303477287292,0.46890565752983093
16.764000000000006,-0.8270635604858398,0.45301470160484314,0.3860281705856323
16.784000000000006,-0.7696115970611572,0.3324878513813019,0.31244078278541565
16.804000000000006,-0.7424747347831726,0.3058399260044098,0.27381351590156555
16.82400000000001,-0.738563060760498,0.339333176612854,0.22149558365345
16.84400000000001,-0.8065274953842163,0.3806496858596802,0.19778138399124146
16.864000000000008,-0.8414876461029053,0.3894508481025696,0.28848209977149963
16.884000000000007,-0.9062739014625549,0.3975185751914978,0.3823610246181488
16.904000000000007,-0.9321883916854858,0.4141429662704468,0.4432356357574463
16.924000000000007,-0.9996638298034668,0.46059346199035645,0.4473917484283447
16.944000000000006,-0.9979525208473206,0.5192677974700928,0.4620603322982788
16.964000000000006,-0.9805946946144104,0.5603398084640503,0.44421353936195374
16.98400000000001,-0.9260764718055725,0.5561836957931519,0.4527702331542969
17.00400000000001,-0.8590899109840393,0.4899306297302246,0.49848729372024536
17.014000000000006,-0.7837912440299988,0.40558627247810364,0.5099776983261108
17.044000000000004,-0.9409894943237305,0.3540017604827881,0.515356183052063
17.064000000000004,-1.0810744762420654,0.36940377950668335,0.46181583404541016
17.084000000000003,-1.0402469635009766,0.4046083688735962,0.3613360524177551
17.104000000000003,-1.0135990381240845,0.4537481367588043,0.30095040798187256
17.124000000000002,-0.920942485332489,0.528313398361206,0.2615897059440613
17.144000000000002,-0.8732695579528809,0.5950554609298706,0.2691684663295746
17.164000000000005,-0.7960150241851807,0.597500205039978,0.3011948764324188
17.184000000000005,-0.7889252305030823,0.5275799632072449,0.36549216508865356
17.204000000000004,-0.7911255359649658,0.4583931863307953,0.3828499913215637
17.224000000000004,-0.8319530487060547,0.5214681029319763,0.4107202887535095
17.244000000000003,-0.8353757262229919,0.7031140327453613,0.35155701637268066
17.264000000000003,-0.862023651599884,0.8840265274047852,0.22002872824668884
17.284000000000002,-0.9720380306243896,0.995752215385437,0.12443846464157104
17.304000000000002,-0.9695932269096375,0.9070072770118713,0.03398221358656883
17.324000000000005,-0.9216758608818054,0.8106836080551147,-0.016868868842720985
17.344000000000005,-0.6710876226425171,0.7649665474891663,-0.01760229840874672
17.364000000000004,-0.5520276427268982,0.8512666821479797,0.013935152441263199
17.384000000000004,-0.5424930453300476,0.9869510531425476,0.09314549714326859
17.404000000000003,-0.7160712480545044,1.065672516822815,0.14204075932502747
17.424000000000003,-0.8686245083808899,0.9989303946495056,0.1836017519235611
17.444000000000003,-0.8038382530212402,0.8764477372169495,0.18384622037410736
17.464000000000002,-0.7238945364952087,0.8194847702980042,0.18751336634159088
17.484000000000005,-0.6505516171455383,0.7392964959144592,0.16379916667938232
17.504000000000005,-0.5997005105018616,0.6938239336013794,0.1322617083787918
17.534000000000002,-0.5581395626068115,0.6603306531906128,0.14204075932502747
17.554000000000002,-0.561562180519104,0.6561745405197144,0.20609357953071594
17.574000000000005,-0.5703633427619934,0.6725544929504395,0.26550132036209106
17.594000000000005,-0.5366256237030029,0.7207162976264954,0.29532745480537415
17.614000000000004,-0.49335330724716187,0.7358738780021667,0.2774806618690491
17.634000000000004,-0.44348013401031494,0.7771903276443481,0.2298077791929245
17.654000000000003,-0.4532591700553894,0.7984598278999329,0.23323045670986176
17.674000000000003,-0.5454267859458923,0.8422210812568665,0.3608471155166626
17.694000000000003,-0.662041962146759,0.7253613471984863,0.48773035407066345
17.714000000000002,-0.6566635370254517,0.6823335289955139,0.43712374567985535
17.734000000000005,-0.6674204468727112,0.668398380279541,0.3613360524177551
17.754000000000005,-0.602145254611969,0.7378296852111816,0.32124194502830505
17.774000000000004,-0.5134003758430481,0.8412431478500366,0.3361549973487854
17.794000000000004,-0.7219386696815491,0.9414784908294678,0.3090181350708008
17.814000000000004,-0.8219295144081116,0.9991748929023743,0.32393118739128113
17.834000000000003,-0.7537206411361694,1.161507248878479,0.3051064908504486
17.854000000000003,-0.6011673808097839,1.1465941667556763,0.4053418040275574
17.874000000000002,-0.6955352425575256,1.0155547857284546,0.49604254961013794
17.894000000000002,-0.6994468569755554,0.7725452780723572,0.5940775871276855
17.914000000000005,-0.7204718589782715,0.5583840012550354,0.47941815853118896
17.934000000000005,-0.8974727392196655,0.43076735734939575,0.27430248260498047
17.954000000000004,-0.9087186455726624,0.4094979166984558,0.09510130435228348
17.974000000000004,-0.9651926755905151,0.4613268971443176,-0.052073463797569275
17.994000000000003,-0.725605845451355,0.5244017839431763,-0.08067719638347626
18.024000000000004,-0.878648042678833,0.6962686777114868,0.23469731211662292
18.044000000000004,-0.9219203591346741,0.8263301253318787,0.4527702331542969
18.064000000000004,-0.8055496215820312,0.8708248138427734,0.45105889439582825
18.084000000000003,-0.7556764483451843,0.7872138619422913,0.32246431708335876
18.104000000000003,-0.7556764483451843,0.7119151949882507,0.22956331074237823
18.124000000000002,-0.7485865950584412,0.6630198955535889,0.2139168232679367
18.144000000000002,-0.8175289630889893,0.662041962146759,0.23567521572113037
18.164000000000005,-0.8251076936721802,0.6808666586875916,0.2505882680416107
18.184000000000005,-0.7955260872840881,0.701647162437439,0.2994835376739502
18.204000000000004,-0.7908810377120972,0.7058032751083374,0.3474009037017822
18.224000000000004,-0.7913699746131897,0.7126485705375671,0.38847294449806213
18.244000000000003,-0.7796351313591003,0.7192494869232178,0.4058307707309723
18.264000000000003,-0.7674112915992737,0.7014026641845703,0.3918956220149994
18.284000000000002,-0.7996821999549866,0.6862451434135437,0.3747822642326355
18.304000000000002,-0.8065274953842163,0.6908901929855347,0.33762186765670776
18.324000000000005,-0.8028603792190552,0.738563060760498,0.29606086015701294
18.344000000000005,-0.8365980982780457,0.7190049886703491,0.28505945205688477
18.364000000000004,-0.8238853216171265,0.6576414108276367,0.2652568519115448
18.384000000000004,-0.8062830567359924,0.6559301018714905,0.2456987500190735
18.404000000000003,-0.7896586656570435,0.6336827278137207,0.2488769292831421
18.424000000000003,-0.8004156351089478,0.6234146952629089,0.30681782960891724
18.444000000000003,-0.7630107402801514,0.627815306186676,0.3860281705856323
18.464000000000002,-0.7759679555892944,0.6532408595085144,0.4488585889339447
18.484000000000005,-0.7625218033790588,0.6566635370254517,0.5058215856552124
18.512000000000004,-0.7610549330711365,0.6603306531906128,0.5468935966491699
18.532000000000004,-0.7436971068382263,0.6463955044746399,0.5314916372299194
18.552000000000003,-0.6899123191833496,0.6224368214607239,0.47966262698173523
18.572000000000003,-0.6454175710678101,0.602145254611969,0.38089418411254883
18.592000000000002,-0.5774531960487366,0.6840448379516602,0.32124194502830505
18.612000000000002,-0.6708431243896484,0.7823243737220764,0.39091768860816956
18.632000000000005,-0.6940683722496033,0.8933166265487671,0.46426060795783997
18.652000000000005,-0.7740121483802795,1.0126210451126099,0.551294207572937
18.672000000000004,-0.84735506772995,0.9893958568572998,0.5561836957931519
18.692000000000004,-0.7683892250061035,0.9534578323364258,0.48968616127967834
18.712000000000003,-0.7258503437042236,0.8485774397850037,0.38578370213508606
18.732000000000003,-0.6549521684646606,0.7253613471984863,0.2860373556613922
18.752000000000002,-0.5268465876579285,0.6405280828475952,0.2449653148651123
18.772000000000002,-0.4557039439678192,0.6087461709976196,0.2657458186149597
18.792000000000005,-0.3696482479572296,0.6195030808448792,0.2740580141544342
18.812000000000005,-0.2970387935638428,0.6696207523345947,0.2860373556613922
18.832000000000004,-0.28383705019950867,0.7671668529510498,0.30804020166397095
18.852000000000004,-0.3464230000972748,0.919231116771698,0.3747822642326355
18.872000000000003,-0.4026525616645813,1.0365797281265259,0.4322341978549957
18.892000000000003,-0.3867616057395935,1.1431714296340942,0.45056992769241333
18.912000000000003,-0.45912662148475647,1.1920667886734009,0.45668184757232666
18.932000000000002,-0.4417687952518463,1.1632184982299805,0.4615713655948639
18.952000000000005,-0.42245516180992126,1.0857194662094116,0.4075421094894409
18.962000000000003,-0.4473917484283447,0.964459240436554,0.3456895649433136
18.984000000000005,-0.4691501259803772,0.8801149129867554,0.3097515404224396
19.004000000000005,-0.471594899892807,0.7955260872840881,0.2691684663295746
19.024000000000004,-0.4806405305862427,0.7485865950584412,0.24667665362358093
19.044000000000004,-0.46499404311180115,0.7390520572662354,0.27430248260498047
19.064000000000004,-0.43027839064598083,0.7762124538421631,0.3114628791809082
19.084000000000003,-0.4192769527435303,0.8253521919250488,0.33199891448020935
19.104000000000003,-0.4182990491390228,0.854689359664917,0.33786633610725403
19.124000000000002,-0.41243162751197815,0.84735506772995,0.34275585412979126
19.144000000000002,-0.4381016492843628,0.8510222434997559,0.3461785316467285
19.164000000000005,-0.4735507071018219,0.8453992605209351,0.34031111001968384
19.184000000000005,-0.5011765360832214,0.8507777452468872,0.3398221433162689
19.204000000000004,-0.5109555721282959,0.8512666821479797,0.3356660306453705
19.224000000000004,-0.5026434063911438,0.8458881974220276,0.30412858724594116
19.244000000000003,-0.4398129880428314,0.8510222434997559,0.249365895986557
19.264000000000003,-0.42563334107398987,0.8654463291168213,0.261345237493515
19.284000000000002,-0.44788068532943726,0.8231518864631653,0.3217308819293976
19.304000000000002,-0.47306177020072937,0.8097057342529297,0.37820494174957275
19.324000000000005,-0.47648441791534424,0.8026158809661865,0.3926290273666382
19.344000000000005,-0.47183936834335327,0.8258411288261414,0.40289703011512756
19.364000000000004,-0.4684167206287384,0.8483330011367798,0.3887174129486084
19.384000000000004,-0.4735507071018219,0.8321975469589233,0.3850502669811249
19.404000000000003,-0.5190232992172241,0.8082388639450073,0.4019191265106201
19.424000000000003,-0.5503162741661072,0.8099501729011536,0.4170766770839691
19.444000000000003,-0.5544723868370056,0.8317086100578308,0.4153653383255005
19.454000000000004,-0.5600953698158264,0.8781591057777405,0.4114537239074707
19.484000000000005,-0.582831621170044,0.9180087447166443,0.42245516180992126
19.504000000000005,-0.6072793006896973,0.90725177526474,0.46694985032081604
19.524000000000004,-0.6224368214607239,0.8468661308288574,0.49286434054374695
19.544000000000004,-0.6275708079338074,0.8104391694068909,0.4899306297302246
19.564000000000004,-0.6463955044746399,0.8329309821128845,0.4046083688735962
19.584000000000003,-0.7131375670433044,0.9104299545288086,0.3354215621948242
19.604000000000003,-0.7150933742523193,0.9634813666343689,0.31757479906082153
19.624000000000002,-0.6170583367347717,0.9057849049568176,0.3449561595916748
19.644000000000002,-0.6292821764945984,0.8189958333969116,0.38969531655311584
19.664000000000005,-0.6133912205696106,0.761543869972229,0.3742932975292206
19.684000000000005,-0.6285487413406372,0.7402744293212891,0.3322433829307556
19.704000000000004,-0.5701189041137695,0.7087369561195374,0.2469211220741272
19.724000000000004,-0.5767197608947754,0.7197384238243103,0.16917763650417328
19.744000000000003,-0.584542989730835,0.725605845451355,0.11441493779420853
19.764000000000003,-0.6077682375907898,0.8265745639801025,0.09143415838479996
19.784000000000002,-0.6236591935157776,0.8803593516349792,0.10732512176036835
19.804000000000002,-0.6346606612205505,0.8908718824386597,0.26476791501045227
19.824000000000005,-0.6659536361694336,0.7877028584480286,0.4469027817249298
19.844000000000005,-0.6006784439086914,0.6622864603996277,0.5544723868370056
19.864000000000004,-0.6329492926597595,0.4977538585662842,0.47770681977272034
19.884000000000004,-0.8082388639450073,0.4400574564933777,0.3488677740097046
19.904000000000003,-1.0588271617889404,0.5354032516479492,0.24398741126060486
19.924000000000003,-1.1685969829559326,0.7864804863929749,0.265990287065506
19.944000000000003,-1.0348684787750244,1.0712953805923462,0.34275585412979126
19.964000000000002,-1.0507594347000122,1.1747089624404907,0.3405555784702301
19.984000000000005,-1.0028420686721802,1.00675368309021,0.32001957297325134
20.004000000000005,-0.8035938143730164,0.76618891954422,0.3183082342147827
20.024000000000004,-0.6703541874885559,0.5571616291999817,0.3014393448829651
20.044000000000004,-0.6253705620765686,0.438835084438324,0.32197538018226624
20.064000000000004,-0.5239128470420837,0.4002078175544739,0.3253980278968811
20.084000000000003,-0.5038657784461975,0.42710021138191223,0.3412890136241913
20.104000000000003,-0.5566726922988892,0.5410261750221252,0.3989854156970978
20.124000000000002,-0.6280597448348999,0.6630198955535889,0.42001038789749146
20.144000000000002,-0.6957797408103943,0.8324419856071472,0.43639031052589417
20.164000000000005,-0.7847691178321838,1.018733024597168,0.4647495746612549
20.184000000000005,-0.7813464403152466,1.1901109218597412,0.4667053818702698
20.204000000000004,-0.738563060760498,1.2304495573043823,0.43003392219543457
20.224000000000004,-0.7124041318893433,1.0089539289474487,0.3537572920322418
20.244000000000003,-0.6446841955184937,0.7336735725402832,0.3121963143348694
20.264000000000003,-0.5160896182060242,0.516334056854248,0.3146410882472992
20.284000000000002,-0.5581395626068115,0.44861412048339844,0.3202640414237976
20.304000000000002,-0.7094703912734985,0.45423707365989685,0.3214864134788513
20.324000000000005,-0.5659627914428711,0.5503162741661072,0.4564373791217804
20.344000000000005,-0.31684136390686035,0.7092259526252747,0.9167863726615906
20.364000000000004,0.04742841422557831,0.9867066144943237,1.1409711837768555
20.384000000000004,-0.08018824458122253,1.0969654321670532,1.08791983127594
20.404000000000003,-0.4488585889339447,0.9466124773025513,1.2971916198730469
20.424000000000003,-0.6165693998336792,0.8515111804008484,1.5472909212112427
20.434000000000005,-1.7516731023788452,0.7813464403152466,1.4693028926849365
20.464000000000002,-2.129633665084839,0.8324419856071472,1.3099043369293213
20.484000000000005,-1.1414601802825928,1.2509855031967163,1.219692587852478
20.504000000000005,-0.3063288927078247,1.5406900644302368,1.4463222026824951
20.524000000000004,0.1417962908744812,1.3947376012802124,1.5289552211761475
20.544000000000004,0.43590134382247925,1.2893683910369873,1.1285028457641602
20.564000000000004,-0.1493750512599945,0.8033493161201477,0.3236866891384125
20.584000000000003,-1.0314457416534424,0.20218195021152496,-0.17993460595607758
20.604000000000003,-1.5448461771011353,-0.2816367745399475,-0.17675641179084778
20.624000000000002,-1.6819974184036255,-0.6727989315986633,0.38822847604751587
20.644000000000002,-1.4979066848754883,-0.5801423788070679,0.6014118790626526
20.664000000000005,-0.9573694467544556,-0.15426458418369293,0.3280872702598572
20.684000000000005,-1.183021068572998,-0.006111909169703722,-0.45032545924186707
20.704000000000004,-1.4228523969650269,-0.16428811848163605,-0.4011857211589813
20.724000000000004,-0.8353757262229919,-0.110747791826725,-0.41120925545692444
20.744000000000003,-0.5505607724189758,0.1880023181438446,-0.3373773694038391
20.764000000000003,-0.4759954810142517,0.3344436585903168,-0.34153348207473755
20.784000000000002,-0.48773035407066345,0.4185435175895691,-0.40411943197250366
20.804000000000002,-0.7050698399543762,0.5473825931549072,-0.423677533864975
20.824000000000005,-0.8720471858978271,0.6688873171806335,-0.3493567109107971
20.844000000000005,-1.1131008863449097,0.9678819179534912,-0.25596675276756287
20.864000000000004,-1.0466033220291138,1.1788650751113892,-0.08263301104307175
20.884000000000004,-0.7109372615814209,1.1314365863800049,-0.045228127390146255
20.904000000000003,-0.46059346199035645,1.0336461067199707,-0.07432081550359726
20.914000000000005,-0.16477707028388977,1.0082205533981323,-0.12566085159778595
20.944000000000003,0.13910704851150513,0.978149950504303,-0.16575497388839722
20.964000000000002,0.42710021138191223,0.8583565354347229,-0.10072425752878189
20.984000000000005,0.5806313753128052,0.6456620693206787,-0.025181064382195473
21.004000000000005,0.7378296852111816,0.4469027817249298,0.04791736602783203
21.024000000000004,0.7168046832084656,0.4297894537448883,0.08409986644983292
21.044000000000004,0.4170766770839691,0.6107019782066345,0.0014668582007288933
21.064000000000004,0.12174922972917557,0.8155731558799744,-0.03593802452087402
21.084000000000003,-0.0772545337677002,1.041958212852478,-0.11563731729984283
21.104000000000003,-0.22051768004894257,1.2896127700805664,-0.21807292103767395
21.124000000000002,-0.3280872702598572,1.5695382356643677,-0.3109739422798157
21.144000000000002,-0.39605170488357544,1.946276307106018,-0.37967178225517273
21.164000000000005,-0.46743881702423096,2.4552760124206543,-0.47452861070632935
21.184000000000005,-0.6549521684646606,3.176236867904663,-0.7380741238594055
21.204000000000004,-0.8336644172668457,4.1460747718811035,-1.1874216794967651
21.224000000000004,-0.9967301487922668,4.323075294494629,-1.8409069776535034
21.244000000000003,-1.89566969871521,3.71604061126709,-2.0027503967285156
21.264000000000003,-3.310943365097046,2.1670384407043457,-0.7498090267181396
21.284000000000002,-3.051553964614868,0.7647220492362976,-0.04596155509352684
21.304000000000002,-1.1087002754211426,1.1981786489486694,-0.07627662271261215
21.324000000000005,-1.1556397676467896,1.1742199659347534,-0.33713290095329285
21.344000000000005,-1.896403193473816,0.8082388639450073,-0.5373590588569641
21.364000000000004,-1.803257703781128,0.690645694732666,-0.24105370044708252
21.384000000000004,-1.22898268699646,0.7341625094413757,-0.24203160405158997
21.404000000000003,-0.42514440417289734,0.6762216091156006,-0.13788466155529022
21.440000000000005,-0.20120404660701752,0.47648441791534424,0.1860465109348297
21.460000000000004,-0.6816000938415527,0.3197750747203827,0.1095254123210907
21.480000000000004,-0.82608562707901,0.3102405071258545,0.03716040775179863
21.500000000000004,-0.738563060760498,0.49164196848869324,0.0029337164014577866
21.520000000000003,-0.8258411288261414,0.7436971068382263,0.03740488365292549
21.540000000000003,-1.0348684787750244,0.9510130286216736,0.09779054671525955
21.560000000000002,-1.133147954940796,1.1529505252838135,0.08581120520830154
21.580000000000002,-1.083030343055725,1.3585551977157593,0.0462060309946537
21.600000000000005,-0.8512666821479797,1.5211318731307983,0.030559545382857323
21.620000000000005,-0.5561836957931519,1.6450814008712769,0.046939462423324585
21.640000000000004,-0.3623139560222626,1.7406717538833618,0.07138709723949432
21.660000000000004,-0.3532683551311493,1.7284479141235352,0.07309843599796295
21.680000000000003,-0.4126760959625244,1.7301591634750366,0.04791736602783203
21.700000000000003,-0.4684167206287384,1.7514286041259766,0
21.720000000000002,-0.503376841545105,1.7751429080963135,-0.011245912872254848
21.740000000000002,-0.5116890072822571,1.805213451385498,-0.0418054573237896
21.760000000000005,-0.4943312108516693,1.7719646692276,-0.08776701241731644
21.780000000000005,-0.4381016492843628,1.6553494930267334,-0.1171041801571846
21.800000000000004,-0.38211655616760254,1.5749167203903198,-0.10219112038612366
21.820000000000004,-0.36378082633018494,1.4695473909378052,-0.09485682845115662
21.840000000000003,-0.3246646225452423,1.324083924293518,-0.07896586507558823
21.860000000000003,-0.2774806618690491,1.203312635421753,-0.08141063153743744
21.880000000000003,-0.24520979821681976,1.0847415924072266,-0.06918681412935257
21.890000000000004,-0.22565168142318726,1.0025975704193115,-0.048650797456502914
21.922000000000004,-0.18971365690231323,0.911896824836731,-0.019069155678153038
21.942000000000004,-0.1728447824716568,0.8263301253318787,0.02640344761312008
21.962000000000003,-0.1513308733701706,0.7317177653312683,0.07212052494287491
21.982000000000003,-0.110747791826725,0.642728328704834,0.14839714765548706
22.002000000000002,-0.06063013896346092,0.5483604669570923,0.17064450681209564
22.022000000000002,-0.01515753474086523,0.45179232954978943,0.1752895563840866
22.042000000000005,0.020780490711331367,0.3816275894641876,0.19802585244178772
22.062000000000005,0.05085108429193497,0.3432448208332062,0.24545426666736603
22.082000000000004,0.034471165388822556,0.38969531655311584,0.330532044172287
22.102000000000004,-0.038138311356306076,0.450814425945282,0.3217308819293976
22.122000000000003,-0.09656815975904465,0.5180454254150391,0.29532745480537415
22.142000000000003,-0.13055038452148438,0.6341716647148132,0.2664792239665985
22.162000000000003,-0.15964306890964508,0.7757235169410706,0.27014636993408203
22.182000000000002,-0.15915411710739136,0.9263209104537964,0.22491824626922607
22.202000000000005,-0.13788466155529022,1.099165678024292,0.17040002346038818
22.222000000000005,-0.15328668057918549,1.2688323259353638,0.1437520980834961
22.242000000000004,-0.25865599513053894,1.5375118255615234,0.09974635392427444
22.262000000000004,-0.43003392219543457,1.8893133401870728,0.1298169493675232
22.282000000000004,-0.6955352425575256,2.1887967586517334,0.1760229766368866
22.302000000000003,-1.3974268436431885,2.435718059539795,0.1987592875957489
22.322000000000003,-1.4226078987121582,2.099318504333496,0.16795526444911957
22.342000000000002,-1.6296794414520264,1.7282034158706665,0.06038566306233406
22.362000000000002,-1.7734315395355225,1.4160070419311523,0.08092167228460312
22.382000000000005,-1.2414510250091553,1.0429362058639526,0.003911621868610382
22.404000000000003,-0.5794090032577515,1.0788742303848267,-0.08263301104307175
22.424000000000003,-0.3090181350708008,1.158084511756897,-0.026892399415373802
22.444000000000003,-0.3278428018093109,1.0488035678863525,0.07676557451486588
22.464000000000002,-0.390428751707077,0.9862176179885864,0.20169299840927124
22.484000000000005,-0.48088499903678894,0.9429453015327454,0.31684136390686035
22.504000000000005,-0.6275708079338074,0.8749809265136719,0.3994743824005127
22.524000000000004,-0.754209578037262,0.8089722990989685,0.42710021138191223
22.544000000000004,-0.8018824458122253,0.761543869972229,0.3894508481025696
22.564000000000004,-0.7938147187232971,0.7366072535514832,0.33762186765670776
22.584000000000003,-0.7419857382774353,0.7556764483451843,0.2767472565174103
22.604000000000003,-0.7075145840644836,0.8248632550239563,0.22320692241191864
22.624000000000002,-0.647373378276825,0.9825505018234253,0.1899581402540207
22.644000000000002,-0.5351587533950806,1.171775221824646,0.17015555500984192
22.664000000000005,-0.3608471155166626,1.3842251300811768,0.1298169493675232
22.684000000000005,-0.2684350311756134,1.500106930732727,0.03349326178431511
22.704000000000004,-0.30339515209198,1.4230968952178955,-0.0322708785533905
22.724000000000004,-0.3806496858596802,1.4284753799438477,-0.08312196284532547
22.744000000000003,-0.6207255125045776,1.4656357765197754,-0.12126027792692184
22.764000000000003,-0.5779421329498291,1.500106930732727,-0.4185435175895691
22.784000000000002,-0.0009779054671525955,1.5211318731307983,-0.19166946411132812
22.804000000000002,-0.1620878279209137,1.4969288110733032,-0.19924823939800262
22.824000000000005,-0.35106804966926575,1.2976804971694946,-0.13592885434627533
22.844000000000005,-0.3564465343952179,1.2595422267913818,-0.13470648229122162
22.864000000000004,-0.3109739422798157,1.161751627922058,-0.16917763650417328
22.874000000000002,-0.3246646225452423,1.0363353490829468,-0.2158726304769516
22.904000000000003,-0.35180148482322693,0.9456345438957214,-0.2608562707901001
22.924000000000003,-0.34984567761421204,0.8385539054870605,-0.2799254357814789
22.944000000000003,-0.28652629256248474,0.7566543221473694,-0.2784585654735565
22.964000000000002,-0.2684350311756134,0.7341625094413757,-0.26305657625198364
22.984000000000005,-0.3077957332134247,0.7652109861373901,-0.2527885437011719
23.004000000000005,-0.30095040798187256,0.7693670988082886,-0.2703908681869507
23.024000000000004,-0.354490727186203,0.7864804863929749,-0.24105370044708252
23.044000000000004,-0.3728264570236206,0.833419919013977,-0.10268007218837738
23.064000000000004,-0.4038749635219574,0.7708339691162109,0.0009779054671525955
23.084000000000003,-0.4784402549266815,0.7036029696464539,0.064541757106781
23.104000000000003,-0.4767289161682129,0.6791553497314453,0.14081838726997375
23.124000000000002,-0.4539926052093506,0.7082480192184448,0.32515355944633484
23.144000000000002,-0.5119335055351257,0.7040919065475464,0.32197538018226624
23.164000000000005,-0.5385814309120178,0.6290376782417297,0.18311280012130737
23.184000000000005,-0.4962870180606842,0.5972557663917542,0.11099226772785187
23.204000000000004,-0.44665831327438354,0.637105405330658,0.1285945624113083
23.224000000000004,-0.4293004870414734,0.7158268094062805,0.17235583066940308
23.244000000000003,-0.41560980677604675,0.8097057342529297,0.2031598538160324
23.264000000000003,-0.4094979166984558,0.9106744527816772,0.18971365690231323
23.284000000000002,-0.42123275995254517,0.9537022709846497,0.13690675795078278
23.304000000000002,-0.44592487812042236,1.0172661542892456,0.13275066018104553
23.324000000000005,-0.5009320378303528,1.1206796169281006,0.13788466155529022
23.344000000000005,-0.5742749571800232,1.238272786140442,0.15744277834892273
23.354000000000003,-0.6050789952278137,1.2945023775100708,0.15475353598594666
23.384000000000004,-0.6202365159988403,1.287168025970459,0.13201723992824554
23.404000000000003,-0.6119243502616882,1.2353390455245972,0.057696420699357986
23.424000000000003,-0.6253705620765686,1.215291976928711,0.064541757106781
23.444000000000003,-0.674021303653717,1.2634538412094116,0.2019374817609787
23.464000000000002,-0.6036121249198914,1.2927910089492798,0.3341991901397705
23.484000000000005,-0.47966262698173523,1.170797348022461,0.1931363195180893
23.504000000000005,-0.5461602210998535,1.1387709379196167,0.26354551315307617
23.524000000000004,-0.833419919013977,1.1336368322372437,0.4635271728038788
23.544000000000004,-1.0510039329528809,0.9282767176628113,0.42392200231552124
23.564000000000004,-1.2192035913467407,0.8131283521652222,0.4202548563480377
23.584000000000003,-1.3517098426818848,0.6872230768203735,0.41609877347946167
23.604000000000003,-1.3206613063812256,0.6263484358787537,0.45423707365989685
23.624000000000002,-1.2500076293945312,0.6366164684295654,0.35791340470314026
23.644000000000002,-1.309415340423584,0.6349050998687744,0.20804938673973083
23.664000000000005,-1.632613182067871,0.5970112681388855,0.004645050968974829
23.684000000000005,-2.0572686195373535,0.6595972180366516,-0.0633193776011467
23.704000000000004,-1.6260123252868652,0.7006692290306091,-0.06820890307426453
23.724000000000004,-1.2896127700805664,0.5473825931549072,-0.25743362307548523
23.744000000000003,-1.696421504020691,0.05085108429193497,-0.537603497505188
23.764000000000003,-1.7570515871047974,-0.5187788605690002,-0.6676649451255798
23.784000000000002,-1.3856920003890991,-0.677688479423523,-0.7370962500572205
23.804000000000002,-0.8977171778678894,-0.28016990423202515,-0.5471380949020386
23.824000000000005,-0.5371145606040955,0.17797879874706268,-0.24007578194141388
23.844000000000005,-0.44616934657096863,0.41634324193000793,-0.01955810934305191
23.874000000000002,-0.28408151865005493,0.633438229560852,0.24472083151340485
23.894000000000002,-0.17308926582336426,0.6412615180015564,-0.23151911795139313
23.914000000000005,-0.09314549714326859,0.5627846121788025,-1.3531767129898071
23.934000000000005,0.0569629929959774,1.0681172609329224,-2.153836727142334
23.954000000000004,0.30363965034484863,1.6805305480957031,-2.9801669120788574
23.974000000000004,-0.8449103236198425,2.3191027641296387,-3.0535097122192383
23.994000000000003,-1.2702991962432861,5.859853744506836,1.512819766998291
24.014000000000003,-5.417840480804443,1.993215799331665,7.960639476776123
24.034000000000002,-2.945451259613037,2.9478960037231445,4.577331066131592
24.054000000000002,-1.6939767599105835,0.35033461451530457,2.0330653190612793
24.074000000000005,-4.363903045654297,-4.000855445861816,2.512972593307495
24.094000000000005,-0.2672126591205597,-2.3543074131011963,1.5807842016220093
24.114000000000004,0.44470250606536865,-1.1832655668258667,0.2843260169029236
24.134000000000004,0.022491825744509697,-0.3931179940700531,0.38529473543167114
24.154000000000003,-0.8908718824386597,-0.026892399415373802,0.6329492926597595
24.174000000000003,-1.5047520399093628,0.23225253820419312,0.7674112915992737
24.194000000000003,-1.5375118255615234,0.5764752626419067,1.1989120244979858
24.214000000000002,-1.1524615287780762,0.5510497093200684,1.104299783706665
24.234000000000005,-0.6268373727798462,0.4818629026412964,1.0089539289474487
24.254000000000005,-0.31684136390686035,0.2532775104045868,0.6948018074035645
24.274000000000004,-0.1924028992652893,0.039849646389484406,0.5180454254150391
24.294000000000004,-0.4361458420753479,0.044983651489019394,0.5390703678131104
24.314000000000004,-0.9563915133476257,-0.0772545337677002,0.5544723868370056
24.334000000000003,-1.1619961261749268,-0.2875041961669922,0.4544815719127655
24.364000000000004,-0.8055496215820312,-0.38138312101364136,0.2615897059440613
24.384000000000004,-0.4002078175544739,-0.35033461451530457,0.12101580202579498
24.404000000000003,-0.8652018308639526,-0.11099226772785187,-0.0012223818339407444
24.424000000000003,-0.8145952224731445,0.21244995296001434,0.34080004692077637
24.444000000000003,-0.9720380306243896,0.4838187098503113,0.4173211455345154
24.464000000000002,-0.9979525208473206,0.4520367980003357,0.2469211220741272
24.484000000000005,-1.0231335163116455,0.25034379959106445,0.2970387935638428
24.504000000000005,-1.2443846464157104,0.032759834080934525,0.4437246024608612
24.524000000000004,-1.4267640113830566,-0.18433517217636108,0.5109555721282959
24.544000000000004,-1.276900053024292,-0.32393118739128113,0.602145254611969
24.564000000000004,-1.0473366975784302,-0.2879931628704071,0.5627846121788025
24.584000000000003,-0.9390336871147156,-0.23249702155590057,0.45105889439582825
24.604000000000003,-0.9143415689468384,-0.13764019310474396,0.4158543050289154
24.624000000000002,-0.8803593516349792,-0.029337164014577866,0.4623048007488251
24.644000000000002,-0.9160529375076294,0.04033859819173813,0.5023989081382751
24.664000000000005,-0.9316993951797485,0.07969929277896881,0.5112000703811646
24.684000000000005,-0.9407450556755066,0.07187604904174805,0.4735507071018219
24.704000000000004,-0.9664150476455688,0.039605170488357544,0.44910308718681335
24.724000000000004,-1.032668113708496,0.0009779054671525955,0.4361458420753479
24.744000000000003,-1.0646945238113403,-0.1322617083787918,0.476239949464798
24.764000000000003,-0.9390336871147156,-0.156953826546669,0.5933441519737244
24.784000000000002,-0.92558753490448,-0.22149558365345,0.5913883447647095
24.804000000000002,-0.9030956625938416,-0.2456987500190735,0.5823426842689514
24.824000000000005,-0.8837820291519165,-0.24985484778881073,0.580875813961029
24.844000000000005,-0.8781591057777405,-0.24423187971115112,0.5852764248847961
24.864000000000004,-0.8747364282608032,-0.22931882739067078,0.5813648104667664
24.884000000000004,-0.8659352660179138,-0.2310301661491394,0.579897940158844
24.904000000000003,-0.8686245083808899,-0.2222290188074112,0.567918598651886
24.924000000000003,-0.8612902164459229,-0.23249702155590057,0.5698744058609009
24.944000000000003,-0.8793814778327942,-0.24423187971115112,0.5654738545417786
24.964000000000002,-0.8608012795448303,-0.2593894302845001,0.5520276427268982
24.984000000000005,-0.854689359664917,-0.2767472565174103,0.549582839012146
25.004000000000005,-0.8608012795448303,-0.2696574330329895,0.560584306716919
25.024000000000004,-0.8762032985687256,-0.25425541400909424,0.5544723868370056
25.044000000000004,-0.8854933977127075,-0.2354307323694229,0.5539834499359131
25.064000000000004,-0.9187421798706055,-0.2146502435207367,0.5537389516830444
25.084000000000003,-0.9260764718055725,-0.2019374817609787,0.5305137038230896
25.104000000000003,-0.9206979870796204,-0.209516242146492,0.5192677974700928
25.124000000000002,-0.9167863726615906,-0.197536900639534,0.542248547077179
25.144000000000002,-0.8542004227638245,-0.21880634129047394,0.4170766770839691
25.164000000000005,-0.9759496450424194,-0.1664884090423584,0.17137792706489563
25.184000000000005,-1.3289735317230225,0.019802585244178772,-0.13812914490699768
25.204000000000004,-1.642881155014038,0.4667053818702698,-0.3461785316467285
25.224000000000004,-1.7348042726516724,0.9933074712753296,-0.22149558365345
25.244000000000003,-1.544357180595398,1.6541271209716797,0.4109647572040558
25.264000000000003,-0.38529473543167114,2.7361793518066406,1.1583290100097656
25.284000000000002,-0.8204626441001892,2.1479692459106445,1.5983864068984985
25.304000000000002,-1.347064733505249,1.1519726514816284,1.029734492301941
25.334000000000003,-0.6977355480194092,0.35351282358169556,0.8429545164108276
25.354000000000003,-1.1116340160369873,0.651773989200592,0.44592487812042236
25.374000000000002,-1.3448644876480103,0.022491825744509697,0.003667145501822233
25.394000000000002,-2.6711487770080566,-0.44616934657096863,-0.46303823590278625
25.414000000000005,-2.0455336570739746,-1.5406900644302368,0.6446841955184937
25.434000000000005,-0.9835283756256104,-2.9496073722839355,1.3507318496704102
25.454000000000004,-0.7128930687904358,-3.3566603660583496,2.501237630844116
25.474000000000004,0.24961036443710327,-2.215689182281494,2.670170783996582
25.494000000000003,0.2461877018213272,-0.8933166265487671,2.114720582962036
25.514000000000003,-2.994590997695923,0.5094887614250183,1.461479663848877
25.534000000000002,-3.9015982151031494,2.6176083087921143,0.2126944363117218
25.554000000000002,-1.4837270975112915,2.999969482421875,0.44983649253845215
25.574000000000005,-0.2532775104045868,2.528130054473877,0.6297711133956909
25.594000000000005,-0.08385539054870605,1.743360996246338,0.9629923701286316
25.614000000000004,-1.0580936670303345,0.5989670753479004,0.6143690943717957
25.634000000000004,-1.0705620050430298,0.21733948588371277,0.4420132637023926
25.654000000000003,-0.8823152184486389,0.3412890136241913,0.42001038789749146
25.674000000000003,-0.9871955513954163,0.48088499903678894,0.5869877338409424
25.694000000000003,-1.0957430601119995,0.6840448379516602,0.35938024520874023
25.714000000000002,-0.866668701171875,0.6745103001594543,0.3055954575538635
25.734000000000005,-0.8984506130218506,0.5146227478981018,0.3417779505252838
25.754000000000005,-0.9104299545288086,0.48406320810317993,0.3146410882472992
25.774000000000004,-0.9529688358306885,0.578186571598053,0.4982428252696991
25.794000000000004,-1.0150659084320068,0.6390612125396729,0.4525257349014282
25.824000000000005,-0.9294991493225098,0.5361366868019104,0.3735598921775818
25.844000000000005,-0.9490572214126587,0.568896472454071,0.3967851400375366
25.864000000000004,-0.8207071423530579,0.6767105460166931,0.47379517555236816
25.884000000000004,-0.708981454372406,0.6556856036186218,0.4698835611343384
25.904000000000003,-0.7977263927459717,0.5659627914428711,0.3532683551311493
25.924000000000003,-0.6679094433784485,0.5684075355529785,0.407053142786026
25.944000000000003,-1.0312012434005737,0.7102038264274597,0.4806405305862427
25.964000000000002,-0.7461418509483337,0.7991932034492493,0.5104666352272034
25.984000000000005,-0.8994285464286804,0.9981969594955444,0.41634324193000793
26.004000000000005,-0.7114261984825134,1.0451364517211914,0.32393118739128113
26.024000000000004,-0.08996730297803879,1.042691707611084,0.35986921191215515
26.044000000000004,-0.6004339456558228,1.2695657014846802,0.258167028427124
26.064000000000004,-0.27430248260498047,1.152217149734497,0.10096874088048935
26.084000000000003,0.12492742389440536,1.064939022064209,0.23225253820419312
26.104000000000003,0.06894233077764511,1.1715307235717773,-0.02273630164563656
26.124000000000002,0.24520979821681976,1.0466033220291138,0.48773035407066345
26.144000000000002,0.4234330654144287,0.8202182054519653,0.9537022709846497
26.164000000000005,-0.9519909620285034,0.8642239570617676,0.602145254611969
26.184000000000005,0.6358830332756042,0.8114170432090759,1.582006573677063
26.204000000000004,-0.4786847233772278,0.768878161907196,0.11319255828857422
26.224000000000004,-0.5407817363739014,0.9280322790145874,-0.3508235812187195
26.244000000000003,0.36695900559425354,1.1067445278167725,0.40558627247810364
26.264000000000003,0.08141063153743744,1.122146487236023,-0.3615805506706238
26.284000000000002,-0.09412340074777603,1.0138434171676636,-0.3772270381450653
26.314000000000004,0.3158634603023529,1.1937780380249023,1.216025471687317
26.334000000000003,0.027870304882526398,1.135837197303772,0.5363811254501343
26.354000000000003,-0.5960333943367004,0.8986951112747192,-0.22198453545570374
26.374000000000002,-0.09363444894552231,1.17104172706604,0.6789108514785767
26.394000000000002,-0.26501238346099854,1.2035571336746216,0.7982153296470642
26.414000000000005,-0.5009320378303528,1.1578400135040283,0.8035938143730164
26.434000000000005,-0.8045716881752014,1.263209342956543,0.956880509853363
26.454000000000004,-0.6190141439437866,1.337774634361267,0.9429453015327454
26.474000000000004,-0.46866118907928467,1.038291096687317,0.4058307707309723
26.494000000000003,-0.501665472984314,0.8598233461380005,-0.031048497185111046
26.514000000000003,-0.6177917718887329,0.8534669876098633,0.0012223818339407444
26.534000000000002,-0.6642422676086426,0.9268099069595337,0.156953826546669
26.554000000000002,-0.3214864134788513,0.943189799785614,0.10365797579288483
26.574000000000005,-0.1836017519235611,0.8644683957099915,-0.15230877697467804
26.594000000000005,-0.4720838665962219,0.8177734017372131,-0.15279772877693176
26.614000000000004,-0.6974910497665405,0.8524890542030334,0.110747791826725
26.634000000000004,-0.6016563177108765,0.8221740126609802,0.3051064908504486
26.654000000000003,-0.17382268607616425,0.7776793241500854,0.44103536009788513
26.674000000000003,-0.01149038877338171,0.738563060760498,0.27503591775894165
26.694000000000003,-0.2241848260164261,0.7427191734313965,0.05965223163366318
26.714000000000002,-0.3970296084880829,0.8106836080551147,0.7921034097671509
26.734000000000005,-1.2057573795318604,0.674021303653717,0.7014026641845703
26.754000000000005,-0.291415810585022,0.6378388404846191,0.7612993717193604
26.774000000000004,-0.11319255828857422,0.6566635370254517,0.4278336465358734
26.804000000000002,-0.7923479080200195,0.8652018308639526,0.24741007387638092
26.824000000000005,-1.0463588237762451,1.0016196966171265,0.19680346548557281
26.844000000000005,-0.8984506130218506,0.971793532371521,0.1545090675354004
26.864000000000004,-0.8209516406059265,0.9871955513954163,0.0322708785533905
26.884000000000004,-0.8945389986038208,1.0241115093231201,-0.10047978162765503
26.904000000000003,-1.0348684787750244,0.9094520807266235,-0.10732512176036835
26.924000000000003,-1.4245637655258179,0.7749900817871094,-0.08238853514194489
26.944000000000003,-1.778565526008606,0.6838003993034363,0.05500718206167221
26.964000000000002,-1.7917672395706177,0.7028695344924927,0.34984567761421204
26.984000000000005,-1.5064632892608643,0.7586101293563843,0.3229532837867737
27.004000000000005,-1.0712953805923462,0.7036029696464539,0.22589616477489471
27.024000000000004,-0.9429453015327454,0.7940592169761658,0.2571891248226166
27.044000000000004,-1.1287473440170288,1.1177458763122559,0.18335726857185364
27.064000000000004,-1.245362639427185,1.3556214570999146,0.10047978162765503
27.084000000000003,-0.995752215385437,1.3262842893600464,0.2202731966972351
27.104000000000003,-0.7466307878494263,1.2749441862106323,0.29532745480537415
27.124000000000002,-0.5067995190620422,1.314549446105957,0.19191394746303558
27.144000000000002,-0.12517189979553223,1.3167496919631958,0.11343703418970108
27.164000000000005,0.28261467814445496,1.2729884386062622,0.1823793649673462
27.184000000000005,0.38773950934410095,1.276166558265686,0.15181982517242432
27.204000000000004,0.342511385679245,1.3587995767593384,0.04204993322491646
27.224000000000004,0.22369587421417236,1.4123399257659912,-0.023958683013916016
27.244000000000003,-0.11294808238744736,1.3473092317581177,-0.1234605610370636
27.264000000000003,-0.3432448208332062,1.2008678913116455,-0.12688323855400085
27.290000000000003,-0.5004431009292603,1.1925556659698486,-0.16477707028388977
27.310000000000002,-0.5647404193878174,1.1869326829910278,-0.2437429279088974
27.330000000000002,-0.5371145606040955,1.0712953805923462,-0.4671943187713623
27.350000000000005,-0.501665472984314,0.8744919300079346,-0.5305137038230896
27.370000000000005,-0.5395593047142029,0.7366072535514832,-0.34593406319618225
27.390000000000004,-0.6652202010154724,0.6857562065124512,-0.15670934319496155
27.410000000000004,-0.7050698399543762,0.7099593281745911,-0.053784798830747604
27.430000000000003,-0.5681630373001099,0.7082480192184448,-0.15842068195343018
27.450000000000003,-0.4527702331542969,0.6182807087898254,-0.1924028992652893
27.470000000000002,-0.48088499903678894,0.5742749571800232,-0.17651192843914032
27.490000000000002,-0.48088499903678894,0.5982336401939392,-0.1095254123210907
27.510000000000005,-0.47330623865127563,0.6185252070426941,-0.06869785487651825
27.530000000000005,-0.4537481367588043,0.647373378276825,-0.039605170488357544
27.550000000000004,-0.40167465806007385,0.6317269206047058,-0.01564648747444153
27.570000000000004,-0.4043639004230499,0.5882101058959961,0.0070898146368563175
27.590000000000003,-0.5067995190620422,0.546649158000946,0.027136875316500664
27.610000000000003,-0.6207255125045776,0.5471380949020386,0.06307490170001984
27.630000000000003,-0.6512850522994995,0.5811203122138977,0.11172569543123245
27.650000000000002,-0.630748987197876,0.6153470277786255,0.14839714765548706
27.670000000000005,-0.5840540528297424,0.6314824223518372,0.169666588306427
27.690000000000005,-0.602145254611969,0.5913883447647095,0.21831738948822021
27.710000000000004,-0.7473642230033875,0.6001894474029541,0.28212571144104004
27.730000000000004,-0.8923386931419373,0.6449286341667175,0.3202640414237976
27.740000000000002,-0.8879381418228149,0.6353940367698669,0.35106804966926575
27.772000000000002,-0.8204626441001892,0.5019099712371826,0.35595759749412537
27.792000000000005,-0.8647128939628601,0.46108242869377136,0.3628029227256775
27.812000000000005,-0.9798612594604492,0.4891971945762634,0.4129205644130707
27.832000000000004,-0.9510130286216736,0.46866118907928467,0.45497050881385803
27.852000000000004,-0.8810927867889404,0.40411943197250366,0.44983649253845215
27.872000000000003,-0.7539650797843933,0.3055954575538635,0.4576597511768341
27.892000000000003,-0.7339180111885071,0.24423187971115112,0.45986002683639526
27.912000000000003,-0.7850136160850525,0.2608562707901001,0.4368792474269867
27.932000000000002,-0.7935702800750732,0.27185770869255066,0.4532591700553894
27.952000000000005,-0.7461418509483337,0.2549888491630554,0.47379517555236816
27.972000000000005,-0.6559301018714905,0.20438224077224731,0.4784402549266815
27.992000000000004,-0.6099685430526733,0.19386975467205048,0.46450507640838623
28.012000000000004,-0.6576414108276367,0.21733948588371277,0.45350363850593567
28.032000000000004,-0.7339180111885071,0.2811478078365326,0.42318859696388245
28.052000000000003,-0.7439415454864502,0.35595759749412537,0.4170766770839691
28.072000000000003,-0.7703450322151184,0.4332121014595032,0.40680867433547974
28.092000000000002,-0.8163065910339355,0.5229349136352539,0.3874950408935547
28.112000000000002,-1.077651858329773,0.6417504549026489,0.40607523918151855
28.132000000000005,-1.4380099773406982,0.8204626441001892,0.3850502669811249
28.152000000000005,-1.2839899063110352,0.9497906565666199,0.3911621868610382
28.172000000000004,-0.9683708548545837,0.8138617873191833,0.39287352561950684
28.192000000000004,-0.6715765595436096,0.6065458655357361,0.4097423851490021
28.212000000000003,-0.6033676862716675,0.49604254961013794,0.42196619510650635
28.232000000000003,-0.6999358534812927,0.5297802686691284,0.3970296084880829
28.264000000000003,-0.7414968013763428,0.542248547077179,0.4053418040275574
28.284000000000002,-0.8642239570617676,0.5102221965789795,0.375271201133728
28.304000000000002,-0.9986859560012817,0.5075329542160034,0.38456133008003235
28.324000000000005,-0.9893958568572998,0.572563648223877,0.4026525616645813
28.344000000000005,-0.8434434533119202,0.6097240447998047,0.4214772582054138
28.364000000000004,-0.7287840247154236,0.6124132871627808,0.40558627247810364
28.384000000000004,-0.5864987969398499,0.6058124303817749,0.3640252947807312
28.404000000000003,-0.46621641516685486,0.5830761194229126,0.3278428018093109
28.424000000000003,-0.40607523918151855,0.5740305185317993,0.30681782960891724
28.444000000000003,-0.4248999059200287,0.6045900583267212,0.3114628791809082
28.464000000000002,-0.46890565752983093,0.6745103001594543,0.2689239978790283
28.484000000000005,-0.5190232992172241,0.7097148895263672,0.21513919532299042
28.504000000000005,-0.5774531960487366,0.7419857382774353,0.18653546273708344
28.524000000000004,-0.661064088344574,0.8128839135169983,0.16599945724010468
28.544000000000004,-0.6877120137214661,0.8972282409667969,0.16233231127262115
28.564000000000004,-0.6889343857765198,0.9260764718055725,0.15108639001846313
28.584000000000003,-0.6754881739616394,0.9065183401107788,0.1278611421585083
28.604000000000003,-0.6011673808097839,0.896983802318573,0.129083514213562
28.624000000000002,-0.5764752626419067,0.9480793476104736,0.132995143532753
28.644000000000002,-0.5696299076080322,1.0089539289474487,0.13446199893951416
28.664000000000005,-0.5539834499359131,1.0192219018936157,0.12370503693819046
28.684000000000005,-0.5833206176757812,1.0231335163116455,0.10805854946374893
28.704000000000004,-0.6168138384819031,1.052959680557251,0.10512483865022659
28.724000000000004,-0.6241481304168701,1.0901200771331787,0.10121321678161621
28.754000000000005,-0.6280597448348999,1.077896237373352,0.08189958333969116
28.774000000000004,-0.594810962677002,1.0522263050079346,0.0804327204823494
28.794000000000004,-0.5786755681037903,1.0488035678863525,0.07676557451486588
28.814000000000004,-0.5850319266319275,1.0441585779190063,0.07921034097671509
28.834000000000003,-0.5911438465118408,1.0292454957962036,0.08581120520830154
28.854000000000003,-0.5921217203140259,1.009442925453186,0.0892338752746582
28.874000000000002,-0.5908993482589722,0.9967301487922668,0.09290102124214172
28.894000000000002,-0.5806313753128052,0.9857286810874939,0.09779054671525955
28.914000000000005,-0.5620511770248413,0.9818170666694641,0.1095254123210907
28.934000000000005,-0.5547168850898743,0.9617699980735779,0.10463587939739227
28.954000000000004,-0.5534945130348206,0.9475903511047363,0.1127036064863205
28.974000000000004,-0.5481160283088684,0.9429453015327454,0.11025884002447128
28.994000000000003,-0.5503162741661072,0.9483237862586975,0.12272713333368301
29.014000000000003,-0.5500718355178833,0.9678819179534912,0.12126027792692184
29.034000000000002,-0.5231794118881226,0.9637258052825928,0.12077132612466812
29.054000000000002,-0.508021891117096,0.9757051467895508,0.12810561060905457
29.074000000000005,-0.48846375942230225,0.9996638298034668,0.1095254123210907
29.094000000000005,-0.46108242869377136,1.0143324136734009,0.10610274225473404
29.114000000000004,-0.45032545924186707,1.0319347381591797,0.10781407356262207
29.134000000000004,-0.45228126645088196,1.0285120010375977,0.11417046189308167
29.154000000000003,-0.4385905861854553,1.0016196966171265,0.09314549714326859
29.174000000000003,-0.4214772582054138,0.9859731793403625,0.07334291189908981
29.194000000000003,-0.4151208698749542,0.9867066144943237,0.07309843599796295
29.214000000000002,-0.4170766770839691,0.9620144963264465,0.09852397441864014
29.244000000000003,-0.4368792474269867,0.9062739014625549,0.1334840953350067
29.264000000000003,-0.48210740089416504,0.9128747582435608,0.13250619173049927
29.284000000000002,-0.483574241399765,0.9681264162063599,0.12174922972917557
29.304000000000002,-0.44983649253845215,0.9622589349746704,0.15206429362297058
29.324000000000005,-0.39776304364204407,0.9155640006065369,0.11539284139871597
29.344000000000005,-0.3620694875717163,0.9148305654525757,0.156953826546669
29.364000000000004,-0.32882070541381836,0.9199645519256592,0.21367233991622925
29.384000000000004,-0.2916603088378906,0.8916053175926208,0.238119974732399
29.404000000000003,-0.2532775104045868,0.8551782965660095,0.2425205558538437
29.424000000000003,-0.24594321846961975,0.818751335144043,0.20169299840927124
29.444000000000003,-0.2691684663295746,0.8121504783630371,0.17431165277957916
29.464000000000002,-0.36182501912117004,0.8490663766860962,0.18262384831905365
29.484000000000005,-0.43272316455841064,0.8681355714797974,0.21122758090496063
29.504000000000005,-0.42514440417289734,0.8561562299728394,0.20902729034423828
29.524000000000004,-0.4058307707309723,0.8718026876449585,0.1792011708021164
29.544000000000004,-0.4121871590614319,0.8788925409317017,0.14204075932502747
29.564000000000004,-0.37967178225517273,0.8674021363258362,0.13959600031375885
29.584000000000003,-0.40925341844558716,0.8962503671646118,0.1322617083787918
29.604000000000003,-0.4464138448238373,0.9485682845115662,0.11123674362897873
29.624000000000002,-0.48528558015823364,0.9847508072853088,0.09070073068141937
29.644000000000002,-0.5603398084640503,0.9962411522865295,0.08556672930717468
29.664000000000005,-0.6317269206047058,1.0238670110702515,0.09290102124214172
29.684000000000005,-0.6649757027626038,1.0558934211730957,0.08336643874645233
29.704000000000004,-0.6808666586875916,1.0510039329528809,0.08092167228460312
29.724000000000004,-0.6781774163246155,1.0358463525772095,0.07994376868009567
29.744000000000003,-0.6542187333106995,1.0329126119613647,0.08678910881280899
29.764000000000003,-0.6173028349876404,1.0375577211380005,0.10488036274909973
29.784000000000002,-0.5583840012550354,1.0412248373031616,0.11930446326732635
29.804000000000002,-0.5134003758430481,1.0268007516860962,0.12419398874044418
29.824000000000005,-0.48650795221328735,1.0099318027496338,0.12419398874044418
29.844000000000005,-0.45228126645088196,0.9879289865493774,0.12614980340003967
29.864000000000004,-0.4337010681629181,0.9549246430397034,0.13372856378555298
29.884000000000004,-0.4285670518875122,0.9314549565315247,0.14032943546772003
29.904000000000003,-0.4234330654144287,0.9272988438606262,0.14228524267673492
29.924000000000003,-0.42636677622795105,0.9285212159156799,0.14399658143520355
29.944000000000003,-0.4290560185909271,0.9199645519256592,0.14399658143520355
29.964000000000002,-0.4293004870414734,0.9199645519256592,0.1469302922487259
29.984000000000005,-0.4324786961078644,0.930232584476471,0.13788466155529022
30.004000000000005,-0.4520367980003357,0.9405005574226379,0.10463587939739227
30.024000000000004,-0.5207346677780151,0.9199645519256592,-0.0009779054671525955
30.044000000000004,-0.639794647693634,0.92558753490448,0.04816184192895889
30.064000000000004,-0.6708431243896484,1.0099318027496338,0.04913974925875664
30.084000000000003,-0.6041010618209839,1.0615164041519165,0.09070073068141937
30.104000000000003,-0.5124224424362183,1.086208462715149,0.098768450319767
30.124000000000002,-0.43590134382247925,1.074229121208191,0.0955902561545372
30.144000000000002,-0.39287352561950684,1.0387800931930542,0.055740609765052795
30.164000000000005,-0.40289703011512756,0.9898847937583923,0.08287748694419861
30.184000000000005,-0.4537481367588043,0.9923295378684998,0.14521895349025726
30.214000000000002,-0.42269963026046753,1.0201998949050903,0.17113345861434937
30.234000000000005,-0.4515478312969208,0.9776609539985657,0.18213489651679993
30.254000000000005,-0.6195030808448792,0.938544750213623,0.15426458418369293
30.274000000000004,-0.6989579200744629,0.9006509184837341,0.06992024183273315
30.294000000000004,-0.7903921008110046,0.8583565354347229,0.0784769132733345
30.314000000000004,-0.8136173486709595,0.7784127593040466,0.22736302018165588
30.334000000000003,-0.6784219145774841,0.7126485705375671,0.44788068532943726
30.354000000000003,-0.6808666586875916,0.7050698399543762,0.44788068532943726
30.374000000000002,-0.7987042665481567,0.7116706967353821,0.42685574293136597
30.394000000000002,-1.218714714050293,0.7488310933113098,0.35546863079071045
30.414000000000005,-0.9493017196655273,0.7067811489105225,0.6092351078987122
30.434000000000005,-0.3051064908504486,0.7879472970962524,0.7395409941673279
30.454000000000004,-0.46743881702423096,0.778168261051178,0.6114353537559509
30.474000000000004,-0.4901750981807709,0.7297619581222534,0.6701096892356873
30.494000000000003,-0.0017113345675170422,0.7820798754692078,0.9859731793403625
30.514000000000003,-0.32833176851272583,0.8598233461380005,0.9754607081413269
30.534000000000002,-0.8608012795448303,0.7723008394241333,0.7683892250061035
30.554000000000002,-1.0644500255584717,0.5825871825218201,0.6006784439086914
30.574000000000005,-0.8209516406059265,0.45863765478134155,0.6485958099365234
30.594000000000005,-0.29606086015701294,0.5630290508270264,0.8233963847160339
30.614000000000004,-0.2500993311405182,0.5852764248847961,0.7940592169761658
30.634000000000004,-0.49090853333473206,0.5544723868370056,0.6529963612556458
30.654000000000003,-0.30877363681793213,0.5913883447647095,0.5867432951927185
30.674000000000003,-0.4901750981807709,0.5862542986869812,0.4671943187713623
30.700000000000003,-0.41756561398506165,0.5715857148170471,0.5354032516479492
30.720000000000002,-0.059407755732536316,0.7234055399894714,0.702625036239624
30.740000000000002,0.08067719638347626,0.7886807322502136,0.8649573922157288
30.760000000000005,-0.15084192156791687,0.8216850757598877,0.9189866185188293
30.780000000000005,-0.11759313195943832,0.7989487648010254,0.8879381418228149
30.800000000000004,-0.07114262133836746,0.6446841955184937,0.8471105694770813
30.820000000000004,-0.13592885434627533,0.5862542986869812,0.7952815890312195
30.840000000000003,-0.19069156050682068,0.528313398361206,0.7764569520950317
30.860000000000003,-0.037893835455179214,0.4774623215198517,0.8938055634498596
30.880000000000003,0.1461968719959259,0.491397500038147,1.030712366104126
30.900000000000002,0.13128380477428436,0.4791736602783203,1.0468478202819824
30.920000000000005,0.01931363344192505,0.40729761123657227,1.0385355949401855
30.940000000000005,-0.19827033579349518,0.32564252614974976,0.9006509184837341
30.960000000000004,0.1936252862215042,0.5515386462211609,0.58552086353302
30.980000000000004,-0.782813310623169,-0.17773431539535522,0.5361366868019104
31.000000000000004,0.07480976730585098,0.24472083151340485,0.9263209104537964
31.020000000000003,-0.2456987500190735,0.3689148426055908,1.0749626159667969
31.040000000000003,-0.10561379045248032,0.37307092547416687,1.055648922920227
31.060000000000002,-0.02126944437623024,0.3647587299346924,0.9607921242713928
31.080000000000002,-0.06429728120565414,0.2958163917064667,0.9307215213775635
31.100000000000005,-0.1063472181558609,0.29728326201438904,0.9700822234153748
31.120000000000005,-0.18751336634159088,0.2107386291027069,1.022400140762329
31.140000000000004,-0.14888609945774078,0.29532745480537415,1.0265562534332275
31.160000000000004,0.0999908298254013,0.2994835376739502,1.0439140796661377
31.183000000000003,0.19215841591358185,0.237386554479599,1.0219111442565918
31.203000000000003,0.1620878279209137,0.23078568279743195,0.9759496450424194
31.223000000000003,0.08116615563631058,0.28701525926589966,0.9424563646316528
31.243000000000002,0.09314549714326859,0.277969628572464,0.944901168346405
31.263000000000005,0.19215841591358185,0.26501238346099854,0.935855507850647
31.283000000000005,0.28090333938598633,0.20438224077224731,0.9522354602813721
31.303000000000004,0.1728447824716568,0.2126944363117218,0.9984414577484131
31.323000000000004,0.19069156050682068,0.2520551383495331,0.9876844882965088
31.343000000000004,0.26819056272506714,0.27870306372642517,0.9757051467895508
31.363000000000003,0.3151300251483917,0.2530330419540405,0.935855507850647
31.383000000000003,0.27576932311058044,0.24398741126060486,0.9233872294425964
31.403000000000002,0.16746631264686584,0.2500993311405182,0.9167863726615906
31.423000000000002,0.16184334456920624,0.2349417805671692,0.9214314222335815
31.443000000000005,0.209516242146492,0.22711853682994843,0.9074962735176086
31.463000000000005,0.18849126994609833,0.23983131349086761,0.9402561187744141
31.483000000000004,0.19973719120025635,0.21000519394874573,1.005042314529419
31.503000000000004,0.1640436351299286,0.20487119257450104,1.0128655433654785
31.523000000000003,0.20120404660701752,0.19607004523277283,1.02802312374115
31.543000000000003,0.18531307578086853,0.17186687886714935,1.0155547857284546
31.563000000000002,0.1848241239786148,0.17137792706489563,1.0150659084320068
31.583000000000002,0.16257677972316742,0.2500993311405182,1.0637166500091553
31.60300000000001,0.14424104988574982,0.29532745480537415,1.0940316915512085
31.623000000000005,0.1354399025440216,0.3126852810382843,1.0578491687774658
31.643000000000008,0.14864163100719452,0.2349417805671692,0.9881734848022461
31.653000000000006,0.10170216858386993,0.25987836718559265,0.9397671222686768
31.680000000000007,0.12174922972917557,0.25107723474502563,0.9184976816177368
31.700000000000003,0.16551049053668976,0.18017907440662384,0.8947834968566895
31.720000000000006,0.0860556811094284,0.20682699978351593,0.911896824836731
31.740000000000002,0.05891880393028259,0.19264736771583557,0.9214314222335815
31.760000000000005,0.11245912313461304,0.06723099946975708,0.9236316680908203
31.78000000000001,0.1202823668718338,0.1366622895002365,0.9383002519607544
31.800000000000004,0.07138709723949432,0.30681782960891724,0.9590807557106018
31.820000000000007,0.016379917040467262,0.22296243906021118,0.9776609539985657
31.840000000000003,-0.002444763667881489,0.29532745480537415,1.021422266960144
31.860000000000007,0.05842985212802887,0.30926260352134705,1.0712953805923462
31.880000000000003,0.12077132612466812,0.2931271493434906,1.0783852338790894
31.900000000000006,0.13910704851150513,0.2266295850276947,1.0434250831604004
31.92000000000001,0.06796442717313766,0.21856187283992767,0.9999083280563354
31.940000000000005,0.06894233077764511,0.29728326201438904,1.0238670110702515
31.96,0.15035296976566315,0.2241848260164261,1.0463588237762451
31.980000000000004,0.13323961198329926,0.28212571144104004,1.0265562534332275
32,0.09974635392427444,0.2589004635810852,1.0292454957962036
32.02,0.02860373444855213,0.25596675276756287,0.9874400496482849
32.04,0.14790819585323334,0.2278519719839096,1.007731556892395
32.06,0.1652660220861435,0.2684350311756134,1.0219111442565918
32.08,0.10047978162765503,0.2894600033760071,1.003330945968628
32.1,0.11319255828857422,0.24472083151340485,1.0143324136734009
32.12,0.08727806061506271,0.2329859733581543,1.00675368309021
32.14,0.1019466444849968,0.20976072549819946,1.0216667652130127
32.15,0.1373957097530365,0.18531307578086853,1.0390245914459229
32.173,0.15524248778820038,0.1860465109348297,1.056382417678833
32.193,0.1645325869321823,0.20438224077224731,1.0891422033309937
32.213,0.1999816596508026,0.23518626391887665,1.1206796169281006
32.233,0.24423187971115112,0.22736302018165588,1.1140787601470947
32.253,0.22809644043445587,0.24276502430438995,1.0837637186050415
32.273,0.27308011054992676,0.13959600031375885,1.0800966024398804
32.293,0.22442929446697235,0.3126852810382843,1.0840082168579102
32.313,0.18971365690231323,0.30241724848747253,1.0818078517913818
32.333,0.2075604349374771,0.26354551315307617,1.0744736194610596
32.353,0.14448553323745728,0.31806373596191406,1.0375577211380005
32.373,0.05305137112736702,0.35913577675819397,1.0221556425094604
32.393,0.15181982517242432,0.36353635787963867,1.0143324136734009
32.41299999999999,0.1398404836654663,0.3906732201576233,1.0319347381591797
32.433,0.08898939937353134,0.4569263160228729,1.0849860906600952
32.452999999999996,-0.052317939698696136,0.5270910263061523,1.1065000295639038
32.47299999999999,0.07432081550359726,0.7610549330711365,1.0055313110351562
32.493,0.2589004635810852,0.9475903511047363,1.0695841312408447
32.513,0.13690675795078278,0.3911621868610382,0.956880509853363
32.532999999999994,0.20291538536548615,0.40094122290611267,0.9106744527816772
32.55299999999999,0.0848332941532135,0.35864681005477905,0.8383094668388367
32.573,0.1266387552022934,0.4146319031715393,0.8126394152641296
32.592999999999996,0.15744277834892273,0.4603489935398102,0.7718119025230408
32.61299999999999,0.13519543409347534,0.4134095311164856,0.7317177653312683
32.633,0.15181982517242432,0.39849647879600525,0.7263392806053162
32.642999999999994,0.24129816889762878,0.4246554374694824,0.7485865950584412
32.674,0.2537664771080017,0.4444580376148224,0.7436971068382263
32.693999999999996,0.2593894302845001,0.48455214500427246,0.7216942310333252
32.71399999999999,0.3280872702598572,0.4337010681629181,0.7715674042701721
32.734,0.23591968417167664,0.46254926919937134,0.7847691178321838
32.754,0.20878280699253082,0.4603489935398102,0.8172844648361206
32.773999999999994,0.2361641675233841,0.4090089499950409,0.8255966901779175
32.79399999999999,0.2500993311405182,0.44543594121932983,0.8412431478500366
32.814,0.26941296458244324,0.41878801584243774,0.8280414342880249
32.833999999999996,0.3835834264755249,0.3344436585903168,0.8111725449562073
32.85399999999999,0.42049935460090637,0.2425205558538437,0.8148397207260132
32.874,0.25034379959106445,0.23200806975364685,0.8131283521652222
32.894,0.2970387935638428,0.21513919532299042,0.8669131994247437
32.913999999999994,0.4679277539253235,0.3366439640522003,0.9045625329017639
32.93399999999999,0.4058307707309723,0.28261467814445496,0.8586009740829468
32.954,0.2696574330329895,0.35986921191215515,0.8644683957099915
32.974,0.49286434054374695,0.3420224189758301,0.9038290977478027
32.99399999999999,0.44788068532943726,0.30852916836738586,0.8387984037399292
33.014,0.4818629026412964,0.44788068532943726,0.7632551789283752
33.034,0.1246829479932785,0.18775784969329834,0.8392873406410217
33.054,0.3280872702598572,0.261345237493515,0.9803501963615417
33.074,0.38333892822265625,0.3613360524177551,0.9546802043914795
33.094,0.2765027582645416,0.34031111001968384,0.9485682845115662
33.114,0.41487640142440796,0.28897106647491455,0.9747272729873657
33.134,0.48846375942230225,0.22491824626922607,0.9314549565315247
33.154,0.3400666117668152,0.19191394746303558,0.877670168876648
33.174,0.32686489820480347,0.20780490338802338,0.883293092250824
33.204,0.3486233055591583,0.20682699978351593,0.8810927867889404
33.224,0.4652385115623474,0.22296243906021118,0.9321883916854858
33.244,0.3892063796520233,0.17773431539535522,0.9419674277305603
33.264,0.330532044172287,0.16306573152542114,0.9845063090324402
33.284,0.29728326201438904,0.16746631264686584,1.1448827981948853
33.304,0.27185770869255066,0.28212571144104004,1.1688414812088013
33.324,0.15181982517242432,0.2589004635810852,1.1771537065505981
33.344,0.23640863597393036,0.24912141263484955,1.1703083515167236
33.364,0.08238853514194489,0.17577850818634033,1.1206796169281006
33.384,-0.018335727974772453,0.09387892484664917,1.0348684787750244
33.404,0.027625828981399536,0.05280689522624016,1.0047978162765503
33.424,0.06992024183273315,0.03593802452087402,1.0458698272705078
33.444,-0.02469211257994175,0.018091250211000443,1.0935428142547607
33.464,-0.14913058280944824,-0.0004889527335762978,1.0312012434005737
33.484,-0.0784769132733345,-0.06063013896346092,1.0358463525772095
33.504,-0.19582556188106537,-0.03324878588318825,1.0918314456939697
33.524,-0.4090089499950409,0.004645050968974829,1.1299697160720825
33.544,-0.261345237493515,0.12566085159778595,1.1849769353866577
33.564,-0.08556672930717468,0.11490388959646225,1.1500167846679688
33.584,0.023958683013916016,0.12932799756526947,1.1089447736740112
33.604,0.03153745085000992,0.09656815975904465,0.9796167612075806
33.624,0.012223818339407444,0.05354032292962074,0.9126302599906921
33.644,-0.1342175155878067,0.06356385350227356,0.9052959680557251
33.664,-0.2354307323694229,0.05818537250161171,0.9414784908294678
33.684,-0.043272316455841064,-0.06943129003047943,1.044403076171875
33.704,-0.08018824458122253,-0.028848210349678993,1.0544265508651733
33.714,-0.15304219722747803,0.007823243737220764,1.0341349840164185
33.744,-0.02640344761312008,0.03007059171795845,1.0035754442214966
33.764,0.11881551146507263,0.06478623300790787,1.0756959915161133
33.784,0.21098309755325317,0.07554319500923157,1.1465941667556763
33.804,-0.019802585244178772,-0.04718393832445145,1.1216574907302856
33.824,-0.24398741126060486,-0.03838278725743294,1.0475811958312988
33.844,-0.20218195021152496,0.03569354861974716,1.040002465248108
33.864,-0.2026709020137787,0.05182898789644241,0.9761941432952881
33.884,-0.2146502435207367,0.033004309982061386,0.9387892484664917
33.904,-0.17797879874706268,0.018824679777026176,0.9757051467895508
33.924,-0.26745712757110596,-0.052073463797569275,0.980839192867279
33.944,-0.3791828453540802,-0.031048497185111046,0.9607921242713928
33.964,-0.560584306716919,0.045228127390146255,1.0021085739135742
33.984,-0.6591082811355591,0.11294808238744736,1.042691707611084
34.004,-0.6319714188575745,0.006356385536491871,1.043669581413269
34.024,-0.551294207572937,-0.04058307781815529,1.033401608467102
34.044,-0.3987409472465515,0.013690676540136337,1.0287564992904663
34.064,-0.14130733907222748,0.09363444894552231,1.067628264427185
34.084,-0.06234147399663925,0.06283042579889297,1.0893867015838623
34.104,-0.2557222843170166,0.09534578025341034,1.0385355949401855
34.124,-0.4354124069213867,0.23005226254463196,0.9285212159156799
34.144,-0.5686520338058472,0.3835834264755249,0.8373315334320068
34.164,-0.5026434063911438,0.3253980278968811,0.8568896651268005
34.184,-0.35620206594467163,0.2804143726825714,0.8632460236549377
34.214,-0.08996730297803879,0.22442929446697235,0.9153195023536682
34.234,-0.33786633610725403,0.20853833854198456,0.8185068368911743
34.254,-0.5979892015457153,0.23249702155590057,0.7984598278999329
34.274,-0.9473459124565125,0.21244995296001434,0.7392964959144592
34.294,-0.8837820291519165,0.1848241239786148,0.8287748694419861
34.314,-0.7400299310684204,0.10439140349626541,0.8356202244758606
34.334,-0.5879656672477722,0.05965223163366318,0.82608562707901
34.354,-0.5021544694900513,-0.005378480069339275,0.7979708313941956
34.374,-0.5493384003639221,0.02860373444855213,0.6908901929855347
34.394,-0.5825871825218201,0.01564648747444153,0.6569079756736755
34.414,-0.5361366868019104,0.1139259859919548,0.6759771704673767
34.434,-0.5539834499359131,0.09925740212202072,0.659352719783783
34.454,-0.7295174598693848,0.14155180752277374,0.6539742946624756
34.474,-0.8872047066688538,0.31561899185180664,0.7737677097320557
34.494,-0.9903737306594849,0.4667053818702698,0.6908901929855347
34.514,-1.0744736194610596,0.35033461451530457,0.6422393918037415
34.534,-1.2057573795318604,0.3014393448829651,0.5539834499359131
34.554,-1.279589295387268,0.3038841187953949,0.546649158000946
34.574,-1.093298316001892,0.3002169728279114,0.5217125415802002
34.594,-0.9067628383636475,0.22760748863220215,0.47379517555236816
34.614,-0.8654463291168213,0.1505974382162094,0.4667053818702698
34.644,-0.8478440046310425,0.16991107165813446,0.3569355010986328
34.664,-0.8634905219078064,0.2285853922367096,0.35424625873565674
34.684,-1.1314365863800049,0.1760229766368866,0.29923906922340393
34.704,-1.4262751340866089,0.021758396178483963,0.22051768004894257
34.724,-1.3108822107315063,0.04547260329127312,0.24349845945835114
34.744,-1.062249779701233,0.1405739039182663,0.30657336115837097
34.764,-0.9876844882965088,0.1672218292951584,0.3102405071258545
34.784,-0.98548424243927,0.1640436351299286,0.30681782960891724
34.804,-0.959814190864563,0.1664884090423584,0.31439658999443054
34.824,-0.9835283756256104,0.18702441453933716,0.2689239978790283
34.844,-1.0627387762069702,0.24007578194141388,0.2386089265346527
34.864,-1.133147954940796,0.2669681906700134,0.18506860733032227
34.884,-1.2211594581604004,0.2082938551902771,0.12566085159778595
34.904,-1.306726098060608,0.1266387552022934,0.07945481687784195
34.924,-1.3140604496002197,0.09363444894552231,0.07456529140472412
34.944,-1.2035571336746216,0.10732512176036835,0.1366622895002365
34.964,-1.1795984506607056,0.11245912313461304,0.13690675795078278
34.984,-1.1038107872009277,0.0664975717663765,0.20095956325531006
35.004,-1.071051001548767,0.06894233077764511,0.27625828981399536
35.024,-1.079607605934143,0.08776701241731644,0.2589004635810852
35.044,-0.9798612594604492,0.10439140349626541,0.33517709374427795
35.054,-0.9131191968917847,0.10243559628725052,0.41756561398506165
35.084,-1.0150659084320068,0.09387892484664917,0.4038749635219574
35.104,-1.067628264427185,0.09925740212202072,0.44665831327438354
35.124,-0.9783943891525269,0.15744277834892273,0.513644814491272
35.144,-0.8458881974220276,0.17577850818634033,0.5515386462211609
35.164,-0.6830669641494751,0.16110992431640625,0.654707670211792
35.184,-0.8143507838249207,0.12883904576301575,0.7243834733963013
35.204,-0.8035938143730164,0.21929529309272766,0.7084925174713135
35.224,-0.6160804033279419,0.1525532454252243,0.7378296852111816
35.244,-0.673043429851532,0.06551966816186905,0.7373406887054443
35.264,-0.5772086977958679,0.052317939698696136,0.7747455835342407
35.284,-0.5395593047142029,0.09803502261638641,0.8405097126960754
35.304,-0.6219478845596313,0.10928093641996384,0.8451547622680664
35.324,-0.6659536361694336,0.1139259859919548,0.8417321443557739
35.344,-0.6828224658966064,0.13568438589572906,0.8348867893218994
35.364,-0.5561836957931519,0.1955810934305191,0.8950279355049133
35.384,-0.6926015615463257,0.17480060458183289,0.885004460811615
35.404,-0.6578859090805054,0.14668582379817963,0.8720471858978271
35.424,-0.7219386696815491,0.17235583066940308,0.8483330011367798
35.444,-0.738563060760498,0.19973719120025635,0.8634905219078064
35.464,-0.6356385350227356,0.181645929813385,0.8967393040657043
35.484,-0.5928551554679871,0.14888609945774078,0.8862268328666687
35.494,-0.5759863257408142,0.1513308733701706,0.8732695579528809
35.52,-0.582831621170044,0.1310393363237381,0.874002993106842
35.54,-0.6559301018714905,0.1254163682460785,0.859334409236908
35.56,-0.6899123191833496,0.13837362825870514,0.8801149129867554
35.58,-0.6402835845947266,0.1417962908744812,0.8715582489967346
35.6,-0.5970112681388855,0.12590532004833221,0.8463771939277649
35.62,-0.6075237393379211,0.13006141781806946,0.8568896651268005
35.64,-0.6373499035835266,0.1461968719959259,0.8630015850067139
35.66,-0.7001802921295166,0.16795526444911957,0.8842710256576538
35.68,-0.6671760082244873,0.197536900639534,0.8923386931419373
35.7,-0.6121687889099121,0.16795526444911957,0.8710692524909973
35.72,-0.5769641995429993,0.1537756323814392,0.8586009740829468
35.74,-0.5904104113578796,0.145707905292511,0.8527335524559021
35.76,-0.6456620693206787,0.1672218292951584,0.866668701171875
35.78,-0.6302600502967834,0.1772453635931015,0.8803593516349792
35.8,-0.6466400027275085,0.14741924405097961,0.8823152184486389
35.82,-0.6287931799888611,0.1672218292951584,0.8845154643058777
35.84,-0.587232232093811,0.13886258006095886,0.8630015850067139
35.86,-0.5884546041488647,0.12590532004833221,0.8485774397850037
35.88,-0.6419949531555176,0.1405739039182663,0.8759588003158569
35.9,-0.6512850522994995,0.16110992431640625,0.8982061743736267
35.92,-0.6246371269226074,0.1557314395904541,0.9028512239456177
35.93,-0.6217033863067627,0.12199370563030243,0.9052959680557251
35.964,-0.6060569286346436,0.14888609945774078,0.9021177887916565
35.984,-0.579897940158844,0.14399658143520355,0.8828041553497314
36.004,-0.5894325375556946,0.1234605610370636,0.8835375905036926
36.024,-0.6070348024368286,0.14961953461170197,0.9079852104187012
36.044,-0.6476178765296936,0.15035296976566315,0.8742474913597107
36.064,-0.5574061274528503,0.1386180967092514,0.8825596570968628
36.084,-0.6708431243896484,0.13764019310474396,0.9023622274398804
36.104,-0.6718210577964783,0.18409070372581482,0.895272433757782
36.124,-0.6493292450904846,0.11368151009082794,0.8654463291168213
36.144,-0.491397500038147,0.0740763396024704,0.9087186455726624
36.164,-0.5759863257408142,0.14961953461170197,0.9194756150245667
36.184,-0.6138801574707031,0.1836017519235611,0.9206979870796204
36.204,-0.5552058219909668,0.14106285572052002,0.923876166343689
36.224,-0.5021544694900513,0.13910704851150513,0.9383002519607544
36.244,-0.4564373791217804,0.12492742389440536,0.944901168346405
36.264,-0.4862634837627411,0.13495095074176788,0.9532133340835571
36.284,-0.4830853044986725,0.1298169493675232,0.9637258052825928
36.304,-0.3967851400375366,0.13935153186321259,0.9935519099235535
36.324,-0.4197659194469452,0.15597592294216156,0.9972190856933594
36.344,-0.42392200231552124,0.13568438589572906,0.9832839369773865
36.364,-0.3967851400375366,0.13079485297203064,0.9710600972175598
36.374,-0.3647587299346924,0.15157534182071686,0.9730159044265747
36.394,-0.3576689064502716,0.1234605610370636,0.9725269675254822
36.414,-0.34520062804222107,0.10928093641996384,0.997463583946228
36.434,-0.3444671928882599,0.12492742389440536,1.000152826309204
36.454,-0.342511385679245,0.11172569543123245,0.990129292011261
36.474,-0.31488555669784546,0.10610274225473404,0.9835283756256104
36.494,-0.30290621519088745,0.08752253651618958,1.0013751983642578
36.514,-0.31292974948883057,0.09754607081413269,1.007731556892395
36.534,-0.2950829565525055,0.10976988822221756,1.0123766660690308
36.554,-0.2777251601219177,0.1063472181558609,1.0035754442214966
36.574,-0.274791419506073,0.10708064585924149,1.0126210451126099
36.594,-0.26867952942848206,0.09754607081413269,1.0140879154205322
36.614,-0.30852916836738586,0.08312196284532547,1.0248448848724365
36.634,-0.3055954575538635,0.10268007218837738,1.0522263050079346
36.654,-0.25107723474502563,0.06136356666684151,1.0157992839813232
36.674,-0.2393423616886139,0.04742841422557831,0.9801057577133179
36.694,-0.22125111520290375,0.06405280530452728,0.9986859560012817
36.714,-0.2765027582645416,0.10659169405698776,1.062249779701233
36.734,-0.29337164759635925,0.13837362825870514,1.0798521041870117
36.754,-0.2923937439918518,0.06283042579889297,1.065916895866394
36.774,-0.273324579000473,0.03936069458723068,1.0668948888778687
36.794,-0.15866516530513763,0.09852397441864014,1.0241115093231201
36.814,-0.21049414575099945,0.06967576593160629,1.0532041788101196
36.824,-0.2796809673309326,0.09730159491300583,1.0825413465499878
36.854,-0.2202731966972351,0.12321608513593674,1.103566288948059
36.874,-0.181645929813385,0.06234147399663925,1.062249779701233
36.894,-0.16746631264686584,0.07334291189908981,1.069339632987976
36.914,-0.16233231127262115,0.05598508566617966,1.0466033220291138
36.934,-0.144974485039711,0.0664975717663765,1.0336461067199707
36.954,-0.09950187802314758,0.08067719638347626,1.0113986730575562
36.974,-0.0924120619893074,0.019069155678153038,1.0287564992904663
36.994,-0.21856187283992767,0.05109556019306183,1.077896237373352
37.014,-0.14130733907222748,0.07823243737220764,1.0495370626449585
37.034,-0.13690675795078278,0.055740609765052795,1.0341349840164185
37.054,-0.09314549714326859,0.01320172380656004,1.0189775228500366
37.074,-0.07774348556995392,0.0418054573237896,0.9923295378684998
37.094,-0.11319255828857422,0.07016471773386002,1.071051001548767
37.114,-0.0860556811094284,0.05794089660048485,1.0544265508651733
37.134,-0.08312196284532547,0.06160804256796837,1.0199553966522217
37.154,-0.07774348556995392,0.057451944798231125,1.0082205533981323
37.174,-0.06527519226074219,0.032759834080934525,1.0143324136734009
37.194,-0.05867432802915573,0.025670018047094345,1.0285120010375977
37.214,-0.10610274225473404,0.05427375063300133,1.044647455215454
37.234,-0.12590532004833221,0.0804327204823494,1.0583381652832031
37.254,-0.12394951283931732,0.07701005041599274,1.0688506364822388
37.274,-0.1019466444849968,0.05134003609418869,1.0578491687774658
37.294,-0.12443846464157104,0.07921034097671509,1.0835192203521729
37.314,-0.08409986644983292,0.05280689522624016,1.0673837661743164
37.334,-0.10072425752878189,0.03153745085000992,1.0600495338439941
37.354,-0.06943129003047943,0.0386272668838501,1.0620052814483643
37.374,-0.11612626910209656,0.05622956156730652,1.0356018543243408
37.394,-0.09461235255002975,0.0664975717663765,1.0627387762069702
37.414,-0.06380832940340042,0.022491825744509697,1.0532041788101196
37.434,-0.07114262133836746,0.0418054573237896,1.0370687246322632
37.454,-0.09901292622089386,0.06063013896346092,1.050270438194275
37.474,-0.05891880393028259,0.04278336465358734,1.0321792364120483
37.494,-0.053784798830747604,0.0462060309946537,1.0221556425094604
37.514,-0.13519543409347534,0.06918681412935257,1.0402469635009766
37.534,-0.11832655966281891,0.07578767091035843,1.0642056465148926
37.554,-0.08263301104307175,0.06209699437022209,1.0549155473709106
37.574,-0.08458881825208664,0.045228127390146255,1.053937554359436
37.594,-0.07603214681148529,0.06185251846909523,1.054671049118042
37.614,-0.06356385350227356,0.06209699437022209,1.021422266960144
37.634,-0.09021177887916565,0.06356385350227356,1.0238670110702515
37.654,-0.07994376868009567,0.04278336465358734,1.0510039329528809
37.674,-0.07016471773386002,0.05794089660048485,1.0302233695983887
37.694,-0.052317939698696136,0.08189958333969116,1.0402469635009766
37.714,-0.01760229840874672,0.0664975717663765,1.0089539289474487
37.724,0.015402010641992092,0.08434434235095978,0.96714848279953
37.754,-0.16037648916244507,0.07163157314062119,1.0397579669952393
37.774,-0.1417962908744812,0.05085108429193497,1.062249779701233
37.794,-0.22174006700515747,0.03911621868610382,1.1106561422348022
37.814,-0.17773431539535522,0.07456529140472412,1.088897705078125
37.834,-0.12052685022354126,0.046939462423324585,1.0732512474060059
37.854,-0.14790819585323334,0.05085108429193497,1.0974544286727905
37.874,-0.11539284139871597,0.03667145594954491,1.0979433059692383
37.894,-0.10047978162765503,0.048650797456502914,1.0881643295288086
37.914,-0.12761665880680084,0.05989670753479004,1.086208462715149
37.934,-0.10365797579288483,0.036182500422000885,1.074229121208191
37.954,0.22711853682994843,0.011001436039805412,1.0678727626800537
37.974,-0.05085108429193497,0.04449469968676567,1.0238670110702515
37.994,-0.07432081550359726,0.06796442717313766,0.9832839369773865
38.014,-0.22516272962093353,-0.02102496661245823,0.971793532371521
38.034,-0.49799835681915283,0.019069155678153038,0.950524091720581
38.054,-0.4278336465358734,0.14986400306224823,0.9903737306594849
38.074,-0.2755248546600342,0.17137792706489563,0.7833022475242615
38.094,-0.43150079250335693,0.04131650552153587,0.43907955288887024
38.114,-1.1610182523727417,-0.043516792356967926,0.0633193776011467
38.134,-1.5142866373062134,-0.21122758090496063,0.22565168142318726
38.154,-0.8764477372169495,-0.1031690239906311,0.19607004523277283
38.174,-1.1245912313461304,0.33077651262283325,0.06551966816186905
38.204,-1.2558751106262207,0.026892399415373802,-0.22174006700515747
38.224,-0.8634905219078064,-0.7713229060173035,-0.15939858555793762
38.244,-0.7253613471984863,-0.30535098910331726,-0.48846375942230225
38.264,-1.2504966259002686,0.08312196284532547,-0.630748987197876
38.284,-1.0439140796661377,-0.2202731966972351,-0.6109464168548584
38.304,-0.9067628383636475,-0.35155701637268066,-0.5618066787719727
38.324,-0.9632368683815002,-0.291415810585022,-0.6319714188575745
38.344,-0.7718119025230408,-0.21098309755325317,-0.6121687889099121
38.364,-0.8752253651618958,-0.13397304713726044,-0.7253613471984863
38.384,-0.833419919013977,-0.20242643356323242,-0.7190049886703491
38.404,-0.8023714423179626,-0.18189041316509247,-0.6867340803146362
38.424,-0.7229166030883789,-0.2146502435207367,-0.6688873171806335
38.444,-0.7138710021972656,-0.1728447824716568,-0.7253613471984863
38.464,-0.7295174598693848,-0.1672218292951584,-0.7747455835342407
38.484,-0.7351404428482056,-0.17969012260437012,-0.7326956391334534
38.504,-0.7759679555892944,-0.16502153873443604,-0.6613085865974426
38.524,-0.7845246195793152,-0.16868868470191956,-0.639794647693634
38.544,-0.6901567578315735,-0.19338080286979675,-0.6710876226425171
38.564,-0.7187604904174805,-0.21758396923542023,-0.728295087814331
38.584,-0.7241389751434326,-0.12761665880680084,-0.6806222200393677
38.604,-0.7864804863929749,-0.17235583066940308,-0.6588637828826904
38.614,-0.8143507838249207,-0.24227607250213623,-0.6598417162895203
38.644,-0.5244017839431763,-0.1608654409646988,-0.6573969125747681
38.664,-0.6412615180015564,-0.17455612123012543,-0.7458973526954651
38.684,-0.9324328303337097,-0.25034379959106445,-0.7820798754692078
38.704,-0.730250895023346,-0.07163157314062119,-0.7270727157592773
38.724,-0.7197384238243103,-0.2430095076560974,-0.7229166030883789
38.744,-0.4488585889339447,-0.21000519394874573,-0.8209516406059265
38.764,-0.563273549079895,-0.14424104988574982,-0.8436879515647888
38.784,-0.661064088344574,-0.09827949851751328,-0.797481894493103
38.804,-0.6515294909477234,-0.06992024183273315,-0.8490663766860962
38.824,-0.6405280828475952,-0.044983651489019394,-0.8852488994598389
38.844,-0.6586193442344666,-0.04425022006034851,-0.9529688358306885
38.864,-0.5955443978309631,-0.07896586507558823,-0.9744827747344971
38.884,-0.6393057107925415,-0.07872138917446136,-0.9742382764816284
38.904,-0.6072793006896973,-0.05647404119372368,-0.9282767176628113
38.924,-0.6070348024368286,-0.06894233077764511,-0.8769367337226868
38.944,-0.5701189041137695,-0.07236500084400177,-0.8422210812568665
38.964,-0.5446933507919312,-0.08434434235095978,-0.8365980982780457
38.984,-0.5525165796279907,-0.09045625478029251,-0.8319530487060547
39.004,-0.5703633427619934,-0.09192311018705368,-0.8737584948539734
39.024,-0.5774531960487366,-0.09338997304439545,-0.8903828859329224
39.044,-0.6419949531555176,-0.09901292622089386,-0.890627384185791
39.064,-0.7908810377120972,-0.1505974382162094,-0.9656816124916077
39.094,-0.8854933977127075,-0.18262384831905365,-0.9810836315155029
39.114,-1.0329126119613647,-0.13250619173049927,-1.0341349840164185
39.134,-1.2328943014144897,-0.28212571144104004,-0.9348776340484619
39.154,-1.452923059463501,-0.11148121953010559,-0.8693579435348511
39.174,-1.704978108406067,-0.09387892484664917,-0.7246279120445251
39.194,-1.8558200597763062,0.050117652863264084,-1.008465051651001
39.214,-0.1887357532978058,-0.17822326719760895,-0.8879381418228149
39.234,-0.40607523918151855,-0.43785715103149414,0.07798796147108078
39.254,-0.8290193676948547,-0.3063288927078247,0.21196100115776062
39.274,-0.4759954810142517,-0.0070898146368563175,0.35913577675819397
39.294,-0.2513217031955719,-0.07456529140472412,0.6270818710327148
39.314,-0.46108242869377136,-0.21220548450946808,0.6820890307426453
39.334,-0.3608471155166626,0.04913974925875664,0.8718026876449585
39.354,-0.21024967730045319,0.1254163682460785,1.0025975704193115
39.374,-0.18213489651679993,-0.0012223818339407444,0.9955077171325684
39.394,-0.04425022006034851,-0.021758396178483963,1.0270452499389648
39.414,-0.0430278405547142,0.05427375063300133,1.0480701923370361
39.434,-0.0968126431107521,-0.0002444763667881489,1.0189775228500366
39.454,-0.0051340037025511265,0.024203160777688026,0.9876844882965088
39.474,0.0772545337677002,0.0816551074385643,1.0030865669250488
39.494,-0.006845338270068169,0.027136875316500664,1.0250893831253052
39.514,0.06160804256796837,0.01515753474086523,1.0629832744598389
39.544,-0.06503070890903473,0.02298077754676342,1.0268007516860962
39.564,0.045228127390146255,0.0462060309946537,1.006020188331604
39.584,-0.032759834080934525,0.04791736602783203,1.0270452499389648
39.604,0.09803502261638641,0.04816184192895889,1.0304678678512573
39.624,0.2007150948047638,0.027625828981399536,1.0138434171676636
39.644,-0.25352197885513306,0.052073463797569275,1.029000997543335
39.664,-0.009290101937949657,0.07432081550359726,1.0424472093582153
39.684,0.020780490711331367,0.010268007405102253,1.0219111442565918
39.704,-0.029092686250805855,0.05451823025941849,0.9913516640663147
39.724,-0.016379917040467262,0.02640344761312008,0.9761941432952881
39.744,0.03887174278497696,0.0836109146475792,1.021422266960144
39.764,-0.0943678766489029,0.09412340074777603,1.0490480661392212
39.784,-0.02298077754676342,0.1095254123210907,1.0698285102844238
39.804,-0.020047061145305634,0.14032943546772003,1.0551599264144897
39.824,0.034715645015239716,0.14326314628124237,1.1003880500793457
39.844,0.07040919363498688,0.16037648916244507,1.095009684562683
39.864,0.11612626910209656,0.15108639001846313,1.056626796722412
39.884,0.09045625478029251,0.09901292622089386,1.003330945968628
39.904,-0.02860373444855213,0.05305137112736702,0.9859731793403625
39.924,-0.310729444026947,0.02664792351424694,0.9451456069946289
39.944,-0.48015156388282776,0.12174922972917557,0.9121413230895996
39.964,-0.40240809321403503,0.09094520658254623,0.8764477372169495
39.994,-0.33957767486572266,0.0026892400346696377,0.8417321443557739
40.014,-0.3209974765777588,-0.054029274731874466,0.8295083045959473
40.034,-0.7498090267181396,-0.11368151009082794,0.6327048540115356
40.054,-1.0358463525772095,-0.20804938673973083,0.46694985032081604
40.074,-1.125813603401184,-0.17895670235157013,0.5114445686340332
40.094,-0.9052959680557251,-0.40485286712646484,0.37893834710121155
40.114,-0.9972190856933594,-0.6197475790977478,0.37013721466064453
40.134,-0.98841792345047,-0.5862542986869812,0.3887174129486084
40.154,-1.0661613941192627,-0.3368884325027466,0.4527702331542969
40.174,-1.2781224250793457,-0.1019466444849968,0.3261314630508423
40.194,-1.242917776107788,0.019802585244178772,0.330532044172287
40.214,-1.0620052814483643,-0.010268007405102253,0.3293096721172333
40.234,-1.0651835203170776,-0.1417962908744812,0.27576932311058044
40.254,-1.2798337936401367,-0.02322525531053543,0.3400666117668152
40.274,-1.1920667886734009,-0.007334291003644466,0.33762186765670776
40.294,-0.9669039845466614,-0.02860373444855213,0.29654982686042786
40.314,-0.8001711368560791,-0.06992024183273315,0.2892155349254608
40.334,-0.7759679555892944,-0.16624392569065094,0.2386089265346527
40.354,-0.955169141292572,-0.17308926582336426,0.2285853922367096
40.374,-1.0979433059692383,-0.2178284376859665,0.237386554479599
40.394,-1.116279125213623,-0.20560462772846222,0.2571891248226166
40.404,-1.0233780145645142,-0.16819973289966583,0.23371940851211548
40.434,-1.0319347381591797,-0.1285945624113083,0.2848149538040161
40.454,-1.1057665348052979,-0.07334291189908981,0.22907434403896332
40.474,-1.296458125114441,-0.06992024183273315,0.1672218292951584
40.494,-1.3998717069625854,-0.1190599873661995,0.23591968417167664
40.514,-1.2275158166885376,-0.35106804966926575,0.49090853333473206
40.534,-0.7923479080200195,-0.3967851400375366,0.39654067158699036
40.554,-0.8114170432090759,-0.28652629256248474,0.35180148482322693
40.574,-1.0021085739135742,-0.34788987040519714,0.19778138399124146
40.594,-1.0705620050430298,-0.3720930218696594,0.20120404660701752
40.614,-1.056626796722412,-0.27943646907806396,0.25474438071250916
40.634,-1.0793631076812744,-0.20291538536548615,0.3310209810733795
40.654,-1.116279125213623,-0.1943587064743042,0.29728326201438904
40.674,-1.0148214101791382,-0.2202731966972351,0.41120925545692444
40.694,-0.9972190856933594,-0.1645325869321823,0.29777219891548157
40.714,-1.0791186094284058,-0.20047061145305634,0.29532745480537415
40.734,-1.0849860906600952,-0.1955810934305191,0.25743362307548523
40.754,-0.9898847937583923,-0.24032026529312134,0.3253980278968811
40.774,-0.7410078644752502,-0.237386554479599,0.2070714831352234
40.794,-0.6992024183273315,-0.2456987500190735,0.26867952942848206
40.814,-1.0617607831954956,-0.18189041316509247,0.004156098235398531
40.834,-1.1825321912765503,-0.30046144127845764,-0.044983651489019394
40.854,-1.102588415145874,-0.3486233055591583,-0.09827949851751328
40.884,-0.8505332469940186,-0.2958163917064667,-0.17040002346038818
40.904,-0.908963143825531,-0.2481435090303421,-0.22198453545570374
40.924,-0.866668701171875,-0.2911713421344757,-0.33004307746887207
40.944,-1.0109097957611084,-0.286770761013031,-0.4500809907913208
40.964,-1.1424380540847778,-0.28774866461753845,-0.49653148651123047
40.984,-1.0243560075759888,-0.27943646907806396,-0.43467897176742554
41.004,-0.9074962735176086,-0.30363965034484863,-0.37453779578208923
41.024,-0.7314732670783997,-0.22614063322544098,-0.3742932975292206
41.044,-0.7221831679344177,-0.2178284376859665,-0.486752450466156
41.064,-1.3314182758331299,-0.15744277834892273,-0.6290376782417297
41.084,-1.2954802513122559,-0.37698253989219666,-0.3603581488132477
41.104,-0.862023651599884,-0.23787550628185272,-0.27308011054992676
41.124,-1.0314457416534424,-0.027381353080272675,-0.3046175539493561
41.144,-1.084497094154358,-0.14424104988574982,-0.3962961733341217
41.164,-1.108455777168274,-0.12394951283931732,-0.3603581488132477
41.184,-1.0715398788452148,-0.06845337897539139,-0.36744797229766846
41.204,-1.0644500255584717,-0.0493842251598835,-0.35424625873565674
41.224,-1.098187804222107,-0.07334291189908981,-0.3601136803627014
41.244,-1.0994101762771606,-0.060874614864587784,-0.395073801279068
41.264,-1.2089356184005737,-0.007334291003644466,-0.35424625873565674
41.284,-1.330684781074524,-0.05158451199531555,-0.225407212972641
41.304,-1.3050148487091064,-0.02664792351424694,-0.2584115266799927
41.324,-1.1666412353515625,-0.17040002346038818,-0.3082846999168396
41.344,-1.10527765750885,-0.238119974732399,-0.2740580141544342
41.364,-1.0250893831253052,-0.11319255828857422,-0.13275066018104553
41.384,-0.9444121718406677,-0.12370503693819046,-0.17137792706489563
41.404,-1.0346239805221558,-0.13715124130249023,-0.1987592875957489
41.424,-1.134125828742981,-0.18824680149555206,-0.16477707028388977
41.444,-1.0422027111053467,-0.17480060458183289,-0.13446199893951416
41.464,-0.8077499270439148,-0.032759834080934525,0.05354032292962074
41.484,-0.818751335144043,-0.10683616995811462,0.07334291189908981
41.504,-0.9595696926116943,-0.17040002346038818,-0.007823243737220764
41.524,-1.0013751983642578,-0.12957246601581573,-0.0418054573237896
41.544,-1.0189775228500366,-0.13690675795078278,-0.07652109861373901
41.564,-0.9519909620285034,-0.19509214162826538,-0.0633193776011467
41.584,-0.8287748694419861,-0.20144851505756378,-0.023469731211662292
41.604,-0.8757143020629883,-0.20584909617900848,-0.06429728120565414
41.624,-0.9001619815826416,-0.23640863597393036,-0.12077132612466812
41.644,-0.9876844882965088,-0.31488555669784546,-0.2361641675233841
41.664,-1.136815071105957,-0.34397825598716736,-0.21636158227920532
41.684,-1.0576047897338867,-0.28530392050743103,-0.07969929277896881
41.704,-0.9444121718406677,-0.2520551383495331,-0.012957246974110603
41.724,-0.9700822234153748,-0.28065887093544006,-0.046939462423324585
41.744,-0.8735140562057495,-0.25425541400909424,0.01589096337556839
41.754,-0.9468569755554199,-0.3246646225452423,-0.023469731211662292
41.784,-1.0783852338790894,-0.26990190148353577,-0.09705711901187897
41.804,-1.0488035678863525,-0.2620786726474762,-0.09143415838479996
41.824,-0.9189866185188293,-0.17944565415382385,-0.07554319500923157
41.844,-0.7979708313941956,-0.22369587421417236,-0.05500718206167221
41.864,-0.9488127827644348,-0.1716224104166031,-0.21831738948822021
41.884,-1.1749533414840698,-0.11001436412334442,-0.3823610246181488
41.904,-1.3404638767242432,-0.04913974925875664,-0.5434709787368774
41.924,-1.1556397676467896,-0.01955810934305191,-0.5385814309120178
41.944,-0.9094520807266235,-0.0804327204823494,-0.4860190153121948
41.964,-0.9864621162414551,0.012468294240534306,-0.5156006217002869
41.984,-0.9669039845466614,-0.12688323855400085,-0.5994560122489929
42.004,-0.9739938378334045,-0.15328668057918549,-0.6960241794586182
42.024,-0.8862268328666687,-0.0848332941532135,-0.7705894708633423
42.044,-0.7996821999549866,-0.12126027792692184,-0.8253521919250488
42.064,-0.7899031043052673,-0.06625309586524963,-0.8512666821479797
42.084,-0.7441860437393188,0.007334291003644466,-0.8622681498527527
42.104,-0.8671576380729675,0.05891880393028259,-0.9319438934326172
42.124,-0.8982061743736267,0.054029274731874466,-0.9160529375076294
42.144,-0.7764569520950317,0.01955810934305191,-0.8143507838249207
42.164,-0.716315746307373,0.03716040775179863,-0.7517648339271545
42.184,-0.7307398319244385,-0.052562419325113297,-0.7241389751434326
42.204,-0.5921217203140259,-0.059407755732536316,-0.7177826166152954
42.224,-0.6236591935157776,-0.06967576593160629,-0.7527427077293396
42.244,-0.41683220863342285,-0.1190599873661995,-0.7532316446304321
42.264,-0.5825871825218201,-0.1334840953350067,-0.8554227948188782
42.284,-0.8148397207260132,-0.12614980340003967,-0.9231427311897278
42.304,-0.6820890307426453,-0.07603214681148529,-0.8483330011367798
42.324,-0.5684075355529785,-0.08263301104307175,-0.8231518864631653
42.344,-0.6163249015808105,-0.0816551074385643,-0.8309751749038696
42.364,-0.6505516171455383,-0.09974635392427444,-0.8757143020629883
42.384,-0.6358830332756042,-0.15670934319496155,-0.8898939490318298
42.404,-0.5737860202789307,-0.16355468332767487,-0.8209516406059265
42.424,-0.49164196848869324,-0.1672218292951584,-0.7730342745780945
42.444,-0.5737860202789307,-0.16575497388839722,-0.7984598278999329
42.464,-0.6190141439437866,-0.21049414575099945,-0.8273079991340637
42.484,-0.5886991024017334,-0.2007150948047638,-0.8084833025932312
42.504,-0.6625309586524963,-0.1684442162513733,-0.7764569520950317
42.524,-0.6735323667526245,-0.29972800612449646,-0.8478440046310425
42.544,-0.6918681263923645,-0.4742841422557831,-0.8757143020629883
42.564,-0.6253705620765686,-0.08018824458122253,-0.8884270787239075
42.584,-0.6603306531906128,-0.13935153186321259,-0.8155731558799744
42.604,-0.5371145606040955,-0.32050850987434387,-0.8133728504180908
42.624,-0.48137396574020386,-0.1867799460887909,-0.8368425965309143
42.644,-0.5537389516830444,-0.25229960680007935,-0.8412431478500366
42.674,-0.7058032751083374,-0.19484765827655792,-0.8150842189788818
42.694,-0.6759771704673767,-0.17895670235157013,-0.9021177887916565
42.714,-0.6793997883796692,-0.11612626910209656,-0.9043180346488953
42.734,-0.76618891954422,-0.18971365690231323,-0.7468752861022949
42.754,-0.5706078410148621,-0.16991107165813446,-0.644439697265625
42.774,-0.6561745405197144,-0.17969012260437012,-0.6823335289955139
42.794,-0.725605845451355,-0.1386180967092514,-0.695290744304657
42.814,-0.6573969125747681,-0.11979341506958008,-0.7067811489105225
42.834,-0.6146135926246643,-0.11514836549758911,-0.6361274719238281
42.854,-0.7424747347831726,0.07994376868009567,-0.5884546041488647
42.874,-0.8013935089111328,0.06405280530452728,-0.5882101058959961
42.894,-0.8390429019927979,0.06918681412935257,-0.6136356592178345
42.914,-0.8752253651618958,0.0880114883184433,-0.6058124303817749
42.934,-0.8549338579177856,0.10903646051883698,-0.5840540528297424
42.954,-0.9123857617378235,0.08116615563631058,-0.5962778329849243
42.974,-1.0040644407272339,0.04767289012670517,-0.528313398361206
42.994,-0.9898847937583923,0.02298077754676342,-0.4962870180606842
43.014,-0.943189799785614,-0.08092167228460312,-0.5796534419059753
43.034,-0.8813372850418091,-0.17333373427391052,-0.6243926286697388
43.054,-0.9216758608818054,-0.17235583066940308,-0.6329492926597595
43.074,-0.9798612594604492,-0.14081838726997375,-0.6143690943717957
43.084,-1.0233780145645142,-0.10365797579288483,-0.5857653617858887
43.104,-0.9092075824737549,-0.06527519226074219,-0.5050881505012512
43.124,-0.9033401608467102,-0.02298077754676342,-0.4537481367588043
43.144,-0.7397854924201965,0.004156098235398531,-0.5019099712371826
43.164,-0.7346514463424683,0.03007059171795845,-0.5877211689949036
43.184,-0.9656816124916077,0.09094520658254623,-0.6767105460166931
43.204,-1.1250802278518677,0.16551049053668976,-0.7576322555541992
43.224,-1.0331571102142334,0.09094520658254623,-0.7586101293563843
43.244,-0.9419674277305603,0.05794089660048485,-0.7493200302124023
43.264,-0.8950279355049133,0.0752987191081047,-0.6908901929855347
43.284,-0.9204534888267517,0.07260947674512863,-0.650062620639801
43.304,-0.8502888083457947,0.0816551074385643,-0.6234146952629089
43.324,-0.8097057342529297,0.05354032292962074,-0.560584306716919
43.344,-0.8578675389289856,0.11123674362897873,-0.5077773928642273
43.364,-0.8211960792541504,0.13592885434627533,-0.42318859696388245
43.384,-0.8163065910339355,0.15206429362297058,-0.3469119668006897
43.404,-0.5913883447647095,0.12957246601581573,-0.29288268089294434
43.424,-0.29728326201438904,0.18433517217636108,-0.2696574330329895
43.444,-0.5356476902961731,0.09363444894552231,-0.4608379304409027
43.464,-0.6207255125045776,0.008556672371923923,-0.5116890072822571
43.484,-0.6168138384819031,0.04816184192895889,-0.49482014775276184
43.504,-0.7468752861022949,0.110747791826725,-0.579897940158844
43.524,-1.3485316038131714,0.05720746889710426,-0.5395593047142029
43.554,-0.9321883916854858,0.08556672930717468,-0.45814868807792664
43.574,-0.579897940158844,0.09974635392427444,-0.7747455835342407
43.594,-0.5877211689949036,0.1943587064743042,-0.7742566466331482
43.614,-0.8265745639801025,0.19509214162826538,-0.7720563411712646
43.634,-1.0485590696334839,0.25621122121810913,-0.6437062621116638
43.654,-1.121168613433838,0.3095070719718933,-0.5341808795928955
43.674,-1.1558842658996582,0.26476791501045227,-0.47941815853118896
43.694,-1.2346056699752808,0.26354551315307617,-0.15279772877693176
43.714,-0.994774341583252,0.24325397610664368,-0.08312196284532547
43.734,-0.780857503414154,0.2906824052333832,-0.10439140349626541
43.754,-1.3140604496002197,0.3493567109107971,-0.6087461709976196
43.774,-2.025731086730957,0.02469211257994175,-1.1294808387756348
43.794,-1.6406809091567993,-0.05989670753479004,-1.333129644393921
43.814,-1.257341980934143,0.12957246601581573,-1.2116248607635498
43.834,-0.914586067199707,0.1581762135028839,-0.9292546510696411
43.854,-0.5935885906219482,0.12223818153142929,-0.8656908273696899
43.874,-0.5358921885490417,0.1505974382162094,-0.8793814778327942
43.894,-0.6055679321289062,0.19582556188106537,-0.8236408829689026
43.914,-0.4926198720932007,0.2349417805671692,-0.7583656907081604
43.934,-0.28383705019950867,0.21831738948822021,-0.7522537708282471
43.954,-0.2210066318511963,0.18189041316509247,-0.7727897763252258
43.964,-0.2615897059440613,0.15842068195343018,-0.7429636716842651
43.99,-0.313907653093338,0.1545090675354004,-0.6774439811706543
44.01,-0.3500901460647583,0.14326314628124237,-0.5994560122489929
44.03,-0.3647587299346924,0.14448553323745728,-0.5666962265968323
44.05,-0.38773950934410095,0.16868868470191956,-0.5784310698509216
44.07,-0.4090089499950409,0.21342787146568298,-0.6869785785675049
44.09,-0.4138984680175781,0.2911713421344757,-0.8788925409317017
44.11,-0.37013721466064453,0.42049935460090637,-0.8884270787239075
44.13,-0.21342787146568298,0.7065367102622986,-0.7955260872840881
44.15,-0.015402010641992092,1.0976988077163696,-0.647373378276825
44.17,0.11025884002447128,1.498151183128357,-0.4038749635219574
44.19,0.07260947674512863,1.5622040033340454,-0.28334811329841614
44.21,0.03911621868610382,1.3336185216903687,-0.19338080286979675
44.23,0.05085108429193497,1.1932891607284546,-0.13764019310474396
44.25,0.11148121953010559,1.2651652097702026,-0.07138709723949432
44.27,0.2329859733581543,1.572716474533081,0.1860465109348297
44.29,0.39165112376213074,1.8834458589553833,0.15548697113990784
44.31,0.5097332000732422,2.1029856204986572,0.6855117082595825
44.33,-0.4495920240879059,2.0731594562530518,0.6749992370605469
44.35,-1.225559949874878,1.7714756727218628,0.14424104988574982
44.37,-1.3184610605239868,1.3832472562789917,-0.031048497185111046
44.39,-1.2204259634017944,1.256608486175537,0.12835009396076202
44.419,-1.3539100885391235,1.217003345489502,0.3278428018093109
44.439,-1.5822510719299316,1.1715307235717773,0.4153653383255005
44.459,-1.510130524635315,1.0397579669952393,0.28383705019950867
44.479,-1.1307032108306885,0.9867066144943237,0.3329768180847168
44.499,-0.713626503944397,1.1781315803527832,0.3354215621948242
44.519,-0.31561899185180664,1.3707789182662964,0.27454695105552673
44.539,-0.04009412229061127,1.342664122581482,0.31610792875289917
44.559,-0.23909787833690643,1.1549063920974731,0.2923937439918518
44.579,-0.3786938786506653,1.0972099304199219,0.21611709892749786
44.599,-0.3640252947807312,1.0781407356262207,0.1672218292951584
44.619,-0.45986002683639526,1.0461143255233765,0.1867799460887909
44.639,-0.5691409707069397,1.0595605373382568,0.21562814712524414
44.659,-0.5938330888748169,1.1517281532287598,0.197536900639534
44.679,-0.5532500147819519,1.2140696048736572,0.16575497388839722
44.699,-0.506066083908081,1.2727439403533936,0.16599945724010468
44.719,-0.45814868807792664,1.312838077545166,0.1354399025440216
44.739,-0.45301470160484314,1.3150383234024048,0.0999908298254013
44.759,-0.4945756793022156,1.2910796403884888,0.04645051062107086
44.779,-0.47575101256370544,1.2460960149765015,-0.03373773768544197
44.799,-0.4740396738052368,1.1813098192214966,-0.05109556019306183
44.819,-0.45228126645088196,1.1045441627502441,-0.045228127390146255
44.839,-0.4620603322982788,1.050270438194275,-0.021758396178483963
44.87,-0.43027839064598083,0.9871955513954163,-0.007334291003644466
44.89,-0.36573663353919983,0.9732604026794434,0.014179629273712635
44.91,-0.2684350311756134,0.932921826839447,0.10903646051883698
44.93,-0.20976072549819946,0.8908718824386597,0.11001436412334442
44.95,-0.20487119257450104,0.821440577507019,0.09901292622089386
44.97,-0.2571891248226166,0.7290285229682922,0.07260947674512863
44.99,-0.33199891448020935,0.6410170197486877,0.029092686250805855
45.01,-0.35302385687828064,0.5838095545768738,0.018335727974772453
45.03,-0.3703816831111908,0.5498273372650146,0.03178192675113678
45.05,-0.3652476966381073,0.5104666352272034,0.04376126825809479
45.07,-0.3676924407482147,0.5109555721282959,0.04718393832445145
45.09,-0.407053142786026,0.582831621170044,0.06894233077764511
45.11,-0.43590134382247925,0.6248815655708313,0.06380832940340042
45.13,-0.44910308718681335,0.6199920773506165,0.07260947674512863
45.15,-0.4659719467163086,0.6495736837387085,0.08507777750492096
45.17,-0.4679277539253235,0.7451639771461487,0.11539284139871597
45.19,-0.4290560185909271,0.854689359664917,0.21318338811397552
45.21,-0.3099960386753082,0.9566360116004944,0.28970450162887573
45.23,-0.12419398874044418,1.0654280185699463,0.39409589767456055
45.25,-0.06576414406299591,1.2287381887435913,0.36818140745162964
45.27,-0.2774806618690491,1.4204076528549194,0.3038841187953949
45.29,-0.4918864369392395,1.5575588941574097,0.23054121434688568
45.32,-0.6583748459815979,1.6323686838150024,0.20804938673973083
45.34,-0.6835559010505676,1.6150108575820923,0.26745712757110596
45.36,-0.6344161629676819,1.509397029876709,0.2872597277164459
45.38,-0.6727989315986633,1.3438866138458252,0.2657458186149597
45.4,-0.7899031043052673,1.219692587852478,0.3214864134788513
45.42,-0.9123857617378235,1.1412156820297241,0.3723374903202057
45.44,-0.9915961027145386,1.0678727626800537,0.38016074895858765
45.46,-0.9639703035354614,0.9952632784843445,0.29092687368392944
45.48,-0.899917483329773,0.9197200536727905,0.23836445808410645
45.5,-0.8229074478149414,0.8700913786888123,0.24129816889762878
45.52,-0.7478532195091248,0.8309751749038696,0.20584909617900848
45.54,-0.7493200302124023,0.7923479080200195,0.13788466155529022
45.56,-0.8006600737571716,0.8038382530212402,0.12419398874044418
45.58,-0.8304861783981323,0.8419765830039978,0.05818537250161171
45.6,-0.8683800101280212,0.7886807322502136,0.05158451199531555
45.62,-0.8194847702980042,0.7894141674041748,0.04742841422557831
45.64,-0.7967484593391418,0.8625125885009766,0.0784769132733345
45.66,-0.8035938143730164,0.9515020251274109,0.08507777750492096
45.68,-0.8057940602302551,0.9930629730224609,0.09925740212202072
45.7,-0.7429636716842651,0.9969745874404907,0.14204075932502747
45.72,-0.5957888960838318,0.9918406009674072,0.12077132612466812
45.74,-0.4838187098503113,1.0006417036056519,0.09754607081413269
45.77,-0.4483696520328522,1.006020188331604,0.10365797579288483
45.79,-0.44543594121932983,0.9669039845466614,0.09216758608818054
45.81,-0.44543594121932983,0.9246096014976501,0.06234147399663925
45.83,-0.44152429699897766,0.8945389986038208,0.052073463797569275
45.85,-0.4293004870414734,0.8928276896476746,0.032759834080934525
45.87,-0.4217217266559601,0.8637349605560303,0.06943129003047943
45.89,-0.40558627247810364,0.8612902164459229,0.10512483865022659
45.91,-0.3828499913215637,0.8705803155899048,0.11832655966281891
45.93,-0.3341991901397705,0.8571341037750244,0.1127036064863205
45.95,-0.29410505294799805,0.8458881974220276,0.11661522835493088
45.97,-0.34960120916366577,0.8715582489967346,0.13519543409347534
45.99,-0.39654067158699036,0.8705803155899048,0.15646487474441528
46.01,-0.42514440417289734,0.8654463291168213,0.17431165277957916
46.03,-0.4557039439678192,0.890627384185791,0.19582556188106537
46.05,-0.4755065143108368,0.9228982925415039,0.2126944363117218
46.07,-0.435656875371933,0.9458790421485901,0.23151911795139313
46.09,-0.38016074895858765,0.9500351548194885,0.274791419506073
46.11,-0.3368884325027466,0.9686153531074524,0.3601136803627014
46.13,-0.32564252614974976,1.0045533180236816,0.3879839777946472
46.15,-0.25914493203163147,0.9869510531425476,0.3874950408935547
46.17,-0.2342083603143692,0.961525559425354,0.3703816831111908
46.19,-0.2894600033760071,0.9573694467544556,0.3444671928882599
46.214,-0.3569355010986328,0.9563915133476257,0.34031111001968384
46.234,-0.41878801584243774,0.9566360116004944,0.32637593150138855
46.254,-0.44788068532943726,0.9468569755554199,0.3026617467403412
46.274,-0.4173211455345154,0.9642148017883301,0.31366318464279175
46.294,-0.39482933282852173,1.0052868127822876,0.3324878513813019
46.314,-0.40876448154449463,1.0439140796661377,0.34348928928375244
46.334,-0.44714727997779846,1.0847415924072266,0.3302875757217407
46.354,-0.4830853044986725,1.0945206880569458,0.3058399260044098
46.374,-0.516334056854248,1.0918314456939697,0.2657458186149597
46.394,-0.5202456712722778,1.0852305889129639,0.2329859733581543
46.414,-0.5058215856552124,1.0744736194610596,0.21318338811397552
46.434,-0.520001232624054,1.0744736194610596,0.21171653270721436
46.454,-0.5292913317680359,1.0698285102844238,0.20120404660701752
46.474,-0.5564281940460205,1.041958212852478,0.19069156050682068
46.494,-0.5862542986869812,1.003330945968628,0.1728447824716568
46.514,-0.6060569286346436,0.971793532371521,0.15157534182071686
46.534,-0.6168138384819031,0.9510130286216736,0.1430186778306961
46.554,-0.6107019782066345,0.9275433421134949,0.1373957097530365
46.574,-0.5935885906219482,0.9172753095626831,0.15108639001846313
46.594,-0.5613177418708801,0.9109189510345459,0.16477707028388977
46.614,-0.5356476902961731,0.9131191968917847,0.18702441453933716
46.634,-0.5270910263061523,0.9292546510696411,0.19093604385852814
46.664,-0.52562415599823,0.9532133340835571,0.1887357532978058
46.684,-0.52562415599823,0.961525559425354,0.19484765827655792
46.704,-0.5146227478981018,0.9779054522514343,0.19069156050682068
46.724,-0.4945756793022156,0.9815725684165955,0.1943587064743042
46.744,-0.46108242869377136,0.9915961027145386,0.19509214162826538
46.764,-0.4293004870414734,0.9996638298034668,0.20902729034423828
46.784,-0.4014301896095276,1.0072425603866577,0.21685053408145905
46.804,-0.36940377950668335,1.0055313110351562,0.21685053408145905
46.824,-0.34666746854782104,0.9989303946495056,0.21856187283992767
46.844,-0.33517709374427795,0.9889068603515625,0.22076214849948883
46.864,-0.33126547932624817,0.9659261107444763,0.2266295850276947
46.884,-0.33762186765670776,0.9456345438957214,0.23005226254463196
46.904,-0.3500901460647583,0.9309659600257874,0.2317635864019394
46.924,-0.35424625873565674,0.9133636951446533,0.23323045670986176
46.944,-0.3505791127681732,0.8974727392196655,0.24520979821681976
46.964,-0.4182990491390228,0.9334107637405396,0.3488677740097046
46.984,-0.4679277539253235,1.0712953805923462,0.6429728269577026
47.004,-0.45105889439582825,1.1013660430908203,0.6813555955886841
47.024,-0.5305137038230896,1.1302142143249512,0.6996913552284241
47.044,-0.5190232992172241,1.2504966259002686,0.6402835845947266
47.064,-0.24154265224933624,1.2563639879226685,0.495553582906723
47.084,-0.10781407356262207,1.088897705078125,0.2082938551902771
47.104,-0.23005226254463196,0.8238853216171265,-0.03593802452087402
47.124,-0.3955627679824829,0.560584306716919,-0.3070622980594635
47.144,-0.9720380306243896,0.2970387935638428,-0.6305045485496521
47.164,-1.7172019481658936,0.11368151009082794,-0.7436971068382263
47.184,-1.744338870048523,0.10365797579288483,-0.6671760082244873
47.204,-1.2849677801132202,0.29263821244239807,-0.5926107168197632
47.224,-1.0541820526123047,0.29214924573898315,-0.39800751209259033
47.244,-0.8502888083457947,0.23518626391887665,-0.22271797060966492
47.264,-0.8424655199050903,0.22882987558841705,-0.37258198857307434
47.284,-1.057360291481018,0.3337102234363556,-0.42514440417289734
47.304,-0.966170608997345,0.4615713655948639,-0.29337164759635925
47.324,-0.8571341037750244,0.4623048007488251,-0.2114720493555069
47.344,-0.7520092725753784,0.3923845589160919,-0.29288268089294434
47.364,-0.6793997883796692,0.3119518458843231,-0.4417687952518463
47.384,-0.7620328068733215,0.2894600033760071,-0.5160896182060242
47.404,-0.7742566466331482,0.3114628791809082,-0.46426060795783997
47.424,-0.662041962146759,0.2765027582645416,-0.42636677622795105
47.444,-0.6297711133956909,0.23005226254463196,-0.36304739117622375
47.464,-0.5813648104667664,0.20560462772846222,-0.28530392050743103
47.484,-0.6104574799537659,0.20169299840927124,-0.2525440752506256
47.504,-0.7138710021972656,0.18311280012130737,-0.2684350311756134
47.524,-0.8554227948188782,0.169666588306427,-0.2755248546600342
47.534,-0.9260764718055725,0.1760229766368866,-0.3241756558418274
47.564,-0.9500351548194885,0.20218195021152496,-0.37502673268318176
47.584,-1.020444393157959,0.18433517217636108,-0.531980574131012
47.604,-1.1082113981246948,0.21098309755325317,-0.48259633779525757
47.624,-1.017021656036377,0.33395472168922424,-0.3341991901397705
47.644,-0.8933166265487671,0.4539926052093506,-0.19533661007881165
47.664,-0.8446658253669739,0.498731791973114,-0.1202823668718338
47.684,-0.7757235169410706,0.5197567343711853,-0.055740609765052795
47.704,-0.7048253417015076,0.5801423788070679,0.027870304882526398
47.724,-0.7515203356742859,0.7559208869934082,0.14350762963294983
47.744,-0.9114078879356384,0.9783943891525269,0.3483788073062897
47.764,-0.7546985149383545,1.1915777921676636,0.6239036917686462
47.784,-0.23200806975364685,1.3536655902862549,0.7754790186882019
47.804,0.25792255997657776,1.3165051937103271,0.8984506130218506
47.824,-0.09632368385791779,1.117256999015808,0.9414784908294678
47.844,-0.44910308718681335,1.0937871932983398,0.8845154643058777
47.864,-0.5009320378303528,1.0145769119262695,0.8167955279350281
47.884,-0.6534852981567383,0.8297528028488159,0.8309751749038696
47.904,-0.659352719783783,0.7977263927459717,0.818751335144043
47.924,-0.7600769996643066,0.690645694732666,0.8145952224731445
47.944,0.01515753474086523,0.627815306186676,0.9397671222686768
47.964,0.5686520338058472,0.42514440417289734,1.1206796169281006
47.984,0.4332121014595032,0.48846375942230225,1.2184702157974243
48.004,0.25670018792152405,0.5001986622810364,1.099899172782898
48.024,0.016868868842720985,0.41487640142440796,0.7251169085502625
48.044,-0.532958447933197,0.29923906922340393,0.47257280349731445
48.064,-0.8422210812568665,0.3601136803627014,0.44616934657096863
48.084,-0.6373499035835266,0.6060569286346436,0.45937108993530273
48.104,-0.5275799632072449,0.6767105460166931,0.4615713655948639
48.124,-0.3278428018093109,0.7507869005203247,0.5938330888748169
48.144,-0.5082663297653198,0.7703450322151184,0.6556856036186218
48.164,-0.8104391694068909,0.7446749806404114,0.4823518693447113
48.184,-0.9219203591346741,0.6649757027626038,0.32833176851272583
48.204,-0.8111725449562073,0.6344161629676819,0.258167028427124
48.224,-0.5869877338409424,0.6114353537559509,0.3278428018093109
48.244,-0.573541522026062,0.6471289396286011,0.3280872702598572
48.264,-0.7290285229682922,0.7084925174713135,0.3058399260044098
48.284,-0.9001619815826416,0.7549430131912231,0.3329768180847168
48.304,-0.7847691178321838,0.7466307878494263,0.39360693097114563
48.324,-0.8280414342880249,0.6943128705024719,0.36109158396720886
48.344,-0.8603123426437378,0.6605751514434814,0.3469119668006897
48.364,-0.7703450322151184,0.6874675154685974,0.3672035038471222
48.384,-0.6723099946975708,0.6639978289604187,0.4197659194469452
48.404,-0.5473825931549072,0.6617975234985352,0.471594899892807
48.424,-0.4557039439678192,0.6674204468727112,0.4823518693447113
48.434,-0.5180454254150391,0.6627753973007202,0.4759954810142517
48.464,-0.7009137272834778,0.6544632315635681,0.42392200231552124
48.484,-0.8622681498527527,0.7390520572662354,0.41047582030296326
48.504,-0.990129292011261,0.8292638063430786,0.3442227244377136
48.524,-1.1126118898391724,0.8515111804008484,0.3337102234363556
48.544,-0.991107165813446,0.8385539054870605,0.3420224189758301
48.564,-0.8177734017372131,0.8004156351089478,0.36378082633018494
48.584,-0.7649665474891663,0.7840356826782227,0.39091768860816956
48.604,-0.7705894708633423,0.7705894708633423,0.38896188139915466
48.624,-0.6764661073684692,0.7652109861373901,0.4234330654144287
48.644,-0.5182898640632629,0.7576322555541992,0.4381016492843628
48.664,-0.36622560024261475,0.7811020016670227,0.5063105225563049
48.684,-0.1943587064743042,0.8757143020629883,0.5884546041488647
48.704,0.02273630164563656,0.919231116771698,0.6688873171806335
48.724,0.35864681005477905,0.9517464637756348,0.7581211924552917
48.744,0.5488494038581848,0.9825505018234253,0.692357063293457
48.764,0.4011857211589813,0.949546217918396,0.5593619346618652
48.784,0.03031506948173046,0.9028512239456177,0.4803960621356964
48.804,-0.33517709374427795,0.8488219380378723,0.43516793847084045
48.824,-0.6019008159637451,0.8326864838600159,0.41756561398506165
48.844,-0.737585186958313,0.8568896651268005,0.4613268971443176
48.864,-0.7023805975914001,0.9299880862236023,0.6065458655357361
48.874,-0.6121687889099121,0.9820615649223328,0.5710967779159546
48.894,-0.49359777569770813,0.9972190856933594,0.4799070954322815
48.914,-0.7094703912734985,1.0766738653182983,0.35351282358169556
48.934,-1.0140879154205322,1.2612535953521729,0.26061180233955383
48.954,-0.9622589349746704,1.3174830675125122,0.2620786726474762
48.974,-0.9632368683815002,1.3150383234024048,0.29923906922340393
48.994,-0.9749717116355896,1.2350945472717285,0.31610792875289917
49.014,-0.9666595458984375,0.9823060035705566,0.2831036150455475
49.034,-0.9876844882965088,0.7180270552635193,0.3178192675113678
49.054,-1.1649298667907715,0.5085108280181885,0.40094122290611267
49.074,-1.345108985900879,0.3679369390010834,0.5109555721282959
49.094,-1.4536564350128174,0.34226691722869873,0.5994560122489929
49.114,-1.3441309928894043,0.4525257349014282,0.7818353772163391
49.134,-1.20771324634552,0.5114445686340332,0.8104391694068909
49.154,-1.0250893831253052,0.5099776983261108,0.7899031043052673
49.174,-0.9155640006065369,0.5434709787368774,0.842710018157959
49.194,-0.9228982925415039,0.6327048540115356,0.8341533541679382
49.214,-0.9285212159156799,0.6825780272483826,0.7598325610160828
49.234,-0.8879381418228149,0.6498181819915771,0.6571524739265442
49.254,-0.8057940602302551,0.6256150007247925,0.5818537473678589
49.274,-0.7441860437393188,0.620481014251709,0.5063105225563049
49.294,-0.7740121483802795,0.6075237393379211,0.4652385115623474
49.314,-0.9048070311546326,0.5363811254501343,0.339333176612854
49.324,-1.125569224357605,0.5036212801933289,0.19778138399124146
49.354,-1.4008495807647705,0.4860190153121948,-0.06674204766750336
49.374,-1.4348317384719849,0.3099960386753082,-0.37062615156173706
49.394,-1.0910979509353638,0.022247349843382835,-0.4887082576751709
49.414,-0.8964948058128357,-0.20560462772846222,-0.7263392806053162
49.434,-0.7141154408454895,-0.42196619510650635,-0.5456712245941162
49.454,-0.7647220492362976,-0.4102313220500946,0.08214405924081802
49.474,-1.0023530721664429,-0.1139259859919548,0.435656875371933
49.494,-0.8542004227638245,0.25229960680007935,0.5823426842689514
49.514,-0.6011673808097839,0.48724138736724854,0.47819575667381287
49.534,-0.2999725043773651,0.5363811254501343,0.3623139560222626
49.554,0.050606608390808105,0.5212236046791077,0.16233231127262115
49.574,0.567918598651886,0.5600953698158264,0.064541757106781
49.594,0.797481894493103,0.5994560122489929,-0.129083514213562
49.614,0.40485286712646484,0.501665472984314,-0.6373499035835266
49.634,-0.25596675276756287,0.32050850987434387,-1.3612444400787354
49.654,0.6605751514434814,0.20658253133296967,-1.8526418209075928
49.674,1.6800415515899658,-0.1405739039182663,-1.1610182523727417
49.694,0.013690676540136337,-0.181645929813385,-2.5679798126220703
49.714,-0.531980574131012,0.7187604904174805,-3.8661491870880127
49.734,1.0365797281265259,1.6093878746032715,-3.6334075927734375
49.754,-0.911896824836731,6.362986087799072,4.7205939292907715
49.774,-5.981603145599365,3.3371024131774902,8.001710891723633
49.804,-1.6619503498077393,3.808452844619751,6.699630260467529
49.824,-2.273630142211914,1.5023072957992554,1.5062189102172852
49.844,-2.008617877960205,1.9430980682373047,1.5243101119995117
49.864,-1.4057390689849854,-0.7275616526603699,2.4142041206359863
49.884,0.110747791826725,-1.230694055557251,1.7609632015228271
49.904,-0.26036733388900757,-0.2689239978790283,0.3835834264755249
49.924,-1.0571157932281494,0.07480976730585098,-0.339333176612854
49.944,-1.8093695640563965,-0.5671851634979248,0.1963145136833191
49.964,-1.543379306793213,-0.11930446326732635,1.0901200771331787
49.984,-0.6838003993034363,0.19900375604629517,1.4064725637435913
50.004,-0.4994651973247528,0.22247348725795746,1.3834917545318604
50.024,-0.3828499913215637,0.24985484778881073,1.289857268333435
50.044,-0.36426979303359985,0.24765455722808838,0.9825505018234253
50.064,-0.3620694875717163,0.21098309755325317,0.7097148895263672
50.084,-0.4077865779399872,0.1361733376979828,0.5500718355178833
50.104,-0.4806405305862427,0.016624392941594124,0.34911224246025085
50.124,-0.5503162741661072,-0.13910704851150513,0.1823793649673462
50.144,-0.7341625094413757,-0.2246737778186798,0.12394951283931732
50.164,-0.8935611248016357,-0.22736302018165588,0.15475353598594666
50.184,-0.9786388874053955,-0.20413775742053986,0.23885340988636017
50.204,-0.955169141292572,-0.20878280699253082,0.3361549973487854
50.224,-0.9187421798706055,-0.13715124130249023,0.4532591700553894
50.254,-0.885004460811615,-0.054029274731874466,0.48259633779525757
50.274,-0.8691134452819824,-0.06551966816186905,0.44714727997779846
50.294,-0.8818262219429016,-0.06918681412935257,0.4261223077774048
50.314,-1.0255783796310425,-0.1342175155878067,0.4679277539253235
50.334,-1.063227653503418,-0.14888609945774078,0.5776976346969604
50.354,-1.081318974494934,-0.08850044012069702,0.6231702566146851
50.374,-1.1175014972686768,-0.06356385350227356,0.6055679321289062
50.394,-1.065916895866394,-0.0386272668838501,0.6041010618209839
50.414,-0.9774165153503418,-0.04204993322491646,0.6243926286697388
50.434,-0.9082297086715698,-0.07505424320697784,0.6395501494407654
50.454,-0.8669131994247437,-0.10414692759513855,0.6415059566497803
50.474,-0.8419765830039978,-0.15524248778820038,0.6417504549026489
50.494,-0.8652018308639526,-0.1752895563840866,0.615835964679718
50.514,-0.8468661308288574,-0.20242643356323242,0.6361274719238281
50.534,-0.8319530487060547,-0.2234513908624649,0.6292821764945984
50.554,-0.8236408829689026,-0.23127463459968567,0.6322158575057983
50.574,-0.7776793241500854,-0.26036733388900757,0.644439697265625
50.594,-0.7603214979171753,-0.3075512647628784,0.6385722756385803
50.614,-0.8148397207260132,-0.34960120916366577,0.6275708079338074
50.634,-0.9116523265838623,-0.35669100284576416,0.5708522796630859
50.654,-0.874002993106842,-0.34031111001968384,0.6143690943717957
50.664,-0.7620328068733215,-0.3158634603023529,0.6828224658966064
50.694,-0.7248724102973938,-0.2916603088378906,0.7180270552635193
50.714,-0.6877120137214661,-0.2549888491630554,0.725605845451355
50.734,-0.6967576146125793,-0.24985484778881073,0.6950463056564331
50.754,-0.6754881739616394,-0.2537664771080017,0.7214497327804565
50.774,-0.7573877573013306,-0.26867952942848206,0.7192494869232178
50.794,-0.8119059801101685,-0.24007578194141388,0.7045809030532837
50.814,-0.8659352660179138,-0.22809644043445587,0.627815306186676
50.834,-0.9830394387245178,-0.16575497388839722,0.3911621868610382
50.854,-1.0304678678512573,-0.13152828812599182,0.025181064382195473
50.874,-0.5295358300209045,-0.2241848260164261,-0.2063380479812622
50.894,-0.3576689064502716,-0.5486049652099609,0.11245912313461304
50.914,0.16257677972316742,-0.6784219145774841,0.4588821232318878
50.934,-0.16062097251415253,-0.4246554374694824,0.16575497388839722
50.954,-0.027870304882526398,-0.438835084438324,0.4006967544555664
50.974,-0.23078568279743195,-0.43663477897644043,1.1546618938446045
50.994,-0.8639794588088989,0.11661522835493088,1.956544280052185
51.014,-0.8744919300079346,0.1601320207118988,1.9276961088180542
51.034,-0.7708339691162109,0.14717477560043335,1.2930355072021484
51.054,-0.919231116771698,0.016379917040467262,0.9297435879707336
51.074,-0.8708248138427734,-0.029092686250805855,0.8358646631240845
51.094,-0.6930904984474182,0.003911621868610382,0.9471014142036438
51.114,-0.8314641118049622,0.001955810934305191,0.9869510531425476
51.144,-0.8006600737571716,0.14986400306224823,0.9316993951797485
51.164,-0.6314824223518372,0.12003789097070694,1.0062646865844727
51.184,-0.7229166030883789,0.11465941369533539,1.0226446390151978
51.204,-0.7967484593391418,0.23689758777618408,0.9708156585693359
51.224,-0.902606725692749,0.3923845589160919,1.0737401247024536
51.244,-0.8400207757949829,0.5684075355529785,1.090609073638916
51.264,-0.8671576380729675,0.6595972180366516,0.9642148017883301
51.284,-0.8123949766159058,0.874002993106842,1.2592977285385132
51.304,-0.5398038029670715,0.6107019782066345,0.7143599390983582
51.324,-0.31733033061027527,0.5361366868019104,0.4429911673069
51.344,0.09070073068141937,0.7679002285003662,0.7994377017021179
51.364,0.23371940851211548,0.5214681029319763,0.8449103236198425
51.384,0.15548697113990784,0.5099776983261108,0.7889252305030823
51.404,0.10243559628725052,0.40411943197250366,0.8806038498878479
51.424,-0.27821409702301025,0.3532683551311493,1.0810744762420654
51.444,-0.3011948764324188,0.37013721466064453,1.1050331592559814
51.464,0.5026434063911438,0.4444580376148224,0.830730676651001
51.484,0.486752450466156,0.17895670235157013,0.8847599625587463
51.504,0.3525349199771881,0.05109556019306183,1.0175106525421143
51.524,0.5427375435829163,0.36304739117622375,0.7879472970962524
51.544,0.23958683013916016,0.28652629256248474,0.8270635604858398
51.564,-0.2190508246421814,0.5742749571800232,1.3436421155929565
51.584,0.47306177020072937,0.8654463291168213,1.4267640113830566
51.614,0.24203160405158997,1.2531858682632446,1.5446016788482666
51.634,-0.561562180519104,0.9739938378334045,0.2862818241119385
51.654,1.2839899063110352,0.24667665362358093,-0.08654463291168213
51.674,1.0576047897338867,0.9874400496482849,0.9832839369773865
51.694,1.5578033924102783,0.8402652740478516,0.8199737071990967
51.714,1.0043089389801025,0.8456437587738037,0.5300247669219971
51.734,0.7084925174713135,1.1654188632965088,0.3564465343952179
51.754,0.7500534653663635,1.2478073835372925,0.48846375942230225
51.774,1.2091801166534424,1.193044662475586,0.4417687952518463
51.794,0.40167465806007385,1.369312047958374,0.7402744293212891
51.814,0.19386975467205048,1.5499801635742188,0.18066802620887756
51.834,-0.8304861783981323,1.6003422737121582,0.7033584713935852
51.854,-0.6319714188575745,1.510130524635315,0.3285762369632721
51.874,-1.1891330480575562,0.8637349605560303,-0.5285578966140747
51.894,-1.180331826210022,0.3430003225803375,-0.5312471389770508
51.914,-0.7060477137565613,0.4473917484283447,-0.40411943197250366
51.934,-0.225407212972641,0.6058124303817749,0.09779054671525955
51.954,0.2589004635810852,0.7402744293212891,0.15206429362297058
51.974,-0.19729241728782654,0.7092259526252747,-0.1708889752626419
51.994,-0.9473459124565125,0.7370962500572205,-0.4170766770839691
52.014,-1.297435998916626,0.7246279120445251,0.25792255997657776
52.034,-1.0832747220993042,0.9964856505393982,0.7544540762901306
52.054,-0.22491824626922607,1.08987557888031,0.9272988438606262
52.074,0.27430248260498047,1.0074870586395264,0.920942485332489
52.094,0.3324878513813019,1.0157992839813232,0.7500534653663635
52.114,0.03202640265226364,1.022400140762329,0.6769550442695618
52.134,-0.3002169728279114,1.00675368309021,0.7055587768554688
52.154,-0.6045900583267212,1.110900640487671,0.7126485705375671
52.174,-0.8916053175926208,1.1688414812088013,0.6701096892356873
52.194,-1.122879981994629,1.0808299779891968,0.5102221965789795
52.214,-1.179353952407837,0.9461235404014587,0.5053326487541199
52.234,-1.2038016319274902,0.7903921008110046,0.6175472736358643
52.254,-1.2700546979904175,0.6882009506225586,0.6649757027626038
52.274,-1.1903554201126099,0.6026342511177063,0.6769550442695618
52.294,-1.0761849880218506,0.5031323432922363,0.6527518630027771
52.314,-0.9622589349746704,0.4654829800128937,0.611190915107727
52.334,-0.8649573922157288,0.498731791973114,0.515356183052063
52.354,-0.9556580781936646,0.5571616291999817,0.5055770874023438
52.374,-1.0612719058990479,0.7033584713935852,0.491397500038147
52.394,-1.0341349840164185,0.871313750743866,0.5488494038581848
52.414,-1.0192219018936157,0.9908626675605774,0.5405372381210327
52.434,-0.8903828859329224,0.9930629730224609,0.48699691891670227
52.454,-0.7314732670783997,0.8986951112747192,0.42514440417289734
52.474,-0.6268373727798462,0.8419765830039978,0.3938514292240143
52.494,-0.6258594989776611,0.8016380071640015,0.40485286712646484
52.514,-0.627815306186676,0.7346514463424683,0.4615713655948639
52.534,-0.7517648339271545,0.6908901929855347,0.5170674920082092
52.554,-0.8040827512741089,0.6771995425224304,0.4696390926837921
52.564,-0.8009045720100403,0.6456620693206787,0.44470250606536865
52.594,-0.8270635604858398,0.6461510062217712,0.5151116847991943
52.614,-0.8810927867889404,0.7177826166152954,0.5446933507919312
52.634,-0.8652018308639526,0.7126485705375671,0.49213090538978577
52.654,-0.8199737071990967,0.6693762540817261,0.4019191265106201
52.674,-0.7520092725753784,0.6265929341316223,0.4324786961078644
52.694,-0.8321975469589233,0.555939257144928,0.43834611773490906
52.714,-1.1057665348052979,0.7436971068382263,0.45814868807792664
52.734,-0.37820494174957275,1.2600312232971191,1.0595605373382568
52.754,-1.0700730085372925,1.676129937171936,1.0255783796310425
52.774,-1.4783486127853394,1.8303945064544678,0.7869694232940674
52.794,-1.3749350309371948,1.7538734674453735,0.5657182931900024
52.814,-0.678666353225708,1.5472909212112427,0.4094979166984558
52.834,-0.37893834710121155,1.3040369749069214,0.24716560542583466
52.854,-0.315374493598938,1.3059927225112915,0.13886258006095886
52.874,-0.3500901460647583,1.374446153640747,0.14252972602844238
52.894,-0.558628499507904,1.3619778156280518,0.19509214162826538
52.914,-0.45986002683639526,1.317238688468933,0.27185770869255066
52.934,-0.22565168142318726,1.1644408702850342,0.31244078278541565
52.954,-0.2620786726474762,1.0522263050079346,0.2711242735385895
52.974,-0.5156006217002869,0.9737493395805359,0.3464230000972748
52.994,-0.7847691178321838,0.9744827747344971,0.46621641516685486
53.014,-0.7767013907432556,0.9155640006065369,0.5248907208442688
53.034,-0.6283042430877686,0.7446749806404114,0.5092442631721497
53.044,-0.673043429851532,0.6366164684295654,0.5077773928642273
53.074,-0.8297528028488159,0.5943220257759094,0.5339363813400269
53.094,-0.9852397441864014,0.5141338109970093,0.5899214744567871
53.114,-0.8576231002807617,0.419032484292984,0.6339272260665894
53.134,-0.6674204468727112,0.3354215621948242,0.6226813197135925
53.154,-0.6652202010154724,0.27430248260498047,0.5351587533950806
53.174,-0.8287748694419861,0.19802585244178772,0.5028879046440125
53.194,-0.8351312279701233,0.11465941369533539,0.501665472984314
53.214,-0.6926015615463257,0.07945481687784195,0.45105889439582825
53.234,-0.7006692290306091,0.10928093641996384,0.3481343388557434
53.254,-0.7649665474891663,0.14473000168800354,0.22320692241191864
53.274,-0.6529963612556458,0.10585826635360718,0.15597592294216156
53.294,-0.632460355758667,0.00440057460218668,0.15230877697467804
53.314,-0.6554411053657532,-0.0752987191081047,0.14081838726997375
53.334,-0.6647312045097351,-0.11954893916845322,0.09901292622089386
53.354,-0.5825871825218201,-0.19044709205627441,0.1481526792049408
53.374,-0.5305137038230896,-0.3114628791809082,0.10512483865022659
53.394,-0.520001232624054,-0.44396907091140747,0.10756959766149521
53.414,-0.4202548563480377,-0.5378479957580566,0.15108639001846313
53.434,-0.37135958671569824,-0.5862542986869812,0.23225253820419312
53.454,-0.3540017604827881,-0.6043455600738525,0.31439658999443054
53.474,-0.38138312101364136,-0.6424838900566101,0.2980166971683502
53.494,-0.3811386525630951,-0.7334290742874146,0.24154265224933624
53.514,-0.2549888491630554,-0.7989487648010254,0.2963053584098816
53.534,-0.2437429279088974,-0.7683892250061035,0.3962961733341217
53.56,-0.3038841187953949,-0.7903921008110046,0.46108242869377136
53.58,-0.32515355944633484,-0.8302417397499084,0.42954495549201965
53.6,-0.1994927078485489,-0.8529780507087708,0.4755065143108368
53.62,-0.16428811848163605,-0.8194847702980042,0.46108242869377136
53.64,-0.28505945205688477,-0.8314641118049622,0.34788987040519714
53.66,-0.3368884325027466,-0.8715582489967346,0.3652476966381073
53.68,-0.36500319838523865,-0.7940592169761658,0.3368884325027466
53.7,-0.35742443799972534,-0.7820798754692078,0.3689148426055908
53.72,-0.32075297832489014,-0.7935702800750732,0.4192769527435303
53.74,-0.38578370213508606,-0.7649665474891663,0.4349234402179718
53.76,-0.21367233991622925,-0.7835467457771301,0.44079089164733887
53.78,-0.1740671694278717,-0.8055496215820312,0.3584023416042328
53.8,-0.26036733388900757,-0.8451547622680664,0.37184855341911316
53.82,-0.3652476966381073,-0.8681355714797974,0.41120925545692444
53.84,-0.5141338109970093,-0.9126302599906921,0.4280781149864197
53.86,-0.5618066787719727,-0.9084741473197937,0.3987409472465515
53.88,-0.3892063796520233,-0.8784035444259644,0.471594899892807
53.9,-0.2488769292831421,-0.8324419856071472,0.5317360758781433
53.92,-0.12883904576301575,-0.8097057342529297,0.6356385350227356
53.94,-0.22296243906021118,-0.7894141674041748,0.5989670753479004
53.96,-0.5464046597480774,-0.8468661308288574,0.5305137038230896
53.98,-0.4911530017852783,-0.8471105694770813,0.5488494038581848
54,-0.3165968954563141,-0.8035938143730164,0.5182898640632629
54.02,-0.32710936665534973,-0.8324419856071472,0.46499404311180115
54.054,-0.390428751707077,-0.8175289630889893,0.48406320810317993
54.074,-0.38456133008003235,-0.7930813431739807,0.49286434054374695
54.094,-0.3183082342147827,-0.7740121483802795,0.510711133480072
54.114,-0.33004307746887207,-0.74491947889328,0.5503162741661072
54.134,-0.35791340470314026,-0.7187604904174805,0.561562180519104
54.154,-0.4393240213394165,-0.7532316446304321,0.5268465876579285
54.174,-0.4588821232318878,-0.8072609305381775,0.48406320810317993
54.194,-0.4297894537448883,-0.8072609305381775,0.48773035407066345
54.214,-0.4297894537448883,-0.7989487648010254,0.4982428252696991
54.234,-0.41805458068847656,-0.8414876461029053,0.5099776983261108
54.254,-0.39800751209259033,-0.794792652130127,0.5124224424362183
54.274,-0.36329185962677,-0.7815909385681152,0.5322250127792358
54.294,-0.3720930218696594,-0.7463863492012024,0.5383369326591492
54.314,-0.3835834264755249,-0.7180270552635193,0.5398038029670715
54.334,-0.4185435175895691,-0.7524982690811157,0.5493384003639221
54.354,-0.44225773215293884,-0.7612993717193604,0.5618066787719727
54.374,-0.40680867433547974,-0.7527427077293396,0.5984781384468079
54.394,-0.41756561398506165,-0.7551875114440918,0.5508052706718445
54.414,-0.42832258343696594,-0.7811020016670227,0.5158451199531555
54.434,-0.4493475556373596,-0.7889252305030823,0.5019099712371826
54.454,-0.44910308718681335,-0.7928368449211121,0.5146227478981018
54.474,-0.3975185751914978,-0.7669223546981812,0.5344253182411194
54.494,-0.4129205644130707,-0.7461418509483337,0.5058215856552124
54.514,-0.5026434063911438,-0.7366072535514832,0.48015156388282776
54.534,-0.5104666352272034,-0.7703450322151184,0.5058215856552124
54.554,-0.48724138736724854,-0.7674112915992737,0.5180454254150391
54.574,-0.4945756793022156,-0.7573877573013306,0.5292913317680359
54.594,-0.5158451199531555,-0.7476087212562561,0.5251352190971375
54.614,-0.5119335055351257,-0.7664334177970886,0.5129113793373108
54.634,-0.5437154173851013,-0.7886807322502136,0.495553582906723
54.654,-0.5581395626068115,-0.7837912440299988,0.4879748225212097
54.674,-0.5178009271621704,-0.7845246195793152,0.495553582906723
54.694,-0.45912662148475647,-0.7471197843551636,0.5468935966491699
54.714,-0.4818629026412964,-0.7571433186531067,0.5539834499359131
54.734,-0.5092442631721497,-0.7593435645103455,0.5112000703811646
54.754,-0.5322250127792358,-0.7507869005203247,0.48259633779525757
54.774,-0.5305137038230896,-0.7693670988082886,0.4803960621356964
54.794,-0.5175564885139465,-0.7644776105880737,0.4779512882232666
54.814,-0.5065550208091736,-0.7715674042701721,0.4923754036426544
54.834,-0.5322250127792358,-0.7527427077293396,0.486752450466156
54.854,-0.5099776983261108,-0.74491947889328,0.4742841422557831
54.874,-0.47061699628829956,-0.725605845451355,0.5028879046440125
54.894,-0.4962870180606842,-0.7126485705375671,0.5241573452949524
54.914,-0.554227888584137,-0.7429636716842651,0.5185343623161316
54.934,-0.5647404193878174,-0.7742566466331482,0.5087553262710571
54.954,-0.5451822876930237,-0.785502552986145,0.4894416630268097
54.974,-0.4576597511768341,-0.7774348258972168,0.49090853333473206
54.994,-0.47575101256370544,-0.8123949766159058,0.46621641516685486
55.024,-0.4698835611343384,-0.7864804863929749,0.4759954810142517
55.044,-0.5151116847991943,-0.7586101293563843,0.5048437118530273
55.064,-0.561562180519104,-0.754209578037262,0.4894416630268097
55.084,-0.5556947588920593,-0.7529872059822083,0.5026434063911438
55.104,-0.5471380949020386,-0.7114261984825134,0.4926198720932007
55.124,-0.5500718355178833,-0.7429636716842651,0.47501757740974426
55.144,-0.5402927398681641,-0.7434526085853577,0.46621641516685486
55.164,-0.5368700623512268,-0.7586101293563843,0.46279376745224
55.184,-0.5028879046440125,-0.7564098834991455,0.47257280349731445
55.204,-0.5053326487541199,-0.794792652130127,0.4667053818702698
55.224,-0.5197567343711853,-0.7957705855369568,0.46572747826576233
55.244,-0.5246462821960449,-0.7969929575920105,0.4659719467163086
55.264,-0.5063105225563049,-0.7925923466682434,0.4811294674873352
55.284,-0.5104666352272034,-0.8116615414619446,0.47183936834335327
55.304,-0.5317360758781433,-0.785502552986145,0.5053326487541199
55.324,-0.5082663297653198,-0.7446749806404114,0.5461602210998535
55.344,-0.5102221965789795,-0.7287840247154236,0.515356183052063
55.364,-0.5295358300209045,-0.7446749806404114,0.46254926919937134
55.384,-0.5468935966491699,-0.7537206411361694,0.43027839064598083
55.404,-0.5258686542510986,-0.7625218033790588,0.46426060795783997
55.424,-0.5021544694900513,-0.7480976581573486,0.515356183052063
55.444,-0.5305137038230896,-0.7605659365653992,0.5112000703811646
55.464,-0.48773035407066345,-0.7524982690811157,0.5075329542160034
55.484,-0.4818629026412964,-0.7588546276092529,0.48528558015823364
55.514,-0.5796534419059753,-0.7502979636192322,0.41805458068847656
55.534,-0.6031231880187988,-0.7417412996292114,0.4437246024608612
55.554,-0.566207230091095,-0.7287840247154236,0.4671943187713623
55.574,-0.5114445686340332,-0.7515203356742859,0.495553582906723
55.594,-0.5075329542160034,-0.7458973526954651,0.4982428252696991
55.614,-0.5373590588569641,-0.7644776105880737,0.4772178530693054
55.634,-0.5417596101760864,-0.7583656907081604,0.4664609134197235
55.654,-0.5754973292350769,-0.7818353772163391,0.4417687952518463
55.674,-0.5371145606040955,-0.7652109861373901,0.476239949464798
55.694,-0.5410261750221252,-0.7468752861022949,0.4891971945762634
55.714,-0.5943220257759094,-0.7339180111885071,0.4891971945762634
55.734,-0.597500205039978,-0.7571433186531067,0.47330623865127563
55.754,-0.5715857148170471,-0.7769458889961243,0.45228126645088196
55.774,-0.5036212801933289,-0.7701005339622498,0.45545947551727295
55.794,-0.510711133480072,-0.7549430131912231,0.4425022304058075
55.814,-0.5234239101409912,-0.7515203356742859,0.4376126825809479
55.834,-0.5390703678131104,-0.7439415454864502,0.45814868807792664
55.854,-0.5371145606040955,-0.7424747347831726,0.46499404311180115
55.874,-0.539314866065979,-0.7444305419921875,0.44030192494392395
55.894,-0.5923662185668945,-0.7590991258621216,0.4246554374694824
55.914,-0.556917130947113,-0.7879472970962524,0.4376126825809479
55.934,-0.44788068532943726,-0.7891696691513062,0.5246462821960449
55.954,-0.42563334107398987,-0.7771903276443481,0.5236683487892151
55.974,-0.5148672461509705,-0.8106836080551147,0.4652385115623474
56.004,-0.5009320378303528,-0.8006600737571716,0.4393240213394165
56.024,-0.5236683487892151,-0.7969929575920105,0.43076735734939575
56.044,-0.508021891117096,-0.8048161864280701,0.4354124069213867
56.064,-0.5339363813400269,-0.7823243737220764,0.4735507071018219
56.084,-0.5219570398330688,-0.7454084157943726,0.48724138736724854
56.104,-0.5627846121788025,-0.7419857382774353,0.45937108993530273
56.124,-0.5955443978309631,-0.7693670988082886,0.4752620458602905
56.144,-0.52269047498703,-0.7647220492362976,0.49408674240112305
56.164,-0.45350363850593567,-0.7529872059822083,0.5371145606040955
56.184,-0.49335330724716187,-0.7771903276443481,0.4696390926837921
56.204,-0.556917130947113,-0.8150842189788818,0.38651713728904724
56.224,-0.5390703678131104,-0.8114170432090759,0.34960120916366577
56.244,-0.5481160283088684,-0.7647220492362976,0.40045228600502014
56.264,-0.5094887614250183,-0.7231611013412476,0.4324786961078644
56.284,-0.5134003758430481,-0.6977355480194092,0.4109647572040558
56.304,-0.5197567343711853,-0.6705986857414246,0.4014301896095276
56.324,-0.3926290273666382,-0.6136356592178345,0.29654982686042786
56.344,-0.17235583066940308,-0.48259633779525757,0.3229532837867737
56.364,-0.030804021283984184,-0.22687406837940216,0.2633010447025299
56.384,0.09656815975904465,-0.1361733376979828,0.10561379045248032
56.404,0.22271797060966492,-0.11637074500322342,-0.0002444763667881489
56.424,0.1581762135028839,0.019069155678153038,0.03667145594954491
56.444,0.17333373427391052,0.06185251846909523,0.09265653789043427
56.464,0.09094520658254623,0.08409986644983292,0.11857103556394577
56.494,-0.04791736602783203,0.16428811848163605,0.08263301104307175
56.514,-0.20487119257450104,0.2664792239665985,-0.1127036064863205
56.534,-0.5004431009292603,0.4241665005683899,-0.31170734763145447
56.554,-0.6566635370254517,0.5522720813751221,-0.18946917355060577
56.574,-0.8365980982780457,0.6635088324546814,0.013446199707686901
56.594,-1.0478256940841675,0.7793906331062317,0.12126027792692184
56.614,-1.221403956413269,0.8788925409317017,0.1398404836654663
56.634,-1.2857011556625366,0.983772873878479,-0.005622956436127424
56.654,-1.405250072479248,1.135837197303772,-0.15915411710739136
56.674,-1.794945478439331,1.2803226709365845,-0.16282126307487488
56.694,-2.1046969890594482,1.1883995532989502,-0.07823243737220764
56.714,-1.8079026937484741,0.9847508072853088,0.05647404119372368
56.734,-1.3798246383666992,0.9126302599906921,0.11734865605831146
56.754,-1.1771537065505981,0.8774256706237793,0.16795526444911957
56.774,-1.0959875583648682,0.8114170432090759,0.17797879874706268
56.794,-1.0524706840515137,0.677688479423523,0.04816184192895889
56.814,-1.065672516822815,0.5896769762039185,0.04547260329127312
56.834,-1.1287473440170288,0.5082663297653198,0.14448553323745728
56.854,-1.0463588237762451,0.339333176612854,0.14473000168800354
56.874,-0.8867157697677612,0.2488769292831421,0.08874491602182388
56.894,-0.7358738780021667,0.3099960386753082,0.010023530572652817
56.914,-0.6136356592178345,0.42710021138191223,0.005378480069339275
56.934,-0.611190915107727,0.5295358300209045,0.023714207112789154
56.954,-0.6674204468727112,0.6449286341667175,-0.04058307781815529
56.974,-0.6901567578315735,0.8160620927810669,-0.10512483865022659
56.994,-0.7050698399543762,1.0268007516860962,-0.14741924405097961
57.014,-0.7879472970962524,1.3328851461410522,-0.15719829499721527
57.034,-0.7339180111885071,1.7022888660430908,-0.24349845945835114
57.054,-0.4755065143108368,1.952877163887024,-0.5835650563240051
57.074,-0.3195306062698364,1.7836995124816895,-0.7705894708633423
57.094,-0.6353940367698669,1.6573052406311035,-0.6429728269577026
57.114,-0.4197659194469452,1.5235767364501953,-0.4623048007488251
57.134,0.2645234167575836,1.2798337936401367,-0.16624392569065094
57.154,0.04009412229061127,0.9202090501785278,-0.3486233055591583
57.174,-0.6072793006896973,1.1859548091888428,-0.6356385350227356
57.194,0.24863246083259583,1.4935060739517212,-0.5710967779159546
57.214,1.3768908977508545,1.4252971410751343,-0.20120404660701752
57.234,0.3755156993865967,1.7756317853927612,-0.2777251601219177
57.254,-0.45790421962738037,2.444274663925171,-0.4532591700553894
57.274,-0.45228126645088196,1.4935060739517212,-0.011001436039805412
57.294,-0.21049414575099945,0.8842710256576538,0.3764936029911041
57.314,-0.8143507838249207,0.9224092960357666,0.5041102766990662
57.334,-1.1578400135040283,1.0717843770980835,0.22614063322544098
57.354,-0.7730342745780945,1.4140512943267822,-0.1752895563840866
57.374,-0.3982519805431366,1.3345965147018433,0.05329584702849388
57.394,0.08067719638347626,0.9935519099235535,0.16551049053668976
57.414,-0.09021177887916565,1.1861993074417114,-0.1867799460887909
57.434,-0.8903828859329224,1.1558842658996582,-0.29337164759635925
57.464,-1.2155364751815796,1.0747181177139282,-0.13372856378555298
57.484,-0.5728080868721008,0.6852672696113586,0.057696420699357986
57.504,-0.46743881702423096,0.6747547388076782,0.14888609945774078
57.524,-0.7234055399894714,0.84735506772995,0.10219112038612366
57.544,-0.8292638063430786,0.9908626675605774,0.16942211985588074
57.564,-0.7669223546981812,0.9876844882965088,0.16282126307487488
57.584,-0.6801332235336304,0.9867066144943237,-0.0418054573237896
57.604,-0.6671760082244873,0.9874400496482849,-0.03642697632312775
57.624,-0.6838003993034363,0.9605476260185242,-0.07065366953611374
57.644,-0.7168046832084656,0.9737493395805359,-0.008067719638347626
57.664,-0.7578766942024231,0.9341441988945007,-0.09265653789043427
57.684,-0.6811111569404602,0.8693579435348511,-0.06527519226074219
57.704,-0.6938239336013794,0.8106836080551147,-0.10536931455135345
57.724,-0.6571524739265442,0.9686153531074524,-0.15035296976566315
57.744,-0.7361183166503906,1.0008862018585205,-0.18629099428653717
57.764,-0.7683892250061035,0.9928185343742371,-0.12932799756526947
57.784,-0.6290376782417297,0.8693579435348511,-0.03178192675113678
57.804,-0.7165602445602417,0.8534669876098633,-0.04033859819173813
57.824,-0.7713229060173035,0.8143507838249207,-0.06674204766750336
57.844,-0.6857562065124512,0.8299972414970398,-0.09338997304439545
57.864,-0.4950646460056305,0.8630015850067139,-0.0601411834359169
57.884,-0.5852764248847961,0.7620328068733215,-0.2158726304769516
57.904,-0.701647162437439,0.7928368449211121,-0.19924823939800262
57.924,-0.5997005105018616,0.7463863492012024,-0.12883904576301575
57.954,-0.5561836957931519,0.7524982690811157,-0.004889527335762978
57.974,-0.5451822876930237,0.6434617638587952,0.08752253651618958
57.994,-0.6114353537559509,0.6676649451255798,0.02664792351424694
58.014,-0.602145254611969,0.7339180111885071,-0.01075696013867855
58.034,-0.6280597448348999,0.7510313987731934,0.03936069458723068
58.054,-0.7190049886703491,0.8759588003158569,0.03496012091636658
58.074,-0.5994560122489929,0.9038290977478027,-0.07334291189908981
58.094,-0.4488585889339447,0.8466216325759888,-0.10903646051883698
58.114,-0.5011765360832214,0.8373315334320068,-0.04473917558789253
58.134,-0.6036121249198914,0.6948018074035645,-0.00660086190328002
58.154,-0.6649757027626038,0.7400299310684204,0.025181064382195473
58.174,-0.5498273372650146,0.6752437353134155,-0.018580203875899315
58.194,-0.5165785551071167,0.7723008394241333,0.03398221358656883
58.214,-0.5764752626419067,0.7339180111885071,0.0569629929959774
58.234,-0.561562180519104,0.7520092725753784,-0.025914493948221207
58.254,-0.621458888053894,0.8251076936721802,-0.030804021283984184
58.274,-0.5706078410148621,0.7165602445602417,-0.02640344761312008
58.294,-0.5363811254501343,0.6987134218215942,-0.059407755732536316
58.314,-0.630748987197876,0.7336735725402832,-0.023958683013916016
58.334,-0.558628499507904,0.7148488759994507,-0.04425022006034851
58.354,-0.5613177418708801,0.8441768884658813,-0.18898022174835205
58.374,-0.5424930453300476,0.830730676651001,-0.17137792706489563
58.394,-0.5852764248847961,0.7630107402801514,-0.11221464723348618
58.414,-0.520001232624054,0.8136173486709595,-0.06845337897539139
58.444,-0.6148580312728882,0.8945389986038208,-0.15181982517242432
58.464,-0.7610549330711365,0.9893958568572998,-0.16575497388839722
58.484,-0.7419857382774353,1.113589882850647,-0.07676557451486588
58.504,-0.614124596118927,0.9893958568572998,0.01149038877338171
58.524,-0.6236591935157776,0.7896586656570435,0.007823243737220764
58.544,-0.5261131525039673,0.952479898929596,-0.08238853514194489
58.564,-0.5402927398681641,0.9035846590995789,-0.17015555500984192
58.584,-0.5813648104667664,0.8615347146987915,-0.19607004523277283
58.604,-0.6754881739616394,1.006020188331604,-0.28970450162887573
58.624,-0.5378479957580566,0.9952632784843445,-0.29777219891548157
58.644,-0.3867616057395935,0.8295083045959473,-0.19582556188106537
58.664,-0.5280689597129822,0.7830578088760376,-0.04987317696213722
58.684,-0.5488494038581848,0.7160712480545044,-0.03936069458723068
58.704,-0.4209882915019989,0.6424838900566101,0.13470648229122162
58.724,-0.3887174129486084,0.5899214744567871,0.12297160923480988
58.744,-0.551294207572937,0.5219570398330688,0.016379917040467262
58.764,-0.4178101122379303,0.5478715300559998,-0.06820890307426453
58.784,-0.3926290273666382,0.6028786897659302,0.025181064382195473
58.804,-0.27870306372642517,0.5014210343360901,0.18629099428653717
58.824,-0.4977538585662842,0.5574061274528503,-0.0418054573237896
58.844,-0.6767105460166931,0.7253613471984863,-0.5437154173851013
58.864,-0.4755065143108368,1.02997887134552,-0.3090181350708008
58.884,-0.42563334107398987,1.393026351928711,-0.39531826972961426
58.904,-0.2982611656188965,1.7416496276855469,-0.6798887848854065
58.934,-0.26232314109802246,1.6177000999450684,-0.37502673268318176
58.954,-0.3505791127681732,1.4957064390182495,-0.5943220257759094
58.974,-0.1481526792049408,1.5956971645355225,-0.6723099946975708
58.994,0.22565168142318726,1.4238303899765015,-0.44543594121932983
59.014,0.238119974732399,1.3143049478530884,-0.37331539392471313
59.034,-0.0664975717663765,1.2901017665863037,-0.32833176851272583
59.054,-0.32882070541381836,1.2091801166534424,-0.31879717111587524
59.074,-0.4002078175544739,1.0945206880569458,-0.17700088024139404
59.094,-0.3119518458843231,0.9647037386894226,-0.008312196470797062
59.114,-0.31610792875289917,0.8537114858627319,0.03520459681749344
59.134,-0.4513033628463745,0.7899031043052673,0.10463587939739227
59.154,-0.5515386462211609,0.7617883682250977,0.1285945624113083
59.174,-0.5933441519737244,0.7493200302124023,0.14424104988574982
59.194,-0.567918598651886,0.7023805975914001,0.1804235577583313
59.214,-0.459615558385849,0.630748987197876,0.22125111520290375
59.234,-0.47819575667381287,0.6258594989776611,0.14008495211601257
59.254,-0.4850411117076874,0.6390612125396729,0.03740488365292549
59.274,-0.4334565997123718,0.690645694732666,-0.018824679777026176
59.294,-0.5104666352272034,0.7683892250061035,-0.03520459681749344
59.314,-0.4906640648841858,0.8070164918899536,-0.04473917558789253
59.334,-0.4109647572040558,0.8092167377471924,-0.09363444894552231
59.354,-0.2488769292831421,0.8390429019927979,-0.14717477560043335
59.374,-0.2740580141544342,0.9111633896827698,-0.25034379959106445
59.384,-0.3703816831111908,0.9737493395805359,-0.15939858555793762
59.421,-0.40167465806007385,1.0143324136734009,-0.28065887093544006
59.441,-0.2589004635810852,1.0712953805923462,-0.47575101256370544
59.461,0.40485286712646484,1.3143049478530884,-0.3581578731536865
59.481,1.3226171731948853,1.2431622743606567,-0.41683220863342285
59.501,0.7236500382423401,1.7284479141235352,-0.4138984680175781
59.521,-0.42587780952453613,1.5106194019317627,-0.7852580547332764
59.541,-0.9456345438957214,1.4045166969299316,-0.4786847233772278
59.561,0.09901292622089386,1.4497448205947876,0.11759313195943832
59.581,0.1772453635931015,0.902606725692749,0.2938605844974518
59.601,-1.008465051651001,0.8172844648361206,-0.13446199893951416
59.621,-1.287901520729065,1.0473366975784302,-0.2664792239665985
59.641,-0.7710784673690796,1.0972099304199219,-0.13812914490699768
59.661,-0.27185770869255066,1.323106050491333,-0.07480976730585098
59.681,-0.5493384003639221,1.1928001642227173,0.1158817932009697
59.701,-0.4767289161682129,0.9891513586044312,0.38089418411254883
59.721,-0.591877281665802,0.979127824306488,0.1171041801571846
59.741,-0.6962686777114868,1.1355926990509033,-0.17797879874706268
59.761,-0.2342083603143692,0.9534578323364258,-0.2038932889699936
59.781,-0.10928093641996384,0.8243743181228638,-0.1461968719959259
59.801,-0.19069156050682068,0.84735506772995,-0.28408151865005493
59.821,-0.4977538585662842,0.9458790421485901,-0.254010945558548
59.841,-0.627815306186676,0.7226721048355103,-0.08825596421957016
59.861,-0.4483696520328522,0.6840448379516602,0.11221464723348618
59.871,-0.32442012429237366,0.6236591935157776,0.238119974732399
59.904,-0.6771995425224304,0.5500718355178833,0.265990287065506
59.924,-0.8409987092018127,1.2473183870315552,-0.13812914490699768
59.944,-0.5933441519737244,1.6279680728912354,-0.47697338461875916
59.964,-0.2190508246421814,1.440943717956543,-0.4887082576751709
59.984,-0.17015555500984192,1.4458332061767578,-0.7811020016670227
60.004,-0.023958683013916016,1.5477797985076904,-0.6102129817008972
60.024,0.4385905861854553,1.3375301361083984,-0.5642514228820801
60.044,-0.0017113345675170422,1.3971824645996094,-0.5050881505012512
60.064,-0.3007059395313263,1.4558566808700562,-0.3943403661251068
60.084,-0.29483848810195923,1.2531858682632446,-0.21929529309272766
60.104,-0.2525440752506256,1.08987557888031,-0.0728539526462555
60.124,-0.36744797229766846,1.0686061382293701,-0.14032943546772003
60.144,-0.5666962265968323,1.074229121208191,-0.19924823939800262
60.164,-0.6835559010505676,0.9950187802314758,-0.15670934319496155
60.184,-0.6507960557937622,0.885004460811615,-0.11001436412334442
60.204,-0.5510497093200684,0.8566451668739319,-0.10439140349626541
60.224,-0.4613268971443176,0.8769367337226868,-0.06258594989776611
60.244,-0.5063105225563049,0.9324328303337097,0.014424105174839497
60.264,-0.5720747113227844,1.003330945968628,-0.00440057460218668
60.284,-0.5212236046791077,1.0270452499389648,-0.03642697632312775
60.304,-0.5109555721282959,1.0069981813430786,-0.06600861996412277
60.324,-0.5754973292350769,0.9879289865493774,-0.1234605610370636
60.344,-0.6217033863067627,0.9986859560012817,-0.2317635864019394
60.364,-0.6165693998336792,1.0101763010025024,-0.3430003225803375
60.384,-0.615835964679718,1.0314457416534424,-0.3417779505252838
60.404,-0.5701189041137695,0.9554136395454407,-0.3266204297542572
60.424,-0.49164196848869324,0.8779146075248718,-0.3151300251483917
60.444,-0.6339272260665894,1.10527765750885,0.3945848345756531
60.464,-1.1539283990859985,1.3037924766540527,0.3368884325027466
60.484,-0.7551875114440918,0.8419765830039978,-0.11954893916845322
60.504,-0.06038566306233406,0.9341441988945007,-0.5148672461509705
60.524,0.3119518458843231,1.3243284225463867,-0.5894325375556946
60.544,-0.11417046189308167,1.1991565227508545,-0.5635179877281189
60.564,-0.3955627679824829,0.9519909620285034,-0.45472604036331177
60.584,-0.375271201133728,0.7625218033790588,-0.26623475551605225
60.604,-0.3676924407482147,0.7221831679344177,-0.048650797456502914
60.624,-0.4449469745159149,0.661064088344574,0.050117652863264084
60.644,-0.5390703678131104,0.8688690066337585,0.007823243737220764
60.664,-0.24154265224933624,0.9891513586044312,0.005622956436127424
60.684,-0.043272316455841064,0.9519909620285034,-0.026158969849348068
60.704,-0.18849126994609833,0.8471105694770813,-0.07236500084400177
60.724,-0.36353635787963867,0.6322158575057983,-0.2070714831352234
60.744,-0.5324695110321045,0.6886898875236511,-0.30241724848747253
60.764,-0.5801423788070679,0.6165693998336792,-0.23005226254463196
60.784,-0.7957705855369568,0.7930813431739807,-0.21024967730045319
60.804,-0.3070622980594635,0.6908901929855347,-0.20218195021152496
60.824,-0.22296243906021118,-0.033004309982061386,-0.1537756323814392
60.844,-0.3170858323574066,0.4217217266559601,-0.2894600033760071
60.854,-0.3537572920322418,0.45619288086891174,-0.3540017604827881
60.884,-0.3253980278968811,0.013446199707686901,-0.3178192675113678
60.904,-0.42587780952453613,-0.3361549973487854,-0.35546863079071045
60.924,-0.7177826166152954,-0.3241756558418274,-0.5383369326591492
60.944,-1.0881643295288086,-0.31292974948883057,-0.6165693998336792
60.964,-1.583962321281433,-0.2537664771080017,-0.647373378276825
60.984,-2.083672046661377,-0.08189958333969116,-0.5312471389770508
61.004,-2.095895767211914,0.12101580202579498,-0.43907955288887024
61.024,-1.8519084453582764,0.2887265980243683,-0.3063288927078247
61.044,-1.6536381244659424,0.4222106635570526,-0.1266387552022934
61.064,-1.7277144193649292,0.5190232992172241,-0.09510130435228348
61.084,-1.1800874471664429,0.6236591935157776,-0.16110992431640625
61.104,0.15622039139270782,1.2030681371688843,0.5014210343360901
61.124,1.5815175771713257,1.7176909446716309,1.7264920473098755
61.144,-0.04107202962040901,0.7478532195091248,1.3927818536758423
61.164,-1.8800232410430908,0.3843168318271637,0.450814425945282
61.184,-1.1905999183654785,0.35546863079071045,0.027381353080272675
61.204,-0.25670018792152405,0.41169819235801697,0.1684442162513733
61.224,-0.9825505018234253,0.30681782960891724,0.4664609134197235
61.244,-0.8872047066688538,0.43198972940444946,0.46743881702423096
61.264,-0.491397500038147,0.4449469745159149,0.16159887611865997
61.284,-0.9732604026794434,0.4278336465358734,0.03740488365292549
61.304,-0.9414784908294678,0.4229440987110138,0.3740488290786743
61.324,-0.40167465806007385,0.419032484292984,0.34031111001968384
61.344,-0.6965131759643555,0.40167465806007385,0.1513308733701706
61.374,-1.076918363571167,0.40363046526908875,-0.020536014810204506
61.394,-1.0175106525421143,0.43394553661346436,0.03887174278497696
61.414,-0.7830578088760376,0.4774623215198517,0.20487119257450104
61.434,-0.02664792351424694,0.7119151949882507,0.33395472168922424
61.454,0.4246554374694824,0.8136173486709595,0.8561562299728394
61.474,-0.35180148482322693,0.7097148895263672,0.39336246252059937
61.494,-0.6019008159637451,0.7326956391334534,0.20487119257450104
61.514,-0.5251352190971375,0.7847691178321838,0.11319255828857422
61.534,-0.4970204532146454,0.833419919013977,0.029092686250805855
61.554,-0.44910308718681335,0.9407450556755066,-0.02102496661245823
61.574,-0.3818720877170563,1.090609073638916,-0.11783760786056519
61.594,-0.2549888491630554,1.231671929359436,-0.1811569780111313
61.614,-0.15719829499721527,1.4233413934707642,-0.2544998824596405
61.634,-0.20609357953071594,1.6810194253921509,-0.38089418411254883
61.654,-0.3444671928882599,1.9039819240570068,-0.5532500147819519
61.674,-0.5182898640632629,2.020108222961426,-0.6886898875236511
61.694,-0.7842801809310913,1.9819698333740234,-0.7018916606903076
61.714,-1.1769092082977295,1.7927451133728027,-0.5248907208442688
61.734,-1.4394768476486206,1.4218745231628418,-0.3354215621948242
61.754,-1.1759313344955444,1.1431714296340942,-0.22369587421417236
61.774,-0.8537114858627319,1.1113895177841187,-0.27576932311058044
61.794,-1.0407358407974243,1.1087002754211426,-0.10854750126600266
61.814,-1.0920759439468384,1.066650390625,0.09314549714326859
61.824,-0.8551782965660095,1.0040644407272339,-0.1266387552022934
61.854,-0.555939257144928,0.9287657141685486,-0.24398741126060486
61.874,-0.7143599390983582,0.9937964081764221,-0.010512483306229115
61.894,-0.7334290742874146,0.9852397441864014,0.05671851709485054
61.914,-0.4923754036426544,0.8683800101280212,0.0354490727186203
61.934,-0.5006875991821289,0.8339088559150696,0.24838797748088837
61.954,-0.6119243502616882,0.7940592169761658,0.21293890476226807
61.974,-0.6412615180015564,0.7322067022323608,0.19215841591358185
61.994,-0.7322067022323608,0.738563060760498,0.265990287065506
62.014,-0.72658371925354,0.7957705855369568,0.4129205644130707
62.034,-0.6185252070426941,0.8075054287910461,0.3334657549858093
62.054,-0.5747639536857605,0.7590991258621216,0.28261467814445496
62.074,-0.5774531960487366,0.778168261051178,0.32442012429237366
62.094,-0.6014118790626526,0.8818262219429016,0.4412798285484314
62.114,-0.5820982456207275,0.9801057577133179,0.46377167105674744
62.134,-0.5031323432922363,0.949546217918396,0.48015156388282776
62.154,-0.40998685359954834,0.8248632550239563,0.4588821232318878
62.174,-0.4082755148410797,0.7390520572662354,0.513644814491272
62.194,-0.49848729372024536,0.7551875114440918,0.5842984914779663
62.214,-0.5212236046791077,0.7099593281745911,0.6363719701766968
62.234,-0.5730525851249695,0.6041010618209839,0.6566635370254517
62.254,-0.6622864603996277,0.5368700623512268,0.6940683722496033
62.274,-0.8070164918899536,0.5087553262710571,0.567918598651886
62.294,-1.242917776107788,0.48210740089416504,0.3703816831111908
62.314,-1.5272438526153564,0.5082663297653198,0.37331539392471313
62.344,-1.347064733505249,0.5544723868370056,0.17382268607616425
62.364,-0.9436787366867065,0.450814425945282,0.005867432802915573
62.384,-0.656419038772583,0.27821409702301025,-0.10219112038612366
62.404,-0.5011765360832214,0.14839714765548706,-0.17969012260437012
62.424,-0.39165112376213074,0.07701005041599274,-0.2285853922367096
62.444,-0.35033461451530457,0.04718393832445145,-0.261345237493515
62.464,-0.5104666352272034,0.030559545382857323,-0.40094122290611267
62.484,-0.9871955513954163,0.15426458418369293,-0.877670168876648
62.504,-1.4783486127853394,0.5860098600387573,-1.4333648681640625
62.524,-1.311126708984375,0.8891605138778687,-1.539467692375183
62.544,-0.780857503414154,0.7674112915992737,-2.0328209400177
62.564,-1.098921298980713,0.15181982517242432,-2.7628273963928223
62.584,-1.253919243812561,0.28457048535346985,-3.2791614532470703
62.604,0.5158451199531555,2.471656084060669,-1.6223450899124146
62.624,3.6678788661956787,4.428689479827881,2.3496623039245605
62.644,-1.7521620988845825,7.860404014587402,7.998533248901367
62.664,0.29410505294799805,4.2128167152404785,3.0696451663970947
62.684,1.8091250658035278,0.5461602210998535,-1.3206613063812256
62.704,2.027686834335327,-0.5410261750221252,0.6358830332756042
62.724,-3.1158511638641357,-1.1011215448379517,0.8759588003158569
62.744,-3.4197354316711426,-1.383980631828308,1.5499801635742188
62.764,-0.7745011448860168,-0.5124224424362183,0.5055770874023438
62.784,-0.749564528465271,0.520979106426239,0.5970112681388855
62.804,-1.0099318027496338,0.43467897176742554,0.6014118790626526
62.832,-1.1272804737091064,0.4532591700553894,0.20413775742053986
62.852,-0.9879289865493774,0.44152429699897766,0.1823793649673462
62.872,-0.7764569520950317,0.24667665362358093,0.24716560542583466
62.892,-0.4708614647388458,0.23078568279743195,0.2958163917064667
62.912,-0.12835009396076202,0.330532044172287,0.43663477897644043
62.932,-0.3442227244377136,0.5647404193878174,0.5278244614601135
62.952,-0.42758914828300476,0.6554411053657532,0.4994651973247528
62.972,-0.5891880393028259,0.5989670753479004,0.5877211689949036
62.992,-0.8243743181228638,0.5402927398681641,0.7906365394592285
63.012,-0.7458973526954651,0.5429819822311401,0.9527243971824646
63.032,-0.5857653617858887,0.4728172719478607,0.8808483481407166
63.052,-0.48284080624580383,0.4246554374694824,0.6693762540817261
63.072,-0.5493384003639221,0.5263575911521912,0.4170766770839691
63.092,-0.76618891954422,0.8409987092018127,0.351312518119812
63.112,-0.9109189510345459,1.1175014972686768,0.30681782960891724
63.132,-0.8155731558799744,0.9576138854026794,0.16819973289966583
63.152,-0.9935519099235535,0.9114078879356384,0.3197750747203827
63.172,-1.0309568643569946,0.9189866185188293,0.5266020894050598
63.192,-1.2646762132644653,0.9654371738433838,0.5138893127441406
63.212,-1.5568255186080933,1.0145769119262695,0.4046083688735962
63.232,-1.312838077545166,1.1069890260696411,0.5356476902961731
63.252,-0.7789016962051392,1.066650390625,0.49359777569770813
63.272,-0.5676741003990173,0.8808483481407166,0.5251352190971375
63.292,-1.00675368309021,0.7674112915992737,0.4324786961078644
63.324,-1.2262934446334839,0.6114353537559509,0.03887174278497696
63.344,-0.8471105694770813,0.7590991258621216,-0.3102405071258545
63.364,-0.17675641179084778,0.5979892015457153,0.08507777750492096
63.384,-0.2677016258239746,0.4847966134548187,0.5099776983261108
63.404,-0.692357063293457,0.2552333176136017,0.6869785785675049
63.424,-0.608501672744751,-0.09607920795679092,0.683311402797699
63.444,-0.6676649451255798,-0.06820890307426453,0.4999541640281677
63.464,-0.6292821764945984,-0.11612626910209656,0.6879565119743347
63.484,-0.09216758608818054,-0.11417046189308167,1.1649298667907715
63.504,-0.20340433716773987,-0.07798796147108078,1.174464464187622
63.524,-0.17455612123012543,-0.06503070890903473,0.8004156351089478
63.544,-0.07701005041599274,-0.06820890307426453,0.45619288086891174
63.564,-0.20658253133296967,-0.04278336465358734,0.2031598538160324
63.584,-0.7578766942024231,0.033004309982061386,0.6138801574707031
63.604000000000006,-0.7842801809310913,0.0892338752746582,1.2270268201828003
63.624,-0.5175564885139465,0.09070073068141937,1.1791094541549683
63.644,-0.23958683013916016,-0.055740609765052795,0.9419674277305603
63.66400000000001,-0.2532775104045868,-0.20242643356323242,0.7969929575920105
63.684000000000005,-0.5349142551422119,-0.503376841545105,0.9045625329017639
63.704,-1.0236225128173828,-0.5285578966140747,0.9140971302986145
63.724,-1.2583198547363281,-0.11001436412334442,0.25352197885513306
63.74400000000001,-1.5294440984725952,0.31879717111587524,-0.45423707365989685
63.764,-1.3495094776153564,1.02997887134552,0.4209882915019989
63.77400000000001,-0.8485774397850037,1.5560920238494873,1.1079668998718262
63.80400000000001,-0.6353940367698669,1.5472909212112427,1.1732420921325684
63.824000000000005,-0.3400666117668152,0.6632643938064575,0.8989396095275879
63.844,0.197536900639534,0.3557130992412567,1.1832655668258667
63.864,0.055740609765052795,0.045228127390146255,1.5177092552185059
63.88400000000001,0.29899460077285767,-0.28065887093544006,1.5181982517242432
63.904,-0.10219112038612366,-0.08018824458122253,1.3788466453552246
63.924,-0.2549888491630554,0.044983651489019394,1.1480610370635986
63.94400000000001,-0.48406320810317993,0.22834092378616333,1.0891422033309937
63.96399999999999,-0.9400116205215454,0.23371940851211548,1.0607829093933105
63.984,-0.6463955044746399,0.25034379959106445,1.0541820526123047
64.00400000000002,-0.6300156116485596,0.503376841545105,0.9879289865493774
64.02400000000002,-0.6195030808448792,0.44152429699897766,0.8581120371818542
64.04400000000001,-0.7326956391334534,0.4065641760826111,0.9798612594604492
64.06400000000001,-0.6676649451255798,0.3564465343952179,1.0827858448028564
64.08400000000002,-0.5050881505012512,0.43150079250335693,0.877670168876648
64.10400000000001,-0.5410261750221252,0.34348928928375244,0.8962503671646118
64.12400000000001,-0.6053234934806824,0.6625309586524963,0.9453901052474976
64.14400000000002,-0.36940377950668335,0.714604377746582,1.1969562768936157
64.16400000000002,0.10805854946374893,0.5087553262710571,1.161751627922058
64.18400000000001,0.25352197885513306,0.5388259291648865,1.266632080078125
64.20400000000001,0.197536900639534,0.8725361227989197,1.380313515663147
64.22400000000002,-0.22076214849948883,0.9999083280563354,1.767319679260254
64.24400000000001,-0.7671668529510498,1.6947101354599,2.6865508556365967
64.26400000000001,-1.3355743885040283,2.3765547275543213,1.666839838027954
64.29400000000001,0.9752162098884583,2.4349846839904785,-1.6044983863830566
64.31400000000001,3.716529607772827,2.5547780990600586,-1.5152645111083984
64.33400000000002,2.750359058380127,2.53521990776062,-1.0805854797363281
64.35400000000001,1.737738013267517,2.4848577976226807,-1.0478256940841675
64.374,-0.20780490338802338,1.7418941259384155,-0.932921826839447
64.394,-0.407053142786026,0.8138617873191833,-0.46890565752983093
64.41400000000002,-0.09510130435228348,0.04791736602783203,-0.7554319500923157
64.43400000000003,-0.45423707365989685,-0.5517831444740295,-1.7445833683013916
64.45400000000001,-0.8686245083808899,-1.383980631828308,-2.2672736644744873
64.47400000000002,1.203312635421753,-1.865110158920288,-1.946276307106018
64.49400000000003,0.8031048774719238,-2.2948997020721436,-1.3920483589172363
64.51400000000001,-0.2994835376739502,-1.3746905326843262,0.39360693097114563
64.53400000000002,-0.06527519226074219,-0.10756959766149521,3.1972618103027344
64.55400000000003,-2.1066527366638184,0.29728326201438904,4.579531192779541
64.57400000000001,2.141857385635376,0.41756561398506165,5.268710136413574
64.59400000000002,1.0744736194610596,0.5310026407241821,3.80869722366333
64.61400000000003,-0.47306177020072937,0.41805458068847656,1.4142957925796509
64.63400000000001,-0.3945848345756531,1.0473366975784302,1.7250251770019531
64.65400000000002,-0.35106804966926575,1.7883446216583252,1.1891330480575562
64.67400000000004,-0.7038474678993225,1.2238487005233765,0.594810962677002
64.69400000000002,-0.7341625094413757,1.1023439168930054,0.22076214849948883
64.71400000000003,-0.7182715535163879,1.453900933265686,0.2716132402420044
64.73400000000001,0.0031781927682459354,1.4003605842590332,0.6026342511177063
64.75400000000002,0.0943678766489029,1.4421660900115967,0.6659536361694336
64.78400000000002,0.038138311356306076,1.5098860263824463,0.5982336401939392
64.80400000000003,0.08189958333969116,1.5243101119995117,0.5860098600387573
64.82400000000001,-0.0569629929959774,1.4570791721343994,0.6092351078987122
64.84400000000002,-0.10170216858386993,1.3724902868270874,0.5405372381210327
64.86400000000003,0.19680346548557281,1.112856388092041,0.25621122121810913
64.88400000000001,0.04376126825809479,0.98841792345047,-0.2576780915260315
64.90400000000002,-0.7319622039794922,0.9409894943237305,-0.2317635864019394
64.92400000000004,-0.17333373427391052,0.9593252539634705,-0.2608562707901001
64.94400000000002,-0.33273231983184814,0.8434434533119202,-0.27576932311058044
64.96400000000003,-0.16991107165813446,0.7434526085853577,-0.3767380714416504
64.98400000000001,-0.3178192675113678,0.620481014251709,-0.4679277539253235
65.00400000000002,-0.5686520338058472,0.6341716647148132,-0.24032026529312134
65.02400000000002,-0.5288023948669434,0.7510313987731934,0.12248265743255615
65.04400000000001,-0.22687406837940216,0.8246187567710876,0.3381108045578003
65.06400000000001,0.15719829499721527,0.7877028584480286,0.3432448208332062
65.08400000000002,0.3469119668006897,0.7307398319244385,0.2266295850276947
65.10400000000001,0.07823243737220764,0.8075054287910461,0.20047061145305634
65.12400000000001,-0.1772453635931015,0.943189799785614,0.33077651262283325
65.14400000000002,-0.2437429279088974,0.991107165813446,0.4134095311164856
65.16400000000002,-0.38382789492607117,1.0111541748046875,0.39654067158699036
65.18400000000001,-0.48650795221328735,0.9788833260536194,0.32759833335876465
65.20400000000001,-0.5204901695251465,0.9309659600257874,0.22956331074237823
65.22400000000002,-0.695290744304657,0.9642148017883301,0.1943587064743042
65.24400000000001,-0.7977263927459717,0.9700822234153748,0.21416129171848297
65.26400000000001,-0.8356202244758606,0.983772873878479,0.3970296084880829
65.28400000000002,-0.7212052941322327,1.0052868127822876,0.5354032516479492
65.30400000000002,-0.5383369326591492,1.0043089389801025,0.40411943197250366
65.32400000000001,-0.6933349370956421,1.1121230125427246,0.24741007387638092
65.34400000000001,-0.6960241794586182,1.1725085973739624,0.18580204248428345
65.36400000000002,-0.3728264570236206,1.092320442199707,0.2711242735385895
65.38400000000001,-0.10805854946374893,1.0832747220993042,0.26941296458244324
65.40400000000001,-0.2711242735385895,1.266632080078125,0.13495095074176788
65.42400000000002,-0.608501672744751,1.4389878511428833,-0.07578767091035843
65.44400000000002,-0.8453992605209351,1.3678452968597412,0.19093604385852814
65.46400000000001,-0.9490572214126587,1.3411973714828491,0.3723374903202057
65.48400000000001,-1.1808208227157593,1.251230001449585,0.5383369326591492
65.50400000000002,-0.3647587299346924,1.1184793710708618,1.076918363571167
65.52400000000002,-0.4026525616645813,1.325795292854309,0.7571433186531067
65.54400000000001,-0.4090089499950409,1.3055037260055542,0.4065641760826111
65.56400000000001,-0.04742841422557831,0.8845154643058777,0.06723099946975708
65.58400000000002,0.06918681412935257,0.7241389751434326,-0.25914493203163147
65.60400000000001,0.025914493948221207,0.8578675389289856,0.06234147399663925
65.62400000000001,0.02982611581683159,0.7637441754341125,0.15597592294216156
65.64400000000002,-0.2970387935638428,0.6346606612205505,0.21831738948822021
65.66400000000002,-0.4664609134197235,0.5102221965789795,0.020291538909077644
65.68400000000001,-1.0040644407272339,0.4823518693447113,0.11979341506958008
65.70400000000001,-0.6033676862716675,0.8077499270439148,0.17015555500984192
65.72400000000002,-0.2916603088378906,1.1512391567230225,0.13201723992824554
65.73400000000001,-0.22907434403896332,1.1668857336044312,0.2342083603143692
65.76400000000001,-0.06307490170001984,1.2817895412445068,0.4322341978549957
65.78400000000002,0.145707905292511,1.217981219291687,0.809461236000061
65.80400000000002,0.3486233055591583,0.942211925983429,0.7072701454162598
65.82400000000001,-0.2765027582645416,0.8771811723709106,0.6133912205696106
65.84400000000001,-0.3672035038471222,0.8979616761207581,0.43516793847084045
65.86400000000002,-0.250832736492157,0.8744919300079346,0.35595759749412537
65.88400000000001,-0.1716224104166031,0.8840265274047852,0.22320692241191864
65.90400000000001,-0.18017907440662384,0.7886807322502136,0.07138709723949432
65.92400000000002,-0.09338997304439545,0.7336735725402832,0.30730679631233215
65.94400000000002,-0.144974485039711,0.7801240682601929,0.19973719120025635
65.96400000000001,-0.29263821244239807,0.896983802318573,-0.08972282707691193
65.98400000000001,0.13495095074176788,1.266876459121704,-0.20462670922279358
66.00400000000002,0.18335726857185364,1.358066201210022,0.2689239978790283
66.02400000000002,0.16673287749290466,1.3282400369644165,0.6463955044746399
66.04400000000001,-0.022247349843382835,1.4487669467926025,0.6393057107925415
66.06400000000001,-0.3945848345756531,1.5614705085754395,0.780857503414154
66.08400000000002,-0.11539284139871597,1.6013201475143433,0.4197659194469452
66.10400000000001,-0.009534577839076519,1.3654004335403442,0.21049414575099945
66.12400000000001,0.05427375063300133,1.3299514055252075,0.1911805123090744
66.14400000000002,0.04962870106101036,1.3389970064163208,0.2894600033760071
66.16400000000002,-0.02640344761312008,1.3375301361083984,0.40289703011512756
66.18400000000001,-0.27014636993408203,1.1908444166183472,0.5036212801933289
66.20400000000001,-0.6099685430526733,1.1343703269958496,0.47012805938720703
66.21400000000001,-0.7806130051612854,0.9815725684165955,0.38651713728904724
66.24400000000001,-0.995752215385437,0.7532316446304321,0.19166946411132812
66.26400000000001,-0.9194756150245667,0.6982244849205017,0.08263301104307175
66.28400000000002,-0.4234330654144287,0.4209882915019989,0.33395472168922424
66.30400000000002,0.3958072364330292,0.1461968719959259,-0.039605170488357544
66.32400000000001,0.0848332941532135,0.3848057985305786,0.15206429362297058
66.34400000000001,-0.008556672371923923,0.60679030418396,-0.15793173015117645
66.36400000000002,-0.5295358300209045,0.8705803155899048,-0.3640252947807312
66.38400000000001,-1.1382819414138794,1.2617424726486206,-0.032515354454517365
66.40400000000001,-0.8414876461029053,0.7055587768554688,0.13959600031375885
66.42400000000002,-0.35229045152664185,0.1931363195180893,-0.21758396923542023
66.44400000000002,-0.3659811019897461,0.3955627679824829,-0.22736302018165588
66.46400000000001,-0.4293004870414734,1.1082113981246948,0.11245912313461304
66.48400000000001,0.17675641179084778,1.5817620754241943,0.4121871590614319
66.50400000000002,0.8065274953842163,1.2671209573745728,0.5635179877281189
66.52400000000002,0.16135439276695251,1.0793631076812744,0.38211655616760254
66.54400000000001,-0.650062620639801,1.3037924766540527,-0.09950187802314758
66.56400000000001,-0.6019008159637451,1.2336276769638062,-0.18262384831905365
66.58400000000002,-0.14913058280944824,1.071051001548767,-0.04229440912604332
66.60400000000001,-0.20927175879478455,1.021422266960144,0.29899460077285767
66.62400000000001,-0.6439507603645325,1.0277786254882812,0.42685574293136597
66.64400000000002,-0.7693670988082886,1.0798521041870117,0.23885340988636017
66.66400000000002,-0.7674112915992737,1.2397396564483643,0.15035296976566315
66.68400000000001,-0.6488402485847473,1.2040461301803589,0.20340433716773987
66.70400000000001,-0.6212144494056702,1.3529322147369385,0.22076214849948883
66.73400000000001,-0.9507685899734497,1.2798337936401367,0.3090181350708008
66.75400000000002,-1.010420799255371,1.1756868362426758,0.04742841422557831
66.77400000000002,-0.4432356357574463,1.1020994186401367,0.09094520658254623
66.79400000000001,-0.22931882739067078,0.9908626675605774,0.09901292622089386
66.81400000000001,-0.45423707365989685,1.0226446390151978,-0.20218195021152496
66.83400000000002,-0.3165968954563141,1.0397579669952393,-0.09216758608818054
66.85400000000001,-0.28139230608940125,0.9647037386894226,0.1215047538280487
66.87400000000001,-0.37331539392471313,1.1319255828857422,0.11294808238744736
66.89400000000002,-0.27503591775894165,1.077896237373352,-0.01613543927669525
66.91400000000002,-0.4957980513572693,0.98841792345047,0.18409070372581482
66.93400000000001,-0.8994285464286804,0.976438581943512,0.2019374817609787
66.95400000000001,-0.9140971302986145,0.8219295144081116,0.3075512647628784
66.97400000000002,-0.6701096892356873,0.6886898875236511,0.4601045250892639
66.99400000000001,-0.7713229060173035,0.7564098834991455,0.2672126591205597
67.01400000000001,-0.7683892250061035,0.9290101528167725,0.10292454808950424
67.03400000000002,-0.3249090909957886,0.8600678443908691,-0.0029337164014577866
67.05400000000002,-0.2532775104045868,0.8133728504180908,-0.01515753474086523
67.07400000000001,-0.43076735734939575,0.7358738780021667,-0.17382268607616425
67.09400000000001,-0.31879717111587524,0.6170583367347717,-0.11783760786056519
67.11400000000002,-0.1721113622188568,0.6789108514785767,-0.09070073068141937
67.13400000000001,-0.1811569780111313,0.7669223546981812,0.025181064382195473
67.15400000000001,-0.3811386525630951,0.7463863492012024,0.04718393832445145
67.17400000000002,-0.4938422441482544,0.8698468804359436,0.21049414575099945
67.19400000000002,-0.37893834710121155,0.9979525208473206,0.23958683013916016
67.22400000000002,-0.35938024520874023,1.0874308347702026,0.2139168232679367
67.24400000000001,-0.46939462423324585,0.8803593516349792,0.27014636993408203
67.26400000000001,-0.5916327834129333,0.6481068134307861,0.2139168232679367
67.28400000000002,-0.7229166030883789,0.5395593047142029,0.10488036274909973
67.30400000000002,-0.5723191499710083,0.49408674240112305,-0.010512483306229115
67.32400000000001,-0.19802585244178772,0.8126394152641296,0.0772545337677002
67.34400000000001,-0.30681782960891724,1.137792944908142,0.0892338752746582
67.36400000000002,-0.3412890136241913,0.8982061743736267,0.24838797748088837
67.38400000000001,-0.5165785551071167,0.8852488994598389,0.026158969849348068
67.40400000000001,-0.9128747582435608,0.9194756150245667,0.01613543927669525
67.42400000000002,-0.6569079756736755,0.7324512004852295,0.11417046189308167
67.44400000000002,-0.4324786961078644,0.8735140562057495,0.10390245169401169
67.46400000000001,-0.563273549079895,0.8414876461029053,0.1127036064863205
67.48400000000001,-0.5637624859809875,0.8101946711540222,0.08972282707691193
67.50400000000002,-0.4950646460056305,0.885004460811615,0.07456529140472412
67.52400000000002,-0.5307582020759583,0.7899031043052673,0.07676557451486588
67.54400000000001,-0.4253888726234436,0.8048161864280701,0.08947835117578506
67.56400000000001,-0.47648441791534424,0.8133728504180908,-0.005867432802915573
67.58400000000002,-0.6635088324546814,0.8216850757598877,0.09412340074777603
67.60400000000001,-0.5266020894050598,0.8119059801101685,0.1386180967092514
67.62400000000001,-0.5236683487892151,0.8497998118400574,0.08825596421957016
67.64400000000002,-0.5987226366996765,0.8886715769767761,0.13592885434627533
67.66400000000002,-0.5732970833778381,0.8605567812919617,0.03911621868610382
67.68400000000001,-0.5141338109970093,0.9211869239807129,-0.05891880393028259
67.70400000000001,-0.4158543050289154,0.7749900817871094,-0.022002872079610825
67.72400000000002,-0.2835925817489624,0.7018916606903076,0.09143415838479996
67.74400000000001,-0.3540017604827881,0.889649510383606,0.06136356666684151
67.76400000000001,-0.43394553661346436,1.0275341272354126,-0.14839714765548706
67.78400000000002,-0.4202548563480377,0.9898847937583923,0.06527519226074219
67.80400000000002,-0.39654067158699036,0.9324328303337097,0.13372856378555298
67.82400000000001,-0.4999541640281677,1.2754331827163696,-0.17064450681209564
67.84400000000001,-0.5050881505012512,1.1866883039474487,-0.09730159491300583
67.86400000000002,-0.4050973355770111,0.6507960557937622,0.29728326201438904
67.88400000000001,-0.5823426842689514,0.7642331123352051,0.14326314628124237
67.90400000000001,-0.6965131759643555,1.1781315803527832,-0.17357821762561798
67.92400000000002,-0.6412615180015564,0.9241206645965576,0.04449469968676567
67.94400000000002,-0.5050881505012512,0.6664425730705261,0.2430095076560974
67.96400000000001,-0.5102221965789795,0.749564528465271,0.29410505294799805
67.98400000000001,-0.6669315099716187,0.49335330724716187,-0.008312196470797062
68.00400000000002,-0.8600678443908691,0.5649848580360413,-0.4994651973247528
68.02400000000002,-0.42269963026046753,0.7285395860671997,-0.2691684663295746
68.04400000000001,-0.14204075932502747,0.4178101122379303,0.14766372740268707
68.06400000000001,-0.5962778329849243,0.3146410882472992,0.3217308819293976
68.08400000000002,-0.9263209104537964,0.5576505661010742,-0.08141063153743744
68.10400000000001,-0.5943220257759094,0.6483513116836548,0.12419398874044418
68.12400000000001,-0.5045992136001587,0.46694985032081604,0.23323045670986176
68.14400000000002,-0.7639886140823364,0.8581120371818542,-0.30657336115837097
68.16400000000002,-0.8810927867889404,1.3194389343261719,-0.3002169728279114
68.17400000000002,-0.8576231002807617,1.5411789417266846,-0.54395991563797
68.20000000000002,-0.38822847604751587,2.092228651046753,0.08654463291168213
68.22000000000001,-0.3349326252937317,2.9544968605041504,-0.21024967730045319
68.24000000000001,0.5026434063911438,2.2210676670074463,-0.47452861070632935
68.26000000000002,0.8989396095275879,1.4673471450805664,0.44616934657096863
68.28000000000002,-0.2051156610250473,1.5851846933364868,0.20462670922279358
68.30000000000001,-0.18433517217636108,1.6736851930618286,0.4405463933944702
68.32000000000001,-0.10756959766149521,1.3918039798736572,0.001955810934305191
68.34000000000002,-0.23347492516040802,1.4776151180267334,-0.25865599513053894
68.36000000000001,-0.33004307746887207,1.7037557363510132,-0.27699172496795654
68.38000000000001,-0.07676557451486588,1.6098768711090088,-0.395073801279068
68.40000000000002,0.24545426666736603,1.371023416519165,-0.1860465109348297
68.42000000000002,0.17260031402111053,1.320416808128357,-0.10585826635360718
68.44000000000001,-0.21171653270721436,1.3189499378204346,-0.04742841422557831
68.46000000000001,-0.48259633779525757,1.2441401481628418,-0.10536931455135345
68.48000000000002,-0.47501757740974426,1.1397488117218018,-0.09583473205566406
68.50000000000001,-0.45423707365989685,1.1382819414138794,-0.04791736602783203
68.52000000000001,-0.5244017839431763,1.221403956413269,-0.055740609765052795
68.54000000000002,-0.5715857148170471,1.1671301126480103,0.006111909169703722
68.56000000000002,-0.5882101058959961,1.0725177526474,0.060874614864587784
68.58000000000001,-0.5358921885490417,1.0600495338439941,0.07627662271261215
68.60000000000001,-0.44225773215293884,1.0761849880218506,0.12272713333368301
68.62000000000002,-0.33591052889823914,1.0673837661743164,0.15035296976566315
68.64000000000001,-0.2505882680416107,1.0231335163116455,0.11832655966281891
68.65000000000002,-0.13470648229122162,0.9869510531425476,0.1354399025440216
68.68200000000002,-0.034471165388822556,0.9725269675254822,0.18140146136283875
68.70200000000001,0.001955810934305191,0.979127824306488,0.1880023181438446
68.72200000000001,0.012223818339407444,0.9429453015327454,0.20560462772846222
68.74200000000002,-0.05305137112736702,0.9353665709495544,0.19142499566078186
68.76200000000001,-0.09852397441864014,0.9999083280563354,0.18898022174835205
68.78200000000001,-0.09656815975904465,1.0338904857635498,0.17455612123012543
68.80200000000002,-0.17333373427391052,0.9876844882965088,0.14913058280944824
68.82200000000002,-0.250832736492157,1.0165326595306396,0.09852397441864014
68.84200000000001,-0.20047061145305634,0.9629923701286316,0.06796442717313766
68.86200000000001,-0.2031598538160324,0.8422210812568665,0.03764935955405235
68.88200000000002,-0.22614063322544098,0.7732787132263184,0.02273630164563656
68.90200000000002,-0.22394034266471863,0.7498090267181396,0.01149038877338171
68.92200000000001,-0.237386554479599,0.7285395860671997,-0.016624392941594124
68.94200000000001,-0.2488769292831421,0.6571524739265442,-0.009534577839076519
68.96200000000002,-0.3119518458843231,0.5874766707420349,0.0070898146368563175
68.98200000000001,-0.4185435175895691,0.5566726922988892,0.08214405924081802
69.00200000000001,-0.46890565752983093,0.584542989730835,0.20120404660701752
69.02200000000002,-0.419032484292984,0.6578859090805054,0.2500993311405182
69.04200000000002,-0.2975277304649353,0.6930904984474182,0.20927175879478455
69.06200000000001,-0.22931882739067078,0.689667820930481,0.23885340988636017
69.08200000000001,-0.2190508246421814,0.6864896416664124,0.28065887093544006
69.10200000000002,-0.23591968417167664,0.7774348258972168,0.33077651262283325
69.12200000000001,-0.17773431539535522,0.8590899109840393,0.29019343852996826
69.14200000000001,-0.10463587939739227,0.8693579435348511,0.28212571144104004
69.17400000000002,-0.14008495211601257,0.8867157697677612,0.3684258759021759
69.19400000000002,-0.18213489651679993,1.0013751983642578,0.37013721466064453
69.21400000000001,-0.21122758090496063,1.0331571102142334,0.3195306062698364
69.23400000000001,-0.18409070372581482,0.9475903511047363,0.29019343852996826
69.25400000000002,-0.2657458186149597,0.9324328303337097,0.327353835105896
69.27400000000002,-0.34397825598716736,1.0089539289474487,0.35497966408729553
69.29400000000001,-0.3601136803627014,1.079607605934143,0.2872597277164459
69.31400000000001,-0.407053142786026,1.0544265508651733,0.19582556188106537
69.33400000000002,-0.46108242869377136,1.0016196966171265,0.15206429362297058
69.35400000000001,-0.5588729381561279,1.0021085739135742,0.20120404660701752
69.37400000000001,-0.633438229560852,1.0583381652832031,0.22271797060966492
69.39400000000002,-0.6356385350227356,1.0942761898040771,0.15084192156791687
69.41400000000002,-0.6820890307426453,1.0940316915512085,0.1171041801571846
69.43400000000001,-0.7622773051261902,1.0580936670303345,0.13935153186321259
69.45400000000001,-0.8652018308639526,1.0510039329528809,0.2576780915260315
69.47400000000002,-0.8539559245109558,1.0380465984344482,0.25425541400909424
69.49400000000001,-0.8529780507087708,0.9561470746994019,0.27454695105552673
69.51400000000001,-0.8994285464286804,0.8644683957099915,0.31292974948883057
69.53400000000002,-0.9236316680908203,0.8072609305381775,0.36744797229766846
69.55400000000002,-0.866668701171875,0.7908810377120972,0.3474009037017822
69.57400000000001,-0.8211960792541504,0.7881917953491211,0.39605170488357544
69.59400000000001,-0.7881917953491211,0.7859914898872375,0.4097423851490021
69.61400000000002,-0.7610549330711365,0.7466307878494263,0.42392200231552124
69.63400000000001,-0.7605659365653992,0.7280505895614624,0.4767289161682129
69.66400000000002,-0.7468752861022949,0.7424747347831726,0.5745194554328918
69.68400000000001,-0.7363628149032593,0.7334290742874146,0.549582839012146
69.70400000000001,-0.6735323667526245,0.6979799866676331,0.5420041084289551
69.72400000000002,-0.6197475790977478,0.6982244849205017,0.5794090032577515
69.74400000000001,-0.5977447032928467,0.7649665474891663,0.580875813961029
69.76400000000001,-0.5175564885139465,0.7891696691513062,0.5459157228469849
69.78400000000002,-0.4950646460056305,0.7510313987731934,0.572563648223877
69.80400000000002,-0.46866118907928467,0.7133820056915283,0.6229257583618164
69.82400000000001,-0.3615805506706238,0.7050698399543762,0.6092351078987122
69.84400000000001,-0.2527885437011719,0.6608195900917053,0.44274669885635376
69.86400000000002,-0.20120404660701752,0.6781774163246155,0.41316506266593933
69.88400000000001,-0.1772453635931015,0.883293092250824,0.4711059629917145
69.90400000000001,-0.17626745998859406,1.0011307001113892,0.5701189041137695
69.92400000000002,-0.1366622895002365,0.8114170432090759,0.6434617638587952
69.94400000000002,-0.19289185106754303,0.4999541640281677,0.7070256471633911
69.96400000000001,-0.3488677740097046,0.39800751209259033,0.7806130051612854
69.98400000000001,-0.4182990491390228,0.4515478312969208,0.8542004227638245
70.00400000000002,-0.4620603322982788,0.5185343623161316,0.8884270787239075
70.02400000000002,-0.5339363813400269,0.5129113793373108,0.8356202244758606
70.04400000000001,-0.5028879046440125,0.47183936834335327,0.725605845451355
70.06400000000001,-0.4449469745159149,0.47135043144226074,0.6055679321289062
70.08400000000002,-0.3596247434616089,0.48137396574020386,0.5258686542510986
70.10400000000001,-0.37576016783714294,0.495553582906723,0.42441096901893616
70.12400000000001,-0.498731791973114,0.50435471534729,0.28065887093544006
70.15400000000001,-0.7307398319244385,0.43394553661346436,0.043516792356967926
70.17400000000002,-0.7366072535514832,0.2063380479812622,0.027870304882526398
70.19400000000002,-0.7681447267532349,-0.05085108429193497,0.11441493779420853
70.21400000000001,-0.8290193676948547,-0.21196100115776062,0.005867432802915573
70.23400000000001,-0.8285303711891174,-0.24643217027187347,-0.24203160405158997
70.25400000000002,-1.4773706197738647,-0.1525532454252243,-0.9380558133125305
70.27400000000002,-2.965987205505371,0.09387892484664917,-2.2183785438537598
70.29400000000001,-2.791675567626953,0.5703633427619934,-3.0366408824920654
70.31400000000001,-1.802524209022522,3.2970082759857178,-3.5326833724975586
70.33400000000002,-2.444763660430908,0.9471014142036438,-5.6657395362854
70.35400000000001,-1.9047152996063232,-0.6319714188575745,-4.309873580932617
70.37400000000001,1.221403956413269,0.3368884325027466,-2.509060859680176
70.39400000000002,2.487302541732788,2.6816611289978027,-3.1121840476989746
70.41400000000002,3.029062032699585,6.247348785400391,5.605109691619873
70.43400000000001,4.902973651885986,7.251657962799072,2.936894655227661
70.45400000000001,-1.7758762836456299,0.859334409236908,-0.21856187283992767
70.47400000000002,-4.095468044281006,-6.312379837036133,-0.08214405924081802
70.49400000000001,0.7067811489105225,-0.9571249485015869,-0.6573969125747681
70.51400000000001,-0.254010945558548,3.0456864833831787,2.257739305496216
70.53400000000002,-1.2969471216201782,1.0133545398712158,1.3805580139160156
70.55400000000002,-0.8549338579177856,0.20438224077224731,0.9214314222335815
70.57400000000001,-0.674021303653717,0.6762216091156006,1.0294899940490723
70.59400000000001,-0.6434617638587952,0.7691226601600647,0.8703358769416809
70.60400000000001,-0.7581211924552917,0.5280689597129822,1.0378021001815796
70.63400000000001,-0.6771995425224304,0.29214924573898315,1.0331571102142334
70.65400000000001,-0.2640344798564911,0.17577850818634033,0.8057940602302551
70.67400000000002,0.13495095074176788,0.11685970425605774,1.0859639644622803
70.69400000000002,-0.1437520980834961,-0.0955902561545372,0.7671668529510498
70.71400000000001,-0.12248265743255615,-0.3672035038471222,0.41243162751197815
70.73400000000001,-0.21880634129047394,-0.16551049053668976,0.17235583066940308
70.75400000000002,-0.47575101256370544,0.14130733907222748,0.11148121953010559
70.77400000000002,-1.0876753330230713,0.5681630373001099,0.10732512176036835
70.79400000000001,-1.9250068664550781,0.4703725278377533,0.18751336634159088
70.81400000000001,-1.6177000999450684,0.43467897176742554,0.3672035038471222
70.83400000000002,-0.8233963847160339,0.7583656907081604,0.45814868807792664
70.85400000000001,-0.6605751514434814,0.8818262219429016,0.5794090032577515
70.87400000000001,-1.089631199836731,0.8358646631240845,0.7094703912734985
70.89400000000002,-0.34788987040519714,0.58552086353302,0.8972282409667969
70.91400000000002,-0.4038749635219574,0.16624392569065094,0.9761941432952881
70.93400000000001,-0.9155640006065369,0.05305137112736702,0.673043429851532
70.95400000000001,-0.9021177887916565,0.17504507303237915,0.627815306186676
70.97400000000002,-0.8385539054870605,0.27625828981399536,0.7009137272834778
70.99400000000001,-0.8143507838249207,0.2689239978790283,0.7429636716842651
71.01400000000001,-0.7820798754692078,0.2703908681869507,0.6933349370956421
71.03400000000002,-0.7417412996292114,0.3613360524177551,0.6544632315635681
71.05400000000002,-0.6383277773857117,0.4906640648841858,0.661064088344574
71.07400000000001,-0.5195122957229614,0.555939257144928,0.7647220492362976
71.09400000000001,-0.4767289161682129,0.5530055165290833,0.838064968585968
71.11400000000002,-0.5156006217002869,0.5591174364089966,0.8326864838600159
71.13400000000001,-0.4740396738052368,0.49922072887420654,0.8559117317199707
71.15400000000001,-0.5077773928642273,0.38847294449806213,0.8446658253669739
71.17400000000002,-0.611190915107727,0.33835527300834656,0.8150842189788818
71.19400000000002,-0.7197384238243103,0.3266204297542572,0.7708339691162109
71.21400000000001,-0.8219295144081116,0.28897106647491455,0.7170491814613342
71.23400000000001,-0.8571341037750244,0.23665311932563782,0.6933349370956421
71.25400000000002,-0.830730676651001,0.21000519394874573,0.6930904984474182
71.27400000000002,-0.8373315334320068,0.16551049053668976,0.6840448379516602
71.29400000000001,-0.8405097126960754,0.17382268607616425,0.7080035209655762
71.31400000000001,-0.8258411288261414,0.20218195021152496,0.7040919065475464
71.33400000000002,-0.8131283521652222,0.2146502435207367,0.6987134218215942
71.35400000000001,-0.8295083045959473,0.19778138399124146,0.7165602445602417
71.37400000000001,-0.9693487882614136,0.20022614300251007,0.6011673808097839
71.39400000000002,-1.2353390455245972,0.2982611656188965,0.41609877347946167
71.41400000000002,-0.9116523265838623,0.7023805975914001,0.5395593047142029
71.43400000000001,-0.9128747582435608,3.4488279819488525,-0.008067719638347626
71.45400000000001,-0.5840540528297424,1.7866332530975342,0.6639978289604187
71.47400000000002,-0.5539834499359131,2.1391682624816895,0.7392964959144592
71.49400000000001,-0.8600678443908691,1.5296885967254639,0.6735323667526245
71.51400000000001,-1.233383297920227,0.4033859968185425,0.7493200302124023
71.53400000000002,-0.842710018157959,0.3628029227256775,0.7106927633285522
71.55400000000002,-0.8009045720100403,0.3804052174091339,0.4755065143108368
71.57400000000001,-1.2434067726135254,0.1936252862215042,0.8251076936721802
71.58400000000002,-1.437520980834961,-0.11148121953010559,1.066650390625
71.61000000000001,-1.4766372442245483,-0.32075297832489014,0.8771811723709106
71.63000000000001,-0.7710784673690796,-0.4830853044986725,0.8390429019927979
71.65000000000002,-0.19191394746303558,-0.7116706967353821,1.0629832744598389
71.67000000000002,0.018335727974772453,-0.7979708313941956,1.2377837896347046
71.69000000000001,0.35669100284576416,-1.0055313110351562,1.3954710960388184
71.71000000000001,1.0201998949050903,-0.5437154173851013,0.6014118790626526
71.73000000000002,0.4354124069213867,1.7890779972076416,0.9891513586044312
71.75000000000001,-2.263117790222168,1.9956605434417725,1.5448461771011353
71.77000000000001,-0.5075329542160034,1.5651376247406006,0.8913608193397522
71.79000000000002,-0.3337102234363556,0.7590991258621216,0.4552149772644043
71.81000000000002,-0.7075145840644836,1.022400140762329,0.6104574799537659
71.83000000000001,-0.371115118265152,1.1972007751464844,0.6515294909477234
71.85000000000001,-0.45741528272628784,0.9138526320457458,0.4488585889339447
71.87000000000002,-0.471594899892807,0.8211960792541504,0.3615805506706238
71.89000000000001,-0.5581395626068115,0.9114078879356384,0.501665472984314
71.91000000000001,-0.3209974765777588,0.9307215213775635,0.567918598651886
71.93000000000002,-0.435656875371933,0.8268190622329712,0.45179232954978943
71.95000000000002,-0.48724138736724854,0.8815817832946777,0.5341808795928955
71.97000000000001,-0.4887082576751709,0.8608012795448303,0.5696299076080322
71.99000000000001,-0.5004431009292603,0.8671576380729675,0.48895272612571716
72.01000000000002,-0.48650795221328735,0.8977171778678894,0.4632827043533325
72.03000000000002,-0.6302600502967834,0.8771811723709106,0.5921217203140259
72.05000000000001,-0.560584306716919,0.8468661308288574,0.45228126645088196
72.07000000000001,-0.5339363813400269,0.7488310933113098,0.37771597504615784
72.10200000000002,-0.4957980513572693,0.7813464403152466,0.4728172719478607
72.12200000000001,-0.6290376782417297,0.8092167377471924,0.49848729372024536
72.14200000000001,-0.6121687889099121,0.7236500382423401,0.5099776983261108
72.16200000000002,-0.6087461709976196,0.8436879515647888,0.5583840012550354
72.18200000000002,-0.6199920773506165,0.8304861783981323,0.5253797173500061
72.20200000000001,-0.6146135926246643,0.6583748459815979,0.43712374567985535
72.22200000000001,-0.602145254611969,0.7967484593391418,0.5344253182411194
72.24200000000002,-0.46621641516685486,0.8571341037750244,0.5239128470420837
72.26200000000001,-0.599211573600769,0.683311402797699,0.4293004870414734
72.28200000000001,-0.5997005105018616,0.5762307643890381,0.42196619510650635
72.30200000000002,-0.695290744304657,0.7776793241500854,0.459615558385849
72.32200000000002,-0.5261131525039673,0.8439323902130127,0.45863765478134155
72.34200000000001,-0.5173119902610779,0.7466307878494263,0.48724138736724854
72.36200000000001,-0.5769641995429993,0.7987042665481567,0.5410261750221252
72.38200000000002,-0.4698835611343384,0.7862359881401062,0.6043455600738525
72.40200000000002,-0.4767289161682129,0.8505332469940186,0.578186571598053
72.42200000000001,-0.49164196848869324,0.7740121483802795,0.6006784439086914
72.44200000000001,-0.4354124069213867,0.7896586656570435,0.5857653617858887
72.46200000000002,-0.6437062621116638,0.6451731324195862,0.5143782496452332
72.48200000000001,-0.5170674920082092,0.6806222200393677,0.6168138384819031
72.50200000000001,-0.4999541640281677,0.7737677097320557,0.6529963612556458
72.52200000000002,-0.6864896416664124,0.7639886140823364,0.692357063293457
72.54200000000002,-0.4097423851490021,0.7972373962402344,0.7864804863929749
72.56200000000001,-0.4214772582054138,0.7943037152290344,0.7754790186882019
72.58400000000002,-0.47012805938720703,0.9326773285865784,0.7466307878494263
72.60400000000001,-0.654707670211792,0.9351220726966858,0.8231518864631653
72.62400000000001,-0.3923845589160919,1.0270452499389648,0.949546217918396
72.64400000000002,-0.327353835105896,1.1585735082626343,1.0928093194961548
72.66400000000002,-0.23054121434688568,1.2064908742904663,1.146838665008545
72.68400000000001,-0.09950187802314758,1.4106285572052002,1.3421752452850342
72.70400000000001,-0.05182898789644241,1.3042813539505005,-0.3178192675113678
72.72400000000002,-0.09167863428592682,1.6436145305633545,-1.2443846464157104
72.74400000000001,-0.06625309586524963,1.3800690174102783,-1.1747089624404907
72.76400000000001,0.15402010083198547,0.8383094668388367,-0.8253521919250488
72.78400000000002,0.17895670235157013,0.8903828859329224,-0.3672035038471222
72.80400000000002,-0.3324878513813019,1.3746905326843262,-0.17235583066940308
72.82400000000001,-0.516334056854248,1.4756593704223633,0.1481526792049408
72.84400000000001,-0.7204718589782715,1.27347731590271,0.19655899703502655
72.86400000000002,-0.659352719783783,1.0270452499389648,0.11245912313461304
72.88400000000001,-0.5050881505012512,0.7231611013412476,0.018091250211000443
72.90400000000001,-0.44665831327438354,0.7001802921295166,-0.0418054573237896
72.92400000000002,-0.587232232093811,0.7454084157943726,-0.10047978162765503
72.94400000000002,-0.9771720170974731,0.7253613471984863,-0.01320172380656004
72.96400000000001,-1.0761849880218506,0.782813310623169,-0.03569354861974716
72.98400000000001,-0.46303823590278625,0.8522446155548096,-0.020291538909077644
73.00400000000002,-0.064541757106781,0.9788833260536194,0.12272713333368301
73.02400000000002,-0.6468844413757324,1.2287381887435913,0.24154265224933624
73.04400000000001,-1.2705436944961548,1.0331571102142334,0.4293004870414734
73.07400000000001,-0.9346331357955933,1.0356018543243408,0.19704794883728027
73.09400000000001,-0.21367233991622925,0.8774256706237793,0.1215047538280487
73.11400000000002,-0.14717477560043335,1.0079760551452637,0.0860556811094284
73.13400000000001,-0.7344070076942444,1.124835729598999,-0.020780490711331367
73.15400000000001,-1.2583198547363281,0.8148397207260132,0.24154265224933624
73.17400000000002,-0.947834849357605,0.4957980513572693,0.3537572920322418
73.19400000000002,-0.4860190153121948,0.4241665005683899,0.31561899185180664
73.21400000000001,-0.6657091379165649,0.5006875991821289,0.22491824626922607
73.23400000000001,-0.42318859696388245,0.4532591700553894,0.14228524267673492
73.25400000000002,-0.3354215621948242,0.5134003758430481,0.10854750126600266
73.27400000000002,-0.6236591935157776,0.7295174598693848,0.1728447824716568
73.29400000000001,-0.6884454488754272,0.9033401608467102,0.028848210349678993
73.31400000000001,-0.8642239570617676,0.8263301253318787,-0.08287748694419861
73.33400000000002,-0.9040735960006714,0.6862451434135437,0.06723099946975708
73.35400000000001,-0.7483421564102173,0.6992024183273315,0.3051064908504486
73.37400000000001,-0.6979799866676331,0.7331846356391907,0.15230877697467804
73.39400000000002,-0.7194939255714417,0.8698468804359436,-0.5050881505012512
73.41400000000002,-2.2164227962493896,1.2387617826461792,-0.36867034435272217
73.43400000000001,-1.2451181411743164,1.3996272087097168,0.3178192675113678
73.45400000000001,0.24594321846961975,1.4678360223770142,0.4830853044986725
73.47400000000002,0.8016380071640015,1.720380187034607,0.08287748694419861
73.49400000000001,-0.5493384003639221,1.5145310163497925,0.006111909169703722
73.51400000000001,-0.8808483481407166,0.7094703912734985,-0.022491825744509697
73.53400000000002,-1.0123766660690308,0.5197567343711853,-0.1493750512599945
73.55400000000002,-0.9319438934326172,1.0096874237060547,-0.04742841422557831
73.57400000000001,-0.584542989730835,1.0825413465499878,-0.11465941369533539
73.59400000000001,-0.37942731380462646,0.7092259526252747,0.09925740212202072
73.61400000000002,-0.50435471534729,0.620481014251709,0.27063533663749695
73.63400000000001,-0.7199828624725342,0.8192402720451355,0.20438224077224731
73.65400000000001,-0.7911255359649658,0.9578583836555481,-0.03764935955405235
73.67400000000002,-0.6031231880187988,0.956880509853363,-0.055740609765052795
73.69400000000002,-0.46450507640838623,0.9485682845115662,0.4615713655948639
73.71400000000001,-0.34031111001968384,0.7637441754341125,0.6784219145774841
73.73400000000001,-0.4094979166984558,0.7762124538421631,0.4659719467163086
73.75400000000002,-0.7896586656570435,0.9906182289123535,0.27136877179145813
73.77400000000002,-0.41560980677604675,0.8043272495269775,0.31757479906082153
73.79400000000001,-0.12052685022354126,0.8043272495269775,0.31561899185180664
73.81400000000001,-0.45105889439582825,0.833419919013977,0.13250619173049927
73.83400000000002,-0.6664425730705261,0.714604377746582,0.01760229840874672
73.85400000000001,-0.3488677740097046,0.7392964959144592,0.07921034097671509
73.87400000000001,-0.5943220257759094,0.7150933742523193,0.4938422441482544
73.89400000000002,-0.7001802921295166,0.6375943422317505,0.6280597448348999
73.91400000000002,-0.5776976346969604,0.8647128939628601,0.49848729372024536
73.93400000000001,-0.40216362476348877,0.9774165153503418,0.28970450162887573
73.95400000000001,-0.41878801584243774,1.1932891607284546,0.17993460595607758
73.97400000000002,-0.4711059629917145,1.3165051937103271,-0.055740609765052795
73.99400000000001,-0.7407633662223816,1.5291996002197266,-0.2936161160469055
74.01400000000001,-0.49482014775276184,1.3732237815856934,-0.06307490170001984
74.02400000000002,-0.2916603088378906,1.113589882850647,0.2777251601219177
74.05400000000002,-0.407053142786026,0.9412339925765991,0.4280781149864197
74.07400000000001,-0.5464046597480774,0.9634813666343689,0.25034379959106445
74.09400000000001,-0.6657091379165649,1.2595422267913818,-0.08850044012069702
74.11400000000002,-0.6270818710327148,1.5191761255264282,-0.14277419447898865
74.13400000000001,-0.49848729372024536,1.464902400970459,-0.14424104988574982
74.15400000000001,-0.32564252614974976,1.4287198781967163,-0.08312196284532547
74.17400000000002,-0.5349142551422119,1.2803226709365845,0.010023530572652817
74.19400000000002,-0.8744919300079346,0.8175289630889893,0.12712770700454712
74.21400000000001,-1.088897705078125,0.5772086977958679,0.3835834264755249
74.23400000000001,-1.321394681930542,0.4322341978549957,0.680377721786499
74.25400000000002,-1.0018640756607056,0.42710021138191223,0.42685574293136597
74.27400000000002,-0.630748987197876,0.6539742946624756,0.3449561595916748
74.29400000000001,-0.689667820930481,1.0011307001113892,0.1677107810974121
74.31400000000001,-0.7815909385681152,1.1781315803527832,0.05671851709485054
74.33400000000002,-0.8268190622329712,1.262231469154358,0.22687406837940216
74.35400000000001,-0.9067628383636475,1.1663967370986938,0.1334840953350067
74.37400000000001,-0.9060294032096863,1.0849860906600952,0.003911621868610382
74.39400000000002,-0.594810962677002,0.7260947823524475,0.03642697632312775
74.41400000000002,-0.6977355480194092,0.5850319266319275,0.144974485039711
74.43400000000001,-0.8175289630889893,0.6723099946975708,0.05525165796279907
74.45400000000001,-0.5023989081382751,0.7419857382774353,0.03153745085000992
74.47400000000002,-0.5253797173500061,0.7881917953491211,0.14473000168800354
74.49400000000001,-0.6982244849205017,0.6554411053657532,0.37771597504615784
74.51400000000001,-0.6943128705024719,0.5952999591827393,0.1285945624113083
74.54300000000002,-0.4153653383255005,0.7681447267532349,-0.010512483306229115
74.56300000000002,-0.42563334107398987,0.7307398319244385,0.03569354861974716
74.58300000000001,-0.5921217203140259,0.6691318154335022,0.14473000168800354
74.60300000000001,-0.6023897528648376,0.7441860437393188,0.1943587064743042
74.62300000000002,-0.44910308718681335,0.6432173252105713,0.06992024183273315
74.64300000000001,-0.4493475556373596,0.6243926286697388,-0.07652109861373901
74.66300000000001,-0.4253888726234436,0.7451639771461487,-0.07040919363498688
74.68300000000002,-0.40729761123657227,0.8062830567359924,-0.022247349843382835
74.70300000000002,-0.4368792474269867,0.7627662420272827,-0.03667145594954491
74.72300000000001,-0.44152429699897766,0.7324512004852295,-0.04058307781815529
74.74300000000001,-0.5168230533599854,0.7260947823524475,-0.014913057908415794
74.76300000000002,-0.544937789440155,0.7082480192184448,-0.0804327204823494
74.78300000000002,-0.5354032516479492,0.8353757262229919,-0.08263301104307175
74.80300000000001,-0.6688873171806335,0.8977171778678894,0.027381353080272675
74.82300000000001,-0.6737768650054932,0.7172936201095581,0.1469302922487259
74.84300000000002,-0.618769645690918,0.7324512004852295,0.21807292103767395
74.86300000000001,-0.7498090267181396,0.8495553731918335,0.05867432802915573
74.88300000000001,-0.7627662420272827,0.9277877807617188,0.01320172380656004
74.90300000000002,-0.8077499270439148,1.0268007516860962,0.10341349989175797
74.92300000000002,-0.6857562065124512,0.8539559245109558,0.14766372740268707
74.94300000000001,-0.5818537473678589,0.773523211479187,0.03911621868610382
74.96300000000001,-0.68502277135849,0.7757235169410706,0.07456529140472412
74.98300000000002,-0.8696024417877197,0.7962595224380493,0.044983651489019394
74.99300000000001,-0.730250895023346,0.9815725684165955,0.1664884090423584
75.02400000000002,-0.6583748459815979,0.8216850757598877,0.023958683013916016
75.04400000000001,-0.6006784439086914,0.7546985149383545,-0.0051340037025511265
75.06400000000001,-0.6075237393379211,0.6434617638587952,0.08703358471393585
75.08400000000002,-0.5222015380859375,0.6654646396636963,0.0017113345675170422
75.10400000000001,-0.6363719701766968,0.8556672930717468,-0.012712771072983742
75.12400000000001,-0.6913791298866272,1.0030865669250488,0.1589096337556839
75.14400000000002,-0.6075237393379211,0.9937964081764221,0.1887357532978058
75.16400000000002,-0.6510405540466309,0.9563915133476257,0.052317939698696136
75.18400000000001,-0.6197475790977478,0.785502552986145,0.21513919532299042
75.20400000000001,-0.6955352425575256,0.8275524973869324,0.238119974732399
75.22400000000002,-0.7138710021972656,0.9397671222686768,0.12761665880680084
75.24400000000001,-0.8456437587738037,1.2199370861053467,-0.12370503693819046
75.26400000000001,-0.5087553262710571,1.241939902305603,-0.1943587064743042
75.28400000000002,0.1772453635931015,1.5069522857666016,0.027870304882526398
75.30400000000002,0.0418054573237896,1.605965256690979,-0.0007334291003644466
75.32400000000001,-0.5307582020759583,1.4800598621368408,0.10292454808950424
75.34400000000001,-0.7180270552635193,1.3059927225112915,0.03324878588318825
75.36400000000002,-0.491397500038147,1.1245912313461304,0.032759834080934525
75.38400000000001,-0.6723099946975708,1.0363353490829468,-0.11881551146507263
75.40400000000001,-0.5935885906219482,0.9823060035705566,-0.1481526792049408
75.42400000000002,-0.5053326487541199,0.955169141292572,-0.18091250956058502
75.44400000000002,-0.4417687952518463,0.8784035444259644,-0.14228524267673492
75.46400000000001,-0.47966262698173523,0.8678910732269287,-0.10047978162765503
75.48400000000001,-0.5434709787368774,0.9070072770118713,-0.044983651489019394
75.51400000000001,-0.5058215856552124,0.9035846590995789,-0.0012223818339407444
75.53400000000002,-0.40411943197250366,0.8385539054870605,0.059163279831409454
75.55400000000002,-0.33322128653526306,0.7823243737220764,0.1278611421585083
75.57400000000001,-0.325886994600296,0.8136173486709595,0.17431165277957916
75.59400000000001,-0.3178192675113678,0.8852488994598389,0.19460318982601166
75.61400000000002,-0.3014393448829651,0.9236316680908203,0.2584115266799927
75.63400000000001,-0.3114628791809082,0.9752162098884583,0.2530330419540405
75.65400000000001,-0.25229960680007935,1.0021085739135742,0.23469731211662292
75.67400000000002,-0.1804235577583313,0.9549246430397034,0.21929529309272766
75.69400000000002,-0.19386975467205048,0.9206979870796204,0.20022614300251007
75.71400000000001,-0.2007150948047638,0.9473459124565125,0.19289185106754303
75.73400000000001,-0.22956331074237823,1.0175106525421143,0.15206429362297058
75.75400000000002,-0.2589004635810852,1.0761849880218506,0.09290102124214172
75.77400000000002,-0.3011948764324188,1.0480701923370361,0.05354032292962074
75.79400000000001,-0.36573663353919983,0.952479898929596,0.024203160777688026
75.81400000000001,-0.44470250606536865,0.8925831913948059,-0.007334291003644466
75.83400000000002,-0.4361458420753479,0.84735506772995,0.014913057908415794
75.85400000000001,-0.44543594121932983,0.8559117317199707,-0.01515753474086523
75.87400000000001,-0.4904195964336395,0.920942485332489,-0.06992024183273315
75.89400000000002,-0.4513033628463745,0.9253430366516113,-0.08556672930717468
75.91400000000002,-0.390428751707077,0.8664242029190063,-0.07040919363498688
75.93400000000001,-0.41194266080856323,0.8109281063079834,-0.07774348556995392
75.95400000000001,-0.395073801279068,0.7546985149383545,-0.06527519226074219
75.97400000000002,-0.3764936029911041,0.7241389751434326,-0.06551966816186905
75.99400000000001,-0.40363046526908875,0.6992024183273315,-0.11368151009082794
76.01400000000001,-0.395073801279068,0.6811111569404602,-0.09094520658254623
76.03400000000002,-0.42245516180992126,0.7344070076942444,-0.07701005041599274
76.05400000000002,-0.476239949464798,0.8451547622680664,-0.1202823668718338
76.07400000000001,-0.5031323432922363,0.8688690066337585,-0.13470648229122162
76.09400000000001,-0.5764752626419067,0.8561562299728394,-0.13935153186321259
76.11400000000002,-0.6393057107925415,0.8925831913948059,-0.14595238864421844
76.13400000000001,-0.5979892015457153,0.9456345438957214,-0.15744277834892273
76.15400000000001,-0.6045900583267212,0.978149950504303,-0.11637074500322342
76.17400000000002,-0.6581303477287292,0.9737493395805359,-0.05182898789644241
76.19400000000002,-0.6478623747825623,0.943189799785614,0.003911621868610382
76.21400000000001,-0.5852764248847961,0.9466124773025513,-0.02126944437623024
76.23400000000001,-0.5508052706718445,0.895272433757782,-0.0009779054671525955
76.25400000000002,-0.5581395626068115,0.8659352660179138,0.026892399415373802
76.27400000000002,-0.5539834499359131,0.8830485939979553,0.05451823025941849
76.29400000000001,-0.5173119902610779,0.899917483329773,0.05427375063300133
76.31400000000001,-0.5023989081382751,0.8561562299728394,0.05085108429193497
76.33400000000002,-0.5038657784461975,0.8172844648361206,0.04376126825809479
76.35400000000001,-0.45814868807792664,0.8060385584831238,0.08092167228460312
76.37400000000001,-0.4520367980003357,0.8282859325408936,0.11465941369533539
76.39400000000002,-0.501665472984314,0.8431989550590515,0.12614980340003967
76.41400000000002,-0.5023989081382751,0.8329309821128845,0.14350762963294983
76.43400000000001,-0.5151116847991943,0.8730250597000122,0.14766372740268707
76.45400000000001,-0.542248547077179,0.952479898929596,0.14106285572052002
76.46400000000001,-0.5635179877281189,1.0006417036056519,0.1545090675354004
76.49400000000001,-0.5583840012550354,1.029734492301941,0.1620878279209137
76.51400000000001,-0.5977447032928467,1.051981806755066,0.12394951283931732
76.53400000000002,-0.708981454372406,1.040980339050293,0.0493842251598835
76.55400000000002,-0.7285395860671997,1.0304678678512573,0.11148121953010559
76.57400000000001,-0.6454175710678101,1.0678727626800537,0.12370503693819046
76.59400000000001,-0.5654738545417786,1.0835192203521729,0.10365797579288483
76.61400000000002,-0.4806405305862427,1.0488035678863525,0.156953826546669
76.63400000000001,-0.47012805938720703,1.0336461067199707,0.15548697113990784
76.65400000000001,-0.5581395626068115,1.0690951347351074,0.09607920795679092
76.67400000000002,-0.5627846121788025,1.1013660430908203,0.055740609765052795
76.69400000000002,-0.45472604036331177,1.0527151823043823,0.06356385350227356
76.71400000000001,-0.48088499903678894,1.0101763010025024,0.09950187802314758
76.73400000000001,-0.5635179877281189,1.0089539289474487,0.07969929277896881
76.75400000000002,-0.5124224424362183,1.032423734664917,0.04033859819173813
76.77400000000002,-0.407053142786026,1.0549155473709106,0.07749900966882706
76.79400000000001,-0.407053142786026,1.017999529838562,0.05891880393028259
76.81400000000001,-0.40240809321403503,0.9096965193748474,0.04033859819173813
76.83400000000002,-0.37893834710121155,0.8424655199050903,-0.011001436039805412
76.85400000000001,-0.3994743824005127,0.8678910732269287,-0.032515354454517365
76.87400000000001,-0.3679369390010834,0.8757143020629883,-0.03202640265226364
76.89400000000002,-0.3914066553115845,0.7930813431739807,-0.039849646389484406
76.91400000000002,-0.3779604434967041,0.7693670988082886,-0.05158451199531555
76.93400000000001,-0.4053418040275574,0.8304861783981323,-0.05305137112736702
76.95400000000001,-0.28334811329841614,0.8422210812568665,-0.00440057460218668
76.98400000000001,-0.36353635787963867,0.8872047066688538,-0.08287748694419861
77.00400000000002,-0.531980574131012,0.9277877807617188,-0.08238853514194489
77.02400000000002,-0.5537389516830444,0.9307215213775635,-0.043272316455841064
77.04400000000001,-0.4412798285484314,0.9143415689468384,-0.04962870106101036
77.06400000000001,-0.2970387935638428,0.8661797642707825,-0.021758396178483963
77.08400000000002,-0.3584023416042328,0.8285303711891174,-0.04376126825809479
77.10400000000001,-0.3430003225803375,0.8727806210517883,-0.17993460595607758
77.12400000000001,-0.4918864369392395,0.8967393040657043,-0.2620786726474762
77.14400000000002,-0.6075237393379211,0.8823152184486389,-0.2317635864019394
77.16400000000002,-0.5970112681388855,0.9554136395454407,-0.17186687886714935
77.18400000000001,-0.4740396738052368,0.9224092960357666,-0.12443846464157104
77.20400000000001,-0.5212236046791077,0.8671576380729675,-0.17675641179084778
77.22400000000002,-0.5710967779159546,0.8341533541679382,-0.21831738948822021
77.24400000000001,-0.584542989730835,0.862023651599884,-0.20364880561828613
77.26400000000001,-0.6087461709976196,0.8901384472846985,-0.19582556188106537
77.28400000000002,-0.6202365159988403,0.8693579435348511,-0.17944565415382385
77.30400000000002,-0.5940775871276855,0.8319530487060547,-0.14521895349025726
77.32400000000001,-0.49164196848869324,0.8412431478500366,-0.1234605610370636
77.34400000000001,-0.3818720877170563,0.8784035444259644,-0.13690675795078278
77.36400000000002,-0.4632827043533325,0.8930721282958984,-0.15744277834892273
77.38400000000001,-0.5950554609298706,0.896983802318573,-0.22296243906021118
77.40400000000001,-0.7454084157943726,0.92558753490448,-0.2816367745399475
77.42400000000002,-0.7070256471633911,0.9456345438957214,-0.25792255997657776
77.43400000000001,-0.5730525851249695,0.9441677331924438,-0.22051768004894257
77.46000000000001,-0.4830853044986725,0.8649573922157288,-0.225407212972641
77.48000000000002,-0.40876448154449463,0.899917483329773,-0.19020260870456696
77.50000000000001,-0.4527702331542969,0.92558753490448,-0.19166946411132812
77.52000000000001,-0.4950646460056305,0.8356202244758606,-0.17235583066940308
77.54000000000002,-0.32197538018226624,0.8177734017372131,-0.16355468332767487
77.56000000000002,-0.20609357953071594,0.8551782965660095,-0.1836017519235611
77.58000000000001,-0.5202456712722778,0.949546217918396,-0.3178192675113678
77.60000000000001,-1.2079577445983887,0.9277877807617188,-0.3774715065956116
77.62000000000002,-1.88980233669281,0.9546802043914795,0.03642697632312775
77.64000000000001,-1.7548513412475586,1.0109097957611084,0.16868868470191956
77.66000000000001,-1.2651652097702026,0.9351220726966858,0.007334291003644466
77.68000000000002,-0.7881917953491211,0.728295087814331,0.01613543927669525
77.70000000000002,-0.5583840012550354,0.6468844413757324,0.23347492516040802
77.72000000000001,-0.03031506948173046,0.7331846356391907,0.39287352561950684
77.74000000000001,0.4615713655948639,0.8825596570968628,0.7229166030883789
77.76000000000002,0.4234330654144287,1.0302233695983887,0.8520001173019409
77.78000000000002,-0.14961953461170197,1.021422266960144,0.8727806210517883
77.80000000000001,-1.043669581413269,1.0490480661392212,0.8524890542030334
77.82000000000001,-1.67344069480896,1.1861993074417114,0.9067628383636475
77.84000000000002,-1.6257678270339966,1.466858148574829,0.8150842189788818
77.86000000000001,-0.7263392806053162,1.3891147375106812,0.7559208869934082
77.88000000000001,-0.3197750747203827,1.029734492301941,0.7485865950584412
77.90000000000002,-0.45912662148475647,0.9952632784843445,0.654707670211792
77.92000000000002,-0.48015156388282776,1.110900640487671,0.4803960621356964
77.95300000000002,-0.41487640142440796,0.9429453015327454,0.40094122290611267
77.97300000000001,-0.36426979303359985,0.7546985149383545,0.43150079250335693
77.99300000000001,-0.2329859733581543,0.6764661073684692,0.4823518693447113
78.01300000000002,-0.1772453635931015,0.567918598651886,0.5358921885490417
78.03300000000002,-0.132995143532753,0.4728172719478607,0.5911438465118408
78.05300000000001,-0.10121321678161621,0.4134095311164856,0.6539742946624756
78.07300000000001,-0.1031690239906311,0.4344345033168793,0.6512850522994995
78.09300000000002,-0.08874491602182388,0.42441096901893616,0.5916327834129333
78.11300000000001,-0.023958683013916016,0.3481343388557434,0.6087461709976196
78.13300000000001,-0.10170216858386993,0.2811478078365326,0.6735323667526245
78.15300000000002,-0.030559545382857323,0.3190416395664215,0.7979708313941956
78.17300000000002,-0.02640344761312008,0.32393118739128113,0.8453992605209351
78.19300000000001,-0.044983651489019394,0.2689239978790283,0.8238853216171265
78.21300000000001,-0.02126944437623024,0.2417871206998825,0.8815817832946777
78.23300000000002,-0.0012223818339407444,0.2481435090303421,0.9656816124916077
78.25300000000001,-0.11368151009082794,0.2645234167575836,1.0016196966171265
78.27300000000001,-0.05329584702849388,0.30046144127845764,0.9835283756256104
78.29300000000002,0.04596155509352684,0.2354307323694229,0.9121413230895996
78.31300000000002,-0.02664792351424694,0.14081838726997375,0.8947834968566895
78.33300000000001,-0.12590532004833221,0.14790819585323334,0.9121413230895996
78.35300000000001,-0.11025884002447128,0.13715124130249023,0.954191267490387
78.37300000000002,-0.16428811848163605,0.11050331592559814,0.9600586891174316
78.39300000000001,-0.1740671694278717,0.1158817932009697,0.9727714657783508
78.41300000000001,-0.13641780614852905,0.15181982517242432,0.9336552023887634
78.43400000000001,-0.07309843599796295,0.144974485039711,0.9077407121658325
78.45400000000001,-0.06527519226074219,0.12688323855400085,0.8994285464286804
78.47400000000002,-0.16673287749290466,0.12614980340003967,0.959814190864563
78.49400000000001,-0.31244078278541565,0.18506860733032227,0.9744827747344971
78.51400000000001,-0.24080921709537506,0.181645929813385,1.0236225128173828
78.53400000000002,-0.14326314628124237,0.13323961198329926,1.0321792364120483
78.55400000000002,-0.14668582379817963,0.13323961198329926,0.9979525208473206
78.57400000000001,-0.16599945724010468,0.15915411710739136,1.0404913425445557
78.59400000000001,-0.19166946411132812,0.1784677505493164,1.0854750871658325
78.61400000000002,-0.26476791501045227,0.18971365690231323,1.0747181177139282
78.63400000000001,-0.24349845945835114,0.19093604385852814,1.080341100692749
78.65400000000001,-0.16282126307487488,0.16868868470191956,1.0664058923721313
78.67400000000002,-0.19411423802375793,0.1373957097530365,1.0793631076812744
78.69400000000002,-0.26354551315307617,0.181645929813385,1.0764293670654297
78.71400000000001,-0.2843260169029236,0.225407212972641,1.0412248373031616
78.73400000000001,-0.2070714831352234,0.21342787146568298,1.04538094997406
78.75400000000002,-0.15402010083198547,0.19460318982601166,1.0791186094284058
78.77400000000002,-0.23371940851211548,0.22271797060966492,1.0705620050430298
78.79400000000001,-0.26378998160362244,0.2310301661491394,1.059071660041809
78.81400000000001,-0.27576932311058044,0.23836445808410645,1.0172661542892456
78.83400000000002,-0.20438224077224731,0.2596338987350464,0.9955077171325684
78.85400000000001,-0.16282126307487488,0.249365895986557,1.016043782234192
78.87400000000001,-0.12248265743255615,0.25229960680007935,1.0497814416885376
78.89400000000002,-0.1892247051000595,0.237386554479599,1.0754514932632446
78.91400000000002,-0.29923906922340393,0.26110076904296875,1.0551599264144897
78.93400000000001,-0.11930446326732635,0.2970387935638428,1.035112977027893
78.94400000000002,-0.03031506948173046,0.2571891248226166,1.0192219018936157
78.97400000000002,-0.07432081550359726,0.23005226254463196,1.0549155473709106
78.99400000000001,-0.13812914490699768,0.28701525926589966,1.0815634727478027
79.01400000000001,-0.2107386291027069,0.28505945205688477,1.0967209339141846
79.03400000000002,-0.31292974948883057,0.2735690474510193,1.0461143255233765
79.05400000000002,-0.15353114902973175,0.28090333938598633,1.033401608467102
79.07400000000001,-0.0848332941532135,0.23836445808410645,1.0123766660690308
79.09400000000001,-0.14864163100719452,0.21098309755325317,0.9908626675605774
79.11400000000002,-0.23714207112789154,0.22369587421417236,0.9879289865493774
79.13400000000001,-0.23054121434688568,0.23665311932563782,0.9871955513954163
79.15400000000001,-0.18506860733032227,0.2114720493555069,0.9815725684165955
79.17400000000002,-0.17651192843914032,0.209516242146492,0.961525559425354
79.19400000000002,-0.1652660220861435,0.20413775742053986,0.966170608997345
79.21400000000001,-0.20120404660701752,0.2075604349374771,0.9691042900085449
79.23400000000001,-0.22076214849948883,0.21220548450946808,0.9612810611724854
79.25400000000002,-0.20047061145305634,0.2075604349374771,0.9896402955055237
79.27400000000002,-0.14106285572052002,0.20682699978351593,0.9889068603515625
79.29400000000001,-0.09510130435228348,0.1931363195180893,0.9629923701286316
79.31400000000001,-0.13592885434627533,0.14961953461170197,0.9241206645965576
79.33400000000002,-0.14790819585323334,0.11954893916845322,0.8996729850769043
79.35400000000001,-0.13055038452148438,0.08458881825208664,0.8627570867538452
79.37400000000001,-0.14252972602844238,0.032759834080934525,0.8405097126960754
79.39400000000002,-0.2031598538160324,0.024203160777688026,0.8057940602302551
79.41400000000002,-0.25865599513053894,0.07749900966882706,0.82608562707901
79.43400000000001,-0.4121871590614319,0.15866516530513763,0.895272433757782
79.45400000000001,-0.5547168850898743,0.30363965034484863,0.9004064202308655
79.47400000000002,-0.3420224189758301,0.3684258759021759,0.8346422910690308
79.49400000000001,-0.17651192843914032,0.2740580141544342,0.8737584948539734
79.51400000000001,-0.2456987500190735,0.31684136390686035,0.9625034332275391
79.53400000000002,-0.3628029227256775,0.5131558775901794,0.9986859560012817
79.55400000000002,-0.3791828453540802,0.5327140092849731,1.0138434171676636
79.57400000000001,-0.4278336465358734,0.46108242869377136,1.0294899940490723
79.59400000000001,-0.42636677622795105,0.5750083923339844,1.0016196966171265
79.61400000000002,-0.3811386525630951,0.6234146952629089,0.9656816124916077
79.63400000000001,-0.24325397610664368,0.5698744058609009,0.9351220726966858
79.65400000000001,-0.19729241728782654,0.5534945130348206,0.8918497562408447
79.67400000000002,-0.3672035038471222,0.5833206176757812,0.8123949766159058
79.69400000000002,-0.5055770874023438,0.5818537473678589,0.7881917953491211
79.71400000000001,-0.6080127358436584,0.5224459767341614,0.7588546276092529
79.73400000000001,-0.6251260638237,0.4938422441482544,0.6789108514785767
79.75400000000002,-0.5657182931900024,0.4899306297302246,0.6297711133956909
79.77400000000002,-0.4684167206287384,0.474773108959198,0.6006784439086914
79.79400000000001,-0.3684258759021759,0.4698835611343384,0.5737860202789307
79.81400000000001,-0.3958072364330292,0.48968616127967834,0.5207346677780151
79.83400000000002,-0.447636216878891,0.495553582906723,0.4615713655948639
79.85400000000001,-0.48846375942230225,0.5092442631721497,0.3835834264755249
79.88400000000001,-0.5212236046791077,0.546649158000946,0.3373773694038391
79.90400000000001,-0.5930996537208557,0.615835964679718,0.36426979303359985
79.92400000000002,-0.6813555955886841,0.6825780272483826,0.4121871590614319
79.94400000000002,-0.6503071188926697,0.7241389751434326,0.3970296084880829
79.96400000000001,-0.5307582020759583,0.7632551789283752,0.35229045152664185
79.98400000000001,-0.4640161395072937,0.8424655199050903,0.32833176851272583
80.00400000000002,-0.4381016492843628,0.9356110095977783,0.4043639004230499
80.02400000000002,-0.4354124069213867,0.982795000076294,0.4273446798324585
80.04400000000001,-0.43394553661346436,1.0544265508651733,0.47012805938720703
80.06400000000001,-0.4337010681629181,1.1536839008331299,0.4926198720932007
80.08400000000002,-0.4417687952518463,1.1959784030914307,0.5290468335151672
80.10400000000001,-0.44861412048339844,1.2148030996322632,0.5884546041488647
80.12400000000001,-0.4305228590965271,1.2387617826461792,0.5930996537208557
80.14400000000002,-0.42123275995254517,1.2324053049087524,0.6292821764945984
80.16400000000002,-0.4398129880428314,1.240962028503418,0.7231611013412476
80.18400000000001,-0.4014301896095276,1.2937688827514648,0.8368425965309143
80.20400000000001,-0.3444671928882599,1.2739663124084473,0.8488219380378723
80.22400000000002,-0.37502673268318176,1.253919243812561,0.8104391694068909
80.24400000000001,-0.4398129880428314,1.2568529844284058,0.7087369561195374
80.26400000000001,-0.5097332000732422,1.2145586013793945,0.6686428785324097
80.28400000000002,-0.5373590588569641,1.2236042022705078,0.5911438465118408
80.29400000000001,-0.5442043542861938,1.242917776107788,0.5432264804840088
80.32400000000001,-0.5750083923339844,1.2209149599075317,0.5121780037879944
80.34400000000001,-0.5869877338409424,1.1517281532287598,0.48968616127967834
80.36400000000002,-0.561562180519104,1.0910979509353638,0.44983649253845215
80.38400000000001,-0.539314866065979,1.0228891372680664,0.40558627247810364
80.40400000000001,-0.5603398084640503,0.9566360116004944,0.3716040849685669
80.42400000000002,-0.5710967779159546,0.9128747582435608,0.36622560024261475
80.44400000000002,-0.5823426842689514,0.8991840481758118,0.3584023416042328
80.46400000000001,-0.5566726922988892,0.8722916841506958,0.3099960386753082
80.48400000000001,-0.5593619346618652,0.8202182054519653,0.2672126591205597
80.50400000000002,-0.5708522796630859,0.7502979636192322,0.23396387696266174
80.52400000000002,-0.5715857148170471,0.6764661073684692,0.18946917355060577
80.54400000000001,-0.5424930453300476,0.66375333070755,0.12492742389440536
80.56400000000001,-0.5437154173851013,0.7001802921295166,0.16062097251415253
80.58400000000002,-0.5762307643890381,0.6884454488754272,0.28530392050743103
80.60400000000001,-0.5385814309120178,0.6199920773506165,0.2862818241119385
80.62400000000001,-0.5300247669219971,0.6148580312728882,0.26305657625198364
80.64400000000002,-0.4923754036426544,0.7368517518043518,0.19484765827655792
80.66400000000002,-0.3806496858596802,0.8703358769416809,0.24520979821681976
80.68400000000001,-0.315374493598938,0.9334107637405396,0.3317544162273407
80.70400000000001,-0.23200806975364685,0.7691226601600647,0.44543594121932983
80.72400000000002,-0.14032943546772003,0.5625401139259338,0.5446933507919312
80.73400000000001,-0.08654463291168213,0.4723283350467682,0.5116890072822571
80.76400000000001,-0.0031781927682459354,0.4192769527435303,0.4214772582054138
80.78400000000002,-0.06038566306233406,0.4332121014595032,0.2672126591205597
80.80400000000002,-0.15793173015117645,0.44543594121932983,0.17773431539535522
80.82400000000001,-0.3178192675113678,0.5288023948669434,0.34715643525123596
80.84400000000001,-0.5549613237380981,0.7168046832084656,0.4847966134548187
80.86400000000002,-0.6246371269226074,0.8287748694419861,0.39727407693862915
80.88400000000001,-0.5794090032577515,0.830730676651001,0.27821409702301025
80.90400000000001,-0.5437154173851013,0.9162973761558533,0.169666588306427
80.92400000000002,-0.5146227478981018,1.16908597946167,0.3253980278968811
80.94400000000002,-0.4488585889339447,1.465146780014038,0.49848729372024536
80.96400000000001,-0.2593894302845001,1.5778504610061646,0.5006875991821289
80.98400000000001,0.0836109146475792,1.3910704851150513,0.43394553661346436
81.00400000000002,0.3975185751914978,1.216025471687317,0.39849647879600525
81.02400000000002,0.22149558365345,1.3375301361083984,0.3581578731536865
81.04400000000001,-0.024447636678814888,1.4353207349777222,0.37062615156173706
81.06400000000001,-0.3341991901397705,1.255630612373352,0.4182990491390228
81.08400000000002,-0.44421353936195374,1.1888885498046875,0.659352719783783
81.10400000000001,-0.44665831327438354,1.2045350074768066,0.5483604669570923
81.12400000000001,-0.4209882915019989,1.0698285102844238,0.42196619510650635
81.14400000000002,-0.41609877347946167,1.0140879154205322,0.4676832854747772
81.16400000000002,-0.46499404311180115,1.0578491687774658,0.5383369326591492
81.17400000000002,-0.4405463933944702,1.056626796722412,0.47135043144226074
81.19900000000001,-0.34593406319618225,1.0375577211380005,0.4033859968185425
81.21900000000001,-0.10879198461771011,1.0148214101791382,0.4564373791217804
81.23900000000002,0.014668582007288933,0.9876844882965088,0.5747639536857605
81.25900000000001,-0.13690675795078278,0.9471014142036438,0.5410261750221252
81.27900000000001,-0.2938605844974518,0.8610457181930542,0.4222106635570526
81.29900000000002,-0.3581578731536865,0.7762124538421631,0.2772361934185028
81.31900000000002,-0.36549216508865356,0.7823243737220764,0.2552333176136017
81.33900000000001,-0.5706078410148621,0.8348867893218994,0.19386975467205048
81.35900000000001,-0.6911346912384033,0.8155731558799744,0.1708889752626419
81.37900000000002,-0.6322158575057983,0.7969929575920105,0.12614980340003967
81.39900000000002,-0.566207230091095,0.8449103236198425,-0.013690676540136337
81.41900000000001,-0.6287931799888611,0.9189866185188293,-0.21122758090496063
81.43900000000001,-0.9891513586044312,0.9952632784843445,-0.3437337577342987
81.45900000000002,-1.2407175302505493,1.0133545398712158,-0.4214772582054138
81.47900000000001,-1.1343703269958496,0.8991840481758118,-0.4368792474269867
81.49900000000001,-1.1336368322372437,0.7116706967353821,-0.47966262698173523
81.51900000000002,-1.125813603401184,0.5618066787719727,-0.46377167105674744
81.53900000000002,-1.1245912313461304,0.4791736602783203,-0.46108242869377136
81.55900000000001,-1.2262934446334839,0.431011825799942,-0.4241665005683899
81.57900000000001,-1.217003345489502,0.3791828453540802,-0.36060264706611633
81.59900000000002,-1.00870943069458,0.41878801584243774,-0.3623139560222626
81.60900000000001,-0.8485774397850037,0.4691501259803772,-0.3608471155166626
81.63900000000001,-0.8688690066337585,0.45814868807792664,-0.40289703011512756
81.65900000000002,-1.0150659084320068,0.4481251835823059,-0.43467897176742554
81.67900000000002,-1.099899172782898,0.47452861070632935,-0.3755156993865967
81.69900000000001,-1.0874308347702026,0.4838187098503113,-0.3967851400375366
81.71900000000001,-1.012132167816162,0.5468935966491699,-0.29850563406944275
81.73900000000002,-1.0358463525772095,0.644439697265625,-0.2664792239665985
81.75900000000001,-1.027289628982544,0.6075237393379211,-0.28383705019950867
81.77900000000001,-0.9554136395454407,0.5278244614601135,-0.23763102293014526
81.79900000000002,-1.033401608467102,0.5036212801933289,-0.2728356122970581
81.81900000000002,-1.125813603401184,0.5231794118881226,-0.21856187283992767
81.83900000000001,-1.0404913425445557,0.5527610778808594,-0.1931363195180893
81.85900000000001,-0.9556580781936646,0.5987226366996765,-0.0728539526462555
81.87900000000002,-0.8529780507087708,0.5451822876930237,-0.10414692759513855
81.89900000000002,-0.7806130051612854,0.4887082576751709,-0.14277419447898865
81.91900000000001,-0.8918497562408447,0.49604254961013794,-0.0892338752746582
81.93900000000001,-0.9529688358306885,0.5134003758430481,0.005378480069339275
81.95900000000002,-0.8674021363258362,0.4950646460056305,0.03349326178431511
81.97900000000001,-0.7994377017021179,0.5006875991821289,0.08752253651618958
81.99900000000001,-0.7930813431739807,0.5109555721282959,0.14595238864421844
82.01900000000002,-0.7493200302124023,0.5065550208091736,0.13568438589572906
82.03900000000002,-0.7507869005203247,0.5451822876930237,0.15597592294216156
82.05900000000001,-0.7241389751434326,0.5459157228469849,0.11563731729984283
82.08900000000001,-0.7346514463424683,0.5654738545417786,0.18311280012130737
82.10900000000001,-0.8515111804008484,0.5620511770248413,0.22002872824668884
82.12900000000002,-0.8009045720100403,0.5412706732749939,0.2525440752506256
82.14900000000002,-0.7094703912734985,0.5417596101760864,0.21000519394874573
82.16900000000001,-0.7204718589782715,0.5126669406890869,0.12761665880680084
82.18900000000001,-0.8664242029190063,0.5168230533599854,0.12810561060905457
82.20900000000002,-0.9730159044265747,0.5312471389770508,0.21880634129047394
82.22900000000001,-0.9466124773025513,0.5055770874023438,0.22736302018165588
82.24900000000001,-0.9082297086715698,0.5021544694900513,0.24765455722808838
82.26900000000002,-0.9275433421134949,0.4891971945762634,0.13152828812599182
82.28900000000002,-0.9813281297683716,0.4911530017852783,0.08825596421957016
82.30900000000001,-1.0541820526123047,0.4931088089942932,0.13177275657653809
82.32900000000001,-1.11114501953125,0.5075329542160034,0.12077132612466812
82.34900000000002,-1.0903645753860474,0.5019099712371826,0.05182898789644241
82.36900000000001,-0.997463583946228,0.4816184341907501,-0.01149038877338171
82.38900000000001,-1.0321792364120483,0.4615713655948639,-0.01564648747444153
82.40900000000002,-1.1654188632965088,0.47257280349731445,0.022491825744509697
82.42900000000002,-1.256608486175537,0.47770681977272034,0.01515753474086523
82.44900000000001,-1.2502521276474,0.4469027817249298,-0.052073463797569275
82.46900000000001,-1.0558934211730957,0.4373682141304016,-0.020780490711331367
82.48900000000002,-0.877670168876648,0.47575101256370544,0.06527519226074219
82.50900000000001,-0.806771993637085,0.5182898640632629,0.10561379045248032
82.53900000000002,-0.7982153296470642,0.49359777569770813,0.13055038452148438
82.55900000000001,-0.7889252305030823,0.4667053818702698,0.1361733376979828
82.57900000000001,-0.9030956625938416,0.4879748225212097,0.12077132612466812
82.59900000000002,-0.9999083280563354,0.5229349136352539,0.08678910881280899
82.61900000000001,-0.9752162098884583,0.5493384003639221,0.07456529140472412
82.63900000000001,-1.006020188331604,0.5754973292350769,0.055740609765052795
82.65900000000002,-1.0700730085372925,0.5652293562889099,0.07701005041599274
82.67900000000002,-1.1253247261047363,0.5517831444740295,0.07358738780021667
82.69900000000001,-1.1287473440170288,0.5515386462211609,0.12003789097070694
82.71900000000001,-1.125569224357605,0.5490939021110535,0.1760229766368866
82.73900000000002,-0.9801057577133179,0.554227888584137,0.22076214849948883
82.75900000000001,-0.7696115970611572,0.5405372381210327,0.2938605844974518
82.77900000000001,-0.6838003993034363,0.5134003758430481,0.36818140745162964
82.79900000000002,-0.7471197843551636,0.4926198720932007,0.33004307746887207
82.81900000000002,-0.8835375905036926,0.4957980513572693,0.25425541400909424
82.83900000000001,-1.0013751983642578,0.48259633779525757,0.18140146136283875
82.85900000000001,-1.051981806755066,0.4779512882232666,0.16062097251415253
82.87900000000002,-1.052959680557251,0.4931088089942932,0.1493750512599945
82.89900000000002,-0.9517464637756348,0.4759954810142517,0.1911805123090744
82.91900000000001,-0.8718026876449585,0.5180454254150391,0.19338080286979675
82.93900000000001,-0.8891605138778687,0.5610732436180115,0.15206429362297058
82.95900000000002,-0.9959967136383057,0.5581395626068115,0.18286831676959991
82.98400000000001,-1.1047886610031128,0.5146227478981018,0.22638511657714844
83.00400000000002,-1.148794412612915,0.4129205644130707,0.22174006700515747
83.02400000000002,-1.1903554201126099,0.3943403661251068,0.19044709205627441
83.04400000000001,-1.0874308347702026,0.43394553661346436,0.1430186778306961
83.06400000000001,-0.961525559425354,0.4759954810142517,0.15206429362297058
83.08400000000002,-1.077896237373352,0.5300247669219971,0.1469302922487259
83.10400000000001,-1.065672516822815,0.5710967779159546,0.12492742389440536
83.12400000000001,-0.9656816124916077,0.5498273372650146,0.06869785487651825
83.14400000000002,-0.9779054522514343,0.5082663297653198,-0.03324878588318825
83.16400000000002,-1.1639519929885864,0.4654829800128937,-0.04058307781815529
83.18400000000001,-1.1485499143600464,0.4532591700553894,0.05134003609418869
83.20400000000001,-0.9659261107444763,0.46890565752983093,-0.020047061145305634
83.22400000000002,-0.9343886375427246,0.46303823590278625,0.0002444763667881489
83.24400000000001,-0.7468752861022949,0.4195214509963989,0.14521895349025726
83.26400000000001,-0.74491947889328,0.3676924407482147,0.1083030253648758
83.28400000000002,-1.1392598152160645,0.36109158396720886,-0.13886258006095886
83.30400000000002,-1.1756868362426758,0.3879839777946472,-0.2919047772884369
83.32400000000001,-0.9669039845466614,0.38896188139915466,-0.30852916836738586
83.34400000000001,-0.9559025764465332,0.3760046362876892,-0.2657458186149597
83.36400000000002,-0.9409894943237305,0.3791828453540802,-0.1994927078485489
83.38400000000001,-0.9823060035705566,0.3945848345756531,-0.20462670922279358
83.40400000000001,-0.9471014142036438,0.423677533864975,-0.19802585244178772
83.42400000000002,-0.8693579435348511,0.36867034435272217,-0.237386554479599
83.44400000000002,-0.8771811723709106,0.2931271493434906,-0.23885340988636017
83.46400000000001,-0.8876936435699463,0.29606086015701294,-0.1860465109348297
83.48400000000001,-0.9353665709495544,0.2796809673309326,-0.14326314628124237
83.50400000000002,-1.0255783796310425,0.24007578194141388,-0.16110992431640625
83.52400000000002,-1.0133545398712158,0.22442929446697235,-0.19044709205627441
83.54400000000001,-0.8881826400756836,0.22834092378616333,-0.28261467814445496
83.56400000000001,-0.6417504549026489,0.24105370044708252,-0.42441096901893616
83.58400000000002,-0.3011948764324188,0.26867952942848206,-0.4444580376148224
83.60400000000001,-0.1310393363237381,0.23029673099517822,-0.38333892822265625
83.62400000000001,0.005622956436127424,0.3623139560222626,-0.32001957297325134
83.64400000000002,0.21024967730045319,0.5180454254150391,-0.12248265743255615
83.66400000000002,0.2202731966972351,0.7141154408454895,0.01515753474086523
83.68400000000001,0.039605170488357544,0.9676374197006226,0.08312196284532547
83.70400000000001,-0.14228524267673492,1.2221373319625854,0.09925740212202072
83.72400000000002,-0.3356660306453705,1.3722457885742188,0.09901292622089386
83.74400000000001,-0.495553582906723,1.4441218376159668,0.057451944798231125
83.76400000000001,-0.5867432951927185,1.4895944595336914,-0.010268007405102253
83.78400000000002,-0.5701189041137695,1.5309109687805176,-0.13568438589572906
83.80400000000002,-0.4620603322982788,1.474192500114441,-0.16795526444911957
83.82400000000001,-0.45179232954978943,1.4353207349777222,-0.0386272668838501
83.84400000000001,-0.5481160283088684,1.5556031465530396,0.09167863428592682
83.85400000000001,-0.5041102766990662,1.5917855501174927,0.12566085159778595
83.88400000000001,-0.4464138448238373,1.5287107229232788,0.18824680149555206
83.90400000000001,-0.5197567343711853,1.4639244079589844,0.5527610778808594
83.92400000000002,0.7825688123703003,1.7570515871047974,2.2482047080993652
83.94400000000002,-0.33199891448020935,2.068269968032837,1.1121230125427246
83.96400000000001,-3.441249370574951,1.8096140623092651,-0.4376126825809479
83.98400000000001,-2.1188766956329346,0.6449286341667175,-0.12321608513593674
84.00400000000002,-1.1157901287078857,0.7877028584480286,-0.0026892400346696377
84.02400000000002,-0.9018732905387878,0.9297435879707336,-0.01075696013867855
84.04400000000001,-0.7119151949882507,0.6544632315635681,-0.0708981454372406
84.06400000000001,-0.4723283350467682,0.5420041084289551,-0.1398404836654663
84.08400000000002,-0.3601136803627014,0.6155914664268494,-0.07309843599796295
84.10400000000001,-0.37942731380462646,0.7639886140823364,-0.01589096337556839
84.12400000000001,-0.38309445977211,0.8676466345787048,-0.014179629273712635
84.14400000000002,-0.3385997712612152,0.9338997006416321,-0.06551966816186905
84.16400000000002,-0.29483848810195923,0.9693487882614136,-0.12932799756526947
84.18400000000001,-0.2904379069805145,0.9898847937583923,-0.15230877697467804
84.20400000000001,-0.3564465343952179,1.0155547857284546,-0.14448553323745728
84.22400000000002,-0.45472604036331177,1.0138434171676636,-0.11465941369533539
84.24400000000001,-0.5165785551071167,0.9847508072853088,-0.0999908298254013
84.26400000000001,-0.5354032516479492,0.9686153531074524,-0.09607920795679092
84.28400000000002,-0.530269205570221,0.949546217918396,-0.08214405924081802
84.30400000000002,-0.510711133480072,0.9380558133125305,-0.06283042579889297
84.32400000000001,-0.49677595496177673,0.944901168346405,-0.05280689522624016
84.34400000000001,-0.4945756793022156,0.9686153531074524,-0.054029274731874466
84.36400000000002,-0.49408674240112305,0.9754607081413269,-0.05305137112736702
84.38400000000001,-0.4671943187713623,0.9610365629196167,-0.053784798830747604
84.40400000000001,-0.4393240213394165,0.9456345438957214,-0.04253888875246048
84.42400000000002,-0.43150079250335693,0.9309659600257874,-0.032759834080934525
84.44400000000002,-0.4253888726234436,0.9270543456077576,-0.017113344743847847
84.46400000000001,-0.40094122290611267,0.9199645519256592,-0.0002444763667881489
84.48400000000001,-0.3872505724430084,0.901628851890564,0.02102496661245823
84.50400000000002,-0.371115118265152,0.8930721282958984,0.0386272668838501
84.52400000000002,-0.3557130992412567,0.8828041553497314,0.06258594989776611
84.54400000000001,-0.32270878553390503,0.9101855158805847,0.07749900966882706
84.56400000000001,-0.3075512647628784,0.9202090501785278,0.098768450319767
84.58400000000002,-0.2923937439918518,0.9346331357955933,0.13030590116977692
84.60400000000001,-0.28579285740852356,0.9485682845115662,0.16575497388839722
84.62400000000001,-0.2875041961669922,0.9546802043914795,0.2007150948047638
84.64400000000002,-0.2843260169029236,0.971793532371521,0.23078568279743195
84.66400000000002,-0.29019343852996826,0.9940409064292908,0.24129816889762878
84.68400000000001,-0.3178192675113678,1.0228891372680664,0.23200806975364685
84.70400000000001,-0.3811386525630951,1.043669581413269,0.21562814712524414
84.72400000000002,-0.4165877103805542,1.0602940320968628,0.17944565415382385
84.74400000000001,-0.44470250606536865,1.0287564992904663,0.17015555500984192
84.75400000000002,-0.5217125415802002,1.0368242263793945,0.17626745998859406
84.78400000000002,-0.5608287453651428,1.0395134687423706,0.15108639001846313
84.80400000000002,-0.6197475790977478,1.0360908508300781,0.12077132612466812
84.82400000000001,-0.6483513116836548,1.006020188331604,0.09607920795679092
84.84400000000001,-0.6735323667526245,0.9573694467544556,0.07358738780021667
84.86400000000002,-0.6285487413406372,0.9023622274398804,0.04033859819173813
84.88400000000001,-0.5307582020759583,0.8502888083457947,0.02664792351424694
84.90400000000001,-0.5097332000732422,0.8273079991340637,0.012957246974110603
84.92400000000002,-0.47941815853118896,0.8292638063430786,-0.0017113345675170422
84.94400000000002,-0.45545947551727295,0.8329309821128845,-0.012712771072983742
84.96400000000001,-0.4740396738052368,0.8517556190490723,-0.018824679777026176
84.98400000000001,-0.4823518693447113,0.8737584948539734,-0.023469731211662292
85.00400000000002,-0.508999764919281,0.8901384472846985,-0.01760229840874672
85.02400000000002,-0.5620511770248413,0.895272433757782,-0.00660086190328002
85.04400000000001,-0.6170583367347717,0.9109189510345459,0.014668582007288933
85.06400000000001,-0.6632643938064575,0.9268099069595337,0.03324878588318825
85.08400000000002,-0.6916236281394958,0.9348776340484619,0.04791736602783203
85.10400000000001,-0.6935794353485107,0.9419674277305603,0.04596155509352684
85.12400000000001,-0.6879565119743347,0.9529688358306885,0.0386272668838501
85.14400000000002,-0.6845338344573975,0.9603031277656555,0.023958683013916016
85.16400000000002,-0.6522629261016846,0.9664150476455688,0.004889527335762978
85.18400000000001,-0.6322158575057983,0.9757051467895508,-0.011245912872254848
85.20400000000001,-0.5926107168197632,0.9522354602813721,-0.012712771072983742
85.23400000000001,-0.5652293562889099,0.9248540997505188,-0.010512483306229115
85.25400000000002,-0.5652293562889099,0.9277877807617188,-0.0034226691350340843
85.27400000000002,-0.5180454254150391,0.9160529375076294,0.0012223818339407444
85.29400000000001,-0.45032545924186707,0.9023622274398804,0.009045625105500221
85.31400000000001,-0.44152429699897766,0.9023622274398804,0.009045625105500221
85.33400000000002,-0.4165877103805542,0.9096965193748474,0.007823243737220764
85.35400000000001,-0.3779604434967041,0.9224092960357666,0.0009779054671525955
85.37400000000001,-0.37013721466064453,0.9468569755554199,0.0012223818339407444
85.39400000000002,-0.3923845589160919,0.961525559425354,0.009045625105500221
85.41400000000002,-0.4146319031715393,0.9632368683815002,0.011245912872254848
85.43400000000001,-0.42832258343696594,0.9673929810523987,-0.0007334291003644466
85.45400000000001,-0.43076735734939575,0.9730159044265747,-0.0017113345675170422
85.47400000000002,-0.4329676330089569,0.9744827747344971,0.004645050968974829
85.49400000000001,-0.4280781149864197,0.96714848279953,0.01515753474086523
85.51400000000001,-0.42123275995254517,0.964459240436554,0.02469211257994175
85.53400000000002,-0.41560980677604675,0.9588363170623779,0.03349326178431511
85.55400000000002,-0.4138984680175781,0.9517464637756348,0.03936069458723068
85.57400000000001,-0.407053142786026,0.9463679790496826,0.04033859819173813
85.59400000000001,-0.41194266080856323,0.9451456069946289,0.05525165796279907
85.61400000000002,-0.4329676330089569,0.9534578323364258,0.06698652356863022
85.63400000000001,-0.4557039439678192,0.9546802043914795,0.07236500084400177
85.64400000000002,-0.4742841422557831,0.9517464637756348,0.07896586507558823
85.67400000000002,-0.5028879046440125,0.9585918188095093,0.09216758608818054
85.69400000000002,-0.5368700623512268,0.9649481773376465,0.09705711901187897
85.71400000000001,-0.5686520338058472,0.9693487882614136,0.10121321678161621
85.73400000000001,-0.5877211689949036,0.9651926755905151,0.1083030253648758
85.75400000000002,-0.5860098600387573,0.9512575268745422,0.12419398874044418
85.77400000000002,-0.5292913317680359,0.9250985383987427,0.1298169493675232
85.79400000000001,-0.47941815853118896,0.9158084392547607,0.11368151009082794
85.81400000000001,-0.45912662148475647,0.9199645519256592,0.09338997304439545
85.83400000000002,-0.4703725278377533,0.9272988438606262,0.07138709723949432
85.85400000000001,-0.4720838665962219,0.9070072770118713,0.04596155509352684
85.87400000000001,-0.4703725278377533,0.8813372850418091,0.023469731211662292
85.89400000000002,-0.471594899892807,0.8542004227638245,0.014424105174839497
85.91400000000002,-0.47575101256370544,0.8402652740478516,0.007578767370432615
85.93400000000001,-0.49726492166519165,0.842710018157959,-0.0012223818339407444
85.95400000000001,-0.5266020894050598,0.8497998118400574,-0.001955810934305191
85.97400000000002,-0.5373590588569641,0.8446658253669739,0.001955810934305191
85.99400000000001,-0.5190232992172241,0.8287748694419861,0.011245912872254848
86.01400000000001,-0.5028879046440125,0.8224185109138489,0.018824679777026176
86.03400000000002,-0.49799835681915283,0.8348867893218994,0.034226689487695694
86.05400000000002,-0.4904195964336395,0.8586009740829468,0.05476270616054535
86.07400000000001,-0.488219290971756,0.8784035444259644,0.06723099946975708
86.09400000000001,-0.47648441791534424,0.901628851890564,0.06429728120565414
86.12400000000001,-0.46866118907928467,0.9334107637405396,0.052317939698696136
86.14400000000002,-0.47697338461875916,0.9647037386894226,0.04571707919239998
86.16400000000002,-0.49408674240112305,1.0028420686721802,0.0430278405547142
86.18400000000001,-0.5104666352272034,1.02997887134552,0.03202640265226364
86.20400000000001,-0.5126669406890869,1.035112977027893,0.022002872079610825
86.22400000000002,-0.4767289161682129,1.0461143255233765,0.01955810934305191
86.24400000000001,-0.4417687952518463,1.0568712949752808,0.011245912872254848
86.26400000000001,-0.41683220863342285,1.0749626159667969,0.004889527335762978
86.28400000000002,-0.3914066553115845,1.1065000295639038,0.009290101937949657
86.30400000000002,-0.36622560024261475,1.1050331592559814,0.032759834080934525
86.32400000000001,-0.3493567109107971,1.0373132228851318,0.05476270616054535
86.34400000000001,-0.3236866891384125,0.9647037386894226,0.060874614864587784
86.36400000000002,-0.28505945205688477,0.9241206645965576,0.06405280530452728
86.38400000000001,-0.2816367745399475,0.9111633896827698,0.06576414406299591
86.40400000000001,-0.298750102519989,0.9182532429695129,0.0601411834359169
86.42400000000002,-0.33273231983184814,0.9307215213775635,0.04131650552153587
86.44400000000002,-0.3608471155166626,0.9299880862236023,0.014913057908415794
86.46400000000001,-0.3906732201576233,0.920942485332489,-0.0017113345675170422
86.48400000000001,-0.43467897176742554,0.896983802318573,-0.012712771072983742
86.50400000000002,-0.4525257349014282,0.8730250597000122,-0.03178192675113678
86.52400000000002,-0.47306177020072937,0.8595789074897766,-0.05500718206167221
86.54400000000001,-0.486752450466156,0.8656908273696899,-0.07309843599796295
86.57400000000001,-0.5789200067520142,0.8534669876098633,-0.08947835117578506
86.59400000000001,-0.5622956156730652,0.8627570867538452,-0.08434434235095978
86.61400000000002,-0.5459157228469849,0.8872047066688538,-0.08336643874645233
86.63400000000001,-0.5794090032577515,0.9221648573875427,-0.08141063153743744
86.65400000000001,-0.5706078410148621,0.9532133340835571,-0.07114262133836746
86.67400000000002,-0.5339363813400269,0.9759496450424194,-0.06845337897539139
86.69400000000002,-0.5168230533599854,0.9830394387245178,-0.08385539054870605
86.71400000000001,-0.486752450466156,1.0013751983642578,-0.1019466444849968
86.73400000000001,-0.5371145606040955,1.0461143255233765,-0.11881551146507263
86.75400000000002,-0.5398038029670715,1.0695841312408447,-0.1254163682460785
86.77400000000002,-0.5300247669219971,1.0593160390853882,-0.13152828812599182
86.79400000000001,-0.5204901695251465,1.0072425603866577,-0.14032943546772003
86.81400000000001,-0.5102221965789795,0.942211925983429,-0.13495095074176788
86.83400000000002,-0.5041102766990662,0.8964948058128357,-0.12199370563030243
86.85400000000001,-0.510711133480072,0.9138526320457458,-0.1158817932009697
86.87400000000001,-0.5310026407241821,0.9510130286216736,-0.12077132612466812
86.89400000000002,-0.5576505661010742,0.994774341583252,-0.13030590116977692
86.91400000000002,-0.558628499507904,1.0451364517211914,-0.15279772877693176
86.93400000000001,-0.5459157228469849,1.066650390625,-0.17308926582336426
86.95400000000001,-0.5239128470420837,1.0524706840515137,-0.19069156050682068
86.97400000000002,-0.48577451705932617,1.0172661542892456,-0.2007150948047638
86.99400000000001,-0.4654829800128937,0.9710600972175598,-0.19900375604629517
87.02400000000002,-0.4659719467163086,0.9116523265838623,-0.19264736771583557
87.04400000000001,-0.4708614647388458,0.8669131994247437,-0.18531307578086853
87.06400000000001,-0.48015156388282776,0.8537114858627319,-0.1792011708021164
87.08400000000002,-0.4943312108516693,0.8439323902130127,-0.181645929813385
87.10400000000001,-0.5067995190620422,0.8542004227638245,-0.18898022174835205
87.12400000000001,-0.503376841545105,0.883293092250824,-0.19704794883728027
87.14400000000002,-0.4962870180606842,0.930232584476471,-0.1924028992652893
87.16400000000002,-0.4755065143108368,0.943189799785614,-0.17871221899986267
87.18400000000001,-0.447636216878891,0.9243651032447815,-0.16428811848163605
87.20400000000001,-0.4393240213394165,0.9060294032096863,-0.1581762135028839
87.22400000000002,-0.4412798285484314,0.8972282409667969,-0.15646487474441528
87.24400000000001,-0.46377167105674744,0.9021177887916565,-0.15548697113990784
87.26400000000001,-0.48284080624580383,0.9160529375076294,-0.14888609945774078
87.28400000000002,-0.48210740089416504,0.9228982925415039,-0.13812914490699768
87.30400000000002,-0.4784402549266815,0.92558753490448,-0.1285945624113083
87.32400000000001,-0.4664609134197235,0.9246096014976501,-0.11930446326732635
87.34400000000001,-0.4539926052093506,0.9253430366516113,-0.10805854946374893
87.36400000000002,-0.45423707365989685,0.9241206645965576,-0.09265653789043427
87.38400000000001,-0.4564373791217804,0.9319438934326172,-0.08214405924081802
87.40400000000001,-0.4603489935398102,0.9444121718406677,-0.06992024183273315
87.42400000000002,-0.4588821232318878,0.9493017196655273,-0.06307490170001984
87.44400000000002,-0.4532591700553894,0.942211925983429,-0.057696420699357986
87.46400000000001,-0.4488585889339447,0.9414784908294678,-0.05109556019306183
87.48400000000001,-0.4412798285484314,0.9412339925765991,-0.03936069458723068
87.50400000000002,-0.43712374567985535,0.9456345438957214,-0.027625828981399536
87.52400000000002,-0.4679277539253235,0.9605476260185242,-0.018824679777026176
87.54400000000001,-0.6226813197135925,0.9886624217033386,-0.02298077754676342
87.56400000000001,-0.8647128939628601,1.0356018543243408,0.03520459681749344
87.58400000000002,-0.7153378129005432,1.0025975704193115,0.0009779054671525955
87.60400000000001,-0.3051064908504486,0.954191267490387,0.029092686250805855
87.62400000000001,-0.22442929446697235,1.0040644407272339,0.10805854946374893
87.64400000000002,-0.3297986090183258,1.0312012434005737,0.14839714765548706
87.66400000000002,-0.6855117082595825,1.0246003866195679,0.1640436351299286
87.68400000000001,-1.179353952407837,1.0038199424743652,0.044983651489019394
87.70400000000001,-1.0972099304199219,0.8361091613769531,0.03324878588318825
87.72400000000002,-0.8903828859329224,0.9427008628845215,0.4322341978549957
87.74400000000001,-0.6446841955184937,1.1319255828857422,0.5710967779159546
87.76400000000001,-0.5280689597129822,1.0483146905899048,0.5564281940460205
87.78400000000002,-0.7446749806404114,1.0485590696334839,0.47257280349731445
87.80400000000002,-0.8994285464286804,1.0473366975784302,0.5708522796630859
87.82400000000001,-1.051981806755066,1.071051001548767,0.6718210577964783
87.84400000000001,-0.98548424243927,1.0908535718917847,0.6818445920944214
87.86400000000002,-1.064939022064209,1.077896237373352,0.5671851634979248
87.88400000000001,-0.8023714423179626,1.114567756652832,0.5156006217002869
87.91400000000002,-0.7285395860671997,1.0524706840515137,0.4170766770839691
87.93400000000001,-0.7943037152290344,1.0025975704193115,0.39336246252059937
87.95400000000001,-0.6622864603996277,1.0700730085372925,0.3779604434967041
87.97400000000002,-0.47575101256370544,1.0003973245620728,0.31048497557640076
87.99400000000001,-0.390428751707077,0.9028512239456177,0.2906824052333832
88.01400000000001,-0.33199891448020935,0.8485774397850037,0.30241724848747253
88.03400000000002,-0.34593406319618225,0.7600769996643066,0.3026617467403412
88.05400000000002,-0.21171653270721436,0.6982244849205017,0.32246431708335876
88.07400000000001,-0.0816551074385643,0.6378388404846191,0.32637593150138855
88.09400000000001,-0.08336643874645233,0.5366256237030029,0.35229045152664185
88.11400000000002,-0.1481526792049408,0.498731791973114,0.3464230000972748
88.13400000000001,0.005867432802915573,0.4603489935398102,0.3099960386753082
88.15400000000001,0.08434434235095978,0.3958072364330292,0.25987836718559265
88.17400000000002,0.024203160777688026,0.3608471155166626,0.25865599513053894
88.19400000000002,-0.09705711901187897,0.3293096721172333,0.32686489820480347
88.21400000000001,-0.22198453545570374,0.30412858724594116,0.44421353936195374
88.23400000000001,-0.45497050881385803,0.3571799695491791,0.6126577854156494
88.25400000000002,-0.4735507071018219,0.5036212801933289,0.6855117082595825
88.27400000000002,-0.2970387935638428,0.5696299076080322,0.7295174598693848
88.29400000000001,-0.2894600033760071,0.6911346912384033,0.6999358534812927
88.31400000000001,-0.4772178530693054,0.7124041318893433,0.7603214979171753
88.33400000000002,-0.46621641516685486,0.7522537708282471,0.9876844882965088
88.35400000000001,-0.37331539392471313,0.7300063967704773,1.1859548091888428
88.37400000000001,-0.7886807322502136,0.6945573687553406,1.1387709379196167
88.39400000000002,-0.6957797408103943,0.6752437353134155,1.0062646865844727
88.41400000000002,-0.5004431009292603,0.5263575911521912,0.8612902164459229
88.43400000000001,-0.2740580141544342,0.47697338461875916,0.8189958333969116
88.45400000000001,-0.24741007387638092,0.38822847604751587,0.8405097126960754
88.47400000000002,-0.5082663297653198,0.46572747826576233,0.7745011448860168
88.49400000000001,-1.1360816955566406,0.5833206176757812,0.5366256237030029
88.51400000000001,-1.296458125114441,0.5151116847991943,0.37453779578208923
88.53400000000002,-0.991107165813446,0.3388442397117615,0.3361549973487854
88.55400000000002,-1.053937554359436,0.1999816596508026,0.28139230608940125
88.57400000000001,-1.0634721517562866,0.21049414575099945,0.33908870816230774
88.59400000000001,-1.0211777687072754,0.2855483889579773,0.4341900050640106
88.61400000000002,-0.9732604026794434,0.29483848810195923,0.5486049652099609
88.63400000000001,-0.8930721282958984,0.3280872702598572,0.558628499507904
88.65400000000001,-0.8031048774719238,0.3209974765777588,0.5026434063911438
88.67400000000002,-0.7593435645103455,0.2860373556613922,0.44348013401031494
88.69400000000002,-0.7691226601600647,0.31806373596191406,0.40411943197250366
88.71400000000001,-0.9920850992202759,0.33835527300834656,0.35155701637268066
88.73400000000001,-0.9893958568572998,0.32515355944633484,0.3209974765777588
88.75400000000002,-0.8913608193397522,0.32001957297325134,0.30535098910331726
88.77400000000002,-0.8554227948188782,0.28970450162887573,0.29263821244239807
88.78400000000002,-0.8820707201957703,0.2894600033760071,0.2791920006275177
88.81400000000001,-0.9480793476104736,0.33395472168922424,0.23836445808410645
88.83400000000002,-0.9417229294776917,0.3970296084880829,0.1936252862215042
88.85400000000001,-0.8490663766860962,0.43785715103149414,0.1620878279209137
88.87400000000001,-0.7793906331062317,0.4583931863307953,0.13568438589572906
88.89400000000002,-0.7097148895263672,0.42514440417289734,0.11539284139871597
88.91400000000002,-0.6759771704673767,0.39018428325653076,0.1031690239906311
88.93400000000001,-0.6767105460166931,0.37453779578208923,0.0911896824836731
88.95400000000001,-0.6696207523345947,0.4019191265106201,0.0860556811094284
88.97400000000002,-0.6459065675735474,0.4659719467163086,0.10976988822221756
88.99400000000001,-0.5930996537208557,0.5813648104667664,0.15719829499721527
89.01400000000001,-0.5195122957229614,0.674021303653717,0.1804235577583313
89.03400000000002,-0.43907955288887024,0.6796442866325378,0.14326314628124237
89.05400000000002,-0.38651713728904724,0.7021360993385315,0.07872138917446136
89.07400000000001,-0.3324878513813019,0.8145952224731445,0.022491825744509697
89.09400000000001,-0.35938024520874023,0.9639703035354614,-0.02126944437623024
89.11400000000002,-0.4847966134548187,1.1605292558670044,-0.048650797456502914
89.13400000000001,-0.5811203122138977,1.2940133810043335,-0.0752987191081047
89.15400000000001,-0.6432173252105713,1.3074595928192139,-0.1608654409646988
89.17400000000002,-0.644439697265625,1.335818886756897,-0.26378998160362244
89.19400000000002,-0.6681538820266724,1.4749258756637573,-0.3366439640522003
89.21400000000001,-0.7940592169761658,1.6142773628234863,-0.31292974948883057
89.23400000000001,-0.9830394387245178,1.5908076763153076,-0.2405647337436676
89.25400000000002,-1.0805854797363281,1.4013384580612183,-0.14766372740268707
89.27400000000002,-1.0111541748046875,1.198423147201538,-0.09730159491300583
89.29400000000001,-0.8302417397499084,1.1343703269958496,-0.06992024183273315
89.31400000000001,-0.6869785785675049,1.100877046585083,-0.06038566306233406
89.33400000000002,-0.6317269206047058,1.031690239906311,-0.03887174278497696
89.35400000000001,-0.6099685430526733,0.9627479314804077,-0.027870304882526398
89.37400000000001,-0.5908993482589722,0.9116523265838623,-0.034471165388822556
89.39400000000002,-0.5762307643890381,0.8967393040657043,-0.052562419325113297
89.41400000000002,-0.584542989730835,0.9065183401107788,-0.04400574415922165
89.43400000000001,-0.5857653617858887,0.8806038498878479,-0.0740763396024704
89.45400000000001,-0.6234146952629089,0.8529780507087708,-0.05354032292962074
89.47400000000002,-0.6605751514434814,0.9011398553848267,0.0004889527335762978
89.49400000000001,-0.6938239336013794,0.8933166265487671,0.05598508566617966
89.51400000000001,-0.7378296852111816,0.8617791533470154,0.10928093641996384
89.53400000000002,-0.7679002285003662,0.9214314222335815,0.14424104988574982
89.55400000000002,-0.768878161907196,1.0969654321670532,0.15597592294216156
89.57400000000001,-0.7718119025230408,1.306726098060608,0.13886258006095886
89.59400000000001,-0.7290285229682922,1.4966843128204346,0.12394951283931732
89.61400000000002,-0.6087461709976196,1.4783486127853394,0.07994376868009567
89.63400000000001,-0.46450507640838623,1.2656540870666504,0.03153745085000992
89.65400000000001,-0.3975185751914978,1.1541728973388672,-0.006111909169703722
89.67400000000002,-0.3843168318271637,1.156373143196106,-0.02273630164563656
89.70400000000001,-0.3999633193016052,1.203312635421753,-0.04669498652219772
89.72400000000002,-0.37893834710121155,1.2184702157974243,-0.014424105174839497
89.74400000000001,-0.6691318154335022,1.1534395217895508,-0.0752987191081047
89.76400000000001,-0.005378480069339275,1.0047978162765503,-0.004156098235398531
89.78400000000002,0.13152828812599182,0.9006509184837341,0.055496133863925934
89.80400000000002,-0.21171653270721436,0.8542004227638245,-0.07554319500923157
89.82400000000001,-0.2723466753959656,0.8238853216171265,-0.13592885434627533
89.84400000000001,-0.3102405071258545,0.908963143825531,-0.20169299840927124
89.86400000000002,-0.36867034435272217,0.9571249485015869,-0.28065887093544006
89.88400000000001,-0.4033859968185425,0.9732604026794434,-0.3241756558418274
89.90400000000001,-0.43712374567985535,0.9231427311897278,-0.3603581488132477
89.92400000000002,-0.4234330654144287,0.8972282409667969,-0.36622560024261475
89.94400000000002,-0.35938024520874023,0.8749809265136719,-0.38969531655311584
89.96400000000001,-0.3217308819293976,0.850044310092926,-0.39165112376213074
89.98400000000001,-0.3190416395664215,0.8304861783981323,-0.3735598921775818
90.00400000000002,-0.31879717111587524,0.7669223546981812,-0.3444671928882599
90.02400000000002,-0.32246431708335876,0.7363628149032593,-0.3354215621948242
90.04400000000001,-0.32710936665534973,0.7603214979171753,-0.35302385687828064
90.06400000000001,-0.3500901460647583,0.7798795700073242,-0.3464230000972748
90.08400000000002,-0.3958072364330292,0.7837912440299988,-0.3222198486328125
90.10400000000001,-0.41683220863342285,0.8185068368911743,-0.3046175539493561
90.11400000000002,-0.4197659194469452,0.8238853216171265,-0.28774866461753845
90.13400000000001,-0.4332121014595032,0.8576231002807617,-0.2740580141544342
90.15400000000001,-0.4527702331542969,0.9180087447166443,-0.2571891248226166
90.17400000000002,-0.45863765478134155,0.9651926755905151,-0.2449653148651123
90.19400000000002,-0.4552149772644043,0.9793723225593567,-0.23078568279743195
90.21400000000001,-0.4515478312969208,0.9994193911552429,-0.22614063322544098
90.23400000000001,-0.4527702331542969,1.030712366104126,-0.21000519394874573
90.25400000000002,-0.45228126645088196,1.0507594347000122,-0.19802585244178772
90.27400000000002,-0.45350363850593567,1.077651858329773,-0.17480060458183289
90.29400000000001,-0.4493475556373596,1.086208462715149,-0.169666588306427
90.31400000000001,-0.44788068532943726,1.0984323024749756,-0.1557314395904541
90.33400000000002,-0.4615713655948639,1.1492834091186523,-0.12566085159778595
90.35400000000001,-0.47501757740974426,1.1722640991210938,-0.08336643874645233
90.37400000000001,-0.4806405305862427,1.1297252178192139,-0.05305137112736702
90.39400000000002,-0.47819575667381287,1.102588415145874,-0.03373773768544197
90.41400000000002,-0.4755065143108368,1.099165678024292,-0.022002872079610825
90.43400000000001,-0.4676832854747772,1.1096781492233276,0
90.45400000000001,-0.4280781149864197,1.087186336517334,0.004889527335762978
90.47400000000002,-0.3989854156970978,1.0585826635360718,0.021758396178483963
90.49400000000001,-0.39018428325653076,1.060538411140442,0.044983651489019394
90.51400000000001,-0.3576689064502716,1.068361759185791,0.04547260329127312
90.53400000000002,-0.330532044172287,1.031690239906311,0.0493842251598835
90.55400000000002,-0.3329768180847168,0.982795000076294,0.05182898789644241
90.58400000000002,-0.3266204297542572,0.9673929810523987,0.048650797456502914
90.60400000000001,-0.3141521215438843,0.9483237862586975,0.03202640265226364
90.62400000000001,-0.31733033061027527,0.9260764718055725,0.012223818339407444
90.64400000000002,-0.30926260352134705,0.9473459124565125,-0.011734865605831146
90.66400000000002,-0.29777219891548157,0.9427008628845215,-0.03007059171795845
90.68400000000001,-0.29263821244239807,0.9067628383636475,-0.06234147399663925
90.70400000000001,-0.2970387935638428,0.8603123426437378,-0.09070073068141937
90.72400000000002,-0.31610792875289917,0.8236408829689026,-0.11808208376169205
90.74400000000001,-0.34471166133880615,0.7969929575920105,-0.13201723992824554
90.76400000000001,-0.4002078175544739,0.8131283521652222,-0.12761665880680084
90.78400000000002,-0.4623048007488251,0.9106744527816772,-0.11979341506958008
90.80400000000002,-0.49530911445617676,0.9805946946144104,-0.11099226772785187
90.82400000000001,-0.508999764919281,1.0375577211380005,-0.1386180967092514
90.84400000000001,-0.48284080624580383,1.0483146905899048,-0.1811569780111313
90.86400000000002,-0.4684167206287384,1.0431805849075317,-0.19729241728782654
90.88400000000001,-0.4571707844734192,1.0913424491882324,-0.17308926582336426
90.90400000000001,-0.4368792474269867,1.1338813304901123,-0.144974485039711
90.92400000000002,-0.4495920240879059,1.1201907396316528,-0.09852397441864014
90.94400000000002,-0.4696390926837921,1.090609073638916,-0.07701005041599274
90.96400000000001,-0.47012805938720703,1.038291096687317,-0.06576414406299591
90.98400000000001,-0.43907955288887024,0.9786388874053955,-0.06576414406299591
90.99400000000001,-0.4006967544555664,0.9507685899734497,-0.07260947674512863
91.02400000000002,-0.3735598921775818,0.961525559425354,-0.07480976730585098
91.04400000000001,-0.35180148482322693,0.9637258052825928,-0.07872138917446136
91.06400000000001,-0.34080004692077637,0.9187421798706055,-0.10268007218837738
91.08400000000002,-0.32050850987434387,0.9023622274398804,-0.11954893916845322
91.10400000000001,-0.30095040798187256,0.8872047066688538,-0.11808208376169205
91.12400000000001,-0.29459401965141296,0.8693579435348511,-0.11514836549758911
91.14400000000002,-0.3063288927078247,0.8764477372169495,-0.13592885434627533
91.16400000000002,-0.3261314630508423,0.8859823346138,-0.15964306890964508
91.18400000000001,-0.35302385687828064,0.8808483481407166,-0.17993460595607758
91.20400000000001,-0.38333892822265625,0.878648042678833,-0.21831738948822021
91.22400000000002,-0.3999633193016052,0.8828041553497314,-0.24765455722808838
91.24400000000001,-0.4134095311164856,0.8942945599555969,-0.2689239978790283
91.26400000000001,-0.46377167105674744,0.9150750041007996,-0.27308011054992676
91.28400000000002,-0.5180454254150391,0.9219203591346741,-0.2608562707901001
91.30400000000002,-0.5630290508270264,0.9280322790145874,-0.23885340988636017
91.32400000000001,-0.5908993482589722,0.9368334412574768,-0.21342787146568298
91.34400000000001,-0.5916327834129333,0.9488127827644348,-0.18262384831905365
91.36400000000002,-0.5625401139259338,0.9629923701286316,-0.14595238864421844
91.38400000000001,-0.5593619346618652,0.990129292011261,-0.13641780614852905
91.40400000000001,-0.5400483012199402,1.0458698272705078,-0.14546343684196472
91.42400000000002,-0.48528558015823364,1.0967209339141846,-0.15426458418369293
91.43400000000001,-0.435656875371933,1.0986768007278442,-0.1493750512599945
91.46000000000001,-0.3165968954563141,1.1182348728179932,-0.1867799460887909
91.48000000000002,-0.20364880561828613,1.2055130004882812,-0.262812077999115
91.50000000000001,-0.14668582379817963,1.2866791486740112,-0.3552241623401642
91.52000000000001,-0.18849126994609833,1.325795292854309,-0.3994743824005127
91.54000000000002,-0.31806373596191406,1.2886348962783813,-0.36353635787963867
91.56000000000002,-0.5028879046440125,1.1170125007629395,-0.21049414575099945
91.58000000000001,-0.6503071188926697,0.980839192867279,-0.05305137112736702
91.60000000000001,-0.6217033863067627,0.8632460236549377,0.00220028730109334
91.62000000000002,-0.38847294449806213,0.8167955279350281,0.022491825744509697
91.64000000000001,-0.4107202887535095,1.007731556892395,0.01760229840874672
91.66000000000001,0.06747547537088394,1.0866974592208862,0.023469731211662292
91.68000000000002,1.1805763244628906,0.7754790186882019,0.26061180233955383
91.70000000000002,1.0947651863098145,0.4153653383255005,0.2571891248226166
91.72000000000001,0.52562415599823,0.4698835611343384,0.05989670753479004
91.74000000000001,0.23787550628185272,0.48088499903678894,-0.07945481687784195
91.76000000000002,0.02493658848106861,0.5693854689598083,-0.2007150948047638
91.78000000000002,-0.1792011708021164,0.639794647693634,-0.33395472168922424
91.80000000000001,-0.318552702665329,0.6006784439086914,-0.3417779505252838
91.82000000000001,-0.26061180233955383,0.5390703678131104,-0.28897106647491455
91.84000000000002,-0.2246737778186798,0.6483513116836548,-0.31292974948883057
91.86000000000001,-0.08996730297803879,0.8573786020278931,-0.35155701637268066
91.87000000000002,0.04987317696213722,0.9343886375427246,-0.36353635787963867
91.90000000000002,0.11881551146507263,0.9925740361213684,-0.3456895649433136
91.92000000000002,0.1848241239786148,1.1065000295639038,-0.36304739117622375
91.94000000000001,0.2669681906700134,1.2509855031967163,-0.4097423851490021
91.96000000000001,0.291415810585022,1.3099043369293213,-0.45472604036331177
91.98000000000002,0.25156617164611816,1.291568636894226,-0.47330623865127563
92.00000000000001,0.19827033579349518,1.2600312232971191,-0.4544815719127655
92.02000000000001,0.15744277834892273,1.2717660665512085,-0.4185435175895691
92.04000000000002,0.12419398874044418,1.2580753564834595,-0.3742932975292206
92.06000000000002,0.09461235255002975,1.263209342956543,-0.3310209810733795
92.08000000000001,0.09583473205566406,1.2231152057647705,-0.29459401965141296
92.10000000000001,0.11832655966281891,1.1915777921676636,-0.2645234167575836
92.12000000000002,0.14473000168800354,1.2047795057296753,-0.24447636306285858
92.14000000000001,0.185557559132576,1.2133362293243408,-0.25914493203163147
92.16000000000001,0.21929529309272766,1.1808208227157593,-0.3158634603023529
92.18000000000002,0.19020260870456696,1.1465941667556763,-0.3628029227256775
92.20000000000002,0.14521895349025726,1.1126118898391724,-0.40167465806007385
92.22000000000001,0.132995143532753,1.1209241151809692,-0.42196619510650635
92.24000000000001,0.14228524267673492,1.081318974494934,-0.40680867433547974
92.26000000000002,0.10732512176036835,1.0157992839813232,-0.375271201133728
92.28000000000002,0.05451823025941849,1.0082205533981323,-0.34544509649276733
92.30000000000001,0.012712771072983742,1.0233780145645142,-0.35106804966926575
92.32000000000001,-0.02298077754676342,1.0250893831253052,-0.36573663353919983
92.35000000000001,-0.07065366953611374,1.0365797281265259,-0.3767380714416504
92.37000000000002,-0.11979341506958008,1.0722733736038208,-0.37698253989219666
92.39000000000001,-0.15181982517242432,1.1060110330581665,-0.375271201133728
92.41000000000001,-0.1677107810974121,1.108455777168274,-0.3588913083076477
92.43000000000002,-0.17822326719760895,1.071051001548767,-0.33468812704086304
92.45000000000002,-0.19142499566078186,1.0378021001815796,-0.3082846999168396
92.47000000000001,-0.19851480424404144,0.9955077171325684,-0.28505945205688477
92.49000000000001,-0.20853833854198456,0.9727714657783508,-0.26476791501045227
92.51000000000002,-0.20095956325531006,0.9651926755905151,-0.258167028427124
92.53000000000002,-0.1792011708021164,0.950524091720581,-0.25156617164611816
92.55000000000001,-0.1887357532978058,0.9268099069595337,-0.2417871206998825
92.57000000000001,-0.20340433716773987,0.9043180346488953,-0.22149558365345
92.59000000000002,-0.20120404660701752,0.8918497562408447,-0.18824680149555206
92.61000000000001,-0.2063380479812622,0.8967393040657043,-0.17480060458183289
92.63000000000001,-0.197536900639534,0.9140971302986145,-0.17944565415382385
92.65000000000002,-0.18433517217636108,0.9094520807266235,-0.17895670235157013
92.67000000000002,-0.19582556188106537,0.8908718824386597,-0.169666588306427
92.69000000000001,-0.21758396923542023,0.8957613706588745,-0.1581762135028839
92.71000000000001,-0.23640863597393036,0.9045625329017639,-0.14081838726997375
92.73000000000002,-0.2393423616886139,0.914586067199707,-0.129083514213562
92.75000000000001,-0.22247348725795746,0.9522354602813721,-0.13568438589572906
92.77000000000001,-0.19607004523277283,0.9571249485015869,-0.1481526792049408
92.80000000000001,-0.17700088024139404,0.9493017196655273,-0.1640436351299286
92.82000000000001,-0.1640436351299286,0.9620144963264465,-0.17186687886714935
92.84000000000002,-0.17626745998859406,0.9507685899734497,-0.17015555500984192
92.86000000000001,-0.18531307578086853,0.9453901052474976,-0.157687246799469
92.88000000000001,-0.21196100115776062,0.9417229294776917,-0.1469302922487259
92.90000000000002,-0.23127463459968567,0.954191267490387,-0.1354399025440216
92.92000000000002,-0.22614063322544098,0.9243651032447815,-0.13910704851150513
92.94000000000001,-0.22638511657714844,0.8886715769767761,-0.13519543409347534
92.96000000000001,-0.23396387696266174,0.8744919300079346,-0.11563731729984283
92.98000000000002,-0.2520551383495331,0.866668701171875,-0.08874491602182388
93.00000000000001,-0.2774806618690491,0.8644683957099915,-0.06869785487651825
93.02000000000001,-0.29483848810195923,0.8840265274047852,-0.05451823025941849
93.04000000000002,-0.30412858724594116,0.9153195023536682,-0.04082755371928215
93.06000000000002,-0.3183082342147827,0.9165418744087219,-0.029337164014577866
93.08000000000001,-0.3151300251483917,0.8950279355049133,-0.012957246974110603
93.10000000000001,-0.30290621519088745,0.8994285464286804,0.003667145501822233
93.12000000000002,-0.3014393448829651,0.964459240436554,0.01589096337556839
93.14000000000001,-0.2721021771430969,1.0255783796310425,0.01515753474086523
93.16000000000001,-0.2657458186149597,1.064939022064209,0.00220028730109334
93.18000000000002,-0.27821409702301025,1.0783852338790894,-0.01613543927669525
93.20000000000002,-0.2970387935638428,1.088897705078125,-0.03496012091636658
93.22000000000001,-0.3197750747203827,1.0959875583648682,-0.05354032292962074
93.24400000000001,-0.3500901460647583,1.1033217906951904,-0.045228127390146255
93.26400000000001,-0.4134095311164856,1.1226354837417603,-0.04767289012670517
93.28400000000002,-0.47819575667381287,1.140237808227539,-0.04449469968676567
93.30400000000002,-0.5515386462211609,1.1925556659698486,-0.05085108429193497
93.32400000000001,-0.5930996537208557,1.2116248607635498,-0.08556672930717468
93.34400000000001,-0.5979892015457153,1.2020902633666992,-0.13275066018104553
93.36400000000002,-0.5864987969398499,1.2035571336746216,-0.1373957097530365
93.38400000000001,-0.5757418274879456,1.180331826210022,-0.1171041801571846
93.40400000000001,-0.5640069842338562,1.0969654321670532,-0.09265653789043427
93.42400000000002,-0.5471380949020386,1.007731556892395,-0.09167863428592682
93.44400000000002,-0.5380924940109253,0.9632368683815002,-0.08507777750492096
93.46400000000001,-0.5231794118881226,0.9128747582435608,-0.07505424320697784
93.48400000000001,-0.495553582906723,0.8595789074897766,-0.06918681412935257
93.50400000000002,-0.4583931863307953,0.8163065910339355,-0.0836109146475792
93.52400000000002,-0.43639031052589417,0.7862359881401062,-0.09461235255002975
93.54400000000001,-0.42392200231552124,0.7857470512390137,-0.08458881825208664
93.56400000000001,-0.4246554374694824,0.7813464403152466,-0.07627662271261215
93.58400000000002,-0.447636216878891,0.7493200302124023,-0.06723099946975708
93.60400000000001,-0.4943312108516693,0.7373406887054443,-0.05085108429193497
93.62400000000001,-0.544937789440155,0.7510313987731934,-0.04131650552153587
93.64400000000002,-0.5468935966491699,0.7586101293563843,-0.05451823025941849
93.66400000000002,-0.5640069842338562,0.8075054287910461,-0.05305137112736702
93.69400000000002,-0.6019008159637451,0.8759588003158569,-0.030804021283984184
93.71400000000001,-0.6126577854156494,0.9512575268745422,-0.01784677430987358
93.73400000000001,-0.5908993482589722,1.007731556892395,-0.05158451199531555
93.75400000000002,-0.5547168850898743,1.0620052814483643,-0.0892338752746582
93.77400000000002,-0.5192677974700928,1.1020994186401367,-0.08581120520830154
93.79400000000001,-0.4752620458602905,1.0942761898040771,-0.04400574415922165
93.81400000000001,-0.44152429699897766,1.08987557888031,0.0014668582007288933
93.83400000000002,-0.4728172719478607,1.117256999015808,0.03324878588318825
93.85400000000001,-0.5048437118530273,1.135103702545166,0.06796442717313766
93.87400000000001,-0.47770681977272034,1.1544173955917358,0.0892338752746582
93.89400000000002,-0.4107202887535095,1.174464464187622,0.05476270616054535
93.91400000000002,-0.36744797229766846,1.1507502794265747,0.022002872079610825
93.93400000000001,-0.3334657549858093,1.1206796169281006,0.014424105174839497
93.95400000000001,-0.34715643525123596,1.080341100692749,0.024203160777688026
93.97400000000002,-0.3344436585903168,1.04538094997406,0.03716040775179863
93.99400000000001,-0.3444671928882599,1.0172661542892456,0.03129297494888306
94.01400000000001,-0.34471166133880615,0.9801057577133179,0.027136875316500664
94.03400000000002,-0.3481343388557434,0.9461235404014587,0.03324878588318825
94.05400000000002,-0.339333176612854,0.8923386931419373,0.034226689487695694
94.07400000000001,-0.31684136390686035,0.8451547622680664,0.025181064382195473
94.09400000000001,-0.31561899185180664,0.8138617873191833,-0.01760229840874672
94.11400000000002,-0.3102405071258545,0.8070164918899536,0.014913057908415794
94.13400000000001,-0.3058399260044098,0.8170400261878967,0.05134003609418869
94.15400000000001,-0.3261314630508423,0.842710018157959,0.0493842251598835
94.17400000000002,-0.310729444026947,0.862023651599884,0.022247349843382835
94.19400000000002,-0.34544509649276733,0.8549338579177856,0.009534577839076519
94.21400000000001,-0.4420132637023926,0.8962503671646118,-0.020780490711331367
94.23400000000001,-0.5048437118530273,0.9409894943237305,-0.05720746889710426
94.25400000000002,-0.5031323432922363,0.9453901052474976,-0.0860556811094284
94.27400000000002,-0.5067995190620422,0.9600586891174316,-0.10170216858386993
94.29400000000001,-0.5146227478981018,0.9815725684165955,-0.10708064585924149
94.31400000000001,-0.5627846121788025,1.0052868127822876,-0.07872138917446136
94.33400000000002,-0.594810962677002,0.9879289865493774,-0.13250619173049927
94.35400000000001,-0.6373499035835266,0.9248540997505188,-0.19142499566078186
94.37400000000001,-0.683311402797699,0.8818262219429016,-0.19655899703502655
94.39400000000002,-0.7187604904174805,0.8649573922157288,-0.23763102293014526
94.41400000000002,-0.8136173486709595,0.8656908273696899,-0.1672218292951584
94.43400000000001,-0.9067628383636475,0.8960058689117432,-0.08141063153743744
94.45400000000001,-0.8361091613769531,0.8947834968566895,-0.14424104988574982
94.47400000000002,-0.7172936201095581,0.809461236000061,-0.2537664771080017
94.49400000000001,-0.7226721048355103,0.7529872059822083,-0.24594321846961975
94.51400000000001,-0.7639886140823364,0.7803685665130615,-0.14252972602844238
94.53400000000002,-0.680377721786499,0.8050606846809387,-0.012223818339407444
94.55400000000002,-0.7033584713935852,0.7852580547332764,-0.059163279831409454
94.56400000000001,-0.7774348258972168,0.7693670988082886,-0.185557559132576
94.59400000000001,-0.8035938143730164,0.7791461944580078,-0.28212571144104004
94.61400000000002,-0.8361091613769531,0.7923479080200195,-0.27308011054992676
94.63400000000001,-0.8324419856071472,0.8527335524559021,-0.20804938673973083
94.65400000000001,-0.6361274719238281,0.8810927867889404,-0.15084192156791687
94.67400000000002,-0.37453779578208923,0.7471197843551636,-0.29410505294799805
94.69400000000002,-0.4906640648841858,0.6363719701766968,-0.47012805938720703
94.71400000000001,-0.7319622039794922,0.5708522796630859,-0.45814868807792664
94.73400000000001,-0.7852580547332764,0.5578950643539429,-0.5515386462211609
94.75400000000002,-0.814106285572052,0.5143782496452332,-0.7072701454162598
94.77400000000002,-0.8889160752296448,0.44592487812042236,-0.7600769996643066
94.79400000000001,-0.8664242029190063,0.42245516180992126,-0.7202273607254028
94.81400000000001,-0.82608562707901,0.5023989081382751,-0.6441951990127563
94.83400000000002,-0.8023714423179626,0.5527610778808594,-0.5437154173851013
94.85400000000001,-0.8703358769416809,0.584542989730835,-0.48650795221328735
94.87400000000001,-0.8972282409667969,0.6273263692855835,-0.4588821232318878
94.89400000000002,-0.7652109861373901,0.6351495981216431,-0.5190232992172241
94.91400000000002,-0.6275708079338074,0.7104483246803284,-0.5006875991821289
94.93400000000001,-0.47306177020072937,0.7965039610862732,-0.4850411117076874
94.95400000000001,-0.3400666117668152,0.8544448614120483,-0.39776304364204407
94.97400000000002,-0.3608471155166626,0.8253521919250488,-0.33199891448020935
94.99400000000001,-0.5202456712722778,0.7402744293212891,-0.2816367745399475
95.01400000000001,-0.5657182931900024,0.6916236281394958,-0.2342083603143692
95.03400000000002,-0.5852764248847961,0.6774439811706543,-0.18189041316509247
95.05400000000002,-0.6522629261016846,0.6764661073684692,-0.11197017133235931
95.07400000000001,-0.661064088344574,0.6571524739265442,-0.11514836549758911
95.09400000000001,-0.6627753973007202,0.6400391459465027,-0.14277419447898865
95.11400000000002,-0.6791553497314453,0.6329492926597595,-0.1361733376979828
95.13400000000001,-0.6948018074035645,0.6395501494407654,-0.11637074500322342
95.15400000000001,-0.7600769996643066,0.6708431243896484,-0.10463587939739227
95.17400000000002,-0.8128839135169983,0.6847782731056213,-0.10805854946374893
95.19400000000002,-0.8483330011367798,0.7094703912734985,-0.14106285572052002
95.21400000000001,-0.8461326956748962,0.7268282175064087,-0.17040002346038818
95.23400000000001,-0.8559117317199707,0.72658371925354,-0.19704794883728027
95.25400000000002,-0.8632460236549377,0.7317177653312683,-0.2082938551902771
95.27400000000002,-0.8649573922157288,0.7581211924552917,-0.145707905292511
95.29400000000001,-0.8070164918899536,0.7686336636543274,-0.15964306890964508
95.31400000000001,-0.7627662420272827,0.7424747347831726,-0.21562814712524414
95.33400000000002,-0.7789016962051392,0.7280505895614624,-0.2488769292831421
95.35400000000001,-0.8006600737571716,0.7097148895263672,-0.24643217027187347
95.37400000000001,-0.8023714423179626,0.6940683722496033,-0.24863246083259583
95.39400000000002,-0.7908810377120972,0.6916236281394958,-0.2652568519115448
95.41400000000002,-0.7938147187232971,0.6889343857765198,-0.2931271493434906
95.43400000000001,-0.7718119025230408,0.6977355480194092,-0.3202640414237976
95.45400000000001,-0.7656999826431274,0.6926015615463257,-0.33004307746887207
95.46400000000001,-0.7747455835342407,0.6823335289955139,-0.33150994777679443
95.49400000000001,-0.7654554843902588,0.692357063293457,-0.327353835105896
95.51400000000001,-0.7517648339271545,0.7060477137565613,-0.32270878553390503
95.53400000000002,-0.74491947889328,0.7214497327804565,-0.31366318464279175
95.55400000000002,-0.7175381183624268,0.720960795879364,-0.33273231983184814
95.57400000000001,-0.6967576146125793,0.7226721048355103,-0.3437337577342987
95.59400000000001,-0.7050698399543762,0.7241389751434326,-0.33786633610725403
95.61400000000002,-0.7346514463424683,0.7114261984825134,-0.3302875757217407
95.63400000000001,-0.7478532195091248,0.7009137272834778,-0.32882070541381836
95.65400000000001,-0.7466307878494263,0.7141154408454895,-0.31879717111587524
95.67400000000002,-0.7292729616165161,0.7009137272834778,-0.3002169728279114
95.69400000000002,-0.7251169085502625,0.6960241794586182,-0.28334811329841614
95.71400000000001,-0.7287840247154236,0.6967576146125793,-0.29019343852996826
95.73400000000001,-0.7527427077293396,0.7067811489105225,-0.29777219891548157
95.75400000000002,-0.7730342745780945,0.7165602445602417,-0.29850563406944275
95.77400000000002,-0.7544540762901306,0.7197384238243103,-0.28823763132095337
95.79400000000001,-0.7412523031234741,0.7241389751434326,-0.2796809673309326
95.81400000000001,-0.7153378129005432,0.7417412996292114,-0.2740580141544342
95.83400000000002,-0.6982244849205017,0.7500534653663635,-0.26501238346099854
95.85400000000001,-0.701647162437439,0.7666778564453125,-0.2525440752506256
95.87400000000001,-0.7087369561195374,0.768878161907196,-0.25596675276756287
95.89400000000002,-0.7045809030532837,0.7732787132263184,-0.2576780915260315
95.90400000000001,-0.7084925174713135,0.768878161907196,-0.254010945558548
95.92400000000002,-0.7102038264274597,0.7632551789283752,-0.24985484778881073
95.94400000000002,-0.6649757027626038,0.7798795700073242,-0.24154265224933624
95.96400000000001,-0.6586193442344666,0.7850136160850525,-0.23591968417167664
95.98400000000001,-0.668398380279541,0.7801240682601929,-0.24203160405158997
96.00400000000002,-0.6845338344573975,0.7872138619422913,-0.24398741126060486
96.02400000000002,-0.7001802921295166,0.7833022475242615,-0.23689758777618408
96.04400000000001,-0.6864896416664124,0.7730342745780945,-0.2178284376859665
96.06400000000001,-0.6676649451255798,0.773523211479187,-0.20340433716773987
96.08400000000002,-0.6390612125396729,0.7811020016670227,-0.19264736771583557
96.10400000000001,-0.6041010618209839,0.7935702800750732,-0.1760229766368866
96.12400000000001,-0.5596063733100891,0.8160620927810669,-0.16110992431640625
96.14400000000002,-0.46939462423324585,0.8475995659828186,-0.12639427185058594
96.16400000000002,-0.4033859968185425,0.8681355714797974,-0.09094520658254623
96.18400000000001,-0.3412890136241913,0.8898939490318298,-0.05647404119372368
96.20400000000001,-0.29483848810195923,0.9260764718055725,-0.02469211257994175
96.22400000000002,-0.2816367745399475,0.9754607081413269,-0.007334291003644466
96.24400000000001,-0.28848209977149963,1.0282676219940186,0.00880114920437336
96.26400000000001,-0.3540017604827881,1.062249779701233,0.01515753474086523
96.28400000000002,-0.3860281705856323,1.0766738653182983,0.02982611581683159
96.30400000000002,-0.4329676330089569,1.0832747220993042,0.03520459681749344
96.32400000000001,-0.4557039439678192,1.0698285102844238,0.03324878588318825
96.34400000000001,-0.45937108993530273,1.056626796722412,0.037893835455179214
96.35400000000001,-0.4676832854747772,1.0431805849075317,0.04253888875246048
96.38400000000001,-0.46108242869377136,1.032668113708496,0.05182898789644241
96.40400000000001,-0.4654829800128937,1.0287564992904663,0.06160804256796837
96.42400000000002,-0.4647495746612549,1.0253338813781738,0.06845337897539139
96.44400000000002,-0.46108242869377136,1.0148214101791382,0.07749900966882706
96.46400000000001,-0.46254926919937134,1.005775809288025,0.07945481687784195
96.48400000000001,-0.44788068532943726,1.0016196966171265,0.08018824458122253
96.50400000000002,-0.4420132637023926,0.9986859560012817,0.07163157314062119
96.52400000000002,-0.43590134382247925,0.9981969594955444,0.05476270616054535
96.54400000000001,-0.4329676330089569,0.9940409064292908,0.052317939698696136
96.56400000000001,-0.42441096901893616,0.9920850992202759,0.048650797456502914
96.58400000000002,-0.42074382305145264,0.9876844882965088,0.032515354454517365
96.60400000000001,-0.4209882915019989,0.990129292011261,0.020780490711331367
96.62400000000001,-0.4195214509963989,0.9908626675605774,0.015402010641992092
96.64400000000002,-0.41169819235801697,0.9869510531425476,0
96.66400000000002,-0.4038749635219574,0.9727714657783508,-0.018091250211000443
96.68400000000001,-0.3923845589160919,0.9713045954704285,-0.03153745085000992
96.70400000000001,-0.3708706498146057,0.980839192867279,-0.04473917558789253
96.72400000000002,-0.34960120916366577,0.9585918188095093,-0.05965223163366318
96.74400000000001,-0.3469119668006897,0.9270543456077576,-0.07578767091035843
96.76400000000001,-0.3576689064502716,0.9221648573875427,-0.08752253651618958
96.78400000000002,-0.37453779578208923,0.9282767176628113,-0.08898939937353134
96.80400000000002,-0.38822847604751587,0.9211869239807129,-0.08532225340604782
96.82400000000001,-0.39360693097114563,0.9258319735527039,-0.07921034097671509
96.83400000000002,-0.3923845589160919,0.9561470746994019,-0.07334291189908981
96.86400000000002,-0.37624913454055786,0.9617699980735779,-0.06600861996412277
96.88400000000001,-0.3571799695491791,0.9493017196655273,-0.059163279831409454
96.90400000000001,-0.33762186765670776,0.9669039845466614,-0.06723099946975708
96.92400000000002,-0.3090181350708008,0.9845063090324402,-0.07114262133836746
96.94400000000002,-0.2875041961669922,0.98548424243927,-0.07383186370134354
96.96400000000001,-0.2456987500190735,0.9918406009674072,-0.06503070890903473
96.98400000000001,-0.19704794883728027,1.0238670110702515,-0.06845337897539139
97.00400000000002,-0.1620878279209137,1.016043782234192,-0.08263301104307175
97.02400000000002,-0.15548697113990784,0.964459240436554,-0.08581120520830154
97.04400000000001,-0.18066802620887756,0.9365889430046082,-0.0836109146475792
97.06400000000001,-0.21953977644443512,0.926565408706665,-0.09901292622089386
97.08400000000002,-0.23200806975364685,0.9189866185188293,-0.110747791826725
97.10400000000001,-0.24643217027187347,0.9133636951446533,-0.1215047538280487
97.12400000000001,-0.27185770869255066,0.8962503671646118,-0.14961953461170197
97.14400000000002,-0.27136877179145813,0.8603123426437378,-0.17675641179084778
97.16400000000002,-0.29606086015701294,0.8505332469940186,-0.20658253133296967
97.18400000000001,-0.2669681906700134,0.8412431478500366,-0.22076214849948883
97.20400000000001,-0.26427894830703735,0.8224185109138489,-0.2784585654735565
97.22400000000002,-0.265990287065506,0.8053051233291626,-0.3483788073062897
97.24400000000001,-0.2513217031955719,0.8566451668739319,-0.36989274621009827
97.26400000000001,-0.31121841073036194,0.9070072770118713,-0.4033859968185425
97.28400000000002,-0.3855392336845398,0.9647037386894226,-0.39336246252059937
97.30400000000002,-0.2461877018213272,0.9979525208473206,-0.28848209977149963
97.32400000000001,-0.20731595158576965,1.029000997543335,-0.17431165277957916
97.35400000000001,-0.37062615156173706,1.1659077405929565,-0.13128380477428436
97.37400000000001,-0.8211960792541504,1.2482962608337402,-0.12712770700454712
97.39400000000002,-0.9972190856933594,1.162485122680664,-0.19289185106754303
97.41400000000002,-0.3603581488132477,0.937566876411438,-0.28139230608940125
97.43400000000001,-0.29606086015701294,0.956880509853363,-0.29606086015701294
97.45400000000001,-0.5048437118530273,0.9935519099235535,-0.33517709374427795
97.47400000000002,-0.4720838665962219,0.9771720170974731,-0.39922991394996643
97.49400000000001,-0.225407212972641,0.9121413230895996,-0.4613268971443176
97.51400000000001,-0.014179629273712635,0.8686245083808899,-0.4368792474269867
97.53400000000002,-0.07334291189908981,0.8793814778327942,-0.41634324193000793
97.55400000000002,-0.23274149000644684,0.8938055634498596,-0.45668184757232666
97.57400000000001,-0.3043730854988098,0.8876936435699463,-0.4723283350467682
97.59400000000001,-0.19680346548557281,0.9336552023887634,-0.35742443799972534
97.61400000000002,-0.20144851505756378,0.9084741473197937,-0.265990287065506
97.63400000000001,-0.1537756323814392,0.9793723225593567,-0.2970387935638428
97.65400000000001,-0.18849126994609833,1.1629739999771118,-0.24643217027187347
97.67400000000002,-0.25547778606414795,1.0402469635009766,-0.1285945624113083
97.69400000000002,-0.36353635787963867,0.9730159044265747,-0.17357821762561798
97.71400000000001,-0.27625828981399536,0.9429453015327454,-0.2958163917064667
97.73400000000001,-0.5891880393028259,0.8928276896476746,-0.4019191265106201
97.75400000000002,-0.3987409472465515,0.7982153296470642,-0.46426060795783997
97.77400000000002,-0.1728447824716568,0.7911255359649658,-0.33126547932624817
97.79400000000001,-0.274791419506073,0.9202090501785278,-0.2894600033760071
97.80400000000002,-0.42318859696388245,0.8933166265487671,-0.4742841422557831
97.83400000000002,-0.637105405330658,0.7859914898872375,-0.6026342511177063
97.85400000000001,-0.6840448379516602,0.7654554843902588,-0.4945756793022156
97.87400000000001,-0.5838095545768738,0.8700913786888123,-0.43639031052589417
97.89400000000002,-0.5173119902610779,0.8453992605209351,-0.4373682141304016
97.91400000000002,-0.532958447933197,0.8018824458122253,-0.4786847233772278
97.93400000000001,-0.42441096901893616,0.8495553731918335,-0.40558627247810364
97.95400000000001,-0.38896188139915466,0.9065183401107788,-0.37771597504615784
97.97400000000002,-0.41560980677604675,0.9400116205215454,-0.35351282358169556
97.99400000000001,-0.42881155014038086,0.9698377251625061,-0.4011857211589813
98.01400000000001,-0.43834611773490906,0.9566360116004944,-0.4290560185909271
98.03400000000002,-0.3183082342147827,0.9950187802314758,-0.431011825799942
98.05400000000002,-0.3070622980594635,0.9825505018234253,-0.4544815719127655
98.07400000000001,-0.24398741126060486,0.9497906565666199,-0.48528558015823364
98.09400000000001,-0.1804235577583313,0.8656908273696899,-0.4094979166984558
98.11400000000002,-0.2657458186149597,0.9409894943237305,-0.4344345033168793
98.13400000000001,-0.22149558365345,0.8449103236198425,-0.43834611773490906
98.15400000000001,-0.33199891448020935,0.8823152184486389,-0.4317452609539032
98.17400000000002,-0.3190416395664215,0.8683800101280212,-0.4151208698749542
98.19400000000002,-0.35155701637268066,0.8221740126609802,-0.5212236046791077
98.21400000000001,-0.2684350311756134,0.7857470512390137,-0.2202731966972351
98.23400000000001,-0.4332121014595032,0.8845154643058777,-0.4376126825809479
98.25400000000002,-0.4823518693447113,0.8263301253318787,-0.33395472168922424
98.27400000000002,-0.528313398361206,0.9111633896827698,-0.33762186765670776
98.29400000000001,-0.5065550208091736,0.899917483329773,-0.30681782960891724
98.31400000000001,-0.49653148651123047,0.9334107637405396,-0.08312196284532547
98.33400000000002,-0.4043639004230499,0.971793532371521,-0.09461235255002975
98.35400000000001,-0.4202548563480377,0.9378113150596619,-0.2855483889579773
98.37400000000001,-0.3931179940700531,0.8891605138778687,-0.325886994600296
98.39400000000002,-0.3906732201576233,0.942211925983429,-0.24985484778881073
98.41400000000002,-0.42245516180992126,1.006020188331604,-0.23029673099517822
98.43400000000001,-0.4772178530693054,0.9507685899734497,-0.27063533663749695
98.45400000000001,-0.24765455722808838,0.9532133340835571,-0.20878280699253082
98.47400000000002,-0.28505945205688477,1.0109097957611084,-0.1987592875957489
98.49400000000001,-0.33077651262283325,0.9959967136383057,-0.2075604349374771
98.51400000000001,-0.34715643525123596,1.0189775228500366,-0.2063380479812622
98.53400000000002,-0.32124194502830505,1.052959680557251,-0.17455612123012543
98.55400000000002,-0.26990190148353577,0.9908626675605774,-0.12737219035625458
98.57400000000001,-0.262812077999115,0.9294991493225098,-0.0836109146475792
98.59400000000001,-0.25425541400909424,0.9104299545288086,-0.06674204766750336
98.61400000000002,-0.27821409702301025,0.8588454723358154,-0.07921034097671509
98.63400000000001,-0.32075297832489014,0.7718119025230408,-0.0999908298254013
98.65400000000001,-0.36182501912117004,0.7549430131912231,-0.11465941369533539
98.67400000000002,-0.40729761123657227,0.7627662420272827,-0.12761665880680084
98.69400000000002,-0.42514440417289734,0.7480976581573486,-0.14424104988574982
98.71400000000001,-0.4241665005683899,0.7488310933113098,-0.16991107165813446
98.73400000000001,-0.4241665005683899,0.773523211479187,-0.1880023181438446
98.75400000000002,-0.42245516180992126,0.830730676651001,-0.19142499566078186
98.77400000000002,-0.43272316455841064,0.9395226836204529,-0.18409070372581482
98.78400000000002,-0.44788068532943726,1.053693175315857,-0.17675641179084778
98.81400000000001,-0.4647495746612549,1.1583290100097656,-0.17333373427391052
98.83400000000002,-0.5063105225563049,1.2707880735397339,-0.18091250956058502
98.85400000000001,-0.5508052706718445,1.3654004335403442,-0.21758396923542023
98.87400000000001,-0.5652293562889099,1.4839714765548706,-0.2703908681869507
98.89400000000002,-0.5654738545417786,1.5722274780273438,-0.32075297832489014
98.91400000000002,-0.5395593047142029,1.4969288110733032,-0.31561899185180664
98.93400000000001,-0.5063105225563049,1.2583198547363281,-0.24594321846961975
98.95400000000001,-0.4334565997123718,1.0263117551803589,-0.157687246799469
98.97400000000002,-0.3437337577342987,0.8830485939979553,-0.06796442717313766
98.99400000000001,-0.37258198857307434,0.8378204703330994,-0.05134003609418869
99.01400000000001,-0.4451914429664612,0.8055496215820312,-0.0354490727186203
99.03400000000002,-0.45863765478134155,0.7715674042701721,-0.010023530572652817
99.05400000000002,-0.46817222237586975,0.7632551789283752,0.005622956436127424
99.07400000000001,-0.47697338461875916,0.7656999826431274,0.022002872079610825
99.09400000000001,-0.44788068532943726,0.7622773051261902,0.010512483306229115
99.11400000000002,-0.3999633193016052,0.756898820400238,0.008312196470797062
99.13400000000001,-0.3735598921775818,0.7913699746131897,-0.0002444763667881489
99.15400000000001,-0.351312518119812,0.8534669876098633,0.0004889527335762978
99.17400000000002,-0.35497966408729553,0.9153195023536682,0.001955810934305191
99.19400000000002,-0.395073801279068,0.9414784908294678,-0.011001436039805412
99.21400000000001,-0.43907955288887024,0.9307215213775635,-0.04987317696213722
99.23400000000001,-0.5041102766990662,0.9519909620285034,-0.09656815975904465
99.25400000000002,-0.5493384003639221,0.9647037386894226,-0.11637074500322342
99.27400000000002,-0.587232232093811,0.9896402955055237,-0.11734865605831146
99.30400000000002,-0.6221923232078552,1.006020188331604,-0.10243559628725052
99.32400000000001,-0.6366164684295654,0.9930629730224609,-0.0772545337677002
99.34400000000001,-0.632460355758667,0.9651926755905151,-0.06136356666684151
99.36400000000002,-0.591877281665802,0.92558753490448,-0.064541757106781
99.38400000000001,-0.5473825931549072,0.9079852104187012,-0.07701005041599274
99.40400000000001,-0.5268465876579285,0.8911163210868835,-0.08385539054870605
99.42400000000002,-0.48332977294921875,0.8757143020629883,-0.10781407356262207
99.44400000000002,-0.4437246024608612,0.9030956625938416,-0.15866516530513763
99.46400000000001,-0.4126760959625244,0.9720380306243896,-0.1867799460887909
99.48400000000001,-0.3823610246181488,1.0133545398712158,-0.18751336634159088
99.50400000000002,-0.40167465806007385,0.990129292011261,-0.1645325869321823
99.52400000000002,-0.4437246024608612,0.889649510383606,-0.16306573152542114
99.54400000000001,-0.48577451705932617,0.8023714423179626,-0.16062097251415253
99.56400000000001,-0.554227888584137,0.7715674042701721,-0.13690675795078278
99.58400000000002,-0.6168138384819031,0.8204626441001892,-0.1083030253648758
99.60400000000001,-0.6820890307426453,0.9407450556755066,-0.04547260329127312
99.62400000000001,-0.6977355480194092,1.0544265508651733,0.005622956436127424
99.64400000000002,-0.6688873171806335,1.123857855796814,0.04645051062107086
99.66400000000002,-0.6383277773857117,1.1106561422348022,0.07823243737220764
99.68400000000001,-0.6136356592178345,1.0937871932983398,0.17333373427391052
99.70400000000001,-0.6185252070426941,1.135837197303772,0.3026617467403412
99.72400000000002,-0.5168230533599854,1.0930538177490234,0.520001232624054
99.74400000000001,-0.16306573152542114,1.2617424726486206,0.7363628149032593
99.76400000000001,-0.013690676540136337,1.325795292854309,0.6454175710678101
99.80000000000001,-0.12932799756526947,1.1409711837768555,0.23885340988636017
99.82000000000001,-0.13201723992824554,1.0189775228500366,0.1158817932009697
99.84000000000002,-0.14448553323745728,0.9634813666343689,0.11123674362897873
99.86000000000001,-0.08116615563631058,0.938544750213623,0.14595238864421844
99.88000000000001,-0.07823243737220764,0.9062739014625549,0.17308926582336426
99.90000000000002,-0.11759313195943832,0.8769367337226868,0.16257677972316742
99.92000000000002,-0.1545090675354004,0.8991840481758118,0.1254163682460785
99.94000000000001,-0.34031111001968384,0.9815725684165955,0.09730159491300583
99.96000000000001,-0.5864987969398499,1.005042314529419,0.06747547537088394
99.98000000000002,-0.7444305419921875,0.9937964081764221,-0.009290101937949657
100.00000000000001,-0.8573786020278931,1.0184885263442993,-0.1342175155878067
100.02000000000001,-0.8632460236549377,0.9243651032447815,-0.18409070372581482
100.04000000000002,-0.9065183401107788,0.7833022475242615,-0.19386975467205048
100.06000000000002,-0.9581028819084167,0.7131375670433044,-0.21122758090496063
100.08000000000001,-1.0869419574737549,0.6449286341667175,-0.25156617164611816
100.10000000000001,-1.0972099304199219,0.584542989730835,-0.2615897059440613
100.12000000000002,-1.0008862018585205,0.5955443978309631,-0.2557222843170166
100.14000000000001,-1.0003973245620728,0.6507960557937622,-0.2310301661491394
100.16000000000001,-0.9417229294776917,0.6974910497665405,-0.20682699978351593
100.18000000000002,-0.8744919300079346,0.7341625094413757,-0.21831738948822021
100.20000000000002,-0.7732787132263184,0.7666778564453125,-0.2500993311405182
100.22000000000001,-0.7241389751434326,0.8109281063079834,-0.23983131349086761
100.24000000000001,-0.6979799866676331,0.8397762775421143,-0.20853833854198456
100.27400000000002,-0.6344161629676819,0.9038290977478027,-0.18971365690231323
100.29400000000001,-0.6180362701416016,0.9221648573875427,-0.17186687886714935
100.31400000000001,-0.6400391459465027,0.935855507850647,-0.15988753736019135
100.33400000000002,-0.7238945364952087,0.9314549565315247,-0.13323961198329926
100.35400000000001,-0.6622864603996277,0.8544448614120483,-0.0633193776011467
100.37400000000001,-0.534669816493988,0.890627384185791,0.1171041801571846
100.39400000000002,-0.33786633610725403,0.8483330011367798,0.2689239978790283
100.41400000000002,-0.7935702800750732,0.6065458655357361,0.3070622980594635
100.43400000000001,-1.2896127700805664,0.5486049652099609,0.2241848260164261
100.45400000000001,-1.1808208227157593,0.4994651973247528,-0.03520459681749344
100.47400000000002,-0.6759771704673767,0.21416129171848297,-0.14473000168800354
100.49400000000001,-0.9004064202308655,0.034471165388822556,-0.23127463459968567
100.51400000000001,-1.1583290100097656,0.011979341506958008,-0.03764935955405235
100.53400000000002,-0.8647128939628601,0.09974635392427444,-0.003667145501822233
100.55400000000002,-0.6312379837036133,0.14473000168800354,0.08850044012069702
100.57400000000001,-0.8674021363258362,0.15964306890964508,0.0009779054671525955
100.59400000000001,-1.2123582363128662,0.13910704851150513,-0.1620878279209137
100.61400000000002,-1.4355652332305908,0.09045625478029251,-0.2784585654735565
100.63400000000001,-1.0815634727478027,0.14277419447898865,-0.022247349843382835
100.65400000000001,-0.9493017196655273,0.3628029227256775,0.05720746889710426
100.67400000000002,-0.8625125885009766,0.36744797229766846,-0.018335727974772453
100.69400000000002,-0.6525074243545532,0.18702441453933716,-0.09779054671525955
100.71400000000001,-0.7143599390983582,0.16282126307487488,-0.07456529140472412
100.73400000000001,-0.854689359664917,0.26867952942848206,0.07603214681148529
100.75400000000002,-0.9321883916854858,0.2804143726825714,-0.05280689522624016
100.77400000000002,-0.9617699980735779,0.20584909617900848,-0.17577850818634033
100.79400000000001,-1.0277786254882812,0.22516272962093353,-0.09901292622089386
100.81400000000001,-1.0150659084320068,0.3158634603023529,0.08556672930717468
100.83400000000002,-1.2470738887786865,0.34153348207473755,-0.10292454808950424
100.85400000000001,-1.642881155014038,0.2425205558538437,-0.4957980513572693
100.87400000000001,-1.5304219722747803,0.1127036064863205,-0.6014118790626526
100.89400000000002,-1.500840425491333,0.11221464723348618,-0.5356476902961731
100.91400000000002,-1.570027232170105,0.15524248778820038,-0.3938514292240143
100.93400000000001,-1.2165143489837646,0.14864163100719452,-0.27063533663749695
100.95400000000001,-0.9686153531074524,0.18751336634159088,-0.15866516530513763
100.97400000000002,-0.8453992605209351,0.17944565415382385,-0.14546343684196472
100.99400000000001,-0.7639886140823364,0.1557314395904541,-0.17969012260437012
101.01400000000001,-0.7634996771812439,0.14350762963294983,-0.26819056272506714
101.03400000000002,-0.8554227948188782,0.12883904576301575,-0.3063288927078247
101.05400000000002,-0.9272988438606262,0.13177275657653809,-0.31684136390686035
101.07400000000001,-0.9043180346488953,0.12810561060905457,-0.327353835105896
101.09400000000001,-0.9216758608818054,0.11172569543123245,-0.36109158396720886
101.11400000000002,-1.018733024597168,0.14008495211601257,-0.3850502669811249
101.13400000000001,-1.1192127466201782,0.18140146136283875,-0.3723374903202057
101.15400000000001,-1.0935428142547607,0.20804938673973083,-0.29214924573898315
101.17400000000002,-1.019710898399353,0.23371940851211548,-0.2677016258239746
101.19400000000002,-0.9979525208473206,0.26061180233955383,-0.21024967730045319
101.21400000000001,-1.0167771577835083,0.30608439445495605,-0.12957246601581573
101.22400000000002,-1.077651858329773,0.3385997712612152,-0.11148121953010559
101.25400000000002,-1.1446382999420166,0.3764936029911041,-0.1652660220861435
101.27400000000002,-1.0126210451126099,0.4014301896095276,-0.2107386291027069
101.29400000000001,-0.7549430131912231,0.4811294674873352,-0.17651192843914032
101.31400000000001,-0.5248907208442688,0.6478623747825623,-0.015402010641992092
101.33400000000002,-0.49335330724716187,0.618769645690918,0.030804021283984184
101.35400000000001,-0.5732970833778381,0.551294207572937,0.01320172380656004
101.37400000000001,-0.52269047498703,0.5710967779159546,-0.014913057908415794
101.39400000000002,-0.4293004870414734,0.6033676862716675,-0.02835925854742527
101.41400000000002,-0.38773950934410095,0.6243926286697388,-0.048895273357629776
101.43400000000001,-0.36940377950668335,0.7082480192184448,-0.05671851709485054
101.45400000000001,-0.3855392336845398,0.8155731558799744,-0.06405280530452728
101.47400000000002,-0.4170766770839691,0.949546217918396,-0.0728539526462555
101.49400000000001,-0.49799835681915283,1.1414601802825928,-0.0816551074385643
101.51400000000001,-0.5933441519737244,1.3514653444290161,-0.09583473205566406
101.53400000000002,-0.7011582255363464,1.5626928806304932,-0.13470648229122162
101.55400000000002,-0.8238853216171265,1.7206246852874756,-0.20218195021152496
101.57400000000001,-0.9285212159156799,1.758029580116272,-0.2943495512008667
101.59400000000001,-1.0106652975082397,1.6573052406311035,-0.33199891448020935
101.61400000000002,-1.0532041788101196,1.4543899297714233,-0.28212571144104004
101.63400000000001,-0.8133728504180908,1.2451181411743164,-0.1804235577583313
101.65400000000001,-0.4094979166984558,1.209424614906311,-0.11319255828857422
101.67400000000002,-0.30290621519088745,1.2372949123382568,-0.08850044012069702
101.69400000000002,-0.4002078175544739,1.1668857336044312,-0.11465941369533539
101.71400000000001,-0.486752450466156,1.1236133575439453,-0.1461968719959259
101.74400000000001,-0.6842893362045288,1.0972099304199219,-0.2430095076560974
101.76400000000001,-0.7940592169761658,1.1285028457641602,-0.371115118265152
101.78400000000002,-0.8202182054519653,1.240228533744812,-0.4469027817249298
101.80400000000002,-0.7891696691513062,1.032668113708496,-0.4192769527435303
101.82400000000001,-0.7050698399543762,0.6613085865974426,-0.3007059395313263
101.84400000000001,-0.6327048540115356,0.5165785551071167,-0.1677107810974121
101.86400000000002,-0.621458888053894,0.6004339456558228,-0.05818537250161171
101.88400000000001,-0.5970112681388855,0.6688873171806335,-0.06405280530452728
101.90400000000001,-0.5842984914779663,0.7297619581222534,-0.13446199893951416
101.92400000000002,-0.5938330888748169,0.8823152184486389,-0.1784677505493164
101.94400000000002,-0.6170583367347717,1.0835192203521729,-0.18726889789104462
101.96400000000001,-0.5652293562889099,1.1849769353866577,-0.17504507303237915
101.98400000000001,-0.5341808795928955,1.158084511756897,-0.10536931455135345
102.00400000000002,-0.5344253182411194,1.0849860906600952,-0.019802585244178772
102.02400000000002,-0.49726492166519165,1.053693175315857,0.007578767370432615
102.04400000000001,-0.4349234402179718,1.0309568643569946,0.034226689487695694
102.06400000000001,-0.3850502669811249,0.9933074712753296,0.09583473205566406
102.08400000000002,-0.33468812704086304,0.9466124773025513,0.15084192156791687
102.10400000000001,-0.2740580141544342,0.8857378363609314,0.18824680149555206
102.12400000000001,-0.2354307323694229,0.8238853216171265,0.21171653270721436
102.14400000000002,-0.23371940851211548,0.8031048774719238,0.2285853922367096
102.16400000000002,-0.26378998160362244,0.8331754207611084,0.24203160405158997
102.18400000000001,-0.28774866461753845,0.8769367337226868,0.24643217027187347
102.19400000000002,-0.29288268089294434,0.9060294032096863,0.24961036443710327
102.22400000000002,-0.2735690474510193,0.9316993951797485,0.2552333176136017
102.24400000000001,-0.23518626391887665,0.9414784908294678,0.24667665362358093
102.26400000000001,-0.18702441453933716,0.9669039845466614,0.23054121434688568
102.28400000000002,-0.1417962908744812,0.9835283756256104,0.21733948588371277
102.30400000000002,-0.11954893916845322,0.990129292011261,0.2126944363117218
102.32400000000001,-0.12835009396076202,0.9818170666694641,0.20340433716773987
102.34400000000001,-0.1740671694278717,0.9620144963264465,0.19680346548557281
102.36400000000002,-0.2417871206998825,0.947834849357605,0.19386975467205048
102.38400000000001,-0.2684350311756134,0.9356110095977783,0.1887357532978058
102.40400000000001,-0.29606086015701294,0.9363444447517395,0.17944565415382385
102.42400000000002,-0.3261314630508423,0.9485682845115662,0.16673287749290466
102.44400000000002,-0.35155701637268066,0.976438581943512,0.15524248778820038
102.46400000000001,-0.37184855341911316,0.9593252539634705,0.14106285572052002
102.48400000000001,-0.3911621868610382,0.9453901052474976,0.12688323855400085
102.50400000000002,-0.39727407693862915,0.9700822234153748,0.10903646051883698
102.52400000000002,-0.39360693097114563,0.9710600972175598,0.08874491602182388
102.54400000000001,-0.39165112376213074,0.9693487882614136,0.06551966816186905
102.56400000000001,-0.4011857211589813,0.980839192867279,0.03642697632312775
102.58400000000002,-0.4209882915019989,0.9945298433303833,0.0029337164014577866
102.60400000000001,-0.4559484124183655,0.9871955513954163,-0.02273630164563656
102.62400000000001,-0.5041102766990662,0.9945298433303833,-0.034226689487695694
102.64400000000002,-0.5574061274528503,1.0038199424743652,-0.03007059171795845
102.66400000000002,-0.6009228825569153,0.9959967136383057,-0.022002872079610825
102.68400000000001,-0.6346606612205505,0.995752215385437,-0.010268007405102253
102.71400000000001,-0.6429728269577026,1.006020188331604,-0.0002444763667881489
102.73400000000001,-0.6319714188575745,1.0140879154205322,0.01515753474086523
102.75400000000002,-0.6014118790626526,1.0030865669250488,0.025425542145967484
102.77400000000002,-0.5803868770599365,0.9864621162414551,0.03716040775179863
102.79400000000001,-0.5530055165290833,0.9708156585693359,0.05622956156730652
102.81400000000001,-0.5263575911521912,0.9576138854026794,0.0664975717663765
102.83400000000002,-0.5053326487541199,0.9417229294776917,0.06820890307426453
102.85400000000001,-0.4938422441482544,0.9502795934677124,0.07872138917446136
102.87400000000001,-0.47501757740974426,0.9395226836204529,0.08336643874645233
102.89400000000002,-0.47379517555236816,0.9316993951797485,0.09143415838479996
102.91400000000002,-0.4786847233772278,0.9529688358306885,0.10488036274909973
102.93400000000001,-0.4894416630268097,0.9832839369773865,0.11685970425605774
102.95400000000001,-0.4860190153121948,1.0008862018585205,0.1171041801571846
102.97400000000002,-0.4735507071018219,0.9996638298034668,0.11025884002447128
102.99400000000001,-0.4557039439678192,1.0226446390151978,0.10414692759513855
103.01400000000001,-0.4344345033168793,1.044647455215454,0.110747791826725
103.03400000000002,-0.4153653383255005,1.029734492301941,0.11197017133235931
103.05400000000002,-0.4065641760826111,1.0265562534332275,0.1139259859919548
103.07400000000001,-0.3938514292240143,1.0162882804870605,0.10879198461771011
103.09400000000001,-0.38773950934410095,0.9933074712753296,0.10536931455135345
103.11400000000002,-0.3860281705856323,0.980839192867279,0.10243559628725052
103.13400000000001,-0.3806496858596802,0.9730159044265747,0.09827949851751328
103.15400000000001,-0.3767380714416504,0.9617699980735779,0.08556672930717468
103.17400000000002,-0.37453779578208923,0.9392781853675842,0.08287748694419861
103.20100000000001,-0.3828499913215637,0.9162973761558533,0.08727806061506271
103.22100000000002,-0.39531826972961426,0.9148305654525757,0.09656815975904465
103.24100000000001,-0.4031415283679962,0.9116523265838623,0.10121321678161621
103.26100000000001,-0.4031415283679962,0.9162973761558533,0.09950187802314758
103.28100000000002,-0.39482933282852173,0.908963143825531,0.09412340074777603
103.30100000000002,-0.3943403661251068,0.9140971302986145,0.09094520658254623
103.32100000000001,-0.3989854156970978,0.9258319735527039,0.09070073068141937
103.34100000000001,-0.40363046526908875,0.9331662654876709,0.0816551074385643
103.36100000000002,-0.40607523918151855,0.9368334412574768,0.06869785487651825
103.38100000000001,-0.4126760959625244,0.932921826839447,0.05818537250161171
103.40100000000001,-0.42563334107398987,0.9392781853675842,0.05280689522624016
103.42100000000002,-0.4417687952518463,0.942211925983429,0.050362128764390945
103.44100000000002,-0.4620603322982788,0.9348776340484619,0.05280689522624016
103.46100000000001,-0.48406320810317993,0.9571249485015869,0.05182898789644241
103.48100000000001,-0.4860190153121948,0.9603031277656555,0.045228127390146255
103.50100000000002,-0.48406320810317993,0.9576138854026794,0.050117652863264084
103.52100000000002,-0.47819575667381287,0.9581028819084167,0.05818537250161171
103.54100000000001,-0.4735507071018219,0.9471014142036438,0.06209699437022209
103.56100000000002,-0.4752620458602905,0.9512575268745422,0.06625309586524963
103.58100000000002,-0.48088499903678894,0.9402561187744141,0.06405280530452728
103.60100000000001,-0.4838187098503113,0.9397671222686768,0.06674204766750336
103.62100000000001,-0.48210740089416504,0.9414784908294678,0.0664975717663765
103.64100000000002,-0.48137396574020386,0.9463679790496826,0.06478623300790787
103.66100000000002,-0.4806405305862427,0.9451456069946289,0.06429728120565414
103.69400000000002,-0.48406320810317993,0.9343886375427246,0.06405280530452728
103.71400000000001,-0.4904195964336395,0.9165418744087219,0.06576414406299591
103.73400000000001,-0.4945756793022156,0.9424563646316528,0.07652109861373901
103.75400000000002,-0.486752450466156,0.9715490341186523,0.07480976730585098
103.77400000000002,-0.471594899892807,0.9786388874053955,0.07603214681148529
103.79400000000001,-0.45814868807792664,0.9744827747344971,0.07040919363498688
103.81400000000001,-0.45741528272628784,0.955169141292572,0.06723099946975708
103.83400000000002,-0.4620603322982788,0.9356110095977783,0.07334291189908981
103.85400000000001,-0.4659719467163086,0.955169141292572,0.0804327204823494
103.87400000000001,-0.4640161395072937,0.9603031277656555,0.09070073068141937
103.89400000000002,-0.4527702331542969,0.9590807557106018,0.1031690239906311
103.91400000000002,-0.44225773215293884,0.9700822234153748,0.09803502261638641
103.93400000000001,-0.4261223077774048,0.9620144963264465,0.08263301104307175
103.95400000000001,-0.4146319031715393,0.9686153531074524,0.08336643874645233
103.97400000000002,-0.4153653383255005,0.9691042900085449,0.08874491602182388
103.99400000000001,-0.42881155014038086,0.9766830801963806,0.09314549714326859
104.01400000000001,-0.4405463933944702,0.9629923701286316,0.08752253651618958
104.03400000000002,-0.4405463933944702,0.9612810611724854,0.07701005041599274
104.05400000000002,-0.4290560185909271,0.9622589349746704,0.0728539526462555
104.07400000000001,-0.41878801584243774,0.9720380306243896,0.07358738780021667
104.09400000000001,-0.41609877347946167,0.9656816124916077,0.07065366953611374
104.11400000000002,-0.42123275995254517,0.9537022709846497,0.05525165796279907
104.13400000000001,-0.4246554374694824,0.9429453015327454,0.054029274731874466
104.15400000000001,-0.43198972940444946,0.9485682845115662,0.055496133863925934
104.18400000000001,-0.4385905861854553,0.9397671222686768,0.055740609765052795
104.20400000000001,-0.4420132637023926,0.9441677331924438,0.05354032292962074
104.22400000000002,-0.4473917484283447,0.9427008628845215,0.052562419325113297
104.24400000000001,-0.4432356357574463,0.9407450556755066,0.04840632155537605
104.26400000000001,-0.44861412048339844,0.9537022709846497,0.052073463797569275
104.28400000000002,-0.4576597511768341,0.9561470746994019,0.050606608390808105
104.30400000000002,-0.4559484124183655,0.9466124773025513,0.0430278405547142
104.32400000000001,-0.4569263160228729,0.9502795934677124,0.037893835455179214
104.34400000000001,-0.459615558385849,0.9571249485015869,0.0430278405547142
104.36400000000002,-0.46377167105674744,0.949546217918396,0.0386272668838501
104.38400000000001,-0.47697338461875916,0.9527243971824646,0.05085108429193497
104.40400000000001,-0.4767289161682129,0.9260764718055725,0.06283042579889297
104.42400000000002,-0.4615713655948639,0.9233872294425964,0.06796442717313766
104.44400000000002,-0.4493475556373596,0.937566876411438,0.06967576593160629
104.46400000000001,-0.4464138448238373,0.9507685899734497,0.07260947674512863
104.48400000000001,-0.4513033628463745,0.9517464637756348,0.0740763396024704
104.50400000000002,-0.45472604036331177,0.9387892484664917,0.06918681412935257
104.52400000000002,-0.45937108993530273,0.9292546510696411,0.06307490170001984
104.54400000000001,-0.4728172719478607,0.9461235404014587,0.06869785487651825
104.56400000000001,-0.47697338461875916,0.9446566700935364,0.0772545337677002
104.58400000000002,-0.46939462423324585,0.9417229294776917,0.06796442717313766
104.60400000000001,-0.459615558385849,0.9456345438957214,0.07040919363498688
104.62400000000001,-0.4429911673069,0.9519909620285034,0.0708981454372406
104.63400000000001,-0.4393240213394165,0.9463679790496826,0.06845337897539139
104.66400000000002,-0.4341900050640106,0.9392781853675842,0.0664975717663765
104.68400000000001,-0.4376126825809479,0.9407450556755066,0.064541757106781
104.70400000000001,-0.44225773215293884,0.9463679790496826,0.06209699437022209
104.72400000000002,-0.44152429699897766,0.9647037386894226,0.05280689522624016
104.74400000000001,-0.4393240213394165,0.9647037386894226,0.043516792356967926
104.76400000000001,-0.4381016492843628,0.9576138854026794,0.03911621868610382
104.78400000000002,-0.43834611773490906,0.9537022709846497,0.04473917558789253
104.80400000000002,-0.44616934657096863,0.9348776340484619,0.05182898789644241
104.82400000000001,-0.4520367980003357,0.9429453015327454,0.05842985212802887
104.84400000000001,-0.45056992769241333,0.9446566700935364,0.06600861996412277
104.86400000000002,-0.4432356357574463,0.9441677331924438,0.07334291189908981
104.88400000000001,-0.4432356357574463,0.949546217918396,0.07114262133836746
104.90400000000001,-0.4481251835823059,0.9546802043914795,0.06674204766750336
104.92400000000002,-0.45912662148475647,0.9610365629196167,0.06551966816186905
104.94400000000002,-0.47257280349731445,0.9742382764816284,0.06429728120565414
104.96400000000001,-0.4803960621356964,0.9676374197006226,0.06405280530452728
104.98400000000001,-0.4784402549266815,0.9600586891174316,0.06063013896346092
105.00400000000002,-0.47306177020072937,0.9590807557106018,0.06576414406299591
105.02400000000002,-0.46743881702423096,0.9590807557106018,0.0728539526462555
105.04400000000001,-0.46181583404541016,0.9603031277656555,0.07676557451486588
105.06400000000001,-0.45863765478134155,0.9664150476455688,0.0728539526462555
105.08400000000002,-0.45350363850593567,0.9634813666343689,0.06674204766750336
105.10400000000001,-0.4559484124183655,0.9617699980735779,0.059163279831409454
105.12400000000001,-0.4640161395072937,0.9534578323364258,0.059163279831409454
105.15400000000001,-0.46939462423324585,0.938544750213623,0.0569629929959774
105.17400000000002,-0.4679277539253235,0.9285212159156799,0.05182898789644241
105.19400000000002,-0.46279376745224,0.9324328303337097,0.04449469968676567
105.21400000000001,-0.4557039439678192,0.9277877807617188,0.043516792356967926
105.23400000000001,-0.4537481367588043,0.9304770231246948,0.039849646389484406
105.25400000000002,-0.4608379304409027,0.9446566700935364,0.03520459681749344
105.27400000000002,-0.4632827043533325,0.955169141292572,0.029581639915704727
105.29400000000001,-0.4647495746612549,0.9534578323364258,0.025425542145967484
105.31400000000001,-0.4684167206287384,0.9537022709846497,0.03324878588318825
105.33400000000002,-0.4720838665962219,0.9488127827644348,0.04376126825809479
105.35400000000001,-0.46866118907928467,0.947834849357605,0.04791736602783203
105.37400000000001,-0.4539926052093506,0.9429453015327454,0.05451823025941849
105.39400000000002,-0.4361458420753479,0.9461235404014587,0.07260947674512863
105.41400000000002,-0.43150079250335693,0.9405005574226379,0.0772545337677002
105.43400000000001,-0.4341900050640106,0.938544750213623,0.07603214681148529
105.45400000000001,-0.44079089164733887,0.9236316680908203,0.07212052494287491
105.47400000000002,-0.44665831327438354,0.9356110095977783,0.0677199512720108
105.49400000000001,-0.45423707365989685,0.9417229294776917,0.06600861996412277
105.51400000000001,-0.45668184757232666,0.9527243971824646,0.05720746889710426
105.53400000000002,-0.45863765478134155,0.9412339925765991,0.04742841422557831
105.55400000000002,-0.45790421962738037,0.9451456069946289,0.04033859819173813
105.57400000000001,-0.4647495746612549,0.9485682845115662,0.0493842251598835
105.59400000000001,-0.4696390926837921,0.9402561187744141,0.04791736602783203
105.61400000000002,-0.46621641516685486,0.9370778799057007,0.04082755371928215
105.64400000000002,-0.4544815719127655,0.9316993951797485,0.046939462423324585
105.66400000000002,-0.45986002683639526,0.9292546510696411,0.04718393832445145
105.68400000000001,-0.46694985032081604,0.9290101528167725,0.04278336465358734
105.70400000000001,-0.4708614647388458,0.9250985383987427,0.0386272668838501
105.72400000000002,-0.46743881702423096,0.9424563646316528,0.03740488365292549
105.74400000000001,-0.4720838665962219,0.952479898929596,0.04131650552153587
105.76400000000001,-0.4772178530693054,0.944901168346405,0.039605170488357544
105.78400000000002,-0.4752620458602905,0.9405005574226379,0.04033859819173813
105.80400000000002,-0.4703725278377533,0.9468569755554199,0.04962870106101036
105.82400000000001,-0.4659719467163086,0.9471014142036438,0.0493842251598835
105.84400000000001,-0.459615558385849,0.9434342980384827,0.04767289012670517
105.86400000000002,-0.4640161395072937,0.9475903511047363,0.05158451199531555
105.88400000000001,-0.4684167206287384,0.947834849357605,0.05329584702849388
105.90400000000001,-0.471594899892807,0.9571249485015869,0.052562419325113297
105.92400000000002,-0.4691501259803772,0.9517464637756348,0.05085108429193497
105.94400000000002,-0.4603489935398102,0.9424563646316528,0.04840632155537605
105.96400000000001,-0.459615558385849,0.9468569755554199,0.05354032292962074
105.98400000000001,-0.46279376745224,0.9581028819084167,0.050606608390808105
106.00400000000002,-0.46621641516685486,0.952479898929596,0.046939462423324585
106.02400000000002,-0.4623048007488251,0.9625034332275391,0.05500718206167221
106.04400000000001,-0.4615713655948639,0.9561470746994019,0.05965223163366318
106.06400000000001,-0.45741528272628784,0.9497906565666199,0.0493842251598835
106.08400000000002,-0.45619288086891174,0.9515020251274109,0.04547260329127312
106.10400000000001,-0.45545947551727295,0.9566360116004944,0.05622956156730652
106.13400000000001,-0.45497050881385803,0.9502795934677124,0.052317939698696136
106.15400000000001,-0.45790421962738037,0.9397671222686768,0.04058307781815529
106.17400000000002,-0.4583931863307953,0.9456345438957214,0.03349326178431511
106.19400000000002,-0.4583931863307953,0.952479898929596,0.0354490727186203
106.21400000000001,-0.4603489935398102,0.9512575268745422,0.03740488365292549
106.23400000000001,-0.4647495746612549,0.9395226836204529,0.032759834080934525
106.25400000000002,-0.4615713655948639,0.9417229294776917,0.025181064382195473
106.27400000000002,-0.45350363850593567,0.9493017196655273,0.023714207112789154
106.29400000000001,-0.45105889439582825,0.9292546510696411,0.024203160777688026
106.31400000000001,-0.46303823590278625,0.9321883916854858,0.022491825744509697
106.33400000000002,-0.47379517555236816,0.9380558133125305,0.03153745085000992
106.35400000000001,-0.46621641516685486,0.9483237862586975,0.029581639915704727
106.37400000000001,-0.46303823590278625,0.968859851360321,0.024447636678814888
106.39400000000002,-0.46572747826576233,0.9649481773376465,0.029092686250805855
106.41400000000002,-0.4786847233772278,0.9637258052825928,0.03667145594954491
106.43400000000001,-0.4899306297302246,0.9651926755905151,0.05842985212802887
106.45400000000001,-0.48137396574020386,0.9678819179534912,0.07065366953611374
106.47400000000002,-0.45423707365989685,0.9600586891174316,0.06845337897539139
106.49400000000001,-0.4337010681629181,0.956880509853363,0.06747547537088394
106.51400000000001,-0.44030192494392395,0.9576138854026794,0.06698652356863022
106.53400000000002,-0.46450507640838623,0.9590807557106018,0.0677199512720108
106.55400000000002,-0.4767289161682129,0.947834849357605,0.055496133863925934
106.57400000000001,-0.46743881702423096,0.9458790421485901,0.04253888875246048
106.59400000000001,-0.45668184757232666,0.9456345438957214,0.04278336465358734
106.61400000000002,-0.45472604036331177,0.9480793476104736,0.043272316455841064
106.63400000000001,-0.4601045250892639,0.9436787366867065,0.04058307781815529
106.65400000000001,-0.4539926052093506,0.9466124773025513,0.04058307781815529
106.67400000000002,-0.44470250606536865,0.9429453015327454,0.04058307781815529
106.69400000000002,-0.4432356357574463,0.9353665709495544,0.0354490727186203
106.71400000000001,-0.45937108993530273,0.9326773285865784,0.031048497185111046
106.73400000000001,-0.4676832854747772,0.9260764718055725,0.02982611581683159
106.75400000000002,-0.4659719467163086,0.9392781853675842,0.027625828981399536
106.77400000000002,-0.4723283350467682,0.9485682845115662,0.03667145594954491
106.79400000000001,-0.47501757740974426,0.9356110095977783,0.04767289012670517
106.81400000000001,-0.47770681977272034,0.938544750213623,0.04718393832445145
106.83400000000002,-0.46939462423324585,0.932921826839447,0.04547260329127312
106.85400000000001,-0.45301470160484314,0.9275433421134949,0.05867432802915573
106.87400000000001,-0.4515478312969208,0.9436787366867065,0.05720746889710426
106.89400000000002,-0.4588821232318878,0.9365889430046082,0.039605170488357544
106.91400000000002,-0.4676832854747772,0.9458790421485901,0.036182500422000885
106.93400000000001,-0.4679277539253235,0.9471014142036438,0.04400574415922165
106.95400000000001,-0.4620603322982788,0.9519909620285034,0.048650797456502914
106.97400000000002,-0.4564373791217804,0.9705711603164673,0.05451823025941849
106.99400000000001,-0.44861412048339844,0.9849952459335327,0.06527519226074219
107.01400000000001,-0.4337010681629181,0.9857286810874939,0.07872138917446136
107.03400000000002,-0.42392200231552124,0.9639703035354614,0.08458881825208664
107.05400000000002,-0.4253888726234436,0.9529688358306885,0.0836109146475792
107.07400000000001,-0.42587780952453613,0.9436787366867065,0.08287748694419861
107.10400000000001,-0.42049935460090637,0.9216758608818054,0.07652109861373901
107.12400000000001,-0.4107202887535095,0.9175198078155518,0.06992024183273315
107.14400000000002,-0.40411943197250366,0.9463679790496826,0.06038566306233406
107.16400000000002,-0.40411943197250366,0.9471014142036438,0.0462060309946537
107.18400000000001,-0.41169819235801697,0.9649481773376465,0.04058307781815529
107.20400000000001,-0.41316506266593933,0.956880509853363,0.045228127390146255
107.22400000000002,-0.4214772582054138,0.9625034332275391,0.055740609765052795
107.24400000000001,-0.4305228590965271,0.9700822234153748,0.06747547537088394
107.26400000000001,-0.4361458420753479,0.9522354602813721,0.07701005041599274
107.28400000000002,-0.44225773215293884,0.9515020251274109,0.08263301104307175
107.30400000000002,-0.4464138448238373,0.9519909620285034,0.08874491602182388
107.32400000000001,-0.46303823590278625,0.9669039845466614,0.08825596421957016
107.34400000000001,-0.4703725278377533,0.9857286810874939,0.07456529140472412
107.36400000000002,-0.47306177020072937,0.9999083280563354,0.061119090765714645
107.38400000000001,-0.4640161395072937,0.9962411522865295,0.04742841422557831
107.40400000000001,-0.4613268971443176,1.006020188331604,0.05109556019306183
107.42400000000002,-0.45619288086891174,0.9879289865493774,0.05965223163366318
107.44400000000002,-0.4185435175895691,0.9556580781936646,0.05622956156730652
107.46400000000001,-0.39605170488357544,0.9600586891174316,0.04204993322491646
107.48400000000001,-0.3872505724430084,0.9566360116004944,0.01589096337556839
107.50400000000002,-0.3923845589160919,0.942211925983429,-0.005867432802915573
107.52400000000002,-0.39482933282852173,0.9321883916854858,-0.01149038877338171
107.54400000000001,-0.40876448154449463,0.8908718824386597,-0.014668582007288933
107.56400000000001,-0.4209882915019989,0.8671576380729675,-0.009045625105500221
107.59400000000001,-0.46890565752983093,0.8808483481407166,0.01760229840874672
107.61400000000002,-0.48846375942230225,0.8947834968566895,0.05720746889710426
107.63400000000001,-0.4703725278377533,0.8891605138778687,0.0784769132733345
107.65400000000001,-0.4667053818702698,0.9224092960357666,0.0836109146475792
107.67400000000002,-0.4195214509963989,0.954191267490387,0.10292454808950424
107.69400000000002,-0.3786938786506653,0.9913516640663147,0.11783760786056519
107.71400000000001,-0.3872505724430084,1.020444393157959,0.12101580202579498
107.73400000000001,-0.4011857211589813,1.0441585779190063,0.12003789097070694
107.75400000000002,-0.43712374567985535,1.0346239805221558,0.09730159491300583
107.77400000000002,-0.46866118907928467,1.0407358407974243,0.08898939937353134
107.79400000000001,-0.47452861070632935,1.0138434171676636,0.09779054671525955
107.81400000000001,-0.47452861070632935,1.0106652975082397,0.09925740212202072
107.83400000000002,-0.44714727997779846,1.0013751983642578,0.09363444894552231
107.85400000000001,-0.40998685359954834,0.9686153531074524,0.08458881825208664
107.87400000000001,-0.3914066553115845,0.9483237862586975,0.07603214681148529
107.89400000000002,-0.38822847604751587,0.9275433421134949,0.0728539526462555
107.91400000000002,-0.40289703011512756,0.9319438934326172,0.06503070890903473
107.93400000000001,-0.42049935460090637,0.9412339925765991,0.05354032292962074
107.95400000000001,-0.4248999059200287,0.9409894943237305,0.039605170488357544
107.97400000000002,-0.41560980677604675,0.9451456069946289,0.020780490711331367
107.99400000000001,-0.4114537239074707,0.9400116205215454,0.011245912872254848
108.01400000000001,-0.407053142786026,0.9473459124565125,0.001955810934305191
108.03400000000002,-0.39091768860816956,0.9365889430046082,0.003667145501822233
108.05400000000002,-0.4097423851490021,0.9490572214126587,0.007334291003644466
108.08400000000002,-0.4121871590614319,0.9945298433303833,0.012223818339407444
108.10400000000001,-0.32833176851272583,0.9573694467544556,0.015402010641992092
108.12400000000001,-0.3234422206878662,0.944901168346405,0.029092686250805855
108.14400000000002,-0.3887174129486084,0.9471014142036438,0.04278336465358734
108.16400000000002,-0.48968616127967834,0.9429453015327454,0.025914493948221207
108.18400000000001,-0.5327140092849731,0.9268099069595337,0.007334291003644466
108.20400000000001,-0.498731791973114,0.8996729850769043,0.003667145501822233
108.22400000000002,-0.45937108993530273,0.9383002519607544,-0.0014668582007288933
108.24400000000001,-0.45814868807792664,0.9710600972175598,-0.0051340037025511265
108.26400000000001,-0.4613268971443176,0.9456345438957214,-0.008067719638347626
108.28400000000002,-0.46621641516685486,0.9544357061386108,-0.00660086190328002
108.30400000000002,-0.474773108959198,0.9779054522514343,0.010512483306229115
108.32400000000001,-0.4975093901157379,0.9620144963264465,0.03031506948173046
108.34400000000001,-0.4806405305862427,0.9197200536727905,0.07114262133836746
108.36400000000002,-0.3557130992412567,0.896983802318573,0.1760229766368866
108.38400000000001,-0.18017907440662384,0.9326773285865784,0.19411423802375793
108.40400000000001,-0.11245912313461304,1.00870943069458,0.06698652356863022
108.42400000000002,-0.05818537250161171,0.9903737306594849,0.01564648747444153
108.44400000000002,-0.13128380477428436,0.9686153531074524,0.04204993322491646
108.46400000000001,-0.37307092547416687,0.9810836315155029,0.05989670753479004
108.48400000000001,-0.7644776105880737,1.0378021001815796,-0.017113344743847847
108.50400000000002,-0.8862268328666687,1.0495370626449585,-0.039605170488357544
108.52400000000002,-0.8911163210868835,1.0651835203170776,-0.022002872079610825
108.54400000000001,-0.8109281063079834,0.9964856505393982,0.011979341506958008
108.57400000000001,-0.6820890307426453,0.9632368683815002,0.020536014810204506
108.59400000000001,-0.6019008159637451,0.983772873878479,0.00220028730109334
108.61400000000002,-0.4742841422557831,0.9937964081764221,-0.02126944437623024
108.63400000000001,-0.32270878553390503,1.0404913425445557,-0.020536014810204506
108.65400000000001,-0.31733033061027527,1.060538411140442,-0.027381353080272675
108.67400000000002,-0.32393118739128113,1.0265562534332275,-0.026892399415373802
108.69400000000002,-0.3728264570236206,0.9925740361213684,-0.041560981422662735
108.71400000000001,-0.4354124069213867,0.9314549565315247,-0.06723099946975708
108.73400000000001,-0.4664609134197235,0.9236316680908203,-0.0664975717663765
108.75400000000002,-0.4860190153121948,0.9162973761558533,-0.03911621868610382
108.77400000000002,-0.4975093901157379,0.9202090501785278,-0.020536014810204506
108.79400000000001,-0.48406320810317993,0.9231427311897278,-0.012223818339407444
108.81400000000001,-0.5185343623161316,0.9529688358306885,0.03153745085000992
108.83400000000002,-0.5290468335151672,1.0287564992904663,0.15230877697467804
108.85400000000001,-0.459615558385849,1.099165678024292,0.14864163100719452
108.87400000000001,-0.20413775742053986,1.1023439168930054,0.1366622895002365
108.89400000000002,-0.19044709205627441,1.0717843770980835,0.1285945624113083
108.91400000000002,-0.2386089265346527,0.9881734848022461,0.07578767091035843
108.93400000000001,-0.2943495512008667,0.8957613706588745,0.04082755371928215
108.95400000000001,-0.3195306062698364,0.8185068368911743,0.03349326178431511
108.97400000000002,-0.3486233055591583,0.7632551789283752,0.034471165388822556
108.99400000000001,-0.390428751707077,0.7197384238243103,0.036182500422000885
109.01400000000001,-0.42685574293136597,0.7055587768554688,0.03202640265226364
109.02400000000002,-0.43785715103149414,0.713626503944397,0.020536014810204506
109.05200000000002,-0.4354124069213867,0.7119151949882507,0.023714207112789154
109.07200000000002,-0.43516793847084045,0.7747455835342407,0.08067719638347626
109.09200000000001,-0.3366439640522003,0.8199737071990967,0.04840632155537605
109.11200000000001,-0.3119518458843231,0.8652018308639526,0.018824679777026176
109.13200000000002,-0.41194266080856323,0.9307215213775635,0.0215139202773571
109.15200000000002,-0.4664609134197235,0.9720380306243896,0.050606608390808105
109.17200000000001,-0.49408674240112305,1.0514928102493286,0.06160804256796837
109.19200000000001,-0.4532591700553894,1.0617607831954956,0.06845337897539139
109.21200000000002,-0.48455214500427246,1.0703175067901611,0.14081838726997375
109.23200000000001,-0.5126669406890869,1.1463496685028076,0.18286831676959991
109.25200000000001,-0.45179232954978943,1.1157901287078857,0.0728539526462555
109.27200000000002,-0.43467897176742554,1.0370687246322632,-0.014913057908415794
109.29200000000002,-0.4417687952518463,1.0466033220291138,-0.033004309982061386
109.31200000000001,-0.49213090538978577,1.0375577211380005,-0.03740488365292549
109.33200000000001,-0.5451822876930237,1.0248448848724365,-0.05476270616054535
109.35200000000002,-0.5789200067520142,1.0309568643569946,-0.07969929277896881
109.37200000000001,-0.5842984914779663,0.9830394387245178,-0.10414692759513855
109.39200000000001,-0.5478715300559998,0.9048070311546326,-0.07896586507558823
109.41200000000002,-0.5148672461509705,0.8842710256576538,-0.0462060309946537
109.43200000000002,-0.5263575911521912,0.9067628383636475,-0.02493658848106861
109.45200000000001,-0.5410261750221252,0.8383094668388367,0.005867432802915573
109.47200000000001,-0.5754973292350769,0.809461236000061,0.027381353080272675
109.49200000000002,-0.6146135926246643,0.8561562299728394,0.027625828981399536
109.51200000000001,-0.7001802921295166,0.8637349605560303,0.01149038877338171
109.54400000000001,-0.6368609070777893,0.8461326956748962,-0.019069155678153038
109.56400000000001,-0.46059346199035645,0.8160620927810669,-0.013690676540136337
109.58400000000002,-0.3055954575538635,0.8453992605209351,0.020536014810204506
109.60400000000001,-0.21171653270721436,0.9170308113098145,0.04987317696213722
109.62400000000001,-0.03740488365292549,1.0270452499389648,0.1361733376979828
109.64400000000002,-0.0728539526462555,1.1197017431259155,0.16868868470191956
109.66400000000002,-0.22394034266471863,1.0629832744598389,0.16355468332767487
109.68400000000001,-0.3322433829307556,1.038291096687317,0.1334840953350067
109.70400000000001,-0.38529473543167114,1.0082205533981323,0.11197017133235931
109.72400000000002,-0.3806496858596802,0.9727714657783508,0.10341349989175797
109.74400000000001,-0.277969628572464,0.952479898929596,0.12052685022354126
109.76400000000001,-0.23689758777618408,0.9830394387245178,0.11832655966281891
109.78400000000002,-0.23763102293014526,1.059071660041809,0.10536931455135345
109.80400000000002,-0.27259114384651184,1.0495370626449585,0.04742841422557831
109.82400000000001,-0.31806373596191406,0.9925740361213684,-0.0009779054671525955
109.84400000000001,-0.3493567109107971,0.9725269675254822,-0.029581639915704727
109.86400000000002,-0.33004307746887207,0.9429453015327454,-0.024447636678814888
109.88400000000001,-0.28505945205688477,0.9008954167366028,-0.01784677430987358
109.90400000000001,-0.21758396923542023,0.8864712715148926,-0.014179629273712635
109.92400000000002,-0.18189041316509247,0.9030956625938416,0.020536014810204506
109.94400000000002,-0.23689758777618408,0.8600678443908691,-0.03764935955405235
109.96400000000001,-0.32515355944633484,0.8224185109138489,0.13837362825870514
109.98400000000001,-0.29972800612449646,0.9571249485015869,0.21880634129047394
110.00400000000002,-0.2892155349254608,0.8649573922157288,-0.12126027792692184
110.03400000000002,-0.31317421793937683,0.750542402267456,-0.2679460942745209
110.05400000000002,-0.611190915107727,0.8960058689117432,-0.18849126994609833
110.07400000000001,-0.818751335144043,1.0615164041519165,-0.20853833854198456
110.09400000000001,-0.8725361227989197,1.0231335163116455,-0.19215841591358185
110.11400000000002,-0.8387984037399292,0.979127824306488,-0.1880023181438446
110.13400000000001,-0.92558753490448,1.00870943069458,-0.22076214849948883
110.15400000000001,-1.0089539289474487,1.0422027111053467,-0.23127463459968567
110.17400000000002,-0.9859731793403625,1.0241115093231201,-0.22125111520290375
110.19400000000002,-0.9043180346488953,0.9779054522514343,-0.22394034266471863
110.21400000000001,-0.7480976581573486,0.9698377251625061,-0.25596675276756287
110.23400000000001,-0.6082571744918823,0.9923295378684998,-0.28579285740852356
110.25400000000002,-0.41365399956703186,1.0246003866195679,-0.289948970079422
110.27400000000002,-0.1031690239906311,1.0620052814483643,-0.1640436351299286
110.29400000000001,-0.2310301661491394,1.1561287641525269,0.006845338270068169
110.31400000000001,-0.366470068693161,1.1333924531936646,0.1361733376979828
110.33400000000002,-0.22565168142318726,1.1360816955566406,0.21122758090496063
110.35400000000001,-0.07138709723949432,0.9867066144943237,0.20780490338802338
110.37400000000001,-0.05598508566617966,0.9121413230895996,0.1999816596508026
110.39400000000002,-0.09265653789043427,0.8757143020629883,0.07334291189908981
110.41400000000002,-0.2038932889699936,0.806771993637085,-0.05965223163366318
110.43400000000001,-0.4469027817249298,0.8028603792190552,-0.18262384831905365
110.45400000000001,-0.7314732670783997,0.8375760316848755,-0.19264736771583557
110.47400000000002,-0.8678910732269287,0.9106744527816772,-0.09338997304439545
110.49400000000001,-0.7483421564102173,0.9040735960006714,-0.15475353598594666
110.52400000000002,-0.5635179877281189,0.7537206411361694,-0.19044709205627441
110.54400000000001,-0.5818537473678589,0.7881917953491211,-0.15622039139270782
110.56400000000001,-0.5745194554328918,0.8114170432090759,-0.1298169493675232
110.58400000000002,-0.5997005105018616,0.8331754207611084,-0.13250619173049927
110.60400000000001,-0.6630198955535889,0.9057849049568176,-0.1493750512599945
110.62400000000001,-0.692357063293457,0.9693487882614136,-0.17797879874706268
110.64400000000002,-0.6764661073684692,1.0380465984344482,-0.15939858555793762
110.66400000000002,-0.5488494038581848,1.0664058923721313,-0.19704794883728027
110.68400000000001,-0.4151208698749542,1.0243560075759888,-0.23200806975364685
110.70400000000001,-0.3571799695491791,1.0118876695632935,-0.21831738948822021
110.72400000000002,-0.3620694875717163,1.029734492301941,-0.2026709020137787
110.74400000000001,-0.40363046526908875,1.0302233695983887,-0.20120404660701752
110.76400000000001,-0.45423707365989685,0.9999083280563354,-0.19924823939800262
110.78400000000002,-0.4077865779399872,0.9876844882965088,-0.15793173015117645
110.80400000000002,-0.3764936029911041,1.0135990381240845,-0.19460318982601166
110.82400000000001,-0.3689148426055908,1.0294899940490723,-0.22369587421417236
110.84400000000001,-0.39776304364204407,1.0612719058990479,-0.22736302018165588
110.86400000000002,-0.41560980677604675,1.1099226474761963,-0.23200806975364685
110.88400000000001,-0.40094122290611267,1.1047886610031128,-0.28261467814445496
110.90400000000001,-0.42392200231552124,1.080341100692749,-0.30730679631233215
110.92400000000002,-0.4569263160228729,1.0771628618240356,-0.2967942953109741
110.94400000000002,-0.4759954810142517,1.0441585779190063,-0.2664792239665985
110.96400000000001,-0.46890565752983093,1.0209332704544067,-0.25474438071250916
110.98400000000001,-0.4337010681629181,1.041713833808899,-0.24007578194141388
111.01400000000001,-0.39800751209259033,1.0456254482269287,-0.25229960680007935
111.03400000000002,-0.37624913454055786,1.0023530721664429,-0.24007578194141388
111.05400000000002,-0.3684258759021759,0.9686153531074524,-0.21220548450946808
111.07400000000001,-0.3696482479572296,0.935855507850647,-0.1792011708021164
111.09400000000001,-0.3608471155166626,0.902606725692749,-0.15426458418369293
111.11400000000002,-0.35742443799972534,0.8908718824386597,-0.1366622895002365
111.13400000000001,-0.36378082633018494,0.8979616761207581,-0.11734865605831146
111.15400000000001,-0.36549216508865356,0.9094520807266235,-0.09290102124214172
111.17400000000002,-0.3625584542751312,0.9055404663085938,-0.06992024183273315
111.19400000000002,-0.3552241623401642,0.9126302599906921,-0.05818537250161171
111.21400000000001,-0.3432448208332062,0.9272988438606262,-0.05182898789644241
111.23400000000001,-0.3249090909957886,0.9299880862236023,-0.03153745085000992
111.25400000000002,-0.32686489820480347,0.935855507850647,0.02664792351424694
111.27400000000002,-0.4006967544555664,1.0356018543243408,0.3569355010986328
111.29400000000001,-0.4261223077774048,1.2358280420303345,0.7075145840644836
111.31400000000001,-0.10047978162765503,1.210402488708496,0.6507960557937622
111.33400000000002,0.2703908681869507,1.2150474786758423,0.5637624859809875
111.35400000000001,0.5970112681388855,1.2923020124435425,0.13006141781806946
111.37400000000001,0.43516793847084045,1.2177367210388184,-0.26867952942848206
111.39400000000002,0.16477707028388977,1.1121230125427246,-0.2919047772884369
111.41400000000002,0.32442012429237366,1.249518632888794,-0.23151911795139313
111.43400000000001,-0.05354032292962074,1.3023256063461304,-0.7058032751083374
111.45400000000001,-0.7383186221122742,1.206979751586914,-0.9801057577133179
111.46400000000001,-1.25220787525177,1.1685969829559326,-0.9981969594955444
111.48400000000001,-1.560003638267517,1.1905999183654785,-0.9600586891174316
111.50400000000002,-1.4673471450805664,1.17104172706604,-0.9424563646316528
111.52400000000002,-1.16908597946167,1.0690951347351074,-0.5708522796630859
111.54400000000001,-0.8744919300079346,1.1600403785705566,-0.3354215621948242
111.56400000000001,-0.52269047498703,1.104299783706665,-0.38089418411254883
111.58400000000002,-0.3170858323574066,0.9759496450424194,-0.3102405071258545
111.60400000000001,-0.5151116847991943,0.8845154643058777,-0.4400574564933777
111.62400000000001,-0.6383277773857117,0.7595880627632141,-0.5138893127441406
111.64400000000002,-0.44665831327438354,0.7053142786026001,-0.5889435410499573
111.66400000000002,-0.4513033628463745,0.6908901929855347,-0.5158451199531555
111.68400000000001,-0.31733033061027527,0.728295087814331,-0.42514440417289734
111.70400000000001,-0.13079485297203064,0.7307398319244385,-0.4860190153121948
111.72400000000002,-0.20364880561828613,0.6999358534812927,-0.678666353225708
111.74400000000001,-0.4425022304058075,0.5886991024017334,-0.7216942310333252
111.76400000000001,-0.5762307643890381,0.5654738545417786,-0.6901567578315735
111.78400000000002,-0.5402927398681641,0.5874766707420349,-0.5314916372299194
111.80400000000002,-0.42758914828300476,0.5630290508270264,-0.45814868807792664
111.82400000000001,-0.3755156993865967,0.5236683487892151,-0.43956848978996277
111.84400000000001,-0.5180454254150391,0.5652293562889099,-0.4493475556373596
111.86400000000002,-0.7099593281745911,0.5070439577102661,-0.5009320378303528
111.88400000000001,-0.7632551789283752,0.46059346199035645,-0.5552058219909668
111.90400000000001,-0.9324328303337097,0.534669816493988,-0.4918864369392395
111.92400000000002,-0.9937964081764221,0.5388259291648865,-0.4173211455345154
111.94400000000002,-0.96714848279953,0.5175564885139465,-0.3302875757217407
111.95400000000001,-0.9197200536727905,0.5456712245941162,-0.31684136390686035
111.98000000000002,-0.9686153531074524,0.5708522796630859,-0.2765027582645416
112.00000000000001,-1.064939022064209,0.5952999591827393,-0.2210066318511963
112.02000000000001,-1.0957430601119995,0.6065458655357361,-0.23469731211662292
112.04000000000002,-1.1573511362075806,0.677688479423523,-0.16697736084461212
112.06000000000002,-1.0165326595306396,0.7121596336364746,-0.16575497388839722
112.08000000000001,-1.0006417036056519,0.7388075590133667,-0.19704794883728027
112.10000000000001,-1.08987557888031,0.7546985149383545,-0.17626745998859406
112.12000000000002,-1.1287473440170288,0.6960241794586182,-0.17700088024139404
112.14000000000001,-1.0030865669250488,0.6344161629676819,-0.18262384831905365
112.16000000000001,-0.8209516406059265,0.6258594989776611,-0.18335726857185364
112.18000000000002,-0.8857378363609314,0.6928460001945496,-0.20731595158576965
112.20000000000002,-0.9383002519607544,0.6889343857765198,-0.22002872824668884
112.22000000000001,-0.8598233461380005,0.6842893362045288,-0.2537664771080017
112.24000000000001,-0.695290744304657,0.6573969125747681,-0.3031506836414337
112.26000000000002,-0.7021360993385315,0.6129022240638733,-0.3623139560222626
112.28000000000002,-0.7886807322502136,0.5874766707420349,-0.42685574293136597
112.30000000000001,-0.8615347146987915,0.5838095545768738,-0.4046083688735962
112.32000000000001,-0.9334107637405396,0.6395501494407654,-0.26427894830703735
112.34000000000002,-0.6889343857765198,0.5598508715629578,-0.3742932975292206
112.36000000000001,-0.37771597504615784,0.5278244614601135,-0.3569355010986328
112.38000000000001,-0.2505882680416107,0.6199920773506165,-0.2936161160469055
112.40000000000002,-0.4134095311164856,0.6982244849205017,-0.27014636993408203
112.42000000000002,-0.6033676862716675,0.7603214979171753,-0.15866516530513763
112.44000000000001,-0.6226813197135925,0.8028603792190552,-0.14595238864421844
112.47200000000001,-0.6556856036186218,0.8299972414970398,-0.15915411710739136
112.49200000000002,-0.6852672696113586,0.9263209104537964,-0.15353114902973175
112.51200000000001,-0.6339272260665894,1.0703175067901611,-0.11954893916845322
112.53200000000001,-0.573541522026062,1.1742199659347534,-0.06283042579889297
112.55200000000002,-0.39727407693862915,1.217981219291687,-0.03838278725743294
112.57200000000002,-0.24472083151340485,1.2130917310714722,-0.01955810934305191
112.59200000000001,-0.145707905292511,1.1979341506958008,0.03936069458723068
112.61200000000001,-0.08116615563631058,1.1972007751464844,0.13250619173049927
112.63200000000002,-0.1361733376979828,1.20771324634552,0.1943587064743042
112.65200000000002,-0.1640436351299286,1.168352484703064,0.24007578194141388
112.67200000000001,-0.181645929813385,1.1918222904205322,0.24594321846961975
112.69200000000001,-0.1684442162513733,1.3167496919631958,0.21880634129047394
112.71200000000002,-0.11441493779420853,1.5098860263824463,0.15964306890964508
112.73200000000001,-0.0462060309946537,1.5680713653564453,0.0752987191081047
112.75200000000001,-0.02664792351424694,1.4367876052856445,0.023469731211662292
112.77200000000002,-0.06894233077764511,1.2935243844985962,0.0029337164014577866
112.79200000000002,-0.09974635392427444,1.2297160625457764,-0.01589096337556839
112.81200000000001,-0.053784798830747604,1.177642583847046,-0.027381353080272675
112.83200000000001,0.03716040775179863,1.1096781492233276,-0.005378480069339275
112.85200000000002,0.050117652863264084,1.1062555313110352,0.008556672371923923
112.87200000000001,-0.01955810934305191,1.1065000295639038,0.011734865605831146
112.89200000000001,-0.10512483865022659,1.1236133575439453,-0.014668582007288933
112.91200000000002,-0.18775784969329834,1.1157901287078857,-0.06209699437022209
112.93200000000002,-0.27430248260498047,1.0935428142547607,-0.13323961198329926
112.95400000000001,-0.31757479906082153,1.0522263050079346,-0.1620878279209137
112.97400000000002,-0.34031111001968384,0.9732604026794434,-0.11368151009082794
112.99400000000001,-0.3874950408935547,0.9779054522514343,-0.04107202962040901
113.01400000000001,-0.40094122290611267,0.9656816124916077,0.05500718206167221
113.03400000000002,-0.4033859968185425,1.0096874237060547,0.17040002346038818
113.05400000000002,-0.42587780952453613,1.0754514932632446,0.27259114384651184
113.07400000000001,-0.42392200231552124,1.1365705728530884,0.33591052889823914
113.09400000000001,-0.39165112376213074,1.1365705728530884,0.3672035038471222
113.11400000000002,-0.36573663353919983,1.099165678024292,0.3811386525630951
113.13400000000001,-0.2855483889579773,1.0969654321670532,0.39165112376213074
113.15400000000001,-0.25034379959106445,1.087186336517334,0.40680867433547974
113.17400000000002,-0.2684350311756134,1.0788742303848267,0.43516793847084045
113.19400000000002,-0.21953977644443512,1.101610541343689,0.4767289161682129
113.21400000000001,-0.2107386291027069,1.0928093194961548,0.4911530017852783
113.23400000000001,-0.19093604385852814,1.0495370626449585,0.4571707844734192
113.25400000000002,-0.17748983204364777,1.0268007516860962,0.35864681005477905
113.27400000000002,-0.15230877697467804,1.0162882804870605,0.25914493203163147
113.29400000000001,-0.10610274225473404,1.0390245914459229,0.19093604385852814
113.31400000000001,-0.059163279831409454,1.0517373085021973,0.13372856378555298
113.33400000000002,0.032515354454517365,1.0698285102844238,0.061119090765714645
113.35400000000001,0.18629099428653717,1.059071660041809,-0.006845338270068169
113.37400000000001,0.22149558365345,1.0756959915161133,-0.04840632155537605
113.39400000000002,0.15426458418369293,1.1685969829559326,-0.06674204766750336
113.41400000000002,0.09803502261638641,1.2270268201828003,-0.08972282707691193
113.44400000000002,0.12394951283931732,1.2118693590164185,-0.1373957097530365
113.46400000000001,0.08898939937353134,1.1920667886734009,-0.1525532454252243
113.48400000000001,0.0215139202773571,1.2052685022354126,-0.157687246799469
113.50400000000002,0.020047061145305634,1.2172478437423706,-0.144974485039711
113.52400000000002,0.11857103556394577,1.137548565864563,-0.10365797579288483
113.54400000000001,0.19166946411132812,1.0913424491882324,-0.07236500084400177
113.56400000000001,0.17895670235157013,1.0744736194610596,-0.043516792356967926
113.58400000000002,0.18580204248428345,1.0304678678512573,-0.012468294240534306
113.60400000000001,0.19044709205627441,0.9622589349746704,0.01320172380656004
113.62400000000001,0.1987592875957489,0.9006509184837341,0.059163279831409454
113.64400000000002,0.157687246799469,0.8566451668739319,0.09485682845115662
113.66400000000002,0.07187604904174805,0.8529780507087708,0.12737219035625458
113.68400000000001,0.001955810934305191,0.8466216325759888,0.1672218292951584
113.70400000000001,-0.05182898789644241,0.8356202244758606,0.2082938551902771
113.72400000000002,-0.12492742389440536,0.8488219380378723,0.24789902567863464
113.74400000000001,-0.18971365690231323,0.8757143020629883,0.28701525926589966
113.76400000000001,-0.19289185106754303,0.9708156585693359,0.3197750747203827
113.78400000000002,-0.1633102148771286,1.0734957456588745,0.34471166133880615
113.80400000000002,-0.09730159491300583,1.1363260746002197,0.36573663353919983
113.82400000000001,-0.07187604904174805,1.1798429489135742,0.3625584542751312
113.84400000000001,-0.014424105174839497,1.17104172706604,0.3564465343952179
113.86400000000002,0.009045625105500221,1.1316810846328735,0.3341991901397705
113.88400000000001,-0.012957246974110603,1.0810744762420654,0.30804020166397095
113.90400000000001,-0.06869785487651825,1.0231335163116455,0.2664792239665985
113.92400000000002,-0.16551049053668976,0.9757051467895508,0.22491824626922607
113.94400000000002,-0.30608439445495605,1.053937554359436,0.19973719120025635
113.96400000000001,-0.4537481367588043,1.1866883039474487,0.16062097251415253
113.98400000000001,-0.60679030418396,1.152217149734497,0.08898939937353134
114.00400000000002,-0.7018916606903076,1.0488035678863525,0.001955810934305191
114.02400000000002,-0.7348959445953369,1.0018640756607056,-0.0955902561545372
114.04400000000001,-0.7363628149032593,0.9241206645965576,-0.11245912313461304
114.06400000000001,-0.7524982690811157,0.9693487882614136,-0.07749900966882706
114.08400000000002,-0.7517648339271545,1.12654709815979,-0.0880114883184433
114.10400000000001,-0.6749992370605469,1.2338721752166748,-0.12566085159778595
114.12400000000001,-0.537603497505188,1.2262934446334839,-0.1505974382162094
114.14400000000002,-0.4576597511768341,1.2243375778198242,-0.14717477560043335
114.16400000000002,-0.4444580376148224,1.2475628852844238,-0.13495095074176788
114.18400000000001,-0.4559484124183655,1.2079577445983887,-0.12321608513593674
114.20400000000001,-0.4469027817249298,1.1546618938446045,-0.10732512176036835
114.22400000000002,-0.4334565997123718,1.0891422033309937,-0.09363444894552231
114.24400000000001,-0.4772178530693054,1.0243560075759888,-0.06943129003047943
114.26400000000001,-0.4904195964336395,1.0011307001113892,-0.038138311356306076
114.28400000000002,-0.5197567343711853,0.9757051467895508,0.02640344761312008
114.30400000000002,-0.4918864369392395,0.9869510531425476,0.07114262133836746
114.32400000000001,-0.41438743472099304,0.9815725684165955,0.20340433716773987
114.34400000000001,-0.371115118265152,1.0972099304199219,0.48773035407066345
114.36400000000002,-0.28383705019950867,1.2610090970993042,0.637105405330658
114.38400000000001,-0.21685053408145905,1.3363077640533447,0.44421353936195374
114.39400000000002,-0.18384622037410736,1.2287381887435913,0.2114720493555069
114.42400000000002,-0.05989670753479004,1.065672516822815,0.08678910881280899
114.44400000000002,0.029337164014577866,0.9429453015327454,0.07749900966882706
114.46400000000001,-0.02469211257994175,0.9585918188095093,0.1366622895002365
114.48400000000001,-0.24105370044708252,1.0248448848724365,0.26036733388900757
114.50400000000002,-0.27308011054992676,0.964459240436554,0.30852916836738586
114.52400000000002,-0.06185251846909523,0.9101855158805847,0.2669681906700134
114.54400000000001,-0.11734865605831146,0.9439232349395752,0.15230877697467804
114.56400000000001,-0.0880114883184433,0.995752215385437,0.07921034097671509
114.58400000000002,-0.21000519394874573,1.0749626159667969,-0.0002444763667881489
114.60400000000001,-0.28701525926589966,1.1050331592559814,-0.039849646389484406
114.62400000000001,-0.4107202887535095,1.1199462413787842,-0.07456529140472412
114.64400000000002,-0.531980574131012,1.1321700811386108,-0.10585826635360718
114.66400000000002,-0.737585186958313,1.0825413465499878,-0.11783760786056519
114.68400000000001,-0.9483237862586975,1.077896237373352,-0.10096874088048935
114.70400000000001,-1.0030865669250488,1.017755150794983,-0.09485682845115662
114.72400000000002,-0.8700913786888123,0.949546217918396,-0.0804327204823494
114.74400000000001,-0.7238945364952087,0.9458790421485901,-0.07701005041599274
114.76400000000001,-0.6102129817008972,0.9121413230895996,-0.05329584702849388
114.78400000000002,-0.5420041084289551,0.8930721282958984,-0.03838278725743294
114.80400000000002,-0.48724138736724854,0.9104299545288086,-0.027625828981399536
114.82400000000001,-0.4911530017852783,0.9392781853675842,-0.01931363344192505
114.84400000000001,-0.4962870180606842,0.9453901052474976,-0.029092686250805855
114.86400000000002,-0.46377167105674744,0.9429453015327454,-0.04033859819173813
114.88400000000001,-0.43516793847084045,0.9390336871147156,-0.04816184192895889
114.91400000000002,-0.4349234402179718,0.9402561187744141,-0.031048497185111046
114.93400000000001,-0.4679277539253235,0.9392781853675842,-0.030559545382857323
114.95400000000001,-0.4698835611343384,0.9299880862236023,-0.02982611581683159
114.97400000000002,-0.47892919182777405,0.9297435879707336,-0.04033859819173813
114.99400000000001,-0.48528558015823364,0.9307215213775635,-0.0430278405547142
115.01400000000001,-0.4982428252696991,0.932921826839447,-0.025670018047094345
115.03400000000002,-0.48846375942230225,0.9277877807617188,-0.016868868842720985
115.05400000000002,-0.47306177020072937,0.9368334412574768,-0.0009779054671525955
115.07400000000001,-0.46939462423324585,0.9703266620635986,0.02469211257994175
115.09400000000001,-0.4576597511768341,0.9693487882614136,0.04204993322491646
115.11400000000002,-0.43590134382247925,0.976438581943512,0.05134003609418869
115.13400000000001,-0.4241665005683899,1.0023530721664429,0.07603214681148529
115.15400000000001,-0.42710021138191223,1.029000997543335,0.10512483865022659
115.17400000000002,-0.4121871590614319,1.0236225128173828,0.12810561060905457
115.19400000000002,-0.4097423851490021,1.0123766660690308,0.13128380477428436
115.21400000000001,-0.38382789492607117,1.029000997543335,0.11954893916845322
115.23400000000001,-0.36182501912117004,1.0475811958312988,0.12957246601581573
115.25400000000002,-0.3804052174091339,1.0734957456588745,0.23078568279743195
115.27400000000002,-0.3862726390361786,1.0935428142547607,0.29410505294799805
115.29400000000001,-0.36304739117622375,1.0265562534332275,0.25229960680007935
115.31400000000001,-0.35986921191215515,0.9840173721313477,0.22516272962093353
115.33400000000002,-0.3334657549858093,0.9453901052474976,0.20120404660701752
115.35400000000001,-0.3596247434616089,0.9414784908294678,0.19215841591358185
115.37400000000001,-0.4031415283679962,0.9915961027145386,0.20804938673973083
115.40400000000001,-0.4469027817249298,0.9695932269096375,0.11881551146507263
115.42400000000002,-0.4417687952518463,0.9204534888267517,0.10121321678161621
115.44400000000002,-0.44030192494392395,0.8737584948539734,0.09143415838479996
115.46400000000001,-0.45741528272628784,0.8365980982780457,0.08703358471393585
115.48400000000001,-0.5366256237030029,0.8216850757598877,0.09314549714326859
115.50400000000002,-0.5693854689598083,0.8097057342529297,0.0804327204823494
115.52400000000002,-0.5583840012550354,0.7896586656570435,0.04913974925875664
115.54400000000001,-0.5385814309120178,0.7906365394592285,0.01589096337556839
115.56400000000001,-0.4576597511768341,0.8001711368560791,0.027625828981399536
115.58400000000002,-0.41169819235801697,0.8324419856071472,0.025914493948221207
115.60400000000001,-0.4014301896095276,0.8659352660179138,0.018580203875899315
115.62400000000001,-0.4050973355770111,0.8581120371818542,0.027381353080272675
115.64400000000002,-0.44421353936195374,0.8622681498527527,0.11979341506958008
115.66400000000002,-0.4962870180606842,0.8532224893569946,0.20340433716773987
115.68400000000001,-0.5085108280181885,0.8678910732269287,0.22125111520290375
115.70400000000001,-0.459615558385849,0.9221648573875427,0.23225253820419312
115.72400000000002,-0.423677533864975,0.9593252539634705,0.2652568519115448
115.74400000000001,-0.4197659194469452,0.9876844882965088,0.28530392050743103
115.76400000000001,-0.4002078175544739,1.0637166500091553,0.30363965034484863
115.78400000000002,-0.46866118907928467,1.1404821872711182,0.3234422206878662
115.80400000000002,-0.5327140092849731,1.1629739999771118,0.3266204297542572
115.82400000000001,-0.5222015380859375,1.1241023540496826,0.2735690474510193
115.84400000000001,-0.4696390926837921,1.0497814416885376,0.2158726304769516
115.85400000000001,-0.438835084438324,1.003330945968628,0.15230877697467804
115.88400000000001,-0.38382789492607117,0.978149950504303,0.1190599873661995
115.90400000000001,-0.4151208698749542,0.9414784908294678,0.09779054671525955
115.92400000000002,-0.41609877347946167,0.8762032985687256,0.02860373444855213
115.94400000000002,-0.42563334107398987,0.9610365629196167,0.08116615563631058
115.96400000000001,-0.44348013401031494,0.9590807557106018,0.09094520658254623
115.98400000000001,-0.45301470160484314,0.7754790186882019,0.060874614864587784
116.00400000000002,-0.48015156388282776,0.7864804863929749,0.05525165796279907
116.02400000000002,-0.5121780037879944,0.8050606846809387,0.06356385350227356
116.04400000000001,-0.5021544694900513,0.8082388639450073,0.06845337897539139
116.06400000000001,-0.4620603322982788,0.8542004227638245,0.04547260329127312
116.08400000000002,-0.45228126645088196,0.8857378363609314,0.006111909169703722
116.10400000000001,-0.4469027817249298,0.9566360116004944,-0.007578767370432615
116.12400000000001,-0.4305228590965271,1.050270438194275,-0.009290101937949657
116.14400000000002,-0.4011857211589813,1.0937871932983398,-0.01589096337556839
116.16400000000002,-0.38333892822265625,1.0788742303848267,-0.011734865605831146
116.18400000000001,-0.3828499913215637,1.0461143255233765,0.0012223818339407444
116.20400000000001,-0.40094122290611267,1.00870943069458,0.016868868842720985
116.22400000000002,-0.41609877347946167,0.9886624217033386,0.04278336465358734
116.24400000000001,-0.4341900050640106,0.9747272729873657,0.07994376868009567
116.26400000000001,-0.4229440987110138,0.9713045954704285,0.13959600031375885
116.28400000000002,-0.3999633193016052,1.016043782234192,0.2633010447025299
116.30400000000002,-0.32001957297325134,1.005042314529419,0.27136877179145813
116.32400000000001,-0.24032026529312134,0.9343886375427246,0.18531307578086853
116.34400000000001,-0.21733948588371277,0.9101855158805847,0.1310393363237381
116.36400000000002,-0.24716560542583466,0.9290101528167725,0.13641780614852905
116.38400000000001,-0.31610792875289917,0.9510130286216736,0.18213489651679993
116.40400000000001,-0.36940377950668335,0.9693487882614136,0.21489472687244415
116.42400000000002,-0.4170766770839691,0.9632368683815002,0.21000519394874573
116.44400000000002,-0.4493475556373596,0.9681264162063599,0.17871221899986267
116.46400000000001,-0.4469027817249298,0.9908626675605774,0.1334840953350067
116.48400000000001,-0.42881155014038086,0.9945298433303833,0.10561379045248032
116.50400000000002,-0.41609877347946167,0.9940409064292908,0.07994376868009567
116.52400000000002,-0.41365399956703186,0.9830394387245178,0.06869785487651825
116.54400000000001,-0.42074382305145264,0.961525559425354,0.052073463797569275
116.56400000000001,-0.4151208698749542,0.9405005574226379,0.029092686250805855
116.58400000000002,-0.431011825799942,0.9427008628845215,0.026158969849348068
116.60400000000001,-0.44103536009788513,0.9666595458984375,0.020047061145305634
116.62400000000001,-0.4381016492843628,0.979127824306488,0.018580203875899315
116.64400000000002,-0.4735507071018219,0.9823060035705566,0.018091250211000443
116.66400000000002,-0.5063105225563049,0.9849952459335327,0.006845338270068169
116.68400000000001,-0.5270910263061523,0.9573694467544556,-0.016379917040467262
116.70400000000001,-0.5014210343360901,0.9324328303337097,-0.001955810934305191
116.72400000000002,-0.5099776983261108,0.9500351548194885,-0.01149038877338171
116.74400000000001,-0.5067995190620422,0.9583473205566406,-0.008312196470797062
116.76400000000001,-0.5412706732749939,0.9683708548545837,0.014179629273712635
116.78400000000002,-0.567918598651886,0.9519909620285034,0.03373773768544197
116.80400000000002,-0.5916327834129333,0.9214314222335815,0.027381353080272675
116.82400000000001,-0.5999450087547302,0.9023622274398804,0.03398221358656883
116.83400000000002,-0.5913883447647095,0.8974727392196655,0.04718393832445145
116.86400000000002,-0.5786755681037903,0.8879381418228149,0.04596155509352684
116.88400000000001,-0.5588729381561279,0.8669131994247437,0.04913974925875664
116.90400000000001,-0.5483604669570923,0.8710692524909973,0.04425022006034851
116.92400000000002,-0.5444488525390625,0.8784035444259644,0.03324878588318825
116.94400000000002,-0.5354032516479492,0.889649510383606,0.034226689487695694
116.96400000000001,-0.534669816493988,0.8972282409667969,0.037893835455179214
116.98400000000001,-0.5363811254501343,0.9084741473197937,0.04987317696213722
117.00400000000002,-0.5444488525390625,0.9356110095977783,0.07309843599796295
117.02400000000002,-0.5576505661010742,0.9387892484664917,0.08630015701055527
117.04400000000001,-0.5402927398681641,0.9500351548194885,0.08678910881280899
117.06400000000001,-0.5253797173500061,0.9532133340835571,0.07578767091035843
117.08400000000002,-0.5204901695251465,0.9515020251274109,0.06258594989776611
117.10400000000001,-0.5036212801933289,0.9400116205215454,0.05818537250161171
117.12400000000001,-0.5138893127441406,0.9253430366516113,0.052562419325113297
117.14400000000002,-0.5077773928642273,0.9048070311546326,0.04767289012670517
117.16400000000002,-0.5038657784461975,0.874002993106842,0.04058307781815529
117.18400000000001,-0.5134003758430481,0.8630015850067139,0.04253888875246048
117.20400000000001,-0.5280689597129822,0.8693579435348511,0.04009412229061127
117.22400000000002,-0.5290468335151672,0.8735140562057495,0.03324878588318825
117.24400000000001,-0.5390703678131104,0.8881826400756836,0.01931363344192505
117.26400000000001,-0.5454267859458923,0.8947834968566895,0.00880114920437336
117.28400000000002,-0.5596063733100891,0.9055404663085938,0.010268007405102253
117.30400000000002,-0.5642514228820801,0.9236316680908203,0.009290101937949657
117.32400000000001,-0.5625401139259338,0.9341441988945007,0.00880114920437336
117.34400000000001,-0.5554503202438354,0.9632368683815002,0.012712771072983742
117.36400000000002,-0.6148580312728882,1.0089539289474487,0.020780490711331367
117.38400000000001,-0.6239036917686462,0.9759496450424194,0.0569629929959774
117.40400000000001,-0.5874766707420349,0.9155640006065369,0.09925740212202072
117.42400000000002,-0.5571616291999817,0.8842710256576538,0.13201723992824554
117.44400000000002,-0.5156006217002869,0.8747364282608032,0.1513308733701706
117.46400000000001,-0.4894416630268097,0.8925831913948059,0.13030590116977692
117.48400000000001,-0.48773035407066345,0.92558753490448,0.07040919363498688
117.50400000000002,-0.5170674920082092,0.9488127827644348,0.010023530572652817
117.52400000000002,-0.5380924940109253,0.9673929810523987,-0.02640344761312008
117.54400000000001,-0.5681630373001099,0.9771720170974731,-0.048895273357629776
117.56400000000001,-0.5796534419059753,0.956880509853363,-0.05891880393028259
117.58400000000002,-0.5488494038581848,0.919231116771698,-0.053784798830747604
117.60400000000001,-0.5138893127441406,0.8881826400756836,-0.03911621868610382
117.62400000000001,-0.49677595496177673,0.8744919300079346,-0.02664792351424694
117.64400000000002,-0.49530911445617676,0.8688690066337585,-0.029092686250805855
117.66400000000002,-0.4874858558177948,0.8764477372169495,-0.03031506948173046
117.68400000000001,-0.4576597511768341,0.8940500617027283,-0.027381353080272675
117.70400000000001,-0.44348013401031494,0.9077407121658325,-0.03324878588318825
117.72400000000002,-0.4405463933944702,0.9155640006065369,-0.03740488365292549
117.74400000000001,-0.4481251835823059,0.9155640006065369,-0.041560981422662735
117.76400000000001,-0.4698835611343384,0.9221648573875427,-0.03911621868610382
117.78400000000002,-0.488219290971756,0.9224092960357666,-0.02982611581683159
117.80400000000002,-0.49848729372024536,0.9094520807266235,-0.01760229840874672
117.83000000000001,-0.5102221965789795,0.9158084392547607,-0.010512483306229115
117.85000000000001,-0.5212236046791077,0.9390336871147156,-0.007334291003644466
117.87000000000002,-0.5266020894050598,0.9632368683815002,0.002444763667881489
117.89000000000001,-0.5165785551071167,0.9796167612075806,0.01784677430987358
117.91000000000001,-0.5148672461509705,0.9810836315155029,0.03153745085000992
117.93000000000002,-0.5168230533599854,0.96714848279953,0.03153745085000992
117.95000000000002,-0.47892919182777405,0.9402561187744141,0.014179629273712635
117.97000000000001,-0.42881155014038086,0.932921826839447,-0.0029337164014577866
117.99000000000001,-0.3943403661251068,0.9417229294776917,-0.020780490711331367
118.01000000000002,-0.3708706498146057,0.9453901052474976,-0.034471165388822556
118.03000000000002,-0.38847294449806213,0.9600586891174316,-0.04473917558789253
118.05000000000001,-0.39165112376213074,0.9788833260536194,-0.0601411834359169
118.07000000000001,-0.4153653383255005,1.0138434171676636,-0.04645051062107086
118.09000000000002,-0.4855300486087799,1.0947651863098145,0.17015555500984192
118.11000000000001,-0.532958447933197,1.320416808128357,0.46377167105674744
118.13000000000001,-0.18751336634159088,1.464902400970459,0.2530330419540405
118.15000000000002,0.04449469968676567,1.2847232818603516,0.09656815975904465
118.17000000000002,-0.04547260329127312,1.2184702157974243,0.4354124069213867
118.19000000000001,0.26036733388900757,1.1693304777145386,0.24716560542583466
118.21000000000001,0.26036733388900757,0.8669131994247437,-0.02860373444855213
118.23000000000002,-0.05671851709485054,0.6400391459465027,-0.1285945624113083
118.25000000000001,-0.27430248260498047,0.6691318154335022,0.09021177887916565
118.27000000000001,-0.4129205644130707,0.8798704147338867,0.11954893916845322
118.29000000000002,-0.6009228825569153,0.9977080225944519,0.057696420699357986
118.32200000000002,-0.7637441754341125,0.9673929810523987,0.012712771072983742
118.34200000000001,-0.7703450322151184,0.9603031277656555,0.0007334291003644466
118.36200000000001,-0.6972466111183167,1.0043089389801025,0.09754607081413269
118.38200000000002,-0.572563648223877,0.9774165153503418,0.03667145594954491
118.40200000000002,-0.46499404311180115,0.8659352660179138,-0.013935152441263199
118.42200000000001,-0.39018428325653076,0.8671576380729675,-0.04596155509352684
118.44200000000001,-0.38456133008003235,0.9632368683815002,0.029092686250805855
118.46200000000002,-0.39482933282852173,1.1817986965179443,0.18849126994609833
118.48200000000001,-0.2931271493434906,1.336796760559082,0.18971365690231323
118.50200000000001,-0.17969012260437012,1.4270085096359253,0.20022614300251007
118.52200000000002,-0.1334840953350067,1.3996272087097168,-0.06747547537088394
118.54200000000002,-0.2166060507297516,1.133147954940796,-0.1202823668718338
118.56200000000001,-0.1501084864139557,1.0321792364120483,-0.04962870106101036
118.58200000000001,-0.21929529309272766,1.0610274076461792,-0.10414692759513855
118.60200000000002,-0.6468844413757324,1.0764293670654297,-0.2879931628704071
118.62200000000001,-0.9326773285865784,0.9903737306594849,-0.2943495512008667
118.64200000000001,-0.9057849049568176,0.889649510383606,-0.28016990423202515
118.66200000000002,-0.919231116771698,0.8847599625587463,-0.29654982686042786
118.68200000000002,-0.895272433757782,0.8358646631240845,-0.28334811329841614
118.70200000000001,-0.8441768884658813,0.7776793241500854,-0.17040002346038818
118.72200000000001,-0.7202273607254028,0.7576322555541992,-0.1784677505493164
118.74200000000002,-0.6996913552284241,0.7312288284301758,-0.2784585654735565
118.76200000000001,-0.9167863726615906,0.7593435645103455,-0.23665311932563782
118.78200000000001,-0.9683708548545837,0.7031140327453613,-0.32955414056777954
118.80400000000002,-0.9864621162414551,0.6617975234985352,-0.24838797748088837
118.82400000000001,-1.1179903745651245,0.6466400027275085,-0.2298077791929245
118.84400000000001,-1.2468293905258179,0.5757418274879456,-0.2031598538160324
118.86400000000002,-1.2810561656951904,0.5268465876579285,-0.17700088024139404
118.88400000000001,-1.208691120147705,0.5459157228469849,-0.1202823668718338
118.90400000000001,-1.184732437133789,0.6268373727798462,-0.07969929277896881
118.92400000000002,-1.195000410079956,0.6309934854507446,-0.13055038452148438
118.94400000000002,-1.2319164276123047,0.5899214744567871,-0.1202823668718338
118.96400000000001,-1.296458125114441,0.5967668294906616,-0.11954893916845322
118.98400000000001,-1.2294716835021973,0.5759863257408142,-0.11808208376169205
119.00400000000002,-1.0727622509002686,0.5754973292350769,-0.20976072549819946
119.02400000000002,-0.9299880862236023,0.5737860202789307,-0.16477707028388977
119.04400000000001,-0.923876166343689,0.6089906096458435,0.0034226691350340843
119.06400000000001,-0.8199737071990967,0.5596063733100891,-0.02982611581683159
119.08400000000002,-0.7011582255363464,0.4791736602783203,-0.11245912313461304
119.10400000000001,-0.5955443978309631,0.4178101122379303,-0.19142499566078186
119.12400000000001,-0.513644814491272,0.3855392336845398,-0.28457048535346985
119.14400000000002,-0.4879748225212097,0.3444671928882599,-0.3082846999168396
119.16400000000002,-0.42123275995254517,0.3442227244377136,-0.21831738948822021
119.18400000000001,-0.39776304364204407,0.30339515209198,-0.18140146136283875
119.20400000000001,-0.41487640142440796,0.25156617164611816,-0.157687246799469
119.22400000000002,-0.40167465806007385,0.24520979821681976,-0.20927175879478455
119.24400000000001,-0.3209974765777588,0.2317635864019394,-0.3209974765777588
119.26400000000001,-0.20927175879478455,0.1589096337556839,-0.3676924407482147
119.27400000000002,-0.1936252862215042,0.12419398874044418,-0.39165112376213074
119.30400000000002,-0.17382268607616425,0.12003789097070694,-0.40925341844558716
119.32400000000001,-0.16575497388839722,0.06405280530452728,-0.4488585889339447
119.34400000000001,-0.37942731380462646,-0.03887174278497696,-0.5972557663917542
119.36400000000002,-0.8412431478500366,-0.1963145136833191,-1.125569224357605
119.38400000000001,-0.7319622039794922,-0.4349234402179718,-0.7512758374214172
119.40400000000001,0.5097332000732422,-0.7730342745780945,-0.4451914429664612
119.42400000000002,-0.10268007218837738,-0.9216758608818054,-1.2810561656951904
119.44400000000002,-1.0155547857284546,-0.4691501259803772,-2.704397439956665
119.46400000000001,1.4006050825119019,0.11759313195943832,-2.9395837783813477
119.48400000000001,0.20780490338802338,1.8093695640563965,-4.528924465179443
119.50400000000002,5.4144182205200195,7.521804332733154,7.276350021362305
119.52400000000002,-5.220792770385742,3.8351006507873535,6.415304183959961
119.54400000000001,1.383736252784729,-3.2627816200256348,0.7378296852111816
119.56400000000001,-0.9898847937583923,-2.2139780521392822,0.08776701241731644
119.58400000000002,-2.319836139678955,0.18384622037410736,2.3063900470733643
119.60400000000001,0.5217125415802002,1.6421477794647217,0.2777251601219177
119.62400000000001,-1.029000997543335,-0.30657336115837097,0.6053234934806824
119.64400000000002,-0.6170583367347717,1.3856920003890991,1.1852214336395264
119.66400000000002,-0.46939462423324585,0.8175289630889893,1.3189499378204346
119.68400000000001,-0.43516793847084045,0.7077590823173523,1.137792944908142
119.70400000000001,-0.4153653383255005,0.9453901052474976,0.9964856505393982
119.72400000000002,-0.5224459767341614,0.7304953932762146,0.9297435879707336
119.74400000000001,0.04987317696213722,0.4293004870414734,1.0595605373382568
119.76400000000001,0.03716040775179863,0.01613543927669525,1.4001160860061646
119.78400000000002,-0.38382789492607117,-0.4623048007488251,1.0292454957962036
119.80400000000002,-0.3253980278968811,-0.22565168142318726,0.7067811489105225
119.82400000000001,-0.36182501912117004,-0.30877363681793213,0.38138312101364136
119.84400000000001,-0.14864163100719452,-0.27625828981399536,0.31806373596191406
119.86400000000002,0.025181064382195473,-0.24472083151340485,0.30486202239990234
119.88400000000001,-0.036182500422000885,0.0708981454372406,0.7683892250061035
119.90400000000001,-0.7419857382774353,0.8268190622329712,1.0837637186050415
119.92400000000002,-0.8700913786888123,1.4035388231277466,1.0341349840164185
119.94400000000002,-0.5048437118530273,0.9138526320457458,0.6745103001594543
119.96400000000001,-0.28212571144104004,0.9331662654876709,0.7339180111885071
119.98400000000001,-0.7326956391334534,1.2754331827163696,0.6877120137214661
120.00400000000002,-1.017999529838562,1.1519726514816284,0.6129022240638733
120.02400000000002,-0.6273263692855835,0.390428751707077,0.7058032751083374
120.04400000000001,-0.6769550442695618,0.10488036274909973,0.9874400496482849
120.06400000000001,-0.5019099712371826,0.26550132036209106,0.9458790421485901
120.08400000000002,-0.3994743824005127,0.32246431708335876,0.9160529375076294
120.10400000000001,-0.4552149772644043,0.3214864134788513,0.9008954167366028
120.12400000000001,-0.5649848580360413,0.43785715103149414,0.8241298198699951
120.14400000000002,-0.6520184874534607,0.5354032516479492,0.7681447267532349
120.16400000000002,-0.6718210577964783,0.5825871825218201,0.7373406887054443
120.18400000000001,-0.6446841955184937,0.5916327834129333,0.7456529140472412
120.20400000000001,-0.5950554609298706,0.5190232992172241,0.7930813431739807
120.22400000000002,-0.5588729381561279,0.43003392219543457,0.8471105694770813
120.24400000000001,-0.5534945130348206,0.36353635787963867,0.866668701171875
120.27400000000002,-0.5913883447647095,0.3368884325027466,0.8561562299728394
120.29400000000001,-0.6219478845596313,0.24594321846961975,0.8542004227638245
120.31400000000001,-0.6283042430877686,0.1361733376979828,0.8774256706237793
120.33400000000002,-0.6642422676086426,0.18506860733032227,0.8627570867538452
120.35400000000001,-0.6429728269577026,0.17944565415382385,0.8568896651268005
120.37400000000001,-0.6471289396286011,0.16575497388839722,0.8527335524559021
120.39400000000002,-0.6451731324195862,0.17797879874706268,0.8510222434997559
120.41400000000002,-0.6456620693206787,0.18140146136283875,0.8444213271141052
120.43400000000001,-0.6571524739265442,0.18189041316509247,0.8407542109489441
120.45400000000001,-0.6449286341667175,0.17553402483463287,0.8537114858627319
120.47400000000002,-0.6366164684295654,0.1589096337556839,0.8559117317199707
120.49400000000001,-0.6583748459815979,0.1601320207118988,0.8480885028839111
120.51400000000001,-0.6708431243896484,0.1640436351299286,0.8471105694770813
120.53400000000002,-0.6779329776763916,0.16697736084461212,0.8409987092018127
120.55400000000002,-0.6793997883796692,0.16893316805362701,0.8370870351791382
120.57400000000001,-0.6688873171806335,0.17455612123012543,0.8431989550590515
120.59400000000001,-0.6605751514434814,0.17822326719760895,0.8368425965309143
120.61400000000002,-0.6603306531906128,0.18189041316509247,0.8304861783981323
120.63400000000001,-0.66668701171875,0.18384622037410736,0.8219295144081116
120.65400000000001,-0.6664425730705261,0.19093604385852814,0.8696024417877197
120.67400000000002,-0.6437062621116638,0.1752895563840866,0.8385539054870605
120.69400000000002,-0.7395409941673279,0.17651192843914032,0.6451731324195862
120.71400000000001,-1.051981806755066,0.2970387935638428,0.4684167206287384
120.73400000000001,-1.253919243812561,0.5715857148170471,0.6566635370254517
120.76400000000001,-1.3446199893951416,0.6725544929504395,0.43907955288887024
120.78400000000002,-0.6823335289955139,2.470189094543457,0.11123674362897873
120.80400000000002,0.08141063153743744,2.3958683013916016,0.7131375670433044
120.82400000000001,-0.016868868842720985,2.779696226119995,0.7566543221473694
120.84400000000001,-0.46279376745224,1.9423646926879883,0.6977355480194092
120.86400000000002,-1.4561011791229248,1.5140421390533447,0.932921826839447
120.88400000000001,-0.908963143825531,0.48650795221328735,0.8395318388938904
120.90400000000001,-0.8412431478500366,0.08238853514194489,0.5366256237030029
120.92400000000002,-1.1788650751113892,-0.8669131994247437,0.7701005339622498
120.94400000000002,-0.2026709020137787,-0.8576231002807617,1.274210810661316
120.96400000000001,-0.8238853216171265,-2.394890546798706,3.420224189758301
120.98400000000001,0.2601228356361389,-3.5224153995513916,4.602023124694824
121.00400000000002,1.6670843362808228,-1.1143232583999634,-0.2958163917064667
121.02400000000002,-1.8350396156311035,1.0275341272354126,-0.4767289161682129
121.04400000000001,-1.5729609727859497,2.0963847637176514,1.1659077405929565
121.06400000000001,-0.8600678443908691,1.8712220191955566,1.2754331827163696
121.08400000000002,-0.7984598278999329,1.2407175302505493,0.8378204703330994
121.10400000000001,-0.5156006217002869,0.8463771939277649,0.7334290742874146
121.12400000000001,-0.49286434054374695,0.7823243737220764,0.5036212801933289
121.14400000000002,-0.5241573452949524,0.8136173486709595,0.5134003758430481
121.16400000000002,-0.614124596118927,0.8302417397499084,0.46890565752983093
121.18400000000001,-0.5214681029319763,0.914586067199707,0.6080127358436584
121.20400000000001,-0.49286434054374695,0.8688690066337585,0.6199920773506165
121.22400000000002,-0.5097332000732422,0.6617975234985352,0.4772178530693054
121.26000000000002,-0.49408674240112305,0.7175381183624268,0.6270818710327148
121.28000000000002,-0.5026434063911438,0.8417321443557739,0.6317269206047058
121.30000000000001,-0.5138893127441406,0.7991932034492493,0.5811203122138977
121.32000000000001,-0.5642514228820801,0.5904104113578796,0.38260549306869507
121.34000000000002,-0.5442043542861938,0.8009045720100403,0.5102221965789795
121.36000000000001,-0.5212236046791077,0.8485774397850037,0.5537389516830444
121.38000000000001,-0.5173119902610779,0.6639978289604187,0.3860281705856323
121.40000000000002,-0.4904195964336395,0.6058124303817749,0.5219570398330688
121.42000000000002,-0.7194939255714417,0.8400207757949829,0.6691318154335022
121.44000000000001,-0.5344253182411194,0.7696115970611572,0.6060569286346436
121.46000000000001,-0.4520367980003357,0.5217125415802002,0.544937789440155
121.48000000000002,-0.6363719701766968,0.7114261984825134,0.6493292450904846
121.50000000000001,-0.633438229560852,0.9268099069595337,0.656419038772583
121.52000000000001,-0.5676741003990173,0.821440577507019,0.5886991024017334
121.54000000000002,-0.6432173252105713,0.7248724102973938,0.6388167142868042
121.56000000000002,-0.7011582255363464,0.7879472970962524,0.5112000703811646
121.58000000000001,-0.44225773215293884,0.8324419856071472,0.4975093901157379
121.60000000000001,-0.7124041318893433,0.7703450322151184,0.5011765360832214
121.62000000000002,-0.673043429851532,0.5928551554679871,0.6388167142868042
121.64000000000001,-0.5720747113227844,0.7238945364952087,0.890627384185791
121.66000000000001,-0.36378082633018494,0.7515203356742859,0.8449103236198425
121.68000000000002,-0.27943646907806396,0.8847599625587463,0.7884362936019897
121.70000000000002,-0.1664884090423584,0.7625218033790588,0.633438229560852
121.71000000000001,-0.27625828981399536,0.7710784673690796,0.5754973292350769
121.74400000000001,-0.43712374567985535,0.7952815890312195,0.5119335055351257
121.76400000000001,-0.23958683013916016,0.8143507838249207,0.5796534419059753
121.78400000000002,-0.12932799756526947,1.0047978162765503,0.7018916606903076
121.80400000000002,-0.24594321846961975,1.1629739999771118,0.7603214979171753
121.82400000000001,-0.02102496661245823,1.5040185451507568,0.584542989730835
121.84400000000001,0.486752450466156,1.1994010210037231,0.2564556896686554
121.86400000000002,0.12321608513593674,1.3030589818954468,-0.3672035038471222
121.88400000000001,0.23078568279743195,1.3411973714828491,-0.1298169493675232
121.90400000000001,-0.1501084864139557,1.282767415046692,0.038138311356306076
121.92400000000002,-0.2505882680416107,1.2018457651138306,0.46939462423324585
121.94400000000002,-0.4601045250892639,1.111878514289856,0.34960120916366577
121.96400000000001,-0.6219478845596313,1.147083044052124,0.17822326719760895
121.98400000000001,-0.6573969125747681,1.10527765750885,0.25987836718559265
122.00400000000002,-0.5197567343711853,1.1245912313461304,0.654707670211792
122.02400000000002,-0.30804020166397095,1.074229121208191,1.0480701923370361
122.04400000000001,-0.37502673268318176,0.9077407121658325,0.973504900932312
122.06400000000001,0.024447636678814888,0.7769458889961243,0.6344161629676819
122.08400000000002,-0.5197567343711853,1.0514928102493286,0.3449561595916748
122.10400000000001,-0.8072609305381775,0.8219295144081116,0.02493658848106861
122.12400000000001,-0.27821409702301025,0.8219295144081116,-0.18433517217636108
122.14400000000002,-0.8287748694419861,1.0338904857635498,-0.034226689487695694
122.16400000000002,-0.22614063322544098,0.9835283756256104,-0.3508235812187195
122.18400000000001,-0.5713412761688232,1.012132167816162,-0.21880634129047394
122.19400000000002,-0.4234330654144287,0.9321883916854858,-0.30095040798187256
122.21400000000001,-0.6053234934806824,0.8302417397499084,-0.17626745998859406
122.23400000000001,-0.6075237393379211,0.8747364282608032,-0.1721113622188568
122.25400000000002,-0.4322341978549957,0.9788833260536194,-0.12272713333368301
122.27400000000002,-0.23469731211662292,0.9060294032096863,-0.07456529140472412
122.29400000000001,0.18311280012130737,0.7921034097671509,0.016624392941594124
122.31400000000001,0.3862726390361786,0.8221740126609802,0.08532225340604782
122.33400000000002,0.1836017519235611,0.9561470746994019,0.144974485039711
122.35400000000001,-0.039849646389484406,0.973504900932312,0.14913058280944824
122.37400000000001,-0.1557314395904541,0.9529688358306885,0.08532225340604782
122.39400000000002,-0.4571707844734192,1.3852031230926514,0.5899214744567871
122.41400000000002,-3.9069766998291016,0.8361091613769531,0.5740305185317993
122.43400000000001,-1.8355284929275513,0.4417687952518463,0.995752215385437
122.45400000000001,0.23347492516040802,0.351312518119812,0.8251076936721802
122.47400000000002,0.35791340470314026,0.5552058219909668,0.44225773215293884
122.49400000000001,0.11319255828857422,0.6762216091156006,0.0728539526462555
122.51400000000001,-0.034226689487695694,0.649084746837616,-0.20462670922279358
122.53400000000002,-0.6011673808097839,0.6102129817008972,-0.1936252862215042
122.55400000000002,-1.5052409172058105,0.6977355480194092,-0.27894753217697144
122.57400000000001,-1.8147480487823486,0.8400207757949829,-0.2703908681869507
122.59400000000001,-1.4585459232330322,0.9331662654876709,-0.2584115266799927
122.61400000000002,-0.838064968585968,0.8935611248016357,-0.17235583066940308
122.63400000000001,-0.46254926919937134,0.8446658253669739,-0.0664975717663765
122.65400000000001,-0.41487640142440796,0.8630015850067139,-0.037893835455179214
122.67400000000002,-0.5791645050048828,0.8542004227638245,-0.06600861996412277
122.68400000000001,-0.9429453015327454,0.8243743181228638,-0.057451944798231125
122.71400000000001,-1.174464464187622,0.6617975234985352,-0.06527519226074219
122.73400000000001,-1.0612719058990479,0.49213090538978577,-0.08678910881280899
122.75400000000002,-1.0551599264144897,0.5943220257759094,-0.09167863428592682
122.77400000000002,-1.2729884386062622,0.7106927633285522,0.03667145594954491
122.79400000000001,-0.8299972414970398,0.6151025295257568,0.27699172496795654
122.81400000000001,-0.32124194502830505,0.5112000703811646,0.27870306372642517
122.83400000000002,-0.6996913552284241,0.5833206176757812,-0.050362128764390945
122.85400000000001,-1.0013751983642578,0.8255966901779175,-0.2007150948047638
122.87400000000001,-0.8935611248016357,0.9727714657783508,0.041560981422662735
122.89400000000002,0.49482014775276184,0.9400116205215454,0.4192769527435303
122.91400000000002,0.09974635392427444,0.9160529375076294,0.5823426842689514
122.93400000000001,-0.009290101937949657,1.3499984741210938,0.4588821232318878
122.95400000000001,-0.8872047066688538,1.5338447093963623,0.4334565997123718
122.97400000000002,-0.6048344969749451,1.45121169090271,0.28457048535346985
122.99400000000001,-0.5055770874023438,1.5468019247055054,0.32001957297325134
123.01400000000001,-0.6116798520088196,1.4998624324798584,0.4053418040275574
123.03400000000002,0.45179232954978943,1.065672516822815,0.10536931455135345
123.05400000000002,0.5055770874023438,1.3524432182312012,0.0728539526462555
123.07400000000001,-0.14155180752277374,0.9722824692726135,-0.025425542145967484
123.09400000000001,0.5676741003990173,0.20022614300251007,0.14032943546772003
123.11400000000002,0.44470250606536865,0.1811569780111313,0.5574061274528503
123.13400000000001,-0.7427191734313965,0.4349234402179718,0.4107202887535095
123.15400000000001,-0.9008954167366028,0.41169819235801697,-0.185557559132576
123.17400000000002,-0.47379517555236816,0.40925341844558716,-0.7011582255363464
123.20400000000001,-1.2443846464157104,0.6131467223167419,-1.2739663124084473
123.22400000000002,-2.9720990657806396,1.1629739999771118,-1.5771169662475586
123.24400000000001,-2.6762826442718506,0.7652109861373901,-0.4640161395072937
123.26400000000001,2.1303670406341553,1.555358648300171,0.4647495746612549
123.28400000000002,2.599761724472046,1.9670567512512207,1.1546618938446045
123.30400000000002,-0.9226537942886353,1.664150595664978,-0.05794089660048485
123.32400000000001,-2.1188766956329346,0.9715490341186523,0.006356385536491871
123.34400000000001,-1.1121230125427246,0.7622773051261902,0.06551966816186905
123.36400000000002,0.6835559010505676,1.5780949592590332,0.3444671928882599
123.38400000000001,0.06136356666684151,1.160773754119873,0.4664609134197235
123.40400000000001,-1.1932891607284546,1.0532041788101196,0.08703358471393585
123.42400000000002,-0.9290101528167725,1.1901109218597412,-0.12883904576301575
123.44400000000002,-0.48455214500427246,1.1153011322021484,0.006845338270068169
123.46400000000001,-0.6578859090805054,1.1082113981246948,0.17040002346038818
123.48400000000001,-0.7370962500572205,1.114567756652832,0.12101580202579498
123.50400000000002,-0.5620511770248413,1.1788650751113892,-0.07212052494287491
123.52400000000002,-0.527335524559021,1.1639519929885864,-0.0322708785533905
123.54400000000001,-0.6099685430526733,0.9761941432952881,0.0911896824836731
123.56400000000001,-0.6454175710678101,0.994774341583252,0.10903646051883698
123.58400000000002,-0.6916236281394958,1.0006417036056519,0.04449469968676567
123.60400000000001,-0.7292729616165161,1.047092318534851,-0.05818537250161171
123.62400000000001,-0.9008954167366028,0.9070072770118713,-0.19704794883728027
123.64400000000002,-0.7894141674041748,1.015310287475586,-0.15719829499721527
123.66400000000002,-0.8018824458122253,0.9519909620285034,-0.0728539526462555
123.70100000000001,-0.6378388404846191,0.6818445920944214,0.003911621868610382
123.72100000000002,-0.8693579435348511,0.7515203356742859,-0.1784677505493164
123.74100000000001,-0.6818445920944214,0.7111817598342896,0.05842985212802887
123.76100000000001,-0.654707670211792,0.6747547388076782,0.08581120520830154
123.78100000000002,-0.6402835845947266,0.7471197843551636,-0.0322708785533905
123.80100000000002,-0.6877120137214661,0.7835467457771301,-0.13275066018104553
123.82100000000001,-0.6104574799537659,0.7353848814964294,0.04400574415922165
123.84100000000001,-0.44348013401031494,0.683311402797699,0.11319255828857422
123.86100000000002,-0.578186571598053,0.7273171544075012,-0.0816551074385643
123.88100000000001,-0.5478715300559998,0.7938147187232971,-0.13886258006095886
123.90100000000001,-0.5554503202438354,0.7131375670433044,-0.001955810934305191
123.92100000000002,-0.560584306716919,0.7507869005203247,-0.059407755732536316
123.94100000000002,-0.513644814491272,0.7608104348182678,-0.018824679777026176
123.96100000000001,-0.4806405305862427,0.6798887848854065,0.0009779054671525955
123.98100000000001,-0.4752620458602905,0.7791461944580078,-0.02298077754676342
124.00100000000002,-0.5610732436180115,0.7410078644752502,-0.0051340037025511265
124.02100000000002,-0.4774623215198517,0.7207162976264954,-0.057451944798231125
124.04100000000001,-0.37893834710121155,0.7287840247154236,-0.04913974925875664
124.06100000000002,-0.4906640648841858,0.7248724102973938,0.016868868842720985
124.08100000000002,-0.510711133480072,0.6322158575057983,-0.030804021283984184
124.10100000000001,-0.48577451705932617,0.728295087814331,-0.13055038452148438
124.12100000000001,-0.5383369326591492,0.7923479080200195,-0.06063013896346092
124.14100000000002,-0.6148580312728882,0.7669223546981812,0.038138311356306076
124.16100000000002,-0.6102129817008972,0.806771993637085,0.003667145501822233
124.18100000000001,-0.6070348024368286,0.7087369561195374,0.10439140349626541
124.20100000000001,-0.6649757027626038,0.7874583601951599,0.0493842251598835
124.22100000000002,-0.7314732670783997,0.7546985149383545,-0.04913974925875664
124.23100000000001,-0.5833206176757812,0.7502979636192322,-0.034471165388822556
124.26400000000001,-0.5280689597129822,0.7710784673690796,-0.005622956436127424
124.28400000000002,-0.6576414108276367,0.7644776105880737,0.02273630164563656
124.30400000000002,-0.7759679555892944,0.8529780507087708,-0.08312196284532547
124.32400000000001,-0.9823060035705566,0.8720471858978271,-0.14228524267673492
124.34400000000001,-0.7659444212913513,0.7598325610160828,0.05109556019306183
124.36400000000002,-0.47941815853118896,0.7850136160850525,0.0924120619893074
124.38400000000001,-0.7028695344924927,0.7803685665130615,0.03373773768544197
124.40400000000001,-0.8175289630889893,0.7671668529510498,-0.02273630164563656
124.42400000000002,-0.7258503437042236,0.7356293797492981,-0.012223818339407444
124.44400000000002,-0.6948018074035645,0.7749900817871094,0.057696420699357986
124.46400000000001,-0.6889343857765198,0.7461418509483337,0.14913058280944824
124.48400000000001,-0.6378388404846191,0.8725361227989197,0.3994743824005127
124.50400000000002,-0.4011857211589813,1.0055313110351562,0.29532745480537415
124.52400000000002,-0.45863765478134155,1.0854750871658325,0.02273630164563656
124.54400000000001,-0.5114445686340332,1.0541820526123047,-0.27185770869255066
124.56400000000001,-0.2007150948047638,1.0945206880569458,-0.40216362476348877
124.58400000000002,-0.5412706732749939,1.3011032342910767,-0.11759313195943832
124.60400000000001,-0.8348867893218994,1.1720197200775146,-0.4635271728038788
124.62400000000001,-0.034715645015239716,1.0527151823043823,-0.14717477560043335
124.64400000000002,-0.30608439445495605,1.1529505252838135,-0.10585826635360718
124.66400000000002,-0.5806313753128052,1.0231335163116455,-0.1481526792049408
124.68400000000001,-0.4860190153121948,0.8852488994598389,-0.13935153186321259
124.69400000000002,-0.4234330654144287,0.8676466345787048,-0.1398404836654663
124.72000000000001,-0.45179232954978943,0.8845154643058777,-0.156953826546669
124.74000000000001,-0.495553582906723,0.8590899109840393,-0.11245912313461304
124.76000000000002,-0.5344253182411194,0.8600678443908691,-0.08238853514194489
124.78000000000002,-0.5053326487541199,0.9050514698028564,-0.06894233077764511
124.80000000000001,-0.44421353936195374,0.9277877807617188,-0.13177275657653809
124.82000000000001,-0.3557130992412567,0.9378113150596619,-0.1892247051000595
124.84000000000002,-0.28065887093544006,0.9419674277305603,-0.20731595158576965
124.86000000000001,-0.3063288927078247,0.919231116771698,-0.20976072549819946
124.88000000000001,-0.40240809321403503,0.9336552023887634,-0.24398741126060486
124.90000000000002,-0.3799162805080414,0.9241206645965576,-0.22687406837940216
124.92000000000002,-0.35180148482322693,0.9035846590995789,-0.238119974732399
124.94000000000001,-0.34788987040519714,0.8810927867889404,-0.27308011054992676
124.96000000000001,-0.3253980278968811,0.8810927867889404,-0.3077957332134247
124.98000000000002,-0.29019343852996826,0.9006509184837341,-0.3261314630508423
125.00000000000001,-0.28065887093544006,0.8928276896476746,-0.3126852810382843
125.02000000000001,-0.258167028427124,0.8595789074897766,-0.28383705019950867
125.04000000000002,-0.22589616477489471,0.8752253651618958,-0.3002169728279114
125.06000000000002,-0.18629099428653717,0.8979616761207581,-0.34984567761421204
125.08000000000001,-0.20853833854198456,0.8925831913948059,-0.35229045152664185
125.10000000000001,-0.22834092378616333,0.8551782965660095,-0.31879717111587524
125.12000000000002,-0.2114720493555069,0.8321975469589233,-0.3329768180847168
125.13000000000001,-0.2481435090303421,0.8771811723709106,-0.35302385687828064
125.15900000000002,-0.5407817363739014,1.0101763010025024,-0.5407817363739014
125.17900000000002,-0.5933441519737244,1.0365797281265259,-0.6043455600738525
125.19900000000001,-0.5390703678131104,1.0615164041519165,-0.5803868770599365
125.21900000000001,-0.5270910263061523,1.1360816955566406,-0.4899306297302246
125.23900000000002,-0.48210740089416504,1.1314365863800049,-0.3918956220149994
125.25900000000001,-0.45545947551727295,1.0370687246322632,-0.3945848345756531
125.27900000000001,-0.501665472984314,0.9693487882614136,-0.46450507640838623
125.29900000000002,-0.6512850522994995,0.983772873878479,-0.5417596101760864
125.31900000000002,-0.6686428785324097,0.9820615649223328,-0.5102221965789795
125.33900000000001,-0.5742749571800232,0.9309659600257874,-0.4691501259803772
125.35900000000001,-0.4456804096698761,0.821440577507019,-0.42636677622795105
125.37900000000002,-0.43467897176742554,0.7740121483802795,-0.42832258343696594
125.39900000000002,-0.4381016492843628,0.7588546276092529,-0.42710021138191223
125.41900000000001,-0.42318859696388245,0.7028695344924927,-0.4011857211589813
125.43900000000001,-0.4720838665962219,0.6806222200393677,-0.3601136803627014
125.45900000000002,-0.749564528465271,0.7955260872840881,-0.08727806061506271
125.47900000000001,-1.0226446390151978,0.7334290742874146,-0.10976988822221756
125.49900000000001,-0.46743881702423096,0.5476270318031311,-0.11857103556394577
125.51900000000002,-0.3163524270057678,0.6356385350227356,-0.185557559132576
125.53900000000002,-0.7106927633285522,0.7928368449211121,-0.36622560024261475
125.55900000000001,-0.6735323667526245,0.7058032751083374,-0.41365399956703186
125.57900000000001,-0.6344161629676819,0.6727989315986633,-0.37453779578208923
125.60900000000001,-0.7114261984825134,0.7583656907081604,-0.2879931628704071
125.62900000000002,-0.6138801574707031,0.8121504783630371,-0.18751336634159088
125.64900000000002,-0.35986921191215515,0.7952815890312195,-0.15964306890964508
125.66900000000001,-0.4297894537448883,0.8510222434997559,-0.3285762369632721
125.68900000000001,-0.4613268971443176,0.956880509853363,-0.35913577675819397
125.70900000000002,-0.35424625873565674,0.878648042678833,-0.2342083603143692
125.72900000000001,-0.37502673268318176,0.8796259760856628,-0.1772453635931015
125.74900000000001,-0.3266204297542572,0.901628851890564,-0.25425541400909424
125.76900000000002,-0.36329185962677,0.9096965193748474,-0.24716560542583466
125.78900000000002,-0.38847294449806213,0.8925831913948059,-0.21880634129047394
125.80900000000001,-0.4393240213394165,0.878648042678833,-0.23249702155590057
125.82900000000001,-0.5222015380859375,0.8977171778678894,-0.3493567109107971
125.84900000000002,-0.4901750981807709,0.8879381418228149,-0.3344436585903168
125.86900000000001,-0.48577451705932617,0.8647128939628601,-0.3090181350708008
125.88900000000001,-0.5058215856552124,0.9021177887916565,-0.3197750747203827
125.90900000000002,-0.5642514228820801,0.9370778799057007,-0.37893834710121155
125.92900000000002,-0.5561836957931519,0.9392781853675842,-0.36989274621009827
125.94900000000001,-0.5488494038581848,0.9045625329017639,-0.2963053584098816
125.96900000000001,-0.5212236046791077,0.8942945599555969,-0.2437429279088974
125.98900000000002,-0.4464138448238373,0.8502888083457947,-0.18457965552806854
126.00900000000001,-0.40680867433547974,0.7779237627983093,-0.08678910881280899
126.02900000000001,-0.3525349199771881,0.6793997883796692,0.020536014810204506
126.04900000000002,-0.29410505294799805,0.5862542986869812,0.061119090765714645
126.06900000000002,-0.21807292103767395,0.5684075355529785,0.07872138917446136
126.08900000000001,-0.18457965552806854,0.6857562065124512,0.02126944437623024
126.10900000000001,-0.4195214509963989,0.7852580547332764,-0.03740488365292549
126.12900000000002,-0.8583565354347229,0.6075237393379211,0.16135439276695251
126.14900000000002,-1.1011215448379517,0.594810962677002,0.10610274225473404
126.16900000000001,-0.7094703912734985,0.5801423788070679,-0.006845338270068169
126.18900000000001,-0.5642514228820801,0.6368609070777893,-0.12321608513593674
126.20900000000002,-0.6818445920944214,0.7253613471984863,-0.2689239978790283
126.22900000000001,-0.8292638063430786,0.8336644172668457,-0.3613360524177551
126.24900000000001,-0.8077499270439148,0.9187421798706055,-0.4197659194469452
126.26900000000002,-0.5165785551071167,0.9321883916854858,-0.3214864134788513
126.28900000000002,-0.4613268971443176,0.9955077171325684,-0.39727407693862915
126.30900000000001,-0.42758914828300476,1.117256999015808,-0.6705986857414246
126.32900000000001,-0.7637441754341125,1.4783486127853394,-1.0920759439468384
126.34900000000002,-0.5070439577102661,1.6277235746383667,-0.976438581943512
126.36900000000001,-0.011979341506958008,1.4856828451156616,-0.6241481304168701
126.38900000000001,-0.2772361934185028,1.7920117378234863,-0.44274669885635376
126.40900000000002,1.6318796873092651,2.1973536014556885,0.30290621519088745
126.42900000000002,1.5639152526855469,1.1671301126480103,0.3444671928882599
126.44900000000001,-0.4931088089942932,0.8314641118049622,-0.35791340470314026
126.46900000000001,-1.4561011791229248,1.3502429723739624,-1.060538411140442
126.47900000000001,-0.5014210343360901,1.1087002754211426,-0.7916144728660583
126.51400000000001,0.7038474678993225,0.5740305185317993,-0.4774623215198517
126.53400000000002,0.2107386291027069,0.47941815853118896,0.3828499913215637
126.55400000000002,-0.8436879515647888,0.82608562707901,-0.18946917355060577
126.57400000000001,-1.2959692478179932,1.347798228263855,-0.43467897176742554
126.59400000000001,-0.08630015701055527,1.0642056465148926,-0.5388259291648865
126.61400000000002,0.33126547932624817,1.064939022064209,-0.13152828812599182
126.63400000000001,-0.7869694232940674,1.1627296209335327,-0.06038566306233406
126.65400000000001,-1.4226078987121582,0.9620144963264465,-0.29654982686042786
126.67400000000002,-1.0747181177139282,0.9695932269096375,-0.4312562942504883
126.69400000000002,-0.23714207112789154,0.9321883916854858,-0.431011825799942
126.71400000000001,-0.26354551315307617,0.9268099069595337,-0.4158543050289154
126.73400000000001,-0.6126577854156494,0.82608562707901,-0.3818720877170563
126.75400000000002,-0.44396907091140747,0.9070072770118713,-0.40680867433547974
126.77400000000002,-0.40411943197250366,0.8771811723709106,-0.29263821244239807
126.79400000000001,-0.5547168850898743,0.8522446155548096,-0.225407212972641
126.81400000000001,-0.5544723868370056,0.8840265274047852,-0.27014636993408203
126.83400000000002,-0.5119335055351257,0.8818262219429016,-0.2425205558538437
126.85400000000001,-0.5349142551422119,0.7877028584480286,-0.2711242735385895
126.87400000000001,-0.4931088089942932,0.7894141674041748,-0.145707905292511
126.89400000000002,-0.6520184874534607,0.8493108749389648,-0.2449653148651123
126.91400000000002,-0.5278244614601135,0.8248632550239563,-0.3014393448829651
126.92400000000002,-0.4728172719478607,0.7889252305030823,-0.3038841187953949
126.95400000000001,-0.5334474444389343,0.8016380071640015,-0.28505945205688477
126.97400000000002,-0.4209882915019989,0.8732695579528809,-0.24741007387638092
126.99400000000001,-0.5383369326591492,0.9045625329017639,-0.34984567761421204
127.01400000000001,-0.6209699511528015,0.8114170432090759,-0.28408151865005493
127.03400000000002,-0.4962870180606842,0.7671668529510498,-0.19411423802375793
127.05400000000002,-0.4970204532146454,0.7994377017021179,-0.0836109146475792
127.07400000000001,-0.5784310698509216,0.8033493161201477,-0.185557559132576
127.09400000000001,-0.5244017839431763,0.8608012795448303,-0.274791419506073
127.11400000000002,-0.5239128470420837,0.8238853216171265,-0.30804020166397095
127.13400000000001,-0.6603306531906128,0.8605567812919617,-0.21929529309272766
127.15400000000001,-0.5434709787368774,0.8209516406059265,-0.2615897059440613
127.17400000000002,-0.39482933282852173,0.8784035444259644,-0.33517709374427795
127.19400000000002,-0.3906732201576233,0.8070164918899536,-0.3684258759021759
127.21400000000001,-0.5087553262710571,0.8573786020278931,-0.33835527300834656
127.23400000000001,-0.6302600502967834,0.838064968585968,-0.28334811329841614
127.25400000000002,-0.44396907091140747,0.7732787132263184,-0.330532044172287
127.27400000000002,-0.3818720877170563,0.8747364282608032,-0.3804052174091339
127.29400000000001,-0.5332029461860657,0.9722824692726135,-0.4376126825809479
127.31400000000001,-0.6097240447998047,0.9497906565666199,-0.28383705019950867
127.33400000000002,-0.3217308819293976,0.8622681498527527,-0.22809644043445587
127.35400000000001,-0.32442012429237366,0.9351220726966858,-0.39360693097114563
127.37400000000001,-0.4305228590965271,0.8326864838600159,-0.37967178225517273
127.40400000000001,-0.5613177418708801,0.7935702800750732,-0.36304739117622375
127.42400000000002,-0.423677533864975,0.9116523265838623,-0.35180148482322693
127.44400000000002,-0.34788987040519714,0.8722916841506958,-0.28823763132095337
127.46400000000001,-0.3926290273666382,0.8925831913948059,-0.3696482479572296
127.48400000000001,-0.3967851400375366,0.9610365629196167,-0.47819575667381287
127.50400000000002,-0.45228126645088196,0.862023651599884,-0.35351282358169556
127.52400000000002,-0.4583931863307953,0.8507777452468872,-0.21293890476226807
127.54400000000001,-0.4615713655948639,1.0233780145645142,-0.21562814712524414
127.56400000000001,-0.5478715300559998,1.0884087085723877,-0.4134095311164856
127.58400000000002,-0.5417596101760864,0.9742382764816284,-0.4097423851490021
127.60400000000003,-0.4779512882232666,0.8588454723358154,-0.3134186863899231
127.62400000000001,-0.4483696520328522,0.8586009740829468,-0.2532775104045868
127.64400000000002,-0.43394553661346436,0.7749900817871094,-0.11148121953010559
127.66400000000003,-0.39971885085105896,0.7207162976264954,-0.1461968719959259
127.68400000000001,-0.13006141781806946,0.8207071423530579,-0.3684258759021759
127.70400000000002,-0.22369587421417236,1.113589882850647,-0.5510497093200684
127.72400000000003,-0.5896769762039185,1.015310287475586,-0.3430003225803375
127.74400000000001,-0.4569263160228729,0.7979708313941956,-0.1430186778306961
127.76400000000002,-0.31561899185180664,0.7021360993385315,-0.06258594989776611
127.78400000000003,-0.3874950408935547,0.5023989081382751,-0.06185251846909523
127.80400000000002,-0.3183082342147827,0.5642514228820801,-0.08458881825208664
127.82400000000003,-0.43907955288887024,1.0155547857284546,-0.07578767091035843
127.85400000000003,-0.39091768860816956,0.7718119025230408,-0.12370503693819046
127.87400000000001,-0.34788987040519714,0.6175472736358643,-0.1501084864139557
127.89400000000002,-0.3926290273666382,0.6441951990127563,-0.07480976730585098
127.91400000000003,-0.41487640142440796,0.7102038264274597,-0.19411423802375793
127.93400000000001,-0.48137396574020386,0.8769367337226868,-0.15939858555793762
127.95400000000002,-0.527335524559021,1.054671049118042,-0.07383186370134354
127.97400000000003,-0.38089418411254883,1.0253338813781738,-0.057451944798231125
127.99400000000001,-0.3923845589160919,0.9101855158805847,-0.11368151009082794
128.01400000000004,-0.19215841591358185,0.9079852104187012,-0.03887174278497696
128.03400000000002,-0.3615805506706238,1.0231335163116455,-0.16942211985588074
128.05400000000003,-0.2210066318511963,0.9666595458984375,-0.2711242735385895
128.07400000000004,-0.00220028730109334,1.0099318027496338,-0.18898022174835205
128.09400000000002,-0.1266387552022934,1.092320442199707,0.0740763396024704
128.11400000000003,-0.14326314628124237,1.0730067491531372,-0.21513919532299042
128.13400000000001,0.2684350311756134,1.3602664470672607,-0.3488677740097046
128.15400000000002,0.6503071188926697,1.9220731258392334,0.5224459767341614
128.17400000000004,-1.7027778625488281,1.2074687480926514,-0.7317177653312683
128.19400000000002,-1.0744736194610596,1.2661430835723877,-0.2823702096939087
128.21400000000003,-0.2860373556613922,1.264187216758728,-0.36329185962677
128.23400000000004,-0.5840540528297424,1.2468293905258179,-0.3520459532737732
128.25400000000002,-0.7960150241851807,1.345353364944458,-0.4158543050289154
128.27400000000003,-0.5923662185668945,1.3407083749771118,-0.5972557663917542
128.30400000000003,-0.04131650552153587,1.2700546979904175,-0.6571524739265442
128.32400000000004,0.23518626391887665,1.2358280420303345,-0.4635271728038788
128.34400000000002,-0.157687246799469,1.1842434406280518,-0.29410505294799805
128.36400000000003,-0.4515478312969208,1.12654709815979,-0.261345237493515
128.38400000000001,-0.32393118739128113,1.0532041788101196,-0.35546863079071045
128.404,-0.16893316805362701,1.0341349840164185,-0.38382789492607117
128.424,-0.19509214162826538,1.0329126119613647,-0.44103536009788513
128.444,-0.21611709892749786,0.9637258052825928,-0.34593406319618225
128.464,-0.19607004523277283,0.8806038498878479,-0.23078568279743195
128.484,-0.22296243906021118,0.8449103236198425,-0.1740671694278717
128.504,-0.27381351590156555,0.8031048774719238,-0.14081838726997375
128.524,-0.29654982686042786,0.7732787132263184,-0.1513308733701706
128.544,-0.3344436585903168,0.7784127593040466,-0.1645325869321823
128.564,-0.3483788073062897,0.7546985149383545,-0.13372856378555298
128.584,-0.3667145371437073,0.7324512004852295,-0.10488036274909973
128.604,-0.4011857211589813,0.7275616526603699,-0.08703358471393585
128.624,-0.4077865779399872,0.7143599390983582,-0.07456529140472412
128.644,-0.4026525616645813,0.6945573687553406,-0.07260947674512863
128.664,-0.3926290273666382,0.6710876226425171,-0.08238853514194489
128.684,-0.36500319838523865,0.6703541874885559,-0.10292454808950424
128.704,-0.35424625873565674,0.7158268094062805,-0.12272713333368301
128.714,-0.39360693097114563,0.7595880627632141,-0.09950187802314758
128.734,-0.4703725278377533,0.7637441754341125,-0.08507777750492096
128.754,-0.5266020894050598,0.7603214979171753,-0.08409986644983292
128.774,-0.5581395626068115,0.802126944065094,-0.1095254123210907
128.794,-0.5732970833778381,0.8590899109840393,-0.12932799756526947
128.814,-0.5857653617858887,0.9106744527816772,-0.13495095074176788
128.834,-0.6248815655708313,0.9456345438957214,-0.16942211985588074
128.854,-0.5864987969398499,0.9380558133125305,-0.16282126307487488
128.874,-0.5554503202438354,0.9835283756256104,-0.15230877697467804
128.894,-0.5635179877281189,1.077651858329773,-0.13592885434627533
128.914,-0.5368700623512268,1.104299783706665,-0.14717477560043335
128.934,-0.44592487812042236,1.007731556892395,-0.14986400306224823
128.954,-0.4097423851490021,0.920942485332489,-0.12077132612466812
128.974,-0.48846375942230225,0.9409894943237305,-0.09290102124214172
128.994,-0.4667053818702698,0.9713045954704285,-0.10610274225473404
129.01400000000004,-0.4381016492843628,1.005775809288025,-0.13446199893951416
129.03400000000002,-0.4432356357574463,1.044647455215454,-0.14644134044647217
129.054,-0.41756561398506165,1.0131100416183472,-0.14668582379817963
129.07400000000004,-0.4014301896095276,0.9642148017883301,-0.1493750512599945
129.09400000000002,-0.4090089499950409,0.9493017196655273,-0.157687246799469
129.114,-0.42636677622795105,0.9632368683815002,-0.1513308733701706
129.134,-0.44274669885635376,0.9749717116355896,-0.14668582379817963
129.15400000000002,-0.44543594121932983,0.9407450556755066,-0.1505974382162094
129.16400000000002,-0.44592487812042236,0.9060294032096863,-0.14130733907222748
129.194,-0.45423707365989685,0.8986951112747192,-0.13201723992824554
129.21400000000003,-0.47452861070632935,0.913608193397522,-0.10805854946374893
129.234,-0.5038657784461975,0.9211869239807129,-0.10219112038612366
129.254,-0.4918864369392395,0.9268099069595337,-0.09925740212202072
129.27400000000003,-0.5097332000732422,0.9703266620635986,-0.09754607081413269
129.294,-0.5266020894050598,0.9920850992202759,-0.1031690239906311
129.314,-0.5151116847991943,0.9752162098884583,-0.13641780614852905
129.33400000000003,-0.4970204532146454,0.9402561187744141,-0.16673287749290466
129.354,-0.5341808795928955,0.9099410176277161,-0.1752895563840866
129.374,-0.5737860202789307,0.8722916841506958,-0.1752895563840866
129.39400000000003,-0.620481014251709,0.8434434533119202,-0.1721113622188568
129.414,-0.654707670211792,0.8241298198699951,-0.18849126994609833
129.434,-0.6441951990127563,0.7999266386032104,-0.21220548450946808
129.454,-0.6542187333106995,0.7825688123703003,-0.2170950025320053
129.474,-0.6926015615463257,0.773523211479187,-0.20804938673973083
129.494,-0.7126485705375671,0.7801240682601929,-0.20609357953071594
129.514,-0.7202273607254028,0.7852580547332764,-0.21171653270721436
129.534,-0.7116706967353821,0.7737677097320557,-0.21562814712524414
129.554,-0.7405189275741577,0.7517648339271545,-0.19044709205627441
129.574,-0.7551875114440918,0.7300063967704773,-0.17333373427391052
129.594,-0.7226721048355103,0.7045809030532837,-0.1549980193376541
129.614,-0.7251169085502625,0.6933349370956421,-0.14252972602844238
129.634,-0.7275616526603699,0.6838003993034363,-0.1342175155878067
129.654,-0.6987134218215942,0.678666353225708,-0.132995143532753
129.674,-0.6916236281394958,0.6742658019065857,-0.14155180752277374
129.694,-0.6771995425224304,0.6884454488754272,-0.16306573152542114
129.714,-0.6305045485496521,0.7546985149383545,-0.1936252862215042
129.734,-0.5647404193878174,0.8329309821128845,-0.18702441453933716
129.754,-0.4803960621356964,0.7637441754341125,-0.2019374817609787
129.774,-0.6143690943717957,0.6576414108276367,-0.1608654409646988
129.794,-0.686000645160675,0.6569079756736755,-0.11881551146507263
129.814,-0.7877028584480286,0.5275799632072449,-0.05109556019306183
129.834,-0.8688690066337585,0.5217125415802002,-0.08018824458122253
129.854,-0.7791461944580078,0.6708431243896484,-0.07652109861373901
129.874,-0.8018824458122253,0.7806130051612854,-0.07358738780021667
129.894,-0.8277969360351562,0.8321975469589233,-0.029337164014577866
129.914,-0.7370962500572205,0.7757235169410706,-0.05500718206167221
129.934,-0.6598417162895203,0.6982244849205017,-0.11221464723348618
129.954,-0.6884454488754272,0.794792652130127,-0.09607920795679092
129.974,-0.8497998118400574,0.8480885028839111,-0.037893835455179214
129.994,-0.9930629730224609,0.6945573687553406,-0.08727806061506271
130.014,-1.0766738653182983,0.6441951990127563,-0.10390245169401169
130.034,-1.0634721517562866,0.6481068134307861,-0.04278336465358734
130.054,-0.9258319735527039,0.6424838900566101,0.046939462423324585
130.064,-0.8884270787239075,0.6882009506225586,0.09461235255002975
130.094,-0.8652018308639526,0.7038474678993225,0.12932799756526947
130.114,-0.8402652740478516,0.7182715535163879,0.11637074500322342
130.134,-0.9248540997505188,0.7715674042701721,0.0816551074385643
130.154,-0.9204534888267517,0.7444305419921875,0.05647404119372368
130.174,-0.8219295144081116,0.7334290742874146,0.06967576593160629
130.194,-0.8123949766159058,0.7754790186882019,0.06234147399663925
130.214,-0.8273079991340637,0.797481894493103,0.02982611581683159
130.234,-0.7938147187232971,0.8243743181228638,-0.01955810934305191
130.254,-0.749564528465271,0.8077499270439148,-0.05085108429193497
130.274,-0.6305045485496521,0.32393118739128113,-0.0017113345675170422
130.294,-0.5576505661010742,1.0925648212432861,0.007578767370432615
130.314,-0.44665831327438354,1.1297252178192139,0.13128380477428436
130.334,-0.6999358534812927,0.7921034097671509,0.09070073068141937
130.354,-0.6373499035835266,1.101854920387268,-0.0012223818339407444
130.374,-0.6226813197135925,1.087186336517334,0.028848210349678993
130.394,-0.6652202010154724,0.9698377251625061,0.11514836549758911
130.414,-0.6114353537559509,1.054671049118042,0.11637074500322342
130.434,-0.6930904984474182,1.2038016319274902,0.04058307781815529
130.454,-0.6842893362045288,1.0016196966171265,0.037893835455179214
130.474,-0.8246187567710876,0.914586067199707,0.036182500422000885
130.494,-1.0461143255233765,1.065672516822815,0.05085108429193497
130.514,-1.0837637186050415,0.8771811723709106,0.09290102124214172
130.534,-1.1732420921325684,0.8177734017372131,0.09094520658254623
130.554,-1.1353482007980347,0.7500534653663635,0.0462060309946537
130.574,-1.128258466720581,0.6764661073684692,0.08703358471393585
130.594,-0.98548424243927,0.6016563177108765,0.2075604349374771
130.614,-0.8556672930717468,0.5454267859458923,0.2923937439918518
130.634,-0.8236408829689026,0.46450507640838623,0.23714207112789154
130.654,-0.7962595224380493,0.38138312101364136,0.09216758608818054
130.674,-0.7982153296470642,0.3063288927078247,0.08752253651618958
130.694,-0.7067811489105225,0.273324579000473,0.2569446563720703
130.714,-0.5102221965789795,0.2469211220741272,0.41756561398506165
130.734,-0.5796534419059753,0.20169299840927124,0.3740488290786743
130.754,-0.8488219380378723,0.17895670235157013,0.2716132402420044
130.774,-0.9167863726615906,0.1911805123090744,0.20560462772846222
130.794,-0.6681538820266724,0.22002872824668884,0.27063533663749695
130.814,-0.36622560024261475,0.24398741126060486,0.38529473543167114
130.834,-0.29410505294799805,0.2608562707901001,0.483574241399765
130.854,-0.9013843536376953,0.38382789492607117,0.25621122121810913
130.874,-1.059071660041809,0.3070622980594635,0.0009779054671525955
130.894,-0.9241206645965576,0.18726889789104462,-0.1437520980834961
130.914,-1.315527319908142,0.18286831676959991,0.055740609765052795
130.934,-1.311860203742981,0.13323961198329926,0.25670018792152405
130.954,-0.8378204703330994,0.09143415838479996,0.29728326201438904
130.984,-0.9774165153503418,0.1481526792049408,0.20731595158576965
131.004,-1.0282676219940186,0.10683616995811462,0.10243559628725052
131.024,-1.103566288948059,0.14155180752277374,0.21733948588371277
131.044,-0.9094520807266235,0.1469302922487259,0.2126944363117218
131.064,-0.9686153531074524,0.11783760786056519,0.10243559628725052
131.084,-1.0986768007278442,0.09925740212202072,0.04669498652219772
131.104,-1.1649298667907715,0.1405739039182663,0.08116615563631058
131.124,-0.9517464637756348,0.15915411710739136,0.15108639001846313
131.144,-0.9803501963615417,0.2082938551902771,0.17455612123012543
131.164,-1.0901200771331787,0.1811569780111313,-0.014424105174839497
131.184,-1.1343703269958496,0.181645929813385,0.030804021283984184
131.204,-0.9045625329017639,0.16942211985588074,0.08434434235095978
131.224,-1.0304678678512573,0.1892247051000595,0.02322525531053543
131.244,-1.1729975938796997,0.18824680149555206,-0.043516792356967926
131.264,-1.1759313344955444,0.18849126994609833,-0.01515753474086523
131.284,-1.2130917310714722,0.19044709205627441,0.02102496661245823
131.304,-1.1094337701797485,0.21367233991622925,0.14155180752277374
131.324,-1.0825413465499878,0.2652568519115448,0.21807292103767395
131.344,-1.0654280185699463,0.24985484778881073,0.10096874088048935
131.364,-1.140237808227539,0.21636158227920532,-0.06698652356863022
131.384,-1.2233597040176392,0.1931363195180893,-0.1804235577583313
131.404,-1.1610182523727417,0.1836017519235611,-0.1716224104166031
131.434,-1.0637166500091553,0.18653546273708344,-0.2019374817609787
131.454,-1.1436604261398315,0.21342787146568298,-0.12737219035625458
131.474,-1.0644500255584717,0.25156617164611816,0.02298077754676342
131.494,-1.0600495338439941,0.2640344798564911,0.0430278405547142
131.514,-1.0219111442565918,0.23249702155590057,-0.013446199707686901
131.534,-1.1267915964126587,0.24007578194141388,-0.04009412229061127
131.554,-1.1627296209335327,0.2317635864019394,-0.022247349843382835
131.574,-1.185465931892395,0.2298077791929245,-0.04033859819173813
131.594,-1.11114501953125,0.22002872824668884,-0.06503070890903473
131.614,-1.053937554359436,0.22956331074237823,-0.0943678766489029
131.634,-1.1309477090835571,0.2593894302845001,-0.10536931455135345
131.654,-1.071051001548767,0.23518626391887665,-0.0955902561545372
131.674,-1.0800966024398804,0.2342083603143692,-0.10708064585924149
131.694,-1.041958212852478,0.2437429279088974,-0.07945481687784195
131.714,-1.0671392679214478,0.24325397610664368,-0.03838278725743294
131.734,-1.0490480661392212,0.2708798050880432,-0.039849646389484406
131.754,-1.095009684562683,0.2481435090303421,-0.006845338270068169
131.774,-1.1223909854888916,0.2456987500190735,-0.03007059171795845
131.794,-1.017021656036377,0.22491824626922607,-0.10854750126600266
131.814,-1.0282676219940186,0.2170950025320053,-0.03031506948173046
131.834,-1.2368059158325195,0.24594321846961975,-0.0070898146368563175
131.854,-1.1962227821350098,0.2530330419540405,-0.02640344761312008
131.884,-1.0959875583648682,0.26672372221946716,-0.09192311018705368
131.904,-1.039268970489502,0.2625676095485687,-0.06234147399663925
131.924,-1.161507248878479,0.28652629256248474,0.0354490727186203
131.944,-1.0314457416534424,0.2569446563720703,0.16575497388839722
131.964,-0.979127824306488,0.21171653270721436,0.1804235577583313
131.984,-1.054671049118042,0.19264736771583557,0.1361733376979828
132.004,-1.2712770700454712,0.20658253133296967,-0.07309843599796295
132.024,-1.1353482007980347,0.1386180967092514,-0.2285853922367096
132.044,-1.2047795057296753,0.029092686250805855,-0.29777219891548157
132.064,-1.2918131351470947,0.17455612123012543,-0.23225253820419312
132.084,-1.2082021236419678,0.12077132612466812,-0.026892399415373802
132.104,-0.8769367337226868,0.05989670753479004,0.06503070890903473
132.124,-0.9172753095626831,0.06698652356863022,0.0014668582007288933
132.144,-1.0886532068252563,0.030559545382857323,-0.02298077754676342
132.164,-0.9365889430046082,0.028848210349678993,0.0051340037025511265
132.184,-0.8798704147338867,0.04767289012670517,0.11221464723348618
132.204,-1.1365705728530884,0.021758396178483963,-0.009290101937949657
132.224,-1.047092318534851,0.06283042579889297,0.01613543927669525
132.244,-0.7581211924552917,0.029092686250805855,0.098768450319767
132.264,-0.9021177887916565,0.07627662271261215,0.1469302922487259
132.284,-1.1143232583999634,0.20609357953071594,0.15230877697467804
132.304,-1.2319164276123047,0.2126944363117218,0.006845338270068169
132.334,-1.301836609840393,0.13886258006095886,0.08972282707691193
132.354,-0.9392781853675842,0.07456529140472412,0.1437520980834961
132.374,-1.041958212852478,0.04278336465358734,-0.009290101937949657
132.394,-1.0827858448028564,0.06869785487651825,-0.13397304713726044
132.414,-1.122879981994629,0.08263301104307175,-0.00440057460218668
132.434,-0.9079852104187012,0.02322525531053543,0.16991107165813446
132.454,-0.7280505895614624,0.0012223818339407444,0.22809644043445587
132.474,-0.7715674042701721,-0.020536014810204506,0.1740671694278717
132.494,-0.9522354602813721,-0.03153745085000992,0.17455612123012543
132.514,-1.2561194896697998,0.04913974925875664,0.20364880561828613
132.534,-1.365644931793213,-0.02126944437623024,0.3165968954563141
132.554,-1.286190152168274,-0.12297160923480988,0.274791419506073
132.574,-1.2825230360031128,-0.110747791826725,0.3278428018093109
132.594,-1.3893591165542603,-0.11661522835493088,0.2246737778186798
132.614,-1.379335641860962,-0.12174922972917557,0.2107386291027069
132.634,-1.369067668914795,-0.09045625478029251,0.209516242146492
132.654,-1.261497974395752,-0.10243559628725052,0.19607004523277283
132.674,-0.8982061743736267,-0.07505424320697784,0.2146502435207367
132.694,-0.866668701171875,-0.01955810934305191,0.26232314109802246
132.714,-1.0673837661743164,0.019069155678153038,0.1285945624113083
132.734,-1.196711778640747,0.005867432802915573,0.13006141781806946
132.744,-1.2680988311767578,-0.00880114920437336,0.20584909617900848
132.774,-0.8874492049217224,-0.029337164014577866,0.15230877697467804
132.794,-0.7608104348182678,-0.0354490727186203,0.14204075932502747
132.814,-1.0106652975082397,-0.021758396178483963,0.1867799460887909
132.834,-1.0336461067199707,0.08141063153743744,0.2386089265346527
132.854,-0.9199645519256592,0.023958683013916016,0.21024967730045319
132.874,-0.6177917718887329,-0.16575497388839722,0.36744797229766846
132.894,-0.8730250597000122,-0.17700088024139404,0.25547778606414795
132.914,-1.6482596397399902,-0.23518626391887665,0.03398221358656883
132.934,-1.2062463760375977,-0.3324878513813019,0.11832655966281891
132.954,-0.7715674042701721,-0.2906824052333832,0.2405647337436676
132.974,-0.749564528465271,-0.23567521572113037,0.4322341978549957
132.994,-0.9510130286216736,-0.23274149000644684,0.2354307323694229
133.014,-1.124835729598999,-0.24520979821681976,0.23958683013916016
133.034,-1.0035754442214966,-0.2019374817609787,0.28848209977149963
133.054,-0.7779237627983093,-0.185557559132576,0.3879839777946472
133.074,-0.8385539054870605,-0.14399658143520355,0.43467897176742554
133.094,-0.9991748929023743,-0.1398404836654663,0.21122758090496063
133.114,-0.9994193911552429,-0.16135439276695251,0.21953977644443512
133.134,-0.9417229294776917,-0.14888609945774078,0.39922991394996643
133.154,-1.0771628618240356,-0.16746631264686584,0.37013721466064453
133.174,-1.2020902633666992,-0.20438224077224731,0.258167028427124
133.184,-1.2754331827163696,-0.23567521572113037,0.16477707028388977
133.214,-1.1732420921325684,-0.2593894302845001,0.14790819585323334
133.234,-1.0478256940841675,-0.2417871206998825,0.21293890476226807
133.254,-1.104299783706665,-0.17797879874706268,0.2342083603143692
133.274,-1.1319255828857422,-0.17186687886714935,0.209516242146492
133.294,-1.2712770700454712,-0.1848241239786148,0.1513308733701706
133.314,-1.0571157932281494,-0.23371940851211548,0.10854750126600266
133.334,-0.9698377251625061,-0.16991107165813446,0.23445282876491547
133.354,-0.9962411522865295,-0.10145769268274307,0.3608471155166626
133.374,-1.0681172609329224,-0.1608654409646988,0.31879717111587524
133.394,-1.1747089624404907,-0.2823702096939087,0.13446199893951416
133.414,-1.0165326595306396,-0.26378998160362244,0.12126027792692184
133.434,-0.9419674277305603,-0.1752895563840866,0.2488769292831421
133.454,-0.7622773051261902,-0.1608654409646988,0.3420224189758301
133.474,-0.9849952459335327,-0.157687246799469,0.30926260352134705
133.494,-1.089631199836731,-0.17040002346038818,0.238119974732399
133.514,-0.8862268328666687,-0.20022614300251007,0.24447636306285858
133.534,-0.7918589115142822,-0.17773431539535522,0.20804938673973083
133.554,-0.8436879515647888,-0.132995143532753,0.21538367867469788
133.574,-0.949546217918396,-0.10170216858386993,0.197536900639534
133.594,-0.9341441988945007,-0.03593802452087402,0.3361549973487854
133.614,-0.9871955513954163,-0.04376126825809479,0.3799162805080414
133.624,-1.122879981994629,-0.1278611421585083,0.19607004523277283
133.654,-1.278611421585083,-0.30926260352134705,-0.046939462423324585
133.674,-0.9632368683815002,-0.33322128653526306,0.06283042579889297
133.694,-0.8336644172668457,-0.29483848810195923,0.03691593185067177
133.714,-1.0678727626800537,-0.31292974948883057,-0.03764935955405235
133.734,-1.3277511596679688,-0.3234422206878662,-0.12248265743255615
133.754,-1.200134515762329,-0.3481343388557434,-0.10023530572652817
133.774,-1.1404821872711182,-0.29654982686042786,-0.08972282707691193
133.794,-1.193044662475586,-0.22711853682994843,-0.020291538909077644
133.814,-1.2074687480926514,-0.1867799460887909,0.017357822507619858
133.834,-1.1512391567230225,-0.1645325869321823,-0.0031781927682459354
133.854,-0.7923479080200195,-0.18213489651679993,-0.11808208376169205
133.874,-0.6351495981216431,-0.18384622037410736,-0.26427894830703735
133.894,-0.9603031277656555,-0.2576780915260315,-0.31488555669784546
133.914,-1.203312635421753,-0.3183082342147827,-0.3388442397117615
133.934,-1.2830119132995605,-0.2740580141544342,-0.1892247051000595
133.954,-1.183021068572998,-0.28701525926589966,-0.06478623300790787
133.974,-0.955169141292572,-0.34348928928375244,-0.06747547537088394
133.994,-0.8079943656921387,-0.3334657549858093,-0.13812914490699768
134.014,-1.0008862018585205,-0.33395472168922424,-0.24520979821681976
134.034,-1.216025471687317,-0.3190416395664215,-0.2576780915260315
134.054,-1.158818006515503,-0.27943646907806396,-0.09925740212202072
134.064,-0.9832839369773865,-0.28139230608940125,-0.041560981422662735
134.094,-0.9070072770118713,-0.3170858323574066,-0.07432081550359726
134.114,-1.022400140762329,-0.32564252614974976,0.023714207112789154
134.134,-1.241939902305603,-0.274791419506073,-0.050362128764390945
134.154,-1.1126118898391724,-0.27136877179145813,-0.06820890307426453
134.174,-1.0913424491882324,-0.273324579000473,0.06258594989776611
134.194,-1.0908535718917847,-0.3114628791809082,0.12517189979553223
134.214,-0.9703266620635986,-0.36695900559425354,0.21856187283992767
134.234,-0.8698468804359436,-0.4102313220500946,0.2298077791929245
134.254,-0.932921826839447,-0.3716040849685669,0.16795526444911957
134.274,-1.1678636074066162,-0.3576689064502716,0.20438224077224731
134.294,-0.9896402955055237,-0.4285670518875122,0.24203160405158997
134.314,-0.7451639771461487,-0.508021891117096,0.27943646907806396
134.334,-0.6613085865974426,-0.4774623215198517,0.27699172496795654
134.354,-0.8155731558799744,-0.37576016783714294,0.3246646225452423
134.374,-0.9407450556755066,-0.28383705019950867,0.33835527300834656
134.394,-0.9666595458984375,-0.14326314628124237,0.2645234167575836
134.414,-0.9874400496482849,0.03129297494888306,0.4615713655948639
134.434,-0.9023622274398804,-0.025670018047094345,0.49286434054374695
134.454,-1.0686061382293701,-0.20487119257450104,0.33468812704086304
134.474,-1.1360816955566406,-0.33762186765670776,0.07040919363498688
134.494,-1.1223909854888916,-0.3334657549858093,-0.18751336634159088
134.504,-0.8040827512741089,-0.30192831158638,-0.21636158227920532
134.529,-0.72658371925354,-0.2804143726825714,-0.24716560542583466
134.549,-0.9321883916854858,-0.19900375604629517,-0.10365797579288483
134.569,-1.1908444166183472,-0.17504507303237915,-0.0051340037025511265
134.589,-1.2910796403884888,-0.19484765827655792,0.06038566306233406
134.609,-1.1006325483322144,-0.19655899703502655,0.006111909169703722
134.629,-1.0255783796310425,-0.26036733388900757,0.11808208376169205
134.649,-1.1069890260696411,-0.30046144127845764,0.17675641179084778
134.669,-1.062249779701233,-0.3571799695491791,-0.005622956436127424
134.689,-0.9698377251625061,-0.31366318464279175,-0.11441493779420853
134.709,-0.7366072535514832,-0.28383705019950867,-0.12126027792692184
134.729,-0.7879472970962524,-0.26427894830703735,-0.32833176851272583
134.749,-0.8114170432090759,-0.24789902567863464,-0.41047582030296326
134.769,-1.0312012434005737,-0.25034379959106445,-0.5894325375556946
134.789,-1.0681172609329224,-0.2911713421344757,-0.578186571598053
134.809,-0.9319438934326172,-0.2843260169029236,-0.5412706732749939
134.829,-0.9294991493225098,-0.2772361934185028,-0.5686520338058472
134.849,-0.9537022709846497,-0.274791419506073,-0.5476270318031311
134.869,-0.9473459124565125,-0.22149558365345,-0.5388259291648865
134.889,-1.1622406244277954,-0.18017907440662384,-0.5417596101760864
134.909,-1.0737401247024536,-0.21244995296001434,-0.5527610778808594
134.929,-1.0686061382293701,-0.23640863597393036,-0.5806313753128052
134.939,-1.1429270505905151,-0.2911713421344757,-0.6031231880187988
134.969,-1.0678727626800537,-0.2652568519115448,-0.4425022304058075
134.989,-1.2052685022354126,-0.25425541400909424,-0.39776304364204407
135.009,-1.125569224357605,-0.27503591775894165,-0.556917130947113
135.029,-1.0380465984344482,-0.2791920006275177,-0.5473825931549072
135.049,-0.7676557898521423,-0.3126852810382843,-0.44665831327438354
135.069,-0.6818445920944214,-0.2975277304649353,-0.31244078278541565
135.089,-0.8872047066688538,-0.20487119257450104,-0.2980166971683502
135.109,-0.9825505018234253,-0.20658253133296967,-0.33908870816230774
135.129,-0.8852488994598389,-0.17235583066940308,-0.2620786726474762
135.149,-0.9361000061035156,-0.1505974382162094,-0.27430248260498047
135.169,-0.9131191968917847,-0.19973719120025635,-0.45032545924186707
135.189,-1.0404913425445557,-0.2070714831352234,-0.395073801279068
135.209,-1.0935428142547607,-0.2342083603143692,-0.3178192675113678
135.229,-1.0013751983642578,-0.2007150948047638,-0.27870306372642517
135.249,-0.8925831913948059,-0.15084192156791687,-0.2469211220741272
135.269,-0.8700913786888123,-0.17553402483463287,-0.3532683551311493
135.289,-1.0008862018585205,-0.2461877018213272,-0.39800751209259033
135.309,-1.0891422033309937,-0.23249702155590057,-0.35546863079071045
135.329,-0.7038474678993225,-0.24080921709537506,-0.28261467814445496
135.349,-0.5789200067520142,-0.20462670922279358,-0.29654982686042786
135.369,-0.8686245083808899,-0.22247348725795746,-0.40680867433547974
135.389,-1.0475811958312988,-0.2513217031955719,-0.47012805938720703
135.42,-0.9519909620285034,-0.24276502430438995,-0.3828499913215637
135.44,-0.7815909385681152,-0.2549888491630554,-0.39800751209259033
135.46,-0.6163249015808105,-0.21244995296001434,-0.5400483012199402
135.48,-0.9248540997505188,-0.2669681906700134,-0.7485865950584412
135.5,-1.0722733736038208,-0.2329859733581543,-0.7784127593040466
135.52,-0.8392873406410217,-0.20462670922279358,-0.6759771704673767
135.54,-0.7087369561195374,-0.22442929446697235,-0.5801423788070679
135.56,-0.7627662420272827,-0.25743362307548523,-0.6485958099365234
135.58,-0.9779054522514343,-0.277969628572464,-0.5696299076080322
135.6,-1.0793631076812744,-0.29532745480537415,-0.6080127358436584
135.62,-0.8935611248016357,-0.29288268089294434,-0.582831621170044
135.64,-0.690645694732666,-0.29972800612449646,-0.661064088344574
135.66,-0.5911438465118408,-0.29019343852996826,-0.7625218033790588
135.68,-0.8385539054870605,-0.27625828981399536,-0.7889252305030823
135.7,-0.885004460811615,-0.2703908681869507,-0.6972466111183167
135.72,-0.8615347146987915,-0.25229960680007935,-0.602145254611969
135.74,-0.7818353772163391,-0.25425541400909424,-0.5358921885490417
135.76,-0.8123949766159058,-0.21538367867469788,-0.6600861549377441
135.78,-0.9603031277656555,-0.21611709892749786,-0.7488310933113098
135.8,-1.0952540636062622,-0.23787550628185272,-0.6886898875236511
135.82,-0.8876936435699463,-0.2170950025320053,-0.5952999591827393
135.84,-0.6285487413406372,-0.21049414575099945,-0.5065550208091736
135.86,-0.7478532195091248,-0.25792255997657776,-0.520001232624054
135.88,-0.9830394387245178,-0.2943495512008667,-0.49335330724716187
135.9,-1.027289628982544,-0.29459401965141296,-0.38773950934410095
135.92,-0.8634905219078064,-0.30852916836738586,-0.3703816831111908
135.94,-0.8045716881752014,-0.2520551383495331,-0.37380436062812805
135.96,-0.8840265274047852,-0.2107386291027069,-0.4923754036426544
135.98,-0.9849952459335327,-0.22491824626922607,-0.48528558015823364
136,-1.020688772201538,-0.19680346548557281,-0.4708614647388458
136.02,-1.033401608467102,-0.1525532454252243,-0.42954495549201965
136.04,-1.1126118898391724,-0.16551049053668976,-0.41194266080856323
136.06,-1.1524615287780762,-0.15597592294216156,-0.35742443799972534
136.08,-1.225559949874878,-0.14277419447898865,-0.20487119257450104
136.1,-1.2803226709365845,-0.1513308733701706,-0.2601228356361389
136.12,-1.3194389343261719,-0.17235583066940308,-0.1266387552022934
136.14,-1.626501202583313,-0.21978424489498138,-0.2593894302845001
136.16,-1.6409252882003784,-0.29728326201438904,-0.20047061145305634
136.18,-0.8718026876449585,-0.459615558385849,0.12223818153142929
136.2,-0.7092259526252747,-0.556917130947113,0.4654829800128937
136.22,-0.7850136160850525,-0.5442043542861938,0.539314866065979
136.24,-0.5627846121788025,-0.26183417439460754,0.5850319266319275
136.26,-0.33150994777679443,0.003911621868610382,0.7710784673690796
136.28,-0.6243926286697388,-0.03936069458723068,0.8038382530212402
136.29,-0.6977355480194092,-0.19582556188106537,0.8155731558799744
136.314,-0.43956848978996277,-0.09607920795679092,0.9070072770118713
136.334,-0.0012223818339407444,0.157687246799469,1.117256999015808
136.354,-0.3615805506706238,0.18726889789104462,1.0497814416885376
136.374,-0.4305228590965271,0.08336643874645233,1.0485590696334839
136.394,-0.33908870816230774,0.10708064585924149,0.9835283756256104
136.414,-0.26501238346099854,0.10805854946374893,0.9893958568572998
136.434,-0.22076214849948883,0.09167863428592682,0.9062739014625549
136.454,-0.037893835455179214,0.05354032292962074,0.7696115970611572
136.474,-0.055740609765052795,-0.02298077754676342,0.6779329776763916
136.494,0.0004889527335762978,-0.01760229840874672,0.7507869005203247
136.514,-0.0968126431107521,0.0322708785533905,0.8600678443908691
136.534,-0.15426458418369293,0.050117652863264084,0.9637258052825928
136.554,-0.11954893916845322,0.07823243737220764,1.0140879154205322
136.574,-0.09290102124214172,0.10659169405698776,1.0143324136734009
136.594,-0.026892399415373802,0.12126027792692184,1.0199553966522217
136.614,0.03153745085000992,0.1278611421585083,1.0429362058639526
136.634,-0.012468294240534306,0.16477707028388977,1.091586947441101
136.654,-0.05622956156730652,0.23029673099517822,1.145127296447754
136.674,0.010268007405102253,0.2449653148651123,1.1431714296340942
136.694,0.034715645015239716,0.22614063322544098,1.11114501953125
136.714,-0.0051340037025511265,0.2063380479812622,1.111878514289856
136.734,-0.014913057908415794,0.20682699978351593,1.1094337701797485
136.764,0.0070898146368563175,0.20413775742053986,1.1062555313110352
136.784,0.004156098235398531,0.22002872824668884,1.0673837661743164
136.804,0.02322525531053543,0.20804938673973083,1.042691707611084
136.824,0.021758396178483963,0.22760748863220215,1.0314457416534424
136.844,0.03520459681749344,0.20364880561828613,1.0407358407974243
136.864,0.04058307781815529,0.18140146136283875,1.0624942779541016
136.884,-0.011734865605831146,0.2310301661491394,0.9617699980735779
136.904,0.05842985212802887,0.020780490711331367,0.8994285464286804
136.924,-0.11661522835493088,0.11441493779420853,0.971793532371521
136.944,-0.018335727974772453,0.29092687368392944,0.9886624217033386
136.964,0.08507777750492096,0.1171041801571846,1.0184885263442993
136.984,0.0848332941532135,0.10292454808950424,1.035112977027893
137.004,0.006356385536491871,0.1752895563840866,1.0243560075759888
137.024,0.04253888875246048,0.08996730297803879,1.062249779701233
137.044,-0.02322525531053543,0.13764019310474396,1.0827858448028564
137.064,-0.06234147399663925,0.11123674362897873,1.0857194662094116
137.084,0.03324878588318825,0.16428811848163605,1.078629732131958
137.104,0.03129297494888306,0.13030590116977692,1.079607605934143
137.124,-0.012957246974110603,0.12761665880680084,1.0800966024398804
137.144,-0.0322708785533905,0.17480060458183289,1.088897705078125
137.164,-0.05158451199531555,0.1481526792049408,1.0664058923721313
137.184,-0.027870304882526398,0.1063472181558609,1.042691707611084
137.214,-0.05500718206167221,0.08238853514194489,0.9999083280563354
137.234,-0.03838278725743294,0.1361733376979828,0.9955077171325684
137.254,0.0034226691350340843,0.11490388959646225,1.0175106525421143
137.274,0.014424105174839497,0.10732512176036835,1.0492925643920898
137.294,-0.03911621868610382,0.0848332941532135,1.0461143255233765
137.314,-0.018580203875899315,0.0430278405547142,1.0365797281265259
137.334,0.0386272668838501,-0.004156098235398531,1.0258227586746216
137.354,-0.0002444763667881489,0.0012223818339407444,1.0155547857284546
137.374,0.0004889527335762978,-0.009534577839076519,1.0123766660690308
137.394,-0.020780490711331367,-0.01613543927669525,1.0140879154205322
137.414,-0.07603214681148529,0.011979341506958008,1.032668113708496
137.434,-0.08630015701055527,0.011001436039805412,1.041958212852478
137.454,-0.04425022006034851,-0.003911621868610382,1.0275341272354126
137.474,-0.025425542145967484,-0.0007334291003644466,1.0199553966522217
137.494,-0.0430278405547142,0.018580203875899315,1.0275341272354126
137.514,-0.07138709723949432,0.03569354861974716,1.034379482269287
137.534,-0.07798796147108078,0.031048497185111046,1.04538094997406
137.554,-0.055496133863925934,0.0070898146368563175,1.0602940320968628
137.574,-0.019069155678153038,-0.018091250211000443,1.0541820526123047
137.594,-0.014668582007288933,-0.017113344743847847,1.0668948888778687
137.614,-0.057696420699357986,-0.032759834080934525,1.0673837661743164
137.634,-0.10781407356262207,0.005622956436127424,1.098187804222107
137.664,0.032515354454517365,0.12248265743255615,1.1373040676116943
137.684,-0.19460318982601166,0.18335726857185364,1.0292454957962036
137.704,-0.28823763132095337,0.06063013896346092,0.9952632784843445
137.724,-0.18726889789104462,0.01320172380656004,0.9730159044265747
137.744,-0.16037648916244507,0.20242643356323242,1.0150659084320068
137.764,0.0051340037025511265,-0.0031781927682459354,1.0043089389801025
137.784,-0.23763102293014526,-0.1202823668718338,0.9180087447166443
137.804,-0.5664517283439636,-0.11099226772785187,0.9214314222335815
137.824,-0.7109372615814209,-0.08067719638347626,0.943189799785614
137.844,-0.49653148651123047,-0.1848241239786148,0.9842618107795715
137.864,-0.6940683722496033,-0.25670018792152405,0.8825596570968628
137.884,-0.9999083280563354,-0.238119974732399,0.833419919013977
137.904,-0.7896586656570435,-0.29850563406944275,0.8823152184486389
137.924,-0.5006875991821289,-0.27136877179145813,0.8835375905036926
137.944,-0.3987409472465515,-0.27699172496795654,0.8771811723709106
137.964,-0.45179232954978943,-0.2892155349254608,0.7529872059822083
137.984,-0.7275616526603699,-0.2875041961669922,0.5698744058609009
138.004,-1.0857194662094116,-0.28652629256248474,0.45937108993530273
138.024,-1.321150302886963,-0.3090181350708008,0.459615558385849
138.044,-1.176175832748413,-0.2970387935638428,0.5109555721282959
138.064,-0.8955169320106506,-0.28823763132095337,0.5156006217002869
138.084,-0.8757143020629883,-0.2982611656188965,0.23323045670986176
138.114,-1.093298316001892,-0.3596247434616089,0.1298169493675232
138.134,-1.0365797281265259,-0.39287352561950684,0.21049414575099945
138.154,-0.8960058689117432,-0.3229532837867737,0.2564556896686554
138.174,-0.8466216325759888,-0.3297986090183258,0.24789902567863464
138.194,-0.9297435879707336,-0.35620206594467163,0.1728447824716568
138.214,-0.9862176179885864,-0.3613360524177551,0.15230877697467804
138.234,-1.1901109218597412,-0.37062615156173706,0.07480976730585098
138.254,-1.2350945472717285,-0.3931179940700531,0.21513919532299042
138.274,-0.9104299545288086,-0.3740488290786743,0.28505945205688477
138.294,-0.5657182931900024,-0.35302385687828064,0.35351282358169556
138.314,-0.40852001309394836,-0.3474009037017822,0.40045228600502014
138.334,-0.4405463933944702,-0.2904379069805145,0.4429911673069
138.354,-0.7072701454162598,-0.25156617164611816,0.49090853333473206
138.374,-0.8979616761207581,-0.20438224077224731,0.6280597448348999
138.394,-0.7018916606903076,-0.22002872824668884,0.7842801809310913
138.414,-0.5109555721282959,-0.20144851505756378,0.8625125885009766
138.434,-0.42049935460090637,-0.1645325869321823,0.9043180346488953
138.454,-0.5698744058609009,-0.08630015701055527,0.9018732905387878
138.474,-0.48528558015823364,-0.010268007405102253,1.0074870586395264
138.494,-0.5067995190620422,0.01564648747444153,1.081318974494934
138.514,-0.4887082576751709,-0.016379917040467262,1.1206796169281006
138.534,-0.3420224189758301,-0.02322525531053543,1.1113895177841187
138.564,-0.22076214849948883,0.05818537250161171,1.0959875583648682
138.584,-0.3163524270057678,0.0943678766489029,1.0644500255584717
138.604,-0.5473825931549072,0.09461235255002975,1.1153011322021484
138.624,-0.7133820056915283,0.09167863428592682,1.1069890260696411
138.644,-0.6441951990127563,0.08263301104307175,1.0881643295288086
138.664,-0.30217278003692627,0.05720746889710426,1.0402469635009766
138.684,-0.05451823025941849,0.0029337164014577866,1.0219111442565918
138.704,-0.26819056272506714,0.043516792356967926,0.9642148017883301
138.724,-0.43590134382247925,0.09314549714326859,1.0043089389801025
138.744,-0.45912662148475647,0.09754607081413269,1.015310287475586
138.764,-0.3486233055591583,0.08116615563631058,1.0052868127822876
138.784,-0.26867952942848206,0.07187604904174805,0.979127824306488
138.804,-0.2530330419540405,0.07994376868009567,0.964459240436554
138.824,-0.3095070719718933,0.09803502261638641,0.9798612594604492
138.844,-0.3483788073062897,0.1334840953350067,0.9923295378684998
138.864,-0.3723374903202057,0.12052685022354126,0.995752215385437
138.884,-0.33591052889823914,0.11050331592559814,1.0023530721664429
138.904,-0.2831036150455475,0.12443846464157104,1.0047978162765503
138.924,-0.3109739422798157,0.12835009396076202,1.0021085739135742
138.944,-0.3747822642326355,0.12712770700454712,0.9967301487922668
138.964,-0.40094122290611267,0.12590532004833221,1.006020188331604
138.974,-0.3505791127681732,0.12712770700454712,1.0157992839813232
139.004,-0.3063288927078247,0.110747791826725,1.0021085739135742
139.024,-0.37135958671569824,0.09510130435228348,0.9752162098884583
139.044,-0.3994743824005127,0.10879198461771011,0.9903737306594849
139.064,-0.3285762369632721,0.10903646051883698,1.0111541748046875
139.084,-0.33150994777679443,0.1127036064863205,0.9999083280563354
139.104,-0.3623139560222626,0.11539284139871597,0.9940409064292908
139.124,-0.3691593110561371,0.11685970425605774,1.0018640756607056
139.144,-0.4114537239074707,0.1266387552022934,0.9928185343742371
139.164,-0.42441096901893616,0.14081838726997375,1.0018640756607056
139.184,-0.4065641760826111,0.1437520980834961,0.9999083280563354
139.204,-0.38089418411254883,0.14277419447898865,0.9964856505393982
139.224,-0.3906732201576233,0.15744277834892273,0.995752215385437
139.244,-0.3894508481025696,0.15524248778820038,0.9903737306594849
139.264,-0.4134095311164856,0.16575497388839722,1.0030865669250488
139.284,-0.4058307707309723,0.17431165277957916,1.020688772201538
139.304,-0.395073801279068,0.1664884090423584,1.0040644407272339
139.324,-0.3676924407482147,0.16991107165813446,0.9952632784843445
139.344,-0.36060264706611633,0.17113345861434937,0.9879289865493774
139.364,-0.4011857211589813,0.1728447824716568,0.9937964081764221
139.384,-0.43834611773490906,0.17113345861434937,0.9994193911552429
139.404,-0.3899397850036621,0.16379916667938232,0.9999083280563354
139.424,-0.3613360524177551,0.15035296976566315,0.9972190856933594
139.454,-0.3999633193016052,0.17357821762561798,0.9920850992202759
139.474,-0.36500319838523865,0.16062097251415253,0.9886624217033386
139.494,-0.3943403661251068,0.1740671694278717,0.9945298433303833
139.514,-0.3860281705856323,0.1677107810974121,0.9962411522865295
139.534,-0.3818720877170563,0.16135439276695251,0.990129292011261
139.554,-0.3799162805080414,0.14986400306224823,0.9757051467895508
139.574,-0.4405463933944702,0.15108639001846313,0.9786388874053955
139.594,-0.4552149772644043,0.1708889752626419,1.0028420686721802
139.614,-0.3811386525630951,0.15670934319496155,0.9952632784843445
139.634,-0.3774715065956116,0.169666588306427,0.9700822234153748
139.654,-0.37624913454055786,0.16282126307487488,0.9715490341186523
139.674,-0.3728264570236206,0.16037648916244507,0.9818170666694641
139.694,-0.40803104639053345,0.15670934319496155,0.9893958568572998
139.714,-0.40363046526908875,0.16697736084461212,0.9842618107795715
139.734,-0.38211655616760254,0.15597592294216156,0.9612810611724854
139.754,-0.37258198857307434,0.15866516530513763,0.9673929810523987
139.774,-0.41047582030296326,0.16062097251415253,0.98548424243927
139.794,-0.42245516180992126,0.16159887611865997,0.997463583946228
139.814,-0.42392200231552124,0.1501084864139557,0.9862176179885864
139.834,-0.3945848345756531,0.14448553323745728,0.9798612594604492
139.854,-0.4031415283679962,0.15622039139270782,0.9871955513954163
139.874,-0.40485286712646484,0.1608654409646988,0.9840173721313477
139.904,-0.4107202887535095,0.1601320207118988,0.980839192867279
139.924,-0.40485286712646484,0.16037648916244507,0.9923295378684998
139.944,-0.39409589767456055,0.16110992431640625,0.9930629730224609
139.964,-0.35938024520874023,0.16062097251415253,0.9889068603515625
139.984,-0.35155701637268066,0.16819973289966583,0.983772873878479
140.004,-0.42587780952453613,0.17113345861434937,0.9776609539985657
140.024,-0.4038749635219574,0.17651192843914032,1.0043089389801025
140.044,-0.36818140745162964,0.1760229766368866,1.0065091848373413
140.064,-0.3799162805080414,0.18066802620887756,0.9874400496482849
140.084,-0.3461785316467285,0.17455612123012543,0.9691042900085449
140.104,-0.3603581488132477,0.16551049053668976,0.9634813666343689
140.124,-0.41047582030296326,0.17748983204364777,0.9622589349746704
140.144,-0.39409589767456055,0.1892247051000595,0.9400116205215454
140.164,-0.3728264570236206,0.16942211985588074,0.9126302599906921
140.184,-0.3804052174091339,0.18262384831905365,0.9040735960006714
140.204,-0.4405463933944702,0.2026709020137787,0.8837820291519165
140.224,-0.5058215856552124,0.185557559132576,0.8522446155548096
140.244,-0.5578950643539429,0.15988753736019135,0.8292638063430786
140.264,-0.6043455600738525,0.12883904576301575,0.7989487648010254
140.284,-0.6019008159637451,0.10659169405698776,0.7879472970962524
140.304,-0.5581395626068115,0.110747791826725,0.7630107402801514
140.324,-0.5006875991821289,0.10463587939739227,0.7534761428833008
140.344,-0.6253705620765686,0.06674204766750336,0.6647312045097351
140.364,-0.8669131994247437,-0.02664792351424694,0.6368609070777893
140.384,-1.0106652975082397,-0.029337164014577866,0.6635088324546814
140.404,-1.0571157932281494,-0.01320172380656004,0.6992024183273315
140.424,-1.0069981813430786,-0.034715645015239716,0.7172936201095581
140.444,-0.9427008628845215,-0.057451944798231125,0.7104483246803284
140.464,-0.9153195023536682,-0.05671851709485054,0.7204718589782715
140.484,-0.9356110095977783,-0.05720746889710426,0.7104483246803284
140.504,-1.018733024597168,-0.04547260329127312,0.6967576146125793
140.524,-1.0458698272705078,-0.030559545382857323,0.677688479423523
140.544,-1.0285120010375977,-0.034715645015239716,0.6493292450904846
140.564,-1.0463588237762451,-0.023714207112789154,0.5979892015457153
140.584,-0.9647037386894226,-0.03740488365292549,0.5820982456207275
140.604,-0.9407450556755066,-0.038138311356306076,0.5840540528297424
140.624,-0.9219203591346741,0.005622956436127424,0.5706078410148621
140.644,-0.8744919300079346,0.004156098235398531,0.5552058219909668
140.664,-0.8632460236549377,-0.013935152441263199,0.556917130947113
140.684,-0.8886715769767761,0.0004889527335762978,0.5534945130348206
140.704,-0.9092075824737549,0.010023530572652817,0.549582839012146
140.724,-0.9065183401107788,0.01320172380656004,0.5530055165290833
140.744,-0.8698468804359436,0.006845338270068169,0.5468935966491699
140.764,-0.8361091613769531,-0.006111909169703722,0.539314866065979
140.794,-0.8515111804008484,0.006111909169703722,0.566207230091095
140.814,-0.8862268328666687,0.029092686250805855,0.5806313753128052
140.834,-0.8950279355049133,0.02493658848106861,0.5867432951927185
140.854,-0.9028512239456177,0.029581639915704727,0.6058124303817749
140.874,-0.8942945599555969,0.0386272668838501,0.6185252070426941
140.894,-0.9023622274398804,0.03398221358656883,0.6471289396286011
140.914,-0.9204534888267517,0.057451944798231125,0.6661980748176575
140.934,-0.9087186455726624,0.04107202962040901,0.6654646396636963
140.954,-0.8974727392196655,0.02835925854742527,0.6762216091156006
140.974,-0.8930721282958984,0.032515354454517365,0.686000645160675
140.994,-0.9099410176277161,0.034226689487695694,0.6921125650405884
141.014,-0.9055404663085938,0.045228127390146255,0.6710876226425171
141.034,-0.9182532429695129,0.05158451199531555,0.6603306531906128
141.054,-0.9180087447166443,0.06845337897539139,0.6522629261016846
141.074,-0.9094520807266235,0.06063013896346092,0.6393057107925415
141.094,-0.9197200536727905,0.06356385350227356,0.620481014251709
141.114,-0.9153195023536682,0.07212052494287491,0.6119243502616882
141.134,-0.8920942544937134,0.07994376868009567,0.6016563177108765
141.154,-0.8806038498878479,0.07040919363498688,0.5940775871276855
141.174,-0.8967393040657043,0.07676557451486588,0.5916327834129333
141.194,-0.8960058689117432,0.08287748694419861,0.5882101058959961
141.214,-0.8889160752296448,0.0752987191081047,0.5877211689949036
141.234,-0.8872047066688538,0.08678910881280899,0.5862542986869812
141.254,-0.8803593516349792,0.08287748694419861,0.5928551554679871
141.274,-0.8930721282958984,0.0880114883184433,0.6016563177108765
141.294,-0.8979616761207581,0.09192311018705368,0.6033676862716675
141.314,-0.8920942544937134,0.09070073068141937,0.6048344969749451
141.334,-0.8566451668739319,0.0784769132733345,0.6129022240638733
141.354,-0.8608012795448303,0.07138709723949432,0.6160804033279419
141.374,-0.8823152184486389,0.07432081550359726,0.6231702566146851
141.394,-0.8808483481407166,0.07114262133836746,0.6258594989776611
141.414,-0.8830485939979553,0.06600861996412277,0.6258594989776611
141.434,-0.8916053175926208,0.064541757106781,0.6195030808448792
141.454,-0.9055404663085938,0.06283042579889297,0.6273263692855835
141.474,-0.932921826839447,0.07358738780021667,0.6305045485496521
141.494,-0.9272988438606262,0.07432081550359726,0.6248815655708313
141.514,-0.9055404663085938,0.06258594989776611,0.6192586421966553
141.534,-0.9084741473197937,0.06894233077764511,0.6190141439437866
141.554,-0.9128747582435608,0.06747547537088394,0.6138801574707031
141.574,-0.9148305654525757,0.06723099946975708,0.6151025295257568
141.594,-0.9057849049568176,0.0740763396024704,0.6097240447998047
141.614,-0.8982061743736267,0.07236500084400177,0.6006784439086914
141.634,-0.8989396095275879,0.07383186370134354,0.5962778329849243
141.654,-0.8974727392196655,0.07701005041599274,0.5882101058959961
141.664,-0.8874492049217224,0.0664975717663765,0.5894325375556946
141.694,-0.899917483329773,0.06576414406299591,0.5840540528297424
141.714,-0.8967393040657043,0.06918681412935257,0.5862542986869812
141.734,-0.9006509184837341,0.07212052494287491,0.580875813961029
141.754,-0.8938055634498596,0.07187604904174805,0.5889435410499573
141.774,-0.9040735960006714,0.08458881825208664,0.591877281665802
141.794,-0.9067628383636475,0.07872138917446136,0.5945665240287781
141.814,-0.8938055634498596,0.0772545337677002,0.5933441519737244
141.834,-0.914586067199707,0.07823243737220764,0.597500205039978
141.854,-0.9260764718055725,0.08947835117578506,0.6153470277786255
141.874,-0.9346331357955933,0.09338997304439545,0.6082571744918823
141.894,-0.9194756150245667,0.08409986644983292,0.608501672744751
141.914,-0.9221648573875427,0.08287748694419861,0.6107019782066345
141.934,-0.9187421798706055,0.08581120520830154,0.6077682375907898
141.954,-0.9131191968917847,0.07505424320697784,0.6033676862716675
141.974,-0.9138526320457458,0.08067719638347626,0.6009228825569153
141.994,-0.9182532429695129,0.07994376868009567,0.5926107168197632
142.014,-0.9074962735176086,0.0752987191081047,0.5894325375556946
142.034,-0.9172753095626831,0.0804327204823494,0.5847874879837036
142.054,-0.9021177887916565,0.0816551074385643,0.5789200067520142
142.074,-0.9116523265838623,0.08141063153743744,0.5776976346969604
142.094,-0.9182532429695129,0.08434434235095978,0.5852764248847961
142.114,-0.9319438934326172,0.08947835117578506,0.5850319266319275
142.134,-0.9189866185188293,0.09754607081413269,0.5823426842689514
142.164,-0.913608193397522,0.09974635392427444,0.5842984914779663
142.184,-0.9023622274398804,0.09534578025341034,0.5899214744567871
142.204,-0.9035846590995789,0.09607920795679092,0.5926107168197632
142.224,-0.9006509184837341,0.09216758608818054,0.5955443978309631
142.244,-0.9013843536376953,0.10072425752878189,0.5926107168197632
142.264,-0.8996729850769043,0.0968126431107521,0.5867432951927185
142.284,-0.8986951112747192,0.09045625478029251,0.5842984914779663
142.304,-0.9180087447166443,0.09485682845115662,0.587232232093811
142.324,-0.9148305654525757,0.10243559628725052,0.5869877338409424
142.344,-0.9224092960357666,0.10096874088048935,0.5806313753128052
142.364,-0.902606725692749,0.09290102124214172,0.5811203122138977
142.384,-0.9116523265838623,0.09094520658254623,0.5806313753128052
142.404,-0.9160529375076294,0.09730159491300583,0.5816092491149902
142.424,-0.9055404663085938,0.09754607081413269,0.5789200067520142
142.444,-0.9109189510345459,0.09534578025341034,0.5823426842689514
142.464,-0.9189866185188293,0.10268007218837738,0.5874766707420349
142.484,-0.9246096014976501,0.1031690239906311,0.5842984914779663
142.504,-0.9133636951446533,0.10243559628725052,0.5852764248847961
142.524,-0.9224092960357666,0.10488036274909973,0.5847874879837036
142.544,-0.9243651032447815,0.098768450319767,0.5899214744567871
142.564,-0.9277877807617188,0.10145769268274307,0.5889435410499573
142.584,-0.9202090501785278,0.10072425752878189,0.5884546041488647
142.604,-0.9111633896827698,0.10365797579288483,0.5818537473678589
142.624,-0.9116523265838623,0.1019466444849968,0.5794090032577515
142.654,-0.913608193397522,0.10585826635360718,0.5801423788070679
142.674,-0.9211869239807129,0.10879198461771011,0.579897940158844
142.694,-0.9175198078155518,0.10463587939739227,0.5750083923339844
142.714,-0.9150750041007996,0.10756959766149521,0.5737860202789307
142.734,-0.9206979870796204,0.11197017133235931,0.5750083923339844
142.754,-0.9175198078155518,0.10781407356262207,0.5784310698509216
142.774,-0.9285212159156799,0.11514836549758911,0.5742749571800232
142.794,-0.9180087447166443,0.10683616995811462,0.5698744058609009
142.814,-0.9131191968917847,0.11221464723348618,0.5698744058609009
142.834,-0.9180087447166443,0.11001436412334442,0.5779421329498291
142.854,-0.9177642464637756,0.11001436412334442,0.5732970833778381
142.874,-0.9133636951446533,0.11099226772785187,0.5723191499710083
142.894,-0.9101855158805847,0.11001436412334442,0.5720747113227844
142.914,-0.9216758608818054,0.11221464723348618,0.5757418274879456
142.934,-0.9285212159156799,0.11759313195943832,0.5830761194229126
142.954,-0.935855507850647,0.12443846464157104,0.5896769762039185
142.974,-0.9280322790145874,0.12712770700454712,0.582831621170044
142.994,-0.8962503671646118,0.11759313195943832,0.5779421329498291
143.014,-0.8930721282958984,0.1095254123210907,0.5803868770599365
143.034,-0.9253430366516113,0.11514836549758911,0.5830761194229126
143.054,-0.9160529375076294,0.1202823668718338,0.5759863257408142
143.074,-0.9131191968917847,0.1139259859919548,0.566207230091095
143.094,-0.9187421798706055,0.12223818153142929,0.5737860202789307
143.104,-0.9331662654876709,0.12835009396076202,0.5796534419059753
143.134,-0.9471014142036438,0.13323961198329926,0.5732970833778381
143.154,-0.9417229294776917,0.13470648229122162,0.5715857148170471
143.174,-0.9180087447166443,0.13006141781806946,0.5740305185317993
143.194,-0.9199645519256592,0.12761665880680084,0.5698744058609009
143.214,-0.9128747582435608,0.13030590116977692,0.5713412761688232
143.234,-0.9170308113098145,0.13323961198329926,0.5732970833778381
143.254,-0.9030956625938416,0.13568438589572906,0.5652293562889099
143.274,-0.9062739014625549,0.129083514213562,0.5708522796630859
143.294,-0.9219203591346741,0.13592885434627533,0.5784310698509216
143.314,-0.9324328303337097,0.13519543409347534,0.5779421329498291
143.334,-0.9140971302986145,0.13715124130249023,0.5732970833778381
143.354,-0.931210458278656,0.13812914490699768,0.5764752626419067
143.374,-0.926565408706665,0.13715124130249023,0.5732970833778381
143.394,-0.9272988438606262,0.13764019310474396,0.5715857148170471
143.414,-0.919231116771698,0.13372856378555298,0.5757418274879456
143.434,-0.9184976816177368,0.132995143532753,0.5730525851249695
143.454,-0.9219203591346741,0.13397304713726044,0.5720747113227844
143.474,-0.9165418744087219,0.13519543409347534,0.5657182931900024
143.494,-0.9148305654525757,0.13323961198329926,0.5608287453651428
143.514,-0.9184976816177368,0.1386180967092514,0.5669406652450562
143.534,-0.926565408706665,0.14448553323745728,0.5750083923339844
143.554,-0.9253430366516113,0.144974485039711,0.5740305185317993
143.574,-0.9250985383987427,0.14839714765548706,0.5762307643890381
143.594,-0.9060294032096863,0.15108639001846313,0.5708522796630859
143.614,-0.9143415689468384,0.14399658143520355,0.5649848580360413
143.634,-0.9158084392547607,0.14839714765548706,0.573541522026062
143.654,-0.9143415689468384,0.1505974382162094,0.5784310698509216
143.674,-0.9211869239807129,0.1469302922487259,0.5715857148170471
143.694,-0.9170308113098145,0.14252972602844238,0.5730525851249695
143.714,-0.902606725692749,0.13275066018104553,0.5693854689598083
143.734,-0.9087186455726624,0.13152828812599182,0.5640069842338562
143.754,-0.9079852104187012,0.13446199893951416,0.5637624859809875
143.774,-0.9111633896827698,0.1354399025440216,0.5703633427619934
143.794,-0.9314549565315247,0.1334840953350067,0.5669406652450562
143.814,-0.9471014142036438,0.15548697113990784,0.5757418274879456
143.834,-0.914586067199707,0.15426458418369293,0.5701189041137695
143.854,-0.9070072770118713,0.14155180752277374,0.556917130947113
143.874,-0.9187421798706055,0.14595238864421844,0.5708522796630859
143.894,-0.9155640006065369,0.15035296976566315,0.5852764248847961
143.914,-0.9187421798706055,0.14473000168800354,0.5757418274879456
143.934,-0.9158084392547607,0.14790819585323334,0.5745194554328918
143.954,-0.9155640006065369,0.14888609945774078,0.5762307643890381
143.974,-0.9206979870796204,0.15328668057918549,0.5750083923339844
143.994,-0.9177642464637756,0.15719829499721527,0.5710967779159546
144.014,-0.9184976816177368,0.1608654409646988,0.5769641995429993
144.034,-0.9241206645965576,0.1601320207118988,0.5742749571800232
144.054,-0.9114078879356384,0.15402010083198547,0.573541522026062
144.074,-0.9084741473197937,0.15328668057918549,0.5723191499710083
144.084,-0.9101855158805847,0.16037648916244507,0.5762307643890381
