# Time (seconds),f0
0.0078125,23.72314453125
0.0234375,23.743637084960938
0.0390625,23.731719970703125
0.0546875,23.734695434570312
0.0703125,23.730224609375
0.0859375,23.735435485839844
0.1015625,23.714950561523438
0.1171875,23.731719970703125
0.1328125,23.725753784179688
0.1484375,23.720542907714844
0.1640625,23.731719970703125
0.1796875,23.732086181640625
0.1953125,23.730224609375
0.2109375,23.72351837158203
0.2265625,23.708984375
0.2421875,23.722396850585938
0.2578125,23.722396850585938
0.2734375,23.731719970703125
0.2890625,23.730224609375
0.3046875,23.71234130859375
0.3203125,23.708984375
0.3359375,23.717185974121094
0.3515625,23.721656799316406
0.3671875,23.702659606933594
0.3828125,23.71234130859375
0.3984375,23.7156982421875
0.4140625,23.708984375
0.4296875,23.708984375
0.4453125,23.710105895996094
0.4609375,23.703773498535156
0.4765625,23.708984375
0.4921875,23.710479736328125
0.5078125,23.703773498535156
0.5234375,23.71643829345703
0.5390625,23.69855499267578
0.5546875,23.700424194335938
0.5703125,23.709365844726562
0.5859375,23.708984375
0.6015625,23.706008911132812
0.6171875,23.700424194335938
0.6328125,23.700424194335938
0.6484375,23.70824432373047
0.6640625,23.69519805908203
0.6796875,23.69818878173828
0.6953125,23.69519805908203
0.7109375,23.70563507080078
0.7265625,23.697433471679688
0.7421875,23.702659606933594
0.7578125,23.689247131347656
0.7734375,23.699668884277344
0.7890625,23.702659606933594
0.8046875,23.69818878173828
0.8203125,23.706008911132812
0.8359375,23.685890197753906
0.8515625,23.67657470703125
0.8671875,23.703773498535156
0.8828125,23.700424194335938
0.8984375,23.702659606933594
0.9140625,23.69781494140625
0.9296875,23.703399658203125
0.9453125,23.707496643066406
0.9609375,23.701904296875
0.9765625,23.693344116210938
0.9921875,23.678436279296875
1.0078125,23.697433471679688
1.0234375,23.686256408691406
1.0390625,23.67731475830078
1.0546875,23.69072723388672
1.0703125,23.6944580078125
1.0859375,23.681419372558594
1.1015625,23.693344116210938
1.1171875,23.69408416748047
1.1328125,23.700424194335938
1.1484375,23.69408416748047
1.1640625,23.698928833007812
1.1796875,23.682540893554688
1.1953125,23.69072723388672
1.2109375,23.673965454101562
1.2265625,23.677688598632812
1.2421875,23.682159423828125
1.2578125,23.685142517089844
1.2734375,23.678436279296875
1.2890625,23.681785583496094
1.3046875,23.677688598632812
1.3203125,23.667259216308594
1.3359375,23.679183959960938
1.3515625,23.66949462890625
1.3671875,23.65869140625
1.3828125,23.670989990234375
1.3984375,23.664657592773438
1.4140625,23.673965454101562
1.4296875,23.666519165039062
1.4453125,23.670608520507812
1.4609375,23.673965454101562
1.4765625,23.678436279296875
1.4921875,23.65943145751953
1.5078125,23.65869140625
1.5234375,23.653846740722656
1.5390625,23.65943145751953
1.5546875,23.65831756591797
1.5703125,23.65496063232422
1.5859375,23.66949462890625
1.6015625,23.650489807128906
1.6171875,23.646774291992188
1.6328125,23.646774291992188
1.6484375,23.639694213867188
1.6640625,23.653846740722656
1.6796875,23.646774291992188
1.6953125,23.64043426513672
1.7109375,23.63336181640625
1.7265625,23.646018981933594
1.7421875,23.627395629882812
1.7578125,23.642303466796875
1.7734375,23.621429443359375
1.7890625,23.615478515625
1.8046875,23.617713928222656
1.8203125,23.61919403076172
1.8359375,23.62366485595703
1.8515625,23.627769470214844
1.8671875,23.630752563476562
1.8828125,23.613609313964844
1.8984375,23.615478515625
1.9140625,23.618453979492188
1.9296875,23.60913848876953
1.9453125,23.615097045898438
1.9609375,23.61882781982422
1.9765625,23.61248779296875
1.9921875,23.614723205566406
2.0078125,23.606536865234375
2.0234375,23.61956787109375
2.0390625,23.6229248046875
2.0546875,23.60541534423828
2.0703125,23.615478515625
2.0859375,23.609886169433594
2.1015625,23.602066040039062
2.1171875,23.61248779296875
2.1328125,23.603179931640625
2.1484375,23.60504150390625
2.1640625,23.602806091308594
2.1796875,23.615478515625
2.1953125,23.61248779296875
2.2109375,23.602066040039062
2.2265625,23.6083984375
2.2421875,23.61882781982422
2.2578125,23.614723205566406
2.2734375,23.606536865234375
2.2890625,23.60578155517578
2.3046875,23.61174774169922
2.3203125,23.618453979492188
2.3359375,23.6016845703125
2.3515625,23.615478515625
2.3671875,23.613243103027344
2.3828125,23.613609313964844
2.3984375,23.613609313964844
2.4140625,23.614723205566406
2.4296875,23.642303466796875
2.4453125,23.61882781982422
2.4609375,23.61882781982422
2.4765625,23.610626220703125
2.4921875,23.61248779296875
2.5078125,23.613609313964844
2.5234375,23.627395629882812
2.5390625,23.607276916503906
2.5546875,23.62329864501953
2.5703125,23.61919403076172
2.5859375,23.624038696289062
2.6015625,23.618453979492188
2.6171875,23.624420166015625
2.6328125,23.61919403076172
2.6484375,23.61919403076172
2.6640625,23.613609313964844
2.6796875,23.61882781982422
2.6953125,23.62963104248047
2.7109375,23.630752563476562
2.7265625,23.62963104248047
2.7421875,23.635223388671875
2.7578125,23.642303466796875
2.7734375,23.646018981933594
2.7890625,23.663902282714844
2.8046875,23.664657592773438
2.8203125,23.677688598632812
2.8359375,23.708984375
2.8515625,23.71234130859375
2.8671875,23.728729248046875
2.8828125,23.75518798828125
2.8984375,23.798782348632812
2.9140625,23.811813354492188
2.9296875,23.85950469970703
2.9453125,23.87664794921875
2.9609375,23.911666870117188
2.9765625,23.961593627929688
2.9921875,23.988418579101562
3.0078125,24.01561737060547
3.0234375,24.057708740234375
3.0390625,24.090866088867188
3.0546875,24.14862060546875
3.0703125,24.17804718017578
3.0859375,24.220901489257812
3.1015625,24.253311157226562
3.1171875,24.278274536132812
3.1328125,24.330810546875
3.1484375,24.371414184570312
3.1640625,24.40904998779297
3.1796875,24.453758239746094
3.1953125,24.472007751464844
3.2109375,24.53087615966797
3.2265625,24.56329345703125
3.2421875,24.58824920654297
3.2578125,24.644134521484375
3.2734375,24.68177032470703
3.2890625,24.708595275878906
3.3046875,24.7462158203125
3.3203125,24.80284881591797
3.3359375,24.82036590576172
3.3515625,24.85277557373047
3.3671875,24.884071350097656
3.3828125,24.949264526367188
3.3984375,24.98541259765625
3.4140625,25.015960693359375
3.4296875,25.045387268066406
3.4453125,25.082275390625
3.4609375,25.115066528320312
3.4765625,25.12847900390625
3.4921875,25.166099548339844
3.5078125,25.21080780029297
3.5234375,25.236892700195312
3.5390625,25.271163940429688
3.5546875,25.302841186523438
3.5703125,25.32854461669922
3.5859375,25.35686492919922
3.6015625,25.39337158203125
3.6171875,25.42504119873047
3.6328125,25.45111846923828
3.6484375,25.48316192626953
3.6640625,25.508872985839844
3.6796875,25.541282653808594
3.6953125,25.57220458984375
3.7109375,25.598655700683594
3.7265625,25.61541748046875
3.7421875,25.63256072998047
3.7578125,25.659385681152344
3.7734375,25.68658447265625
3.7890625,25.71453094482422
3.8046875,25.7406005859375
3.8203125,25.778976440429688
3.8359375,25.78606414794922
3.8515625,25.82183074951172
3.8671875,25.83971405029297
3.8828125,25.856475830078125
3.8984375,25.874359130859375
3.9140625,25.906776428222656
3.9296875,25.92279052734375
3.9453125,25.939926147460938
3.9609375,25.960792541503906
3.9765625,25.987991333007812
3.9921875,26.014076232910156
4.0078125,26.02338409423828
4.0234375,26.032699584960938
4.0390625,26.057289123535156
4.0546875,26.091934204101562
4.0703125,26.09119415283203
4.0859375,26.10870361328125
4.1015625,26.12994384765625
4.1171875,26.146705627441406
4.1328125,26.17279052734375
4.1484375,26.170921325683594
4.1640625,26.206687927246094
4.1796875,26.21190643310547
4.1953125,26.242088317871094
4.2109375,26.25251007080078
4.2265625,26.285675048828125
4.2421875,26.3199462890625
4.2578125,26.328147888183594
4.2734375,26.346771240234375
4.2890625,26.35198974609375
4.3046875,26.376953125
4.3203125,26.393341064453125
4.3359375,26.399307250976562
4.3515625,26.4056396484375
4.3671875,26.424636840820312
4.3828125,26.433212280273438
4.3984375,26.445510864257812
4.4140625,26.460403442382812
4.4296875,26.457427978515625
4.4453125,26.48089599609375
4.4609375,26.490585327148438
4.4765625,26.511451721191406
4.4921875,26.511451721191406
4.5078125,26.514808654785156
4.5234375,26.522628784179688
4.5390625,26.539764404296875
4.5546875,26.55205535888672
4.5703125,26.561370849609375
4.5859375,26.569198608398438
4.6015625,26.575904846191406
4.6171875,26.596023559570312
4.6328125,26.61353302001953
4.6484375,26.60906219482422
4.6640625,26.619491577148438
4.6796875,26.615020751953125
4.6953125,26.632904052734375
4.7109375,26.635520935058594
4.7265625,26.665695190429688
4.7421875,26.669418334960938
4.7578125,26.668296813964844
4.7734375,26.67723846435547
4.7890625,26.68506622314453
4.8046875,26.692520141601562
4.8203125,26.70555877685547
4.8359375,26.699966430664062
4.8515625,26.719345092773438
4.8671875,26.733123779296875
4.8828125,26.743560791015625
4.8984375,26.742446899414062
4.9140625,26.748031616210938
4.9296875,26.76665496826172
4.9453125,26.765541076660156
4.9609375,26.780441284179688
4.9765625,26.780441284179688
4.9921875,26.797210693359375
5.0078125,26.800186157226562
5.0234375,26.80615234375
5.0390625,26.793113708496094
5.0546875,26.801307678222656
5.0703125,26.818450927734375
5.0859375,26.80541229248047
5.1015625,26.82366180419922
5.1171875,26.818450927734375
5.1328125,26.83818817138672
5.1484375,26.82030487060547
5.1640625,26.833351135253906
5.1796875,26.8564453125
5.1953125,26.846763610839844
5.2109375,26.846389770507812
5.2265625,26.83818817138672
5.2421875,26.8564453125
5.2578125,26.85235595703125
5.2734375,26.86389923095703
5.2890625,26.85980224609375
5.3046875,26.869483947753906
5.3203125,26.867630004882812
5.3359375,26.882530212402344
5.3515625,26.885887145996094
5.3671875,26.896682739257812
5.3828125,26.886627197265625
5.3984375,26.900779724121094
5.4140625,26.904510498046875
5.4296875,26.91419219970703
5.4453125,26.921279907226562
5.4609375,26.923507690429688
5.4765625,26.916061401367188
5.4921875,26.92425537109375
5.5078125,26.936920166015625
5.5234375,26.943634033203125
5.5390625,26.946243286132812
5.5546875,26.943252563476562
5.5703125,26.946243286132812
5.5859375,26.951828002929688
5.6015625,26.96002197265625
5.6171875,26.943252563476562
5.6328125,26.958534240722656
5.6484375,26.96636199951172
5.6640625,26.970458984375
5.6796875,26.979019165039062
5.6953125,26.976783752441406
5.7109375,26.986846923828125
5.7265625,26.989456176757812
5.7421875,26.9849853515625
5.7578125,26.997657775878906
5.7734375,27.005844116210938
5.7890625,26.989830017089844
5.8046875,27.001373291015625
5.8203125,27.010696411132812
5.8359375,26.999893188476562
5.8515625,27.018142700195312
5.8671875,27.000633239746094
5.8828125,27.008834838867188
5.8984375,27.001754760742188
5.9140625,26.998023986816406
5.9296875,27.008079528808594
5.9453125,27.014419555664062
5.9609375,27.008834838867188
5.9765625,27.008079528808594
5.9921875,27.01702117919922
6.0078125,27.012550354003906
6.0234375,27.020751953125
6.0390625,27.02001190185547
6.0546875,27.029319763183594
6.0703125,27.04236602783203
6.0859375,27.036026000976562
6.1015625,27.041244506835938
6.1171875,27.054283142089844
6.1328125,27.048690795898438
6.1484375,27.05689239501953
6.1640625,27.069190979003906
6.1796875,27.07440185546875
6.1953125,27.073287963867188
6.2109375,27.08557891845703
6.2265625,27.091171264648438
6.2421875,27.102340698242188
6.2578125,27.094894409179688
6.2734375,27.112777709960938
6.2890625,27.123580932617188
6.3046875,27.135498046875
6.3203125,27.133262634277344
6.3359375,27.147430419921875
6.3515625,27.12469482421875
6.3671875,27.161582946777344
6.3828125,27.161582946777344
6.3984375,27.14556121826172
6.4140625,27.165313720703125
6.4296875,27.18244171142578
6.4453125,27.186912536621094
6.4609375,27.18096160888672
6.4765625,27.188034057617188
6.4921875,27.19622802734375
6.5078125,27.211502075195312
6.5234375,27.215232849121094
6.5390625,27.229019165039062
6.5546875,27.223800659179688
6.5703125,27.241317749023438
6.5859375,27.241317749023438
6.6015625,27.250259399414062
6.6171875,27.27521514892578
6.6328125,27.2640380859375
6.6484375,27.275588989257812
6.6640625,27.28490447998047
6.6796875,27.290115356445312
6.6953125,27.28564453125
6.7109375,27.29309844970703
6.7265625,27.30762481689453
6.7421875,27.309494018554688
6.7578125,27.32476806640625
6.7734375,27.338180541992188
6.7890625,27.340042114257812
6.8046875,27.329612731933594
6.8203125,27.357177734375
6.8359375,27.351593017578125
6.8515625,27.36127471923828
6.8671875,27.362030029296875
6.8828125,27.379531860351562
6.8984375,27.38214874267578
6.9140625,27.388099670410156
6.9296875,27.381027221679688
6.9453125,27.386619567871094
6.9609375,27.390716552734375
6.9765625,27.38512420654297
6.9921875,27.384750366210938
7.0078125,27.393692016601562
7.0234375,27.409339904785156
7.0390625,27.41344451904297
7.0546875,27.427223205566406
7.0703125,27.41455841064453
7.0859375,27.416419982910156
7.1015625,27.416419982910156
7.1171875,27.426101684570312
7.1328125,27.429092407226562
7.1484375,27.427223205566406
7.1640625,27.429832458496094
7.1796875,27.429832458496094
7.1953125,27.446975708007812
7.2109375,27.446975708007812
7.2265625,27.430572509765625
7.2421875,27.442123413085938
7.2578125,27.451446533203125
7.2734375,27.440269470214844
7.2890625,27.429092407226562
7.3046875,27.44324493408203
7.3203125,27.440269470214844
7.3359375,27.41344451904297
7.3515625,27.412689208984375
7.3671875,27.398162841796875
7.3828125,27.39667510986328
7.3984375,27.384384155273438
7.4140625,27.38214874267578
7.4296875,27.363143920898438
7.4453125,27.338180541992188
7.4609375,27.334449768066406
7.4765625,27.311729431152344
7.4921875,27.303909301757812
7.5078125,27.272232055664062
7.5234375,27.265151977539062
7.5390625,27.26031494140625
7.5546875,27.247650146484375
7.5703125,27.21820831298828
7.5859375,27.196609497070312
7.6015625,27.179840087890625
7.6171875,27.16754913330078
7.6328125,27.14966583251953
7.6484375,27.125442504882812
7.6640625,27.12469482421875
7.6796875,27.104957580566406
7.6953125,27.07514190673828
7.7109375,27.059127807617188
7.7265625,27.054283142089844
7.7421875,27.025222778320312
7.7578125,27.008079528808594
7.7734375,26.993553161621094
7.7890625,26.987220764160156
7.8046875,26.970077514648438
7.8203125,26.964492797851562
7.8359375,26.93841552734375
7.8515625,26.93133544921875
7.8671875,26.905250549316406
7.8828125,26.889236450195312
7.8984375,26.890357971191406
7.9140625,26.86389923095703
7.9296875,26.85980224609375
7.9453125,26.84564971923828
7.9609375,26.82366180419922
7.9765625,26.821060180664062
7.9921875,26.80242156982422
8.0078125,26.786033630371094
8.0234375,26.775596618652344
8.0390625,26.761817932128906
8.0546875,26.748031616210938
8.0703125,26.737228393554688
8.0859375,26.72381591796875
8.1015625,26.710403442382812
8.1171875,26.704818725585938
8.1328125,26.676498413085938
8.1484375,26.665695190429688
8.1640625,26.665695190429688
8.1796875,26.657119750976562
8.1953125,26.64594268798828
8.2109375,26.621734619140625
8.2265625,26.604965209960938
8.2421875,26.61017608642578
8.2578125,26.60570526123047
8.2734375,26.601234436035156
8.2890625,26.585586547851562
8.3046875,26.58111572265625
8.3203125,26.563232421875
8.3359375,26.543869018554688
8.3515625,26.535667419433594
8.3671875,26.524864196777344
8.3828125,26.52411651611328
8.3984375,26.511451721191406
8.4140625,26.505111694335938
8.4296875,26.492080688476562
8.4453125,26.49542999267578
8.4609375,26.468978881835938
8.4765625,26.4630126953125
8.4921875,26.454452514648438
8.5078125,26.435447692871094
8.5234375,26.43097686767578
8.5390625,26.421661376953125
8.5546875,26.41607666015625
8.5703125,26.41607666015625
8.5859375,26.39409637451172
8.6015625,26.385154724121094
8.6171875,26.363914489746094
8.6328125,26.367637634277344
8.6484375,26.35198974609375
8.6640625,26.360565185546875
8.6796875,26.357574462890625
8.6953125,26.34491729736328
8.7109375,26.33000946044922
8.7265625,26.33000946044922
8.7421875,26.308395385742188
8.7578125,26.310264587402344
8.7734375,26.30132293701172
8.7890625,26.296852111816406
8.8046875,26.303184509277344
8.8203125,26.296852111816406
8.8359375,26.256240844726562
8.8515625,26.264808654785156
8.8671875,26.271514892578125
8.8828125,26.252883911132812
8.8984375,26.253631591796875
8.9140625,26.235748291015625
8.9296875,26.235000610351562
8.9453125,26.23314666748047
8.9609375,26.222335815429688
8.9765625,26.203704833984375
8.9921875,26.214889526367188
9.0078125,26.21227264404297
9.0234375,26.20185089111328
9.0390625,26.19849395751953
9.0546875,26.200355529785156
9.0703125,26.174652099609375
9.0859375,26.17986297607422
9.1015625,26.16943359375
9.1171875,26.160491943359375
9.1328125,26.16309356689453
9.1484375,26.159378051757812
9.1640625,26.160491943359375
9.1796875,26.153411865234375
9.1953125,26.14521026611328
9.2109375,26.146705627441406
9.2265625,26.132919311523438
9.2421875,26.117645263671875
9.2578125,26.128082275390625
9.2734375,26.12696075439453
9.2890625,26.11280059814453
9.3046875,26.09752655029297
9.3203125,26.098648071289062
9.3359375,26.0908203125
9.3515625,26.075912475585938
9.3671875,26.081504821777344
9.3828125,26.07964324951172
9.3984375,26.089706420898438
9.4140625,26.078903198242188
9.4296875,26.070327758789062
9.4453125,26.060638427734375
9.4609375,26.05915069580078
9.4765625,26.058029174804688
9.4921875,26.049842834472656
9.5078125,26.05169677734375
9.5234375,26.053558349609375
9.5390625,26.05431365966797
9.5546875,26.049087524414062
9.5703125,26.05579376220703
9.5859375,26.04834747314453
9.6015625,26.046485900878906
9.6171875,26.03679656982422
9.6328125,26.03679656982422
9.6484375,26.025253295898438
9.6640625,26.02972412109375
9.6796875,26.025253295898438
9.6953125,26.025253295898438
9.7109375,26.012954711914062
9.7265625,26.028968811035156
9.7421875,26.009605407714844
9.7578125,26.028968811035156
9.7734375,26.014076232910156
9.7890625,26.006614685058594
9.8046875,25.99767303466797
9.8203125,25.995819091796875
9.8359375,25.991722106933594
9.8515625,25.988365173339844
9.8671875,26.0047607421875
9.8828125,25.985015869140625
9.8984375,25.977935791015625
9.9140625,25.990966796875
9.9296875,25.974952697753906
9.9453125,25.974952697753906
9.9609375,25.974952697753906
9.9765625,25.974952697753906
9.9921875,25.968612670898438
10.0078125,25.970481872558594
10.0234375,25.95185089111328
10.0390625,25.956321716308594
10.0546875,25.960052490234375
10.0703125,25.950729370117188
10.0859375,25.94439697265625
10.1015625,25.949249267578125
10.1171875,25.931732177734375
10.1328125,25.932479858398438
10.1484375,25.931732177734375
10.1640625,25.917572021484375
10.1796875,25.91608428955078
10.1953125,25.907516479492188
10.2109375,25.906776428222656
10.2265625,25.89410400390625
10.2421875,25.899688720703125
10.2578125,25.902305603027344
10.2734375,25.904541015625
10.2890625,25.902305603027344
10.3046875,25.89373016357422
10.3203125,25.888519287109375
10.3359375,25.89336395263672
10.3515625,25.892242431640625
10.3671875,25.900070190429688
10.3828125,25.8907470703125
10.3984375,25.884788513183594
10.4140625,25.874359130859375
10.4296875,25.874725341796875
10.4453125,25.875106811523438
10.4609375,25.874359130859375
10.4765625,25.874359130859375
10.4921875,25.87957763671875
10.5078125,25.85907745361328
10.5234375,25.87212371826172
10.5390625,25.868392944335938
10.5546875,25.868019104003906
10.5703125,25.873985290527344
10.5859375,25.85759735107422
10.6015625,25.862808227539062
10.6171875,25.862808227539062
10.6328125,25.84716033935547
10.6484375,25.85125732421875
10.6640625,25.847900390625
10.6796875,25.832252502441406
10.6953125,25.849021911621094
10.7109375,25.843429565429688
10.7265625,25.8404541015625
10.7421875,25.848281860351562
10.7578125,25.842689514160156
10.7734375,25.835983276367188
10.7890625,25.838592529296875
10.8046875,25.831138610839844
10.8203125,25.8404541015625
10.8359375,25.837844848632812
10.8515625,25.832626342773438
10.8671875,25.834487915039062
10.8828125,25.814002990722656
10.8984375,25.82183074951172
10.9140625,25.81586456298828
10.9296875,25.825180053710938
10.9453125,25.821456909179688
10.9609375,25.816238403320312
10.9765625,25.814369201660156
10.9921875,25.8121337890625
11.0078125,25.802825927734375
11.0234375,25.809898376464844
11.0390625,25.814002990722656
11.0546875,25.800216674804688
11.0703125,25.793136596679688
11.0859375,25.799102783203125
11.1015625,25.789779663085938
11.1171875,25.789039611816406
11.1328125,25.802825927734375
11.1484375,25.788665771484375
11.1640625,25.78680419921875
11.1796875,25.789413452148438
11.1953125,25.77265167236328
11.2109375,25.76966094970703
11.2265625,25.759239196777344
11.2421875,25.75439453125
11.2578125,25.75476837158203
11.2734375,25.75476837158203
11.2890625,25.75177764892578
11.3046875,25.737625122070312
11.3203125,25.756622314453125
11.3359375,25.731292724609375
11.3515625,25.72905731201172
11.3671875,25.727943420410156
11.3828125,25.728309631347656
11.3984375,25.71936798095703
11.4140625,25.727943420410156
11.4296875,25.723472595214844
11.4453125,25.717880249023438
11.4609375,25.713775634765625
11.4765625,25.71527099609375
11.4921875,25.70782470703125
11.5078125,25.69365692138672
11.5234375,25.68658447265625
11.5390625,25.698883056640625
11.5546875,25.69068145751953
11.5703125,25.695152282714844
11.5859375,25.681739807128906
11.6015625,25.691802978515625
11.6171875,25.680999755859375
11.6328125,25.68695068359375
11.6484375,25.68658447265625
11.6640625,25.674293518066406
11.6796875,25.681739807128906
11.6953125,25.680999755859375
11.7109375,25.663116455078125
11.7265625,25.673538208007812
11.7421875,25.66236114501953
11.7578125,25.66497802734375
11.7734375,25.642623901367188
11.7890625,25.649322509765625
11.8046875,25.654541015625
11.8203125,25.64373779296875
11.8359375,25.664230346679688
11.8515625,25.654541015625
11.8671875,25.637771606445312
11.8828125,25.642623901367188
11.8984375,25.660507202148438
11.9140625,25.637405395507812
11.9296875,25.637405395507812
11.9453125,25.645973205566406
11.9609375,25.641502380371094
11.9765625,25.645599365234375
11.9921875,25.628089904785156
12.0078125,25.63703155517578
12.0234375,25.62212371826172
12.0390625,25.614303588867188
12.0546875,25.618026733398438
12.0703125,25.6258544921875
12.0859375,25.623245239257812
12.1015625,25.61541748046875
12.1171875,25.623245239257812
12.1328125,25.60871124267578
12.1484375,25.602005004882812
12.1640625,25.595672607421875
12.1796875,25.606109619140625
12.1953125,25.596054077148438
12.2109375,25.605361938476562
12.2265625,25.60424041748047
12.2421875,25.59046173095703
12.2578125,25.584503173828125
12.2734375,25.595672607421875
12.2890625,25.606109619140625
12.3046875,25.577049255371094
12.3203125,25.581520080566406
12.3359375,25.585243225097656
12.3515625,25.584877014160156
12.3671875,25.57891082763672
12.3828125,25.57965087890625
12.3984375,25.56810760498047
12.4140625,25.556182861328125
12.4296875,25.57146453857422
12.4453125,25.575180053710938
12.4609375,25.56810760498047
12.4765625,25.55506134033203
12.4921875,25.5614013671875
12.5078125,25.566619873046875
12.5234375,25.566619873046875
12.5390625,25.560287475585938
12.5546875,25.562149047851562
12.5703125,25.559532165527344
12.5859375,25.559532165527344
12.6015625,25.545753479003906
12.6171875,25.560653686523438
12.6328125,25.53717803955078
12.6484375,25.544639587402344
12.6640625,25.545379638671875
12.6796875,25.537551879882812
12.6953125,25.538299560546875
12.7109375,25.533462524414062
12.7265625,25.52899169921875
12.7421875,25.52899169921875
12.7578125,25.524887084960938
12.7734375,25.520790100097656
12.7890625,25.512969970703125
12.8046875,25.521530151367188
12.8203125,25.515579223632812
12.8359375,25.51445770263672
12.8515625,25.512222290039062
12.8671875,25.515945434570312
12.8828125,25.530471801757812
12.8984375,25.5330810546875
12.9140625,25.55096435546875
12.9296875,25.563636779785156
12.9453125,25.566993713378906
12.9609375,25.594932556152344
12.9765625,25.60126495361328
12.9921875,25.626968383789062
13.0078125,25.642623901367188
13.0234375,25.6761474609375
13.0390625,25.701858520507812
13.0546875,25.732040405273438
13.0703125,25.7689208984375
13.0859375,25.807662963867188
13.1015625,25.828903198242188
13.1171875,25.867279052734375
13.1328125,25.878082275390625
13.1484375,25.902305603027344
13.1640625,25.935455322265625
13.1796875,25.982025146484375
13.1953125,26.021148681640625
13.2109375,26.059898376464844
13.2265625,26.098648071289062
13.2421875,26.178001403808594
13.2578125,26.21600341796875
13.2734375,26.23724365234375
13.2890625,26.296852111816406
13.3046875,26.334854125976562
13.3203125,26.364280700683594
13.3359375,26.398193359375
13.3515625,26.428367614746094
13.3671875,26.46710968017578
13.3828125,26.512191772460938
13.3984375,26.529335021972656
13.4140625,26.59229278564453
13.4296875,26.621353149414062
13.4453125,26.641845703125
13.4609375,26.672027587890625
13.4765625,26.683204650878906
13.4921875,26.700714111328125
13.5078125,26.710403442382812
13.5234375,26.73387908935547
13.5390625,26.737228393554688
13.5546875,26.751007080078125
13.5703125,26.765914916992188
13.5859375,26.77709197998047
13.6015625,26.79571533203125
13.6171875,26.812118530273438
13.6328125,26.832603454589844
13.6484375,26.84154510498047
13.6640625,26.854957580566406
13.6796875,26.879920959472656
13.6953125,26.882156372070312
13.7109375,26.89556884765625
13.7265625,26.900779724121094
13.7421875,26.93841552734375
13.7578125,26.965988159179688
13.7734375,26.96784210205078
13.7890625,26.98871612548828
13.8046875,26.996902465820312
13.8203125,27.011810302734375
13.8359375,27.03863525390625
13.8515625,27.06061553955078
13.8671875,27.062103271484375
13.8828125,27.08818817138672
13.8984375,27.10942840576172
13.9140625,27.137367248535156
13.9296875,27.144821166992188
13.9453125,27.15003204345703
13.9609375,27.179466247558594
13.9765625,27.18170166015625
13.9921875,27.215606689453125
14.0078125,27.21709442138672
14.0234375,27.23497772216797
14.0390625,27.247650146484375
14.0546875,27.280059814453125
14.0703125,27.30278778076172
14.0859375,27.32439422607422
14.1015625,27.341537475585938
14.1171875,27.340042114257812
14.1328125,27.36761474609375
14.1484375,27.376182556152344
14.1640625,27.38885498046875
14.1796875,27.4071044921875
14.1953125,27.429832458496094
14.2109375,27.440269470214844
14.2265625,27.45330810546875
14.2421875,27.45069122314453
14.2578125,27.476776123046875
14.2734375,27.487953186035156
14.2890625,27.50286102294922
14.3046875,27.50434112548828
14.3203125,27.527069091796875
14.3359375,27.5501708984375
14.3515625,27.544212341308594
14.3671875,27.552780151367188
14.3828125,27.55651092529297
14.3984375,27.569923400878906
14.4140625,27.58258056640625
14.4296875,27.60382080078125
14.4453125,27.6004638671875
14.4609375,27.621337890625
14.4765625,27.62841033935547
14.4921875,27.643310546875
14.5078125,27.64293670654297
14.5234375,27.652633666992188
14.5390625,27.66381072998047
14.5546875,27.66381072998047
14.5703125,27.687278747558594
14.5859375,27.691001892089844
14.6015625,27.69994354248047
14.6171875,27.706649780273438
14.6328125,27.727142333984375
14.6484375,27.728256225585938
14.6640625,27.73682403564453
14.6796875,27.747634887695312
14.6953125,27.75396728515625
14.7109375,27.765884399414062
14.7265625,27.774085998535156
14.7421875,27.777816772460938
14.7578125,27.777816772460938
14.7734375,27.787872314453125
14.7890625,27.8001708984375
14.8046875,27.79644012451172
14.8203125,27.806503295898438
14.8359375,27.799415588378906
14.8515625,27.80835723876953
14.8671875,27.82140350341797
14.8828125,27.844879150390625
14.8984375,27.848594665527344
14.9140625,27.85456085205078
14.9296875,27.86089324951172
14.9453125,27.87541961669922
14.9609375,27.878036499023438
14.9765625,27.88585662841797
14.9921875,27.88585662841797
15.0078125,27.894424438476562
15.0234375,27.898529052734375
15.0390625,27.9149169921875
15.0546875,27.923484802246094
15.0703125,27.923484802246094
15.0859375,27.9219970703125
15.1015625,27.944717407226562
15.1171875,27.946212768554688
15.1328125,27.956649780273438
15.1484375,27.953292846679688
15.1640625,27.962600708007812
15.1796875,27.971176147460938
15.1953125,27.970802307128906
15.2109375,27.988311767578125
15.2265625,27.995018005371094
15.2421875,27.98719024658203
15.2578125,28.002098083496094
15.2734375,28.00023651123047
15.2890625,28.017005920410156
15.3046875,28.024452209472656
15.3203125,28.028549194335938
15.3359375,28.028549194335938
15.3515625,28.049415588378906
15.3671875,28.047927856445312
15.3828125,28.050155639648438
15.3984375,28.073257446289062
15.4140625,28.081832885742188
15.4296875,28.087783813476562
15.4453125,28.08257293701172
15.4609375,28.096725463867188
15.4765625,28.103805541992188
15.4921875,28.114242553710938
15.5078125,28.103805541992188
15.5234375,28.119834899902344
15.5390625,28.123931884765625
15.5546875,28.13324737548828
15.5703125,28.141433715820312
15.5859375,28.14777374267578
15.6015625,28.139572143554688
15.6171875,28.16192626953125
15.6328125,28.16901397705078
15.6484375,28.180931091308594
15.6640625,28.195838928222656
15.6796875,28.198440551757812
15.6953125,28.207015991210938
15.7109375,28.213348388671875
15.7265625,28.216323852539062
15.7421875,28.24054718017578
15.7578125,28.253585815429688
15.7734375,28.252464294433594
15.7890625,28.267372131347656
15.8046875,28.27184295654297
15.8203125,28.277427673339844
15.8359375,28.288604736328125
15.8515625,28.28673553466797
15.8671875,28.29456329345703
15.8828125,28.309844970703125
15.8984375,28.31244659423828
15.9140625,28.31915283203125
15.9296875,28.331817626953125
15.9453125,28.34449005126953
15.9609375,28.353057861328125
15.9765625,28.353431701660156
15.9921875,28.359390258789062
16.0078125,28.374671936035156
16.0234375,28.366844177246094
16.0390625,28.392555236816406
16.0546875,28.392921447753906
16.0703125,28.402236938476562
16.0859375,28.4085693359375
16.1015625,28.412673950195312
16.1171875,28.417884826660156
16.1328125,28.432418823242188
16.1484375,28.44768524169922
16.1640625,28.45067596435547
16.1796875,28.459243774414062
16.1953125,28.477867126464844
16.2109375,28.471160888671875
16.2265625,28.48047637939453
16.2421875,28.498733520507812
16.2578125,28.503570556640625
16.2734375,28.50133514404297
16.2890625,28.51959228515625
16.3046875,28.525924682617188
16.3203125,28.517738342285156
16.3359375,28.553871154785156
16.3515625,28.543441772460938
16.3671875,28.55461883544922
16.3828125,28.55200958251953
16.3984375,28.563186645507812
16.4140625,28.55908966064453
16.4296875,28.567283630371094
16.4453125,28.584800720214844
16.4609375,28.586280822753906
16.4765625,28.6015625
16.4921875,28.598953247070312
16.5078125,28.620933532714844
16.5234375,28.61944580078125
16.5390625,28.642547607421875
16.5546875,28.654464721679688
16.5703125,28.661544799804688
16.5859375,28.649993896484375
16.6015625,28.674583435058594
16.6171875,28.682037353515625
16.6328125,28.69134521484375
16.6484375,28.69134521484375
16.6640625,28.699172973632812
16.6796875,28.714454650878906
16.6953125,28.716690063476562
16.7109375,28.735313415527344
16.7265625,28.740158081054688
16.7421875,28.731964111328125
16.7578125,28.74872589111328
16.7734375,28.753196716308594
16.7890625,28.77667236328125
16.8046875,28.77667236328125
16.8203125,28.770339965820312
16.8359375,28.804611206054688
16.8515625,28.807220458984375
16.8671875,28.825851440429688
16.8828125,28.829200744628906
16.8984375,28.84857940673828
16.9140625,28.8377685546875
16.9296875,28.85602569580078
16.9453125,28.8660888671875
16.9609375,28.86981201171875
16.9765625,28.885459899902344
16.9921875,28.882110595703125
17.0078125,28.885086059570312
17.0234375,28.918243408203125
17.0390625,28.908180236816406
17.0546875,28.921226501464844
17.0703125,28.921592712402344
17.0859375,28.928680419921875
17.1015625,28.9376220703125
17.1171875,28.944320678710938
17.1328125,28.954010009765625
17.1484375,28.971145629882812
17.1640625,28.971145629882812
17.1796875,28.97711181640625
17.1953125,28.985305786132812
17.2109375,28.982330322265625
17.2265625,28.98828887939453
17.2421875,28.996856689453125
17.2578125,29.008773803710938
17.2734375,29.019210815429688
17.2890625,29.0162353515625
17.3046875,29.029266357421875
17.3203125,29.035232543945312
17.3359375,29.04230499267578
17.3515625,29.047149658203125
17.3671875,29.052001953125
17.3828125,29.044921875
17.3984375,29.06280517578125
17.4140625,29.06317901611328
17.4296875,29.06317901611328
17.4453125,29.072486877441406
17.4609375,29.08441162109375
17.4765625,29.08403778076172
17.4921875,29.093719482421875
17.5078125,29.085899353027344
17.5234375,29.093719482421875
17.5390625,29.08441162109375
17.5546875,29.087013244628906
17.5703125,29.082542419433594
17.5859375,29.070999145507812
17.6015625,29.061309814453125
17.6171875,29.058334350585938
17.6328125,29.040069580078125
17.6484375,29.049766540527344
17.6640625,29.042678833007812
17.6796875,29.0311279296875
17.6953125,29.00617218017578
17.7109375,28.982330322265625
17.7265625,28.989028930664062
17.7421875,28.964065551757812
17.7578125,28.9521484375
17.7734375,28.9521484375
17.7890625,28.93426513671875
17.8046875,28.92047882080078
17.8203125,28.907814025878906
17.8359375,28.889556884765625
17.8515625,28.875404357910156
17.8671875,28.870559692382812
17.8828125,28.842987060546875
17.8984375,28.821380615234375
17.9140625,28.80908203125
17.9296875,28.803497314453125
17.9453125,28.774810791015625
17.9609375,28.75543212890625
17.9765625,28.75170135498047
17.9921875,28.74425506591797
18.0078125,28.72674560546875
18.0234375,28.72040557861328
18.0390625,28.70104217529297
18.0546875,28.691726684570312
18.0703125,28.663406372070312
18.0859375,28.66974639892578
18.1015625,28.639190673828125
18.1171875,28.644775390625
18.1328125,28.628753662109375
18.1484375,28.592620849609375
18.1640625,28.592247009277344
18.1796875,28.57585906982422
18.1953125,28.557220458984375
18.2109375,28.54492950439453
18.2265625,28.545303344726562
18.2421875,28.524810791015625
18.2578125,28.493515014648438
18.2734375,28.499481201171875
18.2890625,28.486068725585938
18.3046875,28.47303009033203
18.3203125,28.45514678955078
18.3359375,28.44768524169922
18.3515625,28.438003540039062
18.3671875,28.421981811523438
18.3828125,28.414154052734375
18.3984375,28.40149688720703
18.4140625,28.39776611328125
18.4296875,28.378768920898438
18.4453125,28.374671936035156
18.4609375,28.37914276123047
18.4765625,28.378021240234375
18.4921875,28.3515625
18.5078125,28.347091674804688
18.5234375,28.328094482421875
18.5390625,28.328094482421875
18.5546875,28.318405151367188
18.5703125,28.303138732910156
18.5859375,28.26513671875
18.6015625,28.259170532226562
18.6171875,28.248733520507812
18.6328125,28.244644165039062
18.6484375,28.245758056640625
18.6640625,28.227874755859375
18.6796875,28.231231689453125
18.6953125,28.213348388671875
18.7109375,28.193603515625
18.7265625,28.193222045898438
18.7421875,28.193222045898438
18.7578125,28.189132690429688
18.7734375,28.192481994628906
18.7890625,28.173484802246094
18.8046875,28.16192626953125
18.8203125,28.15484619140625
18.8359375,28.14404296875
18.8515625,28.12914276123047
18.8671875,28.127655029296875
18.8828125,28.126907348632812
18.8984375,28.11833953857422
18.9140625,28.101577758789062
18.9296875,28.096725463867188
18.9453125,28.088165283203125
18.9609375,28.07996368408203
18.9765625,28.084434509277344
18.9921875,28.0654296875
19.0078125,28.072509765625
19.0234375,28.052017211914062
19.0390625,28.063194274902344
19.0546875,28.050155639648438
19.0703125,28.04345703125
19.0859375,28.02594757080078
19.1015625,28.02892303466797
19.1171875,28.030784606933594
19.1328125,28.01885986328125
19.1484375,28.00806427001953
19.1640625,28.002838134765625
19.1796875,27.996505737304688
19.1953125,27.98719024658203
19.2109375,27.98571014404297
19.2265625,27.9652099609375
19.2421875,27.977134704589844
19.2578125,27.96782684326172
19.2734375,27.94994354248047
19.2890625,27.945472717285156
19.3046875,27.9432373046875
19.3203125,27.93280029296875
19.3359375,27.931304931640625
19.3515625,27.940628051757812
19.3671875,27.93354034423828
19.3828125,27.933914184570312
19.3984375,27.92162322998047
19.4140625,27.9149169921875
19.4296875,27.908584594726562
19.4453125,27.900390625
19.4609375,27.891067504882812
19.4765625,27.891067504882812
19.4921875,27.873565673828125
19.5078125,27.872817993164062
19.5234375,27.87989044189453
19.5390625,27.856796264648438
19.5546875,27.856796264648438
19.5703125,27.85456085205078
19.5859375,27.844879150390625
19.6015625,27.848594665527344
19.6171875,27.82512664794922
19.6328125,27.829971313476562
19.6484375,27.822525024414062
19.6640625,27.81879425048828
19.6796875,27.820655822753906
19.6953125,27.809852600097656
19.7109375,27.803146362304688
19.7265625,27.806503295898438
19.7421875,27.80091094970703
19.7578125,27.80687713623047
19.7734375,27.79644012451172
19.7890625,27.780052185058594
19.8046875,27.77520751953125
19.8203125,27.777816772460938
19.8359375,27.784889221191406
19.8515625,27.75396728515625
19.8671875,27.75396728515625
19.8828125,27.765518188476562
19.8984375,27.749496459960938
19.9140625,27.749122619628906
19.9296875,27.748382568359375
19.9453125,27.73944091796875
19.9609375,27.744651794433594
19.9765625,27.744651794433594
19.9921875,27.71410369873047
20.0078125,27.723411560058594
20.0234375,27.71782684326172
20.0390625,27.727882385253906
20.0546875,27.710372924804688
20.0703125,27.71894073486328
20.0859375,27.710372924804688
20.1015625,27.698081970214844
20.1171875,27.703292846679688
20.1328125,27.681320190429688
20.1484375,27.681320190429688
20.1640625,27.691001892089844
20.1796875,27.685791015625
20.1953125,27.679824829101562
20.2109375,27.67125701904297
20.2265625,27.67125701904297
20.2421875,27.67125701904297
20.2578125,27.67125701904297
20.2734375,27.660079956054688
20.2890625,27.644805908203125
20.3046875,27.652633666992188
20.3203125,27.64293670654297
20.3359375,27.64293670654297
20.3515625,27.633995056152344
20.3671875,27.64629364013672
20.3828125,27.627288818359375
20.3984375,27.615371704101562
20.4140625,27.6287841796875
20.4296875,27.61016082763672
20.4453125,27.607925415039062
20.4609375,27.60680389404297
20.4765625,27.605316162109375
20.4921875,27.594879150390625
20.5078125,27.602333068847656
20.5234375,27.59674835205078
20.5390625,27.591903686523438
20.5546875,27.583335876464844
20.5703125,27.570663452148438
20.5859375,27.572898864746094
20.6015625,27.562095642089844
20.6171875,27.555389404296875
20.6328125,27.559860229492188
20.6484375,27.552780151367188
20.6640625,27.55651092529297
20.6796875,27.540863037109375
20.6953125,27.544952392578125
20.7109375,27.536758422851562
20.7265625,27.536758422851562
20.7421875,27.524093627929688
20.7578125,27.50434112548828
20.7734375,27.508811950683594
20.7890625,27.498756408691406
20.8046875,27.480133056640625
20.8203125,27.482742309570312
20.8359375,27.476402282714844
20.8515625,27.470443725585938
20.8671875,27.458518981933594
20.8828125,27.441383361816406
20.8984375,27.441383361816406
20.9140625,27.41082763671875
20.9296875,27.40673828125
20.9453125,27.394439697265625
20.9609375,27.38922119140625
20.9765625,27.37432098388672
20.9921875,27.365745544433594
21.0078125,27.36016082763672
21.0234375,27.359420776367188
21.0390625,27.32476806640625
21.0546875,27.32476806640625
21.0703125,27.32103729248047
21.0859375,27.311729431152344
21.1015625,27.294212341308594
21.1171875,27.27037811279297
21.1328125,27.264785766601562
21.1484375,27.256210327148438
21.1640625,27.250625610351562
21.1796875,27.241317749023438
21.1953125,27.222679138183594
21.2109375,27.22417449951172
21.2265625,27.208900451660156
21.2421875,27.1995849609375
21.2578125,27.205169677734375
21.2734375,27.19548797607422
21.2890625,27.1712646484375
21.3046875,27.168663024902344
21.3203125,27.16008758544922
21.3359375,27.17052459716797
21.3515625,27.151519775390625
21.3671875,27.147796630859375
21.3828125,27.135498046875
21.3984375,27.143699645996094
21.4140625,27.13475799560547
21.4296875,27.13214874267578
21.4453125,27.113143920898438
21.4609375,27.11724853515625
21.4765625,27.10346221923828
21.4921875,27.112030029296875
21.5078125,27.09302520751953
21.5234375,27.085952758789062
21.5390625,27.082603454589844
21.5546875,27.076263427734375
21.5703125,27.069190979003906
21.5859375,27.066200256347656
21.6015625,27.071426391601562
21.6171875,27.07849884033203
21.6328125,27.077011108398438
21.6484375,27.054283142089844
21.6640625,27.03937530517578
21.6796875,27.04273223876953
21.6953125,27.03789520263672
21.7109375,27.044219970703125
21.7265625,27.0281982421875
21.7421875,27.025222778320312
21.7578125,27.041610717773438
21.7734375,27.028579711914062
21.7890625,27.011070251464844
21.8046875,27.008079528808594
21.8203125,27.008079528808594
21.8359375,27.012550354003906
21.8515625,27.01404571533203
21.8671875,27.0062255859375
21.8828125,27.000633239746094
21.8984375,27.011810302734375
21.9140625,27.003982543945312
21.9296875,27.000259399414062
21.9453125,26.997657775878906
21.9609375,27.00696563720703
21.9765625,26.990570068359375
21.9921875,27.000633239746094
22.0078125,27.014419555664062
22.0234375,27.01031494140625
22.0390625,27.012550354003906
22.0546875,27.00696563720703
22.0703125,27.017776489257812
22.0859375,27.026718139648438
22.1015625,27.025596618652344
22.1171875,27.02001190185547
22.1328125,27.013671875
22.1484375,27.020751953125
22.1640625,27.008079528808594
22.1796875,27.019638061523438
22.1953125,27.011070251464844
22.2109375,27.02484893798828
22.2265625,27.02484893798828
22.2421875,27.018890380859375
22.2578125,27.025596618652344
22.2734375,27.012550354003906
22.2890625,27.029693603515625
22.3046875,27.025222778320312
22.3203125,27.018890380859375
22.3359375,27.02484893798828
22.3515625,27.032302856445312
22.3671875,27.032669067382812
22.3828125,27.025222778320312
22.3984375,27.02783203125
22.4140625,27.03453826904297
22.4296875,27.03453826904297
22.4453125,27.039749145507812
22.4609375,27.03789520263672
22.4765625,27.046463012695312
22.4921875,27.033790588378906
22.5078125,27.032302856445312
22.5234375,27.046463012695312
22.5390625,27.044967651367188
22.5546875,27.036773681640625
22.5703125,27.02783203125
22.5859375,27.036773681640625
22.6015625,27.036773681640625
22.6171875,27.03490447998047
22.6328125,27.033050537109375
22.6484375,27.023361206054688
22.6640625,27.044601440429688
22.6796875,27.046836853027344
22.6953125,27.055404663085938
22.7109375,27.041244506835938
22.7265625,27.044967651367188
22.7421875,27.05316162109375
22.7578125,27.050186157226562
22.7734375,27.054283142089844
22.7890625,27.044601440429688
22.8046875,27.04273223876953
22.8203125,27.044967651367188
22.8359375,27.03937530517578
22.8515625,27.043106079101562
22.8671875,27.048316955566406
22.8828125,27.04273223876953
22.8984375,27.05316162109375
22.9140625,27.046836853027344
22.9296875,27.03937530517578
22.9453125,27.040496826171875
22.9609375,27.048316955566406
22.9765625,27.04236602783203
22.9921875,27.040496826171875
23.0078125,27.036773681640625
23.0234375,27.03863525390625
23.0390625,27.044967651367188
23.0546875,27.032669067382812
23.0703125,27.025222778320312
23.0859375,27.03453826904297
23.1015625,27.043846130371094
23.1171875,27.025222778320312
23.1328125,27.036773681640625
23.1484375,27.025222778320312
23.1640625,27.040496826171875
23.1796875,27.025222778320312
23.1953125,27.02783203125
23.2109375,27.034164428710938
23.2265625,27.029319763183594
23.2421875,27.02783203125
23.2578125,27.020751953125
23.2734375,27.018142700195312
23.2890625,27.017776489257812
23.3046875,27.015167236328125
23.3203125,27.012550354003906
23.3359375,27.02001190185547
23.3515625,27.025596618652344
23.3671875,27.032669067382812
23.3828125,27.034164428710938
23.3984375,27.044967651367188
23.4140625,27.062850952148438
23.4296875,27.073287963867188
23.4453125,27.0777587890625
23.4609375,27.131027221679688
23.4765625,27.15003204345703
23.4921875,27.166793823242188
23.5078125,27.176490783691406
23.5234375,27.196975708007812
23.5390625,27.229019165039062
23.5546875,27.261062622070312
23.5703125,27.286766052246094
23.5859375,27.306884765625
23.6015625,27.320297241210938
23.6171875,27.352333068847656
23.6328125,27.398910522460938
23.6484375,27.462623596191406
23.6640625,27.473045349121094
23.6796875,27.513656616210938
23.6953125,27.53527069091797
23.7109375,27.552040100097656
23.7265625,27.579978942871094
23.7421875,27.604934692382812
23.7578125,27.634368896484375
23.7734375,27.652633666992188
23.7890625,27.677223205566406
23.8046875,27.702552795410156
23.8203125,27.728256225585938
23.8359375,27.75732421875
23.8515625,27.784523010253906
23.8671875,27.794578552246094
23.8828125,27.828109741210938
23.8984375,27.844879150390625
23.9140625,27.86834716796875
23.9296875,27.88995361328125
23.9453125,27.906715393066406
23.9609375,27.935409545898438
23.9765625,27.93988037109375
23.9921875,27.971176147460938
24.0078125,27.98235321044922
24.0234375,28.01103973388672
24.0390625,28.02184295654297
24.0546875,28.031532287597656
24.0703125,28.052017211914062
24.0859375,28.071395874023438
24.1015625,28.084068298339844
24.1171875,28.103805541992188
24.1328125,28.11089324951172
24.1484375,28.11163330078125
24.1640625,28.126907348632812
24.1796875,28.157455444335938
24.1953125,28.15857696533203
24.2109375,28.160438537597656
24.2265625,28.181671142578125
24.2421875,28.176834106445312
24.2578125,28.191368103027344
24.2734375,28.20440673828125
24.2890625,28.199554443359375
24.3046875,28.214462280273438
24.3203125,28.22266387939453
24.3359375,28.215957641601562
24.3515625,28.231231689453125
24.3671875,28.231231689453125
24.3828125,28.242401123046875
24.3984375,28.24054718017578
24.4140625,28.245758056640625
24.4296875,28.252090454101562
24.4453125,28.24352264404297
24.4609375,28.25395965576172
24.4765625,28.253204345703125
24.4921875,28.25469970703125
24.5078125,28.26587677001953
24.5234375,28.26513671875
24.5390625,28.27593994140625
24.5546875,28.269607543945312
24.5703125,28.266998291015625
24.5859375,28.27593994140625
24.6015625,28.26214599609375
24.6171875,28.27332305908203
24.6328125,28.271087646484375
24.6484375,28.27667999267578
24.6640625,28.26513671875
24.6796875,28.269607543945312
24.6953125,28.256561279296875
24.7109375,28.249855041503906
24.7265625,28.245018005371094
24.7421875,28.253585815429688
24.7578125,28.245018005371094
24.7734375,28.24017333984375
24.7890625,28.253585815429688
24.8046875,28.252464294433594
24.8203125,28.241661071777344
24.8359375,28.2442626953125
24.8515625,28.25096893310547
24.8671875,28.252464294433594
24.8828125,28.252464294433594
24.8984375,28.25432586669922
24.9140625,28.249114990234375
24.9296875,28.25879669189453
24.9453125,28.261032104492188
24.9609375,28.27667999267578
24.9765625,28.25843048095703
24.9921875,28.259544372558594
25.0078125,28.26513671875
25.0234375,28.277427673339844
25.0390625,28.281150817871094
25.0546875,28.282638549804688
25.0703125,28.296432495117188
25.0859375,28.291961669921875
25.1015625,28.292327880859375
25.1171875,28.30425262451172
25.1328125,28.30461883544922
25.1484375,28.310958862304688
25.1640625,28.310585021972656
25.1796875,28.318405151367188
25.1953125,28.328094482421875
25.2109375,28.323257446289062
25.2265625,28.3370361328125
25.2421875,28.347091674804688
25.2578125,28.342254638671875
25.2734375,28.36609649658203
25.2890625,28.36609649658203
25.3046875,28.388450622558594
25.3203125,28.385467529296875
25.3359375,28.3798828125
25.3515625,28.39813995361328
25.3671875,28.417144775390625
25.3828125,28.425704956054688
25.3984375,28.44768524169922
25.4140625,28.459983825683594
25.4296875,28.46221923828125
25.4453125,28.48047637939453
25.4609375,28.48382568359375
25.4765625,28.497238159179688
25.4921875,28.50432586669922
25.5078125,28.527420043945312
25.5234375,28.524063110351562
25.5390625,28.532630920410156
25.5546875,28.55200958251953
25.5703125,28.550888061523438
25.5859375,28.564682006835938
25.6015625,28.579574584960938
25.6171875,28.597091674804688
25.6328125,28.589271545410156
25.6484375,28.597457885742188
25.6640625,28.61162567138672
25.6796875,28.621307373046875
25.6953125,28.641799926757812
25.7109375,28.650741577148438
25.7265625,28.663406372070312
25.7421875,28.67645263671875
25.7578125,28.702896118164062
25.7734375,28.693954467773438
25.7890625,28.71966552734375
25.8046875,28.720779418945312
25.8203125,28.720779418945312
25.8359375,28.742019653320312
25.8515625,28.742759704589844
25.8671875,28.742759704589844
25.8828125,28.75543212890625
25.8984375,28.771453857421875
25.9140625,28.781517028808594
25.9296875,28.807220458984375
25.9453125,28.830322265625
25.9609375,28.807220458984375
25.9765625,28.835533142089844
25.9921875,28.846343994140625
26.0078125,28.853050231933594
26.0234375,28.87725830078125
26.0390625,28.897003173828125
26.0546875,28.903709411621094
26.0703125,28.90594482421875
26.0859375,28.921592712402344
26.1015625,28.929420471191406
26.1171875,28.944320678710938
26.1328125,28.962203979492188
26.1484375,28.971893310546875
26.1640625,28.981582641601562
26.1796875,28.993881225585938
26.1953125,29.004684448242188
26.2109375,29.028152465820312
26.2265625,29.04156494140625
26.2421875,29.037094116210938
26.2578125,29.06280517578125
26.2734375,29.070999145507812
26.2890625,29.07807159423828
26.3046875,29.1026611328125
26.3203125,29.114959716796875
26.3359375,29.118682861328125
26.3515625,29.132095336914062
26.3671875,29.140296936035156
26.3828125,29.153335571289062
26.3984375,29.1593017578125
26.4140625,29.171958923339844
26.4296875,29.1741943359375
26.4453125,29.18389129638672
26.4609375,29.195068359375
26.4765625,29.197669982910156
26.4921875,29.206985473632812
26.5078125,29.22113800048828
26.5234375,29.233810424804688
26.5390625,29.248336791992188
26.5546875,29.259140014648438
26.5703125,29.258399963378906
26.5859375,29.27069091796875
26.6015625,29.29901123046875
26.6171875,29.298263549804688
26.6328125,29.30645751953125
26.6484375,29.315399169921875
26.6640625,29.322486877441406
26.6796875,29.337379455566406
26.6953125,29.347076416015625
26.7109375,29.371665954589844
26.7265625,29.378738403320312
26.7421875,29.375015258789062
26.7578125,29.393646240234375
26.7734375,29.400344848632812
26.7890625,29.4241943359375
26.8046875,29.42121124267578
26.8203125,29.44915008544922
26.8359375,29.43425750732422
26.8515625,29.442825317382812
26.8671875,29.457351684570312
26.8828125,29.473373413085938
26.8984375,29.504669189453125
26.9140625,29.500198364257812
26.9296875,29.52031707763672
26.9453125,29.525909423828125
26.9609375,29.52478790283203
26.9765625,29.544158935546875
26.9921875,29.54602813720703
27.0078125,29.562416076660156
27.0234375,29.576950073242188
27.0390625,29.584396362304688
27.0546875,29.59557342529297
27.0703125,29.594833374023438
27.0859375,29.61309051513672
27.1015625,29.6246337890625
27.1171875,29.63842010498047
27.1328125,29.64922332763672
27.1484375,29.646240234375
27.1640625,29.665985107421875
27.1796875,29.672691345214844
27.1953125,29.68573760986328
27.2109375,29.687599182128906
27.2265625,29.694305419921875
27.2421875,29.707717895507812
27.2578125,29.711448669433594
27.2734375,29.711814880371094
27.2890625,29.736404418945312
27.3046875,29.740127563476562
27.3203125,29.753921508789062
27.3359375,29.758758544921875
27.3515625,29.765464782714844
27.3671875,29.772544860839844
27.3828125,29.776275634765625
27.3984375,29.789306640625
27.4140625,29.800491333007812
27.4296875,29.807937622070312
27.4453125,29.810546875
27.4609375,29.82769012451172
27.4765625,29.83252716064453
27.4921875,29.836257934570312
27.5078125,29.840347290039062
27.5234375,29.855628967285156
27.5390625,29.848548889160156
27.5546875,29.865692138671875
27.5703125,29.888046264648438
27.5859375,29.87164306640625
27.6015625,29.888046264648438
27.6171875,29.891021728515625
27.6328125,29.896987915039062
27.6484375,29.89586639404297
27.6640625,29.913002014160156
27.6796875,29.91747283935547
27.6953125,29.930519104003906
27.7109375,29.937225341796875
27.7265625,29.948028564453125
27.7421875,29.941696166992188
27.7578125,29.96479034423828
27.7734375,29.951004028320312
27.7890625,29.97223663330078
27.8046875,29.972991943359375
27.8203125,29.987518310546875
27.8359375,29.988265991210938
27.8515625,29.9964599609375
27.8671875,29.999061584472656
27.8828125,30.019561767578125
27.8984375,30.016204833984375
27.9140625,30.016204833984375
27.9296875,30.01844024658203
27.9453125,30.026641845703125
27.9609375,30.02887725830078
27.9765625,30.052711486816406
27.9921875,30.048240661621094
28.0078125,30.04340362548828
28.0234375,30.044143676757812
28.0390625,30.052345275878906
28.0546875,30.051597595214844
28.0703125,30.06501007080078
28.0859375,30.072830200195312
28.1015625,30.088111877441406
28.1171875,30.07209014892578
28.1328125,30.081031799316406
28.1484375,30.09332275390625
28.1640625,30.08997344970703
28.1796875,30.10041046142578
28.1953125,30.09294891357422
28.2109375,30.10041046142578
28.2265625,30.109718322753906
28.2421875,30.11418914794922
28.2578125,30.109718322753906
28.2734375,30.130584716796875
28.2890625,30.135421752929688
28.3046875,30.145858764648438
28.3203125,30.143997192382812
28.3359375,30.142127990722656
28.3515625,30.161880493164062
28.3671875,30.145118713378906
28.3828125,30.158531188964844
28.3984375,30.15777587890625
28.4140625,30.16747283935547
28.4296875,30.167098999023438
28.4453125,30.176414489746094
28.4609375,30.190940856933594
28.4765625,30.184982299804688
28.4921875,30.19988250732422
28.5078125,30.202484130859375
28.5234375,30.20435333251953
28.5390625,30.21441650390625
28.5546875,30.219253540039062
28.5703125,30.220001220703125
28.5859375,30.23303985595703
28.6015625,30.230064392089844
28.6171875,30.23303985595703
28.6328125,30.23601531982422
28.6484375,30.25836944580078
28.6640625,30.25800323486328
28.6796875,30.270668029785156
28.6953125,30.266944885253906
28.7109375,30.266944885253906
28.7265625,30.26880645751953
28.7421875,30.270668029785156
28.7578125,30.279983520507812
28.7734375,30.27178192138672
28.7890625,30.279983520507812
28.8046875,30.291900634765625
28.8203125,30.288185119628906
28.8359375,30.31090545654297
28.8515625,30.30419921875
28.8671875,30.30754852294922
28.8828125,30.30754852294922
28.8984375,30.302711486816406
28.9140625,30.30457305908203
28.9296875,30.301597595214844
28.9453125,30.299362182617188
28.9609375,30.319847106933594
28.9765625,30.30754852294922
28.9921875,30.3187255859375
29.0078125,30.3187255859375
29.0234375,30.299728393554688
29.0390625,30.299728393554688
29.0546875,30.291900634765625
29.0703125,30.298606872558594
29.0859375,30.273651123046875
29.1015625,30.278488159179688
29.1171875,30.266944885253906
29.1328125,30.259490966796875
29.1484375,30.246826171875
29.1640625,30.227073669433594
29.1796875,30.217018127441406
29.1953125,30.202484130859375
29.2109375,30.174179077148438
29.2265625,30.159271240234375
29.2421875,30.141761779785156
29.2578125,30.13207244873047
29.2734375,30.119773864746094
29.2890625,30.109718322753906
29.3046875,30.086624145507812
29.3203125,30.06464385986328
29.3359375,30.045265197753906
29.3515625,30.02887725830078
29.3671875,30.02588653564453
29.3828125,30.00316619873047
29.3984375,29.999435424804688
29.4140625,29.96776580810547
29.4296875,29.951004028320312
29.4453125,29.940574645996094
29.4609375,29.927902221679688
29.4765625,29.896987915039062
29.4921875,29.886550903320312
29.5078125,29.879844665527344
29.5234375,29.865692138671875
29.5390625,29.841468811035156
29.5546875,29.836631774902344
29.5703125,29.81128692626953
29.5859375,29.790428161621094
29.6015625,29.77552032470703
29.6171875,29.769935607910156
29.6328125,29.744979858398438
29.6484375,29.734542846679688
29.6640625,29.7177734375
29.6796875,29.69654083251953
29.6953125,29.693565368652344
29.7109375,29.676048278808594
29.7265625,29.661148071289062
29.7421875,29.63208770751953
29.7578125,29.6104736328125
29.7734375,29.607498168945312
29.7890625,29.59221649169922
29.8046875,29.57880401611328
29.8203125,29.553848266601562
29.8359375,29.544158935546875
29.8515625,29.52515411376953
29.8671875,29.512863159179688
29.8828125,29.503173828125
29.8984375,29.50579071044922
29.9140625,29.486785888671875
29.9296875,29.457725524902344
29.9453125,29.46703338623047
29.9609375,29.453994750976562
29.9765625,29.443939208984375
29.9921875,29.42791748046875
30.0078125,29.419723510742188
30.0234375,29.411903381347656
30.0390625,29.400344848632812
30.0546875,29.387680053710938
30.0703125,29.379852294921875
30.0859375,29.36719512939453
30.1015625,29.35601806640625
30.1171875,29.34893798828125
30.1328125,29.337013244628906
30.1484375,29.326202392578125
30.1640625,29.31018829345703
30.1796875,29.304603576660156
30.1953125,29.308319091796875
30.2109375,29.2811279296875
30.2265625,29.27777862548828
30.2421875,29.275161743164062
30.2578125,29.27031707763672
30.2734375,29.254302978515625
30.2890625,29.244613647460938
30.3046875,29.240142822265625
30.3203125,29.231948852539062
30.3359375,29.225242614746094
30.3515625,29.223007202148438
30.3671875,29.208847045898438
30.3828125,29.197669982910156
30.3984375,29.18389129638672
30.4140625,29.187606811523438
30.4296875,29.168243408203125
30.4453125,29.16339111328125
30.4609375,29.154075622558594
30.4765625,29.150360107421875
30.4921875,29.132095336914062
30.5078125,29.13024139404297
30.5234375,29.119430541992188
30.5390625,29.11682891845703
30.5546875,29.114959716796875
30.5703125,29.117568969726562
30.5859375,29.09484100341797
30.6015625,29.082916259765625
30.6171875,29.072860717773438
30.6328125,29.06354522705078
30.6484375,29.06317901611328
30.6640625,29.05535125732422
30.6796875,29.029647827148438
30.6953125,29.036354064941406
30.7109375,29.024795532226562
30.7265625,29.02294158935547
30.7421875,29.019210815429688
30.7578125,29.015113830566406
30.7734375,28.99871826171875
30.7890625,28.981948852539062
30.8046875,28.98754119873047
30.8203125,28.990890502929688
30.8359375,28.964065551757812
30.8515625,28.964065551757812
30.8671875,28.954010009765625
30.8828125,28.954010009765625
30.8984375,28.9447021484375
30.9140625,28.942092895507812
30.9296875,28.93053436279297
30.9453125,28.93836212158203
30.9609375,28.935379028320312
30.9765625,28.917495727539062
30.9921875,28.918243408203125
31.0078125,28.920852661132812
31.0234375,28.895523071289062
31.0390625,28.894027709960938
31.0546875,28.89440155029297
31.0703125,28.89141845703125
31.0859375,28.88024139404297
31.1015625,28.878753662109375
31.1171875,28.877639770507812
31.1328125,28.861236572265625
31.1484375,28.856765747070312
31.1640625,28.8660888671875
31.1796875,28.861618041992188
31.1953125,28.850059509277344
31.2109375,28.854164123535156
31.2265625,28.854904174804688
31.2421875,28.84857940673828
31.2578125,28.843734741210938
31.2734375,28.831809997558594
31.2890625,28.832176208496094
31.3046875,28.822120666503906
31.3203125,28.818763732910156
31.3359375,28.822120666503906
31.3515625,28.803497314453125
31.3671875,28.80870819091797
31.3828125,28.807220458984375
31.3984375,28.78746795654297
31.4140625,28.793434143066406
31.4296875,28.78746795654297
31.4453125,28.790084838867188
31.4609375,28.78375244140625
31.4765625,28.778526306152344
31.4921875,28.79045867919922
31.5078125,28.770706176757812
31.5234375,28.78375244140625
31.5390625,28.75916290283203
31.5546875,28.763259887695312
31.5703125,28.75505828857422
31.5859375,28.742759704589844
31.6015625,28.753196716308594
31.6171875,28.740158081054688
31.6328125,28.74872589111328
31.6484375,28.728981018066406
31.6640625,28.740158081054688
31.6796875,28.74127960205078
31.6953125,28.722274780273438
31.7109375,28.732337951660156
31.7265625,28.722274780273438
31.7421875,28.718170166015625
31.7578125,28.706993103027344
31.7734375,28.72040557861328
31.7890625,28.71593475341797
31.8046875,28.71258544921875
31.8203125,28.7017822265625
31.8359375,28.699546813964844
31.8515625,28.688743591308594
31.8671875,28.672348022460938
31.8828125,28.685760498046875
31.8984375,28.679428100585938
31.9140625,28.674583435058594
31.9296875,28.666015625
31.9453125,28.663040161132812
31.9609375,28.654464721679688
31.9765625,28.654464721679688
31.9921875,28.63098907470703
32.0078125,28.632858276367188
32.0234375,28.621307373046875
32.0390625,28.618698120117188
32.0546875,28.60826873779297
32.0703125,28.60863494873047
32.0859375,28.589271545410156
32.1015625,28.5870361328125
32.1171875,28.57585906982422
32.1328125,28.57697296142578
32.1484375,28.574737548828125
32.1640625,28.54791259765625
32.1796875,28.564682006835938
32.1953125,28.550888061523438
32.2109375,28.546043395996094
32.2265625,28.55461883544922
32.2421875,28.535247802734375
32.2578125,28.53338623046875
32.2734375,28.532630920410156
32.2890625,28.518478393554688
32.3046875,28.503952026367188
32.3203125,28.499481201171875
32.3359375,28.506561279296875
32.3515625,28.495384216308594
32.3671875,28.484207153320312
32.3828125,28.492767333984375
32.3984375,28.478981018066406
32.4140625,28.467437744140625
32.4296875,28.477867126464844
32.4453125,28.464828491210938
32.4609375,28.457748413085938
32.4765625,28.454025268554688
32.4921875,28.443214416503906
32.5078125,28.449920654296875
32.5234375,28.44805908203125
32.5390625,28.430923461914062
32.5546875,28.43353271484375
32.5703125,28.431297302246094
32.5859375,28.43353271484375
32.6015625,28.42943572998047
32.6171875,28.430557250976562
32.6328125,28.430557250976562
32.6484375,28.425704956054688
32.6640625,28.409683227539062
32.6796875,28.402236938476562
32.6953125,28.389564514160156
32.7109375,28.389564514160156
32.7265625,28.385467529296875
32.7421875,28.391799926757812
32.7578125,28.37578582763672
32.7734375,28.367965698242188
32.7890625,28.360137939453125
32.8046875,28.357154846191406
32.8203125,28.347091674804688
32.8359375,28.328094482421875
32.8515625,28.339271545410156
32.8671875,28.328468322753906
32.8828125,28.323623657226562
32.8984375,28.31244659423828
32.9140625,28.303138732910156
32.9296875,28.30908966064453
32.9453125,28.293075561523438
32.9609375,28.293075561523438
32.9765625,28.29046630859375
32.9921875,28.285995483398438
33.0078125,28.28673553466797
33.0234375,28.27332305908203
33.0390625,28.274818420410156
33.0546875,28.26214599609375
33.0703125,28.259910583496094
33.0859375,28.262901306152344
33.1015625,28.25432586669922
33.1171875,28.25543975830078
33.1328125,28.246131896972656
33.1484375,28.24725341796875
33.1640625,28.24761962890625
33.1796875,28.248367309570312
33.1953125,28.243896484375
33.2109375,28.243896484375
33.2265625,28.228248596191406
33.2421875,28.228248596191406
33.2578125,28.208877563476562
33.2734375,28.209991455078125
33.2890625,28.21148681640625
33.3046875,28.196205139160156
33.3203125,28.195465087890625
33.3359375,28.188751220703125
33.3515625,28.191734313964844
33.3671875,28.18279266357422
33.3828125,28.1865234375
33.3984375,28.181671142578125
33.4140625,28.176834106445312
33.4296875,28.159698486328125
33.4453125,28.15484619140625
33.4609375,28.159698486328125
33.4765625,28.15484619140625
33.4921875,28.152984619140625
33.5078125,28.15857696533203
33.5234375,28.14777374267578
33.5390625,28.149635314941406
33.5546875,28.133987426757812
33.5703125,28.138832092285156
33.5859375,28.14366912841797
33.6015625,28.14330291748047
33.6171875,28.135848999023438
33.6328125,28.124671936035156
33.6484375,28.127655029296875
33.6640625,28.132492065429688
33.6796875,28.1220703125
33.6953125,28.117599487304688
33.7109375,28.11089324951172
33.7265625,28.109397888183594
33.7421875,28.112747192382812
33.7578125,28.114242553710938
33.7734375,28.112747192382812
33.7890625,28.105667114257812
33.8046875,28.10753631591797
33.8203125,28.096725463867188
33.8359375,28.095611572265625
33.8515625,28.095245361328125
33.8671875,28.100830078125
33.8828125,28.10455322265625
33.8984375,28.096725463867188
33.9140625,28.09001922607422
33.9296875,28.091888427734375
33.9453125,28.089279174804688
33.9609375,28.0863037109375
33.9765625,28.085182189941406
33.9921875,28.081077575683594
34.0078125,28.081832885742188
34.0234375,28.091140747070312
34.0390625,28.07624053955078
34.0546875,28.08257293701172
34.0703125,28.076980590820312
34.0859375,28.07660675048828
34.1015625,28.07512664794922
34.1171875,28.07512664794922
34.1328125,28.071395874023438
34.1484375,28.063194274902344
34.1640625,28.067665100097656
34.1796875,28.07512664794922
34.1953125,28.05388641357422
34.2109375,28.050155639648438
34.2265625,28.063568115234375
34.2421875,28.063194274902344
34.2578125,28.049415588378906
34.2734375,28.070655822753906
34.2890625,28.052398681640625
34.3046875,28.046432495117188
34.3203125,28.052017211914062
34.3359375,28.034133911132812
34.3515625,28.031532287597656
34.3671875,28.046432495117188
34.3828125,28.031532287597656
34.3984375,28.04754638671875
34.4140625,28.049415588378906
34.4296875,28.031532287597656
34.4453125,28.028182983398438
34.4609375,28.028182983398438
34.4765625,28.024452209472656
34.4921875,28.025192260742188
34.5078125,28.01885986328125
34.5234375,28.01513671875
34.5390625,28.019241333007812
34.5546875,28.019241333007812
34.5703125,28.002471923828125
34.5859375,27.995765686035156
34.6015625,28.002838134765625
34.6171875,27.990921020507812
34.6328125,27.98607635498047
34.6484375,27.98607635498047
34.6640625,27.995765686035156
34.6796875,27.98235321044922
34.6953125,27.989059448242188
34.7109375,27.98235321044922
34.7265625,27.987945556640625
34.7421875,27.963356018066406
34.7578125,27.971176147460938
34.7734375,27.976768493652344
34.7890625,27.963356018066406
34.8046875,27.958511352539062
34.8203125,27.957015991210938
34.8359375,27.960365295410156
34.8515625,27.953292846679688
34.8671875,27.951797485351562
34.8828125,27.9432373046875
34.8984375,27.942855834960938
34.9140625,27.9432373046875
34.9296875,27.9361572265625
34.9453125,27.941741943359375
34.9609375,27.934295654296875
34.9765625,27.92609405517578
34.9921875,27.916030883789062
35.0078125,27.927215576171875
35.0234375,27.919761657714844
35.0390625,27.92236328125
35.0546875,27.923484802246094
35.0703125,27.930191040039062
35.0859375,27.923118591308594
35.1015625,27.917892456054688
35.1171875,27.931304931640625
35.1328125,27.923118591308594
35.1484375,27.93280029296875
35.1640625,27.942481994628906
35.1796875,27.942855834960938
35.1953125,27.95068359375
35.2109375,27.963356018066406
35.2265625,27.971176147460938
35.2421875,27.98719024658203
35.2578125,28.01103973388672
35.2734375,28.024078369140625
35.2890625,28.03302001953125
35.3046875,28.052017211914062
35.3203125,28.070655822753906
35.3359375,28.089279174804688
35.3515625,28.117965698242188
35.3671875,28.12281036376953
35.3828125,28.148895263671875
35.3984375,28.16864013671875
35.4140625,28.193222045898438
35.4296875,28.224143981933594
35.4453125,28.231971740722656
35.4609375,28.259910583496094
35.4765625,28.27593994140625
35.4921875,28.30908966064453
35.5078125,28.332565307617188
35.5234375,28.35491943359375
35.5390625,28.3798828125
35.5546875,28.4085693359375
35.5703125,28.435028076171875
35.5859375,28.45215606689453
35.6015625,28.472274780273438
35.6171875,28.518478393554688
35.6328125,28.553871154785156
35.6484375,28.577713012695312
35.6640625,28.58404541015625
35.6796875,28.61572265625
35.6953125,28.634719848632812
35.7109375,28.66638946533203
35.7265625,28.675697326660156
35.7421875,28.713333129882812
35.7578125,28.71593475341797
35.7734375,28.74425506591797
35.7890625,28.76660919189453
35.8046875,28.801254272460938
35.8203125,28.825469970703125
35.8359375,28.84522247314453
35.8515625,28.869064331054688
35.8671875,28.894027709960938
35.8828125,28.921592712402344
35.8984375,28.94171142578125
35.9140625,28.942092895507812
35.9296875,28.96965789794922
35.9453125,28.99127197265625
35.9609375,28.992759704589844
35.9765625,29.03076171875
35.9921875,29.043800354003906
36.0078125,29.043426513671875
36.0234375,29.064659118652344
36.0390625,29.081802368164062
36.0546875,29.100799560546875
36.0703125,29.132843017578125
36.0859375,29.13135528564453
36.1015625,29.140296936035156
36.1171875,29.16712188720703
36.1328125,29.194686889648438
36.1484375,29.196929931640625
36.1640625,29.225608825683594
36.1796875,29.225242614746094
36.1953125,29.233070373535156
36.2109375,29.254669189453125
36.2265625,29.265846252441406
36.2421875,29.275909423828125
36.2578125,29.29901123046875
36.2734375,29.298263549804688
36.2890625,29.315399169921875
36.3046875,29.330673217773438
36.3203125,29.329559326171875
36.3359375,29.342605590820312
36.3515625,29.358619689941406
36.3671875,29.375762939453125
36.3828125,29.376136779785156
36.3984375,29.374267578125
36.4140625,29.390289306640625
36.4296875,29.396255493164062
36.4453125,29.40332794189453
36.4609375,29.408912658691406
36.4765625,29.429786682128906
36.4921875,29.423080444335938
36.5078125,29.441329956054688
36.5234375,29.432762145996094
36.5390625,29.442825317382812
36.5546875,29.44915008544922
36.5703125,29.444679260253906
36.5859375,29.43462371826172
36.6015625,29.428665161132812
36.6171875,29.44207763671875
36.6328125,29.42791748046875
36.6484375,29.429786682128906
36.6640625,29.4100341796875
36.6796875,29.423446655273438
36.6953125,29.39997100830078
36.7109375,29.3958740234375
36.7265625,29.388427734375
36.7421875,29.3958740234375
36.7578125,29.39252471923828
36.7734375,29.38507843017578
36.7890625,29.387680053710938
36.8046875,29.385818481445312
36.8203125,29.3958740234375
36.8359375,29.40332794189453
36.8515625,29.3887939453125
36.8671875,29.398117065429688
36.8828125,29.404075622558594
36.8984375,29.407432556152344
36.9140625,29.39997100830078
36.9296875,29.408546447753906
36.9453125,29.401466369628906
36.9609375,29.4100341796875
36.9765625,29.419723510742188
36.9921875,29.41338348388672
37.0078125,29.42047119140625
37.0234375,29.42791748046875
37.0390625,29.43090057373047
37.0546875,29.442825317382812
37.0703125,29.42791748046875
37.0859375,29.44207763671875
37.1015625,29.440582275390625
37.1171875,29.432762145996094
37.1328125,29.45214080810547
37.1484375,29.453994750976562
37.1640625,29.45958709716797
37.1796875,29.44878387451172
37.1953125,29.475975036621094
37.2109375,29.462562561035156
37.2265625,29.461082458496094
37.2421875,29.472259521484375
37.2578125,29.48491668701172
37.2734375,29.4886474609375
37.2890625,29.476730346679688
37.3046875,29.478591918945312
37.3203125,29.478591918945312
37.3359375,29.496475219726562
37.3515625,29.49274444580078
37.3671875,29.490882873535156
37.3828125,29.49982452392578
37.3984375,29.49908447265625
37.4140625,29.51397705078125
37.4296875,29.52105712890625
37.4453125,29.525909423828125
37.4609375,29.522552490234375
37.4765625,29.5169677734375
37.4921875,29.518447875976562
37.5078125,29.532615661621094
37.5234375,29.547142028808594
37.5390625,29.544906616210938
37.5546875,29.546768188476562
37.5703125,29.557945251464844
37.5859375,29.55644989013672
37.6015625,29.558685302734375
37.6171875,29.57135772705078
37.6328125,29.582534790039062
37.6484375,29.588119506835938
37.6640625,29.5888671875
37.6796875,29.61345672607422
37.6953125,29.606002807617188
37.7109375,29.612335205078125
37.7265625,29.61420440673828
37.7421875,29.624267578125
37.7578125,29.633209228515625
37.7734375,29.64289093017578
37.7890625,29.644386291503906
37.8046875,29.646240234375
37.8203125,29.654808044433594
37.8359375,29.662635803222656
37.8515625,29.673446655273438
37.8671875,29.676795959472656
37.8828125,29.679397583007812
37.8984375,29.691696166992188
37.9140625,29.701011657714844
37.9296875,29.701011657714844
37.9453125,29.711074829101562
37.9609375,29.705108642578125
37.9765625,29.72783660888672
37.9921875,29.736404418945312
38.0078125,29.74571990966797
38.0234375,29.744598388671875
38.0390625,29.74571990966797
38.0546875,29.759506225585938
38.0703125,29.759506225585938
38.0859375,29.76807403564453
38.1015625,29.800491333007812
38.1171875,29.791168212890625
38.1328125,29.79192352294922
38.1484375,29.800491333007812
38.1640625,29.80718994140625
38.1796875,29.816879272460938
38.1953125,29.82098388671875
38.2109375,29.83587646484375
38.2265625,29.844451904296875
38.2421875,29.834762573242188
38.2578125,29.834014892578125
38.2734375,29.86046600341797
38.2890625,29.866806030273438
38.3046875,29.888046264648438
38.3203125,29.894378662109375
38.3359375,29.90369415283203
38.3515625,29.904434204101562
38.3671875,29.915985107421875
38.3828125,29.915985107421875
38.3984375,29.92529296875
38.4140625,29.937225341796875
38.4296875,29.941696166992188
38.4453125,29.955108642578125
38.4609375,29.951004028320312
38.4765625,29.981552124023438
38.4921875,30.004653930664062
38.5078125,30.004287719726562
38.5234375,30.008758544921875
38.5390625,30.02104949951172
38.5546875,30.038185119628906
38.5703125,30.045265197753906
38.5859375,30.06053924560547
38.6015625,30.062774658203125
38.6171875,30.079910278320312
38.6328125,30.094444274902344
38.6484375,30.11418914794922
38.6640625,30.11382293701172
38.6796875,30.129837036132812
38.6953125,30.143997192382812
38.7109375,30.155540466308594
38.7265625,30.156661987304688
38.7421875,30.166351318359375
38.7578125,30.16747283935547
38.7734375,30.18609619140625
38.7890625,30.20435333251953
38.8046875,30.198768615722656
38.8203125,30.198768615722656
38.8359375,30.22148895263672
38.8515625,30.234901428222656
38.8671875,30.23564910888672
38.8828125,30.2542724609375
38.8984375,30.262474060058594
38.9140625,30.263595581054688
38.9296875,30.270668029785156
38.9453125,30.277748107910156
38.9609375,30.285568237304688
38.9765625,30.284080505371094
38.9921875,30.299728393554688
39.0078125,30.326553344726562
39.0234375,30.31501007080078
39.0390625,30.323577880859375
39.0546875,30.331398010253906
39.0703125,30.33289337158203
39.0859375,30.339599609375
39.1015625,30.34033966064453
39.1171875,30.356361389160156
39.1328125,30.348541259765625
39.1484375,30.36492919921875
39.1640625,30.37237548828125
39.1796875,30.372756958007812
39.1953125,30.384674072265625
39.2109375,30.38690948486328
39.2265625,30.38951873779297
39.2421875,30.383926391601562
39.2578125,30.405906677246094
39.2734375,30.421188354492188
39.2890625,30.42267608642578
39.3046875,30.421554565429688
39.3203125,30.42528533935547
39.3359375,30.426406860351562
39.3515625,30.449501037597656
39.3671875,30.441673278808594
39.3828125,30.4468994140625
39.3984375,30.4468994140625
39.4140625,30.458816528320312
39.4296875,30.469993591308594
39.4453125,30.477813720703125
39.4609375,30.484146118164062
39.4765625,30.488616943359375
39.4921875,30.49346923828125
39.5078125,30.505020141601562
39.5234375,30.503150939941406
39.5390625,30.502029418945312
39.5546875,30.500167846679688
39.5703125,30.50836944580078
39.5859375,30.514328002929688
39.6015625,30.513206481933594
39.6171875,30.519912719726562
39.6328125,30.52997589111328
39.6484375,30.545257568359375
39.6640625,30.545257568359375
39.6796875,30.542648315429688
39.6953125,30.556800842285156
39.7109375,30.555313110351562
39.7265625,30.567230224609375
39.7421875,30.57579803466797
39.7578125,30.578414916992188
39.7734375,30.56500244140625
39.7890625,30.58362579345703
39.8046875,30.58362579345703
39.8203125,30.602622985839844
39.8359375,30.602256774902344
39.8515625,30.608963012695312
39.8671875,30.598526000976562
39.8828125,30.610824584960938
39.8984375,30.62237548828125
39.9140625,30.6260986328125
39.9296875,30.6331787109375
39.9453125,30.6402587890625
39.9609375,30.649566650390625
39.9765625,30.652557373046875
39.9921875,30.6614990234375
40.0078125,30.665969848632812
40.0234375,30.67304229736328
40.0390625,30.693161010742188
40.0546875,30.676773071289062
40.0703125,30.699127197265625
40.0859375,30.702102661132812
40.1015625,30.702102661132812
40.1171875,30.699127197265625
40.1328125,30.70397186279297
40.1484375,30.70844268798828
40.1640625,30.724090576171875
40.1796875,30.72967529296875
40.1953125,30.73973846435547
40.2109375,30.73712158203125
40.2265625,30.74457550048828
40.2421875,30.742340087890625
40.2578125,30.761337280273438
40.2734375,30.769912719726562
40.2890625,30.782211303710938
40.3046875,30.774009704589844
40.3203125,30.79039764404297
40.3359375,30.784072875976562
40.3515625,30.79822540283203
40.3671875,30.804931640625
40.3828125,30.8045654296875
40.3984375,30.818344116210938
40.4140625,30.820213317871094
40.4296875,30.825050354003906
40.4453125,30.82579803466797
40.4609375,30.82579803466797
40.4765625,30.823562622070312
40.4921875,30.823928833007812
40.5078125,30.849273681640625
40.5234375,30.831390380859375
40.5390625,30.841812133789062
40.5546875,30.850013732910156
40.5703125,30.852249145507812
40.5859375,30.850387573242188
40.6015625,30.852249145507812
40.6171875,30.868637084960938
40.6328125,30.87944793701172
40.6484375,30.885780334472656
40.6640625,30.881683349609375
40.6796875,30.89398193359375
40.6953125,30.890625
40.7109375,30.902542114257812
40.7265625,30.90068817138672
40.7421875,30.91558074951172
40.7578125,30.917076110839844
40.7734375,30.924522399902344
40.7890625,30.92340850830078
40.8046875,30.927879333496094
40.8203125,30.928993225097656
40.8359375,30.952102661132812
40.8515625,30.95172119140625
40.8671875,30.947250366210938
40.8828125,30.96178436279297
40.8984375,30.962158203125
40.9140625,30.974822998046875
40.9296875,30.981903076171875
40.9453125,30.986000061035156
40.9609375,30.983016967773438
40.9765625,30.99420166015625
40.9921875,30.981163024902344
41.0078125,30.9908447265625
41.0234375,30.998291015625
41.0390625,31.00835418701172
41.0546875,31.007614135742188
41.0703125,31.02251434326172
41.0859375,31.02325439453125
41.1015625,31.018783569335938
41.1171875,31.042633056640625
41.1328125,31.041885375976562
41.1484375,31.045608520507812
41.1640625,31.04449462890625
41.1796875,31.050827026367188
41.1953125,31.059768676757812
41.2109375,31.057907104492188
41.2265625,31.060516357421875
41.2421875,31.082496643066406
41.2578125,31.078765869140625
41.2734375,31.08063507080078
41.2890625,31.09478759765625
41.3046875,31.093299865722656
41.3203125,31.1055908203125
41.3359375,31.11975860595703
41.3515625,31.113052368164062
41.3671875,31.12646484375
41.3828125,31.1055908203125
41.3984375,31.119003295898438
41.4140625,31.12310791015625
41.4296875,31.135772705078125
41.4453125,31.14471435546875
41.4609375,31.135772705078125
41.4765625,31.138381958007812
41.4921875,31.15179443359375
41.5078125,31.14434814453125
41.5234375,31.15179443359375
41.5390625,31.152908325195312
41.5546875,31.160362243652344
41.5703125,31.160362243652344
41.5859375,31.161476135253906
41.6015625,31.17041778564453
41.6171875,31.16594696044922
41.6328125,31.174148559570312
41.6484375,31.181976318359375
41.6640625,31.18011474609375
41.6796875,31.20134735107422
41.6953125,31.197998046875
41.7109375,31.179733276367188
41.7265625,31.20208740234375
41.7421875,31.196876525878906
41.7578125,31.20470428466797
41.7734375,31.20507049560547
41.7890625,31.20581817626953
41.8046875,31.213272094726562
41.8203125,31.207679748535156
41.8359375,31.20507049560547
41.8515625,31.217361450195312
41.8671875,31.219970703125
41.8828125,31.22742462158203
41.8984375,31.22742462158203
41.9140625,31.22370147705078
41.9296875,31.227798461914062
41.9453125,31.23040771484375
41.9609375,31.23040771484375
41.9765625,31.24791717529297
41.9921875,31.2412109375
42.0078125,31.254623413085938
42.0234375,31.231155395507812
42.0390625,31.221466064453125
42.0546875,31.228538513183594
42.0703125,31.21959686279297
42.0859375,31.22370147705078
42.1015625,31.206939697265625
42.1171875,31.20134735107422
42.1328125,31.185699462890625
42.1484375,31.1842041015625
42.1640625,31.15552520751953
42.1796875,31.15216827392578
42.1953125,31.136146545410156
42.2109375,31.135772705078125
42.2265625,31.11975860595703
42.2421875,31.111183166503906
42.2578125,31.085105895996094
42.2734375,31.08435821533203
42.2890625,31.060882568359375
42.3046875,31.042259216308594
42.3203125,31.027725219726562
42.3359375,31.00499725341797
42.3515625,30.975196838378906
42.3671875,30.955078125
42.3828125,30.93682098388672
42.3984375,30.9193115234375
42.4140625,30.906639099121094
42.4296875,30.86603546142578
42.4453125,30.84107208251953
42.4609375,30.82915496826172
42.4765625,30.814620971679688
42.4921875,30.809036254882812
42.5078125,30.773269653320312
42.5234375,30.74457550048828
42.5390625,30.735267639160156
42.5546875,30.709922790527344
42.5703125,30.70135498046875
42.5859375,30.675277709960938
42.6015625,30.652557373046875
42.6171875,30.652557373046875
42.6328125,30.628707885742188
42.6484375,30.614181518554688
42.6640625,30.595916748046875
42.6796875,30.58362579345703
42.6953125,30.566856384277344
42.7109375,30.549728393554688
42.7265625,30.53966522216797
42.7421875,30.513961791992188
42.7578125,30.50426483154297
42.7734375,30.487876892089844
42.7890625,30.476699829101562
42.8046875,30.462913513183594
42.8203125,30.44055938720703
42.8359375,30.444290161132812
42.8515625,30.424545288085938
42.8671875,30.405166625976562
42.8828125,30.38951873779297
42.8984375,30.377601623535156
42.9140625,30.378341674804688
42.9296875,30.355613708496094
42.9453125,30.356361389160156
42.9609375,30.337364196777344
42.9765625,30.326927185058594
42.9921875,30.323577880859375
43.0078125,30.31201934814453
43.0234375,30.316490173339844
43.0390625,30.301963806152344
43.0546875,30.287429809570312
43.0703125,30.263595581054688
43.0859375,30.273651123046875
43.1015625,30.255393981933594
43.1171875,30.247573852539062
43.1328125,30.247573852539062
43.1484375,30.230430603027344
43.1640625,30.220367431640625
43.1796875,30.220001220703125
43.1953125,30.191680908203125
43.2109375,30.194297790527344
43.2265625,30.18683624267578
43.2421875,30.187210083007812
43.2578125,30.17156982421875
43.2734375,30.167098999023438
43.2890625,30.159645080566406
43.3046875,30.1607666015625
43.3203125,30.1607666015625
43.3359375,30.15777587890625
43.3515625,30.140647888183594
43.3671875,30.140274047851562
43.3828125,30.13282012939453
43.3984375,30.11865997314453
43.4140625,30.117919921875
43.4296875,30.111953735351562
43.4453125,30.09630584716797
43.4609375,30.09630584716797
43.4765625,30.08624267578125
43.4921875,30.07209014892578
43.5078125,30.072830200195312
43.5234375,30.063148498535156
43.5390625,30.063148498535156
43.5546875,30.062408447265625
43.5703125,30.05047607421875
43.5859375,30.03185272216797
43.6015625,30.03185272216797
43.6171875,30.040420532226562
43.6328125,30.025146484375
43.6484375,30.016204833984375
43.6640625,30.01844024658203
43.6796875,29.999061584472656
43.6953125,30.015464782714844
43.7109375,30.01136016845703
43.7265625,29.977462768554688
43.7421875,29.99273681640625
43.7578125,29.98267364501953
43.7734375,29.979698181152344
43.7890625,29.969635009765625
43.8046875,29.96776580810547
43.8203125,29.95287322998047
43.8359375,29.949142456054688
43.8515625,29.954727172851562
43.8671875,29.947280883789062
43.8828125,29.952117919921875
43.8984375,29.934616088867188
43.9140625,29.93610382080078
43.9296875,29.932754516601562
43.9453125,29.91747283935547
43.9609375,29.90070343017578
43.9765625,29.90070343017578
43.9921875,29.895492553710938
44.0078125,29.908164978027344
44.0234375,29.90666961669922
44.0390625,29.902938842773438
44.0546875,29.888046264648438
44.0703125,29.88170623779297
44.0859375,29.888046264648438
44.1015625,29.868667602539062
44.1171875,29.855628967285156
44.1328125,29.854515075683594
44.1484375,29.866432189941406
44.1640625,29.84295654296875
44.1796875,29.84593963623047
44.1953125,29.843338012695312
44.2109375,29.838485717773438
44.2265625,29.836631774902344
44.2421875,29.838485717773438
44.2578125,29.832901000976562
44.2734375,29.826568603515625
44.2890625,29.822463989257812
44.3046875,29.807937622070312
44.3203125,29.813156127929688
44.3359375,29.816879272460938
44.3515625,29.79192352294922
44.3671875,29.79192352294922
44.3828125,29.786697387695312
44.3984375,29.790054321289062
44.4140625,29.779251098632812
44.4296875,29.780746459960938
44.4453125,29.76807403564453
44.4609375,29.76062774658203
44.4765625,29.762481689453125
44.4921875,29.75689697265625
44.5078125,29.75763702392578
44.5234375,29.74945068359375
44.5390625,29.746841430664062
44.5546875,29.74237060546875
44.5703125,29.737518310546875
44.5859375,29.74237060546875
44.6015625,29.74571990966797
44.6171875,29.726341247558594
44.6328125,29.726715087890625
44.6484375,29.726341247558594
44.6640625,29.70995330810547
44.6796875,29.71703338623047
44.6953125,29.708831787109375
44.7109375,29.69915008544922
44.7265625,29.71703338623047
44.7421875,29.697662353515625
44.7578125,29.697280883789062
44.7734375,29.693931579589844
44.7890625,29.69989013671875
44.8046875,29.694305419921875
44.8203125,29.687225341796875
44.8359375,29.665985107421875
44.8515625,29.657798767089844
44.8671875,29.668975830078125
44.8828125,29.648101806640625
44.8984375,29.641029357910156
44.9140625,29.623886108398438
44.9296875,29.62127685546875
44.9453125,29.60302734375
44.9609375,29.58924102783203
44.9765625,29.576950073242188
44.9921875,29.563156127929688
45.0078125,29.537826538085938
45.0234375,29.54937744140625
45.0390625,29.54303741455078
45.0546875,29.530380249023438
45.0703125,29.514732360839844
45.0859375,29.52031707763672
45.1015625,29.49908447265625
45.1171875,29.49200439453125
45.1328125,29.491622924804688
45.1484375,29.475975036621094
45.1640625,29.469268798828125
45.1796875,29.459213256835938
45.1953125,29.453994750976562
45.2109375,29.453994750976562
45.2265625,29.450271606445312
45.2421875,29.433502197265625
45.2578125,29.427169799804688
45.2734375,29.408172607421875
45.2890625,29.39252471923828
45.3046875,29.407432556152344
45.3203125,29.391403198242188
45.3359375,29.379852294921875
45.3515625,29.378372192382812
45.3671875,29.372032165527344
45.3828125,29.37054443359375
45.3984375,29.36383819580078
45.4140625,29.35601806640625
45.4296875,29.358253479003906
45.4453125,29.3668212890625
45.4609375,29.3668212890625
45.4765625,29.344085693359375
45.4921875,29.330673217773438
45.5078125,29.33477783203125
45.5234375,29.322486877441406
45.5390625,29.324722290039062
45.5546875,29.310928344726562
45.5703125,29.300132751464844
45.5859375,29.303482055664062
45.6015625,29.303482055664062
45.6171875,29.303482055664062
45.6328125,29.279632568359375
45.6484375,29.300872802734375
45.6640625,29.260635375976562
45.6796875,29.275161743164062
45.6953125,29.279632568359375
45.7109375,29.27031707763672
45.7265625,29.27031707763672
45.7421875,29.24201202392578
45.7578125,29.246849060058594
45.7734375,29.25653839111328
45.7890625,29.25579071044922
45.8046875,29.261009216308594
45.8203125,29.26324462890625
45.8359375,29.255050659179688
45.8515625,29.258773803710938
45.8671875,29.2528076171875
45.8828125,29.25206756591797
45.8984375,29.248336791992188
45.9140625,29.250198364257812
45.9296875,29.248336791992188
45.9453125,29.235671997070312
45.9609375,29.236419677734375
45.9765625,29.231948852539062
45.9921875,29.225982666015625
46.0078125,29.218536376953125
46.0234375,29.212570190429688
46.0390625,29.218536376953125
46.0546875,29.204010009765625
46.0703125,29.187240600585938
46.0859375,29.195068359375
46.1015625,29.17792510986328
46.1171875,29.17755126953125
46.1328125,29.179046630859375
46.1484375,29.168983459472656
46.1640625,29.151473999023438
46.1796875,29.150360107421875
46.1953125,29.13471221923828
46.2109375,29.13471221923828
46.2265625,29.136192321777344
46.2421875,29.13471221923828
46.2578125,29.13471221923828
46.2734375,29.136192321777344
46.2890625,29.13433837890625
46.3046875,29.11309814453125
46.3203125,29.10565185546875
46.3359375,29.099685668945312
46.3515625,29.10936737060547
46.3671875,29.10565185546875
46.3828125,29.106765747070312
46.3984375,29.09447479248047
46.4140625,29.09484100341797
46.4296875,29.0877685546875
46.4453125,29.085159301757812
46.4609375,29.082542419433594
46.4765625,29.080307006835938
46.4921875,29.09111785888672
46.5078125,29.079566955566406
46.5234375,29.085899353027344
46.5390625,29.089248657226562
46.5546875,29.090744018554688
46.5703125,29.11682891845703
46.5859375,29.114959716796875
46.6015625,29.110122680664062
46.6171875,29.13024139404297
46.6328125,29.154449462890625
46.6484375,29.168983459472656
46.6640625,29.18389129638672
46.6796875,29.1954345703125
46.6953125,29.205123901367188
46.7109375,29.233810424804688
46.7265625,29.250953674316406
46.7421875,29.27031707763672
46.7578125,29.281494140625
46.7734375,29.303482055664062
46.7890625,29.326202392578125
46.8046875,29.358619689941406
46.8203125,29.37091064453125
46.8359375,29.3958740234375
46.8515625,29.404075622558594
46.8671875,29.44915008544922
46.8828125,29.4674072265625
46.8984375,29.485671997070312
46.9140625,29.516212463378906
46.9296875,29.532615661621094
46.9453125,29.547142028808594
46.9609375,29.564651489257812
46.9765625,29.593711853027344
46.9921875,29.621658325195312
47.0078125,29.64922332763672
47.0234375,29.672691345214844
47.0390625,29.68909454345703
47.0546875,29.70250701904297
47.0703125,29.73491668701172
47.0859375,29.747581481933594
47.1015625,29.780746459960938
47.1171875,29.804214477539062
47.1328125,29.818748474121094
47.1484375,29.839981079101562
47.1640625,29.851898193359375
47.1796875,29.8675537109375
47.1953125,29.876495361328125
47.2109375,29.912635803222656
47.2265625,29.927162170410156
47.2421875,29.962928771972656
47.2578125,29.969635009765625
47.2734375,29.988265991210938
47.2890625,30.010238647460938
47.3046875,30.016204833984375
47.3203125,30.040054321289062
47.3359375,30.05047607421875
47.3515625,30.08289337158203
47.3671875,30.09332275390625
47.3828125,30.106361389160156
47.3984375,30.138031005859375
47.4140625,30.139892578125
47.4296875,30.1611328125
47.4453125,30.17938995361328
47.4609375,30.18199920654297
47.4765625,30.215530395507812
47.4921875,30.217391967773438
47.5078125,30.255020141601562
47.5234375,30.259490966796875
47.5390625,30.298606872558594
47.5546875,30.31463623046875
47.5703125,30.3187255859375
47.5859375,30.32878875732422
47.6015625,30.342201232910156
47.6171875,30.369773864746094
47.6328125,30.373497009277344
47.6484375,30.407028198242188
47.6640625,30.408897399902344
47.6796875,30.405540466308594
47.6953125,30.43310546875
47.7109375,30.43273162841797
47.7265625,30.43572235107422
47.7421875,30.463661193847656
47.7578125,30.475204467773438
47.7734375,30.48973846435547
47.7890625,30.48973846435547
47.8046875,30.505760192871094
47.8203125,30.510971069335938
47.8359375,30.523643493652344
47.8515625,30.53631591796875
47.8671875,30.551963806152344
47.8828125,30.56238555908203
47.8984375,30.58325958251953
47.9140625,30.588096618652344
47.9296875,30.58362579345703
47.9453125,30.587356567382812
47.9609375,30.601882934570312
47.9765625,30.612319946289062
47.9921875,30.617904663085938
48.0078125,30.613800048828125
48.0234375,30.61939239501953
48.0390625,30.62237548828125
48.0546875,30.626846313476562
48.0703125,30.62944793701172
48.0859375,30.63653564453125
48.1015625,30.630203247070312
48.1171875,30.624610900878906
48.1328125,30.60858917236328
48.1484375,30.62237548828125
48.1640625,30.614181518554688
48.1796875,30.610450744628906
48.1953125,30.603378295898438
48.2109375,30.61455535888672
48.2265625,30.603744506835938
48.2421875,30.6119384765625
48.2578125,30.62982177734375
48.2734375,30.62274169921875
48.2890625,30.620880126953125
48.3046875,30.616790771484375
48.3203125,30.62237548828125
48.3359375,30.630569458007812
48.3515625,30.616790771484375
48.3671875,30.62908172607422
48.3828125,30.630943298339844
48.3984375,30.626846313476562
48.4140625,30.6402587890625
48.4296875,30.63243865966797
48.4453125,30.645477294921875
48.4609375,30.656646728515625
48.4765625,30.653297424316406
48.4921875,30.670059204101562
48.5078125,30.652557373046875
48.5234375,30.6614990234375
48.5390625,30.665969848632812
48.5546875,30.673789978027344
48.5703125,30.675277709960938
48.5859375,30.69092559814453
48.6015625,30.68273162841797
48.6171875,30.676025390625
48.6328125,30.691299438476562
48.6484375,30.699127197265625
48.6640625,30.691673278808594
48.6796875,30.70397186279297
48.6953125,30.694656372070312
48.7109375,30.702102661132812
48.7265625,30.70844268798828
48.7421875,30.714767456054688
48.7578125,30.72632598876953
48.7734375,30.71886444091797
48.7890625,30.73973846435547
48.8046875,30.724456787109375
48.8203125,30.72185516357422
48.8359375,30.736007690429688
48.8515625,30.740478515625
48.8671875,30.75873565673828
48.8828125,30.773635864257812
48.8984375,30.753890991210938
48.9140625,30.76506805419922
48.9296875,30.764328002929688
48.9453125,30.77698516845703
48.9609375,30.778480529785156
48.9765625,30.77587127685547
48.9921875,30.77698516845703
49.0078125,30.782211303710938
49.0234375,30.79375457763672
49.0390625,30.810897827148438
49.0546875,30.79785919189453
49.0703125,30.809776306152344
49.0859375,30.809402465820312
49.1015625,30.810897827148438
49.1171875,30.825050354003906
49.1328125,30.82579803466797
49.1484375,30.832870483398438
49.1640625,30.84703826904297
49.1796875,30.842193603515625
49.1953125,30.83362579345703
49.2109375,30.857093811035156
49.2265625,30.84740447998047
49.2421875,30.85187530517578
49.2578125,30.859695434570312
49.2734375,30.850387573242188
49.2890625,30.862686157226562
49.3046875,30.867156982421875
49.3203125,30.87646484375
49.3359375,30.880569458007812
49.3515625,30.892112731933594
49.3671875,30.89398193359375
49.3828125,30.903663635253906
49.3984375,30.903663635253906
49.4140625,30.90813446044922
49.4296875,30.906272888183594
49.4453125,30.909996032714844
49.4609375,30.928993225097656
49.4765625,30.934959411621094
49.4921875,30.94129180908203
49.5078125,30.946510314941406
49.5234375,30.942039489746094
49.5390625,30.952468872070312
49.5546875,30.952102661132812
49.5703125,30.96886444091797
49.5859375,30.953216552734375
49.6015625,30.959548950195312
49.6171875,30.969985961914062
49.6328125,30.998672485351562
49.6484375,30.983016967773438
49.6640625,30.998672485351562
49.6796875,31.000526428222656
49.6953125,30.998672485351562
49.7109375,30.998291015625
49.7265625,31.016929626464844
49.7421875,31.01990509033203
49.7578125,31.02325439453125
49.7734375,31.038162231445312
49.7890625,31.01953125
49.8046875,31.0411376953125
49.8203125,31.043380737304688
49.8359375,31.047103881835938
49.8515625,31.054550170898438
49.8671875,31.043380737304688
49.8828125,31.0552978515625
49.8984375,31.071693420410156
49.9140625,31.06610870361328
49.9296875,31.06982421875
49.9453125,31.075050354003906
49.9609375,31.081756591796875
49.9765625,31.09143829345703
49.9921875,31.095169067382812
50.0078125,31.095169067382812
50.0234375,31.099639892578125
50.0390625,31.11193084716797
50.0546875,31.119003295898438
50.0703125,31.117889404296875
50.0859375,31.10932159423828
50.1015625,31.124969482421875
50.1171875,31.14471435546875
50.1328125,31.13428497314453
50.1484375,31.142852783203125
50.1640625,31.142852783203125
50.1796875,31.142852783203125
50.1953125,31.142852783203125
50.2109375,31.15216827392578
50.2265625,31.159622192382812
50.2421875,31.1551513671875
50.2578125,31.16558074951172
50.2734375,31.17041778564453
50.2890625,31.179733276367188
50.3046875,31.200599670410156
50.3203125,31.179733276367188
50.3359375,31.19426727294922
50.3515625,31.19500732421875
50.3671875,31.20581817626953
50.3828125,31.206939697265625
50.3984375,31.200973510742188
50.4140625,31.209915161132812
50.4296875,31.217361450195312
50.4453125,31.21215057373047
50.4609375,31.219970703125
50.4765625,31.221832275390625
50.4921875,31.22332763671875
50.5078125,31.225563049316406
50.5234375,31.240097045898438
50.5390625,31.24195098876953
50.5546875,31.250892639160156
50.5703125,31.236740112304688
50.5859375,31.2412109375
50.6015625,31.254623413085938
50.6171875,31.270645141601562
50.6328125,31.254623413085938
50.6484375,31.284423828125
50.6640625,31.282188415527344
50.6796875,31.278472900390625
50.6953125,31.28368377685547
50.7109375,31.29412078857422
50.7265625,31.29895782470703
50.7421875,31.304176330566406
50.7578125,31.300827026367188
50.7734375,31.304916381835938
50.7890625,31.320945739746094
50.8046875,31.318328857421875
50.8203125,31.32318115234375
50.8359375,31.325042724609375
50.8515625,31.336593627929688
50.8671875,31.338455200195312
50.8828125,31.34777069091797
50.8984375,31.34777069091797
50.9140625,31.345901489257812
50.9296875,31.35894775390625
50.9453125,31.3485107421875
50.9609375,31.36713409423828
50.9765625,31.37347412109375
50.9921875,31.377197265625
51.0078125,31.369003295898438
51.0234375,31.397689819335938
51.0390625,31.388748168945312
51.0546875,31.396194458007812
51.0703125,31.395828247070312
51.0859375,31.400665283203125
51.1015625,31.3917236328125
51.1171875,31.40253448486328
51.1328125,31.405136108398438
51.1484375,31.41259765625
51.1640625,31.42340087890625
51.1796875,31.433456420898438
51.1953125,31.424514770507812
51.2109375,31.436813354492188
51.2265625,31.436813354492188
51.2421875,31.43419647216797
51.2578125,31.446495056152344
51.2734375,31.450599670410156
51.2890625,31.4703369140625
51.3046875,31.45507049560547
51.3203125,31.468482971191406
51.3359375,31.458786010742188
51.3515625,31.478538513183594
51.3671875,31.47295379638672
51.3828125,31.485992431640625
51.3984375,31.485992431640625
51.4140625,31.49493408203125
51.4296875,31.49120330810547
51.4453125,31.493072509765625
51.4609375,31.499404907226562
51.4765625,31.51319122314453
51.4921875,31.500518798828125
51.5078125,31.514671325683594
51.5234375,31.524368286132812
51.5390625,31.525108337402344
51.5546875,31.52734375
51.5703125,31.521011352539062
51.5859375,31.533309936523438
51.6015625,31.539260864257812
51.6171875,31.5347900390625
51.6328125,31.547462463378906
51.6484375,31.540756225585938
51.6640625,31.554908752441406
51.6796875,31.5631103515625
51.6953125,31.5631103515625
51.7109375,31.555282592773438
51.7265625,31.57391357421875
51.7421875,31.569442749023438
51.7578125,31.571311950683594
51.7734375,31.575027465820312
51.7890625,31.568695068359375
51.8046875,31.58061981201172
51.8203125,31.58509063720703
51.8359375,31.575782775878906
51.8515625,31.57689666748047
51.8671875,31.58173370361328
51.8828125,31.575782775878906
51.8984375,31.58173370361328
51.9140625,31.567955017089844
51.9296875,31.575027465820312
51.9453125,31.548202514648438
51.9609375,31.558639526367188
51.9765625,31.557899475097656
51.9921875,31.553428649902344
52.0078125,31.533309936523438
52.0234375,31.521011352539062
52.0390625,31.52063751220703
52.0546875,31.521759033203125
52.0703125,31.493438720703125
52.0859375,31.482261657714844
52.1015625,31.457305908203125
52.1171875,31.44873046875
52.1328125,31.44537353515625
52.1484375,31.440536499023438
52.1640625,31.41668701171875
52.1796875,31.40216064453125
52.1953125,31.39806365966797
52.2109375,31.396194458007812
52.2265625,31.369003295898438
52.2421875,31.35595703125
52.2578125,31.34777069091797
52.2734375,31.328018188476562
52.2890625,31.3272705078125
52.3046875,31.29412078857422
52.3203125,31.28107452392578
52.3359375,31.275482177734375
52.3515625,31.256484985351562
52.3671875,31.246421813964844
52.3828125,31.2412109375
52.3984375,31.218482971191406
52.4140625,31.202835083007812
52.4296875,31.1842041015625
52.4453125,31.204330444335938
52.4609375,31.188674926757812
52.4765625,31.17340850830078
52.4921875,31.15216827392578
52.5078125,31.142112731933594
52.5234375,31.136520385742188
52.5390625,31.122360229492188
52.5546875,31.10932159423828
52.5703125,31.100753784179688
52.5859375,31.091064453125
52.6015625,31.074295043945312
52.6171875,31.079147338867188
52.6328125,31.060516357421875
52.6484375,31.05120086669922
52.6640625,31.04076385498047
52.6796875,31.036666870117188
52.6953125,31.01953125
52.7109375,31.00202178955078
52.7265625,30.998672485351562
52.7421875,30.977806091308594
52.7578125,30.977432250976562
52.7734375,30.97296142578125
52.7890625,30.956939697265625
52.8046875,30.950607299804688
52.8203125,30.934959411621094
52.8359375,30.934585571289062
52.8515625,30.9122314453125
52.8671875,30.902542114257812
52.8828125,30.900314331054688
52.8984375,30.889511108398438
52.9140625,30.889129638671875
52.9296875,30.873489379882812
52.9453125,30.867156982421875
52.9609375,30.845916748046875
52.9765625,30.845169067382812
52.9921875,30.82281494140625
53.0078125,30.82579803466797
53.0234375,30.821693420410156
53.0390625,30.810897827148438
53.0546875,30.80157470703125
53.0703125,30.80530548095703
53.0859375,30.79450225830078
53.1015625,30.79375457763672
53.1171875,30.782211303710938
53.1328125,30.760597229003906
53.1484375,30.76580810546875
53.1640625,30.763572692871094
53.1796875,30.752777099609375
53.1953125,30.734146118164062
53.2109375,30.743453979492188
53.2265625,30.731910705566406
53.2421875,30.72222137451172
53.2578125,30.702102661132812
53.2734375,30.706573486328125
53.2890625,30.702102661132812
53.3046875,30.702102661132812
53.3203125,30.684593200683594
53.3359375,30.68273162841797
53.3515625,30.67230224609375
53.3671875,30.655532836914062
53.3828125,30.65143585205078
53.3984375,30.652175903320312
53.4140625,30.638389587402344
53.4296875,30.627967834472656
53.4453125,30.624977111816406
53.4609375,30.61529541015625
53.4765625,30.61865234375
53.4921875,30.62237548828125
53.5078125,30.603744506835938
53.5234375,30.598526000976562
53.5390625,30.598526000976562
53.5546875,30.581390380859375
53.5703125,30.58362579345703
53.5859375,30.57579803466797
53.6015625,30.56537628173828
53.6171875,30.57244873046875
53.6328125,30.555313110351562
53.6484375,30.53966522216797
53.6640625,30.534446716308594
53.6796875,30.513961791992188
53.6953125,30.51209259033203
53.7109375,30.503150939941406
53.7265625,30.505760192871094
53.7421875,30.487876892089844
53.7578125,30.4901123046875
53.7734375,30.482666015625
53.7890625,30.459190368652344
53.8046875,30.442428588867188
53.8203125,30.456954956054688
53.8359375,30.445404052734375
53.8515625,30.445030212402344
53.8671875,30.437957763671875
53.8828125,30.41783905029297
53.8984375,30.398086547851562
53.9140625,30.408897399902344
53.9296875,30.405906677246094
53.9453125,30.381317138671875
53.9609375,30.37610626220703
53.9765625,30.381698608398438
53.9921875,30.374244689941406
54.0078125,30.377227783203125
54.0234375,30.374244689941406
54.0390625,30.348541259765625
54.0546875,30.344810485839844
54.0703125,30.344070434570312
54.0859375,30.338478088378906
54.1015625,30.33325958251953
54.1171875,30.3258056640625
54.1328125,30.323196411132812
54.1484375,30.324691772460938
54.1640625,30.30754852294922
54.1796875,30.309043884277344
54.1953125,30.303077697753906
54.2109375,30.31090545654297
54.2265625,30.28966522216797
54.2421875,30.298606872558594
54.2578125,30.29302215576172
54.2734375,30.284080505371094
54.2890625,30.277748107910156
54.3046875,30.26880645751953
54.3203125,30.269927978515625
54.3359375,30.278121948242188
54.3515625,30.255020141601562
54.3671875,30.26806640625
54.3828125,30.258743286132812
54.3984375,30.26136016845703
54.4140625,30.2542724609375
54.4296875,30.241981506347656
54.4453125,30.246826171875
54.4609375,30.224472045898438
54.4765625,30.220001220703125
54.4921875,30.220001220703125
54.5078125,30.21142578125
54.5234375,30.217018127441406
54.5390625,30.215530395507812
54.5546875,30.202484130859375
54.5703125,30.194297790527344
54.5859375,30.192428588867188
54.6015625,30.174545288085938
54.6171875,30.188331604003906
54.6328125,30.176414489746094
54.6484375,30.16895294189453
54.6640625,30.176414489746094
54.6796875,30.160385131835938
54.6953125,30.16448211669922
54.7109375,30.141761779785156
54.7265625,30.156295776367188
54.7421875,30.143997192382812
54.7578125,30.140647888183594
54.7734375,30.13170623779297
54.7890625,30.12126922607422
54.8046875,30.109718322753906
54.8203125,30.094818115234375
54.8359375,30.09630584716797
54.8515625,30.09332275390625
54.8671875,30.07209014892578
54.8828125,30.06464385986328
54.8984375,30.06464385986328
54.9140625,30.04676055908203
54.9296875,30.048614501953125
54.9453125,30.02924346923828
54.9609375,30.048614501953125
54.9765625,30.03632354736328
54.9921875,30.033348083496094
55.0078125,30.024032592773438
55.0234375,30.022911071777344
55.0390625,30.022911071777344
55.0546875,30.00316619873047
55.0703125,29.999061584472656
55.0859375,30.00316619873047
55.1015625,30.00055694580078
55.1171875,29.98564910888672
55.1328125,29.98564910888672
55.1484375,29.984535217285156
55.1640625,29.974105834960938
55.1796875,29.974105834960938
55.1953125,29.977462768554688
55.2109375,29.969635009765625
55.2265625,29.9822998046875
55.2421875,29.962181091308594
55.2578125,29.962928771972656
55.2734375,29.954727172851562
55.2890625,29.943557739257812
55.3046875,29.943557739257812
55.3203125,29.947280883789062
55.3359375,29.947280883789062
55.3515625,29.955474853515625
55.3671875,29.941696166992188
55.3828125,29.93610382080078
55.3984375,29.93535614013672
55.4140625,29.937225341796875
55.4296875,29.930885314941406
55.4453125,29.923431396484375
55.4609375,29.927528381347656
55.4765625,29.92455291748047
55.4921875,29.927902221679688
55.5078125,29.923057556152344
55.5234375,29.919708251953125
55.5390625,29.904434204101562
55.5546875,29.911880493164062
55.5703125,29.908905029296875
55.5859375,29.89251708984375
55.6015625,29.91114044189453
55.6171875,29.898101806640625
55.6328125,29.891021728515625
55.6484375,29.888046264648438
55.6640625,29.888046264648438
55.6796875,29.885055541992188
55.6953125,29.87537384033203
55.7109375,29.880218505859375
55.7265625,29.87164306640625
55.7421875,29.869781494140625
55.7578125,29.876113891601562
55.7734375,29.861961364746094
55.7890625,29.86457061767578
55.8046875,29.837371826171875
55.8203125,29.853759765625
55.8359375,29.837371826171875
55.8515625,29.82880401611328
55.8671875,29.837371826171875
55.8828125,29.829544067382812
55.8984375,29.83252716064453
55.9140625,29.836257934570312
55.9296875,29.839981079101562
55.9453125,29.83587646484375
55.9609375,29.815017700195312
55.9765625,29.82843017578125
55.9921875,29.804214477539062
56.0078125,29.808685302734375
56.0234375,29.815017700195312
56.0390625,29.815757751464844
56.0546875,29.808685302734375
56.0703125,29.804214477539062
56.0859375,29.810546875
56.1015625,29.807937622070312
56.1171875,29.806076049804688
56.1328125,29.790428161621094
56.1484375,29.78148651123047
56.1640625,29.806076049804688
56.1796875,29.791168212890625
56.1953125,29.784461975097656
56.2109375,29.779251098632812
56.2265625,29.772544860839844
56.2421875,29.777389526367188
56.2578125,29.762481689453125
56.2734375,29.762481689453125
56.2890625,29.76807403564453
56.3046875,29.751312255859375
56.3203125,29.752052307128906
56.3359375,29.747581481933594
56.3515625,29.744979858398438
56.3671875,29.730445861816406
56.3828125,29.737518310546875
56.3984375,29.7177734375
56.4140625,29.737518310546875
56.4296875,29.72075653076172
56.4453125,29.728958129882812
56.4609375,29.718894958496094
56.4765625,29.708831787109375
56.4921875,29.713302612304688
56.5078125,29.702133178710938
56.5234375,29.69989013671875
56.5390625,29.698402404785156
56.5546875,29.693565368652344
56.5703125,29.693565368652344
56.5859375,29.687599182128906
56.6015625,29.674560546875
56.6171875,29.676795959472656
56.6328125,29.676422119140625
56.6484375,29.679397583007812
56.6640625,29.676795959472656
56.6796875,29.673446655273438
56.6953125,29.655563354492188
56.7109375,29.665985107421875
56.7265625,29.67121124267578
56.7421875,29.664871215820312
56.7578125,29.661148071289062
56.7734375,29.645126342773438
56.7890625,29.645126342773438
56.8046875,29.634689331054688
56.8203125,29.63245391845703
56.8359375,29.63842010498047
56.8515625,29.637680053710938
56.8671875,29.61792755126953
56.8828125,29.626502990722656
56.8984375,29.626129150390625
56.9140625,29.612335205078125
56.9296875,29.621658325195312
56.9453125,29.6104736328125
56.9609375,29.6104736328125
56.9765625,29.61420440673828
56.9921875,29.601158142089844
57.0078125,29.60302734375
57.0234375,29.601158142089844
57.0390625,29.592971801757812
57.0546875,29.587379455566406
57.0703125,29.58179473876953
57.0859375,29.58179473876953
57.1015625,29.564651489257812
57.1171875,29.558685302734375
57.1328125,29.553848266601562
57.1484375,29.553848266601562
57.1640625,29.537826538085938
57.1796875,29.528884887695312
57.1953125,29.527023315429688
57.2109375,29.518447875976562
57.2265625,29.519203186035156
57.2421875,29.504669189453125
57.2578125,29.484176635742188
57.2734375,29.494613647460938
57.2890625,29.482315063476562
57.3046875,29.477096557617188
57.3203125,29.4603271484375
57.3359375,29.426795959472656
57.3515625,29.404441833496094
57.3671875,29.378372192382812
57.3828125,29.365325927734375
57.3984375,29.31018829345703
57.4140625,29.2666015625
57.4296875,29.221893310546875
57.4453125,29.101181030273438
57.4609375,28.9808349609375
57.4765625,28.936500549316406
57.4921875,28.871673583984375
57.5078125,28.801254272460938
57.5234375,28.728233337402344
57.5390625,28.66974639892578
57.5546875,28.584800720214844
57.5703125,28.529281616210938
57.5859375,28.449554443359375
57.6015625,28.384727478027344
57.6171875,28.316917419433594
57.6328125,28.24725341796875
57.6484375,28.177955627441406
57.6640625,28.11536407470703
57.6796875,28.046432495117188
57.6953125,27.98682403564453
57.7109375,27.919761657714844
57.7265625,27.835556030273438
57.7421875,27.791229248046875
57.7578125,27.727142333984375
57.7734375,27.652633666992188
57.7890625,27.58928680419922
57.8046875,27.540481567382812
57.8203125,27.480506896972656
57.8359375,27.429832458496094
57.8515625,27.37468719482422
57.8671875,27.32514190673828
57.8828125,27.264785766601562
57.8984375,27.222312927246094
57.9140625,27.154876708984375
57.9296875,27.122840881347656
57.9453125,27.066200256347656
57.9609375,27.032302856445312
57.9765625,26.97418212890625
57.9921875,26.932449340820312
58.0078125,26.87731170654297
58.0234375,26.828880310058594
58.0390625,26.790130615234375
58.0546875,26.74840545654297
58.0703125,26.701828002929688
58.0859375,26.661590576171875
58.1015625,26.62322235107422
58.1171875,26.53790283203125
58.1328125,26.503631591796875
58.1484375,26.47381591796875
58.1640625,26.42724609375
58.1796875,26.4056396484375
58.1953125,26.378814697265625
58.2109375,26.34081268310547
58.2265625,26.309890747070312
58.2421875,26.253631591796875
58.2578125,26.239097595214844
58.2734375,26.195884704589844
58.2890625,26.134414672851562
58.3046875,26.07219696044922
58.3203125,26.053558349609375
58.3359375,26.032325744628906
58.3515625,25.995437622070312
58.3671875,25.95893096923828
58.3828125,25.931732177734375
58.3984375,25.902305603027344
58.4140625,25.881805419921875
58.4296875,25.84716033935547
58.4453125,25.83971405029297
58.4609375,25.806182861328125
58.4765625,25.78680419921875
58.4921875,25.75476837158203
58.5078125,25.7257080078125
58.5234375,25.71601104736328
58.5390625,25.691055297851562
58.5546875,25.66497802734375
58.5703125,25.639266967773438
58.5859375,25.623619079589844
58.6015625,25.606109619140625
58.6171875,25.591583251953125
58.6328125,25.574440002441406
58.6484375,25.55022430419922
58.6640625,25.53717803955078
58.6796875,25.512969970703125
58.6953125,25.49359130859375
58.7109375,25.48688507080078
58.7265625,25.467140197753906
58.7421875,25.46453094482422
58.7578125,25.43323516845703
58.7734375,25.431373596191406
58.7890625,25.40007781982422
58.8046875,25.39337158203125
58.8203125,25.363571166992188
58.8359375,25.36170196533203
58.8515625,25.336746215820312
58.8671875,25.324813842773438
58.8828125,25.320343017578125
58.8984375,25.297988891601562
58.9140625,25.26744842529297
58.9296875,25.253280639648438
58.9453125,25.247695922851562
58.9609375,25.229446411132812
58.9765625,25.21826934814453
58.9921875,25.188827514648438
59.0078125,25.187713623046875
59.0234375,25.17951202392578
59.0390625,25.151573181152344
59.0546875,25.12549591064453
59.0703125,25.12549591064453
59.0859375,25.112083435058594
59.1015625,25.082275390625
59.1171875,25.080787658691406
59.1328125,25.055824279785156
59.1484375,25.023406982421875
59.1640625,25.020431518554688
59.1796875,25.00701904296875
59.1953125,24.99249267578125
59.2109375,24.962310791015625
59.2265625,24.959701538085938
59.2421875,24.953369140625
59.2578125,24.923561096191406
59.2734375,24.933616638183594
59.2890625,24.912384033203125
59.3046875,24.891525268554688
59.3203125,24.88146209716797
59.3359375,24.87512969970703
59.3515625,24.855758666992188
59.3671875,24.849044799804688
59.3828125,24.83525848388672
59.3984375,24.822601318359375
59.4140625,24.815139770507812
59.4296875,24.79651641845703
59.4453125,24.791671752929688
59.4609375,24.782363891601562
59.4765625,24.755538940429688
59.4921875,24.760009765625
59.5078125,24.73876953125
59.5234375,24.73206329345703
59.5390625,24.73206329345703
59.5546875,24.703369140625
59.5703125,24.703369140625
59.5859375,24.691452026367188
59.6015625,24.693687438964844
59.6171875,24.673194885253906
59.6328125,24.667984008789062
59.6484375,24.665740966796875
59.6640625,24.651214599609375
59.6796875,24.640411376953125
59.6953125,24.632591247558594
59.7109375,24.62401580810547
59.7265625,24.60277557373047
59.7421875,24.58526611328125
59.7578125,24.58824920654297
59.7734375,24.5673828125
59.7890625,24.56365966796875
59.8046875,24.539817810058594
59.8203125,24.538330078125
59.8359375,24.53571319580078
59.8515625,24.524917602539062
59.8671875,24.52044677734375
59.8828125,24.51038360595703
59.8984375,24.49250030517578
59.9140625,24.489524841308594
59.9296875,24.47088623046875
59.9453125,24.457107543945312
59.9609375,24.4530029296875
59.9765625,24.436614990234375
59.9921875,24.430648803710938
60.0078125,24.425811767578125
60.0234375,24.40904998779297
60.0390625,24.401588439941406
60.0546875,24.3814697265625
60.0703125,24.372161865234375
60.0859375,24.372528076171875
60.1015625,24.357635498046875
60.1171875,24.351295471191406
60.1328125,24.340866088867188
60.1484375,24.33788299560547
60.1640625,24.32781982421875
60.1796875,24.325958251953125
60.1953125,24.296157836914062
60.2109375,24.28870391845703
60.2265625,24.286102294921875
60.2421875,24.271194458007812
60.2578125,24.261878967285156
60.2734375,24.254425048828125
60.2890625,24.244369506835938
60.3046875,24.242507934570312
60.3203125,24.20897674560547
60.3359375,24.204872131347656
60.3515625,24.186248779296875
60.3671875,24.168739318847656
60.3828125,24.15234375
60.3984375,24.14862060546875
60.4140625,24.125892639160156
60.4296875,24.12403106689453
60.4453125,24.109130859375
60.4609375,24.108383178710938
60.4765625,24.093101501464844
60.4921875,24.086395263671875
60.5078125,24.060691833496094
60.5234375,24.060691833496094
60.5390625,24.03797149658203
60.5546875,24.01971435546875
60.5703125,24.020828247070312
60.5859375,23.993629455566406
60.6015625,23.992141723632812
60.6171875,23.985061645507812
60.6328125,23.97686004638672
60.6484375,23.949668884277344
60.6640625,23.949668884277344
60.6796875,23.91986083984375
60.6953125,23.9090576171875
60.7109375,23.9019775390625
60.7265625,23.88744354248047
60.7421875,23.88037109375
60.7578125,23.849441528320312
60.7734375,23.83789825439453
60.7890625,23.828956604003906
60.8046875,23.818145751953125
60.8203125,23.803253173828125
60.8359375,23.80511474609375
60.8515625,23.79132080078125
60.8671875,23.771957397460938
60.8828125,23.757049560546875
60.8984375,23.75518798828125
60.9140625,23.736557006835938
60.9296875,23.725013732910156
60.9453125,23.708984375
60.9609375,23.700424194335938
60.9765625,23.682159423828125
60.9921875,23.682159423828125
61.0078125,23.670989990234375
61.0234375,23.646018981933594
61.0390625,23.639694213867188
61.0546875,23.627395629882812
61.0703125,23.61919403076172
61.0859375,23.61248779296875
61.1015625,23.6016845703125
61.1171875,23.594985961914062
61.1328125,23.579330444335938
61.1484375,23.571884155273438
61.1640625,23.571884155273438
61.1796875,23.561447143554688
61.1953125,23.546546936035156
61.2109375,23.528663635253906
61.2265625,23.52642822265625
61.2421875,23.51972198486328
61.2578125,23.500350952148438
61.2734375,23.486190795898438
61.2890625,23.476882934570312
61.3046875,23.470916748046875
61.3203125,23.463088989257812
61.3359375,23.463088989257812
61.3515625,23.44483184814453
61.3671875,23.44483184814453
61.3828125,23.428443908691406
61.3984375,23.423973083496094
61.4140625,23.420242309570312
61.4296875,23.42694854736328
61.4453125,23.41912841796875
61.4609375,23.415771484375
61.4765625,23.406463623046875
61.4921875,23.406463623046875
61.5078125,23.417640686035156
61.5234375,23.412796020507812
61.5390625,23.415771484375
61.5546875,23.406463623046875
61.5703125,23.413536071777344
61.5859375,23.42546844482422
61.6015625,23.41912841796875
61.6171875,23.420242309570312
61.6328125,23.429183959960938
61.6484375,23.4295654296875
61.6640625,23.448936462402344
61.6796875,23.44782257080078
61.6953125,23.439247131347656
61.7109375,23.457504272460938
61.7265625,23.46868133544922
61.7421875,23.474273681640625
61.7578125,23.48395538330078
61.7734375,23.487686157226562
61.7890625,23.51189422607422
61.8046875,23.513763427734375
61.8203125,23.532012939453125
61.8359375,23.53388214111328
61.8515625,23.55548858642578
61.8671875,23.55213165283203
61.8828125,23.56890106201172
61.8984375,23.581192016601562
61.9140625,23.58380126953125
61.9296875,23.591629028320312
61.9453125,23.60578155517578
61.9609375,23.607650756835938
61.9765625,23.6083984375
61.9921875,23.627395629882812
62.0078125,23.61621856689453
62.0234375,23.630752563476562
62.0390625,23.642669677734375
62.0546875,23.648635864257812
62.0703125,23.65869140625
62.0859375,23.671730041503906
62.1015625,23.68775177001953
62.1171875,23.678436279296875
62.1328125,23.693344116210938
62.1484375,23.702285766601562
62.1640625,23.708984375
62.1796875,23.7376708984375
62.1953125,23.727249145507812
62.2109375,23.74848175048828
62.2265625,23.746994018554688
62.2421875,23.7659912109375
62.2578125,23.7872314453125
62.2734375,23.788719177246094
62.2890625,23.79505157470703
62.3046875,23.8162841796875
62.3203125,23.81890106201172
62.3359375,23.821502685546875
62.3515625,23.846839904785156
62.3671875,23.849441528320312
62.3828125,23.86211395263672
62.3984375,23.87403106689453
62.4140625,23.88744354248047
62.4296875,23.89825439453125
62.4453125,23.906082153320312
62.4609375,23.90943145751953
62.4765625,23.924705505371094
62.4921875,23.940353393554688
62.5078125,23.939613342285156
62.5234375,23.95897674560547
62.5390625,23.957122802734375
62.5546875,23.96978759765625
62.5703125,23.967178344726562
62.5859375,23.98133087158203
62.6015625,23.992889404296875
62.6171875,23.99102783203125
62.6328125,23.99773406982422
62.6484375,24.00927734375
62.6640625,24.022689819335938
62.6796875,24.03386688232422
62.6953125,24.04802703857422
62.7109375,24.059951782226562
62.7265625,24.059951782226562
62.7421875,24.07038116455078
62.7578125,24.07373809814453
62.7734375,24.090499877929688
62.7890625,24.100929260253906
62.8046875,24.093101501464844
62.8203125,24.12701416015625
62.8359375,24.111740112304688
62.8515625,24.118072509765625
62.8671875,24.12439727783203
62.8828125,24.128501892089844
62.8984375,24.12403106689453
62.9140625,24.147872924804688
62.9296875,24.15606689453125
62.9453125,24.165008544921875
62.9609375,24.150482177734375
62.9765625,24.17804718017578
62.9921875,24.180282592773438
63.0078125,24.180282592773438
63.0234375,24.189605712890625
63.0390625,24.185508728027344
63.0546875,24.20562744140625
63.0703125,24.214187622070312
63.0859375,24.223129272460938
63.1015625,24.219039916992188
63.1171875,24.217544555664062
63.1328125,24.23468780517578
63.1484375,24.236541748046875
63.1640625,24.244369506835938
63.1796875,24.253311157226562
63.1953125,24.24884033203125
63.2109375,24.265609741210938
63.2265625,24.265609741210938
63.2421875,24.267837524414062
63.2578125,24.265609741210938
63.2734375,24.28423309326172
63.2890625,24.28870391845703
63.3046875,24.2879638671875
63.3203125,24.30323028564453
63.3359375,24.31329345703125
63.3515625,24.31329345703125
63.3671875,24.310691833496094
63.3828125,24.31999969482422
63.3984375,24.318878173828125
63.4140625,24.321868896484375
63.4296875,24.321868896484375
63.4453125,24.340492248535156
63.4609375,24.343101501464844
63.4765625,24.34869384765625
63.4921875,24.353530883789062
63.5078125,24.34869384765625
63.5234375,24.35614013671875
63.5390625,24.359115600585938
63.5546875,24.3594970703125
63.5703125,24.36322021484375
63.5859375,24.365821838378906
63.6015625,24.37775421142578
63.6171875,24.38482666015625
63.6328125,24.386695861816406
63.6484375,24.39116668701172
63.6640625,24.39116668701172
63.6796875,24.39116668701172
63.6953125,24.39190673828125
63.7109375,24.405319213867188
63.7265625,24.40941619873047
63.7421875,24.405319213867188
63.7578125,24.41314697265625
63.7734375,24.41053009033203
63.7890625,24.41388702392578
63.8046875,24.425064086914062
63.8203125,24.42096710205078
63.8359375,24.42022705078125
63.8515625,24.432884216308594
63.8671875,24.439971923828125
63.8828125,24.432518005371094
63.8984375,24.436614990234375
63.9140625,24.437728881835938
63.9296875,24.45635986328125
63.9453125,24.44629669189453
63.9609375,24.458229064941406
63.9765625,24.462326049804688
63.9921875,24.460464477539062
64.0078125,24.4600830078125
64.0234375,24.464935302734375
64.0390625,24.4530029296875
64.0546875,24.46306610107422
64.0703125,24.47088623046875
64.0859375,24.460830688476562
64.1015625,24.46306610107422
64.1171875,24.47052001953125
64.1328125,24.482437133789062
64.1484375,24.484298706054688
64.1640625,24.475357055664062
64.1796875,24.47722625732422
64.1953125,24.4742431640625
64.2109375,24.482437133789062
64.2265625,24.49994659423828
64.2421875,24.478347778320312
64.2578125,24.483184814453125
64.2734375,24.483184814453125
64.2890625,24.49176025390625
64.3046875,24.500320434570312
64.3203125,24.489524841308594
64.3359375,24.476478576660156
64.3515625,24.502182006835938
64.3671875,24.491378784179688
64.3828125,24.491378784179688
64.3984375,24.501441955566406
64.4140625,24.49250030517578
64.4296875,24.49883270263672
64.4453125,24.508888244628906
64.4609375,24.50330352783203
64.4765625,24.50665283203125
64.4921875,24.50330352783203
64.5078125,24.5096435546875
64.5234375,24.52044677734375
64.5390625,24.52044677734375
64.5546875,24.523056030273438
64.5703125,24.519699096679688
64.5859375,24.523056030273438
64.6015625,24.521560668945312
64.6171875,24.523056030273438
64.6328125,24.518585205078125
64.6484375,24.52752685546875
64.6640625,24.532363891601562
64.6796875,24.51746368408203
64.6953125,24.53423309326172
64.7109375,24.52044677734375
64.7265625,24.52826690673828
64.7421875,24.530502319335938
64.7578125,24.523056030273438
64.7734375,24.533477783203125
64.7890625,24.52752685546875
64.8046875,24.53571319580078
64.8203125,24.557701110839844
64.8359375,24.538330078125
64.8515625,24.538330078125
64.8671875,24.53907012939453
64.8828125,24.542800903320312
64.8984375,24.546524047851562
64.9140625,24.532363891601562
64.9296875,24.54167938232422
64.9453125,24.54912567138672
64.9609375,24.54241943359375
64.9765625,24.53459930419922
64.9921875,24.54241943359375
65.0078125,24.54241943359375
65.0234375,24.533859252929688
65.0390625,24.542800903320312
65.0546875,24.538330078125
65.0703125,24.549880981445312
65.0859375,24.544654846191406
65.1015625,24.54205322265625
65.1171875,24.551742553710938
65.1328125,24.549880981445312
65.1484375,24.547271728515625
65.1640625,24.557701110839844
65.1796875,24.548011779785156
65.1953125,24.5528564453125
65.2109375,24.543914794921875
65.2265625,24.550994873046875
65.2421875,24.55359649658203
65.2578125,24.557701110839844
65.2734375,24.558441162109375
65.2890625,24.550994873046875
65.3046875,24.57111358642578
65.3203125,24.566268920898438
65.3359375,24.5673828125
65.3515625,24.558441162109375
65.3671875,24.558441162109375
65.3828125,24.562911987304688
65.3984375,24.548011779785156
65.4140625,24.562911987304688
65.4296875,24.565895080566406
65.4453125,24.548011779785156
65.4609375,24.566268920898438
65.4765625,24.557701110839844
65.4921875,24.567764282226562
65.5078125,24.562911987304688
65.5234375,24.55695343017578
65.5390625,24.567764282226562
65.5546875,24.56664276123047
65.5703125,24.57036590576172
65.5859375,24.57111358642578
65.6015625,24.57036590576172
65.6171875,24.562911987304688
65.6328125,24.57036590576172
65.6484375,24.562911987304688
65.6640625,24.56664276123047
65.6796875,24.56664276123047
65.6953125,24.57036590576172
65.7109375,24.565895080566406
65.7265625,24.560684204101562
65.7421875,24.572235107421875
65.7578125,24.57036590576172
65.7734375,24.572975158691406
65.7890625,24.56365966796875
65.8046875,24.567764282226562
65.8203125,24.562911987304688
65.8359375,24.555465698242188
65.8515625,24.57036590576172
65.8671875,24.569244384765625
65.8828125,24.562911987304688
65.8984375,24.565895080566406
65.9140625,24.578567504882812
65.9296875,24.57447052001953
65.9453125,24.562911987304688
65.9609375,24.572235107421875
65.9765625,24.57111358642578
65.9921875,24.56999969482422
66.0078125,24.572975158691406
66.0234375,24.567764282226562
66.0390625,24.575950622558594
66.0546875,24.562911987304688
66.0703125,24.57036590576172
66.0859375,24.562911987304688
66.1015625,24.56664276123047
66.1171875,24.565895080566406
66.1328125,24.56664276123047
66.1484375,24.565528869628906
66.1640625,24.576324462890625
66.1796875,24.558441162109375
66.1953125,24.58154296875
66.2109375,24.567764282226562
66.2265625,24.56664276123047
66.2421875,24.579681396484375
66.2578125,24.586761474609375
66.2734375,24.5960693359375
66.2890625,24.58154296875
66.3046875,24.58899688720703
66.3203125,24.59197998046875
66.3359375,24.582290649414062
66.3515625,24.603530883789062
66.3671875,24.58899688720703
66.3828125,24.58154296875
66.3984375,24.577072143554688
66.4140625,24.582656860351562
66.4296875,24.58899688720703
66.4453125,24.596450805664062
66.4609375,24.596450805664062
66.4765625,24.58489227294922
66.4921875,24.587509155273438
66.5078125,24.58154296875
66.5234375,24.582290649414062
66.5390625,24.596450805664062
66.5546875,24.600173950195312
66.5703125,24.58899688720703
66.5859375,24.58899688720703
66.6015625,24.577072143554688
66.6171875,24.5811767578125
66.6328125,24.590484619140625
66.6484375,24.584152221679688
66.6640625,24.586387634277344
66.6796875,24.58824920654297
66.6953125,24.57036590576172
66.7109375,24.582290649414062
66.7265625,24.575210571289062
66.7421875,24.57744598388672
66.7578125,24.572235107421875
66.7734375,24.5740966796875
66.7890625,24.571853637695312
66.8046875,24.572235107421875
66.8203125,24.583412170410156
66.8359375,24.5740966796875
66.8515625,24.582290649414062
66.8671875,24.582656860351562
66.8828125,24.58154296875
66.8984375,24.575210571289062
66.9140625,24.583778381347656
66.9296875,24.57111358642578
66.9453125,24.572235107421875
66.9609375,24.57111358642578
66.9765625,24.57781982421875
66.9921875,24.576705932617188
67.0078125,24.575950622558594
67.0234375,24.577072143554688
67.0390625,24.572975158691406
67.0546875,24.58154296875
67.0703125,24.5740966796875
67.0859375,24.568504333496094
67.1015625,24.573715209960938
67.1171875,24.58154296875
67.1328125,24.567764282226562
67.1484375,24.562538146972656
67.1640625,24.578567504882812
67.1796875,24.565528869628906
67.1953125,24.561798095703125
67.2109375,24.57483673095703
67.2265625,24.566268920898438
67.2421875,24.55695343017578
67.2578125,24.56664276123047
67.2734375,24.569244384765625
67.2890625,24.573715209960938
67.3046875,24.57111358642578
67.3203125,24.566268920898438
67.3359375,24.566268920898438
67.3515625,24.572235107421875
67.3671875,24.578567504882812
67.3828125,24.5740966796875
67.3984375,24.56664276123047
67.4140625,24.562911987304688
67.4296875,24.568504333496094
67.4453125,24.560684204101562
67.4609375,24.561058044433594
67.4765625,24.565528869628906
67.4921875,24.56664276123047
67.5078125,24.569244384765625
67.5234375,24.561058044433594
67.5390625,24.562911987304688
67.5546875,24.561424255371094
67.5703125,24.555465698242188
67.5859375,24.5673828125
67.6015625,24.562911987304688
67.6171875,24.558067321777344
67.6328125,24.57036590576172
67.6484375,24.562911987304688
67.6640625,24.561058044433594
67.6796875,24.555465698242188
67.6953125,24.55248260498047
67.7109375,24.562911987304688
67.7265625,24.560684204101562
67.7421875,24.554718017578125
67.7578125,24.562911987304688
67.7734375,24.55323028564453
67.7890625,24.57111358642578
67.8046875,24.561058044433594
67.8203125,24.57111358642578
67.8359375,24.572975158691406
67.8515625,24.562911987304688
67.8671875,24.548011779785156
67.8828125,24.558441162109375
67.8984375,24.550621032714844
67.9140625,24.548011779785156
67.9296875,24.548011779785156
67.9453125,24.55248260498047
67.9609375,24.561058044433594
67.9765625,24.564773559570312
67.9921875,24.565528869628906
68.0078125,24.558441162109375
68.0234375,24.558441162109375
68.0390625,24.564773559570312
68.0546875,24.557327270507812
68.0703125,24.57036590576172
68.0859375,24.565895080566406
68.1015625,24.555465698242188
68.1171875,24.543540954589844
68.1328125,24.57036590576172
68.1484375,24.559188842773438
68.1640625,24.557327270507812
68.1796875,24.544288635253906
68.1953125,24.560684204101562
68.2109375,24.542800903320312
68.2265625,24.5528564453125
68.2421875,24.561424255371094
68.2578125,24.548011779785156
68.2734375,24.544288635253906
68.2890625,24.544654846191406
68.3046875,24.538330078125
68.3203125,24.544654846191406
68.3359375,24.539817810058594
68.3515625,24.551742553710938
68.3671875,24.54949951171875
68.3828125,24.539817810058594
68.3984375,24.54912567138672
68.4140625,24.53870391845703
68.4296875,24.53087615966797
68.4453125,24.52826690673828
68.4609375,24.524917602539062
68.4765625,24.50293731689453
68.4921875,24.478347778320312
68.5078125,24.464935302734375
68.5234375,24.450767517089844
68.5390625,24.425064086914062
68.5546875,24.41016387939453
68.5703125,24.39116668701172
68.5859375,24.365821838378906
68.6015625,24.333412170410156
68.6171875,24.312545776367188
68.6328125,24.275665283203125
68.6484375,24.254425048828125
68.6640625,24.23766326904297
68.6796875,24.20897674560547
68.6953125,24.16352081298828
68.7109375,24.139305114746094
68.7265625,24.103164672851562
68.7421875,24.07410430908203
68.7578125,24.043556213378906
68.7734375,24.001449584960938
68.7890625,23.947799682617188
68.8046875,23.878135681152344
68.8203125,23.84162139892578
68.8359375,23.81964111328125
68.8515625,23.79505157470703
68.8671875,23.75183868408203
68.8828125,23.730224609375
68.8984375,23.706008911132812
68.9140625,23.677688598632812
68.9296875,23.637832641601562
68.9453125,23.62329864501953
68.9609375,23.590133666992188
68.9765625,23.558837890625
68.9921875,23.523826599121094
69.0078125,23.50891876220703
69.0234375,23.478744506835938
69.0390625,23.44782257080078
69.0546875,23.423973083496094
69.0703125,23.405349731445312
69.0859375,23.38299560546875
69.1015625,23.352813720703125
69.1171875,23.349464416503906
69.1328125,23.309967041015625
69.1484375,23.289474487304688
69.1640625,23.25482177734375
69.1796875,23.224281311035156
69.1953125,23.235458374023438
69.2109375,23.214584350585938
69.2265625,23.187393188476562
69.2421875,23.1650390625
69.2578125,23.155723571777344
69.2734375,23.123306274414062
69.2890625,23.092010498046875
69.3046875,23.098724365234375
69.3203125,23.062957763671875
69.3359375,23.049163818359375
69.3515625,23.031661987304688
69.3671875,23.019737243652344
69.3828125,22.971298217773438
69.3984375,22.953041076660156
69.4140625,22.934043884277344
69.4296875,22.91429901123047
69.4453125,22.899024963378906
69.4609375,22.88300323486328
69.4765625,22.85767364501953
69.4921875,22.839035034179688
69.5078125,22.82562255859375
69.5234375,22.813331604003906
69.5390625,22.793212890625
69.5546875,22.785018920898438
69.5703125,22.74254608154297
69.5859375,22.741798400878906
69.6015625,22.720558166503906
69.6171875,22.702674865722656
69.6328125,22.679954528808594
69.6484375,22.67436981201172
69.6640625,22.67584991455078
69.6796875,22.659088134765625
69.6953125,22.641204833984375
69.7109375,22.6214599609375
69.7265625,22.612144470214844
69.7421875,22.5927734375
69.7578125,22.590538024902344
69.7734375,22.568923950195312
69.7890625,22.557373046875
69.8046875,22.548065185546875
69.8203125,22.541725158691406
69.8359375,22.5286865234375
69.8515625,22.51042938232422
69.8671875,22.504104614257812
69.8828125,22.497390747070312
69.8984375,22.482864379882812
69.9140625,22.479507446289062
69.9296875,22.473922729492188
69.9453125,22.457901000976562
69.9609375,22.441131591796875
69.9765625,22.414688110351562
69.9921875,22.40723419189453
70.0078125,22.384506225585938
70.0234375,22.38153076171875
70.0390625,22.378173828125
70.0546875,22.374069213867188
70.0703125,22.365882873535156
70.0859375,22.348365783691406
70.1015625,22.340911865234375
70.1171875,22.315208435058594
70.1328125,22.32154083251953
70.1484375,22.306640625
70.1640625,22.297698974609375
70.1796875,22.286521911621094
70.1953125,22.272361755371094
70.2109375,22.266029357910156
70.2265625,22.258949279785156
70.2421875,22.23473358154297
70.2578125,22.22467041015625
70.2734375,22.22840118408203
70.2890625,22.204559326171875
70.3046875,22.190399169921875
70.3203125,22.193374633789062
70.3359375,22.169166564941406
70.3515625,22.14234161376953
70.3671875,22.13823699951172
70.3828125,22.152023315429688
70.3984375,22.139724731445312
70.4140625,22.140106201171875
70.4296875,22.112899780273438
70.4453125,22.100608825683594
70.4609375,22.10358428955078
70.4765625,22.078994750976562
70.4921875,22.07825469970703
70.5078125,22.07825469970703
70.5234375,22.073043823242188
70.5390625,22.058876037597656
70.5546875,22.048080444335938
70.5703125,22.033920288085938
70.5859375,22.029449462890625
70.6015625,22.019012451171875
70.6171875,22.0059814453125
70.6328125,22.004859924316406
70.6484375,21.997779846191406
70.6640625,21.997779846191406
70.6796875,21.985862731933594
70.6953125,21.983245849609375
70.7109375,21.966110229492188
70.7265625,21.953445434570312
70.7421875,21.9493408203125
70.7578125,21.94525146484375
70.7734375,21.925872802734375
70.7890625,21.900543212890625
70.8046875,21.90239715576172
70.8203125,21.896072387695312
70.8359375,21.903152465820312
70.8515625,21.898300170898438
70.8671875,21.891220092773438
70.8828125,21.881912231445312
70.8984375,21.878189086914062
70.9140625,21.85657501220703
70.9296875,21.853973388671875
70.9453125,21.842422485351562
70.9609375,21.83832550048828
70.9765625,21.83049774169922
70.9921875,21.81298065185547
71.0078125,21.821182250976562
71.0234375,21.803672790527344
71.0390625,21.796592712402344
71.0546875,21.791748046875
71.0703125,21.785415649414062
71.0859375,21.769027709960938
71.1015625,21.7630615234375
71.1171875,21.76268768310547
71.1328125,21.735122680664062
71.1484375,21.740333557128906
71.1640625,21.720962524414062
71.1796875,21.706436157226562
71.1953125,21.706436157226562
71.2109375,21.70568084716797
71.2265625,21.694503784179688
71.2421875,21.698974609375
71.2578125,21.68482208251953
71.2734375,21.68482208251953
71.2890625,21.671409606933594
71.3046875,21.667312622070312
71.3203125,21.662841796875
71.3359375,21.660606384277344
71.3515625,21.64495849609375
71.3671875,21.632293701171875
71.3828125,21.632293701171875
71.3984375,21.614028930664062
71.4140625,21.5987548828125
71.4296875,21.604347229003906
71.4453125,21.596527099609375
71.4609375,21.578262329101562
71.4765625,21.589439392089844
71.4921875,21.575286865234375
71.5078125,21.56560516357422
71.5234375,21.560012817382812
71.5390625,21.554046630859375
71.5546875,21.55255889892578
71.5703125,21.538780212402344
71.5859375,21.546966552734375
71.6015625,21.535049438476562
71.6171875,21.529464721679688
71.6328125,21.517906188964844
71.6484375,21.51195526123047
71.6640625,21.5052490234375
71.6796875,21.488479614257812
71.6953125,21.496673583984375
71.7109375,21.491455078125
71.7265625,21.478424072265625
71.7421875,21.474319458007812
71.7578125,21.465377807617188
71.7734375,21.443023681640625
71.7890625,21.448989868164062
71.8046875,21.45531463623047
71.8203125,21.454200744628906
71.8359375,21.442276000976562
71.8515625,21.449363708496094
71.8671875,21.429611206054688
71.8828125,21.42327880859375
71.8984375,21.412841796875
71.9140625,21.390121459960938
71.9296875,21.392356872558594
71.9453125,21.399063110351562
71.9609375,21.381179809570312
71.9765625,21.374473571777344
71.9921875,21.361801147460938
72.0078125,21.35211944580078
72.0234375,21.35547637939453
72.0390625,21.35584259033203
72.0546875,21.34130859375
72.0703125,21.347274780273438
72.0859375,21.34056854248047
72.1015625,21.33795928955078
72.1171875,21.339828491210938
72.1328125,21.323806762695312
72.1484375,21.317474365234375
72.1640625,21.31671905517578
72.1796875,21.323806762695312
72.1953125,21.31671905517578
72.2109375,21.321563720703125
72.2265625,21.306297302246094
72.2421875,21.304061889648438
72.2578125,21.300331115722656
72.2734375,21.301071166992188
72.2890625,21.299957275390625
72.3046875,21.2906494140625
72.3203125,21.285797119140625
72.3359375,21.28021240234375
72.3515625,21.26642608642578
72.3671875,21.277976989746094
72.3828125,21.281326293945312
72.3984375,21.26903533935547
72.4140625,21.26642608642578
72.4296875,21.27350616455078
72.4453125,21.260093688964844
72.4609375,21.267173767089844
72.4765625,21.260093688964844
72.4921875,21.259353637695312
72.5078125,21.242950439453125
72.5234375,21.24854278564453
72.5390625,21.2410888671875
72.5546875,21.257484436035156
72.5703125,21.25823211669922
72.5859375,21.24518585205078
72.6015625,21.253013610839844
72.6171875,21.24407196044922
72.6328125,21.253387451171875
72.6484375,21.253761291503906
72.6640625,21.252647399902344
72.6796875,21.256362915039062
72.6953125,21.250030517578125
72.7109375,21.242950439453125
72.7265625,21.247421264648438
72.7421875,21.267173767089844
72.7578125,21.257484436035156
72.7734375,21.267173767089844
72.7890625,21.257484436035156
72.8046875,21.25823211669922
72.8203125,21.249290466308594
72.8359375,21.26903533935547
72.8515625,21.27350616455078
72.8671875,21.26903533935547
72.8828125,21.27983856201172
72.8984375,21.296234130859375
72.9140625,21.291763305664062
72.9296875,21.293251037597656
72.9453125,21.310394287109375
72.9609375,21.306297302246094
72.9765625,21.313003540039062
72.9921875,21.32007598876953
73.0078125,21.33050537109375
73.0234375,21.335723876953125
73.0390625,21.328651428222656
73.0546875,21.323806762695312
73.0703125,21.334976196289062
73.0859375,21.34466552734375
73.1015625,21.346900939941406
73.1171875,21.34764862060547
73.1328125,21.343544006347656
73.1484375,21.364044189453125
73.1640625,21.362548828125
73.1796875,21.371124267578125
73.1953125,21.38080596923828
73.2109375,21.38378143310547
73.2265625,21.38713836669922
73.2421875,21.40166473388672
73.2578125,21.403160095214844
73.2734375,21.408004760742188
73.2890625,21.43035888671875
73.3046875,21.447494506835938
73.3203125,21.448989868164062
73.3359375,21.450843811035156
73.3515625,21.470962524414062
73.3671875,21.472084045410156
73.3828125,21.478424072265625
73.3984375,21.48028564453125
73.4140625,21.492202758789062
73.4296875,21.497047424316406
73.4453125,21.497787475585938
73.4609375,21.49071502685547
73.4765625,21.50189208984375
73.4921875,21.515670776367188
73.5078125,21.528717041015625
73.5234375,21.532440185546875
73.5390625,21.535049438476562
73.5546875,21.531692504882812
73.5703125,21.536911010742188
73.5859375,21.54510498046875
73.6015625,21.55255889892578
73.6171875,21.560760498046875
73.6328125,21.57007598876953
73.6484375,21.575660705566406
73.6640625,21.581993103027344
73.6796875,21.582733154296875
73.6953125,21.5697021484375
73.7109375,21.58758544921875
73.7265625,21.597267150878906
73.7421875,21.5987548828125
73.7578125,21.609939575195312
73.7734375,21.622604370117188
73.7890625,21.622604370117188
73.8046875,21.628936767578125
73.8203125,21.640487670898438
73.8359375,21.628196716308594
73.8515625,21.647193908691406
73.8671875,21.644210815429688
73.8828125,21.642349243164062
73.8984375,21.651290893554688
73.9140625,21.660232543945312
73.9296875,21.662094116210938
73.9453125,21.668800354003906
73.9609375,21.661346435546875
73.9765625,21.679611206054688
73.9921875,21.66619873046875
74.0078125,21.67438507080078
74.0234375,21.678115844726562
74.0390625,21.686683654785156
74.0546875,21.697113037109375
74.0703125,21.685943603515625
74.0859375,21.700096130371094
74.1015625,21.696372985839844
74.1171875,21.70270538330078
74.1328125,21.703079223632812
74.1484375,21.710906982421875
74.1640625,21.72058868408203
74.1796875,21.714622497558594
74.1953125,21.721328735351562
74.2109375,21.734375
74.2265625,21.736976623535156
74.2421875,21.747787475585938
74.2578125,21.749649047851562
74.2734375,21.751510620117188
74.2890625,21.76679229736328
74.3046875,21.767906188964844
74.3203125,21.76715850830078
74.3359375,21.772377014160156
74.3515625,21.778335571289062
74.3671875,21.782806396484375
74.3828125,21.790626525878906
74.3984375,21.78504180908203
74.4140625,21.792861938476562
74.4296875,21.807769775390625
74.4453125,21.79547119140625
74.4609375,21.830123901367188
74.4765625,21.825279235839844
74.4921875,21.83385467529297
74.5078125,21.842796325683594
74.5234375,21.83422088623047
74.5390625,21.832733154296875
74.5546875,21.84503173828125
74.5703125,21.853973388671875
74.5859375,21.84874725341797
74.6015625,21.85247802734375
74.6171875,21.867385864257812
74.6328125,21.85955810546875
74.6484375,21.876327514648438
74.6640625,21.87445831298828
74.6796875,21.8848876953125
74.6953125,21.878189086914062
74.7109375,21.901283264160156
74.7265625,21.881912231445312
74.7421875,21.901283264160156
74.7578125,21.905014038085938
74.7734375,21.893089294433594
74.7890625,21.89569091796875
74.8046875,21.910972595214844
74.8203125,21.90650177001953
74.8359375,21.900543212890625
74.8515625,21.91991424560547
74.8671875,21.91730499267578
74.8828125,21.933692932128906
74.8984375,21.925872802734375
74.9140625,21.92401123046875
74.9296875,21.939285278320312
74.9453125,21.947105407714844
74.9609375,21.950836181640625
74.9765625,21.95568084716797
74.9921875,21.948974609375
75.0078125,21.946365356445312
75.0234375,21.96015167236328
75.0390625,21.958282470703125
75.0546875,21.957542419433594
75.0703125,21.957542419433594
75.0859375,21.958282470703125
75.1015625,21.961639404296875
75.1171875,21.957168579101562
75.1328125,21.961639404296875
75.1484375,21.951950073242188
75.1640625,21.96685791015625
75.1796875,21.969833374023438
75.1953125,21.97692108154297
75.2109375,21.951950073242188
75.2265625,21.97430419921875
75.2421875,21.982131958007812
75.2578125,21.969833374023438
75.2734375,21.986228942871094
75.2890625,21.989959716796875
75.3046875,21.972076416015625
75.3203125,21.979522705078125
75.3359375,21.989959716796875
75.3515625,21.985862731933594
75.3671875,21.97728729248047
75.3828125,21.976165771484375
75.3984375,21.96685791015625
75.4140625,21.989212036132812
75.4296875,21.99480438232422
75.4453125,21.99480438232422
75.4609375,22.001876831054688
75.4765625,21.994049072265625
75.4921875,21.97728729248047
75.5078125,21.99964141845703
75.5234375,21.997779846191406
75.5390625,21.994049072265625
75.5546875,21.9989013671875
75.5703125,21.99964141845703
75.5859375,22.010818481445312
75.6015625,22.02013397216797
75.6171875,22.014541625976562
75.6328125,22.033920288085938
75.6484375,22.0491943359375
75.6640625,22.060745239257812
75.6796875,22.07080841064453
75.6953125,22.077880859375
75.7109375,22.08458709716797
75.7265625,22.089805603027344
75.7421875,22.12035369873047
75.7578125,22.130043029785156
75.7734375,22.13823699951172
75.7890625,22.147552490234375
75.8046875,22.180709838867188
75.8203125,22.212005615234375
75.8359375,22.238082885742188
75.8515625,22.2783203125
75.8671875,22.30999755859375
75.8828125,22.347999572753906
75.8984375,22.36699676513672
75.9140625,22.404624938964844
75.9296875,22.433685302734375
75.9453125,22.466476440429688
75.9609375,22.50335693359375
75.9765625,22.552536010742188
75.9921875,22.572654724121094
76.0078125,22.623695373535156
76.0234375,22.654251098632812
76.0390625,22.690383911132812
76.0546875,22.722427368164062
76.0703125,22.755210876464844
76.0859375,22.790237426757812
76.1015625,22.834564208984375
76.1171875,22.872940063476562
76.1328125,22.916160583496094
76.1484375,22.938148498535156
76.1640625,22.981361389160156
76.1796875,23.01862335205078
76.1953125,23.049163818359375
76.2109375,23.092010498046875
76.2265625,23.124427795410156
76.2421875,23.14380645751953
76.2578125,23.181427001953125
76.2734375,23.23358917236328
76.2890625,23.257431030273438
76.3046875,23.292457580566406
76.3203125,23.3297119140625
76.3359375,23.36585235595703
76.3515625,23.40758514404297
76.3671875,23.457504272460938
76.3828125,23.46607208251953
76.3984375,23.508544921875
76.4140625,23.541336059570312
76.4296875,23.56554412841797
76.4453125,23.602806091308594
76.4609375,23.65795135498047
76.4765625,23.686630249023438
76.4921875,23.708984375
76.5078125,23.7373046875
76.5234375,23.78461456298828
76.5390625,23.8162841796875
76.5546875,23.84162139892578
76.5703125,23.8658447265625
76.5859375,23.907943725585938
76.6015625,23.918739318847656
76.6171875,23.969039916992188
76.6328125,23.986175537109375
76.6484375,24.056968688964844
76.6640625,24.06256103515625
76.6796875,24.09869384765625
76.6953125,24.118812561035156
76.7109375,24.14824676513672
76.7265625,24.170974731445312
76.7421875,24.210464477539062
76.7578125,24.239158630371094
76.7734375,24.260391235351562
76.7890625,24.285720825195312
76.8046875,24.315162658691406
76.8203125,24.34161376953125
76.8359375,24.372161865234375
76.8515625,24.401588439941406
76.8671875,24.398239135742188
76.8828125,24.42693328857422
76.8984375,24.461204528808594
76.9140625,24.48802947998047
76.9296875,24.5096435546875
76.9453125,24.53907012939453
76.9609375,24.544654846191406
76.9765625,24.566268920898438
76.9921875,24.593833923339844
77.0078125,24.633331298828125
77.0234375,24.644508361816406
77.0390625,24.66053009033203
77.0546875,24.676925659179688
77.0703125,24.69554901123047
77.0859375,24.704490661621094
77.1015625,24.72498321533203
77.1171875,24.750686645507812
77.1328125,24.765594482421875
77.1484375,24.79949188232422
77.1640625,24.804718017578125
77.1796875,24.818870544433594
77.1953125,24.852027893066406
77.2109375,24.877731323242188
77.2265625,24.895248413085938
77.2421875,24.907913208007812
77.2578125,24.915367126464844
77.2734375,24.955970764160156
77.2890625,24.963058471679688
77.3046875,24.973114013671875
77.3203125,24.994354248046875
77.3359375,25.02117919921875
77.3515625,25.041671752929688
77.3671875,25.05768585205078
77.3828125,25.068115234375
77.3984375,25.09345245361328
77.4140625,25.101654052734375
77.4296875,25.116920471191406
77.4453125,25.141510009765625
77.4609375,25.145980834960938
77.4765625,25.188827514648438
77.4921875,25.204856872558594
77.5078125,25.204483032226562
77.5234375,25.22161865234375
77.5390625,25.235031127929688
77.5546875,25.25104522705078
77.5703125,25.25738525390625
77.5859375,25.269683837890625
77.6015625,25.284957885742188
77.6171875,25.288307189941406
77.6328125,25.30321502685547
77.6484375,25.2965087890625
77.6640625,25.316627502441406
77.6796875,25.326683044433594
77.6953125,25.3397216796875
77.7109375,25.336746215820312
77.7265625,25.35350799560547
77.7421875,25.37921905517578
77.7578125,25.366172790527344
77.7734375,25.367660522460938
77.7890625,25.39710235595703
77.8046875,25.395980834960938
77.8203125,25.408279418945312
77.8359375,25.422805786132812
77.8515625,25.420570373535156
77.8671875,25.435104370117188
77.8828125,25.445526123046875
77.8984375,25.44366455078125
77.9140625,25.44739532470703
77.9296875,25.454849243164062
77.9453125,25.458572387695312
77.9609375,25.4615478515625
77.9765625,25.47198486328125
77.9921875,25.46416473388672
78.0078125,25.49396514892578
78.0234375,25.50476837158203
78.0390625,25.505882263183594
78.0546875,25.509613037109375
78.0703125,25.515945434570312
78.0859375,25.52228546142578
78.1015625,25.52973175048828
78.1171875,25.53717803955078
78.1328125,25.55022430419922
78.1484375,25.559532165527344
78.1640625,25.57257843017578
78.1796875,25.56810760498047
78.1953125,25.585243225097656
78.2109375,25.591201782226562
78.2265625,25.587112426757812
78.2421875,25.58934783935547
78.2578125,25.600143432617188
78.2734375,25.59716796875
78.2890625,25.610206604003906
78.3046875,25.637771606445312
78.3203125,25.6258544921875
78.3359375,25.641876220703125
78.3515625,25.646347045898438
78.3671875,25.655654907226562
78.3828125,25.663116455078125
78.3984375,25.655654907226562
78.4140625,25.67913055419922
78.4296875,25.667953491210938
78.4453125,25.6761474609375
78.4609375,25.682479858398438
78.4765625,25.675033569335938
78.4921875,25.684715270996094
78.5078125,25.682861328125
78.5234375,25.69068145751953
78.5390625,25.69812774658203
78.5546875,25.712661743164062
78.5703125,25.710800170898438
78.5859375,25.704833984375
78.6015625,25.710800170898438
78.6171875,25.724952697753906
78.6328125,25.72235107421875
78.6484375,25.727188110351562
78.6640625,25.73651123046875
78.6796875,25.734268188476562
78.6953125,25.7476806640625
78.7109375,25.730918884277344
78.7265625,25.75476837158203
78.7421875,25.756248474121094
78.7578125,25.74730682373047
78.7734375,25.75439453125
78.7890625,25.78717803955078
78.8046875,25.771530151367188
78.8203125,25.791648864746094
78.8359375,25.80095672607422
78.8515625,25.802825927734375
78.8671875,25.8121337890625
78.8828125,25.819595336914062
78.8984375,25.82183074951172
78.9140625,25.844924926757812
78.9296875,25.842315673828125
78.9453125,25.84716033935547
78.9609375,25.85498046875
78.9765625,25.856842041015625
78.9921875,25.871009826660156
79.0078125,25.87957763671875
79.0234375,25.89037322998047
79.0390625,25.881805419921875
79.0546875,25.900070190429688
79.0703125,25.89484405517578
79.0859375,25.913482666015625
79.1015625,25.92242431640625
79.1171875,25.926513671875
79.1328125,25.93657684326172
79.1484375,25.94738006591797
79.1640625,25.95185089111328
79.1796875,25.960052490234375
79.1953125,25.955581665039062
79.2109375,25.96526336669922
79.2265625,25.985382080078125
79.2421875,25.98314666748047
79.2578125,25.985382080078125
79.2734375,26.0047607421875
79.2890625,25.986129760742188
79.3046875,26.014076232910156
79.3203125,26.020782470703125
79.3359375,26.02264404296875
79.3515625,26.01966094970703
79.3671875,26.025253295898438
79.3828125,26.022262573242188
79.3984375,26.0338134765625
79.4140625,26.042381286621094
79.4296875,26.04052734375
79.4453125,26.04052734375
79.4609375,26.041641235351562
79.4765625,26.05579376220703
79.4921875,26.04834747314453
79.5078125,26.057289123535156
79.5234375,26.06585693359375
79.5390625,26.070327758789062
79.5546875,26.07219696044922
79.5703125,26.074798583984375
79.5859375,26.069580078125
79.6015625,26.075546264648438
79.6171875,26.093795776367188
79.6328125,26.080764770507812
79.6484375,26.091934204101562
79.6640625,26.089706420898438
79.6796875,26.088958740234375
79.6953125,26.086349487304688
79.7109375,26.06585693359375
79.7265625,26.065109252929688
79.7421875,26.07331085205078
79.7578125,26.058029174804688
79.7734375,26.046485900878906
79.7890625,26.049468994140625
79.8046875,26.032325744628906
79.8203125,26.032325744628906
79.8359375,26.003265380859375
79.8515625,25.992835998535156
79.8671875,25.985015869140625
79.8828125,25.953338623046875
79.8984375,25.95185089111328
79.9140625,25.936203002929688
79.9296875,25.913482666015625
79.9453125,25.89410400390625
79.9609375,25.862808227539062
79.9765625,25.83971405029297
79.9921875,25.79798126220703
80.0078125,25.778976440429688
80.0234375,25.77265167236328
80.0390625,25.748802185058594
80.0546875,25.70782470703125
80.0703125,25.70409393310547
80.0859375,25.687705993652344
80.1015625,25.655654907226562
80.1171875,25.62249755859375
80.1328125,25.60797119140625
80.1484375,25.59046173095703
80.1640625,25.57220458984375
80.1796875,25.556182861328125
80.1953125,25.52935791015625
80.2109375,25.52228546142578
80.2265625,25.49359130859375
80.2421875,25.4757080078125
80.2578125,25.455223083496094
80.2734375,25.437705993652344
80.2890625,25.42243194580078
80.3046875,25.40789794921875
80.3203125,25.384803771972656
80.3359375,25.388900756835938
80.3515625,25.36133575439453
80.3671875,25.3397216796875
80.3828125,25.3326416015625
80.3984375,25.313636779785156
80.4140625,25.296127319335938
80.4296875,25.28644561767578
80.4453125,25.28644561767578
80.4609375,25.269302368164062
80.4765625,25.25104522705078
80.4921875,25.235031127929688
80.5078125,25.227951049804688
80.5234375,25.206710815429688
80.5390625,25.208953857421875
80.5546875,25.191810607910156
80.5703125,25.205223083496094
80.5859375,25.166099548339844
80.6015625,25.155677795410156
80.6171875,25.144500732421875
80.6328125,25.12921905517578
80.6484375,25.123626708984375
80.6640625,25.10053253173828
80.6796875,25.110595703125
80.6953125,25.094940185546875
80.7109375,25.08861541748047
80.7265625,25.086746215820312
80.7421875,25.069610595703125
80.7578125,25.065139770507812
80.7734375,25.04241180419922
80.7890625,25.030120849609375
80.8046875,25.030120849609375
80.8203125,25.002174377441406
80.8359375,25.002174377441406
80.8515625,24.99249267578125
80.8671875,24.97869873046875
80.8828125,24.966781616210938
80.8984375,24.957839965820312
80.9140625,24.957839965820312
80.9296875,24.954856872558594
80.9453125,24.936607360839844
80.9609375,24.931015014648438
80.9765625,24.930267333984375
80.9921875,24.933990478515625
81.0078125,24.936607360839844
81.0234375,24.91425323486328
81.0390625,24.919090270996094
81.0546875,24.9105224609375
81.0703125,24.905311584472656
81.0859375,24.901954650878906
81.1015625,24.88593292236328
81.1171875,24.87848663330078
81.1328125,24.88519287109375
81.1484375,24.87139892578125
81.1640625,24.86060333251953
81.1796875,24.86060333251953
81.1953125,24.850906372070312
81.2109375,24.85016632080078
81.2265625,24.833778381347656
81.2421875,24.83154296875
81.2578125,24.833023071289062
81.2734375,24.833778381347656
81.2890625,24.818130493164062
81.3046875,24.823341369628906
81.3203125,24.812538146972656
81.3359375,24.805458068847656
81.3515625,24.807693481445312
81.3671875,24.80284881591797
81.3828125,24.788314819335938
81.3984375,24.812904357910156
81.4140625,24.798377990722656
81.4296875,24.784225463867188
81.4453125,24.777511596679688
81.4609375,24.772300720214844
81.4765625,24.758888244628906
81.4921875,24.751434326171875
81.5078125,24.740257263183594
81.5234375,24.755538940429688
81.5390625,24.74883270263672
81.5546875,24.750686645507812
81.5703125,24.737655639648438
81.5859375,24.725723266601562
81.6015625,24.712310791015625
81.6171875,24.722373962402344
81.6328125,24.71417999267578
81.6484375,24.708221435546875
81.6640625,24.710830688476562
81.6796875,24.693687438964844
81.6953125,24.69554901123047
81.7109375,24.68548583984375
81.7265625,24.680274963378906
81.7421875,24.697784423828125
81.7578125,24.69554901123047
81.7734375,24.687355041503906
81.7890625,24.686981201171875
81.8046875,24.679534912109375
81.8203125,24.67766571044922
81.8359375,24.667236328125
81.8515625,24.667984008789062
81.8671875,24.67133331298828
81.8828125,24.667984008789062
81.8984375,24.661651611328125
81.9140625,24.648239135742188
81.9296875,24.647857666015625
81.9453125,24.651214599609375
81.9609375,24.644882202148438
81.9765625,24.644882202148438
81.9921875,24.637428283691406
82.0078125,24.626625061035156
82.0234375,24.633331298828125
82.0390625,24.637802124023438
82.0546875,24.62476348876953
82.0703125,24.61321258544922
82.0859375,24.629974365234375
82.1015625,24.61321258544922
82.1171875,24.61060333251953
82.1328125,24.605392456054688
82.1484375,24.60688018798828
82.1640625,24.58489227294922
82.1796875,24.600173950195312
82.1953125,24.58489227294922
82.2109375,24.58899688720703
82.2265625,24.578941345214844
82.2421875,24.58154296875
82.2578125,24.579681396484375
82.2734375,24.572235107421875
82.2890625,24.571853637695312
82.3046875,24.582290649414062
82.3203125,24.57036590576172
82.3359375,24.572975158691406
82.3515625,24.561058044433594
82.3671875,24.553970336914062
82.3828125,24.57036590576172
82.3984375,24.566268920898438
82.4140625,24.557327270507812
82.4296875,24.544654846191406
82.4453125,24.5673828125
82.4609375,24.539443969726562
82.4765625,24.558067321777344
82.4921875,24.557327270507812
82.5078125,24.539817810058594
82.5234375,24.555831909179688
82.5390625,24.548385620117188
82.5546875,24.538330078125
82.5703125,24.539817810058594
82.5859375,24.549880981445312
82.6015625,24.55359649658203
82.6171875,24.546890258789062
82.6328125,24.536468505859375
82.6484375,24.538330078125
82.6640625,24.540184020996094
82.6796875,24.530128479003906
82.6953125,24.532737731933594
82.7109375,24.540557861328125
82.7265625,24.524917602539062
82.7421875,24.521560668945312
82.7578125,24.530502319335938
82.7734375,24.524169921875
82.7890625,24.51373291015625
82.8046875,24.508888244628906
82.8203125,24.520065307617188
82.8359375,24.51782989501953
82.8515625,24.496231079101562
82.8671875,24.500701904296875
82.8828125,24.501441955566406
82.8984375,24.489524841308594
82.9140625,24.469772338867188
82.9296875,24.484298706054688
82.9453125,24.486167907714844
82.9609375,24.484298706054688
82.9765625,24.476478576660156
82.9921875,24.472007751464844
83.0078125,24.475357055664062
83.0234375,24.461204528808594
83.0390625,24.458229064941406
83.0546875,24.450401306152344
83.0703125,24.447052001953125
83.0859375,24.455612182617188
83.1015625,24.44629669189453
83.1171875,24.453384399414062
83.1328125,24.433258056640625
83.1484375,24.442581176757812
83.1640625,24.429534912109375
83.1796875,24.432884216308594
83.1953125,24.429908752441406
83.2109375,24.41388702392578
83.2265625,24.42431640625
83.2421875,24.404579162597656
83.2578125,24.40605926513672
83.2734375,24.411285400390625
83.2890625,24.404579162597656
83.3046875,24.396751403808594
83.3203125,24.407180786132812
83.3359375,24.400108337402344
83.3515625,24.399734497070312
83.3671875,24.378494262695312
83.3828125,24.387062072753906
83.3984375,24.3740234375
83.4140625,24.378494262695312
83.4296875,24.3814697265625
83.4453125,24.379989624023438
83.4609375,24.364341735839844
83.4765625,24.36322021484375
83.4921875,24.3594970703125
83.5078125,24.3594970703125
83.5234375,24.347198486328125
83.5390625,24.350929260253906
83.5546875,24.354278564453125
83.5703125,24.343467712402344
83.5859375,24.332290649414062
83.6015625,24.322608947753906
83.6171875,24.33155059814453
83.6328125,24.329689025878906
83.6484375,24.318138122558594
83.6640625,24.317398071289062
83.6796875,24.30323028564453
83.6953125,24.307701110839844
83.7109375,24.30323028564453
83.7265625,24.30175018310547
83.7421875,24.286468505859375
83.7578125,24.286102294921875
83.7734375,24.279022216796875
83.7890625,24.283111572265625
83.8046875,24.275665283203125
83.8203125,24.279396057128906
83.8359375,24.279396057128906
83.8515625,24.269332885742188
83.8671875,24.271194458007812
83.8828125,24.2738037109375
83.8984375,24.274925231933594
83.9140625,24.264862060546875
83.9296875,24.272689819335938
83.9453125,24.268585205078125
83.9609375,24.280136108398438
83.9765625,24.286468505859375
83.9921875,24.292434692382812
84.0078125,24.310691833496094
84.0234375,24.318138122558594
84.0390625,24.347938537597656
84.0546875,24.34869384765625
84.0703125,24.36284637451172
84.0859375,24.399734497070312
84.1015625,24.408294677734375
84.1171875,24.444442749023438
84.1328125,24.465301513671875
84.1484375,24.491378784179688
84.1640625,24.532737731933594
84.1796875,24.555465698242188
84.1953125,24.568504333496094
84.2109375,24.61060333251953
84.2265625,24.644508361816406
84.2421875,24.675430297851562
84.2578125,24.691078186035156
84.2734375,24.722747802734375
84.2890625,24.757774353027344
84.3046875,24.795394897460938
84.3203125,24.836380004882812
84.3359375,24.864700317382812
84.3515625,24.901206970214844
84.3671875,24.92430877685547
84.3828125,24.95038604736328
84.3984375,24.993972778320312
84.4140625,25.026763916015625
84.4296875,25.048377990722656
84.4453125,25.081527709960938
84.4609375,25.113571166992188
84.4765625,25.13927459716797
84.4921875,25.166099548339844
84.5078125,25.199264526367188
84.5234375,25.232421875
84.5390625,25.25738525390625
84.5546875,25.26744842529297
84.5703125,25.294273376464844
84.5859375,25.291656494140625
84.6015625,25.331520080566406
84.6171875,25.334877014160156
84.6328125,25.35834503173828
84.6484375,25.37921905517578
84.6640625,25.395233154296875
84.6796875,25.409393310546875
84.6953125,25.440689086914062
84.7109375,25.454849243164062
84.7265625,25.47198486328125
84.7421875,25.488754272460938
84.7578125,25.512222290039062
84.7734375,25.534202575683594
84.7890625,25.55096435546875
84.8046875,25.577415466308594
84.8203125,25.59344482421875
84.8359375,25.62249755859375
84.8515625,25.634796142578125
84.8671875,25.660507202148438
84.8828125,25.671302795410156
84.8984375,25.68658447265625
84.9140625,25.724952697753906
84.9296875,25.749542236328125
84.9453125,25.763710021972656
84.9609375,25.774505615234375
84.9765625,25.7972412109375
84.9921875,25.8121337890625
85.0078125,25.8404541015625
85.0234375,25.861312866210938
85.0390625,25.87212371826172
85.0546875,25.892990112304688
85.0703125,25.91124725341797
85.0859375,25.92242431640625
85.1015625,25.93360137939453
85.1171875,25.955581665039062
85.1328125,25.96936798095703
85.1484375,25.97681427001953
85.1640625,26.00848388671875
85.1796875,26.025253295898438
85.1953125,26.04461669921875
85.2109375,26.05579376220703
85.2265625,26.070327758789062
85.2421875,26.091934204101562
85.2578125,26.09156036376953
85.2734375,26.102371215820312
85.2890625,26.128082275390625
85.3046875,26.159378051757812
85.3203125,26.146331787109375
85.3359375,26.17613983154297
85.3515625,26.19849395751953
85.3671875,26.196258544921875
85.3828125,26.218978881835938
85.3984375,26.232772827148438
85.4140625,26.24432373046875
85.4296875,26.264442443847656
85.4453125,26.288650512695312
85.4609375,26.29498291015625
85.4765625,26.29871368408203
85.4921875,26.32330322265625
85.5078125,26.339691162109375
85.5234375,26.3482666015625
85.5390625,26.360565185546875
85.5546875,26.372482299804688
85.5703125,26.39446258544922
85.5859375,26.399307250976562
85.6015625,26.409744262695312
85.6171875,26.429107666015625
85.6328125,26.432838439941406
85.6484375,26.454452514648438
85.6640625,26.468978881835938
85.6796875,26.486114501953125
85.6953125,26.492080688476562
85.7109375,26.500640869140625
85.7265625,26.511451721191406
85.7421875,26.5274658203125
85.7578125,26.533432006835938
85.7734375,26.563232421875
85.7890625,26.565101623535156
85.8046875,26.575164794921875
85.8203125,26.59490966796875
85.8359375,26.593788146972656
85.8515625,26.60906219482422
85.8671875,26.618003845214844
85.8828125,26.622848510742188
85.8984375,26.642227172851562
85.9140625,26.64594268798828
85.9296875,26.660476684570312
85.9453125,26.676498413085938
85.9609375,26.690284729003906
85.9765625,26.68767547607422
85.9921875,26.703323364257812
86.0078125,26.714874267578125
86.0234375,26.706680297851562
86.0390625,26.739089965820312
86.0546875,26.737228393554688
86.0703125,26.737228393554688
86.0859375,26.755111694335938
86.1015625,26.76367950439453
86.1171875,26.7703857421875
86.1328125,26.78826904296875
86.1484375,26.803543090820312
86.1640625,26.819564819335938
86.1796875,26.82776641845703
86.1953125,26.82329559326172
86.2109375,26.836334228515625
86.2265625,26.843032836914062
86.2421875,26.851974487304688
86.2578125,26.867630004882812
86.2734375,26.861663818359375
86.2890625,26.87805938720703
86.3046875,26.890357971191406
86.3203125,26.89630889892578
86.3359375,26.9134521484375
86.3515625,26.9134521484375
86.3671875,26.929840087890625
86.3828125,26.941390991210938
86.3984375,26.950332641601562
86.4140625,26.954803466796875
86.4296875,26.951828002929688
86.4453125,26.982376098632812
86.4609375,26.990570068359375
86.4765625,26.994667053222656
86.4921875,27.010696411132812
86.5078125,27.014785766601562
86.5234375,27.026718139648438
86.5390625,27.025222778320312
86.5546875,27.036773681640625
86.5703125,27.051307678222656
86.5859375,27.054283142089844
86.6015625,27.05614471435547
86.6171875,27.069190979003906
86.6328125,27.09302520751953
86.6484375,27.096755981445312
86.6640625,27.104957580566406
86.6796875,27.11054229736328
86.6953125,27.120223999023438
86.7109375,27.116500854492188
86.7265625,27.13178253173828
86.7421875,27.136253356933594
86.7578125,27.14966583251953
86.7734375,27.161582946777344
86.7890625,27.165313720703125
86.8046875,27.1783447265625
86.8203125,27.183197021484375
86.8359375,27.187286376953125
86.8515625,27.197349548339844
86.8671875,27.208900451660156
86.8828125,27.208900451660156
86.8984375,27.22491455078125
86.9140625,27.233116149902344
86.9296875,27.241317749023438
86.9453125,27.258819580078125
86.9609375,27.263290405273438
86.9765625,27.258079528808594
86.9921875,27.275588989257812
87.0078125,27.284530639648438
87.0234375,27.28229522705078
87.0390625,27.298316955566406
87.0546875,27.2994384765625
87.0703125,27.30614471435547
87.0859375,27.328125
87.1015625,27.32886505126953
87.1171875,27.338180541992188
87.1328125,27.347862243652344
87.1484375,27.358299255371094
87.1640625,27.350852966308594
87.1796875,27.366867065429688
87.1953125,27.37432098388672
87.2109375,27.37506103515625
87.2265625,27.384750366210938
87.2421875,27.3929443359375
87.2578125,27.394065856933594
87.2734375,27.40673828125
87.2890625,27.421630859375
87.3046875,27.458518981933594
87.3203125,27.458152770996094
87.3359375,27.45032501220703
87.3515625,27.46075439453125
87.3671875,27.476776123046875
87.3828125,27.476776123046875
87.3984375,27.473045349121094
87.4140625,27.490928649902344
87.4296875,27.505096435546875
87.4453125,27.50434112548828
87.4609375,27.515518188476562
87.4765625,27.5360107421875
87.4921875,27.53862762451172
87.5078125,27.555755615234375
87.5234375,27.54644775390625
87.5390625,27.55651092529297
87.5546875,27.565078735351562
87.5703125,27.569168090820312
87.5859375,27.57103729248047
87.6015625,27.580718994140625
87.6171875,27.588172912597656
87.6328125,27.59375762939453
87.6484375,27.590042114257812
87.6640625,27.613136291503906
87.6796875,27.62841033935547
87.6953125,27.63549041748047
87.7109375,27.644058227539062
87.7265625,27.638839721679688
87.7421875,27.63922119140625
87.7578125,27.644805908203125
87.7734375,27.673118591308594
87.7890625,27.666046142578125
87.8046875,27.676467895507812
87.8203125,27.68317413330078
87.8359375,27.687278747558594
87.8515625,27.694732666015625
87.8671875,27.705162048339844
87.8828125,27.70069122314453
87.8984375,27.71410369873047
87.9140625,27.730117797851562
87.9296875,27.739059448242188
87.9453125,27.742416381835938
87.9609375,27.75322723388672
87.9765625,27.769989013671875
87.9921875,27.764022827148438
88.0078125,27.781906127929688
88.0234375,27.788238525390625
88.0390625,27.788238525390625
88.0546875,27.78899383544922
88.0703125,27.797561645507812
88.0859375,27.81097412109375
88.1015625,27.815444946289062
88.1171875,27.828857421875
88.1328125,27.835182189941406
88.1484375,27.844879150390625
88.1640625,27.845619201660156
88.1796875,27.860153198242188
88.1953125,27.867599487304688
88.2109375,27.883621215820312
88.2265625,27.8865966796875
88.2421875,27.892189025878906
88.2578125,27.894798278808594
88.2734375,27.91417694091797
88.2890625,27.923484802246094
88.3046875,27.927215576171875
88.3203125,27.926834106445312
88.3359375,27.935775756835938
88.3515625,27.9432373046875
88.3671875,27.942855834960938
88.3828125,27.944717407226562
88.3984375,27.948074340820312
88.4140625,27.960365295410156
88.4296875,27.974899291992188
88.4453125,27.98719024658203
88.4609375,27.99054718017578
88.4765625,28.00023651123047
88.4921875,28.006568908691406
88.5078125,28.019981384277344
88.5234375,28.02184295654297
88.5390625,28.024826049804688
88.5546875,28.031532287597656
88.5703125,28.046432495117188
88.5859375,28.046432495117188
88.6015625,28.034133911132812
88.6171875,28.049041748046875
88.6328125,28.05462646484375
88.6484375,28.06134033203125
88.6640625,28.05760955810547
88.6796875,28.072509765625
88.6953125,28.085548400878906
88.7109375,28.088165283203125
88.7265625,28.099334716796875
88.7421875,28.108657836914062
88.7578125,28.103805541992188
88.7734375,28.117965698242188
88.7890625,28.119834899902344
88.8046875,28.126907348632812
88.8203125,28.136962890625
88.8359375,28.15113067626953
88.8515625,28.14404296875
88.8671875,28.15484619140625
88.8828125,28.165283203125
88.8984375,28.170494079589844
88.9140625,28.173484802246094
88.9296875,28.184661865234375
88.9453125,28.180931091308594
88.9609375,28.193222045898438
88.9765625,28.193222045898438
88.9921875,28.21148681640625
89.0078125,28.21893310546875
89.0234375,28.209991455078125
89.0390625,28.21893310546875
89.0546875,28.213348388671875
89.0703125,28.227134704589844
89.0859375,28.216323852539062
89.1015625,28.213348388671875
89.1171875,28.213348388671875
89.1328125,28.212966918945312
89.1484375,28.209991455078125
89.1640625,28.212600708007812
89.1796875,28.19434356689453
89.1953125,28.187637329101562
89.2109375,28.166778564453125
89.2265625,28.152244567871094
89.2421875,28.138832092285156
89.2578125,28.13324737548828
89.2734375,28.123931884765625
89.2890625,28.11237335205078
89.3046875,28.100082397460938
89.3203125,28.09375
89.3359375,28.073257446289062
89.3515625,28.07512664794922
89.3671875,28.052017211914062
89.3828125,28.025192260742188
89.3984375,28.017745971679688
89.4140625,28.009178161621094
89.4296875,27.995391845703125
89.4453125,27.953292846679688
89.4609375,27.957015991210938
89.4765625,27.934661865234375
89.4921875,27.91417694091797
89.5078125,27.91529083251953
89.5234375,27.89629364013672
89.5390625,27.86834716796875
89.5546875,27.85456085205078
89.5703125,27.841888427734375
89.5859375,27.823265075683594
89.6015625,27.80835723876953
89.6171875,27.791229248046875
89.6328125,27.784889221191406
89.6484375,27.760299682617188
89.6640625,27.746139526367188
89.6796875,27.734588623046875
89.6953125,27.727142333984375
89.7109375,27.692115783691406
89.7265625,27.66790771484375
89.7421875,27.651138305664062
89.7578125,27.645172119140625
89.7734375,27.622451782226562
89.7890625,27.602333068847656
89.8046875,27.579978942871094
89.8203125,27.569923400878906
89.8359375,27.563583374023438
89.8515625,27.545700073242188
89.8671875,27.523345947265625
89.8828125,27.511802673339844
89.8984375,27.50434112548828
89.9140625,27.48534393310547
89.9296875,27.47528076171875
89.9453125,27.458518981933594
89.9609375,27.44957733154297
89.9765625,27.43951416015625
89.9921875,27.42498779296875
90.0078125,27.407852172851562
90.0234375,27.398910522460938
90.0390625,27.388099670410156
90.0546875,27.37468719482422
90.0703125,27.35382843017578
90.0859375,27.334823608398438
90.1015625,27.32439422607422
90.1171875,27.315086364746094
90.1328125,27.299057006835938
90.1484375,27.297203063964844
90.1640625,27.280059814453125
90.1796875,27.270004272460938
90.1953125,27.266647338867188
90.2109375,27.241317749023438
90.2265625,27.238327026367188
90.2421875,27.212997436523438
90.2578125,27.219329833984375
90.2734375,27.201446533203125
90.2890625,27.184677124023438
90.3046875,27.183197021484375
90.3203125,27.171646118164062
90.3359375,27.158233642578125
90.3515625,27.16754913330078
90.3671875,27.15673828125
90.3828125,27.147430419921875
90.3984375,27.13475799560547
90.4140625,27.120223999023438
90.4296875,27.125442504882812
90.4453125,27.107559204101562
90.4609375,27.09302520751953
90.4765625,27.090049743652344
90.4921875,27.0848388671875
90.5078125,27.07440185546875
90.5234375,27.044219970703125
90.5390625,27.058013916015625
90.5546875,27.032669067382812
90.5703125,27.02783203125
90.5859375,27.018890380859375
90.6015625,27.022613525390625
90.6171875,27.0062255859375
90.6328125,26.989830017089844
90.6484375,26.990570068359375
90.6640625,26.987220764160156
90.6796875,26.98424530029297
90.6953125,26.9779052734375
90.7109375,26.96784210205078
90.7265625,26.946243286132812
90.7421875,26.96300506591797
90.7578125,26.951828002929688
90.7734375,26.94921875
90.7890625,26.943252563476562
90.8046875,26.93207550048828
90.8203125,26.92388916015625
90.8359375,26.923507690429688
90.8515625,26.922019958496094
90.8671875,26.91754913330078
90.8828125,26.900779724121094
90.8984375,26.89183807373047
90.9140625,26.877685546875
90.9296875,26.885887145996094
90.9453125,26.886627197265625
90.9609375,26.86389923095703
90.9765625,26.875823974609375
90.9921875,26.87060546875
91.0078125,26.850860595703125
91.0234375,26.857940673828125
91.0390625,26.867630004882812
91.0546875,26.829620361328125
91.0703125,26.839683532714844
91.0859375,26.84265899658203
91.1015625,26.839309692382812
91.1171875,26.82440948486328
91.1328125,26.830001831054688
91.1484375,26.833351135253906
91.1640625,26.813980102539062
91.1796875,26.811363220214844
91.1953125,26.821060180664062
91.2109375,26.80541229248047
91.2265625,26.808761596679688
91.2421875,26.796096801757812
91.2578125,26.79497528076172
91.2734375,26.786033630371094
91.2890625,26.778213500976562
91.3046875,26.79534912109375
91.3203125,26.782302856445312
91.3359375,26.768524169921875
91.3515625,26.7703857421875
91.3671875,26.756973266601562
91.3828125,26.764419555664062
91.3984375,26.750267028808594
91.4140625,26.756973266601562
91.4296875,26.746536254882812
91.4453125,26.751388549804688
91.4609375,26.733123779296875
91.4765625,26.729774475097656
91.4921875,26.737228393554688
91.5078125,26.730148315429688
91.5234375,26.737228393554688
91.5390625,26.72791290283203
91.5546875,26.72046661376953
91.5703125,26.70928955078125
91.5859375,26.710403442382812
91.6015625,26.708908081054688
91.6171875,26.714500427246094
91.6328125,26.703697204589844
91.6484375,26.703697204589844
91.6640625,26.68804931640625
91.6796875,26.694007873535156
91.6953125,26.689910888671875
91.7109375,26.68134307861328
91.7265625,26.677993774414062
91.7421875,26.669052124023438
91.7578125,26.67388916015625
91.7734375,26.675758361816406
91.7890625,26.668296813964844
91.8046875,26.646316528320312
91.8203125,26.657119750976562
91.8359375,26.657119750976562
91.8515625,26.649673461914062
91.8671875,26.65228271484375
91.8828125,26.654144287109375
91.8984375,26.64594268798828
91.9140625,26.636634826660156
91.9296875,26.629180908203125
91.9453125,26.629928588867188
91.9609375,26.625083923339844
91.9765625,26.624710083007812
91.9921875,26.61688232421875
92.0078125,26.618003845214844
92.0234375,26.607940673828125
92.0390625,26.618003845214844
92.0546875,26.61017608642578
92.0703125,26.60980987548828
92.0859375,26.61017608642578
92.1015625,26.596023559570312
92.1171875,26.606826782226562
92.1328125,26.59825897216797
92.1484375,26.606826782226562
92.1640625,26.594161987304688
92.1796875,26.583724975585938
92.1953125,26.58037567138672
92.2109375,26.571060180664062
92.2265625,26.571060180664062
92.2421875,26.567703247070312
92.2578125,26.561370849609375
92.2734375,26.561370849609375
92.2890625,26.543869018554688
92.3046875,26.54163360595703
92.3203125,26.539764404296875
92.3359375,26.540138244628906
92.3515625,26.52672576904297
92.3671875,26.522254943847656
92.3828125,26.536041259765625
92.3984375,26.53082275390625
92.4140625,26.51592254638672
92.4296875,26.518905639648438
92.4453125,26.499526977539062
92.4609375,26.518157958984375
92.4765625,26.50884246826172
92.4921875,26.504371643066406
92.5078125,26.515548706054688
92.5234375,26.50287628173828
92.5390625,26.500640869140625
92.5546875,26.493568420410156
92.5703125,26.50213623046875
92.5859375,26.490219116210938
92.6015625,26.49505615234375
92.6171875,26.49840545654297
92.6328125,26.493194580078125
92.6484375,26.485748291015625
92.6640625,26.490219116210938
92.6796875,26.485748291015625
92.6953125,26.485748291015625
92.7109375,26.485748291015625
92.7265625,26.481643676757812
92.7421875,26.461524963378906
92.7578125,26.490219116210938
92.7734375,26.4630126953125
92.7890625,26.46710968017578
92.8046875,26.468978881835938
92.8203125,26.476425170898438
92.8359375,26.465255737304688
92.8515625,26.472335815429688
92.8671875,26.456314086914062
92.8828125,26.460037231445312
92.8984375,26.453697204589844
92.9140625,26.454452514648438
92.9296875,26.439170837402344
92.9453125,26.442901611328125
92.9609375,26.446250915527344
92.9765625,26.442901611328125
92.9921875,26.433212280273438
93.0078125,26.429107666015625
93.0234375,26.425392150878906
93.0390625,26.422775268554688
93.0546875,26.42724609375
93.0703125,26.429107666015625
93.0859375,26.413833618164062
93.1015625,26.41607666015625
93.1171875,26.41607666015625
93.1328125,26.4056396484375
93.1484375,26.397445678710938
93.1640625,26.39893341064453
93.1796875,26.40228271484375
93.1953125,26.38739013671875
93.2109375,26.378814697265625
93.2265625,26.37621307373047
93.2421875,26.368011474609375
93.2578125,26.369873046875
93.2734375,26.36316680908203
93.2890625,26.35533905029297
93.3046875,26.360565185546875
93.3203125,26.35533905029297
93.3359375,26.357574462890625
93.3515625,26.34081268310547
93.3671875,26.332618713378906
93.3828125,26.335975646972656
93.3984375,26.310264587402344
93.4140625,26.30504608154297
93.4296875,26.296852111816406
93.4453125,26.28083038330078
93.4609375,26.286422729492188
93.4765625,26.274497985839844
93.4921875,26.25885009765625
93.5078125,26.267417907714844
93.5234375,26.27039337158203
93.5390625,26.256240844726562
93.5546875,26.25251007080078
93.5703125,26.239097595214844
93.5859375,26.243568420410156
93.6015625,26.238731384277344
93.6171875,26.228302001953125
93.6328125,26.207435607910156
93.6484375,26.195884704589844
93.6640625,26.18359375
93.6796875,26.149314880371094
93.6953125,26.118759155273438
93.7109375,26.09008026123047
93.7265625,26.065109252929688
93.7421875,26.01891326904297
93.7578125,26.00550079345703
93.7734375,25.940673828125
93.7890625,25.90155029296875
93.8046875,25.871376037597656
93.8203125,25.816604614257812
93.8359375,25.767807006835938
93.8515625,25.717880249023438
93.8671875,25.670562744140625
93.8828125,25.613937377929688
93.8984375,25.591583251953125
93.9140625,25.510726928710938
93.9296875,25.4615478515625
93.9453125,25.420936584472656
93.9609375,25.35797882080078
93.9765625,25.323333740234375
93.9921875,25.267074584960938
94.0078125,25.21379852294922
94.0234375,25.165733337402344
94.0390625,25.127357482910156
94.0546875,25.072967529296875
94.0703125,25.040916442871094
94.0859375,24.977210998535156
94.1015625,24.9388427734375
94.1171875,24.89599609375
94.1328125,24.849044799804688
94.1484375,24.805458068847656
94.1640625,24.766342163085938
94.1796875,24.712310791015625
94.1953125,24.67133331298828
94.2109375,24.63556671142578
94.2265625,24.555831909179688
94.2421875,24.52044677734375
94.2578125,24.476478576660156
94.2734375,24.436614990234375
94.2890625,24.39190673828125
94.3046875,24.365081787109375
94.3203125,24.32745361328125
94.3359375,24.281997680664062
94.3515625,24.2596435546875
94.3671875,24.226486206054688
94.3828125,24.192581176757812
94.3984375,24.14862060546875
94.4140625,24.119186401367188
94.4296875,24.093101501464844
94.4453125,24.066650390625
94.4609375,24.02306365966797
94.4765625,23.982826232910156
94.4921875,23.960845947265625
94.5078125,23.91576385498047
94.5234375,23.878501892089844
94.5390625,23.859878540039062
94.5546875,23.824485778808594
94.5703125,23.798782348632812
94.5859375,23.7730712890625
94.6015625,23.74140167236328
94.6171875,23.708984375
94.6328125,23.7015380859375
94.6484375,23.65869140625
94.6640625,23.62366485595703
94.6796875,23.592369079589844
94.6953125,23.58678436279297
94.7109375,23.561073303222656
94.7265625,23.539474487304688
94.7421875,23.50891876220703
94.7578125,23.4873046875
94.7734375,23.478744506835938
94.7890625,23.44446563720703
94.8046875,23.417640686035156
94.8203125,23.403480529785156
94.8359375,23.380386352539062
94.8515625,23.34052276611328
94.8671875,23.309967041015625
94.8828125,23.292083740234375
94.8984375,23.27606201171875
94.9140625,23.24364471435547
94.9296875,23.23284912109375
94.9453125,23.216819763183594
94.9609375,23.2008056640625
94.9765625,23.185523986816406
94.9921875,23.15422821044922
95.0078125,23.12592315673828
95.0234375,23.102073669433594
95.0390625,23.0789794921875
95.0546875,23.052154541015625
95.0703125,23.053634643554688
95.0859375,23.02532958984375
95.1015625,22.99030303955078
95.1171875,22.988807678222656
95.1328125,22.96198272705078
95.1484375,22.934791564941406
95.1640625,22.926589965820312
95.1796875,22.899765014648438
95.1953125,22.89344024658203
95.2109375,22.87592315673828
95.2265625,22.860275268554688
95.2421875,22.839035034179688
95.2578125,22.824508666992188
95.2734375,22.805877685546875
95.2890625,22.78166961669922
95.3046875,22.799179077148438
95.3203125,22.76862335205078
95.3359375,22.751487731933594
95.3515625,22.735092163085938
95.3671875,22.726898193359375
95.3828125,22.70379638671875
95.3984375,22.68889617919922
95.4140625,22.680694580078125
95.4296875,22.682937622070312
95.4453125,22.66058349609375
95.4609375,22.644187927246094
95.4765625,22.623695373535156
95.4921875,22.623695373535156
95.5078125,22.605812072753906
95.5234375,22.579360961914062
95.5390625,22.551788330078125
95.5546875,22.581222534179688
95.5703125,22.557373046875
95.5859375,22.53278350830078
95.6015625,22.5286865234375
95.6171875,22.512298583984375
95.6328125,22.504104614257812
95.6484375,22.479507446289062
95.6640625,22.476158142089844
95.6796875,22.472808837890625
95.6953125,22.4500732421875
95.7109375,22.4281005859375
95.7265625,22.41729736328125
95.7421875,22.42138671875
95.7578125,22.40648651123047
95.7734375,22.390090942382812
95.7890625,22.378173828125
95.8046875,22.369598388671875
95.8203125,22.338302612304688
95.8359375,22.322288513183594
95.8515625,22.315208435058594
95.8671875,22.294715881347656
95.8828125,22.304771423339844
95.8984375,22.278701782226562
95.9140625,22.276092529296875
95.9296875,22.25969696044922
95.9453125,22.23846435546875
95.9609375,22.235107421875
95.9765625,22.22132110595703
95.9921875,22.211639404296875
96.0078125,22.187789916992188
96.0234375,22.184059143066406
96.0390625,22.159469604492188
96.0546875,22.17363739013672
96.0703125,22.16022491455078
96.0859375,22.1419677734375
96.1015625,22.13823699951172
96.1171875,22.13451385498047
96.1328125,22.122962951660156
96.1484375,22.11998748779297
96.1640625,22.105819702148438
96.1796875,22.090545654296875
96.1953125,22.07452392578125
96.2109375,22.074905395507812
96.2265625,22.060745239257812
96.2421875,22.0562744140625
96.2578125,22.039512634277344
96.2734375,22.02013397216797
96.2890625,22.004112243652344
96.3046875,22.00299072265625
96.3203125,21.990699768066406
96.3359375,21.986602783203125
96.3515625,21.99181365966797
96.3671875,21.968719482421875
96.3828125,21.955307006835938
96.3984375,21.94226837158203
96.4140625,21.940032958984375
96.4296875,21.92774200439453
96.4453125,21.90650177001953
96.4609375,21.9061279296875
96.4765625,21.897186279296875
96.4921875,21.898300170898438
96.5078125,21.88898468017578
96.5234375,21.8916015625
96.5390625,21.885269165039062
96.5546875,21.87445831298828
96.5703125,21.850616455078125
96.5859375,21.844276428222656
96.6015625,21.81708526611328
96.6171875,21.824539184570312
96.6328125,21.807029724121094
96.6484375,21.797714233398438
96.6640625,21.776473999023438
96.6796875,21.769393920898438
96.6953125,21.760826110839844
96.7109375,21.764923095703125
96.7265625,21.75225830078125
96.7421875,21.735122680664062
96.7578125,21.742942810058594
96.7734375,21.728790283203125
96.7890625,21.72058868408203
96.8046875,21.70978546142578
96.8203125,21.703445434570312
96.8359375,21.688552856445312
96.8515625,21.66954803466797
96.8671875,21.67438507080078
96.8828125,21.65240478515625
96.8984375,21.65203094482422
96.9140625,21.650917053222656
96.9296875,21.64197540283203
96.9453125,21.625961303710938
96.9609375,21.62744140625
96.9765625,21.611793518066406
96.9921875,21.597267150878906
97.0078125,21.581253051757812
97.0234375,21.592056274414062
97.0390625,21.56708526611328
97.0546875,21.57007598876953
97.0703125,21.57007598876953
97.0859375,21.55219268798828
97.1015625,21.543251037597656
97.1171875,21.536911010742188
97.1328125,21.538780212402344
97.1484375,21.517166137695312
97.1640625,21.513809204101562
97.1796875,21.50225830078125
97.1953125,21.47730255126953
97.2109375,21.492202758789062
97.2265625,21.4840087890625
97.2421875,21.490341186523438
97.2578125,21.482139587402344
97.2734375,21.460906982421875
97.2890625,21.472084045410156
97.3046875,21.454200744628906
97.3203125,21.450477600097656
97.3359375,21.448989868164062
97.3515625,21.448989868164062
97.3671875,21.429611206054688
97.3828125,21.42401885986328
97.3984375,21.417694091796875
97.4140625,21.409866333007812
97.4296875,21.415451049804688
97.4453125,21.403160095214844
97.4609375,21.40465545654297
97.4765625,21.40576934814453
97.4921875,21.404281616210938
97.5078125,21.40613555908203
97.5234375,21.399810791015625
97.5390625,21.399810791015625
97.5546875,21.390121459960938
97.5703125,21.403900146484375
97.5859375,21.392356872558594
97.6015625,21.392356872558594
97.6171875,21.399429321289062
97.6328125,21.402420043945312
97.6484375,21.410240173339844
97.6640625,21.4053955078125
97.6796875,21.411361694335938
97.6953125,21.418434143066406
97.7109375,21.416946411132812
97.7265625,21.425888061523438
97.7421875,21.435195922851562
97.7578125,21.446372985839844
97.7734375,21.442276000976562
97.7890625,21.456436157226562
97.8046875,21.45830535888672
97.8203125,21.482139587402344
97.8359375,21.479904174804688
97.8515625,21.48773193359375
97.8671875,21.482894897460938
97.8828125,21.50151824951172
97.8984375,21.50151824951172
97.9140625,21.524246215820312
97.9296875,21.51195526123047
97.9453125,21.524993896484375
97.9609375,21.536911010742188
97.9765625,21.54772186279297
97.9921875,21.554428100585938
98.0078125,21.558143615722656
98.0234375,21.581253051757812
98.0390625,21.594284057617188
98.0546875,21.589439392089844
98.0703125,21.606956481933594
98.0859375,21.634521484375
98.1015625,21.632293701171875
98.1171875,21.6483154296875
98.1328125,21.65203094482422
98.1484375,21.657623291015625
98.1640625,21.662841796875
98.1796875,21.685943603515625
98.1953125,21.70196533203125
98.2109375,21.715744018554688
98.2265625,21.72692108154297
98.2421875,21.728790283203125
98.2578125,21.734375
98.2734375,21.7559814453125
98.2890625,21.76715850830078
98.3046875,21.779449462890625
98.3203125,21.782806396484375
98.3359375,21.78765106201172
98.3515625,21.800689697265625
98.3671875,21.800323486328125
98.3828125,21.821922302246094
98.3984375,21.842796325683594
98.4140625,21.851364135742188
98.4296875,21.85657501220703
98.4453125,21.860305786132812
98.4609375,21.891220092773438
98.4765625,21.89942169189453
98.4921875,21.9061279296875
98.5078125,21.922897338867188
98.5234375,21.915809631347656
98.5390625,21.937049865722656
98.5546875,21.939285278320312
98.5703125,21.947105407714844
98.5859375,21.968345642089844
98.6015625,21.968345642089844
98.6171875,21.98883819580078
98.6328125,21.98883819580078
98.6484375,21.998519897460938
98.6640625,22.011932373046875
98.6796875,22.019012451171875
98.6953125,22.0208740234375
98.7109375,22.029449462890625
98.7265625,22.026840209960938
98.7421875,22.04509735107422
98.7578125,22.055526733398438
98.7734375,22.07378387451172
98.7890625,22.079750061035156
98.8046875,22.07825469970703
98.8203125,22.087570190429688
98.8359375,22.09576416015625
98.8515625,22.100982666015625
98.8671875,22.10657501220703
98.8828125,22.112899780273438
98.8984375,22.12445831298828
98.9140625,22.137496948242188
98.9296875,22.119232177734375
98.9453125,22.143455505371094
98.9609375,22.153518676757812
98.9765625,22.177734375
98.9921875,22.17064666748047
99.0078125,22.162078857421875
99.0234375,22.177734375
99.0390625,22.185928344726562
99.0546875,22.1993408203125
99.0703125,22.20343780517578
99.0859375,22.209030151367188
99.1015625,22.225791931152344
99.1171875,22.215728759765625
99.1328125,22.226531982421875
99.1484375,22.229141235351562
99.1640625,22.25969696044922
99.1796875,22.253738403320312
99.1953125,22.253738403320312
99.2109375,22.26342010498047
99.2265625,22.269004821777344
99.2421875,22.279441833496094
99.2578125,22.27459716796875
99.2734375,22.278701782226562
99.2890625,22.27497100830078
99.3046875,22.280563354492188
99.3203125,22.286888122558594
99.3359375,22.304031372070312
99.3515625,22.287643432617188
99.3671875,22.29620361328125
99.3828125,22.311477661132812
99.3984375,22.30329132080078
99.4140625,22.302536010742188
99.4296875,22.302536010742188
99.4453125,22.312232971191406
99.4609375,22.322288513183594
99.4765625,22.326011657714844
99.4921875,22.340538024902344
99.5078125,22.332717895507812
99.5234375,22.330856323242188
99.5390625,22.33123016357422
99.5546875,22.337562561035156
99.5703125,22.334213256835938
99.5859375,22.344642639160156
99.6015625,22.362525939941406
99.6171875,22.365127563476562
99.6328125,22.36736297607422
99.6484375,22.375564575195312
99.6640625,22.3636474609375
99.6796875,22.37183380126953
99.6953125,22.37482452392578
99.7109375,22.377426147460938
99.7265625,22.38935089111328
99.7421875,22.391586303710938
99.7578125,22.395309448242188
99.7734375,22.40015411376953
99.7890625,22.397918701171875
99.8046875,22.416542053222656
99.8203125,22.41021728515625
99.8359375,22.422134399414062
99.8515625,22.42064666748047
99.8671875,22.416542053222656
99.8828125,22.425857543945312
99.8984375,22.413192749023438
99.9140625,22.423629760742188
99.9296875,22.433685302734375
99.9453125,22.433311462402344
99.9609375,22.441131591796875
99.9765625,22.436660766601562
99.9921875,22.454177856445312
100.0078125,22.457901000976562
100.0234375,22.457901000976562
100.0390625,22.470565795898438
100.0546875,22.46721649169922
