t,i
0.00000000,9.462
0.00000500,9.625
0.00001000,9.452
0.00001500,9.460
0.00002000,9.447
0.00002500,9.423
0.00003000,9.392
0.00003500,9.364
0.00004000,9.389
0.00004500,9.379
0.00005000,9.356
0.00005500,9.356
0.00006000,9.333
0.00006500,9.333
0.00007000,9.321
0.00007500,9.315
0.00008000,9.304
0.00008500,9.282
0.00009000,9.286
0.00009500,9.254
0.00010000,9.231
0.00010500,9.223
0.00011000,9.208
0.00011500,9.210
0.00012000,9.207
0.00012500,9.200
0.00013000,9.204
0.00013500,9.183
0.00014000,9.164
0.00014500,9.147
0.00015000,9.133
0.00015500,9.116
0.00016000,9.102
0.00016500,9.096
0.00017000,9.104
0.00017500,9.092
0.00018000,9.090
0.00018500,9.076
0.00019000,9.056
0.00019500,9.020
0.00020000,9.027
0.00020500,8.994
0.00021000,9.014
0.00021500,9.003
0.00022000,8.986
0.00022500,8.944
0.00023000,8.964
0.00023500,8.962
0.00024000,8.931
0.00024500,8.924
0.00025000,8.907
0.00025500,8.878
0.00026000,8.860
0.00026500,8.889
0.00027000,8.860
0.00027500,8.844
0.00028000,8.820
0.00028500,8.808
0.00029000,8.796
0.00029500,8.781
0.00030000,8.753
0.00030500,8.757
0.00031000,8.735
0.00031500,8.721
0.00032000,8.724
0.00032500,8.695
0.00033000,8.676
0.00033500,8.647
0.00034000,8.629
0.00034500,8.644
0.00035000,8.609
0.00035500,8.598
0.00036000,8.581
0.00036500,8.586
0.00037000,8.548
0.00037500,8.531
0.00038000,8.531
0.00038500,8.491
0.00039000,8.500
0.00039500,8.487
0.00040000,8.492
0.00040500,8.450
0.00041000,8.469
0.00041500,8.427
0.00042000,8.407
0.00042500,8.412
0.00043000,8.393
0.00043500,8.380
0.00044000,8.400
0.00044500,8.357
0.00045000,8.329
0.00045500,8.320
0.00046000,8.310
0.00046500,8.304
0.00047000,8.263
0.00047500,8.277
0.00048000,8.262
0.00048500,8.242
0.00049000,8.236
0.00049500,8.214
0.00050000,8.193
0.00050500,8.194
0.00051000,8.182
0.00051500,8.137
0.00052000,8.148
0.00052500,8.160
0.00053000,8.131
0.00053500,8.120
0.00054000,8.097
0.00054500,8.103
0.00055000,8.106
0.00055500,8.121
0.00056000,8.071
0.00056500,8.067
0.00057000,8.048
0.00057500,8.032
0.00058000,8.036
0.00058500,8.034
0.00059000,8.028
0.00059500,8.007
0.00060000,7.958
0.00060500,7.962
0.00061000,7.941
0.00061500,7.948
0.00062000,7.903
0.00062500,7.921
0.00063000,7.905
0.00063500,7.902
0.00064000,7.883
0.00064500,7.861
0.00065000,7.878
0.00065500,7.859
0.00066000,7.829
0.00066500,7.833
0.00067000,7.794
0.00067500,7.812
0.00068000,7.780
0.00068500,7.786
0.00069000,7.750
0.00069500,7.749
0.00070000,7.748
0.00070500,7.749
0.00071000,7.751
0.00071500,7.750
0.00072000,7.725
0.00072500,7.678
0.00073000,7.669
0.00073500,7.626
0.00074000,7.623
0.00074500,7.609
0.00075000,7.608
0.00075500,7.591
0.00076000,7.574
0.00076500,7.586
0.00077000,7.560
0.00077500,7.542
0.00078000,7.541
0.00078500,7.516
0.00079000,7.493
0.00079500,7.477
0.00080000,7.449
0.00080500,7.459
0.00081000,7.451
0.00081500,7.463
0.00082000,7.437
0.00082500,7.438
0.00083000,7.408
0.00083500,7.409
0.00084000,7.406
0.00084500,7.378
0.00085000,7.374
0.00085500,7.351
0.00086000,7.347
0.00086500,7.349
0.00087000,7.327
0.00087500,7.329
0.00088000,7.316
0.00088500,7.294
0.00089000,7.304
0.00089500,7.263
0.00090000,7.252
0.00090500,7.260
0.00091000,7.244
0.00091500,7.229
0.00092000,7.196
0.00092500,7.187
0.00093000,7.164
0.00093500,7.185
0.00094000,7.177
0.00094500,7.178
0.00095000,7.160
0.00095500,7.160
0.00096000,7.145
0.00096500,7.125
0.00097000,7.109
0.00097500,7.116
0.00098000,7.084
0.00098500,7.050
0.00099000,7.032
0.00099500,7.035
0.00100000,7.043
0.00100500,7.036
0.00101000,7.034
0.00101500,7.014
0.00102000,6.990
0.00102500,6.981
0.00103000,6.972
0.00103500,6.982
0.00104000,6.947
0.00104500,6.947
0.00105000,6.926
0.00105500,6.920
0.00106000,6.915
0.00106500,6.915
0.00107000,6.890
0.00107500,6.887
0.00108000,6.856
0.00108500,6.844
0.00109000,6.847
0.00109500,6.839
0.00110000,6.816
0.00110500,6.812
0.00111000,6.808
0.00111500,6.792
0.00112000,6.794
0.00112500,6.787
0.00113000,6.754
0.00113500,6.739
0.00114000,6.754
0.00114500,6.733
0.00115000,6.742
0.00115500,6.731
0.00116000,6.715
0.00116500,6.675
0.00117000,6.666
0.00117500,6.656
0.00118000,6.634
0.00118500,6.648
0.00119000,6.632
0.00119500,6.648
0.00120000,6.625
0.00120500,6.625
0.00121000,6.591
0.00121500,6.578
0.00122000,6.584
0.00122500,6.553
0.00123000,6.542
0.00123500,6.521
0.00124000,6.538
0.00124500,6.521
0.00125000,6.481
0.00125500,6.460
0.00126000,6.464
0.00126500,6.466
0.00127000,6.441
0.00127500,6.456
0.00128000,6.439
0.00128500,6.431
0.00129000,6.420
0.00129500,6.382
0.00130000,6.380
0.00130500,6.364
0.00131000,6.347
0.00131500,6.313
0.00132000,6.317
0.00132500,6.323
0.00133000,6.309
0.00133500,6.308
0.00134000,6.283
0.00134500,6.291
0.00135000,6.274
0.00135500,6.271
0.00136000,6.274
0.00136500,6.254
0.00137000,6.244
0.00137500,6.236
0.00138000,6.225
0.00138500,6.210
0.00139000,6.216
0.00139500,6.216
0.00140000,6.180
0.00140500,6.173
0.00141000,6.189
0.00141500,6.158
0.00142000,6.141
0.00142500,6.137
0.00143000,6.132
0.00143500,6.120
0.00144000,6.099
0.00144500,6.087
0.00145000,6.083
0.00145500,6.064
0.00146000,6.069
0.00146500,6.041
0.00147000,6.050
0.00147500,6.018
0.00148000,6.010
0.00148500,5.982
0.00149000,5.986
0.00149500,5.970
0.00150000,5.958
0.00150500,5.970
0.00151000,5.952
0.00151500,5.947
0.00152000,5.919
0.00152500,5.917
0.00153000,5.906
0.00153500,5.877
0.00154000,5.880
0.00154500,5.852
0.00155000,5.867
0.00155500,5.854
0.00156000,5.858
0.00156500,5.848
0.00157000,5.825
0.00157500,5.794
0.00158000,5.791
0.00158500,5.775
0.00159000,5.757
0.00159500,5.737
0.00160000,5.735
0.00160500,5.706
0.00161000,5.690
0.00161500,5.671
0.00162000,5.653
0.00162500,5.662
0.00163000,5.671
0.00163500,5.639
0.00164000,5.629
0.00164500,5.608
0.00165000,5.584
0.00165500,5.585
0.00166000,5.561
0.00166500,5.560
0.00167000,5.533
0.00167500,5.519
0.00168000,5.481
0.00168500,5.504
0.00169000,5.473
0.00169500,5.482
0.00170000,5.439
0.00170500,5.445
0.00171000,5.395
0.00171500,5.403
0.00172000,5.388
0.00172500,5.351
0.00173000,5.374
0.00173500,5.373
0.00174000,5.340
0.00174500,5.320
0.00175000,5.321
0.00175500,5.279
0.00176000,5.254
0.00176500,5.243
0.00177000,5.270
0.00177500,5.223
0.00178000,5.232
0.00178500,5.182
0.00179000,5.169
0.00179500,5.152
0.00180000,5.141
0.00180500,5.143
0.00181000,5.113
0.00181500,5.085
0.00182000,5.067
0.00182500,5.052
0.00183000,5.039
0.00183500,5.012
0.00184000,5.046
0.00184500,5.048
0.00185000,5.006
0.00185500,4.970
0.00186000,4.929
0.00186500,4.910
0.00187000,4.910
0.00187500,4.911
0.00188000,4.906
0.00188500,4.887
0.00189000,4.875
0.00189500,4.868
0.00190000,4.827
0.00190500,4.809
0.00191000,4.785
0.00191500,4.780
0.00192000,4.750
0.00192500,4.734
0.00193000,4.736
0.00193500,4.741
0.00194000,4.725
0.00194500,4.675
0.00195000,4.660
0.00195500,4.650
0.00196000,4.626
0.00196500,4.605
0.00197000,4.602
0.00197500,4.575
0.00198000,4.550
0.00198500,4.571
0.00199000,4.576
0.00199500,4.528
0.00200000,4.525
0.00200500,4.493
0.00201000,4.473
0.00201500,4.451
0.00202000,4.433
0.00202500,4.411
0.00203000,4.394
0.00203500,4.392
0.00204000,4.381
0.00204500,4.334
0.00205000,4.354
0.00205500,4.338
0.00206000,4.323
0.00206500,4.309
0.00207000,4.302
0.00207500,4.252
0.00208000,4.237
0.00208500,4.240
0.00209000,4.226
0.00209500,4.215
0.00210000,4.190
0.00210500,4.178
0.00211000,4.176
0.00211500,4.158
0.00212000,4.165
0.00212500,4.122
0.00213000,4.110
0.00213500,4.096
0.00214000,4.035
0.00214500,4.053
0.00215000,4.035
0.00215500,4.020
0.00216000,4.015
0.00216500,4.009
0.00217000,3.998
0.00217500,3.966
0.00218000,3.952
0.00218500,3.907
0.00219000,3.900
0.00219500,3.905
0.00220000,3.867
0.00220500,3.871
0.00221000,3.840
0.00221500,3.839
0.00222000,3.836
0.00222500,3.846
0.00223000,3.810
0.00223500,3.787
0.00224000,3.785
0.00224500,3.764
0.00225000,3.730
0.00225500,3.708
0.00226000,3.737
0.00226500,3.709
0.00227000,3.685
0.00227500,3.682
0.00228000,3.638
0.00228500,3.616
0.00229000,3.629
0.00229500,3.642
0.00230000,3.576
0.00230500,3.551
0.00231000,3.529
0.00231500,3.510
0.00232000,3.524
0.00232500,3.511
0.00233000,3.483
0.00233500,3.476
0.00234000,3.448
0.00234500,3.448
0.00235000,3.440
0.00235500,3.408
0.00236000,3.390
0.00236500,3.394
0.00237000,3.379
0.00237500,3.355
0.00238000,3.335
0.00238500,3.345
0.00239000,3.337
0.00239500,3.305
0.00240000,3.256
0.00240500,3.250
0.00241000,3.244
0.00241500,3.226
0.00242000,3.238
0.00242500,3.225
0.00243000,3.184
0.00243500,3.165
0.00244000,3.144
0.00244500,3.131
0.00245000,3.109
0.00245500,3.112
0.00246000,3.103
0.00246500,3.076
0.00247000,3.062
0.00247500,3.053
0.00248000,3.054
0.00248500,3.020
0.00249000,3.009
0.00249500,2.988
0.00250000,2.970
0.00250500,2.965
0.00251000,2.917
0.00251500,2.923
0.00252000,2.887
0.00252500,2.884
0.00253000,2.873
0.00253500,2.839
0.00254000,2.838
0.00254500,2.829
0.00255000,2.773
0.00255500,2.787
0.00256000,2.782
0.00256500,2.756
0.00257000,2.745
0.00257500,2.734
0.00258000,2.705
0.00258500,2.685
0.00259000,2.659
0.00259500,2.639
0.00260000,2.614
0.00260500,2.619
0.00261000,2.604
0.00261500,2.574
0.00262000,2.556
0.00262500,2.542
0.00263000,2.543
0.00263500,2.509
0.00264000,2.486
0.00264500,2.480
0.00265000,2.430
0.00265500,2.420
0.00266000,2.395
0.00266500,2.358
0.00267000,2.356
0.00267500,2.315
0.00268000,2.299
0.00268500,2.257
0.00269000,2.234
0.00269500,2.236
0.00270000,2.224
0.00270500,2.177
0.00271000,2.154
0.00271500,2.160
0.00272000,2.130
0.00272500,2.108
0.00273000,2.095
0.00273500,2.068
0.00274000,2.031
0.00274500,2.031
0.00275000,1.994
0.00275500,1.958
0.00276000,1.924
0.00276500,1.924
0.00277000,1.903
0.00277500,1.881
0.00278000,1.849
0.00278500,1.836
0.00279000,1.786
0.00279500,1.766
0.00280000,1.762
0.00280500,1.710
0.00281000,1.738
0.00281500,1.706
0.00282000,1.679
0.00282500,1.675
0.00283000,1.653
0.00283500,1.594
0.00284000,1.578
0.00284500,1.574
0.00285000,1.550
0.00285500,1.552
0.00286000,1.525
0.00286500,1.494
0.00287000,1.459
0.00287500,1.431
0.00288000,1.408
0.00288500,1.395
0.00289000,1.369
0.00289500,1.324
0.00290000,1.318
0.00290500,1.275
0.00291000,1.245
0.00291500,1.222
0.00292000,1.206
0.00292500,1.173
0.00293000,1.155
0.00293500,1.102
0.00294000,1.102
0.00294500,1.099
0.00295000,1.069
0.00295500,1.030
0.00296000,1.047
0.00296500,0.998
0.00297000,0.965
0.00297500,0.953
0.00298000,0.897
0.00298500,0.871
0.00299000,0.837
0.00299500,0.845
0.00300000,0.807
0.00300500,0.782
0.00301000,0.745
0.00301500,0.724
0.00302000,0.481
0.00302500,0.270
0.00303000,0.175
0.00303500,0.129
0.00304000,0.086
0.00304500,0.063
0.00305000,0.049
0.00305500,0.043
0.00306000,0.034
0.00306500,-0.014
0.00307000,-0.012
0.00307500,-0.017
0.00308000,-0.035
0.00308500,-0.038
0.00309000,-0.061
0.00309500,-0.082
0.00310000,-0.090
0.00310500,-0.118
0.00311000,-0.175
0.00311500,-0.181
0.00312000,-0.171
0.00312500,-0.179
0.00313000,-0.185
0.00313500,-0.192
0.00314000,-0.206
0.00314500,-0.200
0.00315000,-0.193
0.00315500,-0.193
0.00316000,-0.187
0.00316500,-0.196
0.00317000,-0.200
0.00317500,-0.177
0.00318000,-0.186
0.00318500,-0.180
0.00319000,-0.198
0.00319500,-0.196
0.00320000,-0.208
0.00320500,-0.193
0.00321000,-0.199
0.00321500,-0.182
0.00322000,-0.190
0.00322500,-0.181
0.00323000,-0.200
0.00323500,-0.184
0.00324000,-0.172
0.00324500,-0.188
0.00325000,-0.190
0.00325500,-0.179
0.00326000,-0.203
0.00326500,-0.185
0.00327000,-0.197
0.00327500,-0.180
0.00328000,-0.192
0.00328500,-0.197
0.00329000,-0.196
0.00329500,-0.193
0.00330000,-0.179
0.00330500,-0.181
0.00331000,-0.194
0.00331500,-0.182
0.00332000,-0.186
0.00332500,-0.196
0.00333000,-0.204
0.00333500,-0.219
0.00334000,-0.211
0.00334500,-0.200
0.00335000,-0.207
0.00335500,-0.208
0.00336000,-0.190
0.00336500,-0.183
0.00337000,-0.198
0.00337500,-0.207
0.00338000,-0.202
0.00338500,-0.218
0.00339000,-0.184
0.00339500,-0.176
0.00340000,-0.186
0.00340500,-0.196
0.00341000,-0.192
0.00341500,-0.208
0.00342000,-0.195
0.00342500,-0.183
0.00343000,-0.198
0.00343500,-0.196
0.00344000,-0.194
0.00344500,-0.198
0.00345000,-0.195
0.00345500,-0.196
0.00346000,-0.175
0.00346500,-0.204
0.00347000,-0.182
0.00347500,-0.190
0.00348000,-0.190
0.00348500,-0.193
0.00349000,-0.195
0.00349500,-0.186
0.00350000,-0.192
0.00350500,-0.184
0.00351000,-0.213
0.00351500,-0.192
0.00352000,-0.208
0.00352500,-0.192
0.00353000,-0.196
0.00353500,-0.198
0.00354000,-0.203
0.00354500,-0.181
0.00355000,-0.168
0.00355500,-0.164
0.00356000,-0.171
0.00356500,-0.182
0.00357000,-0.171
0.00357500,-0.184
0.00358000,-0.169
0.00358500,-0.179
0.00359000,-0.188
0.00359500,-0.189
0.00360000,-0.202
0.00360500,-0.200
0.00361000,-0.196
0.00361500,-0.197
0.00362000,-0.189
0.00362500,-0.180
0.00363000,-0.183
0.00363500,-0.183
0.00364000,-0.174
0.00364500,-0.161
0.00365000,-0.185
0.00365500,-0.187
0.00366000,-0.200
0.00366500,-0.194
0.00367000,-0.191
0.00367500,-0.198
0.00368000,-0.185
0.00368500,-0.205
0.00369000,-0.204
0.00369500,-0.202
0.00370000,-0.198
0.00370500,-0.187
0.00371000,-0.199
0.00371500,-0.214
0.00372000,-0.197
0.00372500,-0.179
0.00373000,-0.191
0.00373500,-0.190
0.00374000,-0.197
0.00374500,-0.181
0.00375000,-0.174
0.00375500,-0.182
0.00376000,-0.167
0.00376500,-0.171
0.00377000,-0.189
0.00377500,-0.198
0.00378000,-0.182
0.00378500,-0.203
0.00379000,-0.190
0.00379500,-0.177
0.00380000,-0.194
0.00380500,-0.216
0.00381000,-0.189
0.00381500,-0.202
0.00382000,-0.199
0.00382500,-0.192
0.00383000,-0.214
0.00383500,-0.194
0.00384000,-0.196
0.00384500,-0.204
0.00385000,-0.191
0.00385500,-0.192
0.00386000,-0.180
0.00386500,-0.193
0.00387000,-0.199
0.00387500,-0.196
0.00388000,-0.188
0.00388500,-0.202
0.00389000,-0.191
0.00389500,-0.188
0.00390000,-0.186
0.00390500,-0.199
0.00391000,-0.194
0.00391500,-0.194
0.00392000,-0.194
0.00392500,-0.207
0.00393000,-0.192
0.00393500,-0.186
0.00394000,-0.182
0.00394500,-0.183
0.00395000,-0.194
0.00395500,-0.188
0.00396000,-0.210
0.00396500,-0.204
0.00397000,-0.182
0.00397500,-0.184
0.00398000,-0.196
0.00398500,-0.213
0.00399000,-0.203
0.00399500,-0.198
0.00400000,-0.188
0.00400500,-0.192
0.00401000,-0.195
0.00401500,-0.196
0.00402000,-0.209
0.00402500,-0.210
0.00403000,-0.213
0.00403500,-0.197
0.00404000,-0.184
0.00404500,-0.191
0.00405000,-0.202
0.00405500,-0.180
0.00406000,-0.193
0.00406500,-0.192
0.00407000,-0.188
0.00407500,-0.192
0.00408000,-0.202
0.00408500,-0.179
0.00409000,-0.188
0.00409500,-0.195
0.00410000,-0.204
0.00410500,-0.202
0.00411000,-0.197
0.00411500,-0.192
0.00412000,-0.178
0.00412500,-0.188
0.00413000,-0.184
0.00413500,-0.182
0.00414000,-0.192
0.00414500,-0.191
0.00415000,-0.200
0.00415500,-0.190
0.00416000,-0.201
0.00416500,-0.196
0.00417000,-0.197
0.00417500,-0.186
0.00418000,-0.171
0.00418500,-0.195
0.00419000,-0.210
0.00419500,-0.205
0.00420000,-0.196
0.00420500,-0.186
0.00421000,-0.194
0.00421500,-0.183
0.00422000,-0.183
0.00422500,-0.188
0.00423000,-0.185
0.00423500,-0.179
0.00424000,-0.195
0.00424500,-0.191
0.00425000,-0.184
0.00425500,-0.196
0.00426000,-0.197
0.00426500,-0.194
0.00427000,-0.200
0.00427500,-0.201
0.00428000,-0.193
0.00428500,-0.181
0.00429000,-0.182
0.00429500,-0.197
0.00430000,-0.207
0.00430500,-0.196
0.00431000,-0.201
0.00431500,-0.203
0.00432000,-0.201
0.00432500,-0.169
0.00433000,-0.177
0.00433500,-0.167
0.00434000,-0.167
0.00434500,-0.172
0.00435000,-0.178
0.00435500,-0.196
0.00436000,-0.182
0.00436500,-0.172
0.00437000,-0.195
0.00437500,-0.201
0.00438000,-0.193
0.00438500,-0.189
0.00439000,-0.192
0.00439500,-0.189
0.00440000,-0.190
0.00440500,-0.190
0.00441000,-0.179
0.00441500,-0.201
0.00442000,-0.184
0.00442500,-0.195
0.00443000,-0.192
0.00443500,-0.170
0.00444000,-0.172
0.00444500,-0.166
0.00445000,-0.177
0.00445500,-0.193
0.00446000,-0.185
0.00446500,-0.191
0.00447000,-0.184
0.00447500,-0.196
0.00448000,-0.187
0.00448500,-0.194
0.00449000,-0.186
0.00449500,-0.194
0.00450000,-0.193
0.00450500,-0.186
0.00451000,-0.184
0.00451500,-0.186
0.00452000,-0.180
0.00452500,-0.179
0.00453000,-0.183
0.00453500,-0.178
0.00454000,-0.194
0.00454500,-0.200
0.00455000,-0.205
0.00455500,-0.195
0.00456000,-0.206
0.00456500,-0.173
0.00457000,-0.199
0.00457500,-0.182
0.00458000,-0.180
0.00458500,-0.180
0.00459000,-0.174
0.00459500,-0.199
0.00460000,-0.190
0.00460500,-0.188
0.00461000,-0.192
0.00461500,-0.196
0.00462000,-0.187
0.00462500,-0.187
0.00463000,-0.197
0.00463500,-0.205
0.00464000,-0.199
0.00464500,-0.191
0.00465000,-0.180
0.00465500,-0.197
0.00466000,-0.202
0.00466500,-0.194
0.00467000,-0.202
0.00467500,-0.206
0.00468000,-0.186
0.00468500,-0.177
0.00469000,-0.175
0.00469500,-0.182
0.00470000,-0.187
0.00470500,-0.190
0.00471000,-0.197
0.00471500,-0.180
0.00472000,-0.205
0.00472500,-0.205
0.00473000,-0.186
0.00473500,-0.175
0.00474000,-0.193
0.00474500,-0.187
0.00475000,-0.200
0.00475500,-0.195
0.00476000,-0.178
0.00476500,-0.189
0.00477000,-0.182
0.00477500,-0.186
0.00478000,-0.188
0.00478500,-0.182
0.00479000,-0.177
0.00479500,-0.170
0.00480000,-0.187
0.00480500,-0.171
0.00481000,-0.153
0.00481500,-0.179
0.00482000,-0.188
0.00482500,-0.199
0.00483000,-0.198
0.00483500,-0.204
0.00484000,-0.201
0.00484500,-0.182
0.00485000,-0.193
0.00485500,-0.169
0.00486000,-0.186
0.00486500,-0.186
0.00487000,-0.185
0.00487500,-0.193
0.00488000,-0.208
0.00488500,-0.179
0.00489000,-0.192
0.00489500,-0.176
0.00490000,-0.179
0.00490500,-0.197
0.00491000,-0.182
0.00491500,-0.188
0.00492000,-0.253
0.00492500,-0.533
0.00493000,-0.804
0.00493500,-1.065
0.00494000,-1.268
0.00494500,-1.379
0.00495000,-1.459
0.00495500,-1.544
0.00496000,-1.620
0.00496500,-1.644
0.00497000,-1.705
0.00497500,-1.741
0.00498000,-1.801
0.00498500,-1.849
0.00499000,-1.923
0.00499500,-1.989
0.00500000,-2.024
0.00500500,-2.057
0.00501000,-2.129
0.00501500,-2.145
0.00502000,-2.167
0.00502500,-2.190
0.00503000,-2.235
0.00503500,-2.250
0.00504000,-2.288
0.00504500,-2.328
0.00505000,-2.360
0.00505500,-2.376
0.00506000,-2.409
0.00506500,-2.457
0.00507000,-2.509
0.00507500,-2.650
0.00508000,-2.752
0.00508500,-2.865
0.00509000,-2.916
0.00509500,-2.971
0.00510000,-3.205
0.00510500,-3.414
0.00511000,-3.604
0.00511500,-3.763
0.00512000,-3.932
0.00512500,-4.116
0.00513000,-4.301
0.00513500,-4.453
0.00514000,-4.566
0.00514500,-4.657
0.00515000,-4.770
0.00515500,-4.835
0.00516000,-4.908
0.00516500,-5.018
0.00517000,-5.077
0.00517500,-5.126
0.00518000,-5.179
0.00518500,-5.218
0.00519000,-5.292
0.00519500,-5.311
0.00520000,-5.359
0.00520500,-5.403
0.00521000,-5.436
0.00521500,-5.487
0.00522000,-5.525
0.00522500,-5.571
0.00523000,-5.609
0.00523500,-5.635
0.00524000,-5.676
0.00524500,-5.692
0.00525000,-5.711
0.00525500,-5.779
0.00526000,-5.833
0.00526500,-5.827
0.00527000,-5.883
0.00527500,-5.891
0.00528000,-5.947
0.00528500,-5.963
0.00529000,-5.993
0.00529500,-6.011
0.00530000,-6.026
0.00530500,-6.047
0.00531000,-6.071
0.00531500,-6.082
0.00532000,-6.108
0.00532500,-6.145
0.00533000,-6.168
0.00533500,-6.182
0.00534000,-6.187
0.00534500,-6.194
0.00535000,-6.224
0.00535500,-6.234
0.00536000,-6.240
0.00536500,-6.264
0.00537000,-6.283
0.00537500,-6.293
0.00538000,-6.309
0.00538500,-6.309
0.00539000,-6.307
0.00539500,-6.337
0.00540000,-6.343
0.00540500,-6.356
0.00541000,-6.363
0.00541500,-6.370
0.00542000,-6.393
0.00542500,-6.393
0.00543000,-6.400
0.00543500,-6.415
0.00544000,-6.420
0.00544500,-6.429
0.00545000,-6.456
0.00545500,-6.471
0.00546000,-6.447
0.00546500,-6.465
0.00547000,-6.486
0.00547500,-6.499
0.00548000,-6.521
0.00548500,-6.502
0.00549000,-6.531
0.00549500,-6.534
0.00550000,-6.545
0.00550500,-6.539
0.00551000,-6.577
0.00551500,-6.598
0.00552000,-6.608
0.00552500,-6.602
0.00553000,-6.596
0.00553500,-6.634
0.00554000,-6.636
0.00554500,-6.634
0.00555000,-6.622
0.00555500,-6.637
0.00556000,-6.661
0.00556500,-6.658
0.00557000,-6.667
0.00557500,-6.674
0.00558000,-6.700
0.00558500,-6.708
0.00559000,-6.739
0.00559500,-6.720
0.00560000,-6.729
0.00560500,-6.731
0.00561000,-6.761
0.00561500,-6.779
0.00562000,-6.794
0.00562500,-6.764
0.00563000,-6.817
0.00563500,-6.830
0.00564000,-6.824
0.00564500,-6.821
0.00565000,-6.828
0.00565500,-6.858
0.00566000,-6.886
0.00566500,-6.865
0.00567000,-6.873
0.00567500,-6.889
0.00568000,-6.881
0.00568500,-6.921
0.00569000,-6.901
0.00569500,-6.935
0.00570000,-6.930
0.00570500,-6.932
0.00571000,-6.976
0.00571500,-7.000
0.00572000,-7.009
0.00572500,-7.020
0.00573000,-7.029
0.00573500,-7.033
0.00574000,-7.042
0.00574500,-7.071
0.00575000,-7.087
0.00575500,-7.107
0.00576000,-7.110
0.00576500,-7.126
0.00577000,-7.131
0.00577500,-7.133
0.00578000,-7.164
0.00578500,-7.174
0.00579000,-7.207
0.00579500,-7.236
0.00580000,-7.228
0.00580500,-7.229
0.00581000,-7.264
0.00581500,-7.282
0.00582000,-7.265
0.00582500,-7.290
0.00583000,-7.294
0.00583500,-7.317
0.00584000,-7.313
0.00584500,-7.327
0.00585000,-7.337
0.00585500,-7.357
0.00586000,-7.366
0.00586500,-7.401
0.00587000,-7.424
0.00587500,-7.443
0.00588000,-7.459
0.00588500,-7.467
0.00589000,-7.491
0.00589500,-7.507
0.00590000,-7.496
0.00590500,-7.507
0.00591000,-7.517
0.00591500,-7.558
0.00592000,-7.571
0.00592500,-7.584
0.00593000,-7.615
0.00593500,-7.633
0.00594000,-7.649
0.00594500,-7.665
0.00595000,-7.667
0.00595500,-7.667
0.00596000,-7.673
0.00596500,-7.690
0.00597000,-7.727
0.00597500,-7.747
0.00598000,-7.763
0.00598500,-7.756
0.00599000,-7.767
0.00599500,-7.784
0.00600000,-7.796
0.00600500,-7.811
0.00601000,-7.832
0.00601500,-7.852
0.00602000,-7.846
0.00602500,-7.889
0.00603000,-7.869
0.00603500,-7.878
0.00604000,-7.884
0.00604500,-7.914
0.00605000,-7.936
0.00605500,-7.950
0.00606000,-7.964
0.00606500,-7.986
0.00607000,-7.980
0.00607500,-7.982
0.00608000,-8.007
0.00608500,-8.001
0.00609000,-8.009
0.00609500,-8.028
0.00610000,-8.028
0.00610500,-8.063
0.00611000,-8.077
0.00611500,-8.088
0.00612000,-8.117
0.00612500,-8.104
0.00613000,-8.098
0.00613500,-8.089
0.00614000,-8.110
0.00614500,-8.148
0.00615000,-8.162
0.00615500,-8.156
0.00616000,-8.178
0.00616500,-8.170
0.00617000,-8.183
0.00617500,-8.168
0.00618000,-8.204
0.00618500,-8.232
0.00619000,-8.255
0.00619500,-8.257
0.00620000,-8.289
0.00620500,-8.286
0.00621000,-8.297
0.00621500,-8.327
0.00622000,-8.341
0.00622500,-8.363
0.00623000,-8.376
0.00623500,-8.376
0.00624000,-8.428
0.00624500,-8.380
0.00625000,-8.395
0.00625500,-8.388
0.00626000,-8.422
0.00626500,-8.440
0.00627000,-8.449
0.00627500,-8.454
0.00628000,-8.489
0.00628500,-8.477
0.00629000,-8.471
0.00629500,-8.485
0.00630000,-8.508
0.00630500,-8.542
0.00631000,-8.530
0.00631500,-8.549
0.00632000,-8.548
0.00632500,-8.567
0.00633000,-8.581
0.00633500,-8.582
0.00634000,-8.614
0.00634500,-8.622
0.00635000,-8.628
0.00635500,-8.633
0.00636000,-8.679
0.00636500,-8.673
0.00637000,-8.650
0.00637500,-8.681
0.00638000,-8.690
0.00638500,-8.710
0.00639000,-8.705
0.00639500,-8.728
0.00640000,-8.739
0.00640500,-8.755
0.00641000,-8.766
0.00641500,-8.749
0.00642000,-8.775
0.00642500,-8.780
0.00643000,-8.782
0.00643500,-8.797
0.00644000,-8.803
0.00644500,-8.818
0.00645000,-8.847
0.00645500,-8.845
0.00646000,-8.893
0.00646500,-8.894
0.00647000,-8.925
0.00647500,-8.922
0.00648000,-8.893
0.00648500,-8.933
0.00649000,-8.965
0.00649500,-8.962
0.00650000,-9.002
0.00650500,-9.011
0.00651000,-9.029
0.00651500,-9.016
0.00652000,-9.002
0.00652500,-9.028
0.00653000,-9.046
0.00653500,-9.069
0.00654000,-9.115
0.00654500,-9.119
0.00655000,-9.111
0.00655500,-9.129
0.00656000,-9.137
0.00656500,-9.127
0.00657000,-9.158
0.00657500,-9.180
0.00658000,-9.205
0.00658500,-9.222
0.00659000,-9.223
0.00659500,-9.214
0.00660000,-9.224
0.00660500,-9.245
0.00661000,-9.237
0.00661500,-9.264
0.00662000,-9.284
0.00662500,-9.272
0.00663000,-9.291
0.00663500,-9.305
0.00664000,-9.370
0.00664500,-9.378
0.00665000,-9.373
0.00665500,-9.379
0.00666000,-9.369
0.00666500,-9.375
0.00667000,-9.413
0.00667500,-9.414
0.00668000,-9.431
0.00668500,-9.442
0.00669000,-9.457
0.00669500,-9.451
0.00670000,-9.459
0.00670500,-9.492
0.00671000,-9.495
0.00671500,-9.497
0.00672000,-9.539
0.00672500,-9.546
0.00673000,-9.550
0.00673500,-9.555
0.00674000,-9.543
0.00674500,-9.562
0.00675000,-9.579
0.00675500,-9.607
0.00676000,-9.599
0.00676500,-9.602
0.00677000,-9.650
0.00677500,-9.662
0.00678000,-9.653
0.00678500,-9.672
0.00679000,-9.695
0.00679500,-9.705
0.00680000,-9.716
0.00680500,-9.729
0.00681000,-9.734
0.00681500,-9.750
0.00682000,-9.756
0.00682500,-9.754
0.00683000,-9.787
0.00683500,-9.784
0.00684000,-9.793
0.00684500,-9.816
0.00685000,-9.842
0.00685500,-9.855
0.00686000,-9.853
0.00686500,-9.850
0.00687000,-9.885
0.00687500,-9.905
0.00688000,-9.902
0.00688500,-9.918
0.00689000,-9.922
0.00689500,-9.931
0.00690000,-9.933
0.00690500,-9.958
0.00691000,-9.966
0.00691500,-9.982
0.00692000,-9.973
0.00692500,-9.960
0.00693000,-10.009
0.00693500,-10.031
0.00694000,-10.036
0.00694500,-10.052
0.00695000,-10.066
0.00695500,-10.072
0.00696000,-10.089
0.00696500,-10.094
0.00697000,-10.100
0.00697500,-10.125
0.00698000,-10.142
0.00698500,-10.123
0.00699000,-10.118
0.00699500,-10.134
0.00700000,-10.146
0.00700500,-10.186
0.00701000,-10.210
0.00701500,-10.220
0.00702000,-10.196
0.00702500,-10.229
0.00703000,-10.246
0.00703500,-10.275
0.00704000,-10.274
0.00704500,-10.267
0.00705000,-10.286
0.00705500,-10.289
0.00706000,-10.311
0.00706500,-10.311
0.00707000,-10.332
0.00707500,-10.328
0.00708000,-10.347
0.00708500,-10.370
0.00709000,-10.394
0.00709500,-10.382
0.00710000,-10.406
0.00710500,-10.430
0.00711000,-10.444
0.00711500,-10.461
0.00712000,-10.452
0.00712500,-10.465
0.00713000,-10.498
0.00713500,-10.494
0.00714000,-10.481
0.00714500,-10.495
0.00715000,-10.528
0.00715500,-10.519
0.00716000,-10.541
0.00716500,-10.539
0.00717000,-10.562
0.00717500,-10.570
0.00718000,-10.573
0.00718500,-10.585
0.00719000,-10.615
0.00719500,-10.612
0.00720000,-10.610
0.00720500,-10.632
0.00721000,-10.632
0.00721500,-10.653
0.00722000,-10.675
0.00722500,-10.679
0.00723000,-10.689
0.00723500,-10.697
0.00724000,-10.685
0.00724500,-10.702
0.00725000,-10.732
0.00725500,-10.742
0.00726000,-10.749
0.00726500,-10.734
0.00727000,-10.750
0.00727500,-10.783
0.00728000,-10.782
0.00728500,-10.810
0.00729000,-10.803
0.00729500,-10.828
0.00730000,-10.818
0.00730500,-10.847
0.00731000,-10.874
0.00731500,-10.877
0.00732000,-10.870
0.00732500,-10.881
0.00733000,-10.894
0.00733500,-10.904
0.00734000,-10.916
0.00734500,-10.929
0.00735000,-10.902
0.00735500,-10.922
0.00736000,-10.944
0.00736500,-10.958
0.00737000,-10.933
0.00737500,-10.976
0.00738000,-10.968
0.00738500,-10.974
0.00739000,-10.988
0.00739500,-10.986
0.00740000,-10.992
0.00740500,-10.992
0.00741000,-11.018
0.00741500,-10.999
0.00742000,-11.030
0.00742500,-11.023
0.00743000,-11.044
0.00743500,-11.046
0.00744000,-11.053
0.00744500,-11.065
0.00745000,-11.084
0.00745500,-11.077
0.00746000,-11.103
0.00746500,-11.089
0.00747000,-11.104
0.00747500,-11.108
0.00748000,-11.116
0.00748500,-11.115
0.00749000,-11.111
0.00749500,-11.101
0.00750000,-11.127
0.00750500,-11.120
0.00751000,-11.138
0.00751500,-11.140
0.00752000,-11.139
0.00752500,-11.164
0.00753000,-11.167
0.00753500,-11.172
0.00754000,-11.181
0.00754500,-11.171
0.00755000,-11.168
0.00755500,-11.195
0.00756000,-11.206
0.00756500,-11.182
0.00757000,-11.188
0.00757500,-11.196
0.00758000,-11.208
0.00758500,-11.224
0.00759000,-11.240
0.00759500,-11.238
0.00760000,-11.224
0.00760500,-11.234
0.00761000,-11.231
0.00761500,-11.226
0.00762000,-11.211
0.00762500,-11.236
0.00763000,-11.238
0.00763500,-11.263
0.00764000,-11.255
0.00764500,-11.259
0.00765000,-11.255
0.00765500,-11.264
0.00766000,-11.266
0.00766500,-11.269
0.00767000,-11.276
0.00767500,-11.251
0.00768000,-11.285
0.00768500,-11.283
0.00769000,-11.263
0.00769500,-11.276
0.00770000,-11.270
0.00770500,-11.255
0.00771000,-11.261
0.00771500,-11.289
0.00772000,-11.293
0.00772500,-11.295
0.00773000,-11.301
0.00773500,-11.299
0.00774000,-11.287
0.00774500,-11.292
0.00775000,-11.305
0.00775500,-11.304
0.00776000,-11.318
0.00776500,-11.295
0.00777000,-11.331
0.00777500,-11.373
0.00778000,-11.358
0.00778500,-11.348
0.00779000,-11.333
0.00779500,-11.339
0.00780000,-11.362
0.00780500,-11.374
0.00781000,-11.349
0.00781500,-11.372
0.00782000,-11.339
0.00782500,-11.357
0.00783000,-11.375
0.00783500,-11.359
0.00784000,-11.373
0.00784500,-11.353
0.00785000,-11.351
0.00785500,-11.383
0.00786000,-11.346
0.00786500,-11.350
0.00787000,-11.359
0.00787500,-11.360
0.00788000,-11.370
0.00788500,-11.386
0.00789000,-11.381
0.00789500,-11.386
0.00790000,-11.392
0.00790500,-11.392
0.00791000,-11.403
0.00791500,-11.420
0.00792000,-11.416
0.00792500,-11.414
0.00793000,-11.428
0.00793500,-11.392
0.00794000,-11.401
0.00794500,-11.389
0.00795000,-11.398
0.00795500,-11.373
0.00796000,-11.418
0.00796500,-11.417
0.00797000,-11.415
0.00797500,-11.430
0.00798000,-11.437
0.00798500,-11.445
0.00799000,-11.432
0.00799500,-11.412
0.00800000,-11.432
0.00800500,-11.424
0.00801000,-11.423
0.00801500,-11.416
0.00802000,-11.433
0.00802500,-11.404
0.00803000,-11.432
0.00803500,-11.430
0.00804000,-11.404
0.00804500,-11.418
0.00805000,-11.416
0.00805500,-11.451
0.00806000,-11.470
0.00806500,-11.443
0.00807000,-11.438
0.00807500,-11.422
0.00808000,-11.420
0.00808500,-11.420
0.00809000,-11.426
0.00809500,-11.441
0.00810000,-11.446
0.00810500,-11.442
0.00811000,-11.455
0.00811500,-11.453
0.00812000,-11.446
0.00812500,-11.440
0.00813000,-11.441
0.00813500,-11.441
0.00814000,-11.443
0.00814500,-11.453
0.00815000,-11.473
0.00815500,-11.468
0.00816000,-11.450
0.00816500,-11.445
0.00817000,-11.453
0.00817500,-11.451
0.00818000,-11.465
0.00818500,-11.460
0.00819000,-11.482
0.00819500,-11.465
0.00820000,-11.455
0.00820500,-11.445
0.00821000,-11.459
0.00821500,-11.469
0.00822000,-11.456
0.00822500,-11.479
0.00823000,-11.448
0.00823500,-11.473
0.00824000,-11.485
0.00824500,-11.475
0.00825000,-11.464
0.00825500,-11.475
0.00826000,-11.451
0.00826500,-11.439
0.00827000,-11.455
0.00827500,-11.458
0.00828000,-11.473
0.00828500,-11.488
0.00829000,-11.473
0.00829500,-11.479
0.00830000,-11.496
0.00830500,-11.485
0.00831000,-11.481
0.00831500,-11.481
0.00832000,-11.477
0.00832500,-11.517
0.00833000,-11.472
0.00833500,-11.499
0.00834000,-11.479
0.00834500,-11.489
0.00835000,-11.478
0.00835500,-11.484
0.00836000,-11.489
0.00836500,-11.489
0.00837000,-11.472
0.00837500,-11.458
0.00838000,-11.472
0.00838500,-11.497
0.00839000,-11.497
0.00839500,-11.509
0.00840000,-11.478
0.00840500,-11.473
0.00841000,-11.469
0.00841500,-11.513
0.00842000,-11.464
0.00842500,-11.455
0.00843000,-11.507
0.00843500,-11.491
0.00844000,-11.491
0.00844500,-11.495
0.00845000,-11.495
0.00845500,-11.483
0.00846000,-11.487
0.00846500,-11.499
0.00847000,-11.503
0.00847500,-11.497
0.00848000,-11.481
0.00848500,-11.489
0.00849000,-11.501
0.00849500,-11.501
0.00850000,-11.477
0.00850500,-11.488
0.00851000,-11.527
0.00851500,-11.516
0.00852000,-11.517
0.00852500,-11.530
0.00853000,-11.539
0.00853500,-11.543
0.00854000,-11.503
0.00854500,-11.511
0.00855000,-11.496
0.00855500,-11.537
0.00856000,-11.519
0.00856500,-11.519
0.00857000,-11.519
0.00857500,-11.511
0.00858000,-11.501
0.00858500,-11.511
0.00859000,-11.521
0.00859500,-11.517
0.00860000,-11.522
0.00860500,-11.493
0.00861000,-11.517
0.00861500,-11.518
0.00862000,-11.537
0.00862500,-11.537
0.00863000,-11.543
0.00863500,-11.549
0.00864000,-11.541
0.00864500,-11.539
0.00865000,-11.523
0.00865500,-11.524
0.00866000,-11.524
0.00866500,-11.533
0.00867000,-11.493
0.00867500,-11.527
0.00868000,-11.526
0.00868500,-11.517
0.00869000,-11.514
0.00869500,-11.519
0.00870000,-11.517
0.00870500,-11.520
0.00871000,-11.518
0.00871500,-11.505
0.00872000,-11.511
0.00872500,-11.514
0.00873000,-11.505
0.00873500,-11.535
0.00874000,-11.533
0.00874500,-11.573
0.00875000,-11.570
0.00875500,-11.561
0.00876000,-11.566
0.00876500,-11.570
0.00877000,-11.564
0.00877500,-11.554
0.00878000,-11.554
0.00878500,-11.547
0.00879000,-11.582
0.00879500,-11.572
0.00880000,-11.576
0.00880500,-11.576
0.00881000,-11.565
0.00881500,-11.568
0.00882000,-11.535
0.00882500,-11.566
0.00883000,-11.568
0.00883500,-11.564
0.00884000,-11.550
0.00884500,-11.551
0.00885000,-11.570
0.00885500,-11.552
0.00886000,-11.542
0.00886500,-11.535
0.00887000,-11.555
0.00887500,-11.539
0.00888000,-11.538
0.00888500,-11.567
0.00889000,-11.545
0.00889500,-11.525
0.00890000,-11.539
0.00890500,-11.558
0.00891000,-11.553
0.00891500,-11.552
0.00892000,-11.554
0.00892500,-11.580
0.00893000,-11.561
0.00893500,-11.550
0.00894000,-11.551
0.00894500,-11.544
0.00895000,-11.537
0.00895500,-11.560
0.00896000,-11.550
0.00896500,-11.550
0.00897000,-11.573
0.00897500,-11.565
0.00898000,-11.576
0.00898500,-11.596
0.00899000,-11.557
0.00899500,-11.565
0.00900000,-11.553
0.00900500,-11.545
0.00901000,-11.583
0.00901500,-11.570
0.00902000,-11.577
0.00902500,-11.558
0.00903000,-11.590
0.00903500,-11.588
0.00904000,-11.558
0.00904500,-11.534
0.00905000,-11.580
0.00905500,-11.572
0.00906000,-11.562
0.00906500,-11.575
0.00907000,-11.568
0.00907500,-11.565
0.00908000,-11.559
0.00908500,-11.563
0.00909000,-11.562
0.00909500,-11.601
0.00910000,-11.601
0.00910500,-11.581
0.00911000,-11.579
0.00911500,-11.600
0.00912000,-11.600
0.00912500,-11.608
0.00913000,-11.614
0.00913500,-11.610
0.00914000,-11.613
0.00914500,-11.599
0.00915000,-11.614
0.00915500,-11.623
0.00916000,-11.602
0.00916500,-11.604
0.00917000,-11.588
0.00917500,-11.604
0.00918000,-11.618
0.00918500,-11.610
0.00919000,-11.609
0.00919500,-11.616
0.00920000,-11.603
0.00920500,-11.620
0.00921000,-11.591
0.00921500,-11.610
0.00922000,-11.579
0.00922500,-11.590
0.00923000,-11.582
0.00923500,-11.604
0.00924000,-11.594
0.00924500,-11.595
0.00925000,-11.602
0.00925500,-11.589
0.00926000,-11.592
0.00926500,-11.586
0.00927000,-11.583
0.00927500,-11.556
0.00928000,-11.522
0.00928500,-11.542
0.00929000,-11.545
0.00929500,-11.533
0.00930000,-11.543
0.00930500,-11.545
0.00931000,-11.523
0.00931500,-11.549
0.00932000,-11.555
0.00932500,-11.532
0.00933000,-11.523
0.00933500,-11.518
0.00934000,-11.520
0.00934500,-11.530
0.00935000,-11.522
0.00935500,-11.523
0.00936000,-11.511
0.00936500,-11.493
0.00937000,-11.510
0.00937500,-11.480
0.00938000,-11.457
0.00938500,-11.470
0.00939000,-11.480
0.00939500,-11.454
0.00940000,-11.455
0.00940500,-11.436
0.00941000,-11.459
0.00941500,-11.441
0.00942000,-11.433
0.00942500,-11.432
0.00943000,-11.432
0.00943500,-11.410
0.00944000,-11.412
0.00944500,-11.394
0.00945000,-11.384
0.00945500,-11.395
0.00946000,-11.369
0.00946500,-11.384
0.00947000,-11.358
0.00947500,-11.337
0.00948000,-11.324
0.00948500,-11.315
0.00949000,-11.321
0.00949500,-11.317
0.00950000,-11.305
0.00950500,-11.295
0.00951000,-11.306
0.00951500,-11.275
0.00952000,-11.272
0.00952500,-11.242
0.00953000,-11.262
0.00953500,-11.246
0.00954000,-11.215
0.00954500,-11.191
0.00955000,-11.208
0.00955500,-11.180
0.00956000,-11.174
0.00956500,-11.152
0.00957000,-11.152
0.00957500,-11.131
0.00958000,-11.124
0.00958500,-11.105
0.00959000,-11.104
0.00959500,-11.099
0.00960000,-11.094
0.00960500,-11.076
0.00961000,-11.068
0.00961500,-11.012
0.00962000,-11.005
0.00962500,-11.007
0.00963000,-10.982
0.00963500,-10.964
0.00964000,-10.964
0.00964500,-10.967
0.00965000,-10.943
0.00965500,-10.938
0.00966000,-10.920
0.00966500,-10.883
0.00967000,-10.873
0.00967500,-10.822
0.00968000,-10.834
0.00968500,-10.832
0.00969000,-10.801
0.00969500,-10.796
0.00970000,-10.778
0.00970500,-10.765
0.00971000,-10.716
0.00971500,-10.714
0.00972000,-10.695
0.00972500,-10.691
0.00973000,-10.674
0.00973500,-10.668
0.00974000,-10.621
0.00974500,-10.609
0.00975000,-10.595
0.00975500,-10.590
0.00976000,-10.546
0.00976500,-10.529
0.00977000,-10.547
0.00977500,-10.519
0.00978000,-10.486
0.00978500,-10.455
0.00979000,-10.422
0.00979500,-10.430
0.00980000,-10.420
0.00980500,-10.406
0.00981000,-10.408
0.00981500,-10.368
0.00982000,-10.366
0.00982500,-10.348
0.00983000,-10.323
0.00983500,-10.296
0.00984000,-10.290
0.00984500,-10.278
0.00985000,-10.254
0.00985500,-10.257
0.00986000,-10.232
0.00986500,-10.205
0.00987000,-10.205
0.00987500,-10.165
0.00988000,-10.158
0.00988500,-10.135
0.00989000,-10.154
0.00989500,-10.139
0.00990000,-10.136
0.00990500,-10.088
0.00991000,-10.078
0.00991500,-10.071
0.00992000,-10.065
0.00992500,-10.034
0.00993000,-10.021
0.00993500,-10.007
0.00994000,-10.036
0.00994500,-10.013
0.00995000,-9.987
0.00995500,-9.962
0.00996000,-9.957
0.00996500,-9.925
0.00997000,-9.919
0.00997500,-9.919
0.00998000,-9.896
0.00998500,-9.899
0.00999000,-9.881
0.00999500,-9.859
0.01000000,-9.846
0.01000500,-9.818
0.01001000,-9.810
0.01001500,-9.800
0.01002000,-9.804
0.01002500,-9.801
0.01003000,-9.784
0.01003500,-9.759
0.01004000,-9.738
0.01004500,-9.729
0.01005000,-9.711
0.01005500,-9.704
0.01006000,-9.705
0.01006500,-9.678
0.01007000,-9.626
0.01007500,-9.628
0.01008000,-9.607
0.01008500,-9.610
0.01009000,-9.597
0.01009500,-9.602
0.01010000,-9.573
0.01010500,-9.576
0.01011000,-9.558
0.01011500,-9.528
0.01012000,-9.527
0.01012500,-9.492
0.01013000,-9.485
0.01013500,-9.462
0.01014000,-9.438
0.01014500,-9.431
0.01015000,-9.434
0.01015500,-9.444
0.01016000,-9.426
0.01016500,-9.412
0.01017000,-9.389
0.01017500,-9.338
0.01018000,-9.339
0.01018500,-9.333
0.01019000,-9.332
0.01019500,-9.311
0.01020000,-9.299
0.01020500,-9.311
0.01021000,-9.283
0.01021500,-9.291
0.01022000,-9.277
0.01022500,-9.251
0.01023000,-9.225
0.01023500,-9.216
0.01024000,-9.184
0.01024500,-9.161
0.01025000,-9.162
0.01025500,-9.160
0.01026000,-9.133
0.01026500,-9.154
0.01027000,-9.143
0.01027500,-9.114
0.01028000,-9.108
0.01028500,-9.101
0.01029000,-9.060
0.01029500,-9.062
0.01030000,-9.036
0.01030500,-9.002
0.01031000,-8.999
0.01031500,-8.983
0.01032000,-8.982
0.01032500,-8.976
0.01033000,-8.973
0.01033500,-8.956
0.01034000,-8.937
0.01034500,-8.906
0.01035000,-8.863
0.01035500,-8.875
0.01036000,-8.859
0.01036500,-8.855
0.01037000,-8.827
0.01037500,-8.822
0.01038000,-8.822
0.01038500,-8.810
0.01039000,-8.801
0.01039500,-8.792
0.01040000,-8.772
0.01040500,-8.772
0.01041000,-8.754
0.01041500,-8.746
0.01042000,-8.732
0.01042500,-8.711
0.01043000,-8.713
0.01043500,-8.687
0.01044000,-8.687
0.01044500,-8.644
0.01045000,-8.653
0.01045500,-8.657
0.01046000,-8.661
0.01046500,-8.623
0.01047000,-8.634
0.01047500,-8.613
0.01048000,-8.587
0.01048500,-8.568
0.01049000,-8.573
0.01049500,-8.555
0.01050000,-8.552
0.01050500,-8.523
0.01051000,-8.519
0.01051500,-8.502
0.01052000,-8.480
0.01052500,-8.482
0.01053000,-8.473
0.01053500,-8.444
0.01054000,-8.447
0.01054500,-8.412
0.01055000,-8.384
0.01055500,-8.385
0.01056000,-8.332
0.01056500,-8.340
0.01057000,-8.326
0.01057500,-8.308
0.01058000,-8.302
0.01058500,-8.319
0.01059000,-8.288
0.01059500,-8.255
0.01060000,-8.284
0.01060500,-8.256
0.01061000,-8.258
0.01061500,-8.238
0.01062000,-8.223
0.01062500,-8.203
0.01063000,-8.194
0.01063500,-8.194
0.01064000,-8.176
0.01064500,-8.145
0.01065000,-8.169
0.01065500,-8.170
0.01066000,-8.165
0.01066500,-8.139
0.01067000,-8.109
0.01067500,-8.091
0.01068000,-8.084
0.01068500,-8.080
0.01069000,-8.063
0.01069500,-8.036
0.01070000,-8.014
0.01070500,-8.004
0.01071000,-7.992
0.01071500,-7.978
0.01072000,-7.967
0.01072500,-7.961
0.01073000,-7.948
0.01073500,-7.966
0.01074000,-7.925
0.01074500,-7.933
0.01075000,-7.899
0.01075500,-7.889
0.01076000,-7.881
0.01076500,-7.860
0.01077000,-7.839
0.01077500,-7.843
0.01078000,-7.818
0.01078500,-7.833
0.01079000,-7.810
0.01079500,-7.805
0.01080000,-7.754
0.01080500,-7.773
0.01081000,-7.759
0.01081500,-7.714
0.01082000,-7.718
0.01082500,-7.721
0.01083000,-7.712
0.01083500,-7.724
0.01084000,-7.690
0.01084500,-7.695
0.01085000,-7.679
0.01085500,-7.675
0.01086000,-7.664
0.01086500,-7.657
0.01087000,-7.630
0.01087500,-7.610
0.01088000,-7.606
0.01088500,-7.606
0.01089000,-7.626
0.01089500,-7.560
0.01090000,-7.570
0.01090500,-7.563
0.01091000,-7.541
0.01091500,-7.553
0.01092000,-7.549
0.01092500,-7.510
0.01093000,-7.489
0.01093500,-7.505
0.01094000,-7.480
0.01094500,-7.467
0.01095000,-7.427
0.01095500,-7.446
0.01096000,-7.430
0.01096500,-7.399
0.01097000,-7.395
0.01097500,-7.379
0.01098000,-7.373
0.01098500,-7.373
0.01099000,-7.397
0.01099500,-7.357
0.01100000,-7.333
0.01100500,-7.323
0.01101000,-7.329
0.01101500,-7.282
0.01102000,-7.309
0.01102500,-7.291
0.01103000,-7.303
0.01103500,-7.282
0.01104000,-7.263
0.01104500,-7.250
0.01105000,-7.260
0.01105500,-7.263
0.01106000,-7.240
0.01106500,-7.210
0.01107000,-7.213
0.01107500,-7.208
0.01108000,-7.190
0.01108500,-7.195
0.01109000,-7.200
0.01109500,-7.185
0.01110000,-7.174
0.01110500,-7.150
0.01111000,-7.156
0.01111500,-7.121
0.01112000,-7.121
0.01112500,-7.109
0.01113000,-7.107
0.01113500,-7.089
0.01114000,-7.051
0.01114500,-7.048
0.01115000,-7.028
0.01115500,-7.038
0.01116000,-7.040
0.01116500,-7.020
0.01117000,-6.994
0.01117500,-6.963
0.01118000,-6.958
0.01118500,-6.948
0.01119000,-6.921
0.01119500,-6.903
0.01120000,-6.912
0.01120500,-6.906
0.01121000,-6.904
0.01121500,-6.911
0.01122000,-6.873
0.01122500,-6.870
0.01123000,-6.860
0.01123500,-6.857
0.01124000,-6.853
0.01124500,-6.850
0.01125000,-6.839
0.01125500,-6.828
0.01126000,-6.802
0.01126500,-6.793
0.01127000,-6.775
0.01127500,-6.769
0.01128000,-6.757
0.01128500,-6.744
0.01129000,-6.729
0.01129500,-6.688
0.01130000,-6.703
0.01130500,-6.674
0.01131000,-6.674
0.01131500,-6.670
0.01132000,-6.661
0.01132500,-6.655
0.01133000,-6.650
0.01133500,-6.630
0.01134000,-6.651
0.01134500,-6.629
0.01135000,-6.618
0.01135500,-6.603
0.01136000,-6.596
0.01136500,-6.569
0.01137000,-6.556
0.01137500,-6.559
0.01138000,-6.564
0.01138500,-6.543
0.01139000,-6.545
0.01139500,-6.529
0.01140000,-6.517
0.01140500,-6.504
0.01141000,-6.495
0.01141500,-6.474
0.01142000,-6.460
0.01142500,-6.468
0.01143000,-6.461
0.01143500,-6.439
0.01144000,-6.434
0.01144500,-6.418
0.01145000,-6.437
0.01145500,-6.413
0.01146000,-6.404
0.01146500,-6.370
0.01147000,-6.345
0.01147500,-6.351
0.01148000,-6.361
0.01148500,-6.333
0.01149000,-6.351
0.01149500,-6.326
0.01150000,-6.306
0.01150500,-6.296
0.01151000,-6.282
0.01151500,-6.266
0.01152000,-6.263
0.01152500,-6.256
0.01153000,-6.237
0.01153500,-6.244
0.01154000,-6.236
0.01154500,-6.198
0.01155000,-6.174
0.01155500,-6.168
0.01156000,-6.153
0.01156500,-6.152
0.01157000,-6.128
0.01157500,-6.128
0.01158000,-6.105
0.01158500,-6.125
0.01159000,-6.101
0.01159500,-6.116
0.01160000,-6.101
0.01160500,-6.085
0.01161000,-6.061
0.01161500,-6.050
0.01162000,-6.024
0.01162500,-6.021
0.01163000,-6.026
0.01163500,-5.989
0.01164000,-5.982
0.01164500,-5.969
0.01165000,-5.952
0.01165500,-5.939
0.01166000,-5.912
0.01166500,-5.886
0.01167000,-5.894
0.01167500,-5.880
0.01168000,-5.866
0.01168500,-5.846
0.01169000,-5.832
0.01169500,-5.808
0.01170000,-5.801
0.01170500,-5.783
0.01171000,-5.737
0.01171500,-5.735
0.01172000,-5.699
0.01172500,-5.718
0.01173000,-5.713
0.01173500,-5.692
0.01174000,-5.683
0.01174500,-5.654
0.01175000,-5.620
0.01175500,-5.614
0.01176000,-5.607
0.01176500,-5.596
0.01177000,-5.592
0.01177500,-5.579
0.01178000,-5.562
0.01178500,-5.567
0.01179000,-5.568
0.01179500,-5.537
0.01180000,-5.519
0.01180500,-5.492
0.01181000,-5.478
0.01181500,-5.475
0.01182000,-5.446
0.01182500,-5.423
0.01183000,-5.426
0.01183500,-5.442
0.01184000,-5.394
0.01184500,-5.370
0.01185000,-5.359
0.01185500,-5.353
0.01186000,-5.318
0.01186500,-5.281
0.01187000,-5.261
0.01187500,-5.257
0.01188000,-5.229
0.01188500,-5.235
0.01189000,-5.203
0.01189500,-5.205
0.01190000,-5.178
0.01190500,-5.147
0.01191000,-5.120
0.01191500,-5.093
0.01192000,-5.083
0.01192500,-5.063
0.01193000,-5.050
0.01193500,-5.030
0.01194000,-4.999
0.01194500,-4.992
0.01195000,-4.977
0.01195500,-4.996
0.01196000,-4.949
0.01196500,-4.904
0.01197000,-4.906
0.01197500,-4.871
0.01198000,-4.872
0.01198500,-4.846
0.01199000,-4.848
0.01199500,-4.832
0.01200000,-4.799
0.01200500,-4.792
0.01201000,-4.754
0.01201500,-4.771
0.01202000,-4.751
0.01202500,-4.729
0.01203000,-4.726
0.01203500,-4.711
0.01204000,-4.684
0.01204500,-4.673
0.01205000,-4.632
0.01205500,-4.634
0.01206000,-4.616
0.01206500,-4.601
0.01207000,-4.602
0.01207500,-4.576
0.01208000,-4.553
0.01208500,-4.531
0.01209000,-4.530
0.01209500,-4.514
0.01210000,-4.475
0.01210500,-4.477
0.01211000,-4.437
0.01211500,-4.423
0.01212000,-4.403
0.01212500,-4.412
0.01213000,-4.389
0.01213500,-4.334
0.01214000,-4.335
0.01214500,-4.318
0.01215000,-4.304
0.01215500,-4.302
0.01216000,-4.285
0.01216500,-4.261
0.01217000,-4.238
0.01217500,-4.215
0.01218000,-4.189
0.01218500,-4.184
0.01219000,-4.170
0.01219500,-4.150
0.01220000,-4.163
0.01220500,-4.147
0.01221000,-4.126
0.01221500,-4.136
0.01222000,-4.097
0.01222500,-4.130
0.01223000,-4.084
0.01223500,-4.053
0.01224000,-4.042
0.01224500,-4.010
0.01225000,-4.003
0.01225500,-3.999
0.01226000,-3.986
0.01226500,-3.972
0.01227000,-3.945
0.01227500,-3.940
0.01228000,-3.932
0.01228500,-3.949
0.01229000,-3.910
0.01229500,-3.896
0.01230000,-3.856
0.01230500,-3.892
0.01231000,-3.862
0.01231500,-3.839
0.01232000,-3.826
0.01232500,-3.822
0.01233000,-3.800
0.01233500,-3.788
0.01234000,-3.756
0.01234500,-3.742
0.01235000,-3.719
0.01235500,-3.717
0.01236000,-3.703
0.01236500,-3.665
0.01237000,-3.644
0.01237500,-3.648
0.01238000,-3.626
0.01238500,-3.613
0.01239000,-3.601
0.01239500,-3.605
0.01240000,-3.575
0.01240500,-3.563
0.01241000,-3.540
0.01241500,-3.519
0.01242000,-3.515
0.01242500,-3.493
0.01243000,-3.479
0.01243500,-3.446
0.01244000,-3.426
0.01244500,-3.407
0.01245000,-3.418
0.01245500,-3.406
0.01246000,-3.387
0.01246500,-3.370
0.01247000,-3.350
0.01247500,-3.305
0.01248000,-3.313
0.01248500,-3.282
0.01249000,-3.269
0.01249500,-3.277
0.01250000,-3.238
0.01250500,-3.242
0.01251000,-3.239
0.01251500,-3.205
0.01252000,-3.179
0.01252500,-3.185
0.01253000,-3.158
0.01253500,-3.124
0.01254000,-3.127
0.01254500,-3.100
0.01255000,-3.099
0.01255500,-3.093
0.01256000,-3.057
0.01256500,-3.046
0.01257000,-3.008
0.01257500,-2.980
0.01258000,-2.974
0.01258500,-2.961
0.01259000,-2.914
0.01259500,-2.915
0.01260000,-2.902
0.01260500,-2.860
0.01261000,-2.857
0.01261500,-2.826
0.01262000,-2.831
0.01262500,-2.816
0.01263000,-2.780
0.01263500,-2.772
0.01264000,-2.749
0.01264500,-2.733
0.01265000,-2.691
0.01265500,-2.684
0.01266000,-2.691
0.01266500,-2.656
0.01267000,-2.630
0.01267500,-2.604
0.01268000,-2.591
0.01268500,-2.572
0.01269000,-2.542
0.01269500,-2.484
0.01270000,-2.467
0.01270500,-2.410
0.01271000,-2.414
0.01271500,-2.386
0.01272000,-2.339
0.01272500,-2.339
0.01273000,-2.307
0.01273500,-2.291
0.01274000,-2.280
0.01274500,-2.247
0.01275000,-2.234
0.01275500,-2.180
0.01276000,-2.159
0.01276500,-2.116
0.01277000,-2.095
0.01277500,-2.065
0.01278000,-2.054
0.01278500,-2.048
0.01279000,-1.998
0.01279500,-2.013
0.01280000,-1.988
0.01280500,-1.945
0.01281000,-1.912
0.01281500,-1.907
0.01282000,-1.847
0.01282500,-1.823
0.01283000,-1.814
0.01283500,-1.790
0.01284000,-1.789
0.01284500,-1.758
0.01285000,-1.737
0.01285500,-1.719
0.01286000,-1.692
0.01286500,-1.657
0.01287000,-1.638
0.01287500,-1.638
0.01288000,-1.624
0.01288500,-1.605
0.01289000,-1.582
0.01289500,-1.547
0.01290000,-1.499
0.01290500,-1.485
0.01291000,-1.437
0.01291500,-1.403
0.01292000,-1.389
0.01292500,-1.366
0.01293000,-1.328
0.01293500,-1.305
0.01294000,-1.283
0.01294500,-1.254
0.01295000,-1.200
0.01295500,-1.180
0.01296000,-1.166
0.01296500,-1.126
0.01297000,-1.109
0.01297500,-1.099
0.01298000,-0.988
0.01298500,-0.887
0.01299000,-0.844
0.01299500,-0.820
0.01300000,-0.794
0.01300500,-0.765
0.01301000,-0.713
0.01301500,-0.709
0.01302000,-0.681
0.01302500,-0.701
0.01303000,-0.697
0.01303500,-0.660
0.01304000,-0.665
0.01304500,-0.646
0.01305000,-0.623
0.01305500,-0.607
0.01306000,-0.610
0.01306500,-0.576
0.01307000,-0.560
0.01307500,-0.562
0.01308000,-0.554
0.01308500,-0.548
0.01309000,-0.530
0.01309500,-0.525
0.01310000,-0.524
0.01310500,-0.531
0.01311000,-0.497
0.01311500,-0.505
0.01312000,-0.479
0.01312500,-0.465
0.01313000,-0.457
0.01313500,-0.461
0.01314000,-0.440
0.01314500,-0.428
0.01315000,-0.408
0.01315500,-0.324
0.01316000,-0.259
0.01316500,-0.269
0.01317000,-0.269
0.01317500,-0.273
0.01318000,-0.236
0.01318500,-0.256
0.01319000,-0.242
0.01319500,-0.238
0.01320000,-0.259
0.01320500,-0.269
0.01321000,-0.265
0.01321500,-0.259
0.01322000,-0.267
0.01322500,-0.249
0.01323000,-0.244
0.01323500,-0.243
0.01324000,-0.255
0.01324500,-0.243
0.01325000,-0.261
0.01325500,-0.228
0.01326000,-0.249
0.01326500,-0.265
0.01327000,-0.240
0.01327500,-0.244
0.01328000,-0.228
0.01328500,-0.230
0.01329000,-0.228
0.01329500,-0.248
0.01330000,-0.253
0.01330500,-0.245
0.01331000,-0.250
0.01331500,-0.252
0.01332000,-0.237
0.01332500,-0.246
0.01333000,-0.250
0.01333500,-0.259
0.01334000,-0.247
0.01334500,-0.242
0.01335000,-0.259
0.01335500,-0.244
0.01336000,-0.242
0.01336500,-0.238
0.01337000,-0.254
0.01337500,-0.246
0.01338000,-0.244
0.01338500,-0.234
0.01339000,-0.250
0.01339500,-0.242
0.01340000,-0.248
0.01340500,-0.262
0.01341000,-0.262
0.01341500,-0.263
0.01342000,-0.251
0.01342500,-0.254
0.01343000,-0.256
0.01343500,-0.245
0.01344000,-0.250
0.01344500,-0.245
0.01345000,-0.253
0.01345500,-0.255
0.01346000,-0.254
0.01346500,-0.255
0.01347000,-0.262
0.01347500,-0.247
0.01348000,-0.264
0.01348500,-0.277
0.01349000,-0.263
0.01349500,-0.260
0.01350000,-0.252
0.01350500,-0.274
0.01351000,-0.281
0.01351500,-0.277
0.01352000,-0.258
0.01352500,-0.242
0.01353000,-0.247
0.01353500,-0.239
0.01354000,-0.245
0.01354500,-0.221
0.01355000,-0.242
0.01355500,-0.238
0.01356000,-0.247
0.01356500,-0.251
0.01357000,-0.262
0.01357500,-0.259
0.01358000,-0.256
0.01358500,-0.248
0.01359000,-0.257
0.01359500,-0.232
0.01360000,-0.237
0.01360500,-0.245
0.01361000,-0.258
0.01361500,-0.261
0.01362000,-0.245
0.01362500,-0.252
0.01363000,-0.249
0.01363500,-0.242
0.01364000,-0.251
0.01364500,-0.245
0.01365000,-0.253
0.01365500,-0.255
0.01366000,-0.246
0.01366500,-0.265
0.01367000,-0.255
0.01367500,-0.253
0.01368000,-0.249
0.01368500,-0.240
0.01369000,-0.257
0.01369500,-0.251
0.01370000,-0.247
0.01370500,-0.264
0.01371000,-0.266
0.01371500,-0.253
0.01372000,-0.239
0.01372500,-0.227
0.01373000,-0.232
0.01373500,-0.245
0.01374000,-0.246
0.01374500,-0.267
0.01375000,-0.263
0.01375500,-0.254
0.01376000,-0.275
0.01376500,-0.250
0.01377000,-0.248
0.01377500,-0.230
0.01378000,-0.232
0.01378500,-0.225
0.01379000,-0.238
0.01379500,-0.240
0.01380000,-0.259
0.01380500,-0.250
0.01381000,-0.243
0.01381500,-0.243
0.01382000,-0.219
0.01382500,-0.257
0.01383000,-0.250
0.01383500,-0.262
0.01384000,-0.250
0.01384500,-0.249
0.01385000,-0.267
0.01385500,-0.259
0.01386000,-0.221
0.01386500,-0.253
0.01387000,-0.268
0.01387500,-0.232
0.01388000,-0.264
0.01388500,-0.263
0.01389000,-0.254
0.01389500,-0.256
0.01390000,-0.242
0.01390500,-0.259
0.01391000,-0.268
0.01391500,-0.229
0.01392000,-0.253
0.01392500,-0.254
0.01393000,-0.255
0.01393500,-0.249
0.01394000,-0.246
0.01394500,-0.255
0.01395000,-0.261
0.01395500,-0.248
0.01396000,-0.254
0.01396500,-0.257
0.01397000,-0.253
0.01397500,-0.257
0.01398000,-0.275
0.01398500,-0.255
0.01399000,-0.258
0.01399500,-0.245
0.01400000,-0.253
0.01400500,-0.235
0.01401000,-0.255
0.01401500,-0.248
0.01402000,-0.244
0.01402500,-0.266
0.01403000,-0.254
0.01403500,-0.263
0.01404000,-0.271
0.01404500,-0.264
0.01405000,-0.248
0.01405500,-0.258
0.01406000,-0.265
0.01406500,-0.238
0.01407000,-0.238
0.01407500,-0.268
0.01408000,-0.273
0.01408500,-0.273
0.01409000,-0.250
0.01409500,-0.270
0.01410000,-0.271
0.01410500,-0.273
0.01411000,-0.259
0.01411500,-0.250
0.01412000,-0.242
0.01412500,-0.251
0.01413000,-0.259
0.01413500,-0.252
0.01414000,-0.263
0.01414500,-0.254
0.01415000,-0.263
0.01415500,-0.263
0.01416000,-0.255
0.01416500,-0.252
0.01417000,-0.253
0.01417500,-0.242
0.01418000,-0.248
0.01418500,-0.224
0.01419000,-0.237
0.01419500,-0.250
0.01420000,-0.262
0.01420500,-0.242
0.01421000,-0.271
0.01421500,-0.262
0.01422000,-0.269
0.01422500,-0.254
0.01423000,-0.242
0.01423500,-0.247
0.01424000,-0.237
0.01424500,-0.249
0.01425000,-0.263
0.01425500,-0.260
0.01426000,-0.160
0.01426500,0.133
0.01427000,0.385
0.01427500,0.589
0.01428000,0.690
0.01428500,0.805
0.01429000,0.847
0.01429500,1.042
0.01430000,1.228
0.01430500,1.422
0.01431000,1.552
0.01431500,1.690
0.01432000,1.788
0.01432500,1.871
0.01433000,1.964
0.01433500,2.063
0.01434000,2.144
0.01434500,2.234
0.01435000,2.336
0.01435500,2.394
0.01436000,2.437
0.01436500,2.513
0.01437000,2.549
0.01437500,2.604
0.01438000,2.607
0.01438500,2.663
0.01439000,2.701
0.01439500,2.771
0.01440000,2.780
0.01440500,2.824
0.01441000,2.859
0.01441500,2.871
0.01442000,2.903
0.01442500,2.940
0.01443000,2.976
0.01443500,2.983
0.01444000,3.037
0.01444500,3.048
0.01445000,3.071
0.01445500,3.095
0.01446000,3.114
0.01446500,3.136
0.01447000,3.147
0.01447500,3.171
0.01448000,3.193
0.01448500,3.241
0.01449000,3.231
0.01449500,3.267
0.01450000,3.290
0.01450500,3.317
0.01451000,3.322
0.01451500,3.360
0.01452000,3.355
0.01452500,3.412
0.01453000,3.391
0.01453500,3.420
0.01454000,3.470
0.01454500,3.470
0.01455000,3.458
0.01455500,3.506
0.01456000,3.505
0.01456500,3.533
0.01457000,3.531
0.01457500,3.556
0.01458000,3.604
0.01458500,3.597
0.01459000,3.604
0.01459500,3.629
0.01460000,3.677
0.01460500,3.679
0.01461000,3.693
0.01461500,3.715
0.01462000,3.731
0.01462500,3.748
0.01463000,3.787
0.01463500,3.793
0.01464000,3.814
0.01464500,3.828
0.01465000,3.851
0.01465500,3.853
0.01466000,3.899
0.01466500,3.891
0.01467000,3.905
0.01467500,3.940
0.01468000,3.949
0.01468500,3.957
0.01469000,3.996
0.01469500,4.003
0.01470000,4.004
0.01470500,4.024
0.01471000,4.047
0.01471500,4.066
0.01472000,4.085
0.01472500,4.092
0.01473000,4.116
0.01473500,4.140
0.01474000,4.139
0.01474500,4.156
0.01475000,4.185
0.01475500,4.168
0.01476000,4.198
0.01476500,4.209
0.01477000,4.218
0.01477500,4.239
0.01478000,4.262
0.01478500,4.278
0.01479000,4.291
0.01479500,4.309
0.01480000,4.309
0.01480500,4.355
0.01481000,4.357
0.01481500,4.364
0.01482000,4.360
0.01482500,4.394
0.01483000,4.390
0.01483500,4.427
0.01484000,4.420
0.01484500,4.438
0.01485000,4.482
0.01485500,4.488
0.01486000,4.493
0.01486500,4.526
0.01487000,4.560
0.01487500,4.565
0.01488000,4.608
0.01488500,4.614
0.01489000,4.604
0.01489500,4.626
0.01490000,4.651
0.01490500,4.671
0.01491000,4.671
0.01491500,4.680
0.01492000,4.723
0.01492500,4.722
0.01493000,4.739
0.01493500,4.739
0.01494000,4.752
0.01494500,4.758
0.01495000,4.778
0.01495500,4.794
0.01496000,4.816
0.01496500,4.822
0.01497000,4.851
0.01497500,4.860
0.01498000,4.877
0.01498500,4.899
0.01499000,4.911
0.01499500,4.947
0.01500000,4.947
0.01500500,4.947
0.01501000,4.971
0.01501500,4.976
0.01502000,5.022
0.01502500,5.026
0.01503000,5.010
0.01503500,5.027
0.01504000,5.056
0.01504500,5.064
0.01505000,5.054
0.01505500,5.075
0.01506000,5.116
0.01506500,5.130
0.01507000,5.135
0.01507500,5.162
0.01508000,5.156
0.01508500,5.190
0.01509000,5.209
0.01509500,5.248
0.01510000,5.245
0.01510500,5.255
0.01511000,5.270
0.01511500,5.295
0.01512000,5.307
0.01512500,5.290
0.01513000,5.309
0.01513500,5.333
0.01514000,5.342
0.01514500,5.345
0.01515000,5.348
0.01515500,5.381
0.01516000,5.381
0.01516500,5.403
0.01517000,5.423
0.01517500,5.446
0.01518000,5.455
0.01518500,5.459
0.01519000,5.469
0.01519500,5.503
0.01520000,5.503
0.01520500,5.528
0.01521000,5.546
0.01521500,5.543
0.01522000,5.547
0.01522500,5.575
0.01523000,5.583
0.01523500,5.606
0.01524000,5.644
0.01524500,5.645
0.01525000,5.655
0.01525500,5.674
0.01526000,5.666
0.01526500,5.666
0.01527000,5.699
0.01527500,5.703
0.01528000,5.721
0.01528500,5.739
0.01529000,5.781
0.01529500,5.818
0.01530000,5.793
0.01530500,5.791
0.01531000,5.797
0.01531500,5.792
0.01532000,5.814
0.01532500,5.845
0.01533000,5.858
0.01533500,5.862
0.01534000,5.859
0.01534500,5.859
0.01535000,5.892
0.01535500,5.912
0.01536000,5.935
0.01536500,5.941
0.01537000,5.938
0.01537500,5.966
0.01538000,5.949
0.01538500,5.973
0.01539000,5.972
0.01539500,5.977
0.01540000,6.015
0.01540500,5.997
0.01541000,6.014
0.01541500,6.026
0.01542000,6.022
0.01542500,6.038
0.01543000,6.048
0.01543500,6.065
0.01544000,6.071
0.01544500,6.075
0.01545000,6.084
0.01545500,6.111
0.01546000,6.135
0.01546500,6.148
0.01547000,6.162
0.01547500,6.170
0.01548000,6.186
0.01548500,6.208
0.01549000,6.196
0.01549500,6.194
0.01550000,6.204
0.01550500,6.243
0.01551000,6.240
0.01551500,6.234
0.01552000,6.273
0.01552500,6.252
0.01553000,6.275
0.01553500,6.286
0.01554000,6.303
0.01554500,6.320
0.01555000,6.331
0.01555500,6.325
0.01556000,6.355
0.01556500,6.373
0.01557000,6.347
0.01557500,6.350
0.01558000,6.378
0.01558500,6.380
0.01559000,6.395
0.01559500,6.384
0.01560000,6.412
0.01560500,6.415
0.01561000,6.442
0.01561500,6.450
0.01562000,6.477
0.01562500,6.461
0.01563000,6.475
0.01563500,6.501
0.01564000,6.501
0.01564500,6.510
0.01565000,6.532
0.01565500,6.542
0.01566000,6.549
0.01566500,6.582
0.01567000,6.582
0.01567500,6.571
0.01568000,6.570
0.01568500,6.603
0.01569000,6.612
0.01569500,6.610
0.01570000,6.659
0.01570500,6.665
0.01571000,6.689
0.01571500,6.689
0.01572000,6.680
0.01572500,6.697
0.01573000,6.717
0.01573500,6.730
0.01574000,6.750
0.01574500,6.747
0.01575000,6.764
0.01575500,6.767
0.01576000,6.777
0.01576500,6.784
0.01577000,6.798
0.01577500,6.832
0.01578000,6.833
0.01578500,6.843
0.01579000,6.856
0.01579500,6.886
0.01580000,6.920
0.01580500,6.935
0.01581000,6.919
0.01581500,6.913
0.01582000,6.912
0.01582500,6.930
0.01583000,6.950
0.01583500,6.985
0.01584000,7.007
0.01584500,7.002
0.01585000,7.044
0.01585500,7.049
0.01586000,7.061
0.01586500,7.072
0.01587000,7.077
0.01587500,7.105
0.01588000,7.103
0.01588500,7.099
0.01589000,7.096
0.01589500,7.135
0.01590000,7.156
0.01590500,7.156
0.01591000,7.182
0.01591500,7.192
0.01592000,7.212
0.01592500,7.217
0.01593000,7.216
0.01593500,7.230
0.01594000,7.264
0.01594500,7.264
0.01595000,7.264
0.01595500,7.271
0.01596000,7.292
0.01596500,7.305
0.01597000,7.324
0.01597500,7.345
0.01598000,7.356
0.01598500,7.390
0.01599000,7.405
0.01599500,7.385
0.01600000,7.405
0.01600500,7.439
0.01601000,7.450
0.01601500,7.455
0.01602000,7.455
0.01602500,7.483
0.01603000,7.487
0.01603500,7.516
0.01604000,7.529
0.01604500,7.541
0.01605000,7.556
0.01605500,7.582
0.01606000,7.570
0.01606500,7.596
0.01607000,7.624
0.01607500,7.628
0.01608000,7.635
0.01608500,7.654
0.01609000,7.666
0.01609500,7.680
0.01610000,7.669
0.01610500,7.706
0.01611000,7.712
0.01611500,7.734
0.01612000,7.749
0.01612500,7.773
0.01613000,7.788
0.01613500,7.796
0.01614000,7.775
0.01614500,7.794
0.01615000,7.814
0.01615500,7.810
0.01616000,7.808
0.01616500,7.822
0.01617000,7.864
0.01617500,7.854
0.01618000,7.863
0.01618500,7.877
0.01619000,7.887
0.01619500,7.924
0.01620000,7.937
0.01620500,7.953
0.01621000,7.964
0.01621500,7.967
0.01622000,7.982
0.01622500,7.977
0.01623000,7.980
0.01623500,7.990
0.01624000,8.004
0.01624500,8.042
0.01625000,8.039
0.01625500,8.051
0.01626000,8.039
0.01626500,8.042
0.01627000,8.083
0.01627500,8.095
0.01628000,8.097
0.01628500,8.084
0.01629000,8.101
0.01629500,8.127
0.01630000,8.184
0.01630500,8.176
0.01631000,8.167
0.01631500,8.163
0.01632000,8.199
0.01632500,8.208
0.01633000,8.183
0.01633500,8.219
0.01634000,8.240
0.01634500,8.219
0.01635000,8.243
0.01635500,8.265
0.01636000,8.265
0.01636500,8.296
0.01637000,8.305
0.01637500,8.321
0.01638000,8.319
0.01638500,8.339
0.01639000,8.328
0.01639500,8.324
0.01640000,8.373
0.01640500,8.387
0.01641000,8.401
0.01641500,8.399
0.01642000,8.414
0.01642500,8.434
0.01643000,8.441
0.01643500,8.422
0.01644000,8.446
0.01644500,8.494
0.01645000,8.494
0.01645500,8.508
0.01646000,8.500
0.01646500,8.508
0.01647000,8.539
0.01647500,8.540
0.01648000,8.560
0.01648500,8.572
0.01649000,8.546
0.01649500,8.578
0.01650000,8.584
0.01650500,8.610
0.01651000,8.633
0.01651500,8.646
0.01652000,8.671
0.01652500,8.663
0.01653000,8.663
0.01653500,8.690
0.01654000,8.688
0.01654500,8.699
0.01655000,8.738
0.01655500,8.732
0.01656000,8.748
0.01656500,8.753
0.01657000,8.797
0.01657500,8.804
0.01658000,8.807
0.01658500,8.822
0.01659000,8.830
0.01659500,8.819
0.01660000,8.837
0.01660500,8.831
0.01661000,8.857
0.01661500,8.877
0.01662000,8.904
0.01662500,8.904
0.01663000,8.920
0.01663500,8.939
0.01664000,8.955
0.01664500,8.957
0.01665000,8.960
0.01665500,8.959
0.01666000,8.985
0.01666500,9.001
0.01667000,9.007
0.01667500,9.044
0.01668000,9.038
0.01668500,9.067
0.01669000,9.095
0.01669500,9.088
0.01670000,9.110
0.01670500,9.110
0.01671000,9.105
0.01671500,9.123
0.01672000,9.156
0.01672500,9.138
0.01673000,9.168
0.01673500,9.175
0.01674000,9.183
0.01674500,9.201
0.01675000,9.220
0.01675500,9.216
0.01676000,9.226
0.01676500,9.230
0.01677000,9.239
0.01677500,9.260
0.01678000,9.269
0.01678500,9.283
0.01679000,9.310
0.01679500,9.312
0.01680000,9.317
0.01680500,9.307
0.01681000,9.312
0.01681500,9.330
0.01682000,9.354
0.01682500,9.366
0.01683000,9.401
0.01683500,9.404
0.01684000,9.419
0.01684500,9.417
0.01685000,9.428
0.01685500,9.441
0.01686000,9.455
0.01686500,9.460
0.01687000,9.476
0.01687500,9.482
0.01688000,9.527
0.01688500,9.533
0.01689000,9.555
0.01689500,9.566
0.01690000,9.574
0.01690500,9.558
0.01691000,9.594
0.01691500,9.595
0.01692000,9.588
0.01692500,9.623
0.01693000,9.646
0.01693500,9.657
0.01694000,9.648
0.01694500,9.689
0.01695000,9.676
0.01695500,9.691
0.01696000,9.714
0.01696500,9.727
0.01697000,9.728
0.01697500,9.724
0.01698000,9.750
0.01698500,9.771
0.01699000,9.768
0.01699500,9.812
0.01700000,9.814
0.01700500,9.807
0.01701000,9.816
0.01701500,9.854
0.01702000,9.852
0.01702500,9.858
0.01703000,9.883
0.01703500,9.884
0.01704000,9.885
0.01704500,9.927
0.01705000,9.938
0.01705500,9.962
0.01706000,9.960
0.01706500,9.962
0.01707000,9.974
0.01707500,9.988
0.01708000,9.991
0.01708500,10.036
0.01709000,10.021
0.01709500,10.004
0.01710000,10.040
0.01710500,10.041
0.01711000,10.098
0.01711500,10.086
0.01712000,10.113
0.01712500,10.114
0.01713000,10.111
0.01713500,10.121
0.01714000,10.129
0.01714500,10.158
0.01715000,10.154
0.01715500,10.185
0.01716000,10.193
0.01716500,10.191
0.01717000,10.224
0.01717500,10.206
0.01718000,10.222
0.01718500,10.222
0.01719000,10.254
0.01719500,10.259
0.01720000,10.268
0.01720500,10.271
0.01721000,10.277
0.01721500,10.312
0.01722000,10.311
0.01722500,10.332
0.01723000,10.339
0.01723500,10.364
0.01724000,10.368
0.01724500,10.347
0.01725000,10.358
0.01725500,10.381
0.01726000,10.394
0.01726500,10.421
0.01727000,10.423
0.01727500,10.418
0.01728000,10.434
0.01728500,10.425
0.01729000,10.451
0.01729500,10.463
0.01730000,10.507
0.01730500,10.472
0.01731000,10.463
0.01731500,10.471
0.01732000,10.486
0.01732500,10.515
0.01733000,10.520
0.01733500,10.531
0.01734000,10.539
0.01734500,10.549
0.01735000,10.548
0.01735500,10.547
0.01736000,10.549
0.01736500,10.572
0.01737000,10.581
0.01737500,10.604
0.01738000,10.612
0.01738500,10.597
0.01739000,10.586
0.01739500,10.621
0.01740000,10.638
0.01740500,10.636
0.01741000,10.627
0.01741500,10.638
0.01742000,10.643
0.01742500,10.653
0.01743000,10.665
0.01743500,10.674
0.01744000,10.702
0.01744500,10.683
0.01745000,10.707
0.01745500,10.707
0.01746000,10.708
0.01746500,10.723
0.01747000,10.731
0.01747500,10.730
0.01748000,10.745
0.01748500,10.754
0.01749000,10.762
0.01749500,10.767
0.01750000,10.787
0.01750500,10.777
0.01751000,10.802
0.01751500,10.806
0.01752000,10.790
0.01752500,10.813
0.01753000,10.819
0.01753500,10.836
0.01754000,10.817
0.01754500,10.846
0.01755000,10.865
0.01755500,10.846
0.01756000,10.858
0.01756500,10.875
0.01757000,10.861
0.01757500,10.873
0.01758000,10.890
0.01758500,10.897
0.01759000,10.923
0.01759500,10.921
0.01760000,10.916
0.01760500,10.913
0.01761000,10.910
0.01761500,10.909
0.01762000,10.912
0.01762500,10.923
0.01763000,10.943
0.01763500,10.961
0.01764000,10.936
0.01764500,10.957
0.01765000,10.923
0.01765500,10.928
0.01766000,10.953
0.01766500,10.973
0.01767000,10.968
0.01767500,10.987
0.01768000,10.956
0.01768500,10.967
0.01769000,10.940
0.01769500,10.981
0.01770000,10.960
0.01770500,10.988
0.01771000,10.960
0.01771500,10.958
0.01772000,10.975
0.01772500,10.980
0.01773000,11.017
0.01773500,11.012
0.01774000,11.006
0.01774500,11.022
0.01775000,11.034
0.01775500,11.017
0.01776000,11.016
0.01776500,11.019
0.01777000,11.012
0.01777500,11.016
0.01778000,11.017
0.01778500,11.008
0.01779000,11.037
0.01779500,11.028
0.01780000,11.034
0.01780500,11.041
0.01781000,11.024
0.01781500,11.026
0.01782000,11.040
0.01782500,11.044
0.01783000,11.040
0.01783500,11.038
0.01784000,11.069
0.01784500,11.064
0.01785000,11.061
0.01785500,11.055
0.01786000,11.068
0.01786500,11.049
0.01787000,11.076
0.01787500,11.074
0.01788000,11.075
0.01788500,11.053
0.01789000,11.074
0.01789500,11.073
0.01790000,11.062
0.01790500,11.050
0.01791000,11.075
0.01791500,11.069
0.01792000,11.081
0.01792500,11.075
0.01793000,11.065
0.01793500,11.067
0.01794000,11.063
0.01794500,11.060
0.01795000,11.065
0.01795500,11.073
0.01796000,11.087
0.01796500,11.063
0.01797000,11.050
0.01797500,11.072
0.01798000,11.054
0.01798500,11.077
0.01799000,11.066
0.01799500,11.090
0.01800000,11.059
0.01800500,11.084
0.01801000,11.103
0.01801500,11.083
0.01802000,11.105
0.01802500,11.087
0.01803000,11.084
0.01803500,11.083
0.01804000,11.103
0.01804500,11.099
0.01805000,11.103
0.01805500,11.096
0.01806000,11.100
0.01806500,11.102
0.01807000,11.111
0.01807500,11.082
0.01808000,11.072
0.01808500,11.101
0.01809000,11.100
0.01809500,11.095
0.01810000,11.098
0.01810500,11.094
0.01811000,11.111
0.01811500,11.121
0.01812000,11.127
0.01812500,11.128
0.01813000,11.132
0.01813500,11.137
0.01814000,11.130
0.01814500,11.128
0.01815000,11.141
0.01815500,11.127
0.01816000,11.118
0.01816500,11.125
0.01817000,11.143
0.01817500,11.125
0.01818000,11.129
0.01818500,11.132
0.01819000,11.111
0.01819500,11.108
0.01820000,11.091
0.01820500,11.123
0.01821000,11.158
0.01821500,11.148
0.01822000,11.126
0.01822500,11.146
0.01823000,11.157
0.01823500,11.151
0.01824000,11.149
0.01824500,11.138
0.01825000,11.152
0.01825500,11.164
0.01826000,11.150
0.01826500,11.140
0.01827000,11.164
0.01827500,11.155
0.01828000,11.164
0.01828500,11.154
0.01829000,11.152
0.01829500,11.125
0.01830000,11.127
0.01830500,11.148
0.01831000,11.154
0.01831500,11.182
0.01832000,11.150
0.01832500,11.162
0.01833000,11.165
0.01833500,11.162
0.01834000,11.149
0.01834500,11.162
0.01835000,11.166
0.01835500,11.170
0.01836000,11.152
0.01836500,11.131
0.01837000,11.164
0.01837500,11.188
0.01838000,11.168
0.01838500,11.165
0.01839000,11.163
0.01839500,11.156
0.01840000,11.148
0.01840500,11.158
0.01841000,11.160
0.01841500,11.169
0.01842000,11.164
0.01842500,11.176
0.01843000,11.186
0.01843500,11.186
0.01844000,11.199
0.01844500,11.181
0.01845000,11.208
0.01845500,11.213
0.01846000,11.204
0.01846500,11.218
0.01847000,11.216
0.01847500,11.187
0.01848000,11.215
0.01848500,11.197
0.01849000,11.170
0.01849500,11.159
0.01850000,11.196
0.01850500,11.182
0.01851000,11.189
0.01851500,11.173
0.01852000,11.178
0.01852500,11.182
0.01853000,11.190
0.01853500,11.187
0.01854000,11.184
0.01854500,11.190
0.01855000,11.180
0.01855500,11.180
0.01856000,11.192
0.01856500,11.184
0.01857000,11.184
0.01857500,11.175
0.01858000,11.180
0.01858500,11.180
0.01859000,11.182
0.01859500,11.189
0.01860000,11.182
0.01860500,11.193
0.01861000,11.192
0.01861500,11.178
0.01862000,11.185
0.01862500,11.185
0.01863000,11.205
0.01863500,11.196
0.01864000,11.209
0.01864500,11.198
0.01865000,11.188
0.01865500,11.198
0.01866000,11.200
0.01866500,11.203
0.01867000,11.215
0.01867500,11.207
0.01868000,11.213
0.01868500,11.216
0.01869000,11.223
0.01869500,11.202
0.01870000,11.210
0.01870500,11.204
0.01871000,11.217
0.01871500,11.207
0.01872000,11.188
0.01872500,11.216
0.01873000,11.211
0.01873500,11.200
0.01874000,11.210
0.01874500,11.214
0.01875000,11.221
0.01875500,11.200
0.01876000,11.207
0.01876500,11.225
0.01877000,11.216
0.01877500,11.204
0.01878000,11.212
0.01878500,11.217
0.01879000,11.207
0.01879500,11.213
0.01880000,11.229
0.01880500,11.213
0.01881000,11.207
0.01881500,11.196
0.01882000,11.205
0.01882500,11.200
0.01883000,11.198
0.01883500,11.208
0.01884000,11.224
0.01884500,11.213
0.01885000,11.226
0.01885500,11.216
0.01886000,11.226
0.01886500,11.227
0.01887000,11.227
0.01887500,11.225
0.01888000,11.206
0.01888500,11.218
0.01889000,11.235
0.01889500,11.231
0.01890000,11.231
0.01890500,11.220
0.01891000,11.229
0.01891500,11.231
0.01892000,11.244
0.01892500,11.259
0.01893000,11.236
0.01893500,11.222
0.01894000,11.227
0.01894500,11.229
0.01895000,11.239
0.01895500,11.212
0.01896000,11.253
0.01896500,11.259
0.01897000,11.252
0.01897500,11.237
0.01898000,11.250
0.01898500,11.244
0.01899000,11.248
0.01899500,11.236
0.01900000,11.234
0.01900500,11.230
0.01901000,11.227
0.01901500,11.244
0.01902000,11.226
0.01902500,11.218
0.01903000,11.240
0.01903500,11.265
0.01904000,11.243
0.01904500,11.254
0.01905000,11.242
0.01905500,11.236
0.01906000,11.246
0.01906500,11.232
0.01907000,11.244
0.01907500,11.236
0.01908000,11.227
0.01908500,11.228
0.01909000,11.228
0.01909500,11.220
0.01910000,11.210
0.01910500,11.220
0.01911000,11.207
0.01911500,11.189
0.01912000,11.212
0.01912500,11.228
0.01913000,11.247
0.01913500,11.227
0.01914000,11.245
0.01914500,11.228
0.01915000,11.223
0.01915500,11.238
0.01916000,11.246
0.01916500,11.244
0.01917000,11.252
0.01917500,11.229
0.01918000,11.238
0.01918500,11.219
0.01919000,11.230
0.01919500,11.218
0.01920000,11.201
0.01920500,11.226
0.01921000,11.212
0.01921500,11.225
0.01922000,11.227
0.01922500,11.215
0.01923000,11.222
0.01923500,11.226
0.01924000,11.236
0.01924500,11.215
0.01925000,11.206
0.01925500,11.229
0.01926000,11.231
0.01926500,11.229
0.01927000,11.228
0.01927500,11.229
0.01928000,11.229
0.01928500,11.218
0.01929000,11.223
0.01929500,11.225
0.01930000,11.217
0.01930500,11.227
0.01931000,11.217
0.01931500,11.224
0.01932000,11.213
0.01932500,11.220
0.01933000,11.208
0.01933500,11.193
0.01934000,11.190
0.01934500,11.186
0.01935000,11.185
0.01935500,11.173
0.01936000,11.178
0.01936500,11.178
0.01937000,11.175
0.01937500,11.170
0.01938000,11.173
0.01938500,11.176
0.01939000,11.189
0.01939500,11.149
0.01940000,11.135
0.01940500,11.137
0.01941000,11.138
0.01941500,11.119
0.01942000,11.113
0.01942500,11.105
0.01943000,11.091
0.01943500,11.082
0.01944000,11.076
0.01944500,11.077
0.01945000,11.073
0.01945500,11.071
0.01946000,11.055
0.01946500,11.052
0.01947000,11.027
0.01947500,11.003
0.01948000,11.003
0.01948500,10.988
0.01949000,10.994
0.01949500,10.982
0.01950000,10.970
0.01950500,10.944
0.01951000,10.960
0.01951500,10.966
0.01952000,10.944
0.01952500,10.915
0.01953000,10.894
0.01953500,10.868
0.01954000,10.853
0.01954500,10.857
0.01955000,10.832
0.01955500,10.830
0.01956000,10.824
0.01956500,10.812
0.01957000,10.792
0.01957500,10.764
0.01958000,10.767
0.01958500,10.762
0.01959000,10.749
0.01959500,10.733
0.01960000,10.719
0.01960500,10.689
0.01961000,10.674
0.01961500,10.650
0.01962000,10.669
0.01962500,10.665
0.01963000,10.634
0.01963500,10.624
0.01964000,10.625
0.01964500,10.586
0.01965000,10.587
0.01965500,10.589
0.01966000,10.566
0.01966500,10.521
0.01967000,10.519
0.01967500,10.502
0.01968000,10.521
0.01968500,10.498
0.01969000,10.479
0.01969500,10.455
0.01970000,10.448
0.01970500,10.412
0.01971000,10.426
0.01971500,10.390
0.01972000,10.388
0.01972500,10.378
0.01973000,10.354
0.01973500,10.345
0.01974000,10.293
0.01974500,10.296
0.01975000,10.283
0.01975500,10.250
0.01976000,10.255
0.01976500,10.261
0.01977000,10.211
0.01977500,10.194
0.01978000,10.192
0.01978500,10.165
0.01979000,10.127
0.01979500,10.133
0.01980000,10.129
0.01980500,10.125
0.01981000,10.075
0.01981500,10.049
0.01982000,10.044
0.01982500,10.015
0.01983000,9.964
0.01983500,9.988
0.01984000,9.976
0.01984500,9.951
0.01985000,9.949
0.01985500,9.933
0.01986000,9.921
0.01986500,9.909
0.01987000,9.879
0.01987500,9.874
0.01988000,9.864
0.01988500,9.818
0.01989000,9.806
0.01989500,9.797
0.01990000,9.781
0.01990500,9.785
0.01991000,9.784
0.01991500,9.736
0.01992000,9.720
0.01992500,9.706
0.01993000,9.699
0.01993500,9.683
0.01994000,9.677
0.01994500,9.657
0.01995000,9.618
0.01995500,9.594
0.01996000,9.576
0.01996500,9.584
0.01997000,9.564
0.01997500,9.561
0.01998000,9.532
0.01998500,9.544
0.01999000,9.527
0.01999500,9.481
0.02000000,9.487
0.02000500,9.449
0.02001000,9.471
0.02001500,9.443
0.02002000,9.427
0.02002500,9.404
0.02003000,9.414
0.02003500,9.415
0.02004000,9.393
0.02004500,9.384
0.02005000,9.363
0.02005500,9.362
0.02006000,9.352
0.02006500,9.342
0.02007000,9.337
0.02007500,9.322
0.02008000,9.301
0.02008500,9.282
0.02009000,9.288
0.02009500,9.288
0.02010000,9.261
0.02010500,9.238
0.02011000,9.202
0.02011500,9.211
0.02012000,9.204
0.02012500,9.190
0.02013000,9.203
0.02013500,9.212
0.02014000,9.180
0.02014500,9.162
0.02015000,9.140
0.02015500,9.122
0.02016000,9.103
0.02016500,9.095
0.02017000,9.084
0.02017500,9.069
0.02018000,9.055
0.02018500,9.025
0.02019000,9.029
0.02019500,9.026
0.02020000,8.999
0.02020500,8.991
0.02021000,8.976
0.02021500,8.977
0.02022000,8.954
0.02022500,8.928
0.02023000,8.950
0.02023500,8.923
0.02024000,8.900
0.02024500,8.885
0.02025000,8.887
0.02025500,8.893
0.02026000,8.870
0.02026500,8.846
0.02027000,8.839
0.02027500,8.804
0.02028000,8.808
0.02028500,8.794
0.02029000,8.770
0.02029500,8.761
0.02030000,8.748
0.02030500,8.731
0.02031000,8.728
0.02031500,8.715
0.02032000,8.699
0.02032500,8.681
0.02033000,8.687
0.02033500,8.667
0.02034000,8.655
0.02034500,8.658
0.02035000,8.630
0.02035500,8.584
0.02036000,8.594
0.02036500,8.576
0.02037000,8.557
0.02037500,8.533
0.02038000,8.525
0.02038500,8.484
0.02039000,8.485
0.02039500,8.480
0.02040000,8.447
0.02040500,8.431
0.02041000,8.441
0.02041500,8.435
0.02042000,8.436
0.02042500,8.432
0.02043000,8.431
0.02043500,8.413
0.02044000,8.388
0.02044500,8.388
0.02045000,8.369
0.02045500,8.353
0.02046000,8.337
0.02046500,8.319
0.02047000,8.322
0.02047500,8.293
0.02048000,8.278
0.02048500,8.279
0.02049000,8.247
0.02049500,8.234
0.02050000,8.248
0.02050500,8.214
0.02051000,8.190
0.02051500,8.196
0.02052000,8.174
0.02052500,8.141
0.02053000,8.134
0.02053500,8.129
0.02054000,8.123
0.02054500,8.105
0.02055000,8.112
0.02055500,8.088
0.02056000,8.088
0.02056500,8.049
0.02057000,8.053
0.02057500,8.032
0.02058000,8.040
0.02058500,8.016
0.02059000,8.010
0.02059500,7.983
0.02060000,7.962
0.02060500,7.939
0.02061000,7.930
0.02061500,7.922
0.02062000,7.935
0.02062500,7.908
0.02063000,7.908
0.02063500,7.886
0.02064000,7.857
0.02064500,7.845
0.02065000,7.858
0.02065500,7.828
0.02066000,7.817
0.02066500,7.817
0.02067000,7.803
0.02067500,7.782
0.02068000,7.775
0.02068500,7.749
0.02069000,7.737
0.02069500,7.740
0.02070000,7.725
0.02070500,7.748
0.02071000,7.725
0.02071500,7.690
0.02072000,7.695
0.02072500,7.695
0.02073000,7.637
0.02073500,7.635
0.02074000,7.624
0.02074500,7.620
0.02075000,7.590
0.02075500,7.576
0.02076000,7.554
0.02076500,7.552
0.02077000,7.539
0.02077500,7.536
0.02078000,7.537
0.02078500,7.517
0.02079000,7.513
0.02079500,7.503
0.02080000,7.455
0.02080500,7.458
0.02081000,7.449
0.02081500,7.446
0.02082000,7.431
0.02082500,7.406
0.02083000,7.412
0.02083500,7.390
0.02084000,7.394
0.02084500,7.389
0.02085000,7.354
0.02085500,7.368
0.02086000,7.344
0.02086500,7.328
0.02087000,7.305
0.02087500,7.281
0.02088000,7.283
0.02088500,7.251
0.02089000,7.261
0.02089500,7.255
0.02090000,7.268
0.02090500,7.261
0.02091000,7.236
0.02091500,7.237
0.02092000,7.206
0.02092500,7.193
0.02093000,7.172
0.02093500,7.172
0.02094000,7.163
0.02094500,7.157
0.02095000,7.123
0.02095500,7.097
0.02096000,7.091
0.02096500,7.109
0.02097000,7.097
0.02097500,7.086
0.02098000,7.101
0.02098500,7.073
0.02099000,7.072
0.02099500,7.034
0.02100000,7.041
0.02100500,7.021
0.02101000,7.028
0.02101500,7.018
0.02102000,6.997
0.02102500,6.968
0.02103000,6.943
0.02103500,6.941
0.02104000,6.938
0.02104500,6.947
0.02105000,6.943
0.02105500,6.923
0.02106000,6.897
0.02106500,6.883
0.02107000,6.871
0.02107500,6.880
0.02108000,6.879
0.02108500,6.843
0.02109000,6.818
0.02109500,6.810
0.02110000,6.798
0.02110500,6.804
0.02111000,6.819
0.02111500,6.801
0.02112000,6.785
0.02112500,6.771
0.02113000,6.766
0.02113500,6.763
0.02114000,6.740
0.02114500,6.722
0.02115000,6.717
0.02115500,6.709
0.02116000,6.688
0.02116500,6.681
0.02117000,6.706
0.02117500,6.671
0.02118000,6.645
0.02118500,6.624
0.02119000,6.599
0.02119500,6.622
0.02120000,6.616
0.02120500,6.586
0.02121000,6.596
0.02121500,6.571
0.02122000,6.556
0.02122500,6.546
0.02123000,6.537
0.02123500,6.536
0.02124000,6.523
0.02124500,6.521
0.02125000,6.500
0.02125500,6.491
0.02126000,6.488
0.02126500,6.459
0.02127000,6.446
0.02127500,6.419
0.02128000,6.435
0.02128500,6.427
0.02129000,6.426
0.02129500,6.414
0.02130000,6.406
0.02130500,6.402
0.02131000,6.376
0.02131500,6.362
0.02132000,6.370
0.02132500,6.371
0.02133000,6.339
0.02133500,6.316
0.02134000,6.325
0.02134500,6.319
0.02135000,6.316
0.02135500,6.295
0.02136000,6.266
0.02136500,6.275
0.02137000,6.278
0.02137500,6.234
0.02138000,6.234
0.02138500,6.212
0.02139000,6.205
0.02139500,6.205
0.02140000,6.192
0.02140500,6.169
0.02141000,6.168
0.02141500,6.135
0.02142000,6.148
0.02142500,6.122
0.02143000,6.112
0.02143500,6.114
0.02144000,6.098
0.02144500,6.085
0.02145000,6.095
0.02145500,6.061
0.02146000,6.059
0.02146500,6.050
0.02147000,6.025
0.02147500,6.031
0.02148000,6.016
0.02148500,6.002
0.02149000,6.017
0.02149500,5.988
0.02150000,5.961
0.02150500,5.980
0.02151000,5.949
0.02151500,5.933
0.02152000,5.928
0.02152500,5.923
0.02153000,5.909
0.02153500,5.921
0.02154000,5.892
0.02154500,5.870
0.02155000,5.864
0.02155500,5.859
0.02156000,5.845
0.02156500,5.831
0.02157000,5.794
0.02157500,5.791
0.02158000,5.797
0.02158500,5.781
0.02159000,5.777
0.02159500,5.782
0.02160000,5.758
0.02160500,5.729
0.02161000,5.715
0.02161500,5.699
0.02162000,5.701
0.02162500,5.674
0.02163000,5.688
0.02163500,5.680
0.02164000,5.659
0.02164500,5.647
0.02165000,5.649
0.02165500,5.601
0.02166000,5.570
0.02166500,5.591
0.02167000,5.588
0.02167500,5.584
0.02168000,5.523
0.02168500,5.504
0.02169000,5.519
0.02169500,5.482
0.02170000,5.491
0.02170500,5.446
0.02171000,5.460
0.02171500,5.432
0.02172000,5.426
0.02172500,5.426
0.02173000,5.406
0.02173500,5.388
0.02174000,5.383
0.02174500,5.368
0.02175000,5.329
0.02175500,5.319
0.02176000,5.295
0.02176500,5.287
0.02177000,5.277
0.02177500,5.265
0.02178000,5.247
0.02178500,5.244
0.02179000,5.224
0.02179500,5.210
0.02180000,5.195
0.02180500,5.177
0.02181000,5.147
0.02181500,5.121
0.02182000,5.116
0.02182500,5.095
0.02183000,5.080
0.02183500,5.056
0.02184000,5.036
0.02184500,5.015
0.02185000,5.031
0.02185500,4.976
0.02186000,4.971
0.02186500,4.967
0.02187000,4.939
0.02187500,4.907
0.02188000,4.898
0.02188500,4.887
0.02189000,4.891
0.02189500,4.860
0.02190000,4.839
0.02190500,4.828
0.02191000,4.811
0.02191500,4.808
0.02192000,4.789
0.02192500,4.772
0.02193000,4.748
0.02193500,4.732
0.02194000,4.706
0.02194500,4.679
0.02195000,4.677
0.02195500,4.675
0.02196000,4.648
0.02196500,4.606
0.02197000,4.634
0.02197500,4.610
0.02198000,4.571
0.02198500,4.542
0.02199000,4.537
0.02199500,4.511
0.02200000,4.495
0.02200500,4.486
0.02201000,4.477
0.02201500,4.463
0.02202000,4.444
0.02202500,4.415
0.02203000,4.401
0.02203500,4.375
0.02204000,4.380
0.02204500,4.352
0.02205000,4.329
0.02205500,4.307
0.02206000,4.311
0.02206500,4.290
0.02207000,4.279
0.02207500,4.264
0.02208000,4.247
0.02208500,4.231
0.02209000,4.201
0.02209500,4.181
0.02210000,4.182
0.02210500,4.168
0.02211000,4.166
0.02211500,4.133
0.02212000,4.132
0.02212500,4.117
0.02213000,4.118
0.02213500,4.114
0.02214000,4.050
0.02214500,4.050
0.02215000,4.047
0.02215500,4.004
0.02216000,4.022
0.02216500,4.009
0.02217000,3.975
0.02217500,3.946
0.02218000,3.952
0.02218500,3.949
0.02219000,3.932
0.02219500,3.899
0.02220000,3.896
0.02220500,3.889
0.02221000,3.861
0.02221500,3.836
0.02222000,3.815
0.02222500,3.804
0.02223000,3.794
0.02223500,3.767
0.02224000,3.784
0.02224500,3.759
0.02225000,3.741
0.02225500,3.732
0.02226000,3.698
0.02226500,3.695
0.02227000,3.683
0.02227500,3.667
0.02228000,3.652
0.02228500,3.649
0.02229000,3.602
0.02229500,3.580
0.02230000,3.577
0.02230500,3.568
0.02231000,3.550
0.02231500,3.555
0.02232000,3.531
0.02232500,3.524
0.02233000,3.511
0.02233500,3.509
0.02234000,3.459
0.02234500,3.453
0.02235000,3.442
0.02235500,3.428
0.02236000,3.407
0.02236500,3.392
0.02237000,3.366
0.02237500,3.357
0.02238000,3.352
0.02238500,3.337
0.02239000,3.311
0.02239500,3.301
0.02240000,3.287
0.02240500,3.288
0.02241000,3.258
0.02241500,3.240
0.02242000,3.190
0.02242500,3.173
0.02243000,3.188
0.02243500,3.167
0.02244000,3.172
0.02244500,3.135
0.02245000,3.104
0.02245500,3.078
0.02246000,3.091
0.02246500,3.084
0.02247000,3.047
0.02247500,3.038
0.02248000,3.042
0.02248500,3.001
0.02249000,2.988
0.02249500,2.969
0.02250000,2.956
0.02250500,2.925
0.02251000,2.920
0.02251500,2.909
0.02252000,2.888
0.02252500,2.878
0.02253000,2.867
0.02253500,2.851
0.02254000,2.827
0.02254500,2.806
0.02255000,2.800
0.02255500,2.778
0.02256000,2.749
0.02256500,2.735
0.02257000,2.741
0.02257500,2.692
0.02258000,2.683
0.02258500,2.664
0.02259000,2.655
0.02259500,2.634
0.02260000,2.609
0.02260500,2.588
0.02261000,2.579
0.02261500,2.560
0.02262000,2.548
0.02262500,2.532
0.02263000,2.496
0.02263500,2.486
0.02264000,2.471
0.02264500,2.456
0.02265000,2.421
0.02265500,2.430
0.02266000,2.379
0.02266500,2.344
0.02267000,2.327
0.02267500,2.317
0.02268000,2.267
0.02268500,2.254
0.02269000,2.246
0.02269500,2.216
0.02270000,2.186
0.02270500,2.191
0.02271000,2.152
0.02271500,2.136
0.02272000,2.129
0.02272500,2.104
0.02273000,2.052
0.02273500,2.032
0.02274000,2.008
0.02274500,1.978
0.02275000,1.964
0.02275500,1.930
0.02276000,1.906
0.02276500,1.874
0.02277000,1.858
0.02277500,1.836
0.02278000,1.806
0.02278500,1.793
0.02279000,1.764
0.02279500,1.746
0.02280000,1.712
0.02280500,1.683
0.02281000,1.643
0.02281500,1.636
0.02282000,1.606
0.02282500,1.586
0.02283000,1.593
0.02283500,1.550
0.02284000,1.550
0.02284500,1.539
0.02285000,1.505
0.02285500,1.477
0.02286000,1.494
0.02286500,1.413
0.02287000,1.406
0.02287500,1.381
0.02288000,1.374
0.02288500,1.318
0.02289000,1.307
0.02289500,1.311
0.02290000,1.276
0.02290500,1.238
0.02291000,1.201
0.02291500,1.206
0.02292000,1.176
0.02292500,1.141
0.02293000,1.121
0.02293500,1.078
0.02294000,1.056
0.02294500,1.035
0.02295000,1.008
0.02295500,0.982
0.02296000,0.964
0.02296500,0.932
0.02297000,0.922
0.02297500,0.912
0.02298000,0.894
0.02298500,0.860
0.02299000,0.817
0.02299500,0.802
0.02300000,0.797
0.02300500,0.727
0.02301000,0.698
0.02301500,0.677
0.02302000,0.647
0.02302500,0.624
0.02303000,0.457
0.02303500,0.368
0.02304000,0.315
0.02304500,0.267
0.02305000,0.272
0.02305500,0.238
0.02306000,0.242
0.02306500,0.199
0.02307000,0.199
0.02307500,0.217
0.02308000,0.180
0.02308500,0.170
0.02309000,0.149
0.02309500,0.105
0.02310000,0.085
0.02310500,0.043
0.02311000,0.043
0.02311500,0.047
0.02312000,0.008
0.02312500,-0.004
0.02313000,-0.013
0.02313500,-0.055
0.02314000,-0.058
0.02314500,-0.077
0.02315000,-0.086
0.02315500,-0.087
0.02316000,-0.116
0.02316500,-0.125
0.02317000,-0.141
0.02317500,-0.160
0.02318000,-0.170
0.02318500,-0.169
0.02319000,-0.176
0.02319500,-0.177
0.02320000,-0.194
0.02320500,-0.181
0.02321000,-0.189
0.02321500,-0.180
0.02322000,-0.175
0.02322500,-0.184
0.02323000,-0.192
0.02323500,-0.201
0.02324000,-0.190
0.02324500,-0.179
0.02325000,-0.190
0.02325500,-0.188
0.02326000,-0.199
0.02326500,-0.193
0.02327000,-0.195
0.02327500,-0.187
0.02328000,-0.179
0.02328500,-0.198
0.02329000,-0.199
0.02329500,-0.195
0.02330000,-0.200
0.02330500,-0.192
0.02331000,-0.212
0.02331500,-0.185
0.02332000,-0.197
0.02332500,-0.164
0.02333000,-0.169
0.02333500,-0.178
0.02334000,-0.182
0.02334500,-0.202
0.02335000,-0.198
0.02335500,-0.190
0.02336000,-0.176
0.02336500,-0.178
0.02337000,-0.176
0.02337500,-0.176
0.02338000,-0.177
0.02338500,-0.197
0.02339000,-0.182
0.02339500,-0.177
0.02340000,-0.205
0.02340500,-0.199
0.02341000,-0.199
0.02341500,-0.188
0.02342000,-0.181
0.02342500,-0.187
0.02343000,-0.200
0.02343500,-0.186
0.02344000,-0.190
0.02344500,-0.194
0.02345000,-0.176
0.02345500,-0.185
0.02346000,-0.185
0.02346500,-0.203
0.02347000,-0.205
0.02347500,-0.194
0.02348000,-0.190
0.02348500,-0.194
0.02349000,-0.198
0.02349500,-0.199
0.02350000,-0.185
0.02350500,-0.186
0.02351000,-0.194
0.02351500,-0.194
0.02352000,-0.163
0.02352500,-0.190
0.02353000,-0.196
0.02353500,-0.192
0.02354000,-0.162
0.02354500,-0.198
0.02355000,-0.178
0.02355500,-0.192
0.02356000,-0.192
0.02356500,-0.196
0.02357000,-0.201
0.02357500,-0.164
0.02358000,-0.184
0.02358500,-0.201
0.02359000,-0.184
0.02359500,-0.193
0.02360000,-0.202
0.02360500,-0.210
0.02361000,-0.191
0.02361500,-0.183
0.02362000,-0.184
0.02362500,-0.191
0.02363000,-0.180
0.02363500,-0.184
0.02364000,-0.178
0.02364500,-0.189
0.02365000,-0.177
0.02365500,-0.194
0.02366000,-0.173
0.02366500,-0.191
0.02367000,-0.192
0.02367500,-0.176
0.02368000,-0.191
0.02368500,-0.200
0.02369000,-0.185
0.02369500,-0.194
0.02370000,-0.183
0.02370500,-0.186
0.02371000,-0.170
0.02371500,-0.192
0.02372000,-0.176
0.02372500,-0.174
0.02373000,-0.175
0.02373500,-0.175
0.02374000,-0.166
0.02374500,-0.174
0.02375000,-0.170
0.02375500,-0.178
0.02376000,-0.188
0.02376500,-0.192
0.02377000,-0.172
0.02377500,-0.172
0.02378000,-0.177
0.02378500,-0.200
0.02379000,-0.191
0.02379500,-0.192
0.02380000,-0.201
0.02380500,-0.199
0.02381000,-0.213
0.02381500,-0.209
0.02382000,-0.208
0.02382500,-0.204
0.02383000,-0.201
0.02383500,-0.195
0.02384000,-0.173
0.02384500,-0.200
0.02385000,-0.200
0.02385500,-0.188
0.02386000,-0.188
0.02386500,-0.181
0.02387000,-0.200
0.02387500,-0.195
0.02388000,-0.205
0.02388500,-0.191
0.02389000,-0.176
0.02389500,-0.174
0.02390000,-0.184
0.02390500,-0.178
0.02391000,-0.192
0.02391500,-0.184
0.02392000,-0.174
0.02392500,-0.175
0.02393000,-0.181
0.02393500,-0.188
0.02394000,-0.170
0.02394500,-0.168
0.02395000,-0.172
0.02395500,-0.167
0.02396000,-0.164
0.02396500,-0.171
0.02397000,-0.200
0.02397500,-0.179
0.02398000,-0.172
0.02398500,-0.198
0.02399000,-0.192
0.02399500,-0.192
0.02400000,-0.204
0.02400500,-0.198
0.02401000,-0.187
0.02401500,-0.183
0.02402000,-0.165
0.02402500,-0.179
0.02403000,-0.182
0.02403500,-0.190
0.02404000,-0.178
0.02404500,-0.181
0.02405000,-0.192
0.02405500,-0.200
0.02406000,-0.186
0.02406500,-0.165
0.02407000,-0.176
0.02407500,-0.168
0.02408000,-0.186
0.02408500,-0.190
0.02409000,-0.183
0.02409500,-0.186
0.02410000,-0.185
0.02410500,-0.184
0.02411000,-0.192
0.02411500,-0.186
0.02412000,-0.196
0.02412500,-0.198
0.02413000,-0.189
0.02413500,-0.184
0.02414000,-0.189
0.02414500,-0.184
0.02415000,-0.180
0.02415500,-0.180
0.02416000,-0.197
0.02416500,-0.192
0.02417000,-0.186
0.02417500,-0.188
0.02418000,-0.180
0.02418500,-0.168
0.02419000,-0.175
0.02419500,-0.174
0.02420000,-0.193
0.02420500,-0.191
0.02421000,-0.194
0.02421500,-0.180
0.02422000,-0.180
0.02422500,-0.182
0.02423000,-0.164
0.02423500,-0.182
0.02424000,-0.186
0.02424500,-0.193
0.02425000,-0.196
0.02425500,-0.188
0.02426000,-0.183
0.02426500,-0.192
0.02427000,-0.192
0.02427500,-0.187
0.02428000,-0.176
0.02428500,-0.175
0.02429000,-0.170
0.02429500,-0.160
0.02430000,-0.190
0.02430500,-0.172
0.02431000,-0.173
0.02431500,-0.178
0.02432000,-0.156
0.02432500,-0.184
0.02433000,-0.177
0.02433500,-0.186
0.02434000,-0.190
0.02434500,-0.189
0.02435000,-0.171
0.02435500,-0.168
0.02436000,-0.176
0.02436500,-0.174
0.02437000,-0.202
0.02437500,-0.184
0.02438000,-0.182
0.02438500,-0.193
0.02439000,-0.176
0.02439500,-0.168
0.02440000,-0.180
0.02440500,-0.189
0.02441000,-0.177
0.02441500,-0.164
0.02442000,-0.173
0.02442500,-0.192
0.02443000,-0.192
0.02443500,-0.192
0.02444000,-0.190
0.02444500,-0.175
0.02445000,-0.189
0.02445500,-0.170
0.02446000,-0.194
0.02446500,-0.192
0.02447000,-0.194
0.02447500,-0.180
0.02448000,-0.186
0.02448500,-0.186
0.02449000,-0.183
0.02449500,-0.188
0.02450000,-0.204
0.02450500,-0.180
0.02451000,-0.192
0.02451500,-0.181
0.02452000,-0.178
0.02452500,-0.205
0.02453000,-0.196
0.02453500,-0.190
0.02454000,-0.172
0.02454500,-0.193
0.02455000,-0.184
0.02455500,-0.173
0.02456000,-0.180
0.02456500,-0.184
0.02457000,-0.195
0.02457500,-0.187
0.02458000,-0.204
0.02458500,-0.187
0.02459000,-0.194
0.02459500,-0.166
0.02460000,-0.177
0.02460500,-0.178
0.02461000,-0.168
0.02461500,-0.168
0.02462000,-0.174
0.02462500,-0.175
0.02463000,-0.167
0.02463500,-0.182
0.02464000,-0.190
0.02464500,-0.183
0.02465000,-0.182
0.02465500,-0.201
0.02466000,-0.183
0.02466500,-0.188
0.02467000,-0.194
0.02467500,-0.200
0.02468000,-0.208
0.02468500,-0.192
0.02469000,-0.196
0.02469500,-0.211
0.02470000,-0.188
0.02470500,-0.197
0.02471000,-0.196
0.02471500,-0.196
0.02472000,-0.199
0.02472500,-0.214
0.02473000,-0.204
0.02473500,-0.192
0.02474000,-0.192
0.02474500,-0.207
0.02475000,-0.210
0.02475500,-0.190
0.02476000,-0.195
0.02476500,-0.208
0.02477000,-0.180
0.02477500,-0.190
0.02478000,-0.191
0.02478500,-0.185
0.02479000,-0.197
0.02479500,-0.208
0.02480000,-0.194
0.02480500,-0.184
0.02481000,-0.200
0.02481500,-0.190
0.02482000,-0.188
0.02482500,-0.185
0.02483000,-0.182
0.02483500,-0.200
0.02484000,-0.175
0.02484500,-0.184
0.02485000,-0.192
0.02485500,-0.210
0.02486000,-0.200
0.02486500,-0.191
0.02487000,-0.188
0.02487500,-0.179
0.02488000,-0.198
0.02488500,-0.198
0.02489000,-0.183
0.02489500,-0.174
0.02490000,-0.188
0.02490500,-0.181
0.02491000,-0.183
0.02491500,-0.194
0.02492000,-0.191
0.02492500,-0.203
0.02493000,-0.209
0.02493500,-0.190
0.02494000,-0.191
0.02494500,-0.189
0.02495000,-0.182
0.02495500,-0.182
0.02496000,-0.180
0.02496500,-0.166
0.02497000,-0.189
0.02497500,-0.193
0.02498000,-0.208
0.02498500,-0.173
0.02499000,-0.199
0.02499500,-0.195
0.02500000,-0.172
0.02500500,-0.190
0.02501000,-0.176
0.02501500,-0.180
0.02502000,-0.189
0.02502500,-0.179
0.02503000,-0.194
0.02503500,-0.204
0.02504000,-0.169
0.02504500,-0.181
0.02505000,-0.159
0.02505500,-0.177
0.02506000,-0.174
0.02506500,-0.171
0.02507000,-0.188
0.02507500,-0.178
0.02508000,-0.190
0.02508500,-0.180
0.02509000,-0.187
0.02509500,-0.194
0.02510000,-0.194
0.02510500,-0.200
0.02511000,-0.193
0.02511500,-0.204
0.02512000,-0.182
0.02512500,-0.190
0.02513000,-0.202
0.02513500,-0.192
0.02514000,-0.188
0.02514500,-0.193
0.02515000,-0.209
0.02515500,-0.186
0.02516000,-0.180
0.02516500,-0.198
0.02517000,-0.184
0.02517500,-0.182
0.02518000,-0.178
0.02518500,-0.177
0.02519000,-0.179
0.02519500,-0.198
0.02520000,-0.203
0.02520500,-0.190
0.02521000,-0.206
0.02521500,-0.210
0.02522000,-0.204
0.02522500,-0.189
0.02523000,-0.180
0.02523500,-0.179
0.02524000,-0.180
0.02524500,-0.182
0.02525000,-0.210
0.02525500,-0.205
0.02526000,-0.193
0.02526500,-0.202
0.02527000,-0.190
0.02527500,-0.191
0.02528000,-0.193
0.02528500,-0.192
0.02529000,-0.184
0.02529500,-0.190
0.02530000,-0.183
0.02530500,-0.184
0.02531000,-0.205
0.02531500,-0.191
0.02532000,-0.201
0.02532500,-0.188
0.02533000,-0.193
0.02533500,-0.194
0.02534000,-0.182
0.02534500,-0.199
0.02535000,-0.195
0.02535500,-0.187
0.02536000,-0.181
0.02536500,-0.186
0.02537000,-0.192
0.02537500,-0.203
0.02538000,-0.202
0.02538500,-0.194
0.02539000,-0.194
0.02539500,-0.185
0.02540000,-0.200
0.02540500,-0.190
0.02541000,-0.191
0.02541500,-0.186
0.02542000,-0.185
0.02542500,-0.190
0.02543000,-0.179
0.02543500,-0.184
0.02544000,-0.179
0.02544500,-0.178
0.02545000,-0.183
0.02545500,-0.206
0.02546000,-0.210
0.02546500,-0.202
0.02547000,-0.182
0.02547500,-0.193
0.02548000,-0.186
0.02548500,-0.178
0.02549000,-0.189
0.02549500,-0.184
0.02550000,-0.188
0.02550500,-0.184
0.02551000,-0.171
0.02551500,-0.185
0.02552000,-0.204
0.02552500,-0.177
0.02553000,-0.172
0.02553500,-0.173
0.02554000,-0.153
0.02554500,-0.176
0.02555000,-0.176
0.02555500,-0.180
0.02556000,-0.190
0.02556500,-0.186
0.02557000,-0.188
0.02557500,-0.202
0.02558000,-0.183
0.02558500,-0.197
0.02559000,-0.181
0.02559500,-0.200
0.02560000,-0.201
0.02560500,-0.211
0.02561000,-0.195
0.02561500,-0.187
0.02562000,-0.180
0.02562500,-0.203
0.02563000,-0.200
0.02563500,-0.193
0.02564000,-0.190
0.02564500,-0.206
0.02565000,-0.190
0.02565500,-0.199
0.02566000,-0.198
0.02566500,-0.171
0.02567000,-0.188
0.02567500,-0.187
0.02568000,-0.183
0.02568500,-0.181
0.02569000,-0.183
0.02569500,-0.194
0.02570000,-0.182
0.02570500,-0.189
0.02571000,-0.182
0.02571500,-0.174
0.02572000,-0.161
0.02572500,-0.180
0.02573000,-0.186
0.02573500,-0.192
0.02574000,-0.178
0.02574500,-0.179
0.02575000,-0.178
0.02575500,-0.165
0.02576000,-0.170
0.02576500,-0.166
0.02577000,-0.176
0.02577500,-0.180
0.02578000,-0.189
0.02578500,-0.187
0.02579000,-0.195
0.02579500,-0.191
0.02580000,-0.192
0.02580500,-0.192
0.02581000,-0.169
0.02581500,-0.187
0.02582000,-0.196
0.02582500,-0.196
0.02583000,-0.196
0.02583500,-0.188
0.02584000,-0.195
0.02584500,-0.186
0.02585000,-0.196
0.02585500,-0.200
0.02586000,-0.188
0.02586500,-0.200
0.02587000,-0.192
0.02587500,-0.220
0.02588000,-0.197
0.02588500,-0.192
0.02589000,-0.187
0.02589500,-0.200
0.02590000,-0.182
0.02590500,-0.164
0.02591000,-0.175
0.02591500,-0.176
0.02592000,-0.196
0.02592500,-0.189
0.02593000,-0.202
0.02593500,-0.206
0.02594000,-0.202
0.02594500,-0.199
0.02595000,-0.202
0.02595500,-0.169
0.02596000,-0.177
0.02596500,-0.180
0.02597000,-0.173
0.02597500,-0.176
0.02598000,-0.189
0.02598500,-0.175
0.02599000,-0.180
0.02599500,-0.199
0.02600000,-0.192
0.02600500,-0.186
0.02601000,-0.148
0.02601500,-0.178
0.02602000,-0.181
0.02602500,-0.171
0.02603000,-0.191
0.02603500,-0.196
0.02604000,-0.196
0.02604500,-0.184
0.02605000,-0.170
0.02605500,-0.176
0.02606000,-0.170
0.02606500,-0.182
0.02607000,-0.174
0.02607500,-0.177
0.02608000,-0.202
0.02608500,-0.180
0.02609000,-0.166
0.02609500,-0.166
0.02610000,-0.181
0.02610500,-0.178
0.02611000,-0.184
0.02611500,-0.180
0.02612000,-0.183
0.02612500,-0.177
0.02613000,-0.181
0.02613500,-0.180
0.02614000,-0.182
0.02614500,-0.200
0.02615000,-0.190
0.02615500,-0.200
0.02616000,-0.180
0.02616500,-0.171
0.02617000,-0.178
0.02617500,-0.188
0.02618000,-0.170
0.02618500,-0.188
0.02619000,-0.194
0.02619500,-0.202
0.02620000,-0.199
0.02620500,-0.172
0.02621000,-0.195
0.02621500,-0.182
0.02622000,-0.178
0.02622500,-0.178
0.02623000,-0.186
0.02623500,-0.194
0.02624000,-0.176
0.02624500,-0.176
0.02625000,-0.182
0.02625500,-0.194
0.02626000,-0.188
0.02626500,-0.183
0.02627000,-0.191
0.02627500,-0.204
0.02628000,-0.195
0.02628500,-0.184
0.02629000,-0.193
0.02629500,-0.191
0.02630000,-0.190
0.02630500,-0.174
0.02631000,-0.190
0.02631500,-0.182
0.02632000,-0.178
0.02632500,-0.284
0.02633000,-1.190
0.02633500,-2.014
0.02634000,-2.606
0.02634500,-3.107
0.02635000,-3.507
0.02635500,-4.052
0.02636000,-4.671
0.02636500,-5.150
0.02637000,-5.555
0.02637500,-5.907
0.02638000,-6.231
0.02638500,-6.502
0.02639000,-6.717
0.02639500,-6.897
0.02640000,-7.071
0.02640500,-7.238
0.02641000,-7.360
0.02641500,-7.485
0.02642000,-7.620
0.02642500,-7.717
0.02643000,-7.827
0.02643500,-7.916
0.02644000,-8.010
0.02644500,-8.062
0.02645000,-8.145
0.02645500,-8.211
0.02646000,-8.295
0.02646500,-8.323
0.02647000,-8.373
0.02647500,-8.422
0.02648000,-8.463
0.02648500,-8.504
0.02649000,-8.538
0.02649500,-8.594
0.02650000,-8.622
0.02650500,-8.659
0.02651000,-8.687
0.02651500,-8.717
0.02652000,-8.728
0.02652500,-8.802
0.02653000,-8.811
0.02653500,-8.831
0.02654000,-8.841
0.02654500,-8.867
0.02655000,-8.874
0.02655500,-8.921
0.02656000,-8.925
0.02656500,-8.964
0.02657000,-8.994
0.02657500,-8.995
0.02658000,-9.009
0.02658500,-9.035
0.02659000,-9.053
0.02659500,-9.072
0.02660000,-9.072
0.02660500,-9.103
0.02661000,-9.121
0.02661500,-9.145
0.02662000,-9.159
0.02662500,-9.164
0.02663000,-9.200
0.02663500,-9.204
0.02664000,-9.217
0.02664500,-9.204
0.02665000,-9.242
0.02665500,-9.271
0.02666000,-9.284
0.02666500,-9.277
0.02667000,-9.291
0.02667500,-9.309
0.02668000,-9.335
0.02668500,-9.345
0.02669000,-9.350
0.02669500,-9.370
0.02670000,-9.389
0.02670500,-9.409
0.02671000,-9.421
0.02671500,-9.428
0.02672000,-9.435
0.02672500,-9.443
0.02673000,-9.465
0.02673500,-9.500
0.02674000,-9.482
0.02674500,-9.487
0.02675000,-9.521
0.02675500,-9.543
0.02676000,-9.558
0.02676500,-9.549
0.02677000,-9.560
0.02677500,-9.568
0.02678000,-9.589
0.02678500,-9.592
0.02679000,-9.619
0.02679500,-9.615
0.02680000,-9.619
0.02680500,-9.628
0.02681000,-9.680
0.02681500,-9.679
0.02682000,-9.696
0.02682500,-9.695
0.02683000,-9.695
0.02683500,-9.698
0.02684000,-9.704
0.02684500,-9.752
0.02685000,-9.750
0.02685500,-9.758
0.02686000,-9.808
0.02686500,-9.832
0.02687000,-9.817
0.02687500,-9.811
0.02688000,-9.839
0.02688500,-9.866
0.02689000,-9.878
0.02689500,-9.883
0.02690000,-9.888
0.02690500,-9.894
0.02691000,-9.920
0.02691500,-9.919
0.02692000,-9.947
0.02692500,-9.957
0.02693000,-9.955
0.02693500,-9.946
0.02694000,-9.964
0.02694500,-10.003
0.02695000,-10.002
0.02695500,-10.020
0.02696000,-10.032
0.02696500,-10.032
0.02697000,-10.050
0.02697500,-10.076
0.02698000,-10.058
0.02698500,-10.073
0.02699000,-10.100
0.02699500,-10.122
0.02700000,-10.118
0.02700500,-10.145
0.02701000,-10.164
0.02701500,-10.174
0.02702000,-10.189
0.02702500,-10.188
0.02703000,-10.183
0.02703500,-10.223
0.02704000,-10.211
0.02704500,-10.230
0.02705000,-10.245
0.02705500,-10.263
0.02706000,-10.270
0.02706500,-10.273
0.02707000,-10.284
0.02707500,-10.282
0.02708000,-10.320
0.02708500,-10.339
0.02709000,-10.352
0.02709500,-10.347
0.02710000,-10.355
0.02710500,-10.392
0.02711000,-10.372
0.02711500,-10.416
0.02712000,-10.427
0.02712500,-10.416
0.02713000,-10.442
0.02713500,-10.469
0.02714000,-10.481
0.02714500,-10.471
0.02715000,-10.486
0.02715500,-10.524
0.02716000,-10.526
0.02716500,-10.544
0.02717000,-10.553
0.02717500,-10.609
0.02718000,-10.585
0.02718500,-10.609
0.02719000,-10.631
0.02719500,-10.659
0.02720000,-10.665
0.02720500,-10.656
0.02721000,-10.697
0.02721500,-10.689
0.02722000,-10.722
0.02722500,-10.725
0.02723000,-10.733
0.02723500,-10.754
0.02724000,-10.758
0.02724500,-10.765
0.02725000,-10.786
0.02725500,-10.782
0.02726000,-10.795
0.02726500,-10.813
0.02727000,-10.829
0.02727500,-10.826
0.02728000,-10.847
0.02728500,-10.844
0.02729000,-10.838
0.02729500,-10.857
0.02730000,-10.858
0.02730500,-10.879
0.02731000,-10.883
0.02731500,-10.898
0.02732000,-10.907
0.02732500,-10.904
0.02733000,-10.941
0.02733500,-10.918
0.02734000,-10.935
0.02734500,-10.949
0.02735000,-10.963
0.02735500,-10.974
0.02736000,-10.987
0.02736500,-10.956
0.02737000,-10.988
0.02737500,-11.015
0.02738000,-10.976
0.02738500,-10.991
0.02739000,-11.016
0.02739500,-11.040
0.02740000,-11.022
0.02740500,-11.027
0.02741000,-11.055
0.02741500,-11.057
0.02742000,-11.032
0.02742500,-11.061
0.02743000,-11.064
0.02743500,-11.073
0.02744000,-11.061
0.02744500,-11.079
0.02745000,-11.072
0.02745500,-11.099
0.02746000,-11.105
0.02746500,-11.106
0.02747000,-11.109
0.02747500,-11.133
0.02748000,-11.134
0.02748500,-11.131
0.02749000,-11.149
0.02749500,-11.146
0.02750000,-11.158
0.02750500,-11.156
0.02751000,-11.174
0.02751500,-11.161
0.02752000,-11.151
0.02752500,-11.162
0.02753000,-11.184
0.02753500,-11.168
0.02754000,-11.178
0.02754500,-11.183
0.02755000,-11.202
0.02755500,-11.201
0.02756000,-11.198
0.02756500,-11.227
0.02757000,-11.226
0.02757500,-11.231
0.02758000,-11.240
0.02758500,-11.218
0.02759000,-11.231
0.02759500,-11.248
0.02760000,-11.226
0.02760500,-11.232
0.02761000,-11.220
0.02761500,-11.229
0.02762000,-11.244
0.02762500,-11.269
0.02763000,-11.237
0.02763500,-11.234
0.02764000,-11.262
0.02764500,-11.259
0.02765000,-11.246
0.02765500,-11.243
0.02766000,-11.252
0.02766500,-11.241
0.02767000,-11.273
0.02767500,-11.276
0.02768000,-11.261
0.02768500,-11.248
0.02769000,-11.237
0.02769500,-11.261
0.02770000,-11.269
0.02770500,-11.277
0.02771000,-11.273
0.02771500,-11.288
0.02772000,-11.276
0.02772500,-11.255
0.02773000,-11.289
0.02773500,-11.278
0.02774000,-11.282
0.02774500,-11.301
0.02775000,-11.293
0.02775500,-11.282
0.02776000,-11.290
0.02776500,-11.310
0.02777000,-11.304
0.02777500,-11.305
0.02778000,-11.313
0.02778500,-11.292
0.02779000,-11.310
0.02779500,-11.294
0.02780000,-11.291
0.02780500,-11.271
0.02781000,-11.272
0.02781500,-11.306
0.02782000,-11.341
0.02782500,-11.343
0.02783000,-11.348
0.02783500,-11.354
0.02784000,-11.340
0.02784500,-11.319
0.02785000,-11.355
0.02785500,-11.371
0.02786000,-11.363
0.02786500,-11.357
0.02787000,-11.350
0.02787500,-11.360
0.02788000,-11.334
0.02788500,-11.348
0.02789000,-11.357
0.02789500,-11.359
0.02790000,-11.383
0.02790500,-11.370
0.02791000,-11.365
0.02791500,-11.328
0.02792000,-11.352
0.02792500,-11.338
0.02793000,-11.356
0.02793500,-11.341
0.02794000,-11.388
0.02794500,-11.372
0.02795000,-11.389
0.02795500,-11.374
0.02796000,-11.367
0.02796500,-11.372
0.02797000,-11.377
0.02797500,-11.381
0.02798000,-11.382
0.02798500,-11.379
0.02799000,-11.368
0.02799500,-11.368
0.02800000,-11.367
0.02800500,-11.359
0.02801000,-11.372
0.02801500,-11.388
0.02802000,-11.373
0.02802500,-11.381
0.02803000,-11.384
0.02803500,-11.376
0.02804000,-11.391
0.02804500,-11.382
0.02805000,-11.396
0.02805500,-11.397
0.02806000,-11.398
0.02806500,-11.414
0.02807000,-11.408
0.02807500,-11.392
0.02808000,-11.401
0.02808500,-11.379
0.02809000,-11.400
0.02809500,-11.428
0.02810000,-11.418
0.02810500,-11.418
0.02811000,-11.404
0.02811500,-11.418
0.02812000,-11.410
0.02812500,-11.425
0.02813000,-11.378
0.02813500,-11.405
0.02814000,-11.438
0.02814500,-11.427
0.02815000,-11.430
0.02815500,-11.450
0.02816000,-11.430
0.02816500,-11.414
0.02817000,-11.416
0.02817500,-11.437
0.02818000,-11.422
0.02818500,-11.434
0.02819000,-11.404
0.02819500,-11.406
0.02820000,-11.436
0.02820500,-11.434
0.02821000,-11.429
0.02821500,-11.434
0.02822000,-11.433
0.02822500,-11.435
0.02823000,-11.442
0.02823500,-11.456
0.02824000,-11.461
0.02824500,-11.454
0.02825000,-11.433
0.02825500,-11.444
0.02826000,-11.452
0.02826500,-11.469
0.02827000,-11.482
0.02827500,-11.493
0.02828000,-11.464
0.02828500,-11.470
0.02829000,-11.473
0.02829500,-11.489
0.02830000,-11.466
0.02830500,-11.483
0.02831000,-11.478
0.02831500,-11.471
0.02832000,-11.482
0.02832500,-11.486
0.02833000,-11.483
0.02833500,-11.485
0.02834000,-11.464
0.02834500,-11.448
0.02835000,-11.459
0.02835500,-11.450
0.02836000,-11.437
0.02836500,-11.444
0.02837000,-11.426
0.02837500,-11.440
0.02838000,-11.466
0.02838500,-11.452
0.02839000,-11.470
0.02839500,-11.454
0.02840000,-11.454
0.02840500,-11.459
0.02841000,-11.446
0.02841500,-11.429
0.02842000,-11.450
0.02842500,-11.477
0.02843000,-11.450
0.02843500,-11.442
0.02844000,-11.438
0.02844500,-11.446
0.02845000,-11.456
0.02845500,-11.444
0.02846000,-11.455
0.02846500,-11.470
0.02847000,-11.457
0.02847500,-11.460
0.02848000,-11.461
0.02848500,-11.464
0.02849000,-11.454
0.02849500,-11.466
0.02850000,-11.467
0.02850500,-11.447
0.02851000,-11.451
0.02851500,-11.474
0.02852000,-11.479
0.02852500,-11.487
0.02853000,-11.479
0.02853500,-11.507
0.02854000,-11.510
0.02854500,-11.495
0.02855000,-11.475
0.02855500,-11.459
0.02856000,-11.477
0.02856500,-11.490
0.02857000,-11.488
0.02857500,-11.473
0.02858000,-11.473
0.02858500,-11.457
0.02859000,-11.481
0.02859500,-11.485
0.02860000,-11.503
0.02860500,-11.518
0.02861000,-11.514
0.02861500,-11.515
0.02862000,-11.480
0.02862500,-11.481
0.02863000,-11.487
0.02863500,-11.481
0.02864000,-11.524
0.02864500,-11.477
0.02865000,-11.479
0.02865500,-11.474
0.02866000,-11.505
0.02866500,-11.490
0.02867000,-11.498
0.02867500,-11.493
0.02868000,-11.505
0.02868500,-11.501
0.02869000,-11.512
0.02869500,-11.513
0.02870000,-11.515
0.02870500,-11.519
0.02871000,-11.517
0.02871500,-11.527
0.02872000,-11.506
0.02872500,-11.526
0.02873000,-11.535
0.02873500,-11.513
0.02874000,-11.507
0.02874500,-11.499
0.02875000,-11.501
0.02875500,-11.495
0.02876000,-11.497
0.02876500,-11.515
0.02877000,-11.523
0.02877500,-11.519
0.02878000,-11.543
0.02878500,-11.547
0.02879000,-11.527
0.02879500,-11.520
0.02880000,-11.516
0.02880500,-11.539
0.02881000,-11.545
0.02881500,-11.527
0.02882000,-11.549
0.02882500,-11.551
0.02883000,-11.539
0.02883500,-11.524
0.02884000,-11.539
0.02884500,-11.507
0.02885000,-11.501
0.02885500,-11.507
0.02886000,-11.527
0.02886500,-11.511
0.02887000,-11.532
0.02887500,-11.549
0.02888000,-11.528
0.02888500,-11.565
0.02889000,-11.508
0.02889500,-11.534
0.02890000,-11.531
0.02890500,-11.516
0.02891000,-11.527
0.02891500,-11.533
0.02892000,-11.503
0.02892500,-11.505
0.02893000,-11.529
0.02893500,-11.525
0.02894000,-11.527
0.02894500,-11.524
0.02895000,-11.501
0.02895500,-11.530
0.02896000,-11.544
0.02896500,-11.561
0.02897000,-11.531
0.02897500,-11.537
0.02898000,-11.545
0.02898500,-11.539
0.02899000,-11.519
0.02899500,-11.529
0.02900000,-11.542
0.02900500,-11.568
0.02901000,-11.524
0.02901500,-11.533
0.02902000,-11.566
0.02902500,-11.563
0.02903000,-11.561
0.02903500,-11.564
0.02904000,-11.535
0.02904500,-11.562
0.02905000,-11.570
0.02905500,-11.586
0.02906000,-11.587
0.02906500,-11.595
0.02907000,-11.612
0.02907500,-11.617
0.02908000,-11.592
0.02908500,-11.572
0.02909000,-11.586
0.02909500,-11.598
0.02910000,-11.595
0.02910500,-11.596
0.02911000,-11.583
0.02911500,-11.572
0.02912000,-11.566
0.02912500,-11.566
0.02913000,-11.554
0.02913500,-11.548
0.02914000,-11.565
0.02914500,-11.559
0.02915000,-11.581
0.02915500,-11.594
0.02916000,-11.568
0.02916500,-11.558
0.02917000,-11.570
0.02917500,-11.566
0.02918000,-11.570
0.02918500,-11.586
0.02919000,-11.574
0.02919500,-11.562
0.02920000,-11.552
0.02920500,-11.573
0.02921000,-11.549
0.02921500,-11.550
0.02922000,-11.562
0.02922500,-11.582
0.02923000,-11.555
0.02923500,-11.541
0.02924000,-11.532
0.02924500,-11.534
0.02925000,-11.532
0.02925500,-11.525
0.02926000,-11.532
0.02926500,-11.549
0.02927000,-11.534
0.02927500,-11.526
0.02928000,-11.524
0.02928500,-11.488
0.02929000,-11.509
0.02929500,-11.497
0.02930000,-11.511
0.02930500,-11.500
0.02931000,-11.530
0.02931500,-11.493
0.02932000,-11.517
0.02932500,-11.493
0.02933000,-11.490
0.02933500,-11.458
0.02934000,-11.485
0.02934500,-11.473
0.02935000,-11.478
0.02935500,-11.463
0.02936000,-11.469
0.02936500,-11.477
0.02937000,-11.475
0.02937500,-11.466
0.02938000,-11.459
0.02938500,-11.460
0.02939000,-11.429
0.02939500,-11.446
0.02940000,-11.452
0.02940500,-11.420
0.02941000,-11.401
0.02941500,-11.408
0.02942000,-11.387
0.02942500,-11.392
0.02943000,-11.382
0.02943500,-11.389
0.02944000,-11.341
0.02944500,-11.345
0.02945000,-11.350
0.02945500,-11.356
0.02946000,-11.329
0.02946500,-11.332
0.02947000,-11.335
0.02947500,-11.323
0.02948000,-11.297
0.02948500,-11.291
0.02949000,-11.265
0.02949500,-11.247
0.02950000,-11.243
0.02950500,-11.224
0.02951000,-11.211
0.02951500,-11.193
0.02952000,-11.178
0.02952500,-11.176
0.02953000,-11.169
0.02953500,-11.167
0.02954000,-11.147
0.02954500,-11.140
0.02955000,-11.119
0.02955500,-11.109
0.02956000,-11.117
0.02956500,-11.093
0.02957000,-11.073
0.02957500,-11.051
0.02958000,-11.029
0.02958500,-11.011
0.02959000,-11.030
0.02959500,-11.009
0.02960000,-11.013
0.02960500,-11.005
0.02961000,-10.992
0.02961500,-10.992
0.02962000,-10.955
0.02962500,-10.949
0.02963000,-10.921
0.02963500,-10.899
0.02964000,-10.924
0.02964500,-10.900
0.02965000,-10.884
0.02965500,-10.861
0.02966000,-10.817
0.02966500,-10.795
0.02967000,-10.798
0.02967500,-10.773
0.02968000,-10.796
0.02968500,-10.755
0.02969000,-10.735
0.02969500,-10.718
0.02970000,-10.706
0.02970500,-10.678
0.02971000,-10.670
0.02971500,-10.678
0.02972000,-10.645
0.02972500,-10.597
0.02973000,-10.586
0.02973500,-10.587
0.02974000,-10.576
0.02974500,-10.555
0.02975000,-10.540
0.02975500,-10.518
0.02976000,-10.488
0.02976500,-10.476
0.02977000,-10.479
0.02977500,-10.451
0.02978000,-10.431
0.02978500,-10.403
0.02979000,-10.380
0.02979500,-10.364
0.02980000,-10.364
0.02980500,-10.353
0.02981000,-10.313
0.02981500,-10.293
0.02982000,-10.300
0.02982500,-10.287
0.02983000,-10.272
0.02983500,-10.282
0.02984000,-10.255
0.02984500,-10.262
0.02985000,-10.250
0.02985500,-10.229
0.02986000,-10.184
0.02986500,-10.165
0.02987000,-10.152
0.02987500,-10.133
0.02988000,-10.112
0.02988500,-10.101
0.02989000,-10.063
0.02989500,-10.057
0.02990000,-10.057
0.02990500,-10.072
0.02991000,-10.034
0.02991500,-10.017
0.02992000,-10.000
0.02992500,-9.990
0.02993000,-9.964
0.02993500,-9.951
0.02994000,-9.935
0.02994500,-9.933
0.02995000,-9.907
0.02995500,-9.898
0.02996000,-9.887
0.02996500,-9.867
0.02997000,-9.869
0.02997500,-9.832
0.02998000,-9.833
0.02998500,-9.825
0.02999000,-9.800
0.02999500,-9.804
0.03000000,-9.791
0.03000500,-9.775
0.03001000,-9.765
0.03001500,-9.756
0.03002000,-9.729
0.03002500,-9.725
0.03003000,-9.707
0.03003500,-9.689
0.03004000,-9.683
0.03004500,-9.641
0.03005000,-9.645
0.03005500,-9.624
0.03006000,-9.610
0.03006500,-9.606
0.03007000,-9.605
0.03007500,-9.596
0.03008000,-9.555
0.03008500,-9.543
0.03009000,-9.562
0.03009500,-9.523
0.03010000,-9.529
0.03010500,-9.483
0.03011000,-9.461
0.03011500,-9.462
0.03012000,-9.446
0.03012500,-9.442
0.03013000,-9.428
0.03013500,-9.419
0.03014000,-9.374
0.03014500,-9.379
0.03015000,-9.380
0.03015500,-9.385
0.03016000,-9.362
0.03016500,-9.344
0.03017000,-9.323
0.03017500,-9.338
0.03018000,-9.335
0.03018500,-9.301
0.03019000,-9.294
0.03019500,-9.265
0.03020000,-9.252
0.03020500,-9.243
0.03021000,-9.227
0.03021500,-9.228
0.03022000,-9.198
0.03022500,-9.200
0.03023000,-9.190
0.03023500,-9.179
0.03024000,-9.179
0.03024500,-9.174
0.03025000,-9.162
0.03025500,-9.148
0.03026000,-9.125
0.03026500,-9.125
0.03027000,-9.093
0.03027500,-9.085
0.03028000,-9.073
0.03028500,-9.079
0.03029000,-9.039
0.03029500,-9.050
0.03030000,-8.992
0.03030500,-9.002
0.03031000,-8.993
0.03031500,-8.984
0.03032000,-8.949
0.03032500,-8.941
0.03033000,-8.911
0.03033500,-8.869
0.03034000,-8.844
0.03034500,-8.842
0.03035000,-8.840
0.03035500,-8.822
0.03036000,-8.829
0.03036500,-8.818
0.03037000,-8.789
0.03037500,-8.771
0.03038000,-8.774
0.03038500,-8.759
0.03039000,-8.732
0.03039500,-8.728
0.03040000,-8.728
0.03040500,-8.713
0.03041000,-8.696
0.03041500,-8.674
0.03042000,-8.684
0.03042500,-8.671
0.03043000,-8.667
0.03043500,-8.641
0.03044000,-8.610
0.03044500,-8.597
0.03045000,-8.594
0.03045500,-8.573
0.03046000,-8.575
0.03046500,-8.570
0.03047000,-8.546
0.03047500,-8.534
0.03048000,-8.528
0.03048500,-8.521
0.03049000,-8.507
0.03049500,-8.505
0.03050000,-8.472
0.03050500,-8.483
0.03051000,-8.475
0.03051500,-8.453
0.03052000,-8.432
0.03052500,-8.422
0.03053000,-8.410
0.03053500,-8.381
0.03054000,-8.373
0.03054500,-8.364
0.03055000,-8.334
0.03055500,-8.313
0.03056000,-8.317
0.03056500,-8.279
0.03057000,-8.283
0.03057500,-8.284
0.03058000,-8.274
0.03058500,-8.242
0.03059000,-8.227
0.03059500,-8.188
0.03060000,-8.190
0.03060500,-8.184
0.03061000,-8.191
0.03061500,-8.163
0.03062000,-8.134
0.03062500,-8.159
0.03063000,-8.123
0.03063500,-8.111
0.03064000,-8.087
0.03064500,-8.091
0.03065000,-8.063
0.03065500,-8.072
0.03066000,-8.036
0.03066500,-8.030
0.03067000,-8.035
0.03067500,-8.021
0.03068000,-8.031
0.03068500,-8.008
0.03069000,-7.994
0.03069500,-7.992
0.03070000,-7.964
0.03070500,-7.974
0.03071000,-7.946
0.03071500,-7.930
0.03072000,-7.904
0.03072500,-7.907
0.03073000,-7.875
0.03073500,-7.878
0.03074000,-7.843
0.03074500,-7.846
0.03075000,-7.838
0.03075500,-7.837
0.03076000,-7.827
0.03076500,-7.798
0.03077000,-7.798
0.03077500,-7.790
0.03078000,-7.771
0.03078500,-7.779
0.03079000,-7.756
0.03079500,-7.757
0.03080000,-7.735
0.03080500,-7.721
0.03081000,-7.742
0.03081500,-7.719
0.03082000,-7.713
0.03082500,-7.670
0.03083000,-7.703
0.03083500,-7.665
0.03084000,-7.648
0.03084500,-7.648
0.03085000,-7.637
0.03085500,-7.638
0.03086000,-7.617
0.03086500,-7.629
0.03087000,-7.604
0.03087500,-7.596
0.03088000,-7.605
0.03088500,-7.574
0.03089000,-7.541
0.03089500,-7.521
0.03090000,-7.534
0.03090500,-7.532
0.03091000,-7.571
0.03091500,-7.563
0.03092000,-7.477
0.03092500,-7.485
0.03093000,-7.501
0.03093500,-7.450
0.03094000,-7.476
0.03094500,-7.466
0.03095000,-7.447
0.03095500,-7.418
0.03096000,-7.415
0.03096500,-7.406
0.03097000,-7.380
0.03097500,-7.377
0.03098000,-7.382
0.03098500,-7.389
0.03099000,-7.357
0.03099500,-7.343
0.03100000,-7.302
0.03100500,-7.313
0.03101000,-7.306
0.03101500,-7.301
0.03102000,-7.301
0.03102500,-7.279
0.03103000,-7.273
0.03103500,-7.253
0.03104000,-7.242
0.03104500,-7.210
0.03105000,-7.224
0.03105500,-7.215
0.03106000,-7.200
0.03106500,-7.184
0.03107000,-7.166
0.03107500,-7.166
0.03108000,-7.151
0.03108500,-7.174
0.03109000,-7.150
0.03109500,-7.165
0.03110000,-7.130
0.03110500,-7.100
0.03111000,-7.070
0.03111500,-7.050
0.03112000,-7.038
0.03112500,-7.040
0.03113000,-7.022
0.03113500,-7.039
0.03114000,-6.990
0.03114500,-6.976
0.03115000,-6.988
0.03115500,-6.983
0.03116000,-6.976
0.03116500,-6.957
0.03117000,-6.955
0.03117500,-6.937
0.03118000,-6.938
0.03118500,-6.910
0.03119000,-6.912
0.03119500,-6.881
0.03120000,-6.865
0.03120500,-6.861
0.03121000,-6.844
0.03121500,-6.858
0.03122000,-6.841
0.03122500,-6.840
0.03123000,-6.821
0.03123500,-6.786
0.03124000,-6.795
0.03124500,-6.806
0.03125000,-6.786
0.03125500,-6.766
0.03126000,-6.733
0.03126500,-6.729
0.03127000,-6.723
0.03127500,-6.728
0.03128000,-6.702
0.03128500,-6.712
0.03129000,-6.684
0.03129500,-6.697
0.03130000,-6.669
0.03130500,-6.657
0.03131000,-6.659
0.03131500,-6.631
0.03132000,-6.647
0.03132500,-6.633
0.03133000,-6.610
0.03133500,-6.601
0.03134000,-6.580
0.03134500,-6.582
0.03135000,-6.556
0.03135500,-6.558
0.03136000,-6.550
0.03136500,-6.549
0.03137000,-6.538
0.03137500,-6.515
0.03138000,-6.514
0.03138500,-6.510
0.03139000,-6.494
0.03139500,-6.495
0.03140000,-6.499
0.03140500,-6.495
0.03141000,-6.477
0.03141500,-6.479
0.03142000,-6.442
0.03142500,-6.444
0.03143000,-6.414
0.03143500,-6.433
0.03144000,-6.382
0.03144500,-6.378
0.03145000,-6.351
0.03145500,-6.358
0.03146000,-6.365
0.03146500,-6.330
0.03147000,-6.315
0.03147500,-6.315
0.03148000,-6.319
0.03148500,-6.306
0.03149000,-6.299
0.03149500,-6.271
0.03150000,-6.251
0.03150500,-6.243
0.03151000,-6.237
0.03151500,-6.210
0.03152000,-6.206
0.03152500,-6.163
0.03153000,-6.175
0.03153500,-6.167
0.03154000,-6.152
0.03154500,-6.151
0.03155000,-6.151
0.03155500,-6.105
0.03156000,-6.117
0.03156500,-6.099
0.03157000,-6.081
0.03157500,-6.079
0.03158000,-6.046
0.03158500,-6.054
0.03159000,-6.026
0.03159500,-6.010
0.03160000,-6.004
0.03160500,-6.001
0.03161000,-5.988
0.03161500,-5.975
0.03162000,-5.961
0.03162500,-5.931
0.03163000,-5.909
0.03163500,-5.922
0.03164000,-5.897
0.03164500,-5.885
0.03165000,-5.861
0.03165500,-5.879
0.03166000,-5.856
0.03166500,-5.822
0.03167000,-5.806
0.03167500,-5.743
0.03168000,-5.757
0.03168500,-5.739
0.03169000,-5.739
0.03169500,-5.714
0.03170000,-5.697
0.03170500,-5.706
0.03171000,-5.687
0.03171500,-5.683
0.03172000,-5.654
0.03172500,-5.629
0.03173000,-5.636
0.03173500,-5.633
0.03174000,-5.612
0.03174500,-5.596
0.03175000,-5.580
0.03175500,-5.565
0.03176000,-5.570
0.03176500,-5.517
0.03177000,-5.525
0.03177500,-5.509
0.03178000,-5.483
0.03178500,-5.432
0.03179000,-5.438
0.03179500,-5.430
0.03180000,-5.411
0.03180500,-5.401
0.03181000,-5.385
0.03181500,-5.374
0.03182000,-5.367
0.03182500,-5.347
0.03183000,-5.330
0.03183500,-5.306
0.03184000,-5.303
0.03184500,-5.257
0.03185000,-5.244
0.03185500,-5.202
0.03186000,-5.217
0.03186500,-5.226
0.03187000,-5.205
0.03187500,-5.189
0.03188000,-5.166
0.03188500,-5.156
0.03189000,-5.123
0.03189500,-5.110
0.03190000,-5.105
0.03190500,-5.076
0.03191000,-5.081
0.03191500,-5.040
0.03192000,-5.027
0.03192500,-5.022
0.03193000,-5.034
0.03193500,-4.993
0.03194000,-4.997
0.03194500,-4.970
0.03195000,-4.927
0.03195500,-4.917
0.03196000,-4.921
0.03196500,-4.904
0.03197000,-4.876
0.03197500,-4.867
0.03198000,-4.861
0.03198500,-4.830
0.03199000,-4.808
0.03199500,-4.790
0.03200000,-4.783
0.03200500,-4.787
0.03201000,-4.739
0.03201500,-4.719
0.03202000,-4.716
0.03202500,-4.733
0.03203000,-4.706
0.03203500,-4.709
0.03204000,-4.674
0.03204500,-4.654
0.03205000,-4.638
0.03205500,-4.627
0.03206000,-4.589
0.03206500,-4.590
0.03207000,-4.576
0.03207500,-4.569
0.03208000,-4.556
0.03208500,-4.529
0.03209000,-4.533
0.03209500,-4.503
0.03210000,-4.489
0.03210500,-4.478
0.03211000,-4.430
0.03211500,-4.434
0.03212000,-4.394
0.03212500,-4.406
0.03213000,-4.374
0.03213500,-4.355
0.03214000,-4.346
0.03214500,-4.297
0.03215000,-4.276
0.03215500,-4.257
0.03216000,-4.254
0.03216500,-4.241
0.03217000,-4.220
0.03217500,-4.219
0.03218000,-4.185
0.03218500,-4.164
0.03219000,-4.156
0.03219500,-4.180
0.03220000,-4.156
0.03220500,-4.137
0.03221000,-4.111
0.03221500,-4.079
0.03222000,-4.079
0.03222500,-4.064
0.03223000,-4.037
0.03223500,-4.033
0.03224000,-4.010
0.03224500,-4.010
0.03225000,-4.012
0.03225500,-3.974
0.03226000,-3.963
0.03226500,-3.939
0.03227000,-3.898
0.03227500,-3.879
0.03228000,-3.889
0.03228500,-3.861
0.03229000,-3.866
0.03229500,-3.804
0.03230000,-3.832
0.03230500,-3.810
0.03231000,-3.789
0.03231500,-3.780
0.03232000,-3.762
0.03232500,-3.762
0.03233000,-3.747
0.03233500,-3.719
0.03234000,-3.692
0.03234500,-3.705
0.03235000,-3.676
0.03235500,-3.642
0.03236000,-3.622
0.03236500,-3.634
0.03237000,-3.634
0.03237500,-3.612
0.03238000,-3.583
0.03238500,-3.567
0.03239000,-3.560
0.03239500,-3.566
0.03240000,-3.548
0.03240500,-3.510
0.03241000,-3.503
0.03241500,-3.508
0.03242000,-3.497
0.03242500,-3.475
0.03243000,-3.454
0.03243500,-3.444
0.03244000,-3.419
0.03244500,-3.395
0.03245000,-3.378
0.03245500,-3.392
0.03246000,-3.369
0.03246500,-3.355
0.03247000,-3.343
0.03247500,-3.325
0.03248000,-3.301
0.03248500,-3.288
0.03249000,-3.270
0.03249500,-3.269
0.03250000,-3.251
0.03250500,-3.231
0.03251000,-3.215
0.03251500,-3.192
0.03252000,-3.148
0.03252500,-3.142
0.03253000,-3.149
0.03253500,-3.137
0.03254000,-3.126
0.03254500,-3.103
0.03255000,-3.068
0.03255500,-3.052
0.03256000,-3.017
0.03256500,-3.014
0.03257000,-3.012
0.03257500,-2.961
0.03258000,-2.960
0.03258500,-2.942
0.03259000,-2.926
0.03259500,-2.898
0.03260000,-2.891
0.03260500,-2.844
0.03261000,-2.828
0.03261500,-2.825
0.03262000,-2.794
0.03262500,-2.778
0.03263000,-2.742
0.03263500,-2.694
0.03264000,-2.696
0.03264500,-2.654
0.03265000,-2.644
0.03265500,-2.644
0.03266000,-2.626
0.03266500,-2.595
0.03267000,-2.583
0.03267500,-2.550
0.03268000,-2.531
0.03268500,-2.488
0.03269000,-2.464
0.03269500,-2.427
0.03270000,-2.426
0.03270500,-2.386
0.03271000,-2.410
0.03271500,-2.364
0.03272000,-2.360
0.03272500,-2.327
0.03273000,-2.319
0.03273500,-2.292
0.03274000,-2.282
0.03274500,-2.262
0.03275000,-2.227
0.03275500,-2.226
0.03276000,-2.153
0.03276500,-2.146
0.03277000,-2.147
0.03277500,-2.111
0.03278000,-2.079
0.03278500,-2.060
0.03279000,-2.039
0.03279500,-2.014
0.03280000,-1.994
0.03280500,-1.980
0.03281000,-1.944
0.03281500,-1.937
0.03282000,-1.902
0.03282500,-1.871
0.03283000,-1.835
0.03283500,-1.790
0.03284000,-1.786
0.03284500,-1.766
0.03285000,-1.728
0.03285500,-1.706
0.03286000,-1.684
0.03286500,-1.674
0.03287000,-1.634
0.03287500,-1.608
0.03288000,-1.599
0.03288500,-1.557
0.03289000,-1.547
0.03289500,-1.406
0.03290000,-1.258
0.03290500,-1.190
0.03291000,-1.141
0.03291500,-1.136
0.03292000,-1.087
0.03292500,-1.020
0.03293000,-0.994
0.03293500,-0.966
0.03294000,-0.950
0.03294500,-0.923
0.03295000,-0.916
0.03295500,-0.904
0.03296000,-0.912
0.03296500,-0.877
0.03297000,-0.877
0.03297500,-0.847
0.03298000,-0.849
0.03298500,-0.825
0.03299000,-0.834
0.03299500,-0.809
0.03300000,-0.801
0.03300500,-0.768
0.03301000,-0.752
0.03301500,-0.744
0.03302000,-0.709
0.03302500,-0.696
0.03303000,-0.699
0.03303500,-0.703
0.03304000,-0.659
0.03304500,-0.657
0.03305000,-0.655
0.03305500,-0.624
0.03306000,-0.640
0.03306500,-0.620
0.03307000,-0.600
0.03307500,-0.578
0.03308000,-0.561
0.03308500,-0.564
0.03309000,-0.538
0.03309500,-0.526
0.03310000,-0.508
0.03310500,-0.499
0.03311000,-0.490
0.03311500,-0.482
0.03312000,-0.253
0.03312500,-0.248
0.03313000,-0.259
0.03313500,-0.247
0.03314000,-0.286
0.03314500,-0.279
0.03315000,-0.254
0.03315500,-0.240
0.03316000,-0.247
0.03316500,-0.243
0.03317000,-0.258
0.03317500,-0.252
0.03318000,-0.248
0.03318500,-0.251
0.03319000,-0.255
0.03319500,-0.263
0.03320000,-0.272
0.03320500,-0.263
0.03321000,-0.261
0.03321500,-0.259
0.03322000,-0.245
0.03322500,-0.238
0.03323000,-0.249
0.03323500,-0.262
0.03324000,-0.241
0.03324500,-0.246
0.03325000,-0.258
0.03325500,-0.257
0.03326000,-0.254
0.03326500,-0.239
0.03327000,-0.224
0.03327500,-0.252
0.03328000,-0.267
0.03328500,-0.255
0.03329000,-0.256
0.03329500,-0.250
0.03330000,-0.238
0.03330500,-0.222
0.03331000,-0.230
0.03331500,-0.235
0.03332000,-0.266
0.03332500,-0.237
0.03333000,-0.242
0.03333500,-0.214
0.03334000,-0.220
0.03334500,-0.224
0.03335000,-0.229
0.03335500,-0.236
0.03336000,-0.259
0.03336500,-0.257
0.03337000,-0.248
0.03337500,-0.236
0.03338000,-0.241
0.03338500,-0.240
0.03339000,-0.226
0.03339500,-0.217
0.03340000,-0.228
0.03340500,-0.244
0.03341000,-0.236
0.03341500,-0.248
0.03342000,-0.242
0.03342500,-0.258
0.03343000,-0.253
0.03343500,-0.250
0.03344000,-0.251
0.03344500,-0.250
0.03345000,-0.255
0.03345500,-0.238
0.03346000,-0.247
0.03346500,-0.240
0.03347000,-0.240
0.03347500,-0.244
0.03348000,-0.230
0.03348500,-0.244
0.03349000,-0.245
0.03349500,-0.265
0.03350000,-0.253
0.03350500,-0.242
0.03351000,-0.230
0.03351500,-0.241
0.03352000,-0.233
0.03352500,-0.224
0.03353000,-0.225
0.03353500,-0.233
0.03354000,-0.232
0.03354500,-0.240
0.03355000,-0.249
0.03355500,-0.261
0.03356000,-0.251
0.03356500,-0.246
0.03357000,-0.244
0.03357500,-0.233
0.03358000,-0.236
0.03358500,-0.246
0.03359000,-0.238
0.03359500,-0.242
0.03360000,-0.250
0.03360500,-0.242
0.03361000,-0.225
0.03361500,-0.243
0.03362000,-0.249
0.03362500,-0.267
0.03363000,-0.257
0.03363500,-0.254
0.03364000,-0.232
0.03364500,-0.242
0.03365000,-0.259
0.03365500,-0.245
0.03366000,-0.253
0.03366500,-0.251
0.03367000,-0.238
0.03367500,-0.248
0.03368000,-0.261
0.03368500,-0.242
0.03369000,-0.244
0.03369500,-0.250
0.03370000,-0.245
0.03370500,-0.248
0.03371000,-0.254
0.03371500,-0.257
0.03372000,-0.270
0.03372500,-0.233
0.03373000,-0.226
0.03373500,-0.223
0.03374000,-0.228
0.03374500,-0.242
0.03375000,-0.234
0.03375500,-0.229
0.03376000,-0.240
0.03376500,-0.234
0.03377000,-0.246
0.03377500,-0.225
0.03378000,-0.247
0.03378500,-0.233
0.03379000,-0.267
0.03379500,-0.253
0.03380000,-0.250
0.03380500,-0.254
0.03381000,-0.247
0.03381500,-0.241
0.03382000,-0.248
0.03382500,-0.249
0.03383000,-0.251
0.03383500,-0.244
0.03384000,-0.240
0.03384500,-0.244
0.03385000,-0.247
0.03385500,-0.244
0.03386000,-0.248
0.03386500,-0.244
0.03387000,-0.270
0.03387500,-0.241
0.03388000,-0.251
0.03388500,-0.249
0.03389000,-0.248
0.03389500,-0.252
0.03390000,-0.244
0.03390500,-0.214
0.03391000,-0.230
0.03391500,-0.257
0.03392000,-0.252
0.03392500,-0.260
0.03393000,-0.242
0.03393500,-0.242
0.03394000,-0.246
0.03394500,-0.240
0.03395000,-0.247
0.03395500,-0.255
0.03396000,-0.235
0.03396500,-0.252
0.03397000,-0.253
0.03397500,-0.267
0.03398000,-0.246
0.03398500,-0.281
0.03399000,-0.245
0.03399500,-0.235
0.03400000,-0.248
0.03400500,-0.259
0.03401000,-0.253
0.03401500,-0.242
0.03402000,-0.262
0.03402500,-0.258
0.03403000,-0.262
0.03403500,-0.250
0.03404000,-0.257
0.03404500,-0.238
0.03405000,-0.234
0.03405500,-0.243
0.03406000,-0.249
0.03406500,-0.250
0.03407000,-0.238
0.03407500,-0.243
0.03408000,-0.236
0.03408500,-0.246
0.03409000,-0.229
0.03409500,-0.243
0.03410000,-0.257
0.03410500,-0.246
0.03411000,-0.243
0.03411500,-0.254
0.03412000,-0.255
0.03412500,-0.258
0.03413000,-0.257
0.03413500,-0.268
0.03414000,-0.271
0.03414500,-0.250
0.03415000,-0.244
0.03415500,-0.230
0.03416000,-0.220
0.03416500,-0.239
0.03417000,-0.239
0.03417500,-0.249
0.03418000,-0.236
0.03418500,-0.254
0.03419000,-0.253
0.03419500,-0.249
0.03420000,-0.251
0.03420500,-0.236
0.03421000,-0.238
0.03421500,-0.269
0.03422000,-0.237
0.03422500,-0.263
0.03423000,-0.259
0.03423500,-0.265
0.03424000,-0.243
0.03424500,-0.248
0.03425000,-0.249
0.03425500,-0.246
0.03426000,-0.238
0.03426500,-0.226
0.03427000,-0.236
0.03427500,-0.251
0.03428000,-0.227
0.03428500,-0.234
0.03429000,-0.248
0.03429500,-0.242
0.03430000,-0.230
0.03430500,-0.243
0.03431000,-0.251
0.03431500,-0.248
0.03432000,-0.243
0.03432500,-0.239
0.03433000,-0.238
0.03433500,-0.242
0.03434000,-0.242
0.03434500,-0.242
0.03435000,-0.247
0.03435500,-0.245
0.03436000,-0.251
0.03436500,-0.240
0.03437000,-0.255
0.03437500,-0.243
0.03438000,-0.255
0.03438500,-0.223
0.03439000,-0.249
0.03439500,-0.274
0.03440000,-0.241
0.03440500,-0.260
0.03441000,-0.252
0.03441500,-0.238
0.03442000,-0.234
0.03442500,-0.243
0.03443000,-0.237
0.03443500,-0.230
0.03444000,-0.230
0.03444500,-0.220
0.03445000,-0.233
0.03445500,-0.228
0.03446000,-0.231
0.03446500,-0.234
0.03447000,-0.236
0.03447500,-0.238
0.03448000,-0.234
0.03448500,-0.238
0.03449000,-0.263
0.03449500,-0.232
0.03450000,-0.248
0.03450500,-0.245
0.03451000,-0.240
0.03451500,-0.240
0.03452000,-0.247
0.03452500,-0.240
0.03453000,-0.251
0.03453500,-0.255
0.03454000,-0.257
0.03454500,-0.253
0.03455000,-0.253
0.03455500,-0.247
0.03456000,-0.248
0.03456500,-0.257
0.03457000,-0.241
0.03457500,-0.256
0.03458000,-0.238
0.03458500,-0.246
0.03459000,-0.275
0.03459500,-0.258
0.03460000,-0.254
0.03460500,-0.242
0.03461000,-0.231
0.03461500,-0.244
0.03462000,-0.234
0.03462500,-0.231
0.03463000,-0.222
0.03463500,-0.235
0.03464000,-0.224
0.03464500,-0.246
0.03465000,-0.234
0.03465500,-0.240
0.03466000,-0.261
0.03466500,-0.252
0.03467000,-0.245
0.03467500,-0.241
0.03468000,-0.233
0.03468500,-0.227
0.03469000,-0.216
0.03469500,-0.250
0.03470000,-0.232
0.03470500,-0.244
0.03471000,-0.240
0.03471500,-0.257
0.03472000,-0.256
0.03472500,-0.238
0.03473000,-0.247
0.03473500,-0.242
0.03474000,-0.261
0.03474500,-0.227
0.03475000,-0.246
0.03475500,-0.248
0.03476000,-0.242
0.03476500,-0.254
0.03477000,-0.263
0.03477500,-0.243
0.03478000,-0.251
0.03478500,-0.249
0.03479000,-0.259
0.03479500,-0.257
0.03480000,-0.267
0.03480500,-0.249
0.03481000,-0.245
0.03481500,-0.226
0.03482000,-0.225
0.03482500,-0.250
0.03483000,-0.234
0.03483500,-0.226
0.03484000,-0.260
0.03484500,-0.239
0.03485000,-0.252
0.03485500,-0.240
0.03486000,-0.233
0.03486500,-0.240
0.03487000,-0.235
0.03487500,-0.250
0.03488000,-0.254
0.03488500,-0.248
0.03489000,-0.236
0.03489500,-0.224
0.03490000,-0.239
0.03490500,-0.237
0.03491000,-0.237
0.03491500,-0.262
0.03492000,-0.245
0.03492500,-0.254
0.03493000,-0.253
0.03493500,-0.251
0.03494000,-0.243
0.03494500,-0.244
0.03495000,-0.252
0.03495500,-0.251
0.03496000,-0.236
0.03496500,-0.242
0.03497000,-0.238
0.03497500,-0.249
0.03498000,-0.250
0.03498500,-0.257
0.03499000,-0.260
0.03499500,-0.238
0.03500000,-0.248
0.03500500,-0.246
0.03501000,-0.250
0.03501500,-0.235
0.03502000,-0.237
0.03502500,-0.247
0.03503000,-0.251
0.03503500,-0.237
0.03504000,-0.236
0.03504500,-0.247
0.03505000,-0.258
0.03505500,-0.236
0.03506000,-0.236
0.03506500,-0.244
0.03507000,-0.252
0.03507500,-0.232
0.03508000,-0.232
0.03508500,-0.247
0.03509000,-0.266
0.03509500,-0.265
0.03510000,-0.263
0.03510500,-0.245
0.03511000,-0.226
0.03511500,-0.232
0.03512000,-0.252
0.03512500,-0.255
0.03513000,-0.248
0.03513500,-0.240
0.03514000,-0.245
0.03514500,-0.249
0.03515000,-0.249
0.03515500,-0.242
0.03516000,-0.232
0.03516500,-0.242
0.03517000,-0.232
0.03517500,-0.238
0.03518000,-0.238
0.03518500,-0.234
0.03519000,-0.226
0.03519500,-0.244
0.03520000,-0.240
0.03520500,-0.253
0.03521000,-0.251
0.03521500,-0.245
0.03522000,-0.253
0.03522500,-0.238
0.03523000,-0.254
0.03523500,-0.252
0.03524000,-0.269
0.03524500,-0.252
0.03525000,-0.243
0.03525500,-0.245
0.03526000,-0.240
0.03526500,-0.250
0.03527000,-0.269
0.03527500,-0.259
0.03528000,-0.243
0.03528500,-0.246
0.03529000,-0.250
0.03529500,-0.255
0.03530000,-0.234
0.03530500,-0.250
0.03531000,-0.229
0.03531500,-0.238
0.03532000,-0.236
0.03532500,-0.257
0.03533000,-0.268
0.03533500,-0.257
0.03534000,-0.251
0.03534500,-0.253
0.03535000,-0.244
0.03535500,-0.240
0.03536000,-0.248
0.03536500,-0.250
0.03537000,-0.251
0.03537500,-0.251
0.03538000,-0.246
0.03538500,-0.245
0.03539000,-0.241
0.03539500,-0.250
0.03540000,-0.234
0.03540500,-0.261
0.03541000,-0.266
0.03541500,-0.259
0.03542000,-0.239
0.03542500,-0.243
0.03543000,-0.234
0.03543500,-0.234
0.03544000,-0.242
0.03544500,-0.242
0.03545000,-0.258
0.03545500,-0.259
0.03546000,-0.245
0.03546500,-0.229
0.03547000,-0.251
0.03547500,-0.238
0.03548000,-0.238
0.03548500,-0.239
0.03549000,-0.225
0.03549500,-0.230
0.03550000,-0.245
0.03550500,-0.246
0.03551000,-0.233
0.03551500,-0.257
0.03552000,-0.247
0.03552500,-0.245
0.03553000,-0.241
0.03553500,-0.239
0.03554000,-0.239
0.03554500,-0.245
0.03555000,-0.244
0.03555500,-0.230
0.03556000,-0.246
0.03556500,-0.243
0.03557000,-0.252
0.03557500,-0.252
0.03558000,-0.244
0.03558500,-0.250
0.03559000,-0.245
0.03559500,-0.237
0.03560000,-0.250
0.03560500,-0.232
0.03561000,-0.215
0.03561500,-0.236
0.03562000,-0.242
0.03562500,-0.246
0.03563000,-0.239
0.03563500,-0.239
0.03564000,-0.249
0.03564500,-0.244
0.03565000,-0.226
0.03565500,-0.239
0.03566000,-0.233
0.03566500,-0.245
0.03567000,-0.247
0.03567500,-0.232
0.03568000,-0.240
0.03568500,-0.237
0.03569000,-0.214
0.03569500,-0.236
0.03570000,-0.255
0.03570500,-0.233
0.03571000,-0.246
0.03571500,-0.243
0.03572000,-0.234
0.03572500,-0.226
0.03573000,-0.231
0.03573500,-0.240
0.03574000,-0.231
0.03574500,-0.221
0.03575000,-0.223
0.03575500,-0.255
0.03576000,-0.238
0.03576500,-0.234
0.03577000,-0.242
0.03577500,-0.250
0.03578000,-0.262
0.03578500,-0.218
0.03579000,-0.218
0.03579500,-0.212
0.03580000,-0.234
0.03580500,-0.242
0.03581000,-0.232
0.03581500,-0.256
0.03582000,-0.243
0.03582500,-0.244
0.03583000,-0.244
0.03583500,-0.230
0.03584000,-0.232
0.03584500,-0.236
0.03585000,-0.240
0.03585500,-0.242
0.03586000,-0.239
0.03586500,-0.240
0.03587000,-0.262
0.03587500,-0.236
0.03588000,-0.234
0.03588500,-0.238
0.03589000,-0.245
0.03589500,-0.253
0.03590000,-0.261
0.03590500,-0.265
0.03591000,-0.273
0.03591500,-0.248
0.03592000,-0.236
0.03592500,-0.242
0.03593000,-0.227
0.03593500,-0.257
0.03594000,-0.255
0.03594500,-0.248
0.03595000,-0.252
0.03595500,-0.257
0.03596000,-0.252
0.03596500,-0.254
0.03597000,-0.256
0.03597500,-0.244
0.03598000,-0.246
0.03598500,-0.246
0.03599000,-0.240
0.03599500,-0.254
0.03600000,-0.247
0.03600500,-0.234
0.03601000,-0.245
0.03601500,-0.241
0.03602000,-0.243
0.03602500,-0.226
0.03603000,-0.222
0.03603500,-0.258
0.03604000,-0.251
0.03604500,-0.233
0.03605000,-0.224
0.03605500,-0.244
0.03606000,-0.234
0.03606500,-0.235
0.03607000,-0.238
0.03607500,-0.236
0.03608000,-0.221
0.03608500,-0.224
0.03609000,-0.250
0.03609500,-0.248
0.03610000,-0.242
0.03610500,-0.232
0.03611000,-0.240
0.03611500,-0.235
0.03612000,-0.265
0.03612500,-0.236
0.03613000,-0.243
0.03613500,-0.260
0.03614000,-0.269
0.03614500,-0.247
0.03615000,-0.266
0.03615500,-0.250
0.03616000,-0.265
0.03616500,-0.255
0.03617000,-0.260
0.03617500,-0.261
0.03618000,-0.269
0.03618500,-0.258
0.03619000,-0.246
0.03619500,-0.259
0.03620000,-0.240
0.03620500,-0.242
0.03621000,-0.242
0.03621500,-0.244
0.03622000,-0.244
0.03622500,-0.243
0.03623000,-0.233
0.03623500,-0.239
0.03624000,-0.231
0.03624500,-0.218
0.03625000,-0.236
0.03625500,-0.224
0.03626000,0.142
0.03626500,0.855
0.03627000,1.440
0.03627500,1.993
0.03628000,2.447
0.03628500,2.846
0.03629000,3.199
0.03629500,3.524
0.03630000,3.819
0.03630500,4.091
0.03631000,4.492
0.03631500,4.950
0.03632000,5.320
0.03632500,5.617
0.03633000,5.868
0.03633500,6.090
0.03634000,6.299
0.03634500,6.493
0.03635000,6.666
0.03635500,6.834
0.03636000,6.958
0.03636500,7.079
0.03637000,7.196
0.03637500,7.277
0.03638000,7.394
0.03638500,7.460
0.03639000,7.511
0.03639500,7.585
0.03640000,7.663
0.03640500,7.735
0.03641000,7.808
0.03641500,7.822
0.03642000,7.879
0.03642500,7.926
0.03643000,7.977
0.03643500,8.043
0.03644000,8.049
0.03644500,8.105
0.03645000,8.141
0.03645500,8.182
0.03646000,8.218
0.03646500,8.214
0.03647000,8.254
0.03647500,8.300
0.03648000,8.308
0.03648500,8.328
0.03649000,8.358
0.03649500,8.376
0.03650000,8.397
0.03650500,8.407
0.03651000,8.445
0.03651500,8.469
0.03652000,8.493
0.03652500,8.475
0.03653000,8.495
0.03653500,8.527
0.03654000,8.555
0.03654500,8.581
0.03655000,8.579
0.03655500,8.606
0.03656000,8.623
0.03656500,8.651
0.03657000,8.702
0.03657500,8.696
0.03658000,8.711
0.03658500,8.732
0.03659000,8.749
0.03659500,8.760
0.03660000,8.769
0.03660500,8.792
0.03661000,8.826
0.03661500,8.814
0.03662000,8.818
0.03662500,8.824
0.03663000,8.822
0.03663500,8.812
0.03664000,8.816
0.03664500,8.861
0.03665000,8.908
0.03665500,8.921
0.03666000,8.928
0.03666500,8.922
0.03667000,8.929
0.03667500,8.939
0.03668000,8.945
0.03668500,8.959
0.03669000,8.976
0.03669500,8.983
0.03670000,9.008
0.03670500,9.012
0.03671000,9.032
0.03671500,9.052
0.03672000,9.046
0.03672500,9.067
0.03673000,9.081
0.03673500,9.079
0.03674000,9.094
0.03674500,9.111
0.03675000,9.107
0.03675500,9.147
0.03676000,9.141
0.03676500,9.150
0.03677000,9.154
0.03677500,9.177
0.03678000,9.163
0.03678500,9.183
0.03679000,9.194
0.03679500,9.223
0.03680000,9.232
0.03680500,9.255
0.03681000,9.289
0.03681500,9.294
0.03682000,9.302
0.03682500,9.307
0.03683000,9.344
0.03683500,9.354
0.03684000,9.372
0.03684500,9.389
0.03685000,9.396
0.03685500,9.405
0.03686000,9.405
0.03686500,9.421
0.03687000,9.416
0.03687500,9.446
0.03688000,9.455
0.03688500,9.463
0.03689000,9.485
0.03689500,9.501
0.03690000,9.494
0.03690500,9.527
0.03691000,9.560
0.03691500,9.550
0.03692000,9.556
0.03692500,9.550
0.03693000,9.625
0.03693500,9.588
0.03694000,9.612
0.03694500,9.629
0.03695000,9.666
0.03695500,9.675
0.03696000,9.682
0.03696500,9.673
0.03697000,9.713
0.03697500,9.730
0.03698000,9.706
0.03698500,9.709
0.03699000,9.740
0.03699500,9.729
0.03700000,9.722
0.03700500,9.742
0.03701000,9.771
0.03701500,9.776
0.03702000,9.777
0.03702500,9.804
0.03703000,9.808
0.03703500,9.824
0.03704000,9.832
0.03704500,9.859
0.03705000,9.873
0.03705500,9.883
0.03706000,9.905
0.03706500,9.931
0.03707000,9.913
0.03707500,9.956
0.03708000,9.974
0.03708500,9.988
0.03709000,9.993
0.03709500,9.994
0.03710000,10.011
0.03710500,10.021
0.03711000,10.023
0.03711500,10.049
0.03712000,10.081
0.03712500,10.060
0.03713000,10.077
0.03713500,10.091
0.03714000,10.101
0.03714500,10.115
0.03715000,10.144
0.03715500,10.148
0.03716000,10.157
0.03716500,10.181
0.03717000,10.148
0.03717500,10.168
0.03718000,10.185
0.03718500,10.205
0.03719000,10.217
0.03719500,10.214
0.03720000,10.244
0.03720500,10.271
0.03721000,10.260
0.03721500,10.289
0.03722000,10.297
0.03722500,10.313
0.03723000,10.317
0.03723500,10.312
0.03724000,10.314
0.03724500,10.334
0.03725000,10.342
0.03725500,10.373
0.03726000,10.362
0.03726500,10.388
0.03727000,10.387
0.03727500,10.380
0.03728000,10.415
0.03728500,10.419
0.03729000,10.444
0.03729500,10.428
0.03730000,10.424
0.03730500,10.453
0.03731000,10.438
0.03731500,10.475
0.03732000,10.488
0.03732500,10.510
0.03733000,10.499
0.03733500,10.517
0.03734000,10.537
0.03734500,10.544
0.03735000,10.532
0.03735500,10.538
0.03736000,10.547
0.03736500,10.551
0.03737000,10.559
0.03737500,10.580
0.03738000,10.597
0.03738500,10.611
0.03739000,10.605
0.03739500,10.629
0.03740000,10.615
0.03740500,10.644
0.03741000,10.630
0.03741500,10.650
0.03742000,10.636
0.03742500,10.638
0.03743000,10.626
0.03743500,10.661
0.03744000,10.635
0.03744500,10.655
0.03745000,10.666
0.03745500,10.688
0.03746000,10.707
0.03746500,10.693
0.03747000,10.709
0.03747500,10.703
0.03748000,10.713
0.03748500,10.719
0.03749000,10.739
0.03749500,10.731
0.03750000,10.739
0.03750500,10.739
0.03751000,10.762
0.03751500,10.762
0.03752000,10.763
0.03752500,10.779
0.03753000,10.805
0.03753500,10.766
0.03754000,10.771
0.03754500,10.786
0.03755000,10.812
0.03755500,10.792
0.03756000,10.786
0.03756500,10.808
0.03757000,10.845
0.03757500,10.835
0.03758000,10.822
0.03758500,10.837
0.03759000,10.846
0.03759500,10.841
0.03760000,10.829
0.03760500,10.844
0.03761000,10.846
0.03761500,10.855
0.03762000,10.860
0.03762500,10.880
0.03763000,10.880
0.03763500,10.870
0.03764000,10.881
0.03764500,10.861
0.03765000,10.885
0.03765500,10.864
0.03766000,10.884
0.03766500,10.893
0.03767000,10.881
0.03767500,10.912
0.03768000,10.909
0.03768500,10.903
0.03769000,10.913
0.03769500,10.912
0.03770000,10.933
0.03770500,10.937
0.03771000,10.926
0.03771500,10.920
0.03772000,10.942
0.03772500,10.929
0.03773000,10.945
0.03773500,10.952
0.03774000,10.955
0.03774500,10.950
0.03775000,10.945
0.03775500,10.945
0.03776000,10.964
0.03776500,10.958
0.03777000,10.936
0.03777500,10.965
0.03778000,10.984
0.03778500,10.932
0.03779000,10.945
0.03779500,10.967
0.03780000,10.948
0.03780500,10.937
0.03781000,10.953
0.03781500,10.949
0.03782000,10.980
0.03782500,10.952
0.03783000,10.972
0.03783500,10.990
0.03784000,10.979
0.03784500,10.972
0.03785000,10.966
0.03785500,11.012
0.03786000,10.994
0.03786500,10.974
0.03787000,10.984
0.03787500,11.020
0.03788000,11.024
0.03788500,11.033
0.03789000,11.038
0.03789500,11.029
0.03790000,10.998
0.03790500,11.013
0.03791000,11.029
0.03791500,11.039
0.03792000,11.040
0.03792500,11.033
0.03793000,11.016
0.03793500,11.017
0.03794000,11.051
0.03794500,11.070
0.03795000,11.040
0.03795500,11.067
0.03796000,11.063
0.03796500,11.072
0.03797000,11.073
0.03797500,11.070
0.03798000,11.066
0.03798500,11.083
0.03799000,11.059
0.03799500,11.078
0.03800000,11.059
0.03800500,11.085
0.03801000,11.084
0.03801500,11.071
0.03802000,11.079
0.03802500,11.072
0.03803000,11.081
0.03803500,11.069
0.03804000,11.071
0.03804500,11.065
0.03805000,11.065
0.03805500,11.092
0.03806000,11.086
0.03806500,11.082
0.03807000,11.083
0.03807500,11.085
0.03808000,11.075
0.03808500,11.093
0.03809000,11.099
0.03809500,11.108
0.03810000,11.109
0.03810500,11.105
0.03811000,11.102
0.03811500,11.109
0.03812000,11.113
0.03812500,11.134
0.03813000,11.138
0.03813500,11.113
0.03814000,11.115
0.03814500,11.121
0.03815000,11.099
0.03815500,11.122
0.03816000,11.123
0.03816500,11.138
0.03817000,11.119
0.03817500,11.099
0.03818000,11.106
0.03818500,11.116
0.03819000,11.089
0.03819500,11.089
0.03820000,11.096
0.03820500,11.121
0.03821000,11.112
0.03821500,11.130
0.03822000,11.123
0.03822500,11.129
0.03823000,11.127
0.03823500,11.122
0.03824000,11.124
0.03824500,11.115
0.03825000,11.116
0.03825500,11.132
0.03826000,11.136
0.03826500,11.152
0.03827000,11.131
0.03827500,11.133
0.03828000,11.113
0.03828500,11.108
0.03829000,11.124
0.03829500,11.105
0.03830000,11.109
0.03830500,11.129
0.03831000,11.147
0.03831500,11.113
0.03832000,11.159
0.03832500,11.155
0.03833000,11.152
0.03833500,11.139
0.03834000,11.129
0.03834500,11.118
0.03835000,11.132
0.03835500,11.130
0.03836000,11.149
0.03836500,11.143
0.03837000,11.142
0.03837500,11.147
0.03838000,11.147
0.03838500,11.135
0.03839000,11.144
0.03839500,11.142
0.03840000,11.157
0.03840500,11.135
0.03841000,11.133
0.03841500,11.137
0.03842000,11.162
0.03842500,11.147
0.03843000,11.171
0.03843500,11.152
0.03844000,11.146
0.03844500,11.143
0.03845000,11.164
0.03845500,11.156
0.03846000,11.167
0.03846500,11.163
0.03847000,11.152
0.03847500,11.141
0.03848000,11.130
0.03848500,11.160
0.03849000,11.180
0.03849500,11.154
0.03850000,11.177
0.03850500,11.176
0.03851000,11.139
0.03851500,11.156
0.03852000,11.147
0.03852500,11.164
0.03853000,11.140
0.03853500,11.171
0.03854000,11.189
0.03854500,11.172
0.03855000,11.160
0.03855500,11.164
0.03856000,11.159
0.03856500,11.176
0.03857000,11.156
0.03857500,11.154
0.03858000,11.157
0.03858500,11.173
0.03859000,11.180
0.03859500,11.148
0.03860000,11.175
0.03860500,11.184
0.03861000,11.173
0.03861500,11.152
0.03862000,11.167
0.03862500,11.168
0.03863000,11.156
0.03863500,11.185
0.03864000,11.174
0.03864500,11.168
0.03865000,11.169
0.03865500,11.176
0.03866000,11.193
0.03866500,11.186
0.03867000,11.167
0.03867500,11.150
0.03868000,11.163
0.03868500,11.156
0.03869000,11.172
0.03869500,11.191
0.03870000,11.180
0.03870500,11.187
0.03871000,11.190
0.03871500,11.162
0.03872000,11.186
0.03872500,11.191
0.03873000,11.194
0.03873500,11.177
0.03874000,11.197
0.03874500,11.174
0.03875000,11.190
0.03875500,11.190
0.03876000,11.192
0.03876500,11.204
0.03877000,11.218
0.03877500,11.218
0.03878000,11.226
0.03878500,11.203
0.03879000,11.190
0.03879500,11.200
0.03880000,11.218
0.03880500,11.228
0.03881000,11.229
0.03881500,11.215
0.03882000,11.216
0.03882500,11.211
0.03883000,11.213
0.03883500,11.213
0.03884000,11.215
0.03884500,11.212
0.03885000,11.211
0.03885500,11.211
0.03886000,11.194
0.03886500,11.198
0.03887000,11.192
0.03887500,11.186
0.03888000,11.218
0.03888500,11.226
0.03889000,11.216
0.03889500,11.206
0.03890000,11.216
0.03890500,11.224
0.03891000,11.229
0.03891500,11.226
0.03892000,11.226
0.03892500,11.219
0.03893000,11.205
0.03893500,11.190
0.03894000,11.195
0.03894500,11.204
0.03895000,11.215
0.03895500,11.222
0.03896000,11.216
0.03896500,11.204
0.03897000,11.182
0.03897500,11.194
0.03898000,11.214
0.03898500,11.204
0.03899000,11.178
0.03899500,11.192
0.03900000,11.178
0.03900500,11.195
0.03901000,11.160
0.03901500,11.173
0.03902000,11.176
0.03902500,11.186
0.03903000,11.178
0.03903500,11.188
0.03904000,11.182
0.03904500,11.169
0.03905000,11.185
0.03905500,11.184
0.03906000,11.187
0.03906500,11.214
0.03907000,11.211
0.03907500,11.199
0.03908000,11.212
0.03908500,11.182
0.03909000,11.214
0.03909500,11.208
0.03910000,11.222
0.03910500,11.222
0.03911000,11.194
0.03911500,11.194
0.03912000,11.165
0.03912500,11.197
0.03913000,11.192
0.03913500,11.197
0.03914000,11.201
0.03914500,11.217
0.03915000,11.195
0.03915500,11.182
0.03916000,11.178
0.03916500,11.177
0.03917000,11.195
0.03917500,11.212
0.03918000,11.206
0.03918500,11.194
0.03919000,11.210
0.03919500,11.200
0.03920000,11.192
0.03920500,11.173
0.03921000,11.191
0.03921500,11.186
0.03922000,11.191
0.03922500,11.180
0.03923000,11.169
0.03923500,11.178
0.03924000,11.165
0.03924500,11.175
0.03925000,11.182
0.03925500,11.189
0.03926000,11.178
0.03926500,11.195
0.03927000,11.156
0.03927500,11.177
0.03928000,11.166
0.03928500,11.170
0.03929000,11.153
0.03929500,11.153
0.03930000,11.166
0.03930500,11.173
0.03931000,11.163
0.03931500,11.176
0.03932000,11.146
0.03932500,11.128
0.03933000,11.125
0.03933500,11.140
0.03934000,11.158
0.03934500,11.158
0.03935000,11.129
0.03935500,11.136
0.03936000,11.113
0.03936500,11.101
0.03937000,11.104
0.03937500,11.102
0.03938000,11.119
0.03938500,11.131
0.03939000,11.116
0.03939500,11.102
0.03940000,11.092
0.03940500,11.075
0.03941000,11.079
0.03941500,11.085
0.03942000,11.062
0.03942500,11.073
0.03943000,11.045
0.03943500,11.060
0.03944000,11.059
0.03944500,11.054
0.03945000,11.031
0.03945500,11.048
0.03946000,11.010
0.03946500,10.994
0.03947000,10.973
0.03947500,10.982
0.03948000,10.986
0.03948500,10.975
0.03949000,10.966
0.03949500,10.931
0.03950000,10.924
0.03950500,10.902
0.03951000,10.886
0.03951500,10.893
0.03952000,10.859
0.03952500,10.866
0.03953000,10.863
0.03953500,10.853
0.03954000,10.813
0.03954500,10.801
0.03955000,10.783
0.03955500,10.775
0.03956000,10.767
0.03956500,10.765
0.03957000,10.743
0.03957500,10.717
0.03958000,10.692
0.03958500,10.699
0.03959000,10.689
0.03959500,10.681
0.03960000,10.674
0.03960500,10.648
0.03961000,10.644
0.03961500,10.621
0.03962000,10.632
0.03962500,10.600
0.03963000,10.580
0.03963500,10.535
0.03964000,10.556
0.03964500,10.556
0.03965000,10.555
0.03965500,10.509
0.03966000,10.534
0.03966500,10.514
0.03967000,10.496
0.03967500,10.487
0.03968000,10.447
0.03968500,10.446
0.03969000,10.421
0.03969500,10.404
0.03970000,10.377
0.03970500,10.370
0.03971000,10.367
0.03971500,10.368
0.03972000,10.350
0.03972500,10.317
0.03973000,10.285
0.03973500,10.289
0.03974000,10.282
0.03974500,10.223
0.03975000,10.190
0.03975500,10.178
0.03976000,10.185
0.03976500,10.168
0.03977000,10.117
0.03977500,10.119
0.03978000,10.109
0.03978500,10.097
0.03979000,10.099
0.03979500,10.069
0.03980000,10.025
0.03980500,10.020
0.03981000,10.031
0.03981500,10.030
0.03982000,9.995
0.03982500,9.964
0.03983000,9.929
0.03983500,9.941
0.03984000,9.909
0.03984500,9.901
0.03985000,9.888
0.03985500,9.873
0.03986000,9.841
0.03986500,9.819
0.03987000,9.817
0.03987500,9.808
0.03988000,9.810
0.03988500,9.784
0.03989000,9.770
0.03989500,9.764
0.03990000,9.737
0.03990500,9.713
0.03991000,9.703
0.03991500,9.688
0.03992000,9.683
0.03992500,9.678
0.03993000,9.636
0.03993500,9.617
0.03994000,9.632
0.03994500,9.589
0.03995000,9.582
0.03995500,9.562
0.03996000,9.566
0.03996500,9.543
0.03997000,9.526
0.03997500,9.497
0.03998000,9.494
0.03998500,9.465
0.03999000,9.456
0.03999500,9.472
0.04000000,9.471
0.04000500,9.436
0.04001000,9.426
0.04001500,9.410
0.04002000,9.398
0.04002500,9.364
0.04003000,9.364
0.04003500,9.332
0.04004000,9.335
0.04004500,9.319
0.04005000,9.315
0.04005500,9.287
0.04006000,9.301
0.04006500,9.301
0.04007000,9.284
0.04007500,9.243
0.04008000,9.256
0.04008500,9.222
0.04009000,9.220
0.04009500,9.208
0.04010000,9.218
0.04010500,9.197
0.04011000,9.202
0.04011500,9.188
0.04012000,9.172
0.04012500,9.154
0.04013000,9.137
0.04013500,9.126
0.04014000,9.107
0.04014500,9.093
0.04015000,9.099
0.04015500,9.077
0.04016000,9.057
0.04016500,9.042
0.04017000,9.020
0.04017500,9.045
0.04018000,9.013
0.04018500,8.996
0.04019000,8.993
0.04019500,8.998
0.04020000,8.984
0.04020500,8.990
0.04021000,8.957
0.04021500,8.967
0.04022000,8.945
0.04022500,8.929
0.04023000,8.871
0.04023500,8.866
0.04024000,8.872
0.04024500,8.861
0.04025000,8.860
0.04025500,8.808
0.04026000,8.802
0.04026500,8.805
0.04027000,8.778
0.04027500,8.785
0.04028000,8.773
0.04028500,8.749
0.04029000,8.744
0.04029500,8.739
0.04030000,8.717
0.04030500,8.693
0.04031000,8.700
0.04031500,8.677
0.04032000,8.675
0.04032500,8.648
0.04033000,8.631
0.04033500,8.604
0.04034000,8.595
0.04034500,8.566
0.04035000,8.583
0.04035500,8.560
0.04036000,8.535
0.04036500,8.547
0.04037000,8.530
0.04037500,8.514
0.04038000,8.477
0.04038500,8.461
0.04039000,8.477
0.04039500,8.450
0.04040000,8.433
0.04040500,8.428
0.04041000,8.410
0.04041500,8.378
0.04042000,8.380
0.04042500,8.372
0.04043000,8.385
0.04043500,8.365
0.04044000,8.333
0.04044500,8.321
0.04045000,8.304
0.04045500,8.292
0.04046000,8.291
0.04046500,8.272
0.04047000,8.245
0.04047500,8.231
0.04048000,8.237
0.04048500,8.232
0.04049000,8.194
0.04049500,8.193
0.04050000,8.166
0.04050500,8.161
0.04051000,8.147
0.04051500,8.141
0.04052000,8.085
0.04052500,8.093
0.04053000,8.075
0.04053500,8.089
0.04054000,8.093
0.04054500,8.089
0.04055000,8.087
0.04055500,8.057
0.04056000,8.050
0.04056500,8.030
0.04057000,8.002
0.04057500,7.982
0.04058000,7.969
0.04058500,7.961
0.04059000,7.951
0.04059500,7.959
0.04060000,7.941
0.04060500,7.909
0.04061000,7.895
0.04061500,7.892
0.04062000,7.882
0.04062500,7.888
0.04063000,7.859
0.04063500,7.842
0.04064000,7.840
0.04064500,7.804
0.04065000,7.769
0.04065500,7.776
0.04066000,7.797
0.04066500,7.784
0.04067000,7.760
0.04067500,7.758
0.04068000,7.757
0.04068500,7.713
0.04069000,7.724
0.04069500,7.689
0.04070000,7.700
0.04070500,7.676
0.04071000,7.657
0.04071500,7.644
0.04072000,7.608
0.04072500,7.623
0.04073000,7.610
0.04073500,7.583
0.04074000,7.579
0.04074500,7.547
0.04075000,7.528
0.04075500,7.508
0.04076000,7.499
0.04076500,7.474
0.04077000,7.464
0.04077500,7.473
0.04078000,7.482
0.04078500,7.467
0.04079000,7.455
0.04079500,7.439
0.04080000,7.424
0.04080500,7.427
0.04081000,7.405
0.04081500,7.405
0.04082000,7.378
0.04082500,7.382
0.04083000,7.350
0.04083500,7.325
0.04084000,7.336
0.04084500,7.337
0.04085000,7.330
0.04085500,7.303
0.04086000,7.299
0.04086500,7.293
0.04087000,7.271
0.04087500,7.252
0.04088000,7.272
0.04088500,7.241
0.04089000,7.226
0.04089500,7.213
0.04090000,7.201
0.04090500,7.183
0.04091000,7.158
0.04091500,7.162
0.04092000,7.154
0.04092500,7.156
0.04093000,7.155
0.04093500,7.133
0.04094000,7.113
0.04094500,7.098
0.04095000,7.074
0.04095500,7.086
0.04096000,7.094
0.04096500,7.070
0.04097000,7.059
0.04097500,7.048
0.04098000,7.051
0.04098500,7.017
0.04099000,7.010
0.04099500,6.978
0.04100000,6.979
0.04100500,6.982
0.04101000,6.968
0.04101500,6.957
0.04102000,6.960
0.04102500,6.936
0.04103000,6.921
0.04103500,6.919
0.04104000,6.917
0.04104500,6.905
0.04105000,6.899
0.04105500,6.886
0.04106000,6.894
0.04106500,6.874
0.04107000,6.840
0.04107500,6.834
0.04108000,6.839
0.04108500,6.820
0.04109000,6.798
0.04109500,6.823
0.04110000,6.795
0.04110500,6.748
0.04111000,6.749
0.04111500,6.737
0.04112000,6.729
0.04112500,6.704
0.04113000,6.700
0.04113500,6.685
0.04114000,6.673
0.04114500,6.640
0.04115000,6.649
0.04115500,6.625
0.04116000,6.600
0.04116500,6.597
0.04117000,6.586
0.04117500,6.592
0.04118000,6.575
0.04118500,6.556
0.04119000,6.556
0.04119500,6.542
0.04120000,6.502
0.04120500,6.513
0.04121000,6.523
0.04121500,6.518
0.04122000,6.509
0.04122500,6.519
0.04123000,6.491
0.04123500,6.488
0.04124000,6.494
0.04124500,6.466
0.04125000,6.460
0.04125500,6.461
0.04126000,6.449
0.04126500,6.433
0.04127000,6.434
0.04127500,6.394
0.04128000,6.401
0.04128500,6.399
0.04129000,6.373
0.04129500,6.364
0.04130000,6.349
0.04130500,6.324
0.04131000,6.329
0.04131500,6.311
0.04132000,6.325
0.04132500,6.318
0.04133000,6.290
0.04133500,6.269
0.04134000,6.283
0.04134500,6.261
0.04135000,6.242
0.04135500,6.236
0.04136000,6.247
0.04136500,6.202
0.04137000,6.183
0.04137500,6.182
0.04138000,6.184
0.04138500,6.179
0.04139000,6.175
0.04139500,6.178
0.04140000,6.157
0.04140500,6.130
0.04141000,6.124
0.04141500,6.105
0.04142000,6.115
0.04142500,6.080
0.04143000,6.078
0.04143500,6.058
0.04144000,6.058
0.04144500,6.064
0.04145000,6.051
0.04145500,6.010
0.04146000,6.011
0.04146500,6.011
0.04147000,6.017
0.04147500,5.989
0.04148000,5.986
0.04148500,5.969
0.04149000,5.969
0.04149500,5.961
0.04150000,5.958
0.04150500,5.924
0.04151000,5.905
0.04151500,5.901
0.04152000,5.887
0.04152500,5.875
0.04153000,5.880
0.04153500,5.873
0.04154000,5.845
0.04154500,5.837
0.04155000,5.828
0.04155500,5.834
0.04156000,5.824
0.04156500,5.806
0.04157000,5.773
0.04157500,5.774
0.04158000,5.744
0.04158500,5.757
0.04159000,5.741
0.04159500,5.727
0.04160000,5.715
0.04160500,5.694
0.04161000,5.686
0.04161500,5.678
0.04162000,5.656
0.04162500,5.640
0.04163000,5.650
0.04163500,5.653
0.04164000,5.599
0.04164500,5.589
0.04165000,5.554
0.04165500,5.550
0.04166000,5.553
0.04166500,5.528
0.04167000,5.526
0.04167500,5.508
0.04168000,5.503
0.04168500,5.475
0.04169000,5.475
0.04169500,5.460
0.04170000,5.456
0.04170500,5.454
0.04171000,5.412
0.04171500,5.374
0.04172000,5.403
0.04172500,5.357
0.04173000,5.344
0.04173500,5.349
0.04174000,5.315
0.04174500,5.304
0.04175000,5.287
0.04175500,5.269
0.04176000,5.285
0.04176500,5.250
0.04177000,5.233
0.04177500,5.212
0.04178000,5.200
0.04178500,5.190
0.04179000,5.186
0.04179500,5.135
0.04180000,5.132
0.04180500,5.116
0.04181000,5.103
0.04181500,5.104
0.04182000,5.074
0.04182500,5.085
0.04183000,5.051
0.04183500,5.025
0.04184000,4.999
0.04184500,4.997
0.04185000,4.971
0.04185500,4.982
0.04186000,4.940
0.04186500,4.940
0.04187000,4.943
0.04187500,4.908
0.04188000,4.911
0.04188500,4.910
0.04189000,4.877
0.04189500,4.873
0.04190000,4.855
0.04190500,4.822
0.04191000,4.798
0.04191500,4.788
0.04192000,4.766
0.04192500,4.725
0.04193000,4.717
0.04193500,4.731
0.04194000,4.697
0.04194500,4.702
0.04195000,4.662
0.04195500,4.642
0.04196000,4.616
0.04196500,4.594
0.04197000,4.578
0.04197500,4.598
0.04198000,4.578
0.04198500,4.543
0.04199000,4.530
0.04199500,4.515
0.04200000,4.496
0.04200500,4.476
0.04201000,4.457
0.04201500,4.443
0.04202000,4.434
0.04202500,4.414
0.04203000,4.374
0.04203500,4.376
0.04204000,4.351
0.04204500,4.320
0.04205000,4.323
0.04205500,4.308
0.04206000,4.301
0.04206500,4.245
0.04207000,4.244
0.04207500,4.271
0.04208000,4.233
0.04208500,4.214
0.04209000,4.200
0.04209500,4.176
0.04210000,4.145
0.04210500,4.156
0.04211000,4.140
0.04211500,4.129
0.04212000,4.109
0.04212500,4.103
0.04213000,4.085
0.04213500,4.079
0.04214000,4.075
0.04214500,4.048
0.04215000,4.025
0.04215500,3.995
0.04216000,3.986
0.04216500,3.971
0.04217000,3.956
0.04217500,3.930
0.04218000,3.910
0.04218500,3.871
0.04219000,3.873
0.04219500,3.862
0.04220000,3.850
0.04220500,3.853
0.04221000,3.835
0.04221500,3.803
0.04222000,3.781
0.04222500,3.792
0.04223000,3.768
0.04223500,3.782
0.04224000,3.772
0.04224500,3.745
0.04225000,3.710
0.04225500,3.710
0.04226000,3.686
0.04226500,3.659
0.04227000,3.638
0.04227500,3.618
0.04228000,3.629
0.04228500,3.582
0.04229000,3.591
0.04229500,3.558
0.04230000,3.554
0.04230500,3.538
0.04231000,3.517
0.04231500,3.518
0.04232000,3.516
0.04232500,3.504
0.04233000,3.468
0.04233500,3.446
0.04234000,3.423
0.04234500,3.426
0.04235000,3.407
0.04235500,3.404
0.04236000,3.366
0.04236500,3.372
0.04237000,3.337
0.04237500,3.329
0.04238000,3.321
0.04238500,3.311
0.04239000,3.304
0.04239500,3.308
0.04240000,3.278
0.04240500,3.240
0.04241000,3.252
0.04241500,3.206
0.04242000,3.168
0.04242500,3.191
0.04243000,3.170
0.04243500,3.149
0.04244000,3.143
0.04244500,3.111
0.04245000,3.095
0.04245500,3.080
0.04246000,3.063
0.04246500,3.064
0.04247000,3.034
0.04247500,3.029
0.04248000,2.990
0.04248500,2.967
0.04249000,2.968
0.04249500,2.937
0.04250000,2.923
0.04250500,2.929
0.04251000,2.915
0.04251500,2.895
0.04252000,2.885
0.04252500,2.835
0.04253000,2.832
0.04253500,2.812
0.04254000,2.818
0.04254500,2.803
0.04255000,2.781
0.04255500,2.743
0.04256000,2.739
0.04256500,2.724
0.04257000,2.701
0.04257500,2.679
0.04258000,2.672
0.04258500,2.636
0.04259000,2.648
0.04259500,2.602
0.04260000,2.580
0.04260500,2.567
0.04261000,2.537
0.04261500,2.509
0.04262000,2.509
0.04262500,2.463
0.04263000,2.450
0.04263500,2.432
0.04264000,2.403
0.04264500,2.396
0.04265000,2.372
0.04265500,2.362
0.04266000,2.359
0.04266500,2.317
0.04267000,2.293
0.04267500,2.274
0.04268000,2.246
0.04268500,2.223
0.04269000,2.192
0.04269500,2.178
0.04270000,2.140
0.04270500,2.112
0.04271000,2.119
0.04271500,2.084
0.04272000,2.073
0.04272500,2.087
0.04273000,2.020
0.04273500,2.010
0.04274000,1.993
0.04274500,1.967
0.04275000,1.941
0.04275500,1.907
0.04276000,1.922
0.04276500,1.878
0.04277000,1.865
0.04277500,1.827
0.04278000,1.821
0.04278500,1.787
0.04279000,1.756
0.04279500,1.730
0.04280000,1.696
0.04280500,1.671
0.04281000,1.648
0.04281500,1.616
0.04282000,1.601
0.04282500,1.603
0.04283000,1.592
0.04283500,1.561
0.04284000,1.519
0.04284500,1.494
0.04285000,1.469
0.04285500,1.456
0.04286000,1.431
0.04286500,1.388
0.04287000,1.376
0.04287500,1.355
0.04288000,1.338
0.04288500,1.320
0.04289000,1.281
0.04289500,1.251
0.04290000,1.244
0.04290500,1.214
0.04291000,1.181
0.04291500,1.157
0.04292000,1.172
0.04292500,1.119
0.04293000,1.081
0.04293500,1.071
0.04294000,1.033
0.04294500,0.991
0.04295000,0.965
0.04295500,0.947
0.04296000,0.931
0.04296500,0.893
0.04297000,0.847
0.04297500,0.855
0.04298000,0.804
0.04298500,0.792
0.04299000,0.744
0.04299500,0.693
0.04300000,0.707
0.04300500,0.655
0.04301000,0.637
0.04301500,0.607
0.04302000,0.581
0.04302500,0.576
0.04303000,0.580
0.04303500,0.527
0.04304000,0.479
0.04304500,0.436
0.04305000,0.422
0.04305500,0.246
0.04306000,-0.161
0.04306500,-0.169
0.04307000,-0.162
0.04307500,-0.174
0.04308000,-0.146
0.04308500,-0.162
0.04309000,-0.169
0.04309500,-0.174
0.04310000,-0.170
0.04310500,-0.173
0.04311000,-0.178
0.04311500,-0.172
0.04312000,-0.171
0.04312500,-0.175
0.04313000,-0.184
0.04313500,-0.186
0.04314000,-0.196
0.04314500,-0.188
0.04315000,-0.180
0.04315500,-0.176
0.04316000,-0.185
0.04316500,-0.194
0.04317000,-0.192
0.04317500,-0.162
0.04318000,-0.171
0.04318500,-0.181
0.04319000,-0.170
0.04319500,-0.179
0.04320000,-0.174
0.04320500,-0.174
0.04321000,-0.174
0.04321500,-0.164
0.04322000,-0.184
0.04322500,-0.180
0.04323000,-0.174
0.04323500,-0.180
0.04324000,-0.178
0.04324500,-0.190
0.04325000,-0.178
0.04325500,-0.162
0.04326000,-0.162
0.04326500,-0.178
0.04327000,-0.183
0.04327500,-0.178
0.04328000,-0.173
0.04328500,-0.160
0.04329000,-0.166
0.04329500,-0.176
0.04330000,-0.178
0.04330500,-0.180
0.04331000,-0.184
0.04331500,-0.183
0.04332000,-0.183
0.04332500,-0.179
0.04333000,-0.180
0.04333500,-0.181
0.04334000,-0.154
0.04334500,-0.186
0.04335000,-0.188
0.04335500,-0.174
0.04336000,-0.176
0.04336500,-0.177
0.04337000,-0.201
0.04337500,-0.180
0.04338000,-0.195
0.04338500,-0.160
0.04339000,-0.165
0.04339500,-0.169
0.04340000,-0.166
0.04340500,-0.178
0.04341000,-0.187
0.04341500,-0.169
0.04342000,-0.170
0.04342500,-0.188
0.04343000,-0.182
0.04343500,-0.188
0.04344000,-0.188
0.04344500,-0.182
0.04345000,-0.196
0.04345500,-0.192
0.04346000,-0.191
0.04346500,-0.178
0.04347000,-0.178
0.04347500,-0.167
0.04348000,-0.196
0.04348500,-0.186
0.04349000,-0.176
0.04349500,-0.186
0.04350000,-0.177
0.04350500,-0.178
0.04351000,-0.186
0.04351500,-0.188
0.04352000,-0.187
0.04352500,-0.173
0.04353000,-0.184
0.04353500,-0.188
0.04354000,-0.189
0.04354500,-0.202
0.04355000,-0.192
0.04355500,-0.182
0.04356000,-0.184
0.04356500,-0.189
0.04357000,-0.176
0.04357500,-0.166
0.04358000,-0.182
0.04358500,-0.172
0.04359000,-0.177
0.04359500,-0.170
0.04360000,-0.169
0.04360500,-0.163
0.04361000,-0.155
0.04361500,-0.175
0.04362000,-0.176
0.04362500,-0.181
0.04363000,-0.196
0.04363500,-0.184
0.04364000,-0.188
0.04364500,-0.177
0.04365000,-0.172
0.04365500,-0.186
0.04366000,-0.175
0.04366500,-0.174
0.04367000,-0.162
0.04367500,-0.181
0.04368000,-0.188
0.04368500,-0.191
0.04369000,-0.197
0.04369500,-0.193
0.04370000,-0.171
0.04370500,-0.171
0.04371000,-0.172
0.04371500,-0.168
0.04372000,-0.170
0.04372500,-0.188
0.04373000,-0.173
0.04373500,-0.175
0.04374000,-0.169
0.04374500,-0.164
0.04375000,-0.171
0.04375500,-0.173
0.04376000,-0.168
0.04376500,-0.180
0.04377000,-0.178
0.04377500,-0.171
0.04378000,-0.161
0.04378500,-0.163
0.04379000,-0.170
0.04379500,-0.180
0.04380000,-0.196
0.04380500,-0.165
0.04381000,-0.182
0.04381500,-0.160
0.04382000,-0.157
0.04382500,-0.174
0.04383000,-0.182
0.04383500,-0.187
0.04384000,-0.176
0.04384500,-0.180
0.04385000,-0.181
0.04385500,-0.178
0.04386000,-0.184
0.04386500,-0.182
0.04387000,-0.190
0.04387500,-0.186
0.04388000,-0.180
0.04388500,-0.176
0.04389000,-0.180
0.04389500,-0.178
0.04390000,-0.191
0.04390500,-0.197
0.04391000,-0.193
0.04391500,-0.185
0.04392000,-0.186
0.04392500,-0.176
0.04393000,-0.172
0.04393500,-0.186
0.04394000,-0.196
0.04394500,-0.177
0.04395000,-0.174
0.04395500,-0.168
0.04396000,-0.180
0.04396500,-0.178
0.04397000,-0.187
0.04397500,-0.195
0.04398000,-0.182
0.04398500,-0.185
0.04399000,-0.163
0.04399500,-0.170
0.04400000,-0.155
0.04400500,-0.177
0.04401000,-0.180
0.04401500,-0.177
0.04402000,-0.161
0.04402500,-0.169
0.04403000,-0.177
0.04403500,-0.180
0.04404000,-0.176
0.04404500,-0.181
0.04405000,-0.198
0.04405500,-0.188
0.04406000,-0.195
0.04406500,-0.163
0.04407000,-0.171
0.04407500,-0.192
0.04408000,-0.166
0.04408500,-0.193
0.04409000,-0.158
0.04409500,-0.175
0.04410000,-0.175
0.04410500,-0.187
0.04411000,-0.189
0.04411500,-0.158
0.04412000,-0.171
0.04412500,-0.187
0.04413000,-0.170
0.04413500,-0.172
0.04414000,-0.169
0.04414500,-0.168
0.04415000,-0.166
0.04415500,-0.165
0.04416000,-0.174
0.04416500,-0.188
0.04417000,-0.187
0.04417500,-0.180
0.04418000,-0.194
0.04418500,-0.192
0.04419000,-0.182
0.04419500,-0.184
0.04420000,-0.173
0.04420500,-0.188
0.04421000,-0.190
0.04421500,-0.183
0.04422000,-0.185
0.04422500,-0.172
0.04423000,-0.167
0.04423500,-0.174
0.04424000,-0.184
0.04424500,-0.190
0.04425000,-0.183
0.04425500,-0.177
0.04426000,-0.190
0.04426500,-0.184
0.04427000,-0.186
0.04427500,-0.186
0.04428000,-0.176
0.04428500,-0.161
0.04429000,-0.168
0.04429500,-0.171
0.04430000,-0.191
0.04430500,-0.185
0.04431000,-0.182
0.04431500,-0.183
0.04432000,-0.188
0.04432500,-0.177
0.04433000,-0.188
0.04433500,-0.166
0.04434000,-0.188
0.04434500,-0.182
0.04435000,-0.188
0.04435500,-0.191
0.04436000,-0.176
0.04436500,-0.180
0.04437000,-0.184
0.04437500,-0.192
0.04438000,-0.202
0.04438500,-0.183
0.04439000,-0.196
0.04439500,-0.182
0.04440000,-0.177
0.04440500,-0.176
0.04441000,-0.182
0.04441500,-0.188
0.04442000,-0.177
0.04442500,-0.179
0.04443000,-0.198
0.04443500,-0.194
0.04444000,-0.194
0.04444500,-0.185
0.04445000,-0.187
0.04445500,-0.176
0.04446000,-0.176
0.04446500,-0.170
0.04447000,-0.185
0.04447500,-0.178
0.04448000,-0.185
0.04448500,-0.186
0.04449000,-0.179
0.04449500,-0.186
0.04450000,-0.183
0.04450500,-0.191
0.04451000,-0.176
0.04451500,-0.163
0.04452000,-0.166
0.04452500,-0.166
0.04453000,-0.171
0.04453500,-0.188
0.04454000,-0.186
0.04454500,-0.170
0.04455000,-0.176
0.04455500,-0.174
0.04456000,-0.177
0.04456500,-0.166
0.04457000,-0.178
0.04457500,-0.181
0.04458000,-0.191
0.04458500,-0.182
0.04459000,-0.175
0.04459500,-0.165
0.04460000,-0.181
0.04460500,-0.178
0.04461000,-0.177
0.04461500,-0.174
0.04462000,-0.175
0.04462500,-0.188
0.04463000,-0.169
0.04463500,-0.183
0.04464000,-0.187
0.04464500,-0.183
0.04465000,-0.184
0.04465500,-0.173
0.04466000,-0.160
0.04466500,-0.190
0.04467000,-0.189
0.04467500,-0.186
0.04468000,-0.172
0.04468500,-0.172
0.04469000,-0.169
0.04469500,-0.166
0.04470000,-0.175
0.04470500,-0.165
0.04471000,-0.167
0.04471500,-0.172
0.04472000,-0.177
0.04472500,-0.181
0.04473000,-0.192
0.04473500,-0.182
0.04474000,-0.174
0.04474500,-0.166
0.04475000,-0.160
0.04475500,-0.170
0.04476000,-0.194
0.04476500,-0.166
0.04477000,-0.181
0.04477500,-0.170
0.04478000,-0.181
0.04478500,-0.168
0.04479000,-0.193
0.04479500,-0.185
0.04480000,-0.188
0.04480500,-0.201
0.04481000,-0.183
0.04481500,-0.176
0.04482000,-0.178
0.04482500,-0.176
0.04483000,-0.175
0.04483500,-0.192
0.04484000,-0.180
0.04484500,-0.182
0.04485000,-0.179
0.04485500,-0.170
0.04486000,-0.171
0.04486500,-0.176
0.04487000,-0.178
0.04487500,-0.188
0.04488000,-0.190
0.04488500,-0.188
0.04489000,-0.201
0.04489500,-0.186
0.04490000,-0.193
0.04490500,-0.160
0.04491000,-0.195
0.04491500,-0.168
0.04492000,-0.183
0.04492500,-0.178
0.04493000,-0.180
0.04493500,-0.188
0.04494000,-0.193
0.04494500,-0.178
0.04495000,-0.192
0.04495500,-0.200
0.04496000,-0.170
0.04496500,-0.151
0.04497000,-0.168
0.04497500,-0.157
0.04498000,-0.163
0.04498500,-0.173
0.04499000,-0.167
0.04499500,-0.176
0.04500000,-0.176
0.04500500,-0.169
0.04501000,-0.182
0.04501500,-0.196
0.04502000,-0.183
0.04502500,-0.178
0.04503000,-0.184
0.04503500,-0.172
0.04504000,-0.179
0.04504500,-0.173
0.04505000,-0.174
0.04505500,-0.175
0.04506000,-0.184
0.04506500,-0.194
0.04507000,-0.175
0.04507500,-0.178
0.04508000,-0.176
0.04508500,-0.178
0.04509000,-0.188
0.04509500,-0.167
0.04510000,-0.180
0.04510500,-0.186
0.04511000,-0.174
0.04511500,-0.182
0.04512000,-0.186
0.04512500,-0.183
0.04513000,-0.181
0.04513500,-0.192
0.04514000,-0.192
0.04514500,-0.210
0.04515000,-0.192
0.04515500,-0.203
0.04516000,-0.196
0.04516500,-0.194
0.04517000,-0.191
0.04517500,-0.189
0.04518000,-0.192
0.04518500,-0.204
0.04519000,-0.190
0.04519500,-0.194
0.04520000,-0.184
0.04520500,-0.173
0.04521000,-0.189
0.04521500,-0.199
0.04522000,-0.182
0.04522500,-0.162
0.04523000,-0.164
0.04523500,-0.178
0.04524000,-0.162
0.04524500,-0.179
0.04525000,-0.171
0.04525500,-0.184
0.04526000,-0.165
0.04526500,-0.166
0.04527000,-0.173
0.04527500,-0.170
0.04528000,-0.178
0.04528500,-0.180
0.04529000,-0.189
0.04529500,-0.173
0.04530000,-0.176
0.04530500,-0.187
0.04531000,-0.192
0.04531500,-0.179
0.04532000,-0.184
0.04532500,-0.194
0.04533000,-0.192
0.04533500,-0.181
0.04534000,-0.184
0.04534500,-0.157
0.04535000,-0.163
0.04535500,-0.166
0.04536000,-0.177
0.04536500,-0.168
0.04537000,-0.168
0.04537500,-0.178
0.04538000,-0.180
0.04538500,-0.171
0.04539000,-0.176
0.04539500,-0.183
0.04540000,-0.176
0.04540500,-0.186
0.04541000,-0.179
0.04541500,-0.192
0.04542000,-0.181
0.04542500,-0.177
0.04543000,-0.185
0.04543500,-0.190
0.04544000,-0.203
0.04544500,-0.202
0.04545000,-0.180
0.04545500,-0.180
0.04546000,-0.188
0.04546500,-0.172
0.04547000,-0.162
0.04547500,-0.168
0.04548000,-0.174
0.04548500,-0.180
0.04549000,-0.191
0.04549500,-0.188
0.04550000,-0.180
0.04550500,-0.170
0.04551000,-0.181
0.04551500,-0.199
0.04552000,-0.169
0.04552500,-0.179
0.04553000,-0.176
0.04553500,-0.174
0.04554000,-0.179
0.04554500,-0.169
0.04555000,-0.170
0.04555500,-0.171
0.04556000,-0.177
0.04556500,-0.181
0.04557000,-0.174
0.04557500,-0.177
0.04558000,-0.173
0.04558500,-0.184
0.04559000,-0.198
0.04559500,-0.190
0.04560000,-0.202
0.04560500,-0.188
0.04561000,-0.173
0.04561500,-0.184
0.04562000,-0.177
0.04562500,-0.186
0.04563000,-0.167
0.04563500,-0.176
0.04564000,-0.186
0.04564500,-0.180
0.04565000,-0.171
0.04565500,-0.165
0.04566000,-0.172
0.04566500,-0.188
0.04567000,-0.180
0.04567500,-0.194
0.04568000,-0.191
0.04568500,-0.172
0.04569000,-0.176
0.04569500,-0.204
0.04570000,-0.186
0.04570500,-0.185
0.04571000,-0.188
0.04571500,-0.186
0.04572000,-0.200
0.04572500,-0.190
0.04573000,-0.180
0.04573500,-0.180
0.04574000,-0.178
0.04574500,-0.174
0.04575000,-0.170
0.04575500,-0.183
0.04576000,-0.181
0.04576500,-0.182
0.04577000,-0.176
0.04577500,-0.180
0.04578000,-0.184
0.04578500,-0.170
0.04579000,-0.165
0.04579500,-0.187
0.04580000,-0.186
0.04580500,-0.170
0.04581000,-0.194
0.04581500,-0.197
0.04582000,-0.177
0.04582500,-0.186
0.04583000,-0.196
0.04583500,-0.171
0.04584000,-0.198
0.04584500,-0.202
0.04585000,-0.192
0.04585500,-0.204
0.04586000,-0.180
0.04586500,-0.184
0.04587000,-0.179
0.04587500,-0.188
0.04588000,-0.198
0.04588500,-0.171
0.04589000,-0.293
0.04589500,-0.748
0.04590000,-1.110
0.04590500,-1.512
0.04591000,-1.927
0.04591500,-2.237
0.04592000,-2.494
0.04592500,-2.729
0.04593000,-2.943
0.04593500,-3.109
0.04594000,-3.277
0.04594500,-3.400
0.04595000,-3.520
0.04595500,-3.631
0.04596000,-3.733
0.04596500,-3.810
0.04597000,-3.904
0.04597500,-3.967
0.04598000,-4.060
0.04598500,-4.158
0.04599000,-4.263
0.04599500,-4.359
0.04600000,-4.416
0.04600500,-4.500
0.04601000,-4.563
0.04601500,-4.630
0.04602000,-4.689
0.04602500,-4.747
0.04603000,-4.797
0.04603500,-4.849
0.04604000,-4.906
0.04604500,-4.991
0.04605000,-5.071
0.04605500,-5.184
0.04606000,-5.343
0.04606500,-5.665
0.04607000,-5.968
0.04607500,-6.220
0.04608000,-6.412
0.04608500,-6.572
0.04609000,-6.708
0.04609500,-6.841
0.04610000,-6.968
0.04610500,-7.080
0.04611000,-7.168
0.04611500,-7.252
0.04612000,-7.327
0.04612500,-7.374
0.04613000,-7.462
0.04613500,-7.521
0.04614000,-7.564
0.04614500,-7.616
0.04615000,-7.667
0.04615500,-7.706
0.04616000,-7.745
0.04616500,-7.774
0.04617000,-7.791
0.04617500,-7.825
0.04618000,-7.858
0.04618500,-7.899
0.04619000,-7.935
0.04619500,-7.988
0.04620000,-8.028
0.04620500,-8.032
0.04621000,-8.051
0.04621500,-8.074
0.04622000,-8.110
0.04622500,-8.108
0.04623000,-8.125
0.04623500,-8.163
0.04624000,-8.203
0.04624500,-8.231
0.04625000,-8.229
0.04625500,-8.256
0.04626000,-8.270
0.04626500,-8.312
0.04627000,-8.320
0.04627500,-8.331
0.04628000,-8.315
0.04628500,-8.336
0.04629000,-8.345
0.04629500,-8.375
0.04630000,-8.404
0.04630500,-8.394
0.04631000,-8.430
0.04631500,-8.407
0.04632000,-8.444
0.04632500,-8.454
0.04633000,-8.457
0.04633500,-8.460
0.04634000,-8.492
0.04634500,-8.502
0.04635000,-8.508
0.04635500,-8.525
0.04636000,-8.514
0.04636500,-8.558
0.04637000,-8.559
0.04637500,-8.570
0.04638000,-8.568
0.04638500,-8.572
0.04639000,-8.608
0.04639500,-8.606
0.04640000,-8.607
0.04640500,-8.630
0.04641000,-8.640
0.04641500,-8.639
0.04642000,-8.646
0.04642500,-8.666
0.04643000,-8.675
0.04643500,-8.693
0.04644000,-8.715
0.04644500,-8.702
0.04645000,-8.725
0.04645500,-8.714
0.04646000,-8.762
0.04646500,-8.763
0.04647000,-8.758
0.04647500,-8.790
0.04648000,-8.818
0.04648500,-8.830
0.04649000,-8.831
0.04649500,-8.833
0.04650000,-8.849
0.04650500,-8.857
0.04651000,-8.892
0.04651500,-8.899
0.04652000,-8.911
0.04652500,-8.889
0.04653000,-8.921
0.04653500,-8.942
0.04654000,-8.962
0.04654500,-8.970
0.04655000,-8.987
0.04655500,-9.010
0.04656000,-9.000
0.04656500,-9.004
0.04657000,-9.030
0.04657500,-9.044
0.04658000,-9.068
0.04658500,-9.081
0.04659000,-9.110
0.04659500,-9.124
0.04660000,-9.146
0.04660500,-9.160
0.04661000,-9.183
0.04661500,-9.185
0.04662000,-9.193
0.04662500,-9.224
0.04663000,-9.232
0.04663500,-9.226
0.04664000,-9.247
0.04664500,-9.251
0.04665000,-9.265
0.04665500,-9.287
0.04666000,-9.293
0.04666500,-9.313
0.04667000,-9.311
0.04667500,-9.328
0.04668000,-9.325
0.04668500,-9.334
0.04669000,-9.381
0.04669500,-9.390
0.04670000,-9.410
0.04670500,-9.413
0.04671000,-9.416
0.04671500,-9.434
0.04672000,-9.443
0.04672500,-9.471
0.04673000,-9.481
0.04673500,-9.470
0.04674000,-9.470
0.04674500,-9.507
0.04675000,-9.503
0.04675500,-9.527
0.04676000,-9.528
0.04676500,-9.536
0.04677000,-9.560
0.04677500,-9.587
0.04678000,-9.607
0.04678500,-9.615
0.04679000,-9.629
0.04679500,-9.643
0.04680000,-9.626
0.04680500,-9.640
0.04681000,-9.672
0.04681500,-9.673
0.04682000,-9.696
0.04682500,-9.723
0.04683000,-9.728
0.04683500,-9.772
0.04684000,-9.772
0.04684500,-9.787
0.04685000,-9.795
0.04685500,-9.800
0.04686000,-9.799
0.04686500,-9.833
0.04687000,-9.832
0.04687500,-9.876
0.04688000,-9.859
0.04688500,-9.888
0.04689000,-9.899
0.04689500,-9.925
0.04690000,-9.949
0.04690500,-9.961
0.04691000,-9.951
0.04691500,-9.958
0.04692000,-9.971
0.04692500,-9.982
0.04693000,-9.995
0.04693500,-10.008
0.04694000,-10.007
0.04694500,-10.002
0.04695000,-10.034
0.04695500,-10.003
0.04696000,-10.039
0.04696500,-10.046
0.04697000,-10.067
0.04697500,-10.078
0.04698000,-10.097
0.04698500,-10.104
0.04699000,-10.109
0.04699500,-10.120
0.04700000,-10.119
0.04700500,-10.133
0.04701000,-10.158
0.04701500,-10.188
0.04702000,-10.182
0.04702500,-10.194
0.04703000,-10.215
0.04703500,-10.240
0.04704000,-10.264
0.04704500,-10.267
0.04705000,-10.269
0.04705500,-10.273
0.04706000,-10.272
0.04706500,-10.307
0.04707000,-10.311
0.04707500,-10.333
0.04708000,-10.350
0.04708500,-10.357
0.04709000,-10.380
0.04709500,-10.400
0.04710000,-10.416
0.04710500,-10.424
0.04711000,-10.412
0.04711500,-10.412
0.04712000,-10.418
0.04712500,-10.436
0.04713000,-10.453
0.04713500,-10.455
0.04714000,-10.475
0.04714500,-10.486
0.04715000,-10.499
0.04715500,-10.522
0.04716000,-10.524
0.04716500,-10.546
0.04717000,-10.521
0.04717500,-10.558
0.04718000,-10.554
0.04718500,-10.574
0.04719000,-10.608
0.04719500,-10.615
0.04720000,-10.624
0.04720500,-10.622
0.04721000,-10.655
0.04721500,-10.649
0.04722000,-10.655
0.04722500,-10.666
0.04723000,-10.690
0.04723500,-10.691
0.04724000,-10.719
0.04724500,-10.743
0.04725000,-10.745
0.04725500,-10.724
0.04726000,-10.739
0.04726500,-10.747
0.04727000,-10.793
0.04727500,-10.801
0.04728000,-10.800
0.04728500,-10.790
0.04729000,-10.784
0.04729500,-10.802
0.04730000,-10.814
0.04730500,-10.840
0.04731000,-10.856
0.04731500,-10.813
0.04732000,-10.828
0.04732500,-10.831
0.04733000,-10.820
0.04733500,-10.868
0.04734000,-10.869
0.04734500,-10.873
0.04735000,-10.883
0.04735500,-10.900
0.04736000,-10.901
0.04736500,-10.901
0.04737000,-10.909
0.04737500,-10.899
0.04738000,-10.924
0.04738500,-10.924
0.04739000,-10.936
0.04739500,-10.940
0.04740000,-10.948
0.04740500,-10.950
0.04741000,-10.962
0.04741500,-10.981
0.04742000,-10.997
0.04742500,-11.004
0.04743000,-10.998
0.04743500,-11.017
0.04744000,-11.041
0.04744500,-11.043
0.04745000,-11.050
0.04745500,-11.060
0.04746000,-11.082
0.04746500,-11.071
0.04747000,-11.073
0.04747500,-11.069
0.04748000,-11.094
0.04748500,-11.090
0.04749000,-11.088
0.04749500,-11.109
0.04750000,-11.117
0.04750500,-11.079
0.04751000,-11.065
0.04751500,-11.085
0.04752000,-11.123
0.04752500,-11.123
0.04753000,-11.133
0.04753500,-11.123
0.04754000,-11.117
0.04754500,-11.132
0.04755000,-11.149
0.04755500,-11.161
0.04756000,-11.145
0.04756500,-11.153
0.04757000,-11.143
0.04757500,-11.151
0.04758000,-11.144
0.04758500,-11.143
0.04759000,-11.161
0.04759500,-11.179
0.04760000,-11.184
0.04760500,-11.178
0.04761000,-11.173
0.04761500,-11.185
0.04762000,-11.203
0.04762500,-11.181
0.04763000,-11.202
0.04763500,-11.208
0.04764000,-11.217
0.04764500,-11.206
0.04765000,-11.212
0.04765500,-11.199
0.04766000,-11.212
0.04766500,-11.228
0.04767000,-11.202
0.04767500,-11.217
0.04768000,-11.236
0.04768500,-11.214
0.04769000,-11.210
0.04769500,-11.228
0.04770000,-11.218
0.04770500,-11.194
0.04771000,-11.215
0.04771500,-11.222
0.04772000,-11.214
0.04772500,-11.212
0.04773000,-11.244
0.04773500,-11.245
0.04774000,-11.240
0.04774500,-11.244
0.04775000,-11.240
0.04775500,-11.258
0.04776000,-11.255
0.04776500,-11.263
0.04777000,-11.264
0.04777500,-11.253
0.04778000,-11.292
0.04778500,-11.262
0.04779000,-11.250
0.04779500,-11.227
0.04780000,-11.246
0.04780500,-11.247
0.04781000,-11.261
0.04781500,-11.269
0.04782000,-11.286
0.04782500,-11.258
0.04783000,-11.281
0.04783500,-11.261
0.04784000,-11.249
0.04784500,-11.257
0.04785000,-11.264
0.04785500,-11.287
0.04786000,-11.272
0.04786500,-11.288
0.04787000,-11.281
0.04787500,-11.281
0.04788000,-11.308
0.04788500,-11.298
0.04789000,-11.340
0.04789500,-11.322
0.04790000,-11.307
0.04790500,-11.327
0.04791000,-11.343
0.04791500,-11.339
0.04792000,-11.333
0.04792500,-11.349
0.04793000,-11.348
0.04793500,-11.341
0.04794000,-11.341
0.04794500,-11.347
0.04795000,-11.360
0.04795500,-11.322
0.04796000,-11.347
0.04796500,-11.365
0.04797000,-11.365
0.04797500,-11.380
0.04798000,-11.361
0.04798500,-11.385
0.04799000,-11.364
0.04799500,-11.358
0.04800000,-11.368
0.04800500,-11.414
0.04801000,-11.368
0.04801500,-11.386
0.04802000,-11.384
0.04802500,-11.369
0.04803000,-11.390
0.04803500,-11.382
0.04804000,-11.358
0.04804500,-11.390
0.04805000,-11.396
0.04805500,-11.382
0.04806000,-11.394
0.04806500,-11.377
0.04807000,-11.400
0.04807500,-11.405
0.04808000,-11.397
0.04808500,-11.392
0.04809000,-11.370
0.04809500,-11.361
0.04810000,-11.380
0.04810500,-11.370
0.04811000,-11.368
0.04811500,-11.387
0.04812000,-11.394
0.04812500,-11.380
0.04813000,-11.368
0.04813500,-11.372
0.04814000,-11.384
0.04814500,-11.400
0.04815000,-11.402
0.04815500,-11.395
0.04816000,-11.428
0.04816500,-11.400
0.04817000,-11.405
0.04817500,-11.397
0.04818000,-11.410
0.04818500,-11.401
0.04819000,-11.402
0.04819500,-11.390
0.04820000,-11.412
0.04820500,-11.398
0.04821000,-11.421
0.04821500,-11.419
0.04822000,-11.406
0.04822500,-11.426
0.04823000,-11.426
0.04823500,-11.429
0.04824000,-11.438
0.04824500,-11.447
0.04825000,-11.454
0.04825500,-11.422
0.04826000,-11.415
0.04826500,-11.438
0.04827000,-11.408
0.04827500,-11.440
0.04828000,-11.437
0.04828500,-11.449
0.04829000,-11.436
0.04829500,-11.431
0.04830000,-11.437
0.04830500,-11.456
0.04831000,-11.420
0.04831500,-11.440
0.04832000,-11.436
0.04832500,-11.433
0.04833000,-11.411
0.04833500,-11.406
0.04834000,-11.416
0.04834500,-11.410
0.04835000,-11.399
0.04835500,-11.403
0.04836000,-11.396
0.04836500,-11.411
0.04837000,-11.402
0.04837500,-11.392
0.04838000,-11.419
0.04838500,-11.414
0.04839000,-11.423
0.04839500,-11.400
0.04840000,-11.391
0.04840500,-11.395
0.04841000,-11.383
0.04841500,-11.410
0.04842000,-11.396
0.04842500,-11.393
0.04843000,-11.397
0.04843500,-11.412
0.04844000,-11.407
0.04844500,-11.422
0.04845000,-11.426
0.04845500,-11.459
0.04846000,-11.457
0.04846500,-11.428
0.04847000,-11.406
0.04847500,-11.432
0.04848000,-11.453
0.04848500,-11.485
0.04849000,-11.477
0.04849500,-11.463
0.04850000,-11.444
0.04850500,-11.428
0.04851000,-11.473
0.04851500,-11.467
0.04852000,-11.469
0.04852500,-11.435
0.04853000,-11.439
0.04853500,-11.442
0.04854000,-11.455
0.04854500,-11.450
0.04855000,-11.453
0.04855500,-11.457
0.04856000,-11.459
0.04856500,-11.485
0.04857000,-11.488
0.04857500,-11.479
0.04858000,-11.456
0.04858500,-11.473
0.04859000,-11.479
0.04859500,-11.490
0.04860000,-11.471
0.04860500,-11.453
0.04861000,-11.472
0.04861500,-11.471
0.04862000,-11.480
0.04862500,-11.459
0.04863000,-11.455
0.04863500,-11.454
0.04864000,-11.465
0.04864500,-11.466
0.04865000,-11.483
0.04865500,-11.461
0.04866000,-11.448
0.04866500,-11.458
0.04867000,-11.471
0.04867500,-11.495
0.04868000,-11.472
0.04868500,-11.469
0.04869000,-11.485
0.04869500,-11.487
0.04870000,-11.486
0.04870500,-11.497
0.04871000,-11.516
0.04871500,-11.502
0.04872000,-11.498
0.04872500,-11.501
0.04873000,-11.493
0.04873500,-11.498
0.04874000,-11.477
0.04874500,-11.480
0.04875000,-11.484
0.04875500,-11.489
0.04876000,-11.501
0.04876500,-11.479
0.04877000,-11.503
0.04877500,-11.535
0.04878000,-11.506
0.04878500,-11.512
0.04879000,-11.493
0.04879500,-11.484
0.04880000,-11.515
0.04880500,-11.509
0.04881000,-11.522
0.04881500,-11.499
0.04882000,-11.522
0.04882500,-11.542
0.04883000,-11.529
0.04883500,-11.525
0.04884000,-11.514
0.04884500,-11.513
0.04885000,-11.504
0.04885500,-11.495
0.04886000,-11.522
0.04886500,-11.531
0.04887000,-11.533
0.04887500,-11.521
0.04888000,-11.517
0.04888500,-11.508
0.04889000,-11.536
0.04889500,-11.533
0.04890000,-11.527
0.04890500,-11.532
0.04891000,-11.523
0.04891500,-11.548
0.04892000,-11.545
0.04892500,-11.531
0.04893000,-11.523
0.04893500,-11.515
0.04894000,-11.532
0.04894500,-11.513
0.04895000,-11.527
0.04895500,-11.525
0.04896000,-11.519
0.04896500,-11.497
0.04897000,-11.517
0.04897500,-11.507
0.04898000,-11.510
0.04898500,-11.490
0.04899000,-11.529
0.04899500,-11.541
0.04900000,-11.532
0.04900500,-11.510
0.04901000,-11.513
0.04901500,-11.508
0.04902000,-11.541
0.04902500,-11.509
0.04903000,-11.539
0.04903500,-11.543
0.04904000,-11.535
0.04904500,-11.526
0.04905000,-11.526
0.04905500,-11.537
0.04906000,-11.538
0.04906500,-11.543
0.04907000,-11.552
0.04907500,-11.543
0.04908000,-11.541
0.04908500,-11.553
0.04909000,-11.551
0.04909500,-11.517
0.04910000,-11.521
0.04910500,-11.515
0.04911000,-11.532
0.04911500,-11.543
0.04912000,-11.560
0.04912500,-11.560
0.04913000,-11.543
0.04913500,-11.549
0.04914000,-11.538
0.04914500,-11.537
0.04915000,-11.523
0.04915500,-11.547
0.04916000,-11.550
0.04916500,-11.548
0.04917000,-11.552
0.04917500,-11.530
0.04918000,-11.550
0.04918500,-11.528
0.04919000,-11.548
0.04919500,-11.529
0.04920000,-11.538
0.04920500,-11.522
0.04921000,-11.542
0.04921500,-11.535
0.04922000,-11.552
0.04922500,-11.549
0.04923000,-11.533
0.04923500,-11.537
0.04924000,-11.532
0.04924500,-11.529
0.04925000,-11.527
0.04925500,-11.560
0.04926000,-11.505
0.04926500,-11.514
0.04927000,-11.528
0.04927500,-11.530
0.04928000,-11.525
0.04928500,-11.527
0.04929000,-11.513
0.04929500,-11.495
0.04930000,-11.503
0.04930500,-11.485
0.04931000,-11.469
0.04931500,-11.486
0.04932000,-11.456
0.04932500,-11.457
0.04933000,-11.458
0.04933500,-11.450
0.04934000,-11.482
0.04934500,-11.466
0.04935000,-11.446
0.04935500,-11.455
0.04936000,-11.432
0.04936500,-11.438
0.04937000,-11.448
0.04937500,-11.449
0.04938000,-11.417
0.04938500,-11.412
0.04939000,-11.412
0.04939500,-11.408
0.04940000,-11.394
0.04940500,-11.400
0.04941000,-11.384
0.04941500,-11.374
0.04942000,-11.360
0.04942500,-11.349
0.04943000,-11.340
0.04943500,-11.358
0.04944000,-11.329
0.04944500,-11.349
0.04945000,-11.329
0.04945500,-11.305
0.04946000,-11.286
0.04946500,-11.293
0.04947000,-11.295
0.04947500,-11.294
0.04948000,-11.290
0.04948500,-11.249
0.04949000,-11.237
0.04949500,-11.242
0.04950000,-11.233
0.04950500,-11.226
0.04951000,-11.231
0.04951500,-11.238
0.04952000,-11.191
0.04952500,-11.194
0.04953000,-11.176
0.04953500,-11.164
0.04954000,-11.178
0.04954500,-11.160
0.04955000,-11.147
0.04955500,-11.139
0.04956000,-11.126
0.04956500,-11.097
0.04957000,-11.078
0.04957500,-11.069
0.04958000,-11.060
0.04958500,-11.032
0.04959000,-11.043
0.04959500,-11.008
0.04960000,-10.988
0.04960500,-10.990
0.04961000,-10.954
0.04961500,-10.946
0.04962000,-10.926
0.04962500,-10.920
0.04963000,-10.909
0.04963500,-10.902
0.04964000,-10.888
0.04964500,-10.901
0.04965000,-10.877
0.04965500,-10.835
0.04966000,-10.828
0.04966500,-10.786
0.04967000,-10.783
0.04967500,-10.761
0.04968000,-10.731
0.04968500,-10.712
0.04969000,-10.695
0.04969500,-10.701
0.04970000,-10.676
0.04970500,-10.662
0.04971000,-10.664
0.04971500,-10.665
0.04972000,-10.614
0.04972500,-10.626
0.04973000,-10.593
0.04973500,-10.543
0.04974000,-10.552
0.04974500,-10.525
0.04975000,-10.519
0.04975500,-10.495
0.04976000,-10.502
0.04976500,-10.492
0.04977000,-10.500
0.04977500,-10.469
0.04978000,-10.443
0.04978500,-10.423
0.04979000,-10.415
0.04979500,-10.428
0.04980000,-10.405
0.04980500,-10.388
0.04981000,-10.388
0.04981500,-10.370
0.04982000,-10.339
0.04982500,-10.323
0.04983000,-10.294
0.04983500,-10.286
0.04984000,-10.286
0.04984500,-10.253
0.04985000,-10.231
0.04985500,-10.216
0.04986000,-10.213
0.04986500,-10.197
0.04987000,-10.147
0.04987500,-10.149
0.04988000,-10.120
0.04988500,-10.127
0.04989000,-10.107
0.04989500,-10.075
0.04990000,-10.029
0.04990500,-10.046
0.04991000,-10.024
0.04991500,-10.009
0.04992000,-9.994
0.04992500,-9.978
0.04993000,-9.962
0.04993500,-9.945
0.04994000,-9.929
0.04994500,-9.912
0.04995000,-9.896
0.04995500,-9.895
0.04996000,-9.904
0.04996500,-9.853
0.04997000,-9.865
0.04997500,-9.850
0.04998000,-9.834
0.04998500,-9.806
0.04999000,-9.813
0.04999500,-9.793
0.05000000,-9.786
0.05000500,-9.787
0.05001000,-9.770
0.05001500,-9.735
0.05002000,-9.703
0.05002500,-9.714
0.05003000,-9.723
0.05003500,-9.692
0.05004000,-9.671
0.05004500,-9.652
0.05005000,-9.638
0.05005500,-9.652
0.05006000,-9.641
0.05006500,-9.616
0.05007000,-9.595
0.05007500,-9.594
0.05008000,-9.617
0.05008500,-9.581
0.05009000,-9.560
0.05009500,-9.561
0.05010000,-9.505
0.05010500,-9.525
0.05011000,-9.499
0.05011500,-9.499
0.05012000,-9.462
0.05012500,-9.453
0.05013000,-9.440
0.05013500,-9.440
0.05014000,-9.451
0.05014500,-9.431
0.05015000,-9.419
0.05015500,-9.385
0.05016000,-9.372
0.05016500,-9.349
0.05017000,-9.345
0.05017500,-9.331
0.05018000,-9.298
0.05018500,-9.322
0.05019000,-9.302
0.05019500,-9.296
0.05020000,-9.299
0.05020500,-9.275
0.05021000,-9.292
0.05021500,-9.263
0.05022000,-9.219
0.05022500,-9.205
0.05023000,-9.194
0.05023500,-9.172
0.05024000,-9.168
0.05024500,-9.150
0.05025000,-9.146
0.05025500,-9.137
0.05026000,-9.104
0.05026500,-9.090
0.05027000,-9.085
0.05027500,-9.087
0.05028000,-9.082
0.05028500,-9.073
0.05029000,-9.037
0.05029500,-9.032
0.05030000,-9.032
0.05030500,-9.015
0.05031000,-8.997
0.05031500,-9.002
0.05032000,-8.987
0.05032500,-8.991
0.05033000,-8.971
0.05033500,-8.945
0.05034000,-8.928
0.05034500,-8.931
0.05035000,-8.928
0.05035500,-8.885
0.05036000,-8.887
0.05036500,-8.838
0.05037000,-8.825
0.05037500,-8.801
0.05038000,-8.804
0.05038500,-8.800
0.05039000,-8.788
0.05039500,-8.786
0.05040000,-8.759
0.05040500,-8.760
0.05041000,-8.735
0.05041500,-8.726
0.05042000,-8.715
0.05042500,-8.707
0.05043000,-8.679
0.05043500,-8.657
0.05044000,-8.650
0.05044500,-8.649
0.05045000,-8.634
0.05045500,-8.654
0.05046000,-8.629
0.05046500,-8.595
0.05047000,-8.575
0.05047500,-8.560
0.05048000,-8.547
0.05048500,-8.535
0.05049000,-8.537
0.05049500,-8.493
0.05050000,-8.478
0.05050500,-8.444
0.05051000,-8.450
0.05051500,-8.446
0.05052000,-8.412
0.05052500,-8.402
0.05053000,-8.392
0.05053500,-8.387
0.05054000,-8.373
0.05054500,-8.334
0.05055000,-8.348
0.05055500,-8.315
0.05056000,-8.307
0.05056500,-8.293
0.05057000,-8.297
0.05057500,-8.289
0.05058000,-8.275
0.05058500,-8.259
0.05059000,-8.265
0.05059500,-8.272
0.05060000,-8.213
0.05060500,-8.202
0.05061000,-8.194
0.05061500,-8.184
0.05062000,-8.144
0.05062500,-8.151
0.05063000,-8.123
0.05063500,-8.085
0.05064000,-8.086
0.05064500,-8.093
0.05065000,-8.091
0.05065500,-8.067
0.05066000,-8.057
0.05066500,-8.046
0.05067000,-8.026
0.05067500,-8.021
0.05068000,-7.998
0.05068500,-7.990
0.05069000,-7.987
0.05069500,-7.997
0.05070000,-7.974
0.05070500,-7.949
0.05071000,-7.928
0.05071500,-7.919
0.05072000,-7.946
0.05072500,-7.956
0.05073000,-7.950
0.05073500,-7.923
0.05074000,-7.920
0.05074500,-7.907
0.05075000,-7.886
0.05075500,-7.879
0.05076000,-7.860
0.05076500,-7.834
0.05077000,-7.823
0.05077500,-7.795
0.05078000,-7.810
0.05078500,-7.789
0.05079000,-7.757
0.05079500,-7.758
0.05080000,-7.753
0.05080500,-7.730
0.05081000,-7.704
0.05081500,-7.698
0.05082000,-7.698
0.05082500,-7.678
0.05083000,-7.688
0.05083500,-7.658
0.05084000,-7.621
0.05084500,-7.616
0.05085000,-7.598
0.05085500,-7.582
0.05086000,-7.588
0.05086500,-7.545
0.05087000,-7.558
0.05087500,-7.554
0.05088000,-7.550
0.05088500,-7.542
0.05089000,-7.512
0.05089500,-7.521
0.05090000,-7.515
0.05090500,-7.503
0.05091000,-7.487
0.05091500,-7.462
0.05092000,-7.458
0.05092500,-7.453
0.05093000,-7.465
0.05093500,-7.454
0.05094000,-7.455
0.05094500,-7.420
0.05095000,-7.422
0.05095500,-7.419
0.05096000,-7.400
0.05096500,-7.377
0.05097000,-7.382
0.05097500,-7.355
0.05098000,-7.345
0.05098500,-7.349
0.05099000,-7.345
0.05099500,-7.311
0.05100000,-7.310
0.05100500,-7.272
0.05101000,-7.270
0.05101500,-7.277
0.05102000,-7.233
0.05102500,-7.227
0.05103000,-7.235
0.05103500,-7.236
0.05104000,-7.236
0.05104500,-7.214
0.05105000,-7.207
0.05105500,-7.154
0.05106000,-7.154
0.05106500,-7.136
0.05107000,-7.113
0.05107500,-7.135
0.05108000,-7.121
0.05108500,-7.132
0.05109000,-7.121
0.05109500,-7.112
0.05110000,-7.082
0.05110500,-7.055
0.05111000,-7.074
0.05111500,-7.082
0.05112000,-7.061
0.05112500,-7.038
0.05113000,-7.032
0.05113500,-7.012
0.05114000,-6.999
0.05114500,-6.973
0.05115000,-7.006
0.05115500,-6.959
0.05116000,-6.951
0.05116500,-6.943
0.05117000,-6.925
0.05117500,-6.929
0.05118000,-6.916
0.05118500,-6.907
0.05119000,-6.887
0.05119500,-6.897
0.05120000,-6.874
0.05120500,-6.856
0.05121000,-6.867
0.05121500,-6.845
0.05122000,-6.842
0.05122500,-6.836
0.05123000,-6.828
0.05123500,-6.809
0.05124000,-6.814
0.05124500,-6.805
0.05125000,-6.792
0.05125500,-6.795
0.05126000,-6.779
0.05126500,-6.762
0.05127000,-6.744
0.05127500,-6.763
0.05128000,-6.753
0.05128500,-6.749
0.05129000,-6.709
0.05129500,-6.717
0.05130000,-6.705
0.05130500,-6.714
0.05131000,-6.688
0.05131500,-6.677
0.05132000,-6.672
0.05132500,-6.654
0.05133000,-6.659
0.05133500,-6.664
0.05134000,-6.648
0.05134500,-6.643
0.05135000,-6.606
0.05135500,-6.593
0.05136000,-6.595
0.05136500,-6.592
0.05137000,-6.578
0.05137500,-6.558
0.05138000,-6.557
0.05138500,-6.545
0.05139000,-6.526
0.05139500,-6.508
0.05140000,-6.523
0.05140500,-6.503
0.05141000,-6.494
0.05141500,-6.497
0.05142000,-6.457
0.05142500,-6.435
0.05143000,-6.440
0.05143500,-6.412
0.05144000,-6.415
0.05144500,-6.426
0.05145000,-6.403
0.05145500,-6.381
0.05146000,-6.359
0.05146500,-6.345
0.05147000,-6.338
0.05147500,-6.307
0.05148000,-6.301
0.05148500,-6.297
0.05149000,-6.267
0.05149500,-6.271
0.05150000,-6.255
0.05150500,-6.234
0.05151000,-6.204
0.05151500,-6.217
0.05152000,-6.201
0.05152500,-6.197
0.05153000,-6.181
0.05153500,-6.154
0.05154000,-6.137
0.05154500,-6.136
0.05155000,-6.133
0.05155500,-6.114
0.05156000,-6.104
0.05156500,-6.086
0.05157000,-6.056
0.05157500,-6.075
0.05158000,-6.040
0.05158500,-6.035
0.05159000,-6.030
0.05159500,-6.014
0.05160000,-5.990
0.05160500,-5.976
0.05161000,-5.966
0.05161500,-5.961
0.05162000,-5.947
0.05162500,-5.954
0.05163000,-5.926
0.05163500,-5.898
0.05164000,-5.889
0.05164500,-5.842
0.05165000,-5.871
0.05165500,-5.834
0.05166000,-5.824
0.05166500,-5.805
0.05167000,-5.796
0.05167500,-5.791
0.05168000,-5.747
0.05168500,-5.800
0.05169000,-5.745
0.05169500,-5.749
0.05170000,-5.721
0.05170500,-5.719
0.05171000,-5.695
0.05171500,-5.685
0.05172000,-5.673
0.05172500,-5.650
0.05173000,-5.635
0.05173500,-5.598
0.05174000,-5.575
0.05174500,-5.564
0.05175000,-5.564
0.05175500,-5.538
0.05176000,-5.535
0.05176500,-5.525
0.05177000,-5.489
0.05177500,-5.486
0.05178000,-5.464
0.05178500,-5.457
0.05179000,-5.422
0.05179500,-5.436
0.05180000,-5.428
0.05180500,-5.409
0.05181000,-5.394
0.05181500,-5.366
0.05182000,-5.364
0.05182500,-5.346
0.05183000,-5.325
0.05183500,-5.311
0.05184000,-5.296
0.05184500,-5.286
0.05185000,-5.254
0.05185500,-5.240
0.05186000,-5.218
0.05186500,-5.210
0.05187000,-5.203
0.05187500,-5.163
0.05188000,-5.157
0.05188500,-5.160
0.05189000,-5.134
0.05189500,-5.114
0.05190000,-5.090
0.05190500,-5.068
0.05191000,-5.071
0.05191500,-5.026
0.05192000,-5.032
0.05192500,-5.007
0.05193000,-4.982
0.05193500,-4.965
0.05194000,-4.945
0.05194500,-4.924
0.05195000,-4.917
0.05195500,-4.923
0.05196000,-4.902
0.05196500,-4.878
0.05197000,-4.857
0.05197500,-4.863
0.05198000,-4.830
0.05198500,-4.851
0.05199000,-4.823
0.05199500,-4.771
0.05200000,-4.779
0.05200500,-4.781
0.05201000,-4.757
0.05201500,-4.733
0.05202000,-4.712
0.05202500,-4.705
0.05203000,-4.685
0.05203500,-4.702
0.05204000,-4.653
0.05204500,-4.663
0.05205000,-4.634
0.05205500,-4.602
0.05206000,-4.599
0.05206500,-4.594
0.05207000,-4.594
0.05207500,-4.562
0.05208000,-4.536
0.05208500,-4.524
0.05209000,-4.515
0.05209500,-4.481
0.05210000,-4.485
0.05210500,-4.440
0.05211000,-4.423
0.05211500,-4.425
0.05212000,-4.427
0.05212500,-4.408
0.05213000,-4.361
0.05213500,-4.346
0.05214000,-4.307
0.05214500,-4.302
0.05215000,-4.289
0.05215500,-4.279
0.05216000,-4.296
0.05216500,-4.265
0.05217000,-4.234
0.05217500,-4.223
0.05218000,-4.194
0.05218500,-4.200
0.05219000,-4.160
0.05219500,-4.154
0.05220000,-4.146
0.05220500,-4.092
0.05221000,-4.105
0.05221500,-4.073
0.05222000,-4.069
0.05222500,-4.044
0.05223000,-4.047
0.05223500,-4.018
0.05224000,-3.996
0.05224500,-3.996
0.05225000,-3.967
0.05225500,-3.958
0.05226000,-3.920
0.05226500,-3.909
0.05227000,-3.914
0.05227500,-3.925
0.05228000,-3.890
0.05228500,-3.856
0.05229000,-3.838
0.05229500,-3.805
0.05230000,-3.811
0.05230500,-3.802
0.05231000,-3.766
0.05231500,-3.754
0.05232000,-3.735
0.05232500,-3.742
0.05233000,-3.734
0.05233500,-3.696
0.05234000,-3.697
0.05234500,-3.680
0.05235000,-3.673
0.05235500,-3.661
0.05236000,-3.640
0.05236500,-3.612
0.05237000,-3.632
0.05237500,-3.626
0.05238000,-3.598
0.05238500,-3.588
0.05239000,-3.579
0.05239500,-3.571
0.05240000,-3.554
0.05240500,-3.513
0.05241000,-3.507
0.05241500,-3.479
0.05242000,-3.482
0.05242500,-3.464
0.05243000,-3.450
0.05243500,-3.419
0.05244000,-3.422
0.05244500,-3.407
0.05245000,-3.370
0.05245500,-3.380
0.05246000,-3.354
0.05246500,-3.353
0.05247000,-3.336
0.05247500,-3.315
0.05248000,-3.303
0.05248500,-3.295
0.05249000,-3.291
0.05249500,-3.261
0.05250000,-3.225
0.05250500,-3.224
0.05251000,-3.203
0.05251500,-3.184
0.05252000,-3.167
0.05252500,-3.145
0.05253000,-3.112
0.05253500,-3.092
0.05254000,-3.077
0.05254500,-3.061
0.05255000,-3.030
0.05255500,-3.018
0.05256000,-3.017
0.05256500,-2.988
0.05257000,-2.957
0.05257500,-2.937
0.05258000,-2.920
0.05258500,-2.898
0.05259000,-2.872
0.05259500,-2.863
0.05260000,-2.841
0.05260500,-2.800
0.05261000,-2.792
0.05261500,-2.761
0.05262000,-2.746
0.05262500,-2.719
0.05263000,-2.705
0.05263500,-2.689
0.05264000,-2.701
0.05264500,-2.677
0.05265000,-2.648
0.05265500,-2.621
0.05266000,-2.605
0.05266500,-2.570
0.05267000,-2.546
0.05267500,-2.526
0.05268000,-2.505
0.05268500,-2.500
0.05269000,-2.489
0.05269500,-2.458
0.05270000,-2.423
0.05270500,-2.391
0.05271000,-2.372
0.05271500,-2.330
0.05272000,-2.325
0.05272500,-2.281
0.05273000,-2.262
0.05273500,-2.262
0.05274000,-2.225
0.05274500,-2.217
0.05275000,-2.195
0.05275500,-2.185
0.05276000,-2.156
0.05276500,-2.148
0.05277000,-2.081
0.05277500,-2.053
0.05278000,-2.044
0.05278500,-2.024
0.05279000,-1.967
0.05279500,-1.951
0.05280000,-1.936
0.05280500,-1.923
0.05281000,-1.891
0.05281500,-1.883
0.05282000,-1.854
0.05282500,-1.849
0.05283000,-1.827
0.05283500,-1.793
0.05284000,-1.783
0.05284500,-1.736
0.05285000,-1.732
0.05285500,-1.726
0.05286000,-1.673
0.05286500,-1.648
0.05287000,-1.612
0.05287500,-1.599
0.05288000,-1.585
0.05288500,-1.554
0.05289000,-1.538
0.05289500,-1.521
0.05290000,-1.509
0.05290500,-1.494
0.05291000,-1.481
0.05291500,-1.446
0.05292000,-1.415
0.05292500,-1.387
0.05293000,-1.376
0.05293500,-1.352
0.05294000,-1.354
0.05294500,-1.331
0.05295000,-1.304
0.05295500,-1.251
0.05296000,-1.231
0.05296500,-1.216
0.05297000,-1.179
0.05297500,-0.936
0.05298000,-0.349
0.05298500,-0.256
0.05299000,-0.272
0.05299500,-0.258
0.05300000,-0.255
0.05300500,-0.267
0.05301000,-0.243
0.05301500,-0.253
0.05302000,-0.244
0.05302500,-0.255
0.05303000,-0.259
0.05303500,-0.230
0.05304000,-0.244
0.05304500,-0.251
0.05305000,-0.248
0.05305500,-0.263
0.05306000,-0.242
0.05306500,-0.236
0.05307000,-0.266
0.05307500,-0.251
0.05308000,-0.246
0.05308500,-0.226
0.05309000,-0.233
0.05309500,-0.242
0.05310000,-0.239
0.05310500,-0.229
0.05311000,-0.248
0.05311500,-0.252
0.05312000,-0.257
0.05312500,-0.254
0.05313000,-0.280
0.05313500,-0.252
0.05314000,-0.229
0.05314500,-0.225
0.05315000,-0.249
0.05315500,-0.263
0.05316000,-0.256
0.05316500,-0.256
0.05317000,-0.233
0.05317500,-0.244
0.05318000,-0.249
0.05318500,-0.255
0.05319000,-0.241
0.05319500,-0.264
0.05320000,-0.255
0.05320500,-0.224
0.05321000,-0.248
0.05321500,-0.253
0.05322000,-0.256
0.05322500,-0.254
0.05323000,-0.232
0.05323500,-0.254
0.05324000,-0.249
0.05324500,-0.244
0.05325000,-0.250
0.05325500,-0.263
0.05326000,-0.268
0.05326500,-0.259
0.05327000,-0.256
0.05327500,-0.266
0.05328000,-0.226
0.05328500,-0.253
0.05329000,-0.253
0.05329500,-0.235
0.05330000,-0.254
0.05330500,-0.237
0.05331000,-0.239
0.05331500,-0.253
0.05332000,-0.257
0.05332500,-0.275
0.05333000,-0.255
0.05333500,-0.266
0.05334000,-0.266
0.05334500,-0.264
0.05335000,-0.253
0.05335500,-0.242
0.05336000,-0.236
0.05336500,-0.238
0.05337000,-0.236
0.05337500,-0.235
0.05338000,-0.244
0.05338500,-0.261
0.05339000,-0.250
0.05339500,-0.253
0.05340000,-0.257
0.05340500,-0.244
0.05341000,-0.243
0.05341500,-0.249
0.05342000,-0.255
0.05342500,-0.257
0.05343000,-0.245
0.05343500,-0.240
0.05344000,-0.249
0.05344500,-0.233
0.05345000,-0.239
0.05345500,-0.260
0.05346000,-0.263
0.05346500,-0.248
0.05347000,-0.260
0.05347500,-0.255
0.05348000,-0.242
0.05348500,-0.270
0.05349000,-0.265
0.05349500,-0.248
0.05350000,-0.256
0.05350500,-0.269
0.05351000,-0.289
0.05351500,-0.259
0.05352000,-0.261
0.05352500,-0.245
0.05353000,-0.228
0.05353500,-0.250
0.05354000,-0.258
0.05354500,-0.255
0.05355000,-0.261
0.05355500,-0.256
0.05356000,-0.246
0.05356500,-0.251
0.05357000,-0.243
0.05357500,-0.249
0.05358000,-0.246
0.05358500,-0.266
0.05359000,-0.250
0.05359500,-0.254
0.05360000,-0.260
0.05360500,-0.264
0.05361000,-0.246
0.05361500,-0.253
0.05362000,-0.251
0.05362500,-0.235
0.05363000,-0.238
0.05363500,-0.224
0.05364000,-0.235
0.05364500,-0.223
0.05365000,-0.242
0.05365500,-0.251
0.05366000,-0.253
0.05366500,-0.244
0.05367000,-0.251
0.05367500,-0.216
0.05368000,-0.231
0.05368500,-0.244
0.05369000,-0.256
0.05369500,-0.245
0.05370000,-0.267
0.05370500,-0.267
0.05371000,-0.276
0.05371500,-0.259
0.05372000,-0.234
0.05372500,-0.259
0.05373000,-0.234
0.05373500,-0.244
0.05374000,-0.237
0.05374500,-0.223
0.05375000,-0.240
0.05375500,-0.256
0.05376000,-0.241
0.05376500,-0.241
0.05377000,-0.252
0.05377500,-0.236
0.05378000,-0.229
0.05378500,-0.230
0.05379000,-0.246
0.05379500,-0.242
0.05380000,-0.242
0.05380500,-0.241
0.05381000,-0.246
0.05381500,-0.246
0.05382000,-0.269
0.05382500,-0.268
0.05383000,-0.270
0.05383500,-0.262
0.05384000,-0.279
0.05384500,-0.257
0.05385000,-0.252
0.05385500,-0.253
0.05386000,-0.256
0.05386500,-0.254
0.05387000,-0.264
0.05387500,-0.249
0.05388000,-0.248
0.05388500,-0.247
0.05389000,-0.252
0.05389500,-0.254
0.05390000,-0.246
0.05390500,-0.250
0.05391000,-0.234
0.05391500,-0.239
0.05392000,-0.235
0.05392500,-0.266
0.05393000,-0.261
0.05393500,-0.259
0.05394000,-0.253
0.05394500,-0.265
0.05395000,-0.267
0.05395500,-0.235
0.05396000,-0.259
0.05396500,-0.256
0.05397000,-0.261
0.05397500,-0.254
0.05398000,-0.247
0.05398500,-0.244
0.05399000,-0.273
0.05399500,-0.239
0.05400000,-0.243
0.05400500,-0.257
0.05401000,-0.250
0.05401500,-0.252
0.05402000,-0.237
0.05402500,-0.232
0.05403000,-0.248
0.05403500,-0.255
0.05404000,-0.267
0.05404500,-0.259
0.05405000,-0.257
0.05405500,-0.255
0.05406000,-0.264
0.05406500,-0.242
0.05407000,-0.250
0.05407500,-0.265
0.05408000,-0.257
0.05408500,-0.247
0.05409000,-0.237
0.05409500,-0.257
0.05410000,-0.249
0.05410500,-0.253
0.05411000,-0.261
0.05411500,-0.257
0.05412000,-0.251
0.05412500,-0.246
0.05413000,-0.254
0.05413500,-0.257
0.05414000,-0.260
0.05414500,-0.250
0.05415000,-0.244
0.05415500,-0.250
0.05416000,-0.252
0.05416500,-0.257
0.05417000,-0.246
0.05417500,-0.250
0.05418000,-0.248
0.05418500,-0.254
0.05419000,-0.260
0.05419500,-0.222
0.05420000,-0.266
0.05420500,-0.259
0.05421000,-0.259
0.05421500,-0.253
0.05422000,-0.250
0.05422500,-0.246
0.05423000,-0.262
0.05423500,-0.273
0.05424000,-0.228
0.05424500,-0.261
0.05425000,-0.107
0.05425500,-0.234
0.05426000,-0.252
0.05426500,-0.271
0.05427000,-0.268
0.05427500,-0.267
0.05428000,-0.264
0.05428500,-0.277
0.05429000,-0.279
0.05429500,-0.255
0.05430000,-0.263
0.05430500,-0.266
0.05431000,-0.256
0.05431500,-0.253
0.05432000,-0.252
0.05432500,-0.249
0.05433000,-0.234
0.05433500,-0.245
0.05434000,-0.263
0.05434500,-0.243
0.05435000,-0.224
0.05435500,-0.263
0.05436000,-0.270
0.05436500,-0.237
0.05437000,-0.244
0.05437500,-0.251
0.05438000,-0.224
0.05438500,-0.272
0.05439000,-0.252
0.05439500,-0.263
0.05440000,-0.255
0.05440500,-0.240
0.05441000,-0.249
0.05441500,-0.257
0.05442000,-0.248
0.05442500,-0.250
0.05443000,-0.259
0.05443500,-0.271
0.05444000,-0.239
0.05444500,-0.262
0.05445000,-0.249
0.05445500,-0.235
0.05446000,-0.242
0.05446500,-0.249
0.05447000,-0.253
0.05447500,-0.252
0.05448000,-0.250
0.05448500,-0.258
0.05449000,-0.240
0.05449500,-0.249
0.05450000,-0.265
0.05450500,-0.259
0.05451000,-0.257
0.05451500,-0.267
0.05452000,-0.259
0.05452500,-0.245
0.05453000,-0.246
0.05453500,-0.237
0.05454000,-0.247
0.05454500,-0.248
0.05455000,-0.234
0.05455500,-0.258
0.05456000,-0.255
0.05456500,-0.228
0.05457000,-0.230
0.05457500,-0.263
0.05458000,-0.230
0.05458500,-0.244
0.05459000,-0.238
0.05459500,-0.243
0.05460000,-0.258
0.05460500,-0.261
0.05461000,-0.251
0.05461500,-0.230
0.05462000,-0.244
0.05462500,-0.244
0.05463000,-0.246
0.05463500,-0.260
0.05464000,-0.264
0.05464500,-0.240
0.05465000,-0.246
0.05465500,-0.232
0.05466000,0.004
0.05466500,0.410
0.05467000,0.739
0.05467500,0.973
0.05468000,1.172
0.05468500,1.299
0.05469000,1.429
0.05469500,1.562
0.05470000,1.650
0.05470500,1.744
0.05471000,1.858
0.05471500,1.953
0.05472000,2.015
0.05472500,2.098
0.05473000,2.145
0.05473500,2.213
0.05474000,2.263
0.05474500,2.273
0.05475000,2.370
0.05475500,2.403
0.05476000,2.436
0.05476500,2.500
0.05477000,2.529
0.05477500,2.560
0.05478000,2.610
0.05478500,2.630
0.05479000,2.651
0.05479500,2.637
0.05480000,2.641
0.05480500,2.697
0.05481000,2.711
0.05481500,2.751
0.05482000,2.768
0.05482500,2.786
0.05483000,2.837
0.05483500,2.958
0.05484000,3.100
0.05484500,3.249
0.05485000,3.370
0.05485500,3.470
0.05486000,3.568
0.05486500,3.657
0.05487000,3.754
0.05487500,3.844
0.05488000,3.905
0.05488500,3.978
0.05489000,4.028
0.05489500,4.075
0.05490000,4.131
0.05490500,4.188
0.05491000,4.223
0.05491500,4.255
0.05492000,4.319
0.05492500,4.346
0.05493000,4.394
0.05493500,4.440
0.05494000,4.451
0.05494500,4.477
0.05495000,4.513
0.05495500,4.543
0.05496000,4.560
0.05496500,4.585
0.05497000,4.586
0.05497500,4.596
0.05498000,4.630
0.05498500,4.655
0.05499000,4.691
0.05499500,4.717
0.05500000,4.724
0.05500500,4.752
0.05501000,4.770
0.05501500,4.780
0.05502000,4.818
0.05502500,4.855
0.05503000,4.861
0.05503500,4.856
0.05504000,4.883
0.05504500,4.913
0.05505000,4.954
0.05505500,4.964
0.05506000,4.974
0.05506500,5.012
0.05507000,4.990
0.05507500,5.015
0.05508000,5.022
0.05508500,5.056
0.05509000,5.073
0.05509500,5.060
0.05510000,5.103
0.05510500,5.114
0.05511000,5.141
0.05511500,5.153
0.05512000,5.183
0.05512500,5.184
0.05513000,5.194
0.05513500,5.200
0.05514000,5.228
0.05514500,5.225
0.05515000,5.259
0.05515500,5.261
0.05516000,5.255
0.05516500,5.271
0.05517000,5.285
0.05517500,5.301
0.05518000,5.342
0.05518500,5.373
0.05519000,5.359
0.05519500,5.380
0.05520000,5.406
0.05520500,5.426
0.05521000,5.413
0.05521500,5.443
0.05522000,5.452
0.05522500,5.448
0.05523000,5.457
0.05523500,5.482
0.05524000,5.505
0.05524500,5.535
0.05525000,5.537
0.05525500,5.556
0.05526000,5.595
0.05526500,5.574
0.05527000,5.554
0.05527500,5.586
0.05528000,5.613
0.05528500,5.620
0.05529000,5.638
0.05529500,5.685
0.05530000,5.700
0.05530500,5.715
0.05531000,5.693
0.05531500,5.704
0.05532000,5.748
0.05532500,5.756
0.05533000,5.741
0.05533500,5.749
0.05534000,5.765
0.05534500,5.791
0.05535000,5.792
0.05535500,5.799
0.05536000,5.810
0.05536500,5.834
0.05537000,5.855
0.05537500,5.870
0.05538000,5.865
0.05538500,5.865
0.05539000,5.875
0.05539500,5.865
0.05540000,5.887
0.05540500,5.875
0.05541000,5.876
0.05541500,5.904
0.05542000,5.923
0.05542500,5.952
0.05543000,5.955
0.05543500,5.957
0.05544000,5.939
0.05544500,5.977
0.05545000,5.969
0.05545500,5.976
0.05546000,5.964
0.05546500,5.997
0.05547000,6.028
0.05547500,6.029
0.05548000,6.047
0.05548500,6.071
0.05549000,6.093
0.05549500,6.088
0.05550000,6.121
0.05550500,6.112
0.05551000,6.147
0.05551500,6.161
0.05552000,6.177
0.05552500,6.207
0.05553000,6.202
0.05553500,6.227
0.05554000,6.248
0.05554500,6.255
0.05555000,6.268
0.05555500,6.268
0.05556000,6.289
0.05556500,6.283
0.05557000,6.284
0.05557500,6.269
0.05558000,6.301
0.05558500,6.318
0.05559000,6.325
0.05559500,6.356
0.05560000,6.370
0.05560500,6.400
0.05561000,6.391
0.05561500,6.400
0.05562000,6.398
0.05562500,6.429
0.05563000,6.426
0.05563500,6.434
0.05564000,6.447
0.05564500,6.442
0.05565000,6.453
0.05565500,6.480
0.05566000,6.467
0.05566500,6.484
0.05567000,6.509
0.05567500,6.507
0.05568000,6.507
0.05568500,6.540
0.05569000,6.535
0.05569500,6.588
0.05570000,6.606
0.05570500,6.588
0.05571000,6.608
0.05571500,6.614
0.05572000,6.638
0.05572500,6.630
0.05573000,6.632
0.05573500,6.650
0.05574000,6.696
0.05574500,6.725
0.05575000,6.727
0.05575500,6.730
0.05576000,6.744
0.05576500,6.770
0.05577000,6.797
0.05577500,6.808
0.05578000,6.791
0.05578500,6.807
0.05579000,6.798
0.05579500,6.819
0.05580000,6.842
0.05580500,6.852
0.05581000,6.867
0.05581500,6.890
0.05582000,6.911
0.05582500,6.908
0.05583000,6.919
0.05583500,6.935
0.05584000,6.968
0.05584500,6.972
0.05585000,6.978
0.05585500,6.991
0.05586000,6.998
0.05586500,7.006
0.05587000,7.023
0.05587500,7.046
0.05588000,7.038
0.05588500,7.068
0.05589000,7.055
0.05589500,7.091
0.05590000,7.102
0.05590500,7.136
0.05591000,7.112
0.05591500,7.159
0.05592000,7.161
0.05592500,7.194
0.05593000,7.192
0.05593500,7.223
0.05594000,7.260
0.05594500,7.230
0.05595000,7.223
0.05595500,7.237
0.05596000,7.269
0.05596500,7.277
0.05597000,7.322
0.05597500,7.333
0.05598000,7.325
0.05598500,7.338
0.05599000,7.350
0.05599500,7.368
0.05600000,7.378
0.05600500,7.382
0.05601000,7.410
0.05601500,7.435
0.05602000,7.443
0.05602500,7.426
0.05603000,7.450
0.05603500,7.451
0.05604000,7.457
0.05604500,7.477
0.05605000,7.497
0.05605500,7.496
0.05606000,7.489
0.05606500,7.532
0.05607000,7.527
0.05607500,7.524
0.05608000,7.556
0.05608500,7.574
0.05609000,7.580
0.05609500,7.570
0.05610000,7.576
0.05610500,7.595
0.05611000,7.624
0.05611500,7.644
0.05612000,7.667
0.05612500,7.684
0.05613000,7.683
0.05613500,7.721
0.05614000,7.723
0.05614500,7.730
0.05615000,7.768
0.05615500,7.775
0.05616000,7.789
0.05616500,7.796
0.05617000,7.810
0.05617500,7.794
0.05618000,7.804
0.05618500,7.812
0.05619000,7.849
0.05619500,7.873
0.05620000,7.863
0.05620500,7.896
0.05621000,7.887
0.05621500,7.916
0.05622000,7.945
0.05622500,7.957
0.05623000,7.957
0.05623500,7.952
0.05624000,7.950
0.05624500,7.938
0.05625000,7.966
0.05625500,7.991
0.05626000,7.979
0.05626500,8.005
0.05627000,8.011
0.05627500,8.031
0.05628000,8.038
0.05628500,8.035
0.05629000,8.053
0.05629500,8.051
0.05630000,8.053
0.05630500,8.079
0.05631000,8.082
0.05631500,8.095
0.05632000,8.126
0.05632500,8.116
0.05633000,8.130
0.05633500,8.145
0.05634000,8.156
0.05634500,8.183
0.05635000,8.200
0.05635500,8.213
0.05636000,8.191
0.05636500,8.241
0.05637000,8.217
0.05637500,8.242
0.05638000,8.232
0.05638500,8.255
0.05639000,8.292
0.05639500,8.293
0.05640000,8.310
0.05640500,8.301
0.05641000,8.317
0.05641500,8.353
0.05642000,8.352
0.05642500,8.334
0.05643000,8.391
0.05643500,8.381
0.05644000,8.404
0.05644500,8.404
0.05645000,8.412
0.05645500,8.438
0.05646000,8.466
0.05646500,8.455
0.05647000,8.492
0.05647500,8.500
0.05648000,8.513
0.05648500,8.524
0.05649000,8.555
0.05649500,8.544
0.05650000,8.552
0.05650500,8.545
0.05651000,8.569
0.05651500,8.597
0.05652000,8.619
0.05652500,8.649
0.05653000,8.628
0.05653500,8.639
0.05654000,8.656
0.05654500,8.685
0.05655000,8.683
0.05655500,8.696
0.05656000,8.683
0.05656500,8.705
0.05657000,8.729
0.05657500,8.731
0.05658000,8.763
0.05658500,8.786
0.05659000,8.775
0.05659500,8.771
0.05660000,8.798
0.05660500,8.814
0.05661000,8.788
0.05661500,8.789
0.05662000,8.824
0.05662500,8.845
0.05663000,8.862
0.05663500,8.862
0.05664000,8.873
0.05664500,8.893
0.05665000,8.891
0.05665500,8.918
0.05666000,8.929
0.05666500,8.954
0.05667000,8.966
0.05667500,8.992
0.05668000,8.992
0.05668500,8.995
0.05669000,9.009
0.05669500,9.002
0.05670000,9.038
0.05670500,9.064
0.05671000,9.059
0.05671500,9.069
0.05672000,9.083
0.05672500,9.081
0.05673000,9.117
0.05673500,9.136
0.05674000,9.146
0.05674500,9.140
0.05675000,9.158
0.05675500,9.178
0.05676000,9.192
0.05676500,9.206
0.05677000,9.219
0.05677500,9.208
0.05678000,9.240
0.05678500,9.263
0.05679000,9.276
0.05679500,9.271
0.05680000,9.284
0.05680500,9.303
0.05681000,9.357
0.05681500,9.359
0.05682000,9.366
0.05682500,9.342
0.05683000,9.376
0.05683500,9.387
0.05684000,9.403
0.05684500,9.393
0.05685000,9.406
0.05685500,9.424
0.05686000,9.429
0.05686500,9.431
0.05687000,9.437
0.05687500,9.453
0.05688000,9.462
0.05688500,9.490
0.05689000,9.495
0.05689500,9.498
0.05690000,9.523
0.05690500,9.521
0.05691000,9.514
0.05691500,9.537
0.05692000,9.546
0.05692500,9.560
0.05693000,9.575
0.05693500,9.603
0.05694000,9.590
0.05694500,9.616
0.05695000,9.634
0.05695500,9.638
0.05696000,9.627
0.05696500,9.649
0.05697000,9.669
0.05697500,9.687
0.05698000,9.707
0.05698500,9.735
0.05699000,9.715
0.05699500,9.699
0.05700000,9.732
0.05700500,9.754
0.05701000,9.765
0.05701500,9.785
0.05702000,9.804
0.05702500,9.814
0.05703000,9.828
0.05703500,9.811
0.05704000,9.834
0.05704500,9.848
0.05705000,9.885
0.05705500,9.899
0.05706000,9.928
0.05706500,9.944
0.05707000,9.941
0.05707500,9.969
0.05708000,9.973
0.05708500,9.992
0.05709000,9.997
0.05709500,9.991
0.05710000,10.014
0.05710500,10.059
0.05711000,10.055
0.05711500,10.064
0.05712000,10.087
0.05712500,10.083
0.05713000,10.117
0.05713500,10.091
0.05714000,10.096
0.05714500,10.122
0.05715000,10.133
0.05715500,10.156
0.05716000,10.166
0.05716500,10.178
0.05717000,10.188
0.05717500,10.198
0.05718000,10.209
0.05718500,10.215
0.05719000,10.229
0.05719500,10.234
0.05720000,10.277
0.05720500,10.290
0.05721000,10.281
0.05721500,10.295
0.05722000,10.309
0.05722500,10.321
0.05723000,10.320
0.05723500,10.336
0.05724000,10.362
0.05724500,10.349
0.05725000,10.352
0.05725500,10.350
0.05726000,10.368
0.05726500,10.378
0.05727000,10.380
0.05727500,10.406
0.05728000,10.411
0.05728500,10.424
0.05729000,10.433
0.05729500,10.448
0.05730000,10.469
0.05730500,10.467
0.05731000,10.481
0.05731500,10.487
0.05732000,10.491
0.05732500,10.487
0.05733000,10.497
0.05733500,10.521
0.05734000,10.537
0.05734500,10.553
0.05735000,10.550
0.05735500,10.554
0.05736000,10.575
0.05736500,10.572
0.05737000,10.582
0.05737500,10.600
0.05738000,10.586
0.05738500,10.617
0.05739000,10.598
0.05739500,10.604
0.05740000,10.611
0.05740500,10.608
0.05741000,10.652
0.05741500,10.643
0.05742000,10.655
0.05742500,10.653
0.05743000,10.664
0.05743500,10.657
0.05744000,10.686
0.05744500,10.677
0.05745000,10.680
0.05745500,10.682
0.05746000,10.711
0.05746500,10.698
0.05747000,10.686
0.05747500,10.733
0.05748000,10.727
0.05748500,10.749
0.05749000,10.758
0.05749500,10.731
0.05750000,10.775
0.05750500,10.759
0.05751000,10.746
0.05751500,10.798
0.05752000,10.776
0.05752500,10.808
0.05753000,10.772
0.05753500,10.778
0.05754000,10.776
0.05754500,10.813
0.05755000,10.801
0.05755500,10.802
0.05756000,10.820
0.05756500,10.801
0.05757000,10.802
0.05757500,10.816
0.05758000,10.846
0.05758500,10.817
0.05759000,10.852
0.05759500,10.853
0.05760000,10.856
0.05760500,10.843
0.05761000,10.855
0.05761500,10.867
0.05762000,10.852
0.05762500,10.861
0.05763000,10.860
0.05763500,10.864
0.05764000,10.871
0.05764500,10.883
0.05765000,10.871
0.05765500,10.863
0.05766000,10.875
0.05766500,10.863
0.05767000,10.902
0.05767500,10.905
0.05768000,10.889
0.05768500,10.876
0.05769000,10.899
0.05769500,10.900
0.05770000,10.935
0.05770500,10.930
0.05771000,10.931
0.05771500,10.915
0.05772000,10.929
0.05772500,10.943
0.05773000,10.951
0.05773500,10.952
0.05774000,10.962
0.05774500,10.954
0.05775000,10.951
0.05775500,10.963
0.05776000,10.979
0.05776500,10.974
0.05777000,10.960
0.05777500,10.962
0.05778000,10.971
0.05778500,10.981
0.05779000,11.008
0.05779500,10.953
0.05780000,10.972
0.05780500,10.938
0.05781000,10.944
0.05781500,10.959
0.05782000,10.968
0.05782500,10.977
0.05783000,10.976
0.05783500,10.968
0.05784000,10.982
0.05784500,11.009
0.05785000,10.992
0.05785500,10.978
0.05786000,10.973
0.05786500,10.952
0.05787000,10.979
0.05787500,10.999
0.05788000,11.022
0.05788500,10.999
0.05789000,11.008
0.05789500,10.989
0.05790000,11.013
0.05790500,11.027
0.05791000,11.024
0.05791500,11.023
0.05792000,11.019
0.05792500,11.013
0.05793000,11.026
0.05793500,11.020
0.05794000,11.026
0.05794500,10.999
0.05795000,11.007
0.05795500,11.042
0.05796000,11.034
0.05796500,11.044
0.05797000,11.021
0.05797500,11.012
0.05798000,11.024
0.05798500,11.044
0.05799000,11.037
0.05799500,11.025
0.05800000,11.032
0.05800500,11.047
0.05801000,11.068
0.05801500,11.061
0.05802000,11.067
0.05802500,11.042
0.05803000,11.057
0.05803500,11.062
0.05804000,11.066
0.05804500,11.071
0.05805000,11.070
0.05805500,11.067
0.05806000,11.076
0.05806500,11.089
0.05807000,11.074
0.05807500,11.065
0.05808000,11.072
0.05808500,11.054
0.05809000,11.069
0.05809500,11.088
0.05810000,11.075
0.05810500,11.091
0.05811000,11.072
0.05811500,11.090
0.05812000,11.100
0.05812500,11.065
0.05813000,11.067
0.05813500,11.094
0.05814000,11.081
0.05814500,11.083
0.05815000,11.082
0.05815500,11.085
0.05816000,11.063
0.05816500,11.077
0.05817000,11.075
0.05817500,11.075
0.05818000,11.068
0.05818500,11.085
0.05819000,11.077
0.05819500,11.075
0.05820000,11.073
0.05820500,11.089
0.05821000,11.102
0.05821500,11.085
0.05822000,11.109
0.05822500,11.095
0.05823000,11.102
0.05823500,11.114
0.05824000,11.108
0.05824500,11.124
0.05825000,11.106
0.05825500,11.129
0.05826000,11.121
0.05826500,11.111
0.05827000,11.121
0.05827500,11.125
0.05828000,11.111
0.05828500,11.115
0.05829000,11.087
0.05829500,11.095
0.05830000,11.109
0.05830500,11.120
0.05831000,11.117
0.05831500,11.120
0.05832000,11.110
0.05832500,11.098
0.05833000,11.129
0.05833500,11.152
0.05834000,11.135
0.05834500,11.139
0.05835000,11.145
0.05835500,11.140
0.05836000,11.135
0.05836500,11.127
0.05837000,11.126
0.05837500,11.140
0.05838000,11.128
0.05838500,11.135
0.05839000,11.119
0.05839500,11.150
0.05840000,11.123
0.05840500,11.132
0.05841000,11.125
0.05841500,11.132
0.05842000,11.152
0.05842500,11.133
0.05843000,11.144
0.05843500,11.152
0.05844000,11.149
0.05844500,11.141
0.05845000,11.140
0.05845500,11.134
0.05846000,11.132
0.05846500,11.143
0.05847000,11.122
0.05847500,11.128
0.05848000,11.131
0.05848500,11.152
0.05849000,11.145
0.05849500,11.127
0.05850000,11.120
0.05850500,11.111
0.05851000,11.120
0.05851500,11.128
0.05852000,11.132
0.05852500,11.110
0.05853000,11.145
0.05853500,11.132
0.05854000,11.125
0.05854500,11.117
0.05855000,11.121
0.05855500,11.137
0.05856000,11.140
0.05856500,11.147
0.05857000,11.139
0.05857500,11.133
0.05858000,11.148
0.05858500,11.147
0.05859000,11.154
0.05859500,11.150
0.05860000,11.160
0.05860500,11.183
0.05861000,11.168
0.05861500,11.174
0.05862000,11.166
0.05862500,11.142
0.05863000,11.146
0.05863500,11.174
0.05864000,11.181
0.05864500,11.162
0.05865000,11.180
0.05865500,11.188
0.05866000,11.180
0.05866500,11.180
0.05867000,11.182
0.05867500,11.171
0.05868000,11.193
0.05868500,11.204
0.05869000,11.211
0.05869500,11.186
0.05870000,11.177
0.05870500,11.178
0.05871000,11.183
0.05871500,11.183
0.05872000,11.187
0.05872500,11.183
0.05873000,11.172
0.05873500,11.151
0.05874000,11.151
0.05874500,11.167
0.05875000,11.184
0.05875500,11.173
0.05876000,11.186
0.05876500,11.155
0.05877000,11.164
0.05877500,11.164
0.05878000,11.182
0.05878500,11.167
0.05879000,11.162
0.05879500,11.168
0.05880000,11.162
0.05880500,11.160
0.05881000,11.150
0.05881500,11.151
0.05882000,11.176
0.05882500,11.177
0.05883000,11.168
0.05883500,11.174
0.05884000,11.171
0.05884500,11.171
0.05885000,11.159
0.05885500,11.168
0.05886000,11.182
0.05886500,11.188
0.05887000,11.194
0.05887500,11.161
0.05888000,11.188
0.05888500,11.167
0.05889000,11.188
0.05889500,11.189
0.05890000,11.182
0.05890500,11.186
0.05891000,11.169
0.05891500,11.174
0.05892000,11.197
0.05892500,11.202
0.05893000,11.201
0.05893500,11.192
0.05894000,11.184
0.05894500,11.207
0.05895000,11.181
0.05895500,11.186
0.05896000,11.194
0.05896500,11.204
0.05897000,11.198
0.05897500,11.186
0.05898000,11.200
0.05898500,11.186
0.05899000,11.178
0.05899500,11.166
0.05900000,11.198
0.05900500,11.198
0.05901000,11.177
0.05901500,11.203
0.05902000,11.193
0.05902500,11.189
0.05903000,11.169
0.05903500,11.200
0.05904000,11.183
0.05904500,11.196
0.05905000,11.180
0.05905500,11.208
0.05906000,11.173
0.05906500,11.173
0.05907000,11.193
0.05907500,11.172
0.05908000,11.191
0.05908500,11.187
0.05909000,11.196
0.05909500,11.187
0.05910000,11.183
0.05910500,11.172
0.05911000,11.193
0.05911500,11.220
0.05912000,11.182
0.05912500,11.204
0.05913000,11.207
0.05913500,11.212
0.05914000,11.186
0.05914500,11.189
0.05915000,11.189
0.05915500,11.186
0.05916000,11.181
0.05916500,11.190
0.05917000,11.194
0.05917500,11.211
0.05918000,11.194
0.05918500,11.228
0.05919000,11.192
0.05919500,11.171
0.05920000,11.177
0.05920500,11.164
0.05921000,11.191
0.05921500,11.184
0.05922000,11.197
0.05922500,11.189
0.05923000,11.176
0.05923500,11.190
0.05924000,11.201
0.05924500,11.158
0.05925000,11.150
0.05925500,11.162
0.05926000,11.170
0.05926500,11.169
0.05927000,11.142
0.05927500,11.145
0.05928000,11.158
0.05928500,11.155
0.05929000,11.154
0.05929500,11.139
0.05930000,11.138
0.05930500,11.160
0.05931000,11.153
0.05931500,11.168
0.05932000,11.151
0.05932500,11.145
0.05933000,11.108
0.05933500,11.119
0.05934000,11.117
0.05934500,11.138
0.05935000,11.143
0.05935500,11.139
0.05936000,11.111
0.05936500,11.095
0.05937000,11.086
0.05937500,11.108
0.05938000,11.074
0.05938500,11.085
0.05939000,11.063
0.05939500,11.063
0.05940000,11.061
0.05940500,11.055
0.05941000,11.065
0.05941500,11.048
0.05942000,11.024
0.05942500,11.032
0.05943000,11.033
0.05943500,11.003
0.05944000,10.992
0.05944500,10.962
0.05945000,10.950
0.05945500,10.912
0.05946000,10.935
0.05946500,10.908
0.05947000,10.915
0.05947500,10.913
0.05948000,10.889
0.05948500,10.870
0.05949000,10.836
0.05949500,10.826
0.05950000,10.832
0.05950500,10.822
0.05951000,10.828
0.05951500,10.805
0.05952000,10.778
0.05952500,10.772
0.05953000,10.744
0.05953500,10.742
0.05954000,10.743
0.05954500,10.733
0.05955000,10.754
0.05955500,10.732
0.05956000,10.695
0.05956500,10.695
0.05957000,10.689
0.05957500,10.682
0.05958000,10.655
0.05958500,10.628
0.05959000,10.623
0.05959500,10.592
0.05960000,10.597
0.05960500,10.579
0.05961000,10.577
0.05961500,10.575
0.05962000,10.593
0.05962500,10.560
0.05963000,10.560
0.05963500,10.536
0.05964000,10.517
0.05964500,10.518
0.05965000,10.504
0.05965500,10.480
0.05966000,10.465
0.05966500,10.451
0.05967000,10.449
0.05967500,10.412
0.05968000,10.384
0.05968500,10.388
0.05969000,10.415
0.05969500,10.399
0.05970000,10.379
0.05970500,10.331
0.05971000,10.327
0.05971500,10.290
0.05972000,10.303
0.05972500,10.266
0.05973000,10.260
0.05973500,10.256
0.05974000,10.233
0.05974500,10.215
0.05975000,10.225
0.05975500,10.196
0.05976000,10.168
0.05976500,10.133
0.05977000,10.129
0.05977500,10.106
0.05978000,10.064
0.05978500,10.057
0.05979000,10.045
0.05979500,10.009
0.05980000,10.019
0.05980500,10.002
0.05981000,9.952
0.05981500,9.931
0.05982000,9.926
0.05982500,9.916
0.05983000,9.928
0.05983500,9.905
0.05984000,9.877
0.05984500,9.870
0.05985000,9.857
0.05985500,9.842
0.05986000,9.825
0.05986500,9.821
0.05987000,9.797
0.05987500,9.801
0.05988000,9.781
0.05988500,9.752
0.05989000,9.722
0.05989500,9.724
0.05990000,9.696
0.05990500,9.692
0.05991000,9.668
0.05991500,9.640
0.05992000,9.626
0.05992500,9.621
0.05993000,9.606
0.05993500,9.584
0.05994000,9.602
0.05994500,9.546
0.05995000,9.549
0.05995500,9.543
0.05996000,9.513
0.05996500,9.525
0.05997000,9.495
0.05997500,9.493
0.05998000,9.481
0.05998500,9.477
0.05999000,9.473
0.05999500,9.458
