# Time (seconds),Pressure (normalized),Temp (normalized),Temperature (slope)
0.0078125,0.7284778413318452,0.2793896484375,0.0
0.0234375,0.7291499546595975,0.27851013183593765,0.0
0.0390625,0.7291034516834071,0.27932983398437483,0.0
0.0546875,0.7291742960611979,0.27932983398437483,0.0
0.0703125,0.7291234334309896,0.2789276123046875,0.0
0.0859375,0.7292258853004092,0.2789276123046875,0.0
0.1015625,0.7292149861653646,0.279598388671875,0.0
0.1171875,0.729323250906808,0.27931488037109375,0.0
0.1328125,0.7291742960611979,0.279598388671875,0.041748046875
0.1484375,0.7291459583100819,0.27943450927734387,0.18487548828125
0.1640625,0.7291975475492931,0.27932983398437483,0.0
0.1796875,0.7293010893322166,0.2793896484375,0.011962890625028422
0.1953125,0.7292113531203497,0.2792703247070312,0.06854248046875
0.2109375,0.7291732061476928,0.28017944335937484,0.2503662109374716
0.2265625,0.7293072655087426,0.27962799072265626,0.00592041015625
0.2421875,0.7291790190197166,0.27962799072265626,0.0626220703125
0.2578125,0.7291208902994785,0.28001556396484373,0.08343505859375
0.2734375,0.7292037237258191,0.280045166015625,0.12213134765622158
0.2890625,0.7292037237258191,0.279761962890625,0.08642578125002842
0.3046875,0.7291990007672992,0.2806561279296875,0.2532958984375
0.3203125,0.7291957310267857,0.280537109375,0.25335693359375
0.3359375,0.7292371477399546,0.2804180908203124,0.0477294921875
0.3515625,0.7291920979817715,0.2802392578125,0.12225341796875
0.3671875,0.7293159848167783,0.28068634033203127,0.211669921875
0.3828125,0.7292400541759666,0.280477294921875,0.09234619140625
0.3984375,0.7292000906808036,0.2804327392578125,0.0775146484375
0.4140625,0.7292102632068452,0.280537109375,0.155029296875
0.4296875,0.7292771112351191,0.280760498046875,0.0208740234375
0.4453125,0.7292051769438237,0.28068634033203127,0.02984619140625
0.4609375,0.729232424781436,0.280760498046875,0.06848144531252842
0.4765625,0.7293065388997396,0.28058166503906234,0.06848144531247158
0.4921875,0.7292705717540929,0.2806561279296875,-0.00604248046875
0.5078125,0.7292320614769345,0.281177978515625,0.14013671875
0.5234375,0.7293414161318824,0.280760498046875,0.0655517578125
0.5390625,0.7293316069103429,0.2812078857421875,0.1341552734375
0.5546875,0.729248046875,0.2808798217773439,0.02386474609377842
0.5703125,0.7292861938476562,0.28086517333984373,0.0357666015625
0.5859375,0.72926039922805,0.28068634033203127,-0.01483154296875
0.6015625,0.729323250906808,0.2811480712890624,0.11328125
0.6171875,0.7292469569614956,0.281177978515625,0.1043701171875
0.6328125,0.7292905535016742,0.281177978515625,0.0
0.6484375,0.7293312436058408,0.2813568115234375,0.1192626953125
0.6640625,0.7293014526367188,0.281326904296875,0.0238037109375
0.6796875,0.7291739327566964,0.28158050537109375,0.14013671874997158
0.6953125,0.7293450491768974,0.2813568115234375,0.09832763671875
0.7109375,0.7292865571521571,0.2813568115234375,0.13409423828125
0.7265625,0.7292182559058786,0.28095458984375,-0.03869628906247158
0.7421875,0.729294913155692,0.28158050537109375,0.08050537109375
0.7578125,0.7292182559058786,0.28102905273437484,-0.02978515625002842
0.7734375,0.7292782011486235,0.28158050537109375,0.04473876953125
0.7890625,0.7292538597470238,0.2812078857421875,-0.0238037109375
0.8046875,0.7292229788643974,0.2818185424804687,0.047607421875
0.8203125,0.7292218889508929,0.28095458984375,-0.0804443359375
0.8359375,0.7292008172898072,0.28158050537109375,0.04473876953125
0.8515625,0.7292614891415551,0.28158050537109375,0.12518310546875
0.8671875,0.729177565801712,0.28158050537109375,0.0
0.8828125,0.7292538597470238,0.28158050537109375,0.11029052734377842
0.8984375,0.7292538597470238,0.2814910888671875,-0.01788330078125
0.9140625,0.7292491367885044,0.2811334228515625,-0.014892578125
0.9296875,0.7292106265113467,0.2811334228515625,-0.13702392578125
0.9453125,0.7292582194010416,0.28158050537109375,0.12518310546875
0.9609375,0.7291884649367559,0.28129699707031236,-0.05670166015627842
0.9765625,0.7292135329473586,0.2819677734375,0.07745361328125
0.9921875,0.7291841052827381,0.281669921875,0.01788330078125
1.0078125,0.7292302449544271,0.2815206909179688,-0.011962890625
1.0234375,0.7292168026878714,0.28129699707031236,-0.03881835937502842
1.0390625,0.7292240687779025,0.28159515380859373,0.09234619140625
1.0546875,0.7292186192103794,0.28158050537109375,0.08941650390625
1.0703125,0.7292938232421882,0.28129699707031236,-0.05670166015627842
1.0859375,0.7291372390020461,0.2820571899414064,0.15203857421880684
1.1015625,0.7292255219959071,0.28265350341796874,0.13714599609375
1.1171875,0.7292353312174479,0.2819677734375,0.0595703125
1.1328125,0.7292247953869048,0.2819677734375,0.08941650390625
1.1484375,0.7292349679129464,0.28180389404296874,0.10137939453127842
1.1640625,0.7292687552315849,0.28158050537109375,-0.0029296875
1.1796875,0.7291920979817715,0.2819677734375,0.07745361328125
1.1953125,0.7291986374627977,0.28140167236328123,0.02093505859377842
1.2109375,0.7291608537946429,0.28159515380859373,-0.09240722656252842
1.2265625,0.7292186192103794,0.281610107421875,-0.20867919921875
1.2421875,0.7291532244001117,0.28213165283203123,0.03277587890625
1.2578125,0.7291942778087798,0.2818185424804687,-0.02984619140625
1.2734375,0.7291561308361235,0.2819677734375,0.03277587890625
1.2890625,0.7291590372721354,0.2816546630859376,0.014831542968778422
1.3046875,0.7292298816499263,0.28213165283203123,0.03277587890625
1.3203125,0.7292124430338548,0.282027587890625,0.12518310546875
1.3359375,0.7291997273763021,0.2813568115234375,-0.04766845703125
1.3515625,0.7291888282412574,0.281475830078125,-0.02685546875
1.3671875,0.7291506812686012,0.28158050537109375,-0.1102294921875
1.3828125,0.729141598656064,0.28158050537109375,-0.047607421875
1.3984375,0.7292251586914062,0.2822064208984375,0.0477294921875
1.4140625,0.7292353312174479,0.28158050537109375,-0.014831542968778422
1.4296875,0.729170663016183,0.28158050537109375,-0.1102294921875
1.4453125,0.7292182559058786,0.28211700439453125,0.01788330078125
1.4609375,0.7291615804036452,0.2816546630859376,0.05957031250002842
1.4765625,0.7292117164248512,0.28228088378906235,0.16101074218747158
1.4921875,0.7293199811662954,0.28239990234375,0.16387939453125
1.5078125,0.7291772024972099,0.2822509765625,0.13409423828125
1.5234375,0.7292433239164806,0.28228088378906235,0.014892578124971578
1.5390625,0.7291931878952753,0.28153564453125,-0.00897216796875
1.5546875,0.7291990007672992,0.2820721435546875,0.09832763671875
1.5703125,0.7292080833798357,0.282265625,0.02972412109375
1.5859375,0.7292291550409227,0.2824298095703124,0.15502929687494316
1.6015625,0.7291517711821056,0.28158050537109375,-0.14007568359372158
1.6171875,0.7292538597470238,0.28248931884765627,0.01788330078125
1.6328125,0.7292651221865699,0.2820571899414064,-0.03875732421872158
1.6484375,0.7293450491768974,0.2816546630859376,-0.12524414062494316
1.6640625,0.7291790190197166,0.28228088378906235,0.14904785156247158
1.6796875,0.7293163481212798,0.2824444580078125,0.074462890625
1.6953125,0.7293010893322166,0.282742919921875,0.095458984375
1.7109375,0.7294075375511533,0.28287689208984373,0.08941650390627842
1.7265625,0.7293584914434523,0.2831900024414064,0.3218994140625284
1.7421875,0.7293130783807664,0.28313018798828127,0.128173828125
1.7578125,0.7295147123790929,0.28313018798828127,0.21459960937497158
1.7734375,0.7295361473446801,0.28323455810546877,0.3159790039062216
1.7890625,0.7295528593517485,0.2836517333984375,0.2741699218750284
1.8046875,0.7295561290922619,0.2840692138671875,0.324951171875
1.8203125,0.7296059018089658,0.28445648193359374,0.34271240234375
1.8359375,0.7296742030552456,0.2847100830078125,0.36663818359375
1.8515625,0.7296455019996286,0.285126953125,0.3873901367187216
1.8671875,0.7295546758742559,0.2853506469726563,0.444091796875
1.8828125,0.7295873732793906,0.28552947998046874,0.4798583984375
1.8984375,0.72962661016555,0.2857977294921875,0.51263427734375
1.9140625,0.7295761108398438,0.2865728759765625,0.584228515625
1.9296875,0.7296974545433408,0.2872137451171875,0.62890625
1.9453125,0.7296858287992931,0.2882119750976562,0.7510986328125
1.9609375,0.7297021775018594,0.28898681640625,0.8553466796875
1.9765625,0.7297148931594122,0.29001525878906237,0.9776611328124716
1.9921875,0.7297930036272321,0.29092437744140637,1.1147460937500284
2.0078125,0.729658944266183,0.2914013671875,1.17437744140625
2.0234375,0.7297977265857515,0.2921612548828125,1.272705078125
2.0390625,0.7297737484886533,0.292637939453125,1.2130126953125
2.0546875,0.7296981811523438,0.2936517333984375,1.28759765625
2.0703125,0.7298231579008556,0.2943966674804688,1.2369384765625
2.0859375,0.7297370547340023,0.29552947998046875,1.30853271484375
2.1015625,0.7297483171735492,0.29658752441406233,1.314453125
2.1171875,0.7298812866210938,0.29821197509765623,1.4575195312499716
2.1328125,0.7297995431082596,0.2988970947265625,1.4991455078125
2.1484375,0.7298496791294643,0.29976165771484375,1.52008056640625
2.1640625,0.72967529296875,0.3003875732421875,1.5499267578125
2.1796875,0.7299325125558036,0.3022204589843749,1.7137451171874716
2.1953125,0.7297835577101928,0.30287628173828124,1.6959228515625
2.2109375,0.7298965454101562,0.30441131591796877,1.7763671875
2.2265625,0.7298231579008556,0.30602081298828127,1.8866577148437784
2.2421875,0.7298856462751117,0.30684051513671873,1.7257080078125
2.2578125,0.7299390520368311,0.30870330810546875,1.96124267578125
2.2734375,0.7298020862397694,0.3092694091796875,1.90155029296875
2.2890625,0.7297021775018594,0.31059600830078127,2.04168701171875
2.3046875,0.7298329671223952,0.31181793212890624,1.9194946289062784
2.3203125,0.7298118954613095,0.312801513671875,1.98504638671875
2.3359375,0.7299081711542039,0.31424713134765625,1.9671630859375
2.3515625,0.7298663911365334,0.314932861328125,1.78240966796875
2.3671875,0.7297937302362358,0.31628875732421874,1.8896484375
2.3828125,0.7297544933500737,0.31757049560546874,1.7734375
2.3984375,0.7298293340773809,0.31842010498046874,1.83013916015625
2.4140625,0.729781741187686,0.31989532470703125,1.85986328125
2.4296875,0.72987075079055,0.32104278564453126,1.844970703125
2.4453125,0.7298020862397694,0.32223480224609374,1.88665771484375
2.4609375,0.7297712053571429,0.32302490234375,1.75555419921875
2.4765625,0.7298126220703118,0.32426177978515613,1.8657836914062216
2.4921875,0.7297454107375372,0.3257818603515625,1.89862060546875
2.5078125,0.7298213413783475,0.32679504394531234,1.8449096679687216
2.5234375,0.7297646658761168,0.328106689453125,1.93731689453125
2.5390625,0.7298151652018229,0.328524169921875,1.72576904296875
2.5546875,0.7298831031436012,0.32993957519531236,1.7793579101562216
2.5703125,0.7298961821056548,0.33087860107421874,1.728759765625
2.5859375,0.7297697521391369,0.3317431640625,1.74365234375
2.6015625,0.7298518589564739,0.3317431640625,1.4962768554687784
2.6171875,0.7297977265857515,0.3317431640625,1.1922607421875
2.6328125,0.7297904604957217,0.33403778076171875,1.4485473632812784
2.6484375,0.7297839210146949,0.33429138183593765,1.2369384765625284
2.6640625,0.7298246111188617,0.33545379638671874,1.38592529296875
2.6796875,0.729806809198288,0.33648223876953126,1.3085327148437784
2.6953125,0.7297047206333706,0.33724212646484375,1.272705078125
2.7109375,0.7297163463774181,0.33832977294921873,1.31732177734375
2.7265625,0.7298536754789806,0.3394476318359376,1.5408935546875284
2.7421875,0.7297850109282,0.34017791748046877,1.68695068359375
2.7578125,0.7297933669317336,0.3415789794921875,1.50823974609375
2.7734375,0.7298187982468378,0.342696533203125,1.6810302734374716
2.7890625,0.7297646658761168,0.34296478271484376,1.502197265625
2.8046875,0.7297766549246651,0.3437994384765625,1.46343994140625
2.8203125,0.7297900971912202,0.3440673828125,1.36505126953125
2.8359375,0.7298275175548735,0.34530426025390626,1.3948974609375
2.8515625,0.7298064458937872,0.3459899902343749,1.3084716796874432
2.8671875,0.7297563098725819,0.347137451171875,1.39190673828125
2.8828125,0.7298366001674107,0.34824035644531237,1.3322753906249716
2.8984375,0.7297781081426711,0.34849365234375,1.159423828125
2.9140625,0.7297534034365699,0.3495370483398437,1.314453125
2.9296875,0.729813711983817,0.3498052978515625,1.201171875
2.9453125,0.7297821044921882,0.3514892578125,1.484375
2.9609375,0.7298449561709449,0.35138458251953125,1.216064453125
2.9765625,0.7297639392671131,0.352860107421875,1.3740234375000284
2.9921875,0.7297628493536086,0.35339660644531234,1.2518310546874716
3.0078125,0.7297966366722477,0.3539776611328125,1.1474609375000284
3.0234375,0.7297984531947544,0.3550506591796875,1.3114013671875
3.0390625,0.7297544933500737,0.3558108520507812,1.2547607421875
3.0546875,0.7297523135230655,0.3564068603515625,1.3203125
3.0703125,0.7296923682803199,0.3566903686523439,1.0402221679687784
3.0859375,0.7297882806687128,0.3572860717773439,1.1802978515625284
3.1015625,0.7296781994047619,0.35821044921875,1.070068359375
3.1171875,0.7297403244745164,0.35938751220703125,1.1981811523437784
3.1328125,0.7297047206333706,0.3600881958007813,1.22210693359375
3.1484375,0.7297050839378714,0.36020721435546876,1.03131103515625
3.1640625,0.7297250656854539,0.36151885986328125,1.1416015625
3.1796875,0.7297828311011905,0.36227874755859374,1.17437744140625
3.1953125,0.7297802879696801,0.3624130249023439,1.14453125
3.2109375,0.7297606695265997,0.3631875610351561,1.1802978515624432
3.2265625,0.7298133486793155,0.36335174560546873,1.02825927734375
3.2421875,0.7297286987304688,0.36384368896484376,0.8912353515625
3.2578125,0.7297366914295015,0.36481201171875,0.94476318359375
3.2734375,0.729781741187686,0.3653933715820312,1.0372314453125
3.2890625,0.7298311505998883,0.365885009765625,0.87322998046875
3.3046875,0.7297701154436383,0.36601928710937487,0.7481079101562216
3.3203125,0.7296349661690849,0.36625793457031236,0.7689819335936932
3.3359375,0.7296967279343378,0.3665707397460938,0.6766357421875284
3.3515625,0.7297628493536086,0.3674053955078125,0.81072998046875
3.3671875,0.7296890985398072,0.36774780273437485,0.7808227539062216
3.3828125,0.7298253377278646,0.3678372192382813,0.60504150390625
3.3984375,0.7298562186104904,0.36853790283203125,0.62890625
3.4140625,0.729781014578683,0.3686273193359376,0.5484619140625284
3.4296875,0.729690915062314,0.3687615966796875,0.5484619140625284
3.4453125,0.7297301519484747,0.36908905029296873,0.5662231445312784
3.4609375,0.7296985444568452,0.36908905029296873,0.503662109375
3.4765625,0.7297421409970238,0.36908905029296873,0.33673095703125
3.4921875,0.7297348749069941,0.36998321533203127,0.4470825195312784
3.5078125,0.7297054472423735,0.3704751586914064,0.5275878906250284
3.5234375,0.7309977213541666,0.3708923339843749,0.4708862304687216
3.5390625,0.7297352382114956,0.37075836181640637,0.42620849609375
3.5546875,0.7296240670340401,0.371324462890625,0.5125732421875
3.5703125,0.7296840122767857,0.37159271240234387,0.5007324218750284
3.5859375,0.7297646658761168,0.37165252685546873,0.5126953125
3.6015625,0.7297581263950893,0.37214416503906234,0.6110229492187216
3.6171875,0.7297228858584449,0.3724276733398437,0.4888916015625
3.6328125,0.7297704787481406,0.3722186279296875,0.3486938476562216
3.6484375,0.7297316051664806,0.3725018310546875,0.3218994140625284
3.6640625,0.7297356015159977,0.37195037841796874,0.23840332031247158
3.6796875,0.729726882207962,0.37207000732421874,0.14910888671875
3.6953125,0.7297646658761168,0.3725018310546875,0.18182373046872158
3.7109375,0.7297501336960572,0.3718017578125,0.02984619140625
3.7265625,0.7295935494559151,0.37212921142578126,-0.0029907226562215783
3.7421875,0.7296022687639508,0.3724276733398437,0.0
3.7578125,0.7297090802873883,0.3718463134765625,-0.074462890625
3.7734375,0.7297181628999263,0.37169738769531235,-0.16088867187502842
3.7890625,0.7296607607886905,0.37145874023437486,-0.09832763671877842
3.8046875,0.7297548566545758,0.371026611328125,-0.20867919921875
3.8203125,0.7296865554082961,0.3709075927734375,-0.31884765625
3.8359375,0.7297465006510416,0.3704751586914064,-0.2653198242187216
3.8515625,0.7297388712565104,0.36999816894531234,-0.4262084960937784
3.8671875,0.7296880086263021,0.3696255493164064,-0.5604248046874716
3.8828125,0.7297682989211309,0.36984924316406237,-0.3994140625000284
3.8984375,0.7297036307198668,0.3689251708984375,-0.5544433593749716
3.9140625,0.7296814691452753,0.3683737182617188,-0.6170043945312216
3.9296875,0.7296723865327381,0.36807586669921877,-0.59014892578125
3.9453125,0.7296749296642485,0.36749450683593765,-0.6826171874999716
3.9609375,0.7297635759626117,0.36736053466796875,-0.6229248046875284
3.9765625,0.7297617594401048,0.3669580078125,-0.6080322265624716
3.9921875,0.7297007242838548,0.36585540771484376,-0.7540283203125284
4.0078125,0.729690188453311,0.365244140625,-0.9210205078124716
4.0234375,0.7296803792317715,0.3649017333984375,-0.8046875
4.0390625,0.7296385992140997,0.364365234375,-0.80169677734375
4.0546875,0.7297454107375372,0.3640225219726563,-0.8106689453125
4.0703125,0.7296709333147321,0.3632177734375,-0.8553466796875284
4.0859375,0.7296542213076643,0.3627557373046875,-0.92095947265625
4.1015625,0.729813711983817,0.3620999145507813,-0.97161865234375
4.1171875,0.729629153297061,0.36174224853515613,-0.8226318359375284
4.1328125,0.7297497703915551,0.360654296875,-0.91796875
4.1484375,0.7296600341796882,0.3601776123046875,-0.94482421875
4.1640625,0.7296999976748512,0.35925323486328126,-1.02239990234375
4.1796875,0.7297461373465401,0.359715576171875,-0.86138916015625
4.1953125,0.7296952747163319,0.3594024658203124,-0.7630615234375284
4.2109375,0.7296400524321056,0.35850830078125,-0.8494873046875
4.2265625,0.729813711983817,0.357733154296875,-0.87335205078125
4.2421875,0.7297795613606771,0.3568389892578125,-0.9806518554687216
4.2578125,0.7297468639555431,0.3569732666015625,-0.7362060546875
4.2734375,0.7297090802873883,0.3564068603515625,-0.754150390625
4.2890625,0.7296999976748512,0.3561236572265625,-0.62591552734375
4.3046875,0.7297937302362358,0.3560195922851561,-0.7391967773437784
4.3203125,0.7297119867234003,0.3552447509765625,-0.8315429687499716
4.3359375,0.7297501336960572,0.3552447509765625,-0.6527099609375
4.3515625,0.7297900971912202,0.355006103515625,-0.54541015625
4.3671875,0.7297174362909227,0.3541119384765625,-0.54541015625
4.3828125,0.7296996343703497,0.35384368896484375,-0.62591552734375
4.3984375,0.7297461373465401,0.3535009765625,-0.5811767578125
4.4140625,0.7296898251488095,0.3530538940429688,-0.61395263671875
4.4296875,0.7296963646298357,0.3526513671875,-0.6736450195312216
4.4453125,0.7298020862397694,0.3520257568359376,-0.6437988281249716
4.4609375,0.7298104422433036,0.3518618774414064,-0.6765747070312216
4.4765625,0.7297646658761168,0.3514892578125,-0.703369140625
4.4921875,0.7298017229352679,0.35095275878906235,-0.6318359375000284
4.5078125,0.7296803792317715,0.3507290649414064,-0.6229248046874716
4.5234375,0.7296840122767857,0.3507290649414064,-0.5543823242187216
4.5390625,0.7296840122767857,0.349849853515625,-0.64080810546875
4.5546875,0.7296702067057285,0.349149169921875,-0.700439453125
4.5703125,0.7297635759626117,0.3488809204101561,-0.6289672851563068
4.5859375,0.7297595796130952,0.34894073486328125,-0.5842285156250284
4.6015625,0.7296807425362724,0.34859802246093763,-0.5782470703124716
4.6171875,0.7297733851841525,0.34812103271484374,-0.5663452148437216
4.6328125,0.7298267909458706,0.34764404296875,-0.6170043945312784
4.6484375,0.7298227945963548,0.34707794189453123,-0.7302246093750284
4.6640625,0.7297301519484747,0.3474356079101561,-0.4828491210937784
4.6796875,0.7298525855654762,0.3468395996093749,-0.4619140625000284
4.6953125,0.7297265189034599,0.346630859375,-0.4500122070312216
4.7109375,0.7298100789388021,0.3458709716796875,-0.61395263671875
4.7265625,0.7297181628999263,0.345274658203125,-0.6646728515625284
4.7421875,0.7297414143880215,0.34493194580078124,-0.6378173828125
4.7578125,0.7297497703915551,0.34454437255859377,-0.61993408203125
4.7734375,0.7297766549246651,0.34458892822265624,-0.497802734375
4.7890625,0.7297228858584449,0.34420166015625,-0.6467895507812216
4.8046875,0.7297421409970238,0.3436053466796875,-0.6468505859374716
4.8203125,0.7298195248558408,0.3433819580078125,-0.6497802734375
4.8359375,0.7297755650111607,0.34321807861328124,-0.53057861328125
4.8515625,0.7297948201497396,0.34324768066406236,-0.4053955078125284
4.8671875,0.7297116234188988,0.3425323486328125,-0.47991943359375
4.8828125,0.7297584896995908,0.3423687744140624,-0.4351196289062784
4.8984375,0.7297595796130952,0.34202606201171876,-0.5125732421875
4.9140625,0.7297283354259666,0.341832275390625,-0.473876953125
4.9296875,0.7296887352353051,0.34221954345703126,-0.27716064453125
4.9453125,0.7296952747163319,0.3409381103515625,-0.48876953125
4.9609375,0.7297650291806176,0.340699462890625,-0.50372314453125
4.9765625,0.7297613961356026,0.34023773193359375,-0.6019897460937216
4.9921875,0.7297537667410714,0.339835205078125,-0.5394287109375
5.0078125,0.7296890985398072,0.33990966796875,-0.4918212890624716
5.0234375,0.7297196161179309,0.33956695556640637,-0.4918212890624716
5.0390625,0.7297719319661452,0.3391497802734375,-0.5364990234375
5.0546875,0.7297653924851191,0.338970947265625,-0.64971923828125
5.0703125,0.7297839210146949,0.3387176513671875,-0.444091796875
5.0859375,0.7296785627092633,0.338419189453125,-0.4560546875
5.1015625,0.7297461373465401,0.3382257080078125,-0.40240478515625
5.1171875,0.7296738397507441,0.3380319213867187,-0.36065673828125
5.1328125,0.7297399611700142,0.33832977294921873,-0.31597900390625
5.1484375,0.7297232491629464,0.33759979248046873,-0.3934326171875284
5.1640625,0.7296640305292039,0.33756988525390624,-0.31597900390625
5.1796875,0.7298017229352679,0.33695892333984373,-0.40240478515625
5.1953125,0.7297515869140618,0.33695892333984373,-0.35174560546875
5.2109375,0.729781014578683,0.33676513671875,-0.330810546875
5.2265625,0.7298976353236607,0.336824951171875,-0.2801513671875
5.2421875,0.7298729306175595,0.336258544921875,-0.35467529296875
5.2578125,0.7298020862397694,0.33636260986328126,-0.3934326171875
5.2734375,0.7297021775018594,0.336109619140625,-0.29803466796875
5.2890625,0.7297632126581094,0.33582611083984376,-0.3487548828125
5.3046875,0.7297770182291666,0.3358114624023439,-0.22949218749997158
5.3203125,0.729874747140067,0.3354388427734375,-0.30401611328125
5.3359375,0.7298028128487724,0.3352001953125,-0.31298828125
5.3515625,0.7297846476236979,0.3353045654296875,-0.3040771484375
5.3671875,0.7297356015159977,0.33402313232421876,-0.44708251953125
5.3828125,0.7298275175548735,0.33481292724609374,-0.3099365234375
5.3984375,0.7297316051664806,0.33381439208984376,-0.45904541015625
5.4140625,0.7297152564639143,0.333248291015625,-0.51556396484375
5.4296875,0.7298366001674107,0.3334271240234375,-0.4768676757812784
5.4453125,0.7298246111188617,0.3331884765625,-0.4500732421875
5.4609375,0.7298209780738467,0.3329202270507812,-0.45599365234375
5.4765625,0.7298634847005215,0.33280090332031237,-0.5007324218750284
5.4921875,0.7297247023809523,0.33251770019531235,-0.3010864257812784
5.5078125,0.7298831031436012,0.33253295898437485,-0.4559936523437784
5.5234375,0.7298576718284977,0.3326071166992188,-0.241455078125
5.5390625,0.7298376900809151,0.332398681640625,-0.169921875
5.5546875,0.7297799246651786,0.332115478515625,-0.2623291015625
5.5703125,0.7297130766369048,0.3315643310546875,-0.3248291015625
5.5859375,0.7298169817243311,0.33143005371093764,-0.2980346679687216
5.6015625,0.7298035394577753,0.33143005371093764,-0.27416992187494316
5.6171875,0.7298467726934523,0.33132568359375,-0.23840332031247158
5.6328125,0.7298453194754464,0.33095306396484375,-0.3159790039062216
5.6484375,0.7298035394577753,0.33105743408203125,-0.3099365234375
5.6640625,0.7297722952706474,0.33129608154296875,-0.22052001953125
5.6796875,0.7298304239908854,0.3302676391601561,-0.3695678710937784
5.6953125,0.7298064458937872,0.3305657958984375,-0.19970703125
5.7109375,0.7297748384021571,0.3303717041015625,-0.21166992187502842
5.7265625,0.7298591250465023,0.3299993896484375,-0.2861328125000284
5.7421875,0.7298565819149926,0.32961181640625,-0.3427734375
5.7578125,0.72974868047805,0.3296267700195312,-0.2652587890625
5.7734375,0.7298035394577753,0.329820556640625,-0.24737548828125
5.7890625,0.7298940022786452,0.32882202148437484,-0.4948120117187784
5.8046875,0.7298482259114584,0.32915008544921875,-0.22351074218747158
5.8203125,0.7298100789388021,0.32874755859375,-0.3636474609375
5.8359375,0.7298431396484382,0.32861358642578126,-0.35162353515625
5.8515625,0.7298086257207961,0.328896484375,-0.2205810546875
5.8671875,0.7297770182291666,0.328330078125,-0.25634765625
5.8828125,0.7297752017066592,0.32831512451171874,-0.2623291015625
5.8984375,0.7298329671223952,0.3281362915039063,-0.33685302734375
5.9140625,0.7298162551153273,0.327808837890625,-0.20263671874997158
5.9296875,0.72974868047805,0.32795745849609376,-0.238525390625
5.9453125,0.7297686622256324,0.32768920898437487,-0.21166992187502842
5.9609375,0.7298046293712798,0.326973876953125,-0.32794189453125
5.9765625,0.7298293340773809,0.32742095947265626,-0.29510498046875
5.9921875,0.7297744750976562,0.327525634765625,-0.160888671875
6.0078125,0.7297697521391369,0.32731689453125,-0.19964599609375
6.0234375,0.7297951834542404,0.32704864501953124,-0.217529296875
6.0390625,0.7298336937313988,0.326959228515625,-0.169921875
6.0546875,0.7298478626069569,0.326959228515625,-0.19964599609375
6.0703125,0.7298547653924858,0.32704864501953124,-0.12811279296872158
6.0859375,0.7298812866210938,0.3262738037109376,-0.14001464843747158
6.1015625,0.7298685709635416,0.3265716552734375,-0.16986083984375
6.1171875,0.729783194405692,0.3266015625,-0.184814453125
6.1328125,0.7297650291806176,0.32645263671875,-0.1728515625
6.1484375,0.7298282441638765,0.3260052490234375,-0.20867919921875
6.1640625,0.7297515869140618,0.325662841796875,-0.25927734375
6.1796875,0.7297969999767485,0.325528564453125,-0.2861328125
6.1953125,0.7298493158249628,0.325528564453125,-0.30401611328125
6.2109375,0.7297297886439739,0.325528564453125,-0.14904785156252842
6.2265625,0.7297911871047247,0.3247088623046875,-0.37255859375
6.2421875,0.7298253377278646,0.3251708984375,-0.2861328125
6.2578125,0.7298148018973214,0.3251110839843749,-0.2683105468750284
6.2734375,0.7298144385928199,0.324962158203125,-0.2086181640625
6.2890625,0.7298002697172619,0.32490264892578125,-0.15203857421875
6.3046875,0.7296800159272694,0.32478332519531233,-0.14904785156252842
6.3203125,0.7297686622256324,0.32447021484375,-0.211669921875
6.3359375,0.7298326038178944,0.32415740966796874,-0.27423095703125
6.3515625,0.7297072637648809,0.32415740966796874,-0.11029052734375
6.3671875,0.7298267909458706,0.3247088623046875,-0.0924072265625
6.3828125,0.7298042660667783,0.32396392822265624,-0.22943115234372158
6.3984375,0.7298384166899181,0.3243215942382813,-0.12811279296875
6.4140625,0.7297101702008929,0.3239935302734375,-0.18182373046875
6.4296875,0.7298100789388021,0.3240679931640624,-0.14306640625
6.4453125,0.7297897338867188,0.3236654663085938,-0.16094970703125
6.4609375,0.7297650291806176,0.3237548828125,-0.08050537109375
6.4765625,0.729827880859375,0.3236654663085938,-0.098388671875
6.4921875,0.7297799246651786,0.32302490234375,-0.3367919921875
6.5078125,0.7298344203404025,0.3237701416015625,-0.03875732421875
6.5234375,0.7297886439732143,0.32342742919921874,-0.1788330078125
6.5390625,0.7297969999767485,0.3231289672851561,-0.17291259765627842
6.5546875,0.7297563098725819,0.32332275390625,-0.14904785156247158
6.5703125,0.7297988164992559,0.322965087890625,-0.14007568359375
6.5859375,0.7298078991117931,0.32293548583984377,-0.16387939453125
6.6015625,0.7296553112211681,0.32257781982421874,-0.217529296875
6.6171875,0.7297730218796503,0.32272674560546877,-0.05963134765625
6.6328125,0.7297755650111607,0.322681884765625,-0.2176513671875
6.6484375,0.7297672090076265,0.3221453857421875,-0.25640869140625
6.6640625,0.7297697521391369,0.32236907958984373,-0.15197753906247158
6.6796875,0.7297839210146949,0.32187713623046876,-0.28912353515625
6.6953125,0.7297682989211309,0.3221453857421875,-0.1639404296875
6.7109375,0.7296749296642485,0.32157928466796876,-0.271240234375
6.7265625,0.7297454107375372,0.3215048217773439,-0.21459960937497158
6.7421875,0.7297555832635789,0.32189208984375,-0.16693115234375
6.7578125,0.7297762916201643,0.32196655273437486,-0.14306640625002842
6.7734375,0.7297777448381689,0.3217431640625,-0.0804443359375
6.7890625,0.7298609415690104,0.32143005371093764,-0.18780517578122158
6.8046875,0.7297432309105283,0.3214453125,-0.08636474609375
6.8203125,0.7297762916201643,0.3214453125,-0.1400146484375
6.8359375,0.7296636672247023,0.32093841552734387,-0.12817382812497158
6.8515625,0.7296807425362724,0.32159423828125,0.01788330078122158
6.8671875,0.7297930036272321,0.32096832275390624,-0.18475341796875
6.8828125,0.7297752017066592,0.32102783203125,-0.18774414062497158
6.8984375,0.7297621227446056,0.320953369140625,-0.157958984375
6.9140625,0.7298227945963548,0.320953369140625,-0.09533691406252842
6.9296875,0.7298558553059896,0.3214453125,0.0
6.9453125,0.7298231579008556,0.32146026611328127,0.00299072265625
6.9609375,0.7298344203404025,0.32104278564453126,0.02087402343747158
6.9765625,0.7297802879696801,0.32129608154296874,-0.05963134765625
6.9921875,0.7298031761532738,0.32129608154296874,0.0655517578125
7.0078125,0.7298246111188617,0.3214453125,0.08349609375
7.0234375,0.7299394153413319,0.32151947021484373,0.11322021484375
7.0390625,0.7298649379185261,0.3214453125,0.098388671875
7.0546875,0.7298631213960194,0.3215048217773439,0.011901855468778422
7.0703125,0.7298064458937872,0.32236907958984373,0.1817626953125
7.0859375,0.7298202514648438,0.3224285888671875,0.27716064453125
7.1015625,0.7298431396484382,0.32275665283203125,0.2921142578125
7.1171875,0.7298482259114584,0.3233526611328125,0.41131591796875
7.1328125,0.7298580351329985,0.323233642578125,0.357666015625
7.1484375,0.7298267909458706,0.3239489746093749,0.4859008789062216
7.1640625,0.7298780168805811,0.32444061279296876,0.59906005859375
7.1796875,0.7298863728841146,0.3249322509765625,0.6854858398437216
7.1953125,0.7298249744233631,0.32561798095703126,0.6497802734375
7.2109375,0.7299056280226928,0.3264373779296875,0.8017578125
7.2265625,0.7298929123651414,0.3268994140625,0.82855224609375
7.2421875,0.7299150739397321,0.32794281005859377,0.91802978515625
7.2578125,0.7298485892159599,0.328524169921875,1.05810546875
7.2734375,0.7300138927641369,0.3295669555664064,1.1235961914063068
7.2890625,0.7299837384905133,0.33050598144531235,1.2130737304687216
7.3046875,0.7299332391648072,0.33116180419921876,1.24591064453125
7.3203125,0.7298613048735119,0.33259246826171873,1.3948974609375
7.3359375,0.7298845563616071,0.3331884765625,1.3502197265625
7.3515625,0.7298536754789806,0.33417205810546874,1.45452880859375
7.3671875,0.7298445928664428,0.334678955078125,1.34722900390625
7.3828125,0.7299361456008191,0.33561767578125,1.418701171875
7.3984375,0.7298863728841146,0.33675048828125,1.4367065429687216
7.4140625,0.7299049014136905,0.33779327392578123,1.4574584960937784
7.4296875,0.7299107142857143,0.3387176513671875,1.51116943359375
7.4453125,0.7298275175548735,0.34035675048828123,1.5528564453125
7.4609375,0.7298358735584071,0.3415341186523439,1.6691284179687784
7.4765625,0.7298979986281622,0.3421746826171875,1.60052490234375
7.4921875,0.7297962733677456,0.34339691162109376,1.74359130859375
7.5078125,0.7298925490606406,0.3439483642578125,1.6661376953125
7.5234375,0.729813711983817,0.34533447265625,1.716796875
7.5390625,0.7298104422433036,0.34634765625,1.71087646484375
7.5546875,0.7298097156343,0.34736083984375,1.7286376953125
7.5703125,0.7298511323474702,0.3480169677734375,1.53204345703125
7.5859375,0.7298213413783475,0.3493133544921875,1.5558471679687216
7.6015625,0.7298751104445691,0.34990936279296875,1.54693603515625
7.6171875,0.729812985374814,0.350997314453125,1.52008056640625
7.6328125,0.7298369634719122,0.3522491455078125,1.66015625
7.6484375,0.7298500424339658,0.35250244140625,1.43359375
7.6640625,0.729872567313058,0.3539031982421875,1.5111083984375
7.6796875,0.7298914591471354,0.35502105712890625,1.53204345703125
7.6953125,0.7298591250465023,0.3557513427734375,1.546875
7.7109375,0.7298275175548735,0.35661560058593766,1.4604492187500284
7.7265625,0.7298380533854166,0.3575396728515625,1.52606201171875
7.7421875,0.7298380533854166,0.35891052246093763,1.5826416015625284
7.7578125,0.7298242478143594,0.3591046142578125,1.37109375
7.7734375,0.729842049734933,0.3591046142578125,1.3204345703125
7.7890625,0.7298816499255952,0.3591046142578125,1.040283203125
7.8046875,0.7298347836449033,0.36116119384765627,1.22802734375
7.8203125,0.7298315139043906,0.362740478515625,1.3978271484375
7.8359375,0.7298133486793155,0.3629193115234375,1.2607421874999716
7.8515625,0.7298667544410342,0.36406707763671875,1.30548095703125
7.8671875,0.729781014578683,0.36508056640625,1.2340087890624716
7.8828125,0.7299205235072544,0.3659149169921875,1.362060546875
7.8984375,0.729719979422433,0.367032470703125,1.5855712890625
7.9140625,0.7298177083333334,0.367733154296875,1.7257080078125
7.9296875,0.7297926403227306,0.3689404296875,1.55584716796875
7.9453125,0.729935782296317,0.36984924316406237,1.4217529296874716
7.9609375,0.7298198881603429,0.37081817626953123,1.57977294921875
7.9765625,0.7298391432989211,0.37051971435546877,1.29052734375
7.9921875,0.7298336937313988,0.3724276733398437,1.46942138671875
8.0078125,0.7298398699079242,0.37332183837890626,1.48138427734375
8.0234375,0.7297635759626117,0.3742901611328125,1.4515380859375
8.0390625,0.7297752017066592,0.3753482055664064,1.5230102539062784
8.0546875,0.729843502952939,0.37546783447265625,1.30548095703125
8.0703125,0.7298380533854166,0.37695770263671874,1.4216918945312784
8.0859375,0.7298696608770461,0.3775091552734375,1.33819580078125
8.1015625,0.7297039940243676,0.3782244873046875,1.54095458984375
8.1171875,0.7296832856677834,0.3796551513671875,1.44549560546875
8.1328125,0.7297203427269345,0.38011749267578127,1.359130859375
8.1484375,0.7297969999767485,0.38123504638671873,1.38897705078125
8.1640625,0.7298514956519717,0.3820697021484375,1.3442993164062216
8.1796875,0.7297632126581094,0.38236755371093767,1.3799438476562784
8.1953125,0.7298336937313988,0.3830828857421875,1.22503662109375
8.2109375,0.7297617594401048,0.38426025390625,1.3502197265625
8.2265625,0.7297882806687128,0.38496063232421873,1.34722900390625
8.2421875,0.7298536754789806,0.38642120361328125,1.35321044921875
8.2578125,0.7297904604957217,0.3868682861328125,1.35015869140625
8.2734375,0.7297795613606771,0.387344970703125,1.22198486328125
8.2890625,0.7298631213960194,0.38840301513671877,1.26666259765625
8.3046875,0.7297101702008929,0.38843322753906234,1.2131347656249432
8.3203125,0.7298082624162954,0.3888055419921875,1.14453125
8.3359375,0.7298366001674107,0.389625244140625,1.072998046875
8.3515625,0.7297116234188988,0.3910409545898437,1.216064453125
8.3671875,0.7297930036272321,0.3915325927734375,1.02227783203125
8.3828125,0.7298148018973214,0.3922332763671875,1.072998046875
8.3984375,0.7297468639555431,0.3927252197265625,1.0760498046875
8.4140625,0.7297552199590773,0.39400665283203123,1.1207275390625
8.4296875,0.7297395978655133,0.3943939208984375,1.1921386718750284
8.4453125,0.7297930036272321,0.39479644775390627,1.19818115234375
8.4609375,0.7297995431082596,0.3961526489257812,1.30548095703125
8.4765625,0.7297846476236979,0.39662933349609375,1.11767578125
8.4921875,0.7298104422433036,0.3973895263671875,1.17138671875
8.5078125,0.7298195248558408,0.39740447998046874,1.03424072265625
8.5234375,0.7297286987304688,0.3976727294921875,0.989501953125
8.5390625,0.7298093523297992,0.39841766357421876,0.8822021484375
8.5546875,0.7298395066034227,0.39941650390625,1.0045166015625
8.5703125,0.7298776535760789,0.3993716430664064,0.9150390625000284
8.5859375,0.7297969999767485,0.4000421142578125,0.77789306640625
8.6015625,0.7298660278320312,0.4004742431640624,0.7689819335937216
8.6171875,0.7298148018973214,0.400489501953125,0.6199951171875
8.6328125,0.7297861008417039,0.4016964721679688,0.8583984375
8.6484375,0.7298380533854166,0.4016964721679688,0.80474853515625
8.6640625,0.7297730218796503,0.40193511962890627,0.7034912109375
8.6796875,0.729751223609561,0.4028143310546875,0.6795654296875
8.6953125,0.7298166184198289,0.40338043212890623,0.8017578124999716
8.7109375,0.7298362368629092,0.4038720703125,0.7659912109375
8.7265625,0.729873293922061,0.4038720703125,0.6795654296875284
8.7421875,0.729691641671317,0.4043789672851561,0.7778930664062216
8.7578125,0.72987075079055,0.40463226318359374,0.587158203125
8.7734375,0.7298823765345975,0.40516876220703124,0.6944580078125
8.7890625,0.7297566731770834,0.405780029296875,0.76898193359375
8.8046875,0.7297515869140618,0.405943603515625,0.6258544921875
8.8203125,0.7297984531947544,0.405780029296875,0.47991943359375
8.8359375,0.7298464093889508,0.4061224365234375,0.4500732421875
8.8515625,0.7298914591471354,0.4071063232421875,0.6468505859375
8.8671875,0.7299074445452008,0.40718048095703124,0.5603027343750284
8.8828125,0.7298184349423357,0.40706146240234387,0.4858398437500284
8.8984375,0.7297722952706474,0.407940673828125,0.55438232421875
8.9140625,0.7297864641462046,0.40825347900390624,0.49468994140625
8.9296875,0.7297886439732143,0.408358154296875,0.48291015625
8.9453125,0.7298809233165929,0.4090435791015625,0.6527099609375
8.9609375,0.7297977265857515,0.40925231933593764,0.6259765625000284
8.9765625,0.7297428676060261,0.40928192138671876,0.43511962890625
8.9921875,0.7298195248558408,0.40905822753906235,0.3755493164062216
9.0078125,0.7298485892159599,0.409937744140625,0.5752563476562216
9.0234375,0.7297250656854539,0.4100720214843749,0.4262695312499716
9.0390625,0.7298326038178944,0.4102059936523439,0.3905029296875284
9.0546875,0.7297435942150298,0.41022064208984377,0.37249755859375
9.0703125,0.7298166184198289,0.4102655029296875,0.244384765625
9.0859375,0.7298064458937872,0.41017608642578124,0.18475341796872158
9.1015625,0.7297581263950893,0.410146484375,0.17291259765625
9.1171875,0.7297570364815849,0.41041442871093764,0.27124023437505684
9.1328125,0.7297544933500737,0.410802001953125,0.1728515625
9.1484375,0.7297682989211309,0.410802001953125,0.14599609375002842
9.1640625,0.7297497703915551,0.41047424316406234,0.05364990234369316
9.1796875,0.729827880859375,0.41029541015625,0.01495361328125
9.1953125,0.729806809198288,0.41069793701171875,0.08648681640625
9.2109375,0.7299009050641742,0.41051910400390623,0.068603515625
9.2265625,0.7298576718284977,0.41029541015625,0.02978515625
9.2421875,0.7297414143880215,0.41022064208984377,-0.03875732421877842
9.2578125,0.7297399611700142,0.4104443359375,-0.071533203125
9.2734375,0.7297079903738832,0.41022064208984377,-0.11627197265625
9.2890625,0.7298994518461681,0.4098779296875,-0.11926269531247158
9.3046875,0.7297530401320691,0.4094012451171875,-0.1788330078125
9.3203125,0.7298616681780133,0.40966949462890623,-0.2056884765625
9.3359375,0.7297966366722477,0.40913299560546873,-0.2772216796875
9.3515625,0.729690188453311,0.4087307739257813,-0.31292724609375
9.3671875,0.7298286074683786,0.40855194091796876,-0.333740234375
9.3828125,0.7297316051664806,0.4081494140625,-0.458984375
9.3984375,0.7298195248558408,0.40820892333984377,-0.40234375
9.4140625,0.7298347836449033,0.40755310058593763,-0.4649658203124716
9.4296875,0.7298097156343,0.40777679443359377,-0.32489013671875
9.4453125,0.7297621227446056,0.40692749023437486,-0.5484008789062784
9.4609375,0.7296832856677834,0.4071063232421875,-0.40533447265625
9.4765625,0.7297948201497396,0.406510009765625,-0.44415283203125
9.4921875,0.7298035394577753,0.40521331787109377,-0.667724609375
9.5078125,0.7298696608770461,0.4059286499023439,-0.4441528320312216
9.5234375,0.7297977265857515,0.405362548828125,-0.56927490234375
9.5390625,0.7297737484886533,0.405362548828125,-0.4381103515625284
9.5546875,0.729751950218564,0.4050942993164064,-0.5364990234374716
9.5703125,0.7297403244745164,0.4043939208984375,-0.5067138671874716
9.5859375,0.7297297886439739,0.4042001342773439,-0.5812377929687216
9.6015625,0.7298464093889508,0.4036932373046875,-0.5633544921875
9.6171875,0.7297330583844867,0.4031121826171875,-0.42022705078125
9.6328125,0.7297050839378714,0.4028143310546875,-0.6228637695312784
9.6484375,0.7298565819149926,0.40230743408203123,-0.61102294921875
9.6640625,0.7298369634719122,0.40181549072265627,-0.70941162109375
9.6796875,0.7297861008417039,0.40132385253906233,-0.7540893554688068
9.6953125,0.7296792893182664,0.40114501953125,-0.6497802734375
9.7109375,0.7298547653924858,0.40063842773437486,-0.7123413085938068
9.7265625,0.7298100789388021,0.4004150390625,-0.6556396484375
9.7421875,0.7298064458937872,0.399580078125,-0.7064208984375
9.7578125,0.7297930036272321,0.3992822265625,-0.7064208984375
9.7734375,0.7297951834542404,0.39861145019531236,-0.7391967773437784
9.7890625,0.7296683901832217,0.3981942749023439,-0.7242431640624716
9.8046875,0.7297523135230655,0.39804534912109374,-0.6557006835937216
9.8203125,0.7297788347516742,0.39704681396484376,-0.81964111328125
9.8359375,0.7298249744233631,0.397196044921875,-0.6884765624999716
9.8515625,0.7297911871047247,0.396495361328125,-0.783935546875
9.8671875,0.7297432309105283,0.3960186767578125,-0.7122802734375
9.8828125,0.7297821044921882,0.39536285400390625,-0.78387451171875
9.8984375,0.7296920049758191,0.39518402099609373,-0.6854858398437216
9.9140625,0.7298416864304309,0.39518402099609373,-0.6020507812500284
9.9296875,0.7297686622256324,0.3945281982421875,-0.70343017578125
9.9453125,0.7297584896995908,0.3943194580078125,-0.54547119140625
9.9609375,0.7297733851841525,0.39390228271484373,-0.65875244140625
9.9765625,0.7298213413783475,0.39335113525390625,-0.62884521484375
9.9921875,0.7298551286969867,0.3926055908203124,-0.6826171875000284
10.0078125,0.7297999064127604,0.3926055908203124,-0.5514526367187784
10.0234375,0.7297926403227306,0.39203948974609376,-0.62890625
10.0390625,0.7298267909458706,0.391473388671875,-0.74212646484375
10.0546875,0.7297999064127604,0.3908026123046875,-0.7451171875
10.0703125,0.7297672090076265,0.39060882568359373,-0.74212646484375
10.0859375,0.7298042660667783,0.390400390625,-0.70037841796875
10.1015625,0.7297247023809523,0.3895806884765625,-0.75408935546875
10.1171875,0.7297868274507069,0.3887908935546875,-0.7629394531249716
10.1328125,0.7297454107375372,0.3886865234375,-0.7838134765624716
10.1484375,0.7297911871047247,0.387911376953125,-0.82562255859375
10.1640625,0.7297054472423735,0.3883438110351561,-0.6259155273437784
10.1796875,0.7298794700985857,0.38773254394531237,-0.6140136718750284
10.1953125,0.7297388712565104,0.38738983154296874,-0.643798828125
10.2109375,0.7298133486793155,0.38701721191406235,-0.6766357421875284
10.2265625,0.7297639392671131,0.386689453125,-0.5782470703125
10.2421875,0.7297112601143974,0.3859295654296875,-0.572265625
10.2578125,0.7298078991117931,0.385333251953125,-0.670654296875
10.2734375,0.7297334216889881,0.38484130859375,-0.614013671875
10.2890625,0.7297613961356026,0.38454345703125,-0.7600708007812216
10.3046875,0.7297712053571429,0.38399200439453124,-0.7481079101562216
10.3203125,0.7297479538690477,0.38326171875,-0.82562255859375
10.3359375,0.7296124412899926,0.38350036621093764,-0.7033691406249432
10.3515625,0.7297828311011905,0.38281463623046874,-0.77496337890625
10.3671875,0.7297138032459071,0.38302337646484375,-0.58123779296875
10.3828125,0.7297788347516742,0.3825909423828125,-0.5484619140625
10.3984375,0.7296669369652158,0.38232269287109377,-0.50372314453125
10.4140625,0.7298329671223952,0.38232269287109377,-0.44415283203125
10.4296875,0.7297639392671131,0.3821142578125,-0.37554931640625
10.4453125,0.7296851021902901,0.3819952392578125,-0.2532958984375
10.4609375,0.7297948201497396,0.3813095092773439,-0.43817138671875
10.4765625,0.7297079903738832,0.38145874023437487,-0.2711791992187784
10.4921875,0.7297969999767485,0.38107086181640637,-0.3905029296874716
10.5078125,0.7297185262044271,0.38092224121093765,-0.3337402343749716
10.5234375,0.7297345116024926,0.3802813720703124,-0.4082641601562784
10.5390625,0.7297748384021571,0.3800128173828125,-0.46197509765625
10.5546875,0.7297955467587426,0.3798788452148438,-0.44708251953125
10.5703125,0.7298009963262642,0.3796551513671875,-0.468017578125
10.5859375,0.7296625773111979,0.379327392578125,-0.3964233398437784
10.6015625,0.7296720232282367,0.37886566162109375,-0.5186157226562216
10.6171875,0.7297951834542404,0.37859741210937486,-0.49468994140630684
10.6328125,0.7297904604957217,0.37892486572265627,-0.3994750976562784
10.6484375,0.7298834664481026,0.378179931640625,-0.4202880859374716
10.6640625,0.7297835577101928,0.37855255126953125,-0.29205322265625
10.6796875,0.7297752017066592,0.37783721923828123,-0.4083251953125
10.6953125,0.729690915062314,0.3774349975585938,-0.44403076171875
10.7109375,0.7297141665504092,0.37665985107421873,-0.53350830078125
10.7265625,0.7298213413783475,0.37680908203125,-0.41131591796875
10.7421875,0.7298413231259301,0.3764810180664064,-0.42327880859369316
10.7578125,0.729705810546875,0.3761083984375,-0.56329345703125
10.7734375,0.7297323317754836,0.37601898193359373,-0.43218994140625
10.7890625,0.7296941848028273,0.37528900146484373,-0.6527099609375
10.8046875,0.7297733851841525,0.37587005615234387,-0.3934326171874716
10.8203125,0.7298591250465023,0.3749609375,-0.49481201171875
10.8359375,0.7297897338867188,0.375035400390625,-0.32489013671875
10.8515625,0.7298391432989211,0.3747525024414064,-0.4113159179687216
10.8671875,0.7296705700102306,0.37493133544921875,-0.3099365234375284
10.8828125,0.7296440487816214,0.374305419921875,-0.360595703125
10.8984375,0.7297686622256324,0.3744989013671875,-0.30401611328125
10.9140625,0.7298046293712798,0.3744540405273439,-0.16699218749997158
10.9296875,0.7296731131417404,0.3741412353515625,-0.3457641601562784
10.9453125,0.7297621227446056,0.37366455078125,-0.25927734375
10.9609375,0.7297904604957217,0.3732916259765625,-0.3487548828125
10.9765625,0.7298177083333334,0.37351531982421876,-0.24743652343752842
10.9921875,0.729690188453311,0.37332183837890626,-0.3218994140625
11.0078125,0.7298180716378349,0.373038330078125,-0.25341796875
11.0234375,0.7297257922944569,0.372322998046875,-0.4351806640625
11.0390625,0.7297948201497396,0.3723080444335938,-0.4291992187500284
11.0546875,0.7296560378301711,0.37212921142578126,-0.40240478515625
11.0703125,0.7297839210146949,0.3723080444335938,-0.27130126953125
11.0859375,0.7298231579008556,0.37145874023437486,-0.3665771484375284
11.1015625,0.7298093523297992,0.3716229248046875,-0.37847900390625
11.1171875,0.7297722952706474,0.37135467529296873,-0.3934326171875
11.1328125,0.7297279721214658,0.37145874023437486,-0.3159179687500284
11.1484375,0.729787917364212,0.3715780639648438,-0.14898681640625
11.1640625,0.7297755650111607,0.37135467529296873,-0.190673828125
11.1796875,0.7297606695265997,0.37129486083984375,-0.1668701171875
11.1953125,0.7297781081426711,0.3709075927734375,-0.28009033203125
11.2109375,0.7297719319661452,0.370445556640625,-0.20263671874997158
11.2265625,0.7297930036272321,0.37057952880859374,-0.20867919921875
11.2421875,0.7297951834542404,0.36998321533203127,-0.2742919921875
11.2578125,0.7298217046828497,0.37025146484375,-0.24145507812497158
11.2734375,0.7298514956519717,0.37025146484375,-0.26531982421875
11.2890625,0.7298082624162954,0.37025146484375,-0.22064208984375
11.3046875,0.7297682989211309,0.36984924316406237,-0.2891235351562784
11.3203125,0.7298017229352679,0.36995361328125,-0.1907958984375
11.3359375,0.7299118041992188,0.36926788330078125,-0.23553466796875
11.3515625,0.7297454107375372,0.36956634521484377,-0.20263671875
11.3671875,0.7298551286969867,0.36984924316406237,-0.02679443359377842
11.3828125,0.729783194405692,0.3690594482421875,-0.2384033203125
11.3984375,0.7297926403227306,0.3689251708984375,-0.2652587890625
11.4140625,0.7297319684709821,0.36908905029296873,-0.23248291015625
11.4296875,0.7298071725027901,0.36883605957031235,-0.20263671875
11.4453125,0.729806809198288,0.36855255126953124,-0.28021240234375
11.4609375,0.729812985374814,0.36819488525390626,-0.214599609375
11.4765625,0.7298071725027901,0.3683737182617188,-0.238525390625
11.4921875,0.7298100789388021,0.36807586669921877,-0.3546752929687216
11.5078125,0.7297911871047247,0.36815032958984373,-0.18182373046875
11.5234375,0.7299009050641742,0.36800140380859375,-0.18475341796875
11.5390625,0.7298409598214286,0.36800140380859375,-0.217529296875
11.5546875,0.7297788347516742,0.367449951171875,-0.2772216796874716
11.5703125,0.7298391432989211,0.367584228515625,-0.19366455078125
11.5859375,0.7297722952706474,0.36736053466796875,-0.1668701171875
11.6015625,0.7297682989211309,0.367032470703125,-0.26824951171875
11.6171875,0.7297744750976562,0.36658538818359376,-0.298095703125
11.6328125,0.7297021775018594,0.36680908203125,-0.26824951171875
11.6484375,0.7297595796130952,0.36630249023437483,-0.3397827148437784
11.6640625,0.7298198881603429,0.36610870361328124,-0.3785400390625
11.6796875,0.7299012683686763,0.367032470703125,-0.08349609375
11.6953125,0.7298831031436012,0.36636199951171877,-0.24444580078125
11.7109375,0.7297777448381689,0.36601928710937487,-0.2682495117187784
11.7265625,0.7298013596307664,0.3664959716796875,-0.1072998046875
11.7421875,0.7297686622256324,0.3659298706054688,-0.131103515625
11.7578125,0.729719979422433,0.3654531860351561,-0.2711791992187784
11.7734375,0.7297305152529762,0.36563201904296877,-0.13409423828122158
11.7890625,0.7298198881603429,0.365438232421875,-0.13409423828125
11.8046875,0.729751950218564,0.36573608398437485,-0.2592773437500284
11.8203125,0.7297167096819189,0.36514007568359375,-0.244384765625
11.8359375,0.7297323317754836,0.3653189086914064,-0.14007568359369316
11.8515625,0.7297465006510416,0.3649462890625,-0.3099365234375
11.8671875,0.7297290620349702,0.36484191894531237,-0.21759033203127842
11.8828125,0.7298042660667783,0.3649462890625,-0.10137939453122158
11.8984375,0.7297435942150298,0.364365234375,-0.25335693359375
11.9140625,0.7297203427269345,0.364365234375,-0.214599609375
11.9296875,0.7297853742327008,0.3640225219726563,-0.3427124023437216
11.9453125,0.7299139840262276,0.3640225219726563,-0.2235107421875
11.9609375,0.7298812866210938,0.36384368896484376,-0.2950439453125284
11.9765625,0.7298384166899181,0.3637689208984375,-0.2354736328125
11.9921875,0.7298369634719122,0.364171142578125,-0.13415527343747158
12.0078125,0.7299128941127239,0.3640225219726563,-0.18475341796875
12.0234375,0.7298086257207961,0.36384368896484376,-0.10430908203125
12.0390625,0.7299183436802456,0.3647674560546875,0.0804443359375
12.0546875,0.7298940022786452,0.364365234375,0.06854248046875
12.0703125,0.7297748384021571,0.36481201171875,0.15789794921875
12.0859375,0.7298867361886168,0.3652743530273439,0.2861328125000284
12.1015625,0.7298616681780133,0.3645440673828125,0.155029296875
12.1171875,0.7297228858584449,0.3650506591796875,0.1759033203125
12.1328125,0.7298111688523072,0.3650506591796875,0.20562744140625
12.1484375,0.7298326038178944,0.365438232421875,0.31890869140625
12.1640625,0.7298576718284977,0.36557220458984374,0.16094970703125
12.1796875,0.7298231579008556,0.36585540771484376,0.29803466796875
12.1953125,0.7298529488699776,0.36670501708984377,0.37860107421875
12.2109375,0.7298300606863832,0.366451416015625,0.23541259765622158
12.2265625,0.7298264276413691,0.3667791748046875,0.447021484375
12.2421875,0.7298391432989211,0.3674203491210937,0.47393798828125
12.2578125,0.7299405052548357,0.3676138305664064,0.5126342773437784
12.2734375,0.7297835577101928,0.3676287841796875,0.4381103515625
12.2890625,0.7297472272600454,0.36807586669921877,0.500732421875
12.3046875,0.7298053559802834,0.3686273193359376,0.5543823242187784
12.3203125,0.7298653012230283,0.36907440185546875,0.473876953125
12.3359375,0.729872567313058,0.36926788330078125,0.56329345703125
12.3515625,0.7298758370535714,0.3697598266601561,0.5961303710937216
12.3671875,0.7299597603934151,0.37084777832031235,0.6854858398437216
12.3828125,0.7298940022786452,0.3703262329101561,0.5424804687499432
12.3984375,0.7298344203404025,0.37098205566406234,0.6706542968749716
12.4140625,0.7297621227446056,0.3725018310546875,0.88519287109375
12.4296875,0.7299528576078869,0.37260650634765624,0.7958374023437216
12.4453125,0.7297919137137276,0.37287475585937485,0.7600708007812216
12.4609375,0.7297962733677456,0.3734112548828125,0.82867431640625
12.4765625,0.7297544933500737,0.3742901611328125,0.9060668945312784
12.4921875,0.7298187982468378,0.37434997558593763,0.7004394531250568
12.5078125,0.7298344203404025,0.37493133544921875,0.9210205078125284
12.5234375,0.7298293340773809,0.37564666748046877,0.9329223632812784
12.5390625,0.7298227945963548,0.37630218505859375,0.76007080078125
12.5546875,0.7297897338867188,0.37637664794921877,0.7540283203125
12.5703125,0.7297297886439739,0.377330322265625,0.8911132812500284
12.5859375,0.7298682076590401,0.37795654296875,0.9090576171875
12.6015625,0.7296534946986607,0.3789996337890624,0.9418945312499716
12.6171875,0.7297795613606771,0.3787313842773439,0.87628173828125
12.6328125,0.7298547653924858,0.37886566162109375,0.786865234375
12.6484375,0.7298496791294643,0.37981903076171875,0.83447265625
12.6640625,0.7298467726934523,0.38060913085937487,0.8613891601562216
12.6796875,0.7298849196661086,0.3807131958007812,0.8673095703125
12.6953125,0.7297563098725819,0.3814883422851561,0.8316040039062216
12.7109375,0.7297686622256324,0.38160736083984376,0.73016357421875
12.7265625,0.7297846476236979,0.38256134033203126,0.7123413085937784
12.7421875,0.7298002697172619,0.3825164794921875,0.7570190429687216
12.7578125,0.7297999064127604,0.3831427001953124,0.8554077148437216
12.7734375,0.7297846476236979,0.3839321899414064,0.8226318359375284
12.7890625,0.7297937302362358,0.38427520751953126,0.7332153320312784
12.8046875,0.7298064458937872,0.3852142333984375,0.90020751953125
12.8203125,0.7298144385928199,0.3858993530273439,0.8822021484375568
12.8359375,0.7297781081426711,0.38601898193359374,0.88232421875
12.8515625,0.7297730218796503,0.3865850830078125,0.80474853515625
12.8671875,0.7298514956519717,0.38685333251953125,0.86737060546875
12.8828125,0.7297795613606771,0.3875390625,0.8792724609375284
12.8984375,0.7298518589564739,0.38798614501953127,0.8107910156249716
12.9140625,0.7298195248558408,0.388492431640625,0.84344482421875
12.9296875,0.7298166184198289,0.38917816162109375,0.79278564453125
12.9453125,0.7297802879696801,0.390057373046875,0.8316040039062216
12.9609375,0.7298133486793155,0.3901766967773439,0.8315429687500284
12.9765625,0.7297788347516742,0.39089202880859375,0.86138916015625
12.9921875,0.7298700241815477,0.39089202880859375,0.8077392578125
13.0078125,0.7298514956519717,0.3910113525390624,0.6944580078124716
13.0234375,0.7297744750976562,0.39215850830078125,0.83447265625
13.0390625,0.7298653012230283,0.39247161865234387,0.7958374023437784
13.0546875,0.7298994518461681,0.392918701171875,0.74810791015625
13.0703125,0.7297686622256324,0.39300811767578125,0.59014892578125
13.0859375,0.7298496791294643,0.393485107421875,0.6616821289062216
13.1015625,0.7298391432989211,0.3943939208984375,0.70037841796875
13.1171875,0.7298253377278646,0.3940362548828125,0.62884521484375
13.1328125,0.7298300606863832,0.3946621704101561,0.73016357421875
13.1484375,0.7297247023809523,0.39485595703125,0.53948974609375
13.1640625,0.7297999064127604,0.39536285400390625,0.5782470703124716
13.1796875,0.7299205235072544,0.39555633544921875,0.52752685546875
13.1953125,0.7297534034365699,0.3961822509765625,0.63482666015625
13.2109375,0.7297635759626117,0.39645050048828123,0.59307861328125
13.2265625,0.7297966366722477,0.3964654541015625,0.414306640625
13.2421875,0.7298260643368676,0.39697235107421874,0.58721923828125
13.2578125,0.7298304239908854,0.39758331298828126,0.5842285156250284
13.2734375,0.7298445928664428,0.39724060058593763,0.4769287109375284
13.2890625,0.7298384166899181,0.3977621459960938,0.4798583984375
13.3046875,0.729843502952939,0.39809020996093764,0.5067749023437784
13.3203125,0.7299325125558036,0.3981942749023439,0.4024047851562784
13.3359375,0.7297417776925224,0.398641357421875,0.43817138671875
13.3515625,0.7298431396484382,0.39931182861328124,0.56927490234375
13.3671875,0.7297962733677456,0.3995208740234375,0.50970458984375
13.3828125,0.7298714773995536,0.3996548461914064,0.4143066406250284
13.3984375,0.7297650291806176,0.3997442626953124,0.5007324218749432
13.4140625,0.7298791067940849,0.4001165771484375,0.47088623046875
13.4296875,0.7299107142857143,0.4004742431640624,0.47680664062494316
13.4453125,0.7298547653924858,0.40099609375,0.5603637695312216
13.4609375,0.7298231579008556,0.40095153808593764,0.4620361328125284
13.4765625,0.729844229561942,0.401353759765625,0.40838623046875
13.4921875,0.7298329671223952,0.401785888671875,0.4530029296875
13.5078125,0.7298286074683786,0.40160705566406235,0.39044189453119316
13.5234375,0.7298082624162954,0.40212860107421877,0.4768676757812784
13.5390625,0.7298453194754464,0.4020245361328125,0.381591796875
13.5546875,0.7298035394577753,0.40266510009765627,0.4381713867187784
13.5703125,0.7297450474330357,0.4027398681640624,0.3487548828124716
13.5859375,0.7297316051664806,0.40288848876953126,0.3873901367187216
13.6015625,0.7298536754789806,0.4028143310546875,0.2921142578125
13.6171875,0.7298529488699776,0.403350830078125,0.31298828125
13.6328125,0.7298616681780133,0.4036785888671875,0.4143066406250284
13.6484375,0.7298118954613095,0.40376800537109375,0.327880859375
13.6640625,0.7297632126581094,0.4039169311523439,0.3784790039062784
13.6796875,0.729750497000558,0.4041705322265625,0.30108642578125
13.6953125,0.729812985374814,0.40440856933593766,0.33374023437505684
13.7109375,0.7297584896995908,0.404930419921875,0.40838623046875
13.7265625,0.7299161638532367,0.40513916015625,0.4649658203125
13.7421875,0.7297414143880215,0.40516876220703124,0.36358642578125
13.7578125,0.7298653012230283,0.40545196533203126,0.35467529296875
13.7734375,0.7298700241815477,0.4054815673828125,0.34271240234375
13.7890625,0.72987075079055,0.40648010253906236,0.5126342773436932
13.8046875,0.7298576718284977,0.40640594482421877,0.44708251953125
13.8203125,0.7297766549246651,0.406510009765625,0.4202880859374716
13.8359375,0.7298583984375,0.40662933349609376,0.33978271484375
13.8515625,0.7297181628999263,0.40728515625,0.42919921875
13.8671875,0.7298344203404025,0.40728515625,0.42327880859375
13.8828125,0.7298049926757812,0.40715087890625,0.33978271484375
13.8984375,0.7298180716378349,0.40780639648437483,0.4649658203124716
13.9140625,0.7298097156343,0.407926025390625,0.2891845703125284
13.9296875,0.7298013596307664,0.408223876953125,0.36358642578125
13.9453125,0.7297697521391369,0.4087307739257813,0.44415283203125
13.9609375,0.7298286074683786,0.4090435791015625,0.48284912109375
13.9765625,0.7298333304268974,0.4094012451171875,0.4232177734375
13.9921875,0.7298395066034227,0.40966949462890623,0.47686767578125
14.0078125,0.7297497703915551,0.409937744140625,0.557373046875
14.0234375,0.7298482259114584,0.4098779296875,0.4143066406250284
14.0390625,0.7296872820172992,0.40990783691406235,0.3963623046874716
14.0546875,0.7297679356166294,0.4105487060546875,0.4649658203125
14.0703125,0.7297781081426711,0.410787353515625,0.41131591796875
14.0859375,0.729781741187686,0.4112042236328125,0.43212890625
14.1015625,0.7298613048735119,0.41153228759765625,0.42620849609375
14.1171875,0.7297937302362358,0.4114724731445312,0.360595703125
14.1328125,0.7297788347516742,0.41124908447265623,0.26226806640625
14.1484375,0.7297752017066592,0.41218780517578124,0.46197509765625
14.1640625,0.7298845563616071,0.41154724121093766,0.32788085937505684
14.1796875,0.7299143473307285,0.4126202392578125,0.414306640625
14.1953125,0.7297788347516742,0.4124713134765625,0.3367919921875
14.2109375,0.7297653924851191,0.4126202392578125,0.283203125
14.2265625,0.7297977265857515,0.413231201171875,0.33978271484375
14.2421875,0.7299012683686763,0.4132461547851561,0.3547363281249716
14.2578125,0.7297886439732143,0.41302276611328126,0.354736328125
14.2734375,0.7298979986281622,0.41361846923828127,0.2861328125
14.2890625,0.7297156197684151,0.4131121826171875,0.3129882812499716
14.3046875,0.7298518589564739,0.4131866455078125,0.11328125
14.3203125,0.7297813778831845,0.4137078857421875,0.247314453125
14.3359375,0.7297962733677456,0.4129925537109376,0.07446289062502842
14.3515625,0.7299266996837798,0.4130819702148438,-0.02984619140625
14.3671875,0.7297395978655133,0.413291015625,0.008972167968778422
14.3828125,0.7298187982468378,0.4126651000976562,-0.071533203125
14.3984375,0.7299212501162574,0.41321624755859376,-0.0804443359375
14.4140625,0.7297566731770834,0.4122772216796875,-0.1669921875
14.4296875,0.7297414143880215,0.41217315673828125,-0.20269775390625
14.4453125,0.7298296973818824,0.41206878662109375,-0.32781982421875
14.4609375,0.7297228858584449,0.4118603515625,-0.22644042968752842
14.4765625,0.7298863728841146,0.41218780517578124,-0.1788330078125
14.4921875,0.7298994518461681,0.4113385009765625,-0.3905029296875
14.5078125,0.7298242478143594,0.41145782470703124,-0.241455078125
14.5234375,0.7298253377278646,0.4113385009765625,-0.37554931640625
14.5390625,0.7298453194754464,0.4109661865234375,-0.26220703125
14.5546875,0.7298645746140253,0.4109808349609376,-0.23846435546872158
14.5703125,0.7297712053571429,0.4102508544921875,-0.36358642578125
14.5859375,0.7298529488699776,0.41004180908203125,-0.36370849609375
14.6015625,0.7298496791294643,0.4100720214843749,-0.4231567382812784
14.6171875,0.7298326038178944,0.40953552246093766,-0.3605957031249716
14.6328125,0.7298275175548735,0.40932647705078123,-0.42626953125
14.6484375,0.7298529488699776,0.40886474609375,-0.4947509765625
14.6640625,0.7298053559802834,0.4087307739257813,-0.44708251953125
14.6796875,0.7299118041992188,0.40820892333984377,-0.5543823242187784
14.6953125,0.7297911871047247,0.40788116455078127,-0.47393798828125
14.7109375,0.7298801967075893,0.4072106933593749,-0.5662231445312784
14.7265625,0.7298187982468378,0.4072106933593749,-0.572265625
14.7421875,0.7298042660667783,0.4072106933593749,-0.46496582031255684
14.7578125,0.7298511323474702,0.40662933349609376,-0.5394287109375
14.7734375,0.7297944568452381,0.40640594482421877,-0.49176025390625
14.7890625,0.7298416864304309,0.40580963134765624,-0.584228515625
14.8046875,0.7298104422433036,0.4059286499023439,-0.4560546874999716
14.8203125,0.7297868274507069,0.40501983642578127,-0.572265625
14.8359375,0.7297395978655133,0.40513916015625,-0.4143066406249716
14.8515625,0.7298649379185261,0.4047515869140624,-0.4918212890625
14.8671875,0.7298765636625737,0.40408111572265626,-0.6259155273437216
14.8828125,0.7298111688523072,0.40366363525390625,-0.5931396484375
14.8984375,0.7297174362909227,0.4037234497070312,-0.5364990234375
14.9140625,0.7298311505998883,0.4029931640625,-0.56329345703125
14.9296875,0.7298558553059896,0.4028143310546875,-0.6228637695312784
14.9453125,0.7298529488699776,0.4022479248046875,-0.55438232421875
14.9609375,0.7298729306175595,0.4024267578125,-0.54248046875
14.9765625,0.7298100789388021,0.4015921020507813,-0.6318969726562216
14.9921875,0.7297599429175967,0.4013388061523439,-0.5484619140624716
15.0078125,0.7297563098725819,0.40147277832031236,-0.4381713867187784
15.0234375,0.7297479538690477,0.40034027099609376,-0.6766357421875
15.0390625,0.729812985374814,0.40016143798828124,-0.56634521484375
15.0546875,0.7298823765345975,0.399923095703125,-0.5782470703125
15.0703125,0.7297984531947544,0.4001165771484375,-0.42626953125
15.0859375,0.7298093523297992,0.39941650390625,-0.60205078125
15.1015625,0.7297722952706474,0.399639892578125,-0.39044189453125
15.1171875,0.7298376900809151,0.39931182861328124,-0.4053955078125284
15.1328125,0.7298358735584071,0.39841766357421876,-0.6110229492187216
15.1484375,0.7298580351329985,0.3983880615234375,-0.39044189453125
15.1640625,0.7297701154436383,0.398134765625,-0.40533447265625
15.1796875,0.7298932756696429,0.39783660888671873,-0.41729736328125
15.1953125,0.7298809233165929,0.3979705810546875,-0.42919921875
15.2109375,0.7298213413783475,0.39741943359375,-0.3994140625
15.2265625,0.7298049926757812,0.3970916748046875,-0.5096435546875
15.2421875,0.7298692975725454,0.39676361083984374,-0.5096435546875
15.2578125,0.7297621227446056,0.39645050048828123,-0.3934326171875
15.2734375,0.7298551286969867,0.39662933349609375,-0.35174560546875
15.2890625,0.7298286074683786,0.3962271118164064,-0.3815307617187216
15.3046875,0.7298042660667783,0.39628662109375,-0.30999755859375
15.3203125,0.7297686622256324,0.39598876953125,-0.3963623046875
15.3359375,0.7298184349423357,0.3955865478515625,-0.3665771484375
15.3515625,0.7298914591471354,0.39540771484375,-0.3367919921875
15.3671875,0.7299212501162574,0.39500518798828127,-0.3516845703125
15.3828125,0.729781014578683,0.39442413330078124,-0.4052734375
15.3984375,0.7298253377278646,0.39482635498046875,-0.360595703125
15.4140625,0.7298318772088914,0.39482635498046875,-0.2801513671875284
15.4296875,0.7298246111188617,0.3942303466796875,-0.4112548828125
15.4453125,0.7298227945963548,0.3936639404296875,-0.4649658203125
15.4609375,0.7298823765345975,0.39381286621093764,-0.3547363281249716
15.4765625,0.729783194405692,0.3935150146484375,-0.3785400390625
15.4921875,0.7298507690429688,0.3927548217773439,-0.4500732421874716
15.5078125,0.7297370547340023,0.39269500732421875,-0.3458251953125
15.5234375,0.7297980898902523,0.39239715576171874,-0.48583984375
15.5390625,0.7297966366722477,0.39226318359375,-0.51263427734375
15.5546875,0.7299067179361979,0.3917712402343749,-0.4918212890625284
15.5703125,0.7298591250465023,0.391190185546875,-0.4947509765625
15.5859375,0.7297951834542404,0.3908172607421875,-0.5991210937500284
15.6015625,0.7297167096819189,0.3908172607421875,-0.53955078125
15.6171875,0.7298144385928199,0.39028076171875,-0.4948120117187784
15.6328125,0.7297730218796503,0.3903555297851561,-0.4678955078125284
15.6484375,0.7297167096819189,0.3895806884765625,-0.56329345703125
15.6640625,0.7297399611700142,0.38947601318359376,-0.55743408203125
15.6796875,0.7297272455124628,0.3890591430664064,-0.5424194335936932
15.6953125,0.7297788347516742,0.3883135986328125,-0.5753173828125
15.7109375,0.7297083536783854,0.38806030273437486,-0.5513916015625284
15.7265625,0.7297628493536086,0.38798614501953127,-0.56622314453125
15.7421875,0.7297613961356026,0.38782196044921874,-0.49176025390625
15.7578125,0.7298020862397694,0.38728546142578124,-0.6140136718749716
15.7734375,0.7298118954613095,0.38709197998046874,-0.49774169921875
15.7890625,0.729783194405692,0.3868084716796875,-0.53350830078125
15.8046875,0.7297966366722477,0.3865701293945312,-0.4978027343750284
15.8203125,0.7297926403227306,0.38664489746093766,-0.3337402343749716
15.8359375,0.7297980898902523,0.3861083984375,-0.3903808593749716
15.8515625,0.7298474993024546,0.38601898193359374,-0.3934326171875
15.8671875,0.7297693888346354,0.385616455078125,-0.44110107421875
15.8828125,0.7297414143880215,0.38551208496093764,-0.3546752929687216
15.8984375,0.7297577630905878,0.38519897460937486,-0.3786010742187784
15.9140625,0.7297348749069941,0.3845733642578125,-0.447021484375
15.9296875,0.7297570364815849,0.3843496704101561,-0.4440917968750284
15.9453125,0.729720706031436,0.383828125,-0.5633544921875284
15.9609375,0.7297632126581094,0.3838876342773439,-0.4441528320312216
15.9765625,0.7297566731770834,0.3832916259765625,-0.54547119140625
15.9921875,0.7297795613606771,0.3830828857421875,-0.5067138671875
16.0078125,0.7298126220703118,0.38326171875,-0.4500732421875284
16.0234375,0.7298158918108258,0.38281463623046874,-0.4768676757812216
16.0390625,0.7298260643368676,0.3822930908203124,-0.4560546875000284
16.0546875,0.7297054472423735,0.3825164794921875,-0.3666381835937216
16.0703125,0.7297272455124628,0.3817861938476563,-0.40838623046875
16.0859375,0.7297628493536086,0.38230804443359373,-0.3159179687500284
16.1015625,0.7297272455124628,0.381756591796875,-0.3070068359375
16.1171875,0.7297584896995908,0.3819952392578125,-0.217529296875
16.1328125,0.7297188895089286,0.3819952392578125,-0.2532958984375
16.1484375,0.7297188895089286,0.38145874023437487,-0.2711791992187784
16.1640625,0.7298514956519717,0.3815032958984375,-0.15795898437497158
16.1796875,0.7297537667410714,0.3808624267578125,-0.330810546875
16.1953125,0.7297697521391369,0.38081787109375,-0.19366455078125
16.2109375,0.7297868274507069,0.3809967041015625,-0.26226806640625
16.2265625,0.7297170729864211,0.38081787109375,-0.187744140625
16.2421875,0.7298413231259301,0.38034088134765626,-0.33087158203125
16.2578125,0.7297319684709821,0.38063903808593763,-0.2712402343749716
16.2734375,0.7297366914295015,0.38034088134765626,-0.22357177734372158
16.2890625,0.7298627580915179,0.3800427246093749,-0.2921142578125284
16.3046875,0.7296872820172992,0.3802813720703124,-0.11621093750002842
16.3203125,0.7297999064127604,0.3800427246093749,-0.15502929687502842
16.3359375,0.7298940022786452,0.3792974853515625,-0.33984375
16.3515625,0.7298133486793155,0.3799237060546875,-0.1788330078125
16.3671875,0.7297722952706474,0.37952117919921874,-0.1639404296875
16.3828125,0.7298053559802834,0.3800872802734375,-0.11035156250002842
16.3984375,0.7297893705822166,0.3795809936523439,-0.15197753906247158
16.4140625,0.7297196161179309,0.38029632568359373,0.05072021484377842
16.4296875,0.7297167096819189,0.3804302978515625,0.02978515625002842
16.4453125,0.7297802879696801,0.3807879638671875,0.14904785156252842
16.4609375,0.7297247023809523,0.3807879638671875,0.298095703125
16.4765625,0.7297247023809523,0.3807879638671875,0.1728515625
16.4921875,0.7297577630905878,0.3818609619140624,0.4679565429687216
16.5078125,0.7297893705822166,0.3817861938476563,0.33978271484375
16.5234375,0.7297737484886533,0.381890869140625,0.4619750976562216
16.5390625,0.7298296973818824,0.38284454345703123,0.5096435546875
16.5546875,0.7298158918108258,0.3832470703125,0.5633544921875
16.5703125,0.7297388712565104,0.383902587890625,0.6229248046875
16.5859375,0.7297893705822166,0.3851544189453124,0.8732910156249716
16.6015625,0.7297337849934896,0.3858697509765625,1.016357421875
16.6171875,0.7298213413783475,0.386346435546875,0.8970947265625284
16.6328125,0.7298293340773809,0.38715118408203125,1.072998046875
16.6484375,0.729787917364212,0.38727081298828125,1.07598876953125
16.6640625,0.7298547653924858,0.38798614501953127,1.0283203125
16.6796875,0.7298667544410342,0.3888055419921875,1.1116943359375
16.6953125,0.7298180716378349,0.38947601318359376,1.11468505859375
16.7109375,0.729843502952939,0.38959564208984376,0.8882446289062784
16.7265625,0.7299216134207596,0.39038513183593765,0.9030761718750284
16.7421875,0.7298398699079242,0.3916668701171875,1.0640869140625
16.7578125,0.7297846476236979,0.3923226928710937,1.0343017578125
16.7734375,0.7298711140950521,0.392978515625,1.14154052734375
16.7890625,0.7298416864304309,0.3941256713867187,1.2279052734375
16.8046875,0.7297704787481406,0.39418548583984375,1.07598876953125
16.8203125,0.7298217046828497,0.39525848388671875,1.156494140625
16.8359375,0.7298028128487724,0.396123046875,1.30548095703125
16.8515625,0.7297839210146949,0.3968975830078125,1.3024902343749716
16.8671875,0.7298151652018229,0.39746429443359377,1.15948486328125
16.8828125,0.7298060825892857,0.39834350585937484,1.2041625976562216
16.8984375,0.7298198881603429,0.39917785644531234,1.2398681640624716
16.9140625,0.729750497000558,0.39947601318359377,1.070068359375
16.9296875,0.7298202514648438,0.40090667724609375,1.34423828125
16.9453125,0.7298765636625737,0.4019647216796875,1.34124755859375
16.9609375,0.729867844354538,0.4023822021484375,1.2518310546875
16.9765625,0.72984604608445,0.40343994140625,1.3084716796875
16.9921875,0.7298336937313988,0.4042001342773439,1.3471679687500284
17.0078125,0.7298751104445691,0.40485565185546873,1.3024291992187784
17.0234375,0.7297366914295015,0.4059286499023439,1.3501586914063068
17.0390625,0.7298158918108258,0.40656982421875,1.41876220703125
17.0546875,0.7298627580915179,0.40773193359375,1.36505126953125
17.0703125,0.729783194405692,0.4087307739257813,1.35321044921875
17.0859375,0.7298576718284977,0.4096841430664064,1.4603881835937784
17.1015625,0.7298910958426332,0.41047424316406234,1.4068603515624716
17.1171875,0.729827880859375,0.4112789916992188,1.4157714843749716
17.1328125,0.7298696608770461,0.41203918457031236,1.4367065429687216
17.1484375,0.7297693888346354,0.412515869140625,1.3174438476562216
17.1640625,0.729842776343936,0.41349945068359373,1.38592529296875
17.1796875,0.7298878261021206,0.4142596435546875,1.3055419921875
17.1953125,0.729787917364212,0.415242919921875,1.30242919921875
17.2109375,0.7298213413783475,0.4161669921875,1.2965698242187216
17.2265625,0.7298329671223952,0.41676330566406233,1.2578125
17.2421875,0.7297988164992559,0.417388916015625,1.22198486328125
17.2578125,0.7298235212053571,0.4181787109375,1.2279052734375284
17.2734375,0.729934329078311,0.41844696044921875,1.18621826171875
17.2890625,0.7298765636625737,0.41951995849609375,1.2041015625
17.3046875,0.7298507690429688,0.42019073486328123,1.18621826171875
17.3203125,0.7297886439732143,0.42072723388671873,1.09686279296875
17.3359375,0.7298231579008556,0.42072723388671873,0.91204833984375
17.3515625,0.7298700241815477,0.42072723388671873,0.7927856445312784
17.3671875,0.7298525855654762,0.42238128662109375,0.99847412109375
17.3828125,0.7297882806687128,0.42272430419921875,0.90911865234375
17.3984375,0.7297977265857515,0.42384216308593764,1.0790405273437784
17.4140625,0.729874020531064,0.4241549682617187,0.927001953125
17.4296875,0.7297337849934896,0.42452728271484375,0.8673095703125
17.4453125,0.7298663911365334,0.4251531982421875,0.88519287109375
17.4609375,0.7298148018973214,0.42634582519531233,1.1237182617187216
17.4765625,0.7298376900809151,0.42622619628906233,1.0997924804687216
17.4921875,0.7298431396484382,0.426524658203125,0.82867431640625
17.5078125,0.7298296973818824,0.42752288818359374,0.959716796875
17.5234375,0.7297701154436383,0.42792510986328125,0.8165893554687216
17.5390625,0.7299139840262276,0.4277764892578125,0.72430419921875
17.5546875,0.7299118041992188,0.42870025634765624,0.8345947265625
17.5703125,0.7298180716378349,0.4287451171875,0.7183837890625
17.5859375,0.7297784714471727,0.429266357421875,0.5841064453125284
17.6015625,0.7297871907552084,0.42959442138671877,0.6736450195312784
17.6171875,0.7297962733677456,0.43017578125,0.730224609375
17.6328125,0.7298017229352679,0.43044372558593763,0.5841674804687784
17.6484375,0.729781014578683,0.43154663085937484,0.7243041992187216
17.6640625,0.7298060825892857,0.431904296875,0.8255615234375
17.6796875,0.7298336937313988,0.4321130371093749,0.6825561523437216
17.6953125,0.729873293922061,0.43279846191406235,0.8106689453124716
17.7109375,0.7298158918108258,0.43308166503906237,0.7630615234374716
17.7265625,0.729812985374814,0.43340972900390623,0.7630615234375
17.7421875,0.7297599429175967,0.43358856201171875,0.68255615234375
17.7578125,0.7297632126581094,0.4345123291015625,0.8137207031249716
17.7734375,0.7297232491629464,0.4342291259765625,0.5364990234375284
17.7890625,0.7298609415690104,0.4345721435546875,0.5335693359375
17.8046875,0.7297679356166294,0.4349743652343749,0.572265625
17.8203125,0.7297417776925224,0.434825439453125,0.4053955078125284
17.8359375,0.72987075079055,0.4351678466796875,0.4172363281250284
17.8515625,0.7298758370535714,0.435987548828125,0.51556396484375
17.8671875,0.7297472272600454,0.4365240478515625,0.58709716796875
17.8828125,0.7298431396484382,0.43689697265625,0.4769287109375
17.8984375,0.7299034481956845,0.4368817138671875,0.530517578125
17.9140625,0.7298667544410342,0.4368521118164064,0.4559936523437784
17.9296875,0.7298231579008556,0.43791015625,0.5871582031250284
17.9453125,0.7299205235072544,0.43807403564453123,0.64971923828125
17.9609375,0.7297446841285342,0.43793975830078125,0.55438232421875
17.9765625,0.7298184349423357,0.4384020996093749,0.4829101562499716
17.9921875,0.7298296973818824,0.4388192749023439,0.4590454101562784
18.0078125,0.7298834664481026,0.43889373779296875,0.39935302734375
18.0234375,0.7298275175548735,0.439415283203125,0.5067138671875
18.0390625,0.7298351469494048,0.4392962646484375,0.4888305664062216
18.0546875,0.7297352382114956,0.43996673583984375,0.41131591796875
18.0703125,0.7297283354259666,0.439832763671875,0.35174560546875
18.0859375,0.7297439575195312,0.4405630493164064,0.5246582031250284
18.1015625,0.7297563098725819,0.44057769775390626,0.4351196289062784
18.1171875,0.7297704787481406,0.44033935546875,0.3040161132812216
18.1328125,0.7297555832635789,0.44060760498046875,0.3427734375
18.1484375,0.7297566731770834,0.44093536376953124,0.30401611328125
18.1640625,0.7297479538690477,0.441129150390625,0.3665771484375
18.1796875,0.7297650291806176,0.4413677978515625,0.28021240234375
18.1953125,0.729751223609561,0.44165069580078126,0.36358642578125
18.2109375,0.7297882806687128,0.44165069580078126,0.21752929687497158
18.2265625,0.7298028128487724,0.44165069580078126,0.214599609375
18.2421875,0.7298536754789806,0.44214233398437486,0.3605957031249716
18.2578125,0.7297635759626117,0.44239593505859376,0.357666015625
18.2734375,0.7297712053571429,0.4424407958984375,0.30108642578125
18.2890625,0.7297646658761168,0.44181488037109373,0.13714599609375
18.3046875,0.7297581263950893,0.442857666015625,0.2979736328125
18.3203125,0.7297461373465401,0.4428131103515625,0.23248291015625
18.3359375,0.7298071725027901,0.44291748046875,0.25335693359375
18.3515625,0.7296999976748512,0.4431561279296875,0.30108642578125
18.3671875,0.7297693888346354,0.44318572998046873,0.20867919921877842
18.3828125,0.7297984531947544,0.443856201171875,0.29205322265625
18.3984375,0.729781014578683,0.4439459228515625,0.301025390625
18.4140625,0.7297632126581094,0.444482421875,0.53350830078125
18.4296875,0.7297719319661452,0.443856201171875,0.19970703125
18.4453125,0.729827880859375,0.444288330078125,0.2950439453125
18.4609375,0.729787917364212,0.44475036621093766,0.3665771484375284
18.4765625,0.7298053559802834,0.444840087890625,0.3367919921875
18.4921875,0.7297450474330357,0.4449444580078125,0.35174560546875
18.5078125,0.7297795613606771,0.44580841064453125,0.39044189453125
18.5234375,0.7298264276413691,0.44580841064453125,0.37249755859375
18.5390625,0.7298151652018229,0.44594268798828124,0.29205322265625
18.5546875,0.7297450474330357,0.4463751220703124,0.5037841796874716
18.5703125,0.7298213413783475,0.44641967773437485,0.4262695312499716
18.5859375,0.7297962733677456,0.44719451904296875,0.4888305664062216
18.6015625,0.7298449561709449,0.4470455932617188,0.44110107421875
18.6171875,0.7298351469494048,0.4471649169921875,0.444091796875
18.6328125,0.7298482259114584,0.44692626953125,0.22357177734375
18.6484375,0.7297755650111607,0.44719451904296875,0.2772216796875
18.6640625,0.7298449561709449,0.44749267578125,0.30999755859375
18.6796875,0.7298395066034227,0.4474627685546875,0.21752929687502842
18.6953125,0.7297297886439739,0.44782043457031234,0.2801513671875
18.7109375,0.7298187982468378,0.44719451904296875,0.0
18.7265625,0.7298013596307664,0.44749267578125,0.08941650390625
18.7421875,0.7297919137137276,0.4475820922851561,0.08343505859372158
18.7578125,0.7298078991117931,0.44720947265625,0.056640625
18.7734375,0.7296934581938237,0.44652374267578127,-0.1341552734375
18.7890625,0.7298049926757812,0.44698608398437484,-0.10131835937502842
18.8046875,0.729722159249442,0.44670257568359373,-0.15203857421875
18.8203125,0.7297933669317336,0.44665802001953125,-0.23248291015622158
18.8359375,0.7298071725027901,0.4463751220703124,-0.16387939453127842
18.8515625,0.7297701154436383,0.4458682250976562,-0.32489013671875
18.8671875,0.7297948201497396,0.4462857055664064,-0.25927734374994316
18.8828125,0.7298013596307664,0.44507843017578125,-0.42620849609375
18.8984375,0.7297599429175967,0.44440795898437485,-0.4231567382812784
18.9140625,0.7298329671223952,0.4448248291015625,-0.4322509765624716
18.9296875,0.729806809198288,0.4441693115234375,-0.50665283203125
18.9453125,0.7298467726934523,0.44376708984375,-0.57818603515625
18.9609375,0.729811532156808,0.4433047485351561,-0.61407470703125
18.9765625,0.7297381446475074,0.4430517578125,-0.56329345703125
18.9921875,0.7297962733677456,0.44291748046875,-0.6736450195312784
19.0078125,0.7298344203404025,0.4422467041015625,-0.56634521484375
19.0234375,0.729783194405692,0.44177001953125,-0.5275878906249716
19.0390625,0.7298046293712798,0.44177001953125,-0.6109619140625
19.0546875,0.729874020531064,0.4408160400390624,-0.6706542968750284
19.0703125,0.7297599429175967,0.4405926513671875,-0.6348876953125
19.0859375,0.7297853742327008,0.44053283691406236,-0.55438232421875
19.1015625,0.7298209780738467,0.44053283691406236,-0.5037841796875284
19.1171875,0.7299009050641742,0.439832763671875,-0.616943359375
19.1328125,0.7299034481956845,0.439400634765625,-0.5692138671875
19.1484375,0.7298823765345975,0.438848876953125,-0.584228515625
19.1640625,0.729935782296317,0.43874450683593763,-0.6051025390624716
19.1796875,0.7297265189034599,0.4377017211914064,-0.6228637695311932
19.1953125,0.7297090802873883,0.4375970458984375,-0.59912109375
19.2109375,0.7298860095796131,0.43674774169921876,-0.7570190429687216
19.2265625,0.7297599429175967,0.436539306640625,-0.7987060546874716
19.2421875,0.7298794700985857,0.43591339111328126,-0.78387451171875
19.2578125,0.7298002697172619,0.43548095703125,-0.783935546875
19.2734375,0.7297203427269345,0.43449737548828127,-0.87030029296875
19.2890625,0.729813711983817,0.43495941162109375,-0.7570190429687784
19.3046875,0.7298511323474702,0.43388641357421875,-0.7630615234375284
19.3203125,0.7298333304268974,0.4336181640625,-0.7957763671875
19.3359375,0.7298326038178944,0.432843017578125,-0.78094482421875
19.3515625,0.7298743838355655,0.43273895263671874,-0.76007080078125
19.3671875,0.7299161638532367,0.4323065185546875,-0.72137451171875
19.3828125,0.7298366001674107,0.43217254638671876,-0.66168212890625
19.3984375,0.7298849196661086,0.43147216796875,-0.60504150390625
19.4140625,0.7298631213960194,0.4305630493164064,-0.8792724609374716
19.4296875,0.7298082624162954,0.430264892578125,-0.72430419921875
19.4453125,0.7297635759626117,0.429326171875,-0.8583984375
19.4609375,0.729806809198288,0.4290130615234375,-0.7659912109375
19.4765625,0.7297828311011905,0.4288641357421875,-0.77496337890625
19.4921875,0.729867844354538,0.42816375732421874,-0.82855224609375
19.5078125,0.7298093523297992,0.42773162841796875,-0.88818359375
19.5234375,0.7297911871047247,0.4278955078125,-0.71533203125
19.5390625,0.7299132574172247,0.4271505737304688,-0.6824951171875284
19.5546875,0.7299016316731771,0.4267181396484375,-0.7093505859375
19.5703125,0.729843502952939,0.42634582519531233,-0.5960693359375284
19.5859375,0.7298198881603429,0.42560028076171874,-0.68255615234375
19.6015625,0.7298260643368676,0.4262564086914064,-0.5215454101562216
19.6171875,0.7298511323474702,0.42521301269531236,-0.5901489257812784
19.6328125,0.7299430483863467,0.42464691162109375,-0.616943359375
19.6484375,0.7298867361886168,0.423826904296875,-0.813720703125
19.6640625,0.7297174362909227,0.42443786621093765,-0.5425415039062216
19.6796875,0.7298144385928199,0.4234097290039063,-0.66168212890625
19.6953125,0.7298958188011533,0.4234844970703124,-0.572265625
19.7109375,0.729842049734933,0.42315643310546874,-0.48876953125
19.7265625,0.7299390520368311,0.4227838134765625,-0.6945190429687784
19.7421875,0.7297948201497396,0.4222772216796875,-0.5871582031249716
19.7578125,0.7299139840262276,0.4222622680664064,-0.4769287109374716
19.7734375,0.7298594883510044,0.4219342041015625,-0.3785400390625
19.7890625,0.7298536754789806,0.4214871215820313,-0.5901489257812784
19.8046875,0.7298827398390997,0.421099853515625,-0.46197509765625
19.8203125,0.7299455915178571,0.42035491943359377,-0.6259155273437216
19.8359375,0.7298315139043906,0.4203845214843749,-0.5543823242187784
19.8515625,0.7298177083333334,0.42001190185546877,-0.55438232421875
19.8671875,0.7299096243722099,0.41962463378906234,-0.5305175781250284
19.8828125,0.7298347836449033,0.41899841308593766,-0.65277099609375
19.8984375,0.7298496791294643,0.418521728515625,-0.6824951171875
19.9140625,0.7299397786458334,0.418536376953125,-0.59014892578125
19.9296875,0.729787917364212,0.41803009033203126,-0.61395263671875
19.9453125,0.7298663911365334,0.41773162841796874,-0.524658203125
19.9609375,0.7298366001674107,0.41732940673828123,-0.6110229492187216
19.9765625,0.7298551286969867,0.41732940673828123,-0.5364990234375
19.9921875,0.7299027215866809,0.41661407470703127,-0.6021118164062216
20.0078125,0.7297098068963914,0.4165396118164064,-0.49176025390625
20.0234375,0.7298100789388021,0.41630096435546876,-0.44415283203125
20.0390625,0.7297988164992559,0.4161669921875,-0.473876953125
20.0546875,0.7298547653924858,0.415242919921875,-0.55743408203125
20.0703125,0.7297893705822166,0.41563049316406236,-0.4202270507812784
20.0859375,0.7298315139043906,0.41543701171875,-0.37847900390625
20.1015625,0.7298576718284977,0.415242919921875,-0.41729736328125
20.1171875,0.7298031761532738,0.4142596435546875,-0.47088623046875
20.1328125,0.7298315139043906,0.41421478271484374,-0.4649658203125284
20.1484375,0.7298046293712798,0.414244384765625,-0.41131591796875
20.1640625,0.7297868274507069,0.4138275146484375,-0.4678955078125
20.1796875,0.7297628493536086,0.4131121826171875,-0.4261474609375
20.1953125,0.729750497000558,0.4130819702148438,-0.5097045898437216
20.2109375,0.7297864641462046,0.4127841186523439,-0.5305786132812216
20.2265625,0.7298762003580729,0.41232208251953123,-0.58416748046875
20.2421875,0.7299158005487358,0.4116961669921875,-0.5126953125
20.2578125,0.7297130766369048,0.41175598144531234,-0.4917602539062784
20.2734375,0.7297650291806176,0.41115966796875,-0.616943359375
20.2890625,0.7299147106352306,0.41159210205078123,-0.44708251953125
20.3046875,0.7297152564639143,0.41174072265625,-0.2742919921875
20.3203125,0.7299063546316964,0.4108465576171875,-0.44708251953125
20.3359375,0.7297613961356026,0.41066772460937484,-0.42327880859380684
20.3515625,0.729812985374814,0.410369873046875,-0.39044189453125
20.3671875,0.7297752017066592,0.41075714111328127,-0.18780517578125
20.3828125,0.7298613048735119,0.4101312255859376,-0.32495117187494316
20.3984375,0.7299132574172247,0.4096841430664064,-0.2951049804687216
20.4140625,0.729843502952939,0.408804931640625,-0.55743408203125
20.4296875,0.7298078991117931,0.40971435546875,-0.4052734375
20.4453125,0.7298445928664428,0.409520263671875,-0.2652587890625
20.4609375,0.7298413231259301,0.40953552246093766,-0.22644042968744316
20.4765625,0.7298416864304309,0.4094012451171875,-0.1937255859375
20.4921875,0.7298758370535714,0.4094012451171875,-0.27117919921875
20.5078125,0.7299049014136905,0.4091180419921875,-0.20263671875002842
20.5234375,0.7299001784551711,0.40914764404296877,-0.10729980468752842
20.5390625,0.7298060825892857,0.40980377197265627,0.19976806640625
20.5546875,0.729842049734933,0.40986297607421873,0.02972412109375
20.5703125,0.7298580351329985,0.41028045654296874,0.15203857421875
20.5859375,0.7298533121744785,0.4105487060546875,0.20263671874997158
20.6015625,0.7298907325381324,0.411219482421875,0.3636474609375
20.6171875,0.7298398699079242,0.41145782470703124,0.41131591796875
20.6328125,0.7299924577985492,0.411666259765625,0.5096435546875
20.6484375,0.7298467726934523,0.41229248046875,0.62896728515625
20.6640625,0.7299332391648072,0.41314178466796875,0.6676025390625
20.6796875,0.72987075079055,0.4137078857421875,0.76898193359375
20.6953125,0.7299234299432664,0.41418518066406235,0.7809448242187216
20.7109375,0.7298227945963548,0.4150640869140624,0.9030761718749716
20.7265625,0.7299459548223586,0.4147064208984375,0.6973876953125
20.7421875,0.7297766549246651,0.41563049316406236,0.8345336914062216
20.7578125,0.7299328758603051,0.4163458251953124,0.9359130859374716
20.7734375,0.7298031761532738,0.4172998046875,1.00146484375
20.7890625,0.7297679356166294,0.417940673828125,0.95977783203125
20.8046875,0.7298177083333334,0.4184619140625,0.9508056640625
20.8203125,0.7299139840262276,0.41898345947265625,0.9596557617187784
20.8359375,0.7299143473307285,0.41950531005859376,0.8882446289062784
20.8515625,0.7298111688523072,0.41950531005859376,0.95977783203125
20.8671875,0.7298395066034227,0.4201458740234375,0.9030761718750284
20.8828125,0.7299009050641742,0.421025390625,0.9359130859375284
20.8984375,0.7298097156343,0.421815185546875,0.903076171875
20.9140625,0.7298700241815477,0.4226797485351561,0.9478149414062216
20.9296875,0.7298551286969867,0.42364807128906234,1.0372314453124716
20.9453125,0.72987075079055,0.42409545898437484,1.0223999023437216
20.9609375,0.7298780168805811,0.424453125,0.98956298828125
20.9765625,0.7297381446475074,0.42489990234375,1.07891845703125
20.9921875,0.7299379621233258,0.42604736328125,1.1802978515625
21.0078125,0.7298329671223952,0.42622619628906233,1.0401611328124716
21.0234375,0.7297374180385044,0.4274484252929687,1.12664794921875
21.0390625,0.7298780168805811,0.4280892944335937,1.0819091796875284
21.0546875,0.7298082624162954,0.42876007080078127,1.0223999023437784
21.0703125,0.7298187982468378,0.4287896728515625,0.9388427734375284
21.0859375,0.7297617594401048,0.42928161621093763,0.9656982421875284
21.1015625,0.7298053559802834,0.43033935546875,1.087890625
21.1171875,0.7297977265857515,0.43036956787109376,0.86444091796875
21.1328125,0.7298086257207961,0.4319192504882812,1.1386108398437784
21.1484375,0.7298336937313988,0.43239593505859375,0.989501953125
21.1640625,0.7298093523297992,0.432828369140625,0.94781494140625
21.1796875,0.7298445928664428,0.4336181640625,0.97161865234375
21.1953125,0.7298326038178944,0.4337075805664064,0.9835815429687784
21.2109375,0.7298300606863832,0.43413970947265623,0.9716186523437216
21.2265625,0.7298187982468378,0.43478057861328123,0.88824462890625
21.2421875,0.7297821044921882,0.43546630859375,1.01934814453125
21.2578125,0.7297821044921882,0.43579376220703125,0.77490234375
21.2734375,0.7298344203404025,0.43641967773437484,0.8047485351562216
21.2890625,0.7298013596307664,0.43674774169921876,0.78387451171875
21.3046875,0.7297955467587426,0.4374481201171875,0.7659912109375
21.3203125,0.7298583984375,0.438193359375,0.8971557617187216
21.3359375,0.7298769269670758,0.43904296875,0.98065185546875
21.3515625,0.7298841930571056,0.43953460693359375,0.9508056640625
21.3671875,0.7298663911365334,0.44004119873046876,0.91497802734375
21.3828125,0.7299067179361979,0.4405630493164064,0.9538574218750284
21.3984375,0.7297563098725819,0.44078643798828127,0.8733520507812784
21.4140625,0.7297882806687128,0.44205291748046877,1.06103515625
21.4296875,0.7297799246651786,0.44241058349609375,0.99249267578125
21.4453125,0.7297861008417039,0.4431561279296875,0.9925537109375
21.4609375,0.7297762916201643,0.44379669189453125,0.95074462890625
21.4765625,0.7298082624162954,0.44382659912109373,0.8583984375
21.4921875,0.7297799246651786,0.44413970947265624,0.8197021484375
21.5078125,0.7297919137137276,0.4447802734375,0.8434448242187216
21.5234375,0.7297770182291666,0.44504852294921876,0.8524169921875
21.5390625,0.7298358735584071,0.445704345703125,0.73028564453125
21.5546875,0.7298536754789806,0.44682220458984373,0.88232421875
21.5703125,0.7298569452194941,0.44786499023437487,0.9417724609374716
21.5859375,0.7297722952706474,0.4481634521484375,0.87335205078125
21.6015625,0.7298169817243311,0.44883392333984373,1.00146484375
21.6171875,0.7297955467587426,0.44932586669921876,1.0372314453125
21.6328125,0.7298293340773809,0.4497427368164064,0.9924926757812784
21.6484375,0.7297951834542404,0.45010040283203123,1.0103759765625
21.6640625,0.7298049926757812,0.4510247802734375,1.0640869140625
21.6796875,0.7298162551153273,0.451561279296875,0.94781494140625
21.6953125,0.7298209780738467,0.45188873291015613,0.80474853515625
21.7109375,0.7298195248558408,0.4526788330078125,0.903076171875
21.7265625,0.7298326038178944,0.4526788330078125,0.76898193359375
21.7421875,0.7298653012230283,0.4526788330078125,0.67059326171875
21.7578125,0.7297853742327008,0.45409454345703126,0.8703613281249716
21.7734375,0.7298264276413691,0.454422607421875,0.86444091796875
21.7890625,0.7298351469494048,0.45443725585937483,0.6824951171874716
21.8046875,0.729813711983817,0.45472045898437485,0.6318359374999716
21.8203125,0.7298402332124263,0.45540618896484375,0.7034912109375284
21.8359375,0.7297853742327008,0.45551025390625,0.5662841796875
21.8515625,0.729722159249442,0.45667266845703125,0.79876708984375
21.8671875,0.7298064458937872,0.45664306640625,0.7928466796875
21.8828125,0.7297697521391369,0.4574325561523439,0.6676025390625284
21.8984375,0.7297861008417039,0.4577902221679688,0.67352294921875
21.9140625,0.7297628493536086,0.45849090576171875,0.8107299804687784
21.9296875,0.7297704787481406,0.4591314697265625,0.8822021484375284
21.9453125,0.729781014578683,0.459429931640625,0.80474853515625
21.9609375,0.7297962733677456,0.4596832275390624,0.8345947265624716
21.9765625,0.7298547653924858,0.45963836669921876,0.5931396484375
21.9921875,0.7297995431082596,0.46036865234375,0.7451171875
22.0078125,0.7298769269670758,0.460517578125,0.6170043945312216
22.0234375,0.729806809198288,0.46166534423828126,0.7750244140625
22.0390625,0.7298148018973214,0.46191833496093765,0.6854858398437784
22.0546875,0.7299564906529025,0.462529296875,0.6795654296875
22.0703125,0.7298536754789806,0.463006591796875,0.71533203125
22.0859375,0.7299630301339286,0.46278289794921873,0.6199340820312784
22.1015625,0.7298398699079242,0.4630810546875,0.68853759765625
22.1171875,0.7298485892159599,0.4641540527343749,0.7570800781249716
22.1328125,0.7298623947870164,0.46421356201171876,0.73919677734375
22.1484375,0.7298195248558408,0.46451171875,0.56927490234375
22.1640625,0.729867844354538,0.4649737548828125,0.6110839843749716
22.1796875,0.7299695696149546,0.4654653930664064,0.5872192382812784
22.1953125,0.7298685709635416,0.4661657714843749,0.6318359374999716
22.2109375,0.7298253377278646,0.46720916748046876,0.88525390625
22.2265625,0.7299114408947166,0.46740264892578126,0.86431884765625
22.2421875,0.7298674810500372,0.4677603149414064,0.7212524414063068
22.2578125,0.7298765636625737,0.4679986572265625,0.75701904296875
22.2734375,0.7298547653924858,0.46813293457031235,0.7242431640624716
22.2890625,0.7298569452194941,0.46893768310546874,0.79278564453125
22.3046875,0.7298013596307664,0.46911651611328126,0.7302246093749716
22.3203125,0.7298627580915179,0.47039794921875,0.8464355468750284
22.3359375,0.7299118041992188,0.47084503173828124,0.7271728515625
22.3515625,0.7299227033342633,0.470457763671875,0.61102294921875
22.3671875,0.7298809233165929,0.47114349365234387,0.6766357421875
22.3828125,0.7299059913271949,0.4719180297851561,0.7838745117187216
22.3984375,0.7299365089053199,0.472320556640625,0.8375244140625284
22.4140625,0.7299143473307285,0.471962890625,0.60504150390625
22.4296875,0.729813711983817,0.4732000732421875,0.81671142578125
22.4453125,0.7298158918108258,0.47330413818359374,0.58123779296875
22.4609375,0.7298358735584071,0.473184814453125,0.46795654296875
22.4765625,0.7298485892159599,0.474034423828125,0.71533203125
22.4921875,0.7298260643368676,0.4738705444335938,0.5454101562499716
22.5078125,0.7298776535760789,0.47398986816406236,0.41436767578125
22.5234375,0.7298035394577753,0.47473480224609377,0.48284912109375
22.5390625,0.729964120047433,0.4742578125,0.458984375
22.5546875,0.7299564906529025,0.4745263671875,0.2652587890625
22.5703125,0.7297980898902523,0.47482421875,0.30401611328125
22.5859375,0.7298751104445691,0.47482421875,0.327880859375
22.6015625,0.7297733851841525,0.474615478515625,0.1162109375
22.6171875,0.7298863728841146,0.474615478515625,0.14898681640625
22.6328125,0.7298500424339658,0.474615478515625,0.12512207031252842
22.6484375,0.7299841017950142,0.47473480224609377,0.0
22.6640625,0.7298409598214286,0.4744366455078125,0.0357666015625
22.6796875,0.7298467726934523,0.4742877197265625,-0.0477294921875
22.6953125,0.729909987676712,0.47413879394531233,-0.13708496093752842
22.7109375,0.7298642113095238,0.47369171142578126,-0.22650146484375
22.7265625,0.7299474080403646,0.4727825927734375,-0.3665771484375
22.7421875,0.7299034481956845,0.473319091796875,-0.25927734375
22.7578125,0.729934329078311,0.47293182373046877,-0.33673095703125
22.7734375,0.7299528576078869,0.47285705566406233,-0.3755493164062784
22.7890625,0.7298900059291294,0.4721417236328125,-0.458984375
22.8046875,0.7299259730747761,0.4715753173828125,-0.54248046875
22.8203125,0.7299128941127239,0.4708154296875,-0.6646728515624716
22.8359375,0.7299009050641742,0.4694891357421875,-0.84051513671875
22.8515625,0.7298794700985857,0.4691015625,-0.7362060546875
22.8671875,0.7298841930571056,0.46826721191406234,-1.0103759765625284
22.8828125,0.7298809233165929,0.46814788818359376,-0.956787109375
22.8984375,0.7299118041992188,0.46667266845703126,-1.2368774414062216
22.9140625,0.7299862816220238,0.46628479003906237,-1.1713867187500284
22.9296875,0.7298525855654762,0.4651223754882812,-1.29058837890625
22.9453125,0.7298344203404025,0.46464569091796876,-1.23394775390625
22.9609375,0.7299822852725074,0.46400482177734387,-1.0968627929687216
22.9765625,0.729935782296317,0.46245483398437487,-1.3293457031250284
22.9921875,0.729964846656436,0.4619927978515625,-1.2548828124999716
23.0078125,0.729964846656436,0.461590576171875,-1.31146240234375
23.0234375,0.7297951834542404,0.4604580688476563,-1.242919921875
23.0390625,0.7299078078497023,0.459862060546875,-1.2845458984374716
23.0546875,0.7298580351329985,0.45926574707031237,-1.1713256835937784
23.0703125,0.7298300606863832,0.45849090576171875,-1.23095703125
23.0859375,0.7297163463774181,0.45753723144531233,-1.2935180664063068
23.1015625,0.7298642113095238,0.4567172241210937,-1.1475219726562216
23.1171875,0.7298031761532738,0.455927734375,-1.2130126953125
23.1328125,0.7297944568452381,0.4552569580078125,-1.2667236328125
23.1484375,0.7298126220703118,0.4545712280273439,-1.1773681640624716
23.1640625,0.7297755650111607,0.45406494140625,-1.159423828125
23.1796875,0.7298296973818824,0.4533047485351561,-1.19219970703125
23.1953125,0.7298384166899181,0.4523660278320312,-1.2249755859375
23.2109375,0.7297435942150298,0.45194854736328127,-1.1177368164062216
23.2265625,0.7297370547340023,0.45062225341796874,-1.218994140625
23.2421875,0.7298565819149926,0.4499365234375,-1.1982421875
23.2578125,0.7298602149600074,0.4494744873046875,-1.156494140625
23.2734375,0.7298529488699776,0.44932586669921876,-1.0490722656250284
23.2890625,0.7298762003580729,0.4480142211914064,-1.2101440429687216
23.3046875,0.7297752017066592,0.4479693603515625,-1.0670776367187216
23.3203125,0.7298467726934523,0.44641967773437485,-1.1892700195312784
23.3359375,0.7299088977632069,0.44592803955078125,-1.2041015625
23.3515625,0.7298286074683786,0.4452273559570312,-1.0789794921875
23.3671875,0.7298642113095238,0.44507843017578125,-0.97161865234375
23.3828125,0.7298286074683786,0.4442138671875,-1.0521240234375
23.3984375,0.7297679356166294,0.44379669189453125,-1.1058349609375
23.4140625,0.7298409598214286,0.4436328125,-0.8762817382812784
23.4296875,0.7298453194754464,0.4426043701171875,-1.072998046875
23.4453125,0.7297886439732143,0.44229156494140637,-0.8256225585936932
23.4609375,0.7298453194754464,0.44162109375,-0.86138916015625
23.4765625,0.7298598516555059,0.4413677978515625,-0.77191162109375
23.4921875,0.7299143473307285,0.44063720703125,-0.88824462890625
23.5078125,0.7299644833519345,0.44063720703125,-0.71533203125
23.5234375,0.7299644833519345,0.44063720703125,-0.63189697265625
23.5390625,0.7298482259114584,0.43953460693359375,-0.81964111328125
23.5546875,0.7297682989211309,0.4396688842773439,-0.5870971679687216
23.5703125,0.7297781081426711,0.4388641357421875,-0.6854858398437784
23.5859375,0.729935782296317,0.4388641357421875,-0.5513916015625
23.6015625,0.7298409598214286,0.43867004394531234,-0.5395507812500284
23.6171875,0.7298267909458706,0.43841705322265623,-0.44403076171875
23.6328125,0.7298594883510044,0.43752288818359375,-0.62286376953125
23.6484375,0.7299139840262276,0.437418212890625,-0.643798828125
23.6640625,0.7297995431082596,0.4365240478515625,-0.60211181640625
23.6796875,0.7298791067940849,0.43641967773437484,-0.6498413085938068
23.6953125,0.7297544933500737,0.43649444580078123,-0.47393798828125
23.7109375,0.7299441382998512,0.4358831787109376,-0.5961914062499716
23.7265625,0.729934329078311,0.43519805908203124,-0.6943969726562216
23.7421875,0.7299234299432664,0.435272216796875,-0.62896728515625
23.7578125,0.7298776535760789,0.4353915405273439,-0.4262695312499716
23.7734375,0.7298860095796131,0.43485504150390625,-0.51263427734375
23.7890625,0.7299575805664062,0.43513824462890627,-0.27716064453125
23.8046875,0.7297334216889881,0.43481018066406235,-0.3218994140625
23.8203125,0.7299459548223586,0.43396087646484377,-0.5067138671875
23.8359375,0.7297254289899546,0.4336627197265625,-0.4440917968750284
23.8515625,0.7298583984375,0.43345428466796876,-0.3487548828125
23.8671875,0.7298809233165929,0.43351379394531236,-0.3516845703125284
23.8828125,0.7298961821056548,0.4330966186523439,-0.458984375
23.8984375,0.7298020862397694,0.4328582763671875,-0.39935302734375
23.9140625,0.7299034481956845,0.4324853515625,-0.53057861328125
23.9296875,0.7298794700985857,0.43203826904296877,-0.5543823242187216
23.9453125,0.7298253377278646,0.4317852783203124,-0.4351196289062784
23.9609375,0.729827880859375,0.431964111328125,-0.3397216796875
23.9765625,0.7298885527111235,0.43221710205078123,-0.2474365234375
23.9921875,0.7299328758603051,0.43166595458984375,-0.3695678710937216
24.0078125,0.7298660278320312,0.4315911865234375,-0.3010864257812784
24.0234375,0.7298613048735119,0.431114501953125,-0.3487548828125
24.0390625,0.7298169817243311,0.43036956787109376,-0.42315673828125
24.0546875,0.7299212501162574,0.43019073486328124,-0.3695068359375
24.0703125,0.7298562186104904,0.430399169921875,-0.2772216796874716
24.0859375,0.7298965454101562,0.43038421630859375,-0.31597900390625
24.1015625,0.7298416864304309,0.43005645751953125,-0.43212890625
24.1171875,0.7298976353236607,0.4297283935546875,-0.38751220703125
24.1328125,0.7299110775902158,0.429683837890625,-0.3814697265625
24.1484375,0.7298809233165929,0.4290283203125,-0.417236328125
24.1640625,0.7298304239908854,0.4291177368164064,-0.2503662109374716
24.1796875,0.7299408685593378,0.4289239501953124,-0.2533569335937784
24.1953125,0.7298104422433036,0.4288494873046875,-0.3099365234375
24.2109375,0.7298209780738467,0.428193359375,-0.43817138671875
24.2265625,0.7298064458937872,0.42779113769531235,-0.4530639648437784
24.2421875,0.7298794700985857,0.427537841796875,-0.4381103515625
24.2578125,0.7299078078497023,0.4274484252929687,-0.44708251953125
24.2734375,0.7297980898902523,0.42689697265625,-0.42626953125
24.2890625,0.7297886439732143,0.42679290771484374,-0.4649658203125284
24.3046875,0.7299248831612724,0.42604736328125,-0.5753173828124716
24.3203125,0.7297821044921882,0.4255108642578125,-0.667724609375
24.3359375,0.729874747140067,0.425675048828125,-0.503662109375
24.3515625,0.7297835577101928,0.42521301269531236,-0.515625
24.3671875,0.7297617594401048,0.4251235961914064,-0.4828491210937216
24.3828125,0.7298326038178944,0.425108642578125,-0.46795654296875
24.3984375,0.7298758370535714,0.425108642578125,-0.357666015625
24.4140625,0.7297563098725819,0.4242294311523439,-0.5126953124999716
24.4296875,0.7298253377278646,0.42416961669921877,-0.37554931640625
24.4453125,0.7298209780738467,0.42379730224609374,-0.34271240234375
24.4609375,0.7298765636625737,0.42409545898437484,-0.3159179687500284
24.4765625,0.7298594883510044,0.423543701171875,-0.3338623046874716
24.4921875,0.72974868047805,0.423663330078125,-0.2920532226562784
24.5078125,0.7298449561709449,0.42272430419921875,-0.47686767578125
24.5234375,0.7298296973818824,0.42242614746093765,-0.5364990234374716
24.5390625,0.7298511323474702,0.4229327392578125,-0.2593383789062784
24.5546875,0.7298591250465023,0.42248596191406235,-0.3367309570312784
24.5703125,0.7299139840262276,0.4224560546875,-0.26824951171875
24.5859375,0.7297748384021571,0.42242614746093765,-0.33386230468744316
24.6015625,0.7298035394577753,0.4219342041015625,-0.3218994140625
24.6171875,0.7297955467587426,0.421680908203125,-0.396484375
24.6328125,0.729874747140067,0.421025390625,-0.33978271484375
24.6484375,0.7299332391648072,0.4212786865234375,-0.22949218750002842
24.6640625,0.7299670264834449,0.4209506225585937,-0.39642333984375
24.6796875,0.7298267909458706,0.421099853515625,-0.2772216796874716
24.6953125,0.7298111688523072,0.4207421875,-0.3427734375
24.7109375,0.7299975440615699,0.4205035400390624,-0.38452148437505684
24.7265625,0.7298743838355655,0.4201458740234375,-0.357666015625
24.7421875,0.7299296061197916,0.42059295654296874,-0.21759033203125
24.7578125,0.7298533121744785,0.42017608642578125,-0.16986083984375
24.7734375,0.7299630301339286,0.4204290771484375,-0.169921875
24.7890625,0.7299455915178571,0.42060791015625,-0.06854248046875
24.8046875,0.7299372355143229,0.419967041015625,-0.2265625
24.8203125,0.7299306960332961,0.4201458740234375,-0.1192626953125
24.8359375,0.7298609415690104,0.420965576171875,0.09240722656252842
24.8515625,0.7299543108258929,0.42089141845703126,0.14910888671875
24.8671875,0.7298260643368676,0.42206848144531234,0.2951049804687216
24.8828125,0.7299314226422992,0.422828369140625,0.53045654296875
24.8984375,0.7299441382998512,0.4231414794921875,0.54248046875
24.9140625,0.7299779256184896,0.42387176513671876,0.65277099609375
24.9296875,0.7299539475213914,0.42416961669921877,0.84051513671875
24.9453125,0.7299590337844122,0.4251235961914064,0.9955444335937784
24.9609375,0.7299488612583706,0.42644989013671875,1.09686279296875
24.9765625,0.7300062633696056,0.42689697265625,1.20111083984375
24.9921875,0.7299230666387642,0.42802978515625,1.1922607421875284
25.0078125,0.7299775623139881,0.4288192749023439,1.1981811523437784
25.0234375,0.7299870082310261,0.4298477172851561,1.3412475585937216
25.0390625,0.7299128941127239,0.43036956787109376,1.299560546875
25.0546875,0.7299793788364956,0.431695556640625,1.50518798828125
25.0703125,0.7298809233165929,0.4324853515625,1.4723510742187216
25.0859375,0.7299593970889143,0.4333349609375,1.37701416015625
25.1015625,0.7300011771065849,0.43433349609375,1.4873046875
25.1171875,0.7298729306175595,0.4351678466796875,1.4276123046875
25.1328125,0.7299227033342633,0.4356451416015625,1.3651733398437216
25.1484375,0.7298940022786452,0.4369863891601561,1.427734375
25.1640625,0.7299524943033854,0.4373138427734375,1.38885498046875
25.1796875,0.7299757457914806,0.43852111816406236,1.3651123046874716
25.1953125,0.7298758370535714,0.4384317016601561,1.1892700195312216
25.2109375,0.7298158918108258,0.43978790283203123,1.29058837890625
25.2265625,0.7298961821056548,0.44026458740234387,1.1862182617187784
25.2421875,0.7299397786458334,0.44114410400390625,1.19525146484375
25.2578125,0.7298416864304309,0.442127685546875,1.2965087890625
25.2734375,0.7299695696149546,0.4426043701171875,1.1235961914062784
25.2890625,0.7298286074683786,0.4426043701171875,1.05810546875
25.3046875,0.7299775623139881,0.4432751464843749,0.9508056640625
25.3203125,0.7297995431082596,0.4443777465820313,1.1892089843750284
25.3359375,0.7298867361886168,0.4446014404296875,0.96270751953125
25.3515625,0.729966299874442,0.44497406005859375,0.9418945312499716
25.3671875,0.7298093523297992,0.4459576416015625,0.96270751953125
25.3828125,0.7298649379185261,0.4470904541015625,0.9925537109375
25.3984375,0.7298613048735119,0.44783538818359375,1.04620361328125
25.4140625,0.7298551286969867,0.4484613037109376,1.1713867187500284
25.4296875,0.7298478626069569,0.4489682006835938,1.1386108398437784
25.4453125,0.7298445928664428,0.449429931640625,1.01043701171875
25.4609375,0.7298376900809151,0.4503839111328125,1.156494140625
25.4765625,0.7298642113095238,0.451441650390625,1.29351806640625
25.4921875,0.7298231579008556,0.45194854736328127,1.19818115234375
25.5078125,0.7298311505998883,0.4528131103515625,1.14453125
25.5234375,0.7299325125558036,0.45384124755859373,1.201171875
25.5390625,0.7297930036272321,0.4547802734375,1.2637939453124716
25.5546875,0.7299383254278273,0.45473541259765626,1.1534423828125
25.5703125,0.7299230666387642,0.4558380126953124,1.2816162109374716
25.5859375,0.7298580351329985,0.45667266845703125,1.25775146484375
25.6015625,0.7298500424339658,0.457164306640625,1.14453125
25.6171875,0.7299049014136905,0.45780517578125,1.17132568359375
25.6328125,0.7298976353236607,0.45868438720703125,1.17425537109375
25.6484375,0.7298791067940849,0.4591912841796875,1.07000732421875
25.6640625,0.7298148018973214,0.46008544921875,1.06103515625
25.6796875,0.7299230666387642,0.46072631835937483,1.1981811523437216
25.6953125,0.7298395066034227,0.46083038330078124,0.9984741210937784
25.7109375,0.7298264276413691,0.461590576171875,0.98358154296875
25.7265625,0.7298856462751117,0.4627081298828125,1.1087646484375
25.7421875,0.7298060825892857,0.46342346191406236,1.1236572265624716
25.7578125,0.7297337849934896,0.46393035888671874,1.0491943359375
25.7734375,0.7297712053571429,0.4646307373046875,1.087890625
25.7890625,0.7298445928664428,0.46506317138671877,0.99554443359375
25.8046875,0.729964120047433,0.4659869384765625,1.0521240234375284
25.8203125,0.7298765636625737,0.4667767333984375,1.18927001953125
25.8359375,0.7298533121744785,0.4667318725585938,1.02825927734375
25.8515625,0.7299877348400298,0.46764099121093766,0.9865722656250284
25.8671875,0.7300095331101191,0.46855041503906236,1.025390625
25.8828125,0.7300244285946801,0.46858001708984376,0.929931640625
25.8984375,0.7299012683686763,0.4694891357421875,0.9716796875
25.9140625,0.7298249744233631,0.4702044677734375,1.02825927734375
25.9296875,0.7298474993024546,0.4710540771484375,1.013427734375
25.9453125,0.7299332391648072,0.471470947265625,0.9388427734375
25.9609375,0.7299695696149546,0.4728424072265625,1.22210693359375
25.9765625,0.7298976353236607,0.4731253051757813,1.0968627929687216
25.9921875,0.7299561273484003,0.4728271484375,0.8553466796875284
26.0078125,0.7299041748046882,0.47369171142578126,1.0223388671875
26.0234375,0.7298242478143594,0.47448150634765623,0.99847412109375
26.0390625,0.7299172537667404,0.47454132080078126,0.86737060546875
26.0546875,0.7299139840262276,0.4754205322265625,0.873291015625
26.0703125,0.729903084891183,0.47543548583984374,0.79290771484375
26.0859375,0.7298485892159599,0.4764935302734375,0.730224609375
26.1015625,0.7299128941127239,0.4765826416015625,0.69146728515625
26.1171875,0.7299143473307285,0.47762603759765626,0.95977783203125
26.1328125,0.7299205235072544,0.4777899169921875,0.81964111328125
26.1484375,0.72991943359375,0.47865447998046873,0.8345947265625
26.1640625,0.7299332391648072,0.4789227294921875,0.87628173828125
26.1796875,0.7298395066034227,0.4789227294921875,0.700439453125
26.1953125,0.729934329078311,0.4795782470703124,0.8285522460937216
26.2109375,0.7299626668294271,0.479473876953125,0.5960693359375
26.2265625,0.7298958188011533,0.48018920898437484,0.7213134765624716
26.2421875,0.7298602149600074,0.4805020141601561,0.5751953124999716
26.2578125,0.7299125308082217,0.4810983276367187,0.66168212890625
26.2734375,0.7298823765345975,0.4811431884765625,0.49774169921875
26.2890625,0.7298791067940849,0.4816644287109376,0.5483398437500284
26.3046875,0.7298841930571056,0.481768798828125,0.5692138671875
26.3203125,0.7298965454101562,0.4825140380859376,0.5871582031250568
26.3359375,0.7298794700985857,0.48297607421875,0.700439453125
26.3515625,0.7298874627976191,0.4827676391601561,0.51568603515625
26.3671875,0.7298914591471354,0.4835125732421875,0.6021118164062784
26.3828125,0.7299139840262276,0.483974609375,0.57525634765625
26.3984375,0.7299212501162574,0.484481201171875,0.6676025390625
26.4140625,0.7299041748046882,0.4846453857421875,0.5961914062499716
26.4296875,0.7299139840262276,0.4854647827148437,0.73919677734375
26.4453125,0.72999282110305,0.48539031982421876,0.5752563476562216
26.4609375,0.7297599429175967,0.485777587890625,0.560302734375
26.4765625,0.7298780168805811,0.48626953125,0.7003784179687784
26.4921875,0.7299405052548357,0.48640350341796873,0.57818603515625
26.5078125,0.7299245198567715,0.48676116943359377,0.55731201171875
26.5234375,0.7298943655831474,0.48731262207031234,0.5662841796874716
26.5390625,0.7298594883510044,0.487491455078125,0.5692138671875
26.5546875,0.7299673897879464,0.48796844482421875,0.500732421875
26.5703125,0.7298413231259301,0.48777496337890625,0.4769287109375
26.5859375,0.7299107142857143,0.48817718505859375,0.47991943359375
26.6015625,0.7298623947870164,0.48899658203125,0.54541015625
26.6171875,0.7299299694242931,0.48853485107421873,0.42626953125
26.6328125,0.7299223400297619,0.48932464599609377,0.5126953125
26.6484375,0.7298950921921503,0.48942901611328127,0.4232788085937784
26.6640625,0.7298064458937872,0.48942901611328127,0.38751220703125
26.6796875,0.7298177083333334,0.4899060058593749,0.3875122070312216
26.6953125,0.7298326038178944,0.4899060058593749,0.4262084960937216
26.7109375,0.7299445016043526,0.49018920898437485,0.4024047851562216
26.7265625,0.7298300606863832,0.49009979248046875,0.22064208984375
26.7421875,0.7299477713448668,0.49011444091796874,0.31591796875
26.7578125,0.729842776343936,0.490069580078125,0.14898681640625
26.7734375,0.7298351469494048,0.4904425048828125,0.20269775390625
26.7890625,0.7298809233165929,0.49024841308593764,0.16387939453127842
26.8046875,0.7298413231259301,0.4898013305664064,-0.020935058593693157
26.8203125,0.7299430483863467,0.48927978515625,-0.12524414062497158
26.8359375,0.7299891880580357,0.4889520263671875,-0.24743652343747158
26.8515625,0.7298783801850819,0.4888177490234375,-0.25640869140625
26.8671875,0.7299383254278273,0.4885494995117188,-0.31298828125
26.8828125,0.7299408685593378,0.48860931396484375,-0.29205322265625
26.8984375,0.729971022832962,0.4877001953125,-0.5484619140625
26.9140625,0.7299274262927834,0.48789398193359373,-0.4708862304687784
26.9296875,0.7299412318638393,0.4877001953125,-0.4202270507812784
26.9453125,0.7299673897879464,0.48682098388671874,-0.49176025390625
26.9609375,0.7299234299432664,0.48668701171875,-0.4530029296875
26.9765625,0.7299466814313617,0.486060791015625,-0.5513916015625
26.9921875,0.7300026303245908,0.4859564208984375,-0.51861572265625
27.0078125,0.7299248831612724,0.485762939453125,-0.56927490234375
27.0234375,0.7299325125558036,0.48480895996093765,-0.5782470703124716
27.0390625,0.7299786522274926,0.484346923828125,-0.70941162109375
27.0546875,0.7299274262927834,0.4837957763671875,-0.7808837890625
27.0703125,0.7298860095796131,0.48305053710937484,-0.7540893554687784
27.0859375,0.7299721127464658,0.48305053710937484,-0.7272949218750284
27.1015625,0.7299895513625372,0.48188812255859376,-0.83453369140625
27.1171875,0.7299677530924479,0.48169464111328125,-0.85235595703125
27.1328125,0.7299281529017857,0.48091949462890626,-0.96868896484375
27.1484375,0.7299445016043526,0.4803231811523439,-0.89715576171875
27.1640625,0.7299495878673735,0.4803533935546875,-0.7987060546875
27.1796875,0.7299281529017857,0.47959320068359373,-0.84051513671875
27.1953125,0.7300324212937128,0.4794439697265625,-0.7213134765624716
27.2109375,0.7299346923828118,0.47801330566406236,-1.0074462890625
27.2265625,0.72991943359375,0.47784973144531234,-0.8076782226562784
27.2421875,0.7299786522274926,0.47656768798828125,-1.025390625
27.2578125,0.7299579438709071,0.476463623046875,-0.89117431640625
27.2734375,0.7300102597191214,0.47549468994140637,-0.9656982421875
27.2890625,0.7299405052548357,0.4755096435546875,-0.96875
27.3046875,0.7299408685593378,0.4742132568359376,-1.0759887695312216
27.3203125,0.729934329078311,0.47393005371093766,-1.1027832031249716
27.3359375,0.7299659365699405,0.4733636474609376,-0.9299316406249432
27.3515625,0.7299597603934151,0.47340850830078124,-0.8882446289062216
27.3671875,0.7300011771065849,0.47229064941406235,-0.8554077148437784
27.3828125,0.7299826485770096,0.47209686279296875,-0.87335205078125
27.3984375,0.7299830118815104,0.4717840576171875,-0.7421264648437784
27.4140625,0.7299855550130215,0.471456298828125,-0.8106689453125
27.4296875,0.7299397786458334,0.470875244140625,-0.6676025390625284
27.4453125,0.7299197968982515,0.46975738525390626,-0.8345336914062784
27.4609375,0.7300255185081845,0.46911651611328126,-0.8494262695312784
27.4765625,0.7300335112072166,0.46877380371093763,-0.9269409179687216
27.4921875,0.7299216134207596,0.4679541015625,-0.8673095703124716
27.5078125,0.7299161638532367,0.46756683349609374,-0.906005859375
27.5234375,0.7299096243722099,0.46735778808593764,-0.8852539062499716
27.5390625,0.730025881812686,0.4669107055664064,-0.9091186523437216
27.5546875,0.7298994518461681,0.46609130859375,-0.956787109375
27.5703125,0.7298609415690104,0.465167236328125,-0.91802978515625
27.5859375,0.7299728393554688,0.4648095703125,-0.86138916015625
27.6015625,0.7299197968982515,0.46451171875,-0.8524169921875284
27.6171875,0.7300059000651048,0.4639599609375,-0.798828125
27.6328125,0.7298918224516369,0.4637664794921875,-0.76007080078125
27.6484375,0.7299862816220238,0.462529296875,-0.9656982421875284
27.6640625,0.7299009050641742,0.46185882568359377,-1.0103759765625284
27.6796875,0.7298464093889508,0.46163513183593763,-0.8912353515624716
27.6953125,0.7298863728841146,0.46068176269531236,-0.8970947265625284
27.7109375,0.7299328758603051,0.4604580688476563,-0.87030029296875
27.7265625,0.7298711140950521,0.4599215698242187,-0.91802978515625
27.7421875,0.7298914591471354,0.45934051513671875,-0.92388916015625
27.7578125,0.7298133486793155,0.4587591552734375,-1.00146484375
27.7734375,0.7299924577985492,0.458297119140625,-0.846435546875
27.7890625,0.7299699329194569,0.45792449951171876,-0.786865234375
27.8046875,0.7299277895972842,0.45722412109375,-0.8822021484375284
27.8203125,0.7298591250465023,0.45670257568359374,-0.7958374023437216
27.8359375,0.7298976353236607,0.456568603515625,-0.77789306640625
27.8515625,0.7297900971912202,0.4558380126953124,-0.8167114257812784
27.8671875,0.729934329078311,0.45549560546875,-0.76898193359375
27.8828125,0.7298602149600074,0.45455657958984375,-0.84051513671875
27.8984375,0.7298918224516369,0.4546014404296875,-0.7391357421875
27.9140625,0.7299906412760416,0.45421356201171875,-0.7421875
27.9296875,0.7299001784551711,0.4541543579101561,-0.6139526367187784
27.9453125,0.7298743838355655,0.45351318359375,-0.63787841796875
27.9609375,0.7298351469494048,0.453006591796875,-0.71240234375
27.9765625,0.7298776535760789,0.453006591796875,-0.5662841796874716
27.9921875,0.7298631213960194,0.453006591796875,-0.497802734375
28.0078125,0.7299067179361979,0.4525,-0.41131591796875
28.0234375,0.7298867361886168,0.4517098999023439,-0.5783081054687216
28.0390625,0.7299510410853794,0.45165069580078127,-0.5125732421875
28.0546875,0.729949951171875,0.45121826171875,-0.5872192382812216
28.0703125,0.7298336937313988,0.45105438232421874,-0.49176025390625
28.0859375,0.7299074445452008,0.45065185546875,-0.470947265625
28.1015625,0.7298718407040551,0.45011535644531236,-0.5782470703125284
28.1171875,0.7299906412760416,0.44977294921875,-0.646728515625
28.1328125,0.7298249744233631,0.44855072021484377,-0.78985595703125
28.1484375,0.7298674810500372,0.448580322265625,-0.6259155273437784
28.1640625,0.7298972720191592,0.4482974243164064,-0.6706542968749716
28.1796875,0.7298631213960194,0.447984619140625,-0.646728515625
28.1953125,0.7298580351329985,0.447999267578125,-0.61102294921875
28.2109375,0.7298580351329985,0.44786499023437487,-0.5573730468750284
28.2265625,0.729874020531064,0.447135009765625,-0.5960693359374716
28.2421875,0.7298336937313988,0.4465985107421875,-0.6348876953125
28.2578125,0.7298249744233631,0.44652374267578127,-0.4053955078125
28.2734375,0.7299139840262276,0.44613647460937483,-0.4887695312500284
28.2890625,0.7298464093889508,0.44579376220703126,-0.5007324218750284
28.3046875,0.7298409598214286,0.44531677246093765,-0.5335693359374716
28.3203125,0.7298874627976191,0.445361328125,-0.527587890625
28.3359375,0.7298413231259301,0.4447802734375,-0.6169433593749716
28.3515625,0.7299837384905133,0.4445867919921875,-0.5096435546875
28.3671875,0.7298326038178944,0.444273681640625,-0.4649658203125
28.3828125,0.7297871907552084,0.4441543579101561,-0.4738769531250284
28.3984375,0.7297926403227306,0.44358825683593767,-0.5096435546874432
28.4140625,0.7297581263950893,0.4436328125,-0.43218994140625
28.4296875,0.7297911871047247,0.4431112670898438,-0.4411010742187784
28.4453125,0.7298663911365334,0.4425,-0.572265625
28.4609375,0.7297584896995908,0.44229156494140637,-0.4977416992187216
28.4765625,0.7298823765345975,0.44229156494140637,-0.4590454101562216
28.4921875,0.7298242478143594,0.44214233398437486,-0.4262695312500284
28.5078125,0.7297530401320691,0.4410101318359376,-0.6288452148436932
28.5234375,0.7298249744233631,0.44114410400390625,-0.4888305664062784
28.5390625,0.7298053559802834,0.4410693359375,-0.5126953125
28.5546875,0.7298046293712798,0.4405630493164064,-0.5096435546874716
28.5703125,0.7297850109282,0.43980285644531236,-0.5394287109375284
28.5859375,0.7297835577101928,0.43953460693359375,-0.5513916015625284
28.6015625,0.7298990885416666,0.43956420898437487,-0.5454711914063068
28.6171875,0.7298017229352679,0.4389385986328125,-0.6407470703124716
28.6328125,0.7297766549246651,0.4389981079101561,-0.40240478515630684
28.6484375,0.7297962733677456,0.43904296875,-0.42022705078125
28.6640625,0.7297966366722477,0.438565673828125,-0.500732421875
28.6796875,0.7297236124674479,0.43777587890625,-0.5574340820312784
28.6953125,0.7298892793201265,0.43793975830078125,-0.3726196289062216
28.7109375,0.7297603062220975,0.43752288818359375,-0.40234375
28.7265625,0.7298336937313988,0.43777587890625,-0.3576660156249716
28.7421875,0.7297581263950893,0.43734405517578123,-0.31890869140625
28.7578125,0.7297330583844867,0.4369863891601561,-0.40234375
28.7734375,0.7298867361886168,0.43670288085937486,-0.4680175781250284
28.7890625,0.7298896426246286,0.4369561767578125,-0.3218994140625
28.8046875,0.7297919137137276,0.436837158203125,-0.187744140625
28.8203125,0.72996811639695,0.43649444580078123,-0.2890625
28.8359375,0.7298972720191592,0.4369265747070312,-0.1192626953125
28.8515625,0.7298751104445691,0.4369561767578125,-0.1639404296875
28.8671875,0.7298500424339658,0.4369561767578125,-0.07757568359375
28.8828125,0.7297919137137276,0.4369561767578125,-0.006042480468721578
28.8984375,0.7298533121744785,0.4363900756835937,-0.06256103515622158
28.9140625,0.7299245198567715,0.43677734375,-0.0357666015625
28.9296875,0.7298834664481026,0.43665832519531234,-0.03576660156252842
28.9453125,0.7300044468470975,0.43644989013671875,-0.0089111328125
28.9609375,0.7297661190941214,0.4372393798828125,0.06256103515625
28.9765625,0.7298878261021206,0.437418212890625,0.0924072265625
28.9921875,0.7298940022786452,0.43777587890625,0.1639404296875
29.0078125,0.7299437749953497,0.4375674438476562,0.12225341796875
29.0234375,0.7299143473307285,0.43793975830078125,0.3099365234375
29.0390625,0.7299016316731771,0.43767150878906236,0.17883300781247158
29.0546875,0.7299161638532367,0.4384466552734375,0.3576660156250284
29.0703125,0.7299394153413319,0.43889373779296875,0.48876953125
29.0859375,0.7299466814313617,0.43904296875,0.3607177734375
29.1015625,0.7299016316731771,0.43987731933593766,0.4918212890625284
29.1171875,0.7299521309988832,0.44038421630859376,0.52166748046875
29.1328125,0.7298474993024546,0.44062225341796873,0.6109619140625
29.1484375,0.729964120047433,0.44175506591796876,0.7630615234375
29.1640625,0.7298878261021206,0.44229156494140637,0.9240112304688068
29.1796875,0.7299724760509666,0.4430517578125,0.9210205078125
29.1953125,0.7300037202380952,0.44367736816406234,0.9567260742187216
29.2109375,0.7300135294596354,0.44378204345703126,0.94781494140625
29.2265625,0.7298369634719122,0.444482421875,0.9210205078124716
29.2421875,0.7299426850818452,0.44545074462890627,1.0133056640625
29.2578125,0.7298347836449033,0.4459576416015625,1.06707763671875
29.2734375,0.7298900059291294,0.4466729736328125,0.98358154296875
29.2890625,0.7298547653924858,0.44793975830078125,1.1296386718749716
29.3046875,0.7299041748046882,0.44847625732421875,1.08489990234375
29.3203125,0.7298834664481026,0.4494598388671875,1.1564941406250284
29.3359375,0.7298780168805811,0.450294189453125,1.30242919921875
29.3515625,0.7298918224516369,0.4506072998046875,1.2249755859375
29.3671875,0.7298169817243311,0.4519036865234375,1.29058837890625
29.3828125,0.7298925490606406,0.45206756591796876,1.22198486328125
29.3984375,0.7298801967075893,0.453155517578125,1.2965087890625
29.4140625,0.7298580351329985,0.4540200805664064,1.2160644531250284
29.4296875,0.7298831031436012,0.4542733764648437,1.159423828125
29.4453125,0.7299888247535342,0.4553759765625,1.1832275390625
29.4609375,0.72991943359375,0.45558502197265627,1.05816650390625
29.4765625,0.7298464093889508,0.45640441894531236,1.1594238281249716
29.4921875,0.7298634847005215,0.4565533447265625,0.929931640625
29.5078125,0.7299092610677084,0.45694091796875,0.97467041015625
29.5234375,0.7300244285946801,0.45765625,0.900146484375
29.5390625,0.7298253377278646,0.4582821655273439,0.8524169921875
29.5546875,0.7299299694242931,0.45931030273437484,1.0073852539062216
29.5703125,0.7298925490606406,0.45950439453125,0.82568359375
29.5859375,0.729935055687314,0.4601300048828125,0.90899658203125
29.6015625,0.7299059913271949,0.46023468017578123,0.7660522460937784
29.6171875,0.7298634847005215,0.461083984375,0.9061279296875
29.6328125,0.72987075079055,0.4610540771484375,0.8226318359375
29.6484375,0.7298445928664428,0.461739501953125,0.816650390625
29.6640625,0.7298994518461681,0.4622760009765625,0.7987670898437216
29.6796875,0.7298751104445691,0.46324462890625,0.7868652343750284
29.6953125,0.7298366001674107,0.46342346191406236,0.7838134765624716
29.7109375,0.7299375988188237,0.4637664794921875,0.727294921875
29.7265625,0.7299208868117559,0.4641986083984375,0.79278564453125
29.7421875,0.7298769269670758,0.4648245239257813,0.74810791015625
29.7578125,0.7299604870024181,0.4648245239257813,0.75408935546875
29.7734375,0.7298478626069569,0.465167236328125,0.685546875
29.7890625,0.7299659365699405,0.466031494140625,0.7510986328125
29.8046875,0.7299510410853794,0.4661657714843749,0.5842285156249716
29.8203125,0.7298148018973214,0.467164306640625,0.7481689453125284
29.8359375,0.7299979073660714,0.4671343994140624,0.6735839843749716
29.8515625,0.7298780168805811,0.46804351806640637,0.7689819335937784
29.8671875,0.7299975440615699,0.468028564453125,0.64080810546875
29.8828125,0.7298336937313988,0.46855041503906236,0.7451782226562216
29.8984375,0.7299332391648072,0.4695635986328125,0.8792724609375
29.9140625,0.7298333304268974,0.470234375,0.840576171875
29.9296875,0.7298514956519717,0.470889892578125,0.9448242187500284
29.9453125,0.7300836472284227,0.4713223266601561,0.8316040039062216
29.9609375,0.7300069899786086,0.4720523071289062,0.9835815429687784
29.9765625,0.7300189790271571,0.47281219482421877,0.9537353515624716
29.9921875,0.7299546741303944,0.47297637939453124,0.98956298828125
30.0078125,0.7299107142857143,0.47352752685546873,0.9954223632812784
30.0234375,0.7299412318638393,0.47470520019531237,1.0283203124999716
30.0390625,0.7300760178338914,0.475047607421875,0.962646484375
30.0546875,0.7299979073660714,0.47486877441406233,0.7957763671874716
30.0703125,0.7299049014136905,0.47580780029296876,0.8970947265625284
30.0859375,0.729934329078311,0.476180419921875,0.82562255859375
30.1015625,0.7299764724004836,0.477119140625,0.86138916015625
30.1171875,0.7298758370535714,0.4775961303710938,0.9239501953125
30.1328125,0.7299630301339286,0.47871368408203124,1.0372314453125
30.1484375,0.7299234299432664,0.4794888305664064,0.9567260742188068
30.1640625,0.7299688430059523,0.47984649658203127,0.95977783203125
30.1796875,0.7299561273484003,0.480054931640625,1.0372314453125284
30.1953125,0.7299597603934151,0.48096435546875,1.03131103515625
30.2109375,0.7299597603934151,0.4809939575195312,0.96270751953125
30.2265625,0.7298591250465023,0.482320556640625,1.040283203125
30.2421875,0.7299310593377977,0.48224578857421874,0.929931640625
30.2578125,0.7299590337844122,0.482752685546875,0.80780029296875
30.2734375,0.7299779256184896,0.483468017578125,0.7958374023437216
30.2890625,0.7299786522274926,0.48412353515625,0.85540771484375
30.3046875,0.7299673897879464,0.48468994140625,0.927001953125
30.3203125,0.7299986339750737,0.48498779296875,0.8046875
30.3359375,0.7299488612583706,0.485777587890625,0.95672607421875
30.3515625,0.729949951171875,0.48613525390625,0.762939453125
30.3671875,0.7300037202380952,0.4867465209960937,0.900146484375
30.3828125,0.7299695696149546,0.486910400390625,0.83154296875
30.3984375,0.7299216134207596,0.48743194580078125,0.79278564453125
30.4140625,0.7299339657738095,0.488057861328125,0.786865234375
30.4296875,0.72998046875,0.4883560180664064,0.7332153320312784
30.4453125,0.7298685709635416,0.4898013305664064,0.9627075195312784
30.4609375,0.7299975440615699,0.49024841308593764,0.8941650390625284
30.4765625,0.7298812866210938,0.490352783203125,0.843505859375
30.4921875,0.7299012683686763,0.49115783691406234,0.8822631835937216
30.5078125,0.7300197056361607,0.4910681152343749,0.8315429687499716
30.5234375,0.7298874627976191,0.492052001953125,0.92401123046875
30.5390625,0.72987075079055,0.49230499267578126,0.84942626953125
30.5546875,0.729874747140067,0.4926034545898437,0.8494873046874716
30.5703125,0.7299088977632069,0.4931399536132812,0.6677246093749716
30.5859375,0.7298849196661086,0.49391448974609375,0.7332153320312216
30.6015625,0.7299408685593378,0.4945556640625,0.840576171875
30.6171875,0.7298533121744785,0.49470458984375,0.7093505859375284
30.6328125,0.7298700241815477,0.49461517333984373,0.7094116210937784
30.6484375,0.7298867361886168,0.49461517333984373,0.51263427734375
30.6640625,0.7298831031436012,0.49461517333984373,0.4620361328125
30.6796875,0.7299706595284599,0.4956732177734375,0.61395263671875
30.6953125,0.729965573265439,0.4962841796875,0.62884521484375
30.7109375,0.7298663911365334,0.49670166015625,0.55743408203125
30.7265625,0.7298990885416666,0.49691009521484375,0.47088623046875
30.7421875,0.7298478626069569,0.4974169921875,0.54248046875
30.7578125,0.7298667544410342,0.49737213134765623,0.5513916015625
30.7734375,0.7299096243722099,0.49790863037109373,0.65869140625
30.7890625,0.7298242478143594,0.4976849365234375,0.61395263671875
30.8046875,0.72984604608445,0.498355712890625,0.5364990234375
30.8203125,0.7298998151506689,0.4989816284179687,0.53948974609375
30.8359375,0.7299067179361979,0.49850494384765626,0.36065673828125
30.8515625,0.7298594883510044,0.49856414794921877,0.330810546875
30.8671875,0.7298598516555059,0.49923492431640637,0.3635864257812784
30.8828125,0.72987075079055,0.4986837768554688,0.2623291015625
30.8984375,0.729843502952939,0.499071044921875,0.23248291015625
30.9140625,0.7299190702892485,0.49922027587890627,0.30706787109375
30.9296875,0.7299143473307285,0.49850494384765626,0.02984619140625
30.9453125,0.7300077165876117,0.4986837768554688,-0.0595703125
30.9609375,0.7299379621233258,0.49899658203125,0.09832763671875
30.9765625,0.7299862816220238,0.49883239746093766,0.05364990234377842
30.9921875,0.7299583071754092,0.49856414794921877,-0.13415527343752842
31.0078125,0.7299543108258929,0.49850494384765626,-0.0357666015625
31.0234375,0.7299532209123883,0.4983407592773439,-0.14605712890622158
31.0390625,0.7299328758603051,0.4976107788085937,-0.3218994140625
31.0546875,0.7299172537667404,0.49708892822265627,-0.283203125
31.0703125,0.7299521309988832,0.4969696044921875,-0.34283447265625
31.0859375,0.7299575805664062,0.49613525390625,-0.572265625
31.1015625,0.7298791067940849,0.4952410888671875,-0.7182617187500284
31.1171875,0.7299001784551711,0.4953155517578125,-0.64971923828125
31.1328125,0.7299815586635044,0.4945556640625,-0.78985595703125
31.1484375,0.7299692063104539,0.49413818359375,-0.8405151367187784
31.1640625,0.7299408685593378,0.49345275878906236,-0.8316040039062784
31.1796875,0.7300309680757069,0.49243927001953125,-0.929931640625
31.1953125,0.7299859183175224,0.49193267822265624,-1.00738525390625
31.2109375,0.7299375988188237,0.4913516235351561,-0.9567260742187784
31.2265625,0.7300226120721727,0.4903680419921875,-0.974609375
31.2421875,0.7299630301339286,0.48983154296875,-1.0968017578125
31.2578125,0.7299979073660714,0.48872833251953124,-1.16546630859375
31.2734375,0.7300818307059151,0.4883114624023439,-1.1653442382812216
31.2890625,0.729995364234561,0.48740234375,-1.2100830078124716
31.3046875,0.729995364234561,0.4860906982421875,-1.26971435546875
31.3203125,0.7300029936290929,0.4862396240234375,-1.13861083984375
31.3359375,0.7300055367606026,0.48534545898437487,-1.20123291015625
31.3515625,0.7300306047712046,0.48457061767578125,-1.15948486328125
31.3671875,0.7299888247535342,0.4839447021484375,-1.1773681640625
31.3828125,0.7300774710518974,0.48243957519531233,-1.2577514648437784
31.3984375,0.7300709315708706,0.48187347412109377,-1.2875976562500284
31.4140625,0.7300037202380952,0.48130676269531236,-1.2191162109375284
31.4296875,0.7299906412760416,0.4807556152343749,-1.0670166015625284
31.4453125,0.7299677530924479,0.4795782470703124,-1.3322753906250284
31.4609375,0.7300135294596354,0.47908630371093763,-1.2518310546874432
31.4765625,0.7299623035249263,0.47801330566406236,-1.3114624023437784
31.4921875,0.7299880981445312,0.4774618530273439,-1.2965698242187216
31.5078125,0.7300484066917783,0.47673187255859373,-1.1415405273437216
31.5234375,0.7300146193731406,0.4764935302734375,-1.07598876953125
31.5390625,0.7300218854631689,0.47549468994140637,-1.1624145507811932
31.5546875,0.7300019037155878,0.47549468994140637,-1.0521850585936932
31.5703125,0.7300019037155878,0.4744665527343749,-1.0223388671875
31.5859375,0.7299379621233258,0.4740789794921875,-1.0014648437500284
31.6015625,0.7299753824869785,0.47300598144531236,-1.00146484375
31.6171875,0.7299183436802456,0.4727825927734375,-0.9358520507812784
31.6328125,0.7299506777808786,0.47208221435546877,-0.929931640625
31.6484375,0.7300811040969122,0.47115814208984375,-1.06707763671875
31.6640625,0.7300153459821429,0.47056213378906236,-0.9865112304688068
31.6796875,0.7299223400297619,0.470025634765625,-1.0938110351562784
31.6953125,0.7299608503069189,0.46893768310546874,-1.1057739257812216
31.7109375,0.7299539475213914,0.46826721191406234,-1.1623535156250284
31.7265625,0.7298562186104904,0.46793914794921876,-1.0133666992187216
31.7421875,0.7299593970889143,0.467373046875,-1.0819091796875
31.7578125,0.7297980898902523,0.46668731689453125,-1.0789794921875
31.7734375,0.7297868274507069,0.46628479003906237,-0.9746704101562784
31.7890625,0.7298965454101562,0.4659869384765625,-0.9150390624999716
31.8046875,0.7299059913271949,0.4654653930664064,-0.9120483398437216
31.8203125,0.7300069899786086,0.464869384765625,-0.81365966796875
31.8359375,0.7298013596307664,0.46455627441406233,-0.7421875
31.8515625,0.7298831031436012,0.4639154052734375,-0.80474853515625
31.8671875,0.7299891880580357,0.46358764648437484,-0.7570800781250284
31.8828125,0.7299110775902158,0.4637664794921875,-0.58416748046875
31.8984375,0.7299539475213914,0.4627081298828125,-0.7153320312499716
31.9140625,0.7299771990094867,0.46206756591796877,-0.78387451171875
31.9296875,0.7299445016043526,0.46245483398437487,-0.6021118164063068
31.9453125,0.7299325125558036,0.4617694091796875,-0.6199951171875
31.9609375,0.7299325125558036,0.46148651123046874,-0.6139526367187216
31.9765625,0.72999282110305,0.4613223266601561,-0.5186157226562784
31.9921875,0.7298812866210938,0.4610540771484375,-0.5067138671874716
32.0078125,0.7299390520368311,0.4604580688476563,-0.66168212890625
32.0234375,0.7299114408947166,0.45990661621093765,-0.5603027343749716
32.0390625,0.7298260643368676,0.4596234130859376,-0.4888305664062216
32.0546875,0.7299158005487358,0.459429931640625,-0.6049804687499716
32.0703125,0.7299234299432664,0.4591314697265625,-0.527587890625
32.0859375,0.7299078078497023,0.4588934326171875,-0.51861572265625
32.1015625,0.7299001784551711,0.45843139648437486,-0.57818603515625
32.1171875,0.7298961821056548,0.4584609985351561,-0.5186157226562784
32.1328125,0.7299078078497023,0.45756683349609373,-0.5782470703125
32.1484375,0.7299114408947166,0.45792449951171876,-0.3964233398437784
32.1640625,0.7299971807570691,0.4573583984375,-0.4530029296875284
32.1796875,0.7298500424339658,0.45722412109375,-0.441162109375
32.1953125,0.7299059913271949,0.4573583984375,-0.3546142578125
32.2109375,0.7298900059291294,0.4562255859375,-0.5335693359375
32.2265625,0.7299183436802456,0.45644897460937484,-0.396484375
32.2421875,0.729994637625558,0.45597229003906237,-0.49774169921875
32.2578125,0.7298347836449033,0.45597229003906237,-0.3189086914062784
32.2734375,0.7299873715355283,0.45540618896484375,-0.503662109375
32.2890625,0.7299455915178571,0.455867919921875,-0.298095703125
32.3046875,0.7299132574172247,0.4556591796875,-0.31298828125
32.3203125,0.7299822852725074,0.455152587890625,-0.441162109375
32.3359375,0.7299408685593378,0.45472045898437485,-0.3010253906250284
32.3515625,0.7299306960332961,0.4545712280273439,-0.37554931640619316
32.3671875,0.7298809233165929,0.454302978515625,-0.3338623046874716
32.3828125,0.7298692975725454,0.45384124755859373,-0.4262084960937216
32.3984375,0.7298511323474702,0.4539453125,-0.29217529296875
32.4140625,0.7298347836449033,0.4534088134765625,-0.4918212890625
32.4296875,0.7298514956519717,0.45282775878906234,-0.5662841796875284
32.4453125,0.7298634847005215,0.45282775878906234,-0.4649658203125284
32.4609375,0.7298780168805811,0.45293212890625,-0.3576660156249716
32.4765625,0.7298362368629092,0.45260406494140637,-0.3934326171875
32.4921875,0.7299292428152901,0.452276611328125,-0.4052734375
32.5078125,0.7298366001674107,0.45197814941406234,-0.3726196289062784
32.5234375,0.7299150739397321,0.4514569091796875,-0.4976806640625
32.5390625,0.7298812866210938,0.451561279296875,-0.3695068359375
32.5546875,0.7298431396484382,0.45099456787109377,-0.3666381835937216
32.5703125,0.7297217959449405,0.4508306884765625,-0.3994140624999716
32.5859375,0.7297446841285342,0.4499813842773439,-0.5901489257812216
32.6015625,0.7298613048735119,0.4493109130859376,-0.65863037109375
32.6171875,0.7298351469494048,0.44899780273437484,-0.6557617187500284
32.6328125,0.7298634847005215,0.4488189697265625,-0.6318359374999716
32.6484375,0.7298609415690104,0.449132080078125,-0.4649658203125
32.6640625,0.7298660278320312,0.44793975830078125,-0.72430419921875
32.6796875,0.7298860095796131,0.447999267578125,-0.59906005859375
32.6953125,0.7298293340773809,0.4470904541015625,-0.748046875
32.7109375,0.7298144385928199,0.44692626953125,-0.6110229492187784
32.7265625,0.7297570364815849,0.44734375,-0.3934326171875284
32.7421875,0.7298184349423357,0.44698608398437484,-0.40234375
32.7578125,0.7298453194754464,0.44641967773437485,-0.4798583984375284
32.7734375,0.7298544020879836,0.446568603515625,-0.5126953125
32.7890625,0.7298533121744785,0.4459576416015625,-0.39642333984375
32.8046875,0.7298249744233631,0.446494140625,-0.301025390625
32.8203125,0.7298663911365334,0.44545074462890627,-0.32794189453125
32.8359375,0.7298569452194941,0.44562957763671873,-0.25933837890625
32.8515625,0.7298529488699776,0.44527191162109375,-0.41436767578125
32.8671875,0.7298358735584071,0.44500366210937486,-0.396484375
32.8828125,0.729781014578683,0.444482421875,-0.3874511718749716
32.8984375,0.7298187982468378,0.44507843017578125,-0.29803466796875
32.9140625,0.7298002697172619,0.444482421875,-0.2950439453125
32.9296875,0.7298187982468378,0.44507843017578125,-0.28314208984375
32.9453125,0.7299197968982515,0.444705810546875,-0.14898681640625
32.9609375,0.7298769269670758,0.44507843017578125,-0.1102294921875
32.9765625,0.7298758370535714,0.444273681640625,-0.19964599609375
32.9921875,0.7300229753766742,0.44464599609375,-0.07153320312497158
33.0078125,0.729844229561942,0.4442587280273439,-0.04473876953122158
33.0234375,0.7298558553059896,0.44451202392578126,-0.11328125
33.0390625,0.7299793788364956,0.444288330078125,-0.038818359375
33.0546875,0.7299870082310261,0.4443777465820313,-0.14013671875
33.0703125,0.7298177083333334,0.4442437744140624,-0.09240722656252842
33.0859375,0.7298445928664428,0.4442138671875,-0.17291259765625
33.1015625,0.7299492245628714,0.444482421875,0.041748046875
33.1171875,0.7298187982468378,0.4449444580078125,0.0596923828125
33.1328125,0.7299721127464658,0.4449444580078125,0.13714599609372158
33.1484375,0.729874020531064,0.445704345703125,0.23846435546875
33.1640625,0.7299844650995164,0.4459576416015625,0.3338623046875
33.1796875,0.7300353277297247,0.44652374267578127,0.42919921875
33.1953125,0.7298518589564739,0.44776092529296874,0.7034301757812784
33.2109375,0.7299012683686763,0.4477755737304687,0.71234130859375
33.2265625,0.7300178891136533,0.448505859375,0.8046875
33.2421875,0.7299245198567715,0.44919158935546877,0.84942626953125
33.2578125,0.7298958188011533,0.4501751708984375,1.046142578125
33.2734375,0.7300128028506324,0.4503094482421875,0.9210205078125
33.2890625,0.7299575805664062,0.45166534423828125,1.14154052734375
33.3046875,0.729935782296317,0.45263427734375,1.22210693359375
33.3203125,0.7299510410853794,0.45337921142578125,1.1236572265625
33.3359375,0.729996090843564,0.45337921142578125,1.1207275390625
33.3515625,0.7299673897879464,0.45421356201171875,1.14154052734375
33.3671875,0.7299546741303944,0.45473541259765626,1.1087646484375
33.3828125,0.7299564906529025,0.4562255859375,1.2100830078125
33.3984375,0.7299623035249263,0.457164306640625,1.3709716796875
33.4140625,0.7299114408947166,0.45792449951171876,1.2518310546875
33.4296875,0.7299746558779762,0.45931030273437484,1.3352050781249716
33.4453125,0.7300306047712046,0.46072631835937483,1.4694213867187216
33.4609375,0.7300353277297247,0.46081573486328126,1.4873046875
33.4765625,0.7299495878673735,0.4626040649414064,1.6781005859375284
33.4921875,0.7300367809477306,0.46346832275390626,1.74658203125
33.5078125,0.7299815586635044,0.46446685791015613,1.6482543945312216
33.5234375,0.7300229753766742,0.4658526611328125,1.7376708984375
33.5390625,0.7300418672107515,0.4671343994140624,1.8419799804687216
33.5546875,0.7300625755673357,0.46814788818359376,1.7675170898437784
33.5703125,0.7300356910342262,0.46911651611328126,1.6780395507812784
33.5859375,0.7300077165876117,0.46987670898437484,1.8121948242187216
33.6015625,0.7300636654808408,0.4720074462890624,1.8806762695311932
33.6171875,0.7300542195638021,0.471962890625,1.69891357421875
33.6328125,0.7300792875744048,0.47294647216796876,1.6959228515625284
33.6484375,0.7299971807570691,0.473453369140625,1.5201416015625
33.6640625,0.7300269717261905,0.473736572265625,1.3204345703125284
33.6796875,0.7300494966052834,0.4748541259765625,1.34124755859375
33.6953125,0.7300494966052834,0.4755694580078125,1.29058837890625
33.7109375,0.7301305135091146,0.47643371582031235,1.3114013671875
33.7265625,0.7300280616396949,0.4769403076171875,0.9865722656250284
33.7421875,0.7299528576078869,0.477119140625,1.03125
33.7578125,0.7299670264834449,0.478818359375,1.17437744140625
33.7734375,0.7300992693219867,0.4790713500976562,1.12359619140625
33.7890625,0.7300742013113832,0.479473876953125,1.1474609375
33.8046875,0.7301065354120164,0.48048736572265627,1.12664794921875
33.8203125,0.7301087152390253,0.48139617919921873,1.16534423828125
33.8359375,0.730072021484375,0.482320556640625,1.1773681640625284
33.8515625,0.7300396873837426,0.48264801025390625,1.14154052734375
33.8671875,0.7300048101515997,0.482916259765625,1.159423828125
33.8828125,0.7300276983351928,0.48410888671875,1.05810546875
33.8984375,0.7300542195638021,0.48486877441406234,1.1594848632812216
33.9140625,0.7301283336821056,0.4852410888671875,1.1534423828125
33.9296875,0.7300727480933786,0.48613525390625,1.12957763671875
33.9453125,0.7300611223493311,0.4865377807617188,1.0283203125
33.9609375,0.7300502232142857,0.48755126953125,1.046142578125
33.9765625,0.7300625755673357,0.48784912109375,1.04022216796875
33.9921875,0.7300313313802084,0.48850494384765625,1.11773681640625
34.0078125,0.7301072620210194,0.48932464599609377,1.04315185546875
34.0234375,0.7301127115885416,0.4899505615234375,1.0163574218750284
34.0390625,0.7300476800827753,0.49059143066406236,1.0700683593749716
34.0546875,0.7300178891136533,0.49085968017578124,0.94488525390625
34.0703125,0.7300186157226562,0.49184326171875,1.06109619140625
34.0859375,0.7300306047712046,0.49230499267578126,0.95074462890625
34.1015625,0.7300378708612358,0.4930950927734375,1.0491943359375
34.1171875,0.7300327845982143,0.49445098876953125,1.189208984375
34.1328125,0.7301385062081474,0.4948236083984375,1.09979248046875
34.1484375,0.7300534929547992,0.4949282836914064,0.9955444335937784
34.1640625,0.7300803774879092,0.49530059814453126,0.9418334960937784
34.1796875,0.7300687517438617,0.4959564208984375,1.01934814453125
34.1953125,0.7300974527994785,0.4966864013671875,0.9686279296875
34.2109375,0.7300800141834071,0.49719329833984377,0.9776611328125
34.2265625,0.7300625755673357,0.49719329833984377,0.81964111328125
34.2421875,0.7300803774879092,0.49719329833984377,0.5484619140625
34.2578125,0.7300113496326265,0.49828125,0.6915283203125
34.2734375,0.7300004504975819,0.499071044921875,0.8285522460937216
34.2890625,0.7300385974702381,0.49965209960937484,0.8703002929687216
34.3046875,0.7300302414667039,0.5000546264648438,0.81964111328125
34.3203125,0.7301090785435261,0.5008889770507813,0.84051513671875
34.3359375,0.7300138927641369,0.5009637451171876,0.75408935546875
34.3515625,0.7300113496326265,0.5018280029296875,0.92694091796875
34.3671875,0.7299528576078869,0.5022302246093748,1.0073852539062216
34.3828125,0.7300356910342262,0.5025732421875,0.8583984375
34.3984375,0.729964846656436,0.5038397216796875,0.9537353515625
34.4140625,0.7299964541480655,0.50413818359375,0.8972167968750284
34.4296875,0.7299931844075521,0.5045550537109377,0.9000854492187784
34.4453125,0.7300113496326265,0.5051217651367188,0.8465576171875
34.4609375,0.7300207955496651,0.5055984497070313,0.92694091796875
34.4765625,0.7299920944940477,0.505732421875,0.7808837890625
34.4921875,0.7300662086123512,0.50671630859375,0.8972167968750284
34.5078125,0.7300135294596354,0.5067312622070312,0.83160400390625
34.5234375,0.730032057989212,0.5068502807617188,0.60211181640625
34.5390625,0.7300375075567336,0.5080126953125,0.77490234375
34.5546875,0.7300128028506324,0.5082659912109376,0.7421875
34.5703125,0.7300676618303571,0.5085342407226563,0.6824951171875
34.5859375,0.7300429571242559,0.5091900634765625,0.71832275390625
34.6015625,0.7300752912248883,0.5092941284179687,0.71234130859375
34.6171875,0.7300153459821429,0.5100692749023439,0.6705932617187784
34.6328125,0.7300022670200893,0.5098904418945313,0.6318359375
34.6484375,0.7299815586635044,0.5112020874023439,0.8703613281250284
34.6640625,0.730032057989212,0.5114401245117187,0.68548583984375
34.6796875,0.7300429571242559,0.5113507080078125,0.6169433593749716
34.6953125,0.7299862816220238,0.511365966796875,0.56634521484375
34.7109375,0.7300055367606026,0.5121109008789062,0.58416748046875
34.7265625,0.7300792875744048,0.5126473999023439,0.6706542968750284
34.7421875,0.730087643577939,0.5123342895507812,0.4530029296874716
34.7578125,0.7299844650995164,0.5131243896484375,0.64678955078125
34.7734375,0.7300338745117188,0.5131838989257812,0.3963623046874716
34.7890625,0.72998046875,0.5136309814453124,0.4381713867187216
34.8046875,0.729994637625558,0.513795166015625,0.4888916015625
34.8203125,0.7299208868117559,0.5140185546875,0.530517578125
34.8359375,0.7300048101515997,0.5134820556640624,0.2742309570312216
34.8515625,0.7299706595284599,0.5143463134765625,0.3397827148437216
34.8671875,0.7300538562593,0.5144952392578125,0.43218994140625
34.8828125,0.7300124395461309,0.5149273681640624,0.3605957031249716
34.8984375,0.7299688430059523,0.5154193115234375,0.44708251953125
34.9140625,0.7299583071754092,0.5155682373046875,0.3874511718750284
34.9296875,0.7300407772972477,0.5154638671875,0.333740234375
34.9453125,0.7300280616396949,0.5160305786132813,0.40240478515625
34.9609375,0.7299902779715401,0.5156729125976562,0.4381713867187784
34.9765625,0.729995364234561,0.51646240234375,0.4232177734375
34.9921875,0.7300157092866444,0.51689453125,0.4798583984375
35.0078125,0.7300622122628349,0.5171929931640623,0.453125
35.0234375,0.7300527663457961,0.5167459106445312,0.26531982421875
35.0390625,0.7299797421409977,0.5174908447265625,0.384521484375
35.0546875,0.7300607590448289,0.5174163818359376,0.3905029296875284
35.0703125,0.7299870082310261,0.517371826171875,0.26824951171875
35.0859375,0.7300120762416294,0.5172076416015625,0.30694580078125
35.1015625,0.7300567626953118,0.5175204467773439,0.21160888671877842
35.1171875,0.7299561273484003,0.517744140625,0.169921875
35.1328125,0.7299597603934151,0.5174908447265625,0.05957031250002842
35.1484375,0.7299739292689739,0.5174908447265625,0.14898681640625
35.1640625,0.730032057989212,0.51760986328125,0.0238037109375
35.1796875,0.7300371442522321,0.5178485107421875,0.08642578124997158
35.1953125,0.7300229753766742,0.5177590942382813,0.07745361328125
35.2109375,0.7299997238885789,0.5173864746093748,0.03576660156247158
35.2265625,0.7300302414667039,0.518310546875,0.15802001953122158
35.2421875,0.7300560360863095,0.5178485107421875,0.0208740234375
35.2578125,0.7299179803757441,0.518385009765625,0.1788330078125
35.2734375,0.7299263363792783,0.5182806396484375,0.157958984375
35.2890625,0.7300738380068824,0.518668212890625,0.211669921875
35.3046875,0.7300727480933786,0.5186383056640623,0.15795898437497158
35.3203125,0.7299779256184896,0.5186083984375,0.16986083984375
35.3359375,0.7299263363792783,0.5191152954101561,0.34576416015625
35.3515625,0.7301090785435261,0.5191448974609376,0.16687011718752842
35.3671875,0.7301094418480283,0.519383544921875,0.3070068359375
35.3828125,0.7300044468470975,0.5196813964843748,0.2592773437499716
35.3984375,0.7300854637509301,0.5191748046875,0.1788330078125
35.4140625,0.7300229753766742,0.5193981933593749,0.14599609374997158
35.4296875,0.7298918224516369,0.5198007202148438,0.23248291015627842
35.4453125,0.7299786522274926,0.5203225708007813,0.34283447265625
35.4609375,0.7300197056361607,0.5205755615234375,0.2920532226562784
35.4765625,0.729994637625558,0.5207394409179688,0.3189086914062216
35.4921875,0.7300008138020834,0.520396728515625,0.20263671875
35.5078125,0.7299993605840773,0.5203671264648437,0.13714599609377842
35.5234375,0.7300204322451643,0.5210076904296875,0.3665771484375
35.5390625,0.7300306047712046,0.5207098388671875,0.2623291015625284
35.5546875,0.730025881812686,0.5210379028320312,0.2474365234375
35.5703125,0.7300527663457961,0.521112060546875,0.15789794921875
35.5859375,0.7300324212937128,0.5210076904296875,0.08642578125
35.6015625,0.7299830118815104,0.5211865234375,0.08941650390625
35.6171875,0.7301319667271206,0.5210379028320312,0.12823486328125
35.6328125,0.7299292428152901,0.5214401245117187,0.214599609375
35.6484375,0.7300774710518974,0.5213653564453123,0.07153320312497158
35.6640625,0.7299459548223586,0.5221554565429688,0.28912353515625
35.6796875,0.7300019037155878,0.5218572998046875,0.16387939453125
35.6953125,0.7299612136114211,0.5220806884765625,0.1937255859375
35.7109375,0.7300226120721727,0.52160400390625,0.1192626953125
35.7265625,0.7299241565522694,0.5220062255859377,0.16394042968752842
35.7421875,0.7300218854631689,0.5221554565429688,0.2235107421875
35.7578125,0.7298929123651414,0.5221554565429688,0.14306640625
35.7734375,0.7300418672107515,0.5227066040039062,0.2682495117187784
35.7890625,0.7299597603934151,0.5228408813476563,0.1370849609375
35.8046875,0.7301403227306548,0.5221554565429688,0.05963134765625
35.8203125,0.7299328758603051,0.5220806884765625,0.0
35.8359375,0.7300694783528646,0.5220806884765625,0.0953369140625
35.8515625,0.7300407772972477,0.5220806884765625,0.014892578124971578
35.8671875,0.7300622122628349,0.5213653564453123,-0.15802001953127842
35.8828125,0.7299822852725074,0.5213653564453123,-0.15802001953127842
35.8984375,0.7301239740280878,0.5212612915039062,-0.2890625
35.9140625,0.7299873715355283,0.5210525512695312,-0.357666015625
35.9296875,0.7300934564499628,0.520665283203125,-0.29803466796875
35.9453125,0.7299997238885789,0.5205755615234375,-0.301025390625
35.9609375,0.7300851004464286,0.5200094604492187,-0.41424560546875
35.9765625,0.7300545828683036,0.5196966552734374,-0.476806640625
35.9921875,0.7299692063104539,0.5192495727539063,-0.4231567382812216
36.0078125,0.7299477713448668,0.5185638427734375,-0.5603027343749716
36.0234375,0.7300785609654025,0.517967529296875,-0.65875244140625
36.0390625,0.7299997238885789,0.5179977416992188,-0.6109619140625
36.0546875,0.7300040835425967,0.5179977416992188,-0.53350830078125
36.0703125,0.7299859183175224,0.5177740478515624,-0.560302734375
36.0859375,0.7300473167782738,0.517237548828125,-0.55438232421875
36.1015625,0.730057125999814,0.5167755126953124,-0.5842285156250284
36.1171875,0.7300385974702381,0.5165966796875,-0.53057861328125
36.1328125,0.7300825573149181,0.5157919311523439,-0.5543823242187216
36.1484375,0.7300444103422619,0.5161199951171875,-0.3695068359375
36.1640625,0.7300974527994785,0.5156427001953123,-0.4710083007812784
36.1796875,0.7300418672107515,0.5147039794921875,-0.65875244140625
36.1953125,0.7300262451171882,0.51415283203125,-0.7242431640625
36.2109375,0.7299779256184896,0.5135861206054687,-0.73028564453125
36.2265625,0.7300302414667039,0.5130050659179688,-0.7540893554687216
36.2421875,0.7300502232142857,0.5128561401367188,-0.74810791015625
36.2578125,0.730025881812686,0.5121109008789062,-0.7362060546875284
36.2734375,0.7300138927641369,0.5115597534179688,-0.91204833984375
36.2890625,0.7300593058268229,0.5112466430664064,-0.8792114257811932
36.3046875,0.7301050821940104,0.5100244140625,-0.9359130859375
36.3203125,0.7301036289760044,0.5103225708007812,-0.76605224609375
36.3359375,0.7301192510695691,0.50916015625,-0.88519287109375
36.3515625,0.7300458635602679,0.5086090087890623,-0.8792114257812784
36.3671875,0.7300734747023809,0.5080126953125,-0.96868896484375
36.3828125,0.7300385974702381,0.5076400756835937,-0.8941650390625
36.3984375,0.7301555815197166,0.5074911499023439,-0.8137207031249716
36.4140625,0.7300625755673357,0.5070440673828125,-0.8405151367187784
36.4296875,0.730055672781808,0.5064031982421875,-0.7242431640625
36.4453125,0.7301065354120164,0.505509033203125,-0.96270751953125
36.4609375,0.7300487699962798,0.5051663208007813,-0.79876708984375
36.4765625,0.7301192510695691,0.50501708984375,-0.7183837890624716
36.4921875,0.7301603044782367,0.5039889526367187,-0.80474853515625
36.5078125,0.7301323300316214,0.5036016845703124,-0.8076782226562784
36.5234375,0.7301152547200521,0.50328857421875,-0.8405151367187784
36.5390625,0.7300524030412954,0.5028414916992188,-0.84051513671875
36.5546875,0.7300818307059151,0.5024539184570312,-0.78985595703125
36.5703125,0.7301108950660342,0.5018429565429687,-0.73321533203125
36.5859375,0.7300654820033475,0.501798095703125,-0.67364501953125
36.6015625,0.7301192510695691,0.5003973388671875,-0.9239501953125
36.6171875,0.7300636654808408,0.5009637451171876,-0.60504150390625
36.6328125,0.7301530383882069,0.49969696044921874,-0.7809448242187216
36.6484375,0.7300705682663691,0.5003524780273438,-0.5872192382812216
36.6640625,0.7301686604817715,0.499488525390625,-0.67059326171875
36.6796875,0.7301617576962426,0.49923492431640637,-0.6437988281249716
36.6953125,0.7300811040969122,0.49874298095703123,-0.6199951171875
36.7109375,0.730087643577939,0.49771484375,-0.816650390625
36.7265625,0.7301254272460938,0.49711883544921875,-0.65570068359375
36.7421875,0.7301156180245536,0.49643310546875,-0.9061279296875
36.7578125,0.7301050821940104,0.4962542724609376,-0.6885375976562216
36.7734375,0.7301817394438237,0.4957626342773439,-0.91796875
36.7890625,0.7301599411737358,0.49512176513671874,-0.87335205078125
36.8046875,0.7300949096679688,0.49473449707031236,-0.9000854492188068
36.8203125,0.7300771077473952,0.4944659423828125,-0.85540771484375
36.8359375,0.7300727480933786,0.493780517578125,-0.786865234375
36.8515625,0.7301094418480283,0.4935272216796875,-0.71832275390625
36.8671875,0.7301232474190849,0.4927374267578125,-0.7391357421875
36.8828125,0.7301105317615334,0.49230499267578126,-0.7898559570312784
36.8984375,0.730118161156064,0.4920220947265625,-0.7481079101562784
36.9140625,0.7301497686476928,0.49109802246093764,-0.8047485351562216
36.9296875,0.7301566714332217,0.49085968017578124,-0.7749633789062216
36.9453125,0.730050949823288,0.49074035644531233,-0.7451171875000284
36.9609375,0.7300999959309896,0.49074035644531233,-0.6080322265625284
36.9765625,0.7301141648065477,0.4900399780273439,-0.6974487304687216
36.9921875,0.7301504952566964,0.48957794189453124,-0.63189697265625
37.0078125,0.7300774710518974,0.48932464599609377,-0.5960693359375
37.0234375,0.7301094418480283,0.48890716552734387,-0.6229858398437216
37.0390625,0.7300593058268229,0.48872833251953124,-0.4739379882812784
37.0546875,0.730118161156064,0.48841552734375,-0.48883056640625
37.0703125,0.7301058088030133,0.4876406860351561,-0.61993408203125
37.0859375,0.7300789242699033,0.4871337890625,-0.7213134765624716
37.1015625,0.7301359630766369,0.48705963134765623,-0.5960693359375284
37.1171875,0.7301454089936763,0.4865377807617188,-0.6080322265625
37.1328125,0.7301552182152158,0.48646331787109376,-0.572265625
37.1484375,0.730154128301712,0.48534545898437487,-0.7123413085938068
37.1640625,0.7300124395461309,0.48515167236328127,-0.71533203125
37.1796875,0.7300095331101191,0.48498779296875,-0.685546875
37.1953125,0.7300069899786086,0.48467498779296875,-0.5931396484374716
37.2109375,0.7301425025576643,0.484346923828125,-0.557373046875
37.2265625,0.7301417759486607,0.48382568359375,-0.64678955078125
37.2421875,0.7300059000651048,0.48327392578125,-0.65277099609375
37.2578125,0.7300302414667039,0.4825888061523439,-0.7749023437499716
37.2734375,0.7301127115885416,0.48243957519531233,-0.5811767578125
37.2890625,0.7301068987165179,0.481768798828125,-0.67657470703125
37.3046875,0.7301036289760044,0.481619873046875,-0.673583984375
37.3203125,0.7301007225399926,0.4809344482421875,-0.74810791015625
37.3359375,0.7300389607747396,0.4803231811523439,-0.8047485351562216
37.3515625,0.7300404139927456,0.4805020141601561,-0.6647338867187784
37.3671875,0.7300756545293906,0.4796380615234375,-0.7271728515625
37.3828125,0.7300978161039806,0.4798016357421875,-0.5574340820312784
37.3984375,0.7301152547200521,0.4792205810546875,-0.6437988281249716
37.4140625,0.7300985427129836,0.4784307861328125,-0.6676025390625
37.4296875,0.7300927298409599,0.4785348510742187,-0.61700439453125
37.4453125,0.730178469703311,0.4777005004882813,-0.64678955078125
37.4609375,0.7300375075567336,0.4776556396484375,-0.5335083007812784
37.4765625,0.7301058088030133,0.47728302001953127,-0.6437988281249716
37.4921875,0.7299583071754092,0.47695556640625,-0.5364990234375
37.5078125,0.7300542195638021,0.476180419921875,-0.7242431640625
37.5234375,0.7300164358956474,0.47580780029296876,-0.68255615234375
37.5390625,0.7299888247535342,0.47586730957031237,-0.5126953125000284
37.5546875,0.7300520397367931,0.4756884765625,-0.56927490234375
37.5703125,0.7299873715355283,0.47549468994140637,-0.4411621093749716
37.5859375,0.7300276983351928,0.4753607177734375,-0.458984375
37.6015625,0.7300396873837426,0.4748541259765625,-0.48577880859375
37.6171875,0.7300752912248883,0.47476470947265625,-0.43817138671875
37.6328125,0.7301101684570312,0.47455596923828125,-0.32489013671875
37.6484375,0.7299793788364956,0.474317626953125,-0.29803466796875
37.6640625,0.7299575805664062,0.4740789794921875,-0.3576660156249716
37.6796875,0.7299902779715401,0.47370635986328125,-0.39642333984375
37.6953125,0.7299001784551711,0.4735577392578125,-0.3873901367187784
37.7109375,0.7299815586635044,0.47330413818359374,-0.41131591796875
37.7265625,0.7299012683686763,0.47293182373046877,-0.38446044921875
37.7421875,0.7299891880580357,0.47300598144531236,-0.3517456054687784
37.7578125,0.7299728393554688,0.47273803710937484,-0.3635864257812784
37.7734375,0.7300774710518974,0.4723504638671875,-0.3934326171875
37.7890625,0.7299873715355283,0.4720376586914064,-0.4082641601562216
37.8046875,0.7299895513625372,0.4720672607421875,-0.32781982421875
37.8203125,0.7299830118815104,0.4720074462890624,-0.3100585937500284
37.8359375,0.7299746558779762,0.47181396484375,-0.29803466796875
37.8515625,0.7299859183175224,0.4717095947265625,-0.24444580078125
37.8671875,0.7300095331101191,0.4717095947265625,-0.2592773437499716
37.8828125,0.7299771990094867,0.4714862060546875,-0.2503662109374716
37.8984375,0.7298645746140253,0.470889892578125,-0.2921142578125
37.9140625,0.7299713861374628,0.47112854003906235,-0.18182373046880684
37.9296875,0.730010986328125,0.4708154296875,-0.2503662109375
37.9453125,0.7299372355143229,0.47030853271484374,-0.3397827148437216
37.9609375,0.7300011771065849,0.47044281005859373,-0.27423095703125
37.9765625,0.7299274262927834,0.47027893066406234,-0.2861328125000284
37.9921875,0.7299281529017857,0.4702044677734375,-0.301025390625
38.0078125,0.7299524943033854,0.47084503173828124,-0.12823486328125
38.0234375,0.7300102597191214,0.47084503173828124,-0.00897216796875
38.0390625,0.7299880981445312,0.47036834716796877,-0.15203857421872158
38.0546875,0.7300207955496651,0.4706216430664064,-0.03875732421872158
38.0703125,0.7298366001674107,0.47112854003906235,0.16400146484372158
38.0859375,0.7298445928664428,0.471173095703125,0.14605712890625
38.1015625,0.7301065354120164,0.47100921630859377,0.14605712890627842
38.1171875,0.7299728393554688,0.47100921630859377,0.16094970703125
38.1328125,0.7300491333007812,0.47136688232421875,0.1043701171875
38.1484375,0.7300044468470975,0.4714862060546875,0.12823486328125
38.1640625,0.7299808320545015,0.471470947265625,0.22052001953125
38.1796875,0.7299365089053199,0.47273803710937484,0.42327880859369316
38.1953125,0.7299939110165551,0.47294647216796876,0.3635864257812784
38.2109375,0.7299608503069189,0.47293182373046877,0.35174560546875
38.2265625,0.7300186157226562,0.4736322021484375,0.52459716796875
38.2421875,0.7299132574172247,0.4742578125,0.64971923828125
38.2578125,0.7299855550130215,0.473974609375,0.52154541015625
38.2734375,0.7299590337844122,0.47470520019531237,0.6437988281249716
38.2890625,0.7300218854631689,0.4748541259765625,0.6766357421875
38.3046875,0.7298467726934523,0.47610595703125,0.6735839843750284
38.3203125,0.7300444103422619,0.4767169189453124,0.7540893554687216
38.3359375,0.7300255185081845,0.47725341796875,0.86431884765625
38.3515625,0.7300742013113832,0.47840087890625,0.9537353515625
38.3671875,0.7300229753766742,0.4786395263671875,0.8763427734375
38.3828125,0.7299797421409977,0.47974212646484377,1.15350341796875
38.3984375,0.7301399594261533,0.4802337646484375,1.1057128906250284
38.4140625,0.7300534929547992,0.4810089111328125,1.23095703125
38.4296875,0.7300295148577008,0.48169464111328125,1.11773681640625
38.4453125,0.7300476800827753,0.48299102783203124,1.2548217773437784
38.4609375,0.7301050821940104,0.48355712890625,1.2607421875
38.4765625,0.7300491333007812,0.48384063720703124,1.08795166015625
38.4921875,0.7300683884393594,0.4846453857421875,1.201171875
38.5078125,0.730088370186942,0.48598663330078123,1.2489013671875
38.5234375,0.7301675705682664,0.4865377807617188,1.26080322265625
38.5390625,0.7301083519345238,0.486612548828125,1.1207275390625
38.5546875,0.7300691150483631,0.48777496337890625,1.216064453125
38.5703125,0.7300484066917783,0.48853485107421873,1.1087646484375
38.5859375,0.7301108950660342,0.48945861816406233,1.1802978515624716
38.6015625,0.7300683884393594,0.4898907470703124,1.2100219726562216
38.6171875,0.7301152547200521,0.49071044921875,1.2130126953125
38.6328125,0.7301250639415929,0.49074035644531233,0.9507446289062216
38.6484375,0.7301254272460938,0.49153045654296873,0.99853515625
38.6640625,0.7301203409830729,0.49211151123046876,1.09979248046875
38.6796875,0.7300346011207217,0.49223083496093767,0.8911743164062784
38.6953125,0.7300843738374263,0.49299072265625,0.89117431640625
38.7109375,0.7301435924711681,0.4935272216796875,0.8137207031250284
38.7265625,0.7301559448242188,0.49425750732421875,0.8733520507812784
38.7421875,0.7300440470377604,0.49413818359375,0.685546875
38.7578125,0.7301690237862724,0.49413818359375,0.6795654296875284
38.7734375,0.730147225516183,0.495076904296875,0.70928955078125
38.7890625,0.7301007225399926,0.49500244140625,0.57818603515625
38.8046875,0.7300636654808408,0.4950921630859376,0.572265625
38.8203125,0.7300396873837426,0.4953155517578125,0.4649658203125
38.8359375,0.7300941830589658,0.49631408691406237,0.5573730468749716
38.8515625,0.7301283336821056,0.49613525390625,0.37554931640625
38.8671875,0.7301653907412574,0.4966567993164064,0.5037231445312784
38.8828125,0.7301737467447916,0.4969696044921875,0.5662841796875
38.8984375,0.7300375075567336,0.49819183349609375,0.62298583984375
38.9140625,0.7301370529901414,0.49813232421875,0.6259765625
38.9296875,0.7301537649972099,0.49856414794921877,0.6943969726562216
38.9453125,0.7301392328171503,0.4988772583007812,0.71234130859375
38.9609375,0.7301443190801711,0.49986083984375,0.7093505859375284
38.9765625,0.7301603044782367,0.49959259033203124,0.69146728515625
38.9921875,0.7300291515532,0.5001736450195312,0.7033691406249716
39.0078125,0.7300890967959449,0.5007101440429688,0.74810791015625
39.0234375,0.7301192510695691,0.5016937255859376,0.7003784179687784
39.0390625,0.7301355997721354,0.5009039306640624,0.5543212890624716
39.0546875,0.7301083519345238,0.502066650390625,0.70050048828125
39.0703125,0.7299891880580357,0.502349853515625,0.69451904296875
39.0859375,0.7300952729724702,0.502647705078125,0.557373046875
39.1015625,0.7300204322451643,0.50300537109375,0.68255615234375
39.1171875,0.7301058088030133,0.5036312866210938,0.6915283203125
39.1328125,0.7300360543387276,0.5044210815429687,0.7421875
39.1484375,0.7300999959309896,0.5044958496093749,0.5604248046874432
39.1640625,0.7301265171595975,0.504793701171875,0.7779541015625284
39.1796875,0.7300734747023809,0.5051809692382813,0.62286376953125
39.1953125,0.7300832839239211,0.5051217651367188,0.55438232421875
39.2109375,0.7300858270554309,0.5061053466796875,0.6915283203125
39.2265625,0.7300760178338914,0.5061053466796875,0.6199951171875
39.2421875,0.7300978161039806,0.5067312622070312,0.6199951171875
39.2578125,0.730032057989212,0.5068502807617188,0.48583984375
39.2734375,0.7300702049618676,0.5074911499023439,0.5990600585938068
39.2890625,0.7300295148577008,0.5076400756835937,0.56927490234375
39.3046875,0.7300618489583334,0.5080126953125,0.56634521484375
39.3203125,0.7301399594261533,0.5088323974609377,0.7421264648437784
39.3359375,0.7300694783528646,0.508787841796875,0.5364990234375
39.3515625,0.7300978161039806,0.5097860717773439,0.7361450195312784
39.3671875,0.7300959995814739,0.5096966552734375,0.59307861328125
39.3828125,0.7300146193731406,0.510650634765625,0.76007080078125
39.3984375,0.7301243373325893,0.5106655883789063,0.6348876953124716
39.4140625,0.7301068987165179,0.5105609130859377,0.5841674804687784
39.4296875,0.7301123482840401,0.5111871337890623,0.6348876953124716
39.4453125,0.7301406860351562,0.5112020874023439,0.47393798828125
39.4609375,0.7300026303245908,0.5118426513671875,0.6109619140625
39.4765625,0.729994637625558,0.5122003173828125,0.4828491210937216
39.4921875,0.7301388695126488,0.5124685668945312,0.55438232421875
39.5078125,0.7301210675920758,0.512826232910156,0.4351196289062216
39.5234375,0.7300469534737724,0.5130050659179688,0.4678955078125
39.5390625,0.7300502232142857,0.5136459350585938,0.6170043945312216
39.5546875,0.7299989972795758,0.5136309814453124,0.48876953125
39.5703125,0.7301435924711681,0.5140185546875,0.5632934570312216
39.5859375,0.7300302414667039,0.51473388671875,0.5782470703125
39.6015625,0.7301217942010789,0.5153448486328125,0.62890625
39.6171875,0.7301127115885416,0.5152703857421875,0.56036376953125
39.6328125,0.7300687517438617,0.5162686157226563,0.6884765625000284
39.6484375,0.7300411406017485,0.5169393920898437,0.786865234375
39.6640625,0.7300843738374263,0.5169393920898437,0.65869140625
39.6796875,0.7300843738374263,0.5170437622070313,0.6825561523437784
39.6953125,0.7300643920898438,0.5169393920898437,0.58416748046875
39.7109375,0.7300625755673357,0.5174908447265625,0.5513916015625
39.7265625,0.7300676618303571,0.5179977416992188,0.53057861328125
39.7421875,0.7300585792178199,0.5179977416992188,0.54547119140625
39.7578125,0.7300840105329242,0.5184146118164064,0.4291992187500284
39.7734375,0.7300651186988467,0.5187872314453124,0.3695678710937216
39.7890625,0.7300927298409599,0.5192941284179687,0.470947265625
39.8046875,0.7300462268647694,0.5192193603515625,0.43511962890625
39.8203125,0.7300455002557664,0.5200390625,0.61993408203125
39.8359375,0.7299859183175224,0.5201287841796876,0.527587890625
39.8515625,0.7301039922805059,0.5204266357421875,0.48577880859375
39.8671875,0.730032057989212,0.5206802368164064,0.5364990234375284
39.8828125,0.7300360543387276,0.5207394409179688,0.4649658203124716
39.8984375,0.7300371442522321,0.52130615234375,0.5037841796875284
39.9140625,0.730086190359933,0.5214401245117187,0.42919921875
39.9296875,0.7300593058268229,0.52190185546875,0.5364990234375
39.9453125,0.7301036289760044,0.5228558349609377,0.5633544921875284
39.9609375,0.7300204322451643,0.5230792236328125,0.590087890625
39.9765625,0.7301515851702008,0.5230050659179688,0.51568603515625
39.9921875,0.7300455002557664,0.523824462890625,0.6288452148437216
40.0078125,0.7300545828683036,0.5237945556640624,0.6110229492187216
40.0234375,0.72991943359375,0.523973388671875,0.533447265625
40.0390625,0.7300716581798735,0.5245843505859377,0.6288452148437784
40.0546875,0.7300229753766742,0.5243463134765625,0.4888916015625
40.0703125,0.7301105317615334,0.5247933959960938,0.3875122070312216
40.0859375,0.7299939110165551,0.5249273681640624,0.3696289062499716
40.1015625,0.7300542195638021,0.5256277465820313,0.5245361328125
40.1171875,0.730025881812686,0.5252996826171875,0.2950439453125
40.1328125,0.7301217942010789,0.5258663940429688,0.4143676757812784
40.1484375,0.7301530383882069,0.5253298950195312,0.27130126953125
40.1640625,0.7300752912248883,0.5253594970703124,0.15502929687494316
40.1796875,0.7301624843052456,0.5259109497070312,0.31292724609375
40.1953125,0.7301497686476928,0.52559814453125,0.16094970703125
40.2109375,0.7301632109142485,0.5257022094726562,0.15496826171877842
40.2265625,0.7300229753766742,0.524822998046875,-0.16094970703125
40.2421875,0.7301323300316214,0.52504638671875,-0.0506591796875
40.2578125,0.7302053542364211,0.5242568969726562,-0.3218994140625
40.2734375,0.7301087152390253,0.52418212890625,-0.22955322265625
40.2890625,0.7301221575055811,0.5237350463867188,-0.3248901367187216
40.3046875,0.7300894601004464,0.5236755371093749,-0.4470825195312784
40.3203125,0.7300956362769717,0.5234817504882813,-0.42327880859375
40.3359375,0.7300923665364584,0.5227215576171875,-0.59613037109375
40.3515625,0.730116707938058,0.52190185546875,-0.584228515625
40.3671875,0.7301217942010789,0.521529541015625,-0.703369140625
40.3828125,0.7301007225399926,0.520888671875,-0.67364501953125
40.3984375,0.7301159813290551,0.5209182739257813,-0.65277099609375
40.4140625,0.7300691150483631,0.5202178955078125,-0.70343017578125
40.4296875,0.730148678734189,0.5194729614257813,-0.8405151367187216
40.4453125,0.7300643920898438,0.5187872314453124,-0.9389038085937784
40.4609375,0.7301871890113467,0.5181317138671875,-0.91796875
40.4765625,0.7300821940104166,0.5176547241210937,-0.84942626953125
40.4921875,0.7301359630766369,0.517252197265625,-0.85546875
40.5078125,0.7300821940104166,0.5159411621093749,-0.9895019531250284
40.5234375,0.7300756545293906,0.5165670776367187,-0.8702392578125
40.5390625,0.7301076253255215,0.5153448486328125,-0.974609375
40.5546875,0.730050949823288,0.51415283203125,-1.06402587890625
40.5703125,0.7301123482840401,0.51415283203125,-0.9268798828124716
40.5859375,0.7301199776785714,0.51415283203125,-0.7957763671875
40.6015625,0.7301632109142485,0.512945556640625,-0.94183349609375
40.6171875,0.7301435924711681,0.5120660400390623,-1.0372314453125284
40.6328125,0.7301406860351562,0.5122152709960938,-0.7451782226562216
40.6484375,0.7301207042875737,0.5113955688476562,-1.0343017578125
40.6640625,0.7300603957403273,0.5104718017578125,-0.974609375
40.6796875,0.7301250639415929,0.50987548828125,-0.85546875
40.6953125,0.7301370529901414,0.5093243408203123,-0.9656982421875284
40.7109375,0.7300738380068824,0.5089218139648437,-1.04620361328125
40.7265625,0.7301762898763021,0.5074911499023439,-1.0908813476562216
40.7421875,0.7301203409830729,0.5074612426757813,-0.9209594726562216
40.7578125,0.7302289690290179,0.5072677612304688,-0.989501953125
40.7734375,0.7302078973679309,0.5061053466796875,-1.05804443359375
40.7890625,0.7301127115885416,0.5057476806640624,-0.9448242187500284
40.8046875,0.7301068987165179,0.5048681640625,-1.00146484375
40.8203125,0.7302155267624628,0.5044509887695312,-0.9746704101562216
40.8359375,0.7301297869001117,0.5038699340820313,-1.0103759765625
40.8515625,0.7301018124534977,0.5030798339843748,-0.8822631835938068
40.8671875,0.73011489141555,0.5027969360351561,-0.9328613281250284
40.8828125,0.7300407772972477,0.502349853515625,-0.98358154296875
40.8984375,0.7301751999627977,0.5010232543945312,-1.01641845703125
40.9140625,0.7300992693219867,0.5005462646484375,-1.0402832031249716
40.9296875,0.730116707938058,0.49999481201171875,-0.97467041015625
40.9453125,0.7301624843052456,0.5000250244140624,-0.8851928710937784
40.9609375,0.730057852608817,0.499205322265625,-0.93292236328125
40.9765625,0.730178469703311,0.49872833251953125,-0.8703002929687216
40.9921875,0.7302435012090773,0.4981768798828125,-0.9240112304687216
41.0078125,0.7301334199451265,0.4976849365234375,-0.9329833984375
41.0234375,0.7301286969866071,0.4966567993164064,-0.8732910156249716
41.0390625,0.7300538562593,0.49647796630859375,-0.81365966796875
41.0546875,0.7301236107235857,0.4957177734375,-0.85540771484375
41.0703125,0.7301951817103794,0.4950473022460937,-0.9955444335937216
41.0859375,0.7300825573149181,0.4948236083984375,-0.8763427734375
41.1015625,0.7301443190801711,0.4943170166015625,-0.88226318359375
41.1171875,0.7300887334914428,0.493765869140625,-0.8822021484375
41.1328125,0.7300654820033475,0.493125,-0.9119873046875
41.1484375,0.7301675705682664,0.49243927001953125,-0.8435058593750284
41.1640625,0.7301348731631324,0.4920965576171875,-0.87628173828125
41.1796875,0.7301185244605655,0.4913516235351561,-0.8732299804687784
41.1953125,0.7300702049618676,0.4906808471679687,-0.873291015625
41.2109375,0.7300916399274546,0.49002502441406237,-0.9597167968750284
41.2265625,0.7300229753766742,0.48896697998046873,-1.07000732421875
41.2421875,0.7300672985258556,0.4883560180664064,-1.0819702148437216
41.2578125,0.7300396873837426,0.488057861328125,-1.013427734375
41.2734375,0.7300237019856771,0.488057861328125,-0.87628173828125
41.2890625,0.7300455002557664,0.48732788085937484,-0.9537353515625284
41.3046875,0.7300738380068824,0.4865972900390624,-0.95086669921875
41.3203125,0.7300767444428944,0.486612548828125,-0.81365966796875
41.3359375,0.7300222487676711,0.48613525390625,-0.7779541015624716
41.3515625,0.7299637567429309,0.48592681884765626,-0.6080322265625
41.3671875,0.7300476800827753,0.4851666259765625,-0.6378784179687784
41.3828125,0.7300534929547992,0.4852713012695313,-0.55731201171875
41.3984375,0.730025881812686,0.484541015625,-0.703369140625
41.4140625,0.7300106230236235,0.48443634033203126,-0.5783081054687216
41.4296875,0.7301032656715023,0.4844961547851561,-0.42022705078125
41.4453125,0.7300607590448289,0.484541015625,-0.414306640625
41.4609375,0.7299993605840773,0.4835421752929687,-0.51861572265625
41.4765625,0.7300164358956474,0.4835421752929687,-0.4769287109375
41.4921875,0.7300091698056176,0.48312530517578123,-0.40826416015625
41.5078125,0.7299510410853794,0.483035888671875,-0.44708251953125
41.5234375,0.7299931844075521,0.48299102783203124,-0.30999755859375
41.5390625,0.7301192510695691,0.4825140380859376,-0.3844604492187216
41.5546875,0.7300026303245908,0.4823651123046875,-0.4262084960937216
41.5703125,0.7300702049618676,0.48187347412109377,-0.53350830078125
41.5859375,0.7299528576078869,0.48157501220703125,-0.3934326171875
41.6015625,0.7300313313802084,0.48157501220703125,-0.3934326171875
41.6171875,0.7299695696149546,0.48132202148437486,-0.3606567382812784
41.6328125,0.7300959995814739,0.4807556152343749,-0.4560546875000284
41.6484375,0.7300691150483631,0.4807556152343749,-0.4470825195312784
41.6640625,0.7300618489583334,0.48071105957031235,-0.36059570312505684
41.6796875,0.7301265171595975,0.480054931640625,-0.4620361328125
41.6953125,0.7301159813290551,0.48071105957031235,-0.23248291015627842
41.7109375,0.7300894601004464,0.4807556152343749,-0.16387939453127842
41.7265625,0.7300909133184523,0.480830078125,-0.14898681640625
41.7421875,0.7300920032319569,0.4805322265625,-0.15795898437497158
41.7578125,0.7299855550130215,0.48041259765625,-0.06860351562497158
41.7734375,0.7300269717261905,0.4806512451171875,-0.02087402343747158
41.7890625,0.7299986339750737,0.48071105957031235,0.0
41.8046875,0.729966299874442,0.48078552246093764,0.14611816406252842
41.8203125,0.7300404139927456,0.4803533935546875,-0.07153320312497158
41.8359375,0.7300302414667039,0.48011474609375,-0.12817382812497158
41.8515625,0.730050949823288,0.480338134765625,-0.098388671875
41.8671875,0.7300727480933786,0.4809344482421875,0.0804443359375
41.8828125,0.7300356910342262,0.48132202148437486,0.18188476562497158
41.8984375,0.7301105317615334,0.48154541015625,0.1788330078125
41.9140625,0.7300923665364584,0.4817987060546875,0.21752929687502842
41.9296875,0.7301366896856406,0.4821713256835938,0.2771606445312216
41.9453125,0.7301025390625,0.4823651123046875,0.40234375
41.9609375,0.7300008138020834,0.4827676391601561,0.5305786132812216
41.9765625,0.7301599411737358,0.48342315673828123,0.61700439453125
41.9921875,0.7301995413643974,0.4833782958984375,0.48876953125
42.0078125,0.7300752912248883,0.48406402587890623,0.5484008789062784
42.0234375,0.7301225208100819,0.48446655273437483,0.5842285156249716
42.0390625,0.7300603957403273,0.4850177001953124,0.6437988281249716
42.0546875,0.730050949823288,0.485419921875,0.64971923828125
42.0703125,0.7301955450148809,0.48582244873046876,0.69146728515625
42.0859375,0.7301003592354904,0.48705963134765623,0.8583984375000284
42.1015625,0.7300654820033475,0.4868658447265625,0.68853759765625
42.1171875,0.7301352364676332,0.48765533447265624,0.85540771484375
42.1328125,0.7301370529901414,0.48890716552734387,0.9686279296875284
42.1484375,0.7300956362769717,0.4892056274414064,0.9478149414063068
42.1640625,0.7301548549107143,0.4903231811523439,1.0610961914063068
42.1796875,0.7301439557756689,0.49127685546875,1.17138671875
42.1953125,0.7301199776785714,0.492052001953125,1.24591064453125
42.2109375,0.7301464989071801,0.493065185546875,1.20111083984375
42.2265625,0.7301515851702008,0.4938699340820312,1.40081787109375
42.2421875,0.7301105317615334,0.495076904296875,1.48431396484375
42.2578125,0.7300462268647694,0.4955239868164064,1.3233642578125
42.2734375,0.7301192510695691,0.49635894775390627,1.4306640624999716
42.2890625,0.7301984514508929,0.49790863037109373,1.5170898437499716
42.3046875,0.7302086239769345,0.4982513427734375,1.3948974609375
42.3203125,0.7301559448242188,0.499354248046875,1.46044921875
42.3359375,0.7301523117792039,0.49999481201171875,1.38592529296875
42.3515625,0.7301083519345238,0.501082763671875,1.44256591796875
42.3671875,0.7300745646158854,0.5018429565429687,1.35321044921875
42.3828125,0.7301559448242188,0.5018429565429687,1.2637939453124716
42.3984375,0.7301381429036452,0.5023944091796875,1.20709228515625
42.4140625,0.7300745646158854,0.5030499267578125,1.02825927734375
42.4296875,0.7301755632672992,0.5038699340820313,1.12371826171875
42.4453125,0.7301199776785714,0.5047491455078125,1.0789794921875
42.4609375,0.7301159813290551,0.5056878662109376,1.1386108398437784
42.4765625,0.7301276070731026,0.5059561157226562,0.97467041015625
42.4921875,0.7301537649972099,0.506641845703125,0.95977783203125
42.5078125,0.7300669352213548,0.5070440673828125,1.04022216796875
42.5234375,0.7300694783528646,0.5070889282226563,0.93890380859375
42.5390625,0.7300524030412954,0.507789306640625,0.9478759765625
42.5546875,0.7301250639415929,0.5084893798828125,0.92388916015625
42.5703125,0.730173020135788,0.5085641479492188,0.76300048828125
42.5859375,0.7301341465541294,0.5092941284179687,0.7212524414062216
42.6015625,0.7301464989071801,0.509666748046875,0.74212646484375
42.6171875,0.7302100771949405,0.5099353027343748,0.6586914062499716
42.6328125,0.7301203409830729,0.50986083984375,0.5633544921875
42.6484375,0.730086190359933,0.5112762451171875,0.83746337890625
42.6640625,0.730178469703311,0.5114999389648438,0.74212646484375
42.6796875,0.7300836472284227,0.512364501953125,0.7750244140625
42.6953125,0.7301523117792039,0.5118426513671875,0.65570068359375
42.7109375,0.7302017211914062,0.5122601318359377,0.5932006835937784
42.7265625,0.7301254272460938,0.512826232910156,0.6318969726562216
42.7421875,0.7301341465541294,0.5128707885742188,0.5870971679687784
42.7578125,0.7301603044782367,0.513795166015625,0.786865234375
42.7734375,0.7301065354120164,0.51415283203125,0.5753173828125
42.7890625,0.7301232474190849,0.5145849609375,0.61700439453125
42.8046875,0.7301919119698668,0.5151956176757813,0.56622314453125
42.8203125,0.7300672985258556,0.5147039794921875,0.572265625
42.8359375,0.7301719302222842,0.5154193115234375,0.6318359374999716
42.8515625,0.7300858270554309,0.5159411621093749,0.62298583984375
42.8671875,0.7302100771949405,0.5165670776367187,0.7392578125
42.8828125,0.7301439557756689,0.5169839477539062,0.63775634765625
42.8984375,0.7301141648065477,0.5178335571289062,0.73614501953125
42.9140625,0.7301537649972099,0.5177294921875,0.62890625
42.9296875,0.7302100771949405,0.5177142333984375,0.50372314453125
42.9453125,0.7301879156203497,0.517744140625,0.6080322265625
42.9609375,0.730072021484375,0.5183404541015625,0.584228515625
42.9765625,0.7302235194614956,0.5186981201171875,0.5513916015625284
42.9921875,0.7301090785435261,0.5196517944335938,0.616943359375
43.0078125,0.7301686604817715,0.519815673828125,0.56634521484375
43.0234375,0.7302039010184151,0.5201882934570312,0.470947265625
43.0390625,0.730111984979538,0.5206500244140624,0.5841064453124716
43.0546875,0.7301050821940104,0.520665283203125,0.5902099609375
43.0703125,0.7300836472284227,0.5213357543945313,0.71832275390625
43.0859375,0.7300360543387276,0.5218572998046875,0.703369140625
43.1015625,0.7300702049618676,0.5217977905273439,0.6199340820312784
43.1171875,0.7302173432849702,0.521529541015625,0.37554931640625
43.1328125,0.7301588512602306,0.5226919555664064,0.5752563476562784
43.1484375,0.7301010858444941,0.5226620483398438,0.4947509765625
43.1640625,0.7301374162946429,0.5225277709960937,0.3755493164062784
43.1796875,0.7301864624023438,0.5235711669921875,0.5811767578125
43.1953125,0.73016357421875,0.5237649536132812,0.48583984375
43.2109375,0.7302020844959071,0.5241522216796874,0.458984375
43.2265625,0.7301036289760044,0.523973388671875,0.4351196289062216
43.2421875,0.7301552182152158,0.52446533203125,0.587158203125
43.2578125,0.7300934564499628,0.5244357299804687,0.3487548828124716
43.2734375,0.7301439557756689,0.5249273681640624,0.4530639648437216
43.2890625,0.7301337832496286,0.5249273681640624,0.4799194335937216
43.3046875,0.7301087152390253,0.5257321166992187,0.43218994140625
43.3203125,0.7300818307059151,0.5258663940429688,0.4202880859375
43.3359375,0.7301675705682664,0.5264923095703123,0.4680175781249716
43.3515625,0.7301337832496286,0.5264923095703123,0.5037841796874716
43.3671875,0.7300360543387276,0.5267007446289063,0.44708251953125
43.3828125,0.7300611223493311,0.5271774291992187,0.54833984375
43.3984375,0.7301232474190849,0.5276992797851561,0.55438232421875
43.4140625,0.7301392328171503,0.5279376220703124,0.60205078125
43.4296875,0.7301432291666666,0.5285186767578125,0.55731201171875
43.4453125,0.7301087152390253,0.5286529541015625,0.55731201171875
43.4609375,0.7301613943917404,0.5289065551757812,0.4828491210937784
43.4765625,0.73011489141555,0.52875732421875,0.4530029296875284
43.4921875,0.7301817394438237,0.529249267578125,0.50970458984375
43.5078125,0.7301897321428571,0.52990478515625,0.54547119140625
43.5234375,0.7301999046688988,0.52990478515625,0.4411010742187784
43.5390625,0.7300909133184523,0.5303964233398437,0.4917602539062784
43.5546875,0.7301864624023438,0.5306500244140624,0.4262695312499716
43.5703125,0.7301432291666666,0.5308139038085937,0.43218994140625
43.5859375,0.7302769252232143,0.530679931640625,0.35467529296875
43.6015625,0.7301657540457596,0.5310671997070312,0.46197509765625
43.6171875,0.7301606677827381,0.531484375,0.447021484375
43.6328125,0.7300738380068824,0.53190185546875,0.3994140625
43.6484375,0.7300872802734382,0.5318869018554687,0.39642333984375
43.6640625,0.7300872802734382,0.5328854370117188,0.497802734375
43.6796875,0.7300484066917783,0.5324978637695312,0.3695678710937784
43.6953125,0.7300534929547992,0.5327066040039062,0.3785400390625
43.7109375,0.7300276983351928,0.5322894287109377,0.3218994140625284
43.7265625,0.7300683884393594,0.5326022338867188,0.3070068359375
43.7421875,0.7300553094773072,0.5331387329101561,0.3308715820312216
43.7578125,0.7300640287853429,0.5328704833984375,0.1937255859375
43.7734375,0.7301319667271206,0.5334515380859376,0.3129272460937784
43.7890625,0.730148678734189,0.5329598999023439,0.014892578125028422
43.8046875,0.730111984979538,0.53304931640625,0.11029052734375
43.8203125,0.7300335112072166,0.5324832153320312,-0.044677734375
43.8359375,0.7300967261904762,0.5327066040039062,0.08343505859372158
43.8515625,0.7300672985258556,0.5326022338867188,0.0
43.8671875,0.7300622122628349,0.5324234008789063,-0.14306640624997158
43.8828125,0.7300160725911452,0.5325277709960937,-0.06854248046875
43.8984375,0.7301050821940104,0.53190185546875,-0.3099365234375284
43.9140625,0.7300949096679688,0.5317529296875,-0.24139404296877842
43.9296875,0.7300851004464286,0.5314248657226562,-0.32489013671875
43.9453125,0.7301668439592633,0.5314694213867187,-0.2027587890625
43.9609375,0.7301930018833706,0.530679931640625,-0.40533447265625
43.9765625,0.730173020135788,0.5299795532226562,-0.5245361328125
43.9921875,0.7301323300316214,0.5303372192382813,-0.417236328125
44.0078125,0.730050949823288,0.5292340087890623,-0.6587524414062784
44.0234375,0.7301966349283854,0.52905517578125,-0.5693359375
44.0390625,0.7301537649972099,0.528533935546875,-0.643798828125
44.0546875,0.7301962716238832,0.52847412109375,-0.59014892578125
44.0703125,0.7301770164853051,0.5277288818359377,-0.7481079101562216
44.0859375,0.7301032656715023,0.5267605590820312,-0.78387451171875
44.1015625,0.7301385062081474,0.5259854125976563,-0.798828125
44.1171875,0.730057125999814,0.5259405517578125,-0.87933349609375
44.1328125,0.7301032656715023,0.5250314331054687,-0.8405151367187216
44.1484375,0.7300629388718378,0.524822998046875,-0.846435546875
44.1640625,0.7300269717261905,0.5240182495117187,-0.90313720703125
44.1796875,0.7300974527994785,0.5235711669921875,-0.9805908203125
44.1953125,0.7300792875744048,0.522900390625,-0.9656982421875284
44.2109375,0.7300542195638021,0.522900390625,-0.77203369140625
44.2265625,0.730148678734189,0.5214697265625,-0.90313720703125
44.2421875,0.7300818307059151,0.5208142089843748,-1.0252685546875284
44.2578125,0.7301468622116809,0.5202923583984375,-0.94781494140625
44.2734375,0.7301065354120164,0.5194430541992188,-1.07598876953125
44.2890625,0.7301690237862724,0.5185342407226563,-1.0968017578125
44.3046875,0.7300887334914428,0.51816162109375,-1.0819091796875
44.3203125,0.7301334199451265,0.5174758911132813,-1.08489990234375
44.3359375,0.7300425938197544,0.5173416137695312,-1.11175537109375
44.3515625,0.7301203409830729,0.5164923095703123,-0.9954833984375284
44.3671875,0.7301719302222842,0.5154193115234375,-1.0789794921874716
44.3828125,0.7300527663457961,0.5145697021484374,-1.14453125
44.3984375,0.7300934564499628,0.5141824340820312,-1.0521240234375
44.4140625,0.7300691150483631,0.5139587402343748,-0.9151000976562784
44.4296875,0.7300654820033475,0.5127813720703124,-1.0760498046875284
44.4453125,0.73009018670945,0.5119766235351562,-1.0998535156250284
44.4609375,0.730116707938058,0.5118576049804687,-1.0968017578125
44.4765625,0.7301076253255215,0.5110974121093749,-1.0789794921875
44.4921875,0.7301025390625,0.5101290893554687,-1.05804443359375
44.5078125,0.730086916968936,0.5097714233398437,-0.95965576171875
44.5234375,0.7300411406017485,0.50987548828125,-0.86138916015625
44.5390625,0.7300938197544643,0.5088623046875,-1.0192871093749716
44.5546875,0.7300193423316592,0.5081619262695313,-0.9238891601562216
44.5703125,0.7301276070731026,0.5081619262695313,-0.7629394531249716
44.5859375,0.7299346923828118,0.5071929931640624,-0.9329223632812784
44.6015625,0.7300542195638021,0.5068502807617188,-0.8494262695312216
44.6171875,0.7300193423316592,0.5059710693359376,-0.8316040039062216
44.6328125,0.7300669352213548,0.5062094116210938,-0.71240234375
44.6484375,0.7300600324358258,0.5052703857421875,-0.9210205078125
44.6640625,0.7301170712425595,0.5048980712890624,-0.7928466796875284
44.6796875,0.7300171625046503,0.5036016845703124,-0.9120483398437784
44.6953125,0.7299993605840773,0.5038397216796875,-0.86444091796875
44.7109375,0.7300941830589658,0.5027667236328125,-0.8852539062499716
44.7265625,0.7300153459821429,0.502647705078125,-0.84051513671875
44.7421875,0.7300458635602679,0.5026031494140624,-0.6735839843750568
44.7578125,0.7300197056361607,0.5015896606445313,-0.9239501953125
44.7734375,0.7300146193731406,0.5009637451171876,-0.861328125
44.7890625,0.7300440470377604,0.5014703369140624,-0.685546875
44.8046875,0.729965573265439,0.5001589965820312,-0.6885375976562216
44.8203125,0.7299764724004836,0.5000546264648438,-0.75701904296875
44.8359375,0.7299971807570691,0.49957794189453125,-0.63775634765625
44.8515625,0.7299274262927834,0.499071044921875,-0.71533203125
44.8671875,0.7299841017950142,0.49910064697265627,-0.7005004882812216
44.8828125,0.7300934564499628,0.49871337890625,-0.57525634765625
44.8984375,0.7300872802734382,0.498221435546875,-0.5484619140625
44.9140625,0.7300287882486979,0.498057861328125,-0.6824951171874716
44.9296875,0.7300040835425967,0.49819183349609375,-0.3934326171875
44.9453125,0.7300062633696056,0.49726776123046873,-0.557373046875
44.9609375,0.7300458635602679,0.49758056640625,-0.39947509765625
44.9765625,0.7300178891136533,0.4966119384765625,-0.4918212890625
44.9921875,0.7300026303245908,0.4970742797851561,-0.4052734375000284
45.0078125,0.7299920944940477,0.4966567993164064,-0.4113159179687216
45.0234375,0.7299775623139881,0.4962841796875,-0.387451171875
45.0390625,0.7300658453078497,0.49591186523437486,-0.4291992187500284
45.0546875,0.7299328758603051,0.49597106933593765,-0.4441528320312216
45.0703125,0.7300062633696056,0.4959414672851561,-0.2652587890625284
45.0859375,0.7300967261904762,0.4957626342773439,-0.3635864257812216
45.1015625,0.7300393240792404,0.494913330078125,-0.3397216796875
45.1171875,0.7300080798921131,0.494913330078125,-0.4321899414062216
45.1328125,0.730025881812686,0.4954345703125,-0.24444580078127842
45.1484375,0.7300524030412954,0.4952557373046875,-0.2056884765625
45.1640625,0.7299808320545015,0.4949282836914064,-0.19671630859369316
45.1796875,0.7299753824869785,0.4945556640625,-0.2830810546875284
45.1953125,0.7300923665364584,0.49449584960937487,-0.28912353515625
45.2109375,0.7300807407924107,0.4936614990234375,-0.4202270507812784
45.2265625,0.7300778343563988,0.49391448974609375,-0.19976806640625
45.2421875,0.7300095331101191,0.4936614990234375,-0.2503662109375
45.2578125,0.7300600324358258,0.4935272216796875,-0.3814697265625
45.2734375,0.7299630301339286,0.49391448974609375,-0.26824951171875
45.2890625,0.729995364234561,0.4931399536132812,-0.3576660156250284
45.3046875,0.7300513131277901,0.4928863525390624,-0.3338623046875284
45.3203125,0.72999282110305,0.4931399536132812,-0.2711791992187216
45.3359375,0.7299971807570691,0.49315460205078127,-0.10137939453125
45.3515625,0.7299971807570691,0.49337799072265626,-0.1072998046875
45.3671875,0.7300734747023809,0.49300567626953123,-0.13116455078125
45.3828125,0.7300676618303571,0.492275390625,-0.2503662109375
45.3984375,0.7300124395461309,0.49316955566406234,-0.14898681640627842
45.4140625,0.7300738380068824,0.49305053710937485,-0.01788330078127842
45.4296875,0.7299957275390618,0.49243927001953125,-0.08941650390622158
45.4453125,0.7300404139927456,0.4929013061523439,-0.04772949218747158
45.4609375,0.7301276070731026,0.4926034545898437,-0.1102294921875
45.4765625,0.7299379621233258,0.4935272216796875,0.02984619140625
45.4921875,0.7300574893043155,0.49354217529296873,0.1072998046875
45.5078125,0.7300618489583334,0.4931399536132812,0.17291259765625
45.5234375,0.7300625755673357,0.49360168457031234,0.08642578125
45.5390625,0.7300767444428944,0.49360168457031234,0.1102294921875
45.5546875,0.7300662086123512,0.4942129516601561,0.3547363281249716
45.5703125,0.7300727480933786,0.4949578857421875,0.4113159179687216
45.5859375,0.7300811040969122,0.494913330078125,0.46197509765625
45.6015625,0.7301457722981771,0.49512176513671874,0.31890869140625
45.6171875,0.7301454089936763,0.4955389404296875,0.39935302734375
45.6328125,0.7301083519345238,0.495926513671875,0.55731201171875
45.6484375,0.73011489141555,0.49653778076171873,0.5872192382812784
45.6640625,0.7301719302222842,0.49708892822265627,0.6974487304687784
45.6796875,0.7300789242699033,0.49787902832031233,0.73321533203125
45.6953125,0.7300851004464286,0.498057861328125,0.6199951171875
45.7109375,0.730025881812686,0.4983407592773439,0.6854858398437784
45.7265625,0.7300636654808408,0.4993096923828125,0.83758544921875
45.7421875,0.7301515851702008,0.49910064697265627,0.71234130859375
45.7578125,0.7300425938197544,0.499786376953125,0.77197265625
45.7734375,0.7300643920898438,0.5009637451171876,0.88519287109375
45.7890625,0.7300727480933786,0.5014404296875,0.87030029296875
45.8046875,0.7301316034226191,0.5017684936523439,0.7778930664063068
45.8203125,0.7301548549107143,0.5024984741210937,0.88812255859375
45.8359375,0.730148678734189,0.5034820556640623,1.0282592773436932
45.8515625,0.7301138015020461,0.5044509887695312,1.02825927734375
45.8671875,0.7302347819010416,0.5046893310546875,1.11773681640625
45.8828125,0.7300752912248883,0.5052557373046875,1.0938720703125
45.8984375,0.7300269717261905,0.5059710693359376,1.0014648437500284
45.9140625,0.7300378708612358,0.506522216796875,1.016357421875
45.9296875,0.7300436837332596,0.507222900390625,1.0908813476562216
45.9453125,0.7301156180245536,0.5080422973632812,1.1087646484375
45.9609375,0.7300894601004464,0.5084893798828125,1.0014648437500284
45.9765625,0.7300967261904762,0.5091302490234375,0.93585205078125
45.9921875,0.7301210675920758,0.5094137573242188,0.94488525390625
46.0078125,0.7301483154296882,0.5106207275390624,1.0729980468749716
46.0234375,0.7301457722981771,0.5106207275390624,0.9299316406249432
46.0390625,0.7301134381975454,0.5111126708984375,0.9180908203125
46.0546875,0.7301788330078118,0.5116043090820312,0.87628173828125
46.0703125,0.7300164358956474,0.5116937255859376,0.7302856445312784
46.0859375,0.7301236107235857,0.5122750854492187,0.75714111328125
46.1015625,0.7300204322451643,0.5128561401367188,0.74517822265625
46.1171875,0.7301599411737358,0.51330322265625,0.77789306640625
46.1328125,0.7301497686476928,0.5133480834960937,0.5454711914062784
46.1484375,0.7301425025576643,0.5141824340820312,0.7123413085937784
46.1640625,0.7301708403087798,0.5148529052734375,0.748046875
46.1796875,0.7300618489583334,0.5144952392578125,0.57818603515625
46.1953125,0.7301392328171503,0.5144952392578125,0.5603027343749716
46.2109375,0.7301254272460938,0.5153448486328125,0.61395263671875
46.2265625,0.7300694783528646,0.5165670776367187,0.7421875
46.2421875,0.7300894601004464,0.5159411621093749,0.5275878906249716
46.2578125,0.7300792875744048,0.5165670776367187,0.643798828125
46.2734375,0.7302420479910714,0.5167156982421875,0.50665283203125
46.2890625,0.7301537649972099,0.5167904663085937,0.38751220703125
46.3046875,0.7301552182152158,0.5169393920898437,0.48883056640625
46.3203125,0.7301969982328869,0.5173416137695312,0.56927490234375
46.3359375,0.7301454089936763,0.5171627807617187,0.36358642578125
46.3515625,0.7300487699962798,0.51760986328125,0.20855712890625
46.3671875,0.7300774710518974,0.5177142333984375,0.3546142578125284
46.3828125,0.7302282424200142,0.5179977416992188,0.2861328125
46.3984375,0.7302148001534599,0.5182806396484375,0.31298828125
46.4140625,0.7300738380068824,0.5185040283203124,0.3427124023437216
46.4296875,0.7301210675920758,0.5192495727539063,0.4620361328125
46.4453125,0.7301948184058786,0.5191448974609376,0.3606567382812784
46.4609375,0.7300622122628349,0.5192193603515625,0.41131591796875
46.4765625,0.7301036289760044,0.5192941284179687,0.33685302734375
46.4921875,0.7301225208100819,0.5196517944335938,0.38751220703125
46.5078125,0.7301032656715023,0.5200094604492187,0.40234375
46.5234375,0.730116707938058,0.5202923583984375,0.40234375
46.5390625,0.7301933651878714,0.5210076904296875,0.5007324218750284
46.5546875,0.7300306047712046,0.5208142089843748,0.3129272460937216
46.5703125,0.7300887334914428,0.5211569213867188,0.4024047851562216
46.5859375,0.7301094418480283,0.5214102172851561,0.4381713867187216
46.6015625,0.7300589425223214,0.5218572998046875,0.51263427734375
46.6171875,0.7301425025576643,0.5221554565429688,0.500732421875
46.6328125,0.7301468622116809,0.5222747802734375,0.45306396484375
46.6484375,0.730178469703311,0.5230050659179688,0.54254150390625
46.6640625,0.7301432291666666,0.5234967041015625,0.497802734375
46.6796875,0.7300091698056176,0.5233029174804688,0.4977416992187784
46.6953125,0.7300502232142857,0.5234817504882813,0.4649658203125
46.7109375,0.7302017211914062,0.5239584350585937,0.5096435546875284
46.7265625,0.7302053542364211,0.5241522216796874,0.458984375
46.7421875,0.7301250639415929,0.5245098876953124,0.4708862304687216
46.7578125,0.7301853724888393,0.5247039794921875,0.48583984375
46.7734375,0.7300287882486979,0.5252996826171875,0.45892333984375
46.7890625,0.73011489141555,0.5251806640625,0.3367919921875
46.8046875,0.7300367809477306,0.5254489135742187,0.42919921875
46.8203125,0.7300811040969122,0.52504638671875,0.31292724609375
46.8359375,0.7300487699962798,0.5257321166992187,0.354736328125
46.8515625,0.7301290602911086,0.5256875610351561,0.3070678710937216
46.8671875,0.7301864624023438,0.5262091064453124,0.33984375
46.8828125,0.7301403227306548,0.5261492919921875,0.2890625
46.8984375,0.7301359630766369,0.52647705078125,0.2354736328125
46.9140625,0.7301773797898072,0.52619384765625,0.20263671875
46.9296875,0.7301584879557285,0.52619384765625,0.14898681640625
46.9453125,0.7301871890113467,0.52619384765625,0.2294921875
46.9609375,0.7300745646158854,0.526611328125,0.17584228515625
46.9765625,0.7299837384905133,0.5264923095703123,0.16094970703125
46.9921875,0.7301414126441592,0.52704345703125,0.16687011718752842
47.0078125,0.7300662086123512,0.5274905395507813,0.26824951171875
47.0234375,0.7301969982328869,0.5274609375,0.19677734375
47.0390625,0.7301355997721354,0.5274160766601561,0.24444580078122158
47.0546875,0.7301268804640997,0.5272372436523439,0.20867919921877842
47.0703125,0.7301352364676332,0.5272076416015625,0.2027587890625
47.0859375,0.7301381429036452,0.5272821044921875,0.1341552734375
47.1015625,0.730088370186942,0.52760986328125,0.22351074218752842
47.1171875,0.7300211588541666,0.5277288818359377,0.13708496093752842
47.1328125,0.7300309680757069,0.5282357788085937,0.1490478515625
47.1484375,0.7301039922805059,0.528399658203125,0.187744140625
47.1640625,0.7301068987165179,0.528533935546875,0.22357177734377842
47.1796875,0.7301454089936763,0.5293832397460938,0.4291992187499716
47.1953125,0.730111984979538,0.52845947265625,0.2503662109375
47.2109375,0.7301766531808036,0.5291000366210937,0.36358642578125
47.2265625,0.7300778343563988,0.52845947265625,0.169921875
47.2421875,0.7302198864164806,0.5285186767578125,0.15795898437497158
47.2578125,0.7301268804640997,0.5293087768554687,0.214599609375
47.2734375,0.7301722935267857,0.529249267578125,0.169921875
47.2890625,0.7301897321428571,0.529249267578125,0.14306640625
47.3046875,0.7300440470377604,0.5296218872070313,0.0477294921875
47.3203125,0.7300175258091525,0.529755859375,0.25927734375
47.3359375,0.7300811040969122,0.5296365356445313,0.1072998046875
47.3515625,0.7301083519345238,0.5302175903320312,0.35162353515625
47.3671875,0.7301359630766369,0.5299493408203123,0.2861328124999716
47.3828125,0.7301682971772694,0.5298153686523439,0.10131835937502842
47.3984375,0.7301733834402901,0.530128173828125,0.17578125
47.4140625,0.7301853724888393,0.5299942016601561,0.14898681640622158
47.4296875,0.7300600324358258,0.5306201171875,0.19964599609375
47.4453125,0.7301501319521949,0.5308139038085937,0.21160888671875
47.4609375,0.7301534016927084,0.5304266357421875,0.15802001953125
47.4765625,0.7300197056361607,0.530679931640625,0.09246826171875
47.4921875,0.7301399594261533,0.530977783203125,0.20568847656252842
47.5078125,0.7301846458798357,0.5312460327148437,0.2861328124999716
47.5234375,0.7302576700846354,0.5313800048828125,0.2503662109375
47.5390625,0.7300785609654025,0.5310971069335938,0.22058105468752842
47.5546875,0.7302736554827008,0.531678466796875,0.211669921875
47.5703125,0.730086916968936,0.5318869018554687,0.214599609375
47.5859375,0.7301454089936763,0.5317529296875,0.2652587890625
47.6015625,0.7300418672107515,0.5321847534179688,0.30096435546875
47.6171875,0.7301751999627977,0.5319912719726563,0.20269775390625
47.6328125,0.7300560360863095,0.5324234008789063,0.2354736328125
47.6484375,0.7301501319521949,0.5326022338867188,0.24444580078125
47.6640625,0.7300734747023809,0.5325872802734375,0.29803466796875
47.6796875,0.7300800141834071,0.5328555297851562,0.23541259765622158
47.6953125,0.72996811639695,0.5322894287109377,0.08050537109377842
47.7109375,0.7300792875744048,0.5327066040039062,0.19073486328125
47.7265625,0.7300276983351928,0.533123779296875,0.18780517578125
47.7421875,0.7300629388718378,0.5323043823242187,0.0626220703125
47.7578125,0.7300502232142857,0.5325424194335937,0.0238037109375
47.7734375,0.730072021484375,0.532393798828125,-0.04168701171875
47.7890625,0.7301243373325893,0.5317080688476562,-0.17584228515625
47.8046875,0.7300226120721727,0.531544189453125,-0.2622680664062216
47.8203125,0.7300088065011168,0.5310223388671875,-0.2534179687500284
47.8359375,0.7301853724888393,0.53060546875,-0.42022705078125
47.8515625,0.7299931844075521,0.53060546875,-0.503662109375
47.8671875,0.7301025390625,0.53048583984375,-0.36370849609375
47.8828125,0.7300313313802084,0.530262451171875,-0.45599365234375
47.8984375,0.7300894601004464,0.5296365356445313,-0.55145263671875
47.9140625,0.7301995413643974,0.52947265625,-0.44708251953125
47.9296875,0.7301203409830729,0.52845947265625,-0.616943359375
47.9453125,0.7300346011207217,0.5278033447265625,-0.643798828125
47.9609375,0.7300789242699033,0.5273864746093748,-0.6437988281250284
47.9765625,0.7300356910342262,0.5270880126953124,-0.7034912109375284
47.9921875,0.7301686604817715,0.52619384765625,-0.8583984375
48.0078125,0.7301072620210194,0.5259109497070312,-0.87030029296875
48.0234375,0.7301025390625,0.525478515625,-0.83160400390625
48.0390625,0.7300818307059151,0.5246145629882812,-0.97161865234375
48.0546875,0.7301504952566964,0.524390869140625,-0.813720703125
48.0703125,0.7301468622116809,0.52375,-0.8106689453125
48.0859375,0.7301366896856406,0.5231985473632812,-0.8375854492187216
48.1015625,0.7301243373325893,0.5231689453125,-0.7838134765624716
48.1171875,0.7301272437686012,0.52218505859375,-0.8017578125
48.1328125,0.7301334199451265,0.5220806884765625,-0.76605224609375
48.1484375,0.7301239740280878,0.5212167358398437,-0.85235595703125
48.1640625,0.7300088065011168,0.5210076904296875,-0.72137451171875
48.1796875,0.7300524030412954,0.5204119873046875,-0.7957763671875
48.1953125,0.7300792875744048,0.5194876098632812,-0.85247802734375
48.2109375,0.7300821940104166,0.5196664428710938,-0.7064208984375
48.2265625,0.7300851004464286,0.5187130737304687,-0.89117431640625
48.2421875,0.7300444103422619,0.5176696777343749,-0.9030761718750284
48.2578125,0.7300785609654025,0.5177294921875,-0.8702392578125
48.2734375,0.73009018670945,0.51689453125,-0.86444091796875
48.2890625,0.7300585792178199,0.5171929931640623,-0.7629394531250284
48.3046875,0.7300306047712046,0.5165670776367187,-0.76898193359375
48.3203125,0.730057125999814,0.5164923095703123,-0.5990600585937784
48.3359375,0.7301032656715023,0.5156427001953123,-0.8047485351562784
48.3515625,0.7300378708612358,0.515166015625,-0.70941162109375
48.3671875,0.7300124395461309,0.5151956176757813,-0.4948120117187216
48.3828125,0.7300672985258556,0.513795166015625,-0.786865234375
48.3984375,0.7301464989071801,0.513511962890625,-0.676513671875
48.4140625,0.730057852608817,0.512930603027344,-0.8524780273436932
48.4296875,0.7300309680757069,0.51273681640625,-0.76605224609375
48.4453125,0.7299910045805431,0.512826232910156,-0.73321533203125
48.4609375,0.7301087152390253,0.51217041015625,-0.6944580078124716
48.4765625,0.7300513131277901,0.5114999389648438,-0.73321533203125
48.4921875,0.730050949823288,0.511365966796875,-0.76593017578125
48.5078125,0.7300418672107515,0.5106353759765625,-0.6319580078125
48.5234375,0.7300916399274546,0.5101736450195312,-0.66766357421875
48.5390625,0.7300553094773072,0.5099053955078126,-0.6050415039062784
48.5546875,0.7300832839239211,0.5095327758789062,-0.64080810546875
48.5703125,0.7300375075567336,0.5091302490234375,-0.7391967773437216
48.5859375,0.7300124395461309,0.5084149169921875,-0.7510986328125
48.6015625,0.7300193423316592,0.5081317138671875,-0.67364501953125
48.6171875,0.7300542195638021,0.5074612426757813,-0.78094482421875
48.6328125,0.7300985427129836,0.5073571777343748,-0.6556396484375284
48.6484375,0.7300745646158854,0.50671630859375,-0.69146728515625
48.6640625,0.7300425938197544,0.5061053466796875,-0.760009765625
48.6796875,0.7300404139927456,0.5060751342773439,-0.6915283203124716
48.6953125,0.7300324212937128,0.50544921875,-0.7362060546875
48.7109375,0.729909987676712,0.5050619506835937,-0.67059326171875
48.7265625,0.7300520397367931,0.5048086547851561,-0.6646118164062784
48.7421875,0.7301134381975454,0.5047491455078125,-0.54241943359375
48.7578125,0.7300186157226562,0.5042868041992188,-0.6140747070312216
48.7734375,0.729996090843564,0.5042868041992188,-0.48590087890625
48.7890625,0.7300287882486979,0.5038995361328125,-0.441162109375
48.8046875,0.7299859183175224,0.5040185546875,-0.4113159179687784
48.8203125,0.7300026303245908,0.5033779907226562,-0.41424560546875
48.8359375,0.730086916968936,0.5033779907226562,-0.3367919921875
48.8515625,0.7299888247535342,0.5029904174804688,-0.3636474609374716
48.8671875,0.7299713861374628,0.5024539184570312,-0.45904541015625
48.8828125,0.7300171625046503,0.502587890625,-0.33978271484375
48.8984375,0.7299757457914806,0.5014703369140624,-0.5632934570312784
48.9140625,0.7299074445452008,0.501708984375,-0.4381103515625
48.9296875,0.7299506777808786,0.5012319946289062,-0.55731201171875
48.9453125,0.7300160725911452,0.5016937255859376,-0.3368530273437216
48.9609375,0.730055672781808,0.500933837890625,-0.48883056640625
48.9765625,0.7299746558779762,0.5003524780273438,-0.5275878906249716
48.9921875,0.729965573265439,0.49999481201171875,-0.4918212890625
49.0078125,0.7299521309988832,0.5001736450195312,-0.48284912109375
49.0234375,0.7299365089053199,0.499488525390625,-0.3963623046874716
49.0390625,0.7298965454101562,0.499071044921875,-0.527587890625
49.0546875,0.7299583071754092,0.49905609130859374,-0.4351806640625
49.0703125,0.7299841017950142,0.4986239624023439,-0.61395263671875
49.0859375,0.7300059000651048,0.498355712890625,-0.515625
49.1015625,0.7299724760509666,0.4985345458984375,-0.3635864257812784
49.1171875,0.729909987676712,0.49841552734375,-0.31585693359375
49.1328125,0.7299913678850454,0.49798309326171875,-0.4381103515625
49.1484375,0.7299266996837798,0.4981024169921875,-0.2772216796875
49.1640625,0.7299292428152901,0.4974169921875,-0.330810546875
49.1796875,0.7298849196661086,0.4976107788085937,-0.2890625
49.1953125,0.7299208868117559,0.497222900390625,-0.2802124023437784
49.2109375,0.7299143473307285,0.49719329833984377,-0.23248291015625
49.2265625,0.7299532209123883,0.497506103515625,-0.2056884765625
49.2421875,0.7299913678850454,0.49711883544921875,-0.25933837890625
49.2578125,0.7300142560686383,0.49683563232421873,-0.2294921875
49.2734375,0.7299263363792783,0.49655242919921877,-0.30999755859375
49.2890625,0.7299797421409977,0.49674621582031236,-0.13415527343752842
49.3046875,0.729903084891183,0.4963885498046875,-0.24444580078125
49.3203125,0.7299372355143229,0.49658233642578126,-0.12811279296875
49.3359375,0.72998046875,0.4965228271484375,-0.13409423828125
49.3515625,0.7298849196661086,0.49600128173828123,-0.30096435546875
49.3671875,0.7299379621233258,0.49585205078125,-0.25335693359375
49.3828125,0.7299688430059523,0.49597106933593765,-0.17291259765622158
49.3984375,0.7298613048735119,0.4953155517578125,-0.24737548828125
49.4140625,0.7299855550130215,0.49546478271484373,-0.2562866210937216
49.4296875,0.7299259730747761,0.49537536621093764,-0.20263671874997158
49.4453125,0.7299277895972842,0.4953155517578125,-0.25335693359375
49.4609375,0.7299924577985492,0.495076904296875,-0.2891845703125
49.4765625,0.7299739292689739,0.4950473022460937,-0.1907958984375
49.4921875,0.730057125999814,0.49512176513671874,-0.14605712890625
49.5078125,0.73016357421875,0.4948086547851561,-0.23248291015630684
49.5234375,0.7300967261904762,0.49449584960937487,-0.16394042968752842
49.5390625,0.7300044468470975,0.49457061767578125,-0.1788330078125
49.5546875,0.7301762898763021,0.49449584960937487,-0.17590332031255684
49.5703125,0.7300484066917783,0.49413818359375,-0.2354736328125
49.5859375,0.7300672985258556,0.494346923828125,-0.14599609375
49.6015625,0.7300102597191214,0.4945556640625,-0.09832763671875
49.6171875,0.7299692063104539,0.4942425537109376,-0.17584228515622158
49.6328125,0.7301316034226191,0.493765869140625,-0.20855712890622158
49.6484375,0.7301272437686012,0.4946002197265625,0.02087402343752842
49.6640625,0.7300494966052834,0.4946002197265625,0.00592041015625
49.6796875,0.7300967261904762,0.4946002197265625,0.02087402343752842
49.6953125,0.7300385974702381,0.49476409912109376,0.12518310546875
49.7109375,0.7300992693219867,0.49470458984375,0.071533203125
49.7265625,0.7300222487676711,0.4948086547851561,0.05059814453122158
49.7421875,0.7301584879557285,0.49518127441406234,0.18774414062494316
49.7578125,0.7300887334914428,0.49561340332031234,0.3695068359374716
49.7734375,0.7300734747023809,0.49591186523437486,0.2623291015624716
49.7890625,0.7299728393554688,0.49597106933593765,0.2741699218750284
49.8046875,0.7300429571242559,0.4961053466796875,0.301025390625
49.8203125,0.7300742013113832,0.49711883544921875,0.470947265625
49.8359375,0.7300611223493311,0.49787902832031233,0.6348876953124716
49.8515625,0.730208260672433,0.49819183349609375,0.6766357421875284
49.8671875,0.7299844650995164,0.4986688232421875,0.6975097656250284
49.8828125,0.7301406860351562,0.49910064697265627,0.6974487304687784
49.8984375,0.7301475888206845,0.4995181274414064,0.7212524414063068
49.9140625,0.7300494966052834,0.5000250244140624,0.8107910156249432
49.9296875,0.7301087152390253,0.50127685546875,1.0343017578125
49.9453125,0.7301468622116809,0.5017239379882813,0.9210205078125
49.9609375,0.7301217942010789,0.5022604370117187,0.8762817382812784
49.9765625,0.7300327845982143,0.5028561401367188,0.932861328125
49.9921875,0.7301036289760044,0.5033334350585937,0.93292236328125
50.0078125,0.7300709315708706,0.5040185546875,0.98358154296875
50.0234375,0.7300611223493311,0.5049725341796875,1.0908813476562216
50.0390625,0.7300360543387276,0.5056134033203123,1.11767578125
50.0546875,0.730032057989212,0.5062841796875,1.00146484375
50.0703125,0.7300244285946801,0.5071929931640624,1.0938110351562216
50.0859375,0.7299888247535342,0.50771484375,1.09088134765625
50.1015625,0.7301021757579985,0.5085641479492188,1.1416015625
50.1171875,0.7300800141834071,0.509666748046875,1.26666259765625
50.1328125,0.7301555815197166,0.5100692749023439,1.2101440429687784
50.1484375,0.73011489141555,0.5107846069335937,1.16241455078125
50.1640625,0.7300760178338914,0.5122601318359377,1.3293457031250568
50.1796875,0.7300527663457961,0.5130496215820313,1.35308837890625
50.1953125,0.7301159813290551,0.51330322265625,1.2220458984375284
50.2109375,0.7301203409830729,0.5137503051757812,1.20709228515625
50.2265625,0.7301454089936763,0.5145550537109377,1.1981811523437784
50.2421875,0.7301003592354904,0.5153448486328125,1.1356201171875
50.2578125,0.7301316034226191,0.51559814453125,1.1057739257812216
50.2734375,0.7301719302222842,0.5164923095703123,1.1415405273437216
50.2890625,0.7301719302222842,0.5173416137695312,1.0162963867187216
50.3046875,0.7301021757579985,0.5172970581054688,0.8494873046875
50.3203125,0.7301018124534977,0.5177886962890623,0.8970947265624716
50.3359375,0.7301708403087798,0.5181463623046875,0.87921142578125
50.3515625,0.7300425938197544,0.518385009765625,0.7659912109374716
50.3671875,0.7300825573149181,0.5192941284179687,0.78985595703125
50.3828125,0.7300792875744048,0.5191748046875,0.71533203125
50.3984375,0.7300702049618676,0.5205160522460938,0.8047485351562784
50.4140625,0.7300302414667039,0.52130615234375,0.79290771484375
50.4296875,0.7301370529901414,0.5210824584960938,0.757080078125
50.4453125,0.7301337832496286,0.5219766235351561,0.83758544921875
50.4609375,0.7300683884393594,0.5228408813476563,0.93890380859375
50.4765625,0.7301403227306548,0.5220806884765625,0.7391357421875
50.4921875,0.730087643577939,0.5231240844726562,0.7659912109375
50.5078125,0.7300651186988467,0.522974853515625,0.760009765625
50.5234375,0.7300444103422619,0.5234072875976562,0.5782470703125
50.5390625,0.7300952729724702,0.5239886474609377,0.5364990234375284
50.5546875,0.7301156180245536,0.524033203125,0.59014892578125
50.5703125,0.7301374162946429,0.5242864990234375,0.4619750976562784
50.5859375,0.7300222487676711,0.5242864990234375,0.28912353515625
50.6015625,0.7300622122628349,0.5245697021484375,0.497802734375
50.6171875,0.7301464989071801,0.5249124145507813,0.357666015625
50.6328125,0.730148678734189,0.5253298950195312,0.47100830078125
50.6484375,0.7301621210007441,0.5251510620117188,0.3487548828125
50.6640625,0.7300505865187872,0.525672607421875,0.3367919921874716
50.6796875,0.7301857357933408,0.5257769775390624,0.3487548828124716
50.6953125,0.7301508585611979,0.526119384765625,0.3665771484375
50.7109375,0.7300113496326265,0.5259109497070312,0.32489013671875
50.7265625,0.7300694783528646,0.5254489135742187,0.17584228515625
50.7421875,0.7301134381975454,0.5264175415039063,0.301025390625
50.7578125,0.7300462268647694,0.52674560546875,0.28314208984375
50.7734375,0.7301159813290551,0.52647705078125,0.26519775390625
50.7890625,0.7302064441499263,0.5267007446289063,0.20562744140625
50.8046875,0.7302100771949405,0.5264175415039063,0.12811279296877842
50.8203125,0.7302057175409227,0.5261492919921875,0.0059814453125
50.8359375,0.7300818307059151,0.526611328125,0.14007568359375
50.8515625,0.7301210675920758,0.5264175415039063,0.1937255859375
50.8671875,0.7300019037155878,0.5267007446289063,0.056640625
50.8828125,0.7299775623139881,0.5267605590820312,0.00299072265625
50.8984375,0.7301021757579985,0.5269393920898438,0.09246826171875
50.9140625,0.7301955450148809,0.5270880126953124,0.07745361328122158
50.9296875,0.7301432291666666,0.5269393920898438,0.1043701171875
50.9453125,0.7299699329194569,0.527266845703125,0.2235107421875
50.9609375,0.7301573980422247,0.5270880126953124,0.09533691406247158
50.9765625,0.7301326933361235,0.5275799560546875,0.23248291015625
50.9921875,0.7301439557756689,0.527684326171875,0.19671630859375
51.0078125,0.7300662086123512,0.527401123046875,0.12811279296875
51.0234375,0.730050949823288,0.5274609375,0.10430908203125
51.0390625,0.7301751999627977,0.5276547241210937,0.11334228515627842
51.0546875,0.73016357421875,0.52790771484375,0.19366455078125
51.0703125,0.7300771077473952,0.5278033447265625,0.1072998046875
51.0859375,0.7301334199451265,0.5280123901367187,0.18487548828127842
51.1015625,0.7299989972795758,0.5277288818359377,0.02978515625002842
51.1171875,0.7302086239769345,0.528101806640625,0.08349609375
51.1328125,0.7301748366582961,0.5280270385742187,0.12518310546875
51.1484375,0.7301366896856406,0.52847412109375,0.20263671875
51.1640625,0.7301406860351562,0.5286529541015625,0.19964599609375
51.1796875,0.7301326933361235,0.5289511108398437,0.20867919921875
51.1953125,0.7301443190801711,0.5286529541015625,0.169921875
51.2109375,0.7302231561569941,0.5290853881835937,0.214599609375
51.2265625,0.7299764724004836,0.529249267578125,0.3040771484374716
51.2421875,0.7301570347377239,0.5294281005859376,0.2652587890625284
51.2578125,0.7300469534737724,0.529755859375,0.34576416015625
51.2734375,0.7300455002557664,0.5298748779296875,0.2801513671875
51.2890625,0.7301417759486607,0.5302029418945312,0.30999755859375
51.3046875,0.7301937284923735,0.5302923583984375,0.26824951171875
51.3203125,0.7302318754650298,0.5305307006835938,0.37554931640625
51.3359375,0.7301919119698668,0.5308737182617187,0.357666015625
51.3515625,0.7300774710518974,0.5310971069335938,0.36956787109375
51.3671875,0.7301650274367559,0.5314102172851561,0.39642333984369316
51.3828125,0.7301007225399926,0.5314248657226562,0.33380126953125
51.3984375,0.7300905500139508,0.531678466796875,0.3607177734375
51.4140625,0.7301592145647321,0.5317230224609376,0.3040161132812784
51.4296875,0.7300589425223214,0.5327212524414064,0.4857788085937784
51.4453125,0.7302347819010416,0.53276611328125,0.44708251953125
51.4609375,0.7301159813290551,0.53276611328125,0.37847900390625
51.4765625,0.7301010858444941,0.5332879638671875,0.43817138671875
51.4921875,0.7300371442522321,0.5338836669921875,0.4946899414062784
51.5078125,0.7301737467447916,0.5338836669921875,0.49176025390625
51.5234375,0.7302645728701643,0.53419677734375,0.503662109375
51.5390625,0.7301606677827381,0.53447998046875,0.5513916015624716
51.5546875,0.73021225702195,0.5348226928710937,0.4202880859374716
51.5703125,0.7302217029389881,0.5348226928710937,0.41131591796875
51.5859375,0.7302467709495908,0.5353445434570312,0.51568603515625
51.6015625,0.730117434547061,0.5349566650390624,0.3337402343749716
51.6171875,0.7302634829566592,0.535418701171875,0.3070068359375
51.6328125,0.7301076253255215,0.5361190795898437,0.44708251953125
51.6484375,0.7301995413643974,0.5360745239257813,0.37554931640625
51.6640625,0.7303361438569569,0.5371774291992187,0.53948974609375
51.6796875,0.7301217942010789,0.5368344116210938,0.40234375
51.6953125,0.7301704770042783,0.5370132446289062,0.4381103515625
51.7109375,0.7299880981445312,0.5372967529296875,0.39044189453125
51.7265625,0.7299931844075521,0.5371774291992187,0.4441528320312784
51.7421875,0.7299405052548357,0.53762451171875,0.441162109375
51.7578125,0.7300346011207217,0.537728576660156,0.3218994140624716
51.7734375,0.7300622122628349,0.5382650756835937,0.4381103515625
51.7890625,0.7301217942010789,0.53792236328125,0.14898681640625
51.8046875,0.7300356910342262,0.5388015747070313,0.3934326171875
51.8203125,0.7300792875744048,0.5382952880859376,0.2564086914062784
51.8359375,0.7301036289760044,0.5385037231445312,0.24139404296875
51.8515625,0.7300128028506324,0.5383099365234375,0.22650146484375
51.8671875,0.7299514043898809,0.5381610107421875,0.1072998046875
51.8828125,0.7301381429036452,0.5382650756835937,0.10729980468752842
51.8984375,0.7300088065011168,0.53819091796875,-0.01483154296875
51.9140625,0.7299673897879464,0.5375201416015625,-0.0804443359375
51.9296875,0.7299455915178571,0.5376989746093749,-0.22052001953127842
51.9453125,0.7301301502046131,0.5375799560546874,-0.14306640625002842
51.9609375,0.7299826485770096,0.5370132446289062,-0.298095703125
51.9765625,0.7299880981445312,0.5371774291992187,-0.22650146484375
51.9921875,0.7299728393554688,0.5365661621093749,-0.3189697265625284
52.0078125,0.7299630301339286,0.5357763671875,-0.49774169921875
52.0234375,0.7299971807570691,0.5357022094726562,-0.49774169921875
52.0390625,0.7300360543387276,0.5358660888671875,-0.330810546875
52.0546875,0.7299989972795758,0.5350762939453123,-0.5245361328125
52.0703125,0.7299862816220238,0.5350164794921874,-0.5126953125
52.0859375,0.7301050821940104,0.5348226928710937,-0.4381103515625
52.1015625,0.7299346923828118,0.5351507568359376,-0.4053344726562216
52.1171875,0.7301254272460938,0.53447998046875,-0.4172363281249716
52.1328125,0.7299474080403646,0.5337646484375,-0.40234375
52.1484375,0.7300916399274546,0.5340625,-0.32794189453125
52.1640625,0.7300890967959449,0.533690185546875,-0.4351806640625
52.1796875,0.7299455915178571,0.533690185546875,-0.2772216796874716
52.1953125,0.730057852608817,0.5327362060546875,-0.4560546875
52.2109375,0.7300574893043155,0.5324832153320312,-0.4678955078125
52.2265625,0.7300091698056176,0.5323043823242187,-0.5692749023437784
52.2421875,0.7301519484747023,0.5318719482421875,-0.5216064453125
52.2578125,0.7300611223493311,0.5317230224609376,-0.4083251953124716
52.2734375,0.7300407772972477,0.5314102172851561,-0.5304565429687784
52.2890625,0.7300643920898438,0.53103759765625,-0.530517578125
52.3046875,0.7300803774879092,0.53060546875,-0.616943359375
52.3203125,0.7299314226422992,0.5303518676757812,-0.47686767578125
52.3359375,0.7300226120721727,0.529830322265625,-0.53057861328125
52.3515625,0.7301370529901414,0.52947265625,-0.56634521484375
52.3671875,0.7300843738374263,0.529249267578125,-0.5245361328125
52.3828125,0.7301639375232515,0.5282952880859376,-0.685546875
52.3984375,0.7301083519345238,0.52845947265625,-0.5901489257812216
52.4140625,0.7300244285946801,0.5276547241210937,-0.67657470703125
52.4296875,0.7300040835425967,0.5276547241210937,-0.59014892578125
52.4453125,0.7300291515532,0.5271774291992187,-0.6348876953125
52.4609375,0.7301018124534977,0.5270880126953124,-0.5484619140625284
52.4765625,0.7300527663457961,0.5262387084960938,-0.64678955078125
52.4921875,0.7300062633696056,0.5258663940429688,-0.67657470703125
52.5078125,0.7301134381975454,0.5257321166992187,-0.5126342773437784
52.5234375,0.7301323300316214,0.5251208496093749,-0.6677246093750284
52.5390625,0.7301406860351562,0.5249124145507813,-0.5484619140625
52.5546875,0.7300505865187872,0.52418212890625,-0.69451904296875
52.5703125,0.7299659365699405,0.5240631103515625,-0.62286376953125
52.5859375,0.7300360543387276,0.5234817504882813,-0.7212524414062216
52.6015625,0.7300851004464286,0.52303466796875,-0.64080810546875
52.6171875,0.7301435924711681,0.5227066040039062,-0.6319580078125
52.6328125,0.7300727480933786,0.521529541015625,-0.84051513671875
52.6484375,0.7300538562593,0.52173828125,-0.6765136718749716
52.6640625,0.730057125999814,0.5212612915039062,-0.730224609375
52.6796875,0.7300567626953118,0.5208441162109376,-0.6676025390624716
52.6953125,0.7299445016043526,0.5205755615234375,-0.697509765625
52.7109375,0.7300636654808408,0.5198007202148438,-0.7362060546875
52.7265625,0.7299673897879464,0.5199795532226562,-0.61102294921875
52.7421875,0.7301018124534977,0.5188616943359377,-0.7689819335937216
52.7578125,0.7300324212937128,0.5188470458984376,-0.5364990234375
52.7734375,0.7300393240792404,0.5183404541015625,-0.6795654296875
52.7890625,0.7300567626953118,0.5179977416992188,-0.6527099609375
52.8046875,0.7300040835425967,0.5176251220703123,-0.6437988281250568
52.8203125,0.7300371442522321,0.51760986328125,-0.5931396484375
52.8359375,0.7300157092866444,0.5173565673828125,-0.48883056640625
52.8515625,0.730010986328125,0.5172225952148437,-0.5513916015625
52.8671875,0.7300567626953118,0.5165966796875,-0.4530029296875284
52.8828125,0.7300429571242559,0.5161199951171875,-0.54541015625
52.8984375,0.7301370529901414,0.5156427001953123,-0.5395507812500284
52.9140625,0.7300124395461309,0.5153448486328125,-0.53057861328125
52.9296875,0.7300404139927456,0.51474853515625,-0.5753173828124716
52.9453125,0.7300240652901786,0.5143612670898438,-0.64971923828125
52.9609375,0.73009018670945,0.5141824340820312,-0.63482666015625
52.9765625,0.7300186157226562,0.5135565185546875,-0.73321533203125
52.9921875,0.7301243373325893,0.5134222412109376,-0.6348876953124716
53.0078125,0.7300022670200893,0.5131243896484375,-0.59912109375
53.0234375,0.7301170712425595,0.5127667236328125,-0.5751953124999716
53.0390625,0.7300462268647694,0.5124685668945312,-0.57525634765625
53.0546875,0.7299942743210572,0.5120068359375,-0.54833984375
53.0703125,0.7300157092866444,0.5119174194335937,-0.48876953125
53.0859375,0.7299957275390618,0.5117532348632813,-0.48583984375
53.1015625,0.7300545828683036,0.5110379028320312,-0.50372314453125
53.1171875,0.7300178891136533,0.51129150390625,-0.4261474609375284
53.1328125,0.7300044468470975,0.5105609130859377,-0.5126953124999716
53.1484375,0.7300938197544643,0.5106353759765625,-0.42626953125
53.1640625,0.7299753824869785,0.5099798583984375,-0.49774169921875
53.1796875,0.7300843738374263,0.5100692749023439,-0.3875122070312216
53.1953125,0.7300970894949776,0.5097412109375,-0.43524169921875
53.2109375,0.7299790155319941,0.5092794799804687,-0.4947509765625
53.2265625,0.7300589425223214,0.5084149169921875,-0.52459716796875
53.2421875,0.7300702049618676,0.5085641479492188,-0.54547119140625
53.2578125,0.7299597603934151,0.5081317138671875,-0.4858398437500284
53.2734375,0.7300916399274546,0.5079830932617188,-0.53045654296875
53.2890625,0.7301392328171503,0.5072079467773439,-0.5543823242187216
53.3046875,0.7299379621233258,0.5072528076171875,-0.5632934570312784
53.3203125,0.7300404139927456,0.5070889282226563,-0.53045654296875
53.3359375,0.7299979073660714,0.5070889282226563,-0.4381103515625
53.3515625,0.7299979073660714,0.5070889282226563,-0.26519775390625
53.3671875,0.7300302414667039,0.506641845703125,-0.38446044921875
53.3828125,0.7300342378162202,0.5063735961914064,-0.3516235351562216
53.3984375,0.730025881812686,0.5061053466796875,-0.37554931640625
53.4140625,0.7300367809477306,0.5056878662109376,-0.30401611328125
53.4296875,0.7300338745117188,0.50544921875,-0.3607177734375
53.4453125,0.7300440470377604,0.5051959228515625,-0.37860107421875
53.4609375,0.7299891880580357,0.5053152465820312,-0.354736328125
53.4765625,0.7300128028506324,0.5049725341796875,-0.42327880859375
53.4921875,0.7300218854631689,0.5047042846679688,-0.38751220703125
53.5078125,0.730032057989212,0.5044958496093749,-0.37554931640630684
53.5234375,0.730072021484375,0.5038397216796875,-0.453125
53.5390625,0.7300178891136533,0.5038101196289062,-0.3755493164062784
53.5546875,0.7299593970889143,0.5032440185546875,-0.4410400390625
53.5703125,0.729949951171875,0.5031991577148438,-0.39935302734375
53.5859375,0.7299891880580357,0.502647705078125,-0.53350830078125
53.6015625,0.7300422305152523,0.502647705078125,-0.4649658203125
53.6171875,0.7299695696149546,0.5022454833984376,-0.49176025390625
53.6328125,0.7299957275390618,0.50185791015625,-0.5275878906249716
53.6484375,0.7300622122628349,0.502066650390625,-0.3546142578125
53.6640625,0.7300691150483631,0.5018280029296875,-0.39642333984375
53.6796875,0.729971022832962,0.5016192626953123,-0.3249511718750284
53.6953125,0.7300146193731406,0.5013513183593749,-0.3695678710937784
53.7109375,0.7299557640438988,0.5016937255859376,-0.19079589843747158
53.7265625,0.7300237019856771,0.5009637451171876,-0.3367919921875
53.7421875,0.7299572172619048,0.5006207275390624,-0.3249511718750284
53.7578125,0.7299445016043526,0.5009637451171876,-0.1788330078125
53.7734375,0.7299931844075521,0.5005462646484375,-0.3040771484375
53.7890625,0.7300044468470975,0.5002484130859376,-0.3159179687499716
53.8046875,0.7299815586635044,0.5002334594726563,-0.2771606445312216
53.8203125,0.7300393240792404,0.4999356079101561,-0.28314208984375
53.8359375,0.7299546741303944,0.4999356079101561,-0.35162353515630684
53.8515625,0.7300309680757069,0.4994287109375,-0.3070068359375
53.8671875,0.72996811639695,0.499071044921875,-0.3099365234374716
53.8828125,0.7299841017950142,0.49910064697265627,-0.37261962890625
53.8984375,0.7300244285946801,0.49892181396484375,-0.32489013671875
53.9140625,0.7300905500139508,0.49945831298828125,-0.15802001953127842
53.9296875,0.7299873715355283,0.4986837768554688,-0.3099365234375
53.9453125,0.7299379621233258,0.49856414794921877,-0.2742919921874716
53.9609375,0.7299724760509666,0.49884765625,-0.21759033203122158
53.9765625,0.7300095331101191,0.4983407592773439,-0.21759033203122158
53.9921875,0.7299292428152901,0.49798309326171875,-0.21759033203125
54.0078125,0.7300069899786086,0.4983407592773439,-0.15197753906247158
54.0234375,0.7299506777808786,0.49772979736328127,-0.2384033203125
54.0390625,0.7300022670200893,0.4976849365234375,-0.35467529296875
54.0546875,0.7300705682663691,0.49699951171875,-0.33685302734375
54.0703125,0.7299216134207596,0.49758056640625,-0.19671630859375
54.0859375,0.7300004504975819,0.4970440673828125,-0.3607177734375
54.1015625,0.7299481346493676,0.49658233642578126,-0.3516845703125284
54.1171875,0.7299841017950142,0.4969400024414064,-0.20861816406247158
54.1328125,0.7299895513625372,0.49613525390625,-0.4411010742187784
54.1484375,0.7299405052548357,0.49619476318359373,-0.3070068359375
54.1640625,0.729934329078311,0.49582244873046877,-0.37249755859375
54.1796875,0.7299902779715401,0.49613525390625,-0.1728515625
54.1953125,0.7300128028506324,0.4959414672851561,-0.3278198242187784
54.2109375,0.7300422305152523,0.495926513671875,-0.2235107421875
54.2265625,0.7300095331101191,0.4959414672851561,-0.12817382812502842
54.2421875,0.7299841017950142,0.495926513671875,-0.20269775390627842
