# Time (seconds),f0
0.0078125,21.9847412109375
0.0234375,21.962753295898438
0.0390625,21.983245849609375
0.0546875,21.983245849609375
0.0703125,21.973190307617188
0.0859375,21.973190307617188
0.1015625,21.989959716796875
0.1171875,21.982872009277344
0.1328125,21.989959716796875
0.1484375,21.985862731933594
0.1640625,21.983245849609375
0.1796875,21.9847412109375
0.1953125,21.98175811767578
0.2109375,22.004486083984375
0.2265625,21.990699768066406
0.2421875,21.990699768066406
0.2578125,22.000389099121094
0.2734375,22.001129150390625
0.2890625,21.994049072265625
0.3046875,22.016403198242188
0.3203125,22.013427734375
0.3359375,22.010452270507812
0.3515625,22.0059814453125
0.3671875,22.01715850830078
0.3828125,22.011932373046875
0.3984375,22.010818481445312
0.4140625,22.013427734375
0.4296875,22.019012451171875
0.4453125,22.01715850830078
0.4609375,22.019012451171875
0.4765625,22.014541625976562
0.4921875,22.016403198242188
0.5078125,22.029449462890625
0.5234375,22.019012451171875
0.5390625,22.030197143554688
0.5546875,22.021995544433594
0.5703125,22.021629333496094
0.5859375,22.01715850830078
0.6015625,22.028701782226562
0.6171875,22.029449462890625
0.6328125,22.029449462890625
0.6484375,22.033920288085938
0.6640625,22.033172607421875
0.6796875,22.039512634277344
0.6953125,22.033920288085938
0.7109375,22.033920288085938
0.7265625,22.02386474609375
0.7421875,22.039512634277344
0.7578125,22.025726318359375
0.7734375,22.039512634277344
0.7890625,22.030197143554688
0.8046875,22.04546356201172
0.8203125,22.02386474609375
0.8359375,22.039512634277344
0.8515625,22.039512634277344
0.8671875,22.039512634277344
0.8828125,22.039512634277344
0.8984375,22.037277221679688
0.9140625,22.028335571289062
0.9296875,22.028335571289062
0.9453125,22.039512634277344
0.9609375,22.032424926757812
0.9765625,22.0491943359375
0.9921875,22.041748046875
1.0078125,22.03801727294922
1.0234375,22.032424926757812
1.0390625,22.039878845214844
1.0546875,22.039512634277344
1.0703125,22.032424926757812
1.0859375,22.051429748535156
1.1015625,22.06633758544922
1.1171875,22.0491943359375
1.1328125,22.0491943359375
1.1484375,22.04509735107422
1.1640625,22.039512634277344
1.1796875,22.0491943359375
1.1953125,22.03504180908203
1.2109375,22.039878845214844
1.2265625,22.040252685546875
1.2421875,22.05329132080078
1.2578125,22.04546356201172
1.2734375,22.0491943359375
1.2890625,22.041366577148438
1.3046875,22.05329132080078
1.3203125,22.050689697265625
1.3359375,22.033920288085938
1.3515625,22.036895751953125
1.3671875,22.039512634277344
1.3828125,22.039512634277344
1.3984375,22.055160522460938
1.4140625,22.039512634277344
1.4296875,22.039512634277344
1.4453125,22.05292510986328
1.4609375,22.041366577148438
1.4765625,22.057022094726562
1.4921875,22.05999755859375
1.5078125,22.0562744140625
1.5234375,22.057022094726562
1.5390625,22.03839111328125
1.5546875,22.051803588867188
1.5703125,22.056640625
1.5859375,22.060745239257812
1.6015625,22.039512634277344
1.6171875,22.062232971191406
1.6328125,22.051429748535156
1.6484375,22.041366577148438
1.6640625,22.057022094726562
1.6796875,22.061111450195312
1.6953125,22.068572998046875
1.7109375,22.071922302246094
1.7265625,22.079750061035156
1.7421875,22.07825469970703
1.7578125,22.07825469970703
1.7734375,22.08086395263672
1.7890625,22.091293334960938
1.8046875,22.101730346679688
1.8203125,22.111412048339844
1.8359375,22.117752075195312
1.8515625,22.128173828125
1.8671875,22.133766174316406
1.8828125,22.13823699951172
1.8984375,22.144943237304688
1.9140625,22.164321899414062
1.9296875,22.180343627929688
1.9453125,22.205299377441406
1.9609375,22.22467041015625
1.9765625,22.250381469726562
1.9921875,22.273109436035156
2.0078125,22.2850341796875
2.0234375,22.304031372070312
2.0390625,22.315948486328125
2.0546875,22.341293334960938
2.0703125,22.35991668701172
2.0859375,22.38823699951172
2.1015625,22.414688110351562
2.1171875,22.455299377441406
2.1328125,22.472427368164062
2.1484375,22.494041442871094
2.1640625,22.509689331054688
2.1796875,22.555511474609375
2.1953125,22.57190704345703
2.2109375,22.61028289794922
2.2265625,22.65052032470703
2.2421875,22.67101287841797
2.2578125,22.71758270263672
2.2734375,22.731735229492188
2.2890625,22.76490020751953
2.3046875,22.795448303222656
2.3203125,22.820037841796875
2.3359375,22.856178283691406
2.3515625,22.873321533203125
2.3671875,22.90721893310547
2.3828125,22.93926239013672
2.3984375,22.96050262451172
2.4140625,22.99738311767578
2.4296875,23.02606964111328
2.4453125,23.055870056152344
2.4609375,23.07562255859375
2.4765625,23.106544494628906
2.4921875,23.144546508789062
2.5078125,23.169876098632812
2.5234375,23.202667236328125
2.5390625,23.213104248046875
2.5546875,23.248489379882812
2.5703125,23.27196502685547
2.5859375,23.2935791015625
2.6015625,23.2935791015625
2.6171875,23.2935791015625
2.6328125,23.35094451904297
2.6484375,23.357284545898438
2.6640625,23.38634490966797
2.6796875,23.41205596923828
2.6953125,23.431053161621094
2.7109375,23.45824432373047
2.7265625,23.486190795898438
2.7421875,23.50444793701172
2.7578125,23.539474487304688
2.7734375,23.567413330078125
2.7890625,23.574119567871094
2.8046875,23.594985961914062
2.8203125,23.6016845703125
2.8359375,23.632606506347656
2.8515625,23.649749755859375
2.8671875,23.678436279296875
2.8828125,23.706008911132812
2.8984375,23.71234130859375
2.9140625,23.738426208496094
2.9296875,23.745132446289062
2.9453125,23.7872314453125
2.9609375,23.78461456298828
2.9765625,23.821502685546875
2.9921875,23.834915161132812
3.0078125,23.849441528320312
3.0234375,23.876266479492188
3.0390625,23.89527130126953
3.0546875,23.910171508789062
3.0703125,23.917259216308594
3.0859375,23.932151794433594
3.1015625,23.95526123046875
3.1171875,23.98468780517578
3.1328125,24.00220489501953
3.1484375,24.00518035888672
3.1640625,24.03797149658203
3.1796875,24.056968688964844
3.1953125,24.060325622558594
3.2109375,24.079689025878906
3.2265625,24.08379364013672
3.2421875,24.096092224121094
3.2578125,24.12030029296875
3.2734375,24.13483428955078
3.2890625,24.147125244140625
3.3046875,24.150482177734375
3.3203125,24.156448364257812
3.3359375,24.164268493652344
3.3515625,24.185134887695312
3.3671875,24.193695068359375
3.3828125,24.19593048095703
3.3984375,24.21344757080078
3.4140625,24.215682983398438
3.4296875,24.219039916992188
3.4453125,24.22722625732422
3.4609375,24.22722625732422
3.4765625,24.22722625732422
3.4921875,24.24958038330078
3.5078125,24.261878967285156
3.5234375,24.272308349609375
3.5390625,24.268959045410156
3.5546875,24.283111572265625
3.5703125,24.289817810058594
3.5859375,24.29131317138672
3.6015625,24.303604125976562
3.6171875,24.310691833496094
3.6328125,24.305465698242188
3.6484375,24.312545776367188
3.6640625,24.29875946044922
3.6796875,24.30175018310547
3.6953125,24.312545776367188
3.7109375,24.2950439453125
3.7265625,24.30323028564453
3.7421875,24.310691833496094
3.7578125,24.296157836914062
3.7734375,24.292434692382812
3.7890625,24.286468505859375
3.8046875,24.275665283203125
3.8203125,24.272689819335938
3.8359375,24.261878967285156
3.8515625,24.249954223632812
3.8671875,24.240638732910156
3.8828125,24.246231079101562
3.8984375,24.223129272460938
3.9140625,24.20934295654297
3.9296875,24.20189666748047
3.9453125,24.187362670898438
3.9609375,24.18401336669922
3.9765625,24.1739501953125
3.9921875,24.146385192871094
4.0078125,24.131103515625
4.0234375,24.122543334960938
4.0390625,24.109130859375
4.0546875,24.100563049316406
4.0703125,24.0804443359375
4.0859375,24.068893432617188
4.1015625,24.05249786376953
4.1171875,24.043556213378906
4.1328125,24.016357421875
4.1484375,24.004440307617188
4.1640625,23.98133087158203
4.1796875,23.992889404296875
4.1953125,23.985061645507812
4.2109375,23.96270751953125
4.2265625,23.943328857421875
4.2421875,23.920974731445312
4.2578125,23.924331665039062
4.2734375,23.910171508789062
4.2890625,23.903091430664062
4.3046875,23.900489807128906
4.3203125,23.881118774414062
4.3359375,23.881118774414062
4.3515625,23.875152587890625
4.3671875,23.852798461914062
4.3828125,23.846092224121094
4.3984375,23.8375244140625
4.4140625,23.82634735107422
4.4296875,23.8162841796875
4.4453125,23.800643920898438
4.4609375,23.796546936035156
4.4765625,23.7872314453125
4.4921875,23.773818969726562
4.5078125,23.768226623535156
4.5234375,23.768226623535156
4.5390625,23.746246337890625
4.5546875,23.728729248046875
4.5703125,23.722023010253906
4.5859375,23.72351837158203
4.6015625,23.714950561523438
4.6171875,23.703025817871094
4.6328125,23.69110107421875
4.6484375,23.67694854736328
4.6640625,23.685890197753906
4.6796875,23.670989990234375
4.6953125,23.665771484375
4.7109375,23.646774291992188
4.7265625,23.631866455078125
4.7421875,23.62329864501953
4.7578125,23.613609313964844
4.7734375,23.614723205566406
4.7890625,23.60504150390625
4.8046875,23.590133666992188
4.8203125,23.584548950195312
4.8359375,23.58045196533203
4.8515625,23.581192016601562
4.8671875,23.563308715820312
4.8828125,23.559219360351562
4.8984375,23.55065155029297
4.9140625,23.545806884765625
4.9296875,23.55548858642578
4.9453125,23.523452758789062
4.9609375,23.517486572265625
4.9765625,23.505943298339844
4.9921875,23.495880126953125
5.0078125,23.49774169921875
5.0234375,23.489173889160156
5.0390625,23.478744506835938
5.0546875,23.474273681640625
5.0703125,23.467941284179688
5.0859375,23.460479736328125
5.1015625,23.455642700195312
5.1171875,23.45079803466797
5.1328125,23.45824432373047
5.1484375,23.43999481201172
5.1640625,23.439247131347656
5.1796875,23.423973083496094
5.1953125,23.423973083496094
5.2109375,23.41912841796875
5.2265625,23.420623779296875
5.2421875,23.406463623046875
5.2578125,23.40906524658203
5.2734375,23.402740478515625
5.2890625,23.395652770996094
5.3046875,23.395286560058594
5.3203125,23.385971069335938
5.3359375,23.3800048828125
5.3515625,23.382614135742188
5.3671875,23.35057830810547
5.3828125,23.370323181152344
5.3984375,23.345359802246094
5.4140625,23.331207275390625
5.4296875,23.335678100585938
5.4453125,23.3297119140625
5.4609375,23.32300567626953
5.4765625,23.320022583007812
5.4921875,23.312942504882812
5.5078125,23.313323974609375
5.5234375,23.31517791748047
5.5390625,23.309967041015625
5.5546875,23.302886962890625
5.5703125,23.289108276367188
5.5859375,23.285751342773438
5.6015625,23.285751342773438
5.6171875,23.28314208984375
5.6328125,23.273826599121094
5.6484375,23.27643585205078
5.6640625,23.28240203857422
5.6796875,23.256690979003906
5.6953125,23.264144897460938
5.7109375,23.259292602539062
5.7265625,23.249984741210938
5.7421875,23.24029541015625
5.7578125,23.24066925048828
5.7734375,23.245513916015625
5.7890625,23.220550537109375
5.8046875,23.22875213623047
5.8203125,23.21868896484375
5.8359375,23.21533966064453
5.8515625,23.222412109375
5.8671875,23.208251953125
5.8828125,23.20787811279297
5.8984375,23.203407287597656
5.9140625,23.195220947265625
5.9296875,23.198936462402344
5.9453125,23.192230224609375
5.9609375,23.174346923828125
5.9765625,23.185523986816406
5.9921875,23.188140869140625
6.0078125,23.18292236328125
6.0234375,23.17621612548828
6.0390625,23.173980712890625
6.0546875,23.173980712890625
6.0703125,23.17621612548828
6.0859375,23.156845092773438
6.1015625,23.164291381835938
6.1171875,23.1650390625
6.1328125,23.16131591796875
6.1484375,23.150131225585938
6.1640625,23.141571044921875
6.1796875,23.138214111328125
6.1953125,23.138214111328125
6.2109375,23.138214111328125
6.2265625,23.117721557617188
6.2421875,23.1292724609375
6.2578125,23.127777099609375
6.2734375,23.124053955078125
6.2890625,23.12256622314453
6.3046875,23.119583129882812
6.3203125,23.11175537109375
6.3359375,23.10393524169922
6.3515625,23.10393524169922
6.3671875,23.117721557617188
6.3828125,23.099098205566406
6.3984375,23.10803985595703
6.4140625,23.099838256835938
6.4296875,23.101699829101562
6.4453125,23.091636657714844
6.4609375,23.0938720703125
6.4765625,23.091636657714844
6.4921875,23.07562255859375
6.5078125,23.094253540039062
6.5234375,23.08568572998047
6.5390625,23.078224182128906
6.5546875,23.08306884765625
6.5703125,23.074127197265625
6.5859375,23.073387145996094
6.6015625,23.06444549560547
6.6171875,23.06816864013672
6.6328125,23.067047119140625
6.6484375,23.053634643554688
6.6640625,23.059226989746094
6.6796875,23.04692840576172
6.6953125,23.053634643554688
6.7109375,23.03948211669922
6.7265625,23.037620544433594
6.7421875,23.04730224609375
6.7578125,23.049163818359375
6.7734375,23.0435791015625
6.7890625,23.035751342773438
6.8046875,23.0361328125
6.8203125,23.0361328125
6.8359375,23.023460388183594
6.8515625,23.03985595703125
6.8671875,23.024208068847656
6.8828125,23.02569580078125
6.8984375,23.023834228515625
6.9140625,23.023834228515625
6.9296875,23.0361328125
6.9453125,23.03650665283203
6.9609375,23.02606964111328
6.9765625,23.03240203857422
6.9921875,23.03240203857422
7.0078125,23.0361328125
7.0234375,23.037986755371094
7.0390625,23.0361328125
7.0546875,23.037620544433594
7.0703125,23.059226989746094
7.0859375,23.060714721679688
7.1015625,23.06891632080078
7.1171875,23.083816528320312
7.1328125,23.080841064453125
7.1484375,23.098724365234375
7.1640625,23.11101531982422
7.1796875,23.123306274414062
7.1953125,23.14044952392578
7.2109375,23.160934448242188
7.2265625,23.1724853515625
7.2421875,23.198570251464844
7.2578125,23.213104248046875
7.2734375,23.239173889160156
7.2890625,23.262649536132812
7.3046875,23.27904510498047
7.3203125,23.31481170654297
7.3359375,23.3297119140625
7.3515625,23.35430145263672
7.3671875,23.366973876953125
7.3828125,23.39044189453125
7.3984375,23.41876220703125
7.4140625,23.44483184814453
7.4296875,23.467941284179688
7.4453125,23.50891876220703
7.4609375,23.538352966308594
7.4765625,23.554367065429688
7.4921875,23.584922790527344
7.5078125,23.598709106445312
7.5234375,23.63336181640625
7.5390625,23.65869140625
7.5546875,23.68402099609375
7.5703125,23.700424194335938
7.5859375,23.732833862304688
7.6015625,23.74773406982422
7.6171875,23.774932861328125
7.6328125,23.806228637695312
7.6484375,23.81256103515625
7.6640625,23.847579956054688
7.6796875,23.875526428222656
7.6953125,23.893783569335938
7.7109375,23.915390014648438
7.7265625,23.938491821289062
7.7421875,23.972763061523438
7.7578125,23.977615356445312
7.7734375,23.977615356445312
7.7890625,23.977615356445312
7.8046875,24.029029846191406
7.8203125,24.068511962890625
7.8359375,24.072982788085938
7.8515625,24.10167694091797
7.8671875,24.12701416015625
7.8828125,24.147872924804688
7.8984375,24.175811767578125
7.9140625,24.193328857421875
7.9296875,24.2235107421875
7.9453125,24.246231079101562
7.9609375,24.27045440673828
7.9765625,24.26299285888672
7.9921875,24.310691833496094
8.0078125,24.333045959472656
8.0234375,24.357254028320312
8.0390625,24.383705139160156
8.0546875,24.386695861816406
8.0703125,24.42394256591797
8.0859375,24.437728881835938
8.1015625,24.455612182617188
8.1171875,24.491378784179688
8.1328125,24.50293731689453
8.1484375,24.53087615966797
8.1640625,24.551742553710938
8.1796875,24.559188842773438
8.1953125,24.577072143554688
8.2109375,24.60650634765625
8.2265625,24.62401580810547
8.2421875,24.66053009033203
8.2578125,24.671707153320312
8.2734375,24.683624267578125
8.2890625,24.71007537841797
8.3046875,24.710830688476562
8.3203125,24.720138549804688
8.3359375,24.740631103515625
8.3515625,24.776023864746094
8.3671875,24.788314819335938
8.3828125,24.805831909179688
8.3984375,24.818130493164062
8.4140625,24.85016632080078
8.4296875,24.859848022460938
8.4453125,24.869911193847656
8.4609375,24.90381622314453
8.4765625,24.915733337402344
8.4921875,24.934738159179688
8.5078125,24.93511199951172
8.5234375,24.941818237304688
8.5390625,24.96044158935547
8.5546875,24.98541259765625
8.5703125,24.984291076660156
8.5859375,25.001052856445312
8.6015625,25.011856079101562
8.6171875,25.012237548828125
8.6328125,25.04241180419922
8.6484375,25.04241180419922
8.6640625,25.048377990722656
8.6796875,25.070358276367188
8.6953125,25.084510803222656
8.7109375,25.0968017578125
8.7265625,25.0968017578125
8.7421875,25.109474182128906
8.7578125,25.115806579589844
8.7734375,25.12921905517578
8.7890625,25.144500732421875
8.8046875,25.148590087890625
8.8203125,25.144500732421875
8.8359375,25.153060913085938
8.8515625,25.177658081054688
8.8671875,25.17951202392578
8.8828125,25.176536560058594
8.8984375,25.198516845703125
8.9140625,25.206336975097656
8.9296875,25.208953857421875
8.9453125,25.226089477539062
8.9609375,25.231307983398438
8.9765625,25.23204803466797
8.9921875,25.226455688476562
9.0078125,25.248443603515625
9.0234375,25.251800537109375
9.0390625,25.255149841308594
9.0546875,25.255516052246094
9.0703125,25.256637573242188
9.0859375,25.25440216064453
9.1015625,25.253662109375
9.1171875,25.260360717773438
9.1328125,25.270050048828125
9.1484375,25.270050048828125
9.1640625,25.261856079101562
9.1796875,25.25738525390625
9.1953125,25.26744842529297
9.2109375,25.262977600097656
9.2265625,25.25738525390625
9.2421875,25.255516052246094
9.2578125,25.2611083984375
9.2734375,25.255516052246094
9.2890625,25.2469482421875
9.3046875,25.235031127929688
9.3203125,25.241737365722656
9.3359375,25.22832489013672
9.3515625,25.21826934814453
9.3671875,25.21379852294922
9.3828125,25.2037353515625
9.3984375,25.205223083496094
9.4140625,25.188827514648438
9.4296875,25.194419860839844
9.4453125,25.173187255859375
9.4609375,25.177658081054688
9.4765625,25.162750244140625
9.4921875,25.130332946777344
9.5078125,25.148216247558594
9.5234375,25.134063720703125
9.5390625,25.134063720703125
9.5546875,25.127357482910156
9.5703125,25.109848022460938
9.5859375,25.105003356933594
9.6015625,25.092330932617188
9.6171875,25.077804565429688
9.6328125,25.070358276367188
9.6484375,25.05768585205078
9.6640625,25.045387268066406
9.6796875,25.033096313476562
9.6953125,25.02862548828125
9.7109375,25.015960693359375
9.7265625,25.0103759765625
9.7421875,24.989501953125
9.7578125,24.9820556640625
9.7734375,24.965286254882812
9.7890625,24.954856872558594
9.8046875,24.951133728027344
9.8203125,24.926170349121094
9.8359375,24.929901123046875
9.8515625,24.912384033203125
9.8671875,24.900466918945312
9.8828125,24.884071350097656
9.8984375,24.879600524902344
9.9140625,24.879600524902344
9.9296875,24.863204956054688
9.9453125,24.857986450195312
9.9609375,24.847557067871094
9.9765625,24.833778381347656
9.9921875,24.815139770507812
10.0078125,24.815139770507812
10.0234375,24.800987243652344
10.0390625,24.786834716796875
10.0546875,24.770065307617188
10.0703125,24.765220642089844
10.0859375,24.760009765625
10.1015625,24.739517211914062
10.1171875,24.719772338867188
10.1328125,24.7171630859375
10.1484375,24.697784423828125
10.1640625,24.708595275878906
10.1796875,24.693313598632812
10.1953125,24.68474578857422
10.2109375,24.675430297851562
10.2265625,24.667236328125
10.2421875,24.648239135742188
10.2578125,24.633331298828125
10.2734375,24.62103271484375
10.2890625,24.61358642578125
10.3046875,24.59980010986328
10.3203125,24.58154296875
10.3359375,24.587509155273438
10.3515625,24.57036590576172
10.3671875,24.575584411621094
10.3828125,24.564773559570312
10.3984375,24.558067321777344
10.4140625,24.558067321777344
10.4296875,24.5528564453125
10.4453125,24.549880981445312
10.4609375,24.532737731933594
10.4765625,24.536468505859375
10.4921875,24.526771545410156
10.5078125,24.523056030273438
10.5234375,24.507034301757812
10.5390625,24.500320434570312
10.5546875,24.496971130371094
10.5703125,24.491378784179688
10.5859375,24.483184814453125
10.6015625,24.471641540527344
10.6171875,24.464935302734375
10.6328125,24.473121643066406
10.6484375,24.454498291015625
10.6640625,24.46381378173828
10.6796875,24.44593048095703
10.6953125,24.435874938964844
10.7109375,24.41649627685547
10.7265625,24.42022705078125
10.7421875,24.412025451660156
10.7578125,24.4027099609375
10.7734375,24.400474548339844
10.7890625,24.382225036621094
10.8046875,24.396751403808594
10.8203125,24.3740234375
10.8359375,24.375885009765625
10.8515625,24.368812561035156
10.8671875,24.37328338623047
10.8828125,24.357635498046875
10.8984375,24.362472534179688
10.9140625,24.361351013183594
10.9296875,24.353530883789062
10.9453125,24.34161376953125
10.9609375,24.332290649414062
10.9765625,24.33788299560547
10.9921875,24.333045959472656
11.0078125,24.325958251953125
11.0234375,24.308074951171875
11.0390625,24.307701110839844
11.0546875,24.30323028564453
11.0703125,24.307701110839844
11.0859375,24.286468505859375
11.1015625,24.290573120117188
11.1171875,24.28386688232422
11.1328125,24.286468505859375
11.1484375,24.289451599121094
11.1640625,24.28386688232422
11.1796875,24.282371520996094
11.1953125,24.272689819335938
11.2109375,24.261138916015625
11.2265625,24.264488220214844
11.2421875,24.24958038330078
11.2578125,24.25628662109375
11.2734375,24.25628662109375
11.2890625,24.25628662109375
11.3046875,24.246231079101562
11.3203125,24.24884033203125
11.3359375,24.23169708251953
11.3515625,24.239158630371094
11.3671875,24.246231079101562
11.3828125,24.226486206054688
11.3984375,24.223129272460938
11.4140625,24.22722625732422
11.4296875,24.220901489257812
11.4453125,24.21381378173828
11.4609375,24.204872131347656
11.4765625,24.20934295654297
11.4921875,24.20189666748047
11.5078125,24.203758239746094
11.5234375,24.200035095214844
11.5390625,24.200035095214844
11.5546875,24.186248779296875
11.5703125,24.189605712890625
11.5859375,24.18401336669922
11.6015625,24.175811767578125
11.6171875,24.164634704589844
11.6328125,24.17022705078125
11.6484375,24.157562255859375
11.6640625,24.15271759033203
11.6796875,24.175811767578125
11.6953125,24.15904998779297
11.7109375,24.150482177734375
11.7265625,24.162399291992188
11.7421875,24.14824676513672
11.7578125,24.136329650878906
11.7734375,24.14080047607422
11.7890625,24.135955810546875
11.8046875,24.143402099609375
11.8203125,24.128501892089844
11.8359375,24.132972717285156
11.8515625,24.1236572265625
11.8671875,24.121047973632812
11.8828125,24.1236572265625
11.8984375,24.109130859375
11.9140625,24.109130859375
11.9296875,24.100563049316406
11.9453125,24.100563049316406
11.9609375,24.096092224121094
11.9765625,24.094223022460938
11.9921875,24.104278564453125
12.0078125,24.100563049316406
12.0234375,24.096092224121094
12.0390625,24.119186401367188
12.0546875,24.109130859375
12.0703125,24.12030029296875
12.0859375,24.131858825683594
12.1015625,24.113601684570312
12.1171875,24.126266479492188
12.1328125,24.126266479492188
12.1484375,24.135955810546875
12.1640625,24.139305114746094
12.1796875,24.146385192871094
12.1953125,24.167625427246094
12.2109375,24.161285400390625
12.2265625,24.169479370117188
12.2421875,24.185508728027344
12.2578125,24.190345764160156
12.2734375,24.190719604492188
12.2890625,24.20189666748047
12.3046875,24.215682983398438
12.3203125,24.22686004638672
12.3359375,24.23169708251953
12.3515625,24.243995666503906
12.3671875,24.271194458007812
12.3828125,24.258155822753906
12.3984375,24.274551391601562
12.4140625,24.312545776367188
12.4296875,24.315162658691406
12.4453125,24.321868896484375
12.4609375,24.335281372070312
12.4765625,24.357254028320312
12.4921875,24.358749389648438
12.5078125,24.37328338623047
12.5234375,24.39116668701172
12.5390625,24.407554626464844
12.5546875,24.40941619873047
12.5703125,24.433258056640625
12.5859375,24.44891357421875
12.6015625,24.474990844726562
12.6171875,24.468284606933594
12.6328125,24.471641540527344
12.6484375,24.49547576904297
12.6640625,24.515228271484375
12.6796875,24.51782989501953
12.6953125,24.537208557128906
12.7109375,24.540184020996094
12.7265625,24.56403350830078
12.7421875,24.562911987304688
12.7578125,24.578567504882812
12.7734375,24.598304748535156
12.7890625,24.60688018798828
12.8046875,24.630355834960938
12.8203125,24.647483825683594
12.8359375,24.650474548339844
12.8515625,24.664627075195312
12.8671875,24.67133331298828
12.8828125,24.6884765625
12.8984375,24.69965362548828
12.9140625,24.712310791015625
12.9296875,24.729454040527344
12.9453125,24.751434326171875
12.9609375,24.754417419433594
12.9765625,24.772300720214844
12.9921875,24.772300720214844
13.0078125,24.775283813476562
13.0234375,24.80396270751953
13.0390625,24.811790466308594
13.0546875,24.822967529296875
13.0703125,24.82520294189453
13.0859375,24.837127685546875
13.1015625,24.859848022460938
13.1171875,24.850906372070312
13.1328125,24.866554260253906
13.1484375,24.87139892578125
13.1640625,24.884071350097656
13.1796875,24.88890838623047
13.1953125,24.904556274414062
13.2109375,24.91126251220703
13.2265625,24.911636352539062
13.2421875,24.92430877685547
13.2578125,24.93958282470703
13.2734375,24.931015014648438
13.2890625,24.944053649902344
13.3046875,24.952255249023438
13.3203125,24.954856872558594
13.3359375,24.966033935546875
13.3515625,24.98279571533203
13.3671875,24.988021850585938
13.3828125,24.991371154785156
13.3984375,24.993606567382812
13.4140625,25.002914428710938
13.4296875,25.011856079101562
13.4453125,25.02490234375
13.4609375,25.023788452148438
13.4765625,25.033843994140625
13.4921875,25.044647216796875
13.5078125,25.040176391601562
13.5234375,25.05321502685547
13.5390625,25.050613403320312
13.5546875,25.066627502441406
13.5703125,25.068496704101562
13.5859375,25.07221221923828
13.6015625,25.070358276367188
13.6171875,25.083770751953125
13.6328125,25.091964721679688
13.6484375,25.094200134277344
13.6640625,25.097923278808594
13.6796875,25.104263305664062
13.6953125,25.110214233398438
13.7109375,25.123260498046875
13.7265625,25.12847900390625
13.7421875,25.12921905517578
13.7578125,25.13629913330078
13.7734375,25.137039184570312
13.7890625,25.162002563476562
13.8046875,25.16014862060547
13.8203125,25.162750244140625
13.8359375,25.165733337402344
13.8515625,25.18212890625
13.8671875,25.18212890625
13.8828125,25.17877197265625
13.8984375,25.195159912109375
13.9140625,25.198150634765625
13.9296875,25.205596923828125
13.9453125,25.21826934814453
13.9609375,25.226089477539062
13.9765625,25.235031127929688
13.9921875,25.241737365722656
14.0078125,25.248443603515625
14.0234375,25.2469482421875
14.0390625,25.247695922851562
14.0546875,25.263717651367188
14.0703125,25.269683837890625
14.0859375,25.280105590820312
14.1015625,25.288307189941406
14.1171875,25.28681182861328
14.1328125,25.281227111816406
14.1484375,25.30469512939453
14.1640625,25.288681030273438
14.1796875,25.315505981445312
14.1953125,25.311782836914062
14.2109375,25.315505981445312
14.2265625,25.330780029296875
14.2421875,25.331153869628906
14.2578125,25.32556915283203
14.2734375,25.34046173095703
14.2890625,25.327804565429688
14.3046875,25.329666137695312
14.3203125,25.342697143554688
14.3359375,25.324813842773438
14.3515625,25.327049255371094
14.3671875,25.332275390625
14.3828125,25.316627502441406
14.3984375,25.330406188964844
14.4140625,25.306930541992188
14.4296875,25.30432891845703
14.4453125,25.301719665527344
14.4609375,25.2965087890625
14.4765625,25.30469512939453
14.4921875,25.283462524414062
14.5078125,25.28644561767578
14.5234375,25.283462524414062
14.5390625,25.274154663085938
14.5546875,25.274520874023438
14.5703125,25.256271362304688
14.5859375,25.25104522705078
14.6015625,25.251800537109375
14.6171875,25.238388061523438
14.6328125,25.23316192626953
14.6484375,25.22161865234375
14.6640625,25.21826934814453
14.6796875,25.205223083496094
14.6953125,25.19702911376953
14.7109375,25.180267333984375
14.7265625,25.180267333984375
14.7421875,25.180267333984375
14.7578125,25.165733337402344
14.7734375,25.16014862060547
14.7890625,25.145240783691406
14.8046875,25.148216247558594
14.8203125,25.12549591064453
14.8359375,25.12847900390625
14.8515625,25.118789672851562
14.8671875,25.102027893066406
14.8828125,25.091590881347656
14.8984375,25.09308624267578
14.9140625,25.0748291015625
14.9296875,25.070358276367188
14.9453125,25.056198120117188
14.9609375,25.0606689453125
14.9765625,25.03980255126953
14.9921875,25.033470153808594
15.0078125,25.036819458007812
15.0234375,25.008506774902344
15.0390625,25.00403594970703
15.0546875,24.998077392578125
15.0703125,25.002914428710938
15.0859375,24.98541259765625
15.1015625,24.990997314453125
15.1171875,24.98279571533203
15.1328125,24.96044158935547
15.1484375,24.959701538085938
15.1640625,24.953369140625
15.1796875,24.94591522216797
15.1953125,24.949264526367188
15.2109375,24.93548583984375
15.2265625,24.927291870117188
15.2421875,24.919090270996094
15.2578125,24.91126251220703
15.2734375,24.915733337402344
15.2890625,24.905677795410156
15.3046875,24.90716552734375
15.3203125,24.89971923828125
15.3359375,24.889663696289062
15.3515625,24.88519287109375
15.3671875,24.87512969970703
15.3828125,24.86060333251953
15.3984375,24.87065887451172
15.4140625,24.87065887451172
15.4296875,24.855758666992188
15.4453125,24.841598510742188
15.4609375,24.845321655273438
15.4765625,24.837875366210938
15.4921875,24.818870544433594
15.5078125,24.81737518310547
15.5234375,24.80992889404297
15.5390625,24.80657958984375
15.5546875,24.794281005859375
15.5703125,24.779754638671875
15.5859375,24.770431518554688
15.6015625,24.770431518554688
15.6171875,24.75701904296875
15.6328125,24.758888244628906
15.6484375,24.739517211914062
15.6640625,24.736900329589844
15.6796875,24.726478576660156
15.6953125,24.707839965820312
15.7109375,24.701507568359375
15.7265625,24.69965362548828
15.7421875,24.69554901123047
15.7578125,24.68213653564453
15.7734375,24.67729949951172
15.7890625,24.670211791992188
15.8046875,24.66425323486328
15.8203125,24.666122436523438
15.8359375,24.6527099609375
15.8515625,24.650474548339844
15.8671875,24.640411376953125
15.8828125,24.637802124023438
15.8984375,24.629974365234375
15.9140625,24.614334106445312
15.9296875,24.608741760253906
15.9453125,24.595703125
15.9609375,24.597190856933594
15.9765625,24.582290649414062
15.9921875,24.577072143554688
16.0078125,24.58154296875
16.0234375,24.57036590576172
16.0390625,24.557327270507812
16.0546875,24.562911987304688
16.0703125,24.544654846191406
16.0859375,24.557701110839844
16.1015625,24.543914794921875
16.1171875,24.549880981445312
16.1328125,24.549880981445312
16.1484375,24.536468505859375
16.1640625,24.537582397460938
16.1796875,24.521560668945312
16.1953125,24.52044677734375
16.2109375,24.524917602539062
16.2265625,24.52044677734375
16.2421875,24.508522033691406
16.2578125,24.515975952148438
16.2734375,24.508522033691406
16.2890625,24.501068115234375
16.3046875,24.507034301757812
16.3203125,24.501068115234375
16.3359375,24.482437133789062
16.3515625,24.498092651367188
16.3671875,24.48802947998047
16.3828125,24.502182006835938
16.3984375,24.489524841308594
16.4140625,24.507408142089844
16.4296875,24.510757446289062
16.4453125,24.519699096679688
16.4609375,24.519699096679688
16.4765625,24.519699096679688
16.4921875,24.546524047851562
16.5078125,24.544654846191406
16.5234375,24.547271728515625
16.5390625,24.57111358642578
16.5546875,24.5811767578125
16.5703125,24.597564697265625
16.5859375,24.628860473632812
16.6015625,24.646743774414062
16.6171875,24.658660888671875
16.6328125,24.67877960205078
16.6484375,24.68177032470703
16.6640625,24.69965362548828
16.6796875,24.720138549804688
16.6953125,24.736900329589844
16.7109375,24.739891052246094
16.7265625,24.759628295898438
16.7421875,24.791671752929688
16.7578125,24.808067321777344
16.7734375,24.824462890625
16.7890625,24.85314178466797
16.8046875,24.854637145996094
16.8203125,24.88146209716797
16.8359375,24.903076171875
16.8515625,24.922439575195312
16.8671875,24.936607360839844
16.8828125,24.958587646484375
16.8984375,24.979446411132812
16.9140625,24.986900329589844
16.9296875,25.022666931152344
16.9453125,25.049118041992188
16.9609375,25.059555053710938
16.9765625,25.08599853515625
16.9921875,25.105003356933594
17.0078125,25.12139129638672
17.0234375,25.148216247558594
17.0390625,25.16424560546875
17.0546875,25.19329833984375
17.0703125,25.21826934814453
17.0859375,25.242103576660156
17.1015625,25.261856079101562
17.1171875,25.28197479248047
17.1328125,25.300979614257812
17.1484375,25.312896728515625
17.1640625,25.337486267089844
17.1796875,25.356491088867188
17.1953125,25.381072998046875
17.2109375,25.4041748046875
17.2265625,25.419082641601562
17.2421875,25.434722900390625
17.2578125,25.4544677734375
17.2734375,25.46117401123047
17.2890625,25.487998962402344
17.3046875,25.50476837158203
17.3203125,25.51818084716797
17.3359375,25.51818084716797
17.3515625,25.51818084716797
17.3671875,25.559532165527344
17.3828125,25.56810760498047
17.3984375,25.596054077148438
17.4140625,25.60387420654297
17.4296875,25.613182067871094
17.4453125,25.628829956054688
17.4609375,25.658645629882812
17.4765625,25.655654907226562
17.4921875,25.663116455078125
17.5078125,25.688072204589844
17.5234375,25.69812774658203
17.5390625,25.694412231445312
17.5546875,25.717506408691406
17.5703125,25.7186279296875
17.5859375,25.731658935546875
17.6015625,25.73986053466797
17.6171875,25.75439453125
17.6328125,25.761093139648438
17.6484375,25.788665771484375
17.6640625,25.797607421875
17.6796875,25.802825927734375
17.6953125,25.819961547851562
17.7109375,25.827041625976562
17.7265625,25.835243225097656
17.7421875,25.83971405029297
17.7578125,25.862808227539062
17.7734375,25.855728149414062
17.7890625,25.864303588867188
17.8046875,25.874359130859375
17.8203125,25.870635986328125
17.8359375,25.879196166992188
17.8515625,25.899688720703125
17.8671875,25.913101196289062
17.8828125,25.92242431640625
17.8984375,25.922042846679688
17.9140625,25.921302795410156
17.9296875,25.94775390625
17.9453125,25.95185089111328
17.9609375,25.94849395751953
17.9765625,25.960052490234375
17.9921875,25.970481872558594
18.0078125,25.97234344482422
18.0234375,25.985382080078125
18.0390625,25.982406616210938
18.0546875,25.999168395996094
18.0703125,25.995819091796875
18.0859375,26.014076232910156
18.1015625,26.014442443847656
18.1171875,26.00848388671875
18.1328125,26.01519012451172
18.1484375,26.02338409423828
18.1640625,26.028228759765625
18.1796875,26.034194946289062
18.1953125,26.04126739501953
18.2109375,26.04126739501953
18.2265625,26.04126739501953
18.2421875,26.053558349609375
18.2578125,26.059898376464844
18.2734375,26.061019897460938
18.2890625,26.045372009277344
18.3046875,26.071441650390625
18.3203125,26.070327758789062
18.3359375,26.07293701171875
18.3515625,26.078903198242188
18.3671875,26.07964324951172
18.3828125,26.096405029296875
18.3984375,26.098648071289062
18.4140625,26.112060546875
18.4296875,26.096405029296875
18.4453125,26.107208251953125
18.4609375,26.118759155273438
18.4765625,26.121002197265625
18.4921875,26.123611450195312
18.5078125,26.14521026611328
18.5234375,26.14521026611328
18.5390625,26.14856719970703
18.5546875,26.159378051757812
18.5703125,26.160491943359375
18.5859375,26.17986297607422
18.6015625,26.17613983154297
18.6171875,26.179122924804688
18.6328125,26.17315673828125
18.6484375,26.17986297607422
18.6640625,26.18731689453125
18.6796875,26.186569213867188
18.6953125,26.195510864257812
18.7109375,26.17986297607422
18.7265625,26.18731689453125
18.7421875,26.189552307128906
18.7578125,26.18023681640625
18.7734375,26.16309356689453
18.7890625,26.174652099609375
18.8046875,26.167564392089844
18.8203125,26.16645050048828
18.8359375,26.159378051757812
18.8515625,26.146705627441406
18.8671875,26.157142639160156
18.8828125,26.12696075439453
18.8984375,26.110198974609375
18.9140625,26.120620727539062
18.9296875,26.104232788085938
18.9453125,26.09417724609375
18.9609375,26.082618713378906
18.9765625,26.0762939453125
18.9921875,26.07293701171875
19.0078125,26.056167602539062
19.0234375,26.04425048828125
19.0390625,26.04425048828125
19.0546875,26.020401000976562
19.0703125,26.014816284179688
19.0859375,26.013320922851562
19.1015625,26.013320922851562
19.1171875,25.995819091796875
19.1328125,25.985015869140625
19.1484375,25.971221923828125
19.1640625,25.968612670898438
19.1796875,25.942543029785156
19.1953125,25.939926147460938
19.2109375,25.91869354248047
19.2265625,25.913482666015625
19.2421875,25.89783477783203
19.2578125,25.88702392578125
19.2734375,25.86243438720703
19.2890625,25.873985290527344
19.3046875,25.84716033935547
19.3203125,25.8404541015625
19.3359375,25.821075439453125
19.3515625,25.81847381591797
19.3671875,25.807662963867188
19.3828125,25.80431365966797
19.3984375,25.78680419921875
19.4140625,25.764076232910156
19.4296875,25.756622314453125
19.4453125,25.733154296875
19.4609375,25.725326538085938
19.4765625,25.721603393554688
19.4921875,25.70409393310547
19.5078125,25.69329071044922
19.5234375,25.6973876953125
19.5390625,25.67876434326172
19.5546875,25.667953491210938
19.5703125,25.658645629882812
19.5859375,25.64000701904297
19.6015625,25.656410217285156
19.6171875,25.630325317382812
19.6328125,25.616172790527344
19.6484375,25.595672607421875
19.6640625,25.610946655273438
19.6796875,25.585243225097656
19.6953125,25.587112426757812
19.7109375,25.57891082763672
19.7265625,25.569595336914062
19.7421875,25.556930541992188
19.7578125,25.556556701660156
19.7734375,25.548355102539062
19.7890625,25.53717803955078
19.8046875,25.527496337890625
19.8203125,25.508872985839844
19.8359375,25.509613037109375
19.8515625,25.50029754638672
19.8671875,25.490615844726562
19.8828125,25.474960327148438
19.8984375,25.463043212890625
19.9140625,25.463409423828125
19.9296875,25.45075225830078
19.9453125,25.44329071044922
19.9609375,25.43323516845703
19.9765625,25.43323516845703
19.9921875,25.41535186767578
20.0078125,25.413490295410156
20.0234375,25.40752410888672
20.0390625,25.4041748046875
20.0546875,25.381072998046875
20.0703125,25.390762329101562
20.0859375,25.38592529296875
20.1015625,25.381072998046875
20.1171875,25.356491088867188
20.1328125,25.355369567871094
20.1484375,25.356109619140625
20.1640625,25.345687866210938
20.1796875,25.327804565429688
20.1953125,25.327049255371094
20.2109375,25.319602966308594
20.2265625,25.30805206298828
20.2421875,25.292404174804688
20.2578125,25.293899536132812
20.2734375,25.27899169921875
20.2890625,25.28980255126953
20.3046875,25.29351806640625
20.3203125,25.271163940429688
20.3359375,25.266693115234375
20.3515625,25.259246826171875
20.3671875,25.26892852783203
20.3828125,25.253280639648438
20.3984375,25.242103576660156
20.4140625,25.220123291015625
20.4296875,25.24285888671875
20.4453125,25.238006591796875
20.4609375,25.238388061523438
20.4765625,25.235031127929688
20.4921875,25.235031127929688
20.5078125,25.227951049804688
20.5234375,25.22869110107422
20.5390625,25.245094299316406
20.5546875,25.24657440185547
20.5703125,25.25701141357422
20.5859375,25.263717651367188
20.6015625,25.280487060546875
20.6171875,25.28644561767578
20.6328125,25.291656494140625
20.6484375,25.30731201171875
20.6640625,25.32854461669922
20.6796875,25.342697143554688
20.6953125,25.354629516601562
20.7109375,25.376602172851562
20.7265625,25.367660522460938
20.7421875,25.390762329101562
20.7578125,25.408645629882812
20.7734375,25.4324951171875
20.7890625,25.448516845703125
20.8046875,25.4615478515625
20.8203125,25.474586486816406
20.8359375,25.487632751464844
20.8515625,25.487632751464844
20.8671875,25.503646850585938
20.8828125,25.525634765625
20.8984375,25.545379638671875
20.9140625,25.566993713378906
20.9296875,25.591201782226562
20.9453125,25.602386474609375
20.9609375,25.611328125
20.9765625,25.62249755859375
20.9921875,25.65118408203125
21.0078125,25.655654907226562
21.0234375,25.68621063232422
21.0390625,25.702232360839844
21.0546875,25.71900177001953
21.0703125,25.719741821289062
21.0859375,25.732040405273438
21.1015625,25.75848388671875
21.1171875,25.759239196777344
21.1328125,25.79798126220703
21.1484375,25.809898376464844
21.1640625,25.820709228515625
21.1796875,25.8404541015625
21.1953125,25.842689514160156
21.2109375,25.853492736816406
21.2265625,25.86951446533203
21.2421875,25.88665771484375
21.2578125,25.89484405517578
21.2734375,25.910491943359375
21.2890625,25.91869354248047
21.3046875,25.936203002929688
21.3203125,25.954833984375
21.3359375,25.97607421875
21.3515625,25.988365173339844
21.3671875,26.00102996826172
21.3828125,26.014076232910156
21.3984375,26.01966094970703
21.4140625,26.05132293701172
21.4296875,26.060264587402344
21.4453125,26.078903198242188
21.4609375,26.09491729736328
21.4765625,26.095664978027344
21.4921875,26.103492736816406
21.5078125,26.1195068359375
21.5234375,26.12621307373047
21.5390625,26.142608642578125
21.5546875,26.170555114746094
21.5703125,26.196624755859375
21.5859375,26.204086303710938
21.6015625,26.220848083496094
21.6171875,26.23314666748047
21.6328125,26.243568420410156
21.6484375,26.25251007080078
21.6640625,26.275619506835938
21.6796875,26.289031982421875
21.6953125,26.297218322753906
21.7109375,26.316970825195312
21.7265625,26.316970825195312
21.7421875,26.316970825195312
21.7578125,26.35236358642578
21.7734375,26.360565185546875
21.7890625,26.360931396484375
21.8046875,26.368011474609375
21.8203125,26.385154724121094
21.8359375,26.38775634765625
21.8515625,26.41681671142578
21.8671875,26.41607666015625
21.8828125,26.435813903808594
21.8984375,26.44475555419922
21.9140625,26.46227264404297
21.9296875,26.478286743164062
21.9453125,26.485748291015625
21.9609375,26.492080688476562
21.9765625,26.49095916748047
21.9921875,26.50921630859375
22.0078125,26.512939453125
22.0234375,26.54163360595703
22.0390625,26.547958374023438
22.0546875,26.563232421875
22.0703125,26.575164794921875
22.0859375,26.56957244873047
22.1015625,26.5770263671875
22.1171875,26.603851318359375
22.1328125,26.60533905029297
22.1484375,26.61279296875
22.1640625,26.624343872070312
22.1796875,26.636634826660156
22.1953125,26.654144287109375
22.2109375,26.68022918701172
22.2265625,26.68506622314453
22.2421875,26.694007873535156
22.2578125,26.699966430664062
22.2734375,26.703323364257812
22.2890625,26.72344207763672
22.3046875,26.72791290283203
22.3203125,26.75994873046875
22.3359375,26.77112579345703
22.3515625,26.761444091796875
22.3671875,26.778587341308594
22.3828125,26.797950744628906
22.3984375,26.808013916015625
22.4140625,26.799072265625
22.4296875,26.830001831054688
22.4453125,26.832603454589844
22.4609375,26.829620361328125
22.4765625,26.850860595703125
22.4921875,26.846763610839844
22.5078125,26.849746704101562
22.5234375,26.868370056152344
22.5390625,26.8564453125
22.5546875,26.8631591796875
22.5703125,26.87060546875
22.5859375,26.87060546875
22.6015625,26.865386962890625
22.6171875,26.865386962890625
22.6328125,26.865386962890625
22.6484375,26.868370056152344
22.6640625,26.860916137695312
22.6796875,26.857192993164062
22.6953125,26.853469848632812
22.7109375,26.84229278564453
22.7265625,26.819564819335938
22.7421875,26.832977294921875
22.7578125,26.82329559326172
22.7734375,26.821426391601562
22.7890625,26.803543090820312
22.8046875,26.789382934570312
22.8203125,26.7703857421875
22.8359375,26.737228393554688
22.8515625,26.7275390625
22.8671875,26.706680297851562
22.8828125,26.703697204589844
22.8984375,26.66681671142578
22.9140625,26.657119750976562
22.9296875,26.62805938720703
22.9453125,26.61614227294922
22.9609375,26.600120544433594
22.9765625,26.561370849609375
22.9921875,26.549819946289062
23.0078125,26.539764404296875
23.0234375,26.511451721191406
23.0390625,26.496551513671875
23.0546875,26.481643676757812
23.0703125,26.46227264404297
23.0859375,26.438430786132812
23.1015625,26.417930603027344
23.1171875,26.398193359375
23.1328125,26.381423950195312
23.1484375,26.364280700683594
23.1640625,26.35162353515625
23.1796875,26.332618713378906
23.1953125,26.30915069580078
23.2109375,26.29871368408203
23.2265625,26.26555633544922
23.2421875,26.2484130859375
23.2578125,26.236862182617188
23.2734375,26.23314666748047
23.2890625,26.200355529785156
23.3046875,26.199234008789062
23.3203125,26.160491943359375
23.3359375,26.14820098876953
23.3515625,26.13068389892578
23.3671875,26.12696075439453
23.3828125,26.1053466796875
23.3984375,26.09491729736328
23.4140625,26.0908203125
23.4296875,26.065109252929688
23.4453125,26.057289123535156
23.4609375,26.04052734375
23.4765625,26.034194946289062
23.4921875,26.01593017578125
23.5078125,26.01593017578125
23.5234375,26.01593017578125
23.5390625,25.988365173339844
23.5546875,25.991722106933594
23.5703125,25.971603393554688
23.5859375,25.971603393554688
23.6015625,25.966751098632812
23.6171875,25.960426330566406
23.6328125,25.938072204589844
23.6484375,25.935455322265625
23.6640625,25.913101196289062
23.6796875,25.910491943359375
23.6953125,25.91236114501953
23.7109375,25.897079467773438
23.7265625,25.87995147705078
23.7421875,25.881805419921875
23.7578125,25.884788513183594
23.7734375,25.871376037597656
23.7890625,25.878456115722656
23.8046875,25.870254516601562
23.8203125,25.849021911621094
23.8359375,25.841567993164062
23.8515625,25.83635711669922
23.8671875,25.837844848632812
23.8828125,25.827415466308594
23.8984375,25.821456909179688
23.9140625,25.8121337890625
23.9296875,25.80095672607422
23.9453125,25.794631958007812
23.9609375,25.799102783203125
23.9765625,25.80542755126953
23.9921875,25.791648864746094
24.0078125,25.789779663085938
24.0234375,25.777862548828125
24.0390625,25.759239196777344
24.0546875,25.75476837158203
24.0703125,25.759979248046875
24.0859375,25.759605407714844
24.1015625,25.75141143798828
24.1171875,25.743209838867188
24.1328125,25.742095947265625
24.1484375,25.7257080078125
24.1640625,25.727943420410156
24.1796875,25.723098754882812
24.1953125,25.721237182617188
24.2109375,25.704833984375
24.2265625,25.694778442382812
24.2421875,25.688446044921875
24.2578125,25.68621063232422
24.2734375,25.67242431640625
24.2890625,25.669822692871094
24.3046875,25.65118408203125
24.3203125,25.637771606445312
24.3359375,25.641876220703125
24.3515625,25.630325317382812
24.3671875,25.628089904785156
24.3828125,25.627716064453125
24.3984375,25.627716064453125
24.4140625,25.605735778808594
24.4296875,25.60424041748047
24.4453125,25.594932556152344
24.4609375,25.602386474609375
24.4765625,25.588592529296875
24.4921875,25.591583251953125
24.5078125,25.56810760498047
24.5234375,25.560653686523438
24.5390625,25.573318481445312
24.5546875,25.562149047851562
24.5703125,25.5614013671875
24.5859375,25.560653686523438
24.6015625,25.548355102539062
24.6171875,25.542022705078125
24.6328125,25.525634765625
24.6484375,25.531967163085938
24.6640625,25.523765563964844
24.6796875,25.527496337890625
24.6953125,25.5185546875
24.7109375,25.512588500976562
24.7265625,25.503646850585938
24.7421875,25.51482391357422
24.7578125,25.50440216064453
24.7734375,25.510726928710938
24.7890625,25.51519775390625
24.8046875,25.499176025390625
24.8203125,25.503646850585938
24.8359375,25.524139404296875
24.8515625,25.52228546142578
24.8671875,25.551712036132812
24.8828125,25.570709228515625
24.8984375,25.578536987304688
24.9140625,25.59679412841797
24.9296875,25.60424041748047
24.9453125,25.628089904785156
24.9609375,25.66124725341797
24.9765625,25.67242431640625
24.9921875,25.70074462890625
25.0078125,25.720481872558594
25.0234375,25.746192932128906
25.0390625,25.759239196777344
25.0546875,25.792388916015625
25.0703125,25.8121337890625
25.0859375,25.8333740234375
25.1015625,25.85833740234375
25.1171875,25.879196166992188
25.1328125,25.891128540039062
25.1484375,25.924659729003906
25.1640625,25.932846069335938
25.1796875,25.963027954101562
25.1953125,25.960792541503906
25.2109375,25.99469757080078
25.2265625,26.006614685058594
25.2421875,26.028602600097656
25.2578125,26.053192138671875
25.2734375,26.065109252929688
25.2890625,26.065109252929688
25.3046875,26.081878662109375
25.3203125,26.10944366455078
25.3359375,26.115036010742188
25.3515625,26.124351501464844
25.3671875,26.148941040039062
25.3828125,26.177261352539062
25.3984375,26.195884704589844
25.4140625,26.211532592773438
25.4296875,26.224205017089844
25.4453125,26.235748291015625
25.4609375,26.259597778320312
25.4765625,26.286041259765625
25.4921875,26.29871368408203
25.5078125,26.320327758789062
25.5234375,26.346031188964844
25.5390625,26.3695068359375
25.5546875,26.368385314941406
25.5703125,26.395950317382812
25.5859375,26.41681671142578
25.6015625,26.429107666015625
25.6171875,26.44512939453125
25.6328125,26.46710968017578
25.6484375,26.479782104492188
25.6640625,26.50213623046875
25.6796875,26.518157958984375
25.6953125,26.52075958251953
25.7109375,26.539764404296875
25.7265625,26.567703247070312
25.7421875,26.585586547851562
25.7578125,26.59825897216797
25.7734375,26.615768432617188
25.7890625,26.62657928466797
25.8046875,26.649673461914062
25.8203125,26.669418334960938
25.8359375,26.668296813964844
25.8515625,26.691024780273438
25.8671875,26.713760375976562
25.8828125,26.714500427246094
25.8984375,26.737228393554688
25.9140625,26.755111694335938
25.9296875,26.776351928710938
25.9453125,26.786773681640625
25.9609375,26.821060180664062
25.9765625,26.82813262939453
25.9921875,26.8206787109375
26.0078125,26.84229278564453
26.0234375,26.862037658691406
26.0390625,26.86353302001953
26.0546875,26.885513305664062
26.0703125,26.885887145996094
26.0859375,26.912338256835938
26.1015625,26.914566040039062
26.1171875,26.940650939941406
26.1328125,26.944747924804688
26.1484375,26.96636199951172
26.1640625,26.973068237304688
26.1796875,26.973068237304688
26.1953125,26.989456176757812
26.2109375,26.986846923828125
26.2265625,27.004730224609375
26.2421875,27.012550354003906
26.2578125,27.02745819091797
26.2734375,27.028579711914062
26.2890625,27.041610717773438
26.3046875,27.044219970703125
26.3203125,27.062850952148438
26.3359375,27.07440185546875
26.3515625,27.069190979003906
26.3671875,27.087814331054688
26.3828125,27.099365234375
26.3984375,27.112030029296875
26.4140625,27.116134643554688
26.4296875,27.136619567871094
26.4453125,27.13475799560547
26.4609375,27.144439697265625
26.4765625,27.15673828125
26.4921875,27.16008758544922
26.5078125,27.169029235839844
26.5234375,27.182815551757812
26.5390625,27.187286376953125
26.5546875,27.19921112060547
26.5703125,27.194374084472656
26.5859375,27.204429626464844
26.6015625,27.22491455078125
26.6171875,27.21337127685547
26.6328125,27.233116149902344
26.6484375,27.23572540283203
26.6640625,27.23572540283203
26.6796875,27.247650146484375
26.6953125,27.247650146484375
26.7109375,27.254730224609375
26.7265625,27.25249481201172
26.7421875,27.25286102294922
26.7578125,27.251739501953125
26.7734375,27.261062622070312
26.7890625,27.256210327148438
26.8046875,27.245033264160156
26.8203125,27.23199462890625
26.8359375,27.223800659179688
26.8515625,27.220443725585938
26.8671875,27.21373748779297
26.8828125,27.215232849121094
26.8984375,27.1925048828125
26.9140625,27.197349548339844
26.9296875,27.1925048828125
26.9453125,27.17052459716797
26.9609375,27.16717529296875
26.9765625,27.151519775390625
26.9921875,27.148910522460938
27.0078125,27.144073486328125
27.0234375,27.120223999023438
27.0390625,27.108673095703125
27.0546875,27.094894409179688
27.0703125,27.076263427734375
27.0859375,27.076263427734375
27.1015625,27.047203063964844
27.1171875,27.04236602783203
27.1328125,27.022987365722656
27.1484375,27.008079528808594
27.1640625,27.008834838867188
27.1796875,26.989830017089844
27.1953125,26.986099243164062
27.2109375,26.950332641601562
27.2265625,26.946243286132812
27.2421875,26.91419219970703
27.2578125,26.911590576171875
27.2734375,26.887367248535156
27.2890625,26.887741088867188
27.3046875,26.855331420898438
27.3203125,26.848251342773438
27.3359375,26.834091186523438
27.3515625,26.83521270751953
27.3671875,26.807266235351562
27.3828125,26.80242156982422
27.3984375,26.794601440429688
27.4140625,26.786407470703125
27.4296875,26.771881103515625
27.4453125,26.743934631347656
27.4609375,26.72791290283203
27.4765625,26.719345092773438
27.4921875,26.6988525390625
27.5078125,26.689170837402344
27.5234375,26.683944702148438
27.5390625,26.672767639160156
27.5546875,26.65228271484375
27.5703125,26.629180908203125
27.5859375,26.6202392578125
27.6015625,26.61279296875
27.6171875,26.5989990234375
27.6328125,26.594161987304688
27.6484375,26.563232421875
27.6640625,26.546470642089844
27.6796875,26.540878295898438
27.6953125,26.517044067382812
27.7109375,26.511451721191406
27.7265625,26.49803924560547
27.7421875,26.48351287841797
27.7578125,26.468978881835938
27.7734375,26.457427978515625
27.7890625,26.44811248779297
27.8046875,26.43060302734375
27.8203125,26.417564392089844
27.8359375,26.414215087890625
27.8515625,26.395950317382812
27.8671875,26.38739013671875
27.8828125,26.363914489746094
27.8984375,26.365036010742188
27.9140625,26.35533905029297
27.9296875,26.353858947753906
27.9453125,26.33782958984375
27.9609375,26.325164794921875
27.9765625,26.325164794921875
27.9921875,26.325164794921875
28.0078125,26.3125
28.0234375,26.292747497558594
28.0390625,26.29126739501953
28.0546875,26.28045654296875
28.0703125,26.27635955810547
28.0859375,26.26629638671875
28.1015625,26.252883911132812
28.1171875,26.24432373046875
28.1328125,26.213768005371094
28.1484375,26.214508056640625
28.1640625,26.207435607910156
28.1796875,26.199615478515625
28.1953125,26.199981689453125
28.2109375,26.196624755859375
28.2265625,26.178375244140625
28.2421875,26.164962768554688
28.2578125,26.16309356689453
28.2734375,26.153411865234375
28.2890625,26.14484405517578
28.3046875,26.132919311523438
28.3203125,26.134033203125
28.3359375,26.1195068359375
28.3515625,26.114669799804688
28.3671875,26.106842041015625
28.3828125,26.103858947753906
28.3984375,26.089706420898438
28.4140625,26.0908203125
28.4296875,26.077781677246094
28.4453125,26.0625
28.4609375,26.057289123535156
28.4765625,26.057289123535156
28.4921875,26.053558349609375
28.5078125,26.025253295898438
28.5234375,26.028602600097656
28.5390625,26.0267333984375
28.5546875,26.014076232910156
28.5703125,25.995071411132812
28.5859375,25.988365173339844
28.6015625,25.989105224609375
28.6171875,25.973464965820312
28.6328125,25.974952697753906
28.6484375,25.97607421875
28.6640625,25.964141845703125
28.6796875,25.94439697265625
28.6953125,25.94849395751953
28.7109375,25.938072204589844
28.7265625,25.94439697265625
28.7421875,25.93360137939453
28.7578125,25.924659729003906
28.7734375,25.917572021484375
28.7890625,25.923904418945312
28.8046875,25.920928955078125
28.8203125,25.91236114501953
28.8359375,25.92316436767578
28.8515625,25.923904418945312
28.8671875,25.923904418945312
28.8828125,25.923904418945312
28.8984375,25.909751892089844
28.9140625,25.91943359375
28.9296875,25.916458129882812
28.9453125,25.91124725341797
28.9609375,25.930984497070312
28.9765625,25.935455322265625
28.9921875,25.94439697265625
29.0078125,25.939186096191406
29.0234375,25.94849395751953
29.0390625,25.941787719726562
29.0546875,25.961166381835938
29.0703125,25.97234344482422
29.0859375,25.97607421875
29.1015625,25.996932983398438
29.1171875,26.009605407714844
29.1328125,26.01555633544922
29.1484375,26.04387664794922
29.1640625,26.057289123535156
29.1796875,26.0762939453125
29.1953125,26.091934204101562
29.2109375,26.09455108642578
29.2265625,26.112060546875
29.2421875,26.136268615722656
29.2578125,26.148941040039062
29.2734375,26.166824340820312
29.2890625,26.19849395751953
29.3046875,26.21190643310547
29.3203125,26.236495971679688
29.3359375,26.257354736328125
29.3515625,26.265182495117188
29.3671875,26.297592163085938
29.3828125,26.30168914794922
29.3984375,26.328887939453125
29.4140625,26.350502014160156
29.4296875,26.356834411621094
29.4453125,26.3843994140625
29.4609375,26.389625549316406
29.4765625,26.410110473632812
29.4921875,26.413833618164062
29.5078125,26.42352294921875
29.5234375,26.44140625
29.5390625,26.457054138183594
29.5546875,26.482757568359375
29.5703125,26.48760986328125
29.5859375,26.503250122070312
29.6015625,26.50586700439453
29.6171875,26.527099609375
29.6328125,26.526351928710938
29.6484375,26.543487548828125
29.6640625,26.556900024414062
29.6796875,26.58111572265625
29.6953125,26.585586547851562
29.7109375,26.594161987304688
29.7265625,26.604965209960938
29.7421875,26.62061309814453
29.7578125,26.62061309814453
29.7734375,26.629180908203125
29.7890625,26.650787353515625
29.8046875,26.654144287109375
29.8203125,26.679107666015625
29.8359375,26.678359985351562
29.8515625,26.701087951660156
29.8671875,26.700714111328125
29.8828125,26.713760375976562
29.8984375,26.739089965820312
29.9140625,26.755859375
29.9296875,26.772247314453125
29.9453125,26.783058166503906
29.9609375,26.801307678222656
29.9765625,26.82030487060547
29.9921875,26.82440948486328
30.0078125,26.83818817138672
30.0234375,26.867630004882812
30.0390625,26.876190185546875
30.0546875,26.871719360351562
30.0703125,26.89519500732422
30.0859375,26.904510498046875
30.1015625,26.927978515625
30.1171875,26.939903259277344
30.1328125,26.96784210205078
30.1484375,26.987220764160156
30.1640625,26.99616241455078
30.1796875,27.001373291015625
30.1953125,27.02410888671875
30.2109375,27.02484893798828
30.2265625,27.058013916015625
30.2421875,27.05614471435547
30.2578125,27.068817138671875
30.2734375,27.086700439453125
30.2890625,27.10308837890625
30.3046875,27.11724853515625
30.3203125,27.12469482421875
30.3359375,27.144439697265625
30.3515625,27.15338134765625
30.3671875,27.168663024902344
30.3828125,27.172760009765625
30.3984375,27.18579864501953
30.4140625,27.201446533203125
30.4296875,27.208900451660156
30.4453125,27.245033264160156
30.4609375,27.256210327148438
30.4765625,27.258819580078125
30.4921875,27.278945922851562
30.5078125,27.276702880859375
30.5234375,27.301300048828125
30.5390625,27.30762481689453
30.5546875,27.315086364746094
30.5703125,27.32849884033203
30.5859375,27.347862243652344
30.6015625,27.3638916015625
30.6171875,27.36761474609375
30.6328125,27.365379333496094
30.6484375,27.365379333496094
30.6640625,27.365379333496094
30.6796875,27.391830444335938
30.6953125,27.4071044921875
30.7109375,27.41754150390625
30.7265625,27.422752380371094
30.7421875,27.4354248046875
30.7578125,27.434303283691406
30.7734375,27.447715759277344
30.7890625,27.442123413085938
30.8046875,27.458892822265625
30.8203125,27.47454071044922
30.8359375,27.462623596191406
30.8515625,27.46410369873047
30.8671875,27.480873107910156
30.8828125,27.46709442138672
30.8984375,27.476776123046875
30.9140625,27.480506896972656
30.9296875,27.462623596191406
30.9453125,27.46709442138672
30.9609375,27.47491455078125
30.9765625,27.470809936523438
30.9921875,27.46410369873047
31.0078125,27.462623596191406
31.0234375,27.458518981933594
31.0390625,27.440269470214844
31.0546875,27.427223205566406
31.0703125,27.424240112304688
31.0859375,27.40338134765625
31.1015625,27.381027221679688
31.1171875,27.382888793945312
31.1328125,27.3638916015625
31.1484375,27.35345458984375
31.1640625,27.336318969726562
31.1796875,27.31098175048828
31.1953125,27.298316955566406
31.2109375,27.283790588378906
31.2265625,27.259201049804688
31.2421875,27.24578857421875
31.2578125,27.21820831298828
31.2734375,27.207786560058594
31.2890625,27.18505859375
31.3046875,27.152267456054688
31.3203125,27.155990600585938
31.3359375,27.133636474609375
31.3515625,27.11426544189453
31.3671875,27.098617553710938
31.3828125,27.060989379882812
31.3984375,27.046836853027344
31.4140625,27.032669067382812
31.4296875,27.018890380859375
31.4453125,26.989456176757812
31.4609375,26.977157592773438
31.4765625,26.950332641601562
31.4921875,26.936546325683594
31.5078125,26.918296813964844
31.5234375,26.912338256835938
31.5390625,26.887367248535156
31.5546875,26.887367248535156
31.5703125,26.861663818359375
31.5859375,26.851974487304688
31.6015625,26.825149536132812
31.6171875,26.819564819335938
31.6328125,26.80205535888672
31.6484375,26.778953552246094
31.6640625,26.764053344726562
31.6796875,26.750640869140625
31.6953125,26.72344207763672
31.7109375,26.706680297851562
31.7265625,26.69847869873047
31.7421875,26.684326171875
31.7578125,26.66718292236328
31.7734375,26.657119750976562
31.7890625,26.649673461914062
31.8046875,26.636634826660156
31.8203125,26.621734619140625
31.8359375,26.613906860351562
31.8515625,26.597885131835938
31.8671875,26.589691162109375
31.8828125,26.594161987304688
31.8984375,26.567703247070312
31.9140625,26.55168914794922
31.9296875,26.561370849609375
31.9453125,26.544235229492188
31.9609375,26.53716278076172
31.9765625,26.533058166503906
31.9921875,26.526351928710938
32.0078125,26.511451721191406
32.0234375,26.497665405273438
32.0390625,26.490585327148438
32.0546875,26.485748291015625
32.0703125,26.478286743164062
32.0859375,26.472335815429688
32.1015625,26.460784912109375
32.1171875,26.461524963378906
32.1328125,26.439170837402344
32.1484375,26.44811248779297
32.1640625,26.4339599609375
32.1796875,26.43060302734375
32.1953125,26.4339599609375
32.2109375,26.4056396484375
32.2265625,26.411224365234375
32.2421875,26.399307250976562
32.2578125,26.399307250976562
32.2734375,26.385154724121094
32.2890625,26.396697998046875
32.3046875,26.3914794921875
32.3203125,26.378814697265625
32.3359375,26.368011474609375
32.3515625,26.364280700683594
32.3671875,26.357574462890625
32.3828125,26.346031188964844
32.3984375,26.3486328125
32.4140625,26.335220336914062
32.4296875,26.320693969726562
32.4453125,26.320693969726562
32.4609375,26.32330322265625
32.4765625,26.315101623535156
32.4921875,26.306915283203125
32.5078125,26.299453735351562
32.5234375,26.286422729492188
32.5390625,26.289031982421875
32.5546875,26.274864196777344
32.5703125,26.270767211914062
32.5859375,26.249534606933594
32.6015625,26.232772827148438
32.6171875,26.224945068359375
32.6328125,26.220474243164062
32.6484375,26.228302001953125
32.6640625,26.19849395751953
32.6796875,26.199981689453125
32.6953125,26.177261352539062
32.7109375,26.17315673828125
32.7265625,26.18359375
32.7421875,26.174652099609375
32.7578125,26.160491943359375
32.7734375,26.164215087890625
32.7890625,26.148941040039062
32.8046875,26.162353515625
32.8203125,26.136268615722656
32.8359375,26.14073944091797
32.8515625,26.131797790527344
32.8671875,26.125091552734375
32.8828125,26.112060546875
32.8984375,26.12696075439453
32.9140625,26.112060546875
32.9296875,26.12696075439453
32.9453125,26.117645263671875
32.9609375,26.12696075439453
32.9765625,26.106842041015625
32.9921875,26.11614990234375
33.0078125,26.106468200683594
33.0234375,26.11280059814453
33.0390625,26.107208251953125
33.0546875,26.10944366455078
33.0703125,26.106094360351562
33.0859375,26.1053466796875
33.1015625,26.112060546875
33.1171875,26.123611450195312
33.1328125,26.123611450195312
33.1484375,26.142608642578125
33.1640625,26.148941040039062
33.1796875,26.16309356689453
33.1953125,26.19402313232422
33.2109375,26.19438934326172
33.2265625,26.212646484375
33.2421875,26.22978973388672
33.2578125,26.254379272460938
33.2734375,26.257736206054688
33.2890625,26.29163360595703
33.3046875,26.31585693359375
33.3203125,26.33448028564453
33.3359375,26.33448028564453
33.3515625,26.35533905029297
33.3671875,26.368385314941406
33.3828125,26.4056396484375
33.3984375,26.429107666015625
33.4140625,26.44811248779297
33.4296875,26.482757568359375
33.4453125,26.518157958984375
33.4609375,26.52039337158203
33.4765625,26.565101623535156
33.4921875,26.586708068847656
33.5078125,26.611671447753906
33.5234375,26.646316528320312
33.5390625,26.678359985351562
33.5546875,26.703697204589844
33.5703125,26.72791290283203
33.5859375,26.746917724609375
33.6015625,26.800186157226562
33.6171875,26.799072265625
33.6328125,26.82366180419922
33.6484375,26.836334228515625
33.6640625,26.843414306640625
33.6796875,26.871353149414062
33.6953125,26.889236450195312
33.7109375,26.910842895507812
33.7265625,26.923507690429688
33.7421875,26.927978515625
33.7578125,26.970458984375
33.7734375,26.976783752441406
33.7890625,26.986846923828125
33.8046875,27.012184143066406
33.8203125,27.03490447998047
33.8359375,27.058013916015625
33.8515625,27.066200256347656
33.8671875,27.072906494140625
33.8828125,27.10272216796875
33.8984375,27.121719360351562
33.9140625,27.131027221679688
33.9296875,27.15338134765625
33.9453125,27.16344451904297
33.9609375,27.18878173828125
33.9765625,27.19622802734375
33.9921875,27.212623596191406
34.0078125,27.233116149902344
34.0234375,27.248764038085938
34.0390625,27.264785766601562
34.0546875,27.27149200439453
34.0703125,27.29608154296875
34.0859375,27.30762481689453
34.1015625,27.327377319335938
34.1171875,27.36127471923828
34.1328125,27.370590209960938
34.1484375,27.373207092285156
34.1640625,27.38251495361328
34.1796875,27.398910522460938
34.1953125,27.417160034179688
34.2109375,27.429832458496094
34.2265625,27.429832458496094
34.2421875,27.429832458496094
34.2578125,27.45703125
34.2734375,27.476776123046875
34.2890625,27.491302490234375
34.3046875,27.501365661621094
34.3203125,27.52222442626953
34.3359375,27.524093627929688
34.3515625,27.545700073242188
34.3671875,27.555755615234375
34.3828125,27.5643310546875
34.3984375,27.595993041992188
34.4140625,27.60345458984375
34.4296875,27.613876342773438
34.4453125,27.62804412841797
34.4609375,27.63996124267578
34.4765625,27.643310546875
34.4921875,27.66790771484375
34.5078125,27.66828155517578
34.5234375,27.67125701904297
34.5390625,27.7003173828125
34.5546875,27.706649780273438
34.5703125,27.713356018066406
34.5859375,27.729751586914062
34.6015625,27.73235321044922
34.6171875,27.751731872558594
34.6328125,27.74726104736328
34.6484375,27.780052185058594
34.6640625,27.78600311279297
34.6796875,27.783767700195312
34.6953125,27.784149169921875
34.7109375,27.802772521972656
34.7265625,27.816184997558594
34.7421875,27.80835723876953
34.7578125,27.828109741210938
34.7734375,27.82959747314453
34.7890625,27.840774536132812
34.8046875,27.844879150390625
34.8203125,27.8504638671875
34.8359375,27.837051391601562
34.8515625,27.858657836914062
34.8671875,27.862380981445312
34.8828125,27.873184204101562
34.8984375,27.885482788085938
34.9140625,27.889205932617188
34.9296875,27.8865966796875
34.9453125,27.90076446533203
34.9609375,27.891822814941406
34.9765625,27.91156005859375
34.9921875,27.92236328125
35.0078125,27.929824829101562
35.0234375,27.91864776611328
35.0390625,27.937271118164062
35.0546875,27.935409545898438
35.0703125,27.934295654296875
35.0859375,27.930191040039062
35.1015625,27.938011169433594
35.1171875,27.943603515625
35.1328125,27.937271118164062
35.1484375,27.937271118164062
35.1640625,27.94024658203125
35.1796875,27.946212768554688
35.1953125,27.94397735595703
35.2109375,27.934661865234375
35.2265625,27.957763671875
35.2421875,27.946212768554688
35.2578125,27.959625244140625
35.2734375,27.957015991210938
35.2890625,27.966705322265625
35.3046875,27.965957641601562
35.3203125,27.9652099609375
35.3359375,27.977882385253906
35.3515625,27.978622436523438
35.3671875,27.984588623046875
35.3828125,27.992034912109375
35.3984375,27.9793701171875
35.4140625,27.984954833984375
35.4296875,27.995018005371094
35.4453125,28.00806427001953
35.4609375,28.014389038085938
35.4765625,28.01848602294922
35.4921875,28.009918212890625
35.5078125,28.009178161621094
35.5234375,28.025192260742188
35.5390625,28.017745971679688
35.5546875,28.02594757080078
35.5703125,28.027801513671875
35.5859375,28.025192260742188
35.6015625,28.0296630859375
35.6171875,28.02594757080078
35.6328125,28.03600311279297
35.6484375,28.034133911132812
35.6640625,28.05388641357422
35.6796875,28.046432495117188
35.6953125,28.052017211914062
35.7109375,28.04010009765625
35.7265625,28.050155639648438
35.7421875,28.05388641357422
35.7578125,28.05388641357422
35.7734375,28.067665100097656
35.7890625,28.071022033691406
35.8046875,28.05388641357422
35.8203125,28.052017211914062
35.8359375,28.052017211914062
35.8515625,28.052017211914062
35.8671875,28.034133911132812
35.8828125,28.034133911132812
35.8984375,28.031532287597656
35.9140625,28.02631378173828
35.9296875,28.016632080078125
35.9453125,28.014389038085938
35.9609375,28.00023651123047
35.9765625,27.992416381835938
35.9921875,27.981239318847656
36.0078125,27.964096069335938
36.0234375,27.949188232421875
36.0390625,27.94994354248047
36.0546875,27.94994354248047
36.0703125,27.944351196289062
36.0859375,27.930938720703125
36.1015625,27.919387817382812
36.1171875,27.9149169921875
36.1328125,27.894798278808594
36.1484375,27.902999877929688
36.1640625,27.891067504882812
36.1796875,27.867599487304688
36.1953125,27.85382080078125
36.2109375,27.83965301513672
36.2265625,27.82512664794922
36.2421875,27.82140350341797
36.2578125,27.802772521972656
36.2734375,27.78899383544922
36.2890625,27.781166076660156
36.3046875,27.7506103515625
36.3203125,27.75806427001953
36.3359375,27.72900390625
36.3515625,27.715225219726562
36.3671875,27.7003173828125
36.3828125,27.691001892089844
36.3984375,27.687278747558594
36.4140625,27.676101684570312
36.4296875,27.660079956054688
36.4453125,27.637725830078125
36.4609375,27.62915802001953
36.4765625,27.62542724609375
36.4921875,27.59972381591797
36.5078125,27.590042114257812
36.5234375,27.58221435546875
36.5390625,27.57103729248047
36.5546875,27.56134796142578
36.5703125,27.54607391357422
36.5859375,27.544952392578125
36.6015625,27.509933471679688
36.6171875,27.524093627929688
36.6328125,27.49242401123047
36.6484375,27.508811950683594
36.6640625,27.487213134765625
36.6796875,27.480873107910156
36.6953125,27.46857452392578
36.7109375,27.44287109375
36.7265625,27.42797088623047
36.7421875,27.41082763671875
36.7578125,27.406356811523438
36.7734375,27.394065856933594
36.7890625,27.37804412841797
36.8046875,27.368362426757812
36.8203125,27.361648559570312
36.8359375,27.344512939453125
36.8515625,27.338180541992188
36.8671875,27.318435668945312
36.8828125,27.30762481689453
36.8984375,27.300552368164062
36.9140625,27.277450561523438
36.9296875,27.27149200439453
36.9453125,27.268508911132812
36.9609375,27.268508911132812
36.9765625,27.250999450683594
36.9921875,27.23944854736328
37.0078125,27.233116149902344
37.0234375,27.222679138183594
37.0390625,27.21820831298828
37.0546875,27.21038818359375
37.0703125,27.191017150878906
37.0859375,27.1783447265625
37.1015625,27.176490783691406
37.1171875,27.16344451904297
37.1328125,27.161582946777344
37.1484375,27.133636474609375
37.1640625,27.12879180908203
37.1796875,27.12469482421875
37.1953125,27.11687469482422
37.2109375,27.108673095703125
37.2265625,27.09564208984375
37.2421875,27.08184814453125
37.2578125,27.064720153808594
37.2734375,27.060989379882812
37.2890625,27.044219970703125
37.3046875,27.040496826171875
37.3203125,27.023361206054688
37.3359375,27.008079528808594
37.3515625,27.012550354003906
37.3671875,26.990951538085938
37.3828125,26.995040893554688
37.3984375,26.980514526367188
37.4140625,26.960769653320312
37.4296875,26.96337127685547
37.4453125,26.94251251220703
37.4609375,26.941390991210938
37.4765625,26.93207550048828
37.4921875,26.92388916015625
37.5078125,26.904510498046875
37.5234375,26.89519500732422
37.5390625,26.896682739257812
37.5546875,26.8922119140625
37.5703125,26.887367248535156
37.5859375,26.884017944335938
37.6015625,26.871353149414062
37.6171875,26.869117736816406
37.6328125,26.86389923095703
37.6484375,26.857940673828125
37.6640625,26.851974487304688
37.6796875,26.84265899658203
37.6953125,26.838943481445312
37.7109375,26.832603454589844
37.7265625,26.82329559326172
37.7421875,26.825149536132812
37.7578125,26.818450927734375
37.7734375,26.808761596679688
37.7890625,26.800941467285156
37.8046875,26.801681518554688
37.8203125,26.800186157226562
37.8359375,26.79534912109375
37.8515625,26.792739868164062
37.8671875,26.792739868164062
37.8828125,26.787155151367188
37.8984375,26.772247314453125
37.9140625,26.778213500976562
37.9296875,26.7703857421875
37.9453125,26.757713317871094
37.9609375,26.761070251464844
37.9765625,26.756973266601562
37.9921875,26.755111694335938
38.0078125,26.77112579345703
38.0234375,26.77112579345703
38.0390625,26.75920867919922
38.0546875,26.765541076660156
38.0703125,26.778213500976562
38.0859375,26.779327392578125
38.1015625,26.775230407714844
38.1171875,26.775230407714844
38.1328125,26.78417205810547
38.1484375,26.787155151367188
38.1640625,26.786773681640625
38.1796875,26.818450927734375
38.1953125,26.82366180419922
38.2109375,26.82329559326172
38.2265625,26.840805053710938
38.2421875,26.8564453125
38.2578125,26.849365234375
38.2734375,26.867630004882812
38.2890625,26.871353149414062
38.3046875,26.90264892578125
38.3203125,26.917922973632812
38.3359375,26.93133544921875
38.3515625,26.96002197265625
38.3671875,26.965988159179688
38.3828125,26.993553161621094
38.3984375,27.005844116210938
38.4140625,27.025222778320312
38.4296875,27.04236602783203
38.4453125,27.07477569580078
38.4609375,27.08892822265625
38.4765625,27.09601593017578
38.4921875,27.116134643554688
38.5078125,27.14966583251953
38.5234375,27.16344451904297
38.5390625,27.165313720703125
38.5546875,27.194374084472656
38.5703125,27.21337127685547
38.5859375,27.236465454101562
38.6015625,27.247268676757812
38.6171875,27.26776123046875
38.6328125,27.268508911132812
38.6484375,27.28826141357422
38.6640625,27.30278778076172
38.6796875,27.305770874023438
38.6953125,27.32476806640625
38.7109375,27.338180541992188
38.7265625,27.35643768310547
38.7421875,27.35345458984375
38.7578125,27.35345458984375
38.7734375,27.376922607421875
38.7890625,27.37506103515625
38.8046875,27.377304077148438
38.8203125,27.382888793945312
38.8359375,27.407852172851562
38.8515625,27.40338134765625
38.8671875,27.416419982910156
38.8828125,27.424240112304688
38.8984375,27.454795837402344
38.9140625,27.45330810546875
38.9296875,27.46410369873047
38.9453125,27.47193145751953
38.9609375,27.49652099609375
38.9765625,27.48981475830078
38.9921875,27.50434112548828
39.0078125,27.51775360107422
39.0234375,27.542343139648438
39.0390625,27.522598266601562
39.0546875,27.551666259765625
39.0703125,27.558746337890625
39.0859375,27.566192626953125
39.1015625,27.57513427734375
39.1171875,27.590782165527344
39.1328125,27.61052703857422
39.1484375,27.612396240234375
39.1640625,27.619842529296875
39.1796875,27.62952423095703
39.1953125,27.62804412841797
39.2109375,27.652633666992188
39.2265625,27.652633666992188
39.2421875,27.66828155517578
39.2578125,27.67125701904297
39.2734375,27.687278747558594
39.2890625,27.691001892089844
39.3046875,27.7003173828125
39.3203125,27.720809936523438
39.3359375,27.719696044921875
39.3515625,27.744651794433594
39.3671875,27.742416381835938
39.3828125,27.766265869140625
39.3984375,27.766639709472656
39.4140625,27.764022827148438
39.4296875,27.779678344726562
39.4453125,27.780052185058594
39.4609375,27.796066284179688
39.4765625,27.805007934570312
39.4921875,27.81171417236328
39.5078125,27.820655822753906
39.5234375,27.82512664794922
39.5390625,27.841148376464844
39.5546875,27.840774536132812
39.5703125,27.8504638671875
39.5859375,27.86834716796875
39.6015625,27.883621215820312
39.6171875,27.881759643554688
39.6328125,27.906715393066406
39.6484375,27.923484802246094
39.6640625,27.923484802246094
39.6796875,27.92609405517578
39.6953125,27.923484802246094
39.7109375,27.937271118164062
39.7265625,27.94994354248047
39.7421875,27.94994354248047
39.7578125,27.960365295410156
39.7734375,27.969680786132812
39.7890625,27.98235321044922
39.8046875,27.980484008789062
39.8203125,28.0009765625
39.8359375,28.003219604492188
39.8515625,28.010665893554688
39.8671875,28.017005920410156
39.8828125,28.01848602294922
39.8984375,28.03265380859375
39.9140625,28.03600311279297
39.9296875,28.04754638671875
39.9453125,28.071395874023438
39.9609375,28.076980590820312
39.9765625,28.07512664794922
39.9921875,28.095611572265625
40.0078125,28.094863891601562
40.0234375,28.099334716796875
40.0390625,28.114608764648438
40.0546875,28.108657836914062
40.0703125,28.119834899902344
40.0859375,28.123184204101562
40.1015625,28.14069366455078
40.1171875,28.132492065429688
40.1328125,28.14665985107422
40.1484375,28.13324737548828
40.1640625,28.133987426757812
40.1796875,28.14777374267578
40.1953125,28.13995361328125
40.2109375,28.142555236816406
40.2265625,28.120574951171875
40.2421875,28.12615966796875
40.2578125,28.106422424316406
40.2734375,28.10455322265625
40.2890625,28.09337615966797
40.3046875,28.091888427734375
40.3203125,28.08704376220703
40.3359375,28.068038940429688
40.3515625,28.04754638671875
40.3671875,28.038238525390625
40.3828125,28.022216796875
40.3984375,28.02295684814453
40.4140625,28.005447387695312
40.4296875,27.98682403564453
40.4453125,27.969680786132812
40.4609375,27.953292846679688
40.4765625,27.941368103027344
40.4921875,27.931304931640625
40.5078125,27.898529052734375
40.5234375,27.91417694091797
40.5390625,27.883621215820312
40.5546875,27.85382080078125
40.5703125,27.85382080078125
40.5859375,27.85382080078125
40.6015625,27.823638916015625
40.6171875,27.801651000976562
40.6328125,27.805381774902344
40.6484375,27.784889221191406
40.6640625,27.761795043945312
40.6796875,27.74688720703125
40.6953125,27.733108520507812
40.7109375,27.723045349121094
40.7265625,27.687278747558594
40.7421875,27.68653106689453
40.7578125,27.68169403076172
40.7734375,27.652633666992188
40.7890625,27.643692016601562
40.8046875,27.6217041015625
40.8203125,27.61127471923828
40.8359375,27.59674835205078
40.8515625,27.576995849609375
40.8671875,27.569923400878906
40.8828125,27.558746337890625
40.8984375,27.52558135986328
40.9140625,27.513656616210938
40.9296875,27.49987030029297
40.9453125,27.500625610351562
40.9609375,27.480133056640625
40.9765625,27.46820831298828
40.9921875,27.454421997070312
41.0078125,27.442123413085938
41.0234375,27.416419982910156
41.0390625,27.411949157714844
41.0546875,27.3929443359375
41.0703125,27.376182556152344
41.0859375,27.370590209960938
41.1015625,27.357925415039062
41.1171875,27.344146728515625
41.1328125,27.328125
41.1484375,27.31098175048828
41.1640625,27.302413940429688
41.1796875,27.283790588378906
41.1953125,27.26702117919922
41.2109375,27.250625610351562
41.2265625,27.22417449951172
41.2421875,27.208900451660156
41.2578125,27.201446533203125
41.2734375,27.201446533203125
41.2890625,27.183197021484375
41.3046875,27.164932250976562
41.3203125,27.165313720703125
41.3359375,27.15338134765625
41.3515625,27.148170471191406
41.3671875,27.129165649414062
41.3828125,27.13178253173828
41.3984375,27.113525390625
41.4140625,27.11090850830078
41.4296875,27.112403869628906
41.4453125,27.113525390625
41.4609375,27.08855438232422
41.4765625,27.08855438232422
41.4921875,27.07813262939453
41.5078125,27.075897216796875
41.5234375,27.07477569580078
41.5390625,27.062850952148438
41.5546875,27.059127807617188
41.5703125,27.046836853027344
41.5859375,27.03937530517578
41.6015625,27.03937530517578
41.6171875,27.033050537109375
41.6328125,27.018890380859375
41.6484375,27.018890380859375
41.6640625,27.017776489257812
41.6796875,27.001373291015625
41.6953125,27.017776489257812
41.7109375,27.018890380859375
41.7265625,27.020751953125
41.7421875,27.0133056640625
41.7578125,27.01031494140625
41.7734375,27.016281127929688
41.7890625,27.017776489257812
41.8046875,27.019638061523438
41.8203125,27.008834838867188
41.8359375,27.00286865234375
41.8515625,27.008453369140625
41.8671875,27.023361206054688
41.8828125,27.033050537109375
41.8984375,27.03863525390625
41.9140625,27.044967651367188
41.9296875,27.054283142089844
41.9453125,27.059127807617188
41.9609375,27.069190979003906
41.9765625,27.08557891845703
41.9921875,27.084457397460938
42.0078125,27.101600646972656
42.0234375,27.111663818359375
42.0390625,27.125442504882812
42.0546875,27.135498046875
42.0703125,27.14556121826172
42.0859375,27.176490783691406
42.1015625,27.171646118164062
42.1171875,27.191383361816406
42.1328125,27.222679138183594
42.1484375,27.230140686035156
42.1640625,27.258079528808594
42.1796875,27.28192138671875
42.1953125,27.301300048828125
42.2109375,27.326629638671875
42.2265625,27.34674835205078
42.2421875,27.376922607421875
42.2578125,27.388099670410156
42.2734375,27.408973693847656
42.2890625,27.447715759277344
42.3046875,27.456283569335938
42.3203125,27.483856201171875
42.3359375,27.49987030029297
42.3515625,27.527069091796875
42.3671875,27.54607391357422
42.3828125,27.54607391357422
42.3984375,27.559860229492188
42.4140625,27.576248168945312
42.4296875,27.59674835205078
42.4453125,27.618728637695312
42.4609375,27.642196655273438
42.4765625,27.648902893066406
42.4921875,27.666046142578125
42.5078125,27.676101684570312
42.5234375,27.677223205566406
42.5390625,27.694732666015625
42.5546875,27.712234497070312
42.5703125,27.71410369873047
42.5859375,27.73235321044922
42.6015625,27.741668701171875
42.6171875,27.748382568359375
42.6328125,27.74652099609375
42.6484375,27.781906127929688
42.6640625,27.787498474121094
42.6796875,27.809112548828125
42.6953125,27.796066284179688
42.7109375,27.806503295898438
42.7265625,27.820655822753906
42.7421875,27.82176971435547
42.7578125,27.844879150390625
42.7734375,27.85382080078125
42.7890625,27.8646240234375
42.8046875,27.87989044189453
42.8203125,27.867599487304688
42.8359375,27.885482788085938
42.8515625,27.898529052734375
42.8671875,27.91417694091797
42.8828125,27.924598693847656
42.8984375,27.945838928222656
42.9140625,27.9432373046875
42.9296875,27.942855834960938
42.9453125,27.943603515625
42.9609375,27.958511352539062
42.9765625,27.967453002929688
42.9921875,27.991294860839844
43.0078125,27.995391845703125
43.0234375,28.00470733642578
43.0390625,28.016250610351562
43.0546875,28.016632080078125
43.0703125,28.03339385986328
43.0859375,28.046432495117188
43.1015625,28.044944763183594
43.1171875,28.038238525390625
43.1328125,28.067298889160156
43.1484375,28.066551208496094
43.1640625,28.063194274902344
43.1796875,28.089279174804688
43.1953125,28.09412384033203
43.2109375,28.103805541992188
43.2265625,28.099334716796875
43.2421875,28.11163330078125
43.2578125,28.11089324951172
43.2734375,28.123184204101562
43.2890625,28.123184204101562
43.3046875,28.14330291748047
43.3203125,28.14665985107422
43.3359375,28.162307739257812
43.3515625,28.162307739257812
43.3671875,28.167518615722656
43.3828125,28.17943572998047
43.3984375,28.192481994628906
43.4140625,28.198440551757812
43.4296875,28.212966918945312
43.4453125,28.216323852539062
43.4609375,28.22266387939453
43.4765625,28.21893310546875
43.4921875,28.231231689453125
43.5078125,28.24761962890625
43.5234375,28.24761962890625
43.5390625,28.259910583496094
43.5546875,28.266250610351562
43.5703125,28.270347595214844
43.5859375,28.266998291015625
43.6015625,28.27667999267578
43.6171875,28.287109375
43.6328125,28.29754638671875
43.6484375,28.29717254638672
43.6640625,28.32213592529297
43.6796875,28.31244659423828
43.6953125,28.317665100097656
43.7109375,28.307235717773438
43.7265625,28.31505584716797
43.7421875,28.328468322753906
43.7578125,28.321762084960938
43.7734375,28.336288452148438
43.7890625,28.323997497558594
43.8046875,28.32623291015625
43.8203125,28.31208038330078
43.8359375,28.317665100097656
43.8515625,28.31505584716797
43.8671875,28.310585021972656
43.8828125,28.313194274902344
43.8984375,28.29754638671875
43.9140625,28.2938232421875
43.9296875,28.285621643066406
43.9453125,28.28673553466797
43.9609375,28.266998291015625
43.9765625,28.249488830566406
43.9921875,28.25843048095703
44.0078125,28.230850219726562
44.0234375,28.22637939453125
44.0390625,28.213348388671875
44.0546875,28.21185302734375
44.0703125,28.193222045898438
44.0859375,28.16901397705078
44.1015625,28.149635314941406
44.1171875,28.148513793945312
44.1328125,28.12578582763672
44.1484375,28.120574951171875
44.1640625,28.10045623779297
44.1796875,28.089279174804688
44.1953125,28.072509765625
44.2109375,28.072509765625
44.2265625,28.0367431640625
44.2421875,28.020355224609375
44.2578125,28.007308959960938
44.2734375,27.98607635498047
44.2890625,27.963356018066406
44.3046875,27.95404052734375
44.3203125,27.93689727783203
44.3359375,27.93354034423828
44.3515625,27.912307739257812
44.3671875,27.885482788085938
44.3828125,27.864242553710938
44.3984375,27.85456085205078
44.4140625,27.848968505859375
44.4296875,27.819534301757812
44.4453125,27.799415588378906
44.4609375,27.79644012451172
44.4765625,27.777435302734375
44.4921875,27.75322723388672
44.5078125,27.744285583496094
44.5234375,27.74688720703125
44.5390625,27.7215576171875
44.5546875,27.70404815673828
44.5703125,27.70404815673828
44.5859375,27.679824829101562
44.6015625,27.67125701904297
44.6171875,27.649276733398438
44.6328125,27.655235290527344
44.6484375,27.631759643554688
44.6640625,27.622451782226562
44.6796875,27.590042114257812
44.6953125,27.595993041992188
44.7109375,27.569168090820312
44.7265625,27.566192626953125
44.7421875,27.565078735351562
44.7578125,27.53974151611328
44.7734375,27.524093627929688
44.7890625,27.536758422851562
44.8046875,27.50397491455078
44.8203125,27.501365661621094
44.8359375,27.48944854736328
44.8515625,27.476776123046875
44.8671875,27.477516174316406
44.8828125,27.46783447265625
44.8984375,27.455535888671875
44.9140625,27.451446533203125
44.9296875,27.454795837402344
44.9453125,27.43169403076172
44.9609375,27.43951416015625
44.9765625,27.415298461914062
44.9921875,27.426856994628906
45.0078125,27.416419982910156
45.0234375,27.4071044921875
45.0390625,27.397796630859375
45.0546875,27.399276733398438
45.0703125,27.398536682128906
45.0859375,27.394065856933594
45.1015625,27.372833251953125
45.1171875,27.372833251953125
45.1328125,27.3858642578125
45.1484375,27.381393432617188
45.1640625,27.373207092285156
45.1796875,27.3638916015625
45.1953125,27.362396240234375
45.2109375,27.341537475585938
45.2265625,27.347862243652344
45.2421875,27.341537475585938
45.2578125,27.338180541992188
45.2734375,27.347862243652344
45.2890625,27.32849884033203
45.3046875,27.322158813476562
45.3203125,27.32849884033203
45.3359375,27.32886505126953
45.3515625,27.334449768066406
45.3671875,27.32514190673828
45.3828125,27.306884765625
45.3984375,27.329238891601562
45.4140625,27.326263427734375
45.4296875,27.31098175048828
45.4453125,27.322532653808594
45.4609375,27.315086364746094
45.4765625,27.338180541992188
45.4921875,27.33855438232422
45.5078125,27.32849884033203
45.5234375,27.340042114257812
45.5390625,27.340042114257812
45.5546875,27.355323791503906
45.5703125,27.373947143554688
45.5859375,27.372833251953125
45.6015625,27.37804412841797
45.6171875,27.388473510742188
45.6328125,27.398162841796875
45.6484375,27.41344451904297
45.6640625,27.427223205566406
45.6796875,27.446975708007812
45.6953125,27.451446533203125
45.7109375,27.458518981933594
45.7265625,27.482742309570312
45.7421875,27.477516174316406
45.7578125,27.494659423828125
45.7734375,27.524093627929688
45.7890625,27.5360107421875
45.8046875,27.544212341308594
45.8203125,27.562461853027344
45.8359375,27.587051391601562
45.8515625,27.61127471923828
45.8671875,27.617233276367188
45.8828125,27.631393432617188
45.8984375,27.649276733398438
45.9140625,27.663055419921875
45.9296875,27.680572509765625
45.9453125,27.70105743408203
45.9609375,27.712234497070312
45.9765625,27.728256225585938
45.9921875,27.73534393310547
46.0078125,27.765518188476562
46.0234375,27.765518188476562
46.0390625,27.777816772460938
46.0546875,27.79010772705078
46.0703125,27.792343139648438
46.0859375,27.80687713623047
46.1015625,27.82140350341797
46.1171875,27.83258056640625
46.1328125,27.833702087402344
46.1484375,27.85456085205078
46.1640625,27.871322631835938
46.1796875,27.862380981445312
46.1953125,27.862380981445312
46.2109375,27.883621215820312
46.2265625,27.91417694091797
46.2421875,27.898529052734375
46.2578125,27.91417694091797
46.2734375,27.917892456054688
46.2890625,27.919761657714844
46.3046875,27.923484802246094
46.3203125,27.93354034423828
46.3359375,27.92906951904297
46.3515625,27.94024658203125
46.3671875,27.942855834960938
46.3828125,27.94994354248047
46.3984375,27.957015991210938
46.4140625,27.962600708007812
46.4296875,27.981239318847656
46.4453125,27.978622436523438
46.4609375,27.980484008789062
46.4765625,27.98235321044922
46.4921875,27.991294860839844
46.5078125,28.00023651123047
46.5234375,28.007308959960938
46.5390625,28.025192260742188
46.5546875,28.020355224609375
46.5703125,28.02892303466797
46.5859375,28.035255432128906
46.6015625,28.046432495117188
46.6171875,28.05388641357422
46.6328125,28.056869506835938
46.6484375,28.07512664794922
46.6640625,28.087417602539062
46.6796875,28.08257293701172
46.6953125,28.08704376220703
46.7109375,28.098960876464844
46.7265625,28.103805541992188
46.7421875,28.112747192382812
46.7578125,28.117599487304688
46.7734375,28.132492065429688
46.7890625,28.1295166015625
46.8046875,28.13622283935547
46.8203125,28.12615966796875
46.8359375,28.14330291748047
46.8515625,28.142189025878906
46.8671875,28.155227661132812
46.8828125,28.153732299804688
46.8984375,28.16192626953125
46.9140625,28.15484619140625
46.9296875,28.15484619140625
46.9453125,28.15484619140625
46.9609375,28.165283203125
46.9765625,28.162307739257812
46.9921875,28.17608642578125
47.0078125,28.18726348876953
47.0234375,28.1865234375
47.0390625,28.185401916503906
47.0546875,28.180931091308594
47.0703125,28.180191040039062
47.0859375,28.182052612304688
47.1015625,28.19024658203125
47.1171875,28.193222045898438
47.1328125,28.205894470214844
47.1484375,28.209991455078125
47.1640625,28.213348388671875
47.1796875,28.234580993652344
47.1953125,28.21148681640625
47.2109375,28.227500915527344
47.2265625,28.21148681640625
47.2421875,28.212966918945312
47.2578125,28.23271942138672
47.2734375,28.231231689453125
47.2890625,28.231231689453125
47.3046875,28.24054718017578
47.3203125,28.243896484375
47.3359375,28.24091339111328
47.3515625,28.25543975830078
47.3671875,28.248733520507812
47.3828125,28.245384216308594
47.3984375,28.253204345703125
47.4140625,28.249855041503906
47.4296875,28.2655029296875
47.4453125,28.270347595214844
47.4609375,28.260665893554688
47.4765625,28.266998291015625
47.4921875,28.274444580078125
47.5078125,28.281150817871094
47.5234375,28.284500122070312
47.5390625,28.277427673339844
47.5546875,28.291961669921875
47.5703125,28.29717254638672
47.5859375,28.2938232421875
47.6015625,28.30461883544922
47.6171875,28.299781799316406
47.6328125,28.310585021972656
47.6484375,28.31505584716797
47.6640625,28.314682006835938
47.6796875,28.321388244628906
47.6953125,28.307235717773438
47.7109375,28.317665100097656
47.7265625,28.328094482421875
47.7421875,28.30760955810547
47.7578125,28.313560485839844
47.7734375,28.309844970703125
47.7890625,28.292701721191406
47.8046875,28.288604736328125
47.8203125,28.275558471679688
47.8359375,28.26513671875
47.8515625,28.26513671875
47.8671875,28.26214599609375
47.8828125,28.256561279296875
47.8984375,28.24091339111328
47.9140625,28.23681640625
47.9296875,28.21148681640625
47.9453125,28.195083618164062
47.9609375,28.184661865234375
47.9765625,28.177200317382812
47.9921875,28.15484619140625
48.0078125,28.14777374267578
48.0234375,28.136962890625
48.0390625,28.11536407470703
48.0546875,28.109771728515625
48.0703125,28.09375
48.0859375,28.07996368408203
48.1015625,28.0792236328125
48.1171875,28.05462646484375
48.1328125,28.052017211914062
48.1484375,28.030418395996094
48.1640625,28.025192260742188
48.1796875,28.010299682617188
48.1953125,27.98719024658203
48.2109375,27.991661071777344
48.2265625,27.96782684326172
48.2421875,27.941741943359375
48.2578125,27.9432373046875
48.2734375,27.92236328125
48.2890625,27.929824829101562
48.3046875,27.91417694091797
48.3203125,27.912307739257812
48.3359375,27.891067504882812
48.3515625,27.879150390625
48.3671875,27.87989044189453
48.3828125,27.844879150390625
48.3984375,27.837799072265625
48.4140625,27.823265075683594
48.4296875,27.81842041015625
48.4453125,27.820655822753906
48.4609375,27.80426025390625
48.4765625,27.787498474121094
48.4921875,27.784149169921875
48.5078125,27.765884399414062
48.5234375,27.75434112548828
48.5390625,27.747634887695312
48.5546875,27.738319396972656
48.5703125,27.728256225585938
48.5859375,27.710372924804688
48.6015625,27.703292846679688
48.6171875,27.68653106689453
48.6328125,27.683929443359375
48.6484375,27.66790771484375
48.6640625,27.652633666992188
48.6796875,27.651878356933594
48.6953125,27.63623046875
48.7109375,27.626548767089844
48.7265625,27.620216369628906
48.7421875,27.618728637695312
48.7578125,27.60717010498047
48.7734375,27.60717010498047
48.7890625,27.597488403320312
48.8046875,27.6004638671875
48.8203125,27.584449768066406
48.8359375,27.584449768066406
48.8515625,27.57476043701172
48.8671875,27.56134796142578
48.8828125,27.564697265625
48.8984375,27.536758422851562
48.9140625,27.542724609375
48.9296875,27.530799865722656
48.9453125,27.542343139648438
48.9609375,27.523345947265625
48.9765625,27.508811950683594
48.9921875,27.49987030029297
49.0078125,27.50434112548828
49.0234375,27.487213134765625
49.0390625,27.476776123046875
49.0546875,27.476402282714844
49.0703125,27.465599060058594
49.0859375,27.458892822265625
49.1015625,27.463363647460938
49.1171875,27.46038818359375
49.1328125,27.44957733154297
49.1484375,27.452560424804688
49.1640625,27.4354248046875
49.1796875,27.440269470214844
49.1953125,27.430572509765625
49.2109375,27.429832458496094
49.2265625,27.437652587890625
49.2421875,27.42797088623047
49.2578125,27.42089080810547
49.2734375,27.41381072998047
49.2890625,27.418655395507812
49.3046875,27.409713745117188
49.3203125,27.41455841064453
49.3359375,27.413070678710938
49.3515625,27.40003204345703
49.3671875,27.39630126953125
49.3828125,27.399276733398438
49.3984375,27.382888793945312
49.4140625,27.386619567871094
49.4296875,27.384384155273438
49.4453125,27.382888793945312
49.4609375,27.376922607421875
49.4765625,27.376182556152344
49.4921875,27.37804412841797
49.5078125,27.370216369628906
49.5234375,27.362396240234375
49.5390625,27.36426544189453
49.5546875,27.362396240234375
49.5703125,27.35345458984375
49.5859375,27.358673095703125
49.6015625,27.3638916015625
49.6171875,27.356063842773438
49.6328125,27.344146728515625
49.6484375,27.365005493164062
49.6640625,27.365005493164062
49.6796875,27.365005493164062
49.6953125,27.369102478027344
49.7109375,27.36761474609375
49.7265625,27.370216369628906
49.7421875,27.379531860351562
49.7578125,27.390335083007812
49.7734375,27.397796630859375
49.7890625,27.399276733398438
49.8046875,27.402633666992188
49.8203125,27.42797088623047
49.8359375,27.446975708007812
49.8515625,27.454795837402344
49.8671875,27.466720581054688
49.8828125,27.477516174316406
49.8984375,27.487953186035156
49.9140625,27.500625610351562
49.9296875,27.53192138671875
49.9453125,27.54309844970703
49.9609375,27.55651092529297
49.9765625,27.57140350341797
49.9921875,27.583335876464844
50.0078125,27.6004638671875
50.0234375,27.624313354492188
50.0390625,27.640335083007812
50.0546875,27.6571044921875
50.0703125,27.679824829101562
50.0859375,27.69287109375
50.1015625,27.71410369873047
50.1171875,27.741668701171875
50.1328125,27.751731872558594
50.1484375,27.769615173339844
50.1640625,27.806503295898438
50.1796875,27.82624053955078
50.1953125,27.83258056640625
50.2109375,27.84375762939453
50.2265625,27.863876342773438
50.2421875,27.883621215820312
50.2578125,27.88995361328125
50.2734375,27.912307739257812
50.2890625,27.93354034423828
50.3046875,27.93242645263672
50.3203125,27.944717407226562
50.3359375,27.953659057617188
50.3515625,27.959625244140625
50.3671875,27.98235321044922
50.3828125,27.9793701171875
50.3984375,28.012901306152344
50.4140625,28.03265380859375
50.4296875,28.027061462402344
50.4453125,28.049415588378906
50.4609375,28.071022033691406
50.4765625,28.052017211914062
50.4921875,28.078102111816406
50.5078125,28.074371337890625
50.5234375,28.085182189941406
50.5390625,28.099716186523438
50.5546875,28.100830078125
50.5703125,28.107162475585938
50.5859375,28.107162475585938
50.6015625,28.114242553710938
50.6171875,28.12281036376953
50.6328125,28.13324737548828
50.6484375,28.12877655029297
50.6640625,28.141815185546875
50.6796875,28.144424438476562
50.6953125,28.152984619140625
50.7109375,28.14777374267578
50.7265625,28.13622283935547
50.7421875,28.160438537597656
50.7578125,28.16864013671875
50.7734375,28.16192626953125
50.7890625,28.167518615722656
50.8046875,28.160438537597656
50.8203125,28.153732299804688
50.8359375,28.165283203125
50.8515625,28.160438537597656
50.8671875,28.167518615722656
50.8828125,28.16901397705078
50.8984375,28.173484802246094
50.9140625,28.177200317382812
50.9296875,28.173484802246094
50.9453125,28.181671142578125
50.9609375,28.177200317382812
50.9765625,28.189498901367188
50.9921875,28.192108154296875
51.0078125,28.185028076171875
51.0234375,28.1865234375
51.0390625,28.191368103027344
51.0546875,28.19769287109375
51.0703125,28.195083618164062
51.0859375,28.20030975341797
51.1015625,28.193222045898438
51.1171875,28.202545166015625
51.1328125,28.20067596435547
51.1484375,28.21185302734375
51.1640625,28.216323852539062
51.1796875,28.223777770996094
51.1953125,28.216323852539062
51.2109375,28.227134704589844
51.2265625,28.231231689453125
51.2421875,28.235702514648438
51.2578125,28.243896484375
51.2734375,28.246871948242188
51.2890625,28.25507354736328
51.3046875,28.257308959960938
51.3203125,28.263267517089844
51.3359375,28.27184295654297
51.3515625,28.277427673339844
51.3671875,28.285255432128906
51.3828125,28.285621643066406
51.3984375,28.291961669921875
51.4140625,28.293075561523438
51.4296875,28.318031311035156
51.4453125,28.31915283203125
51.4609375,28.31915283203125
51.4765625,28.332199096679688
51.4921875,28.347091674804688
51.5078125,28.347091674804688
51.5234375,28.35491943359375
51.5390625,28.36199951171875
51.5546875,28.370567321777344
51.5703125,28.370567321777344
51.5859375,28.38361358642578
51.6015625,28.373916625976562
51.6171875,28.385467529296875
51.6328125,28.402976989746094
51.6484375,28.40186309814453
51.6640625,28.42943572998047
51.6796875,28.420860290527344
51.6953125,28.425331115722656
51.7109375,28.432418823242188
51.7265625,28.42943572998047
51.7421875,28.44061279296875
51.7578125,28.443214416503906
51.7734375,28.456626892089844
51.7890625,28.44805908203125
51.8046875,28.47003936767578
51.8203125,28.457382202148438
51.8359375,28.46259307861328
51.8515625,28.457748413085938
51.8671875,28.454025268554688
51.8828125,28.456626892089844
51.8984375,28.45477294921875
51.9140625,28.438003540039062
51.9296875,28.442474365234375
51.9453125,28.439498901367188
51.9609375,28.425331115722656
51.9765625,28.42943572998047
51.9921875,28.414154052734375
52.0078125,28.3944091796875
52.0234375,28.392555236816406
52.0390625,28.396652221679688
52.0546875,28.376907348632812
52.0703125,28.375411987304688
52.0859375,28.370567321777344
52.1015625,28.378768920898438
52.1171875,28.36199951171875
52.1328125,28.3441162109375
52.1484375,28.3515625
52.1640625,28.342254638671875
52.1796875,28.342254638671875
52.1953125,28.318405151367188
52.2109375,28.31208038330078
52.2265625,28.30760955810547
52.2421875,28.296798706054688
52.2578125,28.293075561523438
52.2734375,28.285255432128906
52.2890625,28.27593994140625
52.3046875,28.26513671875
52.3203125,28.25879669189453
52.3359375,28.245758056640625
52.3515625,28.23681640625
52.3671875,28.231231689453125
52.3828125,28.207382202148438
52.3984375,28.21148681640625
52.4140625,28.191368103027344
52.4296875,28.191368103027344
52.4453125,28.17943572998047
52.4609375,28.177200317382812
52.4765625,28.155967712402344
52.4921875,28.14665985107422
52.5078125,28.14330291748047
52.5234375,28.128021240234375
52.5390625,28.12281036376953
52.5546875,28.10455322265625
52.5703125,28.101577758789062
52.5859375,28.08704376220703
52.6015625,28.07586669921875
52.6171875,28.067665100097656
52.6328125,28.038238525390625
52.6484375,28.04345703125
52.6640625,28.031532287597656
52.6796875,28.021102905273438
52.6953125,28.014389038085938
52.7109375,27.995018005371094
52.7265625,27.999488830566406
52.7421875,27.971542358398438
52.7578125,27.971176147460938
52.7734375,27.958511352539062
52.7890625,27.94994354248047
52.8046875,27.940628051757812
52.8203125,27.94024658203125
52.8359375,27.933914184570312
52.8515625,27.930564880371094
52.8671875,27.9149169921875
52.8828125,27.902999877929688
52.8984375,27.891067504882812
52.9140625,27.883621215820312
52.9296875,27.86871337890625
52.9453125,27.859031677246094
52.9609375,27.85456085205078
52.9765625,27.838912963867188
52.9921875,27.835556030273438
53.0078125,27.828109741210938
53.0234375,27.819168090820312
53.0390625,27.81171417236328
53.0546875,27.8001708984375
53.0703125,27.797935485839844
53.0859375,27.79383087158203
53.1015625,27.77594757080078
53.1171875,27.78228759765625
53.1328125,27.764022827148438
53.1484375,27.765884399414062
53.1640625,27.749496459960938
53.1796875,27.751731872558594
53.1953125,27.7435302734375
53.2109375,27.73198699951172
53.2265625,27.710372924804688
53.2421875,27.71410369873047
53.2578125,27.703292846679688
53.2734375,27.69957733154297
53.2890625,27.680198669433594
53.3046875,27.681320190429688
53.3203125,27.677223205566406
53.3359375,27.677223205566406
53.3515625,27.677223205566406
53.3671875,27.666046142578125
53.3828125,27.659339904785156
53.3984375,27.652633666992188
53.4140625,27.642196655273438
53.4296875,27.63623046875
53.4453125,27.629898071289062
53.4609375,27.63288116455078
53.4765625,27.624313354492188
53.4921875,27.61760711669922
53.5078125,27.612396240234375
53.5234375,27.595993041992188
53.5390625,27.595252990722656
53.5546875,27.581100463867188
53.5703125,27.579978942871094
53.5859375,27.566192626953125
53.6015625,27.566192626953125
53.6171875,27.556137084960938
53.6328125,27.54644775390625
53.6484375,27.551666259765625
53.6640625,27.545700073242188
53.6796875,27.540481567382812
53.6953125,27.533782958984375
53.7109375,27.542343139648438
53.7265625,27.524093627929688
53.7421875,27.515518188476562
53.7578125,27.524093627929688
53.7734375,27.513656616210938
53.7890625,27.506210327148438
53.8046875,27.505836486816406
53.8203125,27.498390197753906
53.8359375,27.498390197753906
53.8515625,27.4857177734375
53.8671875,27.476776123046875
53.8828125,27.477516174316406
53.8984375,27.473045349121094
53.9140625,27.48645782470703
53.9296875,27.46709442138672
53.9453125,27.46410369873047
53.9609375,27.47119140625
53.9765625,27.458518981933594
53.9921875,27.44957733154297
54.0078125,27.458518981933594
54.0234375,27.44324493408203
54.0390625,27.442123413085938
54.0546875,27.42498779296875
54.0703125,27.43951416015625
54.0859375,27.426101684570312
54.1015625,27.41455841064453
54.1171875,27.423500061035156
54.1328125,27.40338134765625
54.1484375,27.404869079589844
54.1640625,27.39556121826172
54.1796875,27.40338134765625
54.1953125,27.398536682128906
54.2109375,27.398162841796875
54.2265625,27.398536682128906
54.2421875,27.398162841796875
